[2026-05-31 13:43:43,592] ip-172-31-20-158/INFO/locust.main: Starting Locust 2.44.0
[2026-05-31 13:43:43,592] ip-172-31-20-158/WARNING/locust.main: --run-time, --users or --spawn-rate have no impact on LoadShapes unless the shape class explicitly reads them. See: docs.locust.io/en/stable/custom-load-shape.html#use-common-options
[2026-05-31 13:43:43,592] ip-172-31-20-158/WARNING/locust.main: The following option(s) will be ignored: --run-time
[2026-05-31 13:43:43,593] ip-172-31-20-158/INFO/locust.runners: Shape test starting.
Type     Name                                                                          # reqs      # fails |    Avg     Min     Max    Med |   req/s  failures/s
--------|----------------------------------------------------------------------------|-------|-------------|-------|-------|-------|-------|--------|-----------
--------|----------------------------------------------------------------------------|-------|-------------|-------|-------|-------|-------|--------|-----------
         Aggregated                                                                         0     0(0.00%) |      0       0       0      0 |    0.00        0.00

[2026-05-31 13:43:43,594] ip-172-31-20-158/INFO/locust.runners: Shape worker starting
[2026-05-31 13:43:43,594] ip-172-31-20-158/INFO/locust.runners: Shape test updating to 60 users at 2.00 spawn rate
[2026-05-31 13:43:43,594] ip-172-31-20-158/INFO/locust.runners: Ramping to 60 users at a rate of 2.00 per second
Type     Name                                                                          # reqs      # fails |    Avg     Min     Max    Med |   req/s  failures/s
--------|----------------------------------------------------------------------------|-------|-------------|-------|-------|-------|-------|--------|-----------
POST     /api/book                                                                          3     0(0.00%) |    316     181     389    380 |    0.00        0.00
GET      /api/concerts                                                                      1     0(0.00%) |      4       4       4      4 |    0.00        0.00
GET      /health                                                                            1     0(0.00%) |     44      44      44     44 |    0.00        0.00
--------|----------------------------------------------------------------------------|-------|-------------|-------|-------|-------|-------|--------|-----------
         Aggregated                                                                         5     0(0.00%) |    199       4     389    180 |    0.00        0.00

Type     Name                                                                          # reqs      # fails |    Avg     Min     Max    Med |   req/s  failures/s
--------|----------------------------------------------------------------------------|-------|-------------|-------|-------|-------|-------|--------|-----------
POST     /api/book                                                                          8     0(0.00%) |    326     132     523    380 |    1.50        0.00
GET      /api/concerts                                                                      3     0(0.00%) |      3       2       4      4 |    0.50        0.00
GET      /health                                                                            1     0(0.00%) |     44      44      44     44 |    0.50        0.00
--------|----------------------------------------------------------------------------|-------|-------------|-------|-------|-------|-------|--------|-----------
         Aggregated                                                                        12     0(0.00%) |    222       2     523    140 |    2.50        0.00

Type     Name                                                                          # reqs      # fails |    Avg     Min     Max    Med |   req/s  failures/s
--------|----------------------------------------------------------------------------|-------|-------------|-------|-------|-------|-------|--------|-----------
POST     /api/book                                                                         17     0(0.00%) |    589     132    1166    520 |    1.50        0.00
GET      /api/concerts                                                                      5     0(0.00%) |     17       2      51      5 |    0.75        0.00
GET      /health                                                                            1     0(0.00%) |     44      44      44     44 |    0.25        0.00
--------|----------------------------------------------------------------------------|-------|-------------|-------|-------|-------|-------|--------|-----------
         Aggregated                                                                        23     0(0.00%) |    441       2    1166    430 |    2.50        0.00

Type     Name                                                                          # reqs      # fails |    Avg     Min     Max    Med |   req/s  failures/s
--------|----------------------------------------------------------------------------|-------|-------------|-------|-------|-------|-------|--------|-----------
POST     /api/book                                                                         24     0(0.00%) |    546     132    1166    440 |    2.33        0.00
GET      /api/concerts                                                                      6     0(0.00%) |     15       2      51      5 |    0.83        0.00
GET      /health                                                                            3     0(0.00%) |     16       2      44      3 |    0.17        0.00
--------|----------------------------------------------------------------------------|-------|-------------|-------|-------|-------|-------|--------|-----------
         Aggregated                                                                        33     0(0.00%) |    402       2    1166    390 |    3.33        0.00

Type     Name                                                                          # reqs      # fails |    Avg     Min     Max    Med |   req/s  failures/s
--------|----------------------------------------------------------------------------|-------|-------------|-------|-------|-------|-------|--------|-----------
POST     /api/book                                                                         32     0(0.00%) |    810     132    1936    530 |    2.88        0.00
GET      /api/concerts                                                                      9     0(0.00%) |     27       2      69     19 |    0.75        0.00
GET      /health                                                                            4     0(0.00%) |     13       2      44      3 |    0.38        0.00
--------|----------------------------------------------------------------------------|-------|-------------|-------|-------|-------|-------|--------|-----------
         Aggregated                                                                        45     0(0.00%) |    583       2    1936    430 |    4.00        0.00

Type     Name                                                                          # reqs      # fails |    Avg     Min     Max    Med |   req/s  failures/s
--------|----------------------------------------------------------------------------|-------|-------------|-------|-------|-------|-------|--------|-----------
POST     /api/book                                                                         38     0(0.00%) |   1002     132    2546    820 |    3.00        0.00
GET      /api/concerts                                                                      9     0(0.00%) |     27       2      69     19 |    0.80        0.00
GET      /health                                                                            7     0(0.00%) |     11       2      44      4 |    0.40        0.00
--------|----------------------------------------------------------------------------|-------|-------------|-------|-------|-------|-------|--------|-----------
         Aggregated                                                                        54     0(0.00%) |    711       2    2546    430 |    4.20        0.00

Type     Name                                                                          # reqs      # fails |    Avg     Min     Max    Med |   req/s  failures/s
--------|----------------------------------------------------------------------------|-------|-------------|-------|-------|-------|-------|--------|-----------
POST     /api/book                                                                         46     0(0.00%) |   1358     132    3612   1000 |    3.40        0.00
GET      /api/concerts                                                                      9     0(0.00%) |     27       2      69     19 |    0.80        0.00
GET      /health                                                                            8     0(0.00%) |     36       2     211      4 |    0.60        0.00
--------|----------------------------------------------------------------------------|-------|-------------|-------|-------|-------|-------|--------|-----------
         Aggregated                                                                        63     0(0.00%) |   1000       2    3612    520 |    4.80        0.00

Type     Name                                                                          # reqs      # fails |    Avg     Min     Max    Med |   req/s  failures/s
--------|----------------------------------------------------------------------------|-------|-------------|-------|-------|-------|-------|--------|-----------
POST     /api/book                                                                         49     0(0.00%) |   1520     132    4258   1100 |    3.50        0.00
GET      /api/concerts                                                                     10     0(0.00%) |     33       2      86     19 |    0.70        0.00
GET      /health                                                                           10     0(0.00%) |     46       2     211      4 |    0.70        0.00
--------|----------------------------------------------------------------------------|-------|-------------|-------|-------|-------|-------|--------|-----------
         Aggregated                                                                        69     0(0.00%) |   1090       2    4258    520 |    4.90        0.00

Type     Name                                                                          # reqs      # fails |    Avg     Min     Max    Med |   req/s  failures/s
--------|----------------------------------------------------------------------------|-------|-------------|-------|-------|-------|-------|--------|-----------
POST     /api/book                                                                         58     0(0.00%) |   2063     132    5949   1800 |    3.50        0.00
GET      /api/concerts                                                                     11     0(0.00%) |     36       2      86     25 |    0.50        0.00
GET      /health                                                                           12     0(0.00%) |     62       2     211     15 |    0.90        0.00
--------|----------------------------------------------------------------------------|-------|-------------|-------|-------|-------|-------|--------|-----------
         Aggregated                                                                        81     0(0.00%) |   1491       2    5949    770 |    4.90        0.00

Type     Name                                                                          # reqs      # fails |    Avg     Min     Max    Med |   req/s  failures/s
--------|----------------------------------------------------------------------------|-------|-------------|-------|-------|-------|-------|--------|-----------
POST     /api/book                                                                         69     0(0.00%) |   2671     132    7257   1900 |    3.10        0.00
GET      /api/concerts                                                                     14     0(0.00%) |     56       2     197     52 |    0.40        0.00
GET      /health                                                                           14     0(0.00%) |     90       2     393     33 |    0.90        0.00
--------|----------------------------------------------------------------------------|-------|-------------|-------|-------|-------|-------|--------|-----------
         Aggregated                                                                        97     0(0.00%) |   1921       2    7257    890 |    4.40        0.00

Type     Name                                                                          # reqs      # fails |    Avg     Min     Max    Med |   req/s  failures/s
--------|----------------------------------------------------------------------------|-------|-------------|-------|-------|-------|-------|--------|-----------
POST     /api/book                                                                         73     0(0.00%) |   2843     132    7257   2100 |    3.60        0.00
GET      /api/concerts                                                                     15     0(0.00%) |    109       2     843     61 |    0.60        0.00
GET      /health                                                                           16     0(0.00%) |    181       2    1081     45 |    0.90        0.00
--------|----------------------------------------------------------------------------|-------|-------------|-------|-------|-------|-------|--------|-----------
         Aggregated                                                                       104     0(0.00%) |   2039       2    7257    930 |    5.10        0.00

Type     Name                                                                          # reqs      # fails |    Avg     Min     Max    Med |   req/s  failures/s
--------|----------------------------------------------------------------------------|-------|-------------|-------|-------|-------|-------|--------|-----------
POST     /api/book                                                                         73     0(0.00%) |   2843     132    7257   2100 |    3.60        0.00
GET      /api/concerts                                                                     16     0(0.00%) |    141       2     843     61 |    0.60        0.00
GET      /health                                                                           16     0(0.00%) |    181       2    1081     45 |    0.90        0.00
--------|----------------------------------------------------------------------------|-------|-------------|-------|-------|-------|-------|--------|-----------
         Aggregated                                                                       105     0(0.00%) |   2026       2    7257    930 |    5.10        0.00

Type     Name                                                                          # reqs      # fails |    Avg     Min     Max    Med |   req/s  failures/s
--------|----------------------------------------------------------------------------|-------|-------------|-------|-------|-------|-------|--------|-----------
POST     /api/book                                                                         74     0(0.00%) |   2917     132    8258   2100 |    3.40        0.00
GET      /api/concerts                                                                     16     0(0.00%) |    141       2     843     61 |    0.70        0.00
GET      /health                                                                           17     0(0.00%) |    361       2    3242    130 |    0.80        0.00
--------|----------------------------------------------------------------------------|-------|-------------|-------|-------|-------|-------|--------|-----------
         Aggregated                                                                       107     0(0.00%) |   2096       2    8258   1000 |    4.90        0.00

Type     Name                                                                          # reqs      # fails |    Avg     Min     Max    Med |   req/s  failures/s
--------|----------------------------------------------------------------------------|-------|-------------|-------|-------|-------|-------|--------|-----------
POST     /api/book                                                                        108     0(0.00%) |   4396     132   10380   4300 |    2.50        0.00
GET      /api/concerts                                                                     18     0(0.00%) |    343       2    3900     61 |    0.60        0.00
GET      /health                                                                           19     0(0.00%) |    453       2    3242    140 |    0.70        0.00
--------|----------------------------------------------------------------------------|-------|-------------|-------|-------|-------|-------|--------|-----------
         Aggregated                                                                       145     0(0.00%) |   3376       2   10380   2500 |    3.80        0.00

[2026-05-31 13:44:12,646] ip-172-31-20-158/INFO/locust.runners: All users spawned: {"TicketingUser": 60} (60 total users)
Type     Name                                                                          # reqs      # fails |    Avg     Min     Max    Med |   req/s  failures/s
--------|----------------------------------------------------------------------------|-------|-------------|-------|-------|-------|-------|--------|-----------
POST     /api/book                                                                        108     0(0.00%) |   4396     132   10380   4300 |    4.40        0.00
GET      /api/concerts                                                                     19     0(0.00%) |    330       2    3900     64 |    0.80        0.00
GET      /health                                                                           20     0(0.00%) |    452       2    3242    140 |    0.60        0.00
--------|----------------------------------------------------------------------------|-------|-------------|-------|-------|-------|-------|--------|-----------
         Aggregated                                                                       147     0(0.00%) |   3334       2   10380   2300 |    5.80        0.00

Type     Name                                                                          # reqs      # fails |    Avg     Min     Max    Med |   req/s  failures/s
--------|----------------------------------------------------------------------------|-------|-------------|-------|-------|-------|-------|--------|-----------
POST     /api/book                                                                        108     0(0.00%) |   4396     132   10380   4300 |    4.20        0.00
GET      /api/concerts                                                                     20     0(0.00%) |    314       2    3900     61 |    0.50        0.00
GET      /health                                                                           23     0(0.00%) |    574       2    3271    140 |    0.60        0.00
--------|----------------------------------------------------------------------------|-------|-------------|-------|-------|-------|-------|--------|-----------
         Aggregated                                                                       151     0(0.00%) |   3273       2   10380   2100 |    5.30        0.00

Type     Name                                                                          # reqs      # fails |    Avg     Min     Max    Med |   req/s  failures/s
--------|----------------------------------------------------------------------------|-------|-------------|-------|-------|-------|-------|--------|-----------
POST     /api/book                                                                        109     0(0.00%) |   4464     132   11764   4900 |    3.70        0.00
GET      /api/concerts                                                                     21     0(0.00%) |    457       2    3900     64 |    0.50        0.00
GET      /health                                                                           23     0(0.00%) |    574       2    3271    140 |    0.70        0.00
--------|----------------------------------------------------------------------------|-------|-------------|-------|-------|-------|-------|--------|-----------
         Aggregated                                                                       153     0(0.00%) |   3329       2   11764   2300 |    4.90        0.00

Type     Name                                                                          # reqs      # fails |    Avg     Min     Max    Med |   req/s  failures/s
--------|----------------------------------------------------------------------------|-------|-------------|-------|-------|-------|-------|--------|-----------
POST     /api/book                                                                        109     0(0.00%) |   4464     132   11764   4900 |    3.70        0.00
GET      /api/concerts                                                                     21     0(0.00%) |    457       2    3900     64 |    0.50        0.00
GET      /health                                                                           23     0(0.00%) |    574       2    3271    140 |    0.70        0.00
--------|----------------------------------------------------------------------------|-------|-------------|-------|-------|-------|-------|--------|-----------
         Aggregated                                                                       153     0(0.00%) |   3329       2   11764   2300 |    4.90        0.00

Type     Name                                                                          # reqs      # fails |    Avg     Min     Max    Med |   req/s  failures/s
--------|----------------------------------------------------------------------------|-------|-------------|-------|-------|-------|-------|--------|-----------
POST     /api/book                                                                        128     0(0.00%) |   5376     132   15292   5500 |    3.50        0.00
GET      /api/concerts                                                                     22     0(0.00%) |    577       2    3900     64 |    0.50        0.00
GET      /health                                                                           23     0(0.00%) |    574       2    3271    140 |    0.60        0.00
--------|----------------------------------------------------------------------------|-------|-------------|-------|-------|-------|-------|--------|-----------
         Aggregated                                                                       173     0(0.00%) |   4127       2   15292   3300 |    4.60        0.00

Type     Name                                                                          # reqs      # fails |    Avg     Min     Max    Med |   req/s  failures/s
--------|----------------------------------------------------------------------------|-------|-------------|-------|-------|-------|-------|--------|-----------
POST     /api/book                                                                        131     0(0.00%) |   5492     132   15292   5600 |    2.30        0.00
GET      /api/concerts                                                                     24     0(0.00%) |    608       2    3900     69 |    0.40        0.00
GET      /health                                                                           23     0(0.00%) |    574       2    3271    140 |    0.60        0.00
--------|----------------------------------------------------------------------------|-------|-------------|-------|-------|-------|-------|--------|-----------
         Aggregated                                                                       178     0(0.00%) |   4198       2   15292   3300 |    3.30        0.00

Type     Name                                                                          # reqs      # fails |    Avg     Min     Max    Med |   req/s  failures/s
--------|----------------------------------------------------------------------------|-------|-------------|-------|-------|-------|-------|--------|-----------
POST     /api/book                                                                        172     0(0.00%) |   6914     132   19146   6300 |    2.30        0.00
GET      /api/concerts                                                                     28     0(0.00%) |    591       2    3900     69 |    0.50        0.00
GET      /health                                                                           25     0(0.00%) |    554       2    3271    140 |    0.40        0.00
--------|----------------------------------------------------------------------------|-------|-------------|-------|-------|-------|-------|--------|-----------
         Aggregated                                                                       225     0(0.00%) |   5420       2   19146   4900 |    3.20        0.00

Type     Name                                                                          # reqs      # fails |    Avg     Min     Max    Med |   req/s  failures/s
--------|----------------------------------------------------------------------------|-------|-------------|-------|-------|-------|-------|--------|-----------
POST     /api/book                                                                        172     0(0.00%) |   6914     132   19146   6300 |    5.00        0.00
GET      /api/concerts                                                                     32     0(0.00%) |    523       2    3900     64 |    0.90        0.00
GET      /health                                                                           28     0(0.00%) |    506       2    3271    140 |    0.20        0.00
--------|----------------------------------------------------------------------------|-------|-------------|-------|-------|-------|-------|--------|-----------
         Aggregated                                                                       232     0(0.00%) |   5259       2   19146   4300 |    6.10        0.00

Type     Name                                                                          # reqs      # fails |    Avg     Min     Max    Med |   req/s  failures/s
--------|----------------------------------------------------------------------------|-------|-------------|-------|-------|-------|-------|--------|-----------
POST     /api/book                                                                        172     0(0.00%) |   6914     132   19146   6300 |    5.00        0.00
GET      /api/concerts                                                                     32     0(0.00%) |    523       2    3900     64 |    0.90        0.00
GET      /health                                                                           28     0(0.00%) |    506       2    3271    140 |    0.20        0.00
--------|----------------------------------------------------------------------------|-------|-------------|-------|-------|-------|-------|--------|-----------
         Aggregated                                                                       232     0(0.00%) |   5259       2   19146   4300 |    6.10        0.00

Type     Name                                                                          # reqs      # fails |    Avg     Min     Max    Med |   req/s  failures/s
--------|----------------------------------------------------------------------------|-------|-------------|-------|-------|-------|-------|--------|-----------
POST     /api/book                                                                        172     0(0.00%) |   6914     132   19146   6300 |    5.00        0.00
GET      /api/concerts                                                                     32     0(0.00%) |    523       2    3900     64 |    0.90        0.00
GET      /health                                                                           28     0(0.00%) |    506       2    3271    140 |    0.20        0.00
--------|----------------------------------------------------------------------------|-------|-------------|-------|-------|-------|-------|--------|-----------
         Aggregated                                                                       232     0(0.00%) |   5259       2   19146   4300 |    6.10        0.00

Type     Name                                                                          # reqs      # fails |    Avg     Min     Max    Med |   req/s  failures/s
--------|----------------------------------------------------------------------------|-------|-------------|-------|-------|-------|-------|--------|-----------
POST     /api/book                                                                        176     4(2.27%) |   6875     132   19146   6300 |    4.50        0.00
GET      /api/concerts                                                                     34     1(2.94%) |    801       2    5594     68 |    1.00        0.00
GET      /health                                                                           28     0(0.00%) |    506       2    3271    140 |    0.50        0.00
--------|----------------------------------------------------------------------------|-------|-------------|-------|-------|-------|-------|--------|-----------
         Aggregated                                                                       238     5(2.10%) |   5258       2   19146   4300 |    6.00        0.00

Type     Name                                                                          # reqs      # fails |    Avg     Min     Max    Med |   req/s  failures/s
--------|----------------------------------------------------------------------------|-------|-------------|-------|-------|-------|-------|--------|-----------
POST     /api/book                                                                        204     4(1.96%) |   7136     116   19146   7200 |    4.50        0.40
GET      /api/concerts                                                                     35     1(2.86%) |    778       2    5594     68 |    0.90        0.10
GET      /health                                                                           28     0(0.00%) |    506       2    3271    140 |    0.50        0.00
--------|----------------------------------------------------------------------------|-------|-------------|-------|-------|-------|-------|--------|-----------
         Aggregated                                                                       267     5(1.87%) |   5607       2   19146   5400 |    5.90        0.50

Type     Name                                                                          # reqs      # fails |    Avg     Min     Max    Med |   req/s  failures/s
--------|----------------------------------------------------------------------------|-------|-------------|-------|-------|-------|-------|--------|-----------
POST     /api/book                                                                        240     4(1.67%) |   7277     116   19146   8200 |    3.00        0.40
GET      /api/concerts                                                                     38     1(2.63%) |    718       2    5594     61 |    0.60        0.10
GET      /health                                                                           30     0(0.00%) |    475       2    3271    140 |    0.40        0.00
--------|----------------------------------------------------------------------------|-------|-------------|-------|-------|-------|-------|--------|-----------
         Aggregated                                                                       308     5(1.62%) |   5805       2   19146   5600 |    4.00        0.50

Type     Name                                                                          # reqs      # fails |    Avg     Min     Max    Med |   req/s  failures/s
--------|----------------------------------------------------------------------------|-------|-------------|-------|-------|-------|-------|--------|-----------
POST     /api/book                                                                        243     4(1.65%) |   7189     116   19146   8100 |    6.60        0.40
GET      /api/concerts                                                                     42     1(2.38%) |    662       2    5594     61 |    0.40        0.10
GET      /health                                                                           34     0(0.00%) |    422       2    3271     88 |    0.20        0.00
--------|----------------------------------------------------------------------------|-------|-------------|-------|-------|-------|-------|--------|-----------
         Aggregated                                                                       319     5(1.57%) |   5608       2   19146   5500 |    7.20        0.50

Type     Name                                                                          # reqs      # fails |    Avg     Min     Max    Med |   req/s  failures/s
--------|----------------------------------------------------------------------------|-------|-------------|-------|-------|-------|-------|--------|-----------
POST     /api/book                                                                        246     4(1.63%) |   7103     109   19146   8000 |    6.90        0.40
GET      /api/concerts                                                                     44     1(2.27%) |    679       2    5594     64 |    0.90        0.10
GET      /health                                                                           36     0(0.00%) |    422       2    3271     88 |    0.60        0.00
--------|----------------------------------------------------------------------------|-------|-------------|-------|-------|-------|-------|--------|-----------
         Aggregated                                                                       326     5(1.53%) |   5498       2   19146   5500 |    8.40        0.50

Type     Name                                                                          # reqs      # fails |    Avg     Min     Max    Med |   req/s  failures/s
--------|----------------------------------------------------------------------------|-------|-------------|-------|-------|-------|-------|--------|-----------
POST     /api/book                                                                        250     4(1.60%) |   6991     109   19146   8000 |    7.30        0.40
GET      /api/concerts                                                                     44     1(2.27%) |    679       2    5594     64 |    1.20        0.10
GET      /health                                                                           36     0(0.00%) |    422       2    3271     88 |    0.70        0.00
--------|----------------------------------------------------------------------------|-------|-------------|-------|-------|-------|-------|--------|-----------
         Aggregated                                                                       330     5(1.52%) |   5433       2   19146   5400 |    9.20        0.50

Type     Name                                                                          # reqs      # fails |    Avg     Min     Max    Med |   req/s  failures/s
--------|----------------------------------------------------------------------------|-------|-------------|-------|-------|-------|-------|--------|-----------
POST     /api/book                                                                        254     4(1.57%) |   6883     109   19146   7400 |    7.40        0.40
GET      /api/concerts                                                                     44     1(2.27%) |    679       2    5594     64 |    1.20        0.10
GET      /health                                                                           36     0(0.00%) |    422       2    3271     88 |    0.80        0.00
--------|----------------------------------------------------------------------------|-------|-------------|-------|-------|-------|-------|--------|-----------
         Aggregated                                                                       334     5(1.50%) |   5370       2   19146   5200 |    9.40        0.50

Type     Name                                                                          # reqs      # fails |    Avg     Min     Max    Med |   req/s  failures/s
--------|----------------------------------------------------------------------------|-------|-------------|-------|-------|-------|-------|--------|-----------
POST     /api/book                                                                        260     4(1.54%) |   6803     109   19146   7300 |    6.60        0.00
GET      /api/concerts                                                                     44     1(2.27%) |    679       2    5594     64 |    1.00        0.00
GET      /health                                                                           36     0(0.00%) |    422       2    3271     88 |    0.80        0.00
--------|----------------------------------------------------------------------------|-------|-------------|-------|-------|-------|-------|--------|-----------
         Aggregated                                                                       340     5(1.47%) |   5335       2   19146   5200 |    8.40        0.00

Type     Name                                                                          # reqs      # fails |    Avg     Min     Max    Med |   req/s  failures/s
--------|----------------------------------------------------------------------------|-------|-------------|-------|-------|-------|-------|--------|-----------
POST     /api/book                                                                        321     5(1.56%) |   7250      61   19146   8600 |    2.00        0.00
GET      /api/concerts                                                                     44     1(2.27%) |    679       2    5594     64 |    0.80        0.00
GET      /health                                                                           37     0(0.00%) |    411       2    3271     88 |    0.70        0.00
--------|----------------------------------------------------------------------------|-------|-------------|-------|-------|-------|-------|--------|-----------
         Aggregated                                                                       402     6(1.49%) |   5902       2   19146   6100 |    3.50        0.00

Type     Name                                                                          # reqs      # fails |    Avg     Min     Max    Med |   req/s  failures/s
--------|----------------------------------------------------------------------------|-------|-------------|-------|-------|-------|-------|--------|-----------
POST     /api/book                                                                        333     8(2.40%) |   7007       1   19146   8500 |    5.20        0.00
GET      /api/concerts                                                                     55     3(5.45%) |    550       1    5594     47 |    0.30        0.00
GET      /health                                                                           38     0(0.00%) |    401       2    3271     47 |    0.20        0.00
--------|----------------------------------------------------------------------------|-------|-------------|-------|-------|-------|-------|--------|-----------
         Aggregated                                                                       426    11(2.58%) |   5584       1   19146   5500 |    5.70        0.00

Type     Name                                                                          # reqs      # fails |    Avg     Min     Max    Med |   req/s  failures/s
--------|----------------------------------------------------------------------------|-------|-------------|-------|-------|-------|-------|--------|-----------
POST     /api/book                                                                        340     8(2.35%) |   6902       1   19146   8300 |    8.60        0.40
GET      /api/concerts                                                                     59     3(5.08%) |    521       1    5594     47 |    0.70        0.20
GET      /health                                                                           42     0(0.00%) |    385       2    3271     47 |    0.30        0.00
--------|----------------------------------------------------------------------------|-------|-------------|-------|-------|-------|-------|--------|-----------
         Aggregated                                                                       441    11(2.49%) |   5427       1   19146   5400 |    9.60        0.60

Type     Name                                                                          # reqs      # fails |    Avg     Min     Max    Med |   req/s  failures/s
--------|----------------------------------------------------------------------------|-------|-------------|-------|-------|-------|-------|--------|-----------
POST     /api/book                                                                        350     8(2.29%) |   6804       1   19146   8000 |    8.90        0.40
GET      /api/concerts                                                                     62     3(4.84%) |    516       1    5594     47 |    1.40        0.20
GET      /health                                                                           44     0(0.00%) |    376       2    3271     47 |    0.60        0.00
--------|----------------------------------------------------------------------------|-------|-------------|-------|-------|-------|-------|--------|-----------
         Aggregated                                                                       456    11(2.41%) |   5329       1   19146   4900 |   10.90        0.60

Type     Name                                                                          # reqs      # fails |    Avg     Min     Max    Med |   req/s  failures/s
--------|----------------------------------------------------------------------------|-------|-------------|-------|-------|-------|-------|--------|-----------
POST     /api/book                                                                        372     8(2.15%) |   6607       1   19146   7200 |    9.10        0.40
GET      /api/concerts                                                                     62     3(4.84%) |    516       1    5594     47 |    1.60        0.20
GET      /health                                                                           44     0(0.00%) |    376       2    3271     47 |    0.80        0.00
--------|----------------------------------------------------------------------------|-------|-------------|-------|-------|-------|-------|--------|-----------
         Aggregated                                                                       478    11(2.30%) |   5243       1   19146   4300 |   11.50        0.60

Type     Name                                                                          # reqs      # fails |    Avg     Min     Max    Med |   req/s  failures/s
--------|----------------------------------------------------------------------------|-------|-------------|-------|-------|-------|-------|--------|-----------
POST     /api/book                                                                        407     8(1.97%) |   6484       1   19146   6800 |   11.10        0.40
GET      /api/concerts                                                                     66     3(4.55%) |    501       1    5594     47 |    1.80        0.20
GET      /health                                                                           46     0(0.00%) |    360       2    3271     45 |    0.80        0.00
--------|----------------------------------------------------------------------------|-------|-------------|-------|-------|-------|-------|--------|-----------
         Aggregated                                                                       519    11(2.12%) |   5181       1   19146   4300 |   13.70        0.60

Type     Name                                                                          # reqs      # fails |    Avg     Min     Max    Med |   req/s  failures/s
--------|----------------------------------------------------------------------------|-------|-------------|-------|-------|-------|-------|--------|-----------
POST     /api/book                                                                        412     8(1.94%) |   6446       1   19146   6500 |   10.00        0.40
GET      /api/concerts                                                                     73     3(4.11%) |    469       1    5594     52 |    2.10        0.20
GET      /health                                                                           48     0(0.00%) |    355       2    3271     47 |    1.00        0.00
--------|----------------------------------------------------------------------------|-------|-------------|-------|-------|-------|-------|--------|-----------
         Aggregated                                                                       533    11(2.06%) |   5079       1   19146   4100 |   13.10        0.60

Type     Name                                                                          # reqs      # fails |    Avg     Min     Max    Med |   req/s  failures/s
--------|----------------------------------------------------------------------------|-------|-------------|-------|-------|-------|-------|--------|-----------
POST     /api/book                                                                        430     8(1.86%) |   6335       1   19146   6200 |    8.00        0.00
GET      /api/concerts                                                                     78     3(3.85%) |    485       1    5594     60 |    2.20        0.00
GET      /health                                                                           49     0(0.00%) |    374       2    3271     88 |    1.00        0.00
--------|----------------------------------------------------------------------------|-------|-------------|-------|-------|-------|-------|--------|-----------
         Aggregated                                                                       557    11(1.97%) |   4991       1   19146   3900 |   11.20        0.00

Type     Name                                                                          # reqs      # fails |    Avg     Min     Max    Med |   req/s  failures/s
--------|----------------------------------------------------------------------------|-------|-------------|-------|-------|-------|-------|--------|-----------
POST     /api/book                                                                        450     8(1.78%) |   6209       1   19146   5800 |    8.40        0.00
GET      /api/concerts                                                                     84     3(3.57%) |    458       1    5594     61 |    1.90        0.00
GET      /health                                                                           51     0(0.00%) |    361       2    3271     49 |    0.70        0.00
--------|----------------------------------------------------------------------------|-------|-------------|-------|-------|-------|-------|--------|-----------
         Aggregated                                                                       585    11(1.88%) |   4874       1   19146   3800 |   11.00        0.00

Type     Name                                                                          # reqs      # fails |    Avg     Min     Max    Med |   req/s  failures/s
--------|----------------------------------------------------------------------------|-------|-------------|-------|-------|-------|-------|--------|-----------
POST     /api/book                                                                        457     8(1.75%) |   6146       1   19146   5800 |    9.70        0.00
GET      /api/concerts                                                                     86     3(3.49%) |    449       1    5594     61 |    2.00        0.00
GET      /health                                                                           54     0(0.00%) |    346       2    3271     47 |    0.60        0.00
--------|----------------------------------------------------------------------------|-------|-------------|-------|-------|-------|-------|--------|-----------
         Aggregated                                                                       597    11(1.84%) |   4801       1   19146   3700 |   12.30        0.00

Type     Name                                                                          # reqs      # fails |    Avg     Min     Max    Med |   req/s  failures/s
--------|----------------------------------------------------------------------------|-------|-------------|-------|-------|-------|-------|--------|-----------
POST     /api/book                                                                        479     8(1.67%) |   6043       1   19146   5600 |    8.60        0.00
GET      /api/concerts                                                                     87     3(3.45%) |    446       1    5594     63 |    2.30        0.00
GET      /health                                                                           55     0(0.00%) |    340       2    3271     47 |    0.90        0.00
--------|----------------------------------------------------------------------------|-------|-------------|-------|-------|-------|-------|--------|-----------
         Aggregated                                                                       621    11(1.77%) |   4754       1   19146   3600 |   11.80        0.00

Type     Name                                                                          # reqs      # fails |    Avg     Min     Max    Med |   req/s  failures/s
--------|----------------------------------------------------------------------------|-------|-------------|-------|-------|-------|-------|--------|-----------
POST     /api/book                                                                        510     8(1.57%) |   5991       1   19146   5500 |    7.40        0.00
GET      /api/concerts                                                                     90     3(3.33%) |    433       1    5594     63 |    2.20        0.00
GET      /health                                                                           59     0(0.00%) |    339       2    3271     47 |    0.80        0.00
--------|----------------------------------------------------------------------------|-------|-------------|-------|-------|-------|-------|--------|-----------
         Aggregated                                                                       659    11(1.67%) |   4726       1   19146   3600 |   10.40        0.00

Type     Name                                                                          # reqs      # fails |    Avg     Min     Max    Med |   req/s  failures/s
--------|----------------------------------------------------------------------------|-------|-------------|-------|-------|-------|-------|--------|-----------
POST     /api/book                                                                        521     8(1.54%) |   5928       1   19146   5500 |    9.30        0.00
GET      /api/concerts                                                                     95     3(3.16%) |    413       1    5594     61 |    1.60        0.00
GET      /health                                                                           60     0(0.00%) |    335       2    3271     47 |    1.00        0.00
--------|----------------------------------------------------------------------------|-------|-------------|-------|-------|-------|-------|--------|-----------
         Aggregated                                                                       676    11(1.63%) |   4656       1   19146   3500 |   11.90        0.00

Type     Name                                                                          # reqs      # fails |    Avg     Min     Max    Med |   req/s  failures/s
--------|----------------------------------------------------------------------------|-------|-------------|-------|-------|-------|-------|--------|-----------
POST     /api/book                                                                        542     8(1.48%) |   5795       1   19146   5100 |    9.50        0.00
GET      /api/concerts                                                                    100     3(3.00%) |    403       1    5594     60 |    1.80        0.00
GET      /health                                                                           62     0(0.00%) |    333       2    3271     49 |    1.10        0.00
--------|----------------------------------------------------------------------------|-------|-------------|-------|-------|-------|-------|--------|-----------
         Aggregated                                                                       704    11(1.56%) |   4548       1   19146   3500 |   12.40        0.00

Type     Name                                                                          # reqs      # fails |    Avg     Min     Max    Med |   req/s  failures/s
--------|----------------------------------------------------------------------------|-------|-------------|-------|-------|-------|-------|--------|-----------
POST     /api/book                                                                        549     8(1.46%) |   5757       1   19146   5100 |    9.60        0.00
GET      /api/concerts                                                                    103     3(2.91%) |    392       1    5594     60 |    2.00        0.00
GET      /health                                                                           63     0(0.00%) |    328       2    3271     49 |    1.10        0.00
--------|----------------------------------------------------------------------------|-------|-------------|-------|-------|-------|-------|--------|-----------
         Aggregated                                                                       715    11(1.54%) |   4506       1   19146   3500 |   12.70        0.00

Type     Name                                                                          # reqs      # fails |    Avg     Min     Max    Med |   req/s  failures/s
--------|----------------------------------------------------------------------------|-------|-------------|-------|-------|-------|-------|--------|-----------
POST     /api/book                                                                        565     8(1.42%) |   5725       1   19146   5100 |    9.10        0.00
GET      /api/concerts                                                                    106     3(2.83%) |    383       1    5594     60 |    1.80        0.00
GET      /health                                                                           65     0(0.00%) |    365       2    3271     57 |    1.00        0.00
--------|----------------------------------------------------------------------------|-------|-------------|-------|-------|-------|-------|--------|-----------
         Aggregated                                                                       736    11(1.49%) |   4483       1   19146   3400 |   11.90        0.00

Type     Name                                                                          # reqs      # fails |    Avg     Min     Max    Med |   req/s  failures/s
--------|----------------------------------------------------------------------------|-------|-------------|-------|-------|-------|-------|--------|-----------
POST     /api/book                                                                        608     8(1.32%) |   5642       1   19146   5000 |    8.80        0.00
GET      /api/concerts                                                                    109     3(2.75%) |    377       1    5594     60 |    1.80        0.00
GET      /health                                                                           65     0(0.00%) |    365       2    3271     57 |    1.00        0.00
--------|----------------------------------------------------------------------------|-------|-------------|-------|-------|-------|-------|--------|-----------
         Aggregated                                                                       782    11(1.41%) |   4469       1   19146   3500 |   11.60        0.00

Type     Name                                                                          # reqs      # fails |    Avg     Min     Max    Med |   req/s  failures/s
--------|----------------------------------------------------------------------------|-------|-------------|-------|-------|-------|-------|--------|-----------
POST     /api/book                                                                        615     8(1.30%) |   5596       1   19146   4900 |    9.90        0.00
GET      /api/concerts                                                                    113     3(2.65%) |    365       1    5594     60 |    1.80        0.00
GET      /health                                                                           67     0(0.00%) |    361       2    3271     57 |    0.70        0.00
--------|----------------------------------------------------------------------------|-------|-------------|-------|-------|-------|-------|--------|-----------
         Aggregated                                                                       795    11(1.38%) |   4411       1   19146   3300 |   12.40        0.00

Type     Name                                                                          # reqs      # fails |    Avg     Min     Max    Med |   req/s  failures/s
--------|----------------------------------------------------------------------------|-------|-------------|-------|-------|-------|-------|--------|-----------
POST     /api/book                                                                        622     8(1.29%) |   5563       1   19146   4800 |    9.80        0.00
GET      /api/concerts                                                                    113     3(2.65%) |    365       1    5594     60 |    1.90        0.00
GET      /health                                                                           67     0(0.00%) |    361       2    3271     57 |    0.70        0.00
--------|----------------------------------------------------------------------------|-------|-------------|-------|-------|-------|-------|--------|-----------
         Aggregated                                                                       802    11(1.37%) |   4396       1   19146   3300 |   12.40        0.00

Type     Name                                                                          # reqs      # fails |    Avg     Min     Max    Med |   req/s  failures/s
--------|----------------------------------------------------------------------------|-------|-------------|-------|-------|-------|-------|--------|-----------
POST     /api/book                                                                        633     8(1.26%) |   5526       1   19146   4600 |    8.40        0.00
GET      /api/concerts                                                                    113     3(2.65%) |    365       1    5594     60 |    1.30        0.00
GET      /health                                                                           67     0(0.00%) |    361       2    3271     57 |    0.60        0.00
--------|----------------------------------------------------------------------------|-------|-------------|-------|-------|-------|-------|--------|-----------
         Aggregated                                                                       813    11(1.35%) |   4383       1   19146   3300 |   10.30        0.00

Type     Name                                                                          # reqs      # fails |    Avg     Min     Max    Med |   req/s  failures/s
--------|----------------------------------------------------------------------------|-------|-------------|-------|-------|-------|-------|--------|-----------
POST     /api/book                                                                        674     8(1.19%) |   5498       1   19146   4700 |    8.00        0.00
GET      /api/concerts                                                                    118     3(2.54%) |    351       1    5594     56 |    1.00        0.00
GET      /health                                                                           67     0(0.00%) |    361       2    3271     57 |    0.40        0.00
--------|----------------------------------------------------------------------------|-------|-------------|-------|-------|-------|-------|--------|-----------
         Aggregated                                                                       859    11(1.28%) |   4390       1   19146   3500 |    9.40        0.00

Type     Name                                                                          # reqs      # fails |    Avg     Min     Max    Med |   req/s  failures/s
--------|----------------------------------------------------------------------------|-------|-------------|-------|-------|-------|-------|--------|-----------
POST     /api/book                                                                        694     8(1.15%) |   5470       1   19146   4700 |   10.70        0.00
GET      /api/concerts                                                                    127     3(2.36%) |    329       1    5594     52 |    0.90        0.00
GET      /health                                                                           69     0(0.00%) |    351       2    3271     57 |    0.30        0.00
--------|----------------------------------------------------------------------------|-------|-------------|-------|-------|-------|-------|--------|-----------
         Aggregated                                                                       890    11(1.24%) |   4340       1   19146   3400 |   11.90        0.00

Type     Name                                                                          # reqs      # fails |    Avg     Min     Max    Med |   req/s  failures/s
--------|----------------------------------------------------------------------------|-------|-------------|-------|-------|-------|-------|--------|-----------
POST     /api/book                                                                        708     8(1.13%) |   5415       1   19146   4500 |    8.60        0.00
GET      /api/concerts                                                                    128     3(2.34%) |    327       1    5594     50 |    1.60        0.00
GET      /health                                                                           70     0(0.00%) |    348       2    3271     57 |    0.40        0.00
--------|----------------------------------------------------------------------------|-------|-------------|-------|-------|-------|-------|--------|-----------
         Aggregated                                                                       906    11(1.21%) |   4305       1   19146   3300 |   10.60        0.00

Type     Name                                                                          # reqs      # fails |    Avg     Min     Max    Med |   req/s  failures/s
--------|----------------------------------------------------------------------------|-------|-------------|-------|-------|-------|-------|--------|-----------
POST     /api/book                                                                        719     8(1.11%) |   5371       1   19146   4400 |    8.90        0.00
GET      /api/concerts                                                                    131     3(2.29%) |    320       1    5594     50 |    1.50        0.00
GET      /health                                                                           71     0(0.00%) |    343       2    3271     57 |    0.30        0.00
--------|----------------------------------------------------------------------------|-------|-------------|-------|-------|-------|-------|--------|-----------
         Aggregated                                                                       921    11(1.19%) |   4265       1   19146   3200 |   10.70        0.00

Type     Name                                                                          # reqs      # fails |    Avg     Min     Max    Med |   req/s  failures/s
--------|----------------------------------------------------------------------------|-------|-------------|-------|-------|-------|-------|--------|-----------
POST     /api/book                                                                        729     8(1.10%) |   5346       1   19146   4300 |    9.10        0.00
GET      /api/concerts                                                                    134     3(2.24%) |    313       1    5594     47 |    1.70        0.00
GET      /health                                                                           72     0(0.00%) |    338       2    3271     49 |    0.40        0.00
--------|----------------------------------------------------------------------------|-------|-------------|-------|-------|-------|-------|--------|-----------
         Aggregated                                                                       935    11(1.18%) |   4239       1   19146   3200 |   11.20        0.00

Type     Name                                                                          # reqs      # fails |    Avg     Min     Max    Med |   req/s  failures/s
--------|----------------------------------------------------------------------------|-------|-------------|-------|-------|-------|-------|--------|-----------
POST     /api/book                                                                        779     8(1.03%) |   5315       1   19146   4400 |    9.80        0.00
GET      /api/concerts                                                                    140     3(2.14%) |    302       1    5594     47 |    1.90        0.00
GET      /health                                                                           72     0(0.00%) |    338       2    3271     49 |    0.50        0.00
--------|----------------------------------------------------------------------------|-------|-------------|-------|-------|-------|-------|--------|-----------
         Aggregated                                                                       991    11(1.11%) |   4245       1   19146   3300 |   12.20        0.00

Type     Name                                                                          # reqs      # fails |    Avg     Min     Max    Med |   req/s  failures/s
--------|----------------------------------------------------------------------------|-------|-------------|-------|-------|-------|-------|--------|-----------
POST     /api/book                                                                        790     8(1.01%) |   5256       1   19146   4300 |    9.90        0.00
GET      /api/concerts                                                                    148     3(2.03%) |    289       1    5594     44 |    2.30        0.00
GET      /health                                                                           79     0(0.00%) |    317       2    3271     55 |    0.50        0.00
--------|----------------------------------------------------------------------------|-------|-------------|-------|-------|-------|-------|--------|-----------
         Aggregated                                                                      1017    11(1.08%) |   4149       1   19146   3200 |   12.70        0.00

Type     Name                                                                          # reqs      # fails |    Avg     Min     Max    Med |   req/s  failures/s
--------|----------------------------------------------------------------------------|-------|-------------|-------|-------|-------|-------|--------|-----------
POST     /api/book                                                                        798     8(1.00%) |   5221       1   19146   4200 |    9.70        0.00
GET      /api/concerts                                                                    150     3(2.00%) |    287       1    5594     47 |    2.30        0.00
GET      /health                                                                           84     0(0.00%) |    304       2    3271     50 |    0.70        0.00
--------|----------------------------------------------------------------------------|-------|-------------|-------|-------|-------|-------|--------|-----------
         Aggregated                                                                      1032    11(1.07%) |   4104       1   19146   3100 |   12.70        0.00

Type     Name                                                                          # reqs      # fails |    Avg     Min     Max    Med |   req/s  failures/s
--------|----------------------------------------------------------------------------|-------|-------------|-------|-------|-------|-------|--------|-----------
POST     /api/book                                                                        815     8(0.98%) |   5171       1   19146   4100 |    9.30        0.00
GET      /api/concerts                                                                    156     3(1.92%) |    280       1    5594     44 |    2.30        0.00
GET      /health                                                                           85     0(0.00%) |    301       2    3271     55 |    1.40        0.00
--------|----------------------------------------------------------------------------|-------|-------------|-------|-------|-------|-------|--------|-----------
         Aggregated                                                                      1056    11(1.04%) |   4057       1   19146   3100 |   13.00        0.00

Type     Name                                                                          # reqs      # fails |    Avg     Min     Max    Med |   req/s  failures/s
--------|----------------------------------------------------------------------------|-------|-------------|-------|-------|-------|-------|--------|-----------
POST     /api/book                                                                        825     8(0.97%) |   5137       1   19146   4100 |    9.00        0.00
GET      /api/concerts                                                                    159     3(1.89%) |    279       1    5594     47 |    2.40        0.00
GET      /health                                                                           86     0(0.00%) |    298       2    3271     50 |    1.40        0.00
--------|----------------------------------------------------------------------------|-------|-------------|-------|-------|-------|-------|--------|-----------
         Aggregated                                                                      1070    11(1.03%) |   4027       1   19146   3000 |   12.80        0.00

Type     Name                                                                          # reqs      # fails |    Avg     Min     Max    Med |   req/s  failures/s
--------|----------------------------------------------------------------------------|-------|-------------|-------|-------|-------|-------|--------|-----------
POST     /api/book                                                                        866     8(0.92%) |   5160       1   19146   4200 |    9.60        0.00
GET      /api/concerts                                                                    164     3(1.83%) |    287       1    5594     44 |    2.60        0.00
GET      /health                                                                           86     0(0.00%) |    298       2    3271     50 |    1.40        0.00
--------|----------------------------------------------------------------------------|-------|-------------|-------|-------|-------|-------|--------|-----------
         Aggregated                                                                      1116    11(0.99%) |   4069       1   19146   3100 |   13.60        0.00

Type     Name                                                                          # reqs      # fails |    Avg     Min     Max    Med |   req/s  failures/s
--------|----------------------------------------------------------------------------|-------|-------------|-------|-------|-------|-------|--------|-----------
POST     /api/book                                                                        875     8(0.91%) |   5132       1   19146   4200 |    8.10        0.00
GET      /api/concerts                                                                    170     3(1.76%) |    278       1    5594     44 |    2.60        0.00
GET      /health                                                                           87     0(0.00%) |    294       2    3271     50 |    1.40        0.00
--------|----------------------------------------------------------------------------|-------|-------------|-------|-------|-------|-------|--------|-----------
         Aggregated                                                                      1132    11(0.97%) |   4031       1   19146   3100 |   12.10        0.00

Type     Name                                                                          # reqs      # fails |    Avg     Min     Max    Med |   req/s  failures/s
--------|----------------------------------------------------------------------------|-------|-------------|-------|-------|-------|-------|--------|-----------
POST     /api/book                                                                        887     8(0.90%) |   5094       1   19146   4100 |    8.60        0.00
GET      /api/concerts                                                                    172     3(1.74%) |    276       1    5594     46 |    2.20        0.00
GET      /health                                                                           88     0(0.00%) |    293       2    3271     50 |    1.00        0.00
--------|----------------------------------------------------------------------------|-------|-------------|-------|-------|-------|-------|--------|-----------
         Aggregated                                                                      1147    11(0.96%) |   4003       1   19146   3000 |   11.80        0.00

Type     Name                                                                          # reqs      # fails |    Avg     Min     Max    Med |   req/s  failures/s
--------|----------------------------------------------------------------------------|-------|-------------|-------|-------|-------|-------|--------|-----------
POST     /api/book                                                                        898     8(0.89%) |   5062       1   19146   4100 |    8.90        0.00
GET      /api/concerts                                                                    175     3(1.71%) |    272       1    5594     44 |    2.10        0.00
GET      /health                                                                           89     0(0.00%) |    290       2    3271     50 |    0.50        0.00
--------|----------------------------------------------------------------------------|-------|-------------|-------|-------|-------|-------|--------|-----------
         Aggregated                                                                      1162    11(0.95%) |   3975       1   19146   2900 |   11.50        0.00

Type     Name                                                                          # reqs      # fails |    Avg     Min     Max    Med |   req/s  failures/s
--------|----------------------------------------------------------------------------|-------|-------------|-------|-------|-------|-------|--------|-----------
POST     /api/book                                                                        912     8(0.88%) |   5032       1   19146   4000 |    9.30        0.00
GET      /api/concerts                                                                    179     3(1.68%) |    268       1    5594     46 |    2.00        0.00
GET      /health                                                                           91     0(0.00%) |    288       2    3271     50 |    0.40        0.00
--------|----------------------------------------------------------------------------|-------|-------------|-------|-------|-------|-------|--------|-----------
         Aggregated                                                                      1182    11(0.93%) |   3945       1   19146   2900 |   11.70        0.00

Type     Name                                                                          # reqs      # fails |    Avg     Min     Max    Med |   req/s  failures/s
--------|----------------------------------------------------------------------------|-------|-------------|-------|-------|-------|-------|--------|-----------
POST     /api/book                                                                        959     8(0.83%) |   5040       1   19146   4100 |    8.30        0.00
GET      /api/concerts                                                                    184     3(1.63%) |    261       1    5594     44 |    1.90        0.00
GET      /health                                                                           94     0(0.00%) |    280       2    3271     50 |    0.40        0.00
--------|----------------------------------------------------------------------------|-------|-------------|-------|-------|-------|-------|--------|-----------
         Aggregated                                                                      1237    11(0.89%) |   3968       1   19146   3000 |   10.60        0.00

Type     Name                                                                          # reqs      # fails |    Avg     Min     Max    Med |   req/s  failures/s
--------|----------------------------------------------------------------------------|-------|-------------|-------|-------|-------|-------|--------|-----------
POST     /api/book                                                                        967     8(0.83%) |   5008       1   19146   4100 |   10.80        0.00
GET      /api/concerts                                                                    193     3(1.55%) |    251       1    5594     42 |    1.70        0.00
GET      /health                                                                           95     0(0.00%) |    278       2    3271     55 |    0.80        0.00
--------|----------------------------------------------------------------------------|-------|-------------|-------|-------|-------|-------|--------|-----------
         Aggregated                                                                      1255    11(0.88%) |   3918       1   19146   2900 |   13.30        0.00

Type     Name                                                                          # reqs      # fails |    Avg     Min     Max    Med |   req/s  failures/s
--------|----------------------------------------------------------------------------|-------|-------------|-------|-------|-------|-------|--------|-----------
POST     /api/book                                                                        972     8(0.82%) |   4996       1   19146   4000 |    9.30        0.00
GET      /api/concerts                                                                    195     3(1.54%) |    253       1    5594     42 |    2.40        0.00
GET      /health                                                                           97     0(0.00%) |    273       2    3271     55 |    0.90        0.00
--------|----------------------------------------------------------------------------|-------|-------------|-------|-------|-------|-------|--------|-----------
         Aggregated                                                                      1264    11(0.87%) |   3902       1   19146   2800 |   12.60        0.00

Type     Name                                                                          # reqs      # fails |    Avg     Min     Max    Med |   req/s  failures/s
--------|----------------------------------------------------------------------------|-------|-------------|-------|-------|-------|-------|--------|-----------
POST     /api/book                                                                        989     8(0.81%) |   4965       1   19146   4000 |    8.50        0.00
GET      /api/concerts                                                                    197     3(1.52%) |    250       1    5594     42 |    2.30        0.00
GET      /health                                                                           98     0(0.00%) |    271       2    3271     51 |    0.90        0.00
--------|----------------------------------------------------------------------------|-------|-------------|-------|-------|-------|-------|--------|-----------
         Aggregated                                                                      1284    11(0.86%) |   3883       1   19146   2800 |   11.70        0.00

Type     Name                                                                          # reqs      # fails |    Avg     Min     Max    Med |   req/s  failures/s
--------|----------------------------------------------------------------------------|-------|-------------|-------|-------|-------|-------|--------|-----------
POST     /api/book                                                                        997     8(0.80%) |   4943       1   19146   3900 |    8.50        0.00
GET      /api/concerts                                                                    200     3(1.50%) |    247       1    5594     42 |    2.20        0.00
GET      /health                                                                           99     0(0.00%) |    269       2    3271     55 |    0.80        0.00
--------|----------------------------------------------------------------------------|-------|-------------|-------|-------|-------|-------|--------|-----------
         Aggregated                                                                      1296    11(0.85%) |   3861       1   19146   2800 |   11.50        0.00

Type     Name                                                                          # reqs      # fails |    Avg     Min     Max    Med |   req/s  failures/s
--------|----------------------------------------------------------------------------|-------|-------------|-------|-------|-------|-------|--------|-----------
POST     /api/book                                                                       1043     8(0.77%) |   4994       1   19146   4000 |    9.20        0.00
GET      /api/concerts                                                                    201     3(1.49%) |    247       1    5594     42 |    2.20        0.00
GET      /health                                                                          100     0(0.00%) |    266       2    3271     51 |    0.80        0.00
--------|----------------------------------------------------------------------------|-------|-------------|-------|-------|-------|-------|--------|-----------
         Aggregated                                                                      1344    11(0.82%) |   3932       1   19146   2900 |   12.20        0.00

Type     Name                                                                          # reqs      # fails |    Avg     Min     Max    Med |   req/s  failures/s
--------|----------------------------------------------------------------------------|-------|-------------|-------|-------|-------|-------|--------|-----------
POST     /api/book                                                                       1058     8(0.76%) |   4953       1   19146   4000 |    6.80        0.00
GET      /api/concerts                                                                    212     3(1.42%) |    238       1    5594     42 |    2.10        0.00
GET      /health                                                                          103     0(0.00%) |    259       2    3271     50 |    0.60        0.00
--------|----------------------------------------------------------------------------|-------|-------------|-------|-------|-------|-------|--------|-----------
         Aggregated                                                                      1373    11(0.80%) |   3873       1   19146   2800 |    9.50        0.00

Type     Name                                                                          # reqs      # fails |    Avg     Min     Max    Med |   req/s  failures/s
--------|----------------------------------------------------------------------------|-------|-------------|-------|-------|-------|-------|--------|-----------
POST     /api/book                                                                       1069     8(0.75%) |   4923       1   19146   3900 |    8.50        0.00
GET      /api/concerts                                                                    218     3(1.38%) |    233       1    5594     42 |    1.30        0.00
GET      /health                                                                          107     0(0.00%) |    253       2    3271     51 |    0.60        0.00
--------|----------------------------------------------------------------------------|-------|-------------|-------|-------|-------|-------|--------|-----------
         Aggregated                                                                      1394    11(0.79%) |   3831       1   19146   2700 |   10.40        0.00

Type     Name                                                                          # reqs      # fails |    Avg     Min     Max    Med |   req/s  failures/s
--------|----------------------------------------------------------------------------|-------|-------------|-------|-------|-------|-------|--------|-----------
POST     /api/book                                                                       1077     8(0.74%) |   4905       1   19146   3900 |    9.40        0.00
GET      /api/concerts                                                                    222     3(1.35%) |    233       1    5594     43 |    2.20        0.00
GET      /health                                                                          107     0(0.00%) |    253       2    3271     51 |    0.90        0.00
--------|----------------------------------------------------------------------------|-------|-------------|-------|-------|-------|-------|--------|-----------
         Aggregated                                                                      1406    11(0.78%) |   3814       1   19146   2700 |   12.50        0.00

Type     Name                                                                          # reqs      # fails |    Avg     Min     Max    Med |   req/s  failures/s
--------|----------------------------------------------------------------------------|-------|-------------|-------|-------|-------|-------|--------|-----------
POST     /api/book                                                                       1096     8(0.73%) |   4867       1   19146   3900 |    9.40        0.00
GET      /api/concerts                                                                    226     3(1.33%) |    230       1    5594     43 |    2.40        0.00
GET      /health                                                                          109     0(0.00%) |    249       2    3271     50 |    1.00        0.00
--------|----------------------------------------------------------------------------|-------|-------------|-------|-------|-------|-------|--------|-----------
         Aggregated                                                                      1431    11(0.77%) |   3783       1   19146   2700 |   12.80        0.00

Type     Name                                                                          # reqs      # fails |    Avg     Min     Max    Med |   req/s  failures/s
--------|----------------------------------------------------------------------------|-------|-------------|-------|-------|-------|-------|--------|-----------
POST     /api/book                                                                       1136     8(0.70%) |   4870       1   19146   3900 |    9.60        0.00
GET      /api/concerts                                                                    231     3(1.30%) |    239       1    5594     44 |    2.60        0.00
GET      /health                                                                          110     0(0.00%) |    247       2    3271     49 |    1.00        0.00
--------|----------------------------------------------------------------------------|-------|-------------|-------|-------|-------|-------|--------|-----------
         Aggregated                                                                      1477    11(0.74%) |   3802       1   19146   2700 |   13.20        0.00

Type     Name                                                                          # reqs      # fails |    Avg     Min     Max    Med |   req/s  failures/s
--------|----------------------------------------------------------------------------|-------|-------------|-------|-------|-------|-------|--------|-----------
POST     /api/book                                                                       1144     8(0.70%) |   4853       1   19146   3900 |    9.70        0.00
GET      /api/concerts                                                                    235     3(1.28%) |    237       1    5594     44 |    3.00        0.00
GET      /health                                                                          111     0(0.00%) |    245       2    3271     49 |    1.00        0.00
--------|----------------------------------------------------------------------------|-------|-------------|-------|-------|-------|-------|--------|-----------
         Aggregated                                                                      1490    11(0.74%) |   3782       1   19146   2700 |   13.70        0.00

Type     Name                                                                          # reqs      # fails |    Avg     Min     Max    Med |   req/s  failures/s
--------|----------------------------------------------------------------------------|-------|-------------|-------|-------|-------|-------|--------|-----------
POST     /api/book                                                                       1160     8(0.69%) |   4819       1   19146   3800 |    8.90        0.00
GET      /api/concerts                                                                    236     3(1.27%) |    236       1    5594     44 |    2.80        0.00
GET      /health                                                                          113     0(0.00%) |    244       2    3271     49 |    1.00        0.00
--------|----------------------------------------------------------------------------|-------|-------------|-------|-------|-------|-------|--------|-----------
         Aggregated                                                                      1509    11(0.73%) |   3759       1   19146   2700 |   12.70        0.00

Type     Name                                                                          # reqs      # fails |    Avg     Min     Max    Med |   req/s  failures/s
--------|----------------------------------------------------------------------------|-------|-------------|-------|-------|-------|-------|--------|-----------
POST     /api/book                                                                       1167     8(0.69%) |   4798       1   19146   3800 |    9.20        0.00
GET      /api/concerts                                                                    239     3(1.26%) |    234       1    5594     44 |    2.00        0.00
GET      /health                                                                          116     0(0.00%) |    238       2    3271     49 |    0.60        0.00
--------|----------------------------------------------------------------------------|-------|-------------|-------|-------|-------|-------|--------|-----------
         Aggregated                                                                      1522    11(0.72%) |   3734       1   19146   2700 |   11.80        0.00

Type     Name                                                                          # reqs      # fails |    Avg     Min     Max    Med |   req/s  failures/s
--------|----------------------------------------------------------------------------|-------|-------------|-------|-------|-------|-------|--------|-----------
POST     /api/book                                                                       1200     8(0.67%) |   4797       1   19146   3800 |    9.00        0.00
GET      /api/concerts                                                                    242     3(1.24%) |    232       1    5594     44 |    1.80        0.00
GET      /health                                                                          119     0(0.00%) |    245       2    3271     50 |    0.90        0.00
--------|----------------------------------------------------------------------------|-------|-------------|-------|-------|-------|-------|--------|-----------
         Aggregated                                                                      1561    11(0.70%) |   3742       1   19146   2700 |   11.70        0.00

Type     Name                                                                          # reqs      # fails |    Avg     Min     Max    Med |   req/s  failures/s
--------|----------------------------------------------------------------------------|-------|-------------|-------|-------|-------|-------|--------|-----------
POST     /api/book                                                                       1222     8(0.65%) |   4801       1   19146   3900 |    8.00        0.00
GET      /api/concerts                                                                    248     3(1.21%) |    227       1    5594     43 |    1.60        0.00
GET      /health                                                                          121     0(0.00%) |    242       2    3271     50 |    1.10        0.00
--------|----------------------------------------------------------------------------|-------|-------------|-------|-------|-------|-------|--------|-----------
         Aggregated                                                                      1591    11(0.69%) |   3741       1   19146   2700 |   10.70        0.00

Type     Name                                                                          # reqs      # fails |    Avg     Min     Max    Med |   req/s  failures/s
--------|----------------------------------------------------------------------------|-------|-------------|-------|-------|-------|-------|--------|-----------
POST     /api/book                                                                       1231     8(0.65%) |   4783       1   19146   3800 |   10.50        0.00
GET      /api/concerts                                                                    254     3(1.18%) |    222       1    5594     42 |    1.30        0.00
GET      /health                                                                          122     0(0.00%) |    241       2    3271     50 |    0.90        0.00
--------|----------------------------------------------------------------------------|-------|-------------|-------|-------|-------|-------|--------|-----------
         Aggregated                                                                      1607    11(0.68%) |   3717       1   19146   2600 |   12.70        0.00

Type     Name                                                                          # reqs      # fails |    Avg     Min     Max    Med |   req/s  failures/s
--------|----------------------------------------------------------------------------|-------|-------------|-------|-------|-------|-------|--------|-----------
POST     /api/book                                                                       1244     8(0.64%) |   4759       1   19146   3800 |    8.80        0.00
GET      /api/concerts                                                                    259     3(1.16%) |    220       1    5594     44 |    2.10        0.00
GET      /health                                                                          122     0(0.00%) |    241       2    3271     50 |    1.10        0.00
--------|----------------------------------------------------------------------------|-------|-------------|-------|-------|-------|-------|--------|-----------
         Aggregated                                                                      1625    11(0.68%) |   3697       1   19146   2600 |   12.00        0.00

Type     Name                                                                          # reqs      # fails |    Avg     Min     Max    Med |   req/s  failures/s
--------|----------------------------------------------------------------------------|-------|-------------|-------|-------|-------|-------|--------|-----------
POST     /api/book                                                                       1255     8(0.64%) |   4730       1   19146   3800 |    8.60        0.00
GET      /api/concerts                                                                    261     3(1.15%) |    218       1    5594     43 |    2.00        0.00
GET      /health                                                                          124     0(0.00%) |    238       2    3271     50 |    1.00        0.00
--------|----------------------------------------------------------------------------|-------|-------------|-------|-------|-------|-------|--------|-----------
         Aggregated                                                                      1640    11(0.67%) |   3673       1   19146   2600 |   11.60        0.00

Type     Name                                                                          # reqs      # fails |    Avg     Min     Max    Med |   req/s  failures/s
--------|----------------------------------------------------------------------------|-------|-------------|-------|-------|-------|-------|--------|-----------
POST     /api/book                                                                       1297     8(0.62%) |   4772       1   19146   3900 |    8.90        0.00
GET      /api/concerts                                                                    263     3(1.14%) |    217       1    5594     43 |    2.30        0.00
GET      /health                                                                          125     0(0.00%) |    236       2    3271     50 |    0.80        0.00
--------|----------------------------------------------------------------------------|-------|-------------|-------|-------|-------|-------|--------|-----------
         Aggregated                                                                      1685    11(0.65%) |   3725       1   19146   2700 |   12.00        0.00

Type     Name                                                                          # reqs      # fails |    Avg     Min     Max    Med |   req/s  failures/s
--------|----------------------------------------------------------------------------|-------|-------------|-------|-------|-------|-------|--------|-----------
POST     /api/book                                                                       1309     8(0.61%) |   4753       1   19146   3800 |    9.40        0.00
GET      /api/concerts                                                                    268     3(1.12%) |    215       1    5594     43 |    2.20        0.00
GET      /health                                                                          128     0(0.00%) |    231       2    3271     49 |    0.50        0.00
--------|----------------------------------------------------------------------------|-------|-------------|-------|-------|-------|-------|--------|-----------
         Aggregated                                                                      1705    11(0.65%) |   3700       1   19146   2700 |   12.10        0.00

Type     Name                                                                          # reqs      # fails |    Avg     Min     Max    Med |   req/s  failures/s
--------|----------------------------------------------------------------------------|-------|-------------|-------|-------|-------|-------|--------|-----------
POST     /api/book                                                                       1322     8(0.61%) |   4722       1   19146   3800 |    8.20        0.00
GET      /api/concerts                                                                    275     3(1.09%) |    210       1    5594     43 |    2.00        0.00
GET      /health                                                                          130     0(0.00%) |    228       2    3271     50 |    0.90        0.00
--------|----------------------------------------------------------------------------|-------|-------------|-------|-------|-------|-------|--------|-----------
         Aggregated                                                                      1727    11(0.64%) |   3665       1   19146   2600 |   11.10        0.00

Type     Name                                                                          # reqs      # fails |    Avg     Min     Max    Med |   req/s  failures/s
--------|----------------------------------------------------------------------------|-------|-------------|-------|-------|-------|-------|--------|-----------
POST     /api/book                                                                       1325     8(0.60%) |   4716       1   19146   3800 |    9.30        0.00
GET      /api/concerts                                                                    278     3(1.08%) |    208       1    5594     42 |    2.00        0.00
GET      /health                                                                          131     0(0.00%) |    228       2    3271     50 |    0.70        0.00
--------|----------------------------------------------------------------------------|-------|-------------|-------|-------|-------|-------|--------|-----------
         Aggregated                                                                      1734    11(0.63%) |   3654       1   19146   2600 |   12.00        0.00

Type     Name                                                                          # reqs      # fails |    Avg     Min     Max    Med |   req/s  failures/s
--------|----------------------------------------------------------------------------|-------|-------------|-------|-------|-------|-------|--------|-----------
POST     /api/book                                                                       1341     8(0.60%) |   4719       1   19146   3800 |    8.30        0.00
GET      /api/concerts                                                                    281     3(1.07%) |    206       1    5594     42 |    2.20        0.00
GET      /health                                                                          132     0(0.00%) |    227       2    3271     50 |    0.90        0.00
--------|----------------------------------------------------------------------------|-------|-------------|-------|-------|-------|-------|--------|-----------
         Aggregated                                                                      1754    11(0.63%) |   3658       1   19146   2600 |   11.40        0.00

Type     Name                                                                          # reqs      # fails |    Avg     Min     Max    Med |   req/s  failures/s
--------|----------------------------------------------------------------------------|-------|-------------|-------|-------|-------|-------|--------|-----------
POST     /api/book                                                                       1388     8(0.58%) |   4714       1   19146   3800 |    7.80        0.00
GET      /api/concerts                                                                    282     3(1.06%) |    205       1    5594     42 |    1.80        0.00
GET      /health                                                                          136     0(0.00%) |    221       2    3271     50 |    0.80        0.00
--------|----------------------------------------------------------------------------|-------|-------------|-------|-------|-------|-------|--------|-----------
         Aggregated                                                                      1806    11(0.61%) |   3671       1   19146   2700 |   10.40        0.00

Type     Name                                                                          # reqs      # fails |    Avg     Min     Max    Med |   req/s  failures/s
--------|----------------------------------------------------------------------------|-------|-------------|-------|-------|-------|-------|--------|-----------
POST     /api/book                                                                       1400     8(0.57%) |   4681       1   19146   3800 |   12.00        0.00
GET      /api/concerts                                                                    290     3(1.03%) |    201       1    5594     42 |    1.80        0.00
GET      /health                                                                          140     0(0.00%) |    217       2    3271     50 |    1.00        0.00
--------|----------------------------------------------------------------------------|-------|-------------|-------|-------|-------|-------|--------|-----------
         Aggregated                                                                      1830    11(0.60%) |   3630       1   19146   2600 |   14.80        0.00

Type     Name                                                                          # reqs      # fails |    Avg     Min     Max    Med |   req/s  failures/s
--------|----------------------------------------------------------------------------|-------|-------------|-------|-------|-------|-------|--------|-----------
POST     /api/book                                                                       1405     8(0.57%) |   4672       1   19146   3700 |    9.50        0.00
GET      /api/concerts                                                                    294     3(1.02%) |    199       1    5594     42 |    2.50        0.00
GET      /health                                                                          141     0(0.00%) |    217       2    3271     50 |    0.90        0.00
--------|----------------------------------------------------------------------------|-------|-------------|-------|-------|-------|-------|--------|-----------
         Aggregated                                                                      1840    11(0.60%) |   3616       1   19146   2600 |   12.90        0.00

Type     Name                                                                          # reqs      # fails |    Avg     Min     Max    Med |   req/s  failures/s
--------|----------------------------------------------------------------------------|-------|-------------|-------|-------|-------|-------|--------|-----------
POST     /api/book                                                                       1424     8(0.56%) |   4642       1   19146   3600 |    8.50        0.00
GET      /api/concerts                                                                    297     3(1.01%) |    198       1    5594     43 |    2.00        0.00
GET      /health                                                                          143     0(0.00%) |    222       2    3271     50 |    1.10        0.00
--------|----------------------------------------------------------------------------|-------|-------------|-------|-------|-------|-------|--------|-----------
         Aggregated                                                                      1864    11(0.59%) |   3595       1   19146   2600 |   11.60        0.00

Type     Name                                                                          # reqs      # fails |    Avg     Min     Max    Med |   req/s  failures/s
--------|----------------------------------------------------------------------------|-------|-------------|-------|-------|-------|-------|--------|-----------
POST     /api/book                                                                       1461     8(0.55%) |   4666       1   19146   3800 |    9.20        0.00
GET      /api/concerts                                                                    302     3(0.99%) |    196       1    5594     44 |    1.80        0.00
GET      /health                                                                          144     0(0.00%) |    228       2    3271     50 |    1.20        0.00
--------|----------------------------------------------------------------------------|-------|-------------|-------|-------|-------|-------|--------|-----------
         Aggregated                                                                      1907    11(0.58%) |   3623       1   19146   2600 |   12.20        0.00

Type     Name                                                                          # reqs      # fails |    Avg     Min     Max    Med |   req/s  failures/s
--------|----------------------------------------------------------------------------|-------|-------------|-------|-------|-------|-------|--------|-----------
POST     /api/book                                                                       1477     8(0.54%) |   4636       1   19146   3700 |    9.60        0.00
GET      /api/concerts                                                                    312     3(0.96%) |    193       1    5594     44 |    2.10        0.00
GET      /health                                                                          148     0(0.00%) |    223       2    3271     50 |    1.10        0.00
--------|----------------------------------------------------------------------------|-------|-------------|-------|-------|-------|-------|--------|-----------
         Aggregated                                                                      1937    11(0.57%) |   3583       1   19146   2600 |   12.80        0.00

Type     Name                                                                          # reqs      # fails |    Avg     Min     Max    Med |   req/s  failures/s
--------|----------------------------------------------------------------------------|-------|-------------|-------|-------|-------|-------|--------|-----------
POST     /api/book                                                                       1485     8(0.54%) |   4620       1   19146   3700 |   11.40        0.00
GET      /api/concerts                                                                    315     3(0.95%) |    193       1    5594     45 |    2.30        0.00
GET      /health                                                                          150     0(0.00%) |    220       2    3271     50 |    1.20        0.00
--------|----------------------------------------------------------------------------|-------|-------------|-------|-------|-------|-------|--------|-----------
         Aggregated                                                                      1950    11(0.56%) |   3567       1   19146   2500 |   14.90        0.00

Type     Name                                                                          # reqs      # fails |    Avg     Min     Max    Med |   req/s  failures/s
--------|----------------------------------------------------------------------------|-------|-------------|-------|-------|-------|-------|--------|-----------
POST     /api/book                                                                       1488     8(0.54%) |   4620       1   19146   3700 |    8.80        0.00
GET      /api/concerts                                                                    318     3(0.94%) |    196       1    5594     45 |    2.60        0.00
GET      /health                                                                          151     0(0.00%) |    229       2    3271     51 |    1.30        0.00
--------|----------------------------------------------------------------------------|-------|-------------|-------|-------|-------|-------|--------|-----------
         Aggregated                                                                      1957    11(0.56%) |   3562       1   19146   2500 |   12.70        0.00

Type     Name                                                                          # reqs      # fails |    Avg     Min     Max    Med |   req/s  failures/s
--------|----------------------------------------------------------------------------|-------|-------------|-------|-------|-------|-------|--------|-----------
POST     /api/book                                                                       1514     8(0.53%) |   4611       1   19146   3700 |    8.20        0.00
GET      /api/concerts                                                                    319     3(0.94%) |    196       1    5594     46 |    2.40        0.00
GET      /health                                                                          151     0(0.00%) |    229       2    3271     51 |    1.00        0.00
--------|----------------------------------------------------------------------------|-------|-------------|-------|-------|-------|-------|--------|-----------
         Aggregated                                                                      1984    11(0.55%) |   3568       1   19146   2600 |   11.60        0.00

Type     Name                                                                          # reqs      # fails |    Avg     Min     Max    Med |   req/s  failures/s
--------|----------------------------------------------------------------------------|-------|-------------|-------|-------|-------|-------|--------|-----------
POST     /api/book                                                                       1534     8(0.52%) |   4622       1   19146   3800 |    7.80        0.00
GET      /api/concerts                                                                    326     3(0.92%) |    192       1    5594     44 |    2.30        0.00
GET      /health                                                                          151     0(0.00%) |    229       2    3271     51 |    0.80        0.00
--------|----------------------------------------------------------------------------|-------|-------------|-------|-------|-------|-------|--------|-----------
         Aggregated                                                                      2011    11(0.55%) |   3574       1   19146   2600 |   10.90        0.00

Type     Name                                                                          # reqs      # fails |    Avg     Min     Max    Med |   req/s  failures/s
--------|----------------------------------------------------------------------------|-------|-------------|-------|-------|-------|-------|--------|-----------
POST     /api/book                                                                       1555     8(0.51%) |   4629       1   19146   3800 |   10.10        0.00
GET      /api/concerts                                                                    330     3(0.91%) |    190       1    5594     44 |    2.50        0.00
GET      /health                                                                          155     0(0.00%) |    225       2    3271     51 |    0.80        0.00
--------|----------------------------------------------------------------------------|-------|-------------|-------|-------|-------|-------|--------|-----------
         Aggregated                                                                      2040    11(0.54%) |   3577       1   19146   2600 |   13.40        0.00

Type     Name                                                                          # reqs      # fails |    Avg     Min     Max    Med |   req/s  failures/s
--------|----------------------------------------------------------------------------|-------|-------------|-------|-------|-------|-------|--------|-----------
POST     /api/book                                                                       1576     8(0.51%) |   4602       1   19146   3700 |    7.80        0.00
GET      /api/concerts                                                                    334     3(0.90%) |    189       1    5594     44 |    2.40        0.00
GET      /health                                                                          159     0(0.00%) |    227       2    3271     51 |    1.00        0.00
--------|----------------------------------------------------------------------------|-------|-------------|-------|-------|-------|-------|--------|-----------
         Aggregated                                                                      2069    11(0.53%) |   3554       1   19146   2600 |   11.20        0.00

Type     Name                                                                          # reqs      # fails |    Avg     Min     Max    Med |   req/s  failures/s
--------|----------------------------------------------------------------------------|-------|-------------|-------|-------|-------|-------|--------|-----------
POST     /api/book                                                                       1588     8(0.50%) |   4588       1   19146   3700 |    7.40        0.00
GET      /api/concerts                                                                    341     3(0.88%) |    186       1    5594     44 |    1.70        0.00
GET      /health                                                                          163     0(0.00%) |    222       2    3271     50 |    0.80        0.00
--------|----------------------------------------------------------------------------|-------|-------------|-------|-------|-------|-------|--------|-----------
         Aggregated                                                                      2092    11(0.53%) |   3530       1   19146   2600 |    9.90        0.00

Type     Name                                                                          # reqs      # fails |    Avg     Min     Max    Med |   req/s  failures/s
--------|----------------------------------------------------------------------------|-------|-------------|-------|-------|-------|-------|--------|-----------
POST     /api/book                                                                       1599     8(0.50%) |   4583       1   19146   3700 |    9.80        0.00
GET      /api/concerts                                                                    343     3(0.87%) |    186       1    5594     44 |    2.00        0.00
GET      /health                                                                          164     0(0.00%) |    221       2    3271     50 |    1.10        0.00
--------|----------------------------------------------------------------------------|-------|-------------|-------|-------|-------|-------|--------|-----------
         Aggregated                                                                      2106    11(0.52%) |   3527       1   19146   2500 |   12.90        0.00

Type     Name                                                                          # reqs      # fails |    Avg     Min     Max    Med |   req/s  failures/s
--------|----------------------------------------------------------------------------|-------|-------------|-------|-------|-------|-------|--------|-----------
POST     /api/book                                                                       1630     8(0.49%) |   4593       1   19146   3800 |   10.20        0.00
GET      /api/concerts                                                                    346     3(0.87%) |    186       1    5594     44 |    2.20        0.00
GET      /health                                                                          165     0(0.00%) |    231       2    3271     50 |    1.20        0.00
--------|----------------------------------------------------------------------------|-------|-------------|-------|-------|-------|-------|--------|-----------
         Aggregated                                                                      2141    11(0.51%) |   3545       1   19146   2600 |   13.60        0.00

Type     Name                                                                          # reqs      # fails |    Avg     Min     Max    Med |   req/s  failures/s
--------|----------------------------------------------------------------------------|-------|-------------|-------|-------|-------|-------|--------|-----------
POST     /api/book                                                                       1649     8(0.49%) |   4578       1   19146   3700 |    8.80        0.00
GET      /api/concerts                                                                    352     3(0.85%) |    186       1    5594     45 |    2.00        0.00
GET      /health                                                                          165     0(0.00%) |    231       2    3271     50 |    1.40        0.00
--------|----------------------------------------------------------------------------|-------|-------------|-------|-------|-------|-------|--------|-----------
         Aggregated                                                                      2166    11(0.51%) |   3533       1   19146   2600 |   12.20        0.00

Type     Name                                                                          # reqs      # fails |    Avg     Min     Max    Med |   req/s  failures/s
--------|----------------------------------------------------------------------------|-------|-------------|-------|-------|-------|-------|--------|-----------
POST     /api/book                                                                       1665     8(0.48%) |   4565       1   19146   3700 |    9.60        0.00
GET      /api/concerts                                                                    356     3(0.84%) |    188       1    5594     46 |    2.00        0.00
GET      /health                                                                          166     0(0.00%) |    234       2    3271     50 |    1.10        0.00
--------|----------------------------------------------------------------------------|-------|-------------|-------|-------|-------|-------|--------|-----------
         Aggregated                                                                      2187    11(0.50%) |   3524       1   19146   2600 |   12.70        0.00

Type     Name                                                                          # reqs      # fails |    Avg     Min     Max    Med |   req/s  failures/s
--------|----------------------------------------------------------------------------|-------|-------------|-------|-------|-------|-------|--------|-----------
POST     /api/book                                                                       1675     8(0.48%) |   4557       1   19146   3700 |    9.90        0.00
GET      /api/concerts                                                                    357     3(0.84%) |    187       1    5594     46 |    2.20        0.00
GET      /health                                                                          169     0(0.00%) |    231       2    3271     50 |    0.80        0.00
--------|----------------------------------------------------------------------------|-------|-------------|-------|-------|-------|-------|--------|-----------
         Aggregated                                                                      2201    11(0.50%) |   3516       1   19146   2600 |   12.90        0.00

Type     Name                                                                          # reqs      # fails |    Avg     Min     Max    Med |   req/s  failures/s
--------|----------------------------------------------------------------------------|-------|-------------|-------|-------|-------|-------|--------|-----------
POST     /api/book                                                                       1699     8(0.47%) |   4545       1   19146   3700 |    8.50        0.00
GET      /api/concerts                                                                    360     3(0.83%) |    187       1    5594     47 |    2.00        0.00
GET      /health                                                                          171     0(0.00%) |    229       2    3271     50 |    0.60        0.00
--------|----------------------------------------------------------------------------|-------|-------------|-------|-------|-------|-------|--------|-----------
         Aggregated                                                                      2230    11(0.49%) |   3510       1   19146   2600 |   11.10        0.00

Type     Name                                                                          # reqs      # fails |    Avg     Min     Max    Med |   req/s  failures/s
--------|----------------------------------------------------------------------------|-------|-------------|-------|-------|-------|-------|--------|-----------
POST     /api/book                                                                       1728     8(0.46%) |   4549       1   19146   3700 |    8.60        0.00
GET      /api/concerts                                                                    365     3(0.82%) |    185       1    5594     47 |    1.80        0.00
GET      /health                                                                          172     0(0.00%) |    229       2    3271     50 |    0.70        0.00
--------|----------------------------------------------------------------------------|-------|-------------|-------|-------|-------|-------|--------|-----------
         Aggregated                                                                      2265    11(0.49%) |   3518       1   19146   2600 |   11.10        0.00

Type     Name                                                                          # reqs      # fails |    Avg     Min     Max    Med |   req/s  failures/s
--------|----------------------------------------------------------------------------|-------|-------------|-------|-------|-------|-------|--------|-----------
POST     /api/book                                                                       1736     8(0.46%) |   4542       1   19146   3700 |   10.70        0.00
GET      /api/concerts                                                                    368     3(0.82%) |    184       1    5594     47 |    1.70        0.00
GET      /health                                                                          177     0(0.00%) |    227       2    3271     52 |    0.70        0.00
--------|----------------------------------------------------------------------------|-------|-------------|-------|-------|-------|-------|--------|-----------
         Aggregated                                                                      2281    11(0.48%) |   3504       1   19146   2600 |   13.10        0.00

Type     Name                                                                          # reqs      # fails |    Avg     Min     Max    Med |   req/s  failures/s
--------|----------------------------------------------------------------------------|-------|-------------|-------|-------|-------|-------|--------|-----------
POST     /api/book                                                                       1756     8(0.46%) |   4522       1   19146   3700 |    9.00        0.00
GET      /api/concerts                                                                    370     3(0.81%) |    184       1    5594     49 |    1.80        0.00
GET      /health                                                                          180     0(0.00%) |    226       2    3271     51 |    1.10        0.00
--------|----------------------------------------------------------------------------|-------|-------------|-------|-------|-------|-------|--------|-----------
         Aggregated                                                                      2306    11(0.48%) |   3490       1   19146   2600 |   11.90        0.00

Type     Name                                                                          # reqs      # fails |    Avg     Min     Max    Med |   req/s  failures/s
--------|----------------------------------------------------------------------------|-------|-------------|-------|-------|-------|-------|--------|-----------
POST     /api/book                                                                       1765     8(0.45%) |   4510       1   19146   3700 |    9.30        0.00
GET      /api/concerts                                                                    374     3(0.80%) |    183       1    5594     49 |    1.50        0.00
GET      /health                                                                          181     0(0.00%) |    227       2    3271     52 |    1.40        0.00
--------|----------------------------------------------------------------------------|-------|-------------|-------|-------|-------|-------|--------|-----------
         Aggregated                                                                      2320    11(0.47%) |   3478       1   19146   2600 |   12.20        0.00

Type     Name                                                                          # reqs      # fails |    Avg     Min     Max    Med |   req/s  failures/s
--------|----------------------------------------------------------------------------|-------|-------------|-------|-------|-------|-------|--------|-----------
POST     /api/book                                                                       1789     8(0.45%) |   4527       1   19146   3700 |    9.60        0.00
GET      /api/concerts                                                                    374     3(0.80%) |    183       1    5594     49 |    1.60        0.00
GET      /health                                                                          182     0(0.00%) |    234       2    3271     52 |    1.40        0.00
--------|----------------------------------------------------------------------------|-------|-------------|-------|-------|-------|-------|--------|-----------
         Aggregated                                                                      2345    11(0.47%) |   3501       1   19146   2600 |   12.60        0.00

Type     Name                                                                          # reqs      # fails |    Avg     Min     Max    Med |   req/s  failures/s
--------|----------------------------------------------------------------------------|-------|-------------|-------|-------|-------|-------|--------|-----------
POST     /api/book                                                                       1820     8(0.44%) |   4518       1   19146   3700 |    8.80        0.00
GET      /api/concerts                                                                    375     3(0.80%) |    183       1    5594     49 |    1.50        0.00
GET      /health                                                                          184     0(0.00%) |    232       2    3271     52 |    1.10        0.00
--------|----------------------------------------------------------------------------|-------|-------------|-------|-------|-------|-------|--------|-----------
         Aggregated                                                                      2379    11(0.46%) |   3503       1   19146   2600 |   11.40        0.00

Type     Name                                                                          # reqs      # fails |    Avg     Min     Max    Med |   req/s  failures/s
--------|----------------------------------------------------------------------------|-------|-------------|-------|-------|-------|-------|--------|-----------
POST     /api/book                                                                       1837     8(0.44%) |   4497       1   19146   3700 |    9.00        0.00
GET      /api/concerts                                                                    379     3(0.79%) |    181       1    5594     49 |    1.30        0.00
GET      /health                                                                          187     0(0.00%) |    229       2    3271     52 |    1.00        0.00
--------|----------------------------------------------------------------------------|-------|-------------|-------|-------|-------|-------|--------|-----------
         Aggregated                                                                      2403    11(0.46%) |   3485       1   19146   2600 |   11.30        0.00

Type     Name                                                                          # reqs      # fails |    Avg     Min     Max    Med |   req/s  failures/s
--------|----------------------------------------------------------------------------|-------|-------------|-------|-------|-------|-------|--------|-----------
POST     /api/book                                                                       1844     8(0.43%) |   4486       1   19146   3700 |    9.90        0.00
GET      /api/concerts                                                                    383     3(0.78%) |    180       1    5594     47 |    0.90        0.00
GET      /health                                                                          190     0(0.00%) |    226       2    3271     51 |    0.90        0.00
--------|----------------------------------------------------------------------------|-------|-------------|-------|-------|-------|-------|--------|-----------
         Aggregated                                                                      2417    11(0.46%) |   3469       1   19146   2600 |   11.70        0.00

Type     Name                                                                          # reqs      # fails |    Avg     Min     Max    Med |   req/s  failures/s
--------|----------------------------------------------------------------------------|-------|-------------|-------|-------|-------|-------|--------|-----------
POST     /api/book                                                                       1850     8(0.43%) |   4480       1   19146   3600 |    9.20        0.00
GET      /api/concerts                                                                    384     3(0.78%) |    179       1    5594     47 |    1.30        0.00
GET      /health                                                                          192     0(0.00%) |    226       2    3271     52 |    1.00        0.00
--------|----------------------------------------------------------------------------|-------|-------------|-------|-------|-------|-------|--------|-----------
         Aggregated                                                                      2426    11(0.45%) |   3462       1   19146   2600 |   11.50        0.00

Type     Name                                                                          # reqs      # fails |    Avg     Min     Max    Med |   req/s  failures/s
--------|----------------------------------------------------------------------------|-------|-------------|-------|-------|-------|-------|--------|-----------
POST     /api/book                                                                       1902     8(0.42%) |   4492       1   19146   3700 |    8.30        0.00
GET      /api/concerts                                                                    387     3(0.78%) |    178       1    5594     47 |    1.10        0.00
GET      /health                                                                          194     0(0.00%) |    224       2    3271     51 |    1.00        0.00
--------|----------------------------------------------------------------------------|-------|-------------|-------|-------|-------|-------|--------|-----------
         Aggregated                                                                      2483    11(0.44%) |   3486       1   19146   2600 |   10.40        0.00

Type     Name                                                                          # reqs      # fails |    Avg     Min     Max    Med |   req/s  failures/s
--------|----------------------------------------------------------------------------|-------|-------------|-------|-------|-------|-------|--------|-----------
POST     /api/book                                                                       1915     8(0.42%) |   4470       1   19146   3700 |   11.30        0.00
GET      /api/concerts                                                                    394     3(0.76%) |    176       1    5594     46 |    1.00        0.00
GET      /health                                                                          198     0(0.00%) |    220       2    3271     50 |    1.20        0.00
--------|----------------------------------------------------------------------------|-------|-------------|-------|-------|-------|-------|--------|-----------
         Aggregated                                                                      2507    11(0.44%) |   3459       1   19146   2600 |   13.50        0.00

Type     Name                                                                          # reqs      # fails |    Avg     Min     Max    Med |   req/s  failures/s
--------|----------------------------------------------------------------------------|-------|-------------|-------|-------|-------|-------|--------|-----------
POST     /api/book                                                                       1918     8(0.42%) |   4466       1   19146   3700 |    9.80        0.00
GET      /api/concerts                                                                    398     3(0.75%) |    175       1    5594     47 |    1.80        0.00
GET      /health                                                                          198     0(0.00%) |    220       2    3271     50 |    1.30        0.00
--------|----------------------------------------------------------------------------|-------|-------------|-------|-------|-------|-------|--------|-----------
         Aggregated                                                                      2514    11(0.44%) |   3453       1   19146   2600 |   12.90        0.00

Type     Name                                                                          # reqs      # fails |    Avg     Min     Max    Med |   req/s  failures/s
--------|----------------------------------------------------------------------------|-------|-------------|-------|-------|-------|-------|--------|-----------
POST     /api/book                                                                       1936     8(0.41%) |   4458       1   19146   3700 |    8.30        0.00
GET      /api/concerts                                                                    399     3(0.75%) |    175       1    5594     47 |    2.00        0.00
GET      /health                                                                          198     0(0.00%) |    220       2    3271     50 |    1.30        0.00
--------|----------------------------------------------------------------------------|-------|-------------|-------|-------|-------|-------|--------|-----------
         Aggregated                                                                      2533    11(0.43%) |   3452       1   19146   2600 |   11.60        0.00

Type     Name                                                                          # reqs      # fails |    Avg     Min     Max    Med |   req/s  failures/s
--------|----------------------------------------------------------------------------|-------|-------------|-------|-------|-------|-------|--------|-----------
POST     /api/book                                                                       1949     8(0.41%) |   4444       1   19146   3600 |    8.00        0.00
GET      /api/concerts                                                                    401     3(0.75%) |    174       1    5594     47 |    1.70        0.00
GET      /health                                                                          199     0(0.00%) |    219       2    3271     50 |    0.80        0.00
--------|----------------------------------------------------------------------------|-------|-------------|-------|-------|-------|-------|--------|-----------
         Aggregated                                                                      2549    11(0.43%) |   3443       1   19146   2600 |   10.50        0.00

Type     Name                                                                          # reqs      # fails |    Avg     Min     Max    Med |   req/s  failures/s
--------|----------------------------------------------------------------------------|-------|-------------|-------|-------|-------|-------|--------|-----------
POST     /api/book                                                                       1992     8(0.40%) |   4463       1   19146   3700 |    9.80        0.00
GET      /api/concerts                                                                    405     3(0.74%) |    173       1    5594     47 |    1.50        0.00
GET      /health                                                                          203     0(0.00%) |    215       2    3271     50 |    0.70        0.00
--------|----------------------------------------------------------------------------|-------|-------------|-------|-------|-------|-------|--------|-----------
         Aggregated                                                                      2600    11(0.42%) |   3463       1   19146   2600 |   12.00        0.00

Type     Name                                                                          # reqs      # fails |    Avg     Min     Max    Med |   req/s  failures/s
--------|----------------------------------------------------------------------------|-------|-------------|-------|-------|-------|-------|--------|-----------
POST     /api/book                                                                       1994     8(0.40%) |   4460       1   19146   3700 |   10.50        0.00
GET      /api/concerts                                                                    414     3(0.72%) |    170       1    5594     46 |    2.00        0.00
GET      /health                                                                          209     0(0.00%) |    212       2    3271     50 |    0.90        0.00
--------|----------------------------------------------------------------------------|-------|-------------|-------|-------|-------|-------|--------|-----------
         Aggregated                                                                      2617    11(0.42%) |   3442       1   19146   2600 |   13.40        0.00

Type     Name                                                                          # reqs      # fails |    Avg     Min     Max    Med |   req/s  failures/s
--------|----------------------------------------------------------------------------|-------|-------------|-------|-------|-------|-------|--------|-----------
POST     /api/book                                                                       2020     8(0.40%) |   4441       1   19146   3600 |    8.20        0.00
GET      /api/concerts                                                                    417     3(0.72%) |    169       1    5594     46 |    2.00        0.00
GET      /health                                                                          210     0(0.00%) |    211       2    3271     50 |    1.30        0.00
--------|----------------------------------------------------------------------------|-------|-------------|-------|-------|-------|-------|--------|-----------
         Aggregated                                                                      2647    11(0.42%) |   3432       1   19146   2600 |   11.50        0.00

Type     Name                                                                          # reqs      # fails |    Avg     Min     Max    Med |   req/s  failures/s
--------|----------------------------------------------------------------------------|-------|-------------|-------|-------|-------|-------|--------|-----------
POST     /api/book                                                                       2031     8(0.39%) |   4428       1   19146   3600 |    8.90        0.00
GET      /api/concerts                                                                    420     3(0.71%) |    168       1    5594     46 |    1.70        0.00
GET      /health                                                                          213     0(0.00%) |    209       2    3271     50 |    1.20        0.00
--------|----------------------------------------------------------------------------|-------|-------------|-------|-------|-------|-------|--------|-----------
         Aggregated                                                                      2664    11(0.41%) |   3419       1   19146   2600 |   11.80        0.00

Type     Name                                                                          # reqs      # fails |    Avg     Min     Max    Med |   req/s  failures/s
--------|----------------------------------------------------------------------------|-------|-------------|-------|-------|-------|-------|--------|-----------
POST     /api/book                                                                       2041     8(0.39%) |   4426       1   19146   3600 |   10.40        0.00
GET      /api/concerts                                                                    421     3(0.71%) |    169       1    5594     46 |    2.10        0.00
GET      /health                                                                          215     0(0.00%) |    207       2    3271     50 |    1.20        0.00
--------|----------------------------------------------------------------------------|-------|-------------|-------|-------|-------|-------|--------|-----------
         Aggregated                                                                      2677    11(0.41%) |   3417       1   19146   2600 |   13.70        0.00

Type     Name                                                                          # reqs      # fails |    Avg     Min     Max    Med |   req/s  failures/s
--------|----------------------------------------------------------------------------|-------|-------------|-------|-------|-------|-------|--------|-----------
POST     /api/book                                                                       2049     8(0.39%) |   4436       1   19146   3700 |    9.40        0.00
GET      /api/concerts                                                                    424     3(0.71%) |    173       1    5594     46 |    2.20        0.00
GET      /health                                                                          215     0(0.00%) |    207       2    3271     50 |    1.70        0.00
--------|----------------------------------------------------------------------------|-------|-------------|-------|-------|-------|-------|--------|-----------
         Aggregated                                                                      2688    11(0.41%) |   3425       1   19146   2600 |   13.30        0.00

Type     Name                                                                          # reqs      # fails |    Avg     Min     Max    Med |   req/s  failures/s
--------|----------------------------------------------------------------------------|-------|-------------|-------|-------|-------|-------|--------|-----------
POST     /api/book                                                                       2087     8(0.38%) |   4472       1   19146   3700 |    5.30        0.00
GET      /api/concerts                                                                    426     3(0.70%) |    173       1    5594     47 |    1.90        0.00
GET      /health                                                                          215     0(0.00%) |    207       2    3271     50 |    1.30        0.00
--------|----------------------------------------------------------------------------|-------|-------------|-------|-------|-------|-------|--------|-----------
         Aggregated                                                                      2728    11(0.40%) |   3464       1   19146   2700 |    8.50        0.00

Type     Name                                                                          # reqs      # fails |    Avg     Min     Max    Med |   req/s  failures/s
--------|----------------------------------------------------------------------------|-------|-------------|-------|-------|-------|-------|--------|-----------
POST     /api/book                                                                       2107     8(0.38%) |   4453       1   19146   3700 |    6.10        0.00
GET      /api/concerts                                                                    433     3(0.69%) |    172       1    5594     47 |    1.20        0.00
GET      /health                                                                          217     0(0.00%) |    207       2    3271     50 |    0.70        0.00
--------|----------------------------------------------------------------------------|-------|-------------|-------|-------|-------|-------|--------|-----------
         Aggregated                                                                      2757    11(0.40%) |   3446       1   19146   2600 |    8.00        0.00

Type     Name                                                                          # reqs      # fails |    Avg     Min     Max    Med |   req/s  failures/s
--------|----------------------------------------------------------------------------|-------|-------------|-------|-------|-------|-------|--------|-----------
POST     /api/book                                                                       2117     8(0.38%) |   4445       1   19146   3700 |    9.90        0.00
GET      /api/concerts                                                                    436     3(0.69%) |    171       1    5594     47 |    1.60        0.00
GET      /health                                                                          220     0(0.00%) |    206       2    3271     50 |    0.60        0.00
--------|----------------------------------------------------------------------------|-------|-------------|-------|-------|-------|-------|--------|-----------
         Aggregated                                                                      2773    11(0.40%) |   3437       1   19146   2600 |   12.10        0.00

Type     Name                                                                          # reqs      # fails |    Avg     Min     Max    Med |   req/s  failures/s
--------|----------------------------------------------------------------------------|-------|-------------|-------|-------|-------|-------|--------|-----------
POST     /api/book                                                                       2123     8(0.38%) |   4444       1   19146   3700 |    8.60        0.00
GET      /api/concerts                                                                    437     3(0.69%) |    171       1    5594     47 |    1.50        0.00
GET      /health                                                                          220     0(0.00%) |    206       2    3271     50 |    0.80        0.00
--------|----------------------------------------------------------------------------|-------|-------------|-------|-------|-------|-------|--------|-----------
         Aggregated                                                                      2780    11(0.40%) |   3437       1   19146   2700 |   10.90        0.00

Type     Name                                                                          # reqs      # fails |    Avg     Min     Max    Med |   req/s  failures/s
--------|----------------------------------------------------------------------------|-------|-------------|-------|-------|-------|-------|--------|-----------
POST     /api/book                                                                       2146     8(0.37%) |   4433       1   19146   3700 |    7.90        0.00
GET      /api/concerts                                                                    439     3(0.68%) |    170       1    5594     47 |    1.60        0.00
GET      /health                                                                          221     0(0.00%) |    213       2    3271     50 |    0.50        0.00
--------|----------------------------------------------------------------------------|-------|-------------|-------|-------|-------|-------|--------|-----------
         Aggregated                                                                      2806    11(0.39%) |   3433       1   19146   2700 |   10.00        0.00

Type     Name                                                                          # reqs      # fails |    Avg     Min     Max    Med |   req/s  failures/s
--------|----------------------------------------------------------------------------|-------|-------------|-------|-------|-------|-------|--------|-----------
POST     /api/book                                                                       2156     8(0.37%) |   4435       1   19146   3700 |   10.20        0.00
GET      /api/concerts                                                                    442     3(0.68%) |    169       1    5594     47 |    1.50        0.00
GET      /health                                                                          223     0(0.00%) |    211       2    3271     50 |    0.60        0.00
--------|----------------------------------------------------------------------------|-------|-------------|-------|-------|-------|-------|--------|-----------
         Aggregated                                                                      2821    11(0.39%) |   3433       1   19146   2700 |   12.30        0.00

Type     Name                                                                          # reqs      # fails |    Avg     Min     Max    Med |   req/s  failures/s
--------|----------------------------------------------------------------------------|-------|-------------|-------|-------|-------|-------|--------|-----------
POST     /api/book                                                                       2195     8(0.36%) |   4445       1   19146   3800 |    9.50        0.00
GET      /api/concerts                                                                    448     3(0.67%) |    169       1    5594     47 |    1.70        0.00
GET      /health                                                                          225     0(0.00%) |    211       2    3271     50 |    0.80        0.00
--------|----------------------------------------------------------------------------|-------|-------------|-------|-------|-------|-------|--------|-----------
         Aggregated                                                                      2868    11(0.38%) |   3445       1   19146   2700 |   12.00        0.00

Type     Name                                                                          # reqs      # fails |    Avg     Min     Max    Med |   req/s  failures/s
--------|----------------------------------------------------------------------------|-------|-------------|-------|-------|-------|-------|--------|-----------
POST     /api/book                                                                       2211     8(0.36%) |   4431       1   19146   3700 |    8.60        0.00
GET      /api/concerts                                                                    452     3(0.66%) |    169       1    5594     47 |    1.50        0.00
GET      /health                                                                          226     0(0.00%) |    210       2    3271     50 |    0.70        0.00
--------|----------------------------------------------------------------------------|-------|-------------|-------|-------|-------|-------|--------|-----------
         Aggregated                                                                      2889    11(0.38%) |   3434       1   19146   2700 |   10.80        0.00

Type     Name                                                                          # reqs      # fails |    Avg     Min     Max    Med |   req/s  failures/s
--------|----------------------------------------------------------------------------|-------|-------------|-------|-------|-------|-------|--------|-----------
POST     /api/book                                                                       2223     8(0.36%) |   4420       1   19146   3700 |    9.40        0.00
GET      /api/concerts                                                                    454     3(0.66%) |    169       1    5594     49 |    1.40        0.00
GET      /health                                                                          226     0(0.00%) |    210       2    3271     50 |    0.80        0.00
--------|----------------------------------------------------------------------------|-------|-------------|-------|-------|-------|-------|--------|-----------
         Aggregated                                                                      2903    11(0.38%) |   3427       1   19146   2700 |   11.60        0.00

Type     Name                                                                          # reqs      # fails |    Avg     Min     Max    Med |   req/s  failures/s
--------|----------------------------------------------------------------------------|-------|-------------|-------|-------|-------|-------|--------|-----------
POST     /api/book                                                                       2230     8(0.36%) |   4417       1   19146   3700 |   10.00        0.00
GET      /api/concerts                                                                    456     3(0.66%) |    170       1    5594     49 |    1.60        0.00
GET      /health                                                                          227     0(0.00%) |    210       2    3271     50 |    0.60        0.00
--------|----------------------------------------------------------------------------|-------|-------------|-------|-------|-------|-------|--------|-----------
         Aggregated                                                                      2913    11(0.38%) |   3424       1   19146   2600 |   12.20        0.00

Type     Name                                                                          # reqs      # fails |    Avg     Min     Max    Med |   req/s  failures/s
--------|----------------------------------------------------------------------------|-------|-------------|-------|-------|-------|-------|--------|-----------
POST     /api/book                                                                       2253     8(0.36%) |   4413       1   19146   3700 |    8.50        0.00
GET      /api/concerts                                                                    459     3(0.65%) |    173       1    5594     49 |    1.70        0.00
GET      /health                                                                          229     0(0.00%) |    208       2    3271     50 |    0.50        0.00
--------|----------------------------------------------------------------------------|-------|-------------|-------|-------|-------|-------|--------|-----------
         Aggregated                                                                      2941    11(0.37%) |   3424       1   19146   2700 |   10.70        0.00

Type     Name                                                                          # reqs      # fails |    Avg     Min     Max    Med |   req/s  failures/s
--------|----------------------------------------------------------------------------|-------|-------------|-------|-------|-------|-------|--------|-----------
POST     /api/book                                                                       2292     8(0.35%) |   4419       1   19146   3700 |    9.40        0.00
GET      /api/concerts                                                                    466     3(0.64%) |    171       1    5594     49 |    1.50        0.00
GET      /health                                                                          234     0(0.00%) |    207       2    3271     49 |    0.50        0.00
--------|----------------------------------------------------------------------------|-------|-------------|-------|-------|-------|-------|--------|-----------
         Aggregated                                                                      2992    11(0.37%) |   3428       1   19146   2700 |   11.40        0.00

Type     Name                                                                          # reqs      # fails |    Avg     Min     Max    Med |   req/s  failures/s
--------|----------------------------------------------------------------------------|-------|-------------|-------|-------|-------|-------|--------|-----------
POST     /api/book                                                                       2304     8(0.35%) |   4404       1   19146   3700 |    9.60        0.00
GET      /api/concerts                                                                    469     3(0.64%) |    171       1    5594     49 |    1.60        0.00
GET      /health                                                                          237     0(0.00%) |    205       2    3271     50 |    1.00        0.00
--------|----------------------------------------------------------------------------|-------|-------------|-------|-------|-------|-------|--------|-----------
         Aggregated                                                                      3010    11(0.37%) |   3414       1   19146   2600 |   12.20        0.00

Type     Name                                                                          # reqs      # fails |    Avg     Min     Max    Med |   req/s  failures/s
--------|----------------------------------------------------------------------------|-------|-------------|-------|-------|-------|-------|--------|-----------
POST     /api/book                                                                       2309     8(0.35%) |   4400       1   19146   3700 |    9.60        0.00
GET      /api/concerts                                                                    474     3(0.63%) |    170       1    5594     49 |    2.00        0.00
GET      /health                                                                          237     0(0.00%) |    205       2    3271     50 |    1.00        0.00
--------|----------------------------------------------------------------------------|-------|-------------|-------|-------|-------|-------|--------|-----------
         Aggregated                                                                      3020    11(0.36%) |   3407       1   19146   2600 |   12.60        0.00

Type     Name                                                                          # reqs      # fails |    Avg     Min     Max    Med |   req/s  failures/s
--------|----------------------------------------------------------------------------|-------|-------------|-------|-------|-------|-------|--------|-----------
POST     /api/book                                                                       2332     8(0.34%) |   4388       1   19146   3700 |    8.80        0.00
GET      /api/concerts                                                                    477     3(0.63%) |    170       1    5594     49 |    1.80        0.00
GET      /health                                                                          239     0(0.00%) |    203       2    3271     50 |    1.10        0.00
--------|----------------------------------------------------------------------------|-------|-------------|-------|-------|-------|-------|--------|-----------
         Aggregated                                                                      3048    11(0.36%) |   3399       1   19146   2600 |   11.70        0.00

Type     Name                                                                          # reqs      # fails |    Avg     Min     Max    Med |   req/s  failures/s
--------|----------------------------------------------------------------------------|-------|-------------|-------|-------|-------|-------|--------|-----------
POST     /api/book                                                                       2363     8(0.34%) |   4408       1   19146   3700 |    9.70        0.00
GET      /api/concerts                                                                    478     3(0.63%) |    170       1    5594     49 |    2.10        0.00
GET      /health                                                                          241     0(0.00%) |    202       2    3271     50 |    1.30        0.00
--------|----------------------------------------------------------------------------|-------|-------------|-------|-------|-------|-------|--------|-----------
         Aggregated                                                                      3082    11(0.36%) |   3421       1   19146   2700 |   13.10        0.00

Type     Name                                                                          # reqs      # fails |    Avg     Min     Max    Med |   req/s  failures/s
--------|----------------------------------------------------------------------------|-------|-------------|-------|-------|-------|-------|--------|-----------
POST     /api/book                                                                       2376     8(0.34%) |   4397       1   19146   3700 |    9.90        0.00
GET      /api/concerts                                                                    480     3(0.62%) |    169       1    5594     49 |    2.10        0.00
GET      /health                                                                          242     0(0.00%) |    202       2    3271     50 |    1.20        0.00
--------|----------------------------------------------------------------------------|-------|-------------|-------|-------|-------|-------|--------|-----------
         Aggregated                                                                      3098    11(0.36%) |   3414       1   19146   2600 |   13.20        0.00

Type     Name                                                                          # reqs      # fails |    Avg     Min     Max    Med |   req/s  failures/s
--------|----------------------------------------------------------------------------|-------|-------------|-------|-------|-------|-------|--------|-----------
POST     /api/book                                                                       2394     8(0.33%) |   4390       1   19146   3700 |    8.60        0.00
GET      /api/concerts                                                                    483     3(0.62%) |    168       1    5594     49 |    1.80        0.00
GET      /health                                                                          243     0(0.00%) |    201       2    3271     50 |    0.90        0.00
--------|----------------------------------------------------------------------------|-------|-------------|-------|-------|-------|-------|--------|-----------
         Aggregated                                                                      3120    11(0.35%) |   3410       1   19146   2600 |   11.30        0.00

Type     Name                                                                          # reqs      # fails |    Avg     Min     Max    Med |   req/s  failures/s
--------|----------------------------------------------------------------------------|-------|-------------|-------|-------|-------|-------|--------|-----------
POST     /api/book                                                                       2399     8(0.33%) |   4382       1   19146   3700 |    7.70        0.00
GET      /api/concerts                                                                    485     3(0.62%) |    168       1    5594     49 |    1.20        0.00
GET      /health                                                                          243     0(0.00%) |    201       2    3271     50 |    0.70        0.00
--------|----------------------------------------------------------------------------|-------|-------------|-------|-------|-------|-------|--------|-----------
         Aggregated                                                                      3127    11(0.35%) |   3404       1   19146   2600 |    9.60        0.00

Type     Name                                                                          # reqs      # fails |    Avg     Min     Max    Med |   req/s  failures/s
--------|----------------------------------------------------------------------------|-------|-------------|-------|-------|-------|-------|--------|-----------
POST     /api/book                                                                       2409     8(0.33%) |   4380       1   19146   3700 |    9.30        0.00
GET      /api/concerts                                                                    488     3(0.61%) |    167       1    5594     49 |    1.30        0.00
GET      /health                                                                          243     0(0.00%) |    201       2    3271     50 |    0.60        0.00
--------|----------------------------------------------------------------------------|-------|-------------|-------|-------|-------|-------|--------|-----------
         Aggregated                                                                      3140    11(0.35%) |   3402       1   19146   2600 |   11.20        0.00

Type     Name                                                                          # reqs      # fails |    Avg     Min     Max    Med |   req/s  failures/s
--------|----------------------------------------------------------------------------|-------|-------------|-------|-------|-------|-------|--------|-----------
POST     /api/book                                                                       2455     8(0.33%) |   4399       1   19146   3700 |    7.70        0.00
GET      /api/concerts                                                                    494     3(0.61%) |    165       1    5594     49 |    1.20        0.00
GET      /health                                                                          245     0(0.00%) |    199       2    3271     50 |    0.40        0.00
--------|----------------------------------------------------------------------------|-------|-------------|-------|-------|-------|-------|--------|-----------
         Aggregated                                                                      3194    11(0.34%) |   3422       1   19146   2700 |    9.30        0.00

Type     Name                                                                          # reqs      # fails |    Avg     Min     Max    Med |   req/s  failures/s
--------|----------------------------------------------------------------------------|-------|-------------|-------|-------|-------|-------|--------|-----------
POST     /api/book                                                                       2472     8(0.32%) |   4384       1   19146   3700 |   10.70        0.00
GET      /api/concerts                                                                    503     3(0.60%) |    164       1    5594     49 |    1.20        0.00
GET      /health                                                                          248     0(0.00%) |    197       2    3271     49 |    0.40        0.00
--------|----------------------------------------------------------------------------|-------|-------------|-------|-------|-------|-------|--------|-----------
         Aggregated                                                                      3223    11(0.34%) |   3403       1   19146   2600 |   12.30        0.00

Type     Name                                                                          # reqs      # fails |    Avg     Min     Max    Med |   req/s  failures/s
--------|----------------------------------------------------------------------------|-------|-------------|-------|-------|-------|-------|--------|-----------
POST     /api/book                                                                       2479     8(0.32%) |   4375       1   19146   3700 |    9.30        0.00
GET      /api/concerts                                                                    508     3(0.59%) |    163       1    5594     49 |    2.30        0.00
GET      /health                                                                          248     0(0.00%) |    197       2    3271     49 |    0.40        0.00
--------|----------------------------------------------------------------------------|-------|-------------|-------|-------|-------|-------|--------|-----------
         Aggregated                                                                      3235    11(0.34%) |   3394       1   19146   2600 |   12.00        0.00

Type     Name                                                                          # reqs      # fails |    Avg     Min     Max    Med |   req/s  failures/s
--------|----------------------------------------------------------------------------|-------|-------------|-------|-------|-------|-------|--------|-----------
POST     /api/book                                                                       2484     8(0.32%) |   4371       1   19146   3700 |    9.60        0.00
GET      /api/concerts                                                                    509     3(0.59%) |    163       1    5594     49 |    2.50        0.00
GET      /health                                                                          249     0(0.00%) |    196       2    3271     49 |    0.50        0.00
--------|----------------------------------------------------------------------------|-------|-------------|-------|-------|-------|-------|--------|-----------
         Aggregated                                                                      3242    11(0.34%) |   3389       1   19146   2600 |   12.60        0.00

Type     Name                                                                          # reqs      # fails |    Avg     Min     Max    Med |   req/s  failures/s
--------|----------------------------------------------------------------------------|-------|-------------|-------|-------|-------|-------|--------|-----------
POST     /api/book                                                                       2530     8(0.32%) |   4388       1   19146   3700 |    8.30        0.00
GET      /api/concerts                                                                    513     3(0.58%) |    170       1    5594     49 |    2.50        0.00
GET      /health                                                                          251     0(0.00%) |    195       2    3271     49 |    0.50        0.00
--------|----------------------------------------------------------------------------|-------|-------------|-------|-------|-------|-------|--------|-----------
         Aggregated                                                                      3294    11(0.33%) |   3412       1   19146   2700 |   11.30        0.00

Type     Name                                                                          # reqs      # fails |    Avg     Min     Max    Med |   req/s  failures/s
--------|----------------------------------------------------------------------------|-------|-------------|-------|-------|-------|-------|--------|-----------
POST     /api/book                                                                       2544     8(0.31%) |   4375       1   19146   3700 |    9.90        0.00
GET      /api/concerts                                                                    521     3(0.58%) |    167       1    5594     47 |    2.20        0.00
GET      /health                                                                          251     0(0.00%) |    195       2    3271     49 |    0.80        0.00
--------|----------------------------------------------------------------------------|-------|-------------|-------|-------|-------|-------|--------|-----------
         Aggregated                                                                      3316    11(0.33%) |   3397       1   19146   2700 |   12.90        0.00

Type     Name                                                                          # reqs      # fails |    Avg     Min     Max    Med |   req/s  failures/s
--------|----------------------------------------------------------------------------|-------|-------------|-------|-------|-------|-------|--------|-----------
POST     /api/book                                                                       2553     8(0.31%) |   4367       1   19146   3700 |    9.10        0.00
GET      /api/concerts                                                                    525     3(0.57%) |    166       1    5594     47 |    2.80        0.00
GET      /health                                                                          254     0(0.00%) |    194       2    3271     49 |    0.70        0.00
--------|----------------------------------------------------------------------------|-------|-------------|-------|-------|-------|-------|--------|-----------
         Aggregated                                                                      3332    11(0.33%) |   3387       1   19146   2600 |   12.60        0.00

Type     Name                                                                          # reqs      # fails |    Avg     Min     Max    Med |   req/s  failures/s
--------|----------------------------------------------------------------------------|-------|-------------|-------|-------|-------|-------|--------|-----------
POST     /api/book                                                                       2567     8(0.31%) |   4358       1   19146   3600 |    8.10        0.00
GET      /api/concerts                                                                    526     3(0.57%) |    166       1    5594     47 |    2.20        0.00
GET      /health                                                                          255     0(0.00%) |    196       2    3271     50 |    0.70        0.00
--------|----------------------------------------------------------------------------|-------|-------------|-------|-------|-------|-------|--------|-----------
         Aggregated                                                                      3348    11(0.33%) |   3383       1   19146   2600 |   11.00        0.00

Type     Name                                                                          # reqs      # fails |    Avg     Min     Max    Med |   req/s  failures/s
--------|----------------------------------------------------------------------------|-------|-------------|-------|-------|-------|-------|--------|-----------
POST     /api/book                                                                       2569     8(0.31%) |   4356       1   19146   3600 |    8.20        0.00
GET      /api/concerts                                                                    526     3(0.57%) |    166       1    5594     47 |    1.90        0.00
GET      /health                                                                          256     0(0.00%) |    196       2    3271     50 |    0.70        0.00
--------|----------------------------------------------------------------------------|-------|-------------|-------|-------|-------|-------|--------|-----------
         Aggregated                                                                      3351    11(0.33%) |   3381       1   19146   2600 |   10.80        0.00

Type     Name                                                                          # reqs      # fails |    Avg     Min     Max    Med |   req/s  failures/s
--------|----------------------------------------------------------------------------|-------|-------------|-------|-------|-------|-------|--------|-----------
POST     /api/book                                                                       2616     8(0.31%) |   4383       1   19146   3700 |    8.70        0.00
GET      /api/concerts                                                                    529     3(0.57%) |    169       1    5594     47 |    1.70        0.00
GET      /health                                                                          257     0(0.00%) |    198       2    3271     50 |    0.70        0.00
--------|----------------------------------------------------------------------------|-------|-------------|-------|-------|-------|-------|--------|-----------
         Aggregated                                                                      3402    11(0.32%) |   3412       1   19146   2700 |   11.10        0.00

Type     Name                                                                          # reqs      # fails |    Avg     Min     Max    Med |   req/s  failures/s
--------|----------------------------------------------------------------------------|-------|-------------|-------|-------|-------|-------|--------|-----------
POST     /api/book                                                                       2628     8(0.30%) |   4376       1   19146   3700 |   10.10        0.00
GET      /api/concerts                                                                    535     3(0.56%) |    167       1    5594     47 |    1.90        0.00
GET      /health                                                                          262     0(0.00%) |    196       2    3271     50 |    0.60        0.00
--------|----------------------------------------------------------------------------|-------|-------------|-------|-------|-------|-------|--------|-----------
         Aggregated                                                                      3425    11(0.32%) |   3399       1   19146   2700 |   12.60        0.00

Type     Name                                                                          # reqs      # fails |    Avg     Min     Max    Med |   req/s  failures/s
--------|----------------------------------------------------------------------------|-------|-------------|-------|-------|-------|-------|--------|-----------
POST     /api/book                                                                       2636     8(0.30%) |   4369       1   19146   3700 |    8.10        0.00
GET      /api/concerts                                                                    538     3(0.56%) |    167       1    5594     47 |    1.50        0.00
GET      /health                                                                          262     0(0.00%) |    196       2    3271     50 |    0.80        0.00
--------|----------------------------------------------------------------------------|-------|-------------|-------|-------|-------|-------|--------|-----------
         Aggregated                                                                      3436    11(0.32%) |   3393       1   19146   2700 |   10.40        0.00

Type     Name                                                                          # reqs      # fails |    Avg     Min     Max    Med |   req/s  failures/s
--------|----------------------------------------------------------------------------|-------|-------------|-------|-------|-------|-------|--------|-----------
POST     /api/book                                                                       2647     8(0.30%) |   4363       1   19146   3700 |    8.40        0.00
GET      /api/concerts                                                                    538     3(0.56%) |    167       1    5594     47 |    1.30        0.00
GET      /health                                                                          262     0(0.00%) |    196       2    3271     50 |    0.90        0.00
--------|----------------------------------------------------------------------------|-------|-------------|-------|-------|-------|-------|--------|-----------
         Aggregated                                                                      3447    11(0.32%) |   3391       1   19146   2700 |   10.60        0.00

Type     Name                                                                          # reqs      # fails |    Avg     Min     Max    Med |   req/s  failures/s
--------|----------------------------------------------------------------------------|-------|-------------|-------|-------|-------|-------|--------|-----------
POST     /api/book                                                                       2666     8(0.30%) |   4358       1   19146   3600 |    8.70        0.00
GET      /api/concerts                                                                    538     3(0.56%) |    167       1    5594     47 |    1.30        0.00
GET      /health                                                                          264     0(0.00%) |    196       2    3271     50 |    0.70        0.00
--------|----------------------------------------------------------------------------|-------|-------------|-------|-------|-------|-------|--------|-----------
         Aggregated                                                                      3468    11(0.32%) |   3391       1   19146   2700 |   10.70        0.00

Type     Name                                                                          # reqs      # fails |    Avg     Min     Max    Med |   req/s  failures/s
--------|----------------------------------------------------------------------------|-------|-------------|-------|-------|-------|-------|--------|-----------
POST     /api/book                                                                       2708     8(0.30%) |   4369       1   19146   3700 |    8.20        0.00
GET      /api/concerts                                                                    543     3(0.55%) |    166       1    5594     47 |    1.20        0.00
GET      /health                                                                          266     0(0.00%) |    195       2    3271     50 |    0.90        0.00
--------|----------------------------------------------------------------------------|-------|-------------|-------|-------|-------|-------|--------|-----------
         Aggregated                                                                      3517    11(0.31%) |   3404       1   19146   2700 |   10.30        0.00

Type     Name                                                                          # reqs      # fails |    Avg     Min     Max    Med |   req/s  failures/s
--------|----------------------------------------------------------------------------|-------|-------------|-------|-------|-------|-------|--------|-----------
POST     /api/book                                                                       2716     8(0.29%) |   4361       1   19146   3700 |   10.10        0.00
GET      /api/concerts                                                                    551     3(0.54%) |    164       1    5594     47 |    1.00        0.00
GET      /health                                                                          269     0(0.00%) |    195       2    3271     50 |    0.70        0.00
--------|----------------------------------------------------------------------------|-------|-------------|-------|-------|-------|-------|--------|-----------
         Aggregated                                                                      3536    11(0.31%) |   3390       1   19146   2600 |   11.80        0.00

Type     Name                                                                          # reqs      # fails |    Avg     Min     Max    Med |   req/s  failures/s
--------|----------------------------------------------------------------------------|-------|-------------|-------|-------|-------|-------|--------|-----------
POST     /api/book                                                                       2730     8(0.29%) |   4349       1   19146   3600 |    9.00        0.00
GET      /api/concerts                                                                    555     3(0.54%) |    164       1    5594     47 |    1.50        0.00
GET      /health                                                                          269     0(0.00%) |    195       2    3271     50 |    0.70        0.00
--------|----------------------------------------------------------------------------|-------|-------------|-------|-------|-------|-------|--------|-----------
         Aggregated                                                                      3554    11(0.31%) |   3381       1   19146   2600 |   11.20        0.00

Type     Name                                                                          # reqs      # fails |    Avg     Min     Max    Med |   req/s  failures/s
--------|----------------------------------------------------------------------------|-------|-------------|-------|-------|-------|-------|--------|-----------
POST     /api/book                                                                       2733     8(0.29%) |   4348       1   19146   3600 |    9.40        0.00
GET      /api/concerts                                                                    556     3(0.54%) |    164       1    5594     47 |    1.60        0.00
GET      /health                                                                          269     0(0.00%) |    195       2    3271     50 |    0.70        0.00
--------|----------------------------------------------------------------------------|-------|-------------|-------|-------|-------|-------|--------|-----------
         Aggregated                                                                      3558    11(0.31%) |   3380       1   19146   2600 |   11.70        0.00

Type     Name                                                                          # reqs      # fails |    Avg     Min     Max    Med |   req/s  failures/s
--------|----------------------------------------------------------------------------|-------|-------------|-------|-------|-------|-------|--------|-----------
POST     /api/book                                                                       2773     8(0.29%) |   4357       1   19146   3600 |    8.70        0.00
GET      /api/concerts                                                                    558     3(0.54%) |    164       1    5594     47 |    1.80        0.00
GET      /health                                                                          269     0(0.00%) |    195       2    3271     50 |    0.70        0.00
--------|----------------------------------------------------------------------------|-------|-------------|-------|-------|-------|-------|--------|-----------
         Aggregated                                                                      3600    11(0.31%) |   3396       1   19146   2700 |   11.20        0.00

Type     Name                                                                          # reqs      # fails |    Avg     Min     Max    Med |   req/s  failures/s
--------|----------------------------------------------------------------------------|-------|-------------|-------|-------|-------|-------|--------|-----------
POST     /api/book                                                                       2797     8(0.29%) |   4351       1   19146   3600 |    9.20        0.00
GET      /api/concerts                                                                    562     3(0.53%) |    164       1    5594     47 |    1.80        0.00
GET      /health                                                                          273     0(0.00%) |    193       2    3271     50 |    0.50        0.00
--------|----------------------------------------------------------------------------|-------|-------------|-------|-------|-------|-------|--------|-----------
         Aggregated                                                                      3632    11(0.30%) |   3391       1   19146   2700 |   11.50        0.00

Type     Name                                                                          # reqs      # fails |    Avg     Min     Max    Med |   req/s  failures/s
--------|----------------------------------------------------------------------------|-------|-------------|-------|-------|-------|-------|--------|-----------
POST     /api/book                                                                       2806     8(0.29%) |   4344       1   19146   3600 |    9.00        0.00
GET      /api/concerts                                                                    564     3(0.53%) |    163       1    5594     47 |    2.00        0.00
GET      /health                                                                          275     0(0.00%) |    193       2    3271     50 |    0.60        0.00
--------|----------------------------------------------------------------------------|-------|-------------|-------|-------|-------|-------|--------|-----------
         Aggregated                                                                      3645    11(0.30%) |   3384       1   19146   2600 |   11.60        0.00

Type     Name                                                                          # reqs      # fails |    Avg     Min     Max    Med |   req/s  failures/s
--------|----------------------------------------------------------------------------|-------|-------------|-------|-------|-------|-------|--------|-----------
POST     /api/book                                                                       2816     8(0.28%) |   4338       1   19146   3600 |    8.90        0.00
GET      /api/concerts                                                                    567     3(0.53%) |    163       1    5594     47 |    1.60        0.00
GET      /health                                                                          276     0(0.00%) |    192       2    3271     50 |    0.90        0.00
--------|----------------------------------------------------------------------------|-------|-------------|-------|-------|-------|-------|--------|-----------
         Aggregated                                                                      3659    11(0.30%) |   3379       1   19146   2600 |   11.40        0.00

Type     Name                                                                          # reqs      # fails |    Avg     Min     Max    Med |   req/s  failures/s
--------|----------------------------------------------------------------------------|-------|-------------|-------|-------|-------|-------|--------|-----------
POST     /api/book                                                                       2828     8(0.28%) |   4332       1   19146   3600 |    8.90        0.00
GET      /api/concerts                                                                    568     3(0.53%) |    164       1    5594     47 |    1.20        0.00
GET      /health                                                                          277     0(0.00%) |    191       2    3271     50 |    0.70        0.00
--------|----------------------------------------------------------------------------|-------|-------------|-------|-------|-------|-------|--------|-----------
         Aggregated                                                                      3673    11(0.30%) |   3375       1   19146   2600 |   10.80        0.00

Type     Name                                                                          # reqs      # fails |    Avg     Min     Max    Med |   req/s  failures/s
--------|----------------------------------------------------------------------------|-------|-------------|-------|-------|-------|-------|--------|-----------
POST     /api/book                                                                       2879     8(0.28%) |   4350       1   19146   3600 |    9.10        0.00
GET      /api/concerts                                                                    573     3(0.52%) |    164       1    5594     49 |    1.20        0.00
GET      /health                                                                          277     0(0.00%) |    191       2    3271     50 |    0.70        0.00
--------|----------------------------------------------------------------------------|-------|-------------|-------|-------|-------|-------|--------|-----------
         Aggregated                                                                      3729    11(0.29%) |   3398       1   19146   2700 |   11.00        0.00

Type     Name                                                                          # reqs      # fails |    Avg     Min     Max    Med |   req/s  failures/s
--------|----------------------------------------------------------------------------|-------|-------------|-------|-------|-------|-------|--------|-----------
POST     /api/book                                                                       2891     8(0.28%) |   4337       1   19146   3600 |   10.30        0.00
GET      /api/concerts                                                                    586     3(0.51%) |    162       1    5594     47 |    1.30        0.00
GET      /health                                                                          279     0(0.00%) |    190       2    3271     50 |    0.80        0.00
--------|----------------------------------------------------------------------------|-------|-------------|-------|-------|-------|-------|--------|-----------
         Aggregated                                                                      3756    11(0.29%) |   3378       1   19146   2700 |   12.40        0.00

Type     Name                                                                          # reqs      # fails |    Avg     Min     Max    Med |   req/s  failures/s
--------|----------------------------------------------------------------------------|-------|-------------|-------|-------|-------|-------|--------|-----------
POST     /api/book                                                                       2901     8(0.28%) |   4325       1   19146   3600 |    9.00        0.00
GET      /api/concerts                                                                    591     3(0.51%) |    161       1    5594     47 |    2.20        0.00
GET      /health                                                                          283     0(0.00%) |    188       2    3271     50 |    0.70        0.00
--------|----------------------------------------------------------------------------|-------|-------------|-------|-------|-------|-------|--------|-----------
         Aggregated                                                                      3775    11(0.29%) |   3363       1   19146   2600 |   11.90        0.00

Type     Name                                                                          # reqs      # fails |    Avg     Min     Max    Med |   req/s  failures/s
--------|----------------------------------------------------------------------------|-------|-------------|-------|-------|-------|-------|--------|-----------
POST     /api/book                                                                       2910     8(0.27%) |   4319       1   19146   3600 |    9.60        0.00
GET      /api/concerts                                                                    592     3(0.51%) |    160       1    5594     47 |    2.40        0.00
GET      /health                                                                          285     0(0.00%) |    187       2    3271     50 |    0.60        0.00
--------|----------------------------------------------------------------------------|-------|-------------|-------|-------|-------|-------|--------|-----------
         Aggregated                                                                      3787    11(0.29%) |   3358       1   19146   2600 |   12.60        0.00

Type     Name                                                                          # reqs      # fails |    Avg     Min     Max    Med |   req/s  failures/s
--------|----------------------------------------------------------------------------|-------|-------------|-------|-------|-------|-------|--------|-----------
POST     /api/book                                                                       2917     8(0.27%) |   4315       1   19146   3600 |    9.10        0.00
GET      /api/concerts                                                                    595     3(0.50%) |    160       1    5594     47 |    2.60        0.00
GET      /health                                                                          285     0(0.00%) |    187       2    3271     50 |    0.90        0.00
--------|----------------------------------------------------------------------------|-------|-------------|-------|-------|-------|-------|--------|-----------
         Aggregated                                                                      3797    11(0.29%) |   3354       1   19146   2600 |   12.60        0.00

Type     Name                                                                          # reqs      # fails |    Avg     Min     Max    Med |   req/s  failures/s
--------|----------------------------------------------------------------------------|-------|-------------|-------|-------|-------|-------|--------|-----------
POST     /api/book                                                                       2966     8(0.27%) |   4333       1   19146   3600 |    9.20        0.00
GET      /api/concerts                                                                    597     3(0.50%) |    166       1    5594     47 |    2.70        0.00
GET      /health                                                                          286     0(0.00%) |    190       2    3271     50 |    0.90        0.00
--------|----------------------------------------------------------------------------|-------|-------------|-------|-------|-------|-------|--------|-----------
         Aggregated                                                                      3849    11(0.29%) |   3379       1   19146   2700 |   12.80        0.00

Type     Name                                                                          # reqs      # fails |    Avg     Min     Max    Med |   req/s  failures/s
--------|----------------------------------------------------------------------------|-------|-------------|-------|-------|-------|-------|--------|-----------
POST     /api/book                                                                       2977     8(0.27%) |   4325       1   19146   3600 |    9.60        0.00
GET      /api/concerts                                                                    602     3(0.50%) |    165       1    5594     47 |    2.70        0.00
GET      /health                                                                          289     0(0.00%) |    188       2    3271     50 |    0.90        0.00
--------|----------------------------------------------------------------------------|-------|-------------|-------|-------|-------|-------|--------|-----------
         Aggregated                                                                      3868    11(0.28%) |   3368       1   19146   2600 |   13.20        0.00

Type     Name                                                                          # reqs      # fails |    Avg     Min     Max    Med |   req/s  failures/s
--------|----------------------------------------------------------------------------|-------|-------------|-------|-------|-------|-------|--------|-----------
POST     /api/book                                                                       2986     8(0.27%) |   4318       1   19146   3600 |    8.60        0.00
GET      /api/concerts                                                                    608     3(0.49%) |    164       1    5594     47 |    1.80        0.00
GET      /health                                                                          289     0(0.00%) |    188       2    3271     50 |    1.00        0.00
--------|----------------------------------------------------------------------------|-------|-------------|-------|-------|-------|-------|--------|-----------
         Aggregated                                                                      3883    11(0.28%) |   3360       1   19146   2600 |   11.40        0.00

Type     Name                                                                          # reqs      # fails |    Avg     Min     Max    Med |   req/s  failures/s
--------|----------------------------------------------------------------------------|-------|-------------|-------|-------|-------|-------|--------|-----------
POST     /api/book                                                                       3002     8(0.27%) |   4310       1   19146   3600 |    8.70        0.00
GET      /api/concerts                                                                    610     3(0.49%) |    165       1    5594     47 |    1.60        0.00
GET      /health                                                                          290     0(0.00%) |    187       2    3271     50 |    0.80        0.00
--------|----------------------------------------------------------------------------|-------|-------------|-------|-------|-------|-------|--------|-----------
         Aggregated                                                                      3902    11(0.28%) |   3355       1   19146   2600 |   11.10        0.00

Type     Name                                                                          # reqs      # fails |    Avg     Min     Max    Med |   req/s  failures/s
--------|----------------------------------------------------------------------------|-------|-------------|-------|-------|-------|-------|--------|-----------
POST     /api/book                                                                       3011     8(0.27%) |   4309       1   19146   3600 |    9.20        0.00
GET      /api/concerts                                                                    612     3(0.49%) |    164       1    5594     47 |    1.80        0.00
GET      /health                                                                          290     0(0.00%) |    187       2    3271     50 |    0.50        0.00
--------|----------------------------------------------------------------------------|-------|-------------|-------|-------|-------|-------|--------|-----------
         Aggregated                                                                      3913    11(0.28%) |   3355       1   19146   2600 |   11.50        0.00

Type     Name                                                                          # reqs      # fails |    Avg     Min     Max    Med |   req/s  failures/s
--------|----------------------------------------------------------------------------|-------|-------------|-------|-------|-------|-------|--------|-----------
POST     /api/book                                                                       3053     8(0.26%) |   4319       1   19146   3600 |    9.10        0.00
GET      /api/concerts                                                                    615     3(0.49%) |    164       1    5594     47 |    1.70        0.00
GET      /health                                                                          291     0(0.00%) |    187       2    3271     50 |    0.50        0.00
--------|----------------------------------------------------------------------------|-------|-------------|-------|-------|-------|-------|--------|-----------
         Aggregated                                                                      3959    11(0.28%) |   3370       1   19146   2600 |   11.30        0.00

Type     Name                                                                          # reqs      # fails |    Avg     Min     Max    Med |   req/s  failures/s
--------|----------------------------------------------------------------------------|-------|-------------|-------|-------|-------|-------|--------|-----------
POST     /api/book                                                                       3070     8(0.26%) |   4309       1   19146   3600 |   10.70        0.00
GET      /api/concerts                                                                    624     3(0.48%) |    162       1    5594     47 |    1.70        0.00
GET      /health                                                                          296     0(0.00%) |    184       2    3271     50 |    0.50        0.00
--------|----------------------------------------------------------------------------|-------|-------------|-------|-------|-------|-------|--------|-----------
         Aggregated                                                                      3990    11(0.28%) |   3355       1   19146   2600 |   12.90        0.00

Type     Name                                                                          # reqs      # fails |    Avg     Min     Max    Med |   req/s  failures/s
--------|----------------------------------------------------------------------------|-------|-------------|-------|-------|-------|-------|--------|-----------
POST     /api/book                                                                       3080     8(0.26%) |   4300       1   19146   3600 |    9.30        0.00
GET      /api/concerts                                                                    630     3(0.48%) |    161       1    5594     47 |    2.20        0.00
GET      /health                                                                          296     0(0.00%) |    184       2    3271     50 |    0.80        0.00
--------|----------------------------------------------------------------------------|-------|-------------|-------|-------|-------|-------|--------|-----------
         Aggregated                                                                      4006    11(0.27%) |   3345       1   19146   2600 |   12.30        0.00

Type     Name                                                                          # reqs      # fails |    Avg     Min     Max    Med |   req/s  failures/s
--------|----------------------------------------------------------------------------|-------|-------------|-------|-------|-------|-------|--------|-----------
POST     /api/book                                                                       3084     8(0.26%) |   4297       1   19146   3600 |    9.20        0.00
GET      /api/concerts                                                                    634     3(0.47%) |    162       1    5594     47 |    2.50        0.00
GET      /health                                                                          297     0(0.00%) |    184       2    3271     50 |    0.70        0.00
--------|----------------------------------------------------------------------------|-------|-------------|-------|-------|-------|-------|--------|-----------
         Aggregated                                                                      4015    11(0.27%) |   3340       1   19146   2600 |   12.40        0.00

Type     Name                                                                          # reqs      # fails |    Avg     Min     Max    Med |   req/s  failures/s
--------|----------------------------------------------------------------------------|-------|-------------|-------|-------|-------|-------|--------|-----------
POST     /api/book                                                                       3131     8(0.26%) |   4308       1   19146   3600 |    8.60        0.00
GET      /api/concerts                                                                    638     3(0.47%) |    162       1    5594     48 |    2.50        0.00
GET      /health                                                                          297     0(0.00%) |    184       2    3271     50 |    0.70        0.00
--------|----------------------------------------------------------------------------|-------|-------------|-------|-------|-------|-------|--------|-----------
         Aggregated                                                                      4066    11(0.27%) |   3356       1   19146   2600 |   11.80        0.00

Type     Name                                                                          # reqs      # fails |    Avg     Min     Max    Med |   req/s  failures/s
--------|----------------------------------------------------------------------------|-------|-------------|-------|-------|-------|-------|--------|-----------
POST     /api/book                                                                       3140     8(0.25%) |   4302       1   19146   3600 |    8.90        0.00
GET      /api/concerts                                                                    641     3(0.47%) |    162       1    5594     49 |    2.60        0.00
GET      /health                                                                          299     0(0.00%) |    183       2    3271     50 |    0.70        0.00
--------|----------------------------------------------------------------------------|-------|-------------|-------|-------|-------|-------|--------|-----------
         Aggregated                                                                      4080    11(0.27%) |   3350       1   19146   2600 |   12.20        0.00

Type     Name                                                                          # reqs      # fails |    Avg     Min     Max    Med |   req/s  failures/s
--------|----------------------------------------------------------------------------|-------|-------------|-------|-------|-------|-------|--------|-----------
POST     /api/book                                                                       3147     8(0.25%) |   4300       1   19146   3600 |    8.60        0.00
GET      /api/concerts                                                                    645     3(0.47%) |    164       1    5594     49 |    2.60        0.00
GET      /health                                                                          303     0(0.00%) |    186       2    3271     50 |    0.80        0.00
--------|----------------------------------------------------------------------------|-------|-------------|-------|-------|-------|-------|--------|-----------
         Aggregated                                                                      4095    11(0.27%) |   3344       1   19146   2600 |   12.00        0.00

Type     Name                                                                          # reqs      # fails |    Avg     Min     Max    Med |   req/s  failures/s
--------|----------------------------------------------------------------------------|-------|-------------|-------|-------|-------|-------|--------|-----------
POST     /api/book                                                                       3156     8(0.25%) |   4299       1   19146   3600 |    8.00        0.00
GET      /api/concerts                                                                    647     3(0.46%) |    164       1    5594     49 |    2.20        0.00
GET      /health                                                                          303     0(0.00%) |    186       2    3271     50 |    0.70        0.00
--------|----------------------------------------------------------------------------|-------|-------------|-------|-------|-------|-------|--------|-----------
         Aggregated                                                                      4106    11(0.27%) |   3344       1   19146   2600 |   10.90        0.00

Type     Name                                                                          # reqs      # fails |    Avg     Min     Max    Med |   req/s  failures/s
--------|----------------------------------------------------------------------------|-------|-------------|-------|-------|-------|-------|--------|-----------
POST     /api/book                                                                       3172     8(0.25%) |   4292       1   19146   3600 |    7.20        0.00
GET      /api/concerts                                                                    650     3(0.46%) |    163       1    5594     49 |    1.80        0.00
GET      /health                                                                          303     0(0.00%) |    186       2    3271     50 |    0.70        0.00
--------|----------------------------------------------------------------------------|-------|-------------|-------|-------|-------|-------|--------|-----------
         Aggregated                                                                      4125    11(0.27%) |   3340       1   19146   2600 |    9.70        0.00

Type     Name                                                                          # reqs      # fails |    Avg     Min     Max    Med |   req/s  failures/s
--------|----------------------------------------------------------------------------|-------|-------------|-------|-------|-------|-------|--------|-----------
POST     /api/book                                                                       3178     8(0.25%) |   4288       1   19146   3600 |    8.60        0.00
GET      /api/concerts                                                                    653     3(0.46%) |    163       1    5594     49 |    1.50        0.00
GET      /health                                                                          303     0(0.00%) |    186       2    3271     50 |    0.60        0.00
--------|----------------------------------------------------------------------------|-------|-------------|-------|-------|-------|-------|--------|-----------
         Aggregated                                                                      4134    11(0.27%) |   3336       1   19146   2600 |   10.70        0.00

Type     Name                                                                          # reqs      # fails |    Avg     Min     Max    Med |   req/s  failures/s
--------|----------------------------------------------------------------------------|-------|-------------|-------|-------|-------|-------|--------|-----------
POST     /api/book                                                                       3217     8(0.25%) |   4323       1   19146   3600 |    7.90        0.00
GET      /api/concerts                                                                    655     3(0.46%) |    162       1    5594     49 |    1.40        0.00
GET      /health                                                                          303     0(0.00%) |    186       2    3271     50 |    0.60        0.00
--------|----------------------------------------------------------------------------|-------|-------------|-------|-------|-------|-------|--------|-----------
         Aggregated                                                                      4175    11(0.26%) |   3370       1   19146   2700 |    9.90        0.00

Type     Name                                                                          # reqs      # fails |    Avg     Min     Max    Med |   req/s  failures/s
--------|----------------------------------------------------------------------------|-------|-------------|-------|-------|-------|-------|--------|-----------
POST     /api/book                                                                       3240     8(0.25%) |   4315       1   19146   3600 |    8.10        0.00
GET      /api/concerts                                                                    660     3(0.45%) |    161       1    5594     49 |    1.50        0.00
GET      /health                                                                          307     0(0.00%) |    185       2    3271     50 |    0.40        0.00
--------|----------------------------------------------------------------------------|-------|-------------|-------|-------|-------|-------|--------|-----------
         Aggregated                                                                      4207    11(0.26%) |   3362       1   19146   2600 |   10.00        0.00

Type     Name                                                                          # reqs      # fails |    Avg     Min     Max    Med |   req/s  failures/s
--------|----------------------------------------------------------------------------|-------|-------------|-------|-------|-------|-------|--------|-----------
POST     /api/book                                                                       3249     8(0.25%) |   4307       1   19146   3600 |    8.20        0.00
GET      /api/concerts                                                                    662     3(0.45%) |    162       1    5594     49 |    1.40        0.00
GET      /health                                                                          308     0(0.00%) |    185       2    3271     50 |    0.30        0.00
--------|----------------------------------------------------------------------------|-------|-------------|-------|-------|-------|-------|--------|-----------
         Aggregated                                                                      4219    11(0.26%) |   3356       1   19146   2600 |    9.90        0.00

Type     Name                                                                          # reqs      # fails |    Avg     Min     Max    Med |   req/s  failures/s
--------|----------------------------------------------------------------------------|-------|-------------|-------|-------|-------|-------|--------|-----------
POST     /api/book                                                                       3257     8(0.25%) |   4303       1   19146   3600 |    9.60        0.00
GET      /api/concerts                                                                    665     3(0.45%) |    162       1    5594     49 |    1.50        0.00
GET      /health                                                                          311     0(0.00%) |    184       2    3271     50 |    0.50        0.00
--------|----------------------------------------------------------------------------|-------|-------------|-------|-------|-------|-------|--------|-----------
         Aggregated                                                                      4233    11(0.26%) |   3349       1   19146   2600 |   11.60        0.00

Type     Name                                                                          # reqs      # fails |    Avg     Min     Max    Med |   req/s  failures/s
--------|----------------------------------------------------------------------------|-------|-------------|-------|-------|-------|-------|--------|-----------
POST     /api/book                                                                       3282     8(0.24%) |   4315       1   19146   3600 |    8.10        0.00
GET      /api/concerts                                                                    667     3(0.45%) |    162       1    5594     49 |    1.60        0.00
GET      /health                                                                          311     0(0.00%) |    184       2    3271     50 |    0.70        0.00
--------|----------------------------------------------------------------------------|-------|-------------|-------|-------|-------|-------|--------|-----------
         Aggregated                                                                      4260    11(0.26%) |   3363       1   19146   2600 |   10.40        0.00

Type     Name                                                                          # reqs      # fails |    Avg     Min     Max    Med |   req/s  failures/s
--------|----------------------------------------------------------------------------|-------|-------------|-------|-------|-------|-------|--------|-----------
POST     /api/book                                                                       3320     8(0.24%) |   4308       1   19146   3600 |    8.50        0.00
GET      /api/concerts                                                                    675     3(0.44%) |    160       1    5594     49 |    1.30        0.00
GET      /health                                                                          315     0(0.00%) |    182       2    3271     50 |    0.80        0.00
--------|----------------------------------------------------------------------------|-------|-------------|-------|-------|-------|-------|--------|-----------
         Aggregated                                                                      4310    11(0.26%) |   3357       1   19146   2600 |   10.60        0.00

Type     Name                                                                          # reqs      # fails |    Avg     Min     Max    Med |   req/s  failures/s
--------|----------------------------------------------------------------------------|-------|-------------|-------|-------|-------|-------|--------|-----------
POST     /api/book                                                                       3324     8(0.24%) |   4304       1   19146   3600 |    9.70        0.00
GET      /api/concerts                                                                    682     3(0.44%) |    159       1    5594     49 |    1.70        0.00
GET      /health                                                                          320     0(0.00%) |    180       2    3271     49 |    0.90        0.00
--------|----------------------------------------------------------------------------|-------|-------------|-------|-------|-------|-------|--------|-----------
         Aggregated                                                                      4326    11(0.25%) |   3345       1   19146   2600 |   12.30        0.00

Type     Name                                                                          # reqs      # fails |    Avg     Min     Max    Med |   req/s  failures/s
--------|----------------------------------------------------------------------------|-------|-------------|-------|-------|-------|-------|--------|-----------
POST     /api/book                                                                       3341     8(0.24%) |   4298       1   19146   3600 |    9.80        0.00
GET      /api/concerts                                                                    685     3(0.44%) |    160       1    5594     49 |    2.30        0.00
GET      /health                                                                          322     0(0.00%) |    179       2    3271     49 |    1.30        0.00
--------|----------------------------------------------------------------------------|-------|-------------|-------|-------|-------|-------|--------|-----------
         Aggregated                                                                      4348    11(0.25%) |   3341       1   19146   2600 |   13.40        0.00

Type     Name                                                                          # reqs      # fails |    Avg     Min     Max    Med |   req/s  failures/s
--------|----------------------------------------------------------------------------|-------|-------------|-------|-------|-------|-------|--------|-----------
POST     /api/book                                                                       3350     8(0.24%) |   4294       1   19146   3600 |    8.20        0.00
GET      /api/concerts                                                                    686     3(0.44%) |    160       1    5594     49 |    2.10        0.00
GET      /health                                                                          325     0(0.00%) |    178       2    3271     49 |    1.20        0.00
--------|----------------------------------------------------------------------------|-------|-------------|-------|-------|-------|-------|--------|-----------
         Aggregated                                                                      4361    11(0.25%) |   3337       1   19146   2600 |   11.50        0.00

Type     Name                                                                          # reqs      # fails |    Avg     Min     Max    Med |   req/s  failures/s
--------|----------------------------------------------------------------------------|-------|-------------|-------|-------|-------|-------|--------|-----------
POST     /api/book                                                                       3390     8(0.24%) |   4307       1   19146   3600 |    9.70        0.00
GET      /api/concerts                                                                    689     3(0.44%) |    160       1    5594     49 |    2.10        0.00
GET      /health                                                                          327     0(0.00%) |    177       2    3271     49 |    1.40        0.00
--------|----------------------------------------------------------------------------|-------|-------------|-------|-------|-------|-------|--------|-----------
         Aggregated                                                                      4406    11(0.25%) |   3352       1   19146   2600 |   13.20        0.00

Type     Name                                                                          # reqs      # fails |    Avg     Min     Max    Med |   req/s  failures/s
--------|----------------------------------------------------------------------------|-------|-------------|-------|-------|-------|-------|--------|-----------
POST     /api/book                                                                       3407     8(0.23%) |   4298       1   19146   3600 |   10.50        0.00
GET      /api/concerts                                                                    693     3(0.43%) |    159       1    5594     49 |    2.20        0.00
GET      /health                                                                          328     0(0.00%) |    178       2    3271     49 |    1.50        0.00
--------|----------------------------------------------------------------------------|-------|-------------|-------|-------|-------|-------|--------|-----------
         Aggregated                                                                      4428    11(0.25%) |   3345       1   19146   2600 |   14.20        0.00

Type     Name                                                                          # reqs      # fails |    Avg     Min     Max    Med |   req/s  failures/s
--------|----------------------------------------------------------------------------|-------|-------------|-------|-------|-------|-------|--------|-----------
POST     /api/book                                                                       3417     8(0.23%) |   4292       1   19146   3600 |    8.50        0.00
GET      /api/concerts                                                                    696     3(0.43%) |    159       1    5594     49 |    2.10        0.00
GET      /health                                                                          331     0(0.00%) |    176       2    3271     49 |    1.60        0.00
--------|----------------------------------------------------------------------------|-------|-------------|-------|-------|-------|-------|--------|-----------
         Aggregated                                                                      4444    11(0.25%) |   3339       1   19146   2600 |   12.20        0.00

Type     Name                                                                          # reqs      # fails |    Avg     Min     Max    Med |   req/s  failures/s
--------|----------------------------------------------------------------------------|-------|-------------|-------|-------|-------|-------|--------|-----------
POST     /api/book                                                                       3429     8(0.23%) |   4285       1   19146   3600 |    9.00        0.00
GET      /api/concerts                                                                    698     3(0.43%) |    159       1    5594     49 |    1.40        0.00
GET      /health                                                                          336     0(0.00%) |    175       2    3271     49 |    1.20        0.00
--------|----------------------------------------------------------------------------|-------|-------------|-------|-------|-------|-------|--------|-----------
         Aggregated                                                                      4463    11(0.25%) |   3330       1   19146   2600 |   11.60        0.00

Type     Name                                                                          # reqs      # fails |    Avg     Min     Max    Med |   req/s  failures/s
--------|----------------------------------------------------------------------------|-------|-------------|-------|-------|-------|-------|--------|-----------
POST     /api/book                                                                       3441     8(0.23%) |   4283       1   19146   3600 |   10.00        0.00
GET      /api/concerts                                                                    699     3(0.43%) |    159       1    5594     49 |    1.40        0.00
GET      /health                                                                          337     0(0.00%) |    174       2    3271     49 |    1.40        0.00
--------|----------------------------------------------------------------------------|-------|-------------|-------|-------|-------|-------|--------|-----------
         Aggregated                                                                      4477    11(0.25%) |   3330       1   19146   2600 |   12.80        0.00

Type     Name                                                                          # reqs      # fails |    Avg     Min     Max    Med |   req/s  failures/s
--------|----------------------------------------------------------------------------|-------|-------------|-------|-------|-------|-------|--------|-----------
POST     /api/book                                                                       3487     8(0.23%) |   4296       1   19146   3600 |    9.00        0.00
GET      /api/concerts                                                                    705     3(0.43%) |    158       1    5594     49 |    1.30        0.00
GET      /health                                                                          339     0(0.00%) |    175       2    3271     49 |    1.20        0.00
--------|----------------------------------------------------------------------------|-------|-------------|-------|-------|-------|-------|--------|-----------
         Aggregated                                                                      4531    11(0.24%) |   3344       1   19146   2600 |   11.50        0.00

Type     Name                                                                          # reqs      # fails |    Avg     Min     Max    Med |   req/s  failures/s
--------|----------------------------------------------------------------------------|-------|-------------|-------|-------|-------|-------|--------|-----------
POST     /api/book                                                                       3497     8(0.23%) |   4289       1   19146   3600 |    8.80        0.00
GET      /api/concerts                                                                    711     3(0.42%) |    157       1    5594     49 |    1.50        0.00
GET      /health                                                                          340     0(0.00%) |    175       2    3271     49 |    1.30        0.00
--------|----------------------------------------------------------------------------|-------|-------------|-------|-------|-------|-------|--------|-----------
         Aggregated                                                                      4548    11(0.24%) |   3336       1   19146   2600 |   11.60        0.00

Type     Name                                                                          # reqs      # fails |    Avg     Min     Max    Med |   req/s  failures/s
--------|----------------------------------------------------------------------------|-------|-------------|-------|-------|-------|-------|--------|-----------
POST     /api/book                                                                       3507     8(0.23%) |   4283       1   19146   3600 |    9.50        0.00
GET      /api/concerts                                                                    716     3(0.42%) |    157       1    5594     49 |    1.70        0.00
GET      /health                                                                          341     0(0.00%) |    174       2    3271     49 |    1.10        0.00
--------|----------------------------------------------------------------------------|-------|-------------|-------|-------|-------|-------|--------|-----------
         Aggregated                                                                      4564    11(0.24%) |   3329       1   19146   2600 |   12.30        0.00

Type     Name                                                                          # reqs      # fails |    Avg     Min     Max    Med |   req/s  failures/s
--------|----------------------------------------------------------------------------|-------|-------------|-------|-------|-------|-------|--------|-----------
POST     /api/book                                                                       3520     8(0.23%) |   4277       1   19146   3600 |    9.10        0.00
GET      /api/concerts                                                                    718     3(0.42%) |    157       1    5594     49 |    2.00        0.00
GET      /health                                                                          341     0(0.00%) |    174       2    3271     49 |    1.10        0.00
--------|----------------------------------------------------------------------------|-------|-------------|-------|-------|-------|-------|--------|-----------
         Aggregated                                                                      4579    11(0.24%) |   3326       1   19146   2600 |   12.20        0.00

Type     Name                                                                          # reqs      # fails |    Avg     Min     Max    Med |   req/s  failures/s
--------|----------------------------------------------------------------------------|-------|-------------|-------|-------|-------|-------|--------|-----------
POST     /api/book                                                                       3544     8(0.23%) |   4278       1   19146   3600 |    9.10        0.00
GET      /api/concerts                                                                    723     3(0.41%) |    158       1    5594     49 |    2.00        0.00
GET      /health                                                                          342     0(0.00%) |    175       2    3271     49 |    0.70        0.00
--------|----------------------------------------------------------------------------|-------|-------------|-------|-------|-------|-------|--------|-----------
         Aggregated                                                                      4609    11(0.24%) |   3327       1   19146   2600 |   11.80        0.00

Type     Name                                                                          # reqs      # fails |    Avg     Min     Max    Med |   req/s  failures/s
--------|----------------------------------------------------------------------------|-------|-------------|-------|-------|-------|-------|--------|-----------
POST     /api/book                                                                       3575     8(0.22%) |   4280       1   19146   3600 |    8.90        0.00
GET      /api/concerts                                                                    725     3(0.41%) |    157       1    5594     49 |    2.10        0.00
GET      /health                                                                          344     0(0.00%) |    174       2    3271     48 |    0.50        0.00
--------|----------------------------------------------------------------------------|-------|-------------|-------|-------|-------|-------|--------|-----------
         Aggregated                                                                      4644    11(0.24%) |   3332       1   19146   2600 |   11.50        0.00

Type     Name                                                                          # reqs      # fails |    Avg     Min     Max    Med |   req/s  failures/s
--------|----------------------------------------------------------------------------|-------|-------------|-------|-------|-------|-------|--------|-----------
POST     /api/book                                                                       3586     8(0.22%) |   4276       1   19146   3600 |   12.00        0.00
GET      /api/concerts                                                                    730     3(0.41%) |    157       1    5594     49 |    2.20        0.00
GET      /health                                                                          346     0(0.00%) |    173       2    3271     47 |    0.40        0.00
--------|----------------------------------------------------------------------------|-------|-------------|-------|-------|-------|-------|--------|-----------
         Aggregated                                                                      4662    11(0.24%) |   3327       1   19146   2600 |   14.60        0.00

Type     Name                                                                          # reqs      # fails |    Avg     Min     Max    Med |   req/s  failures/s
--------|----------------------------------------------------------------------------|-------|-------------|-------|-------|-------|-------|--------|-----------
POST     /api/book                                                                       3601     8(0.22%) |   4269       1   19146   3500 |    8.40        0.00
GET      /api/concerts                                                                    730     3(0.41%) |    157       1    5594     49 |    1.80        0.00
GET      /health                                                                          346     0(0.00%) |    173       2    3271     47 |    0.50        0.00
--------|----------------------------------------------------------------------------|-------|-------------|-------|-------|-------|-------|--------|-----------
         Aggregated                                                                      4677    11(0.24%) |   3324       1   19146   2600 |   10.70        0.00

Type     Name                                                                          # reqs      # fails |    Avg     Min     Max    Med |   req/s  failures/s
--------|----------------------------------------------------------------------------|-------|-------------|-------|-------|-------|-------|--------|-----------
POST     /api/book                                                                       3605     8(0.22%) |   4268       1   19146   3500 |    9.10        0.00
GET      /api/concerts                                                                    735     3(0.41%) |    156       1    5594     49 |    1.60        0.00
GET      /health                                                                          349     0(0.00%) |    171       2    3271     47 |    0.50        0.00
--------|----------------------------------------------------------------------------|-------|-------------|-------|-------|-------|-------|--------|-----------
         Aggregated                                                                      4689    11(0.23%) |   3319       1   19146   2600 |   11.20        0.00

Type     Name                                                                          # reqs      # fails |    Avg     Min     Max    Med |   req/s  failures/s
--------|----------------------------------------------------------------------------|-------|-------------|-------|-------|-------|-------|--------|-----------
POST     /api/book                                                                       3642     8(0.22%) |   4266       1   19146   3500 |    8.70        0.00
GET      /api/concerts                                                                    738     3(0.41%) |    156       1    5594     49 |    1.60        0.00
GET      /health                                                                          350     0(0.00%) |    172       2    3271     47 |    0.60        0.00
--------|----------------------------------------------------------------------------|-------|-------------|-------|-------|-------|-------|--------|-----------
         Aggregated                                                                      4730    11(0.23%) |   3322       1   19146   2600 |   10.90        0.00

Type     Name                                                                          # reqs      # fails |    Avg     Min     Max    Med |   req/s  failures/s
--------|----------------------------------------------------------------------------|-------|-------------|-------|-------|-------|-------|--------|-----------
POST     /api/book                                                                       3666     8(0.22%) |   4271       1   19146   3600 |    9.10        0.00
GET      /api/concerts                                                                    745     3(0.40%) |    155       1    5594     49 |    1.60        0.00
GET      /health                                                                          356     0(0.00%) |    170       2    3271     47 |    0.80        0.00
--------|----------------------------------------------------------------------------|-------|-------------|-------|-------|-------|-------|--------|-----------
         Aggregated                                                                      4767    11(0.23%) |   3321       1   19146   2600 |   11.50        0.00

Type     Name                                                                          # reqs      # fails |    Avg     Min     Max    Med |   req/s  failures/s
--------|----------------------------------------------------------------------------|-------|-------------|-------|-------|-------|-------|--------|-----------
POST     /api/book                                                                       3678     8(0.22%) |   4264       1   19146   3500 |    9.20        0.00
GET      /api/concerts                                                                    749     3(0.40%) |    155       1    5594     49 |    1.80        0.00
GET      /health                                                                          357     0(0.00%) |    169       2    3271     47 |    1.00        0.00
--------|----------------------------------------------------------------------------|-------|-------------|-------|-------|-------|-------|--------|-----------
         Aggregated                                                                      4784    11(0.23%) |   3316       1   19146   2600 |   12.00        0.00

Type     Name                                                                          # reqs      # fails |    Avg     Min     Max    Med |   req/s  failures/s
--------|----------------------------------------------------------------------------|-------|-------------|-------|-------|-------|-------|--------|-----------
POST     /api/book                                                                       3687     8(0.22%) |   4262       1   19146   3500 |    9.40        0.00
GET      /api/concerts                                                                    753     3(0.40%) |    160       1    5594     50 |    2.20        0.00
GET      /health                                                                          358     0(0.00%) |    170       2    3271     47 |    1.20        0.00
--------|----------------------------------------------------------------------------|-------|-------------|-------|-------|-------|-------|--------|-----------
         Aggregated                                                                      4798    11(0.23%) |   3313       1   19146   2600 |   12.80        0.00

Type     Name                                                                          # reqs      # fails |    Avg     Min     Max    Med |   req/s  failures/s
--------|----------------------------------------------------------------------------|-------|-------------|-------|-------|-------|-------|--------|-----------
POST     /api/book                                                                       3698     8(0.22%) |   4258       1   19146   3500 |    8.70        0.00
GET      /api/concerts                                                                    753     3(0.40%) |    160       1    5594     50 |    2.20        0.00
GET      /health                                                                          359     0(0.00%) |    172       2    3271     47 |    1.10        0.00
--------|----------------------------------------------------------------------------|-------|-------------|-------|-------|-------|-------|--------|-----------
         Aggregated                                                                      4810    11(0.23%) |   3312       1   19146   2600 |   12.00        0.00

Type     Name                                                                          # reqs      # fails |    Avg     Min     Max    Med |   req/s  failures/s
--------|----------------------------------------------------------------------------|-------|-------------|-------|-------|-------|-------|--------|-----------
POST     /api/book                                                                       3728     8(0.21%) |   4274       1   19146   3500 |    8.90        0.00
GET      /api/concerts                                                                    753     3(0.40%) |    160       1    5594     50 |    2.00        0.00
GET      /health                                                                          360     0(0.00%) |    173       2    3271     47 |    1.20        0.00
--------|----------------------------------------------------------------------------|-------|-------------|-------|-------|-------|-------|--------|-----------
         Aggregated                                                                      4841    11(0.23%) |   3329       1   19146   2600 |   12.10        0.00

Type     Name                                                                          # reqs      # fails |    Avg     Min     Max    Med |   req/s  failures/s
--------|----------------------------------------------------------------------------|-------|-------------|-------|-------|-------|-------|--------|-----------
POST     /api/book                                                                       3754     8(0.21%) |   4272       1   19146   3500 |    9.10        0.00
GET      /api/concerts                                                                    757     3(0.40%) |    159       1    5594     49 |    1.70        0.00
GET      /health                                                                          363     0(0.00%) |    172       2    3271     47 |    1.10        0.00
--------|----------------------------------------------------------------------------|-------|-------------|-------|-------|-------|-------|--------|-----------
         Aggregated                                                                      4874    11(0.23%) |   3328       1   19146   2600 |   11.90        0.00

Type     Name                                                                          # reqs      # fails |    Avg     Min     Max    Med |   req/s  failures/s
--------|----------------------------------------------------------------------------|-------|-------------|-------|-------|-------|-------|--------|-----------
POST     /api/book                                                                       3764     8(0.21%) |   4266       1   19146   3500 |    8.60        0.00
GET      /api/concerts                                                                    765     3(0.39%) |    158       1    5594     49 |    1.40        0.00
GET      /health                                                                          366     0(0.00%) |    172       2    3271     47 |    0.90        0.00
--------|----------------------------------------------------------------------------|-------|-------------|-------|-------|-------|-------|--------|-----------
         Aggregated                                                                      4895    11(0.22%) |   3318       1   19146   2600 |   10.90        0.00

Type     Name                                                                          # reqs      # fails |    Avg     Min     Max    Med |   req/s  failures/s
--------|----------------------------------------------------------------------------|-------|-------------|-------|-------|-------|-------|--------|-----------
POST     /api/book                                                                       3770     8(0.21%) |   4264       1   19146   3500 |    9.00        0.00
GET      /api/concerts                                                                    767     3(0.39%) |    160       1    5594     50 |    1.40        0.00
GET      /health                                                                          366     0(0.00%) |    172       2    3271     47 |    0.90        0.00
--------|----------------------------------------------------------------------------|-------|-------------|-------|-------|-------|-------|--------|-----------
         Aggregated                                                                      4903    11(0.22%) |   3316       1   19146   2600 |   11.30        0.00

Type     Name                                                                          # reqs      # fails |    Avg     Min     Max    Med |   req/s  failures/s
--------|----------------------------------------------------------------------------|-------|-------------|-------|-------|-------|-------|--------|-----------
POST     /api/book                                                                       3804     8(0.21%) |   4264       1   19146   3500 |    8.50        0.00
GET      /api/concerts                                                                    768     3(0.39%) |    160       1    5594     50 |    1.30        0.00
GET      /health                                                                          368     0(0.00%) |    171       2    3271     47 |    0.90        0.00
--------|----------------------------------------------------------------------------|-------|-------------|-------|-------|-------|-------|--------|-----------
         Aggregated                                                                      4940    11(0.22%) |   3321       1   19146   2600 |   10.70        0.00

Type     Name                                                                          # reqs      # fails |    Avg     Min     Max    Med |   req/s  failures/s
--------|----------------------------------------------------------------------------|-------|-------------|-------|-------|-------|-------|--------|-----------
POST     /api/book                                                                       3828     8(0.21%) |   4269       1   19146   3600 |    8.40        0.00
GET      /api/concerts                                                                    771     3(0.39%) |    160       1    5594     49 |    1.50        0.00
GET      /health                                                                          371     0(0.00%) |    170       2    3271     48 |    0.90        0.00
--------|----------------------------------------------------------------------------|-------|-------------|-------|-------|-------|-------|--------|-----------
         Aggregated                                                                      4970    11(0.22%) |   3325       1   19146   2600 |   10.80        0.00

Type     Name                                                                          # reqs      # fails |    Avg     Min     Max    Med |   req/s  failures/s
--------|----------------------------------------------------------------------------|-------|-------------|-------|-------|-------|-------|--------|-----------
POST     /api/book                                                                       3837     8(0.21%) |   4265       1   19146   3500 |   10.30        0.00
GET      /api/concerts                                                                    774     3(0.39%) |    159       1    5594     50 |    1.50        0.00
GET      /health                                                                          375     0(0.00%) |    169       2    3271     48 |    0.90        0.00
--------|----------------------------------------------------------------------------|-------|-------------|-------|-------|-------|-------|--------|-----------
         Aggregated                                                                      4986    11(0.22%) |   3319       1   19146   2600 |   12.70        0.00

Type     Name                                                                          # reqs      # fails |    Avg     Min     Max    Med |   req/s  failures/s
--------|----------------------------------------------------------------------------|-------|-------------|-------|-------|-------|-------|--------|-----------
POST     /api/book                                                                       3865     8(0.21%) |   4255       1   19146   3500 |    8.30        0.00
GET      /api/concerts                                                                    776     3(0.39%) |    160       1    5594     50 |    1.50        0.00
GET      /health                                                                          378     0(0.00%) |    168       2    3271     47 |    1.30        0.00
--------|----------------------------------------------------------------------------|-------|-------------|-------|-------|-------|-------|--------|-----------
         Aggregated                                                                      5019    11(0.22%) |   3314       1   19146   2600 |   11.10        0.00

Type     Name                                                                          # reqs      # fails |    Avg     Min     Max    Med |   req/s  failures/s
--------|----------------------------------------------------------------------------|-------|-------------|-------|-------|-------|-------|--------|-----------
POST     /api/book                                                                       3870     8(0.21%) |   4252       1   19146   3500 |    9.00        0.00
GET      /api/concerts                                                                    782     3(0.38%) |    159       1    5594     49 |    1.20        0.00
GET      /health                                                                          379     0(0.00%) |    167       2    3271     47 |    1.10        0.00
--------|----------------------------------------------------------------------------|-------|-------------|-------|-------|-------|-------|--------|-----------
         Aggregated                                                                      5031    11(0.22%) |   3308       1   19146   2600 |   11.30        0.00

Type     Name                                                                          # reqs      # fails |    Avg     Min     Max    Med |   req/s  failures/s
--------|----------------------------------------------------------------------------|-------|-------------|-------|-------|-------|-------|--------|-----------
POST     /api/book                                                                       3874     8(0.21%) |   4253       1   19146   3500 |   10.20        0.00
GET      /api/concerts                                                                    786     3(0.38%) |    161       1    5594     50 |    1.40        0.00
GET      /health                                                                          379     0(0.00%) |    167       2    3271     47 |    1.30        0.00
--------|----------------------------------------------------------------------------|-------|-------------|-------|-------|-------|-------|--------|-----------
         Aggregated                                                                      5039    11(0.22%) |   3307       1   19146   2600 |   12.90        0.00

Type     Name                                                                          # reqs      # fails |    Avg     Min     Max    Med |   req/s  failures/s
--------|----------------------------------------------------------------------------|-------|-------------|-------|-------|-------|-------|--------|-----------
POST     /api/book                                                                       3913     8(0.20%) |   4254       1   19146   3500 |    9.50        0.00
GET      /api/concerts                                                                    786     3(0.38%) |    161       1    5594     50 |    1.40        0.00
GET      /health                                                                          380     0(0.00%) |    167       2    3271     47 |    1.10        0.00
--------|----------------------------------------------------------------------------|-------|-------------|-------|-------|-------|-------|--------|-----------
         Aggregated                                                                      5079    11(0.22%) |   3315       1   19146   2600 |   12.00        0.00

Type     Name                                                                          # reqs      # fails |    Avg     Min     Max    Med |   req/s  failures/s
--------|----------------------------------------------------------------------------|-------|-------------|-------|-------|-------|-------|--------|-----------
POST     /api/book                                                                       3943     8(0.20%) |   4254       1   19146   3500 |    7.00        0.00
GET      /api/concerts                                                                    792     3(0.38%) |    160       1    5594     49 |    1.80        0.00
GET      /health                                                                          383     0(0.00%) |    166       2    3271     47 |    1.00        0.00
--------|----------------------------------------------------------------------------|-------|-------------|-------|-------|-------|-------|--------|-----------
         Aggregated                                                                      5118    11(0.21%) |   3315       1   19146   2600 |    9.80        0.00

Type     Name                                                                          # reqs      # fails |    Avg     Min     Max    Med |   req/s  failures/s
--------|----------------------------------------------------------------------------|-------|-------------|-------|-------|-------|-------|--------|-----------
POST     /api/book                                                                       3947     8(0.20%) |   4252       1   19146   3500 |   10.10        0.00
GET      /api/concerts                                                                    795     3(0.38%) |    160       1    5594     50 |    1.60        0.00
GET      /health                                                                          386     0(0.00%) |    165       2    3271     46 |    0.60        0.00
--------|----------------------------------------------------------------------------|-------|-------------|-------|-------|-------|-------|--------|-----------
         Aggregated                                                                      5128    11(0.21%) |   3310       1   19146   2600 |   12.30        0.00

Type     Name                                                                          # reqs      # fails |    Avg     Min     Max    Med |   req/s  failures/s
--------|----------------------------------------------------------------------------|-------|-------------|-------|-------|-------|-------|--------|-----------
POST     /api/book                                                                       3952     8(0.20%) |   4251       1   19146   3500 |    9.30        0.00
GET      /api/concerts                                                                    796     3(0.38%) |    160       1    5594     50 |    1.80        0.00
GET      /health                                                                          387     0(0.00%) |    166       2    3271     47 |    1.00        0.00
--------|----------------------------------------------------------------------------|-------|-------------|-------|-------|-------|-------|--------|-----------
         Aggregated                                                                      5135    11(0.21%) |   3309       1   19146   2600 |   12.10        0.00

Type     Name                                                                          # reqs      # fails |    Avg     Min     Max    Med |   req/s  failures/s
--------|----------------------------------------------------------------------------|-------|-------------|-------|-------|-------|-------|--------|-----------
POST     /api/book                                                                       3978     8(0.20%) |   4244       1   19146   3500 |    8.00        0.00
GET      /api/concerts                                                                    799     3(0.38%) |    159       1    5594     49 |    1.60        0.00
GET      /health                                                                          387     0(0.00%) |    166       2    3271     47 |    0.80        0.00
--------|----------------------------------------------------------------------------|-------|-------------|-------|-------|-------|-------|--------|-----------
         Aggregated                                                                      5164    11(0.21%) |   3306       1   19146   2600 |   10.40        0.00

Type     Name                                                                          # reqs      # fails |    Avg     Min     Max    Med |   req/s  failures/s
--------|----------------------------------------------------------------------------|-------|-------------|-------|-------|-------|-------|--------|-----------
POST     /api/book                                                                       4007     8(0.20%) |   4255       1   19146   3600 |   10.30        0.00
GET      /api/concerts                                                                    806     3(0.37%) |    158       1    5594     49 |    1.40        0.00
GET      /health                                                                          387     0(0.00%) |    166       2    3271     47 |    0.80        0.00
--------|----------------------------------------------------------------------------|-------|-------------|-------|-------|-------|-------|--------|-----------
         Aggregated                                                                      5200    11(0.21%) |   3316       1   19146   2600 |   12.50        0.00

Type     Name                                                                          # reqs      # fails |    Avg     Min     Max    Med |   req/s  failures/s
--------|----------------------------------------------------------------------------|-------|-------------|-------|-------|-------|-------|--------|-----------
POST     /api/book                                                                       4033     8(0.20%) |   4249       1   19146   3600 |   10.30        0.00
GET      /api/concerts                                                                    808     3(0.37%) |    158       1    5594     49 |    1.50        0.00
GET      /health                                                                          389     0(0.00%) |    165       2    3271     46 |    0.80        0.00
--------|----------------------------------------------------------------------------|-------|-------------|-------|-------|-------|-------|--------|-----------
         Aggregated                                                                      5230    11(0.21%) |   3313       1   19146   2600 |   12.60        0.00

Type     Name                                                                          # reqs      # fails |    Avg     Min     Max    Med |   req/s  failures/s
--------|----------------------------------------------------------------------------|-------|-------------|-------|-------|-------|-------|--------|-----------
POST     /api/book                                                                       4042     8(0.20%) |   4246       1   19146   3500 |    9.20        0.00
GET      /api/concerts                                                                    816     3(0.37%) |    158       1    5594     49 |    2.00        0.00
GET      /health                                                                          393     0(0.00%) |    165       2    3271     47 |    0.60        0.00
--------|----------------------------------------------------------------------------|-------|-------------|-------|-------|-------|-------|--------|-----------
         Aggregated                                                                      5251    11(0.21%) |   3305       1   19146   2600 |   11.80        0.00

Type     Name                                                                          # reqs      # fails |    Avg     Min     Max    Med |   req/s  failures/s
--------|----------------------------------------------------------------------------|-------|-------------|-------|-------|-------|-------|--------|-----------
POST     /api/book                                                                       4052     8(0.20%) |   4242       1   19146   3500 |    8.90        0.00
GET      /api/concerts                                                                    819     3(0.37%) |    158       1    5594     49 |    2.20        0.00
GET      /health                                                                          394     0(0.00%) |    164       2    3271     47 |    0.50        0.00
--------|----------------------------------------------------------------------------|-------|-------------|-------|-------|-------|-------|--------|-----------
         Aggregated                                                                      5265    11(0.21%) |   3301       1   19146   2600 |   11.60        0.00

Type     Name                                                                          # reqs      # fails |    Avg     Min     Max    Med |   req/s  failures/s
--------|----------------------------------------------------------------------------|-------|-------------|-------|-------|-------|-------|--------|-----------
POST     /api/book                                                                       4088     8(0.20%) |   4244       1   19146   3600 |   10.00        0.00
GET      /api/concerts                                                                    822     3(0.36%) |    158       1    5594     49 |    2.30        0.00
GET      /health                                                                          396     0(0.00%) |    163       2    3271     46 |    0.60        0.00
--------|----------------------------------------------------------------------------|-------|-------------|-------|-------|-------|-------|--------|-----------
         Aggregated                                                                      5306    11(0.21%) |   3306       1   19146   2600 |   12.90        0.00

Type     Name                                                                          # reqs      # fails |    Avg     Min     Max    Med |   req/s  failures/s
--------|----------------------------------------------------------------------------|-------|-------------|-------|-------|-------|-------|--------|-----------
POST     /api/book                                                                       4101     8(0.20%) |   4241       1   19146   3600 |    8.90        0.00
GET      /api/concerts                                                                    822     3(0.36%) |    158       1    5594     49 |    2.50        0.00
GET      /health                                                                          400     0(0.00%) |    163       2    3271     46 |    0.80        0.00
--------|----------------------------------------------------------------------------|-------|-------------|-------|-------|-------|-------|--------|-----------
         Aggregated                                                                      5323    11(0.21%) |   3304       1   19146   2600 |   12.20        0.00

Type     Name                                                                          # reqs      # fails |    Avg     Min     Max    Med |   req/s  failures/s
--------|----------------------------------------------------------------------------|-------|-------------|-------|-------|-------|-------|--------|-----------
POST     /api/book                                                                       4122     8(0.19%) |   4233       1   19146   3500 |   10.50        0.00
GET      /api/concerts                                                                    827     3(0.36%) |    158       1    5594     49 |    2.10        0.00
GET      /health                                                                          402     0(0.00%) |    163       2    3271     46 |    0.90        0.00
--------|----------------------------------------------------------------------------|-------|-------------|-------|-------|-------|-------|--------|-----------
         Aggregated                                                                      5351    11(0.21%) |   3297       1   19146   2600 |   13.50        0.00

Type     Name                                                                          # reqs      # fails |    Avg     Min     Max    Med |   req/s  failures/s
--------|----------------------------------------------------------------------------|-------|-------------|-------|-------|-------|-------|--------|-----------
POST     /api/book                                                                       4127     8(0.19%) |   4228       1   19146   3500 |    8.90        0.00
GET      /api/concerts                                                                    832     3(0.36%) |    157       1    5594     49 |    1.60        0.00
GET      /health                                                                          405     0(0.00%) |    162       2    3271     46 |    1.50        0.00
--------|----------------------------------------------------------------------------|-------|-------------|-------|-------|-------|-------|--------|-----------
         Aggregated                                                                      5364    11(0.21%) |   3290       1   19146   2600 |   12.00        0.00

Type     Name                                                                          # reqs      # fails |    Avg     Min     Max    Med |   req/s  failures/s
--------|----------------------------------------------------------------------------|-------|-------------|-------|-------|-------|-------|--------|-----------
POST     /api/book                                                                       4144     8(0.19%) |   4232       1   19146   3500 |    9.20        0.00
GET      /api/concerts                                                                    832     3(0.36%) |    157       1    5594     49 |    1.70        0.00
GET      /health                                                                          406     0(0.00%) |    166       2    3271     46 |    1.30        0.00
--------|----------------------------------------------------------------------------|-------|-------------|-------|-------|-------|-------|--------|-----------
         Aggregated                                                                      5382    11(0.20%) |   3295       1   19146   2600 |   12.20        0.00

Type     Name                                                                          # reqs      # fails |    Avg     Min     Max    Med |   req/s  failures/s
--------|----------------------------------------------------------------------------|-------|-------------|-------|-------|-------|-------|--------|-----------
POST     /api/book                                                                       4179     8(0.19%) |   4237       1   19146   3600 |    7.90        0.00
GET      /api/concerts                                                                    832     3(0.36%) |    157       1    5594     49 |    1.40        0.00
GET      /health                                                                          407     0(0.00%) |    166       2    3271     46 |    1.20        0.00
--------|----------------------------------------------------------------------------|-------|-------------|-------|-------|-------|-------|--------|-----------
         Aggregated                                                                      5418    11(0.20%) |   3305       1   19146   2600 |   10.50        0.00

Type     Name                                                                          # reqs      # fails |    Avg     Min     Max    Med |   req/s  failures/s
--------|----------------------------------------------------------------------------|-------|-------------|-------|-------|-------|-------|--------|-----------
POST     /api/book                                                                       4198     8(0.19%) |   4226       1   19146   3600 |    9.80        0.00
GET      /api/concerts                                                                    836     3(0.36%) |    157       1    5594     49 |    1.10        0.00
GET      /health                                                                          409     0(0.00%) |    166       2    3271     46 |    1.10        0.00
--------|----------------------------------------------------------------------------|-------|-------------|-------|-------|-------|-------|--------|-----------
         Aggregated                                                                      5443    11(0.20%) |   3296       1   19146   2600 |   12.00        0.00

Type     Name                                                                          # reqs      # fails |    Avg     Min     Max    Med |   req/s  failures/s
--------|----------------------------------------------------------------------------|-------|-------------|-------|-------|-------|-------|--------|-----------
POST     /api/book                                                                       4201     8(0.19%) |   4226       1   19146   3600 |   10.20        0.00
GET      /api/concerts                                                                    843     3(0.36%) |    158       1    5594     49 |    1.10        0.00
GET      /health                                                                          410     0(0.00%) |    167       2    3271     46 |    1.30        0.00
--------|----------------------------------------------------------------------------|-------|-------------|-------|-------|-------|-------|--------|-----------
         Aggregated                                                                      5454    11(0.20%) |   3292       1   19146   2600 |   12.60        0.00

Type     Name                                                                          # reqs      # fails |    Avg     Min     Max    Med |   req/s  failures/s
--------|----------------------------------------------------------------------------|-------|-------------|-------|-------|-------|-------|--------|-----------
POST     /api/book                                                                       4215     8(0.19%) |   4222       1   19146   3500 |    8.40        0.00
GET      /api/concerts                                                                    844     3(0.36%) |    158       1    5594     49 |    1.70        0.00
GET      /health                                                                          411     0(0.00%) |    166       2    3271     46 |    0.80        0.00
--------|----------------------------------------------------------------------------|-------|-------------|-------|-------|-------|-------|--------|-----------
         Aggregated                                                                      5470    11(0.20%) |   3290       1   19146   2600 |   10.90        0.00

Type     Name                                                                          # reqs      # fails |    Avg     Min     Max    Med |   req/s  failures/s
--------|----------------------------------------------------------------------------|-------|-------------|-------|-------|-------|-------|--------|-----------
POST     /api/book                                                                       4230     8(0.19%) |   4220       1   19146   3500 |    8.80        0.00
GET      /api/concerts                                                                    846     3(0.35%) |    158       1    5594     49 |    1.20        0.00
GET      /health                                                                          412     0(0.00%) |    166       2    3271     46 |    0.60        0.00
--------|----------------------------------------------------------------------------|-------|-------------|-------|-------|-------|-------|--------|-----------
         Aggregated                                                                      5488    11(0.20%) |   3289       1   19146   2600 |   10.60        0.00

Type     Name                                                                          # reqs      # fails |    Avg     Min     Max    Med |   req/s  failures/s
--------|----------------------------------------------------------------------------|-------|-------------|-------|-------|-------|-------|--------|-----------
POST     /api/book                                                                       4264     8(0.19%) |   4232       1   19146   3600 |    9.30        0.00
GET      /api/concerts                                                                    854     3(0.35%) |    167       1    5594     49 |    1.40        0.00
GET      /health                                                                          413     0(0.00%) |    166       2    3271     46 |    0.60        0.00
--------|----------------------------------------------------------------------------|-------|-------------|-------|-------|-------|-------|--------|-----------
         Aggregated                                                                      5531    11(0.20%) |   3301       1   19146   2600 |   11.30        0.00

Type     Name                                                                          # reqs      # fails |    Avg     Min     Max    Med |   req/s  failures/s
--------|----------------------------------------------------------------------------|-------|-------------|-------|-------|-------|-------|--------|-----------
POST     /api/book                                                                       4277     8(0.19%) |   4229       1   19146   3600 |    9.60        0.00
GET      /api/concerts                                                                    857     3(0.35%) |    167       1    5594     49 |    1.90        0.00
GET      /health                                                                          415     0(0.00%) |    165       2    3271     46 |    0.60        0.00
--------|----------------------------------------------------------------------------|-------|-------------|-------|-------|-------|-------|--------|-----------
         Aggregated                                                                      5549    11(0.20%) |   3297       1   19146   2600 |   12.10        0.00

Type     Name                                                                          # reqs      # fails |    Avg     Min     Max    Med |   req/s  failures/s
--------|----------------------------------------------------------------------------|-------|-------------|-------|-------|-------|-------|--------|-----------
POST     /api/book                                                                       4290     8(0.19%) |   4224       1   19146   3500 |    7.90        0.00
GET      /api/concerts                                                                    862     3(0.35%) |    167       1    5594     49 |    2.10        0.00
GET      /health                                                                          416     0(0.00%) |    165       2    3271     46 |    0.60        0.00
--------|----------------------------------------------------------------------------|-------|-------------|-------|-------|-------|-------|--------|-----------
         Aggregated                                                                      5568    11(0.20%) |   3293       1   19146   2600 |   10.60        0.00

Type     Name                                                                          # reqs      # fails |    Avg     Min     Max    Med |   req/s  failures/s
--------|----------------------------------------------------------------------------|-------|-------------|-------|-------|-------|-------|--------|-----------
POST     /api/book                                                                       4302     8(0.19%) |   4219       1   19146   3500 |    8.40        0.00
GET      /api/concerts                                                                    863     3(0.35%) |    167       1    5594     49 |    1.90        0.00
GET      /health                                                                          419     0(0.00%) |    164       2    3271     46 |    0.50        0.00
--------|----------------------------------------------------------------------------|-------|-------------|-------|-------|-------|-------|--------|-----------
         Aggregated                                                                      5584    11(0.20%) |   3288       1   19146   2600 |   10.80        0.00

Type     Name                                                                          # reqs      # fails |    Avg     Min     Max    Med |   req/s  failures/s
--------|----------------------------------------------------------------------------|-------|-------------|-------|-------|-------|-------|--------|-----------
POST     /api/book                                                                       4346     8(0.18%) |   4230       1   19146   3600 |    8.60        0.00
GET      /api/concerts                                                                    867     3(0.35%) |    166       1    5594     49 |    1.90        0.00
GET      /health                                                                          421     0(0.00%) |    168       2    3271     46 |    0.70        0.00
--------|----------------------------------------------------------------------------|-------|-------------|-------|-------|-------|-------|--------|-----------
         Aggregated                                                                      5634    11(0.20%) |   3301       1   19146   2600 |   11.20        0.00

Type     Name                                                                          # reqs      # fails |    Avg     Min     Max    Med |   req/s  failures/s
--------|----------------------------------------------------------------------------|-------|-------------|-------|-------|-------|-------|--------|-----------
POST     /api/book                                                                       4359     8(0.18%) |   4221       1   19146   3500 |    8.50        0.00
GET      /api/concerts                                                                    874     3(0.34%) |    165       1    5594     49 |    2.00        0.00
GET      /health                                                                          422     0(0.00%) |    168       2    3271     46 |    0.90        0.00
--------|----------------------------------------------------------------------------|-------|-------------|-------|-------|-------|-------|--------|-----------
         Aggregated                                                                      5655    11(0.19%) |   3292       1   19146   2600 |   11.40        0.00

Type     Name                                                                          # reqs      # fails |    Avg     Min     Max    Med |   req/s  failures/s
--------|----------------------------------------------------------------------------|-------|-------------|-------|-------|-------|-------|--------|-----------
POST     /api/book                                                                       4366     8(0.18%) |   4217       1   19146   3500 |    9.50        0.00
GET      /api/concerts                                                                    880     3(0.34%) |    165       1    5594     49 |    1.60        0.00
GET      /health                                                                          426     0(0.00%) |    168       2    3271     46 |    1.00        0.00
--------|----------------------------------------------------------------------------|-------|-------------|-------|-------|-------|-------|--------|-----------
         Aggregated                                                                      5672    11(0.19%) |   3284       1   19146   2600 |   12.10        0.00

Type     Name                                                                          # reqs      # fails |    Avg     Min     Max    Med |   req/s  failures/s
--------|----------------------------------------------------------------------------|-------|-------------|-------|-------|-------|-------|--------|-----------
POST     /api/book                                                                       4375     8(0.18%) |   4214       1   19146   3500 |    8.90        0.00
GET      /api/concerts                                                                    884     3(0.34%) |    165       1    5594     49 |    2.30        0.00
GET      /health                                                                          426     0(0.00%) |    168       2    3271     46 |    1.10        0.00
--------|----------------------------------------------------------------------------|-------|-------------|-------|-------|-------|-------|--------|-----------
         Aggregated                                                                      5685    11(0.19%) |   3281       1   19146   2600 |   12.30        0.00

Type     Name                                                                          # reqs      # fails |    Avg     Min     Max    Med |   req/s  failures/s
--------|----------------------------------------------------------------------------|-------|-------------|-------|-------|-------|-------|--------|-----------
POST     /api/book                                                                       4396     8(0.18%) |   4210       1   19146   3500 |    8.60        0.00
GET      /api/concerts                                                                    886     3(0.34%) |    165       1    5594     49 |    2.10        0.00
GET      /health                                                                          427     0(0.00%) |    168       2    3271     46 |    1.00        0.00
--------|----------------------------------------------------------------------------|-------|-------------|-------|-------|-------|-------|--------|-----------
         Aggregated                                                                      5709    11(0.19%) |   3280       1   19146   2600 |   11.70        0.00

Type     Name                                                                          # reqs      # fails |    Avg     Min     Max    Med |   req/s  failures/s
--------|----------------------------------------------------------------------------|-------|-------------|-------|-------|-------|-------|--------|-----------
POST     /api/book                                                                       4433     8(0.18%) |   4218       1   19146   3600 |    8.80        0.00
GET      /api/concerts                                                                    892     3(0.34%) |    164       1    5594     49 |    2.30        0.00
GET      /health                                                                          429     0(0.00%) |    167       2    3271     46 |    1.00        0.00
--------|----------------------------------------------------------------------------|-------|-------------|-------|-------|-------|-------|--------|-----------
         Aggregated                                                                      5754    11(0.19%) |   3288       1   19146   2600 |   12.10        0.00

Type     Name                                                                          # reqs      # fails |    Avg     Min     Max    Med |   req/s  failures/s
--------|----------------------------------------------------------------------------|-------|-------------|-------|-------|-------|-------|--------|-----------
POST     /api/book                                                                       4448     8(0.18%) |   4210       1   19146   3500 |    8.70        0.00
GET      /api/concerts                                                                    900     3(0.33%) |    163       1    5594     49 |    2.50        0.00
GET      /health                                                                          436     0(0.00%) |    166       2    3271     46 |    0.80        0.00
--------|----------------------------------------------------------------------------|-------|-------------|-------|-------|-------|-------|--------|-----------
         Aggregated                                                                      5784    11(0.19%) |   3276       1   19146   2600 |   12.00        0.00

Type     Name                                                                          # reqs      # fails |    Avg     Min     Max    Med |   req/s  failures/s
--------|----------------------------------------------------------------------------|-------|-------------|-------|-------|-------|-------|--------|-----------
POST     /api/book                                                                       4456     8(0.18%) |   4206       1   19146   3500 |    8.80        0.00
GET      /api/concerts                                                                    901     3(0.33%) |    163       1    5594     49 |    2.70        0.00
GET      /health                                                                          437     0(0.00%) |    165       2    3271     46 |    1.20        0.00
--------|----------------------------------------------------------------------------|-------|-------------|-------|-------|-------|-------|--------|-----------
         Aggregated                                                                      5794    11(0.19%) |   3273       1   19146   2600 |   12.70        0.00

Type     Name                                                                          # reqs      # fails |    Avg     Min     Max    Med |   req/s  failures/s
--------|----------------------------------------------------------------------------|-------|-------------|-------|-------|-------|-------|--------|-----------
POST     /api/book                                                                       4464     8(0.18%) |   4203       1   19146   3500 |    9.20        0.00
GET      /api/concerts                                                                    904     3(0.33%) |    165       1    5594     49 |    2.20        0.00
GET      /health                                                                          437     0(0.00%) |    165       2    3271     46 |    1.10        0.00
--------|----------------------------------------------------------------------------|-------|-------------|-------|-------|-------|-------|--------|-----------
         Aggregated                                                                      5805    11(0.19%) |   3270       1   19146   2600 |   12.50        0.00

Type     Name                                                                          # reqs      # fails |    Avg     Min     Max    Med |   req/s  failures/s
--------|----------------------------------------------------------------------------|-------|-------------|-------|-------|-------|-------|--------|-----------
POST     /api/book                                                                       4486     8(0.18%) |   4198       1   19146   3500 |    8.90        0.00
GET      /api/concerts                                                                    905     3(0.33%) |    165       1    5594     49 |    2.10        0.00
GET      /health                                                                          439     0(0.00%) |    165       2    3271     46 |    1.10        0.00
--------|----------------------------------------------------------------------------|-------|-------------|-------|-------|-------|-------|--------|-----------
         Aggregated                                                                      5830    11(0.19%) |   3268       1   19146   2600 |   12.10        0.00

Type     Name                                                                          # reqs      # fails |    Avg     Min     Max    Med |   req/s  failures/s
--------|----------------------------------------------------------------------------|-------|-------------|-------|-------|-------|-------|--------|-----------
POST     /api/book                                                                       4525     8(0.18%) |   4213       1   19146   3500 |    9.00        0.00
GET      /api/concerts                                                                    907     3(0.33%) |    164       1    5594     49 |    1.90        0.00
GET      /health                                                                          440     0(0.00%) |    165       2    3271     46 |    1.10        0.00
--------|----------------------------------------------------------------------------|-------|-------------|-------|-------|-------|-------|--------|-----------
         Aggregated                                                                      5872    11(0.19%) |   3284       1   19146   2600 |   12.00        0.00

Type     Name                                                                          # reqs      # fails |    Avg     Min     Max    Med |   req/s  failures/s
--------|----------------------------------------------------------------------------|-------|-------------|-------|-------|-------|-------|--------|-----------
POST     /api/book                                                                       4532     8(0.18%) |   4208       1   19146   3500 |    9.20        0.00
GET      /api/concerts                                                                    914     3(0.33%) |    163       1    5594     49 |    1.50        0.00
GET      /health                                                                          442     0(0.00%) |    164       2    3271     46 |    1.10        0.00
--------|----------------------------------------------------------------------------|-------|-------------|-------|-------|-------|-------|--------|-----------
         Aggregated                                                                      5888    11(0.19%) |   3277       1   19146   2600 |   11.80        0.00

Type     Name                                                                          # reqs      # fails |    Avg     Min     Max    Med |   req/s  failures/s
--------|----------------------------------------------------------------------------|-------|-------------|-------|-------|-------|-------|--------|-----------
POST     /api/book                                                                       4554     8(0.18%) |   4203       1   19146   3500 |    8.30        0.00
GET      /api/concerts                                                                    922     3(0.33%) |    163       1    5594     49 |    1.50        0.00
GET      /health                                                                          444     0(0.00%) |    164       2    3271     46 |    0.60        0.00
--------|----------------------------------------------------------------------------|-------|-------------|-------|-------|-------|-------|--------|-----------
         Aggregated                                                                      5920    11(0.19%) |   3271       1   19146   2600 |   10.40        0.00

Type     Name                                                                          # reqs      # fails |    Avg     Min     Max    Med |   req/s  failures/s
--------|----------------------------------------------------------------------------|-------|-------------|-------|-------|-------|-------|--------|-----------
POST     /api/book                                                                       4560     8(0.18%) |   4199       1   19146   3500 |    8.70        0.00
GET      /api/concerts                                                                    925     3(0.32%) |    163       1    5594     49 |    1.60        0.00
GET      /health                                                                          447     0(0.00%) |    163       2    3271     46 |    0.80        0.00
--------|----------------------------------------------------------------------------|-------|-------------|-------|-------|-------|-------|--------|-----------
         Aggregated                                                                      5932    11(0.19%) |   3266       1   19146   2600 |   11.10        0.00

Type     Name                                                                          # reqs      # fails |    Avg     Min     Max    Med |   req/s  failures/s
--------|----------------------------------------------------------------------------|-------|-------------|-------|-------|-------|-------|--------|-----------
POST     /api/book                                                                       4569     8(0.18%) |   4198       1   19146   3500 |    9.80        0.00
GET      /api/concerts                                                                    927     3(0.32%) |    163       1    5594     49 |    2.20        0.00
GET      /health                                                                          448     0(0.00%) |    162       2    3271     46 |    0.90        0.00
--------|----------------------------------------------------------------------------|-------|-------------|-------|-------|-------|-------|--------|-----------
         Aggregated                                                                      5944    11(0.19%) |   3264       1   19146   2600 |   12.90        0.00

Type     Name                                                                          # reqs      # fails |    Avg     Min     Max    Med |   req/s  failures/s
--------|----------------------------------------------------------------------------|-------|-------------|-------|-------|-------|-------|--------|-----------
POST     /api/book                                                                       4618     8(0.17%) |   4208       1   19146   3500 |    8.60        0.00
GET      /api/concerts                                                                    929     3(0.32%) |    163       1    5594     49 |    2.30        0.00
GET      /health                                                                          450     0(0.00%) |    162       2    3271     46 |    0.90        0.00
--------|----------------------------------------------------------------------------|-------|-------------|-------|-------|-------|-------|--------|-----------
         Aggregated                                                                      5997    11(0.18%) |   3278       1   19146   2600 |   11.80        0.00

Type     Name                                                                          # reqs      # fails |    Avg     Min     Max    Med |   req/s  failures/s
--------|----------------------------------------------------------------------------|-------|-------------|-------|-------|-------|-------|--------|-----------
POST     /api/book                                                                       4630     8(0.17%) |   4201       1   19146   3500 |    9.40        0.00
GET      /api/concerts                                                                    933     3(0.32%) |    162       1    5594     49 |    2.00        0.00
GET      /health                                                                          454     0(0.00%) |    162       2    3271     46 |    0.90        0.00
--------|----------------------------------------------------------------------------|-------|-------------|-------|-------|-------|-------|--------|-----------
         Aggregated                                                                      6017    11(0.18%) |   3270       1   19146   2600 |   12.30        0.00

Type     Name                                                                          # reqs      # fails |    Avg     Min     Max    Med |   req/s  failures/s
--------|----------------------------------------------------------------------------|-------|-------------|-------|-------|-------|-------|--------|-----------
POST     /api/book                                                                       4633     8(0.17%) |   4199       1   19146   3500 |    9.40        0.00
GET      /api/concerts                                                                    936     3(0.32%) |    162       1    5594     49 |    2.20        0.00
GET      /health                                                                          456     0(0.00%) |    161       2    3271     46 |    1.10        0.00
--------|----------------------------------------------------------------------------|-------|-------------|-------|-------|-------|-------|--------|-----------
         Aggregated                                                                      6025    11(0.18%) |   3266       1   19146   2600 |   12.70        0.00

Type     Name                                                                          # reqs      # fails |    Avg     Min     Max    Med |   req/s  failures/s
--------|----------------------------------------------------------------------------|-------|-------------|-------|-------|-------|-------|--------|-----------
POST     /api/book                                                                       4646     8(0.17%) |   4198       1   19146   3500 |    8.00        0.00
GET      /api/concerts                                                                    938     3(0.32%) |    162       1    5594     49 |    1.50        0.00
GET      /health                                                                          456     0(0.00%) |    161       2    3271     46 |    1.20        0.00
--------|----------------------------------------------------------------------------|-------|-------------|-------|-------|-------|-------|--------|-----------
         Aggregated                                                                      6040    11(0.18%) |   3267       1   19146   2600 |   10.70        0.00

Type     Name                                                                          # reqs      # fails |    Avg     Min     Max    Med |   req/s  failures/s
--------|----------------------------------------------------------------------------|-------|-------------|-------|-------|-------|-------|--------|-----------
POST     /api/book                                                                       4676     8(0.17%) |   4196       1   19146   3500 |    8.00        0.00
GET      /api/concerts                                                                    941     3(0.32%) |    163       1    5594     49 |    1.30        0.00
GET      /health                                                                          457     0(0.00%) |    161       2    3271     46 |    0.90        0.00
--------|----------------------------------------------------------------------------|-------|-------------|-------|-------|-------|-------|--------|-----------
         Aggregated                                                                      6074    11(0.18%) |   3267       1   19146   2600 |   10.20        0.00

Type     Name                                                                          # reqs      # fails |    Avg     Min     Max    Med |   req/s  failures/s
--------|----------------------------------------------------------------------------|-------|-------------|-------|-------|-------|-------|--------|-----------
POST     /api/book                                                                       4702     8(0.17%) |   4204       1   19146   3600 |    9.60        0.00
GET      /api/concerts                                                                    945     3(0.32%) |    163       1    5594     49 |    1.10        0.00
GET      /health                                                                          459     0(0.00%) |    160       2    3271     46 |    1.00        0.00
--------|----------------------------------------------------------------------------|-------|-------------|-------|-------|-------|-------|--------|-----------
         Aggregated                                                                      6106    11(0.18%) |   3275       1   19146   2600 |   11.70        0.00

Type     Name                                                                          # reqs      # fails |    Avg     Min     Max    Med |   req/s  failures/s
--------|----------------------------------------------------------------------------|-------|-------------|-------|-------|-------|-------|--------|-----------
POST     /api/book                                                                       4709     8(0.17%) |   4202       1   19146   3500 |   10.30        0.00
GET      /api/concerts                                                                    948     3(0.32%) |    162       1    5594     49 |    1.60        0.00
GET      /health                                                                          463     0(0.00%) |    160       2    3271     46 |    0.90        0.00
--------|----------------------------------------------------------------------------|-------|-------------|-------|-------|-------|-------|--------|-----------
         Aggregated                                                                      6120    11(0.18%) |   3270       1   19146   2600 |   12.80        0.00

Type     Name                                                                          # reqs      # fails |    Avg     Min     Max    Med |   req/s  failures/s
--------|----------------------------------------------------------------------------|-------|-------------|-------|-------|-------|-------|--------|-----------
POST     /api/book                                                                       4737     8(0.17%) |   4192       1   19146   3500 |    7.90        0.00
GET      /api/concerts                                                                    950     3(0.32%) |    162       1    5594     49 |    1.50        0.00
GET      /health                                                                          463     0(0.00%) |    160       2    3271     46 |    0.90        0.00
--------|----------------------------------------------------------------------------|-------|-------------|-------|-------|-------|-------|--------|-----------
         Aggregated                                                                      6150    11(0.18%) |   3266       1   19146   2600 |   10.30        0.00

Type     Name                                                                          # reqs      # fails |    Avg     Min     Max    Med |   req/s  failures/s
--------|----------------------------------------------------------------------------|-------|-------------|-------|-------|-------|-------|--------|-----------
POST     /api/book                                                                       4742     8(0.17%) |   4189       1   19146   3500 |    9.60        0.00
GET      /api/concerts                                                                    953     3(0.31%) |    162       1    5594     48 |    1.50        0.00
GET      /health                                                                          464     0(0.00%) |    159       2    3271     46 |    0.80        0.00
--------|----------------------------------------------------------------------------|-------|-------------|-------|-------|-------|-------|--------|-----------
         Aggregated                                                                      6159    11(0.18%) |   3263       1   19146   2600 |   11.90        0.00

Type     Name                                                                          # reqs      # fails |    Avg     Min     Max    Med |   req/s  failures/s
--------|----------------------------------------------------------------------------|-------|-------------|-------|-------|-------|-------|--------|-----------
POST     /api/book                                                                       4744     8(0.17%) |   4189       1   19146   3500 |   10.20        0.00
GET      /api/concerts                                                                    954     3(0.31%) |    162       1    5594     48 |    1.50        0.00
GET      /health                                                                          464     0(0.00%) |    159       2    3271     46 |    0.80        0.00
--------|----------------------------------------------------------------------------|-------|-------------|-------|-------|-------|-------|--------|-----------
         Aggregated                                                                      6162    11(0.18%) |   3262       1   19146   2600 |   12.50        0.00

Type     Name                                                                          # reqs      # fails |    Avg     Min     Max    Med |   req/s  failures/s
--------|----------------------------------------------------------------------------|-------|-------------|-------|-------|-------|-------|--------|-----------
POST     /api/book                                                                       4770     8(0.17%) |   4190       1   19146   3500 |    8.60        0.00
GET      /api/concerts                                                                    955     3(0.31%) |    162       1    5594     49 |    1.50        0.00
GET      /health                                                                          466     0(0.00%) |    159       2    3271     46 |    0.70        0.00
--------|----------------------------------------------------------------------------|-------|-------------|-------|-------|-------|-------|--------|-----------
         Aggregated                                                                      6191    11(0.18%) |   3265       1   19146   2600 |   10.80        0.00

Type     Name                                                                          # reqs      # fails |    Avg     Min     Max    Med |   req/s  failures/s
--------|----------------------------------------------------------------------------|-------|-------------|-------|-------|-------|-------|--------|-----------
POST     /api/book                                                                       4805     8(0.17%) |   4207       1   19146   3600 |    6.00        0.00
GET      /api/concerts                                                                    961     3(0.31%) |    162       1    5594     48 |    1.20        0.00
GET      /health                                                                          468     0(0.00%) |    159       2    3271     46 |    0.60        0.00
--------|----------------------------------------------------------------------------|-------|-------------|-------|-------|-------|-------|--------|-----------
         Aggregated                                                                      6234    11(0.18%) |   3280       1   19146   2600 |    7.80        0.00

Type     Name                                                                          # reqs      # fails |    Avg     Min     Max    Med |   req/s  failures/s
--------|----------------------------------------------------------------------------|-------|-------------|-------|-------|-------|-------|--------|-----------
POST     /api/book                                                                       4817     8(0.17%) |   4203       1   19146   3500 |    9.90        0.00
GET      /api/concerts                                                                    965     3(0.31%) |    162       1    5594     49 |    1.20        0.00
GET      /health                                                                          470     0(0.00%) |    159       2    3271     46 |    0.50        0.00
--------|----------------------------------------------------------------------------|-------|-------------|-------|-------|-------|-------|--------|-----------
         Aggregated                                                                      6252    11(0.18%) |   3275       1   19146   2600 |   11.60        0.00

Type     Name                                                                          # reqs      # fails |    Avg     Min     Max    Med |   req/s  failures/s
--------|----------------------------------------------------------------------------|-------|-------------|-------|-------|-------|-------|--------|-----------
POST     /api/book                                                                       4828     8(0.17%) |   4200       1   19146   3500 |    8.20        0.00
GET      /api/concerts                                                                    968     3(0.31%) |    162       1    5594     48 |    1.50        0.00
GET      /health                                                                          471     0(0.00%) |    158       2    3271     46 |    0.70        0.00
--------|----------------------------------------------------------------------------|-------|-------------|-------|-------|-------|-------|--------|-----------
         Aggregated                                                                      6267    11(0.18%) |   3273       1   19146   2600 |   10.40        0.00

Type     Name                                                                          # reqs      # fails |    Avg     Min     Max    Med |   req/s  failures/s
--------|----------------------------------------------------------------------------|-------|-------------|-------|-------|-------|-------|--------|-----------
POST     /api/book                                                                       4840     8(0.17%) |   4196       1   19146   3500 |    7.70        0.00
GET      /api/concerts                                                                    970     3(0.31%) |    162       1    5594     48 |    1.60        0.00
GET      /health                                                                          471     0(0.00%) |    158       2    3271     46 |    0.70        0.00
--------|----------------------------------------------------------------------------|-------|-------------|-------|-------|-------|-------|--------|-----------
         Aggregated                                                                      6281    11(0.18%) |   3270       1   19146   2600 |   10.00        0.00

Type     Name                                                                          # reqs      # fails |    Avg     Min     Max    Med |   req/s  failures/s
--------|----------------------------------------------------------------------------|-------|-------------|-------|-------|-------|-------|--------|-----------
POST     /api/book                                                                       4882     8(0.16%) |   4210       1   19146   3600 |    9.60        0.00
GET      /api/concerts                                                                    973     3(0.31%) |    161       1    5594     48 |    1.70        0.00
GET      /health                                                                          474     0(0.00%) |    158       2    3271     46 |    0.70        0.00
--------|----------------------------------------------------------------------------|-------|-------------|-------|-------|-------|-------|--------|-----------
         Aggregated                                                                      6329    11(0.17%) |   3284       1   19146   2600 |   12.00        0.00

Type     Name                                                                          # reqs      # fails |    Avg     Min     Max    Med |   req/s  failures/s
--------|----------------------------------------------------------------------------|-------|-------------|-------|-------|-------|-------|--------|-----------
POST     /api/book                                                                       4898     8(0.16%) |   4203       1   19146   3500 |   11.00        0.00
GET      /api/concerts                                                                    977     3(0.31%) |    161       1    5594     47 |    1.70        0.00
GET      /health                                                                          479     0(0.00%) |    156       2    3271     47 |    0.80        0.00
--------|----------------------------------------------------------------------------|-------|-------------|-------|-------|-------|-------|--------|-----------
         Aggregated                                                                      6354    11(0.17%) |   3276       1   19146   2600 |   13.50        0.00

Type     Name                                                                          # reqs      # fails |    Avg     Min     Max    Med |   req/s  failures/s
--------|----------------------------------------------------------------------------|-------|-------------|-------|-------|-------|-------|--------|-----------
POST     /api/book                                                                       4908     8(0.16%) |   4197       1   19146   3500 |    9.30        0.00
GET      /api/concerts                                                                    982     3(0.31%) |    160       1    5594     47 |    1.60        0.00
GET      /health                                                                          481     0(0.00%) |    156       2    3271     46 |    1.00        0.00
--------|----------------------------------------------------------------------------|-------|-------------|-------|-------|-------|-------|--------|-----------
         Aggregated                                                                      6371    11(0.17%) |   3270       1   19146   2600 |   11.90        0.00

Type     Name                                                                          # reqs      # fails |    Avg     Min     Max    Med |   req/s  failures/s
--------|----------------------------------------------------------------------------|-------|-------------|-------|-------|-------|-------|--------|-----------
POST     /api/book                                                                       4920     8(0.16%) |   4193       1   19146   3500 |    9.10        0.00
GET      /api/concerts                                                                    983     3(0.31%) |    160       1    5594     47 |    1.70        0.00
GET      /health                                                                          483     0(0.00%) |    155       2    3271     46 |    1.00        0.00
--------|----------------------------------------------------------------------------|-------|-------------|-------|-------|-------|-------|--------|-----------
         Aggregated                                                                      6386    11(0.17%) |   3267       1   19146   2600 |   11.80        0.00

Type     Name                                                                          # reqs      # fails |    Avg     Min     Max    Med |   req/s  failures/s
--------|----------------------------------------------------------------------------|-------|-------------|-------|-------|-------|-------|--------|-----------
POST     /api/book                                                                       4931     8(0.16%) |   4190       1   19146   3500 |    9.10        0.00
GET      /api/concerts                                                                    983     3(0.31%) |    160       1    5594     47 |    1.50        0.00
GET      /health                                                                          484     0(0.00%) |    156       2    3271     46 |    1.20        0.00
--------|----------------------------------------------------------------------------|-------|-------------|-------|-------|-------|-------|--------|-----------
         Aggregated                                                                      6398    11(0.17%) |   3265       1   19146   2600 |   11.80        0.00

Type     Name                                                                          # reqs      # fails |    Avg     Min     Max    Med |   req/s  failures/s
--------|----------------------------------------------------------------------------|-------|-------------|-------|-------|-------|-------|--------|-----------
POST     /api/book                                                                       4977     8(0.16%) |   4200       1   19146   3500 |    8.80        0.00
GET      /api/concerts                                                                    984     3(0.30%) |    160       1    5594     47 |    1.30        0.00
GET      /health                                                                          487     0(0.00%) |    163       2    3271     47 |    1.20        0.00
--------|----------------------------------------------------------------------------|-------|-------------|-------|-------|-------|-------|--------|-----------
         Aggregated                                                                      6448    11(0.17%) |   3278       1   19146   2600 |   11.30        0.00

Type     Name                                                                          # reqs      # fails |    Avg     Min     Max    Med |   req/s  failures/s
--------|----------------------------------------------------------------------------|-------|-------------|-------|-------|-------|-------|--------|-----------
POST     /api/book                                                                       4988     8(0.16%) |   4193       1   19146   3500 |   10.80        0.00
GET      /api/concerts                                                                    990     3(0.30%) |    159       1    5594     46 |    1.20        0.00
GET      /health                                                                          490     0(0.00%) |    162       2    3271     46 |    1.20        0.00
--------|----------------------------------------------------------------------------|-------|-------------|-------|-------|-------|-------|--------|-----------
         Aggregated                                                                      6468    11(0.17%) |   3270       1   19146   2600 |   13.20        0.00

Type     Name                                                                          # reqs      # fails |    Avg     Min     Max    Med |   req/s  failures/s
--------|----------------------------------------------------------------------------|-------|-------------|-------|-------|-------|-------|--------|-----------
POST     /api/book                                                                       5000     8(0.16%) |   4189       1   19146   3500 |    9.60        0.00
GET      /api/concerts                                                                    990     3(0.30%) |    159       1    5594     46 |    1.20        0.00
GET      /health                                                                          493     0(0.00%) |    161       2    3271     46 |    1.40        0.00
--------|----------------------------------------------------------------------------|-------|-------------|-------|-------|-------|-------|--------|-----------
         Aggregated                                                                      6483    11(0.17%) |   3267       1   19146   2600 |   12.20        0.00

Type     Name                                                                          # reqs      # fails |    Avg     Min     Max    Med |   req/s  failures/s
--------|----------------------------------------------------------------------------|-------|-------------|-------|-------|-------|-------|--------|-----------
POST     /api/book                                                                       5007     8(0.16%) |   4188       1   19146   3500 |    9.20        0.00
GET      /api/concerts                                                                    991     3(0.30%) |    159       1    5594     46 |    0.80        0.00
GET      /health                                                                          494     0(0.00%) |    161       2    3271     46 |    1.30        0.00
--------|----------------------------------------------------------------------------|-------|-------------|-------|-------|-------|-------|--------|-----------
         Aggregated                                                                      6492    11(0.17%) |   3266       1   19146   2600 |   11.30        0.00

Type     Name                                                                          # reqs      # fails |    Avg     Min     Max    Med |   req/s  failures/s
--------|----------------------------------------------------------------------------|-------|-------------|-------|-------|-------|-------|--------|-----------
POST     /api/book                                                                       5021     8(0.16%) |   4184       1   19146   3500 |    8.80        0.00
GET      /api/concerts                                                                    992     3(0.30%) |    159       1    5594     46 |    0.80        0.00
GET      /health                                                                          495     0(0.00%) |    161       2    3271     46 |    1.00        0.00
--------|----------------------------------------------------------------------------|-------|-------------|-------|-------|-------|-------|--------|-----------
         Aggregated                                                                      6508    11(0.17%) |   3265       1   19146   2600 |   10.60        0.00

Type     Name                                                                          # reqs      # fails |    Avg     Min     Max    Med |   req/s  failures/s
--------|----------------------------------------------------------------------------|-------|-------------|-------|-------|-------|-------|--------|-----------
POST     /api/book                                                                       5070     8(0.16%) |   4196       1   19146   3500 |    9.30        0.00
GET      /api/concerts                                                                    996     3(0.30%) |    158       1    5594     46 |    0.90        0.00
GET      /health                                                                          499     0(0.00%) |    160       2    3271     46 |    1.20        0.00
--------|----------------------------------------------------------------------------|-------|-------------|-------|-------|-------|-------|--------|-----------
         Aggregated                                                                      6565    11(0.17%) |   3277       1   19146   2600 |   11.40        0.00

Type     Name                                                                          # reqs      # fails |    Avg     Min     Max    Med |   req/s  failures/s
--------|----------------------------------------------------------------------------|-------|-------------|-------|-------|-------|-------|--------|-----------
POST     /api/book                                                                       5079     8(0.16%) |   4190       1   19146   3500 |    9.30        0.00
GET      /api/concerts                                                                   1008     3(0.30%) |    157       1    5594     46 |    1.20        0.00
GET      /health                                                                          500     0(0.00%) |    159       2    3271     46 |    1.10        0.00
--------|----------------------------------------------------------------------------|-------|-------------|-------|-------|-------|-------|--------|-----------
         Aggregated                                                                      6587    11(0.17%) |   3267       1   19146   2600 |   11.60        0.00

Type     Name                                                                          # reqs      # fails |    Avg     Min     Max    Med |   req/s  failures/s
--------|----------------------------------------------------------------------------|-------|-------------|-------|-------|-------|-------|--------|-----------
POST     /api/book                                                                       5084     8(0.16%) |   4188       1   19146   3500 |    9.10        0.00
GET      /api/concerts                                                                   1009     3(0.30%) |    157       1    5594     46 |    1.40        0.00
GET      /health                                                                          501     0(0.00%) |    159       2    3271     46 |    1.00        0.00
--------|----------------------------------------------------------------------------|-------|-------------|-------|-------|-------|-------|--------|-----------
         Aggregated                                                                      6594    11(0.17%) |   3265       1   19146   2600 |   11.50        0.00

Type     Name                                                                          # reqs      # fails |    Avg     Min     Max    Med |   req/s  failures/s
--------|----------------------------------------------------------------------------|-------|-------------|-------|-------|-------|-------|--------|-----------
POST     /api/book                                                                       5100     8(0.16%) |   4184       1   19146   3500 |    8.40        0.00
GET      /api/concerts                                                                   1012     3(0.30%) |    157       1    5594     46 |    1.90        0.00
GET      /health                                                                          501     0(0.00%) |    159       2    3271     46 |    0.80        0.00
--------|----------------------------------------------------------------------------|-------|-------------|-------|-------|-------|-------|--------|-----------
         Aggregated                                                                      6613    11(0.17%) |   3263       1   19146   2600 |   11.10        0.00

Type     Name                                                                          # reqs      # fails |    Avg     Min     Max    Med |   req/s  failures/s
--------|----------------------------------------------------------------------------|-------|-------------|-------|-------|-------|-------|--------|-----------
POST     /api/book                                                                       5109     8(0.16%) |   4182       1   19146   3500 |    8.90        0.00
GET      /api/concerts                                                                   1015     3(0.30%) |    157       1    5594     46 |    2.00        0.00
GET      /health                                                                          501     0(0.00%) |    159       2    3271     46 |    0.80        0.00
--------|----------------------------------------------------------------------------|-------|-------------|-------|-------|-------|-------|--------|-----------
         Aggregated                                                                      6625    11(0.17%) |   3261       1   19146   2600 |   11.70        0.00

[2026-05-31 13:53:43,633] ip-172-31-20-158/INFO/locust.runners: Shape test stopping
[2026-05-31 13:53:43,664] ip-172-31-20-158/INFO/locust.main: Shape test completed, shutting down
[2026-05-31 13:53:43,664] ip-172-31-20-158/INFO/locust.main: Run time limit set to 600 seconds
[2026-05-31 13:53:43,735] ip-172-31-20-158/INFO/locust.main: writing html report to file: report_stress_run1.html
[2026-05-31 13:53:43,737] ip-172-31-20-158/INFO/locust.main: Shutting down (exit code 1)
Type     Name                                                                          # reqs      # fails |    Avg     Min     Max    Med |   req/s  failures/s
--------|----------------------------------------------------------------------------|-------|-------------|-------|-------|-------|-------|--------|-----------
POST     /api/book                                                                       5148     8(0.16%) |   4197       1   19146   3500 |    8.58        0.01
GET      /api/concerts                                                                   1015     3(0.30%) |    157       1    5594     46 |    1.69        0.01
GET      /health                                                                          502     0(0.00%) |    159       2    3271     46 |    0.84        0.00
--------|----------------------------------------------------------------------------|-------|-------------|-------|-------|-------|-------|--------|-----------
         Aggregated                                                                      6665    11(0.17%) |   3278       1   19146   2600 |   11.11        0.02

Response time percentiles (approximated)
Type     Name                                                                                  50%    66%    75%    80%    90%    95%    98%    99%  99.9% 99.99%   100% # reqs
--------|--------------------------------------------------------------------------------|--------|------|------|------|------|------|------|------|------|------|------|------
POST     /api/book                                                                            3500   5300   6500   6900   7700   8400  10000  11000  17000  19000  19000   5148
GET      /api/concerts                                                                          46     74     98    150    310    700   1400   2600   4900   5600   5600   1015
GET      /health                                                                                46     72    110    150    370    760   1600   2000   3300   3300   3300    502
--------|--------------------------------------------------------------------------------|--------|------|------|------|------|------|------|------|------|------|------|------
         Aggregated                                                                           2600   4000   5600   6400   7500   8100   9600  11000  16000  19000  19000   6665

Error report
# occurrences      Error                                                                                               
------------------|---------------------------------------------------------------------------------------------------------------------------------------------
8                  POST /api/book: Status 0                                                                            
1                  GET /api/concerts: ConnectionResetError(104, 'Connection reset by peer')                            
2                  GET /api/concerts: ConnectionRefusedError(111, 'Connection refused')                                
------------------|---------------------------------------------------------------------------------------------------------------------------------------------

