[2026-05-29 10:30:24,437] ip-172-31-20-158/INFO/locust.main: Starting Locust 2.44.0
[2026-05-29 10:30:24,437] ip-172-31-20-158/WARNING/locust.main: --run-time, --users or --spawn-rate have no impact on LoadShapes unless the shape class explicitly reads them. See: docs.locust.io/en/stable/custom-load-shape.html#use-common-options
[2026-05-29 10:30:24,437] ip-172-31-20-158/WARNING/locust.main: The following option(s) will be ignored: --run-time
[2026-05-29 10:30:24,437] ip-172-31-20-158/INFO/locust.runners: Shape test starting.
Type     Name                                                                          # reqs      # fails |    Avg     Min     Max    Med |   req/s  failures/s
--------|----------------------------------------------------------------------------|-------|-------------|-------|-------|-------|-------|--------|-----------
--------|----------------------------------------------------------------------------|-------|-------------|-------|-------|-------|-------|--------|-----------
         Aggregated                                                                         0     0(0.00%) |      0       0       0      0 |    0.00        0.00

[2026-05-29 10:30:24,439] ip-172-31-20-158/INFO/locust.runners: Shape worker starting
[2026-05-29 10:30:24,439] ip-172-31-20-158/INFO/locust.runners: Shape test updating to 20 users at 2.00 spawn rate
[2026-05-29 10:30:24,439] ip-172-31-20-158/INFO/locust.runners: Ramping to 20 users at a rate of 2.00 per second
Type     Name                                                                          # reqs      # fails |    Avg     Min     Max    Med |   req/s  failures/s
--------|----------------------------------------------------------------------------|-------|-------------|-------|-------|-------|-------|--------|-----------
POST     /api/book                                                                          3     0(0.00%) |    335     197     411    400 |    0.00        0.00
GET      /api/concerts                                                                      1     0(0.00%) |      2       2       2      2 |    0.00        0.00
GET      /health                                                                            1     0(0.00%) |      9       9       9      9 |    0.00        0.00
--------|----------------------------------------------------------------------------|-------|-------------|-------|-------|-------|-------|--------|-----------
         Aggregated                                                                         5     0(0.00%) |    203       2     411    200 |    0.00        0.00

Type     Name                                                                          # reqs      # fails |    Avg     Min     Max    Med |   req/s  failures/s
--------|----------------------------------------------------------------------------|-------|-------------|-------|-------|-------|-------|--------|-----------
POST     /api/book                                                                          8     0(0.00%) |    397     197     494    400 |    1.50        0.00
GET      /api/concerts                                                                      2     0(0.00%) |     19       2      36      3 |    0.00        0.00
GET      /health                                                                            1     0(0.00%) |      9       9       9      9 |    0.50        0.00
--------|----------------------------------------------------------------------------|-------|-------------|-------|-------|-------|-------|--------|-----------
         Aggregated                                                                        11     0(0.00%) |    293       2     494    390 |    2.00        0.00

Type     Name                                                                          # reqs      # fails |    Avg     Min     Max    Med |   req/s  failures/s
--------|----------------------------------------------------------------------------|-------|-------------|-------|-------|-------|-------|--------|-----------
POST     /api/book                                                                         17     0(0.00%) |    497     197     876    470 |    2.00        0.00
GET      /api/concerts                                                                      3     0(0.00%) |     34       2      64     36 |    0.25        0.00
GET      /health                                                                            1     0(0.00%) |      9       9       9      9 |    0.25        0.00
--------|----------------------------------------------------------------------------|-------|-------------|-------|-------|-------|-------|--------|-----------
         Aggregated                                                                        21     0(0.00%) |    407       2     876    440 |    2.50        0.00

Type     Name                                                                          # reqs      # fails |    Avg     Min     Max    Med |   req/s  failures/s
--------|----------------------------------------------------------------------------|-------|-------------|-------|-------|-------|-------|--------|-----------
POST     /api/book                                                                         26     0(0.00%) |    691     197    1647    570 |    2.50        0.00
GET      /api/concerts                                                                      4     0(0.00%) |     40       2      64     36 |    0.50        0.00
GET      /health                                                                            3     0(0.00%) |     39       9      56     52 |    0.17        0.00
--------|----------------------------------------------------------------------------|-------|-------------|-------|-------|-------|-------|--------|-----------
         Aggregated                                                                        33     0(0.00%) |    553       2    1647    490 |    3.17        0.00

[2026-05-29 10:30:33,452] ip-172-31-20-158/INFO/locust.runners: All users spawned: {"TicketingUser": 20} (20 total users)
Type     Name                                                                          # reqs      # fails |    Avg     Min     Max    Med |   req/s  failures/s
--------|----------------------------------------------------------------------------|-------|-------------|-------|-------|-------|-------|--------|-----------
POST     /api/book                                                                         35     0(0.00%) |    903     197    1966    820 |    2.88        0.00
GET      /api/concerts                                                                      5     0(0.00%) |     59       2     132     60 |    0.50        0.00
GET      /health                                                                            3     0(0.00%) |     39       9      56     52 |    0.25        0.00
--------|----------------------------------------------------------------------------|-------|-------------|-------|-------|-------|-------|--------|-----------
         Aggregated                                                                        43     0(0.00%) |    745       2    1966    580 |    3.62        0.00

Type     Name                                                                          # reqs      # fails |    Avg     Min     Max    Med |   req/s  failures/s
--------|----------------------------------------------------------------------------|-------|-------------|-------|-------|-------|-------|--------|-----------
POST     /api/book                                                                         38     0(0.00%) |    969     197    2760    830 |    3.20        0.00
GET      /api/concerts                                                                      6     0(0.00%) |     58       2     132     55 |    0.40        0.00
GET      /health                                                                            4     0(0.00%) |     59       9     122     52 |    0.30        0.00
--------|----------------------------------------------------------------------------|-------|-------------|-------|-------|-------|-------|--------|-----------
         Aggregated                                                                        48     0(0.00%) |    779       2    2760    580 |    3.90        0.00

Type     Name                                                                          # reqs      # fails |    Avg     Min     Max    Med |   req/s  failures/s
--------|----------------------------------------------------------------------------|-------|-------------|-------|-------|-------|-------|--------|-----------
POST     /api/book                                                                         56     0(0.00%) |   1310     197    3461   1100 |    3.40        0.00
GET      /api/concerts                                                                     11     0(0.00%) |     43       2     132     36 |    0.60        0.00
GET      /health                                                                            4     0(0.00%) |     59       9     122     52 |    0.20        0.00
--------|----------------------------------------------------------------------------|-------|-------------|-------|-------|-------|-------|--------|-----------
         Aggregated                                                                        71     0(0.00%) |   1043       2    3461    820 |    4.20        0.00

Type     Name                                                                          # reqs      # fails |    Avg     Min     Max    Med |   req/s  failures/s
--------|----------------------------------------------------------------------------|-------|-------------|-------|-------|-------|-------|--------|-----------
POST     /api/book                                                                         65     0(0.00%) |   1173     146    3461    950 |    4.60        0.00
GET      /api/concerts                                                                     16     0(0.00%) |     36       2     132     36 |    0.90        0.00
GET      /health                                                                            6     0(0.00%) |     42       2     122     15 |    0.30        0.00
--------|----------------------------------------------------------------------------|-------|-------------|-------|-------|-------|-------|--------|-----------
         Aggregated                                                                        87     0(0.00%) |    886       2    3461    500 |    5.80        0.00

Type     Name                                                                          # reqs      # fails |    Avg     Min     Max    Med |   req/s  failures/s
--------|----------------------------------------------------------------------------|-------|-------------|-------|-------|-------|-------|--------|-----------
POST     /api/book                                                                         68     0(0.00%) |   1173     146    3461    950 |    4.70        0.00
GET      /api/concerts                                                                     17     0(0.00%) |     35       2     132     36 |    1.20        0.00
GET      /health                                                                            7     0(0.00%) |     39       2     122     18 |    0.40        0.00
--------|----------------------------------------------------------------------------|-------|-------------|-------|-------|-------|-------|--------|-----------
         Aggregated                                                                        92     0(0.00%) |    876       2    3461    500 |    6.30        0.00

Type     Name                                                                          # reqs      # fails |    Avg     Min     Max    Med |   req/s  failures/s
--------|----------------------------------------------------------------------------|-------|-------------|-------|-------|-------|-------|--------|-----------
POST     /api/book                                                                         78     0(0.00%) |   1322     146    3461   1100 |    4.40        0.00
GET      /api/concerts                                                                     19     0(0.00%) |     37       2     132     36 |    1.30        0.00
GET      /health                                                                            7     0(0.00%) |     39       2     122     18 |    0.50        0.00
--------|----------------------------------------------------------------------------|-------|-------------|-------|-------|-------|-------|--------|-----------
         Aggregated                                                                       104     0(0.00%) |   1001       2    3461    580 |    6.20        0.00

Type     Name                                                                          # reqs      # fails |    Avg     Min     Max    Med |   req/s  failures/s
--------|----------------------------------------------------------------------------|-------|-------------|-------|-------|-------|-------|--------|-----------
POST     /api/book                                                                         92     0(0.00%) |   1426     146    3461   1300 |    4.30        0.00
GET      /api/concerts                                                                     21     0(0.00%) |     39       2     132     42 |    1.40        0.00
GET      /health                                                                            7     0(0.00%) |     39       2     122     18 |    0.40        0.00
--------|----------------------------------------------------------------------------|-------|-------------|-------|-------|-------|-------|--------|-----------
         Aggregated                                                                       120     0(0.00%) |   1102       2    3461    800 |    6.10        0.00

Type     Name                                                                          # reqs      # fails |    Avg     Min     Max    Med |   req/s  failures/s
--------|----------------------------------------------------------------------------|-------|-------------|-------|-------|-------|-------|--------|-----------
POST     /api/book                                                                        100     0(0.00%) |   1417     146    3461   1300 |    5.40        0.00
GET      /api/concerts                                                                     25     0(0.00%) |     40       2     132     42 |    1.50        0.00
GET      /health                                                                            7     0(0.00%) |     39       2     122     18 |    0.40        0.00
--------|----------------------------------------------------------------------------|-------|-------------|-------|-------|-------|-------|--------|-----------
         Aggregated                                                                       132     0(0.00%) |   1083       2    3461    800 |    7.30        0.00

Type     Name                                                                          # reqs      # fails |    Avg     Min     Max    Med |   req/s  failures/s
--------|----------------------------------------------------------------------------|-------|-------------|-------|-------|-------|-------|--------|-----------
POST     /api/book                                                                        108     0(0.00%) |   1457     146    3461   1400 |    4.40        0.00
GET      /api/concerts                                                                     26     0(0.00%) |     39       2     132     36 |    1.40        0.00
GET      /health                                                                           11     0(0.00%) |     38       2     122     32 |    0.30        0.00
--------|----------------------------------------------------------------------------|-------|-------------|-------|-------|-------|-------|--------|-----------
         Aggregated                                                                       145     0(0.00%) |   1095       2    3461    830 |    6.10        0.00

Type     Name                                                                          # reqs      # fails |    Avg     Min     Max    Med |   req/s  failures/s
--------|----------------------------------------------------------------------------|-------|-------------|-------|-------|-------|-------|--------|-----------
POST     /api/book                                                                        118     0(0.00%) |   1469     146    3461   1500 |    4.20        0.00
GET      /api/concerts                                                                     28     0(0.00%) |     39       2     132     36 |    1.00        0.00
GET      /health                                                                           11     0(0.00%) |     38       2     122     32 |    0.50        0.00
--------|----------------------------------------------------------------------------|-------|-------------|-------|-------|-------|-------|--------|-----------
         Aggregated                                                                       157     0(0.00%) |   1114       2    3461    960 |    5.70        0.00

Type     Name                                                                          # reqs      # fails |    Avg     Min     Max    Med |   req/s  failures/s
--------|----------------------------------------------------------------------------|-------|-------------|-------|-------|-------|-------|--------|-----------
POST     /api/book                                                                        127     0(0.00%) |   1468     146    3461   1500 |    4.90        0.00
GET      /api/concerts                                                                     30     0(0.00%) |     37       2     132     36 |    0.90        0.00
GET      /health                                                                           11     0(0.00%) |     38       2     122     32 |    0.40        0.00
--------|----------------------------------------------------------------------------|-------|-------------|-------|-------|-------|-------|--------|-----------
         Aggregated                                                                       168     0(0.00%) |   1119       2    3461    960 |    6.20        0.00

Type     Name                                                                          # reqs      # fails |    Avg     Min     Max    Med |   req/s  failures/s
--------|----------------------------------------------------------------------------|-------|-------------|-------|-------|-------|-------|--------|-----------
POST     /api/book                                                                        136     0(0.00%) |   1490     146    3461   1500 |    5.20        0.00
GET      /api/concerts                                                                     30     0(0.00%) |     37       2     132     36 |    1.10        0.00
GET      /health                                                                           13     0(0.00%) |     37       2     122     32 |    0.40        0.00
--------|----------------------------------------------------------------------------|-------|-------------|-------|-------|-------|-------|--------|-----------
         Aggregated                                                                       179     0(0.00%) |   1141       2    3461   1100 |    6.70        0.00

Type     Name                                                                          # reqs      # fails |    Avg     Min     Max    Med |   req/s  failures/s
--------|----------------------------------------------------------------------------|-------|-------------|-------|-------|-------|-------|--------|-----------
POST     /api/book                                                                        145     0(0.00%) |   1524     146    3461   1600 |    4.40        0.00
GET      /api/concerts                                                                     30     0(0.00%) |     37       2     132     36 |    0.90        0.00
GET      /health                                                                           14     0(0.00%) |     35       2     122     18 |    0.60        0.00
--------|----------------------------------------------------------------------------|-------|-------------|-------|-------|-------|-------|--------|-----------
         Aggregated                                                                       189     0(0.00%) |   1177       2    3461   1300 |    5.90        0.00

Type     Name                                                                          # reqs      # fails |    Avg     Min     Max    Med |   req/s  failures/s
--------|----------------------------------------------------------------------------|-------|-------------|-------|-------|-------|-------|--------|-----------
POST     /api/book                                                                        157     0(0.00%) |   1555     146    3461   1600 |    4.60        0.00
GET      /api/concerts                                                                     31     0(0.00%) |     37       2     132     36 |    0.60        0.00
GET      /health                                                                           14     0(0.00%) |     35       2     122     18 |    0.70        0.00
--------|----------------------------------------------------------------------------|-------|-------------|-------|-------|-------|-------|--------|-----------
         Aggregated                                                                       202     0(0.00%) |   1217       2    3461   1300 |    5.90        0.00

Type     Name                                                                          # reqs      # fails |    Avg     Min     Max    Med |   req/s  failures/s
--------|----------------------------------------------------------------------------|-------|-------------|-------|-------|-------|-------|--------|-----------
POST     /api/book                                                                        159     0(0.00%) |   1551     146    3461   1600 |    4.70        0.00
GET      /api/concerts                                                                     33     0(0.00%) |     35       2     132     23 |    0.60        0.00
GET      /health                                                                           16     0(0.00%) |     38       2     122     18 |    0.70        0.00
--------|----------------------------------------------------------------------------|-------|-------------|-------|-------|-------|-------|--------|-----------
         Aggregated                                                                       208     0(0.00%) |   1194       2    3461   1300 |    6.00        0.00

Type     Name                                                                          # reqs      # fails |    Avg     Min     Max    Med |   req/s  failures/s
--------|----------------------------------------------------------------------------|-------|-------------|-------|-------|-------|-------|--------|-----------
POST     /api/book                                                                        166     0(0.00%) |   1611     146    3528   1600 |    4.30        0.00
GET      /api/concerts                                                                     36     0(0.00%) |     47       2     300     30 |    0.70        0.00
GET      /health                                                                           16     0(0.00%) |     38       2     122     18 |    0.50        0.00
--------|----------------------------------------------------------------------------|-------|-------------|-------|-------|-------|-------|--------|-----------
         Aggregated                                                                       218     0(0.00%) |   1237       2    3528   1300 |    5.50        0.00

Type     Name                                                                          # reqs      # fails |    Avg     Min     Max    Med |   req/s  failures/s
--------|----------------------------------------------------------------------------|-------|-------------|-------|-------|-------|-------|--------|-----------
POST     /api/book                                                                        180     0(0.00%) |   1700     146    4261   1700 |    3.80        0.00
GET      /api/concerts                                                                     36     0(0.00%) |     47       2     300     30 |    0.50        0.00
GET      /health                                                                           16     0(0.00%) |     38       2     122     18 |    0.50        0.00
--------|----------------------------------------------------------------------------|-------|-------------|-------|-------|-------|-------|--------|-----------
         Aggregated                                                                       232     0(0.00%) |   1329       2    4261   1400 |    4.80        0.00

Type     Name                                                                          # reqs      # fails |    Avg     Min     Max    Med |   req/s  failures/s
--------|----------------------------------------------------------------------------|-------|-------------|-------|-------|-------|-------|--------|-----------
POST     /api/book                                                                        185     0(0.00%) |   1692     146    4261   1700 |    4.20        0.00
GET      /api/concerts                                                                     37     0(0.00%) |     48       2     300     36 |    0.60        0.00
GET      /health                                                                           16     0(0.00%) |     38       2     122     18 |    0.30        0.00
--------|----------------------------------------------------------------------------|-------|-------------|-------|-------|-------|-------|--------|-----------
         Aggregated                                                                       238     0(0.00%) |   1325       2    4261   1400 |    5.10        0.00

Type     Name                                                                          # reqs      # fails |    Avg     Min     Max    Med |   req/s  failures/s
--------|----------------------------------------------------------------------------|-------|-------------|-------|-------|-------|-------|--------|-----------
POST     /api/book                                                                        199     0(0.00%) |   1721     146    4261   1700 |    4.00        0.00
GET      /api/concerts                                                                     39     0(0.00%) |     47       2     300     36 |    0.60        0.00
GET      /health                                                                           16     0(0.00%) |     38       2     122     18 |    0.20        0.00
--------|----------------------------------------------------------------------------|-------|-------------|-------|-------|-------|-------|--------|-----------
         Aggregated                                                                       254     0(0.00%) |   1358       2    4261   1500 |    4.80        0.00

Type     Name                                                                          # reqs      # fails |    Avg     Min     Max    Med |   req/s  failures/s
--------|----------------------------------------------------------------------------|-------|-------------|-------|-------|-------|-------|--------|-----------
POST     /api/book                                                                        205     0(0.00%) |   1724     146    4261   1700 |    4.00        0.00
GET      /api/concerts                                                                     41     0(0.00%) |     46       2     300     36 |    0.80        0.00
GET      /health                                                                           16     0(0.00%) |     38       2     122     18 |    0.20        0.00
--------|----------------------------------------------------------------------------|-------|-------------|-------|-------|-------|-------|--------|-----------
         Aggregated                                                                       262     0(0.00%) |   1358       2    4261   1500 |    5.00        0.00

Type     Name                                                                          # reqs      # fails |    Avg     Min     Max    Med |   req/s  failures/s
--------|----------------------------------------------------------------------------|-------|-------------|-------|-------|-------|-------|--------|-----------
POST     /api/book                                                                        211     0(0.00%) |   1730     146    4261   1700 |    4.40        0.00
GET      /api/concerts                                                                     45     0(0.00%) |     46       2     300     36 |    0.80        0.00
GET      /health                                                                           16     0(0.00%) |     38       2     122     18 |    0.00        0.00
--------|----------------------------------------------------------------------------|-------|-------------|-------|-------|-------|-------|--------|-----------
         Aggregated                                                                       272     0(0.00%) |   1352       2    4261   1500 |    5.20        0.00

Type     Name                                                                          # reqs      # fails |    Avg     Min     Max    Med |   req/s  failures/s
--------|----------------------------------------------------------------------------|-------|-------------|-------|-------|-------|-------|--------|-----------
POST     /api/book                                                                        222     0(0.00%) |   1754     146    4261   1700 |    4.90        0.00
GET      /api/concerts                                                                     45     0(0.00%) |     46       2     300     36 |    0.80        0.00
GET      /health                                                                           16     0(0.00%) |     38       2     122     18 |    0.00        0.00
--------|----------------------------------------------------------------------------|-------|-------------|-------|-------|-------|-------|--------|-----------
         Aggregated                                                                       283     0(0.00%) |   1386       2    4261   1500 |    5.70        0.00

Type     Name                                                                          # reqs      # fails |    Avg     Min     Max    Med |   req/s  failures/s
--------|----------------------------------------------------------------------------|-------|-------------|-------|-------|-------|-------|--------|-----------
POST     /api/book                                                                        235     0(0.00%) |   1748     146    4261   1700 |    4.50        0.00
GET      /api/concerts                                                                     49     0(0.00%) |     45       2     300     36 |    0.90        0.00
GET      /health                                                                           17     0(0.00%) |     38       2     122     32 |    0.00        0.00
--------|----------------------------------------------------------------------------|-------|-------------|-------|-------|-------|-------|--------|-----------
         Aggregated                                                                       301     0(0.00%) |   1374       2    4261   1500 |    5.40        0.00

Type     Name                                                                          # reqs      # fails |    Avg     Min     Max    Med |   req/s  failures/s
--------|----------------------------------------------------------------------------|-------|-------------|-------|-------|-------|-------|--------|-----------
POST     /api/book                                                                        243     0(0.00%) |   1730     146    4261   1700 |    4.80        0.00
GET      /api/concerts                                                                     53     0(0.00%) |     44       2     300     35 |    1.30        0.00
GET      /health                                                                           17     0(0.00%) |     38       2     122     32 |    0.10        0.00
--------|----------------------------------------------------------------------------|-------|-------------|-------|-------|-------|-------|--------|-----------
         Aggregated                                                                       313     0(0.00%) |   1352       2    4261   1500 |    6.20        0.00

Type     Name                                                                          # reqs      # fails |    Avg     Min     Max    Med |   req/s  failures/s
--------|----------------------------------------------------------------------------|-------|-------------|-------|-------|-------|-------|--------|-----------
POST     /api/book                                                                        249     0(0.00%) |   1743     146    4261   1700 |    4.80        0.00
GET      /api/concerts                                                                     53     0(0.00%) |     44       2     300     35 |    1.40        0.00
GET      /health                                                                           17     0(0.00%) |     38       2     122     32 |    0.10        0.00
--------|----------------------------------------------------------------------------|-------|-------------|-------|-------|-------|-------|--------|-----------
         Aggregated                                                                       319     0(0.00%) |   1370       2    4261   1500 |    6.30        0.00

Type     Name                                                                          # reqs      # fails |    Avg     Min     Max    Med |   req/s  failures/s
--------|----------------------------------------------------------------------------|-------|-------------|-------|-------|-------|-------|--------|-----------
POST     /api/book                                                                        264     0(0.00%) |   1753     146    4261   1700 |    4.20        0.00
GET      /api/concerts                                                                     55     0(0.00%) |     43       2     300     31 |    1.20        0.00
GET      /health                                                                           18     0(0.00%) |     36       2     122     18 |    0.10        0.00
--------|----------------------------------------------------------------------------|-------|-------------|-------|-------|-------|-------|--------|-----------
         Aggregated                                                                       337     0(0.00%) |   1382       2    4261   1500 |    5.50        0.00

Type     Name                                                                          # reqs      # fails |    Avg     Min     Max    Med |   req/s  failures/s
--------|----------------------------------------------------------------------------|-------|-------------|-------|-------|-------|-------|--------|-----------
POST     /api/book                                                                        270     0(0.00%) |   1731     146    4261   1700 |    4.80        0.00
GET      /api/concerts                                                                     57     0(0.00%) |     42       2     300     30 |    1.20        0.00
GET      /health                                                                           22     0(0.00%) |     33       2     122     18 |    0.20        0.00
--------|----------------------------------------------------------------------------|-------|-------------|-------|-------|-------|-------|--------|-----------
         Aggregated                                                                       349     0(0.00%) |   1348       2    4261   1500 |    6.20        0.00

Type     Name                                                                          # reqs      # fails |    Avg     Min     Max    Med |   req/s  failures/s
--------|----------------------------------------------------------------------------|-------|-------------|-------|-------|-------|-------|--------|-----------
POST     /api/book                                                                        281     0(0.00%) |   1713     146    4261   1700 |    4.70        0.00
GET      /api/concerts                                                                     61     0(0.00%) |     41       2     300     28 |    1.20        0.00
GET      /health                                                                           23     0(0.00%) |     32       2     122     18 |    0.60        0.00
--------|----------------------------------------------------------------------------|-------|-------------|-------|-------|-------|-------|--------|-----------
         Aggregated                                                                       365     0(0.00%) |   1328       2    4261   1400 |    6.50        0.00

Type     Name                                                                          # reqs      # fails |    Avg     Min     Max    Med |   req/s  failures/s
--------|----------------------------------------------------------------------------|-------|-------------|-------|-------|-------|-------|--------|-----------
POST     /api/book                                                                        292     0(0.00%) |   1680     146    4261   1600 |    4.70        0.00
GET      /api/concerts                                                                     65     0(0.00%) |     39       2     300     25 |    1.20        0.00
GET      /health                                                                           24     0(0.00%) |     32       2     122     18 |    0.50        0.00
--------|----------------------------------------------------------------------------|-------|-------------|-------|-------|-------|-------|--------|-----------
         Aggregated                                                                       381     0(0.00%) |   1297       2    4261   1400 |    6.40        0.00

Type     Name                                                                          # reqs      # fails |    Avg     Min     Max    Med |   req/s  failures/s
--------|----------------------------------------------------------------------------|-------|-------------|-------|-------|-------|-------|--------|-----------
POST     /api/book                                                                        296     0(0.00%) |   1672     146    4261   1600 |    4.90        0.00
GET      /api/concerts                                                                     67     0(0.00%) |     38       2     300     25 |    1.20        0.00
GET      /health                                                                           24     0(0.00%) |     32       2     122     18 |    0.70        0.00
--------|----------------------------------------------------------------------------|-------|-------------|-------|-------|-------|-------|--------|-----------
         Aggregated                                                                       387     0(0.00%) |   1288       2    4261   1400 |    6.80        0.00

Type     Name                                                                          # reqs      # fails |    Avg     Min     Max    Med |   req/s  failures/s
--------|----------------------------------------------------------------------------|-------|-------------|-------|-------|-------|-------|--------|-----------
POST     /api/book                                                                        311     0(0.00%) |   1702     146    4261   1700 |    5.10        0.00
GET      /api/concerts                                                                     69     0(0.00%) |     39       2     300     25 |    1.30        0.00
GET      /health                                                                           24     0(0.00%) |     32       2     122     18 |    0.70        0.00
--------|----------------------------------------------------------------------------|-------|-------------|-------|-------|-------|-------|--------|-----------
         Aggregated                                                                       404     0(0.00%) |   1319       2    4261   1400 |    7.10        0.00

Type     Name                                                                          # reqs      # fails |    Avg     Min     Max    Med |   req/s  failures/s
--------|----------------------------------------------------------------------------|-------|-------------|-------|-------|-------|-------|--------|-----------
POST     /api/book                                                                        319     0(0.00%) |   1675     140    4261   1600 |    4.20        0.00
GET      /api/concerts                                                                     70     0(0.00%) |     39       2     300     25 |    1.40        0.00
GET      /health                                                                           27     0(0.00%) |     33       2     122     24 |    0.60        0.00
--------|----------------------------------------------------------------------------|-------|-------------|-------|-------|-------|-------|--------|-----------
         Aggregated                                                                       416     0(0.00%) |   1293       2    4261   1300 |    6.20        0.00

Type     Name                                                                          # reqs      # fails |    Avg     Min     Max    Med |   req/s  failures/s
--------|----------------------------------------------------------------------------|-------|-------------|-------|-------|-------|-------|--------|-----------
POST     /api/book                                                                        328     0(0.00%) |   1659     140    4261   1600 |    4.70        0.00
GET      /api/concerts                                                                     74     0(0.00%) |     39       2     300     28 |    1.20        0.00
GET      /health                                                                           29     0(0.00%) |     36       2     122     27 |    0.50        0.00
--------|----------------------------------------------------------------------------|-------|-------------|-------|-------|-------|-------|--------|-----------
         Aggregated                                                                       431     0(0.00%) |   1272       2    4261   1300 |    6.40        0.00

Type     Name                                                                          # reqs      # fails |    Avg     Min     Max    Med |   req/s  failures/s
--------|----------------------------------------------------------------------------|-------|-------------|-------|-------|-------|-------|--------|-----------
POST     /api/book                                                                        335     0(0.00%) |   1648     140    4261   1600 |    4.60        0.00
GET      /api/concerts                                                                     76     0(0.00%) |     39       2     300     28 |    1.20        0.00
GET      /health                                                                           32     0(0.00%) |     36       2     122     27 |    0.70        0.00
--------|----------------------------------------------------------------------------|-------|-------------|-------|-------|-------|-------|--------|-----------
         Aggregated                                                                       443     0(0.00%) |   1256       2    4261   1200 |    6.50        0.00

Type     Name                                                                          # reqs      # fails |    Avg     Min     Max    Med |   req/s  failures/s
--------|----------------------------------------------------------------------------|-------|-------------|-------|-------|-------|-------|--------|-----------
POST     /api/book                                                                        344     0(0.00%) |   1637     140    4261   1600 |    4.30        0.00
GET      /api/concerts                                                                     76     0(0.00%) |     39       2     300     28 |    1.00        0.00
GET      /health                                                                           33     0(0.00%) |     36       2     122     27 |    0.80        0.00
--------|----------------------------------------------------------------------------|-------|-------------|-------|-------|-------|-------|--------|-----------
         Aggregated                                                                       453     0(0.00%) |   1252       2    4261   1200 |    6.10        0.00

Type     Name                                                                          # reqs      # fails |    Avg     Min     Max    Med |   req/s  failures/s
--------|----------------------------------------------------------------------------|-------|-------------|-------|-------|-------|-------|--------|-----------
POST     /api/book                                                                        350     0(0.00%) |   1641     140    4261   1600 |    4.70        0.00
GET      /api/concerts                                                                     77     0(0.00%) |     40       2     300     30 |    1.00        0.00
GET      /health                                                                           33     0(0.00%) |     36       2     122     27 |    0.80        0.00
--------|----------------------------------------------------------------------------|-------|-------------|-------|-------|-------|-------|--------|-----------
         Aggregated                                                                       460     0(0.00%) |   1258       2    4261   1200 |    6.50        0.00

Type     Name                                                                          # reqs      # fails |    Avg     Min     Max    Med |   req/s  failures/s
--------|----------------------------------------------------------------------------|-------|-------------|-------|-------|-------|-------|--------|-----------
POST     /api/book                                                                        366     0(0.00%) |   1659     140    4261   1600 |    4.90        0.00
GET      /api/concerts                                                                     79     0(0.00%) |     40       2     300     30 |    0.80        0.00
GET      /health                                                                           34     0(0.00%) |     35       2     122     27 |    0.90        0.00
--------|----------------------------------------------------------------------------|-------|-------------|-------|-------|-------|-------|--------|-----------
         Aggregated                                                                       479     0(0.00%) |   1277       2    4261   1300 |    6.60        0.00

Type     Name                                                                          # reqs      # fails |    Avg     Min     Max    Med |   req/s  failures/s
--------|----------------------------------------------------------------------------|-------|-------------|-------|-------|-------|-------|--------|-----------
POST     /api/book                                                                        374     0(0.00%) |   1638     140    4261   1600 |    4.60        0.00
GET      /api/concerts                                                                     84     0(0.00%) |     38       2     300     27 |    1.00        0.00
GET      /health                                                                           35     0(0.00%) |     35       2     122     27 |    0.70        0.00
--------|----------------------------------------------------------------------------|-------|-------------|-------|-------|-------|-------|--------|-----------
         Aggregated                                                                       493     0(0.00%) |   1252       2    4261   1200 |    6.30        0.00

Type     Name                                                                          # reqs      # fails |    Avg     Min     Max    Med |   req/s  failures/s
--------|----------------------------------------------------------------------------|-------|-------------|-------|-------|-------|-------|--------|-----------
POST     /api/book                                                                        380     0(0.00%) |   1633     140    4261   1600 |    4.80        0.00
GET      /api/concerts                                                                     86     0(0.00%) |     38       2     300     25 |    1.00        0.00
GET      /health                                                                           35     0(0.00%) |     35       2     122     27 |    0.50        0.00
--------|----------------------------------------------------------------------------|-------|-------------|-------|-------|-------|-------|--------|-----------
         Aggregated                                                                       501     0(0.00%) |   1247       2    4261   1200 |    6.30        0.00

Type     Name                                                                          # reqs      # fails |    Avg     Min     Max    Med |   req/s  failures/s
--------|----------------------------------------------------------------------------|-------|-------------|-------|-------|-------|-------|--------|-----------
POST     /api/book                                                                        389     0(0.00%) |   1651     140    4261   1600 |    4.70        0.00
GET      /api/concerts                                                                     87     0(0.00%) |     38       2     300     27 |    1.00        0.00
GET      /health                                                                           35     0(0.00%) |     35       2     122     27 |    0.30        0.00
--------|----------------------------------------------------------------------------|-------|-------------|-------|-------|-------|-------|--------|-----------
         Aggregated                                                                       511     0(0.00%) |   1266       2    4261   1300 |    6.00        0.00

Type     Name                                                                          # reqs      # fails |    Avg     Min     Max    Med |   req/s  failures/s
--------|----------------------------------------------------------------------------|-------|-------------|-------|-------|-------|-------|--------|-----------
POST     /api/book                                                                        402     0(0.00%) |   1673     140    4261   1600 |    4.30        0.00
GET      /api/concerts                                                                     87     0(0.00%) |     38       2     300     27 |    1.10        0.00
GET      /health                                                                           35     0(0.00%) |     35       2     122     27 |    0.30        0.00
--------|----------------------------------------------------------------------------|-------|-------------|-------|-------|-------|-------|--------|-----------
         Aggregated                                                                       524     0(0.00%) |   1292       2    4261   1300 |    5.70        0.00

Type     Name                                                                          # reqs      # fails |    Avg     Min     Max    Med |   req/s  failures/s
--------|----------------------------------------------------------------------------|-------|-------------|-------|-------|-------|-------|--------|-----------
POST     /api/book                                                                        410     0(0.00%) |   1670     140    4261   1600 |    5.00        0.00
GET      /api/concerts                                                                     88     0(0.00%) |     38       2     300     27 |    1.00        0.00
GET      /health                                                                           36     0(0.00%) |     37       2     122     27 |    0.20        0.00
--------|----------------------------------------------------------------------------|-------|-------------|-------|-------|-------|-------|--------|-----------
         Aggregated                                                                       534     0(0.00%) |   1291       2    4261   1300 |    6.20        0.00

Type     Name                                                                          # reqs      # fails |    Avg     Min     Max    Med |   req/s  failures/s
--------|----------------------------------------------------------------------------|-------|-------------|-------|-------|-------|-------|--------|-----------
POST     /api/book                                                                        419     0(0.00%) |   1686     140    4261   1700 |    4.70        0.00
GET      /api/concerts                                                                     89     0(0.00%) |     37       2     300     27 |    0.90        0.00
GET      /health                                                                           36     0(0.00%) |     37       2     122     27 |    0.20        0.00
--------|----------------------------------------------------------------------------|-------|-------------|-------|-------|-------|-------|--------|-----------
         Aggregated                                                                       544     0(0.00%) |   1307       2    4261   1400 |    5.80        0.00

Type     Name                                                                          # reqs      # fails |    Avg     Min     Max    Med |   req/s  failures/s
--------|----------------------------------------------------------------------------|-------|-------------|-------|-------|-------|-------|--------|-----------
POST     /api/book                                                                        430     0(0.00%) |   1700     140    4261   1700 |    4.20        0.00
GET      /api/concerts                                                                     93     0(0.00%) |     37       2     300     27 |    0.60        0.00
GET      /health                                                                           36     0(0.00%) |     37       2     122     27 |    0.20        0.00
--------|----------------------------------------------------------------------------|-------|-------------|-------|-------|-------|-------|--------|-----------
         Aggregated                                                                       559     0(0.00%) |   1316       2    4261   1400 |    5.00        0.00

Type     Name                                                                          # reqs      # fails |    Avg     Min     Max    Med |   req/s  failures/s
--------|----------------------------------------------------------------------------|-------|-------------|-------|-------|-------|-------|--------|-----------
POST     /api/book                                                                        436     0(0.00%) |   1693     140    4261   1700 |    4.60        0.00
GET      /api/concerts                                                                     93     0(0.00%) |     37       2     300     27 |    0.60        0.00
GET      /health                                                                           37     0(0.00%) |     36       2     122     27 |    0.10        0.00
--------|----------------------------------------------------------------------------|-------|-------------|-------|-------|-------|-------|--------|-----------
         Aggregated                                                                       566     0(0.00%) |   1312       2    4261   1400 |    5.30        0.00

Type     Name                                                                          # reqs      # fails |    Avg     Min     Max    Med |   req/s  failures/s
--------|----------------------------------------------------------------------------|-------|-------------|-------|-------|-------|-------|--------|-----------
POST     /api/book                                                                        439     0(0.00%) |   1697     140    4261   1700 |    5.20        0.00
GET      /api/concerts                                                                     94     0(0.00%) |     37       2     300     25 |    0.60        0.00
GET      /health                                                                           37     0(0.00%) |     36       2     122     27 |    0.10        0.00
--------|----------------------------------------------------------------------------|-------|-------------|-------|-------|-------|-------|--------|-----------
         Aggregated                                                                       570     0(0.00%) |   1315       2    4261   1400 |    5.90        0.00

Type     Name                                                                          # reqs      # fails |    Avg     Min     Max    Med |   req/s  failures/s
--------|----------------------------------------------------------------------------|-------|-------------|-------|-------|-------|-------|--------|-----------
POST     /api/book                                                                        455     0(0.00%) |   1740     140    4261   1700 |    4.40        0.00
GET      /api/concerts                                                                     96     0(0.00%) |     41       2     436     27 |    0.60        0.00
GET      /health                                                                           38     0(0.00%) |     43       2     286     27 |    0.20        0.00
--------|----------------------------------------------------------------------------|-------|-------------|-------|-------|-------|-------|--------|-----------
         Aggregated                                                                       589     0(0.00%) |   1354       2    4261   1400 |    5.20        0.00

Type     Name                                                                          # reqs      # fails |    Avg     Min     Max    Med |   req/s  failures/s
--------|----------------------------------------------------------------------------|-------|-------------|-------|-------|-------|-------|--------|-----------
POST     /api/book                                                                        459     0(0.00%) |   1728     140    4261   1700 |    4.60        0.00
GET      /api/concerts                                                                    100     0(0.00%) |     41       2     436     25 |    0.80        0.00
GET      /health                                                                           38     0(0.00%) |     43       2     286     27 |    0.20        0.00
--------|----------------------------------------------------------------------------|-------|-------------|-------|-------|-------|-------|--------|-----------
         Aggregated                                                                       597     0(0.00%) |   1338       2    4261   1400 |    5.60        0.00

Type     Name                                                                          # reqs      # fails |    Avg     Min     Max    Med |   req/s  failures/s
--------|----------------------------------------------------------------------------|-------|-------------|-------|-------|-------|-------|--------|-----------
POST     /api/book                                                                        473     0(0.00%) |   1744     140    4261   1700 |    4.40        0.00
GET      /api/concerts                                                                    103     0(0.00%) |     40       2     436     27 |    1.00        0.00
GET      /health                                                                           39     0(0.00%) |     42       2     286     27 |    0.20        0.00
--------|----------------------------------------------------------------------------|-------|-------------|-------|-------|-------|-------|--------|-----------
         Aggregated                                                                       615     0(0.00%) |   1351       2    4261   1400 |    5.60        0.00

Type     Name                                                                          # reqs      # fails |    Avg     Min     Max    Med |   req/s  failures/s
--------|----------------------------------------------------------------------------|-------|-------------|-------|-------|-------|-------|--------|-----------
POST     /api/book                                                                        482     0(0.00%) |   1725     140    4261   1700 |    3.70        0.00
GET      /api/concerts                                                                    105     0(0.00%) |     40       2     436     27 |    1.20        0.00
GET      /health                                                                           40     0(0.00%) |     42       2     286     25 |    0.20        0.00
--------|----------------------------------------------------------------------------|-------|-------------|-------|-------|-------|-------|--------|-----------
         Aggregated                                                                       627     0(0.00%) |   1335       2    4261   1400 |    5.10        0.00

Type     Name                                                                          # reqs      # fails |    Avg     Min     Max    Med |   req/s  failures/s
--------|----------------------------------------------------------------------------|-------|-------------|-------|-------|-------|-------|--------|-----------
POST     /api/book                                                                        483     0(0.00%) |   1724     140    4261   1700 |    4.20        0.00
GET      /api/concerts                                                                    105     0(0.00%) |     40       2     436     27 |    1.10        0.00
GET      /health                                                                           43     0(0.00%) |     43       2     286     27 |    0.40        0.00
--------|----------------------------------------------------------------------------|-------|-------------|-------|-------|-------|-------|--------|-----------
         Aggregated                                                                       631     0(0.00%) |   1329       2    4261   1300 |    5.70        0.00

Type     Name                                                                          # reqs      # fails |    Avg     Min     Max    Med |   req/s  failures/s
--------|----------------------------------------------------------------------------|-------|-------------|-------|-------|-------|-------|--------|-----------
POST     /api/book                                                                        500     0(0.00%) |   1746     140    4261   1700 |    4.40        0.00
GET      /api/concerts                                                                    105     0(0.00%) |     40       2     436     27 |    1.10        0.00
GET      /health                                                                           44     0(0.00%) |     43       2     286     27 |    0.40        0.00
--------|----------------------------------------------------------------------------|-------|-------------|-------|-------|-------|-------|--------|-----------
         Aggregated                                                                       649     0(0.00%) |   1355       2    4261   1400 |    5.90        0.00

Type     Name                                                                          # reqs      # fails |    Avg     Min     Max    Med |   req/s  failures/s
--------|----------------------------------------------------------------------------|-------|-------------|-------|-------|-------|-------|--------|-----------
POST     /api/book                                                                        504     0(0.00%) |   1735     140    4261   1700 |    4.30        0.00
GET      /api/concerts                                                                    107     0(0.00%) |     40       2     436     27 |    0.90        0.00
GET      /health                                                                           46     0(0.00%) |     41       2     286     25 |    0.60        0.00
--------|----------------------------------------------------------------------------|-------|-------------|-------|-------|-------|-------|--------|-----------
         Aggregated                                                                       657     0(0.00%) |   1341       2    4261   1400 |    5.80        0.00

Type     Name                                                                          # reqs      # fails |    Avg     Min     Max    Med |   req/s  failures/s
--------|----------------------------------------------------------------------------|-------|-------------|-------|-------|-------|-------|--------|-----------
POST     /api/book                                                                        514     0(0.00%) |   1747     140    4261   1700 |    4.50        0.00
GET      /api/concerts                                                                    108     0(0.00%) |     41       2     436     27 |    0.60        0.00
GET      /health                                                                           46     0(0.00%) |     41       2     286     25 |    0.80        0.00
--------|----------------------------------------------------------------------------|-------|-------------|-------|-------|-------|-------|--------|-----------
         Aggregated                                                                       668     0(0.00%) |   1353       2    4261   1400 |    5.90        0.00

Type     Name                                                                          # reqs      # fails |    Avg     Min     Max    Med |   req/s  failures/s
--------|----------------------------------------------------------------------------|-------|-------------|-------|-------|-------|-------|--------|-----------
POST     /api/book                                                                        526     0(0.00%) |   1740     140    4261   1700 |    4.70        0.00
GET      /api/concerts                                                                    110     0(0.00%) |     41       2     436     27 |    0.50        0.00
GET      /health                                                                           47     0(0.00%) |     41       2     286     25 |    0.80        0.00
--------|----------------------------------------------------------------------------|-------|-------------|-------|-------|-------|-------|--------|-----------
         Aggregated                                                                       683     0(0.00%) |   1350       2    4261   1400 |    6.00        0.00

Type     Name                                                                          # reqs      # fails |    Avg     Min     Max    Med |   req/s  failures/s
--------|----------------------------------------------------------------------------|-------|-------------|-------|-------|-------|-------|--------|-----------
POST     /api/book                                                                        529     0(0.00%) |   1736     140    4261   1700 |    4.20        0.00
GET      /api/concerts                                                                    111     0(0.00%) |     41       2     436     28 |    0.50        0.00
GET      /health                                                                           50     0(0.00%) |     39       2     286     24 |    0.70        0.00
--------|----------------------------------------------------------------------------|-------|-------------|-------|-------|-------|-------|--------|-----------
         Aggregated                                                                       690     0(0.00%) |   1341       2    4261   1400 |    5.40        0.00

Type     Name                                                                          # reqs      # fails |    Avg     Min     Max    Med |   req/s  failures/s
--------|----------------------------------------------------------------------------|-------|-------------|-------|-------|-------|-------|--------|-----------
POST     /api/book                                                                        541     0(0.00%) |   1749     140    4261   1700 |    4.60        0.00
GET      /api/concerts                                                                    111     0(0.00%) |     41       2     436     28 |    0.60        0.00
GET      /health                                                                           52     0(0.00%) |     41       2     286     25 |    0.90        0.00
--------|----------------------------------------------------------------------------|-------|-------------|-------|-------|-------|-------|--------|-----------
         Aggregated                                                                       704     0(0.00%) |   1354       2    4261   1400 |    6.10        0.00

Type     Name                                                                          # reqs      # fails |    Avg     Min     Max    Med |   req/s  failures/s
--------|----------------------------------------------------------------------------|-------|-------------|-------|-------|-------|-------|--------|-----------
POST     /api/book                                                                        550     0(0.00%) |   1746     140    4261   1700 |    4.00        0.00
GET      /api/concerts                                                                    113     0(0.00%) |     41       2     436     28 |    0.60        0.00
GET      /health                                                                           53     0(0.00%) |     40       2     286     25 |    0.70        0.00
--------|----------------------------------------------------------------------------|-------|-------------|-------|-------|-------|-------|--------|-----------
         Aggregated                                                                       716     0(0.00%) |   1351       2    4261   1400 |    5.30        0.00

Type     Name                                                                          # reqs      # fails |    Avg     Min     Max    Med |   req/s  failures/s
--------|----------------------------------------------------------------------------|-------|-------------|-------|-------|-------|-------|--------|-----------
POST     /api/book                                                                        555     0(0.00%) |   1747     140    4261   1700 |    4.70        0.00
GET      /api/concerts                                                                    113     0(0.00%) |     41       2     436     28 |    0.70        0.00
GET      /health                                                                           53     0(0.00%) |     40       2     286     25 |    0.80        0.00
--------|----------------------------------------------------------------------------|-------|-------------|-------|-------|-------|-------|--------|-----------
         Aggregated                                                                       721     0(0.00%) |   1354       2    4261   1400 |    6.20        0.00

Type     Name                                                                          # reqs      # fails |    Avg     Min     Max    Med |   req/s  failures/s
--------|----------------------------------------------------------------------------|-------|-------------|-------|-------|-------|-------|--------|-----------
POST     /api/book                                                                        573     0(0.00%) |   1768     140    4261   1800 |    4.50        0.00
GET      /api/concerts                                                                    115     0(0.00%) |     40       2     436     27 |    0.50        0.00
GET      /health                                                                           54     0(0.00%) |     39       2     286     24 |    0.70        0.00
--------|----------------------------------------------------------------------------|-------|-------------|-------|-------|-------|-------|--------|-----------
         Aggregated                                                                       742     0(0.00%) |   1375       2    4261   1400 |    5.70        0.00

Type     Name                                                                          # reqs      # fails |    Avg     Min     Max    Med |   req/s  failures/s
--------|----------------------------------------------------------------------------|-------|-------------|-------|-------|-------|-------|--------|-----------
POST     /api/book                                                                        578     0(0.00%) |   1759     140    4261   1700 |    4.70        0.00
GET      /api/concerts                                                                    118     0(0.00%) |     40       2     436     27 |    0.50        0.00
GET      /health                                                                           55     0(0.00%) |     40       2     286     25 |    0.70        0.00
--------|----------------------------------------------------------------------------|-------|-------------|-------|-------|-------|-------|--------|-----------
         Aggregated                                                                       751     0(0.00%) |   1363       2    4261   1400 |    5.90        0.00

Type     Name                                                                          # reqs      # fails |    Avg     Min     Max    Med |   req/s  failures/s
--------|----------------------------------------------------------------------------|-------|-------------|-------|-------|-------|-------|--------|-----------
POST     /api/book                                                                        584     0(0.00%) |   1763     140    4261   1800 |    4.80        0.00
GET      /api/concerts                                                                    123     0(0.00%) |     45       2     436     28 |    0.70        0.00
GET      /health                                                                           56     0(0.00%) |     40       2     286     25 |    0.50        0.00
--------|----------------------------------------------------------------------------|-------|-------------|-------|-------|-------|-------|--------|-----------
         Aggregated                                                                       763     0(0.00%) |   1359       2    4261   1400 |    6.00        0.00

Type     Name                                                                          # reqs      # fails |    Avg     Min     Max    Med |   req/s  failures/s
--------|----------------------------------------------------------------------------|-------|-------------|-------|-------|-------|-------|--------|-----------
POST     /api/book                                                                        599     0(0.00%) |   1754     140    4261   1800 |    4.40        0.00
GET      /api/concerts                                                                    125     0(0.00%) |     44       2     436     27 |    1.00        0.00
GET      /health                                                                           57     0(0.00%) |     40       2     286     27 |    0.50        0.00
--------|----------------------------------------------------------------------------|-------|-------------|-------|-------|-------|-------|--------|-----------
         Aggregated                                                                       781     0(0.00%) |   1355       2    4261   1400 |    5.90        0.00

Type     Name                                                                          # reqs      # fails |    Avg     Min     Max    Med |   req/s  failures/s
--------|----------------------------------------------------------------------------|-------|-------------|-------|-------|-------|-------|--------|-----------
POST     /api/book                                                                        603     0(0.00%) |   1749     140    4261   1700 |    4.80        0.00
GET      /api/concerts                                                                    127     0(0.00%) |     44       2     436     28 |    1.30        0.00
GET      /health                                                                           58     0(0.00%) |     40       2     286     27 |    0.40        0.00
--------|----------------------------------------------------------------------------|-------|-------------|-------|-------|-------|-------|--------|-----------
         Aggregated                                                                       788     0(0.00%) |   1349       2    4261   1400 |    6.50        0.00

Type     Name                                                                          # reqs      # fails |    Avg     Min     Max    Med |   req/s  failures/s
--------|----------------------------------------------------------------------------|-------|-------------|-------|-------|-------|-------|--------|-----------
POST     /api/book                                                                        610     0(0.00%) |   1756     140    4261   1800 |    5.00        0.00
GET      /api/concerts                                                                    127     0(0.00%) |     44       2     436     28 |    1.20        0.00
GET      /health                                                                           58     0(0.00%) |     40       2     286     27 |    0.50        0.00
--------|----------------------------------------------------------------------------|-------|-------------|-------|-------|-------|-------|--------|-----------
         Aggregated                                                                       795     0(0.00%) |   1358       2    4261   1400 |    6.70        0.00

Type     Name                                                                          # reqs      # fails |    Avg     Min     Max    Med |   req/s  failures/s
--------|----------------------------------------------------------------------------|-------|-------------|-------|-------|-------|-------|--------|-----------
POST     /api/book                                                                        625     0(0.00%) |   1776     140    4261   1800 |    3.90        0.00
GET      /api/concerts                                                                    127     0(0.00%) |     44       2     436     28 |    1.20        0.00
GET      /health                                                                           59     0(0.00%) |     41       2     286     27 |    0.50        0.00
--------|----------------------------------------------------------------------------|-------|-------------|-------|-------|-------|-------|--------|-----------
         Aggregated                                                                       811     0(0.00%) |   1379       2    4261   1400 |    5.60        0.00

Type     Name                                                                          # reqs      # fails |    Avg     Min     Max    Med |   req/s  failures/s
--------|----------------------------------------------------------------------------|-------|-------------|-------|-------|-------|-------|--------|-----------
POST     /api/book                                                                        635     0(0.00%) |   1768     140    4261   1800 |    4.60        0.00
GET      /api/concerts                                                                    129     0(0.00%) |     44       2     436     27 |    0.90        0.00
GET      /health                                                                           59     0(0.00%) |     41       2     286     27 |    0.40        0.00
--------|----------------------------------------------------------------------------|-------|-------------|-------|-------|-------|-------|--------|-----------
         Aggregated                                                                       823     0(0.00%) |   1374       2    4261   1400 |    5.90        0.00

Type     Name                                                                          # reqs      # fails |    Avg     Min     Max    Med |   req/s  failures/s
--------|----------------------------------------------------------------------------|-------|-------------|-------|-------|-------|-------|--------|-----------
POST     /api/book                                                                        642     0(0.00%) |   1768     140    4261   1800 |    5.20        0.00
GET      /api/concerts                                                                    130     0(0.00%) |     44       2     436     26 |    0.80        0.00
GET      /health                                                                           61     0(0.00%) |     42       2     286     27 |    0.30        0.00
--------|----------------------------------------------------------------------------|-------|-------------|-------|-------|-------|-------|--------|-----------
         Aggregated                                                                       833     0(0.00%) |   1373       2    4261   1400 |    6.30        0.00

Type     Name                                                                          # reqs      # fails |    Avg     Min     Max    Med |   req/s  failures/s
--------|----------------------------------------------------------------------------|-------|-------------|-------|-------|-------|-------|--------|-----------
POST     /api/book                                                                        655     0(0.00%) |   1768     140    4261   1800 |    3.90        0.00
GET      /api/concerts                                                                    132     0(0.00%) |     44       2     436     26 |    0.50        0.00
GET      /health                                                                           61     0(0.00%) |     42       2     286     27 |    0.40        0.00
--------|----------------------------------------------------------------------------|-------|-------------|-------|-------|-------|-------|--------|-----------
         Aggregated                                                                       848     0(0.00%) |   1376       2    4261   1400 |    4.80        0.00

Type     Name                                                                          # reqs      # fails |    Avg     Min     Max    Med |   req/s  failures/s
--------|----------------------------------------------------------------------------|-------|-------------|-------|-------|-------|-------|--------|-----------
POST     /api/book                                                                        662     0(0.00%) |   1758     140    4261   1800 |    5.20        0.00
GET      /api/concerts                                                                    134     0(0.00%) |     44       2     436     26 |    0.60        0.00
GET      /health                                                                           62     0(0.00%) |     42       2     286     27 |    0.30        0.00
--------|----------------------------------------------------------------------------|-------|-------------|-------|-------|-------|-------|--------|-----------
         Aggregated                                                                       858     0(0.00%) |   1367       2    4261   1400 |    6.10        0.00

Type     Name                                                                          # reqs      # fails |    Avg     Min     Max    Med |   req/s  failures/s
--------|----------------------------------------------------------------------------|-------|-------------|-------|-------|-------|-------|--------|-----------
POST     /api/book                                                                        668     0(0.00%) |   1765     140    4261   1800 |    4.80        0.00
GET      /api/concerts                                                                    136     0(0.00%) |     43       2     436     25 |    0.50        0.00
GET      /health                                                                           62     0(0.00%) |     42       2     286     27 |    0.40        0.00
--------|----------------------------------------------------------------------------|-------|-------------|-------|-------|-------|-------|--------|-----------
         Aggregated                                                                       866     0(0.00%) |   1371       2    4261   1400 |    5.70        0.00

Type     Name                                                                          # reqs      # fails |    Avg     Min     Max    Med |   req/s  failures/s
--------|----------------------------------------------------------------------------|-------|-------------|-------|-------|-------|-------|--------|-----------
POST     /api/book                                                                        682     0(0.00%) |   1769     140    4261   1800 |    4.10        0.00
GET      /api/concerts                                                                    137     0(0.00%) |     43       2     436     25 |    0.80        0.00
GET      /health                                                                           62     0(0.00%) |     42       2     286     27 |    0.30        0.00
--------|----------------------------------------------------------------------------|-------|-------------|-------|-------|-------|-------|--------|-----------
         Aggregated                                                                       881     0(0.00%) |   1379       2    4261   1400 |    5.20        0.00

Type     Name                                                                          # reqs      # fails |    Avg     Min     Max    Med |   req/s  failures/s
--------|----------------------------------------------------------------------------|-------|-------------|-------|-------|-------|-------|--------|-----------
POST     /api/book                                                                        687     0(0.00%) |   1765     140    4261   1800 |    4.40        0.00
GET      /api/concerts                                                                    139     0(0.00%) |     43       2     436     25 |    0.90        0.00
GET      /health                                                                           63     0(0.00%) |     41       2     286     27 |    0.30        0.00
--------|----------------------------------------------------------------------------|-------|-------------|-------|-------|-------|-------|--------|-----------
         Aggregated                                                                       889     0(0.00%) |   1374       2    4261   1400 |    5.60        0.00

Type     Name                                                                          # reqs      # fails |    Avg     Min     Max    Med |   req/s  failures/s
--------|----------------------------------------------------------------------------|-------|-------------|-------|-------|-------|-------|--------|-----------
POST     /api/book                                                                        697     0(0.00%) |   1778     140    4261   1800 |    5.00        0.00
GET      /api/concerts                                                                    141     0(0.00%) |     44       2     436     25 |    0.90        0.00
GET      /health                                                                           63     0(0.00%) |     41       2     286     27 |    0.30        0.00
--------|----------------------------------------------------------------------------|-------|-------------|-------|-------|-------|-------|--------|-----------
         Aggregated                                                                       901     0(0.00%) |   1385       2    4261   1400 |    6.20        0.00

Type     Name                                                                          # reqs      # fails |    Avg     Min     Max    Med |   req/s  failures/s
--------|----------------------------------------------------------------------------|-------|-------------|-------|-------|-------|-------|--------|-----------
POST     /api/book                                                                        704     0(0.00%) |   1788     140    4261   1800 |    3.70        0.00
GET      /api/concerts                                                                    142     0(0.00%) |     46       2     436     25 |    0.80        0.00
GET      /health                                                                           63     0(0.00%) |     41       2     286     27 |    0.20        0.00
--------|----------------------------------------------------------------------------|-------|-------------|-------|-------|-------|-------|--------|-----------
         Aggregated                                                                       909     0(0.00%) |   1395       2    4261   1500 |    4.70        0.00

Type     Name                                                                          # reqs      # fails |    Avg     Min     Max    Med |   req/s  failures/s
--------|----------------------------------------------------------------------------|-------|-------------|-------|-------|-------|-------|--------|-----------
POST     /api/book                                                                        714     0(0.00%) |   1801     140    4261   1800 |    4.40        0.00
GET      /api/concerts                                                                    143     0(0.00%) |     45       2     436     25 |    0.90        0.00
GET      /health                                                                           64     0(0.00%) |     41       2     286     25 |    0.10        0.00
--------|----------------------------------------------------------------------------|-------|-------------|-------|-------|-------|-------|--------|-----------
         Aggregated                                                                       921     0(0.00%) |   1406       2    4261   1500 |    5.40        0.00

Type     Name                                                                          # reqs      # fails |    Avg     Min     Max    Med |   req/s  failures/s
--------|----------------------------------------------------------------------------|-------|-------------|-------|-------|-------|-------|--------|-----------
POST     /api/book                                                                        722     0(0.00%) |   1797     140    4261   1800 |    4.40        0.00
GET      /api/concerts                                                                    146     0(0.00%) |     45       2     436     25 |    0.70        0.00
GET      /health                                                                           64     0(0.00%) |     41       2     286     25 |    0.20        0.00
--------|----------------------------------------------------------------------------|-------|-------------|-------|-------|-------|-------|--------|-----------
         Aggregated                                                                       932     0(0.00%) |   1402       2    4261   1500 |    5.30        0.00

Type     Name                                                                          # reqs      # fails |    Avg     Min     Max    Med |   req/s  failures/s
--------|----------------------------------------------------------------------------|-------|-------------|-------|-------|-------|-------|--------|-----------
POST     /api/book                                                                        733     0(0.00%) |   1799     140    4261   1800 |    4.20        0.00
GET      /api/concerts                                                                    147     0(0.00%) |     45       2     436     26 |    0.90        0.00
GET      /health                                                                           66     0(0.00%) |     42       2     286     27 |    0.20        0.00
--------|----------------------------------------------------------------------------|-------|-------------|-------|-------|-------|-------|--------|-----------
         Aggregated                                                                       946     0(0.00%) |   1404       2    4261   1500 |    5.30        0.00

Type     Name                                                                          # reqs      # fails |    Avg     Min     Max    Med |   req/s  failures/s
--------|----------------------------------------------------------------------------|-------|-------------|-------|-------|-------|-------|--------|-----------
POST     /api/book                                                                        745     0(0.00%) |   1794     140    4261   1800 |    4.40        0.00
GET      /api/concerts                                                                    147     0(0.00%) |     45       2     436     26 |    0.80        0.00
GET      /health                                                                           66     0(0.00%) |     42       2     286     27 |    0.20        0.00
--------|----------------------------------------------------------------------------|-------|-------------|-------|-------|-------|-------|--------|-----------
         Aggregated                                                                       958     0(0.00%) |   1405       2    4261   1500 |    5.40        0.00

Type     Name                                                                          # reqs      # fails |    Avg     Min     Max    Med |   req/s  failures/s
--------|----------------------------------------------------------------------------|-------|-------------|-------|-------|-------|-------|--------|-----------
POST     /api/book                                                                        749     0(0.00%) |   1790     140    4261   1800 |    5.20        0.00
GET      /api/concerts                                                                    153     0(0.00%) |     45       2     436     26 |    0.70        0.00
GET      /health                                                                           67     0(0.00%) |     42       2     286     27 |    0.30        0.00
--------|----------------------------------------------------------------------------|-------|-------------|-------|-------|-------|-------|--------|-----------
         Aggregated                                                                       969     0(0.00%) |   1394       2    4261   1500 |    6.20        0.00

Type     Name                                                                          # reqs      # fails |    Avg     Min     Max    Med |   req/s  failures/s
--------|----------------------------------------------------------------------------|-------|-------------|-------|-------|-------|-------|--------|-----------
POST     /api/book                                                                        761     0(0.00%) |   1793     140    4261   1800 |    4.60        0.00
GET      /api/concerts                                                                    154     0(0.00%) |     45       2     436     26 |    1.10        0.00
GET      /health                                                                           67     0(0.00%) |     42       2     286     27 |    0.30        0.00
--------|----------------------------------------------------------------------------|-------|-------------|-------|-------|-------|-------|--------|-----------
         Aggregated                                                                       982     0(0.00%) |   1400       2    4261   1500 |    6.00        0.00

Type     Name                                                                          # reqs      # fails |    Avg     Min     Max    Med |   req/s  failures/s
--------|----------------------------------------------------------------------------|-------|-------------|-------|-------|-------|-------|--------|-----------
POST     /api/book                                                                        772     0(0.00%) |   1789     140    4261   1800 |    4.90        0.00
GET      /api/concerts                                                                    156     0(0.00%) |     44       2     436     26 |    1.00        0.00
GET      /health                                                                           68     0(0.00%) |     44       2     286     27 |    0.30        0.00
--------|----------------------------------------------------------------------------|-------|-------------|-------|-------|-------|-------|--------|-----------
         Aggregated                                                                       996     0(0.00%) |   1396       2    4261   1500 |    6.20        0.00

Type     Name                                                                          # reqs      # fails |    Avg     Min     Max    Med |   req/s  failures/s
--------|----------------------------------------------------------------------------|-------|-------------|-------|-------|-------|-------|--------|-----------
POST     /api/book                                                                        781     0(0.00%) |   1786     140    4261   1800 |    4.60        0.00
GET      /api/concerts                                                                    160     0(0.00%) |     45       2     436     26 |    0.90        0.00
GET      /health                                                                           68     0(0.00%) |     44       2     286     27 |    0.40        0.00
--------|----------------------------------------------------------------------------|-------|-------------|-------|-------|-------|-------|--------|-----------
         Aggregated                                                                      1009     0(0.00%) |   1392       2    4261   1500 |    5.90        0.00

Type     Name                                                                          # reqs      # fails |    Avg     Min     Max    Med |   req/s  failures/s
--------|----------------------------------------------------------------------------|-------|-------------|-------|-------|-------|-------|--------|-----------
POST     /api/book                                                                        790     0(0.00%) |   1787     140    4261   1800 |    4.60        0.00
GET      /api/concerts                                                                    163     0(0.00%) |     45       2     436     27 |    1.20        0.00
GET      /health                                                                           69     0(0.00%) |     45       2     286     28 |    0.30        0.00
--------|----------------------------------------------------------------------------|-------|-------------|-------|-------|-------|-------|--------|-----------
         Aggregated                                                                      1022     0(0.00%) |   1391       2    4261   1500 |    6.10        0.00

Type     Name                                                                          # reqs      # fails |    Avg     Min     Max    Med |   req/s  failures/s
--------|----------------------------------------------------------------------------|-------|-------------|-------|-------|-------|-------|--------|-----------
POST     /api/book                                                                        797     0(0.00%) |   1784     140    4261   1800 |    4.30        0.00
GET      /api/concerts                                                                    165     0(0.00%) |     45       2     436     27 |    1.50        0.00
GET      /health                                                                           69     0(0.00%) |     45       2     286     28 |    0.30        0.00
--------|----------------------------------------------------------------------------|-------|-------------|-------|-------|-------|-------|--------|-----------
         Aggregated                                                                      1031     0(0.00%) |   1389       2    4261   1500 |    6.10        0.00

Type     Name                                                                          # reqs      # fails |    Avg     Min     Max    Med |   req/s  failures/s
--------|----------------------------------------------------------------------------|-------|-------------|-------|-------|-------|-------|--------|-----------
POST     /api/book                                                                        810     0(0.00%) |   1779     140    4261   1800 |    4.70        0.00
GET      /api/concerts                                                                    168     0(0.00%) |     45       2     436     27 |    1.10        0.00
GET      /health                                                                           70     0(0.00%) |     44       2     286     27 |    0.30        0.00
--------|----------------------------------------------------------------------------|-------|-------------|-------|-------|-------|-------|--------|-----------
         Aggregated                                                                      1048     0(0.00%) |   1385       2    4261   1500 |    6.10        0.00

Type     Name                                                                          # reqs      # fails |    Avg     Min     Max    Med |   req/s  failures/s
--------|----------------------------------------------------------------------------|-------|-------------|-------|-------|-------|-------|--------|-----------
POST     /api/book                                                                        816     0(0.00%) |   1774     140    4261   1800 |    4.70        0.00
GET      /api/concerts                                                                    170     0(0.00%) |     45       2     436     28 |    1.40        0.00
GET      /health                                                                           72     0(0.00%) |     44       2     286     28 |    0.30        0.00
--------|----------------------------------------------------------------------------|-------|-------------|-------|-------|-------|-------|--------|-----------
         Aggregated                                                                      1058     0(0.00%) |   1379       2    4261   1400 |    6.40        0.00

Type     Name                                                                          # reqs      # fails |    Avg     Min     Max    Med |   req/s  failures/s
--------|----------------------------------------------------------------------------|-------|-------------|-------|-------|-------|-------|--------|-----------
POST     /api/book                                                                        826     0(0.00%) |   1774     140    4261   1800 |    4.50        0.00
GET      /api/concerts                                                                    170     0(0.00%) |     45       2     436     28 |    1.50        0.00
GET      /health                                                                           74     0(0.00%) |     43       2     286     27 |    0.30        0.00
--------|----------------------------------------------------------------------------|-------|-------------|-------|-------|-------|-------|--------|-----------
         Aggregated                                                                      1070     0(0.00%) |   1379       2    4261   1400 |    6.30        0.00

Type     Name                                                                          # reqs      # fails |    Avg     Min     Max    Med |   req/s  failures/s
--------|----------------------------------------------------------------------------|-------|-------------|-------|-------|-------|-------|--------|-----------
POST     /api/book                                                                        830     0(0.00%) |   1776     140    4261   1800 |    4.60        0.00
GET      /api/concerts                                                                    171     0(0.00%) |     45       2     436     28 |    1.10        0.00
GET      /health                                                                           74     0(0.00%) |     43       2     286     27 |    0.60        0.00
--------|----------------------------------------------------------------------------|-------|-------------|-------|-------|-------|-------|--------|-----------
         Aggregated                                                                      1075     0(0.00%) |   1381       2    4261   1500 |    6.30        0.00

Type     Name                                                                          # reqs      # fails |    Avg     Min     Max    Med |   req/s  failures/s
--------|----------------------------------------------------------------------------|-------|-------------|-------|-------|-------|-------|--------|-----------
POST     /api/book                                                                        847     0(0.00%) |   1798     140    4458   1800 |    4.30        0.00
GET      /api/concerts                                                                    172     0(0.00%) |     48       2     567     28 |    0.90        0.00
GET      /health                                                                           75     0(0.00%) |     43       2     286     28 |    0.50        0.00
--------|----------------------------------------------------------------------------|-------|-------------|-------|-------|-------|-------|--------|-----------
         Aggregated                                                                      1094     0(0.00%) |   1403       2    4458   1500 |    5.70        0.00

Type     Name                                                                          # reqs      # fails |    Avg     Min     Max    Med |   req/s  failures/s
--------|----------------------------------------------------------------------------|-------|-------------|-------|-------|-------|-------|--------|-----------
POST     /api/book                                                                        853     0(0.00%) |   1792     140    4458   1800 |    4.10        0.00
GET      /api/concerts                                                                    174     0(0.00%) |     48       2     567     28 |    0.90        0.00
GET      /health                                                                           75     0(0.00%) |     43       2     286     28 |    0.50        0.00
--------|----------------------------------------------------------------------------|-------|-------------|-------|-------|-------|-------|--------|-----------
         Aggregated                                                                      1102     0(0.00%) |   1398       2    4458   1500 |    5.50        0.00

Type     Name                                                                          # reqs      # fails |    Avg     Min     Max    Med |   req/s  failures/s
--------|----------------------------------------------------------------------------|-------|-------------|-------|-------|-------|-------|--------|-----------
POST     /api/book                                                                        858     0(0.00%) |   1793     140    4458   1800 |    4.60        0.00
GET      /api/concerts                                                                    175     0(0.00%) |     48       2     567     28 |    0.70        0.00
GET      /health                                                                           75     0(0.00%) |     43       2     286     28 |    0.50        0.00
--------|----------------------------------------------------------------------------|-------|-------------|-------|-------|-------|-------|--------|-----------
         Aggregated                                                                      1108     0(0.00%) |   1399       2    4458   1500 |    5.80        0.00

Type     Name                                                                          # reqs      # fails |    Avg     Min     Max    Med |   req/s  failures/s
--------|----------------------------------------------------------------------------|-------|-------------|-------|-------|-------|-------|--------|-----------
POST     /api/book                                                                        869     0(0.00%) |   1807     140    4458   1800 |    4.30        0.00
GET      /api/concerts                                                                    175     0(0.00%) |     48       2     567     28 |    0.50        0.00
GET      /health                                                                           75     0(0.00%) |     43       2     286     28 |    0.40        0.00
--------|----------------------------------------------------------------------------|-------|-------------|-------|-------|-------|-------|--------|-----------
         Aggregated                                                                      1119     0(0.00%) |   1413       2    4458   1500 |    5.20        0.00

Type     Name                                                                          # reqs      # fails |    Avg     Min     Max    Med |   req/s  failures/s
--------|----------------------------------------------------------------------------|-------|-------------|-------|-------|-------|-------|--------|-----------
POST     /api/book                                                                        881     0(0.00%) |   1801     140    4458   1800 |    4.20        0.00
GET      /api/concerts                                                                    175     0(0.00%) |     48       2     567     28 |    0.50        0.00
GET      /health                                                                           75     0(0.00%) |     43       2     286     28 |    0.10        0.00
--------|----------------------------------------------------------------------------|-------|-------------|-------|-------|-------|-------|--------|-----------
         Aggregated                                                                      1131     0(0.00%) |   1413       2    4458   1500 |    4.80        0.00

Type     Name                                                                          # reqs      # fails |    Avg     Min     Max    Med |   req/s  failures/s
--------|----------------------------------------------------------------------------|-------|-------------|-------|-------|-------|-------|--------|-----------
POST     /api/book                                                                        889     0(0.00%) |   1799     140    4458   1800 |    5.10        0.00
GET      /api/concerts                                                                    177     0(0.00%) |     47       2     567     28 |    0.40        0.00
GET      /health                                                                           76     0(0.00%) |     43       2     286     28 |    0.10        0.00
--------|----------------------------------------------------------------------------|-------|-------------|-------|-------|-------|-------|--------|-----------
         Aggregated                                                                      1142     0(0.00%) |   1411       2    4458   1500 |    5.60        0.00

Type     Name                                                                          # reqs      # fails |    Avg     Min     Max    Med |   req/s  failures/s
--------|----------------------------------------------------------------------------|-------|-------------|-------|-------|-------|-------|--------|-----------
POST     /api/book                                                                        900     0(0.00%) |   1803     140    4458   1800 |    4.90        0.00
GET      /api/concerts                                                                    178     0(0.00%) |     47       2     567     27 |    0.40        0.00
GET      /health                                                                           76     0(0.00%) |     43       2     286     28 |    0.20        0.00
--------|----------------------------------------------------------------------------|-------|-------------|-------|-------|-------|-------|--------|-----------
         Aggregated                                                                      1154     0(0.00%) |   1417       2    4458   1500 |    5.50        0.00

Type     Name                                                                          # reqs      # fails |    Avg     Min     Max    Med |   req/s  failures/s
--------|----------------------------------------------------------------------------|-------|-------------|-------|-------|-------|-------|--------|-----------
POST     /api/book                                                                        907     0(0.00%) |   1802     140    4458   1800 |    4.20        0.00
GET      /api/concerts                                                                    182     0(0.00%) |     47       2     567     27 |    0.40        0.00
GET      /health                                                                           76     0(0.00%) |     43       2     286     28 |    0.10        0.00
--------|----------------------------------------------------------------------------|-------|-------------|-------|-------|-------|-------|--------|-----------
         Aggregated                                                                      1165     0(0.00%) |   1413       2    4458   1500 |    4.70        0.00

Type     Name                                                                          # reqs      # fails |    Avg     Min     Max    Med |   req/s  failures/s
--------|----------------------------------------------------------------------------|-------|-------------|-------|-------|-------|-------|--------|-----------
POST     /api/book                                                                        919     0(0.00%) |   1796     140    4458   1800 |    4.90        0.00
GET      /api/concerts                                                                    184     0(0.00%) |     46       2     567     26 |    0.60        0.00
GET      /health                                                                           76     0(0.00%) |     43       2     286     28 |    0.10        0.00
--------|----------------------------------------------------------------------------|-------|-------------|-------|-------|-------|-------|--------|-----------
         Aggregated                                                                      1179     0(0.00%) |   1410       2    4458   1500 |    5.60        0.00

Type     Name                                                                          # reqs      # fails |    Avg     Min     Max    Med |   req/s  failures/s
--------|----------------------------------------------------------------------------|-------|-------------|-------|-------|-------|-------|--------|-----------
POST     /api/book                                                                        926     0(0.00%) |   1794     140    4458   1800 |    5.10        0.00
GET      /api/concerts                                                                    184     0(0.00%) |     46       2     567     26 |    0.70        0.00
GET      /health                                                                           76     0(0.00%) |     43       2     286     28 |    0.10        0.00
--------|----------------------------------------------------------------------------|-------|-------------|-------|-------|-------|-------|--------|-----------
         Aggregated                                                                      1186     0(0.00%) |   1410       2    4458   1500 |    5.90        0.00

Type     Name                                                                          # reqs      # fails |    Avg     Min     Max    Med |   req/s  failures/s
--------|----------------------------------------------------------------------------|-------|-------------|-------|-------|-------|-------|--------|-----------
POST     /api/book                                                                        932     0(0.00%) |   1799     140    4458   1800 |    4.60        0.00
GET      /api/concerts                                                                    186     0(0.00%) |     47       2     567     27 |    0.90        0.00
GET      /health                                                                           76     0(0.00%) |     43       2     286     28 |    0.10        0.00
--------|----------------------------------------------------------------------------|-------|-------------|-------|-------|-------|-------|--------|-----------
         Aggregated                                                                      1194     0(0.00%) |   1414       2    4458   1500 |    5.60        0.00

Type     Name                                                                          # reqs      # fails |    Avg     Min     Max    Med |   req/s  failures/s
--------|----------------------------------------------------------------------------|-------|-------------|-------|-------|-------|-------|--------|-----------
POST     /api/book                                                                        948     0(0.00%) |   1800     140    4458   1800 |    4.50        0.00
GET      /api/concerts                                                                    189     0(0.00%) |     46       2     567     27 |    1.00        0.00
GET      /health                                                                           78     0(0.00%) |     43       2     286     28 |    0.00        0.00
--------|----------------------------------------------------------------------------|-------|-------------|-------|-------|-------|-------|--------|-----------
         Aggregated                                                                      1215     0(0.00%) |   1415       2    4458   1500 |    5.50        0.00

Type     Name                                                                          # reqs      # fails |    Avg     Min     Max    Med |   req/s  failures/s
--------|----------------------------------------------------------------------------|-------|-------------|-------|-------|-------|-------|--------|-----------
POST     /api/book                                                                        955     0(0.00%) |   1791     140    4458   1800 |    4.60        0.00
GET      /api/concerts                                                                    193     0(0.00%) |     45       2     567     26 |    0.80        0.00
GET      /health                                                                           78     0(0.00%) |     43       2     286     28 |    0.10        0.00
--------|----------------------------------------------------------------------------|-------|-------------|-------|-------|-------|-------|--------|-----------
         Aggregated                                                                      1226     0(0.00%) |   1405       2    4458   1500 |    5.50        0.00

Type     Name                                                                          # reqs      # fails |    Avg     Min     Max    Med |   req/s  failures/s
--------|----------------------------------------------------------------------------|-------|-------------|-------|-------|-------|-------|--------|-----------
POST     /api/book                                                                        961     0(0.00%) |   1787     140    4458   1800 |    5.00        0.00
GET      /api/concerts                                                                    195     0(0.00%) |     46       2     567     26 |    1.20        0.00
GET      /health                                                                           80     0(0.00%) |     42       2     286     27 |    0.20        0.00
--------|----------------------------------------------------------------------------|-------|-------------|-------|-------|-------|-------|--------|-----------
         Aggregated                                                                      1236     0(0.00%) |   1399       2    4458   1500 |    6.40        0.00

Type     Name                                                                          # reqs      # fails |    Avg     Min     Max    Med |   req/s  failures/s
--------|----------------------------------------------------------------------------|-------|-------------|-------|-------|-------|-------|--------|-----------
POST     /api/book                                                                        975     0(0.00%) |   1787     140    4458   1800 |    4.30        0.00
GET      /api/concerts                                                                    199     0(0.00%) |     46       2     567     26 |    1.20        0.00
GET      /health                                                                           80     0(0.00%) |     42       2     286     27 |    0.40        0.00
--------|----------------------------------------------------------------------------|-------|-------------|-------|-------|-------|-------|--------|-----------
         Aggregated                                                                      1254     0(0.00%) |   1400       2    4458   1500 |    5.90        0.00

Type     Name                                                                          # reqs      # fails |    Avg     Min     Max    Med |   req/s  failures/s
--------|----------------------------------------------------------------------------|-------|-------------|-------|-------|-------|-------|--------|-----------
POST     /api/book                                                                        977     0(0.00%) |   1785     140    4458   1800 |    4.80        0.00
GET      /api/concerts                                                                    202     0(0.00%) |     46       2     567     26 |    1.40        0.00
GET      /health                                                                           83     0(0.00%) |     43       2     286     28 |    0.40        0.00
--------|----------------------------------------------------------------------------|-------|-------------|-------|-------|-------|-------|--------|-----------
         Aggregated                                                                      1262     0(0.00%) |   1392       2    4458   1400 |    6.60        0.00

Type     Name                                                                          # reqs      # fails |    Avg     Min     Max    Med |   req/s  failures/s
--------|----------------------------------------------------------------------------|-------|-------------|-------|-------|-------|-------|--------|-----------
POST     /api/book                                                                        986     0(0.00%) |   1790     140    4458   1800 |    4.70        0.00
GET      /api/concerts                                                                    206     0(0.00%) |     47       2     567     27 |    1.40        0.00
GET      /health                                                                           83     0(0.00%) |     43       2     286     28 |    0.50        0.00
--------|----------------------------------------------------------------------------|-------|-------------|-------|-------|-------|-------|--------|-----------
         Aggregated                                                                      1275     0(0.00%) |   1395       2    4458   1500 |    6.60        0.00

Type     Name                                                                          # reqs      # fails |    Avg     Min     Max    Med |   req/s  failures/s
--------|----------------------------------------------------------------------------|-------|-------------|-------|-------|-------|-------|--------|-----------
POST     /api/book                                                                        998     0(0.00%) |   1795     140    4458   1800 |    3.50        0.00
GET      /api/concerts                                                                    210     0(0.00%) |     47       2     567     26 |    1.90        0.00
GET      /health                                                                           83     0(0.00%) |     43       2     286     28 |    0.50        0.00
--------|----------------------------------------------------------------------------|-------|-------------|-------|-------|-------|-------|--------|-----------
         Aggregated                                                                      1291     0(0.00%) |   1398       2    4458   1500 |    5.90        0.00

Type     Name                                                                          # reqs      # fails |    Avg     Min     Max    Med |   req/s  failures/s
--------|----------------------------------------------------------------------------|-------|-------------|-------|-------|-------|-------|--------|-----------
POST     /api/book                                                                       1006     0(0.00%) |   1788     140    4458   1800 |    3.80        0.00
GET      /api/concerts                                                                    213     0(0.00%) |     48       2     567     26 |    1.50        0.00
GET      /health                                                                           84     0(0.00%) |     43       2     286     27 |    0.50        0.00
--------|----------------------------------------------------------------------------|-------|-------------|-------|-------|-------|-------|--------|-----------
         Aggregated                                                                      1303     0(0.00%) |   1391       2    4458   1400 |    5.80        0.00

Type     Name                                                                          # reqs      # fails |    Avg     Min     Max    Med |   req/s  failures/s
--------|----------------------------------------------------------------------------|-------|-------------|-------|-------|-------|-------|--------|-----------
POST     /api/book                                                                       1012     0(0.00%) |   1789     140    4458   1800 |    4.40        0.00
GET      /api/concerts                                                                    215     0(0.00%) |     48       2     567     27 |    1.80        0.00
GET      /health                                                                           85     0(0.00%) |     43       2     286     28 |    0.40        0.00
--------|----------------------------------------------------------------------------|-------|-------------|-------|-------|-------|-------|--------|-----------
         Aggregated                                                                      1312     0(0.00%) |   1391       2    4458   1400 |    6.60        0.00

Type     Name                                                                          # reqs      # fails |    Avg     Min     Max    Med |   req/s  failures/s
--------|----------------------------------------------------------------------------|-------|-------------|-------|-------|-------|-------|--------|-----------
POST     /api/book                                                                       1025     0(0.00%) |   1789     140    4458   1800 |    3.40        0.00
GET      /api/concerts                                                                    217     0(0.00%) |     48       2     567     27 |    1.50        0.00
GET      /health                                                                           85     0(0.00%) |     43       2     286     28 |    0.40        0.00
--------|----------------------------------------------------------------------------|-------|-------------|-------|-------|-------|-------|--------|-----------
         Aggregated                                                                      1327     0(0.00%) |   1393       2    4458   1400 |    5.30        0.00

Type     Name                                                                          # reqs      # fails |    Avg     Min     Max    Med |   req/s  failures/s
--------|----------------------------------------------------------------------------|-------|-------------|-------|-------|-------|-------|--------|-----------
POST     /api/book                                                                       1035     0(0.00%) |   1779     140    4458   1800 |    4.40        0.00
GET      /api/concerts                                                                    220     0(0.00%) |     48       2     567     27 |    1.70        0.00
GET      /health                                                                           87     0(0.00%) |     42       2     286     27 |    0.40        0.00
--------|----------------------------------------------------------------------------|-------|-------------|-------|-------|-------|-------|--------|-----------
         Aggregated                                                                      1342     0(0.00%) |   1383       2    4458   1400 |    6.50        0.00

Type     Name                                                                          # reqs      # fails |    Avg     Min     Max    Med |   req/s  failures/s
--------|----------------------------------------------------------------------------|-------|-------------|-------|-------|-------|-------|--------|-----------
POST     /api/book                                                                       1042     0(0.00%) |   1776     140    4458   1800 |    5.20        0.00
GET      /api/concerts                                                                    224     0(0.00%) |     48       2     567     27 |    1.30        0.00
GET      /health                                                                           87     0(0.00%) |     42       2     286     27 |    0.30        0.00
--------|----------------------------------------------------------------------------|-------|-------------|-------|-------|-------|-------|--------|-----------
         Aggregated                                                                      1353     0(0.00%) |   1378       2    4458   1400 |    6.80        0.00

Type     Name                                                                          # reqs      # fails |    Avg     Min     Max    Med |   req/s  failures/s
--------|----------------------------------------------------------------------------|-------|-------------|-------|-------|-------|-------|--------|-----------
POST     /api/book                                                                       1055     0(0.00%) |   1775     140    4458   1800 |    4.80        0.00
GET      /api/concerts                                                                    228     0(0.00%) |     47       2     567     27 |    1.60        0.00
GET      /health                                                                           88     0(0.00%) |     42       2     286     27 |    0.40        0.00
--------|----------------------------------------------------------------------------|-------|-------------|-------|-------|-------|-------|--------|-----------
         Aggregated                                                                      1371     0(0.00%) |   1377       2    4458   1400 |    6.80        0.00

Type     Name                                                                          # reqs      # fails |    Avg     Min     Max    Med |   req/s  failures/s
--------|----------------------------------------------------------------------------|-------|-------------|-------|-------|-------|-------|--------|-----------
POST     /api/book                                                                       1060     0(0.00%) |   1768     140    4458   1800 |    4.30        0.00
GET      /api/concerts                                                                    230     0(0.00%) |     47       2     567     27 |    1.30        0.00
GET      /health                                                                           88     0(0.00%) |     42       2     286     27 |    0.30        0.00
--------|----------------------------------------------------------------------------|-------|-------------|-------|-------|-------|-------|--------|-----------
         Aggregated                                                                      1378     0(0.00%) |   1371       2    4458   1400 |    5.90        0.00

Type     Name                                                                          # reqs      # fails |    Avg     Min     Max    Med |   req/s  failures/s
--------|----------------------------------------------------------------------------|-------|-------------|-------|-------|-------|-------|--------|-----------
POST     /api/book                                                                       1063     0(0.00%) |   1769     140    4458   1800 |    5.10        0.00
GET      /api/concerts                                                                    232     0(0.00%) |     48       2     567     27 |    1.60        0.00
GET      /health                                                                           88     0(0.00%) |     42       2     286     27 |    0.40        0.00
--------|----------------------------------------------------------------------------|-------|-------------|-------|-------|-------|-------|--------|-----------
         Aggregated                                                                      1383     0(0.00%) |   1371       2    4458   1400 |    7.10        0.00

Type     Name                                                                          # reqs      # fails |    Avg     Min     Max    Med |   req/s  failures/s
--------|----------------------------------------------------------------------------|-------|-------------|-------|-------|-------|-------|--------|-----------
POST     /api/book                                                                       1079     0(0.00%) |   1787     140    4458   1800 |    4.00        0.00
GET      /api/concerts                                                                    232     0(0.00%) |     48       2     567     27 |    1.50        0.00
GET      /health                                                                           89     0(0.00%) |     41       2     286     27 |    0.30        0.00
--------|----------------------------------------------------------------------------|-------|-------------|-------|-------|-------|-------|--------|-----------
         Aggregated                                                                      1400     0(0.00%) |   1388       2    4458   1400 |    5.80        0.00

Type     Name                                                                          # reqs      # fails |    Avg     Min     Max    Med |   req/s  failures/s
--------|----------------------------------------------------------------------------|-------|-------------|-------|-------|-------|-------|--------|-----------
POST     /api/book                                                                       1086     0(0.00%) |   1779     140    4458   1800 |    4.50        0.00
GET      /api/concerts                                                                    233     0(0.00%) |     48       2     567     28 |    1.30        0.00
GET      /health                                                                           90     0(0.00%) |     41       2     286     25 |    0.30        0.00
--------|----------------------------------------------------------------------------|-------|-------------|-------|-------|-------|-------|--------|-----------
         Aggregated                                                                      1409     0(0.00%) |   1382       2    4458   1400 |    6.10        0.00

Type     Name                                                                          # reqs      # fails |    Avg     Min     Max    Med |   req/s  failures/s
--------|----------------------------------------------------------------------------|-------|-------------|-------|-------|-------|-------|--------|-----------
POST     /api/book                                                                       1090     0(0.00%) |   1780     140    4458   1800 |    4.30        0.00
GET      /api/concerts                                                                    234     0(0.00%) |     48       2     567     28 |    0.80        0.00
GET      /health                                                                           90     0(0.00%) |     41       2     286     25 |    0.30        0.00
--------|----------------------------------------------------------------------------|-------|-------------|-------|-------|-------|-------|--------|-----------
         Aggregated                                                                      1414     0(0.00%) |   1383       2    4458   1400 |    5.40        0.00

Type     Name                                                                          # reqs      # fails |    Avg     Min     Max    Med |   req/s  failures/s
--------|----------------------------------------------------------------------------|-------|-------------|-------|-------|-------|-------|--------|-----------
POST     /api/book                                                                       1106     0(0.00%) |   1792     140    4458   1800 |    4.20        0.00
GET      /api/concerts                                                                    234     0(0.00%) |     48       2     567     28 |    0.70        0.00
GET      /health                                                                           92     0(0.00%) |     41       2     286     25 |    0.30        0.00
--------|----------------------------------------------------------------------------|-------|-------------|-------|-------|-------|-------|--------|-----------
         Aggregated                                                                      1432     0(0.00%) |   1395       2    4458   1400 |    5.20        0.00

Type     Name                                                                          # reqs      # fails |    Avg     Min     Max    Med |   req/s  failures/s
--------|----------------------------------------------------------------------------|-------|-------------|-------|-------|-------|-------|--------|-----------
POST     /api/book                                                                       1112     0(0.00%) |   1785     140    4458   1800 |    4.20        0.00
GET      /api/concerts                                                                    236     0(0.00%) |     48       2     567     28 |    0.50        0.00
GET      /health                                                                           93     0(0.00%) |     40       2     286     25 |    0.40        0.00
--------|----------------------------------------------------------------------------|-------|-------------|-------|-------|-------|-------|--------|-----------
         Aggregated                                                                      1441     0(0.00%) |   1388       2    4458   1400 |    5.10        0.00

Type     Name                                                                          # reqs      # fails |    Avg     Min     Max    Med |   req/s  failures/s
--------|----------------------------------------------------------------------------|-------|-------------|-------|-------|-------|-------|--------|-----------
POST     /api/book                                                                       1119     0(0.00%) |   1786     140    4458   1800 |    4.60        0.00
GET      /api/concerts                                                                    238     0(0.00%) |     48       2     567     28 |    0.50        0.00
GET      /health                                                                           93     0(0.00%) |     40       2     286     25 |    0.40        0.00
--------|----------------------------------------------------------------------------|-------|-------------|-------|-------|-------|-------|--------|-----------
         Aggregated                                                                      1450     0(0.00%) |   1388       2    4458   1400 |    5.50        0.00

Type     Name                                                                          # reqs      # fails |    Avg     Min     Max    Med |   req/s  failures/s
--------|----------------------------------------------------------------------------|-------|-------------|-------|-------|-------|-------|--------|-----------
POST     /api/book                                                                       1133     0(0.00%) |   1790     140    4458   1800 |    4.10        0.00
GET      /api/concerts                                                                    240     0(0.00%) |     48       2     567     28 |    0.60        0.00
GET      /health                                                                           93     0(0.00%) |     40       2     286     25 |    0.40        0.00
--------|----------------------------------------------------------------------------|-------|-------------|-------|-------|-------|-------|--------|-----------
         Aggregated                                                                      1466     0(0.00%) |   1394       2    4458   1400 |    5.10        0.00

Type     Name                                                                          # reqs      # fails |    Avg     Min     Max    Med |   req/s  failures/s
--------|----------------------------------------------------------------------------|-------|-------------|-------|-------|-------|-------|--------|-----------
POST     /api/book                                                                       1138     0(0.00%) |   1786     140    4458   1800 |    4.50        0.00
GET      /api/concerts                                                                    240     0(0.00%) |     48       2     567     28 |    0.80        0.00
GET      /health                                                                           93     0(0.00%) |     40       2     286     25 |    0.30        0.00
--------|----------------------------------------------------------------------------|-------|-------------|-------|-------|-------|-------|--------|-----------
         Aggregated                                                                      1471     0(0.00%) |   1392       2    4458   1400 |    5.60        0.00

Type     Name                                                                          # reqs      # fails |    Avg     Min     Max    Med |   req/s  failures/s
--------|----------------------------------------------------------------------------|-------|-------------|-------|-------|-------|-------|--------|-----------
POST     /api/book                                                                       1150     0(0.00%) |   1789     140    4458   1800 |    4.80        0.00
GET      /api/concerts                                                                    243     0(0.00%) |     48       2     567     29 |    0.70        0.00
GET      /health                                                                           94     0(0.00%) |     41       2     286     25 |    0.30        0.00
--------|----------------------------------------------------------------------------|-------|-------------|-------|-------|-------|-------|--------|-----------
         Aggregated                                                                      1487     0(0.00%) |   1394       2    4458   1400 |    5.80        0.00

Type     Name                                                                          # reqs      # fails |    Avg     Min     Max    Med |   req/s  failures/s
--------|----------------------------------------------------------------------------|-------|-------------|-------|-------|-------|-------|--------|-----------
POST     /api/book                                                                       1160     0(0.00%) |   1785     140    4458   1800 |    4.50        0.00
GET      /api/concerts                                                                    245     0(0.00%) |     48       2     567     29 |    0.90        0.00
GET      /health                                                                           94     0(0.00%) |     41       2     286     25 |    0.20        0.00
--------|----------------------------------------------------------------------------|-------|-------------|-------|-------|-------|-------|--------|-----------
         Aggregated                                                                      1499     0(0.00%) |   1392       2    4458   1400 |    5.60        0.00

Type     Name                                                                          # reqs      # fails |    Avg     Min     Max    Med |   req/s  failures/s
--------|----------------------------------------------------------------------------|-------|-------------|-------|-------|-------|-------|--------|-----------
POST     /api/book                                                                       1166     0(0.00%) |   1784     140    4458   1800 |    4.70        0.00
GET      /api/concerts                                                                    246     0(0.00%) |     48       2     567     28 |    0.90        0.00
GET      /health                                                                           95     0(0.00%) |     41       2     286     27 |    0.10        0.00
--------|----------------------------------------------------------------------------|-------|-------------|-------|-------|-------|-------|--------|-----------
         Aggregated                                                                      1507     0(0.00%) |   1391       2    4458   1400 |    5.70        0.00

Type     Name                                                                          # reqs      # fails |    Avg     Min     Max    Med |   req/s  failures/s
--------|----------------------------------------------------------------------------|-------|-------------|-------|-------|-------|-------|--------|-----------
POST     /api/book                                                                       1180     0(0.00%) |   1788     140    4458   1800 |    4.70        0.00
GET      /api/concerts                                                                    246     0(0.00%) |     48       2     567     28 |    0.80        0.00
GET      /health                                                                           95     0(0.00%) |     41       2     286     27 |    0.10        0.00
--------|----------------------------------------------------------------------------|-------|-------------|-------|-------|-------|-------|--------|-----------
         Aggregated                                                                      1521     0(0.00%) |   1398       2    4458   1400 |    5.60        0.00

Type     Name                                                                          # reqs      # fails |    Avg     Min     Max    Med |   req/s  failures/s
--------|----------------------------------------------------------------------------|-------|-------------|-------|-------|-------|-------|--------|-----------
POST     /api/book                                                                       1185     0(0.00%) |   1787     140    4458   1800 |    4.60        0.00
GET      /api/concerts                                                                    250     0(0.00%) |     47       2     567     28 |    0.60        0.00
GET      /health                                                                           96     0(0.00%) |     41       2     286     25 |    0.20        0.00
--------|----------------------------------------------------------------------------|-------|-------------|-------|-------|-------|-------|--------|-----------
         Aggregated                                                                      1531     0(0.00%) |   1393       2    4458   1400 |    5.40        0.00

Type     Name                                                                          # reqs      # fails |    Avg     Min     Max    Med |   req/s  failures/s
--------|----------------------------------------------------------------------------|-------|-------------|-------|-------|-------|-------|--------|-----------
POST     /api/book                                                                       1193     0(0.00%) |   1786     140    4458   1800 |    4.70        0.00
GET      /api/concerts                                                                    253     0(0.00%) |     48       2     567     30 |    0.90        0.00
GET      /health                                                                           98     0(0.00%) |     42       2     286     27 |    0.30        0.00
--------|----------------------------------------------------------------------------|-------|-------------|-------|-------|-------|-------|--------|-----------
         Aggregated                                                                      1544     0(0.00%) |   1390       2    4458   1400 |    5.90        0.00

Type     Name                                                                          # reqs      # fails |    Avg     Min     Max    Med |   req/s  failures/s
--------|----------------------------------------------------------------------------|-------|-------------|-------|-------|-------|-------|--------|-----------
POST     /api/book                                                                       1204     0(0.00%) |   1785     123    4458   1800 |    4.40        0.00
GET      /api/concerts                                                                    257     0(0.00%) |     47       2     567     28 |    0.80        0.00
GET      /health                                                                          100     0(0.00%) |     41       2     286     27 |    0.40        0.00
--------|----------------------------------------------------------------------------|-------|-------------|-------|-------|-------|-------|--------|-----------
         Aggregated                                                                      1561     0(0.00%) |   1387       2    4458   1400 |    5.60        0.00

Type     Name                                                                          # reqs      # fails |    Avg     Min     Max    Med |   req/s  failures/s
--------|----------------------------------------------------------------------------|-------|-------------|-------|-------|-------|-------|--------|-----------
POST     /api/book                                                                       1207     0(0.00%) |   1785     123    4458   1800 |    4.40        0.00
GET      /api/concerts                                                                    260     0(0.00%) |     47       2     567     28 |    1.20        0.00
GET      /health                                                                          100     0(0.00%) |     41       2     286     27 |    0.50        0.00
--------|----------------------------------------------------------------------------|-------|-------------|-------|-------|-------|-------|--------|-----------
         Aggregated                                                                      1567     0(0.00%) |   1386       2    4458   1400 |    6.10        0.00

Type     Name                                                                          # reqs      # fails |    Avg     Min     Max    Med |   req/s  failures/s
--------|----------------------------------------------------------------------------|-------|-------------|-------|-------|-------|-------|--------|-----------
POST     /api/book                                                                       1223     0(0.00%) |   1792     123    4458   1800 |    4.00        0.00
GET      /api/concerts                                                                    261     0(0.00%) |     47       2     567     28 |    1.10        0.00
GET      /health                                                                          100     0(0.00%) |     41       2     286     27 |    0.60        0.00
--------|----------------------------------------------------------------------------|-------|-------------|-------|-------|-------|-------|--------|-----------
         Aggregated                                                                      1584     0(0.00%) |   1394       2    4458   1400 |    5.70        0.00

Type     Name                                                                          # reqs      # fails |    Avg     Min     Max    Med |   req/s  failures/s
--------|----------------------------------------------------------------------------|-------|-------------|-------|-------|-------|-------|--------|-----------
POST     /api/book                                                                       1229     0(0.00%) |   1788     123    4458   1800 |    4.60        0.00
GET      /api/concerts                                                                    265     0(0.00%) |     47       2     567     28 |    1.40        0.00
GET      /health                                                                          101     0(0.00%) |     41       2     286     27 |    0.50        0.00
--------|----------------------------------------------------------------------------|-------|-------------|-------|-------|-------|-------|--------|-----------
         Aggregated                                                                      1595     0(0.00%) |   1388       2    4458   1400 |    6.50        0.00

Type     Name                                                                          # reqs      # fails |    Avg     Min     Max    Med |   req/s  failures/s
--------|----------------------------------------------------------------------------|-------|-------------|-------|-------|-------|-------|--------|-----------
POST     /api/book                                                                       1235     0(0.00%) |   1789     123    4458   1800 |    4.10        0.00
GET      /api/concerts                                                                    267     0(0.00%) |     47       2     567     28 |    1.50        0.00
GET      /health                                                                          103     0(0.00%) |     41       2     286     27 |    0.50        0.00
--------|----------------------------------------------------------------------------|-------|-------------|-------|-------|-------|-------|--------|-----------
         Aggregated                                                                      1605     0(0.00%) |   1387       2    4458   1400 |    6.10        0.00

Type     Name                                                                          # reqs      # fails |    Avg     Min     Max    Med |   req/s  failures/s
--------|----------------------------------------------------------------------------|-------|-------------|-------|-------|-------|-------|--------|-----------
POST     /api/book                                                                       1241     0(0.00%) |   1795     123    4458   1800 |    4.30        0.00
GET      /api/concerts                                                                    268     0(0.00%) |     47       2     567     28 |    1.60        0.00
GET      /health                                                                          104     0(0.00%) |     43       2     286     27 |    0.40        0.00
--------|----------------------------------------------------------------------------|-------|-------------|-------|-------|-------|-------|--------|-----------
         Aggregated                                                                      1613     0(0.00%) |   1392       2    4458   1400 |    6.30        0.00

Type     Name                                                                          # reqs      # fails |    Avg     Min     Max    Med |   req/s  failures/s
--------|----------------------------------------------------------------------------|-------|-------------|-------|-------|-------|-------|--------|-----------
POST     /api/book                                                                       1249     0(0.00%) |   1805     123    4458   1800 |    3.60        0.00
GET      /api/concerts                                                                    270     0(0.00%) |     47       2     567     28 |    1.10        0.00
GET      /health                                                                          104     0(0.00%) |     43       2     286     27 |    0.40        0.00
--------|----------------------------------------------------------------------------|-------|-------------|-------|-------|-------|-------|--------|-----------
         Aggregated                                                                      1623     0(0.00%) |   1400       2    4458   1400 |    5.10        0.00

Type     Name                                                                          # reqs      # fails |    Avg     Min     Max    Med |   req/s  failures/s
--------|----------------------------------------------------------------------------|-------|-------------|-------|-------|-------|-------|--------|-----------
POST     /api/book                                                                       1263     0(0.00%) |   1811     123    4458   1800 |    4.10        0.00
GET      /api/concerts                                                                    270     0(0.00%) |     47       2     567     28 |    1.20        0.00
GET      /health                                                                          107     0(0.00%) |     42       2     286     27 |    0.40        0.00
--------|----------------------------------------------------------------------------|-------|-------------|-------|-------|-------|-------|--------|-----------
         Aggregated                                                                      1640     0(0.00%) |   1405       2    4458   1500 |    5.70        0.00

Type     Name                                                                          # reqs      # fails |    Avg     Min     Max    Med |   req/s  failures/s
--------|----------------------------------------------------------------------------|-------|-------------|-------|-------|-------|-------|--------|-----------
POST     /api/book                                                                       1271     0(0.00%) |   1803     123    4458   1800 |    3.50        0.00
GET      /api/concerts                                                                    273     0(0.00%) |     47       2     567     28 |    1.00        0.00
GET      /health                                                                          109     0(0.00%) |     42       2     286     27 |    0.50        0.00
--------|----------------------------------------------------------------------------|-------|-------------|-------|-------|-------|-------|--------|-----------
         Aggregated                                                                      1653     0(0.00%) |   1397       2    4458   1400 |    5.00        0.00

Type     Name                                                                          # reqs      # fails |    Avg     Min     Max    Med |   req/s  failures/s
--------|----------------------------------------------------------------------------|-------|-------------|-------|-------|-------|-------|--------|-----------
POST     /api/book                                                                       1272     0(0.00%) |   1802     123    4458   1800 |    4.10        0.00
GET      /api/concerts                                                                    274     0(0.00%) |     47       2     567     27 |    0.80        0.00
GET      /health                                                                          109     0(0.00%) |     42       2     286     27 |    0.80        0.00
--------|----------------------------------------------------------------------------|-------|-------------|-------|-------|-------|-------|--------|-----------
         Aggregated                                                                      1655     0(0.00%) |   1395       2    4458   1400 |    5.70        0.00

Type     Name                                                                          # reqs      # fails |    Avg     Min     Max    Med |   req/s  failures/s
--------|----------------------------------------------------------------------------|-------|-------------|-------|-------|-------|-------|--------|-----------
POST     /api/book                                                                       1282     0(0.00%) |   1811     123    4458   1800 |    3.90        0.00
GET      /api/concerts                                                                    274     0(0.00%) |     47       2     567     27 |    0.70        0.00
GET      /health                                                                          109     0(0.00%) |     42       2     286     27 |    0.70        0.00
--------|----------------------------------------------------------------------------|-------|-------------|-------|-------|-------|-------|--------|-----------
         Aggregated                                                                      1665     0(0.00%) |   1405       2    4458   1400 |    5.30        0.00

Type     Name                                                                          # reqs      # fails |    Avg     Min     Max    Med |   req/s  failures/s
--------|----------------------------------------------------------------------------|-------|-------------|-------|-------|-------|-------|--------|-----------
POST     /api/book                                                                       1297     0(0.00%) |   1815     123    4458   1800 |    4.00        0.00
GET      /api/concerts                                                                    276     0(0.00%) |     46       2     567     27 |    0.60        0.00
GET      /health                                                                          111     0(0.00%) |     41       2     286     25 |    0.60        0.00
--------|----------------------------------------------------------------------------|-------|-------------|-------|-------|-------|-------|--------|-----------
         Aggregated                                                                      1684     0(0.00%) |   1408       2    4458   1400 |    5.20        0.00

Type     Name                                                                          # reqs      # fails |    Avg     Min     Max    Med |   req/s  failures/s
--------|----------------------------------------------------------------------------|-------|-------------|-------|-------|-------|-------|--------|-----------
POST     /api/book                                                                       1306     0(0.00%) |   1813     123    4458   1800 |    4.80        0.00
GET      /api/concerts                                                                    281     0(0.00%) |     46       2     567     28 |    0.60        0.00
GET      /health                                                                          111     0(0.00%) |     41       2     286     25 |    0.60        0.00
--------|----------------------------------------------------------------------------|-------|-------------|-------|-------|-------|-------|--------|-----------
         Aggregated                                                                      1698     0(0.00%) |   1405       2    4458   1400 |    6.00        0.00

Type     Name                                                                          # reqs      # fails |    Avg     Min     Max    Med |   req/s  failures/s
--------|----------------------------------------------------------------------------|-------|-------------|-------|-------|-------|-------|--------|-----------
POST     /api/book                                                                       1316     0(0.00%) |   1810     123    4458   1800 |    4.40        0.00
GET      /api/concerts                                                                    283     0(0.00%) |     46       2     567     28 |    0.90        0.00
GET      /health                                                                          112     0(0.00%) |     41       2     286     24 |    0.60        0.00
--------|----------------------------------------------------------------------------|-------|-------------|-------|-------|-------|-------|--------|-----------
         Aggregated                                                                      1711     0(0.00%) |   1402       2    4458   1400 |    5.90        0.00

Type     Name                                                                          # reqs      # fails |    Avg     Min     Max    Med |   req/s  failures/s
--------|----------------------------------------------------------------------------|-------|-------------|-------|-------|-------|-------|--------|-----------
POST     /api/book                                                                       1319     0(0.00%) |   1809     123    4458   1800 |    4.40        0.00
GET      /api/concerts                                                                    286     0(0.00%) |     46       2     567     28 |    1.10        0.00
GET      /health                                                                          113     0(0.00%) |     40       2     286     24 |    0.30        0.00
--------|----------------------------------------------------------------------------|-------|-------------|-------|-------|-------|-------|--------|-----------
         Aggregated                                                                      1718     0(0.00%) |   1399       2    4458   1400 |    5.80        0.00

Type     Name                                                                          # reqs      # fails |    Avg     Min     Max    Med |   req/s  failures/s
--------|----------------------------------------------------------------------------|-------|-------------|-------|-------|-------|-------|--------|-----------
POST     /api/book                                                                       1333     0(0.00%) |   1811     123    4458   1800 |    4.60        0.00
GET      /api/concerts                                                                    287     0(0.00%) |     46       2     567     28 |    1.10        0.00
GET      /health                                                                          114     0(0.00%) |     40       2     286     24 |    0.40        0.00
--------|----------------------------------------------------------------------------|-------|-------------|-------|-------|-------|-------|--------|-----------
         Aggregated                                                                      1734     0(0.00%) |   1403       2    4458   1400 |    6.10        0.00

Type     Name                                                                          # reqs      # fails |    Avg     Min     Max    Med |   req/s  failures/s
--------|----------------------------------------------------------------------------|-------|-------------|-------|-------|-------|-------|--------|-----------
POST     /api/book                                                                       1345     0(0.00%) |   1808     123    4458   1800 |    5.20        0.00
GET      /api/concerts                                                                    288     0(0.00%) |     46       2     567     28 |    1.20        0.00
GET      /health                                                                          117     0(0.00%) |     41       2     286     24 |    0.40        0.00
--------|----------------------------------------------------------------------------|-------|-------------|-------|-------|-------|-------|--------|-----------
         Aggregated                                                                      1750     0(0.00%) |   1400       2    4458   1400 |    6.80        0.00

[2026-05-29 10:35:25,111] ip-172-31-20-158/INFO/locust.runners: Shape test stopping
[2026-05-29 10:35:25,137] ip-172-31-20-158/INFO/locust.main: Shape test completed, shutting down
[2026-05-29 10:35:25,137] ip-172-31-20-158/INFO/locust.main: Run time limit set to 300 seconds
[2026-05-29 10:35:25,207] ip-172-31-20-158/INFO/locust.main: writing html report to file: report_baseline_run1.html
[2026-05-29 10:35:25,209] ip-172-31-20-158/INFO/locust.main: Shutting down (exit code 0)
Type     Name                                                                          # reqs      # fails |    Avg     Min     Max    Med |   req/s  failures/s
--------|----------------------------------------------------------------------------|-------|-------------|-------|-------|-------|-------|--------|-----------
POST     /api/book                                                                       1347     0(0.00%) |   1805     123    4458   1800 |    4.48        0.00
GET      /api/concerts                                                                    289     0(0.00%) |     46       2     567     28 |    0.96        0.00
GET      /health                                                                          117     0(0.00%) |     41       2     286     24 |    0.39        0.00
--------|----------------------------------------------------------------------------|-------|-------------|-------|-------|-------|-------|--------|-----------
         Aggregated                                                                      1753     0(0.00%) |   1398       2    4458   1400 |    5.83        0.00

Response time percentiles (approximated)
Type     Name                                                                                  50%    66%    75%    80%    90%    95%    98%    99%  99.9% 99.99%   100% # reqs
--------|--------------------------------------------------------------------------------|--------|------|------|------|------|------|------|------|------|------|------|------
POST     /api/book                                                                            1800   2200   2400   2600   3000   3300   3700   3900   4400   4500   4500   1347
GET      /api/concerts                                                                          28     46     57     64     91    180    300    360    570    570    570    289
GET      /health                                                                                24     46     54     68     95    140    170    250    290    290    290    117
--------|--------------------------------------------------------------------------------|--------|------|------|------|------|------|------|------|------|------|------|------
         Aggregated                                                                           1400   2000   2200   2400   2900   3200   3600   3800   4400   4500   4500   1753

