[2026-05-31 13:03:58,058] ip-172-31-20-158/INFO/locust.main: Starting Locust 2.44.0
[2026-05-31 13:03:58,058] ip-172-31-20-158/WARNING/locust.main: --run-time, --users or --spawn-rate have no impact on LoadShapes unless the shape class explicitly reads them. See: docs.locust.io/en/stable/custom-load-shape.html#use-common-options
[2026-05-31 13:03:58,058] ip-172-31-20-158/WARNING/locust.main: The following option(s) will be ignored: --run-time
[2026-05-31 13:03:58,059] ip-172-31-20-158/INFO/locust.runners: Shape test starting.
Type     Name                                                                          # reqs      # fails |    Avg     Min     Max    Med |   req/s  failures/s
--------|----------------------------------------------------------------------------|-------|-------------|-------|-------|-------|-------|--------|-----------
--------|----------------------------------------------------------------------------|-------|-------------|-------|-------|-------|-------|--------|-----------
         Aggregated                                                                         0     0(0.00%) |      0       0       0      0 |    0.00        0.00

[2026-05-31 13:03:58,060] ip-172-31-20-158/INFO/locust.runners: Shape worker starting
[2026-05-31 13:03:58,060] ip-172-31-20-158/INFO/locust.runners: Shape test updating to 5 users at 1.00 spawn rate
[2026-05-31 13:03:58,060] ip-172-31-20-158/INFO/locust.runners: Ramping to 5 users at a rate of 1.00 per second
Type     Name                                                                          # reqs      # fails |    Avg     Min     Max    Med |   req/s  failures/s
--------|----------------------------------------------------------------------------|-------|-------------|-------|-------|-------|-------|--------|-----------
POST     /api/book                                                                          1     0(0.00%) |    169     169     169    169 |    0.00        0.00
GET      /api/concerts                                                                      1     0(0.00%) |      8       8       8      8 |    0.00        0.00
--------|----------------------------------------------------------------------------|-------|-------------|-------|-------|-------|-------|--------|-----------
         Aggregated                                                                         2     0(0.00%) |     89       8     169      9 |    0.00        0.00

Type     Name                                                                          # reqs      # fails |    Avg     Min     Max    Med |   req/s  failures/s
--------|----------------------------------------------------------------------------|-------|-------------|-------|-------|-------|-------|--------|-----------
POST     /api/book                                                                          2     0(0.00%) |    391     169     613    170 |    0.00        0.00
GET      /api/concerts                                                                      4     0(0.00%) |     12       4      17      9 |    1.00        0.00
--------|----------------------------------------------------------------------------|-------|-------------|-------|-------|-------|-------|--------|-----------
         Aggregated                                                                         6     0(0.00%) |    138       4     613     17 |    1.00        0.00

[2026-05-31 13:04:02,077] ip-172-31-20-158/INFO/locust.runners: All users spawned: {"TicketingUser": 5} (5 total users)
Type     Name                                                                          # reqs      # fails |    Avg     Min     Max    Med |   req/s  failures/s
--------|----------------------------------------------------------------------------|-------|-------------|-------|-------|-------|-------|--------|-----------
POST     /api/book                                                                          7     0(0.00%) |    484     140    1058    380 |    0.50        0.00
GET      /api/concerts                                                                      5     0(0.00%) |     10       2      17      9 |    1.00        0.00
--------|----------------------------------------------------------------------------|-------|-------------|-------|-------|-------|-------|--------|-----------
         Aggregated                                                                        12     0(0.00%) |    286       2    1058    140 |    1.50        0.00

Type     Name                                                                          # reqs      # fails |    Avg     Min     Max    Med |   req/s  failures/s
--------|----------------------------------------------------------------------------|-------|-------------|-------|-------|-------|-------|--------|-----------
POST     /api/book                                                                         10     0(0.00%) |    390     140    1058    170 |    1.00        0.00
GET      /api/concerts                                                                      5     0(0.00%) |     10       2      17      9 |    0.80        0.00
--------|----------------------------------------------------------------------------|-------|-------------|-------|-------|-------|-------|--------|-----------
         Aggregated                                                                        15     0(0.00%) |    263       2    1058    140 |    1.80        0.00

Type     Name                                                                          # reqs      # fails |    Avg     Min     Max    Med |   req/s  failures/s
--------|----------------------------------------------------------------------------|-------|-------------|-------|-------|-------|-------|--------|-----------
POST     /api/book                                                                         14     0(0.00%) |    339     140    1058    170 |    1.29        0.00
GET      /api/concerts                                                                      7     0(0.00%) |      8       2      17      5 |    0.71        0.00
--------|----------------------------------------------------------------------------|-------|-------------|-------|-------|-------|-------|--------|-----------
         Aggregated                                                                        21     0(0.00%) |    228       2    1058    140 |    2.00        0.00

Type     Name                                                                          # reqs      # fails |    Avg     Min     Max    Med |   req/s  failures/s
--------|----------------------------------------------------------------------------|-------|-------------|-------|-------|-------|-------|--------|-----------
POST     /api/book                                                                         19     0(0.00%) |    294     133    1058    170 |    1.33        0.00
GET      /api/concerts                                                                      7     0(0.00%) |      8       2      17      5 |    0.67        0.00
--------|----------------------------------------------------------------------------|-------|-------------|-------|-------|-------|-------|--------|-----------
         Aggregated                                                                        26     0(0.00%) |    217       2    1058    140 |    2.00        0.00

Type     Name                                                                          # reqs      # fails |    Avg     Min     Max    Med |   req/s  failures/s
--------|----------------------------------------------------------------------------|-------|-------------|-------|-------|-------|-------|--------|-----------
POST     /api/book                                                                         22     0(0.00%) |    273     133    1058    140 |    1.50        0.00
GET      /api/concerts                                                                      7     0(0.00%) |      8       2      17      5 |    0.60        0.00
--------|----------------------------------------------------------------------------|-------|-------------|-------|-------|-------|-------|--------|-----------
         Aggregated                                                                        29     0(0.00%) |    209       2    1058    140 |    2.10        0.00

Type     Name                                                                          # reqs      # fails |    Avg     Min     Max    Med |   req/s  failures/s
--------|----------------------------------------------------------------------------|-------|-------------|-------|-------|-------|-------|--------|-----------
POST     /api/book                                                                         27     0(0.00%) |    257     133    1058    140 |    1.90        0.00
GET      /api/concerts                                                                      7     0(0.00%) |      8       2      17      5 |    0.40        0.00
--------|----------------------------------------------------------------------------|-------|-------------|-------|-------|-------|-------|--------|-----------
         Aggregated                                                                        34     0(0.00%) |    205       2    1058    140 |    2.30        0.00

Type     Name                                                                          # reqs      # fails |    Avg     Min     Max    Med |   req/s  failures/s
--------|----------------------------------------------------------------------------|-------|-------------|-------|-------|-------|-------|--------|-----------
POST     /api/book                                                                         33     0(0.00%) |    254     133    1058    150 |    2.10        0.00
GET      /api/concerts                                                                      7     0(0.00%) |      8       2      17      5 |    0.30        0.00
--------|----------------------------------------------------------------------------|-------|-------------|-------|-------|-------|-------|--------|-----------
         Aggregated                                                                        40     0(0.00%) |    211       2    1058    140 |    2.40        0.00

Type     Name                                                                          # reqs      # fails |    Avg     Min     Max    Med |   req/s  failures/s
--------|----------------------------------------------------------------------------|-------|-------------|-------|-------|-------|-------|--------|-----------
POST     /api/book                                                                         35     0(0.00%) |    247     133    1058    140 |    2.00        0.00
GET      /api/concerts                                                                      7     0(0.00%) |      8       2      17      5 |    0.20        0.00
--------|----------------------------------------------------------------------------|-------|-------------|-------|-------|-------|-------|--------|-----------
         Aggregated                                                                        42     0(0.00%) |    207       2    1058    140 |    2.20        0.00

Type     Name                                                                          # reqs      # fails |    Avg     Min     Max    Med |   req/s  failures/s
--------|----------------------------------------------------------------------------|-------|-------------|-------|-------|-------|-------|--------|-----------
POST     /api/book                                                                         40     0(0.00%) |    249     133    1058    150 |    2.20        0.00
GET      /api/concerts                                                                      8     0(0.00%) |      7       2      17      3 |    0.10        0.00
--------|----------------------------------------------------------------------------|-------|-------------|-------|-------|-------|-------|--------|-----------
         Aggregated                                                                        48     0(0.00%) |    208       2    1058    140 |    2.30        0.00

Type     Name                                                                          # reqs      # fails |    Avg     Min     Max    Med |   req/s  failures/s
--------|----------------------------------------------------------------------------|-------|-------------|-------|-------|-------|-------|--------|-----------
POST     /api/book                                                                         45     0(0.00%) |    244     133    1058    150 |    2.50        0.00
GET      /api/concerts                                                                      8     0(0.00%) |      7       2      17      3 |    0.00        0.00
--------|----------------------------------------------------------------------------|-------|-------------|-------|-------|-------|-------|--------|-----------
         Aggregated                                                                        53     0(0.00%) |    208       2    1058    140 |    2.50        0.00

Type     Name                                                                          # reqs      # fails |    Avg     Min     Max    Med |   req/s  failures/s
--------|----------------------------------------------------------------------------|-------|-------------|-------|-------|-------|-------|--------|-----------
POST     /api/book                                                                         48     0(0.00%) |    237     133    1058    140 |    2.40        0.00
GET      /api/concerts                                                                     10     0(0.00%) |      6       2      17      3 |    0.10        0.00
--------|----------------------------------------------------------------------------|-------|-------------|-------|-------|-------|-------|--------|-----------
         Aggregated                                                                        58     0(0.00%) |    197       2    1058    140 |    2.50        0.00

Type     Name                                                                          # reqs      # fails |    Avg     Min     Max    Med |   req/s  failures/s
--------|----------------------------------------------------------------------------|-------|-------------|-------|-------|-------|-------|--------|-----------
POST     /api/book                                                                         52     0(0.00%) |    230     133    1058    140 |    2.00        0.00
GET      /api/concerts                                                                     11     0(0.00%) |      6       2      17      3 |    0.20        0.00
GET      /health                                                                            1     0(0.00%) |      2       2       2      2 |    0.00        0.00
--------|----------------------------------------------------------------------------|-------|-------------|-------|-------|-------|-------|--------|-----------
         Aggregated                                                                        64     0(0.00%) |    188       2    1058    140 |    2.20        0.00

Type     Name                                                                          # reqs      # fails |    Avg     Min     Max    Med |   req/s  failures/s
--------|----------------------------------------------------------------------------|-------|-------------|-------|-------|-------|-------|--------|-----------
POST     /api/book                                                                         56     0(0.00%) |    232     133    1058    140 |    2.10        0.00
GET      /api/concerts                                                                     11     0(0.00%) |      6       2      17      3 |    0.30        0.00
GET      /health                                                                            1     0(0.00%) |      2       2       2      2 |    0.00        0.00
--------|----------------------------------------------------------------------------|-------|-------------|-------|-------|-------|-------|--------|-----------
         Aggregated                                                                        68     0(0.00%) |    192       2    1058    140 |    2.40        0.00

Type     Name                                                                          # reqs      # fails |    Avg     Min     Max    Med |   req/s  failures/s
--------|----------------------------------------------------------------------------|-------|-------------|-------|-------|-------|-------|--------|-----------
POST     /api/book                                                                         60     0(0.00%) |    226     128    1058    140 |    1.90        0.00
GET      /api/concerts                                                                     11     0(0.00%) |      6       2      17      3 |    0.40        0.00
GET      /health                                                                            2     0(0.00%) |      2       2       3      3 |    0.10        0.00
--------|----------------------------------------------------------------------------|-------|-------------|-------|-------|-------|-------|--------|-----------
         Aggregated                                                                        73     0(0.00%) |    186       2    1058    140 |    2.40        0.00

Type     Name                                                                          # reqs      # fails |    Avg     Min     Max    Med |   req/s  failures/s
--------|----------------------------------------------------------------------------|-------|-------------|-------|-------|-------|-------|--------|-----------
POST     /api/book                                                                         64     0(0.00%) |    220     128    1058    140 |    1.80        0.00
GET      /api/concerts                                                                     11     0(0.00%) |      6       2      17      3 |    0.40        0.00
GET      /health                                                                            2     0(0.00%) |      2       2       3      3 |    0.10        0.00
--------|----------------------------------------------------------------------------|-------|-------------|-------|-------|-------|-------|--------|-----------
         Aggregated                                                                        77     0(0.00%) |    184       2    1058    140 |    2.30        0.00

Type     Name                                                                          # reqs      # fails |    Avg     Min     Max    Med |   req/s  failures/s
--------|----------------------------------------------------------------------------|-------|-------------|-------|-------|-------|-------|--------|-----------
POST     /api/book                                                                         68     0(0.00%) |    220     128    1058    140 |    1.90        0.00
GET      /api/concerts                                                                     12     0(0.00%) |      5       2      17      3 |    0.30        0.00
GET      /health                                                                            3     0(0.00%) |      2       2       3      3 |    0.20        0.00
--------|----------------------------------------------------------------------------|-------|-------------|-------|-------|-------|-------|--------|-----------
         Aggregated                                                                        83     0(0.00%) |    181       2    1058    140 |    2.40        0.00

Type     Name                                                                          # reqs      # fails |    Avg     Min     Max    Med |   req/s  failures/s
--------|----------------------------------------------------------------------------|-------|-------------|-------|-------|-------|-------|--------|-----------
POST     /api/book                                                                         73     0(0.00%) |    220     128    1058    140 |    1.90        0.00
GET      /api/concerts                                                                     12     0(0.00%) |      5       2      17      3 |    0.30        0.00
GET      /health                                                                            3     0(0.00%) |      2       2       3      3 |    0.20        0.00
--------|----------------------------------------------------------------------------|-------|-------------|-------|-------|-------|-------|--------|-----------
         Aggregated                                                                        88     0(0.00%) |    183       2    1058    140 |    2.40        0.00

Type     Name                                                                          # reqs      # fails |    Avg     Min     Max    Med |   req/s  failures/s
--------|----------------------------------------------------------------------------|-------|-------------|-------|-------|-------|-------|--------|-----------
POST     /api/book                                                                         77     0(0.00%) |    216     128    1058    140 |    2.00        0.00
GET      /api/concerts                                                                     12     0(0.00%) |      5       2      17      3 |    0.20        0.00
GET      /health                                                                            3     0(0.00%) |      2       2       3      3 |    0.30        0.00
--------|----------------------------------------------------------------------------|-------|-------------|-------|-------|-------|-------|--------|-----------
         Aggregated                                                                        92     0(0.00%) |    181       2    1058    140 |    2.50        0.00

Type     Name                                                                          # reqs      # fails |    Avg     Min     Max    Med |   req/s  failures/s
--------|----------------------------------------------------------------------------|-------|-------------|-------|-------|-------|-------|--------|-----------
POST     /api/book                                                                         83     0(0.00%) |    213     128    1058    140 |    2.20        0.00
GET      /api/concerts                                                                     12     0(0.00%) |      5       2      17      3 |    0.10        0.00
GET      /health                                                                            3     0(0.00%) |      2       2       3      3 |    0.20        0.00
--------|----------------------------------------------------------------------------|-------|-------------|-------|-------|-------|-------|--------|-----------
         Aggregated                                                                        98     0(0.00%) |    181       2    1058    140 |    2.50        0.00

Type     Name                                                                          # reqs      # fails |    Avg     Min     Max    Med |   req/s  failures/s
--------|----------------------------------------------------------------------------|-------|-------------|-------|-------|-------|-------|--------|-----------
POST     /api/book                                                                         84     0(0.00%) |    212     128    1058    140 |    2.10        0.00
GET      /api/concerts                                                                     14     0(0.00%) |      5       2      17      3 |    0.10        0.00
GET      /health                                                                            3     0(0.00%) |      2       2       3      3 |    0.20        0.00
--------|----------------------------------------------------------------------------|-------|-------------|-------|-------|-------|-------|--------|-----------
         Aggregated                                                                       101     0(0.00%) |    177       2    1058    140 |    2.40        0.00

Type     Name                                                                          # reqs      # fails |    Avg     Min     Max    Med |   req/s  failures/s
--------|----------------------------------------------------------------------------|-------|-------------|-------|-------|-------|-------|--------|-----------
POST     /api/book                                                                         88     0(0.00%) |    213     128    1058    140 |    2.10        0.00
GET      /api/concerts                                                                     14     0(0.00%) |      5       2      17      3 |    0.20        0.00
GET      /health                                                                            3     0(0.00%) |      2       2       3      3 |    0.10        0.00
--------|----------------------------------------------------------------------------|-------|-------------|-------|-------|-------|-------|--------|-----------
         Aggregated                                                                       105     0(0.00%) |    179       2    1058    140 |    2.40        0.00

Type     Name                                                                          # reqs      # fails |    Avg     Min     Max    Med |   req/s  failures/s
--------|----------------------------------------------------------------------------|-------|-------------|-------|-------|-------|-------|--------|-----------
POST     /api/book                                                                         92     0(0.00%) |    214     128    1058    140 |    2.10        0.00
GET      /api/concerts                                                                     16     0(0.00%) |      6       2      17      3 |    0.20        0.00
GET      /health                                                                            3     0(0.00%) |      2       2       3      3 |    0.00        0.00
--------|----------------------------------------------------------------------------|-------|-------------|-------|-------|-------|-------|--------|-----------
         Aggregated                                                                       111     0(0.00%) |    178       2    1058    140 |    2.30        0.00

Type     Name                                                                          # reqs      # fails |    Avg     Min     Max    Med |   req/s  failures/s
--------|----------------------------------------------------------------------------|-------|-------------|-------|-------|-------|-------|--------|-----------
POST     /api/book                                                                         97     0(0.00%) |    219     128    1058    140 |    1.80        0.00
GET      /api/concerts                                                                     17     0(0.00%) |      5       2      17      3 |    0.40        0.00
GET      /health                                                                            3     0(0.00%) |      2       2       3      3 |    0.00        0.00
--------|----------------------------------------------------------------------------|-------|-------------|-------|-------|-------|-------|--------|-----------
         Aggregated                                                                       117     0(0.00%) |    182       2    1058    140 |    2.20        0.00

Type     Name                                                                          # reqs      # fails |    Avg     Min     Max    Med |   req/s  failures/s
--------|----------------------------------------------------------------------------|-------|-------------|-------|-------|-------|-------|--------|-----------
POST     /api/book                                                                         99     0(0.00%) |    217     128    1058    140 |    2.10        0.00
GET      /api/concerts                                                                     19     0(0.00%) |      5       2      17      3 |    0.40        0.00
GET      /health                                                                            3     0(0.00%) |      2       2       3      3 |    0.00        0.00
--------|----------------------------------------------------------------------------|-------|-------------|-------|-------|-------|-------|--------|-----------
         Aggregated                                                                       121     0(0.00%) |    179       2    1058    140 |    2.50        0.00

Type     Name                                                                          # reqs      # fails |    Avg     Min     Max    Med |   req/s  failures/s
--------|----------------------------------------------------------------------------|-------|-------------|-------|-------|-------|-------|--------|-----------
POST     /api/book                                                                        103     0(0.00%) |    214     125    1058    140 |    1.90        0.00
GET      /api/concerts                                                                     19     0(0.00%) |      5       2      17      3 |    0.70        0.00
GET      /health                                                                            4     0(0.00%) |      2       2       3      3 |    0.00        0.00
--------|----------------------------------------------------------------------------|-------|-------------|-------|-------|-------|-------|--------|-----------
         Aggregated                                                                       126     0(0.00%) |    176       2    1058    140 |    2.60        0.00

Type     Name                                                                          # reqs      # fails |    Avg     Min     Max    Med |   req/s  failures/s
--------|----------------------------------------------------------------------------|-------|-------------|-------|-------|-------|-------|--------|-----------
POST     /api/book                                                                        107     0(0.00%) |    212     125    1058    140 |    1.90        0.00
GET      /api/concerts                                                                     19     0(0.00%) |      5       2      17      3 |    0.60        0.00
GET      /health                                                                            4     0(0.00%) |      2       2       3      3 |    0.00        0.00
--------|----------------------------------------------------------------------------|-------|-------------|-------|-------|-------|-------|--------|-----------
         Aggregated                                                                       130     0(0.00%) |    175       2    1058    140 |    2.50        0.00

Type     Name                                                                          # reqs      # fails |    Avg     Min     Max    Med |   req/s  failures/s
--------|----------------------------------------------------------------------------|-------|-------------|-------|-------|-------|-------|--------|-----------
POST     /api/book                                                                        113     0(0.00%) |    221     125    1058    140 |    1.90        0.00
GET      /api/concerts                                                                     19     0(0.00%) |      5       2      17      3 |    0.50        0.00
GET      /health                                                                            4     0(0.00%) |      2       2       3      3 |    0.10        0.00
--------|----------------------------------------------------------------------------|-------|-------------|-------|-------|-------|-------|--------|-----------
         Aggregated                                                                       136     0(0.00%) |    185       2    1058    140 |    2.50        0.00

Type     Name                                                                          # reqs      # fails |    Avg     Min     Max    Med |   req/s  failures/s
--------|----------------------------------------------------------------------------|-------|-------------|-------|-------|-------|-------|--------|-----------
POST     /api/book                                                                        115     0(0.00%) |    221     125    1058    140 |    2.10        0.00
GET      /api/concerts                                                                     21     0(0.00%) |      5       2      17      3 |    0.30        0.00
GET      /health                                                                            4     0(0.00%) |      2       2       3      3 |    0.10        0.00
--------|----------------------------------------------------------------------------|-------|-------------|-------|-------|-------|-------|--------|-----------
         Aggregated                                                                       140     0(0.00%) |    182       2    1058    140 |    2.50        0.00

Type     Name                                                                          # reqs      # fails |    Avg     Min     Max    Med |   req/s  failures/s
--------|----------------------------------------------------------------------------|-------|-------------|-------|-------|-------|-------|--------|-----------
POST     /api/book                                                                        116     0(0.00%) |    220     125    1058    140 |    1.70        0.00
GET      /api/concerts                                                                     22     0(0.00%) |      5       2      17      3 |    0.40        0.00
GET      /health                                                                            5     0(0.00%) |      2       2       3      3 |    0.10        0.00
--------|----------------------------------------------------------------------------|-------|-------------|-------|-------|-------|-------|--------|-----------
         Aggregated                                                                       143     0(0.00%) |    179       2    1058    140 |    2.20        0.00

Type     Name                                                                          # reqs      # fails |    Avg     Min     Max    Med |   req/s  failures/s
--------|----------------------------------------------------------------------------|-------|-------------|-------|-------|-------|-------|--------|-----------
POST     /api/book                                                                        120     0(0.00%) |    222     125    1058    140 |    1.70        0.00
GET      /api/concerts                                                                     23     0(0.00%) |      5       2      17      3 |    0.30        0.00
GET      /health                                                                            5     0(0.00%) |      2       2       3      3 |    0.20        0.00
--------|----------------------------------------------------------------------------|-------|-------------|-------|-------|-------|-------|--------|-----------
         Aggregated                                                                       148     0(0.00%) |    181       2    1058    140 |    2.20        0.00

Type     Name                                                                          # reqs      # fails |    Avg     Min     Max    Med |   req/s  failures/s
--------|----------------------------------------------------------------------------|-------|-------------|-------|-------|-------|-------|--------|-----------
POST     /api/book                                                                        125     0(0.00%) |    222     125    1058    140 |    1.60        0.00
GET      /api/concerts                                                                     23     0(0.00%) |      5       2      17      3 |    0.30        0.00
GET      /health                                                                            5     0(0.00%) |      2       2       3      3 |    0.20        0.00
--------|----------------------------------------------------------------------------|-------|-------------|-------|-------|-------|-------|--------|-----------
         Aggregated                                                                       153     0(0.00%) |    182       2    1058    140 |    2.10        0.00

Type     Name                                                                          # reqs      # fails |    Avg     Min     Max    Med |   req/s  failures/s
--------|----------------------------------------------------------------------------|-------|-------------|-------|-------|-------|-------|--------|-----------
POST     /api/book                                                                        129     0(0.00%) |    220     125    1058    140 |    1.60        0.00
GET      /api/concerts                                                                     23     0(0.00%) |      5       2      17      3 |    0.40        0.00
GET      /health                                                                            5     0(0.00%) |      2       2       3      3 |    0.10        0.00
--------|----------------------------------------------------------------------------|-------|-------------|-------|-------|-------|-------|--------|-----------
         Aggregated                                                                       157     0(0.00%) |    182       2    1058    140 |    2.10        0.00

Type     Name                                                                          # reqs      # fails |    Avg     Min     Max    Med |   req/s  failures/s
--------|----------------------------------------------------------------------------|-------|-------------|-------|-------|-------|-------|--------|-----------
POST     /api/book                                                                        132     0(0.00%) |    219     125    1058    140 |    1.50        0.00
GET      /api/concerts                                                                     25     0(0.00%) |      4       2      17      3 |    0.40        0.00
GET      /health                                                                            5     0(0.00%) |      2       2       3      3 |    0.10        0.00
--------|----------------------------------------------------------------------------|-------|-------------|-------|-------|-------|-------|--------|-----------
         Aggregated                                                                       162     0(0.00%) |    179       2    1058    140 |    2.00        0.00

Type     Name                                                                          # reqs      # fails |    Avg     Min     Max    Med |   req/s  failures/s
--------|----------------------------------------------------------------------------|-------|-------------|-------|-------|-------|-------|--------|-----------
POST     /api/book                                                                        135     0(0.00%) |    217     125    1058    140 |    1.70        0.00
GET      /api/concerts                                                                     25     0(0.00%) |      4       2      17      3 |    0.30        0.00
GET      /health                                                                            6     0(0.00%) |      2       2       3      3 |    0.10        0.00
--------|----------------------------------------------------------------------------|-------|-------------|-------|-------|-------|-------|--------|-----------
         Aggregated                                                                       166     0(0.00%) |    178       2    1058    140 |    2.10        0.00

Type     Name                                                                          # reqs      # fails |    Avg     Min     Max    Med |   req/s  failures/s
--------|----------------------------------------------------------------------------|-------|-------------|-------|-------|-------|-------|--------|-----------
POST     /api/book                                                                        138     0(0.00%) |    216     125    1058    140 |    1.70        0.00
GET      /api/concerts                                                                     26     0(0.00%) |      4       2      17      3 |    0.30        0.00
GET      /health                                                                            7     0(0.00%) |      2       2       3      3 |    0.10        0.00
--------|----------------------------------------------------------------------------|-------|-------------|-------|-------|-------|-------|--------|-----------
         Aggregated                                                                       171     0(0.00%) |    175       2    1058    140 |    2.10        0.00

Type     Name                                                                          # reqs      # fails |    Avg     Min     Max    Med |   req/s  failures/s
--------|----------------------------------------------------------------------------|-------|-------------|-------|-------|-------|-------|--------|-----------
POST     /api/book                                                                        143     0(0.00%) |    215     125    1058    140 |    1.80        0.00
GET      /api/concerts                                                                     26     0(0.00%) |      4       2      17      3 |    0.40        0.00
GET      /health                                                                            7     0(0.00%) |      2       2       3      3 |    0.20        0.00
--------|----------------------------------------------------------------------------|-------|-------------|-------|-------|-------|-------|--------|-----------
         Aggregated                                                                       176     0(0.00%) |    176       2    1058    140 |    2.40        0.00

Type     Name                                                                          # reqs      # fails |    Avg     Min     Max    Med |   req/s  failures/s
--------|----------------------------------------------------------------------------|-------|-------------|-------|-------|-------|-------|--------|-----------
POST     /api/book                                                                        146     0(0.00%) |    215     125    1058    140 |    1.90        0.00
GET      /api/concerts                                                                     26     0(0.00%) |      4       2      17      3 |    0.30        0.00
GET      /health                                                                            7     0(0.00%) |      2       2       3      3 |    0.20        0.00
--------|----------------------------------------------------------------------------|-------|-------------|-------|-------|-------|-------|--------|-----------
         Aggregated                                                                       179     0(0.00%) |    176       2    1058    140 |    2.40        0.00

Type     Name                                                                          # reqs      # fails |    Avg     Min     Max    Med |   req/s  failures/s
--------|----------------------------------------------------------------------------|-------|-------------|-------|-------|-------|-------|--------|-----------
POST     /api/book                                                                        151     0(0.00%) |    214     124    1058    140 |    2.00        0.00
GET      /api/concerts                                                                     27     0(0.00%) |      4       2      17      3 |    0.30        0.00
GET      /health                                                                            8     0(0.00%) |      2       2       3      3 |    0.20        0.00
--------|----------------------------------------------------------------------------|-------|-------------|-------|-------|-------|-------|--------|-----------
         Aggregated                                                                       186     0(0.00%) |    174       2    1058    140 |    2.50        0.00

Type     Name                                                                          # reqs      # fails |    Avg     Min     Max    Med |   req/s  failures/s
--------|----------------------------------------------------------------------------|-------|-------------|-------|-------|-------|-------|--------|-----------
POST     /api/book                                                                        154     0(0.00%) |    215     124    1058    140 |    1.80        0.00
GET      /api/concerts                                                                     27     0(0.00%) |      4       2      17      3 |    0.40        0.00
GET      /health                                                                            9     0(0.00%) |      2       2       3      3 |    0.30        0.00
--------|----------------------------------------------------------------------------|-------|-------------|-------|-------|-------|-------|--------|-----------
         Aggregated                                                                       190     0(0.00%) |    175       2    1058    140 |    2.50        0.00

Type     Name                                                                          # reqs      # fails |    Avg     Min     Max    Med |   req/s  failures/s
--------|----------------------------------------------------------------------------|-------|-------------|-------|-------|-------|-------|--------|-----------
POST     /api/book                                                                        157     0(0.00%) |    214     124    1058    140 |    2.00        0.00
GET      /api/concerts                                                                     28     0(0.00%) |      4       2      17      3 |    0.20        0.00
GET      /health                                                                            9     0(0.00%) |      2       2       3      3 |    0.30        0.00
--------|----------------------------------------------------------------------------|-------|-------------|-------|-------|-------|-------|--------|-----------
         Aggregated                                                                       194     0(0.00%) |    174       2    1058    140 |    2.50        0.00

Type     Name                                                                          # reqs      # fails |    Avg     Min     Max    Med |   req/s  failures/s
--------|----------------------------------------------------------------------------|-------|-------------|-------|-------|-------|-------|--------|-----------
POST     /api/book                                                                        160     0(0.00%) |    213     124    1058    140 |    2.00        0.00
GET      /api/concerts                                                                     29     0(0.00%) |      4       2      17      3 |    0.10        0.00
GET      /health                                                                            9     0(0.00%) |      2       2       3      3 |    0.20        0.00
--------|----------------------------------------------------------------------------|-------|-------------|-------|-------|-------|-------|--------|-----------
         Aggregated                                                                       198     0(0.00%) |    173       2    1058    140 |    2.30        0.00

Type     Name                                                                          # reqs      # fails |    Avg     Min     Max    Med |   req/s  failures/s
--------|----------------------------------------------------------------------------|-------|-------------|-------|-------|-------|-------|--------|-----------
POST     /api/book                                                                        164     0(0.00%) |    214     124    1058    140 |    1.90        0.00
GET      /api/concerts                                                                     29     0(0.00%) |      4       2      17      3 |    0.30        0.00
GET      /health                                                                           10     0(0.00%) |      2       2       3      3 |    0.20        0.00
--------|----------------------------------------------------------------------------|-------|-------------|-------|-------|-------|-------|--------|-----------
         Aggregated                                                                       203     0(0.00%) |    174       2    1058    140 |    2.40        0.00

Type     Name                                                                          # reqs      # fails |    Avg     Min     Max    Med |   req/s  failures/s
--------|----------------------------------------------------------------------------|-------|-------------|-------|-------|-------|-------|--------|-----------
POST     /api/book                                                                        169     0(0.00%) |    213     124    1058    140 |    1.80        0.00
GET      /api/concerts                                                                     29     0(0.00%) |      4       2      17      3 |    0.30        0.00
GET      /health                                                                           10     0(0.00%) |      2       2       3      3 |    0.20        0.00
--------|----------------------------------------------------------------------------|-------|-------------|-------|-------|-------|-------|--------|-----------
         Aggregated                                                                       208     0(0.00%) |    174       2    1058    140 |    2.30        0.00

Type     Name                                                                          # reqs      # fails |    Avg     Min     Max    Med |   req/s  failures/s
--------|----------------------------------------------------------------------------|-------|-------------|-------|-------|-------|-------|--------|-----------
POST     /api/book                                                                        171     0(0.00%) |    213     124    1058    140 |    1.90        0.00
GET      /api/concerts                                                                     30     0(0.00%) |      4       2      17      3 |    0.20        0.00
GET      /health                                                                           11     0(0.00%) |      2       2       3      3 |    0.20        0.00
--------|----------------------------------------------------------------------------|-------|-------------|-------|-------|-------|-------|--------|-----------
         Aggregated                                                                       212     0(0.00%) |    173       2    1058    140 |    2.30        0.00

Type     Name                                                                          # reqs      # fails |    Avg     Min     Max    Med |   req/s  failures/s
--------|----------------------------------------------------------------------------|-------|-------------|-------|-------|-------|-------|--------|-----------
POST     /api/book                                                                        175     0(0.00%) |    214     124    1058    140 |    1.70        0.00
GET      /api/concerts                                                                     31     0(0.00%) |      4       2      17      3 |    0.30        0.00
GET      /health                                                                           11     0(0.00%) |      2       2       3      3 |    0.20        0.00
--------|----------------------------------------------------------------------------|-------|-------------|-------|-------|-------|-------|--------|-----------
         Aggregated                                                                       217     0(0.00%) |    173       2    1058    140 |    2.20        0.00

Type     Name                                                                          # reqs      # fails |    Avg     Min     Max    Med |   req/s  failures/s
--------|----------------------------------------------------------------------------|-------|-------------|-------|-------|-------|-------|--------|-----------
POST     /api/book                                                                        178     0(0.00%) |    213     124    1058    140 |    1.70        0.00
GET      /api/concerts                                                                     31     0(0.00%) |      4       2      17      3 |    0.30        0.00
GET      /health                                                                           12     0(0.00%) |      2       2       3      3 |    0.20        0.00
--------|----------------------------------------------------------------------------|-------|-------------|-------|-------|-------|-------|--------|-----------
         Aggregated                                                                       221     0(0.00%) |    172       2    1058    140 |    2.20        0.00

Type     Name                                                                          # reqs      # fails |    Avg     Min     Max    Med |   req/s  failures/s
--------|----------------------------------------------------------------------------|-------|-------------|-------|-------|-------|-------|--------|-----------
POST     /api/book                                                                        179     0(0.00%) |    212     124    1058    140 |    1.70        0.00
GET      /api/concerts                                                                     33     0(0.00%) |      4       2      17      3 |    0.20        0.00
GET      /health                                                                           12     0(0.00%) |      2       2       3      3 |    0.20        0.00
--------|----------------------------------------------------------------------------|-------|-------------|-------|-------|-------|-------|--------|-----------
         Aggregated                                                                       224     0(0.00%) |    170       2    1058    140 |    2.10        0.00

Type     Name                                                                          # reqs      # fails |    Avg     Min     Max    Med |   req/s  failures/s
--------|----------------------------------------------------------------------------|-------|-------------|-------|-------|-------|-------|--------|-----------
POST     /api/book                                                                        184     0(0.00%) |    211     124    1058    140 |    1.50        0.00
GET      /api/concerts                                                                     34     0(0.00%) |      4       2      17      3 |    0.40        0.00
GET      /health                                                                           12     0(0.00%) |      2       2       3      3 |    0.20        0.00
--------|----------------------------------------------------------------------------|-------|-------------|-------|-------|-------|-------|--------|-----------
         Aggregated                                                                       230     0(0.00%) |    170       2    1058    140 |    2.10        0.00

Type     Name                                                                          # reqs      # fails |    Avg     Min     Max    Med |   req/s  failures/s
--------|----------------------------------------------------------------------------|-------|-------------|-------|-------|-------|-------|--------|-----------
POST     /api/book                                                                        185     0(0.00%) |    211     124    1058    140 |    1.50        0.00
GET      /api/concerts                                                                     36     0(0.00%) |      4       2      17      3 |    0.40        0.00
GET      /health                                                                           13     0(0.00%) |      2       2       3      3 |    0.20        0.00
--------|----------------------------------------------------------------------------|-------|-------------|-------|-------|-------|-------|--------|-----------
         Aggregated                                                                       234     0(0.00%) |    167       2    1058    140 |    2.10        0.00

Type     Name                                                                          # reqs      # fails |    Avg     Min     Max    Med |   req/s  failures/s
--------|----------------------------------------------------------------------------|-------|-------------|-------|-------|-------|-------|--------|-----------
POST     /api/book                                                                        188     0(0.00%) |    210     124    1058    140 |    1.50        0.00
GET      /api/concerts                                                                     38     0(0.00%) |      4       2      26      3 |    0.70        0.00
GET      /health                                                                           13     0(0.00%) |      2       2       3      3 |    0.10        0.00
--------|----------------------------------------------------------------------------|-------|-------------|-------|-------|-------|-------|--------|-----------
         Aggregated                                                                       239     0(0.00%) |    166       2    1058    140 |    2.30        0.00

Type     Name                                                                          # reqs      # fails |    Avg     Min     Max    Med |   req/s  failures/s
--------|----------------------------------------------------------------------------|-------|-------------|-------|-------|-------|-------|--------|-----------
POST     /api/book                                                                        190     0(0.00%) |    209     124    1058    140 |    1.40        0.00
GET      /api/concerts                                                                     42     0(0.00%) |      4       2      26      3 |    0.70        0.00
GET      /health                                                                           13     0(0.00%) |      2       2       3      3 |    0.20        0.00
--------|----------------------------------------------------------------------------|-------|-------------|-------|-------|-------|-------|--------|-----------
         Aggregated                                                                       245     0(0.00%) |    163       2    1058    140 |    2.30        0.00

Type     Name                                                                          # reqs      # fails |    Avg     Min     Max    Med |   req/s  failures/s
--------|----------------------------------------------------------------------------|-------|-------------|-------|-------|-------|-------|--------|-----------
POST     /api/book                                                                        193     0(0.00%) |    209     124    1058    140 |    1.20        0.00
GET      /api/concerts                                                                     43     0(0.00%) |      4       2      26      3 |    1.10        0.00
GET      /health                                                                           13     0(0.00%) |      2       2       3      3 |    0.10        0.00
--------|----------------------------------------------------------------------------|-------|-------------|-------|-------|-------|-------|--------|-----------
         Aggregated                                                                       249     0(0.00%) |    163       2    1058    140 |    2.40        0.00

Type     Name                                                                          # reqs      # fails |    Avg     Min     Max    Med |   req/s  failures/s
--------|----------------------------------------------------------------------------|-------|-------------|-------|-------|-------|-------|--------|-----------
POST     /api/book                                                                        195     0(0.00%) |    208     124    1058    140 |    1.10        0.00
GET      /api/concerts                                                                     44     0(0.00%) |      4       2      26      3 |    1.00        0.00
GET      /health                                                                           13     0(0.00%) |      2       2       3      3 |    0.10        0.00
--------|----------------------------------------------------------------------------|-------|-------------|-------|-------|-------|-------|--------|-----------
         Aggregated                                                                       252     0(0.00%) |    162       2    1058    140 |    2.20        0.00

Type     Name                                                                          # reqs      # fails |    Avg     Min     Max    Med |   req/s  failures/s
--------|----------------------------------------------------------------------------|-------|-------------|-------|-------|-------|-------|--------|-----------
POST     /api/book                                                                        197     0(0.00%) |    208     124    1058    140 |    1.20        0.00
GET      /api/concerts                                                                     46     0(0.00%) |      4       2      26      3 |    1.00        0.00
GET      /health                                                                           13     0(0.00%) |      2       2       3      3 |    0.10        0.00
--------|----------------------------------------------------------------------------|-------|-------------|-------|-------|-------|-------|--------|-----------
         Aggregated                                                                       256     0(0.00%) |    161       2    1058    140 |    2.30        0.00

Type     Name                                                                          # reqs      # fails |    Avg     Min     Max    Med |   req/s  failures/s
--------|----------------------------------------------------------------------------|-------|-------------|-------|-------|-------|-------|--------|-----------
POST     /api/book                                                                        200     0(0.00%) |    207     124    1058    140 |    1.20        0.00
GET      /api/concerts                                                                     47     0(0.00%) |      4       2      26      3 |    1.00        0.00
GET      /health                                                                           14     0(0.00%) |      2       2       3      3 |    0.00        0.00
--------|----------------------------------------------------------------------------|-------|-------------|-------|-------|-------|-------|--------|-----------
         Aggregated                                                                       261     0(0.00%) |    159       2    1058    140 |    2.20        0.00

Type     Name                                                                          # reqs      # fails |    Avg     Min     Max    Med |   req/s  failures/s
--------|----------------------------------------------------------------------------|-------|-------------|-------|-------|-------|-------|--------|-----------
POST     /api/book                                                                        202     0(0.00%) |    206     124    1058    140 |    1.10        0.00
GET      /api/concerts                                                                     49     0(0.00%) |      4       2      26      3 |    0.90        0.00
GET      /health                                                                           14     0(0.00%) |      2       2       3      3 |    0.10        0.00
--------|----------------------------------------------------------------------------|-------|-------------|-------|-------|-------|-------|--------|-----------
         Aggregated                                                                       265     0(0.00%) |    158       2    1058    140 |    2.10        0.00

Type     Name                                                                          # reqs      # fails |    Avg     Min     Max    Med |   req/s  failures/s
--------|----------------------------------------------------------------------------|-------|-------------|-------|-------|-------|-------|--------|-----------
POST     /api/book                                                                        206     0(0.00%) |    205     124    1058    140 |    1.20        0.00
GET      /api/concerts                                                                     49     0(0.00%) |      4       2      26      3 |    0.80        0.00
GET      /health                                                                           15     0(0.00%) |      2       2       3      3 |    0.10        0.00
--------|----------------------------------------------------------------------------|-------|-------------|-------|-------|-------|-------|--------|-----------
         Aggregated                                                                       270     0(0.00%) |    158       2    1058    140 |    2.10        0.00

Type     Name                                                                          # reqs      # fails |    Avg     Min     Max    Med |   req/s  failures/s
--------|----------------------------------------------------------------------------|-------|-------------|-------|-------|-------|-------|--------|-----------
POST     /api/book                                                                        210     0(0.00%) |    206     124    1058    140 |    1.50        0.00
GET      /api/concerts                                                                     50     0(0.00%) |      4       2      26      3 |    0.70        0.00
GET      /health                                                                           16     0(0.00%) |      2       2       3      3 |    0.10        0.00
--------|----------------------------------------------------------------------------|-------|-------------|-------|-------|-------|-------|--------|-----------
         Aggregated                                                                       276     0(0.00%) |    158       2    1058    140 |    2.30        0.00

[2026-05-31 13:05:58,243] ip-172-31-20-158/INFO/locust.runners: Shape test updating to 40 users at 5.00 spawn rate
[2026-05-31 13:05:58,244] ip-172-31-20-158/INFO/locust.runners: Ramping to 40 users at a rate of 5.00 per second
Type     Name                                                                          # reqs      # fails |    Avg     Min     Max    Med |   req/s  failures/s
--------|----------------------------------------------------------------------------|-------|-------------|-------|-------|-------|-------|--------|-----------
POST     /api/book                                                                        219     0(0.00%) |    211     124    1058    140 |    1.40        0.00
GET      /api/concerts                                                                     53     0(0.00%) |      4       2      26      3 |    0.60        0.00
GET      /health                                                                           18     0(0.00%) |      3       2       7      3 |    0.30        0.00
--------|----------------------------------------------------------------------------|-------|-------------|-------|-------|-------|-------|--------|-----------
         Aggregated                                                                       290     0(0.00%) |    160       2    1058    140 |    2.30        0.00

Type     Name                                                                          # reqs      # fails |    Avg     Min     Max    Med |   req/s  failures/s
--------|----------------------------------------------------------------------------|-------|-------------|-------|-------|-------|-------|--------|-----------
POST     /api/book                                                                        228     0(0.00%) |    221     124    1058    140 |    1.60        0.00
GET      /api/concerts                                                                     55     0(0.00%) |      5       2      57      3 |    0.80        0.00
GET      /health                                                                           20     0(0.00%) |      5       2      45      3 |    0.40        0.00
--------|----------------------------------------------------------------------------|-------|-------------|-------|-------|-------|-------|--------|-----------
         Aggregated                                                                       303     0(0.00%) |    168       2    1058    140 |    2.80        0.00

Type     Name                                                                          # reqs      # fails |    Avg     Min     Max    Med |   req/s  failures/s
--------|----------------------------------------------------------------------------|-------|-------------|-------|-------|-------|-------|--------|-----------
POST     /api/book                                                                        238     0(0.00%) |    290     124    2564    150 |    2.90        0.00
GET      /api/concerts                                                                     58     0(0.00%) |     11       2     250      3 |    0.80        0.00
GET      /health                                                                           23     0(0.00%) |      9       2      68      3 |    0.60        0.00
--------|----------------------------------------------------------------------------|-------|-------------|-------|-------|-------|-------|--------|-----------
         Aggregated                                                                       319     0(0.00%) |    219       2    2564    140 |    4.30        0.00

[2026-05-31 13:06:04,277] ip-172-31-20-158/INFO/locust.runners: All users spawned: {"TicketingUser": 40} (40 total users)
Type     Name                                                                          # reqs      # fails |    Avg     Min     Max    Med |   req/s  failures/s
--------|----------------------------------------------------------------------------|-------|-------------|-------|-------|-------|-------|--------|-----------
POST     /api/book                                                                        248     0(0.00%) |    327     124    4024    150 |    2.80        0.00
GET      /api/concerts                                                                     61     0(0.00%) |     11       2     250      3 |    1.00        0.00
GET      /health                                                                           25     0(0.00%) |     12       2      68      3 |    0.80        0.00
--------|----------------------------------------------------------------------------|-------|-------------|-------|-------|-------|-------|--------|-----------
         Aggregated                                                                       334     0(0.00%) |    246       2    4024    140 |    4.60        0.00

Type     Name                                                                          # reqs      # fails |    Avg     Min     Max    Med |   req/s  failures/s
--------|----------------------------------------------------------------------------|-------|-------------|-------|-------|-------|-------|--------|-----------
POST     /api/book                                                                        267     0(0.00%) |    503     124    6543    180 |    4.20        0.00
GET      /api/concerts                                                                     63     0(0.00%) |     11       2     250      3 |    1.20        0.00
GET      /health                                                                           25     0(0.00%) |     12       2      68      3 |    1.00        0.00
--------|----------------------------------------------------------------------------|-------|-------------|-------|-------|-------|-------|--------|-----------
         Aggregated                                                                       355     0(0.00%) |    381       2    6543    140 |    6.40        0.00

Type     Name                                                                          # reqs      # fails |    Avg     Min     Max    Med |   req/s  failures/s
--------|----------------------------------------------------------------------------|-------|-------------|-------|-------|-------|-------|--------|-----------
POST     /api/book                                                                        295     0(0.00%) |    732     124    7083    210 |    5.50        0.00
GET      /api/concerts                                                                     63     0(0.00%) |     11       2     250      3 |    1.30        0.00
GET      /health                                                                           26     0(0.00%) |     11       2      68      3 |    0.90        0.00
--------|----------------------------------------------------------------------------|-------|-------------|-------|-------|-------|-------|--------|-----------
         Aggregated                                                                       384     0(0.00%) |    565       2    7083    140 |    7.70        0.00

Type     Name                                                                          # reqs      # fails |    Avg     Min     Max    Med |   req/s  failures/s
--------|----------------------------------------------------------------------------|-------|-------------|-------|-------|-------|-------|--------|-----------
POST     /api/book                                                                        312     0(0.00%) |    740     124    7083    230 |    7.40        0.00
GET      /api/concerts                                                                     70     0(0.00%) |     15       2     250      3 |    1.00        0.00
GET      /health                                                                           28     0(0.00%) |     12       2      68      3 |    0.80        0.00
--------|----------------------------------------------------------------------------|-------|-------------|-------|-------|-------|-------|--------|-----------
         Aggregated                                                                       410     0(0.00%) |    567       2    7083    140 |    9.20        0.00

Type     Name                                                                          # reqs      # fails |    Avg     Min     Max    Med |   req/s  failures/s
--------|----------------------------------------------------------------------------|-------|-------------|-------|-------|-------|-------|--------|-----------
POST     /api/book                                                                        318     0(0.00%) |    742     124    7083    230 |    8.00        0.00
GET      /api/concerts                                                                     80     0(0.00%) |     26       2     558      3 |    1.00        0.00
GET      /health                                                                           30     0(0.00%) |     12       2      68      3 |    0.80        0.00
--------|----------------------------------------------------------------------------|-------|-------------|-------|-------|-------|-------|--------|-----------
         Aggregated                                                                       428     0(0.00%) |    557       2    7083    140 |    9.80        0.00

Type     Name                                                                          # reqs      # fails |    Avg     Min     Max    Med |   req/s  failures/s
--------|----------------------------------------------------------------------------|-------|-------------|-------|-------|-------|-------|--------|-----------
POST     /api/book                                                                        345     0(0.00%) |    851     124    7083    250 |    8.40        0.00
GET      /api/concerts                                                                     89     0(0.00%) |     33       2     605      3 |    2.20        0.00
GET      /health                                                                           32     0(0.00%) |     12       2      68      3 |    0.70        0.00
--------|----------------------------------------------------------------------------|-------|-------------|-------|-------|-------|-------|--------|-----------
         Aggregated                                                                       466     0(0.00%) |    637       2    7083    140 |   11.30        0.00

Type     Name                                                                          # reqs      # fails |    Avg     Min     Max    Med |   req/s  failures/s
--------|----------------------------------------------------------------------------|-------|-------------|-------|-------|-------|-------|--------|-----------
POST     /api/book                                                                        358     0(0.00%) |    858     124    7083    260 |    9.50        0.00
GET      /api/concerts                                                                     94     0(0.00%) |     38       2     605      3 |    2.80        0.00
GET      /health                                                                           36     0(0.00%) |     13       2      68      3 |    0.50        0.00
--------|----------------------------------------------------------------------------|-------|-------------|-------|-------|-------|-------|--------|-----------
         Aggregated                                                                       488     0(0.00%) |    638       2    7083    140 |   12.80        0.00

Type     Name                                                                          # reqs      # fails |    Avg     Min     Max    Med |   req/s  failures/s
--------|----------------------------------------------------------------------------|-------|-------------|-------|-------|-------|-------|--------|-----------
POST     /api/book                                                                        368     0(0.00%) |    861     124    7083    270 |    9.30        0.00
GET      /api/concerts                                                                     96     0(0.00%) |     37       2     605      3 |    3.10        0.00
GET      /health                                                                           38     0(0.00%) |     13       2      68      3 |    1.00        0.00
--------|----------------------------------------------------------------------------|-------|-------------|-------|-------|-------|-------|--------|-----------
         Aggregated                                                                       502     0(0.00%) |    639       2    7083    150 |   13.40        0.00

Type     Name                                                                          # reqs      # fails |    Avg     Min     Max    Med |   req/s  failures/s
--------|----------------------------------------------------------------------------|-------|-------------|-------|-------|-------|-------|--------|-----------
POST     /api/book                                                                        392     0(0.00%) |    988     124    7083    300 |    7.80        0.00
GET      /api/concerts                                                                     98     0(0.00%) |     37       2     605      3 |    3.10        0.00
GET      /health                                                                           40     0(0.00%) |     57       2    1794      3 |    1.10        0.00
--------|----------------------------------------------------------------------------|-------|-------------|-------|-------|-------|-------|--------|-----------
         Aggregated                                                                       530     0(0.00%) |    742       2    7083    160 |   12.00        0.00

Type     Name                                                                          # reqs      # fails |    Avg     Min     Max    Med |   req/s  failures/s
--------|----------------------------------------------------------------------------|-------|-------------|-------|-------|-------|-------|--------|-----------
POST     /api/book                                                                        410     0(0.00%) |   1006     124    7083    310 |    6.60        0.00
GET      /api/concerts                                                                    104     0(0.00%) |     36       2     605      3 |    3.30        0.00
GET      /health                                                                           43     0(0.00%) |     53       2    1794      3 |    1.10        0.00
--------|----------------------------------------------------------------------------|-------|-------------|-------|-------|-------|-------|--------|-----------
         Aggregated                                                                       557     0(0.00%) |    751       2    7083    170 |   11.00        0.00

Type     Name                                                                          # reqs      # fails |    Avg     Min     Max    Med |   req/s  failures/s
--------|----------------------------------------------------------------------------|-------|-------------|-------|-------|-------|-------|--------|-----------
POST     /api/book                                                                        421     0(0.00%) |   1012     124    7083    320 |    9.20        0.00
GET      /api/concerts                                                                    106     0(0.00%) |     35       2     605      3 |    2.40        0.00
GET      /health                                                                           46     0(0.00%) |     51       2    1794      3 |    1.30        0.00
--------|----------------------------------------------------------------------------|-------|-------------|-------|-------|-------|-------|--------|-----------
         Aggregated                                                                       573     0(0.00%) |    754       2    7083    170 |   12.90        0.00

Type     Name                                                                          # reqs      # fails |    Avg     Min     Max    Med |   req/s  failures/s
--------|----------------------------------------------------------------------------|-------|-------------|-------|-------|-------|-------|--------|-----------
POST     /api/book                                                                        437     0(0.00%) |   1040     124    7083    330 |    7.70        0.00
GET      /api/concerts                                                                    107     0(0.00%) |     35       2     605      3 |    1.60        0.00
GET      /health                                                                           47     0(0.00%) |     50       2    1794      3 |    1.60        0.00
--------|----------------------------------------------------------------------------|-------|-------------|-------|-------|-------|-------|--------|-----------
         Aggregated                                                                       591     0(0.00%) |    779       2    7083    180 |   10.90        0.00

Type     Name                                                                          # reqs      # fails |    Avg     Min     Max    Med |   req/s  failures/s
--------|----------------------------------------------------------------------------|-------|-------------|-------|-------|-------|-------|--------|-----------
POST     /api/book                                                                        468     0(0.00%) |   1172     124    7083    370 |    7.70        0.00
GET      /api/concerts                                                                    113     0(0.00%) |     43       2     835      3 |    1.30        0.00
GET      /health                                                                           49     0(0.00%) |     49       2    1794      3 |    1.20        0.00
--------|----------------------------------------------------------------------------|-------|-------------|-------|-------|-------|-------|--------|-----------
         Aggregated                                                                       630     0(0.00%) |    882       2    7083    200 |   10.20        0.00

Type     Name                                                                          # reqs      # fails |    Avg     Min     Max    Med |   req/s  failures/s
--------|----------------------------------------------------------------------------|-------|-------------|-------|-------|-------|-------|--------|-----------
POST     /api/book                                                                        479     0(0.00%) |   1152     124    7083    370 |    8.30        0.00
GET      /api/concerts                                                                    119     0(0.00%) |     41       2     835      3 |    1.60        0.00
GET      /health                                                                           52     0(0.00%) |     47       2    1794      3 |    1.20        0.00
--------|----------------------------------------------------------------------------|-------|-------------|-------|-------|-------|-------|--------|-----------
         Aggregated                                                                       650     0(0.00%) |    860       2    7083    190 |   11.10        0.00

Type     Name                                                                          # reqs      # fails |    Avg     Min     Max    Med |   req/s  failures/s
--------|----------------------------------------------------------------------------|-------|-------------|-------|-------|-------|-------|--------|-----------
POST     /api/book                                                                        491     0(0.00%) |   1142     124    7083    360 |    8.70        0.00
GET      /api/concerts                                                                    125     0(0.00%) |     40       2     835      3 |    2.10        0.00
GET      /health                                                                           54     0(0.00%) |     48       2    1794      3 |    1.00        0.00
--------|----------------------------------------------------------------------------|-------|-------------|-------|-------|-------|-------|--------|-----------
         Aggregated                                                                       670     0(0.00%) |    848       2    7083    180 |   11.80        0.00

Type     Name                                                                          # reqs      # fails |    Avg     Min     Max    Med |   req/s  failures/s
--------|----------------------------------------------------------------------------|-------|-------------|-------|-------|-------|-------|--------|-----------
POST     /api/book                                                                        506     0(0.00%) |   1157     124    7083    380 |    7.90        0.00
GET      /api/concerts                                                                    130     0(0.00%) |     44       2     835      3 |    2.00        0.00
GET      /health                                                                           54     0(0.00%) |     48       2    1794      3 |    1.10        0.00
--------|----------------------------------------------------------------------------|-------|-------------|-------|-------|-------|-------|--------|-----------
         Aggregated                                                                       690     0(0.00%) |    861       2    7083    190 |   11.00        0.00

Type     Name                                                                          # reqs      # fails |    Avg     Min     Max    Med |   req/s  failures/s
--------|----------------------------------------------------------------------------|-------|-------------|-------|-------|-------|-------|--------|-----------
POST     /api/book                                                                        536     0(0.00%) |   1207     124    7083    400 |    8.30        0.00
GET      /api/concerts                                                                    136     0(0.00%) |     48       2     835      3 |    2.50        0.00
GET      /health                                                                           56     0(0.00%) |     58       2    1794      3 |    0.80        0.00
--------|----------------------------------------------------------------------------|-------|-------------|-------|-------|-------|-------|--------|-----------
         Aggregated                                                                       728     0(0.00%) |    902       2    7083    210 |   11.60        0.00

Type     Name                                                                          # reqs      # fails |    Avg     Min     Max    Med |   req/s  failures/s
--------|----------------------------------------------------------------------------|-------|-------------|-------|-------|-------|-------|--------|-----------
POST     /api/book                                                                        551     0(0.00%) |   1197     124    7083    400 |    9.90        0.00
GET      /api/concerts                                                                    143     0(0.00%) |     50       2     835      3 |    2.90        0.00
GET      /health                                                                           61     0(0.00%) |     59       2    1794      4 |    0.90        0.00
--------|----------------------------------------------------------------------------|-------|-------------|-------|-------|-------|-------|--------|-----------
         Aggregated                                                                       755     0(0.00%) |    888       2    7083    220 |   13.70        0.00

Type     Name                                                                          # reqs      # fails |    Avg     Min     Max    Med |   req/s  failures/s
--------|----------------------------------------------------------------------------|-------|-------------|-------|-------|-------|-------|--------|-----------
POST     /api/book                                                                        563     0(0.00%) |   1198     124    7083    410 |    9.70        0.00
GET      /api/concerts                                                                    148     0(0.00%) |     49       2     835      3 |    3.00        0.00
GET      /health                                                                           62     0(0.00%) |     58       2    1794      4 |    1.20        0.00
--------|----------------------------------------------------------------------------|-------|-------------|-------|-------|-------|-------|--------|-----------
         Aggregated                                                                       773     0(0.00%) |    886       2    7083    220 |   13.90        0.00

Type     Name                                                                          # reqs      # fails |    Avg     Min     Max    Med |   req/s  failures/s
--------|----------------------------------------------------------------------------|-------|-------------|-------|-------|-------|-------|--------|-----------
POST     /api/book                                                                        574     0(0.00%) |   1199     124    7083    450 |    8.20        0.00
GET      /api/concerts                                                                    153     0(0.00%) |     50       2     835      3 |    2.90        0.00
GET      /health                                                                           62     0(0.00%) |     58       2    1794      4 |    1.20        0.00
--------|----------------------------------------------------------------------------|-------|-------------|-------|-------|-------|-------|--------|-----------
         Aggregated                                                                       789     0(0.00%) |    886       2    7083    230 |   12.30        0.00

Type     Name                                                                          # reqs      # fails |    Avg     Min     Max    Med |   req/s  failures/s
--------|----------------------------------------------------------------------------|-------|-------------|-------|-------|-------|-------|--------|-----------
POST     /api/book                                                                        605     0(0.00%) |   1265     124    7083    500 |    8.30        0.00
GET      /api/concerts                                                                    154     0(0.00%) |     50       2     835      3 |    2.90        0.00
GET      /health                                                                           62     0(0.00%) |     58       2    1794      4 |    0.80        0.00
--------|----------------------------------------------------------------------------|-------|-------------|-------|-------|-------|-------|--------|-----------
         Aggregated                                                                       821     0(0.00%) |    946       2    7083    260 |   12.00        0.00

Type     Name                                                                          # reqs      # fails |    Avg     Min     Max    Med |   req/s  failures/s
--------|----------------------------------------------------------------------------|-------|-------------|-------|-------|-------|-------|--------|-----------
POST     /api/book                                                                        618     0(0.00%) |   1265     124    7083    510 |   10.10        0.00
GET      /api/concerts                                                                    156     0(0.00%) |     49       2     835      3 |    2.40        0.00
GET      /health                                                                           65     0(0.00%) |     58       2    1794      4 |    0.80        0.00
--------|----------------------------------------------------------------------------|-------|-------------|-------|-------|-------|-------|--------|-----------
         Aggregated                                                                       839     0(0.00%) |    945       2    7083    260 |   13.30        0.00

Type     Name                                                                          # reqs      # fails |    Avg     Min     Max    Med |   req/s  failures/s
--------|----------------------------------------------------------------------------|-------|-------------|-------|-------|-------|-------|--------|-----------
POST     /api/book                                                                        627     0(0.00%) |   1261     124    7083    510 |    8.20        0.00
GET      /api/concerts                                                                    159     0(0.00%) |     49       2     835      4 |    1.90        0.00
GET      /health                                                                           65     0(0.00%) |     58       2    1794      4 |    0.90        0.00
--------|----------------------------------------------------------------------------|-------|-------------|-------|-------|-------|-------|--------|-----------
         Aggregated                                                                       851     0(0.00%) |    943       2    7083    260 |   11.00        0.00

Type     Name                                                                          # reqs      # fails |    Avg     Min     Max    Med |   req/s  failures/s
--------|----------------------------------------------------------------------------|-------|-------------|-------|-------|-------|-------|--------|-----------
POST     /api/book                                                                        649     0(0.00%) |   1302     124    7083    530 |    7.80        0.00
GET      /api/concerts                                                                    161     0(0.00%) |     49       2     835      4 |    1.70        0.00
GET      /health                                                                           67     0(0.00%) |     65       2    1794      4 |    0.40        0.00
--------|----------------------------------------------------------------------------|-------|-------------|-------|-------|-------|-------|--------|-----------
         Aggregated                                                                       877     0(0.00%) |    977       2    7083    290 |    9.90        0.00

Type     Name                                                                          # reqs      # fails |    Avg     Min     Max    Med |   req/s  failures/s
--------|----------------------------------------------------------------------------|-------|-------------|-------|-------|-------|-------|--------|-----------
POST     /api/book                                                                        674     0(0.00%) |   1343     124    7083    530 |    8.40        0.00
GET      /api/concerts                                                                    163     0(0.00%) |     48       2     835      4 |    1.30        0.00
GET      /health                                                                           69     0(0.00%) |     63       2    1794      4 |    0.50        0.00
--------|----------------------------------------------------------------------------|-------|-------------|-------|-------|-------|-------|--------|-----------
         Aggregated                                                                       906     0(0.00%) |   1012       2    7083    300 |   10.20        0.00

Type     Name                                                                          # reqs      # fails |    Avg     Min     Max    Med |   req/s  failures/s
--------|----------------------------------------------------------------------------|-------|-------------|-------|-------|-------|-------|--------|-----------
POST     /api/book                                                                        686     0(0.00%) |   1334     124    7083    520 |   10.10        0.00
GET      /api/concerts                                                                    169     0(0.00%) |     49       2     835      5 |    0.90        0.00
GET      /health                                                                           71     0(0.00%) |     62       2    1794      4 |    0.70        0.00
--------|----------------------------------------------------------------------------|-------|-------------|-------|-------|-------|-------|--------|-----------
         Aggregated                                                                       926     0(0.00%) |   1002       2    7083    300 |   11.70        0.00

Type     Name                                                                          # reqs      # fails |    Avg     Min     Max    Med |   req/s  failures/s
--------|----------------------------------------------------------------------------|-------|-------------|-------|-------|-------|-------|--------|-----------
POST     /api/book                                                                        697     0(0.00%) |   1338     124    7083    530 |    8.00        0.00
GET      /api/concerts                                                                    175     0(0.00%) |     49       2     835      5 |    1.50        0.00
GET      /health                                                                           72     0(0.00%) |     62       2    1794      4 |    0.90        0.00
--------|----------------------------------------------------------------------------|-------|-------------|-------|-------|-------|-------|--------|-----------
         Aggregated                                                                       944     0(0.00%) |   1001       2    7083    300 |   10.40        0.00

Type     Name                                                                          # reqs      # fails |    Avg     Min     Max    Med |   req/s  failures/s
--------|----------------------------------------------------------------------------|-------|-------------|-------|-------|-------|-------|--------|-----------
POST     /api/book                                                                        729     0(0.00%) |   1380     124    7083    560 |    8.00        0.00
GET      /api/concerts                                                                    179     0(0.00%) |     51       2     835      5 |    1.90        0.00
GET      /health                                                                           74     0(0.00%) |     61       2    1794      4 |    0.60        0.00
--------|----------------------------------------------------------------------------|-------|-------------|-------|-------|-------|-------|--------|-----------
         Aggregated                                                                       982     0(0.00%) |   1039       2    7083    320 |   10.50        0.00

Type     Name                                                                          # reqs      # fails |    Avg     Min     Max    Med |   req/s  failures/s
--------|----------------------------------------------------------------------------|-------|-------------|-------|-------|-------|-------|--------|-----------
POST     /api/book                                                                        734     0(0.00%) |   1375     124    7083    560 |   10.20        0.00
GET      /api/concerts                                                                    185     0(0.00%) |     51       2     835      6 |    2.00        0.00
GET      /health                                                                           74     0(0.00%) |     61       2    1794      4 |    0.90        0.00
--------|----------------------------------------------------------------------------|-------|-------------|-------|-------|-------|-------|--------|-----------
         Aggregated                                                                       993     0(0.00%) |   1030       2    7083    320 |   13.10        0.00

Type     Name                                                                          # reqs      # fails |    Avg     Min     Max    Med |   req/s  failures/s
--------|----------------------------------------------------------------------------|-------|-------------|-------|-------|-------|-------|--------|-----------
POST     /api/book                                                                        748     0(0.00%) |   1388     124    7083    570 |    8.90        0.00
GET      /api/concerts                                                                    186     0(0.00%) |     53       2     835      6 |    2.30        0.00
GET      /health                                                                           75     0(0.00%) |     63       2    1794      4 |    0.70        0.00
--------|----------------------------------------------------------------------------|-------|-------------|-------|-------|-------|-------|--------|-----------
         Aggregated                                                                      1009     0(0.00%) |   1043       2    7083    320 |   11.90        0.00

Type     Name                                                                          # reqs      # fails |    Avg     Min     Max    Med |   req/s  failures/s
--------|----------------------------------------------------------------------------|-------|-------------|-------|-------|-------|-------|--------|-----------
POST     /api/book                                                                        765     0(0.00%) |   1438     124    7083    580 |    7.40        0.00
GET      /api/concerts                                                                    191     0(0.00%) |     53       2     835      6 |    2.40        0.00
GET      /health                                                                           76     0(0.00%) |     62       2    1794      4 |    0.60        0.00
--------|----------------------------------------------------------------------------|-------|-------------|-------|-------|-------|-------|--------|-----------
         Aggregated                                                                      1032     0(0.00%) |   1081       2    7083    320 |   10.40        0.00

Type     Name                                                                          # reqs      # fails |    Avg     Min     Max    Med |   req/s  failures/s
--------|----------------------------------------------------------------------------|-------|-------------|-------|-------|-------|-------|--------|-----------
POST     /api/book                                                                        790     0(0.00%) |   1463     124    7083    580 |    7.20        0.00
GET      /api/concerts                                                                    195     0(0.00%) |     52       2     835      6 |    2.10        0.00
GET      /health                                                                           79     0(0.00%) |     62       2    1794      4 |    0.50        0.00
--------|----------------------------------------------------------------------------|-------|-------------|-------|-------|-------|-------|--------|-----------
         Aggregated                                                                      1064     0(0.00%) |   1101       2    7083    330 |    9.80        0.00

Type     Name                                                                          # reqs      # fails |    Avg     Min     Max    Med |   req/s  failures/s
--------|----------------------------------------------------------------------------|-------|-------------|-------|-------|-------|-------|--------|-----------
POST     /api/book                                                                        802     0(0.00%) |   1454     124    7083    580 |    9.20        0.00
GET      /api/concerts                                                                    198     0(0.00%) |     52       2     835      6 |    1.90        0.00
GET      /health                                                                           81     0(0.00%) |     62       2    1794      4 |    0.70        0.00
--------|----------------------------------------------------------------------------|-------|-------------|-------|-------|-------|-------|--------|-----------
         Aggregated                                                                      1081     0(0.00%) |   1093       2    7083    330 |   11.80        0.00

Type     Name                                                                          # reqs      # fails |    Avg     Min     Max    Med |   req/s  failures/s
--------|----------------------------------------------------------------------------|-------|-------------|-------|-------|-------|-------|--------|-----------
POST     /api/book                                                                        811     0(0.00%) |   1445     124    7083    580 |    7.20        0.00
GET      /api/concerts                                                                    200     0(0.00%) |     52       2     835      6 |    1.90        0.00
GET      /health                                                                           85     0(0.00%) |     59       2    1794      4 |    0.70        0.00
--------|----------------------------------------------------------------------------|-------|-------------|-------|-------|-------|-------|--------|-----------
         Aggregated                                                                      1096     0(0.00%) |   1084       2    7083    330 |    9.80        0.00

Type     Name                                                                          # reqs      # fails |    Avg     Min     Max    Med |   req/s  failures/s
--------|----------------------------------------------------------------------------|-------|-------------|-------|-------|-------|-------|--------|-----------
POST     /api/book                                                                        843     0(0.00%) |   1513     124    7083    600 |    7.40        0.00
GET      /api/concerts                                                                    202     0(0.00%) |     51       2     835      6 |    1.60        0.00
GET      /health                                                                           86     0(0.00%) |     59       2    1794      4 |    1.10        0.00
--------|----------------------------------------------------------------------------|-------|-------------|-------|-------|-------|-------|--------|-----------
         Aggregated                                                                      1131     0(0.00%) |   1141       2    7083    350 |   10.10        0.00

Type     Name                                                                          # reqs      # fails |    Avg     Min     Max    Med |   req/s  failures/s
--------|----------------------------------------------------------------------------|-------|-------------|-------|-------|-------|-------|--------|-----------
POST     /api/book                                                                        853     0(0.00%) |   1501     124    7083    600 |    8.60        0.00
GET      /api/concerts                                                                    213     0(0.00%) |     50       2     835      6 |    1.60        0.00
GET      /health                                                                           89     0(0.00%) |     58       2    1794      4 |    1.10        0.00
--------|----------------------------------------------------------------------------|-------|-------------|-------|-------|-------|-------|--------|-----------
         Aggregated                                                                      1155     0(0.00%) |   1122       2    7083    350 |   11.30        0.00

Type     Name                                                                          # reqs      # fails |    Avg     Min     Max    Med |   req/s  failures/s
--------|----------------------------------------------------------------------------|-------|-------------|-------|-------|-------|-------|--------|-----------
POST     /api/book                                                                        865     0(0.00%) |   1492     124    7083    600 |    9.50        0.00
GET      /api/concerts                                                                    213     0(0.00%) |     50       2     835      6 |    2.20        0.00
GET      /health                                                                           91     0(0.00%) |     58       2    1794      5 |    1.20        0.00
--------|----------------------------------------------------------------------------|-------|-------------|-------|-------|-------|-------|--------|-----------
         Aggregated                                                                      1169     0(0.00%) |   1118       2    7083    350 |   12.90        0.00

Type     Name                                                                          # reqs      # fails |    Avg     Min     Max    Med |   req/s  failures/s
--------|----------------------------------------------------------------------------|-------|-------------|-------|-------|-------|-------|--------|-----------
POST     /api/book                                                                        878     0(0.00%) |   1486     124    7083    590 |    7.60        0.00
GET      /api/concerts                                                                    215     0(0.00%) |     49       2     835      6 |    2.00        0.00
GET      /health                                                                           92     0(0.00%) |     57       2    1794      5 |    1.30        0.00
--------|----------------------------------------------------------------------------|-------|-------------|-------|-------|-------|-------|--------|-----------
         Aggregated                                                                      1185     0(0.00%) |   1114       2    7083    350 |   10.90        0.00

Type     Name                                                                          # reqs      # fails |    Avg     Min     Max    Med |   req/s  failures/s
--------|----------------------------------------------------------------------------|-------|-------------|-------|-------|-------|-------|--------|-----------
POST     /api/book                                                                        909     0(0.00%) |   1541     124    7083    610 |    7.60        0.00
GET      /api/concerts                                                                    217     0(0.00%) |     49       2     835      6 |    1.70        0.00
GET      /health                                                                           95     0(0.00%) |     55       2    1794      4 |    1.10        0.00
--------|----------------------------------------------------------------------------|-------|-------------|-------|-------|-------|-------|--------|-----------
         Aggregated                                                                      1221     0(0.00%) |   1160       2    7083    360 |   10.40        0.00

Type     Name                                                                          # reqs      # fails |    Avg     Min     Max    Med |   req/s  failures/s
--------|----------------------------------------------------------------------------|-------|-------------|-------|-------|-------|-------|--------|-----------
POST     /api/book                                                                        923     0(0.00%) |   1531     124    7083    610 |    9.90        0.00
GET      /api/concerts                                                                    223     0(0.00%) |     48       2     835      6 |    1.70        0.00
GET      /health                                                                           99     0(0.00%) |     54       2    1794      4 |    1.00        0.00
--------|----------------------------------------------------------------------------|-------|-------------|-------|-------|-------|-------|--------|-----------
         Aggregated                                                                      1245     0(0.00%) |   1148       2    7083    360 |   12.60        0.00

Type     Name                                                                          # reqs      # fails |    Avg     Min     Max    Med |   req/s  failures/s
--------|----------------------------------------------------------------------------|-------|-------------|-------|-------|-------|-------|--------|-----------
POST     /api/book                                                                        937     0(0.00%) |   1523     124    7083    620 |    8.70        0.00
GET      /api/concerts                                                                    228     0(0.00%) |     48       2     835      7 |    2.10        0.00
GET      /health                                                                          101     0(0.00%) |     53       2    1794      4 |    1.30        0.00
--------|----------------------------------------------------------------------------|-------|-------------|-------|-------|-------|-------|--------|-----------
         Aggregated                                                                      1266     0(0.00%) |   1140       2    7083    360 |   12.10        0.00

Type     Name                                                                          # reqs      # fails |    Avg     Min     Max    Med |   req/s  failures/s
--------|----------------------------------------------------------------------------|-------|-------------|-------|-------|-------|-------|--------|-----------
POST     /api/book                                                                        950     0(0.00%) |   1523     124    7083    620 |    8.50        0.00
GET      /api/concerts                                                                    230     0(0.00%) |     47       2     835      7 |    1.40        0.00
GET      /health                                                                          102     0(0.00%) |     52       2    1794      4 |    1.20        0.00
--------|----------------------------------------------------------------------------|-------|-------------|-------|-------|-------|-------|--------|-----------
         Aggregated                                                                      1282     0(0.00%) |   1141       2    7083    370 |   11.10        0.00

Type     Name                                                                          # reqs      # fails |    Avg     Min     Max    Med |   req/s  failures/s
--------|----------------------------------------------------------------------------|-------|-------------|-------|-------|-------|-------|--------|-----------
POST     /api/book                                                                        981     0(0.00%) |   1558     124    7083    650 |    8.40        0.00
GET      /api/concerts                                                                    236     0(0.00%) |     50       2     835      7 |    1.70        0.00
GET      /health                                                                          104     0(0.00%) |     52       2    1794      4 |    1.10        0.00
--------|----------------------------------------------------------------------------|-------|-------------|-------|-------|-------|-------|--------|-----------
         Aggregated                                                                      1321     0(0.00%) |   1170       2    7083    380 |   11.20        0.00

Type     Name                                                                          # reqs      # fails |    Avg     Min     Max    Med |   req/s  failures/s
--------|----------------------------------------------------------------------------|-------|-------------|-------|-------|-------|-------|--------|-----------
POST     /api/book                                                                        989     0(0.00%) |   1551     124    7083    640 |   10.20        0.00
GET      /api/concerts                                                                    239     0(0.00%) |     50       2     835      9 |    2.00        0.00
GET      /health                                                                          105     0(0.00%) |     51       2    1794      4 |    1.20        0.00
--------|----------------------------------------------------------------------------|-------|-------------|-------|-------|-------|-------|--------|-----------
         Aggregated                                                                      1333     0(0.00%) |   1164       2    7083    380 |   13.40        0.00

Type     Name                                                                          # reqs      # fails |    Avg     Min     Max    Med |   req/s  failures/s
--------|----------------------------------------------------------------------------|-------|-------------|-------|-------|-------|-------|--------|-----------
POST     /api/book                                                                        999     0(0.00%) |   1546     124    7083    650 |    9.70        0.00
GET      /api/concerts                                                                    240     0(0.00%) |     50       2     835      9 |    2.10        0.00
GET      /health                                                                          108     0(0.00%) |     51       2    1794      4 |    1.20        0.00
--------|----------------------------------------------------------------------------|-------|-------------|-------|-------|-------|-------|--------|-----------
         Aggregated                                                                      1347     0(0.00%) |   1159       2    7083    380 |   13.00        0.00

Type     Name                                                                          # reqs      # fails |    Avg     Min     Max    Med |   req/s  failures/s
--------|----------------------------------------------------------------------------|-------|-------------|-------|-------|-------|-------|--------|-----------
POST     /api/book                                                                       1023     0(0.00%) |   1576     124    7083    680 |    7.90        0.00
GET      /api/concerts                                                                    241     0(0.00%) |     50       2     835      9 |    1.70        0.00
GET      /health                                                                          109     0(0.00%) |     51       2    1794      4 |    0.90        0.00
--------|----------------------------------------------------------------------------|-------|-------------|-------|-------|-------|-------|--------|-----------
         Aggregated                                                                      1373     0(0.00%) |   1187       2    7083    390 |   10.50        0.00

Type     Name                                                                          # reqs      # fails |    Avg     Min     Max    Med |   req/s  failures/s
--------|----------------------------------------------------------------------------|-------|-------------|-------|-------|-------|-------|--------|-----------
POST     /api/book                                                                       1045     0(0.00%) |   1599     124    7083    710 |    7.50        0.00
GET      /api/concerts                                                                    244     0(0.00%) |     50       2     835      9 |    1.50        0.00
GET      /health                                                                          110     0(0.00%) |     51       2    1794      4 |    0.90        0.00
--------|----------------------------------------------------------------------------|-------|-------------|-------|-------|-------|-------|--------|-----------
         Aggregated                                                                      1399     0(0.00%) |   1207       2    7083    400 |    9.90        0.00

Type     Name                                                                          # reqs      # fails |    Avg     Min     Max    Med |   req/s  failures/s
--------|----------------------------------------------------------------------------|-------|-------------|-------|-------|-------|-------|--------|-----------
POST     /api/book                                                                       1054     0(0.00%) |   1597     124    7083    710 |    9.70        0.00
GET      /api/concerts                                                                    247     0(0.00%) |     49       2     835      9 |    1.40        0.00
GET      /health                                                                          112     0(0.00%) |     51       2    1794      4 |    0.80        0.00
--------|----------------------------------------------------------------------------|-------|-------------|-------|-------|-------|-------|--------|-----------
         Aggregated                                                                      1413     0(0.00%) |   1204       2    7083    400 |   11.90        0.00

Type     Name                                                                          # reqs      # fails |    Avg     Min     Max    Med |   req/s  failures/s
--------|----------------------------------------------------------------------------|-------|-------------|-------|-------|-------|-------|--------|-----------
POST     /api/book                                                                       1071     0(0.00%) |   1599     124    7083    710 |    7.40        0.00
GET      /api/concerts                                                                    248     0(0.00%) |     49       2     835      9 |    1.20        0.00
GET      /health                                                                          113     0(0.00%) |     51       2    1794      4 |    0.70        0.00
--------|----------------------------------------------------------------------------|-------|-------------|-------|-------|-------|-------|--------|-----------
         Aggregated                                                                      1432     0(0.00%) |   1208       2    7083    400 |    9.30        0.00

Type     Name                                                                          # reqs      # fails |    Avg     Min     Max    Med |   req/s  failures/s
--------|----------------------------------------------------------------------------|-------|-------------|-------|-------|-------|-------|--------|-----------
POST     /api/book                                                                       1103     0(0.00%) |   1633     124    7083    730 |    8.00        0.00
GET      /api/concerts                                                                    255     0(0.00%) |     48       2     835      9 |    0.90        0.00
GET      /health                                                                          114     0(0.00%) |     51       2    1794      4 |    0.80        0.00
--------|----------------------------------------------------------------------------|-------|-------------|-------|-------|-------|-------|--------|-----------
         Aggregated                                                                      1472     0(0.00%) |   1236       2    7083    410 |    9.70        0.00

Type     Name                                                                          # reqs      # fails |    Avg     Min     Max    Med |   req/s  failures/s
--------|----------------------------------------------------------------------------|-------|-------------|-------|-------|-------|-------|--------|-----------
POST     /api/book                                                                       1112     0(0.00%) |   1623     124    7083    720 |   10.00        0.00
GET      /api/concerts                                                                    261     0(0.00%) |     48       2     835      9 |    1.30        0.00
GET      /health                                                                          117     0(0.00%) |     50       2    1794      5 |    0.60        0.00
--------|----------------------------------------------------------------------------|-------|-------------|-------|-------|-------|-------|--------|-----------
         Aggregated                                                                      1490     0(0.00%) |   1224       2    7083    400 |   11.90        0.00

Type     Name                                                                          # reqs      # fails |    Avg     Min     Max    Med |   req/s  failures/s
--------|----------------------------------------------------------------------------|-------|-------------|-------|-------|-------|-------|--------|-----------
POST     /api/book                                                                       1121     0(0.00%) |   1616     124    7083    720 |    9.80        0.00
GET      /api/concerts                                                                    266     0(0.00%) |     48       2     835      9 |    1.80        0.00
GET      /health                                                                          119     0(0.00%) |     50       2    1794      5 |    0.70        0.00
--------|----------------------------------------------------------------------------|-------|-------------|-------|-------|-------|-------|--------|-----------
         Aggregated                                                                      1506     0(0.00%) |   1215       2    7083    400 |   12.30        0.00

Type     Name                                                                          # reqs      # fails |    Avg     Min     Max    Med |   req/s  failures/s
--------|----------------------------------------------------------------------------|-------|-------------|-------|-------|-------|-------|--------|-----------
POST     /api/book                                                                       1155     0(0.00%) |   1651     124    7083    750 |    7.50        0.00
GET      /api/concerts                                                                    267     0(0.00%) |     48       2     835      9 |    2.20        0.00
GET      /health                                                                          121     0(0.00%) |     60       2    1794      5 |    0.80        0.00
--------|----------------------------------------------------------------------------|-------|-------------|-------|-------|-------|-------|--------|-----------
         Aggregated                                                                      1543     0(0.00%) |   1249       2    7083    430 |   10.50        0.00

Type     Name                                                                          # reqs      # fails |    Avg     Min     Max    Med |   req/s  failures/s
--------|----------------------------------------------------------------------------|-------|-------------|-------|-------|-------|-------|--------|-----------
POST     /api/book                                                                       1168     0(0.00%) |   1636     124    7083    730 |    8.80        0.00
GET      /api/concerts                                                                    271     0(0.00%) |     48       2     835     10 |    2.00        0.00
GET      /health                                                                          124     0(0.00%) |     58       2    1794      5 |    1.00        0.00
--------|----------------------------------------------------------------------------|-------|-------------|-------|-------|-------|-------|--------|-----------
         Aggregated                                                                      1563     0(0.00%) |   1235       2    7083    420 |   11.80        0.00

Type     Name                                                                          # reqs      # fails |    Avg     Min     Max    Med |   req/s  failures/s
--------|----------------------------------------------------------------------------|-------|-------------|-------|-------|-------|-------|--------|-----------
POST     /api/book                                                                       1178     0(0.00%) |   1627     124    7083    720 |    9.90        0.00
GET      /api/concerts                                                                    278     0(0.00%) |     47       2     835      9 |    2.20        0.00
GET      /health                                                                          125     0(0.00%) |     58       2    1794      5 |    1.10        0.00
--------|----------------------------------------------------------------------------|-------|-------------|-------|-------|-------|-------|--------|-----------
         Aggregated                                                                      1581     0(0.00%) |   1226       2    7083    410 |   13.20        0.00

Type     Name                                                                          # reqs      # fails |    Avg     Min     Max    Med |   req/s  failures/s
--------|----------------------------------------------------------------------------|-------|-------------|-------|-------|-------|-------|--------|-----------
POST     /api/book                                                                       1192     0(0.00%) |   1631     124    7083    720 |    7.80        0.00
GET      /api/concerts                                                                    281     0(0.00%) |     47       2     835     10 |    2.30        0.00
GET      /health                                                                          127     0(0.00%) |     58       2    1794      5 |    1.10        0.00
--------|----------------------------------------------------------------------------|-------|-------------|-------|-------|-------|-------|--------|-----------
         Aggregated                                                                      1600     0(0.00%) |   1228       2    7083    410 |   11.20        0.00

Type     Name                                                                          # reqs      # fails |    Avg     Min     Max    Med |   req/s  failures/s
--------|----------------------------------------------------------------------------|-------|-------------|-------|-------|-------|-------|--------|-----------
POST     /api/book                                                                       1223     0(0.00%) |   1650     124    7083    730 |    7.40        0.00
GET      /api/concerts                                                                    282     0(0.00%) |     47       2     835      9 |    2.10        0.00
GET      /health                                                                          128     0(0.00%) |     58       2    1794      5 |    1.00        0.00
--------|----------------------------------------------------------------------------|-------|-------------|-------|-------|-------|-------|--------|-----------
         Aggregated                                                                      1633     0(0.00%) |   1248       2    7083    430 |   10.50        0.00

Type     Name                                                                          # reqs      # fails |    Avg     Min     Max    Med |   req/s  failures/s
--------|----------------------------------------------------------------------------|-------|-------------|-------|-------|-------|-------|--------|-----------
POST     /api/book                                                                       1230     0(0.00%) |   1646     124    7083    730 |   10.20        0.00
GET      /api/concerts                                                                    286     0(0.00%) |     48       2     835     10 |    1.60        0.00
GET      /health                                                                          132     0(0.00%) |     57       2    1794      5 |    1.00        0.00
--------|----------------------------------------------------------------------------|-------|-------------|-------|-------|-------|-------|--------|-----------
         Aggregated                                                                      1648     0(0.00%) |   1241       2    7083    430 |   12.80        0.00

Type     Name                                                                          # reqs      # fails |    Avg     Min     Max    Med |   req/s  failures/s
--------|----------------------------------------------------------------------------|-------|-------------|-------|-------|-------|-------|--------|-----------
POST     /api/book                                                                       1243     0(0.00%) |   1644     124    7083    730 |    8.90        0.00
GET      /api/concerts                                                                    288     0(0.00%) |     48       2     835     10 |    1.80        0.00
GET      /health                                                                          135     0(0.00%) |     56       2    1794      5 |    1.10        0.00
--------|----------------------------------------------------------------------------|-------|-------------|-------|-------|-------|-------|--------|-----------
         Aggregated                                                                      1666     0(0.00%) |   1239       2    7083    430 |   11.80        0.00

Type     Name                                                                          # reqs      # fails |    Avg     Min     Max    Med |   req/s  failures/s
--------|----------------------------------------------------------------------------|-------|-------------|-------|-------|-------|-------|--------|-----------
POST     /api/book                                                                       1256     0(0.00%) |   1655     124    7083    750 |    7.50        0.00
GET      /api/concerts                                                                    289     0(0.00%) |     48       2     835     10 |    1.80        0.00
GET      /health                                                                          137     0(0.00%) |     57       2    1794      5 |    1.10        0.00
--------|----------------------------------------------------------------------------|-------|-------------|-------|-------|-------|-------|--------|-----------
         Aggregated                                                                      1682     0(0.00%) |   1249       2    7083    430 |   10.40        0.00

Type     Name                                                                          # reqs      # fails |    Avg     Min     Max    Med |   req/s  failures/s
--------|----------------------------------------------------------------------------|-------|-------------|-------|-------|-------|-------|--------|-----------
POST     /api/book                                                                       1289     0(0.00%) |   1693     124    7083    760 |    7.50        0.00
GET      /api/concerts                                                                    290     0(0.00%) |     48       2     835     10 |    1.30        0.00
GET      /health                                                                          138     0(0.00%) |     57       2    1794      5 |    1.10        0.00
--------|----------------------------------------------------------------------------|-------|-------------|-------|-------|-------|-------|--------|-----------
         Aggregated                                                                      1717     0(0.00%) |   1284       2    7083    450 |    9.90        0.00

Type     Name                                                                          # reqs      # fails |    Avg     Min     Max    Med |   req/s  failures/s
--------|----------------------------------------------------------------------------|-------|-------------|-------|-------|-------|-------|--------|-----------
POST     /api/book                                                                       1299     0(0.00%) |   1687     124    7083    770 |    9.90        0.00
GET      /api/concerts                                                                    295     0(0.00%) |     47       2     835     10 |    1.00        0.00
GET      /health                                                                          142     0(0.00%) |     57       2    1794      6 |    1.10        0.00
--------|----------------------------------------------------------------------------|-------|-------------|-------|-------|-------|-------|--------|-----------
         Aggregated                                                                      1736     0(0.00%) |   1275       2    7083    450 |   12.00        0.00

Type     Name                                                                          # reqs      # fails |    Avg     Min     Max    Med |   req/s  failures/s
--------|----------------------------------------------------------------------------|-------|-------------|-------|-------|-------|-------|--------|-----------
POST     /api/book                                                                       1310     0(0.00%) |   1684     124    7083    770 |    7.60        0.00
GET      /api/concerts                                                                    298     0(0.00%) |     47       2     835      9 |    1.30        0.00
GET      /health                                                                          143     0(0.00%) |     59       2    1794      6 |    1.40        0.00
--------|----------------------------------------------------------------------------|-------|-------------|-------|-------|-------|-------|--------|-----------
         Aggregated                                                                      1751     0(0.00%) |   1273       2    7083    450 |   10.30        0.00

Type     Name                                                                          # reqs      # fails |    Avg     Min     Max    Med |   req/s  failures/s
--------|----------------------------------------------------------------------------|-------|-------------|-------|-------|-------|-------|--------|-----------
POST     /api/book                                                                       1319     0(0.00%) |   1681     124    7083    790 |    8.00        0.00
GET      /api/concerts                                                                    302     0(0.00%) |     47       2     835     10 |    1.30        0.00
GET      /health                                                                          143     0(0.00%) |     59       2    1794      6 |    1.10        0.00
--------|----------------------------------------------------------------------------|-------|-------------|-------|-------|-------|-------|--------|-----------
         Aggregated                                                                      1764     0(0.00%) |   1270       2    7083    460 |   10.40        0.00

Type     Name                                                                          # reqs      # fails |    Avg     Min     Max    Med |   req/s  failures/s
--------|----------------------------------------------------------------------------|-------|-------------|-------|-------|-------|-------|--------|-----------
POST     /api/book                                                                       1354     0(0.00%) |   1704     124    7083    810 |    7.60        0.00
GET      /api/concerts                                                                    308     0(0.00%) |     47       2     835     10 |    1.40        0.00
GET      /health                                                                          144     0(0.00%) |     59       2    1794      6 |    0.80        0.00
--------|----------------------------------------------------------------------------|-------|-------------|-------|-------|-------|-------|--------|-----------
         Aggregated                                                                      1806     0(0.00%) |   1290       2    7083    470 |    9.80        0.00

Type     Name                                                                          # reqs      # fails |    Avg     Min     Max    Med |   req/s  failures/s
--------|----------------------------------------------------------------------------|-------|-------------|-------|-------|-------|-------|--------|-----------
POST     /api/book                                                                       1363     0(0.00%) |   1698     124    7083    810 |   10.00        0.00
GET      /api/concerts                                                                    311     0(0.00%) |     47       2     835     11 |    1.80        0.00
GET      /health                                                                          147     0(0.00%) |     58       2    1794      8 |    0.80        0.00
--------|----------------------------------------------------------------------------|-------|-------------|-------|-------|-------|-------|--------|-----------
         Aggregated                                                                      1821     0(0.00%) |   1284       2    7083    470 |   12.60        0.00

Type     Name                                                                          # reqs      # fails |    Avg     Min     Max    Med |   req/s  failures/s
--------|----------------------------------------------------------------------------|-------|-------------|-------|-------|-------|-------|--------|-----------
POST     /api/book                                                                       1378     0(0.00%) |   1696     124    7083    820 |    7.70        0.00
GET      /api/concerts                                                                    313     0(0.00%) |     47       2     835     12 |    2.10        0.00
GET      /health                                                                          149     0(0.00%) |     58       2    1794      8 |    0.90        0.00
--------|----------------------------------------------------------------------------|-------|-------------|-------|-------|-------|-------|--------|-----------
         Aggregated                                                                      1840     0(0.00%) |   1283       2    7083    480 |   10.70        0.00

Type     Name                                                                          # reqs      # fails |    Avg     Min     Max    Med |   req/s  failures/s
--------|----------------------------------------------------------------------------|-------|-------------|-------|-------|-------|-------|--------|-----------
POST     /api/book                                                                       1392     0(0.00%) |   1708     124    7083    840 |    7.90        0.00
GET      /api/concerts                                                                    315     0(0.00%) |     47       2     835     12 |    1.80        0.00
GET      /health                                                                          151     0(0.00%) |     59       2    1794      8 |    0.60        0.00
--------|----------------------------------------------------------------------------|-------|-------------|-------|-------|-------|-------|--------|-----------
         Aggregated                                                                      1858     0(0.00%) |   1292       2    7083    480 |   10.30        0.00

Type     Name                                                                          # reqs      # fails |    Avg     Min     Max    Med |   req/s  failures/s
--------|----------------------------------------------------------------------------|-------|-------------|-------|-------|-------|-------|--------|-----------
POST     /api/book                                                                       1421     0(0.00%) |   1723     124    7083    840 |    7.90        0.00
GET      /api/concerts                                                                    319     0(0.00%) |     46       2     835     12 |    1.70        0.00
GET      /health                                                                          152     0(0.00%) |     59       2    1794      8 |    0.70        0.00
--------|----------------------------------------------------------------------------|-------|-------------|-------|-------|-------|-------|--------|-----------
         Aggregated                                                                      1892     0(0.00%) |   1307       2    7083    480 |   10.30        0.00

Type     Name                                                                          # reqs      # fails |    Avg     Min     Max    Med |   req/s  failures/s
--------|----------------------------------------------------------------------------|-------|-------------|-------|-------|-------|-------|--------|-----------
POST     /api/book                                                                       1428     0(0.00%) |   1720     124    7083    850 |   10.20        0.00
GET      /api/concerts                                                                    325     0(0.00%) |     47       2     835     14 |    1.60        0.00
GET      /health                                                                          153     0(0.00%) |     58       2    1794      8 |    0.90        0.00
--------|----------------------------------------------------------------------------|-------|-------------|-------|-------|-------|-------|--------|-----------
         Aggregated                                                                      1906     0(0.00%) |   1302       2    7083    480 |   12.70        0.00

Type     Name                                                                          # reqs      # fails |    Avg     Min     Max    Med |   req/s  failures/s
--------|----------------------------------------------------------------------------|-------|-------------|-------|-------|-------|-------|--------|-----------
POST     /api/book                                                                       1448     0(0.00%) |   1727     124    7083    860 |    7.40        0.00
GET      /api/concerts                                                                    328     0(0.00%) |     47       2     835     14 |    1.80        0.00
GET      /health                                                                          154     0(0.00%) |     59       2    1794      8 |    0.90        0.00
--------|----------------------------------------------------------------------------|-------|-------------|-------|-------|-------|-------|--------|-----------
         Aggregated                                                                      1930     0(0.00%) |   1308       2    7083    490 |   10.10        0.00

Type     Name                                                                          # reqs      # fails |    Avg     Min     Max    Med |   req/s  failures/s
--------|----------------------------------------------------------------------------|-------|-------------|-------|-------|-------|-------|--------|-----------
POST     /api/book                                                                       1470     0(0.00%) |   1743     124    7083    880 |    8.30        0.00
GET      /api/concerts                                                                    329     0(0.00%) |     47       2     835     14 |    1.60        0.00
GET      /health                                                                          156     0(0.00%) |     62       2    1794      8 |    0.80        0.00
--------|----------------------------------------------------------------------------|-------|-------------|-------|-------|-------|-------|--------|-----------
         Aggregated                                                                      1955     0(0.00%) |   1323       2    7083    500 |   10.70        0.00

Type     Name                                                                          # reqs      # fails |    Avg     Min     Max    Med |   req/s  failures/s
--------|----------------------------------------------------------------------------|-------|-------------|-------|-------|-------|-------|--------|-----------
POST     /api/book                                                                       1486     0(0.00%) |   1741     124    7083    890 |    8.20        0.00
GET      /api/concerts                                                                    334     0(0.00%) |     47       2     835     15 |    1.50        0.00
GET      /health                                                                          156     0(0.00%) |     62       2    1794      8 |    0.70        0.00
--------|----------------------------------------------------------------------------|-------|-------------|-------|-------|-------|-------|--------|-----------
         Aggregated                                                                      1976     0(0.00%) |   1322       2    7083    500 |   10.40        0.00

Type     Name                                                                          # reqs      # fails |    Avg     Min     Max    Med |   req/s  failures/s
--------|----------------------------------------------------------------------------|-------|-------------|-------|-------|-------|-------|--------|-----------
POST     /api/book                                                                       1506     0(0.00%) |   1740     124    7083    890 |    9.80        0.00
GET      /api/concerts                                                                    342     0(0.00%) |     49       2     835     15 |    1.80        0.00
GET      /health                                                                          160     0(0.00%) |     61       2    1794      8 |    0.60        0.00
--------|----------------------------------------------------------------------------|-------|-------------|-------|-------|-------|-------|--------|-----------
         Aggregated                                                                      2008     0(0.00%) |   1319       2    7083    500 |   12.20        0.00

Type     Name                                                                          # reqs      # fails |    Avg     Min     Max    Med |   req/s  failures/s
--------|----------------------------------------------------------------------------|-------|-------------|-------|-------|-------|-------|--------|-----------
POST     /api/book                                                                       1523     0(0.00%) |   1732     124    7083    890 |    8.40        0.00
GET      /api/concerts                                                                    345     0(0.00%) |     49       2     835     15 |    2.40        0.00
GET      /health                                                                          164     0(0.00%) |     60       2    1794      8 |    0.80        0.00
--------|----------------------------------------------------------------------------|-------|-------------|-------|-------|-------|-------|--------|-----------
         Aggregated                                                                      2032     0(0.00%) |   1311       2    7083    510 |   11.60        0.00

Type     Name                                                                          # reqs      # fails |    Avg     Min     Max    Med |   req/s  failures/s
--------|----------------------------------------------------------------------------|-------|-------------|-------|-------|-------|-------|--------|-----------
POST     /api/book                                                                       1530     0(0.00%) |   1728     124    7083    890 |    8.90        0.00
GET      /api/concerts                                                                    348     0(0.00%) |     49       2     835     15 |    2.00        0.00
GET      /health                                                                          164     0(0.00%) |     60       2    1794      8 |    0.80        0.00
--------|----------------------------------------------------------------------------|-------|-------------|-------|-------|-------|-------|--------|-----------
         Aggregated                                                                      2042     0(0.00%) |   1308       2    7083    510 |   11.70        0.00

Type     Name                                                                          # reqs      # fails |    Avg     Min     Max    Med |   req/s  failures/s
--------|----------------------------------------------------------------------------|-------|-------------|-------|-------|-------|-------|--------|-----------
POST     /api/book                                                                       1548     0(0.00%) |   1734     124    7083    910 |    8.50        0.00
GET      /api/concerts                                                                    348     0(0.00%) |     49       2     835     15 |    2.10        0.00
GET      /health                                                                          165     0(0.00%) |     62       2    1794      8 |    1.00        0.00
--------|----------------------------------------------------------------------------|-------|-------------|-------|-------|-------|-------|--------|-----------
         Aggregated                                                                      2061     0(0.00%) |   1316       2    7083    510 |   11.60        0.00

Type     Name                                                                          # reqs      # fails |    Avg     Min     Max    Med |   req/s  failures/s
--------|----------------------------------------------------------------------------|-------|-------------|-------|-------|-------|-------|--------|-----------
POST     /api/book                                                                       1581     0(0.00%) |   1756     124    7083    930 |    8.70        0.00
GET      /api/concerts                                                                    354     0(0.00%) |     48       2     835     15 |    2.00        0.00
GET      /health                                                                          167     0(0.00%) |     62       2    1794      8 |    1.00        0.00
--------|----------------------------------------------------------------------------|-------|-------------|-------|-------|-------|-------|--------|-----------
         Aggregated                                                                      2102     0(0.00%) |   1334       2    7083    520 |   11.70        0.00

Type     Name                                                                          # reqs      # fails |    Avg     Min     Max    Med |   req/s  failures/s
--------|----------------------------------------------------------------------------|-------|-------------|-------|-------|-------|-------|--------|-----------
POST     /api/book                                                                       1590     0(0.00%) |   1749     124    7083    920 |    9.20        0.00
GET      /api/concerts                                                                    358     0(0.00%) |     48       2     835     15 |    1.90        0.00
GET      /health                                                                          169     0(0.00%) |     61       2    1794      8 |    1.10        0.00
--------|----------------------------------------------------------------------------|-------|-------------|-------|-------|-------|-------|--------|-----------
         Aggregated                                                                      2117     0(0.00%) |   1327       2    7083    520 |   12.20        0.00

Type     Name                                                                          # reqs      # fails |    Avg     Min     Max    Med |   req/s  failures/s
--------|----------------------------------------------------------------------------|-------|-------------|-------|-------|-------|-------|--------|-----------
POST     /api/book                                                                       1600     0(0.00%) |   1746     124    7083    920 |    8.60        0.00
GET      /api/concerts                                                                    361     0(0.00%) |     49       2     835     15 |    1.50        0.00
GET      /health                                                                          172     0(0.00%) |     61       2    1794      8 |    0.90        0.00
--------|----------------------------------------------------------------------------|-------|-------------|-------|-------|-------|-------|--------|-----------
         Aggregated                                                                      2133     0(0.00%) |   1323       2    7083    510 |   11.00        0.00

Type     Name                                                                          # reqs      # fails |    Avg     Min     Max    Med |   req/s  failures/s
--------|----------------------------------------------------------------------------|-------|-------------|-------|-------|-------|-------|--------|-----------
POST     /api/book                                                                       1636     0(0.00%) |   1764     124    7083    920 |    7.80        0.00
GET      /api/concerts                                                                    364     0(0.00%) |     48       2     835     15 |    1.60        0.00
GET      /health                                                                          173     0(0.00%) |     60       2    1794      8 |    0.70        0.00
--------|----------------------------------------------------------------------------|-------|-------------|-------|-------|-------|-------|--------|-----------
         Aggregated                                                                      2173     0(0.00%) |   1341       2    7083    520 |   10.10        0.00

Type     Name                                                                          # reqs      # fails |    Avg     Min     Max    Med |   req/s  failures/s
--------|----------------------------------------------------------------------------|-------|-------------|-------|-------|-------|-------|--------|-----------
POST     /api/book                                                                       1647     0(0.00%) |   1756     124    7083    920 |   10.10        0.00
GET      /api/concerts                                                                    371     0(0.00%) |     48       2     835     15 |    1.50        0.00
GET      /health                                                                          177     0(0.00%) |     60       2    1794      9 |    0.90        0.00
--------|----------------------------------------------------------------------------|-------|-------------|-------|-------|-------|-------|--------|-----------
         Aggregated                                                                      2195     0(0.00%) |   1330       2    7083    520 |   12.50        0.00

Type     Name                                                                          # reqs      # fails |    Avg     Min     Max    Med |   req/s  failures/s
--------|----------------------------------------------------------------------------|-------|-------------|-------|-------|-------|-------|--------|-----------
POST     /api/book                                                                       1659     0(0.00%) |   1752     124    7083    910 |    9.90        0.00
GET      /api/concerts                                                                    374     0(0.00%) |     48       2     835     15 |    2.10        0.00
GET      /health                                                                          177     0(0.00%) |     60       2    1794      9 |    1.10        0.00
--------|----------------------------------------------------------------------------|-------|-------------|-------|-------|-------|-------|--------|-----------
         Aggregated                                                                      2210     0(0.00%) |   1328       2    7083    520 |   13.10        0.00

Type     Name                                                                          # reqs      # fails |    Avg     Min     Max    Med |   req/s  failures/s
--------|----------------------------------------------------------------------------|-------|-------------|-------|-------|-------|-------|--------|-----------
POST     /api/book                                                                       1685     0(0.00%) |   1760     124    7083    920 |    7.90        0.00
GET      /api/concerts                                                                    378     0(0.00%) |     49       2     835     15 |    2.20        0.00
GET      /health                                                                          179     0(0.00%) |     60       2    1794      9 |    1.00        0.00
--------|----------------------------------------------------------------------------|-------|-------------|-------|-------|-------|-------|--------|-----------
         Aggregated                                                                      2242     0(0.00%) |   1335       2    7083    520 |   11.10        0.00

Type     Name                                                                          # reqs      # fails |    Avg     Min     Max    Med |   req/s  failures/s
--------|----------------------------------------------------------------------------|-------|-------------|-------|-------|-------|-------|--------|-----------
POST     /api/book                                                                       1704     0(0.00%) |   1751     124    7083    910 |    9.00        0.00
GET      /api/concerts                                                                    387     0(0.00%) |     48       2     835     15 |    1.90        0.00
GET      /health                                                                          181     0(0.00%) |     60       2    1794     10 |    1.00        0.00
--------|----------------------------------------------------------------------------|-------|-------------|-------|-------|-------|-------|--------|-----------
         Aggregated                                                                      2272     0(0.00%) |   1326       2    7083    520 |   11.90        0.00

Type     Name                                                                          # reqs      # fails |    Avg     Min     Max    Med |   req/s  failures/s
--------|----------------------------------------------------------------------------|-------|-------------|-------|-------|-------|-------|--------|-----------
POST     /api/book                                                                       1715     0(0.00%) |   1744     124    7083    900 |   10.10        0.00
GET      /api/concerts                                                                    388     0(0.00%) |     48       2     835     15 |    2.40        0.00
GET      /health                                                                          181     0(0.00%) |     60       2    1794     10 |    0.90        0.00
--------|----------------------------------------------------------------------------|-------|-------------|-------|-------|-------|-------|--------|-----------
         Aggregated                                                                      2284     0(0.00%) |   1322       2    7083    520 |   13.40        0.00

Type     Name                                                                          # reqs      # fails |    Avg     Min     Max    Med |   req/s  failures/s
--------|----------------------------------------------------------------------------|-------|-------------|-------|-------|-------|-------|--------|-----------
POST     /api/book                                                                       1728     0(0.00%) |   1744     124    7083    910 |    9.60        0.00
GET      /api/concerts                                                                    389     0(0.00%) |     48       2     835     15 |    2.70        0.00
GET      /health                                                                          181     0(0.00%) |     60       2    1794     10 |    0.80        0.00
--------|----------------------------------------------------------------------------|-------|-------------|-------|-------|-------|-------|--------|-----------
         Aggregated                                                                      2298     0(0.00%) |   1324       2    7083    520 |   13.10        0.00

[2026-05-31 13:08:58,730] ip-172-31-20-158/INFO/locust.runners: Shape test updating to 5 users at 5.00 spawn rate
[2026-05-31 13:08:58,730] ip-172-31-20-158/INFO/locust.runners: Ramping to 5 users at a rate of 5.00 per second
Type     Name                                                                          # reqs      # fails |    Avg     Min     Max    Med |   req/s  failures/s
--------|----------------------------------------------------------------------------|-------|-------------|-------|-------|-------|-------|--------|-----------
POST     /api/book                                                                       1741     0(0.00%) |   1749     124    7083    920 |    8.30        0.00
GET      /api/concerts                                                                    389     0(0.00%) |     48       2     835     15 |    2.00        0.00
GET      /health                                                                          182     0(0.00%) |     60       2    1794      9 |    0.50        0.00
--------|----------------------------------------------------------------------------|-------|-------------|-------|-------|-------|-------|--------|-----------
         Aggregated                                                                      2312     0(0.00%) |   1330       2    7083    520 |   10.80        0.00

Type     Name                                                                          # reqs      # fails |    Avg     Min     Max    Med |   req/s  failures/s
--------|----------------------------------------------------------------------------|-------|-------------|-------|-------|-------|-------|--------|-----------
POST     /api/book                                                                       1763     0(0.00%) |   1763     124    7083    930 |    8.30        0.00
GET      /api/concerts                                                                    391     0(0.00%) |     48       2     835     15 |    1.50        0.00
GET      /health                                                                          184     0(0.00%) |     62       2    1794     10 |    0.50        0.00
--------|----------------------------------------------------------------------------|-------|-------------|-------|-------|-------|-------|--------|-----------
         Aggregated                                                                      2338     0(0.00%) |   1342       2    7083    530 |   10.30        0.00

Type     Name                                                                          # reqs      # fails |    Avg     Min     Max    Med |   req/s  failures/s
--------|----------------------------------------------------------------------------|-------|-------------|-------|-------|-------|-------|--------|-----------
POST     /api/book                                                                       1772     0(0.00%) |   1759     124    7083    930 |    8.10        0.00
GET      /api/concerts                                                                    393     0(0.00%) |     48       2     835     15 |    1.50        0.00
GET      /health                                                                          184     0(0.00%) |     62       2    1794     10 |    0.40        0.00
--------|----------------------------------------------------------------------------|-------|-------------|-------|-------|-------|-------|--------|-----------
         Aggregated                                                                      2349     0(0.00%) |   1340       2    7083    530 |   10.00        0.00

[2026-05-31 13:09:04,759] ip-172-31-20-158/INFO/locust.runners: All users spawned: {"TicketingUser": 5} (5 total users)
Type     Name                                                                          # reqs      # fails |    Avg     Min     Max    Med |   req/s  failures/s
--------|----------------------------------------------------------------------------|-------|-------------|-------|-------|-------|-------|--------|-----------
POST     /api/book                                                                       1780     0(0.00%) |   1755     124    7083    930 |    6.90        0.00
GET      /api/concerts                                                                    393     0(0.00%) |     48       2     835     15 |    0.80        0.00
GET      /health                                                                          184     0(0.00%) |     62       2    1794     10 |    0.40        0.00
--------|----------------------------------------------------------------------------|-------|-------------|-------|-------|-------|-------|--------|-----------
         Aggregated                                                                      2357     0(0.00%) |   1338       2    7083    530 |    8.10        0.00

Type     Name                                                                          # reqs      # fails |    Avg     Min     Max    Med |   req/s  failures/s
--------|----------------------------------------------------------------------------|-------|-------------|-------|-------|-------|-------|--------|-----------
POST     /api/book                                                                       1782     0(0.00%) |   1754     124    7083    920 |    7.10        0.00
GET      /api/concerts                                                                    394     0(0.00%) |     48       2     835     15 |    0.50        0.00
GET      /health                                                                          184     0(0.00%) |     62       2    1794     10 |    0.30        0.00
--------|----------------------------------------------------------------------------|-------|-------------|-------|-------|-------|-------|--------|-----------
         Aggregated                                                                      2360     0(0.00%) |   1337       2    7083    530 |    7.90        0.00

Type     Name                                                                          # reqs      # fails |    Avg     Min     Max    Med |   req/s  failures/s
--------|----------------------------------------------------------------------------|-------|-------------|-------|-------|-------|-------|--------|-----------
POST     /api/book                                                                       1788     0(0.00%) |   1748     124    7083    920 |    5.40        0.00
GET      /api/concerts                                                                    395     0(0.00%) |     48       2     835     15 |    0.50        0.00
GET      /health                                                                          184     0(0.00%) |     62       2    1794     10 |    0.30        0.00
--------|----------------------------------------------------------------------------|-------|-------------|-------|-------|-------|-------|--------|-----------
         Aggregated                                                                      2367     0(0.00%) |   1333       2    7083    520 |    6.20        0.00

Type     Name                                                                          # reqs      # fails |    Avg     Min     Max    Med |   req/s  failures/s
--------|----------------------------------------------------------------------------|-------|-------------|-------|-------|-------|-------|--------|-----------
POST     /api/book                                                                       1793     0(0.00%) |   1744     124    7083    920 |    4.80        0.00
GET      /api/concerts                                                                    395     0(0.00%) |     48       2     835     15 |    0.50        0.00
GET      /health                                                                          184     0(0.00%) |     62       2    1794     10 |    0.20        0.00
--------|----------------------------------------------------------------------------|-------|-------------|-------|-------|-------|-------|--------|-----------
         Aggregated                                                                      2372     0(0.00%) |   1331       2    7083    520 |    5.50        0.00

Type     Name                                                                          # reqs      # fails |    Avg     Min     Max    Med |   req/s  failures/s
--------|----------------------------------------------------------------------------|-------|-------------|-------|-------|-------|-------|--------|-----------
POST     /api/book                                                                       1798     0(0.00%) |   1739     124    7083    910 |    3.10        0.00
GET      /api/concerts                                                                    395     0(0.00%) |     48       2     835     15 |    0.40        0.00
GET      /health                                                                          184     0(0.00%) |     62       2    1794     10 |    0.10        0.00
--------|----------------------------------------------------------------------------|-------|-------------|-------|-------|-------|-------|--------|-----------
         Aggregated                                                                      2377     0(0.00%) |   1328       2    7083    520 |    3.60        0.00

Type     Name                                                                          # reqs      # fails |    Avg     Min     Max    Med |   req/s  failures/s
--------|----------------------------------------------------------------------------|-------|-------------|-------|-------|-------|-------|--------|-----------
POST     /api/book                                                                       1800     0(0.00%) |   1738     124    7083    900 |    3.00        0.00
GET      /api/concerts                                                                    395     0(0.00%) |     48       2     835     15 |    0.20        0.00
GET      /health                                                                          184     0(0.00%) |     62       2    1794     10 |    0.00        0.00
--------|----------------------------------------------------------------------------|-------|-------------|-------|-------|-------|-------|--------|-----------
         Aggregated                                                                      2379     0(0.00%) |   1327       2    7083    520 |    3.20        0.00

Type     Name                                                                          # reqs      # fails |    Avg     Min     Max    Med |   req/s  failures/s
--------|----------------------------------------------------------------------------|-------|-------------|-------|-------|-------|-------|--------|-----------
POST     /api/book                                                                       1805     0(0.00%) |   1733     124    7083    900 |    2.20        0.00
GET      /api/concerts                                                                    396     0(0.00%) |     47       2     835     15 |    0.20        0.00
GET      /health                                                                          184     0(0.00%) |     62       2    1794     10 |    0.00        0.00
--------|----------------------------------------------------------------------------|-------|-------------|-------|-------|-------|-------|--------|-----------
         Aggregated                                                                      2385     0(0.00%) |   1324       2    7083    520 |    2.40        0.00

Type     Name                                                                          # reqs      # fails |    Avg     Min     Max    Med |   req/s  failures/s
--------|----------------------------------------------------------------------------|-------|-------------|-------|-------|-------|-------|--------|-----------
POST     /api/book                                                                       1806     0(0.00%) |   1732     124    7083    900 |    2.20        0.00
GET      /api/concerts                                                                    398     0(0.00%) |     47       2     835     15 |    0.20        0.00
GET      /health                                                                          185     0(0.00%) |     61       2    1794     10 |    0.00        0.00
--------|----------------------------------------------------------------------------|-------|-------------|-------|-------|-------|-------|--------|-----------
         Aggregated                                                                      2389     0(0.00%) |   1322       2    7083    520 |    2.40        0.00

Type     Name                                                                          # reqs      # fails |    Avg     Min     Max    Med |   req/s  failures/s
--------|----------------------------------------------------------------------------|-------|-------------|-------|-------|-------|-------|--------|-----------
POST     /api/book                                                                       1809     0(0.00%) |   1730     124    7083    900 |    2.00        0.00
GET      /api/concerts                                                                    399     0(0.00%) |     47       2     835     15 |    0.30        0.00
GET      /health                                                                          185     0(0.00%) |     61       2    1794     10 |    0.00        0.00
--------|----------------------------------------------------------------------------|-------|-------------|-------|-------|-------|-------|--------|-----------
         Aggregated                                                                      2393     0(0.00%) |   1320       2    7083    520 |    2.30        0.00

Type     Name                                                                          # reqs      # fails |    Avg     Min     Max    Med |   req/s  failures/s
--------|----------------------------------------------------------------------------|-------|-------------|-------|-------|-------|-------|--------|-----------
POST     /api/book                                                                       1815     0(0.00%) |   1724     124    7083    890 |    1.70        0.00
GET      /api/concerts                                                                    399     0(0.00%) |     47       2     835     15 |    0.40        0.00
GET      /health                                                                          185     0(0.00%) |     61       2    1794     10 |    0.10        0.00
--------|----------------------------------------------------------------------------|-------|-------------|-------|-------|-------|-------|--------|-----------
         Aggregated                                                                      2399     0(0.00%) |   1317       2    7083    510 |    2.20        0.00

Type     Name                                                                          # reqs      # fails |    Avg     Min     Max    Med |   req/s  failures/s
--------|----------------------------------------------------------------------------|-------|-------------|-------|-------|-------|-------|--------|-----------
POST     /api/book                                                                       1818     0(0.00%) |   1722     124    7083    890 |    1.70        0.00
GET      /api/concerts                                                                    399     0(0.00%) |     47       2     835     15 |    0.40        0.00
GET      /health                                                                          186     0(0.00%) |     61       2    1794      9 |    0.10        0.00
--------|----------------------------------------------------------------------------|-------|-------------|-------|-------|-------|-------|--------|-----------
         Aggregated                                                                      2403     0(0.00%) |   1315       2    7083    510 |    2.20        0.00

Type     Name                                                                          # reqs      # fails |    Avg     Min     Max    Med |   req/s  failures/s
--------|----------------------------------------------------------------------------|-------|-------------|-------|-------|-------|-------|--------|-----------
POST     /api/book                                                                       1823     0(0.00%) |   1717     124    7083    880 |    1.70        0.00
GET      /api/concerts                                                                    399     0(0.00%) |     47       2     835     15 |    0.40        0.00
GET      /health                                                                          187     0(0.00%) |     61       2    1794      9 |    0.20        0.00
--------|----------------------------------------------------------------------------|-------|-------------|-------|-------|-------|-------|--------|-----------
         Aggregated                                                                      2409     0(0.00%) |   1312       2    7083    510 |    2.30        0.00

Type     Name                                                                          # reqs      # fails |    Avg     Min     Max    Med |   req/s  failures/s
--------|----------------------------------------------------------------------------|-------|-------------|-------|-------|-------|-------|--------|-----------
POST     /api/book                                                                       1827     0(0.00%) |   1714     124    7083    880 |    1.70        0.00
GET      /api/concerts                                                                    399     0(0.00%) |     47       2     835     15 |    0.30        0.00
GET      /health                                                                          187     0(0.00%) |     61       2    1794      9 |    0.30        0.00
--------|----------------------------------------------------------------------------|-------|-------------|-------|-------|-------|-------|--------|-----------
         Aggregated                                                                      2413     0(0.00%) |   1310       2    7083    510 |    2.30        0.00

Type     Name                                                                          # reqs      # fails |    Avg     Min     Max    Med |   req/s  failures/s
--------|----------------------------------------------------------------------------|-------|-------------|-------|-------|-------|-------|--------|-----------
POST     /api/book                                                                       1831     0(0.00%) |   1711     124    7083    880 |    1.90        0.00
GET      /api/concerts                                                                    399     0(0.00%) |     47       2     835     15 |    0.20        0.00
GET      /health                                                                          187     0(0.00%) |     61       2    1794      9 |    0.30        0.00
--------|----------------------------------------------------------------------------|-------|-------------|-------|-------|-------|-------|--------|-----------
         Aggregated                                                                      2417     0(0.00%) |   1308       2    7083    510 |    2.40        0.00

Type     Name                                                                          # reqs      # fails |    Avg     Min     Max    Med |   req/s  failures/s
--------|----------------------------------------------------------------------------|-------|-------------|-------|-------|-------|-------|--------|-----------
POST     /api/book                                                                       1836     0(0.00%) |   1706     124    7083    880 |    2.20        0.00
GET      /api/concerts                                                                    399     0(0.00%) |     47       2     835     15 |    0.00        0.00
GET      /health                                                                          187     0(0.00%) |     61       2    1794      9 |    0.20        0.00
--------|----------------------------------------------------------------------------|-------|-------------|-------|-------|-------|-------|--------|-----------
         Aggregated                                                                      2422     0(0.00%) |   1306       2    7083    510 |    2.40        0.00

Type     Name                                                                          # reqs      # fails |    Avg     Min     Max    Med |   req/s  failures/s
--------|----------------------------------------------------------------------------|-------|-------------|-------|-------|-------|-------|--------|-----------
POST     /api/book                                                                       1840     0(0.00%) |   1703     122    7083    870 |    2.00        0.00
GET      /api/concerts                                                                    399     0(0.00%) |     47       2     835     15 |    0.00        0.00
GET      /health                                                                          187     0(0.00%) |     61       2    1794      9 |    0.20        0.00
--------|----------------------------------------------------------------------------|-------|-------------|-------|-------|-------|-------|--------|-----------
         Aggregated                                                                      2426     0(0.00%) |   1304       2    7083    510 |    2.20        0.00

Type     Name                                                                          # reqs      # fails |    Avg     Min     Max    Med |   req/s  failures/s
--------|----------------------------------------------------------------------------|-------|-------------|-------|-------|-------|-------|--------|-----------
POST     /api/book                                                                       1842     0(0.00%) |   1701     122    7083    870 |    2.10        0.00
GET      /api/concerts                                                                    400     0(0.00%) |     47       2     835     14 |    0.00        0.00
GET      /health                                                                          187     0(0.00%) |     61       2    1794      9 |    0.20        0.00
--------|----------------------------------------------------------------------------|-------|-------------|-------|-------|-------|-------|--------|-----------
         Aggregated                                                                      2429     0(0.00%) |   1303       2    7083    500 |    2.30        0.00

Type     Name                                                                          # reqs      # fails |    Avg     Min     Max    Med |   req/s  failures/s
--------|----------------------------------------------------------------------------|-------|-------------|-------|-------|-------|-------|--------|-----------
POST     /api/book                                                                       1847     0(0.00%) |   1697     122    7083    870 |    2.10        0.00
GET      /api/concerts                                                                    401     0(0.00%) |     47       2     835     14 |    0.10        0.00
GET      /health                                                                          188     0(0.00%) |     60       2    1794      9 |    0.00        0.00
--------|----------------------------------------------------------------------------|-------|-------------|-------|-------|-------|-------|--------|-----------
         Aggregated                                                                      2436     0(0.00%) |   1299       2    7083    500 |    2.20        0.00

Type     Name                                                                          # reqs      # fails |    Avg     Min     Max    Med |   req/s  failures/s
--------|----------------------------------------------------------------------------|-------|-------------|-------|-------|-------|-------|--------|-----------
POST     /api/book                                                                       1850     0(0.00%) |   1695     122    7083    860 |    1.90        0.00
GET      /api/concerts                                                                    401     0(0.00%) |     47       2     835     14 |    0.20        0.00
GET      /health                                                                          188     0(0.00%) |     60       2    1794      9 |    0.10        0.00
--------|----------------------------------------------------------------------------|-------|-------------|-------|-------|-------|-------|--------|-----------
         Aggregated                                                                      2439     0(0.00%) |   1298       2    7083    500 |    2.20        0.00

Type     Name                                                                          # reqs      # fails |    Avg     Min     Max    Med |   req/s  failures/s
--------|----------------------------------------------------------------------------|-------|-------------|-------|-------|-------|-------|--------|-----------
POST     /api/book                                                                       1855     0(0.00%) |   1691     120    7083    860 |    1.80        0.00
GET      /api/concerts                                                                    402     0(0.00%) |     47       2     835     14 |    0.20        0.00
GET      /health                                                                          189     0(0.00%) |     60       2    1794      9 |    0.10        0.00
--------|----------------------------------------------------------------------------|-------|-------------|-------|-------|-------|-------|--------|-----------
         Aggregated                                                                      2446     0(0.00%) |   1294       2    7083    500 |    2.10        0.00

Type     Name                                                                          # reqs      # fails |    Avg     Min     Max    Med |   req/s  failures/s
--------|----------------------------------------------------------------------------|-------|-------------|-------|-------|-------|-------|--------|-----------
POST     /api/book                                                                       1857     0(0.00%) |   1689     120    7083    860 |    2.00        0.00
GET      /api/concerts                                                                    403     0(0.00%) |     47       2     835     14 |    0.20        0.00
GET      /health                                                                          189     0(0.00%) |     60       2    1794      9 |    0.20        0.00
--------|----------------------------------------------------------------------------|-------|-------------|-------|-------|-------|-------|--------|-----------
         Aggregated                                                                      2449     0(0.00%) |   1293       2    7083    490 |    2.40        0.00

Type     Name                                                                          # reqs      # fails |    Avg     Min     Max    Med |   req/s  failures/s
--------|----------------------------------------------------------------------------|-------|-------------|-------|-------|-------|-------|--------|-----------
POST     /api/book                                                                       1860     0(0.00%) |   1686     120    7083    850 |    1.80        0.00
GET      /api/concerts                                                                    404     0(0.00%) |     47       2     835     13 |    0.40        0.00
GET      /health                                                                          189     0(0.00%) |     60       2    1794      9 |    0.20        0.00
--------|----------------------------------------------------------------------------|-------|-------------|-------|-------|-------|-------|--------|-----------
         Aggregated                                                                      2453     0(0.00%) |   1291       2    7083    490 |    2.40        0.00

Type     Name                                                                          # reqs      # fails |    Avg     Min     Max    Med |   req/s  failures/s
--------|----------------------------------------------------------------------------|-------|-------------|-------|-------|-------|-------|--------|-----------
POST     /api/book                                                                       1866     0(0.00%) |   1681     120    7083    850 |    1.70        0.00
GET      /api/concerts                                                                    404     0(0.00%) |     47       2     835     13 |    0.40        0.00
GET      /health                                                                          189     0(0.00%) |     60       2    1794      9 |    0.20        0.00
--------|----------------------------------------------------------------------------|-------|-------------|-------|-------|-------|-------|--------|-----------
         Aggregated                                                                      2459     0(0.00%) |   1288       2    7083    490 |    2.30        0.00

Type     Name                                                                          # reqs      # fails |    Avg     Min     Max    Med |   req/s  failures/s
--------|----------------------------------------------------------------------------|-------|-------------|-------|-------|-------|-------|--------|-----------
POST     /api/book                                                                       1871     0(0.00%) |   1678     120    7083    850 |    1.80        0.00
GET      /api/concerts                                                                    404     0(0.00%) |     47       2     835     13 |    0.30        0.00
GET      /health                                                                          189     0(0.00%) |     60       2    1794      9 |    0.10        0.00
--------|----------------------------------------------------------------------------|-------|-------------|-------|-------|-------|-------|--------|-----------
         Aggregated                                                                      2464     0(0.00%) |   1286       2    7083    490 |    2.20        0.00

Type     Name                                                                          # reqs      # fails |    Avg     Min     Max    Med |   req/s  failures/s
--------|----------------------------------------------------------------------------|-------|-------------|-------|-------|-------|-------|--------|-----------
POST     /api/book                                                                       1874     0(0.00%) |   1675     120    7083    850 |    1.80        0.00
GET      /api/concerts                                                                    405     0(0.00%) |     46       2     835     13 |    0.30        0.00
GET      /health                                                                          189     0(0.00%) |     60       2    1794      9 |    0.10        0.00
--------|----------------------------------------------------------------------------|-------|-------------|-------|-------|-------|-------|--------|-----------
         Aggregated                                                                      2468     0(0.00%) |   1284       2    7083    490 |    2.20        0.00

Type     Name                                                                          # reqs      # fails |    Avg     Min     Max    Med |   req/s  failures/s
--------|----------------------------------------------------------------------------|-------|-------------|-------|-------|-------|-------|--------|-----------
POST     /api/book                                                                       1877     0(0.00%) |   1673     120    7083    850 |    2.00        0.00
GET      /api/concerts                                                                    405     0(0.00%) |     46       2     835     13 |    0.30        0.00
GET      /health                                                                          189     0(0.00%) |     60       2    1794      9 |    0.10        0.00
--------|----------------------------------------------------------------------------|-------|-------------|-------|-------|-------|-------|--------|-----------
         Aggregated                                                                      2471     0(0.00%) |   1283       2    7083    490 |    2.40        0.00

Type     Name                                                                          # reqs      # fails |    Avg     Min     Max    Med |   req/s  failures/s
--------|----------------------------------------------------------------------------|-------|-------------|-------|-------|-------|-------|--------|-----------
POST     /api/book                                                                       1882     0(0.00%) |   1669     120    7083    840 |    2.10        0.00
GET      /api/concerts                                                                    405     0(0.00%) |     46       2     835     13 |    0.20        0.00
GET      /health                                                                          189     0(0.00%) |     60       2    1794      9 |    0.00        0.00
--------|----------------------------------------------------------------------------|-------|-------------|-------|-------|-------|-------|--------|-----------
         Aggregated                                                                      2476     0(0.00%) |   1281       2    7083    480 |    2.30        0.00

Type     Name                                                                          # reqs      # fails |    Avg     Min     Max    Med |   req/s  failures/s
--------|----------------------------------------------------------------------------|-------|-------------|-------|-------|-------|-------|--------|-----------
POST     /api/book                                                                       1885     0(0.00%) |   1666     120    7083    840 |    2.10        0.00
GET      /api/concerts                                                                    405     0(0.00%) |     46       2     835     13 |    0.20        0.00
GET      /health                                                                          189     0(0.00%) |     60       2    1794      9 |    0.00        0.00
--------|----------------------------------------------------------------------------|-------|-------------|-------|-------|-------|-------|--------|-----------
         Aggregated                                                                      2479     0(0.00%) |   1279       2    7083    480 |    2.30        0.00

Type     Name                                                                          # reqs      # fails |    Avg     Min     Max    Med |   req/s  failures/s
--------|----------------------------------------------------------------------------|-------|-------------|-------|-------|-------|-------|--------|-----------
POST     /api/book                                                                       1890     0(0.00%) |   1663     120    7083    840 |    2.20        0.00
GET      /api/concerts                                                                    406     0(0.00%) |     46       2     835     13 |    0.10        0.00
GET      /health                                                                          189     0(0.00%) |     60       2    1794      9 |    0.00        0.00
--------|----------------------------------------------------------------------------|-------|-------------|-------|-------|-------|-------|--------|-----------
         Aggregated                                                                      2485     0(0.00%) |   1277       2    7083    480 |    2.30        0.00

Type     Name                                                                          # reqs      # fails |    Avg     Min     Max    Med |   req/s  failures/s
--------|----------------------------------------------------------------------------|-------|-------------|-------|-------|-------|-------|--------|-----------
POST     /api/book                                                                       1894     0(0.00%) |   1659     120    7083    830 |    2.30        0.00
GET      /api/concerts                                                                    406     0(0.00%) |     46       2     835     13 |    0.20        0.00
GET      /health                                                                          191     0(0.00%) |     59       2    1794      8 |    0.00        0.00
--------|----------------------------------------------------------------------------|-------|-------------|-------|-------|-------|-------|--------|-----------
         Aggregated                                                                      2491     0(0.00%) |   1274       2    7083    480 |    2.50        0.00

Type     Name                                                                          # reqs      # fails |    Avg     Min     Max    Med |   req/s  failures/s
--------|----------------------------------------------------------------------------|-------|-------------|-------|-------|-------|-------|--------|-----------
POST     /api/book                                                                       1898     0(0.00%) |   1656     120    7083    830 |    2.00        0.00
GET      /api/concerts                                                                    406     0(0.00%) |     46       2     835     13 |    0.10        0.00
GET      /health                                                                          192     0(0.00%) |     59       2    1794      8 |    0.20        0.00
--------|----------------------------------------------------------------------------|-------|-------------|-------|-------|-------|-------|--------|-----------
         Aggregated                                                                      2496     0(0.00%) |   1272       2    7083    480 |    2.30        0.00

Type     Name                                                                          # reqs      # fails |    Avg     Min     Max    Med |   req/s  failures/s
--------|----------------------------------------------------------------------------|-------|-------------|-------|-------|-------|-------|--------|-----------
POST     /api/book                                                                       1901     0(0.00%) |   1654     120    7083    830 |    2.00        0.00
GET      /api/concerts                                                                    407     0(0.00%) |     46       2     835     13 |    0.10        0.00
GET      /health                                                                          192     0(0.00%) |     59       2    1794      8 |    0.20        0.00
--------|----------------------------------------------------------------------------|-------|-------------|-------|-------|-------|-------|--------|-----------
         Aggregated                                                                      2500     0(0.00%) |   1270       2    7083    480 |    2.30        0.00

Type     Name                                                                          # reqs      # fails |    Avg     Min     Max    Med |   req/s  failures/s
--------|----------------------------------------------------------------------------|-------|-------------|-------|-------|-------|-------|--------|-----------
POST     /api/book                                                                       1905     0(0.00%) |   1651     120    7083    820 |    2.10        0.00
GET      /api/concerts                                                                    408     0(0.00%) |     46       2     835     12 |    0.20        0.00
GET      /health                                                                          192     0(0.00%) |     59       2    1794      8 |    0.30        0.00
--------|----------------------------------------------------------------------------|-------|-------------|-------|-------|-------|-------|--------|-----------
         Aggregated                                                                      2505     0(0.00%) |   1267       2    7083    480 |    2.60        0.00

Type     Name                                                                          # reqs      # fails |    Avg     Min     Max    Med |   req/s  failures/s
--------|----------------------------------------------------------------------------|-------|-------------|-------|-------|-------|-------|--------|-----------
POST     /api/book                                                                       1909     0(0.00%) |   1648     120    7083    820 |    1.90        0.00
GET      /api/concerts                                                                    409     0(0.00%) |     46       2     835     12 |    0.30        0.00
GET      /health                                                                          192     0(0.00%) |     59       2    1794      8 |    0.30        0.00
--------|----------------------------------------------------------------------------|-------|-------------|-------|-------|-------|-------|--------|-----------
         Aggregated                                                                      2510     0(0.00%) |   1265       2    7083    470 |    2.50        0.00

Type     Name                                                                          # reqs      # fails |    Avg     Min     Max    Med |   req/s  failures/s
--------|----------------------------------------------------------------------------|-------|-------------|-------|-------|-------|-------|--------|-----------
POST     /api/book                                                                       1912     0(0.00%) |   1645     120    7083    810 |    1.80        0.00
GET      /api/concerts                                                                    411     0(0.00%) |     46       2     835     12 |    0.20        0.00
GET      /health                                                                          192     0(0.00%) |     59       2    1794      8 |    0.30        0.00
--------|----------------------------------------------------------------------------|-------|-------------|-------|-------|-------|-------|--------|-----------
         Aggregated                                                                      2515     0(0.00%) |   1263       2    7083    470 |    2.30        0.00

Type     Name                                                                          # reqs      # fails |    Avg     Min     Max    Med |   req/s  failures/s
--------|----------------------------------------------------------------------------|-------|-------------|-------|-------|-------|-------|--------|-----------
POST     /api/book                                                                       1917     0(0.00%) |   1641     120    7083    810 |    1.90        0.00
GET      /api/concerts                                                                    411     0(0.00%) |     46       2     835     12 |    0.50        0.00
GET      /health                                                                          192     0(0.00%) |     59       2    1794      8 |    0.10        0.00
--------|----------------------------------------------------------------------------|-------|-------------|-------|-------|-------|-------|--------|-----------
         Aggregated                                                                      2520     0(0.00%) |   1261       2    7083    470 |    2.50        0.00

Type     Name                                                                          # reqs      # fails |    Avg     Min     Max    Med |   req/s  failures/s
--------|----------------------------------------------------------------------------|-------|-------------|-------|-------|-------|-------|--------|-----------
POST     /api/book                                                                       1921     0(0.00%) |   1638     120    7083    810 |    1.90        0.00
GET      /api/concerts                                                                    412     0(0.00%) |     46       2     835     12 |    0.50        0.00
GET      /health                                                                          192     0(0.00%) |     59       2    1794      8 |    0.00        0.00
--------|----------------------------------------------------------------------------|-------|-------------|-------|-------|-------|-------|--------|-----------
         Aggregated                                                                      2525     0(0.00%) |   1258       2    7083    460 |    2.40        0.00

Type     Name                                                                          # reqs      # fails |    Avg     Min     Max    Med |   req/s  failures/s
--------|----------------------------------------------------------------------------|-------|-------------|-------|-------|-------|-------|--------|-----------
POST     /api/book                                                                       1924     0(0.00%) |   1636     120    7083    810 |    1.80        0.00
GET      /api/concerts                                                                    412     0(0.00%) |     46       2     835     12 |    0.50        0.00
GET      /health                                                                          192     0(0.00%) |     59       2    1794      8 |    0.00        0.00
--------|----------------------------------------------------------------------------|-------|-------------|-------|-------|-------|-------|--------|-----------
         Aggregated                                                                      2528     0(0.00%) |   1257       2    7083    460 |    2.30        0.00

Type     Name                                                                          # reqs      # fails |    Avg     Min     Max    Med |   req/s  failures/s
--------|----------------------------------------------------------------------------|-------|-------------|-------|-------|-------|-------|--------|-----------
POST     /api/book                                                                       1929     0(0.00%) |   1632     120    7083    810 |    1.90        0.00
GET      /api/concerts                                                                    412     0(0.00%) |     46       2     835     12 |    0.40        0.00
GET      /health                                                                          192     0(0.00%) |     59       2    1794      8 |    0.00        0.00
--------|----------------------------------------------------------------------------|-------|-------------|-------|-------|-------|-------|--------|-----------
         Aggregated                                                                      2533     0(0.00%) |   1255       2    7083    460 |    2.30        0.00

Type     Name                                                                          # reqs      # fails |    Avg     Min     Max    Med |   req/s  failures/s
--------|----------------------------------------------------------------------------|-------|-------------|-------|-------|-------|-------|--------|-----------
POST     /api/book                                                                       1933     0(0.00%) |   1629     120    7083    800 |    2.00        0.00
GET      /api/concerts                                                                    413     0(0.00%) |     46       2     835     12 |    0.40        0.00
GET      /health                                                                          192     0(0.00%) |     59       2    1794      8 |    0.00        0.00
--------|----------------------------------------------------------------------------|-------|-------------|-------|-------|-------|-------|--------|-----------
         Aggregated                                                                      2538     0(0.00%) |   1253       2    7083    450 |    2.40        0.00

Type     Name                                                                          # reqs      # fails |    Avg     Min     Max    Med |   req/s  failures/s
--------|----------------------------------------------------------------------------|-------|-------------|-------|-------|-------|-------|--------|-----------
POST     /api/book                                                                       1935     0(0.00%) |   1627     120    7083    800 |    2.00        0.00
GET      /api/concerts                                                                    413     0(0.00%) |     46       2     835     12 |    0.20        0.00
GET      /health                                                                          193     0(0.00%) |     59       2    1794      8 |    0.00        0.00
--------|----------------------------------------------------------------------------|-------|-------------|-------|-------|-------|-------|--------|-----------
         Aggregated                                                                      2541     0(0.00%) |   1251       2    7083    450 |    2.20        0.00

Type     Name                                                                          # reqs      # fails |    Avg     Min     Max    Med |   req/s  failures/s
--------|----------------------------------------------------------------------------|-------|-------------|-------|-------|-------|-------|--------|-----------
POST     /api/book                                                                       1940     0(0.00%) |   1624     120    7083    800 |    2.20        0.00
GET      /api/concerts                                                                    413     0(0.00%) |     46       2     835     12 |    0.20        0.00
GET      /health                                                                          194     0(0.00%) |     59       2    1794      8 |    0.00        0.00
--------|----------------------------------------------------------------------------|-------|-------------|-------|-------|-------|-------|--------|-----------
         Aggregated                                                                      2547     0(0.00%) |   1249       2    7083    450 |    2.40        0.00

Type     Name                                                                          # reqs      # fails |    Avg     Min     Max    Med |   req/s  failures/s
--------|----------------------------------------------------------------------------|-------|-------------|-------|-------|-------|-------|--------|-----------
POST     /api/book                                                                       1944     0(0.00%) |   1621     120    7083    790 |    2.00        0.00
GET      /api/concerts                                                                    413     0(0.00%) |     46       2     835     12 |    0.20        0.00
GET      /health                                                                          195     0(0.00%) |     58       2    1794      8 |    0.10        0.00
--------|----------------------------------------------------------------------------|-------|-------------|-------|-------|-------|-------|--------|-----------
         Aggregated                                                                      2552     0(0.00%) |   1246       2    7083    450 |    2.30        0.00

Type     Name                                                                          # reqs      # fails |    Avg     Min     Max    Med |   req/s  failures/s
--------|----------------------------------------------------------------------------|-------|-------------|-------|-------|-------|-------|--------|-----------
POST     /api/book                                                                       1948     0(0.00%) |   1617     120    7083    780 |    2.10        0.00
GET      /api/concerts                                                                    414     0(0.00%) |     46       2     835     11 |    0.10        0.00
GET      /health                                                                          197     0(0.00%) |     58       2    1794      8 |    0.30        0.00
--------|----------------------------------------------------------------------------|-------|-------------|-------|-------|-------|-------|--------|-----------
         Aggregated                                                                      2559     0(0.00%) |   1243       2    7083    440 |    2.50        0.00

Type     Name                                                                          # reqs      # fails |    Avg     Min     Max    Med |   req/s  failures/s
--------|----------------------------------------------------------------------------|-------|-------------|-------|-------|-------|-------|--------|-----------
POST     /api/book                                                                       1950     0(0.00%) |   1616     120    7083    780 |    1.90        0.00
GET      /api/concerts                                                                    414     0(0.00%) |     46       2     835     11 |    0.20        0.00
GET      /health                                                                          200     0(0.00%) |     57       2    1794      7 |    0.50        0.00
--------|----------------------------------------------------------------------------|-------|-------------|-------|-------|-------|-------|--------|-----------
         Aggregated                                                                      2564     0(0.00%) |   1241       2    7083    440 |    2.60        0.00

Type     Name                                                                          # reqs      # fails |    Avg     Min     Max    Med |   req/s  failures/s
--------|----------------------------------------------------------------------------|-------|-------------|-------|-------|-------|-------|--------|-----------
POST     /api/book                                                                       1954     0(0.00%) |   1613     120    7083    770 |    1.70        0.00
GET      /api/concerts                                                                    414     0(0.00%) |     46       2     835     11 |    0.10        0.00
GET      /health                                                                          200     0(0.00%) |     57       2    1794      7 |    0.70        0.00
--------|----------------------------------------------------------------------------|-------|-------------|-------|-------|-------|-------|--------|-----------
         Aggregated                                                                      2568     0(0.00%) |   1239       2    7083    440 |    2.50        0.00

Type     Name                                                                          # reqs      # fails |    Avg     Min     Max    Med |   req/s  failures/s
--------|----------------------------------------------------------------------------|-------|-------------|-------|-------|-------|-------|--------|-----------
POST     /api/book                                                                       1958     0(0.00%) |   1610     119    7083    770 |    1.80        0.00
GET      /api/concerts                                                                    415     0(0.00%) |     45       2     835     11 |    0.10        0.00
GET      /health                                                                          200     0(0.00%) |     57       2    1794      7 |    0.70        0.00
--------|----------------------------------------------------------------------------|-------|-------------|-------|-------|-------|-------|--------|-----------
         Aggregated                                                                      2573     0(0.00%) |   1237       2    7083    430 |    2.60        0.00

Type     Name                                                                          # reqs      # fails |    Avg     Min     Max    Med |   req/s  failures/s
--------|----------------------------------------------------------------------------|-------|-------------|-------|-------|-------|-------|--------|-----------
POST     /api/book                                                                       1960     0(0.00%) |   1608     119    7083    770 |    1.70        0.00
GET      /api/concerts                                                                    416     0(0.00%) |     45       2     835     10 |    0.20        0.00
GET      /health                                                                          200     0(0.00%) |     57       2    1794      7 |    0.60        0.00
--------|----------------------------------------------------------------------------|-------|-------------|-------|-------|-------|-------|--------|-----------
         Aggregated                                                                      2576     0(0.00%) |   1236       2    7083    430 |    2.50        0.00

Type     Name                                                                          # reqs      # fails |    Avg     Min     Max    Med |   req/s  failures/s
--------|----------------------------------------------------------------------------|-------|-------------|-------|-------|-------|-------|--------|-----------
POST     /api/book                                                                       1962     0(0.00%) |   1607     119    7083    770 |    1.60        0.00
GET      /api/concerts                                                                    417     0(0.00%) |     45       2     835     10 |    0.20        0.00
GET      /health                                                                          200     0(0.00%) |     57       2    1794      7 |    0.60        0.00
--------|----------------------------------------------------------------------------|-------|-------------|-------|-------|-------|-------|--------|-----------
         Aggregated                                                                      2579     0(0.00%) |   1234       2    7083    430 |    2.40        0.00

Type     Name                                                                          # reqs      # fails |    Avg     Min     Max    Med |   req/s  failures/s
--------|----------------------------------------------------------------------------|-------|-------------|-------|-------|-------|-------|--------|-----------
POST     /api/book                                                                       1968     0(0.00%) |   1603     119    7083    760 |    1.50        0.00
GET      /api/concerts                                                                    417     0(0.00%) |     45       2     835     10 |    0.30        0.00
GET      /health                                                                          200     0(0.00%) |     57       2    1794      7 |    0.30        0.00
--------|----------------------------------------------------------------------------|-------|-------------|-------|-------|-------|-------|--------|-----------
         Aggregated                                                                      2585     0(0.00%) |   1232       2    7083    430 |    2.10        0.00

Type     Name                                                                          # reqs      # fails |    Avg     Min     Max    Med |   req/s  failures/s
--------|----------------------------------------------------------------------------|-------|-------------|-------|-------|-------|-------|--------|-----------
POST     /api/book                                                                       1971     0(0.00%) |   1601     119    7083    760 |    1.60        0.00
GET      /api/concerts                                                                    419     0(0.00%) |     45       2     835     10 |    0.30        0.00
GET      /health                                                                          201     0(0.00%) |     57       2    1794      7 |    0.10        0.00
--------|----------------------------------------------------------------------------|-------|-------------|-------|-------|-------|-------|--------|-----------
         Aggregated                                                                      2591     0(0.00%) |   1229       2    7083    430 |    2.00        0.00

Type     Name                                                                          # reqs      # fails |    Avg     Min     Max    Med |   req/s  failures/s
--------|----------------------------------------------------------------------------|-------|-------------|-------|-------|-------|-------|--------|-----------
POST     /api/book                                                                       1974     0(0.00%) |   1598     119    7083    760 |    1.80        0.00
GET      /api/concerts                                                                    420     0(0.00%) |     45       2     835     10 |    0.30        0.00
GET      /health                                                                          201     0(0.00%) |     57       2    1794      7 |    0.10        0.00
--------|----------------------------------------------------------------------------|-------|-------------|-------|-------|-------|-------|--------|-----------
         Aggregated                                                                      2595     0(0.00%) |   1228       2    7083    420 |    2.20        0.00

Type     Name                                                                          # reqs      # fails |    Avg     Min     Max    Med |   req/s  failures/s
--------|----------------------------------------------------------------------------|-------|-------------|-------|-------|-------|-------|--------|-----------
POST     /api/book                                                                       1978     0(0.00%) |   1596     119    7083    750 |    1.70        0.00
GET      /api/concerts                                                                    421     0(0.00%) |     45       2     835     10 |    0.50        0.00
GET      /health                                                                          201     0(0.00%) |     57       2    1794      7 |    0.10        0.00
--------|----------------------------------------------------------------------------|-------|-------------|-------|-------|-------|-------|--------|-----------
         Aggregated                                                                      2600     0(0.00%) |   1226       2    7083    420 |    2.30        0.00

Type     Name                                                                          # reqs      # fails |    Avg     Min     Max    Med |   req/s  failures/s
--------|----------------------------------------------------------------------------|-------|-------------|-------|-------|-------|-------|--------|-----------
POST     /api/book                                                                       1983     0(0.00%) |   1592     119    7083    750 |    1.90        0.00
GET      /api/concerts                                                                    422     0(0.00%) |     45       2     835     10 |    0.50        0.00
GET      /health                                                                          201     0(0.00%) |     57       2    1794      7 |    0.10        0.00
--------|----------------------------------------------------------------------------|-------|-------------|-------|-------|-------|-------|--------|-----------
         Aggregated                                                                      2606     0(0.00%) |   1223       2    7083    410 |    2.50        0.00

Type     Name                                                                          # reqs      # fails |    Avg     Min     Max    Med |   req/s  failures/s
--------|----------------------------------------------------------------------------|-------|-------------|-------|-------|-------|-------|--------|-----------
POST     /api/book                                                                       1987     0(0.00%) |   1589     119    7083    750 |    2.00        0.00
GET      /api/concerts                                                                    422     0(0.00%) |     45       2     835     10 |    0.50        0.00
GET      /health                                                                          201     0(0.00%) |     57       2    1794      7 |    0.10        0.00
--------|----------------------------------------------------------------------------|-------|-------------|-------|-------|-------|-------|--------|-----------
         Aggregated                                                                      2610     0(0.00%) |   1221       2    7083    410 |    2.60        0.00

Type     Name                                                                          # reqs      # fails |    Avg     Min     Max    Med |   req/s  failures/s
--------|----------------------------------------------------------------------------|-------|-------------|-------|-------|-------|-------|--------|-----------
POST     /api/book                                                                       1989     0(0.00%) |   1588     119    7083    750 |    2.10        0.00
GET      /api/concerts                                                                    422     0(0.00%) |     45       2     835     10 |    0.50        0.00
GET      /health                                                                          203     0(0.00%) |     56       2    1794      6 |    0.10        0.00
--------|----------------------------------------------------------------------------|-------|-------------|-------|-------|-------|-------|--------|-----------
         Aggregated                                                                      2614     0(0.00%) |   1220       2    7083    410 |    2.70        0.00

[2026-05-31 13:10:58,085] ip-172-31-20-158/INFO/locust.runners: Shape test updating to 40 users at 5.00 spawn rate
[2026-05-31 13:10:58,085] ip-172-31-20-158/INFO/locust.runners: Ramping to 40 users at a rate of 5.00 per second
Type     Name                                                                          # reqs      # fails |    Avg     Min     Max    Med |   req/s  failures/s
--------|----------------------------------------------------------------------------|-------|-------------|-------|-------|-------|-------|--------|-----------
POST     /api/book                                                                       1995     0(0.00%) |   1583     119    7083    750 |    1.80        0.00
GET      /api/concerts                                                                    424     0(0.00%) |     45       2     835     10 |    0.50        0.00
GET      /health                                                                          203     0(0.00%) |     56       2    1794      6 |    0.10        0.00
--------|----------------------------------------------------------------------------|-------|-------------|-------|-------|-------|-------|--------|-----------
         Aggregated                                                                      2622     0(0.00%) |   1216       2    7083    410 |    2.40        0.00

Type     Name                                                                          # reqs      # fails |    Avg     Min     Max    Med |   req/s  failures/s
--------|----------------------------------------------------------------------------|-------|-------------|-------|-------|-------|-------|--------|-----------
POST     /api/book                                                                       2010     0(0.00%) |   1574     119    7083    740 |    2.00        0.00
GET      /api/concerts                                                                    427     0(0.00%) |     44       2     835      9 |    0.30        0.00
GET      /health                                                                          203     0(0.00%) |     56       2    1794      6 |    0.20        0.00
--------|----------------------------------------------------------------------------|-------|-------------|-------|-------|-------|-------|--------|-----------
         Aggregated                                                                      2640     0(0.00%) |   1210       2    7083    400 |    2.50        0.00

Type     Name                                                                          # reqs      # fails |    Avg     Min     Max    Med |   req/s  failures/s
--------|----------------------------------------------------------------------------|-------|-------------|-------|-------|-------|-------|--------|-----------
POST     /api/book                                                                       2022     0(0.00%) |   1566     119    7083    730 |    2.70        0.00
GET      /api/concerts                                                                    433     0(0.00%) |     44       2     835      9 |    0.50        0.00
GET      /health                                                                          205     0(0.00%) |     56       2    1794      7 |    0.20        0.00
--------|----------------------------------------------------------------------------|-------|-------------|-------|-------|-------|-------|--------|-----------
         Aggregated                                                                      2660     0(0.00%) |   1202       2    7083    400 |    3.40        0.00

[2026-05-31 13:11:04,110] ip-172-31-20-158/INFO/locust.runners: All users spawned: {"TicketingUser": 40} (40 total users)
Type     Name                                                                          # reqs      # fails |    Avg     Min     Max    Med |   req/s  failures/s
--------|----------------------------------------------------------------------------|-------|-------------|-------|-------|-------|-------|--------|-----------
POST     /api/book                                                                       2054     0(0.00%) |   1549     108    7083    720 |    3.80        0.00
GET      /api/concerts                                                                    440     0(0.00%) |     43       2     835      8 |    1.00        0.00
GET      /health                                                                          209     0(0.00%) |     55       2    1794      6 |    0.30        0.00
--------|----------------------------------------------------------------------------|-------|-------------|-------|-------|-------|-------|--------|-----------
         Aggregated                                                                      2703     0(0.00%) |   1188       2    7083    390 |    5.10        0.00

Type     Name                                                                          # reqs      # fails |    Avg     Min     Max    Med |   req/s  failures/s
--------|----------------------------------------------------------------------------|-------|-------------|-------|-------|-------|-------|--------|-----------
POST     /api/book                                                                       2081     0(0.00%) |   1532     108    7083    700 |    6.20        0.00
GET      /api/concerts                                                                    443     0(0.00%) |     43       2     835      8 |    1.50        0.00
GET      /health                                                                          212     0(0.00%) |     54       2    1794      6 |    0.70        0.00
--------|----------------------------------------------------------------------------|-------|-------------|-------|-------|-------|-------|--------|-----------
         Aggregated                                                                      2736     0(0.00%) |   1177       2    7083    380 |    8.40        0.00

Type     Name                                                                          # reqs      # fails |    Avg     Min     Max    Med |   req/s  failures/s
--------|----------------------------------------------------------------------------|-------|-------------|-------|-------|-------|-------|--------|-----------
POST     /api/book                                                                       2114     0(0.00%) |   1513      92    7083    670 |    8.90        0.00
GET      /api/concerts                                                                    446     0(0.00%) |     43       2     835      8 |    2.10        0.00
GET      /health                                                                          217     0(0.00%) |     53       2    1794      6 |    0.90        0.00
--------|----------------------------------------------------------------------------|-------|-------------|-------|-------|-------|-------|--------|-----------
         Aggregated                                                                      2777     0(0.00%) |   1163       2    7083    380 |   11.90        0.00

Type     Name                                                                          # reqs      # fails |    Avg     Min     Max    Med |   req/s  failures/s
--------|----------------------------------------------------------------------------|-------|-------------|-------|-------|-------|-------|--------|-----------
POST     /api/book                                                                       2145     0(0.00%) |   1495      92    7083    650 |   11.20        0.00
GET      /api/concerts                                                                    449     0(0.00%) |     42       2     835      7 |    2.30        0.00
GET      /health                                                                          218     0(0.00%) |     53       2    1794      6 |    1.30        0.00
--------|----------------------------------------------------------------------------|-------|-------------|-------|-------|-------|-------|--------|-----------
         Aggregated                                                                      2812     0(0.00%) |   1151       2    7083    370 |   14.80        0.00

Type     Name                                                                          # reqs      # fails |    Avg     Min     Max    Med |   req/s  failures/s
--------|----------------------------------------------------------------------------|-------|-------------|-------|-------|-------|-------|--------|-----------
POST     /api/book                                                                       2171     0(0.00%) |   1481      92    7083    630 |   13.20        0.00
GET      /api/concerts                                                                    452     0(0.00%) |     42       2     835      7 |    2.10        0.00
GET      /health                                                                          222     0(0.00%) |     52       2    1794      5 |    1.50        0.00
--------|----------------------------------------------------------------------------|-------|-------------|-------|-------|-------|-------|--------|-----------
         Aggregated                                                                      2845     0(0.00%) |   1141       2    7083    360 |   16.80        0.00

Type     Name                                                                          # reqs      # fails |    Avg     Min     Max    Med |   req/s  failures/s
--------|----------------------------------------------------------------------------|-------|-------------|-------|-------|-------|-------|--------|-----------
POST     /api/book                                                                       2199     0(0.00%) |   1465      92    7083    620 |   14.90        0.00
GET      /api/concerts                                                                    460     0(0.00%) |     42       2     835      7 |    2.00        0.00
GET      /health                                                                          225     0(0.00%) |     52       2    1794      5 |    1.70        0.00
--------|----------------------------------------------------------------------------|-------|-------------|-------|-------|-------|-------|--------|-----------
         Aggregated                                                                      2884     0(0.00%) |   1128       2    7083    360 |   18.60        0.00

Type     Name                                                                          # reqs      # fails |    Avg     Min     Max    Med |   req/s  failures/s
--------|----------------------------------------------------------------------------|-------|-------------|-------|-------|-------|-------|--------|-----------
POST     /api/book                                                                       2224     0(0.00%) |   1451      92    7083    610 |   14.60        0.00
GET      /api/concerts                                                                    462     0(0.00%) |     41       2     835      7 |    2.20        0.00
GET      /health                                                                          226     0(0.00%) |     52       2    1794      5 |    1.60        0.00
--------|----------------------------------------------------------------------------|-------|-------------|-------|-------|-------|-------|--------|-----------
         Aggregated                                                                      2912     0(0.00%) |   1119       2    7083    350 |   18.40        0.00

Type     Name                                                                          # reqs      # fails |    Avg     Min     Max    Med |   req/s  failures/s
--------|----------------------------------------------------------------------------|-------|-------------|-------|-------|-------|-------|--------|-----------
POST     /api/book                                                                       2251     0(0.00%) |   1439      92    7083    600 |   14.10        0.00
GET      /api/concerts                                                                    470     0(0.00%) |     41       2     835      7 |    1.80        0.00
GET      /health                                                                          227     0(0.00%) |     52       2    1794      5 |    1.50        0.00
--------|----------------------------------------------------------------------------|-------|-------------|-------|-------|-------|-------|--------|-----------
         Aggregated                                                                      2948     0(0.00%) |   1109       2    7083    340 |   17.40        0.00

Type     Name                                                                          # reqs      # fails |    Avg     Min     Max    Med |   req/s  failures/s
--------|----------------------------------------------------------------------------|-------|-------------|-------|-------|-------|-------|--------|-----------
POST     /api/book                                                                       2274     0(0.00%) |   1426      92    7083    590 |   14.20        0.00
GET      /api/concerts                                                                    477     0(0.00%) |     40       2     835      7 |    2.10        0.00
GET      /health                                                                          234     0(0.00%) |     50       2    1794      5 |    1.10        0.00
--------|----------------------------------------------------------------------------|-------|-------------|-------|-------|-------|-------|--------|-----------
         Aggregated                                                                      2985     0(0.00%) |   1097       2    7083    330 |   17.40        0.00

Type     Name                                                                          # reqs      # fails |    Avg     Min     Max    Med |   req/s  failures/s
--------|----------------------------------------------------------------------------|-------|-------------|-------|-------|-------|-------|--------|-----------
POST     /api/book                                                                       2301     0(0.00%) |   1412      92    7083    580 |   13.20        0.00
GET      /api/concerts                                                                    481     0(0.00%) |     40       2     835      7 |    3.00        0.00
GET      /health                                                                          238     0(0.00%) |     50       2    1794      5 |    1.50        0.00
--------|----------------------------------------------------------------------------|-------|-------------|-------|-------|-------|-------|--------|-----------
         Aggregated                                                                      3020     0(0.00%) |   1086       2    7083    330 |   17.70        0.00

Type     Name                                                                          # reqs      # fails |    Avg     Min     Max    Med |   req/s  failures/s
--------|----------------------------------------------------------------------------|-------|-------------|-------|-------|-------|-------|--------|-----------
POST     /api/book                                                                       2328     0(0.00%) |   1400      92    7083    570 |   12.20        0.00
GET      /api/concerts                                                                    488     0(0.00%) |     40       2     835      6 |    2.90        0.00
GET      /health                                                                          240     0(0.00%) |     49       2    1794      5 |    1.60        0.00
--------|----------------------------------------------------------------------------|-------|-------------|-------|-------|-------|-------|--------|-----------
         Aggregated                                                                      3056     0(0.00%) |   1077       2    7083    330 |   16.70        0.00

Type     Name                                                                          # reqs      # fails |    Avg     Min     Max    Med |   req/s  failures/s
--------|----------------------------------------------------------------------------|-------|-------------|-------|-------|-------|-------|--------|-----------
POST     /api/book                                                                       2355     0(0.00%) |   1388      92    7083    560 |   12.70        0.00
GET      /api/concerts                                                                    493     0(0.00%) |     39       2     835      6 |    2.80        0.00
GET      /health                                                                          242     0(0.00%) |     49       2    1794      5 |    1.60        0.00
--------|----------------------------------------------------------------------------|-------|-------------|-------|-------|-------|-------|--------|-----------
         Aggregated                                                                      3090     0(0.00%) |   1068       2    7083    320 |   17.10        0.00

Type     Name                                                                          # reqs      # fails |    Avg     Min     Max    Med |   req/s  failures/s
--------|----------------------------------------------------------------------------|-------|-------------|-------|-------|-------|-------|--------|-----------
POST     /api/book                                                                       2391     0(0.00%) |   1372      92    7083    550 |   13.00        0.00
GET      /api/concerts                                                                    497     0(0.00%) |     39       2     835      6 |    3.00        0.00
GET      /health                                                                          244     0(0.00%) |     48       2    1794      5 |    1.60        0.00
--------|----------------------------------------------------------------------------|-------|-------------|-------|-------|-------|-------|--------|-----------
         Aggregated                                                                      3132     0(0.00%) |   1058       2    7083    320 |   17.60        0.00

Type     Name                                                                          # reqs      # fails |    Avg     Min     Max    Med |   req/s  failures/s
--------|----------------------------------------------------------------------------|-------|-------------|-------|-------|-------|-------|--------|-----------
POST     /api/book                                                                       2415     0(0.00%) |   1361      92    7083    530 |   13.30        0.00
GET      /api/concerts                                                                    505     0(0.00%) |     39       2     835      6 |    2.90        0.00
GET      /health                                                                          248     0(0.00%) |     48       2    1794      4 |    1.70        0.00
--------|----------------------------------------------------------------------------|-------|-------------|-------|-------|-------|-------|--------|-----------
         Aggregated                                                                      3168     0(0.00%) |   1047       2    7083    320 |   17.90        0.00

Type     Name                                                                          # reqs      # fails |    Avg     Min     Max    Med |   req/s  failures/s
--------|----------------------------------------------------------------------------|-------|-------------|-------|-------|-------|-------|--------|-----------
POST     /api/book                                                                       2445     0(0.00%) |   1348      92    7083    530 |   14.00        0.00
GET      /api/concerts                                                                    508     0(0.00%) |     38       2     835      6 |    2.80        0.00
GET      /health                                                                          250     0(0.00%) |     47       2    1794      4 |    1.40        0.00
--------|----------------------------------------------------------------------------|-------|-------------|-------|-------|-------|-------|--------|-----------
         Aggregated                                                                      3203     0(0.00%) |   1039       2    7083    310 |   18.20        0.00

Type     Name                                                                          # reqs      # fails |    Avg     Min     Max    Med |   req/s  failures/s
--------|----------------------------------------------------------------------------|-------|-------------|-------|-------|-------|-------|--------|-----------
POST     /api/book                                                                       2473     0(0.00%) |   1336      92    7083    520 |   14.50        0.00
GET      /api/concerts                                                                    512     0(0.00%) |     38       2     835      6 |    2.70        0.00
GET      /health                                                                          251     0(0.00%) |     47       2    1794      4 |    1.10        0.00
--------|----------------------------------------------------------------------------|-------|-------------|-------|-------|-------|-------|--------|-----------
         Aggregated                                                                      3236     0(0.00%) |   1030       2    7083    310 |   18.30        0.00

Type     Name                                                                          # reqs      # fails |    Avg     Min     Max    Med |   req/s  failures/s
--------|----------------------------------------------------------------------------|-------|-------------|-------|-------|-------|-------|--------|-----------
POST     /api/book                                                                       2503     0(0.00%) |   1325      92    7083    510 |   14.70        0.00
GET      /api/concerts                                                                    519     0(0.00%) |     38       2     835      6 |    2.40        0.00
GET      /health                                                                          253     0(0.00%) |     47       2    1794      4 |    1.00        0.00
--------|----------------------------------------------------------------------------|-------|-------------|-------|-------|-------|-------|--------|-----------
         Aggregated                                                                      3275     0(0.00%) |   1022       2    7083    310 |   18.10        0.00

Type     Name                                                                          # reqs      # fails |    Avg     Min     Max    Med |   req/s  failures/s
--------|----------------------------------------------------------------------------|-------|-------------|-------|-------|-------|-------|--------|-----------
POST     /api/book                                                                       2531     0(0.00%) |   1313      92    7083    510 |   14.80        0.00
GET      /api/concerts                                                                    523     0(0.00%) |     38       2     835      6 |    2.60        0.00
GET      /health                                                                          255     0(0.00%) |     46       2    1794      4 |    1.10        0.00
--------|----------------------------------------------------------------------------|-------|-------------|-------|-------|-------|-------|--------|-----------
         Aggregated                                                                      3309     0(0.00%) |   1013       2    7083    310 |   18.50        0.00

Type     Name                                                                          # reqs      # fails |    Avg     Min     Max    Med |   req/s  failures/s
--------|----------------------------------------------------------------------------|-------|-------------|-------|-------|-------|-------|--------|-----------
POST     /api/book                                                                       2561     0(0.00%) |   1303      92    7083    500 |   14.60        0.00
GET      /api/concerts                                                                    527     0(0.00%) |     37       2     835      6 |    2.70        0.00
GET      /health                                                                          257     0(0.00%) |     46       2    1794      4 |    1.10        0.00
--------|----------------------------------------------------------------------------|-------|-------------|-------|-------|-------|-------|--------|-----------
         Aggregated                                                                      3345     0(0.00%) |   1007       2    7083    310 |   18.40        0.00

Type     Name                                                                          # reqs      # fails |    Avg     Min     Max    Med |   req/s  failures/s
--------|----------------------------------------------------------------------------|-------|-------------|-------|-------|-------|-------|--------|-----------
POST     /api/book                                                                       2589     0(0.00%) |   1292      92    7083    500 |   14.30        0.00
GET      /api/concerts                                                                    534     0(0.00%) |     37       2     835      5 |    2.00        0.00
GET      /health                                                                          259     0(0.00%) |     46       2    1794      4 |    1.00        0.00
--------|----------------------------------------------------------------------------|-------|-------------|-------|-------|-------|-------|--------|-----------
         Aggregated                                                                      3382     0(0.00%) |    998       2    7083    300 |   17.30        0.00

Type     Name                                                                          # reqs      # fails |    Avg     Min     Max    Med |   req/s  failures/s
--------|----------------------------------------------------------------------------|-------|-------------|-------|-------|-------|-------|--------|-----------
POST     /api/book                                                                       2611     0(0.00%) |   1285      92    7083    500 |   14.20        0.00
GET      /api/concerts                                                                    539     0(0.00%) |     37       2     835      5 |    2.20        0.00
GET      /health                                                                          262     0(0.00%) |     45       2    1794      4 |    1.10        0.00
--------|----------------------------------------------------------------------------|-------|-------------|-------|-------|-------|-------|--------|-----------
         Aggregated                                                                      3412     0(0.00%) |    993       2    7083    300 |   17.50        0.00

Type     Name                                                                          # reqs      # fails |    Avg     Min     Max    Med |   req/s  failures/s
--------|----------------------------------------------------------------------------|-------|-------------|-------|-------|-------|-------|--------|-----------
POST     /api/book                                                                       2635     0(0.00%) |   1276      92    7083    490 |   13.80        0.00
GET      /api/concerts                                                                    546     0(0.00%) |     36       2     835      5 |    2.80        0.00
GET      /health                                                                          265     0(0.00%) |     45       2    1794      4 |    1.10        0.00
--------|----------------------------------------------------------------------------|-------|-------------|-------|-------|-------|-------|--------|-----------
         Aggregated                                                                      3446     0(0.00%) |    985       2    7083    300 |   17.70        0.00

Type     Name                                                                          # reqs      # fails |    Avg     Min     Max    Med |   req/s  failures/s
--------|----------------------------------------------------------------------------|-------|-------------|-------|-------|-------|-------|--------|-----------
POST     /api/book                                                                       2659     0(0.00%) |   1266      92    7083    490 |   13.40        0.00
GET      /api/concerts                                                                    551     0(0.00%) |     36       2     835      5 |    2.80        0.00
GET      /health                                                                          269     0(0.00%) |     45       2    1794      4 |    1.10        0.00
--------|----------------------------------------------------------------------------|-------|-------------|-------|-------|-------|-------|--------|-----------
         Aggregated                                                                      3479     0(0.00%) |    977       2    7083    300 |   17.30        0.00

Type     Name                                                                          # reqs      # fails |    Avg     Min     Max    Med |   req/s  failures/s
--------|----------------------------------------------------------------------------|-------|-------------|-------|-------|-------|-------|--------|-----------
POST     /api/book                                                                       2687     0(0.00%) |   1258      92    7083    480 |   12.80        0.00
GET      /api/concerts                                                                    557     0(0.00%) |     36       2     835      5 |    2.80        0.00
GET      /health                                                                          271     0(0.00%) |     44       2    1794      4 |    1.30        0.00
--------|----------------------------------------------------------------------------|-------|-------------|-------|-------|-------|-------|--------|-----------
         Aggregated                                                                      3515     0(0.00%) |    971       2    7083    300 |   16.90        0.00

Type     Name                                                                          # reqs      # fails |    Avg     Min     Max    Med |   req/s  failures/s
--------|----------------------------------------------------------------------------|-------|-------------|-------|-------|-------|-------|--------|-----------
POST     /api/book                                                                       2715     0(0.00%) |   1248      92    7083    480 |   12.60        0.00
GET      /api/concerts                                                                    561     0(0.00%) |     35       2     835      5 |    3.10        0.00
GET      /health                                                                          273     0(0.00%) |     44       2    1794      4 |    1.40        0.00
--------|----------------------------------------------------------------------------|-------|-------------|-------|-------|-------|-------|--------|-----------
         Aggregated                                                                      3549     0(0.00%) |    964       2    7083    290 |   17.10        0.00

Type     Name                                                                          # reqs      # fails |    Avg     Min     Max    Med |   req/s  failures/s
--------|----------------------------------------------------------------------------|-------|-------------|-------|-------|-------|-------|--------|-----------
POST     /api/book                                                                       2746     0(0.00%) |   1239      92    7083    480 |   13.10        0.00
GET      /api/concerts                                                                    563     0(0.00%) |     35       2     835      5 |    3.00        0.00
GET      /health                                                                          279     0(0.00%) |     44       2    1794      4 |    1.40        0.00
--------|----------------------------------------------------------------------------|-------|-------------|-------|-------|-------|-------|--------|-----------
         Aggregated                                                                      3588     0(0.00%) |    957       2    7083    290 |   17.50        0.00

Type     Name                                                                          # reqs      # fails |    Avg     Min     Max    Med |   req/s  failures/s
--------|----------------------------------------------------------------------------|-------|-------------|-------|-------|-------|-------|--------|-----------
POST     /api/book                                                                       2773     0(0.00%) |   1230      92    7083    470 |   13.40        0.00
GET      /api/concerts                                                                    569     0(0.00%) |     35       2     835      5 |    2.30        0.00
GET      /health                                                                          281     0(0.00%) |     43       2    1794      4 |    1.50        0.00
--------|----------------------------------------------------------------------------|-------|-------------|-------|-------|-------|-------|--------|-----------
         Aggregated                                                                      3623     0(0.00%) |    951       2    7083    290 |   17.20        0.00

Type     Name                                                                          # reqs      # fails |    Avg     Min     Max    Med |   req/s  failures/s
--------|----------------------------------------------------------------------------|-------|-------------|-------|-------|-------|-------|--------|-----------
POST     /api/book                                                                       2800     0(0.00%) |   1222      92    7083    460 |   13.50        0.00
GET      /api/concerts                                                                    575     0(0.00%) |     35       2     835      5 |    2.40        0.00
GET      /health                                                                          282     0(0.00%) |     43       2    1794      4 |    1.70        0.00
--------|----------------------------------------------------------------------------|-------|-------------|-------|-------|-------|-------|--------|-----------
         Aggregated                                                                      3657     0(0.00%) |    944       2    7083    290 |   17.60        0.00

Type     Name                                                                          # reqs      # fails |    Avg     Min     Max    Med |   req/s  failures/s
--------|----------------------------------------------------------------------------|-------|-------------|-------|-------|-------|-------|--------|-----------
POST     /api/book                                                                       2823     0(0.00%) |   1214      92    7083    450 |   14.00        0.00
GET      /api/concerts                                                                    579     0(0.00%) |     35       2     835      5 |    2.20        0.00
GET      /health                                                                          286     0(0.00%) |     43       2    1794      4 |    1.40        0.00
--------|----------------------------------------------------------------------------|-------|-------------|-------|-------|-------|-------|--------|-----------
         Aggregated                                                                      3688     0(0.00%) |    938       2    7083    290 |   17.60        0.00

Type     Name                                                                          # reqs      # fails |    Avg     Min     Max    Med |   req/s  failures/s
--------|----------------------------------------------------------------------------|-------|-------------|-------|-------|-------|-------|--------|-----------
POST     /api/book                                                                       2839     0(0.00%) |   1209      92    7083    450 |   14.10        0.00
GET      /api/concerts                                                                    585     0(0.00%) |     35       2     835      5 |    2.30        0.00
GET      /health                                                                          288     0(0.00%) |     42       2    1794      4 |    1.50        0.00
--------|----------------------------------------------------------------------------|-------|-------------|-------|-------|-------|-------|--------|-----------
         Aggregated                                                                      3712     0(0.00%) |    934       2    7083    280 |   17.90        0.00

Type     Name                                                                          # reqs      # fails |    Avg     Min     Max    Med |   req/s  failures/s
--------|----------------------------------------------------------------------------|-------|-------------|-------|-------|-------|-------|--------|-----------
POST     /api/book                                                                       2872     0(0.00%) |   1211      92    7083    460 |   12.90        0.00
GET      /api/concerts                                                                    587     0(0.00%) |     35       2     835      5 |    2.40        0.00
GET      /health                                                                          293     0(0.00%) |     42       2    1794      4 |    1.50        0.00
--------|----------------------------------------------------------------------------|-------|-------------|-------|-------|-------|-------|--------|-----------
         Aggregated                                                                      3752     0(0.00%) |    936       2    7083    290 |   16.80        0.00

Type     Name                                                                          # reqs      # fails |    Avg     Min     Max    Med |   req/s  failures/s
--------|----------------------------------------------------------------------------|-------|-------------|-------|-------|-------|-------|--------|-----------
POST     /api/book                                                                       2894     0(0.00%) |   1204      92    7083    450 |   11.80        0.00
GET      /api/concerts                                                                    596     0(0.00%) |     34       2     835      4 |    2.50        0.00
GET      /health                                                                          295     0(0.00%) |     42       2    1794      4 |    1.70        0.00
--------|----------------------------------------------------------------------------|-------|-------------|-------|-------|-------|-------|--------|-----------
         Aggregated                                                                      3785     0(0.00%) |    929       2    7083    280 |   16.00        0.00

Type     Name                                                                          # reqs      # fails |    Avg     Min     Max    Med |   req/s  failures/s
--------|----------------------------------------------------------------------------|-------|-------------|-------|-------|-------|-------|--------|-----------
POST     /api/book                                                                       2923     0(0.00%) |   1195      92    7083    450 |   11.90        0.00
GET      /api/concerts                                                                    599     0(0.00%) |     34       2     835      4 |    2.50        0.00
GET      /health                                                                          298     0(0.00%) |     41       2    1794      4 |    1.30        0.00
--------|----------------------------------------------------------------------------|-------|-------------|-------|-------|-------|-------|--------|-----------
         Aggregated                                                                      3820     0(0.00%) |    923       2    7083    280 |   15.70        0.00

Type     Name                                                                          # reqs      # fails |    Avg     Min     Max    Med |   req/s  failures/s
--------|----------------------------------------------------------------------------|-------|-------------|-------|-------|-------|-------|--------|-----------
POST     /api/book                                                                       2945     0(0.00%) |   1188      92    7083    450 |   12.10        0.00
GET      /api/concerts                                                                    611     0(0.00%) |     34       2     835      4 |    2.60        0.00
GET      /health                                                                          304     0(0.00%) |     41       2    1794      4 |    1.60        0.00
--------|----------------------------------------------------------------------------|-------|-------------|-------|-------|-------|-------|--------|-----------
         Aggregated                                                                      3860     0(0.00%) |    915       2    7083    280 |   16.30        0.00

Type     Name                                                                          # reqs      # fails |    Avg     Min     Max    Med |   req/s  failures/s
--------|----------------------------------------------------------------------------|-------|-------------|-------|-------|-------|-------|--------|-----------
POST     /api/book                                                                       2974     0(0.00%) |   1180      92    7083    440 |   12.10        0.00
GET      /api/concerts                                                                    620     0(0.00%) |     33       2     835      4 |    2.70        0.00
GET      /health                                                                          306     0(0.00%) |     40       2    1794      4 |    1.70        0.00
--------|----------------------------------------------------------------------------|-------|-------------|-------|-------|-------|-------|--------|-----------
         Aggregated                                                                      3900     0(0.00%) |    908       2    7083    280 |   16.50        0.00

Type     Name                                                                          # reqs      # fails |    Avg     Min     Max    Med |   req/s  failures/s
--------|----------------------------------------------------------------------------|-------|-------------|-------|-------|-------|-------|--------|-----------
POST     /api/book                                                                       3000     0(0.00%) |   1173      92    7083    440 |   13.30        0.00
GET      /api/concerts                                                                    621     0(0.00%) |     33       2     835      4 |    3.30        0.00
GET      /health                                                                          309     0(0.00%) |     40       2    1794      4 |    1.70        0.00
--------|----------------------------------------------------------------------------|-------|-------------|-------|-------|-------|-------|--------|-----------
         Aggregated                                                                      3930     0(0.00%) |    904       2    7083    280 |   18.30        0.00

Type     Name                                                                          # reqs      # fails |    Avg     Min     Max    Med |   req/s  failures/s
--------|----------------------------------------------------------------------------|-------|-------------|-------|-------|-------|-------|--------|-----------
POST     /api/book                                                                       3031     0(0.00%) |   1164      92    7083    430 |   13.50        0.00
GET      /api/concerts                                                                    627     0(0.00%) |     33       2     835      4 |    3.30        0.00
GET      /health                                                                          311     0(0.00%) |     40       2    1794      4 |    1.60        0.00
--------|----------------------------------------------------------------------------|-------|-------------|-------|-------|-------|-------|--------|-----------
         Aggregated                                                                      3969     0(0.00%) |    897       2    7083    280 |   18.40        0.00

Type     Name                                                                          # reqs      # fails |    Avg     Min     Max    Med |   req/s  failures/s
--------|----------------------------------------------------------------------------|-------|-------------|-------|-------|-------|-------|--------|-----------
POST     /api/book                                                                       3061     0(0.00%) |   1155      92    7083    420 |   13.80        0.00
GET      /api/concerts                                                                    632     0(0.00%) |     33       2     835      4 |    3.10        0.00
GET      /health                                                                          315     0(0.00%) |     39       2    1794      4 |    1.60        0.00
--------|----------------------------------------------------------------------------|-------|-------------|-------|-------|-------|-------|--------|-----------
         Aggregated                                                                      4008     0(0.00%) |    890       2    7083    270 |   18.50        0.00

Type     Name                                                                          # reqs      # fails |    Avg     Min     Max    Med |   req/s  failures/s
--------|----------------------------------------------------------------------------|-------|-------------|-------|-------|-------|-------|--------|-----------
POST     /api/book                                                                       3090     0(0.00%) |   1147      92    7083    420 |   13.90        0.00
GET      /api/concerts                                                                    638     0(0.00%) |     33       2     835      4 |    3.10        0.00
GET      /health                                                                          317     0(0.00%) |     39       2    1794      4 |    1.70        0.00
--------|----------------------------------------------------------------------------|-------|-------------|-------|-------|-------|-------|--------|-----------
         Aggregated                                                                      4045     0(0.00%) |    885       2    7083    270 |   18.70        0.00

Type     Name                                                                          # reqs      # fails |    Avg     Min     Max    Med |   req/s  failures/s
--------|----------------------------------------------------------------------------|-------|-------------|-------|-------|-------|-------|--------|-----------
POST     /api/book                                                                       3114     0(0.00%) |   1141      92    7083    420 |   14.10        0.00
GET      /api/concerts                                                                    648     0(0.00%) |     32       2     835      4 |    3.20        0.00
GET      /health                                                                          318     0(0.00%) |     39       2    1794      4 |    1.30        0.00
--------|----------------------------------------------------------------------------|-------|-------------|-------|-------|-------|-------|--------|-----------
         Aggregated                                                                      4080     0(0.00%) |    879       2    7083    270 |   18.60        0.00

Type     Name                                                                          # reqs      # fails |    Avg     Min     Max    Med |   req/s  failures/s
--------|----------------------------------------------------------------------------|-------|-------------|-------|-------|-------|-------|--------|-----------
POST     /api/book                                                                       3142     0(0.00%) |   1134      92    7083    410 |   14.00        0.00
GET      /api/concerts                                                                    651     0(0.00%) |     32       2     835      4 |    2.90        0.00
GET      /health                                                                          324     0(0.00%) |     39       2    1794      4 |    1.20        0.00
--------|----------------------------------------------------------------------------|-------|-------------|-------|-------|-------|-------|--------|-----------
         Aggregated                                                                      4117     0(0.00%) |    874       2    7083    270 |   18.10        0.00

Type     Name                                                                          # reqs      # fails |    Avg     Min     Max    Med |   req/s  failures/s
--------|----------------------------------------------------------------------------|-------|-------------|-------|-------|-------|-------|--------|-----------
POST     /api/book                                                                       3170     0(0.00%) |   1127      92    7083    410 |   14.00        0.00
GET      /api/concerts                                                                    654     0(0.00%) |     32       2     835      4 |    3.10        0.00
GET      /health                                                                          326     0(0.00%) |     38       2    1794      4 |    1.30        0.00
--------|----------------------------------------------------------------------------|-------|-------------|-------|-------|-------|-------|--------|-----------
         Aggregated                                                                      4150     0(0.00%) |    869       2    7083    270 |   18.40        0.00

Type     Name                                                                          # reqs      # fails |    Avg     Min     Max    Med |   req/s  failures/s
--------|----------------------------------------------------------------------------|-------|-------------|-------|-------|-------|-------|--------|-----------
POST     /api/book                                                                       3199     0(0.00%) |   1119      92    7083    410 |   13.90        0.00
GET      /api/concerts                                                                    661     0(0.00%) |     32       2     835      4 |    2.80        0.00
GET      /health                                                                          328     0(0.00%) |     38       2    1794      4 |    1.60        0.00
--------|----------------------------------------------------------------------------|-------|-------------|-------|-------|-------|-------|--------|-----------
         Aggregated                                                                      4188     0(0.00%) |    863       2    7083    270 |   18.30        0.00

Type     Name                                                                          # reqs      # fails |    Avg     Min     Max    Med |   req/s  failures/s
--------|----------------------------------------------------------------------------|-------|-------------|-------|-------|-------|-------|--------|-----------
POST     /api/book                                                                       3225     0(0.00%) |   1112      92    7083    400 |   13.90        0.00
GET      /api/concerts                                                                    670     0(0.00%) |     32       2     835      4 |    3.00        0.00
GET      /health                                                                          331     0(0.00%) |     38       2    1794      4 |    1.10        0.00
--------|----------------------------------------------------------------------------|-------|-------------|-------|-------|-------|-------|--------|-----------
         Aggregated                                                                      4226     0(0.00%) |    857       2    7083    270 |   18.00        0.00

Type     Name                                                                          # reqs      # fails |    Avg     Min     Max    Med |   req/s  failures/s
--------|----------------------------------------------------------------------------|-------|-------------|-------|-------|-------|-------|--------|-----------
POST     /api/book                                                                       3250     0(0.00%) |   1106      92    7083    400 |   13.70        0.00
GET      /api/concerts                                                                    673     0(0.00%) |     31       2     835      4 |    2.90        0.00
GET      /health                                                                          335     0(0.00%) |     38       2    1794      4 |    1.50        0.00
--------|----------------------------------------------------------------------------|-------|-------------|-------|-------|-------|-------|--------|-----------
         Aggregated                                                                      4258     0(0.00%) |    852       2    7083    260 |   18.10        0.00

Type     Name                                                                          # reqs      # fails |    Avg     Min     Max    Med |   req/s  failures/s
--------|----------------------------------------------------------------------------|-------|-------------|-------|-------|-------|-------|--------|-----------
POST     /api/book                                                                       3280     0(0.00%) |   1100      92    7083    400 |   13.20        0.00
GET      /api/concerts                                                                    678     0(0.00%) |     31       2     835      4 |    2.60        0.00
GET      /health                                                                          337     0(0.00%) |     37       2    1794      4 |    1.70        0.00
--------|----------------------------------------------------------------------------|-------|-------------|-------|-------|-------|-------|--------|-----------
         Aggregated                                                                      4295     0(0.00%) |    848       2    7083    270 |   17.50        0.00

Type     Name                                                                          # reqs      # fails |    Avg     Min     Max    Med |   req/s  failures/s
--------|----------------------------------------------------------------------------|-------|-------------|-------|-------|-------|-------|--------|-----------
POST     /api/book                                                                       3311     0(0.00%) |   1092      92    7083    400 |   13.90        0.00
GET      /api/concerts                                                                    685     0(0.00%) |     31       2     835      4 |    2.70        0.00
GET      /health                                                                          339     0(0.00%) |     37       2    1794      4 |    1.50        0.00
--------|----------------------------------------------------------------------------|-------|-------------|-------|-------|-------|-------|--------|-----------
         Aggregated                                                                      4335     0(0.00%) |    842       2    7083    260 |   18.10        0.00

Type     Name                                                                          # reqs      # fails |    Avg     Min     Max    Med |   req/s  failures/s
--------|----------------------------------------------------------------------------|-------|-------------|-------|-------|-------|-------|--------|-----------
POST     /api/book                                                                       3336     0(0.00%) |   1086      92    7083    400 |   13.80        0.00
GET      /api/concerts                                                                    692     0(0.00%) |     31       2     835      4 |    3.20        0.00
GET      /health                                                                          342     0(0.00%) |     37       2    1794      3 |    1.30        0.00
--------|----------------------------------------------------------------------------|-------|-------------|-------|-------|-------|-------|--------|-----------
         Aggregated                                                                      4370     0(0.00%) |    837       2    7083    260 |   18.30        0.00

Type     Name                                                                          # reqs      # fails |    Avg     Min     Max    Med |   req/s  failures/s
--------|----------------------------------------------------------------------------|-------|-------------|-------|-------|-------|-------|--------|-----------
POST     /api/book                                                                       3361     0(0.00%) |   1080      92    7083    390 |   13.60        0.00
GET      /api/concerts                                                                    698     0(0.00%) |     31       2     835      4 |    2.80        0.00
GET      /health                                                                          344     0(0.00%) |     37       2    1794      3 |    1.50        0.00
--------|----------------------------------------------------------------------------|-------|-------------|-------|-------|-------|-------|--------|-----------
         Aggregated                                                                      4403     0(0.00%) |    832       2    7083    260 |   17.90        0.00

Type     Name                                                                          # reqs      # fails |    Avg     Min     Max    Med |   req/s  failures/s
--------|----------------------------------------------------------------------------|-------|-------------|-------|-------|-------|-------|--------|-----------
POST     /api/book                                                                       3391     0(0.00%) |   1073      92    7083    390 |   13.90        0.00
GET      /api/concerts                                                                    704     0(0.00%) |     31       2     835      4 |    2.90        0.00
GET      /health                                                                          348     0(0.00%) |     37       2    1794      3 |    1.30        0.00
--------|----------------------------------------------------------------------------|-------|-------------|-------|-------|-------|-------|--------|-----------
         Aggregated                                                                      4443     0(0.00%) |    827       2    7083    260 |   18.10        0.00

Type     Name                                                                          # reqs      # fails |    Avg     Min     Max    Med |   req/s  failures/s
--------|----------------------------------------------------------------------------|-------|-------------|-------|-------|-------|-------|--------|-----------
POST     /api/book                                                                       3411     0(0.00%) |   1068      92    7083    390 |   14.00        0.00
GET      /api/concerts                                                                    714     0(0.00%) |     30       2     835      4 |    3.00        0.00
GET      /health                                                                          350     0(0.00%) |     36       2    1794      3 |    1.30        0.00
--------|----------------------------------------------------------------------------|-------|-------------|-------|-------|-------|-------|--------|-----------
         Aggregated                                                                      4475     0(0.00%) |    822       2    7083    260 |   18.30        0.00

Type     Name                                                                          # reqs      # fails |    Avg     Min     Max    Med |   req/s  failures/s
--------|----------------------------------------------------------------------------|-------|-------------|-------|-------|-------|-------|--------|-----------
POST     /api/book                                                                       3439     0(0.00%) |   1062      92    7083    390 |   13.60        0.00
GET      /api/concerts                                                                    720     0(0.00%) |     30       2     835      4 |    3.50        0.00
GET      /health                                                                          352     0(0.00%) |     36       2    1794      3 |    1.20        0.00
--------|----------------------------------------------------------------------------|-------|-------------|-------|-------|-------|-------|--------|-----------
         Aggregated                                                                      4511     0(0.00%) |    818       2    7083    260 |   18.30        0.00

Type     Name                                                                          # reqs      # fails |    Avg     Min     Max    Med |   req/s  failures/s
--------|----------------------------------------------------------------------------|-------|-------------|-------|-------|-------|-------|--------|-----------
POST     /api/book                                                                       3467     0(0.00%) |   1056      92    7083    380 |   13.30        0.00
GET      /api/concerts                                                                    726     0(0.00%) |     30       2     835      4 |    3.50        0.00
GET      /health                                                                          355     0(0.00%) |     36       2    1794      3 |    1.30        0.00
--------|----------------------------------------------------------------------------|-------|-------------|-------|-------|-------|-------|--------|-----------
         Aggregated                                                                      4548     0(0.00%) |    813       2    7083    250 |   18.10        0.00

Type     Name                                                                          # reqs      # fails |    Avg     Min     Max    Med |   req/s  failures/s
--------|----------------------------------------------------------------------------|-------|-------------|-------|-------|-------|-------|--------|-----------
POST     /api/book                                                                       3493     0(0.00%) |   1051      92    7083    380 |   13.30        0.00
GET      /api/concerts                                                                    733     0(0.00%) |     30       2     835      4 |    3.50        0.00
GET      /health                                                                          359     0(0.00%) |     36       2    1794      3 |    1.30        0.00
--------|----------------------------------------------------------------------------|-------|-------------|-------|-------|-------|-------|--------|-----------
         Aggregated                                                                      4585     0(0.00%) |    808       2    7083    250 |   18.10        0.00

Type     Name                                                                          # reqs      # fails |    Avg     Min     Max    Med |   req/s  failures/s
--------|----------------------------------------------------------------------------|-------|-------------|-------|-------|-------|-------|--------|-----------
POST     /api/book                                                                       3523     0(0.00%) |   1045      92    7083    380 |   13.00        0.00
GET      /api/concerts                                                                    736     0(0.00%) |     30       2     835      4 |    3.70        0.00
GET      /health                                                                          360     0(0.00%) |     35       2    1794      3 |    1.40        0.00
--------|----------------------------------------------------------------------------|-------|-------------|-------|-------|-------|-------|--------|-----------
         Aggregated                                                                      4619     0(0.00%) |    804       2    7083    250 |   18.10        0.00

Type     Name                                                                          # reqs      # fails |    Avg     Min     Max    Med |   req/s  failures/s
--------|----------------------------------------------------------------------------|-------|-------------|-------|-------|-------|-------|--------|-----------
POST     /api/book                                                                       3554     0(0.00%) |   1039      92    7083    380 |   13.10        0.00
GET      /api/concerts                                                                    740     0(0.00%) |     30       2     835      4 |    3.20        0.00
GET      /health                                                                          361     0(0.00%) |     35       2    1794      3 |    1.20        0.00
--------|----------------------------------------------------------------------------|-------|-------------|-------|-------|-------|-------|--------|-----------
         Aggregated                                                                      4655     0(0.00%) |    801       2    7083    250 |   17.50        0.00

Type     Name                                                                          # reqs      # fails |    Avg     Min     Max    Med |   req/s  failures/s
--------|----------------------------------------------------------------------------|-------|-------------|-------|-------|-------|-------|--------|-----------
POST     /api/book                                                                       3581     0(0.00%) |   1034      92    7083    380 |   13.60        0.00
GET      /api/concerts                                                                    745     0(0.00%) |     30       2     835      4 |    2.60        0.00
GET      /health                                                                          364     0(0.00%) |     35       2    1794      3 |    1.20        0.00
--------|----------------------------------------------------------------------------|-------|-------------|-------|-------|-------|-------|--------|-----------
         Aggregated                                                                      4690     0(0.00%) |    797       2    7083    250 |   17.40        0.00

Type     Name                                                                          # reqs      # fails |    Avg     Min     Max    Med |   req/s  failures/s
--------|----------------------------------------------------------------------------|-------|-------------|-------|-------|-------|-------|--------|-----------
POST     /api/book                                                                       3612     0(0.00%) |   1029      92    7083    380 |   14.20        0.00
GET      /api/concerts                                                                    748     0(0.00%) |     30       2     835      4 |    2.40        0.00
GET      /health                                                                          369     0(0.00%) |     35       2    1794      3 |    1.20        0.00
--------|----------------------------------------------------------------------------|-------|-------------|-------|-------|-------|-------|--------|-----------
         Aggregated                                                                      4729     0(0.00%) |    793       2    7083    250 |   17.80        0.00

Type     Name                                                                          # reqs      # fails |    Avg     Min     Max    Med |   req/s  failures/s
--------|----------------------------------------------------------------------------|-------|-------------|-------|-------|-------|-------|--------|-----------
POST     /api/book                                                                       3635     0(0.00%) |   1024      92    7083    380 |   14.20        0.00
GET      /api/concerts                                                                    755     0(0.00%) |     30       2     835      4 |    2.40        0.00
GET      /health                                                                          371     0(0.00%) |     35       2    1794      3 |    1.40        0.00
--------|----------------------------------------------------------------------------|-------|-------------|-------|-------|-------|-------|--------|-----------
         Aggregated                                                                      4761     0(0.00%) |    789       2    7083    250 |   18.00        0.00

Type     Name                                                                          # reqs      # fails |    Avg     Min     Max    Med |   req/s  failures/s
--------|----------------------------------------------------------------------------|-------|-------------|-------|-------|-------|-------|--------|-----------
POST     /api/book                                                                       3658     0(0.00%) |   1020      92    7083    380 |   14.40        0.00
GET      /api/concerts                                                                    760     0(0.00%) |     30       2     835      4 |    1.90        0.00
GET      /health                                                                          372     0(0.00%) |     35       2    1794      3 |    1.30        0.00
--------|----------------------------------------------------------------------------|-------|-------------|-------|-------|-------|-------|--------|-----------
         Aggregated                                                                      4790     0(0.00%) |    786       2    7083    250 |   17.60        0.00

Type     Name                                                                          # reqs      # fails |    Avg     Min     Max    Med |   req/s  failures/s
--------|----------------------------------------------------------------------------|-------|-------------|-------|-------|-------|-------|--------|-----------
POST     /api/book                                                                       3689     0(0.00%) |   1018      92    7083    380 |   14.20        0.00
GET      /api/concerts                                                                    764     0(0.00%) |     30       2     835      4 |    2.50        0.00
GET      /health                                                                          377     0(0.00%) |     34       2    1794      3 |    1.30        0.00
--------|----------------------------------------------------------------------------|-------|-------------|-------|-------|-------|-------|--------|-----------
         Aggregated                                                                      4830     0(0.00%) |    785       2    7083    250 |   18.00        0.00

Type     Name                                                                          # reqs      # fails |    Avg     Min     Max    Med |   req/s  failures/s
--------|----------------------------------------------------------------------------|-------|-------------|-------|-------|-------|-------|--------|-----------
POST     /api/book                                                                       3708     0(0.00%) |   1015      92    7083    380 |   14.00        0.00
GET      /api/concerts                                                                    774     0(0.00%) |     29       2     835      4 |    2.40        0.00
GET      /health                                                                          383     0(0.00%) |     34       2    1794      3 |    1.50        0.00
--------|----------------------------------------------------------------------------|-------|-------------|-------|-------|-------|-------|--------|-----------
         Aggregated                                                                      4865     0(0.00%) |    781       2    7083    250 |   17.90        0.00

Type     Name                                                                          # reqs      # fails |    Avg     Min     Max    Med |   req/s  failures/s
--------|----------------------------------------------------------------------------|-------|-------------|-------|-------|-------|-------|--------|-----------
POST     /api/book                                                                       3733     0(0.00%) |   1011      92    7083    380 |   12.80        0.00
GET      /api/concerts                                                                    777     0(0.00%) |     29       2     835      4 |    2.70        0.00
GET      /health                                                                          387     0(0.00%) |     34       2    1794      3 |    1.50        0.00
--------|----------------------------------------------------------------------------|-------|-------------|-------|-------|-------|-------|--------|-----------
         Aggregated                                                                      4897     0(0.00%) |    778       2    7083    250 |   17.00        0.00

Type     Name                                                                          # reqs      # fails |    Avg     Min     Max    Med |   req/s  failures/s
--------|----------------------------------------------------------------------------|-------|-------------|-------|-------|-------|-------|--------|-----------
POST     /api/book                                                                       3759     0(0.00%) |   1005      92    7083    380 |   12.30        0.00
GET      /api/concerts                                                                    786     0(0.00%) |     29       2     835      4 |    2.80        0.00
GET      /health                                                                          388     0(0.00%) |     34       2    1794      3 |    1.90        0.00
--------|----------------------------------------------------------------------------|-------|-------------|-------|-------|-------|-------|--------|-----------
         Aggregated                                                                      4933     0(0.00%) |    773       2    7083    250 |   17.00        0.00

Type     Name                                                                          # reqs      # fails |    Avg     Min     Max    Med |   req/s  failures/s
--------|----------------------------------------------------------------------------|-------|-------------|-------|-------|-------|-------|--------|-----------
POST     /api/book                                                                       3787     0(0.00%) |   1000      92    7083    380 |   12.10        0.00
GET      /api/concerts                                                                    791     0(0.00%) |     29       2     835      4 |    3.20        0.00
GET      /health                                                                          394     0(0.00%) |     33       2    1794      3 |    1.60        0.00
--------|----------------------------------------------------------------------------|-------|-------------|-------|-------|-------|-------|--------|-----------
         Aggregated                                                                      4972     0(0.00%) |    769       2    7083    240 |   16.90        0.00

Type     Name                                                                          # reqs      # fails |    Avg     Min     Max    Med |   req/s  failures/s
--------|----------------------------------------------------------------------------|-------|-------------|-------|-------|-------|-------|--------|-----------
POST     /api/book                                                                       3815     0(0.00%) |    996      92    7083    380 |   12.40        0.00
GET      /api/concerts                                                                    794     0(0.00%) |     29       2     835      4 |    2.90        0.00
GET      /health                                                                          397     0(0.00%) |     33       2    1794      3 |    1.80        0.00
--------|----------------------------------------------------------------------------|-------|-------------|-------|-------|-------|-------|--------|-----------
         Aggregated                                                                      5006     0(0.00%) |    766       2    7083    240 |   17.10        0.00

Type     Name                                                                          # reqs      # fails |    Avg     Min     Max    Med |   req/s  failures/s
--------|----------------------------------------------------------------------------|-------|-------------|-------|-------|-------|-------|--------|-----------
POST     /api/book                                                                       3844     0(0.00%) |    991      92    7083    380 |   12.70        0.00
GET      /api/concerts                                                                    802     0(0.00%) |     29       2     835      4 |    3.00        0.00
GET      /health                                                                          399     0(0.00%) |     33       2    1794      3 |    1.90        0.00
--------|----------------------------------------------------------------------------|-------|-------------|-------|-------|-------|-------|--------|-----------
         Aggregated                                                                      5045     0(0.00%) |    762       2    7083    240 |   17.60        0.00

Type     Name                                                                          # reqs      # fails |    Avg     Min     Max    Med |   req/s  failures/s
--------|----------------------------------------------------------------------------|-------|-------------|-------|-------|-------|-------|--------|-----------
POST     /api/book                                                                       3863     0(0.00%) |    987      92    7083    380 |   13.40        0.00
GET      /api/concerts                                                                    809     0(0.00%) |     29       2     835      4 |    2.90        0.00
GET      /health                                                                          404     0(0.00%) |     33       2    1794      3 |    1.90        0.00
--------|----------------------------------------------------------------------------|-------|-------------|-------|-------|-------|-------|--------|-----------
         Aggregated                                                                      5076     0(0.00%) |    759       2    7083    240 |   18.20        0.00

Type     Name                                                                          # reqs      # fails |    Avg     Min     Max    Med |   req/s  failures/s
--------|----------------------------------------------------------------------------|-------|-------------|-------|-------|-------|-------|--------|-----------
POST     /api/book                                                                       3890     0(0.00%) |    983      92    7083    370 |   12.90        0.00
GET      /api/concerts                                                                    816     0(0.00%) |     28       2     835      4 |    3.00        0.00
GET      /health                                                                          404     0(0.00%) |     33       2    1794      3 |    1.50        0.00
--------|----------------------------------------------------------------------------|-------|-------------|-------|-------|-------|-------|--------|-----------
         Aggregated                                                                      5110     0(0.00%) |    755       2    7083    240 |   17.40        0.00

Type     Name                                                                          # reqs      # fails |    Avg     Min     Max    Med |   req/s  failures/s
--------|----------------------------------------------------------------------------|-------|-------------|-------|-------|-------|-------|--------|-----------
POST     /api/book                                                                       3914     0(0.00%) |    979      92    7083    370 |   13.10        0.00
GET      /api/concerts                                                                    823     0(0.00%) |     28       2     835      4 |    3.10        0.00
GET      /health                                                                          407     0(0.00%) |     33       2    1794      3 |    1.70        0.00
--------|----------------------------------------------------------------------------|-------|-------------|-------|-------|-------|-------|--------|-----------
         Aggregated                                                                      5144     0(0.00%) |    752       2    7083    240 |   17.90        0.00

Type     Name                                                                          # reqs      # fails |    Avg     Min     Max    Med |   req/s  failures/s
--------|----------------------------------------------------------------------------|-------|-------------|-------|-------|-------|-------|--------|-----------
POST     /api/book                                                                       3941     0(0.00%) |    974      92    7083    370 |   12.70        0.00
GET      /api/concerts                                                                    830     0(0.00%) |     28       2     835      4 |    3.40        0.00
GET      /health                                                                          411     0(0.00%) |     32       2    1794      3 |    1.70        0.00
--------|----------------------------------------------------------------------------|-------|-------------|-------|-------|-------|-------|--------|-----------
         Aggregated                                                                      5182     0(0.00%) |    748       2    7083    240 |   17.80        0.00

Type     Name                                                                          # reqs      # fails |    Avg     Min     Max    Med |   req/s  failures/s
--------|----------------------------------------------------------------------------|-------|-------------|-------|-------|-------|-------|--------|-----------
POST     /api/book                                                                       3963     0(0.00%) |    970      92    7083    370 |   12.00        0.00
GET      /api/concerts                                                                    832     0(0.00%) |     28       2     835      4 |    3.60        0.00
GET      /health                                                                          414     0(0.00%) |     32       2    1794      3 |    1.50        0.00
--------|----------------------------------------------------------------------------|-------|-------------|-------|-------|-------|-------|--------|-----------
         Aggregated                                                                      5209     0(0.00%) |    745       2    7083    240 |   17.10        0.00

Type     Name                                                                          # reqs      # fails |    Avg     Min     Max    Med |   req/s  failures/s
--------|----------------------------------------------------------------------------|-------|-------------|-------|-------|-------|-------|--------|-----------
POST     /api/book                                                                       3993     0(0.00%) |    965      92    7083    370 |   12.20        0.00
GET      /api/concerts                                                                    837     0(0.00%) |     28       2     835      4 |    3.10        0.00
GET      /health                                                                          416     0(0.00%) |     32       2    1794      3 |    1.60        0.00
--------|----------------------------------------------------------------------------|-------|-------------|-------|-------|-------|-------|--------|-----------
         Aggregated                                                                      5246     0(0.00%) |    742       2    7083    240 |   16.90        0.00

Type     Name                                                                          # reqs      # fails |    Avg     Min     Max    Med |   req/s  failures/s
--------|----------------------------------------------------------------------------|-------|-------------|-------|-------|-------|-------|--------|-----------
POST     /api/book                                                                       4022     0(0.00%) |    962      92    7083    370 |   13.50        0.00
GET      /api/concerts                                                                    842     0(0.00%) |     28       2     835      4 |    3.10        0.00
GET      /health                                                                          418     0(0.00%) |     32       2    1794      3 |    1.40        0.00
--------|----------------------------------------------------------------------------|-------|-------------|-------|-------|-------|-------|--------|-----------
         Aggregated                                                                      5282     0(0.00%) |    739       2    7083    240 |   18.00        0.00

Type     Name                                                                          # reqs      # fails |    Avg     Min     Max    Med |   req/s  failures/s
--------|----------------------------------------------------------------------------|-------|-------------|-------|-------|-------|-------|--------|-----------
POST     /api/book                                                                       4046     0(0.00%) |    957      92    7083    370 |   12.50        0.00
GET      /api/concerts                                                                    846     0(0.00%) |     28       2     835      4 |    2.60        0.00
GET      /health                                                                          419     0(0.00%) |     32       2    1794      3 |    1.30        0.00
--------|----------------------------------------------------------------------------|-------|-------------|-------|-------|-------|-------|--------|-----------
         Aggregated                                                                      5311     0(0.00%) |    736       2    7083    240 |   16.40        0.00

Type     Name                                                                          # reqs      # fails |    Avg     Min     Max    Med |   req/s  failures/s
--------|----------------------------------------------------------------------------|-------|-------------|-------|-------|-------|-------|--------|-----------
POST     /api/book                                                                       4078     0(0.00%) |    953      92    7083    370 |   13.40        0.00
GET      /api/concerts                                                                    853     0(0.00%) |     27       2     835      4 |    2.40        0.00
GET      /health                                                                          421     0(0.00%) |     32       2    1794      3 |    1.10        0.00
--------|----------------------------------------------------------------------------|-------|-------------|-------|-------|-------|-------|--------|-----------
         Aggregated                                                                      5352     0(0.00%) |    733       2    7083    240 |   16.90        0.00

Type     Name                                                                          # reqs      # fails |    Avg     Min     Max    Med |   req/s  failures/s
--------|----------------------------------------------------------------------------|-------|-------------|-------|-------|-------|-------|--------|-----------
POST     /api/book                                                                       4101     0(0.00%) |    949      92    7083    360 |   14.00        0.00
GET      /api/concerts                                                                    858     0(0.00%) |     27       2     835      4 |    2.00        0.00
GET      /health                                                                          425     0(0.00%) |     31       2    1794      3 |    1.10        0.00
--------|----------------------------------------------------------------------------|-------|-------------|-------|-------|-------|-------|--------|-----------
         Aggregated                                                                      5384     0(0.00%) |    730       2    7083    230 |   17.10        0.00

Type     Name                                                                          # reqs      # fails |    Avg     Min     Max    Med |   req/s  failures/s
--------|----------------------------------------------------------------------------|-------|-------------|-------|-------|-------|-------|--------|-----------
POST     /api/book                                                                       4130     0(0.00%) |    945      92    7083    360 |   13.70        0.00
GET      /api/concerts                                                                    863     0(0.00%) |     27       2     835      4 |    2.70        0.00
GET      /health                                                                          426     0(0.00%) |     31       2    1794      3 |    1.00        0.00
--------|----------------------------------------------------------------------------|-------|-------------|-------|-------|-------|-------|--------|-----------
         Aggregated                                                                      5419     0(0.00%) |    727       2    7083    230 |   17.40        0.00

Type     Name                                                                          # reqs      # fails |    Avg     Min     Max    Med |   req/s  failures/s
--------|----------------------------------------------------------------------------|-------|-------------|-------|-------|-------|-------|--------|-----------
POST     /api/book                                                                       4158     0(0.00%) |    941      92    7083    360 |   13.00        0.00
GET      /api/concerts                                                                    865     0(0.00%) |     27       2     835      4 |    2.60        0.00
GET      /health                                                                          430     0(0.00%) |     31       2    1794      3 |    0.90        0.00
--------|----------------------------------------------------------------------------|-------|-------------|-------|-------|-------|-------|--------|-----------
         Aggregated                                                                      5453     0(0.00%) |    725       2    7083    230 |   16.50        0.00

Type     Name                                                                          # reqs      # fails |    Avg     Min     Max    Med |   req/s  failures/s
--------|----------------------------------------------------------------------------|-------|-------------|-------|-------|-------|-------|--------|-----------
POST     /api/book                                                                       4184     0(0.00%) |    939      92    7083    360 |   14.10        0.00
GET      /api/concerts                                                                    873     0(0.00%) |     27       2     835      3 |    2.30        0.00
GET      /health                                                                          432     0(0.00%) |     31       2    1794      3 |    1.20        0.00
--------|----------------------------------------------------------------------------|-------|-------------|-------|-------|-------|-------|--------|-----------
         Aggregated                                                                      5489     0(0.00%) |    722       2    7083    230 |   17.60        0.00

Type     Name                                                                          # reqs      # fails |    Avg     Min     Max    Med |   req/s  failures/s
--------|----------------------------------------------------------------------------|-------|-------------|-------|-------|-------|-------|--------|-----------
POST     /api/book                                                                       4211     0(0.00%) |    934      92    7083    360 |   13.00        0.00
GET      /api/concerts                                                                    878     0(0.00%) |     27       2     835      3 |    2.50        0.00
GET      /health                                                                          435     0(0.00%) |     31       2    1794      3 |    1.30        0.00
--------|----------------------------------------------------------------------------|-------|-------------|-------|-------|-------|-------|--------|-----------
         Aggregated                                                                      5524     0(0.00%) |    719       2    7083    230 |   16.80        0.00

Type     Name                                                                          # reqs      # fails |    Avg     Min     Max    Med |   req/s  failures/s
--------|----------------------------------------------------------------------------|-------|-------------|-------|-------|-------|-------|--------|-----------
POST     /api/book                                                                       4243     0(0.00%) |    929      92    7083    360 |   13.20        0.00
GET      /api/concerts                                                                    881     0(0.00%) |     27       2     835      3 |    2.70        0.00
GET      /health                                                                          436     0(0.00%) |     31       2    1794      3 |    1.40        0.00
--------|----------------------------------------------------------------------------|-------|-------------|-------|-------|-------|-------|--------|-----------
         Aggregated                                                                      5560     0(0.00%) |    716       2    7083    230 |   17.30        0.00

Type     Name                                                                          # reqs      # fails |    Avg     Min     Max    Med |   req/s  failures/s
--------|----------------------------------------------------------------------------|-------|-------------|-------|-------|-------|-------|--------|-----------
POST     /api/book                                                                       4269     0(0.00%) |    926      92    7083    360 |   13.60        0.00
GET      /api/concerts                                                                    886     0(0.00%) |     27       2     835      3 |    2.20        0.00
GET      /health                                                                          438     0(0.00%) |     31       2    1794      3 |    1.20        0.00
--------|----------------------------------------------------------------------------|-------|-------------|-------|-------|-------|-------|--------|-----------
         Aggregated                                                                      5593     0(0.00%) |    713       2    7083    230 |   17.00        0.00

Type     Name                                                                          # reqs      # fails |    Avg     Min     Max    Med |   req/s  failures/s
--------|----------------------------------------------------------------------------|-------|-------------|-------|-------|-------|-------|--------|-----------
POST     /api/book                                                                       4297     0(0.00%) |    922      92    7083    360 |   13.70        0.00
GET      /api/concerts                                                                    891     0(0.00%) |     27       2     835      3 |    2.20        0.00
GET      /health                                                                          440     0(0.00%) |     30       2    1794      3 |    1.30        0.00
--------|----------------------------------------------------------------------------|-------|-------------|-------|-------|-------|-------|--------|-----------
         Aggregated                                                                      5628     0(0.00%) |    710       2    7083    230 |   17.20        0.00

Type     Name                                                                          # reqs      # fails |    Avg     Min     Max    Med |   req/s  failures/s
--------|----------------------------------------------------------------------------|-------|-------------|-------|-------|-------|-------|--------|-----------
POST     /api/book                                                                       4327     0(0.00%) |    917      92    7083    360 |   14.10        0.00
GET      /api/concerts                                                                    894     0(0.00%) |     27       2     835      3 |    2.60        0.00
GET      /health                                                                          443     0(0.00%) |     30       2    1794      3 |    1.00        0.00
--------|----------------------------------------------------------------------------|-------|-------------|-------|-------|-------|-------|--------|-----------
         Aggregated                                                                      5664     0(0.00%) |    707       2    7083    230 |   17.70        0.00

Type     Name                                                                          # reqs      # fails |    Avg     Min     Max    Med |   req/s  failures/s
--------|----------------------------------------------------------------------------|-------|-------------|-------|-------|-------|-------|--------|-----------
POST     /api/book                                                                       4352     0(0.00%) |    914      92    7083    350 |   14.70        0.00
GET      /api/concerts                                                                    899     0(0.00%) |     27       2     835      3 |    2.20        0.00
GET      /health                                                                          447     0(0.00%) |     30       2    1794      3 |    1.10        0.00
--------|----------------------------------------------------------------------------|-------|-------------|-------|-------|-------|-------|--------|-----------
         Aggregated                                                                      5698     0(0.00%) |    704       2    7083    230 |   18.00        0.00

Type     Name                                                                          # reqs      # fails |    Avg     Min     Max    Med |   req/s  failures/s
--------|----------------------------------------------------------------------------|-------|-------------|-------|-------|-------|-------|--------|-----------
POST     /api/book                                                                       4380     0(0.00%) |    910      92    7083    350 |   14.30        0.00
GET      /api/concerts                                                                    904     0(0.00%) |     27       2     835      3 |    2.10        0.00
GET      /health                                                                          451     0(0.00%) |     30       2    1794      3 |    1.20        0.00
--------|----------------------------------------------------------------------------|-------|-------------|-------|-------|-------|-------|--------|-----------
         Aggregated                                                                      5735     0(0.00%) |    701       2    7083    230 |   17.60        0.00

Type     Name                                                                          # reqs      # fails |    Avg     Min     Max    Med |   req/s  failures/s
--------|----------------------------------------------------------------------------|-------|-------------|-------|-------|-------|-------|--------|-----------
POST     /api/book                                                                       4404     0(0.00%) |    906      92    7083    350 |   14.30        0.00
GET      /api/concerts                                                                    909     0(0.00%) |     26       2     835      3 |    2.20        0.00
GET      /health                                                                          455     0(0.00%) |     30       2    1794      3 |    1.30        0.00
--------|----------------------------------------------------------------------------|-------|-------------|-------|-------|-------|-------|--------|-----------
         Aggregated                                                                      5768     0(0.00%) |    698       2    7083    230 |   17.80        0.00

[2026-05-31 13:13:58,643] ip-172-31-20-158/INFO/locust.runners: Shape test updating to 5 users at 5.00 spawn rate
[2026-05-31 13:13:58,643] ip-172-31-20-158/INFO/locust.runners: Ramping to 5 users at a rate of 5.00 per second
Type     Name                                                                          # reqs      # fails |    Avg     Min     Max    Med |   req/s  failures/s
--------|----------------------------------------------------------------------------|-------|-------------|-------|-------|-------|-------|--------|-----------
POST     /api/book                                                                       4428     0(0.00%) |    903      92    7083    350 |   13.90        0.00
GET      /api/concerts                                                                    918     0(0.00%) |     26       2     835      3 |    2.30        0.00
GET      /health                                                                          455     0(0.00%) |     30       2    1794      3 |    1.70        0.00
--------|----------------------------------------------------------------------------|-------|-------------|-------|-------|-------|-------|--------|-----------
         Aggregated                                                                      5801     0(0.00%) |    696       2    7083    230 |   17.90        0.00

Type     Name                                                                          # reqs      # fails |    Avg     Min     Max    Med |   req/s  failures/s
--------|----------------------------------------------------------------------------|-------|-------------|-------|-------|-------|-------|--------|-----------
POST     /api/book                                                                       4434     0(0.00%) |    902      92    7083    350 |   13.20        0.00
GET      /api/concerts                                                                    922     0(0.00%) |     26       2     835      3 |    2.70        0.00
GET      /health                                                                          458     0(0.00%) |     30       2    1794      3 |    1.60        0.00
--------|----------------------------------------------------------------------------|-------|-------------|-------|-------|-------|-------|--------|-----------
         Aggregated                                                                      5814     0(0.00%) |    694       2    7083    230 |   17.50        0.00

Type     Name                                                                          # reqs      # fails |    Avg     Min     Max    Med |   req/s  failures/s
--------|----------------------------------------------------------------------------|-------|-------------|-------|-------|-------|-------|--------|-----------
POST     /api/book                                                                       4448     0(0.00%) |    902      92    7083    350 |   12.70        0.00
GET      /api/concerts                                                                    923     0(0.00%) |     26       2     835      3 |    3.00        0.00
GET      /health                                                                          458     0(0.00%) |     30       2    1794      3 |    1.50        0.00
--------|----------------------------------------------------------------------------|-------|-------------|-------|-------|-------|-------|--------|-----------
         Aggregated                                                                      5829     0(0.00%) |    695       2    7083    230 |   17.20        0.00

[2026-05-31 13:14:04,686] ip-172-31-20-158/INFO/locust.runners: All users spawned: {"TicketingUser": 5} (5 total users)
Type     Name                                                                          # reqs      # fails |    Avg     Min     Max    Med |   req/s  failures/s
--------|----------------------------------------------------------------------------|-------|-------------|-------|-------|-------|-------|--------|-----------
POST     /api/book                                                                       4451     0(0.00%) |    901      92    7083    350 |   10.20        0.00
GET      /api/concerts                                                                    923     0(0.00%) |     26       2     835      3 |    2.60        0.00
GET      /health                                                                          460     0(0.00%) |     30       2    1794      3 |    1.10        0.00
--------|----------------------------------------------------------------------------|-------|-------------|-------|-------|-------|-------|--------|-----------
         Aggregated                                                                      5834     0(0.00%) |    694       2    7083    230 |   13.90        0.00

Type     Name                                                                          # reqs      # fails |    Avg     Min     Max    Med |   req/s  failures/s
--------|----------------------------------------------------------------------------|-------|-------------|-------|-------|-------|-------|--------|-----------
POST     /api/book                                                                       4453     0(0.00%) |    901      92    7083    350 |    8.80        0.00
GET      /api/concerts                                                                    923     0(0.00%) |     26       2     835      3 |    2.40        0.00
GET      /health                                                                          460     0(0.00%) |     30       2    1794      3 |    1.00        0.00
--------|----------------------------------------------------------------------------|-------|-------------|-------|-------|-------|-------|--------|-----------
         Aggregated                                                                      5836     0(0.00%) |    694       2    7083    230 |   12.20        0.00

Type     Name                                                                          # reqs      # fails |    Avg     Min     Max    Med |   req/s  failures/s
--------|----------------------------------------------------------------------------|-------|-------------|-------|-------|-------|-------|--------|-----------
POST     /api/book                                                                       4458     0(0.00%) |    900      92    7083    350 |    6.70        0.00
GET      /api/concerts                                                                    923     0(0.00%) |     26       2     835      3 |    1.80        0.00
GET      /health                                                                          460     0(0.00%) |     30       2    1794      3 |    0.70        0.00
--------|----------------------------------------------------------------------------|-------|-------------|-------|-------|-------|-------|--------|-----------
         Aggregated                                                                      5841     0(0.00%) |    694       2    7083    230 |    9.20        0.00

Type     Name                                                                          # reqs      # fails |    Avg     Min     Max    Med |   req/s  failures/s
--------|----------------------------------------------------------------------------|-------|-------------|-------|-------|-------|-------|--------|-----------
POST     /api/book                                                                       4462     0(0.00%) |    900      92    7083    350 |    4.50        0.00
GET      /api/concerts                                                                    923     0(0.00%) |     26       2     835      3 |    1.20        0.00
GET      /health                                                                          461     0(0.00%) |     30       2    1794      3 |    0.50        0.00
--------|----------------------------------------------------------------------------|-------|-------------|-------|-------|-------|-------|--------|-----------
         Aggregated                                                                      5846     0(0.00%) |    693       2    7083    230 |    6.20        0.00

Type     Name                                                                          # reqs      # fails |    Avg     Min     Max    Med |   req/s  failures/s
--------|----------------------------------------------------------------------------|-------|-------------|-------|-------|-------|-------|--------|-----------
POST     /api/book                                                                       4466     0(0.00%) |    899      92    7083    350 |    2.90        0.00
GET      /api/concerts                                                                    924     0(0.00%) |     26       2     835      3 |    0.10        0.00
GET      /health                                                                          462     0(0.00%) |     29       2    1794      3 |    0.30        0.00
--------|----------------------------------------------------------------------------|-------|-------------|-------|-------|-------|-------|--------|-----------
         Aggregated                                                                      5852     0(0.00%) |    692       2    7083    230 |    3.30        0.00

Type     Name                                                                          # reqs      # fails |    Avg     Min     Max    Med |   req/s  failures/s
--------|----------------------------------------------------------------------------|-------|-------------|-------|-------|-------|-------|--------|-----------
POST     /api/book                                                                       4471     0(0.00%) |    898      92    7083    350 |    1.70        0.00
GET      /api/concerts                                                                    924     0(0.00%) |     26       2     835      3 |    0.10        0.00
GET      /health                                                                          462     0(0.00%) |     29       2    1794      3 |    0.30        0.00
--------|----------------------------------------------------------------------------|-------|-------------|-------|-------|-------|-------|--------|-----------
         Aggregated                                                                      5857     0(0.00%) |    692       2    7083    230 |    2.10        0.00

Type     Name                                                                          # reqs      # fails |    Avg     Min     Max    Med |   req/s  failures/s
--------|----------------------------------------------------------------------------|-------|-------------|-------|-------|-------|-------|--------|-----------
POST     /api/book                                                                       4474     0(0.00%) |    898      92    7083    350 |    1.90        0.00
GET      /api/concerts                                                                    925     0(0.00%) |     26       2     835      3 |    0.10        0.00
GET      /health                                                                          463     0(0.00%) |     29       2    1794      3 |    0.20        0.00
--------|----------------------------------------------------------------------------|-------|-------------|-------|-------|-------|-------|--------|-----------
         Aggregated                                                                      5862     0(0.00%) |    691       2    7083    220 |    2.20        0.00

Type     Name                                                                          # reqs      # fails |    Avg     Min     Max    Med |   req/s  failures/s
--------|----------------------------------------------------------------------------|-------|-------------|-------|-------|-------|-------|--------|-----------
POST     /api/book                                                                       4476     0(0.00%) |    897      92    7083    350 |    2.00        0.00
GET      /api/concerts                                                                    926     0(0.00%) |     26       2     835      3 |    0.10        0.00
GET      /health                                                                          463     0(0.00%) |     29       2    1794      3 |    0.20        0.00
--------|----------------------------------------------------------------------------|-------|-------------|-------|-------|-------|-------|--------|-----------
         Aggregated                                                                      5865     0(0.00%) |    691       2    7083    220 |    2.30        0.00

Type     Name                                                                          # reqs      # fails |    Avg     Min     Max    Med |   req/s  failures/s
--------|----------------------------------------------------------------------------|-------|-------------|-------|-------|-------|-------|--------|-----------
POST     /api/book                                                                       4480     0(0.00%) |    897      92    7083    350 |    1.70        0.00
GET      /api/concerts                                                                    927     0(0.00%) |     26       2     835      3 |    0.30        0.00
GET      /health                                                                          464     0(0.00%) |     29       2    1794      3 |    0.30        0.00
--------|----------------------------------------------------------------------------|-------|-------------|-------|-------|-------|-------|--------|-----------
         Aggregated                                                                      5871     0(0.00%) |    691       2    7083    220 |    2.30        0.00

Type     Name                                                                          # reqs      # fails |    Avg     Min     Max    Med |   req/s  failures/s
--------|----------------------------------------------------------------------------|-------|-------------|-------|-------|-------|-------|--------|-----------
POST     /api/book                                                                       4482     0(0.00%) |    896      92    7083    350 |    1.60        0.00
GET      /api/concerts                                                                    929     0(0.00%) |     26       2     835      3 |    0.40        0.00
GET      /health                                                                          464     0(0.00%) |     29       2    1794      3 |    0.20        0.00
--------|----------------------------------------------------------------------------|-------|-------------|-------|-------|-------|-------|--------|-----------
         Aggregated                                                                      5875     0(0.00%) |    690       2    7083    220 |    2.20        0.00

Type     Name                                                                          # reqs      # fails |    Avg     Min     Max    Med |   req/s  failures/s
--------|----------------------------------------------------------------------------|-------|-------------|-------|-------|-------|-------|--------|-----------
POST     /api/book                                                                       4486     0(0.00%) |    896      92    7083    350 |    1.60        0.00
GET      /api/concerts                                                                    929     0(0.00%) |     26       2     835      3 |    0.40        0.00
GET      /health                                                                          465     0(0.00%) |     29       2    1794      3 |    0.30        0.00
--------|----------------------------------------------------------------------------|-------|-------------|-------|-------|-------|-------|--------|-----------
         Aggregated                                                                      5880     0(0.00%) |    690       2    7083    220 |    2.30        0.00

Type     Name                                                                          # reqs      # fails |    Avg     Min     Max    Med |   req/s  failures/s
--------|----------------------------------------------------------------------------|-------|-------------|-------|-------|-------|-------|--------|-----------
POST     /api/book                                                                       4489     0(0.00%) |    895      92    7083    350 |    1.60        0.00
GET      /api/concerts                                                                    930     0(0.00%) |     26       2     835      3 |    0.50        0.00
GET      /health                                                                          465     0(0.00%) |     29       2    1794      3 |    0.20        0.00
--------|----------------------------------------------------------------------------|-------|-------------|-------|-------|-------|-------|--------|-----------
         Aggregated                                                                      5884     0(0.00%) |    689       2    7083    220 |    2.30        0.00

Type     Name                                                                          # reqs      # fails |    Avg     Min     Max    Med |   req/s  failures/s
--------|----------------------------------------------------------------------------|-------|-------------|-------|-------|-------|-------|--------|-----------
POST     /api/book                                                                       4494     0(0.00%) |    894      92    7083    340 |    1.60        0.00
GET      /api/concerts                                                                    931     0(0.00%) |     26       2     835      3 |    0.60        0.00
GET      /health                                                                          465     0(0.00%) |     29       2    1794      3 |    0.30        0.00
--------|----------------------------------------------------------------------------|-------|-------------|-------|-------|-------|-------|--------|-----------
         Aggregated                                                                      5890     0(0.00%) |    689       2    7083    220 |    2.50        0.00

Type     Name                                                                          # reqs      # fails |    Avg     Min     Max    Med |   req/s  failures/s
--------|----------------------------------------------------------------------------|-------|-------------|-------|-------|-------|-------|--------|-----------
POST     /api/book                                                                       4498     0(0.00%) |    894      92    7083    340 |    1.70        0.00
GET      /api/concerts                                                                    932     0(0.00%) |     26       2     835      3 |    0.50        0.00
GET      /health                                                                          465     0(0.00%) |     29       2    1794      3 |    0.20        0.00
--------|----------------------------------------------------------------------------|-------|-------------|-------|-------|-------|-------|--------|-----------
         Aggregated                                                                      5895     0(0.00%) |    688       2    7083    220 |    2.40        0.00

Type     Name                                                                          # reqs      # fails |    Avg     Min     Max    Med |   req/s  failures/s
--------|----------------------------------------------------------------------------|-------|-------------|-------|-------|-------|-------|--------|-----------
POST     /api/book                                                                       4501     0(0.00%) |    893      92    7083    340 |    1.90        0.00
GET      /api/concerts                                                                    934     0(0.00%) |     26       2     835      3 |    0.50        0.00
GET      /health                                                                          465     0(0.00%) |     29       2    1794      3 |    0.20        0.00
--------|----------------------------------------------------------------------------|-------|-------------|-------|-------|-------|-------|--------|-----------
         Aggregated                                                                      5900     0(0.00%) |    688       2    7083    220 |    2.60        0.00

Type     Name                                                                          # reqs      # fails |    Avg     Min     Max    Med |   req/s  failures/s
--------|----------------------------------------------------------------------------|-------|-------------|-------|-------|-------|-------|--------|-----------
POST     /api/book                                                                       4504     0(0.00%) |    893      92    7083    340 |    1.80        0.00
GET      /api/concerts                                                                    935     0(0.00%) |     26       2     835      3 |    0.60        0.00
GET      /health                                                                          465     0(0.00%) |     29       2    1794      3 |    0.10        0.00
--------|----------------------------------------------------------------------------|-------|-------------|-------|-------|-------|-------|--------|-----------
         Aggregated                                                                      5904     0(0.00%) |    687       2    7083    220 |    2.50        0.00

Type     Name                                                                          # reqs      # fails |    Avg     Min     Max    Med |   req/s  failures/s
--------|----------------------------------------------------------------------------|-------|-------------|-------|-------|-------|-------|--------|-----------
POST     /api/book                                                                       4505     0(0.00%) |    892      92    7083    340 |    1.90        0.00
GET      /api/concerts                                                                    937     0(0.00%) |     26       2     835      3 |    0.60        0.00
GET      /health                                                                          466     0(0.00%) |     29       2    1794      3 |    0.00        0.00
--------|----------------------------------------------------------------------------|-------|-------------|-------|-------|-------|-------|--------|-----------
         Aggregated                                                                      5908     0(0.00%) |    687       2    7083    220 |    2.50        0.00

Type     Name                                                                          # reqs      # fails |    Avg     Min     Max    Med |   req/s  failures/s
--------|----------------------------------------------------------------------------|-------|-------------|-------|-------|-------|-------|--------|-----------
POST     /api/book                                                                       4507     0(0.00%) |    892      92    7083    340 |    1.80        0.00
GET      /api/concerts                                                                    938     0(0.00%) |     26       2     835      3 |    0.60        0.00
GET      /health                                                                          466     0(0.00%) |     29       2    1794      3 |    0.00        0.00
--------|----------------------------------------------------------------------------|-------|-------------|-------|-------|-------|-------|--------|-----------
         Aggregated                                                                      5911     0(0.00%) |    687       2    7083    220 |    2.40        0.00

Type     Name                                                                          # reqs      # fails |    Avg     Min     Max    Med |   req/s  failures/s
--------|----------------------------------------------------------------------------|-------|-------------|-------|-------|-------|-------|--------|-----------
POST     /api/book                                                                       4512     0(0.00%) |    891      92    7083    340 |    1.50        0.00
GET      /api/concerts                                                                    938     0(0.00%) |     26       2     835      3 |    0.70        0.00
GET      /health                                                                          467     0(0.00%) |     29       2    1794      3 |    0.10        0.00
--------|----------------------------------------------------------------------------|-------|-------------|-------|-------|-------|-------|--------|-----------
         Aggregated                                                                      5917     0(0.00%) |    686       2    7083    220 |    2.30        0.00

Type     Name                                                                          # reqs      # fails |    Avg     Min     Max    Med |   req/s  failures/s
--------|----------------------------------------------------------------------------|-------|-------------|-------|-------|-------|-------|--------|-----------
POST     /api/book                                                                       4515     0(0.00%) |    891      92    7083    340 |    1.40        0.00
GET      /api/concerts                                                                    939     0(0.00%) |     26       2     835      3 |    0.60        0.00
GET      /health                                                                          468     0(0.00%) |     29       2    1794      3 |    0.10        0.00
--------|----------------------------------------------------------------------------|-------|-------------|-------|-------|-------|-------|--------|-----------
         Aggregated                                                                      5922     0(0.00%) |    686       2    7083    220 |    2.10        0.00

Type     Name                                                                          # reqs      # fails |    Avg     Min     Max    Med |   req/s  failures/s
--------|----------------------------------------------------------------------------|-------|-------------|-------|-------|-------|-------|--------|-----------
POST     /api/book                                                                       4519     0(0.00%) |    890      92    7083    340 |    1.40        0.00
GET      /api/concerts                                                                    939     0(0.00%) |     26       2     835      3 |    0.50        0.00
GET      /health                                                                          470     0(0.00%) |     29       2    1794      3 |    0.20        0.00
--------|----------------------------------------------------------------------------|-------|-------------|-------|-------|-------|-------|--------|-----------
         Aggregated                                                                      5928     0(0.00%) |    685       2    7083    220 |    2.10        0.00

Type     Name                                                                          # reqs      # fails |    Avg     Min     Max    Med |   req/s  failures/s
--------|----------------------------------------------------------------------------|-------|-------------|-------|-------|-------|-------|--------|-----------
POST     /api/book                                                                       4522     0(0.00%) |    890      92    7083    340 |    1.30        0.00
GET      /api/concerts                                                                    940     0(0.00%) |     26       2     835      3 |    0.40        0.00
GET      /health                                                                          470     0(0.00%) |     29       2    1794      3 |    0.40        0.00
--------|----------------------------------------------------------------------------|-------|-------------|-------|-------|-------|-------|--------|-----------
         Aggregated                                                                      5932     0(0.00%) |    685       2    7083    220 |    2.10        0.00

Type     Name                                                                          # reqs      # fails |    Avg     Min     Max    Med |   req/s  failures/s
--------|----------------------------------------------------------------------------|-------|-------------|-------|-------|-------|-------|--------|-----------
POST     /api/book                                                                       4526     0(0.00%) |    889      92    7083    340 |    1.60        0.00
GET      /api/concerts                                                                    940     0(0.00%) |     26       2     835      3 |    0.30        0.00
GET      /health                                                                          470     0(0.00%) |     29       2    1794      3 |    0.40        0.00
--------|----------------------------------------------------------------------------|-------|-------------|-------|-------|-------|-------|--------|-----------
         Aggregated                                                                      5936     0(0.00%) |    684       2    7083    220 |    2.30        0.00

Type     Name                                                                          # reqs      # fails |    Avg     Min     Max    Med |   req/s  failures/s
--------|----------------------------------------------------------------------------|-------|-------------|-------|-------|-------|-------|--------|-----------
POST     /api/book                                                                       4529     0(0.00%) |    889      92    7083    340 |    1.60        0.00
GET      /api/concerts                                                                    940     0(0.00%) |     26       2     835      3 |    0.20        0.00
GET      /health                                                                          471     0(0.00%) |     29       2    1794      3 |    0.40        0.00
--------|----------------------------------------------------------------------------|-------|-------------|-------|-------|-------|-------|--------|-----------
         Aggregated                                                                      5940     0(0.00%) |    684       2    7083    220 |    2.20        0.00

Type     Name                                                                          # reqs      # fails |    Avg     Min     Max    Med |   req/s  failures/s
--------|----------------------------------------------------------------------------|-------|-------------|-------|-------|-------|-------|--------|-----------
POST     /api/book                                                                       4532     0(0.00%) |    888      92    7083    340 |    1.80        0.00
GET      /api/concerts                                                                    941     0(0.00%) |     26       2     835      3 |    0.20        0.00
GET      /health                                                                          472     0(0.00%) |     29       2    1794      3 |    0.50        0.00
--------|----------------------------------------------------------------------------|-------|-------------|-------|-------|-------|-------|--------|-----------
         Aggregated                                                                      5945     0(0.00%) |    683       2    7083    220 |    2.50        0.00

Type     Name                                                                          # reqs      # fails |    Avg     Min     Max    Med |   req/s  failures/s
--------|----------------------------------------------------------------------------|-------|-------------|-------|-------|-------|-------|--------|-----------
POST     /api/book                                                                       4536     0(0.00%) |    888      92    7083    340 |    1.80        0.00
GET      /api/concerts                                                                    941     0(0.00%) |     26       2     835      3 |    0.20        0.00
GET      /health                                                                          472     0(0.00%) |     29       2    1794      3 |    0.50        0.00
--------|----------------------------------------------------------------------------|-------|-------------|-------|-------|-------|-------|--------|-----------
         Aggregated                                                                      5949     0(0.00%) |    683       2    7083    220 |    2.50        0.00

Type     Name                                                                          # reqs      # fails |    Avg     Min     Max    Med |   req/s  failures/s
--------|----------------------------------------------------------------------------|-------|-------------|-------|-------|-------|-------|--------|-----------
POST     /api/book                                                                       4539     0(0.00%) |    887      92    7083    340 |    1.80        0.00
GET      /api/concerts                                                                    942     0(0.00%) |     26       2     835      3 |    0.20        0.00
GET      /health                                                                          472     0(0.00%) |     29       2    1794      3 |    0.30        0.00
--------|----------------------------------------------------------------------------|-------|-------------|-------|-------|-------|-------|--------|-----------
         Aggregated                                                                      5953     0(0.00%) |    683       2    7083    220 |    2.30        0.00

Type     Name                                                                          # reqs      # fails |    Avg     Min     Max    Med |   req/s  failures/s
--------|----------------------------------------------------------------------------|-------|-------------|-------|-------|-------|-------|--------|-----------
POST     /api/book                                                                       4544     0(0.00%) |    886      92    7083    340 |    1.70        0.00
GET      /api/concerts                                                                    942     0(0.00%) |     26       2     835      3 |    0.30        0.00
GET      /health                                                                          472     0(0.00%) |     29       2    1794      3 |    0.20        0.00
--------|----------------------------------------------------------------------------|-------|-------------|-------|-------|-------|-------|--------|-----------
         Aggregated                                                                      5958     0(0.00%) |    682       2    7083    220 |    2.20        0.00

Type     Name                                                                          # reqs      # fails |    Avg     Min     Max    Med |   req/s  failures/s
--------|----------------------------------------------------------------------------|-------|-------------|-------|-------|-------|-------|--------|-----------
POST     /api/book                                                                       4547     0(0.00%) |    886      92    7083    340 |    1.70        0.00
GET      /api/concerts                                                                    942     0(0.00%) |     26       2     835      3 |    0.20        0.00
GET      /health                                                                          472     0(0.00%) |     29       2    1794      3 |    0.20        0.00
--------|----------------------------------------------------------------------------|-------|-------------|-------|-------|-------|-------|--------|-----------
         Aggregated                                                                      5961     0(0.00%) |    682       2    7083    220 |    2.10        0.00

Type     Name                                                                          # reqs      # fails |    Avg     Min     Max    Med |   req/s  failures/s
--------|----------------------------------------------------------------------------|-------|-------------|-------|-------|-------|-------|--------|-----------
POST     /api/book                                                                       4550     0(0.00%) |    886      92    7083    340 |    1.60        0.00
GET      /api/concerts                                                                    943     0(0.00%) |     26       2     835      3 |    0.20        0.00
GET      /health                                                                          473     0(0.00%) |     29       2    1794      3 |    0.20        0.00
--------|----------------------------------------------------------------------------|-------|-------------|-------|-------|-------|-------|--------|-----------
         Aggregated                                                                      5966     0(0.00%) |    682       2    7083    220 |    2.00        0.00

Type     Name                                                                          # reqs      # fails |    Avg     Min     Max    Med |   req/s  failures/s
--------|----------------------------------------------------------------------------|-------|-------------|-------|-------|-------|-------|--------|-----------
POST     /api/book                                                                       4554     0(0.00%) |    885      92    7083    340 |    1.90        0.00
GET      /api/concerts                                                                    944     0(0.00%) |     26       2     835      3 |    0.20        0.00
GET      /health                                                                          473     0(0.00%) |     29       2    1794      3 |    0.10        0.00
--------|----------------------------------------------------------------------------|-------|-------------|-------|-------|-------|-------|--------|-----------
         Aggregated                                                                      5971     0(0.00%) |    682       2    7083    220 |    2.20        0.00

Type     Name                                                                          # reqs      # fails |    Avg     Min     Max    Med |   req/s  failures/s
--------|----------------------------------------------------------------------------|-------|-------------|-------|-------|-------|-------|--------|-----------
POST     /api/book                                                                       4557     0(0.00%) |    885      92    7083    340 |    1.70        0.00
GET      /api/concerts                                                                    946     0(0.00%) |     26       2     835      3 |    0.30        0.00
GET      /health                                                                          473     0(0.00%) |     29       2    1794      3 |    0.10        0.00
--------|----------------------------------------------------------------------------|-------|-------------|-------|-------|-------|-------|--------|-----------
         Aggregated                                                                      5976     0(0.00%) |    681       2    7083    220 |    2.10        0.00

Type     Name                                                                          # reqs      # fails |    Avg     Min     Max    Med |   req/s  failures/s
--------|----------------------------------------------------------------------------|-------|-------------|-------|-------|-------|-------|--------|-----------
POST     /api/book                                                                       4561     0(0.00%) |    884      92    7083    340 |    1.80        0.00
GET      /api/concerts                                                                    946     0(0.00%) |     26       2     835      3 |    0.40        0.00
GET      /health                                                                          473     0(0.00%) |     29       2    1794      3 |    0.10        0.00
--------|----------------------------------------------------------------------------|-------|-------------|-------|-------|-------|-------|--------|-----------
         Aggregated                                                                      5980     0(0.00%) |    681       2    7083    220 |    2.30        0.00

Type     Name                                                                          # reqs      # fails |    Avg     Min     Max    Med |   req/s  failures/s
--------|----------------------------------------------------------------------------|-------|-------------|-------|-------|-------|-------|--------|-----------
POST     /api/book                                                                       4565     0(0.00%) |    884      92    7083    340 |    1.80        0.00
GET      /api/concerts                                                                    946     0(0.00%) |     26       2     835      3 |    0.40        0.00
GET      /health                                                                          473     0(0.00%) |     29       2    1794      3 |    0.10        0.00
--------|----------------------------------------------------------------------------|-------|-------------|-------|-------|-------|-------|--------|-----------
         Aggregated                                                                      5984     0(0.00%) |    680       2    7083    220 |    2.30        0.00

Type     Name                                                                          # reqs      # fails |    Avg     Min     Max    Med |   req/s  failures/s
--------|----------------------------------------------------------------------------|-------|-------------|-------|-------|-------|-------|--------|-----------
POST     /api/book                                                                       4570     0(0.00%) |    883      92    7083    340 |    1.80        0.00
GET      /api/concerts                                                                    946     0(0.00%) |     26       2     835      3 |    0.40        0.00
GET      /health                                                                          473     0(0.00%) |     29       2    1794      3 |    0.10        0.00
--------|----------------------------------------------------------------------------|-------|-------------|-------|-------|-------|-------|--------|-----------
         Aggregated                                                                      5989     0(0.00%) |    680       2    7083    220 |    2.30        0.00

Type     Name                                                                          # reqs      # fails |    Avg     Min     Max    Med |   req/s  failures/s
--------|----------------------------------------------------------------------------|-------|-------------|-------|-------|-------|-------|--------|-----------
POST     /api/book                                                                       4573     0(0.00%) |    882      92    7083    340 |    1.80        0.00
GET      /api/concerts                                                                    946     0(0.00%) |     26       2     835      3 |    0.30        0.00
GET      /health                                                                          473     0(0.00%) |     29       2    1794      3 |    0.00        0.00
--------|----------------------------------------------------------------------------|-------|-------------|-------|-------|-------|-------|--------|-----------
         Aggregated                                                                      5992     0(0.00%) |    680       2    7083    220 |    2.10        0.00

Type     Name                                                                          # reqs      # fails |    Avg     Min     Max    Med |   req/s  failures/s
--------|----------------------------------------------------------------------------|-------|-------------|-------|-------|-------|-------|--------|-----------
POST     /api/book                                                                       4576     0(0.00%) |    882      92    7083    340 |    2.00        0.00
GET      /api/concerts                                                                    949     0(0.00%) |     26       2     835      3 |    0.20        0.00
GET      /health                                                                          473     0(0.00%) |     29       2    1794      3 |    0.00        0.00
--------|----------------------------------------------------------------------------|-------|-------------|-------|-------|-------|-------|--------|-----------
         Aggregated                                                                      5998     0(0.00%) |    679       2    7083    220 |    2.20        0.00

Type     Name                                                                          # reqs      # fails |    Avg     Min     Max    Med |   req/s  failures/s
--------|----------------------------------------------------------------------------|-------|-------------|-------|-------|-------|-------|--------|-----------
POST     /api/book                                                                       4582     0(0.00%) |    881      92    7083    340 |    1.70        0.00
GET      /api/concerts                                                                    949     0(0.00%) |     26       2     835      3 |    0.30        0.00
GET      /health                                                                          473     0(0.00%) |     29       2    1794      3 |    0.00        0.00
--------|----------------------------------------------------------------------------|-------|-------------|-------|-------|-------|-------|--------|-----------
         Aggregated                                                                      6004     0(0.00%) |    679       2    7083    220 |    2.00        0.00

Type     Name                                                                          # reqs      # fails |    Avg     Min     Max    Med |   req/s  failures/s
--------|----------------------------------------------------------------------------|-------|-------------|-------|-------|-------|-------|--------|-----------
POST     /api/book                                                                       4583     0(0.00%) |    881      92    7083    340 |    2.00        0.00
GET      /api/concerts                                                                    949     0(0.00%) |     26       2     835      3 |    0.30        0.00
GET      /health                                                                          473     0(0.00%) |     29       2    1794      3 |    0.00        0.00
--------|----------------------------------------------------------------------------|-------|-------------|-------|-------|-------|-------|--------|-----------
         Aggregated                                                                      6005     0(0.00%) |    679       2    7083    220 |    2.30        0.00

Type     Name                                                                          # reqs      # fails |    Avg     Min     Max    Med |   req/s  failures/s
--------|----------------------------------------------------------------------------|-------|-------------|-------|-------|-------|-------|--------|-----------
POST     /api/book                                                                       4589     0(0.00%) |    880      92    7083    340 |    1.80        0.00
GET      /api/concerts                                                                    951     0(0.00%) |     26       2     835      3 |    0.30        0.00
GET      /health                                                                          473     0(0.00%) |     29       2    1794      3 |    0.00        0.00
--------|----------------------------------------------------------------------------|-------|-------------|-------|-------|-------|-------|--------|-----------
         Aggregated                                                                      6013     0(0.00%) |    678       2    7083    220 |    2.10        0.00

Type     Name                                                                          # reqs      # fails |    Avg     Min     Max    Med |   req/s  failures/s
--------|----------------------------------------------------------------------------|-------|-------------|-------|-------|-------|-------|--------|-----------
POST     /api/book                                                                       4592     0(0.00%) |    879      92    7083    340 |    1.90        0.00
GET      /api/concerts                                                                    952     0(0.00%) |     25       2     835      3 |    0.40        0.00
GET      /health                                                                          474     0(0.00%) |     29       2    1794      3 |    0.00        0.00
--------|----------------------------------------------------------------------------|-------|-------------|-------|-------|-------|-------|--------|-----------
         Aggregated                                                                      6018     0(0.00%) |    677       2    7083    220 |    2.30        0.00

Type     Name                                                                          # reqs      # fails |    Avg     Min     Max    Med |   req/s  failures/s
--------|----------------------------------------------------------------------------|-------|-------------|-------|-------|-------|-------|--------|-----------
POST     /api/book                                                                       4594     0(0.00%) |    879      92    7083    340 |    1.80        0.00
GET      /api/concerts                                                                    953     0(0.00%) |     25       2     835      3 |    0.60        0.00
GET      /health                                                                          475     0(0.00%) |     29       2    1794      3 |    0.10        0.00
--------|----------------------------------------------------------------------------|-------|-------------|-------|-------|-------|-------|--------|-----------
         Aggregated                                                                      6022     0(0.00%) |    677       2    7083    220 |    2.50        0.00

Type     Name                                                                          # reqs      # fails |    Avg     Min     Max    Med |   req/s  failures/s
--------|----------------------------------------------------------------------------|-------|-------------|-------|-------|-------|-------|--------|-----------
POST     /api/book                                                                       4598     0(0.00%) |    878      92    7083    340 |    2.00        0.00
GET      /api/concerts                                                                    953     0(0.00%) |     25       2     835      3 |    0.40        0.00
GET      /health                                                                          475     0(0.00%) |     29       2    1794      3 |    0.20        0.00
--------|----------------------------------------------------------------------------|-------|-------------|-------|-------|-------|-------|--------|-----------
         Aggregated                                                                      6026     0(0.00%) |    677       2    7083    220 |    2.60        0.00

Type     Name                                                                          # reqs      # fails |    Avg     Min     Max    Med |   req/s  failures/s
--------|----------------------------------------------------------------------------|-------|-------------|-------|-------|-------|-------|--------|-----------
POST     /api/book                                                                       4604     0(0.00%) |    878      92    7083    340 |    1.70        0.00
GET      /api/concerts                                                                    953     0(0.00%) |     25       2     835      3 |    0.40        0.00
GET      /health                                                                          475     0(0.00%) |     29       2    1794      3 |    0.20        0.00
--------|----------------------------------------------------------------------------|-------|-------------|-------|-------|-------|-------|--------|-----------
         Aggregated                                                                      6032     0(0.00%) |    676       2    7083    220 |    2.30        0.00

Type     Name                                                                          # reqs      # fails |    Avg     Min     Max    Med |   req/s  failures/s
--------|----------------------------------------------------------------------------|-------|-------------|-------|-------|-------|-------|--------|-----------
POST     /api/book                                                                       4607     0(0.00%) |    877      92    7083    340 |    2.00        0.00
GET      /api/concerts                                                                    954     0(0.00%) |     25       2     835      3 |    0.40        0.00
GET      /health                                                                          476     0(0.00%) |     29       2    1794      3 |    0.20        0.00
--------|----------------------------------------------------------------------------|-------|-------------|-------|-------|-------|-------|--------|-----------
         Aggregated                                                                      6037     0(0.00%) |    676       2    7083    220 |    2.60        0.00

Type     Name                                                                          # reqs      # fails |    Avg     Min     Max    Med |   req/s  failures/s
--------|----------------------------------------------------------------------------|-------|-------------|-------|-------|-------|-------|--------|-----------
POST     /api/book                                                                       4610     0(0.00%) |    877      92    7083    340 |    1.80        0.00
GET      /api/concerts                                                                    955     0(0.00%) |     25       2     835      3 |    0.40        0.00
GET      /health                                                                          477     0(0.00%) |     29       2    1794      3 |    0.30        0.00
--------|----------------------------------------------------------------------------|-------|-------------|-------|-------|-------|-------|--------|-----------
         Aggregated                                                                      6042     0(0.00%) |    675       2    7083    210 |    2.50        0.00

Type     Name                                                                          # reqs      # fails |    Avg     Min     Max    Med |   req/s  failures/s
--------|----------------------------------------------------------------------------|-------|-------------|-------|-------|-------|-------|--------|-----------
POST     /api/book                                                                       4614     0(0.00%) |    876      92    7083    330 |    1.80        0.00
GET      /api/concerts                                                                    955     0(0.00%) |     25       2     835      3 |    0.30        0.00
GET      /health                                                                          477     0(0.00%) |     29       2    1794      3 |    0.20        0.00
--------|----------------------------------------------------------------------------|-------|-------------|-------|-------|-------|-------|--------|-----------
         Aggregated                                                                      6046     0(0.00%) |    675       2    7083    210 |    2.30        0.00

Type     Name                                                                          # reqs      # fails |    Avg     Min     Max    Med |   req/s  failures/s
--------|----------------------------------------------------------------------------|-------|-------------|-------|-------|-------|-------|--------|-----------
POST     /api/book                                                                       4616     0(0.00%) |    876      92    7083    330 |    1.80        0.00
GET      /api/concerts                                                                    955     0(0.00%) |     25       2     835      3 |    0.30        0.00
GET      /health                                                                          477     0(0.00%) |     29       2    1794      3 |    0.30        0.00
--------|----------------------------------------------------------------------------|-------|-------------|-------|-------|-------|-------|--------|-----------
         Aggregated                                                                      6048     0(0.00%) |    675       2    7083    210 |    2.40        0.00

Type     Name                                                                          # reqs      # fails |    Avg     Min     Max    Med |   req/s  failures/s
--------|----------------------------------------------------------------------------|-------|-------------|-------|-------|-------|-------|--------|-----------
POST     /api/book                                                                       4620     0(0.00%) |    875      92    7083    330 |    1.90        0.00
GET      /api/concerts                                                                    956     0(0.00%) |     25       2     835      3 |    0.20        0.00
GET      /health                                                                          478     0(0.00%) |     29       2    1794      3 |    0.20        0.00
--------|----------------------------------------------------------------------------|-------|-------------|-------|-------|-------|-------|--------|-----------
         Aggregated                                                                      6054     0(0.00%) |    674       2    7083    210 |    2.30        0.00

Type     Name                                                                          # reqs      # fails |    Avg     Min     Max    Med |   req/s  failures/s
--------|----------------------------------------------------------------------------|-------|-------------|-------|-------|-------|-------|--------|-----------
POST     /api/book                                                                       4623     0(0.00%) |    875      92    7083    330 |    1.90        0.00
GET      /api/concerts                                                                    956     0(0.00%) |     25       2     835      3 |    0.20        0.00
GET      /health                                                                          479     0(0.00%) |     29       2    1794      3 |    0.20        0.00
--------|----------------------------------------------------------------------------|-------|-------------|-------|-------|-------|-------|--------|-----------
         Aggregated                                                                      6058     0(0.00%) |    674       2    7083    210 |    2.30        0.00

Type     Name                                                                          # reqs      # fails |    Avg     Min     Max    Med |   req/s  failures/s
--------|----------------------------------------------------------------------------|-------|-------------|-------|-------|-------|-------|--------|-----------
POST     /api/book                                                                       4628     0(0.00%) |    874      92    7083    330 |    1.80        0.00
GET      /api/concerts                                                                    956     0(0.00%) |     25       2     835      3 |    0.20        0.00
GET      /health                                                                          479     0(0.00%) |     29       2    1794      3 |    0.30        0.00
--------|----------------------------------------------------------------------------|-------|-------------|-------|-------|-------|-------|--------|-----------
         Aggregated                                                                      6063     0(0.00%) |    673       2    7083    210 |    2.30        0.00

Type     Name                                                                          # reqs      # fails |    Avg     Min     Max    Med |   req/s  failures/s
--------|----------------------------------------------------------------------------|-------|-------------|-------|-------|-------|-------|--------|-----------
POST     /api/book                                                                       4632     0(0.00%) |    873      92    7083    330 |    1.90        0.00
GET      /api/concerts                                                                    956     0(0.00%) |     25       2     835      3 |    0.10        0.00
GET      /health                                                                          480     0(0.00%) |     28       2    1794      3 |    0.30        0.00
--------|----------------------------------------------------------------------------|-------|-------------|-------|-------|-------|-------|--------|-----------
         Aggregated                                                                      6068     0(0.00%) |    673       2    7083    210 |    2.30        0.00

Type     Name                                                                          # reqs      # fails |    Avg     Min     Max    Med |   req/s  failures/s
--------|----------------------------------------------------------------------------|-------|-------------|-------|-------|-------|-------|--------|-----------
POST     /api/book                                                                       4635     0(0.00%) |    873      92    7083    330 |    1.90        0.00
GET      /api/concerts                                                                    956     0(0.00%) |     25       2     835      3 |    0.10        0.00
GET      /health                                                                          481     0(0.00%) |     28       2    1794      3 |    0.20        0.00
--------|----------------------------------------------------------------------------|-------|-------------|-------|-------|-------|-------|--------|-----------
         Aggregated                                                                      6072     0(0.00%) |    673       2    7083    210 |    2.20        0.00

Type     Name                                                                          # reqs      # fails |    Avg     Min     Max    Med |   req/s  failures/s
--------|----------------------------------------------------------------------------|-------|-------------|-------|-------|-------|-------|--------|-----------
POST     /api/book                                                                       4639     0(0.00%) |    872      92    7083    330 |    1.80        0.00
GET      /api/concerts                                                                    956     0(0.00%) |     25       2     835      3 |    0.10        0.00
GET      /health                                                                          482     0(0.00%) |     28       2    1794      3 |    0.30        0.00
--------|----------------------------------------------------------------------------|-------|-------------|-------|-------|-------|-------|--------|-----------
         Aggregated                                                                      6077     0(0.00%) |    672       2    7083    210 |    2.20        0.00

Type     Name                                                                          # reqs      # fails |    Avg     Min     Max    Med |   req/s  failures/s
--------|----------------------------------------------------------------------------|-------|-------------|-------|-------|-------|-------|--------|-----------
POST     /api/book                                                                       4644     0(0.00%) |    871      92    7083    330 |    2.00        0.00
GET      /api/concerts                                                                    956     0(0.00%) |     25       2     835      3 |    0.10        0.00
GET      /health                                                                          483     0(0.00%) |     28       2    1794      3 |    0.40        0.00
--------|----------------------------------------------------------------------------|-------|-------------|-------|-------|-------|-------|--------|-----------
         Aggregated                                                                      6083     0(0.00%) |    672       2    7083    210 |    2.50        0.00

Type     Name                                                                          # reqs      # fails |    Avg     Min     Max    Med |   req/s  failures/s
--------|----------------------------------------------------------------------------|-------|-------------|-------|-------|-------|-------|--------|-----------
POST     /api/book                                                                       4647     0(0.00%) |    871      92    7083    330 |    1.90        0.00
GET      /api/concerts                                                                    959     0(0.00%) |     25       2     835      3 |    0.00        0.00
GET      /health                                                                          483     0(0.00%) |     28       2    1794      3 |    0.40        0.00
--------|----------------------------------------------------------------------------|-------|-------------|-------|-------|-------|-------|--------|-----------
         Aggregated                                                                      6089     0(0.00%) |    671       2    7083    210 |    2.30        0.00

Type     Name                                                                          # reqs      # fails |    Avg     Min     Max    Med |   req/s  failures/s
--------|----------------------------------------------------------------------------|-------|-------------|-------|-------|-------|-------|--------|-----------
POST     /api/book                                                                       4649     0(0.00%) |    871      92    7083    330 |    1.90        0.00
GET      /api/concerts                                                                    959     0(0.00%) |     25       2     835      3 |    0.10        0.00
GET      /health                                                                          484     0(0.00%) |     28       2    1794      3 |    0.40        0.00
--------|----------------------------------------------------------------------------|-------|-------------|-------|-------|-------|-------|--------|-----------
         Aggregated                                                                      6092     0(0.00%) |    671       2    7083    210 |    2.40        0.00

Type     Name                                                                          # reqs      # fails |    Avg     Min     Max    Med |   req/s  failures/s
--------|----------------------------------------------------------------------------|-------|-------------|-------|-------|-------|-------|--------|-----------
POST     /api/book                                                                       4654     0(0.00%) |    870      92    7083    330 |    1.80        0.00
GET      /api/concerts                                                                    959     0(0.00%) |     25       2     835      3 |    0.30        0.00
GET      /health                                                                          484     0(0.00%) |     28       2    1794      3 |    0.40        0.00
--------|----------------------------------------------------------------------------|-------|-------------|-------|-------|-------|-------|--------|-----------
         Aggregated                                                                      6097     0(0.00%) |    670       2    7083    210 |    2.50        0.00

Type     Name                                                                          # reqs      # fails |    Avg     Min     Max    Med |   req/s  failures/s
--------|----------------------------------------------------------------------------|-------|-------------|-------|-------|-------|-------|--------|-----------
POST     /api/book                                                                       4658     0(0.00%) |    870      92    7083    330 |    1.80        0.00
GET      /api/concerts                                                                    959     0(0.00%) |     25       2     835      3 |    0.30        0.00
GET      /health                                                                          484     0(0.00%) |     28       2    1794      3 |    0.30        0.00
--------|----------------------------------------------------------------------------|-------|-------------|-------|-------|-------|-------|--------|-----------
         Aggregated                                                                      6101     0(0.00%) |    670       2    7083    210 |    2.40        0.00

Type     Name                                                                          # reqs      # fails |    Avg     Min     Max    Med |   req/s  failures/s
--------|----------------------------------------------------------------------------|-------|-------------|-------|-------|-------|-------|--------|-----------
POST     /api/book                                                                       4662     0(0.00%) |    869      92    7083    330 |    1.70        0.00
GET      /api/concerts                                                                    959     0(0.00%) |     25       2     835      3 |    0.30        0.00
GET      /health                                                                          484     0(0.00%) |     28       2    1794      3 |    0.20        0.00
--------|----------------------------------------------------------------------------|-------|-------------|-------|-------|-------|-------|--------|-----------
         Aggregated                                                                      6105     0(0.00%) |    670       2    7083    210 |    2.20        0.00

Type     Name                                                                          # reqs      # fails |    Avg     Min     Max    Med |   req/s  failures/s
--------|----------------------------------------------------------------------------|-------|-------------|-------|-------|-------|-------|--------|-----------
POST     /api/book                                                                       4667     0(0.00%) |    868      92    7083    330 |    1.90        0.00
GET      /api/concerts                                                                    959     0(0.00%) |     25       2     835      3 |    0.30        0.00
GET      /health                                                                          484     0(0.00%) |     28       2    1794      3 |    0.10        0.00
--------|----------------------------------------------------------------------------|-------|-------------|-------|-------|-------|-------|--------|-----------
         Aggregated                                                                      6110     0(0.00%) |    669       2    7083    210 |    2.30        0.00

Type     Name                                                                          # reqs      # fails |    Avg     Min     Max    Med |   req/s  failures/s
--------|----------------------------------------------------------------------------|-------|-------------|-------|-------|-------|-------|--------|-----------
POST     /api/book                                                                       4671     0(0.00%) |    868      92    7083    330 |    2.10        0.00
GET      /api/concerts                                                                    960     0(0.00%) |     25       2     835      3 |    0.10        0.00
GET      /health                                                                          484     0(0.00%) |     28       2    1794      3 |    0.10        0.00
--------|----------------------------------------------------------------------------|-------|-------------|-------|-------|-------|-------|--------|-----------
         Aggregated                                                                      6115     0(0.00%) |    669       2    7083    210 |    2.30        0.00

Type     Name                                                                          # reqs      # fails |    Avg     Min     Max    Med |   req/s  failures/s
--------|----------------------------------------------------------------------------|-------|-------------|-------|-------|-------|-------|--------|-----------
POST     /api/book                                                                       4673     0(0.00%) |    867      92    7083    330 |    2.00        0.00
GET      /api/concerts                                                                    961     0(0.00%) |     25       2     835      3 |    0.10        0.00
GET      /health                                                                          486     0(0.00%) |     28       2    1794      3 |    0.00        0.00
--------|----------------------------------------------------------------------------|-------|-------------|-------|-------|-------|-------|--------|-----------
         Aggregated                                                                      6120     0(0.00%) |    668       2    7083    210 |    2.10        0.00

Type     Name                                                                          # reqs      # fails |    Avg     Min     Max    Med |   req/s  failures/s
--------|----------------------------------------------------------------------------|-------|-------------|-------|-------|-------|-------|--------|-----------
POST     /api/book                                                                       4675     0(0.00%) |    867      92    7083    330 |    1.90        0.00
GET      /api/concerts                                                                    961     0(0.00%) |     25       2     835      3 |    0.20        0.00
GET      /health                                                                          488     0(0.00%) |     28       2    1794      3 |    0.10        0.00
--------|----------------------------------------------------------------------------|-------|-------------|-------|-------|-------|-------|--------|-----------
         Aggregated                                                                      6124     0(0.00%) |    668       2    7083    210 |    2.20        0.00

Type     Name                                                                          # reqs      # fails |    Avg     Min     Max    Med |   req/s  failures/s
--------|----------------------------------------------------------------------------|-------|-------------|-------|-------|-------|-------|--------|-----------
POST     /api/book                                                                       4680     0(0.00%) |    866      92    7083    330 |    1.80        0.00
GET      /api/concerts                                                                    962     0(0.00%) |     25       2     835      3 |    0.20        0.00
GET      /health                                                                          488     0(0.00%) |     28       2    1794      3 |    0.30        0.00
--------|----------------------------------------------------------------------------|-------|-------------|-------|-------|-------|-------|--------|-----------
         Aggregated                                                                      6130     0(0.00%) |    667       2    7083    210 |    2.30        0.00

Type     Name                                                                          # reqs      # fails |    Avg     Min     Max    Med |   req/s  failures/s
--------|----------------------------------------------------------------------------|-------|-------------|-------|-------|-------|-------|--------|-----------
POST     /api/book                                                                       4685     0(0.00%) |    865      92    7083    330 |    1.60        0.00
GET      /api/concerts                                                                    962     0(0.00%) |     25       2     835      3 |    0.30        0.00
GET      /health                                                                          488     0(0.00%) |     28       2    1794      3 |    0.40        0.00
--------|----------------------------------------------------------------------------|-------|-------------|-------|-------|-------|-------|--------|-----------
         Aggregated                                                                      6135     0(0.00%) |    667       2    7083    210 |    2.30        0.00

Type     Name                                                                          # reqs      # fails |    Avg     Min     Max    Med |   req/s  failures/s
--------|----------------------------------------------------------------------------|-------|-------------|-------|-------|-------|-------|--------|-----------
POST     /api/book                                                                       4688     0(0.00%) |    865      92    7083    330 |    1.80        0.00
GET      /api/concerts                                                                    965     0(0.00%) |     25       2     835      3 |    0.30        0.00
GET      /health                                                                          488     0(0.00%) |     28       2    1794      3 |    0.40        0.00
--------|----------------------------------------------------------------------------|-------|-------------|-------|-------|-------|-------|--------|-----------
         Aggregated                                                                      6141     0(0.00%) |    666       2    7083    210 |    2.50        0.00

Type     Name                                                                          # reqs      # fails |    Avg     Min     Max    Med |   req/s  failures/s
--------|----------------------------------------------------------------------------|-------|-------------|-------|-------|-------|-------|--------|-----------
POST     /api/book                                                                       4691     0(0.00%) |    864      92    7083    330 |    1.80        0.00
GET      /api/concerts                                                                    965     0(0.00%) |     25       2     835      3 |    0.30        0.00
GET      /health                                                                          489     0(0.00%) |     28       2    1794      3 |    0.40        0.00
--------|----------------------------------------------------------------------------|-------|-------------|-------|-------|-------|-------|--------|-----------
         Aggregated                                                                      6145     0(0.00%) |    666       2    7083    210 |    2.50        0.00

Type     Name                                                                          # reqs      # fails |    Avg     Min     Max    Med |   req/s  failures/s
--------|----------------------------------------------------------------------------|-------|-------------|-------|-------|-------|-------|--------|-----------
POST     /api/book                                                                       4693     0(0.00%) |    864      92    7083    330 |    1.70        0.00
GET      /api/concerts                                                                    967     0(0.00%) |     25       2     835      3 |    0.40        0.00
GET      /health                                                                          490     0(0.00%) |     28       2    1794      3 |    0.40        0.00
--------|----------------------------------------------------------------------------|-------|-------------|-------|-------|-------|-------|--------|-----------
         Aggregated                                                                      6150     0(0.00%) |    666       2    7083    210 |    2.50        0.00

Type     Name                                                                          # reqs      # fails |    Avg     Min     Max    Med |   req/s  failures/s
--------|----------------------------------------------------------------------------|-------|-------------|-------|-------|-------|-------|--------|-----------
POST     /api/book                                                                       4696     0(0.00%) |    864      92    7083    330 |    1.80        0.00
GET      /api/concerts                                                                    968     0(0.00%) |     25       2     835      3 |    0.50        0.00
GET      /health                                                                          491     0(0.00%) |     28       2    1794      3 |    0.30        0.00
--------|----------------------------------------------------------------------------|-------|-------------|-------|-------|-------|-------|--------|-----------
         Aggregated                                                                      6155     0(0.00%) |    665       2    7083    210 |    2.60        0.00

Type     Name                                                                          # reqs      # fails |    Avg     Min     Max    Med |   req/s  failures/s
--------|----------------------------------------------------------------------------|-------|-------------|-------|-------|-------|-------|--------|-----------
POST     /api/book                                                                       4698     0(0.00%) |    863      92    7083    330 |    1.60        0.00
GET      /api/concerts                                                                    970     0(0.00%) |     25       2     835      3 |    0.60        0.00
GET      /health                                                                          491     0(0.00%) |     28       2    1794      3 |    0.30        0.00
--------|----------------------------------------------------------------------------|-------|-------------|-------|-------|-------|-------|--------|-----------
         Aggregated                                                                      6159     0(0.00%) |    665       2    7083    210 |    2.50        0.00

Type     Name                                                                          # reqs      # fails |    Avg     Min     Max    Med |   req/s  failures/s
--------|----------------------------------------------------------------------------|-------|-------------|-------|-------|-------|-------|--------|-----------
POST     /api/book                                                                       4700     0(0.00%) |    863      92    7083    330 |    1.40        0.00
GET      /api/concerts                                                                    970     0(0.00%) |     25       2     835      3 |    0.70        0.00
GET      /health                                                                          492     0(0.00%) |     28       2    1794      3 |    0.30        0.00
--------|----------------------------------------------------------------------------|-------|-------------|-------|-------|-------|-------|--------|-----------
         Aggregated                                                                      6162     0(0.00%) |    664       2    7083    210 |    2.40        0.00

Type     Name                                                                          # reqs      # fails |    Avg     Min     Max    Med |   req/s  failures/s
--------|----------------------------------------------------------------------------|-------|-------------|-------|-------|-------|-------|--------|-----------
POST     /api/book                                                                       4703     0(0.00%) |    863      92    7083    330 |    1.20        0.00
GET      /api/concerts                                                                    971     0(0.00%) |     25       2     835      3 |    0.70        0.00
GET      /health                                                                          493     0(0.00%) |     28       2    1794      3 |    0.40        0.00
--------|----------------------------------------------------------------------------|-------|-------------|-------|-------|-------|-------|--------|-----------
         Aggregated                                                                      6167     0(0.00%) |    664       2    7083    210 |    2.30        0.00

Type     Name                                                                          # reqs      # fails |    Avg     Min     Max    Med |   req/s  failures/s
--------|----------------------------------------------------------------------------|-------|-------------|-------|-------|-------|-------|--------|-----------
POST     /api/book                                                                       4707     0(0.00%) |    862      92    7083    330 |    1.40        0.00
GET      /api/concerts                                                                    972     0(0.00%) |     25       2     835      3 |    0.50        0.00
GET      /health                                                                          493     0(0.00%) |     28       2    1794      3 |    0.40        0.00
--------|----------------------------------------------------------------------------|-------|-------------|-------|-------|-------|-------|--------|-----------
         Aggregated                                                                      6172     0(0.00%) |    664       2    7083    210 |    2.30        0.00

Type     Name                                                                          # reqs      # fails |    Avg     Min     Max    Med |   req/s  failures/s
--------|----------------------------------------------------------------------------|-------|-------------|-------|-------|-------|-------|--------|-----------
POST     /api/book                                                                       4710     0(0.00%) |    862      92    7083    330 |    1.30        0.00
GET      /api/concerts                                                                    973     0(0.00%) |     25       2     835      3 |    0.60        0.00
GET      /health                                                                          493     0(0.00%) |     28       2    1794      3 |    0.40        0.00
--------|----------------------------------------------------------------------------|-------|-------------|-------|-------|-------|-------|--------|-----------
         Aggregated                                                                      6176     0(0.00%) |    663       2    7083    210 |    2.30        0.00

Type     Name                                                                          # reqs      # fails |    Avg     Min     Max    Med |   req/s  failures/s
--------|----------------------------------------------------------------------------|-------|-------------|-------|-------|-------|-------|--------|-----------
POST     /api/book                                                                       4714     0(0.00%) |    861      92    7083    330 |    1.70        0.00
GET      /api/concerts                                                                    975     0(0.00%) |     25       2     835      3 |    0.50        0.00
GET      /health                                                                          493     0(0.00%) |     28       2    1794      3 |    0.20        0.00
--------|----------------------------------------------------------------------------|-------|-------------|-------|-------|-------|-------|--------|-----------
         Aggregated                                                                      6182     0(0.00%) |    663       2    7083    210 |    2.40        0.00

Type     Name                                                                          # reqs      # fails |    Avg     Min     Max    Med |   req/s  failures/s
--------|----------------------------------------------------------------------------|-------|-------------|-------|-------|-------|-------|--------|-----------
POST     /api/book                                                                       4716     0(0.00%) |    861      92    7083    330 |    1.50        0.00
GET      /api/concerts                                                                    976     0(0.00%) |     25       2     835      3 |    0.60        0.00
GET      /health                                                                          493     0(0.00%) |     28       2    1794      3 |    0.20        0.00
--------|----------------------------------------------------------------------------|-------|-------------|-------|-------|-------|-------|--------|-----------
         Aggregated                                                                      6185     0(0.00%) |    663       2    7083    210 |    2.30        0.00

Type     Name                                                                          # reqs      # fails |    Avg     Min     Max    Med |   req/s  failures/s
--------|----------------------------------------------------------------------------|-------|-------------|-------|-------|-------|-------|--------|-----------
POST     /api/book                                                                       4720     0(0.00%) |    860      92    7083    330 |    1.70        0.00
GET      /api/concerts                                                                    976     0(0.00%) |     25       2     835      3 |    0.50        0.00
GET      /health                                                                          494     0(0.00%) |     28       2    1794      3 |    0.10        0.00
--------|----------------------------------------------------------------------------|-------|-------------|-------|-------|-------|-------|--------|-----------
         Aggregated                                                                      6190     0(0.00%) |    662       2    7083    210 |    2.30        0.00

Type     Name                                                                          # reqs      # fails |    Avg     Min     Max    Med |   req/s  failures/s
--------|----------------------------------------------------------------------------|-------|-------------|-------|-------|-------|-------|--------|-----------
POST     /api/book                                                                       4723     0(0.00%) |    860      92    7083    330 |    1.50        0.00
GET      /api/concerts                                                                    977     0(0.00%) |     25       2     835      3 |    0.60        0.00
GET      /health                                                                          494     0(0.00%) |     28       2    1794      3 |    0.10        0.00
--------|----------------------------------------------------------------------------|-------|-------------|-------|-------|-------|-------|--------|-----------
         Aggregated                                                                      6194     0(0.00%) |    662       2    7083    210 |    2.20        0.00

Type     Name                                                                          # reqs      # fails |    Avg     Min     Max    Med |   req/s  failures/s
--------|----------------------------------------------------------------------------|-------|-------------|-------|-------|-------|-------|--------|-----------
POST     /api/book                                                                       4727     0(0.00%) |    859      92    7083    330 |    1.70        0.00
GET      /api/concerts                                                                    977     0(0.00%) |     25       2     835      3 |    0.50        0.00
GET      /health                                                                          494     0(0.00%) |     28       2    1794      3 |    0.10        0.00
--------|----------------------------------------------------------------------------|-------|-------------|-------|-------|-------|-------|--------|-----------
         Aggregated                                                                      6198     0(0.00%) |    661       2    7083    210 |    2.30        0.00

Type     Name                                                                          # reqs      # fails |    Avg     Min     Max    Med |   req/s  failures/s
--------|----------------------------------------------------------------------------|-------|-------------|-------|-------|-------|-------|--------|-----------
POST     /api/book                                                                       4730     0(0.00%) |    859      92    7083    330 |    1.50        0.00
GET      /api/concerts                                                                    978     0(0.00%) |     25       2     835      3 |    0.40        0.00
GET      /health                                                                          494     0(0.00%) |     28       2    1794      3 |    0.10        0.00
--------|----------------------------------------------------------------------------|-------|-------------|-------|-------|-------|-------|--------|-----------
         Aggregated                                                                      6202     0(0.00%) |    661       2    7083    200 |    2.00        0.00

Type     Name                                                                          # reqs      # fails |    Avg     Min     Max    Med |   req/s  failures/s
--------|----------------------------------------------------------------------------|-------|-------------|-------|-------|-------|-------|--------|-----------
POST     /api/book                                                                       4734     0(0.00%) |    858      92    7083    330 |    1.60        0.00
GET      /api/concerts                                                                    979     0(0.00%) |     25       2     835      3 |    0.30        0.00
GET      /health                                                                          494     0(0.00%) |     28       2    1794      3 |    0.10        0.00
--------|----------------------------------------------------------------------------|-------|-------------|-------|-------|-------|-------|--------|-----------
         Aggregated                                                                      6207     0(0.00%) |    661       2    7083    200 |    2.00        0.00

Type     Name                                                                          # reqs      # fails |    Avg     Min     Max    Med |   req/s  failures/s
--------|----------------------------------------------------------------------------|-------|-------------|-------|-------|-------|-------|--------|-----------
POST     /api/book                                                                       4739     0(0.00%) |    857      92    7083    330 |    1.70        0.00
GET      /api/concerts                                                                    981     0(0.00%) |     25       2     835      3 |    0.30        0.00
GET      /health                                                                          494     0(0.00%) |     28       2    1794      3 |    0.10        0.00
--------|----------------------------------------------------------------------------|-------|-------------|-------|-------|-------|-------|--------|-----------
         Aggregated                                                                      6214     0(0.00%) |    660       2    7083    200 |    2.10        0.00

Type     Name                                                                          # reqs      # fails |    Avg     Min     Max    Med |   req/s  failures/s
--------|----------------------------------------------------------------------------|-------|-------------|-------|-------|-------|-------|--------|-----------
POST     /api/book                                                                       4742     0(0.00%) |    857      92    7083    330 |    1.60        0.00
GET      /api/concerts                                                                    981     0(0.00%) |     25       2     835      3 |    0.50        0.00
GET      /health                                                                          494     0(0.00%) |     28       2    1794      3 |    0.00        0.00
--------|----------------------------------------------------------------------------|-------|-------------|-------|-------|-------|-------|--------|-----------
         Aggregated                                                                      6217     0(0.00%) |    660       2    7083    200 |    2.10        0.00

Type     Name                                                                          # reqs      # fails |    Avg     Min     Max    Med |   req/s  failures/s
--------|----------------------------------------------------------------------------|-------|-------------|-------|-------|-------|-------|--------|-----------
POST     /api/book                                                                       4746     0(0.00%) |    856      92    7083    320 |    1.70        0.00
GET      /api/concerts                                                                    982     0(0.00%) |     25       2     835      3 |    0.40        0.00
GET      /health                                                                          494     0(0.00%) |     28       2    1794      3 |    0.00        0.00
--------|----------------------------------------------------------------------------|-------|-------------|-------|-------|-------|-------|--------|-----------
         Aggregated                                                                      6222     0(0.00%) |    659       2    7083    200 |    2.10        0.00

Type     Name                                                                          # reqs      # fails |    Avg     Min     Max    Med |   req/s  failures/s
--------|----------------------------------------------------------------------------|-------|-------------|-------|-------|-------|-------|--------|-----------
POST     /api/book                                                                       4751     0(0.00%) |    856      92    7083    320 |    2.00        0.00
GET      /api/concerts                                                                    983     0(0.00%) |     25       2     835      3 |    0.40        0.00
GET      /health                                                                          494     0(0.00%) |     28       2    1794      3 |    0.00        0.00
--------|----------------------------------------------------------------------------|-------|-------------|-------|-------|-------|-------|--------|-----------
         Aggregated                                                                      6228     0(0.00%) |    659       2    7083    200 |    2.40        0.00

Type     Name                                                                          # reqs      # fails |    Avg     Min     Max    Med |   req/s  failures/s
--------|----------------------------------------------------------------------------|-------|-------------|-------|-------|-------|-------|--------|-----------
POST     /api/book                                                                       4755     0(0.00%) |    855      92    7083    320 |    2.10        0.00
GET      /api/concerts                                                                    983     0(0.00%) |     25       2     835      3 |    0.40        0.00
GET      /health                                                                          494     0(0.00%) |     28       2    1794      3 |    0.00        0.00
--------|----------------------------------------------------------------------------|-------|-------------|-------|-------|-------|-------|--------|-----------
         Aggregated                                                                      6232     0(0.00%) |    659       2    7083    200 |    2.50        0.00

Type     Name                                                                          # reqs      # fails |    Avg     Min     Max    Med |   req/s  failures/s
--------|----------------------------------------------------------------------------|-------|-------------|-------|-------|-------|-------|--------|-----------
POST     /api/book                                                                       4758     0(0.00%) |    855      92    7083    320 |    2.10        0.00
GET      /api/concerts                                                                    983     0(0.00%) |     25       2     835      3 |    0.50        0.00
GET      /health                                                                          495     0(0.00%) |     28       2    1794      3 |    0.00        0.00
--------|----------------------------------------------------------------------------|-------|-------------|-------|-------|-------|-------|--------|-----------
         Aggregated                                                                      6236     0(0.00%) |    658       2    7083    200 |    2.60        0.00

Type     Name                                                                          # reqs      # fails |    Avg     Min     Max    Med |   req/s  failures/s
--------|----------------------------------------------------------------------------|-------|-------------|-------|-------|-------|-------|--------|-----------
POST     /api/book                                                                       4763     0(0.00%) |    854      92    7083    320 |    2.10        0.00
GET      /api/concerts                                                                    984     0(0.00%) |     25       2     835      3 |    0.20        0.00
GET      /health                                                                          495     0(0.00%) |     28       2    1794      3 |    0.10        0.00
--------|----------------------------------------------------------------------------|-------|-------------|-------|-------|-------|-------|--------|-----------
         Aggregated                                                                      6242     0(0.00%) |    658       2    7083    200 |    2.40        0.00

Type     Name                                                                          # reqs      # fails |    Avg     Min     Max    Med |   req/s  failures/s
--------|----------------------------------------------------------------------------|-------|-------------|-------|-------|-------|-------|--------|-----------
POST     /api/book                                                                       4765     0(0.00%) |    854      92    7083    320 |    2.10        0.00
GET      /api/concerts                                                                    986     0(0.00%) |     25       2     835      3 |    0.30        0.00
GET      /health                                                                          497     0(0.00%) |     28       2    1794      3 |    0.10        0.00
--------|----------------------------------------------------------------------------|-------|-------------|-------|-------|-------|-------|--------|-----------
         Aggregated                                                                      6248     0(0.00%) |    657       2    7083    200 |    2.50        0.00

Type     Name                                                                          # reqs      # fails |    Avg     Min     Max    Med |   req/s  failures/s
--------|----------------------------------------------------------------------------|-------|-------------|-------|-------|-------|-------|--------|-----------
POST     /api/book                                                                       4767     0(0.00%) |    854      92    7083    320 |    2.00        0.00
GET      /api/concerts                                                                    987     0(0.00%) |     25       2     835      3 |    0.30        0.00
GET      /health                                                                          498     0(0.00%) |     28       2    1794      3 |    0.10        0.00
--------|----------------------------------------------------------------------------|-------|-------------|-------|-------|-------|-------|--------|-----------
         Aggregated                                                                      6252     0(0.00%) |    657       2    7083    200 |    2.40        0.00

Type     Name                                                                          # reqs      # fails |    Avg     Min     Max    Med |   req/s  failures/s
--------|----------------------------------------------------------------------------|-------|-------------|-------|-------|-------|-------|--------|-----------
POST     /api/book                                                                       4770     0(0.00%) |    853      92    7083    320 |    1.70        0.00
GET      /api/concerts                                                                    987     0(0.00%) |     25       2     835      3 |    0.50        0.00
GET      /health                                                                          500     0(0.00%) |     27       2    1794      3 |    0.40        0.00
--------|----------------------------------------------------------------------------|-------|-------------|-------|-------|-------|-------|--------|-----------
         Aggregated                                                                      6257     0(0.00%) |    656       2    7083    200 |    2.60        0.00

Type     Name                                                                          # reqs      # fails |    Avg     Min     Max    Med |   req/s  failures/s
--------|----------------------------------------------------------------------------|-------|-------------|-------|-------|-------|-------|--------|-----------
POST     /api/book                                                                       4773     0(0.00%) |    853      92    7083    320 |    1.50        0.00
GET      /api/concerts                                                                    988     0(0.00%) |     25       2     835      3 |    0.40        0.00
GET      /health                                                                          500     0(0.00%) |     27       2    1794      3 |    0.50        0.00
--------|----------------------------------------------------------------------------|-------|-------------|-------|-------|-------|-------|--------|-----------
         Aggregated                                                                      6261     0(0.00%) |    656       2    7083    200 |    2.40        0.00

Type     Name                                                                          # reqs      # fails |    Avg     Min     Max    Med |   req/s  failures/s
--------|----------------------------------------------------------------------------|-------|-------------|-------|-------|-------|-------|--------|-----------
POST     /api/book                                                                       4778     0(0.00%) |    852      92    7083    320 |    1.60        0.00
GET      /api/concerts                                                                    988     0(0.00%) |     25       2     835      3 |    0.40        0.00
GET      /health                                                                          501     0(0.00%) |     27       2    1794      3 |    0.50        0.00
--------|----------------------------------------------------------------------------|-------|-------------|-------|-------|-------|-------|--------|-----------
         Aggregated                                                                      6267     0(0.00%) |    656       2    7083    200 |    2.50        0.00

Type     Name                                                                          # reqs      # fails |    Avg     Min     Max    Med |   req/s  failures/s
--------|----------------------------------------------------------------------------|-------|-------------|-------|-------|-------|-------|--------|-----------
POST     /api/book                                                                       4781     0(0.00%) |    851      92    7083    320 |    1.50        0.00
GET      /api/concerts                                                                    990     0(0.00%) |     25       2     835      3 |    0.40        0.00
GET      /health                                                                          501     0(0.00%) |     27       2    1794      3 |    0.60        0.00
--------|----------------------------------------------------------------------------|-------|-------------|-------|-------|-------|-------|--------|-----------
         Aggregated                                                                      6272     0(0.00%) |    655       2    7083    200 |    2.50        0.00

Type     Name                                                                          # reqs      # fails |    Avg     Min     Max    Med |   req/s  failures/s
--------|----------------------------------------------------------------------------|-------|-------------|-------|-------|-------|-------|--------|-----------
POST     /api/book                                                                       4783     0(0.00%) |    851      92    7083    320 |    1.40        0.00
GET      /api/concerts                                                                    990     0(0.00%) |     25       2     835      3 |    0.50        0.00
GET      /health                                                                          501     0(0.00%) |     27       2    1794      3 |    0.50        0.00
--------|----------------------------------------------------------------------------|-------|-------------|-------|-------|-------|-------|--------|-----------
         Aggregated                                                                      6274     0(0.00%) |    655       2    7083    200 |    2.40        0.00

Type     Name                                                                          # reqs      # fails |    Avg     Min     Max    Med |   req/s  failures/s
--------|----------------------------------------------------------------------------|-------|-------------|-------|-------|-------|-------|--------|-----------
POST     /api/book                                                                       4788     0(0.00%) |    851      92    7083    320 |    1.50        0.00
GET      /api/concerts                                                                    990     0(0.00%) |     25       2     835      3 |    0.30        0.00
GET      /health                                                                          501     0(0.00%) |     27       2    1794      3 |    0.30        0.00
--------|----------------------------------------------------------------------------|-------|-------------|-------|-------|-------|-------|--------|-----------
         Aggregated                                                                      6279     0(0.00%) |    655       2    7083    200 |    2.10        0.00

Type     Name                                                                          # reqs      # fails |    Avg     Min     Max    Med |   req/s  failures/s
--------|----------------------------------------------------------------------------|-------|-------------|-------|-------|-------|-------|--------|-----------
POST     /api/book                                                                       4791     0(0.00%) |    850      92    7083    320 |    1.80        0.00
GET      /api/concerts                                                                    990     0(0.00%) |     25       2     835      3 |    0.30        0.00
GET      /health                                                                          503     0(0.00%) |     27       2    1794      3 |    0.20        0.00
--------|----------------------------------------------------------------------------|-------|-------------|-------|-------|-------|-------|--------|-----------
         Aggregated                                                                      6284     0(0.00%) |    654       2    7083    200 |    2.30        0.00

Type     Name                                                                          # reqs      # fails |    Avg     Min     Max    Med |   req/s  failures/s
--------|----------------------------------------------------------------------------|-------|-------------|-------|-------|-------|-------|--------|-----------
POST     /api/book                                                                       4794     0(0.00%) |    850      92    7083    320 |    1.80        0.00
GET      /api/concerts                                                                    992     0(0.00%) |     25       2     835      3 |    0.30        0.00
GET      /health                                                                          503     0(0.00%) |     27       2    1794      3 |    0.30        0.00
--------|----------------------------------------------------------------------------|-------|-------------|-------|-------|-------|-------|--------|-----------
         Aggregated                                                                      6289     0(0.00%) |    654       2    7083    200 |    2.40        0.00

Type     Name                                                                          # reqs      # fails |    Avg     Min     Max    Med |   req/s  failures/s
--------|----------------------------------------------------------------------------|-------|-------------|-------|-------|-------|-------|--------|-----------
POST     /api/book                                                                       4796     0(0.00%) |    849      92    7083    320 |    1.70        0.00
GET      /api/concerts                                                                    994     0(0.00%) |     25       2     835      3 |    0.30        0.00
GET      /health                                                                          504     0(0.00%) |     27       2    1794      3 |    0.20        0.00
--------|----------------------------------------------------------------------------|-------|-------------|-------|-------|-------|-------|--------|-----------
         Aggregated                                                                      6294     0(0.00%) |    653       2    7083    200 |    2.20        0.00

Type     Name                                                                          # reqs      # fails |    Avg     Min     Max    Med |   req/s  failures/s
--------|----------------------------------------------------------------------------|-------|-------------|-------|-------|-------|-------|--------|-----------
POST     /api/book                                                                       4799     0(0.00%) |    849      92    7083    320 |    1.60        0.00
GET      /api/concerts                                                                    995     0(0.00%) |     25       2     835      3 |    0.40        0.00
GET      /health                                                                          504     0(0.00%) |     27       2    1794      3 |    0.30        0.00
--------|----------------------------------------------------------------------------|-------|-------------|-------|-------|-------|-------|--------|-----------
         Aggregated                                                                      6298     0(0.00%) |    653       2    7083    200 |    2.30        0.00

Type     Name                                                                          # reqs      # fails |    Avg     Min     Max    Med |   req/s  failures/s
--------|----------------------------------------------------------------------------|-------|-------------|-------|-------|-------|-------|--------|-----------
POST     /api/book                                                                       4802     0(0.00%) |    848      92    7083    320 |    1.60        0.00
GET      /api/concerts                                                                    996     0(0.00%) |     25       2     835      3 |    0.40        0.00
GET      /health                                                                          504     0(0.00%) |     27       2    1794      3 |    0.30        0.00
--------|----------------------------------------------------------------------------|-------|-------------|-------|-------|-------|-------|--------|-----------
         Aggregated                                                                      6302     0(0.00%) |    653       2    7083    200 |    2.30        0.00

Type     Name                                                                          # reqs      # fails |    Avg     Min     Max    Med |   req/s  failures/s
--------|----------------------------------------------------------------------------|-------|-------------|-------|-------|-------|-------|--------|-----------
POST     /api/book                                                                       4806     0(0.00%) |    848      92    7083    320 |    1.50        0.00
GET      /api/concerts                                                                    996     0(0.00%) |     25       2     835      3 |    0.50        0.00
GET      /health                                                                          504     0(0.00%) |     27       2    1794      3 |    0.30        0.00
--------|----------------------------------------------------------------------------|-------|-------------|-------|-------|-------|-------|--------|-----------
         Aggregated                                                                      6306     0(0.00%) |    652       2    7083    200 |    2.30        0.00

Type     Name                                                                          # reqs      # fails |    Avg     Min     Max    Med |   req/s  failures/s
--------|----------------------------------------------------------------------------|-------|-------------|-------|-------|-------|-------|--------|-----------
POST     /api/book                                                                       4809     0(0.00%) |    848      92    7083    320 |    1.50        0.00
GET      /api/concerts                                                                    997     0(0.00%) |     25       2     835      3 |    0.60        0.00
GET      /health                                                                          505     0(0.00%) |     27       2    1794      3 |    0.10        0.00
--------|----------------------------------------------------------------------------|-------|-------------|-------|-------|-------|-------|--------|-----------
         Aggregated                                                                      6311     0(0.00%) |    652       2    7083    200 |    2.20        0.00

Type     Name                                                                          # reqs      # fails |    Avg     Min     Max    Med |   req/s  failures/s
--------|----------------------------------------------------------------------------|-------|-------------|-------|-------|-------|-------|--------|-----------
POST     /api/book                                                                       4811     0(0.00%) |    847      92    7083    320 |    1.50        0.00
GET      /api/concerts                                                                    997     0(0.00%) |     25       2     835      3 |    0.60        0.00
GET      /health                                                                          507     0(0.00%) |     27       2    1794      3 |    0.20        0.00
--------|----------------------------------------------------------------------------|-------|-------------|-------|-------|-------|-------|--------|-----------
         Aggregated                                                                      6315     0(0.00%) |    652       2    7083    200 |    2.30        0.00

Type     Name                                                                          # reqs      # fails |    Avg     Min     Max    Med |   req/s  failures/s
--------|----------------------------------------------------------------------------|-------|-------------|-------|-------|-------|-------|--------|-----------
POST     /api/book                                                                       4816     0(0.00%) |    847      92    7083    320 |    1.60        0.00
GET      /api/concerts                                                                    998     0(0.00%) |     24       2     835      3 |    0.40        0.00
GET      /health                                                                          507     0(0.00%) |     27       2    1794      3 |    0.20        0.00
--------|----------------------------------------------------------------------------|-------|-------------|-------|-------|-------|-------|--------|-----------
         Aggregated                                                                      6321     0(0.00%) |    651       2    7083    200 |    2.20        0.00

Type     Name                                                                          # reqs      # fails |    Avg     Min     Max    Med |   req/s  failures/s
--------|----------------------------------------------------------------------------|-------|-------------|-------|-------|-------|-------|--------|-----------
POST     /api/book                                                                       4820     0(0.00%) |    846      92    7083    320 |    1.60        0.00
GET      /api/concerts                                                                    998     0(0.00%) |     24       2     835      3 |    0.30        0.00
GET      /health                                                                          507     0(0.00%) |     27       2    1794      3 |    0.30        0.00
--------|----------------------------------------------------------------------------|-------|-------------|-------|-------|-------|-------|--------|-----------
         Aggregated                                                                      6325     0(0.00%) |    651       2    7083    200 |    2.20        0.00

Type     Name                                                                          # reqs      # fails |    Avg     Min     Max    Med |   req/s  failures/s
--------|----------------------------------------------------------------------------|-------|-------------|-------|-------|-------|-------|--------|-----------
POST     /api/book                                                                       4824     0(0.00%) |    845      92    7083    320 |    1.60        0.00
GET      /api/concerts                                                                    999     0(0.00%) |     24       2     835      3 |    0.30        0.00
GET      /health                                                                          507     0(0.00%) |     27       2    1794      3 |    0.30        0.00
--------|----------------------------------------------------------------------------|-------|-------------|-------|-------|-------|-------|--------|-----------
         Aggregated                                                                      6330     0(0.00%) |    650       2    7083    200 |    2.20        0.00

Type     Name                                                                          # reqs      # fails |    Avg     Min     Max    Med |   req/s  failures/s
--------|----------------------------------------------------------------------------|-------|-------------|-------|-------|-------|-------|--------|-----------
POST     /api/book                                                                       4825     0(0.00%) |    845      92    7083    320 |    1.90        0.00
GET      /api/concerts                                                                   1001     0(0.00%) |     24       2     835      3 |    0.30        0.00
GET      /health                                                                          508     0(0.00%) |     27       2    1794      3 |    0.30        0.00
--------|----------------------------------------------------------------------------|-------|-------------|-------|-------|-------|-------|--------|-----------
         Aggregated                                                                      6334     0(0.00%) |    650       2    7083    200 |    2.50        0.00

Type     Name                                                                          # reqs      # fails |    Avg     Min     Max    Med |   req/s  failures/s
--------|----------------------------------------------------------------------------|-------|-------------|-------|-------|-------|-------|--------|-----------
POST     /api/book                                                                       4828     0(0.00%) |    845      92    7083    320 |    1.70        0.00
GET      /api/concerts                                                                   1002     0(0.00%) |     24       2     835      3 |    0.30        0.00
GET      /health                                                                          509     0(0.00%) |     27       2    1794      3 |    0.20        0.00
--------|----------------------------------------------------------------------------|-------|-------------|-------|-------|-------|-------|--------|-----------
         Aggregated                                                                      6339     0(0.00%) |    649       2    7083    200 |    2.20        0.00

Type     Name                                                                          # reqs      # fails |    Avg     Min     Max    Med |   req/s  failures/s
--------|----------------------------------------------------------------------------|-------|-------------|-------|-------|-------|-------|--------|-----------
POST     /api/book                                                                       4830     0(0.00%) |    845      92    7083    320 |    1.50        0.00
GET      /api/concerts                                                                   1002     0(0.00%) |     24       2     835      3 |    0.40        0.00
GET      /health                                                                          511     0(0.00%) |     27       2    1794      3 |    0.30        0.00
--------|----------------------------------------------------------------------------|-------|-------------|-------|-------|-------|-------|--------|-----------
         Aggregated                                                                      6343     0(0.00%) |    649       2    7083    200 |    2.20        0.00

Type     Name                                                                          # reqs      # fails |    Avg     Min     Max    Med |   req/s  failures/s
--------|----------------------------------------------------------------------------|-------|-------------|-------|-------|-------|-------|--------|-----------
POST     /api/book                                                                       4833     0(0.00%) |    844      92    7083    320 |    1.60        0.00
GET      /api/concerts                                                                   1002     0(0.00%) |     24       2     835      3 |    0.40        0.00
GET      /health                                                                          514     0(0.00%) |     27       2    1794      3 |    0.40        0.00
--------|----------------------------------------------------------------------------|-------|-------------|-------|-------|-------|-------|--------|-----------
         Aggregated                                                                      6349     0(0.00%) |    649       2    7083    200 |    2.40        0.00

Type     Name                                                                          # reqs      # fails |    Avg     Min     Max    Med |   req/s  failures/s
--------|----------------------------------------------------------------------------|-------|-------------|-------|-------|-------|-------|--------|-----------
POST     /api/book                                                                       4837     0(0.00%) |    844      92    7083    320 |    1.30        0.00
GET      /api/concerts                                                                   1003     0(0.00%) |     24       2     835      3 |    0.40        0.00
GET      /health                                                                          514     0(0.00%) |     27       2    1794      3 |    0.50        0.00
--------|----------------------------------------------------------------------------|-------|-------------|-------|-------|-------|-------|--------|-----------
         Aggregated                                                                      6354     0(0.00%) |    648       2    7083    200 |    2.20        0.00

Type     Name                                                                          # reqs      # fails |    Avg     Min     Max    Med |   req/s  failures/s
--------|----------------------------------------------------------------------------|-------|-------------|-------|-------|-------|-------|--------|-----------
POST     /api/book                                                                       4838     0(0.00%) |    843      92    7083    320 |    1.10        0.00
GET      /api/concerts                                                                   1004     0(0.00%) |     24       2     835      3 |    0.40        0.00
GET      /health                                                                          515     0(0.00%) |     27       2    1794      3 |    0.70        0.00
--------|----------------------------------------------------------------------------|-------|-------------|-------|-------|-------|-------|--------|-----------
         Aggregated                                                                      6357     0(0.00%) |    648       2    7083    200 |    2.20        0.00

Type     Name                                                                          # reqs      # fails |    Avg     Min     Max    Med |   req/s  failures/s
--------|----------------------------------------------------------------------------|-------|-------------|-------|-------|-------|-------|--------|-----------
POST     /api/book                                                                       4841     0(0.00%) |    843      92    7083    320 |    1.30        0.00
GET      /api/concerts                                                                   1006     0(0.00%) |     24       2     835      3 |    0.40        0.00
GET      /health                                                                          517     0(0.00%) |     27       2    1794      3 |    0.70        0.00
--------|----------------------------------------------------------------------------|-------|-------------|-------|-------|-------|-------|--------|-----------
         Aggregated                                                                      6364     0(0.00%) |    647       2    7083    200 |    2.40        0.00

Type     Name                                                                          # reqs      # fails |    Avg     Min     Max    Med |   req/s  failures/s
--------|----------------------------------------------------------------------------|-------|-------------|-------|-------|-------|-------|--------|-----------
POST     /api/book                                                                       4844     0(0.00%) |    843      92    7083    320 |    1.40        0.00
GET      /api/concerts                                                                   1008     0(0.00%) |     24       2     835      3 |    0.40        0.00
GET      /health                                                                          517     0(0.00%) |     27       2    1794      3 |    0.70        0.00
--------|----------------------------------------------------------------------------|-------|-------------|-------|-------|-------|-------|--------|-----------
         Aggregated                                                                      6369     0(0.00%) |    647       2    7083    200 |    2.50        0.00

Type     Name                                                                          # reqs      # fails |    Avg     Min     Max    Med |   req/s  failures/s
--------|----------------------------------------------------------------------------|-------|-------------|-------|-------|-------|-------|--------|-----------
POST     /api/book                                                                       4848     0(0.00%) |    842      92    7083    320 |    1.40        0.00
GET      /api/concerts                                                                   1008     0(0.00%) |     24       2     835      3 |    0.50        0.00
GET      /health                                                                          518     0(0.00%) |     27       2    1794      3 |    0.80        0.00
--------|----------------------------------------------------------------------------|-------|-------------|-------|-------|-------|-------|--------|-----------
         Aggregated                                                                      6374     0(0.00%) |    646       2    7083    200 |    2.70        0.00

Type     Name                                                                          # reqs      # fails |    Avg     Min     Max    Med |   req/s  failures/s
--------|----------------------------------------------------------------------------|-------|-------------|-------|-------|-------|-------|--------|-----------
POST     /api/book                                                                       4850     0(0.00%) |    842      92    7083    320 |    1.40        0.00
GET      /api/concerts                                                                   1010     0(0.00%) |     24       2     835      3 |    0.60        0.00
GET      /health                                                                          519     0(0.00%) |     27       2    1794      3 |    0.50        0.00
--------|----------------------------------------------------------------------------|-------|-------------|-------|-------|-------|-------|--------|-----------
         Aggregated                                                                      6379     0(0.00%) |    646       2    7083    200 |    2.50        0.00

Type     Name                                                                          # reqs      # fails |    Avg     Min     Max    Med |   req/s  failures/s
--------|----------------------------------------------------------------------------|-------|-------------|-------|-------|-------|-------|--------|-----------
POST     /api/book                                                                       4852     0(0.00%) |    841      92    7083    320 |    1.50        0.00
GET      /api/concerts                                                                   1012     0(0.00%) |     24       2     835      3 |    0.70        0.00
GET      /health                                                                          519     0(0.00%) |     27       2    1794      3 |    0.50        0.00
--------|----------------------------------------------------------------------------|-------|-------------|-------|-------|-------|-------|--------|-----------
         Aggregated                                                                      6383     0(0.00%) |    646       2    7083    200 |    2.70        0.00

Type     Name                                                                          # reqs      # fails |    Avg     Min     Max    Med |   req/s  failures/s
--------|----------------------------------------------------------------------------|-------|-------------|-------|-------|-------|-------|--------|-----------
POST     /api/book                                                                       4857     0(0.00%) |    841      92    7083    320 |    1.40        0.00
GET      /api/concerts                                                                   1012     0(0.00%) |     24       2     835      3 |    0.70        0.00
GET      /health                                                                          519     0(0.00%) |     27       2    1794      3 |    0.50        0.00
--------|----------------------------------------------------------------------------|-------|-------------|-------|-------|-------|-------|--------|-----------
         Aggregated                                                                      6388     0(0.00%) |    645       2    7083    200 |    2.60        0.00

Type     Name                                                                          # reqs      # fails |    Avg     Min     Max    Med |   req/s  failures/s
--------|----------------------------------------------------------------------------|-------|-------------|-------|-------|-------|-------|--------|-----------
POST     /api/book                                                                       4860     0(0.00%) |    840      92    7083    320 |    1.40        0.00
GET      /api/concerts                                                                   1012     0(0.00%) |     24       2     835      3 |    0.60        0.00
GET      /health                                                                          519     0(0.00%) |     27       2    1794      3 |    0.40        0.00
--------|----------------------------------------------------------------------------|-------|-------------|-------|-------|-------|-------|--------|-----------
         Aggregated                                                                      6391     0(0.00%) |    645       2    7083    200 |    2.40        0.00

Type     Name                                                                          # reqs      # fails |    Avg     Min     Max    Med |   req/s  failures/s
--------|----------------------------------------------------------------------------|-------|-------------|-------|-------|-------|-------|--------|-----------
POST     /api/book                                                                       4863     0(0.00%) |    840      92    7083    320 |    1.60        0.00
GET      /api/concerts                                                                   1013     0(0.00%) |     24       2     835      3 |    0.50        0.00
GET      /health                                                                          520     0(0.00%) |     26       2    1794      3 |    0.20        0.00
--------|----------------------------------------------------------------------------|-------|-------------|-------|-------|-------|-------|--------|-----------
         Aggregated                                                                      6396     0(0.00%) |    645       2    7083    200 |    2.30        0.00

Type     Name                                                                          # reqs      # fails |    Avg     Min     Max    Med |   req/s  failures/s
--------|----------------------------------------------------------------------------|-------|-------------|-------|-------|-------|-------|--------|-----------
POST     /api/book                                                                       4868     0(0.00%) |    839      92    7083    320 |    1.40        0.00
GET      /api/concerts                                                                   1014     0(0.00%) |     24       2     835      3 |    0.50        0.00
GET      /health                                                                          520     0(0.00%) |     26       2    1794      3 |    0.20        0.00
--------|----------------------------------------------------------------------------|-------|-------------|-------|-------|-------|-------|--------|-----------
         Aggregated                                                                      6402     0(0.00%) |    644       2    7083    200 |    2.10        0.00

Type     Name                                                                          # reqs      # fails |    Avg     Min     Max    Med |   req/s  failures/s
--------|----------------------------------------------------------------------------|-------|-------------|-------|-------|-------|-------|--------|-----------
POST     /api/book                                                                       4871     0(0.00%) |    839      92    7083    320 |    1.60        0.00
GET      /api/concerts                                                                   1015     0(0.00%) |     24       2     835      3 |    0.30        0.00
GET      /health                                                                          520     0(0.00%) |     26       2    1794      3 |    0.10        0.00
--------|----------------------------------------------------------------------------|-------|-------------|-------|-------|-------|-------|--------|-----------
         Aggregated                                                                      6406     0(0.00%) |    644       2    7083    200 |    2.00        0.00

Type     Name                                                                          # reqs      # fails |    Avg     Min     Max    Med |   req/s  failures/s
--------|----------------------------------------------------------------------------|-------|-------------|-------|-------|-------|-------|--------|-----------
POST     /api/book                                                                       4877     0(0.00%) |    838      92    7083    320 |    1.80        0.00
GET      /api/concerts                                                                   1015     0(0.00%) |     24       2     835      3 |    0.40        0.00
GET      /health                                                                          520     0(0.00%) |     26       2    1794      3 |    0.10        0.00
--------|----------------------------------------------------------------------------|-------|-------------|-------|-------|-------|-------|--------|-----------
         Aggregated                                                                      6412     0(0.00%) |    643       2    7083    200 |    2.30        0.00

Type     Name                                                                          # reqs      # fails |    Avg     Min     Max    Med |   req/s  failures/s
--------|----------------------------------------------------------------------------|-------|-------------|-------|-------|-------|-------|--------|-----------
POST     /api/book                                                                       4880     0(0.00%) |    838      92    7083    310 |    2.00        0.00
GET      /api/concerts                                                                   1016     0(0.00%) |     24       2     835      3 |    0.30        0.00
GET      /health                                                                          520     0(0.00%) |     26       2    1794      3 |    0.10        0.00
--------|----------------------------------------------------------------------------|-------|-------------|-------|-------|-------|-------|--------|-----------
         Aggregated                                                                      6416     0(0.00%) |    643       2    7083    200 |    2.40        0.00

Type     Name                                                                          # reqs      # fails |    Avg     Min     Max    Med |   req/s  failures/s
--------|----------------------------------------------------------------------------|-------|-------------|-------|-------|-------|-------|--------|-----------
POST     /api/book                                                                       4886     0(0.00%) |    837      92    7083    310 |    2.10        0.00
GET      /api/concerts                                                                   1016     0(0.00%) |     24       2     835      3 |    0.30        0.00
GET      /health                                                                          520     0(0.00%) |     26       2    1794      3 |    0.10        0.00
--------|----------------------------------------------------------------------------|-------|-------------|-------|-------|-------|-------|--------|-----------
         Aggregated                                                                      6422     0(0.00%) |    643       2    7083    200 |    2.50        0.00

Type     Name                                                                          # reqs      # fails |    Avg     Min     Max    Med |   req/s  failures/s
--------|----------------------------------------------------------------------------|-------|-------------|-------|-------|-------|-------|--------|-----------
POST     /api/book                                                                       4890     0(0.00%) |    836      92    7083    310 |    2.20        0.00
GET      /api/concerts                                                                   1017     0(0.00%) |     24       2     835      3 |    0.30        0.00
GET      /health                                                                          520     0(0.00%) |     26       2    1794      3 |    0.00        0.00
--------|----------------------------------------------------------------------------|-------|-------------|-------|-------|-------|-------|--------|-----------
         Aggregated                                                                      6427     0(0.00%) |    642       2    7083    200 |    2.50        0.00

Type     Name                                                                          # reqs      # fails |    Avg     Min     Max    Med |   req/s  failures/s
--------|----------------------------------------------------------------------------|-------|-------------|-------|-------|-------|-------|--------|-----------
POST     /api/book                                                                       4893     0(0.00%) |    836      92    7083    310 |    2.20        0.00
GET      /api/concerts                                                                   1018     0(0.00%) |     24       2     835      3 |    0.40        0.00
GET      /health                                                                          520     0(0.00%) |     26       2    1794      3 |    0.00        0.00
--------|----------------------------------------------------------------------------|-------|-------------|-------|-------|-------|-------|--------|-----------
         Aggregated                                                                      6431     0(0.00%) |    642       2    7083    200 |    2.60        0.00

Type     Name                                                                          # reqs      # fails |    Avg     Min     Max    Med |   req/s  failures/s
--------|----------------------------------------------------------------------------|-------|-------------|-------|-------|-------|-------|--------|-----------
POST     /api/book                                                                       4896     0(0.00%) |    835      92    7083    310 |    2.20        0.00
GET      /api/concerts                                                                   1019     0(0.00%) |     24       2     835      3 |    0.30        0.00
GET      /health                                                                          522     0(0.00%) |     26       2    1794      3 |    0.00        0.00
--------|----------------------------------------------------------------------------|-------|-------------|-------|-------|-------|-------|--------|-----------
         Aggregated                                                                      6437     0(0.00%) |    641       2    7083    200 |    2.50        0.00

Type     Name                                                                          # reqs      # fails |    Avg     Min     Max    Med |   req/s  failures/s
--------|----------------------------------------------------------------------------|-------|-------------|-------|-------|-------|-------|--------|-----------
POST     /api/book                                                                       4900     0(0.00%) |    835      92    7083    310 |    2.00        0.00
GET      /api/concerts                                                                   1020     0(0.00%) |     24       2     835      3 |    0.30        0.00
GET      /health                                                                          522     0(0.00%) |     26       2    1794      3 |    0.20        0.00
--------|----------------------------------------------------------------------------|-------|-------------|-------|-------|-------|-------|--------|-----------
         Aggregated                                                                      6442     0(0.00%) |    641       2    7083    200 |    2.50        0.00

Type     Name                                                                          # reqs      # fails |    Avg     Min     Max    Med |   req/s  failures/s
--------|----------------------------------------------------------------------------|-------|-------------|-------|-------|-------|-------|--------|-----------
POST     /api/book                                                                       4903     0(0.00%) |    834      92    7083    310 |    1.90        0.00
GET      /api/concerts                                                                   1020     0(0.00%) |     24       2     835      3 |    0.50        0.00
GET      /health                                                                          522     0(0.00%) |     26       2    1794      3 |    0.20        0.00
--------|----------------------------------------------------------------------------|-------|-------------|-------|-------|-------|-------|--------|-----------
         Aggregated                                                                      6445     0(0.00%) |    641       2    7083    200 |    2.60        0.00

Type     Name                                                                          # reqs      # fails |    Avg     Min     Max    Med |   req/s  failures/s
--------|----------------------------------------------------------------------------|-------|-------------|-------|-------|-------|-------|--------|-----------
POST     /api/book                                                                       4908     0(0.00%) |    834      92    7083    310 |    1.80        0.00
GET      /api/concerts                                                                   1021     0(0.00%) |     24       2     835      3 |    0.40        0.00
GET      /health                                                                          522     0(0.00%) |     26       2    1794      3 |    0.20        0.00
--------|----------------------------------------------------------------------------|-------|-------------|-------|-------|-------|-------|--------|-----------
         Aggregated                                                                      6451     0(0.00%) |    640       2    7083    200 |    2.40        0.00

Type     Name                                                                          # reqs      # fails |    Avg     Min     Max    Med |   req/s  failures/s
--------|----------------------------------------------------------------------------|-------|-------------|-------|-------|-------|-------|--------|-----------
POST     /api/book                                                                       4911     0(0.00%) |    833      92    7083    310 |    1.80        0.00
GET      /api/concerts                                                                   1021     0(0.00%) |     24       2     835      3 |    0.40        0.00
GET      /health                                                                          522     0(0.00%) |     26       2    1794      3 |    0.20        0.00
--------|----------------------------------------------------------------------------|-------|-------------|-------|-------|-------|-------|--------|-----------
         Aggregated                                                                      6454     0(0.00%) |    640       2    7083    190 |    2.40        0.00

Type     Name                                                                          # reqs      # fails |    Avg     Min     Max    Med |   req/s  failures/s
--------|----------------------------------------------------------------------------|-------|-------------|-------|-------|-------|-------|--------|-----------
POST     /api/book                                                                       4916     0(0.00%) |    833      92    7083    310 |    1.60        0.00
GET      /api/concerts                                                                   1021     0(0.00%) |     24       2     835      3 |    0.30        0.00
GET      /health                                                                          522     0(0.00%) |     26       2    1794      3 |    0.20        0.00
--------|----------------------------------------------------------------------------|-------|-------------|-------|-------|-------|-------|--------|-----------
         Aggregated                                                                      6459     0(0.00%) |    640       2    7083    190 |    2.10        0.00

Type     Name                                                                          # reqs      # fails |    Avg     Min     Max    Med |   req/s  failures/s
--------|----------------------------------------------------------------------------|-------|-------------|-------|-------|-------|-------|--------|-----------
POST     /api/book                                                                       4918     0(0.00%) |    832      92    7083    310 |    1.90        0.00
GET      /api/concerts                                                                   1022     0(0.00%) |     24       2     835      3 |    0.30        0.00
GET      /health                                                                          523     0(0.00%) |     26       2    1794      3 |    0.00        0.00
--------|----------------------------------------------------------------------------|-------|-------------|-------|-------|-------|-------|--------|-----------
         Aggregated                                                                      6463     0(0.00%) |    639       2    7083    190 |    2.20        0.00

Type     Name                                                                          # reqs      # fails |    Avg     Min     Max    Med |   req/s  failures/s
--------|----------------------------------------------------------------------------|-------|-------------|-------|-------|-------|-------|--------|-----------
POST     /api/book                                                                       4924     0(0.00%) |    831      92    7083    310 |    1.80        0.00
GET      /api/concerts                                                                   1022     0(0.00%) |     24       2     835      3 |    0.20        0.00
GET      /health                                                                          523     0(0.00%) |     26       2    1794      3 |    0.10        0.00
--------|----------------------------------------------------------------------------|-------|-------------|-------|-------|-------|-------|--------|-----------
         Aggregated                                                                      6469     0(0.00%) |    639       2    7083    190 |    2.10        0.00

Type     Name                                                                          # reqs      # fails |    Avg     Min     Max    Med |   req/s  failures/s
--------|----------------------------------------------------------------------------|-------|-------------|-------|-------|-------|-------|--------|-----------
POST     /api/book                                                                       4927     0(0.00%) |    831      92    7083    310 |    2.00        0.00
GET      /api/concerts                                                                   1022     0(0.00%) |     24       2     835      3 |    0.20        0.00
GET      /health                                                                          524     0(0.00%) |     26       2    1794      3 |    0.10        0.00
--------|----------------------------------------------------------------------------|-------|-------------|-------|-------|-------|-------|--------|-----------
         Aggregated                                                                      6473     0(0.00%) |    638       2    7083    190 |    2.30        0.00

Type     Name                                                                          # reqs      # fails |    Avg     Min     Max    Med |   req/s  failures/s
--------|----------------------------------------------------------------------------|-------|-------------|-------|-------|-------|-------|--------|-----------
POST     /api/book                                                                       4931     0(0.00%) |    830      92    7083    310 |    2.00        0.00
GET      /api/concerts                                                                   1022     0(0.00%) |     24       2     835      3 |    0.10        0.00
GET      /health                                                                          524     0(0.00%) |     26       2    1794      3 |    0.10        0.00
--------|----------------------------------------------------------------------------|-------|-------------|-------|-------|-------|-------|--------|-----------
         Aggregated                                                                      6477     0(0.00%) |    638       2    7083    190 |    2.20        0.00

Type     Name                                                                          # reqs      # fails |    Avg     Min     Max    Med |   req/s  failures/s
--------|----------------------------------------------------------------------------|-------|-------------|-------|-------|-------|-------|--------|-----------
POST     /api/book                                                                       4933     0(0.00%) |    830      92    7083    310 |    2.10        0.00
GET      /api/concerts                                                                   1022     0(0.00%) |     24       2     835      3 |    0.10        0.00
GET      /health                                                                          526     0(0.00%) |     26       2    1794      3 |    0.20        0.00
--------|----------------------------------------------------------------------------|-------|-------------|-------|-------|-------|-------|--------|-----------
         Aggregated                                                                      6481     0(0.00%) |    638       2    7083    190 |    2.40        0.00

Type     Name                                                                          # reqs      # fails |    Avg     Min     Max    Med |   req/s  failures/s
--------|----------------------------------------------------------------------------|-------|-------------|-------|-------|-------|-------|--------|-----------
POST     /api/book                                                                       4938     0(0.00%) |    829      92    7083    310 |    1.80        0.00
GET      /api/concerts                                                                   1023     0(0.00%) |     24       2     835      3 |    0.10        0.00
GET      /health                                                                          526     0(0.00%) |     26       2    1794      3 |    0.40        0.00
--------|----------------------------------------------------------------------------|-------|-------------|-------|-------|-------|-------|--------|-----------
         Aggregated                                                                      6487     0(0.00%) |    637       2    7083    190 |    2.30        0.00

Type     Name                                                                          # reqs      # fails |    Avg     Min     Max    Med |   req/s  failures/s
--------|----------------------------------------------------------------------------|-------|-------------|-------|-------|-------|-------|--------|-----------
POST     /api/book                                                                       4940     0(0.00%) |    829      92    7083    310 |    1.70        0.00
GET      /api/concerts                                                                   1024     0(0.00%) |     24       2     835      3 |    0.10        0.00
GET      /health                                                                          527     0(0.00%) |     26       2    1794      3 |    0.40        0.00
--------|----------------------------------------------------------------------------|-------|-------------|-------|-------|-------|-------|--------|-----------
         Aggregated                                                                      6491     0(0.00%) |    637       2    7083    190 |    2.20        0.00

Type     Name                                                                          # reqs      # fails |    Avg     Min     Max    Med |   req/s  failures/s
--------|----------------------------------------------------------------------------|-------|-------------|-------|-------|-------|-------|--------|-----------
POST     /api/book                                                                       4945     0(0.00%) |    828      92    7083    310 |    1.80        0.00
GET      /api/concerts                                                                   1024     0(0.00%) |     24       2     835      3 |    0.20        0.00
GET      /health                                                                          527     0(0.00%) |     26       2    1794      3 |    0.40        0.00
--------|----------------------------------------------------------------------------|-------|-------------|-------|-------|-------|-------|--------|-----------
         Aggregated                                                                      6496     0(0.00%) |    637       2    7083    190 |    2.40        0.00

Type     Name                                                                          # reqs      # fails |    Avg     Min     Max    Med |   req/s  failures/s
--------|----------------------------------------------------------------------------|-------|-------------|-------|-------|-------|-------|--------|-----------
POST     /api/book                                                                       4948     0(0.00%) |    828      92    7083    310 |    1.70        0.00
GET      /api/concerts                                                                   1026     0(0.00%) |     24       2     835      3 |    0.20        0.00
GET      /health                                                                          527     0(0.00%) |     26       2    1794      3 |    0.40        0.00
--------|----------------------------------------------------------------------------|-------|-------------|-------|-------|-------|-------|--------|-----------
         Aggregated                                                                      6501     0(0.00%) |    636       2    7083    190 |    2.30        0.00

Type     Name                                                                          # reqs      # fails |    Avg     Min     Max    Med |   req/s  failures/s
--------|----------------------------------------------------------------------------|-------|-------------|-------|-------|-------|-------|--------|-----------
POST     /api/book                                                                       4951     0(0.00%) |    828      92    7083    310 |    1.80        0.00
GET      /api/concerts                                                                   1026     0(0.00%) |     24       2     835      3 |    0.30        0.00
GET      /health                                                                          529     0(0.00%) |     26       2    1794      3 |    0.30        0.00
--------|----------------------------------------------------------------------------|-------|-------------|-------|-------|-------|-------|--------|-----------
         Aggregated                                                                      6506     0(0.00%) |    636       2    7083    190 |    2.40        0.00

Type     Name                                                                          # reqs      # fails |    Avg     Min     Max    Med |   req/s  failures/s
--------|----------------------------------------------------------------------------|-------|-------------|-------|-------|-------|-------|--------|-----------
POST     /api/book                                                                       4952     0(0.00%) |    827      92    7083    310 |    1.80        0.00
GET      /api/concerts                                                                   1029     0(0.00%) |     24       2     835      3 |    0.40        0.00
GET      /health                                                                          531     0(0.00%) |     26       2    1794      3 |    0.30        0.00
--------|----------------------------------------------------------------------------|-------|-------------|-------|-------|-------|-------|--------|-----------
         Aggregated                                                                      6512     0(0.00%) |    635       2    7083    190 |    2.50        0.00

[2026-05-31 13:18:58,550] ip-172-31-20-158/INFO/locust.runners: Shape test stopping
[2026-05-31 13:18:58,576] ip-172-31-20-158/INFO/locust.main: Shape test completed, shutting down
[2026-05-31 13:18:58,576] ip-172-31-20-158/INFO/locust.main: Run time limit set to 900 seconds
[2026-05-31 13:18:58,647] ip-172-31-20-158/INFO/locust.main: writing html report to file: report_bursty_run3.html
[2026-05-31 13:18:58,649] ip-172-31-20-158/INFO/locust.main: Shutting down (exit code 0)
Type     Name                                                                          # reqs      # fails |    Avg     Min     Max    Med |   req/s  failures/s
--------|----------------------------------------------------------------------------|-------|-------------|-------|-------|-------|-------|--------|-----------
POST     /api/book                                                                       4952     0(0.00%) |    827      92    7083    310 |    5.51        0.00
GET      /api/concerts                                                                   1030     0(0.00%) |     24       2     835      3 |    1.15        0.00
GET      /health                                                                          532     0(0.00%) |     26       2    1794      3 |    0.59        0.00
--------|----------------------------------------------------------------------------|-------|-------------|-------|-------|-------|-------|--------|-----------
         Aggregated                                                                      6514     0(0.00%) |    635       2    7083    190 |    7.24        0.00

Response time percentiles (approximated)
Type     Name                                                                                  50%    66%    75%    80%    90%    95%    98%    99%  99.9% 99.99%   100% # reqs
--------|--------------------------------------------------------------------------------|--------|------|------|------|------|------|------|------|------|------|------|------
POST     /api/book                                                                             310    490    710    930   2700   4100   5200   5600   6600   7100   7100   4952
GET      /api/concerts                                                                           3      7     20     28     54     85    210    390    740    840    840   1030
GET      /health                                                                                 3      4     12     24     51     79    240    510   1800   1800   1800    532
--------|--------------------------------------------------------------------------------|--------|------|------|------|------|------|------|------|------|------|------|------
         Aggregated                                                                            190    360    510    670   1800   3700   4900   5400   6500   7100   7100   6514

