Timestamp,User Count,Type,Name,Requests/s,Failures/s,50%,66%,75%,80%,90%,95%,98%,99%,99.9%,99.99%,100%,Total Request Count,Total Failure Count,Total Median Response Time,Total Average Response Time,Total Min Response Time,Total Max Response Time,Total Average Content Size
1780052115,0,,Aggregated,0.000000,0.000000,N/A,N/A,N/A,N/A,N/A,N/A,N/A,N/A,N/A,N/A,N/A,0,0,0,0.0,0,0,0
1780052116,2,POST,/api/book,0.000000,0.000000,0,0,0,0,0,0,0,0,0,0,0,2,0,453.97437599967816,463.18878249985573,453.97437599967816,472.4031890000333,3369.5
1780052116,2,,Aggregated,0.000000,0.000000,0,0,0,0,0,0,0,0,0,0,0,2,0,453.97437599967816,463.18878249985573,453.97437599967816,472.4031890000333,3369.5
1780052117,4,POST,/api/book,0.000000,0.000000,140,140,140,140,140,140,140,140,140,140,140,3,0,450,356.38032033299777,142.76339599928178,472.4031890000333,3374.6666666666665
1780052117,4,GET,/api/concerts,0.000000,0.000000,0,0,0,0,0,0,0,0,0,0,0,1,0,4.2359799990663305,4.2359799990663305,4.2359799990663305,4.2359799990663305,753.0
1780052117,4,,Aggregated,0.000000,0.000000,140,140,140,140,140,140,140,140,140,140,140,4,0,140,268.3442352495149,4.2359799990663305,472.4031890000333,2719.25
1780052118,6,POST,/api/book,2.000000,0.000000,460,620,620,660,660,660,660,660,660,660,660,7,0,460,459.8209201425821,142.76339599928178,656.0166390008817,3383.285714285714
1780052118,6,GET,/api/concerts,0.000000,0.000000,4,4,4,4,4,4,4,4,4,4,4,1,0,4.2359799990663305,4.2359799990663305,4.2359799990663305,4.2359799990663305,753.0
1780052118,6,,Aggregated,2.000000,0.000000,460,460,620,620,660,660,660,660,660,660,660,8,0,450,402.87280262464265,4.2359799990663305,656.0166390008817,3054.5
1780052119,8,POST,/api/book,1.500000,0.000000,460,500,560,620,660,660,660,660,660,660,660,11,0,460,443.66789227255634,140.25378299993463,656.0166390008817,3386.181818181818
1780052119,8,GET,/api/concerts,0.500000,0.000000,4,4,4,4,4,4,4,4,4,4,4,1,0,4.2359799990663305,4.2359799990663305,4.2359799990663305,4.2359799990663305,753.0
1780052119,8,GET,/health,0.000000,0.000000,0,0,0,0,0,0,0,0,0,0,0,1,0,2.550855999288615,2.550855999288615,2.550855999288615,2.550855999288615,57.0
1780052119,8,,Aggregated,2.000000,0.000000,460,500,560,560,620,660,660,660,660,660,660,13,0,460,375.9333577689596,2.550855999288615,656.0166390008817,2927.5384615384614
1780052120,10,POST,/api/book,1.333333,0.000000,460,460,560,560,620,660,660,660,660,660,660,14,0,450,376.98515992841357,98.58627100038575,656.0166390008817,3384.285714285714
1780052120,10,GET,/api/concerts,0.333333,0.000000,4,4,4,4,4,4,4,4,4,4,4,2,0,4.1320759992231615,4.184027999144746,4.1320759992231615,4.2359799990663305,753.0
1780052120,10,GET,/health,0.000000,0.000000,0,0,0,0,0,0,0,0,0,0,0,1,0,2.550855999288615,2.550855999288615,2.550855999288615,2.550855999288615,57.0
1780052120,10,,Aggregated,1.666667,0.000000,150,460,500,560,620,660,660,660,660,660,660,17,0,410,311.100655940904,2.550855999288615,656.0166390008817,2879.0
1780052121,12,POST,/api/book,2.500000,0.000000,450,460,550,550,620,660,660,660,660,660,660,18,0,450,380.96429938872865,98.58627100038575,656.0166390008817,3387.3888888888887
1780052121,12,GET,/api/concerts,0.250000,0.000000,4,4,4,4,4,4,4,4,4,4,4,3,0,4,4.063108666135425,3.821270000116783,4.2359799990663305,753.0
1780052121,12,GET,/health,0.000000,0.000000,3,3,3,3,3,3,3,3,3,3,3,1,0,2.550855999288615,2.550855999288615,2.550855999288615,2.550855999288615,57.0
1780052121,12,,Aggregated,2.750000,0.000000,410,460,500,550,620,660,660,660,660,660,660,22,0,410,312.36807140885503,2.550855999288615,656.0166390008817,2876.7727272727275
1780052122,14,POST,/api/book,2.600000,0.000000,460,500,560,620,750,770,770,770,770,770,770,20,0,450,419.08678764993965,98.58627100038575,771.1548730003415,3385.25
1780052122,14,GET,/api/concerts,0.400000,0.000000,4,4,5,5,5,5,5,5,5,5,5,4,0,4,4.207831749226898,3.821270000116783,4.642000998501317,753.0
1780052122,14,GET,/health,0.200000,0.000000,3,3,3,3,3,3,3,3,3,3,3,1,0,2.550855999288615,2.550855999288615,2.550855999288615,2.550855999288615,57.0
1780052122,14,,Aggregated,3.200000,0.000000,410,460,550,560,660,750,770,770,770,770,770,25,0,410,336.04471743979957,2.550855999288615,771.1548730003415,2830.96
1780052123,16,POST,/api/book,2.666667,0.000000,460,560,660,750,1500,1600,1700,1700,1700,1700,1700,23,0,460,574.1588581738894,98.58627100038575,1682.5415319999593,3386.0
1780052123,16,GET,/api/concerts,0.500000,0.000000,4,4,5,5,5,5,5,5,5,5,5,4,0,4,4.207831749226898,3.821270000116783,4.642000998501317,753.0
1780052123,16,GET,/health,0.166667,0.000000,3,3,3,3,3,3,3,3,3,3,3,1,0,2.550855999288615,2.550855999288615,2.550855999288615,2.550855999288615,57.0
1780052123,16,,Aggregated,3.333333,0.000000,450,550,620,660,1500,1600,1700,1700,1700,1700,1700,28,0,450,472.3227114641304,2.550855999288615,1682.5415319999593,2890.964285714286
1780052124,18,POST,/api/book,2.571429,0.000000,500,620,750,770,1600,1700,2000,2000,2000,2000,2000,24,0,460,635.2747625416365,98.58627100038575,2040.9405629998219,3386.125
1780052124,18,GET,/api/concerts,0.571429,0.000000,4,5,5,40,40,40,40,40,40,40,40,5,0,4,11.320013799195294,3.821270000116783,39.76874199906888,753.0
1780052124,18,GET,/health,0.142857,0.000000,3,3,3,3,3,3,3,3,3,3,3,1,0,2.550855999288615,2.550855999288615,2.550855999288615,2.550855999288615,57.0
1780052124,18,,Aggregated,3.285714,0.000000,450,550,660,750,1600,1700,2000,2000,2000,2000,2000,30,0,450,510.1915075331514,2.550855999288615,2040.9405629998219,2836.3
1780052125,20,POST,/api/book,2.500000,0.000000,660,1600,2000,2600,2900,2900,3000,3000,3000,3000,3000,32,0,560,1113.124910531269,98.58627100038575,2962.7586570004496,3383.90625
1780052125,20,GET,/api/concerts,0.500000,0.000000,4,5,5,40,40,40,40,40,40,40,40,5,0,4,11.320013799195294,3.821270000116783,39.76874199906888,753.0
1780052125,20,GET,/health,0.125000,0.000000,3,3,3,3,3,3,3,3,3,3,3,1,0,2.550855999288615,2.550855999288615,2.550855999288615,2.550855999288615,57.0
1780052125,20,,Aggregated,3.125000,0.000000,550,770,1800,2000,2700,2900,3000,3000,3000,3000,3000,38,0,470,938.9249489998914,2.550855999288615,2962.7586570004496,2950.184210526316
1780052126,20,POST,/api/book,2.666667,0.000000,1500,2000,2600,2700,2900,3000,3400,3400,3400,3400,3400,38,0,750,1354.3643078420773,98.58627100038575,3403.1322169994382,3386.2105263157896
1780052126,20,GET,/api/concerts,0.444444,0.000000,4,5,5,40,40,40,40,40,40,40,40,5,0,4,11.320013799195294,3.821270000116783,39.76874199906888,753.0
1780052126,20,GET,/health,0.111111,0.000000,3,3,3,3,3,3,3,3,3,3,3,1,0,2.550855999288615,2.550855999288615,2.550855999288615,2.550855999288615,57.0
1780052126,20,,Aggregated,3.222222,0.000000,750,1900,2400,2600,2900,3000,3400,3400,3400,3400,3400,44,0,560,1171.02260506805,2.550855999288615,3403.1322169994382,3011.318181818182
1780052127,20,POST,/api/book,2.800000,0.000000,1500,2000,2400,2600,2900,3000,3400,3400,3400,3400,3400,43,0,1100,1377.556245325544,98.58627100038575,3403.1322169994382,3387.4651162790697
1780052127,20,GET,/api/concerts,0.500000,0.000000,5,5,38,38,40,40,40,40,40,40,40,6,0,4,15.709013666006891,3.821270000116783,39.76874199906888,753.0
1780052127,20,GET,/health,0.100000,0.000000,10,10,10,10,10,10,10,10,10,10,10,2,0,3,6.3280789991040365,2.550855999288615,10.105301998919458,57.0
1780052127,20,,Aggregated,3.400000,0.000000,950,1900,2200,2400,2900,3000,3400,3400,3400,3400,3400,51,0,660,1163.5652703724047,2.550855999288615,3403.1322169994382,2946.921568627451
1780052128,20,POST,/api/book,3.200000,0.000000,1600,2000,2400,2600,2900,3000,3400,3400,3400,3400,3400,50,0,1200,1351.1227179799243,98.58627100038575,3403.1322169994382,3387.24
1780052128,20,GET,/api/concerts,0.500000,0.000000,5,5,38,38,40,40,40,40,40,40,40,8,0,4,12.804742999605878,2.809387000525021,39.76874199906888,753.0
1780052128,20,GET,/health,0.100000,0.000000,10,10,10,10,10,10,10,10,10,10,10,2,0,3,6.3280789991040365,2.550855999288615,10.105301998919458,57.0
1780052128,20,,Aggregated,3.800000,0.000000,1300,1800,2100,2400,2900,3000,3400,3400,3400,3400,3400,60,0,730,1127.8538333498545,2.550855999288615,3403.1322169994382,2925.0
1780052129,20,POST,/api/book,3.900000,0.000000,1600,2000,2400,2600,2900,3000,3400,3400,3400,3400,3400,52,0,1100,1325.8437882883788,98.58627100038575,3403.1322169994382,3387.4423076923076
1780052129,20,GET,/api/concerts,0.400000,0.000000,5,5,38,38,40,40,40,40,40,40,40,8,0,4,12.804742999605878,2.809387000525021,39.76874199906888,753.0
1780052129,20,GET,/health,0.200000,0.000000,3,3,10,10,10,10,10,10,10,10,10,3,0,3,5.175322999396788,2.550855999288615,10.105301998919458,57.0
1780052129,20,,Aggregated,4.500000,0.000000,1400,1900,2200,2400,2900,3000,3400,3400,3400,3400,3400,63,0,730,1096.219696888742,2.550855999288615,3403.1322169994382,2894.3174603174602
1780052130,20,POST,/api/book,4.100000,0.000000,1700,2000,2400,2600,2900,3000,3400,3400,3400,3400,3400,55,0,1300,1349.9872120908549,98.58627100038575,3403.1322169994382,3388.927272727273
1780052130,20,GET,/api/concerts,0.600000,0.000000,37,37,38,38,40,40,40,40,40,40,40,9,0,5,15.456267443975472,2.809387000525021,39.76874199906888,753.0
1780052130,20,GET,/health,0.200000,0.000000,3,3,10,10,10,10,10,10,10,10,10,3,0,3,5.175322999396788,2.550855999288615,10.105301998919458,57.0
1780052130,20,,Aggregated,4.900000,0.000000,1600,1900,2200,2400,2900,3000,3400,3400,3400,3400,3400,67,0,750,1110.5064035968803,2.550855999288615,3403.1322169994382,2885.6567164179105
1780052131,20,POST,/api/book,4.100000,0.000000,1900,2100,2400,2600,2900,3000,3400,3400,3400,3400,3400,59,0,1500,1402.2365369999502,98.58627100038575,3403.1322169994382,3389.186440677966
1780052131,20,GET,/api/concerts,0.700000,0.000000,37,37,38,38,40,40,40,40,40,40,40,9,0,5,15.456267443975472,2.809387000525021,39.76874199906888,753.0
1780052131,20,GET,/health,0.200000,0.000000,3,3,10,10,10,10,10,10,10,10,10,3,0,3,5.175322999396788,2.550855999288615,10.105301998919458,57.0
1780052131,20,,Aggregated,5.000000,0.000000,1700,2000,2400,2400,2900,3000,3400,3400,3400,3400,3400,71,0,890,1167.416733225226,2.550855999288615,3403.1322169994382,2914.225352112676
1780052132,20,POST,/api/book,3.900000,0.000000,1900,2200,2400,2600,2900,3000,3400,3400,3400,3400,3400,63,0,1600,1446.989628158715,98.58627100038575,3403.1322169994382,3390.1111111111113
1780052132,20,GET,/api/concerts,0.700000,0.000000,37,38,38,40,40,40,40,40,40,40,40,9,0,5,15.456267443975472,2.809387000525021,39.76874199906888,753.0
1780052132,20,GET,/health,0.200000,0.000000,3,3,10,10,10,10,10,10,10,10,10,3,0,3,5.175322999396788,2.550855999288615,10.105301998919458,57.0
1780052132,20,,Aggregated,4.800000,0.000000,1800,2100,2400,2400,2900,3000,3400,3400,3400,3400,3400,75,0,1100,1217.5330526665737,2.550855999288615,3403.1322169994382,2940.3333333333335
1780052133,20,POST,/api/book,4.100000,0.000000,2000,2400,2600,2700,2900,3000,3400,3400,3400,3400,3400,67,0,1600,1493.3546788358683,98.58627100038575,3403.1322169994382,3389.9850746268658
1780052133,20,GET,/api/concerts,0.600000,0.000000,37,38,38,40,40,40,40,40,40,40,40,9,0,5,15.456267443975472,2.809387000525021,39.76874199906888,753.0
1780052133,20,GET,/health,0.200000,0.000000,10,10,10,10,10,10,10,10,10,10,10,3,0,3,5.175322999396788,2.550855999288615,10.105301998919458,57.0
1780052133,20,,Aggregated,4.900000,0.000000,1900,2200,2400,2600,2900,3000,3400,3400,3400,3400,3400,79,0,1300,1268.4733652911032,2.550855999288615,3403.1322169994382,2963.0
1780052134,20,POST,/api/book,4.400000,0.000000,2000,2300,2400,2700,3000,3400,3900,3900,3900,3900,3900,78,0,1700,1612.048338205195,98.58627100038575,3941.6917849994206,3388.358974358974
1780052134,20,GET,/api/concerts,0.500000,0.000000,38,38,40,40,600,600,600,600,600,600,600,10,0,5,74.11608519960282,2.809387000525021,602.054445000249,753.0
1780052134,20,GET,/health,0.200000,0.000000,10,10,24,24,24,24,24,24,24,24,24,4,0,3,9.849660249528824,2.550855999288615,23.872671999924933,57.0
1780052134,20,,Aggregated,5.100000,0.000000,1900,2200,2400,2500,3000,3400,3600,3900,3900,3900,3900,92,0,1400,1375.2209768804278,2.550855999288615,3941.6917849994206,2957.0652173913045
1780052135,20,POST,/api/book,4.400000,0.000000,1900,2200,2400,2500,3000,3400,3900,3900,3900,3900,3900,80,0,1700,1585.426640900073,98.58627100038575,3941.6917849994206,3388.075
1780052135,20,GET,/api/concerts,0.500000,0.000000,37,37,38,38,600,600,600,600,600,600,600,11,0,5,67.65409354507442,2.809387000525021,602.054445000249,753.0
1780052135,20,GET,/health,0.200000,0.000000,10,10,24,24,24,24,24,24,24,24,24,4,0,3,9.849660249528824,2.550855999288615,23.872671999924933,57.0
1780052135,20,,Aggregated,5.100000,0.000000,1700,2100,2300,2400,2900,3400,3600,3900,3900,3900,3900,95,0,1300,1343.3444730736817,2.550855999288615,3941.6917849994206,2942.705263157895
1780052136,20,POST,/api/book,4.400000,0.000000,1800,2100,2300,2400,2900,3600,3900,3900,3900,3900,3900,81,0,1700,1571.7885493087113,98.58627100038575,3941.6917849994206,3387.703703703704
1780052136,20,GET,/api/concerts,0.500000,0.000000,37,38,73,73,600,600,600,600,600,600,600,12,0,5,68.12993458303633,2.809387000525021,602.054445000249,753.0
1780052136,20,GET,/health,0.200000,0.000000,24,28,28,40,40,40,40,40,40,40,40,6,0,10,17.994164666257955,2.550855999288615,40.480187999492045,57.0
1780052136,20,,Aggregated,5.100000,0.000000,1600,1900,2100,2300,2700,3400,3900,3900,3900,3900,3900,99,0,1100,1295.3575423939353,2.550855999288615,3941.6917849994206,2866.4848484848485
1780052137,20,POST,/api/book,5.200000,0.000000,1800,2100,2300,2400,2900,3600,3900,3900,3900,3900,3900,84,0,1700,1572.883746309604,98.58627100038575,3941.6917849994206,3386.6666666666665
1780052137,20,GET,/api/concerts,0.500000,0.000000,37,37,73,73,600,600,600,600,600,600,600,13,0,5,64.698458307388,2.809387000525021,602.054445000249,753.0
1780052137,20,GET,/health,0.300000,0.000000,28,28,40,40,40,40,40,40,40,40,40,6,0,10,17.994164666257955,2.550855999288615,40.480187999492045,57.0
1780052137,20,,Aggregated,6.000000,0.000000,1600,1900,2100,2300,2700,3400,3900,3900,3900,3900,3900,103,0,1200,1291.9541712233042,2.550855999288615,3941.6917849994206,2860.3009708737864
1780052138,20,POST,/api/book,4.700000,0.000000,2100,2300,2400,2500,2900,3600,3900,3900,3900,3900,3900,87,0,1700,1599.818210781701,98.58627100038575,3941.6917849994206,3386.6206896551726
1780052138,20,GET,/api/concerts,0.600000,0.000000,37,73,73,600,600,600,600,600,600,600,600,13,0,5,64.698458307388,2.809387000525021,602.054445000249,753.0
1780052138,20,GET,/health,0.400000,0.000000,28,28,40,40,40,40,40,40,40,40,40,6,0,10,17.994164666257955,2.550855999288615,40.480187999492045,57.0
1780052138,20,,Aggregated,5.700000,0.000000,1800,2100,2300,2400,2700,3400,3900,3900,3900,3900,3900,106,0,1200,1322.0115970188833,2.550855999288615,3941.6917849994206,2875.1603773584907
1780052139,20,POST,/api/book,4.000000,0.000000,2100,2300,2400,2700,3100,3400,3900,3900,3900,3900,3900,97,0,1800,1673.1088014743195,98.58627100038575,3941.6917849994206,3386.917525773196
1780052139,20,GET,/api/concerts,0.700000,0.000000,70,70,73,73,600,600,600,600,600,600,600,14,0,5,65.06011264251096,2.809387000525021,602.054445000249,753.0
1780052139,20,GET,/health,0.400000,0.000000,28,40,40,220,220,220,220,220,220,220,220,7,0,24,46.208527713783305,2.550855999288615,215.4947059989354,57.0
1780052139,20,,Aggregated,5.100000,0.000000,1900,2200,2400,2500,3100,3400,3600,3900,3900,3900,3900,118,0,1500,1385.812330627124,2.550855999288615,3941.6917849994206,2876.8813559322034
1780052140,20,POST,/api/book,4.000000,0.000000,2000,2300,2400,2600,3100,3400,3900,3900,3900,3900,3900,103,0,1700,1628.5901343204935,98.58627100038575,3941.6917849994206,3387.252427184466
1780052140,20,GET,/api/concerts,0.600000,0.000000,70,70,73,73,600,600,600,600,600,600,600,14,0,5,65.06011264251096,2.809387000525021,602.054445000249,753.0
1780052140,20,GET,/health,0.400000,0.000000,28,40,40,220,220,220,220,220,220,220,220,7,0,24,46.208527713783305,2.550855999288615,215.4947059989354,57.0
1780052140,20,,Aggregated,5.000000,0.000000,1800,2200,2400,2500,3100,3400,3600,3900,3900,3900,3900,124,0,1300,1362.7345573064715,2.550855999288615,3941.6917849994206,2901.8387096774195
1780052141,20,POST,/api/book,4.300000,0.000000,1800,2300,2500,2700,3100,3400,3900,3900,3900,3900,3900,105,0,1700,1612.994552781051,98.58627100038575,3941.6917849994206,3387.4285714285716
1780052141,20,GET,/api/concerts,0.500000,0.000000,70,70,73,73,600,600,600,600,600,600,600,15,0,24,63.52235366624276,2.809387000525021,602.054445000249,753.0
1780052141,20,GET,/health,0.500000,0.000000,40,40,220,220,220,220,220,220,220,220,220,7,0,24,46.208527713783305,2.550855999288615,215.4947059989354,57.0
1780052141,20,,Aggregated,5.300000,0.000000,1700,2000,2300,2500,3100,3400,3600,3900,3900,3900,3900,127,0,1300,1343.6277404803186,2.550855999288615,3941.6917849994206,2892.7086614173227
1780052142,20,POST,/api/book,4.900000,0.000000,1800,2100,2300,2500,3100,3400,3900,3900,3900,3900,3900,111,0,1600,1599.2021345316168,98.58627100038575,3941.6917849994206,3387.5315315315315
1780052142,20,GET,/api/concerts,0.500000,0.000000,54,62,70,73,600,600,600,600,600,600,600,19,0,38,61.00212699972249,2.809387000525021,602.054445000249,753.0
1780052142,20,GET,/health,0.400000,0.000000,40,40,220,220,220,220,220,220,220,220,220,7,0,24,46.208527713783305,2.550855999288615,215.4947059989354,57.0
1780052142,20,,Aggregated,5.800000,0.000000,1400,1800,2100,2300,2900,3200,3600,3900,3900,3900,3900,137,0,1300,1306.5250878832167,2.550855999288615,3941.6917849994206,2851.985401459854
1780052143,20,POST,/api/book,4.700000,0.000000,1800,2100,2300,2500,3100,3400,3900,3900,3900,3900,3900,113,0,1700,1605.4209412478624,98.58627100038575,3941.6917849994206,3386.849557522124
1780052143,20,GET,/api/concerts,0.500000,0.000000,54,62,70,73,600,600,600,600,600,600,600,19,0,38,61.00212699972249,2.809387000525021,602.054445000249,753.0
1780052143,20,GET,/health,0.400000,0.000000,40,40,220,220,220,220,220,220,220,220,220,7,0,24,46.208527713783305,2.550855999288615,215.4947059989354,57.0
1780052143,20,,Aggregated,5.600000,0.000000,1400,1800,2200,2300,3100,3400,3600,3900,3900,3900,3900,139,0,1300,1315.7918450935226,2.550855999288615,3941.6917849994206,2859.136690647482
1780052144,20,POST,/api/book,4.600000,0.000000,1800,2000,2200,2300,2600,3100,3200,3200,3200,3200,3200,118,0,1700,1622.6163562203942,98.58627100038575,3941.6917849994206,3387.135593220339
1780052144,20,GET,/api/concerts,1.000000,0.000000,47,54,62,70,73,73,73,73,73,73,73,19,0,38,61.00212699972249,2.809387000525021,602.054445000249,753.0
1780052144,20,GET,/health,0.400000,0.000000,40,40,220,220,220,220,220,220,220,220,220,7,0,24,46.208527713783305,2.550855999288615,215.4947059989354,57.0
1780052144,20,,Aggregated,6.000000,0.000000,1400,1800,2000,2200,2400,3100,3200,3200,3200,3200,3200,144,0,1400,1339.939098201373,2.550855999288615,3941.6917849994206,2877.6944444444443
1780052145,20,POST,/api/book,4.800000,0.000000,1800,2000,2200,2300,2600,3100,3200,3200,3200,3200,3200,121,0,1700,1627.9417867934337,98.58627100038575,3941.6917849994206,3387.198347107438
1780052145,20,GET,/api/concerts,1.000000,0.000000,54,62,70,70,73,73,73,73,73,73,73,19,0,38,61.00212699972249,2.809387000525021,602.054445000249,753.0
1780052145,20,GET,/health,0.400000,0.000000,220,220,220,220,220,220,220,220,220,220,220,7,0,24,46.208527713783305,2.550855999288615,215.4947059989354,57.0
1780052145,20,,Aggregated,6.200000,0.000000,1400,1900,2100,2200,2400,3100,3200,3200,3200,3200,3200,147,0,1400,1350.0915395169843,2.550855999288615,3941.6917849994206,2888.1428571428573
1780052146,20,POST,/api/book,4.800000,0.000000,1800,2100,2200,2300,2500,3100,3200,3200,3200,3200,3200,125,0,1700,1645.3198155680439,98.58627100038575,3941.6917849994206,3387.568
1780052146,20,GET,/api/concerts,1.000000,0.000000,47,54,62,62,70,70,70,70,70,70,70,20,0,37,58.85418524967463,2.809387000525021,602.054445000249,753.0
1780052146,20,GET,/health,0.400000,0.000000,220,220,220,220,220,220,220,220,220,220,220,7,0,24,46.208527713783305,2.550855999288615,215.4947059989354,57.0
1780052146,20,,Aggregated,6.200000,0.000000,1700,2000,2200,2200,2400,3100,3100,3200,3200,3200,3200,152,0,1400,1362.9310549012862,2.550855999288615,3941.6917849994206,2887.532894736842
1780052147,20,POST,/api/book,4.000000,0.000000,1900,2200,2400,2400,2800,3100,3100,3200,3200,3200,3200,136,0,1700,1684.571361007409,98.58627100038575,3941.6917849994206,3387.529411764706
1780052147,20,GET,/api/concerts,0.900000,0.000000,47,54,62,70,130,130,130,130,130,130,130,21,0,38,62.24113304727195,2.809387000525021,602.054445000249,753.0
1780052147,20,GET,/health,0.300000,0.000000,220,220,220,220,220,220,220,220,220,220,220,7,0,24,46.208527713783305,2.550855999288615,215.4947059989354,57.0
1780052147,20,,Aggregated,5.200000,0.000000,1700,2100,2200,2400,2800,3100,3100,3200,3200,3200,3200,164,0,1500,1406.9038328353465,2.550855999288615,3941.6917849994206,2908.0243902439024
1780052148,20,POST,/api/book,4.400000,0.000000,1600,2000,2100,2200,2500,2800,3000,3000,3000,3000,3000,140,0,1700,1664.4170758429025,98.58627100038575,3941.6917849994206,3387.35
1780052148,20,GET,/api/concerts,0.900000,0.000000,54,62,70,70,130,130,130,130,130,130,130,21,0,38,62.24113304727195,2.809387000525021,602.054445000249,753.0
1780052148,20,GET,/health,0.200000,0.000000,220,220,220,220,220,220,220,220,220,220,220,7,0,24,46.208527713783305,2.550855999288615,215.4947059989354,57.0
1780052148,20,,Aggregated,5.500000,0.000000,1400,1800,2100,2200,2400,2800,2900,3000,3000,3000,3000,168,0,1400,1396.7197268214022,2.550855999288615,3941.6917849994206,2919.2916666666665
1780052149,20,POST,/api/book,4.800000,0.000000,1600,2100,2200,2200,2500,2800,3000,3000,3000,3000,3000,142,0,1700,1651.5753902183371,98.58627100038575,3941.6917849994206,3387.345070422535
1780052149,20,GET,/api/concerts,0.800000,0.000000,47,62,67,67,70,130,130,130,130,130,130,24,0,38,60.0407948747943,2.809387000525021,602.054445000249,753.0
1780052149,20,GET,/health,0.100000,0.000000,220,220,220,220,220,220,220,220,220,220,220,7,0,24,46.208527713783305,2.550855999288615,215.4947059989354,57.0
1780052149,20,,Aggregated,5.700000,0.000000,1400,1700,2100,2200,2400,2800,2900,3000,3000,3000,3000,173,0,1400,1365.8274230173145,2.550855999288615,3941.6917849994206,2887.1329479768788
1780052150,20,POST,/api/book,5.100000,0.000000,1500,1900,2100,2200,2500,2800,3000,3000,3000,3000,3000,149,0,1600,1636.3330005637874,98.58627100038575,3941.6917849994206,3386.771812080537
1780052150,20,GET,/api/concerts,0.800000,0.000000,47,54,62,62,67,130,130,130,130,130,130,25,0,38,58.61219171980338,2.809387000525021,602.054445000249,753.0
1780052150,20,GET,/health,0.100000,0.000000,110,110,220,220,220,220,220,220,220,220,220,9,0,24,50.75568811056049,2.550855999288615,215.4947059989354,57.0
1780052150,20,,Aggregated,6.000000,0.000000,1400,1600,2000,2100,2400,2800,2900,3000,3000,3000,3000,183,0,1400,1342.818158852429,2.550855999288615,3941.6917849994206,2863.207650273224
1780052151,20,POST,/api/book,4.700000,0.000000,1500,1900,2100,2200,2500,2800,3000,3000,3000,3000,3000,154,0,1600,1616.232026474046,98.58627100038575,3941.6917849994206,3386.3766233766232
1780052151,20,GET,/api/concerts,0.900000,0.000000,47,54,62,62,67,130,130,130,130,130,130,25,0,38,58.61219171980338,2.809387000525021,602.054445000249,753.0
1780052151,20,GET,/health,0.000000,0.000000,110,110,220,220,220,220,220,220,220,220,220,9,0,24,50.75568811056049,2.550855999288615,215.4947059989354,57.0
1780052151,20,,Aggregated,5.600000,0.000000,1400,1700,2100,2200,2400,2800,2900,3000,3000,3000,3000,188,0,1300,1334.1587131010278,2.550855999288615,3941.6917849994206,2876.808510638298
1780052152,20,POST,/api/book,4.500000,0.000000,1500,1900,2100,2200,2500,2800,3000,3000,3000,3000,3000,157,0,1600,1604.2730860318807,98.58627100038575,3941.6917849994206,3386.503184713376
1780052152,20,GET,/api/concerts,1.100000,0.000000,47,55,62,67,87,130,130,130,130,130,130,28,0,38,58.67433753551917,2.809387000525021,602.054445000249,753.0
1780052152,20,GET,/health,0.100000,0.000000,110,110,220,220,220,220,220,220,220,220,220,9,0,24,50.75568811056049,2.550855999288615,215.4947059989354,57.0
1780052152,20,,Aggregated,5.700000,0.000000,1300,1600,2100,2100,2400,2800,2900,3000,3000,3000,3000,194,0,1300,1309.1265832525507,2.550855999288615,3941.6917849994206,2851.9484536082473
1780052153,20,POST,/api/book,4.700000,0.000000,1400,1600,2100,2100,2500,2800,3000,3000,3000,3000,3000,161,0,1500,1597.9365757205342,98.58627100038575,3941.6917849994206,3385.9875776397516
1780052153,20,GET,/api/concerts,1.100000,0.000000,47,55,67,87,130,130,130,130,130,130,130,28,0,38,58.67433753551917,2.809387000525021,602.054445000249,753.0
1780052153,20,GET,/health,0.200000,0.000000,46,46,110,110,110,110,110,110,110,110,110,10,0,24,50.28135859956819,2.550855999288615,215.4947059989354,57.0
1780052153,20,,Aggregated,6.000000,0.000000,1200,1500,1700,2000,2400,2800,2900,3000,3000,3000,3000,199,0,1300,1303.5853453668153,2.550855999288615,3941.6917849994206,2848.2311557788944
1780052154,20,POST,/api/book,4.700000,0.000000,1400,1600,2000,2100,2500,2800,3000,3000,3000,3000,3000,162,0,1500,1599.1676487593047,98.58627100038575,3941.6917849994206,3386.0493827160494
1780052154,20,GET,/api/concerts,1.100000,0.000000,47,55,67,87,130,130,130,130,130,130,130,28,0,38,58.67433753551917,2.809387000525021,602.054445000249,753.0
1780052154,20,GET,/health,0.200000,0.000000,46,46,110,110,110,110,110,110,110,110,110,10,0,24,50.28135859956819,2.550855999288615,215.4947059989354,57.0
1780052154,20,,Aggregated,6.000000,0.000000,1200,1400,1600,2000,2400,2800,2900,3000,3000,3000,3000,200,0,1300,1306.0542706799883,2.550855999288615,3941.6917849994206,2850.97
1780052155,20,POST,/api/book,4.700000,0.000000,1300,1600,2000,2000,2700,2800,3000,3000,3000,3000,3000,166,0,1600,1615.9642722952237,98.58627100038575,3941.6917849994206,3386.1686746987953
1780052155,20,GET,/api/concerts,0.900000,0.000000,47,55,67,87,130,130,130,130,130,130,130,28,0,38,58.67433753551917,2.809387000525021,602.054445000249,753.0
1780052155,20,GET,/health,0.300000,0.000000,77,77,110,110,110,110,110,110,110,110,110,11,0,28,52.693898272330195,2.550855999288615,215.4947059989354,57.0
1780052155,20,,Aggregated,5.900000,0.000000,1200,1400,1600,2000,2500,2800,2900,3000,3000,3000,3000,205,0,1300,1319.3784562585236,2.550855999288615,3941.6917849994206,2847.878048780488
1780052156,20,POST,/api/book,4.500000,0.000000,1400,1600,2000,2000,2700,2700,2800,2800,2800,2800,2800,172,0,1600,1648.9605565116742,98.58627100038575,3941.6917849994206,3386.953488372093
1780052156,20,GET,/api/concerts,0.900000,0.000000,55,67,87,87,130,130,130,130,130,130,130,28,0,38,58.67433753551917,2.809387000525021,602.054445000249,753.0
1780052156,20,GET,/health,0.300000,0.000000,77,77,110,110,110,110,110,110,110,110,110,11,0,28,52.693898272330195,2.550855999288615,215.4947059989354,57.0
1780052156,20,,Aggregated,5.700000,0.000000,1200,1400,1600,2000,2700,2700,2700,2800,2800,2800,2800,211,0,1400,1354.7096210995176,2.550855999288615,3941.6917849994206,2863.824644549763
1780052157,20,POST,/api/book,4.500000,0.000000,1400,1900,2600,2700,2700,2800,3000,3000,3000,3000,3000,179,0,1700,1682.1530244637286,98.58627100038575,3941.6917849994206,3386.7988826815645
1780052157,20,GET,/api/concerts,0.900000,0.000000,47,55,67,67,87,87,87,87,87,87,87,28,0,38,58.67433753551917,2.809387000525021,602.054445000249,753.0
1780052157,20,GET,/health,0.300000,0.000000,77,77,110,110,110,110,110,110,110,110,110,11,0,28,52.693898272330195,2.550855999288615,215.4947059989354,57.0
1780052157,20,,Aggregated,5.700000,0.000000,1300,1600,2000,2600,2700,2800,2900,3000,3000,3000,3000,218,0,1400,1391.412411518338,2.550855999288615,3941.6917849994206,2880.4954128440368
1780052158,20,POST,/api/book,4.600000,0.000000,1600,2000,2600,2700,2800,2900,3000,3000,3000,3000,3000,186,0,1700,1684.2063821613233,98.58627100038575,3941.6917849994206,3386.6774193548385
1780052158,20,GET,/api/concerts,0.800000,0.000000,50,55,67,67,87,87,87,87,87,87,87,30,0,38,57.54601023321205,2.809387000525021,602.054445000249,753.0
1780052158,20,GET,/health,0.400000,0.000000,77,77,110,110,110,110,110,110,110,110,110,11,0,28,52.693898272330195,2.550855999288615,215.4947059989354,57.0
1780052158,20,,Aggregated,5.800000,0.000000,1300,1800,2000,2600,2800,2900,2900,3000,3000,3000,3000,227,0,1400,1390.1691641850143,2.550855999288615,3941.6917849994206,2877.2643171806167
1780052159,20,POST,/api/book,4.600000,0.000000,1500,2000,2600,2700,2800,2900,3000,3000,3000,3000,3000,192,0,1600,1666.9511581875151,98.58627100038575,3941.6917849994206,3386.2395833333335
1780052159,20,GET,/api/concerts,0.800000,0.000000,50,55,67,67,87,87,87,87,87,87,87,30,0,38,57.54601023321205,2.809387000525021,602.054445000249,753.0
1780052159,20,GET,/health,0.400000,0.000000,46,46,77,77,77,77,77,77,77,77,77,11,0,28,52.693898272330195,2.550855999288615,215.4947059989354,57.0
1780052159,20,,Aggregated,5.800000,0.000000,1300,1800,2500,2700,2800,2900,2900,3000,3000,3000,3000,233,0,1400,1383.5220410300215,2.550855999288615,3941.6917849994206,2890.021459227468
1780052160,20,POST,/api/book,4.900000,0.000000,1600,2000,2700,2700,2800,2900,3000,3000,3000,3000,3000,195,0,1600,1655.4151451589855,98.58627100038575,3941.6917849994206,3386.246153846154
1780052160,20,GET,/api/concerts,0.800000,0.000000,50,50,55,55,87,87,87,87,87,87,87,31,0,38,56.81153061279122,2.809387000525021,602.054445000249,753.0
1780052160,20,GET,/health,0.400000,0.000000,23,46,46,77,77,77,77,77,77,77,77,13,0,24,47.16400753820311,2.550855999288615,215.4947059989354,57.0
1780052160,20,,Aggregated,6.100000,0.000000,1200,1800,2500,2700,2800,2900,2900,3000,3000,3000,3000,239,0,1300,1360.586790179897,2.550855999288615,3941.6917849994206,2863.6066945606694
1780052161,20,POST,/api/book,4.600000,0.000000,1700,2500,2700,2700,2800,2900,3000,3000,3000,3000,3000,197,0,1600,1652.090100756357,98.58627100038575,3941.6917849994206,3386.3299492385786
1780052161,20,GET,/api/concerts,0.800000,0.000000,35,50,50,87,87,87,87,87,87,87,87,32,0,37,55.19354518742148,2.809387000525021,602.054445000249,753.0
1780052161,20,GET,/health,0.400000,0.000000,46,46,77,77,77,77,77,77,77,77,77,13,0,24,47.16400753820311,2.550855999288615,215.4947059989354,57.0
1780052161,20,,Aggregated,5.800000,0.000000,1400,1900,2600,2700,2800,2900,3000,3000,3000,3000,3000,242,0,1300,1354.715187574366,2.550855999288615,3941.6917849994206,2859.2727272727275
1780052162,20,POST,/api/book,4.700000,0.000000,1800,2600,2700,2700,2900,2900,3000,3000,3000,3000,3000,197,0,1600,1652.090100756357,98.58627100038575,3941.6917849994206,3386.3299492385786
1780052162,20,GET,/api/concerts,0.600000,0.000000,50,50,87,87,410,410,410,410,410,410,410,33,0,38,65.8616583938662,2.809387000525021,602.054445000249,753.0
1780052162,20,GET,/health,0.400000,0.000000,46,46,77,77,77,77,77,77,77,77,77,13,0,24,47.16400753820311,2.550855999288615,215.4947059989354,57.0
1780052162,20,,Aggregated,5.700000,0.000000,1600,2000,2600,2700,2800,2900,3000,3000,3000,3000,3000,243,0,1300,1350.816117999986,2.550855999288615,3941.6917849994206,2850.604938271605
1780052163,20,POST,/api/book,4.500000,0.000000,1900,2600,2700,2700,2900,3000,3500,3500,3500,3500,3500,198,0,1600,1661.378091691927,98.58627100038575,3941.6917849994206,3386.343434343434
1780052163,20,GET,/api/concerts,0.700000,0.000000,87,290,290,290,410,410,410,410,410,410,410,35,0,40,78.74933579992752,2.809387000525021,602.054445000249,753.0
1780052163,20,GET,/health,0.400000,0.000000,21,21,77,77,77,77,77,77,77,77,77,13,0,24,47.16400753820311,2.550855999288615,215.4947059989354,57.0
1780052163,20,,Aggregated,5.600000,0.000000,1600,2000,2700,2700,2900,2900,3500,3500,3500,3500,3500,246,0,1300,1350.9033374227467,2.550855999288615,3941.6917849994206,2835.7398373983738
1780052164,20,POST,/api/book,4.100000,0.000000,1900,2700,2800,2900,3500,4200,4200,4200,4200,4200,4200,202,0,1600,1704.912163277239,98.58627100038575,4241.962088999571,3386.0940594059407
1780052164,20,GET,/api/concerts,0.500000,0.000000,50,290,290,290,410,410,410,410,410,410,410,35,0,40,78.74933579992752,2.809387000525021,602.054445000249,753.0
1780052164,20,GET,/health,0.400000,0.000000,21,21,77,77,77,77,77,77,77,77,77,13,0,24,47.16400753820311,2.550855999288615,215.4947059989354,57.0
1780052164,20,,Aggregated,5.000000,0.000000,1600,2700,2700,2800,3400,3500,4200,4200,4200,4200,4200,250,0,1300,1391.0464633319857,2.550855999288615,4241.962088999571,2844.348
1780052165,20,POST,/api/book,3.800000,0.000000,1800,2900,3400,3500,4200,4400,4900,4900,4900,4900,4900,206,0,1700,1756.0264749563244,98.58627100038575,4874.235063000015,3386.1019417475727
1780052165,20,GET,/api/concerts,0.700000,0.000000,50,290,290,290,410,410,410,410,410,410,410,35,0,40,78.74933579992752,2.809387000525021,602.054445000249,753.0
1780052165,20,GET,/health,0.300000,0.000000,21,21,77,77,77,77,77,77,77,77,77,13,0,24,47.16400753820311,2.550855999288615,215.4947059989354,57.0
1780052165,20,,Aggregated,4.800000,0.000000,1600,2700,2900,3400,4200,4300,4900,4900,4900,4900,4900,254,0,1300,1437.444144456681,2.550855999288615,4874.235063000015,2852.8858267716537
1780052166,20,POST,/api/book,3.700000,0.000000,2700,3700,4200,4300,4400,4900,5100,5100,5100,5100,5100,217,0,1700,1860.0783605391864,98.58627100038575,5080.5321960015135,3385.7327188940094
1780052166,20,GET,/api/concerts,0.700000,0.000000,50,290,290,290,410,410,410,410,410,410,410,35,0,40,78.74933579992752,2.809387000525021,602.054445000249,753.0
1780052166,20,GET,/health,0.300000,0.000000,21,21,77,77,77,77,77,77,77,77,77,13,0,24,47.16400753820311,2.550855999288615,215.4947059989354,57.0
1780052166,20,,Aggregated,4.700000,0.000000,1700,3400,3800,4200,4400,4900,5100,5100,5100,5100,5100,265,0,1400,1535.8730682565947,2.550855999288615,5080.5321960015135,2874.7169811320755
1780052167,20,POST,/api/book,3.800000,0.000000,2100,3800,4200,4300,4600,5000,5100,5100,5100,5100,5100,223,0,1700,1840.1469580717614,98.58627100038575,5080.5321960015135,3386.017937219731
1780052167,20,GET,/api/concerts,0.700000,0.000000,35,290,290,290,410,410,410,410,410,410,410,36,0,38,76.65167666659221,2.809387000525021,602.054445000249,753.0
1780052167,20,GET,/health,0.300000,0.000000,21,21,21,21,21,21,21,21,21,21,21,13,0,24,47.16400753820311,2.550855999288615,215.4947059989354,57.0
1780052167,20,,Aggregated,4.800000,0.000000,1300,3500,3900,4200,4400,4900,5100,5100,5100,5100,5100,272,0,1400,1521.0491327499883,2.550855999288615,5080.5321960015135,2878.422794117647
1780052168,20,POST,/api/book,3.500000,0.000000,1700,3700,4200,4300,4600,5000,5100,5100,5100,5100,5100,226,0,1700,1826.750066269926,98.58627100038575,5080.5321960015135,3385.9867256637167
1780052168,20,GET,/api/concerts,0.700000,0.000000,35,290,290,290,410,410,410,410,410,410,410,38,0,37,72.75402923675612,2.552796999225393,602.054445000249,753.0
1780052168,20,GET,/health,0.200000,0.000000,21,21,21,21,21,21,21,21,21,21,21,13,0,24,47.16400753820311,2.550855999288615,215.4947059989354,57.0
1780052168,20,,Aggregated,4.400000,0.000000,1200,3400,3800,4200,4400,4900,5100,5100,5100,5100,5100,277,0,1400,1502.611192007208,2.550855999288615,5080.5321960015135,2868.548736462094
1780052169,20,POST,/api/book,4.300000,0.000000,2700,3800,4300,4300,4600,5000,5100,5100,5100,5100,5100,229,0,1700,1820.5468603973864,98.58627100038575,5080.5321960015135,3385.7903930131006
1780052169,20,GET,/api/concerts,0.700000,0.000000,97,290,290,290,410,410,410,410,410,410,410,39,0,38,73.36460905119169,2.552796999225393,602.054445000249,753.0
1780052169,20,GET,/health,0.200000,0.000000,21,21,67,67,67,67,67,67,67,67,67,15,0,24,45.603136199739915,2.550855999288615,215.4947059989354,57.0
1780052169,20,,Aggregated,5.200000,0.000000,1400,3500,3900,4200,4400,4900,5100,5100,5100,5100,5100,283,0,1300,1485.6908050423817,2.550855999288615,5080.5321960015135,2846.5300353356893
1780052170,20,POST,/api/book,3.900000,0.000000,1800,3700,4200,4300,4400,4900,5100,5100,5100,5100,5100,237,0,1700,1814.2412832109926,98.58627100038575,5080.5321960015135,3385.759493670886
1780052170,20,GET,/api/concerts,0.900000,0.000000,97,290,290,290,410,410,410,410,410,410,410,39,0,38,73.36460905119169,2.552796999225393,602.054445000249,753.0
1780052170,20,GET,/health,0.200000,0.000000,21,21,67,67,67,67,67,67,67,67,67,15,0,24,45.603136199739915,2.550855999288615,215.4947059989354,57.0
1780052170,20,,Aggregated,5.000000,0.000000,1700,3400,3800,4200,4400,4900,5100,5100,5100,5100,5100,291,0,1400,1489.7609997147688,2.550855999288615,5080.5321960015135,2861.3298969072166
1780052171,20,POST,/api/book,3.900000,0.000000,1800,3500,4200,4300,4400,4900,5100,5100,5100,5100,5100,239,0,1700,1805.8189809832868,98.58627100038575,5080.5321960015135,3385.489539748954
1780052171,20,GET,/api/concerts,0.900000,0.000000,97,290,290,290,410,410,410,410,410,410,410,40,0,37,72.18703029993776,2.552796999225393,602.054445000249,753.0
1780052171,20,GET,/health,0.200000,0.000000,21,21,67,67,67,67,67,67,67,67,67,15,0,24,45.603136199739915,2.550855999288615,215.4947059989354,57.0
1780052171,20,,Aggregated,5.000000,0.000000,1500,2700,3800,4200,4400,4900,5000,5100,5100,5100,5100,294,0,1400,1480.1437575170037,2.550855999288615,5080.5321960015135,2857.5068027210887
1780052172,20,POST,/api/book,3.800000,0.000000,1700,3500,3900,4200,4400,4900,5100,5100,5100,5100,5100,243,0,1600,1795.109479679042,98.58627100038575,5080.5321960015135,3385.40329218107
1780052172,20,GET,/api/concerts,0.800000,0.000000,97,130,290,290,410,410,410,410,410,410,410,42,0,37,71.9977859523299,2.552796999225393,602.054445000249,753.0
1780052172,20,GET,/health,0.300000,0.000000,44,67,67,140,140,140,140,140,140,140,140,17,0,28,51.13333711736178,2.550855999288615,215.4947059989354,57.0
1780052172,20,,Aggregated,4.900000,0.000000,1400,1900,3500,3900,4400,4900,5000,5100,5100,5100,5100,302,0,1300,1457.3005870960271,2.550855999288615,5080.5321960015135,2831.9470198675494
1780052173,20,POST,/api/book,4.300000,0.000000,1500,1900,3800,4200,4400,4900,5000,5100,5100,5100,5100,250,0,1600,1784.4519240040233,98.58627100038575,5080.5321960015135,3385.512
1780052173,20,GET,/api/concerts,0.800000,0.000000,97,130,290,290,410,410,410,410,410,410,410,42,0,37,71.9977859523299,2.552796999225393,602.054445000249,753.0
1780052173,20,GET,/health,0.200000,0.000000,44,67,67,140,140,140,140,140,140,140,140,17,0,28,51.13333711736178,2.550855999288615,215.4947059989354,57.0
1780052173,20,,Aggregated,5.300000,0.000000,1400,1700,2700,3800,4400,4600,5000,5100,5100,5100,5100,309,0,1300,1456.3305978705466,2.550855999288615,5080.5321960015135,2844.5728155339807
1780052174,20,POST,/api/book,4.300000,0.000000,1500,1700,2100,3800,4400,4600,5100,5100,5100,5100,5100,252,0,1600,1779.154260980183,98.58627100038575,5080.5321960015135,3385.6944444444443
1780052174,20,GET,/api/concerts,0.800000,0.000000,10,26,97,97,130,130,130,130,130,130,130,42,0,37,71.9977859523299,2.552796999225393,602.054445000249,753.0
1780052174,20,GET,/health,0.200000,0.000000,44,67,67,140,140,140,140,140,140,140,140,18,0,28,50.297132333071204,2.550855999288615,215.4947059989354,57.0
1780052174,20,,Aggregated,5.300000,0.000000,1300,1600,1800,2100,4300,4400,5000,5100,5100,5100,5100,312,0,1300,1449.6029780737158,2.550855999288615,5080.5321960015135,2839.253205128205
1780052175,20,POST,/api/book,5.000000,0.000000,1500,1700,1800,1900,4300,4600,5000,5100,5100,5100,5100,258,0,1600,1774.21706575971,98.58627100038575,5080.5321960015135,3385.891472868217
1780052175,20,GET,/api/concerts,0.700000,0.000000,10,26,27,97,130,130,130,130,130,130,130,44,0,36,69.42024518176285,2.552796999225393,602.054445000249,753.0
1780052175,20,GET,/health,0.400000,0.000000,44,67,67,140,140,140,140,140,140,140,140,18,0,28,50.297132333071204,2.550855999288615,215.4947059989354,57.0
1780052175,20,,Aggregated,6.100000,0.000000,1300,1500,1700,1800,3900,4400,5000,5100,5100,5100,5100,320,0,1300,1442.837006674994,2.550855999288615,5080.5321960015135,2836.61875
1780052176,20,POST,/api/book,5.300000,0.000000,1400,1500,1600,1700,1800,1900,1900,1900,1900,1900,1900,262,0,1600,1771.555835022926,98.58627100038575,5080.5321960015135,3385.7290076335876
1780052176,20,GET,/api/concerts,0.700000,0.000000,26,27,97,110,130,130,130,130,130,130,130,45,0,37,70.30268662217875,2.552796999225393,602.054445000249,753.0
1780052176,20,GET,/health,0.500000,0.000000,44,67,67,140,140,140,140,140,140,140,140,18,0,28,50.297132333071204,2.550855999288615,215.4947059989354,57.0
1780052176,20,,Aggregated,6.500000,0.000000,1200,1400,1500,1600,1800,1900,1900,1900,1900,1900,1900,325,0,1300,1440.6664555569232,2.550855999288615,5080.5321960015135,2836.836923076923
1780052177,20,POST,/api/book,5.200000,0.000000,1500,1600,1700,1800,1900,2400,2500,2500,2500,2500,2500,266,0,1600,1779.9191311842274,98.58627100038575,5080.5321960015135,3385.687969924812
1780052177,20,GET,/api/concerts,0.800000,0.000000,14,27,97,97,110,130,130,130,130,130,130,46,0,36,69.07650493473699,2.552796999225393,602.054445000249,753.0
1780052177,20,GET,/health,0.500000,0.000000,44,67,67,140,140,140,140,140,140,140,140,18,0,28,50.297132333071204,2.550855999288615,215.4947059989354,57.0
1780052177,20,,Aggregated,6.500000,0.000000,1300,1500,1700,1700,1900,2400,2400,2500,2500,2500,2500,330,0,1400,1447.0950197090842,2.550855999288615,5080.5321960015135,2837.142424242424
1780052178,20,POST,/api/book,5.300000,0.000000,1500,1700,1800,1900,1900,2400,2500,2500,2500,2500,2500,272,0,1600,1776.2103499154448,98.58627100038575,5080.5321960015135,3385.6176470588234
1780052178,20,GET,/api/concerts,0.900000,0.000000,27,97,110,110,130,130,130,130,130,130,130,46,0,36,69.07650493473699,2.552796999225393,602.054445000249,753.0
1780052178,20,GET,/health,0.500000,0.000000,67,67,140,140,140,140,140,140,140,140,140,18,0,28,50.297132333071204,2.550855999288615,215.4947059989354,57.0
1780052178,20,,Aggregated,6.700000,0.000000,1400,1600,1700,1800,1900,2400,2400,2500,2500,2500,2500,336,0,1400,1450.035960672602,2.550855999288615,5080.5321960015135,2846.8809523809523
1780052179,20,POST,/api/book,4.400000,0.000000,1500,1700,1900,1900,2100,2400,2500,2500,2500,2500,2500,280,0,1600,1774.3324094250047,98.58627100038575,5080.5321960015135,3385.6714285714284
1780052179,20,GET,/api/concerts,1.100000,0.000000,26,27,37,110,130,130,130,130,130,130,130,48,0,36,67.3007890207676,2.552796999225393,602.054445000249,753.0
1780052179,20,GET,/health,0.500000,0.000000,67,67,140,140,140,140,140,140,140,140,140,18,0,28,50.297132333071204,2.550855999288615,215.4947059989354,57.0
1780052179,20,,Aggregated,6.000000,0.000000,1400,1600,1700,1900,2000,2200,2400,2500,2500,2500,2500,346,0,1400,1447.829077728305,2.550855999288615,5080.5321960015135,2847.277456647399
1780052180,20,POST,/api/book,4.600000,0.000000,1500,1700,1900,1900,2100,2400,2500,2500,2500,2500,2500,282,0,1600,1764.6509396418478,98.58627100038575,5080.5321960015135,3385.5709219858154
1780052180,20,GET,/api/concerts,0.800000,0.000000,15,27,55,55,110,130,130,130,130,130,130,52,0,35,63.64458442305057,2.552796999225393,602.054445000249,753.0
1780052180,20,GET,/health,0.500000,0.000000,44,44,140,140,140,140,140,140,140,140,140,18,0,28,50.297132333071204,2.550855999288615,215.4947059989354,57.0
1780052180,20,,Aggregated,5.900000,0.000000,1400,1600,1700,1900,2000,2400,2400,2500,2500,2500,2500,352,0,1400,1425.7000902016907,2.550855999288615,5080.5321960015135,2826.4573863636365
1780052181,20,POST,/api/book,4.600000,0.000000,1500,1700,1900,1900,2100,2400,2500,2500,2500,2500,2500,288,0,1600,1746.527197739592,98.58627100038575,5080.5321960015135,3385.6493055555557
1780052181,20,GET,/api/concerts,1.000000,0.000000,15,27,55,55,110,130,130,130,130,130,130,52,0,35,63.64458442305057,2.552796999225393,602.054445000249,753.0
1780052181,20,GET,/health,0.400000,0.000000,140,140,140,140,140,140,140,140,140,140,140,18,0,28,50.297132333071204,2.550855999288615,215.4947059989354,57.0
1780052181,20,,Aggregated,6.000000,0.000000,1300,1600,1700,1900,2000,2400,2400,2500,2500,2500,2500,358,0,1300,1416.8008372094876,2.550855999288615,5080.5321960015135,2835.891061452514
1780052182,20,POST,/api/book,5.000000,0.000000,1500,1700,1900,1900,2100,2400,2500,2500,2500,2500,2500,289,0,1600,1745.5162024048539,98.58627100038575,5080.5321960015135,3385.59169550173
1780052182,20,GET,/api/concerts,1.000000,0.000000,15,27,37,37,55,110,110,110,110,110,110,53,0,35,62.942029603738845,2.552796999225393,602.054445000249,753.0
1780052182,20,GET,/health,0.300000,0.000000,67,67,67,67,67,67,67,67,67,67,67,19,0,36,51.153011052424276,2.550855999288615,215.4947059989354,57.0
1780052182,20,,Aggregated,6.300000,0.000000,1200,1600,1700,1900,2000,2400,2400,2500,2500,2500,2500,361,0,1300,1409.3130672409893,2.550855999288615,5080.5321960015135,2823.9002770083102
1780052183,20,POST,/api/book,4.700000,0.000000,1600,1900,1900,2000,2200,2400,2500,2500,2500,2500,2500,291,0,1600,1748.3159402646183,98.58627100038575,5080.5321960015135,3385.577319587629
1780052183,20,GET,/api/concerts,1.200000,0.000000,15,27,37,37,55,110,110,110,110,110,110,53,0,35,62.942029603738845,2.552796999225393,602.054445000249,753.0
1780052183,20,GET,/health,0.300000,0.000000,67,67,67,67,67,67,67,67,67,67,67,19,0,36,51.153011052424276,2.550855999288615,215.4947059989354,57.0
1780052183,20,,Aggregated,6.200000,0.000000,1400,1700,1900,1900,2100,2400,2400,2500,2500,2500,2500,363,0,1300,1413.409844066111,2.550855999288615,5080.5321960015135,2826.9834710743803
1780052184,20,POST,/api/book,4.500000,0.000000,1700,2000,2100,2200,2400,2600,3000,3000,3000,3000,3000,296,0,1600,1763.3670981148787,98.58627100038575,5080.5321960015135,3385.324324324324
1780052184,20,GET,/api/concerts,1.000000,0.000000,15,37,55,55,110,180,180,180,180,180,180,54,0,35,65.12060788884776,2.552796999225393,602.054445000249,753.0
1780052184,20,GET,/health,0.200000,0.000000,67,67,67,67,67,67,67,67,67,67,67,19,0,36,51.153011052424276,2.550855999288615,215.4947059989354,57.0
1780052184,20,,Aggregated,5.700000,0.000000,1500,1900,2000,2100,2400,2600,2900,3000,3000,3000,3000,369,0,1400,1426.6804365257399,2.550855999288615,5080.5321960015135,2828.728997289973
1780052185,20,POST,/api/book,4.200000,0.000000,1900,2100,2300,2400,2800,3000,3200,3200,3200,3200,3200,308,0,1600,1773.2068854091008,98.58627100038575,5080.5321960015135,3385.762987012987
1780052185,20,GET,/api/concerts,1.100000,0.000000,26,37,75,75,110,180,180,180,180,180,180,56,0,35,64.58627003569616,2.552796999225393,602.054445000249,753.0
1780052185,20,GET,/health,0.200000,0.000000,67,67,67,67,67,67,67,67,67,67,67,19,0,36,51.153011052424276,2.550855999288615,215.4947059989354,57.0
1780052185,20,,Aggregated,5.500000,0.000000,1600,1900,2200,2300,2600,2900,3100,3200,3200,3200,3200,383,0,1400,1437.9542011435985,2.550855999288615,5080.5321960015135,2835.681462140992
1780052186,20,POST,/api/book,4.100000,0.000000,1800,2100,2400,2400,2800,3000,3200,3200,3200,3200,3200,311,0,1600,1759.1379315176973,98.58627100038575,5080.5321960015135,3385.6945337620577
1780052186,20,GET,/api/concerts,1.200000,0.000000,25,37,55,75,110,180,180,180,180,180,180,57,0,35,63.49850456140223,2.552796999225393,602.054445000249,753.0
1780052186,20,GET,/health,0.100000,0.000000,42,42,67,67,67,67,67,67,67,67,67,20,0,36,50.67103874980603,2.550855999288615,215.4947059989354,57.0
1780052186,20,,Aggregated,5.400000,0.000000,1400,1900,2200,2300,2600,2900,3100,3200,3200,3200,3200,388,0,1400,1421.9709593737114,2.550855999288615,5080.5321960015135,2827.3505154639174
1780052187,20,POST,/api/book,5.000000,0.000000,1600,2100,2300,2400,2800,3000,3200,3200,3200,3200,3200,313,0,1600,1754.250827316307,98.58627100038575,5080.5321960015135,3385.67731629393
1780052187,20,GET,/api/concerts,1.100000,0.000000,25,37,55,70,75,180,180,180,180,180,180,59,0,35,62.61427927116313,2.552796999225393,602.054445000249,753.0
1780052187,20,GET,/health,0.100000,0.000000,67,67,67,67,67,67,67,67,67,67,67,20,0,36,50.67103874980603,2.550855999288615,215.4947059989354,57.0
1780052187,20,,Aggregated,6.200000,0.000000,1100,1600,2100,2200,2600,3000,3100,3200,3200,3200,3200,392,0,1300,1412.724929086732,2.550855999288615,5080.5321960015135,2819.6020408163267
1780052188,20,POST,/api/book,5.000000,0.000000,1500,2100,2300,2400,2800,3000,3200,3200,3200,3200,3200,316,0,1600,1750.1891981614087,98.58627100038575,5080.5321960015135,3385.4462025316457
1780052188,20,GET,/api/concerts,1.100000,0.000000,25,26,70,70,75,180,180,180,180,180,180,60,0,34,61.909018116633284,2.552796999225393,602.054445000249,753.0
1780052188,20,GET,/health,0.100000,0.000000,67,67,67,67,67,67,67,67,67,67,67,20,0,36,50.67103874980603,2.550855999288615,215.4947059989354,57.0
1780052188,20,,Aggregated,6.200000,0.000000,1100,1600,2100,2200,2600,3000,3100,3200,3200,3200,3200,396,0,1300,1408.5549204065637,2.550855999288615,5080.5321960015135,2818.4873737373737
1780052189,20,POST,/api/book,4.900000,0.000000,1500,2200,2400,2500,2900,3100,3200,3200,3200,3200,3200,319,0,1600,1748.116110714747,98.58627100038575,5080.5321960015135,3385.4952978056426
1780052189,20,GET,/api/concerts,1.200000,0.000000,25,44,55,70,75,180,180,180,180,180,180,62,0,34,60.661574258031784,2.552796999225393,602.054445000249,753.0
1780052189,20,GET,/health,0.200000,0.000000,67,67,77,77,77,77,77,77,77,77,77,22,0,36,49.802014136151804,2.550855999288615,215.4947059989354,57.0
1780052189,20,,Aggregated,6.300000,0.000000,850,1500,2100,2300,2600,3000,3100,3200,3200,3200,3200,403,0,1300,1395.7957846972645,2.550855999288615,5080.5321960015135,2798.7915632754343
1780052190,20,POST,/api/book,4.600000,0.000000,1800,2300,2400,2600,2800,3000,3200,3200,3200,3200,3200,330,0,1600,1745.7201152060695,98.58627100038575,5080.5321960015135,3385.4757575757576
1780052190,20,GET,/api/concerts,1.400000,0.000000,25,44,55,70,75,180,180,180,180,180,180,62,0,34,60.661574258031784,2.552796999225393,602.054445000249,753.0
1780052190,20,GET,/health,0.200000,0.000000,42,67,67,77,77,77,77,77,77,77,77,23,0,36,49.03304660847821,2.550855999288615,215.4947059989354,57.0
1780052190,20,,Aggregated,6.200000,0.000000,1200,2100,2300,2400,2700,3000,3100,3200,3200,3200,3200,415,0,1300,1399.9431703469781,2.550855999288615,5080.5321960015135,2807.720481927711
1780052191,20,POST,/api/book,4.400000,0.000000,1700,2200,2400,2600,2800,3000,3200,3200,3200,3200,3200,333,0,1600,1734.5420894414497,98.58627100038575,5080.5321960015135,3385.6066066066064
1780052191,20,GET,/api/concerts,1.300000,0.000000,26,44,70,75,180,180,180,180,180,180,180,62,0,34,60.661574258031784,2.552796999225393,602.054445000249,753.0
1780052191,20,GET,/health,0.400000,0.000000,42,67,67,77,77,77,77,77,77,77,77,23,0,36,49.03304660847821,2.550855999288615,215.4947059989354,57.0
1780052191,20,,Aggregated,6.100000,0.000000,1200,2100,2300,2400,2700,3000,3100,3200,3200,3200,3200,418,0,1300,1393.5198408133867,2.550855999288615,5080.5321960015135,2811.971291866029
1780052192,20,POST,/api/book,4.700000,0.000000,1600,2200,2400,2500,2800,3000,3200,3200,3200,3200,3200,336,0,1600,1729.5470357916722,98.58627100038575,5080.5321960015135,3385.5863095238096
1780052192,20,GET,/api/concerts,1.300000,0.000000,25,44,70,75,180,180,180,180,180,180,180,62,0,34,60.661574258031784,2.552796999225393,602.054445000249,753.0
1780052192,20,GET,/health,0.400000,0.000000,42,67,67,77,77,77,77,77,77,77,77,23,0,36,49.03304660847821,2.550855999288615,215.4947059989354,57.0
1780052192,20,,Aggregated,6.400000,0.000000,1200,2100,2300,2400,2700,3000,3100,3200,3200,3200,3200,421,0,1300,1391.963376964358,2.550855999288615,5080.5321960015135,2816.042755344418
1780052193,20,POST,/api/book,4.600000,0.000000,1500,2200,2400,2600,2800,3000,3200,3200,3200,3200,3200,338,0,1600,1732.1420715177555,98.58627100038575,5080.5321960015135,3385.505917159763
1780052193,20,GET,/api/concerts,1.000000,0.000000,25,44,70,75,180,180,180,180,180,180,180,63,0,34,59.74071469840026,2.552796999225393,602.054445000249,753.0
1780052193,20,GET,/health,0.500000,0.000000,42,67,67,77,77,77,77,77,77,77,77,23,0,36,49.03304660847821,2.550855999288615,215.4947059989354,57.0
1780052193,20,,Aggregated,6.100000,0.000000,1200,1800,2200,2400,2700,3000,3100,3200,3200,3200,3200,424,0,1300,1392.3477482806497,2.550855999288615,5080.5321960015135,2813.7995283018868
1780052194,20,POST,/api/book,4.700000,0.000000,1200,1700,2200,2300,2600,2700,2700,2700,2700,2700,2700,340,0,1600,1737.3473965470635,98.58627100038575,5080.5321960015135,3385.326470588235
1780052194,20,GET,/api/concerts,1.000000,0.000000,20,25,44,70,75,75,75,75,75,75,75,63,0,34,59.74071469840026,2.552796999225393,602.054445000249,753.0
1780052194,20,GET,/health,0.500000,0.000000,42,42,77,77,77,77,77,77,77,77,77,23,0,36,49.03304660847821,2.550855999288615,215.4947059989354,57.0
1780052194,20,,Aggregated,6.200000,0.000000,680,1300,1700,2100,2400,2600,2700,2700,2700,2700,2700,426,0,1300,1398.0975115586755,2.550855999288615,5080.5321960015135,2816.3403755868544
1780052195,20,POST,/api/book,4.700000,0.000000,1800,2400,2700,2800,3300,3700,3700,3700,3700,3700,3700,353,0,1600,1776.3544324051045,98.58627100038575,5080.5321960015135,3385.1274787535413
1780052195,20,GET,/api/concerts,1.000000,0.000000,20,20,44,44,70,70,70,70,70,70,70,63,0,34,59.74071469840026,2.552796999225393,602.054445000249,753.0
1780052195,20,GET,/health,0.400000,0.000000,42,42,77,77,77,77,77,77,77,77,77,23,0,36,49.03304660847821,2.550855999288615,215.4947059989354,57.0
1780052195,20,,Aggregated,6.100000,0.000000,1400,2200,2600,2700,3100,3700,3700,3700,3700,3700,3700,439,0,1400,1439.5092021343871,2.550855999288615,5080.5321960015135,2833.029612756264
1780052196,20,POST,/api/book,4.600000,0.000000,1800,2600,2700,3000,3300,3700,3700,3700,3700,3700,3700,359,0,1600,1776.9214966211719,98.58627100038575,5080.5321960015135,3385.0724233983287
1780052196,20,GET,/api/concerts,0.900000,0.000000,5,20,20,44,44,44,44,44,44,44,44,63,0,34,59.74071469840026,2.552796999225393,602.054445000249,753.0
1780052196,20,GET,/health,0.400000,0.000000,42,42,77,77,77,77,77,77,77,77,77,23,0,36,49.03304660847821,2.550855999288615,215.4947059989354,57.0
1780052196,20,,Aggregated,5.900000,0.000000,1500,2300,2700,2800,3200,3700,3700,3700,3700,3700,3700,445,0,1400,1444.5084098539207,2.550855999288615,5080.5321960015135,2840.429213483146
1780052197,20,POST,/api/book,3.900000,0.000000,2100,2600,2700,3000,3300,3700,3700,3700,3700,3700,3700,361,0,1600,1768.374804795019,98.58627100038575,5080.5321960015135,3385.1274238227147
1780052197,20,GET,/api/concerts,0.900000,0.000000,3,3,44,44,44,44,44,44,44,44,44,63,0,34,59.74071469840026,2.552796999225393,602.054445000249,753.0
1780052197,20,GET,/health,0.400000,0.000000,32,32,77,77,77,77,77,77,77,77,77,24,0,32,47.0868699580933,2.3248069992405362,215.4947059989354,57.0
1780052197,20,,Aggregated,5.200000,0.000000,1700,2400,2700,2800,3200,3700,3700,3700,3700,3700,3700,448,0,1400,1435.8862822232038,2.3248069992405362,5080.5321960015135,2836.691964285714
1780052198,20,POST,/api/book,4.600000,0.000000,2100,2600,2700,3000,3300,3700,3700,3700,3700,3700,3700,363,0,1600,1764.7304516115778,98.58627100038575,5080.5321960015135,3385.0964187327822
1780052198,20,GET,/api/concerts,0.600000,0.000000,6,24,24,71,71,71,71,71,71,71,71,66,0,27,58.556084727266956,2.552796999225393,602.054445000249,753.0
1780052198,20,GET,/health,0.400000,0.000000,32,32,77,77,77,77,77,77,77,77,77,24,0,32,47.0868699580933,2.3248069992405362,215.4947059989354,57.0
1780052198,20,,Aggregated,5.600000,0.000000,1500,2300,2700,2800,3200,3700,3700,3700,3700,3700,3700,453,0,1300,1425.1477713156655,2.3248069992405362,5080.5321960015135,2825.289183222958
1780052199,20,POST,/api/book,4.800000,0.000000,1800,2700,3000,3100,3600,3700,3700,3700,3700,3700,3700,366,0,1600,1764.380427513666,98.58627100038575,5080.5321960015135,3384.907103825137
1780052199,20,GET,/api/concerts,0.500000,0.000000,12,17,24,24,71,71,71,71,71,71,71,68,0,26,57.25433435292657,2.552796999225393,602.054445000249,753.0
1780052199,20,GET,/health,0.400000,0.000000,32,32,32,32,32,32,32,32,32,32,32,24,0,32,47.0868699580933,2.3248069992405362,215.4947059989354,57.0
1780052199,20,,Aggregated,5.700000,0.000000,1200,2300,2700,3000,3300,3700,3700,3700,3700,3700,3700,458,0,1300,1420.9314761681112,2.3248069992405362,5080.5321960015135,2819.755458515284
1780052200,20,POST,/api/book,4.600000,0.000000,2300,2800,3100,3100,3300,3700,3700,3700,3700,3700,3700,376,0,1600,1779.0971739813917,98.58627100038575,5080.5321960015135,3384.4574468085107
1780052200,20,GET,/api/concerts,0.400000,0.000000,17,24,71,71,190,190,190,190,190,190,190,70,0,26,58.35433599996967,2.552796999225393,602.054445000249,753.0
1780052200,20,GET,/health,0.400000,0.000000,32,32,32,32,32,32,32,32,32,32,32,24,0,32,47.0868699580933,2.3248069992405362,215.4947059989354,57.0
1780052200,20,,Aggregated,5.400000,0.000000,1600,2600,2800,3100,3200,3700,3700,3700,3700,3700,3700,470,0,1400,1434.3732464170114,2.3248069992405362,5080.5321960015135,2822.6255319148936
1780052201,20,POST,/api/book,4.800000,0.000000,2100,2700,3000,3100,3300,3700,3700,3700,3700,3700,3700,380,0,1600,1772.8607343236934,98.58627100038575,5080.5321960015135,3384.3605263157897
1780052201,20,GET,/api/concerts,0.600000,0.000000,17,24,45,71,190,190,190,190,190,190,190,71,0,27,58.1613235351821,2.552796999225393,602.054445000249,753.0
1780052201,20,GET,/health,0.200000,0.000000,32,32,32,32,32,32,32,32,32,32,32,24,0,32,47.0868699580933,2.3248069992405362,215.4947059989354,57.0
1780052201,20,,Aggregated,5.600000,0.000000,1600,2600,2800,3100,3200,3700,3700,3700,3700,3700,3700,475,0,1400,1429.3613008273592,2.3248069992405362,5080.5321960015135,2822.922105263158
1780052202,20,POST,/api/book,4.100000,0.000000,1800,2700,3000,3100,3300,3700,3700,3700,3700,3700,3700,386,0,1600,1757.9152902020846,98.58627100038575,5080.5321960015135,3384.417098445596
1780052202,20,GET,/api/concerts,0.600000,0.000000,17,24,45,71,190,190,190,190,190,190,190,71,0,27,58.1613235351821,2.552796999225393,602.054445000249,753.0
1780052202,20,GET,/health,0.200000,0.000000,32,32,45,45,45,45,45,45,45,45,45,26,0,32,45.632172192059585,2.3248069992405362,215.4947059989354,57.0
1780052202,20,,Aggregated,4.900000,0.000000,1400,2400,2700,3000,3100,3600,3700,3700,3700,3700,3700,483,0,1300,1415.882386057963,2.3248069992405362,5080.5321960015135,2818.4886128364387
1780052203,20,POST,/api/book,4.500000,0.000000,1600,2700,3000,3100,3300,3700,3700,3700,3700,3700,3700,388,0,1600,1751.2182480618687,98.58627100038575,5080.5321960015135,3384.4742268041236
1780052203,20,GET,/api/concerts,0.900000,0.000000,17,24,71,71,74,190,190,190,190,190,190,74,0,26,56.97827798645154,2.552796999225393,602.054445000249,753.0
1780052203,20,GET,/health,0.100000,0.000000,12,12,45,45,45,45,45,45,45,45,45,26,0,32,45.632172192059585,2.3248069992405362,215.4947059989354,57.0
1780052203,20,,Aggregated,5.500000,0.000000,1100,1800,2700,3000,3100,3600,3700,3700,3700,3700,3700,488,0,1300,1403.4334206885162,2.3248069992405362,5080.5321960015135,2808.155737704918
1780052204,20,POST,/api/book,4.900000,0.000000,1400,2000,2800,3000,3300,3700,3700,3700,3700,3700,3700,392,0,1600,1744.8700455459357,98.58627100038575,5080.5321960015135,3384.530612244898
1780052204,20,GET,/api/concerts,0.900000,0.000000,21,24,71,71,74,190,190,190,190,190,190,75,0,26,56.49816937329888,2.552796999225393,602.054445000249,753.0
1780052204,20,GET,/health,0.300000,0.000000,26,26,45,45,45,45,45,45,45,45,45,27,0,32,44.90733407382558,2.3248069992405362,215.4947059989354,57.0
1780052204,20,,Aggregated,6.100000,0.000000,1000,1400,2400,2700,3100,3600,3700,3700,3700,3700,3700,494,0,1300,1395.6253412489823,2.3248069992405362,5080.5321960015135,2803.137651821862
1780052205,20,POST,/api/book,5.200000,0.000000,1200,1800,2000,2400,2600,3100,3100,3100,3100,3100,3100,398,0,1600,1748.0120068392202,98.58627100038575,5080.5321960015135,3384.381909547739
1780052205,20,GET,/api/concerts,0.800000,0.000000,21,24,45,71,74,190,190,190,190,190,190,77,0,26,55.43696674024656,2.552796999225393,602.054445000249,753.0
1780052205,20,GET,/health,0.300000,0.000000,26,26,45,45,45,45,45,45,45,45,45,27,0,32,44.90733407382558,2.3248069992405362,215.4947059989354,57.0
1780052205,20,,Aggregated,6.300000,0.000000,970,1400,1600,1800,2400,2800,3100,3100,3100,3100,3100,502,0,1300,1396.7926756593658,2.3248069992405362,5080.5321960015135,2801.800796812749
1780052206,20,POST,/api/book,5.200000,0.000000,1400,1800,2300,2400,2800,3100,3100,3100,3100,3100,3100,400,0,1600,1747.845764755029,98.58627100038575,5080.5321960015135,3384.38
1780052206,20,GET,/api/concerts,1.200000,0.000000,21,24,45,71,74,190,190,190,190,190,190,77,0,26,55.43696674024656,2.552796999225393,602.054445000249,753.0
1780052206,20,GET,/health,0.400000,0.000000,19,26,26,45,45,45,45,45,45,45,45,28,0,28,43.99428860688204,2.3248069992405362,215.4947059989354,57.0
1780052206,20,,Aggregated,6.800000,0.000000,1000,1400,1800,2000,2400,3100,3100,3100,3100,3100,3100,505,0,1300,1395.324341429709,2.3248069992405362,5080.5321960015135,2798.6712871287127
1780052207,20,POST,/api/book,5.000000,0.000000,1600,2000,2300,2400,2800,3100,3100,3100,3100,3100,3100,406,0,1600,1753.5768171059392,98.58627100038575,5080.5321960015135,3384.369458128079
1780052207,20,GET,/api/concerts,1.300000,0.000000,24,45,60,71,74,190,190,190,190,190,190,78,0,26,55.49625626922651,2.552796999225393,602.054445000249,753.0
1780052207,20,GET,/health,0.400000,0.000000,19,26,26,45,45,45,45,45,45,45,45,28,0,28,43.99428860688204,2.3248069992405362,215.4947059989354,57.0
1780052207,20,,Aggregated,6.700000,0.000000,1100,1600,2000,2200,2400,2800,3100,3100,3100,3100,3100,512,0,1300,1401.3920621386785,2.3248069992405362,5080.5321960015135,2801.53125
1780052208,20,POST,/api/book,4.300000,0.000000,1600,2200,2400,2400,2800,3100,3100,3100,3100,3100,3100,412,0,1600,1753.5264378252662,98.58627100038575,5080.5321960015135,3384.7038834951454
1780052208,20,GET,/api/concerts,1.400000,0.000000,21,24,60,60,74,190,190,190,190,190,190,79,0,26,54.841418696198645,2.552796999225393,602.054445000249,753.0
1780052208,20,GET,/health,0.500000,0.000000,26,26,45,45,45,45,45,45,45,45,45,28,0,28,43.99428860688204,2.3248069992405362,215.4947059989354,57.0
1780052208,20,,Aggregated,6.200000,0.000000,1100,1800,2200,2300,2600,3000,3100,3100,3100,3100,3100,519,0,1300,1402.7306445895988,2.3248069992405362,5080.5321960015135,2804.587668593449
1780052209,20,POST,/api/book,4.100000,0.000000,1600,2000,2300,2300,2800,3100,3100,3100,3100,3100,3100,416,0,1600,1755.606000213963,98.58627100038575,5080.5321960015135,3384.658653846154
1780052209,20,GET,/api/concerts,1.400000,0.000000,21,45,60,60,74,190,190,190,190,190,190,79,0,26,54.841418696198645,2.552796999225393,602.054445000249,753.0
1780052209,20,GET,/health,0.400000,0.000000,26,45,45,81,81,81,81,81,81,81,81,29,0,32,45.261141758413125,2.3248069992405362,215.4947059989354,57.0
1780052209,20,,Aggregated,5.900000,0.000000,1100,1700,2000,2200,2500,3000,3100,3100,3100,3100,3100,524,0,1300,1404.536529154584,2.3248069992405362,5080.5321960015135,2803.736641221374
1780052210,20,POST,/api/book,4.800000,0.000000,1600,1900,2000,2200,2400,2500,3000,3000,3000,3000,3000,419,0,1600,1755.5715500763906,98.58627100038575,5080.5321960015135,3384.5393794749402
1780052210,20,GET,/api/concerts,1.400000,0.000000,24,45,60,60,74,190,190,190,190,190,190,80,0,26,54.841429499992955,2.552796999225393,602.054445000249,753.0
1780052210,20,GET,/health,0.400000,0.000000,26,45,45,81,81,81,81,81,81,81,81,29,0,32,45.261141758413125,2.3248069992405362,215.4947059989354,57.0
1780052210,20,,Aggregated,6.600000,0.000000,1400,1700,1900,2000,2300,2500,2800,3000,3000,3000,3000,528,0,1400,1403.9476646837138,2.3248069992405362,5080.5321960015135,2803.058712121212
1780052211,20,POST,/api/book,4.800000,0.000000,1800,2000,2300,2300,2500,2800,3000,3000,3000,3000,3000,424,0,1600,1760.3319238844547,98.58627100038575,5080.5321960015135,3384.6132075471696
1780052211,20,GET,/api/concerts,1.200000,0.000000,21,24,55,60,74,74,74,74,74,74,74,80,0,26,54.841429499992955,2.552796999225393,602.054445000249,753.0
1780052211,20,GET,/health,0.400000,0.000000,37,37,45,45,81,81,81,81,81,81,81,30,0,32,44.99083916646972,2.3248069992405362,215.4947059989354,57.0
1780052211,20,,Aggregated,6.400000,0.000000,1500,1900,2000,2200,2400,2500,2800,3000,3000,3000,3000,534,0,1400,1408.4602532996294,2.3248069992405362,5080.5321960015135,2803.4194756554307
1780052212,20,POST,/api/book,4.800000,0.000000,2000,2200,2300,2400,2500,2500,3000,3000,3000,3000,3000,430,0,1700,1764.17013503723,98.58627100038575,5080.5321960015135,3384.6209302325583
1780052212,20,GET,/api/concerts,1.200000,0.000000,24,55,60,69,74,74,74,74,74,74,74,81,0,26,55.012793222201175,2.552796999225393,602.054445000249,753.0
1780052212,20,GET,/health,0.500000,0.000000,37,37,81,81,81,81,81,81,81,81,81,30,0,32,44.99083916646972,2.3248069992405362,215.4947059989354,57.0
1780052212,20,,Aggregated,6.500000,0.000000,1700,2000,2200,2300,2400,2500,2800,3000,3000,3000,3000,541,0,1400,1412.9370046062866,2.3248069992405362,5080.5321960015135,2806.0813308687616
1780052213,20,POST,/api/book,4.300000,0.000000,2000,2200,2300,2400,2500,2500,3000,3000,3000,3000,3000,434,0,1700,1768.418260967769,98.58627100038575,5080.5321960015135,3384.5115207373274
1780052213,20,GET,/api/concerts,0.900000,0.000000,55,55,60,60,69,69,69,69,69,69,69,81,0,26,55.012793222201175,2.552796999225393,602.054445000249,753.0
1780052213,20,GET,/health,0.600000,0.000000,26,37,81,81,480,480,480,480,480,480,480,33,0,32,56.102098908895364,2.3248069992405362,476.8986159997439,57.0
1780052213,20,,Aggregated,5.800000,0.000000,1900,2100,2200,2300,2500,2500,2800,3000,3000,3000,3000,548,0,1400,1412.045494114969,2.3248069992405362,5080.5321960015135,2795.167883211679
1780052214,20,POST,/api/book,4.400000,0.000000,2000,2100,2300,2400,2500,2500,3000,3000,3000,3000,3000,442,0,1700,1754.7116728461804,98.58627100038575,5080.5321960015135,3384.4095022624433
1780052214,20,GET,/api/concerts,1.000000,0.000000,55,55,60,60,69,69,69,69,69,69,69,82,0,26,54.37698513414056,2.552796999225393,602.054445000249,753.0
1780052214,20,GET,/health,0.400000,0.000000,37,37,81,81,480,480,480,480,480,480,480,33,0,32,56.102098908895364,2.3248069992405362,476.8986159997439,57.0
1780052214,20,,Aggregated,5.800000,0.000000,1800,2000,2200,2300,2500,2500,2800,3000,3000,3000,3000,557,0,1400,1403.75734549911,2.3248069992405362,5080.5321960015135,2799.8850987432675
1780052215,20,POST,/api/book,4.200000,0.000000,1900,2000,2200,2300,2500,2500,3000,3000,3000,3000,3000,446,0,1600,1745.9626787601173,98.58627100038575,5080.5321960015135,3384.5112107623318
1780052215,20,GET,/api/concerts,1.000000,0.000000,55,60,69,69,69,69,69,69,69,69,69,83,0,26,54.55610263855207,2.552796999225393,602.054445000249,753.0
1780052215,20,GET,/health,0.400000,0.000000,37,37,81,81,480,480,480,480,480,480,480,33,0,32,56.102098908895364,2.3248069992405362,476.8986159997439,57.0
1780052215,20,,Aggregated,5.600000,0.000000,1700,2000,2100,2200,2500,2500,2800,3000,3000,3000,3000,562,0,1400,1396.9375098042797,2.3248069992405362,5080.5321960015135,2800.4839857651245
1780052216,20,POST,/api/book,4.200000,0.000000,1900,2000,2200,2300,2500,2500,3000,3000,3000,3000,3000,448,0,1600,1741.3093711495796,98.58627100038575,5080.5321960015135,3384.5334821428573
1780052216,20,GET,/api/concerts,1.000000,0.000000,55,60,69,69,69,69,69,69,69,69,69,85,0,26,53.388469423525216,2.552796999225393,602.054445000249,753.0
1780052216,20,GET,/health,0.400000,0.000000,37,37,81,81,480,480,480,480,480,480,480,33,0,32,56.102098908895364,2.3248069992405362,476.8986159997439,57.0
1780052216,20,,Aggregated,5.600000,0.000000,1500,1900,2100,2200,2500,2500,2800,3000,3000,3000,3000,566,0,1300,1389.5688824028343,2.3248069992405362,5080.5321960015135,2795.3303886925796
1780052217,20,POST,/api/book,5.000000,0.000000,1900,2000,2100,2100,2400,2500,2500,2500,2500,2500,2500,451,0,1600,1741.3912871308437,98.58627100038575,5080.5321960015135,3384.390243902439
1780052217,20,GET,/api/concerts,0.600000,0.000000,13,55,69,69,80,80,80,80,80,80,80,87,0,26,53.22719772412638,2.552796999225393,602.054445000249,753.0
1780052217,20,GET,/health,0.600000,0.000000,37,81,81,480,480,480,480,480,480,480,480,33,0,32,56.102098908895364,2.3248069992405362,476.8986159997439,57.0
1780052217,20,,Aggregated,6.200000,0.000000,1300,1900,2000,2100,2300,2500,2500,2500,2500,2500,2500,571,0,1300,1386.7768931033318,2.3248069992405362,5080.5321960015135,2791.1593695271454
1780052218,20,POST,/api/book,5.000000,0.000000,1900,2000,2200,2200,2500,2500,2900,2900,2900,2900,2900,457,0,1700,1746.3027868337208,98.58627100038575,5080.5321960015135,3384.328227571116
1780052218,20,GET,/api/concerts,0.800000,0.000000,55,69,69,80,180,180,180,180,180,180,180,89,0,26,54.464148191001506,2.552796999225393,602.054445000249,753.0
1780052218,20,GET,/health,0.500000,0.000000,81,81,330,330,480,480,480,480,480,480,480,34,0,32,64.19601961742421,2.3248069992405362,476.8986159997439,57.0
1780052218,20,,Aggregated,6.300000,0.000000,1400,1900,2000,2100,2400,2500,2800,2900,2900,2900,2900,580,0,1300,1388.0868059293125,2.3248069992405362,5080.5321960015135,2785.505172413793
1780052219,20,POST,/api/book,4.800000,0.000000,1900,2000,2200,2300,2500,2600,2900,2900,2900,2900,2900,466,0,1600,1742.0298977875798,98.58627100038575,5080.5321960015135,3383.972103004292
1780052219,20,GET,/api/concerts,0.900000,0.000000,32,69,69,69,80,180,180,180,180,180,180,90,0,26,54.09532691111154,2.552796999225393,602.054445000249,753.0
1780052219,20,GET,/health,0.500000,0.000000,37,37,330,330,480,480,480,480,480,480,480,35,0,32,62.453900999805356,2.3248069992405362,476.8986159997439,57.0
1780052219,20,,Aggregated,6.200000,0.000000,1300,1900,2000,2200,2400,2500,2800,2900,2900,2900,2900,591,0,1300,1385.5167484365563,2.3248069992405362,5080.5321960015135,2786.2876480541454
1780052220,20,POST,/api/book,4.100000,0.000000,1700,2000,2100,2300,2500,2600,2900,2900,2900,2900,2900,469,0,1600,1733.9121799083398,98.58627100038575,5080.5321960015135,3383.963752665245
1780052220,20,GET,/api/concerts,1.000000,0.000000,32,69,69,80,180,180,180,180,180,180,180,90,0,26,54.09532691111154,2.552796999225393,602.054445000249,753.0
1780052220,20,GET,/health,0.500000,0.000000,21,37,330,330,480,480,480,480,480,480,480,36,0,28,60.79280577756031,2.3248069992405362,476.8986159997439,57.0
1780052220,20,,Aggregated,5.600000,0.000000,940,1900,2000,2100,2400,2500,2800,2900,2900,2900,2900,595,0,1300,1378.591483709249,2.3248069992405362,5080.5321960015135,2784.70756302521
1780052221,20,POST,/api/book,4.900000,0.000000,1300,1900,2100,2100,2400,2600,2900,2900,2900,2900,2900,470,0,1600,1732.341223153217,98.58627100038575,5080.5321960015135,3384.0170212765956
1780052221,20,GET,/api/concerts,1.000000,0.000000,32,34,69,69,80,180,180,180,180,180,180,92,0,26,53.34300673911971,2.552796999225393,602.054445000249,753.0
1780052221,20,GET,/health,0.600000,0.000000,21,190,330,330,480,480,480,480,480,480,480,37,0,32,64.2313640808523,2.3248069992405362,476.8986159997439,57.0
1780052221,20,,Aggregated,6.500000,0.000000,800,1300,1900,2000,2300,2600,2800,2900,2900,2900,2900,599,0,1300,1371.4265308397362,2.3248069992405362,5080.5321960015135,2774.4123539232055
1780052222,20,POST,/api/book,5.000000,0.000000,1300,2000,2100,2100,2400,2600,2900,2900,2900,2900,2900,471,0,1600,1733.0964949787917,98.58627100038575,5080.5321960015135,3383.932059447983
1780052222,20,GET,/api/concerts,1.000000,0.000000,32,69,80,81,150,180,180,180,180,180,180,94,0,26,54.71764486170054,2.552796999225393,602.054445000249,753.0
1780052222,20,GET,/health,0.700000,0.000000,160,190,330,330,480,480,480,480,480,480,480,38,0,32,66.75399863132425,2.3248069992405362,476.8986159997439,57.0
1780052222,20,,Aggregated,6.700000,0.000000,740,1100,1900,2000,2200,2500,2800,2900,2900,2900,2900,603,0,1300,1366.448689386402,2.3248069992405362,5080.5321960015135,2764.145936981758
1780052223,20,POST,/api/book,5.000000,0.000000,1300,2100,2300,2600,2800,2900,3000,3000,3000,3000,3000,475,0,1700,1741.935498871601,98.58627100038575,5080.5321960015135,3384.0084210526315
1780052223,20,GET,/api/concerts,1.100000,0.000000,32,69,80,81,150,180,180,180,180,180,180,94,0,26,54.71764486170054,2.552796999225393,602.054445000249,753.0
1780052223,20,GET,/health,0.700000,0.000000,160,190,330,330,480,480,480,480,480,480,480,38,0,32,66.75399863132425,2.3248069992405362,476.8986159997439,57.0
1780052223,20,,Aggregated,6.800000,0.000000,740,1300,2000,2100,2600,2900,2900,3000,3000,3000,3000,607,0,1300,1375.7816680873148,2.3248069992405362,5080.5321960015135,2768.2899505766063
1780052224,20,POST,/api/book,4.200000,0.000000,2000,2400,2600,2600,2900,2900,3000,3000,3000,3000,3000,481,0,1700,1751.4016630124881,98.58627100038575,5080.5321960015135,3384.051975051975
1780052224,20,GET,/api/concerts,1.200000,0.000000,34,69,80,81,150,180,180,180,180,180,180,95,0,27,54.5465467999939,2.552796999225393,602.054445000249,753.0
1780052224,20,GET,/health,0.800000,0.000000,21,160,190,330,480,480,480,480,480,480,480,39,0,32,65.29472887156702,2.3248069992405362,476.8986159997439,57.0
1780052224,20,,Aggregated,6.200000,0.000000,840,1900,2300,2400,2700,2900,2900,3000,3000,3000,3000,615,0,1300,1382.3619776926773,2.3248069992405362,5080.5321960015135,2766.6455284552844
1780052225,20,POST,/api/book,4.200000,0.000000,2100,2400,2600,2700,2900,2900,3000,3000,3000,3000,3000,485,0,1700,1755.343458323726,98.58627100038575,5080.5321960015135,3384.1649484536083
1780052225,20,GET,/api/concerts,1.300000,0.000000,38,80,81,150,180,180,180,180,180,180,180,95,0,27,54.5465467999939,2.552796999225393,602.054445000249,753.0
1780052225,20,GET,/health,0.800000,0.000000,160,160,190,190,330,330,330,330,330,330,330,39,0,32,65.29472887156702,2.3248069992405362,476.8986159997439,57.0
1780052225,20,,Aggregated,6.300000,0.000000,1500,2100,2400,2600,2800,2900,2900,3000,3000,3000,3000,619,0,1300,1387.8352078497526,2.3248069992405362,5080.5321960015135,2770.723747980614
1780052226,20,POST,/api/book,3.900000,0.000000,2100,2400,2600,2700,2900,2900,3100,3100,3100,3100,3100,492,0,1700,1759.3475201565202,98.58627100038575,5080.5321960015135,3384.2845528455287
1780052226,20,GET,/api/concerts,1.300000,0.000000,34,38,81,150,180,180,180,180,180,180,180,95,0,27,54.5465467999939,2.552796999225393,602.054445000249,753.0
1780052226,20,GET,/health,0.600000,0.000000,38,160,190,190,330,330,330,330,330,330,330,40,0,32,64.60370004979268,2.3248069992405362,476.8986159997439,57.0
1780052226,20,,Aggregated,5.800000,0.000000,1700,2100,2400,2600,2800,2900,3000,3100,3100,3100,3100,627,0,1400,1392.926714298243,2.3248069992405362,5080.5321960015135,2773.3381180223287
1780052227,20,POST,/api/book,3.900000,0.000000,2000,2400,2600,2700,2900,2900,3100,3100,3100,3100,3100,494,0,1700,1758.2635455162072,98.58627100038575,5080.5321960015135,3384.1700404858298
1780052227,20,GET,/api/concerts,1.300000,0.000000,74,81,150,150,180,180,180,180,180,180,180,96,0,27,54.750559614584894,2.552796999225393,602.054445000249,753.0
1780052227,20,GET,/health,0.600000,0.000000,38,160,190,190,330,330,330,330,330,330,330,40,0,32,64.60370004979268,2.3248069992405362,476.8986159997439,57.0
1780052227,20,,Aggregated,5.800000,0.000000,1700,2200,2400,2600,2800,2900,3000,3100,3100,3100,3100,630,0,1400,1391.1466558888847,2.3248069992405362,5080.5321960015135,2771.980952380952
1780052228,20,POST,/api/book,4.100000,0.000000,2000,2400,2600,2700,2900,3000,3100,3100,3100,3100,3100,498,0,1700,1762.3403046546314,98.58627100038575,5080.5321960015135,3384.086345381526
1780052228,20,GET,/api/concerts,1.000000,0.000000,74,81,150,150,420,420,420,420,420,420,420,97,0,32,58.550121835051144,2.552796999225393,602.054445000249,753.0
1780052228,20,GET,/health,0.700000,0.000000,38,38,160,160,190,190,190,190,190,190,190,40,0,32,64.60370004979268,2.3248069992405362,476.8986159997439,57.0
1780052228,20,,Aggregated,5.800000,0.000000,1600,2100,2400,2600,2800,2900,3100,3100,3100,3100,3100,635,0,1400,1395.1322543905467,2.3248069992405362,5080.5321960015135,2772.592125984252
1780052229,20,POST,/api/book,4.400000,0.000000,2300,2500,2600,2700,2900,3000,3100,3100,3100,3100,3100,504,0,1700,1769.8170504821596,98.58627100038575,5080.5321960015135,3384.1805555555557
1780052229,20,GET,/api/concerts,0.900000,0.000000,74,81,150,150,420,420,420,420,420,420,420,98,0,32,58.45215675509856,2.552796999225393,602.054445000249,753.0
1780052229,20,GET,/health,0.700000,0.000000,160,160,190,190,190,190,190,190,190,190,190,40,0,32,64.60370004979268,2.3248069992405362,476.8986159997439,57.0
1780052229,20,,Aggregated,6.000000,0.000000,1900,2400,2500,2600,2800,2900,3100,3100,3100,3100,3100,642,0,1400,1402.336842378503,2.3248069992405362,5080.5321960015135,2775.235202492212
1780052230,20,POST,/api/book,4.300000,0.000000,2200,2400,2600,2600,2800,2900,3100,3100,3100,3100,3100,511,0,1700,1771.6162928845501,98.58627100038575,5080.5321960015135,3384.12915851272
1780052230,20,GET,/api/concerts,0.800000,0.000000,74,81,150,150,420,420,420,420,420,420,420,98,0,32,58.45215675509856,2.552796999225393,602.054445000249,753.0
1780052230,20,GET,/health,0.700000,0.000000,38,38,160,160,160,160,160,160,160,160,160,40,0,32,64.60370004979268,2.3248069992405362,476.8986159997439,57.0
1780052230,20,,Aggregated,5.800000,0.000000,2000,2400,2500,2600,2700,2900,3000,3100,3100,3100,3100,649,0,1400,1407.717080166403,2.3248069992405362,5080.5321960015135,2781.762711864407
1780052231,20,POST,/api/book,3.700000,0.000000,2300,2400,2600,2600,2800,2900,3100,3100,3100,3100,3100,512,0,1700,1770.8879807519631,98.58627100038575,5080.5321960015135,3384.115234375
1780052231,20,GET,/api/concerts,0.900000,0.000000,74,81,81,420,420,420,420,420,420,420,420,98,0,32,58.45215675509856,2.552796999225393,602.054445000249,753.0
1780052231,20,GET,/health,0.600000,0.000000,38,110,110,160,160,160,160,160,160,160,160,42,0,32,64.2932559521796,2.3248069992405362,476.8986159997439,57.0
1780052231,20,,Aggregated,5.200000,0.000000,2000,2400,2500,2600,2700,2900,3000,3100,3100,3100,3100,652,0,1400,1403.5633040751463,2.3248069992405362,5080.5321960015135,2774.3174846625766
1780052232,20,POST,/api/book,3.800000,0.000000,2100,2400,2500,2600,2700,2900,3100,3100,3100,3100,3100,517,0,1700,1769.3571431721534,98.58627100038575,5080.5321960015135,3384.0232108317214
1780052232,20,GET,/api/concerts,0.800000,0.000000,59,59,74,74,420,420,420,420,420,420,420,100,0,34,58.35381113998665,2.552796999225393,602.054445000249,753.0
1780052232,20,GET,/health,0.400000,0.000000,38,38,110,110,110,110,110,110,110,110,110,42,0,32,64.2932559521796,2.3248069992405362,476.8986159997439,57.0
1780052232,20,,Aggregated,5.000000,0.000000,1900,2300,2400,2600,2700,2900,2900,3100,3100,3100,3100,659,0,1400,1401.0521105978644,2.3248069992405362,5080.5321960015135,2772.7374810318665
1780052233,20,POST,/api/book,4.200000,0.000000,1900,2300,2300,2400,2600,2700,3100,3100,3100,3100,3100,524,0,1700,1772.4606399904653,98.58627100038575,5080.5321960015135,3384.1755725190837
1780052233,20,GET,/api/concerts,0.700000,0.000000,59,59,74,74,420,420,420,420,420,420,420,100,0,34,58.35381113998665,2.552796999225393,602.054445000249,753.0
1780052233,20,GET,/health,0.400000,0.000000,38,38,110,110,110,110,110,110,110,110,110,42,0,32,64.2932559521796,2.3248069992405362,476.8986159997439,57.0
1780052233,20,,Aggregated,5.300000,0.000000,1900,2100,2300,2400,2500,2700,2800,3100,3100,3100,3100,666,0,1400,1407.364974803293,2.3248069992405362,5080.5321960015135,2779.2822822822823
1780052234,20,POST,/api/book,4.500000,0.000000,1900,2100,2300,2400,2600,2700,3100,3100,3100,3100,3100,529,0,1700,1769.558178003783,98.58627100038575,5080.5321960015135,3384.202268431002
1780052234,20,GET,/api/concerts,0.500000,0.000000,59,74,90,90,420,420,420,420,420,420,420,101,0,34,58.66467181186807,2.552796999225393,602.054445000249,753.0
1780052234,20,GET,/health,0.400000,0.000000,38,38,110,110,110,110,110,110,110,110,110,42,0,32,64.2932559521796,2.3248069992405362,476.8986159997439,57.0
1780052234,20,,Aggregated,5.400000,0.000000,1700,2000,2300,2300,2500,2700,2800,3100,3100,3100,3100,672,0,1400,1405.8358999508787,2.3248069992405362,5080.5321960015135,2780.7886904761904
1780052235,20,POST,/api/book,4.700000,0.000000,1800,2000,2300,2300,2500,2600,2700,2700,2700,2700,2700,533,0,1700,1764.4890205910006,98.58627100038575,5080.5321960015135,3384.0994371482175
1780052235,20,GET,/api/concerts,0.600000,0.000000,74,77,90,90,420,420,420,420,420,420,420,102,0,34,58.84211178429313,2.552796999225393,602.054445000249,753.0
1780052235,20,GET,/health,0.400000,0.000000,38,38,110,110,110,110,110,110,110,110,110,42,0,32,64.2932559521796,2.3248069992405362,476.8986159997439,57.0
1780052235,20,,Aggregated,5.700000,0.000000,1600,1900,2100,2300,2400,2600,2600,2700,2700,2700,2700,677,0,1400,1402.0308125952615,2.3248069992405362,5080.5321960015135,2781.277695716396
1780052236,20,POST,/api/book,4.700000,0.000000,1800,2000,2300,2300,2500,2600,2700,2700,2700,2700,2700,535,0,1700,1763.934538383184,98.58627100038575,5080.5321960015135,3384.080373831776
1780052236,20,GET,/api/concerts,0.500000,0.000000,74,77,90,90,420,420,420,420,420,420,420,103,0,34,58.3755620291148,2.552796999225393,602.054445000249,753.0
1780052236,20,GET,/health,0.300000,0.000000,38,38,110,110,110,110,110,110,110,110,110,42,0,32,64.2932559521796,2.3248069992405362,476.8986159997439,57.0
1780052236,20,,Aggregated,5.500000,0.000000,1600,2000,2100,2300,2400,2600,2600,2700,2700,2700,2700,680,0,1400,1400.6146730499897,2.3248069992405362,5080.5321960015135,2780.0529411764705
1780052237,20,POST,/api/book,4.800000,0.000000,1900,2100,2300,2300,2500,2600,2700,2700,2700,2700,2700,539,0,1700,1766.8726242356317,98.58627100038575,5080.5321960015135,3383.968460111317
1780052237,20,GET,/api/concerts,0.600000,0.000000,77,90,160,160,420,420,420,420,420,420,420,104,0,34,59.360360548068385,2.552796999225393,602.054445000249,753.0
1780052237,20,GET,/health,0.300000,0.000000,110,110,180,180,180,180,180,180,180,180,180,43,0,36,67.0637126509804,2.3248069992405362,476.8986159997439,57.0
1780052237,20,,Aggregated,5.700000,0.000000,1700,2000,2100,2300,2400,2600,2600,2700,2700,2700,2700,686,0,1400,1401.4600023381868,2.3248069992405362,5080.5321960015135,2776.5626822157433
1780052238,20,POST,/api/book,4.400000,0.000000,1800,2100,2300,2300,2400,2500,2600,2600,2600,2600,2600,546,0,1700,1770.3585930494644,98.58627100038575,5080.5321960015135,3383.9578754578756
1780052238,20,GET,/api/concerts,0.800000,0.000000,59,77,90,160,420,420,420,420,420,420,420,105,0,34,58.91222639047122,2.552796999225393,602.054445000249,753.0
1780052238,20,GET,/health,0.200000,0.000000,110,110,180,180,180,180,180,180,180,180,180,43,0,36,67.0637126509804,2.3248069992405362,476.8986159997439,57.0
1780052238,20,,Aggregated,5.400000,0.000000,1700,2000,2100,2300,2400,2500,2500,2600,2600,2600,2600,694,0,1400,1405.8866213544648,2.3248069992405362,5080.5321960015135,2779.765129682997
1780052239,20,POST,/api/book,4.400000,0.000000,1800,2100,2200,2300,2300,2400,2500,2500,2500,2500,2500,551,0,1700,1771.6090357114465,98.58627100038575,5080.5321960015135,3383.847549909256
1780052239,20,GET,/api/concerts,0.900000,0.000000,59,77,90,160,420,420,420,420,420,420,420,105,0,34,58.91222639047122,2.552796999225393,602.054445000249,753.0
1780052239,20,GET,/health,0.300000,0.000000,110,110,180,180,180,180,180,180,180,180,180,43,0,36,67.0637126509804,2.3248069992405362,476.8986159997439,57.0
1780052239,20,,Aggregated,5.600000,0.000000,1700,1900,2100,2200,2300,2400,2400,2500,2500,2500,2500,699,0,1400,1409.4794021344749,2.3248069992405362,5080.5321960015135,2784.0
1780052240,20,POST,/api/book,4.800000,0.000000,1800,2100,2200,2300,2400,2400,2500,2500,2500,2500,2500,552,0,1700,1770.445301615957,98.58627100038575,5080.5321960015135,3383.7916666666665
1780052240,20,GET,/api/concerts,0.800000,0.000000,59,77,90,90,160,160,160,160,160,160,160,106,0,34,58.51607369810874,2.552796999225393,602.054445000249,753.0
1780052240,20,GET,/health,0.300000,0.000000,110,110,180,180,180,180,180,180,180,180,180,44,0,32,66.11068918164165,2.3248069992405362,476.8986159997439,57.0
1780052240,20,,Aggregated,5.900000,0.000000,1500,1900,2100,2200,2300,2400,2400,2500,2500,2500,2500,702,0,1400,1405.1244738290586,2.3248069992405362,5080.5321960015135,2778.0327635327635
1780052241,20,POST,/api/book,4.900000,0.000000,2100,2300,2300,2400,2400,2500,2600,2600,2600,2600,2600,562,0,1700,1780.4006053914727,98.58627100038575,5080.5321960015135,3383.7580071174375
1780052241,20,GET,/api/concerts,0.700000,0.000000,48,59,77,90,160,160,160,160,160,160,160,107,0,34,58.38261542055853,2.552796999225393,602.054445000249,753.0
1780052241,20,GET,/health,0.300000,0.000000,110,110,180,180,180,180,180,180,180,180,180,44,0,32,66.11068918164165,2.3248069992405362,476.8986159997439,57.0
1780052241,20,,Aggregated,5.900000,0.000000,1800,2100,2300,2300,2400,2500,2600,2600,2600,2600,2600,713,0,1400,1416.186466204767,2.3248069992405362,5080.5321960015135,2783.661991584853
1780052242,20,POST,/api/book,4.700000,0.000000,2000,2200,2300,2400,2400,2500,2600,2600,2600,2600,2600,565,0,1700,1778.5894183327591,98.58627100038575,5080.5321960015135,3383.7716814159294
1780052242,20,GET,/api/concerts,0.700000,0.000000,48,59,77,90,160,160,160,160,160,160,160,107,0,34,58.38261542055853,2.552796999225393,602.054445000249,753.0
1780052242,20,GET,/health,0.400000,0.000000,110,110,180,180,180,180,180,180,180,180,180,44,0,32,66.11068918164165,2.3248069992405362,476.8986159997439,57.0
1780052242,20,,Aggregated,5.800000,0.000000,1800,2100,2300,2300,2400,2500,2600,2600,2600,2600,2600,716,0,1400,1416.28328426257,2.3248069992405362,5080.5321960015135,2786.1871508379886
1780052243,20,POST,/api/book,4.000000,0.000000,2100,2200,2300,2400,2400,2600,2600,2600,2600,2600,2600,566,0,1700,1777.30574201415,98.58627100038575,5080.5321960015135,3383.7526501766783
1780052243,20,GET,/api/concerts,0.800000,0.000000,77,90,160,160,170,170,170,170,170,170,170,108,0,34,59.39389924073853,2.552796999225393,602.054445000249,753.0
1780052243,20,GET,/health,0.300000,0.000000,25,25,180,180,180,180,180,180,180,180,180,45,0,32,65.14971871094733,2.3248069992405362,476.8986159997439,57.0
1780052243,20,,Aggregated,5.100000,0.000000,1600,2100,2300,2300,2400,2500,2600,2600,2600,2600,2600,719,0,1400,1412.1019867037558,2.3248069992405362,5080.5321960015135,2780.3796940194716
1780052244,20,POST,/api/book,4.800000,0.000000,2100,2300,2300,2400,2400,2600,2600,2600,2600,2600,2600,569,0,1700,1778.1460959736562,98.58627100038575,5080.5321960015135,3383.6274165202108
1780052244,20,GET,/api/concerts,0.900000,0.000000,44,77,160,160,170,170,170,170,170,170,170,108,0,34,59.39389924073853,2.552796999225393,602.054445000249,753.0
1780052244,20,GET,/health,0.200000,0.000000,25,25,180,180,180,180,180,180,180,180,180,45,0,32,65.14971871094733,2.3248069992405362,476.8986159997439,57.0
1780052244,20,,Aggregated,5.900000,0.000000,1900,2100,2300,2300,2400,2500,2600,2600,2600,2600,2600,722,0,1400,1414.281727242385,2.3248069992405362,5080.5321960015135,2782.788088642659
1780052245,20,POST,/api/book,4.700000,0.000000,2100,2300,2400,2400,2600,3600,3700,3700,3700,3700,3700,580,0,1800,1792.661697237946,98.58627100038575,5080.5321960015135,3383.603448275862
1780052245,20,GET,/api/concerts,0.700000,0.000000,44,160,160,170,170,170,170,170,170,170,170,108,0,34,59.39389924073853,2.552796999225393,602.054445000249,753.0
1780052245,20,GET,/health,0.300000,0.000000,25,25,180,180,180,180,180,180,180,180,180,45,0,32,65.14971871094733,2.3248069992405362,476.8986159997439,57.0
1780052245,20,,Aggregated,5.700000,0.000000,2100,2200,2300,2400,2600,3600,3700,3700,3700,3700,3700,733,0,1400,1431.2279165866305,2.3248069992405362,5080.5321960015135,2791.785811732606
1780052246,20,POST,/api/book,4.100000,0.000000,2100,2300,2400,2400,2600,3600,3700,3700,3700,3700,3700,584,0,1700,1789.8697884931644,98.58627100038575,5080.5321960015135,3383.448630136986
1780052246,20,GET,/api/concerts,0.800000,0.000000,44,44,160,160,170,170,170,170,170,170,170,109,0,34,58.89864171559908,2.552796999225393,602.054445000249,753.0
1780052246,20,GET,/health,0.300000,0.000000,25,25,180,180,180,180,180,180,180,180,180,46,0,28,63.947115847677985,2.3248069992405362,476.8986159997439,57.0
1780052246,20,,Aggregated,5.200000,0.000000,2100,2200,2300,2400,2600,3600,3700,3700,3700,3700,3700,739,0,1400,1427.1251363410017,2.3248069992405362,5080.5321960015135,2788.407307171854
1780052247,20,POST,/api/book,4.500000,0.000000,2100,2200,2400,2400,2600,3600,3700,3700,3700,3700,3700,590,0,1700,1779.594791105104,98.58627100038575,5080.5321960015135,3383.5389830508475
1780052247,20,GET,/api/concerts,0.700000,0.000000,17,17,44,44,170,170,170,170,170,170,170,110,0,34,58.38781540000623,2.552796999225393,602.054445000249,753.0
1780052247,20,GET,/health,0.300000,0.000000,10,23,23,25,25,25,25,25,25,25,25,48,0,26,61.38747318736174,2.3248069992405362,476.8986159997439,57.0
1780052247,20,,Aggregated,5.500000,0.000000,1700,2200,2300,2400,2600,3600,3700,3700,3700,3700,3700,748,0,1400,1416.216825078882,2.3248069992405362,5080.5321960015135,2783.2272727272725
1780052248,20,POST,/api/book,4.900000,0.000000,2000,2200,2300,2400,2600,3600,3700,3700,3700,3700,3700,592,0,1700,1776.050950932453,98.58627100038575,5080.5321960015135,3383.5658783783783
1780052248,20,GET,/api/concerts,0.500000,0.000000,17,17,44,44,170,170,170,170,170,170,170,110,0,34,58.38781540000623,2.552796999225393,602.054445000249,753.0
1780052248,20,GET,/health,0.400000,0.000000,23,23,25,25,27,27,27,27,27,27,27,49,0,27,60.68401928559422,2.3248069992405362,476.8986159997439,57.0
1780052248,20,,Aggregated,5.800000,0.000000,1600,2100,2200,2300,2600,3600,3700,3700,3700,3700,3700,751,0,1400,1412.5410647017382,2.3248069992405362,5080.5321960015135,2781.2170439414112
1780052249,20,POST,/api/book,5.100000,0.000000,1700,2100,2200,2300,2600,3600,3700,3700,3700,3700,3700,600,0,1700,1763.3731118933542,98.58627100038575,5080.5321960015135,3383.701666666667
1780052249,20,GET,/api/concerts,0.500000,0.000000,17,44,63,63,170,170,170,170,170,170,170,112,0,34,57.93069938394118,2.552796999225393,602.054445000249,753.0
1780052249,20,GET,/health,0.500000,0.000000,23,25,27,41,57,57,57,57,57,57,57,53,0,27,58.04930688670006,2.133192001565476,476.8986159997439,57.0
1780052249,20,,Aggregated,6.100000,0.000000,1200,1900,2200,2200,2400,2900,3700,3700,3700,3700,3700,765,0,1400,1395.5408088000095,2.133192001565476,5080.5321960015135,2768.075816993464
1780052250,20,POST,/api/book,4.900000,0.000000,1500,2100,2200,2300,2600,3600,3700,3700,3700,3700,3700,604,0,1700,1754.3147359917423,98.58627100038575,5080.5321960015135,3383.667218543046
1780052250,20,GET,/api/concerts,0.600000,0.000000,5,44,56,63,170,170,170,170,170,170,170,115,0,34,56.95399843480909,2.349326001422014,602.054445000249,753.0
1780052250,20,GET,/health,0.600000,0.000000,10,23,27,41,57,57,57,57,57,57,57,53,0,27,58.04930688670006,2.133192001565476,476.8986159997439,57.0
1780052250,20,,Aggregated,6.100000,0.000000,1200,1700,2100,2200,2400,2900,3700,3700,3700,3700,3700,772,0,1400,1385.0160927772135,2.133192001565476,5080.5321960015135,2763.4080310880827
1780052251,20,POST,/api/book,4.900000,0.000000,1200,1600,1900,2200,2200,3600,3700,3700,3700,3700,3700,605,0,1700,1752.5690754512607,98.58627100038575,5080.5321960015135,3383.707438016529
1780052251,20,GET,/api/concerts,0.600000,0.000000,5,44,56,63,170,170,170,170,170,170,170,115,0,34,56.95399843480909,2.349326001422014,602.054445000249,753.0
1780052251,20,GET,/health,0.900000,0.000000,10,23,27,41,57,57,57,57,57,57,57,53,0,27,58.04930688670006,2.133192001565476,476.8986159997439,57.0
1780052251,20,,Aggregated,6.400000,0.000000,860,1200,1600,1900,2200,3600,3700,3700,3700,3700,3700,773,0,1400,1384.1275727464542,2.133192001565476,5080.5321960015135,2764.24191461837
1780052252,20,POST,/api/book,4.900000,0.000000,1200,1600,1900,2200,2200,3600,3700,3700,3700,3700,3700,609,0,1700,1749.598395366197,98.58627100038575,5080.5321960015135,3383.6847290640394
1780052252,20,GET,/api/concerts,0.800000,0.000000,5,56,63,64,170,170,170,170,170,170,170,116,0,34,57.01430315520125,2.349326001422014,602.054445000249,753.0
1780052252,20,GET,/health,0.900000,0.000000,23,41,41,41,53,57,57,57,57,57,57,55,0,28,57.66123399989738,2.133192001565476,476.8986159997439,57.0
1780052252,20,,Aggregated,6.600000,0.000000,860,1200,1500,1800,2200,2900,3700,3700,3700,3700,3700,780,0,1400,1378.5774997615515,2.133192001565476,5080.5321960015135,2757.880769230769
1780052253,20,POST,/api/book,5.200000,0.000000,1200,1600,1900,2000,2200,3600,3700,3700,3700,3700,3700,613,0,1700,1747.8382129315055,98.58627100038575,5080.5321960015135,3383.778140293638
1780052253,20,GET,/api/concerts,0.900000,0.000000,16,56,63,63,64,170,170,170,170,170,170,118,0,34,56.55190272884314,2.349326001422014,602.054445000249,753.0
1780052253,20,GET,/health,0.900000,0.000000,10,41,41,41,53,57,57,57,57,57,57,56,0,27,56.670965624886904,2.133192001565476,476.8986159997439,57.0
1780052253,20,,Aggregated,7.000000,0.000000,830,1200,1500,1800,2200,2900,3700,3700,3700,3700,3700,787,0,1400,1373.915531288448,2.133192001565476,5080.5321960015135,2752.607369758577
1780052254,20,POST,/api/book,4.400000,0.000000,1200,1400,1900,1900,2100,2200,2200,2200,2200,2200,2200,618,0,1700,1750.2730176666914,98.58627100038575,5080.5321960015135,3383.715210355987
1780052254,20,GET,/api/concerts,0.900000,0.000000,16,44,56,63,64,64,64,64,64,64,64,118,0,34,56.55190272884314,2.349326001422014,602.054445000249,753.0
1780052254,20,GET,/health,1.100000,0.000000,10,41,41,41,53,57,57,57,57,57,57,56,0,27,56.670965624886904,2.133192001565476,476.8986159997439,57.0
1780052254,20,,Aggregated,6.400000,0.000000,700,1200,1400,1500,2000,2100,2200,2200,2200,2200,2200,792,0,1400,1378.17603979168,2.133192001565476,5080.5321960015135,2756.5429292929293
1780052255,20,POST,/api/book,4.700000,0.000000,1200,1400,1700,1700,2000,2100,2200,2200,2200,2200,2200,622,0,1700,1749.4973857733357,98.58627100038575,5080.5321960015135,3383.5836012861737
1780052255,20,GET,/api/concerts,0.900000,0.000000,16,31,56,56,63,64,64,64,64,64,64,120,0,32,55.95106395003313,2.349326001422014,602.054445000249,753.0
1780052255,20,GET,/health,1.100000,0.000000,27,41,53,53,57,84,84,84,84,84,84,57,0,28,57.15391536831336,2.133192001565476,476.8986159997439,57.0
1780052255,20,,Aggregated,6.700000,0.000000,560,1100,1300,1400,1900,2000,2100,2200,2200,2200,2200,799,0,1400,1374.417114894882,2.133192001565476,5080.5321960015135,2751.1864831038797
1780052256,20,POST,/api/book,4.800000,0.000000,1400,1700,1900,1900,2100,2100,2200,2200,2200,2200,2200,628,0,1700,1750.9310448376057,98.58627100038575,5080.5321960015135,3383.707006369427
1780052256,20,GET,/api/concerts,1.000000,0.000000,16,44,56,56,63,64,64,64,64,64,64,120,0,32,55.95106395003313,2.349326001422014,602.054445000249,753.0
1780052256,20,GET,/health,1.100000,0.000000,41,41,53,57,84,84,84,84,84,84,84,58,0,27,56.39370881024284,2.133192001565476,476.8986159997439,57.0
1780052256,20,,Aggregated,6.900000,0.000000,610,1200,1600,1700,2000,2100,2100,2200,2200,2200,2200,806,0,1400,1376.6372939739608,2.133192001565476,5080.5321960015135,2752.647642679901
1780052257,20,POST,/api/book,4.500000,0.000000,1400,1700,1900,1900,2100,2100,2200,2200,2200,2200,2200,635,0,1700,1744.2011655732565,98.58627100038575,5080.5321960015135,3383.4740157480314
1780052257,20,GET,/api/concerts,1.100000,0.000000,31,44,56,63,64,64,64,64,64,64,64,120,0,32,55.95106395003313,2.349326001422014,602.054445000249,753.0
1780052257,20,GET,/health,1.100000,0.000000,41,41,53,57,84,84,84,84,84,84,84,58,0,27,56.39370881024284,2.133192001565476,476.8986159997439,57.0
1780052257,20,,Aggregated,6.700000,0.000000,860,1400,1700,1700,2000,2100,2100,2200,2200,2200,2200,813,0,1400,1374.603570632243,2.133192001565476,5080.5321960015135,2757.89913899139
1780052258,20,POST,/api/book,4.200000,0.000000,1400,1700,1900,1900,2100,2100,2200,2200,2200,2200,2200,637,0,1700,1742.2194016703568,98.58627100038575,5080.5321960015135,3383.492935635793
1780052258,20,GET,/api/concerts,1.200000,0.000000,16,44,50,50,56,64,64,64,64,64,64,122,0,32,55.49158986887647,2.349326001422014,602.054445000249,753.0
1780052258,20,GET,/health,1.100000,0.000000,41,41,53,53,84,84,84,84,84,84,84,58,0,27,56.39370881024284,2.133192001565476,476.8986159997439,57.0
1780052258,20,,Aggregated,6.500000,0.000000,850,1400,1700,1900,2000,2100,2100,2200,2200,2200,2200,817,0,1400,1370.6665458249838,2.133192001565476,5080.5321960015135,2754.5373317013464
1780052259,20,POST,/api/book,4.400000,0.000000,1600,1700,1900,1900,2100,2100,2200,2200,2200,2200,2200,643,0,1700,1740.0252657947383,98.58627100038575,5080.5321960015135,3383.3732503888023
1780052259,20,GET,/api/concerts,1.100000,0.000000,31,44,50,56,64,64,64,64,64,64,64,122,0,32,55.49158986887647,2.349326001422014,602.054445000249,753.0
1780052259,20,GET,/health,1.000000,0.000000,41,53,84,87,190,190,190,190,190,190,190,61,0,32,58.75054627862572,2.133192001565476,476.8986159997439,57.0
1780052259,20,,Aggregated,6.500000,0.000000,1200,1600,1700,1900,2000,2100,2100,2200,2200,2200,2200,826,0,1400,1367.058115245779,2.133192001565476,5080.5321960015135,2749.2154963680387
1780052260,20,POST,/api/book,4.400000,0.000000,1700,1800,1900,1900,2100,2100,2200,2200,2200,2200,2200,644,0,1700,1740.3294206506464,98.58627100038575,5080.5321960015135,3383.333850931677
1780052260,20,GET,/api/concerts,1.000000,0.000000,31,44,50,50,64,64,64,64,64,64,64,122,0,32,55.49158986887647,2.349326001422014,602.054445000249,753.0
1780052260,20,GET,/health,0.900000,0.000000,41,53,84,87,190,190,190,190,190,190,190,62,0,28,57.968351370912,2.133192001565476,476.8986159997439,57.0
1780052260,20,,Aggregated,6.300000,0.000000,1400,1700,1800,1900,2000,2100,2100,2200,2200,2200,2200,828,0,1400,1366.1064717971176,2.133192001565476,5080.5321960015135,2746.699275362319
1780052261,20,POST,/api/book,4.300000,0.000000,1700,1900,2000,2100,2200,2500,2600,2600,2600,2600,2600,652,0,1700,1745.5570749509477,98.58627100038575,5080.5321960015135,3383.1947852760736
1780052261,20,GET,/api/concerts,1.100000,0.000000,44,50,64,64,80,80,80,80,80,80,80,123,0,34,55.688385341491674,2.349326001422014,602.054445000249,753.0
1780052261,20,GET,/health,0.700000,0.000000,84,87,87,87,190,190,190,190,190,190,190,63,0,32,58.42224138088193,2.133192001565476,476.8986159997439,57.0
1780052261,20,,Aggregated,6.100000,0.000000,1500,1700,1900,2000,2100,2500,2600,2600,2600,2600,2600,838,0,1400,1370.6843502052684,2.133192001565476,5080.5321960015135,2747.0799522673033
1780052262,20,POST,/api/book,4.200000,0.000000,1700,1900,2000,2100,2200,2500,2600,2600,2600,2600,2600,660,0,1700,1742.2783672682017,98.58627100038575,5080.5321960015135,3383.140909090909
1780052262,20,GET,/api/concerts,0.900000,0.000000,31,44,50,50,80,80,80,80,80,80,80,123,0,34,55.688385341491674,2.349326001422014,602.054445000249,753.0
1780052262,20,GET,/health,0.800000,0.000000,84,87,87,87,190,190,190,190,190,190,190,63,0,32,58.42224138088193,2.133192001565476,476.8986159997439,57.0
1780052262,20,,Aggregated,5.900000,0.000000,1500,1700,1900,1900,2100,2400,2600,2600,2600,2600,2600,846,0,1400,1371.6713888900829,2.133192001565476,5080.5321960015135,2753.053191489362
1780052263,20,POST,/api/book,4.100000,0.000000,1700,1800,1900,2000,2100,2500,2600,2600,2600,2600,2600,663,0,1700,1735.1321521342618,98.58627100038575,5080.5321960015135,3383.129713423831
1780052263,20,GET,/api/concerts,0.700000,0.000000,13,31,50,50,80,80,80,80,80,80,80,126,0,31,54.52442667462622,2.349326001422014,602.054445000249,753.0
1780052263,20,GET,/health,1.000000,0.000000,84,87,87,87,190,190,190,190,190,190,190,63,0,32,58.42224138088193,2.133192001565476,476.8986159997439,57.0
1780052263,20,,Aggregated,5.800000,0.000000,1400,1700,1900,1900,2100,2400,2600,2600,2600,2600,2600,852,0,1400,1362.6095021514227,2.133192001565476,5080.5321960015135,2748.220657276995
1780052264,20,POST,/api/book,4.600000,0.000000,1500,1700,1900,1900,2100,2500,2600,2600,2600,2600,2600,666,0,1700,1731.0304257687906,98.58627100038575,5080.5321960015135,3383.099099099099
1780052264,20,GET,/api/concerts,0.700000,0.000000,10,12,13,50,80,80,80,80,80,80,80,128,0,27,53.78997077346526,2.349326001422014,602.054445000249,753.0
1780052264,20,GET,/health,0.800000,0.000000,84,87,87,87,190,190,190,190,190,190,190,64,0,32,58.54239442180642,2.133192001565476,476.8986159997439,57.0
1780052264,20,,Aggregated,6.100000,0.000000,1400,1600,1700,1900,2100,2400,2600,2600,2600,2600,2600,858,0,1400,1356.058383524489,2.133192001565476,5080.5321960015135,2742.6293706293704
1780052265,20,POST,/api/book,4.800000,0.000000,1500,1700,1900,1900,2100,2500,2600,2600,2600,2600,2600,671,0,1700,1728.3666146885407,98.58627100038575,5080.5321960015135,3383.0491803278687
1780052265,20,GET,/api/concerts,0.900000,0.000000,12,13,50,70,80,80,80,80,80,80,80,129,0,31,53.91218592250894,2.349326001422014,602.054445000249,753.0
1780052265,20,GET,/health,0.700000,0.000000,66,87,87,87,190,190,190,190,190,190,190,64,0,32,58.54239442180642,2.133192001565476,476.8986159997439,57.0
1780052265,20,,Aggregated,6.400000,0.000000,1300,1500,1700,1800,2000,2400,2600,2600,2600,2600,2600,864,0,1400,1354.6705829664443,2.133192001565476,5080.5321960015135,2743.994212962963
1780052266,20,POST,/api/book,4.900000,0.000000,1400,1600,1700,1800,2100,2500,2600,2600,2600,2600,2600,675,0,1700,1725.790798925946,98.58627100038575,5080.5321960015135,3383.0296296296297
1780052266,20,GET,/api/concerts,1.000000,0.000000,12,13,50,70,80,80,80,80,80,80,80,129,0,31,53.91218592250894,2.349326001422014,602.054445000249,753.0
1780052266,20,GET,/health,0.800000,0.000000,66,87,87,87,190,190,190,190,190,190,190,64,0,32,58.54239442180642,2.133192001565476,476.8986159997439,57.0
1780052266,20,,Aggregated,6.700000,0.000000,1200,1400,1600,1700,2000,2500,2600,2600,2600,2600,2600,868,0,1400,1354.389601960842,2.133192001565476,5080.5321960015135,2746.9239631336404
1780052267,20,POST,/api/book,4.600000,0.000000,1400,1600,1800,1900,2400,2600,2600,2600,2600,2600,2600,676,0,1700,1727.152005494101,98.58627100038575,5080.5321960015135,3383.05325443787
1780052267,20,GET,/api/concerts,1.000000,0.000000,12,13,50,70,80,80,80,80,80,80,80,129,0,31,53.91218592250894,2.349326001422014,602.054445000249,753.0
1780052267,20,GET,/health,0.800000,0.000000,87,87,87,87,190,190,190,190,190,190,190,64,0,32,58.54239442180642,2.133192001565476,476.8986159997439,57.0
1780052267,20,,Aggregated,6.400000,0.000000,1300,1500,1600,1700,2100,2600,2600,2600,2600,2600,2600,869,0,1400,1355.875881405074,2.133192001565476,5080.5321960015135,2747.6743383199077
1780052268,20,POST,/api/book,4.800000,0.000000,1500,1800,1900,2100,2600,2600,2600,2600,2600,2600,2600,678,0,1700,1729.188681342203,98.58627100038575,5080.5321960015135,3383.008849557522
1780052268,20,GET,/api/concerts,0.900000,0.000000,13,50,70,70,80,300,300,300,300,300,300,131,0,31,55.542317625990634,2.349326001422014,602.054445000249,753.0
1780052268,20,GET,/health,0.700000,0.000000,66,87,87,87,87,87,87,87,87,87,87,64,0,32,58.54239442180642,2.133192001565476,476.8986159997439,57.0
1780052268,20,,Aggregated,6.400000,0.000000,1300,1600,1800,1900,2400,2600,2600,2600,2600,2600,2600,873,0,1400,1355.5700833929116,2.133192001565476,5080.5321960015135,2744.5257731958764
1780052269,20,POST,/api/book,4.300000,0.000000,1700,2200,2500,2600,3800,3800,4400,4400,4400,4400,4400,693,0,1700,1750.4710138542696,98.58627100038575,5080.5321960015135,3382.776334776335
1780052269,20,GET,/api/concerts,0.900000,0.000000,13,20,70,80,300,300,300,300,300,300,300,132,0,27,55.191199583367215,2.349326001422014,602.054445000249,753.0
1780052269,20,GET,/health,0.600000,0.000000,66,66,87,87,87,87,87,87,87,87,87,64,0,32,58.54239442180642,2.133192001565476,476.8986159997439,57.0
1780052269,20,,Aggregated,5.800000,0.000000,1400,1900,2300,2500,2800,3800,4000,4400,4400,4400,4400,889,0,1400,1376.9497909887589,2.133192001565476,5080.5321960015135,2752.877390326209
1780052270,20,POST,/api/book,4.100000,0.000000,1600,2000,2500,2600,3500,3800,4000,4400,4400,4400,4400,697,0,1700,1742.7349430186657,98.58627100038575,5080.5321960015135,3382.7804878048782
1780052270,20,GET,/api/concerts,1.100000,0.000000,13,20,70,80,300,300,300,300,300,300,300,132,0,27,55.191199583367215,2.349326001422014,602.054445000249,753.0
1780052270,20,GET,/health,0.600000,0.000000,66,66,87,87,87,87,87,87,87,87,87,64,0,32,58.54239442180642,2.133192001565476,476.8986159997439,57.0
1780052270,20,,Aggregated,5.800000,0.000000,1400,1700,2200,2500,2800,3800,4000,4400,4400,4400,4400,893,0,1400,1372.5847781321477,2.133192001565476,5080.5321960015135,2755.7021276595747
1780052271,20,POST,/api/book,3.900000,0.000000,1400,1800,2300,2600,3800,3800,4400,4400,4400,4400,4400,700,0,1700,1738.0367938285854,98.58627100038575,5080.5321960015135,3382.7357142857145
1780052271,20,GET,/api/concerts,0.900000,0.000000,12,13,20,70,300,300,300,300,300,300,300,132,0,27,55.191199583367215,2.349326001422014,602.054445000249,753.0
1780052271,20,GET,/health,0.500000,0.000000,66,66,66,66,66,66,66,66,66,66,66,65,0,34,58.533919123006996,2.133192001565476,476.8986159997439,57.0
1780052271,20,,Aggregated,5.300000,0.000000,1200,1500,1900,2300,3500,3800,4000,4400,4400,4400,4400,897,0,1400,1368.6908570434864,2.133192001565476,5080.5321960015135,2754.7558528428094
1780052272,20,POST,/api/book,3.900000,0.000000,1400,2000,2600,2600,3800,4000,4400,4400,4400,4400,4400,700,0,1700,1738.0367938285854,98.58627100038575,5080.5321960015135,3382.7357142857145
1780052272,20,GET,/api/concerts,0.900000,0.000000,12,20,70,70,300,300,300,300,300,300,300,132,0,27,55.191199583367215,2.349326001422014,602.054445000249,753.0
1780052272,20,GET,/health,0.500000,0.000000,66,66,73,73,73,73,73,73,73,73,73,66,0,34,58.752820969637085,2.133192001565476,476.8986159997439,57.0
1780052272,20,,Aggregated,5.300000,0.000000,1200,1500,2200,2600,3800,3800,4400,4400,4400,4400,4400,898,0,1400,1367.2479735066904,2.133192001565476,5080.5321960015135,2751.751670378619
1780052273,20,POST,/api/book,5.200000,0.000000,1500,2200,2600,2600,3800,4000,4400,4400,4400,4400,4400,702,0,1700,1738.380419155285,98.58627100038575,5080.5321960015135,3382.75641025641
1780052273,20,GET,/api/concerts,1.000000,0.000000,61,61,70,70,300,300,300,300,300,300,300,134,0,31,55.09832447764825,2.349326001422014,602.054445000249,753.0
1780052273,20,GET,/health,0.100000,0.000000,66,66,73,73,73,73,73,73,73,73,73,66,0,34,58.752820969637085,2.133192001565476,476.8986159997439,57.0
1780052273,20,,Aggregated,6.300000,0.000000,1300,1800,2300,2600,3800,3800,4400,4400,4400,4400,4400,902,0,1400,1365.4145409212956,2.133192001565476,5080.5321960015135,2748.7350332594233
1780052274,20,POST,/api/book,4.700000,0.000000,2000,2500,2800,3200,3800,3800,4400,4400,4400,4400,4400,715,0,1700,1752.4650003160982,98.58627100038575,5080.5321960015135,3382.5944055944055
1780052274,20,GET,/api/concerts,0.900000,0.000000,61,70,300,300,460,460,460,460,460,460,460,135,0,32,58.09706485930224,2.349326001422014,602.054445000249,753.0
1780052274,20,GET,/health,0.300000,0.000000,73,73,580,580,580,580,580,580,580,580,580,67,0,36,66.58281846263088,2.133192001565476,583.362653000222,57.0
1780052274,20,,Aggregated,5.900000,0.000000,1700,2300,2600,2800,3500,3800,4000,4400,4400,4400,4400,917,0,1400,1379.843650838615,2.133192001565476,5080.5321960015135,2752.4852780806978
1780052275,20,POST,/api/book,3.900000,0.000000,2200,2600,2800,3300,3800,3800,4400,4400,4400,4400,4400,717,0,1700,1749.6739200223328,98.58627100038575,5080.5321960015135,3382.5969316596934
1780052275,20,GET,/api/concerts,0.700000,0.000000,37,61,300,300,460,460,460,460,460,460,460,136,0,31,57.68871440445497,2.349326001422014,602.054445000249,753.0
1780052275,20,GET,/health,0.300000,0.000000,66,73,73,580,580,580,580,580,580,580,580,68,0,34,65.63897136758148,2.133192001565476,583.362653000222,57.0
1780052275,20,,Aggregated,4.900000,0.000000,1800,2300,2600,2800,3500,3800,4000,4400,4400,4400,4400,921,0,1400,1375.4889423105446,2.133192001565476,5080.5321960015135,2748.757871878393
1780052276,20,POST,/api/book,3.800000,0.000000,2300,2600,2900,3300,3800,3800,4400,4400,4400,4400,4400,718,0,1700,1747.7143213579552,98.58627100038575,5080.5321960015135,3382.564066852368
1780052276,20,GET,/api/concerts,0.600000,0.000000,37,49,61,300,460,460,460,460,460,460,460,138,0,32,57.46562616670839,2.349326001422014,602.054445000249,753.0
1780052276,20,GET,/health,0.200000,0.000000,66,73,73,580,580,580,580,580,580,580,580,68,0,34,65.63897136758148,2.133192001565476,583.362653000222,57.0
1780052276,20,,Aggregated,4.600000,0.000000,1700,2300,2600,2800,3500,3800,4000,4400,4400,4400,4400,924,0,1400,1371.4854861461156,2.133192001565476,5080.5321960015135,2745.098484848485
1780052277,20,POST,/api/book,5.000000,0.000000,2200,2600,2900,3300,3800,3800,4400,4400,4400,4400,4400,720,0,1700,1747.7009346361276,98.58627100038575,5080.5321960015135,3382.5138888888887
1780052277,20,GET,/api/concerts,0.600000,0.000000,37,49,61,300,460,460,460,460,460,460,460,138,0,32,57.46562616670839,2.349326001422014,602.054445000249,753.0
1780052277,20,GET,/health,0.300000,0.000000,58,73,73,580,580,580,580,580,580,580,580,69,0,34,64.9285221593543,2.133192001565476,583.362653000222,57.0
1780052277,20,,Aggregated,5.900000,0.000000,1700,2300,2600,2800,3500,3800,4000,4400,4400,4400,4400,927,0,1400,1370.825239889979,2.133192001565476,5080.5321960015135,2743.535059331176
1780052278,20,POST,/api/book,5.000000,0.000000,1900,2500,2900,3300,3800,3800,4400,4400,4400,4400,4400,723,0,1700,1748.5064819723557,98.58627100038575,5080.5321960015135,3382.5325034578145
1780052278,20,GET,/api/concerts,0.600000,0.000000,37,49,61,61,460,460,460,460,460,460,460,139,0,32,57.16854551083219,2.349326001422014,602.054445000249,753.0
1780052278,20,GET,/health,0.300000,0.000000,58,73,73,580,580,580,580,580,580,580,580,69,0,34,64.9285221593543,2.133192001565476,583.362653000222,57.0
1780052278,20,,Aggregated,5.900000,0.000000,1700,2000,2500,2800,3500,3800,4000,4400,4400,4400,4400,931,0,1400,1371.2101850923864,2.133192001565476,5080.5321960015135,2743.470461868958
1780052279,20,POST,/api/book,4.300000,0.000000,1900,2300,2400,2700,3300,3400,3400,3400,3400,3400,3400,728,0,1700,1751.192481548094,98.58627100038575,5080.5321960015135,3382.451923076923
1780052279,20,GET,/api/concerts,0.900000,0.000000,36,37,49,61,460,460,460,460,460,460,460,140,0,31,56.821251585759974,2.349326001422014,602.054445000249,753.0
1780052279,20,GET,/health,0.500000,0.000000,73,73,320,320,580,580,580,580,580,580,580,70,0,34,68.56667885708053,2.133192001565476,583.362653000222,57.0
1780052279,20,,Aggregated,5.700000,0.000000,1000,1900,2300,2400,3200,3300,3400,3400,3400,3400,3400,938,0,1400,1372.7321634424434,2.133192001565476,5080.5321960015135,2741.8283582089553
1780052280,20,POST,/api/book,4.700000,0.000000,2000,2700,3200,3300,3700,3800,4300,4300,4300,4300,4300,738,0,1700,1769.111318750695,98.58627100038575,5080.5321960015135,3382.466124661247
1780052280,20,GET,/api/concerts,0.800000,0.000000,36,37,49,61,460,460,460,460,460,460,460,140,0,31,56.821251585759974,2.349326001422014,602.054445000249,753.0
1780052280,20,GET,/health,0.500000,0.000000,58,73,320,320,580,580,580,580,580,580,580,71,0,36,68.22978478867554,2.133192001565476,583.362653000222,57.0
1780052280,20,,Aggregated,6.000000,0.000000,1800,2300,2700,3100,3500,3800,4100,4300,4300,4300,4300,949,0,1400,1389.2554722655561,2.133192001565476,5080.5321960015135,2745.7608008429925
1780052281,20,POST,/api/book,4.400000,0.000000,2000,2500,3200,3300,3700,3800,4300,4300,4300,4300,4300,741,0,1700,1766.8405536194487,98.58627100038575,5080.5321960015135,3382.453441295547
1780052281,20,GET,/api/concerts,0.900000,0.000000,36,37,49,61,460,460,460,460,460,460,460,142,0,27,56.074739063430094,2.349326001422014,602.054445000249,753.0
1780052281,20,GET,/health,0.600000,0.000000,45,58,73,320,580,580,580,580,580,580,580,74,0,32,65.60454281075303,2.133192001565476,583.362653000222,57.0
1780052281,20,,Aggregated,5.900000,0.000000,1500,2000,2400,2900,3400,3800,4100,4300,4300,4300,4300,957,0,1400,1381.4484841661565,2.133192001565476,5080.5321960015135,2735.153605015674
1780052282,20,POST,/api/book,3.500000,0.000000,2100,2500,3200,3300,3700,3800,4300,4300,4300,4300,4300,742,0,1700,1764.884454823465,98.58627100038575,5080.5321960015135,3382.5
1780052282,20,GET,/api/concerts,0.800000,0.000000,37,61,250,250,290,460,460,460,460,460,460,145,0,32,60.3823934690244,2.349326001422014,602.054445000249,753.0
1780052282,20,GET,/health,0.600000,0.000000,6,17,45,320,580,580,580,580,580,580,580,75,0,32,64.80407509327051,2.133192001565476,583.362653000222,57.0
1780052282,20,,Aggregated,4.900000,0.000000,1500,2000,2400,2900,3400,3800,4100,4300,4300,4300,4300,962,0,1400,1375.426214307705,2.133192001565476,5080.5321960015135,2726.8970893970895
1780052283,20,POST,/api/book,4.400000,0.000000,2300,2700,3300,3400,3800,4100,4300,4300,4300,4300,4300,742,0,1700,1764.884454823465,98.58627100038575,5080.5321960015135,3382.5
1780052283,20,GET,/api/concerts,0.800000,0.000000,49,130,250,250,290,460,460,460,460,460,460,146,0,32,60.88693660963955,2.349326001422014,602.054445000249,753.0
1780052283,20,GET,/health,0.800000,0.000000,17,25,45,320,580,580,580,580,580,580,580,76,0,28,64.27581080257177,2.133192001565476,583.362653000222,57.0
1780052283,20,,Aggregated,6.000000,0.000000,1300,2000,2400,2900,3400,3800,4100,4300,4300,4300,4300,964,0,1400,1372.737261250012,2.133192001565476,5080.5321960015135,2722.079875518672
1780052284,20,POST,/api/book,4.200000,0.000000,2300,2700,3200,3300,3700,3800,4300,4300,4300,4300,4300,743,0,1700,1765.9819135033797,98.58627100038575,5080.5321960015135,3382.4939434724092
1780052284,20,GET,/api/concerts,1.000000,0.000000,36,130,250,250,250,290,290,290,290,290,290,146,0,32,60.88693660963955,2.349326001422014,602.054445000249,753.0
1780052284,20,GET,/health,0.900000,0.000000,6,17,25,45,320,320,320,320,320,320,320,76,0,28,64.27581080257177,2.133192001565476,583.362653000222,57.0
1780052284,20,,Aggregated,6.100000,0.000000,890,1900,2100,2400,3700,3800,4300,4300,4300,4300,4300,965,0,1400,1373.988617719183,2.133192001565476,5080.5321960015135,2722.759585492228
1780052285,20,POST,/api/book,4.200000,0.000000,2400,3100,3200,3500,3800,4100,4300,4300,4300,4300,4300,747,0,1700,1773.295796163333,98.58627100038575,5080.5321960015135,3382.3868808567604
1780052285,20,GET,/api/concerts,1.400000,0.000000,36,130,250,250,250,290,290,290,290,290,290,146,0,32,60.88693660963955,2.349326001422014,602.054445000249,753.0
1780052285,20,GET,/health,0.900000,0.000000,17,25,45,45,320,320,320,320,320,320,320,76,0,28,64.27581080257177,2.133192001565476,583.362653000222,57.0
1780052285,20,,Aggregated,6.500000,0.000000,1600,2100,3000,3100,3700,3800,4300,4300,4300,4300,4300,969,0,1400,1381.2450093911355,2.133192001565476,5080.5321960015135,2725.4004127966978
1780052286,20,POST,/api/book,4.000000,0.000000,2400,3100,3300,3500,3800,4100,4300,4300,4300,4300,4300,758,0,1700,1787.3530665356323,98.58627100038575,5080.5321960015135,3382.439313984169
1780052286,20,GET,/api/concerts,1.200000,0.000000,130,250,250,250,290,290,290,290,290,290,290,146,0,32,60.88693660963955,2.349326001422014,602.054445000249,753.0
1780052286,20,GET,/health,1.000000,0.000000,17,25,45,45,320,320,320,320,320,320,320,76,0,28,64.27581080257177,2.133192001565476,583.362653000222,57.0
1780052286,20,,Aggregated,6.200000,0.000000,2000,2600,3100,3200,3700,3900,4100,4300,4300,4300,4300,980,0,1400,1396.5184477551118,2.133192001565476,5080.5321960015135,2732.815306122449
1780052287,20,POST,/api/book,2.700000,0.000000,2400,3100,3200,3300,3800,3900,4300,4300,4300,4300,4300,764,0,1700,1787.1672811675528,98.58627100038575,5080.5321960015135,3382.4829842931936
1780052287,20,GET,/api/concerts,1.100000,0.000000,24,130,250,250,290,290,290,290,290,290,290,149,0,31,60.01249088595864,2.349326001422014,602.054445000249,753.0
1780052287,20,GET,/health,0.900000,0.000000,6,25,45,45,320,320,320,320,320,320,320,76,0,28,64.27581080257177,2.133192001565476,583.362653000222,57.0
1780052287,20,,Aggregated,4.700000,0.000000,2100,2500,3100,3200,3700,3900,4100,4300,4300,4300,4300,989,0,1400,1394.5628165571395,2.133192001565476,5080.5321960015135,2730.784630940344
1780052288,20,POST,/api/book,3.500000,0.000000,2400,3100,3200,3300,3800,3900,4300,4300,4300,4300,4300,770,0,1700,1780.2837122052088,98.58627100038575,5080.5321960015135,3382.4727272727273
1780052288,20,GET,/api/concerts,0.800000,0.000000,24,130,250,250,250,290,290,290,290,290,290,150,0,31,59.98900251339364,2.349326001422014,602.054445000249,753.0
1780052288,20,GET,/health,0.800000,0.000000,25,45,49,49,320,320,320,320,320,320,320,77,0,32,64.07455062331532,2.133192001565476,583.362653000222,57.0
1780052288,20,,Aggregated,5.100000,0.000000,1600,2400,3100,3200,3600,3800,4100,4300,4300,4300,4300,997,0,1400,1388.917301076241,2.133192001565476,5080.5321960015135,2730.033099297894
1780052289,20,POST,/api/book,4.000000,0.000000,2300,3000,3200,3200,3800,3900,4300,4300,4300,4300,4300,774,0,1700,1773.0746413566058,98.58627100038575,5080.5321960015135,3382.4974160206716
1780052289,20,GET,/api/concerts,0.800000,0.000000,24,130,250,250,250,290,290,290,290,290,290,151,0,31,59.60911078151992,2.349326001422014,602.054445000249,753.0
1780052289,20,GET,/health,0.700000,0.000000,25,45,49,49,80,80,80,80,80,80,80,78,0,32,64.2745764743011,2.133192001565476,583.362653000222,57.0
1780052289,20,,Aggregated,5.500000,0.000000,1000,2300,2600,3100,3600,3800,4100,4300,4300,4300,4300,1003,0,1400,1382.2274826550497,2.133192001565476,5080.5321960015135,2728.0179461615153
1780052290,20,POST,/api/book,4.100000,0.000000,2000,2500,2600,3100,3200,3600,3900,3900,3900,3900,3900,778,0,1700,1767.186800631121,98.58627100038575,5080.5321960015135,3382.412596401028
1780052290,20,GET,/api/concerts,1.100000,0.000000,42,57,130,250,250,290,290,290,290,290,290,154,0,32,59.29612520136383,2.349326001422014,602.054445000249,753.0
1780052290,20,GET,/health,0.700000,0.000000,6,25,49,49,80,80,80,80,80,80,80,79,0,32,63.493613556890026,2.133192001565476,583.362653000222,57.0
1780052290,20,,Aggregated,5.900000,0.000000,560,1400,2300,2500,3200,3500,3600,3900,3900,3900,3900,1011,0,1400,1373.9059640385888,2.133192001565476,5080.5321960015135,2722.0395647873393
1780052291,20,POST,/api/book,4.900000,0.000000,1300,2300,2600,3000,3200,3500,3900,3900,3900,3900,3900,783,0,1700,1759.9323324840518,98.58627100038575,5080.5321960015135,3382.5006385696042
1780052291,20,GET,/api/concerts,1.000000,0.000000,42,57,130,250,250,290,290,290,290,290,290,155,0,32,59.078064548450655,2.349326001422014,602.054445000249,753.0
1780052291,20,GET,/health,0.700000,0.000000,25,26,49,49,80,80,80,80,80,80,80,80,0,28,63.021685074932066,2.133192001565476,583.362653000222,57.0
1780052291,20,,Aggregated,6.600000,0.000000,600,1300,2300,2500,3200,3500,3600,3900,3900,3900,3900,1018,0,1400,1367.6088911061038,2.133192001565476,5080.5321960015135,2720.7986247544204
1780052292,20,POST,/api/book,4.700000,0.000000,1300,2300,2600,3000,3200,3500,3900,3900,3900,3900,3900,785,0,1700,1757.1007222178541,98.58627100038575,5080.5321960015135,3382.477707006369
1780052292,20,GET,/api/concerts,1.200000,0.000000,48,57,130,250,250,290,290,290,290,290,290,156,0,32,59.00511227569857,2.349326001422014,602.054445000249,753.0
1780052292,20,GET,/health,0.800000,0.000000,49,49,77,77,80,80,80,80,80,80,80,81,0,32,63.19238875302189,2.133192001565476,583.362653000222,57.0
1780052292,20,,Aggregated,6.700000,0.000000,650,1300,2300,2500,3200,3500,3600,3900,3900,3900,3900,1022,0,1300,1363.647209339546,2.133192001565476,5080.5321960015135,2717.5440313111544
1780052293,20,POST,/api/book,3.800000,0.000000,1200,2200,2500,2600,3200,3500,3900,3900,3900,3900,3900,791,0,1700,1753.5447685992656,98.58627100038575,5080.5321960015135,3382.4424778761063
1780052293,20,GET,/api/concerts,1.500000,0.000000,48,57,250,250,250,290,290,290,290,290,290,158,0,32,59.866888911448214,2.349326001422014,602.054445000249,753.0
1780052293,20,GET,/health,0.700000,0.000000,27,49,77,77,80,80,80,80,80,80,80,82,0,28,62.756472987729936,2.133192001565476,583.362653000222,57.0
1780052293,20,,Aggregated,6.000000,0.000000,710,1300,2200,2400,3100,3200,3600,3900,3900,3900,3900,1031,0,1300,1359.5139778807163,2.133192001565476,5080.5321960015135,2714.9951503394764
1780052294,20,POST,/api/book,4.300000,0.000000,1200,2000,2300,2500,3200,3500,3900,3900,3900,3900,3900,794,0,1700,1752.036131546626,98.58627100038575,5080.5321960015135,3382.493702770781
1780052294,20,GET,/api/concerts,1.300000,0.000000,32,47,48,56,57,250,250,250,250,250,250,159,0,32,59.78794903779736,2.349326001422014,602.054445000249,753.0
1780052294,20,GET,/health,0.500000,0.000000,27,49,77,77,80,80,80,80,80,80,80,82,0,28,62.756472987729936,2.133192001565476,583.362653000222,57.0
1780052294,20,,Aggregated,6.100000,0.000000,710,1300,1700,2300,3100,3200,3600,3900,3900,3900,3900,1035,0,1300,1358.2309208985714,2.133192001565476,5080.5321960015135,2715.0734299516907
1780052295,20,POST,/api/book,4.500000,0.000000,1200,1400,1700,1800,2300,2500,2600,2600,2600,2600,2600,801,0,1700,1749.2732757503416,98.58627100038575,5080.5321960015135,3382.5468164794006
1780052295,20,GET,/api/concerts,1.100000,0.000000,32,47,48,56,57,250,250,250,250,250,250,160,0,32,59.52652066256405,2.349326001422014,602.054445000249,753.0
1780052295,20,GET,/health,0.600000,0.000000,27,49,77,77,80,80,80,80,80,80,80,83,0,28,62.28329520473128,2.133192001565476,583.362653000222,57.0
1780052295,20,,Aggregated,6.200000,0.000000,700,1200,1300,1600,2200,2400,2500,2600,2600,2600,2600,1044,0,1300,1356.1893205785664,2.133192001565476,5080.5321960015135,2715.1637931034484
1780052296,20,POST,/api/book,5.100000,0.000000,990,1200,1400,1600,1800,2300,2500,2500,2500,2500,2500,804,0,1700,1746.6353904204302,98.58627100038575,5080.5321960015135,3382.502487562189
1780052296,20,GET,/api/concerts,1.200000,0.000000,32,47,56,56,64,250,250,250,250,250,250,162,0,32,59.200157759328754,2.349326001422014,602.054445000249,753.0
1780052296,20,GET,/health,0.600000,0.000000,27,49,77,77,80,80,80,80,80,80,80,83,0,28,62.28329520473128,2.133192001565476,583.362653000222,57.0
1780052296,20,,Aggregated,6.900000,0.000000,600,880,1200,1300,1700,2000,2500,2500,2500,2500,2500,1049,0,1300,1352.7691067273847,2.133192001565476,5080.5321960015135,2713.2974261201143
1780052297,20,POST,/api/book,5.100000,0.000000,880,1200,1300,1400,1700,1700,1800,1800,1800,1800,1800,806,0,1700,1745.463682496311,98.58627100038575,5080.5321960015135,3382.6277915632754
1780052297,20,GET,/api/concerts,1.300000,0.000000,25,47,48,56,64,250,250,250,250,250,250,163,0,32,58.900893380436216,2.349326001422014,602.054445000249,753.0
1780052297,20,GET,/health,0.700000,0.000000,27,49,77,77,80,80,80,80,80,80,80,83,0,28,62.28329520473128,2.133192001565476,583.362653000222,57.0
1780052297,20,,Aggregated,7.100000,0.000000,600,870,1200,1200,1600,1700,1700,1800,1800,1800,1800,1052,0,1300,1351.3441893678967,2.133192001565476,5080.5321960015135,2712.8022813688212
1780052298,20,POST,/api/book,5.000000,0.000000,1200,1600,1700,1700,2300,2700,2800,2800,2800,2800,2800,815,0,1700,1749.7832098576994,98.58627100038575,5080.5321960015135,3382.5766871165642
1780052298,20,GET,/api/concerts,1.400000,0.000000,32,47,57,64,250,890,890,890,890,890,890,165,0,32,63.606793472795154,2.349326001422014,891.7375210003229,753.0
1780052298,20,GET,/health,0.700000,0.000000,27,27,77,77,80,80,80,80,80,80,80,83,0,28,62.28329520473128,2.133192001565476,583.362653000222,57.0
1780052298,20,,Aggregated,7.100000,0.000000,760,1200,1500,1600,1800,2500,2700,2800,2800,2800,2800,1063,0,1300,1356.2915808645585,2.133192001565476,5080.5321960015135,2714.7469426152397
1780052299,20,POST,/api/book,4.600000,0.000000,1200,1600,1700,1700,2300,2700,2800,2800,2800,2800,2800,819,0,1700,1747.2127131416667,98.58627100038575,5080.5321960015135,3382.5982905982905
1780052299,20,GET,/api/concerts,1.600000,0.000000,47,57,64,64,250,890,890,890,890,890,890,166,0,32,63.61075854826584,2.349326001422014,891.7375210003229,753.0
1780052299,20,GET,/health,0.700000,0.000000,23,26,27,27,77,77,77,77,77,77,77,85,0,27,61.10153581169417,2.133192001565476,583.362653000222,57.0
1780052299,20,,Aggregated,6.900000,0.000000,870,1200,1400,1600,1800,2500,2700,2800,2800,2800,2800,1070,0,1300,1352.074979930867,2.133192001565476,5080.5321960015135,2710.458878504673
1780052300,20,POST,/api/book,4.200000,0.000000,1200,1500,1700,1700,2300,2700,2800,2800,2800,2800,2800,825,0,1700,1739.0525246763907,98.58627100038575,5080.5321960015135,3382.551515151515
1780052300,20,GET,/api/concerts,1.300000,0.000000,38,48,64,64,250,890,890,890,890,890,890,168,0,32,63.09596855364708,2.349326001422014,891.7375210003229,753.0
1780052300,20,GET,/health,0.700000,0.000000,26,26,27,27,77,77,77,77,77,77,77,85,0,27,61.10153581169417,2.133192001565476,583.362653000222,57.0
1780052300,20,,Aggregated,6.200000,0.000000,920,1200,1400,1600,1800,2500,2700,2800,2800,2800,2800,1078,0,1300,1345.5585214462203,2.133192001565476,5080.5321960015135,2710.5324675324673
1780052301,20,POST,/api/book,4.400000,0.000000,1200,1600,1700,1700,2300,2700,2800,2800,2800,2800,2800,828,0,1700,1736.6158700567887,98.58627100038575,5080.5321960015135,3382.5157004830917
1780052301,20,GET,/api/concerts,1.600000,0.000000,47,64,64,81,250,890,890,890,890,890,890,169,0,32,63.2032524557032,2.349326001422014,891.7375210003229,753.0
1780052301,20,GET,/health,0.700000,0.000000,27,27,72,72,77,77,77,77,77,77,77,86,0,27,61.2287901743658,2.133192001565476,583.362653000222,57.0
1780052301,20,,Aggregated,6.700000,0.000000,1100,1200,1500,1600,1800,2500,2700,2800,2800,2800,2800,1083,0,1300,1342.442258566045,2.133192001565476,5080.5321960015135,2708.1089566020314
1780052302,20,POST,/api/book,4.700000,0.000000,1200,1600,1700,1700,2300,2700,2800,2800,2800,2800,2800,829,0,1700,1736.0235075380224,98.58627100038575,5080.5321960015135,3382.511459589867
1780052302,20,GET,/api/concerts,1.400000,0.000000,47,64,81,250,370,890,890,890,890,890,890,171,0,32,64.79443821060866,2.349326001422014,891.7375210003229,753.0
1780052302,20,GET,/health,0.700000,0.000000,23,27,27,72,72,72,72,72,72,72,72,86,0,27,61.2287901743658,2.133192001565476,583.362653000222,57.0
1780052302,20,,Aggregated,6.800000,0.000000,1100,1200,1500,1600,1800,2500,2700,2800,2800,2800,2800,1086,0,1300,1340.2477096114426,2.133192001565476,5080.5321960015135,2705.1261510128916
1780052303,20,POST,/api/book,4.600000,0.000000,1300,1600,1700,1900,2500,2700,2800,2800,2800,2800,2800,832,0,1700,1737.002703213968,98.58627100038575,5080.5321960015135,3382.5240384615386
1780052303,20,GET,/api/concerts,1.300000,0.000000,38,64,64,81,370,890,890,890,890,890,890,171,0,32,64.79443821060866,2.349326001422014,891.7375210003229,753.0
1780052303,20,GET,/health,0.600000,0.000000,23,23,72,72,72,72,72,72,72,72,72,86,0,27,61.2287901743658,2.133192001565476,583.362653000222,57.0
1780052303,20,,Aggregated,6.500000,0.000000,1100,1300,1600,1700,2200,2700,2700,2800,2800,2800,2800,1089,0,1300,1342.0861101588864,2.133192001565476,5080.5321960015135,2707.001836547291
1780052304,20,POST,/api/book,4.400000,0.000000,1600,1900,2300,2400,2600,2700,2800,2800,2800,2800,2800,839,0,1700,1743.4498619201681,98.58627100038575,5080.5321960015135,3382.468414779499
1780052304,20,GET,/api/concerts,1.400000,0.000000,38,64,81,81,370,890,890,890,890,890,890,171,0,32,64.79443821060866,2.349326001422014,891.7375210003229,753.0
1780052304,20,GET,/health,0.600000,0.000000,23,72,72,92,92,92,92,92,92,92,92,87,0,28,61.58776213788801,2.133192001565476,583.362653000222,57.0
1780052304,20,,Aggregated,6.400000,0.000000,1200,1600,1900,2300,2600,2700,2700,2800,2800,2800,2800,1097,0,1300,1348.3978289799709,2.133192001565476,5080.5321960015135,2708.8541476754785
1780052305,20,POST,/api/book,4.300000,0.000000,1700,2300,2400,2600,2700,2800,3300,3300,3300,3300,3300,848,0,1700,1747.2791399351668,98.58627100038575,5080.5321960015135,3382.5247641509436
1780052305,20,GET,/api/concerts,1.400000,0.000000,38,64,81,81,370,890,890,890,890,890,890,172,0,32,64.55868317449807,2.349326001422014,891.7375210003229,753.0
1780052305,20,GET,/health,0.500000,0.000000,23,72,72,92,92,92,92,92,92,92,92,87,0,28,61.58776213788801,2.133192001565476,583.362653000222,57.0
1780052305,20,,Aggregated,6.200000,0.000000,1200,1700,2300,2400,2700,2700,3200,3300,3300,3300,3300,1107,0,1300,1353.34682879587,2.133192001565476,5080.5321960015135,2712.607046070461
1780052306,20,POST,/api/book,4.000000,0.000000,1600,2300,2400,2600,2700,2800,3300,3300,3300,3300,3300,853,0,1700,1740.9265016283973,98.58627100038575,5080.5321960015135,3382.607268464244
1780052306,20,GET,/api/concerts,1.300000,0.000000,38,64,81,370,890,890,890,890,890,890,890,172,0,32,64.55868317449807,2.349326001422014,891.7375210003229,753.0
1780052306,20,GET,/health,0.400000,0.000000,72,72,92,92,92,92,92,92,92,92,92,87,0,28,61.58776213788801,2.133192001565476,583.362653000222,57.0
1780052306,20,,Aggregated,5.700000,0.000000,1200,1700,2300,2400,2700,2700,3200,3300,3300,3300,3300,1112,0,1300,1350.2450851627964,2.133192001565476,5080.5321960015135,2715.6825539568345
1780052307,20,POST,/api/book,4.400000,0.000000,1600,2300,2400,2600,2700,2800,3300,3300,3300,3300,3300,854,0,1700,1739.6721562471002,98.58627100038575,5080.5321960015135,3382.6170960187355
1780052307,20,GET,/api/concerts,1.200000,0.000000,38,64,81,81,370,890,890,890,890,890,890,174,0,32,64.05345002306488,2.349326001422014,891.7375210003229,753.0
1780052307,20,GET,/health,0.400000,0.000000,72,72,92,92,92,92,92,92,92,92,92,87,0,28,61.58776213788801,2.133192001565476,583.362653000222,57.0
1780052307,20,,Aggregated,6.000000,0.000000,1200,1700,2300,2400,2700,2700,3200,3300,3300,3300,3300,1115,0,1300,1347.2497372601163,2.133192001565476,5080.5321960015135,2712.7677130044844
1780052308,20,POST,/api/book,4.700000,0.000000,1600,2200,2300,2400,2600,2700,3300,3300,3300,3300,3300,858,0,1700,1740.8882859720547,98.58627100038575,5080.5321960015135,3382.6864801864804
1780052308,20,GET,/api/concerts,1.200000,0.000000,38,39,81,81,370,890,890,890,890,890,890,175,0,32,63.72635008579112,2.349326001422014,891.7375210003229,753.0
1780052308,20,GET,/health,0.400000,0.000000,72,72,92,92,92,92,92,92,92,92,92,88,0,28,61.323517511337656,2.133192001565476,583.362653000222,57.0
1780052308,20,,Aggregated,6.300000,0.000000,1200,1700,2200,2300,2600,2700,3200,3300,3300,3300,3300,1121,0,1300,1347.2174220963698,2.133192001565476,5080.5321960015135,2711.0936663693133
1780052309,20,POST,/api/book,4.900000,0.000000,2000,2300,2300,2400,2600,2700,3300,3300,3300,3300,3300,866,0,1700,1744.9223142159626,98.58627100038575,5080.5321960015135,3382.70207852194
1780052309,20,GET,/api/concerts,1.000000,0.000000,30,38,39,81,370,370,370,370,370,370,370,175,0,32,63.72635008579112,2.349326001422014,891.7375210003229,753.0
1780052309,20,GET,/health,0.400000,0.000000,72,72,92,92,92,92,92,92,92,92,92,88,0,28,61.323517511337656,2.133192001565476,583.362653000222,57.0
1780052309,20,,Aggregated,6.300000,0.000000,1600,2200,2300,2300,2600,2700,3200,3300,3300,3300,3300,1129,0,1300,1353.1012443906388,2.133192001565476,5080.5321960015135,2715.864481842338
1780052310,20,POST,/api/book,4.800000,0.000000,1900,2300,2300,2300,2600,2700,3300,3300,3300,3300,3300,872,0,1700,1738.1654997637895,98.58627100038575,5080.5321960015135,3382.701834862385
1780052310,20,GET,/api/concerts,1.100000,0.000000,39,79,81,81,370,370,370,370,370,370,370,176,0,32,63.81289415916895,2.349326001422014,891.7375210003229,753.0
1780052310,20,GET,/health,0.400000,0.000000,72,72,92,92,92,92,92,92,92,92,92,89,0,28,60.731407359515984,2.133192001565476,583.362653000222,57.0
1780052310,20,,Aggregated,6.300000,0.000000,1600,2100,2300,2300,2600,2700,3200,3300,3300,3300,3300,1137,0,1300,1347.6837998425958,2.133192001565476,5080.5321960015135,2715.3183817062445
1780052311,20,POST,/api/book,4.300000,0.000000,2000,2300,2300,2300,2600,2700,3300,3300,3300,3300,3300,875,0,1700,1734.5141165097423,98.58627100038575,5080.5321960015135,3382.7028571428573
1780052311,20,GET,/api/concerts,0.900000,0.000000,30,39,79,79,370,370,370,370,370,370,370,177,0,32,63.58617815261165,2.349326001422014,891.7375210003229,753.0
1780052311,20,GET,/health,0.400000,0.000000,72,78,78,92,92,92,92,92,92,92,92,90,0,28,60.92262724440742,2.133192001565476,583.362653000222,57.0
1780052311,20,,Aggregated,5.600000,0.000000,1600,2200,2300,2300,2600,2700,3200,3300,3300,3300,3300,1142,0,1300,1343.6406671900434,2.133192001565476,5080.5321960015135,2713.0262697022767
1780052312,20,POST,/api/book,4.700000,0.000000,1900,2200,2300,2300,2600,2700,3300,3300,3300,3300,3300,878,0,1700,1733.387918138979,98.58627100038575,5080.5321960015135,3382.6856492027337
1780052312,20,GET,/api/concerts,0.900000,0.000000,24,30,39,79,370,370,370,370,370,370,370,179,0,31,62.92184932967833,2.349326001422014,891.7375210003229,753.0
1780052312,20,GET,/health,0.400000,0.000000,78,78,92,92,92,92,92,92,92,92,92,90,0,28,60.92262724440742,2.133192001565476,583.362653000222,57.0
1780052312,20,,Aggregated,6.000000,0.000000,1400,2100,2300,2300,2600,2700,3200,3300,3300,3300,3300,1147,0,1300,1341.4652481325447,2.133192001565476,5080.5321960015135,2711.346992153444
1780052313,20,POST,/api/book,4.800000,0.000000,1900,2200,2300,2300,2600,2700,3300,3300,3300,3300,3300,880,0,1700,1733.859231626165,98.58627100038575,5080.5321960015135,3382.6704545454545
1780052313,20,GET,/api/concerts,0.800000,0.000000,24,24,39,39,79,79,79,79,79,79,79,179,0,31,62.92184932967833,2.349326001422014,891.7375210003229,753.0
1780052313,20,GET,/health,0.400000,0.000000,78,78,92,92,92,92,92,92,92,92,92,90,0,28,60.92262724440742,2.133192001565476,583.362653000222,57.0
1780052313,20,,Aggregated,6.000000,0.000000,1400,2000,2300,2300,2600,2700,3200,3300,3300,3300,3300,1149,0,1300,1342.5084171566841,2.133192001565476,5080.5321960015135,2712.5039164490863
1780052314,20,POST,/api/book,4.600000,0.000000,1900,2200,2300,2300,2500,2700,3300,3300,3300,3300,3300,886,0,1700,1738.5270087991228,98.58627100038575,5080.5321960015135,3382.6647855530473
1780052314,20,GET,/api/concerts,0.800000,0.000000,24,24,39,39,79,79,79,79,79,79,79,179,0,31,62.92184932967833,2.349326001422014,891.7375210003229,753.0
1780052314,20,GET,/health,0.400000,0.000000,78,78,92,92,92,92,92,92,92,92,92,90,0,28,60.92262724440742,2.133192001565476,583.362653000222,57.0
1780052314,20,,Aggregated,5.800000,0.000000,1400,2000,2200,2300,2400,2700,3200,3300,3300,3300,3300,1155,0,1300,1348.1220582493747,2.133192001565476,5080.5321960015135,2715.980952380952
1780052315,20,POST,/api/book,4.800000,0.000000,1900,2200,2300,2300,2400,2500,2700,2700,2700,2700,2700,892,0,1700,1741.5647456939726,98.58627100038575,5080.5321960015135,3382.6457399103138
1780052315,20,GET,/api/concerts,0.800000,0.000000,24,24,39,39,79,79,79,79,79,79,79,179,0,31,62.92184932967833,2.349326001422014,891.7375210003229,753.0
1780052315,20,GET,/health,0.400000,0.000000,50,78,78,92,92,92,92,92,92,92,92,91,0,32,60.79744818678911,2.133192001565476,583.362653000222,57.0
1780052315,20,,Aggregated,6.000000,0.000000,1700,2000,2200,2300,2400,2500,2700,2700,2700,2700,2700,1162,0,1300,1351.3522650378914,2.133192001565476,5080.5321960015135,2717.120481927711
1780052316,20,POST,/api/book,4.700000,0.000000,2000,2200,2300,2300,2600,2700,2800,2800,2800,2800,2800,899,0,1700,1746.0449623481927,98.58627100038575,5080.5321960015135,3382.560622914349
1780052316,20,GET,/api/concerts,0.800000,0.000000,24,39,79,79,390,390,390,390,390,390,390,180,0,31,64.71983523895486,2.349326001422014,891.7375210003229,753.0
1780052316,20,GET,/health,0.400000,0.000000,50,78,78,240,240,240,240,240,240,240,240,92,0,32,62.780269358664434,2.133192001565476,583.362653000222,57.0
1780052316,20,,Aggregated,5.900000,0.000000,1900,2100,2300,2300,2500,2700,2700,2800,2800,2800,2800,1171,0,1300,1355.3542068958411,2.133192001565476,5080.5321960015135,2717.084543125534
1780052317,20,POST,/api/book,4.800000,0.000000,2000,2200,2300,2300,2500,2700,2700,2800,2800,2800,2800,905,0,1700,1741.7548932917412,98.58627100038575,5080.5321960015135,3382.5657458563537
1780052317,20,GET,/api/concerts,0.800000,0.000000,24,54,79,79,390,390,390,390,390,390,390,182,0,31,64.32050031326271,2.349326001422014,891.7375210003229,753.0
1780052317,20,GET,/health,0.300000,0.000000,50,50,78,78,240,240,240,240,240,240,240,93,0,32,62.13686693544948,2.133192001565476,583.362653000222,57.0
1780052317,20,,Aggregated,5.900000,0.000000,1700,2000,2200,2300,2400,2700,2700,2800,2800,2800,2800,1180,0,1300,1350.6552865347724,2.133192001565476,5080.5321960015135,2714.8889830508474
1780052318,20,POST,/api/book,4.300000,0.000000,1900,2200,2300,2300,2600,2700,2800,2800,2800,2800,2800,908,0,1700,1737.4748132676484,98.58627100038575,5080.5321960015135,3382.555066079295
1780052318,20,GET,/api/concerts,0.700000,0.000000,24,54,60,79,390,390,390,390,390,390,390,183,0,32,64.29634765581149,2.349326001422014,891.7375210003229,753.0
1780052318,20,GET,/health,0.400000,0.000000,50,78,78,240,240,240,240,240,240,240,240,93,0,32,62.13686693544948,2.133192001565476,583.362653000222,57.0
1780052318,20,,Aggregated,5.400000,0.000000,1400,2000,2200,2300,2400,2700,2700,2800,2800,2800,2800,1184,0,1300,1347.2737252474917,2.133192001565476,5080.5321960015135,2714.9155405405404
1780052319,20,POST,/api/book,4.300000,0.000000,1800,2100,2300,2400,2700,2700,2800,2800,2800,2800,2800,908,0,1700,1737.4748132676484,98.58627100038575,5080.5321960015135,3382.555066079295
1780052319,20,GET,/api/concerts,0.700000,0.000000,54,60,79,79,390,390,390,390,390,390,390,183,0,32,64.29634765581149,2.349326001422014,891.7375210003229,753.0
1780052319,20,GET,/health,0.400000,0.000000,50,78,78,240,240,240,240,240,240,240,240,93,0,32,62.13686693544948,2.133192001565476,583.362653000222,57.0
1780052319,20,,Aggregated,5.400000,0.000000,1400,2000,2200,2300,2500,2700,2700,2800,2800,2800,2800,1184,0,1300,1347.2737252474917,2.133192001565476,5080.5321960015135,2714.9155405405404
1780052320,20,POST,/api/book,5.200000,0.000000,2000,2200,2300,2400,2700,2700,2800,2800,2800,2800,2800,911,0,1700,1738.4226474182467,98.58627100038575,5080.5321960015135,3382.609220636663
1780052320,20,GET,/api/concerts,0.800000,0.000000,24,54,60,60,390,390,390,390,390,390,390,183,0,32,64.29634765581149,2.349326001422014,891.7375210003229,753.0
1780052320,20,GET,/health,0.600000,0.000000,50,50,78,78,240,240,240,240,240,240,240,95,0,31,61.360738357842294,2.133192001565476,583.362653000222,57.0
1780052320,20,,Aggregated,6.600000,0.000000,1400,2000,2200,2300,2500,2700,2700,2800,2800,2800,2800,1189,0,1300,1346.7607515248333,2.133192001565476,5080.5321960015135,2712.170731707317
1780052321,20,POST,/api/book,4.900000,0.000000,2100,2400,2500,2600,2700,2700,2800,2800,2800,2800,2800,920,0,1700,1746.1609751315439,98.58627100038575,5080.5321960015135,3382.596739130435
1780052321,20,GET,/api/concerts,0.800000,0.000000,54,54,60,60,390,390,390,390,390,390,390,183,0,32,64.29634765581149,2.349326001422014,891.7375210003229,753.0
1780052321,20,GET,/health,0.500000,0.000000,50,50,78,78,240,240,240,240,240,240,240,95,0,31,61.360738357842294,2.133192001565476,583.362653000222,57.0
1780052321,20,,Aggregated,6.200000,0.000000,2000,2300,2500,2500,2700,2700,2700,2800,2800,2800,2800,1198,0,1300,1355.6457419749784,2.133192001565476,5080.5321960015135,2717.1978297161936
1780052322,20,POST,/api/book,4.000000,0.000000,2100,2400,2600,2600,2700,2800,2800,2800,2800,2800,2800,929,0,1700,1746.1421760678388,98.58627100038575,5080.5321960015135,3382.5640473627554
1780052322,20,GET,/api/concerts,0.800000,0.000000,54,60,62,62,390,390,390,390,390,390,390,184,0,32,64.28264593485082,2.349326001422014,891.7375210003229,753.0
1780052322,20,GET,/health,0.600000,0.000000,50,50,78,78,240,240,240,240,240,240,240,95,0,31,61.360738357842294,2.133192001565476,583.362653000222,57.0
1780052322,20,,Aggregated,5.400000,0.000000,2000,2300,2500,2600,2700,2700,2800,2800,2800,2800,2800,1208,0,1300,1357.4696676846236,2.133192001565476,5080.5321960015135,2720.5041390728475
1780052323,20,POST,/api/book,4.100000,0.000000,2100,2400,2600,2600,2700,2800,2800,2800,2800,2800,2800,932,0,1700,1741.3189397457327,98.58627100038575,5080.5321960015135,3382.486051502146
1780052323,20,GET,/api/concerts,0.700000,0.000000,54,60,62,62,390,390,390,390,390,390,390,185,0,32,64.17273636763787,2.349326001422014,891.7375210003229,753.0
1780052323,20,GET,/health,0.600000,0.000000,22,31,50,50,240,240,240,240,240,240,240,97,0,28,60.35096977316665,2.133192001565476,583.362653000222,57.0
1780052323,20,,Aggregated,5.400000,0.000000,1900,2200,2400,2600,2700,2700,2800,2800,2800,2800,2800,1214,0,1300,1351.4293674950814,2.133192001565476,5080.5321960015135,2716.0716639209227
1780052324,20,POST,/api/book,4.700000,0.000000,1900,2200,2600,2600,2700,2800,2800,2800,2800,2800,2800,935,0,1700,1738.3209238877257,98.58627100038575,5080.5321960015135,3382.418181818182
1780052324,20,GET,/api/concerts,0.600000,0.000000,60,62,83,83,390,390,390,390,390,390,390,187,0,34,64.19249611771227,2.349326001422014,891.7375210003229,753.0
1780052324,20,GET,/health,0.500000,0.000000,31,50,70,70,240,240,240,240,240,240,240,98,0,28,60.44566827547117,2.133192001565476,583.362653000222,57.0
1780052324,20,,Aggregated,5.800000,0.000000,1400,2000,2300,2500,2700,2700,2800,2800,2800,2800,2800,1220,0,1300,1346.932570573793,2.133192001565476,5080.5321960015135,2712.260655737705
1780052325,20,POST,/api/book,5.100000,0.000000,1600,2200,2500,2600,2700,2800,2800,2800,2800,2800,2800,939,0,1700,1736.1839257007696,98.58627100038575,5080.5321960015135,3382.401490947817
1780052325,20,GET,/api/concerts,0.500000,0.000000,54,60,62,83,390,390,390,390,390,390,390,188,0,32,63.968218149008685,2.349326001422014,891.7375210003229,753.0
1780052325,20,GET,/health,0.600000,0.000000,22,31,70,70,240,240,240,240,240,240,240,98,0,28,60.44566827547117,2.133192001565476,583.362653000222,57.0
1780052325,20,,Aggregated,6.200000,0.000000,1200,1900,2200,2500,2700,2700,2800,2800,2800,2800,2800,1225,0,1300,1345.490944274309,2.133192001565476,5080.5321960015135,2712.8367346938776
1780052326,20,POST,/api/book,5.200000,0.000000,1400,1900,2300,2500,2700,2700,2800,2800,2800,2800,2800,943,0,1700,1735.3553956797687,98.58627100038575,5080.5321960015135,3382.457051961824
1780052326,20,GET,/api/concerts,0.700000,0.000000,54,60,62,62,83,83,83,83,83,83,83,189,0,33,63.803793703776876,2.349326001422014,891.7375210003229,753.0
1780052326,20,GET,/health,0.700000,0.000000,20,22,31,31,70,70,70,70,70,70,70,99,0,28,59.9130496363127,2.133192001565476,583.362653000222,57.0
1780052326,20,,Aggregated,6.600000,0.000000,1200,1500,1900,2200,2600,2700,2800,2800,2800,2800,2800,1231,0,1300,1343.9727433387707,2.133192001565476,5080.5321960015135,2711.3054427294883
1780052327,20,POST,/api/book,5.000000,0.000000,1600,2200,2500,2600,2700,2800,2800,2800,2800,2800,2800,946,0,1700,1736.571724135329,98.58627100038575,5080.5321960015135,3382.5010570824525
1780052327,20,GET,/api/concerts,0.800000,0.000000,49,60,62,62,83,83,83,83,83,83,83,189,0,33,63.803793703776876,2.349326001422014,891.7375210003229,753.0
1780052327,20,GET,/health,0.800000,0.000000,22,22,31,31,70,70,70,70,70,70,70,100,0,27,59.53290126995853,2.133192001565476,583.362653000222,57.0
1780052327,20,,Aggregated,6.600000,0.000000,1300,1800,2200,2400,2600,2700,2800,2800,2800,2800,2800,1235,0,1300,1344.784662485042,2.133192001565476,5080.5321960015135,2710.8202429149796
1780052328,20,POST,/api/book,4.700000,0.000000,1800,2300,2500,2500,2700,2700,2800,2800,2800,2800,2800,949,0,1700,1737.6538379968615,98.58627100038575,5080.5321960015135,3382.4699683877766
1780052328,20,GET,/api/concerts,1.000000,0.000000,49,60,62,62,83,83,83,83,83,83,83,189,0,33,63.803793703776876,2.349326001422014,891.7375210003229,753.0
1780052328,20,GET,/health,0.700000,0.000000,22,31,70,70,430,430,430,430,430,430,430,101,0,28,63.16762480194727,2.133192001565476,583.362653000222,57.0
1780052328,20,,Aggregated,6.400000,0.000000,1300,1900,2300,2500,2600,2700,2800,2800,2800,2800,2800,1239,0,1300,1345.8210971541794,2.133192001565476,5080.5321960015135,2710.2808716707023
1780052329,20,POST,/api/book,4.400000,0.000000,2000,2500,2600,2700,2800,3200,3600,3700,3700,3700,3700,960,0,1700,1749.050881826062,98.58627100038575,5080.5321960015135,3382.4625
1780052329,20,GET,/api/concerts,0.800000,0.000000,49,60,62,62,83,83,83,83,83,83,83,189,0,33,63.803793703776876,2.349326001422014,891.7375210003229,753.0
1780052329,20,GET,/health,0.700000,0.000000,22,31,70,70,430,430,430,430,430,430,430,101,0,28,63.16762480194727,2.133192001565476,583.362653000222,57.0
1780052329,20,,Aggregated,5.900000,0.000000,1600,2400,2600,2600,2800,3200,3600,3700,3700,3700,3700,1250,0,1300,1358.022154934421,2.133192001565476,5080.5321960015135,2716.1904
1780052330,20,POST,/api/book,4.000000,0.000000,1600,2400,2600,2700,2800,3200,3600,3700,3700,3700,3700,966,0,1700,1743.6852090497116,98.58627100038575,5080.5321960015135,3382.419254658385
1780052330,20,GET,/api/concerts,0.700000,0.000000,49,49,62,62,83,83,83,83,83,83,83,189,0,33,63.803793703776876,2.349326001422014,891.7375210003229,753.0
1780052330,20,GET,/health,0.700000,0.000000,22,46,70,70,430,430,430,430,430,430,430,102,0,28,62.998336411742365,2.133192001565476,583.362653000222,57.0
1780052330,20,,Aggregated,5.400000,0.000000,1300,1900,2500,2600,2800,3200,3600,3700,3700,3700,3700,1257,0,1300,1354.7212881989094,2.133192001565476,5080.5321960015135,2717.2219570405728
1780052331,20,POST,/api/book,4.100000,0.000000,1400,1800,2400,2500,3100,3200,3700,3700,3700,3700,3700,968,0,1700,1740.857523953534,98.58627100038575,5080.5321960015135,3382.349173553719
1780052331,20,GET,/api/concerts,0.600000,0.000000,49,49,62,62,83,83,83,83,83,83,83,189,0,33,63.803793703776876,2.349326001422014,891.7375210003229,753.0
1780052331,20,GET,/health,0.800000,0.000000,22,46,70,70,430,430,430,430,430,430,430,102,0,28,62.998336411742365,2.133192001565476,583.362653000222,57.0
1780052331,20,,Aggregated,5.500000,0.000000,1200,1500,1900,2400,2800,3200,3600,3700,3700,3700,3700,1259,0,1300,1353.165075862612,2.133192001565476,5080.5321960015135,2718.224781572677
1780052332,20,POST,/api/book,5.200000,0.000000,1300,1800,2400,2500,3100,3200,3700,3700,3700,3700,3700,970,0,1700,1739.5571656979575,98.58627100038575,5080.5321960015135,3382.3103092783504
1780052332,20,GET,/api/concerts,0.600000,0.000000,49,79,83,83,97,97,97,97,97,97,97,191,0,34,64.05520025138343,2.349326001422014,891.7375210003229,753.0
1780052332,20,GET,/health,0.600000,0.000000,22,46,70,70,430,430,430,430,430,430,430,103,0,28,62.444529582508835,2.133192001565476,583.362653000222,57.0
1780052332,20,,Aggregated,6.400000,0.000000,1100,1400,1800,2400,2800,3200,3600,3700,3700,3700,3700,1264,0,1300,1349.7126428180595,2.133192001565476,5080.5321960015135,2714.03085443038
1780052333,20,POST,/api/book,5.300000,0.000000,1600,2000,2400,2500,3100,3200,3700,3700,3700,3700,3700,977,0,1700,1740.6180464483302,98.58627100038575,5080.5321960015135,3382.374616171955
1780052333,20,GET,/api/concerts,0.600000,0.000000,79,79,83,83,97,97,97,97,97,97,97,192,0,34,63.975401312575286,2.349326001422014,891.7375210003229,753.0
1780052333,20,GET,/health,0.700000,0.000000,70,89,110,110,430,430,430,430,430,430,430,105,0,31,63.190901428554625,2.133192001565476,583.362653000222,57.0
1780052333,20,,Aggregated,6.600000,0.000000,1300,1600,2000,2400,2800,3200,3600,3700,3700,3700,3700,1274,0,1300,1349.6877182747469,2.133192001565476,5080.5321960015135,2712.041601255887
1780052334,20,POST,/api/book,4.600000,0.000000,1600,2000,2400,2500,3100,3200,3700,3700,3700,3700,3700,985,0,1700,1737.7602415908818,98.58627100038575,5080.5321960015135,3382.318781725888
1780052334,20,GET,/api/concerts,0.600000,0.000000,49,49,79,79,97,97,97,97,97,97,97,193,0,34,63.74618085499917,2.349326001422014,891.7375210003229,753.0
1780052334,20,GET,/health,0.800000,0.000000,70,89,110,110,430,430,430,430,430,430,430,105,0,31,63.190901428554625,2.133192001565476,583.362653000222,57.0
1780052334,20,,Aggregated,6.000000,0.000000,1400,1800,2000,2200,2700,3200,3600,3700,3700,3700,3700,1283,0,1300,1348.894696431822,2.133192001565476,5080.5321960015135,2714.651597817615
1780052335,20,POST,/api/book,4.200000,0.000000,1600,2000,2200,2500,3100,3200,3700,3700,3700,3700,3700,988,0,1700,1734.409345169046,98.58627100038575,5080.5321960015135,3382.324898785425
1780052335,20,GET,/api/concerts,0.700000,0.000000,44,49,79,79,97,97,97,97,97,97,97,195,0,34,63.3332315026331,2.349326001422014,891.7375210003229,753.0
1780052335,20,GET,/health,0.700000,0.000000,46,89,110,110,430,430,430,430,430,430,430,105,0,31,63.190901428554625,2.133192001565476,583.362653000222,57.0
1780052335,20,,Aggregated,5.600000,0.000000,1400,1700,2000,2200,2700,3200,3600,3700,3700,3700,3700,1288,0,1300,1345.1719393012618,2.133192001565476,5080.5321960015135,2713.1653726708073
1780052336,20,POST,/api/book,4.500000,0.000000,1600,2000,2400,2500,3100,3200,3700,3700,3700,3700,3700,990,0,1700,1733.8526794788054,98.58627100038575,5080.5321960015135,3382.2929292929293
1780052336,20,GET,/api/concerts,0.600000,0.000000,44,49,69,79,97,97,97,97,97,97,97,196,0,34,63.363980326599,2.349326001422014,891.7375210003229,753.0
1780052336,20,GET,/health,0.800000,0.000000,89,89,110,110,430,430,430,430,430,430,430,105,0,31,63.190901428554625,2.133192001565476,583.362653000222,57.0
1780052336,20,,Aggregated,5.900000,0.000000,1300,1700,2000,2400,2800,3200,3600,3700,3700,3700,3700,1291,0,1300,1344.3598276359603,2.133192001565476,5080.5321960015135,2712.659178931061
1780052337,20,POST,/api/book,4.800000,0.000000,1500,1900,2000,2500,3100,3200,3700,3700,3700,3700,3700,995,0,1700,1732.0437320432336,98.58627100038575,5080.5321960015135,3382.2904522613067
1780052337,20,GET,/api/concerts,0.700000,0.000000,44,49,69,79,97,97,97,97,97,97,97,196,0,34,63.363980326599,2.349326001422014,891.7375210003229,753.0
1780052337,20,GET,/health,0.700000,0.000000,89,110,110,430,430,430,430,430,430,430,430,105,0,31,63.190901428554625,2.133192001565476,583.362653000222,57.0
1780052337,20,,Aggregated,6.200000,0.000000,1300,1600,2000,2000,2700,3200,3600,3700,3700,3700,3700,1296,0,1300,1344.4736868649884,2.133192001565476,5080.5321960015135,2715.240740740741
1780052338,20,POST,/api/book,4.900000,0.000000,1500,1800,2000,2000,3100,3200,3700,3700,3700,3700,3700,998,0,1700,1731.6817217996188,98.58627100038575,5080.5321960015135,3382.255511022044
1780052338,20,GET,/api/concerts,0.600000,0.000000,49,69,79,79,97,97,97,97,97,97,97,196,0,34,63.363980326599,2.349326001422014,891.7375210003229,753.0
1780052338,20,GET,/health,0.700000,0.000000,89,110,110,430,430,430,430,430,430,430,430,105,0,31,63.190901428554625,2.133192001565476,583.362653000222,57.0
1780052338,20,,Aggregated,6.200000,0.000000,1400,1600,1900,2000,2800,3200,3600,3700,3700,3700,3700,1299,0,1300,1345.0906413780037,2.133192001565476,5080.5321960015135,2716.7544264819094
1780052339,20,POST,/api/book,4.900000,0.000000,1400,1600,1800,1900,2000,2000,2000,2000,2000,2000,2000,1000,0,1700,1732.20288312802,98.58627100038575,5080.5321960015135,3382.22
1780052339,20,GET,/api/concerts,0.700000,0.000000,69,79,97,250,280,280,280,280,280,280,280,198,0,34,65.4002820152215,2.349326001422014,891.7375210003229,753.0
1780052339,20,GET,/health,0.600000,0.000000,89,89,110,110,110,110,110,110,110,110,110,105,0,31,63.190901428554625,2.133192001565476,583.362653000222,57.0
1780052339,20,,Aggregated,6.200000,0.000000,1300,1500,1600,1700,2000,2000,2000,2000,2000,2000,2000,1303,0,1300,1344.4260810568135,2.133192001565476,5080.5321960015135,2714.734458940906
1780052340,20,POST,/api/book,5.000000,0.000000,1600,1900,2000,2000,2000,3900,3900,3900,3900,3900,3900,1005,0,1700,1738.063984822906,98.58627100038575,5080.5321960015135,3382.257711442786
1780052340,20,GET,/api/concerts,0.700000,0.000000,69,79,97,250,280,280,280,280,280,280,280,198,0,34,65.4002820152215,2.349326001422014,891.7375210003229,753.0
1780052340,20,GET,/health,0.500000,0.000000,89,89,110,110,110,110,110,110,110,110,110,105,0,31,63.190901428554625,2.133192001565476,583.362653000222,57.0
1780052340,20,,Aggregated,6.200000,0.000000,1400,1600,1900,2000,2000,2800,3900,3900,3900,3900,3900,1308,0,1300,1350.4117777033855,2.133192001565476,5080.5321960015135,2717.31498470948
1780052341,20,POST,/api/book,4.900000,0.000000,1700,2000,2000,2800,3900,4100,4200,4200,4200,4200,4200,1016,0,1700,1751.2755214773822,98.58627100038575,5080.5321960015135,3382.2175196850394
1780052341,20,GET,/api/concerts,0.700000,0.000000,79,97,250,280,370,370,370,370,370,370,370,199,0,35,66.93103537192893,2.349326001422014,891.7375210003229,753.0
1780052341,20,GET,/health,0.400000,0.000000,89,89,110,110,110,110,110,110,110,110,110,105,0,31,63.190901428554625,2.133192001565476,583.362653000222,57.0
1780052341,20,,Aggregated,6.000000,0.000000,1500,1900,2000,2000,3900,4100,4200,4200,4200,4200,4200,1320,0,1400,1363.0683715985062,2.133192001565476,5080.5321960015135,2721.337121212121
1780052342,20,POST,/api/book,4.000000,0.000000,1800,2000,2000,2900,3900,4100,4200,4200,4200,4200,4200,1016,0,1700,1751.2755214773822,98.58627100038575,5080.5321960015135,3382.2175196850394
1780052342,20,GET,/api/concerts,0.900000,0.000000,69,250,280,280,370,370,370,370,370,370,370,199,0,35,66.93103537192893,2.349326001422014,891.7375210003229,753.0
1780052342,20,GET,/health,0.400000,0.000000,89,89,110,110,110,110,110,110,110,110,110,106,0,31,63.16110013207401,2.133192001565476,583.362653000222,57.0
1780052342,20,,Aggregated,5.300000,0.000000,1600,1900,2000,2000,3900,4100,4200,4200,4200,4200,4200,1321,0,1400,1362.0819700787508,2.133192001565476,5080.5321960015135,2719.320211960636
1780052343,20,POST,/api/book,3.800000,0.000000,1700,2000,2100,2900,3900,4100,4200,4200,4200,4200,4200,1019,0,1700,1751.6291313493812,98.58627100038575,5080.5321960015135,3382.199214916585
1780052343,20,GET,/api/concerts,0.900000,0.000000,69,250,280,280,370,370,370,370,370,370,370,199,0,35,66.93103537192893,2.349326001422014,891.7375210003229,753.0
1780052343,20,GET,/health,0.300000,0.000000,66,89,89,110,110,110,110,110,110,110,110,108,0,31,62.626401583336836,2.133192001565476,583.362653000222,57.0
1780052343,20,,Aggregated,5.000000,0.000000,1500,1900,2000,2100,3900,4100,4200,4200,4200,4200,4200,1326,0,1400,1361.2315326206858,2.133192001565476,5080.5321960015135,2716.790346907994
1780052344,20,POST,/api/book,4.800000,0.000000,1800,2000,2800,3300,4000,4200,4200,4200,4200,4200,4200,1024,0,1700,1752.9037378701362,98.58627100038575,5080.5321960015135,3382.1689453125
1780052344,20,GET,/api/concerts,1.000000,0.000000,250,250,280,280,370,370,370,370,370,370,370,200,0,35,66.86736627506434,2.349326001422014,891.7375210003229,753.0
1780052344,20,GET,/health,0.200000,0.000000,66,89,89,110,110,110,110,110,110,110,110,108,0,31,62.626401583336836,2.133192001565476,583.362653000222,57.0
1780052344,20,,Aggregated,6.000000,0.000000,1700,1900,2500,2800,3900,4100,4200,4200,4200,4200,4200,1332,0,1400,1362.695609763535,2.133192001565476,5080.5321960015135,2717.7905405405404
1780052345,20,POST,/api/book,4.500000,0.000000,1900,2300,2800,3300,4000,4200,4200,4200,4200,4200,4200,1028,0,1700,1753.820491197489,98.58627100038575,5080.5321960015135,3382.2227626459144
1780052345,20,GET,/api/concerts,0.800000,0.000000,250,250,280,280,370,370,370,370,370,370,370,201,0,36,66.80047636323998,2.349326001422014,891.7375210003229,753.0
1780052345,20,GET,/health,0.300000,0.000000,66,89,89,110,110,110,110,110,110,110,110,108,0,31,62.626401583336836,2.133192001565476,583.362653000222,57.0
1780052345,20,,Aggregated,5.600000,0.000000,1700,2000,2400,2800,3900,4100,4200,4200,4200,4200,4200,1337,0,1400,1363.5886402924655,2.133192001565476,5080.5321960015135,2718.350037397158
1780052346,20,POST,/api/book,4.200000,0.000000,2000,2500,2600,2900,3900,4100,4200,4200,4200,4200,4200,1035,0,1700,1755.5916209893885,98.58627100038575,5080.5321960015135,3382.1874396135267
1780052346,20,GET,/api/concerts,0.700000,0.000000,130,250,280,280,370,370,370,370,370,370,370,202,0,36,67.10055819312761,2.349326001422014,891.7375210003229,753.0
1780052346,20,GET,/health,0.300000,0.000000,66,66,89,89,110,110,110,110,110,110,110,109,0,31,62.16745183486003,2.133192001565476,583.362653000222,57.0
1780052346,20,,Aggregated,5.200000,0.000000,1800,2300,2500,2600,3900,4100,4200,4200,4200,4200,4200,1346,0,1400,1365.0578697838225,2.133192001565476,5080.5321960015135,2718.338038632987
1780052347,20,POST,/api/book,4.000000,0.000000,2000,2500,2600,2900,3900,4100,4200,4200,4200,4200,4200,1038,0,1700,1753.602246808302,98.58627100038575,5080.5321960015135,3382.2543352601156
1780052347,20,GET,/api/concerts,0.600000,0.000000,250,250,280,280,370,370,370,370,370,370,370,202,0,36,67.10055819312761,2.349326001422014,891.7375210003229,753.0
1780052347,20,GET,/health,0.300000,0.000000,60,60,66,66,66,66,66,66,66,66,66,109,0,31,62.16745183486003,2.133192001565476,583.362653000222,57.0
1780052347,20,,Aggregated,4.900000,0.000000,1800,2300,2500,2600,3900,4100,4200,4200,4200,4200,4200,1349,0,1400,1364.3956243083953,2.133192001565476,5080.5321960015135,2719.8658265381764
1780052348,20,POST,/api/book,4.100000,0.000000,2000,2500,2600,2900,3900,4100,4200,4200,4200,4200,4200,1040,0,1700,1754.151228955786,98.58627100038575,5080.5321960015135,3382.226923076923
1780052348,20,GET,/api/concerts,0.600000,0.000000,130,250,280,280,370,370,370,370,370,370,370,203,0,36,66.87714672912325,2.349326001422014,891.7375210003229,753.0
1780052348,20,GET,/health,0.300000,0.000000,59,60,60,66,66,66,66,66,66,66,66,110,0,31,62.143056981817196,2.133192001565476,583.362653000222,57.0
1780052348,20,,Aggregated,5.000000,0.000000,1800,2300,2500,2600,3900,4100,4200,4200,4200,4200,4200,1353,0,1400,1363.4361235536037,2.133192001565476,5080.5321960015135,2717.4020694752403
1780052349,20,POST,/api/book,4.300000,0.000000,2200,2500,2800,2900,3900,4100,4200,4200,4200,4200,4200,1045,0,1700,1756.5788390287275,98.58627100038575,5080.5321960015135,3382.155980861244
1780052349,20,GET,/api/concerts,0.600000,0.000000,130,250,280,280,370,370,370,370,370,370,370,203,0,36,66.87714672912325,2.349326001422014,891.7375210003229,753.0
1780052349,20,GET,/health,0.400000,0.000000,59,60,60,66,66,66,66,66,66,66,66,110,0,31,62.143056981817196,2.133192001565476,583.362653000222,57.0
1780052349,20,,Aggregated,5.300000,0.000000,1800,2400,2500,2800,3900,4100,4200,4200,4200,4200,4200,1358,0,1400,1366.7427716045866,2.133192001565476,5080.5321960015135,2719.79528718704
1780052350,20,POST,/api/book,4.200000,0.000000,2300,2500,2800,2900,3400,4100,4200,4200,4200,4200,4200,1049,0,1700,1760.8872092640804,98.58627100038575,5080.5321960015135,3382.1220209723547
1780052350,20,GET,/api/concerts,0.600000,0.000000,95,95,130,130,370,370,370,370,370,370,370,204,0,36,67.01318275496556,2.349326001422014,891.7375210003229,753.0
1780052350,20,GET,/health,0.400000,0.000000,59,60,60,66,66,66,66,66,66,66,66,110,0,31,62.143056981817196,2.133192001565476,583.362653000222,57.0
1780052350,20,,Aggregated,5.200000,0.000000,1800,2400,2500,2800,3300,4100,4200,4200,4200,4200,4200,1363,0,1400,1370.2693382744162,2.133192001565476,5080.5321960015135,2720.2699926632426
1780052351,20,POST,/api/book,4.200000,0.000000,2300,2500,2600,2900,3300,4100,4200,4200,4200,4200,4200,1059,0,1700,1765.3195994202238,98.58627100038575,5080.5321960015135,3382.1104815864023
1780052351,20,GET,/api/concerts,0.700000,0.000000,95,95,130,130,370,370,370,370,370,370,370,204,0,36,67.01318275496556,2.349326001422014,891.7375210003229,753.0
1780052351,20,GET,/health,0.500000,0.000000,59,60,60,66,66,66,66,66,66,66,66,110,0,31,62.143056981817196,2.133192001565476,583.362653000222,57.0
1780052351,20,,Aggregated,5.400000,0.000000,1900,2300,2500,2500,2800,2900,3200,3300,3300,3300,3300,1373,0,1400,1376.5330526846512,2.133192001565476,5080.5321960015135,2725.081573197378
1780052352,20,POST,/api/book,4.400000,0.000000,1900,2400,2500,2500,2900,2900,3300,3300,3300,3300,3300,1065,0,1700,1761.2286290075272,98.58627100038575,5080.5321960015135,3382.076056338028
1780052352,20,GET,/api/concerts,0.500000,0.000000,54,95,95,130,130,130,130,130,130,130,130,204,0,36,67.01318275496556,2.349326001422014,891.7375210003229,753.0
1780052352,20,GET,/health,0.500000,0.000000,59,59,66,66,66,66,66,66,66,66,66,110,0,31,62.143056981817196,2.133192001565476,583.362653000222,57.0
1780052352,20,,Aggregated,5.400000,0.000000,1800,2300,2500,2500,2800,2900,3200,3300,3300,3300,3300,1379,0,1400,1375.065203366951,2.133192001565476,5080.5321960015135,2727.9137055837564
1780052353,20,POST,/api/book,4.500000,0.000000,1900,2400,2500,2500,2900,2900,3300,3300,3300,3300,3300,1067,0,1700,1758.4184852652447,98.58627100038575,5080.5321960015135,3382.140581068416
1780052353,20,GET,/api/concerts,0.600000,0.000000,53,54,95,95,130,130,130,130,130,130,130,207,0,36,66.48303711600258,2.349326001422014,891.7375210003229,753.0
1780052353,20,GET,/health,0.500000,0.000000,59,59,66,66,66,66,66,66,66,66,66,110,0,31,62.143056981817196,2.133192001565476,583.362653000222,57.0
1780052353,20,,Aggregated,5.600000,0.000000,1800,2300,2500,2500,2800,2900,3200,3300,3300,3300,3300,1384,0,1400,1370.5420872319544,2.133192001565476,5080.5321960015135,2724.6278901734104
1780052354,20,POST,/api/book,4.300000,0.000000,1800,2300,2500,2600,2900,2900,3300,3300,3300,3300,3300,1070,0,1700,1757.0737393635663,98.58627100038575,5080.5321960015135,3382.1018691588783
1780052354,20,GET,/api/concerts,0.500000,0.000000,53,66,95,95,130,130,130,130,130,130,130,208,0,36,66.48208096159509,2.349326001422014,891.7375210003229,753.0
1780052354,20,GET,/health,0.500000,0.000000,59,59,59,59,59,59,59,59,59,59,59,110,0,31,62.143056981817196,2.133192001565476,583.362653000222,57.0
1780052354,20,,Aggregated,5.300000,0.000000,1600,2000,2400,2500,2800,2900,3200,3300,3300,3300,3300,1388,0,1400,1369.4041139964152,2.133192001565476,5080.5321960015135,2724.598703170029
1780052355,20,POST,/api/book,5.000000,0.000000,1800,2300,2500,2600,2900,2900,3300,3300,3300,3300,3300,1071,0,1700,1756.971945273591,98.58627100038575,5080.5321960015135,3382.121381886088
1780052355,20,GET,/api/concerts,0.500000,0.000000,66,76,95,130,200,200,200,200,200,200,200,211,0,37,67.0976637536084,2.349326001422014,891.7375210003229,753.0
1780052355,20,GET,/health,0.400000,0.000000,59,59,59,59,59,59,59,59,59,59,59,110,0,31,62.143056981817196,2.133192001565476,583.362653000222,57.0
1780052355,20,,Aggregated,5.900000,0.000000,1500,1900,2400,2500,2800,2900,3200,3300,3300,3300,3300,1392,0,1400,1366.889580968408,2.133192001565476,5080.5321960015135,2720.8369252873563
1780052356,20,POST,/api/book,4.800000,0.000000,1900,2500,2600,2800,2900,2900,3300,3300,3300,3300,3300,1080,0,1700,1761.5053257342722,98.58627100038575,5080.5321960015135,3382.2712962962964
1780052356,20,GET,/api/concerts,0.800000,0.000000,66,76,95,130,200,200,200,200,200,200,200,211,0,37,67.0976637536084,2.349326001422014,891.7375210003229,753.0
1780052356,20,GET,/health,0.200000,0.000000,59,59,59,59,59,59,59,59,59,59,59,110,0,31,62.143056981817196,2.133192001565476,583.362653000222,57.0
1780052356,20,,Aggregated,5.800000,0.000000,1600,2100,2500,2600,2900,2900,3200,3300,3300,3300,3300,1401,0,1400,1372.8901464047265,2.133192001565476,5080.5321960015135,2725.2005710206995
1780052357,20,POST,/api/book,4.500000,0.000000,2000,2600,2700,2800,2900,2900,3300,3300,3300,3300,3300,1088,0,1700,1764.0289560220704,98.58627100038575,5080.5321960015135,3382.295036764706
1780052357,20,GET,/api/concerts,0.800000,0.000000,48,66,76,76,95,200,200,200,200,200,200,213,0,37,66.70745740850069,2.349326001422014,891.7375210003229,753.0
1780052357,20,GET,/health,0.200000,0.000000,59,59,59,59,59,59,59,59,59,59,59,110,0,31,62.143056981817196,2.133192001565476,583.362653000222,57.0
1780052357,20,,Aggregated,5.500000,0.000000,1800,2200,2600,2700,2800,2900,3200,3300,3300,3300,3300,1411,0,1400,1375.1296448249607,2.133192001565476,5080.5321960015135,2726.148830616584
1780052358,20,POST,/api/book,4.300000,0.000000,2000,2600,2700,2800,2900,2900,3300,3300,3300,3300,3300,1090,0,1700,1762.180267436708,98.58627100038575,5080.5321960015135,3382.3220183486237
1780052358,20,GET,/api/concerts,1.000000,0.000000,48,66,71,76,95,200,200,200,200,200,200,215,0,37,66.5103985070282,2.349326001422014,891.7375210003229,753.0
1780052358,20,GET,/health,0.200000,0.000000,59,59,59,59,59,59,59,59,59,59,59,111,0,32,62.09276643243651,2.133192001565476,583.362653000222,57.0
1780052358,20,,Aggregated,5.500000,0.000000,1600,2200,2600,2700,2800,2900,3200,3300,3300,3300,3300,1416,0,1400,1371.4466979230365,2.133192001565476,5080.5321960015135,2722.424435028249
1780052359,20,POST,/api/book,4.400000,0.000000,1700,2500,2700,2800,2900,2900,3300,3300,3300,3300,3300,1095,0,1700,1760.381024804575,98.58627100038575,5080.5321960015135,3382.3744292237443
1780052359,20,GET,/api/concerts,0.900000,0.000000,52,71,76,89,95,200,200,200,200,200,200,216,0,37,66.61298716671303,2.349326001422014,891.7375210003229,753.0
1780052359,20,GET,/health,0.100000,0.000000,59,59,59,59,59,59,59,59,59,59,59,111,0,32,62.09276643243651,2.133192001565476,583.362653000222,57.0
1780052359,20,,Aggregated,5.400000,0.000000,1400,1900,2500,2700,2800,2900,3200,3300,3300,3300,3300,1422,0,1400,1370.5329989191398,2.133192001565476,5080.5321960015135,2723.400140646976
1780052360,20,POST,/api/book,5.100000,0.000000,1600,1900,2500,2600,2800,2900,2900,3300,3300,3300,3300,1101,0,1700,1758.5631580100005,98.58627100038575,5080.5321960015135,3382.4214350590373
1780052360,20,GET,/api/concerts,1.200000,0.000000,52,71,89,95,170,200,200,200,200,200,200,218,0,37,66.92919763306712,2.349326001422014,891.7375210003229,753.0
1780052360,20,GET,/health,0.100000,0.000000,57,57,59,59,59,59,59,59,59,59,59,112,0,31,61.56368471428258,2.133192001565476,583.362653000222,57.0
1780052360,20,,Aggregated,6.400000,0.000000,1300,1600,2000,2400,2800,2800,2900,3300,3300,3300,3300,1431,0,1400,1368.0389481069292,2.133192001565476,5080.5321960015135,2721.5821104122992
1780052361,20,POST,/api/book,5.100000,0.000000,1400,1700,1900,2200,2800,2800,2900,2900,2900,2900,2900,1105,0,1700,1756.6716828289668,98.58627100038575,5080.5321960015135,3382.427149321267
1780052361,20,GET,/api/concerts,1.200000,0.000000,52,71,76,89,170,200,200,200,200,200,200,218,0,37,66.92919763306712,2.349326001422014,891.7375210003229,753.0
1780052361,20,GET,/health,0.100000,0.000000,57,57,59,59,59,59,59,59,59,59,59,112,0,31,61.56368471428258,2.133192001565476,583.362653000222,57.0
1780052361,20,,Aggregated,6.400000,0.000000,1200,1500,1700,1700,2700,2800,2800,2900,2900,2900,2900,1435,0,1400,1367.6710155386852,2.133192001565476,5080.5321960015135,2723.4285714285716
1780052362,20,POST,/api/book,5.000000,0.000000,1400,1700,2100,2600,2800,2800,2900,2900,2900,2900,2900,1110,0,1700,1754.3307648036086,98.58627100038575,5080.5321960015135,3382.393693693694
1780052362,20,GET,/api/concerts,1.300000,0.000000,48,66,76,89,170,200,200,200,200,200,200,219,0,37,66.70949190414349,2.349326001422014,891.7375210003229,753.0
1780052362,20,GET,/health,0.100000,0.000000,57,57,59,59,59,59,59,59,59,59,59,113,0,31,61.17749222122796,2.133192001565476,583.362653000222,57.0
1780052362,20,,Aggregated,6.400000,0.000000,1200,1400,1700,1700,2700,2800,2800,2900,2900,2900,2900,1442,0,1400,1365.3464523439725,2.133192001565476,5080.5321960015135,2722.47226074896
1780052363,20,POST,/api/book,5.100000,0.000000,1400,1700,1900,2200,2800,2800,2900,2900,2900,2900,2900,1113,0,1700,1753.351756712494,98.58627100038575,5080.5321960015135,3382.384546271339
1780052363,20,GET,/api/concerts,1.400000,0.000000,54,71,76,89,170,200,200,200,200,200,200,221,0,37,66.39285780998532,2.349326001422014,891.7375210003229,753.0
1780052363,20,GET,/health,0.200000,0.000000,18,18,57,57,57,57,57,57,57,57,57,113,0,31,61.17749222122796,2.133192001565476,583.362653000222,57.0
1780052363,20,,Aggregated,6.700000,0.000000,1200,1500,1700,1700,2700,2800,2800,2900,2900,2900,2900,1447,0,1400,1363.5565884022171,2.133192001565476,5080.5321960015135,2721.1112646855563
1780052364,20,POST,/api/book,4.800000,0.000000,1400,1700,2000,2200,2800,2800,2900,2900,2900,2900,2900,1120,0,1700,1752.429700172327,98.58627100038575,5080.5321960015135,3382.4973214285715
1780052364,20,GET,/api/concerts,1.400000,0.000000,54,71,84,84,170,200,200,200,200,200,200,224,0,37,66.22225662503719,2.349326001422014,891.7375210003229,753.0
1780052364,20,GET,/health,0.200000,0.000000,21,30,30,57,57,57,57,57,57,57,57,115,0,30,60.55714604346735,2.133192001565476,583.362653000222,57.0
1780052364,20,,Aggregated,6.400000,0.000000,1200,1400,1700,1900,2700,2800,2800,2900,2900,2900,2900,1459,0,1400,1360.19131012475,2.133192001565476,5080.5321960015135,2716.67169294037
1780052365,20,POST,/api/book,4.400000,0.000000,1400,1700,1900,2000,2700,2800,2800,2900,2900,2900,2900,1125,0,1700,1748.6363528915624,98.58627100038575,5080.5321960015135,3382.511111111111
1780052365,20,GET,/api/concerts,1.500000,0.000000,54,71,76,84,170,200,200,200,200,200,200,225,0,37,66.19381652891914,2.349326001422014,891.7375210003229,753.0
1780052365,20,GET,/health,0.300000,0.000000,21,30,30,57,57,57,57,57,57,57,57,115,0,30,60.55714604346735,2.133192001565476,583.362653000222,57.0
1780052365,20,,Aggregated,6.200000,0.000000,1200,1400,1700,1700,2600,2800,2800,2900,2900,2900,2900,1465,0,1400,1357.729404448471,2.133192001565476,5080.5321960015135,2717.61433447099
1780052366,20,POST,/api/book,4.600000,0.000000,1300,1400,1700,1700,2200,2700,2800,2800,2800,2800,2800,1130,0,1700,1746.0668869884996,98.58627100038575,5080.5321960015135,3382.4115044247787
1780052366,20,GET,/api/concerts,1.400000,0.000000,54,70,84,85,89,170,170,170,170,170,170,226,0,37,66.27675874781832,2.349326001422014,891.7375210003229,753.0
1780052366,20,GET,/health,0.300000,0.000000,21,30,30,57,57,57,57,57,57,57,57,115,0,30,60.55714604346735,2.133192001565476,583.362653000222,57.0
1780052366,20,,Aggregated,6.300000,0.000000,1100,1300,1400,1600,2000,2700,2800,2800,2800,2800,2800,1471,0,1300,1356.2190357369184,2.133192001565476,5080.5321960015135,2718.462270564242
1780052367,20,POST,/api/book,5.000000,0.000000,1300,1400,1400,1600,1700,2000,2000,2000,2000,2000,2000,1133,0,1700,1744.140858668142,98.58627100038575,5080.5321960015135,3382.458075904678
1780052367,20,GET,/api/concerts,1.600000,0.000000,60,71,84,85,89,170,170,170,170,170,170,227,0,37,66.0840374581825,2.349326001422014,891.7375210003229,753.0
1780052367,20,GET,/health,0.500000,0.000000,21,21,30,30,57,57,57,57,57,57,57,116,0,28,60.157593456880996,2.133192001565476,583.362653000222,57.0
1780052367,20,,Aggregated,7.100000,0.000000,1100,1300,1300,1400,1700,1700,2000,2000,2000,2000,2000,1476,0,1300,1353.7201559722273,2.133192001565476,5080.5321960015135,2716.7127371273714
1780052368,20,POST,/api/book,5.300000,0.000000,1300,1400,1400,1600,1700,2000,2000,2000,2000,2000,2000,1136,0,1700,1742.951091453348,98.58627100038575,5080.5321960015135,3382.430457746479
1780052368,20,GET,/api/concerts,1.400000,0.000000,60,79,84,85,89,170,170,170,170,170,170,229,0,38,66.09454067252621,2.349326001422014,891.7375210003229,753.0
1780052368,20,GET,/health,0.500000,0.000000,21,21,30,30,57,57,57,57,57,57,57,116,0,28,60.157593456880996,2.133192001565476,583.362653000222,57.0
1780052368,20,,Aggregated,7.200000,0.000000,1100,1300,1400,1400,1700,1700,2000,2000,2000,2000,2000,1481,0,1300,1351.8611549939276,2.133192001565476,5080.5321960015135,2715.388251181634
1780052369,20,POST,/api/book,5.100000,0.000000,1300,1400,1600,1700,1800,2000,2000,2000,2000,2000,2000,1144,0,1700,1741.4194045157383,98.58627100038575,5080.5321960015135,3382.3916083916083
1780052369,20,GET,/api/concerts,1.600000,0.000000,55,66,79,79,85,170,170,170,170,170,170,232,0,37,65.76834544399264,2.349326001422014,891.7375210003229,753.0
1780052369,20,GET,/health,0.600000,0.000000,18,21,21,30,30,30,30,30,30,30,30,116,0,28,60.157593456880996,2.133192001565476,583.362653000222,57.0
1780052369,20,,Aggregated,7.300000,0.000000,1100,1300,1400,1600,1800,2000,2000,2000,2000,2000,2000,1492,0,1300,1350.147678116626,2.133192001565476,5080.5321960015135,2714.9892761394103
1780052370,20,POST,/api/book,4.400000,0.000000,1300,1400,1400,1600,1800,2000,2000,2000,2000,2000,2000,1147,0,1700,1740.1269812310418,98.58627100038575,5080.5321960015135,3382.386224934612
1780052370,20,GET,/api/concerts,1.400000,0.000000,55,66,79,79,85,170,170,170,170,170,170,232,0,37,65.76834544399264,2.349326001422014,891.7375210003229,753.0
1780052370,20,GET,/health,0.600000,0.000000,18,21,21,30,30,30,30,30,30,30,30,116,0,28,60.157593456880996,2.133192001565476,583.362653000222,57.0
1780052370,20,,Aggregated,6.400000,0.000000,1100,1300,1400,1400,1800,2000,2000,2000,2000,2000,2000,1495,0,1300,1349.9412605056898,2.133192001565476,5080.5321960015135,2716.3244147157193
1780052371,20,POST,/api/book,4.600000,0.000000,1300,1400,1500,1600,1800,2000,2000,2000,2000,2000,2000,1151,0,1700,1738.1692095577816,98.58627100038575,5080.5321960015135,3382.44135534318
1780052371,20,GET,/api/concerts,1.400000,0.000000,54,60,70,79,84,85,85,85,85,85,85,233,0,37,65.622932763977,2.349326001422014,891.7375210003229,753.0
1780052371,20,GET,/health,0.500000,0.000000,21,30,30,65,65,65,65,65,65,65,65,117,0,30,60.19938708546123,2.133192001565476,583.362653000222,57.0
1780052371,20,,Aggregated,6.500000,0.000000,1100,1300,1400,1400,1800,2000,2000,2000,2000,2000,2000,1501,0,1300,1347.7456574443765,2.133192001565476,5080.5321960015135,2715.061958694204
1780052372,20,POST,/api/book,4.900000,0.000000,1400,1400,1600,1600,1800,2000,2000,2000,2000,2000,2000,1156,0,1700,1737.2153929273416,98.58627100038575,5080.5321960015135,3382.454152249135
1780052372,20,GET,/api/concerts,1.600000,0.000000,54,60,70,79,84,85,85,85,85,85,85,234,0,37,65.4124711025936,2.349326001422014,891.7375210003229,753.0
1780052372,20,GET,/health,0.500000,0.000000,30,65,75,75,88,88,88,88,88,88,88,120,0,30,60.1365244249943,2.133192001565476,583.362653000222,57.0
1780052372,20,,Aggregated,7.000000,0.000000,1100,1300,1400,1500,1800,2000,2000,2000,2000,2000,2000,1510,0,1300,1344.863506882788,2.133192001565476,5080.5321960015135,2710.7013245033113
1780052373,20,POST,/api/book,4.800000,0.000000,1400,1400,1500,1600,1800,2000,2000,2000,2000,2000,2000,1162,0,1700,1735.2845357555989,98.58627100038575,5080.5321960015135,3382.474182444062
1780052373,20,GET,/api/concerts,1.500000,0.000000,55,66,70,79,84,85,85,85,85,85,85,234,0,37,65.4124711025936,2.349326001422014,891.7375210003229,753.0
1780052373,20,GET,/health,0.500000,0.000000,30,65,75,75,88,88,88,88,88,88,88,120,0,30,60.1365244249943,2.133192001565476,583.362653000222,57.0
1780052373,20,,Aggregated,6.800000,0.000000,1200,1400,1400,1500,1800,2000,2000,2000,2000,2000,2000,1516,0,1300,1344.9363665679477,2.133192001565476,5080.5321960015135,2713.3753298153033
1780052374,20,POST,/api/book,4.500000,0.000000,1400,1400,1500,1500,1700,1800,2000,2000,2000,2000,2000,1163,0,1700,1734.331004438526,98.58627100038575,5080.5321960015135,3382.4368013757526
1780052374,20,GET,/api/concerts,1.500000,0.000000,55,60,76,76,79,85,85,85,85,85,85,236,0,37,65.35892502122005,2.349326001422014,891.7375210003229,753.0
1780052374,20,GET,/health,0.500000,0.000000,30,65,75,75,88,88,88,88,88,88,88,120,0,30,60.1365244249943,2.133192001565476,583.362653000222,57.0
1780052374,20,,Aggregated,6.500000,0.000000,1100,1400,1400,1400,1700,1800,1800,2000,2000,2000,2000,1519,0,1300,1342.7702747847331,2.133192001565476,5080.5321960015135,2711.206056616195
1780052375,20,POST,/api/book,4.800000,0.000000,1400,1500,1700,1700,1800,2000,2000,2000,2000,2000,2000,1170,0,1700,1734.320076196588,98.58627100038575,5080.5321960015135,3382.492307692308
1780052375,20,GET,/api/concerts,1.500000,0.000000,42,66,76,76,79,85,85,85,85,85,85,236,0,37,65.35892502122005,2.349326001422014,891.7375210003229,753.0
1780052375,20,GET,/health,0.700000,0.000000,65,75,75,88,88,88,88,88,88,88,88,120,0,30,60.1365244249943,2.133192001565476,583.362653000222,57.0
1780052375,20,,Aggregated,7.000000,0.000000,1300,1400,1500,1600,1800,1800,2000,2000,2000,2000,2000,1526,0,1300,1344.5580461245163,2.133192001565476,5080.5321960015135,2714.3276539973785
1780052376,20,POST,/api/book,5.000000,0.000000,1400,1600,1700,1700,1800,2000,2000,2000,2000,2000,2000,1171,0,1700,1734.2967848215276,98.58627100038575,5080.5321960015135,3382.5021349274125
1780052376,20,GET,/api/concerts,1.300000,0.000000,42,55,66,76,79,79,79,79,79,79,79,236,0,37,65.35892502122005,2.349326001422014,891.7375210003229,753.0
1780052376,20,GET,/health,0.700000,0.000000,65,75,75,88,88,88,88,88,88,88,88,120,0,30,60.1365244249943,2.133192001565476,583.362653000222,57.0
1780052376,20,,Aggregated,7.000000,0.000000,1400,1400,1600,1700,1800,2000,2000,2000,2000,2000,2000,1527,0,1300,1344.795431736747,2.133192001565476,5080.5321960015135,2714.7727570399475
1780052377,20,POST,/api/book,4.300000,0.000000,1500,1700,1800,1800,2000,2400,2600,2600,2600,2600,2600,1175,0,1700,1736.381680430646,98.58627100038575,5080.5321960015135,3382.5259574468087
1780052377,20,GET,/api/concerts,1.200000,0.000000,39,42,66,76,79,79,79,79,79,79,79,237,0,38,65.24962629117897,2.349326001422014,891.7375210003229,753.0
1780052377,20,GET,/health,0.500000,0.000000,65,75,75,88,88,88,88,88,88,88,88,120,0,30,60.1365244249943,2.133192001565476,583.362653000222,57.0
1780052377,20,,Aggregated,6.000000,0.000000,1400,1600,1700,1800,2000,2400,2500,2600,2600,2600,2600,1532,0,1400,1346.5594117937433,2.133192001565476,5080.5321960015135,2715.2539164490863
1780052378,20,POST,/api/book,4.500000,0.000000,1700,1800,2000,2100,2500,2600,3400,3400,3400,3400,3400,1186,0,1700,1741.036337591067,98.58627100038575,5080.5321960015135,3382.402192242833
1780052378,20,GET,/api/concerts,1.100000,0.000000,39,42,66,66,76,76,76,76,76,76,76,237,0,38,65.24962629117897,2.349326001422014,891.7375210003229,753.0
1780052378,20,GET,/health,0.500000,0.000000,75,75,88,88,88,88,88,88,88,88,88,120,0,30,60.1365244249943,2.133192001565476,583.362653000222,57.0
1780052378,20,,Aggregated,6.100000,0.000000,1500,1700,1800,2000,2400,2600,2700,3400,3400,3400,3400,1543,0,1400,1352.9161638010441,2.133192001565476,5080.5321960015135,2719.915748541802
1780052379,20,POST,/api/book,4.300000,0.000000,1600,1800,2000,2100,2500,2600,3400,3400,3400,3400,3400,1191,0,1700,1739.09277189757,98.58627100038575,5080.5321960015135,3382.3585222502097
1780052379,20,GET,/api/concerts,0.900000,0.000000,42,42,62,62,76,76,76,76,76,76,76,238,0,38,65.2349459412161,2.349326001422014,891.7375210003229,753.0
1780052379,20,GET,/health,0.400000,0.000000,75,75,88,88,88,88,88,88,88,88,88,120,0,30,60.1365244249943,2.133192001565476,583.362653000222,57.0
1780052379,20,,Aggregated,5.600000,0.000000,1500,1700,1800,2000,2500,2600,2700,3400,3400,3400,3400,1549,0,1400,1351.8410531923898,2.133192001565476,5080.5321960015135,2720.7508069722403
1780052380,20,POST,/api/book,4.200000,0.000000,1700,1800,2000,2300,2500,2600,3400,3400,3400,3400,3400,1194,0,1700,1736.7729670745434,98.58627100038575,5080.5321960015135,3382.358458961474
1780052380,20,GET,/api/concerts,0.900000,0.000000,42,62,70,76,110,110,110,110,110,110,110,241,0,38,65.34585486311185,2.349326001422014,891.7375210003229,753.0
1780052380,20,GET,/health,0.400000,0.000000,69,69,75,75,88,88,88,88,88,88,88,122,0,31,60.11035914753683,2.133192001565476,583.362653000222,57.0
1780052380,20,,Aggregated,5.500000,0.000000,1500,1700,1800,2000,2500,2600,2700,3400,3400,3400,3400,1557,0,1400,1346.6851236512598,2.133192001565476,5080.5321960015135,2714.812459858703
1780052381,20,POST,/api/book,4.900000,0.000000,1700,1800,2000,2100,2500,2600,3400,3400,3400,3400,3400,1198,0,1700,1734.6114564348936,98.58627100038575,5080.5321960015135,3382.3038397328883
1780052381,20,GET,/api/concerts,0.800000,0.000000,62,70,76,76,110,110,110,110,110,110,110,241,0,38,65.34585486311185,2.349326001422014,891.7375210003229,753.0
1780052381,20,GET,/health,0.400000,0.000000,69,69,75,75,88,88,88,88,88,88,88,124,0,32,59.955888975793876,2.133192001565476,583.362653000222,57.0
1780052381,20,,Aggregated,6.100000,0.000000,1400,1700,1800,2000,2400,2600,2700,3400,3400,3400,3400,1563,0,1300,1344.3681420755013,2.133192001565476,5080.5321960015135,2713.0780550223926
1780052382,20,POST,/api/book,4.800000,0.000000,1600,1800,2000,2100,2500,2600,3400,3400,3400,3400,3400,1204,0,1700,1731.1740095531566,98.58627100038575,5080.5321960015135,3382.3413621262457
1780052382,20,GET,/api/concerts,0.600000,0.000000,62,70,75,76,110,110,110,110,110,110,110,242,0,38,65.38740400830933,2.349326001422014,891.7375210003229,753.0
1780052382,20,GET,/health,0.400000,0.000000,69,69,75,75,88,88,88,88,88,88,88,124,0,32,59.955888975793876,2.133192001565476,583.362653000222,57.0
1780052382,20,,Aggregated,5.800000,0.000000,1400,1700,1800,2000,2500,2600,2700,3400,3400,3400,3400,1570,0,1300,1342.4151525509603,2.133192001565476,5080.5321960015135,2714.415923566879
1780052383,20,POST,/api/book,4.500000,0.000000,1500,1700,2000,2100,2500,2600,3400,3400,3400,3400,3400,1208,0,1700,1729.0436855802989,98.58627100038575,5080.5321960015135,3382.3667218543046
1780052383,20,GET,/api/concerts,0.800000,0.000000,62,70,75,76,110,110,110,110,110,110,110,244,0,39,65.21099820905665,2.349326001422014,891.7375210003229,753.0
1780052383,20,GET,/health,0.500000,0.000000,69,69,75,75,88,88,88,88,88,88,88,125,0,32,60.00164307998784,2.133192001565476,583.362653000222,57.0
1780052383,20,,Aggregated,5.800000,0.000000,1100,1700,1800,2000,2500,2600,2700,3400,3400,3400,3400,1577,0,1300,1339.312911305648,2.133192001565476,5080.5321960015135,2711.9568801521878
1780052384,20,POST,/api/book,4.700000,0.000000,1600,1800,2000,2100,2500,2600,3400,3400,3400,3400,3400,1211,0,1700,1728.771337500415,98.58627100038575,5080.5321960015135,3382.4062758051195
1780052384,20,GET,/api/concerts,0.800000,0.000000,62,70,75,76,110,110,110,110,110,110,110,244,0,39,65.21099820905665,2.349326001422014,891.7375210003229,753.0
1780052384,20,GET,/health,0.700000,0.000000,69,69,75,75,88,88,88,88,88,88,88,125,0,32,60.00164307998784,2.133192001565476,583.362653000222,57.0
1780052384,20,,Aggregated,6.200000,0.000000,1400,1700,1800,2000,2400,2600,2700,3400,3400,3400,3400,1580,0,1300,1339.8441637094993,2.133192001565476,5080.5321960015135,2713.2601265822786
1780052385,20,POST,/api/book,4.600000,0.000000,1500,1800,2100,2400,2500,2600,3400,3400,3400,3400,3400,1213,0,1700,1729.266911292665,98.58627100038575,5080.5321960015135,3382.4286892003297
1780052385,20,GET,/api/concerts,0.800000,0.000000,62,70,75,75,110,110,110,110,110,110,110,244,0,39,65.21099820905665,2.349326001422014,891.7375210003229,753.0
1780052385,20,GET,/health,0.400000,0.000000,69,69,75,75,88,88,88,88,88,88,88,125,0,32,60.00164307998784,2.133192001565476,583.362653000222,57.0
1780052385,20,,Aggregated,5.800000,0.000000,1100,1600,1800,2100,2500,2600,2700,3400,3400,3400,3400,1582,0,1300,1340.715835869791,2.133192001565476,5080.5321960015135,2714.1232616940583
1780052386,20,POST,/api/book,4.500000,0.000000,1600,2100,2400,2500,2600,2600,3400,3400,3400,3400,3400,1221,0,1700,1733.5440980327605,98.58627100038575,5080.5321960015135,3382.4643734643732
1780052386,20,GET,/api/concerts,1.000000,0.000000,62,70,75,75,110,110,110,110,110,110,110,244,0,39,65.21099820905665,2.349326001422014,891.7375210003229,753.0
1780052386,20,GET,/health,0.500000,0.000000,66,69,69,69,120,120,120,120,120,120,120,127,0,32,60.12970637794486,2.133192001565476,583.362653000222,57.0
1780052386,20,,Aggregated,6.000000,0.000000,1400,1600,2100,2300,2600,2600,2700,3400,3400,3400,3400,1592,0,1400,1344.3500627958588,2.133192001565476,5080.5321960015135,2714.170854271357
1780052387,20,POST,/api/book,4.800000,0.000000,1600,2100,2300,2500,2600,2600,3400,3400,3400,3400,3400,1225,0,1700,1734.6731931640809,98.58627100038575,5080.5321960015135,3382.462857142857
1780052387,20,GET,/api/concerts,0.800000,0.000000,62,70,75,75,110,110,110,110,110,110,110,244,0,39,65.21099820905665,2.349326001422014,891.7375210003229,753.0
1780052387,20,GET,/health,0.500000,0.000000,66,69,69,69,120,120,120,120,120,120,120,127,0,32,60.12970637794486,2.133192001565476,583.362653000222,57.0
1780052387,20,,Aggregated,6.100000,0.000000,1400,1800,2100,2300,2600,2600,2700,3400,3400,3400,3400,1596,0,1400,1346.1921164780738,2.133192001565476,5080.5321960015135,2715.844611528822
1780052388,20,POST,/api/book,4.300000,0.000000,1500,1600,2100,2100,2500,2600,2600,2600,2600,2600,2600,1232,0,1700,1731.7063268668824,98.58627100038575,5080.5321960015135,3382.396103896104
1780052388,20,GET,/api/concerts,0.800000,0.000000,47,62,70,75,110,110,110,110,110,110,110,246,0,38,64.77928824394284,2.349326001422014,891.7375210003229,753.0
1780052388,20,GET,/health,0.500000,0.000000,66,69,69,69,120,120,120,120,120,120,120,127,0,32,60.12970637794486,2.133192001565476,583.362653000222,57.0
1780052388,20,,Aggregated,5.600000,0.000000,1100,1500,1600,2000,2300,2600,2600,2600,2600,2600,2600,1605,0,1400,1343.9466494193184,2.133192001565476,5080.5321960015135,2716.254828660436
1780052389,20,POST,/api/book,4.800000,0.000000,1400,1600,2100,2100,2500,2600,2600,2600,2600,2600,2600,1237,0,1700,1728.8460317663682,98.58627100038575,5080.5321960015135,3382.3629749393695
1780052389,20,GET,/api/concerts,0.800000,0.000000,41,47,70,75,110,110,110,110,110,110,110,247,0,38,64.6038268947774,2.349326001422014,891.7375210003229,753.0
1780052389,20,GET,/health,0.700000,0.000000,66,69,69,69,120,120,120,120,120,120,120,128,0,32,59.78877946874661,2.133192001565476,583.362653000222,57.0
1780052389,20,,Aggregated,6.300000,0.000000,1100,1400,1600,2000,2300,2600,2600,2600,2600,2600,2600,1612,0,1300,1341.3105771153878,2.133192001565476,5080.5321960015135,2715.428039702233
1780052390,20,POST,/api/book,5.000000,0.000000,1400,1600,2100,2100,2500,2600,2600,2600,2600,2600,2600,1239,0,1700,1727.7362039580296,98.58627100038575,5080.5321960015135,3382.301049233253
1780052390,20,GET,/api/concerts,0.700000,0.000000,47,47,70,75,110,110,110,110,110,110,110,248,0,38,64.53228906455098,2.349326001422014,891.7375210003229,753.0
1780052390,20,GET,/health,0.700000,0.000000,66,66,69,69,120,120,120,120,120,120,120,128,0,32,59.78877946874661,2.133192001565476,583.362653000222,57.0
1780052390,20,,Aggregated,6.400000,0.000000,1100,1500,1700,2100,2500,2600,2600,2600,2600,2600,2600,1615,0,1300,1340.1375406588265,2.133192001565476,5080.5321960015135,2714.9913312693498
1780052391,20,POST,/api/book,4.600000,0.000000,1500,2000,2100,2200,2500,2600,2600,2600,2600,2600,2600,1243,0,1700,1728.464919057923,98.58627100038575,5080.5321960015135,3382.2880128720835
1780052391,20,GET,/api/concerts,0.900000,0.000000,47,47,69,75,190,190,190,190,190,190,190,251,0,39,64.953752063783,2.349326001422014,891.7375210003229,753.0
1780052391,20,GET,/health,0.700000,0.000000,32,66,69,69,120,120,120,120,120,120,120,129,0,32,59.34787305425765,2.133192001565476,583.362653000222,57.0
1780052391,20,,Aggregated,6.200000,0.000000,1100,1500,2000,2100,2500,2600,2600,2600,2600,2600,2600,1623,0,1300,1338.5342956136815,2.133192001565476,5080.5321960015135,2711.361675908811
1780052392,20,POST,/api/book,4.500000,0.000000,1600,2000,2100,2100,2500,2600,2600,2600,2600,2600,2600,1251,0,1700,1728.5731556147075,98.58627100038575,5080.5321960015135,3382.2549960031974
1780052392,20,GET,/api/concerts,0.900000,0.000000,47,47,69,87,190,190,190,190,190,190,190,252,0,39,65.04212352384846,2.349326001422014,891.7375210003229,753.0
1780052392,20,GET,/health,0.800000,0.000000,16,66,66,120,120,120,120,120,120,120,120,129,0,32,59.34787305425765,2.133192001565476,583.362653000222,57.0
1780052392,20,,Aggregated,6.200000,0.000000,1400,1800,2000,2100,2300,2600,2600,2600,2600,2600,2600,1632,0,1300,1339.7619536924055,2.133192001565476,5080.5321960015135,2713.4252450980393
1780052393,20,POST,/api/book,4.500000,0.000000,1600,2000,2100,2100,2500,2600,2600,2600,2600,2600,2600,1257,0,1700,1725.2196660389789,98.58627100038575,5080.5321960015135,3382.24184566428
1780052393,20,GET,/api/concerts,0.700000,0.000000,43,47,69,69,87,190,190,190,190,190,190,253,0,39,64.79542629648112,2.349326001422014,891.7375210003229,753.0
1780052393,20,GET,/health,0.600000,0.000000,16,40,66,66,120,120,120,120,120,120,120,131,0,32,58.76995670229105,2.133192001565476,583.362653000222,57.0
1780052393,20,,Aggregated,5.800000,0.000000,1200,1800,2000,2100,2300,2600,2600,2600,2600,2600,2600,1641,0,1300,1336.1933134625256,2.133192001565476,5080.5321960015135,2711.428397318708
1780052394,20,POST,/api/book,4.400000,0.000000,1500,2000,2100,2100,2500,2600,2600,2600,2600,2600,2600,1260,0,1600,1722.7555434880926,98.58627100038575,5080.5321960015135,3382.2738095238096
1780052394,20,GET,/api/concerts,1.000000,0.000000,43,47,69,69,87,190,190,190,190,190,190,253,0,39,64.79542629648112,2.349326001422014,891.7375210003229,753.0
1780052394,20,GET,/health,0.500000,0.000000,16,16,40,40,120,120,120,120,120,120,120,131,0,32,58.76995670229105,2.133192001565476,583.362653000222,57.0
1780052394,20,,Aggregated,5.900000,0.000000,1200,1700,2000,2100,2300,2600,2600,2600,2600,2600,2600,1644,0,1300,1335.0146544866209,2.133192001565476,5080.5321960015135,2712.67700729927
1780052395,20,POST,/api/book,4.700000,0.000000,1500,2000,2100,2100,2500,2600,2600,2600,2600,2600,2600,1261,0,1600,1722.107785049958,98.58627100038575,5080.5321960015135,3382.2323552735925
1780052395,20,GET,/api/concerts,1.000000,0.000000,43,47,69,87,190,190,190,190,190,190,190,253,0,39,64.79542629648112,2.349326001422014,891.7375210003229,753.0
1780052395,20,GET,/health,0.500000,0.000000,16,16,40,40,120,120,120,120,120,120,120,131,0,32,58.76995670229105,2.133192001565476,583.362653000222,57.0
1780052395,20,,Aggregated,6.200000,0.000000,1100,1600,2000,2100,2200,2600,2600,2600,2600,2600,2600,1645,0,1300,1334.7538140601855,2.133192001565476,5080.5321960015135,2713.0522796352584
1780052396,20,POST,/api/book,4.900000,0.000000,1400,1900,2000,2000,2100,2200,2300,2300,2300,2300,2300,1266,0,1700,1723.5979782559227,98.58627100038575,5080.5321960015135,3382.2535545023698
1780052396,20,GET,/api/concerts,0.900000,0.000000,43,47,69,87,190,190,190,190,190,190,190,253,0,39,64.79542629648112,2.349326001422014,891.7375210003229,753.0
1780052396,20,GET,/health,0.600000,0.000000,16,40,120,120,130,130,130,130,130,130,130,132,0,32,59.316498371214095,2.133192001565476,583.362653000222,57.0
1780052396,20,,Aggregated,6.400000,0.000000,1100,1500,1900,2000,2100,2200,2200,2300,2300,2300,2300,1651,0,1300,1336.3404367716576,2.133192001565476,5080.5321960015135,2713.486371895821
1780052397,20,POST,/api/book,4.900000,0.000000,1400,2000,2000,2000,2200,2300,3200,3200,3200,3200,3200,1269,0,1700,1725.6863567273422,98.58627100038575,5080.5321960015135,3382.2237982663514
1780052397,20,GET,/api/concerts,0.900000,0.000000,43,47,69,87,190,190,190,190,190,190,190,254,0,39,64.65314973232262,2.349326001422014,891.7375210003229,753.0
1780052397,20,GET,/health,0.600000,0.000000,16,40,40,130,130,130,130,130,130,130,130,132,0,32,59.316498371214095,2.133192001565476,583.362653000222,57.0
1780052397,20,,Aggregated,6.400000,0.000000,1100,1500,2000,2000,2100,2300,2600,3200,3200,3200,3200,1655,0,1300,1337.8535737184327,2.133192001565476,5080.5321960015135,2713.4912386706947
1780052398,20,POST,/api/book,4.800000,0.000000,1600,2000,2100,2200,3100,3400,3500,3500,3500,3500,3500,1276,0,1700,1730.7236724764862,98.58627100038575,5080.5321960015135,3382.17868338558
1780052398,20,GET,/api/concerts,0.900000,0.000000,47,69,72,87,190,190,190,190,190,190,190,255,0,39,64.68198631376379,2.349326001422014,891.7375210003229,753.0
1780052398,20,GET,/health,0.600000,0.000000,16,40,40,130,130,130,130,130,130,130,130,132,0,32,59.316498371214095,2.133192001565476,583.362653000222,57.0
1780052398,20,,Aggregated,6.300000,0.000000,1200,1900,2000,2100,2600,3400,3400,3500,3500,3500,3500,1663,0,1300,1342.5899521196663,2.133192001565476,5080.5321960015135,2715.092603728202
1780052399,20,POST,/api/book,4.400000,0.000000,1900,2000,2200,2600,3200,3400,3500,3500,3500,3500,3500,1286,0,1700,1729.863263919906,98.58627100038575,5080.5321960015135,3382.170295489891
1780052399,20,GET,/api/concerts,0.900000,0.000000,47,69,72,87,190,190,190,190,190,190,190,256,0,39,64.51871217972638,2.349326001422014,891.7375210003229,753.0
1780052399,20,GET,/health,0.500000,0.000000,40,40,130,130,270,270,270,270,270,270,270,133,0,32,60.89926348119791,2.133192001565476,583.362653000222,57.0
1780052399,20,,Aggregated,5.800000,0.000000,1200,2000,2100,2200,3100,3300,3400,3500,3500,3500,3500,1675,0,1300,1342.8182386638853,2.133192001565476,5080.5321960015135,2716.310447761194
1780052400,20,POST,/api/book,4.400000,0.000000,1900,2000,2200,2600,3200,3400,3500,3500,3500,3500,3500,1287,0,1700,1728.9217827435898,98.58627100038575,5080.5321960015135,3382.1383061383062
1780052400,20,GET,/api/concerts,1.000000,0.000000,43,69,72,87,190,190,190,190,190,190,190,257,0,39,64.33897763039256,2.349326001422014,891.7375210003229,753.0
1780052400,20,GET,/health,0.500000,0.000000,40,48,130,130,270,270,270,270,270,270,270,135,0,34,60.634784666668835,2.133192001565476,583.362653000222,57.0
1780052400,20,,Aggregated,5.900000,0.000000,1200,2000,2100,2200,3100,3300,3400,3500,3500,3500,3500,1679,0,1300,1339.9899628183507,2.133192001565476,5080.5321960015135,2712.345443716498
1780052401,20,POST,/api/book,4.400000,0.000000,1900,2000,2300,2700,3200,3400,3500,3500,3500,3500,3500,1287,0,1700,1728.9217827435898,98.58627100038575,5080.5321960015135,3382.1383061383062
1780052401,20,GET,/api/concerts,0.900000,0.000000,29,72,87,87,320,320,320,320,320,320,320,259,0,39,65.09741138614251,2.349326001422014,891.7375210003229,753.0
1780052401,20,GET,/health,0.500000,0.000000,48,56,130,130,270,270,270,270,270,270,270,136,0,34,60.603856124998856,2.133192001565476,583.362653000222,57.0
1780052401,20,,Aggregated,5.800000,0.000000,1200,1900,2000,2200,3100,3400,3400,3500,3500,3500,3500,1682,0,1300,1337.8268064048814,2.133192001565476,5080.5321960015135,2708.436979785969
1780052402,20,POST,/api/book,4.900000,0.000000,1500,2100,2700,2900,3300,3400,3500,3500,3500,3500,3500,1287,0,1700,1728.9217827435898,98.58627100038575,5080.5321960015135,3382.1383061383062
1780052402,20,GET,/api/concerts,0.900000,0.000000,23,29,72,72,320,320,320,320,320,320,320,259,0,39,65.09741138614251,2.349326001422014,891.7375210003229,753.0
1780052402,20,GET,/health,0.500000,0.000000,56,130,150,270,660,660,660,660,660,660,660,138,0,36,65.650775108699,2.133192001565476,663.7776110001141,57.0
1780052402,20,,Aggregated,6.300000,0.000000,1000,1500,2100,2300,3100,3400,3400,3500,3500,3500,3500,1684,0,1300,1336.7234981621204,2.133192001565476,5080.5321960015135,2705.2880047505937
1780052403,20,POST,/api/book,4.800000,0.000000,2000,2600,3100,3100,3400,3500,3500,3500,3500,3500,3500,1288,0,1700,1730.320123445652,98.58627100038575,5080.5321960015135,3382.144409937888
1780052403,20,GET,/api/concerts,1.000000,0.000000,29,72,320,320,390,390,390,390,390,390,390,260,0,39,66.33416228081002,2.349326001422014,891.7375210003229,753.0
1780052403,20,GET,/health,0.700000,0.000000,56,130,150,270,660,660,660,660,660,660,660,138,0,36,65.650775108699,2.133192001565476,663.7776110001141,57.0
1780052403,20,,Aggregated,6.500000,0.000000,1000,2000,2300,2900,3300,3400,3500,3500,3500,3500,3500,1686,0,1300,1337.4608589300178,2.133192001565476,5080.5321960015135,2704.5361803084224
1780052404,20,POST,/api/book,4.400000,0.000000,2200,3100,3300,3400,3500,4600,4700,4700,4700,4700,4700,1291,0,1700,1736.431178270333,98.58627100038575,5080.5321960015135,3382.1510457010068
1780052404,20,GET,/api/concerts,0.800000,0.000000,29,72,300,320,390,390,390,390,390,390,390,261,0,39,67.23895194256497,2.349326001422014,891.7375210003229,753.0
1780052404,20,GET,/health,0.700000,0.000000,130,150,270,270,660,660,660,660,660,660,660,138,0,36,65.650775108699,2.133192001565476,663.7776110001141,57.0
1780052404,20,,Aggregated,5.900000,0.000000,1500,2200,2900,3100,3500,3800,4700,4700,4700,4700,4700,1690,0,1300,1342.214097378112,2.133192001565476,5080.5321960015135,2704.589349112426
1780052405,20,POST,/api/book,3.600000,0.000000,2700,3300,3500,3800,4700,5100,5200,5200,5200,5200,5200,1295,0,1700,1746.3059966571434,98.58627100038575,5180.485779001174,3382.169884169884
1780052405,20,GET,/api/concerts,0.700000,0.000000,72,300,320,320,390,390,390,390,390,390,390,261,0,39,67.23895194256497,2.349326001422014,891.7375210003229,753.0
1780052405,20,GET,/health,0.900000,0.000000,130,150,270,270,660,660,660,660,660,660,660,138,0,36,65.650775108699,2.133192001565476,663.7776110001141,57.0
1780052405,20,,Aggregated,5.200000,0.000000,2000,2700,3200,3400,4600,5000,5200,5200,5200,5200,5200,1694,0,1300,1350.6938837621074,2.133192001565476,5180.485779001174,2706.2036599763874
1780052406,20,POST,/api/book,3.100000,0.000000,3100,3500,4600,4700,5100,5400,5900,5900,5900,5900,5900,1307,0,1700,1764.6677527398658,98.58627100038575,5945.152565000171,3382.195103289977
1780052406,20,GET,/api/concerts,0.700000,0.000000,47,72,300,320,390,390,390,390,390,390,390,262,0,39,67.16277481301466,2.349326001422014,891.7375210003229,753.0
1780052406,20,GET,/health,0.700000,0.000000,130,150,270,270,660,660,660,660,660,660,660,139,0,36,65.22098982015136,2.133192001565476,663.7776110001141,57.0
1780052406,20,,Aggregated,4.500000,0.000000,2100,3100,3500,4400,5100,5400,5700,5900,5900,5900,5900,1708,0,1300,1365.973722141109,2.133192001565476,5945.152565000171,2708.277517564403
1780052407,20,POST,/api/book,3.100000,0.000000,3000,3500,4600,4700,5100,5400,5900,5900,5900,5900,5900,1310,0,1700,1761.6254885328265,98.58627100038575,5945.152565000171,3382.179389312977
1780052407,20,GET,/api/concerts,0.800000,0.000000,47,72,300,320,390,390,390,390,390,390,390,264,0,39,66.70479556064355,2.349326001422014,891.7375210003229,753.0
1780052407,20,GET,/health,0.700000,0.000000,56,150,270,270,660,660,660,660,660,660,660,139,0,36,65.22098982015136,2.133192001565476,663.7776110001141,57.0
1780052407,20,,Aggregated,4.600000,0.000000,1500,3100,3500,4400,5100,5400,5700,5900,5900,5900,5900,1713,0,1300,1362.7584200764813,2.133192001565476,5945.152565000171,2707.1628721541156
1780052408,20,POST,/api/book,3.400000,0.000000,2700,3800,4700,5000,5200,5700,5900,5900,5900,5900,5900,1314,0,1700,1759.0571231210063,98.58627100038575,5945.152565000171,3382.2062404870626
1780052408,20,GET,/api/concerts,0.800000,0.000000,23,47,300,300,320,390,390,390,390,390,390,266,0,39,66.36850734590088,2.349326001422014,891.7375210003229,753.0
1780052408,20,GET,/health,0.700000,0.000000,56,150,270,270,660,660,660,660,660,660,660,140,0,34,64.97260135000553,2.133192001565476,663.7776110001141,57.0
1780052408,20,,Aggregated,4.900000,0.000000,910,2700,3300,4400,5100,5400,5700,5900,5900,5900,5900,1720,0,1300,1359.3902598395416,2.133192001565476,5945.152565000171,2704.9401162790696
1780052409,20,POST,/api/book,4.100000,0.000000,2700,4600,5000,5000,5200,5700,5900,5900,5900,5900,5900,1317,0,1700,1757.5215290493559,98.58627100038575,5945.152565000171,3382.173880030372
1780052409,20,GET,/api/concerts,0.900000,0.000000,41,47,300,320,390,390,390,390,390,390,390,266,0,39,66.36850734590088,2.349326001422014,891.7375210003229,753.0
1780052409,20,GET,/health,0.700000,0.000000,48,56,150,150,660,660,660,660,660,660,660,140,0,34,64.97260135000553,2.133192001565476,663.7776110001141,57.0
1780052409,20,,Aggregated,5.700000,0.000000,910,2700,4400,4700,5100,5400,5900,5900,5900,5900,5900,1723,0,1300,1358.9123858972785,2.133192001565476,5945.152565000171,2706.094602437609
1780052410,20,POST,/api/book,4.100000,0.000000,2000,3800,4700,5000,5200,5700,5900,5900,5900,5900,5900,1323,0,1700,1756.5493845578226,98.58627100038575,5945.152565000171,3382.19425547997
1780052410,20,GET,/api/concerts,1.000000,0.000000,41,59,300,300,320,390,390,390,390,390,390,269,0,39,66.0051897175165,2.349326001422014,891.7375210003229,753.0
1780052410,20,GET,/health,0.700000,0.000000,56,56,150,150,660,660,660,660,660,660,660,141,0,34,64.61547156737032,2.133192001565476,663.7776110001141,57.0
1780052410,20,,Aggregated,5.800000,0.000000,1200,2000,3500,4600,5100,5400,5700,5900,5900,5900,5900,1733,0,1300,1356.4806770311652,2.133192001565476,5945.152565000171,2703.5412579342183
1780052412,20,POST,/api/book,3.900000,0.000000,2100,3000,4600,4700,5100,5400,5900,5900,5900,5900,5900,1329,0,1700,1755.66495786155,98.58627100038575,5945.152565000171,3382.3039879608727
1780052412,20,GET,/api/concerts,1.100000,0.000000,41,59,65,65,300,390,390,390,390,390,390,270,0,39,66.00270648523292,2.349326001422014,891.7375210003229,753.0
1780052412,20,GET,/health,0.800000,0.000000,30,150,150,660,660,660,660,660,660,660,660,141,0,34,64.61547156737032,2.133192001565476,663.7776110001141,57.0
1780052412,20,,Aggregated,5.800000,0.000000,1300,2100,3500,4400,5100,5400,5700,5900,5900,5900,5900,1740,0,1300,1356.4426673793164,2.133192001565476,5945.152565000171,2704.844252873563
1780052413,20,POST,/api/book,3.100000,0.000000,1900,2700,4600,4700,5100,5400,5900,5900,5900,5900,5900,1331,0,1700,1754.5448658369662,98.58627100038575,5945.152565000171,3382.292261457551
1780052413,20,GET,/api/concerts,1.000000,0.000000,41,47,59,60,65,300,300,300,300,300,300,273,0,39,65.67846409162375,2.349326001422014,891.7375210003229,753.0
1780052413,20,GET,/health,0.700000,0.000000,30,150,150,660,660,660,660,660,660,660,660,141,0,34,64.61547156737032,2.133192001565476,663.7776110001141,57.0
1780052413,20,,Aggregated,4.800000,0.000000,1300,2000,2700,4400,5100,5400,5700,5900,5900,5900,5900,1745,0,1300,1353.7766295799506,2.133192001565476,5945.152565000171,2702.2561604584525
1780052414,20,POST,/api/book,3.600000,0.000000,1700,2200,3000,4700,5100,5400,5900,5900,5900,5900,5900,1334,0,1700,1753.300574209146,98.58627100038575,5945.152565000171,3382.276611694153
1780052414,20,GET,/api/concerts,1.100000,0.000000,41,47,59,60,65,300,300,300,300,300,300,274,0,39,65.49432089420812,2.349326001422014,891.7375210003229,753.0
1780052414,20,GET,/health,0.600000,0.000000,30,52,52,73,73,73,73,73,73,73,73,143,0,36,64.58171565034057,2.133192001565476,663.7776110001141,57.0
1780052414,20,,Aggregated,5.300000,0.000000,1100,1700,2100,2700,5000,5200,5700,5900,5900,5900,5900,1751,0,1300,1351.275611226734,2.133192001565476,5945.152565000171,2699.2747001713306
1780052415,20,POST,/api/book,4.200000,0.000000,1400,1800,2100,2200,5000,5400,5900,5900,5900,5900,5900,1344,0,1700,1750.5319467566976,98.58627100038575,5945.152565000171,3382.2909226190477
1780052415,20,GET,/api/concerts,1.100000,0.000000,17,46,50,59,65,120,120,120,120,120,120,280,0,38,64.80886921433141,2.3403480008710176,891.7375210003229,753.0
1780052415,20,GET,/health,0.500000,0.000000,30,52,52,73,73,73,73,73,73,73,73,143,0,36,64.58171565034057,2.133192001565476,663.7776110001141,57.0
1780052415,20,,Aggregated,5.800000,0.000000,920,1400,1700,1900,2700,5100,5700,5900,5900,5900,5900,1767,0,1300,1346.9703481375275,2.133192001565476,5945.152565000171,2696.5421618562536
1780052416,20,POST,/api/book,4.400000,0.000000,1300,1400,1700,1700,1900,2100,2200,2200,2200,2200,2200,1345,0,1700,1749.3066266379187,98.58627100038575,5945.152565000171,3382.3048327137544
1780052416,20,GET,/api/concerts,1.400000,0.000000,15,41,50,59,65,120,120,120,120,120,120,282,0,38,64.3685376383454,2.3403480008710176,891.7375210003229,753.0
1780052416,20,GET,/health,0.300000,0.000000,30,52,52,73,73,73,73,73,73,73,73,143,0,36,64.58171565034057,2.133192001565476,663.7776110001141,57.0
1780052416,20,,Aggregated,6.100000,0.000000,740,1200,1300,1400,1800,1900,2100,2200,2200,2200,2200,1770,0,1300,1344.7483196497237,2.133192001565476,5945.152565000171,2694.74406779661
