[2026-05-29 10:55:15,342] ip-172-31-20-158/INFO/locust.main: Starting Locust 2.44.0
[2026-05-29 10:55:15,342] ip-172-31-20-158/WARNING/locust.main: --run-time, --users or --spawn-rate have no impact on LoadShapes unless the shape class explicitly reads them. See: docs.locust.io/en/stable/custom-load-shape.html#use-common-options
[2026-05-29 10:55:15,343] ip-172-31-20-158/WARNING/locust.main: The following option(s) will be ignored: --run-time
[2026-05-29 10:55:15,343] ip-172-31-20-158/INFO/locust.runners: Shape test starting.
Type     Name                                                                          # reqs      # fails |    Avg     Min     Max    Med |   req/s  failures/s
--------|----------------------------------------------------------------------------|-------|-------------|-------|-------|-------|-------|--------|-----------
--------|----------------------------------------------------------------------------|-------|-------------|-------|-------|-------|-------|--------|-----------
         Aggregated                                                                         0     0(0.00%) |      0       0       0      0 |    0.00        0.00

[2026-05-29 10:55:15,344] ip-172-31-20-158/INFO/locust.runners: Shape worker starting
[2026-05-29 10:55:15,344] ip-172-31-20-158/INFO/locust.runners: Shape test updating to 20 users at 2.00 spawn rate
[2026-05-29 10:55:15,344] ip-172-31-20-158/INFO/locust.runners: Ramping to 20 users at a rate of 2.00 per second
Type     Name                                                                          # reqs      # fails |    Avg     Min     Max    Med |   req/s  failures/s
--------|----------------------------------------------------------------------------|-------|-------------|-------|-------|-------|-------|--------|-----------
POST     /api/book                                                                          3     0(0.00%) |    356     142     472    450 |    0.00        0.00
GET      /api/concerts                                                                      1     0(0.00%) |      4       4       4      4 |    0.00        0.00
--------|----------------------------------------------------------------------------|-------|-------------|-------|-------|-------|-------|--------|-----------
         Aggregated                                                                         4     0(0.00%) |    268       4     472    140 |    0.00        0.00

Type     Name                                                                          # reqs      # fails |    Avg     Min     Max    Med |   req/s  failures/s
--------|----------------------------------------------------------------------------|-------|-------------|-------|-------|-------|-------|--------|-----------
POST     /api/book                                                                         11     0(0.00%) |    443     140     656    460 |    1.50        0.00
GET      /api/concerts                                                                      1     0(0.00%) |      4       4       4      4 |    0.50        0.00
GET      /health                                                                            1     0(0.00%) |      2       2       2      2 |    0.00        0.00
--------|----------------------------------------------------------------------------|-------|-------------|-------|-------|-------|-------|--------|-----------
         Aggregated                                                                        13     0(0.00%) |    375       2     656    460 |    2.00        0.00

Type     Name                                                                          # reqs      # fails |    Avg     Min     Max    Med |   req/s  failures/s
--------|----------------------------------------------------------------------------|-------|-------------|-------|-------|-------|-------|--------|-----------
POST     /api/book                                                                         18     0(0.00%) |    380      98     656    450 |    2.50        0.00
GET      /api/concerts                                                                      3     0(0.00%) |      4       3       4      4 |    0.25        0.00
GET      /health                                                                            1     0(0.00%) |      2       2       2      2 |    0.00        0.00
--------|----------------------------------------------------------------------------|-------|-------------|-------|-------|-------|-------|--------|-----------
         Aggregated                                                                        22     0(0.00%) |    312       2     656    410 |    2.75        0.00

Type     Name                                                                          # reqs      # fails |    Avg     Min     Max    Med |   req/s  failures/s
--------|----------------------------------------------------------------------------|-------|-------------|-------|-------|-------|-------|--------|-----------
POST     /api/book                                                                         23     0(0.00%) |    574      98    1682    460 |    2.67        0.00
GET      /api/concerts                                                                      4     0(0.00%) |      4       3       4      4 |    0.50        0.00
GET      /health                                                                            1     0(0.00%) |      2       2       2      2 |    0.17        0.00
--------|----------------------------------------------------------------------------|-------|-------------|-------|-------|-------|-------|--------|-----------
         Aggregated                                                                        28     0(0.00%) |    472       2    1682    450 |    3.33        0.00

[2026-05-29 10:55:24,356] ip-172-31-20-158/INFO/locust.runners: All users spawned: {"TicketingUser": 20} (20 total users)
Type     Name                                                                          # reqs      # fails |    Avg     Min     Max    Med |   req/s  failures/s
--------|----------------------------------------------------------------------------|-------|-------------|-------|-------|-------|-------|--------|-----------
POST     /api/book                                                                         32     0(0.00%) |   1113      98    2962    560 |    2.50        0.00
GET      /api/concerts                                                                      5     0(0.00%) |     11       3      39      4 |    0.50        0.00
GET      /health                                                                            1     0(0.00%) |      2       2       2      2 |    0.12        0.00
--------|----------------------------------------------------------------------------|-------|-------------|-------|-------|-------|-------|--------|-----------
         Aggregated                                                                        38     0(0.00%) |    938       2    2962    470 |    3.12        0.00

Type     Name                                                                          # reqs      # fails |    Avg     Min     Max    Med |   req/s  failures/s
--------|----------------------------------------------------------------------------|-------|-------------|-------|-------|-------|-------|--------|-----------
POST     /api/book                                                                         43     0(0.00%) |   1377      98    3403   1100 |    2.80        0.00
GET      /api/concerts                                                                      6     0(0.00%) |     15       3      39      4 |    0.50        0.00
GET      /health                                                                            2     0(0.00%) |      6       2      10      3 |    0.10        0.00
--------|----------------------------------------------------------------------------|-------|-------------|-------|-------|-------|-------|--------|-----------
         Aggregated                                                                        51     0(0.00%) |   1163       2    3403    660 |    3.40        0.00

Type     Name                                                                          # reqs      # fails |    Avg     Min     Max    Med |   req/s  failures/s
--------|----------------------------------------------------------------------------|-------|-------------|-------|-------|-------|-------|--------|-----------
POST     /api/book                                                                         52     0(0.00%) |   1325      98    3403   1100 |    3.90        0.00
GET      /api/concerts                                                                      8     0(0.00%) |     12       2      39      4 |    0.40        0.00
GET      /health                                                                            3     0(0.00%) |      5       2      10      3 |    0.20        0.00
--------|----------------------------------------------------------------------------|-------|-------------|-------|-------|-------|-------|--------|-----------
         Aggregated                                                                        63     0(0.00%) |   1096       2    3403    730 |    4.50        0.00

Type     Name                                                                          # reqs      # fails |    Avg     Min     Max    Med |   req/s  failures/s
--------|----------------------------------------------------------------------------|-------|-------------|-------|-------|-------|-------|--------|-----------
POST     /api/book                                                                         59     0(0.00%) |   1402      98    3403   1500 |    4.10        0.00
GET      /api/concerts                                                                      9     0(0.00%) |     15       2      39      5 |    0.70        0.00
GET      /health                                                                            3     0(0.00%) |      5       2      10      3 |    0.20        0.00
--------|----------------------------------------------------------------------------|-------|-------------|-------|-------|-------|-------|--------|-----------
         Aggregated                                                                        71     0(0.00%) |   1167       2    3403    890 |    5.00        0.00

Type     Name                                                                          # reqs      # fails |    Avg     Min     Max    Med |   req/s  failures/s
--------|----------------------------------------------------------------------------|-------|-------------|-------|-------|-------|-------|--------|-----------
POST     /api/book                                                                         67     0(0.00%) |   1493      98    3403   1600 |    4.10        0.00
GET      /api/concerts                                                                      9     0(0.00%) |     15       2      39      5 |    0.60        0.00
GET      /health                                                                            3     0(0.00%) |      5       2      10      3 |    0.20        0.00
--------|----------------------------------------------------------------------------|-------|-------------|-------|-------|-------|-------|--------|-----------
         Aggregated                                                                        79     0(0.00%) |   1268       2    3403   1300 |    4.90        0.00

Type     Name                                                                          # reqs      # fails |    Avg     Min     Max    Med |   req/s  failures/s
--------|----------------------------------------------------------------------------|-------|-------------|-------|-------|-------|-------|--------|-----------
POST     /api/book                                                                         80     0(0.00%) |   1585      98    3941   1700 |    4.40        0.00
GET      /api/concerts                                                                     11     0(0.00%) |     67       2     602      5 |    0.50        0.00
GET      /health                                                                            4     0(0.00%) |      9       2      23      3 |    0.20        0.00
--------|----------------------------------------------------------------------------|-------|-------------|-------|-------|-------|-------|--------|-----------
         Aggregated                                                                        95     0(0.00%) |   1343       2    3941   1300 |    5.10        0.00

Type     Name                                                                          # reqs      # fails |    Avg     Min     Max    Med |   req/s  failures/s
--------|----------------------------------------------------------------------------|-------|-------------|-------|-------|-------|-------|--------|-----------
POST     /api/book                                                                         84     0(0.00%) |   1572      98    3941   1700 |    5.20        0.00
GET      /api/concerts                                                                     13     0(0.00%) |     64       2     602      5 |    0.50        0.00
GET      /health                                                                            6     0(0.00%) |     17       2      40     10 |    0.30        0.00
--------|----------------------------------------------------------------------------|-------|-------------|-------|-------|-------|-------|--------|-----------
         Aggregated                                                                       103     0(0.00%) |   1291       2    3941   1200 |    6.00        0.00

Type     Name                                                                          # reqs      # fails |    Avg     Min     Max    Med |   req/s  failures/s
--------|----------------------------------------------------------------------------|-------|-------------|-------|-------|-------|-------|--------|-----------
POST     /api/book                                                                         97     0(0.00%) |   1673      98    3941   1800 |    4.00        0.00
GET      /api/concerts                                                                     14     0(0.00%) |     65       2     602      5 |    0.70        0.00
GET      /health                                                                            7     0(0.00%) |     46       2     215     24 |    0.40        0.00
--------|----------------------------------------------------------------------------|-------|-------------|-------|-------|-------|-------|--------|-----------
         Aggregated                                                                       118     0(0.00%) |   1385       2    3941   1500 |    5.10        0.00

Type     Name                                                                          # reqs      # fails |    Avg     Min     Max    Med |   req/s  failures/s
--------|----------------------------------------------------------------------------|-------|-------------|-------|-------|-------|-------|--------|-----------
POST     /api/book                                                                        105     0(0.00%) |   1612      98    3941   1700 |    4.30        0.00
GET      /api/concerts                                                                     15     0(0.00%) |     63       2     602     24 |    0.50        0.00
GET      /health                                                                            7     0(0.00%) |     46       2     215     24 |    0.50        0.00
--------|----------------------------------------------------------------------------|-------|-------------|-------|-------|-------|-------|--------|-----------
         Aggregated                                                                       127     0(0.00%) |   1343       2    3941   1300 |    5.30        0.00

Type     Name                                                                          # reqs      # fails |    Avg     Min     Max    Med |   req/s  failures/s
--------|----------------------------------------------------------------------------|-------|-------------|-------|-------|-------|-------|--------|-----------
POST     /api/book                                                                        113     0(0.00%) |   1605      98    3941   1700 |    4.70        0.00
GET      /api/concerts                                                                     19     0(0.00%) |     61       2     602     38 |    0.50        0.00
GET      /health                                                                            7     0(0.00%) |     46       2     215     24 |    0.40        0.00
--------|----------------------------------------------------------------------------|-------|-------------|-------|-------|-------|-------|--------|-----------
         Aggregated                                                                       139     0(0.00%) |   1315       2    3941   1300 |    5.60        0.00

Type     Name                                                                          # reqs      # fails |    Avg     Min     Max    Med |   req/s  failures/s
--------|----------------------------------------------------------------------------|-------|-------------|-------|-------|-------|-------|--------|-----------
POST     /api/book                                                                        121     0(0.00%) |   1627      98    3941   1700 |    4.80        0.00
GET      /api/concerts                                                                     19     0(0.00%) |     61       2     602     38 |    1.00        0.00
GET      /health                                                                            7     0(0.00%) |     46       2     215     24 |    0.40        0.00
--------|----------------------------------------------------------------------------|-------|-------------|-------|-------|-------|-------|--------|-----------
         Aggregated                                                                       147     0(0.00%) |   1350       2    3941   1400 |    6.20        0.00

Type     Name                                                                          # reqs      # fails |    Avg     Min     Max    Med |   req/s  failures/s
--------|----------------------------------------------------------------------------|-------|-------------|-------|-------|-------|-------|--------|-----------
POST     /api/book                                                                        136     0(0.00%) |   1684      98    3941   1700 |    4.00        0.00
GET      /api/concerts                                                                     21     0(0.00%) |     62       2     602     38 |    0.90        0.00
GET      /health                                                                            7     0(0.00%) |     46       2     215     24 |    0.30        0.00
--------|----------------------------------------------------------------------------|-------|-------------|-------|-------|-------|-------|--------|-----------
         Aggregated                                                                       164     0(0.00%) |   1406       2    3941   1500 |    5.20        0.00

Type     Name                                                                          # reqs      # fails |    Avg     Min     Max    Med |   req/s  failures/s
--------|----------------------------------------------------------------------------|-------|-------------|-------|-------|-------|-------|--------|-----------
POST     /api/book                                                                        142     0(0.00%) |   1651      98    3941   1700 |    4.80        0.00
GET      /api/concerts                                                                     24     0(0.00%) |     60       2     602     38 |    0.80        0.00
GET      /health                                                                            7     0(0.00%) |     46       2     215     24 |    0.10        0.00
--------|----------------------------------------------------------------------------|-------|-------------|-------|-------|-------|-------|--------|-----------
         Aggregated                                                                       173     0(0.00%) |   1365       2    3941   1400 |    5.70        0.00

Type     Name                                                                          # reqs      # fails |    Avg     Min     Max    Med |   req/s  failures/s
--------|----------------------------------------------------------------------------|-------|-------------|-------|-------|-------|-------|--------|-----------
POST     /api/book                                                                        154     0(0.00%) |   1616      98    3941   1600 |    4.70        0.00
GET      /api/concerts                                                                     25     0(0.00%) |     58       2     602     38 |    0.90        0.00
GET      /health                                                                            9     0(0.00%) |     50       2     215     24 |    0.00        0.00
--------|----------------------------------------------------------------------------|-------|-------------|-------|-------|-------|-------|--------|-----------
         Aggregated                                                                       188     0(0.00%) |   1334       2    3941   1300 |    5.60        0.00

Type     Name                                                                          # reqs      # fails |    Avg     Min     Max    Med |   req/s  failures/s
--------|----------------------------------------------------------------------------|-------|-------------|-------|-------|-------|-------|--------|-----------
POST     /api/book                                                                        161     0(0.00%) |   1597      98    3941   1500 |    4.70        0.00
GET      /api/concerts                                                                     28     0(0.00%) |     58       2     602     38 |    1.10        0.00
GET      /health                                                                           10     0(0.00%) |     50       2     215     24 |    0.20        0.00
--------|----------------------------------------------------------------------------|-------|-------------|-------|-------|-------|-------|--------|-----------
         Aggregated                                                                       199     0(0.00%) |   1303       2    3941   1300 |    6.00        0.00

Type     Name                                                                          # reqs      # fails |    Avg     Min     Max    Med |   req/s  failures/s
--------|----------------------------------------------------------------------------|-------|-------------|-------|-------|-------|-------|--------|-----------
POST     /api/book                                                                        166     0(0.00%) |   1615      98    3941   1600 |    4.70        0.00
GET      /api/concerts                                                                     28     0(0.00%) |     58       2     602     38 |    0.90        0.00
GET      /health                                                                           11     0(0.00%) |     52       2     215     28 |    0.30        0.00
--------|----------------------------------------------------------------------------|-------|-------------|-------|-------|-------|-------|--------|-----------
         Aggregated                                                                       205     0(0.00%) |   1319       2    3941   1300 |    5.90        0.00

Type     Name                                                                          # reqs      # fails |    Avg     Min     Max    Med |   req/s  failures/s
--------|----------------------------------------------------------------------------|-------|-------------|-------|-------|-------|-------|--------|-----------
POST     /api/book                                                                        179     0(0.00%) |   1682      98    3941   1700 |    4.50        0.00
GET      /api/concerts                                                                     28     0(0.00%) |     58       2     602     38 |    0.90        0.00
GET      /health                                                                           11     0(0.00%) |     52       2     215     28 |    0.30        0.00
--------|----------------------------------------------------------------------------|-------|-------------|-------|-------|-------|-------|--------|-----------
         Aggregated                                                                       218     0(0.00%) |   1391       2    3941   1400 |    5.70        0.00

Type     Name                                                                          # reqs      # fails |    Avg     Min     Max    Med |   req/s  failures/s
--------|----------------------------------------------------------------------------|-------|-------------|-------|-------|-------|-------|--------|-----------
POST     /api/book                                                                        192     0(0.00%) |   1666      98    3941   1600 |    4.60        0.00
GET      /api/concerts                                                                     30     0(0.00%) |     57       2     602     38 |    0.80        0.00
GET      /health                                                                           11     0(0.00%) |     52       2     215     28 |    0.40        0.00
--------|----------------------------------------------------------------------------|-------|-------------|-------|-------|-------|-------|--------|-----------
         Aggregated                                                                       233     0(0.00%) |   1383       2    3941   1400 |    5.80        0.00

Type     Name                                                                          # reqs      # fails |    Avg     Min     Max    Med |   req/s  failures/s
--------|----------------------------------------------------------------------------|-------|-------------|-------|-------|-------|-------|--------|-----------
POST     /api/book                                                                        196     0(0.00%) |   1652      98    3941   1600 |    4.90        0.00
GET      /api/concerts                                                                     32     0(0.00%) |     55       2     602     37 |    0.80        0.00
GET      /health                                                                           13     0(0.00%) |     47       2     215     24 |    0.40        0.00
--------|----------------------------------------------------------------------------|-------|-------------|-------|-------|-------|-------|--------|-----------
         Aggregated                                                                       241     0(0.00%) |   1353       2    3941   1300 |    6.10        0.00

Type     Name                                                                          # reqs      # fails |    Avg     Min     Max    Med |   req/s  failures/s
--------|----------------------------------------------------------------------------|-------|-------------|-------|-------|-------|-------|--------|-----------
POST     /api/book                                                                        198     0(0.00%) |   1661      98    3941   1600 |    4.50        0.00
GET      /api/concerts                                                                     35     0(0.00%) |     78       2     602     40 |    0.70        0.00
GET      /health                                                                           13     0(0.00%) |     47       2     215     24 |    0.40        0.00
--------|----------------------------------------------------------------------------|-------|-------------|-------|-------|-------|-------|--------|-----------
         Aggregated                                                                       246     0(0.00%) |   1350       2    3941   1300 |    5.60        0.00

Type     Name                                                                          # reqs      # fails |    Avg     Min     Max    Med |   req/s  failures/s
--------|----------------------------------------------------------------------------|-------|-------------|-------|-------|-------|-------|--------|-----------
POST     /api/book                                                                        205     0(0.00%) |   1746      98    4874   1700 |    3.80        0.00
GET      /api/concerts                                                                     35     0(0.00%) |     78       2     602     40 |    0.70        0.00
GET      /health                                                                           13     0(0.00%) |     47       2     215     24 |    0.30        0.00
--------|----------------------------------------------------------------------------|-------|-------------|-------|-------|-------|-------|--------|-----------
         Aggregated                                                                       253     0(0.00%) |   1428       2    4874   1300 |    4.80        0.00

Type     Name                                                                          # reqs      # fails |    Avg     Min     Max    Med |   req/s  failures/s
--------|----------------------------------------------------------------------------|-------|-------------|-------|-------|-------|-------|--------|-----------
POST     /api/book                                                                        221     0(0.00%) |   1850      98    5080   1700 |    3.80        0.00
GET      /api/concerts                                                                     36     0(0.00%) |     76       2     602     38 |    0.70        0.00
GET      /health                                                                           13     0(0.00%) |     47       2     215     24 |    0.30        0.00
--------|----------------------------------------------------------------------------|-------|-------------|-------|-------|-------|-------|--------|-----------
         Aggregated                                                                       270     0(0.00%) |   1526       2    5080   1400 |    4.80        0.00

Type     Name                                                                          # reqs      # fails |    Avg     Min     Max    Med |   req/s  failures/s
--------|----------------------------------------------------------------------------|-------|-------------|-------|-------|-------|-------|--------|-----------
POST     /api/book                                                                        229     0(0.00%) |   1820      98    5080   1700 |    4.30        0.00
GET      /api/concerts                                                                     39     0(0.00%) |     73       2     602     38 |    0.70        0.00
GET      /health                                                                           15     0(0.00%) |     45       2     215     24 |    0.20        0.00
--------|----------------------------------------------------------------------------|-------|-------------|-------|-------|-------|-------|--------|-----------
         Aggregated                                                                       283     0(0.00%) |   1485       2    5080   1300 |    5.20        0.00

Type     Name                                                                          # reqs      # fails |    Avg     Min     Max    Med |   req/s  failures/s
--------|----------------------------------------------------------------------------|-------|-------------|-------|-------|-------|-------|--------|-----------
POST     /api/book                                                                        239     0(0.00%) |   1805      98    5080   1700 |    3.90        0.00
GET      /api/concerts                                                                     40     0(0.00%) |     72       2     602     37 |    0.90        0.00
GET      /health                                                                           15     0(0.00%) |     45       2     215     24 |    0.20        0.00
--------|----------------------------------------------------------------------------|-------|-------------|-------|-------|-------|-------|--------|-----------
         Aggregated                                                                       294     0(0.00%) |   1480       2    5080   1400 |    5.00        0.00

Type     Name                                                                          # reqs      # fails |    Avg     Min     Max    Med |   req/s  failures/s
--------|----------------------------------------------------------------------------|-------|-------------|-------|-------|-------|-------|--------|-----------
POST     /api/book                                                                        250     0(0.00%) |   1784      98    5080   1600 |    4.30        0.00
GET      /api/concerts                                                                     42     0(0.00%) |     71       2     602     37 |    0.80        0.00
GET      /health                                                                           17     0(0.00%) |     51       2     215     28 |    0.20        0.00
--------|----------------------------------------------------------------------------|-------|-------------|-------|-------|-------|-------|--------|-----------
         Aggregated                                                                       309     0(0.00%) |   1456       2    5080   1300 |    5.30        0.00

Type     Name                                                                          # reqs      # fails |    Avg     Min     Max    Med |   req/s  failures/s
--------|----------------------------------------------------------------------------|-------|-------------|-------|-------|-------|-------|--------|-----------
POST     /api/book                                                                        258     0(0.00%) |   1774      98    5080   1600 |    5.00        0.00
GET      /api/concerts                                                                     43     0(0.00%) |     70       2     602     37 |    0.70        0.00
GET      /health                                                                           18     0(0.00%) |     50       2     215     28 |    0.40        0.00
--------|----------------------------------------------------------------------------|-------|-------------|-------|-------|-------|-------|--------|-----------
         Aggregated                                                                       319     0(0.00%) |   1447       2    5080   1300 |    6.10        0.00

Type     Name                                                                          # reqs      # fails |    Avg     Min     Max    Med |   req/s  failures/s
--------|----------------------------------------------------------------------------|-------|-------------|-------|-------|-------|-------|--------|-----------
POST     /api/book                                                                        266     0(0.00%) |   1779      98    5080   1600 |    5.20        0.00
GET      /api/concerts                                                                     46     0(0.00%) |     69       2     602     36 |    0.80        0.00
GET      /health                                                                           18     0(0.00%) |     50       2     215     28 |    0.50        0.00
--------|----------------------------------------------------------------------------|-------|-------------|-------|-------|-------|-------|--------|-----------
         Aggregated                                                                       330     0(0.00%) |   1447       2    5080   1400 |    6.50        0.00

Type     Name                                                                          # reqs      # fails |    Avg     Min     Max    Med |   req/s  failures/s
--------|----------------------------------------------------------------------------|-------|-------------|-------|-------|-------|-------|--------|-----------
POST     /api/book                                                                        276     0(0.00%) |   1773      98    5080   1600 |    4.40        0.00
GET      /api/concerts                                                                     48     0(0.00%) |     67       2     602     36 |    1.10        0.00
GET      /health                                                                           18     0(0.00%) |     50       2     215     28 |    0.50        0.00
--------|----------------------------------------------------------------------------|-------|-------------|-------|-------|-------|-------|--------|-----------
         Aggregated                                                                       342     0(0.00%) |   1443       2    5080   1400 |    6.00        0.00

Type     Name                                                                          # reqs      # fails |    Avg     Min     Max    Med |   req/s  failures/s
--------|----------------------------------------------------------------------------|-------|-------------|-------|-------|-------|-------|--------|-----------
POST     /api/book                                                                        287     0(0.00%) |   1749      98    5080   1600 |    4.60        0.00
GET      /api/concerts                                                                     52     0(0.00%) |     63       2     602     35 |    1.00        0.00
GET      /health                                                                           18     0(0.00%) |     50       2     215     28 |    0.40        0.00
--------|----------------------------------------------------------------------------|-------|-------------|-------|-------|-------|-------|--------|-----------
         Aggregated                                                                       357     0(0.00%) |   1418       2    5080   1300 |    6.00        0.00

Type     Name                                                                          # reqs      # fails |    Avg     Min     Max    Med |   req/s  failures/s
--------|----------------------------------------------------------------------------|-------|-------------|-------|-------|-------|-------|--------|-----------
POST     /api/book                                                                        290     0(0.00%) |   1747      98    5080   1600 |    4.70        0.00
GET      /api/concerts                                                                     53     0(0.00%) |     62       2     602     35 |    1.20        0.00
GET      /health                                                                           19     0(0.00%) |     51       2     215     36 |    0.30        0.00
--------|----------------------------------------------------------------------------|-------|-------------|-------|-------|-------|-------|--------|-----------
         Aggregated                                                                       362     0(0.00%) |   1411       2    5080   1300 |    6.20        0.00

Type     Name                                                                          # reqs      # fails |    Avg     Min     Max    Med |   req/s  failures/s
--------|----------------------------------------------------------------------------|-------|-------------|-------|-------|-------|-------|--------|-----------
POST     /api/book                                                                        305     0(0.00%) |   1784      98    5080   1600 |    4.20        0.00
GET      /api/concerts                                                                     56     0(0.00%) |     64       2     602     35 |    1.10        0.00
GET      /health                                                                           19     0(0.00%) |     51       2     215     36 |    0.20        0.00
--------|----------------------------------------------------------------------------|-------|-------------|-------|-------|-------|-------|--------|-----------
         Aggregated                                                                       380     0(0.00%) |   1443       2    5080   1400 |    5.50        0.00

Type     Name                                                                          # reqs      # fails |    Avg     Min     Max    Med |   req/s  failures/s
--------|----------------------------------------------------------------------------|-------|-------------|-------|-------|-------|-------|--------|-----------
POST     /api/book                                                                        312     0(0.00%) |   1755      98    5080   1600 |    5.00        0.00
GET      /api/concerts                                                                     59     0(0.00%) |     62       2     602     35 |    1.10        0.00
GET      /health                                                                           20     0(0.00%) |     50       2     215     36 |    0.10        0.00
--------|----------------------------------------------------------------------------|-------|-------------|-------|-------|-------|-------|--------|-----------
         Aggregated                                                                       391     0(0.00%) |   1413       2    5080   1300 |    6.20        0.00

Type     Name                                                                          # reqs      # fails |    Avg     Min     Max    Med |   req/s  failures/s
--------|----------------------------------------------------------------------------|-------|-------------|-------|-------|-------|-------|--------|-----------
POST     /api/book                                                                        319     0(0.00%) |   1748      98    5080   1600 |    4.90        0.00
GET      /api/concerts                                                                     62     0(0.00%) |     60       2     602     34 |    1.20        0.00
GET      /health                                                                           22     0(0.00%) |     49       2     215     36 |    0.20        0.00
--------|----------------------------------------------------------------------------|-------|-------------|-------|-------|-------|-------|--------|-----------
         Aggregated                                                                       403     0(0.00%) |   1395       2    5080   1300 |    6.30        0.00

Type     Name                                                                          # reqs      # fails |    Avg     Min     Max    Med |   req/s  failures/s
--------|----------------------------------------------------------------------------|-------|-------------|-------|-------|-------|-------|--------|-----------
POST     /api/book                                                                        333     0(0.00%) |   1734      98    5080   1600 |    4.40        0.00
GET      /api/concerts                                                                     62     0(0.00%) |     60       2     602     34 |    1.30        0.00
GET      /health                                                                           23     0(0.00%) |     49       2     215     36 |    0.40        0.00
--------|----------------------------------------------------------------------------|-------|-------------|-------|-------|-------|-------|--------|-----------
         Aggregated                                                                       418     0(0.00%) |   1393       2    5080   1300 |    6.10        0.00

Type     Name                                                                          # reqs      # fails |    Avg     Min     Max    Med |   req/s  failures/s
--------|----------------------------------------------------------------------------|-------|-------------|-------|-------|-------|-------|--------|-----------
POST     /api/book                                                                        338     0(0.00%) |   1732      98    5080   1600 |    4.60        0.00
GET      /api/concerts                                                                     63     0(0.00%) |     59       2     602     34 |    1.00        0.00
GET      /health                                                                           23     0(0.00%) |     49       2     215     36 |    0.50        0.00
--------|----------------------------------------------------------------------------|-------|-------------|-------|-------|-------|-------|--------|-----------
         Aggregated                                                                       424     0(0.00%) |   1392       2    5080   1300 |    6.10        0.00

Type     Name                                                                          # reqs      # fails |    Avg     Min     Max    Med |   req/s  failures/s
--------|----------------------------------------------------------------------------|-------|-------------|-------|-------|-------|-------|--------|-----------
POST     /api/book                                                                        346     0(0.00%) |   1752      98    5080   1600 |    4.70        0.00
GET      /api/concerts                                                                     63     0(0.00%) |     59       2     602     34 |    1.00        0.00
GET      /health                                                                           23     0(0.00%) |     49       2     215     36 |    0.40        0.00
--------|----------------------------------------------------------------------------|-------|-------------|-------|-------|-------|-------|--------|-----------
         Aggregated                                                                       432     0(0.00%) |   1415       2    5080   1300 |    6.10        0.00

Type     Name                                                                          # reqs      # fails |    Avg     Min     Max    Med |   req/s  failures/s
--------|----------------------------------------------------------------------------|-------|-------------|-------|-------|-------|-------|--------|-----------
POST     /api/book                                                                        361     0(0.00%) |   1768      98    5080   1600 |    3.90        0.00
GET      /api/concerts                                                                     63     0(0.00%) |     59       2     602     34 |    0.90        0.00
GET      /health                                                                           24     0(0.00%) |     47       2     215     32 |    0.40        0.00
--------|----------------------------------------------------------------------------|-------|-------------|-------|-------|-------|-------|--------|-----------
         Aggregated                                                                       448     0(0.00%) |   1435       2    5080   1400 |    5.20        0.00

Type     Name                                                                          # reqs      # fails |    Avg     Min     Max    Med |   req/s  failures/s
--------|----------------------------------------------------------------------------|-------|-------------|-------|-------|-------|-------|--------|-----------
POST     /api/book                                                                        366     0(0.00%) |   1764      98    5080   1600 |    4.80        0.00
GET      /api/concerts                                                                     67     0(0.00%) |     57       2     602     27 |    0.50        0.00
GET      /health                                                                           24     0(0.00%) |     47       2     215     32 |    0.40        0.00
--------|----------------------------------------------------------------------------|-------|-------------|-------|-------|-------|-------|--------|-----------
         Aggregated                                                                       457     0(0.00%) |   1424       2    5080   1300 |    5.70        0.00

Type     Name                                                                          # reqs      # fails |    Avg     Min     Max    Med |   req/s  failures/s
--------|----------------------------------------------------------------------------|-------|-------------|-------|-------|-------|-------|--------|-----------
POST     /api/book                                                                        378     0(0.00%) |   1774      98    5080   1600 |    4.80        0.00
GET      /api/concerts                                                                     71     0(0.00%) |     58       2     602     27 |    0.60        0.00
GET      /health                                                                           24     0(0.00%) |     47       2     215     32 |    0.20        0.00
--------|----------------------------------------------------------------------------|-------|-------------|-------|-------|-------|-------|--------|-----------
         Aggregated                                                                       473     0(0.00%) |   1429       2    5080   1400 |    5.60        0.00

Type     Name                                                                          # reqs      # fails |    Avg     Min     Max    Med |   req/s  failures/s
--------|----------------------------------------------------------------------------|-------|-------------|-------|-------|-------|-------|--------|-----------
POST     /api/book                                                                        388     0(0.00%) |   1751      98    5080   1600 |    4.50        0.00
GET      /api/concerts                                                                     73     0(0.00%) |     57       2     602     27 |    0.90        0.00
GET      /health                                                                           26     0(0.00%) |     45       2     215     32 |    0.10        0.00
--------|----------------------------------------------------------------------------|-------|-------------|-------|-------|-------|-------|--------|-----------
         Aggregated                                                                       487     0(0.00%) |   1406       2    5080   1300 |    5.50        0.00

Type     Name                                                                          # reqs      # fails |    Avg     Min     Max    Med |   req/s  failures/s
--------|----------------------------------------------------------------------------|-------|-------------|-------|-------|-------|-------|--------|-----------
POST     /api/book                                                                        397     0(0.00%) |   1747      98    5080   1600 |    5.20        0.00
GET      /api/concerts                                                                     76     0(0.00%) |     55       2     602     26 |    0.80        0.00
GET      /health                                                                           27     0(0.00%) |     44       2     215     32 |    0.30        0.00
--------|----------------------------------------------------------------------------|-------|-------------|-------|-------|-------|-------|--------|-----------
         Aggregated                                                                       500     0(0.00%) |   1398       2    5080   1300 |    6.30        0.00

Type     Name                                                                          # reqs      # fails |    Avg     Min     Max    Med |   req/s  failures/s
--------|----------------------------------------------------------------------------|-------|-------------|-------|-------|-------|-------|--------|-----------
POST     /api/book                                                                        406     0(0.00%) |   1753      98    5080   1600 |    5.00        0.00
GET      /api/concerts                                                                     78     0(0.00%) |     55       2     602     26 |    1.30        0.00
GET      /health                                                                           28     0(0.00%) |     43       2     215     28 |    0.40        0.00
--------|----------------------------------------------------------------------------|-------|-------------|-------|-------|-------|-------|--------|-----------
         Aggregated                                                                       512     0(0.00%) |   1401       2    5080   1300 |    6.70        0.00

Type     Name                                                                          # reqs      # fails |    Avg     Min     Max    Med |   req/s  failures/s
--------|----------------------------------------------------------------------------|-------|-------------|-------|-------|-------|-------|--------|-----------
POST     /api/book                                                                        415     0(0.00%) |   1755      98    5080   1600 |    4.10        0.00
GET      /api/concerts                                                                     79     0(0.00%) |     54       2     602     26 |    1.40        0.00
GET      /health                                                                           29     0(0.00%) |     45       2     215     32 |    0.40        0.00
--------|----------------------------------------------------------------------------|-------|-------------|-------|-------|-------|-------|--------|-----------
         Aggregated                                                                       523     0(0.00%) |   1404       2    5080   1300 |    5.90        0.00

Type     Name                                                                          # reqs      # fails |    Avg     Min     Max    Med |   req/s  failures/s
--------|----------------------------------------------------------------------------|-------|-------------|-------|-------|-------|-------|--------|-----------
POST     /api/book                                                                        424     0(0.00%) |   1760      98    5080   1600 |    4.80        0.00
GET      /api/concerts                                                                     80     0(0.00%) |     54       2     602     26 |    1.20        0.00
GET      /health                                                                           30     0(0.00%) |     44       2     215     32 |    0.40        0.00
--------|----------------------------------------------------------------------------|-------|-------------|-------|-------|-------|-------|--------|-----------
         Aggregated                                                                       534     0(0.00%) |   1408       2    5080   1400 |    6.40        0.00

Type     Name                                                                          # reqs      # fails |    Avg     Min     Max    Med |   req/s  failures/s
--------|----------------------------------------------------------------------------|-------|-------------|-------|-------|-------|-------|--------|-----------
POST     /api/book                                                                        433     0(0.00%) |   1767      98    5080   1700 |    4.30        0.00
GET      /api/concerts                                                                     81     0(0.00%) |     55       2     602     26 |    0.90        0.00
GET      /health                                                                           33     0(0.00%) |     56       2     476     32 |    0.60        0.00
--------|----------------------------------------------------------------------------|-------|-------------|-------|-------|-------|-------|--------|-----------
         Aggregated                                                                       547     0(0.00%) |   1410       2    5080   1400 |    5.80        0.00

Type     Name                                                                          # reqs      # fails |    Avg     Min     Max    Med |   req/s  failures/s
--------|----------------------------------------------------------------------------|-------|-------------|-------|-------|-------|-------|--------|-----------
POST     /api/book                                                                        446     0(0.00%) |   1745      98    5080   1600 |    4.20        0.00
GET      /api/concerts                                                                     83     0(0.00%) |     54       2     602     26 |    1.00        0.00
GET      /health                                                                           33     0(0.00%) |     56       2     476     32 |    0.40        0.00
--------|----------------------------------------------------------------------------|-------|-------------|-------|-------|-------|-------|--------|-----------
         Aggregated                                                                       562     0(0.00%) |   1396       2    5080   1400 |    5.60        0.00

Type     Name                                                                          # reqs      # fails |    Avg     Min     Max    Med |   req/s  failures/s
--------|----------------------------------------------------------------------------|-------|-------------|-------|-------|-------|-------|--------|-----------
POST     /api/book                                                                        450     0(0.00%) |   1741      98    5080   1600 |    5.00        0.00
GET      /api/concerts                                                                     87     0(0.00%) |     53       2     602     26 |    0.60        0.00
GET      /health                                                                           33     0(0.00%) |     56       2     476     32 |    0.60        0.00
--------|----------------------------------------------------------------------------|-------|-------------|-------|-------|-------|-------|--------|-----------
         Aggregated                                                                       570     0(0.00%) |   1385       2    5080   1300 |    6.20        0.00

Type     Name                                                                          # reqs      # fails |    Avg     Min     Max    Med |   req/s  failures/s
--------|----------------------------------------------------------------------------|-------|-------------|-------|-------|-------|-------|--------|-----------
POST     /api/book                                                                        465     0(0.00%) |   1744      98    5080   1700 |    4.80        0.00
GET      /api/concerts                                                                     90     0(0.00%) |     54       2     602     26 |    0.90        0.00
GET      /health                                                                           35     0(0.00%) |     62       2     476     32 |    0.50        0.00
--------|----------------------------------------------------------------------------|-------|-------------|-------|-------|-------|-------|--------|-----------
         Aggregated                                                                       590     0(0.00%) |   1386       2    5080   1300 |    6.20        0.00

Type     Name                                                                          # reqs      # fails |    Avg     Min     Max    Med |   req/s  failures/s
--------|----------------------------------------------------------------------------|-------|-------------|-------|-------|-------|-------|--------|-----------
POST     /api/book                                                                        470     0(0.00%) |   1732      98    5080   1600 |    4.90        0.00
GET      /api/concerts                                                                     92     0(0.00%) |     53       2     602     26 |    1.00        0.00
GET      /health                                                                           37     0(0.00%) |     64       2     476     32 |    0.60        0.00
--------|----------------------------------------------------------------------------|-------|-------------|-------|-------|-------|-------|--------|-----------
         Aggregated                                                                       599     0(0.00%) |   1371       2    5080   1300 |    6.50        0.00

Type     Name                                                                          # reqs      # fails |    Avg     Min     Max    Med |   req/s  failures/s
--------|----------------------------------------------------------------------------|-------|-------------|-------|-------|-------|-------|--------|-----------
POST     /api/book                                                                        475     0(0.00%) |   1741      98    5080   1700 |    5.00        0.00
GET      /api/concerts                                                                     94     0(0.00%) |     54       2     602     26 |    1.10        0.00
GET      /health                                                                           38     0(0.00%) |     66       2     476     32 |    0.70        0.00
--------|----------------------------------------------------------------------------|-------|-------------|-------|-------|-------|-------|--------|-----------
         Aggregated                                                                       607     0(0.00%) |   1375       2    5080   1300 |    6.80        0.00

Type     Name                                                                          # reqs      # fails |    Avg     Min     Max    Med |   req/s  failures/s
--------|----------------------------------------------------------------------------|-------|-------------|-------|-------|-------|-------|--------|-----------
POST     /api/book                                                                        485     0(0.00%) |   1755      98    5080   1700 |    4.20        0.00
GET      /api/concerts                                                                     95     0(0.00%) |     54       2     602     27 |    1.30        0.00
GET      /health                                                                           39     0(0.00%) |     65       2     476     32 |    0.80        0.00
--------|----------------------------------------------------------------------------|-------|-------------|-------|-------|-------|-------|--------|-----------
         Aggregated                                                                       619     0(0.00%) |   1387       2    5080   1300 |    6.30        0.00

Type     Name                                                                          # reqs      # fails |    Avg     Min     Max    Med |   req/s  failures/s
--------|----------------------------------------------------------------------------|-------|-------------|-------|-------|-------|-------|--------|-----------
POST     /api/book                                                                        494     0(0.00%) |   1758      98    5080   1700 |    3.90        0.00
GET      /api/concerts                                                                     96     0(0.00%) |     54       2     602     27 |    1.30        0.00
GET      /health                                                                           40     0(0.00%) |     64       2     476     32 |    0.60        0.00
--------|----------------------------------------------------------------------------|-------|-------------|-------|-------|-------|-------|--------|-----------
         Aggregated                                                                       630     0(0.00%) |   1391       2    5080   1400 |    5.80        0.00

Type     Name                                                                          # reqs      # fails |    Avg     Min     Max    Med |   req/s  failures/s
--------|----------------------------------------------------------------------------|-------|-------------|-------|-------|-------|-------|--------|-----------
POST     /api/book                                                                        504     0(0.00%) |   1769      98    5080   1700 |    4.40        0.00
GET      /api/concerts                                                                     98     0(0.00%) |     58       2     602     32 |    0.90        0.00
GET      /health                                                                           40     0(0.00%) |     64       2     476     32 |    0.70        0.00
--------|----------------------------------------------------------------------------|-------|-------------|-------|-------|-------|-------|--------|-----------
         Aggregated                                                                       642     0(0.00%) |   1402       2    5080   1400 |    6.00        0.00

Type     Name                                                                          # reqs      # fails |    Avg     Min     Max    Med |   req/s  failures/s
--------|----------------------------------------------------------------------------|-------|-------------|-------|-------|-------|-------|--------|-----------
POST     /api/book                                                                        512     0(0.00%) |   1770      98    5080   1700 |    3.70        0.00
GET      /api/concerts                                                                     98     0(0.00%) |     58       2     602     32 |    0.90        0.00
GET      /health                                                                           42     0(0.00%) |     64       2     476     32 |    0.60        0.00
--------|----------------------------------------------------------------------------|-------|-------------|-------|-------|-------|-------|--------|-----------
         Aggregated                                                                       652     0(0.00%) |   1403       2    5080   1400 |    5.20        0.00

Type     Name                                                                          # reqs      # fails |    Avg     Min     Max    Med |   req/s  failures/s
--------|----------------------------------------------------------------------------|-------|-------------|-------|-------|-------|-------|--------|-----------
POST     /api/book                                                                        523     0(0.00%) |   1771      98    5080   1700 |    4.20        0.00
GET      /api/concerts                                                                    100     0(0.00%) |     58       2     602     34 |    0.70        0.00
GET      /health                                                                           42     0(0.00%) |     64       2     476     32 |    0.40        0.00
--------|----------------------------------------------------------------------------|-------|-------------|-------|-------|-------|-------|--------|-----------
         Aggregated                                                                       665     0(0.00%) |   1406       2    5080   1400 |    5.30        0.00

Type     Name                                                                          # reqs      # fails |    Avg     Min     Max    Med |   req/s  failures/s
--------|----------------------------------------------------------------------------|-------|-------------|-------|-------|-------|-------|--------|-----------
POST     /api/book                                                                        532     0(0.00%) |   1765      98    5080   1700 |    4.70        0.00
GET      /api/concerts                                                                    102     0(0.00%) |     58       2     602     34 |    0.60        0.00
GET      /health                                                                           42     0(0.00%) |     64       2     476     32 |    0.40        0.00
--------|----------------------------------------------------------------------------|-------|-------------|-------|-------|-------|-------|--------|-----------
         Aggregated                                                                       676     0(0.00%) |   1402       2    5080   1400 |    5.70        0.00

Type     Name                                                                          # reqs      # fails |    Avg     Min     Max    Med |   req/s  failures/s
--------|----------------------------------------------------------------------------|-------|-------------|-------|-------|-------|-------|--------|-----------
POST     /api/book                                                                        539     0(0.00%) |   1766      98    5080   1700 |    4.80        0.00
GET      /api/concerts                                                                    104     0(0.00%) |     59       2     602     34 |    0.60        0.00
GET      /health                                                                           43     0(0.00%) |     67       2     476     36 |    0.30        0.00
--------|----------------------------------------------------------------------------|-------|-------------|-------|-------|-------|-------|--------|-----------
         Aggregated                                                                       686     0(0.00%) |   1401       2    5080   1400 |    5.70        0.00

Type     Name                                                                          # reqs      # fails |    Avg     Min     Max    Med |   req/s  failures/s
--------|----------------------------------------------------------------------------|-------|-------------|-------|-------|-------|-------|--------|-----------
POST     /api/book                                                                        551     0(0.00%) |   1771      98    5080   1700 |    4.40        0.00
GET      /api/concerts                                                                    105     0(0.00%) |     58       2     602     34 |    0.90        0.00
GET      /health                                                                           43     0(0.00%) |     67       2     476     36 |    0.30        0.00
--------|----------------------------------------------------------------------------|-------|-------------|-------|-------|-------|-------|--------|-----------
         Aggregated                                                                       699     0(0.00%) |   1409       2    5080   1400 |    5.60        0.00

Type     Name                                                                          # reqs      # fails |    Avg     Min     Max    Med |   req/s  failures/s
--------|----------------------------------------------------------------------------|-------|-------------|-------|-------|-------|-------|--------|-----------
POST     /api/book                                                                        562     0(0.00%) |   1780      98    5080   1700 |    4.90        0.00
GET      /api/concerts                                                                    106     0(0.00%) |     58       2     602     34 |    0.70        0.00
GET      /health                                                                           44     0(0.00%) |     66       2     476     32 |    0.30        0.00
--------|----------------------------------------------------------------------------|-------|-------------|-------|-------|-------|-------|--------|-----------
         Aggregated                                                                       712     0(0.00%) |   1418       2    5080   1400 |    5.90        0.00

Type     Name                                                                          # reqs      # fails |    Avg     Min     Max    Med |   req/s  failures/s
--------|----------------------------------------------------------------------------|-------|-------------|-------|-------|-------|-------|--------|-----------
POST     /api/book                                                                        566     0(0.00%) |   1777      98    5080   1700 |    4.00        0.00
GET      /api/concerts                                                                    108     0(0.00%) |     59       2     602     34 |    0.80        0.00
GET      /health                                                                           45     0(0.00%) |     65       2     476     32 |    0.30        0.00
--------|----------------------------------------------------------------------------|-------|-------------|-------|-------|-------|-------|--------|-----------
         Aggregated                                                                       719     0(0.00%) |   1412       2    5080   1400 |    5.10        0.00

Type     Name                                                                          # reqs      # fails |    Avg     Min     Max    Med |   req/s  failures/s
--------|----------------------------------------------------------------------------|-------|-------------|-------|-------|-------|-------|--------|-----------
POST     /api/book                                                                        580     0(0.00%) |   1792      98    5080   1800 |    4.70        0.00
GET      /api/concerts                                                                    108     0(0.00%) |     59       2     602     34 |    0.70        0.00
GET      /health                                                                           45     0(0.00%) |     65       2     476     32 |    0.30        0.00
--------|----------------------------------------------------------------------------|-------|-------------|-------|-------|-------|-------|--------|-----------
         Aggregated                                                                       733     0(0.00%) |   1431       2    5080   1400 |    5.70        0.00

Type     Name                                                                          # reqs      # fails |    Avg     Min     Max    Med |   req/s  failures/s
--------|----------------------------------------------------------------------------|-------|-------------|-------|-------|-------|-------|--------|-----------
POST     /api/book                                                                        590     0(0.00%) |   1779      98    5080   1700 |    4.50        0.00
GET      /api/concerts                                                                    110     0(0.00%) |     58       2     602     34 |    0.70        0.00
GET      /health                                                                           48     0(0.00%) |     61       2     476     26 |    0.30        0.00
--------|----------------------------------------------------------------------------|-------|-------------|-------|-------|-------|-------|--------|-----------
         Aggregated                                                                       748     0(0.00%) |   1416       2    5080   1400 |    5.50        0.00

Type     Name                                                                          # reqs      # fails |    Avg     Min     Max    Med |   req/s  failures/s
--------|----------------------------------------------------------------------------|-------|-------------|-------|-------|-------|-------|--------|-----------
POST     /api/book                                                                        600     0(0.00%) |   1763      98    5080   1700 |    5.10        0.00
GET      /api/concerts                                                                    111     0(0.00%) |     58       2     602     34 |    0.50        0.00
GET      /health                                                                           53     0(0.00%) |     58       2     476     27 |    0.50        0.00
--------|----------------------------------------------------------------------------|-------|-------------|-------|-------|-------|-------|--------|-----------
         Aggregated                                                                       764     0(0.00%) |   1397       2    5080   1400 |    6.10        0.00

Type     Name                                                                          # reqs      # fails |    Avg     Min     Max    Med |   req/s  failures/s
--------|----------------------------------------------------------------------------|-------|-------------|-------|-------|-------|-------|--------|-----------
POST     /api/book                                                                        605     0(0.00%) |   1752      98    5080   1700 |    4.90        0.00
GET      /api/concerts                                                                    115     0(0.00%) |     56       2     602     34 |    0.60        0.00
GET      /health                                                                           53     0(0.00%) |     58       2     476     27 |    0.90        0.00
--------|----------------------------------------------------------------------------|-------|-------------|-------|-------|-------|-------|--------|-----------
         Aggregated                                                                       773     0(0.00%) |   1384       2    5080   1400 |    6.40        0.00

Type     Name                                                                          # reqs      # fails |    Avg     Min     Max    Med |   req/s  failures/s
--------|----------------------------------------------------------------------------|-------|-------------|-------|-------|-------|-------|--------|-----------
POST     /api/book                                                                        613     0(0.00%) |   1747      98    5080   1700 |    5.20        0.00
GET      /api/concerts                                                                    118     0(0.00%) |     56       2     602     34 |    0.90        0.00
GET      /health                                                                           56     0(0.00%) |     56       2     476     27 |    0.90        0.00
--------|----------------------------------------------------------------------------|-------|-------------|-------|-------|-------|-------|--------|-----------
         Aggregated                                                                       787     0(0.00%) |   1373       2    5080   1400 |    7.00        0.00

Type     Name                                                                          # reqs      # fails |    Avg     Min     Max    Med |   req/s  failures/s
--------|----------------------------------------------------------------------------|-------|-------------|-------|-------|-------|-------|--------|-----------
POST     /api/book                                                                        622     0(0.00%) |   1749      98    5080   1700 |    4.70        0.00
GET      /api/concerts                                                                    120     0(0.00%) |     55       2     602     32 |    0.90        0.00
GET      /health                                                                           56     0(0.00%) |     56       2     476     27 |    1.10        0.00
--------|----------------------------------------------------------------------------|-------|-------------|-------|-------|-------|-------|--------|-----------
         Aggregated                                                                       798     0(0.00%) |   1376       2    5080   1400 |    6.70        0.00

Type     Name                                                                          # reqs      # fails |    Avg     Min     Max    Med |   req/s  failures/s
--------|----------------------------------------------------------------------------|-------|-------------|-------|-------|-------|-------|--------|-----------
POST     /api/book                                                                        635     0(0.00%) |   1744      98    5080   1700 |    4.50        0.00
GET      /api/concerts                                                                    120     0(0.00%) |     55       2     602     32 |    1.10        0.00
GET      /health                                                                           58     0(0.00%) |     56       2     476     27 |    1.10        0.00
--------|----------------------------------------------------------------------------|-------|-------------|-------|-------|-------|-------|--------|-----------
         Aggregated                                                                       813     0(0.00%) |   1374       2    5080   1400 |    6.70        0.00

Type     Name                                                                          # reqs      # fails |    Avg     Min     Max    Med |   req/s  failures/s
--------|----------------------------------------------------------------------------|-------|-------------|-------|-------|-------|-------|--------|-----------
POST     /api/book                                                                        643     0(0.00%) |   1740      98    5080   1700 |    4.40        0.00
GET      /api/concerts                                                                    122     0(0.00%) |     55       2     602     32 |    1.10        0.00
GET      /health                                                                           60     0(0.00%) |     59       2     476     28 |    1.00        0.00
--------|----------------------------------------------------------------------------|-------|-------------|-------|-------|-------|-------|--------|-----------
         Aggregated                                                                       825     0(0.00%) |   1368       2    5080   1400 |    6.50        0.00

Type     Name                                                                          # reqs      # fails |    Avg     Min     Max    Med |   req/s  failures/s
--------|----------------------------------------------------------------------------|-------|-------------|-------|-------|-------|-------|--------|-----------
POST     /api/book                                                                        650     0(0.00%) |   1745      98    5080   1700 |    4.30        0.00
GET      /api/concerts                                                                    123     0(0.00%) |     55       2     602     34 |    1.10        0.00
GET      /health                                                                           63     0(0.00%) |     58       2     476     32 |    0.70        0.00
--------|----------------------------------------------------------------------------|-------|-------------|-------|-------|-------|-------|--------|-----------
         Aggregated                                                                       836     0(0.00%) |   1369       2    5080   1400 |    6.10        0.00

Type     Name                                                                          # reqs      # fails |    Avg     Min     Max    Med |   req/s  failures/s
--------|----------------------------------------------------------------------------|-------|-------------|-------|-------|-------|-------|--------|-----------
POST     /api/book                                                                        663     0(0.00%) |   1735      98    5080   1700 |    4.10        0.00
GET      /api/concerts                                                                    126     0(0.00%) |     54       2     602     31 |    0.70        0.00
GET      /health                                                                           63     0(0.00%) |     58       2     476     32 |    1.00        0.00
--------|----------------------------------------------------------------------------|-------|-------------|-------|-------|-------|-------|--------|-----------
         Aggregated                                                                       852     0(0.00%) |   1362       2    5080   1400 |    5.80        0.00

Type     Name                                                                          # reqs      # fails |    Avg     Min     Max    Med |   req/s  failures/s
--------|----------------------------------------------------------------------------|-------|-------------|-------|-------|-------|-------|--------|-----------
POST     /api/book                                                                        670     0(0.00%) |   1728      98    5080   1700 |    4.80        0.00
GET      /api/concerts                                                                    129     0(0.00%) |     53       2     602     31 |    0.90        0.00
GET      /health                                                                           64     0(0.00%) |     58       2     476     32 |    0.70        0.00
--------|----------------------------------------------------------------------------|-------|-------------|-------|-------|-------|-------|--------|-----------
         Aggregated                                                                       863     0(0.00%) |   1354       2    5080   1400 |    6.40        0.00

Type     Name                                                                          # reqs      # fails |    Avg     Min     Max    Med |   req/s  failures/s
--------|----------------------------------------------------------------------------|-------|-------------|-------|-------|-------|-------|--------|-----------
POST     /api/book                                                                        676     0(0.00%) |   1727      98    5080   1700 |    4.60        0.00
GET      /api/concerts                                                                    129     0(0.00%) |     53       2     602     31 |    1.00        0.00
GET      /health                                                                           64     0(0.00%) |     58       2     476     32 |    0.80        0.00
--------|----------------------------------------------------------------------------|-------|-------------|-------|-------|-------|-------|--------|-----------
         Aggregated                                                                       869     0(0.00%) |   1355       2    5080   1400 |    6.40        0.00

Type     Name                                                                          # reqs      # fails |    Avg     Min     Max    Med |   req/s  failures/s
--------|----------------------------------------------------------------------------|-------|-------------|-------|-------|-------|-------|--------|-----------
POST     /api/book                                                                        692     0(0.00%) |   1751      98    5080   1700 |    4.30        0.00
GET      /api/concerts                                                                    132     0(0.00%) |     55       2     602     27 |    0.90        0.00
GET      /health                                                                           64     0(0.00%) |     58       2     476     32 |    0.60        0.00
--------|----------------------------------------------------------------------------|-------|-------------|-------|-------|-------|-------|--------|-----------
         Aggregated                                                                       888     0(0.00%) |   1377       2    5080   1400 |    5.80        0.00

Type     Name                                                                          # reqs      # fails |    Avg     Min     Max    Med |   req/s  failures/s
--------|----------------------------------------------------------------------------|-------|-------------|-------|-------|-------|-------|--------|-----------
POST     /api/book                                                                        699     0(0.00%) |   1739      98    5080   1700 |    3.90        0.00
GET      /api/concerts                                                                    132     0(0.00%) |     55       2     602     27 |    0.90        0.00
GET      /health                                                                           64     0(0.00%) |     58       2     476     32 |    0.50        0.00
--------|----------------------------------------------------------------------------|-------|-------------|-------|-------|-------|-------|--------|-----------
         Aggregated                                                                       895     0(0.00%) |   1370       2    5080   1400 |    5.30        0.00

Type     Name                                                                          # reqs      # fails |    Avg     Min     Max    Med |   req/s  failures/s
--------|----------------------------------------------------------------------------|-------|-------------|-------|-------|-------|-------|--------|-----------
POST     /api/book                                                                        702     0(0.00%) |   1738      98    5080   1700 |    5.20        0.00
GET      /api/concerts                                                                    134     0(0.00%) |     55       2     602     31 |    1.00        0.00
GET      /health                                                                           66     0(0.00%) |     58       2     476     34 |    0.10        0.00
--------|----------------------------------------------------------------------------|-------|-------------|-------|-------|-------|-------|--------|-----------
         Aggregated                                                                       902     0(0.00%) |   1365       2    5080   1400 |    6.30        0.00

Type     Name                                                                          # reqs      # fails |    Avg     Min     Max    Med |   req/s  failures/s
--------|----------------------------------------------------------------------------|-------|-------------|-------|-------|-------|-------|--------|-----------
POST     /api/book                                                                        717     0(0.00%) |   1749      98    5080   1700 |    3.90        0.00
GET      /api/concerts                                                                    136     0(0.00%) |     57       2     602     31 |    0.70        0.00
GET      /health                                                                           68     0(0.00%) |     65       2     583     34 |    0.30        0.00
--------|----------------------------------------------------------------------------|-------|-------------|-------|-------|-------|-------|--------|-----------
         Aggregated                                                                       921     0(0.00%) |   1375       2    5080   1400 |    4.90        0.00

Type     Name                                                                          # reqs      # fails |    Avg     Min     Max    Med |   req/s  failures/s
--------|----------------------------------------------------------------------------|-------|-------------|-------|-------|-------|-------|--------|-----------
POST     /api/book                                                                        718     0(0.00%) |   1747      98    5080   1700 |    3.80        0.00
GET      /api/concerts                                                                    138     0(0.00%) |     57       2     602     32 |    0.60        0.00
GET      /health                                                                           69     0(0.00%) |     64       2     583     34 |    0.20        0.00
--------|----------------------------------------------------------------------------|-------|-------------|-------|-------|-------|-------|--------|-----------
         Aggregated                                                                       925     0(0.00%) |   1370       2    5080   1400 |    4.60        0.00

Type     Name                                                                          # reqs      # fails |    Avg     Min     Max    Med |   req/s  failures/s
--------|----------------------------------------------------------------------------|-------|-------------|-------|-------|-------|-------|--------|-----------
POST     /api/book                                                                        726     0(0.00%) |   1750      98    5080   1700 |    4.30        0.00
GET      /api/concerts                                                                    140     0(0.00%) |     56       2     602     31 |    0.90        0.00
GET      /health                                                                           70     0(0.00%) |     68       2     583     34 |    0.50        0.00
--------|----------------------------------------------------------------------------|-------|-------------|-------|-------|-------|-------|--------|-----------
         Aggregated                                                                       936     0(0.00%) |   1371       2    5080   1400 |    5.70        0.00

Type     Name                                                                          # reqs      # fails |    Avg     Min     Max    Med |   req/s  failures/s
--------|----------------------------------------------------------------------------|-------|-------------|-------|-------|-------|-------|--------|-----------
POST     /api/book                                                                        741     0(0.00%) |   1766      98    5080   1700 |    4.40        0.00
GET      /api/concerts                                                                    142     0(0.00%) |     56       2     602     27 |    0.90        0.00
GET      /health                                                                           73     0(0.00%) |     66       2     583     34 |    0.60        0.00
--------|----------------------------------------------------------------------------|-------|-------------|-------|-------|-------|-------|--------|-----------
         Aggregated                                                                       956     0(0.00%) |   1382       2    5080   1400 |    5.90        0.00

Type     Name                                                                          # reqs      # fails |    Avg     Min     Max    Med |   req/s  failures/s
--------|----------------------------------------------------------------------------|-------|-------------|-------|-------|-------|-------|--------|-----------
POST     /api/book                                                                        742     0(0.00%) |   1764      98    5080   1700 |    4.40        0.00
GET      /api/concerts                                                                    146     0(0.00%) |     60       2     602     32 |    0.80        0.00
GET      /health                                                                           76     0(0.00%) |     64       2     583     28 |    0.80        0.00
--------|----------------------------------------------------------------------------|-------|-------------|-------|-------|-------|-------|--------|-----------
         Aggregated                                                                       964     0(0.00%) |   1372       2    5080   1400 |    6.00        0.00

Type     Name                                                                          # reqs      # fails |    Avg     Min     Max    Med |   req/s  failures/s
--------|----------------------------------------------------------------------------|-------|-------------|-------|-------|-------|-------|--------|-----------
POST     /api/book                                                                        747     0(0.00%) |   1773      98    5080   1700 |    4.20        0.00
GET      /api/concerts                                                                    146     0(0.00%) |     60       2     602     32 |    1.40        0.00
GET      /health                                                                           76     0(0.00%) |     64       2     583     28 |    0.90        0.00
--------|----------------------------------------------------------------------------|-------|-------------|-------|-------|-------|-------|--------|-----------
         Aggregated                                                                       969     0(0.00%) |   1381       2    5080   1400 |    6.50        0.00

Type     Name                                                                          # reqs      # fails |    Avg     Min     Max    Med |   req/s  failures/s
--------|----------------------------------------------------------------------------|-------|-------------|-------|-------|-------|-------|--------|-----------
POST     /api/book                                                                        764     0(0.00%) |   1787      98    5080   1700 |    2.70        0.00
GET      /api/concerts                                                                    147     0(0.00%) |     60       2     602     32 |    1.10        0.00
GET      /health                                                                           76     0(0.00%) |     64       2     583     28 |    0.90        0.00
--------|----------------------------------------------------------------------------|-------|-------------|-------|-------|-------|-------|--------|-----------
         Aggregated                                                                       987     0(0.00%) |   1397       2    5080   1400 |    4.70        0.00

Type     Name                                                                          # reqs      # fails |    Avg     Min     Max    Med |   req/s  failures/s
--------|----------------------------------------------------------------------------|-------|-------------|-------|-------|-------|-------|--------|-----------
POST     /api/book                                                                        772     0(0.00%) |   1776      98    5080   1700 |    4.00        0.00
GET      /api/concerts                                                                    151     0(0.00%) |     59       2     602     31 |    0.80        0.00
GET      /health                                                                           77     0(0.00%) |     64       2     583     32 |    0.70        0.00
--------|----------------------------------------------------------------------------|-------|-------------|-------|-------|-------|-------|--------|-----------
         Aggregated                                                                      1000     0(0.00%) |   1385       2    5080   1400 |    5.50        0.00

Type     Name                                                                          # reqs      # fails |    Avg     Min     Max    Med |   req/s  failures/s
--------|----------------------------------------------------------------------------|-------|-------------|-------|-------|-------|-------|--------|-----------
POST     /api/book                                                                        782     0(0.00%) |   1761      98    5080   1700 |    4.90        0.00
GET      /api/concerts                                                                    155     0(0.00%) |     59       2     602     32 |    1.00        0.00
GET      /health                                                                           80     0(0.00%) |     63       2     583     28 |    0.70        0.00
--------|----------------------------------------------------------------------------|-------|-------------|-------|-------|-------|-------|--------|-----------
         Aggregated                                                                      1017     0(0.00%) |   1368       2    5080   1400 |    6.60        0.00

Type     Name                                                                          # reqs      # fails |    Avg     Min     Max    Med |   req/s  failures/s
--------|----------------------------------------------------------------------------|-------|-------------|-------|-------|-------|-------|--------|-----------
POST     /api/book                                                                        789     0(0.00%) |   1753      98    5080   1700 |    3.80        0.00
GET      /api/concerts                                                                    157     0(0.00%) |     58       2     602     32 |    1.50        0.00
GET      /health                                                                           81     0(0.00%) |     63       2     583     32 |    0.70        0.00
--------|----------------------------------------------------------------------------|-------|-------------|-------|-------|-------|-------|--------|-----------
         Aggregated                                                                      1027     0(0.00%) |   1361       2    5080   1300 |    6.00        0.00

Type     Name                                                                          # reqs      # fails |    Avg     Min     Max    Med |   req/s  failures/s
--------|----------------------------------------------------------------------------|-------|-------------|-------|-------|-------|-------|--------|-----------
POST     /api/book                                                                        799     0(0.00%) |   1750      98    5080   1700 |    4.50        0.00
GET      /api/concerts                                                                    160     0(0.00%) |     59       2     602     32 |    1.10        0.00
GET      /health                                                                           83     0(0.00%) |     62       2     583     28 |    0.60        0.00
--------|----------------------------------------------------------------------------|-------|-------------|-------|-------|-------|-------|--------|-----------
         Aggregated                                                                      1042     0(0.00%) |   1355       2    5080   1300 |    6.20        0.00

Type     Name                                                                          # reqs      # fails |    Avg     Min     Max    Med |   req/s  failures/s
--------|----------------------------------------------------------------------------|-------|-------------|-------|-------|-------|-------|--------|-----------
POST     /api/book                                                                        806     0(0.00%) |   1745      98    5080   1700 |    5.10        0.00
GET      /api/concerts                                                                    163     0(0.00%) |     58       2     602     32 |    1.30        0.00
GET      /health                                                                           83     0(0.00%) |     62       2     583     28 |    0.70        0.00
--------|----------------------------------------------------------------------------|-------|-------------|-------|-------|-------|-------|--------|-----------
         Aggregated                                                                      1052     0(0.00%) |   1351       2    5080   1300 |    7.10        0.00

Type     Name                                                                          # reqs      # fails |    Avg     Min     Max    Med |   req/s  failures/s
--------|----------------------------------------------------------------------------|-------|-------------|-------|-------|-------|-------|--------|-----------
POST     /api/book                                                                        818     0(0.00%) |   1747      98    5080   1700 |    4.60        0.00
GET      /api/concerts                                                                    166     0(0.00%) |     63       2     891     32 |    1.60        0.00
GET      /health                                                                           85     0(0.00%) |     61       2     583     27 |    0.70        0.00
--------|----------------------------------------------------------------------------|-------|-------------|-------|-------|-------|-------|--------|-----------
         Aggregated                                                                      1069     0(0.00%) |   1352       2    5080   1300 |    6.90        0.00

Type     Name                                                                          # reqs      # fails |    Avg     Min     Max    Med |   req/s  failures/s
--------|----------------------------------------------------------------------------|-------|-------------|-------|-------|-------|-------|--------|-----------
POST     /api/book                                                                        826     0(0.00%) |   1738      98    5080   1700 |    4.40        0.00
GET      /api/concerts                                                                    168     0(0.00%) |     63       2     891     32 |    1.60        0.00
GET      /health                                                                           86     0(0.00%) |     61       2     583     27 |    0.70        0.00
--------|----------------------------------------------------------------------------|-------|-------------|-------|-------|-------|-------|--------|-----------
         Aggregated                                                                      1080     0(0.00%) |   1343       2    5080   1300 |    6.70        0.00

Type     Name                                                                          # reqs      # fails |    Avg     Min     Max    Med |   req/s  failures/s
--------|----------------------------------------------------------------------------|-------|-------------|-------|-------|-------|-------|--------|-----------
POST     /api/book                                                                        832     0(0.00%) |   1737      98    5080   1700 |    4.60        0.00
GET      /api/concerts                                                                    171     0(0.00%) |     64       2     891     32 |    1.30        0.00
GET      /health                                                                           86     0(0.00%) |     61       2     583     27 |    0.60        0.00
--------|----------------------------------------------------------------------------|-------|-------------|-------|-------|-------|-------|--------|-----------
         Aggregated                                                                      1089     0(0.00%) |   1342       2    5080   1300 |    6.50        0.00

Type     Name                                                                          # reqs      # fails |    Avg     Min     Max    Med |   req/s  failures/s
--------|----------------------------------------------------------------------------|-------|-------------|-------|-------|-------|-------|--------|-----------
POST     /api/book                                                                        848     0(0.00%) |   1747      98    5080   1700 |    4.30        0.00
GET      /api/concerts                                                                    171     0(0.00%) |     64       2     891     32 |    1.40        0.00
GET      /health                                                                           87     0(0.00%) |     61       2     583     28 |    0.50        0.00
--------|----------------------------------------------------------------------------|-------|-------------|-------|-------|-------|-------|--------|-----------
         Aggregated                                                                      1106     0(0.00%) |   1354       2    5080   1300 |    6.20        0.00

Type     Name                                                                          # reqs      # fails |    Avg     Min     Max    Med |   req/s  failures/s
--------|----------------------------------------------------------------------------|-------|-------------|-------|-------|-------|-------|--------|-----------
POST     /api/book                                                                        854     0(0.00%) |   1739      98    5080   1700 |    4.40        0.00
GET      /api/concerts                                                                    173     0(0.00%) |     64       2     891     32 |    1.20        0.00
GET      /health                                                                           87     0(0.00%) |     61       2     583     28 |    0.40        0.00
--------|----------------------------------------------------------------------------|-------|-------------|-------|-------|-------|-------|--------|-----------
         Aggregated                                                                      1114     0(0.00%) |   1348       2    5080   1300 |    6.00        0.00

Type     Name                                                                          # reqs      # fails |    Avg     Min     Max    Med |   req/s  failures/s
--------|----------------------------------------------------------------------------|-------|-------------|-------|-------|-------|-------|--------|-----------
POST     /api/book                                                                        863     0(0.00%) |   1743      98    5080   1700 |    4.90        0.00
GET      /api/concerts                                                                    175     0(0.00%) |     63       2     891     32 |    1.00        0.00
GET      /health                                                                           88     0(0.00%) |     61       2     583     28 |    0.40        0.00
--------|----------------------------------------------------------------------------|-------|-------------|-------|-------|-------|-------|--------|-----------
         Aggregated                                                                      1126     0(0.00%) |   1351       2    5080   1300 |    6.30        0.00

Type     Name                                                                          # reqs      # fails |    Avg     Min     Max    Med |   req/s  failures/s
--------|----------------------------------------------------------------------------|-------|-------------|-------|-------|-------|-------|--------|-----------
POST     /api/book                                                                        875     0(0.00%) |   1734      98    5080   1700 |    4.30        0.00
GET      /api/concerts                                                                    177     0(0.00%) |     63       2     891     32 |    0.90        0.00
GET      /health                                                                           90     0(0.00%) |     60       2     583     28 |    0.40        0.00
--------|----------------------------------------------------------------------------|-------|-------------|-------|-------|-------|-------|--------|-----------
         Aggregated                                                                      1142     0(0.00%) |   1343       2    5080   1300 |    5.60        0.00

Type     Name                                                                          # reqs      # fails |    Avg     Min     Max    Med |   req/s  failures/s
--------|----------------------------------------------------------------------------|-------|-------------|-------|-------|-------|-------|--------|-----------
POST     /api/book                                                                        880     0(0.00%) |   1733      98    5080   1700 |    4.80        0.00
GET      /api/concerts                                                                    179     0(0.00%) |     62       2     891     31 |    0.80        0.00
GET      /health                                                                           90     0(0.00%) |     60       2     583     28 |    0.40        0.00
--------|----------------------------------------------------------------------------|-------|-------------|-------|-------|-------|-------|--------|-----------
         Aggregated                                                                      1149     0(0.00%) |   1342       2    5080   1300 |    6.00        0.00

Type     Name                                                                          # reqs      # fails |    Avg     Min     Max    Med |   req/s  failures/s
--------|----------------------------------------------------------------------------|-------|-------------|-------|-------|-------|-------|--------|-----------
POST     /api/book                                                                        890     0(0.00%) |   1740      98    5080   1700 |    4.80        0.00
GET      /api/concerts                                                                    179     0(0.00%) |     62       2     891     31 |    0.80        0.00
GET      /health                                                                           90     0(0.00%) |     60       2     583     28 |    0.40        0.00
--------|----------------------------------------------------------------------------|-------|-------------|-------|-------|-------|-------|--------|-----------
         Aggregated                                                                      1159     0(0.00%) |   1351       2    5080   1300 |    6.00        0.00

Type     Name                                                                          # reqs      # fails |    Avg     Min     Max    Med |   req/s  failures/s
--------|----------------------------------------------------------------------------|-------|-------------|-------|-------|-------|-------|--------|-----------
POST     /api/book                                                                        902     0(0.00%) |   1744      98    5080   1700 |    4.80        0.00
GET      /api/concerts                                                                    182     0(0.00%) |     64       2     891     31 |    0.80        0.00
GET      /health                                                                           92     0(0.00%) |     62       2     583     32 |    0.30        0.00
--------|----------------------------------------------------------------------------|-------|-------------|-------|-------|-------|-------|--------|-----------
         Aggregated                                                                      1176     0(0.00%) |   1352       2    5080   1300 |    5.90        0.00

Type     Name                                                                          # reqs      # fails |    Avg     Min     Max    Med |   req/s  failures/s
--------|----------------------------------------------------------------------------|-------|-------------|-------|-------|-------|-------|--------|-----------
POST     /api/book                                                                        908     0(0.00%) |   1737      98    5080   1700 |    4.30        0.00
GET      /api/concerts                                                                    183     0(0.00%) |     64       2     891     32 |    0.70        0.00
GET      /health                                                                           93     0(0.00%) |     62       2     583     32 |    0.40        0.00
--------|----------------------------------------------------------------------------|-------|-------------|-------|-------|-------|-------|--------|-----------
         Aggregated                                                                      1184     0(0.00%) |   1347       2    5080   1300 |    5.40        0.00

Type     Name                                                                          # reqs      # fails |    Avg     Min     Max    Med |   req/s  failures/s
--------|----------------------------------------------------------------------------|-------|-------------|-------|-------|-------|-------|--------|-----------
POST     /api/book                                                                        916     0(0.00%) |   1742      98    5080   1700 |    4.90        0.00
GET      /api/concerts                                                                    183     0(0.00%) |     64       2     891     32 |    0.80        0.00
GET      /health                                                                           95     0(0.00%) |     61       2     583     31 |    0.50        0.00
--------|----------------------------------------------------------------------------|-------|-------------|-------|-------|-------|-------|--------|-----------
         Aggregated                                                                      1194     0(0.00%) |   1351       2    5080   1300 |    6.20        0.00

Type     Name                                                                          # reqs      # fails |    Avg     Min     Max    Med |   req/s  failures/s
--------|----------------------------------------------------------------------------|-------|-------------|-------|-------|-------|-------|--------|-----------
POST     /api/book                                                                        932     0(0.00%) |   1741      98    5080   1700 |    4.10        0.00
GET      /api/concerts                                                                    185     0(0.00%) |     64       2     891     32 |    0.70        0.00
GET      /health                                                                           97     0(0.00%) |     60       2     583     28 |    0.60        0.00
--------|----------------------------------------------------------------------------|-------|-------------|-------|-------|-------|-------|--------|-----------
         Aggregated                                                                      1214     0(0.00%) |   1351       2    5080   1300 |    5.40        0.00

Type     Name                                                                          # reqs      # fails |    Avg     Min     Max    Med |   req/s  failures/s
--------|----------------------------------------------------------------------------|-------|-------------|-------|-------|-------|-------|--------|-----------
POST     /api/book                                                                        939     0(0.00%) |   1736      98    5080   1700 |    5.10        0.00
GET      /api/concerts                                                                    188     0(0.00%) |     63       2     891     32 |    0.50        0.00
GET      /health                                                                           98     0(0.00%) |     60       2     583     28 |    0.60        0.00
--------|----------------------------------------------------------------------------|-------|-------------|-------|-------|-------|-------|--------|-----------
         Aggregated                                                                      1225     0(0.00%) |   1345       2    5080   1300 |    6.20        0.00

Type     Name                                                                          # reqs      # fails |    Avg     Min     Max    Med |   req/s  failures/s
--------|----------------------------------------------------------------------------|-------|-------------|-------|-------|-------|-------|--------|-----------
POST     /api/book                                                                        945     0(0.00%) |   1735      98    5080   1700 |    5.00        0.00
GET      /api/concerts                                                                    189     0(0.00%) |     63       2     891     33 |    0.80        0.00
GET      /health                                                                          100     0(0.00%) |     59       2     583     27 |    0.80        0.00
--------|----------------------------------------------------------------------------|-------|-------------|-------|-------|-------|-------|--------|-----------
         Aggregated                                                                      1234     0(0.00%) |   1343       2    5080   1300 |    6.60        0.00

Type     Name                                                                          # reqs      # fails |    Avg     Min     Max    Med |   req/s  failures/s
--------|----------------------------------------------------------------------------|-------|-------------|-------|-------|-------|-------|--------|-----------
POST     /api/book                                                                        956     0(0.00%) |   1744      98    5080   1700 |    4.40        0.00
GET      /api/concerts                                                                    189     0(0.00%) |     63       2     891     33 |    0.80        0.00
GET      /health                                                                          101     0(0.00%) |     63       2     583     28 |    0.70        0.00
--------|----------------------------------------------------------------------------|-------|-------------|-------|-------|-------|-------|--------|-----------
         Aggregated                                                                      1246     0(0.00%) |   1353       2    5080   1300 |    5.90        0.00

Type     Name                                                                          # reqs      # fails |    Avg     Min     Max    Med |   req/s  failures/s
--------|----------------------------------------------------------------------------|-------|-------------|-------|-------|-------|-------|--------|-----------
POST     /api/book                                                                        968     0(0.00%) |   1740      98    5080   1700 |    4.10        0.00
GET      /api/concerts                                                                    189     0(0.00%) |     63       2     891     33 |    0.60        0.00
GET      /health                                                                          102     0(0.00%) |     62       2     583     28 |    0.80        0.00
--------|----------------------------------------------------------------------------|-------|-------------|-------|-------|-------|-------|--------|-----------
         Aggregated                                                                      1259     0(0.00%) |   1353       2    5080   1300 |    5.50        0.00

Type     Name                                                                          # reqs      # fails |    Avg     Min     Max    Med |   req/s  failures/s
--------|----------------------------------------------------------------------------|-------|-------------|-------|-------|-------|-------|--------|-----------
POST     /api/book                                                                        975     0(0.00%) |   1740      98    5080   1700 |    5.30        0.00
GET      /api/concerts                                                                    192     0(0.00%) |     63       2     891     34 |    0.60        0.00
GET      /health                                                                          104     0(0.00%) |     62       2     583     28 |    0.70        0.00
--------|----------------------------------------------------------------------------|-------|-------------|-------|-------|-------|-------|--------|-----------
         Aggregated                                                                      1271     0(0.00%) |   1349       2    5080   1300 |    6.60        0.00

Type     Name                                                                          # reqs      # fails |    Avg     Min     Max    Med |   req/s  failures/s
--------|----------------------------------------------------------------------------|-------|-------------|-------|-------|-------|-------|--------|-----------
POST     /api/book                                                                        987     0(0.00%) |   1735      98    5080   1700 |    4.20        0.00
GET      /api/concerts                                                                    195     0(0.00%) |     63       2     891     34 |    0.70        0.00
GET      /health                                                                          105     0(0.00%) |     63       2     583     31 |    0.70        0.00
--------|----------------------------------------------------------------------------|-------|-------------|-------|-------|-------|-------|--------|-----------
         Aggregated                                                                      1287     0(0.00%) |   1345       2    5080   1300 |    5.60        0.00

Type     Name                                                                          # reqs      # fails |    Avg     Min     Max    Med |   req/s  failures/s
--------|----------------------------------------------------------------------------|-------|-------------|-------|-------|-------|-------|--------|-----------
POST     /api/book                                                                        995     0(0.00%) |   1732      98    5080   1700 |    4.80        0.00
GET      /api/concerts                                                                    196     0(0.00%) |     63       2     891     34 |    0.70        0.00
GET      /health                                                                          105     0(0.00%) |     63       2     583     31 |    0.70        0.00
--------|----------------------------------------------------------------------------|-------|-------------|-------|-------|-------|-------|--------|-----------
         Aggregated                                                                      1296     0(0.00%) |   1344       2    5080   1300 |    6.20        0.00

Type     Name                                                                          # reqs      # fails |    Avg     Min     Max    Med |   req/s  failures/s
--------|----------------------------------------------------------------------------|-------|-------------|-------|-------|-------|-------|--------|-----------
POST     /api/book                                                                        999     0(0.00%) |   1731      98    5080   1700 |    4.90        0.00
GET      /api/concerts                                                                    196     0(0.00%) |     63       2     891     34 |    0.70        0.00
GET      /health                                                                          105     0(0.00%) |     63       2     583     31 |    0.60        0.00
--------|----------------------------------------------------------------------------|-------|-------------|-------|-------|-------|-------|--------|-----------
         Aggregated                                                                      1300     0(0.00%) |   1345       2    5080   1300 |    6.20        0.00

Type     Name                                                                          # reqs      # fails |    Avg     Min     Max    Med |   req/s  failures/s
--------|----------------------------------------------------------------------------|-------|-------------|-------|-------|-------|-------|--------|-----------
POST     /api/book                                                                       1012     0(0.00%) |   1744      98    5080   1700 |    4.90        0.00
GET      /api/concerts                                                                    199     0(0.00%) |     66       2     891     35 |    0.70        0.00
GET      /health                                                                          105     0(0.00%) |     63       2     583     31 |    0.40        0.00
--------|----------------------------------------------------------------------------|-------|-------------|-------|-------|-------|-------|--------|-----------
         Aggregated                                                                      1316     0(0.00%) |   1356       2    5080   1300 |    6.00        0.00

Type     Name                                                                          # reqs      # fails |    Avg     Min     Max    Med |   req/s  failures/s
--------|----------------------------------------------------------------------------|-------|-------------|-------|-------|-------|-------|--------|-----------
POST     /api/book                                                                       1019     0(0.00%) |   1751      98    5080   1700 |    3.80        0.00
GET      /api/concerts                                                                    199     0(0.00%) |     66       2     891     35 |    0.90        0.00
GET      /health                                                                          107     0(0.00%) |     62       2     583     31 |    0.30        0.00
--------|----------------------------------------------------------------------------|-------|-------------|-------|-------|-------|-------|--------|-----------
         Aggregated                                                                      1325     0(0.00%) |   1362       2    5080   1400 |    5.00        0.00

Type     Name                                                                          # reqs      # fails |    Avg     Min     Max    Med |   req/s  failures/s
--------|----------------------------------------------------------------------------|-------|-------------|-------|-------|-------|-------|--------|-----------
POST     /api/book                                                                       1026     0(0.00%) |   1754      98    5080   1700 |    4.50        0.00
GET      /api/concerts                                                                    201     0(0.00%) |     66       2     891     36 |    0.80        0.00
GET      /health                                                                          108     0(0.00%) |     62       2     583     31 |    0.30        0.00
--------|----------------------------------------------------------------------------|-------|-------------|-------|-------|-------|-------|--------|-----------
         Aggregated                                                                      1335     0(0.00%) |   1363       2    5080   1400 |    5.60        0.00

Type     Name                                                                          # reqs      # fails |    Avg     Min     Max    Med |   req/s  failures/s
--------|----------------------------------------------------------------------------|-------|-------------|-------|-------|-------|-------|--------|-----------
POST     /api/book                                                                       1038     0(0.00%) |   1753      98    5080   1700 |    4.00        0.00
GET      /api/concerts                                                                    202     0(0.00%) |     67       2     891     36 |    0.60        0.00
GET      /health                                                                          109     0(0.00%) |     62       2     583     31 |    0.30        0.00
--------|----------------------------------------------------------------------------|-------|-------------|-------|-------|-------|-------|--------|-----------
         Aggregated                                                                      1349     0(0.00%) |   1364       2    5080   1400 |    4.90        0.00

Type     Name                                                                          # reqs      # fails |    Avg     Min     Max    Med |   req/s  failures/s
--------|----------------------------------------------------------------------------|-------|-------------|-------|-------|-------|-------|--------|-----------
POST     /api/book                                                                       1044     0(0.00%) |   1755      98    5080   1700 |    4.30        0.00
GET      /api/concerts                                                                    203     0(0.00%) |     66       2     891     36 |    0.60        0.00
GET      /health                                                                          110     0(0.00%) |     62       2     583     31 |    0.40        0.00
--------|----------------------------------------------------------------------------|-------|-------------|-------|-------|-------|-------|--------|-----------
         Aggregated                                                                      1357     0(0.00%) |   1365       2    5080   1400 |    5.30        0.00

Type     Name                                                                          # reqs      # fails |    Avg     Min     Max    Med |   req/s  failures/s
--------|----------------------------------------------------------------------------|-------|-------------|-------|-------|-------|-------|--------|-----------
POST     /api/book                                                                       1057     0(0.00%) |   1765      98    5080   1700 |    4.20        0.00
GET      /api/concerts                                                                    204     0(0.00%) |     67       2     891     36 |    0.70        0.00
GET      /health                                                                          110     0(0.00%) |     62       2     583     31 |    0.50        0.00
--------|----------------------------------------------------------------------------|-------|-------------|-------|-------|-------|-------|--------|-----------
         Aggregated                                                                      1371     0(0.00%) |   1375       2    5080   1400 |    5.40        0.00

Type     Name                                                                          # reqs      # fails |    Avg     Min     Max    Med |   req/s  failures/s
--------|----------------------------------------------------------------------------|-------|-------------|-------|-------|-------|-------|--------|-----------
POST     /api/book                                                                       1067     0(0.00%) |   1758      98    5080   1700 |    4.50        0.00
GET      /api/concerts                                                                    206     0(0.00%) |     66       2     891     36 |    0.60        0.00
GET      /health                                                                          110     0(0.00%) |     62       2     583     31 |    0.50        0.00
--------|----------------------------------------------------------------------------|-------|-------------|-------|-------|-------|-------|--------|-----------
         Aggregated                                                                      1383     0(0.00%) |   1371       2    5080   1400 |    5.60        0.00

Type     Name                                                                          # reqs      # fails |    Avg     Min     Max    Med |   req/s  failures/s
--------|----------------------------------------------------------------------------|-------|-------------|-------|-------|-------|-------|--------|-----------
POST     /api/book                                                                       1071     0(0.00%) |   1756      98    5080   1700 |    5.00        0.00
GET      /api/concerts                                                                    211     0(0.00%) |     67       2     891     37 |    0.50        0.00
GET      /health                                                                          110     0(0.00%) |     62       2     583     31 |    0.40        0.00
--------|----------------------------------------------------------------------------|-------|-------------|-------|-------|-------|-------|--------|-----------
         Aggregated                                                                      1392     0(0.00%) |   1366       2    5080   1400 |    5.90        0.00

Type     Name                                                                          # reqs      # fails |    Avg     Min     Max    Med |   req/s  failures/s
--------|----------------------------------------------------------------------------|-------|-------------|-------|-------|-------|-------|--------|-----------
POST     /api/book                                                                       1083     0(0.00%) |   1763      98    5080   1700 |    4.50        0.00
GET      /api/concerts                                                                    212     0(0.00%) |     66       2     891     37 |    0.80        0.00
GET      /health                                                                          110     0(0.00%) |     62       2     583     31 |    0.20        0.00
--------|----------------------------------------------------------------------------|-------|-------------|-------|-------|-------|-------|--------|-----------
         Aggregated                                                                      1405     0(0.00%) |   1374       2    5080   1400 |    5.50        0.00

Type     Name                                                                          # reqs      # fails |    Avg     Min     Max    Med |   req/s  failures/s
--------|----------------------------------------------------------------------------|-------|-------------|-------|-------|-------|-------|--------|-----------
POST     /api/book                                                                       1095     0(0.00%) |   1760      98    5080   1700 |    4.40        0.00
GET      /api/concerts                                                                    216     0(0.00%) |     66       2     891     37 |    0.90        0.00
GET      /health                                                                          111     0(0.00%) |     62       2     583     32 |    0.10        0.00
--------|----------------------------------------------------------------------------|-------|-------------|-------|-------|-------|-------|--------|-----------
         Aggregated                                                                      1422     0(0.00%) |   1370       2    5080   1400 |    5.40        0.00

Type     Name                                                                          # reqs      # fails |    Avg     Min     Max    Med |   req/s  failures/s
--------|----------------------------------------------------------------------------|-------|-------------|-------|-------|-------|-------|--------|-----------
POST     /api/book                                                                       1103     0(0.00%) |   1757      98    5080   1700 |    5.10        0.00
GET      /api/concerts                                                                    218     0(0.00%) |     66       2     891     37 |    1.20        0.00
GET      /health                                                                          112     0(0.00%) |     61       2     583     31 |    0.10        0.00
--------|----------------------------------------------------------------------------|-------|-------------|-------|-------|-------|-------|--------|-----------
         Aggregated                                                                      1433     0(0.00%) |   1367       2    5080   1400 |    6.40        0.00

Type     Name                                                                          # reqs      # fails |    Avg     Min     Max    Med |   req/s  failures/s
--------|----------------------------------------------------------------------------|-------|-------------|-------|-------|-------|-------|--------|-----------
POST     /api/book                                                                       1112     0(0.00%) |   1753      98    5080   1700 |    5.10        0.00
GET      /api/concerts                                                                    221     0(0.00%) |     66       2     891     37 |    1.40        0.00
GET      /health                                                                          113     0(0.00%) |     61       2     583     31 |    0.20        0.00
--------|----------------------------------------------------------------------------|-------|-------------|-------|-------|-------|-------|--------|-----------
         Aggregated                                                                      1446     0(0.00%) |   1363       2    5080   1400 |    6.70        0.00

Type     Name                                                                          # reqs      # fails |    Avg     Min     Max    Med |   req/s  failures/s
--------|----------------------------------------------------------------------------|-------|-------------|-------|-------|-------|-------|--------|-----------
POST     /api/book                                                                       1124     0(0.00%) |   1749      98    5080   1700 |    4.40        0.00
GET      /api/concerts                                                                    224     0(0.00%) |     66       2     891     37 |    1.50        0.00
GET      /health                                                                          115     0(0.00%) |     60       2     583     30 |    0.30        0.00
--------|----------------------------------------------------------------------------|-------|-------------|-------|-------|-------|-------|--------|-----------
         Aggregated                                                                      1463     0(0.00%) |   1359       2    5080   1400 |    6.20        0.00

Type     Name                                                                          # reqs      # fails |    Avg     Min     Max    Med |   req/s  failures/s
--------|----------------------------------------------------------------------------|-------|-------------|-------|-------|-------|-------|--------|-----------
POST     /api/book                                                                       1131     0(0.00%) |   1745      98    5080   1700 |    4.60        0.00
GET      /api/concerts                                                                    227     0(0.00%) |     66       2     891     37 |    1.40        0.00
GET      /health                                                                          116     0(0.00%) |     60       2     583     28 |    0.30        0.00
--------|----------------------------------------------------------------------------|-------|-------------|-------|-------|-------|-------|--------|-----------
         Aggregated                                                                      1474     0(0.00%) |   1353       2    5080   1300 |    6.30        0.00

Type     Name                                                                          # reqs      # fails |    Avg     Min     Max    Med |   req/s  failures/s
--------|----------------------------------------------------------------------------|-------|-------------|-------|-------|-------|-------|--------|-----------
POST     /api/book                                                                       1143     0(0.00%) |   1742      98    5080   1700 |    5.10        0.00
GET      /api/concerts                                                                    231     0(0.00%) |     65       2     891     37 |    1.60        0.00
GET      /health                                                                          116     0(0.00%) |     60       2     583     28 |    0.60        0.00
--------|----------------------------------------------------------------------------|-------|-------------|-------|-------|-------|-------|--------|-----------
         Aggregated                                                                      1490     0(0.00%) |   1351       2    5080   1300 |    7.30        0.00

Type     Name                                                                          # reqs      # fails |    Avg     Min     Max    Med |   req/s  failures/s
--------|----------------------------------------------------------------------------|-------|-------------|-------|-------|-------|-------|--------|-----------
POST     /api/book                                                                       1151     0(0.00%) |   1738      98    5080   1700 |    4.60        0.00
GET      /api/concerts                                                                    233     0(0.00%) |     65       2     891     37 |    1.40        0.00
GET      /health                                                                          117     0(0.00%) |     60       2     583     30 |    0.50        0.00
--------|----------------------------------------------------------------------------|-------|-------------|-------|-------|-------|-------|--------|-----------
         Aggregated                                                                      1501     0(0.00%) |   1347       2    5080   1300 |    6.50        0.00

Type     Name                                                                          # reqs      # fails |    Avg     Min     Max    Med |   req/s  failures/s
--------|----------------------------------------------------------------------------|-------|-------------|-------|-------|-------|-------|--------|-----------
POST     /api/book                                                                       1162     0(0.00%) |   1735      98    5080   1700 |    4.80        0.00
GET      /api/concerts                                                                    234     0(0.00%) |     65       2     891     37 |    1.50        0.00
GET      /health                                                                          120     0(0.00%) |     60       2     583     30 |    0.50        0.00
--------|----------------------------------------------------------------------------|-------|-------------|-------|-------|-------|-------|--------|-----------
         Aggregated                                                                      1516     0(0.00%) |   1344       2    5080   1300 |    6.80        0.00

Type     Name                                                                          # reqs      # fails |    Avg     Min     Max    Med |   req/s  failures/s
--------|----------------------------------------------------------------------------|-------|-------------|-------|-------|-------|-------|--------|-----------
POST     /api/book                                                                       1169     0(0.00%) |   1734      98    5080   1700 |    4.80        0.00
GET      /api/concerts                                                                    236     0(0.00%) |     65       2     891     37 |    1.50        0.00
GET      /health                                                                          120     0(0.00%) |     60       2     583     30 |    0.70        0.00
--------|----------------------------------------------------------------------------|-------|-------------|-------|-------|-------|-------|--------|-----------
         Aggregated                                                                      1525     0(0.00%) |   1344       2    5080   1300 |    7.00        0.00

Type     Name                                                                          # reqs      # fails |    Avg     Min     Max    Med |   req/s  failures/s
--------|----------------------------------------------------------------------------|-------|-------------|-------|-------|-------|-------|--------|-----------
POST     /api/book                                                                       1174     0(0.00%) |   1735      98    5080   1700 |    4.30        0.00
GET      /api/concerts                                                                    237     0(0.00%) |     65       2     891     38 |    1.20        0.00
GET      /health                                                                          120     0(0.00%) |     60       2     583     30 |    0.50        0.00
--------|----------------------------------------------------------------------------|-------|-------------|-------|-------|-------|-------|--------|-----------
         Aggregated                                                                      1531     0(0.00%) |   1345       2    5080   1400 |    6.00        0.00

Type     Name                                                                          # reqs      # fails |    Avg     Min     Max    Med |   req/s  failures/s
--------|----------------------------------------------------------------------------|-------|-------------|-------|-------|-------|-------|--------|-----------
POST     /api/book                                                                       1187     0(0.00%) |   1740      98    5080   1700 |    4.30        0.00
GET      /api/concerts                                                                    237     0(0.00%) |     65       2     891     38 |    0.90        0.00
GET      /health                                                                          120     0(0.00%) |     60       2     583     30 |    0.40        0.00
--------|----------------------------------------------------------------------------|-------|-------------|-------|-------|-------|-------|--------|-----------
         Aggregated                                                                      1544     0(0.00%) |   1352       2    5080   1400 |    5.60        0.00

Type     Name                                                                          # reqs      # fails |    Avg     Min     Max    Med |   req/s  failures/s
--------|----------------------------------------------------------------------------|-------|-------------|-------|-------|-------|-------|--------|-----------
POST     /api/book                                                                       1196     0(0.00%) |   1735      98    5080   1700 |    4.90        0.00
GET      /api/concerts                                                                    241     0(0.00%) |     65       2     891     38 |    0.80        0.00
GET      /health                                                                          123     0(0.00%) |     59       2     583     32 |    0.40        0.00
--------|----------------------------------------------------------------------------|-------|-------------|-------|-------|-------|-------|--------|-----------
         Aggregated                                                                      1560     0(0.00%) |   1345       2    5080   1300 |    6.10        0.00

Type     Name                                                                          # reqs      # fails |    Avg     Min     Max    Med |   req/s  failures/s
--------|----------------------------------------------------------------------------|-------|-------------|-------|-------|-------|-------|--------|-----------
POST     /api/book                                                                       1206     0(0.00%) |   1729      98    5080   1700 |    4.50        0.00
GET      /api/concerts                                                                    243     0(0.00%) |     65       2     891     39 |    0.80        0.00
GET      /health                                                                          124     0(0.00%) |     59       2     583     32 |    0.50        0.00
--------|----------------------------------------------------------------------------|-------|-------------|-------|-------|-------|-------|--------|-----------
         Aggregated                                                                      1573     0(0.00%) |   1340       2    5080   1300 |    5.80        0.00

Type     Name                                                                          # reqs      # fails |    Avg     Min     Max    Med |   req/s  failures/s
--------|----------------------------------------------------------------------------|-------|-------------|-------|-------|-------|-------|--------|-----------
POST     /api/book                                                                       1212     0(0.00%) |   1728      98    5080   1700 |    4.60        0.00
GET      /api/concerts                                                                    244     0(0.00%) |     65       2     891     39 |    0.80        0.00
GET      /health                                                                          125     0(0.00%) |     60       2     583     32 |    0.40        0.00
--------|----------------------------------------------------------------------------|-------|-------------|-------|-------|-------|-------|--------|-----------
         Aggregated                                                                      1581     0(0.00%) |   1339       2    5080   1300 |    5.80        0.00

Type     Name                                                                          # reqs      # fails |    Avg     Min     Max    Med |   req/s  failures/s
--------|----------------------------------------------------------------------------|-------|-------------|-------|-------|-------|-------|--------|-----------
POST     /api/book                                                                       1224     0(0.00%) |   1734      98    5080   1700 |    4.80        0.00
GET      /api/concerts                                                                    244     0(0.00%) |     65       2     891     39 |    0.80        0.00
GET      /health                                                                          127     0(0.00%) |     60       2     583     32 |    0.50        0.00
--------|----------------------------------------------------------------------------|-------|-------------|-------|-------|-------|-------|--------|-----------
         Aggregated                                                                      1595     0(0.00%) |   1345       2    5080   1400 |    6.10        0.00

Type     Name                                                                          # reqs      # fails |    Avg     Min     Max    Med |   req/s  failures/s
--------|----------------------------------------------------------------------------|-------|-------------|-------|-------|-------|-------|--------|-----------
POST     /api/book                                                                       1235     0(0.00%) |   1729      98    5080   1700 |    4.80        0.00
GET      /api/concerts                                                                    247     0(0.00%) |     64       2     891     38 |    0.80        0.00
GET      /health                                                                          128     0(0.00%) |     59       2     583     32 |    0.70        0.00
--------|----------------------------------------------------------------------------|-------|-------------|-------|-------|-------|-------|--------|-----------
         Aggregated                                                                      1610     0(0.00%) |   1341       2    5080   1300 |    6.30        0.00

Type     Name                                                                          # reqs      # fails |    Avg     Min     Max    Med |   req/s  failures/s
--------|----------------------------------------------------------------------------|-------|-------------|-------|-------|-------|-------|--------|-----------
POST     /api/book                                                                       1241     0(0.00%) |   1728      98    5080   1700 |    4.60        0.00
GET      /api/concerts                                                                    250     0(0.00%) |     64       2     891     39 |    0.90        0.00
GET      /health                                                                          129     0(0.00%) |     59       2     583     32 |    0.70        0.00
--------|----------------------------------------------------------------------------|-------|-------------|-------|-------|-------|-------|--------|-----------
         Aggregated                                                                      1620     0(0.00%) |   1338       2    5080   1300 |    6.20        0.00

Type     Name                                                                          # reqs      # fails |    Avg     Min     Max    Med |   req/s  failures/s
--------|----------------------------------------------------------------------------|-------|-------------|-------|-------|-------|-------|--------|-----------
POST     /api/book                                                                       1252     0(0.00%) |   1728      98    5080   1700 |    4.50        0.00
GET      /api/concerts                                                                    252     0(0.00%) |     65       2     891     39 |    0.70        0.00
GET      /health                                                                          131     0(0.00%) |     58       2     583     32 |    0.60        0.00
--------|----------------------------------------------------------------------------|-------|-------------|-------|-------|-------|-------|--------|-----------
         Aggregated                                                                      1635     0(0.00%) |   1338       2    5080   1300 |    5.80        0.00

Type     Name                                                                          # reqs      # fails |    Avg     Min     Max    Med |   req/s  failures/s
--------|----------------------------------------------------------------------------|-------|-------------|-------|-------|-------|-------|--------|-----------
POST     /api/book                                                                       1261     0(0.00%) |   1722      98    5080   1600 |    4.70        0.00
GET      /api/concerts                                                                    253     0(0.00%) |     64       2     891     39 |    1.00        0.00
GET      /health                                                                          131     0(0.00%) |     58       2     583     32 |    0.50        0.00
--------|----------------------------------------------------------------------------|-------|-------------|-------|-------|-------|-------|--------|-----------
         Aggregated                                                                      1645     0(0.00%) |   1334       2    5080   1300 |    6.20        0.00

Type     Name                                                                          # reqs      # fails |    Avg     Min     Max    Med |   req/s  failures/s
--------|----------------------------------------------------------------------------|-------|-------------|-------|-------|-------|-------|--------|-----------
POST     /api/book                                                                       1268     0(0.00%) |   1724      98    5080   1700 |    4.90        0.00
GET      /api/concerts                                                                    253     0(0.00%) |     64       2     891     39 |    0.90        0.00
GET      /health                                                                          132     0(0.00%) |     59       2     583     32 |    0.60        0.00
--------|----------------------------------------------------------------------------|-------|-------------|-------|-------|-------|-------|--------|-----------
         Aggregated                                                                      1653     0(0.00%) |   1337       2    5080   1300 |    6.40        0.00

Type     Name                                                                          # reqs      # fails |    Avg     Min     Max    Med |   req/s  failures/s
--------|----------------------------------------------------------------------------|-------|-------------|-------|-------|-------|-------|--------|-----------
POST     /api/book                                                                       1284     0(0.00%) |   1732      98    5080   1700 |    4.40        0.00
GET      /api/concerts                                                                    256     0(0.00%) |     64       2     891     39 |    0.90        0.00
GET      /health                                                                          133     0(0.00%) |     60       2     583     32 |    0.50        0.00
--------|----------------------------------------------------------------------------|-------|-------------|-------|-------|-------|-------|--------|-----------
         Aggregated                                                                      1673     0(0.00%) |   1344       2    5080   1300 |    5.80        0.00

Type     Name                                                                          # reqs      # fails |    Avg     Min     Max    Med |   req/s  failures/s
--------|----------------------------------------------------------------------------|-------|-------------|-------|-------|-------|-------|--------|-----------
POST     /api/book                                                                       1287     0(0.00%) |   1728      98    5080   1700 |    4.40        0.00
GET      /api/concerts                                                                    258     0(0.00%) |     64       2     891     38 |    1.00        0.00
GET      /health                                                                          135     0(0.00%) |     60       2     583     34 |    0.50        0.00
--------|----------------------------------------------------------------------------|-------|-------------|-------|-------|-------|-------|--------|-----------
         Aggregated                                                                      1680     0(0.00%) |   1339       2    5080   1300 |    5.90        0.00

Type     Name                                                                          # reqs      # fails |    Avg     Min     Max    Med |   req/s  failures/s
--------|----------------------------------------------------------------------------|-------|-------------|-------|-------|-------|-------|--------|-----------
POST     /api/book                                                                       1287     0(0.00%) |   1728      98    5080   1700 |    4.80        0.00
GET      /api/concerts                                                                    260     0(0.00%) |     66       2     891     39 |    1.00        0.00
GET      /health                                                                          138     0(0.00%) |     65       2     663     36 |    0.70        0.00
--------|----------------------------------------------------------------------------|-------|-------------|-------|-------|-------|-------|--------|-----------
         Aggregated                                                                      1685     0(0.00%) |   1336       2    5080   1300 |    6.50        0.00

Type     Name                                                                          # reqs      # fails |    Avg     Min     Max    Med |   req/s  failures/s
--------|----------------------------------------------------------------------------|-------|-------------|-------|-------|-------|-------|--------|-----------
POST     /api/book                                                                       1292     0(0.00%) |   1738      98    5080   1700 |    3.60        0.00
GET      /api/concerts                                                                    261     0(0.00%) |     67       2     891     39 |    0.70        0.00
GET      /health                                                                          138     0(0.00%) |     65       2     663     36 |    0.90        0.00
--------|----------------------------------------------------------------------------|-------|-------------|-------|-------|-------|-------|--------|-----------
         Aggregated                                                                      1691     0(0.00%) |   1344       2    5080   1300 |    5.20        0.00

Type     Name                                                                          # reqs      # fails |    Avg     Min     Max    Med |   req/s  failures/s
--------|----------------------------------------------------------------------------|-------|-------------|-------|-------|-------|-------|--------|-----------
POST     /api/book                                                                       1310     0(0.00%) |   1761      98    5945   1700 |    3.10        0.00
GET      /api/concerts                                                                    264     0(0.00%) |     66       2     891     39 |    0.80        0.00
GET      /health                                                                          139     0(0.00%) |     65       2     663     36 |    0.70        0.00
--------|----------------------------------------------------------------------------|-------|-------------|-------|-------|-------|-------|--------|-----------
         Aggregated                                                                      1713     0(0.00%) |   1362       2    5945   1300 |    4.60        0.00

Type     Name                                                                          # reqs      # fails |    Avg     Min     Max    Med |   req/s  failures/s
--------|----------------------------------------------------------------------------|-------|-------------|-------|-------|-------|-------|--------|-----------
POST     /api/book                                                                       1316     0(0.00%) |   1757      98    5945   1700 |    4.10        0.00
GET      /api/concerts                                                                    266     0(0.00%) |     66       2     891     39 |    0.90        0.00
GET      /health                                                                          140     0(0.00%) |     64       2     663     34 |    0.70        0.00
--------|----------------------------------------------------------------------------|-------|-------------|-------|-------|-------|-------|--------|-----------
         Aggregated                                                                      1722     0(0.00%) |   1358       2    5945   1300 |    5.70        0.00

Type     Name                                                                          # reqs      # fails |    Avg     Min     Max    Med |   req/s  failures/s
--------|----------------------------------------------------------------------------|-------|-------------|-------|-------|-------|-------|--------|-----------
POST     /api/book                                                                       1324     0(0.00%) |   1756      98    5945   1700 |    3.90        0.00
GET      /api/concerts                                                                    269     0(0.00%) |     66       2     891     39 |    1.10        0.00
GET      /health                                                                          141     0(0.00%) |     64       2     663     34 |    0.80        0.00
--------|----------------------------------------------------------------------------|-------|-------------|-------|-------|-------|-------|--------|-----------
         Aggregated                                                                      1734     0(0.00%) |   1356       2    5945   1300 |    5.80        0.00

Type     Name                                                                          # reqs      # fails |    Avg     Min     Max    Med |   req/s  failures/s
--------|----------------------------------------------------------------------------|-------|-------------|-------|-------|-------|-------|--------|-----------
POST     /api/book                                                                       1334     0(0.00%) |   1753      98    5945   1700 |    3.60        0.00
GET      /api/concerts                                                                    274     0(0.00%) |     65       2     891     39 |    1.10        0.00
GET      /health                                                                          141     0(0.00%) |     64       2     663     34 |    0.60        0.00
--------|----------------------------------------------------------------------------|-------|-------------|-------|-------|-------|-------|--------|-----------
         Aggregated                                                                      1749     0(0.00%) |   1352       2    5945   1300 |    5.30        0.00

Type     Name                                                                          # reqs      # fails |    Avg     Min     Max    Med |   req/s  failures/s
--------|----------------------------------------------------------------------------|-------|-------------|-------|-------|-------|-------|--------|-----------
POST     /api/book                                                                       1345     0(0.00%) |   1749      98    5945   1700 |    4.40        0.00
GET      /api/concerts                                                                    282     0(0.00%) |     64       2     891     38 |    1.40        0.00
GET      /health                                                                          143     0(0.00%) |     64       2     663     36 |    0.30        0.00
--------|----------------------------------------------------------------------------|-------|-------------|-------|-------|-------|-------|--------|-----------
         Aggregated                                                                      1770     0(0.00%) |   1344       2    5945   1300 |    6.10        0.00

[2026-05-29 11:00:16,013] ip-172-31-20-158/INFO/locust.runners: Shape test stopping
[2026-05-29 11:00:16,041] ip-172-31-20-158/INFO/locust.main: Shape test completed, shutting down
[2026-05-29 11:00:16,041] ip-172-31-20-158/INFO/locust.main: Run time limit set to 300 seconds
[2026-05-29 11:00:16,112] ip-172-31-20-158/INFO/locust.main: writing html report to file: report_baseline_run2.html
[2026-05-29 11:00:16,114] ip-172-31-20-158/INFO/locust.main: Shutting down (exit code 0)
Type     Name                                                                          # reqs      # fails |    Avg     Min     Max    Med |   req/s  failures/s
--------|----------------------------------------------------------------------------|-------|-------------|-------|-------|-------|-------|--------|-----------
POST     /api/book                                                                       1346     0(0.00%) |   1748      98    5945   1700 |    4.48        0.00
GET      /api/concerts                                                                    282     0(0.00%) |     64       2     891     38 |    0.94        0.00
GET      /health                                                                          143     0(0.00%) |     64       2     663     36 |    0.48        0.00
--------|----------------------------------------------------------------------------|-------|-------------|-------|-------|-------|-------|--------|-----------
         Aggregated                                                                      1771     0(0.00%) |   1344       2    5945   1300 |    5.89        0.00

Response time percentiles (approximated)
Type     Name                                                                                  50%    66%    75%    80%    90%    95%    98%    99%  99.9% 99.99%   100% # reqs
--------|--------------------------------------------------------------------------------|--------|------|------|------|------|------|------|------|------|------|------|------
POST     /api/book                                                                            1700   2000   2300   2400   2900   3400   4200   4600   5700   5900   5900   1346
GET      /api/concerts                                                                          38     55     69     75    150    290    390    460    890    890    890    282
GET      /health                                                                                36     57     72     78    140    240    480    580    660    660    660    143
--------|--------------------------------------------------------------------------------|--------|------|------|------|------|------|------|------|------|------|------|------
         Aggregated                                                                           1300   1800   2100   2300   2700   3200   3900   4400   5700   5900   5900   1771

