[2026-06-06 14:02:43,419] ip-172-31-20-158/INFO/locust.main: Starting Locust 2.44.0
[2026-06-06 14:02:43,419] ip-172-31-20-158/WARNING/locust.main: --run-time, --users or --spawn-rate have no impact on LoadShapes unless the shape class explicitly reads them. See: docs.locust.io/en/stable/custom-load-shape.html#use-common-options
[2026-06-06 14:02:43,419] ip-172-31-20-158/WARNING/locust.main: The following option(s) will be ignored: --run-time
[2026-06-06 14:02:43,420] ip-172-31-20-158/INFO/locust.runners: Shape test starting.
Type     Name                                                                          # reqs      # fails |    Avg     Min     Max    Med |   req/s  failures/s
--------|----------------------------------------------------------------------------|-------|-------------|-------|-------|-------|-------|--------|-----------
--------|----------------------------------------------------------------------------|-------|-------------|-------|-------|-------|-------|--------|-----------
         Aggregated                                                                         0     0(0.00%) |      0       0       0      0 |    0.00        0.00

[2026-06-06 14:02:43,421] ip-172-31-20-158/INFO/locust.runners: Shape worker starting
[2026-06-06 14:02:43,421] ip-172-31-20-158/INFO/locust.runners: Shape test updating to 5 users at 1.00 spawn rate
[2026-06-06 14:02:43,421] ip-172-31-20-158/INFO/locust.runners: Ramping to 5 users at a rate of 1.00 per second
Type     Name                                                                          # reqs      # fails |    Avg     Min     Max    Med |   req/s  failures/s
--------|----------------------------------------------------------------------------|-------|-------------|-------|-------|-------|-------|--------|-----------
POST     /api/book                                                                          2     0(0.00%) |    193     157     228    160 |    0.00        0.00
--------|----------------------------------------------------------------------------|-------|-------------|-------|-------|-------|-------|--------|-----------
         Aggregated                                                                         2     0(0.00%) |    193     157     228    160 |    0.00        0.00

Type     Name                                                                          # reqs      # fails |    Avg     Min     Max    Med |   req/s  failures/s
--------|----------------------------------------------------------------------------|-------|-------------|-------|-------|-------|-------|--------|-----------
POST     /api/book                                                                          5     0(0.00%) |    160     131     228    140 |    1.00        0.00
GET      /api/concerts                                                                      1     0(0.00%) |      7       7       7      7 |    0.00        0.00
GET      /health                                                                            1     0(0.00%) |      3       3       3      3 |    0.00        0.00
--------|----------------------------------------------------------------------------|-------|-------------|-------|-------|-------|-------|--------|-----------
         Aggregated                                                                         7     0(0.00%) |    115       3     228    140 |    1.00        0.00

[2026-06-06 14:02:47,426] ip-172-31-20-158/INFO/locust.runners: All users spawned: {"TicketingUser": 5} (5 total users)
Type     Name                                                                          # reqs      # fails |    Avg     Min     Max    Med |   req/s  failures/s
--------|----------------------------------------------------------------------------|-------|-------------|-------|-------|-------|-------|--------|-----------
POST     /api/book                                                                          9     0(0.00%) |    150     131     228    140 |    1.00        0.00
GET      /api/concerts                                                                      1     0(0.00%) |      7       7       7      7 |    0.00        0.00
GET      /health                                                                            1     0(0.00%) |      3       3       3      3 |    0.33        0.00
--------|----------------------------------------------------------------------------|-------|-------------|-------|-------|-------|-------|--------|-----------
         Aggregated                                                                        11     0(0.00%) |    124       3     228    140 |    1.33        0.00

Type     Name                                                                          # reqs      # fails |    Avg     Min     Max    Med |   req/s  failures/s
--------|----------------------------------------------------------------------------|-------|-------------|-------|-------|-------|-------|--------|-----------
POST     /api/book                                                                         12     0(0.00%) |    146     122     228    140 |    1.40        0.00
GET      /api/concerts                                                                      3     0(0.00%) |      4       2       7      3 |    0.20        0.00
GET      /health                                                                            1     0(0.00%) |      3       3       3      3 |    0.20        0.00
--------|----------------------------------------------------------------------------|-------|-------------|-------|-------|-------|-------|--------|-----------
         Aggregated                                                                        16     0(0.00%) |    111       2     228    140 |    1.80        0.00

Type     Name                                                                          # reqs      # fails |    Avg     Min     Max    Med |   req/s  failures/s
--------|----------------------------------------------------------------------------|-------|-------------|-------|-------|-------|-------|--------|-----------
POST     /api/book                                                                         17     0(0.00%) |    160     122     266    140 |    1.50        0.00
GET      /api/concerts                                                                      3     0(0.00%) |      4       2       7      3 |    0.38        0.00
GET      /health                                                                            1     0(0.00%) |      3       3       3      3 |    0.12        0.00
--------|----------------------------------------------------------------------------|-------|-------------|-------|-------|-------|-------|--------|-----------
         Aggregated                                                                        21     0(0.00%) |    130       2     266    140 |    2.00        0.00

Type     Name                                                                          # reqs      # fails |    Avg     Min     Max    Med |   req/s  failures/s
--------|----------------------------------------------------------------------------|-------|-------------|-------|-------|-------|-------|--------|-----------
POST     /api/book                                                                         20     0(0.00%) |    208     122     534    140 |    1.50        0.00
GET      /api/concerts                                                                      3     0(0.00%) |      4       2       7      3 |    0.30        0.00
GET      /health                                                                            2     0(0.00%) |      3       2       3      3 |    0.10        0.00
--------|----------------------------------------------------------------------------|-------|-------------|-------|-------|-------|-------|--------|-----------
         Aggregated                                                                        25     0(0.00%) |    167       2     534    140 |    1.90        0.00

Type     Name                                                                          # reqs      # fails |    Avg     Min     Max    Med |   req/s  failures/s
--------|----------------------------------------------------------------------------|-------|-------------|-------|-------|-------|-------|--------|-----------
POST     /api/book                                                                         24     0(0.00%) |    209     119     534    140 |    1.90        0.00
GET      /api/concerts                                                                      3     0(0.00%) |      4       2       7      3 |    0.30        0.00
GET      /health                                                                            2     0(0.00%) |      3       2       3      3 |    0.10        0.00
--------|----------------------------------------------------------------------------|-------|-------------|-------|-------|-------|-------|--------|-----------
         Aggregated                                                                        29     0(0.00%) |    173       2     534    140 |    2.30        0.00

Type     Name                                                                          # reqs      # fails |    Avg     Min     Max    Med |   req/s  failures/s
--------|----------------------------------------------------------------------------|-------|-------------|-------|-------|-------|-------|--------|-----------
POST     /api/book                                                                         28     0(0.00%) |    198     119     534    140 |    2.00        0.00
GET      /api/concerts                                                                      5     0(0.00%) |      3       2       7      3 |    0.20        0.00
GET      /health                                                                            2     0(0.00%) |      3       2       3      3 |    0.10        0.00
--------|----------------------------------------------------------------------------|-------|-------------|-------|-------|-------|-------|--------|-----------
         Aggregated                                                                        35     0(0.00%) |    159       2     534    140 |    2.30        0.00

Type     Name                                                                          # reqs      # fails |    Avg     Min     Max    Med |   req/s  failures/s
--------|----------------------------------------------------------------------------|-------|-------------|-------|-------|-------|-------|--------|-----------
POST     /api/book                                                                         31     0(0.00%) |    191     114     534    140 |    1.80        0.00
GET      /api/concerts                                                                      5     0(0.00%) |      3       2       7      3 |    0.20        0.00
GET      /health                                                                            2     0(0.00%) |      3       2       3      3 |    0.10        0.00
--------|----------------------------------------------------------------------------|-------|-------------|-------|-------|-------|-------|--------|-----------
         Aggregated                                                                        38     0(0.00%) |    156       2     534    140 |    2.10        0.00

Type     Name                                                                          # reqs      # fails |    Avg     Min     Max    Med |   req/s  failures/s
--------|----------------------------------------------------------------------------|-------|-------------|-------|-------|-------|-------|--------|-----------
POST     /api/book                                                                         33     0(0.00%) |    213     114     565    140 |    1.90        0.00
GET      /api/concerts                                                                      7     0(0.00%) |     10       2      52      3 |    0.30        0.00
GET      /health                                                                            3     0(0.00%) |      2       2       3      3 |    0.10        0.00
--------|----------------------------------------------------------------------------|-------|-------------|-------|-------|-------|-------|--------|-----------
         Aggregated                                                                        43     0(0.00%) |    165       2     565    140 |    2.30        0.00

Type     Name                                                                          # reqs      # fails |    Avg     Min     Max    Med |   req/s  failures/s
--------|----------------------------------------------------------------------------|-------|-------------|-------|-------|-------|-------|--------|-----------
POST     /api/book                                                                         39     0(0.00%) |    208     114     565    140 |    1.80        0.00
GET      /api/concerts                                                                      7     0(0.00%) |     10       2      52      3 |    0.40        0.00
GET      /health                                                                            3     0(0.00%) |      2       2       3      3 |    0.20        0.00
--------|----------------------------------------------------------------------------|-------|-------------|-------|-------|-------|-------|--------|-----------
         Aggregated                                                                        49     0(0.00%) |    167       2     565    140 |    2.40        0.00

Type     Name                                                                          # reqs      # fails |    Avg     Min     Max    Med |   req/s  failures/s
--------|----------------------------------------------------------------------------|-------|-------------|-------|-------|-------|-------|--------|-----------
POST     /api/book                                                                         43     0(0.00%) |    205     114     565    140 |    1.70        0.00
GET      /api/concerts                                                                      7     0(0.00%) |     10       2      52      3 |    0.40        0.00
GET      /health                                                                            3     0(0.00%) |      2       2       3      3 |    0.20        0.00
--------|----------------------------------------------------------------------------|-------|-------------|-------|-------|-------|-------|--------|-----------
         Aggregated                                                                        53     0(0.00%) |    168       2     565    140 |    2.30        0.00

Type     Name                                                                          # reqs      # fails |    Avg     Min     Max    Med |   req/s  failures/s
--------|----------------------------------------------------------------------------|-------|-------------|-------|-------|-------|-------|--------|-----------
POST     /api/book                                                                         45     0(0.00%) |    203     114     565    140 |    1.70        0.00
GET      /api/concerts                                                                      8     0(0.00%) |      9       2      52      3 |    0.40        0.00
GET      /health                                                                            3     0(0.00%) |      2       2       3      3 |    0.10        0.00
--------|----------------------------------------------------------------------------|-------|-------------|-------|-------|-------|-------|--------|-----------
         Aggregated                                                                        56     0(0.00%) |    164       2     565    140 |    2.20        0.00

Type     Name                                                                          # reqs      # fails |    Avg     Min     Max    Med |   req/s  failures/s
--------|----------------------------------------------------------------------------|-------|-------------|-------|-------|-------|-------|--------|-----------
POST     /api/book                                                                         50     0(0.00%) |    202     111     565    140 |    1.80        0.00
GET      /api/concerts                                                                      8     0(0.00%) |      9       2      52      3 |    0.30        0.00
GET      /health                                                                            3     0(0.00%) |      2       2       3      3 |    0.10        0.00
--------|----------------------------------------------------------------------------|-------|-------------|-------|-------|-------|-------|--------|-----------
         Aggregated                                                                        61     0(0.00%) |    167       2     565    140 |    2.20        0.00

Type     Name                                                                          # reqs      # fails |    Avg     Min     Max    Med |   req/s  failures/s
--------|----------------------------------------------------------------------------|-------|-------------|-------|-------|-------|-------|--------|-----------
POST     /api/book                                                                         51     0(0.00%) |    201     111     565    140 |    1.70        0.00
GET      /api/concerts                                                                     11     0(0.00%) |      7       2      52      3 |    0.30        0.00
GET      /health                                                                            3     0(0.00%) |      2       2       3      3 |    0.10        0.00
--------|----------------------------------------------------------------------------|-------|-------------|-------|-------|-------|-------|--------|-----------
         Aggregated                                                                        65     0(0.00%) |    159       2     565    140 |    2.10        0.00

Type     Name                                                                          # reqs      # fails |    Avg     Min     Max    Med |   req/s  failures/s
--------|----------------------------------------------------------------------------|-------|-------------|-------|-------|-------|-------|--------|-----------
POST     /api/book                                                                         55     0(0.00%) |    196     111     565    140 |    1.80        0.00
GET      /api/concerts                                                                     11     0(0.00%) |      7       2      52      3 |    0.30        0.00
GET      /health                                                                            4     0(0.00%) |      2       2       3      2 |    0.00        0.00
--------|----------------------------------------------------------------------------|-------|-------------|-------|-------|-------|-------|--------|-----------
         Aggregated                                                                        70     0(0.00%) |    156       2     565    140 |    2.10        0.00

Type     Name                                                                          # reqs      # fails |    Avg     Min     Max    Med |   req/s  failures/s
--------|----------------------------------------------------------------------------|-------|-------------|-------|-------|-------|-------|--------|-----------
POST     /api/book                                                                         59     0(0.00%) |    192     111     565    140 |    1.70        0.00
GET      /api/concerts                                                                     11     0(0.00%) |      7       2      52      3 |    0.40        0.00
GET      /health                                                                            5     0(0.00%) |      2       2       3      3 |    0.10        0.00
--------|----------------------------------------------------------------------------|-------|-------------|-------|-------|-------|-------|--------|-----------
         Aggregated                                                                        75     0(0.00%) |    153       2     565    140 |    2.20        0.00

Type     Name                                                                          # reqs      # fails |    Avg     Min     Max    Med |   req/s  failures/s
--------|----------------------------------------------------------------------------|-------|-------------|-------|-------|-------|-------|--------|-----------
POST     /api/book                                                                         64     0(0.00%) |    189     111     565    140 |    1.60        0.00
GET      /api/concerts                                                                     11     0(0.00%) |      7       2      52      3 |    0.40        0.00
GET      /health                                                                            5     0(0.00%) |      2       2       3      3 |    0.20        0.00
--------|----------------------------------------------------------------------------|-------|-------------|-------|-------|-------|-------|--------|-----------
         Aggregated                                                                        80     0(0.00%) |    152       2     565    140 |    2.20        0.00

Type     Name                                                                          # reqs      # fails |    Avg     Min     Max    Med |   req/s  failures/s
--------|----------------------------------------------------------------------------|-------|-------------|-------|-------|-------|-------|--------|-----------
POST     /api/book                                                                         66     0(0.00%) |    193     111     565    140 |    1.80        0.00
GET      /api/concerts                                                                     12     0(0.00%) |      8       2      52      3 |    0.30        0.00
GET      /health                                                                            5     0(0.00%) |      2       2       3      3 |    0.20        0.00
--------|----------------------------------------------------------------------------|-------|-------------|-------|-------|-------|-------|--------|-----------
         Aggregated                                                                        83     0(0.00%) |    155       2     565    140 |    2.30        0.00

Type     Name                                                                          # reqs      # fails |    Avg     Min     Max    Med |   req/s  failures/s
--------|----------------------------------------------------------------------------|-------|-------------|-------|-------|-------|-------|--------|-----------
POST     /api/book                                                                         70     0(0.00%) |    195     111     565    140 |    1.60        0.00
GET      /api/concerts                                                                     12     0(0.00%) |      8       2      52      3 |    0.30        0.00
GET      /health                                                                            6     0(0.00%) |      2       2       3      2 |    0.20        0.00
--------|----------------------------------------------------------------------------|-------|-------------|-------|-------|-------|-------|--------|-----------
         Aggregated                                                                        88     0(0.00%) |    156       2     565    140 |    2.10        0.00

Type     Name                                                                          # reqs      # fails |    Avg     Min     Max    Med |   req/s  failures/s
--------|----------------------------------------------------------------------------|-------|-------------|-------|-------|-------|-------|--------|-----------
POST     /api/book                                                                         75     0(0.00%) |    194     111     565    140 |    1.80        0.00
GET      /api/concerts                                                                     13     0(0.00%) |      8       2      52      3 |    0.20        0.00
GET      /health                                                                            6     0(0.00%) |      2       2       3      2 |    0.30        0.00
--------|----------------------------------------------------------------------------|-------|-------------|-------|-------|-------|-------|--------|-----------
         Aggregated                                                                        94     0(0.00%) |    156       2     565    140 |    2.30        0.00

Type     Name                                                                          # reqs      # fails |    Avg     Min     Max    Med |   req/s  failures/s
--------|----------------------------------------------------------------------------|-------|-------------|-------|-------|-------|-------|--------|-----------
POST     /api/book                                                                         79     0(0.00%) |    196     111     565    140 |    2.00        0.00
GET      /api/concerts                                                                     13     0(0.00%) |      8       2      52      3 |    0.20        0.00
GET      /health                                                                            6     0(0.00%) |      2       2       3      2 |    0.20        0.00
--------|----------------------------------------------------------------------------|-------|-------------|-------|-------|-------|-------|--------|-----------
         Aggregated                                                                        98     0(0.00%) |    159       2     565    140 |    2.40        0.00

Type     Name                                                                          # reqs      # fails |    Avg     Min     Max    Med |   req/s  failures/s
--------|----------------------------------------------------------------------------|-------|-------------|-------|-------|-------|-------|--------|-----------
POST     /api/book                                                                         84     0(0.00%) |    195     111     565    140 |    2.00        0.00
GET      /api/concerts                                                                     15     0(0.00%) |      7       2      52      3 |    0.20        0.00
GET      /health                                                                            6     0(0.00%) |      2       2       3      2 |    0.10        0.00
--------|----------------------------------------------------------------------------|-------|-------------|-------|-------|-------|-------|--------|-----------
         Aggregated                                                                       105     0(0.00%) |    157       2     565    140 |    2.30        0.00

Type     Name                                                                          # reqs      # fails |    Avg     Min     Max    Med |   req/s  failures/s
--------|----------------------------------------------------------------------------|-------|-------------|-------|-------|-------|-------|--------|-----------
POST     /api/book                                                                         87     0(0.00%) |    200     111     565    140 |    2.00        0.00
GET      /api/concerts                                                                     16     0(0.00%) |      9       2      52      3 |    0.30        0.00
GET      /health                                                                            7     0(0.00%) |      3       2       6      3 |    0.10        0.00
--------|----------------------------------------------------------------------------|-------|-------------|-------|-------|-------|-------|--------|-----------
         Aggregated                                                                       110     0(0.00%) |    159       2     565    140 |    2.40        0.00

Type     Name                                                                          # reqs      # fails |    Avg     Min     Max    Med |   req/s  failures/s
--------|----------------------------------------------------------------------------|-------|-------------|-------|-------|-------|-------|--------|-----------
POST     /api/book                                                                         89     0(0.00%) |    198     110     565    140 |    2.20        0.00
GET      /api/concerts                                                                     17     0(0.00%) |      8       2      52      3 |    0.50        0.00
GET      /health                                                                            8     0(0.00%) |      3       2       6      2 |    0.20        0.00
--------|----------------------------------------------------------------------------|-------|-------------|-------|-------|-------|-------|--------|-----------
         Aggregated                                                                       114     0(0.00%) |    156       2     565    140 |    2.90        0.00

Type     Name                                                                          # reqs      # fails |    Avg     Min     Max    Med |   req/s  failures/s
--------|----------------------------------------------------------------------------|-------|-------------|-------|-------|-------|-------|--------|-----------
POST     /api/book                                                                         90     0(0.00%) |    197     110     565    140 |    1.90        0.00
GET      /api/concerts                                                                     17     0(0.00%) |      8       2      52      3 |    0.40        0.00
GET      /health                                                                            9     0(0.00%) |      3       2       6      2 |    0.20        0.00
--------|----------------------------------------------------------------------------|-------|-------------|-------|-------|-------|-------|--------|-----------
         Aggregated                                                                       116     0(0.00%) |    155       2     565    140 |    2.50        0.00

Type     Name                                                                          # reqs      # fails |    Avg     Min     Max    Med |   req/s  failures/s
--------|----------------------------------------------------------------------------|-------|-------------|-------|-------|-------|-------|--------|-----------
POST     /api/book                                                                         94     0(0.00%) |    201     110     565    140 |    1.60        0.00
GET      /api/concerts                                                                     19     0(0.00%) |      8       2      52      3 |    0.40        0.00
GET      /health                                                                           10     0(0.00%) |      2       2       6      2 |    0.30        0.00
--------|----------------------------------------------------------------------------|-------|-------------|-------|-------|-------|-------|--------|-----------
         Aggregated                                                                       123     0(0.00%) |    155       2     565    140 |    2.30        0.00

Type     Name                                                                          # reqs      # fails |    Avg     Min     Max    Med |   req/s  failures/s
--------|----------------------------------------------------------------------------|-------|-------------|-------|-------|-------|-------|--------|-----------
POST     /api/book                                                                         98     0(0.00%) |    209     110     565    140 |    1.60        0.00
GET      /api/concerts                                                                     19     0(0.00%) |      8       2      52      3 |    0.40        0.00
GET      /health                                                                           11     0(0.00%) |      2       2       6      2 |    0.30        0.00
--------|----------------------------------------------------------------------------|-------|-------------|-------|-------|-------|-------|--------|-----------
         Aggregated                                                                       128     0(0.00%) |    162       2     565    140 |    2.30        0.00

Type     Name                                                                          # reqs      # fails |    Avg     Min     Max    Med |   req/s  failures/s
--------|----------------------------------------------------------------------------|-------|-------------|-------|-------|-------|-------|--------|-----------
POST     /api/book                                                                        103     0(0.00%) |    208     110     565    140 |    1.60        0.00
GET      /api/concerts                                                                     19     0(0.00%) |      8       2      52      3 |    0.50        0.00
GET      /health                                                                           11     0(0.00%) |      2       2       6      2 |    0.50        0.00
--------|----------------------------------------------------------------------------|-------|-------------|-------|-------|-------|-------|--------|-----------
         Aggregated                                                                       133     0(0.00%) |    163       2     565    140 |    2.60        0.00

Type     Name                                                                          # reqs      # fails |    Avg     Min     Max    Med |   req/s  failures/s
--------|----------------------------------------------------------------------------|-------|-------------|-------|-------|-------|-------|--------|-----------
POST     /api/book                                                                        108     0(0.00%) |    206     110     565    140 |    1.70        0.00
GET      /api/concerts                                                                     19     0(0.00%) |      8       2      52      3 |    0.30        0.00
GET      /health                                                                           11     0(0.00%) |      2       2       6      2 |    0.40        0.00
--------|----------------------------------------------------------------------------|-------|-------------|-------|-------|-------|-------|--------|-----------
         Aggregated                                                                       138     0(0.00%) |    162       2     565    140 |    2.40        0.00

Type     Name                                                                          # reqs      # fails |    Avg     Min     Max    Med |   req/s  failures/s
--------|----------------------------------------------------------------------------|-------|-------------|-------|-------|-------|-------|--------|-----------
POST     /api/book                                                                        111     0(0.00%) |    207     110     565    140 |    1.70        0.00
GET      /api/concerts                                                                     20     0(0.00%) |      7       2      52      3 |    0.30        0.00
GET      /health                                                                           11     0(0.00%) |      2       2       6      2 |    0.40        0.00
--------|----------------------------------------------------------------------------|-------|-------------|-------|-------|-------|-------|--------|-----------
         Aggregated                                                                       142     0(0.00%) |    163       2     565    140 |    2.40        0.00

Type     Name                                                                          # reqs      # fails |    Avg     Min     Max    Med |   req/s  failures/s
--------|----------------------------------------------------------------------------|-------|-------------|-------|-------|-------|-------|--------|-----------
POST     /api/book                                                                        113     0(0.00%) |    205     110     565    140 |    1.80        0.00
GET      /api/concerts                                                                     20     0(0.00%) |      7       2      52      3 |    0.30        0.00
GET      /health                                                                           12     0(0.00%) |      2       2       6      2 |    0.20        0.00
--------|----------------------------------------------------------------------------|-------|-------------|-------|-------|-------|-------|--------|-----------
         Aggregated                                                                       145     0(0.00%) |    161       2     565    140 |    2.30        0.00

Type     Name                                                                          # reqs      # fails |    Avg     Min     Max    Med |   req/s  failures/s
--------|----------------------------------------------------------------------------|-------|-------------|-------|-------|-------|-------|--------|-----------
POST     /api/book                                                                        117     0(0.00%) |    203     110     565    140 |    1.80        0.00
GET      /api/concerts                                                                     21     0(0.00%) |      7       2      52      3 |    0.30        0.00
GET      /health                                                                           12     0(0.00%) |      2       2       6      2 |    0.20        0.00
--------|----------------------------------------------------------------------------|-------|-------------|-------|-------|-------|-------|--------|-----------
         Aggregated                                                                       150     0(0.00%) |    160       2     565    140 |    2.30        0.00

Type     Name                                                                          # reqs      # fails |    Avg     Min     Max    Med |   req/s  failures/s
--------|----------------------------------------------------------------------------|-------|-------------|-------|-------|-------|-------|--------|-----------
POST     /api/book                                                                        122     0(0.00%) |    201     110     565    140 |    1.90        0.00
GET      /api/concerts                                                                     21     0(0.00%) |      7       2      52      3 |    0.20        0.00
GET      /health                                                                           12     0(0.00%) |      2       2       6      2 |    0.10        0.00
--------|----------------------------------------------------------------------------|-------|-------------|-------|-------|-------|-------|--------|-----------
         Aggregated                                                                       155     0(0.00%) |    159       2     565    140 |    2.20        0.00

Type     Name                                                                          # reqs      # fails |    Avg     Min     Max    Med |   req/s  failures/s
--------|----------------------------------------------------------------------------|-------|-------------|-------|-------|-------|-------|--------|-----------
POST     /api/book                                                                        125     0(0.00%) |    202     110     565    140 |    1.80        0.00
GET      /api/concerts                                                                     24     0(0.00%) |      6       2      52      3 |    0.20        0.00
GET      /health                                                                           12     0(0.00%) |      2       2       6      2 |    0.10        0.00
--------|----------------------------------------------------------------------------|-------|-------------|-------|-------|-------|-------|--------|-----------
         Aggregated                                                                       161     0(0.00%) |    158       2     565    140 |    2.10        0.00

Type     Name                                                                          # reqs      # fails |    Avg     Min     Max    Med |   req/s  failures/s
--------|----------------------------------------------------------------------------|-------|-------------|-------|-------|-------|-------|--------|-----------
POST     /api/book                                                                        128     0(0.00%) |    206     110     565    140 |    1.90        0.00
GET      /api/concerts                                                                     24     0(0.00%) |      6       2      52      3 |    0.50        0.00
GET      /health                                                                           13     0(0.00%) |      2       2       6      2 |    0.10        0.00
--------|----------------------------------------------------------------------------|-------|-------------|-------|-------|-------|-------|--------|-----------
         Aggregated                                                                       165     0(0.00%) |    161       2     565    140 |    2.50        0.00

Type     Name                                                                          # reqs      # fails |    Avg     Min     Max    Med |   req/s  failures/s
--------|----------------------------------------------------------------------------|-------|-------------|-------|-------|-------|-------|--------|-----------
POST     /api/book                                                                        131     0(0.00%) |    207     110     565    140 |    1.70        0.00
GET      /api/concerts                                                                     24     0(0.00%) |      6       2      52      3 |    0.50        0.00
GET      /health                                                                           13     0(0.00%) |      2       2       6      2 |    0.10        0.00
--------|----------------------------------------------------------------------------|-------|-------------|-------|-------|-------|-------|--------|-----------
         Aggregated                                                                       168     0(0.00%) |    163       2     565    140 |    2.30        0.00

Type     Name                                                                          # reqs      # fails |    Avg     Min     Max    Med |   req/s  failures/s
--------|----------------------------------------------------------------------------|-------|-------------|-------|-------|-------|-------|--------|-----------
POST     /api/book                                                                        135     0(0.00%) |    209     110     565    140 |    1.90        0.00
GET      /api/concerts                                                                     26     0(0.00%) |      6       2      52      3 |    0.40        0.00
GET      /health                                                                           13     0(0.00%) |      2       2       6      2 |    0.10        0.00
--------|----------------------------------------------------------------------------|-------|-------------|-------|-------|-------|-------|--------|-----------
         Aggregated                                                                       174     0(0.00%) |    163       2     565    140 |    2.40        0.00

Type     Name                                                                          # reqs      # fails |    Avg     Min     Max    Med |   req/s  failures/s
--------|----------------------------------------------------------------------------|-------|-------------|-------|-------|-------|-------|--------|-----------
POST     /api/book                                                                        139     0(0.00%) |    207     110     565    140 |    1.80        0.00
GET      /api/concerts                                                                     26     0(0.00%) |      6       2      52      3 |    0.40        0.00
GET      /health                                                                           13     0(0.00%) |      2       2       6      2 |    0.10        0.00
--------|----------------------------------------------------------------------------|-------|-------------|-------|-------|-------|-------|--------|-----------
         Aggregated                                                                       178     0(0.00%) |    163       2     565    140 |    2.30        0.00

Type     Name                                                                          # reqs      # fails |    Avg     Min     Max    Med |   req/s  failures/s
--------|----------------------------------------------------------------------------|-------|-------------|-------|-------|-------|-------|--------|-----------
POST     /api/book                                                                        141     0(0.00%) |    207     110     565    140 |    1.70        0.00
GET      /api/concerts                                                                     28     0(0.00%) |      6       2      52      3 |    0.50        0.00
GET      /health                                                                           13     0(0.00%) |      2       2       6      2 |    0.10        0.00
--------|----------------------------------------------------------------------------|-------|-------------|-------|-------|-------|-------|--------|-----------
         Aggregated                                                                       182     0(0.00%) |    162       2     565    140 |    2.30        0.00

Type     Name                                                                          # reqs      # fails |    Avg     Min     Max    Med |   req/s  failures/s
--------|----------------------------------------------------------------------------|-------|-------------|-------|-------|-------|-------|--------|-----------
POST     /api/book                                                                        147     0(0.00%) |    205     110     565    140 |    1.60        0.00
GET      /api/concerts                                                                     28     0(0.00%) |      6       2      52      3 |    0.40        0.00
GET      /health                                                                           13     0(0.00%) |      2       2       6      2 |    0.10        0.00
--------|----------------------------------------------------------------------------|-------|-------------|-------|-------|-------|-------|--------|-----------
         Aggregated                                                                       188     0(0.00%) |    162       2     565    140 |    2.10        0.00

Type     Name                                                                          # reqs      # fails |    Avg     Min     Max    Med |   req/s  failures/s
--------|----------------------------------------------------------------------------|-------|-------------|-------|-------|-------|-------|--------|-----------
POST     /api/book                                                                        150     0(0.00%) |    206     110     565    140 |    2.00        0.00
GET      /api/concerts                                                                     29     0(0.00%) |      6       2      52      3 |    0.40        0.00
GET      /health                                                                           13     0(0.00%) |      2       2       6      2 |    0.00        0.00
--------|----------------------------------------------------------------------------|-------|-------------|-------|-------|-------|-------|--------|-----------
         Aggregated                                                                       192     0(0.00%) |    162       2     565    140 |    2.40        0.00

Type     Name                                                                          # reqs      # fails |    Avg     Min     Max    Med |   req/s  failures/s
--------|----------------------------------------------------------------------------|-------|-------------|-------|-------|-------|-------|--------|-----------
POST     /api/book                                                                        155     0(0.00%) |    208     110     565    140 |    1.80        0.00
GET      /api/concerts                                                                     30     0(0.00%) |      6       2      52      3 |    0.40        0.00
GET      /health                                                                           13     0(0.00%) |      2       2       6      2 |    0.00        0.00
--------|----------------------------------------------------------------------------|-------|-------------|-------|-------|-------|-------|--------|-----------
         Aggregated                                                                       198     0(0.00%) |    164       2     565    140 |    2.20        0.00

Type     Name                                                                          # reqs      # fails |    Avg     Min     Max    Med |   req/s  failures/s
--------|----------------------------------------------------------------------------|-------|-------------|-------|-------|-------|-------|--------|-----------
POST     /api/book                                                                        158     0(0.00%) |    206     110     565    140 |    1.80        0.00
GET      /api/concerts                                                                     31     0(0.00%) |      6       2      52      3 |    0.50        0.00
GET      /health                                                                           13     0(0.00%) |      2       2       6      2 |    0.00        0.00
--------|----------------------------------------------------------------------------|-------|-------------|-------|-------|-------|-------|--------|-----------
         Aggregated                                                                       202     0(0.00%) |    163       2     565    140 |    2.30        0.00

Type     Name                                                                          # reqs      # fails |    Avg     Min     Max    Med |   req/s  failures/s
--------|----------------------------------------------------------------------------|-------|-------------|-------|-------|-------|-------|--------|-----------
POST     /api/book                                                                        161     0(0.00%) |    205     110     565    140 |    1.90        0.00
GET      /api/concerts                                                                     31     0(0.00%) |      6       2      52      3 |    0.40        0.00
GET      /health                                                                           13     0(0.00%) |      2       2       6      2 |    0.00        0.00
--------|----------------------------------------------------------------------------|-------|-------------|-------|-------|-------|-------|--------|-----------
         Aggregated                                                                       205     0(0.00%) |    162       2     565    140 |    2.30        0.00

Type     Name                                                                          # reqs      # fails |    Avg     Min     Max    Med |   req/s  failures/s
--------|----------------------------------------------------------------------------|-------|-------------|-------|-------|-------|-------|--------|-----------
POST     /api/book                                                                        165     0(0.00%) |    204     110     565    140 |    2.00        0.00
GET      /api/concerts                                                                     31     0(0.00%) |      6       2      52      3 |    0.30        0.00
GET      /health                                                                           13     0(0.00%) |      2       2       6      2 |    0.00        0.00
--------|----------------------------------------------------------------------------|-------|-------------|-------|-------|-------|-------|--------|-----------
         Aggregated                                                                       209     0(0.00%) |    162       2     565    140 |    2.30        0.00

Type     Name                                                                          # reqs      # fails |    Avg     Min     Max    Med |   req/s  failures/s
--------|----------------------------------------------------------------------------|-------|-------------|-------|-------|-------|-------|--------|-----------
POST     /api/book                                                                        170     0(0.00%) |    208     110     565    140 |    1.90        0.00
GET      /api/concerts                                                                     31     0(0.00%) |      6       2      52      3 |    0.30        0.00
GET      /health                                                                           13     0(0.00%) |      2       2       6      2 |    0.00        0.00
--------|----------------------------------------------------------------------------|-------|-------------|-------|-------|-------|-------|--------|-----------
         Aggregated                                                                       214     0(0.00%) |    166       2     565    140 |    2.20        0.00

Type     Name                                                                          # reqs      # fails |    Avg     Min     Max    Med |   req/s  failures/s
--------|----------------------------------------------------------------------------|-------|-------------|-------|-------|-------|-------|--------|-----------
POST     /api/book                                                                        173     0(0.00%) |    207     110     565    140 |    2.00        0.00
GET      /api/concerts                                                                     32     0(0.00%) |      6       2      52      3 |    0.30        0.00
GET      /health                                                                           13     0(0.00%) |      2       2       6      2 |    0.00        0.00
--------|----------------------------------------------------------------------------|-------|-------------|-------|-------|-------|-------|--------|-----------
         Aggregated                                                                       218     0(0.00%) |    165       2     565    140 |    2.30        0.00

Type     Name                                                                          # reqs      # fails |    Avg     Min     Max    Med |   req/s  failures/s
--------|----------------------------------------------------------------------------|-------|-------------|-------|-------|-------|-------|--------|-----------
POST     /api/book                                                                        177     0(0.00%) |    207     110     565    140 |    1.90        0.00
GET      /api/concerts                                                                     32     0(0.00%) |      6       2      52      3 |    0.20        0.00
GET      /health                                                                           15     0(0.00%) |      2       2       6      2 |    0.00        0.00
--------|----------------------------------------------------------------------------|-------|-------------|-------|-------|-------|-------|--------|-----------
         Aggregated                                                                       224     0(0.00%) |    164       2     565    140 |    2.10        0.00

Type     Name                                                                          # reqs      # fails |    Avg     Min     Max    Med |   req/s  failures/s
--------|----------------------------------------------------------------------------|-------|-------------|-------|-------|-------|-------|--------|-----------
POST     /api/book                                                                        181     0(0.00%) |    212     110     565    140 |    1.90        0.00
GET      /api/concerts                                                                     33     0(0.00%) |      6       2      52      3 |    0.20        0.00
GET      /health                                                                           15     0(0.00%) |      2       2       6      2 |    0.20        0.00
--------|----------------------------------------------------------------------------|-------|-------------|-------|-------|-------|-------|--------|-----------
         Aggregated                                                                       229     0(0.00%) |    168       2     565    140 |    2.30        0.00

Type     Name                                                                          # reqs      # fails |    Avg     Min     Max    Med |   req/s  failures/s
--------|----------------------------------------------------------------------------|-------|-------------|-------|-------|-------|-------|--------|-----------
POST     /api/book                                                                        184     0(0.00%) |    212     110     565    140 |    1.90        0.00
GET      /api/concerts                                                                     35     0(0.00%) |      6       2      52      3 |    0.20        0.00
GET      /health                                                                           15     0(0.00%) |      2       2       6      2 |    0.20        0.00
--------|----------------------------------------------------------------------------|-------|-------------|-------|-------|-------|-------|--------|-----------
         Aggregated                                                                       234     0(0.00%) |    168       2     565    140 |    2.30        0.00

Type     Name                                                                          # reqs      # fails |    Avg     Min     Max    Med |   req/s  failures/s
--------|----------------------------------------------------------------------------|-------|-------------|-------|-------|-------|-------|--------|-----------
POST     /api/book                                                                        188     0(0.00%) |    211     110     565    140 |    1.90        0.00
GET      /api/concerts                                                                     35     0(0.00%) |      6       2      52      3 |    0.30        0.00
GET      /health                                                                           15     0(0.00%) |      2       2       6      2 |    0.20        0.00
--------|----------------------------------------------------------------------------|-------|-------------|-------|-------|-------|-------|--------|-----------
         Aggregated                                                                       238     0(0.00%) |    168       2     565    140 |    2.40        0.00

Type     Name                                                                          # reqs      # fails |    Avg     Min     Max    Med |   req/s  failures/s
--------|----------------------------------------------------------------------------|-------|-------------|-------|-------|-------|-------|--------|-----------
POST     /api/book                                                                        193     0(0.00%) |    211     110     565    140 |    1.80        0.00
GET      /api/concerts                                                                     35     0(0.00%) |      6       2      52      3 |    0.40        0.00
GET      /health                                                                           15     0(0.00%) |      2       2       6      2 |    0.20        0.00
--------|----------------------------------------------------------------------------|-------|-------------|-------|-------|-------|-------|--------|-----------
         Aggregated                                                                       243     0(0.00%) |    169       2     565    140 |    2.40        0.00

Type     Name                                                                          # reqs      # fails |    Avg     Min     Max    Med |   req/s  failures/s
--------|----------------------------------------------------------------------------|-------|-------------|-------|-------|-------|-------|--------|-----------
POST     /api/book                                                                        197     0(0.00%) |    212     110     565    140 |    1.90        0.00
GET      /api/concerts                                                                     35     0(0.00%) |      6       2      52      3 |    0.30        0.00
GET      /health                                                                           15     0(0.00%) |      2       2       6      2 |    0.20        0.00
--------|----------------------------------------------------------------------------|-------|-------------|-------|-------|-------|-------|--------|-----------
         Aggregated                                                                       247     0(0.00%) |    170       2     565    140 |    2.40        0.00

Type     Name                                                                          # reqs      # fails |    Avg     Min     Max    Med |   req/s  failures/s
--------|----------------------------------------------------------------------------|-------|-------------|-------|-------|-------|-------|--------|-----------
POST     /api/book                                                                        201     0(0.00%) |    214     110     565    140 |    1.90        0.00
GET      /api/concerts                                                                     36     0(0.00%) |      5       2      52      3 |    0.30        0.00
GET      /health                                                                           15     0(0.00%) |      2       2       6      2 |    0.00        0.00
--------|----------------------------------------------------------------------------|-------|-------------|-------|-------|-------|-------|--------|-----------
         Aggregated                                                                       252     0(0.00%) |    172       2     565    140 |    2.20        0.00

Type     Name                                                                          # reqs      # fails |    Avg     Min     Max    Med |   req/s  failures/s
--------|----------------------------------------------------------------------------|-------|-------------|-------|-------|-------|-------|--------|-----------
POST     /api/book                                                                        205     0(0.00%) |    214     110     565    140 |    2.30        0.00
GET      /api/concerts                                                                     36     0(0.00%) |      5       2      52      3 |    0.20        0.00
GET      /health                                                                           15     0(0.00%) |      2       2       6      2 |    0.00        0.00
--------|----------------------------------------------------------------------------|-------|-------------|-------|-------|-------|-------|--------|-----------
         Aggregated                                                                       256     0(0.00%) |    172       2     565    140 |    2.50        0.00

Type     Name                                                                          # reqs      # fails |    Avg     Min     Max    Med |   req/s  failures/s
--------|----------------------------------------------------------------------------|-------|-------------|-------|-------|-------|-------|--------|-----------
POST     /api/book                                                                        210     0(0.00%) |    220     110     628    140 |    2.00        0.00
GET      /api/concerts                                                                     36     0(0.00%) |      5       2      52      3 |    0.30        0.00
GET      /health                                                                           15     0(0.00%) |      2       2       6      2 |    0.00        0.00
--------|----------------------------------------------------------------------------|-------|-------------|-------|-------|-------|-------|--------|-----------
         Aggregated                                                                       261     0(0.00%) |    178       2     628    140 |    2.30        0.00

Type     Name                                                                          # reqs      # fails |    Avg     Min     Max    Med |   req/s  failures/s
--------|----------------------------------------------------------------------------|-------|-------------|-------|-------|-------|-------|--------|-----------
POST     /api/book                                                                        215     0(0.00%) |    220     110     628    140 |    2.30        0.00
GET      /api/concerts                                                                     36     0(0.00%) |      5       2      52      3 |    0.10        0.00
GET      /health                                                                           15     0(0.00%) |      2       2       6      2 |    0.00        0.00
--------|----------------------------------------------------------------------------|-------|-------------|-------|-------|-------|-------|--------|-----------
         Aggregated                                                                       266     0(0.00%) |    179       2     628    140 |    2.40        0.00

Type     Name                                                                          # reqs      # fails |    Avg     Min     Max    Med |   req/s  failures/s
--------|----------------------------------------------------------------------------|-------|-------------|-------|-------|-------|-------|--------|-----------
POST     /api/book                                                                        218     0(0.00%) |    219     110     628    140 |    2.40        0.00
GET      /api/concerts                                                                     36     0(0.00%) |      5       2      52      3 |    0.10        0.00
GET      /health                                                                           16     0(0.00%) |      2       2       6      2 |    0.00        0.00
--------|----------------------------------------------------------------------------|-------|-------------|-------|-------|-------|-------|--------|-----------
         Aggregated                                                                       270     0(0.00%) |    178       2     628    140 |    2.50        0.00

Type     Name                                                                          # reqs      # fails |    Avg     Min     Max    Med |   req/s  failures/s
--------|----------------------------------------------------------------------------|-------|-------------|-------|-------|-------|-------|--------|-----------
POST     /api/book                                                                        224     0(0.00%) |    223     110     628    140 |    2.30        0.00
GET      /api/concerts                                                                     36     0(0.00%) |      5       2      52      3 |    0.10        0.00
GET      /health                                                                           16     0(0.00%) |      2       2       6      2 |    0.10        0.00
--------|----------------------------------------------------------------------------|-------|-------------|-------|-------|-------|-------|--------|-----------
         Aggregated                                                                       276     0(0.00%) |    182       2     628    140 |    2.50        0.00

[2026-06-06 14:04:43,602] ip-172-31-20-158/INFO/locust.runners: Shape test updating to 40 users at 5.00 spawn rate
[2026-06-06 14:04:43,602] ip-172-31-20-158/INFO/locust.runners: Ramping to 40 users at a rate of 5.00 per second
Type     Name                                                                          # reqs      # fails |    Avg     Min     Max    Med |   req/s  failures/s
--------|----------------------------------------------------------------------------|-------|-------------|-------|-------|-------|-------|--------|-----------
POST     /api/book                                                                        234     0(0.00%) |    240     110     768    140 |    2.10        0.00
GET      /api/concerts                                                                     39     0(0.00%) |      6       2      52      3 |    0.00        0.00
GET      /health                                                                           16     0(0.00%) |      2       2       6      2 |    0.10        0.00
--------|----------------------------------------------------------------------------|-------|-------------|-------|-------|-------|-------|--------|-----------
         Aggregated                                                                       289     0(0.00%) |    195       2     768    140 |    2.20        0.00

Type     Name                                                                          # reqs      # fails |    Avg     Min     Max    Med |   req/s  failures/s
--------|----------------------------------------------------------------------------|-------|-------------|-------|-------|-------|-------|--------|-----------
POST     /api/book                                                                        245     0(0.00%) |    274     110    1473    150 |    2.50        0.00
GET      /api/concerts                                                                     40     0(0.00%) |      6       2      52      3 |    0.30        0.00
GET      /health                                                                           19     0(0.00%) |      5       2      43      3 |    0.10        0.00
--------|----------------------------------------------------------------------------|-------|-------------|-------|-------|-------|-------|--------|-----------
         Aggregated                                                                       304     0(0.00%) |    222       2    1473    140 |    2.90        0.00

Type     Name                                                                          # reqs      # fails |    Avg     Min     Max    Med |   req/s  failures/s
--------|----------------------------------------------------------------------------|-------|-------------|-------|-------|-------|-------|--------|-----------
POST     /api/book                                                                        263     0(0.00%) |    309     110    1473    170 |    2.90        0.00
GET      /api/concerts                                                                     49     0(0.00%) |     12       2      80      3 |    0.40        0.00
GET      /health                                                                           23     0(0.00%) |     13       2      65      3 |    0.40        0.00
--------|----------------------------------------------------------------------------|-------|-------------|-------|-------|-------|-------|--------|-----------
         Aggregated                                                                       335     0(0.00%) |    245       2    1473    140 |    3.70        0.00

[2026-06-06 14:04:49,612] ip-172-31-20-158/INFO/locust.runners: All users spawned: {"TicketingUser": 40} (40 total users)
Type     Name                                                                          # reqs      # fails |    Avg     Min     Max    Med |   req/s  failures/s
--------|----------------------------------------------------------------------------|-------|-------------|-------|-------|-------|-------|--------|-----------
POST     /api/book                                                                        268     0(0.00%) |    329     110    2867    170 |    4.70        0.00
GET      /api/concerts                                                                     50     0(0.00%) |     12       2      80      3 |    1.00        0.00
GET      /health                                                                           23     0(0.00%) |     13       2      65      3 |    0.70        0.00
--------|----------------------------------------------------------------------------|-------|-------------|-------|-------|-------|-------|--------|-----------
         Aggregated                                                                       341     0(0.00%) |    261       2    2867    140 |    6.40        0.00

Type     Name                                                                          # reqs      # fails |    Avg     Min     Max    Med |   req/s  failures/s
--------|----------------------------------------------------------------------------|-------|-------------|-------|-------|-------|-------|--------|-----------
POST     /api/book                                                                        286     0(0.00%) |    434     110    3639    210 |    4.80        0.00
GET      /api/concerts                                                                     51     0(0.00%) |     15       2     188      3 |    1.40        0.00
GET      /health                                                                           23     0(0.00%) |     13       2      65      3 |    0.70        0.00
--------|----------------------------------------------------------------------------|-------|-------------|-------|-------|-------|-------|--------|-----------
         Aggregated                                                                       360     0(0.00%) |    347       2    3639    140 |    6.90        0.00

Type     Name                                                                          # reqs      # fails |    Avg     Min     Max    Med |   req/s  failures/s
--------|----------------------------------------------------------------------------|-------|-------------|-------|-------|-------|-------|--------|-----------
POST     /api/book                                                                        304     0(0.00%) |    616     110    5617    230 |    6.20        0.00
GET      /api/concerts                                                                     51     0(0.00%) |     15       2     188      3 |    1.40        0.00
GET      /health                                                                           24     0(0.00%) |     14       2      65      3 |    0.70        0.00
--------|----------------------------------------------------------------------------|-------|-------------|-------|-------|-------|-------|--------|-----------
         Aggregated                                                                       379     0(0.00%) |    497       2    5617    140 |    8.30        0.00

Type     Name                                                                          # reqs      # fails |    Avg     Min     Max    Med |   req/s  failures/s
--------|----------------------------------------------------------------------------|-------|-------------|-------|-------|-------|-------|--------|-----------
POST     /api/book                                                                        331     0(0.00%) |    732     110    5617    260 |    6.60        0.00
GET      /api/concerts                                                                     58     0(0.00%) |     16       2     188      3 |    1.20        0.00
GET      /health                                                                           24     0(0.00%) |     14       2      65      3 |    0.80        0.00
--------|----------------------------------------------------------------------------|-------|-------------|-------|-------|-------|-------|--------|-----------
         Aggregated                                                                       413     0(0.00%) |    590       2    5617    140 |    8.60        0.00

Type     Name                                                                          # reqs      # fails |    Avg     Min     Max    Med |   req/s  failures/s
--------|----------------------------------------------------------------------------|-------|-------------|-------|-------|-------|-------|--------|-----------
POST     /api/book                                                                        341     0(0.00%) |    734     110    5617    260 |    9.00        0.00
GET      /api/concerts                                                                     62     0(0.00%) |     16       2     188      3 |    1.60        0.00
GET      /health                                                                           27     0(0.00%) |     13       2      65      3 |    0.50        0.00
--------|----------------------------------------------------------------------------|-------|-------------|-------|-------|-------|-------|--------|-----------
         Aggregated                                                                       430     0(0.00%) |    585       2    5617    140 |   11.10        0.00

Type     Name                                                                          # reqs      # fails |    Avg     Min     Max    Med |   req/s  failures/s
--------|----------------------------------------------------------------------------|-------|-------------|-------|-------|-------|-------|--------|-----------
POST     /api/book                                                                        351     0(0.00%) |    742     110    5617    280 |    7.80        0.00
GET      /api/concerts                                                                     65     0(0.00%) |     18       2     188      3 |    1.50        0.00
GET      /health                                                                           28     0(0.00%) |     12       2      65      3 |    0.50        0.00
--------|----------------------------------------------------------------------------|-------|-------------|-------|-------|-------|-------|--------|-----------
         Aggregated                                                                       444     0(0.00%) |    590       2    5617    150 |    9.80        0.00

Type     Name                                                                          # reqs      # fails |    Avg     Min     Max    Med |   req/s  failures/s
--------|----------------------------------------------------------------------------|-------|-------------|-------|-------|-------|-------|--------|-----------
POST     /api/book                                                                        361     0(0.00%) |    826     110    5617    290 |    8.20        0.00
GET      /api/concerts                                                                     65     0(0.00%) |     18       2     188      3 |    1.50        0.00
GET      /health                                                                           29     0(0.00%) |     15       2      85      3 |    0.40        0.00
--------|----------------------------------------------------------------------------|-------|-------------|-------|-------|-------|-------|--------|-----------
         Aggregated                                                                       455     0(0.00%) |    659       2    5617    160 |   10.10        0.00

Type     Name                                                                          # reqs      # fails |    Avg     Min     Max    Med |   req/s  failures/s
--------|----------------------------------------------------------------------------|-------|-------------|-------|-------|-------|-------|--------|-----------
POST     /api/book                                                                        394     0(0.00%) |   1065     110    6935    310 |    7.30        0.00
GET      /api/concerts                                                                     67     0(0.00%) |     19       2     188      3 |    1.50        0.00
GET      /health                                                                           29     0(0.00%) |     15       2      85      3 |    0.60        0.00
--------|----------------------------------------------------------------------------|-------|-------------|-------|-------|-------|-------|--------|-----------
         Aggregated                                                                       490     0(0.00%) |    860       2    6935    190 |    9.40        0.00

Type     Name                                                                          # reqs      # fails |    Avg     Min     Max    Med |   req/s  failures/s
--------|----------------------------------------------------------------------------|-------|-------------|-------|-------|-------|-------|--------|-----------
POST     /api/book                                                                        407     0(0.00%) |   1053     110    6935    320 |    8.50        0.00
GET      /api/concerts                                                                     75     0(0.00%) |     19       2     188      3 |    1.60        0.00
GET      /health                                                                           31     0(0.00%) |     15       2      85      3 |    0.50        0.00
--------|----------------------------------------------------------------------------|-------|-------------|-------|-------|-------|-------|--------|-----------
         Aggregated                                                                       513     0(0.00%) |    839       2    6935    200 |   10.60        0.00

Type     Name                                                                          # reqs      # fails |    Avg     Min     Max    Med |   req/s  failures/s
--------|----------------------------------------------------------------------------|-------|-------------|-------|-------|-------|-------|--------|-----------
POST     /api/book                                                                        418     0(0.00%) |   1045      98    6935    320 |    7.30        0.00
GET      /api/concerts                                                                     77     0(0.00%) |     19       2     188      3 |    1.70        0.00
GET      /health                                                                           35     0(0.00%) |     15       2      85      3 |    0.70        0.00
--------|----------------------------------------------------------------------------|-------|-------------|-------|-------|-------|-------|--------|-----------
         Aggregated                                                                       530     0(0.00%) |    828       2    6935    190 |    9.70        0.00

Type     Name                                                                          # reqs      # fails |    Avg     Min     Max    Med |   req/s  failures/s
--------|----------------------------------------------------------------------------|-------|-------------|-------|-------|-------|-------|--------|-----------
POST     /api/book                                                                        428     0(0.00%) |   1064      98    6935    320 |    7.80        0.00
GET      /api/concerts                                                                     78     0(0.00%) |     19       2     188      3 |    1.50        0.00
GET      /health                                                                           36     0(0.00%) |     15       2      85      3 |    0.70        0.00
--------|----------------------------------------------------------------------------|-------|-------------|-------|-------|-------|-------|--------|-----------
         Aggregated                                                                       542     0(0.00%) |    844       2    6935    210 |   10.00        0.00

Type     Name                                                                          # reqs      # fails |    Avg     Min     Max    Med |   req/s  failures/s
--------|----------------------------------------------------------------------------|-------|-------------|-------|-------|-------|-------|--------|-----------
POST     /api/book                                                                        457     0(0.00%) |   1233      98    6935    380 |    7.10        0.00
GET      /api/concerts                                                                     80     0(0.00%) |     26       2     634      3 |    1.20        0.00
GET      /health                                                                           37     0(0.00%) |     16       2      85      3 |    0.90        0.00
--------|----------------------------------------------------------------------------|-------|-------------|-------|-------|-------|-------|--------|-----------
         Aggregated                                                                       574     0(0.00%) |    986       2    6935    240 |    9.20        0.00

Type     Name                                                                          # reqs      # fails |    Avg     Min     Max    Med |   req/s  failures/s
--------|----------------------------------------------------------------------------|-------|-------------|-------|-------|-------|-------|--------|-----------
POST     /api/book                                                                        473     0(0.00%) |   1208      98    6935    380 |    9.90        0.00
GET      /api/concerts                                                                     89     0(0.00%) |     27       2     634      3 |    1.50        0.00
GET      /health                                                                           40     0(0.00%) |     16       2      85      3 |    0.70        0.00
--------|----------------------------------------------------------------------------|-------|-------------|-------|-------|-------|-------|--------|-----------
         Aggregated                                                                       602     0(0.00%) |    954       2    6935    240 |   12.10        0.00

Type     Name                                                                          # reqs      # fails |    Avg     Min     Max    Med |   req/s  failures/s
--------|----------------------------------------------------------------------------|-------|-------------|-------|-------|-------|-------|--------|-----------
POST     /api/book                                                                        481     0(0.00%) |   1204      98    6935    380 |    9.60        0.00
GET      /api/concerts                                                                     91     0(0.00%) |     27       2     634      4 |    1.70        0.00
GET      /health                                                                           42     0(0.00%) |     15       2      85      3 |    0.90        0.00
--------|----------------------------------------------------------------------------|-------|-------------|-------|-------|-------|-------|--------|-----------
         Aggregated                                                                       614     0(0.00%) |    949       2    6935    230 |   12.20        0.00

Type     Name                                                                          # reqs      # fails |    Avg     Min     Max    Med |   req/s  failures/s
--------|----------------------------------------------------------------------------|-------|-------------|-------|-------|-------|-------|--------|-----------
POST     /api/book                                                                        498     0(0.00%) |   1227      98    6935    410 |    7.90        0.00
GET      /api/concerts                                                                     91     0(0.00%) |     27       2     634      4 |    1.80        0.00
GET      /health                                                                           43     0(0.00%) |     16       2      85      3 |    1.10        0.00
--------|----------------------------------------------------------------------------|-------|-------------|-------|-------|-------|-------|--------|-----------
         Aggregated                                                                       632     0(0.00%) |    972       2    6935    250 |   10.80        0.00

Type     Name                                                                          # reqs      # fails |    Avg     Min     Max    Med |   req/s  failures/s
--------|----------------------------------------------------------------------------|-------|-------------|-------|-------|-------|-------|--------|-----------
POST     /api/book                                                                        515     0(0.00%) |   1258      98    6935    420 |    7.80        0.00
GET      /api/concerts                                                                     96     0(0.00%) |     28       2     634      4 |    1.50        0.00
GET      /health                                                                           43     0(0.00%) |     16       2      85      3 |    0.80        0.00
--------|----------------------------------------------------------------------------|-------|-------------|-------|-------|-------|-------|--------|-----------
         Aggregated                                                                       654     0(0.00%) |    996       2    6935    270 |   10.10        0.00

Type     Name                                                                          # reqs      # fails |    Avg     Min     Max    Med |   req/s  failures/s
--------|----------------------------------------------------------------------------|-------|-------------|-------|-------|-------|-------|--------|-----------
POST     /api/book                                                                        539     0(0.00%) |   1308      98    6935    430 |    9.40        0.00
GET      /api/concerts                                                                    101     0(0.00%) |     28       2     634      6 |    1.90        0.00
GET      /health                                                                           44     0(0.00%) |     17       2      85      3 |    0.70        0.00
--------|----------------------------------------------------------------------------|-------|-------------|-------|-------|-------|-------|--------|-----------
         Aggregated                                                                       684     0(0.00%) |   1036       2    6935    290 |   12.00        0.00

Type     Name                                                                          # reqs      # fails |    Avg     Min     Max    Med |   req/s  failures/s
--------|----------------------------------------------------------------------------|-------|-------------|-------|-------|-------|-------|--------|-----------
POST     /api/book                                                                        557     0(0.00%) |   1323      98    6935    470 |    8.30        0.00
GET      /api/concerts                                                                    102     0(0.00%) |     28       2     634      6 |    1.90        0.00
GET      /health                                                                           45     0(0.00%) |     19       2      85      3 |    0.80        0.00
--------|----------------------------------------------------------------------------|-------|-------------|-------|-------|-------|-------|--------|-----------
         Aggregated                                                                       704     0(0.00%) |   1052       2    6935    290 |   11.00        0.00

Type     Name                                                                          # reqs      # fails |    Avg     Min     Max    Med |   req/s  failures/s
--------|----------------------------------------------------------------------------|-------|-------------|-------|-------|-------|-------|--------|-----------
POST     /api/book                                                                        571     0(0.00%) |   1321      98    6935    470 |    8.20        0.00
GET      /api/concerts                                                                    108     0(0.00%) |     30       2     634      7 |    1.90        0.00
GET      /health                                                                           47     0(0.00%) |     19       2      85      6 |    0.40        0.00
--------|----------------------------------------------------------------------------|-------|-------------|-------|-------|-------|-------|--------|-----------
         Aggregated                                                                       726     0(0.00%) |   1045       2    6935    300 |   10.50        0.00

Type     Name                                                                          # reqs      # fails |    Avg     Min     Max    Med |   req/s  failures/s
--------|----------------------------------------------------------------------------|-------|-------------|-------|-------|-------|-------|--------|-----------
POST     /api/book                                                                        593     0(0.00%) |   1371      98    6935    500 |    8.70        0.00
GET      /api/concerts                                                                    111     0(0.00%) |     36       2     681      8 |    1.70        0.00
GET      /health                                                                           47     0(0.00%) |     19       2      85      6 |    0.50        0.00
--------|----------------------------------------------------------------------------|-------|-------------|-------|-------|-------|-------|--------|-----------
         Aggregated                                                                       751     0(0.00%) |   1089       2    6935    310 |   10.90        0.00

Type     Name                                                                          # reqs      # fails |    Avg     Min     Max    Med |   req/s  failures/s
--------|----------------------------------------------------------------------------|-------|-------------|-------|-------|-------|-------|--------|-----------
POST     /api/book                                                                        608     0(0.00%) |   1369      98    6935    520 |    9.30        0.00
GET      /api/concerts                                                                    117     0(0.00%) |     36       2     681     10 |    2.00        0.00
GET      /health                                                                           48     0(0.00%) |     19       2      85      6 |    0.50        0.00
--------|----------------------------------------------------------------------------|-------|-------------|-------|-------|-------|-------|--------|-----------
         Aggregated                                                                       773     0(0.00%) |   1084       2    6935    310 |   11.80        0.00

Type     Name                                                                          # reqs      # fails |    Avg     Min     Max    Med |   req/s  failures/s
--------|----------------------------------------------------------------------------|-------|-------------|-------|-------|-------|-------|--------|-----------
POST     /api/book                                                                        618     0(0.00%) |   1365      98    6935    510 |    9.30        0.00
GET      /api/concerts                                                                    121     0(0.00%) |     37       2     681     10 |    2.00        0.00
GET      /health                                                                           50     0(0.00%) |     20       2      85      6 |    0.50        0.00
--------|----------------------------------------------------------------------------|-------|-------------|-------|-------|-------|-------|--------|-----------
         Aggregated                                                                       789     0(0.00%) |   1076       2    6935    310 |   11.80        0.00

Type     Name                                                                          # reqs      # fails |    Avg     Min     Max    Med |   req/s  failures/s
--------|----------------------------------------------------------------------------|-------|-------------|-------|-------|-------|-------|--------|-----------
POST     /api/book                                                                        647     0(0.00%) |   1427      98    6935    560 |    7.80        0.00
GET      /api/concerts                                                                    127     0(0.00%) |     35       2     681     10 |    2.20        0.00
GET      /health                                                                           52     0(0.00%) |     27       2     322      6 |    0.50        0.00
--------|----------------------------------------------------------------------------|-------|-------------|-------|-------|-------|-------|--------|-----------
         Aggregated                                                                       826     0(0.00%) |   1125       2    6935    320 |   10.50        0.00

Type     Name                                                                          # reqs      # fails |    Avg     Min     Max    Med |   req/s  failures/s
--------|----------------------------------------------------------------------------|-------|-------------|-------|-------|-------|-------|--------|-----------
POST     /api/book                                                                        663     0(0.00%) |   1413      98    6935    570 |    8.30        0.00
GET      /api/concerts                                                                    132     0(0.00%) |     35       2     681      8 |    2.20        0.00
GET      /health                                                                           56     0(0.00%) |     27       2     322      7 |    0.60        0.00
--------|----------------------------------------------------------------------------|-------|-------------|-------|-------|-------|-------|--------|-----------
         Aggregated                                                                       851     0(0.00%) |   1108       2    6935    320 |   11.10        0.00

Type     Name                                                                          # reqs      # fails |    Avg     Min     Max    Med |   req/s  failures/s
--------|----------------------------------------------------------------------------|-------|-------------|-------|-------|-------|-------|--------|-----------
POST     /api/book                                                                        677     0(0.00%) |   1405      98    6935    570 |    9.10        0.00
GET      /api/concerts                                                                    138     0(0.00%) |     34       2     681     10 |    2.00        0.00
GET      /health                                                                           60     0(0.00%) |     27       2     322      8 |    0.60        0.00
--------|----------------------------------------------------------------------------|-------|-------------|-------|-------|-------|-------|--------|-----------
         Aggregated                                                                       875     0(0.00%) |   1094       2    6935    320 |   11.70        0.00

Type     Name                                                                          # reqs      # fails |    Avg     Min     Max    Med |   req/s  failures/s
--------|----------------------------------------------------------------------------|-------|-------------|-------|-------|-------|-------|--------|-----------
POST     /api/book                                                                        693     0(0.00%) |   1403      92    6935    590 |    8.50        0.00
GET      /api/concerts                                                                    143     0(0.00%) |     34       2     681     13 |    2.50        0.00
GET      /health                                                                           65     0(0.00%) |     28       2     322      9 |    1.30        0.00
--------|----------------------------------------------------------------------------|-------|-------------|-------|-------|-------|-------|--------|-----------
         Aggregated                                                                       901     0(0.00%) |   1086       2    6935    320 |   12.30        0.00

Type     Name                                                                          # reqs      # fails |    Avg     Min     Max    Med |   req/s  failures/s
--------|----------------------------------------------------------------------------|-------|-------------|-------|-------|-------|-------|--------|-----------
POST     /api/book                                                                        707     0(0.00%) |   1402      92    6935    590 |    8.00        0.00
GET      /api/concerts                                                                    147     0(0.00%) |     34       2     681     13 |    2.50        0.00
GET      /health                                                                           67     0(0.00%) |     28       2     322      9 |    1.60        0.00
--------|----------------------------------------------------------------------------|-------|-------------|-------|-------|-------|-------|--------|-----------
         Aggregated                                                                       921     0(0.00%) |   1084       2    6935    320 |   12.10        0.00

Type     Name                                                                          # reqs      # fails |    Avg     Min     Max    Med |   req/s  failures/s
--------|----------------------------------------------------------------------------|-------|-------------|-------|-------|-------|-------|--------|-----------
POST     /api/book                                                                        722     0(0.00%) |   1424      92    6935    630 |    8.70        0.00
GET      /api/concerts                                                                    151     0(0.00%) |     35       2     681     14 |    2.50        0.00
GET      /health                                                                           68     0(0.00%) |     28       2     322      9 |    1.80        0.00
--------|----------------------------------------------------------------------------|-------|-------------|-------|-------|-------|-------|--------|-----------
         Aggregated                                                                       941     0(0.00%) |   1100       2    6935    320 |   13.00        0.00

Type     Name                                                                          # reqs      # fails |    Avg     Min     Max    Med |   req/s  failures/s
--------|----------------------------------------------------------------------------|-------|-------------|-------|-------|-------|-------|--------|-----------
POST     /api/book                                                                        741     0(0.00%) |   1432      92    6935    650 |    8.20        0.00
GET      /api/concerts                                                                    153     0(0.00%) |     35       2     681     14 |    2.50        0.00
GET      /health                                                                           69     0(0.00%) |     29       2     322     10 |    1.80        0.00
--------|----------------------------------------------------------------------------|-------|-------------|-------|-------|-------|-------|--------|-----------
         Aggregated                                                                       963     0(0.00%) |   1109       2    6935    320 |   12.50        0.00

Type     Name                                                                          # reqs      # fails |    Avg     Min     Max    Med |   req/s  failures/s
--------|----------------------------------------------------------------------------|-------|-------------|-------|-------|-------|-------|--------|-----------
POST     /api/book                                                                        764     0(0.00%) |   1455      92    6935    690 |    7.90        0.00
GET      /api/concerts                                                                    156     0(0.00%) |     35       2     681     14 |    2.50        0.00
GET      /health                                                                           69     0(0.00%) |     29       2     322     10 |    1.50        0.00
--------|----------------------------------------------------------------------------|-------|-------------|-------|-------|-------|-------|--------|-----------
         Aggregated                                                                       989     0(0.00%) |   1132       2    6935    340 |   11.90        0.00

Type     Name                                                                          # reqs      # fails |    Avg     Min     Max    Med |   req/s  failures/s
--------|----------------------------------------------------------------------------|-------|-------------|-------|-------|-------|-------|--------|-----------
POST     /api/book                                                                        781     0(0.00%) |   1447      92    6935    690 |    8.50        0.00
GET      /api/concerts                                                                    158     0(0.00%) |     35       2     681     15 |    2.00        0.00
GET      /health                                                                           71     0(0.00%) |     29       2     322     10 |    0.90        0.00
--------|----------------------------------------------------------------------------|-------|-------------|-------|-------|-------|-------|--------|-----------
         Aggregated                                                                      1010     0(0.00%) |   1126       2    6935    340 |   11.40        0.00

Type     Name                                                                          # reqs      # fails |    Avg     Min     Max    Med |   req/s  failures/s
--------|----------------------------------------------------------------------------|-------|-------------|-------|-------|-------|-------|--------|-----------
POST     /api/book                                                                        791     0(0.00%) |   1436      92    6935    670 |    9.20        0.00
GET      /api/concerts                                                                    160     0(0.00%) |     35       2     681     15 |    1.70        0.00
GET      /health                                                                           72     0(0.00%) |     30       2     322     10 |    0.70        0.00
--------|----------------------------------------------------------------------------|-------|-------------|-------|-------|-------|-------|--------|-----------
         Aggregated                                                                      1023     0(0.00%) |   1118       2    6935    340 |   11.60        0.00

Type     Name                                                                          # reqs      # fails |    Avg     Min     Max    Med |   req/s  failures/s
--------|----------------------------------------------------------------------------|-------|-------------|-------|-------|-------|-------|--------|-----------
POST     /api/book                                                                        810     0(0.00%) |   1463      92    6935    680 |    8.40        0.00
GET      /api/concerts                                                                    161     0(0.00%) |     35       2     681     15 |    1.30        0.00
GET      /health                                                                           72     0(0.00%) |     30       2     322     10 |    0.40        0.00
--------|----------------------------------------------------------------------------|-------|-------------|-------|-------|-------|-------|--------|-----------
         Aggregated                                                                      1043     0(0.00%) |   1144       2    6935    360 |   10.10        0.00

Type     Name                                                                          # reqs      # fails |    Avg     Min     Max    Med |   req/s  failures/s
--------|----------------------------------------------------------------------------|-------|-------------|-------|-------|-------|-------|--------|-----------
POST     /api/book                                                                        837     0(0.00%) |   1501      92    6935    750 |    9.10        0.00
GET      /api/concerts                                                                    164     0(0.00%) |     36       2     681     15 |    1.20        0.00
GET      /health                                                                           74     0(0.00%) |     31       2     322     14 |    0.40        0.00
--------|----------------------------------------------------------------------------|-------|-------------|-------|-------|-------|-------|--------|-----------
         Aggregated                                                                      1075     0(0.00%) |   1177       2    6935    390 |   10.70        0.00

Type     Name                                                                          # reqs      # fails |    Avg     Min     Max    Med |   req/s  failures/s
--------|----------------------------------------------------------------------------|-------|-------------|-------|-------|-------|-------|--------|-----------
POST     /api/book                                                                        849     0(0.00%) |   1500      91    6935    750 |    9.00        0.00
GET      /api/concerts                                                                    166     0(0.00%) |     37       2     681     16 |    1.00        0.00
GET      /health                                                                           78     0(0.00%) |     30       2     322     14 |    0.50        0.00
--------|----------------------------------------------------------------------------|-------|-------------|-------|-------|-------|-------|--------|-----------
         Aggregated                                                                      1093     0(0.00%) |   1173       2    6935    390 |   10.50        0.00

Type     Name                                                                          # reqs      # fails |    Avg     Min     Max    Med |   req/s  failures/s
--------|----------------------------------------------------------------------------|-------|-------------|-------|-------|-------|-------|--------|-----------
POST     /api/book                                                                        860     0(0.00%) |   1511      91    6935    760 |    8.90        0.00
GET      /api/concerts                                                                    169     0(0.00%) |     37       2     681     16 |    1.00        0.00
GET      /health                                                                           81     0(0.00%) |     30       2     322     14 |    0.80        0.00
--------|----------------------------------------------------------------------------|-------|-------------|-------|-------|-------|-------|--------|-----------
         Aggregated                                                                      1110     0(0.00%) |   1179       2    6935    390 |   10.70        0.00

Type     Name                                                                          # reqs      # fails |    Avg     Min     Max    Med |   req/s  failures/s
--------|----------------------------------------------------------------------------|-------|-------------|-------|-------|-------|-------|--------|-----------
POST     /api/book                                                                        877     0(0.00%) |   1544      91    6935    800 |    7.90        0.00
GET      /api/concerts                                                                    170     0(0.00%) |     37       2     681     15 |    1.10        0.00
GET      /health                                                                           81     0(0.00%) |     30       2     322     14 |    0.80        0.00
--------|----------------------------------------------------------------------------|-------|-------------|-------|-------|-------|-------|--------|-----------
         Aggregated                                                                      1128     0(0.00%) |   1208       2    6935    400 |    9.80        0.00

Type     Name                                                                          # reqs      # fails |    Avg     Min     Max    Med |   req/s  failures/s
--------|----------------------------------------------------------------------------|-------|-------------|-------|-------|-------|-------|--------|-----------
POST     /api/book                                                                        893     0(0.00%) |   1563      91    6935    810 |    7.80        0.00
GET      /api/concerts                                                                    173     0(0.00%) |     37       2     681     16 |    1.00        0.00
GET      /health                                                                           81     0(0.00%) |     30       2     322     14 |    1.00        0.00
--------|----------------------------------------------------------------------------|-------|-------------|-------|-------|-------|-------|--------|-----------
         Aggregated                                                                      1147     0(0.00%) |   1224       2    6935    410 |    9.80        0.00

Type     Name                                                                          # reqs      # fails |    Avg     Min     Max    Med |   req/s  failures/s
--------|----------------------------------------------------------------------------|-------|-------------|-------|-------|-------|-------|--------|-----------
POST     /api/book                                                                        910     0(0.00%) |   1586      91    6935    830 |    8.50        0.00
GET      /api/concerts                                                                    179     0(0.00%) |     53       2    1205     18 |    1.20        0.00
GET      /health                                                                           82     0(0.00%) |     30       2     322     14 |    0.90        0.00
--------|----------------------------------------------------------------------------|-------|-------------|-------|-------|-------|-------|--------|-----------
         Aggregated                                                                      1171     0(0.00%) |   1243       2    6935    410 |   10.60        0.00

Type     Name                                                                          # reqs      # fails |    Avg     Min     Max    Med |   req/s  failures/s
--------|----------------------------------------------------------------------------|-------|-------------|-------|-------|-------|-------|--------|-----------
POST     /api/book                                                                        934     0(0.00%) |   1585      91    6935    840 |    7.60        0.00
GET      /api/concerts                                                                    182     0(0.00%) |     53       2    1205     16 |    1.60        0.00
GET      /health                                                                           83     0(0.00%) |     30       2     322     14 |    0.90        0.00
--------|----------------------------------------------------------------------------|-------|-------------|-------|-------|-------|-------|--------|-----------
         Aggregated                                                                      1199     0(0.00%) |   1245       2    6935    420 |   10.10        0.00

Type     Name                                                                          # reqs      # fails |    Avg     Min     Max    Med |   req/s  failures/s
--------|----------------------------------------------------------------------------|-------|-------------|-------|-------|-------|-------|--------|-----------
POST     /api/book                                                                        945     0(0.00%) |   1575      91    6935    830 |    8.30        0.00
GET      /api/concerts                                                                    189     0(0.00%) |     52       2    1205     16 |    1.40        0.00
GET      /health                                                                           83     0(0.00%) |     30       2     322     14 |    0.60        0.00
--------|----------------------------------------------------------------------------|-------|-------------|-------|-------|-------|-------|--------|-----------
         Aggregated                                                                      1217     0(0.00%) |   1233       2    6935    420 |   10.30        0.00

Type     Name                                                                          # reqs      # fails |    Avg     Min     Max    Med |   req/s  failures/s
--------|----------------------------------------------------------------------------|-------|-------------|-------|-------|-------|-------|--------|-----------
POST     /api/book                                                                        957     0(0.00%) |   1575      91    6935    830 |    8.50        0.00
GET      /api/concerts                                                                    196     0(0.00%) |     53       2    1205     15 |    1.90        0.00
GET      /health                                                                           84     0(0.00%) |     30       2     322     14 |    0.40        0.00
--------|----------------------------------------------------------------------------|-------|-------------|-------|-------|-------|-------|--------|-----------
         Aggregated                                                                      1237     0(0.00%) |   1229       2    6935    420 |   10.80        0.00

Type     Name                                                                          # reqs      # fails |    Avg     Min     Max    Med |   req/s  failures/s
--------|----------------------------------------------------------------------------|-------|-------------|-------|-------|-------|-------|--------|-----------
POST     /api/book                                                                        980     0(0.00%) |   1600      91    6935    850 |    8.80        0.00
GET      /api/concerts                                                                    203     0(0.00%) |     58       2    1205     15 |    2.60        0.00
GET      /health                                                                           84     0(0.00%) |     30       2     322     14 |    0.30        0.00
--------|----------------------------------------------------------------------------|-------|-------------|-------|-------|-------|-------|--------|-----------
         Aggregated                                                                      1267     0(0.00%) |   1249       2    6935    420 |   11.70        0.00

Type     Name                                                                          # reqs      # fails |    Avg     Min     Max    Med |   req/s  failures/s
--------|----------------------------------------------------------------------------|-------|-------------|-------|-------|-------|-------|--------|-----------
POST     /api/book                                                                        995     0(0.00%) |   1601      91    6935    880 |    8.70        0.00
GET      /api/concerts                                                                    205     0(0.00%) |     58       2    1205     15 |    2.70        0.00
GET      /health                                                                           87     0(0.00%) |     29       2     322     14 |    0.30        0.00
--------|----------------------------------------------------------------------------|-------|-------------|-------|-------|-------|-------|--------|-----------
         Aggregated                                                                      1287     0(0.00%) |   1249       2    6935    420 |   11.70        0.00

Type     Name                                                                          # reqs      # fails |    Avg     Min     Max    Med |   req/s  failures/s
--------|----------------------------------------------------------------------------|-------|-------------|-------|-------|-------|-------|--------|-----------
POST     /api/book                                                                       1006     0(0.00%) |   1601      91    6935    870 |    8.70        0.00
GET      /api/concerts                                                                    207     0(0.00%) |     58       2    1205     16 |    2.80        0.00
GET      /health                                                                           87     0(0.00%) |     29       2     322     14 |    0.30        0.00
--------|----------------------------------------------------------------------------|-------|-------------|-------|-------|-------|-------|--------|-----------
         Aggregated                                                                      1300     0(0.00%) |   1250       2    6935    420 |   11.80        0.00

Type     Name                                                                          # reqs      # fails |    Avg     Min     Max    Med |   req/s  failures/s
--------|----------------------------------------------------------------------------|-------|-------------|-------|-------|-------|-------|--------|-----------
POST     /api/book                                                                       1038     0(0.00%) |   1645      91    6935    970 |    7.70        0.00
GET      /api/concerts                                                                    210     0(0.00%) |     60       2    1205     16 |    2.70        0.00
GET      /health                                                                           88     0(0.00%) |     33       2     360     14 |    0.40        0.00
--------|----------------------------------------------------------------------------|-------|-------------|-------|-------|-------|-------|--------|-----------
         Aggregated                                                                      1336     0(0.00%) |   1290       2    6935    450 |   10.80        0.00

Type     Name                                                                          # reqs      # fails |    Avg     Min     Max    Med |   req/s  failures/s
--------|----------------------------------------------------------------------------|-------|-------------|-------|-------|-------|-------|--------|-----------
POST     /api/book                                                                       1055     0(0.00%) |   1634      91    6935    960 |    8.40        0.00
GET      /api/concerts                                                                    215     0(0.00%) |     59       2    1205     16 |    2.00        0.00
GET      /health                                                                           91     0(0.00%) |     33       2     360     14 |    0.50        0.00
--------|----------------------------------------------------------------------------|-------|-------------|-------|-------|-------|-------|--------|-----------
         Aggregated                                                                      1361     0(0.00%) |   1278       2    6935    450 |   10.90        0.00

Type     Name                                                                          # reqs      # fails |    Avg     Min     Max    Med |   req/s  failures/s
--------|----------------------------------------------------------------------------|-------|-------------|-------|-------|-------|-------|--------|-----------
POST     /api/book                                                                       1064     0(0.00%) |   1627      91    6935    950 |    9.80        0.00
GET      /api/concerts                                                                    219     0(0.00%) |     58       2    1205     16 |    1.80        0.00
GET      /health                                                                           93     0(0.00%) |     32       2     360     14 |    0.40        0.00
--------|----------------------------------------------------------------------------|-------|-------------|-------|-------|-------|-------|--------|-----------
         Aggregated                                                                      1376     0(0.00%) |   1270       2    6935    440 |   12.00        0.00

Type     Name                                                                          # reqs      # fails |    Avg     Min     Max    Med |   req/s  failures/s
--------|----------------------------------------------------------------------------|-------|-------------|-------|-------|-------|-------|--------|-----------
POST     /api/book                                                                       1075     0(0.00%) |   1620      91    6935    900 |    8.30        0.00
GET      /api/concerts                                                                    224     0(0.00%) |     61       2    1205     16 |    1.90        0.00
GET      /health                                                                           94     0(0.00%) |     32       2     360     14 |    0.90        0.00
--------|----------------------------------------------------------------------------|-------|-------------|-------|-------|-------|-------|--------|-----------
         Aggregated                                                                      1393     0(0.00%) |   1262       2    6935    440 |   11.10        0.00

Type     Name                                                                          # reqs      # fails |    Avg     Min     Max    Med |   req/s  failures/s
--------|----------------------------------------------------------------------------|-------|-------------|-------|-------|-------|-------|--------|-----------
POST     /api/book                                                                       1108     0(0.00%) |   1672      91    6935    980 |    8.00        0.00
GET      /api/concerts                                                                    225     0(0.00%) |     61       2    1205     16 |    1.80        0.00
GET      /health                                                                           94     0(0.00%) |     32       2     360     14 |    0.70        0.00
--------|----------------------------------------------------------------------------|-------|-------------|-------|-------|-------|-------|--------|-----------
         Aggregated                                                                      1427     0(0.00%) |   1310       2    6935    480 |   10.50        0.00

Type     Name                                                                          # reqs      # fails |    Avg     Min     Max    Med |   req/s  failures/s
--------|----------------------------------------------------------------------------|-------|-------------|-------|-------|-------|-------|--------|-----------
POST     /api/book                                                                       1121     0(0.00%) |   1659      91    6935    970 |    8.00        0.00
GET      /api/concerts                                                                    226     0(0.00%) |     60       2    1205     15 |    1.80        0.00
GET      /health                                                                           95     0(0.00%) |     32       2     360     14 |    0.70        0.00
--------|----------------------------------------------------------------------------|-------|-------------|-------|-------|-------|-------|--------|-----------
         Aggregated                                                                      1442     0(0.00%) |   1301       2    6935    480 |   10.50        0.00

Type     Name                                                                          # reqs      # fails |    Avg     Min     Max    Med |   req/s  failures/s
--------|----------------------------------------------------------------------------|-------|-------------|-------|-------|-------|-------|--------|-----------
POST     /api/book                                                                       1130     0(0.00%) |   1655      91    6935    980 |    9.00        0.00
GET      /api/concerts                                                                    231     0(0.00%) |     60       2    1205     16 |    1.80        0.00
GET      /health                                                                           96     0(0.00%) |     33       2     360     14 |    0.60        0.00
--------|----------------------------------------------------------------------------|-------|-------------|-------|-------|-------|-------|--------|-----------
         Aggregated                                                                      1457     0(0.00%) |   1296       2    6935    480 |   11.40        0.00

Type     Name                                                                          # reqs      # fails |    Avg     Min     Max    Med |   req/s  failures/s
--------|----------------------------------------------------------------------------|-------|-------------|-------|-------|-------|-------|--------|-----------
POST     /api/book                                                                       1137     0(0.00%) |   1651      91    6935    980 |    7.70        0.00
GET      /api/concerts                                                                    233     0(0.00%) |     60       2    1205     16 |    1.70        0.00
GET      /health                                                                           98     0(0.00%) |     32       2     360     14 |    0.80        0.00
--------|----------------------------------------------------------------------------|-------|-------------|-------|-------|-------|-------|--------|-----------
         Aggregated                                                                      1468     0(0.00%) |   1290       2    6935    480 |   10.20        0.00

Type     Name                                                                          # reqs      # fails |    Avg     Min     Max    Med |   req/s  failures/s
--------|----------------------------------------------------------------------------|-------|-------------|-------|-------|-------|-------|--------|-----------
POST     /api/book                                                                       1172     0(0.00%) |   1714      91    6935   1000 |    7.20        0.00
GET      /api/concerts                                                                    234     0(0.00%) |     60       2    1205     16 |    1.30        0.00
GET      /health                                                                          100     0(0.00%) |     32       2     360     14 |    0.30        0.00
--------|----------------------------------------------------------------------------|-------|-------------|-------|-------|-------|-------|--------|-----------
         Aggregated                                                                      1506     0(0.00%) |   1345       2    6935    500 |    8.80        0.00

Type     Name                                                                          # reqs      # fails |    Avg     Min     Max    Med |   req/s  failures/s
--------|----------------------------------------------------------------------------|-------|-------------|-------|-------|-------|-------|--------|-----------
POST     /api/book                                                                       1182     0(0.00%) |   1702      91    6935   1000 |    9.90        0.00
GET      /api/concerts                                                                    238     0(0.00%) |     59       2    1205     16 |    1.10        0.00
GET      /health                                                                          104     0(0.00%) |     32       2     360     14 |    0.50        0.00
--------|----------------------------------------------------------------------------|-------|-------------|-------|-------|-------|-------|--------|-----------
         Aggregated                                                                      1524     0(0.00%) |   1331       2    6935    490 |   11.50        0.00

Type     Name                                                                          # reqs      # fails |    Avg     Min     Max    Med |   req/s  failures/s
--------|----------------------------------------------------------------------------|-------|-------------|-------|-------|-------|-------|--------|-----------
POST     /api/book                                                                       1199     0(0.00%) |   1694      91    6935   1000 |    9.40        0.00
GET      /api/concerts                                                                    242     0(0.00%) |     60       2    1205     16 |    1.20        0.00
GET      /health                                                                          104     0(0.00%) |     32       2     360     14 |    0.90        0.00
--------|----------------------------------------------------------------------------|-------|-------------|-------|-------|-------|-------|--------|-----------
         Aggregated                                                                      1545     0(0.00%) |   1326       2    6935    490 |   11.50        0.00

Type     Name                                                                          # reqs      # fails |    Avg     Min     Max    Med |   req/s  failures/s
--------|----------------------------------------------------------------------------|-------|-------------|-------|-------|-------|-------|--------|-----------
POST     /api/book                                                                       1212     0(0.00%) |   1695      91    6935   1000 |    7.80        0.00
GET      /api/concerts                                                                    243     0(0.00%) |     60       2    1205     16 |    1.60        0.00
GET      /health                                                                          104     0(0.00%) |     32       2     360     14 |    1.00        0.00
--------|----------------------------------------------------------------------------|-------|-------------|-------|-------|-------|-------|--------|-----------
         Aggregated                                                                      1559     0(0.00%) |   1329       2    6935    490 |   10.40        0.00

Type     Name                                                                          # reqs      # fails |    Avg     Min     Max    Med |   req/s  failures/s
--------|----------------------------------------------------------------------------|-------|-------------|-------|-------|-------|-------|--------|-----------
POST     /api/book                                                                       1246     0(0.00%) |   1724      91    6935   1000 |    8.10        0.00
GET      /api/concerts                                                                    247     0(0.00%) |     60       2    1205     16 |    1.20        0.00
GET      /health                                                                          105     0(0.00%) |     31       2     360     14 |    0.80        0.00
--------|----------------------------------------------------------------------------|-------|-------------|-------|-------|-------|-------|--------|-----------
         Aggregated                                                                      1598     0(0.00%) |   1356       2    6935    500 |   10.10        0.00

Type     Name                                                                          # reqs      # fails |    Avg     Min     Max    Med |   req/s  failures/s
--------|----------------------------------------------------------------------------|-------|-------------|-------|-------|-------|-------|--------|-----------
POST     /api/book                                                                       1262     0(0.00%) |   1709      91    6935   1000 |    9.90        0.00
GET      /api/concerts                                                                    255     0(0.00%) |     59       2    1205     16 |    1.30        0.00
GET      /health                                                                          109     0(0.00%) |     31       2     360     14 |    0.80        0.00
--------|----------------------------------------------------------------------------|-------|-------------|-------|-------|-------|-------|--------|-----------
         Aggregated                                                                      1626     0(0.00%) |   1338       2    6935    500 |   12.00        0.00

Type     Name                                                                          # reqs      # fails |    Avg     Min     Max    Med |   req/s  failures/s
--------|----------------------------------------------------------------------------|-------|-------------|-------|-------|-------|-------|--------|-----------
POST     /api/book                                                                       1267     0(0.00%) |   1705      91    6935    980 |    8.40        0.00
GET      /api/concerts                                                                    257     0(0.00%) |     59       2    1205     18 |    1.80        0.00
GET      /health                                                                          112     0(0.00%) |     30       2     360     10 |    1.00        0.00
--------|----------------------------------------------------------------------------|-------|-------------|-------|-------|-------|-------|--------|-----------
         Aggregated                                                                      1636     0(0.00%) |   1331       2    6935    500 |   11.20        0.00

Type     Name                                                                          # reqs      # fails |    Avg     Min     Max    Med |   req/s  failures/s
--------|----------------------------------------------------------------------------|-------|-------------|-------|-------|-------|-------|--------|-----------
POST     /api/book                                                                       1283     0(0.00%) |   1698      91    6935    980 |    8.60        0.00
GET      /api/concerts                                                                    258     0(0.00%) |     58       2    1205     16 |    1.90        0.00
GET      /health                                                                          113     0(0.00%) |     30       2     360     10 |    0.90        0.00
--------|----------------------------------------------------------------------------|-------|-------------|-------|-------|-------|-------|--------|-----------
         Aggregated                                                                      1654     0(0.00%) |   1328       2    6935    500 |   11.40        0.00

Type     Name                                                                          # reqs      # fails |    Avg     Min     Max    Med |   req/s  failures/s
--------|----------------------------------------------------------------------------|-------|-------------|-------|-------|-------|-------|--------|-----------
POST     /api/book                                                                       1313     0(0.00%) |   1739      91    6935   1000 |    8.50        0.00
GET      /api/concerts                                                                    262     0(0.00%) |     60       2    1205     18 |    1.50        0.00
GET      /health                                                                          113     0(0.00%) |     30       2     360     10 |    0.80        0.00
--------|----------------------------------------------------------------------------|-------|-------------|-------|-------|-------|-------|--------|-----------
         Aggregated                                                                      1688     0(0.00%) |   1364       2    6935    510 |   10.80        0.00

Type     Name                                                                          # reqs      # fails |    Avg     Min     Max    Med |   req/s  failures/s
--------|----------------------------------------------------------------------------|-------|-------------|-------|-------|-------|-------|--------|-----------
POST     /api/book                                                                       1326     0(0.00%) |   1733      91    6935   1000 |    8.00        0.00
GET      /api/concerts                                                                    262     0(0.00%) |     60       2    1205     18 |    1.90        0.00
GET      /health                                                                          116     0(0.00%) |     30       2     360     10 |    0.90        0.00
--------|----------------------------------------------------------------------------|-------|-------------|-------|-------|-------|-------|--------|-----------
         Aggregated                                                                      1704     0(0.00%) |   1360       2    6935    510 |   10.80        0.00

Type     Name                                                                          # reqs      # fails |    Avg     Min     Max    Med |   req/s  failures/s
--------|----------------------------------------------------------------------------|-------|-------------|-------|-------|-------|-------|--------|-----------
POST     /api/book                                                                       1338     0(0.00%) |   1727      91    6935   1000 |    9.10        0.00
GET      /api/concerts                                                                    268     0(0.00%) |     62       2    1205     18 |    1.70        0.00
GET      /health                                                                          118     0(0.00%) |     30       2     360     10 |    1.10        0.00
--------|----------------------------------------------------------------------------|-------|-------------|-------|-------|-------|-------|--------|-----------
         Aggregated                                                                      1724     0(0.00%) |   1352       2    6935    510 |   11.90        0.00

Type     Name                                                                          # reqs      # fails |    Avg     Min     Max    Med |   req/s  failures/s
--------|----------------------------------------------------------------------------|-------|-------------|-------|-------|-------|-------|--------|-----------
POST     /api/book                                                                       1356     0(0.00%) |   1734      91    6935   1000 |    8.10        0.00
GET      /api/concerts                                                                    274     0(0.00%) |     61       2    1205     19 |    1.50        0.00
GET      /health                                                                          119     0(0.00%) |     37       2     885     10 |    0.80        0.00
--------|----------------------------------------------------------------------------|-------|-------------|-------|-------|-------|-------|--------|-----------
         Aggregated                                                                      1749     0(0.00%) |   1356       2    6935    520 |   10.40        0.00

Type     Name                                                                          # reqs      # fails |    Avg     Min     Max    Med |   req/s  failures/s
--------|----------------------------------------------------------------------------|-------|-------------|-------|-------|-------|-------|--------|-----------
POST     /api/book                                                                       1380     0(0.00%) |   1752      91    6935   1000 |    7.70        0.00
GET      /api/concerts                                                                    277     0(0.00%) |     61       2    1205     19 |    1.70        0.00
GET      /health                                                                          121     0(0.00%) |     37       2     885     14 |    0.70        0.00
--------|----------------------------------------------------------------------------|-------|-------------|-------|-------|-------|-------|--------|-----------
         Aggregated                                                                      1778     0(0.00%) |   1372       2    6935    530 |   10.10        0.00

Type     Name                                                                          # reqs      # fails |    Avg     Min     Max    Med |   req/s  failures/s
--------|----------------------------------------------------------------------------|-------|-------------|-------|-------|-------|-------|--------|-----------
POST     /api/book                                                                       1388     0(0.00%) |   1750      91    6935   1000 |    9.40        0.00
GET      /api/concerts                                                                    281     0(0.00%) |     62       2    1205     19 |    1.70        0.00
GET      /health                                                                          124     0(0.00%) |     37       2     885     14 |    0.80        0.00
--------|----------------------------------------------------------------------------|-------|-------------|-------|-------|-------|-------|--------|-----------
         Aggregated                                                                      1793     0(0.00%) |   1367       2    6935    530 |   11.90        0.00

Type     Name                                                                          # reqs      # fails |    Avg     Min     Max    Med |   req/s  failures/s
--------|----------------------------------------------------------------------------|-------|-------------|-------|-------|-------|-------|--------|-----------
POST     /api/book                                                                       1401     0(0.00%) |   1750      91    6935   1000 |    9.50        0.00
GET      /api/concerts                                                                    283     0(0.00%) |     62       2    1205     19 |    1.80        0.00
GET      /health                                                                          126     0(0.00%) |     36       2     885     10 |    1.10        0.00
--------|----------------------------------------------------------------------------|-------|-------------|-------|-------|-------|-------|--------|-----------
         Aggregated                                                                      1810     0(0.00%) |   1367       2    6935    530 |   12.40        0.00

Type     Name                                                                          # reqs      # fails |    Avg     Min     Max    Med |   req/s  failures/s
--------|----------------------------------------------------------------------------|-------|-------------|-------|-------|-------|-------|--------|-----------
POST     /api/book                                                                       1420     0(0.00%) |   1762      91    6935   1000 |    7.70        0.00
GET      /api/concerts                                                                    287     0(0.00%) |     62       2    1205     20 |    2.10        0.00
GET      /health                                                                          126     0(0.00%) |     36       2     885     10 |    1.00        0.00
--------|----------------------------------------------------------------------------|-------|-------------|-------|-------|-------|-------|--------|-----------
         Aggregated                                                                      1833     0(0.00%) |   1377       2    6935    530 |   10.80        0.00

Type     Name                                                                          # reqs      # fails |    Avg     Min     Max    Med |   req/s  failures/s
--------|----------------------------------------------------------------------------|-------|-------------|-------|-------|-------|-------|--------|-----------
POST     /api/book                                                                       1446     0(0.00%) |   1773      91    6935   1000 |    7.30        0.00
GET      /api/concerts                                                                    291     0(0.00%) |     65       2    1205     20 |    1.90        0.00
GET      /health                                                                          128     0(0.00%) |     37       2     885     14 |    0.90        0.00
--------|----------------------------------------------------------------------------|-------|-------------|-------|-------|-------|-------|--------|-----------
         Aggregated                                                                      1865     0(0.00%) |   1387       2    6935    550 |   10.10        0.00

Type     Name                                                                          # reqs      # fails |    Avg     Min     Max    Med |   req/s  failures/s
--------|----------------------------------------------------------------------------|-------|-------------|-------|-------|-------|-------|--------|-----------
POST     /api/book                                                                       1456     0(0.00%) |   1766      91    6935   1000 |   10.10        0.00
GET      /api/concerts                                                                    295     0(0.00%) |     65       2    1205     20 |    1.60        0.00
GET      /health                                                                          130     0(0.00%) |     38       2     885     14 |    0.80        0.00
--------|----------------------------------------------------------------------------|-------|-------------|-------|-------|-------|-------|--------|-----------
         Aggregated                                                                      1881     0(0.00%) |   1380       2    6935    540 |   12.50        0.00

Type     Name                                                                          # reqs      # fails |    Avg     Min     Max    Med |   req/s  failures/s
--------|----------------------------------------------------------------------------|-------|-------------|-------|-------|-------|-------|--------|-----------
POST     /api/book                                                                       1469     0(0.00%) |   1767      91    6935   1000 |    8.20        0.00
GET      /api/concerts                                                                    299     0(0.00%) |     65       2    1205     20 |    2.00        0.00
GET      /health                                                                          133     0(0.00%) |     38       2     885     14 |    0.90        0.00
--------|----------------------------------------------------------------------------|-------|-------------|-------|-------|-------|-------|--------|-----------
         Aggregated                                                                      1901     0(0.00%) |   1378       2    6935    540 |   11.10        0.00

Type     Name                                                                          # reqs      # fails |    Avg     Min     Max    Med |   req/s  failures/s
--------|----------------------------------------------------------------------------|-------|-------------|-------|-------|-------|-------|--------|-----------
POST     /api/book                                                                       1498     0(0.00%) |   1782      91    6935   1100 |    7.70        0.00
GET      /api/concerts                                                                    301     0(0.00%) |     64       2    1205     20 |    2.00        0.00
GET      /health                                                                          138     0(0.00%) |     38       2     885     14 |    0.80        0.00
--------|----------------------------------------------------------------------------|-------|-------------|-------|-------|-------|-------|--------|-----------
         Aggregated                                                                      1937     0(0.00%) |   1391       2    6935    540 |   10.50        0.00

Type     Name                                                                          # reqs      # fails |    Avg     Min     Max    Med |   req/s  failures/s
--------|----------------------------------------------------------------------------|-------|-------------|-------|-------|-------|-------|--------|-----------
POST     /api/book                                                                       1509     0(0.00%) |   1773      91    6935   1000 |    9.40        0.00
GET      /api/concerts                                                                    307     0(0.00%) |     64       2    1205     20 |    1.80        0.00
GET      /health                                                                          142     0(0.00%) |     38       2     885     14 |    1.20        0.00
--------|----------------------------------------------------------------------------|-------|-------------|-------|-------|-------|-------|--------|-----------
         Aggregated                                                                      1958     0(0.00%) |   1379       2    6935    530 |   12.40        0.00

Type     Name                                                                          # reqs      # fails |    Avg     Min     Max    Med |   req/s  failures/s
--------|----------------------------------------------------------------------------|-------|-------------|-------|-------|-------|-------|--------|-----------
POST     /api/book                                                                       1522     0(0.00%) |   1774      91    6935   1000 |    9.60        0.00
GET      /api/concerts                                                                    312     0(0.00%) |     64       2    1205     22 |    1.90        0.00
GET      /health                                                                          146     0(0.00%) |     37       2     885     10 |    1.60        0.00
--------|----------------------------------------------------------------------------|-------|-------------|-------|-------|-------|-------|--------|-----------
         Aggregated                                                                      1980     0(0.00%) |   1376       2    6935    530 |   13.10        0.00

Type     Name                                                                          # reqs      # fails |    Avg     Min     Max    Med |   req/s  failures/s
--------|----------------------------------------------------------------------------|-------|-------------|-------|-------|-------|-------|--------|-----------
POST     /api/book                                                                       1545     0(0.00%) |   1790      91    6935   1100 |    7.50        0.00
GET      /api/concerts                                                                    315     0(0.00%) |     63       2    1205     22 |    2.10        0.00
GET      /health                                                                          147     0(0.00%) |     37       2     885     10 |    1.70        0.00
--------|----------------------------------------------------------------------------|-------|-------------|-------|-------|-------|-------|--------|-----------
         Aggregated                                                                      2007     0(0.00%) |   1391       2    6935    530 |   11.30        0.00

Type     Name                                                                          # reqs      # fails |    Avg     Min     Max    Med |   req/s  failures/s
--------|----------------------------------------------------------------------------|-------|-------------|-------|-------|-------|-------|--------|-----------
POST     /api/book                                                                       1564     0(0.00%) |   1778      91    6935   1000 |    8.60        0.00
GET      /api/concerts                                                                    320     0(0.00%) |     63       2    1205     22 |    2.10        0.00
GET      /health                                                                          150     0(0.00%) |     37       2     885      9 |    1.80        0.00
--------|----------------------------------------------------------------------------|-------|-------------|-------|-------|-------|-------|--------|-----------
         Aggregated                                                                      2034     0(0.00%) |   1380       2    6935    530 |   12.50        0.00

Type     Name                                                                          # reqs      # fails |    Avg     Min     Max    Med |   req/s  failures/s
--------|----------------------------------------------------------------------------|-------|-------------|-------|-------|-------|-------|--------|-----------
POST     /api/book                                                                       1573     0(0.00%) |   1775      91    6935   1000 |    9.80        0.00
GET      /api/concerts                                                                    322     0(0.00%) |     63       2    1205     22 |    2.10        0.00
GET      /health                                                                          151     0(0.00%) |     36       2     885      9 |    1.80        0.00
--------|----------------------------------------------------------------------------|-------|-------------|-------|-------|-------|-------|--------|-----------
         Aggregated                                                                      2046     0(0.00%) |   1377       2    6935    540 |   13.70        0.00

Type     Name                                                                          # reqs      # fails |    Avg     Min     Max    Med |   req/s  failures/s
--------|----------------------------------------------------------------------------|-------|-------------|-------|-------|-------|-------|--------|-----------
POST     /api/book                                                                       1584     0(0.00%) |   1771      91    6935   1000 |    7.60        0.00
GET      /api/concerts                                                                    324     0(0.00%) |     63       2    1205     20 |    2.10        0.00
GET      /health                                                                          152     0(0.00%) |     36       2     885      9 |    1.30        0.00
--------|----------------------------------------------------------------------------|-------|-------------|-------|-------|-------|-------|--------|-----------
         Aggregated                                                                      2060     0(0.00%) |   1374       2    6935    540 |   11.00        0.00

Type     Name                                                                          # reqs      # fails |    Avg     Min     Max    Med |   req/s  failures/s
--------|----------------------------------------------------------------------------|-------|-------------|-------|-------|-------|-------|--------|-----------
POST     /api/book                                                                       1620     0(0.00%) |   1813      91    6935   1100 |    7.70        0.00
GET      /api/concerts                                                                    325     0(0.00%) |     63       2    1205     20 |    1.90        0.00
GET      /health                                                                          153     0(0.00%) |     36       2     885      9 |    1.00        0.00
--------|----------------------------------------------------------------------------|-------|-------------|-------|-------|-------|-------|--------|-----------
         Aggregated                                                                      2098     0(0.00%) |   1413       2    6935    560 |   10.60        0.00

Type     Name                                                                          # reqs      # fails |    Avg     Min     Max    Med |   req/s  failures/s
--------|----------------------------------------------------------------------------|-------|-------------|-------|-------|-------|-------|--------|-----------
POST     /api/book                                                                       1629     0(0.00%) |   1805      91    6935   1100 |    7.40        0.00
GET      /api/concerts                                                                    328     0(0.00%) |     62       2    1205     19 |    1.50        0.00
GET      /health                                                                          157     0(0.00%) |     35       2     885      9 |    0.90        0.00
--------|----------------------------------------------------------------------------|-------|-------------|-------|-------|-------|-------|--------|-----------
         Aggregated                                                                      2114     0(0.00%) |   1403       2    6935    550 |    9.80        0.00

Type     Name                                                                          # reqs      # fails |    Avg     Min     Max    Med |   req/s  failures/s
--------|----------------------------------------------------------------------------|-------|-------------|-------|-------|-------|-------|--------|-----------
POST     /api/book                                                                       1642     0(0.00%) |   1800      91    6935   1100 |    8.70        0.00
GET      /api/concerts                                                                    335     0(0.00%) |     62       1    1205     20 |    1.20        0.00
GET      /health                                                                          161     0(0.00%) |     35       2     885      9 |    0.90        0.00
--------|----------------------------------------------------------------------------|-------|-------------|-------|-------|-------|-------|--------|-----------
         Aggregated                                                                      2138     0(0.00%) |   1395       1    6935    550 |   10.80        0.00

Type     Name                                                                          # reqs      # fails |    Avg     Min     Max    Med |   req/s  failures/s
--------|----------------------------------------------------------------------------|-------|-------------|-------|-------|-------|-------|--------|-----------
POST     /api/book                                                                       1654     0(0.00%) |   1796      91    6935   1100 |    8.00        0.00
GET      /api/concerts                                                                    336     0(0.00%) |     62       1    1205     20 |    1.40        0.00
GET      /health                                                                          165     0(0.00%) |     35       2     885      9 |    0.90        0.00
--------|----------------------------------------------------------------------------|-------|-------------|-------|-------|-------|-------|--------|-----------
         Aggregated                                                                      2155     0(0.00%) |   1391       1    6935    550 |   10.30        0.00

Type     Name                                                                          # reqs      # fails |    Avg     Min     Max    Med |   req/s  failures/s
--------|----------------------------------------------------------------------------|-------|-------------|-------|-------|-------|-------|--------|-----------
POST     /api/book                                                                       1687     0(0.00%) |   1805      91    6935   1100 |    8.00        0.00
GET      /api/concerts                                                                    340     0(0.00%) |     63       1    1205     22 |    1.30        0.00
GET      /health                                                                          168     0(0.00%) |     35       2     885     10 |    1.40        0.00
--------|----------------------------------------------------------------------------|-------|-------------|-------|-------|-------|-------|--------|-----------
         Aggregated                                                                      2195     0(0.00%) |   1399       1    6935    560 |   10.70        0.00

Type     Name                                                                          # reqs      # fails |    Avg     Min     Max    Med |   req/s  failures/s
--------|----------------------------------------------------------------------------|-------|-------------|-------|-------|-------|-------|--------|-----------
POST     /api/book                                                                       1696     0(0.00%) |   1797      91    6935   1100 |    9.80        0.00
GET      /api/concerts                                                                    344     0(0.00%) |     63       1    1205     21 |    1.50        0.00
GET      /health                                                                          174     0(0.00%) |     35       2     885     10 |    1.50        0.00
--------|----------------------------------------------------------------------------|-------|-------------|-------|-------|-------|-------|--------|-----------
         Aggregated                                                                      2214     0(0.00%) |   1389       1    6935    550 |   12.80        0.00

Type     Name                                                                          # reqs      # fails |    Avg     Min     Max    Med |   req/s  failures/s
--------|----------------------------------------------------------------------------|-------|-------------|-------|-------|-------|-------|--------|-----------
POST     /api/book                                                                       1707     0(0.00%) |   1793      91    6935   1100 |   10.10        0.00
GET      /api/concerts                                                                    345     0(0.00%) |     63       1    1205     22 |    1.80        0.00
GET      /health                                                                          177     0(0.00%) |     35       2     885     10 |    1.90        0.00
--------|----------------------------------------------------------------------------|-------|-------------|-------|-------|-------|-------|--------|-----------
         Aggregated                                                                      2229     0(0.00%) |   1386       1    6935    550 |   13.80        0.00

Type     Name                                                                          # reqs      # fails |    Avg     Min     Max    Med |   req/s  failures/s
--------|----------------------------------------------------------------------------|-------|-------------|-------|-------|-------|-------|--------|-----------
POST     /api/book                                                                       1730     0(0.00%) |   1805      91    6935   1100 |    7.70        0.00
GET      /api/concerts                                                                    349     0(0.00%) |     62       1    1205     22 |    1.80        0.00
GET      /health                                                                          178     0(0.00%) |     34       2     885     10 |    2.10        0.00
--------|----------------------------------------------------------------------------|-------|-------------|-------|-------|-------|-------|--------|-----------
         Aggregated                                                                      2257     0(0.00%) |   1396       1    6935    550 |   11.60        0.00

[2026-06-06 14:07:44,069] ip-172-31-20-158/INFO/locust.runners: Shape test updating to 5 users at 5.00 spawn rate
[2026-06-06 14:07:44,069] ip-172-31-20-158/INFO/locust.runners: Ramping to 5 users at a rate of 5.00 per second
Type     Name                                                                          # reqs      # fails |    Avg     Min     Max    Med |   req/s  failures/s
--------|----------------------------------------------------------------------------|-------|-------------|-------|-------|-------|-------|--------|-----------
POST     /api/book                                                                       1750     0(0.00%) |   1805      91    6935   1100 |    8.30        0.00
GET      /api/concerts                                                                    354     0(0.00%) |     61       1    1205     21 |    1.40        0.00
GET      /health                                                                          179     0(0.00%) |     34       2     885     10 |    1.90        0.00
--------|----------------------------------------------------------------------------|-------|-------------|-------|-------|-------|-------|--------|-----------
         Aggregated                                                                      2283     0(0.00%) |   1396       1    6935    550 |   11.60        0.00

Type     Name                                                                          # reqs      # fails |    Avg     Min     Max    Med |   req/s  failures/s
--------|----------------------------------------------------------------------------|-------|-------------|-------|-------|-------|-------|--------|-----------
POST     /api/book                                                                       1761     0(0.00%) |   1799      91    6935   1100 |    9.60        0.00
GET      /api/concerts                                                                    359     0(0.00%) |     61       1    1205     20 |    1.80        0.00
GET      /health                                                                          184     0(0.00%) |     34       2     885      9 |    1.40        0.00
--------|----------------------------------------------------------------------------|-------|-------------|-------|-------|-------|-------|--------|-----------
         Aggregated                                                                      2304     0(0.00%) |   1387       1    6935    550 |   12.80        0.00

Type     Name                                                                          # reqs      # fails |    Avg     Min     Max    Med |   req/s  failures/s
--------|----------------------------------------------------------------------------|-------|-------------|-------|-------|-------|-------|--------|-----------
POST     /api/book                                                                       1773     0(0.00%) |   1790      91    6935   1100 |    8.00        0.00
GET      /api/concerts                                                                    361     0(0.00%) |     60       1    1205     20 |    1.80        0.00
GET      /health                                                                          184     0(0.00%) |     34       2     885      9 |    1.40        0.00
--------|----------------------------------------------------------------------------|-------|-------------|-------|-------|-------|-------|--------|-----------
         Aggregated                                                                      2318     0(0.00%) |   1381       1    6935    540 |   11.20        0.00

[2026-06-06 14:07:50,088] ip-172-31-20-158/INFO/locust.runners: All users spawned: {"TicketingUser": 5} (5 total users)
Type     Name                                                                          # reqs      # fails |    Avg     Min     Max    Med |   req/s  failures/s
--------|----------------------------------------------------------------------------|-------|-------------|-------|-------|-------|-------|--------|-----------
POST     /api/book                                                                       1778     0(0.00%) |   1785      91    6935   1100 |    7.60        0.00
GET      /api/concerts                                                                    361     0(0.00%) |     60       1    1205     20 |    1.70        0.00
GET      /health                                                                          184     0(0.00%) |     34       2     885      9 |    1.20        0.00
--------|----------------------------------------------------------------------------|-------|-------------|-------|-------|-------|-------|--------|-----------
         Aggregated                                                                      2323     0(0.00%) |   1378       1    6935    540 |   10.50        0.00

Type     Name                                                                          # reqs      # fails |    Avg     Min     Max    Med |   req/s  failures/s
--------|----------------------------------------------------------------------------|-------|-------------|-------|-------|-------|-------|--------|-----------
POST     /api/book                                                                       1783     0(0.00%) |   1781      91    6935   1100 |    7.20        0.00
GET      /api/concerts                                                                    361     0(0.00%) |     60       1    1205     20 |    1.60        0.00
GET      /health                                                                          184     0(0.00%) |     34       2     885      9 |    0.70        0.00
--------|----------------------------------------------------------------------------|-------|-------------|-------|-------|-------|-------|--------|-----------
         Aggregated                                                                      2328     0(0.00%) |   1376       1    6935    540 |    9.50        0.00

Type     Name                                                                          # reqs      # fails |    Avg     Min     Max    Med |   req/s  failures/s
--------|----------------------------------------------------------------------------|-------|-------------|-------|-------|-------|-------|--------|-----------
POST     /api/book                                                                       1786     0(0.00%) |   1778      91    6935   1000 |    5.90        0.00
GET      /api/concerts                                                                    361     0(0.00%) |     60       1    1205     20 |    1.30        0.00
GET      /health                                                                          184     0(0.00%) |     34       2     885      9 |    0.60        0.00
--------|----------------------------------------------------------------------------|-------|-------------|-------|-------|-------|-------|--------|-----------
         Aggregated                                                                      2331     0(0.00%) |   1375       1    6935    530 |    7.80        0.00

Type     Name                                                                          # reqs      # fails |    Avg     Min     Max    Med |   req/s  failures/s
--------|----------------------------------------------------------------------------|-------|-------------|-------|-------|-------|-------|--------|-----------
POST     /api/book                                                                       1791     0(0.00%) |   1774      91    6935   1000 |    3.90        0.00
GET      /api/concerts                                                                    362     0(0.00%) |     60       1    1205     19 |    0.80        0.00
GET      /health                                                                          184     0(0.00%) |     34       2     885      9 |    0.60        0.00
--------|----------------------------------------------------------------------------|-------|-------------|-------|-------|-------|-------|--------|-----------
         Aggregated                                                                      2337     0(0.00%) |   1372       1    6935    530 |    5.30        0.00

Type     Name                                                                          # reqs      # fails |    Avg     Min     Max    Med |   req/s  failures/s
--------|----------------------------------------------------------------------------|-------|-------------|-------|-------|-------|-------|--------|-----------
POST     /api/book                                                                       1796     0(0.00%) |   1770      91    6935   1000 |    3.00        0.00
GET      /api/concerts                                                                    362     0(0.00%) |     60       1    1205     19 |    0.40        0.00
GET      /health                                                                          184     0(0.00%) |     34       2     885      9 |    0.30        0.00
--------|----------------------------------------------------------------------------|-------|-------------|-------|-------|-------|-------|--------|-----------
         Aggregated                                                                      2342     0(0.00%) |   1369       1    6935    530 |    3.70        0.00

Type     Name                                                                          # reqs      # fails |    Avg     Min     Max    Med |   req/s  failures/s
--------|----------------------------------------------------------------------------|-------|-------------|-------|-------|-------|-------|--------|-----------
POST     /api/book                                                                       1798     0(0.00%) |   1768      91    6935   1000 |    2.70        0.00
GET      /api/concerts                                                                    363     0(0.00%) |     60       1    1205     19 |    0.30        0.00
GET      /health                                                                          184     0(0.00%) |     34       2     885      9 |    0.00        0.00
--------|----------------------------------------------------------------------------|-------|-------------|-------|-------|-------|-------|--------|-----------
         Aggregated                                                                      2345     0(0.00%) |   1368       1    6935    530 |    3.00        0.00

Type     Name                                                                          # reqs      # fails |    Avg     Min     Max    Med |   req/s  failures/s
--------|----------------------------------------------------------------------------|-------|-------------|-------|-------|-------|-------|--------|-----------
POST     /api/book                                                                       1804     0(0.00%) |   1763      91    6935   1000 |    2.10        0.00
GET      /api/concerts                                                                    364     0(0.00%) |     60       1    1205     19 |    0.20        0.00
GET      /health                                                                          184     0(0.00%) |     34       2     885      9 |    0.00        0.00
--------|----------------------------------------------------------------------------|-------|-------------|-------|-------|-------|-------|--------|-----------
         Aggregated                                                                      2352     0(0.00%) |   1364       1    6935    530 |    2.30        0.00

Type     Name                                                                          # reqs      # fails |    Avg     Min     Max    Med |   req/s  failures/s
--------|----------------------------------------------------------------------------|-------|-------------|-------|-------|-------|-------|--------|-----------
POST     /api/book                                                                       1808     0(0.00%) |   1759      91    6935   1000 |    2.10        0.00
GET      /api/concerts                                                                    364     0(0.00%) |     60       1    1205     19 |    0.20        0.00
GET      /health                                                                          184     0(0.00%) |     34       2     885      9 |    0.00        0.00
--------|----------------------------------------------------------------------------|-------|-------------|-------|-------|-------|-------|--------|-----------
         Aggregated                                                                      2356     0(0.00%) |   1362       1    6935    530 |    2.30        0.00

Type     Name                                                                          # reqs      # fails |    Avg     Min     Max    Med |   req/s  failures/s
--------|----------------------------------------------------------------------------|-------|-------------|-------|-------|-------|-------|--------|-----------
POST     /api/book                                                                       1810     0(0.00%) |   1758      91    6935   1000 |    2.30        0.00
GET      /api/concerts                                                                    366     0(0.00%) |     60       1    1205     19 |    0.30        0.00
GET      /health                                                                          186     0(0.00%) |     33       2     885      9 |    0.00        0.00
--------|----------------------------------------------------------------------------|-------|-------------|-------|-------|-------|-------|--------|-----------
         Aggregated                                                                      2362     0(0.00%) |   1359       1    6935    530 |    2.60        0.00

Type     Name                                                                          # reqs      # fails |    Avg     Min     Max    Med |   req/s  failures/s
--------|----------------------------------------------------------------------------|-------|-------------|-------|-------|-------|-------|--------|-----------
POST     /api/book                                                                       1814     0(0.00%) |   1754      91    6935   1000 |    1.90        0.00
GET      /api/concerts                                                                    366     0(0.00%) |     60       1    1205     19 |    0.50        0.00
GET      /health                                                                          186     0(0.00%) |     33       2     885      9 |    0.00        0.00
--------|----------------------------------------------------------------------------|-------|-------------|-------|-------|-------|-------|--------|-----------
         Aggregated                                                                      2366     0(0.00%) |   1357       1    6935    520 |    2.40        0.00

Type     Name                                                                          # reqs      # fails |    Avg     Min     Max    Med |   req/s  failures/s
--------|----------------------------------------------------------------------------|-------|-------------|-------|-------|-------|-------|--------|-----------
POST     /api/book                                                                       1820     0(0.00%) |   1749      91    6935   1000 |    1.80        0.00
GET      /api/concerts                                                                    366     0(0.00%) |     60       1    1205     19 |    0.40        0.00
GET      /health                                                                          186     0(0.00%) |     33       2     885      9 |    0.20        0.00
--------|----------------------------------------------------------------------------|-------|-------------|-------|-------|-------|-------|--------|-----------
         Aggregated                                                                      2372     0(0.00%) |   1353       1    6935    520 |    2.40        0.00

Type     Name                                                                          # reqs      # fails |    Avg     Min     Max    Med |   req/s  failures/s
--------|----------------------------------------------------------------------------|-------|-------------|-------|-------|-------|-------|--------|-----------
POST     /api/book                                                                       1824     0(0.00%) |   1745      91    6935   1000 |    2.10        0.00
GET      /api/concerts                                                                    366     0(0.00%) |     60       1    1205     19 |    0.30        0.00
GET      /health                                                                          186     0(0.00%) |     33       2     885      9 |    0.20        0.00
--------|----------------------------------------------------------------------------|-------|-------------|-------|-------|-------|-------|--------|-----------
         Aggregated                                                                      2376     0(0.00%) |   1351       1    6935    510 |    2.60        0.00

Type     Name                                                                          # reqs      # fails |    Avg     Min     Max    Med |   req/s  failures/s
--------|----------------------------------------------------------------------------|-------|-------------|-------|-------|-------|-------|--------|-----------
POST     /api/book                                                                       1827     0(0.00%) |   1742      91    6935   1000 |    2.10        0.00
GET      /api/concerts                                                                    368     0(0.00%) |     59       1    1205     19 |    0.30        0.00
GET      /health                                                                          188     0(0.00%) |     33       2     885      8 |    0.20        0.00
--------|----------------------------------------------------------------------------|-------|-------------|-------|-------|-------|-------|--------|-----------
         Aggregated                                                                      2383     0(0.00%) |   1348       1    6935    510 |    2.60        0.00

Type     Name                                                                          # reqs      # fails |    Avg     Min     Max    Med |   req/s  failures/s
--------|----------------------------------------------------------------------------|-------|-------------|-------|-------|-------|-------|--------|-----------
POST     /api/book                                                                       1830     0(0.00%) |   1740      91    6935   1000 |    1.70        0.00
GET      /api/concerts                                                                    369     0(0.00%) |     59       1    1205     19 |    0.30        0.00
GET      /health                                                                          189     0(0.00%) |     33       2     885      8 |    0.40        0.00
--------|----------------------------------------------------------------------------|-------|-------------|-------|-------|-------|-------|--------|-----------
         Aggregated                                                                      2388     0(0.00%) |   1345       1    6935    510 |    2.40        0.00

Type     Name                                                                          # reqs      # fails |    Avg     Min     Max    Med |   req/s  failures/s
--------|----------------------------------------------------------------------------|-------|-------------|-------|-------|-------|-------|--------|-----------
POST     /api/book                                                                       1831     0(0.00%) |   1739      91    6935   1000 |    1.90        0.00
GET      /api/concerts                                                                    370     0(0.00%) |     59       1    1205     19 |    0.30        0.00
GET      /health                                                                          190     0(0.00%) |     33       2     885      8 |    0.40        0.00
--------|----------------------------------------------------------------------------|-------|-------------|-------|-------|-------|-------|--------|-----------
         Aggregated                                                                      2391     0(0.00%) |   1343       1    6935    500 |    2.60        0.00

Type     Name                                                                          # reqs      # fails |    Avg     Min     Max    Med |   req/s  failures/s
--------|----------------------------------------------------------------------------|-------|-------------|-------|-------|-------|-------|--------|-----------
POST     /api/book                                                                       1833     0(0.00%) |   1737      91    6935   1000 |    1.90        0.00
GET      /api/concerts                                                                    373     0(0.00%) |     59       1    1205     19 |    0.40        0.00
GET      /health                                                                          190     0(0.00%) |     33       2     885      8 |    0.30        0.00
--------|----------------------------------------------------------------------------|-------|-------------|-------|-------|-------|-------|--------|-----------
         Aggregated                                                                      2396     0(0.00%) |   1341       1    6935    500 |    2.60        0.00

Type     Name                                                                          # reqs      # fails |    Avg     Min     Max    Med |   req/s  failures/s
--------|----------------------------------------------------------------------------|-------|-------------|-------|-------|-------|-------|--------|-----------
POST     /api/book                                                                       1838     0(0.00%) |   1733      91    6935    980 |    1.40        0.00
GET      /api/concerts                                                                    374     0(0.00%) |     58       1    1205     18 |    0.60        0.00
GET      /health                                                                          190     0(0.00%) |     33       2     885      8 |    0.40        0.00
--------|----------------------------------------------------------------------------|-------|-------------|-------|-------|-------|-------|--------|-----------
         Aggregated                                                                      2402     0(0.00%) |   1338       1    6935    500 |    2.40        0.00

Type     Name                                                                          # reqs      # fails |    Avg     Min     Max    Med |   req/s  failures/s
--------|----------------------------------------------------------------------------|-------|-------------|-------|-------|-------|-------|--------|-----------
POST     /api/book                                                                       1840     0(0.00%) |   1731      91    6935    980 |    1.30        0.00
GET      /api/concerts                                                                    375     0(0.00%) |     58       1    1205     18 |    0.70        0.00
GET      /health                                                                          190     0(0.00%) |     33       2     885      8 |    0.40        0.00
--------|----------------------------------------------------------------------------|-------|-------------|-------|-------|-------|-------|--------|-----------
         Aggregated                                                                      2405     0(0.00%) |   1336       1    6935    500 |    2.40        0.00

Type     Name                                                                          # reqs      # fails |    Avg     Min     Max    Med |   req/s  failures/s
--------|----------------------------------------------------------------------------|-------|-------------|-------|-------|-------|-------|--------|-----------
POST     /api/book                                                                       1843     0(0.00%) |   1729      91    6935    980 |    1.40        0.00
GET      /api/concerts                                                                    375     0(0.00%) |     58       1    1205     18 |    0.80        0.00
GET      /health                                                                          191     0(0.00%) |     32       2     885      8 |    0.30        0.00
--------|----------------------------------------------------------------------------|-------|-------------|-------|-------|-------|-------|--------|-----------
         Aggregated                                                                      2409     0(0.00%) |   1334       1    6935    500 |    2.50        0.00

Type     Name                                                                          # reqs      # fails |    Avg     Min     Max    Med |   req/s  failures/s
--------|----------------------------------------------------------------------------|-------|-------------|-------|-------|-------|-------|--------|-----------
POST     /api/book                                                                       1846     0(0.00%) |   1727      91    6935    970 |    1.50        0.00
GET      /api/concerts                                                                    377     0(0.00%) |     58       1    1205     18 |    0.60        0.00
GET      /health                                                                          191     0(0.00%) |     32       2     885      8 |    0.30        0.00
--------|----------------------------------------------------------------------------|-------|-------------|-------|-------|-------|-------|--------|-----------
         Aggregated                                                                      2414     0(0.00%) |   1332       1    6935    490 |    2.40        0.00

Type     Name                                                                          # reqs      # fails |    Avg     Min     Max    Med |   req/s  failures/s
--------|----------------------------------------------------------------------------|-------|-------------|-------|-------|-------|-------|--------|-----------
POST     /api/book                                                                       1850     0(0.00%) |   1723      91    6935    970 |    1.40        0.00
GET      /api/concerts                                                                    378     0(0.00%) |     58       1    1205     18 |    0.60        0.00
GET      /health                                                                          191     0(0.00%) |     32       2     885      8 |    0.20        0.00
--------|----------------------------------------------------------------------------|-------|-------------|-------|-------|-------|-------|--------|-----------
         Aggregated                                                                      2419     0(0.00%) |   1329       1    6935    490 |    2.20        0.00

Type     Name                                                                          # reqs      # fails |    Avg     Min     Max    Med |   req/s  failures/s
--------|----------------------------------------------------------------------------|-------|-------------|-------|-------|-------|-------|--------|-----------
POST     /api/book                                                                       1855     0(0.00%) |   1719      91    6935    970 |    1.70        0.00
GET      /api/concerts                                                                    378     0(0.00%) |     58       1    1205     18 |    0.60        0.00
GET      /health                                                                          192     0(0.00%) |     32       2     885      7 |    0.10        0.00
--------|----------------------------------------------------------------------------|-------|-------------|-------|-------|-------|-------|--------|-----------
         Aggregated                                                                      2425     0(0.00%) |   1326       1    6935    490 |    2.40        0.00

Type     Name                                                                          # reqs      # fails |    Avg     Min     Max    Med |   req/s  failures/s
--------|----------------------------------------------------------------------------|-------|-------------|-------|-------|-------|-------|--------|-----------
POST     /api/book                                                                       1860     0(0.00%) |   1715      91    6935    960 |    1.90        0.00
GET      /api/concerts                                                                    378     0(0.00%) |     58       1    1205     18 |    0.40        0.00
GET      /health                                                                          192     0(0.00%) |     32       2     885      7 |    0.10        0.00
--------|----------------------------------------------------------------------------|-------|-------------|-------|-------|-------|-------|--------|-----------
         Aggregated                                                                      2430     0(0.00%) |   1324       1    6935    480 |    2.40        0.00

Type     Name                                                                          # reqs      # fails |    Avg     Min     Max    Med |   req/s  failures/s
--------|----------------------------------------------------------------------------|-------|-------------|-------|-------|-------|-------|--------|-----------
POST     /api/book                                                                       1864     0(0.00%) |   1712      91    6935    960 |    1.80        0.00
GET      /api/concerts                                                                    379     0(0.00%) |     58       1    1205     18 |    0.30        0.00
GET      /health                                                                          192     0(0.00%) |     32       2     885      7 |    0.20        0.00
--------|----------------------------------------------------------------------------|-------|-------------|-------|-------|-------|-------|--------|-----------
         Aggregated                                                                      2435     0(0.00%) |   1322       1    6935    480 |    2.30        0.00

Type     Name                                                                          # reqs      # fails |    Avg     Min     Max    Med |   req/s  failures/s
--------|----------------------------------------------------------------------------|-------|-------------|-------|-------|-------|-------|--------|-----------
POST     /api/book                                                                       1868     0(0.00%) |   1708      91    6935    950 |    2.00        0.00
GET      /api/concerts                                                                    379     0(0.00%) |     58       1    1205     18 |    0.40        0.00
GET      /health                                                                          193     0(0.00%) |     32       2     885      7 |    0.10        0.00
--------|----------------------------------------------------------------------------|-------|-------------|-------|-------|-------|-------|--------|-----------
         Aggregated                                                                      2440     0(0.00%) |   1319       1    6935    480 |    2.50        0.00

Type     Name                                                                          # reqs      # fails |    Avg     Min     Max    Med |   req/s  failures/s
--------|----------------------------------------------------------------------------|-------|-------------|-------|-------|-------|-------|--------|-----------
POST     /api/book                                                                       1873     0(0.00%) |   1704      91    6935    950 |    2.10        0.00
GET      /api/concerts                                                                    380     0(0.00%) |     58       1    1205     18 |    0.30        0.00
GET      /health                                                                          193     0(0.00%) |     32       2     885      7 |    0.10        0.00
--------|----------------------------------------------------------------------------|-------|-------------|-------|-------|-------|-------|--------|-----------
         Aggregated                                                                      2446     0(0.00%) |   1316       1    6935    480 |    2.50        0.00

Type     Name                                                                          # reqs      # fails |    Avg     Min     Max    Med |   req/s  failures/s
--------|----------------------------------------------------------------------------|-------|-------------|-------|-------|-------|-------|--------|-----------
POST     /api/book                                                                       1877     0(0.00%) |   1701      91    6935    940 |    2.10        0.00
GET      /api/concerts                                                                    380     0(0.00%) |     58       1    1205     18 |    0.10        0.00
GET      /health                                                                          193     0(0.00%) |     32       2     885      7 |    0.20        0.00
--------|----------------------------------------------------------------------------|-------|-------------|-------|-------|-------|-------|--------|-----------
         Aggregated                                                                      2450     0(0.00%) |   1315       1    6935    470 |    2.40        0.00

Type     Name                                                                          # reqs      # fails |    Avg     Min     Max    Med |   req/s  failures/s
--------|----------------------------------------------------------------------------|-------|-------------|-------|-------|-------|-------|--------|-----------
POST     /api/book                                                                       1880     0(0.00%) |   1698      91    6935    940 |    2.10        0.00
GET      /api/concerts                                                                    380     0(0.00%) |     58       1    1205     18 |    0.20        0.00
GET      /health                                                                          193     0(0.00%) |     32       2     885      7 |    0.20        0.00
--------|----------------------------------------------------------------------------|-------|-------------|-------|-------|-------|-------|--------|-----------
         Aggregated                                                                      2453     0(0.00%) |   1313       1    6935    470 |    2.50        0.00

Type     Name                                                                          # reqs      # fails |    Avg     Min     Max    Med |   req/s  failures/s
--------|----------------------------------------------------------------------------|-------|-------------|-------|-------|-------|-------|--------|-----------
POST     /api/book                                                                       1884     0(0.00%) |   1695      91    6935    920 |    2.20        0.00
GET      /api/concerts                                                                    380     0(0.00%) |     58       1    1205     18 |    0.20        0.00
GET      /health                                                                          194     0(0.00%) |     32       2     885      7 |    0.10        0.00
--------|----------------------------------------------------------------------------|-------|-------------|-------|-------|-------|-------|--------|-----------
         Aggregated                                                                      2458     0(0.00%) |   1311       1    6935    470 |    2.50        0.00

Type     Name                                                                          # reqs      # fails |    Avg     Min     Max    Med |   req/s  failures/s
--------|----------------------------------------------------------------------------|-------|-------------|-------|-------|-------|-------|--------|-----------
POST     /api/book                                                                       1889     0(0.00%) |   1691      91    6935    900 |    2.10        0.00
GET      /api/concerts                                                                    380     0(0.00%) |     58       1    1205     18 |    0.10        0.00
GET      /health                                                                          196     0(0.00%) |     32       2     885      7 |    0.20        0.00
--------|----------------------------------------------------------------------------|-------|-------------|-------|-------|-------|-------|--------|-----------
         Aggregated                                                                      2465     0(0.00%) |   1307       1    6935    460 |    2.40        0.00

Type     Name                                                                          # reqs      # fails |    Avg     Min     Max    Med |   req/s  failures/s
--------|----------------------------------------------------------------------------|-------|-------------|-------|-------|-------|-------|--------|-----------
POST     /api/book                                                                       1893     0(0.00%) |   1688      91    6935    890 |    2.00        0.00
GET      /api/concerts                                                                    381     0(0.00%) |     58       1    1205     18 |    0.10        0.00
GET      /health                                                                          197     0(0.00%) |     32       2     885      7 |    0.30        0.00
--------|----------------------------------------------------------------------------|-------|-------------|-------|-------|-------|-------|--------|-----------
         Aggregated                                                                      2471     0(0.00%) |   1305       1    6935    450 |    2.40        0.00

Type     Name                                                                          # reqs      # fails |    Avg     Min     Max    Med |   req/s  failures/s
--------|----------------------------------------------------------------------------|-------|-------------|-------|-------|-------|-------|--------|-----------
POST     /api/book                                                                       1896     0(0.00%) |   1685      91    6935    890 |    2.00        0.00
GET      /api/concerts                                                                    382     0(0.00%) |     58       1    1205     18 |    0.10        0.00
GET      /health                                                                          198     0(0.00%) |     31       2     885      6 |    0.40        0.00
--------|----------------------------------------------------------------------------|-------|-------------|-------|-------|-------|-------|--------|-----------
         Aggregated                                                                      2476     0(0.00%) |   1302       1    6935    450 |    2.50        0.00

Type     Name                                                                          # reqs      # fails |    Avg     Min     Max    Med |   req/s  failures/s
--------|----------------------------------------------------------------------------|-------|-------------|-------|-------|-------|-------|--------|-----------
POST     /api/book                                                                       1899     0(0.00%) |   1683      91    6935    890 |    2.00        0.00
GET      /api/concerts                                                                    384     0(0.00%) |     57       1    1205     18 |    0.20        0.00
GET      /health                                                                          198     0(0.00%) |     31       2     885      6 |    0.50        0.00
--------|----------------------------------------------------------------------------|-------|-------------|-------|-------|-------|-------|--------|-----------
         Aggregated                                                                      2481     0(0.00%) |   1300       1    6935    450 |    2.70        0.00

Type     Name                                                                          # reqs      # fails |    Avg     Min     Max    Med |   req/s  failures/s
--------|----------------------------------------------------------------------------|-------|-------------|-------|-------|-------|-------|--------|-----------
POST     /api/book                                                                       1904     0(0.00%) |   1679      91    6935    880 |    1.80        0.00
GET      /api/concerts                                                                    384     0(0.00%) |     57       1    1205     18 |    0.40        0.00
GET      /health                                                                          198     0(0.00%) |     31       2     885      6 |    0.50        0.00
--------|----------------------------------------------------------------------------|-------|-------------|-------|-------|-------|-------|--------|-----------
         Aggregated                                                                      2486     0(0.00%) |   1297       1    6935    450 |    2.70        0.00

Type     Name                                                                          # reqs      # fails |    Avg     Min     Max    Med |   req/s  failures/s
--------|----------------------------------------------------------------------------|-------|-------------|-------|-------|-------|-------|--------|-----------
POST     /api/book                                                                       1909     0(0.00%) |   1675      91    6935    880 |    1.90        0.00
GET      /api/concerts                                                                    384     0(0.00%) |     57       1    1205     18 |    0.40        0.00
GET      /health                                                                          198     0(0.00%) |     31       2     885      6 |    0.40        0.00
--------|----------------------------------------------------------------------------|-------|-------------|-------|-------|-------|-------|--------|-----------
         Aggregated                                                                      2491     0(0.00%) |   1295       1    6935    440 |    2.70        0.00

Type     Name                                                                          # reqs      # fails |    Avg     Min     Max    Med |   req/s  failures/s
--------|----------------------------------------------------------------------------|-------|-------------|-------|-------|-------|-------|--------|-----------
POST     /api/book                                                                       1910     0(0.00%) |   1675      91    6935    880 |    2.00        0.00
GET      /api/concerts                                                                    384     0(0.00%) |     57       1    1205     18 |    0.40        0.00
GET      /health                                                                          198     0(0.00%) |     31       2     885      6 |    0.40        0.00
--------|----------------------------------------------------------------------------|-------|-------------|-------|-------|-------|-------|--------|-----------
         Aggregated                                                                      2492     0(0.00%) |   1295       1    6935    440 |    2.80        0.00

Type     Name                                                                          # reqs      # fails |    Avg     Min     Max    Med |   req/s  failures/s
--------|----------------------------------------------------------------------------|-------|-------------|-------|-------|-------|-------|--------|-----------
POST     /api/book                                                                       1913     0(0.00%) |   1672      91    6935    870 |    1.90        0.00
GET      /api/concerts                                                                    385     0(0.00%) |     57       1    1205     18 |    0.40        0.00
GET      /health                                                                          199     0(0.00%) |     31       2     885      7 |    0.20        0.00
--------|----------------------------------------------------------------------------|-------|-------------|-------|-------|-------|-------|--------|-----------
         Aggregated                                                                      2497     0(0.00%) |   1293       1    6935    440 |    2.50        0.00

Type     Name                                                                          # reqs      # fails |    Avg     Min     Max    Med |   req/s  failures/s
--------|----------------------------------------------------------------------------|-------|-------------|-------|-------|-------|-------|--------|-----------
POST     /api/book                                                                       1916     0(0.00%) |   1670      91    6935    870 |    1.70        0.00
GET      /api/concerts                                                                    387     0(0.00%) |     57       1    1205     17 |    0.30        0.00
GET      /health                                                                          200     0(0.00%) |     31       2     885      6 |    0.10        0.00
--------|----------------------------------------------------------------------------|-------|-------------|-------|-------|-------|-------|--------|-----------
         Aggregated                                                                      2503     0(0.00%) |   1290       1    6935    440 |    2.10        0.00

Type     Name                                                                          # reqs      # fails |    Avg     Min     Max    Med |   req/s  failures/s
--------|----------------------------------------------------------------------------|-------|-------------|-------|-------|-------|-------|--------|-----------
POST     /api/book                                                                       1919     0(0.00%) |   1668      91    6935    870 |    1.90        0.00
GET      /api/concerts                                                                    390     0(0.00%) |     56       1    1205     16 |    0.30        0.00
GET      /health                                                                          201     0(0.00%) |     31       2     885      6 |    0.20        0.00
--------|----------------------------------------------------------------------------|-------|-------------|-------|-------|-------|-------|--------|-----------
         Aggregated                                                                      2510     0(0.00%) |   1286       1    6935    430 |    2.40        0.00

Type     Name                                                                          # reqs      # fails |    Avg     Min     Max    Med |   req/s  failures/s
--------|----------------------------------------------------------------------------|-------|-------------|-------|-------|-------|-------|--------|-----------
POST     /api/book                                                                       1921     0(0.00%) |   1666      91    6935    860 |    1.60        0.00
GET      /api/concerts                                                                    391     0(0.00%) |     56       1    1205     16 |    0.50        0.00
GET      /health                                                                          202     0(0.00%) |     31       2     885      6 |    0.30        0.00
--------|----------------------------------------------------------------------------|-------|-------------|-------|-------|-------|-------|--------|-----------
         Aggregated                                                                      2514     0(0.00%) |   1285       1    6935    430 |    2.40        0.00

Type     Name                                                                          # reqs      # fails |    Avg     Min     Max    Med |   req/s  failures/s
--------|----------------------------------------------------------------------------|-------|-------------|-------|-------|-------|-------|--------|-----------
POST     /api/book                                                                       1926     0(0.00%) |   1662      91    6935    860 |    1.60        0.00
GET      /api/concerts                                                                    391     0(0.00%) |     56       1    1205     16 |    0.70        0.00
GET      /health                                                                          202     0(0.00%) |     31       2     885      6 |    0.40        0.00
--------|----------------------------------------------------------------------------|-------|-------------|-------|-------|-------|-------|--------|-----------
         Aggregated                                                                      2519     0(0.00%) |   1282       1    6935    420 |    2.70        0.00

Type     Name                                                                          # reqs      # fails |    Avg     Min     Max    Med |   req/s  failures/s
--------|----------------------------------------------------------------------------|-------|-------------|-------|-------|-------|-------|--------|-----------
POST     /api/book                                                                       1929     0(0.00%) |   1660      91    6935    850 |    1.30        0.00
GET      /api/concerts                                                                    392     0(0.00%) |     56       1    1205     16 |    0.70        0.00
GET      /health                                                                          202     0(0.00%) |     31       2     885      6 |    0.40        0.00
--------|----------------------------------------------------------------------------|-------|-------------|-------|-------|-------|-------|--------|-----------
         Aggregated                                                                      2523     0(0.00%) |   1280       1    6935    420 |    2.40        0.00

Type     Name                                                                          # reqs      # fails |    Avg     Min     Max    Med |   req/s  failures/s
--------|----------------------------------------------------------------------------|-------|-------------|-------|-------|-------|-------|--------|-----------
POST     /api/book                                                                       1934     0(0.00%) |   1656      91    6935    850 |    1.60        0.00
GET      /api/concerts                                                                    392     0(0.00%) |     56       1    1205     16 |    0.70        0.00
GET      /health                                                                          203     0(0.00%) |     31       2     885      6 |    0.30        0.00
--------|----------------------------------------------------------------------------|-------|-------------|-------|-------|-------|-------|--------|-----------
         Aggregated                                                                      2529     0(0.00%) |   1278       1    6935    420 |    2.60        0.00

Type     Name                                                                          # reqs      # fails |    Avg     Min     Max    Med |   req/s  failures/s
--------|----------------------------------------------------------------------------|-------|-------------|-------|-------|-------|-------|--------|-----------
POST     /api/book                                                                       1937     0(0.00%) |   1654      91    6935    840 |    1.50        0.00
GET      /api/concerts                                                                    392     0(0.00%) |     56       1    1205     16 |    0.50        0.00
GET      /health                                                                          203     0(0.00%) |     31       2     885      6 |    0.20        0.00
--------|----------------------------------------------------------------------------|-------|-------------|-------|-------|-------|-------|--------|-----------
         Aggregated                                                                      2532     0(0.00%) |   1276       1    6935    420 |    2.20        0.00

Type     Name                                                                          # reqs      # fails |    Avg     Min     Max    Med |   req/s  failures/s
--------|----------------------------------------------------------------------------|-------|-------------|-------|-------|-------|-------|--------|-----------
POST     /api/book                                                                       1941     0(0.00%) |   1651      91    6935    840 |    1.80        0.00
GET      /api/concerts                                                                    393     0(0.00%) |     56       1    1205     16 |    0.20        0.00
GET      /health                                                                          203     0(0.00%) |     31       2     885      6 |    0.20        0.00
--------|----------------------------------------------------------------------------|-------|-------------|-------|-------|-------|-------|--------|-----------
         Aggregated                                                                      2537     0(0.00%) |   1274       1    6935    420 |    2.20        0.00

Type     Name                                                                          # reqs      # fails |    Avg     Min     Max    Med |   req/s  failures/s
--------|----------------------------------------------------------------------------|-------|-------------|-------|-------|-------|-------|--------|-----------
POST     /api/book                                                                       1945     0(0.00%) |   1648      91    6935    840 |    1.90        0.00
GET      /api/concerts                                                                    394     0(0.00%) |     56       1    1205     15 |    0.20        0.00
GET      /health                                                                          203     0(0.00%) |     31       2     885      6 |    0.10        0.00
--------|----------------------------------------------------------------------------|-------|-------------|-------|-------|-------|-------|--------|-----------
         Aggregated                                                                      2542     0(0.00%) |   1272       1    6935    420 |    2.20        0.00

Type     Name                                                                          # reqs      # fails |    Avg     Min     Max    Med |   req/s  failures/s
--------|----------------------------------------------------------------------------|-------|-------------|-------|-------|-------|-------|--------|-----------
POST     /api/book                                                                       1948     0(0.00%) |   1646      91    6935    830 |    2.00        0.00
GET      /api/concerts                                                                    396     0(0.00%) |     56       1    1205     15 |    0.30        0.00
GET      /health                                                                          203     0(0.00%) |     31       2     885      6 |    0.10        0.00
--------|----------------------------------------------------------------------------|-------|-------------|-------|-------|-------|-------|--------|-----------
         Aggregated                                                                      2547     0(0.00%) |   1270       1    6935    420 |    2.40        0.00

Type     Name                                                                          # reqs      # fails |    Avg     Min     Max    Med |   req/s  failures/s
--------|----------------------------------------------------------------------------|-------|-------------|-------|-------|-------|-------|--------|-----------
POST     /api/book                                                                       1951     0(0.00%) |   1643      91    6935    830 |    1.70        0.00
GET      /api/concerts                                                                    396     0(0.00%) |     56       1    1205     15 |    0.20        0.00
GET      /health                                                                          203     0(0.00%) |     31       2     885      6 |    0.10        0.00
--------|----------------------------------------------------------------------------|-------|-------------|-------|-------|-------|-------|--------|-----------
         Aggregated                                                                      2550     0(0.00%) |   1268       1    6935    420 |    2.00        0.00

Type     Name                                                                          # reqs      # fails |    Avg     Min     Max    Med |   req/s  failures/s
--------|----------------------------------------------------------------------------|-------|-------------|-------|-------|-------|-------|--------|-----------
POST     /api/book                                                                       1954     0(0.00%) |   1641      91    6935    830 |    1.80        0.00
GET      /api/concerts                                                                    397     0(0.00%) |     55       1    1205     15 |    0.40        0.00
GET      /health                                                                          203     0(0.00%) |     31       2     885      6 |    0.10        0.00
--------|----------------------------------------------------------------------------|-------|-------------|-------|-------|-------|-------|--------|-----------
         Aggregated                                                                      2554     0(0.00%) |   1267       1    6935    420 |    2.30        0.00

Type     Name                                                                          # reqs      # fails |    Avg     Min     Max    Med |   req/s  failures/s
--------|----------------------------------------------------------------------------|-------|-------------|-------|-------|-------|-------|--------|-----------
POST     /api/book                                                                       1959     0(0.00%) |   1637      91    6935    820 |    1.80        0.00
GET      /api/concerts                                                                    397     0(0.00%) |     55       1    1205     15 |    0.40        0.00
GET      /health                                                                          203     0(0.00%) |     31       2     885      6 |    0.00        0.00
--------|----------------------------------------------------------------------------|-------|-------------|-------|-------|-------|-------|--------|-----------
         Aggregated                                                                      2559     0(0.00%) |   1265       1    6935    420 |    2.20        0.00

Type     Name                                                                          # reqs      # fails |    Avg     Min     Max    Med |   req/s  failures/s
--------|----------------------------------------------------------------------------|-------|-------------|-------|-------|-------|-------|--------|-----------
POST     /api/book                                                                       1961     0(0.00%) |   1636      91    6935    820 |    1.80        0.00
GET      /api/concerts                                                                    400     0(0.00%) |     55       1    1205     14 |    0.50        0.00
GET      /health                                                                          203     0(0.00%) |     31       2     885      6 |    0.00        0.00
--------|----------------------------------------------------------------------------|-------|-------------|-------|-------|-------|-------|--------|-----------
         Aggregated                                                                      2564     0(0.00%) |   1262       1    6935    410 |    2.30        0.00

Type     Name                                                                          # reqs      # fails |    Avg     Min     Max    Med |   req/s  failures/s
--------|----------------------------------------------------------------------------|-------|-------------|-------|-------|-------|-------|--------|-----------
POST     /api/book                                                                       1965     0(0.00%) |   1633      91    6935    820 |    1.70        0.00
GET      /api/concerts                                                                    403     0(0.00%) |     55       1    1205     14 |    0.60        0.00
GET      /health                                                                          203     0(0.00%) |     31       2     885      6 |    0.00        0.00
--------|----------------------------------------------------------------------------|-------|-------------|-------|-------|-------|-------|--------|-----------
         Aggregated                                                                      2571     0(0.00%) |   1259       1    6935    410 |    2.30        0.00

Type     Name                                                                          # reqs      # fails |    Avg     Min     Max    Med |   req/s  failures/s
--------|----------------------------------------------------------------------------|-------|-------------|-------|-------|-------|-------|--------|-----------
POST     /api/book                                                                       1969     0(0.00%) |   1630      91    6935    820 |    1.80        0.00
GET      /api/concerts                                                                    403     0(0.00%) |     55       1    1205     14 |    0.70        0.00
GET      /health                                                                          205     0(0.00%) |     30       2     885      6 |    0.00        0.00
--------|----------------------------------------------------------------------------|-------|-------------|-------|-------|-------|-------|--------|-----------
         Aggregated                                                                      2577     0(0.00%) |   1256       1    6935    410 |    2.50        0.00

Type     Name                                                                          # reqs      # fails |    Avg     Min     Max    Med |   req/s  failures/s
--------|----------------------------------------------------------------------------|-------|-------------|-------|-------|-------|-------|--------|-----------
POST     /api/book                                                                       1972     0(0.00%) |   1628      91    6935    820 |    1.70        0.00
GET      /api/concerts                                                                    405     0(0.00%) |     54       1    1205     13 |    0.70        0.00
GET      /health                                                                          205     0(0.00%) |     30       2     885      6 |    0.10        0.00
--------|----------------------------------------------------------------------------|-------|-------------|-------|-------|-------|-------|--------|-----------
         Aggregated                                                                      2582     0(0.00%) |   1254       1    6935    410 |    2.50        0.00

Type     Name                                                                          # reqs      # fails |    Avg     Min     Max    Med |   req/s  failures/s
--------|----------------------------------------------------------------------------|-------|-------------|-------|-------|-------|-------|--------|-----------
POST     /api/book                                                                       1977     0(0.00%) |   1624      91    6935    810 |    1.70        0.00
GET      /api/concerts                                                                    405     0(0.00%) |     54       1    1205     13 |    0.80        0.00
GET      /health                                                                          205     0(0.00%) |     30       2     885      6 |    0.20        0.00
--------|----------------------------------------------------------------------------|-------|-------------|-------|-------|-------|-------|--------|-----------
         Aggregated                                                                      2587     0(0.00%) |   1252       1    6935    410 |    2.70        0.00

Type     Name                                                                          # reqs      # fails |    Avg     Min     Max    Med |   req/s  failures/s
--------|----------------------------------------------------------------------------|-------|-------------|-------|-------|-------|-------|--------|-----------
POST     /api/book                                                                       1980     0(0.00%) |   1622      91    6935    800 |    1.70        0.00
GET      /api/concerts                                                                    407     0(0.00%) |     54       1    1205     13 |    0.80        0.00
GET      /health                                                                          206     0(0.00%) |     30       2     885      6 |    0.20        0.00
--------|----------------------------------------------------------------------------|-------|-------------|-------|-------|-------|-------|--------|-----------
         Aggregated                                                                      2593     0(0.00%) |   1249       1    6935    400 |    2.70        0.00

Type     Name                                                                          # reqs      # fails |    Avg     Min     Max    Med |   req/s  failures/s
--------|----------------------------------------------------------------------------|-------|-------------|-------|-------|-------|-------|--------|-----------
POST     /api/book                                                                       1985     0(0.00%) |   1618      91    6935    800 |    1.90        0.00
GET      /api/concerts                                                                    407     0(0.00%) |     54       1    1205     13 |    0.60        0.00
GET      /health                                                                          206     0(0.00%) |     30       2     885      6 |    0.30        0.00
--------|----------------------------------------------------------------------------|-------|-------------|-------|-------|-------|-------|--------|-----------
         Aggregated                                                                      2598     0(0.00%) |   1247       1    6935    400 |    2.80        0.00

[2026-06-06 14:09:44,421] ip-172-31-20-158/INFO/locust.runners: Shape test updating to 40 users at 5.00 spawn rate
[2026-06-06 14:09:44,421] ip-172-31-20-158/INFO/locust.runners: Ramping to 40 users at a rate of 5.00 per second
Type     Name                                                                          # reqs      # fails |    Avg     Min     Max    Med |   req/s  failures/s
--------|----------------------------------------------------------------------------|-------|-------------|-------|-------|-------|-------|--------|-----------
POST     /api/book                                                                       1993     0(0.00%) |   1613      91    6935    790 |    2.00        0.00
GET      /api/concerts                                                                    409     0(0.00%) |     54       1    1205     13 |    0.60        0.00
GET      /health                                                                          207     0(0.00%) |     30       2     885      6 |    0.30        0.00
--------|----------------------------------------------------------------------------|-------|-------------|-------|-------|-------|-------|--------|-----------
         Aggregated                                                                      2609     0(0.00%) |   1243       1    6935    400 |    2.90        0.00

Type     Name                                                                          # reqs      # fails |    Avg     Min     Max    Med |   req/s  failures/s
--------|----------------------------------------------------------------------------|-------|-------------|-------|-------|-------|-------|--------|-----------
POST     /api/book                                                                       2008     0(0.00%) |   1603      91    6935    780 |    2.30        0.00
GET      /api/concerts                                                                    414     0(0.00%) |     53       1    1205     12 |    0.60        0.00
GET      /health                                                                          207     0(0.00%) |     30       2     885      6 |    0.20        0.00
--------|----------------------------------------------------------------------------|-------|-------------|-------|-------|-------|-------|--------|-----------
         Aggregated                                                                      2629     0(0.00%) |   1235       1    6935    400 |    3.10        0.00

Type     Name                                                                          # reqs      # fails |    Avg     Min     Max    Med |   req/s  failures/s
--------|----------------------------------------------------------------------------|-------|-------------|-------|-------|-------|-------|--------|-----------
POST     /api/book                                                                       2026     0(0.00%) |   1592      91    6935    770 |    3.50        0.00
GET      /api/concerts                                                                    420     0(0.00%) |     53       1    1205     12 |    0.70        0.00
GET      /health                                                                          210     0(0.00%) |     30       2     885      6 |    0.20        0.00
--------|----------------------------------------------------------------------------|-------|-------------|-------|-------|-------|-------|--------|-----------
         Aggregated                                                                      2656     0(0.00%) |   1225       1    6935    390 |    4.40        0.00

[2026-06-06 14:09:50,437] ip-172-31-20-158/INFO/locust.runners: All users spawned: {"TicketingUser": 40} (40 total users)
Type     Name                                                                          # reqs      # fails |    Avg     Min     Max    Med |   req/s  failures/s
--------|----------------------------------------------------------------------------|-------|-------------|-------|-------|-------|-------|--------|-----------
POST     /api/book                                                                       2058     0(0.00%) |   1573      91    6935    750 |    4.80        0.00
GET      /api/concerts                                                                    426     0(0.00%) |     52       1    1205     12 |    1.30        0.00
GET      /health                                                                          212     0(0.00%) |     30       2     885      6 |    0.40        0.00
--------|----------------------------------------------------------------------------|-------|-------------|-------|-------|-------|-------|--------|-----------
         Aggregated                                                                      2696     0(0.00%) |   1211       1    6935    390 |    6.50        0.00

Type     Name                                                                          # reqs      # fails |    Avg     Min     Max    Med |   req/s  failures/s
--------|----------------------------------------------------------------------------|-------|-------------|-------|-------|-------|-------|--------|-----------
POST     /api/book                                                                       2082     0(0.00%) |   1559      91    6935    730 |    6.50        0.00
GET      /api/concerts                                                                    432     0(0.00%) |     52       1    1205     12 |    1.80        0.00
GET      /health                                                                          214     0(0.00%) |     30       2     885      6 |    0.50        0.00
--------|----------------------------------------------------------------------------|-------|-------------|-------|-------|-------|-------|--------|-----------
         Aggregated                                                                      2728     0(0.00%) |   1200       1    6935    380 |    8.80        0.00

Type     Name                                                                          # reqs      # fails |    Avg     Min     Max    Med |   req/s  failures/s
--------|----------------------------------------------------------------------------|-------|-------------|-------|-------|-------|-------|--------|-----------
POST     /api/book                                                                       2115     0(0.00%) |   1540      91    6935    710 |    8.90        0.00
GET      /api/concerts                                                                    433     0(0.00%) |     52       1    1205     12 |    2.30        0.00
GET      /health                                                                          217     0(0.00%) |     29       2     885      6 |    0.80        0.00
--------|----------------------------------------------------------------------------|-------|-------------|-------|-------|-------|-------|--------|-----------
         Aggregated                                                                      2765     0(0.00%) |   1189       1    6935    370 |   12.00        0.00

Type     Name                                                                          # reqs      # fails |    Avg     Min     Max    Med |   req/s  failures/s
--------|----------------------------------------------------------------------------|-------|-------------|-------|-------|-------|-------|--------|-----------
POST     /api/book                                                                       2144     0(0.00%) |   1525      91    6935    700 |   11.50        0.00
GET      /api/concerts                                                                    437     0(0.00%) |     51       1    1205     11 |    2.40        0.00
GET      /health                                                                          221     0(0.00%) |     29       2     885      6 |    1.10        0.00
--------|----------------------------------------------------------------------------|-------|-------------|-------|-------|-------|-------|--------|-----------
         Aggregated                                                                      2802     0(0.00%) |   1177       1    6935    370 |   15.00        0.00

Type     Name                                                                          # reqs      # fails |    Avg     Min     Max    Med |   req/s  failures/s
--------|----------------------------------------------------------------------------|-------|-------------|-------|-------|-------|-------|--------|-----------
POST     /api/book                                                                       2173     0(0.00%) |   1508      91    6935    670 |   12.60        0.00
GET      /api/concerts                                                                    444     0(0.00%) |     51       1    1205     11 |    2.40        0.00
GET      /health                                                                          223     0(0.00%) |     29       2     885      5 |    1.30        0.00
--------|----------------------------------------------------------------------------|-------|-------------|-------|-------|-------|-------|--------|-----------
         Aggregated                                                                      2840     0(0.00%) |   1164       1    6935    360 |   16.30        0.00

Type     Name                                                                          # reqs      # fails |    Avg     Min     Max    Med |   req/s  failures/s
--------|----------------------------------------------------------------------------|-------|-------------|-------|-------|-------|-------|--------|-----------
POST     /api/book                                                                       2198     0(0.00%) |   1495      91    6935    650 |   13.90        0.00
GET      /api/concerts                                                                    449     0(0.00%) |     50       1    1205     11 |    2.10        0.00
GET      /health                                                                          223     0(0.00%) |     29       2     885      5 |    1.30        0.00
--------|----------------------------------------------------------------------------|-------|-------------|-------|-------|-------|-------|--------|-----------
         Aggregated                                                                      2870     0(0.00%) |   1155       1    6935    350 |   17.30        0.00

Type     Name                                                                          # reqs      # fails |    Avg     Min     Max    Med |   req/s  failures/s
--------|----------------------------------------------------------------------------|-------|-------------|-------|-------|-------|-------|--------|-----------
POST     /api/book                                                                       2226     0(0.00%) |   1490      91    6935    670 |   14.60        0.00
GET      /api/concerts                                                                    457     0(0.00%) |     50       1    1205     11 |    2.30        0.00
GET      /health                                                                          224     0(0.00%) |     28       2     885      5 |    1.20        0.00
--------|----------------------------------------------------------------------------|-------|-------------|-------|-------|-------|-------|--------|-----------
         Aggregated                                                                      2907     0(0.00%) |   1151       1    6935    360 |   18.10        0.00

Type     Name                                                                          # reqs      # fails |    Avg     Min     Max    Med |   req/s  failures/s
--------|----------------------------------------------------------------------------|-------|-------------|-------|-------|-------|-------|--------|-----------
POST     /api/book                                                                       2251     0(0.00%) |   1478      91    6935    650 |   13.10        0.00
GET      /api/concerts                                                                    462     0(0.00%) |     49       1    1205     11 |    2.40        0.00
GET      /health                                                                          225     0(0.00%) |     28       2     885      5 |    1.00        0.00
--------|----------------------------------------------------------------------------|-------|-------------|-------|-------|-------|-------|--------|-----------
         Aggregated                                                                      2938     0(0.00%) |   1142       1    6935    360 |   16.50        0.00

Type     Name                                                                          # reqs      # fails |    Avg     Min     Max    Med |   req/s  failures/s
--------|----------------------------------------------------------------------------|-------|-------------|-------|-------|-------|-------|--------|-----------
POST     /api/book                                                                       2282     0(0.00%) |   1463      91    6935    630 |   13.20        0.00
GET      /api/concerts                                                                    465     0(0.00%) |     49       1    1205     11 |    2.50        0.00
GET      /health                                                                          227     0(0.00%) |     28       2     885      5 |    0.80        0.00
--------|----------------------------------------------------------------------------|-------|-------------|-------|-------|-------|-------|--------|-----------
         Aggregated                                                                      2974     0(0.00%) |   1132       1    6935    350 |   16.50        0.00

Type     Name                                                                          # reqs      # fails |    Avg     Min     Max    Med |   req/s  failures/s
--------|----------------------------------------------------------------------------|-------|-------------|-------|-------|-------|-------|--------|-----------
POST     /api/book                                                                       2307     0(0.00%) |   1452      91    6935    630 |   13.50        0.00
GET      /api/concerts                                                                    469     0(0.00%) |     49       1    1205     11 |    2.90        0.00
GET      /health                                                                          229     0(0.00%) |     28       2     885      5 |    0.60        0.00
--------|----------------------------------------------------------------------------|-------|-------------|-------|-------|-------|-------|--------|-----------
         Aggregated                                                                      3005     0(0.00%) |   1125       1    6935    350 |   17.00        0.00

Type     Name                                                                          # reqs      # fails |    Avg     Min     Max    Med |   req/s  failures/s
--------|----------------------------------------------------------------------------|-------|-------------|-------|-------|-------|-------|--------|-----------
POST     /api/book                                                                       2337     0(0.00%) |   1439      91    6935    620 |   13.20        0.00
GET      /api/concerts                                                                    474     0(0.00%) |     49       1    1205     11 |    2.80        0.00
GET      /health                                                                          230     0(0.00%) |     28       2     885      5 |    0.50        0.00
--------|----------------------------------------------------------------------------|-------|-------------|-------|-------|-------|-------|--------|-----------
         Aggregated                                                                      3041     0(0.00%) |   1115       1    6935    350 |   16.50        0.00

Type     Name                                                                          # reqs      # fails |    Avg     Min     Max    Med |   req/s  failures/s
--------|----------------------------------------------------------------------------|-------|-------------|-------|-------|-------|-------|--------|-----------
POST     /api/book                                                                       2360     0(0.00%) |   1428      91    6935    610 |   13.40        0.00
GET      /api/concerts                                                                    482     0(0.00%) |     48       1    1205     11 |    2.50        0.00
GET      /health                                                                          231     0(0.00%) |     28       2     885      5 |    0.70        0.00
--------|----------------------------------------------------------------------------|-------|-------------|-------|-------|-------|-------|--------|-----------
         Aggregated                                                                      3073     0(0.00%) |   1106       1    6935    340 |   16.60        0.00

Type     Name                                                                          # reqs      # fails |    Avg     Min     Max    Med |   req/s  failures/s
--------|----------------------------------------------------------------------------|-------|-------------|-------|-------|-------|-------|--------|-----------
POST     /api/book                                                                       2392     0(0.00%) |   1415      91    6935    600 |   14.60        0.00
GET      /api/concerts                                                                    485     0(0.00%) |     48       1    1205     11 |    2.40        0.00
GET      /health                                                                          231     0(0.00%) |     28       2     885      5 |    0.70        0.00
--------|----------------------------------------------------------------------------|-------|-------------|-------|-------|-------|-------|--------|-----------
         Aggregated                                                                      3108     0(0.00%) |   1098       1    6935    340 |   17.70        0.00

Type     Name                                                                          # reqs      # fails |    Avg     Min     Max    Med |   req/s  failures/s
--------|----------------------------------------------------------------------------|-------|-------------|-------|-------|-------|-------|--------|-----------
POST     /api/book                                                                       2420     0(0.00%) |   1402      91    6935    590 |   13.90        0.00
GET      /api/concerts                                                                    487     0(0.00%) |     47       1    1205     10 |    2.60        0.00
GET      /health                                                                          234     0(0.00%) |     28       2     885      5 |    0.60        0.00
--------|----------------------------------------------------------------------------|-------|-------------|-------|-------|-------|-------|--------|-----------
         Aggregated                                                                      3141     0(0.00%) |   1090       1    6935    340 |   17.10        0.00

Type     Name                                                                          # reqs      # fails |    Avg     Min     Max    Med |   req/s  failures/s
--------|----------------------------------------------------------------------------|-------|-------------|-------|-------|-------|-------|--------|-----------
POST     /api/book                                                                       2447     0(0.00%) |   1390      91    6935    580 |   14.30        0.00
GET      /api/concerts                                                                    493     0(0.00%) |     47       1    1205     10 |    2.10        0.00
GET      /health                                                                          234     0(0.00%) |     28       2     885      5 |    0.60        0.00
--------|----------------------------------------------------------------------------|-------|-------------|-------|-------|-------|-------|--------|-----------
         Aggregated                                                                      3174     0(0.00%) |   1081       1    6935    330 |   17.00        0.00

Type     Name                                                                          # reqs      # fails |    Avg     Min     Max    Med |   req/s  failures/s
--------|----------------------------------------------------------------------------|-------|-------------|-------|-------|-------|-------|--------|-----------
POST     /api/book                                                                       2475     0(0.00%) |   1378      91    6935    570 |   14.20        0.00
GET      /api/concerts                                                                    498     0(0.00%) |     46       1    1205      9 |    2.40        0.00
GET      /health                                                                          238     0(0.00%) |     27       2     885      5 |    0.70        0.00
--------|----------------------------------------------------------------------------|-------|-------------|-------|-------|-------|-------|--------|-----------
         Aggregated                                                                      3211     0(0.00%) |   1071       1    6935    330 |   17.30        0.00

Type     Name                                                                          # reqs      # fails |    Avg     Min     Max    Med |   req/s  failures/s
--------|----------------------------------------------------------------------------|-------|-------------|-------|-------|-------|-------|--------|-----------
POST     /api/book                                                                       2503     0(0.00%) |   1366      91    6935    550 |   13.70        0.00
GET      /api/concerts                                                                    504     0(0.00%) |     46       1    1205      8 |    2.60        0.00
GET      /health                                                                          242     0(0.00%) |     27       2     885      5 |    0.60        0.00
--------|----------------------------------------------------------------------------|-------|-------------|-------|-------|-------|-------|--------|-----------
         Aggregated                                                                      3249     0(0.00%) |   1061       1    6935    320 |   16.90        0.00

Type     Name                                                                          # reqs      # fails |    Avg     Min     Max    Med |   req/s  failures/s
--------|----------------------------------------------------------------------------|-------|-------------|-------|-------|-------|-------|--------|-----------
POST     /api/book                                                                       2532     0(0.00%) |   1355      91    6935    550 |   14.10        0.00
GET      /api/concerts                                                                    509     0(0.00%) |     46       1    1205      8 |    2.30        0.00
GET      /health                                                                          243     0(0.00%) |     27       2     885      5 |    0.80        0.00
--------|----------------------------------------------------------------------------|-------|-------------|-------|-------|-------|-------|--------|-----------
         Aggregated                                                                      3284     0(0.00%) |   1054       1    6935    320 |   17.20        0.00

Type     Name                                                                          # reqs      # fails |    Avg     Min     Max    Med |   req/s  failures/s
--------|----------------------------------------------------------------------------|-------|-------------|-------|-------|-------|-------|--------|-----------
POST     /api/book                                                                       2557     0(0.00%) |   1347      91    6935    550 |   14.10        0.00
GET      /api/concerts                                                                    514     0(0.00%) |     45       1    1205      8 |    2.30        0.00
GET      /health                                                                          243     0(0.00%) |     27       2     885      5 |    1.10        0.00
--------|----------------------------------------------------------------------------|-------|-------------|-------|-------|-------|-------|--------|-----------
         Aggregated                                                                      3314     0(0.00%) |   1048       1    6935    320 |   17.50        0.00

Type     Name                                                                          # reqs      # fails |    Avg     Min     Max    Med |   req/s  failures/s
--------|----------------------------------------------------------------------------|-------|-------------|-------|-------|-------|-------|--------|-----------
POST     /api/book                                                                       2583     0(0.00%) |   1337      91    6935    540 |   13.50        0.00
GET      /api/concerts                                                                    525     0(0.00%) |     45       1    1205      8 |    2.70        0.00
GET      /health                                                                          246     0(0.00%) |     27       2     885      5 |    1.10        0.00
--------|----------------------------------------------------------------------------|-------|-------------|-------|-------|-------|-------|--------|-----------
         Aggregated                                                                      3354     0(0.00%) |   1039       1    6935    320 |   17.30        0.00

Type     Name                                                                          # reqs      # fails |    Avg     Min     Max    Med |   req/s  failures/s
--------|----------------------------------------------------------------------------|-------|-------------|-------|-------|-------|-------|--------|-----------
POST     /api/book                                                                       2611     0(0.00%) |   1328      91    6935    540 |   13.70        0.00
GET      /api/concerts                                                                    527     0(0.00%) |     44       1    1205      8 |    3.00        0.00
GET      /health                                                                          249     0(0.00%) |     26       2     885      5 |    1.00        0.00
--------|----------------------------------------------------------------------------|-------|-------------|-------|-------|-------|-------|--------|-----------
         Aggregated                                                                      3387     0(0.00%) |   1032       1    6935    320 |   17.70        0.00

Type     Name                                                                          # reqs      # fails |    Avg     Min     Max    Med |   req/s  failures/s
--------|----------------------------------------------------------------------------|-------|-------------|-------|-------|-------|-------|--------|-----------
POST     /api/book                                                                       2634     0(0.00%) |   1319      91    6935    530 |   13.40        0.00
GET      /api/concerts                                                                    535     0(0.00%) |     44       1    1205      7 |    2.90        0.00
GET      /health                                                                          251     0(0.00%) |     26       2     885      5 |    1.20        0.00
--------|----------------------------------------------------------------------------|-------|-------------|-------|-------|-------|-------|--------|-----------
         Aggregated                                                                      3420     0(0.00%) |   1025       1    6935    320 |   17.50        0.00

Type     Name                                                                          # reqs      # fails |    Avg     Min     Max    Med |   req/s  failures/s
--------|----------------------------------------------------------------------------|-------|-------------|-------|-------|-------|-------|--------|-----------
POST     /api/book                                                                       2661     0(0.00%) |   1312      91    6935    530 |   13.30        0.00
GET      /api/concerts                                                                    544     0(0.00%) |     43       1    1205      7 |    3.10        0.00
GET      /health                                                                          256     0(0.00%) |     26       2     885      5 |    1.10        0.00
--------|----------------------------------------------------------------------------|-------|-------------|-------|-------|-------|-------|--------|-----------
         Aggregated                                                                      3461     0(0.00%) |   1017       1    6935    320 |   17.50        0.00

Type     Name                                                                          # reqs      # fails |    Avg     Min     Max    Med |   req/s  failures/s
--------|----------------------------------------------------------------------------|-------|-------------|-------|-------|-------|-------|--------|-----------
POST     /api/book                                                                       2685     0(0.00%) |   1302      91    6935    530 |   13.00        0.00
GET      /api/concerts                                                                    549     0(0.00%) |     43       1    1205      7 |    3.40        0.00
GET      /health                                                                          260     0(0.00%) |     26       2     885      4 |    1.40        0.00
--------|----------------------------------------------------------------------------|-------|-------------|-------|-------|-------|-------|--------|-----------
         Aggregated                                                                      3494     0(0.00%) |   1009       1    6935    310 |   17.80        0.00

Type     Name                                                                          # reqs      # fails |    Avg     Min     Max    Med |   req/s  failures/s
--------|----------------------------------------------------------------------------|-------|-------------|-------|-------|-------|-------|--------|-----------
POST     /api/book                                                                       2707     0(0.00%) |   1294      91    6935    520 |   12.90        0.00
GET      /api/concerts                                                                    557     0(0.00%) |     43       1    1205      7 |    3.40        0.00
GET      /health                                                                          264     0(0.00%) |     25       2     885      4 |    1.60        0.00
--------|----------------------------------------------------------------------------|-------|-------------|-------|-------|-------|-------|--------|-----------
         Aggregated                                                                      3528     0(0.00%) |   1001       1    6935    310 |   17.90        0.00

Type     Name                                                                          # reqs      # fails |    Avg     Min     Max    Med |   req/s  failures/s
--------|----------------------------------------------------------------------------|-------|-------------|-------|-------|-------|-------|--------|-----------
POST     /api/book                                                                       2733     0(0.00%) |   1287      91    6935    520 |   12.50        0.00
GET      /api/concerts                                                                    562     0(0.00%) |     42       1    1205      6 |    3.20        0.00
GET      /health                                                                          268     0(0.00%) |     25       2     885      4 |    1.90        0.00
--------|----------------------------------------------------------------------------|-------|-------------|-------|-------|-------|-------|--------|-----------
         Aggregated                                                                      3563     0(0.00%) |    996       1    6935    310 |   17.60        0.00

Type     Name                                                                          # reqs      # fails |    Avg     Min     Max    Med |   req/s  failures/s
--------|----------------------------------------------------------------------------|-------|-------------|-------|-------|-------|-------|--------|-----------
POST     /api/book                                                                       2760     0(0.00%) |   1278      91    6935    510 |   12.80        0.00
GET      /api/concerts                                                                    568     0(0.00%) |     42       1    1205      6 |    3.30        0.00
GET      /health                                                                          276     0(0.00%) |     25       2     885      4 |    1.80        0.00
--------|----------------------------------------------------------------------------|-------|-------------|-------|-------|-------|-------|--------|-----------
         Aggregated                                                                      3604     0(0.00%) |    987       1    6935    310 |   17.90        0.00

Type     Name                                                                          # reqs      # fails |    Avg     Min     Max    Med |   req/s  failures/s
--------|----------------------------------------------------------------------------|-------|-------------|-------|-------|-------|-------|--------|-----------
POST     /api/book                                                                       2786     0(0.00%) |   1269      91    6935    510 |   12.20        0.00
GET      /api/concerts                                                                    574     0(0.00%) |     42       1    1205      6 |    3.20        0.00
GET      /health                                                                          276     0(0.00%) |     25       2     885      4 |    2.40        0.00
--------|----------------------------------------------------------------------------|-------|-------------|-------|-------|-------|-------|--------|-----------
         Aggregated                                                                      3636     0(0.00%) |    981       1    6935    310 |   17.80        0.00

Type     Name                                                                          # reqs      # fails |    Avg     Min     Max    Med |   req/s  failures/s
--------|----------------------------------------------------------------------------|-------|-------------|-------|-------|-------|-------|--------|-----------
POST     /api/book                                                                       2807     0(0.00%) |   1262      91    6935    500 |   12.40        0.00
GET      /api/concerts                                                                    581     0(0.00%) |     41       1    1205      6 |    3.00        0.00
GET      /health                                                                          279     0(0.00%) |     24       2     885      4 |    2.00        0.00
--------|----------------------------------------------------------------------------|-------|-------------|-------|-------|-------|-------|--------|-----------
         Aggregated                                                                      3667     0(0.00%) |    974       1    6935    300 |   17.40        0.00

Type     Name                                                                          # reqs      # fails |    Avg     Min     Max    Med |   req/s  failures/s
--------|----------------------------------------------------------------------------|-------|-------------|-------|-------|-------|-------|--------|-----------
POST     /api/book                                                                       2841     0(0.00%) |   1250      91    6935    490 |   12.70        0.00
GET      /api/concerts                                                                    583     0(0.00%) |     41       1    1205      6 |    3.10        0.00
GET      /health                                                                          283     0(0.00%) |     24       2     885      4 |    1.80        0.00
--------|----------------------------------------------------------------------------|-------|-------------|-------|-------|-------|-------|--------|-----------
         Aggregated                                                                      3707     0(0.00%) |    966       1    6935    300 |   17.60        0.00

Type     Name                                                                          # reqs      # fails |    Avg     Min     Max    Med |   req/s  failures/s
--------|----------------------------------------------------------------------------|-------|-------------|-------|-------|-------|-------|--------|-----------
POST     /api/book                                                                       2863     0(0.00%) |   1243      91    6935    480 |   13.10        0.00
GET      /api/concerts                                                                    588     0(0.00%) |     41       1    1205      6 |    2.90        0.00
GET      /health                                                                          283     0(0.00%) |     24       2     885      4 |    1.70        0.00
--------|----------------------------------------------------------------------------|-------|-------------|-------|-------|-------|-------|--------|-----------
         Aggregated                                                                      3734     0(0.00%) |    961       1    6935    300 |   17.70        0.00

Type     Name                                                                          # reqs      # fails |    Avg     Min     Max    Med |   req/s  failures/s
--------|----------------------------------------------------------------------------|-------|-------------|-------|-------|-------|-------|--------|-----------
POST     /api/book                                                                       2897     0(0.00%) |   1235      91    6935    480 |   12.70        0.00
GET      /api/concerts                                                                    591     0(0.00%) |     41       1    1205      6 |    2.70        0.00
GET      /health                                                                          286     0(0.00%) |     24       2     885      4 |    1.70        0.00
--------|----------------------------------------------------------------------------|-------|-------------|-------|-------|-------|-------|--------|-----------
         Aggregated                                                                      3774     0(0.00%) |    956       1    6935    300 |   17.10        0.00

Type     Name                                                                          # reqs      # fails |    Avg     Min     Max    Med |   req/s  failures/s
--------|----------------------------------------------------------------------------|-------|-------------|-------|-------|-------|-------|--------|-----------
POST     /api/book                                                                       2926     0(0.00%) |   1226      91    6935    470 |   13.70        0.00
GET      /api/concerts                                                                    594     0(0.00%) |     41       1    1205      6 |    2.70        0.00
GET      /health                                                                          290     0(0.00%) |     24       2     885      4 |    1.00        0.00
--------|----------------------------------------------------------------------------|-------|-------------|-------|-------|-------|-------|--------|-----------
         Aggregated                                                                      3810     0(0.00%) |    950       1    6935    300 |   17.40        0.00

Type     Name                                                                          # reqs      # fails |    Avg     Min     Max    Med |   req/s  failures/s
--------|----------------------------------------------------------------------------|-------|-------------|-------|-------|-------|-------|--------|-----------
POST     /api/book                                                                       2952     0(0.00%) |   1218      91    6935    470 |   14.50        0.00
GET      /api/concerts                                                                    598     0(0.00%) |     40       1    1205      5 |    2.20        0.00
GET      /health                                                                          294     0(0.00%) |     23       2     885      4 |    1.30        0.00
--------|----------------------------------------------------------------------------|-------|-------------|-------|-------|-------|-------|--------|-----------
         Aggregated                                                                      3844     0(0.00%) |    943       1    6935    300 |   18.00        0.00

Type     Name                                                                          # reqs      # fails |    Avg     Min     Max    Med |   req/s  failures/s
--------|----------------------------------------------------------------------------|-------|-------------|-------|-------|-------|-------|--------|-----------
POST     /api/book                                                                       2975     0(0.00%) |   1211      91    6935    470 |   13.60        0.00
GET      /api/concerts                                                                    604     0(0.00%) |     40       1    1205      5 |    1.90        0.00
GET      /health                                                                          297     0(0.00%) |     23       2     885      3 |    1.40        0.00
--------|----------------------------------------------------------------------------|-------|-------------|-------|-------|-------|-------|--------|-----------
         Aggregated                                                                      3876     0(0.00%) |    938       1    6935    300 |   16.90        0.00

Type     Name                                                                          # reqs      # fails |    Avg     Min     Max    Med |   req/s  failures/s
--------|----------------------------------------------------------------------------|-------|-------------|-------|-------|-------|-------|--------|-----------
POST     /api/book                                                                       3001     0(0.00%) |   1203      91    6935    460 |   13.60        0.00
GET      /api/concerts                                                                    610     0(0.00%) |     40       1    1205      5 |    2.00        0.00
GET      /health                                                                          302     0(0.00%) |     23       2     885      3 |    1.50        0.00
--------|----------------------------------------------------------------------------|-------|-------------|-------|-------|-------|-------|--------|-----------
         Aggregated                                                                      3913     0(0.00%) |    931       1    6935    300 |   17.10        0.00

Type     Name                                                                          # reqs      # fails |    Avg     Min     Max    Med |   req/s  failures/s
--------|----------------------------------------------------------------------------|-------|-------------|-------|-------|-------|-------|--------|-----------
POST     /api/book                                                                       3034     0(0.00%) |   1195      91    6935    460 |   13.90        0.00
GET      /api/concerts                                                                    611     0(0.00%) |     40       1    1205      5 |    2.10        0.00
GET      /health                                                                          304     0(0.00%) |     23       2     885      3 |    1.70        0.00
--------|----------------------------------------------------------------------------|-------|-------------|-------|-------|-------|-------|--------|-----------
         Aggregated                                                                      3949     0(0.00%) |    926       1    6935    300 |   17.70        0.00

Type     Name                                                                          # reqs      # fails |    Avg     Min     Max    Med |   req/s  failures/s
--------|----------------------------------------------------------------------------|-------|-------------|-------|-------|-------|-------|--------|-----------
POST     /api/book                                                                       3062     0(0.00%) |   1187      91    6935    460 |   13.30        0.00
GET      /api/concerts                                                                    614     0(0.00%) |     40       1    1205      5 |    1.90        0.00
GET      /health                                                                          306     0(0.00%) |     23       2     885      3 |    1.90        0.00
--------|----------------------------------------------------------------------------|-------|-------------|-------|-------|-------|-------|--------|-----------
         Aggregated                                                                      3982     0(0.00%) |    921       1    6935    300 |   17.10        0.00

Type     Name                                                                          # reqs      # fails |    Avg     Min     Max    Med |   req/s  failures/s
--------|----------------------------------------------------------------------------|-------|-------------|-------|-------|-------|-------|--------|-----------
POST     /api/book                                                                       3091     0(0.00%) |   1179      91    6935    450 |   13.00        0.00
GET      /api/concerts                                                                    616     0(0.00%) |     39       1    1205      5 |    2.10        0.00
GET      /health                                                                          308     0(0.00%) |     23       2     885      3 |    1.60        0.00
--------|----------------------------------------------------------------------------|-------|-------------|-------|-------|-------|-------|--------|-----------
         Aggregated                                                                      4015     0(0.00%) |    916       1    6935    300 |   16.70        0.00

Type     Name                                                                          # reqs      # fails |    Avg     Min     Max    Med |   req/s  failures/s
--------|----------------------------------------------------------------------------|-------|-------------|-------|-------|-------|-------|--------|-----------
POST     /api/book                                                                       3118     0(0.00%) |   1171      91    6935    450 |   14.20        0.00
GET      /api/concerts                                                                    623     0(0.00%) |     39       1    1205      5 |    1.70        0.00
GET      /health                                                                          309     0(0.00%) |     23       2     885      3 |    1.60        0.00
--------|----------------------------------------------------------------------------|-------|-------------|-------|-------|-------|-------|--------|-----------
         Aggregated                                                                      4050     0(0.00%) |    910       1    6935    290 |   17.50        0.00

Type     Name                                                                          # reqs      # fails |    Avg     Min     Max    Med |   req/s  failures/s
--------|----------------------------------------------------------------------------|-------|-------------|-------|-------|-------|-------|--------|-----------
POST     /api/book                                                                       3146     0(0.00%) |   1163      91    6935    440 |   14.00        0.00
GET      /api/concerts                                                                    632     0(0.00%) |     39       1    1205      5 |    1.90        0.00
GET      /health                                                                          312     0(0.00%) |     22       2     885      3 |    1.30        0.00
--------|----------------------------------------------------------------------------|-------|-------------|-------|-------|-------|-------|--------|-----------
         Aggregated                                                                      4090     0(0.00%) |    902       1    6935    290 |   17.20        0.00

Type     Name                                                                          # reqs      # fails |    Avg     Min     Max    Med |   req/s  failures/s
--------|----------------------------------------------------------------------------|-------|-------------|-------|-------|-------|-------|--------|-----------
POST     /api/book                                                                       3171     0(0.00%) |   1157      91    6935    440 |   14.60        0.00
GET      /api/concerts                                                                    637     0(0.00%) |     38       1    1205      4 |    1.90        0.00
GET      /health                                                                          314     0(0.00%) |     22       2     885      3 |    1.00        0.00
--------|----------------------------------------------------------------------------|-------|-------------|-------|-------|-------|-------|--------|-----------
         Aggregated                                                                      4122     0(0.00%) |    897       1    6935    290 |   17.50        0.00

Type     Name                                                                          # reqs      # fails |    Avg     Min     Max    Med |   req/s  failures/s
--------|----------------------------------------------------------------------------|-------|-------------|-------|-------|-------|-------|--------|-----------
POST     /api/book                                                                       3195     0(0.00%) |   1150      91    6935    440 |   14.00        0.00
GET      /api/concerts                                                                    644     0(0.00%) |     38       1    1205      4 |    2.40        0.00
GET      /health                                                                          317     0(0.00%) |     22       2     885      3 |    1.10        0.00
--------|----------------------------------------------------------------------------|-------|-------------|-------|-------|-------|-------|--------|-----------
         Aggregated                                                                      4156     0(0.00%) |    891       1    6935    290 |   17.50        0.00

Type     Name                                                                          # reqs      # fails |    Avg     Min     Max    Med |   req/s  failures/s
--------|----------------------------------------------------------------------------|-------|-------------|-------|-------|-------|-------|--------|-----------
POST     /api/book                                                                       3221     0(0.00%) |   1143      91    6935    430 |   13.80        0.00
GET      /api/concerts                                                                    646     0(0.00%) |     38       1    1205      4 |    2.80        0.00
GET      /health                                                                          321     0(0.00%) |     22       2     885      3 |    1.00        0.00
--------|----------------------------------------------------------------------------|-------|-------------|-------|-------|-------|-------|--------|-----------
         Aggregated                                                                      4188     0(0.00%) |    887       1    6935    290 |   17.60        0.00

Type     Name                                                                          # reqs      # fails |    Avg     Min     Max    Med |   req/s  failures/s
--------|----------------------------------------------------------------------------|-------|-------------|-------|-------|-------|-------|--------|-----------
POST     /api/book                                                                       3246     0(0.00%) |   1138      91    6935    430 |   13.50        0.00
GET      /api/concerts                                                                    653     0(0.00%) |     38       1    1205      4 |    3.20        0.00
GET      /health                                                                          326     0(0.00%) |     22       2     885      3 |    1.20        0.00
--------|----------------------------------------------------------------------------|-------|-------------|-------|-------|-------|-------|--------|-----------
         Aggregated                                                                      4225     0(0.00%) |    882       1    6935    280 |   17.90        0.00

Type     Name                                                                          # reqs      # fails |    Avg     Min     Max    Med |   req/s  failures/s
--------|----------------------------------------------------------------------------|-------|-------------|-------|-------|-------|-------|--------|-----------
POST     /api/book                                                                       3274     0(0.00%) |   1131      91    6935    430 |   12.90        0.00
GET      /api/concerts                                                                    656     0(0.00%) |     37       1    1205      4 |    2.90        0.00
GET      /health                                                                          329     0(0.00%) |     22       2     885      3 |    1.60        0.00
--------|----------------------------------------------------------------------------|-------|-------------|-------|-------|-------|-------|--------|-----------
         Aggregated                                                                      4259     0(0.00%) |    877       1    6935    280 |   17.40        0.00

Type     Name                                                                          # reqs      # fails |    Avg     Min     Max    Med |   req/s  failures/s
--------|----------------------------------------------------------------------------|-------|-------------|-------|-------|-------|-------|--------|-----------
POST     /api/book                                                                       3297     0(0.00%) |   1126      91    6935    430 |   12.10        0.00
GET      /api/concerts                                                                    662     0(0.00%) |     37       1    1205      4 |    2.80        0.00
GET      /health                                                                          332     0(0.00%) |     21       2     885      3 |    1.80        0.00
--------|----------------------------------------------------------------------------|-------|-------------|-------|-------|-------|-------|--------|-----------
         Aggregated                                                                      4291     0(0.00%) |    872       1    6935    280 |   16.70        0.00

Type     Name                                                                          # reqs      # fails |    Avg     Min     Max    Med |   req/s  failures/s
--------|----------------------------------------------------------------------------|-------|-------------|-------|-------|-------|-------|--------|-----------
POST     /api/book                                                                       3325     0(0.00%) |   1119      91    6935    420 |   13.10        0.00
GET      /api/concerts                                                                    670     0(0.00%) |     37       1    1205      4 |    2.50        0.00
GET      /health                                                                          333     0(0.00%) |     21       2     885      3 |    1.80        0.00
--------|----------------------------------------------------------------------------|-------|-------------|-------|-------|-------|-------|--------|-----------
         Aggregated                                                                      4328     0(0.00%) |    867       1    6935    280 |   17.40        0.00

Type     Name                                                                          # reqs      # fails |    Avg     Min     Max    Med |   req/s  failures/s
--------|----------------------------------------------------------------------------|-------|-------------|-------|-------|-------|-------|--------|-----------
POST     /api/book                                                                       3353     0(0.00%) |   1111      91    6935    420 |   13.10        0.00
GET      /api/concerts                                                                    676     0(0.00%) |     37       1    1205      4 |    2.50        0.00
GET      /health                                                                          334     0(0.00%) |     21       2     885      3 |    1.80        0.00
--------|----------------------------------------------------------------------------|-------|-------------|-------|-------|-------|-------|--------|-----------
         Aggregated                                                                      4363     0(0.00%) |    861       1    6935    280 |   17.40        0.00

Type     Name                                                                          # reqs      # fails |    Avg     Min     Max    Med |   req/s  failures/s
--------|----------------------------------------------------------------------------|-------|-------------|-------|-------|-------|-------|--------|-----------
POST     /api/book                                                                       3380     0(0.00%) |   1105      91    6935    420 |   12.80        0.00
GET      /api/concerts                                                                    683     0(0.00%) |     36       1    1205      4 |    2.90        0.00
GET      /health                                                                          335     0(0.00%) |     21       2     885      3 |    1.50        0.00
--------|----------------------------------------------------------------------------|-------|-------------|-------|-------|-------|-------|--------|-----------
         Aggregated                                                                      4398     0(0.00%) |    857       1    6935    280 |   17.20        0.00

Type     Name                                                                          # reqs      # fails |    Avg     Min     Max    Med |   req/s  failures/s
--------|----------------------------------------------------------------------------|-------|-------------|-------|-------|-------|-------|--------|-----------
POST     /api/book                                                                       3411     0(0.00%) |   1099      91    6935    420 |   13.20        0.00
GET      /api/concerts                                                                    684     0(0.00%) |     36       1    1205      4 |    3.20        0.00
GET      /health                                                                          337     0(0.00%) |     21       2     885      3 |    1.00        0.00
--------|----------------------------------------------------------------------------|-------|-------------|-------|-------|-------|-------|--------|-----------
         Aggregated                                                                      4432     0(0.00%) |    853       1    6935    280 |   17.40        0.00

Type     Name                                                                          # reqs      # fails |    Avg     Min     Max    Med |   req/s  failures/s
--------|----------------------------------------------------------------------------|-------|-------------|-------|-------|-------|-------|--------|-----------
POST     /api/book                                                                       3440     0(0.00%) |   1093      91    6935    420 |   14.00        0.00
GET      /api/concerts                                                                    689     0(0.00%) |     36       1    1205      4 |    2.80        0.00
GET      /health                                                                          340     0(0.00%) |     21       2     885      3 |    0.70        0.00
--------|----------------------------------------------------------------------------|-------|-------------|-------|-------|-------|-------|--------|-----------
         Aggregated                                                                      4469     0(0.00%) |    849       1    6935    280 |   17.50        0.00

Type     Name                                                                          # reqs      # fails |    Avg     Min     Max    Med |   req/s  failures/s
--------|----------------------------------------------------------------------------|-------|-------------|-------|-------|-------|-------|--------|-----------
POST     /api/book                                                                       3470     0(0.00%) |   1087      91    6935    420 |   14.50        0.00
GET      /api/concerts                                                                    693     0(0.00%) |     36       1    1205      4 |    2.70        0.00
GET      /health                                                                          340     0(0.00%) |     21       2     885      3 |    0.70        0.00
--------|----------------------------------------------------------------------------|-------|-------------|-------|-------|-------|-------|--------|-----------
         Aggregated                                                                      4503     0(0.00%) |    845       1    6935    280 |   17.90        0.00

Type     Name                                                                          # reqs      # fails |    Avg     Min     Max    Med |   req/s  failures/s
--------|----------------------------------------------------------------------------|-------|-------------|-------|-------|-------|-------|--------|-----------
POST     /api/book                                                                       3503     0(0.00%) |   1081      91    6935    420 |   14.20        0.00
GET      /api/concerts                                                                    696     0(0.00%) |     36       1    1205      4 |    2.50        0.00
GET      /health                                                                          341     0(0.00%) |     21       2     885      3 |    0.70        0.00
--------|----------------------------------------------------------------------------|-------|-------------|-------|-------|-------|-------|--------|-----------
         Aggregated                                                                      4540     0(0.00%) |    841       1    6935    280 |   17.40        0.00

Type     Name                                                                          # reqs      # fails |    Avg     Min     Max    Med |   req/s  failures/s
--------|----------------------------------------------------------------------------|-------|-------------|-------|-------|-------|-------|--------|-----------
POST     /api/book                                                                       3530     0(0.00%) |   1075      91    6935    410 |   14.30        0.00
GET      /api/concerts                                                                    699     0(0.00%) |     36       1    1205      4 |    2.00        0.00
GET      /health                                                                          344     0(0.00%) |     21       2     885      3 |    0.60        0.00
--------|----------------------------------------------------------------------------|-------|-------------|-------|-------|-------|-------|--------|-----------
         Aggregated                                                                      4573     0(0.00%) |    837       1    6935    280 |   16.90        0.00

Type     Name                                                                          # reqs      # fails |    Avg     Min     Max    Med |   req/s  failures/s
--------|----------------------------------------------------------------------------|-------|-------------|-------|-------|-------|-------|--------|-----------
POST     /api/book                                                                       3556     0(0.00%) |   1070      91    6935    410 |   15.00        0.00
GET      /api/concerts                                                                    703     0(0.00%) |     36       1    1205      4 |    1.60        0.00
GET      /health                                                                          348     0(0.00%) |     21       2     885      3 |    1.00        0.00
--------|----------------------------------------------------------------------------|-------|-------------|-------|-------|-------|-------|--------|-----------
         Aggregated                                                                      4607     0(0.00%) |    833       1    6935    280 |   17.60        0.00

Type     Name                                                                          # reqs      # fails |    Avg     Min     Max    Med |   req/s  failures/s
--------|----------------------------------------------------------------------------|-------|-------------|-------|-------|-------|-------|--------|-----------
POST     /api/book                                                                       3587     0(0.00%) |   1064      91    6935    410 |   15.10        0.00
GET      /api/concerts                                                                    708     0(0.00%) |     36       1    1205      4 |    1.70        0.00
GET      /health                                                                          350     0(0.00%) |     21       2     885      3 |    1.10        0.00
--------|----------------------------------------------------------------------------|-------|-------------|-------|-------|-------|-------|--------|-----------
         Aggregated                                                                      4645     0(0.00%) |    829       1    6935    270 |   17.90        0.00

Type     Name                                                                          # reqs      # fails |    Avg     Min     Max    Med |   req/s  failures/s
--------|----------------------------------------------------------------------------|-------|-------------|-------|-------|-------|-------|--------|-----------
POST     /api/book                                                                       3615     0(0.00%) |   1058      91    6935    410 |   14.50        0.00
GET      /api/concerts                                                                    712     0(0.00%) |     35       1    1205      4 |    1.90        0.00
GET      /health                                                                          353     0(0.00%) |     21       2     885      3 |    1.00        0.00
--------|----------------------------------------------------------------------------|-------|-------------|-------|-------|-------|-------|--------|-----------
         Aggregated                                                                      4680     0(0.00%) |    824       1    6935    270 |   17.40        0.00

Type     Name                                                                          # reqs      # fails |    Avg     Min     Max    Med |   req/s  failures/s
--------|----------------------------------------------------------------------------|-------|-------------|-------|-------|-------|-------|--------|-----------
POST     /api/book                                                                       3645     0(0.00%) |   1053      91    6935    410 |   14.70        0.00
GET      /api/concerts                                                                    718     0(0.00%) |     35       1    1205      4 |    1.80        0.00
GET      /health                                                                          354     0(0.00%) |     21       2     885      3 |    1.20        0.00
--------|----------------------------------------------------------------------------|-------|-------------|-------|-------|-------|-------|--------|-----------
         Aggregated                                                                      4717     0(0.00%) |    820       1    6935    270 |   17.70        0.00

Type     Name                                                                          # reqs      # fails |    Avg     Min     Max    Med |   req/s  failures/s
--------|----------------------------------------------------------------------------|-------|-------------|-------|-------|-------|-------|--------|-----------
POST     /api/book                                                                       3671     0(0.00%) |   1047      91    6935    410 |   14.30        0.00
GET      /api/concerts                                                                    727     0(0.00%) |     35       1    1205      4 |    2.00        0.00
GET      /health                                                                          356     0(0.00%) |     21       2     885      3 |    1.40        0.00
--------|----------------------------------------------------------------------------|-------|-------------|-------|-------|-------|-------|--------|-----------
         Aggregated                                                                      4754     0(0.00%) |    816       1    6935    270 |   17.70        0.00

Type     Name                                                                          # reqs      # fails |    Avg     Min     Max    Med |   req/s  failures/s
--------|----------------------------------------------------------------------------|-------|-------------|-------|-------|-------|-------|--------|-----------
POST     /api/book                                                                       3696     0(0.00%) |   1042      91    6935    400 |   14.10        0.00
GET      /api/concerts                                                                    733     0(0.00%) |     35       1    1205      3 |    2.70        0.00
GET      /health                                                                          359     0(0.00%) |     20       2     885      3 |    1.10        0.00
--------|----------------------------------------------------------------------------|-------|-------------|-------|-------|-------|-------|--------|-----------
         Aggregated                                                                      4788     0(0.00%) |    811       1    6935    260 |   17.90        0.00

Type     Name                                                                          # reqs      # fails |    Avg     Min     Max    Med |   req/s  failures/s
--------|----------------------------------------------------------------------------|-------|-------------|-------|-------|-------|-------|--------|-----------
POST     /api/book                                                                       3720     0(0.00%) |   1037      91    6935    400 |   13.90        0.00
GET      /api/concerts                                                                    746     0(0.00%) |     34       1    1205      3 |    3.00        0.00
GET      /health                                                                          361     0(0.00%) |     20       2     885      3 |    1.20        0.00
--------|----------------------------------------------------------------------------|-------|-------------|-------|-------|-------|-------|--------|-----------
         Aggregated                                                                      4827     0(0.00%) |    806       1    6935    260 |   18.10        0.00

Type     Name                                                                          # reqs      # fails |    Avg     Min     Max    Med |   req/s  failures/s
--------|----------------------------------------------------------------------------|-------|-------------|-------|-------|-------|-------|--------|-----------
POST     /api/book                                                                       3750     0(0.00%) |   1031      91    6935    400 |   13.30        0.00
GET      /api/concerts                                                                    750     0(0.00%) |     34       1    1205      3 |    3.60        0.00
GET      /health                                                                          364     0(0.00%) |     21       2     885      3 |    1.10        0.00
--------|----------------------------------------------------------------------------|-------|-------------|-------|-------|-------|-------|--------|-----------
         Aggregated                                                                      4864     0(0.00%) |    802       1    6935    260 |   18.00        0.00

Type     Name                                                                          # reqs      # fails |    Avg     Min     Max    Med |   req/s  failures/s
--------|----------------------------------------------------------------------------|-------|-------------|-------|-------|-------|-------|--------|-----------
POST     /api/book                                                                       3779     0(0.00%) |   1026      91    6935    400 |   13.60        0.00
GET      /api/concerts                                                                    752     0(0.00%) |     34       1    1205      3 |    3.80        0.00
GET      /health                                                                          364     0(0.00%) |     21       2     885      3 |    1.10        0.00
--------|----------------------------------------------------------------------------|-------|-------------|-------|-------|-------|-------|--------|-----------
         Aggregated                                                                      4895     0(0.00%) |    799       1    6935    260 |   18.50        0.00

Type     Name                                                                          # reqs      # fails |    Avg     Min     Max    Med |   req/s  failures/s
--------|----------------------------------------------------------------------------|-------|-------------|-------|-------|-------|-------|--------|-----------
POST     /api/book                                                                       3806     0(0.00%) |   1022      91    6935    400 |   13.80        0.00
GET      /api/concerts                                                                    758     0(0.00%) |     34       1    1205      3 |    3.70        0.00
GET      /health                                                                          367     0(0.00%) |     20       2     885      3 |    1.00        0.00
--------|----------------------------------------------------------------------------|-------|-------------|-------|-------|-------|-------|--------|-----------
         Aggregated                                                                      4931     0(0.00%) |    795       1    6935    260 |   18.50        0.00

Type     Name                                                                          # reqs      # fails |    Avg     Min     Max    Med |   req/s  failures/s
--------|----------------------------------------------------------------------------|-------|-------------|-------|-------|-------|-------|--------|-----------
POST     /api/book                                                                       3829     0(0.00%) |   1019      91    6935    400 |   13.70        0.00
GET      /api/concerts                                                                    762     0(0.00%) |     34       1    1205      3 |    3.00        0.00
GET      /health                                                                          370     0(0.00%) |     20       2     885      3 |    1.00        0.00
--------|----------------------------------------------------------------------------|-------|-------------|-------|-------|-------|-------|--------|-----------
         Aggregated                                                                      4961     0(0.00%) |    793       1    6935    260 |   17.70        0.00

Type     Name                                                                          # reqs      # fails |    Avg     Min     Max    Med |   req/s  failures/s
--------|----------------------------------------------------------------------------|-------|-------------|-------|-------|-------|-------|--------|-----------
POST     /api/book                                                                       3858     0(0.00%) |   1017      91    6935    400 |   13.50        0.00
GET      /api/concerts                                                                    768     0(0.00%) |     34       1    1205      3 |    2.90        0.00
GET      /health                                                                          371     0(0.00%) |     20       2     885      3 |    1.00        0.00
--------|----------------------------------------------------------------------------|-------|-------------|-------|-------|-------|-------|--------|-----------
         Aggregated                                                                      4997     0(0.00%) |    792       1    6935    260 |   17.40        0.00

Type     Name                                                                          # reqs      # fails |    Avg     Min     Max    Med |   req/s  failures/s
--------|----------------------------------------------------------------------------|-------|-------------|-------|-------|-------|-------|--------|-----------
POST     /api/book                                                                       3881     0(0.00%) |   1012      91    6935    400 |   13.00        0.00
GET      /api/concerts                                                                    777     0(0.00%) |     33       1    1205      3 |    2.40        0.00
GET      /health                                                                          373     0(0.00%) |     20       2     885      3 |    1.00        0.00
--------|----------------------------------------------------------------------------|-------|-------------|-------|-------|-------|-------|--------|-----------
         Aggregated                                                                      5031     0(0.00%) |    787       1    6935    260 |   16.40        0.00

Type     Name                                                                          # reqs      # fails |    Avg     Min     Max    Med |   req/s  failures/s
--------|----------------------------------------------------------------------------|-------|-------------|-------|-------|-------|-------|--------|-----------
POST     /api/book                                                                       3908     0(0.00%) |   1007      91    6935    400 |   13.00        0.00
GET      /api/concerts                                                                    784     0(0.00%) |     33       1    1205      3 |    2.40        0.00
GET      /health                                                                          375     0(0.00%) |     20       2     885      3 |    0.90        0.00
--------|----------------------------------------------------------------------------|-------|-------------|-------|-------|-------|-------|--------|-----------
         Aggregated                                                                      5067     0(0.00%) |    783       1    6935    260 |   16.30        0.00

Type     Name                                                                          # reqs      # fails |    Avg     Min     Max    Med |   req/s  failures/s
--------|----------------------------------------------------------------------------|-------|-------------|-------|-------|-------|-------|--------|-----------
POST     /api/book                                                                       3925     0(0.00%) |   1003      91    6935    390 |   12.80        0.00
GET      /api/concerts                                                                    788     0(0.00%) |     33       1    1205      3 |    3.00        0.00
GET      /health                                                                          381     0(0.00%) |     20       2     885      3 |    1.10        0.00
--------|----------------------------------------------------------------------------|-------|-------------|-------|-------|-------|-------|--------|-----------
         Aggregated                                                                      5094     0(0.00%) |    780       1    6935    260 |   16.90        0.00

Type     Name                                                                          # reqs      # fails |    Avg     Min     Max    Med |   req/s  failures/s
--------|----------------------------------------------------------------------------|-------|-------------|-------|-------|-------|-------|--------|-----------
POST     /api/book                                                                       3952     0(0.00%) |    999      91    6935    390 |   12.60        0.00
GET      /api/concerts                                                                    797     0(0.00%) |     33       1    1205      3 |    3.00        0.00
GET      /health                                                                          385     0(0.00%) |     20       2     885      3 |    1.40        0.00
--------|----------------------------------------------------------------------------|-------|-------------|-------|-------|-------|-------|--------|-----------
         Aggregated                                                                      5134     0(0.00%) |    776       1    6935    260 |   17.00        0.00

Type     Name                                                                          # reqs      # fails |    Avg     Min     Max    Med |   req/s  failures/s
--------|----------------------------------------------------------------------------|-------|-------------|-------|-------|-------|-------|--------|-----------
POST     /api/book                                                                       3981     0(0.00%) |    995      91    6935    390 |   12.20        0.00
GET      /api/concerts                                                                    803     0(0.00%) |     32       1    1205      3 |    3.70        0.00
GET      /health                                                                          389     0(0.00%) |     20       2     885      3 |    1.60        0.00
--------|----------------------------------------------------------------------------|-------|-------------|-------|-------|-------|-------|--------|-----------
         Aggregated                                                                      5173     0(0.00%) |    772       1    6935    250 |   17.50        0.00

Type     Name                                                                          # reqs      # fails |    Avg     Min     Max    Med |   req/s  failures/s
--------|----------------------------------------------------------------------------|-------|-------------|-------|-------|-------|-------|--------|-----------
POST     /api/book                                                                       4003     0(0.00%) |    992      91    6935    390 |   13.00        0.00
GET      /api/concerts                                                                    807     0(0.00%) |     32       1    1205      3 |    3.60        0.00
GET      /health                                                                          391     0(0.00%) |     20       2     885      3 |    1.60        0.00
--------|----------------------------------------------------------------------------|-------|-------------|-------|-------|-------|-------|--------|-----------
         Aggregated                                                                      5201     0(0.00%) |    770       1    6935    250 |   18.20        0.00

Type     Name                                                                          # reqs      # fails |    Avg     Min     Max    Med |   req/s  failures/s
--------|----------------------------------------------------------------------------|-------|-------------|-------|-------|-------|-------|--------|-----------
POST     /api/book                                                                       4031     0(0.00%) |    989      91    6935    390 |   12.00        0.00
GET      /api/concerts                                                                    809     0(0.00%) |     32       1    1205      3 |    3.20        0.00
GET      /health                                                                          395     0(0.00%) |     19       2     885      3 |    1.90        0.00
--------|----------------------------------------------------------------------------|-------|-------------|-------|-------|-------|-------|--------|-----------
         Aggregated                                                                      5235     0(0.00%) |    768       1    6935    250 |   17.10        0.00

Type     Name                                                                          # reqs      # fails |    Avg     Min     Max    Med |   req/s  failures/s
--------|----------------------------------------------------------------------------|-------|-------------|-------|-------|-------|-------|--------|-----------
POST     /api/book                                                                       4061     0(0.00%) |    984      91    6935    390 |   12.20        0.00
GET      /api/concerts                                                                    813     0(0.00%) |     32       1    1205      3 |    2.60        0.00
GET      /health                                                                          398     0(0.00%) |     19       2     885      3 |    1.90        0.00
--------|----------------------------------------------------------------------------|-------|-------------|-------|-------|-------|-------|--------|-----------
         Aggregated                                                                      5272     0(0.00%) |    765       1    6935    250 |   16.70        0.00

Type     Name                                                                          # reqs      # fails |    Avg     Min     Max    Med |   req/s  failures/s
--------|----------------------------------------------------------------------------|-------|-------------|-------|-------|-------|-------|--------|-----------
POST     /api/book                                                                       4086     0(0.00%) |    980      91    6935    380 |   12.70        0.00
GET      /api/concerts                                                                    815     0(0.00%) |     32       1    1205      3 |    2.70        0.00
GET      /health                                                                          402     0(0.00%) |     19       2     885      3 |    1.70        0.00
--------|----------------------------------------------------------------------------|-------|-------------|-------|-------|-------|-------|--------|-----------
         Aggregated                                                                      5303     0(0.00%) |    762       1    6935    250 |   17.10        0.00

Type     Name                                                                          # reqs      # fails |    Avg     Min     Max    Med |   req/s  failures/s
--------|----------------------------------------------------------------------------|-------|-------------|-------|-------|-------|-------|--------|-----------
POST     /api/book                                                                       4111     0(0.00%) |    976      91    6935    380 |   13.20        0.00
GET      /api/concerts                                                                    822     0(0.00%) |     32       1    1205      3 |    1.90        0.00
GET      /health                                                                          404     0(0.00%) |     19       2     885      3 |    1.50        0.00
--------|----------------------------------------------------------------------------|-------|-------------|-------|-------|-------|-------|--------|-----------
         Aggregated                                                                      5337     0(0.00%) |    758       1    6935    250 |   16.60        0.00

Type     Name                                                                          # reqs      # fails |    Avg     Min     Max    Med |   req/s  failures/s
--------|----------------------------------------------------------------------------|-------|-------------|-------|-------|-------|-------|--------|-----------
POST     /api/book                                                                       4138     0(0.00%) |    971      91    6935    380 |   13.20        0.00
GET      /api/concerts                                                                    828     0(0.00%) |     32       1    1205      3 |    1.70        0.00
GET      /health                                                                          405     0(0.00%) |     19       2     885      3 |    1.80        0.00
--------|----------------------------------------------------------------------------|-------|-------------|-------|-------|-------|-------|--------|-----------
         Aggregated                                                                      5371     0(0.00%) |    754       1    6935    250 |   16.70        0.00

Type     Name                                                                          # reqs      # fails |    Avg     Min     Max    Med |   req/s  failures/s
--------|----------------------------------------------------------------------------|-------|-------------|-------|-------|-------|-------|--------|-----------
POST     /api/book                                                                       4162     0(0.00%) |    967      91    6935    380 |   13.50        0.00
GET      /api/concerts                                                                    835     0(0.00%) |     31       1    1205      3 |    2.10        0.00
GET      /health                                                                          410     0(0.00%) |     19       2     885      3 |    1.30        0.00
--------|----------------------------------------------------------------------------|-------|-------------|-------|-------|-------|-------|--------|-----------
         Aggregated                                                                      5407     0(0.00%) |    751       1    6935    250 |   16.90        0.00

Type     Name                                                                          # reqs      # fails |    Avg     Min     Max    Med |   req/s  failures/s
--------|----------------------------------------------------------------------------|-------|-------------|-------|-------|-------|-------|--------|-----------
POST     /api/book                                                                       4189     0(0.00%) |    963      91    6935    380 |   13.60        0.00
GET      /api/concerts                                                                    838     0(0.00%) |     31       1    1205      3 |    2.40        0.00
GET      /health                                                                          413     0(0.00%) |     19       2     885      3 |    1.50        0.00
--------|----------------------------------------------------------------------------|-------|-------------|-------|-------|-------|-------|--------|-----------
         Aggregated                                                                      5440     0(0.00%) |    748       1    6935    250 |   17.50        0.00

Type     Name                                                                          # reqs      # fails |    Avg     Min     Max    Med |   req/s  failures/s
--------|----------------------------------------------------------------------------|-------|-------------|-------|-------|-------|-------|--------|-----------
POST     /api/book                                                                       4216     0(0.00%) |    959      91    6935    380 |   13.00        0.00
GET      /api/concerts                                                                    844     0(0.00%) |     31       1    1205      3 |    2.50        0.00
GET      /health                                                                          414     0(0.00%) |     19       2     885      3 |    1.50        0.00
--------|----------------------------------------------------------------------------|-------|-------------|-------|-------|-------|-------|--------|-----------
         Aggregated                                                                      5474     0(0.00%) |    745       1    6935    250 |   17.00        0.00

Type     Name                                                                          # reqs      # fails |    Avg     Min     Max    Med |   req/s  failures/s
--------|----------------------------------------------------------------------------|-------|-------------|-------|-------|-------|-------|--------|-----------
POST     /api/book                                                                       4238     0(0.00%) |    956      91    6935    380 |   12.90        0.00
GET      /api/concerts                                                                    848     0(0.00%) |     31       1    1205      3 |    2.50        0.00
GET      /health                                                                          416     0(0.00%) |     19       2     885      3 |    1.40        0.00
--------|----------------------------------------------------------------------------|-------|-------------|-------|-------|-------|-------|--------|-----------
         Aggregated                                                                      5502     0(0.00%) |    743       1    6935    250 |   16.80        0.00

Type     Name                                                                          # reqs      # fails |    Avg     Min     Max    Med |   req/s  failures/s
--------|----------------------------------------------------------------------------|-------|-------------|-------|-------|-------|-------|--------|-----------
POST     /api/book                                                                       4264     0(0.00%) |    953      91    6935    380 |   12.90        0.00
GET      /api/concerts                                                                    851     0(0.00%) |     31       1    1205      3 |    2.70        0.00
GET      /health                                                                          417     0(0.00%) |     19       2     885      3 |    1.10        0.00
--------|----------------------------------------------------------------------------|-------|-------------|-------|-------|-------|-------|--------|-----------
         Aggregated                                                                      5532     0(0.00%) |    741       1    6935    250 |   16.70        0.00

Type     Name                                                                          # reqs      # fails |    Avg     Min     Max    Med |   req/s  failures/s
--------|----------------------------------------------------------------------------|-------|-------------|-------|-------|-------|-------|--------|-----------
POST     /api/book                                                                       4297     0(0.00%) |    950      91    6935    380 |   13.20        0.00
GET      /api/concerts                                                                    857     0(0.00%) |     31       1    1205      3 |    2.50        0.00
GET      /health                                                                          419     0(0.00%) |     19       2     885      3 |    1.30        0.00
--------|----------------------------------------------------------------------------|-------|-------------|-------|-------|-------|-------|--------|-----------
         Aggregated                                                                      5573     0(0.00%) |    739       1    6935    250 |   17.00        0.00

Type     Name                                                                          # reqs      # fails |    Avg     Min     Max    Med |   req/s  failures/s
--------|----------------------------------------------------------------------------|-------|-------------|-------|-------|-------|-------|--------|-----------
POST     /api/book                                                                       4321     0(0.00%) |    946      91    6935    380 |   13.40        0.00
GET      /api/concerts                                                                    862     0(0.00%) |     31       1    1205      3 |    2.30        0.00
GET      /health                                                                          423     0(0.00%) |     19       2     885      3 |    0.80        0.00
--------|----------------------------------------------------------------------------|-------|-------------|-------|-------|-------|-------|--------|-----------
         Aggregated                                                                      5606     0(0.00%) |    735       1    6935    250 |   16.50        0.00

Type     Name                                                                          # reqs      # fails |    Avg     Min     Max    Med |   req/s  failures/s
--------|----------------------------------------------------------------------------|-------|-------------|-------|-------|-------|-------|--------|-----------
POST     /api/book                                                                       4350     0(0.00%) |    942      91    6935    370 |   13.30        0.00
GET      /api/concerts                                                                    870     0(0.00%) |     31       1    1205      3 |    2.40        0.00
GET      /health                                                                          424     0(0.00%) |     18       2     885      3 |    0.80        0.00
--------|----------------------------------------------------------------------------|-------|-------------|-------|-------|-------|-------|--------|-----------
         Aggregated                                                                      5644     0(0.00%) |    732       1    6935    240 |   16.50        0.00

Type     Name                                                                          # reqs      # fails |    Avg     Min     Max    Med |   req/s  failures/s
--------|----------------------------------------------------------------------------|-------|-------------|-------|-------|-------|-------|--------|-----------
POST     /api/book                                                                       4376     0(0.00%) |    939      91    6935    370 |   13.30        0.00
GET      /api/concerts                                                                    873     0(0.00%) |     31       1    1205      3 |    2.70        0.00
GET      /health                                                                          424     0(0.00%) |     18       2     885      3 |    1.00        0.00
--------|----------------------------------------------------------------------------|-------|-------------|-------|-------|-------|-------|--------|-----------
         Aggregated                                                                      5673     0(0.00%) |    730       1    6935    240 |   17.00        0.00

[2026-06-06 14:12:43,962] ip-172-31-20-158/INFO/locust.runners: Shape test updating to 5 users at 5.00 spawn rate
[2026-06-06 14:12:43,962] ip-172-31-20-158/INFO/locust.runners: Ramping to 5 users at a rate of 5.00 per second
Type     Name                                                                          # reqs      # fails |    Avg     Min     Max    Med |   req/s  failures/s
--------|----------------------------------------------------------------------------|-------|-------------|-------|-------|-------|-------|--------|-----------
POST     /api/book                                                                       4403     0(0.00%) |    935      91    6935    370 |   13.30        0.00
GET      /api/concerts                                                                    877     0(0.00%) |     31       1    1205      3 |    2.60        0.00
GET      /health                                                                          427     0(0.00%) |     18       2     885      3 |    0.90        0.00
--------|----------------------------------------------------------------------------|-------|-------------|-------|-------|-------|-------|--------|-----------
         Aggregated                                                                      5707     0(0.00%) |    728       1    6935    240 |   16.80        0.00

Type     Name                                                                          # reqs      # fails |    Avg     Min     Max    Med |   req/s  failures/s
--------|----------------------------------------------------------------------------|-------|-------------|-------|-------|-------|-------|--------|-----------
POST     /api/book                                                                       4415     0(0.00%) |    933      91    6935    370 |   14.10        0.00
GET      /api/concerts                                                                    882     0(0.00%) |     30       1    1205      3 |    2.40        0.00
GET      /health                                                                          431     0(0.00%) |     18       2     885      3 |    0.90        0.00
--------|----------------------------------------------------------------------------|-------|-------------|-------|-------|-------|-------|--------|-----------
         Aggregated                                                                      5728     0(0.00%) |    725       1    6935    240 |   17.40        0.00

Type     Name                                                                          # reqs      # fails |    Avg     Min     Max    Med |   req/s  failures/s
--------|----------------------------------------------------------------------------|-------|-------------|-------|-------|-------|-------|--------|-----------
POST     /api/book                                                                       4425     0(0.00%) |    932      91    6935    370 |   12.40        0.00
GET      /api/concerts                                                                    883     0(0.00%) |     30       1    1205      3 |    2.50        0.00
GET      /health                                                                          431     0(0.00%) |     18       2     885      3 |    1.20        0.00
--------|----------------------------------------------------------------------------|-------|-------------|-------|-------|-------|-------|--------|-----------
         Aggregated                                                                      5739     0(0.00%) |    724       1    6935    240 |   16.10        0.00

[2026-06-06 14:12:49,980] ip-172-31-20-158/INFO/locust.runners: All users spawned: {"TicketingUser": 5} (5 total users)
Type     Name                                                                          # reqs      # fails |    Avg     Min     Max    Med |   req/s  failures/s
--------|----------------------------------------------------------------------------|-------|-------------|-------|-------|-------|-------|--------|-----------
POST     /api/book                                                                       4429     0(0.00%) |    931      91    6935    370 |   11.00        0.00
GET      /api/concerts                                                                    883     0(0.00%) |     30       1    1205      3 |    2.20        0.00
GET      /health                                                                          433     0(0.00%) |     18       2     885      3 |    1.20        0.00
--------|----------------------------------------------------------------------------|-------|-------------|-------|-------|-------|-------|--------|-----------
         Aggregated                                                                      5745     0(0.00%) |    724       1    6935    240 |   14.40        0.00

Type     Name                                                                          # reqs      # fails |    Avg     Min     Max    Med |   req/s  failures/s
--------|----------------------------------------------------------------------------|-------|-------------|-------|-------|-------|-------|--------|-----------
POST     /api/book                                                                       4433     0(0.00%) |    930      91    6935    370 |    8.90        0.00
GET      /api/concerts                                                                    884     0(0.00%) |     30       1    1205      3 |    1.60        0.00
GET      /health                                                                          433     0(0.00%) |     18       2     885      3 |    1.00        0.00
--------|----------------------------------------------------------------------------|-------|-------------|-------|-------|-------|-------|--------|-----------
         Aggregated                                                                      5750     0(0.00%) |    723       1    6935    240 |   11.50        0.00

Type     Name                                                                          # reqs      # fails |    Avg     Min     Max    Med |   req/s  failures/s
--------|----------------------------------------------------------------------------|-------|-------------|-------|-------|-------|-------|--------|-----------
POST     /api/book                                                                       4438     0(0.00%) |    929      91    6935    370 |    6.60        0.00
GET      /api/concerts                                                                    885     0(0.00%) |     30       1    1205      3 |    1.30        0.00
GET      /health                                                                          433     0(0.00%) |     18       2     885      3 |    0.90        0.00
--------|----------------------------------------------------------------------------|-------|-------------|-------|-------|-------|-------|--------|-----------
         Aggregated                                                                      5756     0(0.00%) |    723       1    6935    240 |    8.80        0.00

Type     Name                                                                          # reqs      # fails |    Avg     Min     Max    Med |   req/s  failures/s
--------|----------------------------------------------------------------------------|-------|-------------|-------|-------|-------|-------|--------|-----------
POST     /api/book                                                                       4441     0(0.00%) |    929      91    6935    370 |    3.70        0.00
GET      /api/concerts                                                                    886     0(0.00%) |     30       1    1205      3 |    1.00        0.00
GET      /health                                                                          433     0(0.00%) |     18       2     885      3 |    0.70        0.00
--------|----------------------------------------------------------------------------|-------|-------------|-------|-------|-------|-------|--------|-----------
         Aggregated                                                                      5760     0(0.00%) |    722       1    6935    240 |    5.40        0.00

Type     Name                                                                          # reqs      # fails |    Avg     Min     Max    Med |   req/s  failures/s
--------|----------------------------------------------------------------------------|-------|-------------|-------|-------|-------|-------|--------|-----------
POST     /api/book                                                                       4443     0(0.00%) |    929      91    6935    360 |    2.90        0.00
GET      /api/concerts                                                                    888     0(0.00%) |     30       1    1205      3 |    0.50        0.00
GET      /health                                                                          434     0(0.00%) |     18       2     885      3 |    0.40        0.00
--------|----------------------------------------------------------------------------|-------|-------------|-------|-------|-------|-------|--------|-----------
         Aggregated                                                                      5765     0(0.00%) |    722       1    6935    240 |    3.80        0.00

Type     Name                                                                          # reqs      # fails |    Avg     Min     Max    Med |   req/s  failures/s
--------|----------------------------------------------------------------------------|-------|-------------|-------|-------|-------|-------|--------|-----------
POST     /api/book                                                                       4445     0(0.00%) |    928      91    6935    360 |    2.60        0.00
GET      /api/concerts                                                                    888     0(0.00%) |     30       1    1205      3 |    0.30        0.00
GET      /health                                                                          434     0(0.00%) |     18       2     885      3 |    0.20        0.00
--------|----------------------------------------------------------------------------|-------|-------------|-------|-------|-------|-------|--------|-----------
         Aggregated                                                                      5767     0(0.00%) |    721       1    6935    240 |    3.10        0.00

Type     Name                                                                          # reqs      # fails |    Avg     Min     Max    Med |   req/s  failures/s
--------|----------------------------------------------------------------------------|-------|-------------|-------|-------|-------|-------|--------|-----------
POST     /api/book                                                                       4450     0(0.00%) |    927      91    6935    360 |    1.80        0.00
GET      /api/concerts                                                                    888     0(0.00%) |     30       1    1205      3 |    0.50        0.00
GET      /health                                                                          435     0(0.00%) |     18       2     885      3 |    0.10        0.00
--------|----------------------------------------------------------------------------|-------|-------------|-------|-------|-------|-------|--------|-----------
         Aggregated                                                                      5773     0(0.00%) |    721       1    6935    240 |    2.40        0.00

Type     Name                                                                          # reqs      # fails |    Avg     Min     Max    Med |   req/s  failures/s
--------|----------------------------------------------------------------------------|-------|-------------|-------|-------|-------|-------|--------|-----------
POST     /api/book                                                                       4454     0(0.00%) |    927      91    6935    360 |    1.90        0.00
GET      /api/concerts                                                                    888     0(0.00%) |     30       1    1205      3 |    0.40        0.00
GET      /health                                                                          436     0(0.00%) |     18       2     885      3 |    0.10        0.00
--------|----------------------------------------------------------------------------|-------|-------------|-------|-------|-------|-------|--------|-----------
         Aggregated                                                                      5778     0(0.00%) |    720       1    6935    240 |    2.40        0.00

Type     Name                                                                          # reqs      # fails |    Avg     Min     Max    Med |   req/s  failures/s
--------|----------------------------------------------------------------------------|-------|-------------|-------|-------|-------|-------|--------|-----------
POST     /api/book                                                                       4457     0(0.00%) |    926      91    6935    360 |    1.60        0.00
GET      /api/concerts                                                                    888     0(0.00%) |     30       1    1205      3 |    0.40        0.00
GET      /health                                                                          436     0(0.00%) |     18       2     885      3 |    0.30        0.00
--------|----------------------------------------------------------------------------|-------|-------------|-------|-------|-------|-------|--------|-----------
         Aggregated                                                                      5781     0(0.00%) |    720       1    6935    240 |    2.30        0.00

Type     Name                                                                          # reqs      # fails |    Avg     Min     Max    Med |   req/s  failures/s
--------|----------------------------------------------------------------------------|-------|-------------|-------|-------|-------|-------|--------|-----------
POST     /api/book                                                                       4463     0(0.00%) |    925      91    6935    360 |    1.70        0.00
GET      /api/concerts                                                                    888     0(0.00%) |     30       1    1205      3 |    0.30        0.00
GET      /health                                                                          436     0(0.00%) |     18       2     885      3 |    0.30        0.00
--------|----------------------------------------------------------------------------|-------|-------------|-------|-------|-------|-------|--------|-----------
         Aggregated                                                                      5787     0(0.00%) |    719       1    6935    240 |    2.30        0.00

Type     Name                                                                          # reqs      # fails |    Avg     Min     Max    Med |   req/s  failures/s
--------|----------------------------------------------------------------------------|-------|-------------|-------|-------|-------|-------|--------|-----------
POST     /api/book                                                                       4469     0(0.00%) |    924      91    6935    360 |    2.00        0.00
GET      /api/concerts                                                                    888     0(0.00%) |     30       1    1205      3 |    0.20        0.00
GET      /health                                                                          436     0(0.00%) |     18       2     885      3 |    0.30        0.00
--------|----------------------------------------------------------------------------|-------|-------------|-------|-------|-------|-------|--------|-----------
         Aggregated                                                                      5793     0(0.00%) |    719       1    6935    240 |    2.50        0.00

Type     Name                                                                          # reqs      # fails |    Avg     Min     Max    Med |   req/s  failures/s
--------|----------------------------------------------------------------------------|-------|-------------|-------|-------|-------|-------|--------|-----------
POST     /api/book                                                                       4473     0(0.00%) |    923      91    6935    360 |    2.10        0.00
GET      /api/concerts                                                                    888     0(0.00%) |     30       1    1205      3 |    0.00        0.00
GET      /health                                                                          437     0(0.00%) |     18       2     885      3 |    0.20        0.00
--------|----------------------------------------------------------------------------|-------|-------------|-------|-------|-------|-------|--------|-----------
         Aggregated                                                                      5798     0(0.00%) |    718       1    6935    240 |    2.30        0.00

Type     Name                                                                          # reqs      # fails |    Avg     Min     Max    Med |   req/s  failures/s
--------|----------------------------------------------------------------------------|-------|-------------|-------|-------|-------|-------|--------|-----------
POST     /api/book                                                                       4476     0(0.00%) |    923      91    6935    360 |    2.10        0.00
GET      /api/concerts                                                                    890     0(0.00%) |     30       1    1205      3 |    0.00        0.00
GET      /health                                                                          437     0(0.00%) |     18       2     885      3 |    0.30        0.00
--------|----------------------------------------------------------------------------|-------|-------------|-------|-------|-------|-------|--------|-----------
         Aggregated                                                                      5803     0(0.00%) |    718       1    6935    240 |    2.40        0.00

Type     Name                                                                          # reqs      # fails |    Avg     Min     Max    Med |   req/s  failures/s
--------|----------------------------------------------------------------------------|-------|-------------|-------|-------|-------|-------|--------|-----------
POST     /api/book                                                                       4479     0(0.00%) |    922      91    6935    360 |    2.30        0.00
GET      /api/concerts                                                                    892     0(0.00%) |     30       1    1205      3 |    0.10        0.00
GET      /health                                                                          437     0(0.00%) |     18       2     885      3 |    0.10        0.00
--------|----------------------------------------------------------------------------|-------|-------------|-------|-------|-------|-------|--------|-----------
         Aggregated                                                                      5808     0(0.00%) |    717       1    6935    240 |    2.50        0.00

Type     Name                                                                          # reqs      # fails |    Avg     Min     Max    Med |   req/s  failures/s
--------|----------------------------------------------------------------------------|-------|-------------|-------|-------|-------|-------|--------|-----------
POST     /api/book                                                                       4483     0(0.00%) |    922      91    6935    360 |    2.20        0.00
GET      /api/concerts                                                                    893     0(0.00%) |     30       1    1205      3 |    0.30        0.00
GET      /health                                                                          437     0(0.00%) |     18       2     885      3 |    0.10        0.00
--------|----------------------------------------------------------------------------|-------|-------------|-------|-------|-------|-------|--------|-----------
         Aggregated                                                                      5813     0(0.00%) |    717       1    6935    240 |    2.60        0.00

Type     Name                                                                          # reqs      # fails |    Avg     Min     Max    Med |   req/s  failures/s
--------|----------------------------------------------------------------------------|-------|-------------|-------|-------|-------|-------|--------|-----------
POST     /api/book                                                                       4488     0(0.00%) |    921      91    6935    360 |    1.90        0.00
GET      /api/concerts                                                                    893     0(0.00%) |     30       1    1205      3 |    0.50        0.00
GET      /health                                                                          437     0(0.00%) |     18       2     885      3 |    0.10        0.00
--------|----------------------------------------------------------------------------|-------|-------------|-------|-------|-------|-------|--------|-----------
         Aggregated                                                                      5818     0(0.00%) |    716       1    6935    240 |    2.50        0.00

Type     Name                                                                          # reqs      # fails |    Avg     Min     Max    Med |   req/s  failures/s
--------|----------------------------------------------------------------------------|-------|-------------|-------|-------|-------|-------|--------|-----------
POST     /api/book                                                                       4490     0(0.00%) |    920      91    6935    360 |    2.00        0.00
GET      /api/concerts                                                                    895     0(0.00%) |     30       1    1205      3 |    0.50        0.00
GET      /health                                                                          438     0(0.00%) |     18       2     885      3 |    0.10        0.00
--------|----------------------------------------------------------------------------|-------|-------------|-------|-------|-------|-------|--------|-----------
         Aggregated                                                                      5823     0(0.00%) |    716       1    6935    240 |    2.60        0.00

Type     Name                                                                          # reqs      # fails |    Avg     Min     Max    Med |   req/s  failures/s
--------|----------------------------------------------------------------------------|-------|-------------|-------|-------|-------|-------|--------|-----------
POST     /api/book                                                                       4493     0(0.00%) |    920      91    6935    360 |    1.90        0.00
GET      /api/concerts                                                                    895     0(0.00%) |     30       1    1205      3 |    0.60        0.00
GET      /health                                                                          440     0(0.00%) |     18       2     885      3 |    0.10        0.00
--------|----------------------------------------------------------------------------|-------|-------------|-------|-------|-------|-------|--------|-----------
         Aggregated                                                                      5828     0(0.00%) |    715       1    6935    240 |    2.60        0.00

Type     Name                                                                          # reqs      # fails |    Avg     Min     Max    Med |   req/s  failures/s
--------|----------------------------------------------------------------------------|-------|-------------|-------|-------|-------|-------|--------|-----------
POST     /api/book                                                                       4497     0(0.00%) |    919      91    6935    360 |    1.70        0.00
GET      /api/concerts                                                                    895     0(0.00%) |     30       1    1205      3 |    0.60        0.00
GET      /health                                                                          440     0(0.00%) |     18       2     885      3 |    0.20        0.00
--------|----------------------------------------------------------------------------|-------|-------------|-------|-------|-------|-------|--------|-----------
         Aggregated                                                                      5832     0(0.00%) |    715       1    6935    240 |    2.50        0.00

Type     Name                                                                          # reqs      # fails |    Avg     Min     Max    Med |   req/s  failures/s
--------|----------------------------------------------------------------------------|-------|-------------|-------|-------|-------|-------|--------|-----------
POST     /api/book                                                                       4500     0(0.00%) |    919      91    6935    360 |    1.70        0.00
GET      /api/concerts                                                                    897     0(0.00%) |     30       1    1205      3 |    0.40        0.00
GET      /health                                                                          440     0(0.00%) |     18       2     885      3 |    0.30        0.00
--------|----------------------------------------------------------------------------|-------|-------------|-------|-------|-------|-------|--------|-----------
         Aggregated                                                                      5837     0(0.00%) |    714       1    6935    230 |    2.40        0.00

Type     Name                                                                          # reqs      # fails |    Avg     Min     Max    Med |   req/s  failures/s
--------|----------------------------------------------------------------------------|-------|-------------|-------|-------|-------|-------|--------|-----------
POST     /api/book                                                                       4503     0(0.00%) |    918      91    6935    360 |    1.80        0.00
GET      /api/concerts                                                                    898     0(0.00%) |     30       1    1205      3 |    0.30        0.00
GET      /health                                                                          440     0(0.00%) |     18       2     885      3 |    0.30        0.00
--------|----------------------------------------------------------------------------|-------|-------------|-------|-------|-------|-------|--------|-----------
         Aggregated                                                                      5841     0(0.00%) |    714       1    6935    230 |    2.40        0.00

Type     Name                                                                          # reqs      # fails |    Avg     Min     Max    Med |   req/s  failures/s
--------|----------------------------------------------------------------------------|-------|-------------|-------|-------|-------|-------|--------|-----------
POST     /api/book                                                                       4504     0(0.00%) |    918      91    6935    360 |    1.50        0.00
GET      /api/concerts                                                                    901     0(0.00%) |     30       1    1205      3 |    0.50        0.00
GET      /health                                                                          442     0(0.00%) |     18       2     885      3 |    0.30        0.00
--------|----------------------------------------------------------------------------|-------|-------------|-------|-------|-------|-------|--------|-----------
         Aggregated                                                                      5847     0(0.00%) |    713       1    6935    230 |    2.30        0.00

Type     Name                                                                          # reqs      # fails |    Avg     Min     Max    Med |   req/s  failures/s
--------|----------------------------------------------------------------------------|-------|-------------|-------|-------|-------|-------|--------|-----------
POST     /api/book                                                                       4506     0(0.00%) |    918      91    6935    360 |    1.50        0.00
GET      /api/concerts                                                                    902     0(0.00%) |     30       1    1205      3 |    0.60        0.00
GET      /health                                                                          442     0(0.00%) |     18       2     885      3 |    0.20        0.00
--------|----------------------------------------------------------------------------|-------|-------------|-------|-------|-------|-------|--------|-----------
         Aggregated                                                                      5850     0(0.00%) |    713       1    6935    230 |    2.30        0.00

Type     Name                                                                          # reqs      # fails |    Avg     Min     Max    Med |   req/s  failures/s
--------|----------------------------------------------------------------------------|-------|-------------|-------|-------|-------|-------|--------|-----------
POST     /api/book                                                                       4510     0(0.00%) |    917      91    6935    360 |    1.30        0.00
GET      /api/concerts                                                                    902     0(0.00%) |     30       1    1205      3 |    0.60        0.00
GET      /health                                                                          442     0(0.00%) |     18       2     885      3 |    0.40        0.00
--------|----------------------------------------------------------------------------|-------|-------------|-------|-------|-------|-------|--------|-----------
         Aggregated                                                                      5854     0(0.00%) |    712       1    6935    230 |    2.30        0.00

Type     Name                                                                          # reqs      # fails |    Avg     Min     Max    Med |   req/s  failures/s
--------|----------------------------------------------------------------------------|-------|-------------|-------|-------|-------|-------|--------|-----------
POST     /api/book                                                                       4514     0(0.00%) |    916      91    6935    360 |    1.50        0.00
GET      /api/concerts                                                                    902     0(0.00%) |     30       1    1205      3 |    0.70        0.00
GET      /health                                                                          443     0(0.00%) |     18       2     885      3 |    0.20        0.00
--------|----------------------------------------------------------------------------|-------|-------------|-------|-------|-------|-------|--------|-----------
         Aggregated                                                                      5859     0(0.00%) |    712       1    6935    230 |    2.40        0.00

Type     Name                                                                          # reqs      # fails |    Avg     Min     Max    Med |   req/s  failures/s
--------|----------------------------------------------------------------------------|-------|-------------|-------|-------|-------|-------|--------|-----------
POST     /api/book                                                                       4518     0(0.00%) |    916      91    6935    360 |    1.40        0.00
GET      /api/concerts                                                                    903     0(0.00%) |     30       1    1205      3 |    0.60        0.00
GET      /health                                                                          444     0(0.00%) |     18       2     885      3 |    0.20        0.00
--------|----------------------------------------------------------------------------|-------|-------------|-------|-------|-------|-------|--------|-----------
         Aggregated                                                                      5865     0(0.00%) |    711       1    6935    230 |    2.20        0.00

Type     Name                                                                          # reqs      # fails |    Avg     Min     Max    Med |   req/s  failures/s
--------|----------------------------------------------------------------------------|-------|-------------|-------|-------|-------|-------|--------|-----------
POST     /api/book                                                                       4522     0(0.00%) |    915      91    6935    350 |    1.50        0.00
GET      /api/concerts                                                                    903     0(0.00%) |     30       1    1205      3 |    0.50        0.00
GET      /health                                                                          445     0(0.00%) |     18       2     885      3 |    0.40        0.00
--------|----------------------------------------------------------------------------|-------|-------------|-------|-------|-------|-------|--------|-----------
         Aggregated                                                                      5870     0(0.00%) |    711       1    6935    230 |    2.40        0.00

Type     Name                                                                          # reqs      # fails |    Avg     Min     Max    Med |   req/s  failures/s
--------|----------------------------------------------------------------------------|-------|-------------|-------|-------|-------|-------|--------|-----------
POST     /api/book                                                                       4526     0(0.00%) |    914      91    6935    350 |    1.60        0.00
GET      /api/concerts                                                                    903     0(0.00%) |     30       1    1205      3 |    0.30        0.00
GET      /health                                                                          445     0(0.00%) |     18       2     885      3 |    0.40        0.00
--------|----------------------------------------------------------------------------|-------|-------------|-------|-------|-------|-------|--------|-----------
         Aggregated                                                                      5874     0(0.00%) |    710       1    6935    230 |    2.30        0.00

Type     Name                                                                          # reqs      # fails |    Avg     Min     Max    Med |   req/s  failures/s
--------|----------------------------------------------------------------------------|-------|-------------|-------|-------|-------|-------|--------|-----------
POST     /api/book                                                                       4531     0(0.00%) |    914      91    6935    350 |    1.80        0.00
GET      /api/concerts                                                                    903     0(0.00%) |     30       1    1205      3 |    0.20        0.00
GET      /health                                                                          445     0(0.00%) |     18       2     885      3 |    0.30        0.00
--------|----------------------------------------------------------------------------|-------|-------------|-------|-------|-------|-------|--------|-----------
         Aggregated                                                                      5879     0(0.00%) |    710       1    6935    230 |    2.30        0.00

Type     Name                                                                          # reqs      # fails |    Avg     Min     Max    Med |   req/s  failures/s
--------|----------------------------------------------------------------------------|-------|-------------|-------|-------|-------|-------|--------|-----------
POST     /api/book                                                                       4535     0(0.00%) |    913      91    6935    350 |    1.90        0.00
GET      /api/concerts                                                                    903     0(0.00%) |     30       1    1205      3 |    0.10        0.00
GET      /health                                                                          445     0(0.00%) |     18       2     885      3 |    0.30        0.00
--------|----------------------------------------------------------------------------|-------|-------------|-------|-------|-------|-------|--------|-----------
         Aggregated                                                                      5883     0(0.00%) |    710       1    6935    230 |    2.30        0.00

Type     Name                                                                          # reqs      # fails |    Avg     Min     Max    Med |   req/s  failures/s
--------|----------------------------------------------------------------------------|-------|-------------|-------|-------|-------|-------|--------|-----------
POST     /api/book                                                                       4537     0(0.00%) |    913      91    6935    350 |    2.10        0.00
GET      /api/concerts                                                                    903     0(0.00%) |     30       1    1205      3 |    0.10        0.00
GET      /health                                                                          447     0(0.00%) |     18       2     885      3 |    0.30        0.00
--------|----------------------------------------------------------------------------|-------|-------------|-------|-------|-------|-------|--------|-----------
         Aggregated                                                                      5887     0(0.00%) |    709       1    6935    230 |    2.50        0.00

Type     Name                                                                          # reqs      # fails |    Avg     Min     Max    Med |   req/s  failures/s
--------|----------------------------------------------------------------------------|-------|-------------|-------|-------|-------|-------|--------|-----------
POST     /api/book                                                                       4540     0(0.00%) |    912      91    6935    350 |    2.00        0.00
GET      /api/concerts                                                                    905     0(0.00%) |     30       1    1205      3 |    0.00        0.00
GET      /health                                                                          448     0(0.00%) |     18       2     885      3 |    0.30        0.00
--------|----------------------------------------------------------------------------|-------|-------------|-------|-------|-------|-------|--------|-----------
         Aggregated                                                                      5893     0(0.00%) |    709       1    6935    230 |    2.30        0.00

Type     Name                                                                          # reqs      # fails |    Avg     Min     Max    Med |   req/s  failures/s
--------|----------------------------------------------------------------------------|-------|-------------|-------|-------|-------|-------|--------|-----------
POST     /api/book                                                                       4542     0(0.00%) |    912      91    6935    350 |    1.90        0.00
GET      /api/concerts                                                                    907     0(0.00%) |     30       1    1205      3 |    0.00        0.00
GET      /health                                                                          449     0(0.00%) |     18       2     885      3 |    0.40        0.00
--------|----------------------------------------------------------------------------|-------|-------------|-------|-------|-------|-------|--------|-----------
         Aggregated                                                                      5898     0(0.00%) |    708       1    6935    230 |    2.30        0.00

Type     Name                                                                          # reqs      # fails |    Avg     Min     Max    Med |   req/s  failures/s
--------|----------------------------------------------------------------------------|-------|-------------|-------|-------|-------|-------|--------|-----------
POST     /api/book                                                                       4545     0(0.00%) |    911      91    6935    350 |    1.70        0.00
GET      /api/concerts                                                                    907     0(0.00%) |     30       1    1205      3 |    0.40        0.00
GET      /health                                                                          450     0(0.00%) |     18       2     885      3 |    0.30        0.00
--------|----------------------------------------------------------------------------|-------|-------------|-------|-------|-------|-------|--------|-----------
         Aggregated                                                                      5902     0(0.00%) |    708       1    6935    230 |    2.40        0.00

Type     Name                                                                          # reqs      # fails |    Avg     Min     Max    Med |   req/s  failures/s
--------|----------------------------------------------------------------------------|-------|-------------|-------|-------|-------|-------|--------|-----------
POST     /api/book                                                                       4547     0(0.00%) |    911      91    6935    350 |    1.50        0.00
GET      /api/concerts                                                                    907     0(0.00%) |     30       1    1205      3 |    0.40        0.00
GET      /health                                                                          450     0(0.00%) |     18       2     885      3 |    0.40        0.00
--------|----------------------------------------------------------------------------|-------|-------------|-------|-------|-------|-------|--------|-----------
         Aggregated                                                                      5904     0(0.00%) |    707       1    6935    230 |    2.30        0.00

Type     Name                                                                          # reqs      # fails |    Avg     Min     Max    Med |   req/s  failures/s
--------|----------------------------------------------------------------------------|-------|-------------|-------|-------|-------|-------|--------|-----------
POST     /api/book                                                                       4552     0(0.00%) |    910      91    6935    350 |    1.30        0.00
GET      /api/concerts                                                                    908     0(0.00%) |     30       1    1205      3 |    0.40        0.00
GET      /health                                                                          450     0(0.00%) |     18       2     885      3 |    0.50        0.00
--------|----------------------------------------------------------------------------|-------|-------------|-------|-------|-------|-------|--------|-----------
         Aggregated                                                                      5910     0(0.00%) |    707       1    6935    230 |    2.20        0.00

Type     Name                                                                          # reqs      # fails |    Avg     Min     Max    Med |   req/s  failures/s
--------|----------------------------------------------------------------------------|-------|-------------|-------|-------|-------|-------|--------|-----------
POST     /api/book                                                                       4556     0(0.00%) |    910      91    6935    350 |    1.40        0.00
GET      /api/concerts                                                                    909     0(0.00%) |     30       1    1205      3 |    0.50        0.00
GET      /health                                                                          450     0(0.00%) |     18       2     885      3 |    0.30        0.00
--------|----------------------------------------------------------------------------|-------|-------------|-------|-------|-------|-------|--------|-----------
         Aggregated                                                                      5915     0(0.00%) |    707       1    6935    230 |    2.20        0.00

Type     Name                                                                          # reqs      # fails |    Avg     Min     Max    Med |   req/s  failures/s
--------|----------------------------------------------------------------------------|-------|-------------|-------|-------|-------|-------|--------|-----------
POST     /api/book                                                                       4560     0(0.00%) |    909      91    6935    350 |    1.50        0.00
GET      /api/concerts                                                                    909     0(0.00%) |     30       1    1205      3 |    0.60        0.00
GET      /health                                                                          451     0(0.00%) |     18       2     885      3 |    0.20        0.00
--------|----------------------------------------------------------------------------|-------|-------------|-------|-------|-------|-------|--------|-----------
         Aggregated                                                                      5920     0(0.00%) |    706       1    6935    230 |    2.30        0.00

Type     Name                                                                          # reqs      # fails |    Avg     Min     Max    Med |   req/s  failures/s
--------|----------------------------------------------------------------------------|-------|-------------|-------|-------|-------|-------|--------|-----------
POST     /api/book                                                                       4563     0(0.00%) |    908      91    6935    350 |    1.70        0.00
GET      /api/concerts                                                                    909     0(0.00%) |     30       1    1205      3 |    0.20        0.00
GET      /health                                                                          452     0(0.00%) |     18       2     885      3 |    0.20        0.00
--------|----------------------------------------------------------------------------|-------|-------------|-------|-------|-------|-------|--------|-----------
         Aggregated                                                                      5924     0(0.00%) |    706       1    6935    230 |    2.10        0.00

Type     Name                                                                          # reqs      # fails |    Avg     Min     Max    Med |   req/s  failures/s
--------|----------------------------------------------------------------------------|-------|-------------|-------|-------|-------|-------|--------|-----------
POST     /api/book                                                                       4568     0(0.00%) |    908      91    6935    350 |    1.90        0.00
GET      /api/concerts                                                                    909     0(0.00%) |     30       1    1205      3 |    0.20        0.00
GET      /health                                                                          452     0(0.00%) |     18       2     885      3 |    0.30        0.00
--------|----------------------------------------------------------------------------|-------|-------------|-------|-------|-------|-------|--------|-----------
         Aggregated                                                                      5929     0(0.00%) |    705       1    6935    230 |    2.40        0.00

Type     Name                                                                          # reqs      # fails |    Avg     Min     Max    Med |   req/s  failures/s
--------|----------------------------------------------------------------------------|-------|-------------|-------|-------|-------|-------|--------|-----------
POST     /api/book                                                                       4573     0(0.00%) |    907      91    6935    350 |    1.90        0.00
GET      /api/concerts                                                                    910     0(0.00%) |     30       1    1205      3 |    0.20        0.00
GET      /health                                                                          452     0(0.00%) |     18       2     885      3 |    0.20        0.00
--------|----------------------------------------------------------------------------|-------|-------------|-------|-------|-------|-------|--------|-----------
         Aggregated                                                                      5935     0(0.00%) |    705       1    6935    230 |    2.30        0.00

Type     Name                                                                          # reqs      # fails |    Avg     Min     Max    Med |   req/s  failures/s
--------|----------------------------------------------------------------------------|-------|-------------|-------|-------|-------|-------|--------|-----------
POST     /api/book                                                                       4575     0(0.00%) |    906      91    6935    350 |    2.00        0.00
GET      /api/concerts                                                                    911     0(0.00%) |     30       1    1205      3 |    0.20        0.00
GET      /health                                                                          453     0(0.00%) |     17       2     885      3 |    0.20        0.00
--------|----------------------------------------------------------------------------|-------|-------------|-------|-------|-------|-------|--------|-----------
         Aggregated                                                                      5939     0(0.00%) |    704       1    6935    230 |    2.40        0.00

Type     Name                                                                          # reqs      # fails |    Avg     Min     Max    Med |   req/s  failures/s
--------|----------------------------------------------------------------------------|-------|-------------|-------|-------|-------|-------|--------|-----------
POST     /api/book                                                                       4578     0(0.00%) |    906      91    6935    350 |    2.10        0.00
GET      /api/concerts                                                                    911     0(0.00%) |     30       1    1205      3 |    0.20        0.00
GET      /health                                                                          453     0(0.00%) |     17       2     885      3 |    0.20        0.00
--------|----------------------------------------------------------------------------|-------|-------------|-------|-------|-------|-------|--------|-----------
         Aggregated                                                                      5942     0(0.00%) |    704       1    6935    230 |    2.50        0.00

Type     Name                                                                          # reqs      # fails |    Avg     Min     Max    Med |   req/s  failures/s
--------|----------------------------------------------------------------------------|-------|-------------|-------|-------|-------|-------|--------|-----------
POST     /api/book                                                                       4583     0(0.00%) |    905      91    6935    350 |    2.00        0.00
GET      /api/concerts                                                                    913     0(0.00%) |     29       1    1205      3 |    0.20        0.00
GET      /health                                                                          453     0(0.00%) |     17       2     885      3 |    0.30        0.00
--------|----------------------------------------------------------------------------|-------|-------------|-------|-------|-------|-------|--------|-----------
         Aggregated                                                                      5949     0(0.00%) |    703       1    6935    230 |    2.50        0.00

Type     Name                                                                          # reqs      # fails |    Avg     Min     Max    Med |   req/s  failures/s
--------|----------------------------------------------------------------------------|-------|-------------|-------|-------|-------|-------|--------|-----------
POST     /api/book                                                                       4588     0(0.00%) |    904      91    6935    350 |    1.90        0.00
GET      /api/concerts                                                                    913     0(0.00%) |     29       1    1205      3 |    0.30        0.00
GET      /health                                                                          453     0(0.00%) |     17       2     885      3 |    0.10        0.00
--------|----------------------------------------------------------------------------|-------|-------------|-------|-------|-------|-------|--------|-----------
         Aggregated                                                                      5954     0(0.00%) |    703       1    6935    230 |    2.30        0.00

Type     Name                                                                          # reqs      # fails |    Avg     Min     Max    Med |   req/s  failures/s
--------|----------------------------------------------------------------------------|-------|-------------|-------|-------|-------|-------|--------|-----------
POST     /api/book                                                                       4592     0(0.00%) |    904      91    6935    350 |    1.90        0.00
GET      /api/concerts                                                                    914     0(0.00%) |     29       1    1205      3 |    0.40        0.00
GET      /health                                                                          453     0(0.00%) |     17       2     885      3 |    0.10        0.00
--------|----------------------------------------------------------------------------|-------|-------------|-------|-------|-------|-------|--------|-----------
         Aggregated                                                                      5959     0(0.00%) |    702       1    6935    230 |    2.40        0.00

Type     Name                                                                          # reqs      # fails |    Avg     Min     Max    Med |   req/s  failures/s
--------|----------------------------------------------------------------------------|-------|-------------|-------|-------|-------|-------|--------|-----------
POST     /api/book                                                                       4596     0(0.00%) |    903      91    6935    350 |    2.10        0.00
GET      /api/concerts                                                                    914     0(0.00%) |     29       1    1205      3 |    0.30        0.00
GET      /health                                                                          453     0(0.00%) |     17       2     885      3 |    0.10        0.00
--------|----------------------------------------------------------------------------|-------|-------------|-------|-------|-------|-------|--------|-----------
         Aggregated                                                                      5963     0(0.00%) |    702       1    6935    230 |    2.50        0.00

Type     Name                                                                          # reqs      # fails |    Avg     Min     Max    Med |   req/s  failures/s
--------|----------------------------------------------------------------------------|-------|-------------|-------|-------|-------|-------|--------|-----------
POST     /api/book                                                                       4598     0(0.00%) |    903      91    6935    350 |    2.00        0.00
GET      /api/concerts                                                                    917     0(0.00%) |     29       1    1205      3 |    0.40        0.00
GET      /health                                                                          454     0(0.00%) |     17       2     885      3 |    0.00        0.00
--------|----------------------------------------------------------------------------|-------|-------------|-------|-------|-------|-------|--------|-----------
         Aggregated                                                                      5969     0(0.00%) |    701       1    6935    230 |    2.40        0.00

Type     Name                                                                          # reqs      # fails |    Avg     Min     Max    Med |   req/s  failures/s
--------|----------------------------------------------------------------------------|-------|-------------|-------|-------|-------|-------|--------|-----------
POST     /api/book                                                                       4601     0(0.00%) |    902      91    6935    350 |    1.80        0.00
GET      /api/concerts                                                                    917     0(0.00%) |     29       1    1205      3 |    0.60        0.00
GET      /health                                                                          454     0(0.00%) |     17       2     885      3 |    0.10        0.00
--------|----------------------------------------------------------------------------|-------|-------------|-------|-------|-------|-------|--------|-----------
         Aggregated                                                                      5972     0(0.00%) |    701       1    6935    230 |    2.50        0.00

Type     Name                                                                          # reqs      # fails |    Avg     Min     Max    Med |   req/s  failures/s
--------|----------------------------------------------------------------------------|-------|-------------|-------|-------|-------|-------|--------|-----------
POST     /api/book                                                                       4604     0(0.00%) |    902      91    6935    350 |    2.00        0.00
GET      /api/concerts                                                                    918     0(0.00%) |     29       1    1205      3 |    0.60        0.00
GET      /health                                                                          454     0(0.00%) |     17       2     885      3 |    0.10        0.00
--------|----------------------------------------------------------------------------|-------|-------------|-------|-------|-------|-------|--------|-----------
         Aggregated                                                                      5976     0(0.00%) |    700       1    6935    230 |    2.70        0.00

Type     Name                                                                          # reqs      # fails |    Avg     Min     Max    Med |   req/s  failures/s
--------|----------------------------------------------------------------------------|-------|-------------|-------|-------|-------|-------|--------|-----------
POST     /api/book                                                                       4609     0(0.00%) |    901      91    6935    350 |    1.90        0.00
GET      /api/concerts                                                                    919     0(0.00%) |     29       1    1205      3 |    0.50        0.00
GET      /health                                                                          455     0(0.00%) |     17       2     885      3 |    0.10        0.00
--------|----------------------------------------------------------------------------|-------|-------------|-------|-------|-------|-------|--------|-----------
         Aggregated                                                                      5983     0(0.00%) |    700       1    6935    230 |    2.50        0.00

Type     Name                                                                          # reqs      # fails |    Avg     Min     Max    Med |   req/s  failures/s
--------|----------------------------------------------------------------------------|-------|-------------|-------|-------|-------|-------|--------|-----------
POST     /api/book                                                                       4612     0(0.00%) |    900      91    6935    340 |    1.50        0.00
GET      /api/concerts                                                                    919     0(0.00%) |     29       1    1205      3 |    0.60        0.00
GET      /health                                                                          455     0(0.00%) |     17       2     885      3 |    0.20        0.00
--------|----------------------------------------------------------------------------|-------|-------------|-------|-------|-------|-------|--------|-----------
         Aggregated                                                                      5986     0(0.00%) |    699       1    6935    230 |    2.30        0.00

Type     Name                                                                          # reqs      # fails |    Avg     Min     Max    Med |   req/s  failures/s
--------|----------------------------------------------------------------------------|-------|-------------|-------|-------|-------|-------|--------|-----------
POST     /api/book                                                                       4617     0(0.00%) |    900      91    6935    340 |    1.70        0.00
GET      /api/concerts                                                                    919     0(0.00%) |     29       1    1205      3 |    0.50        0.00
GET      /health                                                                          456     0(0.00%) |     17       2     885      3 |    0.20        0.00
--------|----------------------------------------------------------------------------|-------|-------------|-------|-------|-------|-------|--------|-----------
         Aggregated                                                                      5992     0(0.00%) |    699       1    6935    230 |    2.40        0.00

Type     Name                                                                          # reqs      # fails |    Avg     Min     Max    Med |   req/s  failures/s
--------|----------------------------------------------------------------------------|-------|-------------|-------|-------|-------|-------|--------|-----------
POST     /api/book                                                                       4620     0(0.00%) |    899      91    6935    340 |    1.90        0.00
GET      /api/concerts                                                                    920     0(0.00%) |     29       1    1205      3 |    0.20        0.00
GET      /health                                                                          456     0(0.00%) |     17       2     885      3 |    0.20        0.00
--------|----------------------------------------------------------------------------|-------|-------------|-------|-------|-------|-------|--------|-----------
         Aggregated                                                                      5996     0(0.00%) |    699       1    6935    230 |    2.30        0.00

Type     Name                                                                          # reqs      # fails |    Avg     Min     Max    Med |   req/s  failures/s
--------|----------------------------------------------------------------------------|-------|-------------|-------|-------|-------|-------|--------|-----------
POST     /api/book                                                                       4622     0(0.00%) |    899      91    6935    340 |    1.70        0.00
GET      /api/concerts                                                                    922     0(0.00%) |     29       1    1205      3 |    0.20        0.00
GET      /health                                                                          456     0(0.00%) |     17       2     885      3 |    0.20        0.00
--------|----------------------------------------------------------------------------|-------|-------------|-------|-------|-------|-------|--------|-----------
         Aggregated                                                                      6000     0(0.00%) |    698       1    6935    220 |    2.10        0.00

Type     Name                                                                          # reqs      # fails |    Avg     Min     Max    Med |   req/s  failures/s
--------|----------------------------------------------------------------------------|-------|-------------|-------|-------|-------|-------|--------|-----------
POST     /api/book                                                                       4625     0(0.00%) |    898      91    6935    340 |    1.80        0.00
GET      /api/concerts                                                                    923     0(0.00%) |     29       1    1205      3 |    0.30        0.00
GET      /health                                                                          457     0(0.00%) |     17       2     885      3 |    0.20        0.00
--------|----------------------------------------------------------------------------|-------|-------------|-------|-------|-------|-------|--------|-----------
         Aggregated                                                                      6005     0(0.00%) |    698       1    6935    220 |    2.30        0.00

Type     Name                                                                          # reqs      # fails |    Avg     Min     Max    Med |   req/s  failures/s
--------|----------------------------------------------------------------------------|-------|-------------|-------|-------|-------|-------|--------|-----------
POST     /api/book                                                                       4629     0(0.00%) |    898      91    6935    340 |    1.80        0.00
GET      /api/concerts                                                                    924     0(0.00%) |     29       1    1205      3 |    0.30        0.00
GET      /health                                                                          457     0(0.00%) |     17       2     885      3 |    0.20        0.00
--------|----------------------------------------------------------------------------|-------|-------------|-------|-------|-------|-------|--------|-----------
         Aggregated                                                                      6010     0(0.00%) |    697       1    6935    220 |    2.30        0.00

Type     Name                                                                          # reqs      # fails |    Avg     Min     Max    Med |   req/s  failures/s
--------|----------------------------------------------------------------------------|-------|-------------|-------|-------|-------|-------|--------|-----------
POST     /api/book                                                                       4634     0(0.00%) |    897      91    6935    340 |    1.50        0.00
GET      /api/concerts                                                                    924     0(0.00%) |     29       1    1205      3 |    0.50        0.00
GET      /health                                                                          457     0(0.00%) |     17       2     885      3 |    0.20        0.00
--------|----------------------------------------------------------------------------|-------|-------------|-------|-------|-------|-------|--------|-----------
         Aggregated                                                                      6015     0(0.00%) |    697       1    6935    220 |    2.20        0.00

Type     Name                                                                          # reqs      # fails |    Avg     Min     Max    Med |   req/s  failures/s
--------|----------------------------------------------------------------------------|-------|-------------|-------|-------|-------|-------|--------|-----------
POST     /api/book                                                                       4639     0(0.00%) |    896      91    6935    340 |    1.50        0.00
GET      /api/concerts                                                                    924     0(0.00%) |     29       1    1205      3 |    0.50        0.00
GET      /health                                                                          458     0(0.00%) |     17       2     885      3 |    0.10        0.00
--------|----------------------------------------------------------------------------|-------|-------------|-------|-------|-------|-------|--------|-----------
         Aggregated                                                                      6021     0(0.00%) |    696       1    6935    220 |    2.10        0.00

Type     Name                                                                          # reqs      # fails |    Avg     Min     Max    Med |   req/s  failures/s
--------|----------------------------------------------------------------------------|-------|-------------|-------|-------|-------|-------|--------|-----------
POST     /api/book                                                                       4642     0(0.00%) |    895      91    6935    340 |    1.90        0.00
GET      /api/concerts                                                                    926     0(0.00%) |     29       1    1205      3 |    0.50        0.00
GET      /health                                                                          458     0(0.00%) |     17       2     885      3 |    0.10        0.00
--------|----------------------------------------------------------------------------|-------|-------------|-------|-------|-------|-------|--------|-----------
         Aggregated                                                                      6026     0(0.00%) |    696       1    6935    220 |    2.50        0.00

Type     Name                                                                          # reqs      # fails |    Avg     Min     Max    Med |   req/s  failures/s
--------|----------------------------------------------------------------------------|-------|-------------|-------|-------|-------|-------|--------|-----------
POST     /api/book                                                                       4644     0(0.00%) |    895      91    6935    340 |    1.90        0.00
GET      /api/concerts                                                                    927     0(0.00%) |     29       1    1205      3 |    0.40        0.00
GET      /health                                                                          458     0(0.00%) |     17       2     885      3 |    0.20        0.00
--------|----------------------------------------------------------------------------|-------|-------------|-------|-------|-------|-------|--------|-----------
         Aggregated                                                                      6029     0(0.00%) |    695       1    6935    220 |    2.50        0.00

Type     Name                                                                          # reqs      # fails |    Avg     Min     Max    Med |   req/s  failures/s
--------|----------------------------------------------------------------------------|-------|-------------|-------|-------|-------|-------|--------|-----------
POST     /api/book                                                                       4650     0(0.00%) |    894      91    6935    340 |    2.00        0.00
GET      /api/concerts                                                                    927     0(0.00%) |     29       1    1205      3 |    0.50        0.00
GET      /health                                                                          459     0(0.00%) |     17       2     885      3 |    0.10        0.00
--------|----------------------------------------------------------------------------|-------|-------------|-------|-------|-------|-------|--------|-----------
         Aggregated                                                                      6036     0(0.00%) |    695       1    6935    220 |    2.60        0.00

Type     Name                                                                          # reqs      # fails |    Avg     Min     Max    Med |   req/s  failures/s
--------|----------------------------------------------------------------------------|-------|-------------|-------|-------|-------|-------|--------|-----------
POST     /api/book                                                                       4656     0(0.00%) |    893      91    6935    340 |    2.20        0.00
GET      /api/concerts                                                                    927     0(0.00%) |     29       1    1205      3 |    0.30        0.00
GET      /health                                                                          459     0(0.00%) |     17       2     885      3 |    0.20        0.00
--------|----------------------------------------------------------------------------|-------|-------------|-------|-------|-------|-------|--------|-----------
         Aggregated                                                                      6042     0(0.00%) |    694       1    6935    220 |    2.70        0.00

Type     Name                                                                          # reqs      # fails |    Avg     Min     Max    Med |   req/s  failures/s
--------|----------------------------------------------------------------------------|-------|-------------|-------|-------|-------|-------|--------|-----------
POST     /api/book                                                                       4661     0(0.00%) |    892      91    6935    340 |    2.40        0.00
GET      /api/concerts                                                                    927     0(0.00%) |     29       1    1205      3 |    0.30        0.00
GET      /health                                                                          459     0(0.00%) |     17       2     885      3 |    0.20        0.00
--------|----------------------------------------------------------------------------|-------|-------------|-------|-------|-------|-------|--------|-----------
         Aggregated                                                                      6047     0(0.00%) |    694       1    6935    220 |    2.90        0.00

Type     Name                                                                          # reqs      # fails |    Avg     Min     Max    Med |   req/s  failures/s
--------|----------------------------------------------------------------------------|-------|-------------|-------|-------|-------|-------|--------|-----------
POST     /api/book                                                                       4667     0(0.00%) |    891      91    6935    340 |    2.20        0.00
GET      /api/concerts                                                                    927     0(0.00%) |     29       1    1205      3 |    0.30        0.00
GET      /health                                                                          459     0(0.00%) |     17       2     885      3 |    0.20        0.00
--------|----------------------------------------------------------------------------|-------|-------------|-------|-------|-------|-------|--------|-----------
         Aggregated                                                                      6053     0(0.00%) |    693       1    6935    220 |    2.70        0.00

Type     Name                                                                          # reqs      # fails |    Avg     Min     Max    Med |   req/s  failures/s
--------|----------------------------------------------------------------------------|-------|-------------|-------|-------|-------|-------|--------|-----------
POST     /api/book                                                                       4668     0(0.00%) |    891      91    6935    340 |    2.30        0.00
GET      /api/concerts                                                                    930     0(0.00%) |     29       1    1205      3 |    0.10        0.00
GET      /health                                                                          459     0(0.00%) |     17       2     885      3 |    0.10        0.00
--------|----------------------------------------------------------------------------|-------|-------------|-------|-------|-------|-------|--------|-----------
         Aggregated                                                                      6057     0(0.00%) |    693       1    6935    220 |    2.50        0.00

Type     Name                                                                          # reqs      # fails |    Avg     Min     Max    Med |   req/s  failures/s
--------|----------------------------------------------------------------------------|-------|-------------|-------|-------|-------|-------|--------|-----------
POST     /api/book                                                                       4672     0(0.00%) |    891      91    6935    340 |    2.30        0.00
GET      /api/concerts                                                                    930     0(0.00%) |     29       1    1205      3 |    0.10        0.00
GET      /health                                                                          460     0(0.00%) |     17       2     885      3 |    0.10        0.00
--------|----------------------------------------------------------------------------|-------|-------------|-------|-------|-------|-------|--------|-----------
         Aggregated                                                                      6062     0(0.00%) |    692       1    6935    220 |    2.50        0.00

Type     Name                                                                          # reqs      # fails |    Avg     Min     Max    Med |   req/s  failures/s
--------|----------------------------------------------------------------------------|-------|-------------|-------|-------|-------|-------|--------|-----------
POST     /api/book                                                                       4677     0(0.00%) |    890      91    6935    340 |    2.20        0.00
GET      /api/concerts                                                                    930     0(0.00%) |     29       1    1205      3 |    0.30        0.00
GET      /health                                                                          460     0(0.00%) |     17       2     885      3 |    0.00        0.00
--------|----------------------------------------------------------------------------|-------|-------------|-------|-------|-------|-------|--------|-----------
         Aggregated                                                                      6067     0(0.00%) |    692       1    6935    220 |    2.50        0.00

Type     Name                                                                          # reqs      # fails |    Avg     Min     Max    Med |   req/s  failures/s
--------|----------------------------------------------------------------------------|-------|-------------|-------|-------|-------|-------|--------|-----------
POST     /api/book                                                                       4682     0(0.00%) |    889      91    6935    340 |    2.00        0.00
GET      /api/concerts                                                                    930     0(0.00%) |     29       1    1205      3 |    0.30        0.00
GET      /health                                                                          460     0(0.00%) |     17       2     885      3 |    0.10        0.00
--------|----------------------------------------------------------------------------|-------|-------------|-------|-------|-------|-------|--------|-----------
         Aggregated                                                                      6072     0(0.00%) |    691       1    6935    220 |    2.40        0.00

Type     Name                                                                          # reqs      # fails |    Avg     Min     Max    Med |   req/s  failures/s
--------|----------------------------------------------------------------------------|-------|-------------|-------|-------|-------|-------|--------|-----------
POST     /api/book                                                                       4684     0(0.00%) |    889      91    6935    340 |    2.10        0.00
GET      /api/concerts                                                                    932     0(0.00%) |     29       1    1205      3 |    0.30        0.00
GET      /health                                                                          460     0(0.00%) |     17       2     885      3 |    0.10        0.00
--------|----------------------------------------------------------------------------|-------|-------------|-------|-------|-------|-------|--------|-----------
         Aggregated                                                                      6076     0(0.00%) |    691       1    6935    220 |    2.50        0.00

Type     Name                                                                          # reqs      # fails |    Avg     Min     Max    Med |   req/s  failures/s
--------|----------------------------------------------------------------------------|-------|-------------|-------|-------|-------|-------|--------|-----------
POST     /api/book                                                                       4688     0(0.00%) |    888      91    6935    340 |    1.90        0.00
GET      /api/concerts                                                                    933     0(0.00%) |     29       1    1205      3 |    0.40        0.00
GET      /health                                                                          460     0(0.00%) |     17       2     885      3 |    0.10        0.00
--------|----------------------------------------------------------------------------|-------|-------------|-------|-------|-------|-------|--------|-----------
         Aggregated                                                                      6081     0(0.00%) |    690       1    6935    220 |    2.40        0.00

Type     Name                                                                          # reqs      # fails |    Avg     Min     Max    Med |   req/s  failures/s
--------|----------------------------------------------------------------------------|-------|-------------|-------|-------|-------|-------|--------|-----------
POST     /api/book                                                                       4692     0(0.00%) |    888      91    6935    340 |    2.00        0.00
GET      /api/concerts                                                                    933     0(0.00%) |     29       1    1205      3 |    0.40        0.00
GET      /health                                                                          460     0(0.00%) |     17       2     885      3 |    0.10        0.00
--------|----------------------------------------------------------------------------|-------|-------------|-------|-------|-------|-------|--------|-----------
         Aggregated                                                                      6085     0(0.00%) |    690       1    6935    220 |    2.50        0.00

Type     Name                                                                          # reqs      # fails |    Avg     Min     Max    Med |   req/s  failures/s
--------|----------------------------------------------------------------------------|-------|-------------|-------|-------|-------|-------|--------|-----------
POST     /api/book                                                                       4695     0(0.00%) |    887      91    6935    340 |    1.90        0.00
GET      /api/concerts                                                                    933     0(0.00%) |     29       1    1205      3 |    0.30        0.00
GET      /health                                                                          461     0(0.00%) |     17       2     885      3 |    0.10        0.00
--------|----------------------------------------------------------------------------|-------|-------------|-------|-------|-------|-------|--------|-----------
         Aggregated                                                                      6089     0(0.00%) |    690       1    6935    220 |    2.30        0.00

Type     Name                                                                          # reqs      # fails |    Avg     Min     Max    Med |   req/s  failures/s
--------|----------------------------------------------------------------------------|-------|-------------|-------|-------|-------|-------|--------|-----------
POST     /api/book                                                                       4699     0(0.00%) |    886      91    6935    340 |    1.90        0.00
GET      /api/concerts                                                                    933     0(0.00%) |     29       1    1205      3 |    0.30        0.00
GET      /health                                                                          463     0(0.00%) |     17       2     885      3 |    0.10        0.00
--------|----------------------------------------------------------------------------|-------|-------------|-------|-------|-------|-------|--------|-----------
         Aggregated                                                                      6095     0(0.00%) |    689       1    6935    220 |    2.30        0.00

Type     Name                                                                          # reqs      # fails |    Avg     Min     Max    Med |   req/s  failures/s
--------|----------------------------------------------------------------------------|-------|-------------|-------|-------|-------|-------|--------|-----------
POST     /api/book                                                                       4703     0(0.00%) |    886      91    6935    330 |    1.60        0.00
GET      /api/concerts                                                                    933     0(0.00%) |     29       1    1205      3 |    0.30        0.00
GET      /health                                                                          463     0(0.00%) |     17       2     885      3 |    0.20        0.00
--------|----------------------------------------------------------------------------|-------|-------------|-------|-------|-------|-------|--------|-----------
         Aggregated                                                                      6099     0(0.00%) |    689       1    6935    220 |    2.10        0.00

Type     Name                                                                          # reqs      # fails |    Avg     Min     Max    Med |   req/s  failures/s
--------|----------------------------------------------------------------------------|-------|-------------|-------|-------|-------|-------|--------|-----------
POST     /api/book                                                                       4705     0(0.00%) |    886      91    6935    330 |    1.90        0.00
GET      /api/concerts                                                                    934     0(0.00%) |     29       1    1205      3 |    0.10        0.00
GET      /health                                                                          463     0(0.00%) |     17       2     885      3 |    0.30        0.00
--------|----------------------------------------------------------------------------|-------|-------------|-------|-------|-------|-------|--------|-----------
         Aggregated                                                                      6102     0(0.00%) |    688       1    6935    220 |    2.30        0.00

Type     Name                                                                          # reqs      # fails |    Avg     Min     Max    Med |   req/s  failures/s
--------|----------------------------------------------------------------------------|-------|-------------|-------|-------|-------|-------|--------|-----------
POST     /api/book                                                                       4707     0(0.00%) |    885      91    6935    330 |    1.70        0.00
GET      /api/concerts                                                                    937     0(0.00%) |     29       1    1205      3 |    0.10        0.00
GET      /health                                                                          463     0(0.00%) |     17       2     885      3 |    0.30        0.00
--------|----------------------------------------------------------------------------|-------|-------------|-------|-------|-------|-------|--------|-----------
         Aggregated                                                                      6107     0(0.00%) |    688       1    6935    220 |    2.10        0.00

Type     Name                                                                          # reqs      # fails |    Avg     Min     Max    Med |   req/s  failures/s
--------|----------------------------------------------------------------------------|-------|-------------|-------|-------|-------|-------|--------|-----------
POST     /api/book                                                                       4712     0(0.00%) |    884      91    6935    330 |    1.70        0.00
GET      /api/concerts                                                                    937     0(0.00%) |     29       1    1205      3 |    0.30        0.00
GET      /health                                                                          463     0(0.00%) |     17       2     885      3 |    0.30        0.00
--------|----------------------------------------------------------------------------|-------|-------------|-------|-------|-------|-------|--------|-----------
         Aggregated                                                                      6112     0(0.00%) |    688       1    6935    220 |    2.30        0.00

Type     Name                                                                          # reqs      # fails |    Avg     Min     Max    Med |   req/s  failures/s
--------|----------------------------------------------------------------------------|-------|-------------|-------|-------|-------|-------|--------|-----------
POST     /api/book                                                                       4717     0(0.00%) |    884      91    6935    330 |    1.70        0.00
GET      /api/concerts                                                                    937     0(0.00%) |     29       1    1205      3 |    0.40        0.00
GET      /health                                                                          463     0(0.00%) |     17       2     885      3 |    0.20        0.00
--------|----------------------------------------------------------------------------|-------|-------------|-------|-------|-------|-------|--------|-----------
         Aggregated                                                                      6117     0(0.00%) |    687       1    6935    220 |    2.30        0.00

Type     Name                                                                          # reqs      # fails |    Avg     Min     Max    Med |   req/s  failures/s
--------|----------------------------------------------------------------------------|-------|-------------|-------|-------|-------|-------|--------|-----------
POST     /api/book                                                                       4720     0(0.00%) |    883      91    6935    330 |    1.90        0.00
GET      /api/concerts                                                                    938     0(0.00%) |     29       1    1205      3 |    0.40        0.00
GET      /health                                                                          463     0(0.00%) |     17       2     885      3 |    0.10        0.00
--------|----------------------------------------------------------------------------|-------|-------------|-------|-------|-------|-------|--------|-----------
         Aggregated                                                                      6121     0(0.00%) |    687       1    6935    220 |    2.40        0.00

Type     Name                                                                          # reqs      # fails |    Avg     Min     Max    Med |   req/s  failures/s
--------|----------------------------------------------------------------------------|-------|-------------|-------|-------|-------|-------|--------|-----------
POST     /api/book                                                                       4726     0(0.00%) |    882      91    6935    330 |    1.90        0.00
GET      /api/concerts                                                                    938     0(0.00%) |     29       1    1205      3 |    0.50        0.00
GET      /health                                                                          463     0(0.00%) |     17       2     885      3 |    0.00        0.00
--------|----------------------------------------------------------------------------|-------|-------------|-------|-------|-------|-------|--------|-----------
         Aggregated                                                                      6127     0(0.00%) |    686       1    6935    220 |    2.40        0.00

Type     Name                                                                          # reqs      # fails |    Avg     Min     Max    Med |   req/s  failures/s
--------|----------------------------------------------------------------------------|-------|-------------|-------|-------|-------|-------|--------|-----------
POST     /api/book                                                                       4729     0(0.00%) |    882      91    6935    330 |    2.10        0.00
GET      /api/concerts                                                                    938     0(0.00%) |     29       1    1205      3 |    0.50        0.00
GET      /health                                                                          463     0(0.00%) |     17       2     885      3 |    0.00        0.00
--------|----------------------------------------------------------------------------|-------|-------------|-------|-------|-------|-------|--------|-----------
         Aggregated                                                                      6130     0(0.00%) |    686       1    6935    220 |    2.60        0.00

Type     Name                                                                          # reqs      # fails |    Avg     Min     Max    Med |   req/s  failures/s
--------|----------------------------------------------------------------------------|-------|-------------|-------|-------|-------|-------|--------|-----------
POST     /api/book                                                                       4735     0(0.00%) |    881      91    6935    330 |    2.10        0.00
GET      /api/concerts                                                                    938     0(0.00%) |     29       1    1205      3 |    0.10        0.00
GET      /health                                                                          464     0(0.00%) |     17       2     885      3 |    0.00        0.00
--------|----------------------------------------------------------------------------|-------|-------------|-------|-------|-------|-------|--------|-----------
         Aggregated                                                                      6137     0(0.00%) |    685       1    6935    210 |    2.20        0.00

Type     Name                                                                          # reqs      # fails |    Avg     Min     Max    Med |   req/s  failures/s
--------|----------------------------------------------------------------------------|-------|-------------|-------|-------|-------|-------|--------|-----------
POST     /api/book                                                                       4737     0(0.00%) |    881      91    6935    330 |    2.20        0.00
GET      /api/concerts                                                                    939     0(0.00%) |     29       1    1205      3 |    0.10        0.00
GET      /health                                                                          464     0(0.00%) |     17       2     885      3 |    0.00        0.00
--------|----------------------------------------------------------------------------|-------|-------------|-------|-------|-------|-------|--------|-----------
         Aggregated                                                                      6140     0(0.00%) |    685       1    6935    210 |    2.30        0.00

Type     Name                                                                          # reqs      # fails |    Avg     Min     Max    Med |   req/s  failures/s
--------|----------------------------------------------------------------------------|-------|-------------|-------|-------|-------|-------|--------|-----------
POST     /api/book                                                                       4740     0(0.00%) |    880      91    6935    330 |    2.20        0.00
GET      /api/concerts                                                                    940     0(0.00%) |     29       1    1205      3 |    0.10        0.00
GET      /health                                                                          464     0(0.00%) |     17       2     885      3 |    0.10        0.00
--------|----------------------------------------------------------------------------|-------|-------------|-------|-------|-------|-------|--------|-----------
         Aggregated                                                                      6144     0(0.00%) |    685       1    6935    210 |    2.40        0.00

Type     Name                                                                          # reqs      # fails |    Avg     Min     Max    Med |   req/s  failures/s
--------|----------------------------------------------------------------------------|-------|-------------|-------|-------|-------|-------|--------|-----------
POST     /api/book                                                                       4744     0(0.00%) |    879      91    6935    330 |    2.00        0.00
GET      /api/concerts                                                                    940     0(0.00%) |     29       1    1205      3 |    0.20        0.00
GET      /health                                                                          464     0(0.00%) |     17       2     885      3 |    0.10        0.00
--------|----------------------------------------------------------------------------|-------|-------------|-------|-------|-------|-------|--------|-----------
         Aggregated                                                                      6148     0(0.00%) |    684       1    6935    210 |    2.30        0.00

Type     Name                                                                          # reqs      # fails |    Avg     Min     Max    Med |   req/s  failures/s
--------|----------------------------------------------------------------------------|-------|-------------|-------|-------|-------|-------|--------|-----------
POST     /api/book                                                                       4747     0(0.00%) |    879      91    6935    330 |    2.00        0.00
GET      /api/concerts                                                                    941     0(0.00%) |     29       1    1205      3 |    0.20        0.00
GET      /health                                                                          464     0(0.00%) |     17       2     885      3 |    0.10        0.00
--------|----------------------------------------------------------------------------|-------|-------------|-------|-------|-------|-------|--------|-----------
         Aggregated                                                                      6152     0(0.00%) |    684       1    6935    210 |    2.30        0.00

Type     Name                                                                          # reqs      # fails |    Avg     Min     Max    Med |   req/s  failures/s
--------|----------------------------------------------------------------------------|-------|-------------|-------|-------|-------|-------|--------|-----------
POST     /api/book                                                                       4752     0(0.00%) |    878      91    6935    330 |    1.90        0.00
GET      /api/concerts                                                                    941     0(0.00%) |     29       1    1205      3 |    0.30        0.00
GET      /health                                                                          464     0(0.00%) |     17       2     885      3 |    0.10        0.00
--------|----------------------------------------------------------------------------|-------|-------------|-------|-------|-------|-------|--------|-----------
         Aggregated                                                                      6157     0(0.00%) |    684       1    6935    210 |    2.30        0.00

Type     Name                                                                          # reqs      # fails |    Avg     Min     Max    Med |   req/s  failures/s
--------|----------------------------------------------------------------------------|-------|-------------|-------|-------|-------|-------|--------|-----------
POST     /api/book                                                                       4757     0(0.00%) |    877      91    6935    330 |    1.70        0.00
GET      /api/concerts                                                                    941     0(0.00%) |     29       1    1205      3 |    0.30        0.00
GET      /health                                                                          464     0(0.00%) |     17       2     885      3 |    0.10        0.00
--------|----------------------------------------------------------------------------|-------|-------------|-------|-------|-------|-------|--------|-----------
         Aggregated                                                                      6162     0(0.00%) |    683       1    6935    210 |    2.10        0.00

Type     Name                                                                          # reqs      # fails |    Avg     Min     Max    Med |   req/s  failures/s
--------|----------------------------------------------------------------------------|-------|-------------|-------|-------|-------|-------|--------|-----------
POST     /api/book                                                                       4760     0(0.00%) |    877      91    6935    330 |    1.80        0.00
GET      /api/concerts                                                                    942     0(0.00%) |     29       1    1205      3 |    0.30        0.00
GET      /health                                                                          465     0(0.00%) |     17       2     885      3 |    0.00        0.00
--------|----------------------------------------------------------------------------|-------|-------------|-------|-------|-------|-------|--------|-----------
         Aggregated                                                                      6167     0(0.00%) |    683       1    6935    210 |    2.10        0.00

Type     Name                                                                          # reqs      # fails |    Avg     Min     Max    Med |   req/s  failures/s
--------|----------------------------------------------------------------------------|-------|-------------|-------|-------|-------|-------|--------|-----------
POST     /api/book                                                                       4761     0(0.00%) |    877      91    6935    330 |    2.00        0.00
GET      /api/concerts                                                                    944     0(0.00%) |     29       1    1205      3 |    0.10        0.00
GET      /health                                                                          465     0(0.00%) |     17       2     885      3 |    0.10        0.00
--------|----------------------------------------------------------------------------|-------|-------------|-------|-------|-------|-------|--------|-----------
         Aggregated                                                                      6170     0(0.00%) |    682       1    6935    210 |    2.20        0.00

Type     Name                                                                          # reqs      # fails |    Avg     Min     Max    Med |   req/s  failures/s
--------|----------------------------------------------------------------------------|-------|-------------|-------|-------|-------|-------|--------|-----------
POST     /api/book                                                                       4764     0(0.00%) |    876      91    6935    330 |    1.80        0.00
GET      /api/concerts                                                                    944     0(0.00%) |     29       1    1205      3 |    0.30        0.00
GET      /health                                                                          466     0(0.00%) |     17       2     885      3 |    0.10        0.00
--------|----------------------------------------------------------------------------|-------|-------------|-------|-------|-------|-------|--------|-----------
         Aggregated                                                                      6174     0(0.00%) |    682       1    6935    210 |    2.20        0.00

Type     Name                                                                          # reqs      # fails |    Avg     Min     Max    Med |   req/s  failures/s
--------|----------------------------------------------------------------------------|-------|-------------|-------|-------|-------|-------|--------|-----------
POST     /api/book                                                                       4769     0(0.00%) |    876      91    6935    330 |    1.70        0.00
GET      /api/concerts                                                                    945     0(0.00%) |     29       1    1205      3 |    0.30        0.00
GET      /health                                                                          466     0(0.00%) |     17       2     885      3 |    0.20        0.00
--------|----------------------------------------------------------------------------|-------|-------------|-------|-------|-------|-------|--------|-----------
         Aggregated                                                                      6180     0(0.00%) |    681       1    6935    210 |    2.20        0.00

Type     Name                                                                          # reqs      # fails |    Avg     Min     Max    Med |   req/s  failures/s
--------|----------------------------------------------------------------------------|-------|-------------|-------|-------|-------|-------|--------|-----------
POST     /api/book                                                                       4774     0(0.00%) |    875      91    6935    330 |    1.80        0.00
GET      /api/concerts                                                                    945     0(0.00%) |     29       1    1205      3 |    0.40        0.00
GET      /health                                                                          466     0(0.00%) |     17       2     885      3 |    0.20        0.00
--------|----------------------------------------------------------------------------|-------|-------------|-------|-------|-------|-------|--------|-----------
         Aggregated                                                                      6185     0(0.00%) |    681       1    6935    210 |    2.40        0.00

Type     Name                                                                          # reqs      # fails |    Avg     Min     Max    Med |   req/s  failures/s
--------|----------------------------------------------------------------------------|-------|-------------|-------|-------|-------|-------|--------|-----------
POST     /api/book                                                                       4777     0(0.00%) |    874      91    6935    330 |    1.60        0.00
GET      /api/concerts                                                                    945     0(0.00%) |     29       1    1205      3 |    0.40        0.00
GET      /health                                                                          467     0(0.00%) |     17       2     885      3 |    0.20        0.00
--------|----------------------------------------------------------------------------|-------|-------------|-------|-------|-------|-------|--------|-----------
         Aggregated                                                                      6189     0(0.00%) |    681       1    6935    210 |    2.20        0.00

Type     Name                                                                          # reqs      # fails |    Avg     Min     Max    Med |   req/s  failures/s
--------|----------------------------------------------------------------------------|-------|-------------|-------|-------|-------|-------|--------|-----------
POST     /api/book                                                                       4780     0(0.00%) |    874      91    6935    330 |    1.80        0.00
GET      /api/concerts                                                                    945     0(0.00%) |     29       1    1205      3 |    0.40        0.00
GET      /health                                                                          467     0(0.00%) |     17       2     885      3 |    0.20        0.00
--------|----------------------------------------------------------------------------|-------|-------------|-------|-------|-------|-------|--------|-----------
         Aggregated                                                                      6192     0(0.00%) |    680       1    6935    210 |    2.40        0.00

Type     Name                                                                          # reqs      # fails |    Avg     Min     Max    Med |   req/s  failures/s
--------|----------------------------------------------------------------------------|-------|-------------|-------|-------|-------|-------|--------|-----------
POST     /api/book                                                                       4785     0(0.00%) |    874      91    6935    330 |    1.90        0.00
GET      /api/concerts                                                                    945     0(0.00%) |     29       1    1205      3 |    0.20        0.00
GET      /health                                                                          467     0(0.00%) |     17       2     885      3 |    0.20        0.00
--------|----------------------------------------------------------------------------|-------|-------------|-------|-------|-------|-------|--------|-----------
         Aggregated                                                                      6197     0(0.00%) |    680       1    6935    210 |    2.30        0.00

Type     Name                                                                          # reqs      # fails |    Avg     Min     Max    Med |   req/s  failures/s
--------|----------------------------------------------------------------------------|-------|-------------|-------|-------|-------|-------|--------|-----------
POST     /api/book                                                                       4787     0(0.00%) |    873      91    6935    330 |    2.00        0.00
GET      /api/concerts                                                                    946     0(0.00%) |     29       1    1205      3 |    0.10        0.00
GET      /health                                                                          468     0(0.00%) |     17       2     885      3 |    0.10        0.00
--------|----------------------------------------------------------------------------|-------|-------------|-------|-------|-------|-------|--------|-----------
         Aggregated                                                                      6201     0(0.00%) |    680       1    6935    210 |    2.20        0.00

Type     Name                                                                          # reqs      # fails |    Avg     Min     Max    Med |   req/s  failures/s
--------|----------------------------------------------------------------------------|-------|-------------|-------|-------|-------|-------|--------|-----------
POST     /api/book                                                                       4791     0(0.00%) |    873      91    6935    330 |    1.80        0.00
GET      /api/concerts                                                                    947     0(0.00%) |     29       1    1205      3 |    0.10        0.00
GET      /health                                                                          468     0(0.00%) |     17       2     885      3 |    0.10        0.00
--------|----------------------------------------------------------------------------|-------|-------------|-------|-------|-------|-------|--------|-----------
         Aggregated                                                                      6206     0(0.00%) |    679       1    6935    210 |    2.00        0.00

Type     Name                                                                          # reqs      # fails |    Avg     Min     Max    Med |   req/s  failures/s
--------|----------------------------------------------------------------------------|-------|-------------|-------|-------|-------|-------|--------|-----------
POST     /api/book                                                                       4794     0(0.00%) |    872      91    6935    330 |    1.90        0.00
GET      /api/concerts                                                                    948     0(0.00%) |     29       1    1205      3 |    0.20        0.00
GET      /health                                                                          468     0(0.00%) |     17       2     885      3 |    0.20        0.00
--------|----------------------------------------------------------------------------|-------|-------------|-------|-------|-------|-------|--------|-----------
         Aggregated                                                                      6210     0(0.00%) |    679       1    6935    210 |    2.30        0.00

Type     Name                                                                          # reqs      # fails |    Avg     Min     Max    Med |   req/s  failures/s
--------|----------------------------------------------------------------------------|-------|-------------|-------|-------|-------|-------|--------|-----------
POST     /api/book                                                                       4797     0(0.00%) |    872      91    6935    330 |    1.70        0.00
GET      /api/concerts                                                                    949     0(0.00%) |     28       1    1205      3 |    0.20        0.00
GET      /health                                                                          469     0(0.00%) |     17       2     885      3 |    0.10        0.00
--------|----------------------------------------------------------------------------|-------|-------------|-------|-------|-------|-------|--------|-----------
         Aggregated                                                                      6215     0(0.00%) |    679       1    6935    210 |    2.00        0.00

Type     Name                                                                          # reqs      # fails |    Avg     Min     Max    Med |   req/s  failures/s
--------|----------------------------------------------------------------------------|-------|-------------|-------|-------|-------|-------|--------|-----------
POST     /api/book                                                                       4801     0(0.00%) |    871      91    6935    330 |    1.70        0.00
GET      /api/concerts                                                                    950     0(0.00%) |     28       1    1205      3 |    0.40        0.00
GET      /health                                                                          469     0(0.00%) |     17       2     885      3 |    0.20        0.00
--------|----------------------------------------------------------------------------|-------|-------------|-------|-------|-------|-------|--------|-----------
         Aggregated                                                                      6220     0(0.00%) |    678       1    6935    210 |    2.30        0.00

Type     Name                                                                          # reqs      # fails |    Avg     Min     Max    Med |   req/s  failures/s
--------|----------------------------------------------------------------------------|-------|-------------|-------|-------|-------|-------|--------|-----------
POST     /api/book                                                                       4805     0(0.00%) |    871      91    6935    320 |    1.70        0.00
GET      /api/concerts                                                                    950     0(0.00%) |     28       1    1205      3 |    0.50        0.00
GET      /health                                                                          469     0(0.00%) |     17       2     885      3 |    0.20        0.00
--------|----------------------------------------------------------------------------|-------|-------------|-------|-------|-------|-------|--------|-----------
         Aggregated                                                                      6224     0(0.00%) |    678       1    6935    210 |    2.40        0.00

Type     Name                                                                          # reqs      # fails |    Avg     Min     Max    Med |   req/s  failures/s
--------|----------------------------------------------------------------------------|-------|-------------|-------|-------|-------|-------|--------|-----------
POST     /api/book                                                                       4806     0(0.00%) |    870      91    6935    320 |    1.70        0.00
GET      /api/concerts                                                                    950     0(0.00%) |     28       1    1205      3 |    0.40        0.00
GET      /health                                                                          471     0(0.00%) |     17       2     885      3 |    0.20        0.00
--------|----------------------------------------------------------------------------|-------|-------------|-------|-------|-------|-------|--------|-----------
         Aggregated                                                                      6227     0(0.00%) |    677       1    6935    210 |    2.30        0.00

Type     Name                                                                          # reqs      # fails |    Avg     Min     Max    Med |   req/s  failures/s
--------|----------------------------------------------------------------------------|-------|-------------|-------|-------|-------|-------|--------|-----------
POST     /api/book                                                                       4810     0(0.00%) |    870      91    6935    320 |    1.70        0.00
GET      /api/concerts                                                                    950     0(0.00%) |     28       1    1205      3 |    0.30        0.00
GET      /health                                                                          471     0(0.00%) |     17       2     885      3 |    0.10        0.00
--------|----------------------------------------------------------------------------|-------|-------------|-------|-------|-------|-------|--------|-----------
         Aggregated                                                                      6231     0(0.00%) |    677       1    6935    210 |    2.10        0.00

Type     Name                                                                          # reqs      # fails |    Avg     Min     Max    Med |   req/s  failures/s
--------|----------------------------------------------------------------------------|-------|-------------|-------|-------|-------|-------|--------|-----------
POST     /api/book                                                                       4815     0(0.00%) |    869      91    6935    320 |    1.60        0.00
GET      /api/concerts                                                                    950     0(0.00%) |     28       1    1205      3 |    0.30        0.00
GET      /health                                                                          471     0(0.00%) |     17       2     885      3 |    0.30        0.00
--------|----------------------------------------------------------------------------|-------|-------------|-------|-------|-------|-------|--------|-----------
         Aggregated                                                                      6236     0(0.00%) |    677       1    6935    210 |    2.20        0.00

Type     Name                                                                          # reqs      # fails |    Avg     Min     Max    Med |   req/s  failures/s
--------|----------------------------------------------------------------------------|-------|-------------|-------|-------|-------|-------|--------|-----------
POST     /api/book                                                                       4817     0(0.00%) |    869      91    6935    320 |    1.60        0.00
GET      /api/concerts                                                                    952     0(0.00%) |     28       1    1205      3 |    0.20        0.00
GET      /health                                                                          471     0(0.00%) |     17       2     885      3 |    0.30        0.00
--------|----------------------------------------------------------------------------|-------|-------------|-------|-------|-------|-------|--------|-----------
         Aggregated                                                                      6240     0(0.00%) |    676       1    6935    210 |    2.10        0.00

Type     Name                                                                          # reqs      # fails |    Avg     Min     Max    Med |   req/s  failures/s
--------|----------------------------------------------------------------------------|-------|-------------|-------|-------|-------|-------|--------|-----------
POST     /api/book                                                                       4820     0(0.00%) |    868      91    6935    320 |    1.70        0.00
GET      /api/concerts                                                                    954     0(0.00%) |     28       1    1205      3 |    0.20        0.00
GET      /health                                                                          472     0(0.00%) |     17       2     885      3 |    0.20        0.00
--------|----------------------------------------------------------------------------|-------|-------------|-------|-------|-------|-------|--------|-----------
         Aggregated                                                                      6246     0(0.00%) |    676       1    6935    210 |    2.10        0.00

Type     Name                                                                          # reqs      # fails |    Avg     Min     Max    Med |   req/s  failures/s
--------|----------------------------------------------------------------------------|-------|-------------|-------|-------|-------|-------|--------|-----------
POST     /api/book                                                                       4823     0(0.00%) |    868      91    6935    320 |    1.70        0.00
GET      /api/concerts                                                                    955     0(0.00%) |     28       1    1205      3 |    0.20        0.00
GET      /health                                                                          473     0(0.00%) |     17       2     885      3 |    0.30        0.00
--------|----------------------------------------------------------------------------|-------|-------------|-------|-------|-------|-------|--------|-----------
         Aggregated                                                                      6251     0(0.00%) |    675       1    6935    210 |    2.20        0.00

Type     Name                                                                          # reqs      # fails |    Avg     Min     Max    Med |   req/s  failures/s
--------|----------------------------------------------------------------------------|-------|-------------|-------|-------|-------|-------|--------|-----------
POST     /api/book                                                                       4827     0(0.00%) |    867      91    6935    320 |    1.60        0.00
GET      /api/concerts                                                                    955     0(0.00%) |     28       1    1205      3 |    0.40        0.00
GET      /health                                                                          474     0(0.00%) |     17       2     885      3 |    0.30        0.00
--------|----------------------------------------------------------------------------|-------|-------------|-------|-------|-------|-------|--------|-----------
         Aggregated                                                                      6256     0(0.00%) |    675       1    6935    200 |    2.30        0.00

Type     Name                                                                          # reqs      # fails |    Avg     Min     Max    Med |   req/s  failures/s
--------|----------------------------------------------------------------------------|-------|-------------|-------|-------|-------|-------|--------|-----------
POST     /api/book                                                                       4830     0(0.00%) |    867      91    6935    320 |    1.50        0.00
GET      /api/concerts                                                                    956     0(0.00%) |     28       1    1205      3 |    0.50        0.00
GET      /health                                                                          474     0(0.00%) |     17       2     885      3 |    0.20        0.00
--------|----------------------------------------------------------------------------|-------|-------------|-------|-------|-------|-------|--------|-----------
         Aggregated                                                                      6260     0(0.00%) |    674       1    6935    200 |    2.20        0.00

Type     Name                                                                          # reqs      # fails |    Avg     Min     Max    Med |   req/s  failures/s
--------|----------------------------------------------------------------------------|-------|-------------|-------|-------|-------|-------|--------|-----------
POST     /api/book                                                                       4834     0(0.00%) |    866      91    6935    320 |    1.50        0.00
GET      /api/concerts                                                                    957     0(0.00%) |     28       1    1205      3 |    0.60        0.00
GET      /health                                                                          474     0(0.00%) |     17       2     885      3 |    0.30        0.00
--------|----------------------------------------------------------------------------|-------|-------------|-------|-------|-------|-------|--------|-----------
         Aggregated                                                                      6265     0(0.00%) |    674       1    6935    200 |    2.40        0.00

Type     Name                                                                          # reqs      # fails |    Avg     Min     Max    Med |   req/s  failures/s
--------|----------------------------------------------------------------------------|-------|-------------|-------|-------|-------|-------|--------|-----------
POST     /api/book                                                                       4838     0(0.00%) |    866      91    6935    320 |    1.70        0.00
GET      /api/concerts                                                                    959     0(0.00%) |     28       1    1205      3 |    0.40        0.00
GET      /health                                                                          475     0(0.00%) |     17       2     885      3 |    0.30        0.00
--------|----------------------------------------------------------------------------|-------|-------------|-------|-------|-------|-------|--------|-----------
         Aggregated                                                                      6272     0(0.00%) |    673       1    6935    200 |    2.40        0.00

Type     Name                                                                          # reqs      # fails |    Avg     Min     Max    Med |   req/s  failures/s
--------|----------------------------------------------------------------------------|-------|-------------|-------|-------|-------|-------|--------|-----------
POST     /api/book                                                                       4840     0(0.00%) |    865      91    6935    320 |    1.60        0.00
GET      /api/concerts                                                                    960     0(0.00%) |     28       1    1205      3 |    0.60        0.00
GET      /health                                                                          475     0(0.00%) |     17       2     885      3 |    0.20        0.00
--------|----------------------------------------------------------------------------|-------|-------------|-------|-------|-------|-------|--------|-----------
         Aggregated                                                                      6275     0(0.00%) |    673       1    6935    200 |    2.40        0.00

Type     Name                                                                          # reqs      # fails |    Avg     Min     Max    Med |   req/s  failures/s
--------|----------------------------------------------------------------------------|-------|-------------|-------|-------|-------|-------|--------|-----------
POST     /api/book                                                                       4845     0(0.00%) |    865      91    6935    320 |    1.60        0.00
GET      /api/concerts                                                                    960     0(0.00%) |     28       1    1205      3 |    0.50        0.00
GET      /health                                                                          475     0(0.00%) |     17       2     885      3 |    0.30        0.00
--------|----------------------------------------------------------------------------|-------|-------------|-------|-------|-------|-------|--------|-----------
         Aggregated                                                                      6280     0(0.00%) |    673       1    6935    200 |    2.40        0.00

Type     Name                                                                          # reqs      # fails |    Avg     Min     Max    Med |   req/s  failures/s
--------|----------------------------------------------------------------------------|-------|-------------|-------|-------|-------|-------|--------|-----------
POST     /api/book                                                                       4848     0(0.00%) |    864      91    6935    320 |    1.70        0.00
GET      /api/concerts                                                                    961     0(0.00%) |     28       1    1205      3 |    0.50        0.00
GET      /health                                                                          475     0(0.00%) |     17       2     885      3 |    0.20        0.00
--------|----------------------------------------------------------------------------|-------|-------------|-------|-------|-------|-------|--------|-----------
         Aggregated                                                                      6284     0(0.00%) |    672       1    6935    200 |    2.40        0.00

Type     Name                                                                          # reqs      # fails |    Avg     Min     Max    Med |   req/s  failures/s
--------|----------------------------------------------------------------------------|-------|-------------|-------|-------|-------|-------|--------|-----------
POST     /api/book                                                                       4852     0(0.00%) |    864      91    6935    320 |    1.80        0.00
GET      /api/concerts                                                                    961     0(0.00%) |     28       1    1205      3 |    0.50        0.00
GET      /health                                                                          475     0(0.00%) |     17       2     885      3 |    0.10        0.00
--------|----------------------------------------------------------------------------|-------|-------------|-------|-------|-------|-------|--------|-----------
         Aggregated                                                                      6288     0(0.00%) |    672       1    6935    200 |    2.40        0.00

Type     Name                                                                          # reqs      # fails |    Avg     Min     Max    Med |   req/s  failures/s
--------|----------------------------------------------------------------------------|-------|-------------|-------|-------|-------|-------|--------|-----------
POST     /api/book                                                                       4855     0(0.00%) |    863      91    6935    320 |    1.80        0.00
GET      /api/concerts                                                                    962     0(0.00%) |     28       1    1205      3 |    0.50        0.00
GET      /health                                                                          475     0(0.00%) |     17       2     885      3 |    0.10        0.00
--------|----------------------------------------------------------------------------|-------|-------------|-------|-------|-------|-------|--------|-----------
         Aggregated                                                                      6292     0(0.00%) |    672       1    6935    200 |    2.40        0.00

Type     Name                                                                          # reqs      # fails |    Avg     Min     Max    Med |   req/s  failures/s
--------|----------------------------------------------------------------------------|-------|-------------|-------|-------|-------|-------|--------|-----------
POST     /api/book                                                                       4858     0(0.00%) |    863      91    6935    320 |    1.90        0.00
GET      /api/concerts                                                                    962     0(0.00%) |     28       1    1205      3 |    0.40        0.00
GET      /health                                                                          477     0(0.00%) |     17       2     885      3 |    0.10        0.00
--------|----------------------------------------------------------------------------|-------|-------------|-------|-------|-------|-------|--------|-----------
         Aggregated                                                                      6297     0(0.00%) |    671       1    6935    200 |    2.40        0.00

Type     Name                                                                          # reqs      # fails |    Avg     Min     Max    Med |   req/s  failures/s
--------|----------------------------------------------------------------------------|-------|-------------|-------|-------|-------|-------|--------|-----------
POST     /api/book                                                                       4861     0(0.00%) |    862      91    6935    320 |    1.80        0.00
GET      /api/concerts                                                                    963     0(0.00%) |     28       1    1205      3 |    0.30        0.00
GET      /health                                                                          478     0(0.00%) |     17       2     885      3 |    0.10        0.00
--------|----------------------------------------------------------------------------|-------|-------------|-------|-------|-------|-------|--------|-----------
         Aggregated                                                                      6302     0(0.00%) |    671       1    6935    200 |    2.20        0.00

Type     Name                                                                          # reqs      # fails |    Avg     Min     Max    Med |   req/s  failures/s
--------|----------------------------------------------------------------------------|-------|-------------|-------|-------|-------|-------|--------|-----------
POST     /api/book                                                                       4864     0(0.00%) |    862      91    6935    320 |    1.70        0.00
GET      /api/concerts                                                                    963     0(0.00%) |     28       1    1205      3 |    0.30        0.00
GET      /health                                                                          479     0(0.00%) |     17       2     885      3 |    0.30        0.00
--------|----------------------------------------------------------------------------|-------|-------------|-------|-------|-------|-------|--------|-----------
         Aggregated                                                                      6306     0(0.00%) |    670       1    6935    200 |    2.30        0.00

Type     Name                                                                          # reqs      # fails |    Avg     Min     Max    Med |   req/s  failures/s
--------|----------------------------------------------------------------------------|-------|-------------|-------|-------|-------|-------|--------|-----------
POST     /api/book                                                                       4869     0(0.00%) |    861      91    6935    320 |    1.70        0.00
GET      /api/concerts                                                                    963     0(0.00%) |     28       1    1205      3 |    0.20        0.00
GET      /health                                                                          479     0(0.00%) |     17       2     885      3 |    0.30        0.00
--------|----------------------------------------------------------------------------|-------|-------------|-------|-------|-------|-------|--------|-----------
         Aggregated                                                                      6311     0(0.00%) |    670       1    6935    200 |    2.20        0.00

Type     Name                                                                          # reqs      # fails |    Avg     Min     Max    Med |   req/s  failures/s
--------|----------------------------------------------------------------------------|-------|-------------|-------|-------|-------|-------|--------|-----------
POST     /api/book                                                                       4872     0(0.00%) |    861      91    6935    320 |    1.60        0.00
GET      /api/concerts                                                                    963     0(0.00%) |     28       1    1205      3 |    0.20        0.00
GET      /health                                                                          480     0(0.00%) |     17       2     885      3 |    0.40        0.00
--------|----------------------------------------------------------------------------|-------|-------------|-------|-------|-------|-------|--------|-----------
         Aggregated                                                                      6315     0(0.00%) |    669       1    6935    200 |    2.20        0.00

Type     Name                                                                          # reqs      # fails |    Avg     Min     Max    Med |   req/s  failures/s
--------|----------------------------------------------------------------------------|-------|-------------|-------|-------|-------|-------|--------|-----------
POST     /api/book                                                                       4875     0(0.00%) |    860      91    6935    320 |    1.60        0.00
GET      /api/concerts                                                                    963     0(0.00%) |     28       1    1205      3 |    0.10        0.00
GET      /health                                                                          481     0(0.00%) |     17       2     885      3 |    0.40        0.00
--------|----------------------------------------------------------------------------|-------|-------------|-------|-------|-------|-------|--------|-----------
         Aggregated                                                                      6319     0(0.00%) |    669       1    6935    200 |    2.10        0.00

Type     Name                                                                          # reqs      # fails |    Avg     Min     Max    Med |   req/s  failures/s
--------|----------------------------------------------------------------------------|-------|-------------|-------|-------|-------|-------|--------|-----------
POST     /api/book                                                                       4879     0(0.00%) |    859      91    6935    320 |    1.70        0.00
GET      /api/concerts                                                                    963     0(0.00%) |     28       1    1205      3 |    0.10        0.00
GET      /health                                                                          481     0(0.00%) |     17       2     885      3 |    0.40        0.00
--------|----------------------------------------------------------------------------|-------|-------------|-------|-------|-------|-------|--------|-----------
         Aggregated                                                                      6323     0(0.00%) |    669       1    6935    200 |    2.20        0.00

Type     Name                                                                          # reqs      # fails |    Avg     Min     Max    Med |   req/s  failures/s
--------|----------------------------------------------------------------------------|-------|-------------|-------|-------|-------|-------|--------|-----------
POST     /api/book                                                                       4883     0(0.00%) |    859      91    6935    320 |    2.00        0.00
GET      /api/concerts                                                                    963     0(0.00%) |     28       1    1205      3 |    0.00        0.00
GET      /health                                                                          481     0(0.00%) |     17       2     885      3 |    0.30        0.00
--------|----------------------------------------------------------------------------|-------|-------------|-------|-------|-------|-------|--------|-----------
         Aggregated                                                                      6327     0(0.00%) |    668       1    6935    200 |    2.30        0.00

Type     Name                                                                          # reqs      # fails |    Avg     Min     Max    Med |   req/s  failures/s
--------|----------------------------------------------------------------------------|-------|-------------|-------|-------|-------|-------|--------|-----------
POST     /api/book                                                                       4888     0(0.00%) |    858      91    6935    320 |    1.90        0.00
GET      /api/concerts                                                                    963     0(0.00%) |     28       1    1205      3 |    0.00        0.00
GET      /health                                                                          481     0(0.00%) |     17       2     885      3 |    0.30        0.00
--------|----------------------------------------------------------------------------|-------|-------------|-------|-------|-------|-------|--------|-----------
         Aggregated                                                                      6332     0(0.00%) |    668       1    6935    200 |    2.20        0.00

Type     Name                                                                          # reqs      # fails |    Avg     Min     Max    Med |   req/s  failures/s
--------|----------------------------------------------------------------------------|-------|-------------|-------|-------|-------|-------|--------|-----------
POST     /api/book                                                                       4890     0(0.00%) |    858      91    6935    320 |    1.90        0.00
GET      /api/concerts                                                                    965     0(0.00%) |     28       1    1205      3 |    0.00        0.00
GET      /health                                                                          482     0(0.00%) |     17       2     885      3 |    0.20        0.00
--------|----------------------------------------------------------------------------|-------|-------------|-------|-------|-------|-------|--------|-----------
         Aggregated                                                                      6337     0(0.00%) |    668       1    6935    200 |    2.10        0.00

Type     Name                                                                          # reqs      # fails |    Avg     Min     Max    Med |   req/s  failures/s
--------|----------------------------------------------------------------------------|-------|-------------|-------|-------|-------|-------|--------|-----------
POST     /api/book                                                                       4894     0(0.00%) |    857      91    6935    320 |    1.80        0.00
GET      /api/concerts                                                                    966     0(0.00%) |     28       1    1205      3 |    0.10        0.00
GET      /health                                                                          483     0(0.00%) |     17       2     885      3 |    0.20        0.00
--------|----------------------------------------------------------------------------|-------|-------------|-------|-------|-------|-------|--------|-----------
         Aggregated                                                                      6343     0(0.00%) |    667       1    6935    200 |    2.10        0.00

Type     Name                                                                          # reqs      # fails |    Avg     Min     Max    Med |   req/s  failures/s
--------|----------------------------------------------------------------------------|-------|-------------|-------|-------|-------|-------|--------|-----------
POST     /api/book                                                                       4897     0(0.00%) |    857      91    6935    320 |    2.00        0.00
GET      /api/concerts                                                                    967     0(0.00%) |     28       1    1205      3 |    0.20        0.00
GET      /health                                                                          483     0(0.00%) |     17       2     885      3 |    0.10        0.00
--------|----------------------------------------------------------------------------|-------|-------------|-------|-------|-------|-------|--------|-----------
         Aggregated                                                                      6347     0(0.00%) |    667       1    6935    200 |    2.30        0.00

Type     Name                                                                          # reqs      # fails |    Avg     Min     Max    Med |   req/s  failures/s
--------|----------------------------------------------------------------------------|-------|-------------|-------|-------|-------|-------|--------|-----------
POST     /api/book                                                                       4899     0(0.00%) |    857      91    6935    320 |    1.60        0.00
GET      /api/concerts                                                                    969     0(0.00%) |     28       1    1205      3 |    0.30        0.00
GET      /health                                                                          484     0(0.00%) |     17       2     885      3 |    0.20        0.00
--------|----------------------------------------------------------------------------|-------|-------------|-------|-------|-------|-------|--------|-----------
         Aggregated                                                                      6352     0(0.00%) |    666       1    6935    200 |    2.10        0.00

Type     Name                                                                          # reqs      # fails |    Avg     Min     Max    Med |   req/s  failures/s
--------|----------------------------------------------------------------------------|-------|-------------|-------|-------|-------|-------|--------|-----------
POST     /api/book                                                                       4906     0(0.00%) |    856      91    6935    320 |    1.60        0.00
GET      /api/concerts                                                                    969     0(0.00%) |     28       1    1205      3 |    0.40        0.00
GET      /health                                                                          484     0(0.00%) |     17       2     885      3 |    0.30        0.00
--------|----------------------------------------------------------------------------|-------|-------------|-------|-------|-------|-------|--------|-----------
         Aggregated                                                                      6359     0(0.00%) |    666       1    6935    200 |    2.30        0.00

Type     Name                                                                          # reqs      # fails |    Avg     Min     Max    Med |   req/s  failures/s
--------|----------------------------------------------------------------------------|-------|-------------|-------|-------|-------|-------|--------|-----------
POST     /api/book                                                                       4907     0(0.00%) |    855      91    6935    320 |    1.80        0.00
GET      /api/concerts                                                                    971     0(0.00%) |     28       1    1205      3 |    0.60        0.00
GET      /health                                                                          484     0(0.00%) |     17       2     885      3 |    0.30        0.00
--------|----------------------------------------------------------------------------|-------|-------------|-------|-------|-------|-------|--------|-----------
         Aggregated                                                                      6362     0(0.00%) |    665       1    6935    200 |    2.70        0.00

Type     Name                                                                          # reqs      # fails |    Avg     Min     Max    Med |   req/s  failures/s
--------|----------------------------------------------------------------------------|-------|-------------|-------|-------|-------|-------|--------|-----------
POST     /api/book                                                                       4911     0(0.00%) |    855      91    6935    320 |    1.80        0.00
GET      /api/concerts                                                                    971     0(0.00%) |     28       1    1205      3 |    0.60        0.00
GET      /health                                                                          484     0(0.00%) |     17       2     885      3 |    0.30        0.00
--------|----------------------------------------------------------------------------|-------|-------------|-------|-------|-------|-------|--------|-----------
         Aggregated                                                                      6366     0(0.00%) |    665       1    6935    200 |    2.70        0.00

Type     Name                                                                          # reqs      # fails |    Avg     Min     Max    Med |   req/s  failures/s
--------|----------------------------------------------------------------------------|-------|-------------|-------|-------|-------|-------|--------|-----------
POST     /api/book                                                                       4915     0(0.00%) |    854      91    6935    310 |    1.70        0.00
GET      /api/concerts                                                                    973     0(0.00%) |     28       1    1205      3 |    0.60        0.00
GET      /health                                                                          484     0(0.00%) |     17       2     885      3 |    0.10        0.00
--------|----------------------------------------------------------------------------|-------|-------------|-------|-------|-------|-------|--------|-----------
         Aggregated                                                                      6372     0(0.00%) |    664       1    6935    200 |    2.40        0.00

Type     Name                                                                          # reqs      # fails |    Avg     Min     Max    Med |   req/s  failures/s
--------|----------------------------------------------------------------------------|-------|-------------|-------|-------|-------|-------|--------|-----------
POST     /api/book                                                                       4921     0(0.00%) |    853      91    6935    310 |    1.70        0.00
GET      /api/concerts                                                                    973     0(0.00%) |     28       1    1205      3 |    0.60        0.00
GET      /health                                                                          484     0(0.00%) |     17       2     885      3 |    0.10        0.00
--------|----------------------------------------------------------------------------|-------|-------------|-------|-------|-------|-------|--------|-----------
         Aggregated                                                                      6378     0(0.00%) |    664       1    6935    200 |    2.40        0.00

Type     Name                                                                          # reqs      # fails |    Avg     Min     Max    Med |   req/s  failures/s
--------|----------------------------------------------------------------------------|-------|-------------|-------|-------|-------|-------|--------|-----------
POST     /api/book                                                                       4922     0(0.00%) |    853      91    6935    310 |    2.00        0.00
GET      /api/concerts                                                                    974     0(0.00%) |     28       1    1205      3 |    0.60        0.00
GET      /health                                                                          484     0(0.00%) |     17       2     885      3 |    0.00        0.00
--------|----------------------------------------------------------------------------|-------|-------------|-------|-------|-------|-------|--------|-----------
         Aggregated                                                                      6380     0(0.00%) |    664       1    6935    200 |    2.60        0.00

Type     Name                                                                          # reqs      # fails |    Avg     Min     Max    Med |   req/s  failures/s
--------|----------------------------------------------------------------------------|-------|-------------|-------|-------|-------|-------|--------|-----------
POST     /api/book                                                                       4927     0(0.00%) |    853      91    6935    310 |    1.60        0.00
GET      /api/concerts                                                                    974     0(0.00%) |     28       1    1205      3 |    0.50        0.00
GET      /health                                                                          484     0(0.00%) |     17       2     885      3 |    0.00        0.00
--------|----------------------------------------------------------------------------|-------|-------------|-------|-------|-------|-------|--------|-----------
         Aggregated                                                                      6385     0(0.00%) |    663       1    6935    200 |    2.10        0.00

Type     Name                                                                          # reqs      # fails |    Avg     Min     Max    Med |   req/s  failures/s
--------|----------------------------------------------------------------------------|-------|-------------|-------|-------|-------|-------|--------|-----------
POST     /api/book                                                                       4931     0(0.00%) |    852      91    6935    310 |    2.00        0.00
GET      /api/concerts                                                                    975     0(0.00%) |     28       1    1205      3 |    0.40        0.00
GET      /health                                                                          484     0(0.00%) |     17       2     885      3 |    0.00        0.00
--------|----------------------------------------------------------------------------|-------|-------------|-------|-------|-------|-------|--------|-----------
         Aggregated                                                                      6390     0(0.00%) |    663       1    6935    190 |    2.40        0.00

Type     Name                                                                          # reqs      # fails |    Avg     Min     Max    Med |   req/s  failures/s
--------|----------------------------------------------------------------------------|-------|-------------|-------|-------|-------|-------|--------|-----------
POST     /api/book                                                                       4934     0(0.00%) |    852      91    6935    310 |    1.90        0.00
GET      /api/concerts                                                                    975     0(0.00%) |     28       1    1205      3 |    0.30        0.00
GET      /health                                                                          484     0(0.00%) |     17       2     885      3 |    0.00        0.00
--------|----------------------------------------------------------------------------|-------|-------------|-------|-------|-------|-------|--------|-----------
         Aggregated                                                                      6393     0(0.00%) |    663       1    6935    190 |    2.20        0.00

Type     Name                                                                          # reqs      # fails |    Avg     Min     Max    Med |   req/s  failures/s
--------|----------------------------------------------------------------------------|-------|-------------|-------|-------|-------|-------|--------|-----------
POST     /api/book                                                                       4938     0(0.00%) |    851      91    6935    310 |    1.70        0.00
GET      /api/concerts                                                                    975     0(0.00%) |     28       1    1205      3 |    0.30        0.00
GET      /health                                                                          484     0(0.00%) |     17       2     885      3 |    0.00        0.00
--------|----------------------------------------------------------------------------|-------|-------------|-------|-------|-------|-------|--------|-----------
         Aggregated                                                                      6397     0(0.00%) |    662       1    6935    190 |    2.00        0.00

Type     Name                                                                          # reqs      # fails |    Avg     Min     Max    Med |   req/s  failures/s
--------|----------------------------------------------------------------------------|-------|-------------|-------|-------|-------|-------|--------|-----------
POST     /api/book                                                                       4941     0(0.00%) |    851      91    6935    310 |    1.80        0.00
GET      /api/concerts                                                                    977     0(0.00%) |     28       1    1205      3 |    0.20        0.00
GET      /health                                                                          484     0(0.00%) |     17       2     885      3 |    0.00        0.00
--------|----------------------------------------------------------------------------|-------|-------------|-------|-------|-------|-------|--------|-----------
         Aggregated                                                                      6402     0(0.00%) |    662       1    6935    190 |    2.00        0.00

Type     Name                                                                          # reqs      # fails |    Avg     Min     Max    Med |   req/s  failures/s
--------|----------------------------------------------------------------------------|-------|-------------|-------|-------|-------|-------|--------|-----------
POST     /api/book                                                                       4945     0(0.00%) |    850      91    6935    310 |    1.90        0.00
GET      /api/concerts                                                                    978     0(0.00%) |     28       1    1205      3 |    0.20        0.00
GET      /health                                                                          484     0(0.00%) |     17       2     885      3 |    0.00        0.00
--------|----------------------------------------------------------------------------|-------|-------------|-------|-------|-------|-------|--------|-----------
         Aggregated                                                                      6407     0(0.00%) |    662       1    6935    190 |    2.10        0.00

Type     Name                                                                          # reqs      # fails |    Avg     Min     Max    Med |   req/s  failures/s
--------|----------------------------------------------------------------------------|-------|-------------|-------|-------|-------|-------|--------|-----------
POST     /api/book                                                                       4950     0(0.00%) |    849      91    6935    310 |    1.90        0.00
GET      /api/concerts                                                                    978     0(0.00%) |     28       1    1205      3 |    0.40        0.00
GET      /health                                                                          484     0(0.00%) |     17       2     885      3 |    0.00        0.00
--------|----------------------------------------------------------------------------|-------|-------------|-------|-------|-------|-------|--------|-----------
         Aggregated                                                                      6412     0(0.00%) |    661       1    6935    190 |    2.30        0.00

Type     Name                                                                          # reqs      # fails |    Avg     Min     Max    Med |   req/s  failures/s
--------|----------------------------------------------------------------------------|-------|-------------|-------|-------|-------|-------|--------|-----------
POST     /api/book                                                                       4952     0(0.00%) |    849      91    6935    310 |    1.90        0.00
GET      /api/concerts                                                                    980     0(0.00%) |     28       1    1205      3 |    0.40        0.00
GET      /health                                                                          484     0(0.00%) |     17       2     885      3 |    0.00        0.00
--------|----------------------------------------------------------------------------|-------|-------------|-------|-------|-------|-------|--------|-----------
         Aggregated                                                                      6416     0(0.00%) |    661       1    6935    190 |    2.30        0.00

Type     Name                                                                          # reqs      # fails |    Avg     Min     Max    Med |   req/s  failures/s
--------|----------------------------------------------------------------------------|-------|-------------|-------|-------|-------|-------|--------|-----------
POST     /api/book                                                                       4955     0(0.00%) |    849      91    6935    310 |    2.00        0.00
GET      /api/concerts                                                                    980     0(0.00%) |     28       1    1205      3 |    0.30        0.00
GET      /health                                                                          485     0(0.00%) |     16       2     885      3 |    0.00        0.00
--------|----------------------------------------------------------------------------|-------|-------------|-------|-------|-------|-------|--------|-----------
         Aggregated                                                                      6420     0(0.00%) |    660       1    6935    190 |    2.30        0.00

[2026-06-06 14:17:43,881] ip-172-31-20-158/INFO/locust.runners: Shape test stopping
[2026-06-06 14:17:43,908] ip-172-31-20-158/INFO/locust.main: Shape test completed, shutting down
[2026-06-06 14:17:43,908] ip-172-31-20-158/INFO/locust.main: Run time limit set to 900 seconds
[2026-06-06 14:17:43,985] ip-172-31-20-158/INFO/locust.main: writing html report to file: report_bursty_run4.html
[2026-06-06 14:17:43,987] ip-172-31-20-158/INFO/locust.main: Shutting down (exit code 0)
Type     Name                                                                          # reqs      # fails |    Avg     Min     Max    Med |   req/s  failures/s
--------|----------------------------------------------------------------------------|-------|-------------|-------|-------|-------|-------|--------|-----------
POST     /api/book                                                                       4959     0(0.00%) |    848      91    6935    310 |    5.51        0.00
GET      /api/concerts                                                                    980     0(0.00%) |     28       1    1205      3 |    1.09        0.00
GET      /health                                                                          485     0(0.00%) |     16       2     885      3 |    0.54        0.00
--------|----------------------------------------------------------------------------|-------|-------------|-------|-------|-------|-------|--------|-----------
         Aggregated                                                                      6424     0(0.00%) |    660       1    6935    190 |    7.14        0.00

Response time percentiles (approximated)
Type     Name                                                                                  50%    66%    75%    80%    90%    95%    98%    99%  99.9% 99.99%   100% # reqs
--------|--------------------------------------------------------------------------------|--------|------|------|------|------|------|------|------|------|------|------|------
POST     /api/book                                                                             310    530    780   1100   2900   4200   5000   5400   6300   6900   6900   4959
GET      /api/concerts                                                                           3      9     24     34     59     79    250    580   1200   1200   1200    980
GET      /health                                                                                 3      5     13     19     48     68     92    200    890    890    890    485
--------|--------------------------------------------------------------------------------|--------|------|------|------|------|------|------|------|------|------|------|------
         Aggregated                                                                            190    380    570    750   2000   3800   4800   5300   6200   6900   6900   6424

