Timestamp,User Count,Type,Name,Requests/s,Failures/s,50%,66%,75%,80%,90%,95%,98%,99%,99.9%,99.99%,100%,Total Request Count,Total Failure Count,Total Median Response Time,Total Average Response Time,Total Min Response Time,Total Max Response Time,Total Average Content Size
1780754563,0,,Aggregated,0.000000,0.000000,N/A,N/A,N/A,N/A,N/A,N/A,N/A,N/A,N/A,N/A,N/A,0,0,0,0.0,0,0,0
1780754564,1,POST,/api/book,0.000000,0.000000,0,0,0,0,0,0,0,0,0,0,0,1,0,228.35608399998364,228.35608399998364,228.35608399998364,228.35608399998364,3373.0
1780754564,1,,Aggregated,0.000000,0.000000,0,0,0,0,0,0,0,0,0,0,0,1,0,228.35608399998364,228.35608399998364,228.35608399998364,228.35608399998364,3373.0
1780754565,2,POST,/api/book,0.000000,0.000000,160,160,160,160,160,160,160,160,160,160,160,2,0,160,193.09903350000468,157.84198300002572,228.35608399998364,3373.5
1780754565,2,,Aggregated,0.000000,0.000000,160,160,160,160,160,160,160,160,160,160,160,2,0,160,193.09903350000468,157.84198300002572,228.35608399998364,3373.5
1780754566,3,POST,/api/book,0.000000,0.000000,160,160,160,160,160,160,160,160,160,160,160,3,0,160,172.40220233334944,131.00854000003892,228.35608399998364,3377.6666666666665
1780754566,3,GET,/health,0.000000,0.000000,0,0,0,0,0,0,0,0,0,0,0,1,0,3.235900999925434,3.235900999925434,3.235900999925434,3.235900999925434,57.0
1780754566,3,,Aggregated,0.000000,0.000000,130,130,160,160,160,160,160,160,160,160,160,4,0,130,130.11062699999343,3.235900999925434,228.35608399998364,2547.5
1780754567,4,POST,/api/book,1.000000,0.000000,140,140,160,160,160,160,160,160,160,160,160,5,0,140,160.14682560000892,131.00854000003892,228.35608399998364,3374.8
1780754567,4,GET,/api/concerts,0.000000,0.000000,0,0,0,0,0,0,0,0,0,0,0,1,0,7.460242999968614,7.460242999968614,7.460242999968614,7.460242999968614,753.0
1780754567,4,GET,/health,0.000000,0.000000,3,3,3,3,3,3,3,3,3,3,3,1,0,3.235900999925434,3.235900999925434,3.235900999925434,3.235900999925434,57.0
1780754567,4,,Aggregated,1.000000,0.000000,140,140,140,140,160,160,160,160,160,160,160,7,0,140,115.91861028570553,3.235900999925434,228.35608399998364,2526.285714285714
1780754568,5,POST,/api/book,1.000000,0.000000,140,140,140,140,160,160,160,160,160,160,160,7,0,140,154.2984978571472,131.00854000003892,228.35608399998364,3373.714285714286
1780754568,5,GET,/api/concerts,0.000000,0.000000,7,7,7,7,7,7,7,7,7,7,7,1,0,7.460242999968614,7.460242999968614,7.460242999968614,7.460242999968614,753.0
1780754568,5,GET,/health,0.000000,0.000000,3,3,3,3,3,3,3,3,3,3,3,1,0,3.235900999925434,3.235900999925434,3.235900999925434,3.235900999925434,57.0
1780754568,5,,Aggregated,1.000000,0.000000,140,140,140,140,160,160,160,160,160,160,160,9,0,140,121.19840322221383,3.235900999925434,228.35608399998364,2714.0
1780754569,5,POST,/api/book,1.000000,0.000000,140,140,140,140,160,160,160,160,160,160,160,9,0,140,150.79214711110782,131.00854000003892,228.35608399998364,3372.777777777778
1780754569,5,GET,/api/concerts,0.000000,0.000000,7,7,7,7,7,7,7,7,7,7,7,1,0,7.460242999968614,7.460242999968614,7.460242999968614,7.460242999968614,753.0
1780754569,5,GET,/health,0.333333,0.000000,3,3,3,3,3,3,3,3,3,3,3,1,0,3.235900999925434,3.235900999925434,3.235900999925434,3.235900999925434,57.0
1780754569,5,,Aggregated,1.333333,0.000000,140,140,140,140,160,160,160,160,160,160,160,11,0,140,124.3477698181695,3.235900999925434,228.35608399998364,2833.181818181818
1780754570,5,POST,/api/book,1.400000,0.000000,140,140,140,140,160,160,160,160,160,160,160,11,0,140,147.47644281818464,122.8909820000581,228.35608399998364,3370.2727272727275
1780754570,5,GET,/api/concerts,0.200000,0.000000,7,7,7,7,7,7,7,7,7,7,7,2,0,3,5.014257999960137,2.5682729999516596,7.460242999968614,753.0
1780754570,5,GET,/health,0.200000,0.000000,3,3,3,3,3,3,3,3,3,3,3,1,0,3.235900999925434,3.235900999925434,3.235900999925434,3.235900999925434,57.0
1780754570,5,,Aggregated,1.800000,0.000000,140,140,140,140,140,160,160,160,160,160,160,14,0,140,116.82180628570548,2.5682729999516596,228.35608399998364,2759.714285714286
1780754571,5,POST,/api/book,1.400000,0.000000,140,140,140,140,140,160,160,160,160,160,160,12,0,140,146.69683391666885,122.8909820000581,228.35608399998364,3373.5833333333335
1780754571,5,GET,/api/concerts,0.200000,0.000000,3,3,7,7,7,7,7,7,7,7,7,3,0,3,4.2482939999596665,2.5682729999516596,7.460242999968614,753.0
1780754571,5,GET,/health,0.200000,0.000000,3,3,3,3,3,3,3,3,3,3,3,1,0,3.235900999925434,3.235900999925434,3.235900999925434,3.235900999925434,57.0
1780754571,5,,Aggregated,1.800000,0.000000,140,140,140,140,140,160,160,160,160,160,160,16,0,140,111.02142437498941,2.5682729999516596,228.35608399998364,2674.9375
1780754572,5,POST,/api/book,1.500000,0.000000,140,140,140,160,230,270,270,270,270,270,270,15,0,140,159.36878186666945,122.8909820000581,266.9942950000177,3373.133333333333
1780754572,5,GET,/api/concerts,0.166667,0.000000,3,3,7,7,7,7,7,7,7,7,7,3,0,3,4.2482939999596665,2.5682729999516596,7.460242999968614,753.0
1780754572,5,GET,/health,0.166667,0.000000,3,3,3,3,3,3,3,3,3,3,3,1,0,3.235900999925434,3.235900999925434,3.235900999925434,3.235900999925434,57.0
1780754572,5,,Aggregated,1.833333,0.000000,140,140,140,140,230,270,270,270,270,270,270,19,0,140,126.65855321051822,2.5682729999516596,266.9942950000177,2784.8947368421054
1780754573,5,POST,/api/book,1.500000,0.000000,140,140,160,160,230,270,270,270,270,270,270,17,0,140,160.018109117653,122.8909820000581,266.9942950000177,3377.176470588235
1780754573,5,GET,/api/concerts,0.375000,0.000000,3,3,7,7,7,7,7,7,7,7,7,3,0,3,4.2482939999596665,2.5682729999516596,7.460242999968614,753.0
1780754573,5,GET,/health,0.125000,0.000000,3,3,3,3,3,3,3,3,3,3,3,1,0,3.235900999925434,3.235900999925434,3.235900999925434,3.235900999925434,57.0
1780754573,5,,Aggregated,2.000000,0.000000,140,140,140,160,230,270,270,270,270,270,270,21,0,140,130.29945895237645,2.5682729999516596,266.9942950000177,2844.190476190476
1780754574,5,POST,/api/book,1.500000,0.000000,140,140,230,270,500,530,530,530,530,530,530,20,0,140,208.68582380001044,122.8909820000581,534.4321129999798,3377.0
1780754574,5,GET,/api/concerts,0.375000,0.000000,3,3,7,7,7,7,7,7,7,7,7,3,0,3,4.2482939999596665,2.5682729999516596,7.460242999968614,753.0
1780754574,5,GET,/health,0.125000,0.000000,3,3,3,3,3,3,3,3,3,3,3,1,0,3.235900999925434,3.235900999925434,3.235900999925434,3.235900999925434,57.0
1780754574,5,,Aggregated,2.000000,0.000000,140,140,190,230,420,500,530,530,530,530,530,24,0,140,174.57071912500055,2.5682729999516596,534.4321129999798,2910.6666666666665
1780754575,5,POST,/api/book,1.500000,0.000000,140,190,230,270,500,530,530,530,530,530,530,20,0,140,208.68582380001044,122.8909820000581,534.4321129999798,3377.0
1780754575,5,GET,/api/concerts,0.300000,0.000000,3,3,7,7,7,7,7,7,7,7,7,3,0,3,4.2482939999596665,2.5682729999516596,7.460242999968614,753.0
1780754575,5,GET,/health,0.100000,0.000000,3,3,3,3,3,3,3,3,3,3,3,2,0,3,3.034555499993985,2.833210000062536,3.235900999925434,57.0
1780754575,5,,Aggregated,1.900000,0.000000,140,140,190,230,420,500,530,530,530,530,530,25,0,140,167.70121876000303,2.5682729999516596,534.4321129999798,2796.52
1780754576,5,POST,/api/book,1.500000,0.000000,140,230,290,300,500,530,530,530,530,530,530,23,0,140,213.0329353478334,122.8909820000581,534.4321129999798,3375.0434782608695
1780754576,5,GET,/api/concerts,0.300000,0.000000,3,3,7,7,7,7,7,7,7,7,7,3,0,3,4.2482939999596665,2.5682729999516596,7.460242999968614,753.0
1780754576,5,GET,/health,0.100000,0.000000,3,3,3,3,3,3,3,3,3,3,3,2,0,3,3.034555499993985,2.833210000062536,3.235900999925434,57.0
1780754576,5,,Aggregated,1.900000,0.000000,140,190,270,290,420,500,530,530,530,530,530,28,0,140,175.66326807142983,2.5682729999516596,534.4321129999798,2857.1071428571427
1780754577,5,POST,/api/book,1.900000,0.000000,140,270,290,300,500,530,530,530,530,530,530,24,0,140,209.1201165000077,119.12528300001668,534.4321129999798,3375.4583333333335
1780754577,5,GET,/api/concerts,0.300000,0.000000,3,3,7,7,7,7,7,7,7,7,7,3,0,3,4.2482939999596665,2.5682729999516596,7.460242999968614,753.0
1780754577,5,GET,/health,0.100000,0.000000,3,3,3,3,3,3,3,3,3,3,3,2,0,3,3.034555499993985,2.833210000062536,3.235900999925434,57.0
1780754577,5,,Aggregated,2.300000,0.000000,140,230,290,300,500,530,530,530,530,530,530,29,0,140,173.71368237931213,2.5682729999516596,534.4321129999798,2875.310344827586
1780754578,5,POST,/api/book,2.000000,0.000000,140,230,290,300,500,530,530,530,530,530,530,27,0,140,200.7967144444491,119.12528300001668,534.4321129999798,3376.3703703703704
1780754578,5,GET,/api/concerts,0.300000,0.000000,3,3,3,3,3,3,3,3,3,3,3,4,0,3,3.8919917499526946,2.5682729999516596,7.460242999968614,753.0
1780754578,5,GET,/health,0.100000,0.000000,3,3,3,3,3,3,3,3,3,3,3,2,0,3,3.034555499993985,2.833210000062536,3.235900999925434,57.0
1780754578,5,,Aggregated,2.400000,0.000000,140,190,270,290,420,500,530,530,530,530,530,33,0,140,164.94388993939165,2.5682729999516596,534.4321129999798,2857.212121212121
1780754579,5,POST,/api/book,2.000000,0.000000,140,230,290,300,500,530,530,530,530,530,530,28,0,140,198.58413003571837,119.12528300001668,534.4321129999798,3377.285714285714
1780754579,5,GET,/api/concerts,0.200000,0.000000,3,3,3,3,3,3,3,3,3,3,3,5,0,3,3.6226597999529986,2.5453319999542146,7.460242999968614,753.0
1780754579,5,GET,/health,0.100000,0.000000,3,3,3,3,3,3,3,3,3,3,3,2,0,3,3.034555499993985,2.833210000062536,3.235900999925434,57.0
1780754579,5,,Aggregated,2.300000,0.000000,140,190,270,290,420,500,530,530,530,530,530,35,0,140,159.55823002856764,2.5453319999542146,534.4321129999798,2812.657142857143
1780754580,5,POST,/api/book,2.000000,0.000000,140,270,290,300,500,530,530,530,530,530,530,29,0,140,195.6948834137957,114.795977999961,534.4321129999798,3376.2413793103447
1780754580,5,GET,/api/concerts,0.200000,0.000000,3,3,3,3,3,3,3,3,3,3,3,5,0,3,3.6226597999529986,2.5453319999542146,7.460242999968614,753.0
1780754580,5,GET,/health,0.100000,0.000000,3,3,3,3,3,3,3,3,3,3,3,2,0,3,3.034555499993985,2.833210000062536,3.235900999925434,57.0
1780754580,5,,Aggregated,2.300000,0.000000,140,230,290,300,500,530,530,530,530,530,530,36,0,140,158.31483413888412,2.5453319999542146,534.4321129999798,2827.5
1780754581,5,POST,/api/book,1.800000,0.000000,140,230,290,300,500,530,530,530,530,530,530,31,0,140,191.414476096776,114.795977999961,534.4321129999798,3379.1935483870966
1780754581,5,GET,/api/concerts,0.200000,0.000000,3,3,3,3,3,3,3,3,3,3,3,5,0,3,3.6226597999529986,2.5453319999542146,7.460242999968614,753.0
1780754581,5,GET,/health,0.100000,0.000000,3,3,3,3,3,3,3,3,3,3,3,2,0,3,3.034555499993985,2.833210000062536,3.235900999925434,57.0
1780754581,5,,Aggregated,2.100000,0.000000,140,190,270,290,420,500,530,530,530,530,530,38,0,140,156.79029392104763,2.5453319999542146,534.4321129999798,2858.7894736842104
1780754582,5,POST,/api/book,1.900000,0.000000,140,290,420,500,560,570,570,570,570,570,570,33,0,140,213.80689227273155,114.795977999961,565.4402580000806,3377.6969696969695
1780754582,5,GET,/api/concerts,0.300000,0.000000,3,3,52,52,52,52,52,52,52,52,52,6,0,3,11.706018499959706,2.5453319999542146,52.122811999993246,753.0
1780754582,5,GET,/health,0.100000,0.000000,3,3,3,3,3,3,3,3,3,3,3,2,0,3,3.034555499993985,2.833210000062536,3.235900999925434,57.0
1780754582,5,,Aggregated,2.300000,0.000000,140,190,300,420,530,560,570,570,570,570,570,41,0,140,173.94957724389968,2.5453319999542146,565.4402580000806,2831.609756097561
1780754583,5,POST,/api/book,1.900000,0.000000,140,290,420,500,560,570,570,570,570,570,570,34,0,140,211.62237820588896,114.795977999961,565.4402580000806,3377.205882352941
1780754583,5,GET,/api/concerts,0.200000,0.000000,3,3,3,52,52,52,52,52,52,52,52,7,0,3,10.415613999969407,2.5453319999542146,52.122811999993246,753.0
1780754583,5,GET,/health,0.100000,0.000000,3,3,3,3,3,3,3,3,3,3,3,3,0,3,2.81372233333362,2.37205600001289,3.235900999925434,57.0
1780754583,5,,Aggregated,2.200000,0.000000,140,140,290,420,530,560,570,570,570,570,570,44,0,140,165.37525736363662,2.37205600001289,565.4402580000806,2733.340909090909
1780754584,5,POST,/api/book,1.600000,0.000000,140,230,290,290,560,570,570,570,570,570,570,37,0,140,212.375547108112,114.795977999961,565.4402580000806,3380.054054054054
1780754584,5,GET,/api/concerts,0.200000,0.000000,3,3,52,52,52,52,52,52,52,52,52,7,0,3,10.415613999969407,2.5453319999542146,52.122811999993246,753.0
1780754584,5,GET,/health,0.100000,0.000000,3,3,3,3,3,3,3,3,3,3,3,3,0,3,2.81372233333362,2.37205600001289,3.235900999925434,57.0
1780754584,5,,Aggregated,1.900000,0.000000,140,140,230,290,300,560,570,570,570,570,570,47,0,140,168.92012144680703,2.37205600001289,565.4402580000806,2776.68085106383
1780754585,5,POST,/api/book,1.800000,0.000000,140,140,230,230,560,570,570,570,570,570,570,39,0,140,208.76755066666857,114.795977999961,565.4402580000806,3379.230769230769
1780754585,5,GET,/api/concerts,0.400000,0.000000,3,3,52,52,52,52,52,52,52,52,52,7,0,3,10.415613999969407,2.5453319999542146,52.122811999993246,753.0
1780754585,5,GET,/health,0.200000,0.000000,3,3,3,3,3,3,3,3,3,3,3,3,0,3,2.81372233333362,2.37205600001289,3.235900999925434,57.0
1780754585,5,,Aggregated,2.400000,0.000000,140,140,140,140,290,560,570,570,570,570,570,49,0,140,167.82214165305837,2.37205600001289,565.4402580000806,2800.6530612244896
1780754586,5,POST,/api/book,1.800000,0.000000,140,140,230,230,560,570,570,570,570,570,570,40,0,140,206.95213080000204,114.795977999961,565.4402580000806,3379.3
1780754586,5,GET,/api/concerts,0.400000,0.000000,3,3,52,52,52,52,52,52,52,52,52,7,0,3,10.415613999969407,2.5453319999542146,52.122811999993246,753.0
1780754586,5,GET,/health,0.200000,0.000000,3,3,3,3,3,3,3,3,3,3,3,3,0,3,2.81372233333362,2.37205600001289,3.235900999925434,57.0
1780754586,5,,Aggregated,2.400000,0.000000,140,140,140,140,290,560,570,570,570,570,570,50,0,140,167.1887139399973,2.37205600001289,565.4402580000806,2812.28
1780754587,5,POST,/api/book,1.700000,0.000000,140,140,230,250,560,570,570,570,570,570,570,43,0,140,205.9311169302318,114.795977999961,565.4402580000806,3380.5813953488373
1780754587,5,GET,/api/concerts,0.400000,0.000000,3,3,52,52,52,52,52,52,52,52,52,7,0,3,10.415613999969407,2.5453319999542146,52.122811999993246,753.0
1780754587,5,GET,/health,0.200000,0.000000,3,3,3,3,3,3,3,3,3,3,3,3,0,3,2.81372233333362,2.37205600001289,3.235900999925434,57.0
1780754587,5,,Aggregated,2.300000,0.000000,140,140,180,230,290,560,570,570,570,570,570,53,0,140,168.61110364150477,2.37205600001289,565.4402580000806,2845.4150943396226
1780754588,5,POST,/api/book,1.700000,0.000000,140,180,230,250,560,570,570,570,570,570,570,44,0,140,204.4697687954521,114.795977999961,565.4402580000806,3380.5227272727275
1780754588,5,GET,/api/concerts,0.400000,0.000000,3,3,3,52,52,52,52,52,52,52,52,8,0,3,9.41021674996989,2.372435999973277,52.122811999993246,753.0
1780754588,5,GET,/health,0.100000,0.000000,2,2,2,2,2,2,2,2,2,2,2,3,0,3,2.81372233333362,2.37205600001289,3.235900999925434,57.0
1780754588,5,,Aggregated,2.200000,0.000000,140,140,180,230,290,560,570,570,570,570,570,55,0,140,165.09804959999363,2.37205600001289,565.4402580000806,2817.0545454545454
1780754589,5,POST,/api/book,1.700000,0.000000,140,180,250,250,560,570,570,570,570,570,570,45,0,140,203.0606016666651,114.795977999961,565.4402580000806,3380.5555555555557
1780754589,5,GET,/api/concerts,0.400000,0.000000,3,3,3,52,52,52,52,52,52,52,52,8,0,3,9.41021674996989,2.372435999973277,52.122811999993246,753.0
1780754589,5,GET,/health,0.100000,0.000000,2,2,2,2,2,2,2,2,2,2,2,3,0,3,2.81372233333362,2.37205600001289,3.235900999925434,57.0
1780754589,5,,Aggregated,2.200000,0.000000,140,140,230,250,560,570,570,570,570,570,570,56,0,140,164.66874957142298,2.37205600001289,565.4402580000806,2827.1428571428573
1780754590,5,POST,/api/book,1.800000,0.000000,140,140,230,250,560,570,570,570,570,570,570,48,0,140,198.4469593541694,111.05846100008421,565.4402580000806,3380.0
1780754590,5,GET,/api/concerts,0.400000,0.000000,3,3,52,52,52,52,52,52,52,52,52,8,0,3,9.41021674996989,2.372435999973277,52.122811999993246,753.0
1780754590,5,GET,/health,0.100000,0.000000,2,2,2,2,2,2,2,2,2,2,2,3,0,3,2.81372233333362,2.37205600001289,3.235900999925434,57.0
1780754590,5,,Aggregated,2.300000,0.000000,140,140,180,230,290,560,570,570,570,570,570,59,0,140,162.8674059322015,2.37205600001289,565.4402580000806,2854.830508474576
1780754591,5,POST,/api/book,1.800000,0.000000,140,230,290,300,560,570,570,570,570,570,570,50,0,140,202.67050748000423,111.05846100008421,565.4402580000806,3380.7
1780754591,5,GET,/api/concerts,0.300000,0.000000,3,3,52,52,52,52,52,52,52,52,52,8,0,3,9.41021674996989,2.372435999973277,52.122811999993246,753.0
1780754591,5,GET,/health,0.100000,0.000000,2,2,2,2,2,2,2,2,2,2,2,3,0,3,2.81372233333362,2.37205600001289,3.235900999925434,57.0
1780754591,5,,Aggregated,2.200000,0.000000,140,180,250,290,310,560,570,570,570,570,570,61,0,140,167.49587336065522,2.37205600001289,565.4402580000806,2872.622950819672
1780754592,5,POST,/api/book,1.800000,0.000000,140,140,230,250,300,310,310,310,310,310,310,51,0,140,201.4770075490234,111.05846100008421,565.4402580000806,3381.0196078431372
1780754592,5,GET,/api/concerts,0.300000,0.000000,3,3,52,52,52,52,52,52,52,52,52,8,0,3,9.41021674996989,2.372435999973277,52.122811999993246,753.0
1780754592,5,GET,/health,0.100000,0.000000,2,2,2,2,2,2,2,2,2,2,2,3,0,3,2.81372233333362,2.37205600001289,3.235900999925434,57.0
1780754592,5,,Aggregated,2.200000,0.000000,140,140,230,250,300,310,310,310,310,310,310,62,0,140,167.08145622580565,2.37205600001289,565.4402580000806,2881.0806451612902
1780754593,5,POST,/api/book,1.700000,0.000000,140,140,180,250,300,310,310,310,310,310,310,51,0,140,201.4770075490234,111.05846100008421,565.4402580000806,3381.0196078431372
1780754593,5,GET,/api/concerts,0.300000,0.000000,2,2,3,3,52,52,52,52,52,52,52,11,0,3,7.507853636339363,2.3524609999867607,52.122811999993246,753.0
1780754593,5,GET,/health,0.100000,0.000000,2,2,2,2,2,2,2,2,2,2,2,3,0,3,2.81372233333362,2.37205600001289,3.235900999925434,57.0
1780754593,5,,Aggregated,2.100000,0.000000,140,140,140,180,300,310,310,310,310,310,310,65,0,140,159.48238372307577,2.3524609999867607,565.4402580000806,2782.8615384615387
1780754594,5,POST,/api/book,1.700000,0.000000,140,140,180,180,300,310,310,310,310,310,310,53,0,140,199.0931974339652,111.05846100008421,565.4402580000806,3381.7169811320755
1780754594,5,GET,/api/concerts,0.300000,0.000000,2,2,3,3,52,52,52,52,52,52,52,11,0,3,7.507853636339363,2.3524609999867607,52.122811999993246,753.0
1780754594,5,GET,/health,0.100000,0.000000,2,2,2,2,2,2,2,2,2,2,2,3,0,3,2.81372233333362,2.37205600001289,3.235900999925434,57.0
1780754594,5,,Aggregated,2.100000,0.000000,140,140,140,180,300,310,310,310,310,310,310,67,0,140,158.85025404477443,2.3524609999867607,565.4402580000806,2801.268656716418
1780754595,5,POST,/api/book,1.800000,0.000000,140,140,180,250,300,310,310,310,310,310,310,55,0,140,196.9580006909134,111.05846100008421,565.4402580000806,3381.2363636363634
1780754595,5,GET,/api/concerts,0.300000,0.000000,2,2,2,2,2,2,2,2,2,2,2,11,0,3,7.507853636339363,2.3524609999867607,52.122811999993246,753.0
1780754595,5,GET,/health,0.000000,0.000000,2,2,2,2,2,2,2,2,2,2,2,4,0,2.347373000020525,2.6971350000053462,2.347373000020525,3.235900999925434,57.0
1780754595,5,,Aggregated,2.100000,0.000000,140,140,140,180,300,310,310,310,310,310,310,70,0,140,156.08664239999982,2.347373000020525,565.4402580000806,2778.2714285714287
1780754596,5,POST,/api/book,1.700000,0.000000,140,140,140,140,300,310,310,310,310,310,310,57,0,140,194.96783152631753,111.05846100008421,565.4402580000806,3381.1929824561403
1780754596,5,GET,/api/concerts,0.400000,0.000000,2,2,2,2,2,2,2,2,2,2,2,11,0,3,7.507853636339363,2.3524609999867607,52.122811999993246,753.0
1780754596,5,GET,/health,0.000000,0.000000,2,2,2,2,2,2,2,2,2,2,2,4,0,2.347373000020525,2.6971350000053462,2.347373000020525,3.235900999925434,57.0
1780754596,5,,Aggregated,2.100000,0.000000,140,140,140,140,300,310,310,310,310,310,310,72,0,140,155.64640731944235,2.347373000020525,565.4402580000806,2794.9861111111113
1780754597,5,POST,/api/book,1.700000,0.000000,140,140,140,140,300,310,310,310,310,310,310,59,0,140,192.96425271186578,111.05846100008421,565.4402580000806,3381.3050847457625
1780754597,5,GET,/api/concerts,0.400000,0.000000,2,2,2,2,2,2,2,2,2,2,2,11,0,3,7.507853636339363,2.3524609999867607,52.122811999993246,753.0
1780754597,5,GET,/health,0.100000,0.000000,2,2,3,3,3,3,3,3,3,3,3,5,0,3,2.6903737999873556,2.347373000020525,3.235900999925434,57.0
1780754597,5,,Aggregated,2.200000,0.000000,140,140,140,140,140,300,310,310,310,310,310,75,0,140,153.07905558666332,2.347373000020525,565.4402580000806,2774.2
1780754598,5,POST,/api/book,1.600000,0.000000,140,140,140,140,300,310,310,310,310,310,310,61,0,140,190.90768811475405,111.05846100008421,565.4402580000806,3380.245901639344
1780754598,5,GET,/api/concerts,0.400000,0.000000,2,2,2,2,2,2,2,2,2,2,2,11,0,3,7.507853636339363,2.3524609999867607,52.122811999993246,753.0
1780754598,5,GET,/health,0.100000,0.000000,3,3,3,3,3,3,3,3,3,3,3,5,0,3,2.6903737999873556,2.347373000020525,3.235900999925434,57.0
1780754598,5,,Aggregated,2.100000,0.000000,140,140,140,140,140,300,310,310,310,310,310,77,0,140,152.48580823376187,2.347373000020525,565.4402580000806,2789.12987012987
1780754599,5,POST,/api/book,1.600000,0.000000,140,140,140,170,300,310,310,310,310,310,310,64,0,140,189.45301039062383,111.05846100008421,565.4402580000806,3380.28125
1780754599,5,GET,/api/concerts,0.400000,0.000000,2,2,2,2,2,2,2,2,2,2,2,11,0,3,7.507853636339363,2.3524609999867607,52.122811999993246,753.0
1780754599,5,GET,/health,0.200000,0.000000,3,3,3,3,3,3,3,3,3,3,3,5,0,3,2.6903737999873556,2.347373000020525,3.235900999925434,57.0
1780754599,5,,Aggregated,2.200000,0.000000,140,140,140,140,170,300,310,310,310,310,310,80,0,140,152.7628865499949,2.347373000020525,565.4402580000806,2811.325
1780754600,5,POST,/api/book,1.600000,0.000000,140,140,170,170,300,310,310,310,310,310,310,64,0,140,189.45301039062383,111.05846100008421,565.4402580000806,3380.28125
1780754600,5,GET,/api/concerts,0.400000,0.000000,2,2,2,2,2,2,2,2,2,2,2,11,0,3,7.507853636339363,2.3524609999867607,52.122811999993246,753.0
1780754600,5,GET,/health,0.200000,0.000000,3,3,3,3,3,3,3,3,3,3,3,5,0,3,2.6903737999873556,2.347373000020525,3.235900999925434,57.0
1780754600,5,,Aggregated,2.200000,0.000000,140,140,140,140,170,300,310,310,310,310,310,80,0,140,152.7628865499949,2.347373000020525,565.4402580000806,2811.325
1780754601,5,POST,/api/book,1.800000,0.000000,140,140,170,170,310,320,320,320,320,320,320,66,0,140,193.1842965606045,111.05846100008421,565.4402580000806,3380.742424242424
1780754601,5,GET,/api/concerts,0.300000,0.000000,2,2,20,20,20,20,20,20,20,20,20,12,0,3,8.563704333312216,2.3524609999867607,52.122811999993246,753.0
1780754601,5,GET,/health,0.200000,0.000000,3,3,3,3,3,3,3,3,3,3,3,5,0,3,2.6903737999873556,2.347373000020525,3.235900999925434,57.0
1780754601,5,,Aggregated,2.300000,0.000000,140,140,140,140,170,310,320,320,320,320,320,83,0,140,155.01662522891058,2.347373000020525,565.4402580000806,2800.602409638554
1780754602,5,POST,/api/book,1.700000,0.000000,140,170,170,310,320,320,320,320,320,320,320,68,0,140,196.87643458823518,111.05846100008421,565.4402580000806,3380.676470588235
1780754602,5,GET,/api/concerts,0.300000,0.000000,20,20,20,20,20,20,20,20,20,20,20,12,0,3,8.563704333312216,2.3524609999867607,52.122811999993246,753.0
1780754602,5,GET,/health,0.200000,0.000000,2,2,3,3,3,3,3,3,3,3,3,6,0,2.347373000020525,2.654468499978672,2.347373000020525,3.235900999925434,57.0
1780754602,5,,Aggregated,2.200000,0.000000,140,140,170,170,310,320,320,320,320,320,320,86,0,140,157.0498699418559,2.347373000020525,565.4402580000806,2782.139534883721
1780754603,5,POST,/api/book,1.600000,0.000000,140,170,170,310,320,320,320,320,320,320,320,70,0,140,195.63697438571324,111.05846100008421,565.4402580000806,3380.3285714285716
1780754603,5,GET,/api/concerts,0.300000,0.000000,20,20,20,20,20,20,20,20,20,20,20,12,0,3,8.563704333312216,2.3524609999867607,52.122811999993246,753.0
1780754603,5,GET,/health,0.200000,0.000000,2,2,3,3,3,3,3,3,3,3,3,6,0,2.347373000020525,2.654468499978672,2.347373000020525,3.235900999925434,57.0
1780754603,5,,Aggregated,2.100000,0.000000,140,140,170,170,310,320,320,320,320,320,320,88,0,140,156.96908488635844,2.347373000020525,565.4402580000806,2795.465909090909
1780754604,5,POST,/api/book,1.800000,0.000000,140,170,250,310,320,320,320,320,320,320,320,74,0,140,195.2817097162168,111.05846100008421,565.4402580000806,3380.2027027027025
1780754604,5,GET,/api/concerts,0.400000,0.000000,3,3,20,20,20,20,20,20,20,20,20,13,0,3,8.099716461524272,2.3524609999867607,52.122811999993246,753.0
1780754604,5,GET,/health,0.200000,0.000000,2,2,3,3,3,3,3,3,3,3,3,6,0,2.347373000020525,2.654468499978672,2.347373000020525,3.235900999925434,57.0
1780754604,5,,Aggregated,2.400000,0.000000,140,170,220,250,310,320,320,320,320,320,320,93,0,140,156.68892090322285,2.347373000020525,565.4402580000806,2798.559139784946
1780754605,5,POST,/api/book,1.800000,0.000000,140,170,250,310,320,320,320,320,320,320,320,75,0,140,194.39465972000113,111.05846100008421,565.4402580000806,3380.44
1780754605,5,GET,/api/concerts,0.200000,0.000000,3,3,20,20,20,20,20,20,20,20,20,13,0,3,8.099716461524272,2.3524609999867607,52.122811999993246,753.0
1780754605,5,GET,/health,0.300000,0.000000,3,3,3,3,3,3,3,3,3,3,3,6,0,2.347373000020525,2.654468499978672,2.347373000020525,3.235900999925434,57.0
1780754605,5,,Aggregated,2.300000,0.000000,140,170,220,250,310,320,320,320,320,320,320,94,0,140,156.39172982978477,2.347373000020525,565.4402580000806,2804.936170212766
1780754606,5,POST,/api/book,1.800000,0.000000,170,250,310,320,330,340,340,340,340,340,340,77,0,140,198.03678224675514,111.05846100008421,565.4402580000806,3381.285714285714
1780754606,5,GET,/api/concerts,0.200000,0.000000,3,3,20,20,20,20,20,20,20,20,20,13,0,3,8.099716461524272,2.3524609999867607,52.122811999993246,753.0
1780754606,5,GET,/health,0.300000,0.000000,3,3,3,3,3,3,3,3,3,3,3,6,0,2.347373000020525,2.654468499978672,2.347373000020525,3.235900999925434,57.0
1780754606,5,,Aggregated,2.300000,0.000000,170,220,310,310,320,330,340,340,340,340,340,96,0,140,160.10474331249824,2.347373000020525,565.4402580000806,2817.6041666666665
1780754607,5,POST,/api/book,2.000000,0.000000,170,220,310,310,320,330,340,340,340,340,340,80,0,140,196.2930597375007,111.05846100008421,565.4402580000806,3381.75
1780754607,5,GET,/api/concerts,0.200000,0.000000,20,20,20,20,20,20,20,20,20,20,20,13,0,3,8.099716461524272,2.3524609999867607,52.122811999993246,753.0
1780754607,5,GET,/health,0.200000,0.000000,3,3,3,3,3,3,3,3,3,3,3,6,0,2.347373000020525,2.654468499978672,2.347373000020525,3.235900999925434,57.0
1780754607,5,,Aggregated,2.400000,0.000000,170,180,310,310,320,330,340,340,340,340,340,99,0,140,159.84513034343172,2.347373000020525,565.4402580000806,2835.060606060606
1780754608,5,POST,/api/book,2.100000,0.000000,180,260,310,320,330,340,340,340,340,340,340,82,0,140,196.36538041463504,111.05846100008421,565.4402580000806,3381.243902439024
1780754608,5,GET,/api/concerts,0.200000,0.000000,3,3,20,20,20,20,20,20,20,20,20,14,0,3,7.692244857131365,2.3524609999867607,52.122811999993246,753.0
1780754608,5,GET,/health,0.200000,0.000000,3,3,3,3,3,3,3,3,3,3,3,6,0,2.347373000020525,2.654468499978672,2.347373000020525,3.235900999925434,57.0
1780754608,5,,Aggregated,2.500000,0.000000,170,250,310,310,320,330,340,340,340,340,340,102,0,140,159.0743081666645,2.347373000020525,565.4402580000806,2824.9607843137255
1780754609,5,POST,/api/book,2.000000,0.000000,170,250,310,310,320,330,340,340,340,340,340,84,0,140,195.11728946428693,111.05846100008421,565.4402580000806,3381.4523809523807
1780754609,5,GET,/api/concerts,0.200000,0.000000,3,3,20,20,20,20,20,20,20,20,20,15,0,3,7.3408315999889355,2.3524609999867607,52.122811999993246,753.0
1780754609,5,GET,/health,0.100000,0.000000,2,2,2,2,2,2,2,2,2,2,2,6,0,2.347373000020525,2.654468499978672,2.347373000020525,3.235900999925434,57.0
1780754609,5,,Aggregated,2.300000,0.000000,150,220,260,310,320,330,340,340,340,340,340,105,0,140,157.29420571428386,2.347373000020525,565.4402580000806,2815.9904761904763
1780754610,5,POST,/api/book,2.000000,0.000000,180,260,310,320,330,340,340,340,340,340,340,84,0,140,195.11728946428693,111.05846100008421,565.4402580000806,3381.4523809523807
1780754610,5,GET,/api/concerts,0.200000,0.000000,3,3,20,20,20,20,20,20,20,20,20,15,0,3,7.3408315999889355,2.3524609999867607,52.122811999993246,753.0
1780754610,5,GET,/health,0.100000,0.000000,2,2,2,2,2,2,2,2,2,2,2,6,0,2.347373000020525,2.654468499978672,2.347373000020525,3.235900999925434,57.0
1780754610,5,,Aggregated,2.300000,0.000000,150,220,260,310,320,330,340,340,340,340,340,105,0,140,157.29420571428386,2.347373000020525,565.4402580000806,2815.9904761904763
1780754611,5,POST,/api/book,2.000000,0.000000,170,250,300,300,340,430,430,430,430,430,430,87,0,140,200.19464477011616,111.05846100008421,565.4402580000806,3381.816091954023
1780754611,5,GET,/api/concerts,0.300000,0.000000,3,20,20,37,37,37,37,37,37,37,37,16,0,3,9.20195262499135,2.3524609999867607,52.122811999993246,753.0
1780754611,5,GET,/health,0.100000,0.000000,7,7,7,7,7,7,7,7,7,7,7,7,0,3,3.2304234285577746,2.347373000020525,6.686153000032391,57.0
1780754611,5,,Aggregated,2.400000,0.000000,140,180,250,300,330,340,430,430,430,430,430,110,0,140,159.87980273636242,2.347373000020525,565.4402580000806,2787.8636363636365
1780754612,5,POST,/api/book,2.000000,0.000000,180,250,300,300,340,430,430,430,430,430,430,87,0,140,200.19464477011616,111.05846100008421,565.4402580000806,3381.816091954023
1780754612,5,GET,/api/concerts,0.300000,0.000000,3,3,37,37,37,37,37,37,37,37,37,16,0,3,9.20195262499135,2.3524609999867607,52.122811999993246,753.0
1780754612,5,GET,/health,0.100000,0.000000,7,7,7,7,7,7,7,7,7,7,7,7,0,3,3.2304234285577746,2.347373000020525,6.686153000032391,57.0
1780754612,5,,Aggregated,2.400000,0.000000,150,220,260,300,330,340,430,430,430,430,430,110,0,140,159.87980273636242,2.347373000020525,565.4402580000806,2787.8636363636365
1780754613,5,POST,/api/book,2.200000,0.000000,150,260,300,300,340,430,430,430,430,430,430,89,0,140,198.5331830786523,110.41014299996732,565.4402580000806,3382.1685393258426
1780754613,5,GET,/api/concerts,0.500000,0.000000,2,3,3,37,37,37,37,37,37,37,37,17,0,3,8.807185529402727,2.3524609999867607,52.122811999993246,753.0
1780754613,5,GET,/health,0.200000,0.000000,2,2,7,7,7,7,7,7,7,7,7,8,0,2.3121180000771346,3.1156352499976947,2.3121180000771346,6.686153000032391,57.0
1780754613,5,,Aggregated,2.900000,0.000000,140,150,260,300,330,340,430,430,430,430,430,114,0,140,156.5271976315779,2.3121180000771346,565.4402580000806,2756.754385964912
1780754614,5,POST,/api/book,2.200000,0.000000,150,260,300,330,340,430,430,430,430,430,430,89,0,140,198.5331830786523,110.41014299996732,565.4402580000806,3382.1685393258426
1780754614,5,GET,/api/concerts,0.500000,0.000000,2,3,3,37,37,37,37,37,37,37,37,17,0,3,8.807185529402727,2.3524609999867607,52.122811999993246,753.0
1780754614,5,GET,/health,0.200000,0.000000,2,2,7,7,7,7,7,7,7,7,7,9,0,2.3121180000771346,3.039504333325264,2.3121180000771346,6.686153000032391,57.0
1780754614,5,,Aggregated,2.900000,0.000000,140,150,260,300,330,340,430,430,430,430,430,115,0,140,155.18722597391152,2.3121180000771346,565.4402580000806,2733.278260869565
1780754615,5,POST,/api/book,1.900000,0.000000,150,220,260,300,300,430,430,430,430,430,430,91,0,140,198.09264319780186,110.41014299996732,565.4402580000806,3382.2087912087914
1780754615,5,GET,/api/concerts,0.400000,0.000000,2,2,37,37,37,37,37,37,37,37,37,17,0,3,8.807185529402727,2.3524609999867607,52.122811999993246,753.0
1780754615,5,GET,/health,0.100000,0.000000,2,2,7,7,7,7,7,7,7,7,7,9,0,2.3121180000771346,3.039504333325264,2.3121180000771346,6.686153000032391,57.0
1780754615,5,,Aggregated,2.400000,0.000000,140,150,180,220,300,300,430,430,430,430,430,117,0,140,155.58554037606612,2.3121180000771346,565.4402580000806,2744.4017094017095
1780754616,5,POST,/api/book,1.700000,0.000000,180,260,300,300,420,430,430,430,430,430,430,94,0,140,201.10261138297898,110.41014299996732,565.4402580000806,3381.5425531914893
1780754616,5,GET,/api/concerts,0.500000,0.000000,2,2,37,37,37,37,37,37,37,37,37,17,0,3,8.807185529402727,2.3524609999867607,52.122811999993246,753.0
1780754616,5,GET,/health,0.300000,0.000000,2,2,7,7,7,7,7,7,7,7,7,10,0,2.3121180000771346,2.980975599996327,2.3121180000771346,6.686153000032391,57.0
1780754616,5,,Aggregated,2.500000,0.000000,140,150,260,300,320,420,430,430,430,430,430,121,0,140,157.7122097520647,2.3121180000771346,565.4402580000806,2737.4876033057853
1780754617,5,POST,/api/book,1.600000,0.000000,150,300,300,320,420,430,430,430,430,430,430,94,0,140,201.10261138297898,110.41014299996732,565.4402580000806,3381.5425531914893
1780754617,5,GET,/api/concerts,0.400000,0.000000,2,2,3,3,37,37,37,37,37,37,37,19,0,3,8.139387052623485,2.3524609999867607,52.122811999993246,753.0
1780754617,5,GET,/health,0.300000,0.000000,2,2,7,7,7,7,7,7,7,7,7,10,0,2.3121180000771346,2.980975599996327,2.3121180000771346,6.686153000032391,57.0
1780754617,5,,Aggregated,2.300000,0.000000,140,140,220,300,320,420,430,430,430,430,430,123,0,140,155.18783398373844,2.3121180000771346,565.4402580000806,2705.2195121951218
1780754618,5,POST,/api/book,1.600000,0.000000,300,420,430,470,500,540,540,540,540,540,540,97,0,140,210.44742412371167,110.41014299996732,565.4402580000806,3382.2474226804125
1780754618,5,GET,/api/concerts,0.400000,0.000000,2,3,3,37,37,37,37,37,37,37,37,19,0,3,8.139387052623485,2.3524609999867607,52.122811999993246,753.0
1780754618,5,GET,/health,0.300000,0.000000,2,3,3,7,7,7,7,7,7,7,7,11,0,2.3121180000771346,2.99263263636104,2.3121180000771346,6.686153000032391,57.0
1780754618,5,,Aggregated,2.300000,0.000000,140,220,320,420,470,500,540,540,540,540,540,127,0,140,162.21234214960504,2.3121180000771346,565.4402580000806,2700.8818897637793
1780754619,5,POST,/api/book,1.600000,0.000000,300,420,430,470,500,540,540,540,540,540,540,98,0,140,209.72272058163213,110.41014299996732,565.4402580000806,3382.3367346938776
1780754619,5,GET,/api/concerts,0.400000,0.000000,3,3,37,37,37,37,37,37,37,37,37,19,0,3,8.139387052623485,2.3524609999867607,52.122811999993246,753.0
1780754619,5,GET,/health,0.300000,0.000000,2,3,3,7,7,7,7,7,7,7,7,11,0,2.3121180000771346,2.99263263636104,2.3121180000771346,6.686153000032391,57.0
1780754619,5,,Aggregated,2.300000,0.000000,140,300,320,420,470,500,540,540,540,540,540,128,0,140,162.0343275781231,2.3121180000771346,565.4402580000806,2706.2734375
1780754620,5,POST,/api/book,1.600000,0.000000,230,300,420,470,500,540,540,540,540,540,540,101,0,140,210.15912885148538,110.41014299996732,565.4402580000806,3382.4653465346537
1780754620,5,GET,/api/concerts,0.500000,0.000000,3,3,37,37,37,37,37,37,37,37,37,19,0,3,8.139387052623485,2.3524609999867607,52.122811999993246,753.0
1780754620,5,GET,/health,0.500000,0.000000,2,3,3,7,7,7,7,7,7,7,7,11,0,2.3121180000771346,2.99263263636104,2.3121180000771346,6.686153000032391,57.0
1780754620,5,,Aggregated,2.600000,0.000000,140,230,300,320,470,500,540,540,540,540,540,131,0,140,163.46289562595294,2.3121180000771346,565.4402580000806,2721.8549618320612
1780754621,5,POST,/api/book,1.600000,0.000000,220,300,420,420,500,540,540,540,540,540,540,103,0,140,208.86952828155398,110.41014299996732,565.4402580000806,3382.339805825243
1780754621,5,GET,/api/concerts,0.500000,0.000000,2,2,3,3,3,3,3,3,3,3,3,19,0,3,8.139387052623485,2.3524609999867607,52.122811999993246,753.0
1780754621,5,GET,/health,0.500000,0.000000,2,2,3,3,3,3,3,3,3,3,3,11,0,2.3121180000771346,2.99263263636104,2.3121180000771346,6.686153000032391,57.0
1780754621,5,,Aggregated,2.600000,0.000000,140,220,300,320,470,500,540,540,540,540,540,133,0,140,163.16638139849528,2.3121180000771346,565.4402580000806,2731.691729323308
1780754622,5,POST,/api/book,1.500000,0.000000,220,300,420,420,500,540,540,540,540,540,540,104,0,140,208.18676271153996,110.41014299996732,565.4402580000806,3381.9134615384614
1780754622,5,GET,/api/concerts,0.500000,0.000000,2,2,3,3,3,3,3,3,3,3,3,19,0,3,8.139387052623485,2.3524609999867607,52.122811999993246,753.0
1780754622,5,GET,/health,0.500000,0.000000,2,2,3,3,3,3,3,3,3,3,3,11,0,2.3121180000771346,2.99263263636104,2.3121180000771346,6.686153000032391,57.0
1780754622,5,,Aggregated,2.500000,0.000000,140,220,300,320,470,500,540,540,540,540,540,134,0,140,162.97754205223856,2.3121180000771346,565.4402580000806,2736.216417910448
1780754623,5,POST,/api/book,1.700000,0.000000,160,230,320,420,500,540,540,540,540,540,540,108,0,140,206.23948645370388,110.41014299996732,565.4402580000806,3382.6666666666665
1780754623,5,GET,/api/concerts,0.300000,0.000000,2,2,3,3,3,3,3,3,3,3,3,19,0,3,8.139387052623485,2.3524609999867607,52.122811999993246,753.0
1780754623,5,GET,/health,0.400000,0.000000,2,2,3,3,3,3,3,3,3,3,3,11,0,2.3121180000771346,2.99263263636104,2.3121180000771346,6.686153000032391,57.0
1780754623,5,,Aggregated,2.400000,0.000000,140,220,300,320,470,500,540,540,540,540,540,138,0,140,162.76399891304226,2.3121180000771346,565.4402580000806,2755.521739130435
1780754624,5,POST,/api/book,1.700000,0.000000,190,230,320,420,500,540,540,540,540,540,540,108,0,140,206.23948645370388,110.41014299996732,565.4402580000806,3382.6666666666665
1780754624,5,GET,/api/concerts,0.300000,0.000000,3,3,3,3,3,3,3,3,3,3,3,19,0,3,8.139387052623485,2.3524609999867607,52.122811999993246,753.0
1780754624,5,GET,/health,0.400000,0.000000,3,3,3,3,3,3,3,3,3,3,3,11,0,2.3121180000771346,2.99263263636104,2.3121180000771346,6.686153000032391,57.0
1780754624,5,,Aggregated,2.400000,0.000000,140,220,300,320,470,500,540,540,540,540,540,138,0,140,162.76399891304226,2.3121180000771346,565.4402580000806,2755.521739130435
1780754625,5,POST,/api/book,1.700000,0.000000,160,230,300,310,500,540,540,540,540,540,540,111,0,140,207.1173574054075,110.41014299996732,565.4402580000806,3382.774774774775
1780754625,5,GET,/api/concerts,0.300000,0.000000,2,2,3,3,3,3,3,3,3,3,3,20,0,3,7.856696249990591,2.3524609999867607,52.122811999993246,753.0
1780754625,5,GET,/health,0.400000,0.000000,3,3,3,3,3,3,3,3,3,3,3,11,0,2.3121180000771346,2.99263263636104,2.3121180000771346,6.686153000032391,57.0
1780754625,5,,Aggregated,2.400000,0.000000,140,190,270,300,470,500,540,540,540,540,540,142,0,140,163.2399968732395,2.3121180000771346,565.4402580000806,2754.7535211267605
1780754626,5,POST,/api/book,1.900000,0.000000,160,270,300,310,500,540,540,540,540,540,540,111,0,140,207.1173574054075,110.41014299996732,565.4402580000806,3382.774774774775
1780754626,5,GET,/api/concerts,0.200000,0.000000,2,2,2,2,2,2,2,2,2,2,2,20,0,3,7.856696249990591,2.3524609999867607,52.122811999993246,753.0
1780754626,5,GET,/health,0.200000,0.000000,3,3,3,3,3,3,3,3,3,3,3,12,0,2.3121180000771346,2.951038583328606,2.3121180000771346,6.686153000032391,57.0
1780754626,5,,Aggregated,2.300000,0.000000,140,190,270,300,470,500,540,540,540,540,540,143,0,140,162.1158955244754,2.3121180000771346,565.4402580000806,2735.888111888112
1780754627,5,POST,/api/book,1.800000,0.000000,140,160,230,230,300,310,310,310,310,310,310,113,0,140,205.91311091150715,110.41014299996732,565.4402580000806,3383.1769911504425
1780754627,5,GET,/api/concerts,0.300000,0.000000,2,2,2,2,2,2,2,2,2,2,2,20,0,3,7.856696249990591,2.3524609999867607,52.122811999993246,753.0
1780754627,5,GET,/health,0.200000,0.000000,3,3,3,3,3,3,3,3,3,3,3,12,0,2.3121180000771346,2.951038583328606,2.3121180000771346,6.686153000032391,57.0
1780754627,5,,Aggregated,2.300000,0.000000,140,140,190,230,300,310,310,310,310,310,310,145,0,140,161.79812359310387,2.3121180000771346,565.4402580000806,2745.1241379310345
1780754628,5,POST,/api/book,1.800000,0.000000,140,160,190,230,300,310,310,310,310,310,310,115,0,140,204.78763545217558,110.41014299996732,565.4402580000806,3382.991304347826
1780754628,5,GET,/api/concerts,0.300000,0.000000,2,2,3,3,3,3,3,3,3,3,3,21,0,3,7.609057142850534,2.3524609999867607,52.122811999993246,753.0
1780754628,5,GET,/health,0.200000,0.000000,3,3,3,3,3,3,3,3,3,3,3,12,0,2.3121180000771346,2.951038583328606,2.3121180000771346,6.686153000032391,57.0
1780754628,5,,Aggregated,2.300000,0.000000,140,140,190,230,300,310,310,310,310,310,310,148,0,140,160.4444644594594,2.3121180000771346,565.4402580000806,2740.141891891892
1780754629,5,POST,/api/book,1.800000,0.000000,140,140,190,230,300,310,310,310,310,310,310,117,0,140,203.67811908547216,110.41014299996732,565.4402580000806,3383.5384615384614
1780754629,5,GET,/api/concerts,0.300000,0.000000,2,2,3,3,3,3,3,3,3,3,3,21,0,3,7.609057142850534,2.3524609999867607,52.122811999993246,753.0
1780754629,5,GET,/health,0.200000,0.000000,3,3,3,3,3,3,3,3,3,3,3,12,0,2.3121180000771346,2.951038583328606,2.3121180000771346,6.686153000032391,57.0
1780754629,5,,Aggregated,2.300000,0.000000,140,140,160,190,270,300,310,310,310,310,310,150,0,140,160.17028397333362,2.3121180000771346,565.4402580000806,2749.14
1780754630,5,POST,/api/book,1.700000,0.000000,140,140,160,160,270,310,310,310,310,310,310,119,0,140,202.63402518487578,110.41014299996732,565.4402580000806,3383.655462184874
1780754630,5,GET,/api/concerts,0.200000,0.000000,3,3,3,3,3,3,3,3,3,3,3,21,0,3,7.609057142850534,2.3524609999867607,52.122811999993246,753.0
1780754630,5,GET,/health,0.100000,0.000000,3,3,3,3,3,3,3,3,3,3,3,12,0,2.3121180000771346,2.951038583328606,2.3121180000771346,6.686153000032391,57.0
1780754630,5,,Aggregated,2.000000,0.000000,140,140,140,160,270,310,310,310,310,310,310,152,0,140,159.92533986842116,2.3121180000771346,565.4402580000806,2757.5789473684213
1780754631,5,POST,/api/book,1.900000,0.000000,140,140,140,160,270,310,310,310,310,310,310,122,0,140,201.12749621311764,110.41014299996732,565.4402580000806,3383.4918032786886
1780754631,5,GET,/api/concerts,0.200000,0.000000,3,3,3,3,3,3,3,3,3,3,3,21,0,3,7.609057142850534,2.3524609999867607,52.122811999993246,753.0
1780754631,5,GET,/health,0.100000,0.000000,2,2,2,2,2,2,2,2,2,2,2,12,0,2.3121180000771346,2.951038583328606,2.3121180000771346,6.686153000032391,57.0
1780754631,5,,Aggregated,2.200000,0.000000,140,140,140,140,190,270,310,310,310,310,310,155,0,140,159.56617549032356,2.3121180000771346,565.4402580000806,2769.567741935484
1780754632,5,POST,/api/book,1.900000,0.000000,140,140,190,270,290,310,310,310,310,310,310,124,0,140,202.55797794355112,110.41014299996732,565.4402580000806,3382.8709677419356
1780754632,5,GET,/api/concerts,0.200000,0.000000,3,3,3,3,3,3,3,3,3,3,3,22,0,3,7.378814909083593,2.3524609999867607,52.122811999993246,753.0
1780754632,5,GET,/health,0.100000,0.000000,2,2,2,2,2,2,2,2,2,2,2,12,0,2.3121180000771346,2.951038583328606,2.3121180000771346,6.686153000032391,57.0
1780754632,5,,Aggregated,2.200000,0.000000,140,140,160,190,290,290,310,310,310,310,310,158,0,140,160.2211117468362,2.3121180000771346,565.4402580000806,2764.0886075949365
1780754633,5,POST,/api/book,1.800000,0.000000,140,140,190,270,290,310,310,310,310,310,310,125,0,140,202.05419135200296,110.41014299996732,565.4402580000806,3382.912
1780754633,5,GET,/api/concerts,0.200000,0.000000,3,3,3,3,3,3,3,3,3,3,3,24,0,3,6.980017083326591,2.3524609999867607,52.122811999993246,753.0
1780754633,5,GET,/health,0.100000,0.000000,2,2,2,2,2,2,2,2,2,2,2,12,0,2.3121180000771346,2.951038583328606,2.3121180000771346,6.686153000032391,57.0
1780754633,5,,Aggregated,2.100000,0.000000,140,140,140,140,290,290,310,310,310,310,310,161,0,140,158.134824795032,2.3121180000771346,565.4402580000806,2742.981366459627
1780754634,5,POST,/api/book,1.800000,0.000000,140,140,140,270,290,310,310,310,310,310,310,125,0,140,202.05419135200296,110.41014299996732,565.4402580000806,3382.912
1780754634,5,GET,/api/concerts,0.300000,0.000000,3,3,3,3,3,3,3,3,3,3,3,24,0,3,6.980017083326591,2.3524609999867607,52.122811999993246,753.0
1780754634,5,GET,/health,0.100000,0.000000,3,3,3,3,3,3,3,3,3,3,3,13,0,2.3121180000771346,2.936370307688426,2.3121180000771346,6.686153000032391,57.0
1780754634,5,,Aggregated,2.200000,0.000000,140,140,140,140,290,290,310,310,310,310,310,162,0,140,157.17572310493924,2.3121180000771346,565.4402580000806,2726.401234567901
1780754635,5,POST,/api/book,1.900000,0.000000,140,140,290,290,420,470,470,470,470,470,470,128,0,140,206.88045302344108,110.41014299996732,565.4402580000806,3382.78125
1780754635,5,GET,/api/concerts,0.500000,0.000000,3,3,3,3,3,3,3,3,3,3,3,24,0,3,6.980017083326591,2.3524609999867607,52.122811999993246,753.0
1780754635,5,GET,/health,0.100000,0.000000,3,3,3,3,3,3,3,3,3,3,3,13,0,2.3121180000771346,2.936370307688426,2.3121180000771346,6.686153000032391,57.0
1780754635,5,,Aggregated,2.500000,0.000000,140,140,140,290,340,420,470,470,470,470,470,165,0,140,161.73570430909237,2.3121180000771346,565.4402580000806,2738.2363636363634
1780754636,5,POST,/api/book,1.900000,0.000000,140,270,290,290,420,470,470,470,470,470,470,130,0,140,208.0407013461574,110.41014299996732,565.4402580000806,3382.5615384615385
1780754636,5,GET,/api/concerts,0.500000,0.000000,3,3,3,3,3,3,3,3,3,3,3,24,0,3,6.980017083326591,2.3524609999867607,52.122811999993246,753.0
1780754636,5,GET,/health,0.100000,0.000000,3,3,3,3,3,3,3,3,3,3,3,13,0,2.3121180000771346,2.936370307688426,2.3121180000771346,6.686153000032391,57.0
1780754636,5,,Aggregated,2.500000,0.000000,140,140,290,290,340,420,470,470,470,470,470,167,0,140,163.17954729940266,2.3121180000771346,565.4402580000806,2745.7844311377244
1780754637,5,POST,/api/book,1.700000,0.000000,140,290,290,290,420,470,470,470,470,470,470,131,0,140,207.49946500000317,110.41014299996732,565.4402580000806,3382.4961832061067
1780754637,5,GET,/api/concerts,0.500000,0.000000,3,3,3,3,3,3,3,3,3,3,3,24,0,3,6.980017083326591,2.3524609999867607,52.122811999993246,753.0
1780754637,5,GET,/health,0.100000,0.000000,3,3,3,3,3,3,3,3,3,3,3,13,0,2.3121180000771346,2.936370307688426,2.3121180000771346,6.686153000032391,57.0
1780754637,5,,Aggregated,2.300000,0.000000,140,140,290,290,340,420,470,470,470,470,470,168,0,140,163.0245424940488,2.3121180000771346,565.4402580000806,2749.5238095238096
1780754638,5,POST,/api/book,1.900000,0.000000,270,290,300,340,420,470,470,470,470,470,470,134,0,140,209.82302590298838,110.41014299996732,565.4402580000806,3382.223880597015
1780754638,5,GET,/api/concerts,0.400000,0.000000,3,3,3,3,3,3,3,3,3,3,3,25,0,3,6.827397479996762,2.3524609999867607,52.122811999993246,753.0
1780754638,5,GET,/health,0.200000,0.000000,3,3,3,3,3,3,3,3,3,3,3,13,0,2.3121180000771346,2.936370307688426,2.3121180000771346,6.686153000032391,57.0
1780754638,5,,Aggregated,2.500000,0.000000,140,290,290,300,390,420,470,470,470,470,470,172,0,140,164.68106524418783,2.3121180000771346,565.4402580000806,2748.7441860465115
1780754639,5,POST,/api/book,1.900000,0.000000,270,290,300,340,420,470,470,470,470,470,470,135,0,140,209.31322548148438,110.41014299996732,565.4402580000806,3381.9851851851854
1780754639,5,GET,/api/concerts,0.400000,0.000000,3,3,3,3,3,3,3,3,3,3,3,26,0,3,6.676353769229046,2.3524609999867607,52.122811999993246,753.0
1780754639,5,GET,/health,0.100000,0.000000,3,3,3,3,3,3,3,3,3,3,3,13,0,2.3121180000771346,2.936370307688426,2.3121180000771346,6.686153000032391,57.0
1780754639,5,,Aggregated,2.400000,0.000000,140,290,290,300,390,420,470,470,470,470,470,174,0,140,163.61519225287523,2.3121180000771346,565.4402580000806,2740.729885057471
1780754640,5,POST,/api/book,1.900000,0.000000,290,290,340,390,420,470,470,470,470,470,470,136,0,140,208.76355496323856,110.41014299996732,565.4402580000806,3382.0
1780754640,5,GET,/api/concerts,0.400000,0.000000,3,3,3,3,3,3,3,3,3,3,3,26,0,3,6.676353769229046,2.3524609999867607,52.122811999993246,753.0
1780754640,5,GET,/health,0.100000,0.000000,3,3,3,3,3,3,3,3,3,3,3,13,0,2.3121180000771346,2.936370307688426,2.3121180000771346,6.686153000032391,57.0
1780754640,5,,Aggregated,2.400000,0.000000,140,290,290,300,390,420,470,470,470,470,470,175,0,140,163.44915135428772,2.3121180000771346,565.4402580000806,2744.405714285714
1780754641,5,POST,/api/book,1.800000,0.000000,270,290,300,340,420,470,470,470,470,470,470,139,0,140,207.31493738129876,110.41014299996732,565.4402580000806,3382.0359712230215
1780754641,5,GET,/api/concerts,0.400000,0.000000,3,3,3,3,3,3,3,3,3,3,3,26,0,3,6.676353769229046,2.3524609999867607,52.122811999993246,753.0
1780754641,5,GET,/health,0.100000,0.000000,3,3,3,3,3,3,3,3,3,3,3,13,0,2.3121180000771346,2.936370307688426,2.3121180000771346,6.686153000032391,57.0
1780754641,5,,Aggregated,2.300000,0.000000,140,290,290,300,390,420,470,470,470,470,470,178,0,140,163.08165341573277,2.3121180000771346,565.4402580000806,2755.179775280899
1780754642,5,POST,/api/book,1.800000,0.000000,270,300,340,340,420,470,470,470,470,470,470,140,0,140,208.12876514286094,110.41014299996732,565.4402580000806,3382.1428571428573
1780754642,5,GET,/api/concerts,0.500000,0.000000,3,3,4,4,16,16,16,16,16,16,16,28,0,3,6.9239015714280026,2.3524609999867607,52.122811999993246,753.0
1780754642,5,GET,/health,0.100000,0.000000,3,3,3,3,3,3,3,3,3,3,3,13,0,2.3121180000771346,2.936370307688426,2.3121180000771346,6.686153000032391,57.0
1780754642,5,,Aggregated,2.400000,0.000000,140,270,300,320,390,420,470,470,470,470,470,181,0,140,162.26557556906334,2.3121180000771346,565.4402580000806,2736.6022099447514
1780754643,5,POST,/api/book,1.700000,0.000000,270,300,340,340,420,470,470,470,470,470,470,141,0,140,207.5736505815642,110.41014299996732,565.4402580000806,3382.2836879432625
1780754643,5,GET,/api/concerts,0.500000,0.000000,3,3,4,4,16,16,16,16,16,16,16,28,0,3,6.9239015714280026,2.3524609999867607,52.122811999993246,753.0
1780754643,5,GET,/health,0.100000,0.000000,3,3,3,3,3,3,3,3,3,3,3,13,0,2.3121180000771346,2.936370307688426,2.3121180000771346,6.686153000032391,57.0
1780754643,5,,Aggregated,2.300000,0.000000,140,270,300,320,390,420,470,470,470,470,470,182,0,140,162.0875098351675,2.3121180000771346,565.4402580000806,2740.2582417582416
1780754644,5,POST,/api/book,1.700000,0.000000,200,270,300,320,420,470,470,470,470,470,470,145,0,140,206.99652597931296,110.41014299996732,565.4402580000806,3381.979310344828
1780754644,5,GET,/api/concerts,0.600000,0.000000,4,4,16,16,16,16,16,16,16,16,16,28,0,3,6.9239015714280026,2.3524609999867607,52.122811999993246,753.0
1780754644,5,GET,/health,0.100000,0.000000,3,3,3,3,3,3,3,3,3,3,3,13,0,2.3121180000771346,2.936370307688426,2.3121180000771346,6.686153000032391,57.0
1780754644,5,,Aggregated,2.400000,0.000000,150,250,290,300,390,420,470,470,470,470,470,186,0,140,162.61579744623825,2.3121180000771346,565.4402580000806,2753.8279569892475
1780754645,5,POST,/api/book,1.600000,0.000000,140,200,240,250,320,390,390,390,390,390,390,147,0,140,205.90077117687278,110.41014299996732,565.4402580000806,3381.517006802721
1780754645,5,GET,/api/concerts,0.400000,0.000000,4,4,16,16,16,16,16,16,16,16,16,28,0,3,6.9239015714280026,2.3524609999867607,52.122811999993246,753.0
1780754645,5,GET,/health,0.100000,0.000000,3,3,3,3,3,3,3,3,3,3,3,13,0,2.3121180000771346,2.936370307688426,2.3121180000771346,6.686153000032391,57.0
1780754645,5,,Aggregated,2.100000,0.000000,140,150,200,240,300,320,390,390,390,390,390,188,0,140,162.23114585638422,2.3121180000771346,565.4402580000806,2760.148936170213
1780754646,5,POST,/api/book,1.600000,0.000000,140,200,240,250,320,390,390,390,390,390,390,148,0,140,205.4583887635149,110.41014299996732,565.4402580000806,3381.4189189189187
1780754646,5,GET,/api/concerts,0.400000,0.000000,4,4,16,16,16,16,16,16,16,16,16,28,0,3,6.9239015714280026,2.3524609999867607,52.122811999993246,753.0
1780754646,5,GET,/health,0.100000,0.000000,3,3,3,3,3,3,3,3,3,3,3,13,0,2.3121180000771346,2.936370307688426,2.3121180000771346,6.686153000032391,57.0
1780754646,5,,Aggregated,2.100000,0.000000,140,150,200,240,300,320,390,390,390,390,390,189,0,140,162.11578621693195,2.3121180000771346,565.4402580000806,2763.3597883597886
1780754647,5,POST,/api/book,2.000000,0.000000,140,160,240,300,400,430,430,430,430,430,430,151,0,140,207.82230845033226,110.41014299996732,565.4402580000806,3380.748344370861
1780754647,5,GET,/api/concerts,0.400000,0.000000,3,4,4,16,16,16,16,16,16,16,16,29,0,3,6.77982162068835,2.3524609999867607,52.122811999993246,753.0
1780754647,5,GET,/health,0.000000,0.000000,3,3,3,3,3,3,3,3,3,3,3,13,0,2.3121180000771346,2.936370307688426,2.3121180000771346,6.686153000032391,57.0
1780754647,5,,Aggregated,2.400000,0.000000,140,150,200,240,320,400,430,430,430,430,430,193,0,140,163.81324464766885,2.3121180000771346,565.4402580000806,2762.0259067357515
1780754648,5,POST,/api/book,2.000000,0.000000,140,200,240,320,400,430,430,430,430,430,430,152,0,140,208.78773717105278,110.41014299996732,565.4402580000806,3380.9934210526317
1780754648,5,GET,/api/concerts,0.400000,0.000000,4,4,16,16,16,16,16,16,16,16,16,29,0,3,6.77982162068835,2.3524609999867607,52.122811999993246,753.0
1780754648,5,GET,/health,0.000000,0.000000,3,3,3,3,3,3,3,3,3,3,3,13,0,2.3121180000771346,2.936370307688426,2.3121180000771346,6.686153000032391,57.0
1780754648,5,,Aggregated,2.400000,0.000000,140,150,200,240,350,400,430,430,430,430,430,194,0,140,164.7965138711337,2.3121180000771346,565.4402580000806,2765.407216494845
1780754649,5,POST,/api/book,1.800000,0.000000,150,210,240,320,400,430,430,430,430,430,430,155,0,140,208.37443050322548,110.41014299996732,565.4402580000806,3381.2451612903224
1780754649,5,GET,/api/concerts,0.400000,0.000000,3,4,4,16,16,16,16,16,16,16,16,30,0,3,6.6323421333322585,2.3524609999867607,52.122811999993246,753.0
1780754649,5,GET,/health,0.000000,0.000000,3,3,3,3,3,3,3,3,3,3,3,13,0,2.3121180000771346,2.936370307688426,2.3121180000771346,6.686153000032391,57.0
1780754649,5,,Aggregated,2.200000,0.000000,140,200,230,240,350,400,430,430,430,430,430,198,0,140,164.31908992929226,2.3121180000771346,565.4402580000806,2764.7676767676767
1780754650,5,POST,/api/book,1.900000,0.000000,160,210,240,320,400,430,430,430,430,430,430,156,0,140,207.90806688461467,110.41014299996732,565.4402580000806,3381.0705128205127
1780754650,5,GET,/api/concerts,0.400000,0.000000,4,4,16,16,16,16,16,16,16,16,16,30,0,3,6.6323421333322585,2.3524609999867607,52.122811999993246,753.0
1780754650,5,GET,/health,0.000000,0.000000,3,3,3,3,3,3,3,3,3,3,3,13,0,2.3121180000771346,2.936370307688426,2.3121180000771346,6.686153000032391,57.0
1780754650,5,,Aggregated,2.300000,0.000000,140,200,230,240,350,400,430,430,430,430,430,199,0,140,164.1748819698483,2.3121180000771346,565.4402580000806,2767.7286432160804
1780754651,5,POST,/api/book,1.800000,0.000000,150,210,240,320,400,430,430,430,430,430,430,158,0,140,206.8888068164557,110.41014299996732,565.4402580000806,3381.246835443038
1780754651,5,GET,/api/concerts,0.500000,0.000000,3,4,4,16,16,16,16,16,16,16,16,31,0,3,6.506709741932854,2.3524609999867607,52.122811999993246,753.0
1780754651,5,GET,/health,0.000000,0.000000,3,3,3,3,3,3,3,3,3,3,3,13,0,2.3121180000771346,2.936370307688426,2.3121180000771346,6.686153000032391,57.0
1780754651,5,,Aggregated,2.300000,0.000000,140,200,230,240,350,400,430,430,430,430,430,202,0,140,163.0114469950489,2.3121180000771346,565.4402580000806,2763.9653465346537
1780754652,5,POST,/api/book,1.900000,0.000000,140,200,230,240,400,430,430,430,430,430,430,160,0,140,206.03067358750027,110.41014299996732,565.4402580000806,3381.225
1780754652,5,GET,/api/concerts,0.400000,0.000000,3,4,4,16,16,16,16,16,16,16,16,31,0,3,6.506709741932854,2.3524609999867607,52.122811999993246,753.0
1780754652,5,GET,/health,0.000000,0.000000,0,0,0,0,0,0,0,0,0,0,0,13,0,2.3121180000771346,2.936370307688426,2.3121180000771346,6.686153000032391,57.0
1780754652,5,,Aggregated,2.300000,0.000000,140,160,210,230,350,400,430,430,430,430,430,204,0,140,162.76857151960746,2.3121180000771346,565.4402580000806,2770.0
1780754653,5,POST,/api/book,1.900000,0.000000,140,160,230,240,400,430,430,430,430,430,430,161,0,140,205.63331649068238,110.41014299996732,565.4402580000806,3381.0683229813662
1780754653,5,GET,/api/concerts,0.400000,0.000000,3,4,4,16,16,16,16,16,16,16,16,31,0,3,6.506709741932854,2.3524609999867607,52.122811999993246,753.0
1780754653,5,GET,/health,0.000000,0.000000,0,0,0,0,0,0,0,0,0,0,0,13,0,2.3121180000771346,2.936370307688426,2.3121180000771346,6.686153000032391,57.0
1780754653,5,,Aggregated,2.300000,0.000000,140,150,210,230,350,400,430,430,430,430,430,205,0,140,162.66753546829142,2.3121180000771346,565.4402580000806,2772.858536585366
1780754654,5,POST,/api/book,2.000000,0.000000,140,140,210,230,400,430,430,430,430,430,430,163,0,140,204.82940279754618,110.41014299996732,565.4402580000806,3380.877300613497
1780754654,5,GET,/api/concerts,0.300000,0.000000,3,3,3,3,3,3,3,3,3,3,3,31,0,3,6.506709741932854,2.3524609999867607,52.122811999993246,753.0
1780754654,5,GET,/health,0.000000,0.000000,0,0,0,0,0,0,0,0,0,0,0,13,0,2.3121180000771346,2.936370307688426,2.3121180000771346,6.686153000032391,57.0
1780754654,5,,Aggregated,2.300000,0.000000,140,140,210,230,400,430,430,430,430,430,430,207,0,140,162.44963029951646,2.3121180000771346,565.4402580000806,2778.584541062802
1780754655,5,POST,/api/book,2.000000,0.000000,140,140,210,230,400,430,430,430,430,430,430,165,0,140,204.06282116363758,110.41014299996732,565.4402580000806,3380.89696969697
1780754655,5,GET,/api/concerts,0.300000,0.000000,3,3,3,3,3,3,3,3,3,3,3,31,0,3,6.506709741932854,2.3524609999867607,52.122811999993246,753.0
1780754655,5,GET,/health,0.000000,0.000000,0,0,0,0,0,0,0,0,0,0,0,13,0,2.3121180000771346,2.936370307688426,2.3121180000771346,6.686153000032391,57.0
1780754655,5,,Aggregated,2.300000,0.000000,140,140,210,230,400,430,430,430,430,430,430,209,0,140,162.24998233492863,2.3121180000771346,565.4402580000806,2784.3636363636365
1780754656,5,POST,/api/book,2.000000,0.000000,140,140,210,230,400,430,430,430,430,430,430,166,0,140,203.66244431927797,110.41014299996732,565.4402580000806,3380.8493975903616
1780754656,5,GET,/api/concerts,0.300000,0.000000,3,3,3,3,3,3,3,3,3,3,3,31,0,3,6.506709741932854,2.3524609999867607,52.122811999993246,753.0
1780754656,5,GET,/health,0.000000,0.000000,0,0,0,0,0,0,0,0,0,0,0,13,0,2.3121180000771346,2.936370307688426,2.3121180000771346,6.686153000032391,57.0
1780754656,5,,Aggregated,2.300000,0.000000,140,140,210,230,400,430,430,430,430,430,430,210,0,140,162.13260272857158,2.3121180000771346,565.4402580000806,2787.1666666666665
1780754657,5,POST,/api/book,1.900000,0.000000,140,140,210,230,530,560,560,560,560,560,560,170,0,140,208.53093769411876,110.41014299996732,565.4402580000806,3380.7
1780754657,5,GET,/api/concerts,0.300000,0.000000,3,3,3,3,3,3,3,3,3,3,3,31,0,3,6.506709741932854,2.3524609999867607,52.122811999993246,753.0
1780754657,5,GET,/health,0.000000,0.000000,0,0,0,0,0,0,0,0,0,0,0,13,0,2.3121180000771346,2.936370307688426,2.3121180000771346,6.686153000032391,57.0
1780754657,5,,Aggregated,2.200000,0.000000,140,140,210,230,530,560,560,560,560,560,560,214,0,140,166.77635618691625,2.3121180000771346,565.4402580000806,2798.144859813084
1780754658,5,POST,/api/book,1.800000,0.000000,140,140,210,230,530,560,560,560,560,560,560,171,0,140,208.11672460233996,110.41014299996732,565.4402580000806,3380.5146198830407
1780754658,5,GET,/api/concerts,0.300000,0.000000,2,2,3,3,3,3,3,3,3,3,3,32,0,3,6.379079312491598,2.3524609999867607,52.122811999993246,753.0
1780754658,5,GET,/health,0.000000,0.000000,0,0,0,0,0,0,0,0,0,0,0,13,0,2.3121180000771346,2.936370307688426,2.3121180000771346,6.686153000032391,57.0
1780754658,5,,Aggregated,2.100000,0.000000,140,140,210,230,530,560,560,560,560,560,560,216,0,140,165.88084842129552,2.3121180000771346,565.4402580000806,2791.2268518518517
1780754659,5,POST,/api/book,2.000000,0.000000,140,140,140,140,530,560,560,560,560,560,560,174,0,140,206.8078442873579,110.41014299996732,565.4402580000806,3380.7586206896553
1780754659,5,GET,/api/concerts,0.300000,0.000000,3,3,3,3,3,3,3,3,3,3,3,32,0,3,6.379079312491598,2.3524609999867607,52.122811999993246,753.0
1780754659,5,GET,/health,0.000000,0.000000,0,0,0,0,0,0,0,0,0,0,0,13,0,2.3121180000771346,2.936370307688426,2.3121180000771346,6.686153000032391,57.0
1780754659,5,,Aggregated,2.300000,0.000000,140,140,140,140,410,530,560,560,560,560,560,219,0,140,165.41948976255696,2.3121180000771346,565.4402580000806,2799.4931506849316
1780754660,5,POST,/api/book,2.000000,0.000000,140,140,260,290,530,560,560,560,560,560,560,176,0,140,207.56046229545618,110.41014299996732,565.4402580000806,3380.715909090909
1780754660,5,GET,/api/concerts,0.300000,0.000000,3,3,3,3,3,3,3,3,3,3,3,32,0,3,6.379079312491598,2.3524609999867607,52.122811999993246,753.0
1780754660,5,GET,/health,0.000000,0.000000,0,0,0,0,0,0,0,0,0,0,0,13,0,2.3121180000771346,2.936370307688426,2.3121180000771346,6.686153000032391,57.0
1780754660,5,,Aggregated,2.300000,0.000000,140,140,140,260,410,530,560,560,560,560,560,221,0,140,166.39341500452483,2.3121180000771346,565.4402580000806,2804.719457013575
1780754661,5,POST,/api/book,1.900000,0.000000,140,140,260,290,530,560,560,560,560,560,560,177,0,140,207.1859260960469,110.41014299996732,565.4402580000806,3380.813559322034
1780754661,5,GET,/api/concerts,0.200000,0.000000,3,3,3,3,3,3,3,3,3,3,3,32,0,3,6.379079312491598,2.3524609999867607,52.122811999993246,753.0
1780754661,5,GET,/health,0.000000,0.000000,3,3,3,3,3,3,3,3,3,3,3,15,0,2.3121180000771346,2.8736451333240134,2.3121180000771346,6.686153000032391,57.0
1780754661,5,,Aggregated,2.100000,0.000000,140,140,140,260,410,530,560,560,560,560,560,224,0,140,164.81760774107101,2.3121180000771346,565.4402580000806,2782.8348214285716
1780754662,5,POST,/api/book,2.100000,0.000000,140,140,260,290,530,560,560,560,560,560,560,178,0,140,207.30416348314685,110.41014299996732,565.4402580000806,3381.016853932584
1780754662,5,GET,/api/concerts,0.200000,0.000000,2,2,3,3,3,3,3,3,3,3,3,33,0,3,6.259222242420037,2.3524609999867607,52.122811999993246,753.0
1780754662,5,GET,/health,0.000000,0.000000,3,3,3,3,3,3,3,3,3,3,3,15,0,2.3121180000771346,2.8736451333240134,2.3121180000771346,6.686153000032391,57.0
1780754662,5,,Aggregated,2.300000,0.000000,140,140,230,260,410,530,560,560,560,560,560,226,0,140,164.379646508849,2.3121180000771346,565.4402580000806,2776.6592920353983
1780754663,5,POST,/api/book,1.900000,0.000000,140,290,450,500,530,560,560,560,560,560,560,181,0,140,212.03614780663057,110.41014299996732,565.4402580000806,3381.3646408839777
1780754663,5,GET,/api/concerts,0.200000,0.000000,2,2,3,3,3,3,3,3,3,3,3,33,0,3,6.259222242420037,2.3524609999867607,52.122811999993246,753.0
1780754663,5,GET,/health,0.200000,0.000000,3,3,3,3,3,3,3,3,3,3,3,15,0,2.3121180000771346,2.8736451333240134,2.3121180000771346,6.686153000032391,57.0
1780754663,5,,Aggregated,2.300000,0.000000,140,260,410,450,530,530,560,560,560,560,560,229,0,140,168.6821037729252,2.3121180000771346,565.4402580000806,2784.8515283842794
1780754664,5,POST,/api/book,1.800000,0.000000,260,310,450,500,530,560,560,560,560,560,560,184,0,140,212.49214078804474,110.41014299996732,565.4402580000806,3381.358695652174
1780754664,5,GET,/api/concerts,0.200000,0.000000,2,2,3,3,3,3,3,3,3,3,3,34,0,3,6.150558294109487,2.3524609999867607,52.122811999993246,753.0
1780754664,5,GET,/health,0.200000,0.000000,3,3,3,3,3,3,3,3,3,3,3,15,0,2.3121180000771346,2.8736451333240134,2.3121180000771346,6.686153000032391,57.0
1780754664,5,,Aggregated,2.200000,0.000000,140,270,410,450,530,530,560,560,560,560,560,233,0,140,168.88745735622246,2.3121180000771346,565.4402580000806,2783.8068669527897
1780754665,5,POST,/api/book,1.900000,0.000000,270,310,450,500,530,560,560,560,560,560,560,184,0,140,212.49214078804474,110.41014299996732,565.4402580000806,3381.358695652174
1780754665,5,GET,/api/concerts,0.200000,0.000000,2,2,3,3,3,3,3,3,3,3,3,35,0,3,6.04555942855833,2.3524609999867607,52.122811999993246,753.0
1780754665,5,GET,/health,0.200000,0.000000,3,3,3,3,3,3,3,3,3,3,3,15,0,2.3121180000771346,2.8736451333240134,2.3121180000771346,6.686153000032391,57.0
1780754665,5,,Aggregated,2.300000,0.000000,140,270,410,450,530,530,560,560,560,560,560,234,0,140,168.17629556410105,2.3121180000771346,565.4402580000806,2775.128205128205
1780754666,5,POST,/api/book,1.900000,0.000000,230,270,310,310,500,530,530,530,530,530,530,185,0,140,212.10324675675767,110.41014299996732,565.4402580000806,3381.3405405405406
1780754666,5,GET,/api/concerts,0.200000,0.000000,2,2,3,3,3,3,3,3,3,3,3,35,0,3,6.04555942855833,2.3524609999867607,52.122811999993246,753.0
1780754666,5,GET,/health,0.200000,0.000000,3,3,3,3,3,3,3,3,3,3,3,15,0,2.3121180000771346,2.8736451333240134,2.3121180000771346,6.686153000032391,57.0
1780754666,5,,Aggregated,2.300000,0.000000,140,230,270,290,450,500,530,530,530,530,530,235,0,140,168.05872300850888,2.3121180000771346,565.4402580000806,2777.6936170212766
1780754667,5,POST,/api/book,1.900000,0.000000,230,260,290,310,500,530,530,530,530,530,530,188,0,140,211.57437900000147,110.41014299996732,565.4402580000806,3381.1702127659573
1780754667,5,GET,/api/concerts,0.300000,0.000000,2,2,3,3,3,3,3,3,3,3,3,35,0,3,6.04555942855833,2.3524609999867607,52.122811999993246,753.0
1780754667,5,GET,/health,0.200000,0.000000,3,3,3,3,3,3,3,3,3,3,3,15,0,2.3121180000771346,2.8736451333240134,2.3121180000771346,6.686153000032391,57.0
1780754667,5,,Aggregated,2.400000,0.000000,140,230,270,290,450,500,530,530,530,530,530,238,0,140,168.19614499579703,2.3121180000771346,565.4402580000806,2785.168067226891
1780754668,5,POST,/api/book,1.900000,0.000000,230,270,290,310,500,530,530,530,530,530,530,189,0,140,211.1860896031764,110.41014299996732,565.4402580000806,3381.5026455026455
1780754668,5,GET,/api/concerts,0.400000,0.000000,2,2,3,3,3,3,3,3,3,3,3,35,0,3,6.04555942855833,2.3524609999867607,52.122811999993246,753.0
1780754668,5,GET,/health,0.200000,0.000000,3,3,3,3,3,3,3,3,3,3,3,15,0,2.3121180000771346,2.8736451333240134,2.3121180000771346,6.686153000032391,57.0
1780754668,5,,Aggregated,2.500000,0.000000,140,230,270,290,450,500,530,530,530,530,530,239,0,140,168.07058657740487,2.3121180000771346,565.4402580000806,2787.9246861924685
1780754669,5,POST,/api/book,1.800000,0.000000,230,270,310,320,450,500,530,530,530,530,530,193,0,140,211.67891562176348,110.41014299996732,565.4402580000806,3381.5958549222796
1780754669,5,GET,/api/concerts,0.400000,0.000000,2,2,3,3,3,3,3,3,3,3,3,35,0,3,6.04555942855833,2.3524609999867607,52.122811999993246,753.0
1780754669,5,GET,/health,0.200000,0.000000,3,3,3,3,3,3,3,3,3,3,3,15,0,2.3121180000771346,2.8736451333240134,2.3121180000771346,6.686153000032391,57.0
1780754669,5,,Aggregated,2.400000,0.000000,140,230,310,320,450,500,530,530,530,530,530,243,0,140,169.17172827983444,2.3121180000771346,565.4402580000806,2797.769547325103
1780754670,5,POST,/api/book,1.800000,0.000000,230,290,320,340,500,530,530,530,530,530,530,195,0,140,212.49046193333567,110.41014299996732,565.4402580000806,3381.6
1780754670,5,GET,/api/concerts,0.300000,0.000000,2,2,3,3,3,3,3,3,3,3,3,35,0,3,6.04555942855833,2.3524609999867607,52.122811999993246,753.0
1780754670,5,GET,/health,0.200000,0.000000,3,3,3,3,3,3,3,3,3,3,3,15,0,2.3121180000771346,2.8736451333240134,2.3121180000771346,6.686153000032391,57.0
1780754670,5,,Aggregated,2.300000,0.000000,230,290,310,320,450,500,530,530,530,530,530,245,0,140,170.16465034285662,2.3121180000771346,565.4402580000806,2802.5387755102042
1780754671,5,POST,/api/book,1.900000,0.000000,230,290,320,340,500,530,530,530,530,530,530,197,0,140,212.54552947716004,110.41014299996732,565.4402580000806,3381.720812182741
1780754671,5,GET,/api/concerts,0.300000,0.000000,2,2,3,3,3,3,3,3,3,3,3,35,0,3,6.04555942855833,2.3524609999867607,52.122811999993246,753.0
1780754671,5,GET,/health,0.200000,0.000000,3,3,3,3,3,3,3,3,3,3,3,15,0,2.3121180000771346,2.8736451333240134,2.3121180000771346,6.686153000032391,57.0
1780754671,5,,Aggregated,2.400000,0.000000,230,290,310,320,450,500,530,530,530,530,530,247,0,140,170.55128973279332,2.3121180000771346,565.4402580000806,2807.323886639676
1780754672,5,POST,/api/book,1.900000,0.000000,270,310,320,340,410,500,530,530,530,530,530,200,0,140,215.01837536000258,110.41014299996732,565.4402580000806,3382.01
1780754672,5,GET,/api/concerts,0.300000,0.000000,3,3,3,3,3,3,3,3,3,3,3,35,0,3,6.04555942855833,2.3524609999867607,52.122811999993246,753.0
1780754672,5,GET,/health,0.200000,0.000000,3,3,3,3,3,3,3,3,3,3,3,15,0,2.3121180000771346,2.8736451333240134,2.3121180000771346,6.686153000032391,57.0
1780754672,5,,Aggregated,2.400000,0.000000,230,310,320,340,410,500,530,530,530,530,530,250,0,140,173.03349731599974,2.3121180000771346,565.4402580000806,2814.448
1780754673,5,POST,/api/book,1.900000,0.000000,230,290,310,320,410,410,410,410,410,410,410,201,0,140,214.64731954229038,110.41014299996732,565.4402580000806,3382.049751243781
1780754673,5,GET,/api/concerts,0.300000,0.000000,2,2,3,3,3,3,3,3,3,3,3,36,0,3,5.945553944428639,2.3524609999867607,52.122811999993246,753.0
1780754673,5,GET,/health,0.000000,0.000000,3,3,3,3,3,3,3,3,3,3,3,15,0,2.3121180000771346,2.8736451333240134,2.3121180000771346,6.686153000032391,57.0
1780754673,5,,Aggregated,2.200000,0.000000,220,290,310,310,340,410,410,410,410,410,410,252,0,140,172.22720574206218,2.3121180000771346,565.4402580000806,2808.5515873015875
1780754674,5,POST,/api/book,2.300000,0.000000,230,290,310,320,410,410,410,410,410,410,410,204,0,140,215.053095980393,110.41014299996732,565.4402580000806,3382.2598039215686
1780754674,5,GET,/api/concerts,0.200000,0.000000,2,2,2,2,2,2,2,2,2,2,2,36,0,3,5.945553944428639,2.3524609999867607,52.122811999993246,753.0
1780754674,5,GET,/health,0.000000,0.000000,3,3,3,3,3,3,3,3,3,3,3,15,0,2.3121180000771346,2.8736451333240134,2.3121180000771346,6.686153000032391,57.0
1780754674,5,,Aggregated,2.500000,0.000000,220,290,310,310,340,410,410,410,410,410,410,255,0,140,173.0508870548999,2.3121180000771346,565.4402580000806,2815.4666666666667
1780754675,5,POST,/api/book,2.300000,0.000000,230,290,310,320,410,410,410,410,410,410,410,205,0,140,214.6838734487817,110.41014299996732,565.4402580000806,3382.141463414634
1780754675,5,GET,/api/concerts,0.200000,0.000000,2,2,2,2,2,2,2,2,2,2,2,36,0,3,5.945553944428639,2.3524609999867607,52.122811999993246,753.0
1780754675,5,GET,/health,0.000000,0.000000,3,3,3,3,3,3,3,3,3,3,3,15,0,2.3121180000771346,2.8736451333240134,2.3121180000771346,6.686153000032391,57.0
1780754675,5,,Aggregated,2.500000,0.000000,220,290,310,310,340,410,410,410,410,410,410,256,0,140,172.91929170312324,2.3121180000771346,565.4402580000806,2817.5859375
1780754676,5,POST,/api/book,2.000000,0.000000,280,310,320,340,410,500,590,590,590,590,590,208,0,140,217.85230580769397,110.41014299996732,589.3007540000781,3382.3701923076924
1780754676,5,GET,/api/concerts,0.300000,0.000000,2,2,2,2,2,2,2,2,2,2,2,36,0,3,5.945553944428639,2.3524609999867607,52.122811999993246,753.0
1780754676,5,GET,/health,0.000000,0.000000,3,3,3,3,3,3,3,3,3,3,3,15,0,2.3121180000771346,2.8736451333240134,2.3121180000771346,6.686153000032391,57.0
1780754676,5,,Aggregated,2.300000,0.000000,280,310,320,340,410,500,590,590,590,590,590,259,0,140,175.94758388802953,2.3121180000771346,589.3007540000781,2824.3088803088804
1780754677,5,POST,/api/book,2.000000,0.000000,290,320,410,410,500,590,630,630,630,630,630,210,0,140,220.88335916666887,110.41014299996732,628.4843539999656,3382.2238095238095
1780754677,5,GET,/api/concerts,0.300000,0.000000,2,2,2,2,2,2,2,2,2,2,2,36,0,3,5.945553944428639,2.3524609999867607,52.122811999993246,753.0
1780754677,5,GET,/health,0.000000,0.000000,3,3,3,3,3,3,3,3,3,3,3,15,0,2.3121180000771346,2.8736451333240134,2.3121180000771346,6.686153000032391,57.0
1780754677,5,,Aggregated,2.300000,0.000000,290,320,410,410,500,590,630,630,630,630,630,261,0,140,178.7074714329493,2.3121180000771346,628.4843539999656,2828.467432950192
1780754678,5,POST,/api/book,2.100000,0.000000,280,310,410,410,500,590,630,630,630,630,630,213,0,140,219.6412944413168,110.41014299996732,628.4843539999656,3382.0046948356808
1780754678,5,GET,/api/concerts,0.100000,0.000000,2,2,2,2,2,2,2,2,2,2,2,36,0,3,5.945553944428639,2.3524609999867607,52.122811999993246,753.0
1780754678,5,GET,/health,0.000000,0.000000,0,0,0,0,0,0,0,0,0,0,0,15,0,2.3121180000771346,2.8736451333240134,2.3121180000771346,6.686153000032391,57.0
1780754678,5,,Aggregated,2.200000,0.000000,220,310,410,410,500,590,630,630,630,630,630,264,0,140,178.18462248105976,2.3121180000771346,628.4843539999656,2834.5833333333335
1780754679,5,POST,/api/book,2.300000,0.000000,290,320,410,410,500,590,630,630,630,630,630,215,0,140,220.65772678604858,110.41014299996732,628.4843539999656,3382.0558139534883
1780754679,5,GET,/api/concerts,0.100000,0.000000,2,2,2,2,2,2,2,2,2,2,2,36,0,3,5.945553944428639,2.3524609999867607,52.122811999993246,753.0
1780754679,5,GET,/health,0.000000,0.000000,0,0,0,0,0,0,0,0,0,0,0,15,0,2.3121180000771346,2.8736451333240134,2.3121180000771346,6.686153000032391,57.0
1780754679,5,,Aggregated,2.400000,0.000000,290,320,410,410,500,590,630,630,630,630,630,266,0,140,179.31787924060055,2.3121180000771346,628.4843539999656,2838.7406015037595
1780754680,5,POST,/api/book,2.400000,0.000000,220,320,410,410,500,590,630,630,630,630,630,218,0,140,219.56071625688256,110.41014299996732,628.4843539999656,3382.197247706422
1780754680,5,GET,/api/concerts,0.100000,0.000000,2,2,2,2,2,2,2,2,2,2,2,36,0,3,5.945553944428639,2.3524609999867607,52.122811999993246,753.0
1780754680,5,GET,/health,0.000000,0.000000,2,2,2,2,2,2,2,2,2,2,2,16,0,2.3121180000771346,2.8412011874863197,2.3121180000771346,6.686153000032391,57.0
1780754680,5,,Aggregated,2.500000,0.000000,220,310,330,410,500,590,630,630,630,630,630,270,0,140,178.23605668518377,2.3121180000771346,628.4843539999656,2834.588888888889
1780754681,5,POST,/api/book,2.400000,0.000000,220,320,410,410,500,590,630,630,630,630,630,218,0,140,219.56071625688256,110.41014299996732,628.4843539999656,3382.197247706422
1780754681,5,GET,/api/concerts,0.100000,0.000000,2,2,2,2,2,2,2,2,2,2,2,36,0,3,5.945553944428639,2.3524609999867607,52.122811999993246,753.0
1780754681,5,GET,/health,0.000000,0.000000,2,2,2,2,2,2,2,2,2,2,2,16,0,2.3121180000771346,2.8412011874863197,2.3121180000771346,6.686153000032391,57.0
1780754681,5,,Aggregated,2.500000,0.000000,160,310,330,440,590,630,630,630,630,630,630,270,0,140,178.23605668518377,2.3121180000771346,628.4843539999656,2834.588888888889
1780754682,5,POST,/api/book,2.300000,0.000000,280,330,440,500,510,590,630,630,630,630,630,221,0,140,222.98340312669885,110.41014299996732,628.4843539999656,3382.266968325792
1780754682,5,GET,/api/concerts,0.100000,0.000000,2,2,2,2,2,2,2,2,2,2,2,36,0,3,5.945553944428639,2.3524609999867607,52.122811999993246,753.0
1780754682,5,GET,/health,0.100000,0.000000,2,2,2,2,2,2,2,2,2,2,2,16,0,2.3121180000771346,2.8412011874863197,2.3121180000771346,6.686153000032391,57.0
1780754682,5,,Aggregated,2.500000,0.000000,280,330,440,500,510,590,630,630,630,630,630,273,0,140,181.46092033699514,2.3121180000771346,628.4843539999656,2840.6630036630036
1780754683,5,POST,/api/book,2.300000,0.000000,310,330,440,500,510,590,630,630,630,630,630,224,0,140,223.41395485268012,110.41014299996732,628.4843539999656,3382.2053571428573
1780754683,5,GET,/api/concerts,0.100000,0.000000,2,2,2,2,2,2,2,2,2,2,2,36,0,3,5.945553944428639,2.3524609999867607,52.122811999993246,753.0
1780754683,5,GET,/health,0.100000,0.000000,2,2,2,2,2,2,2,2,2,2,2,16,0,2.3121180000771346,2.8412011874863197,2.3121180000771346,6.686153000032391,57.0
1780754683,5,,Aggregated,2.500000,0.000000,310,330,440,500,510,590,630,630,630,630,630,276,0,140,182.2616849565202,2.3121180000771346,628.4843539999656,2846.5
1780754684,10,POST,/api/book,1.800000,0.000000,330,500,590,630,760,770,770,770,770,770,770,229,0,140,232.67557207860412,110.41014299996732,768.0932190000931,3382.484716157205
1780754684,10,GET,/api/concerts,0.100000,0.000000,2,2,2,2,2,2,2,2,2,2,2,36,0,3,5.945553944428639,2.3524609999867607,52.122811999993246,753.0
1780754684,10,GET,/health,0.100000,0.000000,2,2,2,2,2,2,2,2,2,2,2,16,0,2.3121180000771346,2.8412011874863197,2.3121180000771346,6.686153000032391,57.0
1780754684,10,,Aggregated,2.000000,0.000000,320,500,510,630,760,770,770,770,770,770,770,281,0,140,190.541655398575,2.3121180000771346,768.0932190000931,2856.259786476868
1780754685,15,POST,/api/book,2.100000,0.000000,400,590,630,690,760,770,770,770,770,770,770,235,0,140,239.487453421279,110.41014299996732,768.0932190000931,3382.663829787234
1780754685,15,GET,/api/concerts,0.000000,0.000000,6,6,18,18,18,18,18,18,18,18,18,39,0,3,6.254465897412933,2.3524609999867607,52.122811999993246,753.0
1780754685,15,GET,/health,0.100000,0.000000,2,2,2,2,2,2,2,2,2,2,2,16,0,2.3121180000771346,2.8412011874863197,2.3121180000771346,6.686153000032391,57.0
1780754685,15,,Aggregated,2.200000,0.000000,320,500,590,690,760,770,770,770,770,770,770,290,0,140,195.0652929068947,2.3121180000771346,768.0932190000931,2845.5344827586205
1780754686,20,POST,/api/book,2.100000,0.000000,320,510,690,690,760,770,770,770,770,770,770,236,0,140,239.1414503644086,110.41014299996732,768.0932190000931,3382.6271186440677
1780754686,20,GET,/api/concerts,0.000000,0.000000,6,6,18,18,18,18,18,18,18,18,18,39,0,3,6.254465897412933,2.3524609999867607,52.122811999993246,753.0
1780754686,20,GET,/health,0.100000,0.000000,6,6,6,6,6,6,6,6,6,6,6,17,0,2.3121180000771346,3.0531710588159995,2.3121180000771346,6.686153000032391,57.0
1780754686,20,,Aggregated,2.200000,0.000000,180,400,590,690,760,770,770,770,770,770,770,292,0,140,194.2918163150665,2.3121180000771346,768.0932190000931,2837.794520547945
1780754687,25,POST,/api/book,2.500000,0.000000,690,760,830,1200,1400,1400,1500,1500,1500,1500,1500,247,0,150,279.989768983809,110.41014299996732,1473.8018499999725,3382.927125506073
1780754687,25,GET,/api/concerts,0.300000,0.000000,6,14,14,18,18,18,18,18,18,18,18,40,0,3,6.449263299978725,2.3524609999867607,52.122811999993246,753.0
1780754687,25,GET,/health,0.100000,0.000000,9,9,43,43,43,43,43,43,43,43,43,19,0,3,5.4709359999797496,2.3121180000771346,43.140447999803655,57.0
1780754687,25,,Aggregated,2.900000,0.000000,400,760,770,830,1300,1400,1500,1500,1500,1500,1500,306,0,140,227.1875531209137,2.3121180000771346,1473.8018499999725,2832.6339869281046
1780754688,30,POST,/api/book,3.000000,0.000000,710,770,1100,1200,1300,1400,1500,1500,1500,1500,1500,257,0,160,301.52334759533403,110.41014299996732,1473.8018499999725,3382.2140077821014
1780754688,30,GET,/api/concerts,0.300000,0.000000,18,23,24,24,80,80,80,80,80,80,80,43,0,3,8.963070976725502,2.3524609999867607,80.14142299998639,753.0
1780754688,30,GET,/health,0.200000,0.000000,9,43,43,51,51,51,51,51,51,51,51,20,0,3,7.7719426499868405,2.3121180000771346,51.49106900012157,57.0
1780754688,30,,Aggregated,3.500000,0.000000,500,760,830,1100,1300,1400,1400,1500,1500,1500,1500,320,0,140,243.85109761562435,2.3121180000771346,1473.8018499999725,2821.0875
1780754689,35,POST,/api/book,2.900000,0.000000,720,820,1100,1200,1300,1400,1500,1500,1500,1500,1500,264,0,170,308.4514171515169,110.41014299996732,1473.8018499999725,3382.185606060606
1780754689,35,GET,/api/concerts,0.400000,0.000000,23,39,52,61,61,80,80,80,80,80,80,49,0,3,12.487282897936614,2.3524609999867607,80.14142299998639,753.0
1780754689,35,GET,/health,0.400000,0.000000,43,51,56,56,66,66,66,66,66,66,66,23,0,3,13.22745873910267,2.3121180000771346,65.70467199981067,57.0
1780754689,35,,Aggregated,3.700000,0.000000,380,720,820,1000,1300,1400,1400,1500,1500,1500,1500,336,0,140,245.08119803868678,2.3121180000771346,1473.8018499999725,2771.1458333333335
1780754690,40,POST,/api/book,3.900000,0.000000,720,830,1100,1200,1400,1400,1500,1500,1500,1500,1500,266,0,170,311.8453533609054,110.41014299996732,1473.8018499999725,3381.996240601504
1780754690,40,GET,/api/concerts,0.600000,0.000000,23,39,52,61,61,80,80,80,80,80,80,50,0,3,12.285106119977627,2.3524609999867607,80.14142299998639,753.0
1780754690,40,GET,/health,0.500000,0.000000,43,51,56,56,66,66,66,66,66,66,66,23,0,3,13.22745873910267,2.3121180000771346,65.70467199981067,57.0
1780754690,40,,Aggregated,5.000000,0.000000,360,720,820,1000,1300,1400,1400,1500,1500,1500,1500,339,0,140,247.4022148997024,2.3121180000771346,1473.8018499999725,2768.6489675516223
1780754691,40,POST,/api/book,4.700000,0.000000,760,1000,1200,1300,1400,1500,2500,2900,2900,2900,2900,269,0,170,332.23732999256896,110.41014299996732,2867.197579000049,3381.970260223048
1780754691,40,GET,/api/concerts,1.000000,0.000000,23,39,52,61,61,80,80,80,80,80,80,50,0,3,12.285106119977627,2.3524609999867607,80.14142299998639,753.0
1780754691,40,GET,/health,0.700000,0.000000,43,51,56,56,66,66,66,66,66,66,66,23,0,3,13.22745873910267,2.3121180000771346,65.70467199981067,57.0
1780754691,40,,Aggregated,6.400000,0.000000,410,760,1000,1100,1300,1400,2500,2900,2900,2900,2900,342,0,140,264.00680884502725,2.3121180000771346,2867.197579000049,2774.0087719298244
1780754692,40,POST,/api/book,4.800000,0.000000,830,1200,1400,1400,2500,3200,3400,3600,3600,3600,3600,277,0,190,393.8312814368253,110.41014299996732,3551.3283059999594,3382.0577617328518
1780754692,40,GET,/api/concerts,1.300000,0.000000,23,39,52,61,61,80,80,80,80,80,80,50,0,3,12.285106119977627,2.3524609999867607,80.14142299998639,753.0
1780754692,40,GET,/health,0.700000,0.000000,43,51,56,56,66,66,66,66,66,66,66,23,0,3,13.22745873910267,2.3121180000771346,65.70467199981067,57.0
1780754692,40,,Aggregated,6.800000,0.000000,690,980,1200,1300,1800,2900,3400,3600,3600,3600,3600,350,0,140,314.31357661428257,2.3121180000771346,3551.3283059999594,2787.9742857142855
1780754693,40,POST,/api/book,4.800000,0.000000,1000,1300,1500,1800,2500,3200,3600,3600,3600,3600,3600,287,0,210,433.02884319512486,110.41014299996732,3639.367669999956,3381.9616724738676
1780754693,40,GET,/api/concerts,1.400000,0.000000,23,39,61,61,80,190,190,190,190,190,190,51,0,3,15.73641415684372,2.3524609999867607,188.3018160001484,753.0
1780754693,40,GET,/health,0.700000,0.000000,43,51,56,56,66,66,66,66,66,66,66,23,0,3,13.22745873910267,2.3121180000771346,65.70467199981067,57.0
1780754693,40,,Aggregated,6.900000,0.000000,760,1100,1400,1500,2000,2900,3600,3600,3600,3600,3600,361,0,140,347.3298245706351,2.3121180000771346,3639.367669999956,2798.7174515235456
1780754694,40,POST,/api/book,5.200000,0.000000,1200,1400,1800,2000,3400,3800,5000,5000,5000,5000,5000,292,0,220,487.7725244657561,110.41014299996732,4966.110102999892,3381.5068493150684
1780754694,40,GET,/api/concerts,1.400000,0.000000,23,39,61,61,80,190,190,190,190,190,190,51,0,3,15.73641415684372,2.3524609999867607,188.3018160001484,753.0
1780754694,40,GET,/health,0.700000,0.000000,43,51,56,56,66,66,66,66,66,66,66,23,0,3,13.22745873910267,2.3121180000771346,65.70467199981067,57.0
1780754694,40,,Aggregated,7.300000,0.000000,790,1300,1500,1800,2900,3600,5000,5000,5000,5000,5000,366,0,140,392.17586288797594,2.3121180000771346,4966.110102999892,2806.3224043715845
1780754695,40,POST,/api/book,6.200000,0.000000,1400,1800,3200,3600,4500,5000,5500,5600,5600,5600,5600,304,0,230,616.2806699539506,110.41014299996732,5617.357927000057,3381.4309210526317
1780754695,40,GET,/api/concerts,1.400000,0.000000,39,52,61,61,80,190,190,190,190,190,190,51,0,3,15.73641415684372,2.3524609999867607,188.3018160001484,753.0
1780754695,40,GET,/health,0.700000,0.000000,43,51,56,56,66,66,66,66,66,66,66,24,0,3,14.30979308330412,2.3121180000771346,65.70467199981067,57.0
1780754695,40,,Aggregated,8.300000,0.000000,1100,1500,2000,2900,4300,5000,5500,5600,5600,5600,5600,379,0,140,497.34911826385047,2.3121180000771346,5617.357927000057,2817.2189973614777
1780754696,40,POST,/api/book,6.300000,0.000000,1600,2000,3600,3900,4500,5000,5500,5600,5600,5600,5600,325,0,250,732.2206177446197,110.41014299996732,5617.357927000057,3381.716923076923
1780754696,40,GET,/api/concerts,1.500000,0.000000,39,52,61,61,80,190,190,190,190,190,190,53,0,3,16.483614528283397,2.3524609999867607,188.3018160001484,753.0
1780754696,40,GET,/health,0.700000,0.000000,51,56,56,66,66,66,66,66,66,66,66,24,0,3,14.30979308330412,2.3121180000771346,65.70467199981067,57.0
1780754696,40,,Aggregated,8.500000,0.000000,1300,1800,2800,3600,4400,4900,5200,5500,5600,5600,5600,402,0,140,594.996933758706,2.3121180000771346,5617.357927000057,2836.6542288557216
1780754697,40,POST,/api/book,6.600000,0.000000,1700,2100,3600,3900,4500,5000,5500,5600,5600,5600,5600,332,0,260,732.329266584342,110.41014299996732,5617.357927000057,3381.509036144578
1780754697,40,GET,/api/concerts,1.200000,0.000000,39,45,61,61,80,190,190,190,190,190,190,58,0,3,16.974356586190268,2.3524609999867607,188.3018160001484,753.0
1780754697,40,GET,/health,0.800000,0.000000,56,56,66,66,66,66,66,66,66,66,66,24,0,3,14.30979308330412,2.3121180000771346,65.70467199981067,57.0
1780754697,40,,Aggregated,8.600000,0.000000,1300,1800,2800,3600,4400,4900,5200,5500,5600,5600,5600,414,0,140,590.486145463768,2.3121180000771346,5617.357927000057,2820.5386473429953
1780754698,40,POST,/api/book,7.800000,0.000000,1800,2800,3800,4200,4600,5000,5500,5600,5600,5600,5600,335,0,260,730.9999036537353,110.41014299996732,5617.357927000057,3381.4776119402986
1780754698,40,GET,/api/concerts,1.300000,0.000000,32,42,45,52,61,190,190,190,190,190,190,60,0,3,16.92409209998497,2.3524609999867607,188.3018160001484,753.0
1780754698,40,GET,/health,0.700000,0.000000,39,39,66,66,66,66,66,66,66,66,66,26,0,3,13.529365730746052,2.3121180000771346,65.70467199981067,57.0
1780754698,40,,Aggregated,9.800000,0.000000,1500,1900,3200,3800,4500,5000,5500,5600,5600,5600,5600,421,0,140,584.922035057007,2.3121180000771346,5617.357927000057,2801.560570071259
1780754699,40,POST,/api/book,9.000000,0.000000,1800,2500,3700,4000,4600,5000,5500,5600,5600,5600,5600,342,0,260,733.0918425935711,110.41014299996732,5617.357927000057,3381.409356725146
1780754699,40,GET,/api/concerts,1.600000,0.000000,28,32,32,42,45,190,190,190,190,190,190,62,0,3,16.941391064504373,2.3524609999867607,188.3018160001484,753.0
1780754699,40,GET,/health,0.500000,0.000000,6,39,39,66,66,66,66,66,66,66,66,27,0,3,13.130133407386253,2.3121180000771346,65.70467199981067,57.0
1780754699,40,,Aggregated,11.100000,0.000000,1500,1900,3200,3800,4500,5000,5500,5600,5600,5600,5600,431,0,140,584.9705104756383,2.3121180000771346,5617.357927000057,2795.051044083527
1780754700,40,POST,/api/book,8.200000,0.000000,1700,2100,3700,4000,4600,5000,5500,5600,5600,5600,5600,346,0,270,729.8128275780389,110.41014299996732,5617.357927000057,3381.3872832369943
1780754700,40,GET,/api/concerts,1.600000,0.000000,32,42,48,48,67,190,190,190,190,190,190,65,0,3,18.868525076908764,2.3524609999867607,188.3018160001484,753.0
1780754700,40,GET,/health,0.500000,0.000000,6,39,39,66,66,66,66,66,66,66,66,27,0,3,13.130133407386253,2.3121180000771346,65.70467199981067,57.0
1780754700,40,,Aggregated,10.300000,0.000000,1500,1900,2900,3700,4500,5000,5500,5600,5600,5600,5600,438,0,140,580.1283243698631,2.3121180000771346,5617.357927000057,2786.4018264840183
1780754701,40,POST,/api/book,7.800000,0.000000,1700,2000,3600,3900,4500,5000,5500,5600,5600,5600,5600,351,0,280,742.4310996723685,110.41014299996732,5617.357927000057,3381.190883190883
1780754701,40,GET,/api/concerts,1.500000,0.000000,32,42,48,61,67,190,190,190,190,190,190,65,0,3,18.868525076908764,2.3524609999867607,188.3018160001484,753.0
1780754701,40,GET,/health,0.500000,0.000000,3,6,6,39,39,39,39,39,39,39,39,28,0,3,12.785885499978024,2.3121180000771346,65.70467199981067,57.0
1780754701,40,,Aggregated,9.800000,0.000000,1300,1800,2800,3600,4400,4900,5200,5500,5600,5600,5600,444,0,150,590.4904840292791,2.3121180000771346,5617.357927000057,2786.7995495495497
1780754702,40,POST,/api/book,7.900000,0.000000,1600,2000,3900,4200,4800,5000,5500,5600,5600,5600,5600,352,0,280,741.4287531960265,110.41014299996732,5617.357927000057,3381.309659090909
1780754702,40,GET,/api/concerts,1.500000,0.000000,32,42,48,61,67,190,190,190,190,190,190,65,0,3,18.868525076908764,2.3524609999867607,188.3018160001484,753.0
1780754702,40,GET,/health,0.400000,0.000000,6,6,39,39,86,86,86,86,86,86,86,29,0,3,15.309150482737316,2.3121180000771346,85.96056999999746,57.0
1780754702,40,,Aggregated,9.800000,0.000000,730,1700,3400,3900,4500,5000,5500,5600,5600,5600,5600,446,0,150,588.9088354686095,2.3121180000771346,5617.357927000057,2782.1053811659194
1780754703,40,POST,/api/book,8.200000,0.000000,1700,3800,4400,4600,5000,5000,5500,5600,5600,5600,5600,361,0,290,826.8380982742412,110.41014299996732,5617.357927000057,3381.4182825484763
1780754703,40,GET,/api/concerts,1.500000,0.000000,32,42,48,61,67,190,190,190,190,190,190,65,0,3,18.868525076908764,2.3524609999867607,188.3018160001484,753.0
1780754703,40,GET,/health,0.400000,0.000000,6,6,39,39,86,86,86,86,86,86,86,29,0,3,15.309150482737316,2.3121180000771346,85.96056999999746,57.0
1780754703,40,,Aggregated,10.100000,0.000000,1300,1900,3900,4400,4900,5000,5500,5600,5600,5600,5600,455,0,160,659.6900504857134,2.3121180000771346,5617.357927000057,2794.043956043956
1780754704,40,POST,/api/book,8.200000,0.000000,1700,3500,4400,4500,4900,5500,6200,6700,6700,6700,6700,368,0,290,887.1615973777203,110.41014299996732,6693.234944999858,3381.0190217391305
1780754704,40,GET,/api/concerts,1.500000,0.000000,32,42,48,61,67,68,68,68,68,68,68,66,0,3,19.606138106046895,2.3524609999867607,188.3018160001484,753.0
1780754704,40,GET,/health,0.500000,0.000000,6,6,39,39,86,86,86,86,86,86,86,29,0,3,15.309150482737316,2.3121180000771346,85.96056999999746,57.0
1780754704,40,,Aggregated,10.200000,0.000000,1400,1900,3800,4100,4900,5000,6200,6700,6700,6700,6700,463,0,160,708.8843160129582,2.3121180000771346,6693.234944999858,2798.198704103672
1780754705,40,POST,/api/book,7.300000,0.000000,1900,2800,4300,4900,6000,6500,6700,6900,6900,6900,6900,394,0,310,1065.6493332588852,110.41014299996732,6935.442493999972,3381.3857868020305
1780754705,40,GET,/api/concerts,1.500000,0.000000,32,32,48,61,67,68,68,68,68,68,68,67,0,3,19.543678104462323,2.3524609999867607,188.3018160001484,753.0
1780754705,40,GET,/health,0.600000,0.000000,3,6,6,86,86,86,86,86,86,86,86,29,0,3,15.309150482737316,2.3121180000771346,85.96056999999746,57.0
1780754705,40,,Aggregated,9.400000,0.000000,1500,2000,3400,4300,5100,6200,6700,6900,6900,6900,6900,490,0,190,860.4474063285697,2.3121180000771346,6935.442493999972,2825.2448979591836
1780754706,40,POST,/api/book,7.600000,0.000000,1900,3400,4800,4900,6000,6500,6700,6900,6900,6900,6900,400,0,310,1057.156245182502,110.41014299996732,6935.442493999972,3381.355
1780754706,40,GET,/api/concerts,1.400000,0.000000,32,42,61,61,68,74,74,74,74,74,74,72,0,3,19.771010652765614,2.3524609999867607,188.3018160001484,753.0
1780754706,40,GET,/health,0.600000,0.000000,3,6,36,36,86,86,86,86,86,86,86,31,0,3,15.553314354816951,2.3121180000771346,85.96056999999746,57.0
1780754706,40,,Aggregated,9.600000,0.000000,980,2100,3500,4800,5100,6200,6700,6900,6900,6900,6900,503,0,190,844.4695101093428,2.3121180000771346,6935.442493999972,2800.248508946322
1780754707,40,POST,/api/book,8.500000,0.000000,1900,3000,4800,4900,6000,6500,6700,6900,6900,6900,6900,409,0,320,1052.7280734914439,110.41014299996732,6935.442493999972,3381.2933985330073
1780754707,40,GET,/api/concerts,1.600000,0.000000,22,37,48,61,68,74,74,74,74,74,74,75,0,3,19.62360171998777,2.3524609999867607,188.3018160001484,753.0
1780754707,40,GET,/health,0.500000,0.000000,3,36,60,60,86,86,86,86,86,86,86,32,0,3,16.953717624982545,2.3121180000771346,85.96056999999746,57.0
1780754707,40,,Aggregated,10.600000,0.000000,980,2000,3400,4300,5100,6200,6700,6900,6900,6900,6900,516,0,200,838.3334712228667,2.3121180000771346,6935.442493999972,2793.1162790697676
1780754708,40,POST,/api/book,8.300000,0.000000,1900,3000,4800,4900,6000,6500,6700,6900,6900,6900,6900,414,0,320,1043.481847512078,98.90031099985208,6935.442493999972,3381.2753623188405
1780754708,40,GET,/api/concerts,1.500000,0.000000,22,37,61,67,68,74,74,74,74,74,74,76,0,3,19.39945310525104,2.3524609999867607,188.3018160001484,753.0
1780754708,40,GET,/health,0.600000,0.000000,3,9,36,60,86,86,86,86,86,86,86,34,0,3,16.318081558802746,2.3121180000771346,85.96056999999746,57.0
1780754708,40,,Aggregated,10.400000,0.000000,820,2000,3400,4300,5100,6200,6700,6900,6900,6900,6900,524,0,190,828.3027825935094,2.3121180000771346,6935.442493999972,2784.3778625954196
1780754709,40,POST,/api/book,7.300000,0.000000,1900,3000,4800,4900,6000,6500,6700,6900,6900,6900,6900,418,0,320,1045.2484945239237,98.90031099985208,6935.442493999972,3381.3947368421054
1780754709,40,GET,/api/concerts,1.700000,0.000000,13,22,37,67,68,74,74,74,74,74,74,77,0,3,19.182390272712603,2.3524609999867607,188.3018160001484,753.0
1780754709,40,GET,/health,0.700000,0.000000,9,36,60,60,86,86,86,86,86,86,86,35,0,3,15.9226754571234,2.3121180000771346,85.96056999999746,57.0
1780754709,40,,Aggregated,9.700000,0.000000,980,2100,3500,4300,5100,6200,6700,6900,6900,6900,6900,530,0,190,828.2041667981104,2.3121180000771346,6935.442493999972,2779.9981132075472
1780754710,40,POST,/api/book,7.800000,0.000000,1900,3000,4800,4900,6000,6500,6700,6900,6900,6900,6900,419,0,320,1043.3284750572793,98.90031099985208,6935.442493999972,3381.3341288782817
1780754710,40,GET,/api/concerts,1.700000,0.000000,13,22,37,67,68,74,74,74,74,74,74,77,0,3,19.182390272712603,2.3524609999867607,188.3018160001484,753.0
1780754710,40,GET,/health,0.800000,0.000000,9,10,36,60,86,86,86,86,86,86,86,36,0,3,15.746309388870511,2.3121180000771346,85.96056999999746,57.0
1780754710,40,,Aggregated,10.300000,0.000000,1000,2100,3600,4800,5100,6200,6700,6900,6900,6900,6900,532,0,190,825.561169620298,2.3121180000771346,6935.442493999972,2775.9624060150377
1780754711,40,POST,/api/book,7.800000,0.000000,1900,3000,4800,4900,6000,6500,6700,6900,6900,6900,6900,428,0,320,1064.7212705210288,98.90031099985208,6935.442493999972,3381.376168224299
1780754711,40,GET,/api/concerts,1.500000,0.000000,15,22,37,67,68,74,74,74,74,74,74,78,0,3,19.162888499984557,2.3524609999867607,188.3018160001484,753.0
1780754711,40,GET,/health,0.700000,0.000000,10,36,60,60,86,86,86,86,86,86,86,36,0,3,15.746309388870511,2.3121180000771346,85.96056999999746,57.0
1780754711,40,,Aggregated,10.000000,0.000000,1300,2100,3600,4600,5100,6200,6700,6900,6900,6900,6900,542,0,210,844.5798454317319,2.3121180000771346,6935.442493999972,2782.3154981549815
1780754712,40,POST,/api/book,7.500000,0.000000,2000,3900,4600,4900,5700,6200,6700,6900,6900,6900,6900,441,0,340,1141.1934497029486,98.90031099985208,6935.442493999972,3381.278911564626
1780754712,40,GET,/api/concerts,1.300000,0.000000,15,22,37,68,74,630,630,630,630,630,630,79,0,3,26.957618126566903,2.3524609999867607,634.9465289999898,753.0
1780754712,40,GET,/health,0.800000,0.000000,10,36,60,60,86,86,86,86,86,86,86,36,0,3,15.746309388870511,2.3121180000771346,85.96056999999746,57.0
1780754712,40,,Aggregated,9.600000,0.000000,1400,2500,4100,4600,5600,6200,6600,6700,6900,6900,6900,556,0,230,910.0050904478393,2.3121180000771346,6935.442493999972,2792.595323741007
1780754713,40,POST,/api/book,7.100000,0.000000,2100,3900,4600,4900,5600,6200,6700,6900,6900,6900,6900,457,0,380,1233.3137164398242,98.90031099985208,6935.442493999972,3381.3894967177243
1780754713,40,GET,/api/concerts,1.200000,0.000000,13,18,37,68,74,630,630,630,630,630,630,80,0,3,26.64945284998481,2.3043959999995423,634.9465289999898,753.0
1780754713,40,GET,/health,0.900000,0.000000,10,36,48,48,60,60,60,60,60,60,60,37,0,3,16.630754891873433,2.3121180000771346,85.96056999999746,57.0
1780754713,40,,Aggregated,9.200000,0.000000,1400,2800,4100,4600,5400,6100,6600,6700,6900,6900,6900,574,0,240,986.7102135400661,2.3043959999995423,6935.442493999972,2800.773519163763
1780754714,40,POST,/api/book,7.900000,0.000000,1400,3700,4300,4700,5300,5700,6200,6900,6900,6900,6900,465,0,380,1218.60966088602,98.90031099985208,6935.442493999972,3381.4344086021506
1780754714,40,GET,/api/concerts,1.400000,0.000000,15,37,53,68,93,630,630,630,630,630,630,82,0,3,27.784535304860817,2.3043959999995423,634.9465289999898,753.0
1780754714,40,GET,/health,0.800000,0.000000,9,10,36,48,60,60,60,60,60,60,60,39,0,3,16.11951002562597,2.3121180000771346,85.96056999999746,57.0
1780754714,40,,Aggregated,10.100000,0.000000,670,1600,3800,4200,5100,5600,6000,6200,6900,6900,6900,586,0,240,971.9462203037501,2.3043959999995423,6935.442493999972,2792.382252559727
1780754715,40,POST,/api/book,9.900000,0.000000,1100,2500,3900,4200,5000,5400,5700,5700,5700,5700,5700,473,0,380,1208.2787672262148,98.90031099985208,6935.442493999972,3381.7188160676533
1780754715,40,GET,/api/concerts,1.500000,0.000000,13,28,53,60,74,93,630,630,630,630,630,89,0,3,27.58451546065807,2.3043959999995423,634.9465289999898,753.0
1780754715,40,GET,/health,0.700000,0.000000,10,36,36,48,60,60,60,60,60,60,60,40,0,3,16.617867474982972,2.3121180000771346,85.96056999999746,57.0
1780754715,40,,Aggregated,12.100000,0.000000,540,1100,2300,3700,4700,5300,5600,5700,5700,5700,5700,602,0,240,954.544175204315,2.3043959999995423,6935.442493999972,2772.1760797342195
1780754716,40,POST,/api/book,9.600000,0.000000,1100,2500,3900,4200,5000,5400,5700,5700,5700,5700,5700,478,0,370,1204.0369557761487,98.90031099985208,6935.442493999972,3381.6694560669457
1780754716,40,GET,/api/concerts,1.700000,0.000000,18,37,53,60,93,630,630,630,630,630,630,91,0,4,27.54994789009433,2.3043959999995423,634.9465289999898,753.0
1780754716,40,GET,/health,0.900000,0.000000,8,10,36,36,48,60,60,60,60,60,60,42,0,3,15.96858130950739,2.3121180000771346,85.96056999999746,57.0
1780754716,40,,Aggregated,12.200000,0.000000,520,1300,2300,3800,4700,5300,5600,5700,5700,5700,5700,611,0,230,947.1479386808466,2.3043959999995423,6935.442493999972,2761.628477905074
1780754717,40,POST,/api/book,9.600000,0.000000,1400,3100,4000,4300,5200,5400,5700,5700,5700,5700,5700,481,0,380,1204.8646707837813,98.90031099985208,6935.442493999972,3381.6029106029105
1780754717,40,GET,/api/concerts,1.700000,0.000000,18,46,60,60,93,630,630,630,630,630,630,91,0,4,27.54994789009433,2.3043959999995423,634.9465289999898,753.0
1780754717,40,GET,/health,0.900000,0.000000,6,8,10,36,48,48,48,48,48,48,48,42,0,3,15.96858130950739,2.3121180000771346,85.96056999999746,57.0
1780754717,40,,Aggregated,12.200000,0.000000,480,1600,3100,3900,4900,5400,5700,5700,5700,5700,5700,614,0,230,949.0515184364771,2.3043959999995423,6935.442493999972,2764.6058631921824
1780754718,40,POST,/api/book,7.700000,0.000000,1400,3100,3900,4200,5000,5400,5700,5700,5700,5700,5700,489,0,400,1216.246255314926,98.90031099985208,6935.442493999972,3381.4089979550104
1780754718,40,GET,/api/concerts,2.300000,0.000000,18,46,60,71,93,630,630,630,630,630,630,91,0,4,27.54994789009433,2.3043959999995423,634.9465289999898,753.0
1780754718,40,GET,/health,1.100000,0.000000,8,10,36,36,48,48,48,48,48,48,48,42,0,3,15.96858130950739,2.3121180000771346,85.96056999999746,57.0
1780754718,40,,Aggregated,11.100000,0.000000,950,1800,3200,3800,4900,5400,5700,5700,5700,5700,5700,622,0,240,961.2896214180015,2.3043959999995423,6935.442493999972,2772.389067524116
1780754719,40,POST,/api/book,7.900000,0.000000,1400,3100,3800,4200,4900,5400,5700,5700,5700,5700,5700,501,0,410,1237.6130393353264,98.90031099985208,6935.442493999972,3381.5149700598804
1780754719,40,GET,/api/concerts,1.800000,0.000000,28,53,71,71,93,630,630,630,630,630,630,92,0,4,28.03431051085518,2.3043959999995423,634.9465289999898,753.0
1780754719,40,GET,/health,1.100000,0.000000,10,36,42,42,48,48,48,48,48,48,48,43,0,3,16.562929348820987,2.3121180000771346,85.96056999999746,57.0
1780754719,40,,Aggregated,10.800000,0.000000,1100,1800,3200,3800,4700,5300,5600,5700,5700,5700,5700,636,0,250,980.0872566603721,2.3043959999995423,6935.442493999972,2776.5188679245284
1780754720,40,POST,/api/book,7.300000,0.000000,1600,3200,3900,4000,4900,5400,5700,5700,5700,5700,5700,509,0,420,1255.8100687701346,98.90031099985208,6935.442493999972,3381.624754420432
1780754720,40,GET,/api/concerts,1.600000,0.000000,40,53,71,72,93,630,630,630,630,630,630,95,0,6,28.462764884198133,2.3043959999995423,634.9465289999898,753.0
1780754720,40,GET,/health,0.900000,0.000000,10,36,42,42,48,48,48,48,48,48,48,43,0,3,16.562929348820987,2.3121180000771346,85.96056999999746,57.0
1780754720,40,,Aggregated,9.800000,0.000000,1100,2000,3400,3900,4600,5300,5600,5700,5700,5700,5700,647,0,260,993.2356934003043,2.3043959999995423,6935.442493999972,2774.7032457496134
1780754721,40,POST,/api/book,7.800000,0.000000,1500,3200,3800,4000,4900,5400,5700,5700,5700,5700,5700,516,0,420,1257.1316359631755,98.90031099985208,6935.442493999972,3381.8798449612405
1780754721,40,GET,/api/concerts,1.500000,0.000000,28,53,60,71,83,93,93,93,93,93,93,96,0,4,28.191701531238067,2.3043959999995423,634.9465289999898,753.0
1780754721,40,GET,/health,0.800000,0.000000,8,36,42,42,48,48,48,48,48,48,48,43,0,3,16.562929348820987,2.3121180000771346,85.96056999999746,57.0
1780754721,40,,Aggregated,10.100000,0.000000,950,2300,3400,3800,4700,5300,5600,5700,5700,5700,5700,655,0,270,995.5702801007587,2.3043959999995423,6935.442493999972,2778.303816793893
1780754722,40,POST,/api/book,8.900000,0.000000,1200,2000,3200,3700,4100,4300,4300,4400,4400,4400,4400,537,0,430,1313.197328402233,98.90031099985208,6935.442493999972,3381.8398510242087
1780754722,40,GET,/api/concerts,1.600000,0.000000,40,53,65,71,83,93,93,93,93,93,93,98,0,6,28.4745865408043,2.3043959999995423,634.9465289999898,753.0
1780754722,40,GET,/health,0.800000,0.000000,36,42,48,48,77,77,77,77,77,77,77,44,0,3,17.943239113618986,2.3121180000771346,85.96056999999746,57.0
1780754722,40,,Aggregated,11.300000,0.000000,610,1400,2200,3100,4000,4200,4300,4300,4400,4400,4400,679,0,290,1043.83943645655,2.3043959999995423,6935.442493999972,2786.9661266568482
1780754723,40,POST,/api/book,9.400000,0.000000,1300,2200,3200,3800,4200,4300,4300,4400,4400,4400,4400,540,0,430,1311.0443168666657,98.90031099985208,6935.442493999972,3381.7685185185187
1780754723,40,GET,/api/concerts,1.900000,0.000000,28,46,60,65,72,83,83,83,83,83,83,101,0,6,28.580106514839215,2.3043959999995423,634.9465289999898,753.0
1780754723,40,GET,/health,0.700000,0.000000,36,36,42,42,77,77,77,77,77,77,77,44,0,3,17.943239113618986,2.3121180000771346,85.96056999999746,57.0
1780754723,40,,Aggregated,12.000000,0.000000,670,1500,2500,3200,4000,4200,4300,4300,4400,4400,4400,685,0,290,1038.8905465503615,2.3043959999995423,6935.442493999972,2780.607299270073
1780754724,40,POST,/api/book,9.100000,0.000000,1500,2600,3200,3700,4100,4300,4300,4400,4400,4400,4400,549,0,440,1314.9621477650264,98.90031099985208,6935.442493999972,3381.590163934426
1780754724,40,GET,/api/concerts,1.700000,0.000000,28,45,48,60,72,83,83,83,83,83,83,102,0,6,28.583520637241957,2.3043959999995423,634.9465289999898,753.0
1780754724,40,GET,/health,0.700000,0.000000,42,42,77,77,77,77,77,77,77,77,77,44,0,3,17.943239113618986,2.3121180000771346,85.96056999999746,57.0
1780754724,40,,Aggregated,11.500000,0.000000,890,1800,2800,3200,4000,4200,4300,4300,4400,4400,4400,695,0,290,1044.056461509349,2.3043959999995423,6935.442493999972,2785.33381294964
1780754725,40,POST,/api/book,8.300000,0.000000,1800,2800,3200,3700,4100,4300,4300,4400,4400,4400,4400,559,0,470,1321.9984280160993,98.90031099985208,6935.442493999972,3381.5330948121646
1780754725,40,GET,/api/concerts,1.900000,0.000000,45,46,65,65,72,83,83,83,83,83,83,102,0,6,28.583520637241957,2.3043959999995423,634.9465289999898,753.0
1780754725,40,GET,/health,0.800000,0.000000,66,66,77,77,77,77,77,77,77,77,77,45,0,3,19.010956066649165,2.3121180000771346,85.96056999999746,57.0
1780754725,40,,Aggregated,11.000000,0.000000,1300,2200,2900,3200,4000,4200,4300,4300,4400,4400,4400,706,0,300,1052.0795090495715,2.3043959999995423,6935.442493999972,2789.869688385269
1780754726,40,POST,/api/book,8.200000,0.000000,1500,2800,3200,3700,4100,4300,4300,4400,4400,4400,4400,566,0,470,1317.569264277384,98.90031099985208,6935.442493999972,3381.5636042402825
1780754726,40,GET,/api/concerts,1.900000,0.000000,45,48,72,72,83,210,210,210,210,210,210,106,0,6,30.597454999986844,2.3043959999995423,634.9465289999898,753.0
1780754726,40,GET,/health,0.600000,0.000000,42,66,66,77,77,77,77,77,77,77,77,46,0,3,18.977884130418694,2.3121180000771346,85.96056999999746,57.0
1780754726,40,,Aggregated,10.700000,0.000000,1100,2200,3000,3200,4000,4200,4300,4300,4400,4400,4400,718,0,300,1044.3739783857905,2.3043959999995423,6935.442493999972,2780.508356545961
1780754727,40,POST,/api/book,8.200000,0.000000,1700,2800,3200,3400,4100,4300,4300,4400,4400,4400,4400,572,0,470,1319.8308236608377,98.90031099985208,6935.442493999972,3381.568181818182
1780754727,40,GET,/api/concerts,1.900000,0.000000,40,65,67,72,83,210,210,210,210,210,210,108,0,7,30.896189481467218,2.3043959999995423,634.9465289999898,753.0
1780754727,40,GET,/health,0.400000,0.000000,60,66,66,77,77,77,77,77,77,77,77,47,0,6,19.85545723402509,2.3121180000771346,85.96056999999746,57.0
1780754727,40,,Aggregated,10.500000,0.000000,1000,2200,3000,3200,4000,4200,4300,4300,4400,4400,4400,727,0,300,1044.3098020467637,2.3043959999995423,6935.442493999972,2776.1485557083906
1780754728,40,POST,/api/book,8.700000,0.000000,1800,2900,3200,3400,4100,4300,4300,4400,4400,4400,4400,580,0,480,1335.2931829499987,98.90031099985208,6935.442493999972,3381.456896551724
1780754728,40,GET,/api/concerts,1.300000,0.000000,40,48,67,72,83,210,210,210,210,210,210,109,0,8,30.810519999987065,2.3043959999995423,634.9465289999898,753.0
1780754728,40,GET,/health,0.400000,0.000000,60,66,66,77,77,77,77,77,77,77,77,47,0,6,19.85545723402509,2.3121180000771346,85.96056999999746,57.0
1780754728,40,,Aggregated,10.400000,0.000000,700,2300,3000,3200,4000,4200,4300,4300,4400,4400,4400,736,0,300,1058.0999990230944,2.3043959999995423,6935.442493999972,2779.8926630434785
1780754729,40,POST,/api/book,8.700000,0.000000,2100,3000,3300,3600,4200,4300,4400,4700,4700,4700,4700,595,0,500,1371.1114208403333,98.90031099985208,6935.442493999972,3381.559663865546
1780754729,40,GET,/api/concerts,1.700000,0.000000,40,48,65,67,210,680,680,680,680,680,680,111,0,8,36.946236711699115,2.3043959999995423,681.058498999846,753.0
1780754729,40,GET,/health,0.500000,0.000000,60,66,66,77,77,77,77,77,77,77,77,47,0,6,19.85545723402509,2.3121180000771346,85.96056999999746,57.0
1780754729,40,,Aggregated,10.900000,0.000000,1000,2500,3100,3300,4100,4300,4300,4400,4700,4700,4700,753,0,310,1090.1003109760907,2.3043959999995423,6935.442493999972,2786.573705179283
1780754730,40,POST,/api/book,9.000000,0.000000,1800,2800,3100,3300,4100,4300,4400,4700,4700,4700,4700,605,0,520,1371.1224696760307,98.90031099985208,6935.442493999972,3381.7421487603306
1780754730,40,GET,/api/concerts,1.800000,0.000000,36,48,62,65,78,210,680,680,680,680,680,114,0,10,36.751390035075666,2.3043959999995423,681.058498999846,753.0
1780754730,40,GET,/health,0.500000,0.000000,60,66,66,77,77,77,77,77,77,77,77,48,0,6,19.863811791649272,2.3121180000771346,85.96056999999746,57.0
1780754730,40,,Aggregated,11.300000,0.000000,1100,2200,2900,3100,4100,4300,4300,4400,4700,4700,4700,767,0,310,1088.2297465241156,2.3043959999995423,6935.442493999972,2782.962190352021
1780754731,40,POST,/api/book,9.300000,0.000000,1700,2600,3000,3100,4000,4100,4300,4700,4700,4700,4700,608,0,520,1369.7897535953923,98.90031099985208,6935.442493999972,3381.6792763157896
1780754731,40,GET,/api/concerts,2.000000,0.000000,36,54,63,65,78,210,680,680,680,680,680,117,0,10,36.458016752125616,2.3043959999995423,681.058498999846,753.0
1780754731,40,GET,/health,0.500000,0.000000,60,66,66,77,77,77,77,77,77,77,77,48,0,6,19.863811791649272,2.3121180000771346,85.96056999999746,57.0
1780754731,40,,Aggregated,11.800000,0.000000,1000,2100,2800,3000,3500,4100,4300,4300,4700,4700,4700,773,0,310,1084.1542317102153,2.3043959999995423,6935.442493999972,2777.358344113842
1780754732,40,POST,/api/book,9.100000,0.000000,1400,2500,2900,3100,3500,4100,4300,4700,4700,4700,4700,616,0,510,1368.7259833701273,98.90031099985208,6935.442493999972,3381.6233766233768
1780754732,40,GET,/api/concerts,1.900000,0.000000,36,62,63,67,180,210,680,680,680,680,680,121,0,10,37.29255553718085,2.3043959999995423,681.058498999846,753.0
1780754732,40,GET,/health,0.400000,0.000000,66,66,77,77,77,77,77,77,77,77,77,49,0,6,21.038210816309586,2.3121180000771346,85.96056999999746,57.0
1780754732,40,,Aggregated,11.400000,0.000000,960,1800,2500,2900,3300,3600,4100,4300,4700,4700,4700,786,0,310,1079.7436098040669,2.3043959999995423,6935.442493999972,2769.702290076336
1780754733,40,POST,/api/book,9.300000,0.000000,1300,2600,2900,3100,3500,4100,4300,4700,4700,4700,4700,619,0,510,1367.7033118562174,98.90031099985208,6935.442493999972,3381.64943457189
1780754733,40,GET,/api/concerts,2.000000,0.000000,29,62,63,67,180,210,680,680,680,680,680,122,0,10,37.00642434425304,2.3043959999995423,681.058498999846,753.0
1780754733,40,GET,/health,0.500000,0.000000,60,60,66,66,77,77,77,77,77,77,77,50,0,6,20.952633479980705,2.3121180000771346,85.96056999999746,57.0
1780754733,40,,Aggregated,11.800000,0.000000,960,1800,2700,2900,3300,3600,4100,4300,4700,4700,4700,791,0,310,1077.3334582591613,2.3043959999995423,6935.442493999972,2766.0644753476613
1780754734,40,POST,/api/book,8.700000,0.000000,2200,2900,3200,3400,4100,4700,4800,4800,4800,4800,4800,633,0,530,1415.4333522069485,98.90031099985208,6935.442493999972,3381.685624012638
1780754734,40,GET,/api/concerts,2.200000,0.000000,27,62,63,67,180,210,680,680,680,680,680,124,0,8,36.4560377741835,2.3043959999995423,681.058498999846,753.0
1780754734,40,GET,/health,0.500000,0.000000,60,60,66,66,77,77,77,77,77,77,77,50,0,6,20.952633479980705,2.3121180000771346,85.96056999999746,57.0
1780754734,40,,Aggregated,11.400000,0.000000,1000,2500,3000,3100,3900,4600,4800,4800,4800,4800,4800,807,0,310,1117.1468306133781,2.3043959999995423,6935.442493999972,2771.7831474597274
1780754735,40,POST,/api/book,7.800000,0.000000,2200,3000,3200,3300,4100,4700,4800,4800,4800,4800,4800,648,0,560,1426.4145455601824,98.90031099985208,6935.442493999972,3381.5
1780754735,40,GET,/api/concerts,2.200000,0.000000,22,36,63,63,78,180,680,680,680,680,680,127,0,10,35.98405038581594,2.3043959999995423,681.058498999846,753.0
1780754735,40,GET,/health,0.500000,0.000000,60,69,77,77,320,320,320,320,320,320,320,52,0,6,27.6857879807481,2.3121180000771346,322.8941339998528,57.0
1780754735,40,,Aggregated,10.500000,0.000000,1100,2300,3000,3100,3900,4600,4800,4800,4800,4800,4800,827,0,320,1124.9410651716996,2.3043959999995423,6935.442493999972,2768.8113663845224
1780754736,40,POST,/api/book,7.800000,0.000000,1900,2900,3200,3300,4100,4700,4800,4800,4800,4800,4800,656,0,570,1421.915103602132,98.90031099985208,6935.442493999972,3381.556402439024
1780754736,40,GET,/api/concerts,2.200000,0.000000,19,23,62,63,180,680,680,680,680,680,680,127,0,10,35.98405038581594,2.3043959999995423,681.058498999846,753.0
1780754736,40,GET,/health,0.600000,0.000000,60,69,77,77,320,320,320,320,320,320,320,53,0,7,27.437601471678015,2.3121180000771346,322.8941339998528,57.0
1780754736,40,,Aggregated,10.600000,0.000000,1200,2400,2900,3200,3900,4600,4800,4800,4800,4800,4800,836,0,320,1122.9670756459284,2.3043959999995423,6935.442493999972,2771.474880382775
1780754737,40,POST,/api/book,8.300000,0.000000,1400,2800,3100,3300,4100,4700,4800,4800,4800,4800,4800,663,0,570,1413.6551472111591,98.90031099985208,6935.442493999972,3381.5128205128203
1780754737,40,GET,/api/concerts,2.200000,0.000000,16,23,54,62,63,180,680,680,680,680,680,133,0,10,35.05608345111662,2.3043959999995423,681.058498999846,753.0
1780754737,40,GET,/health,0.600000,0.000000,35,56,69,69,77,320,320,320,320,320,320,57,0,7,27.2343784034854,2.3121180000771346,322.8941339998528,57.0
1780754737,40,,Aggregated,11.100000,0.000000,1100,1900,2800,3100,3600,4600,4800,4800,4800,4800,4800,853,0,320,1106.0588291547429,2.3043959999995423,6935.442493999972,2749.520515826495
1780754738,40,POST,/api/book,8.900000,0.000000,1300,2300,2800,3100,4100,4700,4800,4800,4800,4800,4800,669,0,570,1406.7731699192802,98.90031099985208,6935.442493999972,3381.45889387145
1780754738,40,GET,/api/concerts,2.400000,0.000000,13,23,32,49,63,63,180,180,180,180,180,136,0,10,34.85577026469604,2.3043959999995423,681.058498999846,753.0
1780754738,40,GET,/health,0.800000,0.000000,20,56,69,77,80,320,320,320,320,320,320,60,0,8,27.67655343331133,2.3121180000771346,322.8941339998528,57.0
1780754738,40,,Aggregated,12.100000,0.000000,830,1300,2200,2600,3400,4600,4800,4800,4800,4800,4800,865,0,310,1095.412981084388,2.3043959999995423,6935.442493999972,2737.6
1780754739,40,POST,/api/book,9.100000,0.000000,1200,1900,2700,2900,3500,4600,4800,4800,4800,4800,4800,679,0,570,1403.5287519234148,92.13799400004064,6935.442493999972,3381.440353460972
1780754739,40,GET,/api/concerts,2.000000,0.000000,13,23,37,49,63,64,180,180,180,180,180,139,0,10,34.815703964019654,2.3043959999995423,681.058498999846,753.0
1780754739,40,GET,/health,0.600000,0.000000,35,56,69,77,80,320,320,320,320,320,320,62,0,9,28.588115370947406,2.3121180000771346,322.8941339998528,57.0
1780754739,40,,Aggregated,11.700000,0.000000,420,1200,1600,2100,3200,4100,4800,4800,4800,4800,4800,880,0,320,1090.4634869999954,2.3043959999995423,6935.442493999972,2732.044318181818
1780754740,40,POST,/api/book,9.200000,0.000000,1300,1900,2700,3000,3600,4700,4800,4800,4800,4800,4800,684,0,570,1402.3644873479514,92.13799400004064,6935.442493999972,3381.4751461988303
1780754740,40,GET,/api/concerts,2.500000,0.000000,10,23,29,37,63,64,180,180,180,180,180,141,0,10,34.547380163112294,2.3043959999995423,681.058498999846,753.0
1780754740,40,GET,/health,1.000000,0.000000,35,61,64,69,80,320,320,320,320,320,320,64,0,9,28.901986921857414,2.3121180000771346,322.8941339998528,57.0
1780754740,40,,Aggregated,12.700000,0.000000,440,1100,1700,2300,3300,4600,4800,4800,4800,4800,4800,889,0,320,1086.544676166475,2.3043959999995423,6935.442493999972,2725.2530933633298
1780754741,40,POST,/api/book,8.500000,0.000000,1200,2000,2700,2900,3500,4600,4800,4800,4800,4800,4800,694,0,590,1401.3114370965393,92.13799400004064,6935.442493999972,3381.4466858789624
1780754741,40,GET,/api/concerts,2.500000,0.000000,14,28,32,37,64,97,180,180,180,180,180,144,0,13,34.87981161804754,2.3043959999995423,681.058498999846,753.0
1780754741,40,GET,/health,1.300000,0.000000,35,61,64,69,80,320,320,320,320,320,320,65,0,9,28.531850307674105,2.3121180000771346,322.8941339998528,57.0
1780754741,40,,Aggregated,12.300000,0.000000,540,1100,1900,2200,3200,4100,4800,4800,4800,4800,4800,903,0,320,1084.592913054259,2.3043959999995423,6935.442493999972,2722.9911406423034
1780754742,40,POST,/api/book,8.200000,0.000000,1300,2000,2500,2800,3300,4600,4800,4800,4800,4800,4800,702,0,590,1402.7443964672345,92.13799400004064,6935.442493999972,3381.488603988604
1780754742,40,GET,/api/concerts,2.800000,0.000000,19,29,37,41,58,64,97,97,97,97,97,146,0,13,35.05758122601769,2.3043959999995423,681.058498999846,753.0
1780754742,40,GET,/health,1.500000,0.000000,35,56,61,64,80,320,320,320,320,320,320,66,0,9,28.75739692422547,2.3121180000771346,322.8941339998528,57.0
1780754742,40,,Aggregated,12.500000,0.000000,570,1300,1900,2400,3100,4100,4800,4800,4800,4800,4800,914,0,320,1085.057944612687,2.3043959999995423,6935.442493999972,2721.559080962801
1780754743,40,POST,/api/book,8.000000,0.000000,1300,2200,2700,3000,3500,4600,4800,4800,4800,4800,4800,709,0,610,1408.999790605075,92.13799400004064,6935.442493999972,3381.40197461213
1780754743,40,GET,/api/concerts,2.500000,0.000000,23,32,38,49,64,89,97,97,97,97,97,148,0,13,35.22423310134225,2.3043959999995423,681.058498999846,753.0
1780754743,40,GET,/health,1.600000,0.000000,35,50,61,64,80,320,320,320,320,320,320,67,0,9,28.363310492521244,2.3121180000771346,322.8941339998528,57.0
1780754743,40,,Aggregated,12.100000,0.000000,570,1300,1900,2400,3200,4100,4800,4800,4800,4800,4800,924,0,320,1088.8467314296488,2.3043959999995423,6935.442493999972,2719.3474025974024
1780754744,40,POST,/api/book,8.900000,0.000000,1100,1700,2300,2500,3000,3300,3700,3700,3700,3700,3700,714,0,610,1413.6139793333307,92.13799400004064,6935.442493999972,3381.4621848739494
1780754744,40,GET,/api/concerts,2.700000,0.000000,23,32,41,49,64,89,97,97,97,97,97,148,0,13,35.22423310134225,2.3043959999995423,681.058498999846,753.0
1780754744,40,GET,/health,1.700000,0.000000,42,50,61,64,80,320,320,320,320,320,320,68,0,9,28.55784523527953,2.3121180000771346,322.8941339998528,57.0
1780754744,40,,Aggregated,13.300000,0.000000,440,1100,1600,1900,2700,3200,3500,3700,3700,3700,3700,930,0,320,1092.9844099128984,2.3043959999995423,6935.442493999972,2720.090322580645
1780754745,40,POST,/api/book,8.700000,0.000000,1100,1900,2500,2700,3100,3500,3700,3700,3700,3700,3700,726,0,630,1426.5822560413192,92.13799400004064,6935.442493999972,3381.530303030303
1780754745,40,GET,/api/concerts,2.500000,0.000000,29,38,49,58,64,89,97,97,97,97,97,151,0,14,35.24581131787257,2.3043959999995423,681.058498999846,753.0
1780754745,40,GET,/health,1.800000,0.000000,42,50,61,64,80,320,320,320,320,320,320,68,0,9,28.55784523527953,2.3121180000771346,322.8941339998528,57.0
1780754745,40,,Aggregated,13.000000,0.000000,420,1100,1600,2200,2900,3200,3500,3700,3700,3700,3700,945,0,320,1103.6643056835928,2.3043959999995423,6935.442493999972,2722.296296296296
1780754746,40,POST,/api/book,8.900000,0.000000,1100,2200,2600,2800,3200,3500,3700,3800,3800,3800,3800,735,0,640,1426.2958952108818,92.13799400004064,6935.442493999972,3381.6721088435374
1780754746,40,GET,/api/concerts,2.500000,0.000000,28,41,49,64,86,89,97,97,97,97,97,153,0,14,35.37339631371827,2.3043959999995423,681.058498999846,753.0
1780754746,40,GET,/health,1.700000,0.000000,35,43,56,61,64,80,80,80,80,80,80,68,0,9,28.55784523527953,2.3121180000771346,322.8941339998528,57.0
1780754746,40,,Aggregated,13.100000,0.000000,420,1100,1900,2400,3000,3300,3700,3700,3800,3800,3800,956,0,320,1104.2693996778198,2.3043959999995423,6935.442493999972,2724.4916317991633
1780754747,40,POST,/api/book,8.200000,0.000000,1600,2500,2800,2900,3200,3600,3700,3800,3800,3800,3800,742,0,640,1431.0969258140135,92.13799400004064,6935.442493999972,3381.644204851752
1780754747,40,GET,/api/concerts,2.500000,0.000000,38,49,64,64,89,97,97,97,97,97,97,153,0,14,35.37339631371827,2.3043959999995423,681.058498999846,753.0
1780754747,40,GET,/health,1.800000,0.000000,43,50,64,64,80,80,80,80,80,80,80,69,0,10,29.30718034781256,2.3121180000771346,322.8941339998528,57.0
1780754747,40,,Aggregated,12.500000,0.000000,500,1600,2400,2700,3100,3500,3700,3700,3800,3800,3800,964,0,320,1109.2409170477133,2.3043959999995423,6935.442493999972,2726.47510373444
1780754748,40,POST,/api/book,7.800000,0.000000,1700,2600,2900,3000,3500,3700,4700,4800,4800,4800,4800,751,0,670,1440.4620276924081,92.13799400004064,6935.442493999972,3381.5512649800266
1780754748,40,GET,/api/concerts,2.500000,0.000000,38,58,64,86,97,110,110,110,110,110,110,155,0,14,35.777250393541564,2.3043959999995423,681.058498999846,753.0
1780754748,40,GET,/health,1.500000,0.000000,43,50,61,64,80,80,80,80,80,80,80,69,0,10,29.30718034781256,2.3121180000771346,322.8941339998528,57.0
1780754748,40,,Aggregated,11.800000,0.000000,670,1900,2600,2800,3200,3700,3800,4700,4800,4800,4800,975,0,330,1117.2868226174319,2.3043959999995423,6935.442493999972,2728.4030769230767
1780754749,40,POST,/api/book,7.900000,0.000000,1700,2800,3000,3100,3600,3800,4700,4800,4800,4800,4800,765,0,690,1454.233302567318,92.13799400004064,6935.442493999972,3381.613071895425
1780754749,40,GET,/api/concerts,2.500000,0.000000,41,58,86,86,97,110,110,110,110,110,110,156,0,14,35.781823916660365,2.3043959999995423,681.058498999846,753.0
1780754749,40,GET,/health,1.500000,0.000000,42,43,64,64,80,80,80,80,80,80,80,69,0,10,29.30718034781256,2.3121180000771346,322.8941339998528,57.0
1780754749,40,,Aggregated,11.900000,0.000000,840,2400,2900,3000,3500,3700,4200,4700,4800,4800,4800,990,0,340,1131.4067034737332,2.3043959999995423,6935.442493999972,2735.691919191919
1780754750,40,POST,/api/book,7.700000,0.000000,1400,2700,3000,3100,3600,3800,4700,4800,4800,4800,4800,775,0,690,1448.0628480077385,92.13799400004064,6935.442493999972,3381.708387096774
1780754750,40,GET,/api/concerts,1.900000,0.000000,41,58,64,86,97,110,110,110,110,110,110,158,0,15,35.900616835436445,2.3043959999995423,681.058498999846,753.0
1780754750,40,GET,/health,1.200000,0.000000,42,43,69,69,80,80,80,80,80,80,80,71,0,10,29.491850056327255,2.3121180000771346,322.8941339998528,57.0
1780754750,40,,Aggregated,10.800000,0.000000,770,2200,2800,3000,3500,3700,4200,4700,4800,4800,4800,1004,0,340,1125.5128745219072,2.3043959999995423,6935.442493999972,2732.913346613546
1780754751,40,POST,/api/book,8.500000,0.000000,1600,2900,3000,3100,3600,3800,4700,4800,4800,4800,4800,781,0,690,1447.1383059423779,92.13799400004064,6935.442493999972,3381.6811779769528
1780754751,40,GET,/api/concerts,2.000000,0.000000,41,58,64,86,89,110,110,110,110,110,110,158,0,15,35.900616835436445,2.3043959999995423,681.058498999846,753.0
1780754751,40,GET,/health,0.900000,0.000000,43,43,69,69,80,80,80,80,80,80,80,71,0,10,29.491850056327255,2.3121180000771346,322.8941339998528,57.0
1780754751,40,,Aggregated,11.400000,0.000000,950,2300,2900,3000,3500,3700,4200,4700,4800,4800,4800,1010,0,340,1126.7140948069255,2.3043959999995423,6935.442493999972,2736.7465346534655
1780754752,40,POST,/api/book,8.900000,0.000000,1200,2800,3000,3100,3600,3800,4700,4800,4800,4800,4800,786,0,670,1440.3544995559762,92.13799400004064,6935.442493999972,3381.687022900763
1780754752,40,GET,/api/concerts,1.700000,0.000000,36,54,64,86,89,110,110,110,110,110,110,159,0,15,35.69003306288738,2.3043959999995423,681.058498999846,753.0
1780754752,40,GET,/health,0.700000,0.000000,43,43,69,69,80,80,80,80,80,80,80,71,0,10,29.491850056327255,2.3121180000771346,322.8941339998528,57.0
1780754752,40,,Aggregated,11.300000,0.000000,750,2300,2900,3000,3500,3800,4700,4800,4800,4800,4800,1016,0,340,1121.9362925807036,2.3043959999995423,6935.442493999972,2737.972440944882
1780754753,40,POST,/api/book,9.200000,0.000000,1100,2600,2900,3100,3600,3800,4700,4800,4800,4800,4800,792,0,670,1439.6082452209566,92.13799400004064,6935.442493999972,3381.651515151515
1780754753,40,GET,/api/concerts,1.700000,0.000000,36,41,64,64,86,110,110,110,110,110,110,160,0,15,35.68421327499394,2.3043959999995423,681.058498999846,753.0
1780754753,40,GET,/health,0.700000,0.000000,69,80,80,97,97,97,97,97,97,97,97,72,0,10,30.426620999989495,2.3121180000771346,322.8941339998528,57.0
1780754753,40,,Aggregated,11.600000,0.000000,730,2200,2900,3000,3500,3800,4700,4800,4800,4800,4800,1024,0,340,1121.1620322763627,2.3043959999995423,6935.442493999972,2737.16015625
1780754754,40,POST,/api/book,8.400000,0.000000,1100,2800,3000,3200,4200,4800,4800,4900,4900,4900,4900,804,0,680,1461.1328544228832,92.13799400004064,6935.442493999972,3381.7649253731342
1780754754,40,GET,/api/concerts,1.300000,0.000000,36,36,64,64,86,110,110,110,110,110,110,161,0,15,35.47800538508836,2.3043959999995423,681.058498999846,753.0
1780754754,40,GET,/health,0.600000,0.000000,69,80,80,97,97,97,97,97,97,97,97,72,0,10,30.426620999989495,2.3121180000771346,322.8941339998528,57.0
1780754754,40,,Aggregated,10.300000,0.000000,750,2300,2900,3100,4100,4700,4800,4800,4900,4900,4900,1037,0,350,1140.4565964657627,2.3043959999995423,6935.442493999972,2742.7926711668274
1780754755,40,POST,/api/book,8.400000,0.000000,1900,2900,3500,3800,4600,4800,4900,5000,5000,5000,5000,822,0,700,1495.0066695754238,92.13799400004064,6935.442493999972,3381.6496350364964
1780754755,40,GET,/api/concerts,1.300000,0.000000,36,36,54,110,310,310,310,310,310,310,310,162,0,15,37.20093953085883,2.3043959999995423,681.058498999846,753.0
1780754755,40,GET,/health,0.400000,0.000000,80,80,97,97,97,97,97,97,97,97,97,72,0,10,30.426620999989495,2.3121180000771346,322.8941339998528,57.0
1780754755,40,,Aggregated,10.100000,0.000000,870,2800,3200,3600,4600,4800,4900,4900,5000,5000,5000,1056,0,370,1171.5082872225344,2.3043959999995423,6935.442493999972,2751.7102272727275
1780754756,40,POST,/api/book,8.500000,0.000000,1900,3000,3600,4200,4700,4800,4900,5000,5000,5000,5000,827,0,710,1502.822327293832,92.13799400004064,6935.442493999972,3381.683192261185
1780754756,40,GET,/api/concerts,1.200000,0.000000,35,36,54,54,110,310,310,310,310,310,310,163,0,15,37.01706506134377,2.3043959999995423,681.058498999846,753.0
1780754756,40,GET,/health,0.500000,0.000000,69,80,80,97,97,97,97,97,97,97,97,73,0,14,30.404549232868753,2.3121180000771346,322.8941339998528,57.0
1780754756,40,,Aggregated,10.200000,0.000000,950,2800,3500,3700,4600,4800,4900,4900,5000,5000,5000,1063,0,370,1176.9401489849454,2.3043959999995423,6935.442493999972,2750.2841015992476
1780754757,40,POST,/api/book,9.100000,0.000000,1700,2900,3600,4100,4600,4800,4900,5000,5000,5000,5000,837,0,750,1501.8478102198312,92.13799400004064,6935.442493999972,3381.505376344086
1780754757,40,GET,/api/concerts,1.200000,0.000000,36,36,54,54,110,310,310,310,310,310,310,165,0,16,36.9595691939339,2.3043959999995423,681.058498999846,753.0
1780754757,40,GET,/health,0.400000,0.000000,69,80,97,97,100,100,100,100,100,100,100,75,0,14,31.028735426660507,2.3121180000771346,322.8941339998528,57.0
1780754757,40,,Aggregated,10.700000,0.000000,1100,2200,3100,3600,4600,4800,4900,4900,5000,5000,5000,1077,0,390,1174.9973084753917,2.3043959999995423,6935.442493999972,2747.298050139276
1780754758,40,POST,/api/book,9.800000,0.000000,1600,2400,3100,3600,4600,4800,4900,5000,5000,5000,5000,846,0,730,1498.988494624112,91.81283399993845,6935.442493999972,3381.434988179669
1780754758,40,GET,/api/concerts,1.000000,0.000000,35,36,37,54,310,310,310,310,310,310,310,165,0,16,36.9595691939339,2.3043959999995423,681.058498999846,753.0
1780754758,40,GET,/health,0.400000,0.000000,52,69,97,97,100,100,100,100,100,100,100,77,0,14,31.093350987010705,2.3121180000771346,322.8941339998528,57.0
1780754758,40,,Aggregated,11.200000,0.000000,1000,2000,2800,3100,4500,4800,4900,4900,5000,5000,5000,1088,0,390,1173.3793965027548,2.3043959999995423,6935.442493999972,2747.544117647059
1780754759,40,POST,/api/book,9.000000,0.000000,1500,2500,3300,3600,4600,4800,4900,5000,5000,5000,5000,850,0,730,1498.4875915882344,91.54677200012884,6935.442493999972,3381.5282352941176
1780754759,40,GET,/api/concerts,1.000000,0.000000,35,54,74,74,180,310,310,310,310,310,310,168,0,16,37.81468012499477,2.3043959999995423,681.058498999846,753.0
1780754759,40,GET,/health,0.500000,0.000000,29,52,69,97,100,100,100,100,100,100,100,78,0,14,30.7246654999963,2.3121180000771346,322.8941339998528,57.0
1780754759,40,,Aggregated,10.500000,0.000000,600,1900,2700,3300,4500,4800,4900,4900,5000,5000,5000,1096,0,380,1170.1312436313847,2.3043959999995423,6935.442493999972,2742.015510948905
1780754760,40,POST,/api/book,9.600000,0.000000,1800,2800,3600,4100,4600,4800,4900,5000,5000,5000,5000,855,0,760,1507.127147980117,91.54677200012884,6935.442493999972,3381.404678362573
1780754760,40,GET,/api/concerts,1.200000,0.000000,35,37,74,74,180,310,310,310,310,310,310,169,0,16,37.66188886390057,2.3043959999995423,681.058498999846,753.0
1780754760,40,GET,/health,0.600000,0.000000,29,52,69,97,100,100,100,100,100,100,100,78,0,14,30.7246654999963,2.3121180000771346,322.8941339998528,57.0
1780754760,40,,Aggregated,11.400000,0.000000,1000,2400,3400,3600,4600,4800,4900,5000,5000,5000,5000,1102,0,390,1177.2732256352074,2.3043959999995423,6935.442493999972,2743.016333938294
1780754761,40,POST,/api/book,8.900000,0.000000,1800,3300,3600,4100,4600,4800,4900,5000,5000,5000,5000,860,0,760,1511.7627939430224,91.54677200012884,6935.442493999972,3381.344186046512
1780754761,40,GET,/api/concerts,1.000000,0.000000,27,37,74,74,180,310,310,310,310,310,310,169,0,16,37.66188886390057,2.3043959999995423,681.058498999846,753.0
1780754761,40,GET,/health,0.800000,0.000000,29,52,68,97,100,100,100,100,100,100,100,81,0,14,30.87380479011817,2.3121180000771346,322.8941339998528,57.0
1780754761,40,,Aggregated,10.700000,0.000000,1200,2400,3400,3600,4600,4800,4900,5000,5000,5000,5000,1110,0,390,1179.2627389162144,2.3043959999995423,6935.442493999972,2738.5855855855857
1780754762,40,POST,/api/book,8.100000,0.000000,2100,3300,3600,4100,4600,4800,4900,5000,5000,5000,5000,865,0,770,1515.9103645907505,91.54677200012884,6935.442493999972,3381.3317919075143
1780754762,40,GET,/api/concerts,1.100000,0.000000,35,37,74,180,310,310,310,310,310,310,310,169,0,16,37.66188886390057,2.3043959999995423,681.058498999846,753.0
1780754762,40,GET,/health,0.900000,0.000000,29,52,68,97,100,100,100,100,100,100,100,81,0,14,30.87380479011817,2.3121180000771346,322.8941339998528,57.0
1780754762,40,,Aggregated,10.100000,0.000000,1400,2500,3400,3600,4600,4800,4900,5000,5000,5000,5000,1115,0,390,1183.97139262511,2.3043959999995423,6935.442493999972,2741.4582959641257
1780754763,40,POST,/api/book,7.900000,0.000000,2300,3500,4200,4500,4800,4900,5800,5900,5900,5900,5900,877,0,800,1544.61626696009,91.54677200012884,6935.442493999972,3381.2029646522233
1780754763,40,GET,/api/concerts,1.100000,0.000000,27,37,74,180,310,310,310,310,310,310,310,170,0,15,37.49806474117162,2.3043959999995423,681.058498999846,753.0
1780754763,40,GET,/health,0.800000,0.000000,29,52,68,97,100,100,100,100,100,100,100,81,0,14,30.87380479011817,2.3121180000771346,322.8941339998528,57.0
1780754763,40,,Aggregated,9.800000,0.000000,1800,2900,3700,4200,4700,4900,5000,5800,5900,5900,5900,1128,0,400,1208.7800667712743,2.3043959999995423,6935.442493999972,2746.4024822695037
1780754764,40,POST,/api/book,8.100000,0.000000,2300,3500,4000,4500,4800,5600,5900,6300,6300,6300,6300,890,0,810,1563.3703662775274,91.54677200012884,6935.442493999972,3381.149438202247
1780754764,40,GET,/api/concerts,1.100000,0.000000,47,50,74,74,180,310,310,310,310,310,310,173,0,16,37.73878980346165,2.3043959999995423,681.058498999846,753.0
1780754764,40,GET,/health,1.000000,0.000000,26,29,52,68,100,100,100,100,100,100,100,81,0,14,30.87380479011817,2.3121180000771346,322.8941339998528,57.0
1780754764,40,,Aggregated,10.200000,0.000000,1800,2800,3600,4000,4700,5000,5800,5900,6300,6300,6300,1144,0,410,1224.1514115480745,2.3043959999995423,6935.442493999972,2748.347027972028
1780754765,40,POST,/api/book,7.800000,0.000000,1800,2700,3600,4000,4800,5600,5900,6300,6300,6300,6300,895,0,810,1563.1604593988818,91.54677200012884,6935.442493999972,3381.136312849162
1780754765,40,GET,/api/concerts,1.000000,0.000000,37,50,57,57,74,180,180,180,180,180,180,173,0,16,37.73878980346165,2.3043959999995423,681.058498999846,753.0
1780754765,40,GET,/health,1.000000,0.000000,26,29,52,68,100,100,100,100,100,100,100,81,0,14,30.87380479011817,2.3121180000771346,322.8941339998528,57.0
1780754765,40,,Aggregated,9.800000,0.000000,1300,2100,3100,3600,4500,5600,5900,6300,6300,6300,6300,1149,0,410,1225.4640556884221,2.3043959999995423,6935.442493999972,2751.0905134899913
1780754766,40,POST,/api/book,8.700000,0.000000,2100,3100,3600,4000,4700,5600,5900,6300,6300,6300,6300,902,0,820,1571.9363982993339,91.54677200012884,6935.442493999972,3381.232815964523
1780754766,40,GET,/api/concerts,1.000000,0.000000,37,47,57,57,74,180,180,180,180,180,180,175,0,16,37.335747222850195,2.3043959999995423,681.058498999846,753.0
1780754766,40,GET,/health,0.900000,0.000000,15,26,52,68,100,100,100,100,100,100,100,82,0,14,30.528953512190384,2.3121180000771346,322.8941339998528,57.0
1780754766,40,,Aggregated,10.600000,0.000000,1500,2400,3300,3600,4500,5600,5900,6300,6300,6300,6300,1159,0,410,1231.1680424659164,2.3043959999995423,6935.442493999972,2749.1984469370145
1780754767,40,POST,/api/book,8.500000,0.000000,2400,3400,4000,4300,4900,5600,5900,6300,6300,6300,6300,914,0,830,1587.7619596728657,91.54677200012884,6935.442493999972,3381.4245076586435
1780754767,40,GET,/api/concerts,1.200000,0.000000,57,180,360,580,980,1200,1200,1200,1200,1200,1200,179,0,18,53.95449299440864,2.3043959999995423,1205.510871000115,753.0
1780754767,40,GET,/health,0.900000,0.000000,26,41,52,52,68,68,68,68,68,68,68,83,0,14,30.657703518068594,2.3121180000771346,322.8941339998528,57.0
1780754767,40,,Aggregated,10.600000,0.000000,1800,2700,3500,3800,4700,5600,5900,6300,6300,6300,6300,1176,0,420,1244.4021044039098,2.3043959999995423,6935.442493999972,2746.71768707483
1780754768,40,POST,/api/book,7.100000,0.000000,2300,3400,3800,4200,4900,5600,5900,6300,6300,6300,6300,924,0,830,1583.12256974567,91.54677200012884,6935.442493999972,3381.288961038961
1780754768,40,GET,/api/concerts,1.300000,0.000000,50,74,360,580,980,1200,1200,1200,1200,1200,1200,179,0,18,53.95449299440864,2.3043959999995423,1205.510871000115,753.0
1780754768,40,GET,/health,1.000000,0.000000,26,26,41,41,68,68,68,68,68,68,68,83,0,14,30.657703518068594,2.3121180000771346,322.8941339998528,57.0
1780754768,40,,Aggregated,9.400000,0.000000,1500,2900,3500,3800,4700,5600,5900,6300,6300,6300,6300,1186,0,420,1243.6827133920724,2.3043959999995423,6935.442493999972,2751.9637436762227
1780754769,40,POST,/api/book,7.600000,0.000000,2300,3300,3700,4200,4800,5600,5900,6300,6300,6300,6300,934,0,840,1585.5217975192709,91.54677200012884,6935.442493999972,3381.3768736616703
1780754769,40,GET,/api/concerts,1.600000,0.000000,47,57,360,580,980,1200,1200,1200,1200,1200,1200,182,0,16,53.106549697798314,2.3043959999995423,1205.510871000115,753.0
1780754769,40,GET,/health,0.900000,0.000000,26,41,41,68,68,68,68,68,68,68,68,83,0,14,30.657703518068594,2.3121180000771346,322.8941339998528,57.0
1780754769,40,,Aggregated,10.100000,0.000000,1700,2700,3500,3700,4600,5000,5800,5900,6300,6300,6300,1199,0,420,1245.277181251041,2.3043959999995423,6935.442493999972,2752.279399499583
1780754770,40,POST,/api/book,7.700000,0.000000,2100,3100,3600,4200,4800,5600,5900,6300,6300,6300,6300,942,0,830,1578.1607044978755,91.54677200012884,6935.442493999972,3381.2388535031846
1780754770,40,GET,/api/concerts,1.400000,0.000000,12,47,57,360,980,1200,1200,1200,1200,1200,1200,186,0,15,52.27687792472701,2.3043959999995423,1205.510871000115,753.0
1780754770,40,GET,/health,0.800000,0.000000,26,26,41,41,41,41,41,41,41,41,41,83,0,14,30.657703518068594,2.3121180000771346,322.8941339998528,57.0
1780754770,40,,Aggregated,9.900000,0.000000,1200,2300,3200,3600,4600,5000,5800,5900,6300,6300,6300,1211,0,420,1237.7336683096594,2.3043959999995423,6935.442493999972,2749.7241948802643
1780754771,40,POST,/api/book,8.300000,0.000000,2000,2700,3600,4200,4800,5600,5900,6300,6300,6300,6300,945,0,830,1575.7757227587285,91.54677200012884,6935.442493999972,3381.253968253968
1780754771,40,GET,/api/concerts,1.400000,0.000000,19,47,57,73,580,980,1200,1200,1200,1200,1200,190,0,16,51.83245326315296,2.3043959999995423,1205.510871000115,753.0
1780754771,40,GET,/health,0.600000,0.000000,26,26,41,41,41,41,41,41,41,41,41,83,0,14,30.657703518068594,2.3121180000771346,322.8941339998528,57.0
1780754771,40,,Aggregated,10.300000,0.000000,1100,2300,2900,3600,4600,5000,5800,5900,6300,6300,6300,1218,0,420,1232.759288603446,2.3043959999995423,6935.442493999972,2744.733990147783
1780754772,40,POST,/api/book,8.600000,0.000000,2100,3100,3600,4200,4800,5600,5900,6300,6300,6300,6300,949,0,840,1581.3909694204408,91.54677200012884,6935.442493999972,3381.2613277133823
1780754772,40,GET,/api/concerts,1.400000,0.000000,19,50,68,360,640,980,1200,1200,1200,1200,1200,194,0,16,54.42791008762335,2.3043959999995423,1205.510871000115,753.0
1780754772,40,GET,/health,0.500000,0.000000,10,26,26,41,41,41,41,41,41,41,41,84,0,14,30.327513642853482,2.3121180000771346,322.8941339998528,57.0
1780754772,40,,Aggregated,10.500000,0.000000,980,2200,3200,3600,4500,5000,5800,5900,6300,6300,6300,1227,0,420,1233.7787739877726,2.3043959999995423,6935.442493999972,2738.131214343928
1780754773,40,POST,/api/book,8.500000,0.000000,1900,2700,3600,4000,4500,4900,5600,5600,5600,5600,5600,971,0,880,1600.3245765046327,91.54677200012884,6935.442493999972,3381.397528321318
1780754773,40,GET,/api/concerts,1.900000,0.000000,30,57,280,360,960,980,1200,1200,1200,1200,1200,198,0,16,59.63475774746948,2.3043959999995423,1205.510871000115,753.0
1780754773,40,GET,/health,0.400000,0.000000,3,3,41,41,41,41,41,41,41,41,41,84,0,14,30.327513642853482,2.3121180000771346,322.8941339998528,57.0
1780754773,40,,Aggregated,10.800000,0.000000,840,2000,2700,3200,4400,4800,5000,5600,5600,5600,5600,1253,0,420,1251.6124157749377,2.3043959999995423,6935.442493999972,2743.191540303272
1780754774,40,POST,/api/book,8.200000,0.000000,1900,2700,3600,3700,4600,4800,5000,5000,5000,5000,5000,978,0,870,1603.8920388721863,91.54677200012884,6935.442493999972,3381.486707566462
1780754774,40,GET,/api/concerts,2.400000,0.000000,19,68,280,360,960,980,1200,1200,1200,1200,1200,199,0,16,59.4379048542659,2.3043959999995423,1205.510871000115,753.0
1780754774,40,GET,/health,0.200000,0.000000,3,3,41,41,41,41,41,41,41,41,41,84,0,14,30.327513642853482,2.3121180000771346,322.8941339998528,57.0
1780754774,40,,Aggregated,10.800000,0.000000,940,2200,2800,3200,4400,4800,4900,5000,5000,5000,5000,1261,0,420,1255.3386742497994,2.3043959999995423,6935.442493999972,2745.225218080888
1780754775,40,POST,/api/book,8.800000,0.000000,1400,2600,3200,3600,4500,4800,5000,5000,5000,5000,5000,981,0,850,1599.4659208409767,91.54677200012884,6935.442493999972,3381.4984709480123
1780754775,40,GET,/api/concerts,2.600000,0.000000,13,43,280,360,960,980,1200,1200,1200,1200,1200,203,0,15,58.37090967487131,2.3043959999995423,1205.510871000115,753.0
1780754775,40,GET,/health,0.300000,0.000000,3,3,41,41,41,41,41,41,41,41,41,85,0,14,29.998100964703287,2.3121180000771346,322.8941339998528,57.0
1780754775,40,,Aggregated,11.700000,0.000000,750,1900,2600,3100,4400,4800,4900,5000,5000,5000,5000,1269,0,420,1247.8133976288393,2.3043959999995423,6935.442493999972,2738.340425531915
1780754776,40,POST,/api/book,9.400000,0.000000,1400,2600,3100,3600,4400,4800,5000,5000,5000,5000,5000,992,0,880,1603.1189095252,91.54677200012884,6935.442493999972,3381.517137096774
1780754776,40,GET,/api/concerts,2.800000,0.000000,13,43,84,360,960,980,1200,1200,1200,1200,1200,205,0,15,58.226134043897346,2.3043959999995423,1205.510871000115,753.0
1780754776,40,GET,/health,0.300000,0.000000,4,23,23,41,41,41,41,41,41,41,41,87,0,14,29.62224232183563,2.3121180000771346,322.8941339998528,57.0
1780754776,40,,Aggregated,12.500000,0.000000,700,1800,2600,2800,4400,4600,4800,5000,5000,5000,5000,1284,0,420,1249.8500395716492,2.3043959999995423,6935.442493999972,2736.595794392523
1780754777,40,POST,/api/book,8.700000,0.000000,1200,2500,2800,3300,4400,4800,4800,5000,5000,5000,5000,996,0,870,1600.40660012048,91.54677200012884,6935.442493999972,3381.617469879518
1780754777,40,GET,/api/concerts,2.700000,0.000000,4,20,43,68,280,640,960,960,960,960,960,205,0,15,58.226134043897346,2.3043959999995423,1205.510871000115,753.0
1780754777,40,GET,/health,0.300000,0.000000,4,23,23,41,41,41,41,41,41,41,41,87,0,14,29.62224232183563,2.3121180000771346,322.8941339998528,57.0
1780754777,40,,Aggregated,11.700000,0.000000,460,1600,2500,2800,4100,4600,4800,4800,5000,5000,5000,1288,0,420,1248.8497409013953,2.3043959999995423,6935.442493999972,2738.676242236025
1780754778,40,POST,/api/book,8.700000,0.000000,1200,2600,3100,3200,4400,4800,4800,5000,5000,5000,5000,1005,0,870,1600.3768634746252,91.54677200012884,6935.442493999972,3381.6666666666665
1780754778,40,GET,/api/concerts,2.800000,0.000000,8,30,58,68,280,640,960,960,960,960,960,207,0,16,58.197142743956135,2.3043959999995423,1205.510871000115,753.0
1780754778,40,GET,/health,0.300000,0.000000,4,23,23,41,41,41,41,41,41,41,41,87,0,14,29.62224232183563,2.3121180000771346,322.8941339998528,57.0
1780754778,40,,Aggregated,11.800000,0.000000,420,1400,2500,2800,4100,4600,4800,4800,5000,5000,5000,1299,0,420,1249.424704712854,2.3043959999995423,6935.442493999972,2740.111624326405
1780754779,40,POST,/api/book,8.800000,0.000000,1200,2800,3200,3300,4400,4800,4800,5000,5000,5000,5000,1007,0,870,1601.2145045680222,91.54677200012884,6935.442493999972,3381.6395233366434
1780754779,40,GET,/api/concerts,2.600000,0.000000,13,43,58,73,280,640,960,960,960,960,960,207,0,16,58.197142743956135,2.3043959999995423,1205.510871000115,753.0
1780754779,40,GET,/health,0.500000,0.000000,4,4,23,23,23,23,23,23,23,23,23,87,0,14,29.62224232183563,2.3121180000771346,322.8941339998528,57.0
1780754779,40,,Aggregated,11.900000,0.000000,450,1600,2800,3100,4400,4600,4800,5000,5000,5000,5000,1301,0,420,1250.6125670484223,2.3043959999995423,6935.442493999972,2741.076863950807
1780754780,40,POST,/api/book,8.000000,0.000000,1800,3100,3600,4300,4700,4800,5000,5900,5900,5900,5900,1017,0,940,1618.6375614532924,91.54677200012884,6935.442493999972,3381.553588987217
1780754780,40,GET,/api/concerts,2.600000,0.000000,20,58,84,280,640,960,960,960,960,960,960,208,0,16,60.73682896153306,2.3043959999995423,1205.510871000115,753.0
1780754780,40,GET,/health,0.400000,0.000000,4,23,23,360,360,360,360,360,360,360,360,88,0,14,33.38268920454368,2.3121180000771346,360.54156800014425,57.0
1780754780,40,,Aggregated,11.000000,0.000000,820,2300,3100,3600,4600,4800,5000,5900,5900,5900,5900,1313,0,430,1265.594316124903,2.3043959999995423,6935.442493999972,2742.330540746382
1780754781,40,POST,/api/book,7.700000,0.000000,2200,3200,4000,4400,4800,5000,5400,5900,5900,5900,5900,1039,0,970,1645.4006723695843,91.54677200012884,6935.442493999972,3381.4032723772857
1780754781,40,GET,/api/concerts,2.700000,0.000000,20,58,84,280,640,960,960,960,960,960,960,210,0,16,60.30537463809055,2.1986040001138463,1205.510871000115,753.0
1780754781,40,GET,/health,0.400000,0.000000,4,23,23,360,360,360,360,360,360,360,360,88,0,14,33.38268920454368,2.3121180000771346,360.54156800014425,57.0
1780754781,40,,Aggregated,10.800000,0.000000,1300,2800,3500,4000,4800,5000,5300,5400,5900,5900,5900,1337,0,450,1290.3314165415088,2.1986040001138463,6935.442493999972,2749.7561705310395
1780754782,40,POST,/api/book,7.200000,0.000000,2200,3000,3900,4400,4800,5000,5400,5900,5900,5900,5900,1048,0,970,1641.4237455419827,91.54677200012884,6935.442493999972,3381.3664122137407
1780754782,40,GET,/api/concerts,2.600000,0.000000,20,52,79,84,590,960,960,960,960,960,960,213,0,16,59.850362225347446,2.1986040001138463,1205.510871000115,753.0
1780754782,40,GET,/health,0.400000,0.000000,4,23,23,360,360,360,360,360,360,360,360,88,0,14,33.38268920454368,2.3121180000771346,360.54156800014425,57.0
1780754782,40,,Aggregated,10.200000,0.000000,1300,2800,3200,3900,4800,5000,5300,5400,5900,5900,5900,1349,0,450,1286.8034760059281,2.1986040001138463,6935.442493999972,2749.5011119347664
1780754783,40,POST,/api/book,8.400000,0.000000,1500,2700,3000,3200,4700,5000,5400,5900,5900,5900,5900,1057,0,950,1632.855473904444,91.54677200012884,6935.442493999972,3381.4550614947966
1780754783,40,GET,/api/concerts,2.000000,0.000000,20,49,58,59,84,590,590,590,590,590,590,216,0,16,59.5734631620325,2.1986040001138463,1205.510871000115,753.0
1780754783,40,GET,/health,0.500000,0.000000,18,23,63,63,360,360,360,360,360,360,360,91,0,14,33.20453417582205,2.3121180000771346,360.54156800014425,57.0
1780754783,40,,Aggregated,10.900000,0.000000,690,1800,2800,3000,4300,4900,5300,5400,5900,5900,5900,1364,0,450,1276.9924608284432,2.1986040001138463,6935.442493999972,2743.4259530791787
1780754784,40,POST,/api/book,9.700000,0.000000,1500,2700,3000,3200,4700,5000,5400,5900,5900,5900,5900,1059,0,950,1630.844344322944,91.54677200012884,6935.442493999972,3381.4117091595845
1780754784,40,GET,/api/concerts,1.700000,0.000000,12,49,58,59,84,590,590,590,590,590,590,219,0,16,58.99375471689056,2.1986040001138463,1205.510871000115,753.0
1780754784,40,GET,/health,0.500000,0.000000,18,23,27,63,360,360,360,360,360,360,360,93,0,14,32.81287820429806,2.3121180000771346,360.54156800014425,57.0
1780754784,40,,Aggregated,11.900000,0.000000,690,1700,2700,3000,4300,4900,5300,5400,5900,5900,5900,1371,0,440,1271.360605830778,2.1986040001138463,6935.442493999972,2736.048869438366
1780754785,40,POST,/api/book,9.800000,0.000000,1400,2500,3000,3200,4700,5000,5400,5900,5900,5900,5900,1066,0,950,1625.3141604971834,91.54677200012884,6935.442493999972,3381.4915572232644
1780754785,40,GET,/api/concerts,1.800000,0.000000,29,49,58,59,84,590,590,590,590,590,590,221,0,15,58.48325905881921,2.1986040001138463,1205.510871000115,753.0
1780754785,40,GET,/health,0.400000,0.000000,18,23,27,63,360,360,360,360,360,360,360,94,0,14,32.48793898935939,2.268592000064018,360.54156800014425,57.0
1780754785,40,,Aggregated,12.000000,0.000000,660,1700,2500,3000,4300,4900,5300,5400,5900,5900,5900,1381,0,440,1266.1575391795775,2.1986040001138463,6935.442493999972,2734.5698769007963
1780754786,40,POST,/api/book,8.200000,0.000000,1200,2200,3000,3200,4800,5100,5400,5900,5900,5900,5900,1072,0,900,1619.9778636548483,91.54677200012884,6935.442493999972,3381.4626865671644
1780754786,40,GET,/api/concerts,1.800000,0.000000,42,57,59,79,290,590,590,590,590,590,590,223,0,16,59.52116373093799,2.1986040001138463,1205.510871000115,753.0
1780754786,40,GET,/health,0.700000,0.000000,18,23,27,63,360,360,360,360,360,360,360,94,0,14,32.48793898935939,2.268592000064018,360.54156800014425,57.0
1780754786,40,,Aggregated,10.700000,0.000000,630,1500,2200,3000,4300,4900,5300,5400,5900,5900,5900,1389,0,440,1262.018254582431,2.1986040001138463,6935.442493999972,2734.4888408927286
1780754787,40,POST,/api/book,8.300000,0.000000,1300,2200,3200,3900,4800,5100,5400,5900,5900,5900,5900,1076,0,900,1622.7538779005552,91.54677200012884,6935.442493999972,3381.4888475836433
1780754787,40,GET,/api/concerts,1.900000,0.000000,42,57,59,79,500,590,590,590,590,590,590,224,0,16,61.488875160711025,2.1986040001138463,1205.510871000115,753.0
1780754787,40,GET,/health,0.900000,0.000000,18,23,27,63,360,360,360,360,360,360,360,94,0,14,32.48793898935939,2.268592000064018,360.54156800014425,57.0
1780754787,40,,Aggregated,11.100000,0.000000,660,1500,2600,3000,4300,4900,5300,5400,5900,5900,5900,1394,0,440,1264.6417122826374,2.1986040001138463,6935.442493999972,2734.9440459110474
1780754788,40,POST,/api/book,8.400000,0.000000,1100,2200,3000,4000,4800,5100,5400,5900,5900,5900,5900,1085,0,950,1624.056055460827,91.54677200012884,6935.442493999972,3381.4811059907834
1780754788,40,GET,/api/concerts,1.800000,0.000000,29,49,59,79,500,590,590,590,590,590,590,225,0,16,61.22554598221894,2.1986040001138463,1205.510871000115,753.0
1780754788,40,GET,/health,0.900000,0.000000,18,27,63,63,360,360,360,360,360,360,360,94,0,14,32.48793898935939,2.268592000064018,360.54156800014425,57.0
1780754788,40,,Aggregated,11.100000,0.000000,750,1300,2200,3000,4400,4900,5300,5400,5900,5900,5900,1404,0,450,1267.04446886467,2.1986040001138463,6935.442493999972,2737.67094017094
1780754789,40,POST,/api/book,8.000000,0.000000,1800,3100,4300,4600,5100,5400,5500,5500,5900,5900,5900,1111,0,980,1668.8193523096297,91.54677200012884,6935.442493999972,3381.4743474347433
1780754789,40,GET,/api/concerts,1.800000,0.000000,29,49,59,79,500,590,590,590,590,590,590,225,0,16,61.22554598221894,2.1986040001138463,1205.510871000115,753.0
1780754789,40,GET,/health,0.700000,0.000000,18,27,63,63,360,360,360,360,360,360,360,94,0,14,32.48793898935939,2.268592000064018,360.54156800014425,57.0
1780754789,40,,Aggregated,10.500000,0.000000,1000,2200,3900,4300,5000,5300,5500,5500,5900,5900,5900,1430,0,480,1308.3132269419566,2.1986040001138463,6935.442493999972,2749.3713286713287
1780754790,40,POST,/api/book,8.100000,0.000000,1100,2700,3900,4300,5000,5300,5500,5500,5500,5500,5500,1115,0,970,1664.367001113003,91.54677200012884,6935.442493999972,3381.539013452915
1780754790,40,GET,/api/concerts,1.900000,0.000000,12,42,57,59,290,500,500,500,500,500,500,226,0,15,60.96535144689999,2.1986040001138463,1205.510871000115,753.0
1780754790,40,GET,/health,0.700000,0.000000,18,27,63,63,360,360,360,360,360,360,360,94,0,14,32.48793898935939,2.268592000064018,360.54156800014425,57.0
1780754790,40,,Aggregated,10.700000,0.000000,660,1900,3000,3900,4900,5300,5400,5500,5500,5500,5500,1435,0,480,1304.9486006501727,2.1986040001138463,6935.442493999972,2749.7923344947735
1780754791,40,POST,/api/book,8.000000,0.000000,820,1900,3300,4100,5100,5400,5500,5500,5500,5500,5500,1121,0,970,1659.3537024683305,91.54677200012884,6935.442493999972,3381.577163247101
1780754791,40,GET,/api/concerts,1.800000,0.000000,12,42,57,59,290,500,500,500,500,500,500,228,0,15,60.559431442979765,2.1986040001138463,1205.510871000115,753.0
1780754791,40,GET,/health,0.700000,0.000000,18,27,57,57,63,63,63,63,63,63,63,95,0,14,32.74824376841671,2.268592000064018,360.54156800014425,57.0
1780754791,40,,Aggregated,10.500000,0.000000,560,1000,2000,3100,4800,5300,5400,5500,5500,5500,5500,1444,0,470,1299.8989847603862,2.1986040001138463,6935.442493999972,2747.81648199446
1780754792,40,POST,/api/book,10.400000,0.000000,1000,2000,3800,4300,5100,5400,5500,5500,5500,5500,5500,1125,0,980,1657.4860055484428,91.54677200012884,6935.442493999972,3381.5777777777776
1780754792,40,GET,/api/concerts,1.700000,0.000000,18,49,57,59,290,500,500,500,500,500,500,230,0,16,60.77883210434572,2.1986040001138463,1205.510871000115,753.0
1780754792,40,GET,/health,0.700000,0.000000,18,27,57,57,63,63,63,63,63,63,63,95,0,14,32.74824376841671,2.268592000064018,360.54156800014425,57.0
1780754792,40,,Aggregated,12.800000,0.000000,630,1100,2200,3300,5000,5300,5500,5500,5500,5500,5500,1450,0,480,1297.766876402757,2.1986040001138463,6935.442493999972,2746.8137931034485
1780754793,40,POST,/api/book,9.000000,0.000000,1100,2200,3800,4300,5100,5400,5500,5500,5500,5500,5500,1132,0,980,1655.113981217313,91.54677200012884,6935.442493999972,3381.5750883392225
1780754793,40,GET,/api/concerts,1.800000,0.000000,18,42,99,99,290,500,500,500,500,500,500,232,0,16,60.69076133189467,2.1986040001138463,1205.510871000115,753.0
1780754793,40,GET,/health,0.600000,0.000000,27,57,57,64,64,64,64,64,64,64,64,96,0,14,33.072360999996185,2.268592000064018,360.54156800014425,57.0
1780754793,40,,Aggregated,11.400000,0.000000,750,1400,2600,3300,5000,5300,5500,5500,5500,5500,5500,1460,0,480,1295.0987876869847,2.1986040001138463,6935.442493999972,2745.281506849315
1780754794,40,POST,/api/book,7.900000,0.000000,1100,2200,3900,4300,5100,5400,5500,5500,5500,5500,5500,1133,0,980,1653.7577710141202,91.54677200012884,6935.442493999972,3381.5869373345104
1780754794,40,GET,/api/concerts,1.800000,0.000000,18,57,99,130,290,500,500,500,500,500,500,232,0,16,60.69076133189467,2.1986040001138463,1205.510871000115,753.0
1780754794,40,GET,/health,0.700000,0.000000,57,57,64,64,64,64,64,64,64,64,64,96,0,14,33.072360999996185,2.268592000064018,360.54156800014425,57.0
1780754794,40,,Aggregated,10.400000,0.000000,950,1500,3100,3900,5000,5300,5500,5500,5500,5500,5500,1461,0,480,1294.2934687501695,2.1986040001138463,6935.442493999972,2745.726214921287
1780754795,40,POST,/api/book,7.700000,0.000000,1100,2200,3900,4300,5100,5400,5500,5500,5500,5500,5500,1139,0,980,1650.7503742019294,91.54677200012884,6935.442493999972,3381.669007901668
1780754795,40,GET,/api/concerts,1.700000,0.000000,57,57,130,130,290,500,500,500,500,500,500,233,0,16,60.673646454933845,2.1986040001138463,1205.510871000115,753.0
1780754795,40,GET,/health,0.800000,0.000000,30,57,57,64,64,64,64,64,64,64,64,98,0,14,32.99599959183297,2.268592000064018,360.54156800014425,57.0
1780754795,40,,Aggregated,10.200000,0.000000,1000,1400,3100,3900,5000,5300,5500,5500,5500,5500,5500,1470,0,480,1290.8675127891136,2.1986040001138463,6935.442493999972,2743.3714285714286
1780754796,40,POST,/api/book,7.500000,0.000000,2600,4300,4800,5000,5500,6100,6200,6200,6200,6200,6200,1170,0,1000,1716.7745715717922,91.54677200012884,6935.442493999972,3381.7247863247862
1780754796,40,GET,/api/concerts,1.600000,0.000000,35,57,99,99,130,500,500,500,500,500,500,234,0,16,60.562345085468436,2.1986040001138463,1205.510871000115,753.0
1780754796,40,GET,/health,0.500000,0.000000,30,30,57,57,64,64,64,64,64,64,64,99,0,14,32.68644428282407,2.268592000064018,360.54156800014425,57.0
1780754796,40,,Aggregated,9.600000,0.000000,1400,3800,4600,4900,5400,6100,6100,6200,6200,6200,6200,1503,0,500,1347.9932105608757,2.1986040001138463,6935.442493999972,2753.468396540253
1780754797,40,POST,/api/book,7.200000,0.000000,2200,4300,4800,5000,5500,6100,6200,6200,6200,6200,6200,1174,0,1000,1711.6368326993158,91.54677200012884,6935.442493999972,3381.784497444634
1780754797,40,GET,/api/concerts,1.300000,0.000000,35,41,57,99,130,130,130,130,130,130,130,234,0,16,60.562345085468436,2.1986040001138463,1205.510871000115,753.0
1780754797,40,GET,/health,0.300000,0.000000,29,30,57,57,64,64,64,64,64,64,64,100,0,14,32.39028537999616,2.268592000064018,360.54156800014425,57.0
1780754797,40,,Aggregated,8.800000,0.000000,1300,3300,4600,4900,5400,6100,6100,6200,6200,6200,6200,1508,0,500,1344.0797472659126,2.1986040001138463,6935.442493999972,2753.3932360742706
1780754798,40,POST,/api/book,7.100000,0.000000,2200,4100,4800,5100,5500,6100,6200,6200,6200,6200,6200,1180,0,1000,1704.1505068296585,91.54677200012884,6935.442493999972,3381.741525423729
1780754798,40,GET,/api/concerts,1.200000,0.000000,18,40,41,57,99,130,130,130,130,130,130,237,0,16,60.00405508438712,2.1986040001138463,1205.510871000115,753.0
1780754798,40,GET,/health,0.400000,0.000000,29,30,46,57,64,64,64,64,64,64,64,103,0,14,31.993249126208617,2.268592000064018,360.54156800014425,57.0
1780754798,40,,Aggregated,8.700000,0.000000,1200,3200,4600,4900,5400,6100,6100,6200,6200,6200,6200,1520,0,490,1334.4828051144711,2.1986040001138463,6935.442493999972,2746.570394736842
1780754799,40,POST,/api/book,9.900000,0.000000,1200,2700,4400,4700,5800,6100,6200,6200,6200,6200,6200,1183,0,1000,1701.2954879450524,91.54677200012884,6935.442493999972,3381.828402366864
1780754799,40,GET,/api/concerts,1.100000,0.000000,35,40,41,57,99,130,130,130,130,130,130,239,0,16,59.67255245606639,2.1986040001138463,1205.510871000115,753.0
1780754799,40,GET,/health,0.500000,0.000000,30,46,57,57,64,64,64,64,64,64,64,104,0,14,32.22996439422642,2.268592000064018,360.54156800014425,57.0
1780754799,40,,Aggregated,11.500000,0.000000,710,1300,3200,4300,5400,6100,6200,6200,6200,6200,6200,1526,0,490,1330.4365783571404,2.1986040001138463,6935.442493999972,2743.5111402359107
1780754800,40,POST,/api/book,9.800000,0.000000,1300,2600,4000,4700,5800,6100,6200,6200,6200,6200,6200,1193,0,1000,1699.6521491299227,91.54677200012884,6935.442493999972,3381.7954735959765
1780754800,40,GET,/api/concerts,1.000000,0.000000,35,40,57,57,130,390,390,390,390,390,390,242,0,16,60.59241064049453,2.1986040001138463,1205.510871000115,753.0
1780754800,40,GET,/health,0.700000,0.000000,30,46,57,57,64,64,64,64,64,64,64,104,0,14,32.22996439422642,2.268592000064018,360.54156800014425,57.0
1780754800,40,,Aggregated,11.500000,0.000000,790,1400,2700,3800,5200,6100,6100,6200,6200,6200,6200,1539,0,490,1329.2399568447022,2.1986040001138463,6935.442493999972,2743.753086419753
1780754801,40,POST,/api/book,9.400000,0.000000,1300,2600,4000,4700,5800,6100,6200,6200,6200,6200,6200,1200,0,1000,1693.2766677483312,91.54677200012884,6935.442493999972,3381.8358333333335
1780754801,40,GET,/api/concerts,1.200000,0.000000,38,41,57,99,130,390,390,390,390,390,390,242,0,16,60.59241064049453,2.1986040001138463,1205.510871000115,753.0
1780754801,40,GET,/health,0.900000,0.000000,29,30,46,57,64,64,64,64,64,64,64,104,0,14,32.22996439422642,2.268592000064018,360.54156800014425,57.0
1780754801,40,,Aggregated,11.500000,0.000000,780,1500,2700,3800,5200,6100,6100,6200,6200,6200,6200,1546,0,490,1325.9684870439821,2.1986040001138463,6935.442493999972,2746.6733505821476
1780754802,40,POST,/api/book,7.200000,0.000000,1300,3200,4100,4600,5500,6100,6200,6200,6200,6200,6200,1209,0,1000,1697.4648739561599,91.54677200012884,6935.442493999972,3381.825475599669
1780754802,40,GET,/api/concerts,1.500000,0.000000,35,38,57,57,99,390,390,390,390,390,390,242,0,16,60.59241064049453,2.1986040001138463,1205.510871000115,753.0
1780754802,40,GET,/health,1.000000,0.000000,29,30,46,57,64,64,64,64,64,64,64,104,0,14,32.22996439422642,2.268592000064018,360.54156800014425,57.0
1780754802,40,,Aggregated,9.700000,0.000000,720,2400,3200,4100,5200,6100,6100,6200,6200,6200,6200,1555,0,490,1331.3506831414768,2.1986040001138463,6935.442493999972,2750.3414790996785
1780754803,40,POST,/api/book,7.800000,0.000000,1100,3200,4100,4600,5500,6100,6200,6200,6200,6200,6200,1213,0,1000,1694.503284788951,91.54677200012884,6935.442493999972,3381.8244023083266
1780754803,40,GET,/api/concerts,1.600000,0.000000,35,38,40,57,99,390,390,390,390,390,390,243,0,16,60.4873146831257,2.1986040001138463,1205.510871000115,753.0
1780754803,40,GET,/health,1.000000,0.000000,29,30,46,46,57,57,57,57,57,57,57,104,0,14,32.22996439422642,2.268592000064018,360.54156800014425,57.0
1780754803,40,,Aggregated,10.400000,0.000000,780,2500,3300,4200,5400,6100,6200,6200,6200,6200,6200,1560,0,490,1329.1556527012797,2.1986040001138463,6935.442493999972,2750.6794871794873
1780754804,40,POST,/api/book,7.900000,0.000000,2000,3800,4700,4800,5800,6100,6200,6200,6200,6200,6200,1232,0,1000,1721.7603022508094,91.54677200012884,6935.442493999972,3381.809253246753
1780754804,40,GET,/api/concerts,1.400000,0.000000,35,40,54,57,94,390,390,390,390,390,390,245,0,18,60.5980906081608,2.1986040001138463,1205.510871000115,753.0
1780754804,40,GET,/health,0.900000,0.000000,29,30,46,46,57,57,57,57,57,57,57,104,0,14,32.22996439422642,2.268592000064018,360.54156800014425,57.0
1780754804,40,,Aggregated,10.200000,0.000000,870,3200,4200,4700,5500,6100,6100,6200,6200,6200,6200,1581,0,500,1353.198697576847,2.1986040001138463,6935.442493999972,2755.725490196078
1780754805,40,POST,/api/book,8.100000,0.000000,2300,3500,4400,4700,5700,6100,6100,6200,6200,6200,6200,1247,0,1000,1723.7073315942232,91.54677200012884,6935.442493999972,3381.8356054530873
1780754805,40,GET,/api/concerts,1.200000,0.000000,35,38,40,54,94,390,390,390,390,390,390,247,0,16,60.127710999997475,2.1986040001138463,1205.510871000115,753.0
1780754805,40,GET,/health,0.800000,0.000000,4,6,7,46,57,57,57,57,57,57,57,107,0,14,31.440519906538533,2.268592000064018,360.54156800014425,57.0
1780754805,40,,Aggregated,10.100000,0.000000,800,3000,4000,4400,5400,6000,6100,6200,6200,6200,6200,1601,0,500,1353.9529811024324,2.1986040001138463,6935.442493999972,2754.053091817614
1780754806,40,POST,/api/book,8.700000,0.000000,790,2300,3000,3300,4700,5200,5800,5900,5900,5900,5900,1255,0,1000,1716.2367865250965,91.54677200012884,6935.442493999972,3381.870916334661
1780754806,40,GET,/api/concerts,1.200000,0.000000,24,35,40,54,94,390,390,390,390,390,390,251,0,16,59.64224429880118,2.1986040001138463,1205.510871000115,753.0
1780754806,40,GET,/health,0.800000,0.000000,6,7,46,57,86,86,86,86,86,86,86,109,0,14,31.677992889903088,2.268592000064018,360.54156800014425,57.0
1780754806,40,,Aggregated,10.700000,0.000000,550,870,2300,2900,4100,5000,5700,5800,5900,5900,5900,1615,0,500,1345.0775675746092,2.1986040001138463,6935.442493999972,2748.894117647059
1780754807,40,POST,/api/book,9.900000,0.000000,790,2100,3000,3300,4700,5200,5800,5900,5900,5900,5900,1262,0,1000,1709.7434686648146,91.54677200012884,6935.442493999972,3381.88589540412
1780754807,40,GET,/api/concerts,1.300000,0.000000,24,40,47,49,77,94,390,390,390,390,390,256,0,16,59.036556277340054,2.1986040001138463,1205.510871000115,753.0
1780754807,40,GET,/health,0.800000,0.000000,7,46,57,57,86,86,86,86,86,86,86,109,0,14,31.677992889903088,2.268592000064018,360.54156800014425,57.0
1780754807,40,,Aggregated,12.000000,0.000000,560,860,2100,2800,4100,5000,5700,5800,5900,5900,5900,1627,0,500,1337.592204724643,2.1986040001138463,6935.442493999972,2745.495390288875
1780754808,40,POST,/api/book,10.900000,0.000000,790,2100,3000,3300,4700,5200,5800,5900,5900,5900,5900,1266,0,980,1705.7864803357002,91.54677200012884,6935.442493999972,3381.90205371248
1780754808,40,GET,/api/concerts,1.400000,0.000000,24,42,49,54,94,390,390,390,390,390,390,256,0,16,59.036556277340054,2.1986040001138463,1205.510871000115,753.0
1780754808,40,GET,/health,0.900000,0.000000,2,3,7,57,86,86,86,86,86,86,86,112,0,10,30.893395598207615,2.268592000064018,360.54156800014425,57.0
1780754808,40,,Aggregated,13.200000,0.000000,620,870,2300,2900,4100,5000,5700,5800,5900,5900,5900,1634,0,500,1332.9859870373282,2.1986040001138463,6935.442493999972,2742.1297429620563
1780754809,40,POST,/api/book,8.400000,0.000000,860,2200,3000,3300,4700,5200,5800,5900,5900,5900,5900,1272,0,1000,1704.1377701249967,91.54677200012884,6935.442493999972,3381.9080188679245
1780754809,40,GET,/api/concerts,1.800000,0.000000,24,47,49,54,77,94,94,94,94,94,94,257,0,18,59.03549942801143,2.1986040001138463,1205.510871000115,753.0
1780754809,40,GET,/health,1.000000,0.000000,2,3,7,57,86,86,86,86,86,86,86,112,0,10,30.893395598207615,2.268592000064018,360.54156800014425,57.0
1780754809,40,,Aggregated,11.200000,0.000000,720,1000,2300,2900,4100,5000,5700,5800,5900,5900,5900,1641,0,500,1332.2945930889662,2.1986040001138463,6935.442493999972,2743.261425959781
1780754810,40,POST,/api/book,8.800000,0.000000,860,2100,3000,3300,4700,5200,5800,5900,5900,5900,5900,1279,0,980,1700.2299612885038,91.54677200012884,6935.442493999972,3381.875684128225
1780754810,40,GET,/api/concerts,2.200000,0.000000,24,47,49,54,77,94,94,94,94,94,94,257,0,18,59.03549942801143,2.1986040001138463,1205.510871000115,753.0
1780754810,40,GET,/health,0.900000,0.000000,2,3,7,57,86,86,86,86,86,86,86,112,0,10,30.893395598207615,2.268592000064018,360.54156800014425,57.0
1780754810,40,,Aggregated,11.900000,0.000000,750,1000,2200,3000,4200,5000,5700,5800,5900,5900,5900,1648,0,500,1330.8412039732975,2.1986040001138463,6935.442493999972,2745.9490291262136
1780754811,40,POST,/api/book,8.600000,0.000000,870,2100,3200,3500,4700,5200,5800,5900,5900,5900,5900,1284,0,980,1697.2811710155734,91.54677200012884,6935.442493999972,3381.813862928349
1780754811,40,GET,/api/concerts,1.900000,0.000000,35,47,54,54,77,94,94,94,94,94,94,258,0,16,58.821880806197726,2.1986040001138463,1205.510871000115,753.0
1780754811,40,GET,/health,0.900000,0.000000,3,5,7,57,86,86,86,86,86,86,86,113,0,10,30.664930477868904,2.268592000064018,360.54156800014425,57.0
1780754811,40,,Aggregated,11.400000,0.000000,750,940,2100,3000,4200,5000,5700,5800,5900,5900,5900,1655,0,500,1328.0665897135916,2.1986040001138463,6935.442493999972,2744.9933534743204
1780754812,40,POST,/api/book,8.900000,0.000000,850,1500,2900,3500,4700,5400,5800,5900,5900,5900,5900,1288,0,970,1696.3868300481338,91.54677200012884,6935.442493999972,3381.791149068323
1780754812,40,GET,/api/concerts,1.700000,0.000000,24,42,49,54,77,94,94,94,94,94,94,260,0,16,58.46287514615063,2.1986040001138463,1205.510871000115,753.0
1780754812,40,GET,/health,0.800000,0.000000,2,3,5,7,86,86,86,86,86,86,86,113,0,10,30.664930477868904,2.268592000064018,360.54156800014425,57.0
1780754812,40,,Aggregated,11.400000,0.000000,600,880,1500,2300,4200,5000,5700,5800,5900,5900,5900,1661,0,500,1326.67773737748,2.1986040001138463,6935.442493999972,2744.110776640578
1780754813,40,POST,/api/book,8.500000,0.000000,1100,3000,3900,4200,5200,5500,5700,5900,5900,5900,5900,1318,0,1000,1741.2151993877062,91.54677200012884,6935.442493999972,3381.843702579666
1780754813,40,GET,/api/concerts,1.500000,0.000000,24,47,54,56,77,700,700,700,700,700,700,262,0,18,60.90283765648583,2.1986040001138463,1205.510871000115,753.0
1780754813,40,GET,/health,0.800000,0.000000,2,3,5,7,86,86,86,86,86,86,86,113,0,10,30.664930477868904,2.268592000064018,360.54156800014425,57.0
1780754813,40,,Aggregated,10.800000,0.000000,780,2100,3500,3800,4700,5300,5600,5700,5900,5900,5900,1693,0,520,1367.0072731263997,2.1986040001138463,6935.442493999972,2753.0992321323097
1780754814,40,POST,/api/book,8.500000,0.000000,920,2300,3600,4000,5000,5300,5600,5600,5600,5600,5600,1323,0,1000,1736.1020953718798,91.54677200012884,6935.442493999972,3381.907029478458
1780754814,40,GET,/api/concerts,1.600000,0.000000,22,47,49,56,77,700,700,700,700,700,700,262,0,18,60.90283765648583,2.1986040001138463,1205.510871000115,753.0
1780754814,40,GET,/health,0.900000,0.000000,2,5,7,7,54,86,86,86,86,86,86,115,0,10,30.626372313037358,2.268592000064018,360.54156800014425,57.0
1780754814,40,,Aggregated,11.000000,0.000000,600,1300,2800,3600,4500,5300,5500,5600,5600,5600,5600,1700,0,510,1362.5539108582323,2.1986040001138463,6935.442493999972,2751.8258823529413
1780754815,40,POST,/api/book,8.000000,0.000000,850,2200,3800,4200,5200,5400,5600,5600,5600,5600,5600,1327,0,1000,1732.523558755838,91.54677200012884,6935.442493999972,3381.910324039186
1780754815,40,GET,/api/concerts,1.900000,0.000000,40,47,56,59,390,700,700,700,700,700,700,265,0,18,61.900735901883984,2.1986040001138463,1205.510871000115,753.0
1780754815,40,GET,/health,0.900000,0.000000,2,5,36,54,86,86,86,86,86,86,86,116,0,10,30.67360377585456,2.268592000064018,360.54156800014425,57.0
1780754815,40,,Aggregated,10.800000,0.000000,530,890,2200,3600,4700,5300,5500,5600,5600,5600,5600,1708,0,510,1357.7403955040952,2.1986040001138463,6935.442493999972,2748.215456674473
1780754816,40,POST,/api/book,10.000000,0.000000,890,2100,3800,4100,5100,5300,5600,5600,5600,5600,5600,1336,0,1000,1729.439491503741,91.54677200012884,6935.442493999972,3381.932634730539
1780754816,40,GET,/api/concerts,1.800000,0.000000,42,49,59,130,390,700,700,700,700,700,700,267,0,18,62.07403684643933,2.1986040001138463,1205.510871000115,753.0
1780754816,40,GET,/health,0.900000,0.000000,5,36,36,36,54,54,54,54,54,54,54,117,0,10,30.7163083931547,2.268592000064018,360.54156800014425,57.0
1780754816,40,,Aggregated,12.700000,0.000000,620,1100,2300,3800,4700,5300,5500,5600,5600,5600,5600,1720,0,510,1355.057404981974,2.1986040001138463,6935.442493999972,2747.663953488372
1780754817,40,POST,/api/book,9.100000,0.000000,1100,2300,4000,4200,5200,5400,5600,5600,5600,5600,5600,1339,0,1000,1726.3450760253907,91.54677200012884,6935.442493999972,3381.9663928304703
1780754817,40,GET,/api/concerts,1.700000,0.000000,42,49,56,59,390,700,700,700,700,700,700,269,0,19,61.863511821558866,2.1986040001138463,1205.510871000115,753.0
1780754817,40,GET,/health,1.100000,0.000000,5,36,36,36,54,54,54,54,54,54,54,118,0,10,30.474083745754328,2.1337999999104795,360.54156800014425,57.0
1780754817,40,,Aggregated,11.900000,0.000000,620,1400,2800,3800,5000,5300,5600,5600,5600,5600,5600,1726,0,510,1350.9926323059071,2.1337999999104795,6935.442493999972,2744.9223638470453
1780754818,40,POST,/api/book,7.900000,0.000000,920,2200,3800,4200,5200,5400,5600,5600,5600,5600,5600,1343,0,980,1722.9578394676082,91.54677200012884,6935.442493999972,3382.013402829486
1780754818,40,GET,/api/concerts,1.800000,0.000000,40,59,69,73,390,700,700,700,700,700,700,273,0,19,61.59827723076732,2.1986040001138463,1205.510871000115,753.0
1780754818,40,GET,/health,0.900000,0.000000,5,36,36,54,890,890,890,890,890,890,890,119,0,10,37.66182731091604,2.1337999999104795,885.8155679999982,57.0
1780754818,40,,Aggregated,10.600000,0.000000,620,1300,2300,3800,4700,5300,5500,5600,5600,5600,5600,1735,0,510,1345.954158812101,2.1337999999104795,6935.442493999972,2740.285878962536
1780754819,40,POST,/api/book,8.100000,0.000000,1100,3600,4100,4400,5100,5300,5600,5600,5600,5600,5600,1359,0,1000,1736.5335108579823,91.54677200012884,6935.442493999972,3382.101545253863
1780754819,40,GET,/api/concerts,1.500000,0.000000,42,59,69,73,390,700,700,700,700,700,700,274,0,19,61.596399270071046,2.1986040001138463,1205.510871000115,753.0
1780754819,40,GET,/health,0.800000,0.000000,36,36,54,54,890,890,890,890,890,890,890,120,0,10,37.57233523332483,2.1337999999104795,885.8155679999982,57.0
1780754819,40,,Aggregated,10.400000,0.000000,690,2100,3800,4100,4700,5300,5500,5600,5600,5600,5600,1753,0,520,1358.4341898938937,2.1337999999104795,6935.442493999972,2743.5470621791214
1780754820,40,POST,/api/book,7.600000,0.000000,2100,4000,4400,4600,5200,5300,5600,5600,5600,5600,5600,1373,0,1000,1753.4103339366332,91.54677200012884,6935.442493999972,3382.077931536781
1780754820,40,GET,/api/concerts,1.300000,0.000000,40,61,69,73,390,700,700,700,700,700,700,274,0,19,61.596399270071046,2.1986040001138463,1205.510871000115,753.0
1780754820,40,GET,/health,0.800000,0.000000,36,36,54,54,890,890,890,890,890,890,890,120,0,10,37.57233523332483,2.1337999999104795,885.8155679999982,57.0
1780754820,40,,Aggregated,9.700000,0.000000,860,3500,4100,4400,5100,5300,5500,5600,5600,5600,5600,1767,0,530,1374.543566566494,2.1337999999104795,6935.442493999972,2748.588002263724
1780754821,40,POST,/api/book,7.700000,0.000000,2100,3900,4400,4500,5200,5300,5600,5600,5600,5600,5600,1381,0,1000,1751.9910988233144,91.54677200012884,6935.442493999972,3382.1947863866762
1780754821,40,GET,/api/concerts,1.700000,0.000000,42,69,78,81,390,700,700,700,700,700,700,278,0,19,61.44353776618546,2.1986040001138463,1205.510871000115,753.0
1780754821,40,GET,/health,0.700000,0.000000,27,36,54,54,88,890,890,890,890,890,890,123,0,14,37.7059650487729,2.1337999999104795,885.8155679999982,57.0
1780754821,40,,Aggregated,10.100000,0.000000,890,2700,4000,4400,5100,5300,5500,5600,5600,5600,5600,1782,0,530,1369.9320116021297,2.1337999999104795,6935.442493999972,2742.5117845117843
1780754822,40,POST,/api/book,8.900000,0.000000,2100,3900,4400,4600,5200,5300,5600,5600,5600,5600,5600,1384,0,1000,1751.0288737810672,91.54677200012884,6935.442493999972,3382.1748554913293
1780754822,40,GET,/api/concerts,1.700000,0.000000,42,61,73,78,130,390,390,390,390,390,390,279,0,19,61.29054253404846,2.1986040001138463,1205.510871000115,753.0
1780754822,40,GET,/health,0.800000,0.000000,27,36,54,54,88,890,890,890,890,890,890,124,0,14,37.452996379024,2.1337999999104795,885.8155679999982,57.0
1780754822,40,,Aggregated,11.400000,0.000000,940,2300,4000,4400,5100,5300,5500,5600,5600,5600,5600,1787,0,530,1368.3090062848319,2.1337999999104795,6935.442493999972,2740.9541130386124
1780754823,40,POST,/api/book,9.400000,0.000000,1200,2100,2900,3900,4600,5100,5200,5300,5300,5300,5300,1392,0,1000,1748.716154091952,91.54677200012884,6935.442493999972,3382.2385057471265
1780754823,40,GET,/api/concerts,1.700000,0.000000,42,69,78,81,130,360,390,390,390,390,390,282,0,19,62.30783942552939,2.1986040001138463,1205.510871000115,753.0
1780754823,40,GET,/health,0.800000,0.000000,27,36,54,54,88,890,890,890,890,890,890,124,0,14,37.452996379024,2.1337999999104795,885.8155679999982,57.0
1780754823,40,,Aggregated,11.900000,0.000000,830,1200,2000,2200,4400,5000,5100,5200,5300,5300,5300,1798,0,530,1366.2001494799745,2.1337999999104795,6935.442493999972,2740.5394883203558
1780754824,40,POST,/api/book,9.600000,0.000000,1400,2200,3300,3600,4600,5100,5200,5300,5300,5300,5300,1399,0,1000,1750.5617813538222,91.54677200012884,6935.442493999972,3382.289492494639
1780754824,40,GET,/api/concerts,2.000000,0.000000,42,73,81,87,130,360,390,390,390,390,390,283,0,19,62.41911704593394,2.1986040001138463,1205.510871000115,753.0
1780754824,40,GET,/health,1.000000,0.000000,27,36,36,88,890,890,890,890,890,890,890,124,0,14,37.452996379024,2.1337999999104795,885.8155679999982,57.0
1780754824,40,,Aggregated,12.600000,0.000000,860,1400,2100,3200,4400,5000,5100,5200,5300,5300,5300,1806,0,530,1368.4079256860432,2.1337999999104795,6935.442493999972,2741.9656699889256
1780754825,40,POST,/api/book,9.500000,0.000000,1500,2700,3500,3900,4600,5100,5200,5300,5300,5300,5300,1403,0,1000,1751.2796099978598,91.54677200012884,6935.442493999972,3382.2594440484677
1780754825,40,GET,/api/concerts,1.800000,0.000000,61,77,81,87,130,360,360,360,360,360,360,284,0,19,62.46903432746228,2.1986040001138463,1205.510871000115,753.0
1780754825,40,GET,/health,1.100000,0.000000,26,27,36,88,890,890,890,890,890,890,890,126,0,10,36.89727307141856,2.1337999999104795,885.8155679999982,57.0
1780754825,40,,Aggregated,12.400000,0.000000,890,1800,2200,3300,4400,5000,5100,5200,5300,5300,5300,1813,0,530,1367.5871786999414,2.1337999999104795,6935.442493999972,2739.296194153337
1780754826,40,POST,/api/book,7.300000,0.000000,1500,3200,3500,4000,4700,5100,5200,5300,5300,5300,5300,1409,0,1000,1751.6637178459882,91.54677200012884,6935.442493999972,3382.2611781405253
1780754826,40,GET,/api/concerts,2.000000,0.000000,50,73,78,81,94,360,360,360,360,360,360,286,0,19,62.23588597552187,2.1986040001138463,1205.510871000115,753.0
1780754826,40,GET,/health,1.100000,0.000000,15,26,27,88,890,890,890,890,890,890,890,126,0,10,36.89727307141856,2.1337999999104795,885.8155679999982,57.0
1780754826,40,,Aggregated,10.400000,0.000000,860,1800,3100,3500,4400,5000,5100,5200,5300,5300,5300,1821,0,530,1367.6785822300901,2.1337999999104795,6935.442493999972,2739.234486545854
1780754827,40,POST,/api/book,7.700000,0.000000,2200,3500,4300,4600,5100,5400,5500,5600,5600,5600,5600,1434,0,1100,1780.3027645383534,91.54677200012884,6935.442493999972,3382.213389121339
1780754827,40,GET,/api/concerts,2.100000,0.000000,61,77,81,87,360,1000,1000,1000,1000,1000,1000,288,0,20,65.61008968749726,2.1986040001138463,1205.510871000115,753.0
1780754827,40,GET,/health,1.000000,0.000000,26,27,88,88,890,890,890,890,890,890,890,126,0,10,36.89727307141856,2.1337999999104795,885.8155679999982,57.0
1780754827,40,,Aggregated,10.800000,0.000000,1200,2700,3600,4100,5100,5200,5500,5500,5600,5600,5600,1848,0,540,1394.2093758576814,2.1337999999104795,6935.442493999972,2745.746753246753
1780754828,40,POST,/api/book,7.600000,0.000000,2100,3300,4100,4500,5100,5300,5500,5500,5600,5600,5600,1444,0,1000,1774.8925917645422,91.54677200012884,6935.442493999972,3382.1897506925206
1780754828,40,GET,/api/concerts,1.900000,0.000000,61,78,87,87,360,1000,1000,1000,1000,1000,1000,289,0,20,65.39116538408038,2.1986040001138463,1205.510871000115,753.0
1780754828,40,GET,/health,1.000000,0.000000,26,27,42,42,88,88,88,88,88,88,88,127,0,14,36.94005035432172,2.1337999999104795,885.8155679999982,57.0
1780754828,40,,Aggregated,10.500000,0.000000,1200,2600,3500,4100,5100,5200,5500,5500,5600,5600,5600,1860,0,550,1390.609857902686,2.1337999999104795,6935.442493999972,2746.633333333333
1780754829,40,POST,/api/book,7.300000,0.000000,1500,2600,3500,4300,5200,5400,5500,5600,5600,5600,5600,1451,0,1000,1770.9394017767047,91.54677200012884,6935.442493999972,3382.1536871123362
1780754829,40,GET,/api/concerts,1.900000,0.000000,58,77,81,87,360,1000,1000,1000,1000,1000,1000,291,0,20,65.28068986597663,2.1986040001138463,1205.510871000115,753.0
1780754829,40,GET,/health,0.900000,0.000000,26,27,42,58,88,88,88,88,88,88,88,128,0,14,37.105661820304725,2.1337999999104795,885.8155679999982,57.0
1780754829,40,,Aggregated,10.100000,0.000000,1000,2100,2900,3500,5100,5300,5500,5500,5600,5600,5600,1870,0,550,1386.8338382042757,2.1337999999104795,6935.442493999972,2745.4139037433156
1780754830,40,POST,/api/book,9.500000,0.000000,1300,2200,3200,3500,5100,5400,5500,5600,5600,5600,5600,1455,0,1000,1766.4163828130577,91.54677200012884,6935.442493999972,3382.1745704467353
1780754830,40,GET,/api/concerts,1.900000,0.000000,56,78,87,94,360,1000,1000,1000,1000,1000,1000,294,0,20,65.21951058843247,2.1986040001138463,1205.510871000115,753.0
1780754830,40,GET,/health,0.800000,0.000000,26,42,58,88,200,200,200,200,200,200,200,129,0,14,38.354609775185,2.1337999999104795,885.8155679999982,57.0
1780754830,40,,Aggregated,12.200000,0.000000,840,1500,2200,2900,4600,5200,5500,5500,5600,5600,5600,1878,0,540,1381.3940989174632,2.1337999999104795,6935.442493999972,2742.1719914802984
1780754831,40,POST,/api/book,10.100000,0.000000,1300,2400,3300,4000,5100,5400,5500,5600,5600,5600,5600,1456,0,1000,1766.7900803337907,91.54677200012884,6935.442493999972,3382.15728021978
1780754831,40,GET,/api/concerts,1.600000,0.000000,50,77,87,94,360,1000,1000,1000,1000,1000,1000,295,0,20,65.00706937626812,2.1986040001138463,1205.510871000115,753.0
1780754831,40,GET,/health,0.800000,0.000000,6,42,58,58,200,200,200,200,200,200,200,130,0,14,38.08362414614521,2.1337999999104795,885.8155679999982,57.0
1780754831,40,,Aggregated,12.500000,0.000000,860,1500,2500,3300,4700,5400,5500,5600,5600,5600,5600,1881,0,540,1380.4222826002103,2.1337999999104795,6935.442493999972,2740.0138224348752
1780754832,40,POST,/api/book,8.900000,0.000000,1200,2400,3300,3600,5100,5400,5500,5600,5600,5600,5600,1461,0,1000,1764.1164167111558,91.54677200012884,6935.442493999972,3382.166324435318
1780754832,40,GET,/api/concerts,1.700000,0.000000,56,77,94,120,360,1000,1000,1000,1000,1000,1000,299,0,20,65.19346322407728,2.1986040001138463,1205.510871000115,753.0
1780754832,40,GET,/health,0.800000,0.000000,6,42,58,150,200,200,200,200,200,200,200,132,0,14,38.673124749992255,2.1337999999104795,885.8155679999982,57.0
1780754832,40,,Aggregated,11.400000,0.000000,690,1400,2400,3300,4700,5200,5500,5500,5600,5600,5600,1892,0,530,1375.2493566522178,2.1337999999104795,6935.442493999972,2734.6807610993656
1780754833,40,POST,/api/book,8.200000,0.000000,2100,3500,4100,4200,5100,5400,5500,5600,5600,5600,5600,1482,0,1100,1783.2736322078272,91.54677200012884,6935.442493999972,3382.0641025641025
1780754833,40,GET,/api/concerts,2.000000,0.000000,50,60,77,94,250,1000,1000,1000,1000,1000,1000,299,0,20,65.19346322407728,2.1986040001138463,1205.510871000115,753.0
1780754833,40,GET,/health,0.900000,0.000000,42,54,58,150,200,200,200,200,200,200,200,133,0,14,38.79004199999209,2.1337999999104795,885.8155679999982,57.0
1780754833,40,,Aggregated,11.100000,0.000000,800,2600,3600,4000,4700,5200,5500,5500,5600,5600,5600,1914,0,550,1393.6590616624853,2.1337999999104795,6935.442493999972,2740.306687565308
1780754834,40,POST,/api/book,7.500000,0.000000,2000,3600,4100,4300,4900,5400,5500,5600,5600,5600,5600,1494,0,1100,1786.1433338340023,91.54677200012884,6935.442493999972,3382.0481927710844
1780754834,40,GET,/api/concerts,1.700000,0.000000,50,56,60,77,250,1000,1000,1000,1000,1000,1000,301,0,20,64.77661740199028,2.1986040001138463,1205.510871000115,753.0
1780754834,40,GET,/health,0.700000,0.000000,25,42,58,58,150,200,200,200,200,200,200,137,0,14,37.89529056933442,2.0882329999949434,885.8155679999982,57.0
1780754834,40,,Aggregated,9.900000,0.000000,800,2300,3700,4100,4800,5200,5500,5500,5600,5600,5600,1932,0,550,1393.989418940992,2.0882329999949434,6935.442493999972,2736.667701863354
1780754835,40,POST,/api/book,7.700000,0.000000,1600,3500,4100,4200,4900,5400,5500,5600,5600,5600,5600,1499,0,1100,1781.3184330887254,91.54677200012884,6935.442493999972,3382.035356904603
1780754835,40,GET,/api/concerts,2.000000,0.000000,43,50,58,60,250,1000,1000,1000,1000,1000,1000,302,0,19,64.61289691059288,2.1986040001138463,1205.510871000115,753.0
1780754835,40,GET,/health,0.800000,0.000000,25,54,58,68,150,200,200,200,200,200,200,139,0,14,38.01567519423538,2.0882329999949434,885.8155679999982,57.0
1780754835,40,,Aggregated,10.500000,0.000000,710,2200,3600,4000,4800,5200,5500,5500,5600,5600,5600,1940,0,540,1389.1719612984518,2.0882329999949434,6935.442493999972,2734.536082474227
1780754836,40,POST,/api/book,9.000000,0.000000,1500,3300,4100,4100,4900,5400,5500,5600,5600,5600,5600,1505,0,1100,1777.4650292744186,91.54677200012884,6935.442493999972,3382.0166112956813
1780754836,40,GET,/api/concerts,1.700000,0.000000,43,58,65,72,250,1000,1000,1000,1000,1000,1000,305,0,20,64.55141624262005,2.1986040001138463,1205.510871000115,753.0
1780754836,40,GET,/health,0.900000,0.000000,25,54,68,68,200,230,230,230,230,230,230,142,0,14,38.86741402816065,2.0882329999949434,885.8155679999982,57.0
1780754836,40,,Aggregated,11.600000,0.000000,590,2000,3300,3900,4700,5200,5500,5500,5600,5600,5600,1952,0,530,1383.3464261290967,2.0882329999949434,6935.442493999972,2729.3514344262294
1780754837,40,POST,/api/book,9.400000,0.000000,800,2000,3100,3700,4200,4800,4900,4900,4900,4900,4900,1511,0,1000,1775.3750171647912,91.54677200012884,6935.442493999972,3382.0423560555923
1780754837,40,GET,/api/concerts,1.800000,0.000000,38,56,61,65,120,250,250,250,250,250,250,308,0,20,64.24695473051672,2.1986040001138463,1205.510871000115,753.0
1780754837,40,GET,/health,1.200000,0.000000,25,54,58,68,200,230,230,230,230,230,230,143,0,14,38.613413167823396,2.0882329999949434,885.8155679999982,57.0
1780754837,40,,Aggregated,12.400000,0.000000,380,800,1600,2500,4000,4400,4800,4900,4900,4900,4900,1962,0,530,1380.174021955146,2.0882329999949434,6935.442493999972,2726.9831804281343
1780754838,40,POST,/api/book,9.600000,0.000000,1000,2500,3500,3700,4200,4800,4900,4900,4900,4900,4900,1519,0,1000,1774.9832518360759,91.54677200012884,6935.442493999972,3382.0671494404214
1780754838,40,GET,/api/concerts,1.800000,0.000000,38,50,60,61,72,120,250,250,250,250,250,310,0,20,64.01871759031943,2.1986040001138463,1205.510871000115,753.0
1780754838,40,GET,/health,1.300000,0.000000,3,54,58,68,200,230,230,230,230,230,230,144,0,10,38.36260570832353,2.0882329999949434,885.8155679999982,57.0
1780754838,40,,Aggregated,12.700000,0.000000,320,750,2500,3200,4100,4400,4800,4900,4900,4900,4900,1973,0,530,1379.4067801388726,2.0882329999949434,6935.442493999972,2726.3041054232135
1780754840,40,POST,/api/book,9.600000,0.000000,1500,3100,3600,3900,4300,4800,4900,4900,4900,4900,4900,1524,0,1000,1773.975344689632,91.54677200012884,6935.442493999972,3382.0695538057744
1780754840,40,GET,/api/concerts,1.900000,0.000000,38,55,61,65,79,250,250,250,250,250,250,312,0,22,64.03705737499716,2.1986040001138463,1205.510871000115,753.0
1780754840,40,GET,/health,1.600000,0.000000,3,3,25,54,150,230,230,230,230,230,230,147,0,10,37.63397457822013,2.0882329999949434,885.8155679999982,57.0
1780754840,40,,Aggregated,13.100000,0.000000,320,1300,3000,3300,4100,4400,4800,4900,4900,4900,4900,1983,0,530,1376.2229861174967,2.0882329999949434,6935.442493999972,2721.930912758447
1780754841,40,POST,/api/book,7.700000,0.000000,2300,3600,3900,4100,4400,4800,4900,4900,4900,4900,4900,1541,0,1100,1791.0120121265397,91.54677200012884,6935.442493999972,3382.093445814406
1780754841,40,GET,/api/concerts,2.000000,0.000000,38,60,65,72,120,250,250,250,250,250,250,315,0,22,63.849469492060635,2.1986040001138463,1205.510871000115,753.0
1780754841,40,GET,/health,1.700000,0.000000,3,25,25,54,150,230,230,230,230,230,230,147,0,10,37.63397457822013,2.0882329999949434,885.8155679999982,57.0
1780754841,40,,Aggregated,11.400000,0.000000,390,2500,3300,3700,4200,4700,4900,4900,4900,4900,4900,2003,0,530,1390.7110773040413,2.0882329999949434,6935.442493999972,2724.6030953569643
1780754842,40,POST,/api/book,7.500000,0.000000,1900,3300,3800,4000,4400,4800,4900,4900,4900,4900,4900,1552,0,1100,1787.1859979574729,91.54677200012884,6935.442493999972,3381.987113402062
1780754842,40,GET,/api/concerts,2.100000,0.000000,38,60,65,72,120,200,250,250,250,250,250,316,0,22,64.2940577753132,2.1986040001138463,1205.510871000115,753.0
1780754842,40,GET,/health,1.700000,0.000000,3,25,25,36,68,230,230,230,230,230,230,149,0,10,37.39408981206965,2.0882329999949434,885.8155679999982,57.0
1780754842,40,,Aggregated,11.300000,0.000000,630,2200,3200,3700,4200,4700,4900,4900,4900,4900,4900,2017,0,540,1388.002632855228,2.0882329999949434,6935.442493999972,2724.4843827466534
1780754843,40,POST,/api/book,7.300000,0.000000,1300,2300,3100,3300,4200,4800,4900,4900,4900,4900,4900,1559,0,1100,1782.5695176209094,91.54677200012884,6935.442493999972,3381.917254650417
1780754843,40,GET,/api/concerts,2.100000,0.000000,36,55,65,72,79,120,200,200,200,200,200,320,0,22,63.82563224374674,2.1986040001138463,1205.510871000115,753.0
1780754843,40,GET,/health,1.900000,0.000000,3,3,25,25,68,230,230,230,230,230,230,150,0,9,37.16259255998997,2.0882329999949434,885.8155679999982,57.0
1780754843,40,,Aggregated,11.300000,0.000000,390,1100,2100,2900,3700,4400,4900,4900,4900,4900,4900,2029,0,530,1382.4664707604707,2.0882329999949434,6935.442493999972,2721.497782158699
1780754844,40,POST,/api/book,8.600000,0.000000,900,1900,3100,3200,3900,4400,4900,4900,4900,4900,4900,1565,0,1000,1778.155718099679,91.54677200012884,6935.442493999972,3381.9629392971246
1780754844,40,GET,/api/concerts,2.100000,0.000000,38,61,72,73,79,120,200,200,200,200,200,322,0,22,63.667713040369165,2.1986040001138463,1205.510871000115,753.0
1780754844,40,GET,/health,1.800000,0.000000,3,3,25,36,68,230,230,230,230,230,230,150,0,9,37.16259255998997,2.0882329999949434,885.8155679999982,57.0
1780754844,40,,Aggregated,12.500000,0.000000,400,900,1700,2800,3600,4200,4500,4900,4900,4900,4900,2037,0,530,1378.9342618109943,2.0882329999949434,6935.442493999972,2721.545409916544
1780754845,40,POST,/api/book,9.600000,0.000000,970,2000,3100,3200,3900,4400,4900,4900,4900,4900,4900,1570,0,1000,1776.578121129935,91.54677200012884,6935.442493999972,3381.979617834395
1780754845,40,GET,/api/concerts,2.100000,0.000000,45,65,73,74,120,200,200,200,200,200,200,322,0,22,63.667713040369165,2.1986040001138463,1205.510871000115,753.0
1780754845,40,GET,/health,1.900000,0.000000,3,3,3,3,36,230,230,230,230,230,230,150,0,9,37.16259255998997,2.0882329999949434,885.8155679999982,57.0
1780754845,40,,Aggregated,13.600000,0.000000,510,1000,1900,2800,3600,4200,4500,4900,4900,4900,4900,2042,0,540,1378.6988455714963,2.0882329999949434,6935.442493999972,2723.175318315377
1780754846,40,POST,/api/book,9.800000,0.000000,1100,2100,3100,3200,4100,4400,4900,4900,4900,4900,4900,1575,0,1100,1774.8667859574593,91.54677200012884,6935.442493999972,3381.96
1780754846,40,GET,/api/concerts,2.100000,0.000000,36,61,73,74,120,200,200,200,200,200,200,322,0,22,63.667713040369165,2.1986040001138463,1205.510871000115,753.0
1780754846,40,GET,/health,1.800000,0.000000,3,3,3,6,36,36,36,36,36,36,36,151,0,9,36.95565130462548,2.0882329999949434,885.8155679999982,57.0
1780754846,40,,Aggregated,13.700000,0.000000,740,1400,2100,2900,3600,4300,4900,4900,4900,4900,4900,2048,0,540,1377.6838353657206,2.0882329999949434,6935.442493999972,2723.466796875
1780754847,40,POST,/api/book,8.300000,0.000000,1300,1800,3100,3200,3900,4400,4900,4900,4900,4900,4900,1582,0,1100,1773.244050723134,91.54677200012884,6935.442493999972,3381.9228824273073
1780754847,40,GET,/api/concerts,2.300000,0.000000,24,55,74,74,120,200,200,200,200,200,200,324,0,20,63.28939472839123,2.1986040001138463,1205.510871000115,753.0
1780754847,40,GET,/health,1.700000,0.000000,3,3,3,6,36,36,36,36,36,36,36,152,0,9,36.727146401305866,2.0882329999949434,885.8155679999982,57.0
1780754847,40,,Aggregated,12.300000,0.000000,850,1400,1900,2800,3600,4300,4900,4900,4900,4900,4900,2058,0,540,1375.7824967876556,2.0882329999949434,6935.442493999972,2722.467444120505
1780754848,40,POST,/api/book,7.600000,0.000000,1300,1700,2900,3500,4300,4500,4900,4900,4900,4900,4900,1587,0,1100,1773.9510569143029,91.54677200012884,6935.442493999972,3381.937618147448
1780754848,40,GET,/api/concerts,2.100000,0.000000,24,73,74,79,120,200,200,200,200,200,200,324,0,20,63.28939472839123,2.1986040001138463,1205.510871000115,753.0
1780754848,40,GET,/health,1.300000,0.000000,3,3,6,6,36,36,36,36,36,36,36,152,0,9,36.727146401305866,2.0882329999949434,885.8155679999982,57.0
1780754848,40,,Aggregated,11.000000,0.000000,860,1400,1800,2800,4100,4500,4900,4900,4900,4900,4900,2063,0,540,1377.2896836975258,2.0882329999949434,6935.442493999972,2724.0770722249154
1780754849,40,POST,/api/book,7.600000,0.000000,1300,1800,2900,3600,4500,4800,4900,5000,5000,5000,5000,1593,0,1100,1777.7640462015058,91.54677200012884,6935.442493999972,3381.956057752668
1780754849,40,GET,/api/concerts,2.000000,0.000000,11,24,73,74,120,200,200,200,200,200,200,325,0,20,63.134480683073065,2.1986040001138463,1205.510871000115,753.0
1780754849,40,GET,/health,1.200000,0.000000,3,3,6,8,36,36,36,36,36,36,36,153,0,9,36.536580555546195,2.0882329999949434,885.8155679999982,57.0
1780754849,40,,Aggregated,10.800000,0.000000,960,1400,2100,2900,4400,4800,4900,5000,5000,5000,5000,2071,0,540,1380.0516314080135,2.0882329999949434,6935.442493999972,2723.7576050217285
1780754850,40,POST,/api/book,7.700000,0.000000,1400,2100,4000,4500,5400,5700,6100,6100,6100,6100,6100,1623,0,1100,1810.879515518176,91.54677200012884,6935.442493999972,3381.909426987061
1780754850,40,GET,/api/concerts,1.900000,0.000000,13,24,73,74,200,200,200,200,200,200,200,325,0,20,63.134480683073065,2.1986040001138463,1205.510871000115,753.0
1780754850,40,GET,/health,1.000000,0.000000,6,6,8,8,36,36,36,36,36,36,36,153,0,9,36.536580555546195,2.0882329999949434,885.8155679999982,57.0
1780754850,40,,Aggregated,10.600000,0.000000,1000,1500,3300,4000,5400,5700,6100,6100,6100,6100,6100,2101,0,560,1411.3118785021404,2.0882329999949434,6935.442493999972,2733.1199428843406
1780754851,40,POST,/api/book,7.600000,0.000000,1300,2800,4300,4500,5600,5800,6100,6100,6100,6100,6100,1628,0,1100,1806.0848697733413,91.54677200012884,6935.442493999972,3381.92628992629
1780754851,40,GET,/api/concerts,1.600000,0.000000,3,13,24,24,73,74,74,74,74,74,74,327,0,20,62.763748896020985,2.1986040001138463,1205.510871000115,753.0
1780754851,40,GET,/health,0.900000,0.000000,3,6,8,8,13,13,13,13,13,13,13,156,0,8,35.945028814091835,2.0882329999949434,885.8155679999982,57.0
1780754851,40,,Aggregated,10.100000,0.000000,970,1400,3500,4300,5400,5700,6100,6100,6100,6100,6100,2111,0,550,1405.2284880980562,2.0882329999949434,6935.442493999972,2728.9905258171484
1780754852,40,POST,/api/book,9.900000,0.000000,1400,3300,4400,4800,5600,5800,6100,6100,6100,6100,6100,1631,0,1100,1804.4480535395462,91.54677200012884,6935.442493999972,3381.9037400367874
1780754852,40,GET,/api/concerts,1.300000,0.000000,7,13,56,56,72,74,74,74,74,74,74,332,0,20,62.39557498794826,2.154582000002847,1205.510871000115,753.0
1780754852,40,GET,/health,0.600000,0.000000,6,8,10,13,20,20,20,20,20,20,20,158,0,9,35.676959746824565,2.0882329999949434,885.8155679999982,57.0
1780754852,40,,Aggregated,11.800000,0.000000,970,1400,3500,4300,5400,5700,6100,6100,6100,6100,6100,2121,0,550,1400.0033313809508,2.0882329999949434,6935.442493999972,2722.7190004714757
1780754853,40,POST,/api/book,9.900000,0.000000,1400,2800,4300,4800,5600,5800,6100,6100,6100,6100,6100,1639,0,1100,1800.6967031775469,91.54677200012884,6935.442493999972,3381.8596705308114
1780754853,40,GET,/api/concerts,1.300000,0.000000,7,55,56,65,72,74,74,74,74,74,74,334,0,20,62.22344462574489,2.154582000002847,1205.510871000115,753.0
1780754853,40,GET,/health,0.600000,0.000000,8,10,13,20,55,55,55,55,55,55,55,159,0,9,35.797568603762336,2.0882329999949434,885.8155679999982,57.0
1780754853,40,,Aggregated,11.800000,0.000000,1000,1400,3500,4300,5400,5700,6100,6100,6100,6100,6100,2132,0,550,1396.7243622987787,2.0882329999949434,6935.442493999972,2722.060506566604
1780754854,40,POST,/api/book,8.700000,0.000000,1400,3000,4300,4800,5600,5800,6100,6100,6100,6100,6100,1645,0,1100,1801.1743799635258,91.54677200012884,6935.442493999972,3381.9386018237083
1780754854,40,GET,/api/concerts,1.200000,0.000000,3,13,55,56,65,72,72,72,72,72,72,335,0,20,62.043561286563396,1.9625259999429545,1205.510871000115,753.0
1780754854,40,GET,/health,0.900000,0.000000,8,13,19,20,44,55,55,55,55,55,55,164,0,9,35.13819981706356,2.0882329999949434,885.8155679999982,57.0
1780754854,40,,Aggregated,10.800000,0.000000,1000,1400,3000,4000,5200,5700,5900,6100,6100,6100,6100,2144,0,550,1394.3466011385244,1.9625259999429545,6935.442493999972,2716.833955223881
1780754855,40,POST,/api/book,7.900000,0.000000,1300,3100,4300,4800,5600,5800,6100,6100,6100,6100,6100,1650,0,1100,1798.1387774060604,91.54677200012884,6935.442493999972,3381.9333333333334
1780754855,40,GET,/api/concerts,1.600000,0.000000,3,13,55,56,65,72,72,72,72,72,72,335,0,20,62.043561286563396,1.9625259999429545,1205.510871000115,753.0
1780754855,40,GET,/health,0.800000,0.000000,8,13,19,20,44,55,55,55,55,55,55,164,0,9,35.13819981706356,2.0882329999949434,885.8155679999982,57.0
1780754855,40,,Aggregated,10.300000,0.000000,910,1400,3100,4000,5200,5700,5900,6100,6100,6100,6100,2149,0,550,1392.9624199725438,1.9625259999429545,6935.442493999972,2718.3773848301535
1780754856,40,POST,/api/book,8.000000,0.000000,1300,3500,4300,4500,5600,5800,6100,6100,6100,6100,6100,1658,0,1100,1799.7278161586246,91.54677200012884,6935.442493999972,3381.8739445114597
1780754856,40,GET,/api/concerts,1.400000,0.000000,13,55,65,65,110,570,570,570,570,570,570,338,0,20,63.67879210354548,1.9625259999429545,1205.510871000115,753.0
1780754856,40,GET,/health,0.900000,0.000000,10,19,20,44,55,92,92,92,92,92,92,165,0,9,35.48166191514238,2.0882329999949434,885.8155679999982,57.0
1780754856,40,,Aggregated,10.300000,0.000000,590,2100,3500,4000,5200,5700,5900,6100,6100,6100,6100,2161,0,550,1393.4875636918075,1.9625259999429545,6935.442493999972,2716.8283202221196
1780754857,40,POST,/api/book,8.000000,0.000000,2100,3600,4200,4500,5400,5700,6100,6100,6100,6100,6100,1681,0,1100,1809.7627329119566,91.54677200012884,6935.442493999972,3381.8655562165377
1780754857,40,GET,/api/concerts,1.300000,0.000000,55,56,65,72,110,570,570,570,570,570,570,339,0,22,63.66884028908073,1.9625259999429545,1205.510871000115,753.0
1780754857,40,GET,/health,1.400000,0.000000,13,19,44,55,68,92,92,92,92,92,92,167,0,10,35.55725261675703,2.0882329999949434,885.8155679999982,57.0
1780754857,40,,Aggregated,10.700000,0.000000,920,2400,3700,4100,4900,5700,5900,6100,6100,6100,6100,2187,0,560,1403.627321476907,1.9625259999429545,6935.442493999972,2720.485596707819
1780754858,40,POST,/api/book,8.000000,0.000000,1300,3100,4000,4400,5400,5700,6100,6100,6100,6100,6100,1688,0,1100,1804.0148532488147,91.54677200012884,6935.442493999972,3381.905213270142
1780754858,40,GET,/api/concerts,1.300000,0.000000,55,56,65,65,110,570,570,570,570,570,570,340,0,22,63.55720330587763,1.9625259999429545,1205.510871000115,753.0
1780754858,40,GET,/health,1.400000,0.000000,13,19,44,47,68,92,92,92,92,92,92,170,0,9,35.2402711470491,2.0882329999949434,885.8155679999982,57.0
1780754858,40,,Aggregated,10.700000,0.000000,640,2100,3300,4000,4900,5700,5900,6100,6100,6100,6100,2198,0,550,1397.9878833043656,1.9625259999429545,6935.442493999972,2718.0919017288443
1780754859,40,POST,/api/book,8.300000,0.000000,740,1800,2800,3000,4100,4500,4800,4900,4900,4900,4900,1694,0,1100,1799.414184618063,91.54677200012884,6935.442493999972,3381.913813459268
1780754859,40,GET,/api/concerts,1.600000,0.000000,51,55,60,65,110,570,570,570,570,570,570,343,0,22,63.17769337025776,1.9625259999429545,1205.510871000115,753.0
1780754859,40,GET,/health,1.400000,0.000000,13,19,44,47,68,92,92,92,92,92,92,172,0,9,34.96666526743297,2.0882329999949434,885.8155679999982,57.0
1780754859,40,,Aggregated,11.300000,0.000000,350,740,1200,2300,3800,4400,4500,4800,4900,4900,4900,2209,0,550,1392.436325937074,1.9625259999429545,6935.442493999972,2714.823449524672
1780754860,40,POST,/api/book,9.800000,0.000000,1000,1800,2800,3000,4100,4500,4800,4900,4900,4900,4900,1700,0,1100,1796.7571125299994,91.54677200012884,6935.442493999972,3381.938823529412
1780754860,40,GET,/api/concerts,1.500000,0.000000,51,56,60,65,110,570,570,570,570,570,570,344,0,21,63.05504491278604,1.9625259999429545,1205.510871000115,753.0
1780754860,40,GET,/health,1.500000,0.000000,19,44,55,68,78,92,92,92,92,92,92,175,0,10,35.3002072514203,2.0882329999949434,885.8155679999982,57.0
1780754860,40,,Aggregated,12.800000,0.000000,540,1000,1200,2300,3800,4400,4500,4800,4900,4900,4900,2219,0,550,1389.074160892292,1.9625259999429545,6935.442493999972,2712.168995042812
1780754861,40,POST,/api/book,10.100000,0.000000,910,1800,2800,3000,4100,4500,4800,4900,4900,4900,4900,1706,0,1100,1794.8040270445479,91.54677200012884,6935.442493999972,3381.975381008206
1780754861,40,GET,/api/concerts,1.800000,0.000000,51,57,60,65,110,570,570,570,570,570,570,345,0,22,63.03719275361848,1.9625259999429545,1205.510871000115,753.0
1780754861,40,GET,/health,1.900000,0.000000,19,44,55,68,78,92,92,92,92,92,92,177,0,10,35.08044544066886,2.0882329999949434,885.8155679999982,57.0
1780754861,40,,Aggregated,13.800000,0.000000,570,1000,1800,2300,3800,4400,4500,4800,4900,4900,4900,2228,0,550,1386.8459337885977,1.9625259999429545,6935.442493999972,2710.7378815080788
1780754862,40,POST,/api/book,10.100000,0.000000,870,2300,3000,3400,4100,4500,4800,4900,4900,4900,4900,1710,0,1100,1796.6853451514614,91.54677200012884,6935.442493999972,3381.9959064327486
1780754862,40,GET,/api/concerts,1.800000,0.000000,51,55,60,60,110,570,570,570,570,570,570,346,0,21,62.86199315895482,1.9625259999429545,1205.510871000115,753.0
1780754862,40,GET,/health,1.900000,0.000000,15,29,47,68,78,92,92,92,92,92,92,178,0,10,34.89754273594594,2.0882329999949434,885.8155679999982,57.0
1780754862,40,,Aggregated,13.800000,0.000000,550,1000,2200,2900,3800,4400,4500,4800,4900,4900,4900,2234,0,550,1387.7770601830778,1.9625259999429545,6935.442493999972,2709.8912264995524
1780754863,40,POST,/api/book,7.700000,0.000000,870,2400,3400,3700,4400,4600,4800,4900,4900,4900,4900,1723,0,1100,1801.3705988282056,91.54677200012884,6935.442493999972,3381.915844457342
1780754863,40,GET,/api/concerts,1.800000,0.000000,39,55,57,60,110,570,570,570,570,570,570,348,0,22,62.68473008907614,1.9625259999429545,1205.510871000115,753.0
1780754863,40,GET,/health,2.100000,0.000000,15,29,47,68,78,92,92,92,92,92,92,178,0,10,34.89754273594594,2.0882329999949434,885.8155679999982,57.0
1780754863,40,,Aggregated,11.600000,0.000000,580,1100,2400,3400,4200,4500,4700,4800,4900,4900,4900,2249,0,550,1392.5244955353471,1.9625259999429545,6935.442493999972,2711.974655402401
1780754864,40,POST,/api/book,7.900000,0.000000,1200,3200,3600,3700,4400,4500,4800,4900,4900,4900,4900,1736,0,1100,1806.7520572580636,91.54677200012884,6935.442493999972,3381.9573732718895
1780754864,40,GET,/api/concerts,1.400000,0.000000,35,51,57,57,110,570,570,570,570,570,570,351,0,22,62.337934245009954,1.9625259999429545,1205.510871000115,753.0
1780754864,40,GET,/health,2.100000,0.000000,19,47,68,74,78,92,92,92,92,92,92,178,0,10,34.89754273594594,2.0882329999949434,885.8155679999982,57.0
1780754864,40,,Aggregated,11.400000,0.000000,600,1800,3200,3400,4200,4500,4700,4800,4900,4900,4900,2265,0,550,1397.180551402647,1.9625259999429545,6935.442493999972,2713.256953642384
1780754865,35,POST,/api/book,8.300000,0.000000,1200,3000,3400,3700,4400,4500,4800,4900,4900,4900,4900,1748,0,1100,1806.1784888026305,91.54677200012884,6935.442493999972,3381.9599542334095
1780754865,35,GET,/api/concerts,1.400000,0.000000,21,26,39,51,57,60,60,60,60,60,60,353,0,21,61.99945704532178,1.9625259999429545,1205.510871000115,753.0
1780754865,35,GET,/health,1.900000,0.000000,15,29,47,68,74,78,78,78,78,78,78,178,0,10,34.89754273594594,2.0882329999949434,885.8155679999982,57.0
1780754865,35,,Aggregated,11.600000,0.000000,620,1800,3100,3400,4200,4500,4700,4800,4900,4900,4900,2279,0,550,1397.6733520715204,1.9625259999429545,6935.442493999972,2715.0596752961824
1780754866,30,POST,/api/book,8.900000,0.000000,1000,2400,3300,3400,3700,4300,4600,4700,4700,4700,4700,1752,0,1100,1804.3501780273962,91.54677200012884,6935.442493999972,3381.9680365296804
1780754866,30,GET,/api/concerts,1.600000,0.000000,21,25,35,39,51,57,57,57,57,57,57,354,0,21,61.85198699999595,1.9625259999429545,1205.510871000115,753.0
1780754866,30,GET,/health,1.400000,0.000000,4,19,29,47,74,78,78,78,78,78,78,180,0,9,34.539247272212805,2.0882329999949434,885.8155679999982,57.0
1780754866,30,,Aggregated,11.900000,0.000000,530,1100,2400,3200,3700,4200,4600,4700,4700,4700,4700,2286,0,550,1395.1593087537162,1.9625259999429545,6935.442493999972,2713.0489938757655
1780754867,25,POST,/api/book,9.600000,0.000000,1200,2400,3300,3400,3700,4300,4600,4700,4700,4700,4700,1760,0,1100,1800.383294847158,91.54677200012884,6935.442493999972,3382.0306818181816
1780754867,25,GET,/api/concerts,1.800000,0.000000,11,21,35,39,51,57,57,57,57,57,57,358,0,20,61.33369561172802,1.9625259999429545,1205.510871000115,753.0
1780754867,25,GET,/health,1.400000,0.000000,11,29,33,33,74,78,78,78,78,78,78,181,0,10,34.528409734796504,2.0882329999949434,885.8155679999982,57.0
1780754867,25,,Aggregated,12.800000,0.000000,500,1200,2400,3100,3600,3800,4500,4600,4700,4700,4700,2299,0,550,1390.553155337971,1.9625259999429545,6935.442493999972,2710.8590691605045
1780754868,20,POST,/api/book,9.600000,0.000000,1200,2400,3300,3400,3700,4300,4600,4700,4700,4700,4700,1765,0,1100,1797.4293953728036,91.54677200012884,6935.442493999972,3382.070254957507
1780754868,20,GET,/api/concerts,1.800000,0.000000,11,21,35,35,48,57,57,57,57,57,57,359,0,20,61.17044566016328,1.9625259999429545,1205.510871000115,753.0
1780754868,20,GET,/health,1.400000,0.000000,11,29,33,33,74,78,78,78,78,78,78,184,0,9,34.15359654346842,2.0882329999949434,885.8155679999982,57.0
1780754868,20,,Aggregated,12.800000,0.000000,530,1400,2400,3200,3700,4200,4600,4700,4700,4700,4700,2308,0,550,1386.7882732188025,1.9625259999429545,6935.442493999972,2708.045493934142
1780754869,15,POST,/api/book,8.000000,0.000000,1100,2400,3300,3400,3700,4300,4600,4700,4700,4700,4700,1771,0,1100,1792.1501506132124,91.54677200012884,6935.442493999972,3382.0355731225295
1780754869,15,GET,/api/concerts,1.800000,0.000000,10,21,35,35,48,57,57,57,57,57,57,360,0,20,61.0081606694403,1.9625259999429545,1205.510871000115,753.0
1780754869,15,GET,/health,1.400000,0.000000,3,3,29,30,33,33,33,33,33,33,33,184,0,9,34.15359654346842,2.0882329999949434,885.8155679999982,57.0
1780754869,15,,Aggregated,11.200000,0.000000,420,1400,2600,3200,3700,4200,4600,4700,4700,4700,4700,2315,0,540,1383.2160329766725,1.9625259999429545,6935.442493999972,2708.9213822894167
1780754870,10,POST,/api/book,8.000000,0.000000,1100,2600,3300,3400,3700,4300,4600,4700,4700,4700,4700,1774,0,1100,1789.471243635287,91.54677200012884,6935.442493999972,3382.041713641488
1780754870,10,GET,/api/concerts,1.800000,0.000000,10,11,25,25,39,48,48,48,48,48,48,361,0,20,60.84636717728125,1.9625259999429545,1205.510871000115,753.0
1780754870,10,GET,/health,1.400000,0.000000,3,3,30,30,33,33,33,33,33,33,33,184,0,9,34.15359654346842,2.0882329999949434,885.8155679999982,57.0
1780754870,10,,Aggregated,11.200000,0.000000,400,1400,3000,3200,3700,4200,4600,4700,4700,4700,4700,2319,0,540,1381.1003822871912,1.9625259999429545,6935.442493999972,2708.953428201811
1780754871,5,POST,/api/book,7.700000,0.000000,750,2000,3200,3300,3700,4300,4600,4700,4700,4700,4700,1777,0,1100,1786.6829215137866,91.54677200012884,6935.442493999972,3382.0467079347213
1780754871,5,GET,/api/concerts,1.900000,0.000000,10,11,25,35,39,48,48,48,48,48,48,361,0,20,60.84636717728125,1.9625259999429545,1205.510871000115,753.0
1780754871,5,GET,/health,1.400000,0.000000,3,3,30,30,33,33,33,33,33,33,33,184,0,9,34.15359654346842,2.0882329999949434,885.8155679999982,57.0
1780754871,5,,Aggregated,11.000000,0.000000,360,1200,2400,3100,3700,4200,4600,4700,4700,4700,4700,2322,0,540,1379.4941222416005,1.9625259999429545,6935.442493999972,2709.8268733850127
1780754872,5,POST,/api/book,7.600000,0.000000,500,1400,2400,3000,3500,3700,3800,4200,4200,4200,4200,1778,0,1100,1785.7677384398191,91.54677200012884,6935.442493999972,3382.0528683914513
1780754872,5,GET,/api/concerts,1.700000,0.000000,3,10,11,21,35,48,48,48,48,48,48,361,0,20,60.84636717728125,1.9625259999429545,1205.510871000115,753.0
1780754872,5,GET,/health,1.200000,0.000000,3,3,30,30,33,33,33,33,33,33,33,184,0,9,34.15359654346842,2.0882329999949434,885.8155679999982,57.0
1780754872,5,,Aggregated,10.500000,0.000000,280,760,1400,2400,3300,3700,3800,4200,4200,4200,4200,2323,0,540,1378.968936401634,1.9625259999429545,6935.442493999972,2710.12096427034
1780754873,5,POST,/api/book,7.200000,0.000000,360,1000,1400,1400,2600,3300,3800,3800,3800,3800,3800,1782,0,1100,1782.287538261503,91.54677200012884,6935.442493999972,3382.118406285073
1780754873,5,GET,/api/concerts,1.600000,0.000000,3,3,10,10,48,48,48,48,48,48,48,361,0,20,60.84636717728125,1.9625259999429545,1205.510871000115,753.0
1780754873,5,GET,/health,0.700000,0.000000,3,3,30,30,33,33,33,33,33,33,33,184,0,9,34.15359654346842,2.0882329999949434,885.8155679999982,57.0
1780754873,5,,Aggregated,9.500000,0.000000,230,390,1100,1400,2400,3000,3500,3800,3800,3800,3800,2327,0,540,1377.0030913180042,1.9625259999429545,6935.442493999972,2711.3261710356683
1780754874,5,POST,/api/book,6.800000,0.000000,290,410,760,1100,1400,1600,2000,2000,2000,2000,2000,1784,0,1100,1780.5894338576222,91.54677200012884,6935.442493999972,3382.1199551569507
1780754874,5,GET,/api/concerts,1.500000,0.000000,3,10,10,10,48,48,48,48,48,48,48,361,0,20,60.84636717728125,1.9625259999429545,1205.510871000115,753.0
1780754874,5,GET,/health,0.600000,0.000000,3,3,30,30,33,33,33,33,33,33,33,184,0,9,34.15359654346842,2.0882329999949434,885.8155679999982,57.0
1780754874,5,,Aggregated,8.900000,0.000000,160,320,410,660,1300,1400,1600,2000,2000,2000,2000,2329,0,540,1376.050386568053,1.9625259999429545,6935.442493999972,2711.90339201374
1780754875,5,POST,/api/book,6.800000,0.000000,280,390,410,760,1400,1600,2000,2000,2000,2000,2000,1785,0,1100,1779.6696432862734,91.54677200012884,6935.442493999972,3382.1238095238095
1780754875,5,GET,/api/concerts,1.500000,0.000000,3,3,10,10,48,48,48,48,48,48,48,361,0,20,60.84636717728125,1.9625259999429545,1205.510871000115,753.0
1780754875,5,GET,/health,0.600000,0.000000,30,30,33,33,33,33,33,33,33,33,33,184,0,9,34.15359654346842,2.0882329999949434,885.8155679999982,57.0
1780754875,5,,Aggregated,8.900000,0.000000,150,280,390,410,1200,1400,2000,2000,2000,2000,2000,2330,0,530,1375.5193620519292,1.9625259999429545,6935.442493999972,2712.193991416309
1780754876,5,POST,/api/book,5.900000,0.000000,260,310,410,510,660,760,2000,2000,2000,2000,2000,1790,0,1000,1775.8222166446915,91.54677200012884,6935.442493999972,3382.1150837988826
1780754876,5,GET,/api/concerts,1.300000,0.000000,3,3,10,10,10,10,10,10,10,10,10,361,0,20,60.84636717728125,1.9625259999429545,1205.510871000115,753.0
1780754876,5,GET,/health,0.600000,0.000000,2,2,30,30,30,30,30,30,30,30,30,184,0,9,34.15359654346842,2.0882329999949434,885.8155679999982,57.0
1780754876,5,,Aggregated,7.800000,0.000000,150,280,320,410,550,760,2000,2000,2000,2000,2000,2335,0,530,1373.435361074516,1.9625259999429545,6935.442493999972,2713.621841541756
1780754877,5,POST,/api/book,3.900000,0.000000,160,290,320,390,510,530,550,550,550,550,550,1791,0,1000,1774.9064033908421,91.54677200012884,6935.442493999972,3382.0921273031827
1780754877,5,GET,/api/concerts,0.800000,0.000000,3,3,3,3,3,3,3,3,3,3,3,361,0,20,60.84636717728125,1.9625259999429545,1205.510871000115,753.0
1780754877,5,GET,/health,0.600000,0.000000,2,2,30,30,30,30,30,30,30,30,30,184,0,9,34.15359654346842,2.0882329999949434,885.8155679999982,57.0
1780754877,5,,Aggregated,5.300000,0.000000,150,280,320,390,510,530,550,550,550,550,550,2336,0,530,1372.9054660907514,1.9625259999429545,6935.442493999972,2713.890410958904
1780754878,5,POST,/api/book,3.900000,0.000000,140,280,310,390,510,530,550,550,550,550,550,1793,0,1000,1773.0580549810363,91.54677200012884,6935.442493999972,3382.102063580591
1780754878,5,GET,/api/concerts,0.700000,0.000000,3,3,3,3,3,3,3,3,3,3,3,362,0,19,60.68511244474757,1.9625259999429545,1205.510871000115,753.0
1780754878,5,GET,/health,0.400000,0.000000,2,2,30,30,30,30,30,30,30,30,30,184,0,9,34.15359654346842,2.0882329999949434,885.8155679999982,57.0
1780754878,5,,Aggregated,5.000000,0.000000,140,260,290,390,510,530,550,550,550,550,550,2339,0,530,1371.2464151560478,1.9625259999429545,6935.442493999972,2713.631038905515
1780754879,5,POST,/api/book,3.000000,0.000000,140,160,310,390,510,530,550,550,550,550,550,1795,0,1000,1771.2381311754864,91.54677200012884,6935.442493999972,3382.1448467966575
1780754879,5,GET,/api/concerts,0.400000,0.000000,3,3,3,3,3,3,3,3,3,3,3,362,0,19,60.68511244474757,1.9625259999429545,1205.510871000115,753.0
1780754879,5,GET,/health,0.300000,0.000000,2,2,30,30,30,30,30,30,30,30,30,184,0,9,34.15359654346842,2.0882329999949434,885.8155679999982,57.0
1780754879,5,,Aggregated,3.700000,0.000000,140,160,310,390,510,530,550,550,550,550,550,2341,0,530,1370.194240892352,1.9625259999429545,6935.442493999972,2714.2349423323367
1780754880,5,POST,/api/book,3.000000,0.000000,140,260,390,410,530,550,550,550,550,550,550,1796,0,1000,1770.3311344677052,91.54677200012884,6935.442493999972,3382.1369710467707
1780754880,5,GET,/api/concerts,0.400000,0.000000,2,2,3,3,3,3,3,3,3,3,3,363,0,19,60.52479638567146,1.9625259999429545,1205.510871000115,753.0
1780754880,5,GET,/health,0.300000,0.000000,2,2,30,30,30,30,30,30,30,30,30,184,0,9,34.15359654346842,2.0882329999949434,885.8155679999982,57.0
1780754880,5,,Aggregated,3.700000,0.000000,140,160,310,390,510,530,550,550,550,550,550,2343,0,530,1369.0864192727256,1.9625259999429545,6935.442493999972,2713.6769099445155
1780754881,5,POST,/api/book,2.700000,0.000000,140,260,390,410,530,550,550,550,550,550,550,1798,0,1000,1768.521744291434,91.54677200012884,6935.442493999972,3382.1201334816465
1780754881,5,GET,/api/concerts,0.300000,0.000000,2,2,3,3,3,3,3,3,3,3,3,363,0,19,60.52479638567146,1.9625259999429545,1205.510871000115,753.0
1780754881,5,GET,/health,0.000000,0.000000,2,2,30,30,30,30,30,30,30,30,30,184,0,9,34.15359654346842,2.0882329999949434,885.8155679999982,57.0
1780754881,5,,Aggregated,3.000000,0.000000,140,150,310,390,510,530,550,550,550,550,550,2345,0,530,1368.041304515137,1.9625259999429545,6935.442493999972,2714.2341151385926
1780754882,5,POST,/api/book,2.200000,0.000000,140,340,400,410,530,550,550,550,550,550,550,1800,0,1000,1766.962687343888,91.54677200012884,6935.442493999972,3382.1005555555557
1780754882,5,GET,/api/concerts,0.200000,0.000000,2,2,3,3,3,3,3,3,3,3,3,363,0,19,60.52479638567146,1.9625259999429545,1205.510871000115,753.0
1780754882,5,GET,/health,0.000000,0.000000,2,2,30,30,30,30,30,30,30,30,30,184,0,9,34.15359654346842,2.0882329999949434,885.8155679999982,57.0
1780754882,5,,Aggregated,2.400000,0.000000,140,310,390,400,510,530,550,550,550,550,550,2347,0,530,1367.1868768943316,1.9625259999429545,6935.442493999972,2714.7882403067747
1780754883,5,POST,/api/book,2.100000,0.000000,140,260,340,400,530,550,550,550,550,550,550,1803,0,1000,1764.3226414026617,91.54677200012884,6935.442493999972,3382.130338325014
1780754883,5,GET,/api/concerts,0.200000,0.000000,2,2,2,2,2,2,2,2,2,2,2,363,0,19,60.52479638567146,1.9625259999429545,1205.510871000115,753.0
1780754883,5,GET,/health,0.000000,0.000000,2,2,30,30,30,30,30,30,30,30,30,184,0,9,34.15359654346842,2.0882329999949434,885.8155679999982,57.0
1780754883,5,,Aggregated,2.300000,0.000000,140,150,310,340,510,530,550,550,550,550,550,2350,0,530,1365.6716958727645,1.9625259999429545,6935.442493999972,2715.662978723404
1780754884,5,POST,/api/book,2.100000,0.000000,140,260,340,400,530,550,550,550,550,550,550,1805,0,1000,1762.5210240481988,91.54677200012884,6935.442493999972,3382.1146814404433
1780754884,5,GET,/api/concerts,0.200000,0.000000,2,2,3,3,3,3,3,3,3,3,3,364,0,19,60.36562881867752,1.9625259999429545,1205.510871000115,753.0
1780754884,5,GET,/health,0.000000,0.000000,2,2,30,30,30,30,30,30,30,30,30,184,0,9,34.15359654346842,2.0882329999949434,885.8155679999982,57.0
1780754884,5,,Aggregated,2.300000,0.000000,140,150,310,340,510,530,550,550,550,550,550,2353,0,530,1364.0492133705893,1.9625259999429545,6935.442493999972,2715.38334041649
1780754885,5,POST,/api/book,2.100000,0.000000,140,150,310,340,510,530,550,550,550,550,550,1808,0,1000,1759.808080360066,91.54677200012884,6935.442493999972,3382.1355088495575
1780754885,5,GET,/api/concerts,0.200000,0.000000,2,2,3,3,3,3,3,3,3,3,3,364,0,19,60.36562881867752,1.9625259999429545,1205.510871000115,753.0
1780754885,5,GET,/health,0.000000,0.000000,0,0,0,0,0,0,0,0,0,0,0,184,0,9,34.15359654346842,2.0882329999949434,885.8155679999982,57.0
1780754885,5,,Aggregated,2.300000,0.000000,140,140,260,310,510,530,550,550,550,550,550,2356,0,530,1362.4746858849733,1.9625259999429545,6935.442493999972,2716.2483022071306
1780754886,5,POST,/api/book,2.100000,0.000000,140,140,140,150,340,400,400,400,400,400,400,1808,0,1000,1759.808080360066,91.54677200012884,6935.442493999972,3382.1355088495575
1780754886,5,GET,/api/concerts,0.200000,0.000000,3,3,3,3,3,3,3,3,3,3,3,365,0,19,60.20745174246226,1.9625259999429545,1205.510871000115,753.0
1780754886,5,GET,/health,0.000000,0.000000,0,0,0,0,0,0,0,0,0,0,0,184,0,9,34.15359654346842,2.0882329999949434,885.8155679999982,57.0
1780754886,5,,Aggregated,2.300000,0.000000,140,140,140,140,260,340,400,400,400,400,400,2357,0,530,1361.897747535425,1.9625259999429545,6935.442493999972,2715.415358506576
1780754887,5,POST,/api/book,2.200000,0.000000,140,140,140,150,340,400,400,400,400,400,400,1809,0,1000,1758.9136371133218,91.54677200012884,6935.442493999972,3382.141514648977
1780754887,5,GET,/api/concerts,0.300000,0.000000,3,3,3,3,3,3,3,3,3,3,3,366,0,19,60.05188007103445,1.9625259999429545,1205.510871000115,753.0
1780754887,5,GET,/health,0.000000,0.000000,0,0,0,0,0,0,0,0,0,0,0,184,0,9,34.15359654346842,2.0882329999949434,885.8155679999982,57.0
1780754887,5,,Aggregated,2.500000,0.000000,140,140,140,140,260,340,400,400,400,400,400,2359,0,530,1360.80458643832,1.9625259999429545,6935.442493999972,2714.8707079270876
1780754888,5,POST,/api/book,2.300000,0.000000,140,140,140,150,340,400,400,400,400,400,400,1811,0,1000,1757.1260481617885,91.54677200012884,6935.442493999972,3382.123688569851
1780754888,5,GET,/api/concerts,0.300000,0.000000,3,3,3,3,3,3,3,3,3,3,3,366,0,19,60.05188007103445,1.9625259999429545,1205.510871000115,753.0
1780754888,5,GET,/health,0.000000,0.000000,3,3,3,3,3,3,3,3,3,3,3,186,0,9,33.814355279560615,2.0882329999949434,885.8155679999982,57.0
1780754888,5,,Aggregated,2.600000,0.000000,140,140,140,140,260,340,400,400,400,400,400,2363,0,530,1358.6219768975866,1.9625259999429545,6935.442493999972,2713.1722386796446
1780754889,5,POST,/api/book,1.800000,0.000000,140,140,150,150,340,400,400,400,400,400,400,1812,0,1000,1756.2333946147899,91.54677200012884,6935.442493999972,3382.126931567329
1780754889,5,GET,/api/concerts,0.400000,0.000000,3,3,3,3,3,3,3,3,3,3,3,366,0,19,60.05188007103445,1.9625259999429545,1205.510871000115,753.0
1780754889,5,GET,/health,0.000000,0.000000,3,3,3,3,3,3,3,3,3,3,3,186,0,9,33.814355279560615,2.0882329999949434,885.8155679999982,57.0
1780754889,5,,Aggregated,2.200000,0.000000,140,140,140,140,260,340,400,400,400,400,400,2364,0,520,1358.1063321615893,1.9625259999429545,6935.442493999972,2713.457698815567
1780754890,5,POST,/api/book,1.900000,0.000000,140,140,140,140,340,400,400,400,400,400,400,1815,0,1000,1753.53343341157,91.54677200012884,6935.442493999972,3382.130578512397
1780754890,5,GET,/api/concerts,0.500000,0.000000,3,3,3,3,3,3,3,3,3,3,3,366,0,19,60.05188007103445,1.9625259999429545,1205.510871000115,753.0
1780754890,5,GET,/health,0.000000,0.000000,3,3,3,3,3,3,3,3,3,3,3,186,0,9,33.814355279560615,2.0882329999949434,885.8155679999982,57.0
1780754890,5,,Aggregated,2.400000,0.000000,140,140,140,140,260,340,400,400,400,400,400,2367,0,520,1356.540616742711,1.9625259999429545,6935.442493999972,2714.3079847908743
1780754891,5,POST,/api/book,1.900000,0.000000,140,140,140,140,260,400,400,400,400,400,400,1819,0,1000,1749.9807564821326,91.54677200012884,6935.442493999972,3382.159428257284
1780754891,5,GET,/api/concerts,0.400000,0.000000,3,3,3,3,3,3,3,3,3,3,3,366,0,19,60.05188007103445,1.9625259999429545,1205.510871000115,753.0
1780754891,5,GET,/health,0.200000,0.000000,3,3,3,3,3,3,3,3,3,3,3,186,0,9,33.814355279560615,2.0882329999949434,885.8155679999982,57.0
1780754891,5,,Aggregated,2.500000,0.000000,140,140,140,140,160,260,400,400,400,400,400,2371,0,520,1354.4847972285943,1.9625259999429545,6935.442493999972,2715.4567692956557
1780754892,5,POST,/api/book,1.800000,0.000000,140,140,140,140,160,180,180,180,180,180,180,1821,0,1000,1748.2358564706205,91.54677200012884,6935.442493999972,3382.163097199341
1780754892,5,GET,/api/concerts,0.400000,0.000000,3,3,3,3,3,3,3,3,3,3,3,366,0,19,60.05188007103445,1.9625259999429545,1205.510871000115,753.0
1780754892,5,GET,/health,0.200000,0.000000,3,3,3,3,3,3,3,3,3,3,3,186,0,9,33.814355279560615,2.0882329999949434,885.8155679999982,57.0
1780754892,5,,Aggregated,2.400000,0.000000,140,140,140,140,140,160,180,180,180,180,180,2373,0,520,1353.4791204471123,1.9625259999429545,6935.442493999972,2716.0214917825538
1780754893,5,POST,/api/book,2.100000,0.000000,140,140,140,140,160,180,180,180,180,180,180,1824,0,1000,1745.5638814983554,91.54677200012884,6935.442493999972,3382.1348684210525
1780754893,5,GET,/api/concerts,0.300000,0.000000,3,3,3,3,3,3,3,3,3,3,3,366,0,19,60.05188007103445,1.9625259999429545,1205.510871000115,753.0
1780754893,5,GET,/health,0.200000,0.000000,3,3,3,3,3,3,3,3,3,3,3,186,0,9,33.814355279560615,2.0882329999949434,885.8155679999982,57.0
1780754893,5,,Aggregated,2.600000,0.000000,140,140,140,140,140,160,180,180,180,180,180,2376,0,510,1351.9263375593425,1.9625259999429545,6935.442493999972,2716.840909090909
1780754894,5,POST,/api/book,2.200000,0.000000,140,140,140,140,160,180,180,180,180,180,180,1824,0,1000,1745.5638814983554,91.54677200012884,6935.442493999972,3382.1348684210525
1780754894,5,GET,/api/concerts,0.300000,0.000000,3,3,3,3,3,3,3,3,3,3,3,367,0,19,59.896094460486644,1.9625259999429545,1205.510871000115,753.0
1780754894,5,GET,/health,0.200000,0.000000,3,3,3,3,3,3,3,3,3,3,3,188,0,8,33.48287503722519,2.0882329999949434,885.8155679999982,57.0
1780754894,5,,Aggregated,2.700000,0.000000,120,140,140,140,140,160,180,180,180,180,180,2379,0,510,1350.2249546141227,1.9625259999429545,6935.442493999972,2713.779319041614
1780754895,5,POST,/api/book,2.200000,0.000000,140,140,140,140,160,180,180,180,180,180,180,1825,0,1000,1744.6689389610958,91.54677200012884,6935.442493999972,3382.1254794520546
1780754895,5,GET,/api/concerts,0.300000,0.000000,3,3,3,3,3,3,3,3,3,3,3,367,0,19,59.896094460486644,1.9625259999429545,1205.510871000115,753.0
1780754895,5,GET,/health,0.200000,0.000000,3,3,3,3,3,3,3,3,3,3,3,188,0,8,33.48287503722519,2.0882329999949434,885.8155679999982,57.0
1780754895,5,,Aggregated,2.700000,0.000000,120,140,140,140,140,160,180,180,180,180,180,2380,0,510,1349.7048154529402,1.9625259999429545,6935.442493999972,2714.0529411764705
1780754896,5,POST,/api/book,2.100000,0.000000,140,140,140,140,160,180,180,180,180,180,180,1828,0,1000,1742.0323798003283,91.54677200012884,6935.442493999972,3382.137308533917
1780754896,5,GET,/api/concerts,0.300000,0.000000,3,3,3,3,3,3,3,3,3,3,3,368,0,19,59.73974696466995,1.9625259999429545,1205.510871000115,753.0
1780754896,5,GET,/health,0.200000,0.000000,3,3,3,3,3,3,3,3,3,3,3,188,0,8,33.48287503722519,2.0882329999949434,885.8155679999982,57.0
1780754896,5,,Aggregated,2.600000,0.000000,130,140,140,140,140,160,180,180,180,180,180,2384,0,510,1347.6150157990764,1.9625259999429545,6935.442493999972,2714.0801174496646
1780754897,5,POST,/api/book,1.900000,0.000000,140,140,140,140,160,180,180,180,180,180,180,1828,0,1000,1742.0323798003283,91.54677200012884,6935.442493999972,3382.137308533917
1780754897,5,GET,/api/concerts,0.200000,0.000000,3,3,3,3,3,3,3,3,3,3,3,369,0,19,59.584795357719905,1.9625259999429545,1205.510871000115,753.0
1780754897,5,GET,/health,0.300000,0.000000,3,3,3,3,3,3,3,3,3,3,3,188,0,8,33.48287503722519,2.0882329999949434,885.8155679999982,57.0
1780754897,5,,Aggregated,2.400000,0.000000,130,140,140,140,140,160,180,180,180,180,180,2385,0,510,1347.0510525236891,1.9625259999429545,6935.442493999972,2713.2578616352203
1780754898,5,POST,/api/book,1.700000,0.000000,140,140,140,160,230,300,300,300,300,300,300,1830,0,1000,1740.4164573797816,91.54677200012884,6935.442493999972,3382.110382513661
1780754898,5,GET,/api/concerts,0.300000,0.000000,3,3,3,3,3,3,3,3,3,3,3,369,0,19,59.584795357719905,1.9625259999429545,1205.510871000115,753.0
1780754898,5,GET,/health,0.400000,0.000000,3,3,3,3,3,3,3,3,3,3,3,189,0,8,33.31892556083844,2.0882329999949434,885.8155679999982,57.0
1780754898,5,,Aggregated,2.400000,0.000000,130,140,140,140,180,230,300,300,300,300,300,2388,0,510,1345.5804788203513,1.9625259999429545,6935.442493999972,2712.685092127303
1780754899,5,POST,/api/book,2.000000,0.000000,140,140,160,160,230,300,300,300,300,300,300,1831,0,1000,1739.5436521791373,91.54677200012884,6935.442493999972,3382.1097760786456
1780754899,5,GET,/api/concerts,0.300000,0.000000,3,3,3,3,3,3,3,3,3,3,3,370,0,19,59.429844645942275,1.9625259999429545,1205.510871000115,753.0
1780754899,5,GET,/health,0.400000,0.000000,3,3,3,3,3,3,3,3,3,3,3,189,0,8,33.31892556083844,2.0882329999949434,885.8155679999982,57.0
1780754899,5,,Aggregated,2.700000,0.000000,130,140,140,140,180,230,300,300,300,300,300,2390,0,500,1344.5149567322171,1.9625259999429545,6935.442493999972,2712.144769874477
1780754900,5,POST,/api/book,1.900000,0.000000,140,140,180,180,230,300,300,300,300,300,300,1831,0,1000,1739.5436521791373,91.54677200012884,6935.442493999972,3382.1097760786456
1780754900,5,GET,/api/concerts,0.300000,0.000000,3,3,3,3,3,3,3,3,3,3,3,371,0,19,59.276410266843065,1.9625259999429545,1205.510871000115,753.0
1780754900,5,GET,/health,0.300000,0.000000,3,3,3,3,3,3,3,3,3,3,3,190,0,8,33.15688054735981,2.0882329999949434,885.8155679999982,57.0
1780754900,5,,Aggregated,2.500000,0.000000,110,140,140,140,180,230,300,300,300,300,300,2392,0,500,1343.3928857244978,1.9625259999429545,6935.442493999972,2710.2157190635453
1780754901,5,POST,/api/book,1.900000,0.000000,140,140,140,140,230,300,300,300,300,300,300,1833,0,1000,1737.7921345275504,91.54677200012884,6935.442493999972,3382.0943807965086
1780754901,5,GET,/api/concerts,0.300000,0.000000,3,3,3,3,3,3,3,3,3,3,3,372,0,18,59.12485752687846,1.9625259999429545,1205.510871000115,753.0
1780754901,5,GET,/health,0.300000,0.000000,3,3,3,3,3,3,3,3,3,3,3,190,0,8,33.15688054735981,2.0882329999949434,885.8155679999982,57.0
1780754901,5,,Aggregated,2.500000,0.000000,110,140,140,140,140,230,300,300,300,300,300,2395,0,500,1341.8234809574105,1.9625259999429545,6935.442493999972,2709.9478079331943
1780754902,5,POST,/api/book,1.600000,0.000000,140,140,140,140,230,300,300,300,300,300,300,1835,0,1000,1736.0348000212534,91.54677200012884,6935.442493999972,3382.0871934604907
1780754902,5,GET,/api/concerts,0.400000,0.000000,3,3,3,3,34,34,34,34,34,34,34,374,0,18,58.90711856951526,1.9625259999429545,1205.510871000115,753.0
1780754902,5,GET,/health,0.400000,0.000000,3,3,3,3,3,3,3,3,3,3,3,190,0,8,33.15688054735981,2.0882329999949434,885.8155679999982,57.0
1780754902,5,,Aggregated,2.400000,0.000000,110,130,140,140,140,230,300,300,300,300,300,2399,0,500,1339.706097410587,1.9625259999429545,6935.442493999972,2708.871196331805
1780754903,5,POST,/api/book,1.600000,0.000000,140,140,140,140,230,300,300,300,300,300,300,1835,0,1000,1736.0348000212534,91.54677200012884,6935.442493999972,3382.0871934604907
1780754903,5,GET,/api/concerts,0.400000,0.000000,3,3,3,3,34,34,34,34,34,34,34,374,0,18,58.90711856951526,1.9625259999429545,1205.510871000115,753.0
1780754903,5,GET,/health,0.400000,0.000000,2,2,3,3,3,3,3,3,3,3,3,190,0,8,33.15688054735981,2.0882329999949434,885.8155679999982,57.0
1780754903,5,,Aggregated,2.400000,0.000000,110,130,140,140,140,230,300,300,300,300,300,2399,0,500,1339.706097410587,1.9625259999429545,6935.442493999972,2708.871196331805
1780754904,5,POST,/api/book,1.400000,0.000000,140,230,240,300,350,360,360,360,360,360,360,1838,0,980,1733.7197771686617,91.54677200012884,6935.442493999972,3382.070184983678
1780754904,5,GET,/api/concerts,0.600000,0.000000,3,3,3,3,34,34,34,34,34,34,34,374,0,18,58.90711856951526,1.9625259999429545,1205.510871000115,753.0
1780754904,5,GET,/health,0.400000,0.000000,2,2,3,3,3,3,3,3,3,3,3,190,0,8,33.15688054735981,2.0882329999949434,885.8155679999982,57.0
1780754904,5,,Aggregated,2.400000,0.000000,130,140,140,230,300,350,360,360,360,360,360,2402,0,500,1338.4296503268104,1.9625259999429545,6935.442493999972,2709.6990008326393
1780754905,5,POST,/api/book,1.300000,0.000000,140,140,240,300,350,360,360,360,360,360,360,1840,0,980,1731.9873905728261,91.54677200012884,6935.442493999972,3382.0782608695654
1780754905,5,GET,/api/concerts,0.700000,0.000000,3,3,3,3,34,34,34,34,34,34,34,375,0,18,58.756568373329785,1.9625259999429545,1205.510871000115,753.0
1780754905,5,GET,/health,0.400000,0.000000,3,3,3,3,3,3,3,3,3,3,3,190,0,8,33.15688054735981,2.0882329999949434,885.8155679999982,57.0
1780754905,5,,Aggregated,2.400000,0.000000,130,140,140,230,300,350,360,360,360,360,360,2405,0,500,1336.8774715584193,1.9625259999429545,6935.442493999972,2709.4507276507275
1780754906,5,POST,/api/book,1.400000,0.000000,140,140,240,300,350,360,360,360,360,360,360,1843,0,980,1729.3783783456324,91.54677200012884,6935.442493999972,3382.0683667932717
1780754906,5,GET,/api/concerts,0.800000,0.000000,3,3,3,3,34,34,34,34,34,34,34,375,0,18,58.756568373329785,1.9625259999429545,1205.510871000115,753.0
1780754906,5,GET,/health,0.300000,0.000000,3,3,3,3,3,3,3,3,3,3,3,190,0,8,33.15688054735981,2.0882329999949434,885.8155679999982,57.0
1780754906,5,,Aggregated,2.500000,0.000000,130,140,140,230,300,350,360,360,360,360,360,2408,0,500,1335.3728703218433,1.9625259999429545,6935.442493999972,2710.281146179402
1780754907,5,POST,/api/book,1.400000,0.000000,140,140,140,240,350,360,360,360,360,360,360,1843,0,980,1729.3783783456324,91.54677200012884,6935.442493999972,3382.0683667932717
1780754907,5,GET,/api/concerts,0.800000,0.000000,3,3,3,3,34,34,34,34,34,34,34,375,0,18,58.756568373329785,1.9625259999429545,1205.510871000115,753.0
1780754907,5,GET,/health,0.300000,0.000000,2,2,3,3,3,3,3,3,3,3,3,191,0,8,32.996189560200484,2.0882329999949434,885.8155679999982,57.0
1780754907,5,,Aggregated,2.500000,0.000000,120,140,140,140,240,350,360,360,360,360,360,2409,0,500,1334.8195668895803,1.9625259999429545,6935.442493999972,2709.1797426317976
1780754908,5,POST,/api/book,1.300000,0.000000,140,140,300,300,360,370,370,370,370,370,370,1846,0,970,1727.0053092004334,91.54677200012884,6935.442493999972,3382.069339111593
1780754908,5,GET,/api/concerts,0.700000,0.000000,3,3,34,34,71,71,71,71,71,71,71,376,0,18,58.78924765425187,1.9625259999429545,1205.510871000115,753.0
1780754908,5,GET,/health,0.200000,0.000000,3,3,3,3,3,3,3,3,3,3,3,191,0,8,32.996189560200484,2.0882329999949434,885.8155679999982,57.0
1780754908,5,,Aggregated,2.200000,0.000000,130,140,140,240,350,360,370,370,370,370,370,2413,0,490,1332.9709200613338,1.9625259999429545,6935.442493999972,2709.2063820969747
1780754909,5,POST,/api/book,1.500000,0.000000,140,140,300,350,360,370,370,370,370,370,370,1846,0,970,1727.0053092004334,91.54677200012884,6935.442493999972,3382.069339111593
1780754909,5,GET,/api/concerts,0.600000,0.000000,3,3,34,34,71,71,71,71,71,71,71,377,0,18,58.64008695755636,1.9625259999429545,1205.510871000115,753.0
1780754909,5,GET,/health,0.300000,0.000000,3,3,3,3,3,3,3,3,3,3,3,191,0,8,32.996189560200484,2.0882329999949434,885.8155679999982,57.0
1780754909,5,,Aggregated,2.400000,0.000000,130,140,140,240,350,360,370,370,370,370,370,2414,0,490,1332.4197952663621,1.9625259999429545,6935.442493999972,2708.396023198012
1780754910,5,POST,/api/book,1.400000,0.000000,140,140,300,350,360,370,370,370,370,370,370,1848,0,970,1725.276230124459,91.54677200012884,6935.442493999972,3382.0400432900433
1780754910,5,GET,/api/concerts,0.600000,0.000000,3,34,34,71,71,71,71,71,71,71,71,377,0,18,58.64008695755636,1.9625259999429545,1205.510871000115,753.0
1780754910,5,GET,/health,0.200000,0.000000,3,3,3,3,3,3,3,3,3,3,3,191,0,8,32.996189560200484,2.0882329999949434,885.8155679999982,57.0
1780754910,5,,Aggregated,2.200000,0.000000,130,140,140,240,350,360,370,370,370,370,370,2416,0,490,1331.4238651734265,1.9625259999429545,6935.442493999972,2708.9312913907283
1780754911,5,POST,/api/book,1.400000,0.000000,140,140,300,300,360,370,370,370,370,370,370,1850,0,970,1723.5621145951354,91.54677200012884,6935.442493999972,3382.0259459459458
1780754911,5,GET,/api/concerts,0.600000,0.000000,3,52,52,71,71,71,71,71,71,71,71,378,0,18,58.62236636243061,1.9625259999429545,1205.510871000115,753.0
1780754911,5,GET,/health,0.200000,0.000000,3,3,3,3,3,3,3,3,3,3,3,191,0,8,32.996189560200484,2.0882329999949434,885.8155679999982,57.0
1780754911,5,,Aggregated,2.200000,0.000000,140,140,140,240,350,360,370,370,370,370,370,2419,0,490,1329.9096480744104,1.9625259999429545,6935.442493999972,2708.6684580405126
1780754912,5,POST,/api/book,1.600000,0.000000,140,140,240,300,360,370,370,370,370,370,370,1854,0,970,1720.1388295523195,91.54677200012884,6935.442493999972,3381.983279395901
1780754912,5,GET,/api/concerts,0.700000,0.000000,3,52,52,71,71,71,71,71,71,71,71,378,0,18,58.62236636243061,1.9625259999429545,1205.510871000115,753.0
1780754912,5,GET,/health,0.100000,0.000000,2,2,2,2,2,2,2,2,2,2,2,191,0,8,32.996189560200484,2.0882329999949434,885.8155679999982,57.0
1780754912,5,,Aggregated,2.400000,0.000000,140,140,140,240,350,360,370,370,370,370,370,2423,0,490,1327.9401224436642,1.9625259999429545,6935.442493999972,2709.7474205530334
1780754913,5,POST,/api/book,1.700000,0.000000,140,140,140,140,300,370,370,370,370,370,370,1854,0,970,1720.1388295523195,91.54677200012884,6935.442493999972,3381.983279395901
1780754913,5,GET,/api/concerts,0.600000,0.000000,52,52,71,71,71,71,71,71,71,71,71,378,0,18,58.62236636243061,1.9625259999429545,1205.510871000115,753.0
1780754913,5,GET,/health,0.100000,0.000000,2,2,2,2,2,2,2,2,2,2,2,192,0,7,32.83661808332461,2.0882329999949434,885.8155679999982,57.0
1780754913,5,,Aggregated,2.400000,0.000000,140,140,140,140,140,300,370,370,370,370,370,2424,0,490,1327.3932653246693,1.9625259999429545,6935.442493999972,2708.6530528052804
1780754914,5,POST,/api/book,1.700000,0.000000,140,140,140,140,300,370,370,370,370,370,370,1855,0,970,1719.2875651444747,91.54677200012884,6935.442493999972,3381.980592991914
1780754914,5,GET,/api/concerts,0.600000,0.000000,52,52,71,71,71,71,71,71,71,71,71,378,0,18,58.62236636243061,1.9625259999429545,1205.510871000115,753.0
1780754914,5,GET,/health,0.100000,0.000000,2,2,2,2,2,2,2,2,2,2,2,192,0,7,32.83661808332461,2.0882329999949434,885.8155679999982,57.0
1780754914,5,,Aggregated,2.400000,0.000000,140,140,140,140,300,370,370,370,370,370,370,2425,0,490,1326.904048865979,1.9625259999429545,6935.442493999972,2708.9286597938144
1780754915,5,POST,/api/book,1.900000,0.000000,140,140,290,300,540,540,540,540,540,540,540,1860,0,960,1715.5286819532264,91.54677200012884,6935.442493999972,3381.993548387097
1780754915,5,GET,/api/concerts,0.400000,0.000000,52,52,71,71,71,71,71,71,71,71,71,378,0,18,58.62236636243061,1.9625259999429545,1205.510871000115,753.0
1780754915,5,GET,/health,0.100000,0.000000,2,2,2,2,2,2,2,2,2,2,2,192,0,7,32.83661808332461,2.0882329999949434,885.8155679999982,57.0
1780754915,5,,Aggregated,2.400000,0.000000,140,140,140,290,370,540,540,540,540,540,540,2430,0,480,1324.8342525061723,1.9625259999429545,6935.442493999972,2710.3234567901236
1780754916,5,POST,/api/book,1.900000,0.000000,140,140,290,300,540,540,540,540,540,540,540,1861,0,960,1714.6807101289637,91.54677200012884,6935.442493999972,3381.996775926921
1780754916,5,GET,/api/concerts,0.400000,0.000000,52,52,71,71,71,71,71,71,71,71,71,378,0,18,58.62236636243061,1.9625259999429545,1205.510871000115,753.0
1780754916,5,GET,/health,0.100000,0.000000,2,2,2,2,2,2,2,2,2,2,2,192,0,7,32.83661808332461,2.0882329999949434,885.8155679999982,57.0
1780754916,5,,Aggregated,2.400000,0.000000,140,140,140,290,370,540,540,540,540,540,540,2431,0,480,1324.3458192953515,1.9625259999429545,6935.442493999972,2710.6022213081037
1780754917,5,POST,/api/book,1.800000,0.000000,140,140,140,290,540,540,540,540,540,540,540,1864,0,960,1712.147433670065,91.54677200012884,6935.442493999972,3381.9833690987125
1780754917,5,GET,/api/concerts,0.300000,0.000000,52,52,71,71,71,71,71,71,71,71,71,379,0,18,58.47444214775398,1.9625259999429545,1205.510871000115,753.0
1780754917,5,GET,/health,0.200000,0.000000,2,2,2,2,2,2,2,2,2,2,2,192,0,7,32.83661808332461,2.0882329999949434,885.8155679999982,57.0
1780754917,5,,Aggregated,2.300000,0.000000,140,140,140,140,370,540,540,540,540,540,540,2435,0,480,1322.3446655470223,1.9625259999429545,6935.442493999972,2710.6151950718686
1780754918,5,POST,/api/book,1.800000,0.000000,140,140,140,140,540,540,540,540,540,540,540,1865,0,960,1711.2914770214484,91.54677200012884,6935.442493999972,3381.9774798927615
1780754918,5,GET,/api/concerts,0.300000,0.000000,3,3,52,52,52,52,52,52,52,52,52,379,0,18,58.47444214775398,1.9625259999429545,1205.510871000115,753.0
1780754918,5,GET,/health,0.200000,0.000000,2,2,2,2,2,2,2,2,2,2,2,192,0,7,32.83661808332461,2.0882329999949434,885.8155679999982,57.0
1780754918,5,,Aggregated,2.300000,0.000000,140,140,140,140,290,540,540,540,540,540,540,2436,0,480,1321.8493632557468,1.9625259999429545,6935.442493999972,2710.886288998358
1780754919,5,POST,/api/book,2.000000,0.000000,140,140,140,140,290,540,540,540,540,540,540,1868,0,950,1708.7689450915423,91.54677200012884,6935.442493999972,3381.985010706638
1780754919,5,GET,/api/concerts,0.400000,0.000000,52,52,52,52,52,52,52,52,52,52,52,379,0,18,58.47444214775398,1.9625259999429545,1205.510871000115,753.0
1780754919,5,GET,/health,0.100000,0.000000,3,3,3,3,3,3,3,3,3,3,3,193,0,7,32.67948049221896,2.0882329999949434,885.8155679999982,57.0
1780754919,5,,Aggregated,2.500000,0.000000,140,140,140,140,290,540,540,540,540,540,540,2440,0,480,1319.8562880081963,1.9625259999429545,6935.442493999972,2710.6295081967214
1780754920,5,POST,/api/book,2.100000,0.000000,140,140,140,150,540,540,540,540,540,540,540,1870,0,950,1707.077514741177,91.54677200012884,6935.442493999972,3381.9882352941177
1780754920,5,GET,/api/concerts,0.400000,0.000000,52,52,52,52,52,52,52,52,52,52,52,379,0,18,58.47444214775398,1.9625259999429545,1205.510871000115,753.0
1780754920,5,GET,/health,0.100000,0.000000,3,3,3,3,3,3,3,3,3,3,3,193,0,7,32.67948049221896,2.0882329999949434,885.8155679999982,57.0
1780754920,5,,Aggregated,2.600000,0.000000,140,140,140,140,290,540,540,540,540,540,540,2442,0,480,1318.8795683353803,1.9625259999429545,6935.442493999972,2711.181818181818
1780754921,5,POST,/api/book,2.100000,0.000000,140,140,140,150,540,540,540,540,540,540,540,1871,0,950,1706.240592020845,91.54677200012884,6935.442493999972,3381.997862105826
1780754921,5,GET,/api/concerts,0.300000,0.000000,3,3,52,52,52,52,52,52,52,52,52,380,0,18,58.327206247365616,1.9625259999429545,1205.510871000115,753.0
1780754921,5,GET,/health,0.100000,0.000000,3,3,3,3,3,3,3,3,3,3,3,193,0,7,32.67948049221896,2.0882329999949434,885.8155679999982,57.0
1780754921,5,,Aggregated,2.500000,0.000000,140,140,140,140,290,540,540,540,540,540,540,2444,0,480,1317.859094018003,1.9625259999429545,6935.442493999972,2710.6624386252047
1780754922,5,POST,/api/book,2.100000,0.000000,140,140,230,230,540,540,540,540,540,540,540,1873,0,950,1704.6594609498136,91.54677200012884,6935.442493999972,3382.004805125467
1780754922,5,GET,/api/concerts,0.300000,0.000000,3,3,52,52,52,52,52,52,52,52,52,380,0,18,58.327206247365616,1.9625259999429545,1205.510871000115,753.0
1780754922,5,GET,/health,0.100000,0.000000,3,3,3,3,3,3,3,3,3,3,3,193,0,7,32.67948049221896,2.0882329999949434,885.8155679999982,57.0
1780754922,5,,Aggregated,2.500000,0.000000,140,140,150,230,290,540,540,540,540,540,540,2446,0,480,1316.9659233311525,1.9625259999429545,6935.442493999972,2711.216680294358
1780754923,5,POST,/api/book,2.100000,0.000000,140,150,230,230,290,540,540,540,540,540,540,1876,0,940,1702.1962109243077,91.4656869999817,6935.442493999972,3382.007462686567
1780754923,5,GET,/api/concerts,0.100000,0.000000,3,3,3,3,3,3,3,3,3,3,3,380,0,18,58.327206247365616,1.9625259999429545,1205.510871000115,753.0
1780754923,5,GET,/health,0.200000,0.000000,3,3,3,3,3,3,3,3,3,3,3,193,0,7,32.67948049221896,2.0882329999949434,885.8155679999982,57.0
1780754923,5,,Aggregated,2.400000,0.000000,140,140,230,230,290,540,540,540,540,540,540,2449,0,470,1315.5539280534908,1.9625259999429545,6935.442493999972,2712.040424663128
1780754924,5,POST,/api/book,2.100000,0.000000,140,150,230,230,540,540,540,540,540,540,540,1877,0,940,1701.3644247554614,91.4656869999817,6935.442493999972,3382.0202450719235
1780754924,5,GET,/api/concerts,0.100000,0.000000,3,3,3,3,3,3,3,3,3,3,3,380,0,18,58.327206247365616,1.9625259999429545,1205.510871000115,753.0
1780754924,5,GET,/health,0.200000,0.000000,3,3,3,3,3,3,3,3,3,3,3,193,0,7,32.67948049221896,2.0882329999949434,885.8155679999982,57.0
1780754924,5,,Aggregated,2.400000,0.000000,140,140,170,230,230,540,540,540,540,540,540,2450,0,470,1315.074491173469,1.9625259999429545,6935.442493999972,2712.323673469388
1780754925,5,POST,/api/book,2.000000,0.000000,140,140,150,170,230,230,230,230,230,230,230,1879,0,940,1699.7010026290584,91.4656869999817,6935.442493999972,3382.017562533262
1780754925,5,GET,/api/concerts,0.200000,0.000000,3,3,3,3,3,3,3,3,3,3,3,380,0,18,58.327206247365616,1.9625259999429545,1205.510871000115,753.0
1780754925,5,GET,/health,0.200000,0.000000,3,3,3,3,3,3,3,3,3,3,3,193,0,7,32.67948049221896,2.0882329999949434,885.8155679999982,57.0
1780754925,5,,Aggregated,2.400000,0.000000,140,140,140,150,230,230,230,230,230,230,230,2452,0,470,1314.1148703299343,1.9625259999429545,6935.442493999972,2712.867862969005
1780754926,5,POST,/api/book,2.200000,0.000000,140,140,150,170,230,230,230,230,230,230,230,1882,0,920,1697.188809242296,91.32261600007041,6935.442493999972,3382.0228480340065
1780754926,5,GET,/api/concerts,0.200000,0.000000,3,3,3,3,3,3,3,3,3,3,3,380,0,18,58.327206247365616,1.9625259999429545,1205.510871000115,753.0
1780754926,5,GET,/health,0.100000,0.000000,3,3,3,3,3,3,3,3,3,3,3,194,0,7,32.5229544226716,2.0882329999949434,885.8155679999982,57.0
1780754926,5,,Aggregated,2.500000,0.000000,140,140,140,150,230,230,230,230,230,230,230,2456,0,470,1312.1266818102602,1.9625259999429545,6935.442493999972,2712.607899022801
1780754927,5,POST,/api/book,2.200000,0.000000,140,140,150,170,230,230,230,230,230,230,230,1884,0,920,1695.505903927283,91.32261600007041,6935.442493999972,3382.044585987261
1780754927,5,GET,/api/concerts,0.200000,0.000000,3,3,3,3,3,3,3,3,3,3,3,380,0,18,58.327206247365616,1.9625259999429545,1205.510871000115,753.0
1780754927,5,GET,/health,0.100000,0.000000,3,3,3,3,3,3,3,3,3,3,3,194,0,7,32.5229544226716,2.0882329999949434,885.8155679999982,57.0
1780754927,5,,Aggregated,2.500000,0.000000,140,140,140,150,230,230,230,230,230,230,230,2458,0,470,1311.1500872786814,1.9625259999429545,6935.442493999972,2713.1692432872255
1780754928,5,POST,/api/book,2.000000,0.000000,140,140,170,230,230,330,330,330,330,330,330,1885,0,920,1694.7803400976134,91.32261600007041,6935.442493999972,3382.040848806366
1780754928,5,GET,/api/concerts,0.200000,0.000000,3,3,3,3,3,3,3,3,3,3,3,380,0,18,58.327206247365616,1.9625259999429545,1205.510871000115,753.0
1780754928,5,GET,/health,0.200000,0.000000,3,3,3,3,3,3,3,3,3,3,3,194,0,7,32.5229544226716,2.0882329999949434,885.8155679999982,57.0
1780754928,5,,Aggregated,2.400000,0.000000,140,140,140,170,230,230,330,330,330,330,330,2459,0,470,1310.750196265148,1.9625259999429545,6935.442493999972,2713.438389589264
1780754929,5,POST,/api/book,2.100000,0.000000,140,170,230,230,330,410,410,410,410,410,410,1888,0,900,1692.5003647722463,91.32261600007041,6935.442493999972,3382.0158898305085
1780754929,5,GET,/api/concerts,0.100000,0.000000,3,3,3,3,3,3,3,3,3,3,3,380,0,18,58.327206247365616,1.9625259999429545,1205.510871000115,753.0
1780754929,5,GET,/health,0.200000,0.000000,2,2,3,3,3,3,3,3,3,3,3,195,0,7,32.3676528307604,2.0882329999949434,885.8155679999982,57.0
1780754929,5,,Aggregated,2.400000,0.000000,140,140,230,230,230,330,410,410,410,410,410,2463,0,460,1308.9389847202592,1.9625259999429545,6935.442493999972,2713.155095412099
1780754930,5,POST,/api/book,2.100000,0.000000,140,200,230,230,330,410,410,410,410,410,410,1890,0,900,1690.8896683328048,91.32261600007041,6935.442493999972,3382.011111111111
1780754930,5,GET,/api/concerts,0.100000,0.000000,3,3,3,3,3,3,3,3,3,3,3,380,0,18,58.327206247365616,1.9625259999429545,1205.510871000115,753.0
1780754930,5,GET,/health,0.200000,0.000000,3,3,13,13,13,13,13,13,13,13,13,196,0,7,32.26884872448031,2.0882329999949434,885.8155679999982,57.0
1780754930,5,,Aggregated,2.400000,0.000000,140,170,230,230,230,330,410,410,410,410,410,2466,0,460,1307.4900672639897,1.9625259999429545,6935.442493999972,2712.616788321168
1780754931,5,POST,/api/book,2.000000,0.000000,140,150,200,230,330,410,410,410,410,410,410,1891,0,900,1690.064470001587,91.32261600007041,6935.442493999972,3382.029613960867
1780754931,5,GET,/api/concerts,0.100000,0.000000,3,3,3,3,3,3,3,3,3,3,3,381,0,18,58.18072453805504,1.9625259999429545,1205.510871000115,753.0
1780754931,5,GET,/health,0.300000,0.000000,2,3,3,13,13,13,13,13,13,13,13,197,0,7,32.117447436538676,2.0882329999949434,885.8155679999982,57.0
1780754931,5,,Aggregated,2.400000,0.000000,140,140,170,200,230,330,410,410,410,410,410,2469,0,450,1305.9562195087074,1.9625259999429545,6935.442493999972,2711.032806804374
1780754932,5,POST,/api/book,2.000000,0.000000,140,140,200,230,330,410,410,410,410,410,410,1894,0,890,1687.595983109821,91.32261600007041,6935.442493999972,3382.0068637803593
1780754932,5,GET,/api/concerts,0.100000,0.000000,3,3,3,3,3,3,3,3,3,3,3,381,0,18,58.18072453805504,1.9625259999429545,1205.510871000115,753.0
1780754932,5,GET,/health,0.300000,0.000000,2,2,13,13,13,13,13,13,13,13,13,197,0,7,32.117447436538676,2.0882329999949434,885.8155679999982,57.0
1780754932,5,,Aggregated,2.400000,0.000000,140,140,150,200,230,330,410,410,410,410,410,2472,0,450,1304.5310619757274,1.9625259999429545,6935.442493999972,2711.829692556634
1780754933,5,POST,/api/book,2.000000,0.000000,140,140,150,200,330,410,410,410,410,410,410,1896,0,890,1685.9648175511606,91.32261600007041,6935.442493999972,3382.0084388185655
1780754933,5,GET,/api/concerts,0.100000,0.000000,3,3,3,3,3,3,3,3,3,3,3,382,0,18,58.03455285601817,1.9625259999429545,1205.510871000115,753.0
1780754933,5,GET,/health,0.400000,0.000000,2,2,2,13,13,13,13,13,13,13,13,198,0,6,31.96727899999052,2.0882329999949434,885.8155679999982,57.0
1780754933,5,,Aggregated,2.500000,0.000000,140,140,140,140,230,330,410,410,410,410,410,2476,0,450,1302.5395858279476,1.9625259999429545,6935.442493999972,2710.5088852988692
1780754934,5,POST,/api/book,2.000000,0.000000,140,140,150,200,330,410,410,410,410,410,410,1896,0,890,1685.9648175511606,91.32261600007041,6935.442493999972,3382.0084388185655
1780754934,5,GET,/api/concerts,0.100000,0.000000,3,3,3,3,3,3,3,3,3,3,3,383,0,18,57.88960403132907,1.9625259999429545,1205.510871000115,753.0
1780754934,5,GET,/health,0.400000,0.000000,2,2,2,13,13,13,13,13,13,13,13,198,0,6,31.96727899999052,2.0882329999949434,885.8155679999982,57.0
1780754934,5,,Aggregated,2.500000,0.000000,130,140,140,150,230,330,410,410,410,410,410,2477,0,450,1302.014749157448,1.9625259999429545,6935.442493999972,2709.718611223254
1780754935,5,POST,/api/book,2.000000,0.000000,140,140,150,200,330,410,410,410,410,410,410,1898,0,890,1684.3381036817707,91.32261600007041,6935.442493999972,3381.986828240253
1780754935,5,GET,/api/concerts,0.200000,0.000000,3,3,3,3,3,3,3,3,3,3,3,384,0,18,57.745315981767874,1.9625259999429545,1205.510871000115,753.0
1780754935,5,GET,/health,0.500000,0.000000,2,2,2,13,13,13,13,13,13,13,13,198,0,6,31.96727899999052,2.0882329999949434,885.8155679999982,57.0
1780754935,5,,Aggregated,2.700000,0.000000,130,140,140,150,230,330,410,410,410,410,410,2480,0,450,1300.5554207124994,1.9625259999429545,6935.442493999972,2709.455241935484
1780754936,5,POST,/api/book,1.900000,0.000000,140,140,150,200,330,410,410,410,410,410,410,1901,0,880,1681.8907533540244,91.32261600007041,6935.442493999972,3381.9936875328776
1780754936,5,GET,/api/concerts,0.300000,0.000000,3,3,3,3,3,3,3,3,3,3,3,384,0,18,57.745315981767874,1.9625259999429545,1205.510871000115,753.0
1780754936,5,GET,/health,0.500000,0.000000,2,2,13,13,13,13,13,13,13,13,13,198,0,6,31.96727899999052,2.0882329999949434,885.8155679999982,57.0
1780754936,5,,Aggregated,2.700000,0.000000,140,140,140,140,230,330,410,410,410,410,410,2483,0,450,1299.1454066472002,1.9625259999429545,6935.442493999972,2710.273056786146
1780754937,5,POST,/api/book,1.900000,0.000000,140,150,230,300,330,410,410,410,410,410,410,1903,0,880,1680.438934718865,91.32261600007041,6935.442493999972,3381.9400945874936
1780754937,5,GET,/api/concerts,0.300000,0.000000,3,3,3,3,3,3,3,3,3,3,3,384,0,18,57.745315981767874,1.9625259999429545,1205.510871000115,753.0
1780754937,5,GET,/health,0.500000,0.000000,2,2,13,13,13,13,13,13,13,13,13,198,0,6,31.96727899999052,2.0882329999949434,885.8155679999982,57.0
1780754937,5,,Aggregated,2.700000,0.000000,140,140,150,200,300,330,410,410,410,410,410,2485,0,450,1298.3416560760554,1.9625259999429545,6935.442493999972,2710.7726358148893
1780754938,5,POST,/api/book,1.800000,0.000000,140,140,140,150,300,300,300,300,300,300,300,1904,0,880,1679.6306704564076,91.32261600007041,6935.442493999972,3381.9553571428573
1780754938,5,GET,/api/concerts,0.400000,0.000000,3,3,3,3,3,3,3,3,3,3,3,384,0,18,57.745315981767874,1.9625259999429545,1205.510871000115,753.0
1780754938,5,GET,/health,0.500000,0.000000,2,2,13,13,13,13,13,13,13,13,13,198,0,6,31.96727899999052,2.0882329999949434,885.8155679999982,57.0
1780754938,5,,Aggregated,2.700000,0.000000,140,140,140,140,200,300,300,300,300,300,300,2486,0,450,1297.8763150152847,1.9625259999429545,6935.442493999972,2711.054304102977
1780754939,5,POST,/api/book,1.900000,0.000000,140,140,140,140,300,300,300,300,300,300,300,1906,0,880,1678.0074144658972,91.32261600007041,6935.442493999972,3381.9475341028333
1780754939,5,GET,/api/concerts,0.400000,0.000000,3,3,3,3,3,3,3,3,3,3,3,384,0,18,57.745315981767874,1.9625259999429545,1205.510871000115,753.0
1780754939,5,GET,/health,0.400000,0.000000,2,2,2,2,2,2,2,2,2,2,2,198,0,6,31.96727899999052,2.0882329999949434,885.8155679999982,57.0
1780754939,5,,Aggregated,2.700000,0.000000,140,140,140,140,140,300,300,300,300,300,300,2488,0,450,1296.9396521507226,1.9625259999429545,6935.442493999972,2711.587620578778
1780754940,5,POST,/api/book,2.000000,0.000000,140,140,300,300,400,410,410,410,410,410,410,1910,0,880,1675.2269046282725,91.32261600007041,6935.442493999972,3381.948167539267
1780754940,5,GET,/api/concerts,0.400000,0.000000,3,3,3,3,3,3,3,3,3,3,3,384,0,18,57.745315981767874,1.9625259999429545,1205.510871000115,753.0
1780754940,5,GET,/health,0.400000,0.000000,2,2,2,2,2,2,2,2,2,2,2,198,0,6,31.96727899999052,2.0882329999949434,885.8155679999982,57.0
1780754940,5,,Aggregated,2.800000,0.000000,140,140,220,300,370,400,410,410,410,410,410,2492,0,440,1295.4201887716686,1.9625259999429545,6935.442493999972,2712.664125200642
1780754941,5,POST,/api/book,2.000000,0.000000,140,220,300,300,400,410,410,410,410,410,410,1910,0,880,1675.2269046282725,91.32261600007041,6935.442493999972,3381.948167539267
1780754941,5,GET,/api/concerts,0.400000,0.000000,2,2,3,3,3,3,3,3,3,3,3,384,0,18,57.745315981767874,1.9625259999429545,1205.510871000115,753.0
1780754941,5,GET,/health,0.400000,0.000000,2,2,2,2,2,2,2,2,2,2,2,198,0,6,31.96727899999052,2.0882329999949434,885.8155679999982,57.0
1780754941,5,,Aggregated,2.800000,0.000000,140,140,300,300,400,410,410,410,410,410,410,2492,0,440,1295.4201887716686,1.9625259999429545,6935.442493999972,2712.664125200642
1780754942,5,POST,/api/book,1.900000,0.000000,140,250,300,300,400,410,410,410,410,410,410,1912,0,870,1673.687112444038,91.32261600007041,6935.442493999972,3381.9743723849374
1780754942,5,GET,/api/concerts,0.400000,0.000000,3,3,3,3,3,3,3,3,3,3,3,384,0,18,57.745315981767874,1.9625259999429545,1205.510871000115,753.0
1780754942,5,GET,/health,0.200000,0.000000,11,11,11,11,11,11,11,11,11,11,11,199,0,7,31.859952422100214,2.0882329999949434,885.8155679999982,57.0
1780754942,5,,Aggregated,2.500000,0.000000,140,220,300,300,400,410,410,410,410,410,410,2495,0,440,1294.0296957362718,1.9625259999429545,6935.442493999972,2712.1563126252504
1780754943,5,POST,/api/book,1.900000,0.000000,140,250,300,300,400,410,410,410,410,410,410,1913,0,870,1672.8757861824363,91.32261600007041,6935.442493999972,3381.986408782018
1780754943,5,GET,/api/concerts,0.400000,0.000000,3,3,3,3,3,3,3,3,3,3,3,385,0,18,57.60225281558178,1.9625259999429545,1205.510871000115,753.0
1780754943,5,GET,/health,0.200000,0.000000,11,11,11,11,11,11,11,11,11,11,11,199,0,7,31.859952422100214,2.0882329999949434,885.8155679999982,57.0
1780754943,5,,Aggregated,2.500000,0.000000,140,220,300,300,400,410,410,410,410,410,410,2497,0,440,1293.0430023360025,1.9625259999429545,6935.442493999972,2711.649179014818
1780754944,5,POST,/api/book,1.900000,0.000000,140,250,300,300,400,410,410,410,410,410,410,1914,0,870,1672.0763229958206,91.32261600007041,6935.442493999972,3381.9791013584118
1780754944,5,GET,/api/concerts,0.400000,0.000000,2,2,3,3,3,3,3,3,3,3,3,386,0,17,57.4592286010338,1.9625259999429545,1205.510871000115,753.0
1780754944,5,GET,/health,0.100000,0.000000,11,11,11,11,11,11,11,11,11,11,11,199,0,7,31.859952422100214,2.0882329999949434,885.8155679999982,57.0
1780754944,5,,Aggregated,2.400000,0.000000,140,220,300,300,400,410,410,410,410,410,410,2499,0,440,1292.066216480992,1.9625259999429545,6935.442493999972,2711.128051220488
1780754945,5,POST,/api/book,1.700000,0.000000,250,300,370,370,400,410,410,410,410,410,410,1916,0,870,1670.7094243068898,91.32261600007041,6935.442493999972,3381.98121085595
1780754945,5,GET,/api/concerts,0.300000,0.000000,3,3,3,3,3,3,3,3,3,3,3,387,0,17,57.317461054261074,1.9625259999429545,1205.510871000115,753.0
1780754945,5,GET,/health,0.100000,0.000000,3,3,11,11,11,11,11,11,11,11,11,200,0,6,31.713206419989888,2.0882329999949434,885.8155679999982,57.0
1780754945,5,,Aggregated,2.100000,0.000000,140,250,300,360,370,400,410,410,410,410,410,2503,0,440,1290.2931504930077,1.9625259999429545,6935.442493999972,2709.8230123851376
1780754946,5,POST,/api/book,1.800000,0.000000,220,360,370,370,400,410,410,410,410,410,410,1916,0,870,1670.7094243068898,91.32261600007041,6935.442493999972,3381.98121085595
1780754946,5,GET,/api/concerts,0.300000,0.000000,3,3,3,3,3,3,3,3,3,3,3,389,0,16,57.035825686372895,1.9625259999429545,1205.510871000115,753.0
1780754946,5,GET,/health,0.100000,0.000000,3,3,11,11,11,11,11,11,11,11,11,201,0,6,31.567747164169432,2.0882329999949434,885.8155679999982,57.0
1780754946,5,,Aggregated,2.200000,0.000000,140,160,250,360,370,400,410,410,410,410,410,2506,0,430,1288.7515204884273,1.9625259999429545,6935.442493999972,2707.20271348763
1780754947,5,POST,/api/book,1.900000,0.000000,290,360,370,370,400,410,410,410,410,410,410,1918,0,870,1669.276953970282,91.32261600007041,6935.442493999972,3381.9770594369134
1780754947,5,GET,/api/concerts,0.300000,0.000000,2,3,3,3,3,3,3,3,3,3,3,390,0,16,56.89588285897193,1.9625259999429545,1205.510871000115,753.0
1780754947,5,GET,/health,0.200000,0.000000,3,3,11,11,11,11,11,11,11,11,11,201,0,6,31.567747164169432,2.0882329999949434,885.8155679999982,57.0
1780754947,5,,Aggregated,2.400000,0.000000,140,250,300,360,370,400,410,410,410,410,410,2509,0,430,1287.448269912315,1.9625259999429545,6935.442493999972,2706.958549222798
1780754948,5,POST,/api/book,1.900000,0.000000,290,360,370,370,400,410,410,410,410,410,410,1919,0,870,1668.4784582157379,91.32261600007041,6935.442493999972,3381.9656070870246
1780754948,5,GET,/api/concerts,0.300000,0.000000,3,3,3,3,3,3,3,3,3,3,3,390,0,16,56.89588285897193,1.9625259999429545,1205.510871000115,753.0
1780754948,5,GET,/health,0.200000,0.000000,3,3,11,11,11,11,11,11,11,11,11,201,0,6,31.567747164169432,2.0882329999949434,885.8155679999982,57.0
1780754948,5,,Aggregated,2.400000,0.000000,140,250,300,360,370,400,410,410,410,410,410,2510,0,430,1286.9899094864536,1.9625259999429545,6935.442493999972,2707.2187250996017
1780754949,5,POST,/api/book,1.600000,0.000000,220,250,300,300,360,370,370,370,370,370,370,1921,0,860,1666.8780878474756,91.32261600007041,6935.442493999972,3381.9755335762625
1780754949,5,GET,/api/concerts,0.500000,0.000000,3,3,3,3,3,3,3,3,3,3,3,391,0,16,56.75695874424347,1.9625259999429545,1205.510871000115,753.0
1780754949,5,GET,/health,0.300000,0.000000,3,3,11,11,11,11,11,11,11,11,11,202,0,6,31.421642084148747,2.0545209999909275,885.8155679999982,57.0
1780754949,5,,Aggregated,2.400000,0.000000,120,140,220,250,300,360,370,370,370,370,370,2514,0,430,1285.048508084725,1.9625259999429545,6935.442493999972,2705.931583134447
1780754950,5,POST,/api/book,1.300000,0.000000,160,250,300,300,360,370,370,370,370,370,370,1922,0,860,1666.0758547643084,91.32261600007041,6935.442493999972,3381.9817898022893
1780754950,5,GET,/api/concerts,0.600000,0.000000,3,3,3,3,3,3,3,3,3,3,3,391,0,16,56.75695874424347,1.9625259999429545,1205.510871000115,753.0
1780754950,5,GET,/health,0.300000,0.000000,3,3,11,11,11,11,11,11,11,11,11,202,0,6,31.421642084148747,2.0545209999909275,885.8155679999982,57.0
1780754950,5,,Aggregated,2.200000,0.000000,120,140,160,250,300,360,370,370,370,370,370,2515,0,430,1284.5872506667986,1.9625259999429545,6935.442493999972,2706.2051689860837
1780754951,5,POST,/api/book,1.600000,0.000000,140,250,290,300,360,370,370,370,370,370,370,1925,0,860,1663.6978796716885,91.32261600007041,6935.442493999972,3382.001038961039
1780754951,5,GET,/api/concerts,0.700000,0.000000,3,3,3,3,3,3,3,3,3,3,3,391,0,16,56.75695874424347,1.9625259999429545,1205.510871000115,753.0
1780754951,5,GET,/health,0.400000,0.000000,3,3,11,11,11,11,11,11,11,11,11,202,0,6,31.421642084148747,2.0545209999909275,885.8155679999982,57.0
1780754951,5,,Aggregated,2.700000,0.000000,120,140,140,250,300,360,370,370,370,370,370,2518,0,420,1283.2238129221598,1.9625259999429545,6935.442493999972,2707.0250198570293
1780754952,5,POST,/api/book,1.300000,0.000000,140,140,290,300,360,370,370,370,370,370,370,1926,0,860,1662.8994973255453,91.32261600007041,6935.442493999972,3381.9781931464177
1780754952,5,GET,/api/concerts,0.700000,0.000000,3,3,3,3,3,3,3,3,3,3,3,392,0,16,56.618587188773006,1.9625259999429545,1205.510871000115,753.0
1780754952,5,GET,/health,0.400000,0.000000,3,3,11,11,11,11,11,11,11,11,11,202,0,6,31.421642084148747,2.0545209999909275,885.8155679999982,57.0
1780754952,5,,Aggregated,2.400000,0.000000,130,140,140,140,300,360,370,370,370,370,370,2520,0,420,1282.2563848126977,1.9625259999429545,6935.442493999972,2706.5
1780754953,5,POST,/api/book,1.300000,0.000000,140,140,290,300,360,370,370,370,370,370,370,1929,0,850,1660.5308953960603,91.32261600007041,6935.442493999972,3381.988076723691
1780754953,5,GET,/api/concerts,0.700000,0.000000,3,3,3,3,3,3,3,3,3,3,3,392,0,16,56.618587188773006,1.9625259999429545,1205.510871000115,753.0
1780754953,5,GET,/health,0.400000,0.000000,2,2,3,3,3,3,3,3,3,3,3,202,0,6,31.421642084148747,2.0545209999909275,885.8155679999982,57.0
1780754953,5,,Aggregated,2.400000,0.000000,130,140,140,140,300,360,370,370,370,370,370,2523,0,420,1280.89804007055,1.9625259999429545,6935.442493999972,2707.3107411811334
1780754954,5,POST,/api/book,1.400000,0.000000,140,140,290,290,360,370,370,370,370,370,370,1930,0,850,1659.745131230052,91.32261600007041,6935.442493999972,3381.9694300518136
1780754954,5,GET,/api/concerts,0.700000,0.000000,3,3,3,3,3,3,3,3,3,3,3,392,0,16,56.618587188773006,1.9625259999429545,1205.510871000115,753.0
1780754954,5,GET,/health,0.400000,0.000000,2,2,2,2,2,2,2,2,2,2,2,202,0,6,31.421642084148747,2.0545209999909275,885.8155679999982,57.0
1780754954,5,,Aggregated,2.500000,0.000000,130,140,140,140,140,290,300,300,300,300,300,2524,0,420,1280.4476074298725,1.9625259999429545,6935.442493999972,2707.5637876386686
1780754955,5,POST,/api/book,1.600000,0.000000,140,140,140,140,290,300,300,300,300,300,300,1932,0,850,1658.175475362319,91.32261600007041,6935.442493999972,3381.9482401656314
1780754955,5,GET,/api/concerts,0.700000,0.000000,3,3,3,3,3,3,3,3,3,3,3,392,0,16,56.618587188773006,1.9625259999429545,1205.510871000115,753.0
1780754955,5,GET,/health,0.300000,0.000000,2,2,2,2,2,2,2,2,2,2,2,202,0,6,31.421642084148747,2.0545209999909275,885.8155679999982,57.0
1780754955,5,,Aggregated,2.600000,0.000000,140,140,140,140,290,300,300,300,300,300,300,2526,0,420,1279.5473777826596,1.9625259999429545,6935.442493999972,2708.081551860649
1780754956,5,POST,/api/book,1.600000,0.000000,140,140,140,220,290,300,300,300,300,300,300,1934,0,850,1656.6977021277148,91.32261600007041,6935.442493999972,3381.9581178903827
1780754956,5,GET,/api/concerts,0.700000,0.000000,3,3,3,3,3,3,3,3,3,3,3,392,0,16,56.618587188773006,1.9625259999429545,1205.510871000115,753.0
1780754956,5,GET,/health,0.300000,0.000000,2,2,2,2,2,2,2,2,2,2,2,203,0,6,31.2786128127982,2.0545209999909275,885.8155679999982,57.0
1780754956,5,,Aggregated,2.600000,0.000000,140,140,140,140,240,290,300,300,300,300,300,2529,0,420,1278.2117044262548,1.9625259999429545,6935.442493999972,2707.5737445630684
1780754957,5,POST,/api/book,1.500000,0.000000,140,140,140,220,300,310,310,310,310,310,310,1936,0,840,1655.303895211261,91.32261600007041,6935.442493999972,3381.9519628099174
1780754957,5,GET,/api/concerts,0.500000,0.000000,3,3,3,3,3,3,3,3,3,3,3,392,0,16,56.618587188773006,1.9625259999429545,1205.510871000115,753.0
1780754957,5,GET,/health,0.200000,0.000000,2,2,2,2,2,2,2,2,2,2,2,203,0,6,31.2786128127982,2.0545209999909275,885.8155679999982,57.0
1780754957,5,,Aggregated,2.200000,0.000000,140,140,140,140,240,300,310,310,310,310,310,2531,0,420,1277.4446407380478,1.9625259999429545,6935.442493999972,2708.1019359936786
1780754958,5,POST,/api/book,1.800000,0.000000,140,140,240,280,300,310,310,310,310,310,310,1939,0,840,1653.097122010315,91.32261600007041,6935.442493999972,3381.969571944301
1780754958,5,GET,/api/concerts,0.300000,0.000000,3,3,3,3,3,3,3,3,3,3,3,392,0,16,56.618587188773006,1.9625259999429545,1205.510871000115,753.0
1780754958,5,GET,/health,0.200000,0.000000,2,2,2,2,2,2,2,2,2,2,2,203,0,6,31.2786128127982,2.0545209999909275,885.8155679999982,57.0
1780754958,5,,Aggregated,2.300000,0.000000,140,140,240,280,300,310,310,310,310,310,310,2534,0,420,1276.2033796988944,1.9625259999429545,6935.442493999972,2708.91318074191
1780754959,5,POST,/api/book,1.800000,0.000000,140,140,240,280,300,310,310,310,310,310,310,1941,0,840,1651.5143793487896,91.32261600007041,6935.442493999972,3381.9809376609996
1780754959,5,GET,/api/concerts,0.200000,0.000000,3,3,3,3,3,3,3,3,3,3,3,393,0,16,56.480884424933926,1.9625259999429545,1205.510871000115,753.0
1780754959,5,GET,/health,0.200000,0.000000,2,2,2,2,2,2,2,2,2,2,2,203,0,6,31.2786128127982,2.0545209999909275,885.8155679999982,57.0
1780754959,5,,Aggregated,2.200000,0.000000,140,140,220,240,300,300,310,310,310,310,310,2537,0,420,1274.787527117067,1.9625259999429545,6935.442493999972,2708.6815135987385
1780754960,5,POST,/api/book,1.800000,0.000000,140,140,240,280,300,310,310,310,310,310,310,1942,0,840,1650.7352233213187,91.32261600007041,6935.442493999972,3381.991246138002
1780754960,5,GET,/api/concerts,0.200000,0.000000,3,3,3,3,3,3,3,3,3,3,3,393,0,16,56.480884424933926,1.9625259999429545,1205.510871000115,753.0
1780754960,5,GET,/health,0.200000,0.000000,2,2,2,2,2,2,2,2,2,2,2,203,0,6,31.2786128127982,2.0545209999909275,885.8155679999982,57.0
1780754960,5,,Aggregated,2.200000,0.000000,140,140,220,240,300,300,310,310,310,310,310,2538,0,420,1274.3397752836875,1.9625259999429545,6935.442493999972,2708.9546887312845
1780754961,5,POST,/api/book,1.800000,0.000000,140,140,240,280,300,310,310,310,310,310,310,1944,0,840,1649.1781095118317,91.32261600007041,6935.442493999972,3381.9758230452676
1780754961,5,GET,/api/concerts,0.200000,0.000000,3,3,3,3,3,3,3,3,3,3,3,394,0,15,56.3436562715712,1.9625259999429545,1205.510871000115,753.0
1780754961,5,GET,/health,0.200000,0.000000,2,2,2,2,2,2,2,2,2,2,2,203,0,6,31.2786128127982,2.0545209999909275,885.8155679999982,57.0
1780754961,5,,Aggregated,2.200000,0.000000,140,140,220,240,300,300,310,310,310,310,310,2541,0,420,1272.944196719008,1.9625259999429545,6935.442493999972,2708.7028728846913
1780754962,5,POST,/api/book,1.900000,0.000000,140,220,240,280,300,310,310,310,310,310,310,1946,0,840,1647.6241557086335,91.32261600007041,6935.442493999972,3381.9789311408017
1780754962,5,GET,/api/concerts,0.200000,0.000000,3,3,3,3,3,3,3,3,3,3,3,394,0,15,56.3436562715712,1.9625259999429545,1205.510871000115,753.0
1780754962,5,GET,/health,0.100000,0.000000,2,2,2,2,2,2,2,2,2,2,2,203,0,6,31.2786128127982,2.0545209999909275,885.8155679999982,57.0
1780754962,5,,Aggregated,2.200000,0.000000,140,150,240,280,300,310,310,310,310,310,310,2543,0,420,1272.0509500515134,1.9625259999429545,6935.442493999972,2709.2347620920173
1780754963,5,POST,/api/book,2.000000,0.000000,140,150,240,280,300,310,310,310,310,310,310,1948,0,830,1646.0718032505138,91.32261600007041,6935.442493999972,3381.9779260780288
1780754963,5,GET,/api/concerts,0.300000,0.000000,3,3,3,3,3,3,3,3,3,3,3,396,0,15,56.07146743686616,1.9625259999429545,1205.510871000115,753.0
1780754963,5,GET,/health,0.100000,0.000000,2,2,2,2,2,2,2,2,2,2,2,203,0,6,31.2786128127982,2.0545209999909275,885.8155679999982,57.0
1780754963,5,,Aggregated,2.400000,0.000000,140,140,220,240,300,300,310,310,310,310,310,2547,0,420,1270.1616538036901,1.9625259999429545,6935.442493999972,2708.226148409894
1780754964,5,POST,/api/book,2.000000,0.000000,140,150,240,280,300,310,310,310,310,310,310,1949,0,830,1645.3005297178045,91.32261600007041,6935.442493999972,3381.9784504874297
1780754964,5,GET,/api/concerts,0.300000,0.000000,3,3,3,3,3,3,3,3,3,3,3,396,0,15,56.07146743686616,1.9625259999429545,1205.510871000115,753.0
1780754964,5,GET,/health,0.100000,0.000000,2,2,2,2,2,2,2,2,2,2,2,203,0,6,31.2786128127982,2.0545209999909275,885.8155679999982,57.0
1780754964,5,,Aggregated,2.400000,0.000000,140,140,220,240,300,300,310,310,310,310,310,2548,0,420,1269.7192276004705,1.9625259999429545,6935.442493999972,2708.490973312402
1780754965,5,POST,/api/book,2.000000,0.000000,140,150,240,280,300,310,310,310,310,310,310,1950,0,830,1644.5292636733338,91.32261600007041,6935.442493999972,3381.9758974358974
1780754965,5,GET,/api/concerts,0.300000,0.000000,3,3,3,3,3,3,3,3,3,3,3,396,0,15,56.07146743686616,1.9625259999429545,1205.510871000115,753.0
1780754965,5,GET,/health,0.100000,0.000000,2,2,2,2,2,2,2,2,2,2,2,203,0,6,31.2786128127982,2.0545209999909275,885.8155679999982,57.0
1780754965,5,,Aggregated,2.400000,0.000000,140,140,220,240,300,300,310,310,310,310,310,2549,0,420,1269.2765491051389,1.9625259999429545,6935.442493999972,2708.7532365633583
1780754966,5,POST,/api/book,1.800000,0.000000,140,140,150,280,300,310,310,310,310,310,310,1954,0,830,1641.446973296316,91.32261600007041,6935.442493999972,3381.9897645854658
1780754966,5,GET,/api/concerts,0.400000,0.000000,3,3,3,3,3,3,3,3,3,3,3,396,0,15,56.07146743686616,1.9625259999429545,1205.510871000115,753.0
1780754966,5,GET,/health,0.100000,0.000000,2,2,2,2,2,2,2,2,2,2,2,203,0,6,31.2786128127982,2.0545209999909275,885.8155679999982,57.0
1780754966,5,,Aggregated,2.300000,0.000000,140,140,140,150,300,300,310,310,310,310,310,2553,0,420,1267.5053839902073,1.9625259999429545,6935.442493999972,2709.8186447316884
1780754967,5,POST,/api/book,1.800000,0.000000,140,140,140,140,280,300,300,300,300,300,300,1954,0,830,1641.446973296316,91.32261600007041,6935.442493999972,3381.9897645854658
1780754967,5,GET,/api/concerts,0.400000,0.000000,2,3,3,3,3,3,3,3,3,3,3,397,0,15,55.93628334004791,1.9625259999429545,1205.510871000115,753.0
1780754967,5,GET,/health,0.100000,0.000000,2,2,2,2,2,2,2,2,2,2,2,203,0,6,31.2786128127982,2.0545209999909275,885.8155679999982,57.0
1780754967,5,,Aggregated,2.300000,0.000000,140,140,140,140,150,280,300,300,300,300,300,2554,0,420,1267.0100425638211,1.9625259999429545,6935.442493999972,2709.0524667188724
1780754968,5,POST,/api/book,1.800000,0.000000,140,140,140,140,440,470,470,470,470,470,470,1957,0,830,1639.4638767266226,91.32261600007041,6935.442493999972,3382.0
1780754968,5,GET,/api/concerts,0.400000,0.000000,2,3,3,3,3,3,3,3,3,3,3,397,0,15,55.93628334004791,1.9625259999429545,1205.510871000115,753.0
1780754968,5,GET,/health,0.000000,0.000000,2,2,2,2,2,2,2,2,2,2,2,203,0,6,31.2786128127982,2.0545209999909275,885.8155679999982,57.0
1780754968,5,,Aggregated,2.200000,0.000000,140,140,140,140,150,440,470,470,470,470,470,2557,0,420,1265.9315876578014,1.9625259999429545,6935.442493999972,2709.8498240125145
1780754969,5,POST,/api/book,1.800000,0.000000,140,140,140,140,440,470,470,470,470,470,470,1959,0,820,1637.9114898902503,91.32261600007041,6935.442493999972,3381.971413986728
1780754969,5,GET,/api/concerts,0.400000,0.000000,2,2,3,3,3,3,3,3,3,3,3,397,0,15,55.93628334004791,1.9625259999429545,1205.510871000115,753.0
1780754969,5,GET,/health,0.000000,0.000000,2,2,2,2,2,2,2,2,2,2,2,203,0,6,31.2786128127982,2.0545209999909275,885.8155679999982,57.0
1780754969,5,,Aggregated,2.200000,0.000000,140,140,140,140,150,440,470,470,470,470,470,2559,0,420,1265.035119805392,1.9625259999429545,6935.442493999972,2710.3532629933566
1780754970,5,POST,/api/book,1.800000,0.000000,140,140,140,140,440,470,470,470,470,470,470,1960,0,820,1637.1465692112247,91.32261600007041,6935.442493999972,3381.969387755102
1780754970,5,GET,/api/concerts,0.500000,0.000000,2,2,2,3,3,3,3,3,3,3,3,398,0,15,55.80182865326376,1.9625259999429545,1205.510871000115,753.0
1780754970,5,GET,/health,0.000000,0.000000,2,2,2,2,2,2,2,2,2,2,2,203,0,6,31.2786128127982,2.0545209999909275,885.8155679999982,57.0
1780754970,5,,Aggregated,2.300000,0.000000,140,140,140,140,440,470,470,470,470,470,470,2561,0,410,1264.1022888945718,1.9625259999429545,6935.442493999972,2709.849668098399
1780754971,5,POST,/api/book,1.800000,0.000000,140,140,140,140,440,470,470,470,470,470,470,1961,0,820,1636.3825959214687,91.32261600007041,6935.442493999972,3382.0025497195306
1780754971,5,GET,/api/concerts,0.500000,0.000000,3,3,3,3,3,3,3,3,3,3,3,400,0,14,55.5370088999982,1.9625259999429545,1205.510871000115,753.0
1780754971,5,GET,/health,0.000000,0.000000,2,2,2,2,2,2,2,2,2,2,2,203,0,6,31.2786128127982,2.0545209999909275,885.8155679999982,57.0
1780754971,5,,Aggregated,2.300000,0.000000,140,140,140,140,150,440,470,470,470,470,470,2564,0,410,1262.6796538857247,1.9625259999429545,6935.442493999972,2708.610764430577
1780754972,5,POST,/api/book,1.800000,0.000000,140,140,140,280,440,470,470,470,470,470,470,1963,0,820,1635.0048090208863,91.32261600007041,6935.442493999972,3381.9994905756494
1780754972,5,GET,/api/concerts,0.400000,0.000000,3,3,3,3,5,5,5,5,5,5,5,401,0,14,55.41046955610833,1.9625259999429545,1205.510871000115,753.0
1780754972,5,GET,/health,0.000000,0.000000,2,2,2,2,2,2,2,2,2,2,2,203,0,6,31.2786128127982,2.0545209999909275,885.8155679999982,57.0
1780754972,5,,Aggregated,2.200000,0.000000,140,140,140,140,290,440,470,470,470,470,470,2567,0,410,1261.427190027658,1.9625259999429545,6935.442493999972,2708.3712504869495
1780754973,5,POST,/api/book,1.700000,0.000000,140,140,140,280,440,470,470,470,470,470,470,1965,0,820,1633.4609536254454,91.32261600007041,6935.442493999972,3382.012213740458
1780754973,5,GET,/api/concerts,0.600000,0.000000,3,3,3,3,5,5,5,5,5,5,5,401,0,14,55.41046955610833,1.9625259999429545,1205.510871000115,753.0
1780754973,5,GET,/health,0.000000,0.000000,0,0,0,0,0,0,0,0,0,0,0,203,0,6,31.2786128127982,2.0545209999909275,885.8155679999982,57.0
1780754973,5,,Aggregated,2.300000,0.000000,140,140,140,140,290,440,470,470,470,470,470,2569,0,410,1260.537146970416,1.9625259999429545,6935.442493999972,2708.9054106656286
1780754974,5,POST,/api/book,1.500000,0.000000,140,140,280,280,440,470,470,470,470,470,470,1966,0,820,1632.7024525412005,91.32261600007041,6935.442493999972,3382.033062054934
1780754974,5,GET,/api/concerts,0.700000,0.000000,3,3,3,3,5,5,5,5,5,5,5,403,0,14,55.14828992555647,1.9625259999429545,1205.510871000115,753.0
1780754974,5,GET,/health,0.000000,0.000000,0,0,0,0,0,0,0,0,0,0,0,204,0,6,31.137470867637866,2.0545209999909275,885.8155679999982,57.0
1780754974,5,,Aggregated,2.200000,0.000000,140,140,140,140,290,440,470,470,470,470,470,2573,0,410,1258.6357662623393,1.9625259999429545,6935.442493999972,2706.631947143412
1780754975,5,POST,/api/book,1.800000,0.000000,140,140,140,280,440,470,470,470,470,470,470,1969,0,820,1630.3938707125446,91.32261600007041,6935.442493999972,3382.0086338242763
1780754975,5,GET,/api/concerts,0.700000,0.000000,3,3,3,3,5,5,5,5,5,5,5,403,0,14,55.14828992555647,1.9625259999429545,1205.510871000115,753.0
1780754975,5,GET,/health,0.000000,0.000000,2,2,2,2,2,2,2,2,2,2,2,205,0,6,30.997293663405642,2.0545209999909275,885.8155679999982,57.0
1780754975,5,,Aggregated,2.500000,0.000000,140,140,140,140,290,440,470,470,470,470,470,2577,0,410,1256.819843800543,1.9625259999429545,6935.442493999972,2706.371362048894
1780754976,5,POST,/api/book,1.800000,0.000000,140,140,280,290,440,470,470,470,470,470,470,1969,0,820,1630.3938707125446,91.32261600007041,6935.442493999972,3382.0086338242763
1780754976,5,GET,/api/concerts,0.700000,0.000000,3,3,3,3,5,5,5,5,5,5,5,404,0,13,55.01931460643385,1.9625259999429545,1205.510871000115,753.0
1780754976,5,GET,/health,0.000000,0.000000,2,2,2,2,2,2,2,2,2,2,2,205,0,6,30.997293663405642,2.0545209999909275,885.8155679999982,57.0
1780754976,5,,Aggregated,2.500000,0.000000,120,140,140,140,290,440,470,470,470,470,470,2578,0,410,1256.3335064914659,1.9625259999429545,6935.442493999972,2705.6136539953454
1780754977,5,POST,/api/book,1.700000,0.000000,140,140,160,280,440,470,470,470,470,470,470,1972,0,820,1628.1400746637933,91.32261600007041,6935.442493999972,3382.0228194726164
1780754977,5,GET,/api/concerts,0.700000,0.000000,3,3,3,3,5,5,5,5,5,5,5,405,0,13,54.890125753084625,1.9625259999429545,1205.510871000115,753.0
1780754977,5,GET,/health,0.100000,0.000000,2,2,2,2,2,2,2,2,2,2,2,205,0,6,30.997293663405642,2.0545209999909275,885.8155679999982,57.0
1780754977,5,,Aggregated,2.500000,0.000000,120,140,140,140,290,440,470,470,470,470,470,2582,0,410,1254.5612600185898,1.9625259999429545,6935.442493999972,2705.654144074361
1780754978,5,POST,/api/book,1.700000,0.000000,140,140,160,280,440,470,470,470,470,470,470,1973,0,820,1627.3864034075013,91.32261600007041,6935.442493999972,3382.032437911809
1780754978,5,GET,/api/concerts,0.700000,0.000000,3,3,3,3,5,5,5,5,5,5,5,405,0,13,54.890125753084625,1.9625259999429545,1205.510871000115,753.0
1780754978,5,GET,/health,0.100000,0.000000,2,2,2,2,2,2,2,2,2,2,2,205,0,6,30.997293663405642,2.0545209999909275,885.8155679999982,57.0
1780754978,5,,Aggregated,2.500000,0.000000,140,140,140,140,290,440,470,470,470,470,470,2583,0,410,1254.1302052086717,1.9625259999429545,6935.442493999972,2705.923344947735
1780754979,5,POST,/api/book,1.700000,0.000000,140,140,140,140,280,290,290,290,290,290,290,1977,0,810,1624.365528383915,91.32261600007041,6935.442493999972,3382.0465351542744
1780754979,5,GET,/api/concerts,0.800000,0.000000,3,3,3,3,5,5,5,5,5,5,5,405,0,13,54.890125753084625,1.9625259999429545,1205.510871000115,753.0
1780754979,5,GET,/health,0.200000,0.000000,2,2,2,2,2,2,2,2,2,2,2,205,0,6,30.997293663405642,2.0545209999909275,885.8155679999982,57.0
1780754979,5,,Aggregated,2.700000,0.000000,140,140,140,140,160,280,290,290,290,290,290,2587,0,410,1252.398761401623,1.9625259999429545,6935.442493999972,2706.9795129493623
1780754980,5,POST,/api/book,1.800000,0.000000,140,140,140,140,280,290,290,290,290,290,290,1979,0,810,1622.8542780060636,91.32261600007041,6935.442493999972,3382.0298130368874
1780754980,5,GET,/api/concerts,0.800000,0.000000,3,3,3,5,5,5,5,5,5,5,5,405,0,13,54.890125753084625,1.9625259999429545,1205.510871000115,753.0
1780754980,5,GET,/health,0.200000,0.000000,2,2,2,2,2,2,2,2,2,2,2,206,0,6,30.857823742708447,2.0545209999909275,885.8155679999982,57.0
1780754980,5,,Aggregated,2.800000,0.000000,140,140,140,140,160,280,290,290,290,290,290,2590,0,410,1251.0485825463315,1.9625259999429545,6935.442493999972,2706.464864864865
1780754981,5,POST,/api/book,1.800000,0.000000,140,140,140,140,280,290,290,290,290,290,290,1980,0,800,1622.1049413055555,91.32261600007041,6935.442493999972,3382.021212121212
1780754981,5,GET,/api/concerts,0.800000,0.000000,3,3,3,3,5,5,5,5,5,5,5,406,0,13,54.76138991625431,1.9625259999429545,1205.510871000115,753.0
1780754981,5,GET,/health,0.200000,0.000000,2,2,2,2,2,2,2,2,2,2,2,206,0,6,30.857823742708447,2.0545209999909275,885.8155679999982,57.0
1780754981,5,,Aggregated,2.800000,0.000000,140,140,140,140,160,280,290,290,290,290,290,2592,0,400,1250.137970594907,1.9625259999429545,6935.442493999972,2705.965277777778
1780754982,5,POST,/api/book,1.800000,0.000000,140,140,140,140,330,330,330,330,330,330,330,1982,0,800,1620.8012161886986,91.32261600007041,6935.442493999972,3382.0227043390514
1780754982,5,GET,/api/concerts,0.800000,0.000000,3,3,3,3,3,3,3,3,3,3,3,407,0,13,54.63308471007149,1.9625259999429545,1205.510871000115,753.0
1780754982,5,GET,/health,0.300000,0.000000,2,2,2,2,2,2,2,2,2,2,2,206,0,6,30.857823742708447,2.0545209999909275,885.8155679999982,57.0
1780754982,5,,Aggregated,2.900000,0.000000,120,140,140,140,160,330,330,330,330,330,330,2595,0,400,1248.9481262635836,1.9625259999429545,6935.442493999972,2705.7348747591523
1780754983,5,POST,/api/book,1.800000,0.000000,140,140,140,140,330,330,330,330,330,330,330,1984,0,800,1619.3101394707662,91.32261600007041,6935.442493999972,3382.0408266129034
1780754983,5,GET,/api/concerts,0.800000,0.000000,3,3,3,3,3,3,3,3,3,3,3,407,0,13,54.63308471007149,1.9625259999429545,1205.510871000115,753.0
1780754983,5,GET,/health,0.300000,0.000000,2,2,2,2,2,2,2,2,2,2,2,206,0,6,30.857823742708447,2.0545209999909275,885.8155679999982,57.0
1780754983,5,,Aggregated,2.900000,0.000000,140,140,140,140,160,330,330,330,330,330,330,2597,0,400,1248.0953769264534,1.9625259999429545,6935.442493999972,2706.269541778976
1780754984,5,POST,/api/book,1.900000,0.000000,140,140,140,140,330,330,330,330,330,330,330,1987,0,800,1617.0794863296428,91.32261600007041,6935.442493999972,3382.0181177654754
1780754984,5,GET,/api/concerts,0.600000,0.000000,3,3,3,3,3,3,3,3,3,3,3,407,0,13,54.63308471007149,1.9625259999429545,1205.510871000115,753.0
1780754984,5,GET,/health,0.300000,0.000000,2,2,2,2,2,2,2,2,2,2,2,206,0,6,30.857823742708447,2.0545209999909275,885.8155679999982,57.0
1780754984,5,,Aggregated,2.800000,0.000000,140,140,140,140,160,330,330,330,330,330,330,2600,0,400,1246.818967886538,1.9625259999429545,6935.442493999972,2707.0319230769232
1780754985,10,POST,/api/book,2.000000,0.000000,140,160,330,330,620,720,790,790,790,790,790,1992,0,790,1614.3911315240966,91.32261600007041,6935.442493999972,3382.0170682730923
1780754985,10,GET,/api/concerts,0.600000,0.000000,3,6,6,12,12,12,12,12,12,12,12,409,0,13,54.40924166747908,1.9625259999429545,1205.510871000115,753.0
1780754985,10,GET,/health,0.300000,0.000000,2,2,2,2,2,2,2,2,2,2,2,206,0,6,30.857823742708447,2.0545209999909275,885.8155679999982,57.0
1780754985,10,,Aggregated,2.900000,0.000000,140,140,160,330,620,720,790,790,790,790,790,2607,0,400,1244.525211173379,1.9625259999429545,6935.442493999972,2706.826620636747
1780754986,15,POST,/api/book,2.000000,0.000000,140,330,340,410,620,720,790,790,790,790,790,1998,0,790,1610.4559018623627,91.32261600007041,6935.442493999972,3382.026026026026
1780754986,15,GET,/api/concerts,0.400000,0.000000,3,3,6,6,12,12,12,12,12,12,12,411,0,13,54.15758181994926,1.9625259999429545,1205.510871000115,753.0
1780754986,15,GET,/health,0.300000,0.000000,2,2,7,7,7,7,7,7,7,7,7,207,0,6,30.74173572462839,2.0545209999909275,885.8155679999982,57.0
1780754986,15,,Aggregated,2.700000,0.000000,140,180,330,340,430,720,790,790,790,790,790,2616,0,400,1240.9454118287458,1.9625259999429545,6935.442493999972,2705.875382262997
1780754987,20,POST,/api/book,2.300000,0.000000,190,330,340,410,430,720,790,790,790,790,790,2007,0,780,1604.3666829262584,91.32261600007041,6935.442493999972,3382.060787244644
1780754987,20,GET,/api/concerts,0.600000,0.000000,3,3,3,6,12,12,12,12,12,12,12,413,0,13,53.90771649394448,1.9625259999429545,1205.510871000115,753.0
1780754987,20,GET,/health,0.200000,0.000000,7,7,7,7,7,7,7,7,7,7,7,207,0,6,30.74173572462839,2.0545209999909275,885.8155679999982,57.0
1780754987,20,,Aggregated,3.100000,0.000000,140,220,330,340,410,620,790,790,790,790,790,2627,0,400,1236.6164289455648,1.9625259999429545,6935.442493999972,2706.7316330414924
1780754988,25,POST,/api/book,2.800000,0.000000,240,340,410,430,790,830,840,840,840,840,840,2016,0,780,1599.3266109047622,91.32261600007041,6935.442493999972,3382.0828373015875
1780754988,25,GET,/api/concerts,0.500000,0.000000,3,6,7,7,11,12,12,12,12,12,12,416,0,12,53.56810701922864,1.9625259999429545,1205.510871000115,753.0
1780754988,25,GET,/health,0.200000,0.000000,7,7,37,37,37,37,37,37,37,37,37,208,0,6,30.770232110567754,2.0545209999909275,885.8155679999982,57.0
1780754988,25,,Aggregated,3.500000,0.000000,150,300,340,410,720,790,830,840,840,840,840,2640,0,400,1232.1693137814389,1.9625259999429545,6935.442493999972,2705.826893939394
1780754989,30,POST,/api/book,3.500000,0.000000,220,330,350,410,780,790,840,840,840,840,840,2026,0,770,1592.4337435572559,91.32261600007041,6935.442493999972,3382.0528134254687
1780754989,30,GET,/api/concerts,0.700000,0.000000,3,7,7,11,12,48,48,48,48,48,48,419,0,12,53.322101226727675,1.9625259999429545,1205.510871000115,753.0
1780754989,30,GET,/health,0.200000,0.000000,7,7,37,37,37,37,37,37,37,37,37,209,0,6,30.63463525357969,2.0545209999909275,885.8155679999982,57.0
1780754989,30,,Aggregated,4.400000,0.000000,160,240,330,340,620,790,830,840,840,840,840,2654,0,390,1226.456429400527,1.9625259999429545,6935.442493999972,2705.146571213263
1780754990,35,POST,/api/book,3.600000,0.000000,240,340,410,430,620,790,830,840,840,840,840,2038,0,760,1585.0985971020607,91.32261600007041,6935.442493999972,3382.0996074582927
1780754990,35,GET,/api/concerts,1.000000,0.000000,6,7,7,11,12,48,48,48,48,48,48,420,0,12,53.209025333330565,1.9625259999429545,1205.510871000115,753.0
1780754990,35,GET,/health,0.200000,0.000000,3,3,7,7,37,37,37,37,37,37,37,211,0,6,30.370035601887004,2.0545209999909275,885.8155679999982,57.0
1780754990,35,,Aggregated,4.800000,0.000000,180,300,340,410,620,790,830,840,840,840,840,2669,0,390,1221.1265676455594,1.9625259999429545,6935.442493999972,2705.509928812289
1780754991,40,POST,/api/book,4.800000,0.000000,300,370,430,470,780,830,840,840,840,840,840,2054,0,750,1576.1434559824734,91.32261600007041,6935.442493999972,3382.1295034079844
1780754991,40,GET,/api/concerts,1.300000,0.000000,6,7,11,12,13,48,48,48,48,48,48,426,0,12,52.56722442018461,1.9625259999429545,1205.510871000115,753.0
1780754991,40,GET,/health,0.400000,0.000000,3,3,7,7,37,37,37,37,37,37,37,211,0,6,30.370035601887004,2.0545209999909275,885.8155679999982,57.0
1780754991,40,,Aggregated,6.500000,0.000000,190,310,380,420,720,810,840,840,840,840,840,2691,0,390,1213.7496743600884,1.9625259999429545,6935.442493999972,2705.2021553325903
1780754992,40,POST,/api/book,5.500000,0.000000,300,360,420,470,780,830,840,840,840,840,840,2064,0,750,1569.572563441861,91.32261600007041,6935.442493999972,3382.125
1780754992,40,GET,/api/concerts,1.500000,0.000000,6,7,11,12,13,48,48,48,48,48,48,427,0,12,52.45004861592194,1.9625259999429545,1205.510871000115,753.0
1780754992,40,GET,/health,0.500000,0.000000,7,7,10,10,37,37,37,37,37,37,37,212,0,6,30.27183881131232,2.0545209999909275,885.8155679999982,57.0
1780754992,40,,Aggregated,7.500000,0.000000,180,300,370,420,620,790,830,840,840,840,840,2703,0,380,1209.1792717465773,1.9625259999429545,6935.442493999972,2706.001109877913
1780754993,40,POST,/api/book,6.500000,0.000000,300,410,430,540,720,810,840,840,840,840,840,2079,0,740,1561.2260845440119,91.32261600007041,6935.442493999972,3382.178932178932
1780754993,40,GET,/api/concerts,1.800000,0.000000,6,7,12,12,46,48,54,54,54,54,54,431,0,12,52.20594241066982,1.9625259999429545,1205.510871000115,753.0
1780754993,40,GET,/health,0.500000,0.000000,3,7,10,10,37,37,37,37,37,37,37,214,0,6,30.011723906532882,2.0545209999909275,885.8155679999982,57.0
1780754993,40,,Aggregated,8.800000,0.000000,190,310,410,420,690,790,830,840,840,840,840,2724,0,380,1202.170447820117,1.9625259999429545,6935.442493999972,2704.9526431718064
1780754994,40,POST,/api/book,7.900000,0.000000,300,410,470,650,790,840,900,970,990,990,990,2095,0,730,1552.8990759064443,91.32261600007041,6935.442493999972,3382.1365155131266
1780754994,40,GET,/api/concerts,2.000000,0.000000,6,11,12,12,46,48,54,54,54,54,54,433,0,12,52.06042960045902,1.9625259999429545,1205.510871000115,753.0
1780754994,40,GET,/health,0.600000,0.000000,3,7,9,9,10,37,37,37,37,37,37,217,0,6,29.66240898155852,2.0545209999909275,885.8155679999982,57.0
1780754994,40,,Aggregated,10.500000,0.000000,190,320,410,470,770,830,900,970,990,990,990,2745,0,380,1195.7386057522765,1.9625259999429545,6935.442493999972,2704.551548269581
1780754995,40,POST,/api/book,8.900000,0.000000,300,370,470,480,780,840,900,970,990,990,990,2113,0,710,1542.076272716044,91.32261600007041,6935.442493999972,3382.181732134406
1780754995,40,GET,/api/concerts,2.300000,0.000000,5,7,12,13,46,48,54,54,54,54,54,433,0,12,52.06042960045902,1.9625259999429545,1205.510871000115,753.0
1780754995,40,GET,/health,0.800000,0.000000,3,7,9,9,10,37,37,37,37,37,37,217,0,6,29.66240898155852,2.0545209999909275,885.8155679999982,57.0
1780754995,40,,Aggregated,12.000000,0.000000,190,310,390,460,700,830,900,970,990,990,990,2763,0,370,1189.7886619670646,1.9625259999429545,6935.442493999972,2709.0003619254435
1780754996,40,POST,/api/book,10.200000,0.000000,300,410,480,640,790,840,920,970,990,990,990,2126,0,710,1535.325301136407,91.32261600007041,6935.442493999972,3382.198024459078
1780754996,40,GET,/api/concerts,2.600000,0.000000,7,11,13,39,48,54,78,78,78,78,78,434,0,12,52.11945138248558,1.9625259999429545,1205.510871000115,753.0
1780754996,40,GET,/health,0.900000,0.000000,2,3,3,9,10,37,37,37,37,37,37,220,0,5,29.294843222719567,2.0545209999909275,885.8155679999982,57.0
1780754996,40,,Aggregated,13.700000,0.000000,200,320,420,470,760,830,900,970,990,990,990,2780,0,370,1184.5921933902875,1.9625259999429545,6935.442493999972,2708.595323741007
1780754997,40,POST,/api/book,11.500000,0.000000,300,420,530,650,810,860,920,970,990,990,990,2141,0,700,1527.4709186450261,91.32261600007041,6935.442493999972,3382.163942083139
1780754997,40,GET,/api/concerts,2.400000,0.000000,5,11,13,39,48,54,78,78,78,78,78,436,0,11,51.89324379357476,1.9625259999429545,1205.510871000115,753.0
1780754997,40,GET,/health,1.100000,0.000000,3,3,9,10,25,37,37,37,37,37,37,221,0,6,29.277307506779987,2.0545209999909275,885.8155679999982,57.0
1780754997,40,,Aggregated,15.000000,0.000000,230,320,420,480,780,840,900,970,990,990,990,2798,0,370,1179.2033509907073,1.9625259999429545,6935.442493999972,2709.8348820586134
1780754998,40,POST,/api/book,12.000000,0.000000,300,410,480,580,780,860,920,970,990,990,990,2155,0,690,1519.3093940296988,91.32261600007041,6935.442493999972,3382.2185614849186
1780754998,40,GET,/api/concerts,2.400000,0.000000,5,11,13,39,54,78,78,78,78,78,78,438,0,11,51.67283216209702,1.9625259999429545,1205.510871000115,753.0
1780754998,40,GET,/health,1.200000,0.000000,3,3,4,9,10,25,25,25,25,25,25,222,0,5,29.161594396388868,2.0545209999909275,885.8155679999982,57.0
1780754998,40,,Aggregated,15.600000,0.000000,230,320,420,480,730,830,900,970,990,990,990,2815,0,360,1173.4345714305502,1.9625259999429545,6935.442493999972,2710.8877442273533
1780754999,40,POST,/api/book,12.600000,0.000000,280,370,470,540,780,860,920,970,990,990,990,2171,0,670,1509.5352773376328,91.32261600007041,6935.442493999972,3382.1722708429297
1780754999,40,GET,/api/concerts,2.400000,0.000000,3,11,13,39,46,54,78,78,78,78,78,441,0,11,51.437282367344004,1.9625259999429545,1205.510871000115,753.0
1780754999,40,GET,/health,1.300000,0.000000,3,3,4,9,10,25,25,25,25,25,25,223,0,5,29.042382578468033,2.0545209999909275,885.8155679999982,57.0
1780754999,40,,Aggregated,16.300000,0.000000,190,300,400,470,700,830,900,970,990,990,990,2835,0,360,1166.2650370155202,1.9625259999429545,6935.442493999972,2711.6331569664903
1780755000,40,POST,/api/book,13.800000,0.000000,280,370,460,580,780,860,920,970,990,990,990,2180,0,660,1504.430085740826,91.32261600007041,6935.442493999972,3382.123394495413
1780755000,40,GET,/api/concerts,2.300000,0.000000,3,3,8,39,46,54,78,78,78,78,78,446,0,11,50.90222186995304,1.9625259999429545,1205.510871000115,753.0
1780755000,40,GET,/health,1.400000,0.000000,3,3,9,9,10,25,25,25,25,25,25,223,0,5,29.042382578468033,2.0545209999909275,885.8155679999982,57.0
1780755000,40,,Aggregated,17.500000,0.000000,190,300,390,460,730,830,900,970,990,990,990,2849,0,360,1161.402748046332,1.9625259999429545,6935.442493999972,2710.2765882765884
1780755001,40,POST,/api/book,13.900000,0.000000,280,370,460,520,710,860,920,970,990,990,990,2196,0,650,1496.1372947449916,91.32261600007041,6935.442493999972,3382.1092896174864
1780755001,40,GET,/api/concerts,2.100000,0.000000,3,5,32,39,46,54,78,78,78,78,78,448,0,11,50.75282472767666,1.9625259999429545,1205.510871000115,753.0
1780755001,40,GET,/health,1.300000,0.000000,2,3,4,4,9,25,25,25,25,25,25,223,0,5,29.042382578468033,2.0545209999909275,885.8155679999982,57.0
1780755001,40,,Aggregated,17.300000,0.000000,190,300,390,470,690,820,900,970,990,990,990,2867,0,350,1156.1671489546566,1.9625259999429545,6935.442493999972,2712.6498081618415
1780755002,40,POST,/api/book,14.100000,0.000000,280,390,480,590,820,920,1300,1300,1500,1500,1500,2202,0,660,1494.9467427697552,91.32261600007041,6935.442493999972,3382.071752951862
1780755002,40,GET,/api/concerts,2.400000,0.000000,3,32,32,39,54,78,78,78,78,78,78,450,0,11,50.669443799997964,1.9625259999429545,1205.510871000115,753.0
1780755002,40,GET,/health,1.200000,0.000000,3,4,8,9,25,25,25,25,25,25,25,224,0,5,28.947206187493485,2.0545209999909275,885.8155679999982,57.0
1780755002,40,,Aggregated,17.700000,0.000000,200,320,410,500,760,900,1100,1300,1500,1500,1500,2876,0,360,1154.7837800678024,1.9625259999429545,6935.442493999972,2711.73157162726
1780755003,40,POST,/api/book,14.600000,0.000000,310,470,610,710,1000,1500,1700,1700,1800,1800,1800,2218,0,660,1492.974001511723,91.32261600007041,6935.442493999972,3381.993237150586
1780755003,40,GET,/api/concerts,2.300000,0.000000,8,32,34,39,54,58,78,78,78,78,78,456,0,11,50.367869938594744,1.9625259999429545,1205.510871000115,753.0
1780755003,40,GET,/health,1.200000,0.000000,3,4,8,9,25,25,25,25,25,25,25,224,0,5,28.947206187493485,2.0545209999909275,885.8155679999982,57.0
1780755003,40,,Aggregated,18.100000,0.000000,250,370,500,610,960,1400,1600,1700,1800,1800,1800,2898,0,360,1152.818584620773,1.9625259999429545,6935.442493999972,2711.317115251898
1780755004,40,POST,/api/book,14.100000,0.000000,320,520,670,830,1300,1600,1700,1700,1800,1800,1800,2233,0,660,1487.4179597214518,91.32261600007041,6935.442493999972,3381.9767129422303
1780755004,40,GET,/api/concerts,2.300000,0.000000,5,15,32,34,46,58,78,78,78,78,78,458,0,11,50.15879518995445,1.9625259999429545,1205.510871000115,753.0
1780755004,40,GET,/health,1.100000,0.000000,3,4,8,8,25,25,25,25,25,25,25,224,0,5,28.947206187493485,2.0545209999909275,885.8155679999982,57.0
1780755004,40,,Aggregated,17.500000,0.000000,250,390,600,670,1100,1500,1600,1700,1800,1800,1800,2915,0,360,1149.5235699626073,1.9625259999429545,6935.442493999972,2713.4120068610637
1780755005,40,POST,/api/book,13.100000,0.000000,330,540,670,860,1300,1600,1700,1700,1800,1800,1800,2242,0,660,1482.7490943269408,91.32261600007041,6935.442493999972,3382.0035682426405
1780755005,40,GET,/api/concerts,2.400000,0.000000,5,15,32,34,46,58,78,78,78,78,78,461,0,11,49.9170044945757,1.9625259999429545,1205.510871000115,753.0
1780755005,40,GET,/health,1.000000,0.000000,4,4,8,8,25,25,25,25,25,25,25,225,0,5,28.834485599992757,2.0545209999909275,885.8155679999982,57.0
1780755005,40,,Aggregated,16.500000,0.000000,250,400,600,670,1100,1500,1600,1700,1800,1800,1800,2928,0,360,1145.4313414661883,1.9625259999429545,6935.442493999972,2712.5717213114754
1780755006,40,POST,/api/book,14.200000,0.000000,330,520,640,830,1300,1600,1700,1700,1800,1800,1800,2258,0,640,1474.8710678861826,91.32261600007041,6935.442493999972,3382.0358724534985
1780755006,40,GET,/api/concerts,2.500000,0.000000,5,15,32,34,46,58,59,59,59,59,59,463,0,11,49.833771473000986,1.9625259999429545,1205.510871000115,753.0
1780755006,40,GET,/health,0.900000,0.000000,8,8,25,25,37,37,37,37,37,37,37,226,0,5,28.871596889373894,2.0545209999909275,885.8155679999982,57.0
1780755006,40,,Aggregated,17.600000,0.000000,250,380,540,640,1100,1500,1600,1700,1800,1800,1800,2947,0,350,1140.0939560149302,1.9625259999429545,6935.442493999972,2714.0
1780755007,40,POST,/api/book,13.200000,0.000000,330,520,680,720,1300,1600,1700,1700,1800,1800,1800,2275,0,640,1466.8765258421977,91.32261600007041,6935.442493999972,3382.1169230769233
1780755007,40,GET,/api/concerts,2.500000,0.000000,6,29,32,34,46,58,59,59,59,59,59,465,0,11,49.68700295698837,1.9625259999429545,1205.510871000115,753.0
1780755007,40,GET,/health,0.800000,0.000000,4,4,8,8,37,37,37,37,37,37,37,227,0,5,28.754628559463946,2.0545209999909275,885.8155679999982,57.0
1780755007,40,,Aggregated,16.500000,0.000000,260,380,590,670,1000,1500,1600,1700,1800,1800,1800,2967,0,350,1134.740766211324,1.9625259999429545,6935.442493999972,2715.6723963599597
1780755008,40,POST,/api/book,13.600000,0.000000,350,550,680,730,1300,1600,1700,1700,1800,1800,1800,2288,0,630,1460.1356263317307,91.32261600007041,6935.442493999972,3382.1013986013986
1780755008,40,GET,/api/concerts,2.900000,0.000000,6,29,32,34,46,58,59,59,59,59,59,467,0,11,49.48529130406798,1.9625259999429545,1205.510871000115,753.0
1780755008,40,GET,/health,0.700000,0.000000,4,8,8,37,37,37,37,37,37,37,37,227,0,5,28.754628559463946,2.0545209999909275,885.8155679999982,57.0
1780755008,40,,Aggregated,17.200000,0.000000,280,420,590,680,1100,1500,1600,1700,1800,1800,1800,2982,0,350,1130.2572920083833,1.9625259999429545,6935.442493999972,2717.2494969818913
1780755009,40,POST,/api/book,13.500000,0.000000,380,600,700,730,1300,1600,1700,1700,1800,1800,1800,2300,0,630,1454.8743798456521,91.32261600007041,6935.442493999972,3382.053043478261
1780755009,40,GET,/api/concerts,2.900000,0.000000,8,32,32,34,41,58,59,59,59,59,59,469,0,11,49.349349298506496,1.9625259999429545,1205.510871000115,753.0
1780755009,40,GET,/health,0.600000,0.000000,4,4,8,8,37,37,37,37,37,37,37,228,0,5,28.640200048237485,2.0545209999909275,885.8155679999982,57.0
1780755009,40,,Aggregated,17.000000,0.000000,310,470,610,700,1100,1500,1600,1700,1800,1800,1800,2997,0,350,1126.4217164087415,1.9625259999429545,6935.442493999972,2717.676009342676
1780755010,40,POST,/api/book,13.500000,0.000000,430,620,710,900,1300,1600,1700,1700,1800,1800,1800,2316,0,620,1448.7628702854063,91.32261600007041,6935.442493999972,3382.0241796200344
1780755010,40,GET,/api/concerts,2.900000,0.000000,12,32,32,34,41,58,59,59,59,59,59,470,0,11,49.24962467446683,1.9625259999429545,1205.510871000115,753.0
1780755010,40,GET,/health,0.600000,0.000000,8,8,8,8,37,37,37,37,37,37,37,229,0,5,28.550460331869875,2.0545209999909275,885.8155679999982,57.0
1780755010,40,,Aggregated,17.000000,0.000000,320,550,670,720,1300,1500,1600,1700,1800,1800,1800,3015,0,350,1122.7264300477611,1.9625259999429545,6935.442493999972,2719.64543946932
1780755011,40,POST,/api/book,13.200000,0.000000,400,620,720,900,1300,1600,1700,1700,1800,1800,1800,2328,0,620,1443.5632304836772,91.32261600007041,6935.442493999972,3382.0330756013745
1780755011,40,GET,/api/concerts,2.800000,0.000000,6,15,34,34,58,59,64,64,64,64,64,474,0,11,49.007728748944196,1.9625259999429545,1205.510871000115,753.0
1780755011,40,GET,/health,0.500000,0.000000,4,8,8,8,37,37,37,37,37,37,37,230,0,5,28.436438991296537,2.0545209999909275,885.8155679999982,57.0
1780755011,40,,Aggregated,16.500000,0.000000,300,500,670,720,1100,1500,1600,1700,1800,1800,1800,3032,0,350,1118.2009383116754,1.9625259999429545,6935.442493999972,2718.8011213720315
1780755012,40,POST,/api/book,13.800000,0.000000,350,590,680,730,1200,1600,1700,1700,1800,1800,1800,2343,0,610,1436.0274303918056,91.32261600007041,6935.442493999972,3382.040546308152
1780755012,40,GET,/api/concerts,2.500000,0.000000,3,6,29,32,58,59,64,64,64,64,64,476,0,11,48.814031762603975,1.9625259999429545,1205.510871000115,753.0
1780755012,40,GET,/health,0.600000,0.000000,4,8,8,8,37,37,37,37,37,37,37,230,0,5,28.436438991296537,2.0545209999909275,885.8155679999982,57.0
1780755012,40,,Aggregated,16.900000,0.000000,280,460,610,700,1000,1400,1600,1700,1800,1800,1800,3049,0,340,1113.279150375533,1.9625259999429545,6935.442493999972,2720.780255821581
1780755013,40,POST,/api/book,13.400000,0.000000,300,430,580,610,720,870,1100,1200,1300,1300,1300,2358,0,610,1429.2657560466496,91.32261600007041,6935.442493999972,3381.9940627650553
1780755013,40,GET,/api/concerts,2.500000,0.000000,3,19,25,29,58,59,64,64,64,64,64,480,0,11,48.54320451666542,1.9625259999429545,1205.510871000115,753.0
1780755013,40,GET,/health,0.700000,0.000000,4,8,13,13,37,37,37,37,37,37,37,231,0,5,28.37046468397498,2.0545209999909275,885.8155679999982,57.0
1780755013,40,,Aggregated,16.600000,0.000000,250,360,490,590,700,850,1000,1200,1300,1300,1300,3069,0,340,1107.8732382756593,1.9625259999429545,6935.442493999972,2720.543825350277
1780755014,40,POST,/api/book,13.700000,0.000000,300,430,560,610,720,870,1100,1200,1300,1300,1300,2368,0,610,1424.79581865625,91.32261600007041,6935.442493999972,3381.9611486486488
1780755014,40,GET,/api/concerts,2.500000,0.000000,3,13,19,29,34,59,64,64,64,64,64,483,0,11,48.25750449482268,1.9625259999429545,1205.510871000115,753.0
1780755014,40,GET,/health,0.700000,0.000000,8,8,13,13,37,37,37,37,37,37,37,231,0,5,28.37046468397498,2.0545209999909275,885.8155679999982,57.0
1780755014,40,,Aggregated,16.900000,0.000000,250,350,470,560,700,820,1000,1200,1300,1300,1300,3082,0,340,1104.405726992537,1.9625259999429545,6935.442493999972,2720.7495133030498
1780755015,40,POST,/api/book,14.600000,0.000000,300,460,580,610,780,1000,1300,1400,1400,1400,1400,2387,0,600,1417.5678445211563,91.32261600007041,6935.442493999972,3381.9254294093002
1780755015,40,GET,/api/concerts,2.400000,0.000000,3,13,19,25,29,32,64,64,64,64,64,485,0,11,48.116590878349,1.9625259999429545,1205.510871000115,753.0
1780755015,40,GET,/health,0.700000,0.000000,8,8,13,13,37,37,37,37,37,37,37,231,0,5,28.37046468397498,2.0545209999909275,885.8155679999982,57.0
1780755015,40,,Aggregated,17.700000,0.000000,250,360,500,590,720,1000,1200,1400,1400,1400,1400,3103,0,340,1100.104598385433,1.9625259999429545,6935.442493999972,2723.5024170157913
1780755016,40,POST,/api/book,13.200000,0.000000,310,450,550,600,780,1000,1300,1400,1400,1400,1400,2402,0,600,1410.858423230225,91.32261600007041,6935.442493999972,3381.857618651124
1780755016,40,GET,/api/concerts,2.400000,0.000000,3,13,19,25,32,64,64,64,64,64,64,485,0,11,48.116590878349,1.9625259999429545,1205.510871000115,753.0
1780755016,40,GET,/health,0.700000,0.000000,3,8,8,13,13,13,13,13,13,13,13,231,0,5,28.37046468397498,2.0545209999909275,885.8155679999982,57.0
1780755016,40,,Aggregated,16.300000,0.000000,260,400,480,550,700,1000,1200,1400,1400,1400,1400,3118,0,340,1096.4631355089798,1.9625259999429545,6935.442493999972,2726.61770365619
1780755017,40,POST,/api/book,13.900000,0.000000,310,450,540,590,780,1000,1300,1400,1400,1400,1400,2419,0,590,1403.313414026871,91.32261600007041,6935.442493999972,3381.837536171972
1780755017,40,GET,/api/concerts,2.600000,0.000000,3,3,19,19,26,32,64,64,64,64,64,487,0,10,47.930172488704955,1.9625259999429545,1205.510871000115,753.0
1780755017,40,GET,/health,0.600000,0.000000,6,8,10,10,13,13,13,13,13,13,13,234,0,5,28.086464803410934,2.0545209999909275,885.8155679999982,57.0
1780755017,40,,Aggregated,17.100000,0.000000,260,380,480,550,700,1000,1200,1400,1400,1400,1400,3140,0,340,1090.6144507315287,1.9625259999429545,6935.442493999972,2726.3420382165605
1780755018,40,POST,/api/book,14.300000,0.000000,300,420,500,560,720,1000,1300,1400,1400,1400,1400,2433,0,580,1396.516288575833,91.32261600007041,6935.442493999972,3381.888203863543
1780755018,40,GET,/api/concerts,2.300000,0.000000,3,3,19,19,26,32,64,64,64,64,64,488,0,10,47.83805093442494,1.9625259999429545,1205.510871000115,753.0
1780755018,40,GET,/health,0.500000,0.000000,6,8,10,10,13,13,13,13,13,13,13,234,0,5,28.086464803410934,2.0545209999909275,885.8155679999982,57.0
1780755018,40,,Aggregated,17.100000,0.000000,240,350,460,510,670,1000,1200,1400,1400,1400,1400,3155,0,340,1086.4156360459588,1.9625259999429545,6935.442493999972,2728.6643423137875
1780755019,40,POST,/api/book,14.300000,0.000000,270,380,460,510,610,990,1200,1400,1400,1400,1400,2445,0,580,1390.9270218298575,91.32261600007041,6935.442493999972,3381.8985685071575
1780755019,40,GET,/api/concerts,2.100000,0.000000,3,3,13,19,25,26,64,64,64,64,64,493,0,10,47.41305432657048,1.9625259999429545,1205.510871000115,753.0
1780755019,40,GET,/health,0.600000,0.000000,6,10,10,13,13,13,13,13,13,13,13,234,0,5,28.086464803410934,2.0545209999909275,885.8155679999982,57.0
1780755019,40,,Aggregated,17.000000,0.000000,220,310,410,480,600,780,1000,1400,1400,1400,1400,3172,0,330,1081.5773760784991,1.9625259999429545,6935.442493999972,2728.029319041614
1780755020,40,POST,/api/book,14.100000,0.000000,270,350,450,480,610,720,1200,1400,1400,1400,1400,2459,0,570,1384.902934469704,91.32261600007041,6935.442493999972,3381.9105327368848
1780755020,40,GET,/api/concerts,2.000000,0.000000,3,4,7,19,25,26,64,64,64,64,64,497,0,10,47.0604680704217,1.9625259999429545,1205.510871000115,753.0
1780755020,40,GET,/health,0.700000,0.000000,6,10,13,13,14,14,14,14,14,14,14,236,0,5,27.91794044490742,2.0545209999909275,885.8155679999982,57.0
1780755020,40,,Aggregated,16.800000,0.000000,210,310,380,450,580,670,1000,1400,1400,1400,1400,3192,0,330,1076.270050888785,1.9625259999429545,6935.442493999972,2726.7578320802004
1780755021,40,POST,/api/book,14.200000,0.000000,280,350,450,480,590,720,1200,1400,1400,1400,1400,2469,0,570,1380.5051948059952,91.32261600007041,6935.442493999972,3381.919400567031
1780755021,40,GET,/api/concerts,2.400000,0.000000,3,4,7,13,19,25,26,26,26,26,26,498,0,9,46.971986773091245,1.9625259999429545,1205.510871000115,753.0
1780755021,40,GET,/health,0.700000,0.000000,10,13,14,14,19,19,19,19,19,19,19,238,0,5,27.773487067219907,2.0545209999909275,885.8155679999982,57.0
1780755021,40,,Aggregated,17.300000,0.000000,220,310,380,450,570,670,1000,1400,1400,1400,1400,3205,0,320,1072.845386992512,1.9625259999429545,6935.442493999972,2726.526989079563
1780755022,40,POST,/api/book,13.800000,0.000000,290,360,450,480,610,720,1200,1400,1400,1400,1400,2486,0,560,1373.184321263074,91.32261600007041,6935.442493999972,3381.9770716009652
1780755022,40,GET,/api/concerts,2.500000,0.000000,3,4,7,9,19,25,26,26,26,26,26,500,0,9,46.80769543199884,1.9625259999429545,1205.510871000115,753.0
1780755022,40,GET,/health,0.600000,0.000000,6,10,13,14,19,19,19,19,19,19,19,239,0,6,27.68309158576761,2.0545209999909275,885.8155679999982,57.0
1780755022,40,,Aggregated,16.900000,0.000000,220,310,380,450,580,700,1000,1400,1400,1400,1400,3225,0,320,1067.8314199271322,1.9625259999429545,6935.442493999972,2727.974573643411
1780755023,40,POST,/api/book,13.700000,0.000000,280,340,410,450,540,700,1200,1400,1400,1400,1400,2498,0,560,1368.050242545237,91.32261600007041,6935.442493999972,3381.990392313851
1780755023,40,GET,/api/concerts,2.600000,0.000000,3,4,4,7,10,13,26,26,26,26,26,503,0,9,46.55744970974051,1.9625259999429545,1205.510871000115,753.0
1780755023,40,GET,/health,0.600000,0.000000,6,6,13,13,14,19,19,19,19,19,19,242,0,5,27.37942712809251,2.0545209999909275,885.8155679999982,57.0
1780755023,40,,Aggregated,16.900000,0.000000,220,310,370,410,510,610,1000,1400,1400,1400,1400,3243,0,320,1063.0384595889611,1.9625259999429545,6935.442493999972,2726.1069996916435
1780755024,40,POST,/api/book,13.900000,0.000000,280,350,400,450,530,610,710,730,890,890,890,2509,0,550,1363.7403657640507,91.32261600007041,6935.442493999972,3381.953766440813
1780755024,40,GET,/api/concerts,2.300000,0.000000,3,4,4,7,10,13,26,26,26,26,26,506,0,8,46.29521025889238,1.9625259999429545,1205.510871000115,753.0
1780755024,40,GET,/health,0.900000,0.000000,4,6,10,10,14,19,19,19,19,19,19,242,0,5,27.37942712809251,2.0545209999909275,885.8155679999982,57.0
1780755024,40,,Aggregated,17.100000,0.000000,220,310,380,400,510,600,700,730,890,890,890,3257,0,320,1059.7714999871052,1.9625259999429545,6935.442493999972,2726.476512127725
1780755025,40,POST,/api/book,14.100000,0.000000,290,350,430,460,590,700,950,1300,1400,1400,1400,2527,0,550,1357.725643358925,91.32261600007041,6935.442493999972,3381.9101701622476
1780755025,40,GET,/api/concerts,2.300000,0.000000,3,3,4,7,10,13,33,33,33,33,33,509,0,8,46.09701870530315,1.9625259999429545,1205.510871000115,753.0
1780755025,40,GET,/health,0.800000,0.000000,4,6,10,10,14,19,19,19,19,19,19,243,0,5,27.276467744849313,2.0545209999909275,885.8155679999982,57.0
1780755025,40,,Aggregated,17.200000,0.000000,210,310,370,420,560,650,840,1300,1400,1400,1400,3279,0,320,1055.5243259990857,1.9625259999429545,6935.442493999972,2727.421469960354
1780755026,40,POST,/api/book,14.500000,0.000000,280,340,420,460,590,700,950,1300,1400,1400,1400,2538,0,550,1352.974474509458,91.32261600007041,6935.442493999972,3381.9302600472815
1780755026,40,GET,/api/concerts,2.200000,0.000000,3,3,4,7,10,13,33,33,33,33,33,511,0,8,45.926702426612756,1.9625259999429545,1205.510871000115,753.0
1780755026,40,GET,/health,1.100000,0.000000,3,6,6,6,14,19,19,19,19,19,19,243,0,5,27.276467744849313,2.0545209999909275,885.8155679999982,57.0
1780755026,40,,Aggregated,17.800000,0.000000,210,310,360,410,560,650,840,1300,1400,1400,1400,3292,0,320,1052.231452887911,1.9625259999429545,6935.442493999972,2728.424362089915
1780755027,40,POST,/api/book,14.100000,0.000000,290,360,440,480,650,880,1100,1300,1400,1400,1400,2551,0,550,1348.6663878831846,91.32261600007041,6935.442493999972,3381.924343394747
1780755027,40,GET,/api/concerts,2.300000,0.000000,3,4,4,7,13,33,39,39,39,39,39,514,0,8,45.74821831711869,1.9625259999429545,1205.510871000115,753.0
1780755027,40,GET,/health,1.100000,0.000000,3,6,6,6,14,19,19,19,19,19,19,243,0,5,27.276467744849313,2.0545209999909275,885.8155679999982,57.0
1780755027,40,,Aggregated,17.500000,0.000000,220,320,380,430,600,730,1000,1300,1400,1400,1400,3308,0,320,1049.1507622028423,1.9625259999429545,6935.442493999972,2729.196493349456
1780755028,40,POST,/api/book,13.700000,0.000000,330,440,540,600,780,1000,1200,1300,1400,1400,1400,2571,0,550,1343.0372482851049,91.32261600007041,6935.442493999972,3381.907429015947
1780755028,40,GET,/api/concerts,2.400000,0.000000,3,4,9,10,33,33,39,39,39,39,39,518,0,8,45.55939968725625,1.9625259999429545,1205.510871000115,753.0
1780755028,40,GET,/health,1.200000,0.000000,4,6,14,16,19,19,19,19,19,19,19,244,0,5,27.23159701228871,2.0545209999909275,885.8155679999982,57.0
1780755028,40,,Aggregated,17.300000,0.000000,250,360,450,530,700,990,1100,1300,1400,1400,1400,3333,0,320,1045.0624194569468,1.9625259999429545,6935.442493999972,2729.926792679268
1780755029,40,POST,/api/book,13.500000,0.000000,330,430,550,610,840,1000,1200,1300,1400,1400,1400,2579,0,550,1339.524049834046,91.32261600007041,6935.442493999972,3381.9131446297015
1780755029,40,GET,/api/concerts,2.700000,0.000000,3,4,5,10,33,33,39,39,39,39,39,523,0,8,45.15239540343946,1.9625259999429545,1205.510871000115,753.0
1780755029,40,GET,/health,1.100000,0.000000,3,6,7,7,16,19,19,19,19,19,19,246,0,5,27.051535569098835,2.0545209999909275,885.8155679999982,57.0
1780755029,40,,Aggregated,17.300000,0.000000,240,360,450,540,710,990,1100,1300,1400,1400,1400,3348,0,320,1040.8906526487465,1.9625259999429545,6935.442493999972,2726.939964157706
1780755030,40,POST,/api/book,13.800000,0.000000,330,430,530,590,840,1000,1200,1300,1400,1400,1400,2590,0,540,1335.0301005760637,91.32261600007041,6935.442493999972,3381.903474903475
1780755030,40,GET,/api/concerts,2.700000,0.000000,3,4,9,17,33,39,41,41,41,41,41,527,0,8,44.97209864326169,1.9625259999429545,1205.510871000115,753.0
1780755030,40,GET,/health,0.900000,0.000000,3,6,7,7,16,19,19,19,19,19,19,247,0,5,26.954875506066486,2.0545209999909275,885.8155679999982,57.0
1780755030,40,,Aggregated,17.400000,0.000000,230,340,450,520,700,990,1100,1300,1400,1400,1400,3364,0,320,1036.8864776239607,1.9625259999429545,6935.442493999972,2725.9334126040426
1780755031,40,POST,/api/book,13.700000,0.000000,330,450,530,600,880,1000,1200,1300,1400,1400,1400,2605,0,540,1330.0585629857987,91.32261600007041,6935.442493999972,3381.937044145873
1780755031,40,GET,/api/concerts,3.000000,0.000000,3,6,10,33,35,39,41,41,41,41,41,527,0,8,44.97209864326169,1.9625259999429545,1205.510871000115,753.0
1780755031,40,GET,/health,1.000000,0.000000,3,4,7,7,16,19,19,19,19,19,19,248,0,5,26.85776533870318,2.0545209999909275,885.8155679999982,57.0
1780755031,40,,Aggregated,17.700000,0.000000,250,360,460,530,770,990,1100,1300,1400,1400,1400,3380,0,320,1034.0720646056225,1.9625259999429545,6935.442493999972,2728.0807692307694
1780755032,40,POST,/api/book,13.800000,0.000000,350,480,560,620,880,1000,1200,1300,1400,1400,1400,2620,0,540,1324.4578232316817,91.32261600007041,6935.442493999972,3382.017175572519
1780755032,40,GET,/api/concerts,3.200000,0.000000,3,5,10,33,35,39,41,41,41,41,41,530,0,8,44.73184782830042,1.9625259999429545,1205.510871000115,753.0
1780755032,40,GET,/health,1.100000,0.000000,3,4,4,4,7,16,16,16,16,16,16,250,0,5,26.66534710399401,2.0401790000050823,885.8155679999982,57.0
1780755032,40,,Aggregated,18.100000,0.000000,270,380,500,550,770,990,1100,1300,1400,1400,1400,3400,0,320,1029.545209703531,1.9625259999429545,6935.442493999972,2727.7132352941176
1780755033,40,POST,/api/book,13.400000,0.000000,340,530,600,650,950,1000,1200,1300,1400,1400,1400,2632,0,540,1320.7070396257625,91.32261600007041,6935.442493999972,3382.0117781155013
1780755033,40,GET,/api/concerts,2.900000,0.000000,3,4,6,33,35,39,41,41,41,41,41,534,0,7,44.41928409737632,1.9625259999429545,1205.510871000115,753.0
1780755033,40,GET,/health,1.200000,0.000000,3,3,4,4,7,16,16,16,16,16,16,251,0,5,26.56849790039305,2.0401790000050823,885.8155679999982,57.0
1780755033,40,,Aggregated,17.500000,0.000000,250,380,530,590,850,1000,1100,1300,1400,1400,1400,3417,0,320,1026.189499261342,1.9625259999429545,6935.442493999972,2726.913666959321
1780755034,40,POST,/api/book,13.800000,0.000000,360,550,630,690,950,1000,1200,1300,1400,1400,1400,2642,0,540,1317.9226881729778,91.32261600007041,6935.442493999972,3382.010598031794
1780755034,40,GET,/api/concerts,2.900000,0.000000,3,5,17,33,35,41,42,42,42,42,42,538,0,7,44.20832299070375,1.9625259999429545,1205.510871000115,753.0
1780755034,40,GET,/health,1.100000,0.000000,3,4,6,7,16,35,35,35,35,35,35,255,0,5,26.33998348234774,2.0401790000050823,885.8155679999982,57.0
1780755034,40,,Aggregated,17.800000,0.000000,240,410,550,620,900,1000,1100,1300,1400,1400,1400,3435,0,320,1022.5480395080076,1.9625259999429545,6935.442493999972,2723.412227074236
1780755035,40,POST,/api/book,13.300000,0.000000,360,550,650,770,980,1100,1200,1200,1300,1300,1300,2657,0,540,1313.7610348852115,91.32261600007041,6935.442493999972,3382.042529168235
1780755035,40,GET,/api/concerts,3.100000,0.000000,3,4,6,17,35,41,42,42,42,42,42,543,0,7,43.82942899078895,1.9625259999429545,1205.510871000115,753.0
1780755035,40,GET,/health,1.100000,0.000000,4,6,7,16,22,35,35,35,35,35,35,256,0,5,26.323011285150688,2.0401790000050823,885.8155679999982,57.0
1780755035,40,,Aggregated,17.500000,0.000000,240,380,550,630,910,1000,1200,1200,1300,1300,1300,3456,0,320,1018.8660707526057,1.9625259999429545,6935.442493999972,2722.6730324074074
1780755036,40,POST,/api/book,12.900000,0.000000,340,530,640,700,950,1100,1200,1200,1300,1300,1300,2669,0,530,1308.6216439254429,91.32261600007041,6935.442493999972,3382.066691644811
1780755036,40,GET,/api/concerts,3.100000,0.000000,3,4,6,14,33,41,42,42,42,42,42,545,0,7,43.67733025320784,1.9625259999429545,1205.510871000115,753.0
1780755036,40,GET,/health,0.900000,0.000000,3,4,7,7,22,35,35,35,35,35,35,259,0,4,26.052604938218057,2.0401790000050823,885.8155679999982,57.0
1780755036,40,,Aggregated,16.900000,0.000000,220,350,530,600,900,1000,1200,1200,1300,1300,1300,3473,0,310,1014.4724841071135,1.9625259999429545,6935.442493999972,2721.5329686150303
1780755037,40,POST,/api/book,13.000000,0.000000,320,450,570,640,910,1000,1200,1200,1300,1300,1300,2681,0,530,1304.2259770242476,91.32261600007041,6935.442493999972,3382.1100335695637
1780755037,40,GET,/api/concerts,3.400000,0.000000,3,5,14,25,33,41,42,42,42,42,42,549,0,7,43.4824750418911,1.9625259999429545,1205.510871000115,753.0
1780755037,40,GET,/health,1.400000,0.000000,3,4,7,7,22,35,35,35,35,35,35,259,0,4,26.052604938218057,2.0401790000050823,885.8155679999982,57.0
1780755037,40,,Aggregated,17.800000,0.000000,170,320,440,500,750,950,1100,1200,1300,1300,1300,3489,0,310,1010.9628397474937,1.9625259999429545,6935.442493999972,2721.5812553740325
1780755038,40,POST,/api/book,12.900000,0.000000,290,380,470,570,860,950,1200,1200,1300,1300,1300,2695,0,530,1298.692696774771,91.32261600007041,6935.442493999972,3382.1294990723563
1780755038,40,GET,/api/concerts,3.600000,0.000000,3,4,6,8,31,41,42,42,42,42,42,553,0,7,43.18794707594625,1.9625259999429545,1205.510871000115,753.0
1780755038,40,GET,/health,1.400000,0.000000,3,4,6,7,31,35,35,35,35,35,35,261,0,4,25.979825187734093,2.0401790000050823,885.8155679999982,57.0
1780755038,40,,Aggregated,17.900000,0.000000,170,310,370,460,660,950,1100,1200,1300,1300,1300,3509,0,310,1006.1671379068129,1.9625259999429545,6935.442493999972,2720.468794528356
1780755039,40,POST,/api/book,12.900000,0.000000,310,400,470,590,900,980,1200,1200,1300,1300,1300,2706,0,520,1294.6485676607574,91.32261600007041,6935.442493999972,3382.149667405765
1780755039,40,GET,/api/concerts,3.400000,0.000000,3,4,5,14,35,42,100,100,100,100,100,556,0,7,43.1454644496371,1.9625259999429545,1205.510871000115,753.0
1780755039,40,GET,/health,1.600000,0.000000,3,4,6,20,31,35,35,35,35,35,35,264,0,4,25.775975136357253,2.017066000007617,885.8155679999982,57.0
1780755039,40,,Aggregated,17.900000,0.000000,190,310,380,460,690,950,1100,1200,1300,1300,1300,3526,0,310,1002.3008394100983,1.9625259999429545,6935.442493999972,2718.608338060125
1780755040,40,POST,/api/book,12.500000,0.000000,310,430,570,690,1000,1300,1600,1600,1700,1700,1700,2721,0,530,1292.2191232153655,91.32261600007041,6935.442493999972,3382.1345093715545
1780755040,40,GET,/api/concerts,3.700000,0.000000,3,4,5,8,31,42,100,100,100,100,100,558,0,7,42.999721872756396,1.9625259999429545,1205.510871000115,753.0
1780755040,40,GET,/health,1.700000,0.000000,3,4,6,20,31,35,35,35,35,35,35,265,0,4,25.687705181125033,2.017066000007617,885.8155679999982,57.0
1780755040,40,,Aggregated,17.900000,0.000000,190,330,420,530,950,1200,1400,1600,1700,1700,1700,3544,0,310,1000.8265578292908,1.9625259999429545,6935.442493999972,2719.5448645598194
1780755041,40,POST,/api/book,12.500000,0.000000,280,360,460,650,1000,1300,1600,1600,1700,1700,1700,2731,0,520,1288.3478135836722,91.32261600007041,6935.442493999972,3382.113877700476
1780755041,40,GET,/api/concerts,3.200000,0.000000,3,3,4,5,25,42,100,100,100,100,100,562,0,6,42.715554546259874,1.9625259999429545,1205.510871000115,753.0
1780755041,40,GET,/health,1.900000,0.000000,3,4,6,20,31,35,35,35,35,35,35,267,0,4,25.513455456921854,2.017066000007617,885.8155679999982,57.0
1780755041,40,,Aggregated,17.600000,0.000000,170,280,340,420,950,1200,1400,1600,1700,1700,1700,3560,0,310,996.9932902132037,1.9625259999429545,6935.442493999972,2717.684831460674
1780755042,40,POST,/api/book,12.200000,0.000000,270,370,470,650,1000,1300,1600,1600,1700,1700,1700,2740,0,510,1285.1148933872296,91.32261600007041,6935.442493999972,3382.1233576642335
1780755042,40,GET,/api/concerts,3.100000,0.000000,3,4,5,5,25,42,100,100,100,100,100,563,0,6,42.64518646536085,1.9625259999429545,1205.510871000115,753.0
1780755042,40,GET,/health,1.800000,0.000000,3,3,6,20,31,35,83,83,83,83,83,273,0,4,25.301832252740752,2.017066000007617,885.8155679999982,57.0
1780755042,40,,Aggregated,17.100000,0.000000,170,270,350,430,950,1200,1400,1600,1700,1700,1700,3576,0,310,993.3253490117467,1.9625259999429545,6935.442493999972,2714.3506711409395
1780755043,40,POST,/api/book,12.800000,0.000000,270,370,430,510,1000,1300,1600,1600,1700,1700,1700,2754,0,510,1280.0012535439396,91.32261600007041,6935.442493999972,3382.0965867828613
1780755043,40,GET,/api/concerts,3.300000,0.000000,3,3,5,8,31,42,100,100,100,100,100,565,0,6,42.50427152389033,1.9625259999429545,1205.510871000115,753.0
1780755043,40,GET,/health,1.800000,0.000000,3,4,18,20,31,35,83,83,83,83,83,275,0,4,25.23772682908574,2.017066000007617,885.8155679999982,57.0
1780755043,40,,Aggregated,17.900000,0.000000,170,270,340,400,750,1200,1400,1600,1700,1700,1700,3594,0,310,989.4487313714542,1.9625259999429545,6935.442493999972,2714.361157484697
1780755044,40,POST,/api/book,12.200000,0.000000,260,330,420,440,770,1300,1600,1600,1700,1700,1700,2768,0,510,1275.281993190394,91.32261600007041,6935.442493999972,3382.0404624277458
1780755044,40,GET,/api/concerts,3.600000,0.000000,3,3,4,5,25,31,100,100,100,100,100,568,0,6,42.308209410207944,1.9625259999429545,1205.510871000115,753.0
1780755044,40,GET,/health,1.900000,0.000000,3,3,15,18,31,83,83,83,83,83,83,276,0,4,25.154736123182865,2.017066000007617,885.8155679999982,57.0
1780755044,40,,Aggregated,17.700000,0.000000,170,270,330,390,590,1200,1400,1600,1700,1700,1700,3612,0,310,985.8677539496144,1.9625259999429545,6935.442493999972,2714.5415282392028
1780755045,40,POST,/api/book,12.200000,0.000000,270,370,430,510,720,1200,1600,1600,1700,1700,1700,2784,0,510,1270.596261107403,91.32261600007041,6935.442493999972,3382.0653735632186
1780755045,40,GET,/api/concerts,3.200000,0.000000,3,4,5,11,44,100,140,140,140,140,140,574,0,6,42.21726576132131,1.9625259999429545,1205.510871000115,753.0
1780755045,40,GET,/health,2.400000,0.000000,3,3,15,18,31,83,83,83,83,83,83,276,0,4,25.154736123182865,2.017066000007617,885.8155679999982,57.0
1780755045,40,,Aggregated,17.800000,0.000000,170,290,370,420,620,790,1400,1600,1700,1700,1700,3634,0,310,981.9800243918567,1.9625259999429545,6935.442493999972,2714.2608695652175
1780755046,40,POST,/api/book,12.700000,0.000000,270,380,440,510,720,1200,1600,1600,1700,1700,1700,2797,0,500,1265.976893787991,91.32261600007041,6935.442493999972,3382.0654272434754
1780755046,40,GET,/api/concerts,3.300000,0.000000,3,3,5,5,31,100,140,140,140,140,140,578,0,6,41.9452737266409,1.9625259999429545,1205.510871000115,753.0
1780755046,40,GET,/health,2.500000,0.000000,3,3,15,18,31,83,83,83,83,83,83,277,0,4,25.072868288803065,2.017066000007617,885.8155679999982,57.0
1780755046,40,,Aggregated,18.500000,0.000000,170,290,370,420,620,790,1400,1600,1700,1700,1700,3652,0,310,978.1289497960042,1.9625259999429545,6935.442493999972,2713.762322015334
1780755047,40,POST,/api/book,12.400000,0.000000,260,370,430,520,720,1300,1600,1600,1700,1700,1700,2806,0,500,1262.5692558549576,91.32261600007041,6935.442493999972,3382.067355666429
1780755047,40,GET,/api/concerts,3.000000,0.000000,3,3,5,5,44,100,140,140,140,140,140,579,0,6,41.91283410016996,1.9625259999429545,1205.510871000115,753.0
1780755047,40,GET,/health,2.000000,0.000000,3,3,11,15,20,83,83,83,83,83,83,279,0,4,24.942002293901936,2.017066000007617,885.8155679999982,57.0
1780755047,40,,Aggregated,17.400000,0.000000,170,270,370,410,630,790,1400,1600,1700,1700,1700,3664,0,300,975.435502596345,1.9625259999429545,6935.442493999972,2713.4200327510916
1780755048,40,POST,/api/book,12.800000,0.000000,290,380,440,510,720,1200,1600,1600,1700,1700,1700,2825,0,500,1256.3174617458444,91.32261600007041,6935.442493999972,3382.077168141593
1780755048,40,GET,/api/concerts,3.100000,0.000000,3,3,3,5,44,100,140,140,140,140,140,582,0,6,41.70930126116564,1.9625259999429545,1205.510871000115,753.0
1780755048,40,GET,/health,1.900000,0.000000,2,3,3,11,18,83,83,83,83,83,83,280,0,4,24.861484074995538,2.017066000007617,885.8155679999982,57.0
1780755048,40,,Aggregated,17.800000,0.000000,190,300,380,430,620,790,1400,1600,1700,1700,1700,3687,0,300,971.0693947130479,1.9625259999429545,6935.442493999972,2714.55763493355
1780755049,40,POST,/api/book,12.700000,0.000000,270,380,430,460,650,790,1600,1600,1700,1700,1700,2838,0,490,1251.6122448872484,91.32261600007041,6935.442493999972,3382.089499647639
1780755049,40,GET,/api/concerts,3.100000,0.000000,3,3,5,5,26,44,140,140,140,140,140,583,0,6,41.682338492278596,1.9625259999429545,1205.510871000115,753.0
1780755049,40,GET,/health,1.800000,0.000000,3,3,4,11,18,83,83,83,83,83,83,282,0,4,24.71089897871797,2.017066000007617,885.8155679999982,57.0
1780755049,40,,Aggregated,17.600000,0.000000,190,300,380,410,590,720,1400,1600,1700,1700,1700,3703,0,300,967.6869640407799,1.9625259999429545,6935.442493999972,2714.9454496354306
1780755050,40,POST,/api/book,12.500000,0.000000,260,360,410,440,590,650,750,780,790,790,790,2849,0,490,1247.9550524570063,91.32261600007041,6935.442493999972,3382.123552123552
1780755050,40,GET,/api/concerts,3.000000,0.000000,3,3,5,11,26,44,140,140,140,140,140,585,0,6,41.54803612991154,1.9625259999429545,1205.510871000115,753.0
1780755050,40,GET,/health,1.900000,0.000000,3,3,4,11,18,83,83,83,83,83,83,283,0,4,24.634284049465133,2.017066000007617,885.8155679999982,57.0
1780755050,40,,Aggregated,17.400000,0.000000,190,290,370,400,520,630,720,780,790,790,790,3717,0,300,964.9451299359721,1.9625259999429545,6935.442493999972,2715.175141242938
1780755051,40,POST,/api/book,13.100000,0.000000,270,350,410,440,590,650,750,780,790,790,790,2863,0,480,1243.4607303744363,91.32261600007041,6935.442493999972,3382.1470485504715
1780755051,40,GET,/api/concerts,2.900000,0.000000,3,3,3,11,26,44,140,140,140,140,140,588,0,6,41.34932626190199,1.9625259999429545,1205.510871000115,753.0
1780755051,40,GET,/health,1.700000,0.000000,3,3,4,11,15,18,18,18,18,18,18,283,0,4,24.634284049465133,2.017066000007617,885.8155679999982,57.0
1780755051,40,,Aggregated,17.700000,0.000000,190,300,380,400,520,620,720,780,790,790,790,3734,0,300,961.7870855088399,1.9625259999429545,6935.442493999972,2716.1173004820566
1780755052,40,POST,/api/book,13.500000,0.000000,300,390,460,520,660,870,1400,1400,1400,1400,1400,2879,0,480,1240.7572077200457,91.32261600007041,6935.442493999972,3382.1767974991317
1780755052,40,GET,/api/concerts,2.700000,0.000000,3,3,5,11,29,44,140,140,140,140,140,591,0,6,41.199901526224366,1.9625259999429545,1205.510871000115,753.0
1780755052,40,GET,/health,1.900000,0.000000,3,3,4,11,18,18,18,18,18,18,18,283,0,4,24.634284049465133,2.017066000007617,885.8155679999982,57.0
1780755052,40,,Aggregated,18.100000,0.000000,210,340,400,460,620,780,1400,1400,1400,1400,1400,3753,0,300,960.1547149517742,1.9625259999429545,6935.442493999972,2717.41033839595
1780755053,40,POST,/api/book,12.700000,0.000000,290,390,440,470,720,1200,1400,1400,1400,1400,1400,2894,0,480,1236.349174765381,91.32261600007041,6935.442493999972,3382.199378023497
1780755053,40,GET,/api/concerts,2.700000,0.000000,3,3,5,23,29,44,140,140,140,140,140,591,0,6,41.199901526224366,1.9625259999429545,1205.510871000115,753.0
1780755053,40,GET,/health,1.700000,0.000000,3,3,11,11,18,19,19,19,19,19,19,286,0,4,24.458362835660083,2.017066000007617,885.8155679999982,57.0
1780755053,40,,Aggregated,17.100000,0.000000,210,340,400,440,650,870,1400,1400,1400,1400,1400,3771,0,300,957.1304018414238,1.9625259999429545,6935.442493999972,2717.955449482896
1780755054,40,POST,/api/book,13.100000,0.000000,300,390,440,500,720,1200,1400,1400,1400,1400,1400,2909,0,480,1231.7327594235176,91.32261600007041,6935.442493999972,3382.2237882433824
1780755054,40,GET,/api/concerts,2.600000,0.000000,3,3,5,22,26,29,140,140,140,140,140,592,0,6,41.16760575675414,1.9625259999429545,1205.510871000115,753.0
1780755054,40,GET,/health,1.400000,0.000000,3,3,4,11,19,24,24,24,24,24,24,289,0,4,24.305136003456095,2.017066000007617,885.8155679999982,57.0
1780755054,40,,Aggregated,17.100000,0.000000,220,350,400,440,650,870,1400,1400,1400,1400,1400,3790,0,300,953.6955155873375,1.9625259999429545,6935.442493999972,2717.978364116095
1780755055,40,POST,/api/book,13.700000,0.000000,280,380,420,470,680,1200,1400,1400,1400,1400,1400,2921,0,480,1228.048138140025,91.32261600007041,6935.442493999972,3382.2810681273536
1780755055,40,GET,/api/concerts,2.700000,0.000000,3,3,4,22,26,29,29,29,29,29,29,593,0,6,41.102297433387164,1.9625259999429545,1205.510871000115,753.0
1780755055,40,GET,/health,1.000000,0.000000,3,3,4,11,19,24,24,24,24,24,24,290,0,4,24.23027849999573,2.017066000007617,885.8155679999982,57.0
1780755055,40,,Aggregated,17.400000,0.000000,220,330,380,420,560,870,1400,1400,1400,1400,1400,3804,0,300,951.2431794558385,1.9625259999429545,6935.442493999972,2718.901682439537
1780755056,40,POST,/api/book,13.700000,0.000000,290,380,440,470,690,1200,1400,1400,1400,1400,1400,2935,0,470,1223.743834522662,91.32261600007041,6935.442493999972,3382.2340715502555
1780755056,40,GET,/api/concerts,2.300000,0.000000,3,3,22,23,29,35,35,35,35,35,35,596,0,5,40.963094182883324,1.9625259999429545,1205.510871000115,753.0
1780755056,40,GET,/health,1.000000,0.000000,3,3,4,11,19,24,24,24,24,24,24,291,0,4,24.156027738827433,2.017066000007617,885.8155679999982,57.0
1780755056,40,,Aggregated,17.000000,0.000000,230,340,400,440,660,870,1400,1400,1400,1400,1400,3822,0,300,947.9674417919962,1.9625259999429545,6935.442493999972,2719.05599162742
1780755057,40,POST,/api/book,14.500000,0.000000,330,390,460,490,690,1200,1400,1400,1400,1400,1400,2949,0,470,1219.490368826386,91.32261600007041,6935.442493999972,3382.277382163445
1780755057,40,GET,/api/concerts,2.200000,0.000000,3,3,4,22,29,35,35,35,35,35,35,598,0,5,40.834702675582605,1.9625259999429545,1205.510871000115,753.0
1780755057,40,GET,/health,1.300000,0.000000,3,3,4,8,19,24,24,24,24,24,24,294,0,4,23.95498358503018,2.017066000007617,885.8155679999982,57.0
1780755057,40,,Aggregated,18.000000,0.000000,240,350,400,460,660,870,1400,1400,1400,1400,1400,3841,0,300,944.4777440882605,1.9625259999429545,6935.442493999972,2718.4035407445976
1780755058,40,POST,/api/book,13.700000,0.000000,290,390,460,490,690,1200,1400,1400,1400,1400,1400,2962,0,470,1215.1005942295787,91.32261600007041,6935.442493999972,3382.231262660365
1780755058,40,GET,/api/concerts,1.800000,0.000000,3,3,4,22,29,35,35,35,35,35,35,599,0,5,40.77069194824419,1.9625259999429545,1205.510871000115,753.0
1780755058,40,GET,/health,1.400000,0.000000,3,3,4,8,19,24,24,24,24,24,24,295,0,4,23.88250032202997,2.017066000007617,885.8155679999982,57.0
1780755058,40,,Aggregated,16.900000,0.000000,220,350,400,460,660,870,1400,1400,1400,1400,1400,3856,0,300,941.544331478218,1.9625259999429545,6935.442493999972,2719.40637966805
1780755059,40,POST,/api/book,13.600000,0.000000,290,390,470,520,720,1200,1400,1400,1400,1400,1400,2972,0,470,1212.1364399041092,91.32261600007041,6935.442493999972,3382.242597577389
1780755059,40,GET,/api/concerts,1.900000,0.000000,3,3,4,17,29,35,35,35,35,35,35,604,0,5,40.4802934602617,1.9625259999429545,1205.510871000115,753.0
1780755059,40,GET,/health,1.400000,0.000000,3,3,3,4,19,24,24,24,24,24,24,297,0,3,23.73894506733644,2.017066000007617,885.8155679999982,57.0
1780755059,40,,Aggregated,16.900000,0.000000,220,350,420,470,680,870,1400,1400,1400,1400,1400,3873,0,300,938.2830011179987,1.9625259999429545,6935.442493999972,2717.213013168087
1780755060,40,POST,/api/book,14.300000,0.000000,290,400,470,520,720,1200,1400,1400,1400,1400,1400,2988,0,460,1207.5845935368184,91.32261600007041,6935.442493999972,3382.2456492637216
1780755060,40,GET,/api/concerts,1.700000,0.000000,3,3,4,17,29,35,35,35,35,35,35,606,0,5,40.35571262540949,1.9625259999429545,1205.510871000115,753.0
1780755060,40,GET,/health,1.500000,0.000000,3,3,3,3,19,24,24,24,24,24,24,300,0,3,23.530222849996864,2.017066000007617,885.8155679999982,57.0
1780755060,40,,Aggregated,17.500000,0.000000,220,350,420,470,680,890,1400,1400,1400,1400,1400,3894,0,300,934.7142768859808,1.9625259999429545,6935.442493999972,2716.889573703133
1780755061,40,POST,/api/book,13.600000,0.000000,300,420,490,590,720,1200,1400,1400,1400,1400,1400,2999,0,460,1204.6205828109414,91.32261600007041,6935.442493999972,3382.2807602534176
1780755061,40,GET,/api/concerts,2.000000,0.000000,3,3,12,17,30,35,72,72,72,72,72,610,0,5,40.28154838196424,1.9625259999429545,1205.510871000115,753.0
1780755061,40,GET,/health,1.500000,0.000000,3,3,3,3,19,24,24,24,24,24,24,302,0,3,23.391113629135955,2.017066000007617,885.8155679999982,57.0
1780755061,40,,Aggregated,17.100000,0.000000,210,330,440,470,690,890,1400,1400,1400,1400,1400,3911,0,300,931.8059290920504,1.9625259999429545,6935.442493999972,2715.4190744055227
1780755062,40,POST,/api/book,13.500000,0.000000,260,350,440,490,670,720,890,970,1200,1200,1200,3011,0,460,1200.8589837113961,91.32261600007041,6935.442493999972,3382.27067419462
1780755062,40,GET,/api/concerts,2.100000,0.000000,3,3,12,17,30,35,72,72,72,72,72,610,0,5,40.28154838196424,1.9625259999429545,1205.510871000115,753.0
1780755062,40,GET,/health,1.500000,0.000000,3,3,3,3,19,24,24,24,24,24,24,302,0,3,23.391113629135955,2.017066000007617,885.8155679999982,57.0
1780755062,40,,Aggregated,17.100000,0.000000,200,300,360,440,630,710,800,970,1200,1200,1200,3923,0,300,929.7533165393855,1.9625259999429545,6935.442493999972,2717.451185317359
1780755063,40,POST,/api/book,13.900000,0.000000,280,390,460,510,660,710,800,970,970,970,970,3027,0,460,1196.6820557965027,91.32261600007041,6935.442493999972,3382.2926990419555
1780755063,40,GET,/api/concerts,2.100000,0.000000,3,12,22,23,35,72,72,72,72,72,72,611,0,5,40.253058443532176,1.9625259999429545,1205.510871000115,753.0
1780755063,40,GET,/health,1.700000,0.000000,3,3,3,3,24,73,73,73,73,73,73,304,0,3,23.48731764802337,2.017066000007617,885.8155679999982,57.0
1780755063,40,,Aggregated,17.700000,0.000000,210,300,400,450,630,690,790,970,970,970,970,3942,0,300,926.9638118138025,1.9625259999429545,6935.442493999972,2718.318366311517
1780755064,40,POST,/api/book,13.600000,0.000000,280,410,460,520,690,920,1100,1100,1100,1100,1100,3041,0,460,1193.9692175932305,91.32261600007041,6935.442493999972,3382.289707333114
1780755064,40,GET,/api/concerts,2.100000,0.000000,3,3,17,23,35,72,72,72,72,72,72,612,0,5,40.191378633983916,1.9625259999429545,1205.510871000115,753.0
1780755064,40,GET,/health,1.900000,0.000000,3,3,3,3,8,73,73,73,73,73,73,305,0,3,23.418741380325002,2.017066000007617,885.8155679999982,57.0
1780755064,40,,Aggregated,17.600000,0.000000,210,320,430,460,650,870,1000,1100,1100,1100,1100,3958,0,300,925.3664048878245,1.9625259999429545,6935.442493999972,2719.495704901465
1780755065,40,POST,/api/book,13.300000,0.000000,300,410,490,520,690,920,1100,1100,1100,1100,1100,3057,0,460,1189.348672472363,91.32261600007041,6935.442493999972,3382.2217860647693
1780755065,40,GET,/api/concerts,1.900000,0.000000,3,3,12,17,30,72,72,72,72,72,72,614,0,5,40.06852748371035,1.9625259999429545,1205.510871000115,753.0
1780755065,40,GET,/health,1.900000,0.000000,3,3,3,3,8,73,73,73,73,73,73,306,0,3,23.351067676468148,2.017066000007617,885.8155679999982,57.0
1780755065,40,,Aggregated,17.100000,0.000000,210,320,440,490,650,800,1000,1100,1100,1100,1100,3977,0,300,922.1992442373672,1.9625259999429545,6935.442493999972,2720.4515966809154
1780755066,40,POST,/api/book,13.800000,0.000000,300,410,460,510,650,920,1100,1100,1100,1100,1100,3073,0,450,1184.6967637569196,91.32261600007041,6935.442493999972,3382.2170517409695
1780755066,40,GET,/api/concerts,2.000000,0.000000,3,3,12,17,30,72,72,72,72,72,72,614,0,5,40.06852748371035,1.9625259999429545,1205.510871000115,753.0
1780755066,40,GET,/health,1.800000,0.000000,3,3,3,3,8,73,73,73,73,73,73,307,0,3,23.283050674265144,2.017066000007617,885.8155679999982,57.0
1780755066,40,,Aggregated,17.600000,0.000000,210,330,430,460,630,800,1000,1100,1100,1100,1100,3994,0,300,919.4599718219854,1.9625259999429545,6935.442493999972,2722.4321482223336
1780755067,40,POST,/api/book,13.000000,0.000000,300,420,510,540,710,920,1100,1100,1100,1100,1100,3090,0,450,1180.2794240142437,91.32261600007041,6935.442493999972,3382.2258899676376
1780755067,40,GET,/api/concerts,2.100000,0.000000,3,5,12,17,30,72,72,72,72,72,72,616,0,5,39.95644551136092,1.9625259999429545,1205.510871000115,753.0
1780755067,40,GET,/health,1.600000,0.000000,3,3,3,3,12,73,73,73,73,73,73,308,0,3,23.246072970777078,2.017066000007617,885.8155679999982,57.0
1780755067,40,,Aggregated,16.700000,0.000000,210,330,450,510,650,870,1000,1100,1100,1100,1100,4014,0,300,916.5013405864496,1.9625259999429545,6935.442493999972,2723.587942202292
1780755068,40,POST,/api/book,13.900000,0.000000,300,440,510,550,710,920,1100,1100,1100,1100,1100,3104,0,450,1176.1494647003906,91.32261600007041,6935.442493999972,3382.275451030928
1780755068,40,GET,/api/concerts,2.000000,0.000000,4,6,12,17,30,72,72,72,72,72,72,620,0,5,39.72342018870689,1.9625259999429545,1205.510871000115,753.0
1780755068,40,GET,/health,1.600000,0.000000,3,3,3,3,12,73,73,73,73,73,73,308,0,3,23.246072970777078,2.017066000007617,885.8155679999982,57.0
1780755068,40,,Aggregated,17.500000,0.000000,220,370,450,520,650,870,1000,1100,1100,1100,1100,4032,0,300,913.3324031304586,1.9625259999429545,6935.442493999972,2723.9580853174602
1780755069,40,POST,/api/book,14.200000,0.000000,270,410,460,520,640,900,1100,1100,1100,1100,1100,3113,0,450,1173.4672241901744,91.32261600007041,6935.442493999972,3382.277224542242
1780755069,40,GET,/api/concerts,1.700000,0.000000,4,7,12,23,55,72,72,72,72,72,72,622,0,5,39.68828687459538,1.9625259999429545,1205.510871000115,753.0
1780755069,40,GET,/health,1.600000,0.000000,3,3,3,3,12,73,73,73,73,73,73,309,0,3,23.17848080582342,2.017066000007617,885.8155679999982,57.0
1780755069,40,,Aggregated,17.500000,0.000000,210,330,430,470,590,820,1000,1100,1100,1100,1100,4044,0,290,911.1898451802695,1.9625259999429545,6935.442493999972,2723.790306627102
1780755070,40,POST,/api/book,13.900000,0.000000,270,410,460,510,630,900,1100,1100,1100,1100,1100,3130,0,450,1168.410134576362,91.32261600007041,6935.442493999972,3382.2750798722045
1780755070,40,GET,/api/concerts,1.800000,0.000000,3,6,7,12,55,72,72,72,72,72,72,625,0,5,39.50864667359729,1.9625259999429545,1205.510871000115,753.0
1780755070,40,GET,/health,1.400000,0.000000,3,3,3,12,73,73,73,73,73,73,73,310,0,3,23.11423005806267,2.017066000007617,885.8155679999982,57.0
1780755070,40,,Aggregated,17.100000,0.000000,210,340,430,460,580,820,1000,1100,1100,1100,1100,4065,0,290,907.4986560179606,1.9625259999429545,6935.442493999972,2724.431980319803
1780755071,40,POST,/api/book,14.000000,0.000000,260,410,450,490,570,870,1100,1100,1100,1100,1100,3144,0,440,1164.2671349144443,91.32261600007041,6935.442493999972,3382.287213740458
1780755071,40,GET,/api/concerts,1.900000,0.000000,3,5,7,12,55,58,72,72,72,72,72,631,0,5,39.24589616481485,1.9625259999429545,1205.510871000115,753.0
1780755071,40,GET,/health,1.300000,0.000000,3,3,3,12,73,73,73,73,73,73,73,312,0,3,22.981134294870486,2.017066000007617,885.8155679999982,57.0
1780755071,40,,Aggregated,17.200000,0.000000,190,320,410,450,550,820,1000,1100,1100,1100,1100,4087,0,290,903.447552373626,1.9625259999429545,6935.442493999972,2722.495228774162
1780755072,40,POST,/api/book,14.200000,0.000000,230,390,430,470,580,900,1100,1100,1100,1100,1100,3153,0,440,1161.4111853894742,91.32261600007041,6935.442493999972,3382.2692673644146
1780755072,40,GET,/api/concerts,1.800000,0.000000,3,3,5,6,23,55,58,58,58,58,58,634,0,4,39.07359570188988,1.9625259999429545,1205.510871000115,753.0
1780755072,40,GET,/health,1.100000,0.000000,3,3,3,3,9,12,12,12,12,12,12,314,0,3,22.87209896815093,2.017066000007617,885.8155679999982,57.0
1780755072,40,,Aggregated,17.100000,0.000000,170,300,410,430,550,820,1000,1100,1100,1100,1100,4101,0,290,900.727619186542,1.9625259999429545,6935.442493999972,2721.188734455011
1780755073,40,POST,/api/book,14.600000,0.000000,220,340,410,450,530,580,770,820,900,900,900,3169,0,440,1157.4462834181172,91.32261600007041,6935.442493999972,3382.276112338277
1780755073,40,GET,/api/concerts,1.900000,0.000000,3,3,4,4,7,55,58,58,58,58,58,637,0,4,38.90400028885126,1.9625259999429545,1205.510871000115,753.0
1780755073,40,GET,/health,1.000000,0.000000,3,3,3,9,12,12,12,12,12,12,12,314,0,3,22.87209896815093,2.017066000007617,885.8155679999982,57.0
1780755073,40,,Aggregated,17.500000,0.000000,160,270,370,410,500,570,740,820,900,900,900,4120,0,290,898.0366406339828,1.9625259999429545,6935.442493999972,2722.328155339806
1780755074,40,POST,/api/book,14.300000,0.000000,220,350,420,450,540,610,790,820,900,900,900,3183,0,440,1153.8606400084864,91.32261600007041,6935.442493999972,3382.2497643732327
1780755074,40,GET,/api/concerts,2.300000,0.000000,3,3,4,5,14,55,58,58,58,58,58,641,0,4,38.69607538221244,1.9625259999429545,1205.510871000115,753.0
1780755074,40,GET,/health,1.100000,0.000000,3,3,3,9,12,12,12,12,12,12,12,315,0,3,22.806806971426152,2.017066000007617,885.8155679999982,57.0
1780755074,40,,Aggregated,17.700000,0.000000,160,260,390,420,500,570,770,820,900,900,900,4139,0,290,895.0777351203208,1.9625259999429545,6935.442493999972,2721.992993476685
1780755075,40,POST,/api/book,14.000000,0.000000,190,300,410,430,540,610,790,820,900,900,900,3194,0,440,1150.4300860006301,91.32261600007041,6935.442493999972,3382.2110206637444
1780755075,40,GET,/api/concerts,2.400000,0.000000,3,3,4,5,14,55,58,58,58,58,58,643,0,4,38.58325018662275,1.9625259999429545,1205.510871000115,753.0
1780755075,40,GET,/health,1.100000,0.000000,2,3,3,3,9,12,12,12,12,12,12,317,0,3,22.678718611984827,2.017066000007617,885.8155679999982,57.0
1780755075,40,,Aggregated,17.500000,0.000000,150,220,320,410,490,570,770,820,900,900,900,4154,0,290,892.2657386509408,1.9625259999429545,6935.442493999972,2721.4805007221953
1780755076,40,POST,/api/book,13.800000,0.000000,190,270,400,420,540,610,790,820,900,900,900,3209,0,430,1146.0116783378035,91.32261600007041,6935.442493999972,3382.2337176690557
1780755076,40,GET,/api/concerts,2.700000,0.000000,3,3,4,5,14,55,58,58,58,58,58,645,0,4,38.51558280929965,1.9625259999429545,1205.510871000115,753.0
1780755076,40,GET,/health,1.000000,0.000000,3,3,4,4,9,12,12,12,12,12,12,319,0,3,22.55653870846134,2.017066000007617,885.8155679999982,57.0
1780755076,40,,Aggregated,17.500000,0.000000,150,200,280,360,470,570,770,820,900,900,900,4173,0,290,888.9502905693763,1.9625259999429545,6935.442493999972,2721.6525281572012
1780755077,40,POST,/api/book,13.800000,0.000000,190,280,400,420,490,570,770,790,1100,1100,1100,3217,0,430,1144.2897522548992,91.32261600007041,6935.442493999972,3382.183400683867
1780755077,40,GET,/api/concerts,2.800000,0.000000,3,3,3,4,31,55,58,58,58,58,58,646,0,4,38.45987313312402,1.9625259999429545,1205.510871000115,753.0
1780755077,40,GET,/health,1.000000,0.000000,2,3,3,4,9,12,12,12,12,12,12,320,0,3,22.493789053122626,2.017066000007617,885.8155679999982,57.0
1780755077,40,,Aggregated,17.600000,0.000000,150,220,280,360,460,550,760,790,1100,1100,1100,4183,0,290,887.6938139003123,1.9625259999429545,6935.442493999972,2721.7695433899116
1780755078,40,POST,/api/book,13.200000,0.000000,190,290,410,430,530,660,870,1100,1300,1300,1300,3232,0,430,1140.879524150684,91.32261600007041,6935.442493999972,3382.1741955445545
1780755078,40,GET,/api/concerts,3.100000,0.000000,3,3,3,3,19,31,58,58,58,58,58,648,0,4,38.37353317746605,1.9625259999429545,1205.510871000115,753.0
1780755078,40,GET,/health,1.200000,0.000000,2,3,3,3,9,21,21,21,21,21,21,324,0,3,22.30510771296065,2.017066000007617,885.8155679999982,57.0
1780755078,40,,Aggregated,17.500000,0.000000,150,220,290,400,480,600,790,1100,1300,1300,1300,4204,0,280,884.7325229431507,1.9625259999429545,6935.442493999972,2720.6467649857277
1780755079,40,POST,/api/book,13.500000,0.000000,200,320,430,480,760,860,1100,1100,1300,1300,1300,3243,0,430,1139.2517437986467,91.32261600007041,6935.442493999972,3382.159420289855
1780755079,40,GET,/api/concerts,3.200000,0.000000,3,3,3,3,19,31,58,58,58,58,58,653,0,4,38.099152952524044,1.9625259999429545,1205.510871000115,753.0
1780755079,40,GET,/health,1.200000,0.000000,2,3,3,4,19,21,21,21,21,21,21,326,0,3,22.234518935580823,2.017066000007617,885.8155679999982,57.0
1780755079,40,,Aggregated,17.900000,0.000000,150,220,300,420,570,840,1100,1100,1300,1300,1300,4222,0,280,882.6908112719104,1.9625259999429545,6935.442493999972,2718.7669351018476
1780755080,40,POST,/api/book,12.900000,0.000000,220,320,460,530,790,920,1100,1100,1300,1300,1300,3254,0,430,1136.7714229701942,91.32261600007041,6935.442493999972,3382.155193607867
1780755080,40,GET,/api/concerts,3.000000,0.000000,3,3,3,3,19,31,58,58,58,58,58,655,0,4,37.991557770989786,1.9625259999429545,1205.510871000115,753.0
1780755080,40,GET,/health,1.300000,0.000000,2,3,3,4,19,21,21,21,21,21,21,328,0,3,22.113875091460915,2.017066000007617,885.8155679999982,57.0
1780755080,40,,Aggregated,17.200000,0.000000,160,230,320,430,650,860,1100,1100,1300,1300,1300,4237,0,280,880.6212017264589,1.9625259999429545,6935.442493999972,2718.3016285107387
1780755081,40,POST,/api/book,12.900000,0.000000,230,400,480,540,770,890,1100,1100,1300,1300,1300,3272,0,430,1132.3276092301383,91.32261600007041,6935.442493999972,3382.142420537897
1780755081,40,GET,/api/concerts,2.900000,0.000000,3,3,3,4,14,19,31,31,31,31,31,656,0,4,37.94678611737525,1.9625259999429545,1205.510871000115,753.0
1780755081,40,GET,/health,1.600000,0.000000,3,3,9,9,19,21,21,21,21,21,21,329,0,3,22.072558790271497,2.017066000007617,885.8155679999982,57.0
1780755081,40,,Aggregated,17.400000,0.000000,170,260,410,480,660,860,1100,1100,1300,1300,1300,4257,0,280,877.8789995151533,1.9625259999429545,6935.442493999972,2720.011980267794
1780755082,40,POST,/api/book,12.700000,0.000000,230,390,510,570,770,890,1100,1100,1300,1300,1300,3282,0,430,1129.8015421779442,91.32261600007041,6935.442493999972,3382.137416209628
1780755082,40,GET,/api/concerts,3.000000,0.000000,3,3,3,4,14,19,31,31,31,31,31,658,0,4,37.83891432218554,1.9625259999429545,1205.510871000115,753.0
1780755082,40,GET,/health,1.700000,0.000000,3,3,9,9,19,21,21,21,21,21,21,331,0,3,21.984491308155178,2.017066000007617,885.8155679999982,57.0
1780755082,40,,Aggregated,17.400000,0.000000,180,260,400,480,670,860,1100,1100,1300,1300,1300,4271,0,280,875.7161165242348,1.9625259999429545,6935.442493999972,2719.390306719738
1780755083,40,POST,/api/book,12.100000,0.000000,220,330,500,580,760,890,1100,1100,1300,1300,1300,3296,0,430,1126.2860467833773,91.32261600007041,6935.442493999972,3382.1571601941746
1780755083,40,GET,/api/concerts,2.800000,0.000000,3,3,3,3,9,19,31,31,31,31,31,662,0,4,37.62868677492131,1.9625259999429545,1205.510871000115,753.0
1780755083,40,GET,/health,1.800000,0.000000,2,3,4,9,19,21,21,21,21,21,21,332,0,3,21.925490632528188,2.017066000007617,885.8155679999982,57.0
1780755083,40,,Aggregated,16.700000,0.000000,160,230,330,470,660,860,1100,1100,1300,1300,1300,4290,0,280,872.8271011032649,1.9625259999429545,6935.442493999972,2719.114219114219
1780755084,40,POST,/api/book,12.900000,0.000000,230,330,510,600,760,890,1100,1100,1300,1300,1300,3310,0,430,1123.0080252105774,91.32261600007041,6935.442493999972,3382.182175226586
1780755084,40,GET,/api/concerts,2.400000,0.000000,3,3,9,19,32,34,43,43,43,43,43,666,0,4,37.56924792041707,1.9625259999429545,1205.510871000115,753.0
1780755084,40,GET,/health,1.700000,0.000000,3,3,4,9,19,21,21,21,21,21,21,333,0,3,21.86810463062868,2.017066000007617,885.8155679999982,57.0
1780755084,40,,Aggregated,17.000000,0.000000,170,250,330,510,660,860,1100,1100,1300,1300,1300,4309,0,280,870.1461502446058,1.9625259999429545,6935.442493999972,2718.8447435599905
1780755085,40,POST,/api/book,13.100000,0.000000,250,400,540,600,760,890,1100,1100,1300,1300,1300,3324,0,420,1119.4082761453105,91.32261600007041,6935.442493999972,3382.205174488568
1780755085,40,GET,/api/concerts,2.500000,0.000000,3,3,3,9,32,34,43,43,43,43,43,670,0,4,37.360269352235555,1.9625259999429545,1205.510871000115,753.0
1780755085,40,GET,/health,1.800000,0.000000,3,3,9,13,19,21,21,21,21,21,21,333,0,3,21.86810463062868,2.017066000007617,885.8155679999982,57.0
1780755085,40,,Aggregated,17.400000,0.000000,180,270,430,530,670,860,1100,1100,1300,1300,1300,4327,0,280,867.3969422729389,1.9625259999429545,6935.442493999972,2719.191356598105
1780755086,40,POST,/api/book,12.400000,0.000000,250,380,530,600,760,890,1100,1100,1300,1300,1300,3339,0,420,1115.4481665825133,91.32261600007041,6935.442493999972,3382.1656184486374
1780755086,40,GET,/api/concerts,2.400000,0.000000,3,3,3,4,32,34,43,43,43,43,43,674,0,4,37.154744517801426,1.9625259999429545,1205.510871000115,753.0
1780755086,40,GET,/health,1.800000,0.000000,3,3,9,13,19,21,21,21,21,21,21,333,0,3,21.86810463062868,2.017066000007617,885.8155679999982,57.0
1780755086,40,,Aggregated,16.600000,0.000000,160,290,390,510,670,860,1100,1100,1300,1300,1300,4346,0,280,864.4283950451005,1.9625259999429545,6935.442493999972,2719.6396686608377
1780755087,40,POST,/api/book,13.100000,0.000000,220,310,430,540,670,850,1100,1100,1100,1100,1100,3352,0,420,1111.9155070874142,91.32261600007041,6935.442493999972,3382.183472553699
1780755087,40,GET,/api/concerts,2.500000,0.000000,3,3,3,4,32,34,43,43,43,43,43,675,0,4,37.10362620592319,1.9625259999429545,1205.510871000115,753.0
1780755087,40,GET,/health,1.800000,0.000000,3,9,13,19,21,54,54,54,54,54,54,334,0,3,21.964593748501027,2.017066000007617,885.8155679999982,57.0
1780755087,40,,Aggregated,17.400000,0.000000,160,250,330,420,620,760,920,1100,1100,1100,1100,4361,0,280,862.0779412423772,1.9625259999429545,6935.442493999972,2720.566842467324
1780755088,40,POST,/api/book,13.000000,0.000000,230,320,410,510,660,760,1100,1100,1100,1100,1100,3364,0,420,1108.926519401609,91.32261600007041,6935.442493999972,3382.157253269917
1780755088,40,GET,/api/concerts,2.500000,0.000000,3,3,4,9,38,40,43,43,43,43,43,680,0,4,36.96220676323275,1.9625259999429545,1205.510871000115,753.0
1780755088,40,GET,/health,1.500000,0.000000,3,9,13,19,54,54,54,54,54,54,54,334,0,3,21.964593748501027,2.017066000007617,885.8155679999982,57.0
1780755088,40,,Aggregated,17.000000,0.000000,170,260,320,390,620,680,920,1100,1100,1100,1100,4378,0,280,859.5018926857028,1.9625259999429545,6935.442493999972,2720.113065326633
1780755089,40,POST,/api/book,12.800000,0.000000,230,330,420,540,640,680,810,890,920,920,920,3378,0,420,1106.1545684976354,91.32261600007041,6935.442493999972,3382.1184132622852
1780755089,40,GET,/api/concerts,2.900000,0.000000,3,3,4,32,40,43,67,67,67,67,67,683,0,4,36.906300859440904,1.9625259999429545,1205.510871000115,753.0
1780755089,40,GET,/health,1.500000,0.000000,3,3,9,13,54,54,54,54,54,54,54,335,0,3,21.908663194027728,2.017066000007617,885.8155679999982,57.0
1780755089,40,,Aggregated,17.200000,0.000000,170,260,330,420,610,670,810,890,920,920,920,4396,0,280,857.4013962788916,1.9625259999429545,6935.442493999972,2720.2434030937216
1780755090,40,POST,/api/book,13.400000,0.000000,230,330,420,500,640,670,700,810,810,810,810,3394,0,420,1102.5899820000036,91.32261600007041,6935.442493999972,3382.133765468474
1780755090,40,GET,/api/concerts,3.100000,0.000000,3,3,9,32,40,43,67,67,67,67,67,683,0,4,36.906300859440904,1.9625259999429545,1205.510871000115,753.0
1780755090,40,GET,/health,1.300000,0.000000,3,9,13,13,54,54,54,54,54,54,54,335,0,3,21.908663194027728,2.017066000007617,885.8155679999982,57.0
1780755090,40,,Aggregated,17.800000,0.000000,190,290,380,420,600,670,690,810,810,810,810,4412,0,280,855.5613790945165,1.9625259999429545,6935.442493999972,2722.655485040798
1780755091,40,POST,/api/book,13.200000,0.000000,250,380,460,540,660,700,850,930,970,970,970,3410,0,420,1100.0959672703848,91.32261600007041,6935.442493999972,3382.099120234604
1780755091,40,GET,/api/concerts,3.200000,0.000000,3,3,27,32,40,43,67,67,67,67,67,684,0,4,36.89189342397373,1.9625259999429545,1205.510871000115,753.0
1780755091,40,GET,/health,1.000000,0.000000,3,3,4,4,54,54,54,54,54,54,54,337,0,3,21.797850394656923,2.017066000007617,885.8155679999982,57.0
1780755091,40,,Aggregated,17.400000,0.000000,200,310,410,460,610,680,810,930,970,970,970,4431,0,280,853.9623514053277,1.9625259999429545,6935.442493999972,2723.362446400361
1780755092,40,POST,/api/book,13.500000,0.000000,300,410,470,540,680,770,870,930,970,970,970,3429,0,420,1096.2667509562593,91.32261600007041,6935.442493999972,3382.111402741324
1780755092,40,GET,/api/concerts,3.000000,0.000000,3,3,27,32,40,43,67,67,67,67,67,686,0,4,36.791491616615424,1.9625259999429545,1205.510871000115,753.0
1780755092,40,GET,/health,0.900000,0.000000,3,3,4,18,54,54,54,54,54,54,54,339,0,3,21.732900999998247,2.017066000007617,885.8155679999982,57.0
1780755092,40,,Aggregated,17.400000,0.000000,220,340,420,470,660,740,850,930,970,970,970,4454,0,280,851.3033465911557,1.9625259999429545,6935.442493999972,2724.0999101930847
1780755093,40,POST,/api/book,14.000000,0.000000,290,380,440,510,670,770,870,930,970,970,970,3440,0,420,1093.494794464539,91.32261600007041,6935.442493999972,3382.1482558139537
1780755093,40,GET,/api/concerts,2.800000,0.000000,3,4,32,34,43,59,67,67,67,67,67,689,0,4,36.73654137445311,1.9625259999429545,1205.510871000115,753.0
1780755093,40,GET,/health,0.700000,0.000000,3,4,18,18,54,54,54,54,54,54,54,340,0,3,21.67591388529251,2.017066000007617,885.8155679999982,57.0
1780755093,40,,Aggregated,17.500000,0.000000,210,330,410,440,620,740,850,930,970,970,970,4469,0,280,849.027384355786,1.9625259999429545,6935.442493999972,2723.8279257104496
1780755094,40,POST,/api/book,14.400000,0.000000,290,380,420,470,680,810,870,930,970,970,970,3455,0,420,1090.146849865706,91.32261600007041,6935.442493999972,3382.157452966715
1780755094,40,GET,/api/concerts,2.700000,0.000000,3,3,5,27,40,59,67,67,67,67,67,692,0,4,36.591254872829474,1.9625259999429545,1205.510871000115,753.0
1780755094,40,GET,/health,0.700000,0.000000,3,4,18,18,54,54,54,54,54,54,54,340,0,3,21.67591388529251,2.017066000007617,885.8155679999982,57.0
1780755094,40,,Aggregated,17.800000,0.000000,220,320,390,420,580,740,850,930,970,970,970,4487,0,280,846.7012091328301,1.9625259999429545,6935.442493999972,2724.718074437263
1780755095,40,POST,/api/book,14.500000,0.000000,310,410,460,510,710,850,1100,1300,1300,1300,1300,3469,0,420,1088.055101595853,91.32261600007041,6935.442493999972,3382.151340443932
1780755095,40,GET,/api/concerts,2.700000,0.000000,3,4,11,27,40,59,67,67,67,67,67,693,0,4,36.5419850548314,1.9625259999429545,1205.510871000115,753.0
1780755095,40,GET,/health,0.700000,0.000000,3,4,18,18,54,54,54,54,54,54,54,340,0,3,21.67591388529251,2.017066000007617,885.8155679999982,57.0
1780755095,40,,Aggregated,17.900000,0.000000,250,370,420,460,680,850,970,1300,1300,1300,1300,4502,0,280,845.658941314973,1.9625259999429545,6935.442493999972,2726.3198578409597
1780755096,40,POST,/api/book,14.300000,0.000000,310,420,460,550,710,850,1100,1300,1300,1300,1300,3484,0,420,1084.4882995378916,91.32261600007041,6935.442493999972,3382.187141216992
1780755096,40,GET,/api/concerts,2.700000,0.000000,3,5,27,38,59,67,67,67,67,67,67,695,0,4,36.44398645323508,1.9625259999429545,1205.510871000115,753.0
1780755096,40,GET,/health,0.800000,0.000000,3,4,18,18,54,54,54,54,54,54,54,340,0,3,21.67591388529251,2.017066000007617,885.8155679999982,57.0
1780755096,40,,Aggregated,17.800000,0.000000,260,370,430,500,680,850,970,1300,1300,1300,1300,4519,0,280,843.3404772949789,1.9625259999429545,6935.442493999972,2727.651028988714
1780755097,40,POST,/api/book,14.200000,0.000000,330,430,510,580,810,940,1100,1300,1300,1300,1300,3501,0,420,1081.4615035921206,91.32261600007041,6935.442493999972,3382.224507283633
1780755097,40,GET,/api/concerts,2.500000,0.000000,3,5,11,27,59,67,67,67,67,67,67,696,0,4,36.400451074710446,1.9625259999429545,1205.510871000115,753.0
1780755097,40,GET,/health,0.700000,0.000000,3,3,4,4,18,18,18,18,18,18,18,341,0,3,21.619529645159364,2.017066000007617,885.8155679999982,57.0
1780755097,40,,Aggregated,17.400000,0.000000,270,400,460,510,770,930,1100,1300,1300,1300,1300,4538,0,280,841.5389373364937,1.9625259999429545,6935.442493999972,2729.108197443808
1780755098,40,POST,/api/book,14.500000,0.000000,350,460,570,680,870,1000,1300,1300,1300,1300,1300,3515,0,420,1079.519350646946,91.32261600007041,6935.442493999972,3382.2258890469416
1780755098,40,GET,/api/concerts,2.400000,0.000000,3,5,11,27,59,67,67,67,67,67,67,697,0,4,36.444074522235795,1.9625259999429545,1205.510871000115,753.0
1780755098,40,GET,/health,0.700000,0.000000,3,4,5,18,45,45,45,45,45,45,45,343,0,3,21.63747462390468,2.017066000007617,885.8155679999982,57.0
1780755098,40,,Aggregated,17.600000,0.000000,290,420,510,580,850,1000,1100,1300,1300,1300,1300,4555,0,280,840.2488894098814,1.9625259999429545,6935.442493999972,2729.5095499451154
1780755099,40,POST,/api/book,14.300000,0.000000,310,420,510,570,870,1000,1300,1300,1300,1300,1300,3529,0,420,1076.2216266287942,91.32261600007041,6935.442493999972,3382.1958061773876
1780755099,40,GET,/api/concerts,2.000000,0.000000,3,11,11,13,59,67,67,67,67,67,67,699,0,4,36.37410877682179,1.9625259999429545,1205.510871000115,753.0
1780755099,40,GET,/health,0.600000,0.000000,3,4,5,18,45,45,45,45,45,45,45,344,0,3,21.581192505811874,2.017066000007617,885.8155679999982,57.0
1780755099,40,,Aggregated,16.900000,0.000000,260,370,460,510,850,1000,1100,1300,1300,1300,1300,4572,0,280,837.8905408202121,1.9625259999429545,6935.442493999972,2730.0358705161857
1780755100,40,POST,/api/book,14.800000,0.000000,320,430,510,580,870,1000,1300,1300,1300,1300,1300,3546,0,410,1072.8053763530781,91.32261600007041,6935.442493999972,3382.20671178793
1780755100,40,GET,/api/concerts,1.900000,0.000000,5,11,13,27,59,67,67,67,67,67,67,700,0,4,36.40331612571199,1.9625259999429545,1205.510871000115,753.0
1780755100,40,GET,/health,0.800000,0.000000,3,4,5,18,45,45,45,45,45,45,45,345,0,3,21.526259188403788,2.017066000007617,885.8155679999982,57.0
1780755100,40,,Aggregated,17.500000,0.000000,270,370,460,510,850,1000,1100,1300,1300,1300,1300,4591,0,280,835.7823448608168,1.9625259999429545,6935.442493999972,2731.446307993901
1780755101,40,POST,/api/book,15.000000,0.000000,290,370,440,480,780,1100,1300,1300,1300,1300,1300,3555,0,410,1070.7431078776415,91.32261600007041,6935.442493999972,3382.2002812939522
1780755101,40,GET,/api/concerts,1.600000,0.000000,5,11,13,26,59,67,67,67,67,67,67,703,0,4,36.30264278662636,1.9625259999429545,1205.510871000115,753.0
1780755101,40,GET,/health,1.000000,0.000000,3,10,18,18,45,70,70,70,70,70,70,348,0,3,21.57830592528559,2.017066000007617,885.8155679999982,57.0
1780755101,40,,Aggregated,17.600000,0.000000,230,320,400,440,750,1000,1100,1300,1300,1300,1300,4606,0,280,833.5913497277486,1.9625259999429545,6935.442493999972,2729.682370820669
1780755102,40,POST,/api/book,15.000000,0.000000,290,410,470,560,890,1100,1300,1300,1300,1300,1300,3570,0,410,1068.2331411002845,91.32261600007041,6935.442493999972,3382.187394957983
1780755102,40,GET,/api/concerts,1.600000,0.000000,9,11,26,26,59,67,67,67,67,67,67,704,0,4,36.28824389062257,1.9625259999429545,1205.510871000115,753.0
1780755102,40,GET,/health,0.900000,0.000000,3,5,10,45,70,70,70,70,70,70,70,349,0,3,21.52332934956817,2.017066000007617,885.8155679999982,57.0
1780755102,40,,Aggregated,17.500000,0.000000,250,320,420,480,840,1000,1100,1300,1300,1300,1300,4623,0,280,832.0681114795609,1.9625259999429545,6935.442493999972,2730.7839065541857
1780755103,40,POST,/api/book,15.100000,0.000000,290,420,510,570,870,1000,1300,1300,1300,1300,1300,3585,0,410,1065.1661676839649,91.32261600007041,6935.442493999972,3382.1793584379357
1780755103,40,GET,/api/concerts,1.700000,0.000000,3,9,13,26,57,67,67,67,67,67,67,708,0,4,36.09710617655072,1.9625259999429545,1205.510871000115,753.0
1780755103,40,GET,/health,1.100000,0.000000,3,5,10,10,45,70,70,70,70,70,70,350,0,3,21.469814934283868,2.017066000007617,885.8155679999982,57.0
1780755103,40,,Aggregated,17.900000,0.000000,250,350,440,510,830,1000,1100,1300,1300,1300,1300,4643,0,270,829.5696527131183,1.9625259999429545,6935.442493999972,2730.6024122334697
1780755104,40,POST,/api/book,14.100000,0.000000,270,410,490,570,870,1000,1300,1300,1300,1300,1300,3600,0,410,1061.527926570004,91.32261600007041,6935.442493999972,3382.1872222222223
1780755104,40,GET,/api/concerts,1.900000,0.000000,6,9,13,26,57,67,67,67,67,67,67,710,0,4,36.00716158591231,1.9625259999429545,1205.510871000115,753.0
1780755104,40,GET,/health,1.100000,0.000000,3,3,10,10,45,70,70,70,70,70,70,351,0,3,21.415692111109145,2.017066000007617,885.8155679999982,57.0
1780755104,40,,Aggregated,17.100000,0.000000,200,320,430,490,830,1000,1100,1300,1300,1300,1300,4661,0,270,826.986167841452,1.9625259999429545,6935.442493999972,2731.283201029822
1780755105,40,POST,/api/book,14.500000,0.000000,250,360,470,510,780,990,1100,1100,1300,1300,1300,3614,0,410,1058.365146765361,91.32261600007041,6935.442493999972,3382.2219147758715
1780755105,40,GET,/api/concerts,1.900000,0.000000,6,11,13,26,57,67,67,67,67,67,67,712,0,4,35.92725287780536,1.9625259999429545,1205.510871000115,753.0
1780755105,40,GET,/health,1.000000,0.000000,3,3,5,10,45,70,70,70,70,70,70,353,0,3,21.308426002830917,2.017066000007617,885.8155679999982,57.0
1780755105,40,,Aggregated,17.400000,0.000000,190,290,410,470,700,940,1100,1100,1300,1300,1300,4679,0,270,824.5423635045968,1.9625259999429545,6935.442493999972,2731.2688608677067
1780755106,40,POST,/api/book,14.800000,0.000000,250,360,470,530,780,990,1100,1100,1300,1300,1300,3628,0,410,1055.4594438332456,91.32261600007041,6935.442493999972,3382.1896361631752
1780755106,40,GET,/api/concerts,1.900000,0.000000,9,13,26,42,59,67,67,67,67,67,67,715,0,4,35.92172292447205,1.9625259999429545,1205.510871000115,753.0
1780755106,40,GET,/health,1.000000,0.000000,3,3,5,10,45,70,70,70,70,70,70,353,0,3,21.308426002830917,2.017066000007617,885.8155679999982,57.0
1780755106,40,,Aggregated,17.700000,0.000000,180,310,410,470,700,940,1100,1100,1300,1300,1300,4696,0,270,822.4899421842013,1.9625259999429545,6935.442493999972,2731.920783645656
1780755107,40,POST,/api/book,14.700000,0.000000,250,360,470,530,760,990,1100,1200,1300,1300,1300,3642,0,410,1053.4216793964897,91.32261600007041,6935.442493999972,3382.194398682043
1780755107,40,GET,/api/concerts,1.800000,0.000000,6,12,26,26,57,59,67,67,67,67,67,717,0,4,35.82862897489162,1.9625259999429545,1205.510871000115,753.0
1780755107,40,GET,/health,1.200000,0.000000,3,3,5,5,10,70,70,70,70,70,70,354,0,3,21.2550451355912,2.017066000007617,885.8155679999982,57.0
1780755107,40,,Aggregated,17.700000,0.000000,180,290,410,470,700,890,1000,1200,1300,1300,1300,4713,0,270,821.0853319149181,1.9625259999429545,6935.442493999972,2732.448758752387
1780755108,40,POST,/api/book,14.200000,0.000000,250,400,480,530,720,890,1100,1200,1300,1300,1300,3655,0,410,1051.4280223056128,91.32261600007041,6935.442493999972,3382.2103967168264
1780755108,40,GET,/api/concerts,1.800000,0.000000,3,9,26,26,42,57,59,59,59,59,59,722,0,4,35.639019042931885,1.9625259999429545,1205.510871000115,753.0
1780755108,40,GET,/health,1.300000,0.000000,3,3,3,5,10,70,70,70,70,70,70,355,0,3,21.20199321689943,2.017066000007617,885.8155679999982,57.0
1780755108,40,,Aggregated,17.300000,0.000000,180,300,410,480,620,840,1000,1200,1300,1300,1300,4732,0,270,819.1520500566374,1.9625259999429545,6935.442493999972,2731.5891800507184
1780755109,40,POST,/api/book,14.300000,0.000000,240,340,470,530,720,890,1100,1200,1300,1300,1300,3670,0,410,1047.9192523430559,91.32261600007041,6935.442493999972,3382.20136239782
1780755109,40,GET,/api/concerts,2.000000,0.000000,3,8,26,26,52,57,59,59,59,59,59,727,0,4,35.47883529985777,1.9625259999429545,1205.510871000115,753.0
1780755109,40,GET,/health,1.400000,0.000000,3,3,3,3,10,70,70,70,70,70,70,356,0,3,21.149375179773866,2.017066000007617,885.8155679999982,57.0
1780755109,40,,Aggregated,17.700000,0.000000,160,280,350,440,620,840,1000,1200,1300,1300,1300,4753,0,270,816.1552591891452,1.9625259999429545,6935.442493999972,2730.9913738691353
1780755110,40,POST,/api/book,14.600000,0.000000,200,310,410,490,700,890,1100,1200,1300,1300,1300,3684,0,410,1044.5963158156935,91.32261600007041,6935.442493999972,3382.2073832790447
1780755110,40,GET,/api/concerts,2.400000,0.000000,3,3,9,26,42,52,59,59,59,59,59,730,0,4,35.34465836711838,1.9625259999429545,1205.510871000115,753.0
1780755110,40,GET,/health,1.200000,0.000000,3,3,3,3,10,70,70,70,70,70,70,358,0,3,21.046461279327715,2.017066000007617,885.8155679999982,57.0
1780755110,40,,Aggregated,18.200000,0.000000,160,230,310,410,590,840,1000,1200,1300,1300,1300,4772,0,260,813.4176574205799,1.9625259999429545,6935.442493999972,2730.542330259849
1780755111,40,POST,/api/book,14.100000,0.000000,200,280,420,530,700,890,1100,1200,1300,1300,1300,3694,0,400,1042.6656500067716,91.32261600007041,6935.442493999972,3382.1513264753653
1780755111,40,GET,/api/concerts,2.700000,0.000000,3,3,6,12,42,52,59,59,59,59,59,733,0,3,35.209872091400484,1.9625259999429545,1205.510871000115,753.0
1780755111,40,GET,/health,1.100000,0.000000,2,3,3,3,3,3,3,3,3,3,3,359,0,3,20.994579774371097,2.017066000007617,885.8155679999982,57.0
1780755111,40,,Aggregated,17.900000,0.000000,160,230,300,360,610,830,1000,1200,1300,1300,1300,4786,0,260,811.7327207494791,1.9625259999429545,6935.442493999972,2730.062473882156
1780755112,40,POST,/api/book,13.800000,0.000000,190,260,340,470,620,790,1100,1200,1300,1300,1300,3709,0,400,1039.6045718757116,91.32261600007041,6935.442493999972,3382.1496360204906
1780755112,40,GET,/api/concerts,2.900000,0.000000,3,3,3,6,27,52,59,59,59,59,59,741,0,3,34.86745427125038,1.9625259999429545,1205.510871000115,753.0
1780755112,40,GET,/health,1.200000,0.000000,2,3,3,3,3,3,3,3,3,3,3,360,0,3,20.9428826833311,2.017066000007617,885.8155679999982,57.0
1780755112,40,,Aggregated,17.900000,0.000000,150,200,260,310,560,760,1000,1200,1300,1300,1300,4810,0,260,808.5799539434526,1.9625259999429545,6935.442493999972,2728.2507276507276
1780755113,40,POST,/api/book,13.900000,0.000000,200,270,350,470,630,790,1100,1200,1300,1300,1300,3719,0,400,1037.5190680233973,91.32261600007041,6935.442493999972,3382.148695885991
1780755113,40,GET,/api/concerts,3.000000,0.000000,3,3,3,6,27,52,59,59,59,59,59,745,0,3,34.69434731543176,1.9625259999429545,1205.510871000115,753.0
1780755113,40,GET,/health,1.200000,0.000000,2,3,3,3,3,3,3,3,3,3,3,361,0,3,20.893080019388016,2.017066000007617,885.8155679999982,57.0
1780755113,40,,Aggregated,18.100000,0.000000,150,210,260,340,560,760,1000,1200,1300,1300,1300,4825,0,260,806.6161874851828,1.9625259999429545,6935.442493999972,2727.4140932642485
1780755114,40,POST,/api/book,14.000000,0.000000,210,310,400,490,630,790,1100,1200,1300,1300,1300,3738,0,400,1033.8860822648514,91.32261600007041,6935.442493999972,3382.157035848047
1780755114,40,GET,/api/concerts,3.100000,0.000000,3,3,3,3,27,52,59,59,59,59,59,747,0,3,34.60811490762584,1.9625259999429545,1205.510871000115,753.0
1780755114,40,GET,/health,1.100000,0.000000,3,3,3,3,14,100,100,100,100,100,100,363,0,3,21.09524364462541,2.017066000007617,885.8155679999982,57.0
1780755114,40,,Aggregated,18.200000,0.000000,150,230,310,360,570,720,1000,1200,1300,1300,1300,4848,0,260,804.0792101454222,1.9625259999429545,6935.442493999972,2728.0703382838283
1780755115,40,POST,/api/book,13.300000,0.000000,210,310,440,510,640,790,1100,1200,1300,1300,1300,3748,0,400,1031.9974597518717,91.32261600007041,6935.442493999972,3382.1163287086447
1780755115,40,GET,/api/concerts,3.600000,0.000000,3,3,3,3,27,52,59,59,59,59,59,750,0,3,34.479185705328895,1.9625259999429545,1205.510871000115,753.0
1780755115,40,GET,/health,1.100000,0.000000,2,3,3,3,14,100,100,100,100,100,100,364,0,3,21.043072335162393,2.017066000007617,885.8155679999982,57.0
1780755115,40,,Aggregated,18.000000,0.000000,160,230,310,360,610,760,1000,1200,1300,1300,1300,4862,0,260,802.4363526859333,1.9625259999429545,6935.442493999972,2727.61620732209
1780755116,40,POST,/api/book,13.200000,0.000000,220,310,400,510,680,820,1100,1200,1300,1300,1300,3765,0,400,1028.8644095277598,91.32261600007041,6935.442493999972,3382.132005312085
1780755116,40,GET,/api/concerts,3.800000,0.000000,2,3,3,3,8,27,52,52,52,52,52,751,0,3,34.436566997332335,1.9625259999429545,1205.510871000115,753.0
1780755116,40,GET,/health,1.100000,0.000000,2,3,3,3,14,100,100,100,100,100,100,364,0,3,21.043072335162393,2.017066000007617,885.8155679999982,57.0
1780755116,40,,Aggregated,18.100000,0.000000,160,230,330,400,630,780,1000,1200,1300,1300,1300,4880,0,260,800.6549266428294,1.9625259999429545,6935.442493999972,2729.50368852459
1780755117,40,POST,/api/book,13.600000,0.000000,210,280,340,400,600,640,780,820,840,840,840,3775,0,400,1026.868379388878,91.32261600007041,6935.442493999972,3382.129271523179
1780755117,40,GET,/api/concerts,3.800000,0.000000,2,3,3,3,3,9,52,52,52,52,52,752,0,3,34.393990409569895,1.9625259999429545,1205.510871000115,753.0
1780755117,40,GET,/health,1.100000,0.000000,3,3,3,14,100,100,100,100,100,100,100,364,0,3,21.043072335162393,2.017066000007617,885.8155679999982,57.0
1780755117,40,,Aggregated,18.500000,0.000000,160,230,290,330,500,630,780,820,840,840,840,4891,0,260,799.4177246597848,1.9625259999429545,6935.442493999972,2730.4318135350645
1780755118,40,POST,/api/book,13.700000,0.000000,230,310,400,490,640,780,870,1100,1100,1100,1100,3793,0,400,1024.3463549514934,91.32261600007041,6935.442493999972,3382.171104666491
1780755118,40,GET,/api/concerts,3.800000,0.000000,2,3,3,3,3,3,9,9,9,9,9,754,0,3,34.30972236471678,1.9625259999429545,1205.510871000115,753.0
1780755118,40,GET,/health,1.100000,0.000000,3,3,3,14,100,100,100,100,100,100,100,365,0,3,20.99248950684659,2.017066000007617,885.8155679999982,57.0
1780755118,40,,Aggregated,18.600000,0.000000,180,260,310,390,630,710,850,1100,1100,1100,1100,4912,0,260,797.8170834006528,1.9625259999429545,6935.442493999972,2731.5028501628663
1780755119,40,POST,/api/book,13.800000,0.000000,230,310,410,510,650,820,1100,1100,1200,1200,1200,3806,0,400,1022.1050462677388,91.32261600007041,6935.442493999972,3382.159747766684
1780755119,40,GET,/api/concerts,3.700000,0.000000,2,3,3,3,7,9,60,60,60,60,60,758,0,3,34.22386605672345,1.9625259999429545,1205.510871000115,753.0
1780755119,40,GET,/health,1.000000,0.000000,3,3,3,14,100,100,100,100,100,100,100,366,0,3,20.941747245898856,2.017066000007617,885.8155679999982,57.0
1780755119,40,,Aggregated,18.500000,0.000000,190,260,330,410,630,780,870,1100,1200,1200,1200,4930,0,260,795.89009656349,1.9625259999429545,6935.442493999972,2731.062068965517
1780755120,40,POST,/api/book,13.100000,0.000000,260,360,500,630,780,1100,1400,1500,1500,1500,1500,3820,0,400,1020.8435026714694,91.32261600007041,6935.442493999972,3382.122513089005
1780755120,40,GET,/api/concerts,3.200000,0.000000,2,3,3,3,7,9,60,60,60,60,60,759,0,3,34.18204147430371,1.9625259999429545,1205.510871000115,753.0
1780755120,40,GET,/health,1.000000,0.000000,3,3,3,14,100,100,100,100,100,100,100,368,0,3,20.84122519021438,2.017066000007617,885.8155679999982,57.0
1780755120,40,,Aggregated,17.300000,0.000000,200,280,400,490,710,960,1300,1500,1500,1500,1500,4947,0,260,795.0749788870033,1.9625259999429545,6935.442493999972,2731.3949868607237
1780755121,40,POST,/api/book,13.700000,0.000000,260,340,440,540,780,1100,1400,1500,1500,1500,1500,3829,0,400,1019.0094012535948,91.32261600007041,6935.442493999972,3382.1188299817186
1780755121,40,GET,/api/concerts,3.000000,0.000000,2,3,3,3,8,9,60,60,60,60,60,761,0,3,34.10557090932521,1.9625259999429545,1205.510871000115,753.0
1780755121,40,GET,/health,1.000000,0.000000,3,3,6,6,14,100,100,100,100,100,100,370,0,3,20.75388104864567,2.017066000007617,885.8155679999982,57.0
1780755121,40,,Aggregated,17.700000,0.000000,210,280,350,410,650,960,1300,1500,1500,1500,1500,4960,0,260,793.4315066229852,1.9625259999429545,6935.442493999972,2730.696774193548
1780755122,40,POST,/api/book,13.600000,0.000000,280,400,600,640,960,1200,1400,1500,1500,1500,1500,3838,0,400,1018.5511660497691,91.32261600007041,6935.442493999972,3382.1417404898384
1780755122,40,GET,/api/concerts,3.000000,0.000000,3,3,3,7,60,63,130,130,130,130,130,763,0,3,34.26345829357318,1.9625259999429545,1205.510871000115,753.0
1780755122,40,GET,/health,1.100000,0.000000,3,3,6,14,100,100,100,100,100,100,100,370,0,3,20.75388104864567,2.017066000007617,885.8155679999982,57.0
1780755122,40,,Aggregated,17.700000,0.000000,230,310,470,600,850,1100,1300,1500,1500,1500,1500,4971,0,260,793.2048541470541,1.9625259999429545,6935.442493999972,2731.098169382418
1780755123,40,POST,/api/book,13.500000,0.000000,310,610,700,780,1000,1200,1500,1500,1800,1800,1800,3857,0,400,1017.2604891024149,91.32261600007041,6935.442493999972,3382.096707285455
1780755123,40,GET,/api/concerts,2.900000,0.000000,3,7,10,13,63,89,130,130,130,130,130,768,0,3,34.19449663020346,1.9625259999429545,1205.510871000115,753.0
1780755123,40,GET,/health,1.000000,0.000000,3,4,6,14,100,100,100,100,100,100,100,371,0,3,20.707978266843405,2.017066000007617,885.8155679999982,57.0
1780755123,40,,Aggregated,17.400000,0.000000,240,410,630,700,960,1200,1400,1500,1800,1800,1800,4996,0,260,792.137257769617,1.9625259999429545,6935.442493999972,2731.0244195356286
1780755124,40,POST,/api/book,12.900000,0.000000,290,630,710,840,1000,1200,1500,1500,1800,1800,1800,3870,0,400,1014.6582242131822,91.32261600007041,6935.442493999972,3382.1302325581396
1780755124,40,GET,/api/concerts,2.800000,0.000000,3,7,10,13,63,89,130,130,130,130,130,771,0,3,34.071836974054925,1.9625259999429545,1205.510871000115,753.0
1780755124,40,GET,/health,1.100000,0.000000,3,3,4,6,15,15,15,15,15,15,15,372,0,3,20.692065790319518,2.017066000007617,885.8155679999982,57.0
1780755124,40,,Aggregated,16.800000,0.000000,230,390,640,710,980,1200,1400,1500,1800,1800,1800,5013,0,260,790.0846125046892,1.9625259999429545,6935.442493999972,2731.0215439856374
1780755125,40,POST,/api/book,13.000000,0.000000,280,490,700,840,1000,1200,1500,1500,1800,1800,1800,3881,0,400,1012.3519056810139,91.32261600007041,6935.442493999972,3382.13269775831
1780755125,40,GET,/api/concerts,2.400000,0.000000,3,4,10,13,63,89,130,130,130,130,130,777,0,3,33.846019606173265,1.9625259999429545,1205.510871000115,753.0
1780755125,40,GET,/health,1.000000,0.000000,3,3,4,6,15,15,15,15,15,15,15,373,0,3,20.643725541551806,2.017066000007617,885.8155679999982,57.0
1780755125,40,,Aggregated,16.400000,0.000000,230,310,610,700,980,1200,1400,1500,1800,1800,1800,5031,0,260,787.7034809797273,1.9625259999429545,6935.442493999972,2729.556549393759
1780755126,40,POST,/api/book,13.800000,0.000000,280,490,710,850,1000,1200,1500,1500,1800,1800,1800,3888,0,400,1010.9320441378641,91.32261600007041,6935.442493999972,3382.162037037037
1780755126,40,GET,/api/concerts,2.200000,0.000000,3,4,8,10,60,89,130,130,130,130,130,782,0,3,33.65322499232304,1.9625259999429545,1205.510871000115,753.0
1780755126,40,GET,/health,1.100000,0.000000,3,3,4,6,15,15,15,15,15,15,15,374,0,3,20.59459417646753,2.017066000007617,885.8155679999982,57.0
1780755126,40,,Aggregated,17.100000,0.000000,220,290,490,700,980,1200,1400,1500,1800,1800,1800,5044,0,260,785.987903999605,1.9625259999429545,6935.442493999972,2727.9956383822364
1780755127,40,POST,/api/book,13.000000,0.000000,270,450,700,840,1000,1200,1500,1500,1800,1800,1800,3908,0,400,1007.2477046898708,91.32261600007041,6935.442493999972,3382.1737461617195
1780755127,40,GET,/api/concerts,2.400000,0.000000,3,4,8,10,60,89,130,130,130,130,130,784,0,3,33.57420653443432,1.9625259999429545,1205.510871000115,753.0
1780755127,40,GET,/health,0.900000,0.000000,3,4,6,6,10,15,15,15,15,15,15,375,0,3,20.566590607997266,2.017066000007617,885.8155679999982,57.0
1780755127,40,,Aggregated,16.300000,0.000000,220,300,460,680,980,1200,1400,1500,1800,1800,1800,5067,0,260,783.5718727706745,1.9625259999429545,6935.442493999972,2729.280047365305
1780755128,40,POST,/api/book,13.000000,0.000000,260,410,630,720,1000,1200,1500,1500,1800,1800,1800,3920,0,400,1004.8916272803613,91.32261600007041,6935.442493999972,3382.1561224489797
1780755128,40,GET,/api/concerts,2.800000,0.000000,3,3,8,13,63,89,130,130,130,130,130,785,0,3,33.53446736177874,1.9625259999429545,1205.510871000115,753.0
1780755128,40,GET,/health,1.000000,0.000000,3,3,4,6,10,15,15,15,15,15,15,379,0,3,20.37753779683076,2.017066000007617,885.8155679999982,57.0
1780755128,40,,Aggregated,16.800000,0.000000,190,280,410,480,960,1200,1400,1500,1800,1800,1800,5084,0,260,781.5151106693565,1.9625259999429545,6935.442493999972,2728.3162863886705
1780755129,40,POST,/api/book,12.800000,0.000000,260,350,480,700,980,1200,1400,1500,1800,1800,1800,3925,0,390,1003.8825339034437,91.32261600007041,6935.442493999972,3382.1549044585986
1780755129,40,GET,/api/concerts,3.000000,0.000000,3,3,8,13,74,89,130,130,130,130,130,788,0,3,33.50681416116261,1.9625259999429545,1205.510871000115,753.0
1780755129,40,GET,/health,1.100000,0.000000,3,3,4,6,10,15,15,15,15,15,15,380,0,3,20.332942842102405,2.017066000007617,885.8155679999982,57.0
1780755129,40,,Aggregated,16.900000,0.000000,180,280,350,450,900,1000,1300,1500,1800,1800,1800,5093,0,260,780.3590876516805,1.9625259999429545,6935.442493999972,2727.2691930100136
1780755130,40,POST,/api/book,12.900000,0.000000,300,420,500,680,900,1000,1200,1300,1800,1800,1800,3942,0,390,1001.5293526019832,91.32261600007041,6935.442493999972,3382.148909183156
1780755130,40,GET,/api/concerts,3.200000,0.000000,3,3,8,10,63,89,130,130,130,130,130,794,0,3,33.27482474054964,1.9625259999429545,1205.510871000115,753.0
1780755130,40,GET,/health,1.100000,0.000000,3,3,6,6,15,68,68,68,68,68,68,384,0,3,20.32196288541351,2.017066000007617,885.8155679999982,57.0
1780755130,40,,Aggregated,17.200000,0.000000,160,300,410,450,750,980,1200,1300,1800,1800,1800,5120,0,260,777.7837016697284,1.9625259999429545,6935.442493999972,2725.0392578125
1780755131,40,POST,/api/book,12.600000,0.000000,300,420,500,680,890,1000,1200,1300,1800,1800,1800,3952,0,390,999.672893691553,91.32261600007041,6935.442493999972,3382.116902834008
1780755131,40,GET,/api/concerts,3.000000,0.000000,3,3,4,8,16,74,89,89,89,89,89,797,0,3,33.159409683809976,1.9625259999429545,1205.510871000115,753.0
1780755131,40,GET,/health,1.400000,0.000000,3,3,4,6,15,68,68,68,68,68,68,385,0,3,20.276974911684924,2.017066000007617,885.8155679999982,57.0
1780755131,40,,Aggregated,17.000000,0.000000,160,310,410,460,750,980,1200,1300,1800,1800,1800,5134,0,260,776.186591493574,1.9625259999429545,6935.442493999972,2724.6225165562914
1780755132,40,POST,/api/book,12.100000,0.000000,280,390,450,530,750,910,1000,1100,1800,1800,1800,3967,0,390,997.4943398192632,91.32261600007041,6935.442493999972,3382.1363750945297
1780755132,40,GET,/api/concerts,3.100000,0.000000,3,3,3,4,10,16,74,74,74,74,74,801,0,3,33.02019620973319,1.9625259999429545,1205.510871000115,753.0
1780755132,40,GET,/health,1.400000,0.000000,3,3,4,4,15,68,68,68,68,68,68,386,0,3,20.2306585673536,2.017066000007617,885.8155679999982,57.0
1780755132,40,,Aggregated,16.600000,0.000000,150,300,380,440,680,890,980,1100,1800,1800,1800,5154,0,260,774.4117690015538,1.9625259999429545,6935.442493999972,2724.5032984090026
1780755133,40,POST,/api/book,12.200000,0.000000,250,340,420,450,660,870,1100,1100,1300,1300,1300,3981,0,390,995.8295762210541,91.32261600007041,6935.442493999972,3382.1268525496107
1780755133,40,GET,/api/concerts,3.700000,0.000000,3,3,3,4,9,16,74,74,74,74,74,803,0,3,32.951656551676614,1.9625259999429545,1205.510871000115,753.0
1780755133,40,GET,/health,1.600000,0.000000,3,3,4,4,15,68,68,68,68,68,68,389,0,3,20.100860334186468,2.017066000007617,885.8155679999982,57.0
1780755133,40,,Aggregated,17.500000,0.000000,150,260,330,400,530,750,960,1100,1300,1300,1300,5173,0,250,772.989939651461,1.9625259999429545,6935.442493999972,2723.966557123526
1780755134,40,POST,/api/book,12.400000,0.000000,250,340,420,450,680,890,1100,1100,1300,1300,1300,3988,0,390,994.4102705253304,91.32261600007041,6935.442493999972,3382.1389167502507
1780755134,40,GET,/api/concerts,3.600000,0.000000,3,3,3,4,9,16,74,74,74,74,74,804,0,3,32.913852373129636,1.9625259999429545,1205.510871000115,753.0
1780755134,40,GET,/health,1.500000,0.000000,3,3,3,3,10,68,68,68,68,68,68,391,0,3,20.01066711764398,2.017066000007617,885.8155679999982,57.0
1780755134,40,,Aggregated,17.500000,0.000000,150,260,330,400,590,750,960,1100,1300,1300,1300,5183,0,250,771.752858770212,1.9625259999429545,6935.442493999972,2723.455334748215
1780755135,40,POST,/api/book,13.000000,0.000000,280,380,450,470,720,910,1100,1100,1300,1300,1300,4003,0,390,992.1757568995798,91.32261600007041,6935.442493999972,3382.1728703472395
1780755135,40,GET,/api/concerts,3.600000,0.000000,3,3,3,6,10,10,74,74,74,74,74,807,0,3,32.81071241511302,1.9625259999429545,1205.510871000115,753.0
1780755135,40,GET,/health,1.600000,0.000000,3,3,3,3,10,68,68,68,68,68,68,391,0,3,20.01066711764398,2.017066000007617,885.8155679999982,57.0
1780755135,40,,Aggregated,18.200000,0.000000,170,300,380,420,650,870,980,1100,1300,1300,1300,5201,0,250,770.2330264624129,1.9625259999429545,6935.442493999972,2724.24456835224
1780755136,40,POST,/api/book,12.200000,0.000000,280,390,460,590,890,1100,1600,1800,1800,1800,1800,4015,0,390,991.5227483222957,91.32261600007041,6935.442493999972,3382.1387297633873
1780755136,40,GET,/api/concerts,3.500000,0.000000,3,3,3,6,10,10,74,74,74,74,74,807,0,3,32.81071241511302,1.9625259999429545,1205.510871000115,753.0
1780755136,40,GET,/health,1.700000,0.000000,3,3,3,3,10,68,68,68,68,68,68,393,0,3,19.921569865136952,2.017066000007617,885.8155679999982,57.0
1780755136,40,,Aggregated,17.400000,0.000000,170,300,390,450,750,980,1500,1800,1800,1800,1800,5215,0,250,769.9465496433381,1.9625259999429545,6935.442493999972,2724.709300095877
1780755137,40,POST,/api/book,12.000000,0.000000,280,400,590,710,980,1500,1700,1800,1800,1800,1800,4032,0,390,989.7223341225242,91.32261600007041,6935.442493999972,3382.145089285714
1780755137,40,GET,/api/concerts,3.200000,0.000000,3,3,4,6,10,10,74,74,74,74,74,809,0,3,32.73698634362959,1.9625259999429545,1205.510871000115,753.0
1780755137,40,GET,/health,1.900000,0.000000,3,3,3,3,4,68,68,68,68,68,68,395,0,3,19.832759716452436,2.017066000007617,885.8155679999982,57.0
1780755137,40,,Aggregated,17.100000,0.000000,150,310,400,500,910,1300,1600,1800,1800,1800,1800,5236,0,250,768.6933944274272,1.9625259999429545,6935.442493999972,2725.0765851795263
1780755138,40,POST,/api/book,12.100000,0.000000,310,420,590,710,980,1500,1700,1800,1800,1800,1800,4045,0,390,987.7591571807212,91.32261600007041,6935.442493999972,3382.1406674907294
1780755138,40,GET,/api/concerts,2.900000,0.000000,3,3,4,6,10,27,74,74,74,74,74,812,0,3,32.65787889038968,1.9625259999429545,1205.510871000115,753.0
1780755138,40,GET,/health,1.700000,0.000000,3,3,3,3,45,68,68,68,68,68,68,396,0,3,19.896018108582755,2.017066000007617,885.8155679999982,57.0
1780755138,40,,Aggregated,16.700000,0.000000,170,330,450,530,910,1300,1600,1800,1800,1800,1800,5253,0,250,767.1583498241021,1.9625259999429545,6935.442493999972,2725.0651056539123
1780755139,40,POST,/api/book,12.200000,0.000000,300,420,530,660,970,1500,1700,1800,1800,1800,1800,4061,0,390,984.9273130029592,91.32261600007041,6935.442493999972,3382.1455306574735
1780755139,40,GET,/api/concerts,2.600000,0.000000,3,3,4,6,10,10,27,27,27,27,27,813,0,3,32.620762843783936,1.9625259999429545,1205.510871000115,753.0
1780755139,40,GET,/health,1.900000,0.000000,3,3,3,3,45,68,68,68,68,68,68,398,0,3,19.807934311554458,2.017066000007617,885.8155679999982,57.0
1780755139,40,,Aggregated,16.700000,0.000000,190,370,430,520,890,1300,1600,1800,1800,1800,1800,5272,0,250,765.2113156587649,1.9625259999429545,6935.442493999972,2725.6767830045524
1780755140,40,POST,/api/book,12.200000,0.000000,240,390,470,530,970,1500,1700,1800,1800,1800,1800,4076,0,390,982.2223172858236,91.32261600007041,6935.442493999972,3382.1447497546615
1780755140,40,GET,/api/concerts,2.500000,0.000000,3,4,6,9,10,27,27,27,27,27,27,815,0,3,32.547260860117994,1.9625259999429545,1205.510871000115,753.0
1780755140,40,GET,/health,2.000000,0.000000,2,3,3,3,4,45,45,45,45,45,45,398,0,3,19.807934311554458,2.017066000007617,885.8155679999982,57.0
1780755140,40,,Aggregated,16.700000,0.000000,180,310,390,470,910,1300,1600,1800,1800,1800,1800,5289,0,250,763.4614748939323,1.9625259999429545,6935.442493999972,2726.7920211760256
1780755141,40,POST,/api/book,12.700000,0.000000,270,380,470,560,970,1500,1700,1800,1800,1800,1800,4086,0,380,980.5341378864459,91.32261600007041,6935.442493999972,3382.141213901126
1780755141,40,GET,/api/concerts,2.700000,0.000000,3,4,4,9,10,27,27,27,27,27,27,815,0,3,32.547260860117994,1.9625259999429545,1205.510871000115,753.0
1780755141,40,GET,/health,1.700000,0.000000,2,3,3,3,18,45,45,45,45,45,45,402,0,3,19.675965328355883,2.017066000007617,885.8155679999982,57.0
1780755141,40,,Aggregated,17.100000,0.000000,180,340,390,470,910,1300,1600,1800,1800,1800,1800,5303,0,250,762.0023087058287,1.9625259999429545,6935.442493999972,2726.0113143503677
1780755142,40,POST,/api/book,13.400000,0.000000,230,380,420,520,940,1500,1700,1800,1800,1800,1800,4101,0,380,978.0076247044664,91.32261600007041,6935.442493999972,3382.145574250183
1780755142,40,GET,/api/concerts,2.400000,0.000000,3,4,4,4,10,27,27,27,27,27,27,818,0,3,32.43970148532505,1.9625259999429545,1205.510871000115,753.0
1780755142,40,GET,/health,1.700000,0.000000,3,3,3,4,20,45,45,45,45,45,45,403,0,3,19.676092012404382,2.017066000007617,885.8155679999982,57.0
1780755142,40,,Aggregated,17.500000,0.000000,170,300,390,420,860,1300,1600,1800,1800,1800,1800,5322,0,250,760.1041732072542,1.9625259999429545,6935.442493999972,2726.250281848929
1780755143,40,POST,/api/book,13.200000,0.000000,220,360,390,470,860,1500,1700,1800,1800,1800,1800,4112,0,380,975.87114505229,91.32261600007041,6935.442493999972,3382.144941634241
1780755143,40,GET,/api/concerts,1.900000,0.000000,3,3,4,4,10,27,27,27,27,27,27,822,0,3,32.2959271119171,1.9625259999429545,1205.510871000115,753.0
1780755143,40,GET,/health,1.500000,0.000000,2,3,3,18,20,45,45,45,45,45,45,404,0,3,19.633350341581604,2.017066000007617,885.8155679999982,57.0
1780755143,40,,Aggregated,16.600000,0.000000,160,280,370,390,640,1300,1600,1800,1800,1800,1800,5338,0,250,758.1980655824292,1.9625259999429545,6935.442493999972,2725.622705133009
1780755144,40,POST,/api/book,13.400000,0.000000,220,360,390,420,770,1500,1700,1800,1800,1800,1800,4125,0,380,973.5562474419436,91.32261600007041,6935.442493999972,3382.14496969697
1780755144,40,GET,/api/concerts,1.700000,0.000000,3,3,4,4,4,10,27,27,27,27,27,825,0,3,32.1878148230254,1.9625259999429545,1205.510871000115,753.0
1780755144,40,GET,/health,1.700000,0.000000,2,3,3,18,20,45,45,45,45,45,45,404,0,3,19.633350341581604,2.017066000007617,885.8155679999982,57.0
1780755144,40,,Aggregated,16.800000,0.000000,170,280,370,390,640,1300,1600,1800,1800,1800,1800,5354,0,250,756.5196752829676,1.9625259999429545,6935.442493999972,2726.111505416511
1780755145,40,POST,/api/book,13.200000,0.000000,220,360,400,420,750,1500,1700,1800,1800,1800,1800,4139,0,380,971.576589318197,91.32261600007041,6935.442493999972,3382.1154868325684
1780755145,40,GET,/api/concerts,1.700000,0.000000,3,3,4,4,15,21,27,27,27,27,27,828,0,3,32.117659108691015,1.9625259999429545,1205.510871000115,753.0
1780755145,40,GET,/health,1.800000,0.000000,3,3,18,20,23,45,45,45,45,45,45,405,0,3,19.642361839503423,2.017066000007617,885.8155679999982,57.0
1780755145,40,,Aggregated,16.700000,0.000000,170,290,370,390,560,1300,1600,1800,1800,1800,1800,5372,0,250,755.0082057846256,1.9625259999429545,6935.442493999972,2726.1997393894267
1780755146,40,POST,/api/book,13.100000,0.000000,220,350,390,410,560,800,1300,1500,1700,1700,1700,4151,0,380,969.5206732727095,91.32261600007041,6935.442493999972,3382.1059985545653
1780755146,40,GET,/api/concerts,1.900000,0.000000,3,4,4,13,21,27,52,52,52,52,52,832,0,3,32.048596792062646,1.9625259999429545,1205.510871000115,753.0
1780755146,40,GET,/health,1.500000,0.000000,2,3,18,20,23,45,45,45,45,45,45,409,0,3,19.51255507579174,2.017066000007617,885.8155679999982,57.0
1780755146,40,,Aggregated,16.500000,0.000000,160,270,360,390,510,750,970,1500,1700,1700,1700,5392,0,250,752.8051525059362,1.9625259999429545,6935.442493999972,2724.2082715133533
1780755147,40,POST,/api/book,13.500000,0.000000,220,340,390,410,560,730,800,810,930,930,930,4162,0,380,967.9115548407054,91.32261600007041,6935.442493999972,3382.124459394522
1780755147,40,GET,/api/concerts,2.100000,0.000000,3,4,4,4,21,27,52,52,52,52,52,835,0,3,31.94436437484586,1.9625259999429545,1205.510871000115,753.0
1780755147,40,GET,/health,1.300000,0.000000,3,3,18,20,23,45,45,45,45,45,45,410,0,3,19.472554612191953,2.017066000007617,885.8155679999982,57.0
1780755147,40,,Aggregated,16.900000,0.000000,160,260,360,380,470,640,790,810,930,930,930,5407,0,250,751.4527802646583,1.9625259999429545,6935.442493999972,2723.9739226928054
1780755148,40,POST,/api/book,13.900000,0.000000,220,320,390,410,630,730,800,810,930,930,930,4178,0,380,965.6279237431822,91.32261600007041,6935.442493999972,3382.1220679751077
1780755148,40,GET,/api/concerts,2.200000,0.000000,3,4,4,13,21,52,64,64,64,64,64,837,0,3,31.94943056749852,1.9625259999429545,1205.510871000115,753.0
1780755148,40,GET,/health,1.600000,0.000000,3,3,18,18,20,23,23,23,23,23,23,411,0,3,19.43767436252729,2.017066000007617,885.8155679999982,57.0
1780755148,40,,Aggregated,17.700000,0.000000,160,270,340,390,560,710,790,810,930,930,930,5426,0,250,749.930708246776,1.9625259999429545,6935.442493999972,2724.694802801327
1780755149,40,POST,/api/book,13.600000,0.000000,220,290,370,390,630,730,800,810,930,930,930,4189,0,380,963.5640485433315,91.32261600007041,6935.442493999972,3382.1267605633802
1780755149,40,GET,/api/concerts,2.400000,0.000000,3,4,4,13,21,52,64,64,64,64,64,838,0,3,31.914856288778452,1.9625259999429545,1205.510871000115,753.0
1780755149,40,GET,/health,1.500000,0.000000,3,5,18,18,20,23,23,23,23,23,23,413,0,3,19.36862195157146,2.017066000007617,885.8155679999982,57.0
1780755149,40,,Aggregated,17.500000,0.000000,150,230,300,360,560,710,790,810,930,930,930,5440,0,250,748.3664870926484,1.9625259999429545,6935.442493999972,2724.684558823529
1780755150,40,POST,/api/book,13.200000,0.000000,220,310,390,420,640,730,800,810,930,930,930,4204,0,380,961.400815398196,91.32261600007041,6935.442493999972,3382.1049000951475
1780755150,40,GET,/api/concerts,2.600000,0.000000,3,4,4,13,22,52,64,64,64,64,64,840,0,3,31.868424353566827,1.9625259999429545,1205.510871000115,753.0
1780755150,40,GET,/health,1.500000,0.000000,3,5,7,18,20,23,23,23,23,23,23,413,0,3,19.36862195157146,2.017066000007617,885.8155679999982,57.0
1780755150,40,,Aggregated,17.300000,0.000000,160,260,320,390,560,710,790,810,930,930,930,5457,0,250,747.0217601717073,1.9625259999429545,6935.442493999972,2725.752244823163
1780755151,40,POST,/api/book,13.000000,0.000000,230,360,410,480,640,730,800,810,930,930,930,4216,0,380,959.9041671067398,91.32261600007041,6935.442493999972,3382.106973434535
1780755151,40,GET,/api/concerts,2.500000,0.000000,3,4,10,15,22,52,64,64,64,64,64,844,0,3,31.756341516583376,1.9625259999429545,1205.510871000115,753.0
1780755151,40,GET,/health,1.500000,0.000000,4,5,18,18,20,23,23,23,23,23,23,414,0,3,19.32865654347577,2.017066000007617,885.8155679999982,57.0
1780755151,40,,Aggregated,17.000000,0.000000,160,270,370,410,630,710,790,810,930,930,930,5474,0,250,745.6632050732566,1.9625259999429545,6935.442493999972,2725.263609791743
1780755152,40,POST,/api/book,12.900000,0.000000,240,380,430,480,640,710,800,810,930,930,930,4228,0,380,958.1124212634851,91.32261600007041,6935.442493999972,3382.092715231788
1780755152,40,GET,/api/concerts,2.500000,0.000000,3,4,15,17,22,52,64,64,64,64,64,845,0,3,31.738626323072616,1.9625259999429545,1205.510871000115,753.0
1780755152,40,GET,/health,1.500000,0.000000,3,5,7,18,20,23,23,23,23,23,23,415,0,3,19.288119159033563,2.017066000007617,885.8155679999982,57.0
1780755152,40,,Aggregated,16.900000,0.000000,170,290,390,420,560,690,790,810,930,930,930,5488,0,250,744.4830586362986,1.9625259999429545,6935.442493999972,2725.8432944606416
1780755153,40,POST,/api/book,12.900000,0.000000,260,390,430,480,640,710,800,810,930,930,930,4238,0,380,956.3784013631465,91.32261600007041,6935.442493999972,3382.120811703634
1780755153,40,GET,/api/concerts,2.500000,0.000000,3,13,17,18,29,52,64,64,64,64,64,848,0,3,31.66733520164642,1.9625259999429545,1205.510871000115,753.0
1780755153,40,GET,/health,1.400000,0.000000,4,5,18,18,21,23,23,23,23,23,23,416,0,3,19.2912649230744,2.017066000007617,885.8155679999982,57.0
1780755153,40,,Aggregated,16.800000,0.000000,170,290,390,420,560,690,790,810,930,930,930,5502,0,250,743.0044949901866,1.9625259999429545,6935.442493999972,2725.4969102144673
1780755154,40,POST,/api/book,13.100000,0.000000,300,410,480,530,710,910,1200,1400,1500,1500,1500,4257,0,380,954.7725426420045,91.32261600007041,6935.442493999972,3382.0664787408973
1780755154,40,GET,/api/concerts,2.900000,0.000000,4,15,18,22,52,64,86,86,86,86,86,850,0,3,31.697223670583647,1.9625259999429545,1205.510871000115,753.0
1780755154,40,GET,/health,1.200000,0.000000,3,5,7,18,21,23,23,23,23,23,23,417,0,3,19.250695733810804,2.017066000007617,885.8155679999982,57.0
1780755154,40,,Aggregated,17.200000,0.000000,210,340,410,470,640,800,1100,1400,1500,1500,1500,5524,0,250,742.113847622738,1.9625259999429545,6935.442493999972,2726.5162925416366
1780755155,40,POST,/api/book,12.900000,0.000000,290,390,460,530,710,940,1200,1400,1500,1500,1500,4264,0,380,953.9375312066165,91.32261600007041,6935.442493999972,3382.0530018761724
1780755155,40,GET,/api/concerts,2.700000,0.000000,3,10,17,18,29,64,86,86,86,86,86,851,0,3,31.662955007046047,1.9625259999429545,1205.510871000115,753.0
1780755155,40,GET,/health,1.100000,0.000000,3,4,5,7,21,21,21,21,21,21,21,417,0,3,19.250695733810804,2.017066000007617,885.8155679999982,57.0
1780755155,40,,Aggregated,16.700000,0.000000,220,320,410,460,640,910,1100,1400,1500,1500,1500,5532,0,250,741.6056304947585,1.9625259999429545,6935.442493999972,2726.97866955893
1780755156,40,POST,/api/book,12.800000,0.000000,340,460,550,620,790,1200,1400,1400,1500,1500,1500,4285,0,380,952.4608001988362,91.32261600007041,6935.442493999972,3382.079813302217
1780755156,40,GET,/api/concerts,2.600000,0.000000,3,15,18,22,38,64,86,86,86,86,86,855,0,3,31.58294429239284,1.9625259999429545,1205.510871000115,753.0
1780755156,40,GET,/health,1.200000,0.000000,4,5,7,7,21,21,21,21,21,21,21,417,0,3,19.250695733810804,2.017066000007617,885.8155679999982,57.0
1780755156,40,,Aggregated,16.600000,0.000000,260,400,480,560,730,1100,1400,1400,1500,1500,1500,5557,0,250,740.7459935834091,1.9625259999429545,6935.442493999972,2728.0539859636497
1780755157,40,POST,/api/book,13.200000,0.000000,340,460,520,590,790,1200,1400,1400,1500,1500,1500,4297,0,380,950.4263680304892,91.32261600007041,6935.442493999972,3382.089131952525
1780755157,40,GET,/api/concerts,2.500000,0.000000,3,15,18,22,38,64,86,86,86,86,86,857,0,3,31.515127712947013,1.9625259999429545,1205.510871000115,753.0
1780755157,40,GET,/health,1.300000,0.000000,3,4,5,7,21,21,21,21,21,21,21,419,0,3,19.170636673028334,2.017066000007617,885.8155679999982,57.0
1780755157,40,,Aggregated,17.000000,0.000000,240,400,480,530,690,1100,1400,1400,1500,1500,1500,5573,0,250,739.1033670631623,1.9625259999429545,6935.442493999972,2727.8020814642023
1780755158,40,POST,/api/book,12.200000,0.000000,310,410,500,530,790,1200,1400,1400,1500,1500,1500,4309,0,380,948.3022515692765,91.32261600007041,6935.442493999972,3382.094917614296
1780755158,40,GET,/api/concerts,2.200000,0.000000,3,10,17,18,29,38,86,86,86,86,86,859,0,3,31.447530402789116,1.9625259999429545,1205.510871000115,753.0
1780755158,40,GET,/health,1.000000,0.000000,3,4,7,7,21,21,21,21,21,21,21,419,0,3,19.170636673028334,2.017066000007617,885.8155679999982,57.0
1780755158,40,,Aggregated,15.400000,0.000000,210,380,450,500,680,1100,1400,1400,1500,1500,1500,5587,0,250,737.6553297644539,1.9625259999429545,6935.442493999972,2728.504922140684
1780755159,40,POST,/api/book,13.400000,0.000000,320,410,500,570,910,1200,1400,1400,1500,1500,1500,4321,0,380,946.2997189613545,91.32261600007041,6935.442493999972,3382.0659569544086
1780755159,40,GET,/api/concerts,2.300000,0.000000,3,10,18,22,38,44,86,86,86,86,86,862,0,3,31.397490204171568,1.9625259999429545,1205.510871000115,753.0
1780755159,40,GET,/health,0.800000,0.000000,3,3,6,6,7,21,21,21,21,21,21,423,0,3,19.01958334278643,2.017066000007617,885.8155679999982,57.0
1780755159,40,,Aggregated,16.500000,0.000000,210,380,460,500,690,1100,1400,1400,1500,1500,1500,5606,0,250,735.6530513631831,1.9625259999429545,6935.442493999972,2726.918301819479
1780755160,40,POST,/api/book,13.400000,0.000000,310,460,570,620,990,1200,1400,1400,1500,1500,1500,4337,0,380,944.9338644687601,91.32261600007041,6935.442493999972,3382.056490661748
1780755160,40,GET,/api/concerts,2.200000,0.000000,3,10,18,27,44,59,86,86,86,86,86,867,0,3,31.324603260664386,1.9625259999429545,1205.510871000115,753.0
1780755160,40,GET,/health,0.900000,0.000000,3,3,3,6,21,21,21,21,21,21,21,423,0,3,19.01958334278643,2.017066000007617,885.8155679999982,57.0
1780755160,40,,Aggregated,16.500000,0.000000,200,380,480,530,940,1100,1400,1400,1500,1500,1500,5627,0,250,734.562268523548,1.9625259999429545,6935.442493999972,2727.0199040341213
1780755161,40,POST,/api/book,13.300000,0.000000,290,410,500,590,990,1200,1400,1400,1500,1500,1500,4351,0,370,942.8426845368912,91.32261600007041,6935.442493999972,3382.049643760055
1780755161,40,GET,/api/concerts,2.400000,0.000000,3,5,17,27,44,59,86,86,86,86,86,870,0,3,31.225363571259972,1.9625259999429545,1205.510871000115,753.0
1780755161,40,GET,/health,0.800000,0.000000,3,3,3,6,21,21,21,21,21,21,21,424,0,3,18.980620091978015,2.017066000007617,885.8155679999982,57.0
1780755161,40,,Aggregated,16.500000,0.000000,190,340,460,500,940,1100,1400,1400,1500,1500,1500,5645,0,240,732.9534755794518,1.9625259999429545,6935.442493999972,2727.1170947741366
1780755162,40,POST,/api/book,13.100000,0.000000,290,470,550,610,990,1200,1400,1400,1500,1500,1500,4364,0,370,941.1029531601773,91.32261600007041,6935.442493999972,3382.037351054079
1780755162,40,GET,/api/concerts,2.500000,0.000000,3,3,15,27,44,59,86,86,86,86,86,871,0,3,31.192164510902796,1.9625259999429545,1205.510871000115,753.0
1780755162,40,GET,/health,1.000000,0.000000,2,3,3,6,21,21,21,21,21,21,21,424,0,3,18.980620091978015,2.017066000007617,885.8155679999982,57.0
1780755162,40,,Aggregated,16.600000,0.000000,200,330,490,550,940,1100,1400,1400,1500,1500,1500,5659,0,240,731.9649135534556,1.9625259999429545,6935.442493999972,2728.2632974023677
1780755163,40,POST,/api/book,13.300000,0.000000,290,490,550,610,990,1200,1400,1400,1500,1500,1500,4379,0,370,938.9375039461092,91.32261600007041,6935.442493999972,3382.058917561087
1780755163,40,GET,/api/concerts,2.700000,0.000000,3,3,5,27,44,59,86,86,86,86,86,873,0,3,31.129363833901834,1.9625259999429545,1205.510871000115,753.0
1780755163,40,GET,/health,1.000000,0.000000,2,2,3,3,6,6,6,6,6,6,6,425,0,3,18.94108633646738,2.017066000007617,885.8155679999982,57.0
1780755163,40,,Aggregated,17.000000,0.000000,200,350,500,550,910,1100,1400,1400,1500,1500,1500,5677,0,240,730.462079637133,1.9625259999429545,6935.442493999972,2728.840937114673
1780755164,35,POST,/api/book,13.400000,0.000000,280,470,540,600,900,1100,1300,1400,1400,1400,1400,4397,0,370,936.78884352809,91.32261600007041,6935.442493999972,3382.080736866045
1780755164,35,GET,/api/concerts,2.600000,0.000000,3,3,15,27,44,47,59,59,59,59,59,874,0,3,31.147280978256735,1.9625259999429545,1205.510871000115,753.0
1780755164,35,GET,/health,1.000000,0.000000,2,3,3,3,6,6,6,6,6,6,6,426,0,3,18.90268216196869,2.017066000007617,885.8155679999982,57.0
1780755164,35,,Aggregated,17.000000,0.000000,190,330,490,540,720,1000,1200,1400,1400,1400,1400,5697,0,240,729.2146412443398,1.9625259999429545,6935.442493999972,2730.1058451816743
1780755165,30,POST,/api/book,13.300000,0.000000,240,410,520,580,770,1100,1300,1400,1400,1400,1400,4403,0,370,935.7576894312997,91.32261600007041,6935.442493999972,3382.0542811719283
1780755165,30,GET,/api/concerts,2.600000,0.000000,3,5,9,15,44,47,59,59,59,59,59,877,0,3,31.056681338650282,1.9625259999429545,1205.510871000115,753.0
1780755165,30,GET,/health,0.900000,0.000000,2,3,3,3,3,6,6,6,6,6,6,428,0,3,18.82807320326782,2.017066000007617,885.8155679999982,57.0
1780755165,30,,Aggregated,16.800000,0.000000,180,310,470,520,710,1000,1200,1400,1400,1400,1400,5708,0,240,728.0021428575691,1.9625259999429545,6935.442493999972,2728.79502452698
1780755166,25,POST,/api/book,13.800000,0.000000,210,310,430,520,670,900,1100,1100,1200,1200,1200,4410,0,370,934.5983458841298,91.32261600007041,6935.442493999972,3382.062358276644
1780755166,25,GET,/api/concerts,2.500000,0.000000,3,3,5,9,44,47,59,59,59,59,59,880,0,3,30.959160206813984,1.9625259999429545,1205.510871000115,753.0
1780755166,25,GET,/health,0.900000,0.000000,3,3,3,3,3,6,6,6,6,6,6,429,0,3,18.790215198132152,2.017066000007617,885.8155679999982,57.0
1780755166,25,,Aggregated,17.200000,0.000000,160,240,320,370,620,720,1000,1100,1200,1200,1200,5719,0,240,726.8550041355139,1.9625259999429545,6935.442493999972,2728.0972197936703
1780755167,20,POST,/api/book,14.100000,0.000000,210,330,470,540,710,950,1100,1100,1200,1200,1200,4415,0,370,933.8841414255974,91.32261600007041,6935.442493999972,3382.06160815402
1780755167,20,GET,/api/concerts,2.400000,0.000000,3,3,5,5,44,47,59,59,59,59,59,883,0,3,30.863767484706674,1.9625259999429545,1205.510871000115,753.0
1780755167,20,GET,/health,0.900000,0.000000,2,3,3,3,3,6,6,6,6,6,6,431,0,3,18.71429073781553,2.017066000007617,885.8155679999982,57.0
1780755167,20,,Aggregated,17.400000,0.000000,160,260,350,430,650,770,1000,1100,1200,1200,1200,5729,0,240,725.8539100001752,1.9625259999429545,6935.442493999972,2726.7006458369697
1780755168,15,POST,/api/book,14.000000,0.000000,240,350,490,540,710,950,1100,1100,1200,1200,1200,4421,0,370,932.8606173614594,91.32261600007041,6935.442493999972,3382.0551911332277
1780755168,15,GET,/api/concerts,2.600000,0.000000,3,3,5,9,44,47,59,59,59,59,59,883,0,3,30.863767484706674,1.9625259999429545,1205.510871000115,753.0
1780755168,15,GET,/health,1.100000,0.000000,2,3,3,3,3,6,6,6,6,6,6,431,0,3,18.71429073781553,2.017066000007617,885.8155679999982,57.0
1780755168,15,,Aggregated,17.700000,0.000000,170,290,360,470,650,770,1100,1100,1200,1200,1200,5735,0,240,725.2825379863999,1.9625259999429545,6935.442493999972,2727.3813426329557
1780755169,10,POST,/api/book,12.400000,0.000000,260,350,490,540,710,950,1100,1100,1200,1200,1200,4425,0,370,932.1988616852004,91.32261600007041,6935.442493999972,3382.0526553672316
1780755169,10,GET,/api/concerts,2.500000,0.000000,3,3,3,5,27,47,47,47,47,47,47,883,0,3,30.863767484706674,1.9625259999429545,1205.510871000115,753.0
1780755169,10,GET,/health,1.200000,0.000000,2,3,3,3,6,23,23,23,23,23,23,432,0,3,18.724144995366927,2.017066000007617,885.8155679999982,57.0
1780755169,10,,Aggregated,16.100000,0.000000,170,300,370,490,650,900,1100,1100,1200,1200,1200,5740,0,240,724.7946864606278,1.9625259999429545,6935.442493999972,2727.3703832752612
1780755170,5,POST,/api/book,11.700000,0.000000,230,320,380,470,650,710,900,1000,1000,1000,1000,4426,0,370,932.0570928079558,91.32261600007041,6935.442493999972,3382.0456394035245
1780755170,5,GET,/api/concerts,2.600000,0.000000,3,3,3,3,9,47,47,47,47,47,47,883,0,3,30.863767484706674,1.9625259999429545,1205.510871000115,753.0
1780755170,5,GET,/health,1.200000,0.000000,2,3,3,3,23,23,23,23,23,23,23,433,0,3,18.6864430300201,2.017066000007617,885.8155679999982,57.0
1780755170,5,,Aggregated,15.500000,0.000000,160,290,320,370,540,670,720,900,1000,1000,1000,5742,0,240,724.595720879311,1.9625259999429545,6935.442493999972,2727.0139324277256
1780755171,5,POST,/api/book,11.000000,0.000000,230,320,370,470,650,720,900,1000,1000,1000,1000,4429,0,370,931.5157104998898,91.32261600007041,6935.442493999972,3382.034093474825
1780755171,5,GET,/api/concerts,2.200000,0.000000,3,3,3,5,9,47,47,47,47,47,47,883,0,3,30.863767484706674,1.9625259999429545,1205.510871000115,753.0
1780755171,5,GET,/health,1.200000,0.000000,2,3,3,3,23,23,23,23,23,23,23,433,0,3,18.6864430300201,2.017066000007617,885.8155679999982,57.0
1780755171,5,,Aggregated,14.400000,0.000000,150,290,330,370,540,710,900,1000,1000,1000,1000,5745,0,240,724.2866872628379,1.9625259999429545,6935.442493999972,2727.3470844212356
1780755172,5,POST,/api/book,10.300000,0.000000,220,310,350,370,540,720,900,1000,1000,1000,1000,4430,0,370,931.3369171988741,91.32261600007041,6935.442493999972,3382.038600451467
1780755172,5,GET,/api/concerts,2.000000,0.000000,3,3,3,5,9,47,47,47,47,47,47,884,0,3,30.831719092755876,1.9625259999429545,1205.510871000115,753.0
1780755172,5,GET,/health,0.900000,0.000000,2,3,3,3,23,23,23,23,23,23,23,433,0,3,18.6864430300201,2.017066000007617,885.8155679999982,57.0
1780755172,5,,Aggregated,13.200000,0.000000,150,240,310,350,520,710,900,1000,1000,1000,1000,5747,0,240,724.0593375154,1.9625259999429545,6935.442493999972,2727.1209326605185
1780755173,5,POST,/api/book,8.900000,0.000000,190,300,320,360,540,720,900,1000,1000,1000,1000,4433,0,370,930.8032940248166,91.32261600007041,6935.442493999972,3382.0367696819308
1780755173,5,GET,/api/concerts,1.600000,0.000000,3,3,3,3,9,47,47,47,47,47,47,884,0,3,30.831719092755876,1.9625259999429545,1205.510871000115,753.0
1780755173,5,GET,/health,1.000000,0.000000,3,3,3,3,23,23,23,23,23,23,23,433,0,3,18.6864430300201,2.017066000007617,885.8155679999982,57.0
1780755173,5,,Aggregated,11.500000,0.000000,140,220,300,320,390,720,900,1000,1000,1000,1000,5750,0,240,723.756082073392,1.9625259999429545,6935.442493999972,2727.461217391304
1780755174,5,POST,/api/book,7.700000,0.000000,140,210,240,280,320,390,540,540,540,540,540,4435,0,370,930.4394136992137,91.32261600007041,6935.442493999972,3382.0304396843294
1780755174,5,GET,/api/concerts,1.300000,0.000000,3,3,3,3,9,9,9,9,9,9,9,884,0,3,30.831719092755876,1.9625259999429545,1205.510871000115,753.0
1780755174,5,GET,/health,0.900000,0.000000,2,3,3,3,23,23,23,23,23,23,23,433,0,3,18.6864430300201,2.017066000007617,885.8155679999982,57.0
1780755174,5,,Aggregated,9.900000,0.000000,140,140,150,230,300,350,390,540,540,540,540,5752,0,240,723.5475085650216,1.9625259999429545,6935.442493999972,2727.683936022253
1780755175,5,POST,/api/book,6.600000,0.000000,150,220,280,300,320,390,540,540,540,540,540,4438,0,370,929.9356097102326,91.32261600007041,6935.442493999972,3382.017124831005
1780755175,5,GET,/api/concerts,1.300000,0.000000,3,3,3,3,3,3,3,3,3,3,3,885,0,3,30.799828153668006,1.9625259999429545,1205.510871000115,753.0
1780755175,5,GET,/health,0.900000,0.000000,2,3,3,23,23,23,23,23,23,23,23,433,0,3,18.6864430300201,2.017066000007617,885.8155679999982,57.0
1780755175,5,,Aggregated,8.800000,0.000000,140,150,220,250,310,350,540,540,540,540,540,5756,0,240,723.1416458724816,1.9625259999429545,6935.442493999972,2727.671646977067
1780755176,5,POST,/api/book,5.400000,0.000000,140,160,240,280,320,390,540,540,540,540,540,4439,0,370,929.7584862457788,91.32261600007041,6935.442493999972,3382.0137418337463
1780755176,5,GET,/api/concerts,1.100000,0.000000,3,3,3,3,3,3,3,3,3,3,3,885,0,3,30.799828153668006,1.9625259999429545,1205.510871000115,753.0
1780755176,5,GET,/health,0.800000,0.000000,2,2,23,23,23,23,23,23,23,23,23,433,0,3,18.6864430300201,2.017066000007617,885.8155679999982,57.0
1780755176,5,,Aggregated,7.300000,0.000000,140,150,160,240,310,390,540,540,540,540,540,5757,0,240,723.0409932591634,1.9625259999429545,6935.442493999972,2727.782699322564
1780755178,5,POST,/api/book,3.700000,0.000000,140,150,160,240,280,300,300,300,300,300,300,4441,0,370,929.4028666140537,91.32261600007041,6935.442493999972,3382.020941229453
1780755178,5,GET,/api/concerts,1.000000,0.000000,3,3,3,3,3,3,3,3,3,3,3,886,0,3,30.76769383295281,1.9625259999429545,1205.510871000115,753.0
1780755178,5,GET,/health,0.700000,0.000000,23,23,23,23,23,23,23,23,23,23,23,433,0,3,18.6864430300201,2.017066000007617,885.8155679999982,57.0
1780755178,5,,Aggregated,5.400000,0.000000,140,140,150,160,250,280,300,300,300,300,300,5760,0,240,722.7134613196188,1.9625259999429545,6935.442493999972,2727.6725694444444
1780755179,5,POST,/api/book,3.400000,0.000000,140,140,150,150,250,300,300,300,300,300,300,4442,0,360,929.225285707792,91.32261600007041,6935.442493999972,3382.023187753264
1780755179,5,GET,/api/concerts,0.800000,0.000000,3,3,3,3,3,3,3,3,3,3,3,886,0,3,30.76769383295281,1.9625259999429545,1205.510871000115,753.0
1780755179,5,GET,/health,0.500000,0.000000,2,2,2,2,2,2,2,2,2,2,2,433,0,3,18.6864430300201,2.017066000007617,885.8155679999982,57.0
1780755179,5,,Aggregated,4.700000,0.000000,140,140,140,150,160,250,300,300,300,300,300,5761,0,240,722.6124154976574,1.9625259999429545,6935.442493999972,2727.7878840479084
1780755180,5,POST,/api/book,2.900000,0.000000,140,140,150,150,160,250,250,250,250,250,250,4443,0,360,929.0468737029062,91.32261600007041,6935.442493999972,3382.0274589241503
1780755180,5,GET,/api/concerts,0.500000,0.000000,3,3,3,3,3,3,3,3,3,3,3,888,0,3,30.70423042679749,1.9625259999429545,1205.510871000115,753.0
1780755180,5,GET,/health,0.400000,0.000000,2,2,2,2,2,2,2,2,2,2,2,434,0,3,18.648812896310364,2.017066000007617,885.8155679999982,57.0
1780755180,5,,Aggregated,3.800000,0.000000,140,140,140,140,150,160,250,250,250,250,250,5765,0,240,722.1360279753693,1.9625259999429545,6935.442493999972,2726.7562879444927
1780755181,5,POST,/api/book,2.600000,0.000000,140,140,140,140,160,250,250,250,250,250,250,4445,0,360,928.6900880195752,91.32261600007041,6935.442493999972,3382.018447694038
1780755181,5,GET,/api/concerts,0.300000,0.000000,3,3,3,3,3,3,3,3,3,3,3,888,0,3,30.70423042679749,1.9625259999429545,1205.510871000115,753.0
1780755181,5,GET,/health,0.200000,0.000000,2,2,2,2,2,2,2,2,2,2,2,434,0,3,18.648812896310364,2.017066000007617,885.8155679999982,57.0
1780755181,5,,Aggregated,3.100000,0.000000,140,140,140,140,150,160,250,250,250,250,250,5767,0,240,721.9327870058962,1.9625259999429545,6935.442493999972,2726.9765909485
1780755182,5,POST,/api/book,2.600000,0.000000,140,140,140,150,160,250,250,250,250,250,250,4445,0,360,928.6900880195752,91.32261600007041,6935.442493999972,3382.018447694038
1780755182,5,GET,/api/concerts,0.300000,0.000000,3,3,3,3,3,3,3,3,3,3,3,888,0,3,30.70423042679749,1.9625259999429545,1205.510871000115,753.0
1780755182,5,GET,/health,0.200000,0.000000,2,2,2,2,2,2,2,2,2,2,2,434,0,3,18.648812896310364,2.017066000007617,885.8155679999982,57.0
1780755182,5,,Aggregated,3.100000,0.000000,140,140,140,140,160,250,250,250,250,250,250,5767,0,240,721.9327870058962,1.9625259999429545,6935.442493999972,2726.9765909485
1780755183,5,POST,/api/book,1.800000,0.000000,140,150,180,180,470,520,520,520,520,520,520,4449,0,360,928.1534794398767,91.32261600007041,6935.442493999972,3382.029894358283
1780755183,5,GET,/api/concerts,0.500000,0.000000,3,3,3,3,3,3,3,3,3,3,3,888,0,3,30.70423042679749,1.9625259999429545,1205.510871000115,753.0
1780755183,5,GET,/health,0.200000,0.000000,2,2,2,2,2,2,2,2,2,2,2,434,0,3,18.648812896310364,2.017066000007617,885.8155679999982,57.0
1780755183,5,,Aggregated,2.500000,0.000000,140,140,150,160,250,470,520,520,520,520,520,5771,0,240,721.6624105777167,1.9625259999429545,6935.442493999972,2727.439438572171
1780755184,5,POST,/api/book,1.800000,0.000000,140,150,180,250,470,520,520,520,520,520,520,4450,0,360,927.9761340759576,91.32261600007041,6935.442493999972,3382.04
1780755184,5,GET,/api/concerts,0.500000,0.000000,3,3,3,3,3,3,3,3,3,3,3,888,0,3,30.70423042679749,1.9625259999429545,1205.510871000115,753.0
1780755184,5,GET,/health,0.100000,0.000000,14,14,14,14,14,14,14,14,14,14,14,435,0,3,18.63789728045702,2.017066000007617,885.8155679999982,57.0
1780755184,5,,Aggregated,2.400000,0.000000,140,140,150,160,250,470,520,520,520,520,520,5773,0,240,721.4388772863335,1.9625259999429545,6935.442493999972,2727.09804261216
1780755185,5,POST,/api/book,1.600000,0.000000,140,140,150,180,470,520,520,520,520,520,520,4451,0,360,927.7944429083378,91.32261600007041,6935.442493999972,3382.0345989665243
1780755185,5,GET,/api/concerts,0.500000,0.000000,3,3,3,3,3,3,3,3,3,3,3,888,0,3,30.70423042679749,1.9625259999429545,1205.510871000115,753.0
1780755185,5,GET,/health,0.100000,0.000000,2,2,14,14,14,14,14,14,14,14,14,436,0,3,18.600572688070812,2.017066000007617,885.8155679999982,57.0
1780755185,5,,Aggregated,2.200000,0.000000,140,140,140,150,470,520,520,520,520,520,520,5775,0,240,721.2100903369702,1.9625259999429545,6935.442493999972,2726.744935064935
1780755186,5,POST,/api/book,1.900000,0.000000,140,140,150,180,470,520,520,520,520,520,520,4454,0,360,927.2570317002719,91.32261600007041,6935.442493999972,3382.0435563538394
1780755186,5,GET,/api/concerts,0.400000,0.000000,3,3,3,3,3,3,3,3,3,3,3,888,0,3,30.70423042679749,1.9625259999429545,1205.510871000115,753.0
1780755186,5,GET,/health,0.100000,0.000000,2,2,14,14,14,14,14,14,14,14,14,436,0,3,18.600572688070812,2.017066000007617,885.8155679999982,57.0
1780755186,5,,Aggregated,2.400000,0.000000,140,140,140,140,180,470,520,520,520,520,520,5778,0,240,720.9030850647288,1.9625259999429545,6935.442493999972,2727.092073381793
1780755187,5,POST,/api/book,1.700000,0.000000,140,140,150,180,470,520,520,520,520,520,520,4456,0,360,926.8970968931803,91.32261600007041,6935.442493999972,3382.0478007181327
1780755187,5,GET,/api/concerts,0.400000,0.000000,3,3,3,3,3,3,3,3,3,3,3,888,0,3,30.70423042679749,1.9625259999429545,1205.510871000115,753.0
1780755187,5,GET,/health,0.200000,0.000000,2,2,14,14,14,14,14,14,14,14,14,436,0,3,18.600572688070812,2.017066000007617,885.8155679999982,57.0
1780755187,5,,Aggregated,2.300000,0.000000,140,140,140,150,470,520,520,520,520,520,520,5780,0,240,720.697001741696,1.9625259999429545,6935.442493999972,2727.3219723183392
1780755188,5,POST,/api/book,1.600000,0.000000,140,140,150,180,470,520,520,520,520,520,520,4457,0,360,926.7206285023584,91.32261600007041,6935.442493999972,3382.0475656271033
1780755188,5,GET,/api/concerts,0.400000,0.000000,3,3,3,3,3,3,3,3,3,3,3,888,0,3,30.70423042679749,1.9625259999429545,1205.510871000115,753.0
1780755188,5,GET,/health,0.300000,0.000000,2,2,14,14,14,14,14,14,14,14,14,436,0,3,18.600572688070812,2.017066000007617,885.8155679999982,57.0
1780755188,5,,Aggregated,2.300000,0.000000,140,140,140,150,470,520,520,520,520,520,520,5781,0,240,720.5966178076462,1.9625259999429545,6935.442493999972,2727.4350458398203
1780755189,5,POST,/api/book,1.600000,0.000000,140,140,140,150,470,520,520,520,520,520,520,4462,0,360,925.8274452776807,91.32261600007041,6935.442493999972,3382.0614074406094
1780755189,5,GET,/api/concerts,0.300000,0.000000,3,3,3,3,3,3,3,3,3,3,3,888,0,3,30.70423042679749,1.9625259999429545,1205.510871000115,753.0
1780755189,5,GET,/health,0.300000,0.000000,2,2,14,14,14,14,14,14,14,14,14,436,0,3,18.600572688070812,2.017066000007617,885.8155679999982,57.0
1780755189,5,,Aggregated,2.200000,0.000000,140,140,140,140,180,470,520,520,520,520,520,5786,0,240,720.0859431628073,1.9625259999429545,6935.442493999972,2728.0114068441067
1780755190,5,POST,/api/book,1.700000,0.000000,140,140,140,140,180,470,520,520,520,520,520,4464,0,360,925.4750327134881,91.32261600007041,6935.442493999972,3382.0461469534052
1780755190,5,GET,/api/concerts,0.300000,0.000000,3,3,3,3,3,3,3,3,3,3,3,888,0,3,30.70423042679749,1.9625259999429545,1205.510871000115,753.0
1780755190,5,GET,/health,0.300000,0.000000,2,2,14,14,14,14,14,14,14,14,14,436,0,3,18.600572688070812,2.017066000007617,885.8155679999982,57.0
1780755190,5,,Aggregated,2.300000,0.000000,140,140,140,140,180,470,520,520,520,520,520,5788,0,240,719.88523710159,1.9625259999429545,6935.442493999972,2728.2256392536283
1780755191,5,POST,/api/book,1.600000,0.000000,140,140,140,140,180,470,520,520,520,520,520,4466,0,360,925.1228496271856,91.32261600007041,6935.442493999972,3382.050828481863
1780755191,5,GET,/api/concerts,0.200000,0.000000,3,3,3,3,3,3,3,3,3,3,3,888,0,3,30.70423042679749,1.9625259999429545,1205.510871000115,753.0
1780755191,5,GET,/health,0.300000,0.000000,14,14,14,14,14,14,14,14,14,14,14,436,0,3,18.600572688070812,2.017066000007617,885.8155679999982,57.0
1780755191,5,,Aggregated,2.100000,0.000000,140,140,140,140,180,470,520,520,520,520,520,5790,0,240,719.6846032376516,1.9625259999429545,6935.442493999972,2728.4550949913646
1780755192,5,POST,/api/book,2.000000,0.000000,140,140,140,140,140,140,140,140,140,140,140,4469,0,360,924.5963306997114,91.32261600007041,6935.442493999972,3382.0465428507496
1780755192,5,GET,/api/concerts,0.200000,0.000000,3,3,3,3,3,3,3,3,3,3,3,888,0,3,30.70423042679749,1.9625259999429545,1205.510871000115,753.0
1780755192,5,GET,/health,0.300000,0.000000,14,14,14,14,14,14,14,14,14,14,14,436,0,3,18.600572688070812,2.017066000007617,885.8155679999982,57.0
1780755192,5,,Aggregated,2.500000,0.000000,140,140,140,140,140,140,140,140,140,140,140,5793,0,240,719.384810669429,1.9625259999429545,6935.442493999972,2728.790264111859
1780755193,5,POST,/api/book,2.100000,0.000000,140,140,140,140,140,140,140,140,140,140,140,4470,0,360,924.4208118114117,91.32261600007041,6935.442493999972,3382.044966442953
1780755193,5,GET,/api/concerts,0.000000,0.000000,3,3,3,3,3,3,3,3,3,3,3,888,0,3,30.70423042679749,1.9625259999429545,1205.510871000115,753.0
1780755193,5,GET,/health,0.200000,0.000000,2,2,2,2,2,2,2,2,2,2,2,437,0,3,18.56335411899075,2.017066000007617,885.8155679999982,57.0
1780755193,5,,Aggregated,2.300000,0.000000,140,140,140,140,140,140,140,140,140,140,140,5795,0,240,719.1610994246769,1.9625259999429545,6935.442493999972,2728.4407247627264
1780755194,5,POST,/api/book,2.100000,0.000000,140,140,140,140,140,140,150,150,150,150,150,4474,0,360,923.7110894108205,91.32261600007041,6935.442493999972,3382.0590075994637
1780755194,5,GET,/api/concerts,0.000000,0.000000,3,3,3,3,3,3,3,3,3,3,3,888,0,3,30.70423042679749,1.9625259999429545,1205.510871000115,753.0
1780755194,5,GET,/health,0.200000,0.000000,2,2,2,2,2,2,2,2,2,2,2,437,0,3,18.56335411899075,2.017066000007617,885.8155679999982,57.0
1780755194,5,,Aggregated,2.300000,0.000000,140,140,140,140,140,140,150,150,150,150,150,5799,0,240,718.7551226751168,1.9625259999429545,6935.442493999972,2728.902396964994
1780755195,5,POST,/api/book,2.400000,0.000000,140,140,140,140,140,150,150,150,150,150,150,4474,0,360,923.7110894108205,91.32261600007041,6935.442493999972,3382.0590075994637
1780755195,5,GET,/api/concerts,0.000000,0.000000,3,3,3,3,3,3,3,3,3,3,3,889,0,3,30.672552856013517,1.9625259999429545,1205.510871000115,753.0
1780755195,5,GET,/health,0.200000,0.000000,2,2,2,2,2,2,2,2,2,2,2,437,0,3,18.56335411899075,2.017066000007617,885.8155679999982,57.0
1780755195,5,,Aggregated,2.600000,0.000000,140,140,140,140,140,140,150,150,150,150,150,5800,0,240,718.631637803966,1.9625259999429545,6935.442493999972,2728.561724137931
1780755196,5,POST,/api/book,2.400000,0.000000,140,140,140,140,140,140,150,150,150,150,150,4477,0,360,923.1790513625219,91.32261600007041,6935.442493999972,3382.045119499665
1780755196,5,GET,/api/concerts,0.000000,0.000000,3,3,3,3,3,3,3,3,3,3,3,890,0,3,30.641011979770692,1.9625259999429545,1205.510871000115,753.0
1780755196,5,GET,/health,0.200000,0.000000,2,2,2,2,2,2,2,2,2,2,2,437,0,3,18.56335411899075,2.017066000007617,885.8155679999982,57.0
1780755196,5,,Aggregated,2.600000,0.000000,140,140,140,140,140,140,150,150,150,150,150,5804,0,240,718.2038765268784,1.9625259999429545,6935.442493999972,2728.548414886285
1780755197,5,POST,/api/book,2.400000,0.000000,140,140,140,140,140,140,150,150,150,150,150,4478,0,360,923.0049153039328,91.32261600007041,6935.442493999972,3382.0464493077266
1780755197,5,GET,/api/concerts,0.000000,0.000000,3,3,3,3,3,3,3,3,3,3,3,891,0,3,30.60943538271144,1.9625259999429545,1205.510871000115,753.0
1780755197,5,GET,/health,0.200000,0.000000,2,2,2,2,2,2,2,2,2,2,2,437,0,3,18.56335411899075,2.017066000007617,885.8155679999982,57.0
1780755197,5,,Aggregated,2.600000,0.000000,140,140,140,140,140,140,150,150,150,150,150,5806,0,240,717.98160582277,1.9625259999429545,6935.442493999972,2728.3217361350326
1780755198,5,POST,/api/book,2.300000,0.000000,140,140,140,140,140,150,150,150,150,150,150,4479,0,360,922.8303579517774,91.32261600007041,6935.442493999972,3382.0435365036838
1780755198,5,GET,/api/concerts,0.100000,0.000000,3,3,3,3,3,3,3,3,3,3,3,892,0,3,30.577949233179435,1.9625259999429545,1205.510871000115,753.0
1780755198,5,GET,/health,0.100000,0.000000,2,2,2,2,2,2,2,2,2,2,2,437,0,3,18.56335411899075,2.017066000007617,885.8155679999982,57.0
1780755198,5,,Aggregated,2.500000,0.000000,140,140,140,140,140,140,150,150,150,150,150,5808,0,240,717.7591063588159,1.9625259999429545,6935.442493999972,2728.09194214876
1780755199,5,POST,/api/book,2.200000,0.000000,140,140,140,140,140,150,150,150,150,150,150,4481,0,360,922.4818161707233,91.32261600007041,6935.442493999972,3382.053782637804
1780755199,5,GET,/api/concerts,0.200000,0.000000,3,3,3,3,3,3,3,3,3,3,3,893,0,3,30.5465025106339,1.9625259999429545,1205.510871000115,753.0
1780755199,5,GET,/health,0.100000,0.000000,2,2,2,2,2,2,2,2,2,2,2,437,0,3,18.56335411899075,2.017066000007617,885.8155679999982,57.0
1780755199,5,,Aggregated,2.500000,0.000000,140,140,140,140,140,140,150,150,150,150,150,5811,0,240,717.437830107211,1.9625259999429545,6935.442493999972,2727.9850283944243
1780755200,5,POST,/api/book,2.200000,0.000000,140,140,140,140,140,150,150,150,150,150,150,4483,0,360,922.1315726897191,91.32261600007041,6935.442493999972,3382.06491188936
1780755200,5,GET,/api/concerts,0.300000,0.000000,3,3,3,3,3,3,3,3,3,3,3,893,0,3,30.5465025106339,1.9625259999429545,1205.510871000115,753.0
1780755200,5,GET,/health,0.100000,0.000000,2,2,2,2,2,2,2,2,2,2,2,437,0,3,18.56335411899075,2.017066000007617,885.8155679999982,57.0
1780755200,5,,Aggregated,2.600000,0.000000,140,140,140,140,140,140,150,150,150,150,150,5813,0,240,717.2382681679,1.9625259999429545,6935.442493999972,2728.218647858249
1780755201,5,POST,/api/book,1.900000,0.000000,140,140,140,140,350,360,360,360,360,360,360,4487,0,360,921.5203660817942,91.32261600007041,6935.442493999972,3382.0603967015822
1780755201,5,GET,/api/concerts,0.500000,0.000000,3,3,3,3,3,3,3,3,3,3,3,893,0,3,30.5465025106339,1.9625259999429545,1205.510871000115,753.0
1780755201,5,GET,/health,0.100000,0.000000,2,2,2,2,2,2,2,2,2,2,2,437,0,3,18.56335411899075,2.017066000007617,885.8155679999982,57.0
1780755201,5,,Aggregated,2.500000,0.000000,140,140,140,140,150,350,360,360,360,360,360,5817,0,240,716.907700722194,1.9625259999429545,6935.442493999972,2728.6647756575553
1780755202,5,POST,/api/book,1.900000,0.000000,140,140,140,140,350,360,360,360,360,360,360,4488,0,360,921.3447680430058,91.32261600007041,6935.442493999972,3382.053475935829
1780755202,5,GET,/api/concerts,0.500000,0.000000,3,3,3,3,3,3,3,3,3,3,3,893,0,3,30.5465025106339,1.9625259999429545,1205.510871000115,753.0
1780755202,5,GET,/health,0.100000,0.000000,2,2,2,2,2,2,2,2,2,2,2,437,0,3,18.56335411899075,2.017066000007617,885.8155679999982,57.0
1780755202,5,,Aggregated,2.500000,0.000000,140,140,140,140,150,350,360,360,360,360,360,5818,0,240,716.8074134529052,1.9625259999429545,6935.442493999972,2728.771742866965
1780755203,5,POST,/api/book,1.900000,0.000000,140,140,140,140,350,360,360,360,360,360,360,4489,0,360,921.1708552258879,91.32261600007041,6935.442493999972,3382.0507908220093
1780755203,5,GET,/api/concerts,0.500000,0.000000,3,3,3,3,3,3,3,3,3,3,3,894,0,3,30.515207661069507,1.9625259999429545,1205.510871000115,753.0
1780755203,5,GET,/health,0.100000,0.000000,2,2,2,2,2,2,2,2,2,2,2,438,0,3,18.526396529677918,2.017066000007617,885.8155679999982,57.0
1780755203,5,,Aggregated,2.500000,0.000000,130,140,140,140,140,350,360,360,360,360,360,5821,0,240,716.4630005906206,1.9625259999429545,6935.442493999972,2728.083490809139
1780755204,5,POST,/api/book,2.000000,0.000000,140,140,140,140,350,360,360,360,360,360,360,4491,0,360,920.8225940431998,91.32261600007041,6935.442493999972,3382.0280561122245
1780755204,5,GET,/api/concerts,0.500000,0.000000,3,3,3,3,3,3,3,3,3,3,3,895,0,3,30.484002040219163,1.9625259999429545,1205.510871000115,753.0
1780755204,5,GET,/health,0.100000,0.000000,2,2,2,2,2,2,2,2,2,2,2,438,0,3,18.526396529677918,2.017066000007617,885.8155679999982,57.0
1780755204,5,,Aggregated,2.600000,0.000000,140,140,140,140,140,350,360,360,360,360,360,5824,0,240,716.1421726225966,1.9625259999429545,6935.442493999972,2727.951407967033
1780755205,5,POST,/api/book,1.900000,0.000000,140,140,140,140,350,360,360,360,360,360,360,4491,0,360,920.8225940431998,91.32261600007041,6935.442493999972,3382.0280561122245
1780755205,5,GET,/api/concerts,0.500000,0.000000,3,3,3,3,3,3,3,3,3,3,3,895,0,3,30.484002040219163,1.9625259999429545,1205.510871000115,753.0
1780755205,5,GET,/health,0.100000,0.000000,2,2,2,2,2,2,2,2,2,2,2,439,0,3,18.489583378129453,2.017066000007617,885.8155679999982,57.0
1780755205,5,,Aggregated,2.500000,0.000000,130,140,140,140,140,350,360,360,360,360,360,5825,0,240,716.0196358415454,1.9625259999429545,6935.442493999972,2727.492875536481
1780755206,5,POST,/api/book,1.900000,0.000000,140,140,140,140,350,360,360,360,360,360,360,4493,0,360,920.4733593049211,91.32261600007041,6935.442493999972,3382.040284887603
1780755206,5,GET,/api/concerts,0.600000,0.000000,3,3,3,3,3,3,3,3,3,3,3,895,0,3,30.484002040219163,1.9625259999429545,1205.510871000115,753.0
1780755206,5,GET,/health,0.100000,0.000000,2,2,3,3,3,3,3,3,3,3,3,440,0,3,18.45327313408828,2.017066000007617,885.8155679999982,57.0
1780755206,5,,Aggregated,2.600000,0.000000,130,140,140,140,140,350,360,360,360,360,360,5828,0,240,715.6982541801651,1.9625259999429545,6935.442493999972,2727.2687028140012
1780755207,5,POST,/api/book,1.700000,0.000000,140,140,140,140,350,360,360,360,360,360,360,4495,0,360,920.1265237550635,91.32261600007041,6935.442493999972,3382.0369299221356
1780755207,5,GET,/api/concerts,0.700000,0.000000,3,3,3,3,3,3,3,3,3,3,3,895,0,3,30.484002040219163,1.9625259999429545,1205.510871000115,753.0
1780755207,5,GET,/health,0.100000,0.000000,2,2,3,3,3,3,3,3,3,3,3,440,0,3,18.45327313408828,2.017066000007617,885.8155679999982,57.0
1780755207,5,,Aggregated,2.500000,0.000000,140,140,140,140,140,350,360,360,360,360,360,5830,0,240,715.5010885564327,1.9625259999429545,6935.442493999972,2727.4907375643224
1780755208,5,POST,/api/book,1.700000,0.000000,140,140,140,140,350,360,360,360,360,360,360,4498,0,360,919.5983366920879,91.32261600007041,6935.442493999972,3382.0377945753667
1780755208,5,GET,/api/concerts,0.600000,0.000000,3,3,3,3,3,3,3,3,3,3,3,895,0,3,30.484002040219163,1.9625259999429545,1205.510871000115,753.0
1780755208,5,GET,/health,0.200000,0.000000,2,2,3,3,3,3,3,3,3,3,3,440,0,3,18.45327313408828,2.017066000007617,885.8155679999982,57.0
1780755208,5,,Aggregated,2.500000,0.000000,140,140,140,140,140,350,360,360,360,360,360,5833,0,240,715.1990297352996,1.9625259999429545,6935.442493999972,2727.8280473169893
1780755209,5,POST,/api/book,1.700000,0.000000,140,140,140,140,350,360,360,360,360,360,360,4499,0,360,919.4253440440123,91.32261600007041,6935.442493999972,3382.048899755501
1780755209,5,GET,/api/concerts,0.500000,0.000000,3,3,3,3,3,3,3,3,3,3,3,896,0,3,30.452785986602755,1.9625259999429545,1205.510871000115,753.0
1780755209,5,GET,/health,0.300000,0.000000,2,2,3,3,3,3,3,3,3,3,3,440,0,3,18.45327313408828,2.017066000007617,885.8155679999982,57.0
1780755209,5,,Aggregated,2.500000,0.000000,140,140,140,140,140,350,360,360,360,360,360,5835,0,240,714.9785362942592,1.9625259999429545,6935.442493999972,2727.61028277635
1780755210,5,POST,/api/book,1.700000,0.000000,140,140,140,140,140,140,140,140,140,140,140,4500,0,360,919.2465561202247,91.32261600007041,6935.442493999972,3382.051111111111
1780755210,5,GET,/api/concerts,0.400000,0.000000,3,3,3,3,3,3,3,3,3,3,3,897,0,3,30.42177547714167,1.9625259999429545,1205.510871000115,753.0
1780755210,5,GET,/health,0.300000,0.000000,2,2,3,3,3,3,3,3,3,3,3,440,0,3,18.45327313408828,2.017066000007617,885.8155679999982,57.0
1780755210,5,,Aggregated,2.400000,0.000000,130,140,140,140,140,140,140,140,140,140,140,5837,0,230,714.7536877373656,1.9625259999429545,6935.442493999972,2727.3858146308035
1780755211,5,POST,/api/book,1.800000,0.000000,140,140,140,140,140,140,140,140,140,140,140,4502,0,360,918.9005941941385,91.32261600007041,6935.442493999972,3382.0666370502
1780755211,5,GET,/api/concerts,0.300000,0.000000,3,3,3,3,3,3,3,3,3,3,3,898,0,3,30.39068540645436,1.9625259999429545,1205.510871000115,753.0
1780755211,5,GET,/health,0.300000,0.000000,2,2,3,3,3,3,3,3,3,3,3,440,0,3,18.45327313408828,2.017066000007617,885.8155679999982,57.0
1780755211,5,,Aggregated,2.400000,0.000000,140,140,140,140,140,140,140,140,140,140,140,5840,0,230,714.4350600575349,1.9625259999429545,6935.442493999972,2727.283904109589
1780755212,5,POST,/api/book,1.800000,0.000000,140,140,140,140,140,140,140,140,140,140,140,4503,0,360,918.7277302111951,91.32261600007041,6935.442493999972,3382.0750610703976
1780755212,5,GET,/api/concerts,0.300000,0.000000,3,3,3,3,3,3,3,3,3,3,3,899,0,3,30.35946863514563,1.9625259999429545,1205.510871000115,753.0
1780755212,5,GET,/health,0.300000,0.000000,2,2,3,3,3,3,3,3,3,3,3,440,0,3,18.45327313408828,2.017066000007617,885.8155679999982,57.0
1780755212,5,,Aggregated,2.400000,0.000000,140,140,140,140,140,140,140,140,140,140,140,5842,0,230,714.2149215376589,1.9625259999429545,6935.442493999972,2727.0645326942827
1780755213,5,POST,/api/book,1.700000,0.000000,140,140,140,140,140,140,140,140,140,140,140,4504,0,360,918.5549038521341,91.32261600007041,6935.442493999972,3382.0821492007103
1780755213,5,GET,/api/concerts,0.400000,0.000000,3,3,3,3,3,3,3,3,3,3,3,900,0,3,30.329382352217493,1.9625259999429545,1205.510871000115,753.0
1780755213,5,GET,/health,0.300000,0.000000,3,3,3,3,3,3,3,3,3,3,3,440,0,3,18.45327313408828,2.017066000007617,885.8155679999982,57.0
1780755213,5,,Aggregated,2.400000,0.000000,140,140,140,140,140,140,140,140,140,140,140,5844,0,230,713.9950669483236,1.9625259999429545,6935.442493999972,2726.8442847364818
1780755214,5,POST,/api/book,1.500000,0.000000,140,140,140,140,140,140,140,140,140,140,140,4504,0,360,918.5549038521341,91.32261600007041,6935.442493999972,3382.0821492007103
1780755214,5,GET,/api/concerts,0.500000,0.000000,3,3,3,3,3,3,3,3,3,3,3,901,0,3,30.29834635515623,1.9625259999429545,1205.510871000115,753.0
1780755214,5,GET,/health,0.300000,0.000000,3,3,3,3,3,3,3,3,3,3,3,442,0,3,18.381317427598976,2.017066000007617,885.8155679999982,57.0
1780755214,5,,Aggregated,2.300000,0.000000,130,140,140,140,140,140,140,140,140,140,140,5847,0,230,713.6300050143669,1.9625259999429545,6935.442493999972,2725.593466735078
1780755215,5,POST,/api/book,1.500000,0.000000,140,140,140,140,170,200,200,200,200,200,200,4506,0,360,918.2301096637841,91.32261600007041,6935.442493999972,3382.0732356857525
1780755215,5,GET,/api/concerts,0.600000,0.000000,3,3,3,3,3,3,3,3,3,3,3,901,0,3,30.29834635515623,1.9625259999429545,1205.510871000115,753.0
1780755215,5,GET,/health,0.300000,0.000000,3,3,3,3,3,3,3,3,3,3,3,442,0,3,18.381317427598976,2.017066000007617,885.8155679999982,57.0
1780755215,5,,Aggregated,2.400000,0.000000,140,140,140,140,140,170,200,200,200,200,200,5849,0,230,713.4498592090961,1.9625259999429545,6935.442493999972,2725.811078816892
1780755216,5,POST,/api/book,1.300000,0.000000,140,140,170,200,230,250,250,250,250,250,250,4508,0,360,917.9287833722296,91.32261600007041,6935.442493999972,3382.089174800355
1780755216,5,GET,/api/concerts,0.600000,0.000000,3,3,3,3,3,3,3,3,3,3,3,902,0,3,30.267436786026373,1.9625259999429545,1205.510871000115,753.0
1780755216,5,GET,/health,0.400000,0.000000,3,3,3,3,3,3,3,3,3,3,3,442,0,3,18.381317427598976,2.017066000007617,885.8155679999982,57.0
1780755216,5,,Aggregated,2.300000,0.000000,140,140,140,140,200,230,250,250,250,250,250,5852,0,230,713.1662210741632,1.9625259999429545,6935.442493999972,2725.7105263157896
1780755217,5,POST,/api/book,1.300000,0.000000,140,140,200,200,230,250,250,250,250,250,250,4510,0,360,917.5849385239494,91.32261600007041,6935.442493999972,3382.080931263858
1780755217,5,GET,/api/concerts,0.600000,0.000000,3,3,3,3,3,3,3,3,3,3,3,902,0,3,30.267436786026373,1.9625259999429545,1205.510871000115,753.0
1780755217,5,GET,/health,0.400000,0.000000,3,3,3,3,3,3,3,3,3,3,3,442,0,3,18.381317427598976,2.017066000007617,885.8155679999982,57.0
1780755217,5,,Aggregated,2.300000,0.000000,140,140,140,140,200,230,250,250,250,250,250,5854,0,230,712.971274859413,1.9625259999429545,6935.442493999972,2725.928425008541
1780755218,5,POST,/api/book,1.400000,0.000000,140,140,170,200,230,250,250,250,250,250,250,4512,0,360,917.2409818328927,91.32261600007041,6935.442493999972,3382.0913120567375
1780755218,5,GET,/api/concerts,0.700000,0.000000,3,3,3,3,3,3,3,3,3,3,3,902,0,3,30.267436786026373,1.9625259999429545,1205.510871000115,753.0
1780755218,5,GET,/health,0.200000,0.000000,3,3,3,3,3,3,3,3,3,3,3,442,0,3,18.381317427598976,2.017066000007617,885.8155679999982,57.0
1780755218,5,,Aggregated,2.300000,0.000000,140,140,140,140,200,230,250,250,250,250,250,5856,0,230,712.7761407640033,1.9625259999429545,6935.442493999972,2726.160519125683
1780755219,5,POST,/api/book,1.500000,0.000000,140,140,170,200,230,250,250,250,250,250,250,4514,0,360,916.8945950826346,91.32261600007041,6935.442493999972,3382.083074878157
1780755219,5,GET,/api/concerts,0.700000,0.000000,2,3,3,3,3,3,3,3,3,3,3,902,0,3,30.267436786026373,1.9625259999429545,1205.510871000115,753.0
1780755219,5,GET,/health,0.200000,0.000000,3,3,3,3,3,3,3,3,3,3,3,442,0,3,18.381317427598976,2.017066000007617,885.8155679999982,57.0
1780755219,5,,Aggregated,2.400000,0.000000,140,140,140,140,200,230,250,250,250,250,250,5858,0,230,712.5790325174129,1.9625259999429545,6935.442493999972,2726.3781153977466
1780755220,5,POST,/api/book,1.500000,0.000000,140,140,170,200,230,250,250,250,250,250,250,4514,0,360,916.8945950826346,91.32261600007041,6935.442493999972,3382.083074878157
1780755220,5,GET,/api/concerts,0.700000,0.000000,2,2,3,3,3,3,3,3,3,3,3,902,0,3,30.267436786026373,1.9625259999429545,1205.510871000115,753.0
1780755220,5,GET,/health,0.200000,0.000000,2,2,3,3,3,3,3,3,3,3,3,443,0,3,18.3453781196361,2.017066000007617,885.8155679999982,57.0
1780755220,5,,Aggregated,2.400000,0.000000,140,140,140,170,230,250,250,250,250,250,250,5859,0,230,712.4578311471249,1.9625259999429545,6935.442493999972,2725.9225123741253
1780755221,5,POST,/api/book,1.400000,0.000000,140,140,170,200,230,250,250,250,250,250,250,4517,0,360,916.3736435992943,91.32261600007041,6935.442493999972,3382.0646446756696
1780755221,5,GET,/api/concerts,0.600000,0.000000,3,3,3,3,3,3,3,3,3,3,3,903,0,3,30.237049627902405,1.9625259999429545,1205.510871000115,753.0
1780755221,5,GET,/health,0.200000,0.000000,3,3,3,3,3,3,3,3,3,3,3,444,0,3,18.310403745492554,2.017066000007617,885.8155679999982,57.0
1780755221,5,,Aggregated,2.200000,0.000000,140,140,140,140,200,230,250,250,250,250,250,5864,0,230,711.9191035496256,1.9625259999429545,6935.442493999972,2725.4524215552524
1780755222,5,POST,/api/book,1.400000,0.000000,140,140,170,200,230,250,250,250,250,250,250,4518,0,360,916.2021523366561,91.32261600007041,6935.442493999972,3382.067286409916
1780755222,5,GET,/api/concerts,0.600000,0.000000,2,2,3,3,3,3,3,3,3,3,3,903,0,3,30.237049627902405,1.9625259999429545,1205.510871000115,753.0
1780755222,5,GET,/health,0.200000,0.000000,3,3,3,3,3,3,3,3,3,3,3,444,0,3,18.310403745492554,2.017066000007617,885.8155679999982,57.0
1780755222,5,,Aggregated,2.200000,0.000000,140,140,140,140,200,230,250,250,250,250,250,5865,0,230,711.8218583689692,1.9625259999429545,6935.442493999972,2725.566410912191
1780755223,5,POST,/api/book,1.400000,0.000000,140,140,170,170,230,250,250,250,250,250,250,4520,0,360,915.848021826109,91.32261600007041,6935.442493999972,3382.054867256637
1780755223,5,GET,/api/concerts,0.500000,0.000000,2,2,3,3,3,3,3,3,3,3,3,903,0,3,30.237049627902405,1.9625259999429545,1205.510871000115,753.0
1780755223,5,GET,/health,0.300000,0.000000,3,3,3,3,3,3,3,3,3,3,3,444,0,3,18.310403745492554,2.017066000007617,885.8155679999982,57.0
1780755223,5,,Aggregated,2.200000,0.000000,140,140,140,170,230,250,250,250,250,250,250,5867,0,230,711.6187035505377,1.9625259999429545,6935.442493999972,2725.7806374637803
1780755224,5,POST,/api/book,1.500000,0.000000,140,140,180,180,250,260,260,260,260,260,260,4522,0,350,915.5396203635586,91.32261600007041,6935.442493999972,3382.0451127819547
1780755224,5,GET,/api/concerts,0.500000,0.000000,3,3,3,3,3,3,3,3,3,3,3,903,0,3,30.237049627902405,1.9625259999429545,1205.510871000115,753.0
1780755224,5,GET,/health,0.400000,0.000000,3,3,3,3,3,3,3,3,3,3,3,445,0,3,18.275137411233423,2.017066000007617,885.8155679999982,57.0
1780755224,5,,Aggregated,2.400000,0.000000,140,140,140,140,230,250,260,260,260,260,260,5870,0,230,711.3299242327095,1.9625259999429545,6935.442493999972,2725.5420783645654
1780755225,5,POST,/api/book,1.500000,0.000000,140,140,140,140,250,260,260,260,260,260,260,4524,0,350,915.1901335881989,91.32261600007041,6935.442493999972,3382.03691423519
1780755225,5,GET,/api/concerts,0.400000,0.000000,3,3,3,3,3,3,3,3,3,3,3,903,0,3,30.237049627902405,1.9625259999429545,1205.510871000115,753.0
1780755225,5,GET,/health,0.400000,0.000000,3,3,3,3,3,3,3,3,3,3,3,445,0,3,18.275137411233423,2.017066000007617,885.8155679999982,57.0
1780755225,5,,Aggregated,2.300000,0.000000,140,140,140,140,180,250,260,260,260,260,260,5872,0,230,711.130220762092,1.9625259999429545,6935.442493999972,2725.7593664850137
1780755226,5,POST,/api/book,1.600000,0.000000,140,140,140,180,290,300,300,300,300,300,300,4527,0,350,914.7373192829716,91.32261600007041,6935.442493999972,3382.0298210735587
1780755226,5,GET,/api/concerts,0.300000,0.000000,3,3,3,3,3,3,3,3,3,3,3,903,0,3,30.237049627902405,1.9625259999429545,1205.510871000115,753.0
1780755226,5,GET,/health,0.400000,0.000000,3,3,3,3,3,3,3,3,3,3,3,445,0,3,18.275137411233423,2.017066000007617,885.8155679999982,57.0
1780755226,5,,Aggregated,2.300000,0.000000,140,140,140,140,260,290,300,300,300,300,300,5875,0,230,710.8855040605965,1.9625259999429545,6935.442493999972,2726.0890212765958
1780755227,5,POST,/api/book,1.800000,0.000000,140,140,140,180,290,300,300,300,300,300,300,4529,0,350,914.3946481759798,91.32261600007041,6935.442493999972,3382.0326782954294
1780755227,5,GET,/api/concerts,0.200000,0.000000,3,3,3,3,3,3,3,3,3,3,3,903,0,3,30.237049627902405,1.9625259999429545,1205.510871000115,753.0
1780755227,5,GET,/health,0.300000,0.000000,3,3,3,3,3,3,3,3,3,3,3,445,0,3,18.275137411233423,2.017066000007617,885.8155679999982,57.0
1780755227,5,,Aggregated,2.300000,0.000000,140,140,140,140,260,290,300,300,300,300,300,5877,0,230,710.6908037350697,1.9625259999429545,6935.442493999972,2726.314446145993
1780755228,5,POST,/api/book,2.000000,0.000000,140,140,230,260,290,300,300,300,300,300,300,4533,0,350,913.759465428196,91.32261600007041,6935.442493999972,3382.032208250607
1780755228,5,GET,/api/concerts,0.100000,0.000000,3,3,3,3,3,3,3,3,3,3,3,903,0,3,30.237049627902405,1.9625259999429545,1205.510871000115,753.0
1780755228,5,GET,/health,0.300000,0.000000,3,3,3,3,3,3,3,3,3,3,3,445,0,3,18.275137411233423,2.017066000007617,885.8155679999982,57.0
1780755228,5,,Aggregated,2.400000,0.000000,140,140,180,230,270,290,300,300,300,300,300,5881,0,230,710.3397634327504,1.9625259999429545,6935.442493999972,2726.760074817208
1780755229,5,POST,/api/book,2.000000,0.000000,140,140,230,260,290,300,300,300,300,300,300,4534,0,350,913.5880268067958,91.32261600007041,6935.442493999972,3382.0416850463166
1780755229,5,GET,/api/concerts,0.100000,0.000000,3,3,3,3,3,3,3,3,3,3,3,903,0,3,30.237049627902405,1.9625259999429545,1205.510871000115,753.0
1780755229,5,GET,/health,0.300000,0.000000,3,3,3,3,3,3,3,3,3,3,3,445,0,3,18.275137411233423,2.017066000007617,885.8155679999982,57.0
1780755229,5,,Aggregated,2.400000,0.000000,140,140,180,230,270,290,300,300,300,300,300,5882,0,230,710.2421974675289,1.9625259999429545,6935.442493999972,2726.8787827269634
1780755230,5,POST,/api/book,1.900000,0.000000,140,140,230,260,290,300,300,300,300,300,300,4535,0,350,913.4175990280071,91.32261600007041,6935.442493999972,3382.0478500551267
1780755230,5,GET,/api/concerts,0.100000,0.000000,3,3,3,3,3,3,3,3,3,3,3,903,0,3,30.237049627902405,1.9625259999429545,1205.510871000115,753.0
1780755230,5,GET,/health,0.300000,0.000000,3,3,3,3,3,3,3,3,3,3,3,445,0,3,18.275137411233423,2.017066000007617,885.8155679999982,57.0
1780755230,5,,Aggregated,2.300000,0.000000,140,140,230,260,290,300,300,300,300,300,300,5883,0,230,710.1453856117635,1.9625259999429545,6935.442493999972,2726.9949005609383
1780755231,5,POST,/api/book,2.100000,0.000000,140,140,230,260,290,300,300,300,300,300,300,4537,0,350,913.0765707368331,91.32261600007041,6935.442493999972,3382.048931011682
1780755231,5,GET,/api/concerts,0.100000,0.000000,3,3,3,3,3,3,3,3,3,3,3,903,0,3,30.237049627902405,1.9625259999429545,1205.510871000115,753.0
1780755231,5,GET,/health,0.300000,0.000000,2,2,3,3,3,3,3,3,3,3,3,447,0,3,18.203950015657597,2.017066000007617,885.8155679999982,57.0
1780755231,5,,Aggregated,2.500000,0.000000,140,140,180,230,270,290,300,300,300,300,300,5887,0,230,709.7111640740621,1.9625259999429545,6935.442493999972,2726.3111941566162
1780755232,5,POST,/api/book,2.100000,0.000000,140,180,230,260,290,300,300,300,300,300,300,4537,0,350,913.0765707368331,91.32261600007041,6935.442493999972,3382.048931011682
1780755232,5,GET,/api/concerts,0.100000,0.000000,3,3,3,3,3,3,3,3,3,3,3,903,0,3,30.237049627902405,1.9625259999429545,1205.510871000115,753.0
1780755232,5,GET,/health,0.300000,0.000000,2,2,3,3,3,3,3,3,3,3,3,447,0,3,18.203950015657597,2.017066000007617,885.8155679999982,57.0
1780755232,5,,Aggregated,2.500000,0.000000,140,140,230,260,290,300,300,300,300,300,300,5887,0,230,709.7111640740621,1.9625259999429545,6935.442493999972,2726.3111941566162
1780755233,5,POST,/api/book,2.000000,0.000000,140,140,140,230,290,300,300,300,300,300,300,4540,0,350,912.5659326167428,91.32261600007041,6935.442493999972,3382.0444933920703
1780755233,5,GET,/api/concerts,0.000000,0.000000,3,3,3,3,3,3,3,3,3,3,3,903,0,3,30.237049627902405,1.9625259999429545,1205.510871000115,753.0
1780755233,5,GET,/health,0.300000,0.000000,2,2,3,3,3,3,3,3,3,3,3,448,0,3,18.16883957365865,2.017066000007617,885.8155679999982,57.0
1780755233,5,,Aggregated,2.300000,0.000000,140,140,140,140,270,290,300,300,300,300,300,5891,0,230,709.3011424245467,1.9625259999429545,6935.442493999972,2726.1885927686303
1780755234,5,POST,/api/book,2.000000,0.000000,140,140,230,230,290,300,300,300,300,300,300,4540,0,350,912.5659326167428,91.32261600007041,6935.442493999972,3382.0444933920703
1780755234,5,GET,/api/concerts,0.000000,0.000000,2,2,3,3,3,3,3,3,3,3,3,905,0,3,30.175597734801993,1.9625259999429545,1205.510871000115,753.0
1780755234,5,GET,/health,0.300000,0.000000,2,2,3,3,3,3,3,3,3,3,3,448,0,3,18.16883957365865,2.017066000007617,885.8155679999982,57.0
1780755234,5,,Aggregated,2.300000,0.000000,140,140,140,140,270,290,300,300,300,300,300,5893,0,230,709.0612404817588,1.9625259999429545,6935.442493999972,2725.5189207534363
1780755235,5,POST,/api/book,1.900000,0.000000,140,140,140,140,230,270,270,270,270,270,270,4541,0,350,912.3962452006193,91.32261600007041,6935.442493999972,3382.045804888791
1780755235,5,GET,/api/concerts,0.000000,0.000000,2,2,2,3,3,3,3,3,3,3,3,907,0,3,30.114366232630733,1.9625259999429545,1205.510871000115,753.0
1780755235,5,GET,/health,0.300000,0.000000,2,2,3,3,3,3,3,3,3,3,3,448,0,3,18.16883957365865,2.017066000007617,885.8155679999982,57.0
1780755235,5,,Aggregated,2.200000,0.000000,140,140,140,140,140,230,270,270,270,270,270,5896,0,230,708.7253595247633,1.9625259999429545,6935.442493999972,2724.9621777476254
1780755236,5,POST,/api/book,1.800000,0.000000,140,140,140,140,230,270,270,270,270,270,270,4543,0,350,912.0566678567053,91.32261600007041,6935.442493999972,3382.0442438917016
1780755236,5,GET,/api/concerts,0.200000,0.000000,2,2,2,2,2,2,2,2,2,2,2,907,0,3,30.114366232630733,1.9625259999429545,1205.510871000115,753.0
1780755236,5,GET,/health,0.300000,0.000000,2,2,2,2,2,2,2,2,2,2,2,449,0,3,18.133719904229736,2.017066000007617,885.8155679999982,57.0
1780755236,5,,Aggregated,2.300000,0.000000,140,140,140,140,140,230,270,270,270,270,270,5899,0,230,708.4131568881176,1.9625259999429545,6935.442493999972,2724.7314799118494
1780755237,5,POST,/api/book,1.800000,0.000000,140,140,140,140,140,140,140,140,140,140,140,4543,0,350,912.0566678567053,91.32261600007041,6935.442493999972,3382.0442438917016
1780755237,5,GET,/api/concerts,0.200000,0.000000,2,2,2,2,2,2,2,2,2,2,2,907,0,3,30.114366232630733,1.9625259999429545,1205.510871000115,753.0
1780755237,5,GET,/health,0.300000,0.000000,2,2,2,2,2,2,2,2,2,2,2,449,0,3,18.133719904229736,2.017066000007617,885.8155679999982,57.0
1780755237,5,,Aggregated,2.300000,0.000000,140,140,140,140,140,140,140,140,140,140,140,5899,0,230,708.4131568881176,1.9625259999429545,6935.442493999972,2724.7314799118494
1780755238,5,POST,/api/book,1.500000,0.000000,140,140,140,140,140,140,140,140,140,140,140,4546,0,350,911.5459463946354,91.32261600007041,6935.442493999972,3382.0228772547293
1780755238,5,GET,/api/concerts,0.400000,0.000000,2,2,2,2,2,2,2,2,2,2,2,907,0,3,30.114366232630733,1.9625259999429545,1205.510871000115,753.0
1780755238,5,GET,/health,0.400000,0.000000,2,2,2,2,2,2,2,2,2,2,2,450,0,3,18.098651706664743,2.017066000007617,885.8155679999982,57.0
1780755238,5,,Aggregated,2.300000,0.000000,140,140,140,140,140,140,140,140,140,140,140,5903,0,230,708.0037261987135,1.9625259999429545,6935.442493999972,2724.5971539894967
1780755239,5,POST,/api/book,1.500000,0.000000,140,140,140,140,140,140,140,140,140,140,140,4547,0,350,911.3762195586128,91.32261600007041,6935.442493999972,3382.0303496811084
1780755239,5,GET,/api/concerts,0.400000,0.000000,2,2,2,2,2,2,2,2,2,2,2,907,0,3,30.114366232630733,1.9625259999429545,1205.510871000115,753.0
1780755239,5,GET,/health,0.400000,0.000000,2,2,2,2,2,2,2,2,2,2,2,450,0,3,18.098651706664743,2.017066000007617,885.8155679999982,57.0
1780755239,5,,Aggregated,2.300000,0.000000,140,140,140,140,140,140,140,140,140,140,140,5904,0,230,707.9074853953261,1.9625259999429545,6935.442493999972,2724.7142615176153
1780755240,5,POST,/api/book,1.500000,0.000000,140,140,140,140,140,140,140,140,140,140,140,4547,0,350,911.3762195586128,91.32261600007041,6935.442493999972,3382.0303496811084
1780755240,5,GET,/api/concerts,0.400000,0.000000,2,2,2,2,2,2,2,2,2,2,2,907,0,3,30.114366232630733,1.9625259999429545,1205.510871000115,753.0
1780755240,5,GET,/health,0.400000,0.000000,2,2,2,2,2,2,2,2,2,2,2,450,0,3,18.098651706664743,2.017066000007617,885.8155679999982,57.0
1780755240,5,,Aggregated,2.300000,0.000000,140,140,140,140,140,140,140,140,140,140,140,5904,0,230,707.9074853953261,1.9625259999429545,6935.442493999972,2724.7142615176153
1780755241,5,POST,/api/book,1.300000,0.000000,140,140,140,310,320,420,420,420,420,420,420,4551,0,350,910.8357540188997,91.32261600007041,6935.442493999972,3382.0076906174468
1780755241,5,GET,/api/concerts,0.400000,0.000000,2,2,2,3,3,3,3,3,3,3,3,908,0,3,30.084037997793057,1.9625259999429545,1205.510871000115,753.0
1780755241,5,GET,/health,0.500000,0.000000,2,2,2,2,2,2,2,2,2,2,2,450,0,3,18.098651706664743,2.017066000007617,885.8155679999982,57.0
1780755241,5,,Aggregated,2.200000,0.000000,140,140,140,140,310,320,420,420,420,420,420,5909,0,230,707.5095982924362,1.9625259999429545,6935.442493999972,2724.808089355221
1780755242,5,POST,/api/book,1.300000,0.000000,140,140,310,320,420,420,420,420,420,420,420,4552,0,350,910.7284127530784,91.32261600007041,6935.442493999972,3382.0092267135324
1780755242,5,GET,/api/concerts,0.400000,0.000000,2,2,2,3,3,3,3,3,3,3,3,908,0,3,30.084037997793057,1.9625259999429545,1205.510871000115,753.0
1780755242,5,GET,/health,0.500000,0.000000,2,2,2,2,2,2,2,2,2,2,2,450,0,3,18.098651706664743,2.017066000007617,885.8155679999982,57.0
1780755242,5,,Aggregated,2.200000,0.000000,140,140,140,310,420,420,420,420,420,420,420,5910,0,230,707.4613256551617,1.9625259999429545,6935.442493999972,2724.9204737732657
1780755243,5,POST,/api/book,1.200000,0.000000,140,320,330,420,420,510,510,510,510,510,510,4554,0,350,910.5141246745746,91.32261600007041,6935.442493999972,3382.010101010101
1780755243,5,GET,/api/concerts,0.400000,0.000000,3,3,15,15,15,15,15,15,15,15,15,909,0,3,30.067337917487475,1.9625259999429545,1205.510871000115,753.0
1780755243,5,GET,/health,0.500000,0.000000,2,2,2,2,2,2,2,2,2,2,2,450,0,3,18.098651706664743,2.017066000007617,885.8155679999982,57.0
1780755243,5,,Aggregated,2.100000,0.000000,140,140,320,330,420,510,510,510,510,510,510,5913,0,230,707.2479159822435,1.9625259999429545,6935.442493999972,2724.809910366988
1780755244,5,POST,/api/book,1.400000,0.000000,140,310,330,420,420,510,510,510,510,510,510,4556,0,350,910.1676601964471,91.32261600007041,6935.442493999972,3382.009218612818
1780755244,5,GET,/api/concerts,0.500000,0.000000,3,3,15,15,15,15,15,15,15,15,15,909,0,3,30.067337917487475,1.9625259999429545,1205.510871000115,753.0
1780755244,5,GET,/health,0.300000,0.000000,2,2,2,2,2,2,2,2,2,2,2,450,0,3,18.098651706664743,2.017066000007617,885.8155679999982,57.0
1780755244,5,,Aggregated,2.200000,0.000000,140,140,320,330,420,510,510,510,510,510,510,5915,0,230,707.0497824666113,1.9625259999429545,6935.442493999972,2725.0314454775994
1780755245,5,POST,/api/book,1.500000,0.000000,140,310,320,330,420,510,510,510,510,510,510,4559,0,350,909.6587955014287,91.32261600007041,6935.442493999972,3381.9938583022595
1780755245,5,GET,/api/concerts,0.600000,0.000000,3,3,15,15,15,15,15,15,15,15,15,909,0,3,30.067337917487475,1.9625259999429545,1205.510871000115,753.0
1780755245,5,GET,/health,0.200000,0.000000,2,2,2,2,2,2,2,2,2,2,2,450,0,3,18.098651706664743,2.017066000007617,885.8155679999982,57.0
1780755245,5,,Aggregated,2.300000,0.000000,140,140,320,330,420,510,510,510,510,510,510,5918,0,230,706.7607387843876,1.9625259999429545,6935.442493999972,2725.352652923285
1780755246,5,POST,/api/book,1.500000,0.000000,140,310,320,330,420,510,510,510,510,510,510,4560,0,350,909.48946042281,91.32261600007041,6935.442493999972,3381.9997807017544
1780755246,5,GET,/api/concerts,0.600000,0.000000,3,3,15,15,15,15,15,15,15,15,15,909,0,3,30.067337917487475,1.9625259999429545,1205.510871000115,753.0
1780755246,5,GET,/health,0.200000,0.000000,2,2,2,2,2,2,2,2,2,2,2,451,0,3,18.063665385807173,2.017066000007617,885.8155679999982,57.0
1780755246,5,,Aggregated,2.300000,0.000000,140,140,310,320,420,420,510,510,510,510,510,5920,0,230,706.5455849297308,1.9625259999429545,6935.442493999972,2725.017398648649
1780755247,5,POST,/api/book,1.600000,0.000000,140,310,320,330,420,510,510,510,510,510,510,4562,0,350,909.1477836133305,91.32261600007041,6935.442493999972,3381.9949583516
1780755247,5,GET,/api/concerts,0.400000,0.000000,15,15,15,15,15,15,15,15,15,15,15,909,0,3,30.067337917487475,1.9625259999429545,1205.510871000115,753.0
1780755247,5,GET,/health,0.200000,0.000000,2,2,2,2,2,2,2,2,2,2,2,452,0,3,18.028738714599662,2.017066000007617,885.8155679999982,57.0
1780755247,5,,Aggregated,2.200000,0.000000,140,140,310,320,420,420,510,510,510,510,510,5923,0,230,706.2320426996466,1.9625259999429545,6935.442493999972,2724.785075130846
1780755248,5,POST,/api/book,1.800000,0.000000,140,140,320,330,420,510,510,510,510,510,510,4564,0,350,908.8049180528075,91.32261600007041,6935.442493999972,3382.005258545136
1780755248,5,GET,/api/concerts,0.200000,0.000000,15,15,15,15,15,15,15,15,15,15,15,909,0,3,30.067337917487475,1.9625259999429545,1205.510871000115,753.0
1780755248,5,GET,/health,0.200000,0.000000,2,2,2,2,2,2,2,2,2,2,2,452,0,3,18.028738714599662,2.017066000007617,885.8155679999982,57.0
1780755248,5,,Aggregated,2.200000,0.000000,140,140,310,320,420,420,510,510,510,510,510,5925,0,230,706.0364297146003,1.9625259999429545,6935.442493999972,2725.014852320675
1780755249,5,POST,/api/book,1.900000,0.000000,140,150,320,330,420,510,510,510,510,510,510,4567,0,350,908.3006346945507,91.32261600007041,6935.442493999972,3382.0155463104884
1780755249,5,GET,/api/concerts,0.200000,0.000000,15,15,15,15,15,15,15,15,15,15,15,909,0,3,30.067337917487475,1.9625259999429545,1205.510871000115,753.0
1780755249,5,GET,/health,0.300000,0.000000,2,2,2,2,2,2,2,2,2,2,2,452,0,3,18.028738714599662,2.017066000007617,885.8155679999982,57.0
1780755249,5,,Aggregated,2.400000,0.000000,140,140,310,320,420,420,510,510,510,510,510,5928,0,230,705.750539594468,1.9625259999429545,6935.442493999972,2725.3552631578946
1780755250,5,POST,/api/book,1.900000,0.000000,140,140,140,150,420,510,510,510,510,510,510,4568,0,350,908.1295932171657,91.32261600007041,6935.442493999972,3382.020140105079
1780755250,5,GET,/api/concerts,0.200000,0.000000,15,15,15,15,15,15,15,15,15,15,15,909,0,3,30.067337917487475,1.9625259999429545,1205.510871000115,753.0
1780755250,5,GET,/health,0.300000,0.000000,2,2,2,2,2,2,2,2,2,2,2,452,0,3,18.028738714599662,2.017066000007617,885.8155679999982,57.0
1780755250,5,,Aggregated,2.400000,0.000000,140,140,140,140,330,420,510,510,510,510,510,5929,0,230,705.6529232386584,1.9625259999429545,6935.442493999972,2725.469556417608
1780755251,5,POST,/api/book,1.900000,0.000000,140,140,140,140,330,510,510,510,510,510,510,4571,0,350,907.6250488840545,91.32261600007041,6935.442493999972,3382.0282213957557
1780755251,5,GET,/api/concerts,0.200000,0.000000,15,15,15,15,15,15,15,15,15,15,15,910,0,3,30.037059151644044,1.9625259999429545,1205.510871000115,753.0
1780755251,5,GET,/health,0.200000,0.000000,2,2,2,2,2,2,2,2,2,2,2,452,0,3,18.028738714599662,2.017066000007617,885.8155679999982,57.0
1780755251,5,,Aggregated,2.300000,0.000000,140,140,140,140,150,330,510,510,510,510,510,5933,0,230,705.2480721685498,1.9625259999429545,6935.442493999972,2725.475307601551
1780755252,5,POST,/api/book,1.900000,0.000000,140,140,140,140,140,150,150,150,150,150,150,4573,0,350,907.2854858340287,91.32261600007041,6935.442493999972,3382.038049420512
1780755252,5,GET,/api/concerts,0.200000,0.000000,15,15,15,15,15,15,15,15,15,15,15,910,0,3,30.037059151644044,1.9625259999429545,1205.510871000115,753.0
1780755252,5,GET,/health,0.200000,0.000000,2,2,2,2,2,2,2,2,2,2,2,452,0,3,18.028738714599662,2.017066000007617,885.8155679999982,57.0
1780755252,5,,Aggregated,2.300000,0.000000,140,140,140,140,140,140,150,150,150,150,150,5935,0,230,705.0546319201358,1.9625259999429545,6935.442493999972,2725.7041280539174
1780755253,5,POST,/api/book,2.100000,0.000000,140,140,140,140,140,150,150,150,150,150,150,4574,0,350,907.1168143826002,91.32261600007041,6935.442493999972,3382.044162658505
1780755253,5,GET,/api/concerts,0.200000,0.000000,15,15,15,15,15,15,15,15,15,15,15,910,0,3,30.037059151644044,1.9625259999429545,1205.510871000115,753.0
1780755253,5,GET,/health,0.200000,0.000000,2,2,2,2,2,2,2,2,2,2,2,453,0,3,17.99430698896024,2.017066000007617,885.8155679999982,57.0
1780755253,5,,Aggregated,2.500000,0.000000,140,140,140,140,140,140,150,150,150,150,150,5937,0,230,704.8403998450406,1.9625259999429545,6935.442493999972,2725.369883779687
1780755254,5,POST,/api/book,2.100000,0.000000,140,140,140,140,150,160,160,160,160,160,160,4576,0,350,906.782658479461,91.32261600007041,6935.442493999972,3382.0498251748254
1780755254,5,GET,/api/concerts,0.200000,0.000000,3,3,15,15,15,15,15,15,15,15,15,911,0,3,30.00712289790999,1.9625259999429545,1205.510871000115,753.0
1780755254,5,GET,/health,0.200000,0.000000,2,2,2,2,2,2,2,2,2,2,2,453,0,3,17.99430698896024,2.017066000007617,885.8155679999982,57.0
1780755254,5,,Aggregated,2.500000,0.000000,140,140,140,140,140,150,160,160,160,160,160,5940,0,230,704.5328880855229,1.9625259999429545,6935.442493999972,2725.2632996632997
1780755255,5,POST,/api/book,2.100000,0.000000,140,140,140,140,160,210,210,210,210,210,210,4578,0,350,906.4644790450006,91.32261600007041,6935.442493999972,3382.0375709916993
1780755255,5,GET,/api/concerts,0.200000,0.000000,3,3,15,15,15,15,15,15,15,15,15,911,0,3,30.00712289790999,1.9625259999429545,1205.510871000115,753.0
1780755255,5,GET,/health,0.200000,0.000000,2,2,2,2,2,2,2,2,2,2,2,453,0,3,17.99430698896024,2.017066000007617,885.8155679999982,57.0
1780755255,5,,Aggregated,2.500000,0.000000,140,140,140,140,150,160,210,210,210,210,210,5942,0,230,704.3558221295868,1.9625259999429545,6935.442493999972,2725.474924267923
1780755256,5,POST,/api/book,1.900000,0.000000,140,140,140,140,160,210,210,210,210,210,210,4580,0,350,906.1233084644133,91.32261600007041,6935.442493999972,3382.0403930131006
1780755256,5,GET,/api/concerts,0.200000,0.000000,3,3,3,3,3,3,3,3,3,3,3,911,0,3,30.00712289790999,1.9625259999429545,1205.510871000115,753.0
1780755256,5,GET,/health,0.300000,0.000000,2,2,2,2,2,2,2,2,2,2,2,453,0,3,17.99430698896024,2.017066000007617,885.8155679999982,57.0
1780755256,5,,Aggregated,2.400000,0.000000,140,140,140,140,150,160,210,210,210,210,210,5944,0,230,704.1609459611382,1.9625259999429545,6935.442493999972,2725.698014804845
1780755257,5,POST,/api/book,2.000000,0.000000,140,140,140,140,160,210,210,210,210,210,210,4581,0,350,905.9560594169424,91.32261600007041,6935.442493999972,3382.0342719930145
1780755257,5,GET,/api/concerts,0.200000,0.000000,3,3,3,3,3,3,3,3,3,3,3,913,0,3,29.94692107995145,1.9625259999429545,1205.510871000115,753.0
1780755257,5,GET,/health,0.300000,0.000000,2,2,2,2,2,2,2,2,2,2,2,453,0,3,17.99430698896024,2.017066000007617,885.8155679999982,57.0
1780755257,5,,Aggregated,2.500000,0.000000,140,140,140,140,150,160,210,210,210,210,210,5947,0,230,703.8301106778216,1.9625259999429545,6935.442493999972,2725.1402387758535
1780755258,5,POST,/api/book,2.000000,0.000000,140,140,140,140,160,210,210,210,210,210,210,4583,0,350,905.6223265254229,91.32261600007041,6935.442493999972,3382.039057385992
1780755258,5,GET,/api/concerts,0.200000,0.000000,3,3,3,3,3,3,3,3,3,3,3,913,0,3,29.94692107995145,1.9625259999429545,1205.510871000115,753.0
1780755258,5,GET,/health,0.300000,0.000000,2,2,2,2,2,2,2,2,2,2,2,453,0,3,17.99430698896024,2.017066000007617,885.8155679999982,57.0
1780755258,5,,Aggregated,2.500000,0.000000,140,140,140,140,150,160,210,210,210,210,210,5949,0,230,703.6409619226769,1.9625259999429545,6935.442493999972,2725.3647671877625
1780755259,5,POST,/api/book,1.900000,0.000000,140,140,140,140,160,210,210,210,210,210,210,4587,0,350,904.9527900673671,91.32261600007041,6935.442493999972,3382.0481796381077
1780755259,5,GET,/api/concerts,0.300000,0.000000,3,3,3,3,3,3,3,3,3,3,3,913,0,3,29.94692107995145,1.9625259999429545,1205.510871000115,753.0
1780755259,5,GET,/health,0.100000,0.000000,2,2,2,2,2,2,2,2,2,2,2,453,0,3,17.99430698896024,2.017066000007617,885.8155679999982,57.0
1780755259,5,,Aggregated,2.300000,0.000000,140,140,140,140,150,160,210,210,210,210,210,5953,0,230,703.260777431716,1.9625259999429545,6935.442493999972,2725.8130354443138
1780755260,5,POST,/api/book,2.000000,0.000000,140,140,140,150,160,210,210,210,210,210,210,4589,0,350,904.6201203059519,91.32261600007041,6935.442493999972,3382.0381346698628
1780755260,5,GET,/api/concerts,0.400000,0.000000,3,3,3,3,3,3,3,3,3,3,3,913,0,3,29.94692107995145,1.9625259999429545,1205.510871000115,753.0
1780755260,5,GET,/health,0.100000,0.000000,2,2,2,2,2,2,2,2,2,2,2,453,0,3,17.99430698896024,2.017066000007617,885.8155679999982,57.0
1780755260,5,,Aggregated,2.500000,0.000000,140,140,140,140,150,160,210,210,210,210,210,5955,0,230,703.0721565232586,1.9625259999429545,6935.442493999972,2726.0256926952143
1780755261,5,POST,/api/book,1.900000,0.000000,140,140,140,150,160,210,210,210,210,210,210,4592,0,350,904.1116094263965,91.32261600007041,6935.442493999972,3382.0243902439024
1780755261,5,GET,/api/concerts,0.400000,0.000000,3,3,3,3,3,3,3,3,3,3,3,913,0,3,29.94692107995145,1.9625259999429545,1205.510871000115,753.0
1780755261,5,GET,/health,0.100000,0.000000,2,2,2,2,2,2,2,2,2,2,2,453,0,3,17.99430698896024,2.017066000007617,885.8155679999982,57.0
1780755261,5,,Aggregated,2.400000,0.000000,140,140,140,140,150,160,210,210,210,210,210,5958,0,230,702.7817171027199,1.9625259999429545,6935.442493999972,2726.345417925478
1780755262,5,POST,/api/book,2.000000,0.000000,140,140,140,150,160,210,210,210,210,210,210,4593,0,350,903.9449233424805,91.32261600007041,6935.442493999972,3382.0209013716526
1780755262,5,GET,/api/concerts,0.400000,0.000000,3,3,3,3,3,3,3,3,3,3,3,914,0,3,29.91676091793832,1.9625259999429545,1205.510871000115,753.0
1780755262,5,GET,/health,0.100000,0.000000,2,2,2,2,2,2,2,2,2,2,2,453,0,3,17.99430698896024,2.017066000007617,885.8155679999982,57.0
1780755262,5,,Aggregated,2.500000,0.000000,140,140,140,140,150,160,210,210,210,210,210,5960,0,230,702.5695257478196,1.9625259999429545,6935.442493999972,2726.121644295302
1780755263,5,POST,/api/book,2.100000,0.000000,140,140,140,150,160,210,210,210,210,210,210,4595,0,350,903.6090957625707,91.32261600007041,6935.442493999972,3382.017192600653
1780755263,5,GET,/api/concerts,0.300000,0.000000,3,3,3,3,3,3,3,3,3,3,3,914,0,3,29.91676091793832,1.9625259999429545,1205.510871000115,753.0
1780755263,5,GET,/health,0.100000,0.000000,2,2,2,2,2,2,2,2,2,2,2,453,0,3,17.99430698896024,2.017066000007617,885.8155679999982,57.0
1780755263,5,,Aggregated,2.500000,0.000000,140,140,140,140,150,160,210,210,210,210,210,5962,0,230,702.3782515219733,1.9625259999429545,6935.442493999972,2726.338812479034
1780755264,5,POST,/api/book,1.900000,0.000000,140,140,140,140,150,160,210,210,210,210,210,4596,0,350,903.4426580337278,91.32261600007041,6935.442493999972,3382.019364664926
1780755264,5,GET,/api/concerts,0.400000,0.000000,2,2,2,3,3,3,3,3,3,3,3,916,0,3,29.85676882095578,1.9625259999429545,1205.510871000115,753.0
1780755264,5,GET,/health,0.100000,0.000000,2,2,2,2,2,2,2,2,2,2,2,453,0,3,17.99430698896024,2.017066000007617,885.8155679999982,57.0
1780755264,5,,Aggregated,2.400000,0.000000,140,140,140,140,150,160,210,210,210,210,210,5965,0,230,702.0490658221298,1.9625259999429545,6935.442493999972,2725.788767812238
1780755265,5,POST,/api/book,1.900000,0.000000,140,140,140,140,150,150,150,150,150,150,150,4596,0,350,903.4426580337278,91.32261600007041,6935.442493999972,3382.019364664926
1780755265,5,GET,/api/concerts,0.400000,0.000000,2,2,2,2,3,3,3,3,3,3,3,917,0,3,29.826932440562075,1.9625259999429545,1205.510871000115,753.0
1780755265,5,GET,/health,0.100000,0.000000,2,2,2,2,2,2,2,2,2,2,2,454,0,3,17.959927940526565,2.017066000007617,885.8155679999982,57.0
1780755265,5,,Aggregated,2.400000,0.000000,140,140,140,140,140,150,150,150,150,150,150,5967,0,230,701.8145735974534,1.9625259999429545,6935.442493999972,2725.010893246187
1780755266,5,POST,/api/book,2.000000,0.000000,140,140,140,140,150,150,150,150,150,150,150,4598,0,350,903.1115720948266,91.32261600007041,6935.442493999972,3382.0100043497173
1780755266,5,GET,/api/concerts,0.400000,0.000000,2,2,2,3,3,3,3,3,3,3,3,917,0,3,29.826932440562075,1.9625259999429545,1205.510871000115,753.0
1780755266,5,GET,/health,0.000000,0.000000,2,2,2,2,2,2,2,2,2,2,2,454,0,3,17.959927940526565,2.017066000007617,885.8155679999982,57.0
1780755266,5,,Aggregated,2.400000,0.000000,140,140,140,140,140,150,150,150,150,150,150,5969,0,230,701.6270921134201,1.9625259999429545,6935.442493999972,2725.223823085944
1780755267,5,POST,/api/book,2.100000,0.000000,140,140,140,140,150,150,150,150,150,150,150,4600,0,350,902.7734567319592,91.32261600007041,6935.442493999972,3382.0115217391303
1780755267,5,GET,/api/concerts,0.300000,0.000000,2,2,2,3,3,3,3,3,3,3,3,917,0,3,29.826932440562075,1.9625259999429545,1205.510871000115,753.0
1780755267,5,GET,/health,0.000000,0.000000,2,2,2,2,2,2,2,2,2,2,2,454,0,3,17.959927940526565,2.017066000007617,885.8155679999982,57.0
1780755267,5,,Aggregated,2.400000,0.000000,140,140,140,140,140,150,150,150,150,150,150,5971,0,230,701.4340990286391,1.9625259999429545,6935.442493999972,2725.4449840897673
1780755268,5,POST,/api/book,2.000000,0.000000,140,140,140,140,140,150,150,150,150,150,150,4602,0,350,902.4422057262087,91.32261600007041,6935.442493999972,3382.0141242937852
1780755268,5,GET,/api/concerts,0.600000,0.000000,2,2,2,3,3,3,3,3,3,3,3,917,0,3,29.826932440562075,1.9625259999429545,1205.510871000115,753.0
1780755268,5,GET,/health,0.100000,0.000000,2,2,2,2,2,2,2,2,2,2,2,454,0,3,17.959927940526565,2.017066000007617,885.8155679999982,57.0
1780755268,5,,Aggregated,2.700000,0.000000,140,140,140,140,140,140,150,150,150,150,150,5973,0,230,701.2462975196726,1.9625259999429545,6935.442493999972,2725.6668340867236
1780755269,5,POST,/api/book,2.000000,0.000000,140,140,140,140,140,140,140,140,140,140,140,4604,0,350,902.1107562925745,91.32261600007041,6935.442493999972,3382.0204170286706
1780755269,5,GET,/api/concerts,0.600000,0.000000,2,2,2,3,3,3,3,3,3,3,3,918,0,3,29.797512398687743,1.9625259999429545,1205.510871000115,753.0
1780755269,5,GET,/health,0.100000,0.000000,2,2,2,2,2,2,2,2,2,2,2,454,0,3,17.959927940526565,2.017066000007617,885.8155679999982,57.0
1780755269,5,,Aggregated,2.700000,0.000000,140,140,140,140,140,140,140,140,140,140,140,5976,0,230,700.9414065659312,1.9625259999429545,6935.442493999972,2725.5612449799196
1780755270,5,POST,/api/book,1.800000,0.000000,140,140,140,140,230,270,270,270,270,270,270,4606,0,350,901.8280767396901,91.32261600007041,6935.442493999972,3382.014763352149
1780755270,5,GET,/api/concerts,0.400000,0.000000,2,2,3,3,3,3,3,3,3,3,3,919,0,3,29.767900341670625,1.9625259999429545,1205.510871000115,753.0
1780755270,5,GET,/health,0.100000,0.000000,2,2,2,2,2,2,2,2,2,2,2,454,0,3,17.959927940526565,2.017066000007617,885.8155679999982,57.0
1780755270,5,,Aggregated,2.300000,0.000000,140,140,140,140,140,230,270,270,270,270,270,5979,0,230,700.6741309854499,1.9625259999429545,6935.442493999972,2725.4465629703964
1780755271,5,POST,/api/book,1.800000,0.000000,140,140,140,140,230,270,270,270,270,270,270,4606,0,350,901.8280767396901,91.32261600007041,6935.442493999972,3382.014763352149
1780755271,5,GET,/api/concerts,0.400000,0.000000,2,2,3,3,3,3,3,3,3,3,3,919,0,3,29.767900341670625,1.9625259999429545,1205.510871000115,753.0
1780755271,5,GET,/health,0.100000,0.000000,2,2,2,2,2,2,2,2,2,2,2,455,0,3,17.925841942855396,2.017066000007617,885.8155679999982,57.0
1780755271,5,,Aggregated,2.300000,0.000000,140,140,140,140,140,230,270,270,270,270,270,5980,0,230,700.5573712309372,1.9625259999429545,6935.442493999972,2725.0003344481606
1780755272,5,POST,/api/book,1.900000,0.000000,140,140,140,170,230,270,270,270,270,270,270,4609,0,350,901.335763665657,91.32261600007041,6935.442493999972,3382.0106313734
1780755272,5,GET,/api/concerts,0.500000,0.000000,2,3,3,3,3,3,3,3,3,3,3,919,0,3,29.767900341670625,1.9625259999429545,1205.510871000115,753.0
1780755272,5,GET,/health,0.100000,0.000000,2,2,2,2,2,2,2,2,2,2,2,455,0,3,17.925841942855396,2.017066000007617,885.8155679999982,57.0
1780755272,5,,Aggregated,2.500000,0.000000,140,140,140,140,170,230,270,270,270,270,270,5983,0,230,700.279039484039,1.9625259999429545,6935.442493999972,2725.326592010697
1780755273,5,POST,/api/book,1.500000,0.000000,140,140,140,140,230,270,270,270,270,270,270,4612,0,340,900.8350006619718,91.32261600007041,6935.442493999972,3382.0140936686903
1780755273,5,GET,/api/concerts,0.600000,0.000000,2,3,3,3,3,3,3,3,3,3,3,919,0,3,29.767900341670625,1.9625259999429545,1205.510871000115,753.0
1780755273,5,GET,/health,0.200000,0.000000,2,2,2,2,2,2,2,2,2,2,2,455,0,3,17.925841942855396,2.017066000007617,885.8155679999982,57.0
1780755273,5,,Aggregated,2.300000,0.000000,140,140,140,140,170,230,270,270,270,270,270,5986,0,230,699.9939828852331,1.9625259999429545,6935.442493999972,2725.658369528901
1780755274,5,POST,/api/book,1.700000,0.000000,140,140,140,140,230,270,270,270,270,270,270,4614,0,340,900.5064300039041,91.32261600007041,6935.442493999972,3382.0143042912873
1780755274,5,GET,/api/concerts,0.500000,0.000000,2,3,3,3,3,3,3,3,3,3,3,919,0,3,29.767900341670625,1.9625259999429545,1205.510871000115,753.0
1780755274,5,GET,/health,0.200000,0.000000,2,2,2,2,2,2,2,2,2,2,2,455,0,3,17.925841942855396,2.017066000007617,885.8155679999982,57.0
1780755274,5,,Aggregated,2.400000,0.000000,140,140,140,140,170,230,270,270,270,270,270,5988,0,230,699.8078868630604,1.9625259999429545,6935.442493999972,2725.877755511022
1780755275,5,POST,/api/book,1.700000,0.000000,140,140,140,140,230,270,270,270,270,270,270,4616,0,340,900.1754562528192,91.32261600007041,6935.442493999972,3382.01993067591
1780755275,5,GET,/api/concerts,0.500000,0.000000,2,3,3,3,3,3,3,3,3,3,3,919,0,3,29.767900341670625,1.9625259999429545,1205.510871000115,753.0
1780755275,5,GET,/health,0.200000,0.000000,2,2,2,2,2,2,2,2,2,2,2,456,0,3,17.891862396928403,2.017066000007617,885.8155679999982,57.0
1780755275,5,,Aggregated,2.400000,0.000000,140,140,140,140,170,230,270,270,270,270,270,5991,0,230,699.5034711617435,1.9625259999429545,6935.442493999972,2725.6556501418795
1780755276,5,POST,/api/book,1.700000,0.000000,140,140,140,140,230,270,270,270,270,270,270,4617,0,340,900.0110054433645,91.32261600007041,6935.442493999972,3382.01624431449
1780755276,5,GET,/api/concerts,0.500000,0.000000,3,3,3,3,3,3,3,3,3,3,3,919,0,3,29.767900341670625,1.9625259999429545,1205.510871000115,753.0
1780755276,5,GET,/health,0.200000,0.000000,2,2,2,2,2,2,2,2,2,2,2,456,0,3,17.891862396928403,2.017066000007617,885.8155679999982,57.0
1780755276,5,,Aggregated,2.400000,0.000000,140,140,140,140,170,230,270,270,270,270,270,5992,0,230,699.4102472962293,1.9625259999429545,6935.442493999972,2725.762349799733
1780755277,5,POST,/api/book,1.900000,0.000000,140,140,140,140,230,270,270,270,270,270,270,4619,0,340,899.6764418757338,91.32261600007041,6935.442493999972,3382.016453777874
1780755277,5,GET,/api/concerts,0.200000,0.000000,3,3,3,3,3,3,3,3,3,3,3,920,0,3,29.738171628255806,1.9625259999429545,1205.510871000115,753.0
1780755277,5,GET,/health,0.200000,0.000000,2,2,2,2,2,2,2,2,2,2,2,456,0,3,17.891862396928403,2.017066000007617,885.8155679999982,57.0
1780755277,5,,Aggregated,2.300000,0.000000,140,140,140,140,170,230,270,270,270,270,270,5995,0,230,699.1031346413688,1.9625259999429545,6935.442493999972,2725.6523769808173
1780755278,5,POST,/api/book,1.900000,0.000000,140,140,140,140,230,270,270,270,270,270,270,4620,0,340,899.5124374409122,91.32261600007041,6935.442493999972,3382.015367965368
1780755278,5,GET,/api/concerts,0.200000,0.000000,3,3,3,3,3,3,3,3,3,3,3,920,0,3,29.738171628255806,1.9625259999429545,1205.510871000115,753.0
1780755278,5,GET,/health,0.200000,0.000000,2,2,2,2,2,2,2,2,2,2,2,456,0,3,17.891862396928403,2.017066000007617,885.8155679999982,57.0
1780755278,5,,Aggregated,2.300000,0.000000,140,140,140,140,170,230,270,270,270,270,270,5996,0,230,699.0102181667788,1.9625259999429545,6935.442493999972,2725.7610073382257
1780755279,5,POST,/api/book,1.900000,0.000000,140,140,140,140,230,270,270,270,270,270,270,4622,0,340,899.1830127741268,91.32261600007041,6935.442493999972,3382.0123323236694
1780755279,5,GET,/api/concerts,0.200000,0.000000,3,3,3,3,3,3,3,3,3,3,3,921,0,3,29.708849429962566,1.9625259999429545,1205.510871000115,753.0
1780755279,5,GET,/health,0.200000,0.000000,2,2,2,2,2,2,2,2,2,2,2,456,0,3,17.891862396928403,2.017066000007617,885.8155679999982,57.0
1780755279,5,,Aggregated,2.300000,0.000000,140,140,140,140,170,230,270,270,270,270,270,5999,0,220,698.7071886347734,1.9625259999429545,6935.442493999972,2725.6486081013504
1780755280,5,POST,/api/book,1.900000,0.000000,140,140,140,140,140,170,170,170,170,170,170,4622,0,340,899.1830127741268,91.32261600007041,6935.442493999972,3382.0123323236694
1780755280,5,GET,/api/concerts,0.300000,0.000000,3,3,3,3,3,3,3,3,3,3,3,922,0,3,29.679240338390024,1.9625259999429545,1205.510871000115,753.0
1780755280,5,GET,/health,0.200000,0.000000,2,2,2,2,2,2,2,2,2,2,2,457,0,3,17.857842903718296,2.017066000007617,885.8155679999982,57.0
1780755280,5,,Aggregated,2.400000,0.000000,130,140,140,140,140,140,170,170,170,170,170,6001,0,220,698.4751172872864,1.9625259999429545,6935.442493999972,2724.875187468755
1780755281,5,POST,/api/book,1.800000,0.000000,140,140,140,140,140,140,140,140,140,140,140,4624,0,340,898.8555320549339,91.32261600007041,6935.442493999972,3382.0114619377164
1780755281,5,GET,/api/concerts,0.300000,0.000000,3,3,3,3,3,3,3,3,3,3,3,923,0,3,29.650292889485893,1.9625259999429545,1205.510871000115,753.0
1780755281,5,GET,/health,0.200000,0.000000,2,2,2,2,2,2,2,2,2,2,2,457,0,3,17.857842903718296,2.017066000007617,885.8155679999982,57.0
1780755281,5,,Aggregated,2.300000,0.000000,130,140,140,140,140,140,140,140,140,140,140,6004,0,220,698.1739231788816,1.9625259999429545,6935.442493999972,2724.764990006662
1780755282,5,POST,/api/book,1.800000,0.000000,140,140,140,140,140,140,140,140,140,140,140,4625,0,340,898.689153520868,91.32261600007041,6935.442493999972,3382.019243243243
1780755282,5,GET,/api/concerts,0.400000,0.000000,3,3,3,3,3,3,3,3,3,3,3,924,0,3,29.620783796532052,1.9625259999429545,1205.510871000115,753.0
1780755282,5,GET,/health,0.200000,0.000000,2,2,2,2,2,2,2,2,2,2,2,457,0,3,17.857842903718296,2.017066000007617,885.8155679999982,57.0
1780755282,5,,Aggregated,2.400000,0.000000,130,140,140,140,140,140,140,140,140,140,140,6006,0,220,697.963365545955,1.9625259999429545,6935.442493999972,2724.5521145521147
1780755283,5,POST,/api/book,1.800000,0.000000,140,140,140,140,140,140,140,140,140,140,140,4627,0,340,898.3612260006515,91.32261600007041,6935.442493999972,3382.005619191701
1780755283,5,GET,/api/concerts,0.300000,0.000000,2,3,3,3,3,3,3,3,3,3,3,924,0,3,29.620783796532052,1.9625259999429545,1205.510871000115,753.0
1780755283,5,GET,/health,0.200000,0.000000,2,2,2,2,2,2,2,2,2,2,2,457,0,3,17.857842903718296,2.017066000007617,885.8155679999982,57.0
1780755283,5,,Aggregated,2.300000,0.000000,130,140,140,140,140,140,140,140,140,140,140,6008,0,220,697.7776350099876,1.9625259999429545,6935.442493999972,2724.7604860186416
1780755284,5,POST,/api/book,1.800000,0.000000,140,140,140,140,140,170,170,170,170,170,170,4629,0,340,898.0396546100701,91.32261600007041,6935.442493999972,3382.0196586735797
1780755284,5,GET,/api/concerts,0.300000,0.000000,2,3,3,3,3,3,3,3,3,3,3,924,0,3,29.620783796532052,1.9625259999429545,1205.510871000115,753.0
1780755284,5,GET,/health,0.200000,0.000000,2,2,2,2,2,2,2,2,2,2,2,457,0,3,17.857842903718296,2.017066000007617,885.8155679999982,57.0
1780755284,5,,Aggregated,2.300000,0.000000,130,140,140,140,140,170,170,170,170,170,170,6010,0,220,697.5967054284534,1.9625259999429545,6935.442493999972,2724.9900166389352
1780755285,5,POST,/api/book,1.500000,0.000000,140,140,140,140,140,170,170,170,170,170,170,4633,0,340,897.3776639864049,91.32261600007041,6935.442493999972,3382.019210015109
1780755285,5,GET,/api/concerts,0.500000,0.000000,2,3,3,3,3,3,3,3,3,3,3,924,0,3,29.620783796532052,1.9625259999429545,1205.510871000115,753.0
1780755285,5,GET,/health,0.200000,0.000000,2,2,2,2,2,2,2,2,2,2,2,457,0,3,17.857842903718296,2.017066000007617,885.8155679999982,57.0
1780755285,5,,Aggregated,2.200000,0.000000,140,140,140,140,140,140,170,170,170,170,170,6014,0,220,697.2200458403732,1.9625259999429545,6935.442493999972,2725.426671100765
1780755286,5,POST,/api/book,1.500000,0.000000,140,140,140,140,140,170,170,170,170,170,170,4634,0,340,897.215218463965,91.32261600007041,6935.442493999972,3382.0088476478204
1780755286,5,GET,/api/concerts,0.500000,0.000000,2,3,3,3,3,3,3,3,3,3,3,924,0,3,29.620783796532052,1.9625259999429545,1205.510871000115,753.0
1780755286,5,GET,/health,0.200000,0.000000,2,2,2,2,2,2,2,2,2,2,2,457,0,3,17.857842903718296,2.017066000007617,885.8155679999982,57.0
1780755286,5,,Aggregated,2.200000,0.000000,140,140,140,140,140,140,170,170,170,170,170,6015,0,220,697.1281730335835,1.9625259999429545,6935.442493999972,2725.527847049044
1780755287,5,POST,/api/book,1.500000,0.000000,140,140,140,140,140,170,170,170,170,170,170,4638,0,340,896.5636255569242,91.32261600007041,6935.442493999972,3382.0394566623545
1780755287,5,GET,/api/concerts,0.500000,0.000000,3,3,3,3,3,3,3,3,3,3,3,924,0,3,29.620783796532052,1.9625259999429545,1205.510871000115,753.0
1780755287,5,GET,/health,0.100000,0.000000,2,2,2,2,2,2,2,2,2,2,2,458,0,3,17.82428451746545,2.017066000007617,885.8155679999982,57.0
1780755287,5,,Aggregated,2.100000,0.000000,140,140,140,140,140,140,170,170,170,170,170,6020,0,220,696.6437245631238,1.9625259999429545,6935.442493999972,2725.5443521594684
1780755288,5,POST,/api/book,1.700000,0.000000,140,140,140,140,140,170,170,170,170,170,170,4640,0,340,896.237605449141,91.32261600007041,6935.442493999972,3382.0452586206898
1780755288,5,GET,/api/concerts,0.500000,0.000000,2,2,3,3,3,3,3,3,3,3,3,924,0,3,29.620783796532052,1.9625259999429545,1205.510871000115,753.0
1780755288,5,GET,/health,0.100000,0.000000,2,2,2,2,2,2,2,2,2,2,2,458,0,3,17.82428451746545,2.017066000007617,885.8155679999982,57.0
1780755288,5,,Aggregated,2.300000,0.000000,140,140,140,140,140,140,170,170,170,170,170,6022,0,220,696.4589199304227,1.9625259999429545,6935.442493999972,2725.7668548654933
1780755289,5,POST,/api/book,1.900000,0.000000,140,140,140,140,140,170,170,170,170,170,170,4642,0,340,895.9122466960392,91.32261600007041,6935.442493999972,3382.041146057734
1780755289,5,GET,/api/concerts,0.500000,0.000000,2,3,3,3,3,3,3,3,3,3,3,926,0,3,29.562152282932505,1.9625259999429545,1205.510871000115,753.0
1780755289,5,GET,/health,0.100000,0.000000,2,2,2,2,2,2,2,2,2,2,2,458,0,3,17.82428451746545,2.017066000007617,885.8155679999982,57.0
1780755289,5,,Aggregated,2.500000,0.000000,140,140,140,140,140,140,170,170,170,170,170,6026,0,220,696.044262277797,1.9625259999429545,6935.442493999972,2725.326750746764
1780755290,5,POST,/api/book,1.900000,0.000000,140,140,140,140,140,170,170,170,170,170,170,4643,0,340,895.7491200605243,91.32261600007041,6935.442493999972,3382.042644841697
1780755290,5,GET,/api/concerts,0.400000,0.000000,3,3,3,3,3,3,3,3,3,3,3,926,0,3,29.562152282932505,1.9625259999429545,1205.510871000115,753.0
1780755290,5,GET,/health,0.200000,0.000000,2,2,2,2,2,2,2,2,2,2,2,458,0,3,17.82428451746545,2.017066000007617,885.8155679999982,57.0
1780755290,5,,Aggregated,2.500000,0.000000,140,140,140,140,140,140,170,170,170,170,170,6027,0,220,695.9517570539248,1.9625259999429545,6935.442493999972,2725.436867429899
1780755291,5,POST,/api/book,1.900000,0.000000,140,140,140,140,140,170,170,170,170,170,170,4644,0,340,895.5857928227852,91.32261600007041,6935.442493999972,3382.034453057709
1780755291,5,GET,/api/concerts,0.400000,0.000000,3,3,3,3,3,3,3,3,3,3,3,927,0,3,29.533348708732913,1.9625259999429545,1205.510871000115,753.0
1780755291,5,GET,/health,0.200000,0.000000,2,2,2,2,2,2,2,2,2,2,2,458,0,3,17.82428451746545,2.017066000007617,885.8155679999982,57.0
1780755291,5,,Aggregated,2.500000,0.000000,140,140,140,140,140,140,170,170,170,170,170,6029,0,220,695.7441297779076,1.9625259999429545,6935.442493999972,2725.2123071819537
1780755292,5,POST,/api/book,2.000000,0.000000,140,140,140,140,310,310,310,310,310,310,310,4646,0,340,895.3326197145964,91.32261600007041,6935.442493999972,3382.032070598364
1780755292,5,GET,/api/concerts,0.400000,0.000000,3,3,3,3,3,3,3,3,3,3,3,927,0,3,29.533348708732913,1.9625259999429545,1205.510871000115,753.0
1780755292,5,GET,/health,0.200000,0.000000,2,2,3,3,3,3,3,3,3,3,3,459,0,3,17.791095860564706,2.017066000007617,885.8155679999982,57.0
1780755292,5,,Aggregated,2.600000,0.000000,140,140,140,140,170,310,310,310,310,310,310,6032,0,220,695.5004771961216,1.9625259999429545,6935.442493999972,2724.9859084880636
1780755293,5,POST,/api/book,2.000000,0.000000,140,140,140,140,310,310,310,310,310,310,310,4648,0,340,895.0021085441081,91.32261600007041,6935.442493999972,3382.0441049913943
1780755293,5,GET,/api/concerts,0.400000,0.000000,3,3,3,3,3,3,3,3,3,3,3,927,0,3,29.533348708732913,1.9625259999429545,1205.510871000115,753.0
1780755293,5,GET,/health,0.200000,0.000000,3,3,3,3,3,3,3,3,3,3,3,459,0,3,17.791095860564706,2.017066000007617,885.8155679999982,57.0
1780755293,5,,Aggregated,2.600000,0.000000,140,140,140,140,140,310,310,310,310,310,310,6034,0,220,695.3121192850524,1.9625259999429545,6935.442493999972,2725.2129598939346
1780755294,5,POST,/api/book,1.900000,0.000000,140,140,140,140,140,310,310,310,310,310,310,4652,0,340,894.3382752706393,91.32261600007041,6935.442493999972,3382.052450558899
1780755294,5,GET,/api/concerts,0.400000,0.000000,3,3,3,3,3,3,3,3,3,3,3,927,0,3,29.533348708732913,1.9625259999429545,1205.510871000115,753.0
1780755294,5,GET,/health,0.100000,0.000000,3,3,3,3,3,3,3,3,3,3,3,459,0,3,17.791095860564706,2.017066000007617,885.8155679999982,57.0
1780755294,5,,Aggregated,2.400000,0.000000,140,140,140,140,140,310,310,310,310,310,310,6038,0,220,694.9329552520712,1.9625259999429545,6935.442493999972,2725.6545213646905
1780755295,5,POST,/api/book,1.900000,0.000000,140,140,140,140,310,310,310,310,310,310,310,4654,0,340,894.0157206869391,91.32261600007041,6935.442493999972,3382.0618822518263
1780755295,5,GET,/api/concerts,0.400000,0.000000,3,3,3,3,3,3,3,3,3,3,3,927,0,3,29.533348708732913,1.9625259999429545,1205.510871000115,753.0
1780755295,5,GET,/health,0.100000,0.000000,3,3,3,3,3,3,3,3,3,3,3,459,0,3,17.791095860564706,2.017066000007617,885.8155679999982,57.0
1780755295,5,,Aggregated,2.400000,0.000000,140,140,140,140,150,310,310,310,310,310,310,6040,0,220,694.7504455844381,1.9625259999429545,6935.442493999972,2725.8791390728475
1780755296,5,POST,/api/book,2.100000,0.000000,140,140,140,140,150,310,310,310,310,310,310,4657,0,340,893.5161506006042,91.32261600007041,6935.442493999972,3382.0517500536826
1780755296,5,GET,/api/concerts,0.300000,0.000000,3,3,3,3,3,3,3,3,3,3,3,927,0,3,29.533348708732913,1.9625259999429545,1205.510871000115,753.0
1780755296,5,GET,/health,0.200000,0.000000,3,3,3,3,3,3,3,3,3,3,3,459,0,3,17.791095860564706,2.017066000007617,885.8155679999982,57.0
1780755296,5,,Aggregated,2.600000,0.000000,140,140,140,140,150,310,310,310,310,310,310,6043,0,220,694.4643787191802,1.9625259999429545,6935.442493999972,2726.1970875393017
1780755297,5,POST,/api/book,2.400000,0.000000,140,140,140,140,310,310,310,310,310,310,310,4659,0,340,893.1917603528684,91.32261600007041,6935.442493999972,3382.0382056235244
1780755297,5,GET,/api/concerts,0.300000,0.000000,3,3,3,3,3,3,3,3,3,3,3,927,0,3,29.533348708732913,1.9625259999429545,1205.510871000115,753.0
1780755297,5,GET,/health,0.200000,0.000000,3,3,3,3,3,3,3,3,3,3,3,459,0,3,17.791095860564706,2.017066000007617,885.8155679999982,57.0
1780755297,5,,Aggregated,2.900000,0.000000,140,140,140,140,150,310,310,310,310,310,310,6045,0,220,694.2802214618702,1.9625259999429545,6935.442493999972,2726.4036393713814
1780755298,5,POST,/api/book,2.200000,0.000000,140,140,140,150,240,310,310,310,310,310,310,4662,0,340,892.7498223691579,91.32261600007041,6935.442493999972,3382.039897039897
1780755298,5,GET,/api/concerts,0.300000,0.000000,3,3,3,3,3,3,3,3,3,3,3,927,0,3,29.533348708732913,1.9625259999429545,1205.510871000115,753.0
1780755298,5,GET,/health,0.200000,0.000000,3,3,3,3,3,3,3,3,3,3,3,459,0,3,17.791095860564706,2.017066000007617,885.8155679999982,57.0
1780755298,5,,Aggregated,2.700000,0.000000,140,140,140,150,240,310,310,310,310,310,310,6048,0,220,694.038227370702,1.9625259999429545,6935.442493999972,2726.7301587301586
1780755299,5,POST,/api/book,2.200000,0.000000,140,140,140,150,240,310,310,310,310,310,310,4665,0,340,892.2655901511284,91.32261600007041,6935.442493999972,3382.038370846731
1780755299,5,GET,/api/concerts,0.300000,0.000000,3,3,3,3,3,3,3,3,3,3,3,927,0,3,29.533348708732913,1.9625259999429545,1205.510871000115,753.0
1780755299,5,GET,/health,0.200000,0.000000,3,3,3,3,3,3,3,3,3,3,3,459,0,3,17.791095860564706,2.017066000007617,885.8155679999982,57.0
1780755299,5,,Aggregated,2.700000,0.000000,140,140,140,150,240,310,310,310,310,310,310,6051,0,220,693.7634284098506,1.9625259999429545,6935.442493999972,2727.053875392497
1780755300,5,POST,/api/book,2.200000,0.000000,140,140,140,150,240,310,310,310,310,310,310,4667,0,340,891.9435738386574,91.32261600007041,6935.442493999972,3382.0312834797514
1780755300,5,GET,/api/concerts,0.300000,0.000000,3,3,3,3,3,3,3,3,3,3,3,927,0,3,29.533348708732913,1.9625259999429545,1205.510871000115,753.0
1780755300,5,GET,/health,0.200000,0.000000,3,3,3,3,3,3,3,3,3,3,3,459,0,3,17.791095860564706,2.017066000007617,885.8155679999982,57.0
1780755300,5,,Aggregated,2.700000,0.000000,140,140,140,140,240,310,310,310,310,310,310,6053,0,220,693.5807345709575,1.9625259999429545,6935.442493999972,2727.2648273583345
1780755301,5,POST,/api/book,2.300000,0.000000,140,140,140,150,240,310,310,310,310,310,310,4667,0,340,891.9435738386574,91.32261600007041,6935.442493999972,3382.0312834797514
1780755301,5,GET,/api/concerts,0.100000,0.000000,3,3,11,11,11,11,11,11,11,11,11,929,0,3,29.483901649079996,1.9625259999429545,1205.510871000115,753.0
1780755301,5,GET,/health,0.100000,0.000000,3,3,3,3,3,3,3,3,3,3,3,459,0,3,17.791095860564706,2.017066000007617,885.8155679999982,57.0
1780755301,5,,Aggregated,2.500000,0.000000,140,140,140,140,240,310,310,310,310,310,310,6055,0,220,693.3538095354262,1.9625259999429545,6935.442493999972,2726.6127167630057
1780755302,5,POST,/api/book,2.500000,0.000000,140,140,140,150,240,410,470,470,470,470,470,4669,0,340,891.7505163591806,91.32261600007041,6935.442493999972,3382.0349111158707
1780755302,5,GET,/api/concerts,0.100000,0.000000,11,11,60,60,60,60,60,60,60,60,60,930,0,3,29.51717777633915,1.9625259999429545,1205.510871000115,753.0
1780755302,5,GET,/health,0.100000,0.000000,3,3,3,3,3,3,3,3,3,3,3,459,0,3,17.791095860564706,2.017066000007617,885.8155679999982,57.0
1780755302,5,,Aggregated,2.700000,0.000000,140,140,140,150,240,410,470,470,470,470,470,6058,0,220,693.16610254424,1.9625259999429545,6935.442493999972,2726.506107626279
1780755303,5,POST,/api/book,2.300000,0.000000,140,140,150,240,290,410,470,470,470,470,470,4671,0,340,891.4625123553873,91.32261600007041,6935.442493999972,3382.0336116463286
1780755303,5,GET,/api/concerts,0.100000,0.000000,11,11,60,60,60,60,60,60,60,60,60,930,0,3,29.51717777633915,1.9625259999429545,1205.510871000115,753.0
1780755303,5,GET,/health,0.100000,0.000000,3,3,3,3,3,3,3,3,3,3,3,459,0,3,17.791095860564706,2.017066000007617,885.8155679999982,57.0
1780755303,5,,Aggregated,2.500000,0.000000,140,140,150,240,290,410,470,470,470,470,470,6060,0,220,693.0096507498358,1.9625259999429545,6935.442493999972,2726.7214521452147
1780755304,5,POST,/api/book,2.400000,0.000000,140,140,240,240,410,470,470,470,470,470,470,4673,0,340,891.1409676948458,91.32261600007041,6935.442493999972,3382.0340252514443
1780755304,5,GET,/api/concerts,0.300000,0.000000,11,11,60,60,60,60,60,60,60,60,60,930,0,3,29.51717777633915,1.9625259999429545,1205.510871000115,753.0
1780755304,5,GET,/health,0.100000,0.000000,3,3,3,3,3,3,3,3,3,3,3,460,0,3,17.757874306520108,2.017066000007617,885.8155679999982,57.0
1780755304,5,,Aggregated,2.800000,0.000000,140,140,150,240,290,410,470,470,470,470,470,6063,0,220,692.7133992332186,1.9625259999429545,6935.442493999972,2726.4976084446644
1780755305,5,POST,/api/book,2.200000,0.000000,140,140,240,240,410,470,470,470,470,470,470,4676,0,340,890.6582829625779,91.32261600007041,6935.442493999972,3382.038280581694
1780755305,5,GET,/api/concerts,0.300000,0.000000,11,11,60,60,60,60,60,60,60,60,60,930,0,3,29.51717777633915,1.9625259999429545,1205.510871000115,753.0
1780755305,5,GET,/health,0.000000,0.000000,3,3,3,3,3,3,3,3,3,3,3,460,0,3,17.757874306520108,2.017066000007617,885.8155679999982,57.0
1780755305,5,,Aggregated,2.500000,0.000000,140,140,150,240,290,410,470,470,470,470,470,6066,0,220,692.4394541124307,1.9625259999429545,6935.442493999972,2726.8250906693042
1780755306,5,POST,/api/book,2.200000,0.000000,140,140,240,240,410,470,470,470,470,470,470,4678,0,340,890.336506969862,91.32261600007041,6935.442493999972,3382.026507054297
1780755306,5,GET,/api/concerts,0.300000,0.000000,11,11,60,60,60,60,60,60,60,60,60,930,0,3,29.51717777633915,1.9625259999429545,1205.510871000115,753.0
1780755306,5,GET,/health,0.100000,0.000000,3,3,3,3,3,3,3,3,3,3,3,460,0,3,17.757874306520108,2.017066000007617,885.8155679999982,57.0
1780755306,5,,Aggregated,2.600000,0.000000,140,140,150,240,290,410,470,470,470,470,470,6068,0,220,692.2567200260389,1.9625259999429545,6935.442493999972,2727.0319709953856
1780755307,5,POST,/api/book,2.000000,0.000000,140,140,140,150,410,470,470,470,470,470,470,4680,0,340,890.0157989861141,91.32261600007041,6935.442493999972,3382.0081196581195
1780755307,5,GET,/api/concerts,0.300000,0.000000,11,11,60,60,60,60,60,60,60,60,60,930,0,3,29.51717777633915,1.9625259999429545,1205.510871000115,753.0
1780755307,5,GET,/health,0.100000,0.000000,3,3,3,3,3,3,3,3,3,3,3,460,0,3,17.757874306520108,2.017066000007617,885.8155679999982,57.0
1780755307,5,,Aggregated,2.400000,0.000000,140,140,140,140,290,410,470,470,470,470,470,6070,0,220,692.0747177542015,1.9625259999429545,6935.442493999972,2727.233607907743
1780755308,5,POST,/api/book,2.100000,0.000000,140,140,140,150,410,470,470,470,470,470,470,4683,0,340,889.5274062573167,91.32261600007041,6935.442493999972,3382.0140935297886
1780755308,5,GET,/api/concerts,0.300000,0.000000,11,11,60,60,60,60,60,60,60,60,60,931,0,3,29.488267943066884,1.9625259999429545,1205.510871000115,753.0
1780755308,5,GET,/health,0.100000,0.000000,3,3,3,3,3,3,3,3,3,3,3,460,0,3,17.757874306520108,2.017066000007617,885.8155679999982,57.0
1780755308,5,,Aggregated,2.500000,0.000000,140,140,140,140,290,410,470,470,470,470,470,6074,0,220,691.6824239609817,1.9625259999429545,6935.442493999972,2727.236582153441
1780755309,5,POST,/api/book,2.100000,0.000000,140,140,140,150,410,470,470,470,470,470,470,4684,0,340,889.3674344886879,91.32261600007041,6935.442493999972,3382.0134500426984
1780755309,5,GET,/api/concerts,0.300000,0.000000,3,11,11,60,60,60,60,60,60,60,60,932,0,3,29.45935021887897,1.9625259999429545,1205.510871000115,753.0
1780755309,5,GET,/health,0.100000,0.000000,3,3,3,3,3,3,3,3,3,3,3,460,0,3,17.757874306520108,2.017066000007617,885.8155679999982,57.0
1780755309,5,,Aggregated,2.500000,0.000000,140,140,140,140,290,410,470,470,470,470,470,6076,0,220,691.4782422202113,1.9625259999429545,6935.442493999972,2727.018926925609
1780755310,5,POST,/api/book,2.100000,0.000000,140,140,140,150,410,470,470,470,470,470,470,4684,0,340,889.3674344886879,91.32261600007041,6935.442493999972,3382.0134500426984
1780755310,5,GET,/api/concerts,0.300000,0.000000,11,11,60,60,60,60,60,60,60,60,60,932,0,3,29.45935021887897,1.9625259999429545,1205.510871000115,753.0
1780755310,5,GET,/health,0.100000,0.000000,3,3,3,3,3,3,3,3,3,3,3,460,0,3,17.757874306520108,2.017066000007617,885.8155679999982,57.0
1780755310,5,,Aggregated,2.500000,0.000000,140,140,140,140,290,410,470,470,470,470,470,6076,0,220,691.4782422202113,1.9625259999429545,6935.442493999972,2727.018926925609
1780755311,5,POST,/api/book,1.900000,0.000000,140,140,140,140,290,470,470,470,470,470,470,4687,0,340,888.8876340328599,91.32261600007041,6935.442493999972,3382.0119479411137
1780755311,5,GET,/api/concerts,0.400000,0.000000,3,11,11,60,60,60,60,60,60,60,60,933,0,3,29.43043657662926,1.9625259999429545,1205.510871000115,753.0
1780755311,5,GET,/health,0.100000,0.000000,3,3,3,3,3,3,3,3,3,3,3,460,0,3,17.757874306520108,2.017066000007617,885.8155679999982,57.0
1780755311,5,,Aggregated,2.400000,0.000000,140,140,140,140,150,290,470,470,470,470,470,6080,0,220,691.0926908254941,1.9625259999429545,6935.442493999972,2727.016282894737
1780755312,5,POST,/api/book,1.700000,0.000000,140,140,140,140,140,150,150,150,150,150,150,4689,0,340,888.5628234103251,91.32261600007041,6935.442493999972,3381.998720409469
1780755312,5,GET,/api/concerts,0.500000,0.000000,3,11,11,60,60,60,60,60,60,60,60,933,0,3,29.43043657662926,1.9625259999429545,1205.510871000115,753.0
1780755312,5,GET,/health,0.100000,0.000000,3,3,3,3,3,3,3,3,3,3,3,460,0,3,17.757874306520108,2.017066000007617,885.8155679999982,57.0
1780755312,5,,Aggregated,2.300000,0.000000,140,140,140,140,140,140,150,150,150,150,150,6082,0,220,690.9073164219013,1.9625259999429545,6935.442493999972,2727.2214731996055
1780755313,5,POST,/api/book,2.000000,0.000000,140,140,140,140,140,140,140,140,140,140,140,4690,0,340,888.4026723569326,91.32261600007041,6935.442493999972,3382.002985074627
1780755313,5,GET,/api/concerts,0.400000,0.000000,3,11,11,60,60,60,60,60,60,60,60,933,0,3,29.43043657662926,1.9625259999429545,1205.510871000115,753.0
1780755313,5,GET,/health,0.100000,0.000000,3,3,3,3,3,3,3,3,3,3,3,460,0,3,17.757874306520108,2.017066000007617,885.8155679999982,57.0
1780755313,5,,Aggregated,2.500000,0.000000,140,140,140,140,140,140,140,140,140,140,140,6083,0,220,690.8163328721031,1.9625259999429545,6935.442493999972,2727.33240177544
1780755314,5,POST,/api/book,2.000000,0.000000,140,140,140,140,140,140,140,140,140,140,140,4692,0,340,888.0757946532425,91.32261600007041,6935.442493999972,3382.0040494458653
1780755314,5,GET,/api/concerts,0.400000,0.000000,3,3,3,3,3,3,3,3,3,3,3,933,0,3,29.43043657662926,1.9625259999429545,1205.510871000115,753.0
1780755314,5,GET,/health,0.100000,0.000000,3,3,3,3,3,3,3,3,3,3,3,460,0,3,17.757874306520108,2.017066000007617,885.8155679999982,57.0
1780755314,5,,Aggregated,2.500000,0.000000,140,140,140,140,140,140,140,140,140,140,140,6085,0,220,690.6292272834845,1.9625259999429545,6935.442493999972,2727.5483976992605
1780755315,5,POST,/api/book,2.000000,0.000000,140,140,140,140,140,140,140,140,140,140,140,4693,0,340,887.9155100468813,91.32261600007041,6935.442493999972,3382.0106541657788
1780755315,5,GET,/api/concerts,0.300000,0.000000,3,3,3,3,3,3,3,3,3,3,3,933,0,3,29.43043657662926,1.9625259999429545,1205.510871000115,753.0
1780755315,5,GET,/health,0.100000,0.000000,3,3,3,3,3,3,3,3,3,3,3,461,0,3,17.724396052058932,2.017066000007617,885.8155679999982,57.0
1780755315,5,,Aggregated,2.400000,0.000000,140,140,140,140,140,140,140,140,140,140,140,6087,0,220,690.4250094555615,1.9625259999429545,6935.442493999972,2727.222276983736
1780755316,5,POST,/api/book,2.000000,0.000000,140,140,140,140,140,140,140,140,140,140,140,4695,0,340,887.5970019586824,91.32261600007041,6935.442493999972,3382.0115015974443
1780755316,5,GET,/api/concerts,0.300000,0.000000,3,3,3,3,3,3,3,3,3,3,3,933,0,3,29.43043657662926,1.9625259999429545,1205.510871000115,753.0
1780755316,5,GET,/health,0.000000,0.000000,2,2,3,3,3,3,3,3,3,3,3,462,0,3,17.6910526515134,2.017066000007617,885.8155679999982,57.0
1780755316,5,,Aggregated,2.300000,0.000000,140,140,140,140,140,140,140,140,140,140,140,6090,0,220,690.131328053695,1.9625259999429545,6935.442493999972,2726.9995073891628
1780755317,5,POST,/api/book,1.900000,0.000000,140,140,140,140,140,140,140,140,140,140,140,4696,0,340,887.4334454663574,91.32261600007041,6935.442493999972,3382.015119250426
1780755317,5,GET,/api/concerts,0.300000,0.000000,3,3,3,3,3,3,3,3,3,3,3,933,0,3,29.43043657662926,1.9625259999429545,1205.510871000115,753.0
1780755317,5,GET,/health,0.100000,0.000000,2,2,3,3,3,3,3,3,3,3,3,463,0,3,17.658086565872704,2.017066000007617,885.8155679999982,57.0
1780755317,5,,Aggregated,2.300000,0.000000,140,140,140,140,140,140,140,140,140,140,140,6092,0,220,689.9247786139204,1.9625259999429545,6935.442493999972,2726.6715364412344
1780755318,5,POST,/api/book,1.900000,0.000000,140,140,140,140,140,140,140,140,140,140,140,4699,0,340,886.9572506809989,91.32261600007041,6935.442493999972,3382.029155139391
1780755318,5,GET,/api/concerts,0.300000,0.000000,3,3,3,3,3,3,3,3,3,3,3,933,0,3,29.43043657662926,1.9625259999429545,1205.510871000115,753.0
1780755318,5,GET,/health,0.100000,0.000000,2,2,2,2,2,2,2,2,2,2,2,463,0,3,17.658086565872704,2.017066000007617,885.8155679999982,57.0
1780755318,5,,Aggregated,2.300000,0.000000,140,140,140,140,140,140,140,140,140,140,140,6095,0,220,689.6548666703859,1.9625259999429545,6935.442493999972,2727.004922067268
1780755319,5,POST,/api/book,1.600000,0.000000,140,140,140,140,140,140,140,140,140,140,140,4701,0,330,886.6397113743913,91.32261600007041,6935.442493999972,3382.017017655818
1780755319,5,GET,/api/concerts,0.300000,0.000000,3,3,3,3,3,3,3,3,3,3,3,933,0,3,29.43043657662926,1.9625259999429545,1205.510871000115,753.0
1780755319,5,GET,/health,0.200000,0.000000,2,2,2,2,2,2,2,2,2,2,2,463,0,3,17.658086565872704,2.017066000007617,885.8155679999982,57.0
1780755319,5,,Aggregated,2.100000,0.000000,140,140,140,140,140,140,140,140,140,140,140,6097,0,220,689.4747539079879,1.9625259999429545,6935.442493999972,2727.210431359685
1780755320,5,POST,/api/book,1.700000,0.000000,140,140,140,140,140,140,140,140,140,140,140,4704,0,330,886.1600118518312,91.32261600007041,6935.442493999972,3382.0133928571427
1780755320,5,GET,/api/concerts,0.300000,0.000000,2,2,2,2,2,2,2,2,2,2,2,933,0,3,29.43043657662926,1.9625259999429545,1205.510871000115,753.0
1780755320,5,GET,/health,0.300000,0.000000,2,2,2,2,2,2,2,2,2,2,2,463,0,3,17.658086565872704,2.017066000007617,885.8155679999982,57.0
1780755320,5,,Aggregated,2.300000,0.000000,140,140,140,140,140,140,140,140,140,140,140,6100,0,220,689.201801173279,1.9625259999429545,6935.442493999972,2727.5296721311474
1780755321,5,POST,/api/book,1.600000,0.000000,140,140,140,140,140,140,140,140,140,140,140,4705,0,330,886.001271218919,91.32261600007041,6935.442493999972,3382.0089266737514
1780755321,5,GET,/api/concerts,0.200000,0.000000,2,2,2,2,2,2,2,2,2,2,2,933,0,3,29.43043657662926,1.9625259999429545,1205.510871000115,753.0
1780755321,5,GET,/health,0.300000,0.000000,2,2,2,2,2,2,2,2,2,2,2,463,0,3,17.658086565872704,2.017066000007617,885.8155679999982,57.0
1780755321,5,,Aggregated,2.100000,0.000000,140,140,140,140,140,140,140,140,140,140,140,6101,0,220,689.1116657090644,1.9625259999429545,6935.442493999972,2727.6335027044747
1780755322,5,POST,/api/book,1.900000,0.000000,140,140,140,140,140,140,140,140,140,140,140,4705,0,330,886.001271218919,91.32261600007041,6935.442493999972,3382.0089266737514
1780755322,5,GET,/api/concerts,0.100000,0.000000,3,3,3,3,3,3,3,3,3,3,3,936,0,3,29.34401281623449,1.9625259999429545,1205.510871000115,753.0
1780755322,5,GET,/health,0.300000,0.000000,2,2,2,2,2,2,2,2,2,2,2,463,0,3,17.658086565872704,2.017066000007617,885.8155679999982,57.0
1780755322,5,,Aggregated,2.300000,0.000000,140,140,140,140,140,140,140,140,140,140,140,6104,0,220,688.7741925231,1.9625259999429545,6935.442493999972,2726.663007863696
1780755323,5,POST,/api/book,1.700000,0.000000,140,140,140,140,140,140,140,140,140,140,140,4707,0,330,885.683823839391,91.32261600007041,6935.442493999972,3382.002761844062
1780755323,5,GET,/api/concerts,0.100000,0.000000,3,3,3,3,3,3,3,3,3,3,3,936,0,3,29.34401281623449,1.9625259999429545,1205.510871000115,753.0
1780755323,5,GET,/health,0.300000,0.000000,2,2,2,2,2,2,2,2,2,2,2,463,0,3,17.658086565872704,2.017066000007617,885.8155679999982,57.0
1780755323,5,,Aggregated,2.100000,0.000000,140,140,140,140,140,140,140,140,140,140,140,6106,0,220,688.5940794117266,1.9625259999429545,6935.442493999972,2726.872911889944
1780755324,5,POST,/api/book,1.700000,0.000000,140,140,140,140,140,140,140,140,140,140,140,4707,0,330,885.683823839391,91.32261600007041,6935.442493999972,3382.002761844062
1780755324,5,GET,/api/concerts,0.100000,0.000000,2,3,3,3,3,3,3,3,3,3,3,937,0,3,29.31529490180954,1.9625259999429545,1205.510871000115,753.0
1780755324,5,GET,/health,0.300000,0.000000,2,2,2,2,2,2,2,2,2,2,2,463,0,3,17.658086565872704,2.017066000007617,885.8155679999982,57.0
1780755324,5,,Aggregated,2.100000,0.000000,140,140,140,140,140,140,140,140,140,140,140,6107,0,220,688.4817233035865,1.9625259999429545,6935.442493999972,2726.5496970689373
1780755325,5,POST,/api/book,1.700000,0.000000,140,140,140,140,140,140,140,140,140,140,140,4710,0,330,885.2053245808946,91.32261600007041,6935.442493999972,3382.01974522293
1780755325,5,GET,/api/concerts,0.000000,0.000000,2,3,3,3,3,3,3,3,3,3,3,937,0,3,29.31529490180954,1.9625259999429545,1205.510871000115,753.0
1780755325,5,GET,/health,0.300000,0.000000,2,2,2,2,2,2,2,2,2,2,2,463,0,3,17.658086565872704,2.017066000007617,885.8155679999982,57.0
1780755325,5,,Aggregated,2.000000,0.000000,140,140,140,140,140,140,140,140,140,140,140,6110,0,220,688.2096897183311,1.9625259999429545,6935.442493999972,2726.8846153846152
1780755326,5,POST,/api/book,1.500000,0.000000,140,140,140,140,310,310,310,310,310,310,310,4713,0,330,884.7924761956319,91.32261600007041,6935.442493999972,3382.011882028432
1780755326,5,GET,/api/concerts,0.400000,0.000000,3,3,3,3,3,3,3,3,3,3,3,937,0,3,29.31529490180954,1.9625259999429545,1205.510871000115,753.0
1780755326,5,GET,/health,0.300000,0.000000,2,2,2,2,2,2,2,2,2,2,2,463,0,3,17.658086565872704,2.017066000007617,885.8155679999982,57.0
1780755326,5,,Aggregated,2.200000,0.000000,140,140,140,140,140,310,310,310,310,310,310,6113,0,220,687.9880689862591,1.9625259999429545,6935.442493999972,2727.20006543432
1780755327,5,POST,/api/book,1.700000,0.000000,140,140,140,140,310,310,310,310,310,310,310,4715,0,330,884.4716724992605,91.32261600007041,6935.442493999972,3382.015906680806
1780755327,5,GET,/api/concerts,0.400000,0.000000,3,3,3,3,3,3,3,3,3,3,3,937,0,3,29.31529490180954,1.9625259999429545,1205.510871000115,753.0
1780755327,5,GET,/health,0.200000,0.000000,2,2,2,2,2,2,2,2,2,2,2,463,0,3,17.658086565872704,2.017066000007617,885.8155679999982,57.0
1780755327,5,,Aggregated,2.300000,0.000000,140,140,140,140,140,310,310,310,310,310,310,6115,0,220,687.8050795154543,1.9625259999429545,6935.442493999972,2727.4173344235487
1780755328,5,POST,/api/book,1.700000,0.000000,140,140,140,140,310,310,310,310,310,310,310,4717,0,330,884.1554305448407,91.32261600007041,6935.442493999972,3382.008267966928
1780755328,5,GET,/api/concerts,0.400000,0.000000,3,3,3,3,3,3,3,3,3,3,3,938,0,3,29.287066970144494,1.9625259999429545,1205.510871000115,753.0
1780755328,5,GET,/health,0.200000,0.000000,2,2,2,2,2,2,2,2,2,2,2,463,0,3,17.658086565872704,2.017066000007617,885.8155679999982,57.0
1780755328,5,,Aggregated,2.300000,0.000000,140,140,140,140,140,310,310,310,310,310,310,6118,0,220,687.5135875740443,1.9625259999429545,6935.442493999972,2727.302713305002
1780755329,5,POST,/api/book,1.900000,0.000000,140,140,140,270,310,320,320,320,320,320,320,4720,0,330,883.7499702235198,91.32261600007041,6935.442493999972,3382.0108050847457
1780755329,5,GET,/api/concerts,0.400000,0.000000,3,3,3,3,3,3,3,3,3,3,3,938,0,3,29.287066970144494,1.9625259999429545,1205.510871000115,753.0
1780755329,5,GET,/health,0.100000,0.000000,2,2,2,2,2,2,2,2,2,2,2,463,0,3,17.658086565872704,2.017066000007617,885.8155679999982,57.0
1780755329,5,,Aggregated,2.400000,0.000000,140,140,140,140,310,310,320,320,320,320,320,6121,0,220,687.297308013887,1.9625259999429545,6935.442493999972,2727.6255513804936
1780755330,5,POST,/api/book,1.700000,0.000000,140,140,140,270,310,320,320,320,320,320,320,4721,0,330,883.5920773692043,91.32261600007041,6935.442493999972,3382.007837322601
1780755330,5,GET,/api/concerts,0.400000,0.000000,3,3,3,3,3,3,3,3,3,3,3,938,0,3,29.287066970144494,1.9625259999429545,1205.510871000115,753.0
1780755330,5,GET,/health,0.000000,0.000000,2,2,2,2,2,2,2,2,2,2,2,463,0,3,17.658086565872704,2.017066000007617,885.8155679999982,57.0
1780755330,5,,Aggregated,2.100000,0.000000,140,140,140,140,310,310,320,320,320,320,320,6122,0,220,687.2076380525976,1.9625259999429545,6935.442493999972,2727.730153544593
1780755331,5,POST,/api/book,1.900000,0.000000,140,140,140,270,310,320,320,320,320,320,320,4724,0,330,883.1190074439062,91.32261600007041,6935.442493999972,3382.0040220152414
1780755331,5,GET,/api/concerts,0.500000,0.000000,3,3,3,3,3,3,3,3,3,3,3,938,0,3,29.287066970144494,1.9625259999429545,1205.510871000115,753.0
1780755331,5,GET,/health,0.000000,0.000000,2,2,2,2,2,2,2,2,2,2,2,463,0,3,17.658086565872704,2.017066000007617,885.8155679999982,57.0
1780755331,5,,Aggregated,2.400000,0.000000,140,140,140,140,310,310,320,320,320,320,320,6125,0,220,686.9389639286536,1.9625259999429545,6935.442493999972,2728.047673469388
1780755332,5,POST,/api/book,1.900000,0.000000,140,140,140,270,310,320,320,320,320,320,320,4726,0,330,882.8003788605613,91.32261600007041,6935.442493999972,3382.0084638171816
1780755332,5,GET,/api/concerts,0.500000,0.000000,3,3,3,3,3,3,3,3,3,3,3,938,0,3,29.287066970144494,1.9625259999429545,1205.510871000115,753.0
1780755332,5,GET,/health,0.000000,0.000000,2,2,2,2,2,2,2,2,2,2,2,463,0,3,17.658086565872704,2.017066000007617,885.8155679999982,57.0
1780755332,5,,Aggregated,2.400000,0.000000,140,140,140,140,310,310,320,320,320,320,320,6127,0,220,686.7572308459282,1.9625259999429545,6935.442493999972,2728.264566672107
1780755333,5,POST,/api/book,1.800000,0.000000,140,140,140,140,310,310,320,320,320,320,320,4728,0,330,882.4806305936997,91.32261600007041,6935.442493999972,3382.0084602368865
1780755333,5,GET,/api/concerts,0.500000,0.000000,3,3,3,3,3,3,3,3,3,3,3,938,0,3,29.287066970144494,1.9625259999429545,1205.510871000115,753.0
1780755333,5,GET,/health,0.000000,0.000000,2,2,2,2,2,2,2,2,2,2,2,463,0,3,17.658086565872704,2.017066000007617,885.8155679999982,57.0
1780755333,5,,Aggregated,2.300000,0.000000,140,140,140,140,310,310,320,320,320,320,320,6129,0,220,686.5745446802092,1.9625259999429545,6935.442493999972,2728.4778919889054
1780755334,5,POST,/api/book,2.100000,0.000000,140,140,140,270,310,320,320,320,320,320,320,4730,0,330,882.157262606768,91.32261600007041,6935.442493999972,3382.019027484144
1780755334,5,GET,/api/concerts,0.500000,0.000000,3,3,3,3,3,3,3,3,3,3,3,938,0,3,29.287066970144494,1.9625259999429545,1205.510871000115,753.0
1780755334,5,GET,/health,0.000000,0.000000,2,2,2,2,2,2,2,2,2,2,2,463,0,3,17.658086565872704,2.017066000007617,885.8155679999982,57.0
1780755334,5,,Aggregated,2.600000,0.000000,140,140,140,140,310,310,320,320,320,320,320,6131,0,220,686.3889765173711,1.9625259999429545,6935.442493999972,2728.6992334040124
1780755335,5,POST,/api/book,2.100000,0.000000,140,140,140,140,140,270,320,320,320,320,320,4733,0,330,881.6867241614226,91.32261600007041,6935.442493999972,3382.0234523557997
1780755335,5,GET,/api/concerts,0.200000,0.000000,3,3,3,3,3,3,3,3,3,3,3,938,0,3,29.287066970144494,1.9625259999429545,1205.510871000115,753.0
1780755335,5,GET,/health,0.000000,0.000000,0,0,0,0,0,0,0,0,0,0,0,463,0,3,17.658086565872704,2.017066000007617,885.8155679999982,57.0
1780755335,5,,Aggregated,2.300000,0.000000,140,140,140,140,140,270,320,320,320,320,320,6134,0,220,686.1216544431043,1.9625259999429545,6935.442493999972,2729.0221715030975
1780755336,5,POST,/api/book,2.100000,0.000000,140,140,140,140,140,270,320,320,320,320,320,4735,0,330,881.3633950604041,91.32261600007041,6935.442493999972,3382.0190073917634
1780755336,5,GET,/api/concerts,0.100000,0.000000,3,3,3,3,3,3,3,3,3,3,3,938,0,3,29.287066970144494,1.9625259999429545,1205.510871000115,753.0
1780755336,5,GET,/health,0.000000,0.000000,2,2,2,2,2,2,2,2,2,2,2,464,0,3,17.625062327584192,2.017066000007617,885.8155679999982,57.0
1780755336,5,,Aggregated,2.200000,0.000000,140,140,140,140,140,270,320,320,320,320,320,6137,0,210,685.8245027454784,1.9625259999429545,6935.442493999972,2728.7961544728696
1780755337,5,POST,/api/book,2.200000,0.000000,140,140,140,140,270,320,320,320,320,320,320,4736,0,330,881.2068819056193,91.32261600007041,6935.442493999972,3382.0154138513512
1780755337,5,GET,/api/concerts,0.100000,0.000000,3,3,3,3,3,3,3,3,3,3,3,939,0,3,29.258539738014274,1.9625259999429545,1205.510871000115,753.0
1780755337,5,GET,/health,0.000000,0.000000,2,2,2,2,2,2,2,2,2,2,2,464,0,3,17.625062327584192,2.017066000007617,885.8155679999982,57.0
1780755337,5,,Aggregated,2.300000,0.000000,140,140,140,140,140,270,320,320,320,320,320,6139,0,210,685.6243020750939,1.9625259999429545,6935.442493999972,2728.577944290601
1780755338,5,POST,/api/book,2.200000,0.000000,140,140,140,140,270,320,320,320,320,320,320,4737,0,330,881.0508292676827,91.32261600007041,6935.442493999972,3382.0200548870594
1780755338,5,GET,/api/concerts,0.100000,0.000000,2,2,3,3,3,3,3,3,3,3,3,940,0,3,29.230011605314374,1.9625259999429545,1205.510871000115,753.0
1780755338,5,GET,/health,0.100000,0.000000,2,2,2,2,2,2,2,2,2,2,2,464,0,3,17.625062327584192,2.017066000007617,885.8155679999982,57.0
1780755338,5,,Aggregated,2.400000,0.000000,140,140,140,140,140,270,320,320,320,320,320,6141,0,210,685.4245266357273,1.9625259999429545,6935.442493999972,2728.36622699886
1780755339,5,POST,/api/book,2.200000,0.000000,140,140,140,140,140,140,140,140,140,140,140,4738,0,330,880.8888835312397,91.32261600007041,6935.442493999972,3382.016673701984
1780755339,5,GET,/api/concerts,0.100000,0.000000,2,2,3,3,3,3,3,3,3,3,3,940,0,3,29.230011605314374,1.9625259999429545,1205.510871000115,753.0
1780755339,5,GET,/health,0.100000,0.000000,2,2,2,2,2,2,2,2,2,2,2,464,0,3,17.625062327584192,2.017066000007617,885.8155679999982,57.0
1780755339,5,,Aggregated,2.400000,0.000000,140,140,140,140,140,140,140,140,140,140,140,6142,0,210,685.3314506675353,1.9625259999429545,6935.442493999972,2728.470042331488
1780755340,5,POST,/api/book,2.100000,0.000000,140,140,140,140,140,140,140,140,140,140,140,4742,0,330,880.2587905769747,91.32261600007041,6935.442493999972,3382.025094896668
1780755340,5,GET,/api/concerts,0.200000,0.000000,2,2,3,3,3,3,3,3,3,3,3,940,0,3,29.230011605314374,1.9625259999429545,1205.510871000115,753.0
1780755340,5,GET,/health,0.100000,0.000000,2,2,2,2,2,2,2,2,2,2,2,464,0,3,17.625062327584192,2.017066000007617,885.8155679999982,57.0
1780755340,5,,Aggregated,2.400000,0.000000,140,140,140,140,140,140,140,140,140,140,140,6146,0,210,684.9725715497889,1.9625259999429545,6935.442493999972,2728.901887406443
1780755341,5,POST,/api/book,2.100000,0.000000,140,140,140,140,140,140,140,140,140,140,140,4742,0,330,880.2587905769747,91.32261600007041,6935.442493999972,3382.025094896668
1780755341,5,GET,/api/concerts,0.200000,0.000000,2,2,3,3,3,3,3,3,3,3,3,940,0,3,29.230011605314374,1.9625259999429545,1205.510871000115,753.0
1780755341,5,GET,/health,0.100000,0.000000,2,2,2,2,2,2,2,2,2,2,2,464,0,3,17.625062327584192,2.017066000007617,885.8155679999982,57.0
1780755341,5,,Aggregated,2.400000,0.000000,140,140,140,140,140,140,140,140,140,140,140,6146,0,210,684.9725715497889,1.9625259999429545,6935.442493999972,2728.901887406443
1780755342,5,POST,/api/book,2.000000,0.000000,140,140,140,140,140,140,140,140,140,140,140,4745,0,330,879.7837276398343,91.32261600007041,6935.442493999972,3382.0341412012644
1780755342,5,GET,/api/concerts,0.200000,0.000000,2,2,2,2,2,2,2,2,2,2,2,940,0,3,29.230011605314374,1.9625259999429545,1205.510871000115,753.0
1780755342,5,GET,/health,0.100000,0.000000,2,2,2,2,2,2,2,2,2,2,2,464,0,3,17.625062327584192,2.017066000007617,885.8155679999982,57.0
1780755342,5,,Aggregated,2.300000,0.000000,140,140,140,140,140,140,140,140,140,140,140,6149,0,210,684.7012567051557,1.9625259999429545,6935.442493999972,2729.227516669377
1780755343,5,POST,/api/book,2.000000,0.000000,140,140,140,140,140,140,140,140,140,140,140,4747,0,330,879.4718214430195,91.32261600007041,6935.442493999972,3382.049926269223
1780755343,5,GET,/api/concerts,0.200000,0.000000,2,2,2,2,2,2,2,2,2,2,2,941,0,3,29.201555032938725,1.9625259999429545,1205.510871000115,753.0
1780755343,5,GET,/health,0.100000,0.000000,2,2,2,2,2,2,2,2,2,2,2,464,0,3,17.625062327584192,2.017066000007617,885.8155679999982,57.0
1780755343,5,,Aggregated,2.300000,0.000000,140,140,140,140,140,140,140,140,140,140,140,6152,0,210,684.4131060786741,1.9625259999429545,6935.442493999972,2729.130689206762
1780755344,5,POST,/api/book,2.000000,0.000000,140,140,140,140,140,140,140,140,140,140,140,4747,0,330,879.4718214430195,91.32261600007041,6935.442493999972,3382.049926269223
1780755344,5,GET,/api/concerts,0.200000,0.000000,2,2,2,2,2,2,2,2,2,2,2,941,0,3,29.201555032938725,1.9625259999429545,1205.510871000115,753.0
1780755344,5,GET,/health,0.100000,0.000000,2,2,2,2,2,2,2,2,2,2,2,464,0,3,17.625062327584192,2.017066000007617,885.8155679999982,57.0
1780755344,5,,Aggregated,2.300000,0.000000,140,140,140,140,140,140,140,140,140,140,140,6152,0,210,684.4131060786741,1.9625259999429545,6935.442493999972,2729.130689206762
1780755345,5,POST,/api/book,1.900000,0.000000,140,140,140,140,320,340,340,340,340,340,340,4751,0,330,878.9233809425414,91.32261600007041,6935.442493999972,3382.050936644917
1780755345,5,GET,/api/concerts,0.300000,0.000000,2,2,2,2,2,2,2,2,2,2,2,941,0,3,29.201555032938725,1.9625259999429545,1205.510871000115,753.0
1780755345,5,GET,/health,0.100000,0.000000,2,2,2,2,2,2,2,2,2,2,2,464,0,3,17.625062327584192,2.017066000007617,885.8155679999982,57.0
1780755345,5,,Aggregated,2.300000,0.000000,140,140,140,140,320,340,340,340,340,340,340,6156,0,210,684.1165813944126,1.9625259999429545,6935.442493999972,2729.5557179987004
1780755346,5,POST,/api/book,1.900000,0.000000,140,140,140,150,320,340,340,340,340,340,340,4753,0,330,878.6137986568513,91.32261600007041,6935.442493999972,3382.0595413423102
1780755346,5,GET,/api/concerts,0.300000,0.000000,2,2,2,2,2,2,2,2,2,2,2,941,0,3,29.201555032938725,1.9625259999429545,1205.510871000115,753.0
1780755346,5,GET,/health,0.100000,0.000000,2,2,2,2,2,2,2,2,2,2,2,464,0,3,17.625062327584192,2.017066000007617,885.8155679999982,57.0
1780755346,5,,Aggregated,2.300000,0.000000,140,140,140,150,320,340,340,340,340,340,340,6158,0,210,683.940902439429,1.9625259999429545,6935.442493999972,2729.77427736278
1780755347,5,POST,/api/book,1.700000,0.000000,140,140,140,150,320,340,340,340,340,340,340,4755,0,330,878.2950059981102,91.32261600007041,6935.442493999972,3382.0662460567823
1780755347,5,GET,/api/concerts,0.300000,0.000000,2,2,2,2,2,2,2,2,2,2,2,941,0,3,29.201555032938725,1.9625259999429545,1205.510871000115,753.0
1780755347,5,GET,/health,0.100000,0.000000,2,2,2,2,2,2,2,2,2,2,2,464,0,3,17.625062327584192,2.017066000007617,885.8155679999982,57.0
1780755347,5,,Aggregated,2.100000,0.000000,140,140,140,150,320,340,340,340,340,340,340,6160,0,210,683.7580269037344,1.9625259999429545,6935.442493999972,2729.9912337662336
1780755348,5,POST,/api/book,1.700000,0.000000,140,140,150,150,320,340,340,340,340,340,340,4757,0,330,877.9883117479533,91.32261600007041,6935.442493999972,3382.0710531847803
1780755348,5,GET,/api/concerts,0.300000,0.000000,2,2,2,2,2,2,2,2,2,2,2,941,0,3,29.201555032938725,1.9625259999429545,1205.510871000115,753.0
1780755348,5,GET,/health,0.000000,0.000000,2,2,2,2,2,2,2,2,2,2,2,465,0,3,17.592470316126995,2.017066000007617,885.8155679999982,57.0
1780755348,5,,Aggregated,2.000000,0.000000,140,140,140,150,170,320,340,340,340,340,340,6163,0,210,683.4738862515015,1.9625259999429545,6935.442493999972,2729.7728379036184
1780755349,5,POST,/api/book,1.700000,0.000000,140,140,150,150,320,340,340,340,340,340,340,4758,0,330,877.8328667141685,91.32261600007041,6935.442493999972,3382.073139974779
1780755349,5,GET,/api/concerts,0.300000,0.000000,2,2,2,2,2,2,2,2,2,2,2,941,0,3,29.201555032938725,1.9625259999429545,1205.510871000115,753.0
1780755349,5,GET,/health,0.000000,0.000000,2,2,2,2,2,2,2,2,2,2,2,465,0,3,17.592470316126995,2.017066000007617,885.8155679999982,57.0
1780755349,5,,Aggregated,2.000000,0.000000,140,140,150,150,320,340,340,340,340,340,340,6164,0,210,683.3854545439656,1.9625259999429545,6935.442493999972,2729.880272550292
1780755350,5,POST,/api/book,1.800000,0.000000,140,140,150,150,320,340,340,340,340,340,340,4760,0,330,877.5129447768937,91.32261600007041,6935.442493999972,3382.080462184874
1780755350,5,GET,/api/concerts,0.300000,0.000000,5,5,5,5,5,5,5,5,5,5,5,942,0,3,29.17548641931555,1.9625259999429545,1205.510871000115,753.0
1780755350,5,GET,/health,0.000000,0.000000,2,2,2,2,2,2,2,2,2,2,2,465,0,3,17.592470316126995,2.017066000007617,885.8155679999982,57.0
1780755350,5,,Aggregated,2.100000,0.000000,140,140,140,150,170,320,340,340,340,340,340,6167,0,210,683.0915232758236,1.9625259999429545,6935.442493999972,2729.7768769255717
1780755351,5,POST,/api/book,2.000000,0.000000,140,140,150,150,320,340,340,340,340,340,340,4760,0,330,877.5129447768937,91.32261600007041,6935.442493999972,3382.080462184874
1780755351,5,GET,/api/concerts,0.100000,0.000000,3,3,5,5,5,5,5,5,5,5,5,944,0,3,29.11941115571516,1.9625259999429545,1205.510871000115,753.0
1780755351,5,GET,/health,0.100000,0.000000,2,2,2,2,2,2,2,2,2,2,2,465,0,3,17.592470316126995,2.017066000007617,885.8155679999982,57.0
1780755351,5,,Aggregated,2.200000,0.000000,120,140,140,150,170,320,340,340,340,340,340,6169,0,210,682.8709418002924,1.9625259999429545,6935.442493999972,2729.1360025936133
1780755352,5,POST,/api/book,2.000000,0.000000,140,150,150,170,320,340,340,340,340,340,340,4761,0,330,877.3591956265519,91.32261600007041,6935.442493999972,3382.0827557235875
1780755352,5,GET,/api/concerts,0.100000,0.000000,3,3,5,5,5,5,5,5,5,5,5,944,0,3,29.11941115571516,1.9625259999429545,1205.510871000115,753.0
1780755352,5,GET,/health,0.100000,0.000000,2,2,2,2,2,2,2,2,2,2,2,465,0,3,17.592470316126995,2.017066000007617,885.8155679999982,57.0
1780755352,5,,Aggregated,2.200000,0.000000,120,140,150,150,320,340,340,340,340,340,340,6170,0,210,682.7838497902761,1.9625259999429545,6935.442493999972,2729.2435980551054
1780755353,5,POST,/api/book,1.800000,0.000000,140,150,150,150,320,340,340,340,340,340,340,4764,0,330,876.8860801878703,91.32261600007041,6935.442493999972,3382.0732577665826
1780755353,5,GET,/api/concerts,0.300000,0.000000,3,3,5,5,5,5,5,5,5,5,5,944,0,3,29.11941115571516,1.9625259999429545,1205.510871000115,753.0
1780755353,5,GET,/health,0.100000,0.000000,3,3,3,3,3,3,3,3,3,3,3,466,0,3,17.56027493132852,2.017066000007617,885.8155679999982,57.0
1780755353,5,,Aggregated,2.200000,0.000000,120,140,150,150,170,320,340,340,340,340,340,6174,0,210,682.4031581250412,1.9625259999429545,6935.442493999972,2729.120667314545
1780755354,5,POST,/api/book,1.700000,0.000000,140,140,150,150,320,340,340,340,340,340,340,4765,0,330,876.726836376918,91.32261600007041,6935.442493999972,3382.0709338929696
1780755354,5,GET,/api/concerts,0.400000,0.000000,3,3,5,5,5,5,5,5,5,5,5,944,0,3,29.11941115571516,1.9625259999429545,1205.510871000115,753.0
1780755354,5,GET,/health,0.100000,0.000000,3,3,3,3,3,3,3,3,3,3,3,466,0,3,17.56027493132852,2.017066000007617,885.8155679999982,57.0
1780755354,5,,Aggregated,2.200000,0.000000,120,140,140,150,170,320,340,340,340,340,340,6175,0,210,682.3117712688266,1.9625259999429545,6935.442493999972,2729.2246153846154
1780755355,5,POST,/api/book,1.700000,0.000000,130,140,140,150,170,170,170,170,170,170,170,4768,0,330,876.2633282506323,91.32261600007041,6935.442493999972,3382.0723573825503
1780755355,5,GET,/api/concerts,0.300000,0.000000,3,3,5,5,5,5,5,5,5,5,5,945,0,3,29.091315031740805,1.9625259999429545,1205.510871000115,753.0
1780755355,5,GET,/health,0.200000,0.000000,3,3,3,3,3,3,3,3,3,3,3,466,0,3,17.56027493132852,2.017066000007617,885.8155679999982,57.0
1780755355,5,,Aggregated,2.200000,0.000000,120,140,140,140,150,170,170,170,170,170,170,6179,0,210,681.9384900343106,1.9625259999429545,6935.442493999972,2729.222851594109
1780755356,5,POST,/api/book,1.700000,0.000000,130,140,140,150,170,170,170,170,170,170,170,4769,0,330,876.1095277720727,91.32261600007041,6935.442493999972,3382.068777521493
1780755356,5,GET,/api/concerts,0.300000,0.000000,3,3,5,5,5,5,5,5,5,5,5,945,0,3,29.091315031740805,1.9625259999429545,1205.510871000115,753.0
1780755356,5,GET,/health,0.200000,0.000000,3,3,3,3,3,3,3,3,3,3,3,466,0,3,17.56027493132852,2.017066000007617,885.8155679999982,57.0
1780755356,5,,Aggregated,2.200000,0.000000,120,130,140,140,150,170,170,170,170,170,170,6180,0,210,681.8512489915867,1.9625259999429545,6935.442493999972,2729.3257281553397
1780755357,5,POST,/api/book,1.800000,0.000000,140,140,140,140,150,170,170,170,170,170,170,4771,0,330,875.7951183395545,91.32261600007041,6935.442493999972,3382.056382309788
1780755357,5,GET,/api/concerts,0.400000,0.000000,3,3,5,5,5,5,5,5,5,5,5,945,0,3,29.091315031740805,1.9625259999429545,1205.510871000115,753.0
1780755357,5,GET,/health,0.200000,0.000000,3,3,3,3,3,3,3,3,3,3,3,466,0,3,17.56027493132852,2.017066000007617,885.8155679999982,57.0
1780755357,5,,Aggregated,2.400000,0.000000,120,140,140,140,150,170,170,170,170,170,170,6182,0,210,681.6714478196385,1.9625259999429545,6935.442493999972,2729.527337431252
1780755358,5,POST,/api/book,1.800000,0.000000,140,140,150,150,400,420,420,420,420,420,420,4774,0,330,875.4453398133672,91.32261600007041,6935.442493999972,3382.0701717637203
1780755358,5,GET,/api/concerts,0.400000,0.000000,3,3,5,5,5,5,5,5,5,5,5,945,0,3,29.091315031740805,1.9625259999429545,1205.510871000115,753.0
1780755358,5,GET,/health,0.200000,0.000000,3,3,3,3,3,3,3,3,3,3,3,466,0,3,17.56027493132852,2.017066000007617,885.8155679999982,57.0
1780755358,5,,Aggregated,2.400000,0.000000,120,140,140,140,170,400,420,420,420,420,420,6185,0,210,681.495623782054,1.9625259999429545,6935.442493999972,2729.8544866612774
1780755359,5,POST,/api/book,1.800000,0.000000,140,140,140,150,400,420,420,420,420,420,420,4776,0,330,875.1288183938474,91.32261600007041,6935.442493999972,3382.0684673366836
1780755359,5,GET,/api/concerts,0.400000,0.000000,3,3,3,3,3,3,3,3,3,3,3,945,0,3,29.091315031740805,1.9625259999429545,1205.510871000115,753.0
1780755359,5,GET,/health,0.200000,0.000000,2,2,3,3,3,3,3,3,3,3,3,467,0,3,17.52786422483745,2.017066000007617,885.8155679999982,57.0
1780755359,5,,Aggregated,2.400000,0.000000,130,140,140,140,170,400,420,420,420,420,420,6188,0,210,681.2042731006796,1.9625259999429545,6935.442493999972,2729.6320297349707
1780755360,5,POST,/api/book,1.700000,0.000000,140,140,140,150,400,420,420,420,420,420,420,4779,0,330,874.6604502092518,91.32261600007041,6935.442493999972,3382.076166562042
1780755360,5,GET,/api/concerts,0.400000,0.000000,3,3,3,3,3,3,3,3,3,3,3,945,0,3,29.091315031740805,1.9625259999429545,1205.510871000115,753.0
1780755360,5,GET,/health,0.200000,0.000000,3,3,3,3,3,3,3,3,3,3,3,467,0,3,17.52786422483745,2.017066000007617,885.8155679999982,57.0
1780755360,5,,Aggregated,2.300000,0.000000,140,140,140,140,170,400,420,420,420,420,420,6191,0,210,680.9366979240842,1.9625259999429545,6935.442493999972,2729.954126958488
1780755361,5,POST,/api/book,1.700000,0.000000,140,140,140,140,400,420,420,420,420,420,420,4779,0,330,874.6604502092518,91.32261600007041,6935.442493999972,3382.076166562042
1780755361,5,GET,/api/concerts,0.400000,0.000000,3,3,3,3,3,3,3,3,3,3,3,945,0,3,29.091315031740805,1.9625259999429545,1205.510871000115,753.0
1780755361,5,GET,/health,0.200000,0.000000,3,3,3,3,3,3,3,3,3,3,3,467,0,3,17.52786422483745,2.017066000007617,885.8155679999982,57.0
1780755361,5,,Aggregated,2.300000,0.000000,140,140,140,140,170,400,420,420,420,420,420,6191,0,210,680.9366979240842,1.9625259999429545,6935.442493999972,2729.954126958488
1780755362,5,POST,/api/book,1.700000,0.000000,140,170,400,420,540,730,730,730,730,730,730,4783,0,330,874.3439439370719,91.32261600007041,6935.442493999972,3382.0859293330545
1780755362,5,GET,/api/concerts,0.300000,0.000000,3,3,3,3,3,3,3,3,3,3,3,945,0,3,29.091315031740805,1.9625259999429545,1205.510871000115,753.0
1780755362,5,GET,/health,0.200000,0.000000,3,3,3,3,3,3,3,3,3,3,3,467,0,3,17.52786422483745,2.017066000007617,885.8155679999982,57.0
1780755362,5,,Aggregated,2.200000,0.000000,140,140,220,400,500,540,730,730,730,730,730,6195,0,210,680.8174155204206,1.9625259999429545,6935.442493999972,2730.382728006457
1780755363,5,POST,/api/book,1.900000,0.000000,140,170,400,420,540,730,730,730,730,730,730,4784,0,330,874.1817307454046,91.32261600007041,6935.442493999972,3382.085702341137
1780755363,5,GET,/api/concerts,0.200000,0.000000,3,3,3,3,3,3,3,3,3,3,3,945,0,3,29.091315031740805,1.9625259999429545,1205.510871000115,753.0
1780755363,5,GET,/health,0.200000,0.000000,3,3,3,3,3,3,3,3,3,3,3,467,0,3,17.52786422483745,2.017066000007617,885.8155679999982,57.0
1780755363,5,,Aggregated,2.300000,0.000000,140,140,220,400,500,540,730,730,730,730,730,6196,0,210,680.7234030316341,1.9625259999429545,6935.442493999972,2730.4877340219496
1780755364,5,POST,/api/book,1.900000,0.000000,140,140,400,420,540,730,730,730,730,730,730,4785,0,330,874.0286402568476,91.32261600007041,6935.442493999972,3382.087565308255
1780755364,5,GET,/api/concerts,0.100000,0.000000,3,3,3,3,3,3,3,3,3,3,3,946,0,3,29.063365125787552,1.9625259999429545,1205.510871000115,753.0
1780755364,5,GET,/health,0.200000,0.000000,3,3,3,3,3,3,3,3,3,3,3,467,0,3,17.52786422483745,2.017066000007617,885.8155679999982,57.0
1780755364,5,,Aggregated,2.200000,0.000000,140,140,400,420,540,730,730,730,730,730,730,6198,0,210,680.5270247871903,1.9625259999429545,6935.442493999972,2730.275250080671
1780755365,5,POST,/api/book,2.000000,0.000000,140,360,400,420,540,730,730,730,730,730,730,4787,0,330,873.8149231677492,91.32261600007041,6935.442493999972,3382.0898266137456
1780755365,5,GET,/api/concerts,0.100000,0.000000,3,3,3,3,3,3,3,3,3,3,3,946,0,3,29.063365125787552,1.9625259999429545,1205.510871000115,753.0
1780755365,5,GET,/health,0.100000,0.000000,2,2,2,2,2,2,2,2,2,2,2,467,0,3,17.52786422483745,2.017066000007617,885.8155679999982,57.0
1780755365,5,,Aggregated,2.200000,0.000000,140,360,400,420,540,730,730,730,730,730,730,6200,0,210,680.4244343880654,1.9625259999429545,6935.442493999972,2730.487258064516
1780755366,5,POST,/api/book,2.100000,0.000000,140,360,400,420,540,730,730,730,730,730,730,4788,0,330,873.6616371117409,91.32261600007041,6935.442493999972,3382.0883458646617
1780755366,5,GET,/api/concerts,0.100000,0.000000,3,3,3,3,3,3,3,3,3,3,3,947,0,3,29.03534451425031,1.9625259999429545,1205.510871000115,753.0
1780755366,5,GET,/health,0.100000,0.000000,3,3,3,3,3,3,3,3,3,3,3,468,0,3,17.496233681621955,2.017066000007617,885.8155679999982,57.0
1780755366,5,,Aggregated,2.300000,0.000000,140,220,370,400,500,540,730,730,730,730,730,6203,0,210,680.1187533627287,1.9625259999429545,6935.442493999972,2729.841367080445
1780755367,5,POST,/api/book,2.100000,0.000000,140,220,370,500,540,730,730,730,730,730,730,4789,0,330,873.5081678415149,91.32261600007041,6935.442493999972,3382.0895802881605
1780755367,5,GET,/api/concerts,0.100000,0.000000,3,3,3,3,3,3,3,3,3,3,3,947,0,3,29.03534451425031,1.9625259999429545,1205.510871000115,753.0
1780755367,5,GET,/health,0.100000,0.000000,3,3,3,3,3,3,3,3,3,3,3,468,0,3,17.496233681621955,2.017066000007617,885.8155679999982,57.0
1780755367,5,,Aggregated,2.300000,0.000000,140,140,360,370,540,730,730,730,730,730,730,6204,0,210,680.0314836252427,1.9625259999429545,6935.442493999972,2729.947453255964
1780755368,5,POST,/api/book,1.800000,0.000000,140,220,360,370,540,730,730,730,730,730,730,4793,0,330,872.892146347802,91.32261600007041,6935.442493999972,3382.091800542458
1780755368,5,GET,/api/concerts,0.100000,0.000000,3,3,3,3,3,3,3,3,3,3,3,947,0,3,29.03534451425031,1.9625259999429545,1205.510871000115,753.0
1780755368,5,GET,/health,0.200000,0.000000,3,3,3,3,3,3,3,3,3,3,3,468,0,3,17.496233681621955,2.017066000007617,885.8155679999982,57.0
1780755368,5,,Aggregated,2.100000,0.000000,140,140,360,370,540,730,730,730,730,730,730,6208,0,210,679.6805357704585,1.9625259999429545,6935.442493999972,2730.369362113402
1780755369,5,POST,/api/book,1.900000,0.000000,140,220,370,370,540,730,730,730,730,730,730,4793,0,330,872.892146347802,91.32261600007041,6935.442493999972,3382.091800542458
1780755369,5,GET,/api/concerts,0.200000,0.000000,3,3,3,3,3,3,3,3,3,3,3,948,0,3,29.007405715184717,1.9625259999429545,1205.510871000115,753.0
1780755369,5,GET,/health,0.200000,0.000000,3,3,3,3,3,3,3,3,3,3,3,468,0,3,17.496233681621955,2.017066000007617,885.8155679999982,57.0
1780755369,5,,Aggregated,2.300000,0.000000,140,140,360,370,540,730,730,730,730,730,730,6209,0,210,679.571479372847,1.9625259999429545,6935.442493999972,2730.0508938637463
1780755370,5,POST,/api/book,1.700000,0.000000,140,220,370,370,540,730,730,730,730,730,730,4795,0,330,872.586610861317,91.32261600007041,6935.442493999972,3382.0925964546404
1780755370,5,GET,/api/concerts,0.200000,0.000000,3,3,3,3,3,3,3,3,3,3,3,949,0,3,28.979438727075863,1.9625259999429545,1205.510871000115,753.0
1780755370,5,GET,/health,0.200000,0.000000,3,3,3,3,3,3,3,3,3,3,3,468,0,3,17.496233681621955,2.017066000007617,885.8155679999982,57.0
1780755370,5,,Aggregated,2.100000,0.000000,140,140,220,360,500,540,730,730,730,730,730,6212,0,210,679.2888801988097,1.9625259999429545,6935.442493999972,2729.943174500966
1780755371,5,POST,/api/book,1.700000,0.000000,140,140,360,360,540,730,730,730,730,730,730,4796,0,330,872.4288916889105,91.32261600007041,6935.442493999972,3382.0927856547123
1780755371,5,GET,/api/concerts,0.200000,0.000000,3,3,3,3,3,3,3,3,3,3,3,949,0,3,28.979438727075863,1.9625259999429545,1205.510871000115,753.0
1780755371,5,GET,/health,0.200000,0.000000,3,3,3,3,3,3,3,3,3,3,3,469,0,3,17.465109309166387,2.017066000007617,885.8155679999982,57.0
1780755371,5,,Aggregated,2.100000,0.000000,140,140,140,220,370,540,730,730,730,730,730,6214,0,210,679.0894091017068,1.9625259999429545,6935.442493999972,2729.6181203733504
1780755372,5,POST,/api/book,1.700000,0.000000,140,140,140,140,360,370,370,370,370,370,370,4798,0,330,872.1231503711995,91.32261600007041,6935.442493999972,3382.090454355982
1780755372,5,GET,/api/concerts,0.300000,0.000000,3,3,3,3,3,3,3,3,3,3,3,949,0,3,28.979438727075863,1.9625259999429545,1205.510871000115,753.0
1780755372,5,GET,/health,0.100000,0.000000,3,3,3,3,3,3,3,3,3,3,3,469,0,3,17.465109309166387,2.017066000007617,885.8155679999982,57.0
1780755372,5,,Aggregated,2.100000,0.000000,140,140,140,140,140,360,370,370,370,370,370,6216,0,210,678.9156208331734,1.9625259999429545,6935.442493999972,2729.8262548262546
1780755373,5,POST,/api/book,1.700000,0.000000,140,140,140,140,360,370,370,370,370,370,370,4800,0,330,871.8091893781282,91.32261600007041,6935.442493999972,3382.0816666666665
1780755373,5,GET,/api/concerts,0.300000,0.000000,3,3,3,3,3,3,3,3,3,3,3,950,0,3,28.952344524205387,1.9625259999429545,1205.510871000115,753.0
1780755373,5,GET,/health,0.100000,0.000000,3,3,3,3,3,3,3,3,3,3,3,469,0,3,17.465109309166387,2.017066000007617,885.8155679999982,57.0
1780755373,5,,Aggregated,2.100000,0.000000,140,140,140,140,140,360,370,370,370,370,370,6219,0,210,678.6267844635803,1.9625259999429545,6935.442493999972,2729.7113683872003
1780755374,5,POST,/api/book,1.700000,0.000000,140,140,140,140,360,370,370,370,370,370,370,4801,0,330,871.6567696611154,91.32261600007041,6935.442493999972,3382.0847740054155
1780755374,5,GET,/api/concerts,0.400000,0.000000,3,3,3,3,3,3,3,3,3,3,3,950,0,3,28.952344524205387,1.9625259999429545,1205.510871000115,753.0
1780755374,5,GET,/health,0.200000,0.000000,3,3,3,3,3,3,3,3,3,3,3,469,0,3,17.465109309166387,2.017066000007617,885.8155679999982,57.0
1780755374,5,,Aggregated,2.300000,0.000000,140,140,140,140,140,360,370,370,370,370,370,6220,0,210,678.5401952905155,1.9625259999429545,6935.442493999972,2729.8186495176847
1780755375,5,POST,/api/book,1.700000,0.000000,140,140,140,140,140,140,140,140,140,140,140,4804,0,320,871.198032558496,91.32261600007041,6935.442493999972,3382.0901332223148
1780755375,5,GET,/api/concerts,0.500000,0.000000,3,3,3,3,3,3,3,3,3,3,3,950,0,3,28.952344524205387,1.9625259999429545,1205.510871000115,753.0
1780755375,5,GET,/health,0.200000,0.000000,3,3,3,3,3,3,3,3,3,3,3,469,0,3,17.465109309166387,2.017066000007617,885.8155679999982,57.0
1780755375,5,,Aggregated,2.400000,0.000000,140,140,140,140,140,140,140,140,140,140,140,6223,0,210,678.2791598867116,1.9625259999429545,6935.442493999972,2730.1372328458942
1780755376,5,POST,/api/book,1.500000,0.000000,140,140,140,140,140,140,140,140,140,140,140,4806,0,320,870.8940556606357,91.32261600007041,6935.442493999972,3382.0942571785267
1780755376,5,GET,/api/concerts,0.500000,0.000000,3,3,3,3,3,3,3,3,3,3,3,950,0,3,28.952344524205387,1.9625259999429545,1205.510871000115,753.0
1780755376,5,GET,/health,0.200000,0.000000,3,3,3,3,3,3,3,3,3,3,3,469,0,3,17.465109309166387,2.017066000007617,885.8155679999982,57.0
1780755376,5,,Aggregated,2.200000,0.000000,140,140,140,140,140,140,140,140,140,140,140,6225,0,210,678.1064570391978,1.9625259999429545,6935.442493999972,2730.349879518072
1780755377,5,POST,/api/book,1.700000,0.000000,140,140,140,140,140,140,140,140,140,140,140,4806,0,320,870.8940556606357,91.32261600007041,6935.442493999972,3382.0942571785267
1780755377,5,GET,/api/concerts,0.400000,0.000000,3,3,3,3,3,3,3,3,3,3,3,950,0,3,28.952344524205387,1.9625259999429545,1205.510871000115,753.0
1780755377,5,GET,/health,0.200000,0.000000,3,3,3,3,3,3,3,3,3,3,3,470,0,3,17.43278059148698,2.017066000007617,885.8155679999982,57.0
1780755377,5,,Aggregated,2.300000,0.000000,140,140,140,140,140,140,140,140,140,140,140,6226,0,210,677.997906469805,1.9625259999429545,6935.442493999972,2729.9204946996465
1780755378,5,POST,/api/book,1.800000,0.000000,140,140,140,140,250,250,250,250,250,250,250,4809,0,320,870.4825433919765,91.32261600007041,6935.442493999972,3382.1002287377833
1780755378,5,GET,/api/concerts,0.400000,0.000000,3,3,3,3,3,3,3,3,3,3,3,950,0,3,28.952344524205387,1.9625259999429545,1205.510871000115,753.0
1780755378,5,GET,/health,0.100000,0.000000,3,3,3,3,3,3,3,3,3,3,3,471,0,3,17.401822411887515,2.017066000007617,885.8155679999982,57.0
1780755378,5,,Aggregated,2.300000,0.000000,140,140,140,140,140,250,250,250,250,250,250,6230,0,210,677.6647731662931,1.9625259999429545,6935.442493999972,2729.8101123595507
1780755379,5,POST,/api/book,1.700000,0.000000,140,140,140,140,250,250,250,250,250,250,250,4810,0,320,870.3261496016663,91.32261600007041,6935.442493999972,3382.099584199584
1780755379,5,GET,/api/concerts,0.300000,0.000000,3,3,3,3,3,3,3,3,3,3,3,950,0,3,28.952344524205387,1.9625259999429545,1205.510871000115,753.0
1780755379,5,GET,/health,0.100000,0.000000,3,3,3,3,3,3,3,3,3,3,3,471,0,3,17.401822411887515,2.017066000007617,885.8155679999982,57.0
1780755379,5,,Aggregated,2.100000,0.000000,140,140,140,140,140,250,250,250,250,250,250,6231,0,210,677.5749904089242,1.9625259999429545,6935.442493999972,2729.91429947039
1780755380,5,POST,/api/book,1.500000,0.000000,140,140,140,140,250,250,250,250,250,250,250,4813,0,320,869.8713095744889,91.32261600007041,6935.442493999972,3382.118221483482
1780755380,5,GET,/api/concerts,0.300000,0.000000,3,3,3,3,3,3,3,3,3,3,3,950,0,3,28.952344524205387,1.9625259999429545,1205.510871000115,753.0
1780755380,5,GET,/health,0.300000,0.000000,3,3,3,3,3,3,3,3,3,3,3,471,0,3,17.401822411887515,2.017066000007617,885.8155679999982,57.0
1780755380,5,,Aggregated,2.100000,0.000000,140,140,140,140,250,250,250,250,250,250,250,6234,0,210,677.3165862425419,1.9625259999429545,6935.442493999972,2730.242540904716
1780755381,5,POST,/api/book,1.500000,0.000000,140,140,140,140,250,250,250,250,250,250,250,4814,0,320,869.7197519875394,91.32261600007041,6935.442493999972,3382.1152887411718
1780755381,5,GET,/api/concerts,0.300000,0.000000,3,3,3,3,3,3,3,3,3,3,3,950,0,3,28.952344524205387,1.9625259999429545,1205.510871000115,753.0
1780755381,5,GET,/health,0.300000,0.000000,3,3,3,3,3,3,3,3,3,3,3,471,0,3,17.401822411887515,2.017066000007617,885.8155679999982,57.0
1780755381,5,,Aggregated,2.100000,0.000000,140,140,140,140,250,250,250,250,250,250,250,6235,0,210,677.230452561669,1.9625259999429545,6935.442493999972,2730.344827586207
1780755382,5,POST,/api/book,1.600000,0.000000,140,140,140,140,250,250,250,250,250,250,250,4816,0,320,869.4169439258752,91.32261600007041,6935.442493999972,3382.1071428571427
1780755382,5,GET,/api/concerts,0.200000,0.000000,3,3,3,3,3,3,3,3,3,3,3,952,0,3,28.896694798314037,1.9625259999429545,1205.510871000115,753.0
1780755382,5,GET,/health,0.300000,0.000000,3,3,3,3,3,3,3,3,3,3,3,471,0,3,17.401822411887515,2.017066000007617,885.8155679999982,57.0
1780755382,5,,Aggregated,2.100000,0.000000,140,140,140,140,140,250,250,250,250,250,250,6239,0,210,676.8421083107879,1.9625259999429545,6935.442493999972,2729.913607949992
1780755383,5,POST,/api/book,1.600000,0.000000,140,140,140,140,250,250,250,250,250,250,250,4817,0,320,869.2659566140784,91.32261600007041,6935.442493999972,3382.108573801121
1780755383,5,GET,/api/concerts,0.200000,0.000000,3,3,3,3,3,3,3,3,3,3,3,952,0,3,28.896694798314037,1.9625259999429545,1205.510871000115,753.0
1780755383,5,GET,/health,0.300000,0.000000,3,3,3,3,3,3,3,3,3,3,3,471,0,3,17.401822411887515,2.017066000007617,885.8155679999982,57.0
1780755383,5,,Aggregated,2.100000,0.000000,140,140,140,140,140,250,250,250,250,250,250,6240,0,210,676.7564142330137,1.9625259999429545,6935.442493999972,2730.019230769231
1780755384,5,POST,/api/book,1.800000,0.000000,140,140,140,140,250,250,250,250,250,250,250,4819,0,320,868.962850516708,91.32261600007041,6935.442493999972,3382.1097738119943
1780755384,5,GET,/api/concerts,0.100000,0.000000,3,3,3,3,3,3,3,3,3,3,3,952,0,3,28.896694798314037,1.9625259999429545,1205.510871000115,753.0
1780755384,5,GET,/health,0.200000,0.000000,3,3,3,3,3,3,3,3,3,3,3,472,0,3,17.37107056991348,2.017066000007617,885.8155679999982,57.0
1780755384,5,,Aggregated,2.100000,0.000000,140,140,140,140,140,250,250,250,250,250,250,6243,0,210,676.4761773821889,1.9625259999429545,6935.442493999972,2729.8008970046453
1780755385,5,POST,/api/book,1.700000,0.000000,140,140,140,140,250,250,250,250,250,250,250,4820,0,320,868.8112747831983,91.32261600007041,6935.442493999972,3382.115767634855
1780755385,5,GET,/api/concerts,0.200000,0.000000,3,3,3,3,3,3,3,3,3,3,3,953,0,3,28.869086144800747,1.9625259999429545,1205.510871000115,753.0
1780755385,5,GET,/health,0.200000,0.000000,3,3,3,3,3,3,3,3,3,3,3,472,0,3,17.37107056991348,2.017066000007617,885.8155679999982,57.0
1780755385,5,,Aggregated,2.100000,0.000000,140,140,140,140,140,250,250,250,250,250,250,6245,0,210,676.2821022994405,1.9625259999429545,6935.442493999972,2729.5934347477983
1780755386,5,POST,/api/book,1.700000,0.000000,140,140,140,140,250,250,250,250,250,250,250,4821,0,320,868.6597084214927,91.32261600007041,6935.442493999972,3382.1230035262392
1780755386,5,GET,/api/concerts,0.200000,0.000000,3,3,3,3,3,3,3,3,3,3,3,954,0,3,28.841554297688763,1.9625259999429545,1205.510871000115,753.0
1780755386,5,GET,/health,0.200000,0.000000,3,3,3,3,3,3,3,3,3,3,3,472,0,3,17.37107056991348,2.017066000007617,885.8155679999982,57.0
1780755386,5,,Aggregated,2.100000,0.000000,140,140,140,140,140,250,250,250,250,250,250,6247,0,210,676.0881130797192,1.9625259999429545,6935.442493999972,2729.38706579158
1780755387,5,POST,/api/book,1.700000,0.000000,140,140,140,140,250,250,250,250,250,250,250,4822,0,320,868.5090093871871,91.32261600007041,6935.442493999972,3382.125673994193
1780755387,5,GET,/api/concerts,0.200000,0.000000,3,3,3,3,3,3,3,3,3,3,3,955,0,3,28.81394443978543,1.9625259999429545,1205.510871000115,753.0
1780755387,5,GET,/health,0.300000,0.000000,3,3,3,3,3,3,3,3,3,3,3,472,0,3,17.37107056991348,2.017066000007617,885.8155679999982,57.0
1780755387,5,,Aggregated,2.200000,0.000000,140,140,140,140,140,250,250,250,250,250,250,6249,0,210,675.8948480579302,1.9625259999429545,6935.442493999972,2729.1773083693392
1780755388,5,POST,/api/book,1.700000,0.000000,140,140,140,140,140,140,140,140,140,140,140,4823,0,320,868.3581759838308,91.32261600007041,6935.442493999972,3382.119635081899
1780755388,5,GET,/api/concerts,0.200000,0.000000,3,3,3,3,3,3,3,3,3,3,3,955,0,3,28.81394443978543,1.9625259999429545,1205.510871000115,753.0
1780755388,5,GET,/health,0.300000,0.000000,3,3,3,3,3,3,3,3,3,3,3,473,0,3,17.341618932344982,2.017066000007617,885.8155679999982,57.0
1780755388,5,,Aggregated,2.200000,0.000000,140,140,140,140,140,140,140,140,140,140,140,6251,0,210,675.7017094008967,1.9625259999429545,6935.442493999972,2728.8496240601503
1780755389,5,POST,/api/book,1.600000,0.000000,140,140,140,140,140,200,200,200,200,200,200,4827,0,320,867.7659383443165,91.32261600007041,6935.442493999972,3382.122436295836
1780755389,5,GET,/api/concerts,0.400000,0.000000,3,3,3,3,3,3,3,3,3,3,3,955,0,3,28.81394443978543,1.9625259999429545,1205.510871000115,753.0
1780755389,5,GET,/health,0.300000,0.000000,3,3,3,3,3,3,3,3,3,3,3,473,0,3,17.341618932344982,2.017066000007617,885.8155679999982,57.0
1780755389,5,,Aggregated,2.300000,0.000000,140,140,140,140,140,140,200,200,200,200,200,6255,0,200,675.367879629577,1.9625259999429545,6935.442493999972,2729.2695443645084
1780755390,5,POST,/api/book,1.600000,0.000000,140,140,140,140,140,200,200,200,200,200,200,4827,0,320,867.7659383443165,91.32261600007041,6935.442493999972,3382.122436295836
1780755390,5,GET,/api/concerts,0.400000,0.000000,3,3,3,3,3,3,3,3,3,3,3,955,0,3,28.81394443978543,1.9625259999429545,1205.510871000115,753.0
1780755390,5,GET,/health,0.300000,0.000000,3,3,3,3,3,3,3,3,3,3,3,474,0,3,17.31032639451288,2.017066000007617,885.8155679999982,57.0
1780755390,5,,Aggregated,2.300000,0.000000,140,140,140,140,140,140,200,200,200,200,200,6256,0,200,675.2603254538051,1.9625259999429545,6935.442493999972,2728.842391304348
1780755391,5,POST,/api/book,1.500000,0.000000,140,140,140,140,140,200,200,200,200,200,200,4830,0,320,867.3087882428605,91.32261600007041,6935.442493999972,3382.116149068323
1780755391,5,GET,/api/concerts,0.500000,0.000000,3,3,3,3,3,3,3,3,3,3,3,956,0,3,28.786341165266737,1.9625259999429545,1205.510871000115,753.0
1780755391,5,GET,/health,0.200000,0.000000,3,3,3,3,3,3,3,3,3,3,3,474,0,3,17.31032639451288,2.017066000007617,885.8155679999982,57.0
1780755391,5,,Aggregated,2.200000,0.000000,140,140,140,140,140,140,200,200,200,200,200,6260,0,200,674.8923776482437,1.9625259999429545,6935.442493999972,2728.834984025559
1780755392,5,POST,/api/book,1.700000,0.000000,140,140,140,140,140,200,200,200,200,200,200,4832,0,320,867.0066055178014,91.32261600007041,6935.442493999972,3382.1154801324506
1780755392,5,GET,/api/concerts,0.500000,0.000000,3,3,3,3,3,3,3,3,3,3,3,956,0,3,28.786341165266737,1.9625259999429545,1205.510871000115,753.0
1780755392,5,GET,/health,0.300000,0.000000,3,3,3,3,3,3,3,3,3,3,3,474,0,3,17.31032639451288,2.017066000007617,885.8155679999982,57.0
1780755392,5,,Aggregated,2.500000,0.000000,140,140,140,140,140,140,200,200,200,200,200,6262,0,200,674.7206570946992,1.9625259999429545,6935.442493999972,2729.0431172149474
1780755393,5,POST,/api/book,1.400000,0.000000,140,140,140,140,150,200,200,200,200,200,200,4834,0,320,866.708323049031,91.32261600007041,6935.442493999972,3382.1015721969384
1780755393,5,GET,/api/concerts,0.600000,0.000000,3,3,3,3,3,3,3,3,3,3,3,956,0,3,28.786341165266737,1.9625259999429545,1205.510871000115,753.0
1780755393,5,GET,/health,0.300000,0.000000,3,3,3,3,3,3,3,3,3,3,3,474,0,3,17.31032639451288,2.017066000007617,885.8155679999982,57.0
1780755393,5,,Aggregated,2.300000,0.000000,140,140,140,140,140,150,200,200,200,200,200,6264,0,200,674.5518631040877,1.9625259999429545,6935.442493999972,2729.2409003831417
1780755394,5,POST,/api/book,1.500000,0.000000,140,140,140,140,150,200,200,200,200,200,200,4834,0,320,866.708323049031,91.32261600007041,6935.442493999972,3382.1015721969384
1780755394,5,GET,/api/concerts,0.600000,0.000000,2,3,3,3,3,3,3,3,3,3,3,957,0,3,28.758825120161884,1.9625259999429545,1205.510871000115,753.0
1780755394,5,GET,/health,0.300000,0.000000,3,3,3,3,3,3,3,3,3,3,3,474,0,3,17.31032639451288,2.017066000007617,885.8155679999982,57.0
1780755394,5,,Aggregated,2.400000,0.000000,140,140,140,140,140,150,200,200,200,200,200,6265,0,200,674.4445848316051,1.9625259999429545,6935.442493999972,2728.9254588986432
1780755395,5,POST,/api/book,1.500000,0.000000,140,140,140,140,150,200,200,200,200,200,200,4835,0,320,866.558723400417,91.32261600007041,6935.442493999972,3382.104653567735
1780755395,5,GET,/api/concerts,0.400000,0.000000,3,3,3,3,3,3,3,3,3,3,3,959,0,3,28.704243086543134,1.9625259999429545,1205.510871000115,753.0
1780755395,5,GET,/health,0.300000,0.000000,3,3,3,3,3,3,3,3,3,3,3,474,0,3,17.31032639451288,2.017066000007617,885.8155679999982,57.0
1780755395,5,,Aggregated,2.200000,0.000000,140,140,140,140,140,150,200,200,200,200,200,6268,0,200,674.1454836426301,1.9625259999429545,6935.442493999972,2728.4015634971283
1780755396,5,POST,/api/book,1.700000,0.000000,140,140,140,140,150,200,200,200,200,200,200,4838,0,320,866.1050928505615,91.32261600007041,6935.442493999972,3382.090533278214
1780755396,5,GET,/api/concerts,0.400000,0.000000,2,3,3,3,3,3,3,3,3,3,3,959,0,3,28.704243086543134,1.9625259999429545,1205.510871000115,753.0
1780755396,5,GET,/health,0.300000,0.000000,3,3,3,3,3,3,3,3,3,3,3,475,0,3,17.27901961684031,2.017066000007617,885.8155679999982,57.0
1780755396,5,,Aggregated,2.400000,0.000000,140,140,140,140,140,150,200,200,200,200,200,6272,0,200,673.7805074376603,1.9625259999429545,6935.442493999972,2728.277423469388
1780755397,5,POST,/api/book,1.600000,0.000000,140,140,140,140,150,200,200,200,200,200,200,4839,0,320,865.9563999811979,91.32261600007041,6935.442493999972,3382.0826617069642
1780755397,5,GET,/api/concerts,0.600000,0.000000,3,3,3,3,3,3,3,3,3,3,3,960,0,3,28.677101613536472,1.9625259999429545,1205.510871000115,753.0
1780755397,5,GET,/health,0.200000,0.000000,3,3,3,3,3,3,3,3,3,3,3,475,0,3,17.27901961684031,2.017066000007617,885.8155679999982,57.0
1780755397,5,,Aggregated,2.400000,0.000000,140,140,140,140,150,150,200,200,200,200,200,6274,0,200,673.5895077105523,1.9625259999429545,6935.442493999972,2728.0607268090534
1780755398,5,POST,/api/book,1.600000,0.000000,140,140,140,140,150,200,200,200,200,200,200,4841,0,320,865.6523104637506,91.32261600007041,6935.442493999972,3382.0892377607934
1780755398,5,GET,/api/concerts,0.500000,0.000000,3,3,3,3,3,3,3,3,3,3,3,960,0,3,28.677101613536472,1.9625259999429545,1205.510871000115,753.0
1780755398,5,GET,/health,0.200000,0.000000,3,3,3,3,3,3,3,3,3,3,3,475,0,3,17.27901961684031,2.017066000007617,885.8155679999982,57.0
1780755398,5,,Aggregated,2.300000,0.000000,140,140,140,140,150,150,200,200,200,200,200,6276,0,200,673.4162502903132,1.9625259999429545,6935.442493999972,2728.2742192479286
1780755399,5,POST,/api/book,1.600000,0.000000,140,140,140,140,150,150,150,150,150,150,150,4844,0,320,865.2014013290703,91.32261600007041,6935.442493999972,3382.09083402147
1780755399,5,GET,/api/concerts,0.500000,0.000000,3,3,3,3,3,3,3,3,3,3,3,960,0,3,28.677101613536472,1.9625259999429545,1205.510871000115,753.0
1780755399,5,GET,/health,0.300000,0.000000,3,3,3,3,3,3,3,3,3,3,3,475,0,3,17.27901961684031,2.017066000007617,885.8155679999982,57.0
1780755399,5,,Aggregated,2.400000,0.000000,140,140,140,140,140,150,150,150,150,150,150,6279,0,200,673.1602388764144,1.9625259999429545,6935.442493999972,2728.587832457398
1780755400,5,POST,/api/book,1.600000,0.000000,140,140,140,140,150,150,150,150,150,150,150,4845,0,320,865.0516860014483,91.32261600007041,6935.442493999972,3382.0959752321983
1780755400,5,GET,/api/concerts,0.500000,0.000000,3,3,3,3,3,3,3,3,3,3,3,960,0,3,28.677101613536472,1.9625259999429545,1205.510871000115,753.0
1780755400,5,GET,/health,0.300000,0.000000,3,3,3,3,3,3,3,3,3,3,3,475,0,3,17.27901961684031,2.017066000007617,885.8155679999982,57.0
1780755400,5,,Aggregated,2.400000,0.000000,140,140,140,140,140,150,150,150,150,150,150,6280,0,200,673.0753137808927,1.9625259999429545,6935.442493999972,2728.6958598726114
1780755401,5,POST,/api/book,1.700000,0.000000,140,140,140,140,150,150,150,150,150,150,150,4847,0,320,864.7508472589266,91.32261600007041,6935.442493999972,3382.0870641634
1780755401,5,GET,/api/concerts,0.500000,0.000000,3,3,3,3,3,3,3,3,3,3,3,961,0,3,28.64998413943283,1.9625259999429545,1205.510871000115,753.0
1780755401,5,GET,/health,0.200000,0.000000,3,3,3,3,3,3,3,3,3,3,3,475,0,3,17.27901961684031,2.017066000007617,885.8155679999982,57.0
1780755401,5,,Aggregated,2.400000,0.000000,140,140,140,140,140,150,150,150,150,150,150,6283,0,200,672.797632618177,1.9625259999429545,6935.442493999972,2728.5825242718447
1780755402,5,POST,/api/book,1.800000,0.000000,140,140,140,140,150,150,150,150,150,150,150,4850,0,320,864.3006601476322,91.32261600007041,6935.442493999972,3382.0861855670105
1780755402,5,GET,/api/concerts,0.500000,0.000000,3,3,3,3,3,3,3,3,3,3,3,961,0,3,28.64998413943283,1.9625259999429545,1205.510871000115,753.0
1780755402,5,GET,/health,0.100000,0.000000,2,2,2,2,2,2,2,2,2,2,2,475,0,3,17.27901961684031,2.017066000007617,885.8155679999982,57.0
1780755402,5,,Aggregated,2.400000,0.000000,140,140,140,140,140,150,150,150,150,150,150,6286,0,200,672.541897994274,1.9625259999429545,6935.442493999972,2728.893732103086
1780755403,5,POST,/api/book,1.800000,0.000000,140,140,140,140,140,150,150,150,150,150,150,4851,0,320,864.1500808441592,91.32261600007041,6935.442493999972,3382.0942073799215
1780755403,5,GET,/api/concerts,0.500000,0.000000,3,3,3,3,3,3,3,3,3,3,3,961,0,3,28.64998413943283,1.9625259999429545,1205.510871000115,753.0
1780755403,5,GET,/health,0.100000,0.000000,2,2,2,2,2,2,2,2,2,2,2,475,0,3,17.27901961684031,2.017066000007617,885.8155679999982,57.0
1780755403,5,,Aggregated,2.400000,0.000000,130,140,140,140,140,140,150,150,150,150,150,6287,0,200,672.4562130190881,1.9625259999429545,6935.442493999972,2729.003817400986
1780755404,5,POST,/api/book,1.800000,0.000000,140,140,140,140,150,190,190,190,190,190,190,4853,0,320,863.8617914432344,91.32261600007041,6935.442493999972,3382.099113950134
1780755404,5,GET,/api/concerts,0.500000,0.000000,3,3,3,3,3,3,3,3,3,3,3,961,0,3,28.64998413943283,1.9625259999429545,1205.510871000115,753.0
1780755404,5,GET,/health,0.100000,0.000000,2,2,2,2,2,2,2,2,2,2,2,475,0,3,17.27901961684031,2.017066000007617,885.8155679999982,57.0
1780755404,5,,Aggregated,2.400000,0.000000,140,140,140,140,140,150,190,190,190,190,190,6289,0,200,672.2947118699327,1.9625259999429545,6935.442493999972,2729.215296549531
1780755405,5,POST,/api/book,1.800000,0.000000,140,140,140,140,150,190,190,190,190,190,190,4855,0,320,863.5643665242052,91.32261600007041,6935.442493999972,3382.0941297631307
1780755405,5,GET,/api/concerts,0.500000,0.000000,3,3,3,3,3,3,3,3,3,3,3,962,0,3,28.623617752593464,1.9625259999429545,1205.510871000115,753.0
1780755405,5,GET,/health,0.100000,0.000000,2,2,2,2,2,2,2,2,2,2,2,475,0,3,17.27901961684031,2.017066000007617,885.8155679999982,57.0
1780755405,5,,Aggregated,2.400000,0.000000,140,140,140,140,140,150,190,190,190,190,190,6292,0,200,672.019779731565,1.9625259999429545,6935.442493999972,2729.104895104895
1780755406,5,POST,/api/book,1.800000,0.000000,140,140,140,140,150,190,190,190,190,190,190,4856,0,320,863.4147550807282,91.32261600007041,6935.442493999972,3382.1044069192753
1780755406,5,GET,/api/concerts,0.500000,0.000000,3,3,3,3,3,3,3,3,3,3,3,962,0,3,28.623617752593464,1.9625259999429545,1205.510871000115,753.0
1780755406,5,GET,/health,0.100000,0.000000,2,2,2,2,2,2,2,2,2,2,2,475,0,3,17.27901961684031,2.017066000007617,885.8155679999982,57.0
1780755406,5,,Aggregated,2.400000,0.000000,140,140,140,140,140,150,190,190,190,190,190,6293,0,200,671.9347696278415,1.9625259999429545,6935.442493999972,2729.2165898617513
1780755407,5,POST,/api/book,1.900000,0.000000,140,140,140,140,140,190,190,190,190,190,190,4858,0,320,863.1173695716378,91.32261600007041,6935.442493999972,3382.112597776863
1780755407,5,GET,/api/concerts,0.400000,0.000000,3,3,3,3,3,3,3,3,3,3,3,962,0,3,28.623617752593464,1.9625259999429545,1205.510871000115,753.0
1780755407,5,GET,/health,0.100000,0.000000,2,2,2,2,2,2,2,2,2,2,2,476,0,3,17.24746979201516,2.017066000007617,885.8155679999982,57.0
1780755407,5,,Aggregated,2.400000,0.000000,140,140,140,140,140,140,190,190,190,190,190,6296,0,200,671.6597676743976,1.9625259999429545,6935.442493999972,2729.005876747141
1780755408,5,POST,/api/book,1.900000,0.000000,140,140,140,140,140,190,190,190,190,190,190,4858,0,320,863.1173695716378,91.32261600007041,6935.442493999972,3382.112597776863
1780755408,5,GET,/api/concerts,0.300000,0.000000,3,3,3,3,3,3,3,3,3,3,3,963,0,3,28.596604572165134,1.9625259999429545,1205.510871000115,753.0
1780755408,5,GET,/health,0.100000,0.000000,2,2,3,3,3,3,3,3,3,3,3,478,0,3,17.185702592048887,2.017066000007617,885.8155679999982,57.0
1780755408,5,,Aggregated,2.300000,0.000000,140,140,140,140,140,140,190,190,190,190,190,6299,0,200,671.3410823021126,1.9625259999429545,6935.442493999972,2727.8437847277346
1780755409,5,POST,/api/book,1.800000,0.000000,140,140,140,140,140,190,190,190,190,190,190,4859,0,320,862.968434657546,91.32261600007041,6935.442493999972,3382.105371475612
1780755409,5,GET,/api/concerts,0.300000,0.000000,3,3,3,3,3,3,3,3,3,3,3,963,0,3,28.596604572165134,1.9625259999429545,1205.510871000115,753.0
1780755409,5,GET,/health,0.100000,0.000000,2,2,3,3,3,3,3,3,3,3,3,478,0,3,17.185702592048887,2.017066000007617,885.8155679999982,57.0
1780755409,5,,Aggregated,2.200000,0.000000,140,140,140,140,140,190,190,190,190,190,190,6300,0,200,671.2566539750806,1.9625259999429545,6935.442493999972,2727.9420634920634
1780755410,5,POST,/api/book,1.800000,0.000000,140,140,140,140,140,190,190,190,190,190,190,4862,0,320,862.5124536682468,91.28853199990772,6935.442493999972,3382.0937885643766
1780755410,5,GET,/api/concerts,0.200000,0.000000,3,3,3,3,3,3,3,3,3,3,3,963,0,3,28.596604572165134,1.9625259999429545,1205.510871000115,753.0
1780755410,5,GET,/health,0.200000,0.000000,2,2,3,3,3,3,3,3,3,3,3,478,0,3,17.185702592048887,2.017066000007617,885.8155679999982,57.0
1780755410,5,,Aggregated,2.200000,0.000000,140,140,140,140,140,140,190,190,190,190,190,6303,0,200,670.9961678211974,1.9625259999429545,6935.442493999972,2728.24448675234
1780755411,5,POST,/api/book,1.700000,0.000000,140,140,140,140,150,190,190,190,190,190,190,4864,0,320,862.2163228166152,91.28853199990772,6935.442493999972,3382.0912828947367
1780755411,5,GET,/api/concerts,0.300000,0.000000,3,3,3,3,3,3,3,3,3,3,3,963,0,3,28.596604572165134,1.9625259999429545,1205.510871000115,753.0
1780755411,5,GET,/health,0.300000,0.000000,2,2,3,3,3,3,3,3,3,3,3,478,0,3,17.185702592048887,2.017066000007617,885.8155679999982,57.0
1780755411,5,,Aggregated,2.300000,0.000000,140,140,140,140,140,150,190,190,190,190,190,6305,0,200,670.8284679178443,1.9625259999429545,6935.442493999972,2728.4499603489294
1780755412,5,POST,/api/book,1.600000,0.000000,140,140,140,140,150,190,190,190,190,190,190,4866,0,320,861.9192957416802,91.28853199990772,6935.442493999972,3382.0984381422113
1780755412,5,GET,/api/concerts,0.300000,0.000000,3,3,3,3,3,3,3,3,3,3,3,963,0,3,28.596604572165134,1.9625259999429545,1205.510871000115,753.0
1780755412,5,GET,/health,0.300000,0.000000,2,2,3,3,3,3,3,3,3,3,3,479,0,3,17.15463708350591,2.017066000007617,885.8155679999982,57.0
1780755412,5,,Aggregated,2.200000,0.000000,140,140,140,140,140,150,190,190,190,190,190,6308,0,200,670.554041605106,1.9625259999429545,6935.442493999972,2728.239220038047
1780755413,5,POST,/api/book,1.700000,0.000000,140,140,140,140,140,150,150,150,150,150,150,4868,0,320,861.6228712167248,91.28853199990772,6935.442493999972,3382.0975760065735
1780755413,5,GET,/api/concerts,0.200000,0.000000,3,3,3,3,3,3,3,3,3,3,3,963,0,3,28.596604572165134,1.9625259999429545,1205.510871000115,753.0
1780755413,5,GET,/health,0.300000,0.000000,2,2,3,3,3,3,3,3,3,3,3,479,0,3,17.15463708350591,2.017066000007617,885.8155679999982,57.0
1780755413,5,,Aggregated,2.200000,0.000000,140,140,140,140,140,140,150,150,150,150,150,6310,0,200,670.3860124324895,1.9625259999429545,6935.442493999972,2728.445800316957
1780755414,5,POST,/api/book,1.600000,0.000000,140,140,140,140,140,150,150,150,150,150,150,4870,0,320,861.3139226168413,91.28853199990772,6935.442493999972,3382.0926078028747
1780755414,5,GET,/api/concerts,0.200000,0.000000,3,3,3,3,3,3,3,3,3,3,3,963,0,3,28.596604572165134,1.9625259999429545,1205.510871000115,753.0
1780755414,5,GET,/health,0.400000,0.000000,2,2,3,3,3,3,3,3,3,3,3,479,0,3,17.15463708350591,2.017066000007617,885.8155679999982,57.0
1780755414,5,,Aggregated,2.200000,0.000000,140,140,140,140,140,140,150,150,150,150,150,6312,0,200,670.2082389908126,1.9625259999429545,6935.442493999972,2728.649081115336
1780755415,5,POST,/api/book,1.600000,0.000000,140,140,140,140,140,150,150,150,150,150,150,4871,0,320,861.1614110533806,91.28853199990772,6935.442493999972,3382.093204680764
1780755415,5,GET,/api/concerts,0.200000,0.000000,3,3,3,3,3,3,3,3,3,3,3,963,0,3,28.596604572165134,1.9625259999429545,1205.510871000115,753.0
1780755415,5,GET,/health,0.400000,0.000000,2,3,3,3,3,3,3,3,3,3,3,480,0,3,17.124559433331633,2.017066000007617,885.8155679999982,57.0
1780755415,5,,Aggregated,2.200000,0.000000,140,140,140,140,140,140,150,150,150,150,150,6314,0,200,670.0151333500172,1.9625259999429545,6935.442493999972,2728.329901805512
1780755416,5,POST,/api/book,1.700000,0.000000,140,140,140,140,140,150,150,150,150,150,150,4873,0,320,860.857443377389,91.28853199990772,6935.442493999972,3382.0800328339833
1780755416,5,GET,/api/concerts,0.200000,0.000000,3,3,3,3,3,3,3,3,3,3,3,963,0,3,28.596604572165134,1.9625259999429545,1205.510871000115,753.0
1780755416,5,GET,/health,0.400000,0.000000,3,3,3,3,3,3,3,3,3,3,3,481,0,3,17.09418258835579,2.017066000007617,885.8155679999982,57.0
1780755416,5,,Aggregated,2.300000,0.000000,130,140,140,140,140,140,150,150,150,150,150,6317,0,200,669.7355000167813,1.9625259999429545,6935.442493999972,2728.1038467627036
1780755417,5,POST,/api/book,1.600000,0.000000,140,140,140,140,140,150,150,150,150,150,150,4875,0,320,860.5608563499521,91.28853199990772,6935.442493999972,3382.0906666666665
1780755417,5,GET,/api/concerts,0.100000,0.000000,3,3,3,3,3,3,3,3,3,3,3,963,0,3,28.596604572165134,1.9625259999429545,1205.510871000115,753.0
1780755417,5,GET,/health,0.400000,0.000000,3,3,3,3,3,3,3,3,3,3,3,481,0,3,17.09418258835579,2.017066000007617,885.8155679999982,57.0
1780755417,5,,Aggregated,2.100000,0.000000,140,140,140,140,140,140,150,150,150,150,150,6319,0,200,669.5671794166811,1.9625259999429545,6935.442493999972,2728.3190378224404
1780755418,5,POST,/api/book,1.700000,0.000000,140,140,140,140,140,150,150,150,150,150,150,4878,0,320,860.1156225221437,91.28853199990772,6935.442493999972,3382.0945059450596
1780755418,5,GET,/api/concerts,0.100000,0.000000,3,3,3,3,3,3,3,3,3,3,3,963,0,3,28.596604572165134,1.9625259999429545,1205.510871000115,753.0
1780755418,5,GET,/health,0.500000,0.000000,3,3,3,3,3,3,3,3,3,3,3,481,0,3,17.09418258835579,2.017066000007617,885.8155679999982,57.0
1780755418,5,,Aggregated,2.300000,0.000000,140,140,140,140,140,140,150,150,150,150,150,6322,0,200,669.314273756882,1.9625259999429545,6935.442493999972,2728.6322366339764
1780755419,5,POST,/api/book,1.700000,0.000000,140,140,140,140,140,150,150,150,150,150,150,4878,0,320,860.1156225221437,91.28853199990772,6935.442493999972,3382.0945059450596
1780755419,5,GET,/api/concerts,0.100000,0.000000,3,3,3,3,3,3,3,3,3,3,3,963,0,3,28.596604572165134,1.9625259999429545,1205.510871000115,753.0
1780755419,5,GET,/health,0.500000,0.000000,3,3,3,3,3,3,3,3,3,3,3,481,0,3,17.09418258835579,2.017066000007617,885.8155679999982,57.0
1780755419,5,,Aggregated,2.300000,0.000000,140,140,140,140,140,150,150,150,150,150,150,6322,0,200,669.314273756882,1.9625259999429545,6935.442493999972,2728.6322366339764
1780755420,5,POST,/api/book,1.700000,0.000000,140,140,140,140,190,220,220,220,220,220,220,4881,0,320,859.7005053718535,91.28853199990772,6935.442493999972,3382.0940381069454
1780755420,5,GET,/api/concerts,0.100000,0.000000,3,3,3,3,3,3,3,3,3,3,3,963,0,3,28.596604572165134,1.9625259999429545,1205.510871000115,753.0
1780755420,5,GET,/health,0.400000,0.000000,3,3,3,3,3,3,3,3,3,3,3,481,0,3,17.09418258835579,2.017066000007617,885.8155679999982,57.0
1780755420,5,,Aggregated,2.200000,0.000000,140,140,140,140,150,190,220,220,220,220,220,6325,0,200,669.0844266795269,1.9625259999429545,6935.442493999972,2728.9418181818182
1780755421,5,POST,/api/book,2.000000,0.000000,140,140,140,140,190,220,220,220,220,220,220,4883,0,320,859.4114023544987,91.28853199990772,6935.442493999972,3382.0987098095434
1780755421,5,GET,/api/concerts,0.000000,0.000000,3,3,3,3,3,3,3,3,3,3,3,963,0,3,28.596604572165134,1.9625259999429545,1205.510871000115,753.0
1780755421,5,GET,/health,0.300000,0.000000,3,3,3,3,3,3,3,3,3,3,3,481,0,3,17.09418258835579,2.017066000007617,885.8155679999982,57.0
1780755421,5,,Aggregated,2.300000,0.000000,140,140,140,140,170,190,220,220,220,220,220,6327,0,200,668.9215599375705,1.9625259999429545,6935.442493999972,2729.151888730836
1780755422,5,POST,/api/book,1.700000,0.000000,140,140,140,140,190,220,220,220,220,220,220,4884,0,320,859.2650288826817,91.28853199990772,6935.442493999972,3382.0956183456183
1780755422,5,GET,/api/concerts,0.000000,0.000000,3,3,3,3,3,3,3,3,3,3,3,963,0,3,28.596604572165134,1.9625259999429545,1205.510871000115,753.0
1780755422,5,GET,/health,0.300000,0.000000,3,3,3,3,3,3,3,3,3,3,3,481,0,3,17.09418258835579,2.017066000007617,885.8155679999982,57.0
1780755422,5,,Aggregated,2.000000,0.000000,140,140,140,140,190,220,220,220,220,220,220,6328,0,200,668.8386904378965,1.9625259999429545,6935.442493999972,2729.2526864728193
1780755423,5,POST,/api/book,1.900000,0.000000,140,140,150,150,190,220,220,220,220,220,220,4888,0,320,858.6725677103143,91.28853199990772,6935.442493999972,3382.0836743044188
1780755423,5,GET,/api/concerts,0.000000,0.000000,3,3,3,3,3,3,3,3,3,3,3,963,0,3,28.596604572165134,1.9625259999429545,1205.510871000115,753.0
1780755423,5,GET,/health,0.300000,0.000000,3,3,3,3,3,3,3,3,3,3,3,481,0,3,17.09418258835579,2.017066000007617,885.8155679999982,57.0
1780755423,5,,Aggregated,2.200000,0.000000,140,140,140,150,170,190,220,220,220,220,220,6332,0,200,668.5016334485167,1.9625259999429545,6935.442493999972,2729.6558749210362
1780755424,5,POST,/api/book,1.900000,0.000000,140,140,150,150,190,220,220,220,220,220,220,4888,0,320,858.6725677103143,91.28853199990772,6935.442493999972,3382.0836743044188
1780755424,5,GET,/api/concerts,0.000000,0.000000,3,3,3,3,3,3,3,3,3,3,3,964,0,3,28.5693975207417,1.9625259999429545,1205.510871000115,753.0
1780755424,5,GET,/health,0.200000,0.000000,3,3,3,3,3,3,3,3,3,3,3,481,0,3,17.09418258835579,2.017066000007617,885.8155679999982,57.0
1780755424,5,,Aggregated,2.100000,0.000000,140,140,140,150,170,190,220,220,220,220,220,6333,0,200,668.3964490767421,1.9625259999429545,6935.442493999972,2729.3437549344703
1780755425,5,POST,/api/book,1.800000,0.000000,140,140,150,150,190,220,220,220,220,220,220,4890,0,320,858.3689456852795,91.28853199990772,6935.442493999972,3382.076891615542
1780755425,5,GET,/api/concerts,0.000000,0.000000,3,3,3,3,3,3,3,3,3,3,3,964,0,3,28.5693975207417,1.9625259999429545,1205.510871000115,753.0
1780755425,5,GET,/health,0.200000,0.000000,3,3,3,3,3,3,3,3,3,3,3,482,0,3,17.063838431533327,2.017066000007617,885.8155679999982,57.0
1780755425,5,,Aggregated,2.000000,0.000000,140,140,140,150,170,190,220,220,220,220,220,6336,0,200,668.1170791879746,1.9625259999429545,6935.442493999972,2729.12279040404
1780755426,5,POST,/api/book,1.900000,0.000000,140,140,150,150,190,220,220,220,220,220,220,4893,0,320,857.9232800692861,91.28853199990772,6935.442493999972,3382.0672389127326
1780755426,5,GET,/api/concerts,0.000000,0.000000,3,3,3,3,3,3,3,3,3,3,3,965,0,3,28.542387860098255,1.9625259999429545,1205.510871000115,753.0
1780755426,5,GET,/health,0.200000,0.000000,3,3,3,3,3,3,3,3,3,3,3,482,0,3,17.063838431533327,2.017066000007617,885.8155679999982,57.0
1780755426,5,,Aggregated,2.100000,0.000000,140,140,140,150,170,190,220,220,220,220,220,6340,0,200,667.7581677899066,1.9625259999429545,6935.442493999972,2729.11261829653
1780755427,5,POST,/api/book,1.800000,0.000000,140,140,150,150,190,220,220,220,220,220,220,4893,0,320,857.9232800692861,91.28853199990772,6935.442493999972,3382.0672389127326
1780755427,5,GET,/api/concerts,0.100000,0.000000,3,3,3,3,3,3,3,3,3,3,3,965,0,3,28.542387860098255,1.9625259999429545,1205.510871000115,753.0
1780755427,5,GET,/health,0.200000,0.000000,2,2,3,3,3,3,3,3,3,3,3,483,0,3,17.033364043476322,2.017066000007617,885.8155679999982,57.0
1780755427,5,,Aggregated,2.100000,0.000000,140,140,140,150,170,190,220,220,220,220,220,6341,0,200,667.6532295374558,1.9625259999429545,6935.442493999972,2728.6912158965465
1780755428,5,POST,/api/book,1.800000,0.000000,140,140,150,150,190,220,220,220,220,220,220,4894,0,320,857.7678509748706,91.28853199990772,6935.442493999972,3382.071516142215
1780755428,5,GET,/api/concerts,0.100000,0.000000,3,3,3,3,3,3,3,3,3,3,3,966,0,3,28.51576718840032,1.9625259999429545,1205.510871000115,753.0
1780755428,5,GET,/health,0.200000,0.000000,2,2,3,3,3,3,3,3,3,3,3,483,0,3,17.033364043476322,2.017066000007617,885.8155679999982,57.0
1780755428,5,,Aggregated,2.100000,0.000000,140,140,140,150,170,190,220,220,220,220,220,6343,0,200,667.4584910307436,1.9625259999429545,6935.442493999972,2728.4860476115405
1780755429,5,POST,/api/book,2.000000,0.000000,140,140,150,170,190,220,220,220,220,220,220,4897,0,320,857.3277500927132,91.28853199990772,6935.442493999972,3382.068613436798
1780755429,5,GET,/api/concerts,0.200000,0.000000,3,3,3,3,3,3,3,3,3,3,3,967,0,3,28.488856961731848,1.9625259999429545,1205.510871000115,753.0
1780755429,5,GET,/health,0.100000,0.000000,2,2,3,3,3,3,3,3,3,3,3,483,0,3,17.033364043476322,2.017066000007617,885.8155679999982,57.0
1780755429,5,,Aggregated,2.300000,0.000000,140,140,140,150,180,190,220,220,220,220,220,6347,0,200,667.1041171764625,1.9625259999429545,6935.442493999972,2728.4814873168425
1780755430,5,POST,/api/book,1.900000,0.000000,140,140,150,150,170,180,180,180,180,180,180,4898,0,320,857.1815370355281,91.28853199990772,6935.442493999972,3382.068599428338
1780755430,5,GET,/api/concerts,0.200000,0.000000,3,3,3,3,3,3,3,3,3,3,3,967,0,3,28.488856961731848,1.9625259999429545,1205.510871000115,753.0
1780755430,5,GET,/health,0.200000,0.000000,2,2,2,2,2,2,2,2,2,2,2,484,0,3,17.003093239667876,2.017066000007617,885.8155679999982,57.0
1780755430,5,,Aggregated,2.300000,0.000000,110,140,140,140,150,170,180,180,180,180,180,6349,0,200,666.916583747048,1.9625259999429545,6935.442493999972,2728.163647818554
1780755431,5,POST,/api/book,1.600000,0.000000,140,140,140,150,150,180,180,180,180,180,180,4898,0,320,857.1815370355281,91.28853199990772,6935.442493999972,3382.068599428338
1780755431,5,GET,/api/concerts,0.300000,0.000000,3,3,3,3,3,3,3,3,3,3,3,969,0,3,28.435424050561974,1.9625259999429545,1205.510871000115,753.0
1780755431,5,GET,/health,0.200000,0.000000,2,2,2,2,2,2,2,2,2,2,2,484,0,3,17.003093239667876,2.017066000007617,885.8155679999982,57.0
1780755431,5,,Aggregated,2.100000,0.000000,100,140,140,140,150,150,180,180,180,180,180,6351,0,200,666.7073833149121,1.9625259999429545,6935.442493999972,2727.541646984727
1780755432,5,POST,/api/book,1.900000,0.000000,140,140,140,140,150,180,180,180,180,180,180,4902,0,320,856.5833337097137,91.28853199990772,6935.442493999972,3382.0699714402285
1780755432,5,GET,/api/concerts,0.400000,0.000000,3,3,3,3,3,3,3,3,3,3,3,969,0,3,28.435424050561974,1.9625259999429545,1205.510871000115,753.0
1780755432,5,GET,/health,0.200000,0.000000,2,2,2,2,2,2,2,2,2,2,2,484,0,3,17.003093239667876,2.017066000007617,885.8155679999982,57.0
1780755432,5,,Aggregated,2.500000,0.000000,100,140,140,140,150,150,180,180,180,180,180,6355,0,200,666.3658418376093,1.9625259999429545,6935.442493999972,2727.954681353265
1780755433,5,POST,/api/book,1.600000,0.000000,140,140,140,140,150,180,180,180,180,180,180,4904,0,320,856.2921712822218,91.28853199990772,6935.442493999972,3382.0738172920064
1780755433,5,GET,/api/concerts,0.400000,0.000000,3,3,3,3,3,3,3,3,3,3,3,969,0,3,28.435424050561974,1.9625259999429545,1205.510871000115,753.0
1780755433,5,GET,/health,0.300000,0.000000,2,2,2,2,2,2,2,2,2,2,2,484,0,3,17.003093239667876,2.017066000007617,885.8155679999982,57.0
1780755433,5,,Aggregated,2.300000,0.000000,97,140,140,140,140,140,180,180,180,180,180,6357,0,200,666.2010745636317,1.9625259999429545,6935.442493999972,2728.163441875098
1780755434,5,POST,/api/book,1.600000,0.000000,140,140,140,140,150,180,180,180,180,180,180,4906,0,320,856.0045583846344,91.28853199990772,6935.442493999972,3382.0772523440687
1780755434,5,GET,/api/concerts,0.400000,0.000000,3,3,3,3,3,3,3,3,3,3,3,969,0,3,28.435424050561974,1.9625259999429545,1205.510871000115,753.0
1780755434,5,GET,/health,0.300000,0.000000,2,2,2,2,2,2,2,2,2,2,2,484,0,3,17.003093239667876,2.017066000007617,885.8155679999982,57.0
1780755434,5,,Aggregated,2.300000,0.000000,130,140,140,140,150,150,180,180,180,180,180,6359,0,200,666.03896626325,1.9625259999429545,6935.442493999972,2728.371756565498
1780755435,5,POST,/api/book,1.800000,0.000000,140,140,140,140,150,180,180,180,180,180,180,4907,0,320,855.8589204220534,91.28853199990772,6935.442493999972,3382.0727532097003
1780755435,5,GET,/api/concerts,0.600000,0.000000,3,3,3,3,3,3,3,3,3,3,3,971,0,3,28.381885043248726,1.9625259999429545,1205.510871000115,753.0
1780755435,5,GET,/health,0.300000,0.000000,2,2,2,2,2,2,2,2,2,2,2,484,0,3,17.003093239667876,2.017066000007617,885.8155679999982,57.0
1780755435,5,,Aggregated,2.700000,0.000000,130,140,140,140,150,150,180,180,180,180,180,6362,0,200,665.7478827437922,1.9625259999429545,6935.442493999972,2727.850047154983
1780755436,5,POST,/api/book,1.800000,0.000000,140,140,150,150,380,380,380,380,380,380,380,4910,0,320,855.5098801238322,91.28853199990772,6935.442493999972,3382.07800407332
1780755436,5,GET,/api/concerts,0.600000,0.000000,3,3,3,3,3,3,3,3,3,3,3,971,0,3,28.381885043248726,1.9625259999429545,1205.510871000115,753.0
1780755436,5,GET,/health,0.300000,0.000000,2,2,2,2,2,2,2,2,2,2,2,484,0,3,17.003093239667876,2.017066000007617,885.8155679999982,57.0
1780755436,5,,Aggregated,2.700000,0.000000,130,140,140,150,180,380,380,380,380,380,380,6365,0,200,665.5682354930096,1.9625259999429545,6935.442493999972,2728.1624509033777
1780755437,5,POST,/api/book,1.800000,0.000000,140,140,150,150,380,380,380,380,380,380,380,4910,0,320,855.5098801238322,91.28853199990772,6935.442493999972,3382.07800407332
1780755437,5,GET,/api/concerts,0.600000,0.000000,3,3,3,3,3,3,3,3,3,3,3,971,0,3,28.381885043248726,1.9625259999429545,1205.510871000115,753.0
1780755437,5,GET,/health,0.300000,0.000000,2,2,2,2,2,2,2,2,2,2,2,484,0,3,17.003093239667876,2.017066000007617,885.8155679999982,57.0
1780755437,5,,Aggregated,2.700000,0.000000,140,140,140,150,180,380,380,380,380,380,380,6365,0,200,665.5682354930096,1.9625259999429545,6935.442493999972,2728.1624509033777
1780755438,5,POST,/api/book,1.700000,0.000000,140,140,150,150,380,380,380,380,380,380,380,4914,0,310,854.9159182842931,91.28853199990772,6935.442493999972,3382.0742775742774
1780755438,5,GET,/api/concerts,0.700000,0.000000,2,2,3,3,3,3,3,3,3,3,3,972,0,3,28.355247289088982,1.9625259999429545,1205.510871000115,753.0
1780755438,5,GET,/health,0.200000,0.000000,2,2,2,2,2,2,2,2,2,2,2,484,0,3,17.003093239667876,2.017066000007617,885.8155679999982,57.0
1780755438,5,,Aggregated,2.600000,0.000000,140,140,140,140,180,380,380,380,380,380,380,6370,0,200,665.1252150615395,1.9625259999429545,6935.442493999972,2728.260125588697
1780755439,5,POST,/api/book,1.700000,0.000000,140,140,140,150,380,380,380,380,380,380,380,4914,0,310,854.9159182842931,91.28853199990772,6935.442493999972,3382.0742775742774
1780755439,5,GET,/api/concerts,0.600000,0.000000,2,3,3,3,3,3,3,3,3,3,3,973,0,3,28.328717850970687,1.9625259999429545,1205.510871000115,753.0
1780755439,5,GET,/health,0.200000,0.000000,2,2,2,2,2,2,2,2,2,2,2,484,0,3,17.003093239667876,2.017066000007617,885.8155679999982,57.0
1780755439,5,,Aggregated,2.500000,0.000000,140,140,140,140,150,380,380,380,380,380,380,6371,0,200,665.0212152010685,1.9625259999429545,6935.442493999972,2727.9500863286767
1780755440,5,POST,/api/book,1.700000,0.000000,140,140,150,330,380,380,380,380,380,380,380,4917,0,320,854.5640994480408,91.28853199990772,6935.442493999972,3382.0793166564977
1780755440,5,GET,/api/concerts,0.600000,0.000000,3,3,3,3,3,3,3,3,3,3,3,973,0,3,28.328717850970687,1.9625259999429545,1205.510871000115,753.0
1780755440,5,GET,/health,0.100000,0.000000,2,2,2,2,2,2,2,2,2,2,2,484,0,3,17.003093239667876,2.017066000007617,885.8155679999982,57.0
1780755440,5,,Aggregated,2.400000,0.000000,140,140,140,150,380,380,380,380,380,380,380,6374,0,200,664.839193062913,1.9625259999429545,6935.442493999972,2728.2618449952934
1780755441,5,POST,/api/book,2.000000,0.000000,140,140,150,330,380,380,380,380,380,380,380,4919,0,310,854.2646299796739,91.28853199990772,6935.442493999972,3382.0764383004675
1780755441,5,GET,/api/concerts,0.600000,0.000000,3,3,3,3,3,3,3,3,3,3,3,973,0,3,28.328717850970687,1.9625259999429545,1205.510871000115,753.0
1780755441,5,GET,/health,0.100000,0.000000,2,2,2,2,2,2,2,2,2,2,2,484,0,3,17.003093239667876,2.017066000007617,885.8155679999982,57.0
1780755441,5,,Aggregated,2.700000,0.000000,140,140,150,150,380,380,380,380,380,380,380,6376,0,200,664.6676685174101,1.9625259999429545,6935.442493999972,2728.464711417817
1780755442,5,POST,/api/book,1.700000,0.000000,140,140,150,330,380,380,380,380,380,380,380,4921,0,310,853.9744896279244,91.28853199990772,6935.442493999972,3382.0796586059746
1780755442,5,GET,/api/concerts,0.600000,0.000000,3,3,3,3,3,3,3,3,3,3,3,973,0,3,28.328717850970687,1.9625259999429545,1205.510871000115,753.0
1780755442,5,GET,/health,0.100000,0.000000,2,2,2,2,2,2,2,2,2,2,2,484,0,3,17.003093239667876,2.017066000007617,885.8155679999982,57.0
1780755442,5,,Aggregated,2.400000,0.000000,140,140,150,150,380,380,380,380,380,380,380,6378,0,200,664.5032616895588,1.9625259999429545,6935.442493999972,2728.672154280339
1780755443,5,POST,/api/book,1.700000,0.000000,140,140,150,330,380,380,380,380,380,380,380,4921,0,310,853.9744896279244,91.28853199990772,6935.442493999972,3382.0796586059746
1780755443,5,GET,/api/concerts,0.600000,0.000000,2,3,3,3,3,3,3,3,3,3,3,974,0,3,28.30212839013804,1.9625259999429545,1205.510871000115,753.0
1780755443,5,GET,/health,0.100000,0.000000,2,2,2,2,2,2,2,2,2,2,2,484,0,3,17.003093239667876,2.017066000007617,885.8155679999982,57.0
1780755443,5,,Aggregated,2.400000,0.000000,130,140,140,330,380,380,380,380,380,380,380,6379,0,200,664.3994722744955,1.9625259999429545,6935.442493999972,2728.3624392538013
1780755444,5,POST,/api/book,2.100000,0.000000,140,140,320,330,380,380,380,380,380,380,380,4925,0,310,853.4540082410184,91.28853199990772,6935.442493999972,3382.0789847715737
1780755444,5,GET,/api/concerts,0.400000,0.000000,2,2,3,3,3,3,3,3,3,3,3,974,0,3,28.30212839013804,1.9625259999429545,1205.510871000115,753.0
1780755444,5,GET,/health,0.000000,0.000000,2,2,2,2,2,2,2,2,2,2,2,484,0,3,17.003093239667876,2.017066000007617,885.8155679999982,57.0
1780755444,5,,Aggregated,2.500000,0.000000,140,140,270,320,380,380,380,380,380,380,380,6383,0,200,664.1166787979016,1.9625259999429545,6935.442493999972,2728.7715807613977
1780755445,5,POST,/api/book,2.100000,0.000000,140,140,320,330,380,380,380,380,380,380,380,4926,0,310,853.3095393664262,91.28853199990772,6935.442493999972,3382.082825822168
1780755445,5,GET,/api/concerts,0.400000,0.000000,2,2,3,3,3,3,3,3,3,3,3,974,0,3,28.30212839013804,1.9625259999429545,1205.510871000115,753.0
1780755445,5,GET,/health,0.000000,0.000000,2,2,2,2,2,2,2,2,2,2,2,484,0,3,17.003093239667876,2.017066000007617,885.8155679999982,57.0
1780755445,5,,Aggregated,2.500000,0.000000,140,140,270,320,380,380,380,380,380,380,380,6384,0,200,664.0348623275385,1.9625259999429545,6935.442493999972,2728.876879699248
1780755446,5,POST,/api/book,1.600000,0.000000,140,140,140,270,330,380,380,380,380,380,380,4928,0,310,853.014109773542,91.28853199990772,6935.442493999972,3382.0947646103896
1780755446,5,GET,/api/concerts,0.500000,0.000000,2,2,3,3,3,3,3,3,3,3,3,974,0,3,28.30212839013804,1.9625259999429545,1205.510871000115,753.0
1780755446,5,GET,/health,0.000000,0.000000,2,2,2,2,2,2,2,2,2,2,2,484,0,3,17.003093239667876,2.017066000007617,885.8155679999982,57.0
1780755446,5,,Aggregated,2.100000,0.000000,140,140,140,140,320,330,380,380,380,380,380,6386,0,200,663.8661608430953,1.9625259999429545,6935.442493999972,2729.090667084247
1780755447,5,POST,/api/book,2.000000,0.000000,140,140,140,270,330,380,380,380,380,380,380,4931,0,310,852.5662130275836,91.28853199990772,6935.442493999972,3382.080916649767
1780755447,5,GET,/api/concerts,0.400000,0.000000,3,3,3,3,3,3,3,3,3,3,3,975,0,3,28.27583118871222,1.9625259999429545,1205.510871000115,753.0
1780755447,5,GET,/health,0.000000,0.000000,2,2,2,2,2,2,2,2,2,2,2,484,0,3,17.003093239667876,2.017066000007617,885.8155679999982,57.0
1780755447,5,,Aggregated,2.400000,0.000000,130,140,140,140,320,330,380,380,380,380,380,6390,0,190,663.5058574297348,1.9625259999429545,6935.442493999972,2729.0773082942096
1780755448,5,POST,/api/book,2.000000,0.000000,140,140,140,270,330,380,380,380,380,380,380,4931,0,310,852.5662130275836,91.28853199990772,6935.442493999972,3382.080916649767
1780755448,5,GET,/api/concerts,0.400000,0.000000,3,3,3,3,3,3,3,3,3,3,3,975,0,3,28.27583118871222,1.9625259999429545,1205.510871000115,753.0
1780755448,5,GET,/health,0.000000,0.000000,0,0,0,0,0,0,0,0,0,0,0,484,0,3,17.003093239667876,2.017066000007617,885.8155679999982,57.0
1780755448,5,,Aggregated,2.400000,0.000000,130,140,140,270,330,380,380,380,380,380,380,6390,0,190,663.5058574297348,1.9625259999429545,6935.442493999972,2729.0773082942096
1780755449,5,POST,/api/book,1.900000,0.000000,140,140,140,270,330,380,380,380,380,380,380,4933,0,310,852.2749250403435,91.28853199990772,6935.442493999972,3382.074194202311
1780755449,5,GET,/api/concerts,0.300000,0.000000,3,3,3,3,3,3,3,3,3,3,3,975,0,3,28.27583118871222,1.9625259999429545,1205.510871000115,753.0
1780755449,5,GET,/health,0.000000,0.000000,0,0,0,0,0,0,0,0,0,0,0,484,0,3,17.003093239667876,2.017066000007617,885.8155679999982,57.0
1780755449,5,,Aggregated,2.200000,0.000000,130,140,140,140,320,330,380,380,380,380,380,6392,0,190,663.3402124156767,1.9625259999429545,6935.442493999972,2729.276439299124
1780755450,5,POST,/api/book,2.000000,0.000000,140,140,140,270,360,370,370,370,370,370,370,4936,0,310,851.9323415488279,91.28853199990772,6935.442493999972,3382.0668557536465
1780755450,5,GET,/api/concerts,0.400000,0.000000,3,3,3,3,3,3,3,3,3,3,3,975,0,3,28.27583118871222,1.9625259999429545,1205.510871000115,753.0
1780755450,5,GET,/health,0.000000,0.000000,0,0,0,0,0,0,0,0,0,0,0,484,0,3,17.003093239667876,2.017066000007617,885.8155679999982,57.0
1780755450,5,,Aggregated,2.400000,0.000000,140,140,140,270,360,370,370,370,370,370,370,6395,0,190,663.1644207071157,1.9625259999429545,6935.442493999972,2729.577013291634
1780755451,5,POST,/api/book,1.700000,0.000000,140,140,140,270,360,370,370,370,370,370,370,4938,0,310,851.6422490196466,91.28853199990772,6935.442493999972,3382.0680437424057
1780755451,5,GET,/api/concerts,0.300000,0.000000,3,3,3,3,3,3,3,3,3,3,3,975,0,3,28.27583118871222,1.9625259999429545,1205.510871000115,753.0
1780755451,5,GET,/health,0.000000,0.000000,0,0,0,0,0,0,0,0,0,0,0,484,0,3,17.003093239667876,2.017066000007617,885.8155679999982,57.0
1780755451,5,,Aggregated,2.000000,0.000000,140,140,140,270,360,370,370,370,370,370,370,6397,0,190,662.9995088629053,1.9625259999429545,6935.442493999972,2729.7819290292323
1780755452,5,POST,/api/book,2.000000,0.000000,140,140,140,270,360,370,370,370,370,370,370,4939,0,310,851.4975496562088,91.28853199990772,6935.442493999972,3382.0686373759872
1780755452,5,GET,/api/concerts,0.200000,0.000000,3,3,3,3,3,3,3,3,3,3,3,976,0,3,28.249429942617265,1.9625259999429545,1205.510871000115,753.0
1780755452,5,GET,/health,0.000000,0.000000,0,0,0,0,0,0,0,0,0,0,0,484,0,3,17.003093239667876,2.017066000007617,885.8155679999982,57.0
1780755452,5,,Aggregated,2.200000,0.000000,140,140,140,270,360,370,370,370,370,370,370,6399,0,190,662.8140863422418,1.9625259999429545,6935.442493999972,2729.575402406626
1780755453,5,POST,/api/book,1.800000,0.000000,140,140,140,270,360,370,370,370,370,370,370,4941,0,310,851.2074545256052,91.28853199990772,6935.442493999972,3382.071645415908
1780755453,5,GET,/api/concerts,0.200000,0.000000,3,3,3,3,3,3,3,3,3,3,3,977,0,3,28.223641093136575,1.9625259999429545,1205.510871000115,753.0
1780755453,5,GET,/health,0.000000,0.000000,0,0,0,0,0,0,0,0,0,0,0,484,0,3,17.003093239667876,2.017066000007617,885.8155679999982,57.0
1780755453,5,,Aggregated,2.000000,0.000000,140,140,140,140,320,360,370,370,370,370,370,6402,0,190,662.5460836124657,1.9625259999429545,6935.442493999972,2729.4728209934397
1780755454,5,POST,/api/book,1.800000,0.000000,140,140,140,140,320,360,370,370,370,370,370,4943,0,310,850.9135532405453,91.28853199990772,6935.442493999972,3382.0659518511025
1780755454,5,GET,/api/concerts,0.200000,0.000000,3,3,3,3,3,3,3,3,3,3,3,978,0,3,28.197204648255973,1.9625259999429545,1205.510871000115,753.0
1780755454,5,GET,/health,0.000000,0.000000,0,0,0,0,0,0,0,0,0,0,0,484,0,3,17.003093239667876,2.017066000007617,885.8155679999982,57.0
1780755454,5,,Aggregated,2.000000,0.000000,140,140,140,140,320,360,370,370,370,370,370,6405,0,190,662.2751064702585,1.9625259999429545,6935.442493999972,2729.3636221701795
1780755455,5,POST,/api/book,1.900000,0.000000,140,140,140,140,360,370,370,370,370,370,370,4945,0,310,850.6197300570304,91.28853199990772,6935.442493999972,3382.0721941354905
1780755455,5,GET,/api/concerts,0.200000,0.000000,3,3,3,3,3,3,3,3,3,3,3,978,0,3,28.197204648255973,1.9625259999429545,1205.510871000115,753.0
1780755455,5,GET,/health,0.000000,0.000000,0,0,0,0,0,0,0,0,0,0,0,484,0,3,17.003093239667876,2.017066000007617,885.8155679999982,57.0
1780755455,5,,Aggregated,2.100000,0.000000,130,140,140,140,140,360,370,370,370,370,370,6407,0,190,662.1072152967076,1.9625259999429545,6935.442493999972,2729.5721866708286
1780755456,5,POST,/api/book,1.900000,0.000000,140,140,140,140,360,370,370,370,370,370,370,4947,0,310,850.331664591877,91.28853199990772,6935.442493999972,3382.0762078027087
1780755456,5,GET,/api/concerts,0.300000,0.000000,3,3,3,3,3,3,3,3,3,3,3,978,0,3,28.197204648255973,1.9625259999429545,1205.510871000115,753.0
1780755456,5,GET,/health,0.000000,0.000000,0,0,0,0,0,0,0,0,0,0,0,484,0,3,17.003093239667876,2.017066000007617,885.8155679999982,57.0
1780755456,5,,Aggregated,2.200000,0.000000,140,140,140,140,140,360,370,370,370,370,370,6409,0,190,661.9436898127642,1.9625259999429545,6935.442493999972,2729.7789046653143
1780755457,5,POST,/api/book,1.700000,0.000000,140,140,140,140,360,370,370,370,370,370,370,4949,0,310,850.0438175607226,91.28853199990772,6935.442493999972,3382.0763790664782
1780755457,5,GET,/api/concerts,0.400000,0.000000,3,3,3,3,3,3,3,3,3,3,3,978,0,3,28.197204648255973,1.9625259999429545,1205.510871000115,753.0
1780755457,5,GET,/health,0.000000,0.000000,0,0,0,0,0,0,0,0,0,0,0,484,0,3,17.003093239667876,2.017066000007617,885.8155679999982,57.0
1780755457,5,,Aggregated,2.100000,0.000000,140,140,140,140,140,360,370,370,370,370,370,6411,0,190,661.7802552459844,1.9625259999429545,6935.442493999972,2729.982530026517
1780755458,5,POST,/api/book,1.900000,0.000000,140,140,140,140,360,370,370,370,370,370,370,4951,0,310,849.7576605677674,91.28853199990772,6935.442493999972,3382.069884871743
1780755458,5,GET,/api/concerts,0.400000,0.000000,3,3,3,3,3,3,3,3,3,3,3,978,0,3,28.197204648255973,1.9625259999429545,1205.510871000115,753.0
1780755458,5,GET,/health,0.000000,0.000000,0,0,0,0,0,0,0,0,0,0,0,484,0,3,17.003093239667876,2.017066000007617,885.8155679999982,57.0
1780755458,5,,Aggregated,2.300000,0.000000,140,140,140,140,140,360,370,370,370,370,370,6413,0,190,661.6180478317491,1.9625259999429545,6935.442493999972,2730.180882582255
1780755459,5,POST,/api/book,1.900000,0.000000,140,140,140,140,360,370,370,370,370,370,370,4952,0,310,849.6144735510939,91.28853199990772,6935.442493999972,3382.0690630048466
1780755459,5,GET,/api/concerts,0.400000,0.000000,3,3,3,3,3,3,3,3,3,3,3,980,0,3,28.144834301014487,1.9625259999429545,1205.510871000115,753.0
1780755459,5,GET,/health,0.000000,0.000000,0,0,0,0,0,0,0,0,0,0,0,484,0,3,17.003093239667876,2.017066000007617,885.8155679999982,57.0
1780755459,5,,Aggregated,2.300000,0.000000,140,140,140,140,140,360,370,370,370,370,370,6416,0,190,661.3314070710734,1.9625259999429545,6935.442493999972,2729.665523690773
1780755460,5,POST,/api/book,1.800000,0.000000,140,140,140,140,140,140,140,140,140,140,140,4952,0,310,849.6144735510939,91.28853199990772,6935.442493999972,3382.0690630048466
1780755460,5,GET,/api/concerts,0.300000,0.000000,3,3,3,3,3,3,3,3,3,3,3,980,0,3,28.144834301014487,1.9625259999429545,1205.510871000115,753.0
1780755460,5,GET,/health,0.000000,0.000000,0,0,0,0,0,0,0,0,0,0,0,485,0,3,16.972795344328265,2.017066000007617,885.8155679999982,57.0
1780755460,5,,Aggregated,2.100000,0.000000,140,140,140,140,140,140,140,140,140,140,140,6417,0,190,661.2287075552449,1.9625259999429545,6935.442493999972,2729.2490260246223
