[2026-05-31 14:02:39,815] ip-172-31-20-158/INFO/locust.main: Starting Locust 2.44.0
[2026-05-31 14:02:39,815] ip-172-31-20-158/WARNING/locust.main: --run-time, --users or --spawn-rate have no impact on LoadShapes unless the shape class explicitly reads them. See: docs.locust.io/en/stable/custom-load-shape.html#use-common-options
[2026-05-31 14:02:39,815] ip-172-31-20-158/WARNING/locust.main: The following option(s) will be ignored: --run-time
[2026-05-31 14:02:39,816] ip-172-31-20-158/INFO/locust.runners: Shape test starting.
Type     Name                                                                          # reqs      # fails |    Avg     Min     Max    Med |   req/s  failures/s
--------|----------------------------------------------------------------------------|-------|-------------|-------|-------|-------|-------|--------|-----------
--------|----------------------------------------------------------------------------|-------|-------------|-------|-------|-------|-------|--------|-----------
         Aggregated                                                                         0     0(0.00%) |      0       0       0      0 |    0.00        0.00

[2026-05-31 14:02:39,817] ip-172-31-20-158/INFO/locust.runners: Shape worker starting
[2026-05-31 14:02:39,817] ip-172-31-20-158/INFO/locust.runners: Shape test updating to 60 users at 2.00 spawn rate
[2026-05-31 14:02:39,817] ip-172-31-20-158/INFO/locust.runners: Ramping to 60 users at a rate of 2.00 per second
Type     Name                                                                          # reqs      # fails |    Avg     Min     Max    Med |   req/s  failures/s
--------|----------------------------------------------------------------------------|-------|-------------|-------|-------|-------|-------|--------|-----------
POST     /api/book                                                                          2     0(0.00%) |    179     145     213    150 |    0.00        0.00
GET      /api/concerts                                                                      2     0(0.00%) |      4       4       4      4 |    0.00        0.00
--------|----------------------------------------------------------------------------|-------|-------------|-------|-------|-------|-------|--------|-----------
         Aggregated                                                                         4     0(0.00%) |     91       4     213      5 |    0.00        0.00

Type     Name                                                                          # reqs      # fails |    Avg     Min     Max    Med |   req/s  failures/s
--------|----------------------------------------------------------------------------|-------|-------------|-------|-------|-------|-------|--------|-----------
POST     /api/book                                                                          9     0(0.00%) |    322     145     503    320 |    1.00        0.00
GET      /api/concerts                                                                      3     0(0.00%) |      4       3       4      4 |    1.00        0.00
--------|----------------------------------------------------------------------------|-------|-------------|-------|-------|-------|-------|--------|-----------
         Aggregated                                                                        12     0(0.00%) |    243       3     503    210 |    2.00        0.00

Type     Name                                                                          # reqs      # fails |    Avg     Min     Max    Med |   req/s  failures/s
--------|----------------------------------------------------------------------------|-------|-------------|-------|-------|-------|-------|--------|-----------
POST     /api/book                                                                         18     0(0.00%) |    368     145     623    400 |    1.75        0.00
GET      /api/concerts                                                                      6     0(0.00%) |     12       3      55      4 |    0.75        0.00
GET      /health                                                                            1     0(0.00%) |      8       8       8      8 |    0.00        0.00
--------|----------------------------------------------------------------------------|-------|-------------|-------|-------|-------|-------|--------|-----------
         Aggregated                                                                        25     0(0.00%) |    268       3     623    260 |    2.50        0.00

Type     Name                                                                          # reqs      # fails |    Avg     Min     Max    Med |   req/s  failures/s
--------|----------------------------------------------------------------------------|-------|-------------|-------|-------|-------|-------|--------|-----------
POST     /api/book                                                                         24     0(0.00%) |    371     139     623    400 |    2.17        0.00
GET      /api/concerts                                                                      8     0(0.00%) |     14       2      55      4 |    0.83        0.00
GET      /health                                                                            6     0(0.00%) |     17       4      53      5 |    0.00        0.00
--------|----------------------------------------------------------------------------|-------|-------------|-------|-------|-------|-------|--------|-----------
         Aggregated                                                                        38     0(0.00%) |    240       2     623    180 |    3.00        0.00

Type     Name                                                                          # reqs      # fails |    Avg     Min     Max    Med |   req/s  failures/s
--------|----------------------------------------------------------------------------|-------|-------------|-------|-------|-------|-------|--------|-----------
POST     /api/book                                                                         29     0(0.00%) |    502     139    1537    430 |    2.50        0.00
GET      /api/concerts                                                                     11     0(0.00%) |     17       2      56      5 |    0.88        0.00
GET      /health                                                                            6     0(0.00%) |     17       4      53      5 |    0.38        0.00
--------|----------------------------------------------------------------------------|-------|-------------|-------|-------|-------|-------|--------|-----------
         Aggregated                                                                        46     0(0.00%) |    323       2    1537    210 |    3.75        0.00

Type     Name                                                                          # reqs      # fails |    Avg     Min     Max    Med |   req/s  failures/s
--------|----------------------------------------------------------------------------|-------|-------------|-------|-------|-------|-------|--------|-----------
POST     /api/book                                                                         37     0(0.00%) |    805     139    2296    520 |    2.60        0.00
GET      /api/concerts                                                                     14     0(0.00%) |     20       2      71      5 |    1.00        0.00
GET      /health                                                                            7     0(0.00%) |     17       4      53      8 |    0.60        0.00
--------|----------------------------------------------------------------------------|-------|-------------|-------|-------|-------|-------|--------|-----------
         Aggregated                                                                        58     0(0.00%) |    520       2    2296    260 |    4.20        0.00

Type     Name                                                                          # reqs      # fails |    Avg     Min     Max    Med |   req/s  failures/s
--------|----------------------------------------------------------------------------|-------|-------------|-------|-------|-------|-------|--------|-----------
POST     /api/book                                                                         43     0(0.00%) |   1052     139    2842    550 |    3.30        0.00
GET      /api/concerts                                                                     17     0(0.00%) |     55       2     372     16 |    1.20        0.00
GET      /health                                                                            8     0(0.00%) |     16       4      53      8 |    0.70        0.00
--------|----------------------------------------------------------------------------|-------|-------------|-------|-------|-------|-------|--------|-----------
         Aggregated                                                                        68     0(0.00%) |    681       2    2842    320 |    5.20        0.00

Type     Name                                                                          # reqs      # fails |    Avg     Min     Max    Med |   req/s  failures/s
--------|----------------------------------------------------------------------------|-------|-------------|-------|-------|-------|-------|--------|-----------
POST     /api/book                                                                         47     0(0.00%) |   1230     139    3384    620 |    3.50        0.00
GET      /api/concerts                                                                     18     0(0.00%) |     55       2     372     16 |    1.40        0.00
GET      /health                                                                            9     0(0.00%) |     38       4     214     12 |    0.80        0.00
--------|----------------------------------------------------------------------------|-------|-------------|-------|-------|-------|-------|--------|-----------
         Aggregated                                                                        74     0(0.00%) |    799       2    3384    350 |    5.70        0.00

Type     Name                                                                          # reqs      # fails |    Avg     Min     Max    Med |   req/s  failures/s
--------|----------------------------------------------------------------------------|-------|-------------|-------|-------|-------|-------|--------|-----------
POST     /api/book                                                                         53     0(0.00%) |   1687     139    5920   1100 |    3.40        0.00
GET      /api/concerts                                                                     18     0(0.00%) |     55       2     372     16 |    1.20        0.00
GET      /health                                                                            9     0(0.00%) |     38       4     214     12 |    0.80        0.00
--------|----------------------------------------------------------------------------|-------|-------------|-------|-------|-------|-------|--------|-----------
         Aggregated                                                                        80     0(0.00%) |   1135       2    5920    420 |    5.40        0.00

Type     Name                                                                          # reqs      # fails |    Avg     Min     Max    Med |   req/s  failures/s
--------|----------------------------------------------------------------------------|-------|-------------|-------|-------|-------|-------|--------|-----------
POST     /api/book                                                                         67     0(0.00%) |   2457     139    6285   2200 |    3.10        0.00
GET      /api/concerts                                                                     19     0(0.00%) |     58       2     372     17 |    1.10        0.00
GET      /health                                                                           10     0(0.00%) |    114       4     798     12 |    0.60        0.00
--------|----------------------------------------------------------------------------|-------|-------------|-------|-------|-------|-------|--------|-----------
         Aggregated                                                                        96     0(0.00%) |   1738       2    6285    540 |    4.80        0.00

Type     Name                                                                          # reqs      # fails |    Avg     Min     Max    Med |   req/s  failures/s
--------|----------------------------------------------------------------------------|-------|-------------|-------|-------|-------|-------|--------|-----------
POST     /api/book                                                                         72     0(0.00%) |   2689     139    7033   2200 |    2.90        0.00
GET      /api/concerts                                                                     19     0(0.00%) |     58       2     372     17 |    1.00        0.00
GET      /health                                                                           12     0(0.00%) |    139       4     798     13 |    0.30        0.00
--------|----------------------------------------------------------------------------|-------|-------------|-------|-------|-------|-------|--------|-----------
         Aggregated                                                                       103     0(0.00%) |   1906       2    7033    550 |    4.20        0.00

Type     Name                                                                          # reqs      # fails |    Avg     Min     Max    Med |   req/s  failures/s
--------|----------------------------------------------------------------------------|-------|-------------|-------|-------|-------|-------|--------|-----------
POST     /api/book                                                                         75     0(0.00%) |   2868     139    7583   2300 |    3.90        0.00
GET      /api/concerts                                                                     19     0(0.00%) |     58       2     372     17 |    0.80        0.00
GET      /health                                                                           13     0(0.00%) |    226       4    1271     29 |    0.30        0.00
--------|----------------------------------------------------------------------------|-------|-------------|-------|-------|-------|-------|--------|-----------
         Aggregated                                                                       107     0(0.00%) |   2048       2    7583    620 |    5.00        0.00

Type     Name                                                                          # reqs      # fails |    Avg     Min     Max    Med |   req/s  failures/s
--------|----------------------------------------------------------------------------|-------|-------------|-------|-------|-------|-------|--------|-----------
POST     /api/book                                                                         83     0(0.00%) |   3308     139    9691   2700 |    3.30        0.00
GET      /api/concerts                                                                     21     0(0.00%) |    282       2    2706     39 |    0.20        0.00
GET      /health                                                                           16     0(0.00%) |    543       4    2553     54 |    0.50        0.00
--------|----------------------------------------------------------------------------|-------|-------------|-------|-------|-------|-------|--------|-----------
         Aggregated                                                                       120     0(0.00%) |   2410       2    9691   1200 |    4.00        0.00

Type     Name                                                                          # reqs      # fails |    Avg     Min     Max    Med |   req/s  failures/s
--------|----------------------------------------------------------------------------|-------|-------------|-------|-------|-------|-------|--------|-----------
POST     /api/book                                                                         95     0(0.00%) |   3896     139   10001   4500 |    2.80        0.00
GET      /api/concerts                                                                     21     0(0.00%) |    282       2    2706     39 |    0.30        0.00
GET      /health                                                                           16     0(0.00%) |    543       4    2553     54 |    0.70        0.00
--------|----------------------------------------------------------------------------|-------|-------------|-------|-------|-------|-------|--------|-----------
         Aggregated                                                                       132     0(0.00%) |   2914       2   10001   1900 |    3.80        0.00

[2026-05-31 14:03:08,860] ip-172-31-20-158/INFO/locust.runners: All users spawned: {"TicketingUser": 60} (60 total users)
Type     Name                                                                          # reqs      # fails |    Avg     Min     Max    Med |   req/s  failures/s
--------|----------------------------------------------------------------------------|-------|-------------|-------|-------|-------|-------|--------|-----------
POST     /api/book                                                                        102     0(0.00%) |   4205     139   10096   4600 |    4.00        0.00
GET      /api/concerts                                                                     24     0(0.00%) |    299       2    2706     48 |    0.30        0.00
GET      /health                                                                           17     0(0.00%) |    512       4    2553     54 |    0.70        0.00
--------|----------------------------------------------------------------------------|-------|-------------|-------|-------|-------|-------|--------|-----------
         Aggregated                                                                       143     0(0.00%) |   3110       2   10096   2200 |    5.00        0.00

Type     Name                                                                          # reqs      # fails |    Avg     Min     Max    Med |   req/s  failures/s
--------|----------------------------------------------------------------------------|-------|-------------|-------|-------|-------|-------|--------|-----------
POST     /api/book                                                                        102     0(0.00%) |   4205     139   10096   4600 |    4.30        0.00
GET      /api/concerts                                                                     25     0(0.00%) |    311       2    2706     56 |    0.30        0.00
GET      /health                                                                           17     0(0.00%) |    512       4    2553     54 |    0.70        0.00
--------|----------------------------------------------------------------------------|-------|-------------|-------|-------|-------|-------|--------|-----------
         Aggregated                                                                       144     0(0.00%) |   3093       2   10096   2100 |    5.30        0.00

Type     Name                                                                          # reqs      # fails |    Avg     Min     Max    Med |   req/s  failures/s
--------|----------------------------------------------------------------------------|-------|-------------|-------|-------|-------|-------|--------|-----------
POST     /api/book                                                                        102     0(0.00%) |   4205     139   10096   4600 |    4.30        0.00
GET      /api/concerts                                                                     25     0(0.00%) |    311       2    2706     56 |    0.30        0.00
GET      /health                                                                           17     0(0.00%) |    512       4    2553     54 |    0.70        0.00
--------|----------------------------------------------------------------------------|-------|-------------|-------|-------|-------|-------|--------|-----------
         Aggregated                                                                       144     0(0.00%) |   3093       2   10096   2100 |    5.30        0.00

Type     Name                                                                          # reqs      # fails |    Avg     Min     Max    Med |   req/s  failures/s
--------|----------------------------------------------------------------------------|-------|-------------|-------|-------|-------|-------|--------|-----------
POST     /api/book                                                                        143     0(0.00%) |   5767     139   13770   5900 |    2.70        0.00
GET      /api/concerts                                                                     26     0(0.00%) |    304       2    2706     56 |    0.60        0.00
GET      /health                                                                           19     0(0.00%) |    986       4    7082    130 |    0.40        0.00
--------|----------------------------------------------------------------------------|-------|-------------|-------|-------|-------|-------|--------|-----------
         Aggregated                                                                       188     0(0.00%) |   4528       2   13770   4600 |    3.70        0.00

Type     Name                                                                          # reqs      # fails |    Avg     Min     Max    Med |   req/s  failures/s
--------|----------------------------------------------------------------------------|-------|-------------|-------|-------|-------|-------|--------|-----------
POST     /api/book                                                                        144     0(0.00%) |   5799     139   13770   5900 |    5.10        0.00
GET      /api/concerts                                                                     32     0(0.00%) |    291       2    2706     58 |    0.50        0.00
GET      /health                                                                           20     0(0.00%) |    957       4    7082    130 |    0.40        0.00
--------|----------------------------------------------------------------------------|-------|-------------|-------|-------|-------|-------|--------|-----------
         Aggregated                                                                       196     0(0.00%) |   4406       2   13770   3400 |    6.00        0.00

Type     Name                                                                          # reqs      # fails |    Avg     Min     Max    Med |   req/s  failures/s
--------|----------------------------------------------------------------------------|-------|-------------|-------|-------|-------|-------|--------|-----------
POST     /api/book                                                                        145     0(0.00%) |   5813     139   13770   5900 |    5.50        0.00
GET      /api/concerts                                                                     34     0(0.00%) |    319       2    2706     71 |    0.50        0.00
GET      /health                                                                           22     0(0.00%) |    934       4    7082    210 |    0.30        0.00
--------|----------------------------------------------------------------------------|-------|-------------|-------|-------|-------|-------|--------|-----------
         Aggregated                                                                       201     0(0.00%) |   4350       2   13770   3100 |    6.30        0.00

Type     Name                                                                          # reqs      # fails |    Avg     Min     Max    Med |   req/s  failures/s
--------|----------------------------------------------------------------------------|-------|-------------|-------|-------|-------|-------|--------|-----------
POST     /api/book                                                                        145     0(0.00%) |   5813     139   13770   5900 |    5.50        0.00
GET      /api/concerts                                                                     34     0(0.00%) |    319       2    2706     71 |    0.50        0.00
GET      /health                                                                           22     0(0.00%) |    934       4    7082    210 |    0.30        0.00
--------|----------------------------------------------------------------------------|-------|-------------|-------|-------|-------|-------|--------|-----------
         Aggregated                                                                       201     0(0.00%) |   4350       2   13770   3100 |    6.30        0.00

Type     Name                                                                          # reqs      # fails |    Avg     Min     Max    Med |   req/s  failures/s
--------|----------------------------------------------------------------------------|-------|-------------|-------|-------|-------|-------|--------|-----------
POST     /api/book                                                                        147     0(0.00%) |   5904     139   13770   5900 |    4.30        0.00
GET      /api/concerts                                                                     37     0(0.00%) |    553       2    3639    130 |    0.90        0.00
GET      /health                                                                           22     0(0.00%) |    934       4    7082    210 |    0.50        0.00
--------|----------------------------------------------------------------------------|-------|-------------|-------|-------|-------|-------|--------|-----------
         Aggregated                                                                       206     0(0.00%) |   4412       2   13770   3400 |    5.70        0.00

Type     Name                                                                          # reqs      # fails |    Avg     Min     Max    Med |   req/s  failures/s
--------|----------------------------------------------------------------------------|-------|-------------|-------|-------|-------|-------|--------|-----------
POST     /api/book                                                                        148     0(0.00%) |   5955     139   13770   5900 |    4.30        0.00
GET      /api/concerts                                                                     37     0(0.00%) |    553       2    3639    130 |    0.90        0.00
GET      /health                                                                           22     0(0.00%) |    934       4    7082    210 |    0.50        0.00
--------|----------------------------------------------------------------------------|-------|-------------|-------|-------|-------|-------|--------|-----------
         Aggregated                                                                       207     0(0.00%) |   4456       2   13770   3400 |    5.70        0.00

Type     Name                                                                          # reqs      # fails |    Avg     Min     Max    Med |   req/s  failures/s
--------|----------------------------------------------------------------------------|-------|-------------|-------|-------|-------|-------|--------|-----------
POST     /api/book                                                                        185     0(0.00%) |   7090     139   20217   7200 |    2.20        0.00
GET      /api/concerts                                                                     37     0(0.00%) |    553       2    3639    130 |    1.20        0.00
GET      /health                                                                           22     0(0.00%) |    934       4    7082    210 |    0.30        0.00
--------|----------------------------------------------------------------------------|-------|-------------|-------|-------|-------|-------|--------|-----------
         Aggregated                                                                       244     0(0.00%) |   5544       2   20217   5700 |    3.70        0.00

Type     Name                                                                          # reqs      # fails |    Avg     Min     Max    Med |   req/s  failures/s
--------|----------------------------------------------------------------------------|-------|-------------|-------|-------|-------|-------|--------|-----------
POST     /api/book                                                                        201     0(0.00%) |   7464     139   21041   7600 |    2.70        0.00
GET      /api/concerts                                                                     44     0(0.00%) |    494       2    3639    120 |    0.80        0.00
GET      /health                                                                           26     0(0.00%) |    820       4    7082    210 |    0.30        0.00
--------|----------------------------------------------------------------------------|-------|-------------|-------|-------|-------|-------|--------|-----------
         Aggregated                                                                       271     0(0.00%) |   5695       2   21041   5800 |    3.80        0.00

Type     Name                                                                          # reqs      # fails |    Avg     Min     Max    Med |   req/s  failures/s
--------|----------------------------------------------------------------------------|-------|-------------|-------|-------|-------|-------|--------|-----------
POST     /api/book                                                                        202     0(0.00%) |   7459     139   21041   7600 |    5.60        0.00
GET      /api/concerts                                                                     48     0(0.00%) |    499       2    3639    150 |    0.60        0.00
GET      /health                                                                           27     0(0.00%) |    808       4    7082    300 |    0.10        0.00
--------|----------------------------------------------------------------------------|-------|-------------|-------|-------|-------|-------|--------|-----------
         Aggregated                                                                       277     0(0.00%) |   5604       2   21041   5800 |    6.30        0.00

Type     Name                                                                          # reqs      # fails |    Avg     Min     Max    Med |   req/s  failures/s
--------|----------------------------------------------------------------------------|-------|-------------|-------|-------|-------|-------|--------|-----------
POST     /api/book                                                                        206     0(0.00%) |   7496     139   21041   7600 |    5.60        0.00
GET      /api/concerts                                                                     50     0(0.00%) |    524       2    3639    220 |    1.20        0.00
GET      /health                                                                           27     0(0.00%) |    808       4    7082    300 |    0.50        0.00
--------|----------------------------------------------------------------------------|-------|-------------|-------|-------|-------|-------|--------|-----------
         Aggregated                                                                       283     0(0.00%) |   5626       2   21041   5800 |    7.30        0.00

Type     Name                                                                          # reqs      # fails |    Avg     Min     Max    Med |   req/s  failures/s
--------|----------------------------------------------------------------------------|-------|-------------|-------|-------|-------|-------|--------|-----------
POST     /api/book                                                                        206     0(0.00%) |   7496     139   21041   7600 |    5.70        0.00
GET      /api/concerts                                                                     51     0(0.00%) |    520       2    3639    240 |    1.40        0.00
GET      /health                                                                           28     0(0.00%) |    812       4    7082    300 |    0.50        0.00
--------|----------------------------------------------------------------------------|-------|-------------|-------|-------|-------|-------|--------|-----------
         Aggregated                                                                       285     0(0.00%) |   5591       2   21041   5800 |    7.60        0.00

Type     Name                                                                          # reqs      # fails |    Avg     Min     Max    Med |   req/s  failures/s
--------|----------------------------------------------------------------------------|-------|-------------|-------|-------|-------|-------|--------|-----------
POST     /api/book                                                                        206     0(0.00%) |   7496     139   21041   7600 |    5.90        0.00
GET      /api/concerts                                                                     52     0(0.00%) |    522       2    3639    240 |    1.30        0.00
GET      /health                                                                           28     0(0.00%) |    812       4    7082    300 |    0.50        0.00
--------|----------------------------------------------------------------------------|-------|-------------|-------|-------|-------|-------|--------|-----------
         Aggregated                                                                       286     0(0.00%) |   5574       2   21041   5700 |    7.70        0.00

Type     Name                                                                          # reqs      # fails |    Avg     Min     Max    Med |   req/s  failures/s
--------|----------------------------------------------------------------------------|-------|-------------|-------|-------|-------|-------|--------|-----------
POST     /api/book                                                                        213     0(0.00%) |   7614     139   21041   7800 |    3.60        0.00
GET      /api/concerts                                                                     52     0(0.00%) |    522       2    3639    240 |    1.50        0.00
GET      /health                                                                           28     0(0.00%) |    812       4    7082    300 |    0.60        0.00
--------|----------------------------------------------------------------------------|-------|-------------|-------|-------|-------|-------|--------|-----------
         Aggregated                                                                       293     0(0.00%) |   5705       2   21041   5800 |    5.70        0.00

Type     Name                                                                          # reqs      # fails |    Avg     Min     Max    Med |   req/s  failures/s
--------|----------------------------------------------------------------------------|-------|-------------|-------|-------|-------|-------|--------|-----------
POST     /api/book                                                                        266     0(0.00%) |   8195     139   21041   8500 |    0.50        0.00
GET      /api/concerts                                                                     55     0(0.00%) |    535       2    3639    250 |    1.20        0.00
GET      /health                                                                           29     0(0.00%) |    786       4    7082    300 |    0.50        0.00
--------|----------------------------------------------------------------------------|-------|-------------|-------|-------|-------|-------|--------|-----------
         Aggregated                                                                       350     0(0.00%) |   6378       2   21041   6800 |    2.20        0.00

Type     Name                                                                          # reqs      # fails |    Avg     Min     Max    Med |   req/s  failures/s
--------|----------------------------------------------------------------------------|-------|-------------|-------|-------|-------|-------|--------|-----------
POST     /api/book                                                                        270     0(0.00%) |   8082     139   21041   8300 |    3.50        0.00
GET      /api/concerts                                                                     63     0(0.00%) |    483       2    3639    240 |    0.70        0.00
GET      /health                                                                           30     0(0.00%) |    766       4    7082    210 |    0.10        0.00
--------|----------------------------------------------------------------------------|-------|-------------|-------|-------|-------|-------|--------|-----------
         Aggregated                                                                       363     0(0.00%) |   6159       2   21041   6400 |    4.30        0.00

Type     Name                                                                          # reqs      # fails |    Avg     Min     Max    Med |   req/s  failures/s
--------|----------------------------------------------------------------------------|-------|-------------|-------|-------|-------|-------|--------|-----------
POST     /api/book                                                                        273     0(0.00%) |   8015     139   21041   8200 |    6.70        0.00
GET      /api/concerts                                                                     66     0(0.00%) |    497       2    3639    240 |    1.00        0.00
GET      /health                                                                           33     0(0.00%) |    735       4    7082    210 |    0.20        0.00
--------|----------------------------------------------------------------------------|-------|-------------|-------|-------|-------|-------|--------|-----------
         Aggregated                                                                       372     0(0.00%) |   6035       2   21041   6000 |    7.90        0.00

Type     Name                                                                          # reqs      # fails |    Avg     Min     Max    Med |   req/s  failures/s
--------|----------------------------------------------------------------------------|-------|-------------|-------|-------|-------|-------|--------|-----------
POST     /api/book                                                                        274     0(0.00%) |   7999     139   21041   8200 |    6.50        0.00
GET      /api/concerts                                                                     70     0(0.00%) |    482       2    3639    220 |    1.40        0.00
GET      /health                                                                           34     0(0.00%) |    757       4    7082    210 |    0.30        0.00
--------|----------------------------------------------------------------------------|-------|-------------|-------|-------|-------|-------|--------|-----------
         Aggregated                                                                       378     0(0.00%) |   5956       2   21041   5900 |    8.20        0.00

Type     Name                                                                          # reqs      # fails |    Avg     Min     Max    Med |   req/s  failures/s
--------|----------------------------------------------------------------------------|-------|-------------|-------|-------|-------|-------|--------|-----------
POST     /api/book                                                                        275     0(0.00%) |   7989     139   21041   8200 |    6.70        0.00
GET      /api/concerts                                                                     70     0(0.00%) |    482       2    3639    220 |    1.50        0.00
GET      /health                                                                           34     0(0.00%) |    757       4    7082    210 |    0.50        0.00
--------|----------------------------------------------------------------------------|-------|-------------|-------|-------|-------|-------|--------|-----------
         Aggregated                                                                       379     0(0.00%) |   5954       2   21041   5900 |    8.70        0.00

Type     Name                                                                          # reqs      # fails |    Avg     Min     Max    Med |   req/s  failures/s
--------|----------------------------------------------------------------------------|-------|-------------|-------|-------|-------|-------|--------|-----------
POST     /api/book                                                                        275     0(0.00%) |   7989     139   21041   8200 |    6.70        0.00
GET      /api/concerts                                                                     70     0(0.00%) |    482       2    3639    220 |    1.50        0.00
GET      /health                                                                           34     0(0.00%) |    757       4    7082    210 |    0.50        0.00
--------|----------------------------------------------------------------------------|-------|-------------|-------|-------|-------|-------|--------|-----------
         Aggregated                                                                       379     0(0.00%) |   5954       2   21041   5900 |    8.70        0.00

Type     Name                                                                          # reqs      # fails |    Avg     Min     Max    Med |   req/s  failures/s
--------|----------------------------------------------------------------------------|-------|-------------|-------|-------|-------|-------|--------|-----------
POST     /api/book                                                                        275     0(0.00%) |   7989     139   21041   8200 |    6.20        0.00
GET      /api/concerts                                                                     72     0(0.00%) |    575       2    3854    240 |    1.80        0.00
GET      /health                                                                           34     0(0.00%) |    757       4    7082    210 |    0.60        0.00
--------|----------------------------------------------------------------------------|-------|-------------|-------|-------|-------|-------|--------|-----------
         Aggregated                                                                       381     0(0.00%) |   5943       2   21041   5900 |    8.60        0.00

Type     Name                                                                          # reqs      # fails |    Avg     Min     Max    Med |   req/s  failures/s
--------|----------------------------------------------------------------------------|-------|-------------|-------|-------|-------|-------|--------|-----------
POST     /api/book                                                                        283     0(0.00%) |   8097     139   21041   8500 |    0.50        0.00
GET      /api/concerts                                                                     72     0(0.00%) |    575       2    3854    240 |    1.40        0.00
GET      /health                                                                           34     0(0.00%) |    757       4    7082    210 |    0.50        0.00
--------|----------------------------------------------------------------------------|-------|-------------|-------|-------|-------|-------|--------|-----------
         Aggregated                                                                       389     0(0.00%) |   6063       2   21041   6000 |    2.40        0.00

Type     Name                                                                          # reqs      # fails |    Avg     Min     Max    Med |   req/s  failures/s
--------|----------------------------------------------------------------------------|-------|-------------|-------|-------|-------|-------|--------|-----------
POST     /api/book                                                                        338     0(0.00%) |   8564     139   21041   9100 |    0.30        0.00
GET      /api/concerts                                                                     76     0(0.00%) |    546       2    3854    220 |    0.70        0.00
GET      /health                                                                           36     0(0.00%) |    718       4    7082    200 |    0.40        0.00
--------|----------------------------------------------------------------------------|-------|-------------|-------|-------|-------|-------|--------|-----------
         Aggregated                                                                       450     0(0.00%) |   6582       2   21041   7100 |    1.40        0.00

Type     Name                                                                          # reqs      # fails |    Avg     Min     Max    Med |   req/s  failures/s
--------|----------------------------------------------------------------------------|-------|-------------|-------|-------|-------|-------|--------|-----------
POST     /api/book                                                                        339     0(0.00%) |   8544     139   21041   9100 |    6.10        0.00
GET      /api/concerts                                                                     80     0(0.00%) |    536       2    3854    220 |    0.30        0.00
GET      /health                                                                           40     0(0.00%) |    654       4    7082    150 |    0.00        0.00
--------|----------------------------------------------------------------------------|-------|-------------|-------|-------|-------|-------|--------|-----------
         Aggregated                                                                       459     0(0.00%) |   6461       2   21041   7000 |    6.40        0.00

Type     Name                                                                          # reqs      # fails |    Avg     Min     Max    Med |   req/s  failures/s
--------|----------------------------------------------------------------------------|-------|-------------|-------|-------|-------|-------|--------|-----------
POST     /api/book                                                                        339     0(0.00%) |   8544     139   21041   9100 |    6.40        0.00
GET      /api/concerts                                                                     82     0(0.00%) |    532       2    3854    220 |    0.70        0.00
GET      /health                                                                           41     0(0.00%) |    652       4    7082    150 |    0.20        0.00
--------|----------------------------------------------------------------------------|-------|-------------|-------|-------|-------|-------|--------|-----------
         Aggregated                                                                       462     0(0.00%) |   6422       2   21041   6900 |    7.30        0.00

Type     Name                                                                          # reqs      # fails |    Avg     Min     Max    Med |   req/s  failures/s
--------|----------------------------------------------------------------------------|-------|-------------|-------|-------|-------|-------|--------|-----------
POST     /api/book                                                                        340     0(0.00%) |   8534     139   21041   9100 |    6.40        0.00
GET      /api/concerts                                                                     82     0(0.00%) |    532       2    3854    220 |    1.00        0.00
GET      /health                                                                           41     0(0.00%) |    652       4    7082    150 |    0.60        0.00
--------|----------------------------------------------------------------------------|-------|-------------|-------|-------|-------|-------|--------|-----------
         Aggregated                                                                       463     0(0.00%) |   6419       2   21041   6900 |    8.00        0.00

Type     Name                                                                          # reqs      # fails |    Avg     Min     Max    Med |   req/s  failures/s
--------|----------------------------------------------------------------------------|-------|-------------|-------|-------|-------|-------|--------|-----------
POST     /api/book                                                                        340     0(0.00%) |   8534     139   21041   9100 |    6.40        0.00
GET      /api/concerts                                                                     82     0(0.00%) |    532       2    3854    220 |    1.00        0.00
GET      /health                                                                           41     0(0.00%) |    652       4    7082    150 |    0.60        0.00
--------|----------------------------------------------------------------------------|-------|-------------|-------|-------|-------|-------|--------|-----------
         Aggregated                                                                       463     0(0.00%) |   6419       2   21041   6900 |    8.00        0.00

Type     Name                                                                          # reqs      # fails |    Avg     Min     Max    Med |   req/s  failures/s
--------|----------------------------------------------------------------------------|-------|-------------|-------|-------|-------|-------|--------|-----------
POST     /api/book                                                                        341     0(0.00%) |   8533     139   21041   9100 |    6.50        0.00
GET      /api/concerts                                                                     82     0(0.00%) |    532       2    3854    220 |    1.00        0.00
GET      /health                                                                           41     0(0.00%) |    652       4    7082    150 |    0.70        0.00
--------|----------------------------------------------------------------------------|-------|-------------|-------|-------|-------|-------|--------|-----------
         Aggregated                                                                       464     0(0.00%) |   6423       2   21041   6900 |    8.20        0.00

Type     Name                                                                          # reqs      # fails |    Avg     Min     Max    Med |   req/s  failures/s
--------|----------------------------------------------------------------------------|-------|-------------|-------|-------|-------|-------|--------|-----------
POST     /api/book                                                                        350     0(0.00%) |   8607     139   21041   9200 |    0.60        0.00
GET      /api/concerts                                                                     82     0(0.00%) |    532       2    3854    220 |    0.90        0.00
GET      /health                                                                           41     0(0.00%) |    652       4    7082    150 |    0.70        0.00
--------|----------------------------------------------------------------------------|-------|-------------|-------|-------|-------|-------|--------|-----------
         Aggregated                                                                       473     0(0.00%) |   6518       2   21041   7100 |    2.20        0.00

Type     Name                                                                          # reqs      # fails |    Avg     Min     Max    Med |   req/s  failures/s
--------|----------------------------------------------------------------------------|-------|-------------|-------|-------|-------|-------|--------|-----------
POST     /api/book                                                                        373     0(0.00%) |   8788     139   21041   9700 |    0.50        0.00
GET      /api/concerts                                                                     82     0(0.00%) |    532       2    3854    220 |    0.40        0.00
GET      /health                                                                           42     0(0.00%) |    637       4    7082    150 |    0.10        0.00
--------|----------------------------------------------------------------------------|-------|-------------|-------|-------|-------|-------|--------|-----------
         Aggregated                                                                       497     0(0.00%) |   6737       2   21041   7600 |    1.00        0.00

Type     Name                                                                          # reqs      # fails |    Avg     Min     Max    Med |   req/s  failures/s
--------|----------------------------------------------------------------------------|-------|-------------|-------|-------|-------|-------|--------|-----------
POST     /api/book                                                                        404     0(0.00%) |   8995     139   21041  10000 |    1.60        0.00
GET      /api/concerts                                                                     88     0(0.00%) |    506       2    3854    130 |    0.00        0.00
GET      /health                                                                           44     0(0.00%) |    611       4    7082    130 |    0.00        0.00
--------|----------------------------------------------------------------------------|-------|-------------|-------|-------|-------|-------|--------|-----------
         Aggregated                                                                       536     0(0.00%) |   6913       2   21041   7800 |    1.60        0.00

Type     Name                                                                          # reqs      # fails |    Avg     Min     Max    Med |   req/s  failures/s
--------|----------------------------------------------------------------------------|-------|-------------|-------|-------|-------|-------|--------|-----------
POST     /api/book                                                                        404     0(0.00%) |   8995     139   21041  10000 |    3.40        0.00
GET      /api/concerts                                                                     90     0(0.00%) |    504       2    3854    150 |    0.00        0.00
GET      /health                                                                           44     0(0.00%) |    611       4    7082    130 |    0.10        0.00
--------|----------------------------------------------------------------------------|-------|-------------|-------|-------|-------|-------|--------|-----------
         Aggregated                                                                       538     0(0.00%) |   6889       2   21041   7700 |    3.50        0.00

Type     Name                                                                          # reqs      # fails |    Avg     Min     Max    Med |   req/s  failures/s
--------|----------------------------------------------------------------------------|-------|-------------|-------|-------|-------|-------|--------|-----------
POST     /api/book                                                                        407     0(0.00%) |   8972     139   21041   9900 |    6.40        0.00
GET      /api/concerts                                                                     90     0(0.00%) |    504       2    3854    150 |    0.80        0.00
GET      /health                                                                           46     0(0.00%) |    685       4    7082    150 |    0.30        0.00
--------|----------------------------------------------------------------------------|-------|-------------|-------|-------|-------|-------|--------|-----------
         Aggregated                                                                       543     0(0.00%) |   6867       2   21041   7600 |    7.50        0.00

Type     Name                                                                          # reqs      # fails |    Avg     Min     Max    Med |   req/s  failures/s
--------|----------------------------------------------------------------------------|-------|-------------|-------|-------|-------|-------|--------|-----------
POST     /api/book                                                                        408     0(0.00%) |   8967     139   21041   9900 |    6.40        0.00
GET      /api/concerts                                                                     90     0(0.00%) |    504       2    3854    150 |    0.80        0.00
GET      /health                                                                           46     0(0.00%) |    685       4    7082    150 |    0.50        0.00
--------|----------------------------------------------------------------------------|-------|-------------|-------|-------|-------|-------|--------|-----------
         Aggregated                                                                       544     0(0.00%) |   6866       2   21041   7600 |    7.70        0.00

Type     Name                                                                          # reqs      # fails |    Avg     Min     Max    Med |   req/s  failures/s
--------|----------------------------------------------------------------------------|-------|-------------|-------|-------|-------|-------|--------|-----------
POST     /api/book                                                                        408     0(0.00%) |   8967     139   21041   9900 |    6.40        0.00
GET      /api/concerts                                                                     90     0(0.00%) |    504       2    3854    150 |    0.80        0.00
GET      /health                                                                           46     0(0.00%) |    685       4    7082    150 |    0.50        0.00
--------|----------------------------------------------------------------------------|-------|-------------|-------|-------|-------|-------|--------|-----------
         Aggregated                                                                       544     0(0.00%) |   6866       2   21041   7600 |    7.70        0.00

Type     Name                                                                          # reqs      # fails |    Avg     Min     Max    Med |   req/s  failures/s
--------|----------------------------------------------------------------------------|-------|-------------|-------|-------|-------|-------|--------|-----------
POST     /api/book                                                                        434    26(5.99%) |   8986     139   21041   9800 |    5.30        0.00
GET      /api/concerts                                                                     91     1(1.10%) |    554       2    5084    220 |    0.80        0.00
GET      /health                                                                           47     1(2.13%) |    798       4    7082    150 |    0.50        0.00
--------|----------------------------------------------------------------------------|-------|-------------|-------|-------|-------|-------|--------|-----------
         Aggregated                                                                       572    28(4.90%) |   6972       2   21041   7800 |    6.60        0.00

Type     Name                                                                          # reqs      # fails |    Avg     Min     Max    Med |   req/s  failures/s
--------|----------------------------------------------------------------------------|-------|-------------|-------|-------|-------|-------|--------|-----------
POST     /api/book                                                                        460    26(5.65%) |   8768     139   21041   9800 |    0.40        0.00
GET      /api/concerts                                                                     95     1(1.05%) |    531       2    5084    130 |    0.40        0.00
GET      /health                                                                           49     1(2.04%) |    770       4    7082    150 |    0.40        0.00
--------|----------------------------------------------------------------------------|-------|-------------|-------|-------|-------|-------|--------|-----------
         Aggregated                                                                       604    28(4.64%) |   6824       2   21041   7800 |    1.20        0.00

Type     Name                                                                          # reqs      # fails |    Avg     Min     Max    Med |   req/s  failures/s
--------|----------------------------------------------------------------------------|-------|-------------|-------|-------|-------|-------|--------|-----------
POST     /api/book                                                                        504    26(5.16%) |   8480     107   21041   9700 |    4.10        2.60
GET      /api/concerts                                                                    100     1(1.00%) |    506       2    5084     90 |    0.40        0.10
GET      /health                                                                           51     1(1.96%) |    742       2    7082    150 |    0.30        0.10
--------|----------------------------------------------------------------------------|-------|-------------|-------|-------|-------|-------|--------|-----------
         Aggregated                                                                       655    28(4.27%) |   6660       2   21041   7600 |    4.80        2.80

Type     Name                                                                          # reqs      # fails |    Avg     Min     Max    Med |   req/s  failures/s
--------|----------------------------------------------------------------------------|-------|-------------|-------|-------|-------|-------|--------|-----------
POST     /api/book                                                                        526    26(4.94%) |   8151     107   21041   9300 |    8.60        2.60
GET      /api/concerts                                                                    106     1(0.94%) |    479       2    5084     78 |    0.60        0.10
GET      /health                                                                           51     1(1.96%) |    742       2    7082    150 |    0.40        0.10
--------|----------------------------------------------------------------------------|-------|-------------|-------|-------|-------|-------|--------|-----------
         Aggregated                                                                       683    28(4.10%) |   6407       2   21041   7000 |    9.60        2.80

Type     Name                                                                          # reqs      # fails |    Avg     Min     Max    Med |   req/s  failures/s
--------|----------------------------------------------------------------------------|-------|-------------|-------|-------|-------|-------|--------|-----------
POST     /api/book                                                                        541    26(4.81%) |   7935     107   21041   9200 |   10.30        2.60
GET      /api/concerts                                                                    111     1(0.90%) |    467       2    5084     71 |    1.60        0.10
GET      /health                                                                           52     1(1.92%) |    728       2    7082    130 |    0.50        0.10
--------|----------------------------------------------------------------------------|-------|-------------|-------|-------|-------|-------|--------|-----------
         Aggregated                                                                       704    28(3.98%) |   6225       2   21041   6700 |   12.40        2.80

Type     Name                                                                          # reqs      # fails |    Avg     Min     Max    Med |   req/s  failures/s
--------|----------------------------------------------------------------------------|-------|-------------|-------|-------|-------|-------|--------|-----------
POST     /api/book                                                                        558    26(4.66%) |   7712     107   21041   9000 |   12.80        2.60
GET      /api/concerts                                                                    114     1(0.88%) |    455       2    5084     70 |    1.90        0.10
GET      /health                                                                           53     1(1.89%) |    714       2    7082    130 |    0.50        0.10
--------|----------------------------------------------------------------------------|-------|-------------|-------|-------|-------|-------|--------|-----------
         Aggregated                                                                       725    28(3.86%) |   6060       2   21041   6000 |   15.20        2.80

Type     Name                                                                          # reqs      # fails |    Avg     Min     Max    Med |   req/s  failures/s
--------|----------------------------------------------------------------------------|-------|-------------|-------|-------|-------|-------|--------|-----------
POST     /api/book                                                                        576    26(4.51%) |   7484     107   21041   8700 |   14.40        2.60
GET      /api/concerts                                                                    117     1(0.85%) |    444       2    5084     67 |    2.40        0.10
GET      /health                                                                           55     1(1.82%) |    688       2    7082    110 |    0.60        0.10
--------|----------------------------------------------------------------------------|-------|-------------|-------|-------|-------|-------|--------|-----------
         Aggregated                                                                       748    28(3.74%) |   5883       2   21041   5800 |   17.40        2.80

Type     Name                                                                          # reqs      # fails |    Avg     Min     Max    Med |   req/s  failures/s
--------|----------------------------------------------------------------------------|-------|-------------|-------|-------|-------|-------|--------|-----------
POST     /api/book                                                                        594    26(4.38%) |   7300     107   21041   8300 |   12.30        0.00
GET      /api/concerts                                                                    121     1(0.83%) |    429       2    5084     65 |    2.10        0.00
GET      /health                                                                           57     1(1.75%) |    664       2    7082    110 |    0.70        0.00
--------|----------------------------------------------------------------------------|-------|-------------|-------|-------|-------|-------|--------|-----------
         Aggregated                                                                       772    28(3.63%) |   5733       2   21041   5400 |   15.10        0.00

Type     Name                                                                          # reqs      # fails |    Avg     Min     Max    Med |   req/s  failures/s
--------|----------------------------------------------------------------------------|-------|-------------|-------|-------|-------|-------|--------|-----------
POST     /api/book                                                                        644    26(4.04%) |   7216     107   21041   8500 |    9.00        0.00
GET      /api/concerts                                                                    124     1(0.81%) |    419       2    5084     58 |    2.40        0.00
GET      /health                                                                           58     1(1.72%) |    653       2    7082     85 |    0.70        0.00
--------|----------------------------------------------------------------------------|-------|-------------|-------|-------|-------|-------|--------|-----------
         Aggregated                                                                       826    28(3.39%) |   5735       2   21041   5700 |   12.10        0.00

Type     Name                                                                          # reqs      # fails |    Avg     Min     Max    Med |   req/s  failures/s
--------|----------------------------------------------------------------------------|-------|-------------|-------|-------|-------|-------|--------|-----------
POST     /api/book                                                                        661    26(3.93%) |   7037     107   21041   8100 |   12.20        0.00
GET      /api/concerts                                                                    128     1(0.78%) |    417       2    5084     61 |    1.50        0.00
GET      /health                                                                           62     1(1.61%) |    627       2    7082     85 |    0.60        0.00
--------|----------------------------------------------------------------------------|-------|-------------|-------|-------|-------|-------|--------|-----------
         Aggregated                                                                       851    28(3.29%) |   5575       2   21041   5200 |   14.30        0.00

Type     Name                                                                          # reqs      # fails |    Avg     Min     Max    Med |   req/s  failures/s
--------|----------------------------------------------------------------------------|-------|-------------|-------|-------|-------|-------|--------|-----------
POST     /api/book                                                                        673    26(3.86%) |   6916     105   21041   8000 |   11.70        0.00
GET      /api/concerts                                                                    132     1(0.76%) |    405       2    5084     58 |    1.70        0.00
GET      /health                                                                           63     1(1.59%) |    617       2    7082     85 |    0.80        0.00
--------|----------------------------------------------------------------------------|-------|-------------|-------|-------|-------|-------|--------|-----------
         Aggregated                                                                       868    28(3.23%) |   5469       2   21041   4700 |   14.20        0.00

Type     Name                                                                          # reqs      # fails |    Avg     Min     Max    Med |   req/s  failures/s
--------|----------------------------------------------------------------------------|-------|-------------|-------|-------|-------|-------|--------|-----------
POST     /api/book                                                                        691    26(3.76%) |   6745     105   21041   7800 |   11.70        0.00
GET      /api/concerts                                                                    135     1(0.74%) |    396       2    5084     58 |    1.60        0.00
GET      /health                                                                           64     1(1.56%) |    607       2    7082     67 |    1.10        0.00
--------|----------------------------------------------------------------------------|-------|-------------|-------|-------|-------|-------|--------|-----------
         Aggregated                                                                       890    28(3.15%) |   5341       2   21041   3600 |   14.40        0.00

Type     Name                                                                          # reqs      # fails |    Avg     Min     Max    Med |   req/s  failures/s
--------|----------------------------------------------------------------------------|-------|-------------|-------|-------|-------|-------|--------|-----------
POST     /api/book                                                                        711    26(3.66%) |   6598     105   21041   7600 |   11.40        0.00
GET      /api/concerts                                                                    138     1(0.72%) |    388       2    5084     56 |    2.00        0.00
GET      /health                                                                           66     1(1.52%) |    590       2    7082     66 |    1.00        0.00
--------|----------------------------------------------------------------------------|-------|-------------|-------|-------|-------|-------|--------|-----------
         Aggregated                                                                       915    28(3.06%) |   5228       2   21041   2700 |   14.40        0.00

Type     Name                                                                          # reqs      # fails |    Avg     Min     Max    Med |   req/s  failures/s
--------|----------------------------------------------------------------------------|-------|-------------|-------|-------|-------|-------|--------|-----------
POST     /api/book                                                                        766    26(3.39%) |   6474     104   21041   7600 |   12.40        0.00
GET      /api/concerts                                                                    143     1(0.70%) |    375       2    5084     51 |    1.60        0.00
GET      /health                                                                           70     1(1.43%) |    557       2    7082     55 |    0.90        0.00
--------|----------------------------------------------------------------------------|-------|-------------|-------|-------|-------|-------|--------|-----------
         Aggregated                                                                       979    28(2.86%) |   5160       2   21041   2900 |   14.90        0.00

Type     Name                                                                          # reqs      # fails |    Avg     Min     Max    Med |   req/s  failures/s
--------|----------------------------------------------------------------------------|-------|-------------|-------|-------|-------|-------|--------|-----------
POST     /api/book                                                                        774    26(3.36%) |   6410     104   21041   7500 |   11.70        0.00
GET      /api/concerts                                                                    144     1(0.69%) |    372       2    5084     50 |    1.80        0.00
GET      /health                                                                           75     1(1.33%) |    522       2    7082     54 |    1.00        0.00
--------|----------------------------------------------------------------------------|-------|-------------|-------|-------|-------|-------|--------|-----------
         Aggregated                                                                       993    28(2.82%) |   5090       2   21041   2600 |   14.50        0.00

Type     Name                                                                          # reqs      # fails |    Avg     Min     Max    Med |   req/s  failures/s
--------|----------------------------------------------------------------------------|-------|-------------|-------|-------|-------|-------|--------|-----------
POST     /api/book                                                                        810    26(3.21%) |   6229     104   21041   7000 |   11.60        0.00
GET      /api/concerts                                                                    148     1(0.68%) |    362       2    5084     47 |    1.80        0.00
GET      /health                                                                           79     1(1.27%) |    563       2    7082     54 |    1.40        0.00
--------|----------------------------------------------------------------------------|-------|-------------|-------|-------|-------|-------|--------|-----------
         Aggregated                                                                      1037    28(2.70%) |   4960       2   21041   2600 |   14.80        0.00

Type     Name                                                                          # reqs      # fails |    Avg     Min     Max    Med |   req/s  failures/s
--------|----------------------------------------------------------------------------|-------|-------------|-------|-------|-------|-------|--------|-----------
POST     /api/book                                                                        827    26(3.14%) |   6107     104   21041   6700 |   11.80        0.00
GET      /api/concerts                                                                    155     1(0.65%) |    355       2    5084     47 |    1.60        0.00
GET      /health                                                                           83     1(1.20%) |    547       2    7082     54 |    1.30        0.00
--------|----------------------------------------------------------------------------|-------|-------------|-------|-------|-------|-------|--------|-----------
         Aggregated                                                                      1065    28(2.63%) |   4836       2   21041   2200 |   14.70        0.00

Type     Name                                                                          # reqs      # fails |    Avg     Min     Max    Med |   req/s  failures/s
--------|----------------------------------------------------------------------------|-------|-------------|-------|-------|-------|-------|--------|-----------
POST     /api/book                                                                        844    26(3.08%) |   6007     104   21041   6300 |   13.70        0.00
GET      /api/concerts                                                                    159     1(0.63%) |    346       2    5084     46 |    1.60        0.00
GET      /health                                                                           85     1(1.18%) |    535       2    7082     54 |    1.50        0.00
--------|----------------------------------------------------------------------------|-------|-------------|-------|-------|-------|-------|--------|-----------
         Aggregated                                                                      1088    28(2.57%) |   4752       2   21041   1700 |   16.80        0.00

Type     Name                                                                          # reqs      # fails |    Avg     Min     Max    Med |   req/s  failures/s
--------|----------------------------------------------------------------------------|-------|-------------|-------|-------|-------|-------|--------|-----------
POST     /api/book                                                                        862    26(3.02%) |   5886     104   21041   6000 |   13.00        0.00
GET      /api/concerts                                                                    162     1(0.62%) |    340       2    5084     40 |    2.20        0.00
GET      /health                                                                           85     1(1.18%) |    535       2    7082     54 |    1.80        0.00
--------|----------------------------------------------------------------------------|-------|-------------|-------|-------|-------|-------|--------|-----------
         Aggregated                                                                      1109    28(2.52%) |   4666       2   21041   1300 |   17.00        0.00

Type     Name                                                                          # reqs      # fails |    Avg     Min     Max    Med |   req/s  failures/s
--------|----------------------------------------------------------------------------|-------|-------------|-------|-------|-------|-------|--------|-----------
POST     /api/book                                                                        884    26(2.94%) |   5836     104   21041   5900 |   10.50        0.00
GET      /api/concerts                                                                    165     1(0.61%) |    334       2    5084     39 |    2.20        0.00
GET      /health                                                                           91     1(1.10%) |    529       2    7082     48 |    1.80        0.00
--------|----------------------------------------------------------------------------|-------|-------------|-------|-------|-------|-------|--------|-----------
         Aggregated                                                                      1140    28(2.46%) |   4616       2   21041   1300 |   14.50        0.00

Type     Name                                                                          # reqs      # fails |    Avg     Min     Max    Med |   req/s  failures/s
--------|----------------------------------------------------------------------------|-------|-------------|-------|-------|-------|-------|--------|-----------
POST     /api/book                                                                        929    26(2.80%) |   5759     104   21041   5800 |   10.60        0.00
GET      /api/concerts                                                                    173     1(0.58%) |    321       2    5084     39 |    2.00        0.00
GET      /health                                                                           97     1(1.03%) |    498       2    7082     46 |    1.60        0.00
--------|----------------------------------------------------------------------------|-------|-------------|-------|-------|-------|-------|--------|-----------
         Aggregated                                                                      1199    28(2.34%) |   4549       2   21041   1200 |   14.20        0.00

Type     Name                                                                          # reqs      # fails |    Avg     Min     Max    Med |   req/s  failures/s
--------|----------------------------------------------------------------------------|-------|-------------|-------|-------|-------|-------|--------|-----------
POST     /api/book                                                                        947    26(2.75%) |   5655     104   21041   5600 |   12.30        0.00
GET      /api/concerts                                                                    178     1(0.56%) |    313       2    5084     38 |    2.30        0.00
GET      /health                                                                          100     1(1.00%) |    483       2    7082     41 |    1.80        0.00
--------|----------------------------------------------------------------------------|-------|-------------|-------|-------|-------|-------|--------|-----------
         Aggregated                                                                      1225    28(2.29%) |   4456       2   21041   1000 |   16.40        0.00

Type     Name                                                                          # reqs      # fails |    Avg     Min     Max    Med |   req/s  failures/s
--------|----------------------------------------------------------------------------|-------|-------------|-------|-------|-------|-------|--------|-----------
POST     /api/book                                                                        968    26(2.69%) |   5543     104   21041   5300 |   11.80        0.00
GET      /api/concerts                                                                    182     1(0.55%) |    316       2    5084     39 |    2.60        0.00
GET      /health                                                                          101     1(0.99%) |    479       2    7082     41 |    2.00        0.00
--------|----------------------------------------------------------------------------|-------|-------------|-------|-------|-------|-------|--------|-----------
         Aggregated                                                                      1251    28(2.24%) |   4374       2   21041    910 |   16.40        0.00

Type     Name                                                                          # reqs      # fails |    Avg     Min     Max    Med |   req/s  failures/s
--------|----------------------------------------------------------------------------|-------|-------------|-------|-------|-------|-------|--------|-----------
POST     /api/book                                                                        982    26(2.65%) |   5468     104   21041   5200 |   12.00        0.00
GET      /api/concerts                                                                    185     1(0.54%) |    312       2    5084     39 |    2.20        0.00
GET      /health                                                                          102     1(0.98%) |    474       2    7082     38 |    1.60        0.00
--------|----------------------------------------------------------------------------|-------|-------------|-------|-------|-------|-------|--------|-----------
         Aggregated                                                                      1269    28(2.21%) |   4315       2   21041    790 |   15.80        0.00

Type     Name                                                                          # reqs      # fails |    Avg     Min     Max    Med |   req/s  failures/s
--------|----------------------------------------------------------------------------|-------|-------------|-------|-------|-------|-------|--------|-----------
POST     /api/book                                                                       1023    26(2.54%) |   5406     104   21041   5300 |   12.00        0.00
GET      /api/concerts                                                                    187     1(0.53%) |    310       2    5084     39 |    2.20        0.00
GET      /health                                                                          108     1(0.93%) |    448       2    7082     32 |    1.70        0.00
--------|----------------------------------------------------------------------------|-------|-------------|-------|-------|-------|-------|--------|-----------
         Aggregated                                                                      1318    28(2.12%) |   4277       2   21041    770 |   15.90        0.00

Type     Name                                                                          # reqs      # fails |    Avg     Min     Max    Med |   req/s  failures/s
--------|----------------------------------------------------------------------------|-------|-------------|-------|-------|-------|-------|--------|-----------
POST     /api/book                                                                       1053    26(2.47%) |   5330     104   21041   5000 |   12.00        0.00
GET      /api/concerts                                                                    193     1(0.52%) |    301       2    5084     38 |    2.20        0.00
GET      /health                                                                          114     1(0.88%) |    426       2    7082     29 |    1.50        0.00
--------|----------------------------------------------------------------------------|-------|-------------|-------|-------|-------|-------|--------|-----------
         Aggregated                                                                      1360    28(2.06%) |   4205       2   21041    690 |   15.70        0.00

Type     Name                                                                          # reqs      # fails |    Avg     Min     Max    Med |   req/s  failures/s
--------|----------------------------------------------------------------------------|-------|-------------|-------|-------|-------|-------|--------|-----------
POST     /api/book                                                                       1074    26(2.42%) |   5233     104   21041   4600 |   13.40        0.00
GET      /api/concerts                                                                    202     1(0.50%) |    291       2    5084     38 |    1.90        0.00
GET      /health                                                                          119     1(0.84%) |    418       2    7082     32 |    1.60        0.00
--------|----------------------------------------------------------------------------|-------|-------------|-------|-------|-------|-------|--------|-----------
         Aggregated                                                                      1395    28(2.01%) |   4106       2   21041    650 |   16.90        0.00

Type     Name                                                                          # reqs      # fails |    Avg     Min     Max    Med |   req/s  failures/s
--------|----------------------------------------------------------------------------|-------|-------------|-------|-------|-------|-------|--------|-----------
POST     /api/book                                                                       1089    26(2.39%) |   5164     104   21041   4200 |   12.80        0.00
GET      /api/concerts                                                                    206     1(0.49%) |    286       2    5084     36 |    2.30        0.00
GET      /health                                                                          120     1(0.83%) |    421       2    7082     32 |    1.70        0.00
--------|----------------------------------------------------------------------------|-------|-------------|-------|-------|-------|-------|--------|-----------
         Aggregated                                                                      1415    28(1.98%) |   4051       2   21041    610 |   16.80        0.00

Type     Name                                                                          # reqs      # fails |    Avg     Min     Max    Med |   req/s  failures/s
--------|----------------------------------------------------------------------------|-------|-------------|-------|-------|-------|-------|--------|-----------
POST     /api/book                                                                       1131    26(2.30%) |   5080     104   21041   4200 |   12.80        0.00
GET      /api/concerts                                                                    207     1(0.48%) |    291       2    5084     38 |    2.30        0.00
GET      /health                                                                          122     1(0.82%) |    414       2    7082     32 |    2.00        0.00
--------|----------------------------------------------------------------------------|-------|-------------|-------|-------|-------|-------|--------|-----------
         Aggregated                                                                      1460    28(1.92%) |   4011       2   21041    620 |   17.10        0.00

Type     Name                                                                          # reqs      # fails |    Avg     Min     Max    Med |   req/s  failures/s
--------|----------------------------------------------------------------------------|-------|-------------|-------|-------|-------|-------|--------|-----------
POST     /api/book                                                                       1149    26(2.26%) |   5008     104   21041   4000 |   13.00        0.00
GET      /api/concerts                                                                    213     1(0.47%) |    284       2    5084     36 |    2.40        0.00
GET      /health                                                                          123     1(0.81%) |    411       2    7082     32 |    1.90        0.00
--------|----------------------------------------------------------------------------|-------|-------------|-------|-------|-------|-------|--------|-----------
         Aggregated                                                                      1485    28(1.89%) |   3949       2   21041    590 |   17.30        0.00

Type     Name                                                                          # reqs      # fails |    Avg     Min     Max    Med |   req/s  failures/s
--------|----------------------------------------------------------------------------|-------|-------------|-------|-------|-------|-------|--------|-----------
POST     /api/book                                                                       1176    26(2.21%) |   4954     101   21041   3800 |   14.60        0.00
GET      /api/concerts                                                                    214     1(0.47%) |    282       2    5084     33 |    2.40        0.00
GET      /health                                                                          125     1(0.80%) |    425       2    7082     34 |    1.90        0.00
--------|----------------------------------------------------------------------------|-------|-------------|-------|-------|-------|-------|--------|-----------
         Aggregated                                                                      1515    28(1.85%) |   3920       2   21041    600 |   19.00        0.00

Type     Name                                                                          # reqs      # fails |    Avg     Min     Max    Med |   req/s  failures/s
--------|----------------------------------------------------------------------------|-------|-------------|-------|-------|-------|-------|--------|-----------
POST     /api/book                                                                       1193    26(2.18%) |   4891     101   21041   3400 |   12.80        0.00
GET      /api/concerts                                                                    218     1(0.46%) |    277       2    5084     32 |    2.60        0.00
GET      /health                                                                          128     1(0.78%) |    416       2    7082     32 |    1.50        0.00
--------|----------------------------------------------------------------------------|-------|-------------|-------|-------|-------|-------|--------|-----------
         Aggregated                                                                      1539    28(1.82%) |   3866       2   21041    590 |   16.90        0.00

Type     Name                                                                          # reqs      # fails |    Avg     Min     Max    Med |   req/s  failures/s
--------|----------------------------------------------------------------------------|-------|-------------|-------|-------|-------|-------|--------|-----------
POST     /api/book                                                                       1213    26(2.14%) |   4815      99   21041   3100 |   12.60        0.00
GET      /api/concerts                                                                    220     1(0.45%) |    286       2    5084     32 |    1.60        0.00
GET      /health                                                                          131     1(0.76%) |    407       2    7082     32 |    1.10        0.00
--------|----------------------------------------------------------------------------|-------|-------------|-------|-------|-------|-------|--------|-----------
         Aggregated                                                                      1564    28(1.79%) |   3808       2   21041    570 |   15.30        0.00

Type     Name                                                                          # reqs      # fails |    Avg     Min     Max    Med |   req/s  failures/s
--------|----------------------------------------------------------------------------|-------|-------------|-------|-------|-------|-------|--------|-----------
POST     /api/book                                                                       1228    26(2.12%) |   4764      99   21041   2700 |   11.90        0.00
GET      /api/concerts                                                                    226     1(0.44%) |    279       2    5084     29 |    1.50        0.00
GET      /health                                                                          132     1(0.76%) |    404       2    7082     32 |    1.10        0.00
--------|----------------------------------------------------------------------------|-------|-------------|-------|-------|-------|-------|--------|-----------
         Aggregated                                                                      1586    28(1.77%) |   3762       2   21041    550 |   14.50        0.00

Type     Name                                                                          # reqs      # fails |    Avg     Min     Max    Med |   req/s  failures/s
--------|----------------------------------------------------------------------------|-------|-------------|-------|-------|-------|-------|--------|-----------
POST     /api/book                                                                       1280    26(2.03%) |   4763      99   21041   3100 |   11.60        0.00
GET      /api/concerts                                                                    235     1(0.43%) |    273       2    5084     27 |    1.70        0.00
GET      /health                                                                          134     1(0.75%) |    398       2    7082     29 |    1.10        0.00
--------|----------------------------------------------------------------------------|-------|-------------|-------|-------|-------|-------|--------|-----------
         Aggregated                                                                      1649    28(1.70%) |   3769       2   21041    560 |   14.40        0.00

Type     Name                                                                          # reqs      # fails |    Avg     Min     Max    Med |   req/s  failures/s
--------|----------------------------------------------------------------------------|-------|-------------|-------|-------|-------|-------|--------|-----------
POST     /api/book                                                                       1295    26(2.01%) |   4713      99   21041   2700 |   13.00        0.00
GET      /api/concerts                                                                    240     1(0.42%) |    268       2    5084     27 |    2.20        0.00
GET      /health                                                                          135     1(0.74%) |    396       2    7082     29 |    0.90        0.00
--------|----------------------------------------------------------------------------|-------|-------------|-------|-------|-------|-------|--------|-----------
         Aggregated                                                                      1670    28(1.68%) |   3725       2   21041    540 |   16.00        0.00

Type     Name                                                                          # reqs      # fails |    Avg     Min     Max    Med |   req/s  failures/s
--------|----------------------------------------------------------------------------|-------|-------------|-------|-------|-------|-------|--------|-----------
POST     /api/book                                                                       1311    26(1.98%) |   4662      99   21041   2500 |   11.60        0.00
GET      /api/concerts                                                                    245     1(0.41%) |    263       2    5084     26 |    2.50        0.00
GET      /health                                                                          136     1(0.74%) |    393       2    7082     29 |    0.90        0.00
--------|----------------------------------------------------------------------------|-------|-------------|-------|-------|-------|-------|--------|-----------
         Aggregated                                                                      1692    28(1.65%) |   3681       2   21041    530 |   15.00        0.00

Type     Name                                                                          # reqs      # fails |    Avg     Min     Max    Med |   req/s  failures/s
--------|----------------------------------------------------------------------------|-------|-------------|-------|-------|-------|-------|--------|-----------
POST     /api/book                                                                       1332    26(1.95%) |   4600      99   21041   2300 |   11.40        0.00
GET      /api/concerts                                                                    247     1(0.40%) |    261       2    5084     26 |    2.70        0.00
GET      /health                                                                          137     1(0.73%) |    390       2    7082     29 |    0.90        0.00
--------|----------------------------------------------------------------------------|-------|-------------|-------|-------|-------|-------|--------|-----------
         Aggregated                                                                      1716    28(1.63%) |   3640       2   21041    520 |   15.00        0.00

Type     Name                                                                          # reqs      # fails |    Avg     Min     Max    Med |   req/s  failures/s
--------|----------------------------------------------------------------------------|-------|-------------|-------|-------|-------|-------|--------|-----------
POST     /api/book                                                                       1382    26(1.88%) |   4611      99   21041   2500 |   11.90        0.00
GET      /api/concerts                                                                    248     1(0.40%) |    260       2    5084     26 |    2.70        0.00
GET      /health                                                                          140     1(0.71%) |    388       2    7082     28 |    0.60        0.00
--------|----------------------------------------------------------------------------|-------|-------------|-------|-------|-------|-------|--------|-----------
         Aggregated                                                                      1770    28(1.58%) |   3667       2   21041    530 |   15.20        0.00

Type     Name                                                                          # reqs      # fails |    Avg     Min     Max    Med |   req/s  failures/s
--------|----------------------------------------------------------------------------|-------|-------------|-------|-------|-------|-------|--------|-----------
POST     /api/book                                                                       1398    26(1.86%) |   4562      99   21041   2300 |   12.30        0.00
GET      /api/concerts                                                                    252     1(0.40%) |    256       2    5084     24 |    2.30        0.00
GET      /health                                                                          150     1(0.67%) |    364       2    7082     23 |    0.80        0.00
--------|----------------------------------------------------------------------------|-------|-------------|-------|-------|-------|-------|--------|-----------
         Aggregated                                                                      1800    28(1.56%) |   3609       2   21041    520 |   15.40        0.00

Type     Name                                                                          # reqs      # fails |    Avg     Min     Max    Med |   req/s  failures/s
--------|----------------------------------------------------------------------------|-------|-------------|-------|-------|-------|-------|--------|-----------
POST     /api/book                                                                       1411    26(1.84%) |   4523      99   21041   2200 |   11.90        0.00
GET      /api/concerts                                                                    257     1(0.39%) |    252       2    5084     24 |    1.70        0.00
GET      /health                                                                          152     1(0.66%) |    366       2    7082     24 |    1.30        0.00
--------|----------------------------------------------------------------------------|-------|-------------|-------|-------|-------|-------|--------|-----------
         Aggregated                                                                      1820    28(1.54%) |   3572       2   21041    500 |   14.90        0.00

Type     Name                                                                          # reqs      # fails |    Avg     Min     Max    Med |   req/s  failures/s
--------|----------------------------------------------------------------------------|-------|-------------|-------|-------|-------|-------|--------|-----------
POST     /api/book                                                                       1430    26(1.82%) |   4472      99   21041   1700 |   11.70        0.00
GET      /api/concerts                                                                    259     1(0.39%) |    252       2    5084     26 |    1.70        0.00
GET      /health                                                                          154     1(0.65%) |    367       2    7082     24 |    1.70        0.00
--------|----------------------------------------------------------------------------|-------|-------------|-------|-------|-------|-------|--------|-----------
         Aggregated                                                                      1843    28(1.52%) |   3536       2   21041    500 |   15.10        0.00

Type     Name                                                                          # reqs      # fails |    Avg     Min     Max    Med |   req/s  failures/s
--------|----------------------------------------------------------------------------|-------|-------------|-------|-------|-------|-------|--------|-----------
POST     /api/book                                                                       1457    26(1.78%) |   4422      99   21041   1500 |   12.00        0.00
GET      /api/concerts                                                                    264     1(0.38%) |    251       2    5084     24 |    1.60        0.00
GET      /health                                                                          156     1(0.64%) |    366       2    7082     24 |    1.80        0.00
--------|----------------------------------------------------------------------------|-------|-------------|-------|-------|-------|-------|--------|-----------
         Aggregated                                                                      1877    28(1.49%) |   3498       2   21041    500 |   15.40        0.00

Type     Name                                                                          # reqs      # fails |    Avg     Min     Max    Med |   req/s  failures/s
--------|----------------------------------------------------------------------------|-------|-------------|-------|-------|-------|-------|--------|-----------
POST     /api/book                                                                       1502    26(1.73%) |   4404      99   21041   1700 |   12.30        0.00
GET      /api/concerts                                                                    266     1(0.38%) |    249       2    5084     22 |    1.60        0.00
GET      /health                                                                          157     1(0.64%) |    364       2    7082     27 |    1.70        0.00
--------|----------------------------------------------------------------------------|-------|-------------|-------|-------|-------|-------|--------|-----------
         Aggregated                                                                      1925    28(1.45%) |   3501       2   21041    510 |   15.60        0.00

Type     Name                                                                          # reqs      # fails |    Avg     Min     Max    Med |   req/s  failures/s
--------|----------------------------------------------------------------------------|-------|-------------|-------|-------|-------|-------|--------|-----------
POST     /api/book                                                                       1523    26(1.71%) |   4352      99   21041   1500 |   14.90        0.00
GET      /api/concerts                                                                    273     1(0.37%) |    245       2    5084     22 |    1.80        0.00
GET      /health                                                                          161     1(0.62%) |    360       2    7082     28 |    1.60        0.00
--------|----------------------------------------------------------------------------|-------|-------------|-------|-------|-------|-------|--------|-----------
         Aggregated                                                                      1957    28(1.43%) |   3450       2   21041    500 |   18.30        0.00

Type     Name                                                                          # reqs      # fails |    Avg     Min     Max    Med |   req/s  failures/s
--------|----------------------------------------------------------------------------|-------|-------------|-------|-------|-------|-------|--------|-----------
POST     /api/book                                                                       1543    26(1.69%) |   4301      99   21041   1200 |   12.50        0.00
GET      /api/concerts                                                                    274     1(0.36%) |    245       2    5084     22 |    2.20        0.00
GET      /health                                                                          163     1(0.61%) |    355       2    7082     27 |    1.50        0.00
--------|----------------------------------------------------------------------------|-------|-------------|-------|-------|-------|-------|--------|-----------
         Aggregated                                                                      1980    28(1.41%) |   3415       2   21041    490 |   16.20        0.00

Type     Name                                                                          # reqs      # fails |    Avg     Min     Max    Med |   req/s  failures/s
--------|----------------------------------------------------------------------------|-------|-------------|-------|-------|-------|-------|--------|-----------
POST     /api/book                                                                       1555    26(1.67%) |   4269      99   21041   1100 |   12.60        0.00
GET      /api/concerts                                                                    277     1(0.36%) |    242       2    5084     21 |    1.70        0.00
GET      /health                                                                          165     1(0.61%) |    351       2    7082     24 |    1.10        0.00
--------|----------------------------------------------------------------------------|-------|-------------|-------|-------|-------|-------|--------|-----------
         Aggregated                                                                      1997    28(1.40%) |   3387       2   21041    480 |   15.40        0.00

Type     Name                                                                          # reqs      # fails |    Avg     Min     Max    Med |   req/s  failures/s
--------|----------------------------------------------------------------------------|-------|-------------|-------|-------|-------|-------|--------|-----------
POST     /api/book                                                                       1612    26(1.61%) |   4267      99   21041   1300 |   12.60        0.00
GET      /api/concerts                                                                    279     1(0.36%) |    241       2    5084     21 |    1.70        0.00
GET      /health                                                                          166     1(0.60%) |    366       2    7082     24 |    0.90        0.00
--------|----------------------------------------------------------------------------|-------|-------------|-------|-------|-------|-------|--------|-----------
         Aggregated                                                                      2057    28(1.36%) |   3406       2   21041    500 |   15.20        0.00

Type     Name                                                                          # reqs      # fails |    Avg     Min     Max    Med |   req/s  failures/s
--------|----------------------------------------------------------------------------|-------|-------------|-------|-------|-------|-------|--------|-----------
POST     /api/book                                                                       1628    26(1.60%) |   4227      99   21041   1100 |   12.90        0.00
GET      /api/concerts                                                                    287     1(0.35%) |    235       2    5084     21 |    1.80        0.00
GET      /health                                                                          173     1(0.58%) |    351       2    7082     20 |    1.20        0.00
--------|----------------------------------------------------------------------------|-------|-------------|-------|-------|-------|-------|--------|-----------
         Aggregated                                                                      2088    28(1.34%) |   3357       2   21041    480 |   15.90        0.00

Type     Name                                                                          # reqs      # fails |    Avg     Min     Max    Med |   req/s  failures/s
--------|----------------------------------------------------------------------------|-------|-------------|-------|-------|-------|-------|--------|-----------
POST     /api/book                                                                       1638    26(1.59%) |   4203      99   21041   1100 |   13.10        0.00
GET      /api/concerts                                                                    292     1(0.34%) |    234       2    5084     19 |    1.70        0.00
GET      /health                                                                          178     1(0.56%) |    344       2    7082     19 |    1.10        0.00
--------|----------------------------------------------------------------------------|-------|-------------|-------|-------|-------|-------|--------|-----------
         Aggregated                                                                      2108    28(1.33%) |   3328       2   21041    470 |   15.90        0.00

Type     Name                                                                          # reqs      # fails |    Avg     Min     Max    Med |   req/s  failures/s
--------|----------------------------------------------------------------------------|-------|-------------|-------|-------|-------|-------|--------|-----------
POST     /api/book                                                                       1653    26(1.57%) |   4174      99   21041   1100 |   12.10        0.00
GET      /api/concerts                                                                    295     1(0.34%) |    239       2    5084     21 |    1.80        0.00
GET      /health                                                                          180     1(0.56%) |    353       2    7082     20 |    1.60        0.00
--------|----------------------------------------------------------------------------|-------|-------------|-------|-------|-------|-------|--------|-----------
         Aggregated                                                                      2128    28(1.32%) |   3305       2   21041    480 |   15.50        0.00

Type     Name                                                                          # reqs      # fails |    Avg     Min     Max    Med |   req/s  failures/s
--------|----------------------------------------------------------------------------|-------|-------------|-------|-------|-------|-------|--------|-----------
POST     /api/book                                                                       1669    26(1.56%) |   4138      99   21041   1000 |   10.90        0.00
GET      /api/concerts                                                                    299     1(0.33%) |    239       2    5084     21 |    2.10        0.00
GET      /health                                                                          180     1(0.56%) |    353       2    7082     20 |    1.70        0.00
--------|----------------------------------------------------------------------------|-------|-------------|-------|-------|-------|-------|--------|-----------
         Aggregated                                                                      2148    28(1.30%) |   3278       2   21041    470 |   14.70        0.00

Type     Name                                                                          # reqs      # fails |    Avg     Min     Max    Med |   req/s  failures/s
--------|----------------------------------------------------------------------------|-------|-------------|-------|-------|-------|-------|--------|-----------
POST     /api/book                                                                       1693    26(1.54%) |   4109      99   21041   1000 |   11.00        0.00
GET      /api/concerts                                                                    301     1(0.33%) |    237       2    5084     19 |    2.20        0.00
GET      /health                                                                          183     1(0.55%) |    348       2    7082     19 |    1.70        0.00
--------|----------------------------------------------------------------------------|-------|-------------|-------|-------|-------|-------|--------|-----------
         Aggregated                                                                      2177    28(1.29%) |   3257       2   21041    460 |   14.90        0.00

Type     Name                                                                          # reqs      # fails |    Avg     Min     Max    Med |   req/s  failures/s
--------|----------------------------------------------------------------------------|-------|-------------|-------|-------|-------|-------|--------|-----------
POST     /api/book                                                                       1743    26(1.49%) |   4136      99   21041   1000 |   10.60        0.00
GET      /api/concerts                                                                    305     1(0.33%) |    234       2    5084     17 |    2.10        0.00
GET      /health                                                                          185     1(0.54%) |    345       2    7082     20 |    1.60        0.00
--------|----------------------------------------------------------------------------|-------|-------------|-------|-------|-------|-------|--------|-----------
         Aggregated                                                                      2233    28(1.25%) |   3289       2   21041    460 |   14.30        0.00

Type     Name                                                                          # reqs      # fails |    Avg     Min     Max    Med |   req/s  failures/s
--------|----------------------------------------------------------------------------|-------|-------------|-------|-------|-------|-------|--------|-----------
POST     /api/book                                                                       1760    26(1.48%) |   4100      99   21041    970 |   10.80        0.00
GET      /api/concerts                                                                    313     1(0.32%) |    229       2    5084     16 |    2.10        0.00
GET      /health                                                                          191     1(0.52%) |    335       2    7082     20 |    1.70        0.00
--------|----------------------------------------------------------------------------|-------|-------------|-------|-------|-------|-------|--------|-----------
         Aggregated                                                                      2264    28(1.24%) |   3247       2   21041    460 |   14.60        0.00

Type     Name                                                                          # reqs      # fails |    Avg     Min     Max    Med |   req/s  failures/s
--------|----------------------------------------------------------------------------|-------|-------------|-------|-------|-------|-------|--------|-----------
POST     /api/book                                                                       1774    26(1.47%) |   4069      99   21041    920 |   11.90        0.00
GET      /api/concerts                                                                    324     1(0.31%) |    223       2    5084     15 |    1.80        0.00
GET      /health                                                                          194     1(0.52%) |    332       2    7082     19 |    1.10        0.00
--------|----------------------------------------------------------------------------|-------|-------------|-------|-------|-------|-------|--------|-----------
         Aggregated                                                                      2292    28(1.22%) |   3209       2   21041    440 |   14.80        0.00

Type     Name                                                                          # reqs      # fails |    Avg     Min     Max    Med |   req/s  failures/s
--------|----------------------------------------------------------------------------|-------|-------------|-------|-------|-------|-------|--------|-----------
POST     /api/book                                                                       1791    26(1.45%) |   4049      99   21041    920 |   12.80        0.00
GET      /api/concerts                                                                    331     1(0.30%) |    229       2    5084     15 |    2.60        0.00
GET      /health                                                                          197     1(0.51%) |    337       2    7082     19 |    1.40        0.00
--------|----------------------------------------------------------------------------|-------|-------------|-------|-------|-------|-------|--------|-----------
         Aggregated                                                                      2319    28(1.21%) |   3188       2   21041    440 |   16.80        0.00

Type     Name                                                                          # reqs      # fails |    Avg     Min     Max    Med |   req/s  failures/s
--------|----------------------------------------------------------------------------|-------|-------------|-------|-------|-------|-------|--------|-----------
POST     /api/book                                                                       1839    26(1.41%) |   4024      99   21041    940 |   12.00        0.00
GET      /api/concerts                                                                    334     1(0.30%) |    227       2    5084     15 |    3.10        0.00
GET      /health                                                                          199     1(0.50%) |    334       2    7082     19 |    1.50        0.00
--------|----------------------------------------------------------------------------|-------|-------------|-------|-------|-------|-------|--------|-----------
         Aggregated                                                                      2372    28(1.18%) |   3180       2   21041    450 |   16.60        0.00

Type     Name                                                                          # reqs      # fails |    Avg     Min     Max    Med |   req/s  failures/s
--------|----------------------------------------------------------------------------|-------|-------------|-------|-------|-------|-------|--------|-----------
POST     /api/book                                                                       1853    26(1.40%) |   3996      99   21041    920 |   14.00        0.00
GET      /api/concerts                                                                    343     1(0.29%) |    222       2    5084     15 |    3.20        0.00
GET      /health                                                                          203     1(0.49%) |    329       2    7082     19 |    1.50        0.00
--------|----------------------------------------------------------------------------|-------|-------------|-------|-------|-------|-------|--------|-----------
         Aggregated                                                                      2399    28(1.17%) |   3146       2   21041    440 |   18.70        0.00

Type     Name                                                                          # reqs      # fails |    Avg     Min     Max    Med |   req/s  failures/s
--------|----------------------------------------------------------------------------|-------|-------------|-------|-------|-------|-------|--------|-----------
POST     /api/book                                                                       1869    26(1.39%) |   3968      99   21041    900 |   11.40        0.00
GET      /api/concerts                                                                    347     1(0.29%) |    223       2    5084     15 |    3.70        0.00
GET      /health                                                                          208     1(0.48%) |    327       2    7082     19 |    1.70        0.00
--------|----------------------------------------------------------------------------|-------|-------------|-------|-------|-------|-------|--------|-----------
         Aggregated                                                                      2424    28(1.16%) |   3119       2   21041    440 |   16.80        0.00

Type     Name                                                                          # reqs      # fails |    Avg     Min     Max    Med |   req/s  failures/s
--------|----------------------------------------------------------------------------|-------|-------------|-------|-------|-------|-------|--------|-----------
POST     /api/book                                                                       1885    26(1.38%) |   3937      99   21041    840 |   10.70        0.00
GET      /api/concerts                                                                    352     1(0.28%) |    220       2    5084     15 |    3.80        0.00
GET      /health                                                                          209     1(0.48%) |    325       2    7082     19 |    1.90        0.00
--------|----------------------------------------------------------------------------|-------|-------------|-------|-------|-------|-------|--------|-----------
         Aggregated                                                                      2446    28(1.14%) |   3094       2   21041    430 |   16.40        0.00

Type     Name                                                                          # reqs      # fails |    Avg     Min     Max    Med |   req/s  failures/s
--------|----------------------------------------------------------------------------|-------|-------------|-------|-------|-------|-------|--------|-----------
POST     /api/book                                                                       1909    26(1.36%) |   3922      99   21041    830 |   10.70        0.00
GET      /api/concerts                                                                    355     1(0.28%) |    218       2    5084     14 |    3.00        0.00
GET      /health                                                                          210     1(0.48%) |    324       2    7082     18 |    1.60        0.00
--------|----------------------------------------------------------------------------|-------|-------------|-------|-------|-------|-------|--------|-----------
         Aggregated                                                                      2474    28(1.13%) |   3085       2   21041    430 |   15.30        0.00

Type     Name                                                                          # reqs      # fails |    Avg     Min     Max    Med |   req/s  failures/s
--------|----------------------------------------------------------------------------|-------|-------------|-------|-------|-------|-------|--------|-----------
POST     /api/book                                                                       1952    26(1.33%) |   3925      99   21041    870 |   11.50        0.00
GET      /api/concerts                                                                    360     1(0.28%) |    215       2    5084     14 |    2.40        0.00
GET      /health                                                                          214     1(0.47%) |    318       2    7082     16 |    1.40        0.00
--------|----------------------------------------------------------------------------|-------|-------------|-------|-------|-------|-------|--------|-----------
         Aggregated                                                                      2526    28(1.11%) |   3091       2   21041    440 |   15.30        0.00

Type     Name                                                                          # reqs      # fails |    Avg     Min     Max    Med |   req/s  failures/s
--------|----------------------------------------------------------------------------|-------|-------------|-------|-------|-------|-------|--------|-----------
POST     /api/book                                                                       1972    26(1.32%) |   3890      99   21041    840 |   12.20        0.00
GET      /api/concerts                                                                    365     1(0.27%) |    215       2    5084     15 |    2.50        0.00
GET      /health                                                                          219     1(0.46%) |    313       2    7082     17 |    1.60        0.00
--------|----------------------------------------------------------------------------|-------|-------------|-------|-------|-------|-------|--------|-----------
         Aggregated                                                                      2556    28(1.10%) |   3059       2   21041    430 |   16.30        0.00

Type     Name                                                                          # reqs      # fails |    Avg     Min     Max    Med |   req/s  failures/s
--------|----------------------------------------------------------------------------|-------|-------------|-------|-------|-------|-------|--------|-----------
POST     /api/book                                                                       1991    26(1.31%) |   3856      99   21041    770 |   12.00        0.00
GET      /api/concerts                                                                    369     1(0.27%) |    213       2    5084     15 |    2.40        0.00
GET      /health                                                                          223     1(0.45%) |    307       2    7082     16 |    1.70        0.00
--------|----------------------------------------------------------------------------|-------|-------------|-------|-------|-------|-------|--------|-----------
         Aggregated                                                                      2583    28(1.08%) |   3029       2   21041    430 |   16.10        0.00

Type     Name                                                                          # reqs      # fails |    Avg     Min     Max    Med |   req/s  failures/s
--------|----------------------------------------------------------------------------|-------|-------------|-------|-------|-------|-------|--------|-----------
POST     /api/book                                                                       2030    26(1.28%) |   3854      99   21041    820 |   12.00        0.00
GET      /api/concerts                                                                    372     1(0.27%) |    211       2    5084     14 |    2.10        0.00
GET      /health                                                                          228     1(0.44%) |    324       2    7082     16 |    1.50        0.00
--------|----------------------------------------------------------------------------|-------|-------------|-------|-------|-------|-------|--------|-----------
         Aggregated                                                                      2630    28(1.06%) |   3033       2   21041    430 |   15.60        0.00

Type     Name                                                                          # reqs      # fails |    Avg     Min     Max    Med |   req/s  failures/s
--------|----------------------------------------------------------------------------|-------|-------------|-------|-------|-------|-------|--------|-----------
POST     /api/book                                                                       2051    26(1.27%) |   3822      99   21041    760 |   12.00        0.00
GET      /api/concerts                                                                    377     1(0.27%) |    208       2    5084     15 |    2.10        0.00
GET      /health                                                                          230     1(0.43%) |    321       2    7082     16 |    1.40        0.00
--------|----------------------------------------------------------------------------|-------|-------------|-------|-------|-------|-------|--------|-----------
         Aggregated                                                                      2658    28(1.05%) |   3007       2   21041    430 |   15.50        0.00

Type     Name                                                                          # reqs      # fails |    Avg     Min     Max    Med |   req/s  failures/s
--------|----------------------------------------------------------------------------|-------|-------------|-------|-------|-------|-------|--------|-----------
POST     /api/book                                                                       2079    26(1.25%) |   3796      99   21041    760 |   15.00        0.00
GET      /api/concerts                                                                    385     1(0.26%) |    215       2    5084     15 |    2.10        0.00
GET      /health                                                                          232     1(0.43%) |    318       2    7082     16 |    1.90        0.00
--------|----------------------------------------------------------------------------|-------|-------------|-------|-------|-------|-------|--------|-----------
         Aggregated                                                                      2696    28(1.04%) |   2986       2   21041    430 |   19.00        0.00

Type     Name                                                                          # reqs      # fails |    Avg     Min     Max    Med |   req/s  failures/s
--------|----------------------------------------------------------------------------|-------|-------------|-------|-------|-------|-------|--------|-----------
POST     /api/book                                                                       2094    26(1.24%) |   3771      99   21041    740 |   12.70        0.00
GET      /api/concerts                                                                    389     1(0.26%) |    213       2    5084     15 |    2.80        0.00
GET      /health                                                                          232     1(0.43%) |    318       2    7082     16 |    1.80        0.00
--------|----------------------------------------------------------------------------|-------|-------------|-------|-------|-------|-------|--------|-----------
         Aggregated                                                                      2715    28(1.03%) |   2966       2   21041    430 |   17.30        0.00

Type     Name                                                                          # reqs      # fails |    Avg     Min     Max    Med |   req/s  failures/s
--------|----------------------------------------------------------------------------|-------|-------------|-------|-------|-------|-------|--------|-----------
POST     /api/book                                                                       2111    26(1.23%) |   3746      99   21041    730 |   12.30        0.00
GET      /api/concerts                                                                    394     1(0.25%) |    213       2    5084     15 |    2.30        0.00
GET      /health                                                                          236     1(0.42%) |    319       2    7082     16 |    1.40        0.00
--------|----------------------------------------------------------------------------|-------|-------------|-------|-------|-------|-------|--------|-----------
         Aggregated                                                                      2741    28(1.02%) |   2943       2   21041    420 |   16.00        0.00

Type     Name                                                                          # reqs      # fails |    Avg     Min     Max    Med |   req/s  failures/s
--------|----------------------------------------------------------------------------|-------|-------------|-------|-------|-------|-------|--------|-----------
POST     /api/book                                                                       2155    26(1.21%) |   3742      99   21041    740 |   12.30        0.00
GET      /api/concerts                                                                    398     1(0.25%) |    212       2    5084     15 |    2.60        0.00
GET      /health                                                                          238     1(0.42%) |    316       2    7082     15 |    1.20        0.00
--------|----------------------------------------------------------------------------|-------|-------------|-------|-------|-------|-------|--------|-----------
         Aggregated                                                                      2791    28(1.00%) |   2947       2   21041    430 |   16.10        0.00

Type     Name                                                                          # reqs      # fails |    Avg     Min     Max    Med |   req/s  failures/s
--------|----------------------------------------------------------------------------|-------|-------------|-------|-------|-------|-------|--------|-----------
POST     /api/book                                                                       2179    26(1.19%) |   3722      99   21041    740 |   15.20        0.00
GET      /api/concerts                                                                    411     1(0.24%) |    209       2    5084     15 |    2.60        0.00
GET      /health                                                                          242     1(0.41%) |    313       2    7082     15 |    1.30        0.00
--------|----------------------------------------------------------------------------|-------|-------------|-------|-------|-------|-------|--------|-----------
         Aggregated                                                                      2832    28(0.99%) |   2920       2   21041    420 |   19.10        0.00

Type     Name                                                                          # reqs      # fails |    Avg     Min     Max    Med |   req/s  failures/s
--------|----------------------------------------------------------------------------|-------|-------------|-------|-------|-------|-------|--------|-----------
POST     /api/book                                                                       2194    26(1.19%) |   3698      99   21041    730 |   11.70        0.00
GET      /api/concerts                                                                    414     1(0.24%) |    207       2    5084     15 |    3.10        0.00
GET      /health                                                                          246     1(0.41%) |    308       2    7082     15 |    1.20        0.00
--------|----------------------------------------------------------------------------|-------|-------------|-------|-------|-------|-------|--------|-----------
         Aggregated                                                                      2854    28(0.98%) |   2900       2   21041    420 |   16.00        0.00

Type     Name                                                                          # reqs      # fails |    Avg     Min     Max    Med |   req/s  failures/s
--------|----------------------------------------------------------------------------|-------|-------------|-------|-------|-------|-------|--------|-----------
POST     /api/book                                                                       2209    26(1.18%) |   3675      99   21041    690 |   11.90        0.00
GET      /api/concerts                                                                    417     1(0.24%) |    206       2    5084     15 |    2.70        0.00
GET      /health                                                                          247     1(0.40%) |    307       2    7082     15 |    1.20        0.00
--------|----------------------------------------------------------------------------|-------|-------------|-------|-------|-------|-------|--------|-----------
         Aggregated                                                                      2873    28(0.97%) |   2882       2   21041    420 |   15.80        0.00

Type     Name                                                                          # reqs      # fails |    Avg     Min     Max    Med |   req/s  failures/s
--------|----------------------------------------------------------------------------|-------|-------------|-------|-------|-------|-------|--------|-----------
POST     /api/book                                                                       2250    26(1.16%) |   3671      99   21041    720 |   11.50        0.00
GET      /api/concerts                                                                    420     1(0.24%) |    214       2    5084     15 |    3.00        0.00
GET      /health                                                                          248     1(0.40%) |    305       2    7082     14 |    1.50        0.00
--------|----------------------------------------------------------------------------|-------|-------------|-------|-------|-------|-------|--------|-----------
         Aggregated                                                                      2918    28(0.96%) |   2888       2   21041    420 |   16.00        0.00

Type     Name                                                                          # reqs      # fails |    Avg     Min     Max    Med |   req/s  failures/s
--------|----------------------------------------------------------------------------|-------|-------------|-------|-------|-------|-------|--------|-----------
POST     /api/book                                                                       2283    26(1.14%) |   3656      99   21041    720 |   11.30        0.00
GET      /api/concerts                                                                    426     1(0.23%) |    211       2    5084     14 |    2.70        0.00
GET      /health                                                                          250     1(0.40%) |    303       2    7082     13 |    1.50        0.00
--------|----------------------------------------------------------------------------|-------|-------------|-------|-------|-------|-------|--------|-----------
         Aggregated                                                                      2959    28(0.95%) |   2877       2   21041    420 |   15.50        0.00

Type     Name                                                                          # reqs      # fails |    Avg     Min     Max    Med |   req/s  failures/s
--------|----------------------------------------------------------------------------|-------|-------------|-------|-------|-------|-------|--------|-----------
POST     /api/book                                                                       2295    26(1.13%) |   3638      99   21041    690 |   12.40        0.00
GET      /api/concerts                                                                    433     1(0.23%) |    208       2    5084     14 |    2.70        0.00
GET      /health                                                                          254     1(0.39%) |    301       2    7082     13 |    1.40        0.00
--------|----------------------------------------------------------------------------|-------|-------------|-------|-------|-------|-------|--------|-----------
         Aggregated                                                                      2982    28(0.94%) |   2856       2   21041    410 |   16.50        0.00

Type     Name                                                                          # reqs      # fails |    Avg     Min     Max    Med |   req/s  failures/s
--------|----------------------------------------------------------------------------|-------|-------------|-------|-------|-------|-------|--------|-----------
POST     /api/book                                                                       2312    26(1.12%) |   3614      99   21041    690 |   11.60        0.00
GET      /api/concerts                                                                    439     1(0.23%) |    206       2    5084     13 |    2.20        0.00
GET      /health                                                                          257     1(0.39%) |    297       2    7082     13 |    1.20        0.00
--------|----------------------------------------------------------------------------|-------|-------------|-------|-------|-------|-------|--------|-----------
         Aggregated                                                                      3008    28(0.93%) |   2833       2   21041    410 |   15.00        0.00

Type     Name                                                                          # reqs      # fails |    Avg     Min     Max    Med |   req/s  failures/s
--------|----------------------------------------------------------------------------|-------|-------------|-------|-------|-------|-------|--------|-----------
POST     /api/book                                                                       2325    26(1.12%) |   3598      99   21041    680 |   11.60        0.00
GET      /api/concerts                                                                    443     1(0.23%) |    204       2    5084     13 |    2.30        0.00
GET      /health                                                                          258     1(0.39%) |    296       2    7082     12 |    1.20        0.00
--------|----------------------------------------------------------------------------|-------|-------------|-------|-------|-------|-------|--------|-----------
         Aggregated                                                                      3026    28(0.93%) |   2819       2   21041    410 |   15.10        0.00

Type     Name                                                                          # reqs      # fails |    Avg     Min     Max    Med |   req/s  failures/s
--------|----------------------------------------------------------------------------|-------|-------------|-------|-------|-------|-------|--------|-----------
POST     /api/book                                                                       2370    26(1.10%) |   3627      99   21041    700 |   11.50        0.00
GET      /api/concerts                                                                    450     1(0.22%) |    203       2    5084     12 |    2.40        0.00
GET      /health                                                                          260     1(0.38%) |    294       2    7082     12 |    1.10        0.00
--------|----------------------------------------------------------------------------|-------|-------------|-------|-------|-------|-------|--------|-----------
         Aggregated                                                                      3080    28(0.91%) |   2846       2   21041    410 |   15.00        0.00

Type     Name                                                                          # reqs      # fails |    Avg     Min     Max    Med |   req/s  failures/s
--------|----------------------------------------------------------------------------|-------|-------------|-------|-------|-------|-------|--------|-----------
POST     /api/book                                                                       2389    26(1.09%) |   3603      99   21041    690 |   15.10        0.00
GET      /api/concerts                                                                    454     1(0.22%) |    202       2    5084     13 |    2.70        0.00
GET      /health                                                                          262     1(0.38%) |    292       2    7082     12 |    1.20        0.00
--------|----------------------------------------------------------------------------|-------|-------------|-------|-------|-------|-------|--------|-----------
         Aggregated                                                                      3105    28(0.90%) |   2826       2   21041    410 |   19.00        0.00

Type     Name                                                                          # reqs      # fails |    Avg     Min     Max    Med |   req/s  failures/s
--------|----------------------------------------------------------------------------|-------|-------------|-------|-------|-------|-------|--------|-----------
POST     /api/book                                                                       2409    26(1.08%) |   3577      99   21041    690 |   10.60        0.00
GET      /api/concerts                                                                    456     1(0.22%) |    202       2    5084     13 |    2.80        0.00
GET      /health                                                                          263     1(0.38%) |    293       2    7082     12 |    1.20        0.00
--------|----------------------------------------------------------------------------|-------|-------------|-------|-------|-------|-------|--------|-----------
         Aggregated                                                                      3128    28(0.90%) |   2809       2   21041    410 |   14.60        0.00

Type     Name                                                                          # reqs      # fails |    Avg     Min     Max    Med |   req/s  failures/s
--------|----------------------------------------------------------------------------|-------|-------------|-------|-------|-------|-------|--------|-----------
POST     /api/book                                                                       2426    26(1.07%) |   3554      99   21041    660 |   11.30        0.00
GET      /api/concerts                                                                    461     1(0.22%) |    200       2    5084     13 |    2.30        0.00
GET      /health                                                                          265     1(0.38%) |    292       2    7082     12 |    0.90        0.00
--------|----------------------------------------------------------------------------|-------|-------------|-------|-------|-------|-------|--------|-----------
         Aggregated                                                                      3152    28(0.89%) |   2789       2   21041    410 |   14.50        0.00

Type     Name                                                                          # reqs      # fails |    Avg     Min     Max    Med |   req/s  failures/s
--------|----------------------------------------------------------------------------|-------|-------------|-------|-------|-------|-------|--------|-----------
POST     /api/book                                                                       2478    26(1.05%) |   3571      99   21041    690 |   11.40        0.00
GET      /api/concerts                                                                    465     1(0.22%) |    205       2    5084     13 |    2.30        0.00
GET      /health                                                                          266     1(0.38%) |    291       2    7082     12 |    0.90        0.00
--------|----------------------------------------------------------------------------|-------|-------------|-------|-------|-------|-------|--------|-----------
         Aggregated                                                                      3209    28(0.87%) |   2811       2   21041    410 |   14.60        0.00

Type     Name                                                                          # reqs      # fails |    Avg     Min     Max    Med |   req/s  failures/s
--------|----------------------------------------------------------------------------|-------|-------------|-------|-------|-------|-------|--------|-----------
POST     /api/book                                                                       2494    26(1.04%) |   3550      98   21041    670 |   11.60        0.00
GET      /api/concerts                                                                    471     1(0.21%) |    203       2    5084     13 |    2.20        0.00
GET      /health                                                                          268     1(0.37%) |    289       2    7082     12 |    0.80        0.00
--------|----------------------------------------------------------------------------|-------|-------------|-------|-------|-------|-------|--------|-----------
         Aggregated                                                                      3233    28(0.87%) |   2792       2   21041    410 |   14.60        0.00

Type     Name                                                                          # reqs      # fails |    Avg     Min     Max    Med |   req/s  failures/s
--------|----------------------------------------------------------------------------|-------|-------------|-------|-------|-------|-------|--------|-----------
POST     /api/book                                                                       2511    26(1.04%) |   3529      98   21041    660 |   12.40        0.00
GET      /api/concerts                                                                    477     1(0.21%) |    201       2    5084     12 |    2.10        0.00
GET      /health                                                                          269     1(0.37%) |    289       2    7082     12 |    0.80        0.00
--------|----------------------------------------------------------------------------|-------|-------------|-------|-------|-------|-------|--------|-----------
         Aggregated                                                                      3257    28(0.86%) |   2774       2   21041    410 |   15.30        0.00

Type     Name                                                                          # reqs      # fails |    Avg     Min     Max    Med |   req/s  failures/s
--------|----------------------------------------------------------------------------|-------|-------------|-------|-------|-------|-------|--------|-----------
POST     /api/book                                                                       2527    26(1.03%) |   3509      98   21041    650 |   12.20        0.00
GET      /api/concerts                                                                    482     1(0.21%) |    207       2    5084     11 |    2.20        0.00
GET      /health                                                                          269     1(0.37%) |    289       2    7082     12 |    0.70        0.00
--------|----------------------------------------------------------------------------|-------|-------------|-------|-------|-------|-------|--------|-----------
         Aggregated                                                                      3278    28(0.85%) |   2759       2   21041    400 |   15.10        0.00

Type     Name                                                                          # reqs      # fails |    Avg     Min     Max    Med |   req/s  failures/s
--------|----------------------------------------------------------------------------|-------|-------------|-------|-------|-------|-------|--------|-----------
POST     /api/book                                                                       2546    26(1.02%) |   3487      98   21041    640 |   11.90        0.00
GET      /api/concerts                                                                    484     1(0.21%) |    206       2    5084     11 |    2.60        0.00
GET      /health                                                                          270     1(0.37%) |    288       2    7082     12 |    0.60        0.00
--------|----------------------------------------------------------------------------|-------|-------------|-------|-------|-------|-------|--------|-----------
         Aggregated                                                                      3300    28(0.85%) |   2744       2   21041    400 |   15.10        0.00

Type     Name                                                                          # reqs      # fails |    Avg     Min     Max    Med |   req/s  failures/s
--------|----------------------------------------------------------------------------|-------|-------------|-------|-------|-------|-------|--------|-----------
POST     /api/book                                                                       2598    26(1.00%) |   3505      98   21041    650 |   12.00        0.00
GET      /api/concerts                                                                    487     1(0.21%) |    205       2    5084     11 |    2.60        0.00
GET      /health                                                                          272     1(0.37%) |    286       2    7082     12 |    0.50        0.00
--------|----------------------------------------------------------------------------|-------|-------------|-------|-------|-------|-------|--------|-----------
         Aggregated                                                                      3357    28(0.83%) |   2765       2   21041    410 |   15.10        0.00

Type     Name                                                                          # reqs      # fails |    Avg     Min     Max    Med |   req/s  failures/s
--------|----------------------------------------------------------------------------|-------|-------------|-------|-------|-------|-------|--------|-----------
POST     /api/book                                                                       2614    26(0.99%) |   3486      98   21041    640 |   15.60        0.00
GET      /api/concerts                                                                    501     1(0.20%) |    210       2    5084     13 |    2.10        0.00
GET      /health                                                                          274     1(0.36%) |    284       2    7082     11 |    0.40        0.00
--------|----------------------------------------------------------------------------|-------|-------------|-------|-------|-------|-------|--------|-----------
         Aggregated                                                                      3389    28(0.83%) |   2743       2   21041    410 |   18.10        0.00

Type     Name                                                                          # reqs      # fails |    Avg     Min     Max    Med |   req/s  failures/s
--------|----------------------------------------------------------------------------|-------|-------------|-------|-------|-------|-------|--------|-----------
POST     /api/book                                                                       2626    26(0.99%) |   3472      98   21041    640 |   12.20        0.00
GET      /api/concerts                                                                    507     1(0.20%) |    208       2    5084     11 |    2.30        0.00
GET      /health                                                                          278     1(0.36%) |    280       2    7082     11 |    0.60        0.00
--------|----------------------------------------------------------------------------|-------|-------------|-------|-------|-------|-------|--------|-----------
         Aggregated                                                                      3411    28(0.82%) |   2727       2   21041    400 |   15.10        0.00

Type     Name                                                                          # reqs      # fails |    Avg     Min     Max    Med |   req/s  failures/s
--------|----------------------------------------------------------------------------|-------|-------------|-------|-------|-------|-------|--------|-----------
POST     /api/book                                                                       2643    26(0.98%) |   3453      98   21041    630 |   11.70        0.00
GET      /api/concerts                                                                    512     1(0.20%) |    211       2    5084     11 |    3.00        0.00
GET      /health                                                                          279     1(0.36%) |    279       2    7082     11 |    0.90        0.00
--------|----------------------------------------------------------------------------|-------|-------------|-------|-------|-------|-------|--------|-----------
         Aggregated                                                                      3434    28(0.82%) |   2712       2   21041    400 |   15.60        0.00

Type     Name                                                                          # reqs      # fails |    Avg     Min     Max    Med |   req/s  failures/s
--------|----------------------------------------------------------------------------|-------|-------------|-------|-------|-------|-------|--------|-----------
POST     /api/book                                                                       2694    26(0.97%) |   3466      98   21041    640 |   11.70        0.00
GET      /api/concerts                                                                    515     1(0.19%) |    210       2    5084     11 |    2.80        0.00
GET      /health                                                                          283     1(0.35%) |    275       2    7082     11 |    1.00        0.00
--------|----------------------------------------------------------------------------|-------|-------------|-------|-------|-------|-------|--------|-----------
         Aggregated                                                                      3492    28(0.80%) |   2728       2   21041    400 |   15.50        0.00

Type     Name                                                                          # reqs      # fails |    Avg     Min     Max    Med |   req/s  failures/s
--------|----------------------------------------------------------------------------|-------|-------------|-------|-------|-------|-------|--------|-----------
POST     /api/book                                                                       2714    26(0.96%) |   3444      98   21041    630 |   12.00        0.00
GET      /api/concerts                                                                    523     1(0.19%) |    208       2    5084     11 |    3.00        0.00
GET      /health                                                                          285     1(0.35%) |    273       2    7082     11 |    1.00        0.00
--------|----------------------------------------------------------------------------|-------|-------------|-------|-------|-------|-------|--------|-----------
         Aggregated                                                                      3522    28(0.80%) |   2707       2   21041    400 |   16.00        0.00

Type     Name                                                                          # reqs      # fails |    Avg     Min     Max    Med |   req/s  failures/s
--------|----------------------------------------------------------------------------|-------|-------------|-------|-------|-------|-------|--------|-----------
POST     /api/book                                                                       2732    26(0.95%) |   3425      98   21041    630 |   11.90        0.00
GET      /api/concerts                                                                    532     1(0.19%) |    207       2    5084     11 |    3.30        0.00
GET      /health                                                                          288     1(0.35%) |    272       2    7082     10 |    1.40        0.00
--------|----------------------------------------------------------------------------|-------|-------------|-------|-------|-------|-------|--------|-----------
         Aggregated                                                                      3552    28(0.79%) |   2687       2   21041    390 |   16.60        0.00

Type     Name                                                                          # reqs      # fails |    Avg     Min     Max    Med |   req/s  failures/s
--------|----------------------------------------------------------------------------|-------|-------------|-------|-------|-------|-------|--------|-----------
POST     /api/book                                                                       2746    26(0.95%) |   3409      98   21041    620 |   11.80        0.00
GET      /api/concerts                                                                    536     1(0.19%) |    205       2    5084     11 |    3.10        0.00
GET      /health                                                                          291     1(0.34%) |    269       2    7082     10 |    1.40        0.00
--------|----------------------------------------------------------------------------|-------|-------------|-------|-------|-------|-------|--------|-----------
         Aggregated                                                                      3573    28(0.78%) |   2673       2   21041    390 |   16.30        0.00

Type     Name                                                                          # reqs      # fails |    Avg     Min     Max    Med |   req/s  failures/s
--------|----------------------------------------------------------------------------|-------|-------------|-------|-------|-------|-------|--------|-----------
POST     /api/book                                                                       2788    26(0.93%) |   3418      98   21041    630 |   11.90        0.00
GET      /api/concerts                                                                    537     1(0.19%) |    205       2    5084     11 |    2.80        0.00
GET      /health                                                                          294     1(0.34%) |    266       2    7082      9 |    1.30        0.00
--------|----------------------------------------------------------------------------|-------|-------------|-------|-------|-------|-------|--------|-----------
         Aggregated                                                                      3619    28(0.77%) |   2686       2   21041    390 |   16.00        0.00

Type     Name                                                                          # reqs      # fails |    Avg     Min     Max    Med |   req/s  failures/s
--------|----------------------------------------------------------------------------|-------|-------------|-------|-------|-------|-------|--------|-----------
POST     /api/book                                                                       2812    26(0.92%) |   3406      98   21041    630 |   14.60        0.00
GET      /api/concerts                                                                    545     1(0.18%) |    204       2    5084     11 |    2.60        0.00
GET      /health                                                                          297     1(0.34%) |    264       2    7082      9 |    1.40        0.00
--------|----------------------------------------------------------------------------|-------|-------------|-------|-------|-------|-------|--------|-----------
         Aggregated                                                                      3654    28(0.77%) |   2673       2   21041    390 |   18.60        0.00

Type     Name                                                                          # reqs      # fails |    Avg     Min     Max    Med |   req/s  failures/s
--------|----------------------------------------------------------------------------|-------|-------------|-------|-------|-------|-------|--------|-----------
POST     /api/book                                                                       2829    26(0.92%) |   3387      98   21041    630 |   11.80        0.00
GET      /api/concerts                                                                    549     1(0.18%) |    202       2    5084     10 |    2.90        0.00
GET      /health                                                                          299     1(0.33%) |    262       2    7082      9 |    1.40        0.00
--------|----------------------------------------------------------------------------|-------|-------------|-------|-------|-------|-------|--------|-----------
         Aggregated                                                                      3677    28(0.76%) |   2657       2   21041    390 |   16.10        0.00

Type     Name                                                                          # reqs      # fails |    Avg     Min     Max    Med |   req/s  failures/s
--------|----------------------------------------------------------------------------|-------|-------------|-------|-------|-------|-------|--------|-----------
POST     /api/book                                                                       2846    26(0.91%) |   3368      98   21041    610 |   11.20        0.00
GET      /api/concerts                                                                    551     1(0.18%) |    202       2    5084     11 |    3.10        0.00
GET      /health                                                                          302     1(0.33%) |    262       2    7082      9 |    1.40        0.00
--------|----------------------------------------------------------------------------|-------|-------------|-------|-------|-------|-------|--------|-----------
         Aggregated                                                                      3699    28(0.76%) |   2643       2   21041    390 |   15.70        0.00

Type     Name                                                                          # reqs      # fails |    Avg     Min     Max    Med |   req/s  failures/s
--------|----------------------------------------------------------------------------|-------|-------------|-------|-------|-------|-------|--------|-----------
POST     /api/book                                                                       2859    26(0.91%) |   3354      98   21041    610 |   11.40        0.00
GET      /api/concerts                                                                    556     1(0.18%) |    201       2    5084     10 |    1.90        0.00
GET      /health                                                                          306     1(0.33%) |    259       2    7082      8 |    1.40        0.00
--------|----------------------------------------------------------------------------|-------|-------------|-------|-------|-------|-------|--------|-----------
         Aggregated                                                                      3721    28(0.75%) |   2629       2   21041    390 |   14.70        0.00

Type     Name                                                                          # reqs      # fails |    Avg     Min     Max    Med |   req/s  failures/s
--------|----------------------------------------------------------------------------|-------|-------------|-------|-------|-------|-------|--------|-----------
POST     /api/book                                                                       2913    26(0.89%) |   3375      98   21041    630 |   11.40        0.00
GET      /api/concerts                                                                    563     1(0.18%) |    198       2    5084     10 |    2.00        0.00
GET      /health                                                                          306     1(0.33%) |    259       2    7082      8 |    1.50        0.00
--------|----------------------------------------------------------------------------|-------|-------------|-------|-------|-------|-------|--------|-----------
         Aggregated                                                                      3782    28(0.74%) |   2650       2   21041    390 |   14.90        0.00

Type     Name                                                                          # reqs      # fails |    Avg     Min     Max    Med |   req/s  failures/s
--------|----------------------------------------------------------------------------|-------|-------------|-------|-------|-------|-------|--------|-----------
POST     /api/book                                                                       2924    26(0.89%) |   3364      98   21041    620 |   12.40        0.00
GET      /api/concerts                                                                    568     1(0.18%) |    197       2    5084     10 |    2.60        0.00
GET      /health                                                                          312     1(0.32%) |    254       2    7082      7 |    1.30        0.00
--------|----------------------------------------------------------------------------|-------|-------------|-------|-------|-------|-------|--------|-----------
         Aggregated                                                                      3804    28(0.74%) |   2636       2   21041    390 |   16.30        0.00

Type     Name                                                                          # reqs      # fails |    Avg     Min     Max    Med |   req/s  failures/s
--------|----------------------------------------------------------------------------|-------|-------------|-------|-------|-------|-------|--------|-----------
POST     /api/book                                                                       2941    26(0.88%) |   3347      98   21041    610 |   12.70        0.00
GET      /api/concerts                                                                    570     1(0.18%) |    197       2    5084     10 |    2.70        0.00
GET      /health                                                                          316     1(0.32%) |    251       2    7082      7 |    1.30        0.00
--------|----------------------------------------------------------------------------|-------|-------------|-------|-------|-------|-------|--------|-----------
         Aggregated                                                                      3827    28(0.73%) |   2622       2   21041    390 |   16.70        0.00

Type     Name                                                                          # reqs      # fails |    Avg     Min     Max    Med |   req/s  failures/s
--------|----------------------------------------------------------------------------|-------|-------------|-------|-------|-------|-------|--------|-----------
POST     /api/book                                                                       2957    26(0.88%) |   3330      98   21041    600 |   11.30        0.00
GET      /api/concerts                                                                    574     1(0.17%) |    196       2    5084     10 |    2.10        0.00
GET      /health                                                                          317     1(0.32%) |    250       2    7082      7 |    1.70        0.00
--------|----------------------------------------------------------------------------|-------|-------------|-------|-------|-------|-------|--------|-----------
         Aggregated                                                                      3848    28(0.73%) |   2609       2   21041    380 |   15.10        0.00

Type     Name                                                                          # reqs      # fails |    Avg     Min     Max    Med |   req/s  failures/s
--------|----------------------------------------------------------------------------|-------|-------------|-------|-------|-------|-------|--------|-----------
POST     /api/book                                                                       2979    26(0.87%) |   3322      98   21041    600 |   11.00        0.00
GET      /api/concerts                                                                    576     1(0.17%) |    195       2    5084      9 |    2.30        0.00
GET      /health                                                                          320     1(0.31%) |    248       2    7082      7 |    1.50        0.00
--------|----------------------------------------------------------------------------|-------|-------------|-------|-------|-------|-------|--------|-----------
         Aggregated                                                                      3875    28(0.72%) |   2603       2   21041    380 |   14.80        0.00

Type     Name                                                                          # reqs      # fails |    Avg     Min     Max    Med |   req/s  failures/s
--------|----------------------------------------------------------------------------|-------|-------------|-------|-------|-------|-------|--------|-----------
POST     /api/book                                                                       3027    26(0.86%) |   3340      98   21041    610 |   12.00        0.00
GET      /api/concerts                                                                    582     1(0.17%) |    193       2    5084     10 |    2.10        0.00
GET      /health                                                                          323     1(0.31%) |    246       2    7082      7 |    1.30        0.00
--------|----------------------------------------------------------------------------|-------|-------------|-------|-------|-------|-------|--------|-----------
         Aggregated                                                                      3932    28(0.71%) |   2620       2   21041    380 |   15.40        0.00

Type     Name                                                                          # reqs      # fails |    Avg     Min     Max    Med |   req/s  failures/s
--------|----------------------------------------------------------------------------|-------|-------------|-------|-------|-------|-------|--------|-----------
POST     /api/book                                                                       3047    26(0.85%) |   3319      98   21041    600 |   11.90        0.00
GET      /api/concerts                                                                    591     1(0.17%) |    193       2    5084     11 |    2.00        0.00
GET      /health                                                                          324     1(0.31%) |    245       2    7082      7 |    1.50        0.00
--------|----------------------------------------------------------------------------|-------|-------------|-------|-------|-------|-------|--------|-----------
         Aggregated                                                                      3962    28(0.71%) |   2602       2   21041    380 |   15.40        0.00

Type     Name                                                                          # reqs      # fails |    Avg     Min     Max    Med |   req/s  failures/s
--------|----------------------------------------------------------------------------|-------|-------------|-------|-------|-------|-------|--------|-----------
POST     /api/book                                                                       3058    26(0.85%) |   3308      98   21041    600 |   11.60        0.00
GET      /api/concerts                                                                    596     1(0.17%) |    191       2    5084     10 |    2.10        0.00
GET      /health                                                                          326     1(0.31%) |    244       2    7082      7 |    1.40        0.00
--------|----------------------------------------------------------------------------|-------|-------------|-------|-------|-------|-------|--------|-----------
         Aggregated                                                                      3980    28(0.70%) |   2590       2   21041    370 |   15.10        0.00

Type     Name                                                                          # reqs      # fails |    Avg     Min     Max    Med |   req/s  failures/s
--------|----------------------------------------------------------------------------|-------|-------------|-------|-------|-------|-------|--------|-----------
POST     /api/book                                                                       3072    26(0.85%) |   3295      98   21041    590 |   11.90        0.00
GET      /api/concerts                                                                    597     1(0.17%) |    191       2    5084     10 |    2.40        0.00
GET      /health                                                                          328     1(0.30%) |    242       2    7082      6 |    1.00        0.00
--------|----------------------------------------------------------------------------|-------|-------------|-------|-------|-------|-------|--------|-----------
         Aggregated                                                                      3997    28(0.70%) |   2581       2   21041    370 |   15.30        0.00

Type     Name                                                                          # reqs      # fails |    Avg     Min     Max    Med |   req/s  failures/s
--------|----------------------------------------------------------------------------|-------|-------------|-------|-------|-------|-------|--------|-----------
POST     /api/book                                                                       3127    26(0.83%) |   3317      98   21041    610 |   11.60        0.00
GET      /api/concerts                                                                    601     1(0.17%) |    190       2    5084     11 |    2.30        0.00
GET      /health                                                                          332     1(0.30%) |    248       2    7082      6 |    1.10        0.00
--------|----------------------------------------------------------------------------|-------|-------------|-------|-------|-------|-------|--------|-----------
         Aggregated                                                                      4060    28(0.69%) |   2603       2   21041    380 |   15.00        0.00

Type     Name                                                                          # reqs      # fails |    Avg     Min     Max    Med |   req/s  failures/s
--------|----------------------------------------------------------------------------|-------|-------------|-------|-------|-------|-------|--------|-----------
POST     /api/book                                                                       3141    26(0.83%) |   3303      98   21041    600 |   10.90        0.00
GET      /api/concerts                                                                    606     1(0.17%) |    188       2    5084     10 |    2.50        0.00
GET      /health                                                                          337     1(0.30%) |    245       2    7082      5 |    0.90        0.00
--------|----------------------------------------------------------------------------|-------|-------------|-------|-------|-------|-------|--------|-----------
         Aggregated                                                                      4084    28(0.69%) |   2588       2   21041    380 |   14.30        0.00

Type     Name                                                                          # reqs      # fails |    Avg     Min     Max    Med |   req/s  failures/s
--------|----------------------------------------------------------------------------|-------|-------------|-------|-------|-------|-------|--------|-----------
POST     /api/book                                                                       3159    26(0.82%) |   3286      98   21041    600 |   11.40        0.00
GET      /api/concerts                                                                    614     1(0.16%) |    192       2    5084     11 |    2.50        0.00
GET      /health                                                                          339     1(0.29%) |    243       2    7082      5 |    1.40        0.00
--------|----------------------------------------------------------------------------|-------|-------------|-------|-------|-------|-------|--------|-----------
         Aggregated                                                                      4112    28(0.68%) |   2573       2   21041    380 |   15.30        0.00

Type     Name                                                                          # reqs      # fails |    Avg     Min     Max    Med |   req/s  failures/s
--------|----------------------------------------------------------------------------|-------|-------------|-------|-------|-------|-------|--------|-----------
POST     /api/book                                                                       3195    26(0.81%) |   3286      98   21041    610 |   11.10        0.00
GET      /api/concerts                                                                    618     1(0.16%) |    195       2    5084     11 |    2.30        0.00
GET      /health                                                                          342     1(0.29%) |    248       2    7082      5 |    1.50        0.00
--------|----------------------------------------------------------------------------|-------|-------------|-------|-------|-------|-------|--------|-----------
         Aggregated                                                                      4155    28(0.67%) |   2576       2   21041    380 |   14.90        0.00

Type     Name                                                                          # reqs      # fails |    Avg     Min     Max    Med |   req/s  failures/s
--------|----------------------------------------------------------------------------|-------|-------------|-------|-------|-------|-------|--------|-----------
POST     /api/book                                                                       3212    26(0.81%) |   3272      98   21041    600 |   13.60        0.00
GET      /api/concerts                                                                    629     1(0.16%) |    192       2    5084     11 |    2.20        0.00
GET      /health                                                                          346     1(0.29%) |    246       2    7082      5 |    1.60        0.00
--------|----------------------------------------------------------------------------|-------|-------------|-------|-------|-------|-------|--------|-----------
         Aggregated                                                                      4187    28(0.67%) |   2559       2   21041    370 |   17.40        0.00

Type     Name                                                                          # reqs      # fails |    Avg     Min     Max    Med |   req/s  failures/s
--------|----------------------------------------------------------------------------|-------|-------------|-------|-------|-------|-------|--------|-----------
POST     /api/book                                                                       3237    26(0.80%) |   3264      98   21041    600 |   14.00        0.00
GET      /api/concerts                                                                    636     1(0.16%) |    191       2    5084     10 |    2.60        0.00
GET      /health                                                                          348     1(0.29%) |    245       2    7082      5 |    1.50        0.00
--------|----------------------------------------------------------------------------|-------|-------------|-------|-------|-------|-------|--------|-----------
         Aggregated                                                                      4221    28(0.66%) |   2552       2   21041    370 |   18.10        0.00

Type     Name                                                                          # reqs      # fails |    Avg     Min     Max    Med |   req/s  failures/s
--------|----------------------------------------------------------------------------|-------|-------------|-------|-------|-------|-------|--------|-----------
POST     /api/book                                                                       3259    26(0.80%) |   3246      98   21041    600 |   11.10        0.00
GET      /api/concerts                                                                    645     1(0.16%) |    189       2    5084     10 |    3.50        0.00
GET      /health                                                                          348     1(0.29%) |    245       2    7082      5 |    1.70        0.00
--------|----------------------------------------------------------------------------|-------|-------------|-------|-------|-------|-------|--------|-----------
         Aggregated                                                                      4252    28(0.66%) |   2537       2   21041    370 |   16.30        0.00

Type     Name                                                                          # reqs      # fails |    Avg     Min     Max    Med |   req/s  failures/s
--------|----------------------------------------------------------------------------|-------|-------------|-------|-------|-------|-------|--------|-----------
POST     /api/book                                                                       3272    26(0.79%) |   3234      98   21041    590 |   11.60        0.00
GET      /api/concerts                                                                    652     1(0.15%) |    187       2    5084      9 |    3.70        0.00
GET      /health                                                                          351     1(0.28%) |    243       2    7082      5 |    1.10        0.00
--------|----------------------------------------------------------------------------|-------|-------------|-------|-------|-------|-------|--------|-----------
         Aggregated                                                                      4275    28(0.65%) |   2524       2   21041    360 |   16.40        0.00

Type     Name                                                                          # reqs      # fails |    Avg     Min     Max    Med |   req/s  failures/s
--------|----------------------------------------------------------------------------|-------|-------------|-------|-------|-------|-------|--------|-----------
POST     /api/book                                                                       3312    26(0.79%) |   3252      98   21041    600 |   11.30        0.00
GET      /api/concerts                                                                    659     1(0.15%) |    196       2    5084      9 |    3.50        0.00
GET      /health                                                                          354     1(0.28%) |    241       2    7082      5 |    1.20        0.00
--------|----------------------------------------------------------------------------|-------|-------------|-------|-------|-------|-------|--------|-----------
         Aggregated                                                                      4325    28(0.65%) |   2540       2   21041    370 |   16.00        0.00

Type     Name                                                                          # reqs      # fails |    Avg     Min     Max    Med |   req/s  failures/s
--------|----------------------------------------------------------------------------|-------|-------------|-------|-------|-------|-------|--------|-----------
POST     /api/book                                                                       3333    26(0.78%) |   3239      98   21041    600 |   11.60        0.00
GET      /api/concerts                                                                    662     1(0.15%) |    195       2    5084      9 |    4.10        0.00
GET      /health                                                                          358     1(0.28%) |    239       2    7082      5 |    1.20        0.00
--------|----------------------------------------------------------------------------|-------|-------------|-------|-------|-------|-------|--------|-----------
         Aggregated                                                                      4353    28(0.64%) |   2529       2   21041    360 |   16.90        0.00

Type     Name                                                                          # reqs      # fails |    Avg     Min     Max    Med |   req/s  failures/s
--------|----------------------------------------------------------------------------|-------|-------------|-------|-------|-------|-------|--------|-----------
POST     /api/book                                                                       3354    26(0.78%) |   3223      98   21041    590 |   11.50        0.00
GET      /api/concerts                                                                    671     1(0.15%) |    197       2    5084     11 |    3.70        0.00
GET      /health                                                                          363     1(0.28%) |    237       2    7082      5 |    1.20        0.00
--------|----------------------------------------------------------------------------|-------|-------------|-------|-------|-------|-------|--------|-----------
         Aggregated                                                                      4388    28(0.64%) |   2513       2   21041    360 |   16.40        0.00

Type     Name                                                                          # reqs      # fails |    Avg     Min     Max    Med |   req/s  failures/s
--------|----------------------------------------------------------------------------|-------|-------------|-------|-------|-------|-------|--------|-----------
POST     /api/book                                                                       3373    26(0.77%) |   3206      98   21041    580 |   11.70        0.00
GET      /api/concerts                                                                    673     1(0.15%) |    197       2    5084     11 |    3.50        0.00
GET      /health                                                                          364     1(0.27%) |    237       2    7082      5 |    1.50        0.00
--------|----------------------------------------------------------------------------|-------|-------------|-------|-------|-------|-------|--------|-----------
         Aggregated                                                                      4410    28(0.63%) |   2502       2   21041    360 |   16.70        0.00

Type     Name                                                                          # reqs      # fails |    Avg     Min     Max    Med |   req/s  failures/s
--------|----------------------------------------------------------------------------|-------|-------------|-------|-------|-------|-------|--------|-----------
POST     /api/book                                                                       3401    26(0.76%) |   3196      98   21041    580 |   11.50        0.00
GET      /api/concerts                                                                    675     1(0.15%) |    201       2    5084     11 |    3.30        0.00
GET      /health                                                                          368     1(0.27%) |    239       2    7082      5 |    1.60        0.00
--------|----------------------------------------------------------------------------|-------|-------------|-------|-------|-------|-------|--------|-----------
         Aggregated                                                                      4444    28(0.63%) |   2496       2   21041    360 |   16.40        0.00

Type     Name                                                                          # reqs      # fails |    Avg     Min     Max    Med |   req/s  failures/s
--------|----------------------------------------------------------------------------|-------|-------------|-------|-------|-------|-------|--------|-----------
POST     /api/book                                                                       3446    26(0.75%) |   3195      98   21041    580 |   13.00        0.00
GET      /api/concerts                                                                    678     1(0.15%) |    202       2    5084     12 |    2.60        0.00
GET      /health                                                                          375     1(0.27%) |    236       2    7082      6 |    1.70        0.00
--------|----------------------------------------------------------------------------|-------|-------------|-------|-------|-------|-------|--------|-----------
         Aggregated                                                                      4499    28(0.62%) |   2497       2   21041    360 |   17.30        0.00

Type     Name                                                                          # reqs      # fails |    Avg     Min     Max    Med |   req/s  failures/s
--------|----------------------------------------------------------------------------|-------|-------------|-------|-------|-------|-------|--------|-----------
POST     /api/book                                                                       3461    26(0.75%) |   3182      98   21041    570 |   13.60        0.00
GET      /api/concerts                                                                    682     1(0.15%) |    202       2    5084     12 |    1.90        0.00
GET      /health                                                                          375     1(0.27%) |    236       2    7082      6 |    1.90        0.00
--------|----------------------------------------------------------------------------|-------|-------------|-------|-------|-------|-------|--------|-----------
         Aggregated                                                                      4518    28(0.62%) |   2488       2   21041    360 |   17.40        0.00

Type     Name                                                                          # reqs      # fails |    Avg     Min     Max    Med |   req/s  failures/s
--------|----------------------------------------------------------------------------|-------|-------------|-------|-------|-------|-------|--------|-----------
POST     /api/book                                                                       3480    26(0.75%) |   3167      98   21041    570 |   12.80        0.00
GET      /api/concerts                                                                    685     1(0.15%) |    202       2    5084     13 |    2.00        0.00
GET      /health                                                                          376     1(0.27%) |    236       2    7082      5 |    2.00        0.00
--------|----------------------------------------------------------------------------|-------|-------------|-------|-------|-------|-------|--------|-----------
         Aggregated                                                                      4541    28(0.62%) |   2477       2   21041    360 |   16.80        0.00

Type     Name                                                                          # reqs      # fails |    Avg     Min     Max    Med |   req/s  failures/s
--------|----------------------------------------------------------------------------|-------|-------------|-------|-------|-------|-------|--------|-----------
POST     /api/book                                                                       3513    26(0.74%) |   3167      98   21041    580 |   12.60        0.00
GET      /api/concerts                                                                    688     1(0.15%) |    201       2    5084     12 |    1.40        0.00
GET      /health                                                                          378     1(0.26%) |    235       2    7082      5 |    1.30        0.00
--------|----------------------------------------------------------------------------|-------|-------------|-------|-------|-------|-------|--------|-----------
         Aggregated                                                                      4579    28(0.61%) |   2479       2   21041    360 |   15.30        0.00

Type     Name                                                                          # reqs      # fails |    Avg     Min     Max    Med |   req/s  failures/s
--------|----------------------------------------------------------------------------|-------|-------------|-------|-------|-------|-------|--------|-----------
POST     /api/book                                                                       3540    26(0.73%) |   3161      98   21041    580 |   12.60        0.00
GET      /api/concerts                                                                    692     1(0.14%) |    201       2    5084     13 |    1.30        0.00
GET      /health                                                                          379     1(0.26%) |    234       2    7082      5 |    1.30        0.00
--------|----------------------------------------------------------------------------|-------|-------------|-------|-------|-------|-------|--------|-----------
         Aggregated                                                                      4611    28(0.61%) |   2476       2   21041    360 |   15.20        0.00

Type     Name                                                                          # reqs      # fails |    Avg     Min     Max    Med |   req/s  failures/s
--------|----------------------------------------------------------------------------|-------|-------------|-------|-------|-------|-------|--------|-----------
POST     /api/book                                                                       3570    26(0.73%) |   3153      98   21041    570 |   15.00        0.00
GET      /api/concerts                                                                    696     1(0.14%) |    204       2    5084     13 |    1.70        0.00
GET      /health                                                                          382     1(0.26%) |    240       2    7082      5 |    1.30        0.00
--------|----------------------------------------------------------------------------|-------|-------------|-------|-------|-------|-------|--------|-----------
         Aggregated                                                                      4648    28(0.60%) |   2472       2   21041    360 |   18.00        0.00

Type     Name                                                                          # reqs      # fails |    Avg     Min     Max    Med |   req/s  failures/s
--------|----------------------------------------------------------------------------|-------|-------------|-------|-------|-------|-------|--------|-----------
POST     /api/book                                                                       3598    26(0.72%) |   3136      98   21041    570 |   12.40        0.00
GET      /api/concerts                                                                    701     1(0.14%) |    202       2    5084     13 |    1.80        0.00
GET      /health                                                                          384     1(0.26%) |    239       2    7082      5 |    0.90        0.00
--------|----------------------------------------------------------------------------|-------|-------------|-------|-------|-------|-------|--------|-----------
         Aggregated                                                                      4683    28(0.60%) |   2459       2   21041    360 |   15.10        0.00

Type     Name                                                                          # reqs      # fails |    Avg     Min     Max    Med |   req/s  failures/s
--------|----------------------------------------------------------------------------|-------|-------------|-------|-------|-------|-------|--------|-----------
POST     /api/book                                                                       3615    26(0.72%) |   3122      98   21041    560 |   13.70        0.00
GET      /api/concerts                                                                    703     1(0.14%) |    202       2    5084     13 |    1.90        0.00
GET      /health                                                                          385     1(0.26%) |    239       2    7082      5 |    0.90        0.00
--------|----------------------------------------------------------------------------|-------|-------------|-------|-------|-------|-------|--------|-----------
         Aggregated                                                                      4703    28(0.60%) |   2449       2   21041    350 |   16.50        0.00

Type     Name                                                                          # reqs      # fails |    Avg     Min     Max    Med |   req/s  failures/s
--------|----------------------------------------------------------------------------|-------|-------------|-------|-------|-------|-------|--------|-----------
POST     /api/book                                                                       3656    26(0.71%) |   3128      98   21041    570 |   13.50        0.00
GET      /api/concerts                                                                    708     1(0.14%) |    204       2    5084     13 |    1.80        0.00
GET      /health                                                                          385     1(0.26%) |    239       2    7082      5 |    0.80        0.00
--------|----------------------------------------------------------------------------|-------|-------------|-------|-------|-------|-------|--------|-----------
         Aggregated                                                                      4749    28(0.59%) |   2458       2   21041    360 |   16.10        0.00

Type     Name                                                                          # reqs      # fails |    Avg     Min     Max    Med |   req/s  failures/s
--------|----------------------------------------------------------------------------|-------|-------------|-------|-------|-------|-------|--------|-----------
POST     /api/book                                                                       3676    26(0.71%) |   3116      98   21041    560 |   14.70        0.00
GET      /api/concerts                                                                    714     1(0.14%) |    202       2    5084     12 |    1.90        0.00
GET      /health                                                                          387     1(0.26%) |    238       2    7082      5 |    0.80        0.00
--------|----------------------------------------------------------------------------|-------|-------------|-------|-------|-------|-------|--------|-----------
         Aggregated                                                                      4777    28(0.59%) |   2447       2   21041    360 |   17.40        0.00

Type     Name                                                                          # reqs      # fails |    Avg     Min     Max    Med |   req/s  failures/s
--------|----------------------------------------------------------------------------|-------|-------------|-------|-------|-------|-------|--------|-----------
POST     /api/book                                                                       3700    26(0.70%) |   3108      98   21041    560 |   13.60        0.00
GET      /api/concerts                                                                    723     1(0.14%) |    207       2    5084     13 |    2.10        0.00
GET      /health                                                                          392     1(0.26%) |    241       2    7082      6 |    0.80        0.00
--------|----------------------------------------------------------------------------|-------|-------------|-------|-------|-------|-------|--------|-----------
         Aggregated                                                                      4815    28(0.58%) |   2439       2   21041    360 |   16.50        0.00

Type     Name                                                                          # reqs      # fails |    Avg     Min     Max    Med |   req/s  failures/s
--------|----------------------------------------------------------------------------|-------|-------------|-------|-------|-------|-------|--------|-----------
POST     /api/book                                                                       3720    26(0.70%) |   3093      98   21041    560 |   14.40        0.00
GET      /api/concerts                                                                    728     1(0.14%) |    206       2    5084     13 |    2.80        0.00
GET      /health                                                                          393     1(0.25%) |    241       2    7082      6 |    1.20        0.00
--------|----------------------------------------------------------------------------|-------|-------------|-------|-------|-------|-------|--------|-----------
         Aggregated                                                                      4841    28(0.58%) |   2427       2   21041    360 |   18.40        0.00

Type     Name                                                                          # reqs      # fails |    Avg     Min     Max    Med |   req/s  failures/s
--------|----------------------------------------------------------------------------|-------|-------------|-------|-------|-------|-------|--------|-----------
POST     /api/book                                                                       3759    26(0.69%) |   3092      98   21041    560 |   12.40        0.00
GET      /api/concerts                                                                    736     1(0.14%) |    210       2    5084     12 |    2.70        0.00
GET      /health                                                                          395     1(0.25%) |    240       2    7082      6 |    0.90        0.00
--------|----------------------------------------------------------------------------|-------|-------------|-------|-------|-------|-------|--------|-----------
         Aggregated                                                                      4890    28(0.57%) |   2428       2   21041    360 |   16.00        0.00

Type     Name                                                                          # reqs      # fails |    Avg     Min     Max    Med |   req/s  failures/s
--------|----------------------------------------------------------------------------|-------|-------------|-------|-------|-------|-------|--------|-----------
POST     /api/book                                                                       3772    26(0.69%) |   3084      98   21041    560 |   14.30        0.00
GET      /api/concerts                                                                    744     1(0.13%) |    209       2    5084     12 |    3.30        0.00
GET      /health                                                                          399     1(0.25%) |    238       2    7082      6 |    1.10        0.00
--------|----------------------------------------------------------------------------|-------|-------------|-------|-------|-------|-------|--------|-----------
         Aggregated                                                                      4915    28(0.57%) |   2418       2   21041    360 |   18.70        0.00

Type     Name                                                                          # reqs      # fails |    Avg     Min     Max    Med |   req/s  failures/s
--------|----------------------------------------------------------------------------|-------|-------------|-------|-------|-------|-------|--------|-----------
POST     /api/book                                                                       3806    26(0.68%) |   3074      98   21041    560 |   11.60        0.00
GET      /api/concerts                                                                    747     1(0.13%) |    209       2    5084     12 |    3.70        0.00
GET      /health                                                                          403     1(0.25%) |    244       2    7082      7 |    1.40        0.00
--------|----------------------------------------------------------------------------|-------|-------------|-------|-------|-------|-------|--------|-----------
         Aggregated                                                                      4956    28(0.56%) |   2412       2   21041    360 |   16.70        0.00

Type     Name                                                                          # reqs      # fails |    Avg     Min     Max    Med |   req/s  failures/s
--------|----------------------------------------------------------------------------|-------|-------------|-------|-------|-------|-------|--------|-----------
POST     /api/book                                                                       3820    26(0.68%) |   3063      98   21041    560 |   12.80        0.00
GET      /api/concerts                                                                    750     1(0.13%) |    209       2    5084     11 |    3.80        0.00
GET      /health                                                                          405     1(0.25%) |    243       2    7082      6 |    1.60        0.00
--------|----------------------------------------------------------------------------|-------|-------------|-------|-------|-------|-------|--------|-----------
         Aggregated                                                                      4975    28(0.56%) |   2403       2   21041    350 |   18.20        0.00

Type     Name                                                                          # reqs      # fails |    Avg     Min     Max    Med |   req/s  failures/s
--------|----------------------------------------------------------------------------|-------|-------------|-------|-------|-------|-------|--------|-----------
POST     /api/book                                                                       3851    26(0.68%) |   3062      98   21041    560 |   11.80        0.00
GET      /api/concerts                                                                    756     1(0.13%) |    212       2    5084     12 |    2.80        0.00
GET      /health                                                                          406     1(0.25%) |    248       2    7082      6 |    1.30        0.00
--------|----------------------------------------------------------------------------|-------|-------------|-------|-------|-------|-------|--------|-----------
         Aggregated                                                                      5013    28(0.56%) |   2404       2   21041    360 |   15.90        0.00

Type     Name                                                                          # reqs      # fails |    Avg     Min     Max    Med |   req/s  failures/s
--------|----------------------------------------------------------------------------|-------|-------------|-------|-------|-------|-------|--------|-----------
POST     /api/book                                                                       3869    26(0.67%) |   3051      98   21041    560 |   11.60        0.00
GET      /api/concerts                                                                    762     1(0.13%) |    211       2    5084     13 |    2.40        0.00
GET      /health                                                                          410     1(0.24%) |    245       2    7082      6 |    1.20        0.00
--------|----------------------------------------------------------------------------|-------|-------------|-------|-------|-------|-------|--------|-----------
         Aggregated                                                                      5041    28(0.56%) |   2393       2   21041    360 |   15.20        0.00

Type     Name                                                                          # reqs      # fails |    Avg     Min     Max    Med |   req/s  failures/s
--------|----------------------------------------------------------------------------|-------|-------------|-------|-------|-------|-------|--------|-----------
POST     /api/book                                                                       3883    26(0.67%) |   3041      98   21041    560 |   13.30        0.00
GET      /api/concerts                                                                    767     1(0.13%) |    209       2    5084     12 |    3.00        0.00
GET      /health                                                                          413     1(0.24%) |    244       2    7082      6 |    1.60        0.00
--------|----------------------------------------------------------------------------|-------|-------------|-------|-------|-------|-------|--------|-----------
         Aggregated                                                                      5063    28(0.55%) |   2384       2   21041    350 |   17.90        0.00

Type     Name                                                                          # reqs      # fails |    Avg     Min     Max    Med |   req/s  failures/s
--------|----------------------------------------------------------------------------|-------|-------------|-------|-------|-------|-------|--------|-----------
POST     /api/book                                                                       3901    26(0.67%) |   3028      98   21041    550 |   11.20        0.00
GET      /api/concerts                                                                    771     1(0.13%) |    215       2    5084     12 |    2.30        0.00
GET      /health                                                                          414     1(0.24%) |    243       2    7082      6 |    1.40        0.00
--------|----------------------------------------------------------------------------|-------|-------------|-------|-------|-------|-------|--------|-----------
         Aggregated                                                                      5086    28(0.55%) |   2375       2   21041    350 |   14.90        0.00

Type     Name                                                                          # reqs      # fails |    Avg     Min     Max    Med |   req/s  failures/s
--------|----------------------------------------------------------------------------|-------|-------------|-------|-------|-------|-------|--------|-----------
POST     /api/book                                                                       3955    26(0.66%) |   3051      95   21041    560 |    9.60        0.00
GET      /api/concerts                                                                    773     1(0.13%) |    215       2    5084     12 |    2.30        0.00
GET      /health                                                                          421     1(0.24%) |    239       2    7082      6 |    1.10        0.00
--------|----------------------------------------------------------------------------|-------|-------------|-------|-------|-------|-------|--------|-----------
         Aggregated                                                                      5149    28(0.54%) |   2395       2   21041    360 |   13.00        0.00

Type     Name                                                                          # reqs      # fails |    Avg     Min     Max    Med |   req/s  failures/s
--------|----------------------------------------------------------------------------|-------|-------------|-------|-------|-------|-------|--------|-----------
POST     /api/book                                                                       3970    26(0.65%) |   3041      95   21041    560 |   13.40        0.00
GET      /api/concerts                                                                    782     1(0.13%) |    213       2    5084     12 |    2.30        0.00
GET      /health                                                                          425     1(0.24%) |    239       2    7082      6 |    1.40        0.00
--------|----------------------------------------------------------------------------|-------|-------------|-------|-------|-------|-------|--------|-----------
         Aggregated                                                                      5177    28(0.54%) |   2384       2   21041    350 |   17.10        0.00

Type     Name                                                                          # reqs      # fails |    Avg     Min     Max    Med |   req/s  failures/s
--------|----------------------------------------------------------------------------|-------|-------------|-------|-------|-------|-------|--------|-----------
POST     /api/book                                                                       3990    26(0.65%) |   3029      95   21041    550 |   11.90        0.00
GET      /api/concerts                                                                    788     1(0.13%) |    214       2    5084     11 |    2.50        0.00
GET      /health                                                                          428     1(0.23%) |    237       2    7082      5 |    1.80        0.00
--------|----------------------------------------------------------------------------|-------|-------------|-------|-------|-------|-------|--------|-----------
         Aggregated                                                                      5206    28(0.54%) |   2373       2   21041    350 |   16.20        0.00

Type     Name                                                                          # reqs      # fails |    Avg     Min     Max    Med |   req/s  failures/s
--------|----------------------------------------------------------------------------|-------|-------------|-------|-------|-------|-------|--------|-----------
POST     /api/book                                                                       4006    26(0.65%) |   3021      95   21041    550 |   11.90        0.00
GET      /api/concerts                                                                    792     1(0.13%) |    216       2    5084     11 |    2.40        0.00
GET      /health                                                                          430     1(0.23%) |    242       2    7082      5 |    1.70        0.00
--------|----------------------------------------------------------------------------|-------|-------------|-------|-------|-------|-------|--------|-----------
         Aggregated                                                                      5228    28(0.54%) |   2367       2   21041    350 |   16.00        0.00

Type     Name                                                                          # reqs      # fails |    Avg     Min     Max    Med |   req/s  failures/s
--------|----------------------------------------------------------------------------|-------|-------------|-------|-------|-------|-------|--------|-----------
POST     /api/book                                                                       4050    26(0.64%) |   3020      95   21041    550 |   12.20        0.00
GET      /api/concerts                                                                    797     1(0.13%) |    215       2    5084     12 |    2.40        0.00
GET      /health                                                                          431     1(0.23%) |    242       2    7082      6 |    1.70        0.00
--------|----------------------------------------------------------------------------|-------|-------------|-------|-------|-------|-------|--------|-----------
         Aggregated                                                                      5278    28(0.53%) |   2369       2   21041    350 |   16.30        0.00

Type     Name                                                                          # reqs      # fails |    Avg     Min     Max    Med |   req/s  failures/s
--------|----------------------------------------------------------------------------|-------|-------------|-------|-------|-------|-------|--------|-----------
POST     /api/book                                                                       4078    26(0.64%) |   3012      95   21041    550 |   14.90        0.00
GET      /api/concerts                                                                    800     1(0.12%) |    214       2    5084     11 |    2.70        0.00
GET      /health                                                                          438     1(0.23%) |    240       2    7082      6 |    1.70        0.00
--------|----------------------------------------------------------------------------|-------|-------------|-------|-------|-------|-------|--------|-----------
         Aggregated                                                                      5316    28(0.53%) |   2362       2   21041    350 |   19.30        0.00

Type     Name                                                                          # reqs      # fails |    Avg     Min     Max    Med |   req/s  failures/s
--------|----------------------------------------------------------------------------|-------|-------------|-------|-------|-------|-------|--------|-----------
POST     /api/book                                                                       4094    26(0.64%) |   3001      95   21041    550 |   13.90        0.00
GET      /api/concerts                                                                    803     1(0.12%) |    213       2    5084     11 |    2.50        0.00
GET      /health                                                                          441     1(0.23%) |    239       2    7082      6 |    1.60        0.00
--------|----------------------------------------------------------------------------|-------|-------------|-------|-------|-------|-------|--------|-----------
         Aggregated                                                                      5338    28(0.52%) |   2353       2   21041    350 |   18.00        0.00

Type     Name                                                                          # reqs      # fails |    Avg     Min     Max    Med |   req/s  failures/s
--------|----------------------------------------------------------------------------|-------|-------------|-------|-------|-------|-------|--------|-----------
POST     /api/book                                                                       4113    26(0.63%) |   2989      95   21041    540 |   12.40        0.00
GET      /api/concerts                                                                    805     1(0.12%) |    213       2    5084     11 |    2.20        0.00
GET      /health                                                                          441     1(0.23%) |    239       2    7082      6 |    1.70        0.00
--------|----------------------------------------------------------------------------|-------|-------------|-------|-------|-------|-------|--------|-----------
         Aggregated                                                                      5359    28(0.52%) |   2345       2   21041    350 |   16.30        0.00

Type     Name                                                                          # reqs      # fails |    Avg     Min     Max    Med |   req/s  failures/s
--------|----------------------------------------------------------------------------|-------|-------------|-------|-------|-------|-------|--------|-----------
POST     /api/book                                                                       4139    26(0.63%) |   2987      95   21041    540 |   12.20        0.00
GET      /api/concerts                                                                    808     1(0.12%) |    212       2    5084     11 |    1.90        0.00
GET      /health                                                                          444     1(0.23%) |    237       2    7082      6 |    1.40        0.00
--------|----------------------------------------------------------------------------|-------|-------------|-------|-------|-------|-------|--------|-----------
         Aggregated                                                                      5391    28(0.52%) |   2345       2   21041    350 |   15.50        0.00

Type     Name                                                                          # reqs      # fails |    Avg     Min     Max    Med |   req/s  failures/s
--------|----------------------------------------------------------------------------|-------|-------------|-------|-------|-------|-------|--------|-----------
POST     /api/book                                                                       4182    26(0.62%) |   2995      95   21041    550 |   12.50        0.00
GET      /api/concerts                                                                    813     1(0.12%) |    211       2    5084     11 |    1.70        0.00
GET      /health                                                                          447     1(0.22%) |    236       2    7082      6 |    1.40        0.00
--------|----------------------------------------------------------------------------|-------|-------------|-------|-------|-------|-------|--------|-----------
         Aggregated                                                                      5442    28(0.51%) |   2353       2   21041    350 |   15.60        0.00

Type     Name                                                                          # reqs      # fails |    Avg     Min     Max    Med |   req/s  failures/s
--------|----------------------------------------------------------------------------|-------|-------------|-------|-------|-------|-------|--------|-----------
POST     /api/book                                                                       4201    26(0.62%) |   2983      95   21041    540 |   13.20        0.00
GET      /api/concerts                                                                    819     1(0.12%) |    210       2    5084     11 |    1.50        0.00
GET      /health                                                                          450     1(0.22%) |    235       2    7082      6 |    1.60        0.00
--------|----------------------------------------------------------------------------|-------|-------------|-------|-------|-------|-------|--------|-----------
         Aggregated                                                                      5470    28(0.51%) |   2342       2   21041    350 |   16.30        0.00

Type     Name                                                                          # reqs      # fails |    Avg     Min     Max    Med |   req/s  failures/s
--------|----------------------------------------------------------------------------|-------|-------------|-------|-------|-------|-------|--------|-----------
POST     /api/book                                                                       4218    26(0.62%) |   2973      95   21041    540 |   13.60        0.00
GET      /api/concerts                                                                    822     1(0.12%) |    209       2    5084     12 |    1.90        0.00
GET      /health                                                                          453     1(0.22%) |    233       2    7082      6 |    1.60        0.00
--------|----------------------------------------------------------------------------|-------|-------------|-------|-------|-------|-------|--------|-----------
         Aggregated                                                                      5493    28(0.51%) |   2333       2   21041    350 |   17.10        0.00

Type     Name                                                                          # reqs      # fails |    Avg     Min     Max    Med |   req/s  failures/s
--------|----------------------------------------------------------------------------|-------|-------------|-------|-------|-------|-------|--------|-----------
POST     /api/book                                                                       4230    26(0.61%) |   2965      95   21041    540 |   12.00        0.00
GET      /api/concerts                                                                    824     1(0.12%) |    212       2    5084     12 |    1.80        0.00
GET      /health                                                                          455     1(0.22%) |    232       2    7082      6 |    1.20        0.00
--------|----------------------------------------------------------------------------|-------|-------------|-------|-------|-------|-------|--------|-----------
         Aggregated                                                                      5509    28(0.51%) |   2327       2   21041    350 |   15.00        0.00

Type     Name                                                                          # reqs      # fails |    Avg     Min     Max    Med |   req/s  failures/s
--------|----------------------------------------------------------------------------|-------|-------------|-------|-------|-------|-------|--------|-----------
POST     /api/book                                                                       4291    26(0.61%) |   2977      95   21041    550 |   12.00        0.00
GET      /api/concerts                                                                    825     1(0.12%) |    212       2    5084     12 |    1.90        0.00
GET      /health                                                                          456     1(0.22%) |    232       2    7082      6 |    1.40        0.00
--------|----------------------------------------------------------------------------|-------|-------------|-------|-------|-------|-------|--------|-----------
         Aggregated                                                                      5572    28(0.50%) |   2343       2   21041    350 |   15.30        0.00

Type     Name                                                                          # reqs      # fails |    Avg     Min     Max    Med |   req/s  failures/s
--------|----------------------------------------------------------------------------|-------|-------------|-------|-------|-------|-------|--------|-----------
POST     /api/book                                                                       4303    26(0.60%) |   2970      95   21041    540 |   15.90        0.00
GET      /api/concerts                                                                    827     1(0.12%) |    211       2    5084     11 |    1.70        0.00
GET      /health                                                                          461     1(0.22%) |    230       2    7082      6 |    1.20        0.00
--------|----------------------------------------------------------------------------|-------|-------------|-------|-------|-------|-------|--------|-----------
         Aggregated                                                                      5591    28(0.50%) |   2336       2   21041    350 |   18.80        0.00

Type     Name                                                                          # reqs      # fails |    Avg     Min     Max    Med |   req/s  failures/s
--------|----------------------------------------------------------------------------|-------|-------------|-------|-------|-------|-------|--------|-----------
POST     /api/book                                                                       4321    26(0.60%) |   2959      95   21041    540 |   13.30        0.00
GET      /api/concerts                                                                    831     1(0.12%) |    212       2    5084     11 |    1.60        0.00
GET      /health                                                                          465     1(0.22%) |    236       2    7082      6 |    1.40        0.00
--------|----------------------------------------------------------------------------|-------|-------------|-------|-------|-------|-------|--------|-----------
         Aggregated                                                                      5617    28(0.50%) |   2327       2   21041    350 |   16.30        0.00

Type     Name                                                                          # reqs      # fails |    Avg     Min     Max    Med |   req/s  failures/s
--------|----------------------------------------------------------------------------|-------|-------------|-------|-------|-------|-------|--------|-----------
POST     /api/book                                                                       4357    26(0.60%) |   2955      95   21041    540 |   12.10        0.00
GET      /api/concerts                                                                    836     1(0.12%) |    211       2    5084     11 |    1.20        0.00
GET      /health                                                                          466     1(0.21%) |    235       2    7082      6 |    1.60        0.00
--------|----------------------------------------------------------------------------|-------|-------------|-------|-------|-------|-------|--------|-----------
         Aggregated                                                                      5659    28(0.49%) |   2325       2   21041    350 |   14.90        0.00

Type     Name                                                                          # reqs      # fails |    Avg     Min     Max    Med |   req/s  failures/s
--------|----------------------------------------------------------------------------|-------|-------------|-------|-------|-------|-------|--------|-----------
POST     /api/book                                                                       4377    26(0.59%) |   2945      95   21041    540 |   13.60        0.00
GET      /api/concerts                                                                    844     1(0.12%) |    209       2    5084     11 |    1.40        0.00
GET      /health                                                                          470     1(0.21%) |    234       2    7082      6 |    1.30        0.00
--------|----------------------------------------------------------------------------|-------|-------------|-------|-------|-------|-------|--------|-----------
         Aggregated                                                                      5691    28(0.49%) |   2315       2   21041    350 |   16.30        0.00

Type     Name                                                                          # reqs      # fails |    Avg     Min     Max    Med |   req/s  failures/s
--------|----------------------------------------------------------------------------|-------|-------------|-------|-------|-------|-------|--------|-----------
POST     /api/book                                                                       4394    26(0.59%) |   2935      95   21041    530 |   14.60        0.00
GET      /api/concerts                                                                    849     1(0.12%) |    208       2    5084     11 |    2.00        0.00
GET      /health                                                                          471     1(0.21%) |    233       2    7082      6 |    1.50        0.00
--------|----------------------------------------------------------------------------|-------|-------------|-------|-------|-------|-------|--------|-----------
         Aggregated                                                                      5714    28(0.49%) |   2307       2   21041    350 |   18.10        0.00

Type     Name                                                                          # reqs      # fails |    Avg     Min     Max    Med |   req/s  failures/s
--------|----------------------------------------------------------------------------|-------|-------------|-------|-------|-------|-------|--------|-----------
POST     /api/book                                                                       4440    26(0.59%) |   2951      95   21041    540 |   10.40        0.00
GET      /api/concerts                                                                    852     1(0.12%) |    209       2    5084     11 |    2.40        0.00
GET      /health                                                                          473     1(0.21%) |    238       2    7082      6 |    1.50        0.00
--------|----------------------------------------------------------------------------|-------|-------------|-------|-------|-------|-------|--------|-----------
         Aggregated                                                                      5765    28(0.49%) |   2323       2   21041    350 |   14.30        0.00

Type     Name                                                                          # reqs      # fails |    Avg     Min     Max    Med |   req/s  failures/s
--------|----------------------------------------------------------------------------|-------|-------------|-------|-------|-------|-------|--------|-----------
POST     /api/book                                                                       4458    26(0.58%) |   2943      95   21041    540 |   13.10        0.00
GET      /api/concerts                                                                    859     1(0.12%) |    207       2    5084     11 |    2.40        0.00
GET      /health                                                                          480     1(0.21%) |    234       2    7082      6 |    1.20        0.00
--------|----------------------------------------------------------------------------|-------|-------------|-------|-------|-------|-------|--------|-----------
         Aggregated                                                                      5797    28(0.48%) |   2313       2   21041    350 |   16.70        0.00

Type     Name                                                                          # reqs      # fails |    Avg     Min     Max    Med |   req/s  failures/s
--------|----------------------------------------------------------------------------|-------|-------------|-------|-------|-------|-------|--------|-----------
POST     /api/book                                                                       4472    26(0.58%) |   2935      95   21041    530 |   13.70        0.00
GET      /api/concerts                                                                    866     1(0.12%) |    208       2    5084     11 |    2.70        0.00
GET      /health                                                                          484     1(0.21%) |    234       2    7082      6 |    1.50        0.00
--------|----------------------------------------------------------------------------|-------|-------------|-------|-------|-------|-------|--------|-----------
         Aggregated                                                                      5822    28(0.48%) |   2305       2   21041    350 |   17.90        0.00

Type     Name                                                                          # reqs      # fails |    Avg     Min     Max    Med |   req/s  failures/s
--------|----------------------------------------------------------------------------|-------|-------------|-------|-------|-------|-------|--------|-----------
POST     /api/book                                                                       4488    26(0.58%) |   2926      95   21041    530 |   11.60        0.00
GET      /api/concerts                                                                    868     1(0.12%) |    207       2    5084     11 |    3.10        0.00
GET      /health                                                                          484     1(0.21%) |    234       2    7082      6 |    1.60        0.00
--------|----------------------------------------------------------------------------|-------|-------------|-------|-------|-------|-------|--------|-----------
         Aggregated                                                                      5840    28(0.48%) |   2299       2   21041    350 |   16.30        0.00

Type     Name                                                                          # reqs      # fails |    Avg     Min     Max    Med |   req/s  failures/s
--------|----------------------------------------------------------------------------|-------|-------------|-------|-------|-------|-------|--------|-----------
POST     /api/book                                                                       4537    26(0.57%) |   2927      95   21041    530 |   11.20        0.00
GET      /api/concerts                                                                    874     1(0.11%) |    209       2    5084     11 |    2.40        0.00
GET      /health                                                                          485     1(0.21%) |    239       2    7082      6 |    1.40        0.00
--------|----------------------------------------------------------------------------|-------|-------------|-------|-------|-------|-------|--------|-----------
         Aggregated                                                                      5896    28(0.47%) |   2303       2   21041    350 |   15.00        0.00

Type     Name                                                                          # reqs      # fails |    Avg     Min     Max    Med |   req/s  failures/s
--------|----------------------------------------------------------------------------|-------|-------------|-------|-------|-------|-------|--------|-----------
POST     /api/book                                                                       4563    26(0.57%) |   2918      95   21041    530 |   14.30        0.00
GET      /api/concerts                                                                    882     1(0.11%) |    208       2    5084     11 |    2.30        0.00
GET      /health                                                                          487     1(0.21%) |    239       2    7082      6 |    1.40        0.00
--------|----------------------------------------------------------------------------|-------|-------------|-------|-------|-------|-------|--------|-----------
         Aggregated                                                                      5932    28(0.47%) |   2295       2   21041    350 |   18.00        0.00

Type     Name                                                                          # reqs      # fails |    Avg     Min     Max    Med |   req/s  failures/s
--------|----------------------------------------------------------------------------|-------|-------------|-------|-------|-------|-------|--------|-----------
POST     /api/book                                                                       4579    26(0.57%) |   2909      95   21041    530 |   14.60        0.00
GET      /api/concerts                                                                    887     1(0.11%) |    208       2    5084     11 |    2.50        0.00
GET      /health                                                                          490     1(0.20%) |    238       2    7082      6 |    1.30        0.00
--------|----------------------------------------------------------------------------|-------|-------------|-------|-------|-------|-------|--------|-----------
         Aggregated                                                                      5956    28(0.47%) |   2287       2   21041    350 |   18.40        0.00

Type     Name                                                                          # reqs      # fails |    Avg     Min     Max    Med |   req/s  failures/s
--------|----------------------------------------------------------------------------|-------|-------------|-------|-------|-------|-------|--------|-----------
POST     /api/book                                                                       4587    26(0.57%) |   2904      95   21041    520 |   11.70        0.00
GET      /api/concerts                                                                    891     1(0.11%) |    207       2    5084     11 |    2.90        0.00
GET      /health                                                                          492     1(0.20%) |    237       2    7082      6 |    1.20        0.00
--------|----------------------------------------------------------------------------|-------|-------------|-------|-------|-------|-------|--------|-----------
         Aggregated                                                                      5970    28(0.47%) |   2282       2   21041    340 |   15.80        0.00

Type     Name                                                                          # reqs      # fails |    Avg     Min     Max    Med |   req/s  failures/s
--------|----------------------------------------------------------------------------|-------|-------------|-------|-------|-------|-------|--------|-----------
POST     /api/book                                                                       4606    26(0.56%) |   2896      95   21041    530 |   11.70        0.00
GET      /api/concerts                                                                    894     1(0.11%) |    206       2    5084     11 |    2.50        0.00
GET      /health                                                                          493     1(0.20%) |    236       2    7082      6 |    0.80        0.00
--------|----------------------------------------------------------------------------|-------|-------------|-------|-------|-------|-------|--------|-----------
         Aggregated                                                                      5993    28(0.47%) |   2276       2   21041    350 |   15.00        0.00

Type     Name                                                                          # reqs      # fails |    Avg     Min     Max    Med |   req/s  failures/s
--------|----------------------------------------------------------------------------|-------|-------------|-------|-------|-------|-------|--------|-----------
POST     /api/book                                                                       4654    26(0.56%) |   2920      95   21041    530 |   11.60        0.00
GET      /api/concerts                                                                    896     1(0.11%) |    211       2    5084     11 |    2.60        0.00
GET      /health                                                                          496     1(0.20%) |    235       2    7082      6 |    0.90        0.00
--------|----------------------------------------------------------------------------|-------|-------------|-------|-------|-------|-------|--------|-----------
         Aggregated                                                                      6046    28(0.46%) |   2298       2   21041    350 |   15.10        0.00

Type     Name                                                                          # reqs      # fails |    Avg     Min     Max    Med |   req/s  failures/s
--------|----------------------------------------------------------------------------|-------|-------------|-------|-------|-------|-------|--------|-----------
POST     /api/book                                                                       4676    26(0.56%) |   2913      95   21041    530 |   11.00        0.00
GET      /api/concerts                                                                    901     1(0.11%) |    210       2    5084     11 |    2.40        0.00
GET      /health                                                                          501     1(0.20%) |    233       2    7082      6 |    1.10        0.00
--------|----------------------------------------------------------------------------|-------|-------------|-------|-------|-------|-------|--------|-----------
         Aggregated                                                                      6078    28(0.46%) |   2291       2   21041    350 |   14.50        0.00

Type     Name                                                                          # reqs      # fails |    Avg     Min     Max    Med |   req/s  failures/s
--------|----------------------------------------------------------------------------|-------|-------------|-------|-------|-------|-------|--------|-----------
POST     /api/book                                                                       4693    26(0.55%) |   2903      95   21041    530 |   11.30        0.00
GET      /api/concerts                                                                    905     1(0.11%) |    211       2    5084     11 |    1.90        0.00
GET      /health                                                                          503     1(0.20%) |    232       2    7082      6 |    1.40        0.00
--------|----------------------------------------------------------------------------|-------|-------------|-------|-------|-------|-------|--------|-----------
         Aggregated                                                                      6101    28(0.46%) |   2284       2   21041    350 |   14.60        0.00

Type     Name                                                                          # reqs      # fails |    Avg     Min     Max    Med |   req/s  failures/s
--------|----------------------------------------------------------------------------|-------|-------------|-------|-------|-------|-------|--------|-----------
POST     /api/book                                                                       4711    26(0.55%) |   2893      95   21041    520 |   11.30        0.00
GET      /api/concerts                                                                    907     1(0.11%) |    211       2    5084     11 |    1.70        0.00
GET      /health                                                                          504     1(0.20%) |    231       2    7082      6 |    1.30        0.00
--------|----------------------------------------------------------------------------|-------|-------------|-------|-------|-------|-------|--------|-----------
         Aggregated                                                                      6122    28(0.46%) |   2276       2   21041    340 |   14.30        0.00

Type     Name                                                                          # reqs      # fails |    Avg     Min     Max    Med |   req/s  failures/s
--------|----------------------------------------------------------------------------|-------|-------------|-------|-------|-------|-------|--------|-----------
POST     /api/book                                                                       4731    26(0.55%) |   2888      95   21041    520 |   12.30        0.00
GET      /api/concerts                                                                    911     1(0.11%) |    210       2    5084     11 |    1.60        0.00
GET      /health                                                                          505     1(0.20%) |    231       2    7082      6 |    1.20        0.00
--------|----------------------------------------------------------------------------|-------|-------------|-------|-------|-------|-------|--------|-----------
         Aggregated                                                                      6147    28(0.46%) |   2273       2   21041    340 |   15.10        0.00

Type     Name                                                                          # reqs      # fails |    Avg     Min     Max    Med |   req/s  failures/s
--------|----------------------------------------------------------------------------|-------|-------------|-------|-------|-------|-------|--------|-----------
POST     /api/book                                                                       4789    26(0.54%) |   2897      95   21041    530 |   12.30        0.00
GET      /api/concerts                                                                    914     1(0.11%) |    209       2    5084     11 |    1.70        0.00
GET      /health                                                                          506     1(0.20%) |    231       2    7082      6 |    1.20        0.00
--------|----------------------------------------------------------------------------|-------|-------------|-------|-------|-------|-------|--------|-----------
         Aggregated                                                                      6209    28(0.45%) |   2284       2   21041    350 |   15.20        0.00

Type     Name                                                                          # reqs      # fails |    Avg     Min     Max    Med |   req/s  failures/s
--------|----------------------------------------------------------------------------|-------|-------------|-------|-------|-------|-------|--------|-----------
POST     /api/book                                                                       4806    26(0.54%) |   2888      95   21041    530 |   14.00        0.00
GET      /api/concerts                                                                    917     1(0.11%) |    209       2    5084     11 |    1.70        0.00
GET      /health                                                                          509     1(0.20%) |    231       2    7082      6 |    1.00        0.00
--------|----------------------------------------------------------------------------|-------|-------------|-------|-------|-------|-------|--------|-----------
         Aggregated                                                                      6232    28(0.45%) |   2277       2   21041    350 |   16.70        0.00

Type     Name                                                                          # reqs      # fails |    Avg     Min     Max    Med |   req/s  failures/s
--------|----------------------------------------------------------------------------|-------|-------------|-------|-------|-------|-------|--------|-----------
POST     /api/book                                                                       4820    26(0.54%) |   2880      95   21041    530 |   12.90        0.00
GET      /api/concerts                                                                    920     1(0.11%) |    208       2    5084     11 |    1.70        0.00
GET      /health                                                                          509     1(0.20%) |    231       2    7082      6 |    0.60        0.00
--------|----------------------------------------------------------------------------|-------|-------------|-------|-------|-------|-------|--------|-----------
         Aggregated                                                                      6249    28(0.45%) |   2271       2   21041    350 |   15.20        0.00

Type     Name                                                                          # reqs      # fails |    Avg     Min     Max    Med |   req/s  failures/s
--------|----------------------------------------------------------------------------|-------|-------------|-------|-------|-------|-------|--------|-----------
POST     /api/book                                                                       4834    26(0.54%) |   2873      95   21041    520 |   12.60        0.00
GET      /api/concerts                                                                    922     1(0.11%) |    208       2    5084     11 |    1.80        0.00
GET      /health                                                                          510     1(0.20%) |    231       2    7082      6 |    0.70        0.00
--------|----------------------------------------------------------------------------|-------|-------------|-------|-------|-------|-------|--------|-----------
         Aggregated                                                                      6266    28(0.45%) |   2265       2   21041    340 |   15.10        0.00

Type     Name                                                                          # reqs      # fails |    Avg     Min     Max    Med |   req/s  failures/s
--------|----------------------------------------------------------------------------|-------|-------------|-------|-------|-------|-------|--------|-----------
POST     /api/book                                                                       4892    26(0.53%) |   2889      95   21041    530 |   12.40        0.00
GET      /api/concerts                                                                    924     1(0.11%) |    207       2    5084     11 |    1.50        0.00
GET      /health                                                                          512     1(0.20%) |    230       2    7082      6 |    0.60        0.00
--------|----------------------------------------------------------------------------|-------|-------------|-------|-------|-------|-------|--------|-----------
         Aggregated                                                                      6328    28(0.44%) |   2282       2   21041    350 |   14.50        0.00

Type     Name                                                                          # reqs      # fails |    Avg     Min     Max    Med |   req/s  failures/s
--------|----------------------------------------------------------------------------|-------|-------------|-------|-------|-------|-------|--------|-----------
POST     /api/book                                                                       4910    26(0.53%) |   2880      95   21041    520 |   16.10        0.00
GET      /api/concerts                                                                    931     1(0.11%) |    206       2    5084     11 |    1.20        0.00
GET      /health                                                                          516     1(0.19%) |    228       2    7082      6 |    0.70        0.00
--------|----------------------------------------------------------------------------|-------|-------------|-------|-------|-------|-------|--------|-----------
         Aggregated                                                                      6357    28(0.44%) |   2273       2   21041    350 |   18.00        0.00

Type     Name                                                                          # reqs      # fails |    Avg     Min     Max    Med |   req/s  failures/s
--------|----------------------------------------------------------------------------|-------|-------------|-------|-------|-------|-------|--------|-----------
POST     /api/book                                                                       4933    26(0.53%) |   2871      95   21041    520 |   12.20        0.00
GET      /api/concerts                                                                    937     1(0.11%) |    206       2    5084     11 |    1.80        0.00
GET      /health                                                                          520     1(0.19%) |    228       2    7082      6 |    0.90        0.00
--------|----------------------------------------------------------------------------|-------|-------------|-------|-------|-------|-------|--------|-----------
         Aggregated                                                                      6390    28(0.44%) |   2265       2   21041    350 |   14.90        0.00

Type     Name                                                                          # reqs      # fails |    Avg     Min     Max    Med |   req/s  failures/s
--------|----------------------------------------------------------------------------|-------|-------------|-------|-------|-------|-------|--------|-----------
POST     /api/book                                                                       4954    26(0.52%) |   2861      95   21041    520 |   12.10        0.00
GET      /api/concerts                                                                    940     1(0.11%) |    206       2    5084     11 |    1.80        0.00
GET      /health                                                                          523     1(0.19%) |    227       2    7082      6 |    0.90        0.00
--------|----------------------------------------------------------------------------|-------|-------------|-------|-------|-------|-------|--------|-----------
         Aggregated                                                                      6417    28(0.44%) |   2257       2   21041    340 |   14.80        0.00

Type     Name                                                                          # reqs      # fails |    Avg     Min     Max    Med |   req/s  failures/s
--------|----------------------------------------------------------------------------|-------|-------------|-------|-------|-------|-------|--------|-----------
POST     /api/book                                                                       4965    26(0.52%) |   2855      95   21041    520 |   13.50        0.00
GET      /api/concerts                                                                    946     1(0.11%) |    208       2    5084     11 |    2.10        0.00
GET      /health                                                                          525     1(0.19%) |    226       2    7082      6 |    1.40        0.00
--------|----------------------------------------------------------------------------|-------|-------------|-------|-------|-------|-------|--------|-----------
         Aggregated                                                                      6436    28(0.44%) |   2251       2   21041    340 |   17.00        0.00

Type     Name                                                                          # reqs      # fails |    Avg     Min     Max    Med |   req/s  failures/s
--------|----------------------------------------------------------------------------|-------|-------------|-------|-------|-------|-------|--------|-----------
POST     /api/book                                                                       4986    26(0.52%) |   2852      95   21041    520 |   13.20        0.00
GET      /api/concerts                                                                    948     1(0.11%) |    209       2    5084     11 |    1.80        0.00
GET      /health                                                                          527     1(0.19%) |    226       2    7082      6 |    1.50        0.00
--------|----------------------------------------------------------------------------|-------|-------------|-------|-------|-------|-------|--------|-----------
         Aggregated                                                                      6461    28(0.43%) |   2250       2   21041    340 |   16.50        0.00

Type     Name                                                                          # reqs      # fails |    Avg     Min     Max    Med |   req/s  failures/s
--------|----------------------------------------------------------------------------|-------|-------------|-------|-------|-------|-------|--------|-----------
POST     /api/book                                                                       5038    26(0.52%) |   2863      95   21041    530 |    9.80        0.00
GET      /api/concerts                                                                    955     1(0.10%) |    208       2    5084     11 |    2.50        0.00
GET      /health                                                                          528     1(0.19%) |    225       2    7082      5 |    1.50        0.00
--------|----------------------------------------------------------------------------|-------|-------------|-------|-------|-------|-------|--------|-----------
         Aggregated                                                                      6521    28(0.43%) |   2261       2   21041    350 |   13.80        0.00

Type     Name                                                                          # reqs      # fails |    Avg     Min     Max    Med |   req/s  failures/s
--------|----------------------------------------------------------------------------|-------|-------------|-------|-------|-------|-------|--------|-----------
POST     /api/book                                                                       5055    26(0.51%) |   2856      95   21041    530 |   12.70        0.00
GET      /api/concerts                                                                    960     1(0.10%) |    207       2    5084     11 |    2.40        0.00
GET      /health                                                                          533     1(0.19%) |    224       2    7082      5 |    1.30        0.00
--------|----------------------------------------------------------------------------|-------|-------------|-------|-------|-------|-------|--------|-----------
         Aggregated                                                                      6548    28(0.43%) |   2253       2   21041    350 |   16.40        0.00

Type     Name                                                                          # reqs      # fails |    Avg     Min     Max    Med |   req/s  failures/s
--------|----------------------------------------------------------------------------|-------|-------------|-------|-------|-------|-------|--------|-----------
POST     /api/book                                                                       5067    26(0.51%) |   2850      95   21041    520 |   12.30        0.00
GET      /api/concerts                                                                    963     1(0.10%) |    207       2    5084     11 |    2.20        0.00
GET      /health                                                                          537     1(0.19%) |    225       2    7082      5 |    1.40        0.00
--------|----------------------------------------------------------------------------|-------|-------------|-------|-------|-------|-------|--------|-----------
         Aggregated                                                                      6567    28(0.43%) |   2247       2   21041    350 |   15.90        0.00

Type     Name                                                                          # reqs      # fails |    Avg     Min     Max    Med |   req/s  failures/s
--------|----------------------------------------------------------------------------|-------|-------------|-------|-------|-------|-------|--------|-----------
POST     /api/book                                                                       5088    26(0.51%) |   2841      95   21041    520 |   11.10        0.00
GET      /api/concerts                                                                    965     1(0.10%) |    208       2    5084     11 |    2.20        0.00
GET      /health                                                                          538     1(0.19%) |    228       2    7082      5 |    1.10        0.00
--------|----------------------------------------------------------------------------|-------|-------------|-------|-------|-------|-------|--------|-----------
         Aggregated                                                                      6591    28(0.42%) |   2242       2   21041    350 |   14.40        0.00

Type     Name                                                                          # reqs      # fails |    Avg     Min     Max    Med |   req/s  failures/s
--------|----------------------------------------------------------------------------|-------|-------------|-------|-------|-------|-------|--------|-----------
POST     /api/book                                                                       5136    26(0.51%) |   2852      95   21041    530 |   12.20        0.00
GET      /api/concerts                                                                    967     1(0.10%) |    208       2    5084     11 |    2.10        0.00
GET      /health                                                                          540     1(0.19%) |    228       2    7082      5 |    1.40        0.00
--------|----------------------------------------------------------------------------|-------|-------------|-------|-------|-------|-------|--------|-----------
         Aggregated                                                                      6643    28(0.42%) |   2254       2   21041    350 |   15.70        0.00

Type     Name                                                                          # reqs      # fails |    Avg     Min     Max    Med |   req/s  failures/s
--------|----------------------------------------------------------------------------|-------|-------------|-------|-------|-------|-------|--------|-----------
POST     /api/book                                                                       5160    26(0.50%) |   2841      95   21041    530 |   14.90        0.00
GET      /api/concerts                                                                    975     1(0.10%) |    206       2    5084     11 |    1.90        0.00
GET      /health                                                                          545     1(0.18%) |    226       2    7082      5 |    1.20        0.00
--------|----------------------------------------------------------------------------|-------|-------------|-------|-------|-------|-------|--------|-----------
         Aggregated                                                                      6680    28(0.42%) |   2243       2   21041    350 |   18.00        0.00

Type     Name                                                                          # reqs      # fails |    Avg     Min     Max    Med |   req/s  failures/s
--------|----------------------------------------------------------------------------|-------|-------------|-------|-------|-------|-------|--------|-----------
POST     /api/book                                                                       5179    26(0.50%) |   2833      95   21041    530 |   12.40        0.00
GET      /api/concerts                                                                    978     1(0.10%) |    206       2    5084     11 |    1.80        0.00
GET      /health                                                                          548     1(0.18%) |    225       2    7082      5 |    1.70        0.00
--------|----------------------------------------------------------------------------|-------|-------------|-------|-------|-------|-------|--------|-----------
         Aggregated                                                                      6705    28(0.42%) |   2237       2   21041    350 |   15.90        0.00

Type     Name                                                                          # reqs      # fails |    Avg     Min     Max    Med |   req/s  failures/s
--------|----------------------------------------------------------------------------|-------|-------------|-------|-------|-------|-------|--------|-----------
POST     /api/book                                                                       5193    26(0.50%) |   2827      95   21041    520 |   12.60        0.00
GET      /api/concerts                                                                    984     1(0.10%) |    205       2    5084     10 |    2.10        0.00
GET      /health                                                                          550     1(0.18%) |    225       2    7082      6 |    1.80        0.00
--------|----------------------------------------------------------------------------|-------|-------------|-------|-------|-------|-------|--------|-----------
         Aggregated                                                                      6727    28(0.42%) |   2230       2   21041    350 |   16.50        0.00

Type     Name                                                                          # reqs      # fails |    Avg     Min     Max    Med |   req/s  failures/s
--------|----------------------------------------------------------------------------|-------|-------------|-------|-------|-------|-------|--------|-----------
POST     /api/book                                                                       5214    26(0.50%) |   2821      95   21041    520 |   12.80        0.00
GET      /api/concerts                                                                    987     1(0.10%) |    211       2    5084     10 |    2.20        0.00
GET      /health                                                                          554     1(0.18%) |    228       2    7082      5 |    1.60        0.00
--------|----------------------------------------------------------------------------|-------|-------------|-------|-------|-------|-------|--------|-----------
         Aggregated                                                                      6755    28(0.41%) |   2227       2   21041    350 |   16.60        0.00

Type     Name                                                                          # reqs      # fails |    Avg     Min     Max    Med |   req/s  failures/s
--------|----------------------------------------------------------------------------|-------|-------------|-------|-------|-------|-------|--------|-----------
POST     /api/book                                                                       5265    26(0.49%) |   2828      95   21041    530 |   12.40        0.00
GET      /api/concerts                                                                    989     1(0.10%) |    210       2    5084     10 |    2.20        0.00
GET      /health                                                                          558     1(0.18%) |    226       2    7082      5 |    1.50        0.00
--------|----------------------------------------------------------------------------|-------|-------------|-------|-------|-------|-------|--------|-----------
         Aggregated                                                                      6812    28(0.41%) |   2235       2   21041    350 |   16.10        0.00

Type     Name                                                                          # reqs      # fails |    Avg     Min     Max    Med |   req/s  failures/s
--------|----------------------------------------------------------------------------|-------|-------------|-------|-------|-------|-------|--------|-----------
POST     /api/book                                                                       5286    26(0.49%) |   2818      95   21041    530 |   12.90        0.00
GET      /api/concerts                                                                    992     1(0.10%) |    210       2    5084     10 |    2.20        0.00
GET      /health                                                                          559     1(0.18%) |    226       2    7082      6 |    1.80        0.00
--------|----------------------------------------------------------------------------|-------|-------------|-------|-------|-------|-------|--------|-----------
         Aggregated                                                                      6837    28(0.41%) |   2228       2   21041    350 |   16.90        0.00

Type     Name                                                                          # reqs      # fails |    Avg     Min     Max    Med |   req/s  failures/s
--------|----------------------------------------------------------------------------|-------|-------------|-------|-------|-------|-------|--------|-----------
POST     /api/book                                                                       5316    26(0.49%) |   2815      95   21041    530 |   12.30        0.00
GET      /api/concerts                                                                    998     1(0.10%) |    217       2    5084     10 |    1.90        0.00
GET      /health                                                                          561     1(0.18%) |    230       2    7082      6 |    1.40        0.00
--------|----------------------------------------------------------------------------|-------|-------------|-------|-------|-------|-------|--------|-----------
         Aggregated                                                                      6875    28(0.41%) |   2227       2   21041    350 |   15.60        0.00

Type     Name                                                                          # reqs      # fails |    Avg     Min     Max    Med |   req/s  failures/s
--------|----------------------------------------------------------------------------|-------|-------------|-------|-------|-------|-------|--------|-----------
POST     /api/book                                                                       5335    26(0.49%) |   2806      95   21041    520 |   13.70        0.00
GET      /api/concerts                                                                   1006     1(0.10%) |    215       2    5084     11 |    1.90        0.00
GET      /health                                                                          563     1(0.18%) |    229       2    7082      6 |    1.30        0.00
--------|----------------------------------------------------------------------------|-------|-------------|-------|-------|-------|-------|--------|-----------
         Aggregated                                                                      6904    28(0.41%) |   2219       2   21041    350 |   16.90        0.00

Type     Name                                                                          # reqs      # fails |    Avg     Min     Max    Med |   req/s  failures/s
--------|----------------------------------------------------------------------------|-------|-------------|-------|-------|-------|-------|--------|-----------
POST     /api/book                                                                       5349    26(0.49%) |   2800      95   21041    520 |   14.10        0.00
GET      /api/concerts                                                                   1008     1(0.10%) |    215       2    5084     11 |    2.20        0.00
GET      /health                                                                          565     1(0.18%) |    229       2    7082      6 |    1.30        0.00
--------|----------------------------------------------------------------------------|-------|-------------|-------|-------|-------|-------|--------|-----------
         Aggregated                                                                      6922    28(0.40%) |   2214       2   21041    350 |   17.60        0.00

Type     Name                                                                          # reqs      # fails |    Avg     Min     Max    Med |   req/s  failures/s
--------|----------------------------------------------------------------------------|-------|-------------|-------|-------|-------|-------|--------|-----------
POST     /api/book                                                                       5391    26(0.48%) |   2807      95   21041    520 |   13.60        0.00
GET      /api/concerts                                                                   1010     1(0.10%) |    220       2    5084     11 |    2.10        0.00
GET      /health                                                                          568     1(0.18%) |    233       2    7082      6 |    1.20        0.00
--------|----------------------------------------------------------------------------|-------|-------------|-------|-------|-------|-------|--------|-----------
         Aggregated                                                                      6969    28(0.40%) |   2222       2   21041    350 |   16.90        0.00

Type     Name                                                                          # reqs      # fails |    Avg     Min     Max    Med |   req/s  failures/s
--------|----------------------------------------------------------------------------|-------|-------------|-------|-------|-------|-------|--------|-----------
POST     /api/book                                                                       5421    26(0.48%) |   2804      95   21041    520 |   12.50        0.00
GET      /api/concerts                                                                   1014     1(0.10%) |    219       2    5084     11 |    2.10        0.00
GET      /health                                                                          569     1(0.18%) |    234       2    7082      6 |    1.10        0.00
--------|----------------------------------------------------------------------------|-------|-------------|-------|-------|-------|-------|--------|-----------
         Aggregated                                                                      7004    28(0.40%) |   2221       2   21041    350 |   15.70        0.00

Type     Name                                                                          # reqs      # fails |    Avg     Min     Max    Med |   req/s  failures/s
--------|----------------------------------------------------------------------------|-------|-------------|-------|-------|-------|-------|--------|-----------
POST     /api/book                                                                       5439    26(0.48%) |   2795      95   21041    520 |   12.50        0.00
GET      /api/concerts                                                                   1019     1(0.10%) |    218       2    5084     11 |    2.20        0.00
GET      /health                                                                          573     1(0.17%) |    233       2    7082      6 |    0.90        0.00
--------|----------------------------------------------------------------------------|-------|-------------|-------|-------|-------|-------|--------|-----------
         Aggregated                                                                      7031    28(0.40%) |   2213       2   21041    350 |   15.60        0.00

Type     Name                                                                          # reqs      # fails |    Avg     Min     Max    Med |   req/s  failures/s
--------|----------------------------------------------------------------------------|-------|-------------|-------|-------|-------|-------|--------|-----------
POST     /api/book                                                                       5460    26(0.48%) |   2791      95   21041    520 |   12.00        0.00
GET      /api/concerts                                                                   1024     1(0.10%) |    219       2    5084     11 |    2.10        0.00
GET      /health                                                                          575     1(0.17%) |    232       2    7082      6 |    1.20        0.00
--------|----------------------------------------------------------------------------|-------|-------------|-------|-------|-------|-------|--------|-----------
         Aggregated                                                                      7059    28(0.40%) |   2209       2   21041    350 |   15.30        0.00

Type     Name                                                                          # reqs      # fails |    Avg     Min     Max    Med |   req/s  failures/s
--------|----------------------------------------------------------------------------|-------|-------------|-------|-------|-------|-------|--------|-----------
POST     /api/book                                                                       5477    26(0.47%) |   2784      95   21041    520 |   11.90        0.00
GET      /api/concerts                                                                   1031     1(0.10%) |    217       2    5084     10 |    1.80        0.00
GET      /health                                                                          576     1(0.17%) |    231       2    7082      6 |    1.10        0.00
--------|----------------------------------------------------------------------------|-------|-------------|-------|-------|-------|-------|--------|-----------
         Aggregated                                                                      7084    28(0.40%) |   2203       2   21041    350 |   14.80        0.00

Type     Name                                                                          # reqs      # fails |    Avg     Min     Max    Med |   req/s  failures/s
--------|----------------------------------------------------------------------------|-------|-------------|-------|-------|-------|-------|--------|-----------
POST     /api/book                                                                       5504    26(0.47%) |   2785      95   21041    510 |   12.90        0.00
GET      /api/concerts                                                                   1038     1(0.10%) |    219       2    5084     10 |    2.10        0.00
GET      /health                                                                          578     1(0.17%) |    231       2    7082      5 |    1.10        0.00
--------|----------------------------------------------------------------------------|-------|-------------|-------|-------|-------|-------|--------|-----------
         Aggregated                                                                      7120    28(0.39%) |   2203       2   21041    340 |   16.10        0.00

Type     Name                                                                          # reqs      # fails |    Avg     Min     Max    Med |   req/s  failures/s
--------|----------------------------------------------------------------------------|-------|-------------|-------|-------|-------|-------|--------|-----------
POST     /api/book                                                                       5543    26(0.47%) |   2791      95   21041    520 |   12.70        0.00
GET      /api/concerts                                                                   1042     1(0.10%) |    218       2    5084     10 |    2.50        0.00
GET      /health                                                                          582     1(0.17%) |    229       2    7082      5 |    1.20        0.00
--------|----------------------------------------------------------------------------|-------|-------------|-------|-------|-------|-------|--------|-----------
         Aggregated                                                                      7167    28(0.39%) |   2209       2   21041    350 |   16.40        0.00

Type     Name                                                                          # reqs      # fails |    Avg     Min     Max    Med |   req/s  failures/s
--------|----------------------------------------------------------------------------|-------|-------------|-------|-------|-------|-------|--------|-----------
POST     /api/book                                                                       5565    26(0.47%) |   2782      95   21041    520 |   13.60        0.00
GET      /api/concerts                                                                   1047     1(0.10%) |    218       2    5084     10 |    2.80        0.00
GET      /health                                                                          585     1(0.17%) |    228       2    7082      5 |    1.40        0.00
--------|----------------------------------------------------------------------------|-------|-------------|-------|-------|-------|-------|--------|-----------
         Aggregated                                                                      7197    28(0.39%) |   2202       2   21041    340 |   17.80        0.00

Type     Name                                                                          # reqs      # fails |    Avg     Min     Max    Med |   req/s  failures/s
--------|----------------------------------------------------------------------------|-------|-------------|-------|-------|-------|-------|--------|-----------
POST     /api/book                                                                       5581    26(0.47%) |   2775      95   21041    510 |   12.70        0.00
GET      /api/concerts                                                                   1051     1(0.10%) |    217       2    5084     10 |    2.80        0.00
GET      /health                                                                          587     1(0.17%) |    228       2    7082      5 |    1.20        0.00
--------|----------------------------------------------------------------------------|-------|-------------|-------|-------|-------|-------|--------|-----------
         Aggregated                                                                      7219    28(0.39%) |   2195       2   21041    340 |   16.70        0.00

Type     Name                                                                          # reqs      # fails |    Avg     Min     Max    Med |   req/s  failures/s
--------|----------------------------------------------------------------------------|-------|-------------|-------|-------|-------|-------|--------|-----------
POST     /api/book                                                                       5611    26(0.46%) |   2775      95   21041    510 |   12.30        0.00
GET      /api/concerts                                                                   1053     1(0.09%) |    219       2    5084     10 |    2.70        0.00
GET      /health                                                                          587     1(0.17%) |    228       2    7082      5 |    1.30        0.00
--------|----------------------------------------------------------------------------|-------|-------------|-------|-------|-------|-------|--------|-----------
         Aggregated                                                                      7251    28(0.39%) |   2198       2   21041    340 |   16.30        0.00

Type     Name                                                                          # reqs      # fails |    Avg     Min     Max    Med |   req/s  failures/s
--------|----------------------------------------------------------------------------|-------|-------------|-------|-------|-------|-------|--------|-----------
POST     /api/book                                                                       5649    26(0.46%) |   2777      95   21041    520 |   13.10        0.00
GET      /api/concerts                                                                   1059     1(0.09%) |    219       2    5084     10 |    2.40        0.00
GET      /health                                                                          590     1(0.17%) |    227       2    7082      5 |    1.10        0.00
--------|----------------------------------------------------------------------------|-------|-------------|-------|-------|-------|-------|--------|-----------
         Aggregated                                                                      7298    28(0.38%) |   2200       2   21041    340 |   16.60        0.00

Type     Name                                                                          # reqs      # fails |    Avg     Min     Max    Med |   req/s  failures/s
--------|----------------------------------------------------------------------------|-------|-------------|-------|-------|-------|-------|--------|-----------
POST     /api/book                                                                       5664    26(0.46%) |   2771      95   21041    510 |   14.60        0.00
GET      /api/concerts                                                                   1065     1(0.09%) |    218       2    5084     10 |    2.10        0.00
GET      /health                                                                          591     1(0.17%) |    226       2    7082      5 |    1.00        0.00
--------|----------------------------------------------------------------------------|-------|-------------|-------|-------|-------|-------|--------|-----------
         Aggregated                                                                      7320    28(0.38%) |   2194       2   21041    340 |   17.70        0.00

Type     Name                                                                          # reqs      # fails |    Avg     Min     Max    Med |   req/s  failures/s
--------|----------------------------------------------------------------------------|-------|-------------|-------|-------|-------|-------|--------|-----------
POST     /api/book                                                                       5683    26(0.46%) |   2763      95   21041    510 |   11.90        0.00
GET      /api/concerts                                                                   1069     1(0.09%) |    217       2    5084     10 |    2.30        0.00
GET      /health                                                                          593     1(0.17%) |    226       2    7082      5 |    0.90        0.00
--------|----------------------------------------------------------------------------|-------|-------------|-------|-------|-------|-------|--------|-----------
         Aggregated                                                                      7345    28(0.38%) |   2188       2   21041    340 |   15.10        0.00

Type     Name                                                                          # reqs      # fails |    Avg     Min     Max    Med |   req/s  failures/s
--------|----------------------------------------------------------------------------|-------|-------------|-------|-------|-------|-------|--------|-----------
POST     /api/book                                                                       5724    26(0.45%) |   2772      95   21041    520 |   11.80        0.00
GET      /api/concerts                                                                   1073     1(0.09%) |    218       2    5084     10 |    2.30        0.00
GET      /health                                                                          596     1(0.17%) |    225       2    7082      5 |    0.80        0.00
--------|----------------------------------------------------------------------------|-------|-------------|-------|-------|-------|-------|--------|-----------
         Aggregated                                                                      7393    28(0.38%) |   2196       2   21041    340 |   14.90        0.00

Type     Name                                                                          # reqs      # fails |    Avg     Min     Max    Med |   req/s  failures/s
--------|----------------------------------------------------------------------------|-------|-------------|-------|-------|-------|-------|--------|-----------
POST     /api/book                                                                       5748    26(0.45%) |   2766      95   21041    520 |   12.60        0.00
GET      /api/concerts                                                                   1082     1(0.09%) |    217       2    5084     10 |    2.20        0.00
GET      /health                                                                          597     1(0.17%) |    224       2    7082      5 |    0.90        0.00
--------|----------------------------------------------------------------------------|-------|-------------|-------|-------|-------|-------|--------|-----------
         Aggregated                                                                      7427    28(0.38%) |   2190       2   21041    340 |   15.70        0.00

Type     Name                                                                          # reqs      # fails |    Avg     Min     Max    Med |   req/s  failures/s
--------|----------------------------------------------------------------------------|-------|-------------|-------|-------|-------|-------|--------|-----------
POST     /api/book                                                                       5769    26(0.45%) |   2757      95   21041    510 |   13.90        0.00
GET      /api/concerts                                                                   1090     1(0.09%) |    216       2    5084     10 |    2.70        0.00
GET      /health                                                                          600     1(0.17%) |    225       2    7082      5 |    1.00        0.00
--------|----------------------------------------------------------------------------|-------|-------------|-------|-------|-------|-------|--------|-----------
         Aggregated                                                                      7459    28(0.38%) |   2182       2   21041    340 |   17.60        0.00

Type     Name                                                                          # reqs      # fails |    Avg     Min     Max    Med |   req/s  failures/s
--------|----------------------------------------------------------------------------|-------|-------------|-------|-------|-------|-------|--------|-----------
POST     /api/book                                                                       5785    26(0.45%) |   2751      95   21041    510 |   11.90        0.00
GET      /api/concerts                                                                   1095     1(0.09%) |    216       2    5084     10 |    3.10        0.00
GET      /health                                                                          602     1(0.17%) |    225       2    7082      5 |    1.20        0.00
--------|----------------------------------------------------------------------------|-------|-------------|-------|-------|-------|-------|--------|-----------
         Aggregated                                                                      7482    28(0.37%) |   2176       2   21041    340 |   16.20        0.00

Type     Name                                                                          # reqs      # fails |    Avg     Min     Max    Med |   req/s  failures/s
--------|----------------------------------------------------------------------------|-------|-------------|-------|-------|-------|-------|--------|-----------
POST     /api/book                                                                       5816    26(0.45%) |   2753      95   21041    510 |   12.20        0.00
GET      /api/concerts                                                                   1100     1(0.09%) |    215       2    5084      9 |    2.90        0.00
GET      /health                                                                          604     1(0.17%) |    227       2    7082      5 |    1.10        0.00
--------|----------------------------------------------------------------------------|-------|-------------|-------|-------|-------|-------|--------|-----------
         Aggregated                                                                      7520    28(0.37%) |   2179       2   21041    340 |   16.20        0.00

Type     Name                                                                          # reqs      # fails |    Avg     Min     Max    Med |   req/s  failures/s
--------|----------------------------------------------------------------------------|-------|-------------|-------|-------|-------|-------|--------|-----------
POST     /api/book                                                                       5852    26(0.44%) |   2752      95   21041    510 |   11.70        0.00
GET      /api/concerts                                                                   1110     1(0.09%) |    213       2    5084      9 |    3.00        0.00
GET      /health                                                                          604     1(0.17%) |    227       2    7082      5 |    1.00        0.00
--------|----------------------------------------------------------------------------|-------|-------------|-------|-------|-------|-------|--------|-----------
         Aggregated                                                                      7566    28(0.37%) |   2178       2   21041    340 |   15.70        0.00

Type     Name                                                                          # reqs      # fails |    Avg     Min     Max    Med |   req/s  failures/s
--------|----------------------------------------------------------------------------|-------|-------------|-------|-------|-------|-------|--------|-----------
POST     /api/book                                                                       5876    26(0.44%) |   2745      95   21041    510 |   14.50        0.00
GET      /api/concerts                                                                   1116     1(0.09%) |    214       2    5084      9 |    3.70        0.00
GET      /health                                                                          607     1(0.16%) |    230       2    7082      6 |    0.80        0.00
--------|----------------------------------------------------------------------------|-------|-------------|-------|-------|-------|-------|--------|-----------
         Aggregated                                                                      7599    28(0.37%) |   2172       2   21041    340 |   19.00        0.00

Type     Name                                                                          # reqs      # fails |    Avg     Min     Max    Med |   req/s  failures/s
--------|----------------------------------------------------------------------------|-------|-------------|-------|-------|-------|-------|--------|-----------
POST     /api/book                                                                       5897    26(0.44%) |   2738      95   21041    500 |   11.80        0.00
GET      /api/concerts                                                                   1120     1(0.09%) |    214       2    5084     10 |    3.50        0.00
GET      /health                                                                          610     1(0.16%) |    229       2    7082      6 |    1.00        0.00
--------|----------------------------------------------------------------------------|-------|-------------|-------|-------|-------|-------|--------|-----------
         Aggregated                                                                      7627    28(0.37%) |   2167       2   21041    340 |   16.30        0.00

Type     Name                                                                          # reqs      # fails |    Avg     Min     Max    Med |   req/s  failures/s
--------|----------------------------------------------------------------------------|-------|-------------|-------|-------|-------|-------|--------|-----------
POST     /api/book                                                                       5916    26(0.44%) |   2731      95   21041    500 |   12.90        0.00
GET      /api/concerts                                                                   1123     1(0.09%) |    213       2    5084     10 |    3.10        0.00
GET      /health                                                                          611     1(0.16%) |    229       2    7082      6 |    0.90        0.00
--------|----------------------------------------------------------------------------|-------|-------------|-------|-------|-------|-------|--------|-----------
         Aggregated                                                                      7650    28(0.37%) |   2162       2   21041    340 |   16.90        0.00

Type     Name                                                                          # reqs      # fails |    Avg     Min     Max    Med |   req/s  failures/s
--------|----------------------------------------------------------------------------|-------|-------------|-------|-------|-------|-------|--------|-----------
POST     /api/book                                                                       5958    26(0.44%) |   2737      95   21041    500 |   13.00        0.00
GET      /api/concerts                                                                   1127     1(0.09%) |    216       2    5084     10 |    2.90        0.00
GET      /health                                                                          615     1(0.16%) |    231       2    7082      6 |    0.90        0.00
--------|----------------------------------------------------------------------------|-------|-------------|-------|-------|-------|-------|--------|-----------
         Aggregated                                                                      7700    28(0.36%) |   2168       2   21041    340 |   16.80        0.00

Type     Name                                                                          # reqs      # fails |    Avg     Min     Max    Med |   req/s  failures/s
--------|----------------------------------------------------------------------------|-------|-------------|-------|-------|-------|-------|--------|-----------
POST     /api/book                                                                       5984    26(0.43%) |   2731      95   21041    500 |   15.90        0.00
GET      /api/concerts                                                                   1134     1(0.09%) |    215       2    5084     10 |    2.80        0.00
GET      /health                                                                          620     1(0.16%) |    230       2    7082      6 |    1.20        0.00
--------|----------------------------------------------------------------------------|-------|-------------|-------|-------|-------|-------|--------|-----------
         Aggregated                                                                      7738    28(0.36%) |   2162       2   21041    340 |   19.90        0.00

Type     Name                                                                          # reqs      # fails |    Avg     Min     Max    Med |   req/s  failures/s
--------|----------------------------------------------------------------------------|-------|-------------|-------|-------|-------|-------|--------|-----------
POST     /api/book                                                                       5999    26(0.43%) |   2725      95   21041    500 |   13.50        0.00
GET      /api/concerts                                                                   1139     1(0.09%) |    214       2    5084      9 |    2.30        0.00
GET      /health                                                                          621     1(0.16%) |    230       2    7082      6 |    1.60        0.00
--------|----------------------------------------------------------------------------|-------|-------------|-------|-------|-------|-------|--------|-----------
         Aggregated                                                                      7759    28(0.36%) |   2157       2   21041    340 |   17.40        0.00

Type     Name                                                                          # reqs      # fails |    Avg     Min     Max    Med |   req/s  failures/s
--------|----------------------------------------------------------------------------|-------|-------------|-------|-------|-------|-------|--------|-----------
POST     /api/book                                                                       6014    26(0.43%) |   2720      95   21041    500 |   13.30        0.00
GET      /api/concerts                                                                   1145     1(0.09%) |    213       2    5084      9 |    2.40        0.00
GET      /health                                                                          624     1(0.16%) |    229       2    7082      6 |    1.40        0.00
--------|----------------------------------------------------------------------------|-------|-------------|-------|-------|-------|-------|--------|-----------
         Aggregated                                                                      7783    28(0.36%) |   2151       2   21041    340 |   17.10        0.00

Type     Name                                                                          # reqs      # fails |    Avg     Min     Max    Med |   req/s  failures/s
--------|----------------------------------------------------------------------------|-------|-------------|-------|-------|-------|-------|--------|-----------
POST     /api/book                                                                       6031    26(0.43%) |   2713      95   21041    500 |   11.90        0.00
GET      /api/concerts                                                                   1151     1(0.09%) |    212       2    5084      9 |    2.40        0.00
GET      /health                                                                          626     1(0.16%) |    228       2    7082      6 |    1.50        0.00
--------|----------------------------------------------------------------------------|-------|-------------|-------|-------|-------|-------|--------|-----------
         Aggregated                                                                      7808    28(0.36%) |   2145       2   21041    340 |   15.80        0.00

Type     Name                                                                          # reqs      # fails |    Avg     Min     Max    Med |   req/s  failures/s
--------|----------------------------------------------------------------------------|-------|-------------|-------|-------|-------|-------|--------|-----------
POST     /api/book                                                                       6084    26(0.43%) |   2728      95   21041    500 |   11.50        0.00
GET      /api/concerts                                                                   1155     1(0.09%) |    212       2    5084      8 |    2.70        0.00
GET      /health                                                                          627     1(0.16%) |    228       2    7082      6 |    1.50        0.00
--------|----------------------------------------------------------------------------|-------|-------------|-------|-------|-------|-------|--------|-----------
         Aggregated                                                                      7866    28(0.36%) |   2159       2   21041    340 |   15.70        0.00

Type     Name                                                                          # reqs      # fails |    Avg     Min     Max    Med |   req/s  failures/s
--------|----------------------------------------------------------------------------|-------|-------------|-------|-------|-------|-------|--------|-----------
POST     /api/book                                                                       6102    26(0.43%) |   2721      95   21041    500 |   12.80        0.00
GET      /api/concerts                                                                   1167     1(0.09%) |    210       2    5084      8 |    2.80        0.00
GET      /health                                                                          632     1(0.16%) |    226       2    7082      6 |    1.10        0.00
--------|----------------------------------------------------------------------------|-------|-------------|-------|-------|-------|-------|--------|-----------
         Aggregated                                                                      7901    28(0.35%) |   2150       2   21041    340 |   16.70        0.00

Type     Name                                                                          # reqs      # fails |    Avg     Min     Max    Med |   req/s  failures/s
--------|----------------------------------------------------------------------------|-------|-------------|-------|-------|-------|-------|--------|-----------
POST     /api/book                                                                       6111    26(0.43%) |   2718      95   21041    500 |   11.90        0.00
GET      /api/concerts                                                                   1170     1(0.09%) |    209       2    5084      8 |    3.20        0.00
GET      /health                                                                          636     1(0.16%) |    225       2    7082      6 |    1.10        0.00
--------|----------------------------------------------------------------------------|-------|-------------|-------|-------|-------|-------|--------|-----------
         Aggregated                                                                      7917    28(0.35%) |   2147       2   21041    340 |   16.20        0.00

Type     Name                                                                          # reqs      # fails |    Avg     Min     Max    Med |   req/s  failures/s
--------|----------------------------------------------------------------------------|-------|-------------|-------|-------|-------|-------|--------|-----------
POST     /api/book                                                                       6127    26(0.42%) |   2712      95   21041    500 |   11.40        0.00
GET      /api/concerts                                                                   1175     1(0.09%) |    210       2    5084      9 |    3.00        0.00
GET      /health                                                                          642     1(0.16%) |    229       2    7082      6 |    1.50        0.00
--------|----------------------------------------------------------------------------|-------|-------------|-------|-------|-------|-------|--------|-----------
         Aggregated                                                                      7944    28(0.35%) |   2142       2   21041    340 |   15.90        0.00

Type     Name                                                                          # reqs      # fails |    Avg     Min     Max    Med |   req/s  failures/s
--------|----------------------------------------------------------------------------|-------|-------------|-------|-------|-------|-------|--------|-----------
POST     /api/book                                                                       6148    26(0.42%) |   2708      95   21041    500 |   11.30        0.00
GET      /api/concerts                                                                   1179     1(0.08%) |    210       2    5084      8 |    3.00        0.00
GET      /health                                                                          647     1(0.15%) |    228       2    7082      6 |    1.70        0.00
--------|----------------------------------------------------------------------------|-------|-------------|-------|-------|-------|-------|--------|-----------
         Aggregated                                                                      7974    28(0.35%) |   2137       2   21041    340 |   16.00        0.00

Type     Name                                                                          # reqs      # fails |    Avg     Min     Max    Med |   req/s  failures/s
--------|----------------------------------------------------------------------------|-------|-------------|-------|-------|-------|-------|--------|-----------
POST     /api/book                                                                       6165    26(0.42%) |   2710      95   21041    500 |   11.60        0.00
GET      /api/concerts                                                                   1182     1(0.08%) |    209       2    5084      8 |    2.80        0.00
GET      /health                                                                          653     1(0.15%) |    228       2    7082      6 |    2.10        0.00
--------|----------------------------------------------------------------------------|-------|-------------|-------|-------|-------|-------|--------|-----------
         Aggregated                                                                      8000    28(0.35%) |   2138       2   21041    340 |   16.50        0.00

Type     Name                                                                          # reqs      # fails |    Avg     Min     Max    Med |   req/s  failures/s
--------|----------------------------------------------------------------------------|-------|-------------|-------|-------|-------|-------|--------|-----------
POST     /api/book                                                                       6213    26(0.42%) |   2720      95   21041    500 |    7.70        0.00
GET      /api/concerts                                                                   1191     1(0.08%) |    208       2    5084      8 |    2.60        0.00
GET      /health                                                                          654     1(0.15%) |    228       2    7082      6 |    2.70        0.00
--------|----------------------------------------------------------------------------|-------|-------------|-------|-------|-------|-------|--------|-----------
         Aggregated                                                                      8058    28(0.35%) |   2147       2   21041    340 |   13.00        0.00

Type     Name                                                                          # reqs      # fails |    Avg     Min     Max    Med |   req/s  failures/s
--------|----------------------------------------------------------------------------|-------|-------------|-------|-------|-------|-------|--------|-----------
POST     /api/book                                                                       6231    26(0.42%) |   2713      95   21041    500 |   10.90        0.00
GET      /api/concerts                                                                   1193     1(0.08%) |    208       2    5084      8 |    2.30        0.00
GET      /health                                                                          655     1(0.15%) |    227       2    7082      6 |    2.30        0.00
--------|----------------------------------------------------------------------------|-------|-------------|-------|-------|-------|-------|--------|-----------
         Aggregated                                                                      8079    28(0.35%) |   2142       2   21041    340 |   15.50        0.00

Type     Name                                                                          # reqs      # fails |    Avg     Min     Max    Med |   req/s  failures/s
--------|----------------------------------------------------------------------------|-------|-------------|-------|-------|-------|-------|--------|-----------
POST     /api/book                                                                       6245    26(0.42%) |   2708      95   21041    500 |   11.70        0.00
GET      /api/concerts                                                                   1195     1(0.08%) |    209       2    5084      8 |    2.30        0.00
GET      /health                                                                          656     1(0.15%) |    227       2    7082      6 |    1.90        0.00
--------|----------------------------------------------------------------------------|-------|-------------|-------|-------|-------|-------|--------|-----------
         Aggregated                                                                      8096    28(0.35%) |   2138       2   21041    340 |   15.90        0.00

Type     Name                                                                          # reqs      # fails |    Avg     Min     Max    Med |   req/s  failures/s
--------|----------------------------------------------------------------------------|-------|-------------|-------|-------|-------|-------|--------|-----------
POST     /api/book                                                                       6291    26(0.41%) |   2710      95   21041    500 |   11.40        0.00
GET      /api/concerts                                                                   1198     1(0.08%) |    214       2    5084      8 |    2.10        0.00
GET      /health                                                                          658     1(0.15%) |    226       2    7082      6 |    1.50        0.00
--------|----------------------------------------------------------------------------|-------|-------------|-------|-------|-------|-------|--------|-----------
         Aggregated                                                                      8147    28(0.34%) |   2142       2   21041    340 |   15.00        0.00

Type     Name                                                                          # reqs      # fails |    Avg     Min     Max    Med |   req/s  failures/s
--------|----------------------------------------------------------------------------|-------|-------------|-------|-------|-------|-------|--------|-----------
POST     /api/book                                                                       6305    26(0.41%) |   2704      95   21041    500 |   14.20        0.00
GET      /api/concerts                                                                   1203     1(0.08%) |    213       2    5084      8 |    2.00        0.00
GET      /health                                                                          661     1(0.15%) |    225       2    7082      6 |    0.90        0.00
--------|----------------------------------------------------------------------------|-------|-------------|-------|-------|-------|-------|--------|-----------
         Aggregated                                                                      8169    28(0.34%) |   2137       2   21041    340 |   17.10        0.00

Type     Name                                                                          # reqs      # fails |    Avg     Min     Max    Med |   req/s  failures/s
--------|----------------------------------------------------------------------------|-------|-------------|-------|-------|-------|-------|--------|-----------
POST     /api/book                                                                       6319    26(0.41%) |   2699      95   21041    500 |   14.20        0.00
GET      /api/concerts                                                                   1206     1(0.08%) |    212       2    5084      8 |    2.20        0.00
GET      /health                                                                          661     1(0.15%) |    225       2    7082      6 |    0.80        0.00
--------|----------------------------------------------------------------------------|-------|-------------|-------|-------|-------|-------|--------|-----------
         Aggregated                                                                      8186    28(0.34%) |   2133       2   21041    340 |   17.20        0.00

Type     Name                                                                          # reqs      # fails |    Avg     Min     Max    Med |   req/s  failures/s
--------|----------------------------------------------------------------------------|-------|-------------|-------|-------|-------|-------|--------|-----------
POST     /api/book                                                                       6366    26(0.41%) |   2708      95   21041    500 |   10.60        0.00
GET      /api/concerts                                                                   1210     1(0.08%) |    217       2    5084      8 |    1.70        0.00
GET      /health                                                                          663     1(0.15%) |    225       2    7082      5 |    0.70        0.00
--------|----------------------------------------------------------------------------|-------|-------------|-------|-------|-------|-------|--------|-----------
         Aggregated                                                                      8239    28(0.34%) |   2143       2   21041    340 |   13.00        0.00

Type     Name                                                                          # reqs      # fails |    Avg     Min     Max    Med |   req/s  failures/s
--------|----------------------------------------------------------------------------|-------|-------------|-------|-------|-------|-------|--------|-----------
POST     /api/book                                                                       6391    26(0.41%) |   2703      95   21041    500 |   13.50        0.00
GET      /api/concerts                                                                   1214     1(0.08%) |    217       2    5084      8 |    1.80        0.00
GET      /health                                                                          667     1(0.15%) |    223       2    7082      5 |    0.70        0.00
--------|----------------------------------------------------------------------------|-------|-------------|-------|-------|-------|-------|--------|-----------
         Aggregated                                                                      8272    28(0.34%) |   2138       2   21041    340 |   16.00        0.00

Type     Name                                                                          # reqs      # fails |    Avg     Min     Max    Med |   req/s  failures/s
--------|----------------------------------------------------------------------------|-------|-------------|-------|-------|-------|-------|--------|-----------
POST     /api/book                                                                       6405    26(0.41%) |   2698      95   21041    500 |   14.70        0.00
GET      /api/concerts                                                                   1219     1(0.08%) |    217       2    5084      8 |    1.80        0.00
GET      /health                                                                          669     1(0.15%) |    223       2    7082      5 |    0.80        0.00
--------|----------------------------------------------------------------------------|-------|-------------|-------|-------|-------|-------|--------|-----------
         Aggregated                                                                      8293    28(0.34%) |   2133       2   21041    340 |   17.30        0.00

Type     Name                                                                          # reqs      # fails |    Avg     Min     Max    Med |   req/s  failures/s
--------|----------------------------------------------------------------------------|-------|-------------|-------|-------|-------|-------|--------|-----------
POST     /api/book                                                                       6444    26(0.40%) |   2695      95   21041    500 |   11.40        0.00
GET      /api/concerts                                                                   1223     1(0.08%) |    219       2    5084      8 |    2.10        0.00
GET      /health                                                                          672     1(0.15%) |    231       2    7082      5 |    1.30        0.00
--------|----------------------------------------------------------------------------|-------|-------------|-------|-------|-------|-------|--------|-----------
         Aggregated                                                                      8339    28(0.34%) |   2133       2   21041    340 |   14.80        0.00

Type     Name                                                                          # reqs      # fails |    Avg     Min     Max    Med |   req/s  failures/s
--------|----------------------------------------------------------------------------|-------|-------------|-------|-------|-------|-------|--------|-----------
POST     /api/book                                                                       6460    26(0.40%) |   2689      95   21041    500 |   14.00        0.00
GET      /api/concerts                                                                   1229     1(0.08%) |    218       2    5084      8 |    2.00        0.00
GET      /health                                                                          675     1(0.15%) |    230       2    7082      5 |    1.10        0.00
--------|----------------------------------------------------------------------------|-------|-------------|-------|-------|-------|-------|--------|-----------
         Aggregated                                                                      8364    28(0.33%) |   2127       2   21041    340 |   17.10        0.00

Type     Name                                                                          # reqs      # fails |    Avg     Min     Max    Med |   req/s  failures/s
--------|----------------------------------------------------------------------------|-------|-------------|-------|-------|-------|-------|--------|-----------
POST     /api/book                                                                       6488    26(0.40%) |   2688      95   21041    500 |   14.40        0.00
GET      /api/concerts                                                                   1238     1(0.08%) |    220       2    5084      8 |    2.20        0.00
GET      /health                                                                          682     1(0.15%) |    229       2    7082      5 |    1.40        0.00
--------|----------------------------------------------------------------------------|-------|-------------|-------|-------|-------|-------|--------|-----------
         Aggregated                                                                      8408    28(0.33%) |   2125       2   21041    340 |   18.00        0.00

Type     Name                                                                          # reqs      # fails |    Avg     Min     Max    Med |   req/s  failures/s
--------|----------------------------------------------------------------------------|-------|-------------|-------|-------|-------|-------|--------|-----------
POST     /api/book                                                                       6503    26(0.40%) |   2682      95   21041    490 |   12.30        0.00
GET      /api/concerts                                                                   1240     1(0.08%) |    219       2    5084      8 |    2.70        0.00
GET      /health                                                                          682     1(0.15%) |    229       2    7082      5 |    1.90        0.00
--------|----------------------------------------------------------------------------|-------|-------------|-------|-------|-------|-------|--------|-----------
         Aggregated                                                                      8425    28(0.33%) |   2121       2   21041    340 |   16.90        0.00

Type     Name                                                                          # reqs      # fails |    Avg     Min     Max    Med |   req/s  failures/s
--------|----------------------------------------------------------------------------|-------|-------------|-------|-------|-------|-------|--------|-----------
POST     /api/book                                                                       6519    26(0.40%) |   2677      95   21041    490 |   11.30        0.00
GET      /api/concerts                                                                   1246     1(0.08%) |    221       2    5084      8 |    2.70        0.00
GET      /health                                                                          683     1(0.15%) |    228       2    7082      5 |    1.80        0.00
--------|----------------------------------------------------------------------------|-------|-------------|-------|-------|-------|-------|--------|-----------
         Aggregated                                                                      8448    28(0.33%) |   2117       2   21041    340 |   15.80        0.00

Type     Name                                                                          # reqs      # fails |    Avg     Min     Max    Med |   req/s  failures/s
--------|----------------------------------------------------------------------------|-------|-------------|-------|-------|-------|-------|--------|-----------
POST     /api/book                                                                       6573    26(0.40%) |   2687      95   21041    500 |   11.60        0.00
GET      /api/concerts                                                                   1248     1(0.08%) |    221       2    5084      8 |    2.70        0.00
GET      /health                                                                          684     1(0.15%) |    229       2    7082      5 |    1.40        0.00
--------|----------------------------------------------------------------------------|-------|-------------|-------|-------|-------|-------|--------|-----------
         Aggregated                                                                      8505    28(0.33%) |   2128       2   21041    340 |   15.70        0.00

[2026-05-31 14:12:39,876] ip-172-31-20-158/INFO/locust.runners: Shape test stopping
[2026-05-31 14:12:39,904] ip-172-31-20-158/INFO/locust.main: Shape test completed, shutting down
[2026-05-31 14:12:39,904] ip-172-31-20-158/INFO/locust.main: Run time limit set to 600 seconds
[2026-05-31 14:12:39,975] ip-172-31-20-158/INFO/locust.main: writing html report to file: report_stress_run2.html
[2026-05-31 14:12:39,977] ip-172-31-20-158/INFO/locust.main: Shutting down (exit code 1)
Type     Name                                                                          # reqs      # fails |    Avg     Min     Max    Med |   req/s  failures/s
--------|----------------------------------------------------------------------------|-------|-------------|-------|-------|-------|-------|--------|-----------
POST     /api/book                                                                       6588    26(0.39%) |   2683      95   21041    490 |   10.98        0.04
GET      /api/concerts                                                                   1255     1(0.08%) |    220       2    5084      8 |    2.09        0.00
GET      /health                                                                          688     1(0.15%) |    228       2    7082      5 |    1.15        0.00
--------|----------------------------------------------------------------------------|-------|-------------|-------|-------|-------|-------|--------|-----------
         Aggregated                                                                      8531    28(0.33%) |   2123       2   21041    340 |   14.22        0.05

Response time percentiles (approximated)
Type     Name                                                                                  50%    66%    75%    80%    90%    95%    98%    99%  99.9% 99.99%   100% # reqs
--------|--------------------------------------------------------------------------------|--------|------|------|------|------|------|------|------|------|------|------|------
POST     /api/book                                                                             500   3600   5300   6000   7500   9300  12000  13000  19000  21000  21000   6588
GET      /api/concerts                                                                           8     43     75    170    650   1400   2500   3300   4800   5100   5100   1255
GET      /health                                                                                 5     40     78    140    600   1600   2500   2700   7100   7100   7100    688
--------|--------------------------------------------------------------------------------|--------|------|------|------|------|------|------|------|------|------|------|------
         Aggregated                                                                            340    830   4100   5200   7000   8500  11000  12000  16000  21000  21000   8531

Error report
# occurrences      Error                                                                                               
------------------|---------------------------------------------------------------------------------------------------------------------------------------------
26                 POST /api/book: Status 0                                                                            
1                  GET /api/concerts: RemoteDisconnected('Remote end closed connection without response')              
1                  GET /health: RemoteDisconnected('Remote end closed connection without response')                    
------------------|---------------------------------------------------------------------------------------------------------------------------------------------

