Timestamp,User Count,Type,Name,Requests/s,Failures/s,50%,66%,75%,80%,90%,95%,98%,99%,99.9%,99.99%,100%,Total Request Count,Total Failure Count,Total Median Response Time,Total Average Response Time,Total Min Response Time,Total Max Response Time,Total Average Content Size
1780062136,0,,Aggregated,0.000000,0.000000,N/A,N/A,N/A,N/A,N/A,N/A,N/A,N/A,N/A,N/A,N/A,0,0,0,0.0,0,0,0
1780062137,1,GET,/api/concerts,0.000000,0.000000,0,0,0,0,0,0,0,0,0,0,0,1,0,8.586878999722103,8.586878999722103,8.586878999722103,8.586878999722103,753.0
1780062137,1,,Aggregated,0.000000,0.000000,0,0,0,0,0,0,0,0,0,0,0,1,0,8.586878999722103,8.586878999722103,8.586878999722103,8.586878999722103,753.0
1780062138,2,POST,/api/book,0.000000,0.000000,0,0,0,0,0,0,0,0,0,0,0,1,0,172.77497799977937,172.77497799977937,172.77497799977937,172.77497799977937,3330.0
1780062138,2,GET,/api/concerts,0.000000,0.000000,3,3,3,3,3,3,3,3,3,3,3,2,0,3.1650099999751546,5.875944499848629,3.1650099999751546,8.586878999722103,753.0
1780062138,2,,Aggregated,0.000000,0.000000,170,170,170,170,170,170,170,170,170,170,170,3,0,9,61.508955666492206,3.1650099999751546,172.77497799977937,1612.0
1780062139,3,POST,/api/book,0.000000,0.000000,120,120,120,120,120,120,120,120,120,120,120,2,0,120,146.25436599976638,119.73375399975339,172.77497799977937,3346.5
1780062139,3,GET,/api/concerts,0.000000,0.000000,3,3,3,3,3,3,3,3,3,3,3,2,0,3.1650099999751546,5.875944499848629,3.1650099999751546,8.586878999722103,753.0
1780062139,3,GET,/health,0.000000,0.000000,0,0,0,0,0,0,0,0,0,0,0,1,0,3.5523189999366878,3.5523189999366878,3.5523189999366878,3.5523189999366878,56.0
1780062139,3,,Aggregated,0.000000,0.000000,120,120,170,170,170,170,170,170,170,170,170,5,0,9,61.56258799983334,3.1650099999751546,172.77497799977937,1651.0
1780062140,4,POST,/api/book,0.000000,0.000000,170,170,170,170,170,170,170,170,170,170,170,3,0,170,154.14475166653574,119.73375399975339,172.77497799977937,3355.6666666666665
1780062140,4,GET,/api/concerts,1.000000,0.000000,3,3,4,4,4,4,4,4,4,4,4,4,0,3,4.651050250004118,2.983794000101625,8.586878999722103,753.0
1780062140,4,GET,/health,0.000000,0.000000,4,4,4,4,4,4,4,4,4,4,4,1,0,3.5523189999366878,3.5523189999366878,3.5523189999366878,3.5523189999366878,56.0
1780062140,4,,Aggregated,1.000000,0.000000,4,120,170,170,170,170,170,170,170,170,170,8,0,4,60.57384687494505,2.983794000101625,172.77497799977937,1641.875
1780062141,5,POST,/api/book,0.666667,0.000000,120,140,140,170,170,170,170,170,170,170,170,6,0,120,135.3976434999519,101.1955530002524,172.77497799977937,3361.6666666666665
1780062141,5,GET,/api/concerts,0.666667,0.000000,3,3,4,4,4,4,4,4,4,4,4,4,0,3,4.651050250004118,2.983794000101625,8.586878999722103,753.0
1780062141,5,GET,/health,0.333333,0.000000,4,4,4,4,4,4,4,4,4,4,4,1,0,3.5523189999366878,3.5523189999366878,3.5523189999366878,3.5523189999366878,56.0
1780062141,5,,Aggregated,1.666667,0.000000,110,120,140,170,170,170,170,170,170,170,170,11,0,100,75.86748918178769,2.983794000101625,172.77497799977937,2112.5454545454545
1780062142,5,POST,/api/book,0.666667,0.000000,140,140,160,160,170,170,170,170,170,170,170,8,0,140,137.99745599993685,101.1955530002524,172.77497799977937,3369.125
1780062142,5,GET,/api/concerts,0.666667,0.000000,3,3,4,4,4,4,4,4,4,4,4,4,0,3,4.651050250004118,2.983794000101625,8.586878999722103,753.0
1780062142,5,GET,/health,0.333333,0.000000,4,4,4,4,4,4,4,4,4,4,4,1,0,3.5523189999366878,3.5523189999366878,3.5523189999366878,3.5523189999366878,56.0
1780062142,5,,Aggregated,1.666667,0.000000,120,140,160,160,170,170,170,170,170,170,170,13,0,110,86.62585907688062,2.983794000101625,172.77497799977937,2309.3076923076924
1780062143,5,POST,/api/book,1.000000,0.000000,160,170,440,460,490,490,490,490,490,490,490,11,0,160,226.6165802726722,101.1955530002524,485.62473299989506,3374.818181818182
1780062143,5,GET,/api/concerts,0.800000,0.000000,3,3,4,4,4,4,4,4,4,4,4,4,0,3,4.651050250004118,2.983794000101625,8.586878999722103,753.0
1780062143,5,GET,/health,0.200000,0.000000,4,4,4,4,4,4,4,4,4,4,4,1,0,3.5523189999366878,3.5523189999366878,3.5523189999366878,3.5523189999366878,56.0
1780062143,5,,Aggregated,2.000000,0.000000,140,160,170,440,460,490,490,490,490,490,490,16,0,120,157.1836814374592,2.983794000101625,485.62473299989506,2511.9375
1780062144,5,POST,/api/book,1.000000,0.000000,140,170,440,440,460,490,490,490,490,490,490,12,0,140,219.3054661665883,101.1955530002524,485.62473299989506,3375.3333333333335
1780062144,5,GET,/api/concerts,0.800000,0.000000,3,3,4,4,4,4,4,4,4,4,4,5,0,3,4.292625600010069,2.858927000033873,8.586878999722103,753.0
1780062144,5,GET,/health,0.200000,0.000000,4,4,4,4,4,4,4,4,4,4,4,1,0,3.5523189999366878,3.5523189999366878,3.5523189999366878,3.5523189999366878,56.0
1780062144,5,,Aggregated,2.000000,0.000000,140,160,170,170,460,490,490,490,490,490,490,18,0,120,147.5933911666137,2.858927000033873,485.62473299989506,2462.5
1780062145,5,POST,/api/book,1.142857,0.000000,140,160,440,440,460,490,490,490,490,490,490,13,0,140,211.8195456153164,101.1955530002524,485.62473299989506,3375.846153846154
1780062145,5,GET,/api/concerts,0.571429,0.000000,3,3,4,4,4,4,4,4,4,4,4,5,0,3,4.292625600010069,2.858927000033873,8.586878999722103,753.0
1780062145,5,GET,/health,0.142857,0.000000,4,4,4,4,4,4,4,4,4,4,4,2,0,3,3.2373114997881203,2.922303999639553,3.5523189999366878,56.0
1780062145,5,,Aggregated,1.857143,0.000000,120,140,170,170,460,490,490,490,490,490,490,20,0,120,139.079592199937,2.858927000033873,485.62473299989506,2388.15
1780062146,5,POST,/api/book,1.500000,0.000000,140,160,170,440,460,490,490,490,490,490,490,15,0,140,201.20795853326854,101.1955530002524,485.62473299989506,3373.8
1780062146,5,GET,/api/concerts,0.625000,0.000000,3,3,4,4,4,4,4,4,4,4,4,5,0,3,4.292625600010069,2.858927000033873,8.586878999722103,753.0
1780062146,5,GET,/health,0.125000,0.000000,4,4,4,4,4,4,4,4,4,4,4,2,0,3,3.2373114997881203,2.922303999639553,3.5523189999366878,56.0
1780062146,5,,Aggregated,2.250000,0.000000,130,140,160,170,440,460,490,490,490,490,490,22,0,120,138.45714222721156,2.858927000033873,485.62473299989506,2476.5454545454545
1780062147,5,POST,/api/book,1.500000,0.000000,140,170,230,230,460,490,490,490,490,490,490,17,0,140,202.687464294045,101.1955530002524,485.62473299989506,3376.294117647059
1780062147,5,GET,/api/concerts,0.625000,0.000000,3,3,4,4,4,4,4,4,4,4,4,5,0,3,4.292625600010069,2.858927000033873,8.586878999722103,753.0
1780062147,5,GET,/health,0.125000,0.000000,4,4,4,4,4,4,4,4,4,4,4,2,0,3,3.2373114997881203,2.922303999639553,3.5523189999366878,56.0
1780062147,5,,Aggregated,2.250000,0.000000,140,140,170,190,440,460,490,490,490,490,490,24,0,130,144.73436016659966,2.858927000033873,485.62473299989506,2553.0833333333335
1780062148,5,POST,/api/book,1.400000,0.000000,170,240,420,440,490,500,500,500,500,500,500,21,0,170,233.24682161897468,101.1955530002524,495.59425600000395,3375.1428571428573
1780062148,5,GET,/api/concerts,0.500000,0.000000,3,3,4,4,4,4,4,4,4,4,4,5,0,3,4.292625600010069,2.858927000033873,8.586878999722103,753.0
1780062148,5,GET,/health,0.200000,0.000000,4,4,4,4,4,4,4,4,4,4,4,2,0,3,3.2373114997881203,2.922303999639553,3.5523189999366878,56.0
1780062148,5,,Aggregated,2.100000,0.000000,140,230,300,420,460,490,500,500,500,500,500,28,0,140,175.93289303564623,2.858927000033873,495.59425600000395,2669.8214285714284
1780062149,5,POST,/api/book,1.700000,0.000000,160,240,420,440,490,500,500,500,500,500,500,23,0,160,223.4990976520867,101.1955530002524,495.59425600000395,3375.0
1780062149,5,GET,/api/concerts,0.400000,0.000000,3,3,4,4,4,4,4,4,4,4,4,6,0,3,4.042907333314361,2.794315999835817,8.586878999722103,753.0
1780062149,5,GET,/health,0.200000,0.000000,4,4,4,4,4,4,4,4,4,4,4,2,0,3,3.2373114997881203,2.922303999639553,3.5523189999366878,56.0
1780062149,5,,Aggregated,2.300000,0.000000,140,230,300,420,460,490,500,500,500,500,500,31,0,140,166.8132681612083,2.794315999835817,495.59425600000395,2653.3870967741937
1780062150,5,POST,/api/book,1.800000,0.000000,160,240,420,440,490,500,500,500,500,500,500,25,0,140,216.81676419993892,101.1955530002524,495.59425600000395,3374.36
1780062150,5,GET,/api/concerts,0.300000,0.000000,3,3,4,4,4,4,4,4,4,4,4,6,0,3,4.042907333314361,2.794315999835817,8.586878999722103,753.0
1780062150,5,GET,/health,0.200000,0.000000,4,4,4,4,4,4,4,4,4,4,4,2,0,3,3.2373114997881203,2.922303999639553,3.5523189999366878,56.0
1780062150,5,,Aggregated,2.300000,0.000000,140,230,300,420,460,490,500,500,500,500,500,33,0,140,165.18639915145258,2.794315999835817,495.59425600000395,2696.6363636363635
1780062151,5,POST,/api/book,2.000000,0.000000,150,230,300,420,460,490,500,500,500,500,500,26,0,140,214.3738204614902,101.1955530002524,495.59425600000395,3373.3846153846152
1780062151,5,GET,/api/concerts,0.300000,0.000000,3,3,3,3,3,3,3,3,3,3,3,7,0,3,3.8821990000152646,2.794315999835817,8.586878999722103,753.0
1780062151,5,GET,/health,0.100000,0.000000,4,4,4,4,4,4,4,4,4,4,4,2,0,3,3.2373114997881203,2.922303999639553,3.5523189999366878,56.0
1780062151,5,,Aggregated,2.400000,0.000000,140,190,240,420,460,490,500,500,500,500,500,35,0,140,160.2105527999551,2.794315999835817,495.59425600000395,2659.7428571428572
1780062152,5,POST,/api/book,2.000000,0.000000,150,240,420,440,490,500,500,500,500,500,500,28,0,140,208.95731082137965,101.1955530002524,495.59425600000395,3374.714285714286
1780062152,5,GET,/api/concerts,0.200000,0.000000,3,3,3,3,3,3,3,3,3,3,3,8,0,3,3.766257875042811,2.794315999835817,8.586878999722103,753.0
1780062152,5,GET,/health,0.100000,0.000000,3,3,3,3,3,3,3,3,3,3,3,2,0,3,3.2373114997881203,2.922303999639553,3.5523189999366878,56.0
1780062152,5,,Aggregated,2.300000,0.000000,140,190,240,420,460,490,500,500,500,500,500,38,0,140,154.9318260262776,2.794315999835817,495.59425600000395,2648.1052631578946
1780062153,5,POST,/api/book,2.000000,0.000000,140,150,230,240,420,500,500,500,500,500,500,31,0,140,201.45076316125156,101.1955530002524,495.59425600000395,3377.1612903225805
1780062153,5,GET,/api/concerts,0.200000,0.000000,3,3,3,3,3,3,3,3,3,3,3,8,0,3,3.766257875042811,2.794315999835817,8.586878999722103,753.0
1780062153,5,GET,/health,0.100000,0.000000,3,3,3,3,3,3,3,3,3,3,3,2,0,3,3.2373114997881203,2.922303999639553,3.5523189999366878,56.0
1780062153,5,,Aggregated,2.300000,0.000000,140,140,190,230,300,420,500,500,500,500,500,41,0,140,153.20922790240775,2.794315999835817,495.59425600000395,2703.121951219512
1780062154,5,POST,/api/book,2.100000,0.000000,140,150,230,240,420,500,500,500,500,500,500,31,0,140,201.45076316125156,101.1955530002524,495.59425600000395,3377.1612903225805
1780062154,5,GET,/api/concerts,0.200000,0.000000,3,3,3,3,3,3,3,3,3,3,3,9,0,3,3.65269655559233,2.7442059999884805,8.586878999722103,753.0
1780062154,5,GET,/health,0.100000,0.000000,3,3,3,3,3,3,3,3,3,3,3,2,0,3,3.2373114997881203,2.922303999639553,3.5523189999366878,56.0
1780062154,5,,Aggregated,2.400000,0.000000,140,140,190,230,300,420,500,500,500,500,500,42,0,140,149.62672738092155,2.7442059999884805,495.59425600000395,2656.690476190476
1780062155,5,POST,/api/book,1.900000,0.000000,140,150,230,240,420,500,500,500,500,500,500,32,0,140,198.58130418745645,101.1955530002524,495.59425600000395,3376.375
1780062155,5,GET,/api/concerts,0.400000,0.000000,3,3,3,3,3,3,3,3,3,3,3,9,0,3,3.65269655559233,2.7442059999884805,8.586878999722103,753.0
1780062155,5,GET,/health,0.100000,0.000000,3,3,3,3,3,3,3,3,3,3,3,2,0,3,3.2373114997881203,2.922303999639553,3.5523189999366878,56.0
1780062155,5,,Aggregated,2.400000,0.000000,140,140,190,230,300,420,500,500,500,500,500,43,0,140,148.69652618601194,2.7442059999884805,495.59425600000395,2672.860465116279
1780062156,5,POST,/api/book,1.900000,0.000000,140,220,300,410,430,500,500,500,500,500,500,37,0,140,207.68923359455093,101.1955530002524,495.59425600000395,3377.0810810810813
1780062156,5,GET,/api/concerts,0.400000,0.000000,3,3,3,3,3,3,3,3,3,3,3,9,0,3,3.65269655559233,2.7442059999884805,8.586878999722103,753.0
1780062156,5,GET,/health,0.100000,0.000000,3,3,3,3,3,3,3,3,3,3,3,2,0,3,3.2373114997881203,2.922303999639553,3.5523189999366878,56.0
1780062156,5,,Aggregated,2.400000,0.000000,140,150,240,300,420,430,500,500,500,500,500,48,0,140,160.91355281246442,2.7442059999884805,495.59425600000395,2746.6875
1780062157,5,POST,/api/book,1.900000,0.000000,140,150,220,240,430,500,500,500,500,500,500,37,0,140,207.68923359455093,101.1955530002524,495.59425600000395,3377.0810810810813
1780062157,5,GET,/api/concerts,0.400000,0.000000,3,3,3,3,3,3,3,3,3,3,3,9,0,3,3.65269655559233,2.7442059999884805,8.586878999722103,753.0
1780062157,5,GET,/health,0.100000,0.000000,3,3,3,3,3,3,3,3,3,3,3,2,0,3,3.2373114997881203,2.922303999639553,3.5523189999366878,56.0
1780062157,5,,Aggregated,2.400000,0.000000,140,140,150,220,410,430,500,500,500,500,500,48,0,140,160.91355281246442,2.7442059999884805,495.59425600000395,2746.6875
1780062158,5,POST,/api/book,2.200000,0.000000,140,140,150,150,410,430,430,430,430,430,430,38,0,140,205.9336575262741,101.1955530002524,495.59425600000395,3377.4473684210525
1780062158,5,GET,/api/concerts,0.400000,0.000000,3,3,3,3,3,3,3,3,3,3,3,10,0,3,3.5582419000547816,2.708150000216847,8.586878999722103,753.0
1780062158,5,GET,/health,0.000000,0.000000,3,3,3,3,3,3,3,3,3,3,3,4,0,3,2.9418389998454586,2.6379119999546674,3.5523189999366878,56.0
1780062158,5,,Aggregated,2.600000,0.000000,130,140,140,150,220,410,430,430,430,430,430,52,0,140,151.40055309612202,2.6379119999546674,495.59425600000395,2617.25
1780062159,5,POST,/api/book,2.200000,0.000000,140,140,150,150,410,430,430,430,430,430,430,39,0,140,204.29218566662783,101.1955530002524,495.59425600000395,3376.846153846154
1780062159,5,GET,/api/concerts,0.400000,0.000000,3,3,3,3,3,3,3,3,3,3,3,10,0,3,3.5582419000547816,2.708150000216847,8.586878999722103,753.0
1780062159,5,GET,/health,0.000000,0.000000,3,3,3,3,3,3,3,3,3,3,3,5,0,3,2.8844065998782753,2.6379119999546674,3.5523189999366878,56.0
1780062159,5,,Aggregated,2.600000,0.000000,140,140,140,150,220,410,430,430,430,430,430,54,0,140,148.470364685156,2.6379119999546674,495.59425600000395,2583.462962962963
1780062160,5,POST,/api/book,1.800000,0.000000,140,140,150,220,410,430,430,430,430,430,430,40,0,140,202.62275359996238,101.1955530002524,495.59425600000395,3377.85
1780062160,5,GET,/api/concerts,0.500000,0.000000,3,3,3,3,3,3,3,3,3,3,3,10,0,3,3.5582419000547816,2.708150000216847,8.586878999722103,753.0
1780062160,5,GET,/health,0.100000,0.000000,3,3,3,3,3,3,3,3,3,3,3,5,0,3,2.8844065998782753,2.6379119999546674,3.5523189999366878,56.0
1780062160,5,,Aggregated,2.400000,0.000000,130,140,140,140,220,410,430,430,430,430,430,55,0,140,148.27117447269882,2.6379119999546674,495.59425600000395,2598.6181818181817
1780062161,5,POST,/api/book,1.700000,0.000000,140,140,150,150,410,430,430,430,430,430,430,43,0,140,198.1144535348417,101.1955530002524,495.59425600000395,3378.5116279069766
1780062161,5,GET,/api/concerts,0.500000,0.000000,3,3,3,3,3,3,3,3,3,3,3,11,0,3,3.5101455454919646,2.708150000216847,8.586878999722103,753.0
1780062161,5,GET,/health,0.300000,0.000000,3,3,3,3,3,3,3,3,3,3,3,5,0,3,2.8844065998782753,2.6379119999546674,3.5523189999366878,56.0
1780062161,5,,Aggregated,2.500000,0.000000,140,140,140,150,220,410,430,430,430,430,430,59,0,140,145.2873751864067,2.6379119999546674,495.59425600000395,2607.4406779661017
1780062162,5,POST,/api/book,1.600000,0.000000,140,140,150,150,410,430,430,430,430,430,430,44,0,140,196.74034263632413,101.1955530002524,495.59425600000395,3379.6363636363635
1780062162,5,GET,/api/concerts,0.400000,0.000000,3,3,3,3,3,3,3,3,3,3,3,12,0,3,3.4564421666800627,2.708150000216847,8.586878999722103,753.0
1780062162,5,GET,/health,0.300000,0.000000,3,3,3,3,3,3,3,3,3,3,3,5,0,3,2.8844065998782753,2.6379119999546674,3.5523189999366878,56.0
1780062162,5,,Aggregated,2.300000,0.000000,140,140,150,150,410,430,430,430,430,430,430,61,0,140,142.82744942619368,2.6379119999546674,495.59425600000395,2590.4918032786886
1780062163,5,POST,/api/book,1.600000,0.000000,140,150,150,220,410,430,430,430,430,430,430,44,0,140,196.74034263632413,101.1955530002524,495.59425600000395,3379.6363636363635
1780062163,5,GET,/api/concerts,0.400000,0.000000,3,3,3,3,3,3,3,3,3,3,3,13,0,3,3.3946869230721157,2.6536239997767552,8.586878999722103,753.0
1780062163,5,GET,/health,0.300000,0.000000,3,3,3,3,3,3,3,3,3,3,3,5,0,3,2.8844065998782753,2.6379119999546674,3.5523189999366878,56.0
1780062163,5,,Aggregated,2.300000,0.000000,140,140,150,150,410,430,430,430,430,430,430,62,0,140,140.5665812741547,2.6379119999546674,495.59425600000395,2560.8548387096776
1780062164,5,POST,/api/book,1.700000,0.000000,140,150,150,220,410,430,430,430,430,430,430,46,0,140,193.31351841299733,101.1955530002524,495.59425600000395,3379.478260869565
1780062164,5,GET,/api/concerts,0.300000,0.000000,3,3,3,3,3,3,3,3,3,3,3,13,0,3,3.3946869230721157,2.6536239997767552,8.586878999722103,753.0
1780062164,5,GET,/health,0.300000,0.000000,3,3,3,3,3,3,3,3,3,3,3,6,0,3,2.8556598332822127,2.6379119999546674,3.5523189999366878,56.0
1780062164,5,,Aggregated,2.300000,0.000000,130,140,140,150,220,410,430,430,430,430,430,65,0,130,137.74902670765397,2.6379119999546674,495.59425600000395,2547.4
1780062165,5,POST,/api/book,1.300000,0.000000,140,140,150,150,220,270,270,270,270,270,270,48,0,140,195.40431656245497,101.1955530002524,495.59425600000395,3379.7083333333335
1780062165,5,GET,/api/concerts,0.500000,0.000000,3,3,3,3,3,3,3,3,3,3,3,13,0,3,3.3946869230721157,2.6536239997767552,8.586878999722103,753.0
1780062165,5,GET,/health,0.300000,0.000000,3,3,3,3,3,3,3,3,3,3,3,6,0,3,2.8556598332822127,2.6379119999546674,3.5523189999366878,56.0
1780062165,5,,Aggregated,2.100000,0.000000,120,140,140,140,220,270,270,270,270,270,270,67,0,140,140.90555349249954,2.6379119999546674,495.59425600000395,2572.402985074627
1780062166,5,POST,/api/book,1.400000,0.000000,140,140,140,150,220,270,270,270,270,270,270,49,0,140,194.2910703264901,101.1955530002524,495.59425600000395,3380.2244897959185
1780062166,5,GET,/api/concerts,0.400000,0.000000,3,3,3,3,3,3,3,3,3,3,3,15,0,3,3.304726133319491,2.6536239997767552,8.586878999722103,753.0
1780062166,5,GET,/health,0.300000,0.000000,3,3,3,3,3,3,3,3,3,3,3,6,0,3,2.8556598332822127,2.6379119999546674,3.5523189999366878,56.0
1780062166,5,,Aggregated,2.100000,0.000000,120,140,140,140,150,220,270,270,270,270,270,70,0,130,136.95667567139284,2.6379119999546674,495.59425600000395,2532.3142857142857
1780062167,5,POST,/api/book,1.400000,0.000000,140,140,140,150,220,270,270,270,270,270,270,50,0,140,193.17090873996676,101.1955530002524,495.59425600000395,3379.6
1780062167,5,GET,/api/concerts,0.400000,0.000000,3,3,3,3,3,3,3,3,3,3,3,15,0,3,3.304726133319491,2.6536239997767552,8.586878999722103,753.0
1780062167,5,GET,/health,0.300000,0.000000,3,3,3,3,3,3,3,3,3,3,3,6,0,3,2.8556598332822127,2.6379119999546674,3.5523189999366878,56.0
1780062167,5,,Aggregated,2.100000,0.000000,130,140,140,140,150,220,270,270,270,270,270,71,0,140,136.97535616898344,2.6379119999546674,495.59425600000395,2543.8169014084506
1780062168,5,POST,/api/book,1.300000,0.000000,140,140,150,180,220,270,270,270,270,270,270,52,0,140,191.1818938076609,101.1955530002524,495.59425600000395,3379.9423076923076
1780062168,5,GET,/api/concerts,0.400000,0.000000,3,3,3,3,4,4,4,4,4,4,4,16,0,3,3.3176121874873843,2.6536239997767552,8.586878999722103,753.0
1780062168,5,GET,/health,0.400000,0.000000,3,3,3,3,3,3,3,3,3,3,3,7,0,3,2.839139285697456,2.6379119999546674,3.5523189999366878,56.0
1780062168,5,,Aggregated,2.100000,0.000000,120,140,140,140,180,220,270,270,270,270,270,75,0,130,133.52552330664062,2.6379119999546674,495.59425600000395,2509.2933333333335
1780062169,5,POST,/api/book,1.300000,0.000000,140,140,150,180,220,270,270,270,270,270,270,53,0,140,189.61273724524736,101.1955530002524,495.59425600000395,3380.943396226415
1780062169,5,GET,/api/concerts,0.400000,0.000000,3,3,3,3,4,4,4,4,4,4,4,17,0,3,3.2937585293867038,2.6536239997767552,8.586878999722103,753.0
1780062169,5,GET,/health,0.400000,0.000000,3,3,3,3,3,3,3,3,3,3,3,7,0,3,2.839139285697456,2.6379119999546674,3.5523189999366878,56.0
1780062169,5,,Aggregated,2.100000,0.000000,110,140,140,140,180,220,270,270,270,270,270,77,0,130,131.4979603116567,2.6379119999546674,495.59425600000395,2498.4805194805194
1780062170,5,POST,/api/book,1.300000,0.000000,140,140,180,180,220,270,270,270,270,270,270,53,0,140,189.61273724524736,101.1955530002524,495.59425600000395,3380.943396226415
1780062170,5,GET,/api/concerts,0.400000,0.000000,3,3,3,3,4,4,4,4,4,4,4,17,0,3,3.2937585293867038,2.6536239997767552,8.586878999722103,753.0
1780062170,5,GET,/health,0.400000,0.000000,3,3,3,3,3,3,3,3,3,3,3,7,0,3,2.839139285697456,2.6379119999546674,3.5523189999366878,56.0
1780062170,5,,Aggregated,2.100000,0.000000,110,130,140,140,220,270,270,270,270,270,270,77,0,130,131.4979603116567,2.6379119999546674,495.59425600000395,2498.4805194805194
1780062171,5,POST,/api/book,1.500000,0.000000,140,220,270,300,330,350,350,350,350,350,350,57,0,140,198.26129249119268,101.1955530002524,495.59425600000395,3381.315789473684
1780062171,5,GET,/api/concerts,0.600000,0.000000,3,3,3,3,4,4,4,4,4,4,4,17,0,3,3.2937585293867038,2.6536239997767552,8.586878999722103,753.0
1780062171,5,GET,/health,0.300000,0.000000,3,3,3,3,3,3,3,3,3,3,3,7,0,3,2.839139285697456,2.6379119999546674,3.5523189999366878,56.0
1780062171,5,,Aggregated,2.400000,0.000000,110,140,220,270,300,330,350,350,350,350,350,81,0,140,140.45384619749925,2.6379119999546674,495.59425600000395,2542.320987654321
1780062172,5,POST,/api/book,1.400000,0.000000,180,270,270,300,330,350,350,350,350,350,350,58,0,140,197.29484301720294,101.1955530002524,495.59425600000395,3380.9655172413795
1780062172,5,GET,/api/concerts,0.700000,0.000000,3,3,3,3,4,4,4,4,4,4,4,17,0,3,3.2937585293867038,2.6536239997767552,8.586878999722103,753.0
1780062172,5,GET,/health,0.200000,0.000000,3,3,3,3,3,3,3,3,3,3,3,7,0,3,2.839139285697456,2.6379119999546674,3.5523189999366878,56.0
1780062172,5,,Aggregated,2.300000,0.000000,140,180,270,270,330,350,350,350,350,350,350,82,0,140,140.47522884142958,2.6379119999546674,495.59425600000395,2552.3048780487807
1780062173,5,POST,/api/book,1.500000,0.000000,270,290,330,330,380,450,450,450,450,450,450,61,0,140,205.88156340979413,101.1955530002524,495.59425600000395,3381.1311475409834
1780062173,5,GET,/api/concerts,0.700000,0.000000,3,3,4,4,48,48,48,48,48,48,48,18,0,3,5.79620483330877,2.6536239997767552,48.33779199998389,753.0
1780062173,5,GET,/health,0.200000,0.000000,3,3,3,3,3,3,3,3,3,3,3,7,0,3,2.839139285697456,2.6379119999546674,3.5523189999366878,56.0
1780062173,5,,Aggregated,2.400000,0.000000,140,270,290,300,350,380,450,450,450,450,450,86,0,140,147.4765236046149,2.6379119999546674,495.59425600000395,2560.406976744186
1780062174,5,POST,/api/book,1.500000,0.000000,270,290,330,330,380,450,450,450,450,450,450,62,0,140,205.0593408709295,101.1955530002524,495.59425600000395,3381.1451612903224
1780062174,5,GET,/api/concerts,0.700000,0.000000,3,4,4,48,48,48,48,48,48,48,48,18,0,3,5.79620483330877,2.6536239997767552,48.33779199998389,753.0
1780062174,5,GET,/health,0.200000,0.000000,3,3,3,3,3,3,3,3,3,3,3,7,0,3,2.839139285697456,2.6379119999546674,3.5523189999366878,56.0
1780062174,5,,Aggregated,2.400000,0.000000,150,270,290,300,350,380,450,450,450,450,450,87,0,140,147.56189420686286,2.6379119999546674,495.59425600000395,2569.8505747126437
1780062175,5,POST,/api/book,1.400000,0.000000,270,300,330,350,380,450,450,450,450,450,450,63,0,140,204.02726868250616,101.1955530002524,495.59425600000395,3380.9206349206347
1780062175,5,GET,/api/concerts,0.500000,0.000000,3,4,4,48,48,48,48,48,48,48,48,18,0,3,5.79620483330877,2.6536239997767552,48.33779199998389,753.0
1780062175,5,GET,/health,0.200000,0.000000,3,3,3,3,3,3,3,3,3,3,3,7,0,3,2.839139285697456,2.6379119999546674,3.5523189999366878,56.0
1780062175,5,,Aggregated,2.100000,0.000000,140,270,300,330,380,450,450,450,450,450,450,88,0,140,147.4764044204242,2.6379119999546674,495.59425600000395,2578.909090909091
1780062176,5,POST,/api/book,1.700000,0.000000,220,290,300,330,380,450,450,450,450,450,450,67,0,140,202.70740499996572,101.1955530002524,495.59425600000395,3381.3283582089553
1780062176,5,GET,/api/concerts,0.500000,0.000000,4,4,48,48,48,48,48,48,48,48,48,18,0,3,5.79620483330877,2.6536239997767552,48.33779199998389,753.0
1780062176,5,GET,/health,0.200000,0.000000,3,3,3,3,3,3,3,3,3,3,3,7,0,3,2.839139285697456,2.6379119999546674,3.5523189999366878,56.0
1780062176,5,,Aggregated,2.400000,0.000000,150,270,290,300,350,380,450,450,450,450,450,92,0,140,148.97393257605592,2.6379119999546674,495.59425600000395,2614.0760869565215
1780062177,5,POST,/api/book,1.600000,0.000000,270,290,330,330,380,450,450,450,450,450,450,68,0,140,201.79531485290252,101.1955530002524,495.59425600000395,3381.3382352941176
1780062177,5,GET,/api/concerts,0.500000,0.000000,3,3,48,48,48,48,48,48,48,48,48,19,0,3,5.635501421047114,2.6536239997767552,48.33779199998389,753.0
1780062177,5,GET,/health,0.100000,0.000000,3,3,3,3,3,3,3,3,3,3,3,7,0,3,2.839139285697456,2.6379119999546674,3.5523189999366878,56.0
1780062177,5,,Aggregated,2.200000,0.000000,150,270,300,330,380,450,450,450,450,450,450,94,0,140,147.3301054467782,2.6379119999546674,495.59425600000395,2602.446808510638
1780062178,5,POST,/api/book,1.600000,0.000000,220,290,300,330,380,450,450,450,450,450,450,69,0,140,200.8518912463407,101.1955530002524,495.59425600000395,3381.31884057971
1780062178,5,GET,/api/concerts,0.500000,0.000000,3,3,48,48,48,48,48,48,48,48,48,19,0,3,5.635501421047114,2.6536239997767552,48.33779199998389,753.0
1780062178,5,GET,/health,0.100000,0.000000,3,3,3,3,3,3,3,3,3,3,3,7,0,3,2.839139285697456,2.6379119999546674,3.5523189999366878,56.0
1780062178,5,,Aggregated,2.200000,0.000000,140,270,290,300,350,380,450,450,450,450,450,95,0,140,147.2181999789188,2.6379119999546674,495.59425600000395,2610.6315789473683
1780062179,5,POST,/api/book,1.800000,0.000000,270,300,310,330,380,450,450,450,450,450,450,72,0,140,203.00582615275036,101.1955530002524,495.59425600000395,3381.8333333333335
1780062179,5,GET,/api/concerts,0.300000,0.000000,3,3,48,48,48,48,48,48,48,48,48,20,0,3,5.48160854998514,2.557643999807624,48.33779199998389,753.0
1780062179,5,GET,/health,0.100000,0.000000,3,3,3,3,3,3,3,3,3,3,3,7,0,3,2.839139285697456,2.6379119999546674,3.5523189999366878,56.0
1780062179,5,,Aggregated,2.200000,0.000000,220,290,300,310,350,380,450,450,450,450,450,99,0,140,148.9487437272486,2.557643999807624,495.59425600000395,2615.59595959596
1780062180,5,POST,/api/book,1.800000,0.000000,150,270,300,300,380,450,450,450,450,450,450,73,0,140,201.84770023285,101.1955530002524,495.59425600000395,3381.7671232876714
1780062180,5,GET,/api/concerts,0.300000,0.000000,3,3,48,48,48,48,48,48,48,48,48,20,0,3,5.48160854998514,2.557643999807624,48.33779199998389,753.0
1780062180,5,GET,/health,0.100000,0.000000,3,3,3,3,3,3,3,3,3,3,3,7,0,3,2.839139285697456,2.6379119999546674,3.5523189999366878,56.0
1780062180,5,,Aggregated,2.200000,0.000000,140,220,290,300,380,450,450,450,450,450,450,100,0,140,148.64388262997636,2.557643999807624,495.59425600000395,2623.21
1780062181,5,POST,/api/book,1.700000,0.000000,140,220,290,300,380,450,450,450,450,450,450,75,0,140,200.2724382666323,101.1955530002524,495.59425600000395,3380.9866666666667
1780062181,5,GET,/api/concerts,0.300000,0.000000,3,3,48,48,48,48,48,48,48,48,48,20,0,3,5.48160854998514,2.557643999807624,48.33779199998389,753.0
1780062181,5,GET,/health,0.000000,0.000000,3,3,3,3,3,3,3,3,3,3,3,7,0,3,2.839139285697456,2.6379119999546674,3.5523189999366878,56.0
1780062181,5,,Aggregated,2.000000,0.000000,140,220,290,300,380,450,450,450,450,450,450,102,0,140,148.5288138823236,2.557643999807624,495.59425600000395,2637.5098039215686
1780062182,5,POST,/api/book,2.000000,0.000000,140,220,290,300,380,450,450,450,450,450,450,78,0,140,198.20637114099344,101.1955530002524,495.59425600000395,3380.8076923076924
1780062182,5,GET,/api/concerts,0.300000,0.000000,3,3,48,48,48,48,48,48,48,48,48,20,0,3,5.48160854998514,2.557643999807624,48.33779199998389,753.0
1780062182,5,GET,/health,0.000000,0.000000,3,3,3,3,3,3,3,3,3,3,3,8,0,3,2.867712625004515,2.6379119999546674,3.5523189999366878,56.0
1780062182,5,,Aggregated,2.300000,0.000000,140,210,270,290,310,380,450,450,450,450,450,106,0,140,147.10066812261536,2.557643999807624,495.59425600000395,2634.066037735849
1780062183,5,POST,/api/book,1.700000,0.000000,140,210,270,290,310,380,450,450,450,450,450,80,0,140,196.47664923747357,101.1955530002524,495.59425600000395,3380.3
1780062183,5,GET,/api/concerts,0.300000,0.000000,3,3,48,48,48,48,48,48,48,48,48,20,0,3,5.48160854998514,2.557643999807624,48.33779199998389,753.0
1780062183,5,GET,/health,0.000000,0.000000,3,3,3,3,3,3,3,3,3,3,3,8,0,3,2.867712625004515,2.6379119999546674,3.5523189999366878,56.0
1780062183,5,,Aggregated,2.000000,0.000000,140,150,220,290,310,380,450,450,450,450,450,108,0,140,146.7657945462743,2.557643999807624,495.59425600000395,2647.5185185185187
1780062184,5,POST,/api/book,1.900000,0.000000,140,140,210,220,300,310,310,310,310,310,310,82,0,140,194.73079399997403,101.1955530002524,495.59425600000395,3380.5
1780062184,5,GET,/api/concerts,0.300000,0.000000,3,3,4,4,4,4,4,4,4,4,4,21,0,3,5.412945047607666,2.557643999807624,48.33779199998389,753.0
1780062184,5,GET,/health,0.000000,0.000000,3,3,3,3,3,3,3,3,3,3,3,8,0,3,2.867712625004515,2.6379119999546674,3.5523189999366878,56.0
1780062184,5,,Aggregated,2.200000,0.000000,140,140,140,210,270,300,310,310,310,310,310,111,0,140,145.0859338288078,2.557643999807624,495.59425600000395,2643.801801801802
1780062185,5,POST,/api/book,2.100000,0.000000,140,200,210,220,300,310,310,310,310,310,310,84,0,140,194.90250411902144,101.1955530002524,495.59425600000395,3380.25
1780062185,5,GET,/api/concerts,0.200000,0.000000,3,3,4,4,4,4,4,4,4,4,4,21,0,3,5.412945047607666,2.557643999807624,48.33779199998389,753.0
1780062185,5,GET,/health,0.100000,0.000000,3,3,3,3,3,3,3,3,3,3,3,8,0,3,2.867712625004515,2.6379119999546674,3.5523189999366878,56.0
1780062185,5,,Aggregated,2.400000,0.000000,140,140,210,210,270,300,310,310,310,310,310,113,0,140,146.0922468406867,2.557643999807624,495.59425600000395,2656.6548672566373
1780062186,5,POST,/api/book,1.900000,0.000000,140,140,200,210,300,310,310,310,310,310,310,86,0,140,193.38830846509364,101.1955530002524,495.59425600000395,3380.220930232558
1780062186,5,GET,/api/concerts,0.300000,0.000000,3,3,4,4,4,4,4,4,4,4,4,21,0,3,5.412945047607666,2.557643999807624,48.33779199998389,753.0
1780062186,5,GET,/health,0.100000,0.000000,3,3,3,3,3,3,3,3,3,3,3,8,0,3,2.867712625004515,2.6379119999546674,3.5523189999366878,56.0
1780062186,5,,Aggregated,2.300000,0.000000,140,140,140,200,210,300,310,310,310,310,310,115,0,140,145.80876586954653,2.557643999807624,495.59425600000395,2669.217391304348
1780062187,5,POST,/api/book,1.900000,0.000000,140,160,200,210,300,310,310,310,310,310,310,88,0,140,192.97611082951832,101.1955530002524,495.59425600000395,3380.443181818182
1780062187,5,GET,/api/concerts,0.300000,0.000000,3,3,4,4,4,4,4,4,4,4,4,22,0,3,5.287327272712488,2.557643999807624,48.33779199998389,753.0
1780062187,5,GET,/health,0.100000,0.000000,3,3,3,3,3,3,3,3,3,3,3,8,0,3,2.867712625004515,2.6379119999546674,3.5523189999366878,56.0
1780062187,5,,Aggregated,2.300000,0.000000,140,140,190,200,210,300,310,310,310,310,310,118,0,140,145.09458181353662,2.557643999807624,495.59425600000395,2665.1949152542375
1780062188,5,POST,/api/book,2.000000,0.000000,140,160,200,210,300,310,310,310,310,310,310,89,0,140,192.14093243817842,101.1955530002524,495.59425600000395,3380.7640449438204
1780062188,5,GET,/api/concerts,0.300000,0.000000,3,3,4,4,4,4,4,4,4,4,4,23,0,3,5.177890391282943,2.557643999807624,48.33779199998389,753.0
1780062188,5,GET,/health,0.100000,0.000000,3,3,3,3,3,3,3,3,3,3,3,8,0,3,2.867712625004515,2.6379119999546674,3.5523189999366878,56.0
1780062188,5,,Aggregated,2.400000,0.000000,130,140,190,200,210,300,310,310,310,310,310,120,0,140,143.68813472497854,2.557643999807624,495.59425600000395,2655.4583333333335
1780062189,5,POST,/api/book,2.000000,0.000000,140,140,190,190,210,210,210,210,210,210,210,89,0,140,192.14093243817842,101.1955530002524,495.59425600000395,3380.7640449438204
1780062189,5,GET,/api/concerts,0.400000,0.000000,3,3,3,3,4,4,4,4,4,4,4,26,0,3,4.890114115369215,2.557643999807624,48.33779199998389,753.0
1780062189,5,GET,/health,0.100000,0.000000,3,3,3,3,3,3,3,3,3,3,3,8,0,3,2.867712625004515,2.6379119999546674,3.5523189999366878,56.0
1780062189,5,,Aggregated,2.500000,0.000000,120,140,140,160,200,210,210,210,210,210,210,123,0,140,140.24900532518305,2.557643999807624,495.59425600000395,2609.0569105691056
1780062190,5,POST,/api/book,1.900000,0.000000,140,140,190,190,210,210,210,210,210,210,210,90,0,140,191.54762058886567,101.1955530002524,495.59425600000395,3380.322222222222
1780062190,5,GET,/api/concerts,0.400000,0.000000,3,3,3,3,4,4,4,4,4,4,4,26,0,3,4.890114115369215,2.557643999807624,48.33779199998389,753.0
1780062190,5,GET,/health,0.100000,0.000000,3,3,3,3,3,3,3,3,3,3,3,8,0,3,2.867712625004515,2.6379119999546674,3.5523189999366878,56.0
1780062190,5,,Aggregated,2.400000,0.000000,120,140,140,160,200,210,210,210,210,210,210,124,0,140,140.2368590403028,2.557643999807624,495.59425600000395,2614.9596774193546
1780062191,5,POST,/api/book,1.900000,0.000000,140,140,160,190,200,210,210,210,210,210,210,92,0,140,190.07131567389024,101.1955530002524,495.59425600000395,3379.7065217391305
1780062191,5,GET,/api/concerts,0.500000,0.000000,3,3,3,3,4,4,4,4,4,4,4,27,0,3,4.808998999982982,2.557643999807624,48.33779199998389,753.0
1780062191,5,GET,/health,0.100000,0.000000,3,3,3,3,3,3,3,3,3,3,3,8,0,3,2.867712625004515,2.6379119999546674,3.5523189999366878,56.0
1780062191,5,,Aggregated,2.500000,0.000000,120,140,140,140,190,200,210,210,210,210,210,127,0,140,138.89248595273605,2.557643999807624,495.59425600000395,2611.9055118110236
1780062192,5,POST,/api/book,1.600000,0.000000,140,140,160,190,200,210,210,210,210,210,210,93,0,140,189.53441726879674,101.1955530002524,495.59425600000395,3379.451612903226
1780062192,5,GET,/api/concerts,0.600000,0.000000,3,3,3,3,4,4,4,4,4,4,4,28,0,3,4.734971178566282,2.557643999807624,48.33779199998389,753.0
1780062192,5,GET,/health,0.100000,0.000000,3,3,3,3,3,3,3,3,3,3,3,9,0,3,2.8627487778168064,2.6379119999546674,3.5523189999366878,56.0
1780062192,5,,Aggregated,2.300000,0.000000,120,140,140,140,190,200,210,210,210,210,210,130,0,140,136.80803644614082,2.557643999807624,495.59425600000395,2583.6692307692306
1780062193,5,POST,/api/book,1.700000,0.000000,140,150,160,190,200,210,210,210,210,210,210,95,0,140,188.42910207366387,101.1955530002524,495.59425600000395,3379.705263157895
1780062193,5,GET,/api/concerts,0.700000,0.000000,3,3,3,3,4,4,4,4,4,4,4,29,0,3,4.660093413788453,2.557643999807624,48.33779199998389,753.0
1780062193,5,GET,/health,0.100000,0.000000,3,3,3,3,3,3,3,3,3,3,3,9,0,3,2.8627487778168064,2.6379119999546674,3.5523189999366878,56.0
1780062193,5,,Aggregated,2.500000,0.000000,120,140,140,150,190,200,210,210,210,210,210,133,0,140,135.8020462029946,2.557643999807624,495.59425600000395,2582.0526315789475
1780062194,5,POST,/api/book,1.500000,0.000000,140,140,150,160,190,210,210,210,210,210,210,96,0,140,187.53931007289756,101.1955530002524,495.59425600000395,3379.625
1780062194,5,GET,/api/concerts,0.800000,0.000000,3,3,3,3,3,3,3,3,3,3,3,29,0,3,4.660093413788453,2.557643999807624,48.33779199998389,753.0
1780062194,5,GET,/health,0.200000,0.000000,3,3,3,3,3,3,3,3,3,3,3,10,0,3,2.840964300048654,2.6379119999546674,3.5523189999366878,56.0
1780062194,5,,Aggregated,2.500000,0.000000,110,140,140,140,160,190,210,210,210,210,210,135,0,140,134.57278606665568,2.557643999807624,495.59425600000395,2569.1925925925925
1780062195,5,POST,/api/book,1.500000,0.000000,140,140,140,150,160,190,190,190,190,190,190,98,0,140,186.13450713263663,101.1955530002524,495.59425600000395,3379.714285714286
1780062195,5,GET,/api/concerts,0.900000,0.000000,3,3,3,3,3,3,3,3,3,3,3,29,0,3,4.660093413788453,2.557643999807624,48.33779199998389,753.0
1780062195,5,GET,/health,0.100000,0.000000,3,3,3,3,3,3,3,3,3,3,3,10,0,3,2.840964300048654,2.6379119999546674,3.5523189999366878,56.0
1780062195,5,,Aggregated,2.500000,0.000000,110,120,140,140,150,160,190,190,190,190,190,137,0,130,134.34112445984482,2.557643999807624,495.59425600000395,2581.087591240876
1780062196,5,POST,/api/book,1.400000,0.000000,140,140,140,150,160,190,190,190,190,190,190,100,0,140,185.24879112998406,101.1955530002524,495.59425600000395,3379.57
1780062196,5,GET,/api/concerts,0.800000,0.000000,3,3,3,3,3,3,3,3,3,3,3,30,0,3,4.597132733336669,2.557643999807624,48.33779199998389,753.0
1780062196,5,GET,/health,0.100000,0.000000,3,3,3,3,3,3,3,3,3,3,3,10,0,3,2.840964300048654,2.6379119999546674,3.5523189999366878,56.0
1780062196,5,,Aggregated,2.300000,0.000000,110,120,140,140,140,140,150,150,150,150,150,140,0,130,133.5085909857071,2.557643999807624,495.59425600000395,2579.3357142857144
1780062197,5,POST,/api/book,1.400000,0.000000,140,140,140,140,150,220,220,220,220,220,220,102,0,140,185.07597115684553,101.1955530002524,495.59425600000395,3379.843137254902
1780062197,5,GET,/api/concerts,0.800000,0.000000,3,3,3,3,3,3,3,3,3,3,3,30,0,3,4.597132733336669,2.557643999807624,48.33779199998389,753.0
1780062197,5,GET,/health,0.200000,0.000000,3,3,3,3,3,3,3,3,3,3,3,10,0,3,2.840964300048654,2.6379119999546674,3.5523189999366878,56.0
1780062197,5,,Aggregated,2.400000,0.000000,120,140,140,140,140,150,220,220,220,220,220,142,0,140,134.11318790844248,2.557643999807624,495.59425600000395,2590.8028169014083
1780062198,5,POST,/api/book,1.500000,0.000000,140,140,140,140,220,230,230,230,230,230,230,104,0,140,184.89314190382908,101.1955530002524,495.59425600000395,3380.028846153846
1780062198,5,GET,/api/concerts,0.800000,0.000000,3,3,3,3,3,3,3,3,3,3,3,30,0,3,4.597132733336669,2.557643999807624,48.33779199998389,753.0
1780062198,5,GET,/health,0.200000,0.000000,3,3,3,3,3,3,3,3,3,3,3,11,0,3,2.8328418182106607,2.6379119999546674,3.5523189999366878,56.0
1780062198,5,,Aggregated,2.500000,0.000000,120,140,140,140,150,220,230,230,230,230,230,145,0,140,133.77904827585272,2.557643999807624,495.59425600000395,2584.3379310344826
1780062199,5,POST,/api/book,1.500000,0.000000,140,140,140,150,220,230,230,230,230,230,230,104,0,140,184.89314190382908,101.1955530002524,495.59425600000395,3380.028846153846
1780062199,5,GET,/api/concerts,0.800000,0.000000,3,3,3,3,3,3,3,3,3,3,3,32,0,3,4.47898318749651,2.557643999807624,48.33779199998389,753.0
1780062199,5,GET,/health,0.200000,0.000000,3,3,3,3,3,3,3,3,3,3,3,11,0,3,2.8328418182106607,2.6379119999546674,3.5523189999366878,56.0
1780062199,5,,Aggregated,2.500000,0.000000,120,140,140,140,150,220,230,230,230,230,230,147,0,130,131.99575156461518,2.557643999807624,495.59425600000395,2559.421768707483
1780062200,5,POST,/api/book,1.500000,0.000000,140,140,140,150,220,230,230,230,230,230,230,106,0,140,183.7828613584724,101.1955530002524,495.59425600000395,3380.0754716981132
1780062200,5,GET,/api/concerts,0.700000,0.000000,3,3,3,3,3,3,3,3,3,3,3,32,0,3,4.47898318749651,2.557643999807624,48.33779199998389,753.0
1780062200,5,GET,/health,0.300000,0.000000,3,3,3,3,3,3,3,3,3,3,3,11,0,3,2.8328418182106607,2.6379119999546674,3.5523189999366878,56.0
1780062200,5,,Aggregated,2.500000,0.000000,120,140,140,140,150,220,230,230,230,230,230,149,0,130,131.91591963757233,2.557643999807624,495.59425600000395,2570.469798657718
1780062201,5,POST,/api/book,1.500000,0.000000,140,140,150,150,220,230,230,230,230,230,230,108,0,140,182.91588094442616,101.1955530002524,495.59425600000395,3380.1666666666665
1780062201,5,GET,/api/concerts,0.700000,0.000000,3,3,3,3,3,3,3,3,3,3,3,33,0,3,4.429961545445787,2.557643999807624,48.33779199998389,753.0
1780062201,5,GET,/health,0.300000,0.000000,3,3,3,3,3,3,3,3,3,3,3,11,0,3,2.8328418182106607,2.6379119999546674,3.5523189999366878,56.0
1780062201,5,,Aggregated,2.500000,0.000000,120,140,140,140,150,220,230,230,230,230,230,152,0,130,131.13332324340826,2.557643999807624,495.59425600000395,2569.2302631578946
1780062202,5,POST,/api/book,1.600000,0.000000,140,140,150,150,220,230,230,230,230,230,230,109,0,140,182.53608829355812,101.1955530002524,495.59425600000395,3380.238532110092
1780062202,5,GET,/api/concerts,0.600000,0.000000,3,3,3,3,3,3,3,3,3,3,3,33,0,3,4.429961545445787,2.557643999807624,48.33779199998389,753.0
1780062202,5,GET,/health,0.300000,0.000000,3,3,3,3,3,3,3,3,3,3,3,11,0,3,2.8328418182106607,2.6379119999546674,3.5523189999366878,56.0
1780062202,5,,Aggregated,2.500000,0.000000,120,140,140,140,150,220,230,230,230,230,230,153,0,130,131.20120009802525,2.557643999807624,495.59425600000395,2574.581699346405
1780062203,5,POST,/api/book,1.600000,0.000000,140,140,140,150,220,230,230,230,230,230,230,110,0,140,181.8509597727081,101.1955530002524,495.59425600000395,3379.9454545454546
1780062203,5,GET,/api/concerts,0.500000,0.000000,3,3,3,3,3,3,3,3,3,3,3,34,0,3,4.38511255882023,2.557643999807624,48.33779199998389,753.0
1780062203,5,GET,/health,0.300000,0.000000,3,3,3,3,3,3,3,3,3,3,3,12,0,3,2.816972250040332,2.6379119999546674,3.5523189999366878,56.0
1780062203,5,,Aggregated,2.400000,0.000000,120,140,140,140,150,220,230,230,230,230,230,156,0,130,129.40066069870682,2.557643999807624,495.59425600000395,2551.7179487179487
1780062204,5,POST,/api/book,1.600000,0.000000,140,140,140,150,220,230,230,230,230,230,230,112,0,140,180.97654508926553,101.1955530002524,495.59425600000395,3380.0625
1780062204,5,GET,/api/concerts,0.500000,0.000000,3,3,3,3,3,3,3,3,3,3,3,35,0,3,4.337955485711324,2.557643999807624,48.33779199998389,753.0
1780062204,5,GET,/health,0.200000,0.000000,3,3,3,3,3,3,3,3,3,3,3,12,0,3,2.816972250040332,2.6379119999546674,3.5523189999366878,56.0
1780062204,5,,Aggregated,2.300000,0.000000,120,140,140,140,150,220,230,230,230,230,230,159,0,130,128.64783118866742,2.557643999807624,495.59425600000395,2550.9056603773583
1780062205,5,POST,/api/book,1.600000,0.000000,140,140,150,150,220,230,230,230,230,230,230,112,0,140,180.97654508926553,101.1955530002524,495.59425600000395,3380.0625
1780062205,5,GET,/api/concerts,0.500000,0.000000,3,3,3,3,3,3,3,3,3,3,3,36,0,3,4.294259972210865,2.557643999807624,48.33779199998389,753.0
1780062205,5,GET,/health,0.200000,0.000000,3,3,3,3,3,3,3,3,3,3,3,12,0,3,2.816972250040332,2.6379119999546674,3.5523189999366878,56.0
1780062205,5,,Aggregated,2.300000,0.000000,110,120,140,140,150,220,230,230,230,230,230,160,0,130,127.86106297498634,2.557643999807624,495.59425600000395,2539.66875
1780062206,5,POST,/api/book,1.600000,0.000000,140,150,210,220,230,240,240,240,240,240,240,115,0,140,181.39585030433054,101.1955530002524,495.59425600000395,3380.034782608696
1780062206,5,GET,/api/concerts,0.500000,0.000000,3,3,3,3,3,3,3,3,3,3,3,37,0,3,4.257885675665543,2.557643999807624,48.33779199998389,753.0
1780062206,5,GET,/health,0.300000,0.000000,3,3,3,3,3,3,3,3,3,3,3,12,0,3,2.816972250040332,2.6379119999546674,3.5523189999366878,56.0
1780062206,5,,Aggregated,2.400000,0.000000,120,140,140,150,220,230,240,240,240,240,240,164,0,130,128.3650501341349,2.557643999807624,495.59425600000395,2544.128048780488
1780062207,5,POST,/api/book,1.500000,0.000000,140,140,140,150,210,240,240,240,240,240,240,117,0,140,180.56536068374604,101.1955530002524,495.59425600000395,3379.931623931624
1780062207,5,GET,/api/concerts,0.700000,0.000000,3,3,3,3,3,3,3,3,3,3,3,37,0,3,4.257885675665543,2.557643999807624,48.33779199998389,753.0
1780062207,5,GET,/health,0.200000,0.000000,3,3,3,3,3,3,3,3,3,3,3,12,0,3,2.816972250040332,2.6379119999546674,3.5523189999366878,56.0
1780062207,5,,Aggregated,2.400000,0.000000,120,140,140,140,150,210,240,240,240,240,240,166,0,130,128.41863034336382,2.557643999807624,495.59425600000395,2554.126506024096
1780062208,5,POST,/api/book,1.500000,0.000000,140,140,210,240,300,340,340,340,340,340,340,119,0,140,182.93929293275966,101.1955530002524,495.59425600000395,3379.5546218487393
1780062208,5,GET,/api/concerts,0.700000,0.000000,3,3,3,3,3,3,3,3,3,3,3,38,0,3,4.217951210516969,2.557643999807624,48.33779199998389,753.0
1780062208,5,GET,/health,0.200000,0.000000,3,3,3,3,3,3,3,3,3,3,3,12,0,3,2.816972250040332,2.6379119999546674,3.5523189999366878,56.0
1780062208,5,,Aggregated,2.400000,0.000000,130,140,140,150,240,300,340,340,340,340,340,169,0,130,129.96367853253568,2.557643999807624,495.59425600000395,2552.976331360947
1780062209,5,POST,/api/book,1.400000,0.000000,140,140,210,240,300,340,340,340,340,340,340,120,0,140,182.58917174998714,101.1955530002524,495.59425600000395,3379.883333333333
1780062209,5,GET,/api/concerts,0.700000,0.000000,3,3,3,3,3,3,3,3,3,3,3,39,0,3,4.177347307678503,2.557643999807624,48.33779199998389,753.0
1780062209,5,GET,/health,0.200000,0.000000,3,3,3,3,3,3,3,3,3,3,3,12,0,3,2.816972250040332,2.6379119999546674,3.5523189999366878,56.0
1780062209,5,,Aggregated,2.300000,0.000000,130,140,140,150,240,300,340,340,340,340,340,171,0,130,129.28316270174506,2.557643999807624,495.59425600000395,2547.5146198830407
1780062210,5,POST,/api/book,1.600000,0.000000,150,240,260,270,320,340,340,340,340,340,340,124,0,140,185.0380476693383,101.1955530002524,495.59425600000395,3379.6532258064517
1780062210,5,GET,/api/concerts,0.800000,0.000000,3,3,3,3,3,3,3,3,3,3,3,39,0,3,4.177347307678503,2.557643999807624,48.33779199998389,753.0
1780062210,5,GET,/health,0.100000,0.000000,3,3,3,3,3,3,3,3,3,3,3,12,0,3,2.816972250040332,2.6379119999546674,3.5523189999366878,56.0
1780062210,5,,Aggregated,2.500000,0.000000,140,150,210,260,300,320,340,340,340,340,340,175,0,140,132.2367892742737,2.557643999807624,495.59425600000395,2566.3771428571426
1780062211,5,POST,/api/book,1.500000,0.000000,140,240,260,270,320,340,340,340,340,340,340,125,0,140,184.70183679998445,101.1955530002524,495.59425600000395,3379.448
1780062211,5,GET,/api/concerts,0.700000,0.000000,3,3,3,3,3,3,3,3,3,3,3,39,0,3,4.177347307678503,2.557643999807624,48.33779199998389,753.0
1780062211,5,GET,/health,0.100000,0.000000,3,3,3,3,3,3,3,3,3,3,3,12,0,3,2.816972250040332,2.6379119999546674,3.5523189999366878,56.0
1780062211,5,,Aggregated,2.300000,0.000000,140,140,240,260,300,320,340,340,340,340,340,176,0,140,132.2980102954432,2.557643999807624,495.59425600000395,2570.8522727272725
1780062212,5,POST,/api/book,1.700000,0.000000,140,240,260,270,320,340,340,340,340,340,340,126,0,140,184.15519611903258,101.1955530002524,495.59425600000395,3379.3650793650795
1780062212,5,GET,/api/concerts,0.700000,0.000000,3,3,3,3,3,3,3,3,3,3,3,40,0,3,4.141511749992333,2.557643999807624,48.33779199998389,753.0
1780062212,5,GET,/health,0.100000,0.000000,3,3,3,3,3,3,3,3,3,3,3,12,0,3,2.816972250040332,2.6379119999546674,3.5523189999366878,56.0
1780062212,5,,Aggregated,2.500000,0.000000,140,140,240,260,300,320,340,340,340,340,340,178,0,130,131.47763397751845,2.557643999807624,495.59425600000395,2565.123595505618
1780062213,5,POST,/api/book,1.700000,0.000000,190,240,270,270,320,340,340,340,340,340,340,127,0,140,183.82014077951322,101.1955530002524,495.59425600000395,3379.5905511811025
1780062213,5,GET,/api/concerts,0.700000,0.000000,3,3,3,3,3,3,3,3,3,3,3,41,0,3,4.1071096097433974,2.557643999807624,48.33779199998389,753.0
1780062213,5,GET,/health,0.100000,0.000000,3,3,3,3,3,3,3,3,3,3,3,12,0,3,2.816972250040332,2.6379119999546674,3.5523189999366878,56.0
1780062213,5,,Aggregated,2.500000,0.000000,140,190,240,260,300,320,340,340,340,340,340,180,0,130,130.81862799998967,2.557643999807624,495.59425600000395,2559.738888888889
1780062214,5,POST,/api/book,1.700000,0.000000,210,260,300,320,330,340,340,340,340,340,340,130,0,140,185.38223726921458,101.1955530002524,495.59425600000395,3379.753846153846
1780062214,5,GET,/api/concerts,0.700000,0.000000,3,3,3,3,3,3,3,3,3,3,3,42,0,3,4.072717761887578,2.557643999807624,48.33779199998389,753.0
1780062214,5,GET,/health,0.100000,0.000000,3,3,3,3,3,3,3,3,3,3,3,13,0,3,2.7963069231261146,2.5483230001555057,3.5523189999366878,56.0
1780062214,5,,Aggregated,2.500000,0.000000,140,210,260,300,320,330,340,340,340,340,340,185,0,130,131.38971341079898,2.5483230001555057,495.59425600000395,2549.8486486486486
1780062215,5,POST,/api/book,1.700000,0.000000,190,270,320,320,330,340,340,340,340,340,340,130,0,140,185.38223726921458,101.1955530002524,495.59425600000395,3379.753846153846
1780062215,5,GET,/api/concerts,0.700000,0.000000,3,3,3,3,3,3,3,3,3,3,3,43,0,3,4.0421312557957085,2.557643999807624,48.33779199998389,753.0
1780062215,5,GET,/health,0.100000,0.000000,3,3,3,3,3,3,3,3,3,3,3,13,0,3,2.7963069231261146,2.5483230001555057,3.5523189999366878,56.0
1780062215,5,,Aggregated,2.500000,0.000000,140,190,270,300,320,330,340,340,340,340,340,186,0,130,130.69814236020295,2.5483230001555057,495.59425600000395,2540.1881720430106
1780062216,5,POST,/api/book,1.800000,0.000000,190,270,320,320,330,340,340,340,340,340,340,131,0,140,185.05713446563297,101.1955530002524,495.59425600000395,3379.8549618320612
1780062216,5,GET,/api/concerts,0.700000,0.000000,3,3,3,3,3,3,3,3,3,3,3,44,0,3,4.014544181803682,2.557643999807624,48.33779199998389,753.0
1780062216,5,GET,/health,0.100000,0.000000,3,3,3,3,3,3,3,3,3,3,3,13,0,3,2.7963069231261146,2.5483230001555057,3.5523189999366878,56.0
1780062216,5,,Aggregated,2.600000,0.000000,140,140,270,300,320,330,340,340,340,340,340,188,0,130,130.0823220691379,2.5483230001555057,495.59425600000395,2535.218085106383
1780062217,5,POST,/api/book,1.800000,0.000000,190,270,320,320,330,340,340,340,340,340,340,131,0,140,185.05713446563297,101.1955530002524,495.59425600000395,3379.8549618320612
1780062217,5,GET,/api/concerts,0.800000,0.000000,3,3,3,3,3,3,3,3,3,3,3,45,0,3,3.988987111097231,2.557643999807624,48.33779199998389,753.0
1780062217,5,GET,/health,0.100000,0.000000,3,3,3,3,3,3,3,3,3,3,3,14,0,3,2.7847105000416508,2.5483230001555057,3.5523189999366878,56.0
1780062217,5,,Aggregated,2.700000,0.000000,120,140,190,260,320,320,330,330,330,330,330,190,0,130,128.74197358946253,2.5483230001555057,495.59425600000395,2512.7894736842104
1780062218,5,POST,/api/book,1.800000,0.000000,190,260,320,320,320,330,330,330,330,330,330,131,0,140,185.05713446563297,101.1955530002524,495.59425600000395,3379.8549618320612
1780062218,5,GET,/api/concerts,0.700000,0.000000,3,3,3,3,3,3,3,3,3,3,3,47,0,3,3.934590595729381,2.557643999807624,48.33779199998389,753.0
1780062218,5,GET,/health,0.100000,0.000000,3,3,3,3,3,3,3,3,3,3,3,14,0,3,2.7847105000416508,2.5483230001555057,3.5523189999366878,56.0
1780062218,5,,Aggregated,2.600000,0.000000,120,140,190,260,320,320,330,330,330,330,330,192,0,130,127.42914749998846,2.5483230001555057,495.59425600000395,2494.4583333333335
1780062219,5,POST,/api/book,1.600000,0.000000,190,270,330,330,370,380,380,380,380,380,380,134,0,140,187.52449505968593,101.1955530002524,495.59425600000395,3379.902985074627
1780062219,5,GET,/api/concerts,0.800000,0.000000,3,3,3,3,3,3,3,3,3,3,3,47,0,3,3.934590595729381,2.557643999807624,48.33779199998389,753.0
1780062219,5,GET,/health,0.200000,0.000000,3,3,3,3,3,3,3,3,3,3,3,14,0,3,2.7847105000416508,2.5483230001555057,3.5523189999366878,56.0
1780062219,5,,Aggregated,2.600000,0.000000,120,140,190,270,330,370,380,380,380,380,380,195,0,130,130.0112515025527,2.5483230001555057,495.59425600000395,2508.1128205128207
1780062220,5,POST,/api/book,1.200000,0.000000,140,320,330,330,370,380,380,380,380,380,380,135,0,140,188.4951740740588,101.1955530002524,495.59425600000395,3379.785185185185
1780062220,5,GET,/api/concerts,0.900000,0.000000,3,3,3,3,3,3,3,3,3,3,3,47,0,3,3.934590595729381,2.557643999807624,48.33779199998389,753.0
1780062220,5,GET,/health,0.200000,0.000000,3,3,3,3,3,3,3,3,3,3,3,14,0,3,2.7847105000416508,2.5483230001555057,3.5523189999366878,56.0
1780062220,5,,Aggregated,2.300000,0.000000,100,140,140,320,330,370,380,380,380,380,380,196,0,130,130.9732663520296,2.5483230001555057,495.59425600000395,2512.4795918367345
1780062221,5,POST,/api/book,1.200000,0.000000,320,320,370,370,380,460,460,460,460,460,460,137,0,140,191.39498843064524,101.1955530002524,495.59425600000395,3379.5182481751826
1780062221,5,GET,/api/concerts,0.900000,0.000000,3,3,3,3,3,3,3,3,3,3,3,47,0,3,3.934590595729381,2.557643999807624,48.33779199998389,753.0
1780062221,5,GET,/health,0.200000,0.000000,3,3,3,3,3,3,3,3,3,3,3,14,0,3,2.7847105000416508,2.5483230001555057,3.5523189999366878,56.0
1780062221,5,,Aggregated,2.300000,0.000000,120,140,320,320,370,380,460,460,460,460,460,198,0,130,133.56073292928417,2.5483230001555057,495.59425600000395,2521.0555555555557
1780062222,5,POST,/api/book,1.200000,0.000000,320,320,370,370,380,460,460,460,460,460,460,139,0,140,190.6744249352401,101.1955530002524,495.59425600000395,3379.172661870504
1780062222,5,GET,/api/concerts,0.800000,0.000000,3,3,3,3,3,3,3,3,3,3,3,47,0,3,3.934590595729381,2.557643999807624,48.33779199998389,753.0
1780062222,5,GET,/health,0.200000,0.000000,3,3,3,3,3,3,3,3,3,3,3,16,0,3,2.768708562541633,2.5483230001555057,3.5523189999366878,56.0
1780062222,5,,Aggregated,2.200000,0.000000,140,140,320,320,370,380,460,460,460,460,460,202,0,130,132.34143644058574,2.5483230001555057,495.59425600000395,2504.910891089109
1780062223,5,POST,/api/book,1.200000,0.000000,140,320,370,370,380,460,460,460,460,460,460,140,0,140,190.321572971415,101.1955530002524,495.59425600000395,3379.3785714285714
1780062223,5,GET,/api/concerts,0.800000,0.000000,3,3,3,3,3,3,3,3,3,3,3,47,0,3,3.934590595729381,2.557643999807624,48.33779199998389,753.0
1780062223,5,GET,/health,0.200000,0.000000,3,3,3,3,3,3,3,3,3,3,3,16,0,3,2.768708562541633,2.5483230001555057,3.5523189999366878,56.0
1780062223,5,,Aggregated,2.200000,0.000000,140,140,310,320,380,460,460,460,460,460,460,203,0,140,132.3854448817638,2.5483230001555057,495.59425600000395,2509.35960591133
1780062224,5,POST,/api/book,1.300000,0.000000,170,310,370,370,380,460,460,460,460,460,460,142,0,140,189.59905188026363,101.1955530002524,495.59425600000395,3378.781690140845
1780062224,5,GET,/api/concerts,0.700000,0.000000,3,3,3,3,3,3,3,3,3,3,3,47,0,3,3.934590595729381,2.557643999807624,48.33779199998389,753.0
1780062224,5,GET,/health,0.300000,0.000000,3,3,3,3,3,3,3,3,3,3,3,16,0,3,2.768708562541633,2.5483230001555057,3.5523189999366878,56.0
1780062224,5,,Aggregated,2.300000,0.000000,140,140,310,320,380,460,460,460,460,460,460,205,0,140,132.45019737559699,2.5483230001555057,495.59425600000395,2517.4341463414635
1780062225,5,POST,/api/book,1.300000,0.000000,140,310,320,370,380,460,460,460,460,460,460,144,0,140,188.68225460414578,101.1955530002524,495.59425600000395,3378.9791666666665
1780062225,5,GET,/api/concerts,0.600000,0.000000,3,3,3,3,3,3,3,3,3,3,3,47,0,3,3.934590595729381,2.557643999807624,48.33779199998389,753.0
1780062225,5,GET,/health,0.400000,0.000000,3,3,3,3,3,3,3,3,3,3,3,17,0,3,2.763163058850349,2.5483230001555057,3.5523189999366878,56.0
1780062225,5,,Aggregated,2.300000,0.000000,140,140,310,320,380,460,460,460,460,460,460,208,0,130,131.74107785094583,2.5483230001555057,495.59425600000395,2514.019230769231
1780062226,5,POST,/api/book,1.300000,0.000000,140,170,320,370,380,460,460,460,460,460,460,146,0,140,187.74683286984353,101.1955530002524,495.59425600000395,3379.2328767123286
1780062226,5,GET,/api/concerts,0.600000,0.000000,3,3,3,3,3,3,3,3,3,3,3,47,0,3,3.934590595729381,2.557643999807624,48.33779199998389,753.0
1780062226,5,GET,/health,0.400000,0.000000,3,3,3,3,3,3,3,3,3,3,3,17,0,3,2.763163058850349,2.5483230001555057,3.5523189999366878,56.0
1780062226,5,,Aggregated,2.300000,0.000000,140,140,310,320,380,460,460,460,460,460,460,210,0,130,131.63303394760425,2.5483230001555057,495.59425600000395,2522.4333333333334
1780062227,5,POST,/api/book,1.200000,0.000000,140,170,320,320,380,460,460,460,460,460,460,147,0,140,187.3679745782116,101.1955530002524,495.59425600000395,3379.1428571428573
1780062227,5,GET,/api/concerts,0.500000,0.000000,3,3,3,3,3,3,3,3,3,3,3,47,0,3,3.934590595729381,2.557643999807624,48.33779199998389,753.0
1780062227,5,GET,/health,0.300000,0.000000,3,3,3,3,3,3,3,3,3,3,3,17,0,3,2.763163058850349,2.5483230001555057,3.5523189999366878,56.0
1780062227,5,,Aggregated,2.000000,0.000000,140,140,310,320,380,460,460,460,460,460,460,211,0,130,131.63503219429785,2.5483230001555057,495.59425600000395,2526.4312796208533
1780062228,5,POST,/api/book,1.500000,0.000000,140,190,310,310,410,460,460,460,460,460,460,150,0,140,189.74664009331414,101.1955530002524,495.59425600000395,3378.7466666666664
1780062228,5,GET,/api/concerts,0.300000,0.000000,3,3,3,3,3,3,3,3,3,3,3,47,0,3,3.934590595729381,2.557643999807624,48.33779199998389,753.0
1780062228,5,GET,/health,0.400000,0.000000,3,3,3,3,3,3,3,3,3,3,3,17,0,3,2.763163058850349,2.5483230001555057,3.5523189999366878,56.0
1780062228,5,,Aggregated,2.200000,0.000000,140,170,310,310,410,460,460,460,460,460,460,214,0,140,134.0836240373685,2.5483230001555057,495.59425600000395,2538.107476635514
1780062229,5,POST,/api/book,1.500000,0.000000,140,170,310,310,410,460,460,460,460,460,460,152,0,140,188.9393500920876,98.09750700014774,495.59425600000395,3378.7631578947367
1780062229,5,GET,/api/concerts,0.300000,0.000000,3,3,3,3,3,3,3,3,3,3,3,47,0,3,3.934590595729381,2.557643999807624,48.33779199998389,753.0
1780062229,5,GET,/health,0.400000,0.000000,3,3,3,3,3,3,3,3,3,3,3,17,0,3,2.763163058850349,2.5483230001555057,3.5523189999366878,56.0
1780062229,5,,Aggregated,2.200000,0.000000,140,160,190,310,320,410,460,460,460,460,460,216,0,140,134.03092937035674,2.5483230001555057,495.59425600000395,2545.902777777778
1780062230,5,POST,/api/book,1.700000,0.000000,140,140,160,170,310,410,410,410,410,410,410,155,0,140,188.11782079352975,98.09750700014774,495.59425600000395,3378.8451612903227
1780062230,5,GET,/api/concerts,0.000000,0.000000,3,3,3,3,3,3,3,3,3,3,3,47,0,3,3.934590595729381,2.557643999807624,48.33779199998389,753.0
1780062230,5,GET,/health,0.300000,0.000000,3,3,3,3,3,3,3,3,3,3,3,17,0,3,2.763163058850349,2.5483230001555057,3.5523189999366878,56.0
1780062230,5,,Aggregated,2.000000,0.000000,140,140,160,160,190,310,410,410,410,410,410,219,0,140,134.20165184016824,2.5483230001555057,495.59425600000395,2557.3698630136987
1780062231,5,POST,/api/book,1.900000,0.000000,140,160,170,190,310,410,410,410,410,410,410,158,0,140,187.49637720251587,98.09750700014774,495.59425600000395,3378.6455696202534
1780062231,5,GET,/api/concerts,0.000000,0.000000,3,3,3,3,3,3,3,3,3,3,3,47,0,3,3.934590595729381,2.557643999807624,48.33779199998389,753.0
1780062231,5,GET,/health,0.300000,0.000000,3,3,5,5,5,5,5,5,5,5,5,18,0,3,2.888190833346016,2.5483230001555057,5.01366299977235,56.0
1780062231,5,,Aggregated,2.200000,0.000000,140,140,160,170,190,310,410,410,410,410,410,223,0,140,133.90735780716153,2.5483230001555057,495.59425600000395,2557.0627802690583
1780062232,5,POST,/api/book,2.000000,0.000000,140,160,170,190,310,410,410,410,410,410,410,160,0,140,186.80209591248342,98.09750700014774,495.59425600000395,3378.625
1780062232,5,GET,/api/concerts,0.000000,0.000000,3,3,3,3,3,3,3,3,3,3,3,47,0,3,3.934590595729381,2.557643999807624,48.33779199998389,753.0
1780062232,5,GET,/health,0.300000,0.000000,3,3,5,5,5,5,5,5,5,5,5,18,0,3,2.888190833346016,2.5483230001555057,5.01366299977235,56.0
1780062232,5,,Aggregated,2.300000,0.000000,140,140,160,170,190,310,410,410,410,410,410,225,0,140,133.8899935066527,2.5483230001555057,495.59425600000395,2564.351111111111
1780062233,5,POST,/api/book,2.000000,0.000000,140,160,170,170,190,310,410,410,410,410,410,163,0,140,185.79391193863412,98.09750700014774,495.59425600000395,3378.60736196319
1780062233,5,GET,/api/concerts,0.000000,0.000000,3,3,3,3,3,3,3,3,3,3,3,47,0,3,3.934590595729381,2.557643999807624,48.33779199998389,753.0
1780062233,5,GET,/health,0.300000,0.000000,5,5,5,5,5,5,5,5,5,5,5,18,0,3,2.888190833346016,2.5483230001555057,5.01366299977235,56.0
1780062233,5,,Aggregated,2.300000,0.000000,140,140,170,170,190,310,410,410,410,410,410,228,0,140,133.86544227630208,2.5483230001555057,495.59425600000395,2575.0526315789475
1780062234,5,POST,/api/book,2.100000,0.000000,140,160,190,190,300,310,410,410,410,410,410,165,0,140,186.96045172119656,98.09750700014774,495.59425600000395,3378.89696969697
1780062234,5,GET,/api/concerts,0.000000,0.000000,3,3,3,3,3,3,3,3,3,3,3,48,0,3,3.910921791648055,2.557643999807624,48.33779199998389,753.0
1780062234,5,GET,/health,0.300000,0.000000,5,5,5,5,5,5,5,5,5,5,5,18,0,3,2.888190833346016,2.5483230001555057,5.01366299977235,56.0
1780062234,5,,Aggregated,2.400000,0.000000,140,160,190,190,300,310,410,410,410,410,410,231,0,140,134.5808927056137,2.5483230001555057,495.59425600000395,2574.3290043290044
1780062235,5,POST,/api/book,2.100000,0.000000,140,170,190,270,310,410,410,410,410,410,410,165,0,140,186.96045172119656,98.09750700014774,495.59425600000395,3378.89696969697
1780062235,5,GET,/api/concerts,0.000000,0.000000,3,3,3,3,3,3,3,3,3,3,3,49,0,3,3.8950295714093213,2.557643999807624,48.33779199998389,753.0
1780062235,5,GET,/health,0.300000,0.000000,5,5,5,5,5,5,5,5,5,5,5,18,0,3,2.888190833346016,2.5483230001555057,5.01366299977235,56.0
1780062235,5,,Aggregated,2.400000,0.000000,140,160,190,190,300,310,410,410,410,410,410,232,0,140,134.0143035258479,2.5483230001555057,495.59425600000395,2566.478448275862
1780062236,5,POST,/api/book,2.100000,0.000000,140,170,190,270,310,410,410,410,410,410,410,167,0,140,186.39186396405725,98.09750700014774,495.59425600000395,3378.3353293413174
1780062236,5,GET,/api/concerts,0.000000,0.000000,3,3,3,3,3,3,3,3,3,3,3,50,0,3,3.8656113799879677,2.424120000341645,48.33779199998389,753.0
1780062236,5,GET,/health,0.200000,0.000000,5,5,5,5,5,5,5,5,5,5,5,18,0,3,2.888190833346016,2.5483230001555057,5.01366299977235,56.0
1780062236,5,,Aggregated,2.300000,0.000000,140,160,190,190,300,310,410,410,410,410,410,235,0,140,133.50089057871145,2.424120000341645,495.59425600000395,2565.276595744681
1780062237,5,POST,/api/book,2.100000,0.000000,140,160,190,270,310,410,410,410,410,410,410,167,0,140,186.39186396405725,98.09750700014774,495.59425600000395,3378.3353293413174
1780062237,5,GET,/api/concerts,0.000000,0.000000,3,3,3,3,3,3,3,3,3,3,3,50,0,3,3.8656113799879677,2.424120000341645,48.33779199998389,753.0
1780062237,5,GET,/health,0.200000,0.000000,5,5,5,5,5,5,5,5,5,5,5,18,0,3,2.888190833346016,2.5483230001555057,5.01366299977235,56.0
1780062237,5,,Aggregated,2.300000,0.000000,140,160,170,190,300,310,410,410,410,410,410,235,0,140,133.50089057871145,2.424120000341645,495.59425600000395,2565.276595744681
1780062238,5,POST,/api/book,2.100000,0.000000,140,170,210,270,300,300,300,300,300,300,300,171,0,140,187.39498453215296,98.09750700014774,495.59425600000395,3378.3684210526317
1780062238,5,GET,/api/concerts,0.300000,0.000000,3,3,3,3,3,3,3,3,3,3,3,50,0,3,3.8656113799879677,2.424120000341645,48.33779199998389,753.0
1780062238,5,GET,/health,0.100000,0.000000,5,5,5,5,5,5,5,5,5,5,5,18,0,3,2.888190833346016,2.5483230001555057,5.01366299977235,56.0
1780062238,5,,Aggregated,2.500000,0.000000,140,160,190,210,290,300,300,300,300,300,300,239,0,140,135.10380903346353,2.424120000341645,495.59425600000395,2578.907949790795
1780062239,5,POST,/api/book,2.100000,0.000000,140,170,210,270,300,300,300,300,300,300,300,172,0,140,187.11891924998898,98.09750700014774,495.59425600000395,3378.25
1780062239,5,GET,/api/concerts,0.300000,0.000000,3,3,3,3,3,3,3,3,3,3,3,50,0,3,3.8656113799879677,2.424120000341645,48.33779199998389,753.0
1780062239,5,GET,/health,0.100000,0.000000,5,5,5,5,5,5,5,5,5,5,5,18,0,3,2.888190833346016,2.5483230001555057,5.01366299977235,56.0
1780062239,5,,Aggregated,2.500000,0.000000,140,140,190,210,290,300,300,300,300,300,300,240,0,140,135.1238421458239,2.424120000341645,495.59425600000395,2582.1541666666667
1780062240,5,POST,/api/book,2.200000,0.000000,140,210,290,300,330,340,340,340,340,340,340,176,0,140,188.3695191533987,98.09750700014774,495.59425600000395,3378.4602272727275
1780062240,5,GET,/api/concerts,0.300000,0.000000,3,3,3,3,3,3,3,3,3,3,3,51,0,3,3.841858254890765,2.424120000341645,48.33779199998389,753.0
1780062240,5,GET,/health,0.100000,0.000000,5,5,5,5,5,5,5,5,5,5,5,18,0,3,2.888190833346016,2.5483230001555057,5.01366299977235,56.0
1780062240,5,,Aggregated,2.600000,0.000000,140,170,270,290,300,330,340,340,340,340,340,245,0,140,136.33043908978703,2.424120000341645,495.59425600000395,2587.8367346938776
1780062241,5,POST,/api/book,2.000000,0.000000,170,210,290,300,330,340,340,340,340,340,340,177,0,140,188.1185121186343,98.09750700014774,495.59425600000395,3378.576271186441
1780062241,5,GET,/api/concerts,0.300000,0.000000,3,3,3,3,3,3,3,3,3,3,3,51,0,3,3.841858254890765,2.424120000341645,48.33779199998389,753.0
1780062241,5,GET,/health,0.100000,0.000000,5,5,5,5,5,5,5,5,5,5,5,18,0,3,2.888190833346016,2.5483230001555057,5.01366299977235,56.0
1780062241,5,,Aggregated,2.400000,0.000000,140,180,270,290,300,330,340,340,340,340,340,246,0,140,136.36137744308098,2.424120000341645,495.59425600000395,2591.1341463414633
1780062242,5,POST,/api/book,1.900000,0.000000,170,210,290,300,330,340,340,340,340,340,340,179,0,140,187.60789541898174,98.09750700014774,495.59425600000395,3378.7374301675977
1780062242,5,GET,/api/concerts,0.300000,0.000000,3,3,3,3,3,3,3,3,3,3,3,51,0,3,3.841858254890765,2.424120000341645,48.33779199998389,753.0
1780062242,5,GET,/health,0.100000,0.000000,5,5,43,43,43,43,43,43,43,43,43,20,0,3,5.015890199979367,2.5483230001555057,43.157205999705184,56.0
1780062242,5,,Aggregated,2.300000,0.000000,140,170,270,290,300,330,340,340,340,340,340,250,0,140,135.512263419987,2.424120000341645,495.59425600000395,2577.268
1780062243,5,POST,/api/book,1.900000,0.000000,160,270,290,300,330,340,340,340,340,340,340,180,0,140,187.37829523887638,98.09750700014774,495.59425600000395,3378.75
1780062243,5,GET,/api/concerts,0.400000,0.000000,3,3,3,6,6,6,6,6,6,6,6,52,0,3,3.8848959807620096,2.424120000341645,48.33779199998389,753.0
1780062243,5,GET,/health,0.100000,0.000000,5,5,43,43,43,43,43,43,43,43,43,21,0,3,4.9282192856783995,2.5483230001555057,43.157205999705184,56.0
1780062243,5,,Aggregated,2.400000,0.000000,140,160,210,290,300,330,340,340,340,340,340,253,0,140,134.52015944267438,2.424120000341645,495.59425600000395,2563.2687747035575
1780062244,5,POST,/api/book,1.900000,0.000000,150,180,290,290,330,340,340,340,340,340,340,181,0,140,187.11099689501563,98.09750700014774,495.59425600000395,3378.707182320442
1780062244,5,GET,/api/concerts,0.400000,0.000000,3,3,6,6,6,6,6,6,6,6,6,53,0,3,3.8610258113105784,2.424120000341645,48.33779199998389,753.0
1780062244,5,GET,/health,0.200000,0.000000,5,5,43,43,43,43,43,43,43,43,43,21,0,3,4.9282192856783995,2.5483230001555057,43.157205999705184,56.0
1780062244,5,,Aggregated,2.500000,0.000000,140,150,180,210,300,330,340,340,340,340,340,255,0,140,134.02046043528057,2.424120000341645,495.59425600000395,2559.337254901961
1780062245,5,POST,/api/book,1.900000,0.000000,140,160,210,290,330,340,340,340,340,340,340,183,0,140,186.49559219124595,98.09750700014774,495.59425600000395,3378.9398907103823
1780062245,5,GET,/api/concerts,0.400000,0.000000,3,3,3,6,6,6,6,6,6,6,6,54,0,3,3.8446266851729485,2.424120000341645,48.33779199998389,753.0
1780062245,5,GET,/health,0.200000,0.000000,5,5,43,43,43,43,43,43,43,43,43,21,0,3,4.9282192856783995,2.5483230001555057,43.157205999705184,56.0
1780062245,5,,Aggregated,2.500000,0.000000,140,140,160,180,300,330,340,340,340,340,340,258,0,140,133.48758068603334,2.424120000341645,495.59425600000395,2558.8527131782944
1780062246,5,POST,/api/book,1.800000,0.000000,140,160,210,290,330,340,340,340,340,340,340,186,0,140,185.50069455375373,98.09750700014774,495.59425600000395,3378.983870967742
1780062246,5,GET,/api/concerts,0.500000,0.000000,3,3,3,3,6,6,6,6,6,6,6,56,0,3,3.8080850357005147,2.424120000341645,48.33779199998389,753.0
1780062246,5,GET,/health,0.300000,0.000000,5,5,43,43,43,43,43,43,43,43,43,21,0,3,4.9282192856783995,2.5483230001555057,43.157205999705184,56.0
1780062246,5,,Aggregated,2.600000,0.000000,130,140,160,180,300,330,340,340,340,340,340,263,0,140,132.3949602813562,2.424120000341645,495.59425600000395,2554.505703422053
1780062247,5,POST,/api/book,1.800000,0.000000,140,140,150,160,330,340,340,340,340,340,340,188,0,140,184.80188797339673,98.09750700014774,495.59425600000395,3378.8670212765956
1780062247,5,GET,/api/concerts,0.500000,0.000000,3,3,3,3,6,6,6,6,6,6,6,56,0,3,3.8080850357005147,2.424120000341645,48.33779199998389,753.0
1780062247,5,GET,/health,0.300000,0.000000,5,5,43,43,43,43,43,43,43,43,43,21,0,3,4.9282192856783995,2.5483230001555057,43.157205999705184,56.0
1780062247,5,,Aggregated,2.600000,0.000000,120,140,140,150,180,330,340,340,340,340,340,265,0,140,132.3000011547059,2.424120000341645,495.59425600000395,2560.6452830188678
1780062248,5,POST,/api/book,1.700000,0.000000,140,150,150,160,330,340,340,340,340,340,340,189,0,140,184.44931222221484,98.09750700014774,495.59425600000395,3379.0158730158732
1780062248,5,GET,/api/concerts,0.600000,0.000000,3,3,3,3,6,6,6,6,6,6,6,56,0,3,3.8080850357005147,2.424120000341645,48.33779199998389,753.0
1780062248,5,GET,/health,0.300000,0.000000,5,5,43,43,43,43,43,43,43,43,43,21,0,3,4.9282192856783995,2.5483230001555057,43.157205999705184,56.0
1780062248,5,,Aggregated,2.600000,0.000000,120,140,140,150,180,330,340,340,340,340,340,266,0,140,132.2468623195379,2.424120000341645,495.59425600000395,2563.8270676691727
1780062249,5,POST,/api/book,1.700000,0.000000,140,150,160,160,330,340,340,340,340,340,340,189,0,140,184.44931222221484,98.09750700014774,495.59425600000395,3379.0158730158732
1780062249,5,GET,/api/concerts,0.600000,0.000000,3,3,3,3,6,6,6,6,6,6,6,56,0,3,3.8080850357005147,2.424120000341645,48.33779199998389,753.0
1780062249,5,GET,/health,0.300000,0.000000,5,5,43,43,43,43,43,43,43,43,43,21,0,3,4.9282192856783995,2.5483230001555057,43.157205999705184,56.0
1780062249,5,,Aggregated,2.600000,0.000000,120,140,140,150,180,330,340,340,340,340,340,266,0,140,132.2468623195379,2.424120000341645,495.59425600000395,2563.8270676691727
1780062250,5,POST,/api/book,1.900000,0.000000,140,150,160,160,340,380,380,380,380,380,380,192,0,140,187.09118181249096,98.09750700014774,495.59425600000395,3378.859375
1780062250,5,GET,/api/concerts,0.600000,0.000000,3,3,6,6,8,8,8,8,8,8,8,57,0,3,3.87539710525169,2.424120000341645,48.33779199998389,753.0
1780062250,5,GET,/health,0.300000,0.000000,5,5,43,43,43,43,43,43,43,43,43,21,0,3,4.9282192856783995,2.5483230001555057,43.157205999705184,56.0
1780062250,5,,Aggregated,2.800000,0.000000,120,140,140,150,340,340,380,380,380,380,380,270,0,140,134.24406351109948,2.424120000341645,495.59425600000395,2566.0666666666666
1780062251,5,POST,/api/book,1.700000,0.000000,140,150,160,160,340,380,380,380,380,380,380,194,0,140,186.37305814431826,96.68649999957779,495.59425600000395,3378.994845360825
1780062251,5,GET,/api/concerts,0.600000,0.000000,3,3,6,6,8,8,8,8,8,8,8,57,0,3,3.87539710525169,2.424120000341645,48.33779199998389,753.0
1780062251,5,GET,/health,0.300000,0.000000,5,5,43,43,43,43,43,43,43,43,43,22,0,3,4.84616986359883,2.5483230001555057,43.157205999705184,56.0
1780062251,5,,Aggregated,2.600000,0.000000,120,140,150,150,340,340,380,380,380,380,380,273,0,140,133.6406104468728,2.424120000341645,495.59425600000395,2562.923076923077
1780062252,5,POST,/api/book,1.900000,0.000000,140,150,150,160,340,380,380,380,380,380,380,196,0,140,185.9671779591698,96.68649999957779,495.59425600000395,3379.076530612245
1780062252,5,GET,/api/concerts,0.700000,0.000000,3,3,6,6,8,8,8,8,8,8,8,57,0,3,3.87539710525169,2.424120000341645,48.33779199998389,753.0
1780062252,5,GET,/health,0.300000,0.000000,3,3,3,3,3,3,3,3,3,3,3,23,0,3,4.751350826055663,2.5483230001555057,43.157205999705184,56.0
1780062252,5,,Aggregated,2.900000,0.000000,120,140,140,150,340,340,380,380,380,380,380,276,0,140,133.25994776810114,2.424120000341645,495.59425600000395,2559.8115942028985
1780062253,5,POST,/api/book,1.900000,0.000000,140,150,160,160,340,380,380,380,380,380,380,198,0,140,185.57772195453188,96.68649999957779,495.59425600000395,3379.030303030303
1780062253,5,GET,/api/concerts,0.700000,0.000000,3,3,3,8,8,8,8,8,8,8,8,57,0,3,3.87539710525169,2.424120000341645,48.33779199998389,753.0
1780062253,5,GET,/health,0.300000,0.000000,3,3,3,3,3,3,3,3,3,3,3,23,0,3,4.751350826055663,2.5483230001555057,43.157205999705184,56.0
1780062253,5,,Aggregated,2.900000,0.000000,120,140,150,160,340,340,380,380,380,380,380,278,0,140,133.3617541402732,2.424120000341645,495.59425600000395,2565.672661870504
1780062254,5,POST,/api/book,1.700000,0.000000,140,150,160,160,340,380,380,380,380,380,380,199,0,140,185.34747385425652,96.68649999957779,495.59425600000395,3379.396984924623
1780062254,5,GET,/api/concerts,0.600000,0.000000,3,3,3,8,8,8,8,8,8,8,8,59,0,3,3.8444364406702443,2.424120000341645,48.33779199998389,753.0
1780062254,5,GET,/health,0.300000,0.000000,3,3,3,3,3,3,3,3,3,3,3,23,0,3,4.751350826055663,2.5483230001555057,43.157205999705184,56.0
1780062254,5,,Aggregated,2.600000,0.000000,120,140,150,160,340,340,380,380,380,380,380,281,0,140,132.45640610674695,2.424120000341645,495.59425600000395,2555.9252669039147
1780062255,5,POST,/api/book,1.700000,0.000000,140,150,160,340,340,380,380,380,380,380,380,199,0,140,185.34747385425652,96.68649999957779,495.59425600000395,3379.396984924623
1780062255,5,GET,/api/concerts,0.600000,0.000000,3,3,3,8,8,8,8,8,8,8,8,59,0,3,3.8444364406702443,2.424120000341645,48.33779199998389,753.0
1780062255,5,GET,/health,0.300000,0.000000,3,3,3,3,3,3,3,3,3,3,3,23,0,3,4.751350826055663,2.5483230001555057,43.157205999705184,56.0
1780062255,5,,Aggregated,2.600000,0.000000,140,140,160,160,340,380,380,380,380,380,380,281,0,140,132.45640610674695,2.424120000341645,495.59425600000395,2555.9252669039147
1780062256,5,POST,/api/book,1.700000,0.000000,140,140,160,160,340,380,380,380,380,380,380,202,0,140,184.64055804949132,96.68649999957779,495.59425600000395,3379.6237623762377
1780062256,5,GET,/api/concerts,0.600000,0.000000,3,3,3,8,8,8,8,8,8,8,8,59,0,3,3.8444364406702443,2.424120000341645,48.33779199998389,753.0
1780062256,5,GET,/health,0.200000,0.000000,3,3,3,3,3,3,3,3,3,3,3,25,0,3,4.579136759984976,2.5483230001555057,43.157205999705184,56.0
1780062256,5,,Aggregated,2.500000,0.000000,130,140,140,160,340,340,380,380,380,380,380,286,0,140,131.60382131117632,2.424120000341645,495.59425600000395,2547.2412587412587
1780062257,5,POST,/api/book,1.600000,0.000000,140,140,160,340,340,380,380,380,380,380,380,203,0,140,184.41356000983808,96.68649999957779,495.59425600000395,3379.733990147783
1780062257,5,GET,/api/concerts,0.500000,0.000000,3,3,8,8,8,8,8,8,8,8,8,59,0,3,3.8444364406702443,2.424120000341645,48.33779199998389,753.0
1780062257,5,GET,/health,0.200000,0.000000,3,3,3,3,3,3,3,3,3,3,3,25,0,3,4.579136759984976,2.5483230001555057,43.157205999705184,56.0
1780062257,5,,Aggregated,2.300000,0.000000,140,140,140,160,340,340,380,380,380,380,380,287,0,140,131.62805871427284,2.424120000341645,495.59425600000395,2550.2195121951218
1780062258,5,POST,/api/book,1.700000,0.000000,140,160,160,340,340,380,380,380,380,380,380,203,0,140,184.41356000983808,96.68649999957779,495.59425600000395,3379.733990147783
1780062258,5,GET,/api/concerts,0.300000,0.000000,3,3,8,8,8,8,8,8,8,8,8,60,0,3,3.831096316662297,2.424120000341645,48.33779199998389,753.0
1780062258,5,GET,/health,0.300000,0.000000,3,3,3,3,3,3,3,3,3,3,3,25,0,3,4.579136759984976,2.5483230001555057,43.157205999705184,56.0
1780062258,5,,Aggregated,2.300000,0.000000,140,140,140,160,340,340,380,380,380,380,380,288,0,140,131.18158638887675,2.424120000341645,495.59425600000395,2543.9791666666665
1780062259,5,POST,/api/book,1.600000,0.000000,140,140,160,160,340,380,380,380,380,380,380,206,0,140,183.58070987377215,96.68649999957779,495.59425600000395,3379.893203883495
1780062259,5,GET,/api/concerts,0.300000,0.000000,3,3,8,8,8,8,8,8,8,8,8,60,0,3,3.831096316662297,2.424120000341645,48.33779199998389,753.0
1780062259,5,GET,/health,0.400000,0.000000,3,3,3,3,3,3,3,3,3,3,3,25,0,3,4.579136759984976,2.5483230001555057,43.157205999705184,56.0
1780062259,5,,Aggregated,2.300000,0.000000,140,140,140,160,340,340,380,380,380,380,380,291,0,140,131.14079186253073,2.424120000341645,495.59425600000395,2552.7079037800686
1780062260,5,POST,/api/book,1.500000,0.000000,140,140,140,140,160,160,160,160,160,160,160,207,0,140,183.37657874877794,96.68649999957779,495.59425600000395,3379.9082125603863
1780062260,5,GET,/api/concerts,0.300000,0.000000,3,3,8,8,8,8,8,8,8,8,8,60,0,3,3.831096316662297,2.424120000341645,48.33779199998389,753.0
1780062260,5,GET,/health,0.400000,0.000000,3,3,3,3,3,3,3,3,3,3,3,26,0,3,4.499134923067826,2.4990890001390653,43.157205999705184,56.0
1780062260,5,,Aggregated,2.200000,0.000000,130,140,140,140,140,160,160,160,160,160,160,293,0,140,130.73650200681416,2.424120000341645,495.59425600000395,2547.0204778156995
1780062261,5,POST,/api/book,1.500000,0.000000,140,140,140,140,140,160,160,160,160,160,160,208,0,140,183.15690075479324,96.68649999957779,495.59425600000395,3380.0721153846152
1780062261,5,GET,/api/concerts,0.300000,0.000000,3,3,3,9,9,9,9,9,9,9,9,62,0,3,3.897819806451803,2.424120000341645,48.33779199998389,753.0
1780062261,5,GET,/health,0.400000,0.000000,3,3,3,3,3,3,3,3,3,3,3,26,0,3,4.499134923067826,2.4990890001390653,43.157205999705184,56.0
1780062261,5,,Aggregated,2.200000,0.000000,130,140,140,140,140,140,160,160,160,160,160,296,0,140,129.9164786925567,2.424120000341645,495.59425600000395,2537.8277027027025
1780062262,5,POST,/api/book,1.500000,0.000000,140,140,140,140,140,160,160,160,160,160,160,210,0,140,182.73929009046253,96.68649999957779,495.59425600000395,3380.0809523809526
1780062262,5,GET,/api/concerts,0.300000,0.000000,3,3,3,9,9,9,9,9,9,9,9,62,0,3,3.897819806451803,2.424120000341645,48.33779199998389,753.0
1780062262,5,GET,/health,0.400000,0.000000,3,3,3,3,3,3,3,3,3,3,3,27,0,3,4.431510259244668,2.4990890001390653,43.157205999705184,56.0
1780062262,5,,Aggregated,2.200000,0.000000,130,140,140,140,140,140,140,140,140,140,140,299,0,140,129.55373419396912,2.424120000341645,495.59425600000395,2535.1672240802677
1780062263,5,POST,/api/book,1.600000,0.000000,140,140,140,140,140,140,140,140,140,140,140,212,0,140,182.11044166036586,96.68649999957779,495.59425600000395,3380.014150943396
1780062263,5,GET,/api/concerts,0.500000,0.000000,3,3,3,9,9,9,9,9,9,9,9,63,0,3,3.8806993333353255,2.424120000341645,48.33779199998389,753.0
1780062263,5,GET,/health,0.500000,0.000000,3,3,3,3,3,3,3,3,3,3,3,27,0,3,4.431510259244668,2.4990890001390653,43.157205999705184,56.0
1780062263,5,,Aggregated,2.600000,0.000000,120,140,140,140,140,140,140,140,140,140,140,302,0,140,129.044862473501,2.424120000341645,495.59425600000395,2534.8145695364237
1780062264,5,POST,/api/book,1.400000,0.000000,140,140,140,140,140,140,140,140,140,140,140,213,0,140,181.9255722300364,96.68649999957779,495.59425600000395,3379.957746478873
1780062264,5,GET,/api/concerts,0.500000,0.000000,3,3,3,9,9,9,9,9,9,9,9,63,0,3,3.8806993333353255,2.424120000341645,48.33779199998389,753.0
1780062264,5,GET,/health,0.300000,0.000000,3,3,3,3,3,3,3,3,3,3,3,27,0,3,4.431510259244668,2.4990890001390653,43.157205999705184,56.0
1780062264,5,,Aggregated,2.200000,0.000000,130,140,140,140,140,140,140,140,140,140,140,303,0,140,129.09003867985973,2.424120000341645,495.59425600000395,2537.5643564356437
1780062265,5,POST,/api/book,1.300000,0.000000,140,140,140,140,220,270,270,270,270,270,270,216,0,140,182.3571912083231,96.68649999957779,495.59425600000395,3379.6805555555557
1780062265,5,GET,/api/concerts,0.500000,0.000000,3,3,3,9,9,9,9,9,9,9,9,63,0,3,3.8806993333353255,2.424120000341645,48.33779199998389,753.0
1780062265,5,GET,/health,0.400000,0.000000,3,3,4,4,4,4,4,4,4,4,4,28,0,3,4.432065642845373,2.4990890001390653,43.157205999705184,56.0
1780062265,5,,Aggregated,2.200000,0.000000,140,140,140,140,140,220,270,270,270,270,270,307,0,140,129.50402344298888,2.424120000341645,495.59425600000395,2537.5179153094464
1780062266,5,POST,/api/book,1.300000,0.000000,140,140,140,140,220,270,270,270,270,270,270,216,0,140,182.3571912083231,96.68649999957779,495.59425600000395,3379.6805555555557
1780062266,5,GET,/api/concerts,0.500000,0.000000,3,3,9,9,9,9,9,9,9,9,9,63,0,3,3.8806993333353255,2.424120000341645,48.33779199998389,753.0
1780062266,5,GET,/health,0.400000,0.000000,3,3,4,4,4,4,4,4,4,4,4,28,0,3,4.432065642845373,2.4990890001390653,43.157205999705184,56.0
1780062266,5,,Aggregated,2.200000,0.000000,140,140,140,140,140,220,270,270,270,270,270,307,0,140,129.50402344298888,2.424120000341645,495.59425600000395,2537.5179153094464
1780062267,5,POST,/api/book,1.400000,0.000000,140,140,220,270,410,490,490,490,490,490,490,220,0,140,185.15425564089787,96.68649999957779,495.59425600000395,3379.7090909090907
1780062267,5,GET,/api/concerts,0.400000,0.000000,3,3,9,9,9,9,9,9,9,9,9,63,0,3,3.8806993333353255,2.424120000341645,48.33779199998389,753.0
1780062267,5,GET,/health,0.400000,0.000000,3,3,4,4,4,4,4,4,4,4,4,28,0,3,4.432065642845373,2.4990890001390653,43.157205999705184,56.0
1780062267,5,,Aggregated,2.200000,0.000000,140,140,140,220,340,410,490,490,490,490,490,311,0,140,132.16243773954125,2.424120000341645,495.59425600000395,2548.369774919614
1780062268,5,POST,/api/book,1.500000,0.000000,140,140,220,270,410,490,490,490,490,490,490,222,0,140,184.56178299098187,96.68649999957779,495.59425600000395,3379.734234234234
1780062268,5,GET,/api/concerts,0.400000,0.000000,3,3,3,9,9,9,9,9,9,9,9,64,0,3,3.864385265622161,2.424120000341645,48.33779199998389,753.0
1780062268,5,GET,/health,0.400000,0.000000,3,3,4,4,4,4,4,4,4,4,4,28,0,3,4.432065642845373,2.4990890001390653,43.157205999705184,56.0
1780062268,5,,Aggregated,2.300000,0.000000,140,140,140,220,340,410,490,490,490,490,490,314,0,140,131.66921757642507,2.424120000341645,495.59425600000395,2547.9649681528663
1780062269,5,POST,/api/book,1.700000,0.000000,140,140,270,270,410,490,490,490,490,490,490,223,0,140,184.19059497308407,96.68649999957779,495.59425600000395,3379.7219730941706
1780062269,5,GET,/api/concerts,0.400000,0.000000,3,3,3,9,9,9,9,9,9,9,9,65,0,3,3.8482319999974814,2.424120000341645,48.33779199998389,753.0
1780062269,5,GET,/health,0.300000,0.000000,3,3,4,4,4,4,4,4,4,4,4,28,0,3,4.432065642845373,2.4990890001390653,43.157205999705184,56.0
1780062269,5,,Aggregated,2.400000,0.000000,120,140,140,220,340,410,490,490,490,490,490,316,0,140,131.16688480062425,2.424120000341645,495.59425600000395,2544.9082278481014
1780062270,5,POST,/api/book,1.700000,0.000000,140,140,270,270,410,490,490,490,490,490,490,224,0,140,183.97997411606016,96.68649999957779,495.59425600000395,3379.5133928571427
1780062270,5,GET,/api/concerts,0.400000,0.000000,3,3,3,9,9,9,9,9,9,9,9,65,0,3,3.8482319999974814,2.424120000341645,48.33779199998389,753.0
1780062270,5,GET,/health,0.300000,0.000000,3,3,4,4,4,4,4,4,4,4,4,28,0,3,4.432065642845373,2.4990890001390653,43.157205999705184,56.0
1780062270,5,,Aggregated,2.400000,0.000000,140,140,140,220,340,410,490,490,490,490,490,317,0,140,131.1853221451009,2.424120000341645,495.59425600000395,2547.3943217665615
1780062271,5,POST,/api/book,1.700000,0.000000,140,140,270,270,410,490,490,490,490,490,490,225,0,140,183.79906931554507,96.68649999957779,495.59425600000395,3379.5333333333333
1780062271,5,GET,/api/concerts,0.500000,0.000000,3,3,3,3,3,3,3,3,3,3,3,67,0,3,3.815343253729985,2.424120000341645,48.33779199998389,753.0
1780062271,5,GET,/health,0.300000,0.000000,4,4,4,4,4,4,4,4,4,4,4,28,0,3,4.432065642845373,2.4990890001390653,43.157205999705184,56.0
1780062271,5,,Aggregated,2.500000,0.000000,120,140,140,220,340,410,490,490,490,490,490,320,0,140,130.42036384999133,2.424120000341645,495.59425600000395,2538.79375
1780062272,5,POST,/api/book,1.700000,0.000000,140,140,270,270,410,490,490,490,490,490,490,227,0,140,183.26211779294113,96.68649999957779,495.59425600000395,3379.453744493392
1780062272,5,GET,/api/concerts,0.500000,0.000000,3,3,3,3,3,3,3,3,3,3,3,67,0,3,3.815343253729985,2.424120000341645,48.33779199998389,753.0
1780062272,5,GET,/health,0.300000,0.000000,4,4,4,4,4,4,4,4,4,4,4,28,0,3,4.432065642845373,2.4990890001390653,43.157205999705184,56.0
1780062272,5,,Aggregated,2.500000,0.000000,120,140,140,220,340,410,490,490,490,490,490,322,0,140,130.37337445651312,2.424120000341645,495.59425600000395,2543.9596273291927
1780062273,5,POST,/api/book,1.600000,0.000000,140,140,270,270,410,490,490,490,490,490,490,228,0,140,182.90099054823517,96.68649999957779,495.59425600000395,3379.495614035088
1780062273,5,GET,/api/concerts,0.400000,0.000000,3,3,3,3,3,3,3,3,3,3,3,68,0,3,3.800423338234663,2.424120000341645,48.33779199998389,753.0
1780062273,5,GET,/health,0.200000,0.000000,4,4,4,4,4,4,4,4,4,4,4,28,0,3,4.432065642845373,2.4990890001390653,43.157205999705184,56.0
1780062273,5,,Aggregated,2.200000,0.000000,120,140,140,220,340,410,490,490,490,490,490,324,0,130,129.88874219134954,2.424120000341645,495.59425600000395,2541.0401234567903
1780062274,5,POST,/api/book,1.700000,0.000000,140,220,270,280,410,490,490,490,490,490,490,231,0,140,183.37399522509796,96.68649999957779,495.59425600000395,3379.3896103896104
1780062274,5,GET,/api/concerts,0.500000,0.000000,3,3,3,3,3,3,3,3,3,3,3,68,0,3,3.800423338234663,2.424120000341645,48.33779199998389,753.0
1780062274,5,GET,/health,0.200000,0.000000,4,4,4,4,4,4,4,4,4,4,4,28,0,3,4.432065642845373,2.4990890001390653,43.157205999705184,56.0
1780062274,5,,Aggregated,2.400000,0.000000,140,140,230,270,340,410,490,490,490,490,490,327,0,140,130.70923401222404,2.424120000341645,495.59425600000395,2548.65749235474
1780062275,5,POST,/api/book,1.600000,0.000000,140,140,230,280,410,490,490,490,490,490,490,233,0,140,182.949724515012,96.68649999957779,495.59425600000395,3379.3948497854076
1780062275,5,GET,/api/concerts,0.500000,0.000000,3,3,3,3,3,3,3,3,3,3,3,69,0,3,3.7901456956509114,2.424120000341645,48.33779199998389,753.0
1780062275,5,GET,/health,0.100000,0.000000,4,4,4,4,4,4,4,4,4,4,4,28,0,3,4.432065642845373,2.4990890001390653,43.157205999705184,56.0
1780062275,5,,Aggregated,2.200000,0.000000,120,140,140,230,340,410,490,490,490,490,490,330,0,140,130.34213243332542,2.424120000341645,495.59425600000395,2548.2545454545457
1780062276,5,POST,/api/book,1.800000,0.000000,140,140,140,230,250,280,280,280,280,280,280,237,0,140,183.02671632488762,96.68649999957779,495.59425600000395,3379.46835443038
1780062276,5,GET,/api/concerts,0.500000,0.000000,3,3,3,3,3,3,3,3,3,3,3,69,0,3,3.7901456956509114,2.424120000341645,48.33779199998389,753.0
1780062276,5,GET,/health,0.100000,0.000000,4,4,4,4,4,4,4,4,4,4,4,28,0,3,4.432065642845373,2.4990890001390653,43.157205999705184,56.0
1780062276,5,,Aggregated,2.400000,0.000000,130,140,140,140,230,250,280,280,280,280,280,334,0,140,131.02679538921547,2.424120000341645,495.59425600000395,2558.2604790419164
1780062277,5,POST,/api/book,1.900000,0.000000,140,140,140,230,250,280,280,280,280,280,280,238,0,140,182.8445473907498,96.68649999957779,495.59425600000395,3379.5
1780062277,5,GET,/api/concerts,0.500000,0.000000,3,3,3,3,3,3,3,3,3,3,3,69,0,3,3.7901456956509114,2.424120000341645,48.33779199998389,753.0
1780062277,5,GET,/health,0.100000,0.000000,4,4,4,4,4,4,4,4,4,4,4,29,0,3,4.367731344826034,2.4990890001390653,43.157205999705184,56.0
1780062277,5,,Aggregated,2.500000,0.000000,130,140,140,140,230,250,280,280,280,280,280,336,0,140,130.6701980386855,2.424120000341645,495.59425600000395,2553.279761904762
1780062278,5,POST,/api/book,1.900000,0.000000,140,140,180,230,250,280,280,280,280,280,280,240,0,140,182.6535746833277,96.68649999957779,495.59425600000395,3379.508333333333
1780062278,5,GET,/api/concerts,0.600000,0.000000,3,3,3,3,3,3,3,3,3,3,3,69,0,3,3.7901456956509114,2.424120000341645,48.33779199998389,753.0
1780062278,5,GET,/health,0.000000,0.000000,4,4,4,4,4,4,4,4,4,4,4,29,0,3,4.367731344826034,2.4990890001390653,43.157205999705184,56.0
1780062278,5,,Aggregated,2.500000,0.000000,140,140,140,180,230,250,280,280,280,280,280,338,0,140,130.8433200769187,2.424120000341645,495.59425600000395,2558.1745562130177
1780062279,5,POST,/api/book,1.800000,0.000000,140,140,140,180,230,250,280,280,280,280,280,243,0,140,182.0318692098731,96.68649999957779,495.59425600000395,3379.617283950617
1780062279,5,GET,/api/concerts,0.600000,0.000000,3,3,3,3,3,3,3,3,3,3,3,69,0,3,3.7901456956509114,2.424120000341645,48.33779199998389,753.0
1780062279,5,GET,/health,0.000000,0.000000,4,4,4,4,4,4,4,4,4,4,4,29,0,3,4.367731344826034,2.4990890001390653,43.157205999705184,56.0
1780062279,5,,Aggregated,2.400000,0.000000,140,140,140,180,230,250,280,280,280,280,280,341,0,140,130.85609524926406,2.424120000341645,495.59425600000395,2565.4780058651027
1780062280,5,POST,/api/book,1.800000,0.000000,140,140,180,230,250,280,280,280,280,280,280,244,0,140,181.8637230655708,96.68649999957779,495.59425600000395,3379.754098360656
1780062280,5,GET,/api/concerts,0.600000,0.000000,3,3,3,3,3,3,3,3,3,3,3,69,0,3,3.7901456956509114,2.424120000341645,48.33779199998389,753.0
1780062280,5,GET,/health,0.000000,0.000000,4,4,4,4,4,4,4,4,4,4,4,29,0,3,4.367731344826034,2.4990890001390653,43.157205999705184,56.0
1780062280,5,,Aggregated,2.400000,0.000000,140,140,140,180,230,250,280,280,280,280,280,342,0,140,130.88576809941273,2.424120000341645,495.59425600000395,2567.9561403508774
1780062281,5,POST,/api/book,1.900000,0.000000,140,140,180,190,230,250,280,280,280,280,280,247,0,140,181.5696441740862,96.68649999957779,495.59425600000395,3380.024291497976
1780062281,5,GET,/api/concerts,0.400000,0.000000,3,3,3,3,3,3,3,3,3,3,3,70,0,3,3.7737778714277477,2.424120000341645,48.33779199998389,753.0
1780062281,5,GET,/health,0.100000,0.000000,3,3,3,3,3,3,3,3,3,3,3,29,0,3,4.367731344826034,2.4990890001390653,43.157205999705184,56.0
1780062281,5,,Aggregated,2.400000,0.000000,140,140,160,190,230,250,280,280,280,280,280,346,0,140,130.74719876011332,2.424120000341645,495.59425600000395,2569.942196531792
1780062282,5,POST,/api/book,2.000000,0.000000,140,140,180,190,230,250,280,280,280,280,280,249,0,140,181.13142160240724,96.68649999957779,495.59425600000395,3379.8032128514055
1780062282,5,GET,/api/concerts,0.400000,0.000000,3,3,3,3,3,3,3,3,3,3,3,70,0,3,3.7737778714277477,2.424120000341645,48.33779199998389,753.0
1780062282,5,GET,/health,0.100000,0.000000,3,3,3,3,3,3,3,3,3,3,3,29,0,3,4.367731344826034,2.4990890001390653,43.157205999705184,56.0
1780062282,5,,Aggregated,2.500000,0.000000,140,140,160,180,230,250,280,280,280,280,280,348,0,140,130.72572597413597,2.424120000341645,495.59425600000395,2574.439655172414
1780062283,5,POST,/api/book,2.000000,0.000000,140,140,160,180,230,250,250,250,250,250,250,250,0,140,180.97863344799768,96.68649999957779,495.59425600000395,3379.828
1780062283,5,GET,/api/concerts,0.400000,0.000000,3,3,3,3,3,3,3,3,3,3,3,70,0,3,3.7737778714277477,2.424120000341645,48.33779199998389,753.0
1780062283,5,GET,/health,0.100000,0.000000,3,3,3,3,3,3,3,3,3,3,3,29,0,3,4.367731344826034,2.4990890001390653,43.157205999705184,56.0
1780062283,5,,Aggregated,2.500000,0.000000,140,140,140,160,190,230,250,250,250,250,250,349,0,140,130.760707799425,2.424120000341645,495.59425600000395,2576.765042979943
1780062284,5,POST,/api/book,2.200000,0.000000,140,140,180,190,250,310,390,390,390,390,390,254,0,140,181.7132540944854,96.68649999957779,495.59425600000395,3379.8385826771655
1780062284,5,GET,/api/concerts,0.300000,0.000000,3,3,3,3,3,3,3,3,3,3,3,70,0,3,3.7737778714277477,2.424120000341645,48.33779199998389,753.0
1780062284,5,GET,/health,0.100000,0.000000,3,3,3,3,3,3,3,3,3,3,3,29,0,3,4.367731344826034,2.4990890001390653,43.157205999705184,56.0
1780062284,5,,Aggregated,2.600000,0.000000,140,140,160,190,250,310,390,390,390,390,390,353,0,140,131.85834334277396,2.424120000341645,495.59425600000395,2585.8725212464587
1780062285,5,POST,/api/book,2.200000,0.000000,140,140,160,180,310,390,390,390,390,390,390,255,0,140,181.54825688627133,96.68649999957779,495.59425600000395,3379.9960784313726
1780062285,5,GET,/api/concerts,0.300000,0.000000,3,3,3,3,3,3,3,3,3,3,3,70,0,3,3.7737778714277477,2.424120000341645,48.33779199998389,753.0
1780062285,5,GET,/health,0.100000,0.000000,3,3,3,3,3,3,3,3,3,3,3,29,0,3,4.367731344826034,2.4990890001390653,43.157205999705184,56.0
1780062285,5,,Aggregated,2.600000,0.000000,140,140,140,160,190,310,390,390,390,390,390,354,0,140,131.8803225028223,2.424120000341645,495.59425600000395,2588.228813559322
1780062286,5,POST,/api/book,2.200000,0.000000,140,140,160,180,310,390,390,390,390,390,390,256,0,140,181.38699609765217,96.68649999957779,495.59425600000395,3380.0078125
1780062286,5,GET,/api/concerts,0.200000,0.000000,3,3,3,3,3,3,3,3,3,3,3,71,0,3,3.7594739295803867,2.424120000341645,48.33779199998389,753.0
1780062286,5,GET,/health,0.100000,0.000000,3,3,3,3,3,3,3,3,3,3,3,29,0,3,4.367731344826034,2.4990890001390653,43.157205999705184,56.0
1780062286,5,,Aggregated,2.500000,0.000000,140,140,140,160,190,310,390,390,390,390,390,356,0,140,131.54117376123352,2.424120000341645,495.59425600000395,2585.3061797752807
1780062287,5,POST,/api/book,2.200000,0.000000,140,160,190,310,360,390,390,390,390,390,390,258,0,140,182.62394786821218,96.68649999957779,495.59425600000395,3380.0426356589146
1780062287,5,GET,/api/concerts,0.200000,0.000000,3,3,3,3,3,3,3,3,3,3,3,71,0,3,3.7594739295803867,2.424120000341645,48.33779199998389,753.0
1780062287,5,GET,/health,0.100000,0.000000,50,50,50,50,50,50,50,50,50,50,50,30,0,3,5.881229000002956,2.4990890001390653,49.77266100013367,56.0
1780062287,5,,Aggregated,2.500000,0.000000,140,140,180,190,320,360,390,390,390,390,390,359,0,140,132.48005033147368,2.424120000341645,495.59425600000395,2582.713091922006
1780062288,5,POST,/api/book,2.000000,0.000000,140,140,190,310,360,390,390,390,390,390,390,261,0,140,182.1414246704923,96.68649999957779,495.59425600000395,3379.9157088122606
1780062288,5,GET,/api/concerts,0.100000,0.000000,3,3,3,3,3,3,3,3,3,3,3,73,0,3,3.7306614794506956,2.424120000341645,48.33779199998389,753.0
1780062288,5,GET,/health,0.100000,0.000000,50,50,50,50,50,50,50,50,50,50,50,30,0,3,5.881229000002956,2.4990890001390653,49.77266100013367,56.0
1780062288,5,,Aggregated,2.200000,0.000000,140,140,140,190,320,360,390,390,390,390,390,364,0,140,131.83430493680905,2.424120000341645,495.59425600000395,2579.1401098901097
1780062289,5,POST,/api/book,2.000000,0.000000,140,140,190,310,360,390,390,390,390,390,390,261,0,140,182.1414246704923,96.68649999957779,495.59425600000395,3379.9157088122606
1780062289,5,GET,/api/concerts,0.100000,0.000000,3,3,3,3,3,3,3,3,3,3,3,73,0,3,3.7306614794506956,2.424120000341645,48.33779199998389,753.0
1780062289,5,GET,/health,0.100000,0.000000,50,50,50,50,50,50,50,50,50,50,50,30,0,3,5.881229000002956,2.4990890001390653,49.77266100013367,56.0
1780062289,5,,Aggregated,2.200000,0.000000,140,140,160,190,320,360,390,390,390,390,390,364,0,140,131.83430493680905,2.424120000341645,495.59425600000395,2579.1401098901097
1780062290,5,POST,/api/book,2.000000,0.000000,140,140,190,310,360,390,390,390,390,390,390,263,0,140,181.82480881748538,96.68649999957779,495.59425600000395,3379.74144486692
1780062290,5,GET,/api/concerts,0.200000,0.000000,3,3,3,3,3,3,3,3,3,3,3,73,0,3,3.7306614794506956,2.424120000341645,48.33779199998389,753.0
1780062290,5,GET,/health,0.100000,0.000000,50,50,50,50,50,50,50,50,50,50,50,30,0,3,5.881229000002956,2.4990890001390653,49.77266100013367,56.0
1780062290,5,,Aggregated,2.300000,0.000000,140,140,160,190,320,360,390,390,390,390,390,366,0,140,131.8816936530018,2.424120000341645,495.59425600000395,2583.3907103825136
1780062291,5,POST,/api/book,2.000000,0.000000,140,150,310,320,360,390,390,390,390,390,390,266,0,140,182.65583165037108,96.68649999957779,495.59425600000395,3379.6466165413535
1780062291,5,GET,/api/concerts,0.400000,0.000000,3,3,3,3,3,3,3,3,3,3,3,73,0,3,3.7306614794506956,2.424120000341645,48.33779199998389,753.0
1780062291,5,GET,/health,0.100000,0.000000,50,50,50,50,50,50,50,50,50,50,50,30,0,3,5.881229000002956,2.4990890001390653,49.77266100013367,56.0
1780062291,5,,Aggregated,2.500000,0.000000,140,140,280,310,340,360,390,390,390,390,390,369,0,140,132.88679234959,2.424120000341645,495.59425600000395,2589.79674796748
1780062292,5,POST,/api/book,2.000000,0.000000,140,280,310,320,360,390,390,390,390,390,390,266,0,140,182.65583165037108,96.68649999957779,495.59425600000395,3379.6466165413535
1780062292,5,GET,/api/concerts,0.400000,0.000000,3,3,3,3,3,3,3,3,3,3,3,74,0,3,3.7160289324293516,2.424120000341645,48.33779199998389,753.0
1780062292,5,GET,/health,0.100000,0.000000,50,50,50,50,50,50,50,50,50,50,50,30,0,3,5.881229000002956,2.4990890001390653,49.77266100013367,56.0
1780062292,5,,Aggregated,2.500000,0.000000,140,140,280,310,340,360,390,390,390,390,390,370,0,140,132.5347952162124,2.424120000341645,495.59425600000395,2584.8324324324326
1780062293,5,POST,/api/book,2.100000,0.000000,140,320,340,340,390,480,480,480,480,480,480,269,0,140,185.131810550182,96.68649999957779,495.59425600000395,3380.014869888476
1780062293,5,GET,/api/concerts,0.300000,0.000000,3,3,3,3,3,3,3,3,3,3,3,74,0,3,3.7160289324293516,2.424120000341645,48.33779199998389,753.0
1780062293,5,GET,/health,0.100000,0.000000,50,50,50,50,50,50,50,50,50,50,50,30,0,3,5.881229000002956,2.4990890001390653,49.77266100013367,56.0
1780062293,5,,Aggregated,2.500000,0.000000,140,150,320,340,360,390,480,480,480,480,480,373,0,140,134.72353900535882,2.424120000341645,495.59425600000395,2591.490616621984
1780062294,5,POST,/api/book,2.100000,0.000000,260,320,340,340,390,480,480,480,480,480,480,270,0,140,185.41647281481008,96.68649999957779,495.59425600000395,3379.874074074074
1780062294,5,GET,/api/concerts,0.300000,0.000000,3,3,3,3,3,3,3,3,3,3,3,74,0,3,3.7160289324293516,2.424120000341645,48.33779199998389,753.0
1780062294,5,GET,/health,0.100000,0.000000,50,50,50,50,50,50,50,50,50,50,50,30,0,3,5.881229000002956,2.4990890001390653,49.77266100013367,56.0
1780062294,5,,Aggregated,2.500000,0.000000,140,260,320,340,360,390,480,480,480,480,480,374,0,140,135.06382532352566,2.424120000341645,495.59425600000395,2593.4973262032086
1780062295,5,POST,/api/book,1.700000,0.000000,260,320,340,360,390,480,480,480,480,480,480,270,0,140,185.41647281481008,96.68649999957779,495.59425600000395,3379.874074074074
1780062295,5,GET,/api/concerts,0.400000,0.000000,3,3,3,3,3,3,3,3,3,3,3,75,0,3,3.70236388000194,2.424120000341645,48.33779199998389,753.0
1780062295,5,GET,/health,0.100000,0.000000,50,50,50,50,50,50,50,50,50,50,50,31,0,3,5.798241677424695,2.4990890001390653,49.77266100013367,56.0
1780062295,5,,Aggregated,2.200000,0.000000,140,260,320,340,360,390,480,480,480,480,480,376,0,140,134.36135756116767,2.424120000341645,495.59425600000395,2581.853723404255
1780062296,5,POST,/api/book,1.800000,0.000000,150,280,340,340,390,480,480,480,480,480,480,273,0,140,184.85661800365787,96.68649999957779,495.59425600000395,3379.772893772894
1780062296,5,GET,/api/concerts,0.400000,0.000000,3,3,3,3,3,3,3,3,3,3,3,75,0,3,3.70236388000194,2.424120000341645,48.33779199998389,753.0
1780062296,5,GET,/health,0.100000,0.000000,50,50,52,52,52,52,52,52,52,52,52,32,0,3,7.2366362187494815,2.4990890001390653,51.82686699981787,56.0
1780062296,5,,Aggregated,2.300000,0.000000,140,150,280,320,360,390,480,480,480,480,480,380,0,140,134.1450167499967,2.424120000341645,495.59425600000395,2581.434210526316
1780062297,5,POST,/api/book,1.800000,0.000000,140,260,340,340,390,480,480,480,480,480,480,273,0,140,184.85661800365787,96.68649999957779,495.59425600000395,3379.772893772894
1780062297,5,GET,/api/concerts,0.400000,0.000000,3,3,3,3,3,3,3,3,3,3,3,75,0,3,3.70236388000194,2.424120000341645,48.33779199998389,753.0
1780062297,5,GET,/health,0.100000,0.000000,50,50,52,52,52,52,52,52,52,52,52,33,0,3,7.096023030306132,2.4990890001390653,51.82686699981787,56.0
1780062297,5,,Aggregated,2.300000,0.000000,140,140,260,280,340,390,480,480,480,480,480,381,0,140,133.7997447926479,2.424120000341645,495.59425600000395,2574.8057742782153
1780062298,5,POST,/api/book,1.700000,0.000000,150,250,280,340,390,480,480,480,480,480,480,276,0,140,184.6805373659356,96.68649999957779,495.59425600000395,3379.7971014492755
1780062298,5,GET,/api/concerts,0.500000,0.000000,3,3,3,3,3,3,3,3,3,3,3,76,0,3,3.6850038815804225,2.383003999966604,48.33779199998389,753.0
1780062298,5,GET,/health,0.200000,0.000000,50,50,52,52,52,52,52,52,52,52,52,33,0,3,7.096023030306132,2.4990890001390653,51.82686699981787,56.0
1780062298,5,,Aggregated,2.400000,0.000000,140,150,250,260,340,390,480,480,480,480,480,385,0,140,133.7300191376583,2.383003999966604,495.59425600000395,2576.3636363636365
1780062299,5,POST,/api/book,1.500000,0.000000,250,260,280,340,390,480,480,480,480,480,480,279,0,140,185.08088778135445,96.68649999957779,495.59425600000395,3379.6272401433694
1780062299,5,GET,/api/concerts,0.400000,0.000000,3,3,3,3,3,3,3,3,3,3,3,76,0,3,3.6850038815804225,2.383003999966604,48.33779199998389,753.0
1780062299,5,GET,/health,0.300000,0.000000,50,50,52,52,52,52,52,52,52,52,52,33,0,3,7.096023030306132,2.4990890001390653,51.82686699981787,56.0
1780062299,5,,Aggregated,2.200000,0.000000,140,250,280,280,340,390,480,480,480,480,480,388,0,140,134.4118472835003,2.383003999966604,495.59425600000395,2582.453608247423
1780062300,5,POST,/api/book,1.700000,0.000000,160,250,280,280,390,480,480,480,480,480,480,281,0,140,184.76245135230596,96.68649999957779,495.59425600000395,3379.8434163701068
1780062300,5,GET,/api/concerts,0.500000,0.000000,3,3,3,3,3,3,3,3,3,3,3,76,0,3,3.6850038815804225,2.383003999966604,48.33779199998389,753.0
1780062300,5,GET,/health,0.300000,0.000000,3,3,52,52,52,52,52,52,52,52,52,33,0,3,7.096023030306132,2.4990890001390653,51.82686699981787,56.0
1780062300,5,,Aggregated,2.500000,0.000000,140,160,250,260,340,390,480,480,480,480,480,390,0,140,134.44225098717487,2.383003999966604,495.59425600000395,2586.6974358974358
1780062301,5,POST,/api/book,1.700000,0.000000,160,250,280,280,390,480,480,480,480,480,480,281,0,140,184.76245135230596,96.68649999957779,495.59425600000395,3379.8434163701068
1780062301,5,GET,/api/concerts,0.500000,0.000000,3,3,3,3,3,3,3,3,3,3,3,76,0,3,3.6850038815804225,2.383003999966604,48.33779199998389,753.0
1780062301,5,GET,/health,0.300000,0.000000,3,3,52,52,52,52,52,52,52,52,52,34,0,3,6.966412205883898,2.4990890001390653,51.82686699981787,56.0
1780062301,5,,Aggregated,2.500000,0.000000,140,160,250,260,340,390,480,480,480,480,480,391,0,140,134.1052868030643,2.383003999966604,495.59425600000395,2580.225063938619
1780062302,5,POST,/api/book,1.900000,0.000000,150,250,260,280,390,480,480,480,480,480,480,283,0,140,184.37247479151296,96.68649999957779,495.59425600000395,3379.7879858657243
1780062302,5,GET,/api/concerts,0.300000,0.000000,3,3,3,3,3,3,3,3,3,3,3,76,0,3,3.6850038815804225,2.383003999966604,48.33779199998389,753.0
1780062302,5,GET,/health,0.300000,0.000000,3,3,52,52,52,52,52,52,52,52,52,34,0,3,6.966412205883898,2.4990890001390653,51.82686699981787,56.0
1780062302,5,,Aggregated,2.500000,0.000000,140,160,250,260,340,390,480,480,480,480,480,393,0,140,134.08226126208228,2.383003999966604,495.59425600000395,2584.2544529262086
1780062303,5,POST,/api/book,1.600000,0.000000,160,260,340,370,390,480,480,480,480,480,480,286,0,140,185.57624751397933,96.68649999957779,495.59425600000395,3379.6363636363635
1780062303,5,GET,/api/concerts,0.300000,0.000000,3,3,3,3,3,3,3,3,3,3,3,76,0,3,3.6850038815804225,2.383003999966604,48.33779199998389,753.0
1780062303,5,GET,/health,0.400000,0.000000,3,3,52,52,52,52,52,52,52,52,52,34,0,3,6.966412205883898,2.4990890001390653,51.82686699981787,56.0
1780062303,5,,Aggregated,2.300000,0.000000,140,140,160,250,280,370,390,390,390,390,390,396,0,140,135.33263913888447,2.383003999966604,495.59425600000395,2590.1717171717173
1780062304,5,POST,/api/book,1.600000,0.000000,140,150,250,250,370,390,390,390,390,390,390,288,0,140,185.11765183332798,96.68649999957779,495.59425600000395,3379.8194444444443
1780062304,5,GET,/api/concerts,0.200000,0.000000,3,3,3,3,3,3,3,3,3,3,3,76,0,3,3.6850038815804225,2.383003999966604,48.33779199998389,753.0
1780062304,5,GET,/health,0.400000,0.000000,3,3,52,52,52,52,52,52,52,52,52,34,0,3,6.966412205883898,2.4990890001390653,51.82686699981787,56.0
1780062304,5,,Aggregated,2.200000,0.000000,140,140,160,250,280,370,390,390,390,390,390,398,0,140,135.25327145225785,2.383003999966604,495.59425600000395,2594.2713567839196
1780062305,5,POST,/api/book,1.800000,0.000000,140,160,250,250,370,390,390,390,390,390,390,289,0,140,184.97004719030633,96.68649999957779,495.59425600000395,3379.8096885813147
1780062305,5,GET,/api/concerts,0.200000,0.000000,3,3,3,3,3,3,3,3,3,3,3,79,0,3,3.6498402278545043,2.383003999966604,48.33779199998389,753.0
1780062305,5,GET,/health,0.400000,0.000000,3,3,52,52,52,52,52,52,52,52,52,34,0,3,6.966412205883898,2.4990890001390653,51.82686699981787,56.0
1780062305,5,,Aggregated,2.400000,0.000000,140,140,160,250,280,370,390,390,390,390,390,402,0,140,134.28243540049525,2.383003999966604,495.59425600000395,2582.4776119402986
1780062306,5,POST,/api/book,1.700000,0.000000,140,160,250,250,370,390,390,390,390,390,390,291,0,140,184.9079800962143,96.68649999957779,495.59425600000395,3379.893470790378
1780062306,5,GET,/api/concerts,0.200000,0.000000,3,3,3,3,3,3,3,3,3,3,3,79,0,3,3.6498402278545043,2.383003999966604,48.33779199998389,753.0
1780062306,5,GET,/health,0.400000,0.000000,3,3,52,52,52,52,52,52,52,52,52,35,0,3,6.843701628570541,2.4990890001390653,51.82686699981787,56.0
1780062306,5,,Aggregated,2.300000,0.000000,140,140,210,250,280,370,390,390,390,390,390,405,0,140,134.1631830691329,2.383003999966604,495.59425600000395,2580.237037037037
1780062307,5,POST,/api/book,1.700000,0.000000,140,150,250,250,370,390,390,390,390,390,390,291,0,140,184.9079800962143,96.68649999957779,495.59425600000395,3379.893470790378
1780062307,5,GET,/api/concerts,0.200000,0.000000,3,3,3,3,3,3,3,3,3,3,3,79,0,3,3.6498402278545043,2.383003999966604,48.33779199998389,753.0
1780062307,5,GET,/health,0.400000,0.000000,3,3,52,52,52,52,52,52,52,52,52,35,0,3,6.843701628570541,2.4990890001390653,51.82686699981787,56.0
1780062307,5,,Aggregated,2.300000,0.000000,140,140,150,210,280,370,390,390,390,390,390,405,0,140,134.1631830691329,2.383003999966604,495.59425600000395,2580.237037037037
1780062308,5,POST,/api/book,1.700000,0.000000,140,150,250,250,370,390,390,390,390,390,390,293,0,140,184.58654244367924,96.68649999957779,495.59425600000395,3379.8464163822528
1780062308,5,GET,/api/concerts,0.400000,0.000000,3,3,3,3,3,3,3,3,3,3,3,80,0,3,3.6374824375059234,2.383003999966604,48.33779199998389,753.0
1780062308,5,GET,/health,0.400000,0.000000,3,3,3,3,3,3,3,3,3,3,3,36,0,3,6.733162527780223,2.4990890001390653,51.82686699981787,56.0
1780062308,5,,Aggregated,2.500000,0.000000,140,140,150,210,280,370,390,390,390,390,390,409,0,140,133.53850704645126,2.383003999966604,495.59425600000395,2573.474327628362
1780062309,5,POST,/api/book,1.800000,0.000000,140,140,150,210,370,390,390,390,390,390,390,294,0,140,184.4332845952302,96.68649999957779,495.59425600000395,3380.0238095238096
1780062309,5,GET,/api/concerts,0.400000,0.000000,3,3,3,3,3,3,3,3,3,3,3,80,0,3,3.6374824375059234,2.383003999966604,48.33779199998389,753.0
1780062309,5,GET,/health,0.200000,0.000000,3,3,3,3,3,3,3,3,3,3,3,36,0,3,6.733162527780223,2.4990890001390653,51.82686699981787,56.0
1780062309,5,,Aggregated,2.400000,0.000000,140,140,140,140,210,370,390,390,390,390,390,410,0,140,133.55311735853226,2.383003999966604,495.59425600000395,2575.5682926829268
1780062310,5,POST,/api/book,1.700000,0.000000,140,140,150,150,370,390,390,390,390,390,390,297,0,140,183.96479220874647,96.68649999957779,495.59425600000395,3380.050505050505
1780062310,5,GET,/api/concerts,0.400000,0.000000,3,3,3,3,3,3,3,3,3,3,3,81,0,3,3.626867814821225,2.383003999966604,48.33779199998389,753.0
1780062310,5,GET,/health,0.200000,0.000000,3,3,3,3,3,3,3,3,3,3,3,36,0,3,6.733162527780223,2.4990890001390653,51.82686699981787,56.0
1780062310,5,,Aggregated,2.300000,0.000000,140,140,140,140,210,370,390,390,390,390,390,414,0,140,133.26983920289442,2.383003999966604,495.59425600000395,2577.014492753623
1780062311,5,POST,/api/book,1.600000,0.000000,140,140,140,210,370,390,390,390,390,390,390,297,0,140,183.96479220874647,96.68649999957779,495.59425600000395,3380.050505050505
1780062311,5,GET,/api/concerts,0.400000,0.000000,3,3,3,3,3,3,3,3,3,3,3,82,0,3,3.615223621958338,2.383003999966604,48.33779199998389,753.0
1780062311,5,GET,/health,0.300000,0.000000,3,3,3,3,3,3,3,3,3,3,3,36,0,3,6.733162527780223,2.4990890001390653,51.82686699981787,56.0
1780062311,5,,Aggregated,2.300000,0.000000,140,140,140,140,210,370,390,390,390,390,390,415,0,140,132.95514572047796,2.383003999966604,495.59425600000395,2572.619277108434
1780062312,5,POST,/api/book,1.600000,0.000000,140,140,140,210,370,390,390,390,390,390,390,299,0,140,183.67311516387116,96.68649999957779,495.59425600000395,3380.0501672240803
1780062312,5,GET,/api/concerts,0.500000,0.000000,3,3,3,3,3,3,3,3,3,3,3,82,0,3,3.615223621958338,2.383003999966604,48.33779199998389,753.0
1780062312,5,GET,/health,0.300000,0.000000,3,3,3,3,3,3,3,3,3,3,3,36,0,3,6.733162527780223,2.4990890001390653,51.82686699981787,56.0
1780062312,5,,Aggregated,2.400000,0.000000,140,140,140,140,210,370,390,390,390,390,390,417,0,140,132.9906561678612,2.383003999966604,495.59425600000395,2576.4916067146282
1780062313,5,POST,/api/book,1.600000,0.000000,140,140,140,140,140,210,210,210,210,210,210,301,0,140,183.39484280730085,96.68649999957779,495.59425600000395,3379.9966777408636
1780062313,5,GET,/api/concerts,0.500000,0.000000,3,3,3,3,3,3,3,3,3,3,3,83,0,3,3.610115855428967,2.383003999966604,48.33779199998389,753.0
1780062313,5,GET,/health,0.200000,0.000000,3,3,3,3,3,3,3,3,3,3,3,36,0,3,6.733162527780223,2.4990890001390653,51.82686699981787,56.0
1780062313,5,,Aggregated,2.300000,0.000000,140,140,140,140,140,140,210,210,210,210,210,420,0,140,132.72352655237674,2.383003999966604,495.59425600000395,2575.9380952380952
1780062314,5,POST,/api/book,1.600000,0.000000,140,140,140,140,140,210,210,210,210,210,210,302,0,140,183.25227721522376,96.68649999957779,495.59425600000395,3379.9900662251657
1780062314,5,GET,/api/concerts,0.500000,0.000000,3,3,3,3,3,3,3,3,3,3,3,83,0,3,3.610115855428967,2.383003999966604,48.33779199998389,753.0
1780062314,5,GET,/health,0.200000,0.000000,3,3,3,3,3,3,3,3,3,3,3,36,0,3,6.733162527780223,2.4990890001390653,51.82686699981787,56.0
1780062314,5,,Aggregated,2.300000,0.000000,140,140,140,140,140,210,210,210,210,210,210,421,0,140,132.74161801899822,2.383003999966604,495.59425600000395,2577.8432304038006
1780062315,5,POST,/api/book,1.600000,0.000000,140,140,140,140,140,210,210,210,210,210,210,303,0,140,183.10800225411722,96.68649999957779,495.59425600000395,3379.93399339934
1780062315,5,GET,/api/concerts,0.600000,0.000000,3,3,3,3,3,3,3,3,3,3,3,84,0,3,3.599516666673437,2.383003999966604,48.33779199998389,753.0
1780062315,5,GET,/health,0.200000,0.000000,3,3,3,3,3,3,3,3,3,3,3,36,0,3,6.733162527780223,2.4990890001390653,51.82686699981787,56.0
1780062315,5,,Aggregated,2.400000,0.000000,140,140,140,140,140,210,210,210,210,210,210,423,0,140,132.45030244444007,2.383003999966604,495.59425600000395,2575.3853427895983
1780062316,5,POST,/api/book,1.500000,0.000000,140,140,140,140,200,210,210,210,210,210,210,306,0,140,183.11924127450155,96.68649999957779,495.59425600000395,3380.0555555555557
1780062316,5,GET,/api/concerts,0.700000,0.000000,3,3,3,3,3,3,3,3,3,3,3,84,0,3,3.599516666673437,2.383003999966604,48.33779199998389,753.0
1780062316,5,GET,/health,0.200000,0.000000,3,3,3,3,3,3,3,3,3,3,3,37,0,3,6.623127864861237,2.4990890001390653,51.82686699981787,56.0
1780062316,5,,Aggregated,2.400000,0.000000,140,140,140,140,140,200,210,210,210,210,210,427,0,140,132.51031138406998,2.383003999966604,495.59425600000395,2575.224824355972
1780062317,6,POST,/api/book,1.500000,0.000000,140,140,140,140,210,210,210,210,210,210,210,308,0,140,183.0608016883031,96.68649999957779,495.59425600000395,3380.0064935064934
1780062317,6,GET,/api/concerts,0.400000,0.000000,3,3,3,3,3,3,3,3,3,3,3,84,0,3,3.599516666673437,2.383003999966604,48.33779199998389,753.0
1780062317,6,GET,/health,0.200000,0.000000,3,3,3,3,3,3,3,3,3,3,3,37,0,3,6.623127864861237,2.4990890001390653,51.82686699981787,56.0
1780062317,6,,Aggregated,2.100000,0.000000,140,140,140,140,200,210,210,210,210,210,210,429,0,140,132.7042938251696,2.383003999966604,495.59425600000395,2578.9417249417247
1780062318,6,POST,/api/book,1.500000,0.000000,140,140,140,200,210,210,210,210,210,210,210,311,0,140,182.7546813569035,96.68649999957779,495.59425600000395,3380.099678456592
1780062318,6,GET,/api/concerts,0.500000,0.000000,3,3,3,3,3,3,3,3,3,3,3,84,0,3,3.599516666673437,2.383003999966604,48.33779199998389,753.0
1780062318,6,GET,/health,0.100000,0.000000,3,3,3,3,3,3,3,3,3,3,3,37,0,3,6.623127864861237,2.4990890001390653,51.82686699981787,56.0
1780062318,6,,Aggregated,2.100000,0.000000,140,140,140,140,200,210,210,210,210,210,210,432,0,140,132.83361350230876,2.383003999966604,495.59425600000395,2584.571759259259
1780062319,6,POST,/api/book,1.600000,0.000000,140,140,200,200,210,210,210,210,210,210,210,312,0,140,182.65801370511795,96.68649999957779,495.59425600000395,3379.996794871795
1780062319,6,GET,/api/concerts,0.500000,0.000000,3,3,3,3,3,3,3,3,3,3,3,84,0,3,3.599516666673437,2.383003999966604,48.33779199998389,753.0
1780062319,6,GET,/health,0.200000,0.000000,3,3,3,3,3,3,3,3,3,3,3,37,0,3,6.623127864861237,2.4990890001390653,51.82686699981787,56.0
1780062319,6,,Aggregated,2.300000,0.000000,140,140,150,200,210,210,210,210,210,210,210,433,0,140,132.87925036258017,2.383003999966604,495.59425600000395,2586.3348729792147
1780062320,6,POST,/api/book,1.600000,0.000000,140,150,200,210,210,270,270,270,270,270,270,315,0,140,182.89393304760935,96.68649999957779,495.59425600000395,3380.0031746031746
1780062320,6,GET,/api/concerts,0.500000,0.000000,3,3,3,3,3,3,3,3,3,3,3,84,0,3,3.599516666673437,2.383003999966604,48.33779199998389,753.0
1780062320,6,GET,/health,0.200000,0.000000,3,3,3,3,3,3,3,3,3,3,3,37,0,3,6.623127864861237,2.4990890001390653,51.82686699981787,56.0
1780062320,6,,Aggregated,2.300000,0.000000,140,140,200,200,210,210,270,270,270,270,270,436,0,140,133.39221110320494,2.383003999966604,495.59425600000395,2591.8004587155965
1780062321,7,POST,/api/book,1.800000,0.000000,140,200,210,210,340,340,340,340,340,340,340,317,0,140,183.86216407569935,96.68649999957779,495.59425600000395,3380.0347003154575
1780062321,7,GET,/api/concerts,0.400000,0.000000,3,3,3,3,3,3,3,3,3,3,3,85,0,3,3.5888300235348973,2.383003999966604,48.33779199998389,753.0
1780062321,7,GET,/health,0.100000,0.000000,3,3,3,3,3,3,3,3,3,3,3,37,0,3,6.623127864861237,2.4990890001390653,51.82686699981787,56.0
1780062321,7,,Aggregated,2.300000,0.000000,140,200,210,210,270,340,340,340,340,340,340,439,0,140,134.01916240318224,2.383003999966604,495.59425600000395,2591.2255125284737
1780062322,7,POST,/api/book,1.900000,0.000000,150,210,210,220,340,340,340,340,340,340,340,320,0,140,183.71763122186445,96.68649999957779,495.59425600000395,3380.071875
1780062322,7,GET,/api/concerts,0.300000,0.000000,3,3,3,3,3,3,3,3,3,3,3,85,0,3,3.5888300235348973,2.383003999966604,48.33779199998389,753.0
1780062322,7,GET,/health,0.100000,0.000000,3,3,3,3,3,3,3,3,3,3,3,37,0,3,6.623127864861237,2.4990890001390653,51.82686699981787,56.0
1780062322,7,,Aggregated,2.300000,0.000000,140,200,210,210,270,340,340,340,340,340,340,442,0,140,134.25282414931434,2.383003999966604,495.59425600000395,2596.606334841629
1780062323,7,POST,/api/book,1.800000,0.000000,150,210,210,220,340,340,340,340,340,340,340,322,0,140,183.43779973601553,96.68649999957779,495.59425600000395,3380.1211180124224
1780062323,7,GET,/api/concerts,0.300000,0.000000,3,3,3,3,3,3,3,3,3,3,3,85,0,3,3.5888300235348973,2.383003999966604,48.33779199998389,753.0
1780062323,7,GET,/health,0.100000,0.000000,3,3,3,3,3,3,3,3,3,3,3,37,0,3,6.623127864861237,2.4990890001390653,51.82686699981787,56.0
1780062323,7,,Aggregated,2.200000,0.000000,140,200,210,210,270,340,340,340,340,340,340,444,0,140,134.2726977432372,2.383003999966604,495.59425600000395,2600.171171171171
1780062324,7,POST,/api/book,2.100000,0.000000,140,200,210,210,270,340,340,340,340,340,340,326,0,140,182.91013550612567,96.68649999957779,495.59425600000395,3380.276073619632
1780062324,7,GET,/api/concerts,0.300000,0.000000,3,3,3,3,3,3,3,3,3,3,3,85,0,3,3.5888300235348973,2.383003999966604,48.33779199998389,753.0
1780062324,7,GET,/health,0.100000,0.000000,5,5,5,5,5,5,5,5,5,5,5,38,0,3,6.58509478946718,2.4990890001390653,51.82686699981787,56.0
1780062324,7,,Aggregated,2.500000,0.000000,140,150,210,210,270,340,340,340,340,340,340,449,0,140,134.04006309353488,2.383003999966604,495.59425600000395,2601.56570155902
1780062325,7,POST,/api/book,2.100000,0.000000,150,210,220,240,300,340,340,340,340,340,340,330,0,140,183.38136357574646,96.68649999957779,495.59425600000395,3380.142424242424
1780062325,7,GET,/api/concerts,0.300000,0.000000,3,3,3,3,3,3,3,3,3,3,3,85,0,3,3.5888300235348973,2.383003999966604,48.33779199998389,753.0
1780062325,7,GET,/health,0.100000,0.000000,5,5,5,5,5,5,5,5,5,5,5,38,0,3,6.58509478946718,2.4990890001390653,51.82686699981787,56.0
1780062325,7,,Aggregated,2.500000,0.000000,140,210,210,240,300,340,340,340,340,340,340,453,0,140,134.81486563796145,2.383003999966604,495.59425600000395,2608.344370860927
1780062326,8,POST,/api/book,2.100000,0.000000,140,210,240,250,300,340,340,340,340,340,340,330,0,140,183.38136357574646,96.68649999957779,495.59425600000395,3380.142424242424
1780062326,8,GET,/api/concerts,0.300000,0.000000,3,3,3,3,3,3,3,3,3,3,3,86,0,3,3.5783537674475623,2.383003999966604,48.33779199998389,753.0
1780062326,8,GET,/health,0.100000,0.000000,5,5,5,5,5,5,5,5,5,5,5,38,0,3,6.58509478946718,2.4990890001390653,51.82686699981787,56.0
1780062326,8,,Aggregated,2.500000,0.000000,140,200,220,240,300,340,340,340,340,340,340,454,0,140,134.52383701761354,2.383003999966604,495.59425600000395,2604.2577092511015
1780062327,8,POST,/api/book,2.400000,0.000000,150,250,270,310,310,340,340,340,340,340,340,335,0,140,184.64784038506235,96.68649999957779,495.59425600000395,3380.0805970149254
1780062327,8,GET,/api/concerts,0.200000,0.000000,3,3,3,3,3,3,3,3,3,3,3,86,0,3,3.5783537674475623,2.383003999966604,48.33779199998389,753.0
1780062327,8,GET,/health,0.200000,0.000000,3,3,5,5,5,5,5,5,5,5,5,39,0,3,6.482127076908047,2.4990890001390653,51.82686699981787,56.0
1780062327,8,,Aggregated,2.800000,0.000000,140,240,270,300,310,340,340,340,340,340,340,460,0,140,135.69036501955603,2.383003999966604,495.59425600000395,2607.1065217391306
1780062328,8,POST,/api/book,2.600000,0.000000,150,250,270,300,310,340,340,340,340,340,340,337,0,140,184.28498190206489,96.68649999957779,495.59425600000395,3379.9821958456973
1780062328,8,GET,/api/concerts,0.200000,0.000000,3,3,3,3,3,3,3,3,3,3,3,88,0,3,3.5559303522787062,2.383003999966604,48.33779199998389,753.0
1780062328,8,GET,/health,0.200000,0.000000,3,3,5,5,5,5,5,5,5,5,5,39,0,3,6.482127076908047,2.4990890001390653,51.82686699981787,56.0
1780062328,8,,Aggregated,3.000000,0.000000,140,220,270,270,310,340,340,340,340,340,340,464,0,140,135.06414596550815,2.383003999966604,495.59425600000395,2602.375
1780062329,8,POST,/api/book,2.600000,0.000000,150,250,270,300,310,340,340,340,340,340,340,337,0,140,184.28498190206489,96.68649999957779,495.59425600000395,3379.9821958456973
1780062329,8,GET,/api/concerts,0.200000,0.000000,3,3,3,3,3,3,3,3,3,3,3,89,0,3,3.5450784943851033,2.383003999966604,48.33779199998389,753.0
1780062329,8,GET,/health,0.100000,0.000000,3,3,5,5,5,5,5,5,5,5,5,40,0,3,6.3833462249817785,2.4990890001390653,51.82686699981787,56.0
1780062329,8,,Aggregated,2.900000,0.000000,140,210,250,270,310,340,340,340,340,340,340,466,0,140,134.49546080685704,2.383003999966604,495.59425600000395,2592.942060085837
1780062330,8,POST,/api/book,2.500000,0.000000,220,300,310,340,400,440,490,490,490,490,490,343,0,140,186.71833824780094,96.68649999957779,495.59425600000395,3379.661807580175
1780062330,8,GET,/api/concerts,0.300000,0.000000,3,3,3,3,3,3,3,3,3,3,3,89,0,3,3.5450784943851033,2.383003999966604,48.33779199998389,753.0
1780062330,8,GET,/health,0.200000,0.000000,3,3,5,5,5,5,5,5,5,5,5,40,0,3,6.3833462249817785,2.4990890001390653,51.82686699981787,56.0
1780062330,8,,Aggregated,3.000000,0.000000,140,240,310,310,370,440,490,490,490,490,490,472,0,140,136.89668613134583,2.383003999966604,495.59425600000395,2602.7139830508477
1780062331,9,POST,/api/book,2.600000,0.000000,150,270,310,310,400,440,490,490,490,490,490,345,0,140,186.45106391013144,96.68649999957779,495.59425600000395,3379.721739130435
1780062331,9,GET,/api/concerts,0.500000,0.000000,3,3,3,3,3,3,3,3,3,3,3,89,0,3,3.5450784943851033,2.383003999966604,48.33779199998389,753.0
1780062331,9,GET,/health,0.200000,0.000000,3,3,5,5,5,5,5,5,5,5,5,41,0,3,6.288430975595608,2.491821000148775,51.82686699981787,56.0
1780062331,9,,Aggregated,3.300000,0.000000,140,150,270,310,370,440,490,490,490,490,490,475,0,140,136.62937832630527,2.383003999966604,495.59425600000395,2600.6673684210527
1780062332,9,POST,/api/book,2.300000,0.000000,170,300,310,310,400,440,490,490,490,490,490,350,0,140,187.10165577713138,96.68649999957779,495.59425600000395,3379.7085714285713
1780062332,9,GET,/api/concerts,0.500000,0.000000,3,3,3,3,3,3,3,3,3,3,3,89,0,3,3.5450784943851033,2.383003999966604,48.33779199998389,753.0
1780062332,9,GET,/health,0.300000,0.000000,3,3,5,5,5,5,5,5,5,5,5,41,0,3,6.288430975595608,2.491821000148775,51.82686699981787,56.0
1780062332,9,,Aggregated,3.100000,0.000000,140,240,300,310,370,440,490,490,490,490,490,480,0,140,137.62274412082425,2.383003999966604,495.59425600000395,2608.772916666667
1780062333,9,POST,/api/book,2.900000,0.000000,220,300,310,310,400,440,490,490,490,490,490,353,0,140,187.2091895495635,96.68649999957779,495.59425600000395,3379.6798866855524
1780062333,9,GET,/api/concerts,0.500000,0.000000,3,3,3,3,3,3,3,3,3,3,3,89,0,3,3.5450784943851033,2.383003999966604,48.33779199998389,753.0
1780062333,9,GET,/health,0.400000,0.000000,3,3,5,5,5,5,5,5,5,5,5,41,0,3,6.288430975595608,2.491821000148775,51.82686699981787,56.0
1780062333,9,,Aggregated,3.800000,0.000000,170,250,310,310,370,440,490,490,490,490,490,483,0,140,138.00865748860363,2.383003999966604,495.59425600000395,2613.5403726708073
1780062334,9,POST,/api/book,2.900000,0.000000,190,270,310,310,370,440,490,490,490,490,490,358,0,140,186.5618674720566,96.68649999957779,495.59425600000395,3379.7150837988825
1780062334,9,GET,/api/concerts,0.400000,0.000000,3,3,3,3,3,3,3,3,3,3,3,91,0,3,3.524433362639644,2.383003999966604,48.33779199998389,753.0
1780062334,9,GET,/health,0.400000,0.000000,3,3,5,5,5,5,5,5,5,5,5,41,0,3,6.288430975595608,2.491821000148775,51.82686699981787,56.0
1780062334,9,,Aggregated,3.700000,0.000000,150,220,300,310,370,440,490,490,490,490,490,490,0,140,137.4850972673384,2.383003999966604,495.59425600000395,2613.7897959183674
1780062335,9,POST,/api/book,3.000000,0.000000,190,270,310,310,400,440,490,490,490,490,490,358,0,140,186.5618674720566,96.68649999957779,495.59425600000395,3379.7150837988825
1780062335,9,GET,/api/concerts,0.400000,0.000000,3,3,3,3,3,3,3,3,3,3,3,93,0,3,3.509346741940399,2.383003999966604,48.33779199998389,753.0
1780062335,9,GET,/health,0.400000,0.000000,3,3,3,3,3,3,3,3,3,3,3,42,0,3,6.216950666655629,2.491821000148775,51.82686699981787,56.0
1780062335,9,,Aggregated,3.800000,0.000000,140,190,270,310,370,440,490,490,490,490,490,493,0,140,136.6665917444142,2.383003999966604,495.59425600000395,2601.052738336714
1780062336,10,POST,/api/book,2.900000,0.000000,190,270,310,310,400,440,490,490,490,490,490,361,0,140,187.0425548670262,96.68649999957779,495.59425600000395,3379.573407202216
1780062336,10,GET,/api/concerts,0.500000,0.000000,3,3,3,3,3,3,3,3,3,3,3,93,0,3,3.509346741940399,2.383003999966604,48.33779199998389,753.0
1780062336,10,GET,/health,0.300000,0.000000,3,3,3,3,3,3,3,3,3,3,3,42,0,3,6.216950666655629,2.491821000148775,51.82686699981787,56.0
1780062336,10,,Aggregated,3.700000,0.000000,140,190,270,300,370,440,490,490,490,490,490,496,0,140,137.31823282660565,2.383003999966604,495.59425600000395,2605.6592741935483
1780062337,10,POST,/api/book,3.100000,0.000000,150,220,310,320,370,440,490,490,490,490,490,366,0,140,187.29155366392405,96.68649999957779,495.59425600000395,3379.4726775956283
1780062337,10,GET,/api/concerts,0.600000,0.000000,3,3,3,3,3,3,3,3,3,3,3,93,0,3,3.509346741940399,2.383003999966604,48.33779199998389,753.0
1780062337,10,GET,/health,0.300000,0.000000,3,3,3,3,3,3,3,3,3,3,3,42,0,3,6.216950666655629,2.491821000148775,51.82686699981787,56.0
1780062337,10,,Aggregated,4.000000,0.000000,140,190,290,310,370,440,490,490,490,490,490,501,0,140,137.99638685827574,2.383003999966604,495.59425600000395,2613.309381237525
1780062338,10,POST,/api/book,2.800000,0.000000,190,300,320,330,400,440,490,490,490,490,490,370,0,140,188.55307829458317,96.68649999957779,495.59425600000395,3379.4540540540543
1780062338,10,GET,/api/concerts,0.700000,0.000000,3,3,3,3,3,3,3,3,3,3,3,94,0,3,3.5055431170261957,2.383003999966604,48.33779199998389,753.0
1780062338,10,GET,/health,0.400000,0.000000,3,3,3,3,3,3,3,3,3,3,3,42,0,3,6.216950666655629,2.491821000148775,51.82686699981787,56.0
1780062338,10,,Aggregated,3.900000,0.000000,150,220,310,320,380,420,490,490,490,490,490,506,0,140,139.042039426869,2.383003999966604,495.59425600000395,2615.675889328063
1780062339,10,POST,/api/book,3.100000,0.000000,190,290,320,330,400,440,490,490,490,490,490,374,0,140,188.13089450801021,96.68649999957779,495.59425600000395,3379.3395721925135
1780062339,10,GET,/api/concerts,0.700000,0.000000,3,3,3,3,3,3,3,3,3,3,3,95,0,3,3.4974117052690032,2.383003999966604,48.33779199998389,753.0
1780062339,10,GET,/health,0.400000,0.000000,3,3,3,3,3,3,3,3,3,3,3,42,0,3,6.216950666655629,2.491821000148775,51.82686699981787,56.0
1780062339,10,,Aggregated,4.200000,0.000000,150,210,310,320,380,420,490,490,490,490,490,511,0,140,138.85385633267293,2.383003999966604,495.59425600000395,2617.925636007828
1780062340,10,POST,/api/book,3.200000,0.000000,150,200,290,310,330,380,420,420,420,420,420,377,0,140,187.6803939495905,96.68649999957779,495.59425600000395,3379.4084880636606
1780062340,10,GET,/api/concerts,0.700000,0.000000,3,3,3,3,3,3,3,3,3,3,3,95,0,3,3.4974117052690032,2.383003999966604,48.33779199998389,753.0
1780062340,10,GET,/health,0.300000,0.000000,3,3,3,3,3,3,3,3,3,3,3,43,0,3,6.138803441846776,2.491821000148775,51.82686699981787,56.0
1780062340,10,,Aggregated,4.200000,0.000000,140,190,210,290,320,330,420,420,420,420,420,515,0,140,138.54705083300107,2.383003999966604,495.59425600000395,2617.4368932038833
1780062341,11,POST,/api/book,3.300000,0.000000,140,200,300,310,330,380,420,420,420,420,420,380,0,140,187.28436813156878,96.68649999957779,495.59425600000395,3379.3842105263157
1780062341,11,GET,/api/concerts,0.600000,0.000000,3,3,3,3,4,4,4,4,4,4,4,96,0,3,3.497630760421089,2.383003999966604,48.33779199998389,753.0
1780062341,11,GET,/health,0.300000,0.000000,3,3,3,3,3,3,3,3,3,3,3,43,0,3,6.138803441846776,2.491821000148775,51.82686699981787,56.0
1780062341,11,,Aggregated,4.200000,0.000000,140,150,200,290,320,330,420,420,420,420,420,519,0,140,138.28092676492471,2.383003999966604,495.59425600000395,2618.2312138728325
1780062342,11,POST,/api/book,3.800000,0.000000,140,200,300,310,380,440,570,570,570,570,570,382,0,140,188.93714345025165,96.68649999957779,568.1059970002025,3379.3769633507854
1780062342,11,GET,/api/concerts,0.600000,0.000000,3,3,3,3,4,4,4,4,4,4,4,98,0,3,3.481815214293104,2.383003999966604,48.33779199998389,753.0
1780062342,11,GET,/health,0.300000,0.000000,3,3,3,3,3,3,3,3,3,3,3,43,0,3,6.138803441846776,2.491821000148775,51.82686699981787,56.0
1780062342,11,,Aggregated,4.700000,0.000000,140,140,200,290,330,420,570,570,570,570,570,523,0,140,139.15712282408458,2.383003999966604,568.1059970002025,2614.0038240917784
1780062343,11,POST,/api/book,3.400000,0.000000,140,290,320,380,460,600,700,700,700,700,700,387,0,140,191.73169018862026,96.68649999957779,700.620417999744,3379.516795865633
1780062343,11,GET,/api/concerts,0.600000,0.000000,3,3,3,3,4,4,4,4,4,4,4,98,0,3,3.481815214293104,2.383003999966604,48.33779199998389,753.0
1780062343,11,GET,/health,0.200000,0.000000,3,3,3,3,3,3,3,3,3,3,3,43,0,3,6.138803441846776,2.491821000148775,51.82686699981787,56.0
1780062343,11,,Aggregated,4.200000,0.000000,140,140,300,320,440,570,700,700,700,700,700,528,0,140,141.67680026893208,2.383003999966604,700.620417999744,2621.3541666666665
1780062344,11,POST,/api/book,3.200000,0.000000,140,290,320,380,460,600,700,700,700,700,700,391,0,140,192.39355795651116,96.68649999957779,700.620417999744,3379.6010230179027
1780062344,11,GET,/api/concerts,0.900000,0.000000,3,3,3,3,4,4,4,4,4,4,4,98,0,3,3.481815214293104,2.383003999966604,48.33779199998389,753.0
1780062344,11,GET,/health,0.200000,0.000000,3,3,3,3,3,3,3,3,3,3,3,43,0,3,6.138803441846776,2.491821000148775,51.82686699981787,56.0
1780062344,11,,Aggregated,4.300000,0.000000,140,200,310,330,460,570,700,700,700,700,700,532,0,140,142.53960075187211,2.383003999966604,700.620417999744,2627.1165413533836
1780062345,11,POST,/api/book,3.400000,0.000000,140,300,380,420,510,600,700,700,700,700,700,397,0,140,193.3411994559078,96.68649999957779,700.620417999744,3379.5642317380352
1780062345,11,GET,/api/concerts,0.900000,0.000000,3,3,3,3,4,4,4,4,4,4,4,98,0,3,3.481815214293104,2.383003999966604,48.33779199998389,753.0
1780062345,11,GET,/health,0.200000,0.000000,3,3,3,3,3,3,3,3,3,3,3,43,0,3,6.138803441846776,2.491821000148775,51.82686699981787,56.0
1780062345,11,,Aggregated,4.500000,0.000000,140,290,320,380,460,570,700,700,700,700,700,538,0,140,143.79487476393214,2.383003999966604,700.620417999744,2635.4814126394053
1780062346,12,POST,/api/book,3.400000,0.000000,140,210,380,420,510,600,700,700,700,700,700,400,0,140,192.9320399649896,96.68649999957779,700.620417999744,3379.56
1780062346,12,GET,/api/concerts,0.800000,0.000000,3,3,4,4,4,4,4,4,4,4,4,100,0,3,3.4755223200045293,2.383003999966604,48.33779199998389,753.0
1780062346,12,GET,/health,0.200000,0.000000,3,3,3,3,3,3,3,3,3,3,3,43,0,3,6.138803441846776,2.491821000148775,51.82686699981787,56.0
1780062346,12,,Aggregated,4.400000,0.000000,140,160,310,380,460,570,700,700,700,700,700,543,0,140,143.24923897973417,2.383003999966604,700.620417999744,2632.6556169429095
1780062347,12,POST,/api/book,3.500000,0.000000,140,310,390,420,510,600,700,700,700,700,700,404,0,140,193.67622036632625,96.68649999957779,700.620417999744,3379.690594059406
1780062347,12,GET,/api/concerts,0.700000,0.000000,3,3,4,4,4,4,4,4,4,4,4,100,0,3,3.4755223200045293,2.383003999966604,48.33779199998389,753.0
1780062347,12,GET,/health,0.200000,0.000000,3,3,3,3,3,3,3,3,3,3,3,44,0,3,6.059270227266015,2.491821000148775,51.82686699981787,56.0
1780062347,12,,Aggregated,4.400000,0.000000,140,200,380,400,460,570,700,700,700,700,700,548,0,140,143.90392910583196,2.383003999966604,700.620417999744,2633.5018248175184
1780062348,12,POST,/api/book,4.000000,0.000000,140,210,380,400,510,600,700,700,700,700,700,407,0,140,193.63407435379935,96.68649999957779,700.620417999744,3379.7272727272725
1780062348,12,GET,/api/concerts,0.600000,0.000000,3,3,4,4,4,4,4,4,4,4,4,100,0,3,3.4755223200045293,2.383003999966604,48.33779199998389,753.0
1780062348,12,GET,/health,0.100000,0.000000,3,3,3,3,3,3,3,3,3,3,3,44,0,3,6.059270227266015,2.491821000148775,51.82686699981787,56.0
1780062348,12,,Aggregated,4.700000,0.000000,140,200,290,390,460,570,700,700,700,700,700,551,0,140,144.14379017059247,2.383003999966604,700.620417999744,2637.5916515426497
1780062349,12,POST,/api/book,3.900000,0.000000,160,240,390,400,510,600,700,700,700,700,700,412,0,140,193.8018820315423,96.68649999957779,700.620417999744,3379.660194174757
1780062349,12,GET,/api/concerts,0.700000,0.000000,4,4,4,4,4,4,4,4,4,4,4,101,0,3,3.4813608217878973,2.383003999966604,48.33779199998389,753.0
1780062349,12,GET,/health,0.200000,0.000000,3,3,3,3,3,3,3,3,3,3,3,44,0,3,6.059270227266015,2.491821000148775,51.82686699981787,56.0
1780062349,12,,Aggregated,4.800000,0.000000,140,220,290,390,460,570,700,700,700,700,700,557,0,140,144.46068353679652,2.383003999966604,700.620417999744,2640.8204667863556
1780062350,12,POST,/api/book,3.700000,0.000000,220,290,380,400,510,600,700,700,700,700,700,418,0,140,194.69626504783767,96.68649999957779,700.620417999744,3379.4282296650717
1780062350,12,GET,/api/concerts,0.600000,0.000000,4,4,4,4,4,4,4,4,4,4,4,101,0,3,3.4813608217878973,2.383003999966604,48.33779199998389,753.0
1780062350,12,GET,/health,0.200000,0.000000,3,3,3,3,3,3,3,3,3,3,3,44,0,3,6.059270227266015,2.491821000148775,51.82686699981787,56.0
1780062350,12,,Aggregated,4.500000,0.000000,140,270,290,380,460,570,700,700,700,700,700,563,0,140,145.65055794493142,2.383003999966604,700.620417999744,2648.5222024866785
1780062351,13,POST,/api/book,3.900000,0.000000,220,280,290,390,460,570,700,700,700,700,700,423,0,140,194.49879511346677,96.68649999957779,700.620417999744,3379.470449172577
1780062351,13,GET,/api/concerts,0.500000,0.000000,4,4,4,4,4,4,4,4,4,4,4,102,0,3,3.484362578435549,2.383003999966604,48.33779199998389,753.0
1780062351,13,GET,/health,0.200000,0.000000,3,3,3,3,3,3,3,3,3,3,3,44,0,3,6.059270227266015,2.491821000148775,51.82686699981787,56.0
1780062351,13,,Aggregated,4.600000,0.000000,200,260,290,380,460,570,700,700,700,700,700,569,0,140,145.6854186397127,2.383003999966604,700.620417999744,2651.6449912126536
1780062352,13,POST,/api/book,3.900000,0.000000,210,260,290,290,390,460,510,510,510,510,510,429,0,140,195.12111054078537,96.68649999957779,700.620417999744,3379.7156177156176
1780062352,13,GET,/api/concerts,0.600000,0.000000,4,4,4,4,4,4,4,4,4,4,4,102,0,3,3.484362578435549,2.383003999966604,48.33779199998389,753.0
1780062352,13,GET,/health,0.100000,0.000000,3,3,3,3,3,3,3,3,3,3,3,44,0,3,6.059270227266015,2.491821000148775,51.82686699981787,56.0
1780062352,13,,Aggregated,4.600000,0.000000,160,240,280,290,390,460,510,510,510,510,510,575,0,140,146.6590770347774,2.383003999966604,700.620417999744,2659.4226086956523
1780062353,13,POST,/api/book,3.900000,0.000000,200,260,290,290,380,400,510,510,510,510,510,431,0,140,195.00395159396098,96.68649999957779,700.620417999744,3379.8236658932715
1780062353,13,GET,/api/concerts,0.600000,0.000000,4,4,4,4,4,4,4,4,4,4,4,103,0,3,3.473950145636761,2.383003999966604,48.33779199998389,753.0
1780062353,13,GET,/health,0.100000,0.000000,3,3,3,3,3,3,3,3,3,3,3,44,0,3,6.059270227266015,2.491821000148775,51.82686699981787,56.0
1780062353,13,,Aggregated,4.600000,0.000000,160,240,270,290,380,400,510,510,510,510,510,578,0,140,146.48984064359416,2.383003999966604,700.620417999744,2658.69723183391
1780062354,13,POST,/api/book,4.400000,0.000000,200,240,280,290,400,650,700,700,700,700,700,439,0,140,198.7744440728851,96.68649999957779,700.620417999744,3379.9225512528474
1780062354,13,GET,/api/concerts,0.400000,0.000000,4,4,4,4,4,4,4,4,4,4,4,104,0,3,3.4696909807726466,2.383003999966604,48.33779199998389,753.0
1780062354,13,GET,/health,0.100000,0.000000,3,3,3,3,3,3,3,3,3,3,3,44,0,3,6.059270227266015,2.491821000148775,51.82686699981787,56.0
1780062354,13,,Aggregated,4.900000,0.000000,150,230,260,290,390,650,680,700,700,700,700,587,0,140,149.7264679727369,2.383003999966604,700.620417999744,2665.352640545145
1780062355,13,POST,/api/book,4.600000,0.000000,200,240,280,290,400,650,700,700,700,700,700,443,0,140,198.32783072234048,96.68649999957779,700.620417999744,3379.993227990971
1780062355,13,GET,/api/concerts,0.500000,0.000000,4,4,4,4,29,29,29,29,29,29,29,107,0,3,3.6983080467337537,2.383003999966604,48.33779199998389,753.0
1780062355,13,GET,/health,0.100000,0.000000,3,3,3,3,3,3,3,3,3,3,3,45,0,3,5.984725822216003,2.491821000148775,51.82686699981787,56.0
1780062355,13,,Aggregated,5.200000,0.000000,150,230,260,290,390,650,680,700,700,700,700,595,0,140,148.78026997142354,2.383003999966604,700.620417999744,2656.181512605042
1780062356,14,POST,/api/book,4.400000,0.000000,200,240,270,290,380,650,700,700,700,700,700,444,0,140,198.202455518011,96.68649999957779,700.620417999744,3379.9594594594596
1780062356,14,GET,/api/concerts,0.500000,0.000000,4,4,4,6,29,29,29,29,29,29,29,109,0,3,3.7068370000044792,2.383003999966604,48.33779199998389,753.0
1780062356,14,GET,/health,0.100000,0.000000,3,3,3,3,3,3,3,3,3,3,3,45,0,3,5.984725822216003,2.491821000148775,51.82686699981787,56.0
1780062356,14,,Aggregated,5.000000,0.000000,150,220,260,270,310,650,680,700,700,700,700,598,0,140,148.28636813544654,2.383003999966604,700.620417999744,2651.0016722408027
1780062357,14,POST,/api/book,4.700000,0.000000,220,270,290,330,600,680,700,700,700,700,700,449,0,140,201.6318173429786,96.68649999957779,700.620417999744,3379.84855233853
1780062357,14,GET,/api/concerts,0.700000,0.000000,3,4,4,6,29,29,29,29,29,29,29,110,0,3,3.6968490454620966,2.383003999966604,48.33779199998389,753.0
1780062357,14,GET,/health,0.100000,0.000000,3,3,3,3,3,3,3,3,3,3,3,47,0,3,5.840005340418275,2.382352000040555,51.82686699981787,56.0
1780062357,14,,Aggregated,5.500000,0.000000,150,240,280,290,590,680,690,700,700,700,700,606,0,140,150.5178541798644,2.382352000040555,700.620417999744,2645.237623762376
1780062358,14,POST,/api/book,4.600000,0.000000,230,290,330,380,600,680,700,700,700,700,700,453,0,140,202.15408740617497,96.68649999957779,700.620417999744,3379.717439293598
1780062358,14,GET,/api/concerts,0.800000,0.000000,3,3,4,4,6,29,29,29,29,29,29,112,0,3,3.682347196433154,2.383003999966604,48.33779199998389,753.0
1780062358,14,GET,/health,0.200000,0.000000,3,3,3,3,3,3,3,3,3,3,3,47,0,3,5.840005340418275,2.382352000040555,51.82686699981787,56.0
1780062358,14,,Aggregated,5.600000,0.000000,150,230,290,310,590,680,690,700,700,700,700,612,0,140,150.75605348365585,2.382352000040555,700.620417999744,2643.7581699346406
1780062359,14,POST,/api/book,4.200000,0.000000,180,290,330,380,600,680,700,700,700,700,700,456,0,140,201.75132034648658,96.68649999957779,700.620417999744,3379.875
1780062359,14,GET,/api/concerts,0.900000,0.000000,3,3,4,4,6,29,29,29,29,29,29,113,0,3,3.6772587345171615,2.383003999966604,48.33779199998389,753.0
1780062359,14,GET,/health,0.200000,0.000000,3,3,3,3,3,3,3,3,3,3,3,47,0,3,5.840005340418275,2.382352000040555,51.82686699981787,56.0
1780062359,14,,Aggregated,5.300000,0.000000,140,200,290,310,590,680,690,700,700,700,700,616,0,140,150.4685268928538,2.382352000040555,700.620417999744,2644.3896103896104
1780062360,14,POST,/api/book,4.700000,0.000000,180,260,340,460,650,690,700,700,700,700,700,459,0,140,201.468831431368,96.68649999957779,700.620417999744,3379.823529411765
1780062360,14,GET,/api/concerts,1.000000,0.000000,3,3,3,4,6,29,29,29,29,29,29,114,0,3,3.66761181579166,2.383003999966604,48.33779199998389,753.0
1780062360,14,GET,/health,0.300000,0.000000,3,3,3,5,5,5,5,5,5,5,5,49,0,3,5.771022469375288,2.382352000040555,51.82686699981787,56.0
1780062360,14,,Aggregated,6.000000,0.000000,140,180,240,310,590,680,690,700,700,700,700,622,0,140,149.79916635851686,2.382352000040555,700.620417999744,2636.5353697749197
1780062361,15,POST,/api/book,4.600000,0.000000,180,320,410,460,650,690,700,700,700,700,700,463,0,140,202.60324237364574,96.68649999957779,700.620417999744,3379.8228941684665
1780062361,15,GET,/api/concerts,1.300000,0.000000,3,3,3,6,16,29,29,29,29,29,29,115,0,3,3.776594921739319,2.383003999966604,48.33779199998389,753.0
1780062361,15,GET,/health,0.300000,0.000000,3,3,3,5,5,5,5,5,5,5,5,49,0,3,5.771022469375288,2.382352000040555,51.82686699981787,56.0
1780062361,15,,Aggregated,6.200000,0.000000,140,180,310,340,590,680,690,700,700,700,700,627,0,140,150.75341265709304,2.382352000040555,700.620417999744,2638.2727272727275
1780062362,15,POST,/api/book,4.200000,0.000000,150,320,410,460,650,690,700,700,700,700,700,470,0,140,202.5325585042498,96.68649999957779,700.620417999744,3379.757446808511
1780062362,15,GET,/api/concerts,1.300000,0.000000,3,3,3,6,16,29,29,29,29,29,29,115,0,3,3.776594921739319,2.383003999966604,48.33779199998389,753.0
1780062362,15,GET,/health,0.300000,0.000000,3,3,5,5,7,7,7,7,7,7,7,50,0,3,5.796519959994839,2.382352000040555,51.82686699981787,56.0
1780062362,15,,Aggregated,5.800000,0.000000,140,150,320,340,590,680,690,700,700,700,700,635,0,140,151.04635734015295,2.382352000040555,700.620417999744,2642.332283464567
1780062363,15,POST,/api/book,4.100000,0.000000,180,340,460,580,650,680,700,700,700,700,700,474,0,140,205.07695070041655,96.68649999957779,700.620417999744,3379.784810126582
1780062363,15,GET,/api/concerts,1.400000,0.000000,3,3,6,15,16,29,29,29,29,29,29,116,0,3,3.8698880517225414,2.383003999966604,48.33779199998389,753.0
1780062363,15,GET,/health,0.500000,0.000000,3,5,7,7,20,20,20,20,20,20,20,51,0,3,6.068734470585802,2.382352000040555,51.82686699981787,56.0
1780062363,15,,Aggregated,6.000000,0.000000,140,180,330,410,600,670,690,700,700,700,700,641,0,140,152.83133713572087,2.382352000040555,700.620417999744,2639.971918876755
1780062364,15,POST,/api/book,4.200000,0.000000,200,370,470,590,670,720,930,930,930,930,930,482,0,140,210.06210780082438,96.68649999957779,927.8205040000103,3379.917012448133
1780062364,15,GET,/api/concerts,1.300000,0.000000,3,3,15,15,16,29,29,29,29,29,29,117,0,3,3.8593710854654955,2.383003999966604,48.33779199998389,753.0
1780062364,15,GET,/health,0.600000,0.000000,5,7,20,20,32,32,32,32,32,32,32,52,0,3,6.569154673072192,2.382352000040555,51.82686699981787,56.0
1780062364,15,,Aggregated,6.100000,0.000000,140,180,340,460,640,690,890,930,930,930,930,651,0,140,156.74820033793628,2.382352000040555,927.8205040000103,2642.293394777266
1780062365,15,POST,/api/book,3.900000,0.000000,310,370,470,590,670,720,930,930,930,930,930,486,0,140,210.24711968929577,96.68649999957779,927.8205040000103,3379.940329218107
1780062365,15,GET,/api/concerts,1.200000,0.000000,3,3,15,15,16,42,42,42,42,42,42,119,0,3,4.172259285710692,2.383003999966604,48.33779199998389,753.0
1780062365,15,GET,/health,0.700000,0.000000,5,7,20,20,32,32,32,32,32,32,32,52,0,3,6.569154673072192,2.382352000040555,51.82686699981787,56.0
1780062365,15,,Aggregated,5.800000,0.000000,140,310,340,460,640,690,890,930,930,930,930,657,0,140,156.80090573363321,2.382352000040555,927.8205040000103,2641.0502283105025
1780062366,16,POST,/api/book,4.400000,0.000000,190,340,460,590,670,720,930,930,930,930,930,490,0,140,209.66454053877052,96.68649999957779,927.8205040000103,3379.887755102041
1780062366,16,GET,/api/concerts,1.300000,0.000000,3,3,15,15,16,42,42,42,42,42,42,120,0,3,4.160553066662942,2.383003999966604,48.33779199998389,753.0
1780062366,16,GET,/health,0.700000,0.000000,7,7,20,20,32,32,32,32,32,32,32,52,0,3,6.569154673072192,2.382352000040555,51.82686699981787,56.0
1780062366,16,,Aggregated,6.400000,0.000000,140,200,340,460,640,690,890,930,930,930,930,662,0,140,156.45995056646046,2.382352000040555,927.8205040000103,2642.6238670694866
1780062367,16,POST,/api/book,4.300000,0.000000,150,310,350,410,640,720,930,930,930,930,930,497,0,140,210.09456939436137,96.68649999957779,927.8205040000103,3379.8289738430585
1780062367,16,GET,/api/concerts,1.200000,0.000000,3,15,16,16,27,42,42,42,42,42,42,121,0,3,4.345430305781242,2.383003999966604,48.33779199998389,753.0
1780062367,16,GET,/health,0.800000,0.000000,7,20,32,32,54,54,54,54,54,54,54,53,0,3,7.470504660372137,2.382352000040555,54.340703999969264,56.0
1780062367,16,,Aggregated,6.300000,0.000000,140,170,310,320,570,670,890,930,930,930,930,671,0,140,156.98768226974187,2.382352000040555,927.8205040000103,2643.6005961251863
1780062368,16,POST,/api/book,4.300000,0.000000,170,310,350,410,640,720,930,930,930,930,930,501,0,140,209.78211830538513,96.68649999957779,927.8205040000103,3379.6506986027944
1780062368,16,GET,/api/concerts,1.300000,0.000000,15,16,27,27,42,42,42,42,42,42,42,121,0,3,4.345430305781242,2.383003999966604,48.33779199998389,753.0
1780062368,16,GET,/health,0.700000,0.000000,7,20,32,32,54,54,54,54,54,54,54,54,0,3,7.381487722214944,2.382352000040555,54.340703999969264,56.0
1780062368,16,,Aggregated,6.300000,0.000000,140,200,310,320,570,670,890,930,930,930,930,676,0,140,156.84206904585358,2.382352000040555,927.8205040000103,2643.9970414201184
1780062369,16,POST,/api/book,4.600000,0.000000,190,320,370,470,670,720,930,930,930,930,930,506,0,140,211.4856194328027,96.68649999957779,927.8205040000103,3379.721343873518
1780062369,16,GET,/api/concerts,1.100000,0.000000,15,16,27,27,42,42,42,42,42,42,42,121,0,3,4.345430305781242,2.383003999966604,48.33779199998389,753.0
1780062369,16,GET,/health,0.700000,0.000000,7,20,32,32,54,54,54,54,54,54,54,54,0,3,7.381487722214944,2.382352000040555,54.340703999969264,56.0
1780062369,16,,Aggregated,6.400000,0.000000,140,280,320,370,640,710,890,930,930,930,930,681,0,140,158.4965063685716,2.382352000040555,927.8205040000103,2649.4508076358297
1780062370,16,POST,/api/book,4.800000,0.000000,270,350,570,640,730,960,1000,1200,1200,1200,1200,515,0,140,218.56485695727784,96.68649999957779,1198.924455999986,3379.9223300970875
1780062370,16,GET,/api/concerts,1.100000,0.000000,15,16,27,27,42,42,42,42,42,42,42,122,0,3,4.3329387704891476,2.383003999966604,48.33779199998389,753.0
1780062370,16,GET,/health,0.600000,0.000000,20,32,32,54,54,54,54,54,54,54,54,54,0,3,7.381487722214944,2.382352000040555,54.340703999969264,56.0
1780062370,16,,Aggregated,6.500000,0.000000,150,310,390,570,720,930,1000,1200,1200,1200,1200,691,0,140,164.23751114326674,2.382352000040555,1198.924455999986,2656.367583212735
1780062371,17,POST,/api/book,4.700000,0.000000,210,310,570,640,730,960,1000,1200,1200,1200,1200,520,0,140,217.79735261922818,96.68649999957779,1198.924455999986,3379.9442307692307
1780062371,17,GET,/api/concerts,0.800000,0.000000,3,15,27,27,42,42,42,42,42,42,42,122,0,3,4.3329387704891476,2.383003999966604,48.33779199998389,753.0
1780062371,17,GET,/health,0.700000,0.000000,32,32,43,43,54,54,54,54,54,54,54,56,0,3,7.9418917678546155,2.382352000040555,54.340703999969264,56.0
1780062371,17,,Aggregated,6.200000,0.000000,140,280,350,570,720,930,1000,1200,1200,1200,1200,698,0,140,163.65041236532684,2.382352000040555,1198.924455999986,2654.1160458452723
1780062372,17,POST,/api/book,5.100000,0.000000,230,350,580,640,730,960,1000,1200,1200,1200,1200,526,0,140,219.05868538592938,96.68649999957779,1198.924455999986,3379.754752851711
1780062372,17,GET,/api/concerts,0.700000,0.000000,3,15,27,27,42,42,42,42,42,42,42,122,0,3,4.3329387704891476,2.383003999966604,48.33779199998389,753.0
1780062372,17,GET,/health,0.700000,0.000000,32,32,43,43,54,54,54,54,54,54,54,56,0,3,7.9418917678546155,2.382352000040555,54.340703999969264,56.0
1780062372,17,,Aggregated,6.500000,0.000000,150,290,400,580,720,930,1000,1200,1200,1200,1200,704,0,140,165.0543082130658,2.382352000040555,1198.924455999986,2660.1605113636365
1780062373,17,POST,/api/book,5.600000,0.000000,240,350,580,670,890,970,1000,1200,1200,1200,1200,535,0,140,224.23497407102508,96.68649999957779,1198.924455999986,3379.8485981308413
1780062373,17,GET,/api/concerts,0.700000,0.000000,3,3,27,27,42,42,42,42,42,42,42,122,0,3,4.3329387704891476,2.383003999966604,48.33779199998389,753.0
1780062373,17,GET,/health,0.500000,0.000000,32,43,43,54,54,54,54,54,54,54,54,56,0,3,7.9418917678546155,2.382352000040555,54.340703999969264,56.0
1780062373,17,,Aggregated,6.800000,0.000000,210,310,400,600,730,960,1000,1200,1200,1200,1200,713,0,140,169.62002187517237,2.382352000040555,1198.924455999986,2669.3141654978963
1780062374,17,POST,/api/book,5.600000,0.000000,240,310,400,580,730,970,1000,1200,1200,1200,1200,541,0,140,223.82075831792588,96.68649999957779,1198.924455999986,3379.7079482439926
1780062374,17,GET,/api/concerts,0.700000,0.000000,3,27,27,42,42,42,42,42,42,42,42,122,0,3,4.3329387704891476,2.383003999966604,48.33779199998389,753.0
1780062374,17,GET,/health,0.600000,0.000000,32,32,43,43,54,54,54,54,54,54,54,57,0,3,7.848716315780429,2.382352000040555,54.340703999969264,56.0
1780062374,17,,Aggregated,6.900000,0.000000,190,280,350,400,730,960,1000,1200,1200,1200,1200,720,0,140,169.53198001388472,2.382352000040555,1198.924455999986,2671.5
1780062375,17,POST,/api/book,5.900000,0.000000,240,290,400,580,730,970,1000,1200,1200,1200,1200,545,0,140,223.65565073027133,96.68649999957779,1198.924455999986,3379.581651376147
1780062375,17,GET,/api/concerts,0.700000,0.000000,3,3,27,27,42,42,42,42,42,42,42,124,0,3,4.309201467740129,2.383003999966604,48.33779199998389,753.0
1780062375,17,GET,/health,0.500000,0.000000,3,7,43,43,54,54,54,54,54,54,54,59,0,3,7.741686355923051,2.382352000040555,54.340703999969264,56.0
1780062375,17,,Aggregated,7.100000,0.000000,150,270,320,400,730,960,1000,1200,1200,1200,1200,728,0,140,168.7959205013696,2.382352000040555,1198.924455999986,2662.8406593406594
1780062376,18,POST,/api/book,6.100000,0.000000,230,310,400,530,730,960,1000,1200,1200,1200,1200,552,0,140,223.4837340507193,95.91827899976124,1198.924455999986,3379.6340579710145
1780062376,18,GET,/api/concerts,0.600000,0.000000,3,3,3,3,27,27,27,27,27,27,27,126,0,3,4.2864194444468415,2.383003999966604,48.33779199998389,753.0
1780062376,18,GET,/health,0.600000,0.000000,3,7,43,43,54,54,54,54,54,54,54,59,0,3,7.741686355923051,2.382352000040555,54.340703999969264,56.0
1780062376,18,,Aggregated,7.300000,0.000000,150,270,350,400,710,960,1000,1200,1200,1200,1200,737,0,140,168.7379505305248,2.382352000040555,1198.924455999986,2664.504748982361
1780062377,18,POST,/api/book,5.800000,0.000000,240,390,530,670,860,970,1000,1200,1200,1200,1200,554,0,140,224.92508500541112,95.91827899976124,1198.924455999986,3379.774368231047
1780062377,18,GET,/api/concerts,0.600000,0.000000,3,3,3,3,27,27,27,27,27,27,27,127,0,3,4.27348302362474,2.383003999966604,48.33779199998389,753.0
1780062377,18,GET,/health,0.500000,0.000000,7,7,20,20,43,43,43,43,43,43,43,61,0,3,7.933991622938593,2.382352000040555,54.340703999969264,56.0
1780062377,18,,Aggregated,6.900000,0.000000,150,260,400,530,730,960,1000,1200,1200,1200,1200,742,0,140,169.31968049325783,2.382352000040555,1198.924455999986,2656.929919137466
1780062378,18,POST,/api/book,5.900000,0.000000,240,400,600,670,950,1000,1100,1200,1200,1200,1200,564,0,140,229.629972652478,95.91827899976124,1198.924455999986,3379.854609929078
1780062378,18,GET,/api/concerts,0.400000,0.000000,3,3,3,3,48,48,48,48,48,48,48,129,0,3,4.596989503875369,2.383003999966604,48.33779199998389,753.0
1780062378,18,GET,/health,0.700000,0.000000,7,7,20,20,43,43,43,43,43,43,43,61,0,3,7.933991622938593,2.382352000040555,54.340703999969264,56.0
1780062378,18,,Aggregated,7.000000,0.000000,190,290,400,600,860,1000,1100,1200,1200,1200,1200,754,0,140,173.19401818434577,2.382352000040555,1198.924455999986,2661.526525198939
1780062379,18,POST,/api/book,6.100000,0.000000,240,380,450,620,860,1000,1100,1200,1200,1200,1200,570,0,140,229.8810638087671,95.91827899976124,1198.924455999986,3379.7298245614033
1780062379,18,GET,/api/concerts,0.600000,0.000000,3,3,3,6,48,48,48,48,48,48,48,130,0,3,4.608212399999991,2.383003999966604,48.33779199998389,753.0
1780062379,18,GET,/health,0.700000,0.000000,7,7,20,20,43,43,43,43,43,43,43,61,0,3,7.933991622938593,2.382352000040555,54.340703999969264,56.0
1780062379,18,,Aggregated,7.400000,0.000000,170,290,400,450,730,1000,1100,1200,1200,1200,1200,761,0,140,173.60742111957487,2.382352000040555,1198.924455999986,2664.5886990801578
1780062380,18,POST,/api/book,5.900000,0.000000,240,370,400,450,730,970,1100,1100,1100,1100,1100,574,0,140,230.61484401567444,95.91827899976124,1198.924455999986,3379.7160278745646
1780062380,18,GET,/api/concerts,0.600000,0.000000,3,3,6,48,51,51,51,51,51,51,51,131,0,3,4.9615069999982335,2.383003999966604,50.889804999769694,753.0
1780062380,18,GET,/health,0.800000,0.000000,7,7,20,20,43,43,43,43,43,43,43,61,0,3,7.933991622938593,2.382352000040555,54.340703999969264,56.0
1780062380,18,,Aggregated,7.300000,0.000000,150,290,380,400,670,950,1100,1100,1100,1100,1100,766,0,140,174.29092868276257,2.382352000040555,1198.924455999986,2665.817232375979
1780062381,19,POST,/api/book,6.300000,0.000000,290,380,440,510,680,950,1100,1100,1100,1100,1100,583,0,140,232.70629795196885,95.91827899976124,1198.924455999986,3379.6192109777016
1780062381,19,GET,/api/concerts,0.800000,0.000000,3,6,48,51,58,60,60,60,60,60,60,134,0,3,5.742747223875859,2.2359939998750633,59.721680999700766,753.0
1780062381,19,GET,/health,0.700000,0.000000,7,7,20,20,43,43,43,43,43,43,43,61,0,3,7.933991622938593,2.382352000040555,54.340703999969264,56.0
1780062381,19,,Aggregated,7.800000,0.000000,220,340,400,440,670,950,1100,1100,1100,1100,1100,778,0,140,175.99135388559955,2.2359939998750633,1198.924455999986,2666.6272493573265
1780062382,19,POST,/api/book,6.200000,0.000000,290,370,440,490,640,970,1100,1100,1100,1100,1100,585,0,140,233.26543101196185,95.91827899976124,1198.924455999986,3379.664957264957
1780062382,19,GET,/api/concerts,0.900000,0.000000,3,6,51,51,58,60,60,60,60,60,60,134,0,3,5.742747223875859,2.2359939998750633,59.721680999700766,753.0
1780062382,19,GET,/health,0.700000,0.000000,7,7,7,20,20,20,20,20,20,20,20,61,0,3,7.933991622938593,2.382352000040555,54.340703999969264,56.0
1780062382,19,,Aggregated,7.800000,0.000000,190,310,380,440,620,860,1100,1100,1100,1100,1100,780,0,140,176.5561266140978,2.2359939998750633,1198.924455999986,2668.4897435897437
1780062383,19,POST,/api/book,6.100000,0.000000,300,420,510,640,1100,1200,1500,1600,1600,1600,1600,598,0,150,245.7442549314351,95.91827899976124,1560.8523310002056,3379.816053511706
1780062383,19,GET,/api/concerts,0.900000,0.000000,3,8,48,51,58,60,60,60,60,60,60,135,0,3,5.758998014809752,2.2359939998750633,59.721680999700766,753.0
1780062383,19,GET,/health,0.700000,0.000000,7,7,20,20,55,55,55,55,55,55,55,62,0,3,8.688472499993475,2.382352000040555,54.71180600034131,56.0
1780062383,19,,Aggregated,7.700000,0.000000,200,360,440,510,1000,1200,1500,1600,1600,1600,1600,795,0,140,186.50467229685168,2.2359939998750633,1560.8523310002056,2674.537106918239
1780062384,19,POST,/api/book,6.100000,0.000000,340,440,620,650,1100,1200,1500,1600,1600,1600,1600,602,0,150,247.96876241528005,95.91827899976124,1560.8523310002056,3379.779069767442
1780062384,19,GET,/api/concerts,1.200000,0.000000,6,8,51,51,58,60,60,60,60,60,60,135,0,3,5.758998014809752,2.2359939998750633,59.721680999700766,753.0
1780062384,19,GET,/health,0.500000,0.000000,7,20,20,55,55,55,55,55,55,55,55,62,0,3,8.688472499993475,2.382352000040555,54.71180600034131,56.0
1780062384,19,,Aggregated,7.800000,0.000000,240,370,450,620,1000,1200,1500,1600,1600,1600,1600,799,0,140,188.47727784855755,2.2359939998750633,1560.8523310002056,2678.0400500625783
1780062385,19,POST,/api/book,6.100000,0.000000,340,440,620,650,1100,1200,1500,1600,1600,1600,1600,608,0,150,247.034080860195,95.91827899976124,1560.8523310002056,3379.871710526316
1780062385,19,GET,/api/concerts,1.200000,0.000000,6,8,48,51,58,60,60,60,60,60,60,137,0,3,5.746985189774812,2.2359939998750633,59.721680999700766,753.0
1780062385,19,GET,/health,0.600000,0.000000,20,20,55,55,55,55,55,55,55,55,55,63,0,3,8.59223444443896,2.382352000040555,54.71180600034131,56.0
1780062385,19,,Aggregated,7.900000,0.000000,200,370,450,620,1000,1200,1500,1600,1600,1600,1600,808,0,140,187.53139715841257,2.2359939998750633,1560.8523310002056,2675.3106435643563
1780062386,20,POST,/api/book,6.300000,0.000000,360,440,640,680,1100,1200,1500,1600,1600,1600,1600,615,0,150,248.76850355934718,95.91827899976124,1560.8523310002056,3379.8032520325205
1780062386,20,GET,/api/concerts,1.300000,0.000000,7,48,51,51,58,60,60,60,60,60,60,137,0,3,5.746985189774812,2.2359939998750633,59.721680999700766,753.0
1780062386,20,GET,/health,0.500000,0.000000,20,20,55,55,55,55,55,55,55,55,55,63,0,3,8.59223444443896,2.382352000040555,54.71180600034131,56.0
1780062386,20,,Aggregated,8.100000,0.000000,280,380,500,640,1000,1200,1500,1600,1600,1600,1600,815,0,140,189.3512606503034,2.2359939998750633,1560.8523310002056,2681.3104294478526
1780062387,20,POST,/api/book,6.300000,0.000000,350,440,650,910,1100,1300,1500,1600,1600,1600,1600,621,0,150,255.23841738969128,95.91827899976124,1560.8523310002056,3379.740740740741
1780062387,20,GET,/api/concerts,1.200000,0.000000,8,48,51,51,58,60,60,60,60,60,60,138,0,3,6.033954376806029,2.2359939998750633,59.721680999700766,753.0
1780062387,20,GET,/health,0.500000,0.000000,20,20,55,55,55,55,55,55,55,55,55,63,0,3,8.59223444443896,2.382352000040555,54.71180600034131,56.0
1780062387,20,,Aggregated,8.000000,0.000000,280,380,510,650,1100,1300,1500,1600,1600,1600,1600,822,0,140,194.4976322055926,2.2359939998750633,1560.8523310002056,2684.015815085158
1780062388,20,POST,/api/book,6.400000,0.000000,360,500,850,950,1100,1300,1500,1600,1600,1600,1600,631,0,150,259.6022159651315,95.91827899976124,1560.8523310002056,3379.727416798732
1780062388,20,GET,/api/concerts,1.300000,0.000000,41,45,51,58,60,60,60,60,60,60,60,139,0,3,6.2833953237347595,2.2359939998750633,59.721680999700766,753.0
1780062388,20,GET,/health,0.400000,0.000000,20,20,55,55,55,55,55,55,55,55,55,64,0,3,8.498426734369957,2.382352000040555,54.71180600034131,56.0
1780062388,20,,Aggregated,8.100000,0.000000,310,440,640,850,1100,1300,1500,1600,1600,1600,1600,834,0,140,198.11305699639897,2.2359939998750633,1560.8523310002056,2686.8812949640287
1780062389,20,POST,/api/book,6.500000,0.000000,360,500,850,950,1100,1300,1500,1600,1600,1600,1600,636,0,150,258.68429670282643,94.7171679999883,1560.8523310002056,3379.5298742138366
1780062389,20,GET,/api/concerts,1.200000,0.000000,8,45,51,51,58,60,60,60,60,60,60,141,0,3,6.231538340419688,2.2359939998750633,59.721680999700766,753.0
1780062389,20,GET,/health,0.300000,0.000000,3,3,3,55,55,55,55,55,55,55,55,66,0,3,8.326957666668022,2.382352000040555,54.71180600034131,56.0
1780062389,20,,Aggregated,8.000000,0.000000,300,420,560,850,1100,1200,1500,1600,1600,1600,1600,843,0,140,196.8581717852869,2.2359939998750633,1560.8523310002056,2680.011862396204
1780062390,20,POST,/api/book,6.800000,0.000000,360,510,850,950,1100,1300,1500,1600,1600,1600,1600,641,0,150,258.81512691263384,94.7171679999883,1560.8523310002056,3379.477379095164
1780062390,20,GET,/api/concerts,1.100000,0.000000,8,41,45,58,60,60,60,60,60,60,60,141,0,3,6.231538340419688,2.2359939998750633,59.721680999700766,753.0
1780062390,20,GET,/health,0.300000,0.000000,3,3,27,27,55,55,55,55,55,55,55,67,0,3,8.609003462689584,2.382352000040555,54.71180600034131,56.0
1780062390,20,,Aggregated,8.200000,0.000000,290,400,640,850,1100,1300,1500,1600,1600,1600,1600,849,0,140,197.1212561707864,2.2359939998750633,1560.8523310002056,2681.0011778563016
1780062391,21,POST,/api/book,6.800000,0.000000,360,650,950,1000,1200,1400,1500,1600,1600,1600,1600,648,0,150,263.50239067129394,94.7171679999883,1560.8523310002056,3379.4675925925926
1780062391,21,GET,/api/concerts,1.000000,0.000000,8,41,45,58,60,60,60,60,60,60,60,141,0,3,6.231538340419688,2.2359939998750633,59.721680999700766,753.0
1780062391,21,GET,/health,0.300000,0.000000,3,3,27,27,55,55,55,55,55,55,55,67,0,3,8.609003462689584,2.382352000040555,54.71180600034131,56.0
1780062391,21,,Aggregated,8.100000,0.000000,290,430,850,950,1100,1400,1500,1600,1600,1600,1600,856,0,140,201.17406459462364,2.2359939998750633,1560.8523310002056,2686.7056074766356
1780062392,21,POST,/api/book,6.800000,0.000000,380,910,1000,1100,1400,1500,1600,1700,1700,1700,1700,659,0,150,276.4120580151728,94.7171679999883,1713.947838000422,3379.3232169954476
1780062392,21,GET,/api/concerts,1.100000,0.000000,7,8,20,41,45,45,45,45,45,45,45,143,0,3,6.304950405589356,2.2359939998750633,59.721680999700766,753.0
1780062392,21,GET,/health,0.500000,0.000000,3,27,39,39,55,55,55,55,55,55,55,68,0,3,9.050955838233676,2.382352000040555,54.71180600034131,56.0
1780062392,21,,Aggregated,8.400000,0.000000,290,500,990,1100,1400,1500,1600,1700,1700,1700,1700,870,0,140,211.11795303103224,2.2359939998750633,1713.947838000422,2687.886206896552
1780062393,21,POST,/api/book,6.400000,0.000000,330,680,990,1100,1300,1400,1500,1700,1700,1700,1700,661,0,150,276.00860313313,94.7171679999883,1713.947838000422,3379.372163388805
1780062393,21,GET,/api/concerts,1.000000,0.000000,7,8,20,41,45,45,45,45,45,45,45,143,0,3,6.304950405589356,2.2359939998750633,59.721680999700766,753.0
1780062393,21,GET,/health,0.600000,0.000000,3,27,39,39,43,43,43,43,43,43,43,70,0,3,9.435227357140061,2.382352000040555,54.71180600034131,56.0
1780062393,21,,Aggregated,8.000000,0.000000,190,380,850,990,1300,1400,1500,1700,1700,1700,1700,874,0,140,210.53061841418537,2.2359939998750633,1713.947838000422,2683.4828375286043
1780062394,21,POST,/api/book,6.800000,0.000000,380,850,990,1100,1300,1400,1500,1700,1700,1700,1700,669,0,150,280.4074338400559,94.7171679999883,1713.947838000422,3379.342301943199
1780062394,21,GET,/api/concerts,0.700000,0.000000,7,20,41,45,50,50,50,50,50,50,50,144,0,3,6.6082460208273615,2.2359939998750633,59.721680999700766,753.0
1780062394,21,GET,/health,0.600000,0.000000,3,27,39,43,69,69,69,69,69,69,69,71,0,3,10.273779788733496,2.382352000040555,68.97245000027397,56.0
1780062394,21,,Aggregated,8.100000,0.000000,290,430,900,990,1300,1400,1500,1700,1700,1700,1700,884,0,140,214.1104061436613,2.2359939998750633,1713.947838000422,2684.601809954751
1780062395,21,POST,/api/book,7.000000,0.000000,400,850,990,1000,1300,1400,1500,1700,1700,1700,1700,677,0,150,281.21414230871073,94.7171679999883,1713.947838000422,3379.5612998522897
1780062395,21,GET,/api/concerts,0.900000,0.000000,41,45,50,50,61,61,61,61,61,61,61,145,0,3,6.986557558615584,2.2359939998750633,61.46341900011976,753.0
1780062395,21,GET,/health,0.600000,0.000000,3,27,39,43,69,69,69,69,69,69,69,72,0,3,10.175690874998761,2.382352000040555,68.97245000027397,56.0
1780062395,21,,Aggregated,8.500000,0.000000,330,460,900,990,1300,1400,1500,1700,1700,1700,1700,894,0,140,214.90791379417934,2.2359939998750633,1713.947838000422,2685.883668903803
1780062396,22,POST,/api/book,6.100000,0.000000,390,850,990,1100,1300,1400,1500,1700,1700,1700,1700,682,0,150,282.5585673856261,94.7171679999883,1713.947838000422,3379.4941348973607
1780062396,22,GET,/api/concerts,0.900000,0.000000,41,45,50,50,61,61,61,61,61,61,61,145,0,3,6.986557558615584,2.2359939998750633,61.46341900011976,753.0
1780062396,22,GET,/health,0.800000,0.000000,27,39,43,55,69,69,69,69,69,69,69,73,0,3,10.794072164378733,2.382352000040555,68.97245000027397,56.0
1780062396,22,,Aggregated,7.800000,0.000000,300,460,900,990,1300,1400,1500,1700,1700,1700,1700,900,0,140,216.11773452332875,2.2359939998750633,1713.947838000422,2686.7644444444445
1780062397,22,POST,/api/book,6.900000,0.000000,380,500,960,1000,1400,1400,1500,1700,1700,1700,1700,690,0,150,286.67382708695317,94.7171679999883,1713.947838000422,3379.4695652173914
1780062397,22,GET,/api/concerts,0.900000,0.000000,41,47,50,50,61,61,61,61,61,61,61,146,0,3,7.260202506844731,2.2359939998750633,61.46341900011976,753.0
1780062397,22,GET,/health,0.900000,0.000000,4,39,43,43,55,69,69,69,69,69,69,74,0,3,10.704583797288816,2.382352000040555,68.97245000027397,56.0
1780062397,22,,Aggregated,8.700000,0.000000,240,400,760,930,1400,1400,1500,1700,1700,1700,1700,910,0,140,219.40337302966634,2.2359939998750633,1713.947838000422,2687.81978021978
1780062398,22,POST,/api/book,6.900000,0.000000,410,960,1200,1400,1400,1600,1700,1700,1700,1700,1700,700,0,150,298.9321223942826,94.7171679999883,1731.2543789998927,3379.4314285714286
1780062398,22,GET,/api/concerts,0.800000,0.000000,20,47,50,61,82,82,82,82,82,82,82,149,0,3,7.706386852346715,2.2359939998750633,81.66546900019966,753.0
1780062398,22,GET,/health,1.000000,0.000000,27,39,43,55,69,69,69,69,69,69,69,74,0,3,10.704583797288816,2.382352000040555,68.97245000027397,56.0
1780062398,22,,Aggregated,8.700000,0.000000,260,500,990,1100,1400,1500,1700,1700,1700,1700,1700,923,0,140,228.8113505070388,2.2359939998750633,1731.2543789998927,2688.9956663055254
1780062399,22,POST,/api/book,6.600000,0.000000,440,960,1200,1400,1400,1600,1700,1700,1700,1700,1700,706,0,150,299.621931219543,94.7171679999883,1731.2543789998927,3379.509915014164
1780062399,22,GET,/api/concerts,0.700000,0.000000,4,47,50,50,61,82,82,82,82,82,82,150,0,3,7.670800386664875,2.2359939998750633,81.66546900019966,753.0
1780062399,22,GET,/health,1.000000,0.000000,27,39,43,55,69,69,69,69,69,69,69,75,0,3,10.626937813328064,2.382352000040555,68.97245000027397,56.0
1780062399,22,,Aggregated,8.300000,0.000000,300,760,1000,1100,1400,1500,1700,1700,1700,1700,1700,931,0,140,229.30260347475482,2.2359939998750633,1731.2543789998927,2688.5972073039743
1780062400,22,POST,/api/book,6.700000,0.000000,410,930,1100,1300,1400,1600,1700,1700,1700,1700,1700,713,0,160,299.32541631976966,94.7171679999883,1731.2543789998927,3379.5203366058904
1780062400,22,GET,/api/concerts,0.800000,0.000000,20,47,50,61,82,82,82,82,82,82,82,150,0,3,7.670800386664875,2.2359939998750633,81.66546900019966,753.0
1780062400,22,GET,/health,1.000000,0.000000,27,39,43,55,69,69,69,69,69,69,69,75,0,3,10.626937813328064,2.382352000040555,68.97245000027397,56.0
1780062400,22,,Aggregated,8.500000,0.000000,280,630,1000,1100,1400,1500,1700,1700,1700,1700,1700,938,0,140,229.60198531982422,2.2359939998750633,1731.2543789998927,2693.7611940298507
1780062401,23,POST,/api/book,7.000000,0.000000,420,850,1100,1300,1400,1600,1700,1700,1700,1700,1700,719,0,160,301.63504030736595,94.7171679999883,1731.2543789998927,3379.568845618915
1780062401,23,GET,/api/concerts,1.000000,0.000000,9,47,50,50,61,82,82,82,82,82,82,152,0,3,7.662023842101462,2.2359939998750633,81.66546900019966,753.0
1780062401,23,GET,/health,1.000000,0.000000,5,39,43,55,69,69,69,69,69,69,69,76,0,3,10.518091802629513,2.354641000238189,68.97245000027397,56.0
1780062401,23,,Aggregated,9.000000,0.000000,290,550,930,1000,1400,1500,1700,1700,1700,1700,1700,947,0,140,231.08721919957276,2.2359939998750633,1731.2543789998927,2691.2587117212247
1780062402,23,POST,/api/book,6.900000,0.000000,420,800,990,1100,1400,1600,1700,1700,1700,1700,1700,726,0,160,308.6810184903528,94.7171679999883,1731.2543789998927,3379.5674931129474
1780062402,23,GET,/api/concerts,0.900000,0.000000,9,47,50,61,82,82,82,82,82,82,82,152,0,3,7.662023842101462,2.2359939998750633,81.66546900019966,753.0
1780062402,23,GET,/health,0.900000,0.000000,5,43,55,55,69,69,69,69,69,69,69,76,0,3,10.518091802629513,2.354641000238189,68.97245000027397,56.0
1780062402,23,,Aggregated,8.700000,0.000000,290,500,900,990,1400,1500,1700,1700,1700,1700,1700,954,0,140,236.96689939726986,2.2359939998750633,1731.2543789998927,2696.3081761006288
1780062403,23,POST,/api/book,7.200000,0.000000,420,800,1100,1200,1400,1600,1700,2000,2000,2000,2000,729,0,160,310.55001411110646,94.7171679999883,1991.3543560001017,3379.511659807956
1780062403,23,GET,/api/concerts,1.000000,0.000000,9,47,50,50,61,82,82,82,82,82,82,154,0,3,7.782824993502753,2.2359939998750633,81.66546900019966,753.0
1780062403,23,GET,/health,0.800000,0.000000,5,5,55,55,69,69,69,69,69,69,69,76,0,3,10.518091802629513,2.354641000238189,68.97245000027397,56.0
1780062403,23,,Aggregated,9.000000,0.000000,300,550,930,1100,1400,1600,1700,2000,2000,2000,2000,959,0,140,238.15317029509478,2.2359939998750633,1991.3543560001017,2694.3503649635036
1780062404,23,POST,/api/book,7.000000,0.000000,640,1100,1400,1400,1600,2000,2000,2100,2100,2100,2100,744,0,160,329.75023733467384,94.7171679999883,2111.47727999969,3379.755376344086
1780062404,23,GET,/api/concerts,1.100000,0.000000,5,30,47,47,61,82,82,82,82,82,82,155,0,3,7.7475621999955395,2.2359939998750633,81.66546900019966,753.0
1780062404,23,GET,/health,0.900000,0.000000,4,5,5,55,55,55,55,55,55,55,55,76,0,3,10.518091802629513,2.354641000238189,68.97245000027397,56.0
1780062404,23,,Aggregated,9.000000,0.000000,410,800,1200,1400,1600,1900,2000,2100,2100,2100,2100,975,0,140,253.67633199486818,2.2359939998750633,2111.47727999969,2703.086153846154
1780062405,23,POST,/api/book,6.600000,0.000000,760,1100,1400,1400,1700,2000,2000,2100,2100,2100,2100,749,0,160,330.7286901989286,94.7171679999883,2111.47727999969,3379.827770360481
1780062405,23,GET,/api/concerts,0.900000,0.000000,9,32,47,61,68,82,82,82,82,82,82,158,0,3,8.25725498733719,2.2359939998750633,81.66546900019966,753.0
1780062405,23,GET,/health,0.800000,0.000000,4,5,5,55,55,55,55,55,55,55,55,76,0,3,10.518091802629513,2.354641000238189,68.97245000027397,56.0
1780062405,23,,Aggregated,8.300000,0.000000,420,850,1200,1400,1600,1900,2000,2100,2100,2100,2100,983,0,140,254.14019351373005,2.2359939998750633,2111.47727999969,2700.6317395727365
1780062406,24,POST,/api/book,7.100000,0.000000,640,1100,1400,1400,1600,2000,2000,2100,2100,2100,2100,755,0,170,331.13421888211565,94.7171679999883,2111.47727999969,3379.8635761589403
1780062406,24,GET,/api/concerts,1.000000,0.000000,5,9,32,32,68,82,82,82,82,82,82,161,0,3,8.172367229808911,2.2359939998750633,81.66546900019966,753.0
1780062406,24,GET,/health,0.600000,0.000000,4,4,5,5,5,5,5,5,5,5,5,77,0,3,10.43653027272149,2.354641000238189,68.97245000027397,56.0
1780062406,24,,Aggregated,8.700000,0.000000,400,790,1100,1400,1500,1900,2000,2100,2100,2100,2100,993,0,140,253.9030203534704,2.2359939998750633,2111.47727999969,2696.2155085599193
1780062407,24,POST,/api/book,7.400000,0.000000,570,850,1100,1400,1700,2000,2000,2100,2100,2100,2100,763,0,170,329.59659008125516,94.7171679999883,2111.47727999969,3379.9685452162516
1780062407,24,GET,/api/concerts,1.300000,0.000000,4,6,9,30,68,82,82,82,82,82,82,163,0,3,8.110054441711583,2.2359939998750633,81.66546900019966,753.0
1780062407,24,GET,/health,0.500000,0.000000,4,4,5,5,6,6,6,6,6,6,6,79,0,3,10.276630784804333,2.354641000238189,68.97245000027397,56.0
1780062407,24,,Aggregated,9.200000,0.000000,260,630,920,1100,1500,1900,2000,2100,2100,2100,2100,1005,0,140,252.3542198388022,2.2359939998750633,2111.47727999969,2692.61592039801
1780062408,24,POST,/api/book,7.000000,0.000000,420,670,850,1100,1500,2000,2000,2100,2100,2100,2100,772,0,170,329.4894876502559,94.7171679999883,2111.47727999969,3379.8031088082903
1780062408,24,GET,/api/concerts,1.300000,0.000000,4,5,9,9,32,68,68,68,68,68,68,165,0,3,8.045997478780698,2.2359939998750633,81.66546900019966,753.0
1780062408,24,GET,/health,0.300000,0.000000,5,5,6,6,42,42,42,42,42,42,42,80,0,3,10.674066262492943,2.354641000238189,68.97245000027397,56.0
1780062408,24,,Aggregated,8.600000,0.000000,200,480,720,800,1500,1900,2000,2100,2100,2100,2100,1017,0,140,252.258996411992,2.2359939998750633,2111.47727999969,2692.166175024582
1780062409,24,POST,/api/book,7.400000,0.000000,420,670,850,1100,1500,2000,2000,2100,2100,2100,2100,778,0,170,330.1175198226189,94.7171679999883,2111.47727999969,3379.831619537275
1780062409,24,GET,/api/concerts,1.700000,0.000000,4,9,12,30,68,150,150,150,150,150,150,167,0,3,8.92597869460315,2.2359939998750633,150.6980700000895,753.0
1780062409,24,GET,/health,0.400000,0.000000,5,5,6,6,42,42,42,42,42,42,42,80,0,3,10.674066262492943,2.354641000238189,68.97245000027397,56.0
1780062409,24,,Aggregated,9.500000,0.000000,230,500,720,850,1500,1900,2000,2100,2100,2100,2100,1025,0,140,252.85462845365433,2.2359939998750633,2111.47727999969,2692.429268292683
1780062410,24,POST,/api/book,7.400000,0.000000,500,800,990,1200,1500,2000,2000,2100,2100,2100,2100,788,0,170,334.80847286801594,94.7171679999883,2111.47727999969,3379.7956852791876
1780062410,24,GET,/api/concerts,1.700000,0.000000,4,9,30,30,68,150,150,150,150,150,150,167,0,3,8.92597869460315,2.2359939998750633,150.6980700000895,753.0
1780062410,24,GET,/health,0.500000,0.000000,4,6,6,42,42,42,42,42,42,42,42,80,0,3,10.674066262492943,2.354641000238189,68.97245000027397,56.0
1780062410,24,,Aggregated,9.600000,0.000000,230,640,850,990,1500,1900,2000,2100,2100,2100,2100,1035,0,140,257.172599384536,2.2359939998750633,2111.47727999969,2699.0434782608695
1780062411,25,POST,/api/book,7.000000,0.000000,500,800,990,1100,1500,2000,2000,2100,2100,2100,2100,799,0,170,336.49669147809317,94.7171679999883,2111.47727999969,3380.020025031289
1780062411,25,GET,/api/concerts,1.600000,0.000000,4,12,25,30,68,150,150,150,150,150,150,168,0,3,9.024620035704954,2.2359939998750633,150.6980700000895,753.0
1780062411,25,GET,/health,0.600000,0.000000,4,6,6,42,42,42,42,42,42,42,42,80,0,3,10.674066262492943,2.354641000238189,68.97245000027397,56.0
1780062411,25,,Aggregated,9.200000,0.000000,230,640,860,990,1500,1900,2000,2100,2100,2100,2100,1047,0,140,259.0553180114559,2.2359939998750633,2111.47727999969,2704.50811843362
1780062412,25,POST,/api/book,7.500000,0.000000,340,660,850,970,1300,1900,2000,2100,2100,2100,2100,807,0,170,335.94658525402275,94.7171679999883,2111.47727999969,3379.8946716232963
1780062412,25,GET,/api/concerts,1.700000,0.000000,4,11,25,30,68,150,150,150,150,150,150,171,0,3,8.964847111102983,2.2359939998750633,150.6980700000895,753.0
1780062412,25,GET,/health,0.500000,0.000000,4,6,19,19,42,42,42,42,42,42,42,82,0,3,10.67762424389823,2.2635740001533122,68.97245000027397,56.0
1780062412,25,,Aggregated,9.700000,0.000000,200,460,670,800,1200,1500,2000,2000,2100,2100,2100,1060,0,140,258.0353286264101,2.2359939998750633,2111.47727999969,2698.990566037736
1780062413,25,POST,/api/book,7.700000,0.000000,300,570,750,860,1100,1500,1900,2000,2000,2000,2000,812,0,170,335.47544806772925,94.7171679999883,2111.47727999969,3379.960591133005
1780062413,25,GET,/api/concerts,1.700000,0.000000,3,6,12,25,68,150,150,150,150,150,150,174,0,3,8.852401936774081,2.2359939998750633,150.6980700000895,753.0
1780062413,25,GET,/health,0.500000,0.000000,4,6,19,19,42,42,42,42,42,42,42,83,0,3,10.580274349392191,2.2635740001533122,68.97245000027397,56.0
1780062413,25,,Aggregated,9.900000,0.000000,200,400,590,730,990,1300,1500,1900,2000,2000,2000,1069,0,140,257.08563567726327,2.2359939998750633,2111.47727999969,2694.2918615528533
1780062414,25,POST,/api/book,7.900000,0.000000,230,400,500,640,970,1100,1200,1300,1300,1300,1300,816,0,170,335.18038743014205,94.7171679999883,2111.47727999969,3379.968137254902
1780062414,25,GET,/api/concerts,1.600000,0.000000,3,4,6,11,25,150,150,150,150,150,150,176,0,3,8.782520630673348,2.2359939998750633,150.6980700000895,753.0
1780062414,25,GET,/health,0.400000,0.000000,6,19,42,42,72,72,72,72,72,72,72,84,0,3,11.305600011902632,2.2635740001533122,71.50763000026927,56.0
1780062414,25,,Aggregated,9.900000,0.000000,160,260,400,470,750,1000,1200,1300,1300,1300,1300,1076,0,140,256.5079834340096,2.2359939998750633,2111.47727999969,2690.7862453531598
1780062415,25,POST,/api/book,8.300000,0.000000,270,480,670,860,1200,1400,1400,1600,1600,1600,1600,826,0,180,344.148287383771,94.7171679999883,2111.47727999969,3380.0133171912835
1780062415,25,GET,/api/concerts,1.900000,0.000000,3,6,11,12,25,150,150,150,150,150,150,178,0,3,8.862769016845602,2.2359939998750633,150.6980700000895,753.0
1780062415,25,GET,/health,0.600000,0.000000,4,6,19,42,72,72,72,72,72,72,72,85,0,3,11.200357423529246,2.2635740001533122,71.50763000026927,56.0
1780062415,25,,Aggregated,10.800000,0.000000,160,300,480,640,1100,1400,1400,1400,1600,1600,1600,1089,0,140,263.35728984847884,2.2359939998750633,2111.47727999969,2691.1707988980716
1780062416,26,POST,/api/book,8.000000,0.000000,270,480,730,860,1200,1400,1400,1600,1600,1600,1600,837,0,180,344.06890825566904,94.7171679999883,2111.47727999969,3380.3070489844686
1780062416,26,GET,/api/concerts,2.000000,0.000000,3,8,12,12,25,150,150,150,150,150,150,178,0,3,8.862769016845602,2.2359939998750633,150.6980700000895,753.0
1780062416,26,GET,/health,0.700000,0.000000,6,19,42,45,72,72,72,72,72,72,72,87,0,3,11.487545160920929,2.2635740001533122,71.50763000026927,56.0
1780062416,26,,Aggregated,10.700000,0.000000,160,300,500,660,1100,1400,1400,1400,1600,1600,1600,1102,0,140,263.668480511791,2.2359939998750633,2111.47727999969,2693.4872958257715
1780062417,26,POST,/api/book,7.000000,0.000000,270,480,750,860,1200,1400,1400,1600,1600,1600,1600,843,0,180,342.93562510082415,94.7171679999883,2111.47727999969,3380.3155397390274
1780062417,26,GET,/api/concerts,1.900000,0.000000,3,8,12,12,25,150,150,150,150,150,150,179,0,3,8.828276564239196,2.2359939998750633,150.6980700000895,753.0
1780062417,26,GET,/health,0.800000,0.000000,19,42,45,45,72,72,72,72,72,72,72,87,0,3,11.487545160920929,2.2635740001533122,71.50763000026927,56.0
1780062417,26,,Aggregated,9.700000,0.000000,170,300,500,730,1100,1400,1400,1600,1600,1600,1600,1109,0,140,263.0066815996337,2.2359939998750633,2111.47727999969,2695.459873760144
1780062418,26,POST,/api/book,8.000000,0.000000,260,420,730,860,1200,1400,1400,1600,1600,1600,1600,853,0,180,341.56079122039506,94.7171679999883,2111.47727999969,3380.411488862837
1780062418,26,GET,/api/concerts,2.000000,0.000000,3,11,12,24,25,150,150,150,150,150,150,179,0,3,8.828276564239196,2.2359939998750633,150.6980700000895,753.0
1780062418,26,GET,/health,0.900000,0.000000,12,19,42,45,72,72,72,72,72,72,72,88,0,3,11.489738818180616,2.2635740001533122,71.50763000026927,56.0
1780062418,26,,Aggregated,10.900000,0.000000,170,300,440,640,1100,1400,1400,1400,1600,1600,1600,1120,0,140,262.4488512785676,2.2359939998750633,2111.47727999969,2699.2910714285713
1780062419,26,POST,/api/book,8.200000,0.000000,290,560,760,970,1400,1400,1500,1600,1600,1600,1600,861,0,180,348.0332154308909,94.7171679999883,2111.47727999969,3380.475029036005
1780062419,26,GET,/api/concerts,1.600000,0.000000,3,8,11,20,24,25,25,25,25,25,25,182,0,3,8.85427036812691,2.2359939998750633,150.6980700000895,753.0
1780062419,26,GET,/health,1.000000,0.000000,19,44,45,45,72,190,190,190,190,190,190,90,0,3,13.8084850555515,2.2635740001533122,187.8708369999913,56.0
1780062419,26,,Aggregated,10.800000,0.000000,190,330,580,750,1300,1400,1500,1500,1600,1600,1600,1133,0,140,266.9998582065276,2.2359939998750633,2111.47727999969,2694.3292144748457
1780062420,26,POST,/api/book,7.900000,0.000000,270,420,730,870,1400,1400,1500,1600,1600,1600,1600,867,0,180,348.0267391718545,94.7171679999883,2111.47727999969,3380.4521337946944
1780062420,26,GET,/api/concerts,1.600000,0.000000,3,9,11,12,24,25,25,25,25,25,25,184,0,3,8.83846095108192,2.2359939998750633,150.6980700000895,753.0
1780062420,26,GET,/health,0.800000,0.000000,12,44,45,45,72,190,190,190,190,190,190,93,0,3,13.903908161287829,2.2635740001533122,187.8708369999913,56.0
1780062420,26,,Aggregated,10.300000,0.000000,150,290,420,590,1100,1400,1500,1500,1600,1600,1600,1144,0,140,266.30989784615105,2.2359939998750633,2111.47727999969,2687.597902097902
1780062421,27,POST,/api/book,8.000000,0.000000,280,400,580,750,1400,1400,1500,1600,1600,1600,1600,876,0,190,347.0821065799066,94.7171679999883,2111.47727999969,3380.437214611872
1780062421,27,GET,/api/concerts,1.600000,0.000000,3,8,11,12,24,35,35,35,35,35,35,188,0,3,8.887161249995092,2.2359939998750633,150.6980700000895,753.0
1780062421,27,GET,/health,0.800000,0.000000,12,44,45,45,72,190,190,190,190,190,190,93,0,3,13.903908161287829,2.2635740001533122,187.8708369999913,56.0
1780062421,27,,Aggregated,10.400000,0.000000,150,280,350,420,1100,1400,1500,1500,1600,1600,1600,1157,0,140,265.3481202575602,2.2359939998750633,2111.47727999969,2686.2878133102854
1780062422,27,POST,/api/book,8.000000,0.000000,280,380,580,760,1400,1400,1500,1600,1600,1600,1600,882,0,190,346.7270324671182,94.7171679999883,2111.47727999969,3380.5022675736964
1780062422,27,GET,/api/concerts,1.500000,0.000000,3,8,12,20,35,39,39,39,39,39,39,189,0,3,9.044017417985376,2.2359939998750633,150.6980700000895,753.0
1780062422,27,GET,/health,1.100000,0.000000,12,44,45,45,72,190,190,190,190,190,190,94,0,3,13.788725989357733,2.2635740001533122,187.8708369999913,56.0
1780062422,27,,Aggregated,10.600000,0.000000,150,290,380,560,1100,1400,1500,1500,1600,1600,1600,1165,0,140,265.08043104806626,2.2359939998750633,2111.47727999969,2685.994849785408
1780062423,27,POST,/api/book,7.700000,0.000000,290,410,640,760,1300,1400,1500,1600,1600,1600,1600,893,0,190,348.34541806606853,94.7171679999883,2111.47727999969,3380.474804031355
1780062423,27,GET,/api/concerts,1.600000,0.000000,4,9,20,24,35,39,39,39,39,39,39,192,0,3,9.105635776035589,2.2359939998750633,150.6980700000895,753.0
1780062423,27,GET,/health,1.300000,0.000000,12,44,45,45,72,190,190,190,190,190,190,95,0,3,13.670101252630143,2.2635740001533122,187.8708369999913,56.0
1780062423,27,,Aggregated,10.600000,0.000000,150,300,410,580,1100,1400,1500,1500,1600,1600,1600,1180,0,140,266.2028813737271,2.2359939998750633,2111.47727999969,2685.3050847457625
1780062424,27,POST,/api/book,7.900000,0.000000,290,380,590,760,1300,1400,1500,1600,1600,1600,1600,901,0,190,346.82041930632636,94.7171679999883,2111.47727999969,3380.345172031077
1780062424,27,GET,/api/concerts,2.000000,0.000000,4,12,20,24,35,39,39,39,39,39,39,193,0,3,9.076311834190122,2.2359939998750633,150.6980700000895,753.0
1780062424,27,GET,/health,1.400000,0.000000,3,12,44,45,45,190,190,190,190,190,190,97,0,3,13.441894731958078,2.2635740001533122,187.8708369999913,56.0
1780062424,27,,Aggregated,11.300000,0.000000,150,300,380,560,1100,1400,1500,1500,1600,1600,1600,1191,0,140,264.9376908211577,2.2359939998750633,2111.47727999969,2683.83879093199
1780062425,27,POST,/api/book,7.300000,0.000000,250,340,420,560,870,1300,1500,1500,1500,1500,1500,908,0,190,346.8314266651978,94.7171679999883,2111.47727999969,3380.308370044053
1780062425,27,GET,/api/concerts,1.800000,0.000000,4,9,20,24,35,39,39,39,39,39,39,194,0,3,9.043739340198691,2.2359939998750633,150.6980700000895,753.0
1780062425,27,GET,/health,1.200000,0.000000,3,12,44,45,45,190,190,190,190,190,190,100,0,3,13.256652299996858,2.2635740001533122,187.8708369999913,56.0
1780062425,27,,Aggregated,10.300000,0.000000,150,270,340,400,730,1100,1300,1500,1500,1500,1500,1202,0,140,264.56163566888347,2.2359939998750633,2111.47727999969,2679.702163061564
1780062426,28,POST,/api/book,8.500000,0.000000,280,350,500,570,870,1300,1500,1500,1500,1500,1500,916,0,190,347.54167948908264,94.7171679999883,2111.47727999969,3380.3558951965065
1780062426,28,GET,/api/concerts,1.800000,0.000000,3,9,12,20,35,39,39,39,39,39,39,195,0,3,9.00932025640428,2.2359939998750633,150.6980700000895,753.0
1780062426,28,GET,/health,1.200000,0.000000,3,12,44,45,45,190,190,190,190,190,190,100,0,3,13.256652299996858,2.2635740001533122,187.8708369999913,56.0
1780062426,28,,Aggregated,11.500000,0.000000,150,290,350,410,730,1100,1300,1500,1500,1500,1500,1211,0,140,265.4258142791069,2.2359939998750633,2111.47727999969,2682.77539223782
1780062427,28,POST,/api/book,8.500000,0.000000,290,380,550,620,990,1300,1500,1500,1500,1500,1500,924,0,190,348.18355070454515,94.7171679999883,2111.47727999969,3380.4588744588746
1780062427,28,GET,/api/concerts,1.700000,0.000000,3,9,20,33,39,59,59,59,59,59,59,197,0,3,9.229788365477186,2.2359939998750633,150.6980700000895,753.0
1780062427,28,GET,/health,1.400000,0.000000,3,6,13,44,45,190,190,190,190,190,190,102,0,3,13.059604813723162,2.2635740001533122,187.8708369999913,56.0
1780062427,28,,Aggregated,11.600000,0.000000,150,300,380,500,750,1100,1300,1500,1500,1500,1500,1223,0,140,265.6352811529016,2.2359939998750633,2111.47727999969,2679.9648405560097
1780062428,28,POST,/api/book,8.200000,0.000000,300,500,640,830,1100,1400,1500,1500,1500,1500,1500,933,0,190,351.7606056838162,94.7171679999883,2111.47727999969,3380.486602357985
1780062428,28,GET,/api/concerts,1.700000,0.000000,3,9,20,33,39,59,59,59,59,59,59,200,0,3,9.165219499993782,2.2359939998750633,150.6980700000895,753.0
1780062428,28,GET,/health,1.500000,0.000000,3,6,13,44,45,190,190,190,190,190,190,102,0,3,13.059604813723162,2.2635740001533122,187.8708369999913,56.0
1780062428,28,,Aggregated,11.400000,0.000000,150,300,480,570,990,1300,1500,1500,1500,1500,1500,1235,0,140,268.3058855821856,2.2359939998750633,2111.47727999969,2680.4097165991902
1780062429,28,POST,/api/book,7.900000,0.000000,300,480,620,750,1000,1200,1400,1500,1500,1500,1500,944,0,190,356.9788486959743,94.7171679999883,2111.47727999969,3380.6408898305085
1780062429,28,GET,/api/concerts,1.800000,0.000000,3,4,12,33,39,59,59,59,59,59,59,202,0,3,9.100765653459861,2.2359939998750633,150.6980700000895,753.0
1780062429,28,GET,/health,1.300000,0.000000,3,3,4,4,6,13,13,13,13,13,13,102,0,3,13.059604813723162,2.2635740001533122,187.8708369999913,56.0
1780062429,28,,Aggregated,11.000000,0.000000,150,320,380,560,960,1100,1400,1400,1500,1500,1500,1248,0,140,272.56287461698616,2.2359939998750633,2111.47727999969,2683.608173076923
1780062430,28,POST,/api/book,8.000000,0.000000,300,480,640,830,1100,1300,1400,1500,1500,1500,1500,948,0,190,356.0944173734175,94.7171679999883,2111.47727999969,3380.616033755274
1780062430,28,GET,/api/concerts,1.800000,0.000000,3,3,4,9,35,39,59,59,59,59,59,205,0,3,9.006050268289538,2.2359939998750633,150.6980700000895,753.0
1780062430,28,GET,/health,1.500000,0.000000,3,3,4,4,6,13,13,13,13,13,13,105,0,3,12.75830856189887,2.262182999857032,187.8708369999913,56.0
1780062430,28,,Aggregated,11.300000,0.000000,150,320,380,560,960,1100,1400,1400,1500,1500,1500,1258,0,140,270.87708296820256,2.2359939998750633,2111.47727999969,2674.935612082671
1780062431,29,POST,/api/book,8.100000,0.000000,280,510,640,830,1100,1300,1400,1500,1500,1500,1500,958,0,190,354.76907387473955,94.7171679999883,2111.47727999969,3380.545929018789
1780062431,29,GET,/api/concerts,1.900000,0.000000,3,3,9,33,59,77,77,77,77,77,77,208,0,3,9.275407235575218,2.2359939998750633,150.6980700000895,753.0
1780062431,29,GET,/health,1.400000,0.000000,3,3,4,6,13,47,47,47,47,47,47,106,0,3,13.081121028292573,2.262182999857032,187.8708369999913,56.0
1780062431,29,,Aggregated,11.400000,0.000000,150,300,500,560,960,1100,1400,1400,1500,1500,1500,1272,0,140,269.7992581022008,2.2359939998750633,2111.47727999969,2673.8388364779876
1780062432,29,POST,/api/book,8.300000,0.000000,320,510,640,830,1000,1200,1400,1500,1500,1500,1500,968,0,190,356.4330024473148,94.7171679999883,2111.47727999969,3380.5247933884298
1780062432,29,GET,/api/concerts,2.000000,0.000000,3,3,4,9,34,59,77,77,77,77,77,210,0,3,9.363733676186062,2.2359939998750633,150.6980700000895,753.0
1780062432,29,GET,/health,1.100000,0.000000,3,6,13,13,36,47,47,47,47,47,47,108,0,3,13.288109611098493,2.262182999857032,187.8708369999913,56.0
1780062432,29,,Aggregated,11.400000,0.000000,150,320,500,570,960,1100,1400,1400,1500,1500,1500,1286,0,140,270.9398493615853,2.2359939998750633,2111.47727999969,2672.2597200622085
1780062433,29,POST,/api/book,8.200000,0.000000,280,490,570,670,990,1200,1400,1500,1500,1500,1500,980,0,190,354.9599123653073,94.7171679999883,2111.47727999969,3380.5061224489796
1780062433,29,GET,/api/concerts,2.100000,0.000000,3,3,4,9,59,77,77,77,77,77,77,210,0,3,9.363733676186062,2.2359939998750633,150.6980700000895,753.0
1780062433,29,GET,/health,1.200000,0.000000,3,6,13,13,36,47,47,47,47,47,47,108,0,3,13.288109611098493,2.262182999857032,187.8708369999913,56.0
1780062433,29,,Aggregated,11.500000,0.000000,150,320,490,550,960,1100,1400,1400,1500,1500,1500,1298,0,140,270.6180385423721,2.2359939998750633,2111.47727999969,2678.7935285053927
1780062434,29,POST,/api/book,8.000000,0.000000,280,480,550,640,990,1200,1400,1500,1500,1500,1500,989,0,190,353.84699443478365,94.7171679999883,2111.47727999969,3380.612740141557
1780062434,29,GET,/api/concerts,2.000000,0.000000,3,3,4,9,59,77,77,77,77,77,77,211,0,3,9.331528308051222,2.2359939998750633,150.6980700000895,753.0
1780062434,29,GET,/health,1.300000,0.000000,4,13,13,13,36,47,47,47,47,47,47,109,0,3,13.187980385307604,2.262182999857032,187.8708369999913,56.0
1780062434,29,,Aggregated,11.300000,0.000000,150,320,490,540,960,1100,1400,1400,1500,1500,1500,1309,0,140,269.94737955003706,2.2359939998750633,2111.47727999969,2680.223834988541
1780062435,29,POST,/api/book,9.000000,0.000000,280,440,550,850,1000,1200,1400,1500,1500,1500,1500,1000,0,190,355.15546258300054,94.7171679999883,2111.47727999969,3380.625
1780062435,29,GET,/api/concerts,2.100000,0.000000,3,3,9,9,59,77,77,77,77,77,77,211,0,3,9.331528308051222,2.2359939998750633,150.6980700000895,753.0
1780062435,29,GET,/health,1.400000,0.000000,3,6,13,13,36,47,47,47,47,47,47,112,0,3,12.906286696412346,2.262182999857032,187.8708369999913,56.0
1780062435,29,,Aggregated,12.500000,0.000000,160,350,480,540,960,1100,1400,1400,1500,1500,1500,1323,0,140,271.02790564323334,2.2359939998750633,2111.47727999969,2680.10582010582
1780062436,30,POST,/api/book,8.500000,0.000000,290,420,620,930,1000,1200,1400,1500,1500,1500,1500,1011,0,200,356.8640232176064,94.7171679999883,2111.47727999969,3380.575667655786
1780062436,30,GET,/api/concerts,1.800000,0.000000,3,3,9,34,59,77,77,77,77,77,77,211,0,3,9.331528308051222,2.2359939998750633,150.6980700000895,753.0
1780062436,30,GET,/health,1.300000,0.000000,3,4,13,36,47,50,50,50,50,50,50,113,0,3,13.23307597343537,2.262182999857032,187.8708369999913,56.0
1780062436,30,,Aggregated,11.600000,0.000000,160,320,440,550,990,1100,1400,1400,1500,1500,1500,1335,0,140,272.8493015213463,2.2359939998750633,2111.47727999969,2683.874906367041
1780062437,30,POST,/api/book,9.000000,0.000000,300,420,620,930,1100,1300,1400,1500,1500,1500,1500,1025,0,200,358.5104369287801,94.7171679999883,2111.47727999969,3380.612682926829
1780062437,30,GET,/api/concerts,1.800000,0.000000,3,3,4,9,34,77,77,77,77,77,77,211,0,3,9.331528308051222,2.2359939998750633,150.6980700000895,753.0
1780062437,30,GET,/health,1.100000,0.000000,3,8,16,36,47,50,50,50,50,50,50,115,0,3,13.213132895634772,2.262182999857032,187.8708369999913,56.0
1780062437,30,,Aggregated,11.900000,0.000000,180,350,440,550,1000,1200,1400,1400,1500,1500,1500,1351,0,140,274.58302043523065,2.2359939998750633,2111.47727999969,2687.232420429312
1780062438,30,POST,/api/book,8.900000,0.000000,280,390,480,550,980,1200,1300,1300,1400,1400,1400,1035,0,200,357.2229606898545,94.7171679999883,2111.47727999969,3380.5874396135264
1780062438,30,GET,/api/concerts,1.600000,0.000000,3,4,12,21,34,77,77,77,77,77,77,213,0,3,9.400675633794446,2.2359939998750633,150.6980700000895,753.0
1780062438,30,GET,/health,1.200000,0.000000,3,13,16,36,47,50,50,50,50,50,50,115,0,3,13.213132895634772,2.262182999857032,187.8708369999913,56.0
1780062438,30,,Aggregated,11.700000,0.000000,160,320,410,480,960,1200,1300,1300,1400,1400,1400,1363,0,140,273.84271350476587,2.2359939998750633,2111.47727999969,2689.46221570066
1780062439,30,POST,/api/book,9.600000,0.000000,270,390,480,550,1000,1200,1700,1900,1900,1900,1900,1040,0,200,361.3311165778842,94.7171679999883,2111.47727999969,3380.6317307692307
1780062439,30,GET,/api/concerts,1.500000,0.000000,3,4,12,21,34,77,77,77,77,77,77,215,0,3,9.336339209293392,2.2359939998750633,150.6980700000895,753.0
1780062439,30,GET,/health,1.300000,0.000000,8,16,27,36,47,50,50,50,50,50,50,116,0,3,13.330438301707169,2.262182999857032,187.8708369999913,56.0
1780062439,30,,Aggregated,12.400000,0.000000,150,300,400,460,960,1200,1300,1700,1900,1900,1900,1371,0,140,276.6870933727176,2.2359939998750633,2111.47727999969,2687.2706053975203
1780062440,30,POST,/api/book,10.100000,0.000000,300,420,570,820,1200,1300,1900,2000,2000,2000,2000,1054,0,200,367.5027342798854,94.7171679999883,2111.47727999969,3380.681214421252
1780062440,30,GET,/api/concerts,1.400000,0.000000,3,4,21,21,34,77,77,77,77,77,77,217,0,3,9.275748290313496,2.2359939998750633,150.6980700000895,753.0
1780062440,30,GET,/health,1.300000,0.000000,13,16,36,36,47,50,50,50,50,50,50,117,0,3,13.237469282037045,2.262182999857032,187.8708369999913,56.0
1780062440,30,,Aggregated,12.800000,0.000000,200,380,480,570,1200,1300,1900,2000,2000,2000,2000,1388,0,140,281.6350887723312,2.2359939998750633,2111.47727999969,2689.6188760806917
1780062441,31,POST,/api/book,10.100000,0.000000,300,410,570,820,1200,1300,1900,2000,2000,2000,2000,1063,0,200,366.0541543443081,94.7171679999883,2111.47727999969,3380.6575729068672
1780062441,31,GET,/api/concerts,1.300000,0.000000,3,12,16,21,34,34,34,34,34,34,34,218,0,3,9.304875399072168,2.2359939998750633,150.6980700000895,753.0
1780062441,31,GET,/health,1.300000,0.000000,8,13,16,27,50,50,50,50,50,50,50,117,0,3,13.237469282037045,2.262182999857032,187.8708369999913,56.0
1780062441,31,,Aggregated,12.700000,0.000000,200,360,460,620,1200,1300,1900,2000,2000,2000,2000,1398,0,140,280.8961465028581,2.2359939998750633,2111.47727999969,2692.66452074392
1780062442,31,POST,/api/book,9.600000,0.000000,280,390,460,790,1200,1300,2000,2000,2000,2000,2000,1069,0,200,365.1522444013099,94.7171679999883,2111.47727999969,3380.624883068288
1780062442,31,GET,/api/concerts,1.300000,0.000000,3,3,16,16,21,34,34,34,34,34,34,220,0,3,9.243895272718625,2.2359939998750633,150.6980700000895,753.0
1780062442,31,GET,/health,1.400000,0.000000,3,13,16,16,27,50,50,50,50,50,50,118,0,3,13.145539152527801,2.262182999857032,187.8708369999913,56.0
1780062442,31,,Aggregated,12.300000,0.000000,190,330,400,510,1200,1300,1900,2000,2000,2000,2000,1407,0,140,279.98051161691313,2.2359939998750633,2111.47727999969,2690.9424307036247
1780062443,31,POST,/api/book,10.400000,0.000000,300,400,730,880,1200,1300,2000,2000,2000,2000,2000,1080,0,200,366.95616232222307,94.7171679999883,2111.47727999969,3380.5768518518516
1780062443,31,GET,/api/concerts,1.200000,0.000000,3,12,16,16,21,96,96,96,96,96,96,221,0,3,9.638272660626114,2.2359939998750633,150.6980700000895,753.0
1780062443,31,GET,/health,1.200000,0.000000,3,16,27,27,29,50,50,50,50,50,50,119,0,3,13.280857605029475,2.262182999857032,187.8708369999913,56.0
1780062443,31,,Aggregated,12.800000,0.000000,190,360,460,790,1200,1300,1900,2000,2000,2000,2000,1420,0,140,281.706433535914,2.2359939998750633,2111.47727999969,2693.0281690140846
1780062444,31,POST,/api/book,10.700000,0.000000,320,570,960,1100,1300,1700,2000,2000,2000,2000,2000,1091,0,200,371.8771995627867,94.7171679999883,2111.47727999969,3380.607699358387
1780062444,31,GET,/api/concerts,1.000000,0.000000,3,3,12,16,21,96,96,96,96,96,96,223,0,3,9.577600798200715,2.2359939998750633,150.6980700000895,753.0
1780062444,31,GET,/health,1.000000,0.000000,3,16,27,27,29,50,50,50,50,50,50,120,0,3,13.191445616655528,2.262182999857032,187.8708369999913,56.0
1780062444,31,,Aggregated,12.700000,0.000000,170,390,730,960,1300,1600,1900,2000,2000,2000,2000,1434,0,140,285.520783246163,2.2359939998750633,2111.47727999969,2693.781032078103
1780062445,31,POST,/api/book,10.100000,0.000000,310,460,880,1100,1300,1700,1900,2000,2000,2000,2000,1103,0,200,373.1384237098823,94.7171679999883,2111.47727999969,3380.5938349954668
1780062445,31,GET,/api/concerts,1.000000,0.000000,3,12,21,21,48,96,96,96,96,96,96,226,0,3,9.831565376099263,2.2359939998750633,150.6980700000895,753.0
1780062445,31,GET,/health,1.000000,0.000000,8,16,27,29,50,50,50,50,50,50,50,121,0,3,13.104691570235957,2.262182999857032,187.8708369999913,56.0
1780062445,31,,Aggregated,12.100000,0.000000,170,380,680,880,1300,1600,1900,2000,2000,2000,2000,1450,0,140,286.4684709013773,2.2359939998750633,2111.47727999969,2693.62
1780062446,32,POST,/api/book,9.900000,0.000000,320,440,800,1100,1400,1700,2000,2000,2000,2000,2000,1114,0,200,372.67303732675,94.7171679999883,2111.47727999969,3380.710951526032
1780062446,32,GET,/api/concerts,1.100000,0.000000,3,3,16,21,48,96,96,96,96,96,96,229,0,3,9.736506179031169,2.2359939998750633,150.6980700000895,753.0
1780062446,32,GET,/health,1.200000,0.000000,8,16,23,27,29,29,29,29,29,29,29,123,0,3,13.105277894297851,2.262182999857032,187.8708369999913,56.0
1780062446,32,,Aggregated,12.200000,0.000000,160,360,470,780,1300,1600,1900,2000,2000,2000,2000,1466,0,140,285.81130469167533,2.2359939998750633,2111.47727999969,2691.293997271487
1780062447,32,POST,/api/book,10.100000,0.000000,320,460,780,970,1400,1700,2000,2000,2000,2000,2000,1120,0,200,372.65735062767766,94.7171679999883,2111.47727999969,3380.6741071428573
1780062447,32,GET,/api/concerts,1.200000,0.000000,3,10,16,21,43,48,96,96,96,96,96,232,0,3,9.850383853441553,2.2359939998750633,150.6980700000895,753.0
1780062447,32,GET,/health,1.100000,0.000000,8,11,16,23,27,29,29,29,29,29,29,126,0,3,12.960219515857066,1.640310999846406,187.8708369999913,56.0
1780062447,32,,Aggregated,12.400000,0.000000,150,350,460,730,1300,1600,1900,2000,2000,2000,2000,1478,0,140,285.04364642489526,1.640310999846406,2111.47727999969,2684.7814614343706
1780062448,32,POST,/api/book,10.500000,0.000000,340,570,970,1100,1400,1700,2000,2000,2000,2000,2000,1134,0,200,375.7345906816575,94.7171679999883,2111.47727999969,3380.6499118165784
1780062448,32,GET,/api/concerts,1.500000,0.000000,3,4,10,16,43,48,96,96,96,96,96,236,0,3,9.735487097450228,2.2359939998750633,150.6980700000895,753.0
1780062448,32,GET,/health,0.900000,0.000000,4,8,23,23,27,29,29,29,29,29,29,127,0,3,12.878423133845606,1.640310999846406,187.8708369999913,56.0
1780062448,32,,Aggregated,12.900000,0.000000,170,390,570,880,1300,1600,1900,2000,2000,2000,2000,1497,0,140,287.2519442391424,1.640310999846406,2111.47727999969,2684.3533734134935
1780062449,32,POST,/api/book,10.000000,0.000000,290,460,800,1000,1300,1600,2000,2000,2000,2000,2000,1140,0,200,374.5395051333329,94.7171679999883,2111.47727999969,3380.6070175438595
1780062449,32,GET,/api/concerts,1.800000,0.000000,3,3,10,16,43,48,96,96,96,96,96,239,0,3,9.647569912126775,2.2359939998750633,150.6980700000895,753.0
1780062449,32,GET,/health,1.000000,0.000000,3,4,11,11,23,29,29,29,29,29,29,128,0,3,12.797856656238338,1.640310999846406,187.8708369999913,56.0
1780062449,32,,Aggregated,12.800000,0.000000,150,340,460,730,1200,1500,1800,2000,2000,2000,2000,1507,0,140,285.9448777126717,1.640310999846406,2111.47727999969,2681.504313205043
1780062450,32,POST,/api/book,9.500000,0.000000,200,390,500,800,1100,1500,1700,1800,1800,1800,1800,1149,0,200,373.0501923933852,94.7171679999883,2111.47727999969,3380.503046127067
1780062450,32,GET,/api/concerts,2.100000,0.000000,3,3,4,10,43,48,96,96,96,96,96,243,0,3,9.532656082296011,2.2359939998750633,150.6980700000895,753.0
1780062450,32,GET,/health,1.100000,0.000000,3,4,8,11,23,29,29,29,29,29,29,129,0,3,12.716432418592165,1.640310999846406,187.8708369999913,56.0
1780062450,32,,Aggregated,12.700000,0.000000,150,210,380,440,1000,1300,1600,1700,1800,1800,1800,1521,0,140,284.4125747994713,1.640310999846406,2111.47727999969,2678.764628533859
1780062451,33,POST,/api/book,10.000000,0.000000,200,400,720,800,1100,1500,1700,1800,1800,1800,1800,1161,0,200,372.4962414487505,94.7171679999883,2111.47727999969,3380.4220499569337
1780062451,33,GET,/api/concerts,2.300000,0.000000,3,3,4,4,43,48,96,96,96,96,96,244,0,3,9.505065168025153,2.2359939998750633,150.6980700000895,753.0
1780062451,33,GET,/health,1.200000,0.000000,3,4,11,11,23,29,29,29,29,29,29,129,0,3,12.716432418592165,1.640310999846406,187.8708369999913,56.0
1780062451,33,,Aggregated,13.500000,0.000000,140,210,390,500,1000,1300,1600,1700,1800,1800,1800,1534,0,140,284.5031238624484,1.640310999846406,2111.47727999969,2682.93741851369
1780062452,33,POST,/api/book,10.200000,0.000000,200,400,720,840,1100,1500,1700,1800,1800,1800,1800,1172,0,200,373.0156094547779,94.7171679999883,2111.47727999969,3380.443686006826
1780062452,33,GET,/api/concerts,2.400000,0.000000,3,3,4,10,43,48,96,96,96,96,96,245,0,3,9.477338853053991,2.2359939998750633,150.6980700000895,753.0
1780062452,33,GET,/health,1.200000,0.000000,3,8,11,11,23,29,29,29,29,29,29,129,0,3,12.716432418592165,1.640310999846406,187.8708369999913,56.0
1780062452,33,,Aggregated,13.800000,0.000000,150,210,400,680,1100,1300,1600,1700,1800,1800,1800,1546,0,140,285.3406611138398,1.640310999846406,2111.47727999969,2686.6681759379044
1780062453,33,POST,/api/book,9.600000,0.000000,200,440,690,840,1100,1500,1700,1800,1800,1800,1800,1180,0,200,374.03863013644025,94.7171679999883,2111.47727999969,3380.4330508474577
1780062453,33,GET,/api/concerts,2.700000,0.000000,3,3,4,4,35,43,48,48,48,48,48,248,0,3,9.50878716934855,2.2359939998750633,150.6980700000895,753.0
1780062453,33,GET,/health,1.200000,0.000000,3,8,11,11,23,29,29,29,29,29,29,129,0,3,12.716432418592165,1.640310999846406,187.8708369999913,56.0
1780062453,33,,Aggregated,13.500000,0.000000,150,210,440,660,1000,1200,1600,1700,1800,1800,1800,1557,0,140,286.0399374187516,1.640310999846406,2111.47727999969,2686.499036608863
1780062454,33,POST,/api/book,9.600000,0.000000,230,470,710,790,1000,1200,1200,1300,1400,1400,1400,1194,0,200,378.16668091373407,94.7171679999883,2111.47727999969,3380.379396984925
1780062454,33,GET,/api/concerts,2.600000,0.000000,3,4,4,10,43,48,180,180,180,180,180,252,0,3,10.129389853168794,2.2359939998750633,182.6446949999081,753.0
1780062454,33,GET,/health,1.200000,0.000000,3,4,8,11,23,23,23,23,23,23,23,129,0,3,12.716432418592165,1.640310999846406,187.8708369999913,56.0
1780062454,33,,Aggregated,13.400000,0.000000,160,250,470,680,1000,1100,1200,1300,1400,1400,1400,1575,0,140,289.3485987530129,1.640310999846406,2111.47727999969,2687.7161904761906
1780062455,33,POST,/api/book,10.100000,0.000000,210,400,680,790,1000,1100,1200,1200,1300,1300,1300,1207,0,200,376.44810201159737,94.7171679999883,2111.47727999969,3380.420049710025
1780062455,33,GET,/api/concerts,2.500000,0.000000,3,4,4,6,29,43,180,180,180,180,180,254,0,3,10.099064724403162,2.2359939998750633,182.6446949999081,753.0
1780062455,33,GET,/health,1.100000,0.000000,3,4,8,11,23,23,23,23,23,23,23,130,0,3,12.637687530755452,1.640310999846406,187.8708369999913,56.0
1780062455,33,,Aggregated,13.700000,0.000000,160,220,400,560,1000,1100,1200,1200,1300,1300,1300,1591,0,140,288.2343940584504,1.640310999846406,2111.47727999969,2689.320553111251
1780062456,34,POST,/api/book,10.100000,0.000000,200,320,680,790,1000,1100,1200,1200,1300,1300,1300,1218,0,200,374.79730851723946,94.7171679999883,2111.47727999969,3380.4310344827586
1780062456,34,GET,/api/concerts,2.700000,0.000000,3,4,6,10,38,43,180,180,180,180,180,256,0,3,10.18139657811723,2.2359939998750633,182.6446949999081,753.0
1780062456,34,GET,/health,0.900000,0.000000,3,3,8,8,11,11,11,11,11,11,11,131,0,3,12.560386030520215,1.640310999846406,187.8708369999913,56.0
1780062456,34,,Aggregated,13.700000,0.000000,160,200,330,560,1000,1100,1200,1200,1300,1300,1300,1605,0,140,287.07474758130456,1.640310999846406,2111.47727999969,2690.0118380062304
1780062457,34,POST,/api/book,10.300000,0.000000,200,330,550,710,1000,1100,1200,1200,1300,1300,1300,1228,0,200,374.6252933892495,94.7171679999883,2111.47727999969,3380.5097719869705
1780062457,34,GET,/api/concerts,2.900000,0.000000,3,4,4,6,29,38,180,180,180,180,180,258,0,3,10.194927856581876,2.2359939998750633,182.6446949999081,753.0
1780062457,34,GET,/health,0.900000,0.000000,3,5,6,6,43,43,43,43,43,43,43,134,0,3,12.680639798489535,1.640310999846406,187.8708369999913,56.0
1780062457,34,,Aggregated,14.100000,0.000000,180,220,360,540,840,1100,1200,1200,1300,1300,1300,1620,0,140,286.6477514827124,1.640310999846406,2111.47727999969,2687.064197530864
1780062458,34,POST,/api/book,10.300000,0.000000,200,320,550,660,830,1000,1200,1200,1300,1300,1300,1243,0,200,374.09196652373225,94.7171679999883,2111.47727999969,3380.4215607401447
1780062458,34,GET,/api/concerts,2.800000,0.000000,3,4,9,10,29,38,180,180,180,180,180,260,0,3,10.161781899990693,2.2359939998750633,182.6446949999081,753.0
1780062458,34,GET,/health,0.900000,0.000000,3,5,6,6,43,43,43,43,43,43,43,134,0,3,12.680639798489535,1.640310999846406,187.8708369999913,56.0
1780062458,34,,Aggregated,14.000000,0.000000,170,220,330,530,790,1000,1200,1200,1300,1300,1300,1637,0,140,286.70591534269664,1.640310999846406,2111.47727999969,2690.9883934025656
1780062459,34,POST,/api/book,10.600000,0.000000,200,320,530,660,830,1000,1200,1200,1300,1300,1300,1252,0,200,372.8375586525551,94.7171679999883,2111.47727999969,3380.4017571884983
1780062459,34,GET,/api/concerts,2.800000,0.000000,3,4,6,9,29,38,180,180,180,180,180,265,0,3,10.028242984898034,2.2359939998750633,182.6446949999081,753.0
1780062459,34,GET,/health,0.900000,0.000000,3,5,6,18,43,43,43,43,43,43,43,137,0,3,12.572408481731935,1.640310999846406,187.8708369999913,56.0
1780062459,34,,Aggregated,14.300000,0.000000,170,220,340,510,730,1000,1200,1200,1300,1300,1300,1654,0,140,284.8685174038659,1.640310999846406,2111.47727999969,2684.087061668682
1780062460,34,POST,/api/book,11.100000,0.000000,200,330,530,630,790,1000,1200,1200,1300,1300,1300,1262,0,200,371.68438410934925,94.7171679999883,2111.47727999969,3380.440570522979
1780062460,34,GET,/api/concerts,2.600000,0.000000,3,4,6,9,29,38,180,180,180,180,180,266,0,3,10.000115691722508,2.2359939998750633,182.6446949999081,753.0
1780062460,34,GET,/health,0.800000,0.000000,3,5,6,6,18,43,43,43,43,43,43,139,0,3,12.432395661847249,1.640310999846406,187.8708369999913,56.0
1780062460,34,,Aggregated,14.500000,0.000000,170,250,340,510,730,1000,1200,1200,1300,1300,1300,1667,0,140,284.01549281163386,1.640310999846406,2111.47727999969,2683.9820035992802
1780062461,35,POST,/api/book,10.900000,0.000000,220,330,430,550,790,1000,1200,1200,1300,1300,1300,1274,0,200,370.63410369544636,94.7171679999883,2111.47727999969,3380.434850863422
1780062461,35,GET,/api/concerts,2.400000,0.000000,4,6,10,21,29,38,180,180,180,180,180,267,0,3,10.040703895124642,2.2359939998750633,182.6446949999081,753.0
1780062461,35,GET,/health,0.800000,0.000000,3,5,6,6,18,43,43,43,43,43,43,139,0,3,12.432395661847249,1.640310999846406,187.8708369999913,56.0
1780062461,35,,Aggregated,14.100000,0.000000,170,250,340,410,700,1000,1200,1200,1300,1300,1300,1680,0,150,283.6885827648772,1.640310999846406,2111.47727999969,2687.8029761904763
1780062462,35,POST,/api/book,11.100000,0.000000,220,330,410,550,790,1000,1200,1300,1500,1500,1500,1279,0,200,371.38209137763755,94.7171679999883,2111.47727999969,3380.484753713839
1780062462,35,GET,/api/concerts,2.600000,0.000000,4,5,9,21,29,38,180,180,180,180,180,270,0,3,9.96741176295641,2.2359939998750633,182.6446949999081,753.0
1780062462,35,GET,/health,0.900000,0.000000,3,6,18,18,43,86,86,86,86,86,86,140,0,3,12.957023849977693,1.640310999846406,187.8708369999913,56.0
1780062462,35,,Aggregated,14.600000,0.000000,170,250,330,360,690,840,1200,1300,1500,1500,1500,1689,0,150,283.89750111722526,1.640310999846406,2111.47727999969,2684.8963883955003
1780062463,35,POST,/api/book,11.400000,0.000000,240,350,530,580,840,1300,1700,2000,2100,2100,2100,1292,0,200,376.79604927786266,94.7171679999883,2111.47727999969,3380.5851393188855
1780062463,35,GET,/api/concerts,2.200000,0.000000,3,4,9,10,21,38,180,180,180,180,180,272,0,3,9.912539136022962,2.2359939998750633,182.6446949999081,753.0
1780062463,35,GET,/health,1.000000,0.000000,3,5,18,18,43,86,86,86,86,86,86,141,0,3,12.883562879411096,1.640310999846406,187.8708369999913,56.0
1780062463,35,,Aggregated,14.600000,0.000000,180,270,360,480,790,1200,1700,2000,2100,2100,2100,1705,0,150,288.1720168199376,1.640310999846406,2111.47727999969,2686.468035190616
1780062464,35,POST,/api/book,11.300000,0.000000,220,340,430,540,860,1700,2000,2100,2100,2100,2100,1308,0,200,381.2412425970933,94.7171679999883,2111.47727999969,3380.547400611621
1780062464,35,GET,/api/concerts,2.300000,0.000000,3,4,9,10,21,38,40,40,40,40,40,274,0,3,9.99812681021487,2.2359939998750633,182.6446949999081,753.0
1780062464,35,GET,/health,1.000000,0.000000,3,5,18,18,43,86,86,86,86,86,86,141,0,3,12.883562879411096,1.640310999846406,187.8708369999913,56.0
1780062464,35,,Aggregated,14.600000,0.000000,170,260,350,410,690,1500,2000,2100,2100,2100,2100,1723,0,150,292.06013605861506,1.640310999846406,2111.47727999969,2690.6407428903076
1780062465,35,POST,/api/book,11.000000,0.000000,220,360,510,560,1100,1700,2000,2100,2100,2100,2100,1318,0,200,380.54969110318484,94.7171679999883,2111.47727999969,3380.6168437025794
1780062465,35,GET,/api/concerts,2.500000,0.000000,3,4,5,9,21,38,40,40,40,40,40,276,0,3,9.944418050721374,2.2359939998750633,182.6446949999081,753.0
1780062465,35,GET,/health,1.100000,0.000000,3,6,18,18,43,86,86,86,86,86,86,141,0,3,12.883562879411096,1.640310999846406,187.8708369999913,56.0
1780062465,35,,Aggregated,14.600000,0.000000,170,290,380,480,690,1500,2000,2100,2100,2100,2100,1735,0,150,291.7151208195928,1.640310999846406,2111.47727999969,2692.436311239193
1780062466,36,POST,/api/book,11.500000,0.000000,270,410,550,610,1100,1700,2000,2100,2100,2100,2100,1330,0,200,380.73027618270567,94.7171679999883,2111.47727999969,3380.5533834586467
1780062466,36,GET,/api/concerts,2.400000,0.000000,3,3,5,9,21,21,40,40,40,40,40,279,0,3,9.894219318990887,2.2359939998750633,182.6446949999081,753.0
1780062466,36,GET,/health,1.200000,0.000000,3,6,18,43,86,86,86,86,86,86,86,141,0,3,12.883562879411096,1.640310999846406,187.8708369999913,56.0
1780062466,36,,Aggregated,15.100000,0.000000,170,330,430,540,760,1500,2000,2100,2100,2100,2100,1750,0,150,291.9704782165679,1.640310999846406,2111.47727999969,2693.7822857142855
1780062467,36,POST,/api/book,11.400000,0.000000,230,390,550,610,1100,1700,2000,2100,2100,2100,2100,1344,0,200,381.06997680728955,94.7171679999883,2111.47727999969,3380.464285714286
1780062467,36,GET,/api/concerts,2.300000,0.000000,3,3,4,5,10,21,40,40,40,40,40,280,0,3,9.868033689279596,2.2359939998750633,182.6446949999081,753.0
1780062467,36,GET,/health,1.200000,0.000000,3,18,51,51,86,86,86,86,86,86,86,142,0,3,13.154338422512884,1.640310999846406,187.8708369999913,56.0
1780062467,36,,Aggregated,14.900000,0.000000,170,320,410,550,860,1600,2000,2100,2100,2100,2100,1766,0,150,292.6325109388404,1.640310999846406,2111.47727999969,2696.5662514156284
1780062468,36,POST,/api/book,11.000000,0.000000,230,410,610,850,1700,2000,2100,2100,2100,2100,2100,1361,0,200,386.7535127384259,94.7171679999883,2111.47727999969,3380.4797942689197
1780062468,36,GET,/api/concerts,2.200000,0.000000,3,3,3,4,10,21,40,40,40,40,40,281,0,3,9.84203507828639,2.2359939998750633,182.6446949999081,753.0
1780062468,36,GET,/health,1.100000,0.000000,3,18,51,51,86,86,86,86,86,86,86,142,0,3,13.154338422512884,1.640310999846406,187.8708369999913,56.0
1780062468,36,,Aggregated,14.300000,0.000000,170,330,530,610,1500,1800,2100,2100,2100,2100,2100,1784,0,150,297.6485755325072,1.640310999846406,2111.47727999969,2702.005605381166
1780062469,36,POST,/api/book,11.200000,0.000000,280,530,680,890,1700,2000,2100,2100,2100,2100,2100,1372,0,200,387.5396408177831,94.7171679999883,2111.47727999969,3380.3986880466473
1780062469,36,GET,/api/concerts,2.200000,0.000000,3,3,5,5,21,40,40,40,40,40,40,281,0,3,9.84203507828639,2.2359939998750633,182.6446949999081,753.0
1780062469,36,GET,/health,0.900000,0.000000,3,51,51,86,86,86,86,86,86,86,86,142,0,3,13.154338422512884,1.640310999846406,187.8708369999913,56.0
1780062469,36,,Aggregated,14.300000,0.000000,200,390,580,760,1500,1900,2100,2100,2100,2100,2100,1795,0,150,298.7954958857903,1.640310999846406,2111.47727999969,2706.10139275766
1780062470,36,POST,/api/book,11.200000,0.000000,320,550,810,920,1700,2000,2100,2100,2100,2100,2100,1384,0,200,388.4115143865591,94.7171679999883,2111.47727999969,3380.328034682081
1780062470,36,GET,/api/concerts,2.200000,0.000000,3,3,5,10,21,40,40,40,40,40,40,285,0,3,9.794392284207756,2.2359939998750633,182.6446949999081,753.0
1780062470,36,GET,/health,0.800000,0.000000,3,3,51,51,86,86,86,86,86,86,86,144,0,3,13.008663499978942,1.640310999846406,187.8708369999913,56.0
1780062470,36,,Aggregated,14.200000,0.000000,200,410,610,850,1500,1800,2100,2100,2100,2100,2100,1813,0,150,299.0767706872552,1.640310999846406,2111.47727999969,2703.2779922779923
1780062471,37,POST,/api/book,11.800000,0.000000,300,580,880,1100,1700,1900,2100,2100,2100,2100,2100,1398,0,200,390.61955540128594,94.7171679999883,2111.47727999969,3380.263233190272
1780062471,37,GET,/api/concerts,2.100000,0.000000,3,3,5,5,18,40,40,40,40,40,40,287,0,3,9.751441930309909,2.2359939998750633,182.6446949999081,753.0
1780062471,37,GET,/health,0.700000,0.000000,3,51,51,86,86,86,86,86,86,86,86,144,0,3,13.008663499978942,1.640310999846406,187.8708369999913,56.0
1780062471,37,,Aggregated,14.600000,0.000000,200,480,680,890,1600,1800,2100,2100,2100,2100,2100,1829,0,150,301.12523227391654,1.640310999846406,2111.47727999969,2706.2782941498085
1780062472,37,POST,/api/book,11.900000,0.000000,330,600,890,1100,1700,1900,2100,2100,2100,2100,2100,1406,0,200,391.88077468705484,94.7171679999883,2111.47727999969,3380.2453769559033
1780062472,37,GET,/api/concerts,1.600000,0.000000,3,3,3,5,18,40,40,40,40,40,40,289,0,3,9.700982671276638,2.2359939998750633,182.6446949999081,753.0
1780062472,37,GET,/health,0.500000,0.000000,3,3,4,4,51,51,51,51,51,51,51,146,0,3,12.877355232856095,1.640310999846406,187.8708369999913,56.0
1780062472,37,,Aggregated,14.000000,0.000000,200,520,680,900,1500,1800,2100,2100,2100,2100,2100,1841,0,150,301.8294660869064,1.640310999846406,2111.47727999969,2704.192286800652
1780062473,37,POST,/api/book,12.400000,0.000000,280,520,610,880,1300,1700,2000,2000,2100,2100,2100,1422,0,200,391.3059578178608,94.7171679999883,2111.47727999969,3380.1793248945146
1780062473,37,GET,/api/concerts,1.900000,0.000000,3,3,8,10,18,40,40,40,40,40,40,292,0,3,9.675279147257879,2.2359939998750633,182.6446949999081,753.0
1780062473,37,GET,/health,0.500000,0.000000,3,3,4,4,51,51,51,51,51,51,51,148,0,3,12.740257270252187,1.640310999846406,187.8708369999913,56.0
1780062473,37,,Aggregated,14.800000,0.000000,190,410,550,630,1100,1700,1900,2000,2100,2100,2100,1862,0,150,301.36831987325155,1.640310999846406,2111.47727999969,2703.9629430719656
1780062474,37,POST,/api/book,12.400000,0.000000,250,450,600,810,1100,1700,2000,2000,2100,2100,2100,1432,0,200,390.42537645321124,94.7171679999883,2111.47727999969,3380.257681564246
1780062474,37,GET,/api/concerts,2.000000,0.000000,3,3,5,8,11,18,18,18,18,18,18,294,0,3,9.627130506799892,2.2359939998750633,182.6446949999081,753.0
1780062474,37,GET,/health,0.500000,0.000000,3,3,4,4,51,51,51,51,51,51,51,148,0,3,12.740257270252187,1.640310999846406,187.8708369999913,56.0
1780062474,37,,Aggregated,14.900000,0.000000,190,390,520,610,1100,1600,2000,2000,2100,2100,2100,1874,0,150,300.8564960117367,1.640310999846406,2111.47727999969,2705.5490928495196
1780062475,37,POST,/api/book,12.400000,0.000000,280,520,690,900,1200,1700,2000,2000,2100,2100,2100,1441,0,200,391.7141100513515,94.7171679999883,2111.47727999969,3380.302567661346
1780062475,37,GET,/api/concerts,1.900000,0.000000,3,3,5,8,11,18,18,18,18,18,18,294,0,3,9.627130506799892,2.2359939998750633,182.6446949999081,753.0
1780062475,37,GET,/health,0.600000,0.000000,3,3,4,4,51,51,51,51,51,51,51,148,0,3,12.740257270252187,1.640310999846406,187.8708369999913,56.0
1780062475,37,,Aggregated,14.900000,0.000000,200,420,580,760,1100,1600,2000,2000,2100,2100,2100,1883,0,150,302.2708268874103,1.640310999846406,2111.47727999969,2708.8082846521506
1780062476,38,POST,/api/book,12.600000,0.000000,280,490,630,900,1300,1700,2000,2000,2100,2100,2100,1462,0,200,391.60179430779465,94.7171679999883,2111.47727999969,3380.3953488372094
1780062476,38,GET,/api/concerts,2.000000,0.000000,3,3,5,5,11,18,18,18,18,18,18,295,0,3,9.60371046779428,2.2359939998750633,182.6446949999081,753.0
1780062476,38,GET,/health,0.700000,0.000000,3,3,4,39,51,51,51,51,51,51,51,151,0,3,12.781936066210692,1.640310999846406,187.8708369999913,56.0
1780062476,38,,Aggregated,15.300000,0.000000,200,410,530,650,1100,1600,1900,2000,2100,2100,2100,1908,0,150,302.56026740670467,1.640310999846406,2111.47727999969,2711.0738993710693
1780062477,38,POST,/api/book,12.300000,0.000000,300,500,650,890,1200,1400,1900,2000,2100,2100,2100,1473,0,210,392.2342325804453,94.7171679999883,2111.47727999969,3380.401221995927
1780062477,38,GET,/api/concerts,1.900000,0.000000,3,3,6,8,18,54,54,54,54,54,54,298,0,3,9.720100456372972,2.2359939998750633,182.6446949999081,753.0
1780062477,38,GET,/health,0.700000,0.000000,3,3,4,39,51,51,51,51,51,51,51,151,0,3,12.781936066210692,1.640310999846406,187.8708369999913,56.0
1780062477,38,,Aggregated,14.900000,0.000000,200,410,530,690,1100,1400,1800,2000,2100,2100,2100,1922,0,150,303.1153417653447,1.640310999846406,2111.47727999969,2711.852757544225
1780062478,38,POST,/api/book,13.100000,0.000000,290,440,530,630,1000,1300,1400,1600,1700,1700,1700,1485,0,210,391.1983567932621,94.7171679999883,2111.47727999969,3380.275420875421
1780062478,38,GET,/api/concerts,1.800000,0.000000,3,3,6,8,18,54,54,54,54,54,54,300,0,3,9.672934316665001,2.2359939998750633,182.6446949999081,753.0
1780062478,38,GET,/health,0.800000,0.000000,3,3,3,4,39,39,39,39,39,39,39,151,0,3,12.781936066210692,1.640310999846406,187.8708369999913,56.0
1780062478,38,,Aggregated,15.700000,0.000000,200,390,490,530,960,1200,1400,1600,1700,1700,1700,1936,0,150,302.5627647102227,1.640310999846406,2111.47727999969,2713.876549586777
1780062479,38,POST,/api/book,13.000000,0.000000,270,410,500,580,1000,1300,1400,1600,1700,1700,1700,1498,0,210,389.63916393457527,94.7171679999883,2111.47727999969,3380.2636849132177
1780062479,38,GET,/api/concerts,1.600000,0.000000,3,4,6,6,11,18,54,54,54,54,54,303,0,3,9.620167188118238,2.2359939998750633,182.6446949999081,753.0
1780062479,38,GET,/health,1.000000,0.000000,3,3,3,4,39,53,53,53,53,53,53,156,0,3,12.781823108962971,1.640310999846406,187.8708369999913,56.0
1780062479,38,,Aggregated,15.600000,0.000000,170,310,420,490,900,1200,1400,1600,1700,1700,1700,1957,0,150,300.7605225533937,1.640310999846406,2111.47727999969,2708.497700562085
1780062480,38,POST,/api/book,12.900000,0.000000,250,410,490,530,940,1100,1200,1300,1300,1300,1300,1507,0,210,390.1582817219599,94.7171679999883,2111.47727999969,3380.302587923026
1780062480,38,GET,/api/concerts,1.800000,0.000000,3,4,6,6,11,54,54,54,54,54,54,305,0,3,9.5741315901638,2.2359939998750633,182.6446949999081,753.0
1780062480,38,GET,/health,0.900000,0.000000,3,3,3,4,39,53,53,53,53,53,53,156,0,3,12.781823108962971,1.640310999846406,187.8708369999913,56.0
1780062480,38,,Aggregated,15.600000,0.000000,170,280,420,480,790,1000,1200,1300,1300,1300,1300,1968,0,150,301.2614863287558,1.640310999846406,2111.47727999969,2709.6122967479673
1780062481,39,POST,/api/book,12.600000,0.000000,250,410,490,560,940,1100,1200,1300,1300,1300,1300,1519,0,210,389.4151507452241,94.7171679999883,2111.47727999969,3380.2936142198814
1780062481,39,GET,/api/concerts,2.000000,0.000000,3,6,7,8,13,54,57,57,57,57,57,309,0,3,9.706526064726264,2.2359939998750633,182.6446949999081,753.0
1780062481,39,GET,/health,0.900000,0.000000,3,3,4,4,39,53,53,53,53,53,53,157,0,3,12.725954624190429,1.640310999846406,187.8708369999913,56.0
1780062481,39,,Aggregated,15.500000,0.000000,170,290,420,480,790,1000,1200,1300,1300,1300,1300,1985,0,150,300.51330247455587,1.640310999846406,2111.47727999969,2708.3803526448364
1780062482,39,POST,/api/book,12.500000,0.000000,260,410,450,530,730,950,1200,1300,1300,1300,1300,1534,0,210,389.5897381610144,94.7171679999883,2111.47727999969,3380.373533246415
1780062482,39,GET,/api/concerts,2.200000,0.000000,4,8,13,31,45,54,57,57,57,57,57,312,0,3,9.976492141026355,2.2359939998750633,182.6446949999081,753.0
1780062482,39,GET,/health,1.400000,0.000000,3,3,4,39,53,130,130,130,130,130,130,159,0,3,13.384283503132478,1.640310999846406,187.8708369999913,56.0
1780062482,39,,Aggregated,16.100000,0.000000,190,300,410,440,660,940,1000,1300,1300,1300,1300,2005,0,150,300.6840024758075,1.640310999846406,2111.47727999969,2707.896758104738
1780062483,39,POST,/api/book,11.900000,0.000000,260,410,480,560,940,1000,1300,1300,1300,1300,1300,1544,0,210,390.8898485731848,94.7171679999883,2111.47727999969,3380.347797927461
1780062483,39,GET,/api/concerts,2.100000,0.000000,4,7,31,37,54,57,57,57,57,57,57,312,0,3,9.976492141026355,2.2359939998750633,182.6446949999081,753.0
1780062483,39,GET,/health,1.200000,0.000000,3,6,22,22,53,130,130,130,130,130,130,162,0,3,13.409802370357104,1.640310999846406,187.8708369999913,56.0
1780062483,39,,Aggregated,15.200000,0.000000,190,310,420,480,790,1000,1200,1300,1300,1300,1300,2018,0,150,301.69424168929385,1.640310999846406,2111.47727999969,2707.2670961347867
1780062484,39,POST,/api/book,12.000000,0.000000,270,410,530,660,1000,1300,1300,1500,1500,1500,1500,1562,0,210,393.1920749788725,94.7171679999883,2111.47727999969,3380.1466069142125
1780062484,39,GET,/api/concerts,2.300000,0.000000,4,7,31,37,54,57,57,57,57,57,57,312,0,3,9.976492141026355,2.2359939998750633,182.6446949999081,753.0
1780062484,39,GET,/health,1.400000,0.000000,3,16,22,39,53,130,130,130,130,130,130,165,0,3,13.476220448471091,1.640310999846406,187.8708369999913,56.0
1780062484,39,,Aggregated,15.700000,0.000000,220,340,420,530,940,1200,1300,1500,1500,1500,1500,2039,0,150,303.8265144870017,1.640310999846406,2111.47727999969,2709.1539970573813
1780062485,39,POST,/api/book,12.600000,0.000000,270,370,440,530,940,1100,1300,1500,1500,1500,1500,1573,0,210,392.09838396694096,94.7171679999883,2111.47727999969,3380.155117609663
1780062485,39,GET,/api/concerts,2.300000,0.000000,4,7,31,37,54,57,57,57,57,57,57,313,0,3,9.95604664536766,2.2359939998750633,182.6446949999081,753.0
1780062485,39,GET,/health,1.300000,0.000000,3,4,16,22,53,130,130,130,130,130,130,167,0,3,13.357403802383269,1.640310999846406,187.8708369999913,56.0
1780062485,39,,Aggregated,16.200000,0.000000,190,300,400,430,710,1000,1300,1500,1500,1500,1500,2053,0,150,303.02858597905305,1.640310999846406,2111.47727999969,2709.218217243059
1780062486,40,POST,/api/book,12.200000,0.000000,270,370,440,550,940,1200,1300,1500,1500,1500,1500,1581,0,210,391.518985834281,94.7171679999883,2111.47727999969,3380.144212523719
1780062486,40,GET,/api/concerts,2.000000,0.000000,6,13,17,31,45,54,57,57,57,57,57,317,0,3,9.944615492115437,2.2359939998750633,182.6446949999081,753.0
1780062486,40,GET,/health,1.400000,0.000000,3,5,16,22,49,53,130,130,130,130,130,170,0,3,13.456250723519963,1.640310999846406,187.8708369999913,56.0
1780062486,40,,Aggregated,15.600000,0.000000,170,280,390,430,730,1000,1300,1500,1500,1500,1500,2068,0,150,301.9494788868457,1.640310999846406,2111.47727999969,2704.1726305609286
1780062487,40,POST,/api/book,12.900000,0.000000,270,400,450,550,760,1100,1300,1500,1500,1500,1500,1597,0,210,391.3325709630554,94.7171679999883,2111.47727999969,3380.1471509079524
1780062487,40,GET,/api/concerts,1.800000,0.000000,3,7,15,17,37,45,57,57,57,57,57,321,0,3,9.857568470407866,2.2359939998750633,182.6446949999081,753.0
1780062487,40,GET,/health,1.700000,0.000000,4,6,22,34,49,53,130,130,130,130,130,173,0,3,13.467045497097224,1.640310999846406,187.8708369999913,56.0
1780062487,40,,Aggregated,16.400000,0.000000,190,270,400,430,680,1000,1300,1500,1500,1500,1500,2091,0,150,301.50750558488653,1.640310999846406,2111.47727999969,2701.815399330464
1780062488,40,POST,/api/book,12.600000,0.000000,260,390,470,550,790,1200,1300,1500,1500,1500,1500,1608,0,210,390.0166478986312,94.7171679999883,2111.47727999969,3380.19092039801
1780062488,40,GET,/api/concerts,2.000000,0.000000,6,7,15,17,37,45,57,57,57,57,57,325,0,3,9.816543984620344,2.2359939998750633,182.6446949999081,753.0
1780062488,40,GET,/health,1.800000,0.000000,4,6,22,34,49,53,130,130,130,130,130,173,0,3,13.467045497097224,1.640310999846406,187.8708369999913,56.0
1780062488,40,,Aggregated,16.400000,0.000000,170,270,380,430,680,1000,1300,1500,1500,1500,1500,2106,0,150,300.4116550270647,1.640310999846406,2111.47727999969,2701.690408357075
1780062489,40,POST,/api/book,12.100000,0.000000,270,400,510,560,940,1100,1300,1500,1500,1500,1500,1619,0,210,390.4381307479922,94.7171679999883,2111.47727999969,3380.148857319333
1780062489,40,GET,/api/concerts,2.200000,0.000000,7,12,15,17,45,55,57,57,57,57,57,329,0,3,9.931810328270688,2.2359939998750633,182.6446949999081,753.0
1780062489,40,GET,/health,1.900000,0.000000,4,6,22,34,49,53,130,130,130,130,130,173,0,3,13.467045497097224,1.640310999846406,187.8708369999913,56.0
1780062489,40,,Aggregated,16.200000,0.000000,190,310,400,470,700,1000,1300,1500,1500,1500,1500,2121,0,150,300.66793877887693,1.640310999846406,2111.47727999969,2701.5021216407354
1780062490,40,POST,/api/book,12.300000,0.000000,270,410,530,590,1000,1200,1300,1500,1500,1500,1500,1636,0,210,391.9455705672364,94.7171679999883,2111.47727999969,3380.1998777506114
1780062490,40,GET,/api/concerts,2.300000,0.000000,7,12,16,17,45,55,57,57,57,57,57,333,0,3,9.88422101201442,2.2359939998750633,182.6446949999081,753.0
1780062490,40,GET,/health,2.200000,0.000000,5,16,24,34,49,130,130,130,130,130,130,174,0,3,13.528859890793578,1.640310999846406,187.8708369999913,56.0
1780062490,40,,Aggregated,16.800000,0.000000,200,320,410,510,700,1100,1300,1500,1500,1500,1500,2143,0,150,301.85180619038607,1.640310999846406,2111.47727999969,2702.05319645357
1780062491,40,POST,/api/book,12.100000,0.000000,270,400,530,580,1000,1200,1300,1500,1500,1500,1500,1645,0,210,390.76885489240055,94.7171679999883,2111.47727999969,3380.1793313069907
1780062491,40,GET,/api/concerts,2.400000,0.000000,4,7,12,15,31,45,55,55,55,55,55,336,0,3,9.829483788693205,2.083926000068459,182.6446949999081,753.0
1780062491,40,GET,/health,2.200000,0.000000,5,6,22,24,46,49,49,49,49,49,49,176,0,3,13.40220564771564,1.640310999846406,187.8708369999913,56.0
1780062491,40,,Aggregated,16.700000,0.000000,190,300,400,510,710,1100,1300,1500,1500,1500,1500,2157,0,150,300.63804406351295,1.640310999846406,2111.47727999969,2699.7028280018544
1780062492,40,POST,/api/book,12.100000,0.000000,240,370,510,560,1000,1200,1300,1500,1500,1500,1500,1655,0,210,390.74680893292964,94.7171679999883,2111.47727999969,3380.1347432024168
1780062492,40,GET,/api/concerts,2.600000,0.000000,4,7,12,15,31,45,55,55,55,55,55,337,0,3,9.815053913948773,2.083926000068459,182.6446949999081,753.0
1780062492,40,GET,/health,1.700000,0.000000,5,16,22,24,46,49,49,49,49,49,49,176,0,3,13.40220564771564,1.640310999846406,187.8708369999913,56.0
1780062492,40,,Aggregated,16.400000,0.000000,180,270,380,470,840,1100,1300,1500,1500,1500,1500,2168,0,150,300.9005674109764,1.640310999846406,2111.47727999969,2701.909594095941
1780062493,40,POST,/api/book,12.900000,0.000000,230,370,480,550,1000,1200,1300,1500,1500,1500,1500,1668,0,210,390.86316375659305,94.7171679999883,2111.47727999969,3380.2080335731416
1780062493,40,GET,/api/concerts,2.700000,0.000000,3,6,7,10,16,17,55,55,55,55,55,339,0,3,9.781988687317927,2.083926000068459,182.6446949999081,753.0
1780062493,40,GET,/health,1.800000,0.000000,4,5,24,34,46,49,49,49,49,49,49,176,0,3,13.40220564771564,1.640310999846406,187.8708369999913,56.0
1780062493,40,,Aggregated,17.400000,0.000000,180,250,370,450,760,1100,1300,1500,1500,1500,1500,2183,0,150,301.25269789509645,1.640310999846406,2111.47727999969,2704.2189647274395
1780062494,40,POST,/api/book,12.600000,0.000000,210,330,480,560,1000,1200,1800,2000,2000,2000,2000,1681,0,210,393.4885803658517,94.7171679999883,2111.47727999969,3380.180249851279
1780062494,40,GET,/api/concerts,2.600000,0.000000,3,6,7,10,16,17,55,55,55,55,55,342,0,3,9.719098774857288,2.083926000068459,182.6446949999081,753.0
1780062494,40,GET,/health,1.800000,0.000000,4,5,6,24,34,49,49,49,49,49,49,178,0,3,13.297852533696641,1.640310999846406,187.8708369999913,56.0
1780062494,40,,Aggregated,17.000000,0.000000,170,230,330,440,760,1100,1400,2000,2000,2000,2000,2201,0,150,303.1100650281669,1.640310999846406,2111.47727999969,2703.124488868696
1780062495,40,POST,/api/book,12.100000,0.000000,220,370,560,690,1200,1300,1800,2000,2000,2000,2000,1699,0,210,395.66216746615487,94.7171679999883,2111.47727999969,3380.2360211889345
1780062495,40,GET,/api/concerts,2.500000,0.000000,3,6,7,7,15,17,55,55,55,55,55,345,0,3,9.661208017396216,2.083926000068459,182.6446949999081,753.0
1780062495,40,GET,/health,1.700000,0.000000,5,6,24,24,34,49,49,49,49,49,49,178,0,3,13.297852533696641,1.640310999846406,187.8708369999913,56.0
1780062495,40,,Aggregated,16.300000,0.000000,180,230,380,530,1000,1300,1700,2000,2000,2000,2000,2222,0,150,305.09908057695606,1.640310999846406,2111.47727999969,2706.018901890189
1780062496,40,POST,/api/book,12.300000,0.000000,210,380,560,760,1200,1400,1800,2000,2000,2000,2000,1713,0,210,395.8750600893155,94.7171679999883,2111.47727999969,3380.2043199065965
1780062496,40,GET,/api/concerts,2.700000,0.000000,3,5,6,7,16,42,55,55,55,55,55,350,0,3,9.734721922862134,2.083926000068459,182.6446949999081,753.0
1780062496,40,GET,/health,1.400000,0.000000,5,6,24,24,34,34,34,34,34,34,34,178,0,3,13.297852533696641,1.640310999846406,187.8708369999913,56.0
1780062496,40,,Aggregated,16.400000,0.000000,180,230,400,550,1100,1300,1700,2000,2000,2000,2000,2241,0,150,305.1798966340905,1.640310999846406,2111.47727999969,2705.8491744756807
1780062497,40,POST,/api/book,12.000000,0.000000,200,330,480,690,1200,1400,1800,2000,2000,2000,2000,1728,0,210,394.5132149195586,94.7171679999883,2111.47727999969,3380.077546296296
1780062497,40,GET,/api/concerts,3.000000,0.000000,3,6,7,10,24,53,55,55,55,55,55,354,0,3,9.798356700571919,2.083926000068459,182.6446949999081,753.0
1780062497,40,GET,/health,1.300000,0.000000,5,6,24,24,34,34,34,34,34,34,34,178,0,3,13.297852533696641,1.640310999846406,187.8708369999913,56.0
1780062497,40,,Aggregated,16.300000,0.000000,170,230,370,440,1100,1300,1700,2000,2000,2000,2000,2260,0,150,304.22764221415804,1.640310999846406,2111.47727999969,2706.7716814159294
1780062498,40,POST,/api/book,12.400000,0.000000,210,380,560,820,1200,1400,1800,2000,2000,2000,2000,1738,0,210,394.46341664038926,94.7171679999883,2111.47727999969,3380.0339470655927
1780062498,40,GET,/api/concerts,3.100000,0.000000,3,5,7,12,42,55,73,73,73,73,73,357,0,3,9.933338327737504,2.083926000068459,182.6446949999081,753.0
1780062498,40,GET,/health,1.100000,0.000000,6,6,24,24,26,26,26,26,26,26,26,179,0,3,13.36887092736497,1.640310999846406,187.8708369999913,56.0
1780062498,40,,Aggregated,16.600000,0.000000,170,240,390,550,1100,1300,1700,2000,2000,2000,2000,2274,0,150,304.09703069480946,1.640310999846406,2111.47727999969,2705.9560246262095
1780062499,40,POST,/api/book,13.100000,0.000000,200,370,510,710,1200,1400,1800,2000,2000,2000,2000,1756,0,210,393.9697347790403,94.7171679999883,2111.47727999969,3380.005125284738
1780062499,40,GET,/api/concerts,3.300000,0.000000,3,3,5,6,42,53,73,73,73,73,73,359,0,3,9.892717309198472,2.083926000068459,182.6446949999081,753.0
1780062499,40,GET,/health,0.800000,0.000000,6,16,24,24,26,26,26,26,26,26,26,180,0,3,13.381883572211942,1.640310999846406,187.8708369999913,56.0
1780062499,40,,Aggregated,17.200000,0.000000,160,230,390,510,1100,1300,1700,2000,2000,2000,2000,2295,0,150,304.03968576426786,1.640310999846406,2111.47727999969,2708.3642701525055
1780062500,40,POST,/api/book,13.200000,0.000000,190,330,440,660,1200,1400,1800,2000,2000,2000,2000,1768,0,210,393.49088914422805,94.7171679999883,2111.47727999969,3380.0588235294117
1780062500,40,GET,/api/concerts,3.300000,0.000000,3,3,4,6,42,53,73,73,73,73,73,362,0,3,9.831541629840792,2.083926000068459,182.6446949999081,753.0
1780062500,40,GET,/health,0.500000,0.000000,3,6,16,16,26,26,26,26,26,26,26,181,0,3,13.326000055238092,1.640310999846406,187.8708369999913,56.0
1780062500,40,,Aggregated,17.000000,0.000000,160,220,370,440,970,1300,1700,2000,2000,2000,2000,2311,0,150,303.618743438769,1.640310999846406,2111.47727999969,2708.206836867157
1780062501,40,POST,/api/book,13.000000,0.000000,210,380,470,760,1200,1400,1800,2000,2000,2000,2000,1782,0,210,393.52094748260134,94.7171679999883,2111.47727999969,3380.0185185185187
1780062501,40,GET,/api/concerts,3.200000,0.000000,3,3,6,14,25,53,73,73,73,73,73,367,0,3,9.878063847418037,2.083926000068459,182.6446949999081,753.0
1780062501,40,GET,/health,0.600000,0.000000,3,6,16,18,26,26,26,26,26,26,26,183,0,3,13.292240076493801,1.640310999846406,187.8708369999913,56.0
1780062501,40,,Aggregated,16.800000,0.000000,150,230,390,470,970,1300,1700,2000,2000,2000,2000,2332,0,150,303.30705736706517,1.640310999846406,2111.47727999969,2705.7427101200688
1780062502,40,POST,/api/book,13.700000,0.000000,190,330,470,660,1200,1400,1800,2000,2000,2000,2000,1795,0,210,392.35599437102826,94.7171679999883,2111.47727999969,3380.0635097493036
1780062502,40,GET,/api/concerts,3.000000,0.000000,3,3,6,22,34,53,73,73,73,73,73,370,0,3,9.905052110818016,2.083926000068459,182.6446949999081,753.0
1780062502,40,GET,/health,0.700000,0.000000,6,16,18,18,26,26,26,26,26,26,26,183,0,3,13.292240076493801,1.640310999846406,187.8708369999913,56.0
1780062502,40,,Aggregated,17.400000,0.000000,150,220,380,450,970,1300,1700,2000,2000,2000,2000,2348,0,150,302.54529774744304,1.640310999846406,2111.47727999969,2707.015332197615
1780062503,40,POST,/api/book,13.200000,0.000000,170,350,470,660,1100,1400,1800,2000,2000,2000,2000,1806,0,210,392.10122861627724,94.7171679999883,2111.47727999969,3380.05869324474
1780062503,40,GET,/api/concerts,2.900000,0.000000,3,4,14,24,42,73,180,180,180,180,180,374,0,3,10.33538204278873,2.083926000068459,182.6446949999081,753.0
1780062503,40,GET,/health,0.700000,0.000000,6,6,16,18,26,26,26,26,26,26,26,186,0,3,13.13963623117591,1.640310999846406,187.8708369999913,56.0
1780062503,40,,Aggregated,16.800000,0.000000,150,200,380,440,930,1300,1700,2000,2000,2000,2000,2366,0,150,301.96290114285625,1.640310999846406,2111.47727999969,2703.4759087066777
1780062504,40,POST,/api/book,13.700000,0.000000,190,380,470,660,980,1300,1600,1600,1700,1700,1700,1823,0,210,393.8114711069645,94.7171679999883,2111.47727999969,3380.138233680746
1780062504,40,GET,/api/concerts,3.100000,0.000000,3,4,22,24,53,180,210,210,210,210,210,378,0,3,10.813583970905821,2.083926000068459,214.4420539998464,753.0
1780062504,40,GET,/health,0.700000,0.000000,4,6,16,16,18,26,26,26,26,26,26,188,0,3,13.033184260633151,1.640310999846406,187.8708369999913,56.0
1780062504,40,,Aggregated,17.500000,0.000000,150,230,380,450,930,1200,1600,1600,1700,1700,1700,2389,0,150,303.24658233989004,1.640310999846406,2111.47727999969,2702.8689828380075
1780062505,40,POST,/api/book,14.000000,0.000000,190,380,470,580,910,1100,1400,1600,1600,1600,1600,1835,0,210,393.5862652544938,94.7171679999883,2111.47727999969,3380.1389645776567
1780062505,40,GET,/api/concerts,3.300000,0.000000,3,5,22,25,53,180,210,210,210,210,210,380,0,3,10.770888778954127,2.083926000068459,214.4420539998464,753.0
1780062505,40,GET,/health,0.700000,0.000000,4,6,16,16,18,26,26,26,26,26,26,188,0,3,13.033184260633151,1.640310999846406,187.8708369999913,56.0
1780062505,40,,Aggregated,18.000000,0.000000,150,220,380,440,820,980,1300,1600,1600,1600,1600,2403,0,150,303.2767262251342,1.640310999846406,2111.47727999969,2704.6287973366625
1780062506,40,POST,/api/book,13.800000,0.000000,190,350,450,550,870,980,1200,1600,1600,1600,1600,1848,0,210,392.4855789507552,94.7171679999883,2111.47727999969,3380.1953463203463
1780062506,40,GET,/api/concerts,3.500000,0.000000,3,3,14,22,53,180,210,210,210,210,210,381,0,3,10.750395556436558,2.083926000068459,214.4420539998464,753.0
1780062506,40,GET,/health,1.000000,0.000000,4,6,16,16,18,26,26,26,26,26,26,190,0,3,12.941450515786288,1.640310999846406,187.8708369999913,56.0
1780062506,40,,Aggregated,18.300000,0.000000,150,220,360,420,760,930,1100,1600,1600,1600,1600,2419,0,150,302.54986614551353,1.640310999846406,2111.47727999969,2705.305498139727
1780062507,40,POST,/api/book,14.100000,0.000000,190,360,500,630,930,1100,1600,1600,1700,1700,1700,1858,0,210,393.82104748331307,94.7171679999883,2111.47727999969,3380.2179763186223
1780062507,40,GET,/api/concerts,3.600000,0.000000,3,3,10,14,34,180,210,210,210,210,210,391,0,3,10.635164526861107,2.083926000068459,214.4420539998464,753.0
1780062507,40,GET,/health,1.000000,0.000000,3,6,6,16,18,26,26,26,26,26,26,191,0,3,12.887579146593296,1.640310999846406,187.8708369999913,56.0
1780062507,40,,Aggregated,18.700000,0.000000,150,210,350,470,870,1100,1500,1600,1700,1700,1700,2440,0,150,302.5981078569661,1.640310999846406,2111.47727999969,2699.0016393442625
1780062508,40,POST,/api/book,13.600000,0.000000,210,380,560,720,1100,1500,1700,1800,1800,1800,1800,1875,0,210,397.3959211701308,94.7171679999883,2111.47727999969,3380.256533333333
1780062508,40,GET,/api/concerts,3.500000,0.000000,3,3,10,12,28,180,210,210,210,210,210,393,0,3,10.593591692119796,2.083926000068459,214.4420539998464,753.0
1780062508,40,GET,/health,1.000000,0.000000,3,6,6,16,18,64,64,64,64,64,64,192,0,3,13.151830619790417,1.640310999846406,187.8708369999913,56.0
1780062508,40,,Aggregated,18.100000,0.000000,150,230,380,500,930,1300,1600,1800,1800,1800,1800,2460,0,150,305.6121078081291,1.640310999846406,2111.47727999969,2701.082113821138
1780062509,40,POST,/api/book,13.500000,0.000000,190,400,580,760,1100,1600,1700,1800,1800,1800,1800,1884,0,210,396.43956503131375,94.7171679999883,2111.47727999969,3380.2229299363057
1780062509,40,GET,/api/concerts,3.200000,0.000000,3,3,10,14,28,180,210,210,210,210,210,396,0,3,10.533395452027591,2.083926000068459,214.4420539998464,753.0
1780062509,40,GET,/health,1.200000,0.000000,3,4,6,6,18,64,64,64,64,64,64,193,0,3,13.097112823832909,1.640310999846406,187.8708369999913,56.0
1780062509,40,,Aggregated,17.900000,0.000000,150,220,380,500,980,1300,1600,1800,1800,1800,1800,2473,0,150,304.72750015891523,1.640310999846406,2111.47727999969,2700.095430651031
1780062511,40,POST,/api/book,12.900000,0.000000,170,320,490,620,1100,1600,1700,1800,1800,1800,1800,1899,0,210,394.5741059836737,94.7171679999883,2111.47727999969,3380.2617166929963
1780062511,40,GET,/api/concerts,3.700000,0.000000,3,3,5,5,28,180,210,210,210,210,210,398,0,3,10.499079484931721,2.083926000068459,214.4420539998464,753.0
1780062511,40,GET,/health,1.300000,0.000000,3,4,6,6,18,64,64,64,64,64,64,194,0,3,13.04554065463843,1.640310999846406,187.8708369999913,56.0
1780062511,40,,Aggregated,17.900000,0.000000,150,190,320,440,1000,1300,1600,1800,1800,1800,1800,2491,0,150,303.49485980931297,1.640310999846406,2111.47727999969,2701.595744680851
1780062512,40,POST,/api/book,13.600000,0.000000,190,290,500,620,1100,1600,1700,1800,1800,1800,1800,1910,0,210,393.7129614664907,94.7171679999883,2111.47727999969,3380.2586387434553
1780062512,40,GET,/api/concerts,3.600000,0.000000,3,3,5,5,28,180,210,210,210,210,210,399,0,3,10.484631403516259,2.083926000068459,214.4420539998464,753.0
1780062512,40,GET,/health,1.300000,0.000000,3,4,6,6,15,64,64,64,64,64,64,195,0,3,13.057166805127707,1.640310999846406,187.8708369999913,56.0
1780062512,40,,Aggregated,18.500000,0.000000,150,200,320,440,1000,1300,1600,1800,1800,1800,1800,2504,0,150,303.00370281869,1.640310999846406,2111.47727999969,2702.740015974441
1780062513,40,POST,/api/book,12.800000,0.000000,190,290,500,610,1200,1600,1700,1800,1800,1800,1800,1922,0,210,393.96100944692915,94.7171679999883,2111.47727999969,3380.309053069719
1780062513,40,GET,/api/concerts,3.700000,0.000000,3,3,3,4,12,28,210,210,210,210,210,401,0,3,10.446121733173667,2.083926000068459,214.4420539998464,753.0
1780062513,40,GET,/health,1.300000,0.000000,4,6,15,54,64,64,64,64,64,64,64,196,0,3,13.265439530613902,1.640310999846406,187.8708369999913,56.0
1780062513,40,,Aggregated,17.800000,0.000000,150,210,320,450,1100,1500,1600,1800,1800,1800,1800,2519,0,150,303.28780512901966,1.640310999846406,2111.47727999969,2703.407304485907
1780062514,40,POST,/api/book,12.800000,0.000000,190,320,440,580,1300,1800,1900,2300,2400,2400,2400,1940,0,210,397.0097553536063,94.7171679999883,2364.7387129999515,3380.3041237113403
1780062514,40,GET,/api/concerts,3.200000,0.000000,3,3,5,5,28,43,47,47,47,47,47,406,0,3,10.568476455671709,2.083926000068459,214.4420539998464,753.0
1780062514,40,GET,/health,1.200000,0.000000,3,6,15,15,54,64,64,64,64,64,64,197,0,3,13.209995086295924,1.640310999846406,187.8708369999913,56.0
1780062514,40,,Aggregated,17.200000,0.000000,150,210,320,410,1100,1600,1900,2300,2400,2400,2400,2543,0,150,305.58084776209154,1.640310999846406,2364.7387129999515,2703.3189146677155
1780062515,40,POST,/api/book,12.800000,0.000000,200,320,490,900,1600,1900,2100,2300,2400,2400,2400,1951,0,210,400.08190358585114,94.7171679999883,2364.7387129999515,3380.3229113275243
1780062515,40,GET,/api/concerts,3.200000,0.000000,3,3,4,5,28,43,47,47,47,47,47,409,0,3,10.508760775067397,2.083926000068459,214.4420539998464,753.0
1780062515,40,GET,/health,1.200000,0.000000,3,6,15,54,64,64,64,64,64,64,64,197,0,3,13.209995086295924,1.640310999846406,187.8708369999913,56.0
1780062515,40,,Aggregated,17.200000,0.000000,160,210,320,440,1300,1800,2000,2300,2400,2400,2400,2557,0,150,307.962552242862,1.640310999846406,2364.7387129999515,2703.957371920219
1780062516,40,POST,/api/book,12.700000,0.000000,190,320,440,900,1600,1900,2100,2300,2400,2400,2400,1963,0,210,399.00997486754744,94.7171679999883,2364.7387129999515,3380.3138053998982
1780062516,40,GET,/api/concerts,3.100000,0.000000,3,3,5,5,28,43,47,47,47,47,47,410,0,3,10.489727514640236,2.083926000068459,214.4420539998464,753.0
1780062516,40,GET,/health,1.300000,0.000000,3,3,15,54,64,64,64,64,64,64,64,199,0,3,13.103507351761024,1.640310999846406,187.8708369999913,56.0
1780062516,40,,Aggregated,17.100000,0.000000,160,210,320,390,1300,1800,2000,2300,2400,2400,2400,2572,0,150,307.2181053300926,1.640310999846406,2364.7387129999515,2704.2884914463452
1780062517,40,POST,/api/book,13.300000,0.000000,190,320,390,620,1500,1900,2100,2300,2400,2400,2400,1974,0,210,398.31108231306706,94.7171679999883,2364.7387129999515,3380.356129685917
1780062517,40,GET,/api/concerts,3.100000,0.000000,3,3,5,5,43,47,47,47,47,47,47,410,0,3,10.489727514640236,2.083926000068459,214.4420539998464,753.0
1780062517,40,GET,/health,1.100000,0.000000,3,3,15,54,64,64,64,64,64,64,64,201,0,3,12.998975970149965,1.640310999846406,187.8708369999913,56.0
1780062517,40,,Aggregated,17.500000,0.000000,160,210,320,390,1300,1800,2100,2300,2400,2400,2400,2585,0,150,306.83932647466025,1.640310999846406,2364.7387129999515,2705.1485493230175
1780062518,40,POST,/api/book,12.800000,0.000000,190,310,380,620,1900,2100,2400,2400,2500,2500,2500,1993,0,210,404.0165620717482,94.7171679999883,2452.645020000091,3380.3908680381332
1780062518,40,GET,/api/concerts,3.000000,0.000000,3,3,5,5,43,47,47,47,47,47,47,411,0,3,10.471474289543238,2.083926000068459,214.4420539998464,753.0
1780062518,40,GET,/health,1.100000,0.000000,3,3,3,15,54,54,54,54,54,54,54,202,0,3,12.947638099009541,1.640310999846406,187.8708369999913,56.0
1780062518,40,,Aggregated,16.900000,0.000000,160,230,330,380,1600,2000,2400,2400,2500,2500,2500,2606,0,150,311.6363035448949,1.640310999846406,2452.645020000091,2708.3323100537223
1780062519,40,POST,/api/book,12.500000,0.000000,200,330,620,1400,2000,2400,2500,2500,2600,2600,2600,2009,0,210,409.6497832468865,94.7171679999883,2594.0492990002895,3380.391737182678
1780062519,40,GET,/api/concerts,2.800000,0.000000,3,3,5,5,43,47,47,47,47,47,47,412,0,3,10.45185130340308,2.083926000068459,214.4420539998464,753.0
1780062519,40,GET,/health,1.100000,0.000000,3,3,3,15,54,54,54,54,54,54,54,203,0,3,12.896469266007923,1.640310999846406,187.8708369999913,56.0
1780062519,40,,Aggregated,16.400000,0.000000,170,270,380,780,1900,2300,2500,2500,2600,2600,2600,2624,0,150,316.27689045007475,1.640310999846406,2594.0492990002895,2710.674923780488
1780062520,40,POST,/api/book,12.500000,0.000000,260,420,780,1400,2000,2400,2500,2500,2600,2600,2600,2024,0,210,409.79879711462195,94.7171679999883,2594.0492990002895,3380.445158102767
1780062520,40,GET,/api/concerts,2.800000,0.000000,3,3,5,7,43,47,47,47,47,47,47,413,0,3,10.433980263928182,2.083926000068459,214.4420539998464,753.0
1780062520,40,GET,/health,1.100000,0.000000,3,3,5,15,54,54,54,54,54,54,54,204,0,3,12.858105573527341,1.640310999846406,187.8708369999913,56.0
1780062520,40,,Aggregated,16.400000,0.000000,190,330,550,900,1900,2300,2500,2500,2600,2600,2600,2641,0,150,316.6849877872004,1.640310999846406,2594.0492990002895,2712.7731919727375
1780062521,40,POST,/api/book,13.200000,0.000000,250,420,800,1400,2000,2400,2500,2500,2600,2600,2600,2032,0,210,408.7890758095444,94.7171679999883,2594.0492990002895,3380.4837598425197
1780062521,40,GET,/api/concerts,1.900000,0.000000,3,3,3,4,43,47,47,47,47,47,47,417,0,3,10.363077815353588,2.083926000068459,214.4420539998464,753.0
1780062521,40,GET,/health,1.100000,0.000000,3,3,3,3,5,54,54,54,54,54,54,207,0,3,12.714047328502247,1.640310999846406,187.8708369999913,56.0
1780062521,40,,Aggregated,16.200000,0.000000,180,330,530,800,1900,2300,2500,2500,2600,2600,2600,2656,0,150,315.3661947631762,1.640310999846406,2594.0492990002895,2708.8614457831327
1780062522,40,POST,/api/book,13.200000,0.000000,260,420,690,1400,2000,2400,2500,2500,2600,2600,2600,2041,0,210,408.2205826589883,94.7171679999883,2594.0492990002895,3380.4615384615386
1780062522,40,GET,/api/concerts,1.900000,0.000000,3,3,4,7,43,47,47,47,47,47,47,421,0,3,10.358430871738618,2.083926000068459,214.4420539998464,753.0
1780062522,40,GET,/health,1.100000,0.000000,3,3,3,3,3,5,5,5,5,5,5,210,0,3,12.567376204762175,1.640310999846406,187.8708369999913,56.0
1780062522,40,,Aggregated,16.200000,0.000000,170,320,460,650,1900,2300,2500,2500,2600,2600,2600,2672,0,150,314.4379706613011,1.640310999846406,2594.0492990002895,2705.2002245508984
1780062523,40,POST,/api/book,13.200000,0.000000,240,380,650,1200,2000,2400,2500,2500,2600,2600,2600,2058,0,210,408.7487346321647,94.7171679999883,2594.0492990002895,3380.4616132167153
1780062523,40,GET,/api/concerts,1.900000,0.000000,3,3,3,3,7,31,31,31,31,31,31,423,0,3,10.323314482274483,2.083926000068459,214.4420539998464,753.0
1780062523,40,GET,/health,1.300000,0.000000,3,3,3,3,3,5,5,5,5,5,5,212,0,3,12.47182216037937,1.640310999846406,187.8708369999913,56.0
1780062523,40,,Aggregated,16.400000,0.000000,160,290,460,620,1700,2200,2500,2500,2600,2600,2600,2693,0,150,314.9705474181199,1.640310999846406,2594.0492990002895,2706.0456739695505
1780062524,40,POST,/api/book,13.200000,0.000000,240,380,650,1400,1800,2400,2500,2500,2600,2600,2600,2066,0,210,411.35672711277584,94.7171679999883,2594.0492990002895,3380.4956437560504
1780062524,40,GET,/api/concerts,1.900000,0.000000,3,3,3,3,4,31,31,31,31,31,31,423,0,3,10.323314482274483,2.083926000068459,214.4420539998464,753.0
1780062524,40,GET,/health,1.300000,0.000000,3,3,3,3,3,5,5,5,5,5,5,213,0,3,12.425618272301907,1.640310999846406,187.8708369999913,56.0
1780062524,40,,Aggregated,16.400000,0.000000,170,310,460,650,1600,2200,2500,2500,2600,2600,2600,2702,0,150,317.1267272142845,1.640310999846406,2594.0492990002895,2707.0877128053294
1780062525,40,POST,/api/book,13.400000,0.000000,270,500,890,1200,1700,2300,2500,2500,2600,2600,2600,2086,0,210,412.5180708451561,94.7171679999883,2594.0492990002895,3380.491850431448
1780062525,40,GET,/api/concerts,2.200000,0.000000,3,4,5,31,40,48,62,62,62,62,62,430,0,3,10.61472380698158,2.083926000068459,214.4420539998464,753.0
1780062525,40,GET,/health,1.600000,0.000000,3,3,3,3,3,5,5,5,5,5,5,215,0,3,12.336108102328241,1.640310999846406,187.8708369999913,56.0
1780062525,40,,Aggregated,17.200000,0.000000,170,330,530,890,1600,2200,2500,2500,2600,2600,2600,2731,0,150,317.73317109556854,1.640310999846406,2594.0492990002895,2705.0662760893447
1780062526,40,POST,/api/book,12.700000,0.000000,310,510,890,1200,1700,2300,2500,2500,2600,2600,2600,2095,0,210,411.8942225035779,94.7171679999883,2594.0492990002895,3380.4863961813844
1780062526,40,GET,/api/concerts,1.800000,0.000000,3,4,5,31,40,48,62,62,62,62,62,432,0,3,10.578365821763319,2.083926000068459,214.4420539998464,753.0
1780062526,40,GET,/health,1.600000,0.000000,3,3,3,3,5,28,28,28,28,28,28,218,0,3,12.31977204587223,1.640310999846406,187.8708369999913,56.0
1780062526,40,,Aggregated,16.100000,0.000000,180,330,550,800,1600,2200,2500,2500,2600,2600,2600,2745,0,150,317.00326429362366,1.640310999846406,2594.0492990002895,2702.959198542805
1780062527,40,POST,/api/book,13.200000,0.000000,250,410,600,890,1600,2000,2500,2500,2600,2600,2600,2108,0,210,410.78668952371703,94.7171679999883,2594.0492990002895,3380.4686907020873
1780062527,40,GET,/api/concerts,2.100000,0.000000,3,4,5,31,40,48,62,62,62,62,62,434,0,3,10.541879400926405,2.083926000068459,214.4420539998464,753.0
1780062527,40,GET,/health,1.800000,0.000000,3,3,3,3,5,28,71,71,71,71,71,222,0,3,12.459380756757758,1.640310999846406,187.8708369999913,56.0
1780062527,40,,Aggregated,17.100000,0.000000,160,280,410,550,1500,1800,2300,2500,2600,2600,2600,2764,0,150,315.9477205875532,1.640310999846406,2594.0492990002895,2700.8907380607816
1780062528,40,POST,/api/book,13.100000,0.000000,260,390,590,800,1200,1600,1800,2200,2600,2600,2600,2122,0,210,411.4819685051817,94.7171679999883,2594.0492990002895,3380.4830348727614
1780062528,40,GET,/api/concerts,2.200000,0.000000,3,3,5,31,40,48,62,62,62,62,62,436,0,3,10.505456227069397,2.083926000068459,214.4420539998464,753.0
1780062528,40,GET,/health,1.900000,0.000000,3,3,3,4,28,57,71,71,71,71,71,224,0,3,12.612492142857993,1.640310999846406,187.8708369999913,56.0
1780062528,40,,Aggregated,17.200000,0.000000,160,300,390,510,1100,1600,1700,2200,2600,2600,2600,2782,0,150,316.5241963777848,1.640310999846406,2594.0492990002895,2701.0197699496766
1780062529,40,POST,/api/book,13.200000,0.000000,250,360,460,800,1200,1600,1600,1700,1800,1800,1800,2135,0,210,411.6772346046814,94.7171679999883,2594.0492990002895,3380.4899297423885
1780062529,40,GET,/api/concerts,2.400000,0.000000,3,4,5,31,40,48,62,62,62,62,62,436,0,3,10.505456227069397,2.083926000068459,214.4420539998464,753.0
1780062529,40,GET,/health,2.100000,0.000000,3,3,3,4,57,71,71,71,71,71,71,224,0,3,12.612492142857993,1.640310999846406,187.8708369999913,56.0
1780062529,40,,Aggregated,17.700000,0.000000,150,280,360,430,1100,1500,1600,1700,1800,1800,1800,2795,0,150,317.11501718640307,1.640310999846406,2594.0492990002895,2704.1853309481216
1780062530,40,POST,/api/book,13.200000,0.000000,300,390,800,970,1400,1600,1700,1700,1800,1800,1800,2149,0,210,414.299885565377,94.7171679999883,2594.0492990002895,3380.456491391345
1780062530,40,GET,/api/concerts,2.400000,0.000000,3,4,31,36,48,57,62,62,62,62,62,440,0,3,10.558420652279727,2.083926000068459,214.4420539998464,753.0
1780062530,40,GET,/health,2.100000,0.000000,3,3,3,4,57,71,71,71,71,71,71,224,0,3,12.612492142857993,1.640310999846406,187.8708369999913,56.0
1780062530,40,,Aggregated,17.700000,0.000000,160,310,410,590,1200,1600,1700,1700,1800,1800,1800,2813,0,150,319.16152058549505,1.640310999846406,2594.0492990002895,2704.75115535016
1780062531,40,POST,/api/book,12.900000,0.000000,260,410,890,1000,1400,1600,1700,1700,1800,1800,1800,2167,0,210,414.26883328333844,94.7171679999883,2594.0492990002895,3380.416705122289
1780062531,40,GET,/api/concerts,2.500000,0.000000,3,4,36,40,50,57,62,62,62,62,62,442,0,3,10.630622574667562,2.083926000068459,214.4420539998464,753.0
1780062531,40,GET,/health,2.200000,0.000000,3,3,4,28,57,71,71,71,71,71,71,224,0,3,12.612492142857993,1.640310999846406,187.8708369999913,56.0
1780062531,40,,Aggregated,17.600000,0.000000,160,320,430,880,1200,1600,1700,1700,1800,1800,1800,2833,0,150,319.5356495386505,1.640310999846406,2594.0492990002895,2707.636074832333
1780062532,40,POST,/api/book,12.700000,0.000000,300,430,880,1000,1300,1600,1700,1700,1800,1800,1800,2177,0,210,414.05226613872,94.7171679999883,2594.0492990002895,3380.4083601286175
1780062532,40,GET,/api/concerts,2.400000,0.000000,3,4,36,40,50,57,62,62,62,62,62,445,0,3,10.581792343826523,2.083926000068459,214.4420539998464,753.0
1780062532,40,GET,/health,2.100000,0.000000,3,3,4,28,57,71,71,71,71,71,71,225,0,3,12.567914413333105,1.640310999846406,187.8708369999913,56.0
1780062532,40,,Aggregated,17.200000,0.000000,170,330,500,830,1200,1600,1700,1700,1800,1800,1800,2847,0,150,319.2583286687725,1.640310999846406,2594.0492990002895,2707.001756234633
1780062533,40,POST,/api/book,12.500000,0.000000,260,390,790,900,1100,1300,1700,1700,1700,1700,1700,2191,0,210,414.1171026202621,94.7171679999883,2594.0492990002895,3380.4057507987222
1780062533,40,GET,/api/concerts,2.700000,0.000000,3,4,33,36,50,57,62,62,62,62,62,449,0,3,10.578792948780512,2.083926000068459,214.4420539998464,753.0
1780062533,40,GET,/health,2.000000,0.000000,3,4,28,36,57,71,71,71,71,71,71,227,0,3,12.626227145374047,1.640310999846406,187.8708369999913,56.0
1780062533,40,,Aggregated,17.200000,0.000000,160,310,410,720,1100,1200,1400,1700,1700,1700,1700,2867,0,150,319.1303116278325,1.640310999846406,2594.0492990002895,2705.712591559121
1780062534,40,POST,/api/book,13.600000,0.000000,210,410,820,930,1200,1400,1700,1700,1700,1700,1700,2204,0,210,415.08769079945324,94.7171679999883,2594.0492990002895,3380.3874773139746
1780062534,40,GET,/api/concerts,2.400000,0.000000,3,3,4,4,50,57,57,57,57,57,57,450,0,3,10.560920586672687,2.083926000068459,214.4420539998464,753.0
1780062534,40,GET,/health,1.500000,0.000000,3,17,28,36,57,71,71,71,71,71,71,228,0,3,12.644920118420663,1.640310999846406,187.8708369999913,56.0
1780062534,40,,Aggregated,17.500000,0.000000,160,310,430,820,1100,1300,1400,1700,1700,1700,1700,2882,0,150,320.086303460443,1.640310999846406,2594.0492990002895,2707.1450381679388
1780062535,40,POST,/api/book,13.500000,0.000000,260,410,870,970,1300,1400,1700,1700,1900,1900,1900,2219,0,210,416.90642001757254,94.7171679999883,2594.0492990002895,3380.3713384407392
1780062535,40,GET,/api/concerts,2.600000,0.000000,3,3,4,4,50,57,57,57,57,57,57,450,0,3,10.560920586672687,2.083926000068459,214.4420539998464,753.0
1780062535,40,GET,/health,1.500000,0.000000,4,17,57,57,71,83,83,83,83,83,83,230,0,3,12.907197795651802,1.640310999846406,187.8708369999913,56.0
1780062535,40,,Aggregated,17.600000,0.000000,190,330,450,880,1200,1400,1700,1700,1900,1900,1900,2899,0,150,321.77868774611767,1.640310999846406,2594.0492990002895,2708.7871679889618
1780062536,40,POST,/api/book,13.500000,0.000000,260,410,830,950,1300,1400,1700,1700,1900,1900,1900,2235,0,210,415.58373019239065,94.7171679999883,2594.0492990002895,3380.3722595078298
1780062536,40,GET,/api/concerts,2.600000,0.000000,3,3,4,4,50,57,57,57,57,57,57,451,0,3,10.544241937921615,2.083926000068459,214.4420539998464,753.0
1780062536,40,GET,/health,1.500000,0.000000,17,52,57,57,60,83,83,83,83,83,83,233,0,3,13.285787424891465,1.640310999846406,187.8708369999913,56.0
1780062536,40,,Aggregated,17.600000,0.000000,190,330,450,870,1200,1400,1700,1700,1900,1900,1900,2919,0,150,320.8909484631704,1.640310999846406,2594.0492990002895,2709.072627612196
1780062537,40,POST,/api/book,13.500000,0.000000,280,410,830,940,1300,1400,1700,1700,1900,1900,1900,2250,0,220,415.97531299244093,94.7171679999883,2594.0492990002895,3380.372444444444
1780062537,40,GET,/api/concerts,2.000000,0.000000,3,3,4,4,50,57,57,57,57,57,57,451,0,3,10.544241937921615,2.083926000068459,214.4420539998464,753.0
1780062537,40,GET,/health,1.500000,0.000000,17,36,52,60,83,83,83,83,83,83,83,233,0,3,13.285787424891465,1.640310999846406,187.8708369999913,56.0
1780062537,40,,Aggregated,17.000000,0.000000,210,330,480,870,1200,1400,1700,1700,1900,1900,1900,2934,0,150,321.67535644750967,1.640310999846406,2594.0492990002895,2712.5047716428085
1780062538,40,POST,/api/book,13.500000,0.000000,240,410,870,950,1300,1500,1700,1700,1900,1900,1900,2265,0,220,417.35462882869405,94.7171679999883,2594.0492990002895,3380.433554083885
1780062538,40,GET,/api/concerts,2.000000,0.000000,3,4,4,32,50,57,57,57,57,57,57,453,0,3,10.575878721860734,2.083926000068459,214.4420539998464,753.0
1780062538,40,GET,/health,1.500000,0.000000,17,29,52,52,60,83,83,83,83,83,83,235,0,3,13.307847740425325,1.640310999846406,187.8708369999913,56.0
1780062538,40,,Aggregated,17.000000,0.000000,200,330,720,880,1300,1500,1700,1700,1900,1900,1900,2953,0,150,322.7993401886196,1.640310999846406,2594.0492990002895,2712.8178123941752
1780062539,40,POST,/api/book,14.100000,0.000000,230,360,790,870,1100,1400,1600,1600,1900,1900,1900,2276,0,220,416.47270726054177,94.7171679999883,2594.0492990002895,3380.4718804920913
1780062539,40,GET,/api/concerts,1.900000,0.000000,3,4,4,4,33,50,50,50,50,50,50,456,0,3,10.524095907900925,2.083926000068459,214.4420539998464,753.0
1780062539,40,GET,/health,1.500000,0.000000,17,29,52,52,60,83,83,83,83,83,83,236,0,3,13.263571635594278,1.640310999846406,187.8708369999913,56.0
1780062539,40,,Aggregated,17.500000,0.000000,200,320,410,800,1100,1400,1500,1600,1900,1900,1900,2968,0,150,322.04214028470176,1.640310999846406,2594.0492990002895,2712.4454177897574
1780062540,40,POST,/api/book,14.300000,0.000000,230,360,450,830,1100,1400,1600,1600,1900,1900,1900,2288,0,220,415.3301367875846,94.7171679999883,2594.0492990002895,3380.4558566433566
1780062540,40,GET,/api/concerts,1.700000,0.000000,3,4,4,4,33,43,43,43,43,43,43,458,0,3,10.577304403936004,2.083926000068459,214.4420539998464,753.0
1780062540,40,GET,/health,1.100000,0.000000,15,29,36,52,60,83,83,83,83,83,83,237,0,3,13.217084274261644,1.640310999846406,187.8708369999913,56.0
1780062540,40,,Aggregated,17.100000,0.000000,190,310,370,480,1000,1400,1600,1600,1900,1900,1900,2983,0,150,321.23774970164095,1.640310999846406,2594.0492990002895,2712.9161917532683
1780062541,40,POST,/api/book,14.200000,0.000000,250,360,480,830,1100,1400,1600,1600,1900,1900,1900,2300,0,220,415.2302319352146,94.7171679999883,2594.0492990002895,3380.5421739130434
1780062541,40,GET,/api/concerts,2.000000,0.000000,3,3,32,32,43,70,70,70,70,70,70,461,0,3,10.671048301524646,2.083926000068459,214.4420539998464,753.0
1780062541,40,GET,/health,1.200000,0.000000,15,29,36,52,60,83,83,83,83,83,83,238,0,3,13.172377630251564,1.640310999846406,187.8708369999913,56.0
1780062541,40,,Aggregated,17.400000,0.000000,200,320,390,480,950,1400,1500,1600,1900,1900,1900,2999,0,150,321.135015869955,1.640310999846406,2594.0492990002895,2712.806935645215
1780062542,40,POST,/api/book,13.900000,0.000000,240,360,480,830,1300,1600,2100,2100,2300,2300,2300,2312,0,220,417.31384203200423,94.7171679999883,2594.0492990002895,3380.5151384083047
1780062542,40,GET,/api/concerts,1.800000,0.000000,3,3,32,32,43,70,70,70,70,70,70,461,0,3,10.671048301524646,2.083926000068459,214.4420539998464,753.0
1780062542,40,GET,/health,1.300000,0.000000,15,29,34,52,60,83,83,83,83,83,83,240,0,3,13.241605916666307,1.640310999846406,187.8708369999913,56.0
1780062542,40,,Aggregated,17.000000,0.000000,210,320,390,480,1100,1500,2100,2100,2300,2300,2300,3013,0,150,322.909705099567,1.640310999846406,2594.0492990002895,2713.682044473946
1780062543,40,POST,/api/book,13.000000,0.000000,290,360,550,910,1600,2100,2300,2400,2500,2500,2500,2331,0,220,422.90234679793883,93.34806900005788,2594.0492990002895,3380.4821964821963
1780062543,40,GET,/api/concerts,1.900000,0.000000,3,3,32,32,43,70,70,70,70,70,70,461,0,3,10.671048301524646,2.083926000068459,214.4420539998464,753.0
1780062543,40,GET,/health,1.400000,0.000000,10,29,34,52,60,83,83,83,83,83,83,241,0,3,13.226169033193752,1.640310999846406,187.8708369999913,56.0
1780062543,40,,Aggregated,16.300000,0.000000,230,330,450,640,1500,2100,2300,2400,2500,2500,2500,3033,0,150,327.692789446092,1.640310999846406,2594.0492990002895,2716.9577975601715
1780062544,40,POST,/api/book,13.400000,0.000000,240,360,470,640,1500,2100,2300,2400,2500,2500,2500,2342,0,220,421.99163511613864,93.34806900005788,2594.0492990002895,3380.4816396242527
1780062544,40,GET,/api/concerts,1.600000,0.000000,3,3,4,32,43,70,70,70,70,70,70,463,0,3,10.636481704111226,2.083926000068459,214.4420539998464,753.0
1780062544,40,GET,/health,1.500000,0.000000,10,15,29,34,52,60,60,60,60,60,60,244,0,3,13.142554459013585,1.640310999846406,187.8708369999913,56.0
1780062544,40,,Aggregated,16.500000,0.000000,200,300,390,470,1400,2100,2300,2400,2500,2500,2500,3049,0,150,326.80743973729034,1.640310999846406,2594.0492990002895,2715.4447359790097
1780062545,40,POST,/api/book,13.900000,0.000000,280,370,500,710,1500,2100,2300,2400,2500,2500,2500,2361,0,220,421.4404393515444,93.34806900005788,2594.0492990002895,3380.482422702245
1780062545,40,GET,/api/concerts,1.200000,0.000000,3,9,32,32,46,70,70,70,70,70,70,466,0,3,10.734388173827528,2.083926000068459,214.4420539998464,753.0
1780062545,40,GET,/health,1.400000,0.000000,10,15,29,34,52,60,60,60,60,60,60,244,0,3,13.142554459013585,1.640310999846406,187.8708369999913,56.0
1780062545,40,,Aggregated,16.500000,0.000000,210,350,420,550,1400,2100,2300,2400,2500,2500,2500,3071,0,150,326.67856902832887,1.640310999846406,2594.0492990002895,2717.642787365679
1780062546,40,POST,/api/book,13.800000,0.000000,280,390,550,710,1500,2100,2300,2400,2500,2500,2500,2373,0,220,421.6513750471961,93.34806900005788,2594.0492990002895,3380.4989464812475
1780062546,40,GET,/api/concerts,1.300000,0.000000,3,9,22,32,46,70,70,70,70,70,70,468,0,3,10.699406017103225,2.083926000068459,214.4420539998464,753.0
1780062546,40,GET,/health,1.600000,0.000000,4,9,14,14,29,34,34,34,34,34,34,245,0,3,13.106032546936465,1.640310999846406,187.8708369999913,56.0
1780062546,40,,Aggregated,16.700000,0.000000,200,350,420,550,1400,2100,2300,2400,2500,2500,2500,3086,0,150,326.89468988237167,1.640310999846406,2594.0492990002895,2718.097213220998
1780062547,40,POST,/api/book,14.200000,0.000000,280,370,460,550,1500,2100,2300,2400,2500,2500,2500,2385,0,220,420.8868693501031,93.34806900005788,2594.0492990002895,3380.4444444444443
1780062547,40,GET,/api/concerts,1.600000,0.000000,3,3,9,22,46,70,70,70,70,70,70,470,0,3,10.6662815000086,2.083926000068459,214.4420539998464,753.0
1780062547,40,GET,/health,1.400000,0.000000,4,9,10,14,17,34,34,34,34,34,34,248,0,3,13.047200806448883,1.640310999846406,187.8708369999913,56.0
1780062547,40,,Aggregated,17.200000,0.000000,200,330,380,460,890,2100,2300,2400,2500,2500,2500,3103,0,150,326.1566359990326,1.640310999846406,2594.0492990002895,2716.776667740896
1780062548,40,POST,/api/book,13.500000,0.000000,280,380,550,710,1500,2100,2300,2400,2500,2500,2500,2398,0,220,422.76535226146564,93.34806900005788,2594.0492990002895,3380.4261884904085
1780062548,40,GET,/api/concerts,1.700000,0.000000,3,17,22,43,52,70,70,70,70,70,70,473,0,3,10.751152845674431,2.083926000068459,214.4420539998464,753.0
1780062548,40,GET,/health,1.200000,0.000000,3,5,10,14,34,49,49,49,49,49,49,255,0,3,12.94196092156591,1.640310999846406,187.8708369999913,56.0
1780062548,40,,Aggregated,16.400000,0.000000,200,330,410,540,1500,2100,2300,2400,2500,2500,2500,3126,0,150,326.99194179590427,1.640310999846406,2594.0492990002895,2711.6797824696096
1780062549,40,POST,/api/book,13.500000,0.000000,320,410,640,800,1700,2100,2300,2400,2500,2500,2500,2412,0,220,422.94662461691337,93.34806900005788,2594.0492990002895,3380.376451077944
1780062549,40,GET,/api/concerts,1.800000,0.000000,3,9,22,22,52,70,70,70,70,70,70,474,0,3,10.743401278489992,2.083926000068459,214.4420539998464,753.0
1780062549,40,GET,/health,1.400000,0.000000,3,5,10,14,34,49,49,49,49,49,49,255,0,3,12.94196092156591,1.640310999846406,187.8708369999913,56.0
1780062549,40,,Aggregated,16.700000,0.000000,200,360,430,600,1500,2100,2300,2400,2500,2500,2500,3141,0,150,327.45617026965857,1.640310999846406,2594.0492990002895,2713.9987265202167
1780062550,40,POST,/api/book,13.100000,0.000000,290,400,600,790,1700,2100,2300,2400,2500,2500,2500,2418,0,220,422.35275057154473,93.34806900005788,2594.0492990002895,3380.4143920595534
1780062550,40,GET,/api/concerts,2.000000,0.000000,3,9,21,22,52,70,70,70,70,70,70,478,0,3,10.716116104611684,2.083926000068459,214.4420539998464,753.0
1780062550,40,GET,/health,1.900000,0.000000,3,5,10,14,34,49,49,49,49,49,49,256,0,3,12.900324605466196,1.640310999846406,187.8708369999913,56.0
1780062550,40,,Aggregated,17.000000,0.000000,190,350,420,550,1500,2100,2300,2400,2500,2500,2500,3152,0,150,326.67314006313376,1.640310999846406,2594.0492990002895,2711.964467005076
1780062551,40,POST,/api/book,13.500000,0.000000,320,400,540,740,1500,1800,2300,2400,2500,2500,2500,2435,0,220,422.7619856899366,93.34806900005788,2594.0492990002895,3380.4455852156057
1780062551,40,GET,/api/concerts,1.800000,0.000000,3,7,17,21,46,52,52,52,52,52,52,479,0,3,10.699438668068177,2.083926000068459,214.4420539998464,753.0
1780062551,40,GET,/health,1.900000,0.000000,3,5,10,14,49,71,71,71,71,71,71,257,0,3,13.12802346692408,1.640310999846406,187.8708369999913,56.0
1780062551,40,,Aggregated,17.200000,0.000000,180,360,410,510,1400,1800,2200,2400,2500,2500,2500,3171,0,150,327.3176815856192,1.640310999846406,2594.0492990002895,2714.1166824345632
1780062552,40,POST,/api/book,12.900000,0.000000,320,400,550,790,1500,1800,1900,1900,2100,2100,2100,2448,0,220,427.11215132720423,93.34806900005788,2594.0492990002895,3380.462826797386
1780062552,40,GET,/api/concerts,2.000000,0.000000,3,7,17,21,46,52,52,52,52,52,52,480,0,3,10.683061745842792,2.083926000068459,214.4420539998464,753.0
1780062552,40,GET,/health,1.900000,0.000000,3,4,14,17,71,130,130,130,130,130,130,261,0,3,13.46062371264323,1.640310999846406,187.8708369999913,56.0
1780062552,40,,Aggregated,16.800000,0.000000,170,350,410,510,1400,1700,1900,1900,2100,2100,2100,3189,0,150,330.5774972957037,1.640310999846406,2594.0492990002895,2712.8971464408905
1780062553,40,POST,/api/book,13.600000,0.000000,330,410,600,790,1500,1800,1900,1900,2100,2100,2100,2459,0,220,426.18466466368255,93.34806900005788,2594.0492990002895,3380.4396095973975
1780062553,40,GET,/api/concerts,1.800000,0.000000,3,7,17,21,46,52,52,52,52,52,52,481,0,3,10.666830891901846,2.083926000068459,214.4420539998464,753.0
1780062553,40,GET,/health,1.900000,0.000000,3,3,5,14,49,71,130,130,130,130,130,263,0,3,13.377424653991017,1.640310999846406,187.8708369999913,56.0
1780062553,40,,Aggregated,17.300000,0.000000,170,360,410,550,1400,1700,1900,1900,2100,2100,2100,3203,0,150,329.8898216518886,1.640310999846406,2594.0492990002895,2712.901030284109
1780062554,40,POST,/api/book,13.500000,0.000000,270,400,490,740,1500,1800,1900,1900,2100,2100,2100,2478,0,220,424.90434746488876,93.34806900005788,2594.0492990002895,3380.499596448749
1780062554,40,GET,/api/concerts,1.900000,0.000000,3,3,8,8,21,52,52,52,52,52,52,482,0,3,10.66156631951246,2.083926000068459,214.4420539998464,753.0
1780062554,40,GET,/health,2.100000,0.000000,3,3,4,5,49,71,130,130,130,130,130,265,0,3,13.296231626414086,1.640310999846406,187.8708369999913,56.0
1780062554,40,,Aggregated,17.500000,0.000000,160,330,400,470,1400,1700,1900,1900,2100,2100,2100,3225,0,150,329.170650965891,1.640310999846406,2594.0492990002895,2714.624496124031
1780062555,40,POST,/api/book,12.800000,0.000000,250,400,470,690,1500,1800,1900,1900,2100,2100,2100,2488,0,220,425.10723302371144,93.34806900005788,2594.0492990002895,3380.495578778135
1780062555,40,GET,/api/concerts,2.000000,0.000000,3,7,8,17,21,52,52,52,52,52,52,483,0,3,10.653896198767653,2.083926000068459,214.4420539998464,753.0
1780062555,40,GET,/health,2.200000,0.000000,3,4,17,39,54,71,130,130,130,130,130,268,0,3,13.509799641790561,1.640310999846406,187.8708369999913,56.0
1780062555,40,,Aggregated,17.000000,0.000000,160,300,400,440,1400,1700,1900,1900,2100,2100,2100,3239,0,150,329.24768568416124,1.640310999846406,2594.0492990002895,2713.609138623032
1780062556,40,POST,/api/book,13.500000,0.000000,280,410,710,1400,1600,1800,1900,1900,2100,2100,2100,2506,0,220,427.73224441659823,93.34806900005788,2594.0492990002895,3380.5267358339984
1780062556,40,GET,/api/concerts,1.900000,0.000000,3,7,8,17,38,52,52,52,52,52,52,487,0,3,10.66132909857252,2.083926000068459,214.4420539998464,753.0
1780062556,40,GET,/health,2.100000,0.000000,3,3,17,39,54,71,130,130,130,130,130,270,0,3,13.427312099998677,1.640310999846406,187.8708369999913,56.0
1780062556,40,,Aggregated,17.500000,0.000000,160,320,420,650,1500,1700,1900,1900,2100,2100,2100,3263,0,160,331.2027110162425,1.640310999846406,2594.0492990002895,2713.2794973950354
1780062557,40,POST,/api/book,12.600000,0.000000,280,410,690,980,1600,1800,1900,1900,2100,2100,2100,2515,0,220,427.78197503657873,93.34806900005788,2594.0492990002895,3380.555467196819
1780062557,40,GET,/api/concerts,1.700000,0.000000,3,3,7,8,21,38,38,38,38,38,38,488,0,3,10.646213891403313,2.083926000068459,214.4420539998464,753.0
1780062557,40,GET,/health,2.400000,0.000000,3,4,39,54,71,130,130,130,130,130,130,273,0,3,13.56160554578576,1.640310999846406,187.8708369999913,56.0
1780062557,40,,Aggregated,16.700000,0.000000,160,330,430,650,1500,1700,1900,1900,2100,2100,2100,3276,0,150,331.12617152319893,1.640310999846406,2594.0492990002895,2712.102869352869
1780062558,40,POST,/api/book,13.500000,0.000000,250,430,650,860,1500,1800,1900,1900,2100,2100,2100,2528,0,220,427.424862499207,93.34806900005788,2594.0492990002895,3380.5446993670885
1780062558,40,GET,/api/concerts,1.800000,0.000000,3,3,7,7,21,38,38,38,38,38,38,490,0,3,10.616119842867118,2.083926000068459,214.4420539998464,753.0
1780062558,40,GET,/health,2.500000,0.000000,3,4,39,54,71,130,130,130,130,130,130,274,0,3,13.523738109488079,1.640310999846406,187.8708369999913,56.0
1780062558,40,,Aggregated,17.800000,0.000000,170,320,450,570,1400,1700,1900,1900,2100,2100,2100,3292,0,160,330.93482848207765,1.640310999846406,2594.0492990002895,2712.737241798299
1780062559,40,POST,/api/book,13.000000,0.000000,300,490,690,900,1500,1800,1900,1900,2100,2100,2100,2546,0,220,427.8004155247432,93.34806900005788,2594.0492990002895,3380.664964650432
1780062559,40,GET,/api/concerts,1.900000,0.000000,3,7,8,12,38,53,53,53,53,53,53,492,0,3,10.705190934968376,2.083926000068459,214.4420539998464,753.0
1780062559,40,GET,/health,2.500000,0.000000,3,36,41,54,71,130,130,130,130,130,130,276,0,3,13.704495684781092,1.640310999846406,187.8708369999913,56.0
1780062559,40,,Aggregated,17.400000,0.000000,170,390,510,690,1400,1700,1900,1900,2100,2100,2100,3314,0,160,331.39084269010255,1.640310999846406,2594.0492990002895,2713.6707905853955
1780062560,40,POST,/api/book,13.100000,0.000000,240,470,690,860,1500,1800,1900,1900,2100,2100,2100,2557,0,220,426.82855204340854,93.34806900005788,2594.0492990002895,3380.756746186938
1780062560,40,GET,/api/concerts,1.700000,0.000000,3,7,8,12,38,53,53,53,53,53,53,492,0,3,10.705190934968376,2.083926000068459,214.4420539998464,753.0
1780062560,40,GET,/health,2.000000,0.000000,3,6,39,41,68,130,130,130,130,130,130,276,0,3,13.704495684781092,1.640310999846406,187.8708369999913,56.0
1780062560,40,,Aggregated,16.800000,0.000000,170,330,500,670,1400,1700,1900,1900,2100,2100,2100,3325,0,160,330.96240671398476,1.640310999846406,2594.0492990002895,2715.9479699248122
1780062561,40,POST,/api/book,13.200000,0.000000,190,400,500,660,960,1400,1600,1600,1800,1800,1800,2569,0,220,426.17792980186687,93.34806900005788,2594.0492990002895,3380.784351887894
1780062561,40,GET,/api/concerts,1.700000,0.000000,3,7,12,21,52,53,53,53,53,53,53,498,0,3,10.745323339366573,2.083926000068459,214.4420539998464,753.0
1780062561,40,GET,/health,2.100000,0.000000,3,6,39,41,54,68,68,68,68,68,68,276,0,3,13.704495684781092,1.640310999846406,187.8708369999913,56.0
1780062561,40,,Aggregated,17.000000,0.000000,160,240,420,490,900,1400,1500,1600,1800,1800,1800,3343,0,160,330.2377246464253,1.640310999846406,2594.0492990002895,2714.8324857912057
1780062562,40,POST,/api/book,13.700000,0.000000,240,420,600,720,1400,1600,2000,2100,2100,2100,2100,2584,0,220,428.5702516478316,93.34806900005788,2594.0492990002895,3380.780185758514
1780062562,40,GET,/api/concerts,1.400000,0.000000,3,7,12,21,52,53,53,53,53,53,53,499,0,3,10.729285987985394,2.083926000068459,214.4420539998464,753.0
1780062562,40,GET,/health,2.000000,0.000000,6,39,41,54,68,320,320,320,320,320,320,277,0,3,14.822106321297648,1.640310999846406,323.28264199986734,56.0
1780062562,40,,Aggregated,17.100000,0.000000,170,320,470,600,980,1600,1800,2100,2100,2100,2100,3360,0,160,332.4062998264883,1.640310999846406,2594.0492990002895,2716.4270833333335
1780062563,40,POST,/api/book,13.500000,0.000000,210,490,720,960,1400,1700,2000,2100,2100,2100,2100,2601,0,220,429.63467672818035,93.34806900005788,2594.0492990002895,3380.777008842753
1780062563,40,GET,/api/concerts,1.600000,0.000000,3,12,28,38,53,56,69,69,69,69,69,503,0,3,10.95492270577477,2.083926000068459,214.4420539998464,753.0
1780062563,40,GET,/health,1.900000,0.000000,6,39,41,54,68,320,320,320,320,320,320,278,0,3,14.777453827334591,1.640310999846406,323.28264199986734,56.0
1780062563,40,,Aggregated,17.000000,0.000000,160,330,570,720,1400,1600,1800,2100,2100,2100,2100,3382,0,160,333.2638239074515,1.640310999846406,2594.0492990002895,2716.655233589592
1780062564,40,POST,/api/book,13.600000,0.000000,210,440,720,950,1400,1700,2000,2100,2100,2100,2100,2612,0,220,428.9454472285596,93.34806900005788,2594.0492990002895,3380.7955589586522
1780062564,40,GET,/api/concerts,1.900000,0.000000,3,12,28,38,53,56,69,69,69,69,69,505,0,3,10.921797855455297,2.083926000068459,214.4420539998464,753.0
1780062564,40,GET,/health,1.600000,0.000000,3,6,36,41,68,320,320,320,320,320,320,283,0,3,14.579113625440389,1.640310999846406,323.28264199986734,56.0
1780062564,40,,Aggregated,17.100000,0.000000,170,300,490,720,1300,1600,1800,2100,2100,2100,2100,3400,0,160,332.3667368335301,1.640310999846406,2594.0492990002895,2713.750294117647
1780062565,40,POST,/api/book,13.800000,0.000000,190,400,560,720,1000,1700,2000,2100,2100,2100,2100,2623,0,220,428.0658556930981,93.34806900005788,2594.0492990002895,3380.7971788028976
1780062565,40,GET,/api/concerts,2.200000,0.000000,3,12,28,52,56,69,69,69,69,69,69,506,0,3,10.90527394862677,2.083926000068459,214.4420539998464,753.0
1780062565,40,GET,/health,1.500000,0.000000,3,7,36,41,68,320,320,320,320,320,320,283,0,3,14.579113625440389,1.640310999846406,323.28264199986734,56.0
1780062565,40,,Aggregated,17.500000,0.000000,160,220,420,500,960,1400,1800,2100,2100,2100,2100,3412,0,160,331.905245385991,1.640310999846406,2594.0492990002895,2715.3273739742085
1780062566,40,POST,/api/book,13.400000,0.000000,190,400,580,770,1100,1500,2000,2100,2100,2100,2100,2635,0,220,428.7815213502833,93.34806900005788,2594.0492990002895,3380.7248576850093
1780062566,40,GET,/api/concerts,2.300000,0.000000,3,12,28,52,56,69,69,69,69,69,69,507,0,3,10.889017952673058,2.083926000068459,214.4420539998464,753.0
1780062566,40,GET,/health,1.800000,0.000000,3,36,41,41,68,320,320,320,320,320,320,283,0,3,14.579113625440389,1.640310999846406,323.28264199986734,56.0
1780062566,40,,Aggregated,17.500000,0.000000,160,290,430,580,980,1400,1800,2100,2100,2100,2100,3425,0,160,332.69662190248226,1.640310999846406,2594.0492990002895,2717.030364963504
1780062567,40,POST,/api/book,13.600000,0.000000,200,420,600,950,1300,1700,2000,2100,2100,2100,2100,2650,0,220,430.1347176803759,93.34806900005788,2594.0492990002895,3380.7
1780062567,40,GET,/api/concerts,2.300000,0.000000,3,21,28,52,56,69,69,69,69,69,69,507,0,3,10.889017952673058,2.083926000068459,214.4420539998464,753.0
1780062567,40,GET,/health,1.500000,0.000000,3,7,41,41,61,320,320,320,320,320,320,286,0,3,14.658477409090404,1.640310999846406,323.28264199986734,56.0
1780062567,40,,Aggregated,17.400000,0.000000,170,310,440,600,1200,1700,1800,2100,2100,2100,2100,3443,0,160,333.8861627923328,1.640310999846406,2594.0492990002895,2717.5840836479815
1780062568,40,POST,/api/book,12.600000,0.000000,190,400,570,960,1400,1700,2000,2100,2100,2100,2100,2664,0,220,430.741096593092,91.7988780001906,2594.0492990002895,3380.775900900901
1780062568,40,GET,/api/concerts,2.000000,0.000000,3,12,21,28,56,69,69,69,69,69,69,508,0,3,10.872425736231095,2.083926000068459,214.4420539998464,753.0
1780062568,40,GET,/health,1.300000,0.000000,3,7,41,41,61,320,320,320,320,320,320,286,0,3,14.658477409090404,1.640310999846406,323.28264199986734,56.0
1780062568,40,,Aggregated,15.900000,0.000000,170,290,430,580,1300,1700,2000,2100,2100,2100,2100,3458,0,160,334.64713653470295,1.640310999846406,2594.0492990002895,2719.7591093117408
1780062569,40,POST,/api/book,13.500000,0.000000,200,400,580,960,1400,1700,2000,2100,2100,2100,2100,2678,0,220,430.1969533140389,91.7988780001906,2594.0492990002895,3380.7643764002987
1780062569,40,GET,/api/concerts,1.900000,0.000000,3,4,21,28,56,69,69,69,69,69,69,510,0,3,10.8444924039322,2.083926000068459,214.4420539998464,753.0
1780062569,40,GET,/health,1.400000,0.000000,3,3,7,61,320,320,320,320,320,320,320,286,0,3,14.658477409090404,1.640310999846406,323.28264199986734,56.0
1780062569,40,,Aggregated,16.800000,0.000000,170,310,430,580,1300,1700,1800,2100,2100,2100,2100,3474,0,160,334.424426206103,1.640310999846406,2594.0492990002895,2721.28180771445
1780062570,40,POST,/api/book,13.500000,0.000000,230,440,690,1100,1500,1700,2000,2100,2100,2100,2100,2689,0,220,431.471405633319,91.7988780001906,2594.0492990002895,3380.7363332093714
1780062570,40,GET,/api/concerts,1.800000,0.000000,4,21,52,52,69,100,100,100,100,100,100,511,0,3,11.023695268112819,2.083926000068459,214.4420539998464,753.0
1780062570,40,GET,/health,1.200000,0.000000,3,3,3,7,61,320,320,320,320,320,320,289,0,3,14.534483380622143,1.640310999846406,323.28264199986734,56.0
1780062570,40,,Aggregated,16.500000,0.000000,180,340,520,810,1400,1700,2000,2100,2100,2100,2100,3489,0,160,335.3568884284897,1.640310999846406,2594.0492990002895,2720.483519633133
1780062571,40,POST,/api/book,13.300000,0.000000,270,520,1100,1200,1600,1800,1800,1800,1800,1800,1800,2700,0,220,434.1525568011096,91.7988780001906,2594.0492990002895,3380.756296296296
1780062571,40,GET,/api/concerts,1.900000,0.000000,3,5,56,61,75,100,100,100,100,100,100,519,0,3,11.155195965328891,2.083926000068459,214.4420539998464,753.0
1780062571,40,GET,/health,1.000000,0.000000,3,3,3,3,7,61,61,61,61,61,61,289,0,3,14.534483380622143,1.640310999846406,323.28264199986734,56.0
1780062571,40,,Aggregated,16.200000,0.000000,180,400,570,1100,1500,1700,1800,1800,1800,1800,1800,3508,0,160,337.0016863643106,1.640310999846406,2594.0492990002895,2718.0823831242874
1780062572,40,POST,/api/book,13.100000,0.000000,220,430,590,1100,1500,1700,1800,1800,1800,1800,1800,2714,0,220,433.55439622807484,91.7988780001906,2594.0492990002895,3380.72918201916
1780062572,40,GET,/api/concerts,1.900000,0.000000,3,4,4,5,75,100,100,100,100,100,100,522,0,3,11.109022159014303,2.083926000068459,214.4420539998464,753.0
1780062572,40,GET,/health,1.200000,0.000000,3,3,3,3,7,61,61,61,61,61,61,289,0,3,14.534483380622143,1.640310999846406,323.28264199986734,56.0
1780062572,40,,Aggregated,16.200000,0.000000,180,310,490,590,1300,1600,1800,1800,1800,1800,1800,3525,0,160,336.6428387594328,1.640310999846406,2594.0492990002895,2719.0209929078014
1780062573,40,POST,/api/book,12.900000,0.000000,230,460,690,1100,1500,1700,1800,1800,1800,1800,1800,2724,0,220,432.86792923311134,91.7988780001906,2594.0492990002895,3380.7224669603524
1780062573,40,GET,/api/concerts,2.300000,0.000000,3,4,4,5,75,100,100,100,100,100,100,523,0,3,11.093031864255172,2.083926000068459,214.4420539998464,753.0
1780062573,40,GET,/health,1.300000,0.000000,3,3,3,3,7,61,61,61,61,61,61,290,0,3,14.492410934483281,1.640310999846406,323.28264199986734,56.0
1780062573,40,,Aggregated,16.500000,0.000000,170,330,530,690,1300,1600,1800,1800,1800,1800,1800,3537,0,160,336.1992349638116,1.640310999846406,2594.0492990002895,2719.577890867967
1780062574,40,POST,/api/book,12.900000,0.000000,290,520,690,1100,1500,1700,1800,1800,1800,1800,1800,2736,0,220,432.8983256374255,91.7988780001906,2594.0492990002895,3380.7682748538014
1780062574,40,GET,/api/concerts,2.200000,0.000000,3,4,5,6,75,100,100,100,100,100,100,524,0,3,11.084115185125142,2.083926000068459,214.4420539998464,753.0
1780062574,40,GET,/health,1.200000,0.000000,3,3,3,38,61,61,61,61,61,61,61,292,0,3,14.532738530823273,1.640310999846406,323.28264199986734,56.0
1780062574,40,,Aggregated,16.300000,0.000000,180,430,560,690,1300,1600,1800,1800,1800,1800,1800,3552,0,160,336.2785627680188,1.640310999846406,2594.0492990002895,2719.7933558558557
1780062575,40,POST,/api/book,12.600000,0.000000,300,530,980,1200,1700,1800,2100,2300,2400,2400,2400,2754,0,220,436.71741047530696,91.7988780001906,2594.0492990002895,3380.7403776325345
1780062575,40,GET,/api/concerts,2.000000,0.000000,3,4,6,61,75,100,100,100,100,100,100,525,0,3,11.180434272391722,2.083926000068459,214.4420539998464,753.0
1780062575,40,GET,/health,1.200000,0.000000,3,3,3,38,61,61,61,61,61,61,61,293,0,3,14.492859447099248,1.640310999846406,323.28264199986734,56.0
1780062575,40,,Aggregated,15.800000,0.000000,190,430,590,980,1600,1800,2000,2300,2400,2400,2400,3572,0,160,339.5397212374025,1.640310999846406,2594.0492990002895,2721.8062709966407
1780062576,40,POST,/api/book,12.500000,0.000000,310,530,980,1200,1700,1800,2100,2300,2400,2400,2400,2770,0,220,437.7860377956665,91.7988780001906,2594.0492990002895,3380.767870036101
1780062576,40,GET,/api/concerts,1.900000,0.000000,3,4,6,61,75,100,100,100,100,100,100,526,0,3,11.163834931569635,2.083926000068459,214.4420539998464,753.0
1780062576,40,GET,/health,0.900000,0.000000,3,3,3,38,61,61,61,61,61,61,61,293,0,3,14.492859447099248,1.640310999846406,323.28264199986734,56.0
1780062576,40,,Aggregated,15.300000,0.000000,180,460,620,1100,1700,1800,2100,2300,2400,2400,2400,3589,0,160,340.70379205516923,1.640310999846406,2594.0492990002895,2724.216494845361
1780062577,40,POST,/api/book,12.700000,0.000000,290,530,690,1100,1700,1800,2100,2300,2400,2400,2400,2785,0,220,437.18925173321213,91.7988780001906,2594.0492990002895,3380.7763016157987
1780062577,40,GET,/api/concerts,1.900000,0.000000,3,4,5,6,62,75,100,100,100,100,100,529,0,3,11.115535712677415,2.083926000068459,214.4420539998464,753.0
1780062577,40,GET,/health,0.900000,0.000000,3,3,3,3,38,38,38,38,38,38,38,293,0,3,14.492859447099248,1.640310999846406,323.28264199986734,56.0
1780062577,40,,Aggregated,15.500000,0.000000,180,390,590,690,1600,1800,2000,2300,2400,2400,2400,3607,0,160,340.36556481480534,1.640310999846406,2594.0492990002895,2725.313834211256
1780062578,40,POST,/api/book,13.500000,0.000000,290,530,750,1200,1700,1900,2100,2300,2400,2400,2400,2796,0,220,436.8618714549341,91.7988780001906,2594.0492990002895,3380.7571530758228
1780062578,40,GET,/api/concerts,2.000000,0.000000,3,4,6,7,62,75,100,100,100,100,100,532,0,3,11.075939750012504,2.083926000068459,214.4420539998464,753.0
1780062578,40,GET,/health,1.000000,0.000000,3,3,3,25,38,38,38,38,38,38,38,295,0,3,14.487984054237856,1.640310999846406,323.28264199986734,56.0
1780062578,40,,Aggregated,16.500000,0.000000,170,340,610,700,1600,1800,2000,2300,2400,2400,2400,3623,0,160,339.94815010516226,1.640310999846406,2594.0492990002895,2724.1824454871653
1780062579,40,POST,/api/book,13.300000,0.000000,290,510,750,1100,1700,1900,2100,2300,2400,2400,2400,2805,0,220,436.4437150114067,91.7988780001906,2594.0492990002895,3380.767201426025
1780062579,40,GET,/api/concerts,2.100000,0.000000,3,4,6,7,61,62,75,75,75,75,75,533,0,3,11.107592465303183,2.083926000068459,214.4420539998464,753.0
1780062579,40,GET,/health,0.700000,0.000000,3,4,25,25,38,38,38,38,38,38,38,296,0,3,14.451773597973233,1.640310999846406,323.28264199986734,56.0
1780062579,40,,Aggregated,16.100000,0.000000,180,340,610,750,1600,1800,2100,2300,2400,2400,2400,3634,0,160,339.68703697743615,1.640310999846406,2594.0492990002895,2724.5396257567418
1780062580,40,POST,/api/book,13.000000,0.000000,320,530,750,1100,1700,2000,2300,2300,2400,2400,2400,2822,0,220,440.0179185446475,91.7988780001906,2594.0492990002895,3380.755492558469
1780062580,40,GET,/api/concerts,2.400000,0.000000,3,4,5,6,28,62,62,62,62,62,62,536,0,3,11.06290474627991,2.083926000068459,214.4420539998464,753.0
1780062580,40,GET,/health,0.900000,0.000000,3,3,4,25,38,38,38,38,38,38,38,298,0,3,14.371505369129732,1.640310999846406,323.28264199986734,56.0
1780062580,40,,Aggregated,16.300000,0.000000,190,390,640,760,1700,1900,2100,2300,2400,2400,2400,3656,0,160,342.43517277817347,1.640310999846406,2594.0492990002895,2724.504376367615
1780062581,40,POST,/api/book,12.800000,0.000000,330,530,700,830,1700,2000,2300,2300,2400,2400,2400,2831,0,220,440.0811847930041,91.7988780001906,2594.0492990002895,3380.7894736842104
1780062581,40,GET,/api/concerts,2.300000,0.000000,3,4,6,7,54,62,62,62,62,62,62,538,0,3,11.126421143133477,2.083926000068459,214.4420539998464,753.0
1780062581,40,GET,/health,0.900000,0.000000,3,3,4,4,25,38,38,38,38,38,38,300,0,3,14.2928188966683,1.640310999846406,323.28264199986734,56.0
1780062581,40,,Aggregated,16.000000,0.000000,190,390,640,700,1700,1900,2300,2300,2400,2400,2400,3669,0,160,342.3667741599894,1.640310999846406,2594.0492990002895,2723.611065685473
1780062582,40,POST,/api/book,13.600000,0.000000,330,560,780,1100,1700,2000,2300,2300,2400,2400,2400,2848,0,220,440.49698911692207,91.7988780001906,2594.0492990002895,3380.7900280898875
1780062582,40,GET,/api/concerts,2.500000,0.000000,4,6,11,28,54,62,62,62,62,62,62,542,0,3,11.16088806643062,2.083926000068459,214.4420539998464,753.0
1780062582,40,GET,/health,0.800000,0.000000,3,4,25,25,34,38,38,38,38,38,38,301,0,3,14.359744229236837,1.640310999846406,323.28264199986734,56.0
1780062582,40,,Aggregated,16.900000,0.000000,240,410,680,780,1600,1900,2100,2300,2400,2400,2400,3691,0,160,342.7003276483336,1.640310999846406,2594.0492990002895,2723.780005418586
1780062583,40,POST,/api/book,13.100000,0.000000,290,490,750,840,1700,2000,2300,2300,2400,2400,2400,2862,0,220,439.2501599039111,91.7988780001906,2594.0492990002895,3380.756464011181
1780062583,40,GET,/api/concerts,2.000000,0.000000,3,4,7,11,44,54,62,62,62,62,62,546,0,3,11.099440355319397,2.083926000068459,214.4420539998464,753.0
1780062583,40,GET,/health,1.100000,0.000000,3,4,25,25,34,38,38,38,38,38,38,303,0,3,14.357549462046736,1.640310999846406,323.28264199986734,56.0
1780062583,40,,Aggregated,16.200000,0.000000,190,330,560,750,1600,1900,2100,2300,2400,2400,2400,3711,0,160,341.5641577919692,1.640310999846406,2594.0492990002895,2722.6707087038535
1780062584,40,POST,/api/book,13.400000,0.000000,290,450,680,810,1500,1800,2100,2300,2300,2300,2300,2874,0,220,438.6867503399422,91.7988780001906,2594.0492990002895,3380.7633959638133
1780062584,40,GET,/api/concerts,2.000000,0.000000,3,4,5,11,28,44,54,54,54,54,54,550,0,3,11.065530887281056,2.083926000068459,214.4420539998464,753.0
1780062584,40,GET,/health,1.200000,0.000000,3,4,25,25,25,34,34,34,34,34,34,303,0,3,14.357549462046736,1.640310999846406,323.28264199986734,56.0
1780062584,40,,Aggregated,16.600000,0.000000,170,330,490,640,1300,1700,2000,2300,2300,2300,2300,3727,0,160,341.08454519774574,1.640310999846406,2594.0492990002895,2722.6809766568285
1780062585,40,POST,/api/book,13.500000,0.000000,270,390,560,680,1100,1400,1900,2000,2300,2300,2300,2893,0,220,438.29179529864996,91.7988780001906,2594.0492990002895,3380.8129968890426
1780062585,40,GET,/api/concerts,2.200000,0.000000,3,4,7,16,40,44,54,54,54,54,54,551,0,3,11.118919647921679,2.083926000068459,214.4420539998464,753.0
1780062585,40,GET,/health,1.300000,0.000000,3,4,25,25,25,34,34,34,34,34,34,303,0,3,14.357549462046736,1.640310999846406,323.28264199986734,56.0
1780062585,40,,Aggregated,17.000000,0.000000,170,310,420,540,830,1300,1800,2000,2300,2300,2300,3747,0,160,341.1942957064316,1.640310999846406,2594.0492990002895,2725.530557779557
1780062586,40,POST,/api/book,13.900000,0.000000,270,360,530,640,1100,1400,1900,2000,2300,2300,2300,2904,0,220,437.4642237803011,91.7988780001906,2594.0492990002895,3380.775137741047
1780062586,40,GET,/api/concerts,2.500000,0.000000,3,5,11,16,40,44,54,54,54,54,54,554,0,3,11.122066942247631,2.083926000068459,214.4420539998464,753.0
1780062586,40,GET,/health,1.100000,0.000000,3,4,25,25,25,34,34,34,34,34,34,305,0,3,14.312097983607512,1.640310999846406,323.28264199986734,56.0
1780062586,40,,Aggregated,17.500000,0.000000,170,300,390,490,830,1400,1800,2000,2300,2300,2300,3763,0,160,340.3993943207546,1.640310999846406,2594.0492990002895,2724.4254584108426
1780062587,40,POST,/api/book,13.800000,0.000000,250,390,540,750,1000,1400,1900,2000,2300,2300,2300,2924,0,220,437.2285781077273,91.7988780001906,2594.0492990002895,3380.7414500683994
1780062587,40,GET,/api/concerts,2.600000,0.000000,3,4,16,28,40,44,54,54,54,54,54,556,0,3,11.090541276986913,2.083926000068459,214.4420539998464,753.0
1780062587,40,GET,/health,1.100000,0.000000,3,4,25,25,25,34,34,34,34,34,34,305,0,3,14.312097983607512,1.640310999846406,323.28264199986734,56.0
1780062587,40,,Aggregated,17.500000,0.000000,180,310,410,540,880,1300,1800,2000,2300,2300,2300,3785,0,160,340.5516230441213,1.640310999846406,2594.0492990002895,2726.825891677675
1780062588,40,POST,/api/book,13.700000,0.000000,270,400,560,750,1100,1400,1900,2000,2300,2300,2300,2930,0,220,437.0682759078479,91.7988780001906,2594.0492990002895,3380.7511945392494
1780062588,40,GET,/api/concerts,2.600000,0.000000,3,4,5,16,42,44,54,54,54,54,54,562,0,3,11.071114590755295,2.083926000068459,214.4420539998464,753.0
1780062588,40,GET,/health,1.200000,0.000000,3,4,25,25,27,34,34,34,34,34,34,307,0,3,14.315919758958795,1.640310999846406,323.28264199986734,56.0
1780062588,40,,Aggregated,17.500000,0.000000,160,300,410,540,880,1300,1800,2000,2300,2300,2300,3799,0,160,339.88602321031817,1.640310999846406,2594.0492990002895,2723.3427217688863
1780062589,40,POST,/api/book,13.800000,0.000000,240,340,460,730,890,1300,1800,1800,1900,1900,1900,2935,0,220,438.7215890354323,91.7988780001906,2594.0492990002895,3380.757069846678
1780062589,40,GET,/api/concerts,2.800000,0.000000,3,4,11,16,42,44,54,54,54,54,54,564,0,3,11.041183530149747,2.083926000068459,214.4420539998464,753.0
1780062589,40,GET,/health,1.200000,0.000000,3,3,12,25,27,34,34,34,34,34,34,309,0,3,14.239539504854978,1.640310999846406,323.28264199986734,56.0
1780062589,40,,Aggregated,17.800000,0.000000,150,270,340,420,840,1200,1400,1800,1900,1900,1900,3808,0,160,340.9335895580351,1.640310999846406,2594.0492990002895,2721.7746848739494
1780062590,40,POST,/api/book,13.800000,0.000000,240,330,540,750,1200,1500,1800,1900,2000,2000,2000,2957,0,220,440.00100494216906,91.7988780001906,2594.0492990002895,3380.693946567467
1780062590,40,GET,/api/concerts,2.800000,0.000000,3,4,11,11,40,44,78,78,78,78,78,569,0,3,11.119258555367507,2.083926000068459,214.4420539998464,753.0
1780062590,40,GET,/health,1.200000,0.000000,3,12,25,27,34,34,34,34,34,34,34,309,0,3,14.239539504854978,1.640310999846406,323.28264199986734,56.0
1780062590,40,,Aggregated,17.800000,0.000000,170,270,340,460,890,1400,1800,1900,2000,2000,2000,3835,0,160,342.06254170508413,1.640310999846406,2594.0492990002895,2722.939504563233
1780062591,40,POST,/api/book,12.800000,0.000000,210,310,420,590,930,1500,1800,1900,2000,2000,2000,2966,0,220,439.35731099898646,91.7988780001906,2594.0492990002895,3380.7157788267027
1780062591,40,GET,/api/concerts,3.100000,0.000000,3,3,5,16,42,44,78,78,78,78,78,571,0,3,11.089201169884314,2.083926000068459,214.4420539998464,753.0
1780062591,40,GET,/health,1.400000,0.000000,3,12,25,25,27,27,27,27,27,27,27,309,0,3,14.239539504854978,1.640310999846406,323.28264199986734,56.0
1780062591,40,,Aggregated,17.300000,0.000000,160,260,320,400,880,1400,1800,1900,2000,2000,2000,3846,0,160,341.61875610972373,1.640310999846406,2594.0492990002895,2723.471138845554
1780062592,40,POST,/api/book,13.300000,0.000000,210,320,470,700,1000,1500,1800,1900,2000,2000,2000,2984,0,220,438.79883197318844,91.7988780001906,2594.0492990002895,3380.7664209115283
1780062592,40,GET,/api/concerts,3.300000,0.000000,3,4,11,30,42,74,78,78,78,78,78,575,0,3,11.211812925224796,2.083926000068459,214.4420539998464,753.0
1780062592,40,GET,/health,1.300000,0.000000,3,3,12,25,27,27,27,27,27,27,27,311,0,3,14.16456034083567,1.640310999846406,323.28264199986734,56.0
1780062592,40,,Aggregated,17.900000,0.000000,160,260,350,460,890,1400,1800,1900,2000,2000,2000,3870,0,160,341.14410473023196,1.640310999846406,2594.0492990002895,2723.1519379844963
1780062593,40,POST,/api/book,13.600000,0.000000,200,320,540,770,1100,1600,1800,1900,2000,2000,2000,2989,0,220,438.40575463198206,91.7988780001906,2594.0492990002895,3380.7684844429573
1780062593,40,GET,/api/concerts,3.200000,0.000000,3,4,11,30,42,74,78,78,78,78,78,577,0,3,11.18152305200081,2.083926000068459,214.4420539998464,753.0
1780062593,40,GET,/health,0.900000,0.000000,3,3,12,12,27,27,27,27,27,27,27,311,0,3,14.16456034083567,1.640310999846406,323.28264199986734,56.0
1780062593,40,,Aggregated,17.700000,0.000000,150,220,350,470,900,1400,1800,1900,2000,2000,2000,3877,0,160,340.7922924070152,1.640310999846406,2594.0492990002895,2722.985297910756
1780062594,40,POST,/api/book,13.000000,0.000000,210,390,700,880,1400,1600,1800,1900,2000,2000,2000,3004,0,220,440.1545683715028,91.7988780001906,2594.0492990002895,3380.7276964047937
1780062594,40,GET,/api/concerts,3.300000,0.000000,3,3,4,11,42,74,78,78,78,78,78,580,0,3,11.136945293111271,2.083926000068459,214.4420539998464,753.0
1780062594,40,GET,/health,1.000000,0.000000,3,3,3,12,27,27,27,27,27,27,27,312,0,3,14.12736676923032,1.640310999846406,323.28264199986734,56.0
1780062594,40,,Aggregated,17.300000,0.000000,150,270,400,560,1100,1600,1800,1900,2000,2000,2000,3896,0,160,342.16927363706316,1.640310999846406,2594.0492990002895,2723.284907597536
1780062595,40,POST,/api/book,13.100000,0.000000,210,400,750,910,1400,1600,1800,1900,2000,2000,2000,3016,0,220,439.7633736505287,91.7988780001906,2594.0492990002895,3380.742374005305
1780062595,40,GET,/api/concerts,3.100000,0.000000,3,3,4,11,42,74,78,78,78,78,78,581,0,3,11.179534385549744,2.083926000068459,214.4420539998464,753.0
1780062595,40,GET,/health,0.800000,0.000000,3,3,3,3,12,27,27,27,27,27,27,316,0,3,13.981010398732549,1.640310999846406,323.28264199986734,56.0
1780062595,40,,Aggregated,17.000000,0.000000,150,260,400,730,1100,1600,1800,1900,2000,2000,2000,3913,0,160,341.74281719754606,1.640310999846406,2594.0492990002895,2722.08228980322
1780062596,40,POST,/api/book,12.700000,0.000000,210,420,750,1000,1400,1600,1800,1900,2000,2000,2000,3030,0,220,440.1415207577536,91.7988780001906,2594.0492990002895,3380.716501650165
1780062596,40,GET,/api/concerts,3.000000,0.000000,3,3,4,11,42,74,78,78,78,78,78,586,0,3,11.107910261099423,2.083926000068459,214.4420539998464,753.0
1780062596,40,GET,/health,0.900000,0.000000,3,3,3,3,22,27,27,27,27,27,27,317,0,3,14.006298820188212,1.640310999846406,323.28264199986734,56.0
1780062596,40,,Aggregated,16.600000,0.000000,150,270,420,700,1100,1600,1800,1900,2000,2000,2000,3933,0,160,341.87084669082043,1.640310999846406,2594.0492990002895,2721.2257818459193
1780062597,40,POST,/api/book,12.800000,0.000000,240,390,730,960,1400,1600,1800,1900,2000,2000,2000,3042,0,220,439.2073996009182,91.7988780001906,2594.0492990002895,3380.67094017094
1780062597,40,GET,/api/concerts,2.900000,0.000000,3,4,11,14,42,74,78,78,78,78,78,588,0,3,11.09999026361267,2.083926000068459,214.4420539998464,753.0
1780062597,40,GET,/health,1.300000,0.000000,3,3,3,3,3,22,22,22,22,22,22,319,0,3,13.938154931034079,1.640310999846406,323.28264199986734,56.0
1780062597,40,,Aggregated,17.000000,0.000000,160,260,400,560,1100,1600,1800,1900,2000,2000,2000,3949,0,160,341.1096417533545,1.640310999846406,2594.0492990002895,2720.848062800709
1780062598,40,POST,/api/book,12.400000,0.000000,240,400,750,970,1200,1600,1800,1900,2000,2000,2000,3058,0,220,439.556790965662,91.7988780001906,2594.0492990002895,3380.630477436233
1780062598,40,GET,/api/concerts,3.100000,0.000000,3,4,11,14,58,74,78,78,78,78,78,590,0,3,11.164827928820097,2.083926000068459,214.4420539998464,753.0
1780062598,40,GET,/health,1.200000,0.000000,3,3,3,3,6,22,22,22,22,22,22,320,0,3,13.913632631249584,1.640310999846406,323.28264199986734,56.0
1780062598,40,,Aggregated,16.700000,0.000000,160,280,420,730,1100,1600,1800,1900,2000,2000,2000,3968,0,160,341.53333611214657,1.640310999846406,2594.0492990002895,2721.814012096774
1780062599,40,POST,/api/book,11.800000,0.000000,190,380,660,960,1100,1400,1600,1600,1600,1600,1600,3071,0,220,440.37613991826595,91.7988780001906,2594.0492990002895,3380.58384890915
1780062599,40,GET,/api/concerts,3.200000,0.000000,3,4,11,14,36,58,74,74,74,74,74,593,0,3,11.138566915688633,2.083926000068459,214.4420539998464,753.0
1780062599,40,GET,/health,1.300000,0.000000,3,3,3,6,6,22,22,22,22,22,22,323,0,3,13.818060303405241,1.640310999846406,323.28264199986734,56.0
1780062599,40,,Aggregated,16.300000,0.000000,150,240,390,560,1100,1200,1600,1600,1600,1600,1600,3987,0,160,341.97730858991656,1.640310999846406,2594.0492990002895,2720.4389265111613
1780062600,40,POST,/api/book,12.200000,0.000000,230,400,880,1000,1100,1400,1600,1600,1600,1600,1600,3081,0,220,441.01378078837877,91.7988780001906,2594.0492990002895,3380.6192794547223
1780062600,40,GET,/api/concerts,2.900000,0.000000,4,4,14,18,36,58,74,74,74,74,74,594,0,3,11.150211405730209,2.083926000068459,214.4420539998464,753.0
1780062600,40,GET,/health,1.300000,0.000000,3,3,3,5,6,22,22,22,22,22,22,326,0,3,13.724192972391572,1.640310999846406,323.28264199986734,56.0
1780062600,40,,Aggregated,16.400000,0.000000,150,250,400,750,1100,1400,1600,1600,1600,1600,1600,4001,0,160,342.379597873781,1.640310999846406,2594.0492990002895,2719.626593351662
1780062601,40,POST,/api/book,13.500000,0.000000,240,400,880,1000,1100,1400,1600,1600,1600,1600,1600,3094,0,220,440.3495303823519,91.7988780001906,2594.0492990002895,3380.5833872010344
1780062601,40,GET,/api/concerts,2.800000,0.000000,3,4,11,14,32,36,58,58,58,58,58,596,0,3,11.125133515107464,2.083926000068459,214.4420539998464,753.0
1780062601,40,GET,/health,1.200000,0.000000,3,3,5,6,22,26,26,26,26,26,26,328,0,3,13.726672448169166,1.640310999846406,323.28264199986734,56.0
1780062601,40,,Aggregated,17.500000,0.000000,160,280,400,750,1100,1400,1600,1600,1600,1600,1600,4018,0,160,341.8552451819313,1.640310999846406,2594.0492990002895,2719.4328023892485
1780062602,40,POST,/api/book,12.300000,0.000000,240,390,750,970,1100,1400,1600,1600,1600,1600,1600,3108,0,220,439.79380120527543,91.7988780001906,2594.0492990002895,3380.5698198198197
1780062602,40,GET,/api/concerts,2.400000,0.000000,4,5,14,14,18,36,58,58,58,58,58,598,0,3,11.13829949499069,2.083926000068459,214.4420539998464,753.0
1780062602,40,GET,/health,1.500000,0.000000,3,5,6,6,26,52,52,52,52,52,52,330,0,3,13.818812824241501,1.640310999846406,323.28264199986734,56.0
1780062602,40,,Aggregated,16.200000,0.000000,160,280,390,710,1100,1300,1600,1600,1600,1600,1600,4036,0,160,341.4519438741328,1.640310999846406,2594.0492990002895,2719.421456888008
1780062603,40,POST,/api/book,12.700000,0.000000,200,370,580,730,1100,1300,1400,1500,1600,1600,1600,3118,0,220,439.4516590163553,91.7988780001906,2594.0492990002895,3380.5795381654907
1780062603,40,GET,/api/concerts,2.400000,0.000000,4,14,15,16,36,43,58,58,58,58,58,601,0,3,11.18391625291958,2.083926000068459,214.4420539998464,753.0
1780062603,40,GET,/health,1.900000,0.000000,3,6,6,12,26,52,52,52,52,52,52,331,0,3,13.812520746222235,1.640310999846406,323.28264199986734,56.0
1780062603,40,,Aggregated,17.000000,0.000000,160,240,370,570,1000,1200,1400,1500,1600,1600,1600,4050,0,160,341.1120372464197,1.640310999846406,2594.0492990002895,2718.947160493827
1780062604,40,POST,/api/book,12.800000,0.000000,250,390,650,730,1100,1300,1400,1500,1600,1600,1600,3133,0,220,439.4599832834328,91.7988780001906,2594.0492990002895,3380.57548675391
1780062604,40,GET,/api/concerts,2.300000,0.000000,7,14,16,18,43,58,66,66,66,66,66,604,0,3,11.265298761597196,2.083926000068459,214.4420539998464,753.0
1780062604,40,GET,/health,1.800000,0.000000,5,6,12,12,26,52,52,52,52,52,52,332,0,3,13.779014668673891,1.640310999846406,323.28264199986734,56.0
1780062604,40,,Aggregated,16.900000,0.000000,160,300,390,580,1000,1200,1400,1500,1600,1600,1600,4069,0,160,341.1666259397884,1.640310999846406,2594.0492990002895,2719.2791840747113
1780062605,40,POST,/api/book,12.600000,0.000000,240,360,630,730,1100,1300,1400,1500,1600,1600,1600,3148,0,220,440.0087083036833,91.7988780001906,2594.0492990002895,3380.5695679796695
1780062605,40,GET,/api/concerts,2.400000,0.000000,10,14,16,18,46,58,66,66,66,66,66,605,0,3,11.323231857859204,2.083926000068459,214.4420539998464,753.0
1780062605,40,GET,/health,2.000000,0.000000,5,6,12,26,52,74,74,74,74,74,74,334,0,3,14.055742967065145,1.640310999846406,323.28264199986734,56.0
1780062605,40,,Aggregated,17.000000,0.000000,160,280,370,580,1000,1300,1400,1500,1600,1600,1600,4087,0,160,341.7402953670172,1.640310999846406,2594.0492990002895,2719.917298752141
1780062606,40,POST,/api/book,13.000000,0.000000,280,460,700,760,1100,1300,1400,1500,1600,1600,1600,3160,0,220,439.86568775031475,91.7988780001906,2594.0492990002895,3380.6177215189873
1780062606,40,GET,/api/concerts,2.400000,0.000000,11,16,42,43,58,66,66,66,66,66,66,607,0,3,11.359816144983075,2.083926000068459,214.4420539998464,753.0
1780062606,40,GET,/health,1.900000,0.000000,6,6,26,26,52,74,74,74,74,74,74,334,0,3,14.055742967065145,1.640310999846406,323.28264199986734,56.0
1780062606,40,,Aggregated,17.300000,0.000000,170,320,470,650,1000,1300,1400,1500,1600,1600,1600,4101,0,160,341.76191169031915,1.640310999846406,2594.0492990002895,2720.9283101682518
1780062607,40,POST,/api/book,12.800000,0.000000,240,460,630,710,1100,1300,1400,1500,1600,1600,1600,3172,0,220,439.22480479287395,91.7988780001906,2594.0492990002895,3380.6443883984866
1780062607,40,GET,/api/concerts,2.400000,0.000000,10,16,42,43,58,61,66,66,66,66,66,612,0,3,11.384692671576648,2.083926000068459,214.4420539998464,753.0
1780062607,40,GET,/health,1.800000,0.000000,6,12,26,46,52,74,74,74,74,74,74,334,0,3,14.055742967065145,1.640310999846406,323.28264199986734,56.0
1780062607,40,,Aggregated,17.000000,0.000000,160,300,470,610,1000,1300,1400,1500,1600,1600,1600,4118,0,160,341.1566612115106,1.640310999846406,2594.0492990002895,2720.4817872753765
1780062608,40,POST,/api/book,13.100000,0.000000,240,390,610,710,1000,1300,1400,1400,1500,1500,1500,3182,0,220,439.254612387177,91.7988780001906,2594.0492990002895,3380.6169076052797
1780062608,40,GET,/api/concerts,2.400000,0.000000,10,18,42,43,55,61,66,66,66,66,66,615,0,3,11.451566278055832,2.083926000068459,214.4420539998464,753.0
1780062608,40,GET,/health,1.700000,0.000000,6,12,26,46,52,74,74,74,74,74,74,335,0,3,14.021264361192369,1.640310999846406,323.28264199986734,56.0
1780062608,40,,Aggregated,17.200000,0.000000,160,320,470,580,860,1200,1300,1400,1500,1500,1500,4132,0,160,341.1055211611813,1.640310999846406,2594.0492990002895,2719.984995159729
1780062609,40,POST,/api/book,13.200000,0.000000,250,460,610,730,1100,1300,1600,1600,1800,1800,1800,3202,0,220,440.6721457479694,91.7988780001906,2594.0492990002895,3380.6836352279824
1780062609,40,GET,/api/concerts,2.300000,0.000000,10,16,42,43,55,61,66,66,66,66,66,617,0,3,11.423152444091231,2.083926000068459,214.4420539998464,753.0
1780062609,40,GET,/health,1.600000,0.000000,12,26,52,52,61,74,74,74,74,74,74,336,0,3,14.160613684522007,1.640310999846406,323.28264199986734,56.0
1780062609,40,,Aggregated,17.100000,0.000000,170,330,470,610,940,1300,1600,1600,1800,1800,1800,4155,0,160,342.44001490758166,1.640310999846406,2594.0492990002895,2721.6283995186523
1780062610,40,POST,/api/book,12.700000,0.000000,240,410,580,700,1100,1300,1600,1600,1800,1800,1800,3213,0,220,440.0142958434478,91.7988780001906,2594.0492990002895,3380.727046374105
1780062610,40,GET,/api/concerts,2.500000,0.000000,7,16,22,42,55,61,66,66,66,66,66,620,0,3,11.412243079038372,2.083926000068459,214.4420539998464,753.0
1780062610,40,GET,/health,1.500000,0.000000,46,52,53,61,74,74,74,74,74,74,74,337,0,3,14.275855347179556,1.640310999846406,323.28264199986734,56.0
1780062610,40,,Aggregated,16.700000,0.000000,160,320,460,580,870,1300,1600,1600,1800,1800,1800,4170,0,160,341.88309028920895,1.640310999846406,2594.0492990002895,2721.3448441247
1780062611,40,POST,/api/book,12.900000,0.000000,210,410,580,650,1100,1300,1600,1600,1800,1800,1800,3226,0,220,439.402683870427,91.7988780001906,2594.0492990002895,3380.698388096714
1780062611,40,GET,/api/concerts,2.400000,0.000000,7,18,22,43,55,61,66,66,66,66,66,622,0,3,11.412684953382508,2.083926000068459,214.4420539998464,753.0
1780062611,40,GET,/health,1.500000,0.000000,46,52,53,61,74,74,74,74,74,74,74,339,0,3,14.212215398227508,1.640310999846406,323.28264199986734,56.0
1780062611,40,,Aggregated,16.800000,0.000000,160,300,470,580,870,1300,1600,1600,1800,1800,1800,4187,0,160,341.397107529735,1.640310999846406,2594.0492990002895,2721.156675423931
1780062612,40,POST,/api/book,13.200000,0.000000,230,480,610,680,1100,1300,1600,1600,1800,1800,1800,3239,0,220,439.1835247215184,91.7988780001906,2594.0492990002895,3380.6946588453225
1780062612,40,GET,/api/concerts,2.600000,0.000000,7,22,42,43,55,61,66,66,66,66,66,623,0,3,11.43028928411507,2.083926000068459,214.4420539998464,753.0
1780062612,40,GET,/health,1.300000,0.000000,12,46,53,53,61,74,74,74,74,74,74,341,0,3,14.143751859234762,1.640310999846406,323.28264199986734,56.0
1780062612,40,,Aggregated,17.100000,0.000000,170,340,490,610,870,1300,1600,1600,1800,1800,1800,4203,0,160,341.2942008520107,1.640310999846406,2594.0492990002895,2721.457292410183
1780062613,40,POST,/api/book,12.900000,0.000000,190,460,600,670,1100,1300,1600,1600,1800,1800,1800,3252,0,220,439.0741437103316,91.7988780001906,2594.0492990002895,3380.6943419434197
1780062613,40,GET,/api/concerts,2.700000,0.000000,18,22,46,55,64,66,140,140,140,140,140,625,0,3,11.718885566405515,2.083926000068459,214.4420539998464,753.0
1780062613,40,GET,/health,1.000000,0.000000,3,46,53,53,61,74,74,74,74,74,74,342,0,3,14.109651052628221,1.640310999846406,323.28264199986734,56.0
1780062613,40,,Aggregated,16.600000,0.000000,160,260,490,600,900,1300,1600,1600,1800,1800,1800,4219,0,160,341.3175917243425,1.640310999846406,2594.0492990002895,2721.923441573833
1780062614,40,POST,/api/book,13.100000,0.000000,190,380,520,610,890,1100,1600,1600,1800,1800,1800,3269,0,220,438.02191641694634,91.7988780001906,2594.0492990002895,3380.645763230346
1780062614,40,GET,/api/concerts,2.500000,0.000000,18,22,46,55,64,64,140,140,140,140,140,626,0,3,11.802121246011794,2.083926000068459,214.4420539998464,753.0
1780062614,40,GET,/health,1.200000,0.000000,5,5,53,53,61,74,74,74,74,74,74,343,0,3,14.081720626819644,1.640310999846406,323.28264199986734,56.0
1780062614,40,,Aggregated,16.800000,0.000000,160,260,410,520,710,1100,1600,1600,1800,1800,1800,4238,0,160,340.75313894336955,1.640310999846406,2594.0492990002895,2723.43487494101
1780062615,40,POST,/api/book,13.400000,0.000000,190,360,490,580,740,1100,1600,1600,1800,1800,1800,3283,0,220,437.28271061133046,91.7988780001906,2594.0492990002895,3380.5951873286626
1780062615,40,GET,/api/concerts,2.400000,0.000000,3,22,25,55,64,64,140,140,140,140,140,628,0,3,11.808039449049968,2.083926000068459,214.4420539998464,753.0
1780062615,40,GET,/health,1.000000,0.000000,3,5,5,53,61,61,61,61,61,61,61,344,0,3,14.048027395347162,1.640310999846406,323.28264199986734,56.0
1780062615,40,,Aggregated,16.800000,0.000000,160,250,410,490,690,1100,1600,1600,1800,1800,1800,4255,0,160,340.2695908660401,1.640310999846406,2594.0492990002895,2724.005170387779
1780062616,40,POST,/api/book,13.300000,0.000000,190,370,490,610,920,1300,1600,1600,1800,1800,1800,3289,0,220,437.4927196603827,91.7988780001906,2594.0492990002895,3380.598662207358
1780062616,40,GET,/api/concerts,2.300000,0.000000,21,25,51,55,64,74,140,140,140,140,140,633,0,3,11.960946979467417,2.083926000068459,214.4420539998464,753.0
1780062616,40,GET,/health,1.100000,0.000000,3,5,5,53,61,61,61,61,61,61,61,344,0,3,14.048027395347162,1.640310999846406,323.28264199986734,56.0
1780062616,40,,Aggregated,16.700000,0.000000,160,250,410,490,740,1100,1600,1600,1800,1800,1800,4266,0,160,340.2056624062356,1.640310999846406,2594.0492990002895,2722.621190811064
1780062617,40,POST,/api/book,13.600000,0.000000,220,370,490,610,960,1300,1600,1600,1800,1800,1800,3306,0,220,437.71117454204415,91.7988780001906,2594.0492990002895,3380.5716878402905
1780062617,40,GET,/api/concerts,2.300000,0.000000,22,25,51,55,64,74,140,140,140,140,140,637,0,3,11.993924263741384,2.083926000068459,214.4420539998464,753.0
1780062617,40,GET,/health,0.900000,0.000000,3,5,5,53,61,61,61,61,61,61,61,345,0,3,14.014381588404449,1.640310999846406,323.28264199986734,56.0
1780062617,40,,Aggregated,16.800000,0.000000,160,270,410,490,890,1100,1600,1600,1800,1800,1800,4288,0,160,340.3797188526121,1.640310999846406,2594.0492990002895,2722.7497667910447
1780062618,40,POST,/api/book,12.900000,0.000000,190,330,450,490,690,920,1000,1100,1300,1300,1300,3318,0,220,436.79343547016225,91.7988780001906,2594.0492990002895,3380.5922242314646
1780062618,40,GET,/api/concerts,2.500000,0.000000,22,25,38,51,64,74,140,140,140,140,140,638,0,3,11.979567147340402,2.083926000068459,214.4420539998464,753.0
1780062618,40,GET,/health,1.000000,0.000000,2,3,5,5,5,53,53,53,53,53,53,348,0,3,13.915028603448796,1.640310999846406,323.28264199986734,56.0
1780062618,40,,Aggregated,16.400000,0.000000,160,230,370,420,660,900,1000,1100,1300,1300,1300,4304,0,160,339.6296497871751,1.640310999846406,2594.0492990002895,2722.2832249070634
1780062619,40,POST,/api/book,13.200000,0.000000,190,350,450,520,690,960,1000,1100,1300,1300,1300,3329,0,220,436.13434757404576,91.7988780001906,2594.0492990002895,3380.6257134274556
1780062619,40,GET,/api/concerts,2.600000,0.000000,22,25,38,51,64,74,140,140,140,140,140,640,0,3,11.951758448442718,2.083926000068459,214.4420539998464,753.0
1780062619,40,GET,/health,1.100000,0.000000,2,3,4,5,5,36,36,36,36,36,36,350,0,3,13.94834617714358,1.640310999846406,323.28264199986734,56.0
1780062619,40,,Aggregated,16.900000,0.000000,150,250,370,450,660,900,1000,1100,1300,1300,1300,4319,0,160,339.06512841931044,1.640310999846406,2594.0492990002895,2721.8390831210927
1780062620,40,POST,/api/book,13.700000,0.000000,180,300,400,490,690,960,1000,1100,1300,1300,1300,3335,0,220,435.608365231184,91.7988780001906,2594.0492990002895,3380.608395802099
1780062620,40,GET,/api/concerts,2.400000,0.000000,3,25,38,51,64,74,140,140,140,140,140,644,0,3,11.893869349383715,2.083926000068459,214.4420539998464,753.0
1780062620,40,GET,/health,1.200000,0.000000,3,3,4,4,5,36,36,36,36,36,36,354,0,3,13.820022734464434,1.640310999846406,323.28264199986734,56.0
1780062620,40,,Aggregated,17.300000,0.000000,150,190,300,380,640,900,1000,1100,1300,1300,1300,4333,0,160,338.1735144138015,1.640310999846406,2594.0492990002895,2718.4594968843758
1780062621,40,POST,/api/book,13.100000,0.000000,190,350,450,640,1100,1700,2100,2200,2200,2200,2200,3351,0,220,439.0629326305576,91.7988780001906,2594.0492990002895,3380.6039988063267
1780062621,40,GET,/api/concerts,2.300000,0.000000,3,25,51,64,74,140,290,290,290,290,290,646,0,3,12.303843882357123,2.083926000068459,285.7049099998221,753.0
1780062621,40,GET,/health,1.300000,0.000000,3,3,4,4,5,36,36,36,36,36,36,354,0,3,13.820022734464434,1.640310999846406,323.28264199986734,56.0
1780062621,40,,Aggregated,16.700000,0.000000,150,250,370,450,960,1400,2000,2200,2200,2200,2200,4351,0,160,341.1033000324067,1.640310999846406,2594.0492990002895,2719.987589059986
1780062622,40,POST,/api/book,12.500000,0.000000,220,350,490,710,1300,1700,2100,2200,2200,2200,2200,3367,0,220,439.45938703712494,91.7988780001906,2594.0492990002895,3380.609444609445
1780062622,40,GET,/api/concerts,2.500000,0.000000,3,25,51,64,74,74,290,290,290,290,290,647,0,3,12.399399085011936,2.083926000068459,285.7049099998221,753.0
1780062622,40,GET,/health,1.700000,0.000000,3,3,4,4,15,36,36,36,36,36,36,357,0,3,13.760552509803583,1.640310999846406,323.28264199986734,56.0
1780062622,40,,Aggregated,16.700000,0.000000,150,250,370,450,1000,1400,2000,2200,2200,2200,2200,4371,0,160,341.47670661359007,1.640310999846406,2594.0492990002895,2720.131548844658
1780062623,40,POST,/api/book,12.400000,0.000000,230,330,450,710,1300,1700,2100,2200,2200,2200,2200,3380,0,220,438.8277228319521,91.7988780001906,2594.0492990002895,3380.6310650887576
1780062623,40,GET,/api/concerts,2.500000,0.000000,3,24,25,38,74,74,290,290,290,290,290,647,0,3,12.399399085011936,2.083926000068459,285.7049099998221,753.0
1780062623,40,GET,/health,1.600000,0.000000,3,3,4,5,15,36,36,36,36,36,36,357,0,3,13.760552509803583,1.640310999846406,323.28264199986734,56.0
1780062623,40,,Aggregated,16.500000,0.000000,150,270,370,420,1000,1400,2000,2200,2200,2200,2200,4384,0,160,341.28025356432494,1.640310999846406,2594.0492990002895,2722.1067518248174
1780062624,40,POST,/api/book,12.300000,0.000000,250,420,570,920,1300,1700,2100,2200,2200,2200,2200,3397,0,220,439.0279918825428,91.7988780001906,2594.0492990002895,3380.6099499558436
1780062624,40,GET,/api/concerts,2.500000,0.000000,3,24,38,51,74,120,290,290,290,290,290,649,0,3,12.54774341140573,2.083926000068459,285.7049099998221,753.0
1780062624,40,GET,/health,1.500000,0.000000,3,4,10,15,41,85,85,85,85,85,85,360,0,3,14.021541841667487,1.640310999846406,323.28264199986734,56.0
1780062624,40,,Aggregated,16.300000,0.000000,150,290,420,520,1100,1400,2000,2200,2200,2200,2200,4406,0,160,341.48191760372225,1.640310999846406,2594.0492990002895,2721.922151611439
1780062625,40,POST,/api/book,13.100000,0.000000,240,380,540,840,1200,1500,2100,2200,2200,2200,2200,3411,0,220,438.56187078246785,91.7988780001906,2594.0492990002895,3380.64907651715
1780062625,40,GET,/api/concerts,2.300000,0.000000,3,3,24,38,74,120,290,290,290,290,290,653,0,3,12.608469434918886,1.9829419998131925,285.7049099998221,753.0
1780062625,40,GET,/health,1.600000,0.000000,3,4,10,15,41,85,85,85,85,85,85,361,0,3,13.990271911358562,1.640310999846406,323.28264199986734,56.0
1780062625,40,,Aggregated,17.000000,0.000000,150,290,420,510,1100,1400,2000,2200,2200,2200,2200,4425,0,160,341.06629603163844,1.640310999846406,2594.0492990002895,2721.654011299435
1780062626,40,POST,/api/book,12.500000,0.000000,220,350,510,570,1200,1700,2100,2200,2200,2200,2200,3419,0,220,438.16077218484855,91.7988780001906,2594.0492990002895,3380.6566247440774
1780062626,40,GET,/api/concerts,2.200000,0.000000,3,4,42,63,120,290,290,290,290,290,290,657,0,3,12.60893941248448,1.9829419998131925,285.7049099998221,753.0
1780062626,40,GET,/health,1.500000,0.000000,3,4,10,15,41,85,85,85,85,85,85,362,0,3,13.95877828176909,1.640310999846406,323.28264199986734,56.0
1780062626,40,,Aggregated,16.200000,0.000000,150,260,370,480,1100,1400,2000,2200,2200,2200,2200,4438,0,160,340.5608001424064,1.640310999846406,2594.0492990002895,2720.4727354664265
1780062627,40,POST,/api/book,13.000000,0.000000,230,400,530,660,1200,1700,2100,2200,2200,2200,2200,3436,0,220,437.7357837013964,91.7988780001906,2594.0492990002895,3380.6976135040745
1780062627,40,GET,/api/concerts,2.600000,0.000000,3,4,33,42,74,120,290,290,290,290,290,659,0,3,12.624774311080206,1.9829419998131925,285.7049099998221,753.0
1780062627,40,GET,/health,1.700000,0.000000,3,8,15,15,41,85,85,85,85,85,85,363,0,3,13.94108713498788,1.640310999846406,323.28264199986734,56.0
1780062627,40,,Aggregated,17.300000,0.000000,160,290,420,510,1100,1400,2000,2200,2200,2200,2200,4458,0,160,340.38593398362497,1.640310999846406,2594.0492990002895,2721.541498429789
1780062628,40,POST,/api/book,13.100000,0.000000,230,420,600,840,1300,1500,2100,2200,2200,2200,2200,3448,0,220,438.06526967430307,91.7988780001906,2594.0492990002895,3380.704466357309
1780062628,40,GET,/api/concerts,2.300000,0.000000,3,5,42,58,74,120,290,290,290,290,290,663,0,3,12.651963457016132,1.9829419998131925,285.7049099998221,753.0
1780062628,40,GET,/health,1.700000,0.000000,3,4,10,10,41,85,85,85,85,85,85,365,0,3,13.87998506575495,1.640310999846406,323.28264199986734,56.0
1780062628,40,,Aggregated,17.100000,0.000000,160,290,460,570,1100,1400,2000,2200,2200,2200,2200,4476,0,160,340.4610134401249,1.640310999846406,2594.0492990002895,2720.3637176050047
1780062629,40,POST,/api/book,12.900000,0.000000,250,460,610,770,1300,1500,2100,2200,2200,2200,2200,3461,0,220,437.5046229034951,91.7988780001906,2594.0492990002895,3380.648656457671
1780062629,40,GET,/api/concerts,2.100000,0.000000,4,33,42,58,74,120,290,290,290,290,290,665,0,3,12.67382503458914,1.9829419998131925,285.7049099998221,753.0
1780062629,40,GET,/health,1.800000,0.000000,3,4,10,10,41,85,85,85,85,85,85,365,0,3,13.87998506575495,1.640310999846406,323.28264199986734,56.0
1780062629,40,,Aggregated,16.800000,0.000000,190,300,510,610,1100,1400,2000,2200,2200,2200,2200,4491,0,160,340.16873481763497,1.640310999846406,2594.0492990002895,2721.3560454241815
1780062630,40,POST,/api/book,12.700000,0.000000,250,420,600,710,1100,1400,2100,2200,2200,2200,2200,3477,0,220,437.2794662292195,91.7988780001906,2594.0492990002895,3380.6522864538397
1780062630,40,GET,/api/concerts,2.400000,0.000000,5,37,58,63,74,120,120,120,120,120,120,666,0,3,12.751004262765475,1.9829419998131925,285.7049099998221,753.0
1780062630,40,GET,/health,1.800000,0.000000,4,8,15,15,41,85,85,85,85,85,85,366,0,3,13.851647407105563,1.640310999846406,323.28264199986734,56.0
1780062630,40,,Aggregated,16.900000,0.000000,190,300,490,600,1000,1300,2000,2200,2200,2200,2200,4509,0,160,340.2046076444885,1.640310999846406,2594.0492990002895,2722.670658682635
1780062631,40,POST,/api/book,13.100000,0.000000,240,340,510,570,930,1100,1300,1300,1400,1400,1400,3488,0,220,436.83327498738413,91.7988780001906,2594.0492990002895,3380.650516055046
1780062631,40,GET,/api/concerts,2.600000,0.000000,5,37,42,58,64,74,120,120,120,120,120,669,0,3,12.780370088193765,1.9829419998131925,285.7049099998221,753.0
1780062631,40,GET,/health,1.600000,0.000000,3,8,10,10,41,85,85,85,85,85,85,367,0,3,13.820673487740295,1.640310999846406,323.28264199986734,56.0
1780062631,40,,Aggregated,17.300000,0.000000,190,290,420,510,840,1000,1200,1300,1400,1400,1400,4524,0,160,339.8091772579571,1.640310999846406,2594.0492990002895,2722.3735632183907
1780062632,40,POST,/api/book,13.700000,0.000000,220,340,530,610,980,1100,1300,1300,1300,1300,1300,3496,0,220,437.22300313043365,91.7988780001906,2594.0492990002895,3380.66561784897
1780062632,40,GET,/api/concerts,2.200000,0.000000,4,32,37,42,63,64,120,120,120,120,120,676,0,3,12.817608025150108,1.9829419998131925,285.7049099998221,753.0
1780062632,40,GET,/health,1.200000,0.000000,3,8,10,27,41,85,85,85,85,85,85,369,0,3,13.826076883469549,1.640310999846406,323.28264199986734,56.0
1780062632,40,,Aggregated,17.100000,0.000000,160,250,340,510,930,1000,1200,1300,1300,1300,1300,4541,0,160,339.6384374232543,1.640310999846406,2594.0492990002895,2719.334728033473
1780062633,40,POST,/api/book,13.900000,0.000000,220,350,570,700,980,1100,1300,1400,1700,1700,1700,3511,0,220,437.72345995214914,91.7988780001906,2594.0492990002895,3380.649957277129
1780062633,40,GET,/api/concerts,2.100000,0.000000,3,22,37,41,58,64,120,120,120,120,120,680,0,3,12.758391983825009,1.9829419998131925,285.7049099998221,753.0
1780062633,40,GET,/health,1.300000,0.000000,4,10,27,28,41,85,85,85,85,85,85,372,0,3,13.865858341398384,1.640310999846406,323.28264199986734,56.0
1780062633,40,,Aggregated,17.300000,0.000000,160,250,340,530,950,1000,1300,1400,1700,1700,1700,4563,0,160,339.8380174762211,1.640310999846406,2594.0492990002895,2718.0219154065308
1780062634,40,POST,/api/book,13.800000,0.000000,210,340,570,710,950,1100,1300,1400,1700,1700,1700,3524,0,220,437.4287099143006,91.7988780001906,2594.0492990002895,3380.6540862656075
1780062634,40,GET,/api/concerts,2.700000,0.000000,3,21,33,37,51,64,70,70,70,70,70,684,0,3,12.830725345030759,1.9829419998131925,285.7049099998221,753.0
1780062634,40,GET,/health,1.300000,0.000000,3,4,25,27,28,30,30,30,30,30,30,375,0,3,13.850427208000232,1.640310999846406,323.28264199986734,56.0
1780062634,40,,Aggregated,17.800000,0.000000,150,220,340,490,840,1000,1300,1400,1700,1700,1700,4583,0,160,339.3997163598073,1.640310999846406,2594.0492990002895,2716.447087060877
1780062635,40,POST,/api/book,12.800000,0.000000,220,350,570,710,950,1100,1300,1400,1700,1700,1700,3531,0,220,437.19390093061327,91.7988780001906,2594.0492990002895,3380.6624185783066
1780062635,40,GET,/api/concerts,3.100000,0.000000,3,5,26,33,51,64,70,70,70,70,70,688,0,3,12.774912529072333,1.9829419998131925,285.7049099998221,753.0
1780062635,40,GET,/health,1.500000,0.000000,3,4,25,27,28,30,30,30,30,30,30,376,0,3,13.819792015958248,1.640310999846406,323.28264199986734,56.0
1780062635,40,,Aggregated,17.400000,0.000000,160,230,340,490,840,1000,1300,1400,1700,1700,1700,4595,0,160,339.0026215025023,1.640310999846406,2594.0492990002895,2715.1771490750816
1780062636,40,POST,/api/book,13.000000,0.000000,280,480,720,820,1000,1300,1300,1400,1700,1700,1700,3547,0,220,437.7504936943885,91.7988780001906,2594.0492990002895,3380.629546095292
1780062636,40,GET,/api/concerts,3.600000,0.000000,3,8,26,33,51,64,70,70,70,70,70,692,0,3,12.726148397400667,1.9829419998131925,285.7049099998221,753.0
1780062636,40,GET,/health,1.700000,0.000000,3,4,27,27,30,86,86,86,86,86,86,379,0,3,13.949519738787181,1.640310999846406,323.28264199986734,56.0
1780062636,40,,Aggregated,18.300000,0.000000,160,290,430,600,950,1100,1300,1400,1700,1700,1700,4618,0,160,339.2798535742741,1.640310999846406,2594.0492990002895,2714.030532698138
1780062637,40,POST,/api/book,12.000000,0.000000,230,410,640,800,1000,1300,1300,1400,1700,1700,1700,3559,0,220,437.09629514554547,91.7988780001906,2594.0492990002895,3380.6549592582187
1780062637,40,GET,/api/concerts,3.100000,0.000000,3,8,21,26,41,64,70,70,70,70,70,693,0,3,12.723011259741957,1.9829419998131925,285.7049099998221,753.0
1780062637,40,GET,/health,1.500000,0.000000,3,9,25,27,30,86,86,86,86,86,86,380,0,3,13.936955436843403,1.640310999846406,323.28264199986734,56.0
1780062637,40,,Aggregated,16.600000,0.000000,160,250,370,530,950,1100,1300,1400,1700,1700,1700,4632,0,160,338.8900700112259,1.640310999846406,2594.0492990002895,2714.779792746114
1780062638,40,POST,/api/book,12.600000,0.000000,230,360,560,810,1000,1100,1300,1400,1700,1700,1700,3567,0,220,437.0365913563209,91.7988780001906,2594.0492990002895,3380.6658256237733
1780062638,40,GET,/api/concerts,3.500000,0.000000,3,8,21,26,41,64,70,70,70,70,70,697,0,3,12.705264912483798,1.9829419998131925,285.7049099998221,753.0
1780062638,40,GET,/health,1.600000,0.000000,3,9,25,27,30,86,86,86,86,86,86,382,0,3,13.876615387435772,1.640310999846406,323.28264199986734,56.0
1780062638,40,,Aggregated,17.700000,0.000000,150,230,340,490,940,1100,1300,1400,1700,1700,1700,4646,0,160,338.5850103508391,1.640310999846406,2594.0492990002895,2713.101162290142
1780062639,40,POST,/api/book,12.200000,0.000000,250,430,710,840,1100,1300,1600,1700,1700,1700,1700,3584,0,220,438.32495850418417,91.7988780001906,2594.0492990002895,3380.6799665178573
1780062639,40,GET,/api/concerts,3.400000,0.000000,3,5,11,21,32,51,70,70,70,70,70,700,0,3,12.665381578572774,1.9829419998131925,285.7049099998221,753.0
1780062639,40,GET,/health,1.700000,0.000000,3,9,27,27,30,86,86,86,86,86,86,382,0,3,13.876615387435772,1.640310999846406,323.28264199986734,56.0
1780062639,40,,Aggregated,17.300000,0.000000,160,250,370,530,1000,1200,1500,1700,1700,1700,1700,4666,0,160,339.7178065713668,1.640310999846406,2594.0492990002895,2714.2839691384484
1780062640,40,POST,/api/book,12.000000,0.000000,240,470,710,840,1100,1300,1600,1700,1700,1700,1700,3596,0,220,437.59991561067744,91.7988780001906,2594.0492990002895,3380.7157953281426
1780062640,40,GET,/api/concerts,3.300000,0.000000,3,3,5,11,32,51,70,70,70,70,70,705,0,3,12.594771904965867,1.9829419998131925,285.7049099998221,753.0
1780062640,40,GET,/health,1.500000,0.000000,3,3,25,27,30,86,86,86,86,86,86,386,0,3,13.761819945598596,1.640310999846406,323.28264199986734,56.0
1780062640,40,,Aggregated,16.800000,0.000000,150,230,370,530,1000,1200,1500,1700,1700,1700,1700,4687,0,160,338.7669454294853,1.640310999846406,2594.0492990002895,2711.656710049072
1780062641,40,POST,/api/book,12.200000,0.000000,240,370,530,720,1100,1300,1600,1700,1700,1700,1700,3607,0,220,437.0787029046287,91.7988780001906,2594.0492990002895,3380.7335736068753
1780062641,40,GET,/api/concerts,3.300000,0.000000,3,3,4,5,11,31,70,70,70,70,70,706,0,3,12.581190617565005,1.9829419998131925,285.7049099998221,753.0
1780062641,40,GET,/health,1.700000,0.000000,3,3,25,28,56,86,86,86,86,86,86,389,0,3,13.813894673524006,1.640310999846406,323.28264199986734,56.0
1780062641,40,,Aggregated,17.200000,0.000000,150,240,360,480,940,1200,1500,1700,1700,1700,1700,4702,0,160,338.3238636709905,1.640310999846406,2594.0492990002895,2711.1246278179497
1780062642,40,POST,/api/book,12.200000,0.000000,240,380,530,640,1100,1200,1500,1600,1700,1700,1700,3614,0,220,437.0876482509674,91.7988780001906,2594.0492990002895,3380.747648035418
1780062642,40,GET,/api/concerts,3.800000,0.000000,3,3,4,5,11,31,70,70,70,70,70,710,0,3,12.528319249296645,1.9829419998131925,285.7049099998221,753.0
1780062642,40,GET,/health,1.700000,0.000000,3,3,9,30,60,86,86,86,86,86,86,390,0,3,13.931659266668598,1.640310999846406,323.28264199986734,56.0
1780062642,40,,Aggregated,17.700000,0.000000,150,240,360,480,860,1100,1300,1600,1700,1700,1700,4714,0,160,338.1339021128547,1.640310999846406,2594.0492990002895,2709.9049639372083
1780062643,40,POST,/api/book,11.900000,0.000000,220,380,530,610,1100,1200,1500,1600,1700,1700,1700,3633,0,220,436.69730802945156,91.7988780001906,2594.0492990002895,3380.7002477291494
1780062643,40,GET,/api/concerts,3.800000,0.000000,3,3,4,5,11,31,70,70,70,70,70,712,0,3,12.500868825842838,1.9829419998131925,285.7049099998221,753.0
1780062643,40,GET,/health,2.000000,0.000000,3,3,3,9,60,86,86,86,86,86,86,393,0,3,13.844424984734166,1.640310999846406,323.28264199986734,56.0
1780062643,40,,Aggregated,17.700000,0.000000,150,230,370,510,860,1100,1300,1600,1700,1700,1700,4738,0,160,337.87733172097876,1.640310999846406,2594.0492990002895,2710.0523427606586
1780062644,40,POST,/api/book,11.600000,0.000000,230,370,530,610,1100,1200,1500,1600,1700,1700,1700,3642,0,220,436.18049864085594,91.7988780001906,2594.0492990002895,3380.698242723778
1780062644,40,GET,/api/concerts,3.600000,0.000000,3,3,3,4,8,11,31,31,31,31,31,713,0,3,12.486894544179584,1.9829419998131925,285.7049099998221,753.0
1780062644,40,GET,/health,2.000000,0.000000,3,3,3,9,60,86,86,86,86,86,86,394,0,3,13.81587798984957,1.640310999846406,323.28264199986734,56.0
1780062644,40,,Aggregated,17.200000,0.000000,150,240,350,500,860,1100,1300,1600,1700,1700,1700,4749,0,160,337.5270557565798,1.640310999846406,2594.0492990002895,2710.350810696989
1780062645,40,POST,/api/book,12.200000,0.000000,200,300,500,580,1100,1300,1500,1600,1700,1700,1700,3658,0,220,436.3863197003821,91.7988780001906,2594.0492990002895,3380.7277200656094
1780062645,40,GET,/api/concerts,3.300000,0.000000,3,3,4,5,31,91,320,320,320,320,320,717,0,3,13.000169124127547,1.9829419998131925,321.7380289997891,753.0
1780062645,40,GET,/health,1.800000,0.000000,3,3,3,3,56,60,60,60,60,60,60,395,0,3,13.787280706331135,1.640310999846406,323.28264199986734,56.0
1780062645,40,,Aggregated,17.300000,0.000000,150,220,300,390,860,1200,1400,1600,1700,1700,1700,4770,0,160,337.75015819811273,1.640310999846406,2594.0492990002895,2710.424109014675
1780062646,40,POST,/api/book,12.200000,0.000000,200,370,570,640,1100,1300,1500,1600,1700,1700,1700,3670,0,220,436.5581089122613,91.7988780001906,2594.0492990002895,3380.7
1780062646,40,GET,/api/concerts,2.900000,0.000000,3,3,5,11,43,91,320,320,320,320,320,720,0,3,13.02660345833336,1.9829419998131925,321.7380289997891,753.0
1780062646,40,GET,/health,2.000000,0.000000,3,3,3,3,56,60,60,60,60,60,60,395,0,3,13.787280706331135,1.640310999846406,323.28264199986734,56.0
1780062646,40,,Aggregated,17.100000,0.000000,150,240,370,530,1100,1300,1400,1600,1700,1700,1700,4785,0,160,337.9296530986415,1.640310999846406,2594.0492990002895,2710.8566353187043
1780062647,40,POST,/api/book,11.800000,0.000000,200,370,570,640,1100,1300,1500,1600,1700,1700,1700,3685,0,220,436.274047426594,91.7988780001906,2594.0492990002895,3380.6846675712345
1780062647,40,GET,/api/concerts,3.200000,0.000000,3,3,3,4,43,91,320,320,320,320,320,722,0,3,12.998200767312994,1.9829419998131925,321.7380289997891,753.0
1780062647,40,GET,/health,2.000000,0.000000,3,3,3,3,56,60,60,60,60,60,60,396,0,3,13.760910489900702,1.640310999846406,323.28264199986734,56.0
1780062647,40,,Aggregated,17.000000,0.000000,150,240,370,510,1100,1300,1400,1600,1700,1700,1700,4803,0,160,337.81051140433044,1.640310999846406,2594.0492990002895,2711.568811159692
1780062648,40,POST,/api/book,12.200000,0.000000,200,340,500,590,860,1200,1300,1400,1400,1400,1400,3695,0,220,436.0306224995938,91.7988780001906,2594.0492990002895,3380.689039242219
1780062648,40,GET,/api/concerts,2.900000,0.000000,3,3,4,12,57,91,320,320,320,320,320,727,0,3,13.067084993122675,1.9829419998131925,321.7380289997891,753.0
1780062648,40,GET,/health,1.800000,0.000000,3,3,3,3,56,60,60,60,60,60,60,396,0,3,13.760910489900702,1.640310999846406,323.28264199986734,56.0
1780062648,40,,Aggregated,16.900000,0.000000,150,240,340,440,690,1100,1300,1400,1400,1400,1400,4818,0,160,337.50150300539633,1.640310999846406,2594.0492990002895,2710.928393524284
1780062649,40,POST,/api/book,12.600000,0.000000,190,340,500,610,860,1200,1300,1400,1400,1400,1400,3704,0,220,435.6922160996218,91.7988780001906,2594.0492990002895,3380.689524838013
1780062649,40,GET,/api/concerts,2.900000,0.000000,3,3,12,24,57,91,320,320,320,320,320,730,0,3,13.053280647945067,1.9829419998131925,321.7380289997891,753.0
1780062649,40,GET,/health,1.600000,0.000000,3,3,27,27,60,61,61,61,61,61,61,399,0,3,13.907240205515423,1.640310999846406,323.28264199986734,56.0
1780062649,40,,Aggregated,17.100000,0.000000,150,220,320,440,690,1100,1300,1400,1400,1400,1400,4833,0,160,337.0332820500723,1.640310999846406,2594.0492990002895,2709.3126422511896
1780062650,40,POST,/api/book,12.800000,0.000000,210,390,590,660,1100,1300,1400,1600,1800,1800,1800,3724,0,220,436.61725674489753,91.7988780001906,2594.0492990002895,3380.661922663802
1780062650,40,GET,/api/concerts,3.000000,0.000000,3,3,12,43,57,91,320,320,320,320,320,730,0,3,13.053280647945067,1.9829419998131925,321.7380289997891,753.0
1780062650,40,GET,/health,1.600000,0.000000,3,3,27,27,60,61,61,61,61,61,61,399,0,3,13.907240205515423,1.640310999846406,323.28264199986734,56.0
1780062650,40,,Aggregated,17.400000,0.000000,160,240,420,580,1000,1300,1400,1600,1800,1800,1800,4853,0,160,338.14971107212,1.640310999846406,2594.0492990002895,2712.058314444673
1780062651,40,POST,/api/book,12.100000,0.000000,180,340,590,690,1200,1300,1600,1700,1800,1800,1800,3734,0,220,436.6161971968395,91.7988780001906,2594.0492990002895,3380.7016604177825
1780062651,40,GET,/api/concerts,3.100000,0.000000,3,11,24,43,57,91,320,320,320,320,320,732,0,3,13.036487509562814,1.9829419998131925,321.7380289997891,753.0
1780062651,40,GET,/health,1.700000,0.000000,3,3,12,27,60,61,61,61,61,61,61,402,0,3,13.821392967662376,1.640310999846406,323.28264199986734,56.0
1780062651,40,,Aggregated,16.900000,0.000000,150,220,410,580,1100,1300,1500,1700,1800,1800,1800,4868,0,160,338.0081736160638,1.640310999846406,2594.0492990002895,2711.0205423171733
1780062652,40,POST,/api/book,12.300000,0.000000,190,410,610,780,1300,1400,1600,1700,1800,1800,1800,3750,0,220,436.96154479546647,91.7988780001906,2594.0492990002895,3380.7336
1780062652,40,GET,/api/concerts,2.600000,0.000000,3,11,24,31,57,91,320,320,320,320,320,737,0,3,13.004856392130211,1.9829419998131925,321.7380289997891,753.0
1780062652,40,GET,/health,1.600000,0.000000,3,3,3,12,27,61,61,61,61,61,61,403,0,3,13.79393684367238,1.640310999846406,323.28264199986734,56.0
1780062652,40,,Aggregated,16.500000,0.000000,150,240,420,610,1200,1400,1600,1700,1800,1800,1800,4890,0,160,338.19004676727997,1.640310999846406,2594.0492990002895,2710.6912065439674
1780062653,40,POST,/api/book,12.800000,0.000000,190,310,610,780,1300,1400,1600,1700,1800,1800,1800,3763,0,220,436.1542581918681,91.7988780001906,2594.0492990002895,3380.7804942864736
1780062653,40,GET,/api/concerts,2.700000,0.000000,3,11,24,43,57,91,320,320,320,320,320,738,0,3,12.990758090785464,1.9829419998131925,321.7380289997891,753.0
1780062653,40,GET,/health,1.400000,0.000000,3,3,12,27,61,61,61,61,61,61,61,403,0,3,13.79393684367238,1.640310999846406,323.28264199986734,56.0
1780062653,40,,Aggregated,16.900000,0.000000,150,230,410,520,1200,1400,1600,1700,1800,1800,1800,4904,0,160,337.7639905373163,1.640310999846406,2594.0492990002895,2712.1042006525286
1780062654,40,POST,/api/book,13.400000,0.000000,190,320,520,690,1300,1400,1600,1700,1800,1800,1800,3776,0,220,435.51182302118656,91.7988780001906,2594.0492990002895,3380.7725105932204
1780062654,40,GET,/api/concerts,2.400000,0.000000,3,10,12,24,43,50,57,57,57,57,57,742,0,3,12.992881700807443,1.9829419998131925,321.7380289997891,753.0
1780062654,40,GET,/health,1.300000,0.000000,3,3,12,27,61,61,61,61,61,61,61,404,0,3,13.765985175741482,1.640310999846406,323.28264199986734,56.0
1780062654,40,,Aggregated,17.100000,0.000000,150,230,350,520,1100,1300,1600,1700,1800,1800,1800,4922,0,160,337.199272645469,1.640310999846406,2594.0492990002895,2711.732425843153
1780062655,40,POST,/api/book,12.900000,0.000000,200,330,550,700,1100,1400,1600,1700,1800,1800,1800,3788,0,220,435.68527493109826,91.7988780001906,2594.0492990002895,3380.762671594509
1780062655,40,GET,/api/concerts,2.600000,0.000000,3,11,31,37,54,58,72,72,72,72,72,751,0,3,13.187219306258141,1.9829419998131925,321.7380289997891,753.0
1780062655,40,GET,/health,1.300000,0.000000,3,3,12,27,61,61,61,61,61,61,61,404,0,3,13.765985175741482,1.640310999846406,323.28264199986734,56.0
1780062655,40,,Aggregated,16.800000,0.000000,160,220,350,520,890,1300,1600,1700,1800,1800,1800,4943,0,160,337.010091270281,1.640310999846406,2594.0492990002895,2709.7827230426865
1780062656,40,POST,/api/book,13.000000,0.000000,200,310,470,550,900,1300,1600,1700,1800,1800,1800,3803,0,220,434.9087870796739,91.7988780001906,2594.0492990002895,3380.757033920589
1780062656,40,GET,/api/concerts,2.800000,0.000000,3,10,30,37,54,58,72,72,72,72,72,755,0,3,13.132273221191815,1.9829419998131925,321.7380289997891,753.0
1780062656,40,GET,/health,1.000000,0.000000,3,3,12,27,61,61,61,61,61,61,61,405,0,3,13.737793585183951,1.640310999846406,323.28264199986734,56.0
1780062656,40,,Aggregated,16.800000,0.000000,150,220,310,410,830,1200,1600,1700,1800,1800,1800,4963,0,160,336.3765444182951,1.640310999846406,2594.0492990002895,2709.694539592988
1780062657,40,POST,/api/book,13.400000,0.000000,190,280,420,550,950,1500,1600,1700,1800,1800,1800,3811,0,220,434.3523406741012,91.7988780001906,2594.0492990002895,3380.769351876148
1780062657,40,GET,/api/concerts,3.100000,0.000000,3,4,30,31,39,58,72,72,72,72,72,761,0,3,13.135040304861805,1.9829419998131925,321.7380289997891,753.0
1780062657,40,GET,/health,0.900000,0.000000,3,12,27,27,57,61,61,61,61,61,61,407,0,3,13.815380019655574,1.640310999846406,323.28264199986734,56.0
1780062657,40,,Aggregated,17.400000,0.000000,150,200,260,320,830,1200,1600,1700,1800,1800,1800,4979,0,160,335.59658478590046,1.640310999846406,2594.0492990002895,2707.358304880498
1780062658,40,POST,/api/book,13.300000,0.000000,170,260,330,520,950,1500,1600,1700,1800,1800,1800,3820,0,220,433.70407602120395,91.7988780001906,2594.0492990002895,3380.7358638743453
1780062658,40,GET,/api/concerts,3.300000,0.000000,3,10,30,32,39,58,72,72,72,72,72,762,0,3,13.121235389763902,1.9829419998131925,321.7380289997891,753.0
1780062658,40,GET,/health,0.900000,0.000000,3,3,12,27,57,61,61,61,61,61,61,409,0,3,13.759762530562266,1.640310999846406,323.28264199986734,56.0
1780062658,40,,Aggregated,17.500000,0.000000,150,190,260,310,820,1200,1600,1700,1800,1800,1800,4991,0,160,335.0782798322978,1.640310999846406,2594.0492990002895,2707.0929673412143
1780062659,40,POST,/api/book,12.800000,0.000000,180,260,350,550,1000,1500,1600,1700,1800,1800,1800,3834,0,220,434.0720805878973,91.7988780001906,2594.0492990002895,3380.727960354721
1780062659,40,GET,/api/concerts,3.700000,0.000000,3,10,31,32,39,58,72,72,72,72,72,762,0,3,13.121235389763902,1.9829419998131925,321.7380289997891,753.0
1780062659,40,GET,/health,1.000000,0.000000,3,3,17,17,43,57,57,57,57,57,57,411,0,3,13.840389878345965,1.640310999846406,323.28264199986734,56.0
1780062659,40,,Aggregated,17.500000,0.000000,150,190,260,310,860,1300,1600,1700,1800,1800,1800,5007,0,160,335.51410796504854,1.640310999846406,2594.0492990002895,2707.911523866587
1780062660,40,POST,/api/book,12.700000,0.000000,200,300,390,540,900,1400,1600,1700,2000,2000,2000,3849,0,220,434.6224881395164,91.7988780001906,2594.0492990002895,3380.7040789815537
1780062660,40,GET,/api/concerts,3.700000,0.000000,3,4,31,32,39,58,72,72,72,72,72,764,0,3,13.096607163611797,1.9829419998131925,321.7380289997891,753.0
1780062660,40,GET,/health,1.200000,0.000000,3,6,17,17,43,57,57,57,57,57,57,412,0,3,13.821719475728166,1.640310999846406,323.28264199986734,56.0
1780062660,40,,Aggregated,17.600000,0.000000,150,220,300,330,810,1100,1500,1700,2000,2000,2000,5025,0,160,336.0323011235816,1.640310999846406,2594.0492990002895,2708.5958208955226
1780062661,40,POST,/api/book,13.000000,0.000000,230,310,480,550,1200,2000,2000,2100,2300,2300,2300,3866,0,220,437.3260701637349,91.7988780001906,2594.0492990002895,3380.697102948784
1780062661,40,GET,/api/concerts,3.300000,0.000000,3,10,31,32,39,58,72,72,72,72,72,766,0,3,13.07930221279324,1.9829419998131925,321.7380289997891,753.0
1780062661,40,GET,/health,1.100000,0.000000,3,6,17,43,57,57,57,57,57,57,57,412,0,3,13.821719475728166,1.640310999846406,323.28264199986734,56.0
1780062661,40,,Aggregated,17.400000,0.000000,160,240,310,350,890,1700,2000,2100,2300,2300,2300,5044,0,160,338.3060827065817,1.640310999846406,2594.0492990002895,2710.0802934179223
1780062662,40,POST,/api/book,12.500000,0.000000,230,310,420,550,1200,2000,2000,2100,2300,2300,2300,3879,0,220,436.6508987641142,91.7988780001906,2594.0492990002895,3380.6733694251097
1780062662,40,GET,/api/concerts,3.400000,0.000000,4,10,30,32,39,58,72,72,72,72,72,769,0,3,13.069392613783837,1.9829419998131925,321.7380289997891,753.0
1780062662,40,GET,/health,1.300000,0.000000,3,6,17,43,57,57,57,57,57,57,57,412,0,3,13.821719475728166,1.640310999846406,323.28264199986734,56.0
1780062662,40,,Aggregated,17.200000,0.000000,160,240,310,380,890,1700,2000,2100,2300,2300,2300,5060,0,160,337.84856672924866,1.640310999846406,2594.0492990002895,2710.6247035573124
1780062663,40,POST,/api/book,13.100000,0.000000,220,320,520,630,1200,2000,2000,2100,2300,2300,2300,3894,0,220,436.30095664226985,91.7988780001906,2594.0492990002895,3380.6810477657937
1780062663,40,GET,/api/concerts,3.200000,0.000000,3,4,24,32,54,58,72,72,72,72,72,770,0,3,13.0578491103893,1.9829419998131925,321.7380289997891,753.0
1780062663,40,GET,/health,1.100000,0.000000,3,6,17,43,57,57,57,57,57,57,57,412,0,3,13.821719475728166,1.640310999846406,323.28264199986734,56.0
1780062663,40,,Aggregated,17.400000,0.000000,160,240,340,520,970,1900,2000,2100,2300,2300,2300,5076,0,160,337.8063470063038,1.640310999846406,2594.0492990002895,2712.2249802994484
1780062664,40,POST,/api/book,12.800000,0.000000,220,310,520,630,1200,2000,2000,2100,2300,2300,2300,3906,0,220,436.4838279900151,91.7988780001906,2594.0492990002895,3380.641065028162
1780062664,40,GET,/api/concerts,3.300000,0.000000,4,4,18,24,39,58,89,89,89,89,89,774,0,3,13.151860108526904,1.9829419998131925,321.7380289997891,753.0
1780062664,40,GET,/health,1.000000,0.000000,6,17,43,43,57,57,57,57,57,57,57,412,0,3,13.821719475728166,1.640310999846406,323.28264199986734,56.0
1780062664,40,,Aggregated,17.100000,0.000000,170,250,340,520,1100,1900,2000,2100,2300,2300,2300,5092,0,160,337.937926213079,1.640310999846406,2594.0492990002895,2712.230557737628
1780062665,40,POST,/api/book,12.900000,0.000000,230,340,570,1000,1300,2000,2000,2100,2300,2300,2300,3922,0,220,437.3913986667514,91.7988780001906,2594.0492990002895,3380.6506884242735
1780062665,40,GET,/api/concerts,3.300000,0.000000,4,4,16,18,32,39,89,89,89,89,89,776,0,3,13.132327335051272,1.9829419998131925,321.7380289997891,753.0
1780062665,40,GET,/health,0.900000,0.000000,3,6,17,17,43,57,57,57,57,57,57,415,0,3,13.739628359036876,1.640310999846406,323.28264199986734,56.0
1780062665,40,,Aggregated,17.100000,0.000000,170,250,380,540,1200,1900,2000,2100,2300,2300,2300,5113,0,160,338.6156263156656,1.640310999846406,2594.0492990002895,2712.0046939174654
1780062666,40,POST,/api/book,12.700000,0.000000,230,340,540,970,1300,2000,2000,2100,2300,2300,2300,3933,0,220,436.6761811634881,91.7988780001906,2594.0492990002895,3380.623188405797
1780062666,40,GET,/api/concerts,3.200000,0.000000,4,9,16,18,32,39,89,89,89,89,89,781,0,3,13.067684143404994,1.9829419998131925,321.7380289997891,753.0
1780062666,40,GET,/health,0.800000,0.000000,3,6,17,43,57,57,57,57,57,57,57,416,0,3,13.712557637019858,1.640310999846406,323.28264199986734,56.0
1780062666,40,,Aggregated,16.700000,0.000000,180,260,380,540,1200,1900,2000,2100,2300,2300,2300,5130,0,160,337.88649236042835,1.640310999846406,2594.0492990002895,2710.990253411306
1780062667,40,POST,/api/book,13.300000,0.000000,240,340,540,970,1300,2000,2000,2100,2300,2300,2300,3944,0,220,436.11324337043595,91.7988780001906,2594.0492990002895,3380.61130831643
1780062667,40,GET,/api/concerts,2.800000,0.000000,4,4,10,18,32,39,89,89,89,89,89,783,0,3,13.041041902935788,1.9829419998131925,321.7380289997891,753.0
1780062667,40,GET,/health,0.900000,0.000000,3,6,17,17,43,43,43,43,43,43,43,416,0,3,13.712557637019858,1.640310999846406,323.28264199986734,56.0
1780062667,40,,Aggregated,17.000000,0.000000,190,300,420,570,1200,1900,2000,2100,2300,2300,2300,5143,0,160,337.5357168267543,1.640310999846406,2594.0492990002895,2711.6519541123857
1780062668,40,POST,/api/book,13.000000,0.000000,250,340,520,630,1200,2000,2000,2100,2300,2300,2300,3954,0,220,435.65973487582215,91.7988780001906,2594.0492990002895,3380.6365705614567
1780062668,40,GET,/api/concerts,2.700000,0.000000,4,9,10,16,24,28,89,89,89,89,89,785,0,3,13.05616894012546,1.9829419998131925,321.7380289997891,753.0
1780062668,40,GET,/health,1.100000,0.000000,3,3,6,6,17,17,17,17,17,17,17,416,0,3,13.712557637019858,1.640310999846406,323.28264199986734,56.0
1780062668,40,,Aggregated,16.800000,0.000000,200,300,380,520,1200,1900,2000,2100,2300,2300,2300,5155,0,160,337.2555011239571,1.640310999846406,2594.0492990002895,2712.2091173617846
1780062669,40,POST,/api/book,13.200000,0.000000,230,320,440,570,1400,2000,2000,2100,2300,2300,2300,3969,0,220,435.38588258906526,91.7988780001906,2594.0492990002895,3380.6107331821618
1780062669,40,GET,/api/concerts,2.300000,0.000000,4,9,10,18,28,30,89,89,89,89,89,787,0,3,13.063712986021027,1.9829419998131925,321.7380289997891,753.0
1780062669,40,GET,/health,1.000000,0.000000,3,3,6,6,17,17,17,17,17,17,17,416,0,3,13.712557637019858,1.640310999846406,323.28264199986734,56.0
1780062669,40,,Aggregated,16.500000,0.000000,180,280,340,450,1200,1900,2000,2100,2300,2300,2300,5172,0,160,337.20652244644197,1.640310999846406,2594.0492990002895,2713.3702629543695
1780062670,40,POST,/api/book,13.000000,0.000000,220,340,510,970,1500,1900,2000,2100,2200,2200,2200,3987,0,220,438.2579450448961,91.7988780001906,2594.0492990002895,3380.582894406822
1780062670,40,GET,/api/concerts,2.300000,0.000000,4,9,16,18,30,66,89,89,89,89,89,791,0,3,13.099897360301512,1.9829419998131925,321.7380289997891,753.0
1780062670,40,GET,/health,0.800000,0.000000,3,3,6,6,17,17,17,17,17,17,17,418,0,3,13.662566906699986,1.640310999846406,323.28264199986734,56.0
1780062670,40,,Aggregated,16.100000,0.000000,170,270,350,510,1200,1800,2000,2100,2200,2200,2200,5196,0,160,339.37786733506533,1.640310999846406,2594.0492990002895,2713.1283679753656
1780062671,40,POST,/api/book,13.400000,0.000000,190,300,440,910,1300,1700,2000,2100,2200,2200,2200,3996,0,220,437.6651236624127,91.7988780001906,2594.0492990002895,3380.5758258258256
1780062671,40,GET,/api/concerts,2.300000,0.000000,4,8,16,18,30,66,89,89,89,89,89,795,0,3,13.054653051569758,1.9829419998131925,321.7380289997891,753.0
1780062671,40,GET,/health,0.600000,0.000000,2,3,3,3,3,3,3,3,3,3,3,422,0,3,13.556521154029005,1.640310999846406,323.28264199986734,56.0
1780062671,40,,Aggregated,16.300000,0.000000,150,230,320,420,1100,1500,1900,2100,2200,2200,2200,5213,0,160,338.57838773412595,1.640310999846406,2594.0492990002895,2710.7323997698063
1780062672,40,POST,/api/book,13.900000,0.000000,190,300,440,910,1300,1700,2000,2100,2200,2200,2200,4010,0,220,437.04573385511253,91.7988780001906,2594.0492990002895,3380.5713216957606
1780062672,40,GET,/api/concerts,2.400000,0.000000,4,7,9,16,30,66,89,89,89,89,89,799,0,3,13.006708523151131,1.9829419998131925,321.7380289997891,753.0
1780062672,40,GET,/health,0.500000,0.000000,2,3,3,3,3,3,3,3,3,3,3,422,0,3,13.556521154029005,1.640310999846406,323.28264199986734,56.0
1780062672,40,,Aggregated,16.800000,0.000000,150,220,300,390,1100,1500,1900,2100,2200,2200,2200,5231,0,160,338.11252242324576,1.640310999846406,2594.0492990002895,2711.024660676735
1780062673,40,POST,/api/book,12.900000,0.000000,190,280,350,440,1200,1700,2000,2100,2200,2200,2200,4021,0,220,436.353272942303,91.7988780001906,2594.0492990002895,3380.568266600348
1780062673,40,GET,/api/concerts,2.800000,0.000000,3,4,7,9,28,30,66,66,66,66,66,803,0,3,12.95692665005965,1.9829419998131925,321.7380289997891,753.0
1780062673,40,GET,/health,0.900000,0.000000,2,2,3,3,3,3,3,3,3,3,3,425,0,3,13.47736014117639,1.640310999846406,323.28264199986734,56.0
1780062673,40,,Aggregated,16.600000,0.000000,150,200,280,330,1100,1500,1900,2100,2200,2200,2200,5249,0,160,337.34212243493954,1.640310999846406,2594.0492990002895,2709.4158887407125
1780062674,40,POST,/api/book,12.800000,0.000000,180,280,340,410,1200,1800,2000,2100,2200,2200,2200,4031,0,220,435.8832376712978,91.7988780001906,2594.0492990002895,3380.6129992557676
1780062674,40,GET,/api/concerts,3.200000,0.000000,3,4,4,7,28,30,66,66,66,66,66,805,0,3,12.931161055897725,1.9829419998131925,321.7380289997891,753.0
1780062674,40,GET,/health,1.000000,0.000000,2,3,3,3,3,20,20,20,20,20,20,427,0,3,13.466275873535386,1.640310999846406,323.28264199986734,56.0
1780062674,40,,Aggregated,17.000000,0.000000,150,190,280,300,750,1500,1900,2100,2200,2200,2200,5263,0,160,336.91906051700516,1.640310999846406,2594.0492990002895,2708.973589207676
1780062675,40,POST,/api/book,13.100000,0.000000,180,270,330,390,1100,1800,2000,2100,2200,2200,2200,4041,0,220,435.66293874758736,91.7988780001906,2594.0492990002895,3380.6550358822074
1780062675,40,GET,/api/concerts,3.000000,0.000000,3,4,6,8,28,51,66,66,66,66,66,812,0,3,12.928814052953147,1.9829419998131925,321.7380289997891,753.0
1780062675,40,GET,/health,1.000000,0.000000,2,3,3,3,3,20,20,20,20,20,20,428,0,3,13.44182520794301,1.640310999846406,323.28264199986734,56.0
1780062675,40,,Aggregated,17.100000,0.000000,150,190,270,300,600,1500,1900,2100,2200,2200,2200,5281,0,160,336.44484636981576,1.640310999846406,2594.0492990002895,2707.1825411853815
1780062676,40,POST,/api/book,13.000000,0.000000,190,290,440,710,1500,1800,2000,2100,2200,2200,2200,4054,0,220,437.08562473334956,91.7988780001906,2594.0492990002895,3380.639121854958
1780062676,40,GET,/api/concerts,3.100000,0.000000,3,5,7,10,30,52,66,66,66,66,66,816,0,3,12.944783370095498,1.9829419998131925,321.7380289997891,753.0
1780062676,40,GET,/health,1.400000,0.000000,2,3,3,3,3,20,20,20,20,20,20,428,0,3,13.44182520794301,1.640310999846406,323.28264199986734,56.0
1780062676,40,,Aggregated,17.500000,0.000000,150,190,280,350,1200,1700,1900,2100,2200,2200,2200,5298,0,160,337.535139125707,1.640310999846406,2594.0492990002895,2707.347489618724
1780062677,40,POST,/api/book,12.200000,0.000000,180,280,440,710,1500,1800,2000,2100,2200,2200,2200,4069,0,220,436.5856722767263,91.7988780001906,2594.0492990002895,3380.6429098058493
1780062677,40,GET,/api/concerts,3.300000,0.000000,3,4,7,8,30,52,66,66,66,66,66,820,0,3,12.894838602436522,1.9829419998131925,321.7380289997891,753.0
1780062677,40,GET,/health,1.500000,0.000000,3,3,3,3,3,20,20,20,20,20,20,430,0,3,13.391000841860405,1.640310999846406,323.28264199986734,56.0
1780062677,40,,Aggregated,17.000000,0.000000,150,190,270,360,1200,1700,1900,2100,2200,2200,2200,5319,0,160,337.05564927805915,1.640310999846406,2594.0492990002895,2706.7824779093817
1780062678,40,POST,/api/book,12.200000,0.000000,170,300,540,750,1500,1800,2000,2100,2200,2200,2200,4078,0,220,436.2193801461499,91.7988780001906,2594.0492990002895,3380.608631682197
1780062678,40,GET,/api/concerts,3.600000,0.000000,3,4,5,7,30,52,66,66,66,66,66,825,0,3,12.8344506896952,1.9829419998131925,321.7380289997891,753.0
1780062678,40,GET,/health,1.300000,0.000000,3,3,3,3,20,47,47,47,47,47,47,432,0,3,13.468342837963174,1.640310999846406,323.28264199986734,56.0
1780062678,40,,Aggregated,17.100000,0.000000,150,160,260,360,1100,1700,1900,2100,2200,2200,2200,5335,0,160,336.51534735913725,1.640310999846406,2594.0492990002895,2705.068228678538
1780062679,40,POST,/api/book,12.500000,0.000000,180,300,450,690,1200,1300,1600,1700,1800,1800,1800,4088,0,220,436.85863747871804,91.7988780001906,2594.0492990002895,3380.6560665362035
1780062679,40,GET,/api/concerts,3.600000,0.000000,3,4,4,6,20,52,66,66,66,66,66,826,0,3,12.834289585954881,1.9829419998131925,321.7380289997891,753.0
1780062679,40,GET,/health,1.400000,0.000000,3,3,3,3,20,47,47,47,47,47,47,434,0,3,13.418035698156807,1.640310999846406,323.28264199986734,56.0
1780062679,40,,Aggregated,17.500000,0.000000,150,160,260,320,810,1200,1400,1700,1800,1800,1800,5348,0,160,337.0049851727744,1.640310999846406,2594.0492990002895,2705.011967090501
1780062680,40,POST,/api/book,12.500000,0.000000,180,300,440,690,1200,1400,1600,1700,1800,1800,1800,4105,0,220,437.10649066796566,91.7988780001906,2594.0492990002895,3380.6884287454322
1780062680,40,GET,/api/concerts,3.600000,0.000000,3,4,5,6,20,51,52,52,52,52,52,828,0,3,12.837158411834254,1.9829419998131925,321.7380289997891,753.0
1780062680,40,GET,/health,1.500000,0.000000,3,3,13,13,47,120,120,120,120,120,120,437,0,3,13.612547514875207,1.640310999846406,323.28264199986734,56.0
1780062680,40,,Aggregated,17.600000,0.000000,150,180,300,340,980,1300,1500,1700,1800,1800,1800,5370,0,160,337.22532488286737,1.640310999846406,2594.0492990002895,2704.968715083799
1780062681,40,POST,/api/book,11.900000,0.000000,200,320,510,720,1200,1400,1600,1700,1800,1800,1800,4115,0,220,436.9844885691368,91.7988780001906,2594.0492990002895,3380.673390036452
1780062681,40,GET,/api/concerts,4.000000,0.000000,3,3,4,6,20,51,52,52,52,52,52,830,0,3,12.812252297588925,1.9829419998131925,321.7380289997891,753.0
1780062681,40,GET,/health,1.700000,0.000000,3,3,13,13,47,120,120,120,120,120,120,437,0,3,13.612547514875207,1.640310999846406,323.28264199986734,56.0
1780062681,40,,Aggregated,17.600000,0.000000,150,210,310,440,1200,1300,1500,1700,1800,1800,1800,5382,0,160,337.19324101319154,1.640310999846406,2594.0492990002895,2705.487365291713
1780062682,40,POST,/api/book,12.100000,0.000000,200,340,690,850,1200,1400,1600,1700,1800,1800,1800,4132,0,220,436.90941172652396,91.7988780001906,2594.0492990002895,3380.650774443369
1780062682,40,GET,/api/concerts,3.900000,0.000000,3,3,6,7,26,52,71,71,71,71,71,832,0,3,12.87028906129651,1.9829419998131925,321.7380289997891,753.0
1780062682,40,GET,/health,1.800000,0.000000,3,3,13,20,47,120,120,120,120,120,120,437,0,3,13.612547514875207,1.640310999846406,323.28264199986734,56.0
1780062682,40,,Aggregated,17.800000,0.000000,150,220,320,510,1200,1300,1500,1700,1800,1800,1800,5401,0,160,337.33872486891244,1.640310999846406,2594.0492990002895,2706.8722458803927
1780062683,40,POST,/api/book,12.000000,0.000000,220,460,820,980,1300,1400,1600,1700,1800,1800,1800,4143,0,220,437.366648463673,91.7988780001906,2594.0492990002895,3380.6270818247644
1780062683,40,GET,/api/concerts,3.800000,0.000000,3,4,7,20,51,52,71,71,71,71,71,833,0,3,12.916641627849689,1.9829419998131925,321.7380289997891,753.0
1780062683,40,GET,/health,1.600000,0.000000,3,3,6,13,47,120,120,120,120,120,120,440,0,3,13.543921613639172,1.640310999846406,323.28264199986734,56.0
1780062683,40,,Aggregated,17.400000,0.000000,150,230,460,720,1200,1300,1500,1700,1800,1800,1800,5416,0,160,337.65304884988865,1.640310999846406,2594.0492990002895,2706.3934638109304
1780062684,40,POST,/api/book,12.300000,0.000000,220,460,770,900,1200,1400,1600,1700,1800,1800,1800,4158,0,220,437.0178860553144,91.7988780001906,2594.0492990002895,3380.5752765752763
1780062684,40,GET,/api/concerts,3.200000,0.000000,3,4,13,20,51,52,71,71,71,71,71,834,0,3,12.904317046761264,1.9829419998131925,321.7380289997891,753.0
1780062684,40,GET,/health,1.500000,0.000000,3,3,6,6,47,120,120,120,120,120,120,442,0,3,13.494938703624074,1.640310999846406,323.28264199986734,56.0
1780062684,40,,Aggregated,17.000000,0.000000,150,260,480,710,1200,1300,1500,1700,1800,1800,1800,5434,0,160,337.47650598858996,1.640310999846406,2594.0492990002895,2706.88001472212
1780062685,40,POST,/api/book,11.900000,0.000000,220,310,600,720,1200,1300,1300,1400,1500,1500,1500,4169,0,220,436.4331274948425,91.7988780001906,2594.0492990002895,3380.606380426961
1780062685,40,GET,/api/concerts,3.300000,0.000000,3,3,13,20,51,52,71,71,71,71,71,836,0,3,12.899605815788167,1.9829419998131925,321.7380289997891,753.0
1780062685,40,GET,/health,1.600000,0.000000,3,3,6,13,47,120,120,120,120,120,120,445,0,3,13.476127943823904,1.640310999846406,323.28264199986734,56.0
1780062685,40,,Aggregated,16.800000,0.000000,150,250,310,510,980,1200,1300,1400,1500,1500,1500,5450,0,160,336.9303955822015,1.640310999846406,2594.0492990002895,2706.087339449541
1780062686,40,POST,/api/book,12.400000,0.000000,230,310,600,820,1200,1300,1300,1400,1500,1500,1500,4180,0,220,436.587702910765,91.7988780001906,2594.0492990002895,3380.6136363636365
1780062686,40,GET,/api/concerts,2.900000,0.000000,3,3,4,13,26,51,71,71,71,71,71,839,0,3,12.862113278902061,1.9829419998131925,321.7380289997891,753.0
1780062686,40,GET,/health,1.400000,0.000000,3,6,18,18,47,120,120,120,120,120,120,446,0,3,13.486938143501503,1.640310999846406,323.28264199986734,56.0
1780062686,40,,Aggregated,16.700000,0.000000,150,250,310,540,1100,1200,1300,1400,1500,1500,1500,5465,0,160,337.00696900640395,1.640310999846406,2594.0492990002895,2705.893504117109
1780062687,40,POST,/api/book,12.800000,0.000000,240,310,610,850,1200,1300,1300,1400,1500,1500,1500,4191,0,220,436.23974802815513,91.7988780001906,2594.0492990002895,3380.626342161775
1780062687,40,GET,/api/concerts,2.800000,0.000000,3,4,11,13,26,51,71,71,71,71,71,842,0,3,12.838045346791827,1.9829419998131925,321.7380289997891,753.0
1780062687,40,GET,/health,1.600000,0.000000,3,3,18,27,47,120,120,120,120,120,120,446,0,3,13.486938143501503,1.640310999846406,323.28264199986734,56.0
1780062687,40,,Aggregated,17.200000,0.000000,160,270,340,600,1100,1200,1300,1400,1500,1500,1500,5479,0,160,336.7595533089976,1.640310999846406,2594.0492990002895,2706.1885380543895
1780062688,40,POST,/api/book,12.200000,0.000000,230,340,740,930,1300,1500,2100,2400,2500,2500,2500,4209,0,220,438.5333631957705,91.7988780001906,2594.0492990002895,3380.5996673794252
1780062688,40,GET,/api/concerts,2.400000,0.000000,3,4,11,13,26,51,71,71,71,71,71,848,0,3,12.767818547168421,1.9829419998131925,321.7380289997891,753.0
1780062688,40,GET,/health,1.700000,0.000000,3,3,6,18,27,120,120,120,120,120,120,447,0,3,13.46217022371746,1.640310999846406,323.28264199986734,56.0
1780062688,40,,Aggregated,16.300000,0.000000,180,270,440,710,1200,1400,2100,2400,2500,2500,2500,5504,0,160,338.41417621893135,1.640310999846406,2594.0492990002895,2705.7630813953488
1780062689,40,POST,/api/book,12.100000,0.000000,220,310,630,850,1300,1800,2100,2400,2500,2500,2500,4218,0,220,438.0603374357512,91.7988780001906,2594.0492990002895,3380.5860597439546
1780062689,40,GET,/api/concerts,2.300000,0.000000,3,3,5,11,26,51,71,71,71,71,71,849,0,3,12.756235999998463,1.9829419998131925,321.7380289997891,753.0
1780062689,40,GET,/health,1.600000,0.000000,3,3,18,18,27,120,120,120,120,120,120,447,0,3,13.46217022371746,1.640310999846406,323.28264199986734,56.0
1780062689,40,,Aggregated,16.000000,0.000000,180,250,360,610,1200,1500,2100,2400,2500,2500,2500,5514,0,160,338.15490347442847,1.640310999846406,2594.0492990002895,2706.5
1780062690,40,POST,/api/book,12.800000,0.000000,210,290,510,710,1200,1500,2100,2400,2500,2500,2500,4233,0,220,437.37989609355003,91.7988780001906,2594.0492990002895,3380.5856366643043
1780062690,40,GET,/api/concerts,2.500000,0.000000,3,4,11,20,71,92,93,93,93,93,93,852,0,3,12.931536503519688,1.9829419998131925,321.7380289997891,753.0
1780062690,40,GET,/health,1.500000,0.000000,3,3,6,18,27,120,120,120,120,120,120,449,0,3,13.413186763923912,1.640310999846406,323.28264199986734,56.0
1780062690,40,,Aggregated,16.800000,0.000000,180,230,290,460,980,1400,2100,2400,2500,2500,2500,5534,0,160,337.6344940589081,1.640310999846406,2594.0492990002895,2706.3099024213952
1780062691,40,POST,/api/book,13.100000,0.000000,210,300,560,750,1200,1800,2100,2400,2500,2500,2500,4243,0,220,437.45483692693784,91.7988780001906,2594.0492990002895,3380.5566815932125
1780062691,40,GET,/api/concerts,2.400000,0.000000,3,5,20,40,71,92,93,93,93,93,93,853,0,3,12.963107499412173,1.9829419998131925,321.7380289997891,753.0
1780062691,40,GET,/health,1.400000,0.000000,3,3,3,6,18,27,27,27,27,27,27,450,0,3,13.388625957781592,1.640310999846406,323.28264199986734,56.0
1780062691,40,,Aggregated,16.900000,0.000000,170,240,310,540,1100,1400,2100,2400,2500,2500,2500,5546,0,160,337.7575343416872,1.640310999846406,2594.0492990002895,2706.673458348359
1780062692,40,POST,/api/book,12.500000,0.000000,220,320,590,900,1700,2100,2400,2500,2500,2500,2500,4257,0,220,439.3632359706356,91.7988780001906,2594.0492990002895,3380.535118628142
1780062692,40,GET,/api/concerts,2.200000,0.000000,3,4,20,40,71,92,93,93,93,93,93,855,0,3,12.938945528652798,1.9829419998131925,321.7380289997891,753.0
1780062692,40,GET,/health,1.400000,0.000000,3,3,3,6,18,27,27,27,27,27,27,451,0,3,13.364739844792892,1.640310999846406,323.28264199986734,56.0
1780062692,40,,Aggregated,16.100000,0.000000,180,260,340,590,1300,2000,2400,2500,2500,2500,2500,5563,0,160,339.2880804644967,1.640310999846406,2594.0492990002895,2707.174006830847
1780062693,40,POST,/api/book,12.900000,0.000000,220,310,590,930,1900,2400,2500,2500,2500,2500,2500,4270,0,220,440.81791839203623,91.7988780001906,2594.0492990002895,3380.563700234192
1780062693,40,GET,/api/concerts,2.300000,0.000000,3,3,5,11,92,93,150,150,150,150,150,860,0,3,13.047982381393668,1.9829419998131925,321.7380289997891,753.0
1780062693,40,GET,/health,1.200000,0.000000,3,3,3,3,18,27,27,27,27,27,27,451,0,3,13.364739844792892,1.640310999846406,323.28264199986734,56.0
1780062693,40,,Aggregated,16.400000,0.000000,170,240,330,540,1700,2100,2400,2500,2500,2500,2500,5581,0,160,340.3585870008949,1.640310999846406,2594.0492990002895,2707.013617631249
1780062694,40,POST,/api/book,12.300000,0.000000,220,340,590,930,1900,2400,2500,2500,2500,2500,2500,4282,0,220,440.2226460810357,91.7988780001906,2594.0492990002895,3380.5523120037365
1780062694,40,GET,/api/concerts,2.300000,0.000000,3,3,4,5,92,93,150,150,150,150,150,863,0,3,13.012678013902446,1.9829419998131925,321.7380289997891,753.0
1780062694,40,GET,/health,1.400000,0.000000,3,3,4,4,18,18,18,18,18,18,18,452,0,3,13.343671442481714,1.640310999846406,323.28264199986734,56.0
1780062694,40,,Aggregated,16.000000,0.000000,170,240,360,590,1700,2100,2400,2500,2500,2500,2500,5597,0,160,339.8775506766114,1.640310999846406,2594.0492990002895,2706.9279971413257
1780062695,40,POST,/api/book,13.000000,0.000000,210,360,590,930,1800,2100,2500,2500,2500,2500,2500,4294,0,220,439.7433456804832,91.7988780001906,2594.0492990002895,3380.54331625524
1780062695,40,GET,/api/concerts,2.600000,0.000000,3,3,4,5,92,93,150,150,150,150,150,866,0,3,12.97709705657937,1.9829419998131925,321.7380289997891,753.0
1780062695,40,GET,/health,1.300000,0.000000,3,3,3,4,18,18,18,18,18,18,18,455,0,3,13.273196764838668,1.640310999846406,323.28264199986734,56.0
1780062695,40,,Aggregated,16.900000,0.000000,170,230,410,590,1700,2100,2400,2500,2500,2500,2500,5615,0,160,339.3651641907379,1.640310999846406,2594.0492990002895,2705.900445235975
1780062696,40,POST,/api/book,12.400000,0.000000,220,410,590,760,1900,2400,2500,2500,2500,2500,2500,4305,0,220,439.7048930216017,91.7988780001906,2594.0492990002895,3380.543554006969
1780062696,40,GET,/api/concerts,3.000000,0.000000,3,3,4,4,92,93,150,150,150,150,150,867,0,3,12.966547230677882,1.9829419998131925,321.7380289997891,753.0
1780062696,40,GET,/health,1.200000,0.000000,3,3,4,4,18,20,20,20,20,20,20,457,0,3,13.265018929982855,1.640310999846406,323.28264199986734,56.0
1780062696,40,,Aggregated,16.600000,0.000000,170,260,420,540,1700,2100,2400,2500,2500,2500,2500,5629,0,160,339.35577803481874,1.640310999846406,2594.0492990002895,2705.930538283887
1780062697,40,POST,/api/book,12.600000,0.000000,200,390,530,620,1300,2000,2400,2500,2500,2500,2500,4316,0,220,440.09082660148164,91.7988780001906,2594.0492990002895,3380.5600092678405
1780062697,40,GET,/api/concerts,2.700000,0.000000,3,3,4,4,92,93,150,150,150,150,150,869,0,3,12.942764551205416,1.9829419998131925,321.7380289997891,753.0
1780062697,40,GET,/health,1.000000,0.000000,3,3,3,3,4,20,20,20,20,20,20,458,0,3,13.241759305681498,1.640310999846406,323.28264199986734,56.0
1780062697,40,,Aggregated,16.300000,0.000000,170,230,410,500,1200,1800,2400,2500,2500,2500,2500,5643,0,160,339.66755197040476,1.640310999846406,2594.0492990002895,2706.0964026227184
1780062698,40,POST,/api/book,12.800000,0.000000,220,470,620,1100,1800,2000,2400,2500,2500,2500,2500,4334,0,220,441.9979193158734,91.7988780001906,2594.0492990002895,3380.577988001846
1780062698,40,GET,/api/concerts,2.800000,0.000000,3,3,4,26,92,93,150,150,150,150,150,873,0,3,12.97048211110871,1.9829419998131925,321.7380289997891,753.0
1780062698,40,GET,/health,1.100000,0.000000,3,3,3,3,4,20,20,20,20,20,20,460,0,3,13.195514010873882,1.640310999846406,323.28264199986734,56.0
1780062698,40,,Aggregated,16.700000,0.000000,160,280,500,590,1700,2000,2400,2500,2500,2500,2500,5667,0,160,341.09972642368,1.640310999846406,2594.0492990002895,2705.938591847538
1780062699,40,POST,/api/book,12.600000,0.000000,240,440,610,950,1800,2000,2400,2500,2500,2500,2500,4347,0,220,441.49822875339225,91.7988780001906,2594.0492990002895,3380.5930526800094
1780062699,40,GET,/api/concerts,2.800000,0.000000,3,4,7,40,92,93,150,150,150,150,150,874,0,3,12.963196393590309,1.9829419998131925,321.7380289997891,753.0
1780062699,40,GET,/health,1.100000,0.000000,3,3,3,4,5,20,20,20,20,20,20,461,0,3,13.17828521041717,1.640310999846406,323.28264199986734,56.0
1780062699,40,,Aggregated,16.500000,0.000000,160,320,480,550,1700,2000,2400,2500,2500,2500,2500,5682,0,160,340.8303103697634,1.640310999846406,2594.0492990002895,2706.683562126012
1780062700,40,POST,/api/book,12.100000,0.000000,270,500,620,920,1800,2000,2400,2500,2500,2500,2500,4356,0,220,441.33731726744645,91.7988780001906,2594.0492990002895,3380.598025711662
1780062700,40,GET,/api/concerts,2.600000,0.000000,3,3,4,4,26,45,150,150,150,150,150,875,0,3,12.951506148569024,1.9829419998131925,321.7380289997891,753.0
1780062700,40,GET,/health,1.400000,0.000000,3,3,4,4,5,20,20,20,20,20,20,461,0,3,13.17828521041717,1.640310999846406,323.28264199986734,56.0
1780062700,40,,Aggregated,16.100000,0.000000,150,340,520,610,1700,2000,2400,2500,2500,2500,2500,5692,0,160,340.80694156342173,1.640310999846406,2594.0492990002895,2707.409697821504
1780062701,40,POST,/api/book,12.300000,0.000000,280,500,740,1100,1800,2000,2400,2500,2500,2500,2500,4371,0,220,441.94532920384273,91.7988780001906,2594.0492990002895,3380.5971173644475
1780062701,40,GET,/api/concerts,2.500000,0.000000,3,3,4,7,26,45,150,150,150,150,150,876,0,3,12.945910824198387,1.9829419998131925,321.7380289997891,753.0
1780062701,40,GET,/health,1.300000,0.000000,3,3,3,4,20,43,43,43,43,43,43,466,0,3,13.151217804726341,1.640310999846406,323.28264199986734,56.0
1780062701,40,,Aggregated,16.100000,0.000000,160,340,520,620,1400,1900,2400,2500,2500,2500,2500,5713,0,160,341.18888838246045,1.640310999846406,2594.0492990002895,2706.513915631017
1780062702,40,POST,/api/book,12.400000,0.000000,230,490,650,930,1400,1800,1900,2000,2100,2100,2100,4385,0,220,443.04734969532433,91.7988780001906,2594.0492990002895,3380.5865450399087
1780062702,40,GET,/api/concerts,2.500000,0.000000,3,4,7,8,45,45,45,45,45,45,45,878,0,3,12.971330332571693,1.9829419998131925,321.7380289997891,753.0
1780062702,40,GET,/health,1.200000,0.000000,3,3,4,4,20,43,43,43,43,43,43,467,0,3,13.128412032124901,1.640310999846406,323.28264199986734,56.0
1780062702,40,,Aggregated,16.100000,0.000000,150,290,500,620,1200,1700,1800,2000,2100,2100,2100,5730,0,160,342.1086256308895,1.640310999846406,2594.0492990002895,2707.0083769633507
1780062703,40,POST,/api/book,12.500000,0.000000,280,490,650,920,1400,1800,1900,2000,2100,2100,2100,4397,0,220,442.6132904873773,91.7988780001906,2594.0492990002895,3380.6006367978166
1780062703,40,GET,/api/concerts,2.300000,0.000000,3,3,4,7,26,45,45,45,45,45,45,881,0,3,12.936655540292634,1.9829419998131925,321.7380289997891,753.0
1780062703,40,GET,/health,1.500000,0.000000,3,3,3,5,20,43,43,43,43,43,43,467,0,3,13.128412032124901,1.640310999846406,323.28264199986734,56.0
1780062703,40,,Aggregated,16.300000,0.000000,160,370,520,650,1200,1700,1800,2000,2100,2100,2100,5745,0,160,341.8100609613573,1.640310999846406,2594.0492990002895,2707.4057441253262
1780062704,40,POST,/api/book,13.000000,0.000000,250,440,650,920,1400,1800,1900,2000,2100,2100,2100,4411,0,220,441.8470530573561,91.7988780001906,2594.0492990002895,3380.579007027885
1780062704,40,GET,/api/concerts,2.200000,0.000000,3,3,4,7,26,45,45,45,45,45,45,884,0,3,12.90197693777998,1.9829419998131925,321.7380289997891,753.0
1780062704,40,GET,/health,1.500000,0.000000,3,3,3,5,20,43,43,43,43,43,43,467,0,3,13.128412032124901,1.640310999846406,323.28264199986734,56.0
1780062704,40,,Aggregated,16.700000,0.000000,160,310,520,650,1200,1700,1800,2000,2100,2100,2100,5762,0,160,341.2918547497392,1.640310999846406,2594.0492990002895,2708.0072891357167
1780062705,40,POST,/api/book,12.500000,0.000000,220,400,530,740,1400,1800,1900,2000,2100,2100,2100,4427,0,220,441.09863561283004,91.7988780001906,2594.0492990002895,3380.6200587305175
1780062705,40,GET,/api/concerts,1.900000,0.000000,3,3,7,8,26,45,45,45,45,45,45,888,0,3,12.862899995492594,1.9829419998131925,321.7380289997891,753.0
1780062705,40,GET,/health,1.600000,0.000000,3,3,3,3,5,43,43,43,43,43,43,468,0,3,13.105530602569877,1.640310999846406,323.28264199986734,56.0
1780062705,40,,Aggregated,16.000000,0.000000,160,290,440,530,1200,1700,1800,2000,2100,2100,2100,5783,0,160,340.705395707418,1.640310999846406,2594.0492990002895,2708.088708282898
1780062706,40,POST,/api/book,13.000000,0.000000,190,370,530,870,1400,1800,1900,2000,2100,2100,2100,4432,0,220,440.9745208260377,91.7988780001906,2594.0492990002895,3380.634476534296
1780062706,40,GET,/api/concerts,2.000000,0.000000,3,3,8,8,38,45,45,45,45,45,45,890,0,3,12.879262617974582,1.9829419998131925,321.7380289997891,753.0
1780062706,40,GET,/health,1.500000,0.000000,3,3,5,5,43,69,69,69,69,69,69,469,0,3,13.225355119408896,1.640310999846406,323.28264199986734,56.0
1780062706,40,,Aggregated,16.500000,0.000000,160,280,400,530,1200,1700,1800,2000,2100,2100,2100,5791,0,160,340.53951158383677,1.640310999846406,2594.0492990002895,2707.547228457952
1780062707,40,POST,/api/book,12.900000,0.000000,220,370,650,950,1600,1700,1900,2000,2100,2100,2100,4454,0,220,442.4002036827568,91.7988780001906,2594.0492990002895,3380.6468343062415
1780062707,40,GET,/api/concerts,2.300000,0.000000,3,3,8,8,45,56,56,56,56,56,56,892,0,3,12.91593873318076,1.9829419998131925,321.7380289997891,753.0
1780062707,40,GET,/health,1.400000,0.000000,3,3,5,43,69,150,150,150,150,150,150,470,0,3,13.508821865962865,1.640310999846406,323.28264199986734,56.0
1780062707,40,,Aggregated,16.600000,0.000000,170,300,400,650,1400,1700,1800,2000,2100,2100,2100,5816,0,160,341.8708168552267,1.640310999846406,2594.0492990002895,2708.9747248968365
1780062708,40,POST,/api/book,12.900000,0.000000,200,340,450,650,1400,1600,1700,1700,1800,1800,1800,4468,0,220,441.8086496647267,91.7988780001906,2594.0492990002895,3380.665398388541
1780062708,40,GET,/api/concerts,2.200000,0.000000,3,3,7,8,38,45,56,56,56,56,56,894,0,3,12.894062793061972,1.9829419998131925,321.7380289997891,753.0
1780062708,40,GET,/health,1.300000,0.000000,3,10,43,43,69,150,150,150,150,150,150,471,0,3,13.501435401278842,1.640310999846406,323.28264199986734,56.0
1780062708,40,,Aggregated,16.400000,0.000000,170,300,370,450,1200,1600,1700,1700,1800,1800,1800,5833,0,160,341.4859446104918,1.640310999846406,2594.0492990002895,2709.475570032573
1780062709,40,POST,/api/book,13.900000,0.000000,190,320,410,650,1400,1600,1700,1700,1800,1800,1800,4476,0,220,441.58001560969586,91.7988780001906,2594.0492990002895,3380.647229669348
1780062709,40,GET,/api/concerts,2.300000,0.000000,3,3,4,8,38,45,56,56,56,56,56,896,0,3,12.871346337050735,1.9829419998131925,321.7380289997891,753.0
1780062709,40,GET,/health,1.300000,0.000000,3,10,43,69,150,150,150,150,150,150,150,471,0,3,13.501435401278842,1.640310999846406,323.28264199986734,56.0
1780062709,40,,Aggregated,17.500000,0.000000,160,250,360,410,1300,1600,1700,1700,1800,1800,1800,5843,0,160,341.33220131114126,1.640310999846406,2594.0492990002895,2709.71093616293
1780062710,40,POST,/api/book,13.700000,0.000000,190,340,450,730,1400,1600,1700,1700,1800,1800,1800,4491,0,220,441.743920034068,91.7988780001906,2594.0492990002895,3380.649075929637
1780062710,40,GET,/api/concerts,2.000000,0.000000,3,3,4,8,38,45,56,56,56,56,56,900,0,3,12.834156426663665,1.9829419998131925,321.7380289997891,753.0
1780062710,40,GET,/health,1.000000,0.000000,10,43,69,69,150,150,150,150,150,150,150,472,0,3,13.478083347462864,1.640310999846406,323.28264199986734,56.0
1780062710,40,,Aggregated,16.700000,0.000000,160,270,370,450,1300,1600,1700,1700,1800,1800,1800,5863,0,160,341.4266315874125,1.640310999846406,2594.0492990002895,2709.6413099096026
1780062711,40,POST,/api/book,13.400000,0.000000,180,330,400,510,1300,1600,1700,1700,1800,1800,1800,4502,0,220,441.2577930619725,91.7988780001906,2594.0492990002895,3380.668369613505
1780062711,40,GET,/api/concerts,2.100000,0.000000,3,3,4,8,45,53,56,56,56,56,56,904,0,3,12.845321891589755,1.9829419998131925,321.7380289997891,753.0
1780062711,40,GET,/health,1.100000,0.000000,3,3,10,69,150,150,150,150,150,150,150,475,0,3,13.409192905268068,1.640310999846406,323.28264199986734,56.0
1780062711,40,,Aggregated,16.600000,0.000000,160,250,350,400,1100,1600,1700,1700,1800,1800,1800,5881,0,160,340.84749566145206,1.640310999846406,2594.0492990002895,2708.2266621322906
1780062712,40,POST,/api/book,13.700000,0.000000,180,320,360,410,980,1500,1600,1600,1700,1700,1700,4514,0,220,440.71579703921157,91.7988780001906,2594.0492990002895,3380.6650420912715
1780062712,40,GET,/api/concerts,2.400000,0.000000,3,3,4,4,9,53,56,56,56,56,56,911,0,3,12.770417762895333,1.9829419998131925,321.7380289997891,753.0
1780062712,40,GET,/health,1.100000,0.000000,3,3,10,69,150,150,150,150,150,150,150,476,0,3,13.386497939080517,1.640310999846406,323.28264199986734,56.0
1780062712,40,,Aggregated,17.200000,0.000000,150,210,320,360,520,1400,1600,1600,1700,1700,1700,5901,0,160,340.1791105636334,1.640310999846406,2594.0492990002895,2706.8227419081513
1780062713,40,POST,/api/book,13.500000,0.000000,180,320,360,410,1100,1600,1600,1600,1700,1700,1700,4525,0,220,440.17551450563525,91.7988780001906,2594.0492990002895,3380.633591160221
1780062713,40,GET,/api/concerts,2.400000,0.000000,3,3,4,4,38,53,56,56,56,56,56,915,0,3,12.77565298469795,1.9829419998131925,321.7380289997891,753.0
1780062713,40,GET,/health,0.900000,0.000000,3,3,10,10,69,150,150,150,150,150,150,479,0,3,13.318152818375593,1.640310999846406,323.28264199986734,56.0
1780062713,40,,Aggregated,16.800000,0.000000,150,200,320,340,520,1400,1600,1600,1700,1700,1700,5919,0,160,339.5612976548403,1.640310999846406,2594.0492990002895,2705.3870586247676
1780062714,40,POST,/api/book,13.000000,0.000000,200,320,380,450,1100,1600,1600,1600,1700,1700,1700,4538,0,220,439.9007488794622,91.7988780001906,2594.0492990002895,3380.6225209343324
1780062714,40,GET,/api/concerts,3.200000,0.000000,3,4,4,4,38,53,56,56,56,56,56,918,0,3,12.74406471786322,1.9829419998131925,321.7380289997891,753.0
1780062714,40,GET,/health,0.900000,0.000000,3,5,10,16,69,150,150,150,150,150,150,481,0,3,13.304811975055587,1.640310999846406,323.28264199986734,56.0
1780062714,40,,Aggregated,17.100000,0.000000,150,230,320,360,730,1400,1600,1600,1700,1700,1700,5937,0,160,339.29059531514224,1.640310999846406,2594.0492990002895,2704.978103419235
1780062715,40,POST,/api/book,12.900000,0.000000,230,330,430,580,1200,1500,1600,1600,1700,1700,1700,4553,0,220,440.3731477616954,91.7988780001906,2594.0492990002895,3380.646167362179
1780062715,40,GET,/api/concerts,3.500000,0.000000,3,4,4,4,48,53,56,56,56,56,56,918,0,3,12.74406471786322,1.9829419998131925,321.7380289997891,753.0
1780062715,40,GET,/health,1.100000,0.000000,3,5,10,14,38,150,150,150,150,150,150,487,0,3,13.28253450513795,1.640310999846406,323.28264199986734,56.0
1780062715,40,,Aggregated,17.500000,0.000000,150,270,330,380,940,1400,1600,1600,1700,1700,1700,5958,0,160,339.57478809566965,1.640310999846406,2594.0492990002895,2704.029540114132
1780062716,40,POST,/api/book,12.400000,0.000000,190,310,370,420,820,1100,1200,1200,1400,1400,1400,4566,0,220,439.72444204862006,91.7988780001906,2594.0492990002895,3380.644984669295
1780062716,40,GET,/api/concerts,3.200000,0.000000,3,3,4,4,9,48,53,53,53,53,53,920,0,3,12.722172867389595,1.9829419998131925,321.7380289997891,753.0
1780062716,40,GET,/health,1.400000,0.000000,3,5,10,14,38,150,150,150,150,150,150,488,0,3,13.260837711070918,1.640310999846406,323.28264199986734,56.0
1780062716,40,,Aggregated,17.000000,0.000000,140,230,310,350,580,940,1200,1200,1400,1400,1400,5974,0,160,339.1291413182123,1.640310999846406,2594.0492990002895,2704.4045865416806
1780062717,40,POST,/api/book,12.800000,0.000000,190,310,370,440,820,1100,1200,1200,1400,1400,1400,4574,0,220,439.3543783519895,91.7988780001906,2594.0492990002895,3380.637079142982
1780062717,40,GET,/api/concerts,3.200000,0.000000,3,3,4,4,9,48,53,53,53,53,53,921,0,3,12.71144159717532,1.9829419998131925,321.7380289997891,753.0
1780062717,40,GET,/health,1.700000,0.000000,3,3,9,10,16,38,38,38,38,38,38,489,0,3,13.238622818001135,1.640310999846406,323.28264199986734,56.0
1780062717,40,,Aggregated,17.700000,0.000000,140,230,310,350,580,940,1200,1200,1400,1400,1400,5984,0,160,338.8682905833892,1.640310999846406,2594.0492990002895,2704.5339237967914
1780062718,40,POST,/api/book,13.000000,0.000000,210,310,380,490,910,1200,1200,1400,1400,1400,1400,4586,0,220,439.3748216958133,91.7988780001906,2594.0492990002895,3380.6807675534233
1780062718,40,GET,/api/concerts,2.900000,0.000000,3,3,4,4,9,48,53,53,53,53,53,927,0,3,12.690101812296247,1.9829419998131925,321.7380289997891,753.0
1780062718,40,GET,/health,1.800000,0.000000,3,3,5,9,16,38,38,38,38,38,38,490,0,3,13.216915502046188,1.640310999846406,323.28264199986734,56.0
1780062718,40,,Aggregated,17.700000,0.000000,140,210,310,360,730,970,1200,1400,1400,1400,1400,6003,0,160,338.6994744749294,1.640310999846406,2594.0492990002895,2703.5270697984342
1780062719,40,POST,/api/book,11.900000,0.000000,230,340,430,580,1200,1400,1900,2000,2100,2100,2100,4606,0,220,441.16432717976573,91.7988780001906,2594.0492990002895,3380.6660877116806
1780062719,40,GET,/api/concerts,2.900000,0.000000,3,3,3,4,43,48,53,53,53,53,53,928,0,3,12.679316434266031,1.9829419998131925,321.7380289997891,753.0
1780062719,40,GET,/health,1.900000,0.000000,3,3,5,9,16,38,38,38,38,38,38,491,0,3,13.194764553976295,1.640310999846406,323.28264199986734,56.0
1780062719,40,,Aggregated,16.700000,0.000000,150,230,340,380,820,1400,1900,2000,2100,2100,2100,6025,0,160,340.2901122053116,1.640310999846406,2594.0492990002895,2705.0004979253113
1780062720,40,POST,/api/book,12.100000,0.000000,220,330,420,580,1200,1400,1900,2000,2100,2100,2100,4613,0,220,440.771302923911,91.7988780001906,2594.0492990002895,3380.6841534792975
1780062720,40,GET,/api/concerts,3.200000,0.000000,3,3,3,4,43,48,53,53,53,53,53,929,0,3,12.668250603873538,1.9829419998131925,321.7380289997891,753.0
1780062720,40,GET,/health,1.900000,0.000000,3,3,5,9,16,20,38,38,38,38,38,494,0,3,13.166560192312428,1.640310999846406,323.28264199986734,56.0
1780062720,40,,Aggregated,17.200000,0.000000,140,230,310,370,820,1400,1900,2000,2100,2100,2100,6036,0,160,339.88586910768754,1.640310999846406,2594.0492990002895,2704.15788601723
1780062721,40,POST,/api/book,12.100000,0.000000,190,310,420,580,1200,1400,1900,2000,2100,2100,2100,4624,0,220,440.36391374675617,91.7988780001906,2594.0492990002895,3380.701773356401
1780062721,40,GET,/api/concerts,3.200000,0.000000,3,3,3,4,13,43,48,48,48,48,48,930,0,3,12.668564137633224,1.9829419998131925,321.7380289997891,753.0
1780062721,40,GET,/health,1.900000,0.000000,3,3,9,14,20,38,38,38,38,38,38,494,0,3,13.166560192312428,1.640310999846406,323.28264199986734,56.0
1780062721,40,,Aggregated,17.200000,0.000000,150,230,310,390,930,1400,1900,2000,2100,2100,2100,6048,0,160,339.7038330932542,1.640310999846406,2594.0492990002895,2705.07919973545
1780062722,40,POST,/api/book,12.100000,0.000000,220,330,490,670,1200,1700,1900,2000,2100,2100,2100,4644,0,220,440.4947442286823,91.7988780001906,2594.0492990002895,3380.7004737295433
1780062722,40,GET,/api/concerts,3.100000,0.000000,3,3,4,13,43,48,48,48,48,48,48,931,0,3,12.680912374864974,1.9829419998131925,321.7380289997891,753.0
1780062722,40,GET,/health,2.000000,0.000000,3,9,14,16,38,83,83,83,83,83,83,495,0,3,13.30760620202537,1.640310999846406,323.28264199986734,56.0
1780062722,40,,Aggregated,17.200000,0.000000,160,250,340,450,1100,1400,1900,2000,2100,2100,2100,6070,0,160,340.0413157642508,1.640310999846406,2594.0492990002895,2706.5462932454693
1780062723,40,POST,/api/book,12.000000,0.000000,220,370,650,930,1400,1900,2000,2100,2200,2200,2200,4657,0,220,441.8735835647411,91.7988780001906,2594.0492990002895,3380.7116169207643
1780062723,40,GET,/api/concerts,2.900000,0.000000,3,3,4,11,24,43,43,43,43,43,43,932,0,3,12.679635662016446,1.9829419998131925,321.7380289997891,753.0
1780062723,40,GET,/health,2.100000,0.000000,3,9,14,20,38,83,83,83,83,83,83,495,0,3,13.30760620202537,1.640310999846406,323.28264199986734,56.0
1780062723,40,,Aggregated,17.000000,0.000000,170,310,420,650,1400,1800,2000,2100,2200,2200,2200,6084,0,160,341.257390560158,1.640310999846406,2594.0492990002895,2707.67422748192
1780062724,40,POST,/api/book,12.400000,0.000000,220,390,650,990,1600,1900,2000,2100,2200,2200,2200,4670,0,220,442.57427446423964,91.7988780001906,2594.0492990002895,3380.7107066381154
1780062724,40,GET,/api/concerts,2.200000,0.000000,3,3,11,13,24,43,77,77,77,77,77,939,0,3,12.697984694354192,1.9829419998131925,321.7380289997891,753.0
1780062724,40,GET,/health,1.900000,0.000000,3,3,9,9,20,83,83,83,83,83,83,496,0,3,13.287034971779672,1.640310999846406,323.28264199986734,56.0
1780062724,40,,Aggregated,16.500000,0.000000,160,280,420,650,1400,1800,2000,2100,2200,2200,2200,6105,0,160,341.5783192009828,1.640310999846406,2594.0492990002895,2706.431122031122
1780062725,40,POST,/api/book,12.600000,0.000000,210,390,670,990,1600,1900,2000,2100,2200,2200,2200,4683,0,220,442.1991888071749,91.7988780001906,2594.0492990002895,3380.684817424728
1780062725,40,GET,/api/concerts,1.800000,0.000000,3,3,11,13,24,43,77,77,77,77,77,939,0,3,12.697984694354192,1.9829419998131925,321.7380289997891,753.0
1780062725,40,GET,/health,1.700000,0.000000,3,14,20,20,34,83,83,83,83,83,83,498,0,3,13.32979827109001,1.640310999846406,323.28264199986734,56.0
1780062725,40,,Aggregated,16.100000,0.000000,160,260,420,670,1400,1800,2000,2100,2200,2200,2200,6120,0,160,341.4020340442812,1.640310999846406,2594.0492990002895,2706.977450980392
1780062726,40,POST,/api/book,13.100000,0.000000,210,420,660,920,1600,1900,2000,2100,2200,2200,2200,4695,0,220,441.7309846057506,91.7988780001906,2594.0492990002895,3380.684771033014
1780062726,40,GET,/api/concerts,2.100000,0.000000,3,3,13,16,28,43,77,77,77,77,77,941,0,3,12.703047352814725,1.9829419998131925,321.7380289997891,753.0
1780062726,40,GET,/health,1.400000,0.000000,3,14,19,20,34,83,83,83,83,83,83,500,0,3,13.319669034004619,1.640310999846406,323.28264199986734,56.0
1780062726,40,,Aggregated,16.600000,0.000000,160,260,430,660,1400,1800,2000,2100,2200,2200,2200,6136,0,160,341.02678859191656,1.640310999846406,2594.0492990002895,2706.794002607562
1780062727,40,POST,/api/book,13.000000,0.000000,220,390,710,960,1600,1900,2000,2100,2200,2200,2200,4708,0,220,441.4857812542478,91.7988780001906,2594.0492990002895,3380.7058198810537
1780062727,40,GET,/api/concerts,2.100000,0.000000,3,11,16,24,43,77,77,77,77,77,77,943,0,3,12.682021920465013,1.9829419998131925,321.7380289997891,753.0
1780062727,40,GET,/health,1.200000,0.000000,9,14,20,20,34,83,83,83,83,83,83,501,0,3,13.310228475054505,1.640310999846406,323.28264199986734,56.0
1780062727,40,,Aggregated,16.300000,0.000000,160,280,420,710,1400,1800,2000,2100,2200,2200,2200,6152,0,160,340.8879436414173,1.640310999846406,2594.0492990002895,2707.1680754226268
1780062728,40,POST,/api/book,12.800000,0.000000,220,420,750,1000,1700,1900,2000,2100,2200,2200,2200,4721,0,220,442.0966730643927,91.7988780001906,2594.0492990002895,3380.724846430841
1780062728,40,GET,/api/concerts,2.200000,0.000000,3,11,16,24,30,77,77,77,77,77,77,945,0,3,12.68965336613585,1.9829419998131925,321.7380289997891,753.0
1780062728,40,GET,/health,1.300000,0.000000,9,19,20,20,34,83,83,83,83,83,83,501,0,3,13.310228475054505,1.640310999846406,323.28264199986734,56.0
1780062728,40,,Aggregated,16.300000,0.000000,180,310,440,750,1600,1800,2000,2100,2200,2200,2200,6167,0,160,341.46238696837986,1.640310999846406,2594.0492990002895,2707.9687043943572
1780062729,40,POST,/api/book,13.200000,0.000000,230,360,710,970,1600,1800,2000,2100,2200,2200,2200,4739,0,220,443.2221544787921,91.7988780001906,2594.0492990002895,3380.7102764296264
1780062729,40,GET,/api/concerts,2.200000,0.000000,3,11,16,24,30,33,77,77,77,77,77,948,0,3,12.6894249620235,1.9829419998131925,321.7380289997891,753.0
1780062729,40,GET,/health,1.200000,0.000000,14,20,24,24,34,83,83,83,83,83,83,503,0,3,13.309138689865772,1.640310999846406,323.28264199986734,56.0
1780062729,40,,Aggregated,16.600000,0.000000,180,300,420,710,1400,1700,1900,2100,2200,2200,2200,6190,0,160,342.3511892891755,1.640310999846406,2594.0492990002895,2708.109531502423
1780062730,40,POST,/api/book,13.200000,0.000000,220,360,550,960,1600,1800,2000,2100,2200,2200,2200,4758,0,220,442.3432426738119,91.7988780001906,2594.0492990002895,3380.7299285414038
1780062730,40,GET,/api/concerts,1.900000,0.000000,3,11,16,24,30,33,77,77,77,77,77,950,0,3,12.669137661050627,1.9829419998131925,321.7380289997891,753.0
1780062730,40,GET,/health,1.200000,0.000000,14,20,21,24,34,83,83,83,83,83,83,505,0,3,13.325142881194102,1.640310999846406,323.28264199986734,56.0
1780062730,40,,Aggregated,16.300000,0.000000,180,290,430,550,1400,1700,1900,2100,2200,2200,2200,6213,0,160,341.772738866087,1.640310999846406,2594.0492990002895,2708.6983743763076
1780062731,40,POST,/api/book,13.200000,0.000000,220,350,490,830,1600,1800,2000,2100,2200,2200,2200,4768,0,220,441.8844686461825,91.7988780001906,2594.0492990002895,3380.735318791946
1780062731,40,GET,/api/concerts,1.900000,0.000000,3,11,18,24,30,33,77,77,77,77,77,952,0,3,12.668593680670153,1.9829419998131925,321.7380289997891,753.0
1780062731,40,GET,/health,1.200000,0.000000,19,21,30,30,34,83,83,83,83,83,83,506,0,3,13.358230440717342,1.640310999846406,323.28264199986734,56.0
1780062731,40,,Aggregated,16.300000,0.000000,180,290,420,490,1400,1700,1900,2100,2200,2200,2200,6226,0,160,341.4270658997751,1.640310999846406,2594.0492990002895,2708.7275939608094
1780062732,40,POST,/api/book,14.000000,0.000000,200,350,470,560,1400,1600,1800,2000,2100,2100,2100,4785,0,220,441.29266079122215,91.7988780001906,2594.0492990002895,3380.733333333333
1780062732,40,GET,/api/concerts,2.100000,0.000000,3,11,18,28,33,39,77,77,77,77,77,953,0,3,12.696681856241574,1.9829419998131925,321.7380289997891,753.0
1780062732,40,GET,/health,1.100000,0.000000,19,24,30,34,46,83,83,83,83,83,83,508,0,3,13.40171164173801,1.640310999846406,323.28264199986734,56.0
1780062732,40,,Aggregated,17.200000,0.000000,160,280,370,470,1100,1600,1800,2000,2100,2100,2100,6246,0,160,341.0972445099262,1.640310999846406,2594.0492990002895,2709.392571245597
1780062733,40,POST,/api/book,14.200000,0.000000,190,330,440,520,990,1600,1700,1800,2100,2100,2100,4795,0,220,440.8439340533887,91.7988780001906,2594.0492990002895,3380.756204379562
1780062733,40,GET,/api/concerts,2.100000,0.000000,3,18,30,33,45,72,77,77,77,77,77,957,0,3,12.771465928942265,1.9829419998131925,321.7380289997891,753.0
1780062733,40,GET,/health,1.100000,0.000000,14,21,24,30,34,46,46,46,46,46,46,509,0,3,13.38137709430861,1.640310999846406,323.28264199986734,56.0
1780062733,40,,Aggregated,17.400000,0.000000,150,270,340,440,920,1400,1600,1800,2100,2100,2100,6261,0,160,340.66124862178555,1.640310999846406,2594.0492990002895,2708.8086567640953
1780062734,40,POST,/api/book,14.500000,0.000000,190,310,420,450,750,1600,1700,1800,2100,2100,2100,4810,0,220,440.2504253785857,91.7988780001906,2594.0492990002895,3380.743866943867
1780062734,40,GET,/api/concerts,2.200000,0.000000,4,18,30,33,45,72,72,72,72,72,72,959,0,3,12.766290374345276,1.9829419998131925,321.7380289997891,753.0
1780062734,40,GET,/health,1.300000,0.000000,14,19,24,24,30,46,46,46,46,46,46,509,0,3,13.38137709430861,1.640310999846406,323.28264199986734,56.0
1780062734,40,,Aggregated,18.000000,0.000000,150,260,340,420,560,1400,1600,1800,2100,2100,2100,6278,0,160,340.34064024864557,1.640310999846406,2594.0492990002895,2709.781618349793
1780062735,40,POST,/api/book,14.200000,0.000000,190,330,440,480,830,1600,1700,1800,2100,2100,2100,4822,0,220,440.0718706928656,91.7988780001906,2594.0492990002895,3380.7797594359185
1780062735,40,GET,/api/concerts,2.300000,0.000000,3,16,30,33,45,72,72,72,72,72,72,960,0,3,12.755821570830031,1.9829419998131925,321.7380289997891,753.0
1780062735,40,GET,/health,1.300000,0.000000,14,21,24,30,46,46,46,46,46,46,46,509,0,3,13.38137709430861,1.640310999846406,323.28264199986734,56.0
1780062735,40,,Aggregated,17.800000,0.000000,160,270,340,450,660,1400,1600,1800,2100,2100,2100,6291,0,160,340.34068830551536,1.640310999846406,2594.0492990002895,2710.777936735018
1780062736,40,POST,/api/book,14.000000,0.000000,220,340,480,520,980,1600,1700,1800,2100,2100,2100,4833,0,220,440.5089626519755,91.7988780001906,2594.0492990002895,3380.80260707635
1780062736,40,GET,/api/concerts,2.100000,0.000000,3,16,30,33,45,72,72,72,72,72,72,961,0,3,12.745018495313978,1.9829419998131925,321.7380289997891,753.0
1780062736,40,GET,/health,1.400000,0.000000,14,21,24,30,46,46,46,46,46,46,46,510,0,3,13.360443213731937,1.640310999846406,323.28264199986734,56.0
1780062736,40,,Aggregated,17.500000,0.000000,170,300,420,480,960,1400,1600,1800,2100,2100,2100,6304,0,160,340.74264043623054,1.640310999846406,2594.0492990002895,2711.2328680203045
1780062737,40,POST,/api/book,13.900000,0.000000,220,340,470,510,1000,1600,1800,1900,2100,2100,2100,4846,0,220,440.54285962071754,91.7988780001906,2594.0492990002895,3380.796533223277
1780062737,40,GET,/api/concerts,2.000000,0.000000,3,7,18,30,39,45,72,72,72,72,72,964,0,3,12.71351885788073,1.9829419998131925,321.7380289997891,753.0
1780062737,40,GET,/health,1.200000,0.000000,4,21,24,24,30,46,46,46,46,46,46,512,0,3,13.321417523443735,1.640310999846406,323.28264199986734,56.0
1780062737,40,,Aggregated,17.100000,0.000000,170,280,370,470,780,1400,1800,1900,2100,2100,2100,6322,0,160,340.70659532948395,1.640310999846406,2594.0492990002895,2710.835811452072
1780062738,40,POST,/api/book,14.300000,0.000000,230,370,520,680,1700,2100,2600,2900,3000,3000,3000,4865,0,220,444.2477659276457,91.7988780001906,3028.4190880001916,3380.8032887975332
1780062738,40,GET,/api/concerts,2.000000,0.000000,3,7,18,33,45,72,72,72,72,72,72,966,0,3,12.69283085299918,1.9829419998131925,321.7380289997891,753.0
1780062738,40,GET,/health,0.900000,0.000000,4,14,21,30,46,46,46,46,46,46,46,512,0,3,13.321417523443735,1.640310999846406,323.28264199986734,56.0
1780062738,40,,Aggregated,17.200000,0.000000,170,300,470,540,1400,1900,2500,2900,3000,3000,3000,6343,0,160,343.7406939325235,1.640310999846406,3028.4190880001916,2712.2304903042723
1780062739,40,POST,/api/book,13.500000,0.000000,180,330,470,550,1300,2000,2600,2900,3000,3000,3000,4874,0,220,443.81340300676976,91.7988780001906,3028.4190880001916,3380.8052933935164
1780062739,40,GET,/api/concerts,2.000000,0.000000,3,4,16,18,39,45,72,72,72,72,72,967,0,3,12.68225176525047,1.9829419998131925,321.7380289997891,753.0
1780062739,40,GET,/health,1.100000,0.000000,4,14,21,30,46,46,46,46,46,46,46,513,0,3,13.300585493183831,1.640310999846406,323.28264199986734,56.0
1780062739,40,,Aggregated,16.600000,0.000000,150,260,360,480,1000,1900,2500,2900,3000,3000,3000,6354,0,160,343.442471525023,1.640310999846406,3028.4190880001916,2712.4526282656593
1780062740,40,POST,/api/book,13.900000,0.000000,200,340,500,590,1300,2000,2600,2900,3000,3000,3000,4883,0,220,443.5344904702021,91.7988780001906,3028.4190880001916,3380.8439483923817
1780062740,40,GET,/api/concerts,2.200000,0.000000,3,9,16,18,45,72,72,72,72,72,72,969,0,3,12.680385315786692,1.9829419998131925,321.7380289997891,753.0
1780062740,40,GET,/health,1.100000,0.000000,3,3,4,30,46,46,46,46,46,46,46,515,0,3,13.259159281559494,1.640310999846406,323.28264199986734,56.0
1780062740,40,,Aggregated,17.200000,0.000000,150,260,390,500,1000,1900,2500,2900,3000,3000,3000,6367,0,160,343.1592080048684,1.640310999846406,3028.4190880001916,2711.9770692633892
1780062741,40,POST,/api/book,14.200000,0.000000,220,390,550,710,1700,2400,2600,2900,3000,3000,3000,4895,0,220,443.63592016159265,91.7988780001906,3028.4190880001916,3380.8590398365677
1780062741,40,GET,/api/concerts,2.100000,0.000000,3,4,15,16,45,72,72,72,72,72,72,971,0,3,12.659563443869475,1.9829419998131925,321.7380289997891,753.0
1780062741,40,GET,/health,1.000000,0.000000,3,3,3,3,3,4,4,4,4,4,4,518,0,3,13.198387173751632,1.640310999846406,323.28264199986734,56.0
1780062741,40,,Aggregated,17.300000,0.000000,160,260,450,550,1300,1900,2600,2900,3000,3000,3000,6384,0,160,343.15899590397817,1.640310999846406,3028.4190880001916,2711.3840852130324
1780062742,40,POST,/api/book,12.900000,0.000000,250,480,780,1300,1800,2000,2600,2900,3000,3000,3000,4913,0,220,445.3569687756961,91.7988780001906,3028.4190880001916,3380.901485853857
1780062742,40,GET,/api/concerts,1.900000,0.000000,3,3,9,15,45,72,72,72,72,72,72,972,0,3,12.64910056584076,1.9829419998131925,321.7380289997891,753.0
1780062742,40,GET,/health,1.000000,0.000000,3,3,3,3,4,4,4,4,4,4,4,518,0,3,13.198387173751632,1.640310999846406,323.28264199986734,56.0
1780062742,40,,Aggregated,15.800000,0.000000,180,300,550,780,1700,1900,2500,2900,3000,3000,3000,6403,0,160,344.7088049197244,1.640310999846406,3028.4190880001916,2712.992815867562
1780062743,40,POST,/api/book,12.800000,0.000000,250,480,760,1200,1800,2000,2600,2900,3000,3000,3000,4931,0,220,444.8756277041157,91.7988780001906,3028.4190880001916,3380.919286148854
1780062743,40,GET,/api/concerts,2.100000,0.000000,3,4,4,4,15,16,16,16,16,16,16,974,0,3,12.630567119093541,1.9829419998131925,321.7380289997891,753.0
1780062743,40,GET,/health,1.000000,0.000000,3,3,3,3,4,5,5,5,5,5,5,520,0,3,13.16295808462218,1.640310999846406,323.28264199986734,56.0
1780062743,40,,Aggregated,15.900000,0.000000,190,310,550,780,1700,1900,2500,2900,3000,3000,3000,6425,0,160,344.40912541431834,1.640310999846406,3028.4190880001916,2713.4404669260703
1780062744,40,POST,/api/book,12.600000,0.000000,260,550,880,1200,1800,2000,2600,2900,3000,3000,3000,4942,0,220,445.0529362128681,91.7988780001906,3028.4190880001916,3380.918858761635
1780062744,40,GET,/api/concerts,1.900000,0.000000,3,3,4,4,15,180,180,180,180,180,180,976,0,3,12.795374067620015,1.9829419998131925,321.7380289997891,753.0
1780062744,40,GET,/health,1.100000,0.000000,3,3,3,3,4,5,5,5,5,5,5,520,0,3,13.16295808462218,1.640310999846406,323.28264199986734,56.0
1780062744,40,,Aggregated,15.600000,0.000000,210,320,710,900,1700,1900,2500,2900,3000,3000,3000,6438,0,160,344.6388061599868,1.640310999846406,3028.4190880001916,2713.971575023299
1780062745,40,POST,/api/book,13.000000,0.000000,250,380,790,1200,1800,2000,2600,2900,3000,3000,3000,4956,0,220,444.5679568654143,91.7988780001906,3028.4190880001916,3380.9150524616625
1780062745,40,GET,/api/concerts,1.800000,0.000000,3,3,4,9,16,180,180,180,180,180,180,980,0,3,12.76773842244633,1.9829419998131925,321.7380289997891,753.0
1780062745,40,GET,/health,1.100000,0.000000,3,3,3,3,4,5,5,5,5,5,5,520,0,3,13.16295808462218,1.640310999846406,323.28264199986734,56.0
1780062745,40,,Aggregated,15.900000,0.000000,180,280,510,790,1700,1900,2500,2900,3000,3000,3000,6456,0,160,344.2744603598195,1.640310999846406,3028.4190880001916,2714.1999690210655
1780062746,40,POST,/api/book,13.400000,0.000000,250,430,840,920,1800,2000,2600,2900,3000,3000,3000,4968,0,220,444.44244956622265,91.7988780001906,3028.4190880001916,3380.900966183575
1780062746,40,GET,/api/concerts,1.800000,0.000000,3,3,4,9,16,180,180,180,180,180,180,982,0,3,12.74740643584303,1.9829419998131925,321.7380289997891,753.0
1780062746,40,GET,/health,1.100000,0.000000,3,3,3,3,4,5,5,5,5,5,5,524,0,3,13.081204809166676,1.640310999846406,323.28264199986734,56.0
1780062746,40,,Aggregated,16.300000,0.000000,180,280,530,840,1700,1900,2500,2900,3000,3000,3000,6474,0,160,344.0473577208829,1.640310999846406,3028.4190880001916,2713.1767068273093
1780062747,40,POST,/api/book,13.100000,0.000000,250,510,790,880,1600,1900,2600,2900,3000,3000,3000,4976,0,220,444.5892087628606,91.7988780001906,3028.4190880001916,3380.905747588424
1780062747,40,GET,/api/concerts,1.800000,0.000000,3,4,9,11,16,180,180,180,180,180,180,984,0,3,12.735173119916837,1.9829419998131925,321.7380289997891,753.0
1780062747,40,GET,/health,1.100000,0.000000,3,3,3,3,3,5,5,5,5,5,5,527,0,3,13.021413770404537,1.640310999846406,323.28264199986734,56.0
1780062747,40,,Aggregated,16.000000,0.000000,180,280,550,790,1300,1900,2400,2900,3000,3000,3000,6487,0,160,344.02182799614553,1.640310999846406,3028.4190880001916,2712.170648990288
1780062748,40,POST,/api/book,12.800000,0.000000,240,380,660,840,1300,1700,1900,1900,1900,1900,1900,4985,0,220,444.8852431311925,91.7988780001906,3028.4190880001916,3380.9003009027083
1780062748,40,GET,/api/concerts,2.000000,0.000000,3,4,9,11,16,180,180,180,180,180,180,987,0,3,12.704357099289275,1.9829419998131925,321.7380289997891,753.0
1780062748,40,GET,/health,1.300000,0.000000,3,3,3,3,4,5,5,5,5,5,5,528,0,3,13.003569397733028,1.640310999846406,323.28264199986734,56.0
1780062748,40,,Aggregated,16.100000,0.000000,170,260,450,650,940,1600,1800,1900,1900,1900,1900,6500,0,160,344.1781572473841,1.640310999846406,3028.4190880001916,2711.7795384615383
1780062749,40,POST,/api/book,13.500000,0.000000,250,510,810,880,1600,1800,1900,1900,2100,2100,2100,4997,0,220,445.90825387272247,91.7988780001906,3028.4190880001916,3380.8915349209524
1780062749,40,GET,/api/concerts,2.100000,0.000000,3,3,4,4,16,180,180,180,180,180,180,989,0,3,12.684376469159561,1.9829419998131925,321.7380289997891,753.0
1780062749,40,GET,/health,1.400000,0.000000,3,3,3,3,4,5,5,5,5,5,5,531,0,3,12.94411557439261,1.640310999846406,323.28264199986734,56.0
1780062749,40,,Aggregated,17.000000,0.000000,180,300,530,780,1300,1800,1900,1900,2100,2100,2100,6517,0,160,344.885947261009,1.640310999846406,3028.4190880001916,2711.1812183520024
1780062750,40,POST,/api/book,12.800000,0.000000,260,550,860,1200,1800,1900,2100,2100,2200,2200,2200,5014,0,220,447.3042218542073,91.7988780001906,3028.4190880001916,3380.8711607499004
1780062750,40,GET,/api/concerts,2.200000,0.000000,3,3,4,4,16,51,180,180,180,180,180,993,0,3,12.693074095668974,1.9829419998131925,321.7380289997891,753.0
1780062750,40,GET,/health,1.500000,0.000000,3,3,3,3,5,40,40,40,40,40,40,532,0,3,12.995377597749075,1.640310999846406,323.28264199986734,56.0
1780062750,40,,Aggregated,16.500000,0.000000,180,330,600,860,1500,1900,2100,2100,2200,2200,2200,6539,0,160,345.97050494509824,1.640310999846406,3028.4190880001916,2711.302798593057
1780062751,40,POST,/api/book,12.400000,0.000000,250,510,840,900,1700,1900,2100,2100,2200,2200,2200,5021,0,220,446.93596438040123,91.7988780001906,3028.4190880001916,3380.860585540729
1780062751,40,GET,/api/concerts,2.100000,0.000000,3,3,4,4,25,51,180,180,180,180,180,997,0,3,12.676858192577784,1.9829419998131925,321.7380289997891,753.0
1780062751,40,GET,/health,1.600000,0.000000,3,3,3,3,5,40,40,40,40,40,40,534,0,3,12.955968065547365,1.640310999846406,323.28264199986734,56.0
1780062751,40,,Aggregated,16.100000,0.000000,160,300,510,710,1400,1800,2100,2100,2200,2200,2200,6552,0,160,345.48577407188606,1.640310999846406,3028.4190880001916,2710.003968253968
1780062752,40,POST,/api/book,12.900000,0.000000,230,500,710,860,1400,1900,2100,2100,2200,2200,2200,5030,0,220,446.8891291111321,91.7988780001906,3028.4190880001916,3380.8427435387675
1780062752,40,GET,/api/concerts,2.100000,0.000000,3,3,4,11,51,81,180,180,180,180,180,1001,0,3,12.714834539460858,1.9829419998131925,321.7380289997891,753.0
1780062752,40,GET,/health,1.800000,0.000000,3,3,3,4,40,69,69,69,69,69,69,536,0,3,13.101792828362887,1.640310999846406,323.28264199986734,56.0
1780062752,40,,Aggregated,16.800000,0.000000,150,240,450,640,950,1800,2100,2100,2200,2200,2200,6567,0,160,345.30263891563845,1.640310999846406,3028.4190880001916,2708.9093954621594
1780062753,40,POST,/api/book,12.700000,0.000000,200,480,810,860,1400,1900,2100,2100,2200,2200,2200,5047,0,220,446.97171535942056,91.7988780001906,3028.4190880001916,3380.8367346938776
1780062753,40,GET,/api/concerts,2.400000,0.000000,3,3,4,11,51,81,120,120,120,120,120,1002,0,3,12.826782958083873,1.9829419998131925,321.7380289997891,753.0
1780062753,40,GET,/health,1.800000,0.000000,3,3,3,4,40,69,69,69,69,69,69,536,0,3,13.101792828362887,1.640310999846406,323.28264199986734,56.0
1780062753,40,,Aggregated,16.900000,0.000000,150,230,480,660,1100,1800,2100,2100,2200,2200,2200,6585,0,160,345.5947220803339,1.640310999846406,3028.4190880001916,2710.3424449506456
1780062754,40,POST,/api/book,12.400000,0.000000,210,500,710,860,1400,1900,2100,2100,2200,2200,2200,5064,0,220,446.7519234751172,91.7988780001906,3028.4190880001916,3380.852685624013
1780062754,40,GET,/api/concerts,2.900000,0.000000,3,3,4,16,81,83,120,120,120,120,120,1006,0,3,12.866435095427562,1.9829419998131925,321.7380289997891,753.0
1780062754,40,GET,/health,1.800000,0.000000,3,3,4,4,40,69,69,69,69,69,69,536,0,3,13.101792828362887,1.640310999846406,323.28264199986734,56.0
1780062754,40,,Aggregated,17.100000,0.000000,150,230,500,650,1100,1800,2100,2100,2200,2200,2200,6606,0,160,345.49166441719603,1.640310999846406,3028.4190880001916,2710.8949439903117
1780062755,40,POST,/api/book,11.500000,0.000000,200,500,710,860,1400,1900,2100,2100,2200,2200,2200,5076,0,220,446.17462068498696,91.7988780001906,3028.4190880001916,3380.863672182821
1780062755,40,GET,/api/concerts,2.900000,0.000000,3,3,11,25,81,83,120,120,120,120,120,1008,0,3,12.878935483134983,1.9829419998131925,321.7380289997891,753.0
1780062755,40,GET,/health,1.700000,0.000000,3,3,4,35,40,69,69,69,69,69,69,536,0,3,13.101792828362887,1.640310999846406,323.28264199986734,56.0
1780062755,40,,Aggregated,16.100000,0.000000,150,230,500,650,1100,1800,2100,2100,2200,2200,2200,6620,0,160,345.133973190332,1.640310999846406,3028.4190880001916,2711.5262839879156
1780062756,40,POST,/api/book,11.800000,0.000000,200,410,600,710,1400,1900,2100,2100,2200,2200,2200,5091,0,220,445.6551962199949,91.7988780001906,3028.4190880001916,3380.8279316440776
1780062756,40,GET,/api/concerts,2.800000,0.000000,3,3,11,25,81,83,120,120,120,120,120,1012,0,3,12.83910144268778,1.9829419998131925,321.7380289997891,753.0
1780062756,40,GET,/health,1.600000,0.000000,3,35,40,55,69,90,90,90,90,90,90,539,0,3,13.303669300561344,1.640310999846406,323.28264199986734,56.0
1780062756,40,,Aggregated,16.200000,0.000000,150,230,410,580,1100,1800,2100,2100,2200,2200,2200,6642,0,160,344.62427768277587,1.640310999846406,3028.4190880001916,2710.631586871424
1780062757,40,POST,/api/book,12.000000,0.000000,200,350,500,640,1400,1900,2100,2100,2200,2200,2200,5103,0,220,445.2284639909844,91.7988780001906,3028.4190880001916,3380.8659611992944
1780062757,40,GET,/api/concerts,2.900000,0.000000,3,3,11,25,81,83,120,120,120,120,120,1013,0,3,12.829249844027371,1.9829419998131925,321.7380289997891,753.0
1780062757,40,GET,/health,1.600000,0.000000,3,35,40,55,69,90,90,90,90,90,90,540,0,3,13.284127864819682,1.640310999846406,323.28264199986734,56.0
1780062757,40,,Aggregated,16.500000,0.000000,160,250,380,470,1100,1800,2100,2100,2200,2200,2200,6656,0,160,344.3765491113276,1.640310999846406,3028.4190880001916,2711.176081730769
1780062758,40,POST,/api/book,12.100000,0.000000,220,330,410,480,1000,1400,2100,2100,2200,2200,2200,5117,0,220,444.72080171408874,91.7988780001906,3028.4190880001916,3380.873558725816
1780062758,40,GET,/api/concerts,3.100000,0.000000,3,4,25,27,81,83,120,120,120,120,120,1014,0,3,12.892829716962025,1.9829419998131925,321.7380289997891,753.0
1780062758,40,GET,/health,1.500000,0.000000,3,35,40,55,69,90,90,90,90,90,90,541,0,3,13.264561402962254,1.640310999846406,323.28264199986734,56.0
1780062758,40,,Aggregated,16.700000,0.000000,160,260,330,410,710,1200,2100,2100,2200,2200,2200,6672,0,160,344.10758384637217,1.640310999846406,3028.4190880001916,2711.8956834532373
1780062759,40,POST,/api/book,12.200000,0.000000,190,300,360,410,640,950,1100,1100,1300,1300,1300,5126,0,220,444.22276275048614,91.7988780001906,3028.4190880001916,3380.8694888802183
1780062759,40,GET,/api/concerts,2.900000,0.000000,3,4,11,25,81,83,120,120,120,120,120,1016,0,3,12.874361402558536,1.9829419998131925,321.7380289997891,753.0
1780062759,40,GET,/health,1.300000,0.000000,35,40,55,69,90,90,90,90,90,90,90,541,0,3,13.264561402962254,1.640310999846406,323.28264199986734,56.0
1780062759,40,,Aggregated,16.400000,0.000000,150,220,300,330,520,810,1000,1100,1300,1300,1300,6683,0,160,343.759144211132,1.640310999846406,3028.4190880001916,2712.2072422564715
1780062760,40,POST,/api/book,12.900000,0.000000,200,310,410,470,970,1300,1500,1500,1600,1600,1600,5143,0,220,445.2322119010289,91.7988780001906,3028.4190880001916,3380.8662259381686
1780062760,40,GET,/api/concerts,2.700000,0.000000,3,4,11,27,81,83,120,120,120,120,120,1019,0,3,12.846879158978776,1.9829419998131925,321.7380289997891,753.0
1780062760,40,GET,/health,1.300000,0.000000,3,35,55,69,90,90,90,90,90,90,90,542,0,3,13.244605477864491,1.640310999846406,323.28264199986734,56.0
1780062760,40,,Aggregated,16.900000,0.000000,160,260,330,410,810,1300,1500,1500,1600,1600,1600,6704,0,160,344.5851449640505,1.640310999846406,3028.4190880001916,2712.6273866348447
1780062761,40,POST,/api/book,13.000000,0.000000,230,330,450,580,1300,1500,1800,2100,2100,2100,2100,5158,0,220,446.66418106087474,91.7988780001906,3028.4190880001916,3380.8330748352073
1780062761,40,GET,/api/concerts,2.700000,0.000000,3,4,4,11,77,83,120,120,120,120,120,1021,0,3,12.827570064641462,1.9829419998131925,321.7380289997891,753.0
1780062761,40,GET,/health,1.300000,0.000000,35,52,55,69,90,90,90,90,90,90,90,543,0,3,13.3167719926379,1.640310999846406,323.28264199986734,56.0
1780062761,40,,Aggregated,17.000000,0.000000,180,300,400,470,1100,1500,1700,2100,2100,2100,2100,6722,0,160,345.76343382029074,1.640310999846406,3028.4190880001916,2713.114846771794
1780062762,40,POST,/api/book,12.700000,0.000000,260,360,450,550,1300,1500,1800,2100,2100,2100,2100,5173,0,220,446.34726242045093,91.7988780001906,3028.4190880001916,3380.8219601778464
1780062762,40,GET,/api/concerts,2.800000,0.000000,3,4,4,11,77,83,120,120,120,120,120,1022,0,3,12.817447304304322,1.9829419998131925,321.7380289997891,753.0
1780062762,40,GET,/health,1.000000,0.000000,3,52,55,55,69,90,90,90,90,90,90,544,0,3,13.296848878680708,1.640310999846406,323.28264199986734,56.0
1780062762,40,,Aggregated,16.500000,0.000000,190,310,410,450,1000,1500,1700,2100,2100,2100,2100,6739,0,160,345.6428706686445,1.640310999846406,3028.4190880001916,2713.907404659445
1780062763,40,POST,/api/book,13.000000,0.000000,240,350,440,490,970,1500,1800,2100,2100,2100,2100,5189,0,220,445.85467634014077,91.7988780001906,3028.4190880001916,3380.830988629794
1780062763,40,GET,/api/concerts,2.500000,0.000000,3,4,4,11,77,83,83,83,83,83,83,1022,0,3,12.817447304304322,1.9829419998131925,321.7380289997891,753.0
1780062763,40,GET,/health,1.000000,0.000000,4,28,52,55,90,90,90,90,90,90,90,546,0,3,13.30656483883137,1.640310999846406,323.28264199986734,56.0
1780062763,40,,Aggregated,16.500000,0.000000,180,300,390,440,740,1500,1700,2100,2100,2100,2100,6757,0,160,345.40546560248515,1.640310999846406,3028.4190880001916,2714.706822554388
1780062764,40,POST,/api/book,13.900000,0.000000,230,330,430,490,970,1500,1800,2100,2100,2100,2100,5201,0,220,445.6856284422209,91.7988780001906,3028.4190880001916,3380.8192655258604
1780062764,40,GET,/api/concerts,2.100000,0.000000,3,4,4,11,77,92,92,92,92,92,92,1023,0,3,12.895295834798734,1.9829419998131925,321.7380289997891,753.0
1780062764,40,GET,/health,0.800000,0.000000,3,28,52,52,55,90,90,90,90,90,90,547,0,3,13.287067996347773,1.640310999846406,323.28264199986734,56.0
1780062764,40,,Aggregated,16.800000,0.000000,180,300,370,440,830,1500,1700,2100,2100,2100,2100,6771,0,160,345.3656575632836,1.640310999846406,3028.4190880001916,2715.1959828681142
1780062765,40,POST,/api/book,14.100000,0.000000,250,360,450,550,1100,1500,1800,2100,2100,2100,2100,5211,0,220,445.55614929495164,91.7988780001906,3028.4190880001916,3380.826137017847
1780062765,40,GET,/api/concerts,2.100000,0.000000,3,4,4,50,77,92,92,92,92,92,92,1028,0,3,12.94665525972726,1.9829419998131925,321.7380289997891,753.0
1780062765,40,GET,/health,0.800000,0.000000,4,28,52,52,55,90,90,90,90,90,90,549,0,3,13.296804061935303,1.640310999846406,323.28264199986734,56.0
1780062765,40,,Aggregated,17.000000,0.000000,180,300,400,470,960,1500,1700,2100,2100,2100,2100,6788,0,160,345.0798764014433,1.640310999846406,3028.4190880001916,2713.953005303477
1780062766,40,POST,/api/book,13.700000,0.000000,240,370,550,740,1500,1700,1900,2100,2100,2100,2100,5221,0,220,446.41690765083143,91.7988780001906,3028.4190880001916,3380.8603715763265
1780062766,40,GET,/api/concerts,1.900000,0.000000,3,4,4,50,77,92,92,92,92,92,92,1030,0,3,12.926297216504679,1.9829419998131925,321.7380289997891,753.0
1780062766,40,GET,/health,1.000000,0.000000,3,4,28,28,29,52,52,52,52,52,52,550,0,3,13.279553669095879,1.640310999846406,323.28264199986734,56.0
1780062766,40,,Aggregated,16.600000,0.000000,180,300,430,550,1300,1700,1800,2100,2100,2100,2100,6801,0,160,345.7374673571527,1.640310999846406,3028.4190880001916,2713.9923540655786
1780062767,40,POST,/api/book,13.700000,0.000000,230,430,720,960,1500,1700,1900,2100,2100,2100,2100,5233,0,220,447.06259818096504,91.7988780001906,3028.4190880001916,3380.8626027135488
1780062767,40,GET,/api/concerts,1.900000,0.000000,3,4,4,36,59,92,92,92,92,92,92,1032,0,3,12.93941516085277,1.9829419998131925,321.7380289997891,753.0
1780062767,40,GET,/health,1.100000,0.000000,4,4,29,29,35,52,52,52,52,52,52,552,0,3,13.300602503629003,1.640310999846406,323.28264199986734,56.0
1780062767,40,,Aggregated,16.700000,0.000000,180,300,490,740,1500,1700,1800,2100,2100,2100,2100,6817,0,160,346.2188624481437,1.640310999846406,3028.4190880001916,2713.812820888954
1780062768,40,POST,/api/book,13.300000,0.000000,240,510,840,1100,1500,1700,1900,2100,2100,2100,2100,5252,0,220,447.5718686963043,91.7988780001906,3028.4190880001916,3380.871096725057
1780062768,40,GET,/api/concerts,1.900000,0.000000,3,4,4,36,59,92,92,92,92,92,92,1032,0,3,12.93941516085277,1.9829419998131925,321.7380289997891,753.0
1780062768,40,GET,/health,1.200000,0.000000,3,4,28,29,35,52,52,52,52,52,52,554,0,3,13.262532178706328,1.640310999846406,323.28264199986734,56.0
1780062768,40,,Aggregated,16.400000,0.000000,180,420,660,840,1500,1700,1800,2100,2100,2100,2100,6838,0,160,346.7897592374957,1.640310999846406,3028.4190880001916,2714.8954372623575
1780062769,40,POST,/api/book,13.500000,0.000000,240,480,720,920,1600,1700,1900,2100,2100,2100,2100,5263,0,220,447.18106269161876,91.7988780001906,3028.4190880001916,3380.895496864906
1780062769,40,GET,/api/concerts,1.800000,0.000000,3,3,4,4,50,59,92,92,92,92,92,1039,0,3,12.87282349085611,1.9829419998131925,321.7380289997891,753.0
1780062769,40,GET,/health,1.100000,0.000000,4,4,28,29,35,52,52,52,52,52,52,555,0,3,13.246564918925058,1.640310999846406,323.28264199986734,56.0
1780062769,40,,Aggregated,16.400000,0.000000,180,350,490,720,1500,1700,1800,2100,2100,2100,2100,6857,0,160,346.25064023377485,1.640310999846406,3028.4190880001916,2713.5919498322883
1780062770,40,POST,/api/book,13.300000,0.000000,240,480,660,830,1500,1700,1900,2100,2100,2100,2100,5275,0,220,446.8182406070124,91.7988780001906,3028.4190880001916,3380.8815165876777
1780062770,40,GET,/api/concerts,1.800000,0.000000,3,3,4,41,59,73,92,92,92,92,92,1045,0,3,12.918318794257928,1.9829419998131925,321.7380289997891,753.0
1780062770,40,GET,/health,1.300000,0.000000,4,28,30,35,48,50,50,50,50,50,50,558,0,3,13.403916202514338,1.640310999846406,323.28264199986734,56.0
1780062770,40,,Aggregated,16.400000,0.000000,170,320,480,660,1400,1700,1800,2100,2100,2100,2100,6878,0,160,345.7320801952595,1.640310999846406,3028.4190880001916,2711.8759813899387
1780062771,40,POST,/api/book,13.200000,0.000000,220,430,600,720,1200,1600,1700,1700,1900,1900,1900,5288,0,220,446.6985373789696,91.7988780001906,3028.4190880001916,3380.869894099849
1780062771,40,GET,/api/concerts,2.000000,0.000000,3,3,4,41,59,73,92,92,92,92,92,1046,0,3,12.90814382982769,1.9829419998131925,321.7380289997891,753.0
1780062771,40,GET,/health,1.400000,0.000000,4,28,30,30,48,50,50,50,50,50,50,559,0,3,13.38435783005945,1.640310999846406,323.28264199986734,56.0
1780062771,40,,Aggregated,16.600000,0.000000,170,260,440,530,920,1500,1700,1700,1900,1900,1900,6893,0,160,345.7312694230373,1.640310999846406,3028.4190880001916,2712.4593065428694
1780062772,40,POST,/api/book,13.500000,0.000000,200,450,660,740,1200,1600,1700,1700,1900,1900,1900,5300,0,220,446.5765064439606,91.7988780001906,3028.4190880001916,3380.8581132075474
1780062772,40,GET,/api/concerts,2.200000,0.000000,3,3,36,41,59,73,92,92,92,92,92,1049,0,3,12.93534856815965,1.9829419998131925,321.7380289997891,753.0
1780062772,40,GET,/health,1.500000,0.000000,4,28,30,30,48,50,50,50,50,50,50,560,0,3,13.365569851790886,1.640310999846406,323.28264199986734,56.0
1780062772,40,,Aggregated,17.200000,0.000000,160,250,450,600,940,1500,1700,1700,1900,1900,1900,6909,0,160,345.6230111330143,1.640310999846406,3028.4190880001916,2712.375886524823
1780062773,40,POST,/api/book,13.300000,0.000000,250,420,660,860,1300,1600,1700,1700,1900,1900,1900,5317,0,220,446.6868877957478,91.7988780001906,3028.4190880001916,3380.827910475832
1780062773,40,GET,/api/concerts,2.600000,0.000000,3,4,36,41,59,73,92,92,92,92,92,1050,0,3,12.943183768571284,1.9829419998131925,321.7380289997891,753.0
1780062773,40,GET,/health,1.500000,0.000000,4,29,30,35,48,50,50,50,50,50,50,560,0,3,13.365569851790886,1.640310999846406,323.28264199986734,56.0
1780062773,40,,Aggregated,17.400000,0.000000,170,290,430,610,1200,1500,1700,1700,1900,1900,1900,6927,0,160,345.90865374390006,1.640310999846406,3028.4190880001916,2713.7104085462684
1780062774,40,POST,/api/book,12.500000,0.000000,230,420,600,870,1300,1600,1700,1700,1900,1900,1900,5327,0,220,446.3479845626041,91.7988780001906,3028.4190880001916,3380.8156560916086
1780062774,40,GET,/api/concerts,2.500000,0.000000,3,4,17,36,50,59,73,73,73,73,73,1054,0,3,12.91419225806419,1.9829419998131925,321.7380289997891,753.0
1780062774,40,GET,/health,1.500000,0.000000,3,29,29,30,48,50,50,50,50,50,50,564,0,3,13.336567161352072,1.640310999846406,323.28264199986734,56.0
1780062774,40,,Aggregated,16.500000,0.000000,160,260,390,500,1200,1500,1700,1700,1900,1900,1900,6945,0,160,345.4037575642903,1.640310999846406,3028.4190880001916,2712.00158387329
1780062775,40,POST,/api/book,12.900000,0.000000,240,390,530,630,1200,1600,1700,1700,1900,1900,1900,5339,0,220,445.9624477814185,91.7988780001906,3028.4190880001916,3380.8183180370856
1780062775,40,GET,/api/concerts,2.700000,0.000000,3,3,17,21,47,59,73,73,73,73,73,1056,0,3,12.89475451231035,1.9829419998131925,321.7380289997891,753.0
1780062775,40,GET,/health,1.600000,0.000000,3,4,30,35,48,50,50,50,50,50,50,564,0,3,13.336567161352072,1.640310999846406,323.28264199986734,56.0
1780062775,40,,Aggregated,17.200000,0.000000,170,290,400,490,1000,1400,1700,1700,1900,1900,1900,6959,0,160,345.18353116094227,1.640310999846406,3028.4190880001916,2712.5939071705707
1780062776,40,POST,/api/book,12.900000,0.000000,270,450,550,760,1200,1300,1700,1700,1700,1700,1700,5353,0,220,446.4812722716225,91.7988780001906,3028.4190880001916,3380.798430786475
1780062776,40,GET,/api/concerts,2.900000,0.000000,3,3,13,17,41,47,73,73,73,73,73,1058,0,3,12.875335568997714,1.9829419998131925,321.7380289997891,753.0
1780062776,40,GET,/health,1.600000,0.000000,3,4,30,30,48,50,50,50,50,50,50,566,0,3,13.30127009894539,1.640310999846406,323.28264199986734,56.0
1780062776,40,,Aggregated,17.400000,0.000000,160,300,450,530,950,1300,1600,1700,1700,1700,1700,6977,0,160,345.58762711451897,1.640310999846406,3028.4190880001916,2712.596244804357
1780062777,40,POST,/api/book,12.500000,0.000000,270,420,510,610,960,1200,1300,1400,1500,1500,1500,5366,0,220,446.341571322772,91.7988780001906,3028.4190880001916,3380.806000745434
1780062777,40,GET,/api/concerts,2.900000,0.000000,3,3,13,17,41,47,73,73,73,73,73,1059,0,3,12.882272785646768,1.9829419998131925,321.7380289997891,753.0
1780062777,40,GET,/health,1.700000,0.000000,3,4,29,30,48,50,50,50,50,50,50,566,0,3,13.30127009894539,1.640310999846406,323.28264199986734,56.0
1780062777,40,,Aggregated,17.100000,0.000000,160,300,430,500,890,1200,1300,1400,1500,1500,1500,6991,0,160,345.62147296152176,1.640310999846406,3028.4190880001916,2713.5642969532255
1780062778,40,POST,/api/book,12.900000,0.000000,270,410,510,630,1000,1200,1300,1300,1300,1300,1300,5378,0,220,446.6696093938257,91.7988780001906,3028.4190880001916,3380.825771662328
1780062778,40,GET,/api/concerts,2.700000,0.000000,3,3,13,20,41,47,73,73,73,73,73,1060,0,3,12.872575274528177,1.9829419998131925,321.7380289997891,753.0
1780062778,40,GET,/health,1.500000,0.000000,4,29,40,40,48,50,50,50,50,50,50,567,0,3,13.348374102298251,1.640310999846406,323.28264199986734,56.0
1780062778,40,,Aggregated,17.100000,0.000000,170,310,430,500,910,1100,1300,1300,1300,1300,1300,7005,0,160,345.9532644149891,1.640310999846406,3028.4190880001916,2714.06324054247
1780062779,40,POST,/api/book,12.700000,0.000000,270,450,570,730,1100,1200,1300,1300,1300,1300,1300,5395,0,220,446.589581866542,91.7988780001906,3028.4190880001916,3380.8187210379983
1780062779,40,GET,/api/concerts,2.800000,0.000000,3,9,17,20,41,47,73,73,73,73,73,1062,0,3,12.858881692090332,1.9829419998131925,321.7380289997891,753.0
1780062779,40,GET,/health,1.600000,0.000000,3,29,30,30,40,50,50,50,50,50,50,567,0,3,13.348374102298251,1.640310999846406,323.28264199986734,56.0
1780062779,40,,Aggregated,17.100000,0.000000,170,320,490,570,1000,1200,1300,1300,1300,1300,1300,7024,0,160,346.0386467316341,1.640310999846406,3028.4190880001916,2715.1131833712984
1780062780,40,POST,/api/book,12.700000,0.000000,290,470,630,890,1100,1300,1300,1600,1700,1700,1700,5408,0,220,447.14307239607905,91.7988780001906,3028.4190880001916,3380.8093565088757
1780062780,40,GET,/api/concerts,2.700000,0.000000,3,9,14,17,41,47,73,73,73,73,73,1066,0,3,12.833022417448202,1.9829419998131925,321.7380289997891,753.0
1780062780,40,GET,/health,1.300000,0.000000,3,3,4,29,40,40,40,40,40,40,40,567,0,3,13.348374102298251,1.640310999846406,323.28264199986734,56.0
1780062780,40,,Aggregated,16.700000,0.000000,200,340,500,680,1100,1200,1300,1600,1700,1700,1700,7041,0,160,346.4562229130804,1.640310999846406,3028.4190880001916,2715.220423235336
1780062781,40,POST,/api/book,12.900000,0.000000,270,470,670,890,1100,1300,1400,1600,1700,1700,1700,5420,0,220,447.02383315719493,91.7988780001906,3028.4190880001916,3380.820479704797
1780062781,40,GET,/api/concerts,2.500000,0.000000,3,9,14,17,21,47,71,71,71,71,71,1067,0,3,12.887169253982941,1.9829419998131925,321.7380289997891,753.0
1780062781,40,GET,/health,1.200000,0.000000,3,4,29,40,68,68,68,68,68,68,68,568,0,3,13.444142065146691,1.640310999846406,323.28264199986734,56.0
1780062781,40,,Aggregated,16.600000,0.000000,200,320,510,680,1100,1300,1300,1600,1700,1700,1700,7055,0,160,346.4572725725019,1.640310999846406,3028.4190880001916,2715.7060240963856
1780062782,40,POST,/api/book,13.100000,0.000000,300,470,680,910,1200,1400,1700,1800,1900,1900,1900,5435,0,220,447.9972156713884,91.7988780001906,3028.4190880001916,3380.8366145354184
1780062782,40,GET,/api/concerts,2.400000,0.000000,5,12,14,20,26,29,71,71,71,71,71,1071,0,3,12.908413327730637,1.9829419998131925,321.7380289997891,753.0
1780062782,40,GET,/health,1.100000,0.000000,4,29,40,40,68,68,68,68,68,68,68,568,0,3,13.444142065146691,1.640310999846406,323.28264199986734,56.0
1780062782,40,,Aggregated,16.600000,0.000000,220,340,510,680,1100,1300,1700,1800,1900,1900,1900,7074,0,160,347.23297293483176,1.640310999846406,3028.4190880001916,2716.018942606729
1780062783,40,POST,/api/book,13.600000,0.000000,300,500,760,950,1200,1400,1700,1800,1900,1900,1900,5451,0,220,447.8209533089331,91.7988780001906,3028.4190880001916,3380.8130618235186
1780062783,40,GET,/api/concerts,2.000000,0.000000,4,9,13,14,26,29,71,71,71,71,71,1073,0,3,12.890423462254601,1.9829419998131925,321.7380289997891,753.0
1780062783,40,GET,/health,0.900000,0.000000,4,5,40,40,68,68,68,68,68,68,68,569,0,3,13.429266219688953,1.640310999846406,323.28264199986734,56.0
1780062783,40,,Aggregated,16.500000,0.000000,180,330,540,760,1100,1300,1700,1800,1900,1900,1900,7093,0,160,347.17957046961766,1.640310999846406,3028.4190880001916,2716.5719723671227
1780062784,40,POST,/api/book,13.400000,0.000000,300,500,760,950,1200,1400,1700,1800,1900,1900,1900,5461,0,220,447.55685277916024,91.7988780001906,3028.4190880001916,3380.810474272111
1780062784,40,GET,/api/concerts,2.300000,0.000000,5,12,20,26,29,34,71,71,71,71,71,1076,0,3,12.914199271374628,1.9829419998131925,321.7380289997891,753.0
1780062784,40,GET,/health,0.900000,0.000000,5,35,40,40,68,68,68,68,68,68,68,570,0,3,13.467822954391139,1.640310999846406,323.28264199986734,56.0
1780062784,40,,Aggregated,16.600000,0.000000,210,330,540,820,1200,1400,1700,1800,1900,1900,1900,7107,0,160,346.9368665438297,1.640310999846406,3028.4190880001916,2716.301392992824
1780062785,40,POST,/api/book,13.800000,0.000000,300,520,910,1100,1300,1500,1700,1800,1900,1900,1900,5477,0,220,448.1946780867254,91.7988780001906,3028.4190880001916,3380.7920394376483
1780062785,40,GET,/api/concerts,2.200000,0.000000,9,15,26,27,34,71,71,71,71,71,71,1077,0,3,12.915679032497152,1.9829419998131925,321.7380289997891,753.0
1780062785,40,GET,/health,0.800000,0.000000,35,40,68,68,390,390,390,390,390,390,390,572,0,3,14.106518576928446,1.640310999846406,389.5348979999653,56.0
1780062785,40,,Aggregated,16.800000,0.000000,220,390,570,950,1300,1400,1700,1800,1900,1900,1900,7126,0,160,347.56404249578986,1.640310999846406,3028.4190880001916,2716.7570867246704
1780062786,40,POST,/api/book,13.400000,0.000000,300,520,940,1100,1300,1600,1800,1900,2000,2000,2000,5489,0,220,448.8832457717243,91.7988780001906,3028.4190880001916,3380.7673528875935
1780062786,40,GET,/api/concerts,2.300000,0.000000,5,12,20,26,29,34,71,71,71,71,71,1082,0,3,12.868105914047414,1.9829419998131925,321.7380289997891,753.0
1780062786,40,GET,/health,0.700000,0.000000,35,40,68,68,390,390,390,390,390,390,390,572,0,3,14.106518576928446,1.640310999846406,389.5348979999653,56.0
1780062786,40,,Aggregated,16.400000,0.000000,220,390,570,960,1300,1500,1700,1900,2000,2000,2000,7143,0,160,348.0207693218533,1.640310999846406,3028.4190880001916,2716.4790704185916
1780062787,40,POST,/api/book,13.700000,0.000000,290,470,820,1100,1300,1600,1800,1900,2000,2000,2000,5505,0,220,448.470214997456,91.7988780001906,3028.4190880001916,3380.783651226158
1780062787,40,GET,/api/concerts,2.200000,0.000000,4,12,26,27,70,71,75,75,75,75,75,1087,0,3,12.951505329345588,1.9829419998131925,321.7380289997891,753.0
1780062787,40,GET,/health,0.600000,0.000000,40,50,68,68,390,390,390,390,390,390,390,574,0,3,14.148658637635833,1.640310999846406,389.5348979999653,56.0
1780062787,40,,Aggregated,16.500000,0.000000,180,330,520,820,1300,1500,1700,1900,2000,2000,2000,7166,0,160,347.61765977002483,1.640310999846406,3028.4190880001916,2715.862266257326
1780062788,40,POST,/api/book,13.700000,0.000000,280,470,620,1100,1300,1600,1800,1900,2000,2000,2000,5517,0,220,448.13422569747956,91.7988780001906,3028.4190880001916,3380.774696392967
1780062788,40,GET,/api/concerts,2.200000,0.000000,4,14,26,29,70,71,75,75,75,75,75,1089,0,3,12.959364550962983,1.9829419998131925,321.7380289997891,753.0
1780062788,40,GET,/health,0.800000,0.000000,40,50,68,68,390,390,390,390,390,390,390,574,0,3,14.148658637635833,1.640310999846406,389.5348979999653,56.0
1780062788,40,,Aggregated,16.700000,0.000000,170,330,500,570,1300,1500,1700,1900,2000,2000,2000,7180,0,160,347.43601688398286,1.640310999846406,3028.4190880001916,2716.4199164345405
1780062789,40,POST,/api/book,13.900000,0.000000,290,440,560,820,1300,1600,1800,1900,2000,2000,2000,5531,0,220,447.817573370818,91.7988780001906,3028.4190880001916,3380.758813957693
1780062789,40,GET,/api/concerts,2.800000,0.000000,4,12,27,29,70,71,75,75,75,75,75,1092,0,3,12.938906411170633,1.9829419998131925,321.7380289997891,753.0
1780062789,40,GET,/health,0.700000,0.000000,35,50,68,68,390,390,390,390,390,390,390,575,0,3,14.141280179135958,1.640310999846406,389.5348979999653,56.0
1780062789,40,,Aggregated,17.400000,0.000000,180,330,490,560,1300,1500,1700,1900,2000,2000,2000,7198,0,160,347.19915535120816,1.640310999846406,3028.4190880001916,2716.5119477632675
1780062790,40,POST,/api/book,13.800000,0.000000,300,440,560,670,1300,1500,1800,1900,2000,2000,2000,5545,0,220,447.6778501608645,91.7988780001906,3028.4190880001916,3380.7624887285842
1780062790,40,GET,/api/concerts,2.900000,0.000000,4,12,27,32,70,71,75,75,75,75,75,1096,0,3,12.951285799268742,1.9829419998131925,321.7380289997891,753.0
1780062790,40,GET,/health,0.800000,0.000000,10,35,50,68,390,390,390,390,390,390,390,576,0,3,14.126526343755724,1.640310999846406,389.5348979999653,56.0
1780062790,40,,Aggregated,17.500000,0.000000,170,350,490,550,1200,1500,1700,1900,2000,2000,2000,7217,0,160,347.0562792783699,1.640310999846406,3028.4190880001916,2716.346404323126
1780062791,40,POST,/api/book,13.700000,0.000000,280,430,540,620,1300,1500,1800,1900,2000,2000,2000,5558,0,220,447.1412469064398,91.7988780001906,3028.4190880001916,3380.7648434688736
1780062791,40,GET,/api/concerts,3.100000,0.000000,3,11,27,29,56,70,75,75,75,75,75,1097,0,3,12.941818911575572,1.9829419998131925,321.7380289997891,753.0
1780062791,40,GET,/health,0.700000,0.000000,10,35,50,68,390,390,390,390,390,390,390,577,0,3,14.107031400352984,1.640310999846406,389.5348979999653,56.0
1780062791,40,,Aggregated,17.500000,0.000000,170,340,460,530,1200,1500,1700,1900,2000,2000,2000,7232,0,160,346.72953301576257,1.640310999846406,3028.4190880001916,2716.9032079646017
1780062792,40,POST,/api/book,13.600000,0.000000,240,390,490,540,800,1300,1500,1600,2000,2000,2000,5568,0,220,446.84602830208195,91.7988780001906,3028.4190880001916,3380.746587643678
1780062792,40,GET,/api/concerts,2.800000,0.000000,3,4,11,27,56,70,75,75,75,75,75,1100,0,3,12.919565017270791,1.9829419998131925,321.7380289997891,753.0
1780062792,40,GET,/health,0.800000,0.000000,6,35,50,50,58,390,390,390,390,390,390,579,0,3,14.164382001733125,1.640310999846406,389.5348979999653,56.0
1780062792,40,,Aggregated,17.200000,0.000000,170,300,400,480,640,1200,1500,1600,2000,2000,2000,7247,0,160,346.41249955622936,1.640310999846406,3028.4190880001916,2716.2578998206154
1780062793,40,POST,/api/book,13.100000,0.000000,270,400,500,560,940,1300,1500,1600,2000,2000,2000,5580,0,220,446.83720626236425,91.7988780001906,3028.4190880001916,3380.749641577061
1780062793,40,GET,/api/concerts,3.100000,0.000000,3,4,15,32,70,75,87,87,87,87,87,1101,0,3,12.98661584286807,1.9829419998131925,321.7380289997891,753.0
1780062793,40,GET,/health,0.900000,0.000000,6,10,50,50,58,390,390,390,390,390,390,581,0,3,14.125248655772857,1.640310999846406,389.5348979999653,56.0
1780062793,40,,Aggregated,17.100000,0.000000,170,320,410,490,790,1300,1500,1600,2000,2000,2000,7262,0,160,346.4412895147335,1.640310999846406,3028.4190880001916,2716.355274029193
1780062794,40,POST,/api/book,13.700000,0.000000,240,410,560,670,1300,1500,1600,1700,2000,2000,2000,5596,0,220,447.58709779431604,91.7988780001906,3028.4190880001916,3380.7380271622587
1780062794,40,GET,/api/concerts,2.800000,0.000000,3,4,11,23,70,75,87,87,87,87,87,1105,0,3,12.966932696830826,1.9829419998131925,321.7380289997891,753.0
1780062794,40,GET,/health,1.000000,0.000000,3,10,50,50,58,390,390,390,390,390,390,581,0,3,14.125248655772857,1.640310999846406,389.5348979999653,56.0
1780062794,40,,Aggregated,17.500000,0.000000,170,320,430,530,1100,1400,1500,1700,2000,2000,2000,7282,0,160,347.05199524251515,1.640310999846406,3028.4190880001916,2716.727684702005
1780062795,40,POST,/api/book,12.700000,0.000000,220,390,490,570,940,1400,1600,1700,2000,2000,2000,5608,0,220,447.23194438427123,91.7988780001906,3028.4190880001916,3380.740192582026
1780062795,40,GET,/api/concerts,2.900000,0.000000,3,4,11,23,70,75,87,87,87,87,87,1106,0,3,12.958242330016587,1.9829419998131925,321.7380289997891,753.0
1780062795,40,GET,/health,1.200000,0.000000,3,6,10,50,58,58,58,58,58,58,58,581,0,3,14.125248655772857,1.640310999846406,389.5348979999653,56.0
1780062795,40,,Aggregated,16.800000,0.000000,160,320,410,490,800,1300,1500,1700,2000,2000,2000,7295,0,160,346.89723503673696,1.640310999846406,3028.4190880001916,2717.5524331734064
1780062796,40,POST,/api/book,13.000000,0.000000,220,400,490,570,1300,1500,1800,1800,2000,2000,2000,5623,0,220,448.41935382215786,91.7988780001906,3028.4190880001916,3380.758314067224
1780062796,40,GET,/api/concerts,2.700000,0.000000,3,4,11,23,56,87,100,100,100,100,100,1109,0,3,13.020177564470945,1.9829419998131925,321.7380289997891,753.0
1780062796,40,GET,/health,1.200000,0.000000,3,6,10,50,58,58,58,58,58,58,58,583,0,3,14.086014761585512,1.640310999846406,389.5348979999653,56.0
1780062796,40,,Aggregated,16.900000,0.000000,160,320,430,490,900,1400,1800,1800,2000,2000,2000,7315,0,160,347.79406015953475,1.640310999846406,3028.4190880001916,2717.392891319207
1780062797,40,POST,/api/book,13.300000,0.000000,260,390,560,670,1200,1500,1800,1800,2000,2000,2000,5640,0,220,448.240511190779,91.7988780001906,3028.4190880001916,3380.7459219858156
1780062797,40,GET,/api/concerts,3.000000,0.000000,3,4,11,23,56,87,100,100,100,100,100,1110,0,3,13.010903819818227,1.9829419998131925,321.7380289997891,753.0
1780062797,40,GET,/health,1.100000,0.000000,3,6,10,10,50,58,58,58,58,58,58,584,0,3,14.066046917815733,1.640310999846406,389.5348979999653,56.0
1780062797,40,,Aggregated,17.400000,0.000000,170,320,430,560,930,1400,1800,1800,2000,2000,2000,7334,0,160,347.7956310002723,1.640310999846406,3028.4190880001916,2718.2902917916554
1780062798,40,POST,/api/book,13.100000,0.000000,210,360,560,690,1300,1500,1800,1800,2000,2000,2000,5649,0,220,447.7561855385013,91.7988780001906,3028.4190880001916,3380.7608426270135
1780062798,40,GET,/api/concerts,2.800000,0.000000,3,4,9,20,56,87,100,100,100,100,100,1114,0,3,12.989948426389704,1.9829419998131925,321.7380289997891,753.0
1780062798,40,GET,/health,1.000000,0.000000,3,3,6,10,22,58,58,58,58,58,58,587,0,3,14.040693611591148,1.640310999846406,389.5348979999653,56.0
1780062798,40,,Aggregated,16.900000,0.000000,160,280,390,530,930,1400,1800,1800,2000,2000,2000,7350,0,160,347.2227730345574,1.640310999846406,3028.4190880001916,2716.9567346938775
1780062799,40,POST,/api/book,13.100000,0.000000,210,330,560,740,1300,1500,1800,1800,2000,2000,2000,5664,0,220,447.483489901482,91.7988780001906,3028.4190880001916,3380.767478813559
1780062799,40,GET,/api/concerts,2.300000,0.000000,3,4,9,20,56,87,100,100,100,100,100,1117,0,3,12.974184356309605,1.9829419998131925,321.7380289997891,753.0
1780062799,40,GET,/health,1.000000,0.000000,3,3,3,6,22,58,58,58,58,58,58,589,0,3,14.001045837018705,1.640310999846406,389.5348979999653,56.0
1780062799,40,,Aggregated,16.400000,0.000000,160,270,350,530,930,1400,1800,1800,2000,2000,2000,7370,0,160,346.9857892436902,1.640310999846406,3028.4190880001916,2716.79131614654
1780062800,40,POST,/api/book,13.500000,0.000000,240,320,570,770,1300,1500,1800,1800,2000,2000,2000,5676,0,220,447.56580346793424,91.7988780001906,3028.4190880001916,3380.75563777308
1780062800,40,GET,/api/concerts,2.200000,0.000000,3,4,9,10,56,87,100,100,100,100,100,1119,0,3,12.956757337799674,1.9829419998131925,321.7380289997891,753.0
1780062800,40,GET,/health,1.000000,0.000000,3,3,3,3,22,58,58,58,58,58,58,589,0,3,14.001045837018705,1.640310999846406,389.5348979999653,56.0
1780062800,40,,Aggregated,16.700000,0.000000,160,270,350,570,1100,1400,1800,1800,2000,2000,2000,7384,0,160,347.1192751818794,1.640310999846406,3028.4190880001916,2717.329360780065
1780062801,40,POST,/api/book,13.300000,0.000000,250,340,740,920,1300,1500,1800,1800,2000,2000,2000,5688,0,220,447.7330220845629,91.7988780001906,3028.4190880001916,3380.7366385372716
1780062801,40,GET,/api/concerts,2.400000,0.000000,3,4,9,10,23,87,100,100,100,100,100,1120,0,3,12.947106636605099,1.9829419998131925,321.7380289997891,753.0
1780062801,40,GET,/health,1.300000,0.000000,3,3,3,3,22,58,58,58,58,58,58,591,0,3,13.961854419634522,1.640310999846406,389.5348979999653,56.0
1780062801,40,,Aggregated,17.000000,0.000000,170,280,360,710,1100,1400,1800,1800,2000,2000,2000,7399,0,160,347.2709345873762,1.640310999846406,3028.4190880001916,2717.405865657521
1780062802,40,POST,/api/book,13.000000,0.000000,260,360,770,930,1300,1500,1800,1800,2000,2000,2000,5704,0,220,447.73641112254455,91.7988780001906,3028.4190880001916,3380.7638499298737
1780062802,40,GET,/api/concerts,2.600000,0.000000,3,3,10,20,50,87,100,100,100,100,100,1124,0,3,12.952575688610342,1.9829419998131925,321.7380289997891,753.0
1780062802,40,GET,/health,1.400000,0.000000,3,3,3,3,3,22,22,22,22,22,22,594,0,3,13.904286491589863,1.640310999846406,389.5348979999653,56.0
1780062802,40,,Aggregated,17.000000,0.000000,160,280,490,750,1200,1400,1800,1800,2000,2000,2000,7422,0,160,347.1714268786039,1.640310999846406,3028.4190880001916,2716.722312045271
1780062803,40,POST,/api/book,13.300000,0.000000,230,350,740,900,1200,1500,1800,1800,2000,2000,2000,5711,0,220,447.5073885928899,91.7988780001906,3028.4190880001916,3380.751707231658
1780062803,40,GET,/api/concerts,2.200000,0.000000,3,3,4,8,23,50,100,100,100,100,100,1127,0,3,12.924874381542113,1.9829419998131925,321.7380289997891,753.0
1780062803,40,GET,/health,1.300000,0.000000,3,3,3,3,3,22,22,22,22,22,22,595,0,3,13.885287736142528,1.640310999846406,389.5348979999653,56.0
1780062803,40,,Aggregated,16.800000,0.000000,160,270,360,690,1100,1300,1800,1800,2000,2000,2000,7433,0,160,346.9047189405353,1.640310999846406,3028.4190880001916,2716.187811112606
1780062804,40,POST,/api/book,12.900000,0.000000,230,350,740,900,1200,1400,1800,1800,2000,2000,2000,5722,0,220,447.8686713684018,91.7988780001906,3028.4190880001916,3380.7605732261445
1780062804,40,GET,/api/concerts,2.300000,0.000000,3,4,20,29,90,100,160,160,160,160,160,1134,0,3,13.126927987652886,1.9829419998131925,321.7380289997891,753.0
1780062804,40,GET,/health,1.300000,0.000000,2,3,3,3,3,22,22,22,22,22,22,597,0,3,13.846891247913529,1.640310999846406,389.5348979999653,56.0
1780062804,40,,Aggregated,16.500000,0.000000,150,270,350,630,1100,1300,1800,1800,2000,2000,2000,7453,0,160,346.95519495277057,1.640310999846406,3028.4190880001916,2714.6177378236953
1780062805,40,POST,/api/book,13.600000,0.000000,270,500,770,920,1200,1600,1800,1800,2000,2000,2000,5736,0,220,448.3206864905851,91.7988780001906,3028.4190880001916,3380.796548117155
1780062805,40,GET,/api/concerts,2.400000,0.000000,3,4,20,29,90,100,160,160,160,160,160,1135,0,3,13.117600227311245,1.9829419998131925,321.7380289997891,753.0
1780062805,40,GET,/health,1.500000,0.000000,3,3,3,3,3,22,22,22,22,22,22,600,0,3,13.790430006674796,1.640310999846406,389.5348979999653,56.0
1780062805,40,,Aggregated,17.500000,0.000000,160,280,500,640,1100,1400,1800,1800,2000,2000,2000,7471,0,160,347.30694578664173,1.640310999846406,3028.4190880001916,2714.5635122473564
1780062806,40,POST,/api/book,12.900000,0.000000,240,340,590,770,1100,1200,1400,1700,1700,1700,1700,5749,0,220,447.867109374673,91.7988780001906,3028.4190880001916,3380.79022438685
1780062806,40,GET,/api/concerts,2.800000,0.000000,3,4,8,20,50,90,160,160,160,160,160,1138,0,3,13.09081749384696,1.9829419998131925,321.7380289997891,753.0
1780062806,40,GET,/health,1.500000,0.000000,3,3,3,3,22,60,60,60,60,60,60,601,0,3,13.868060793685705,1.640310999846406,389.5348979999653,56.0
1780062806,40,,Aggregated,17.200000,0.000000,160,260,340,520,990,1200,1400,1700,1700,1700,1700,7488,0,160,346.95780804487174,1.640310999846406,3028.4190880001916,2714.5743856837607
1780062807,40,POST,/api/book,12.800000,0.000000,220,340,560,820,1100,1200,1400,1700,1700,1700,1700,5758,0,220,447.68506132042296,91.7988780001906,3028.4190880001916,3380.8148662730114
1780062807,40,GET,/api/concerts,2.900000,0.000000,3,3,8,20,50,90,160,160,160,160,160,1145,0,3,13.084824903927856,1.9829419998131925,321.7380289997891,753.0
1780062807,40,GET,/health,1.600000,0.000000,3,3,3,3,26,60,60,60,60,60,60,603,0,3,13.870654779444976,1.640310999846406,389.5348979999653,56.0
1780062807,40,,Aggregated,17.300000,0.000000,150,220,320,490,990,1100,1400,1700,1700,1700,1700,7506,0,160,346.5383309925393,1.640310999846406,3028.4190880001916,2712.8543831601387
1780062808,40,POST,/api/book,12.900000,0.000000,280,520,900,990,1200,1400,1700,1700,1700,1700,1700,5769,0,220,448.74558264707827,91.7988780001906,3028.4190880001916,3380.8148725949036
1780062808,40,GET,/api/concerts,2.900000,0.000000,3,3,4,8,50,90,160,160,160,160,160,1147,0,3,13.066618637312644,1.9829419998131925,321.7380289997891,753.0
1780062808,40,GET,/health,1.800000,0.000000,3,3,18,19,26,60,60,60,60,60,60,607,0,3,13.884743537075916,1.640310999846406,389.5348979999653,56.0
1780062808,40,,Aggregated,17.600000,0.000000,160,280,490,650,1100,1300,1600,1700,1700,1700,1700,7523,0,160,347.2323165219991,1.640310999846406,3028.4190880001916,2711.8973813638177
1780062809,40,POST,/api/book,12.700000,0.000000,220,400,650,990,1200,1400,1700,1700,1700,1700,1700,5786,0,220,447.97272853871317,91.7988780001906,3028.4190880001916,3380.8325267888004
1780062809,40,GET,/api/concerts,3.200000,0.000000,3,3,3,4,50,90,160,160,160,160,160,1152,0,3,13.021341534719888,1.9829419998131925,321.7380289997891,753.0
1780062809,40,GET,/health,1.800000,0.000000,3,3,18,19,26,60,60,60,60,60,60,607,0,3,13.884743537075916,1.640310999846406,389.5348979999653,56.0
1780062809,40,,Aggregated,17.700000,0.000000,150,230,350,560,1100,1300,1600,1700,1700,1700,1700,7545,0,160,346.640004254473,1.640310999846406,3028.4190880001916,2712.119946984758
1780062810,40,POST,/api/book,11.800000,0.000000,210,320,540,820,1200,1400,1700,1700,1700,1700,1700,5797,0,220,447.48011469087356,91.7988780001906,3028.4190880001916,3380.841642228739
1780062810,40,GET,/api/concerts,3.500000,0.000000,3,3,3,4,50,90,160,160,160,160,160,1156,0,3,12.996495128025511,1.9829419998131925,321.7380289997891,753.0
1780062810,40,GET,/health,1.900000,0.000000,3,3,18,19,26,27,60,60,60,60,60,610,0,3,13.868456350827296,1.640310999846406,389.5348979999653,56.0
1780062810,40,,Aggregated,17.200000,0.000000,140,200,300,460,1100,1300,1600,1700,1700,1700,1700,7563,0,160,346.09624905526886,1.640310999846406,3028.4190880001916,2711.0097844770594
1780062811,40,POST,/api/book,12.100000,0.000000,200,320,560,900,1200,1400,1700,1700,1700,1700,1700,5808,0,220,447.3586745001711,91.7988780001906,3028.4190880001916,3380.840564738292
1780062811,40,GET,/api/concerts,3.200000,0.000000,3,3,4,7,50,90,160,160,160,160,160,1159,0,3,12.973468354613834,1.9829419998131925,321.7380289997891,753.0
1780062811,40,GET,/health,2.000000,0.000000,3,4,19,25,27,60,60,60,60,60,60,611,0,3,13.851505783968635,1.640310999846406,389.5348979999653,56.0
1780062811,40,,Aggregated,17.300000,0.000000,140,200,290,400,1100,1300,1600,1700,1700,1700,1700,7578,0,160,345.96974153523337,1.640310999846406,3028.4190880001916,2710.8557666930587
1780062812,40,POST,/api/book,12.300000,0.000000,210,320,520,590,1100,1400,1700,1700,1700,1700,1700,5821,0,220,447.11380472564764,91.7988780001906,3028.4190880001916,3380.8364542174886
1780062812,40,GET,/api/concerts,3.400000,0.000000,3,3,3,4,35,90,160,160,160,160,160,1161,0,3,12.955644106802243,1.9829419998131925,321.7380289997891,753.0
1780062812,40,GET,/health,2.000000,0.000000,3,4,19,25,27,60,60,60,60,60,60,613,0,3,13.815538574233196,1.640310999846406,389.5348979999653,56.0
1780062812,40,,Aggregated,17.700000,0.000000,150,200,300,410,960,1300,1600,1700,1700,1700,1700,7595,0,160,345.7748367691902,1.640310999846406,3028.4190880001916,2710.7847267939433
1780062813,40,POST,/api/book,11.900000,0.000000,230,410,560,800,1100,1400,1700,1700,1700,1700,1700,5834,0,220,447.30564387315655,91.7988780001906,3028.4190880001916,3380.8483030510797
1780062813,40,GET,/api/concerts,3.700000,0.000000,3,3,4,7,35,90,160,160,160,160,160,1164,0,3,12.948553713914967,1.9829419998131925,321.7380289997891,753.0
1780062813,40,GET,/health,2.100000,0.000000,3,4,18,19,26,27,60,60,60,60,60,617,0,3,13.746339703411767,1.640310999846406,389.5348979999653,56.0
1780062813,40,,Aggregated,17.700000,0.000000,150,230,400,510,970,1300,1600,1700,1700,1700,1700,7615,0,160,345.78263092265263,1.640310999846406,3028.4190880001916,2709.7718975705843
1780062814,40,POST,/api/book,12.000000,0.000000,210,340,520,570,940,1100,1500,1600,1700,1700,1700,5850,0,220,447.13221489623857,91.7988780001906,3028.4190880001916,3380.8637606837606
1780062814,40,GET,/api/concerts,4.000000,0.000000,3,3,4,4,25,53,69,69,69,69,69,1167,0,3,12.984901628960722,1.9829419998131925,321.7380289997891,753.0
1780062814,40,GET,/health,2.000000,0.000000,3,4,18,19,26,27,60,60,60,60,60,618,0,3,13.733161551787955,1.640310999846406,389.5348979999653,56.0
1780062814,40,,Aggregated,18.000000,0.000000,150,210,320,420,810,1100,1400,1600,1700,1700,1700,7635,0,160,345.69272183143414,1.640310999846406,3028.4190880001916,2710.073608382449
1780062815,40,POST,/api/book,11.900000,0.000000,200,350,530,670,940,1100,1500,1600,1700,1700,1700,5863,0,220,446.98161082994955,91.7988780001906,3028.4190880001916,3380.8729319461027
1780062815,40,GET,/api/concerts,3.700000,0.000000,3,3,4,7,25,53,69,69,69,69,69,1172,0,3,12.961864842148149,1.9829419998131925,321.7380289997891,753.0
1780062815,40,GET,/health,2.000000,0.000000,4,18,25,26,41,60,60,60,60,60,60,619,0,3,13.77762827949097,1.640310999846406,389.5348979999653,56.0
1780062815,40,,Aggregated,17.600000,0.000000,150,210,330,420,820,1100,1400,1600,1700,1700,1700,7654,0,160,345.48900467677015,1.640310999846406,3028.4190880001916,2709.5947217141365
1780062816,40,POST,/api/book,12.400000,0.000000,190,340,530,670,960,1300,1500,1600,1700,1700,1700,5872,0,220,446.5663094109322,91.7988780001906,3028.4190880001916,3380.8647820163487
1780062816,40,GET,/api/concerts,3.500000,0.000000,3,3,7,9,25,53,69,69,69,69,69,1173,0,3,12.953085448420701,1.9829419998131925,321.7380289997891,753.0
1780062816,40,GET,/health,2.100000,0.000000,3,4,18,19,26,27,41,41,41,41,41,622,0,3,13.723488287788808,1.640310999846406,389.5348979999653,56.0
1780062816,40,,Aggregated,18.000000,0.000000,140,190,320,410,820,1100,1400,1600,1700,1700,1700,7667,0,160,345.1111709673924,1.640310999846406,3028.4190880001916,2709.0829529150906
1780062817,40,POST,/api/book,12.700000,0.000000,200,410,550,670,960,1100,1400,1600,1700,1700,1700,5887,0,220,446.7986439091205,91.7988780001906,3028.4190880001916,3380.8476303720063
1780062817,40,GET,/api/concerts,3.300000,0.000000,3,3,7,9,25,40,53,53,53,53,53,1176,0,3,12.959664996596334,1.9829419998131925,321.7380289997891,753.0
1780062817,40,GET,/health,2.100000,0.000000,3,4,6,18,25,27,41,41,41,41,41,624,0,3,13.694102376610736,1.640310999846406,389.5348979999653,56.0
1780062817,40,,Aggregated,18.100000,0.000000,150,230,400,510,850,1100,1300,1600,1700,1700,1700,7687,0,160,345.26984553297723,1.640310999846406,3028.4190880001916,2708.927019643554
1780062818,40,POST,/api/book,12.600000,0.000000,200,400,520,630,900,1000,1100,1200,1300,1300,1300,5901,0,220,446.7640280957452,91.7988780001906,3028.4190880001916,3380.8618878156244
1780062818,40,GET,/api/concerts,3.600000,0.000000,3,4,7,14,26,40,53,53,53,53,53,1176,0,3,12.959664996596334,1.9829419998131925,321.7380289997891,753.0
1780062818,40,GET,/health,2.000000,0.000000,3,4,4,5,27,41,41,41,41,41,41,626,0,3,13.658204536748675,1.640310999846406,389.5348979999653,56.0
1780062818,40,,Aggregated,18.200000,0.000000,150,230,400,470,800,960,1100,1200,1300,1300,1300,7703,0,160,345.33884614682535,1.640310999846406,3028.4190880001916,2709.470336232637
1780062819,40,POST,/api/book,12.200000,0.000000,210,410,550,670,940,1100,1300,1400,1500,1500,1500,5912,0,220,446.6988742885643,91.7988780001906,3028.4190880001916,3380.880412719892
1780062819,40,GET,/api/concerts,3.300000,0.000000,3,4,9,21,26,40,53,53,53,53,53,1177,0,3,12.95083728122121,1.9829419998131925,321.7380289997891,753.0
1780062819,40,GET,/health,2.200000,0.000000,3,4,4,5,27,41,41,41,41,41,41,626,0,3,13.658204536748675,1.640310999846406,389.5348979999653,56.0
1780062819,40,,Aggregated,17.700000,0.000000,150,250,410,520,850,1000,1200,1400,1500,1500,1500,7715,0,160,345.38910127206685,1.640310999846406,3028.4190880001916,2710.188204795852
1780062820,40,POST,/api/book,12.900000,0.000000,230,460,670,800,1100,1500,2100,2200,2300,2300,2300,5925,0,220,447.9245639836272,91.7988780001906,3028.4190880001916,3380.8803375527427
1780062820,40,GET,/api/concerts,3.100000,0.000000,3,3,9,21,26,40,53,53,53,53,53,1180,0,3,12.924341172879009,1.9829419998131925,321.7380289997891,753.0
1780062820,40,GET,/health,2.100000,0.000000,3,4,4,4,6,41,41,41,41,41,41,626,0,3,13.658204536748675,1.640310999846406,389.5348979999653,56.0
1780062820,40,,Aggregated,18.100000,0.000000,160,270,490,630,960,1300,2000,2200,2300,2300,2300,7731,0,160,346.36577418535694,1.640310999846406,3028.4190880001916,2710.5564610011643
1780062821,40,POST,/api/book,13.000000,0.000000,250,510,730,850,1200,1600,2200,2200,2300,2300,2300,5940,0,220,448.40914797323103,91.7988780001906,3028.4190880001916,3380.8937710437713
1780062821,40,GET,/api/concerts,2.900000,0.000000,3,9,25,26,37,40,53,53,53,53,53,1184,0,3,12.952906011821828,1.9829419998131925,321.7380289997891,753.0
1780062821,40,GET,/health,1.900000,0.000000,3,3,4,4,6,41,41,41,41,41,41,629,0,3,13.605181437209314,1.640310999846406,389.5348979999653,56.0
1780062821,40,,Aggregated,17.800000,0.000000,160,320,530,670,1100,1400,2100,2200,2300,2300,2300,7753,0,160,346.6328181095054,1.640310999846406,3028.4190880001916,2709.826518766929
1780062822,40,POST,/api/book,12.600000,0.000000,240,470,730,820,1100,1600,2200,2200,2300,2300,2300,5956,0,220,448.1814006959354,91.7988780001906,3028.4190880001916,3380.8687038280727
1780062822,40,GET,/api/concerts,2.500000,0.000000,3,9,25,26,37,40,53,53,53,53,53,1185,0,3,12.94418645822535,1.9829419998131925,321.7380289997891,753.0
1780062822,40,GET,/health,1.700000,0.000000,3,3,5,5,16,41,41,41,41,41,41,631,0,3,13.592009652939302,1.640310999846406,389.5348979999653,56.0
1780062822,40,,Aggregated,16.800000,0.000000,160,300,480,700,1000,1400,2100,2200,2300,2300,2300,7772,0,160,346.5367783825263,1.640310999846406,3028.4190880001916,2710.254117344313
1780062823,40,POST,/api/book,13.000000,0.000000,230,400,660,790,1100,1600,2200,2200,2300,2300,2300,5969,0,220,447.7371877674639,91.7988780001906,3028.4190880001916,3380.8584352487856
1780062823,40,GET,/api/concerts,2.400000,0.000000,3,9,21,25,37,40,53,53,53,53,53,1188,0,3,12.930587247472596,1.9829419998131925,321.7380289997891,753.0
1780062823,40,GET,/health,1.600000,0.000000,3,4,5,6,16,41,41,41,41,41,41,631,0,3,13.592009652939302,1.640310999846406,389.5348979999653,56.0
1780062823,40,,Aggregated,17.000000,0.000000,160,290,420,630,1000,1400,2100,2200,2300,2300,2300,7788,0,160,346.2354095435279,1.640310999846406,3028.4190880001916,2710.6117103235747
1780062824,40,POST,/api/book,13.200000,0.000000,220,380,620,730,1100,1600,2200,2200,2300,2300,2300,5978,0,220,447.3948309106713,91.7988780001906,3028.4190880001916,3380.841418534627
1780062824,40,GET,/api/concerts,2.400000,0.000000,3,4,18,21,37,40,64,64,64,64,64,1192,0,3,12.948790311239103,1.9829419998131925,321.7380289997891,753.0
1780062824,40,GET,/health,1.800000,0.000000,3,3,4,5,16,41,41,41,41,41,41,631,0,3,13.592009652939302,1.640310999846406,389.5348979999653,56.0
1780062824,40,,Aggregated,17.400000,0.000000,160,260,400,490,1000,1400,2100,2200,2300,2300,2300,7801,0,160,345.92203760107634,1.640310999846406,3028.4190880001916,2710.3681579284707
1780062825,40,POST,/api/book,13.400000,0.000000,220,410,670,910,1400,1700,2200,2200,2300,2300,2300,5999,0,220,448.2191354420724,91.7988780001906,3028.4190880001916,3380.8693115519254
1780062825,40,GET,/api/concerts,2.500000,0.000000,3,4,10,18,37,40,64,64,64,64,64,1193,0,3,12.940329207038772,1.9829419998131925,321.7380289997891,753.0
1780062825,40,GET,/health,1.600000,0.000000,3,3,4,4,5,16,16,16,16,16,16,631,0,3,13.592009652939302,1.640310999846406,389.5348979999653,56.0
1780062825,40,,Aggregated,17.500000,0.000000,180,300,470,670,1200,1600,2100,2200,2300,2300,2300,7823,0,160,346.78268750504867,1.640310999846406,3028.4190880001916,2711.939153777323
1780062826,40,POST,/api/book,13.500000,0.000000,230,400,670,910,1400,1700,2200,2200,2300,2300,2300,6009,0,220,447.88748992228216,91.7988780001906,3028.4190880001916,3380.876684972541
1780062826,40,GET,/api/concerts,2.400000,0.000000,3,5,18,20,37,64,64,64,64,64,64,1196,0,3,12.980029124579373,1.9829419998131925,321.7380289997891,753.0
1780062826,40,GET,/health,1.400000,0.000000,3,5,5,16,53,53,53,53,53,53,53,633,0,3,13.640462576626375,1.640310999846406,389.5348979999653,56.0
1780062826,40,,Aggregated,17.300000,0.000000,180,320,470,670,1200,1600,2100,2200,2300,2300,2300,7838,0,160,346.4550209985961,1.640310999846406,3028.4190880001916,2711.3707578463896
1780062827,40,POST,/api/book,12.400000,0.000000,210,350,620,800,1400,1700,2200,2200,2300,2300,2300,6020,0,220,447.59127886594564,91.7988780001906,3028.4190880001916,3380.861129568106
1780062827,40,GET,/api/concerts,2.400000,0.000000,3,4,18,20,37,64,64,64,64,64,64,1198,0,3,12.96251398664143,1.9829419998131925,321.7380289997891,753.0
1780062827,40,GET,/health,1.300000,0.000000,3,3,5,16,53,53,53,53,53,53,53,634,0,3,13.62306545742033,1.640310999846406,389.5348979999653,56.0
1780062827,40,,Aggregated,16.100000,0.000000,170,290,380,620,1200,1600,2100,2200,2300,2300,2300,7852,0,160,346.2386161524446,1.640310999846406,3028.4190880001916,2711.459755476312
1780062828,40,POST,/api/book,13.800000,0.000000,220,380,720,910,1500,1700,2200,2200,2300,2300,2300,6035,0,220,448.26196157282385,91.7988780001906,3028.4190880001916,3380.8604805302402
1780062828,40,GET,/api/concerts,2.100000,0.000000,3,5,20,20,37,64,64,64,64,64,64,1203,0,3,12.950782452199993,1.9829419998131925,321.7380289997891,753.0
1780062828,40,GET,/health,1.100000,0.000000,3,3,5,5,16,53,53,53,53,53,53,635,0,3,13.605515524416367,1.640310999846406,389.5348979999653,56.0
1780062828,40,,Aggregated,17.000000,0.000000,160,300,410,700,1400,1600,2100,2200,2300,2300,2300,7873,0,160,346.6887122748628,1.640310999846406,3028.4190880001916,2711.1535628096026
1780062829,40,POST,/api/book,13.700000,0.000000,230,390,700,890,1400,1700,2200,2200,2300,2300,2300,6048,0,220,448.0427490633255,91.7988780001906,3028.4190880001916,3380.8526785714284
1780062829,40,GET,/api/concerts,2.200000,0.000000,3,4,18,20,36,64,64,64,64,64,64,1208,0,3,12.909400663077212,1.9829419998131925,321.7380289997891,753.0
1780062829,40,GET,/health,1.000000,0.000000,3,3,16,16,51,53,53,53,53,53,53,638,0,3,13.629375272733864,1.640310999846406,389.5348979999653,56.0
1780062829,40,,Aggregated,16.900000,0.000000,160,300,390,660,1200,1600,2100,2200,2300,2300,2300,7894,0,160,346.34566047124355,1.640310999846406,3028.4190880001916,2710.00114010641
1780062830,40,POST,/api/book,13.400000,0.000000,230,360,470,700,1100,1400,1600,1700,1700,1700,1700,6057,0,220,447.74587740531496,91.7988780001906,3028.4190880001916,3380.861317483903
1780062830,40,GET,/api/concerts,2.400000,0.000000,3,4,18,20,37,64,64,64,64,64,64,1210,0,3,12.893049700824498,1.9829419998131925,321.7380289997891,753.0
1780062830,40,GET,/health,1.000000,0.000000,3,3,5,16,51,53,53,53,53,53,53,639,0,3,13.611299241007837,1.640310999846406,389.5348979999653,56.0
1780062830,40,,Aggregated,16.800000,0.000000,160,290,360,450,890,1300,1600,1700,1700,1700,1700,7906,0,160,346.1035909179101,1.640310999846406,3028.4190880001916,2709.9406779661017
1780062831,40,POST,/api/book,13.300000,0.000000,220,350,450,660,1100,1400,1600,1700,1700,1700,1700,6065,0,220,447.62636358499464,91.7988780001906,3028.4190880001916,3380.8529266281944
1780062831,40,GET,/api/concerts,2.700000,0.000000,3,3,4,5,20,64,64,64,64,64,64,1215,0,3,12.851657359668907,1.9829419998131925,321.7380289997891,753.0
1780062831,40,GET,/health,0.900000,0.000000,3,5,16,17,51,53,53,53,53,53,53,643,0,3,13.571358307938116,1.640310999846406,389.5348979999653,56.0
1780062831,40,,Aggregated,16.900000,0.000000,160,270,350,390,850,1300,1600,1700,1700,1700,1700,7923,0,160,345.7270026791615,1.640310999846406,3028.4190880001916,2708.036854726745
1780062832,40,POST,/api/book,13.500000,0.000000,220,360,530,780,1400,1600,1700,1700,1900,1900,1900,6078,0,220,448.23715132559926,91.7988780001906,3028.4190880001916,3380.8604804211914
1780062832,40,GET,/api/concerts,3.100000,0.000000,3,4,10,18,21,64,64,64,64,64,64,1217,0,3,12.877533490548213,1.9829419998131925,321.7380289997891,753.0
1780062832,40,GET,/health,1.200000,0.000000,3,5,17,17,51,53,53,53,53,53,53,645,0,3,13.611449168999478,1.640310999846406,389.5348979999653,56.0
1780062832,40,,Aggregated,17.800000,0.000000,160,230,340,430,1100,1500,1700,1700,1900,1900,1900,7940,0,160,346.2011018550373,1.640310999846406,3028.4190880001916,2707.9837531486146
1780062833,40,POST,/api/book,13.000000,0.000000,230,380,670,880,1400,1600,1700,1800,1900,1900,1900,6090,0,220,448.6144644243008,91.7988780001906,3028.4190880001916,3380.866830870279
1780062833,40,GET,/api/concerts,3.000000,0.000000,3,3,5,10,21,64,64,64,64,64,64,1219,0,3,12.861055050039099,1.9829419998131925,321.7380289997891,753.0
1780062833,40,GET,/health,1.300000,0.000000,3,5,16,17,51,53,53,53,53,53,53,646,0,3,13.594355815796806,1.640310999846406,389.5348979999653,56.0
1780062833,40,,Aggregated,17.300000,0.000000,160,270,370,620,1300,1600,1700,1800,1900,1900,1900,7955,0,160,346.5143517670642,1.640310999846406,3028.4190880001916,2708.178755499686
1780062834,40,POST,/api/book,12.300000,0.000000,300,450,780,1000,1400,1600,1700,1800,1900,1900,1900,6106,0,220,448.93399109760776,91.7988780001906,3028.4190880001916,3380.841467409106
1780062834,40,GET,/api/concerts,3.200000,0.000000,3,3,4,20,30,48,64,64,64,64,64,1222,0,3,12.85825722585717,1.9829419998131925,321.7380289997891,753.0
1780062834,40,GET,/health,1.400000,0.000000,3,5,17,17,51,53,53,53,53,53,53,647,0,3,13.586902012372242,1.640310999846406,389.5348979999653,56.0
1780062834,40,,Aggregated,16.900000,0.000000,160,310,450,640,1300,1600,1700,1800,1900,1900,1900,7975,0,160,346.7955442726015,1.640310999846406,3028.4190880001916,2708.4408777429467
1780062835,40,POST,/api/book,12.400000,0.000000,270,430,720,890,1300,1500,1700,1800,1900,1900,1900,6120,0,220,448.8877164983646,91.7988780001906,3028.4190880001916,3380.839705882353
1780062835,40,GET,/api/concerts,3.100000,0.000000,3,3,10,20,30,48,64,64,64,64,64,1223,0,3,12.87211577759384,1.9829419998131925,321.7380289997891,753.0
1780062835,40,GET,/health,1.400000,0.000000,3,5,9,17,51,53,53,53,53,53,53,649,0,3,13.559429044691347,1.640310999846406,389.5348979999653,56.0
1780062835,40,,Aggregated,16.900000,0.000000,150,270,390,620,1100,1400,1600,1800,1900,1900,1900,7992,0,160,346.8137502522517,1.640310999846406,3028.4190880001916,2708.708958958959
1780062836,40,POST,/api/book,11.900000,0.000000,230,430,740,890,1300,1400,1700,1800,1900,1900,1900,6137,0,220,448.56738617451396,91.7988780001906,3028.4190880001916,3380.8540003258922
1780062836,40,GET,/api/concerts,3.100000,0.000000,3,3,10,20,30,48,78,78,78,78,78,1224,0,3,12.92559504411521,1.9829419998131925,321.7380289997891,753.0
1780062836,40,GET,/health,1.500000,0.000000,3,5,9,9,51,51,51,51,51,51,51,649,0,3,13.559429044691347,1.640310999846406,389.5348979999653,56.0
1780062836,40,,Aggregated,16.500000,0.000000,160,270,430,640,1100,1400,1600,1800,1900,1900,1900,8010,0,160,346.7514415401992,1.640310999846406,3028.4190880001916,2709.902247191011
1780062837,40,POST,/api/book,12.900000,0.000000,240,470,780,880,1300,1400,1700,1800,1900,1900,1900,6150,0,220,448.4154003920313,91.7988780001906,3028.4190880001916,3380.856585365854
1780062837,40,GET,/api/concerts,3.000000,0.000000,3,3,10,20,30,48,78,78,78,78,78,1228,0,3,12.89204483143097,1.9829419998131925,321.7380289997891,753.0
1780062837,40,GET,/health,1.600000,0.000000,3,9,11,17,51,51,51,51,51,51,51,651,0,3,13.578691582188744,1.640310999846406,389.5348979999653,56.0
1780062837,40,,Aggregated,17.500000,0.000000,160,290,470,730,1100,1400,1600,1800,1900,1900,1900,8029,0,160,346.54700108157886,1.640310999846406,3028.4190880001916,2709.3545896126543
1780062838,40,POST,/api/book,11.800000,0.000000,230,470,740,850,1100,1400,1700,1800,1900,1900,1900,6159,0,220,448.68872752995475,91.7988780001906,3028.4190880001916,3380.844942360773
1780062838,40,GET,/api/concerts,3.000000,0.000000,3,3,4,4,30,48,78,78,78,78,78,1230,0,3,12.876208900811102,1.9829419998131925,321.7380289997891,753.0
1780062838,40,GET,/health,1.800000,0.000000,3,7,11,17,51,51,51,51,51,51,51,654,0,3,13.528634084106104,1.640310999846406,389.5348979999653,56.0
1780062838,40,,Aggregated,16.600000,0.000000,160,280,470,670,950,1300,1600,1800,1900,1900,1900,8043,0,160,346.656637634713,1.640310999846406,3028.4190880001916,2708.620912594803
1780062839,40,POST,/api/book,12.700000,0.000000,230,470,740,890,1200,1400,1700,1800,1900,1900,1900,6168,0,220,448.478180490271,91.7988780001906,3028.4190880001916,3380.8370622568095
1780062839,40,GET,/api/concerts,2.800000,0.000000,3,3,4,30,48,78,95,95,95,95,95,1233,0,3,12.925865487427226,1.9829419998131925,321.7380289997891,753.0
1780062839,40,GET,/health,1.600000,0.000000,3,7,11,17,29,51,51,51,51,51,51,656,0,3,13.536932536592941,1.640310999846406,389.5348979999653,56.0
1780062839,40,,Aggregated,17.100000,0.000000,160,250,470,670,1000,1300,1600,1800,1900,1900,1900,8057,0,160,346.4107282057833,1.640310999846406,3028.4190880001916,2707.979148566464
1780062840,40,POST,/api/book,12.800000,0.000000,230,590,880,950,1300,1500,1800,1800,1900,1900,1900,6182,0,220,449.14734056777587,91.7988780001906,3028.4190880001916,3380.8261080556454
1780062840,40,GET,/api/concerts,2.800000,0.000000,3,3,10,30,55,78,95,95,95,95,95,1236,0,3,12.94278850080756,1.9829419998131925,321.7380289997891,753.0
1780062840,40,GET,/health,1.700000,0.000000,3,9,17,29,51,280,280,280,280,280,280,658,0,3,13.930794653502899,1.640310999846406,389.5348979999653,56.0
1780062840,40,,Aggregated,17.300000,0.000000,160,280,590,780,1200,1400,1700,1800,1900,1900,1900,8076,0,160,346.9282576596082,1.640310999846406,3028.4190880001916,2707.754210004953
1780062841,40,POST,/api/book,12.300000,0.000000,280,620,880,1000,1400,1600,1800,1800,1900,1900,1900,6195,0,220,449.5582588453577,91.7988780001906,3028.4190880001916,3380.81194511703
1780062841,40,GET,/api/concerts,2.700000,0.000000,3,4,30,48,78,95,95,95,95,95,95,1236,0,3,12.94278850080756,1.9829419998131925,321.7380289997891,753.0
1780062841,40,GET,/health,1.900000,0.000000,3,9,29,29,51,280,280,280,280,280,280,658,0,3,13.930794653502899,1.640310999846406,389.5348979999653,56.0
1780062841,40,,Aggregated,16.900000,0.000000,180,350,650,880,1300,1500,1700,1800,1900,1900,1900,8089,0,160,347.407239833848,1.640310999846406,3028.4190880001916,2708.8250710841885
1780062842,40,POST,/api/book,11.900000,0.000000,310,580,730,860,1200,1400,1500,1600,1800,1800,1800,6214,0,220,449.30956209027863,91.7988780001906,3028.4190880001916,3380.8133247505634
1780062842,40,GET,/api/concerts,2.500000,0.000000,3,3,30,30,55,78,95,95,95,95,95,1238,0,3,12.95614639499037,1.9829419998131925,321.7380289997891,753.0
1780062842,40,GET,/health,1.800000,0.000000,7,11,29,29,65,280,280,280,280,280,280,659,0,3,14.00774742489364,1.640310999846406,389.5348979999653,56.0
1780062842,40,,Aggregated,16.200000,0.000000,180,360,590,710,1100,1300,1500,1600,1800,1800,1800,8111,0,160,347.340701962643,1.640310999846406,3028.4190880001916,2709.5909259030946
1780062843,40,POST,/api/book,12.600000,0.000000,300,580,750,890,1200,1400,1500,1600,1800,1800,1800,6227,0,220,449.5481845495408,91.7988780001906,3028.4190880001916,3380.8328247952463
1780062843,40,GET,/api/concerts,2.600000,0.000000,3,4,30,39,78,95,95,95,95,95,95,1239,0,3,12.94829488781123,1.9829419998131925,321.7380289997891,753.0
1780062843,40,GET,/health,1.900000,0.000000,9,23,29,29,65,280,280,280,280,280,280,660,0,3,14.021173075764526,1.640310999846406,389.5348979999653,56.0
1780062843,40,,Aggregated,17.100000,0.000000,190,360,640,750,1100,1300,1500,1600,1800,1800,1800,8126,0,160,347.60441259980263,1.640310999846406,3028.4190880001916,2710.112355402412
1780062844,40,POST,/api/book,13.200000,0.000000,280,530,730,800,1100,1300,1500,1600,1800,1800,1800,6239,0,220,449.315956675908,91.7988780001906,3028.4190880001916,3380.838275364642
1780062844,40,GET,/api/concerts,2.000000,0.000000,3,4,30,39,78,95,95,95,95,95,95,1240,0,3,12.942974820966004,1.9829419998131925,321.7380289997891,753.0
1780062844,40,GET,/health,1.500000,0.000000,7,23,29,29,65,280,280,280,280,280,280,661,0,3,14.004850025725203,1.640310999846406,389.5348979999653,56.0
1780062844,40,,Aggregated,16.700000,0.000000,200,350,580,730,1000,1200,1500,1600,1800,1800,1800,8140,0,160,347.4924752267807,1.640310999846406,3028.4190880001916,2710.5388206388207
1780062845,40,POST,/api/book,13.200000,0.000000,320,530,730,820,1200,1300,1500,1600,1800,1800,1800,6255,0,220,449.5726171725002,91.7988780001906,3028.4190880001916,3380.847801758593
1780062845,40,GET,/api/concerts,2.100000,0.000000,3,3,6,39,78,95,95,95,95,95,95,1241,0,3,12.93466788476836,1.9829419998131925,321.7380289997891,753.0
1780062845,40,GET,/health,1.400000,0.000000,7,23,29,29,65,280,280,280,280,280,280,661,0,3,14.004850025725203,1.640310999846406,389.5348979999653,56.0
1780062845,40,,Aggregated,16.700000,0.000000,230,380,580,740,1100,1200,1500,1600,1800,1800,1800,8157,0,160,347.84673889003227,1.640310999846406,3028.4190880001916,2711.6209390707368
1780062846,40,POST,/api/book,13.800000,0.000000,320,520,730,860,1200,1500,1800,1800,1900,1900,1900,6265,0,220,449.65158420207325,91.7988780001906,3028.4190880001916,3380.8469273743017
1780062846,40,GET,/api/concerts,2.000000,0.000000,3,3,6,25,55,95,95,95,95,95,95,1243,0,3,12.9359704167319,1.9829419998131925,321.7380289997891,753.0
1780062846,40,GET,/health,1.400000,0.000000,3,11,29,29,65,280,280,280,280,280,280,664,0,3,13.953260118982888,1.640310999846406,389.5348979999653,56.0
1780062846,40,,Aggregated,17.200000,0.000000,190,350,560,710,1200,1300,1600,1800,1900,1900,1900,8172,0,160,347.82324412298016,1.640310999846406,3028.4190880001916,2710.9849486049925
1780062847,40,POST,/api/book,13.200000,0.000000,320,570,860,1000,1400,1800,2100,2100,2300,2300,2300,6281,0,220,450.8153155444977,91.7988780001906,3028.4190880001916,3380.846043623627
1780062847,40,GET,/api/concerts,1.800000,0.000000,3,4,25,39,55,95,95,95,95,95,95,1243,0,3,12.9359704167319,1.9829419998131925,321.7380289997891,753.0
1780062847,40,GET,/health,1.400000,0.000000,3,3,29,29,65,280,280,280,280,280,280,667,0,3,13.95770971065236,1.640310999846406,389.5348979999653,56.0
1780062847,40,,Aggregated,16.400000,0.000000,220,380,640,860,1200,1600,1900,2100,2300,2300,2300,8191,0,160,348.7926017018674,1.640310999846406,3028.4190880001916,2711.3203516054205
1780062848,40,POST,/api/book,13.500000,0.000000,320,520,700,1000,1500,1800,2100,2100,2300,2300,2300,6289,0,220,450.45153256988226,91.7988780001906,3028.4190880001916,3380.8457624423595
1780062848,40,GET,/api/concerts,1.800000,0.000000,3,6,25,25,55,95,95,95,95,95,95,1246,0,3,12.921315199837789,1.9829419998131925,321.7380289997891,753.0
1780062848,40,GET,/health,1.200000,0.000000,3,4,29,29,65,280,280,280,280,280,280,670,0,3,13.907989158217367,1.640310999846406,389.5348979999653,56.0
1780062848,40,,Aggregated,16.500000,0.000000,180,340,570,700,1200,1600,1900,2100,2300,2300,2300,8205,0,160,348.3617306285187,1.640310999846406,3028.4190880001916,2710.2860450944545
1780062849,40,POST,/api/book,12.700000,0.000000,320,530,670,860,1400,1800,2100,2100,2300,2300,2300,6306,0,220,450.1762969530591,91.7988780001906,3028.4190880001916,3380.8298445924515
1780062849,40,GET,/api/concerts,1.900000,0.000000,3,6,25,25,55,58,58,58,58,58,58,1249,0,3,12.941769034425919,1.9829419998131925,321.7380289997891,753.0
1780062849,40,GET,/health,1.500000,0.000000,3,3,23,40,65,280,280,280,280,280,280,671,0,3,13.890908806268369,1.640310999846406,389.5348979999653,56.0
1780062849,40,,Aggregated,16.100000,0.000000,190,360,570,700,1200,1600,1900,2100,2300,2300,2300,8226,0,160,348.20043738378286,1.640310999846406,3028.4190880001916,2710.623146122052
1780062850,40,POST,/api/book,13.100000,0.000000,320,520,650,790,1200,1600,2100,2100,2300,2300,2300,6314,0,220,450.13638762765135,91.7988780001906,3028.4190880001916,3380.8120050681027
1780062850,40,GET,/api/concerts,1.500000,0.000000,3,4,15,25,42,55,58,58,58,58,58,1254,0,3,12.93199992424095,1.9829419998131925,321.7380289997891,753.0
1780062850,40,GET,/health,1.600000,0.000000,3,3,23,23,65,280,280,280,280,280,280,672,0,3,13.874183486616213,1.640310999846406,389.5348979999653,56.0
1780062850,40,,Aggregated,16.200000,0.000000,170,360,570,650,1100,1500,1900,2100,2300,2300,2300,8240,0,160,348.02200615157744,1.640310999846406,3028.4190880001916,2709.750121359223
1780062851,40,POST,/api/book,13.100000,0.000000,250,430,640,770,1200,1600,2100,2100,2300,2300,2300,6330,0,220,450.0162335627157,91.7988780001906,3028.4190880001916,3380.815955766193
1780062851,40,GET,/api/concerts,1.600000,0.000000,3,6,15,25,42,58,58,58,58,58,58,1256,0,3,12.919547143310758,1.9829419998131925,321.7380289997891,753.0
1780062851,40,GET,/health,1.600000,0.000000,3,3,4,23,40,65,65,65,65,65,65,673,0,3,13.859745765239225,1.640310999846406,389.5348979999653,56.0
1780062851,40,,Aggregated,16.300000,0.000000,160,320,530,640,1000,1200,1900,2100,2300,2300,2300,8259,0,160,348.00306557258716,1.640310999846406,3028.4190880001916,2710.258021552246
1780062852,40,POST,/api/book,13.800000,0.000000,220,430,650,820,1200,1800,2100,2100,2300,2300,2300,6342,0,220,450.06108092037096,91.7988780001906,3028.4190880001916,3380.8003784295174
1780062852,40,GET,/api/concerts,1.600000,0.000000,3,6,15,25,41,42,58,58,58,58,58,1259,0,3,12.943055298648103,1.9829419998131925,321.7380289997891,753.0
1780062852,40,GET,/health,1.500000,0.000000,3,3,4,23,40,42,42,42,42,42,42,674,0,3,13.901714231462948,1.640310999846406,389.5348979999653,56.0
1780062852,40,,Aggregated,16.900000,0.000000,150,320,470,650,1200,1500,1900,2100,2300,2300,2300,8275,0,160,348.03050600725066,1.640310999846406,3028.4190880001916,2710.188157099698
1780062853,40,POST,/api/book,13.000000,0.000000,250,520,790,980,1500,1900,2300,2400,2400,2400,2400,6358,0,220,451.5804408059127,91.7988780001906,3028.4190880001916,3380.812991506763
1780062853,40,GET,/api/concerts,1.800000,0.000000,3,6,15,25,41,42,58,58,58,58,58,1262,0,3,12.918448117272316,1.9829419998131925,321.7380289997891,753.0
1780062853,40,GET,/health,1.400000,0.000000,3,3,4,4,40,42,42,42,42,42,42,675,0,3,13.884749225194186,1.640310999846406,389.5348979999653,56.0
1780062853,40,,Aggregated,16.200000,0.000000,150,330,570,770,1200,1800,2200,2400,2400,2400,2400,8295,0,160,349.2252838933092,1.640310999846406,3028.4190880001916,2710.4635322483423
1780062854,40,POST,/api/book,13.300000,0.000000,200,470,790,950,1400,1900,2300,2400,2400,2400,2400,6370,0,220,451.15233815776963,91.7988780001906,3028.4190880001916,3380.784458398744
1780062854,40,GET,/api/concerts,2.000000,0.000000,3,4,9,15,41,42,58,58,58,58,58,1266,0,3,12.89148873854467,1.9829419998131925,321.7380289997891,753.0
1780062854,40,GET,/health,1.500000,0.000000,3,3,4,4,40,42,42,42,42,42,42,677,0,3,13.852964153627498,1.640310999846406,389.5348979999653,56.0
1780062854,40,,Aggregated,16.800000,0.000000,150,300,520,650,1200,1800,2200,2400,2400,2400,2400,8313,0,160,348.79579881390583,1.640310999846406,3028.4190880001916,2709.8288223264767
1780062855,40,POST,/api/book,13.000000,0.000000,200,400,640,880,1500,1900,2300,2400,2400,2400,2400,6383,0,220,450.7346656313634,91.7988780001906,3028.4190880001916,3380.7693874353754
1780062855,40,GET,/api/concerts,2.100000,0.000000,3,4,8,15,41,42,58,58,58,58,58,1270,0,3,12.861636682674995,1.9829419998131925,321.7380289997891,753.0
1780062855,40,GET,/health,1.500000,0.000000,3,3,4,4,40,42,42,42,42,42,42,677,0,3,13.852964153627498,1.640310999846406,389.5348979999653,56.0
1780062855,40,,Aggregated,16.600000,0.000000,150,220,410,580,1200,1800,2200,2400,2400,2400,2400,8330,0,160,348.4696405815124,1.640310999846406,3028.4190880001916,2709.9247298919568
1780062856,40,POST,/api/book,13.000000,0.000000,200,410,610,790,1300,1900,2300,2400,2400,2400,2400,6390,0,220,450.5397148768376,91.7988780001906,3028.4190880001916,3380.7713615023476
1780062856,40,GET,/api/concerts,2.300000,0.000000,3,4,9,13,25,42,58,58,58,58,58,1272,0,3,12.853446899369105,1.9829419998131925,321.7380289997891,753.0
1780062856,40,GET,/health,1.500000,0.000000,3,4,4,4,40,42,42,42,42,42,42,678,0,3,13.836253619477658,1.640310999846406,389.5348979999653,56.0
1780062856,40,,Aggregated,16.800000,0.000000,150,220,450,580,1200,1600,2200,2400,2400,2400,2400,8340,0,160,348.282894780935,1.640310999846406,3028.4190880001916,2709.701798561151
1780062857,39,POST,/api/book,13.100000,0.000000,200,330,470,630,1100,1400,2200,2400,2400,2400,2400,6404,0,220,450.2697108792929,91.7988780001906,3028.4190880001916,3380.7879450343535
1780062857,39,GET,/api/concerts,2.600000,0.000000,3,4,9,15,42,58,240,240,240,240,240,1273,0,3,13.032773174389233,1.9829419998131925,321.7380289997891,753.0
1780062857,39,GET,/health,1.600000,0.000000,3,4,4,4,4,42,42,42,42,42,42,680,0,3,13.805630892655994,1.640310999846406,389.5348979999653,56.0
1780062857,39,,Aggregated,17.300000,0.000000,150,230,330,450,910,1200,1800,2400,2400,2400,2400,8357,0,160,348.15194181273154,1.640310999846406,3028.4190880001916,2709.9694866578916
1780062858,38,POST,/api/book,12.700000,0.000000,230,390,610,880,1500,2100,2400,2400,2400,2400,2400,6423,0,220,452.01121664533565,91.7988780001906,3028.4190880001916,3380.7977580569827
1780062858,38,GET,/api/concerts,2.900000,0.000000,3,4,8,13,42,58,240,240,240,240,240,1275,0,3,13.01647512627253,1.9829419998131925,321.7380289997891,753.0
1780062858,38,GET,/health,1.600000,0.000000,3,3,4,4,4,42,42,42,42,42,42,682,0,3,13.773272130507511,1.640310999846406,389.5348979999653,56.0
1780062858,38,,Aggregated,17.200000,0.000000,160,280,410,610,1200,2000,2200,2400,2400,2400,2400,8380,0,160,349.55339163388976,1.640310999846406,3028.4190880001916,2710.397494033413
1780062859,37,POST,/api/book,12.500000,0.000000,230,350,560,910,1600,2100,2400,2400,2400,2400,2400,6432,0,220,451.6230301253095,91.7988780001906,3028.4190880001916,3380.7915111940297
1780062859,37,GET,/api/concerts,2.900000,0.000000,3,3,6,9,41,42,240,240,240,240,240,1279,0,3,12.984700307269769,1.9829419998131925,321.7380289997891,753.0
1780062859,37,GET,/health,1.400000,0.000000,3,4,4,4,40,42,42,42,42,42,42,684,0,3,13.795467538020683,1.640310999846406,389.5348979999653,56.0
1780062859,37,,Aggregated,16.800000,0.000000,150,250,350,540,1300,2000,2200,2400,2400,2400,2400,8395,0,160,349.1224373144725,1.640310999846406,3028.4190880001916,2709.546396664681
1780062860,36,POST,/api/book,12.300000,0.000000,200,330,520,880,1600,2100,2400,2400,2400,2400,2400,6441,0,220,451.1995107635446,91.7988780001906,3028.4190880001916,3380.7984784971277
1780062860,36,GET,/api/concerts,3.000000,0.000000,3,3,6,8,25,41,240,240,240,240,240,1281,0,3,12.96898853473647,1.9829419998131925,321.7380289997891,753.0
1780062860,36,GET,/health,1.300000,0.000000,3,3,4,4,40,42,42,42,42,42,42,687,0,3,13.747111253284487,1.640310999846406,389.5348979999653,56.0
1780062860,36,,Aggregated,16.600000,0.000000,150,230,330,460,1300,2000,2200,2400,2400,2400,2400,8409,0,160,348.701818120109,1.640310999846406,3028.4190880001916,2708.8581281959805
1780062861,35,POST,/api/book,13.300000,0.000000,200,320,400,550,1600,2100,2400,2400,2400,2400,2400,6456,0,220,450.6377656466839,91.7988780001906,3028.4190880001916,3380.774318463445
1780062861,35,GET,/api/concerts,2.900000,0.000000,3,3,4,6,25,41,240,240,240,240,240,1284,0,3,12.94581837772417,1.9829419998131925,321.7380289997891,753.0
1780062861,35,GET,/health,1.200000,0.000000,3,3,4,4,40,42,42,42,42,42,42,689,0,3,13.715546348341274,1.640310999846406,389.5348979999653,56.0
1780062861,35,,Aggregated,17.400000,0.000000,150,220,320,390,1300,2000,2200,2400,2400,2400,2400,8429,0,160,348.2488856621186,1.640310999846406,3028.4190880001916,2708.709811365524
1780062862,34,POST,/api/book,12.700000,0.000000,190,250,330,360,630,2000,2100,2200,2400,2400,2400,6467,0,220,450.3080087541352,91.7988780001906,3028.4190880001916,3380.7723828668627
1780062862,34,GET,/api/concerts,3.000000,0.000000,3,3,4,4,9,13,240,240,240,240,240,1286,0,3,12.930403297820998,1.9829419998131925,321.7380289997891,753.0
1780062862,34,GET,/health,1.300000,0.000000,3,3,3,4,4,40,40,40,40,40,40,690,0,3,13.699231015952124,1.640310999846406,389.5348979999653,56.0
1780062862,34,,Aggregated,17.000000,0.000000,150,190,250,320,500,1600,2100,2200,2400,2400,2400,8443,0,160,348.00697153322255,1.640310999846406,3028.4190880001916,2708.806466895653
1780062864,33,POST,/api/book,12.700000,0.000000,190,270,330,390,630,2000,2100,2200,2400,2400,2400,6479,0,220,449.9765612160815,91.7988780001906,3028.4190880001916,3380.769871893811
1780062864,33,GET,/api/concerts,2.700000,0.000000,3,3,3,4,6,13,240,240,240,240,240,1288,0,3,12.914842447979362,1.9829419998131925,321.7380289997891,753.0
1780062864,33,GET,/health,1.500000,0.000000,3,3,3,4,4,40,40,40,40,40,40,690,0,3,13.699231015952124,1.640310999846406,389.5348979999653,56.0
1780062864,33,,Aggregated,16.900000,0.000000,150,200,290,330,500,1600,2100,2200,2400,2400,2400,8457,0,160,347.8165929517556,1.640310999846406,3028.4190880001916,2709.295494856332
1780062865,32,POST,/api/book,12.600000,0.000000,180,230,330,420,630,2000,2100,2200,2400,2400,2400,6489,0,220,449.5735165307432,91.7988780001906,3028.4190880001916,3380.7945754353523
1780062865,32,GET,/api/concerts,2.800000,0.000000,3,3,3,3,4,13,240,240,240,240,240,1291,0,3,12.891118088301686,1.9829419998131925,321.7380289997891,753.0
1780062865,32,GET,/health,1.600000,0.000000,3,3,3,3,4,40,40,40,40,40,40,690,0,3,13.699231015952124,1.640310999846406,389.5348979999653,56.0
1780062865,32,,Aggregated,17.000000,0.000000,150,190,240,330,500,1700,2100,2200,2400,2400,2400,8470,0,160,347.5061926353007,1.640310999846406,3028.4190880001916,2709.4142857142856
1780062866,31,POST,/api/book,12.300000,0.000000,190,250,360,430,580,2000,2100,2200,2400,2400,2400,6505,0,220,449.2653034282846,91.7988780001906,3028.4190880001916,3380.7930822444273
1780062866,31,GET,/api/concerts,2.700000,0.000000,3,3,3,3,4,12,240,240,240,240,240,1293,0,3,12.882109775713326,1.9829419998131925,321.7380289997891,753.0
1780062866,31,GET,/health,1.600000,0.000000,3,3,3,3,4,40,40,40,40,40,40,692,0,3,13.666520692207065,1.640310999846406,389.5348979999653,56.0
1780062866,31,,Aggregated,16.600000,0.000000,150,210,290,360,500,1600,2100,2200,2400,2400,2400,8490,0,160,347.30089506007016,1.640310999846406,3028.4190880001916,2709.59246171967
1780062867,30,POST,/api/book,12.100000,0.000000,180,250,380,430,580,2000,2100,2200,2400,2400,2400,6509,0,220,449.09664143324494,91.7988780001906,3028.4190880001916,3380.7967429712708
1780062867,30,GET,/api/concerts,2.600000,0.000000,3,3,3,3,4,4,12,12,12,12,12,1294,0,3,12.874139748065927,1.9829419998131925,321.7380289997891,753.0
1780062867,30,GET,/health,1.500000,0.000000,3,3,3,3,3,40,40,40,40,40,40,693,0,3,13.650473137095972,1.640310999846406,389.5348979999653,56.0
1780062867,30,,Aggregated,16.200000,0.000000,150,190,270,360,500,1700,2100,2200,2400,2400,2400,8496,0,160,347.1385303445146,1.640310999846406,3028.4190880001916,2709.3686440677966
1780062868,29,POST,/api/book,12.200000,0.000000,170,220,320,390,450,580,780,800,800,800,800,6521,0,220,448.91897471952024,91.7988780001906,3028.4190880001916,3380.8070848029442
1780062868,29,GET,/api/concerts,2.300000,0.000000,3,3,3,3,4,10,12,12,12,12,12,1297,0,3,12.85624735851746,1.9829419998131925,321.7380289997891,753.0
1780062868,29,GET,/health,1.500000,0.000000,3,3,3,3,12,40,40,40,40,40,40,694,0,3,13.648246220471721,1.640310999846406,389.5348979999653,56.0
1780062868,29,,Aggregated,16.000000,0.000000,150,180,220,300,430,500,730,780,800,800,800,8512,0,160,346.98626290495713,1.640310999846406,3028.4190880001916,2709.3218984962405
1780062869,28,POST,/api/book,12.200000,0.000000,170,220,330,410,470,610,780,800,800,800,800,6530,0,220,448.6253100148532,91.7988780001906,3028.4190880001916,3380.805972434916
1780062869,28,GET,/api/concerts,2.300000,0.000000,3,3,3,4,10,12,12,12,12,12,12,1299,0,3,12.840344929173963,1.9829419998131925,321.7380289997891,753.0
1780062869,28,GET,/health,1.500000,0.000000,3,3,3,3,12,12,12,12,12,12,12,694,0,3,13.648246220471721,1.640310999846406,389.5348979999653,56.0
1780062869,28,,Aggregated,16.000000,0.000000,150,190,230,330,440,560,730,780,800,800,800,8523,0,160,346.7880752477995,1.640310999846406,3028.4190880001916,2709.5710430599556
1780062870,27,POST,/api/book,11.600000,0.000000,190,290,360,420,470,610,780,800,800,800,800,6541,0,220,448.29876872251805,91.7988780001906,3028.4190880001916,3380.80752178566
1780062870,27,GET,/api/concerts,2.400000,0.000000,3,3,3,3,4,10,12,12,12,12,12,1302,0,3,12.816797518431114,1.9829419998131925,321.7380289997891,753.0
1780062870,27,GET,/health,1.400000,0.000000,3,3,3,12,40,40,40,40,40,40,40,696,0,3,13.669491748573662,1.640310999846406,389.5348979999653,56.0
1780062870,27,,Aggregated,15.400000,0.000000,150,210,300,330,440,560,730,780,800,800,800,8539,0,160,346.47191507670624,1.640310999846406,3028.4190880001916,2709.128000936878
1780062871,26,POST,/api/book,11.600000,0.000000,190,280,330,420,470,610,780,800,800,800,800,6549,0,220,447.9506088091298,91.7988780001906,3028.4190880001916,3380.8266910978778
1780062871,26,GET,/api/concerts,2.400000,0.000000,3,3,3,3,10,12,12,12,12,12,12,1302,0,3,12.816797518431114,1.9829419998131925,321.7380289997891,753.0
1780062871,26,GET,/health,1.400000,0.000000,3,3,3,12,40,40,40,40,40,40,40,698,0,3,13.637915106026798,1.640310999846406,389.5348979999653,56.0
1780062871,26,,Aggregated,15.400000,0.000000,150,210,300,330,450,580,730,780,800,800,800,8549,0,160,346.22005757445254,1.640310999846406,3028.4190880001916,2709.150543923266
1780062872,25,POST,/api/book,10.700000,0.000000,200,260,310,400,470,610,780,800,800,800,800,6561,0,220,447.51394799573103,91.7988780001906,3028.4190880001916,3380.8100899253163
1780062872,25,GET,/api/concerts,2.400000,0.000000,3,3,3,3,10,12,12,12,12,12,12,1302,0,3,12.816797518431114,1.9829419998131925,321.7380289997891,753.0
1780062872,25,GET,/health,1.200000,0.000000,3,3,12,40,41,41,41,41,41,41,41,699,0,3,13.677267277549182,1.640310999846406,389.5348979999653,56.0
1780062872,25,,Aggregated,14.300000,0.000000,150,210,280,310,450,580,730,780,800,800,800,8562,0,160,345.9923958182662,1.640310999846406,3028.4190880001916,2709.769329595889
1780062873,24,POST,/api/book,10.600000,0.000000,190,230,290,330,450,610,780,800,800,800,800,6569,0,220,447.1798625309776,91.7988780001906,3028.4190880001916,3380.796772720353
1780062873,24,GET,/api/concerts,2.300000,0.000000,3,3,3,3,10,12,12,12,12,12,12,1305,0,3,12.793567478925018,1.9829419998131925,321.7380289997891,753.0
1780062873,24,GET,/health,1.200000,0.000000,3,3,12,40,41,41,41,41,41,41,41,700,0,3,13.661205030009894,1.640310999846406,389.5348979999653,56.0
1780062873,24,,Aggregated,14.100000,0.000000,150,200,240,280,430,580,730,780,800,800,800,8574,0,160,345.6709780787258,1.640310999846406,3028.4190880001916,2709.3910660135293
1780062874,23,POST,/api/book,10.500000,0.000000,190,260,300,360,480,610,780,800,800,800,800,6575,0,220,446.9943159380976,91.7988780001906,3028.4190880001916,3380.8153612167303
1780062874,23,GET,/api/concerts,1.800000,0.000000,3,3,3,3,10,12,12,12,12,12,12,1308,0,3,12.770488874615074,1.9829419998131925,321.7380289997891,753.0
1780062874,23,GET,/health,1.000000,0.000000,3,3,12,40,41,41,41,41,41,41,41,700,0,3,13.661205030009894,1.640310999846406,389.5348979999653,56.0
1780062874,23,,Aggregated,13.300000,0.000000,140,200,270,300,430,580,730,780,800,800,800,8583,0,160,345.4799336201787,1.640310999846406,3028.4190880001916,2709.19084236281
1780062875,22,POST,/api/book,10.200000,0.000000,180,240,280,310,430,610,780,800,800,800,800,6584,0,220,446.73689078842546,91.7988780001906,3028.4190880001916,3380.7984507897936
1780062875,22,GET,/api/concerts,1.900000,0.000000,3,3,3,3,3,10,10,10,10,10,10,1308,0,3,12.770488874615074,1.9829419998131925,321.7380289997891,753.0
1780062875,22,GET,/health,1.000000,0.000000,3,3,12,40,41,41,41,41,41,41,41,701,0,3,13.645377861636051,1.640310999846406,389.5348979999653,56.0
1780062875,22,,Aggregated,13.100000,0.000000,140,200,260,280,400,480,730,780,800,800,800,8593,0,160,345.349109540323,1.640310999846406,3028.4190880001916,2709.5725590597
1780062876,21,POST,/api/book,10.200000,0.000000,170,230,280,310,430,610,780,800,800,800,800,6589,0,220,446.4978554889959,91.7988780001906,3028.4190880001916,3380.796782516315
1780062876,21,GET,/api/concerts,1.900000,0.000000,3,3,3,3,3,10,10,10,10,10,10,1310,0,3,12.755517322897893,1.9829419998131925,321.7380289997891,753.0
1780062876,21,GET,/health,1.000000,0.000000,3,3,12,40,41,41,41,41,41,41,41,702,0,3,13.629437660978656,1.640310999846406,389.5348979999653,56.0
1780062876,21,,Aggregated,13.100000,0.000000,140,190,240,280,400,480,730,780,800,800,800,8601,0,160,345.10544852319464,1.640310999846406,3028.4190880001916,2709.1980002325313
1780062877,20,POST,/api/book,9.400000,0.000000,150,200,270,280,400,480,610,730,730,730,730,6594,0,220,446.27221525189475,91.7988780001906,3028.4190880001916,3380.787837427965
1780062877,20,GET,/api/concerts,2.000000,0.000000,3,3,3,3,3,3,3,3,3,3,3,1313,0,3,12.732204993142767,1.9829419998131925,321.7380289997891,753.0
1780062877,20,GET,/health,1.000000,0.000000,3,3,12,40,41,41,41,41,41,41,41,703,0,3,13.613620705557517,1.640310999846406,389.5348979999653,56.0
1780062877,20,,Aggregated,12.400000,0.000000,140,180,210,260,370,430,610,730,730,730,730,8610,0,160,344.83237489930275,1.640310999846406,3028.4190880001916,2708.591405342625
1780062878,19,POST,/api/book,9.400000,0.000000,150,200,260,280,310,420,480,510,510,510,510,6602,0,220,445.92897781884193,91.7988780001906,3028.4190880001916,3380.7909724325964
1780062878,19,GET,/api/concerts,1.700000,0.000000,3,3,3,3,3,8,8,8,8,8,8,1316,0,3,12.714048753036739,1.9829419998131925,321.7380289997891,753.0
1780062878,19,GET,/health,1.100000,0.000000,3,3,3,40,41,41,41,41,41,41,41,703,0,3,13.613620705557517,1.640310999846406,389.5348979999653,56.0
1780062878,19,,Aggregated,12.200000,0.000000,140,150,200,240,300,400,480,510,510,510,510,8621,0,160,344.54531667729924,1.640310999846406,3028.4190880001916,2708.537060665816
1780062879,18,POST,/api/book,8.400000,0.000000,140,180,220,260,310,400,480,510,510,510,510,6606,0,220,445.7416664851641,91.7988780001906,3028.4190880001916,3380.7927641537995
1780062879,18,GET,/api/concerts,1.700000,0.000000,3,3,3,3,3,8,8,8,8,8,8,1316,0,3,12.714048753036739,1.9829419998131925,321.7380289997891,753.0
1780062879,18,GET,/health,1.000000,0.000000,3,3,3,3,41,41,41,41,41,41,41,704,0,3,13.598005426145996,1.640310999846406,389.5348979999653,56.0
1780062879,18,,Aggregated,11.100000,0.000000,140,140,180,200,290,390,480,510,510,510,510,8626,0,160,344.4092433086015,1.640310999846406,3028.4190880001916,2708.5426617203802
1780062880,17,POST,/api/book,8.500000,0.000000,140,180,220,260,300,400,480,510,510,510,510,6612,0,220,445.49119485874076,91.7988780001906,3028.4190880001916,3380.7956745311553
1780062880,17,GET,/api/concerts,1.900000,0.000000,3,3,3,3,3,8,8,8,8,8,8,1320,0,3,12.683380237118316,1.9829419998131925,321.7380289997891,753.0
1780062880,17,GET,/health,1.000000,0.000000,3,3,3,3,41,41,41,41,41,41,41,705,0,3,13.582033266676321,1.640310999846406,389.5348979999653,56.0
1780062880,17,,Aggregated,11.400000,0.000000,140,140,180,200,280,390,480,510,510,510,510,8637,0,160,344.08998214333633,1.640310999846406,3028.4190880001916,2707.7991200648376
1780062881,16,POST,/api/book,8.200000,0.000000,140,150,190,260,370,400,430,510,510,510,510,6618,0,220,445.27544687473477,91.7988780001906,3028.4190880001916,3380.7775763070413
1780062881,16,GET,/api/concerts,1.900000,0.000000,3,3,3,3,3,8,8,8,8,8,8,1321,0,3,12.675844177892342,1.9829419998131925,321.7380289997891,753.0
1780062881,16,GET,/health,0.900000,0.000000,2,3,3,3,3,3,3,3,3,3,3,706,0,3,13.566170681312695,1.640310999846406,389.5348979999653,56.0
1780062881,16,,Aggregated,11.000000,0.000000,140,140,150,180,280,370,430,510,510,510,510,8645,0,160,343.9161843929434,1.640310999846406,3028.4190880001916,2707.7194910352805
1780062882,15,POST,/api/book,7.300000,0.000000,140,150,190,230,370,400,430,510,510,510,510,6624,0,220,444.99783870561515,91.7988780001906,3028.4190880001916,3380.776570048309
1780062882,15,GET,/api/concerts,1.800000,0.000000,3,3,3,3,3,8,8,8,8,8,8,1322,0,3,12.668197697424748,1.9829419998131925,321.7380289997891,753.0
1780062882,15,GET,/health,0.900000,0.000000,3,3,3,3,3,3,3,3,3,3,3,707,0,3,13.5505974908155,1.640310999846406,389.5348979999653,56.0
1780062882,15,,Aggregated,10.000000,0.000000,140,140,150,180,300,390,430,510,510,510,510,8653,0,160,343.69505528348503,1.640310999846406,3028.4190880001916,2707.6530683000115
1780062883,14,POST,/api/book,7.300000,0.000000,140,150,190,230,370,400,430,510,510,510,510,6628,0,220,444.82003574079573,91.7988780001906,3028.4190880001916,3380.7767048883525
1780062883,14,GET,/api/concerts,1.800000,0.000000,3,3,3,3,3,8,8,8,8,8,8,1322,0,3,12.668197697424748,1.9829419998131925,321.7380289997891,753.0
1780062883,14,GET,/health,0.900000,0.000000,3,3,3,3,3,3,3,3,3,3,3,709,0,3,13.5196293765965,1.640310999846406,389.5348979999653,56.0
1780062883,14,,Aggregated,10.000000,0.000000,140,140,150,180,300,390,430,510,510,510,510,8659,0,160,343.5269628679981,1.640310999846406,3028.4190880001916,2707.3516572352464
1780062884,13,POST,/api/book,6.300000,0.000000,140,150,180,180,230,300,430,430,430,430,430,6631,0,220,444.6940757609704,91.7988780001906,3028.4190880001916,3380.7700196048863
1780062884,13,GET,/api/concerts,2.000000,0.000000,3,3,3,3,3,8,8,8,8,8,8,1323,0,3,12.660641907782214,1.9829419998131925,321.7380289997891,753.0
1780062884,13,GET,/health,0.700000,0.000000,3,3,3,3,3,3,3,3,3,3,3,709,0,3,13.5196293765965,1.640310999846406,389.5348979999653,56.0
1780062884,13,,Aggregated,9.000000,0.000000,140,140,140,150,190,270,370,430,430,430,430,8663,0,160,343.4262799079992,1.640310999846406,3028.4190880001916,2707.3541498326217
1780062885,12,POST,/api/book,6.300000,0.000000,140,140,170,180,220,270,370,370,370,370,370,6637,0,220,444.41763460780396,91.7988780001906,3028.4190880001916,3380.7628446587314
1780062885,12,GET,/api/concerts,2.000000,0.000000,3,3,3,3,3,8,8,8,8,8,8,1324,0,3,12.652981440329297,1.9829419998131925,321.7380289997891,753.0
1780062885,12,GET,/health,0.700000,0.000000,3,3,3,3,3,3,3,3,3,3,3,709,0,3,13.5196293765965,1.640310999846406,389.5348979999653,56.0
1780062885,12,,Aggregated,9.000000,0.000000,140,140,140,150,190,230,300,370,370,370,370,8670,0,160,343.24542163171816,1.640310999846406,3028.4190880001916,2707.5892733564015
1780062886,11,POST,/api/book,5.800000,0.000000,140,140,150,180,220,270,370,370,370,370,370,6641,0,220,444.2333631179032,91.7988780001906,3028.4190880001916,3380.759674747779
1780062886,11,GET,/api/concerts,1.400000,0.000000,3,3,3,3,3,8,8,8,8,8,8,1324,0,3,12.652981440329297,1.9829419998131925,321.7380289997891,753.0
1780062886,11,GET,/health,0.900000,0.000000,3,3,3,3,3,3,3,3,3,3,3,710,0,3,13.504011660572846,1.640310999846406,389.5348979999653,56.0
1780062886,11,,Aggregated,8.100000,0.000000,140,140,140,150,190,230,300,370,370,370,370,8675,0,160,343.1117187518152,1.640310999846406,3028.4190880001916,2707.5915850144092
1780062887,10,POST,/api/book,5.400000,0.000000,140,140,150,170,190,220,370,370,370,370,370,6645,0,220,444.04467639623704,91.7988780001906,3028.4190880001916,3380.7581640331077
1780062887,10,GET,/api/concerts,1.600000,0.000000,3,3,3,3,3,8,8,8,8,8,8,1325,0,3,12.645488944147834,1.9829419998131925,321.7380289997891,753.0
1780062887,10,GET,/health,0.800000,0.000000,3,3,3,3,3,3,3,3,3,3,3,710,0,3,13.504011660572846,1.640310999846406,389.5348979999653,56.0
1780062887,10,,Aggregated,7.800000,0.000000,140,140,140,150,180,220,300,370,370,370,370,8680,0,160,342.97465389205036,1.640310999846406,3028.4190880001916,2707.675460829493
1780062888,9,POST,/api/book,5.400000,0.000000,140,140,150,170,190,220,370,370,370,370,370,6648,0,220,443.9066637766238,91.7988780001906,3028.4190880001916,3380.765944645006
1780062888,9,GET,/api/concerts,1.600000,0.000000,3,3,3,3,3,3,3,3,3,3,3,1326,0,3,12.637784963043574,1.9829419998131925,321.7380289997891,753.0
1780062888,9,GET,/health,0.800000,0.000000,3,3,3,3,3,3,3,3,3,3,3,710,0,3,13.504011660572846,1.640310999846406,389.5348979999653,56.0
1780062888,9,,Aggregated,7.800000,0.000000,140,140,140,150,180,220,300,370,370,370,370,8684,0,160,342.86469966916127,1.640310999846406,3028.4190880001916,2707.6888530631045
1780062889,8,POST,/api/book,5.100000,0.000000,140,140,140,150,180,300,370,370,370,370,370,6650,0,220,443.81049045443535,91.7988780001906,3028.4190880001916,3380.7772932330827
1780062889,8,GET,/api/concerts,1.100000,0.000000,3,3,3,3,3,3,3,3,3,3,3,1327,0,3,12.630405226824545,1.9829419998131925,321.7380289997891,753.0
1780062889,8,GET,/health,0.700000,0.000000,3,3,3,3,3,3,3,3,3,3,3,710,0,3,13.504011660572846,1.640310999846406,389.5348979999653,56.0
1780062889,8,,Aggregated,6.900000,0.000000,140,140,140,140,180,180,370,370,370,370,370,8687,0,160,342.77519944019764,1.640310999846406,3028.4190880001916,2707.6274893519053
1780062890,7,POST,/api/book,4.600000,0.000000,140,140,140,150,180,180,180,180,180,180,180,6653,0,220,443.67676320081085,91.7988780001906,3028.4190880001916,3380.7834059822635
1780062890,7,GET,/api/concerts,1.000000,0.000000,3,3,3,3,3,3,3,3,3,3,3,1327,0,3,12.630405226824545,1.9829419998131925,321.7380289997891,753.0
1780062890,7,GET,/health,0.700000,0.000000,3,3,3,3,3,3,3,3,3,3,3,710,0,3,13.504011660572846,1.640310999846406,389.5348979999653,56.0
1780062890,7,,Aggregated,6.300000,0.000000,140,140,140,140,150,180,180,180,180,180,180,8690,0,160,342.70769868699614,1.640310999846406,3028.4190880001916,2707.8645569620253
1780062891,6,POST,/api/book,4.600000,0.000000,140,140,140,140,180,180,220,220,220,220,220,6657,0,220,443.50646785008183,91.7988780001906,3028.4190880001916,3380.7884933153073
1780062891,6,GET,/api/concerts,1.000000,0.000000,3,3,3,3,3,3,3,3,3,3,3,1327,0,3,12.630405226824545,1.9829419998131925,321.7380289997891,753.0
1780062891,6,GET,/health,0.700000,0.000000,3,3,3,3,3,3,3,3,3,3,3,710,0,3,13.504011660572846,1.640310999846406,389.5348979999653,56.0
1780062891,6,,Aggregated,6.300000,0.000000,140,140,140,140,180,180,220,220,220,220,220,8694,0,160,342.62375805072423,1.640310999846406,3028.4190880001916,2708.178053830228
1780062892,5,POST,/api/book,4.400000,0.000000,140,140,140,140,180,180,220,220,220,220,220,6658,0,220,443.46004866386227,91.7988780001906,3028.4190880001916,3380.7892760588766
1780062892,5,GET,/api/concerts,1.000000,0.000000,3,3,3,3,3,3,3,3,3,3,3,1328,0,3,12.622709891563334,1.9829419998131925,321.7380289997891,753.0
1780062892,5,GET,/health,0.600000,0.000000,3,3,3,3,3,3,3,3,3,3,3,710,0,3,13.504011660572846,1.640310999846406,389.5348979999653,56.0
1780062892,5,,Aggregated,6.000000,0.000000,140,140,140,140,180,180,220,220,220,220,220,8696,0,160,342.56069583935107,1.640310999846406,3028.4190880001916,2708.03116375345
1780062893,5,POST,/api/book,3.900000,0.000000,140,140,140,140,180,190,220,220,220,220,220,6661,0,220,443.3309164593897,91.7988780001906,3028.4190880001916,3380.777060501426
1780062893,5,GET,/api/concerts,0.700000,0.000000,3,3,3,3,3,3,3,3,3,3,3,1328,0,3,12.622709891563334,1.9829419998131925,321.7380289997891,753.0
1780062893,5,GET,/health,0.500000,0.000000,2,2,2,2,2,2,2,2,2,2,2,710,0,3,13.504011660572846,1.640310999846406,389.5348979999653,56.0
1780062893,5,,Aggregated,5.100000,0.000000,140,140,140,140,150,190,220,220,220,220,220,8699,0,160,342.4966135821355,1.640310999846406,3028.4190880001916,2708.253822278423
1780062894,5,POST,/api/book,3.900000,0.000000,140,140,140,150,180,190,220,220,220,220,220,6663,0,220,443.2417735054772,91.7988780001906,3028.4190880001916,3380.777427585172
1780062894,5,GET,/api/concerts,0.600000,0.000000,3,3,3,3,3,3,3,3,3,3,3,1329,0,3,12.615263677198076,1.9829419998131925,321.7380289997891,753.0
1780062894,5,GET,/health,0.400000,0.000000,2,2,2,2,2,2,2,2,2,2,2,710,0,3,13.504011660572846,1.640310999846406,389.5348979999653,56.0
1780062894,5,,Aggregated,4.900000,0.000000,140,140,140,140,150,190,220,220,220,220,220,8702,0,160,342.4124879996549,1.640310999846406,3028.4190880001916,2708.1839806940934
1780062895,5,POST,/api/book,3.400000,0.000000,140,140,150,150,180,190,220,220,220,220,220,6664,0,220,443.19610547358866,91.7988780001906,3028.4190880001916,3380.7734093637455
1780062895,5,GET,/api/concerts,0.600000,0.000000,3,3,3,3,3,3,3,3,3,3,3,1329,0,3,12.615263677198076,1.9829419998131925,321.7380289997891,753.0
1780062895,5,GET,/health,0.400000,0.000000,2,2,2,2,2,2,2,2,2,2,2,710,0,3,13.504011660572846,1.640310999846406,389.5348979999653,56.0
1780062895,5,,Aggregated,4.400000,0.000000,140,140,140,150,180,190,220,220,220,220,220,8703,0,160,342.3891049732273,1.640310999846406,3028.4190880001916,2708.2581868321267
1780062896,5,POST,/api/book,3.300000,0.000000,140,140,140,150,180,190,220,220,220,220,220,6666,0,220,443.1047267991291,91.7988780001906,3028.4190880001916,3380.780828082808
1780062896,5,GET,/api/concerts,0.600000,0.000000,3,3,3,3,3,3,3,3,3,3,3,1329,0,3,12.615263677198076,1.9829419998131925,321.7380289997891,753.0
1780062896,5,GET,/health,0.100000,0.000000,2,2,2,2,2,2,2,2,2,2,2,710,0,3,13.504011660572846,1.640310999846406,389.5348979999653,56.0
1780062896,5,,Aggregated,4.000000,0.000000,140,140,140,140,180,190,220,220,220,220,220,8705,0,160,342.3422909303844,1.640310999846406,3028.4190880001916,2708.418380241241
1780062897,5,POST,/api/book,2.700000,0.000000,140,140,140,150,180,190,220,220,220,220,220,6669,0,220,442.9664569992495,91.7988780001906,3028.4190880001916,3380.77207977208
1780062897,5,GET,/api/concerts,0.500000,0.000000,3,3,3,3,3,3,3,3,3,3,3,1329,0,3,12.615263677198076,1.9829419998131925,321.7380289997891,753.0
1780062897,5,GET,/health,0.100000,0.000000,2,2,2,2,2,2,2,2,2,2,2,710,0,3,13.504011660572846,1.640310999846406,389.5348979999653,56.0
1780062897,5,,Aggregated,3.300000,0.000000,140,140,140,150,180,190,220,220,220,220,220,8708,0,160,342.2711110971517,1.640310999846406,3028.4190880001916,2708.6433164905834
1780062898,5,POST,/api/book,2.700000,0.000000,140,140,150,150,190,220,220,220,220,220,220,6670,0,220,442.92116900974435,91.7988780001906,3028.4190880001916,3380.775712143928
1780062898,5,GET,/api/concerts,0.500000,0.000000,3,3,3,3,3,3,3,3,3,3,3,1329,0,3,12.615263677198076,1.9829419998131925,321.7380289997891,753.0
1780062898,5,GET,/health,0.100000,0.000000,2,2,2,2,2,2,2,2,2,2,2,710,0,3,13.504011660572846,1.640310999846406,389.5348979999653,56.0
1780062898,5,,Aggregated,3.300000,0.000000,140,140,140,150,180,190,220,220,220,220,220,8709,0,160,342.2479884029161,1.640310999846406,3028.4190880001916,2708.7232747732232
1780062899,5,POST,/api/book,2.600000,0.000000,140,140,140,150,180,190,220,220,220,220,220,6673,0,220,442.7750209845639,91.7988780001906,3028.4190880001916,3380.770118387532
1780062899,5,GET,/api/concerts,0.500000,0.000000,3,3,3,3,3,3,3,3,3,3,3,1329,0,3,12.615263677198076,1.9829419998131925,321.7380289997891,753.0
1780062899,5,GET,/health,0.000000,0.000000,2,2,2,2,2,2,2,2,2,2,2,710,0,3,13.504011660572846,1.640310999846406,389.5348979999653,56.0
1780062899,5,,Aggregated,3.100000,0.000000,140,140,140,150,180,190,220,220,220,220,220,8712,0,160,342.17071266482975,1.640310999846406,3028.4190880001916,2708.9504132231405
1780062900,5,POST,/api/book,2.300000,0.000000,140,140,140,140,150,190,190,190,190,190,190,6675,0,220,442.6844355298868,91.7988780001906,3028.4190880001916,3380.760449438202
1780062900,5,GET,/api/concerts,0.500000,0.000000,3,3,3,3,3,3,3,3,3,3,3,1329,0,3,12.615263677198076,1.9829419998131925,321.7380289997891,753.0
1780062900,5,GET,/health,0.000000,0.000000,2,2,2,2,2,2,2,2,2,2,2,710,0,3,13.504011660572846,1.640310999846406,389.5348979999653,56.0
1780062900,5,,Aggregated,2.800000,0.000000,140,140,140,140,150,190,190,190,190,190,190,8714,0,160,342.12441368694016,1.640310999846406,3028.4190880001916,2709.0971999081935
1780062901,5,POST,/api/book,2.300000,0.000000,140,140,140,140,150,190,190,190,190,190,190,6678,0,220,442.5412370085346,91.7988780001906,3028.4190880001916,3380.759209344115
1780062901,5,GET,/api/concerts,0.300000,0.000000,3,3,3,3,3,3,3,3,3,3,3,1329,0,3,12.615263677198076,1.9829419998131925,321.7380289997891,753.0
1780062901,5,GET,/health,0.000000,0.000000,2,2,2,2,2,2,2,2,2,2,2,710,0,3,13.504011660572846,1.640310999846406,389.5348979999653,56.0
1780062901,5,,Aggregated,2.600000,0.000000,140,140,140,140,150,150,190,190,190,190,190,8717,0,160,342.04931908328507,1.640310999846406,3028.4190880001916,2709.3274062177356
1780062902,5,POST,/api/book,2.300000,0.000000,140,140,140,150,150,230,230,230,230,230,230,6680,0,220,442.46686864895116,91.7988780001906,3028.4190880001916,3380.750449101796
1780062902,5,GET,/api/concerts,0.300000,0.000000,4,4,4,4,4,4,4,4,4,4,4,1330,0,3,12.608999115786387,1.9829419998131925,321.7380289997891,753.0
1780062902,5,GET,/health,0.000000,0.000000,2,2,2,2,2,2,2,2,2,2,2,710,0,3,13.504011660572846,1.640310999846406,389.5348979999653,56.0
1780062902,5,,Aggregated,2.600000,0.000000,140,140,140,140,150,150,230,230,230,230,230,8720,0,160,341.9766628071096,1.640310999846406,3028.4190880001916,2709.2503440366972
1780062903,5,POST,/api/book,2.400000,0.000000,140,140,140,140,150,230,230,230,230,230,230,6680,0,220,442.46686864895116,91.7988780001906,3028.4190880001916,3380.750449101796
1780062903,5,GET,/api/concerts,0.200000,0.000000,4,4,4,4,4,4,4,4,4,4,4,1330,0,3,12.608999115786387,1.9829419998131925,321.7380289997891,753.0
1780062903,5,GET,/health,0.000000,0.000000,3,3,3,3,3,3,3,3,3,3,3,711,0,3,13.48886079747761,1.640310999846406,389.5348979999653,56.0
1780062903,5,,Aggregated,2.600000,0.000000,140,140,140,140,150,230,230,230,230,230,230,8721,0,160,341.9377630347432,1.640310999846406,3028.4190880001916,2708.94610709781
1780062904,5,POST,/api/book,2.000000,0.000000,140,140,140,150,210,230,230,230,230,230,230,6684,0,220,442.30817622950235,91.7988780001906,3028.4190880001916,3380.743117893477
1780062904,5,GET,/api/concerts,0.200000,0.000000,4,4,4,4,4,4,4,4,4,4,4,1331,0,3,12.60250458902798,1.9829419998131925,321.7380289997891,753.0
1780062904,5,GET,/health,0.000000,0.000000,3,3,3,3,3,3,3,3,3,3,3,711,0,3,13.48886079747761,1.640310999846406,389.5348979999653,56.0
1780062904,5,,Aggregated,2.200000,0.000000,140,140,140,140,210,210,230,230,230,230,230,8726,0,160,341.8235575925964,1.640310999846406,3028.4190880001916,2709.0242952097183
1780062905,5,POST,/api/book,2.200000,0.000000,140,140,140,150,210,230,230,230,230,230,230,6684,0,220,442.30817622950235,91.7988780001906,3028.4190880001916,3380.743117893477
1780062905,5,GET,/api/concerts,0.200000,0.000000,4,4,4,4,4,4,4,4,4,4,4,1332,0,3,12.594972349096428,1.9829419998131925,321.7380289997891,753.0
1780062905,5,GET,/health,0.000000,0.000000,3,3,3,3,3,3,3,3,3,3,3,711,0,3,13.48886079747761,1.640310999846406,389.5348979999653,56.0
1780062905,5,,Aggregated,2.400000,0.000000,140,140,140,140,210,210,230,230,230,230,230,8727,0,160,341.7846835240055,1.640310999846406,3028.4190880001916,2708.8001604216797
1780062906,5,POST,/api/book,1.900000,0.000000,140,140,140,150,210,230,230,230,230,230,230,6686,0,220,442.2165627049049,91.7988780001906,3028.4190880001916,3380.7464851929403
1780062906,5,GET,/api/concerts,0.200000,0.000000,3,4,4,4,4,4,4,4,4,4,4,1333,0,3,12.58761567666658,1.9829419998131925,321.7380289997891,753.0
1780062906,5,GET,/health,0.100000,0.000000,3,3,3,3,3,3,3,3,3,3,3,711,0,3,13.48886079747761,1.640310999846406,389.5348979999653,56.0
1780062906,5,,Aggregated,2.200000,0.000000,140,140,140,140,210,210,230,230,230,230,230,8730,0,160,341.69871820950704,1.640310999846406,3028.4190880001916,2708.73264604811
1780062907,5,POST,/api/book,2.100000,0.000000,140,140,150,180,210,230,230,230,230,230,230,6689,0,220,442.0862758751674,91.7988780001906,3028.4190880001916,3380.7572133353265
1780062907,5,GET,/api/concerts,0.200000,0.000000,4,4,4,4,4,4,4,4,4,4,4,1333,0,3,12.58761567666658,1.9829419998131925,321.7380289997891,753.0
1780062907,5,GET,/health,0.100000,0.000000,3,3,3,3,3,3,3,3,3,3,3,711,0,3,13.48886079747761,1.640310999846406,389.5348979999653,56.0
1780062907,5,,Aggregated,2.400000,0.000000,140,140,140,150,210,210,230,230,230,230,230,8733,0,160,341.63345597767056,1.640310999846406,3028.4190880001916,2708.971716477728
1780062908,5,POST,/api/book,2.000000,0.000000,140,140,180,180,210,230,230,230,230,230,230,6689,0,220,442.0862758751674,91.7988780001906,3028.4190880001916,3380.7572133353265
1780062908,5,GET,/api/concerts,0.300000,0.000000,4,4,4,4,4,4,4,4,4,4,4,1333,0,3,12.58761567666658,1.9829419998131925,321.7380289997891,753.0
1780062908,5,GET,/health,0.100000,0.000000,3,3,3,3,3,3,3,3,3,3,3,712,0,3,13.473372331470166,1.640310999846406,389.5348979999653,56.0
1780062908,5,,Aggregated,2.400000,0.000000,140,140,140,150,210,210,230,230,230,230,230,8734,0,160,341.59462240966303,1.640310999846406,3028.4190880001916,2708.667964277536
1780062909,5,POST,/api/book,2.100000,0.000000,140,140,150,180,210,230,230,230,230,230,230,6692,0,210,441.94845266048947,91.7988780001906,3028.4190880001916,3380.7543335325763
1780062909,5,GET,/api/concerts,0.400000,0.000000,4,4,4,4,4,4,4,4,4,4,4,1333,0,3,12.58761567666658,1.9829419998131925,321.7380289997891,753.0
1780062909,5,GET,/health,0.100000,0.000000,3,3,3,3,3,3,3,3,3,3,3,713,0,3,13.458585704076443,1.640310999846406,389.5348979999653,56.0
1780062909,5,,Aggregated,2.600000,0.000000,140,140,140,150,210,210,230,230,230,230,230,8738,0,160,341.4848144321352,1.640310999846406,3028.4190880001916,2708.592927443351
1780062910,5,POST,/api/book,1.900000,0.000000,140,140,150,180,210,230,230,230,230,230,230,6694,0,210,441.8582549017023,91.7988780001906,3028.4190880001916,3380.7587391694055
1780062910,5,GET,/api/concerts,0.400000,0.000000,4,4,4,4,4,4,4,4,4,4,4,1333,0,3,12.58761567666658,1.9829419998131925,321.7380289997891,753.0
1780062910,5,GET,/health,0.200000,0.000000,3,3,3,3,3,3,3,3,3,3,3,713,0,3,13.458585704076443,1.640310999846406,389.5348979999653,56.0
1780062910,5,,Aggregated,2.500000,0.000000,140,140,140,150,210,210,230,230,230,230,230,8740,0,160,341.43872100869527,1.640310999846406,3028.4190880001916,2708.7501144164758
1780062911,5,POST,/api/book,1.900000,0.000000,140,140,150,180,210,230,230,230,230,230,230,6696,0,210,441.76735308064445,91.7988780001906,3028.4190880001916,3380.761350059737
1780062911,5,GET,/api/concerts,0.400000,0.000000,4,4,4,4,4,4,4,4,4,4,4,1333,0,3,12.58761567666658,1.9829419998131925,321.7380289997891,753.0
1780062911,5,GET,/health,0.200000,0.000000,3,3,3,3,3,3,3,3,3,3,3,714,0,3,13.443549592445917,1.640310999846406,389.5348979999653,56.0
1780062911,5,,Aggregated,2.500000,0.000000,140,140,140,140,180,210,210,210,210,210,210,8743,0,160,341.3533320752598,1.640310999846406,3028.4190880001916,2708.6024247969804
1780062912,5,POST,/api/book,1.800000,0.000000,140,140,140,140,210,210,210,210,210,210,210,6696,0,210,441.76735308064445,91.7988780001906,3028.4190880001916,3380.761350059737
1780062912,5,GET,/api/concerts,0.400000,0.000000,3,4,4,4,4,4,4,4,4,4,4,1335,0,3,12.573388490634333,1.9829419998131925,321.7380289997891,753.0
1780062912,5,GET,/health,0.300000,0.000000,3,3,3,3,3,3,3,3,3,3,3,714,0,3,13.443549592445917,1.640310999846406,389.5348979999653,56.0
1780062912,5,,Aggregated,2.500000,0.000000,140,140,140,140,180,210,210,210,210,210,210,8745,0,160,341.27597075723236,1.640310999846406,3028.4190880001916,2708.155174385363
1780062913,5,POST,/api/book,1.900000,0.000000,140,140,140,180,210,210,210,210,210,210,210,6698,0,210,441.6844699822329,91.7988780001906,3028.4190880001916,3380.770976410869
1780062913,5,GET,/api/concerts,0.400000,0.000000,3,3,3,4,4,4,4,4,4,4,4,1336,0,3,12.566049984279076,1.9829419998131925,321.7380289997891,753.0
1780062913,5,GET,/health,0.400000,0.000000,3,3,3,3,3,3,3,3,3,3,3,714,0,3,13.443549592445917,1.640310999846406,389.5348979999653,56.0
1780062913,5,,Aggregated,2.700000,0.000000,130,140,140,140,140,180,200,200,200,200,200,8748,0,160,341.1967897952672,1.640310999846406,3028.4190880001916,2708.092821216278
1780062914,5,POST,/api/book,1.900000,0.000000,140,140,140,140,180,200,200,200,200,200,200,6699,0,210,441.63929721346403,91.7988780001906,3028.4190880001916,3380.7722048066876
1780062914,5,GET,/api/concerts,0.400000,0.000000,3,3,4,4,4,4,4,4,4,4,4,1336,0,3,12.566049984279076,1.9829419998131925,321.7380289997891,753.0
1780062914,5,GET,/health,0.400000,0.000000,3,3,3,3,3,3,3,3,3,3,3,714,0,3,13.443549592445917,1.640310999846406,389.5348979999653,56.0
1780062914,5,,Aggregated,2.700000,0.000000,140,140,140,140,140,180,200,200,200,200,200,8749,0,160,341.17368718950706,1.640310999846406,3028.4190880001916,2708.1706480740654
1780062915,5,POST,/api/book,1.700000,0.000000,140,140,140,140,180,200,200,200,200,200,200,6702,0,210,441.5068564016705,91.7988780001906,3028.4190880001916,3380.772157564906
1780062915,5,GET,/api/concerts,0.600000,0.000000,3,3,4,4,4,4,4,4,4,4,4,1336,0,3,12.566049984279076,1.9829419998131925,321.7380289997891,753.0
1780062915,5,GET,/health,0.300000,0.000000,3,3,3,3,3,3,3,3,3,3,3,714,0,3,13.443549592445917,1.640310999846406,389.5348979999653,56.0
1780062915,5,,Aggregated,2.600000,0.000000,140,140,140,140,160,180,200,200,200,200,200,8752,0,160,341.10670575776936,1.640310999846406,3028.4190880001916,2708.4011654478977
1780062916,5,POST,/api/book,1.700000,0.000000,140,140,140,140,180,200,200,200,200,200,200,6704,0,210,441.4115516982392,91.7988780001906,3028.4190880001916,3380.764319809069
1780062916,5,GET,/api/concerts,0.600000,0.000000,3,3,4,4,4,4,4,4,4,4,4,1336,0,3,12.566049984279076,1.9829419998131925,321.7380289997891,753.0
1780062916,5,GET,/health,0.300000,0.000000,3,3,3,3,3,3,3,3,3,3,3,714,0,3,13.443549592445917,1.640310999846406,389.5348979999653,56.0
1780062916,5,,Aggregated,2.600000,0.000000,140,140,140,140,140,160,200,200,200,200,200,8754,0,160,341.0566575020559,1.640310999846406,3028.4190880001916,2708.548777701622
1780062917,5,POST,/api/book,1.500000,0.000000,140,140,150,150,200,200,200,200,200,200,200,6708,0,210,441.24314377370234,91.7988780001906,3028.4190880001916,3380.7562611806798
1780062917,5,GET,/api/concerts,0.500000,0.000000,3,3,4,4,4,4,4,4,4,4,4,1336,0,3,12.566049984279076,1.9829419998131925,321.7380289997891,753.0
1780062917,5,GET,/health,0.300000,0.000000,3,3,3,3,3,3,3,3,3,3,3,714,0,3,13.443549592445917,1.640310999846406,389.5348979999653,56.0
1780062917,5,,Aggregated,2.300000,0.000000,140,140,140,150,160,200,200,200,200,200,200,8758,0,160,340.9735037248227,1.640310999846406,3028.4190880001916,2708.849623201644
1780062918,5,POST,/api/book,1.700000,0.000000,140,140,150,150,200,200,200,200,200,200,200,6710,0,210,441.15117947853884,91.7988780001906,3028.4190880001916,3380.7561847988077
1780062918,5,GET,/api/concerts,0.400000,0.000000,3,3,4,4,4,4,4,4,4,4,4,1336,0,3,12.566049984279076,1.9829419998131925,321.7380289997891,753.0
1780062918,5,GET,/health,0.300000,0.000000,3,3,3,3,3,3,3,3,3,3,3,714,0,3,13.443549592445917,1.640310999846406,389.5348979999653,56.0
1780062918,5,,Aggregated,2.400000,0.000000,140,140,140,150,160,200,200,200,200,200,200,8760,0,160,340.9259533663239,1.640310999846406,3028.4190880001916,2709.0029680365296
1780062919,5,POST,/api/book,1.900000,0.000000,140,140,150,150,200,200,200,200,200,200,200,6711,0,210,441.10589577261146,91.7988780001906,3028.4190880001916,3380.7574132022055
1780062919,5,GET,/api/concerts,0.300000,0.000000,3,3,4,4,4,4,4,4,4,4,4,1336,0,3,12.566049984279076,1.9829419998131925,321.7380289997891,753.0
1780062919,5,GET,/health,0.300000,0.000000,3,3,3,3,3,3,3,3,3,3,3,715,0,3,13.42870874965941,1.640310999846406,389.5348979999653,56.0
1780062919,5,,Aggregated,2.500000,0.000000,140,140,140,150,160,200,200,200,200,200,200,8762,0,160,340.8641218973975,1.640310999846406,3028.4190880001916,2708.7777904587992
1780062920,5,POST,/api/book,2.100000,0.000000,140,140,150,160,200,200,220,220,220,220,220,6714,0,210,440.992437133154,91.7988780001906,3028.4190880001916,3380.762585641942
1780062920,5,GET,/api/concerts,0.300000,0.000000,3,3,4,4,4,4,4,4,4,4,4,1336,0,3,12.566049984279076,1.9829419998131925,321.7380289997891,753.0
1780062920,5,GET,/health,0.200000,0.000000,3,3,3,3,3,3,3,3,3,3,3,716,0,3,13.413538958109473,1.640310999846406,389.5348979999653,56.0
1780062920,5,,Aggregated,2.600000,0.000000,140,140,150,160,200,200,220,220,220,220,220,8766,0,160,340.7729362976269,1.640310999846406,3028.4190880001916,2708.7091033538672
1780062921,5,POST,/api/book,2.000000,0.000000,140,150,160,200,200,220,220,220,220,220,220,6716,0,210,440.90236019103565,91.7988780001906,3028.4190880001916,3380.7561048243
1780062921,5,GET,/api/concerts,0.300000,0.000000,3,3,3,3,3,3,3,3,3,3,3,1336,0,3,12.566049984279076,1.9829419998131925,321.7380289997891,753.0
1780062921,5,GET,/health,0.100000,0.000000,3,3,3,3,3,3,3,3,3,3,3,716,0,3,13.413538958109473,1.640310999846406,389.5348979999653,56.0
1780062921,5,,Aggregated,2.400000,0.000000,140,140,150,160,200,200,220,220,220,220,220,8768,0,160,340.72680060629534,1.640310999846406,3028.4190880001916,2708.8574361313867
1780062922,5,POST,/api/book,2.000000,0.000000,140,150,160,200,200,220,220,220,220,220,220,6717,0,210,440.85430254964945,91.7988780001906,3028.4190880001916,3380.7552478785174
1780062922,5,GET,/api/concerts,0.300000,0.000000,3,3,3,3,3,3,3,3,3,3,3,1336,0,3,12.566049984279076,1.9829419998131925,321.7380289997891,753.0
1780062922,5,GET,/health,0.100000,0.000000,3,3,5,5,5,5,5,5,5,5,5,717,0,3,13.401396283132721,1.640310999846406,389.5348979999653,56.0
1780062922,5,,Aggregated,2.400000,0.000000,140,140,150,160,200,200,220,220,220,220,220,8770,0,160,340.6631008141387,1.640310999846406,3028.4190880001916,2708.6309007981754
1780062923,5,POST,/api/book,2.100000,0.000000,140,140,150,160,200,220,220,220,220,220,220,6719,0,210,440.76491780815525,91.7988780001906,3028.4190880001916,3380.752790593838
1780062923,5,GET,/api/concerts,0.300000,0.000000,3,3,3,3,3,3,3,3,3,3,3,1336,0,3,12.566049984279076,1.9829419998131925,321.7380289997891,753.0
1780062923,5,GET,/health,0.200000,0.000000,3,3,5,5,5,5,5,5,5,5,5,717,0,3,13.401396283132721,1.640310999846406,389.5348979999653,56.0
1780062923,5,,Aggregated,2.600000,0.000000,140,140,150,150,200,200,220,220,220,220,220,8772,0,160,340.6174791002048,1.640310999846406,3028.4190880001916,2708.782261741906
1780062924,5,POST,/api/book,1.900000,0.000000,140,140,150,150,200,220,220,220,220,220,220,6720,0,210,440.7197621930052,91.7988780001906,3028.4190880001916,3380.7532738095238
1780062924,5,GET,/api/concerts,0.300000,0.000000,3,3,3,3,3,3,3,3,3,3,3,1336,0,3,12.566049984279076,1.9829419998131925,321.7380289997891,753.0
1780062924,5,GET,/health,0.200000,0.000000,3,3,5,5,5,5,5,5,5,5,5,718,0,3,13.386331235384347,1.640310999846406,389.5348979999653,56.0
1780062924,5,,Aggregated,2.400000,0.000000,140,140,140,150,200,200,220,220,220,220,220,8774,0,160,340.5557819173691,1.640310999846406,3028.4190880001916,2708.5568725780718
1780062925,5,POST,/api/book,2.200000,0.000000,140,140,150,150,200,220,220,220,220,220,220,6722,0,210,440.62831244406345,91.7988780001906,3028.4190880001916,3380.75141326986
1780062925,5,GET,/api/concerts,0.000000,0.000000,3,3,3,3,3,3,3,3,3,3,3,1338,0,3,12.550902689085595,1.9829419998131925,321.7380289997891,753.0
1780062925,5,GET,/health,0.300000,0.000000,3,3,5,5,5,5,5,5,5,5,5,718,0,3,13.386331235384347,1.640310999846406,389.5348979999653,56.0
1780062925,5,,Aggregated,2.500000,0.000000,140,140,140,150,200,200,220,220,220,220,220,8778,0,160,340.4315345037589,1.640310999846406,3028.4190880001916,2708.2630439735703
1780062926,5,POST,/api/book,2.200000,0.000000,140,140,140,140,200,220,220,220,220,220,220,6722,0,210,440.62831244406345,91.7988780001906,3028.4190880001916,3380.75141326986
1780062926,5,GET,/api/concerts,0.000000,0.000000,3,3,3,3,3,3,3,3,3,3,3,1338,0,3,12.550902689085595,1.9829419998131925,321.7380289997891,753.0
1780062926,5,GET,/health,0.300000,0.000000,3,3,5,5,5,5,5,5,5,5,5,718,0,3,13.386331235384347,1.640310999846406,389.5348979999653,56.0
1780062926,5,,Aggregated,2.500000,0.000000,140,140,140,140,200,220,220,220,220,220,220,8778,0,160,340.4315345037589,1.640310999846406,3028.4190880001916,2708.2630439735703
1780062927,5,POST,/api/book,2.000000,0.000000,140,140,140,140,200,220,220,220,220,220,220,6723,0,210,440.58343962040675,91.7988780001906,3028.4190880001916,3380.759631117061
1780062927,5,GET,/api/concerts,0.200000,0.000000,3,3,3,3,3,3,3,3,3,3,3,1339,0,3,12.543434354739638,1.9829419998131925,321.7380289997891,753.0
1780062927,5,GET,/health,0.400000,0.000000,3,3,3,5,5,5,5,5,5,5,5,719,0,3,13.371480759395984,1.640310999846406,389.5348979999653,56.0
1780062927,5,,Aggregated,2.600000,0.000000,140,140,140,140,140,200,220,220,220,220,220,8781,0,160,340.3316499071854,1.640310999846406,3028.4190880001916,2707.8212048741602
1780062928,5,POST,/api/book,2.000000,0.000000,140,140,140,150,200,220,220,220,220,220,220,6726,0,210,440.447495492268,91.7988780001906,3028.4190880001916,3380.756616116563
1780062928,5,GET,/api/concerts,0.200000,0.000000,3,3,3,3,3,3,3,3,3,3,3,1339,0,3,12.543434354739638,1.9829419998131925,321.7380289997891,753.0
1780062928,5,GET,/health,0.400000,0.000000,3,3,3,5,5,5,5,5,5,5,5,719,0,3,13.371480759395984,1.640310999846406,389.5348979999653,56.0
1780062928,5,,Aggregated,2.600000,0.000000,140,140,140,140,150,200,220,220,220,220,220,8784,0,160,340.2617950760468,1.640310999846406,3028.4190880001916,2708.0487249544626
1780062929,5,POST,/api/book,2.000000,0.000000,140,140,140,140,140,150,150,150,150,150,150,6726,0,210,440.447495492268,91.7988780001906,3028.4190880001916,3380.756616116563
1780062929,5,GET,/api/concerts,0.200000,0.000000,3,3,3,3,3,3,3,3,3,3,3,1339,0,3,12.543434354739638,1.9829419998131925,321.7380289997891,753.0
1780062929,5,GET,/health,0.400000,0.000000,3,3,5,5,5,5,5,5,5,5,5,719,0,3,13.371480759395984,1.640310999846406,389.5348979999653,56.0
1780062929,5,,Aggregated,2.600000,0.000000,130,140,140,140,140,150,150,150,150,150,150,8784,0,160,340.2617950760468,1.640310999846406,3028.4190880001916,2708.0487249544626
1780062930,5,POST,/api/book,1.500000,0.000000,140,140,140,140,140,150,150,150,150,150,150,6728,0,210,440.3584016117709,91.7988780001906,3028.4190880001916,3380.7604042806183
1780062930,5,GET,/api/concerts,0.300000,0.000000,3,3,3,3,3,3,3,3,3,3,3,1341,0,3,12.528780948543389,1.9829419998131925,321.7380289997891,753.0
1780062930,5,GET,/health,0.400000,0.000000,3,3,5,5,5,5,5,5,5,5,5,719,0,3,13.371480759395984,1.640310999846406,389.5348979999653,56.0
1780062930,5,,Aggregated,2.200000,0.000000,130,140,140,140,140,140,150,150,150,150,150,8788,0,160,340.1395671326804,1.640310999846406,3028.4190880001916,2707.759786071916
1780062931,5,POST,/api/book,1.600000,0.000000,140,140,140,140,140,150,150,150,150,150,150,6729,0,210,440.3134433550297,91.7988780001906,3028.4190880001916,3380.761480160499
1780062931,5,GET,/api/concerts,0.300000,0.000000,3,3,3,3,3,3,3,3,3,3,3,1341,0,3,12.528780948543389,1.9829419998131925,321.7380289997891,753.0
1780062931,5,GET,/health,0.500000,0.000000,3,3,5,5,5,5,5,5,5,5,5,719,0,3,13.371480759395984,1.640310999846406,389.5348979999653,56.0
1780062931,5,,Aggregated,2.400000,0.000000,140,140,140,140,140,150,150,150,150,150,150,8789,0,160,340.1165491243595,1.640310999846406,3028.4190880001916,2707.837182842189
1780062932,5,POST,/api/book,1.400000,0.000000,140,140,140,140,140,150,150,150,150,150,150,6730,0,210,440.2637871775624,91.7988780001906,3028.4190880001916,3380.7622585438335
1780062932,5,GET,/api/concerts,0.500000,0.000000,3,3,3,3,3,3,3,3,3,3,3,1342,0,3,12.521325193738408,1.9829419998131925,321.7380289997891,753.0
1780062932,5,GET,/health,0.400000,0.000000,3,3,3,3,3,3,3,3,3,3,3,719,0,3,13.371480759395984,1.640310999846406,389.5348979999653,56.0
1780062932,5,,Aggregated,2.300000,0.000000,110,140,140,140,140,150,150,150,150,150,150,8791,0,160,340.0515300626773,1.640310999846406,3028.4190880001916,2707.691957683995
1780062933,5,POST,/api/book,1.400000,0.000000,140,140,140,150,270,270,270,270,270,270,270,6733,0,210,440.1665001372338,91.7988780001906,3028.4190880001916,3380.7593940294073
1780062933,5,GET,/api/concerts,0.500000,0.000000,3,3,3,3,3,3,3,3,3,3,3,1342,0,3,12.521325193738408,1.9829419998131925,321.7380289997891,753.0
1780062933,5,GET,/health,0.400000,0.000000,3,3,3,3,3,3,3,3,3,3,3,719,0,3,13.371480759395984,1.640310999846406,389.5348979999653,56.0
1780062933,5,,Aggregated,2.300000,0.000000,130,140,140,140,270,270,270,270,270,270,270,8794,0,160,340.0112302137817,1.640310999846406,3028.4190880001916,2707.919376847851
1780062934,5,POST,/api/book,1.200000,0.000000,140,140,140,150,270,270,270,270,270,270,270,6734,0,210,440.1216254429752,91.7988780001906,3028.4190880001916,3380.7555687555687
1780062934,5,GET,/api/concerts,0.600000,0.000000,3,3,3,3,3,3,3,3,3,3,3,1342,0,3,12.521325193738408,1.9829419998131925,321.7380289997891,753.0
1780062934,5,GET,/health,0.200000,0.000000,3,3,3,3,3,3,3,3,3,3,3,719,0,3,13.371480759395984,1.640310999846406,389.5348979999653,56.0
1780062934,5,,Aggregated,2.000000,0.000000,140,140,140,140,270,270,270,270,270,270,270,8795,0,160,339.9882591027852,1.640310999846406,3028.4190880001916,2707.9929505400796
1780062935,5,POST,/api/book,1.200000,0.000000,140,140,150,170,270,270,270,270,270,270,270,6736,0,210,440.0366438519886,91.7988780001906,3028.4190880001916,3380.752672209026
1780062935,5,GET,/api/concerts,0.600000,0.000000,3,3,3,3,3,3,3,3,3,3,3,1343,0,3,12.513999971702699,1.9829419998131925,321.7380289997891,753.0
1780062935,5,GET,/health,0.200000,0.000000,3,3,3,3,3,3,3,3,3,3,3,719,0,3,13.371480759395984,1.640310999846406,389.5348979999653,56.0
1780062935,5,,Aggregated,2.000000,0.000000,140,140,140,150,270,270,270,270,270,270,270,8798,0,160,339.90761873323436,1.640310999846406,3028.4190880001916,2707.921459422596
1780062936,5,POST,/api/book,1.400000,0.000000,140,140,140,150,270,270,270,270,270,270,270,6740,0,210,439.85397231290733,91.7988780001906,3028.4190880001916,3380.753412462908
1780062936,5,GET,/api/concerts,0.600000,0.000000,3,3,3,3,3,3,3,3,3,3,3,1343,0,3,12.513999971702699,1.9829419998131925,321.7380289997891,753.0
1780062936,5,GET,/health,0.200000,0.000000,3,3,3,3,3,3,3,3,3,3,3,719,0,3,13.371480759395984,1.640310999846406,389.5348979999653,56.0
1780062936,5,,Aggregated,2.200000,0.000000,140,140,140,140,170,270,270,270,270,270,270,8802,0,160,339.81324358293523,1.640310999846406,3028.4190880001916,2708.227789138832
1780062937,5,POST,/api/book,1.500000,0.000000,140,140,140,150,270,270,270,270,270,270,270,6741,0,210,439.8093685356764,91.7988780001906,3028.4190880001916,3380.755080848539
1780062937,5,GET,/api/concerts,0.500000,0.000000,3,3,3,3,3,3,3,3,3,3,3,1345,0,3,12.49937412267409,1.9829419998131925,321.7380289997891,753.0
1780062937,5,GET,/health,0.100000,0.000000,3,3,3,3,3,3,3,3,3,3,3,719,0,3,13.371480759395984,1.640310999846406,389.5348979999653,56.0
1780062937,5,,Aggregated,2.100000,0.000000,140,140,140,140,170,270,270,270,270,270,270,8805,0,160,339.7138791777394,1.640310999846406,3028.4190880001916,2707.86132879046
1780062938,5,POST,/api/book,1.500000,0.000000,140,140,140,170,270,270,270,270,270,270,270,6741,0,210,439.8093685356764,91.7988780001906,3028.4190880001916,3380.755080848539
1780062938,5,GET,/api/concerts,0.500000,0.000000,3,3,3,3,3,3,3,3,3,3,3,1346,0,3,12.492191197620397,1.9829419998131925,321.7380289997891,753.0
1780062938,5,GET,/health,0.100000,0.000000,3,3,3,3,3,3,3,3,3,3,3,719,0,3,13.371480759395984,1.640310999846406,389.5348979999653,56.0
1780062938,5,,Aggregated,2.100000,0.000000,140,140,140,140,170,270,270,270,270,270,270,8806,0,160,339.6756231338855,1.640310999846406,3028.4190880001916,2707.6393368158074
1780062939,5,POST,/api/book,1.800000,0.000000,140,140,140,170,270,270,270,270,270,270,270,6743,0,210,439.72074113406427,91.7988780001906,3028.4190880001916,3380.749666320629
1780062939,5,GET,/api/concerts,0.500000,0.000000,3,3,3,3,3,3,3,3,3,3,3,1346,0,3,12.492191197620397,1.9829419998131925,321.7380289997891,753.0
1780062939,5,GET,/health,0.100000,0.000000,3,3,3,3,3,3,3,3,3,3,3,720,0,3,13.35647898889647,1.640310999846406,389.5348979999653,56.0
1780062939,5,,Aggregated,2.400000,0.000000,140,140,140,140,170,270,270,270,270,270,270,8809,0,160,339.59224789317693,1.640310999846406,3028.4190880001916,2707.4870019298446
1780062940,5,POST,/api/book,1.800000,0.000000,140,140,140,140,270,270,270,270,270,270,270,6745,0,210,439.6255530099327,91.7988780001906,3028.4190880001916,3380.746923647146
1780062940,5,GET,/api/concerts,0.500000,0.000000,3,3,3,3,3,3,3,3,3,3,3,1346,0,3,12.492191197620397,1.9829419998131925,321.7380289997891,753.0
1780062940,5,GET,/health,0.100000,0.000000,3,3,3,3,3,3,3,3,3,3,3,720,0,3,13.35647898889647,1.640310999846406,389.5348979999653,56.0
1780062940,5,,Aggregated,2.400000,0.000000,140,140,140,140,170,270,270,270,270,270,270,8811,0,160,339.5421075106113,1.640310999846406,3028.4190880001916,2707.63772557031
1780062941,5,POST,/api/book,1.600000,0.000000,140,140,140,140,270,270,270,270,270,270,270,6749,0,210,439.44934557845545,91.7988780001906,3028.4190880001916,3380.7432212179583
1780062941,5,GET,/api/concerts,0.700000,0.000000,3,3,3,3,3,3,3,3,3,3,3,1346,0,3,12.492191197620397,1.9829419998131925,321.7380289997891,753.0
1780062941,5,GET,/health,0.100000,0.000000,3,3,3,3,3,3,3,3,3,3,3,720,0,3,13.35647898889647,1.640310999846406,389.5348979999653,56.0
1780062941,5,,Aggregated,2.400000,0.000000,140,140,140,140,170,270,270,270,270,270,270,8815,0,160,339.4526134467381,1.640310999846406,3028.4190880001916,2707.940328984685
1780062942,5,POST,/api/book,1.600000,0.000000,140,140,140,140,170,270,270,270,270,270,270,6750,0,210,439.4050134931845,91.7988780001906,3028.4190880001916,3380.7471111111113
1780062942,5,GET,/api/concerts,0.700000,0.000000,3,3,3,3,3,3,3,3,3,3,3,1346,0,3,12.492191197620397,1.9829419998131925,321.7380289997891,753.0
1780062942,5,GET,/health,0.100000,0.000000,3,3,3,3,3,3,3,3,3,3,3,720,0,3,13.35647898889647,1.640310999846406,389.5348979999653,56.0
1780062942,5,,Aggregated,2.400000,0.000000,140,140,140,140,170,270,270,270,270,270,270,8816,0,160,339.4300130788335,1.640310999846406,3028.4190880001916,2708.019623411978
1780062943,5,POST,/api/book,1.900000,0.000000,140,140,140,140,140,170,170,170,170,170,170,6751,0,210,439.3585487749957,91.7988780001906,3028.4190880001916,3380.7507035994668
1780062943,5,GET,/api/concerts,0.500000,0.000000,3,3,3,3,3,3,3,3,3,3,3,1346,0,3,12.492191197620397,1.9829419998131925,321.7380289997891,753.0
1780062943,5,GET,/health,0.100000,0.000000,3,3,3,3,3,3,3,3,3,3,3,721,0,3,13.341424438287842,1.640310999846406,389.5348979999653,56.0
1780062943,5,,Aggregated,2.500000,0.000000,140,140,140,140,140,140,170,170,170,170,170,8818,0,160,339.36756851349475,1.640310999846406,3028.4190880001916,2707.7979133590384
1780062944,5,POST,/api/book,1.900000,0.000000,140,140,140,140,150,200,200,200,200,200,200,6754,0,210,439.23042338851,91.7988780001906,3028.4190880001916,3380.737488895469
1780062944,5,GET,/api/concerts,0.500000,0.000000,3,3,3,3,3,3,3,3,3,3,3,1346,0,3,12.492191197620397,1.9829419998131925,321.7380289997891,753.0
1780062944,5,GET,/health,0.100000,0.000000,3,3,3,3,3,3,3,3,3,3,3,721,0,3,13.341424438287842,1.640310999846406,389.5348979999653,56.0
1780062944,5,,Aggregated,2.500000,0.000000,140,140,140,140,140,150,200,200,200,200,200,8821,0,160,339.30347306858596,1.640310999846406,3028.4190880001916,2708.016664777236
1780062945,5,POST,/api/book,2.100000,0.000000,140,140,140,140,150,200,200,200,200,200,200,6756,0,210,439.141307978685,91.7988780001906,3028.4190880001916,3380.737714624038
1780062945,5,GET,/api/concerts,0.400000,0.000000,3,3,3,3,3,3,3,3,3,3,3,1346,0,3,12.492191197620397,1.9829419998131925,321.7380289997891,753.0
1780062945,5,GET,/health,0.100000,0.000000,3,3,3,3,3,3,3,3,3,3,3,722,0,3,13.326343533248584,1.640310999846406,389.5348979999653,56.0
1780062945,5,,Aggregated,2.600000,0.000000,140,140,140,140,140,150,200,200,200,200,200,8824,0,160,339.2197173715998,1.640310999846406,3028.4190880001916,2707.868766999093
1780062946,5,POST,/api/book,2.100000,0.000000,140,140,140,140,150,200,200,200,200,200,200,6758,0,210,439.05243675155316,91.7988780001906,3028.4190880001916,3380.7379402189995
1780062946,5,GET,/api/concerts,0.400000,0.000000,3,3,3,3,3,3,3,3,3,3,3,1346,0,3,12.492191197620397,1.9829419998131925,321.7380289997891,753.0
1780062946,5,GET,/health,0.200000,0.000000,3,3,3,3,3,3,3,3,3,3,3,722,0,3,13.326343533248584,1.640310999846406,389.5348979999653,56.0
1780062946,5,,Aggregated,2.700000,0.000000,140,140,140,140,140,150,200,200,200,200,200,8826,0,160,339.1743119136638,1.640310999846406,3028.4190880001916,2708.021414004079
1780062947,5,POST,/api/book,2.000000,0.000000,140,140,140,140,150,200,200,200,200,200,200,6760,0,210,438.96324952973316,91.7988780001906,3028.4190880001916,3380.7389053254437
1780062947,5,GET,/api/concerts,0.300000,0.000000,3,3,3,3,3,3,3,3,3,3,3,1346,0,3,12.492191197620397,1.9829419998131925,321.7380289997891,753.0
1780062947,5,GET,/health,0.300000,0.000000,3,3,3,3,3,3,3,3,3,3,3,722,0,3,13.326343533248584,1.640310999846406,389.5348979999653,56.0
1780062947,5,,Aggregated,2.600000,0.000000,140,140,140,140,150,150,200,200,200,200,200,8828,0,160,339.1286447897595,1.640310999846406,3028.4190880001916,2708.174558223833
1780062948,5,POST,/api/book,1.700000,0.000000,140,140,140,140,150,150,200,200,200,200,200,6763,0,210,438.82428496140705,91.7988780001906,3028.4190880001916,3380.733993789738
1780062948,5,GET,/api/concerts,0.300000,0.000000,3,3,3,3,3,3,3,3,3,3,3,1347,0,3,12.48489312026512,1.9829419998131925,321.7380289997891,753.0
1780062948,5,GET,/health,0.300000,0.000000,3,3,3,3,3,3,3,3,3,3,3,722,0,3,13.326343533248584,1.640310999846406,389.5348979999653,56.0
1780062948,5,,Aggregated,2.300000,0.000000,140,140,140,140,150,150,200,200,200,200,200,8832,0,160,339.0180491687043,1.640310999846406,3028.4190880001916,2708.177875905797
1780062949,5,POST,/api/book,1.700000,0.000000,140,140,140,140,150,200,200,200,200,200,200,6764,0,210,438.77942487965635,91.7988780001906,3028.4190880001916,3380.738468361916
1780062949,5,GET,/api/concerts,0.300000,0.000000,3,3,3,3,3,3,3,3,3,3,3,1347,0,3,12.48489312026512,1.9829419998131925,321.7380289997891,753.0
1780062949,5,GET,/health,0.300000,0.000000,3,3,3,3,3,3,3,3,3,3,3,722,0,3,13.326343533248584,1.640310999846406,389.5348979999653,56.0
1780062949,5,,Aggregated,2.300000,0.000000,140,140,140,140,150,150,200,200,200,200,200,8833,0,160,338.9949961451371,1.640310999846406,3028.4190880001916,2708.2574436771197
1780062950,5,POST,/api/book,1.800000,0.000000,140,140,140,140,150,200,200,200,200,200,200,6767,0,210,438.64629594103684,91.7988780001906,3028.4190880001916,3380.7303088517806
1780062950,5,GET,/api/concerts,0.200000,0.000000,3,3,3,3,3,3,3,3,3,3,3,1347,0,3,12.48489312026512,1.9829419998131925,321.7380289997891,753.0
1780062950,5,GET,/health,0.300000,0.000000,3,3,3,3,3,3,3,3,3,3,3,722,0,3,13.326343533248584,1.640310999846406,389.5348979999653,56.0
1780062950,5,,Aggregated,2.300000,0.000000,140,140,140,140,150,150,200,200,200,200,200,8836,0,160,338.92691893356687,1.640310999846406,3028.4190880001916,2708.4795156179266
1780062951,5,POST,/api/book,2.200000,0.000000,140,140,140,140,150,200,200,200,200,200,200,6769,0,210,438.5506939060417,91.7988780001906,3028.4190880001916,3380.728320283646
1780062951,5,GET,/api/concerts,0.100000,0.000000,3,3,3,3,3,3,3,3,3,3,3,1347,0,3,12.48489312026512,1.9829419998131925,321.7380289997891,753.0
1780062951,5,GET,/health,0.200000,0.000000,3,3,3,3,3,3,3,3,3,3,3,722,0,3,13.326343533248584,1.640310999846406,389.5348979999653,56.0
1780062951,5,,Aggregated,2.500000,0.000000,140,140,140,140,150,150,200,200,200,200,200,8838,0,160,338.87626364720495,1.640310999846406,3028.4190880001916,2708.630119936637
1780062952,5,POST,/api/book,2.200000,0.000000,140,140,140,140,150,200,200,200,200,200,200,6770,0,210,438.5065852484486,91.7988780001906,3028.4190880001916,3380.7163958641063
1780062952,5,GET,/api/concerts,0.100000,0.000000,3,3,3,3,3,3,3,3,3,3,3,1348,0,3,12.477599620175933,1.9829419998131925,321.7380289997891,753.0
1780062952,5,GET,/health,0.200000,0.000000,3,3,3,3,3,3,3,3,3,3,3,722,0,3,13.326343533248584,1.640310999846406,389.5348979999653,56.0
1780062952,5,,Aggregated,2.500000,0.000000,140,140,140,140,150,150,200,200,200,200,200,8840,0,160,338.81572471165134,1.640310999846406,3028.4190880001916,2708.4757918552036
1780062953,5,POST,/api/book,2.000000,0.000000,140,140,140,140,150,180,180,180,180,180,180,6772,0,210,438.424796303012,91.7988780001906,3028.4190880001916,3380.7113112817483
1780062953,5,GET,/api/concerts,0.100000,0.000000,3,3,3,3,3,3,3,3,3,3,3,1350,0,3,12.463007672590551,1.9829419998131925,321.7380289997891,753.0
1780062953,5,GET,/health,0.200000,0.000000,2,2,2,2,2,2,2,2,2,2,2,722,0,3,13.326343533248584,1.640310999846406,389.5348979999653,56.0
1780062953,5,,Aggregated,2.300000,0.000000,140,140,140,140,140,150,180,180,180,180,180,8844,0,160,338.69961566632725,1.640310999846406,3028.4190880001916,2708.1817051108096
1780062954,5,POST,/api/book,2.000000,0.000000,140,140,140,140,150,180,180,180,180,180,180,6773,0,210,438.380735003986,91.7988780001906,3028.4190880001916,3380.7104680348443
1780062954,5,GET,/api/concerts,0.200000,0.000000,3,3,3,3,3,3,3,3,3,3,3,1351,0,3,12.455701986674748,1.9829419998131925,321.7380289997891,753.0
1780062954,5,GET,/health,0.200000,0.000000,2,2,2,2,2,2,2,2,2,2,2,722,0,3,13.326343533248584,1.640310999846406,389.5348979999653,56.0
1780062954,5,,Aggregated,2.400000,0.000000,140,140,140,140,140,150,180,180,180,180,180,8846,0,160,338.6391579919736,1.640310999846406,3028.4190880001916,2708.0360614967217
1780062955,5,POST,/api/book,2.000000,0.000000,140,140,140,140,150,180,180,180,180,180,180,6775,0,210,438.2924929056822,91.7988780001906,3028.4190880001916,3380.7135055350554
1780062955,5,GET,/api/concerts,0.200000,0.000000,3,3,3,3,3,3,3,3,3,3,3,1351,0,3,12.455701986674748,1.9829419998131925,321.7380289997891,753.0
1780062955,5,GET,/health,0.200000,0.000000,2,2,2,2,2,2,2,2,2,2,2,722,0,3,13.326343533248584,1.640310999846406,389.5348979999653,56.0
1780062955,5,,Aggregated,2.400000,0.000000,140,140,140,140,140,150,180,180,180,180,180,8848,0,160,338.59413572004956,1.640310999846406,3028.4190880001916,2708.1904385171792
1780062956,5,POST,/api/book,2.100000,0.000000,140,140,140,140,170,180,180,180,180,180,180,6778,0,210,438.16507881734975,91.7988780001906,3028.4190880001916,3380.724845087046
1780062956,5,GET,/api/concerts,0.200000,0.000000,3,3,3,3,3,3,3,3,3,3,3,1352,0,3,12.448407374258696,1.9829419998131925,321.7380289997891,753.0
1780062956,5,GET,/health,0.200000,0.000000,2,2,2,2,2,2,2,2,2,2,2,722,0,3,13.326343533248584,1.640310999846406,389.5348979999653,56.0
1780062956,5,,Aggregated,2.500000,0.000000,140,140,140,140,140,170,180,180,180,180,180,8852,0,160,338.4924052219835,1.640310999846406,3028.4190880001916,2708.206168097605
1780062957,5,POST,/api/book,1.900000,0.000000,140,140,140,140,170,180,180,180,180,180,180,6781,0,210,438.03032959784645,91.7988780001906,3028.4190880001916,3380.7279162365435
1780062957,5,GET,/api/concerts,0.500000,0.000000,3,3,3,3,3,3,3,3,3,3,3,1353,0,3,12.44110731041969,1.9829419998131925,321.7380289997891,753.0
1780062957,5,GET,/health,0.000000,0.000000,2,2,2,2,2,2,2,2,2,2,2,722,0,3,13.326343533248584,1.640310999846406,389.5348979999653,56.0
1780062957,5,,Aggregated,2.400000,0.000000,140,140,140,140,140,170,180,180,180,180,180,8856,0,160,338.38506133976944,1.640310999846406,3028.4190880001916,2708.215560072267
1780062958,5,POST,/api/book,2.100000,0.000000,140,140,140,140,170,180,180,180,180,180,180,6781,0,210,438.03032959784645,91.7988780001906,3028.4190880001916,3380.7279162365435
1780062958,5,GET,/api/concerts,0.600000,0.000000,3,3,3,3,3,3,3,3,3,3,3,1354,0,3,12.433729968240671,1.9829419998131925,321.7380289997891,753.0
1780062958,5,GET,/health,0.000000,0.000000,2,2,2,2,2,2,2,2,2,2,2,722,0,3,13.326343533248584,1.640310999846406,389.5348979999653,56.0
1780062958,5,,Aggregated,2.700000,0.000000,140,140,140,140,140,170,180,180,180,180,180,8857,0,160,338.3471328227389,1.640310999846406,3028.4190880001916,2707.994806367845
1780062959,5,POST,/api/book,2.000000,0.000000,140,140,140,140,170,180,180,180,180,180,180,6783,0,210,437.94230484077787,91.7988780001906,3028.4190880001916,3380.7303553000147
1780062959,5,GET,/api/concerts,0.600000,0.000000,3,3,3,3,3,3,3,3,3,3,3,1354,0,3,12.433729968240671,1.9829419998131925,321.7380289997891,753.0
1780062959,5,GET,/health,0.000000,0.000000,2,2,2,2,2,2,2,2,2,2,2,722,0,3,13.326343533248584,1.640310999846406,389.5348979999653,56.0
1780062959,5,,Aggregated,2.600000,0.000000,140,140,140,140,140,170,180,180,180,180,180,8859,0,160,338.30223999808084,1.640310999846406,3028.4190880001916,2708.148549497686
1780062960,5,POST,/api/book,1.800000,0.000000,140,140,140,140,180,210,210,210,210,210,210,6786,0,210,437.820263895667,91.7988780001906,3028.4190880001916,3380.7316534040674
1780062960,5,GET,/api/concerts,0.700000,0.000000,3,3,3,3,3,3,3,3,3,3,3,1354,0,3,12.433729968240671,1.9829419998131925,321.7380289997891,753.0
1780062960,5,GET,/health,0.000000,0.000000,10,10,10,10,10,10,10,10,10,10,10,723,0,3,13.321712208859909,1.640310999846406,389.5348979999653,56.0
1780062960,5,,Aggregated,2.500000,0.000000,140,140,140,140,170,180,210,210,210,210,210,8863,0,160,338.20548111248996,1.640310999846406,3028.4190880001916,2708.0779645718153
1780062961,5,POST,/api/book,1.800000,0.000000,140,140,140,140,180,210,210,210,210,210,210,6787,0,210,437.7761765400024,91.7988780001906,3028.4190880001916,3380.733166347429
1780062961,5,GET,/api/concerts,0.700000,0.000000,3,3,3,3,3,3,3,3,3,3,3,1354,0,3,12.433729968240671,1.9829419998131925,321.7380289997891,753.0
1780062961,5,GET,/health,0.000000,0.000000,10,10,10,10,10,10,10,10,10,10,10,723,0,3,13.321712208859909,1.640310999846406,389.5348979999653,56.0
1780062961,5,,Aggregated,2.500000,0.000000,140,140,140,140,170,180,210,210,210,210,210,8864,0,160,338.1829623737588,1.640310999846406,3028.4190880001916,2708.155009025271
1780062962,5,POST,/api/book,1.800000,0.000000,140,140,150,170,210,340,340,340,340,340,340,6789,0,210,437.71840138901104,91.7988780001906,3028.4190880001916,3380.733686846369
1780062962,5,GET,/api/concerts,0.700000,0.000000,3,3,3,3,3,3,3,3,3,3,3,1354,0,3,12.433729968240671,1.9829419998131925,321.7380289997891,753.0
1780062962,5,GET,/health,0.000000,0.000000,10,10,10,10,10,10,10,10,10,10,10,723,0,3,13.321712208859909,1.640310999846406,389.5348979999653,56.0
1780062962,5,,Aggregated,2.500000,0.000000,140,140,140,140,170,210,340,340,340,340,340,8866,0,160,338.1611882849084,1.640310999846406,3028.4190880001916,2708.3071283555155
1780062963,5,POST,/api/book,1.700000,0.000000,140,140,140,150,210,340,340,340,340,340,340,6790,0,210,437.6747998961702,91.7988780001906,3028.4190880001916,3380.7335787923416
1780062963,5,GET,/api/concerts,0.700000,0.000000,3,3,37,37,42,42,42,42,42,42,42,1356,0,3,12.47374531858293,1.9829419998131925,321.7380289997891,753.0
1780062963,5,GET,/health,0.000000,0.000000,10,10,10,10,10,10,10,10,10,10,10,723,0,3,13.321712208859909,1.640310999846406,389.5348979999653,56.0
1780062963,5,,Aggregated,2.400000,0.000000,140,140,140,140,170,210,340,340,340,340,340,8869,0,160,338.07169780967394,1.640310999846406,3028.4190880001916,2707.9419325741346
1780062964,5,POST,/api/book,1.900000,0.000000,140,140,150,150,210,340,340,340,340,340,340,6791,0,210,437.6312685239281,91.7988780001906,3028.4190880001916,3380.730672949492
1780062964,5,GET,/api/concerts,0.700000,0.000000,3,37,37,42,42,42,42,42,42,42,42,1356,0,3,12.47374531858293,1.9829419998131925,321.7380289997891,753.0
1780062964,5,GET,/health,0.100000,0.000000,10,10,10,10,10,10,10,10,10,10,10,723,0,3,13.321712208859909,1.640310999846406,389.5348979999653,56.0
1780062964,5,,Aggregated,2.700000,0.000000,140,140,140,140,170,210,340,340,340,340,340,8870,0,150,338.049598773957,1.640310999846406,3028.4190880001916,2708.0155580608794
1780062965,5,POST,/api/book,1.900000,0.000000,140,140,140,140,210,340,340,340,340,340,340,6794,0,210,437.4926117753894,91.7988780001906,3028.4190880001916,3380.735649102149
1780062965,5,GET,/api/concerts,0.600000,0.000000,3,3,37,37,42,42,42,42,42,42,42,1357,0,3,12.466581644066611,1.9829419998131925,321.7380289997891,753.0
1780062965,5,GET,/health,0.100000,0.000000,10,10,10,10,10,10,10,10,10,10,10,723,0,3,13.321712208859909,1.640310999846406,389.5348979999653,56.0
1780062965,5,,Aggregated,2.600000,0.000000,140,140,140,140,150,210,340,340,340,340,340,8874,0,150,337.93932314852356,1.640310999846406,3028.4190880001916,2708.026481857111
1780062966,5,POST,/api/book,1.800000,0.000000,140,140,140,150,210,340,340,340,340,340,340,6794,0,210,437.4926117753894,91.7988780001906,3028.4190880001916,3380.735649102149
1780062966,5,GET,/api/concerts,0.800000,0.000000,3,3,37,37,42,42,42,42,42,42,42,1358,0,3,12.459403401324337,1.9829419998131925,321.7380289997891,753.0
1780062966,5,GET,/health,0.100000,0.000000,10,10,10,10,10,10,10,10,10,10,10,723,0,3,13.321712208859909,1.640310999846406,389.5348979999653,56.0
1780062966,5,,Aggregated,2.700000,0.000000,140,140,140,140,150,210,340,340,340,340,340,8875,0,150,337.90155179132375,1.640310999846406,3028.4190880001916,2707.8061971830984
1780062967,5,POST,/api/book,1.900000,0.000000,140,140,140,150,210,340,340,340,340,340,340,6795,0,210,437.44840167579036,91.7988780001906,3028.4190880001916,3380.7318616629873
1780062967,5,GET,/api/concerts,0.500000,0.000000,3,3,37,37,42,42,42,42,42,42,42,1359,0,3,12.452038578365217,1.9829419998131925,321.7380289997891,753.0
1780062967,5,GET,/health,0.100000,0.000000,10,10,10,10,10,10,10,10,10,10,10,723,0,3,13.321712208859909,1.640310999846406,389.5348979999653,56.0
1780062967,5,,Aggregated,2.500000,0.000000,140,140,140,140,150,210,340,340,340,340,340,8877,0,150,337.84114089692446,1.640310999846406,3028.4190880001916,2707.6588937704178
1780062968,5,POST,/api/book,1.600000,0.000000,140,140,140,140,210,340,340,340,340,340,340,6798,0,210,437.3109478676074,91.7988780001906,3028.4190880001916,3380.7224183583407
1780062968,5,GET,/api/concerts,0.600000,0.000000,3,3,37,37,42,42,42,42,42,42,42,1360,0,3,12.444806458087081,1.9829419998131925,321.7380289997891,753.0
1780062968,5,GET,/health,0.100000,0.000000,10,10,10,10,10,10,10,10,10,10,10,724,0,3,13.30677687707953,1.640310999846406,389.5348979999653,56.0
1780062968,5,,Aggregated,2.300000,0.000000,140,140,140,140,150,210,340,340,340,340,340,8882,0,150,337.6940854363879,1.640310999846406,3028.4190880001916,2707.360391803648
1780062969,5,POST,/api/book,1.600000,0.000000,140,140,140,140,210,340,340,340,340,340,340,6800,0,210,437.22300697499935,91.7988780001906,3028.4190880001916,3380.727794117647
1780062969,5,GET,/api/concerts,0.700000,0.000000,3,3,37,37,42,42,42,42,42,42,42,1360,0,3,12.444806458087081,1.9829419998131925,321.7380289997891,753.0
1780062969,5,GET,/health,0.100000,0.000000,10,10,10,10,10,10,10,10,10,10,10,724,0,3,13.30677687707953,1.640310999846406,389.5348979999653,56.0
1780062969,5,,Aggregated,2.400000,0.000000,140,140,140,140,150,210,340,340,340,340,340,8884,0,150,337.64919976046804,1.640310999846406,3028.4190880001916,2707.5160963529943
1780062970,5,POST,/api/book,1.600000,0.000000,140,140,150,150,170,340,340,340,340,340,340,6802,0,210,437.1411013435747,91.7988780001906,3028.4190880001916,3380.725227874155
1780062970,5,GET,/api/concerts,0.700000,0.000000,3,3,37,37,42,42,42,42,42,42,42,1361,0,3,12.437946009550608,1.9829419998131925,321.7380289997891,753.0
1780062970,5,GET,/health,0.100000,0.000000,10,10,10,10,10,10,10,10,10,10,10,724,0,3,13.30677687707953,1.640310999846406,389.5348979999653,56.0
1780062970,5,,Aggregated,2.400000,0.000000,140,140,140,140,150,170,340,340,340,340,340,8887,0,150,337.57127515663296,1.640310999846406,3028.4190880001916,2707.4457072127825
1780062971,5,POST,/api/book,1.700000,0.000000,140,140,140,140,150,170,170,170,170,170,170,6805,0,210,437.0043371169721,91.7988780001906,3028.4190880001916,3380.7334313005144
1780062971,5,GET,/api/concerts,0.600000,0.000000,3,3,37,37,42,42,42,42,42,42,42,1361,0,3,12.437946009550608,1.9829419998131925,321.7380289997891,753.0
1780062971,5,GET,/health,0.200000,0.000000,3,3,10,10,10,10,10,10,10,10,10,725,0,3,13.29166792138745,1.640310999846406,389.5348979999653,56.0
1780062971,5,,Aggregated,2.500000,0.000000,130,140,140,140,140,150,170,170,170,170,170,8891,0,150,337.46249216544794,1.640310999846406,3028.4190880001916,2707.3809470250817
1780062972,5,POST,/api/book,1.700000,0.000000,140,140,140,140,150,170,170,170,170,170,170,6807,0,210,436.91805350315775,91.7988780001906,3028.4190880001916,3380.7289554869985
1780062972,5,GET,/api/concerts,0.600000,0.000000,3,3,37,37,42,42,42,42,42,42,42,1361,0,3,12.437946009550608,1.9829419998131925,321.7380289997891,753.0
1780062972,5,GET,/health,0.200000,0.000000,3,3,10,10,10,10,10,10,10,10,10,725,0,3,13.29166792138745,1.640310999846406,389.5348979999653,56.0
1780062972,5,,Aggregated,2.500000,0.000000,140,140,140,140,140,150,170,170,170,170,170,8893,0,150,337.4188343593835,1.640310999846406,3028.4190880001916,2707.528955358147
1780062973,5,POST,/api/book,1.700000,0.000000,140,140,140,140,150,170,170,170,170,170,170,6809,0,210,436.82836949860405,91.7988780001906,3028.4190880001916,3380.727566456161
1780062973,5,GET,/api/concerts,0.700000,0.000000,3,3,3,3,3,3,3,3,3,3,3,1362,0,3,12.430577709249809,1.9829419998131925,321.7380289997891,753.0
1780062973,5,GET,/health,0.100000,0.000000,3,3,3,3,3,3,3,3,3,3,3,725,0,3,13.29166792138745,1.640310999846406,389.5348979999653,56.0
1780062973,5,,Aggregated,2.500000,0.000000,140,140,140,140,140,150,170,170,170,170,170,8896,0,150,337.33490040456354,1.640310999846406,3028.4190880001916,2707.459532374101
1780062974,5,POST,/api/book,1.800000,0.000000,140,140,140,140,150,170,170,170,170,170,170,6810,0,210,436.78296102276,91.7988780001906,3028.4190880001916,3380.729368575624
1780062974,5,GET,/api/concerts,0.700000,0.000000,3,3,3,3,3,3,3,3,3,3,3,1363,0,3,12.423381286865693,1.9829419998131925,321.7380289997891,753.0
1780062974,5,GET,/health,0.200000,0.000000,3,3,3,3,3,3,3,3,3,3,3,725,0,3,13.29166792138745,1.640310999846406,389.5348979999653,56.0
1780062974,5,,Aggregated,2.700000,0.000000,130,140,140,140,140,150,170,170,170,170,170,8898,0,150,337.2737123513146,1.640310999846406,3028.4190880001916,2707.3169251517193
1780062975,5,POST,/api/book,1.800000,0.000000,140,140,140,140,150,170,170,170,170,170,170,6813,0,210,436.6533925973867,91.7988780001906,3028.4190880001916,3380.7186261558786
1780062975,5,GET,/api/concerts,0.700000,0.000000,3,3,3,3,3,3,3,3,3,3,3,1363,0,3,12.423381286865693,1.9829419998131925,321.7380289997891,753.0
1780062975,5,GET,/health,0.200000,0.000000,3,3,3,3,3,3,3,3,3,3,3,725,0,3,13.29166792138745,1.640310999846406,389.5348979999653,56.0
1780062975,5,,Aggregated,2.700000,0.000000,140,140,140,140,140,150,170,170,170,170,170,8901,0,150,337.208076811931,1.640310999846406,3028.4190880001916,2707.5356701494215
1780062976,5,POST,/api/book,1.800000,0.000000,140,140,140,140,150,170,170,170,170,170,170,6814,0,210,436.60945501173995,91.7988780001906,3028.4190880001916,3380.71690636924
1780062976,5,GET,/api/concerts,0.500000,0.000000,3,3,3,3,3,3,3,3,3,3,3,1363,0,3,12.423381286865693,1.9829419998131925,321.7380289997891,753.0
1780062976,5,GET,/health,0.200000,0.000000,3,3,3,3,3,3,3,3,3,3,3,725,0,3,13.29166792138745,1.640310999846406,389.5348979999653,56.0
1780062976,5,,Aggregated,2.500000,0.000000,140,140,140,140,140,150,170,170,170,170,170,8902,0,150,337.1856160848122,1.640310999846406,3028.4190880001916,2707.6099752864525
1780062977,5,POST,/api/book,1.800000,0.000000,140,140,140,140,150,170,170,170,170,170,170,6816,0,210,436.52085397945933,91.7988780001906,3028.4190880001916,3380.712147887324
1780062977,5,GET,/api/concerts,0.600000,0.000000,3,3,3,3,3,3,3,3,3,3,3,1364,0,3,12.416193194279955,1.9829419998131925,321.7380289997891,753.0
1780062977,5,GET,/health,0.200000,0.000000,3,3,3,3,3,3,3,3,3,3,3,726,0,3,13.276865349870135,1.640310999846406,389.5348979999653,56.0
1780062977,5,,Aggregated,2.600000,0.000000,140,140,140,140,140,150,170,170,170,170,170,8906,0,150,337.0649935419938,1.640310999846406,3028.4190880001916,2707.240287446665
1780062978,5,POST,/api/book,2.000000,0.000000,140,140,140,140,150,170,170,170,170,170,170,6817,0,210,436.47309802860417,91.7988780001906,3028.4190880001916,3380.717324336218
1780062978,5,GET,/api/concerts,0.500000,0.000000,3,3,3,3,3,3,3,3,3,3,3,1365,0,3,12.409053320145123,1.9829419998131925,321.7380289997891,753.0
1780062978,5,GET,/health,0.200000,0.000000,3,3,3,3,3,3,3,3,3,3,3,727,0,3,13.261977287490957,1.640310999846406,389.5348979999653,56.0
1780062978,5,,Aggregated,2.700000,0.000000,130,140,140,140,140,150,170,170,170,170,170,8909,0,150,336.9645217792116,1.640310999846406,3028.4190880001916,2706.802895947918
1780062979,5,POST,/api/book,2.100000,0.000000,140,140,140,140,140,140,140,140,140,140,140,6817,0,210,436.47309802860417,91.7988780001906,3028.4190880001916,3380.717324336218
1780062979,5,GET,/api/concerts,0.500000,0.000000,3,3,3,3,3,3,3,3,3,3,3,1367,0,3,12.394800320407906,1.9829419998131925,321.7380289997891,753.0
1780062979,5,GET,/health,0.300000,0.000000,2,2,3,3,3,3,3,3,3,3,3,727,0,3,13.261977287490957,1.640310999846406,389.5348979999653,56.0
1780062979,5,,Aggregated,2.900000,0.000000,130,140,140,140,140,140,140,140,140,140,140,8911,0,150,336.8894915034223,1.640310999846406,3028.4190880001916,2706.364381102009
1780062980,5,POST,/api/book,2.100000,0.000000,140,140,140,140,140,140,140,140,140,140,140,6818,0,210,436.4281828248745,91.7988780001906,3028.4190880001916,3380.721179231446
1780062980,5,GET,/api/concerts,0.500000,0.000000,3,3,3,3,3,3,3,3,3,3,3,1367,0,3,12.394800320407906,1.9829419998131925,321.7380289997891,753.0
1780062980,5,GET,/health,0.300000,0.000000,2,2,3,3,3,3,3,3,3,3,3,727,0,3,13.261977287490957,1.640310999846406,389.5348979999653,56.0
1780062980,5,,Aggregated,2.900000,0.000000,130,140,140,140,140,140,140,140,140,140,140,8912,0,150,336.86630386288107,1.640310999846406,3028.4190880001916,2706.4429982046677
1780062981,5,POST,/api/book,1.900000,0.000000,140,140,140,140,170,210,210,210,210,210,210,6821,0,210,436.3119724717776,91.7988780001906,3028.4190880001916,3380.7237941650783
1780062981,5,GET,/api/concerts,0.400000,0.000000,3,3,3,3,3,3,3,3,3,3,3,1367,0,3,12.394800320407906,1.9829419998131925,321.7380289997891,753.0
1780062981,5,GET,/health,0.300000,0.000000,2,2,3,3,3,3,3,3,3,3,3,727,0,3,13.261977287490957,1.640310999846406,389.5348979999653,56.0
1780062981,5,,Aggregated,2.600000,0.000000,130,140,140,140,140,170,210,210,210,210,210,8915,0,150,336.81089329848527,1.640310999846406,3028.4190880001916,2706.6719012899607
1780062982,5,POST,/api/book,1.600000,0.000000,140,140,160,160,210,210,210,210,210,210,210,6824,0,210,436.1935649844658,91.7988780001906,3028.4190880001916,3380.7230363423214
1780062982,5,GET,/api/concerts,0.600000,0.000000,3,3,3,3,3,3,3,3,3,3,3,1367,0,3,12.394800320407906,1.9829419998131925,321.7380289997891,753.0
1780062982,5,GET,/health,0.300000,0.000000,2,2,3,3,3,3,3,3,3,3,3,727,0,3,13.261977287490957,1.640310999846406,389.5348979999653,56.0
1780062982,5,,Aggregated,2.500000,0.000000,140,140,140,140,170,210,210,210,210,210,210,8918,0,150,336.75376059430323,1.640310999846406,3028.4190880001916,2706.8980713164387
1780062983,5,POST,/api/book,1.600000,0.000000,140,140,140,160,210,210,210,210,210,210,210,6826,0,210,436.10528571227576,91.7988780001906,3028.4190880001916,3380.713741576326
1780062983,5,GET,/api/concerts,0.600000,0.000000,3,3,3,3,3,3,3,3,3,3,3,1367,0,3,12.394800320407906,1.9829419998131925,321.7380289997891,753.0
1780062983,5,GET,/health,0.300000,0.000000,3,3,3,3,3,3,3,3,3,3,3,727,0,3,13.261977287490957,1.640310999846406,389.5348979999653,56.0
1780062983,5,,Aggregated,2.500000,0.000000,140,140,140,140,170,210,210,210,210,210,210,8920,0,150,336.70850109843,1.640310999846406,3028.4190880001916,2707.0420403587445
1780062984,5,POST,/api/book,1.700000,0.000000,140,140,160,170,210,210,210,210,210,210,210,6828,0,210,436.0188709919441,91.7988780001906,3028.4190880001916,3380.7271528998244
1780062984,5,GET,/api/concerts,0.600000,0.000000,3,3,3,3,3,3,3,3,3,3,3,1367,0,3,12.394800320407906,1.9829419998131925,321.7380289997891,753.0
1780062984,5,GET,/health,0.300000,0.000000,3,3,3,3,3,3,3,3,3,3,3,727,0,3,13.261977287490957,1.640310999846406,389.5348979999653,56.0
1780062984,5,,Aggregated,2.600000,0.000000,140,140,140,140,170,210,210,210,210,210,210,8922,0,150,336.66464925565964,1.640310999846406,3028.4190880001916,2707.2033176417845
1780062985,5,POST,/api/book,1.600000,0.000000,140,140,160,160,210,210,210,210,210,210,210,6830,0,210,435.9321542916536,91.7988780001906,3028.4190880001916,3380.7300146412886
1780062985,5,GET,/api/concerts,0.600000,0.000000,3,3,3,3,3,3,3,3,3,3,3,1367,0,3,12.394800320407906,1.9829419998131925,321.7380289997891,753.0
1780062985,5,GET,/health,0.200000,0.000000,3,3,3,3,3,3,3,3,3,3,3,727,0,3,13.261977287490957,1.640310999846406,389.5348979999653,56.0
1780062985,5,,Aggregated,2.400000,0.000000,140,140,140,140,170,210,210,210,210,210,210,8924,0,150,336.62054721402905,1.640310999846406,3028.4190880001916,2707.3564545047066
1780062986,5,POST,/api/book,1.900000,0.000000,140,140,170,210,310,370,370,370,370,370,370,6833,0,210,435.86131558949126,91.7988780001906,3028.4190880001916,3380.732913800673
1780062986,5,GET,/api/concerts,0.500000,0.000000,3,3,3,3,3,3,3,3,3,3,3,1367,0,3,12.394800320407906,1.9829419998131925,321.7380289997891,753.0
1780062986,5,GET,/health,0.200000,0.000000,2,2,2,2,2,2,2,2,2,2,2,727,0,3,13.261977287490957,1.640310999846406,389.5348979999653,56.0
1780062986,5,,Aggregated,2.600000,0.000000,140,140,160,170,210,310,370,370,370,370,370,8927,0,150,336.59969966942924,1.640310999846406,3028.4190880001916,2707.584966954184
1780062987,5,POST,/api/book,1.900000,0.000000,140,160,170,210,310,370,370,370,370,370,370,6833,0,210,435.86131558949126,91.7988780001906,3028.4190880001916,3380.732913800673
1780062987,5,GET,/api/concerts,0.500000,0.000000,3,3,3,3,3,3,3,3,3,3,3,1367,0,3,12.394800320407906,1.9829419998131925,321.7380289997891,753.0
1780062987,5,GET,/health,0.200000,0.000000,2,2,2,2,2,2,2,2,2,2,2,727,0,3,13.261977287490957,1.640310999846406,389.5348979999653,56.0
1780062987,5,,Aggregated,2.600000,0.000000,140,140,170,210,310,370,370,370,370,370,370,8927,0,150,336.59969966942924,1.640310999846406,3028.4190880001916,2707.584966954184
1780062988,5,POST,/api/book,1.700000,0.000000,140,140,170,210,310,370,370,370,370,370,370,6837,0,210,435.6830089322792,91.7988780001906,3028.4190880001916,3380.7247330700598
1780062988,5,GET,/api/concerts,0.400000,0.000000,2,2,2,2,2,2,2,2,2,2,2,1367,0,3,12.394800320407906,1.9829419998131925,321.7380289997891,753.0
1780062988,5,GET,/health,0.200000,0.000000,2,2,2,2,2,2,2,2,2,2,2,727,0,3,13.261977287490957,1.640310999846406,389.5348979999653,56.0
1780062988,5,,Aggregated,2.300000,0.000000,140,140,160,170,210,310,370,370,370,370,370,8931,0,150,336.5076566561409,1.640310999846406,3028.4190880001916,2707.880192587616
1780062989,5,POST,/api/book,1.800000,0.000000,140,150,170,210,310,370,370,370,370,370,370,6838,0,210,435.6414083271414,91.7988780001906,3028.4190880001916,3380.726528224627
1780062989,5,GET,/api/concerts,0.400000,0.000000,2,2,2,2,2,2,2,2,2,2,2,1367,0,3,12.394800320407906,1.9829419998131925,321.7380289997891,753.0
1780062989,5,GET,/health,0.200000,0.000000,2,2,2,2,2,2,2,2,2,2,2,727,0,3,13.261977287490957,1.640310999846406,389.5348979999653,56.0
1780062989,5,,Aggregated,2.400000,0.000000,140,150,170,210,310,370,370,370,370,370,370,8932,0,150,336.486912188423,1.640310999846406,3028.4190880001916,2707.956896551724
1780062990,5,POST,/api/book,2.100000,0.000000,140,140,150,160,310,370,370,370,370,370,370,6841,0,210,435.5107144304916,91.7988780001906,3028.4190880001916,3380.7324952492327
1780062990,5,GET,/api/concerts,0.300000,0.000000,2,2,2,2,2,2,2,2,2,2,2,1367,0,3,12.394800320407906,1.9829419998131925,321.7380289997891,753.0
1780062990,5,GET,/health,0.000000,0.000000,2,2,2,2,2,2,2,2,2,2,2,727,0,3,13.261977287490957,1.640310999846406,389.5348979999653,56.0
1780062990,5,,Aggregated,2.400000,0.000000,140,140,150,160,310,370,370,370,370,370,370,8935,0,150,336.4201395573581,1.640310999846406,3028.4190880001916,2708.187353105764
1780062991,5,POST,/api/book,2.100000,0.000000,140,140,140,140,310,370,370,370,370,370,370,6843,0,210,435.4244257856193,91.7988780001906,3028.4190880001916,3380.737688148473
1780062991,5,GET,/api/concerts,0.300000,0.000000,2,2,2,2,2,2,2,2,2,2,2,1367,0,3,12.394800320407906,1.9829419998131925,321.7380289997891,753.0
1780062991,5,GET,/health,0.000000,0.000000,2,2,2,2,2,2,2,2,2,2,2,727,0,3,13.261977287490957,1.640310999846406,389.5348979999653,56.0
1780062991,5,,Aggregated,2.400000,0.000000,140,140,140,140,310,370,370,370,370,370,370,8937,0,150,336.3762442852181,1.640310999846406,3028.4190880001916,2708.3418373055833
1780062992,5,POST,/api/book,2.100000,0.000000,140,140,140,150,310,370,370,370,370,370,370,6845,0,210,435.33884180671913,91.7988780001906,3028.4190880001916,3380.736449963477
1780062992,5,GET,/api/concerts,0.100000,0.000000,3,3,3,3,3,3,3,3,3,3,3,1368,0,3,12.387657514618269,1.9829419998131925,321.7380289997891,753.0
1780062992,5,GET,/health,0.000000,0.000000,2,2,2,2,2,2,2,2,2,2,2,727,0,3,13.261977287490957,1.640310999846406,389.5348979999653,56.0
1780062992,5,,Aggregated,2.200000,0.000000,140,140,140,150,310,370,370,370,370,370,370,8940,0,150,336.29554196140873,1.640310999846406,3028.4190880001916,2708.2725950782997
1780062993,5,POST,/api/book,2.200000,0.000000,140,140,140,150,310,370,370,370,370,370,370,6847,0,210,435.25306849627464,91.7988780001906,3028.4190880001916,3380.7393018840366
1780062993,5,GET,/api/concerts,0.000000,0.000000,3,3,3,3,3,3,3,3,3,3,3,1368,0,3,12.387657514618269,1.9829419998131925,321.7380289997891,753.0
1780062993,5,GET,/health,0.000000,0.000000,3,3,3,3,3,3,3,3,3,3,3,728,0,3,13.247357954678042,1.640310999846406,389.5348979999653,56.0
1780062993,5,,Aggregated,2.200000,0.000000,140,140,140,140,150,310,370,370,370,370,370,8943,0,150,336.2147100598226,1.640310999846406,3028.4190880001916,2708.128592195013
1780062994,5,POST,/api/book,2.200000,0.000000,140,140,150,150,310,370,370,370,370,370,370,6849,0,210,435.16625504219473,91.7988780001906,3028.4190880001916,3380.7342677763177
1780062994,5,GET,/api/concerts,0.100000,0.000000,3,3,3,3,3,3,3,3,3,3,3,1369,0,3,12.380582979545537,1.9829419998131925,321.7380289997891,753.0
1780062994,5,GET,/health,0.000000,0.000000,3,3,3,3,3,3,3,3,3,3,3,728,0,3,13.247357954678042,1.640310999846406,389.5348979999653,56.0
1780062994,5,,Aggregated,2.300000,0.000000,140,140,140,150,160,310,370,370,370,370,370,8946,0,150,336.1331070281682,1.640310999846406,3028.4190880001916,2708.056561591773
1780062995,5,POST,/api/book,2.000000,0.000000,140,140,140,150,160,370,370,370,370,370,370,6850,0,210,435.12358367620317,91.7988780001906,3028.4190880001916,3380.7359124087593
1780062995,5,GET,/api/concerts,0.100000,0.000000,3,3,3,3,3,3,3,3,3,3,3,1369,0,3,12.380582979545537,1.9829419998131925,321.7380289997891,753.0
1780062995,5,GET,/health,0.100000,0.000000,3,3,3,3,3,3,3,3,3,3,3,728,0,3,13.247357954678042,1.640310999846406,389.5348979999653,56.0
1780062995,5,,Aggregated,2.200000,0.000000,140,140,140,140,150,160,370,370,370,370,370,8947,0,150,336.1115058535814,1.640310999846406,3028.4190880001916,2708.1330054766963
1780062996,5,POST,/api/book,2.000000,0.000000,140,140,140,140,150,160,160,160,160,160,160,6852,0,210,435.0340159607402,91.7988780001906,3028.4190880001916,3380.7355516637476
1780062996,5,GET,/api/concerts,0.100000,0.000000,3,3,3,3,3,3,3,3,3,3,3,1369,0,3,12.380582979545537,1.9829419998131925,321.7380289997891,753.0
1780062996,5,GET,/health,0.100000,0.000000,3,3,3,3,3,3,3,3,3,3,3,728,0,3,13.247357954678042,1.640310999846406,389.5348979999653,56.0
1780062996,5,,Aggregated,2.200000,0.000000,140,140,140,140,150,150,160,160,160,160,160,8949,0,150,336.06505442540987,1.640310999846406,3028.4190880001916,2708.2830483852945
1780062997,5,POST,/api/book,1.900000,0.000000,140,140,140,140,150,160,160,160,160,160,160,6854,0,210,434.9480197230802,91.7988780001906,3028.4190880001916,3380.7367960315146
1780062997,5,GET,/api/concerts,0.200000,0.000000,3,3,3,3,3,3,3,3,3,3,3,1369,0,3,12.380582979545537,1.9829419998131925,321.7380289997891,753.0
1780062997,5,GET,/health,0.100000,0.000000,3,3,3,3,3,3,3,3,3,3,3,728,0,3,13.247357954678042,1.640310999846406,389.5348979999653,56.0
1780062997,5,,Aggregated,2.200000,0.000000,140,140,140,140,150,160,160,160,160,160,160,8951,0,150,336.0213184975973,1.640310999846406,3028.4190880001916,2708.434253156072
1780062998,5,POST,/api/book,2.000000,0.000000,140,140,140,140,150,160,160,160,160,160,160,6855,0,210,434.9055503177231,91.7988780001906,3028.4190880001916,3380.727352297593
1780062998,5,GET,/api/concerts,0.200000,0.000000,3,3,3,3,3,3,3,3,3,3,3,1369,0,3,12.380582979545537,1.9829419998131925,321.7380289997891,753.0
1780062998,5,GET,/health,0.100000,0.000000,3,3,3,3,3,3,3,3,3,3,3,729,0,3,13.232430582998441,1.640310999846406,389.5348979999653,56.0
1780062998,5,,Aggregated,2.300000,0.000000,140,140,140,140,140,150,160,160,160,160,160,8953,0,150,335.9625832036181,1.640310999846406,3028.4190880001916,2708.2058527867753
1780062999,5,POST,/api/book,1.900000,0.000000,140,140,140,140,160,190,190,190,190,190,190,6858,0,210,434.7847794483802,91.7988780001906,3028.4190880001916,3380.725138524351
1780062999,5,GET,/api/concerts,0.200000,0.000000,3,3,3,3,3,3,3,3,3,3,3,1369,0,3,12.380582979545537,1.9829419998131925,321.7380289997891,753.0
1780062999,5,GET,/health,0.100000,0.000000,3,3,3,3,3,3,3,3,3,3,3,729,0,3,13.232430582998441,1.640310999846406,389.5348979999653,56.0
1780062999,5,,Aggregated,2.200000,0.000000,140,140,140,140,150,160,190,190,190,190,190,8956,0,150,335.90324670064683,1.640310999846406,3028.4190880001916,2708.4294327824923
1780063000,5,POST,/api/book,1.900000,0.000000,140,140,140,140,160,190,190,190,190,190,190,6861,0,210,434.65644485249845,91.7988780001906,3028.4190880001916,3380.7297770004375
1780063000,5,GET,/api/concerts,0.200000,0.000000,3,3,3,3,3,3,3,3,3,3,3,1369,0,3,12.380582979545537,1.9829419998131925,321.7380289997891,753.0
1780063000,5,GET,/health,0.100000,0.000000,3,3,3,3,3,3,3,3,3,3,3,729,0,3,13.232430582998441,1.640310999846406,389.5348979999653,56.0
1780063000,5,,Aggregated,2.200000,0.000000,140,140,140,140,150,160,190,190,190,190,190,8959,0,150,335.8380765852208,1.640310999846406,3028.4190880001916,2708.658109163969
1780063001,5,POST,/api/book,1.900000,0.000000,140,140,140,140,160,190,190,190,190,190,190,6862,0,210,434.6090952854841,91.7988780001906,3028.4190880001916,3380.7215097639173
1780063001,5,GET,/api/concerts,0.200000,0.000000,3,3,3,3,3,3,3,3,3,3,3,1369,0,3,12.380582979545537,1.9829419998131925,321.7380289997891,753.0
1780063001,5,GET,/health,0.200000,0.000000,3,3,3,3,3,3,3,3,3,3,3,729,0,3,13.232430582998441,1.640310999846406,389.5348979999653,56.0
1780063001,5,,Aggregated,2.300000,0.000000,140,140,140,140,160,190,190,190,190,190,190,8960,0,150,335.81284283961975,1.640310999846406,3028.4190880001916,2708.7267857142856
1780063002,5,POST,/api/book,1.900000,0.000000,140,140,140,140,160,190,190,190,190,190,190,6863,0,210,434.56535312210286,91.7988780001906,3028.4190880001916,3380.721550342416
1780063002,5,GET,/api/concerts,0.200000,0.000000,3,3,3,3,3,3,3,3,3,3,3,1370,0,3,12.373574613867032,1.9829419998131925,321.7380289997891,753.0
1780063002,5,GET,/health,0.200000,0.000000,3,3,3,3,3,3,3,3,3,3,3,729,0,3,13.232430582998441,1.640310999846406,389.5348979999653,56.0
1780063002,5,,Aggregated,2.300000,0.000000,140,140,140,140,160,190,190,190,190,190,190,8962,0,150,335.7532088365312,1.640310999846406,3028.4190880001916,2708.583575094845
1780063003,5,POST,/api/book,2.100000,0.000000,140,140,140,140,140,190,190,190,190,190,190,6865,0,210,434.4794467383819,91.7988780001906,3028.4190880001916,3380.722359796067
1780063003,5,GET,/api/concerts,0.200000,0.000000,3,3,3,3,3,3,3,3,3,3,3,1371,0,3,12.366536961340742,1.9829419998131925,321.7380289997891,753.0
1780063003,5,GET,/health,0.200000,0.000000,3,3,3,3,3,3,3,3,3,3,3,729,0,3,13.232430582998441,1.640310999846406,389.5348979999653,56.0
1780063003,5,,Aggregated,2.500000,0.000000,140,140,140,140,140,140,190,190,190,190,190,8965,0,150,335.67232191054023,1.640310999846406,3028.4190880001916,2708.5160066926937
1780063004,5,POST,/api/book,1.800000,0.000000,140,140,140,140,140,190,190,190,190,190,190,6867,0,210,434.3921745444869,91.7988780001906,3028.4190880001916,3380.718363186253
1780063004,5,GET,/api/concerts,0.200000,0.000000,3,3,3,3,3,3,3,3,3,3,3,1372,0,3,12.359310083089234,1.9829419998131925,321.7380289997891,753.0
1780063004,5,GET,/health,0.200000,0.000000,2,2,2,2,2,2,2,2,2,2,2,729,0,3,13.232430582998441,1.640310999846406,389.5348979999653,56.0
1780063004,5,,Aggregated,2.200000,0.000000,140,140,140,140,140,140,190,190,190,190,190,8968,0,150,335.5903744342098,1.640310999846406,3028.4190880001916,2708.444803746655
1780063005,5,POST,/api/book,1.900000,0.000000,140,140,140,140,140,190,200,200,200,200,200,6870,0,210,434.27048263900895,91.7988780001906,3028.4190880001916,3380.7170305676855
1780063005,5,GET,/api/concerts,0.300000,0.000000,3,3,3,3,3,3,3,3,3,3,3,1372,0,3,12.359310083089234,1.9829419998131925,321.7380289997891,753.0
1780063005,5,GET,/health,0.100000,0.000000,2,2,2,2,2,2,2,2,2,2,2,729,0,3,13.232430582998441,1.640310999846406,389.5348979999653,56.0
1780063005,5,,Aggregated,2.300000,0.000000,140,140,140,140,140,190,200,200,200,200,200,8971,0,150,335.5302230586326,1.640310999846406,3028.4190880001916,2708.668598818415
1780063006,5,POST,/api/book,1.800000,0.000000,140,140,140,140,190,200,200,200,200,200,200,6872,0,210,434.18434131359015,91.7988780001906,3028.4190880001916,3380.712019790454
1780063006,5,GET,/api/concerts,0.400000,0.000000,3,3,3,3,3,3,3,3,3,3,3,1372,0,3,12.359310083089234,1.9829419998131925,321.7380289997891,753.0
1780063006,5,GET,/health,0.100000,0.000000,2,2,2,2,2,2,2,2,2,2,2,729,0,3,13.232430582998441,1.640310999846406,389.5348979999653,56.0
1780063006,5,,Aggregated,2.300000,0.000000,140,140,140,140,140,190,200,200,200,200,200,8973,0,150,335.48625976106024,1.640310999846406,3028.4190880001916,2708.8145547754375
1780063007,5,POST,/api/book,1.800000,0.000000,140,140,140,140,190,200,200,200,200,200,200,6873,0,210,434.14112555710636,91.7988780001906,3028.4190880001916,3380.7106067219556
1780063007,5,GET,/api/concerts,0.400000,0.000000,3,3,3,3,3,3,3,3,3,3,3,1372,0,3,12.359310083089234,1.9829419998131925,321.7380289997891,753.0
1780063007,5,GET,/health,0.100000,0.000000,2,2,2,2,2,2,2,2,2,2,2,729,0,3,13.232430582998441,1.640310999846406,389.5348979999653,56.0
1780063007,5,,Aggregated,2.300000,0.000000,140,140,140,140,140,190,200,200,200,200,200,8974,0,150,335.46415993793113,1.640310999846406,3028.4190880001916,2708.8883441051926
1780063008,5,POST,/api/book,1.900000,0.000000,140,140,140,140,140,200,200,200,200,200,200,6874,0,210,434.09883800174447,91.7988780001906,3028.4190880001916,3380.710648821647
1780063008,5,GET,/api/concerts,0.300000,0.000000,3,3,3,3,3,3,3,3,3,3,3,1372,0,3,12.359310083089234,1.9829419998131925,321.7380289997891,753.0
1780063008,5,GET,/health,0.100000,0.000000,3,3,3,3,3,3,3,3,3,3,3,730,0,3,13.218026739734142,1.640310999846406,389.5348979999653,56.0
1780063008,5,,Aggregated,2.300000,0.000000,140,140,140,140,140,140,200,200,200,200,200,8976,0,150,335.40569801448237,1.640310999846406,3028.4190880001916,2708.6676693404634
1780063009,5,POST,/api/book,2.100000,0.000000,140,140,140,140,170,200,200,200,200,200,200,6877,0,210,433.97447303140774,91.7988780001906,3028.4190880001916,3380.705394794242
1780063009,5,GET,/api/concerts,0.300000,0.000000,3,3,3,3,3,3,3,3,3,3,3,1372,0,3,12.359310083089234,1.9829419998131925,321.7380289997891,753.0
1780063009,5,GET,/health,0.100000,0.000000,3,3,3,3,3,3,3,3,3,3,3,730,0,3,13.218026739734142,1.640310999846406,389.5348979999653,56.0
1780063009,5,,Aggregated,2.500000,0.000000,140,140,140,140,140,170,200,200,200,200,200,8979,0,150,335.34342176088575,1.640310999846406,3028.4190880001916,2708.8881835393695
1780063010,5,POST,/api/book,2.100000,0.000000,140,140,140,140,180,200,200,200,200,200,200,6879,0,210,433.8911316458775,91.7988780001906,3028.4190880001916,3380.7086785870038
1780063010,5,GET,/api/concerts,0.300000,0.000000,3,3,3,3,3,3,3,3,3,3,3,1372,0,3,12.359310083089234,1.9829419998131925,321.7380289997891,753.0
1780063010,5,GET,/health,0.100000,0.000000,3,3,3,3,3,3,3,3,3,3,3,730,0,3,13.218026739734142,1.640310999846406,389.5348979999653,56.0
1780063010,5,,Aggregated,2.500000,0.000000,140,140,140,140,170,180,200,200,200,200,200,8981,0,150,335.3015507789771,1.640310999846406,3028.4190880001916,2709.040307315444
1780063011,5,POST,/api/book,1.900000,0.000000,140,140,140,140,180,200,200,200,200,200,200,6880,0,210,433.84881866278954,91.7988780001906,3028.4190880001916,3380.704796511628
1780063011,5,GET,/api/concerts,0.300000,0.000000,3,3,3,3,3,3,3,3,3,3,3,1374,0,3,12.345143330421283,1.9829419998131925,321.7380289997891,753.0
1780063011,5,GET,/health,0.100000,0.000000,3,3,3,3,3,3,3,3,3,3,3,730,0,3,13.218026739734142,1.640310999846406,389.5348979999653,56.0
1780063011,5,,Aggregated,2.300000,0.000000,140,140,140,140,170,180,200,200,200,200,200,8984,0,150,335.2060617604624,1.640310999846406,3028.4190880001916,2708.6766473731077
1780063012,5,POST,/api/book,1.900000,0.000000,140,140,140,140,180,200,200,200,200,200,200,6882,0,210,433.75835392516603,91.7988780001906,3028.4190880001916,3380.6973263586165
1780063012,5,GET,/api/concerts,0.300000,0.000000,2,2,3,3,3,3,3,3,3,3,3,1374,0,3,12.345143330421283,1.9829419998131925,321.7380289997891,753.0
1780063012,5,GET,/health,0.100000,0.000000,3,3,3,3,3,3,3,3,3,3,3,730,0,3,13.218026739734142,1.640310999846406,389.5348979999653,56.0
1780063012,5,,Aggregated,2.300000,0.000000,140,140,140,140,170,180,200,200,200,200,200,8986,0,150,335.1587333818156,1.640310999846406,3028.4190880001916,2708.8204985533052
1780063013,5,POST,/api/book,1.800000,0.000000,140,140,140,140,180,200,200,200,200,200,200,6883,0,210,433.7159986680216,91.7988780001906,3028.4190880001916,3380.693302339096
1780063013,5,GET,/api/concerts,0.300000,0.000000,3,3,3,3,3,3,3,3,3,3,3,1375,0,3,12.338103117817148,1.9829419998131925,321.7380289997891,753.0
1780063013,5,GET,/health,0.100000,0.000000,3,3,3,3,3,3,3,3,3,3,3,730,0,3,13.218026739734142,1.640310999846406,389.5348979999653,56.0
1780063013,5,,Aggregated,2.200000,0.000000,140,140,140,140,170,180,200,200,200,200,200,8988,0,150,335.10027482632336,1.640310999846406,3028.4190880001916,2708.6745660881174
1780063014,5,POST,/api/book,1.900000,0.000000,140,140,140,140,180,200,200,200,200,200,200,6885,0,210,433.63087699317254,91.7988780001906,3028.4190880001916,3380.694698620189
1780063014,5,GET,/api/concerts,0.400000,0.000000,2,3,3,3,3,3,3,3,3,3,3,1376,0,3,12.330800587208252,1.9829419998131925,321.7380289997891,753.0
1780063014,5,GET,/health,0.100000,0.000000,3,3,3,3,3,3,3,3,3,3,3,730,0,3,13.218026739734142,1.640310999846406,389.5348979999653,56.0
1780063014,5,,Aggregated,2.400000,0.000000,140,140,140,140,170,180,200,200,200,200,200,8991,0,150,335.02001214837,1.640310999846406,3028.4190880001916,2708.6076076076074
1780063015,5,POST,/api/book,1.800000,0.000000,140,140,140,140,170,180,180,180,180,180,180,6885,0,210,433.63087699317254,91.7988780001906,3028.4190880001916,3380.694698620189
1780063015,5,GET,/api/concerts,0.400000,0.000000,2,3,3,3,3,3,3,3,3,3,3,1376,0,3,12.330800587208252,1.9829419998131925,321.7380289997891,753.0
1780063015,5,GET,/health,0.100000,0.000000,3,3,3,3,3,3,3,3,3,3,3,731,0,3,13.203301984960538,1.640310999846406,389.5348979999653,56.0
1780063015,5,,Aggregated,2.300000,0.000000,140,140,140,140,140,170,180,180,180,180,180,8992,0,150,334.9830275196835,1.640310999846406,3028.4190880001916,2708.3126112099644
1780063016,5,POST,/api/book,1.800000,0.000000,140,140,170,170,200,230,230,230,230,230,230,6889,0,210,433.4783496450854,91.7988780001906,3028.4190880001916,3380.6970532733344
1780063016,5,GET,/api/concerts,0.400000,0.000000,3,3,3,3,3,3,3,3,3,3,3,1376,0,3,12.330800587208252,1.9829419998131925,321.7380289997891,753.0
1780063016,5,GET,/health,0.100000,0.000000,3,3,3,3,3,3,3,3,3,3,3,731,0,3,13.203301984960538,1.640310999846406,389.5348979999653,56.0
1780063016,5,,Aggregated,2.300000,0.000000,140,140,140,140,180,200,230,230,230,230,230,8996,0,150,334.9100873792791,1.640310999846406,3028.4190880001916,2708.6133837261004
1780063017,5,POST,/api/book,1.700000,0.000000,140,140,170,170,200,230,230,230,230,230,230,6890,0,210,433.43567263962166,91.7988780001906,3028.4190880001916,3380.6953555878085
1780063017,5,GET,/api/concerts,0.400000,0.000000,3,3,3,3,3,3,3,3,3,3,3,1377,0,3,12.323691535946606,1.9829419998131925,321.7380289997891,753.0
1780063017,5,GET,/health,0.100000,0.000000,3,3,3,3,3,3,3,3,3,3,3,731,0,3,13.203301984960538,1.640310999846406,389.5348979999653,56.0
1780063017,5,,Aggregated,2.200000,0.000000,140,140,140,140,180,200,230,230,230,230,230,8998,0,150,334.8514249258718,1.640310999846406,3028.4190880001916,2708.469437652812
1780063018,5,POST,/api/book,1.700000,0.000000,140,140,140,180,200,230,230,230,230,230,230,6891,0,210,433.393152877085,91.7988780001906,3028.4190880001916,3380.6959802641127
1780063018,5,GET,/api/concerts,0.400000,0.000000,3,3,3,3,3,3,3,3,3,3,3,1377,0,3,12.323691535946606,1.9829419998131925,321.7380289997891,753.0
1780063018,5,GET,/health,0.100000,0.000000,3,3,3,3,3,3,3,3,3,3,3,731,0,3,13.203301984960538,1.640310999846406,389.5348979999653,56.0
1780063018,5,,Aggregated,2.200000,0.000000,140,140,140,140,180,200,230,230,230,230,230,8999,0,150,334.8298203658178,1.640310999846406,3028.4190880001916,2708.544616068452
1780063019,5,POST,/api/book,1.600000,0.000000,140,140,140,140,200,230,230,230,230,230,230,6893,0,210,433.3078001032922,91.7988780001906,3028.4190880001916,3380.697083998259
1780063019,5,GET,/api/concerts,0.500000,0.000000,3,3,3,3,3,3,3,3,3,3,3,1379,0,3,12.309643903552105,1.9829419998131925,321.7380289997891,753.0
1780063019,5,GET,/health,0.200000,0.000000,3,3,3,3,3,3,3,3,3,3,3,731,0,3,13.203301984960538,1.640310999846406,389.5348979999653,56.0
1780063019,5,,Aggregated,2.300000,0.000000,140,140,140,140,140,200,230,230,230,230,230,9003,0,150,334.7125712324774,1.640310999846406,3028.4190880001916,2708.2603576585584
1780063020,5,POST,/api/book,1.600000,0.000000,140,140,140,140,200,230,230,230,230,230,230,6894,0,200,433.26488237757377,91.7988780001906,3028.4190880001916,3380.698143313026
1780063020,5,GET,/api/concerts,0.500000,0.000000,3,3,3,3,3,3,3,3,3,3,3,1379,0,3,12.309643903552105,1.9829419998131925,321.7380289997891,753.0
1780063020,5,GET,/health,0.200000,0.000000,3,3,3,3,3,3,3,3,3,3,3,731,0,3,13.203301984960538,1.640310999846406,389.5348979999653,56.0
1780063020,5,,Aggregated,2.300000,0.000000,140,140,140,140,140,200,230,230,230,230,230,9004,0,150,334.6906610178803,1.640310999846406,3028.4190880001916,2708.3358507330076
1780063021,5,POST,/api/book,1.700000,0.000000,140,140,140,190,200,230,230,230,230,230,230,6897,0,200,433.14480087791696,91.7988780001906,3028.4190880001916,3380.7078439901406
1780063021,5,GET,/api/concerts,0.500000,0.000000,3,3,3,3,3,3,3,3,3,3,3,1379,0,3,12.309643903552105,1.9829419998131925,321.7380289997891,753.0
1780063021,5,GET,/health,0.100000,0.000000,2,2,2,2,2,2,2,2,2,2,2,731,0,3,13.203301984960538,1.640310999846406,389.5348979999653,56.0
1780063021,5,,Aggregated,2.300000,0.000000,140,140,140,140,190,200,230,230,230,230,230,9007,0,150,334.63154261674185,1.640310999846406,3028.4190880001916,2708.5672254912847
1780063022,5,POST,/api/book,1.600000,0.000000,140,140,140,190,200,230,230,230,230,230,230,6898,0,200,433.1021050021735,91.7988780001906,3028.4190880001916,3380.7080313134243
1780063022,5,GET,/api/concerts,0.600000,0.000000,3,3,3,3,3,3,3,3,3,3,3,1380,0,3,12.303123571738016,1.9829419998131925,321.7380289997891,753.0
1780063022,5,GET,/health,0.100000,0.000000,2,2,2,2,2,2,2,2,2,2,2,731,0,3,13.203301984960538,1.640310999846406,389.5348979999653,56.0
1780063022,5,,Aggregated,2.300000,0.000000,140,140,140,140,190,200,230,230,230,230,230,9009,0,150,334.57300972194406,1.640310999846406,3028.4190880001916,2708.4249084249086
1780063023,5,POST,/api/book,1.800000,0.000000,140,140,140,190,200,230,230,230,230,230,230,6899,0,200,433.05984105420976,91.7988780001906,3028.4190880001916,3380.710392810552
1780063023,5,GET,/api/concerts,0.600000,0.000000,3,3,3,3,4,4,4,4,4,4,4,1381,0,3,12.297035714698112,1.9829419998131925,321.7380289997891,753.0
1780063023,5,GET,/health,0.100000,0.000000,2,2,2,2,2,2,2,2,2,2,2,731,0,3,13.203301984960538,1.640310999846406,389.5348979999653,56.0
1780063023,5,,Aggregated,2.500000,0.000000,140,140,140,140,190,200,230,230,230,230,230,9011,0,150,334.51488885872755,1.640310999846406,3028.4190880001916,2708.2843191654642
1780063024,5,POST,/api/book,1.600000,0.000000,140,140,140,140,200,230,230,230,230,230,230,6901,0,200,432.97480261237405,91.7988780001906,3028.4190880001916,3380.7114910882483
1780063024,5,GET,/api/concerts,0.600000,0.000000,3,3,3,4,4,4,4,4,4,4,4,1381,0,3,12.297035714698112,1.9829419998131925,321.7380289997891,753.0
1780063024,5,GET,/health,0.100000,0.000000,3,3,3,3,3,3,3,3,3,3,3,732,0,3,13.188978367494608,1.640310999846406,389.5348979999653,56.0
1780063024,5,,Aggregated,2.300000,0.000000,140,140,140,140,190,200,230,230,230,230,230,9014,0,150,334.43484039438584,1.640310999846406,3028.4190880001916,2708.1401153760817
1780063025,5,POST,/api/book,1.500000,0.000000,140,140,140,140,190,230,230,230,230,230,230,6902,0,200,432.93263674456585,91.7988780001906,3028.4190880001916,3380.715444798609
1780063025,5,GET,/api/concerts,0.500000,0.000000,3,3,3,3,4,4,4,4,4,4,4,1382,0,3,12.289949384224526,1.9829419998131925,321.7380289997891,753.0
1780063025,5,GET,/health,0.100000,0.000000,3,3,3,3,3,3,3,3,3,3,3,732,0,3,13.188978367494608,1.640310999846406,389.5348979999653,56.0
1780063025,5,,Aggregated,2.100000,0.000000,140,140,140,140,140,190,230,230,230,230,230,9016,0,150,334.3766749140411,1.640310999846406,3028.4190880001916,2708.000887311446
1780063026,5,POST,/api/book,1.600000,0.000000,140,140,140,140,140,190,190,190,190,190,190,6902,0,200,432.93263674456585,91.7988780001906,3028.4190880001916,3380.715444798609
1780063026,5,GET,/api/concerts,0.500000,0.000000,3,3,3,3,4,4,4,4,4,4,4,1383,0,3,12.28285823861045,1.9829419998131925,321.7380289997891,753.0
1780063026,5,GET,/health,0.200000,0.000000,3,3,3,3,3,3,3,3,3,3,3,733,0,3,13.175164918152559,1.640310999846406,389.5348979999653,56.0
1780063026,5,,Aggregated,2.300000,0.000000,140,140,140,140,140,140,190,190,190,190,190,9018,0,150,334.3031323619421,1.640310999846406,3028.4190880001916,2707.4900199600797
1780063027,5,POST,/api/book,1.700000,0.000000,140,140,140,140,140,190,190,190,190,190,190,6905,0,200,432.8044338322946,91.7988780001906,3028.4190880001916,3380.7188993482982
1780063027,5,GET,/api/concerts,0.500000,0.000000,3,3,3,3,4,4,4,4,4,4,4,1384,0,3,12.275816546241524,1.9829419998131925,321.7380289997891,753.0
1780063027,5,GET,/health,0.200000,0.000000,3,3,3,3,3,3,3,3,3,3,3,733,0,3,13.175164918152559,1.640310999846406,389.5348979999653,56.0
1780063027,5,,Aggregated,2.400000,0.000000,140,140,140,140,140,140,190,190,190,190,190,9022,0,150,334.20103542418474,1.640310999846406,3028.4190880001916,2707.4998891598316
1780063028,5,POST,/api/book,1.400000,0.000000,140,140,140,140,140,190,190,190,190,190,190,6906,0,200,432.7606399882702,91.7988780001906,3028.4190880001916,3380.7198088618593
1780063028,5,GET,/api/concerts,0.700000,0.000000,3,3,3,3,4,4,4,4,4,4,4,1384,0,3,12.275816546241524,1.9829419998131925,321.7380289997891,753.0
1780063028,5,GET,/health,0.100000,0.000000,3,3,3,3,3,3,3,3,3,3,3,733,0,3,13.175164918152559,1.640310999846406,389.5348979999653,56.0
1780063028,5,,Aggregated,2.200000,0.000000,140,140,140,140,140,140,190,190,190,190,190,9023,0,150,334.17844461309926,1.640310999846406,3028.4190880001916,2707.5751967194947
1780063029,5,POST,/api/book,1.400000,0.000000,140,140,140,140,140,190,190,190,190,190,190,6907,0,200,432.71855031793746,91.7988780001906,3028.4190880001916,3380.7152164470826
1780063029,5,GET,/api/concerts,0.700000,0.000000,3,3,3,3,4,4,4,4,4,4,4,1385,0,3,12.268965765341546,1.9829419998131925,321.7380289997891,753.0
1780063029,5,GET,/health,0.100000,0.000000,3,3,3,3,3,3,3,3,3,3,3,733,0,3,13.175164918152559,1.640310999846406,389.5348979999653,56.0
1780063029,5,,Aggregated,2.200000,0.000000,140,140,140,140,140,140,190,190,190,190,190,9025,0,150,334.1204366222708,1.640310999846406,3028.4190880001916,2707.429695290859
1780063030,5,POST,/api/book,1.400000,0.000000,140,140,140,140,140,140,140,140,140,140,140,6909,0,200,432.6323523988991,91.7988780001906,3028.4190880001916,3380.7106672456216
1780063030,5,GET,/api/concerts,0.700000,0.000000,3,3,3,3,4,4,4,4,4,4,4,1385,0,3,12.268965765341546,1.9829419998131925,321.7380289997891,753.0
1780063030,5,GET,/health,0.200000,0.000000,3,3,3,3,3,3,3,3,3,3,3,733,0,3,13.175164918152559,1.640310999846406,389.5348979999653,56.0
1780063030,5,,Aggregated,2.300000,0.000000,130,140,140,140,140,140,140,140,140,140,140,9027,0,150,334.07630842959946,1.640310999846406,3028.4190880001916,2707.5753849562425
1780063031,5,POST,/api/book,1.500000,0.000000,140,140,140,140,140,140,140,140,140,140,140,6911,0,200,432.54712864679414,91.7988780001906,3028.4190880001916,3380.7136449139052
1780063031,5,GET,/api/concerts,0.700000,0.000000,3,3,3,3,4,4,4,4,4,4,4,1386,0,3,12.262207562769193,1.9829419998131925,321.7380289997891,753.0
1780063031,5,GET,/health,0.200000,0.000000,3,3,3,3,3,3,3,3,3,3,3,733,0,3,13.175164918152559,1.640310999846406,389.5348979999653,56.0
1780063031,5,,Aggregated,2.400000,0.000000,130,140,140,140,140,140,140,140,140,140,140,9030,0,150,333.9962371699883,1.640310999846406,3028.4190880001916,2707.5102990033224
1780063032,5,POST,/api/book,1.500000,0.000000,140,140,140,140,140,140,140,140,140,140,140,6912,0,200,432.5045819136277,91.7988780001906,3028.4190880001916,3380.714409722222
1780063032,5,GET,/api/concerts,0.600000,0.000000,3,3,3,3,4,4,4,4,4,4,4,1386,0,3,12.262207562769193,1.9829419998131925,321.7380289997891,753.0
1780063032,5,GET,/health,0.200000,0.000000,3,3,3,3,3,3,3,3,3,3,3,733,0,3,13.175164918152559,1.640310999846406,389.5348979999653,56.0
1780063032,5,,Aggregated,2.300000,0.000000,140,140,140,140,140,140,140,140,140,140,140,9031,0,150,333.97458595437877,1.640310999846406,3028.4190880001916,2707.5854279703244
1780063033,5,POST,/api/book,1.500000,0.000000,140,140,140,140,140,140,140,140,140,140,140,6914,0,200,432.4178632312691,91.7988780001906,3028.4190880001916,3380.7059589239225
1780063033,5,GET,/api/concerts,0.600000,0.000000,3,3,3,3,4,4,4,4,4,4,4,1387,0,3,12.255245666184548,1.9829419998131925,321.7380289997891,753.0
1780063033,5,GET,/health,0.200000,0.000000,3,3,3,3,3,3,3,3,3,3,3,733,0,3,13.175164918152559,1.640310999846406,389.5348979999653,56.0
1780063033,5,,Aggregated,2.300000,0.000000,130,140,140,140,140,140,140,140,140,140,140,9034,0,150,333.89335045439395,1.640310999846406,3028.4190880001916,2707.511622758468
1780063034,5,POST,/api/book,1.300000,0.000000,140,140,140,140,140,140,140,140,140,140,140,6915,0,200,432.37602237743954,91.7988780001906,3028.4190880001916,3380.707736804049
1780063034,5,GET,/api/concerts,0.600000,0.000000,3,3,3,3,3,3,3,3,3,3,3,1387,0,3,12.255245666184548,1.9829419998131925,321.7380289997891,753.0
1780063034,5,GET,/health,0.200000,0.000000,3,3,3,3,3,3,3,3,3,3,3,733,0,3,13.175164918152559,1.640310999846406,389.5348979999653,56.0
1780063034,5,,Aggregated,2.100000,0.000000,130,140,140,140,140,140,140,140,140,140,140,9035,0,150,333.87223202700557,1.640310999846406,3028.4190880001916,2707.587493082457
1780063035,5,POST,/api/book,1.300000,0.000000,140,140,140,140,140,170,170,170,170,170,170,6917,0,200,432.2954434593024,91.7988780001906,3028.4190880001916,3380.708110452508
1780063035,5,GET,/api/concerts,0.600000,0.000000,3,3,3,3,3,3,3,3,3,3,3,1387,0,3,12.255245666184548,1.9829419998131925,321.7380289997891,753.0
1780063035,5,GET,/health,0.200000,0.000000,3,3,3,3,3,3,3,3,3,3,3,733,0,3,13.175164918152559,1.640310999846406,389.5348979999653,56.0
1780063035,5,,Aggregated,2.100000,0.000000,140,140,140,140,140,170,170,170,170,170,170,9037,0,150,333.8323563164762,1.640310999846406,3028.4190880001916,2707.736748921102
1780063036,5,POST,/api/book,1.600000,0.000000,140,140,140,140,150,170,170,170,170,170,170,6920,0,200,432.1700167317911,91.7988780001906,3028.4190880001916,3380.703034682081
1780063036,5,GET,/api/concerts,0.700000,0.000000,3,3,3,3,3,3,3,3,3,3,3,1388,0,3,12.248373693082403,1.9829419998131925,321.7380289997891,753.0
1780063036,5,GET,/health,0.200000,0.000000,3,3,3,3,3,3,3,3,3,3,3,733,0,3,13.175164918152559,1.640310999846406,389.5348979999653,56.0
1780063036,5,,Aggregated,2.500000,0.000000,140,140,140,140,140,150,170,170,170,170,170,9041,0,150,333.7324028708103,1.640310999846406,3028.4190880001916,2707.7399623935407
1780063037,5,POST,/api/book,1.500000,0.000000,140,140,140,140,150,170,170,170,170,170,170,6921,0,200,432.12643193006716,91.7988780001906,3028.4190880001916,3380.7072677358765
1780063037,5,GET,/api/concerts,0.600000,0.000000,3,3,3,3,3,3,3,3,3,3,3,1388,0,3,12.248373693082403,1.9829419998131925,321.7380289997891,753.0
1780063037,5,GET,/health,0.100000,0.000000,3,3,3,3,3,3,3,3,3,3,3,733,0,3,13.175164918152559,1.640310999846406,389.5348979999653,56.0
1780063037,5,,Aggregated,2.200000,0.000000,140,140,140,140,150,170,170,170,170,170,170,9042,0,150,333.70992855109444,1.640310999846406,3028.4190880001916,2707.8176288431764
1780063038,5,POST,/api/book,1.800000,0.000000,140,140,140,140,150,170,170,170,170,170,170,6923,0,200,432.04271026577993,91.7988780001906,3028.4190880001916,3380.711107901199
1780063038,5,GET,/api/concerts,0.500000,0.000000,3,3,3,3,3,3,3,3,3,3,3,1390,0,3,12.23439384100582,1.9829419998131925,321.7380289997891,753.0
1780063038,5,GET,/health,0.100000,0.000000,3,3,3,3,3,3,3,3,3,3,3,733,0,3,13.175164918152559,1.640310999846406,389.5348979999653,56.0
1780063038,5,,Aggregated,2.400000,0.000000,140,140,140,140,140,150,170,170,170,170,170,9046,0,150,333.59439381980934,1.640310999846406,3028.4190880001916,2707.5371434888348
1780063039,5,POST,/api/book,1.700000,0.000000,140,140,140,140,150,170,170,170,170,170,170,6925,0,200,431.95832339884396,91.7988780001906,3028.4190880001916,3380.709891696751
1780063039,5,GET,/api/concerts,0.400000,0.000000,3,3,3,3,3,3,3,3,3,3,3,1390,0,3,12.23439384100582,1.9829419998131925,321.7380289997891,753.0
1780063039,5,GET,/health,0.000000,0.000000,3,3,3,3,3,3,3,3,3,3,3,733,0,3,13.175164918152559,1.640310999846406,389.5348979999653,56.0
1780063039,5,,Aggregated,2.100000,0.000000,140,140,140,140,140,150,170,170,170,170,170,9048,0,150,333.5515686185892,1.640310999846406,3028.4190880001916,2707.6850132625996
1780063040,5,POST,/api/book,1.600000,0.000000,140,140,140,140,150,170,170,170,170,170,170,6928,0,200,431.83083129301303,91.7988780001906,3028.4190880001916,3380.7053983833716
1780063040,5,GET,/api/concerts,0.600000,0.000000,3,3,3,3,3,3,3,3,3,3,3,1391,0,3,12.227657112148261,1.9829419998131925,321.7380289997891,753.0
1780063040,5,GET,/health,0.000000,0.000000,3,3,3,3,3,3,3,3,3,3,3,733,0,3,13.175164918152559,1.640310999846406,389.5348979999653,56.0
1780063040,5,,Aggregated,2.200000,0.000000,140,140,140,140,140,150,170,170,170,170,170,9052,0,150,333.45007358881963,1.640310999846406,3028.4190880001916,2707.6886875828545
1780063041,5,POST,/api/book,1.700000,0.000000,140,140,140,140,150,170,170,170,170,170,170,6931,0,200,431.7033716452163,91.7988780001906,3028.4190880001916,3380.706824412062
1780063041,5,GET,/api/concerts,0.500000,0.000000,3,3,3,3,3,3,3,3,3,3,3,1391,0,3,12.227657112148261,1.9829419998131925,321.7380289997891,753.0
1780063041,5,GET,/health,0.000000,0.000000,3,3,3,3,3,3,3,3,3,3,3,733,0,3,13.175164918152559,1.640310999846406,389.5348979999653,56.0
1780063041,5,,Aggregated,2.200000,0.000000,140,140,140,140,140,150,170,170,170,170,170,9055,0,150,333.38510610723307,1.640310999846406,3028.4190880001916,2707.9127553837657
1780063042,5,POST,/api/book,1.700000,0.000000,140,140,140,140,140,150,170,170,170,170,170,6932,0,200,431.66142736266505,91.7988780001906,3028.4190880001916,3380.7100403923832
1780063042,5,GET,/api/concerts,0.500000,0.000000,3,3,3,3,3,3,3,3,3,3,3,1391,0,3,12.227657112148261,1.9829419998131925,321.7380289997891,753.0
1780063042,5,GET,/health,0.000000,0.000000,3,3,3,3,3,3,3,3,3,3,3,733,0,3,13.175164918152559,1.640310999846406,389.5348979999653,56.0
1780063042,5,,Aggregated,2.200000,0.000000,140,140,140,140,140,150,170,170,170,170,170,9056,0,150,333.3638561623228,1.640310999846406,3028.4190880001916,2707.9895097173144
1780063043,5,POST,/api/book,2.000000,0.000000,140,140,140,140,140,150,170,170,170,170,170,6935,0,200,431.5317559085788,91.7988780001906,3028.4190880001916,3380.703677000721
1780063043,5,GET,/api/concerts,0.500000,0.000000,3,3,3,3,3,3,3,3,3,3,3,1391,0,3,12.227657112148261,1.9829419998131925,321.7380289997891,753.0
1780063043,5,GET,/health,0.000000,0.000000,3,3,3,3,3,3,3,3,3,3,3,733,0,3,13.175164918152559,1.640310999846406,389.5348979999653,56.0
1780063043,5,,Aggregated,2.500000,0.000000,140,140,140,140,140,150,170,170,170,170,170,9059,0,150,333.2971403194608,1.640310999846406,3028.4190880001916,2708.207418037311
1780063044,5,POST,/api/book,2.000000,0.000000,140,140,140,140,140,150,150,150,150,150,150,6937,0,200,431.4477547765597,91.7988780001906,3028.4190880001916,3380.7013118062564
1780063044,5,GET,/api/concerts,0.500000,0.000000,3,3,3,3,3,3,3,3,3,3,3,1391,0,3,12.227657112148261,1.9829419998131925,321.7380289997891,753.0
1780063044,5,GET,/health,0.000000,0.000000,0,0,0,0,0,0,0,0,0,0,0,733,0,3,13.175164918152559,1.640310999846406,389.5348979999653,56.0
1780063044,5,,Aggregated,2.500000,0.000000,140,140,140,140,140,140,150,150,150,150,150,9061,0,150,333.2545129470252,1.640310999846406,3028.4190880001916,2708.3540448074164
1780063045,5,POST,/api/book,2.000000,0.000000,140,140,140,140,140,140,150,150,150,150,150,6939,0,200,431.360999286784,91.7988780001906,3028.4190880001916,3380.700821444012
1780063045,5,GET,/api/concerts,0.400000,0.000000,3,3,3,3,3,3,3,3,3,3,3,1392,0,3,12.220647221263217,1.9829419998131925,321.7380289997891,753.0
1780063045,5,GET,/health,0.000000,0.000000,0,0,0,0,0,0,0,0,0,0,0,733,0,3,13.175164918152559,1.640310999846406,389.5348979999653,56.0
1780063045,5,,Aggregated,2.400000,0.000000,140,140,140,140,140,140,150,150,150,150,150,9064,0,150,333.17326907193245,1.640310999846406,3028.4190880001916,2708.286297440424
1780063046,5,POST,/api/book,2.200000,0.000000,140,140,140,140,140,140,140,140,140,140,140,6942,0,200,431.23362373292923,91.7988780001906,3028.4190880001916,3380.7021031403056
1780063046,5,GET,/api/concerts,0.400000,0.000000,3,3,3,3,3,3,3,3,3,3,3,1392,0,3,12.220647221263217,1.9829419998131925,321.7380289997891,753.0
1780063046,5,GET,/health,0.000000,0.000000,0,0,0,0,0,0,0,0,0,0,0,733,0,3,13.175164918152559,1.640310999846406,389.5348979999653,56.0
1780063046,5,,Aggregated,2.600000,0.000000,140,140,140,140,140,140,140,140,140,140,140,9067,0,150,333.1082334588062,1.640310999846406,3028.4190880001916,2708.5097606705635
1780063047,5,POST,/api/book,2.200000,0.000000,140,140,140,140,140,140,140,140,140,140,140,6942,0,200,431.23362373292923,91.7988780001906,3028.4190880001916,3380.7021031403056
1780063047,5,GET,/api/concerts,0.400000,0.000000,3,3,3,3,3,3,3,3,3,3,3,1392,0,3,12.220647221263217,1.9829419998131925,321.7380289997891,753.0
1780063047,5,GET,/health,0.000000,0.000000,0,0,0,0,0,0,0,0,0,0,0,733,0,3,13.175164918152559,1.640310999846406,389.5348979999653,56.0
1780063047,5,,Aggregated,2.600000,0.000000,140,140,140,140,140,140,140,140,140,140,140,9067,0,150,333.1082334588062,1.640310999846406,3028.4190880001916,2708.5097606705635
1780063048,5,POST,/api/book,2.100000,0.000000,140,140,140,140,140,140,140,140,140,140,140,6945,0,200,431.10245897868884,91.7988780001906,3028.4190880001916,3380.7003599712025
1780063048,5,GET,/api/concerts,0.400000,0.000000,3,3,3,3,3,3,3,3,3,3,3,1392,0,3,12.220647221263217,1.9829419998131925,321.7380289997891,753.0
1780063048,5,GET,/health,0.000000,0.000000,0,0,0,0,0,0,0,0,0,0,0,733,0,3,13.175164918152559,1.640310999846406,389.5348979999653,56.0
1780063048,5,,Aggregated,2.500000,0.000000,140,140,140,140,140,140,140,140,140,140,140,9070,0,150,333.04025517353864,1.640310999846406,3028.4190880001916,2708.730760749724
1780063049,5,POST,/api/book,2.200000,0.000000,140,140,140,140,140,140,140,140,140,140,140,6948,0,200,430.9765117996537,91.7988780001906,3028.4190880001916,3380.7003454231435
1780063049,5,GET,/api/concerts,0.400000,0.000000,3,3,3,3,3,3,3,3,3,3,3,1392,0,3,12.220647221263217,1.9829419998131925,321.7380289997891,753.0
1780063049,5,GET,/health,0.000000,0.000000,0,0,0,0,0,0,0,0,0,0,0,733,0,3,13.175164918152559,1.640310999846406,389.5348979999653,56.0
1780063049,5,,Aggregated,2.600000,0.000000,140,140,140,140,140,140,140,140,140,140,140,9073,0,150,332.9762306625146,1.640310999846406,3028.4190880001916,2708.9529372864545
1780063050,5,POST,/api/book,2.300000,0.000000,140,140,140,140,140,140,140,140,140,140,140,6950,0,200,430.8900158811502,91.7988780001906,3028.4190880001916,3380.701870503597
1780063050,5,GET,/api/concerts,0.200000,0.000000,3,3,3,3,3,3,3,3,3,3,3,1392,0,3,12.220647221263217,1.9829419998131925,321.7380289997891,753.0
1780063050,5,GET,/health,0.000000,0.000000,0,0,0,0,0,0,0,0,0,0,0,733,0,3,13.175164918152559,1.640310999846406,389.5348979999653,56.0
1780063050,5,,Aggregated,2.500000,0.000000,140,140,140,140,140,140,140,140,140,140,140,9075,0,150,332.9315864673273,1.640310999846406,3028.4190880001916,2709.1021487603307
1780063051,5,POST,/api/book,2.200000,0.000000,140,140,140,140,140,140,140,140,140,140,140,6953,0,200,430.76519078052553,91.7988780001906,3028.4190880001916,3380.709190277578
1780063051,5,GET,/api/concerts,0.200000,0.000000,3,3,3,3,3,3,3,3,3,3,3,1392,0,3,12.220647221263217,1.9829419998131925,321.7380289997891,753.0
1780063051,5,GET,/health,0.000000,0.000000,0,0,0,0,0,0,0,0,0,0,0,733,0,3,13.175164918152559,1.640310999846406,389.5348979999653,56.0
1780063051,5,,Aggregated,2.400000,0.000000,140,140,140,140,140,140,140,140,140,140,140,9078,0,150,332.86835297576505,1.640310999846406,3028.4190880001916,2709.3296981714034
1780063052,5,POST,/api/book,2.300000,0.000000,140,140,140,140,140,140,140,140,140,140,140,6955,0,200,430.68159759122847,91.7988780001906,3028.4190880001916,3380.7107117181886
1780063052,5,GET,/api/concerts,0.200000,0.000000,2,2,2,2,2,2,2,2,2,2,2,1392,0,3,12.220647221263217,1.9829419998131925,321.7380289997891,753.0
1780063052,5,GET,/health,0.000000,0.000000,0,0,0,0,0,0,0,0,0,0,0,733,0,3,13.175164918152559,1.640310999846406,389.5348979999653,56.0
1780063052,5,,Aggregated,2.500000,0.000000,140,140,140,140,140,140,140,140,140,140,140,9080,0,150,332.82588635066026,1.640310999846406,3028.4190880001916,2709.4787444933922
1780063053,5,POST,/api/book,2.300000,0.000000,140,140,140,140,140,140,140,140,140,140,140,6957,0,200,430.5982697600969,91.7988780001906,3028.4190880001916,3380.706051458962
1780063053,5,GET,/api/concerts,0.100000,0.000000,3,3,3,3,3,3,3,3,3,3,3,1394,0,3,12.206930302724674,1.9829419998131925,321.7380289997891,753.0
1780063053,5,GET,/health,0.000000,0.000000,0,0,0,0,0,0,0,0,0,0,0,733,0,3,13.175164918152559,1.640310999846406,389.5348979999653,56.0
1780063053,5,,Aggregated,2.400000,0.000000,140,140,140,140,140,140,140,140,140,140,140,9084,0,150,332.7109224403341,1.640310999846406,3028.4190880001916,2709.1922060766183
1780063054,5,POST,/api/book,2.300000,0.000000,140,140,140,140,140,140,140,140,140,140,140,6958,0,200,430.55629005878046,91.7988780001906,3028.4190880001916,3380.7079620580625
1780063054,5,GET,/api/concerts,0.100000,0.000000,3,3,3,3,3,3,3,3,3,3,3,1394,0,3,12.206930302724674,1.9829419998131925,321.7380289997891,753.0
1780063054,5,GET,/health,0.000000,0.000000,0,0,0,0,0,0,0,0,0,0,0,734,0,3,13.160747803822208,1.640310999846406,389.5348979999653,56.0
1780063054,5,,Aggregated,2.400000,0.000000,140,140,140,140,140,140,140,140,140,140,140,9086,0,150,332.653215491855,1.640310999846406,3028.4190880001916,2708.975566806075
1780063055,5,POST,/api/book,2.300000,0.000000,140,140,140,140,140,140,140,140,140,140,140,6958,0,200,430.55629005878046,91.7988780001906,3028.4190880001916,3380.7079620580625
1780063055,5,GET,/api/concerts,0.100000,0.000000,3,3,4,4,4,4,4,4,4,4,4,1395,0,3,12.200916260213639,1.9829419998131925,321.7380289997891,753.0
1780063055,5,GET,/health,0.000000,0.000000,3,3,3,3,3,3,3,3,3,3,3,735,0,3,13.146376625858231,1.640310999846406,389.5348979999653,56.0
1780063055,5,,Aggregated,2.400000,0.000000,140,140,140,140,140,140,140,140,140,140,140,9088,0,150,332.58071426408395,1.640310999846406,3028.4190880001916,2708.468419894366
1780063056,5,POST,/api/book,2.100000,0.000000,140,140,140,140,140,140,140,140,140,140,140,6960,0,200,430.46929632025785,91.7988780001906,3028.4190880001916,3380.7047413793102
1780063056,5,GET,/api/concerts,0.300000,0.000000,3,3,4,4,4,4,4,4,4,4,4,1395,0,3,12.200916260213639,1.9829419998131925,321.7380289997891,753.0
1780063056,5,GET,/health,0.000000,0.000000,3,3,3,3,3,3,3,3,3,3,3,735,0,3,13.146376625858231,1.640310999846406,389.5348979999653,56.0
1780063056,5,,Aggregated,2.400000,0.000000,140,140,140,140,140,140,140,140,140,140,140,9090,0,150,332.53566197931735,1.640310999846406,3028.4190880001916,2708.6138613861385
1780063057,5,POST,/api/book,1.900000,0.000000,140,140,140,140,140,140,140,140,140,140,140,6964,0,200,430.30178567719605,91.7988780001906,3028.4190880001916,3380.7039058012638
1780063057,5,GET,/api/concerts,0.400000,0.000000,3,3,4,4,4,4,4,4,4,4,4,1395,0,3,12.200916260213639,1.9829419998131925,321.7380289997891,753.0
1780063057,5,GET,/health,0.200000,0.000000,3,3,3,3,3,3,3,3,3,3,3,735,0,3,13.146376625858231,1.640310999846406,389.5348979999653,56.0
1780063057,5,,Aggregated,2.500000,0.000000,140,140,140,140,140,140,140,140,140,140,140,9094,0,150,332.4504618934456,1.640310999846406,3028.4190880001916,2708.908840994062
1780063058,5,POST,/api/book,1.800000,0.000000,140,140,140,140,140,140,140,140,140,140,140,6966,0,200,430.21603558728015,91.7988780001906,3028.4190880001916,3380.7044214757393
1780063058,5,GET,/api/concerts,0.300000,0.000000,3,3,4,4,4,4,4,4,4,4,4,1395,0,3,12.200916260213639,1.9829419998131925,321.7380289997891,753.0
1780063058,5,GET,/health,0.200000,0.000000,3,3,3,3,3,3,3,3,3,3,3,735,0,3,13.146376625858231,1.640310999846406,389.5348979999653,56.0
1780063058,5,,Aggregated,2.300000,0.000000,140,140,140,140,140,140,140,140,140,140,140,9096,0,150,332.4063070474928,1.640310999846406,3028.4190880001916,2709.056948109059
1780063059,5,POST,/api/book,2.100000,0.000000,140,140,140,140,140,140,140,140,140,140,140,6967,0,200,430.17422925922114,91.7988780001906,3028.4190880001916,3380.708769915315
1780063059,5,GET,/api/concerts,0.300000,0.000000,3,3,4,4,4,4,4,4,4,4,4,1395,0,3,12.200916260213639,1.9829419998131925,321.7380289997891,753.0
1780063059,5,GET,/health,0.200000,0.000000,3,3,3,3,3,3,3,3,3,3,3,735,0,3,13.146376625858231,1.640310999846406,389.5348979999653,56.0
1780063059,5,,Aggregated,2.600000,0.000000,140,140,140,140,140,140,140,140,140,140,140,9097,0,150,332.3850412500819,1.640310999846406,3028.4190880001916,2709.134110146202
1780063060,5,POST,/api/book,2.100000,0.000000,140,140,140,140,140,140,140,140,140,140,140,6970,0,200,430.04848199956865,91.7988780001906,3028.4190880001916,3380.7167862266856
1780063060,5,GET,/api/concerts,0.300000,0.000000,3,3,4,4,4,4,4,4,4,4,4,1396,0,3,12.194119325929732,1.9829419998131925,321.7380289997891,753.0
1780063060,5,GET,/health,0.200000,0.000000,3,3,3,3,3,3,3,3,3,3,3,735,0,3,13.146376625858231,1.640310999846406,389.5348979999653,56.0
1780063060,5,,Aggregated,2.600000,0.000000,140,140,140,140,140,140,140,140,140,140,140,9101,0,150,332.28474859202225,1.640310999846406,3028.4190880001916,2709.146687177233
1780063061,5,POST,/api/book,2.100000,0.000000,140,140,140,140,140,140,140,140,140,140,140,6970,0,200,430.04848199956865,91.7988780001906,3028.4190880001916,3380.7167862266856
1780063061,5,GET,/api/concerts,0.300000,0.000000,3,3,3,4,4,4,4,4,4,4,4,1397,0,3,12.187342408731679,1.9829419998131925,321.7380289997891,753.0
1780063061,5,GET,/health,0.200000,0.000000,3,3,3,3,3,3,3,3,3,3,3,735,0,3,13.146376625858231,1.640310999846406,389.5348979999653,56.0
1780063061,5,,Aggregated,2.600000,0.000000,140,140,140,140,140,140,140,140,140,140,140,9102,0,150,332.2485413867276,1.640310999846406,3028.4190880001916,2708.931773236651
1780063062,5,POST,/api/book,2.000000,0.000000,140,140,140,140,140,160,160,160,160,160,160,6972,0,200,429.9679458638832,91.7988780001906,3028.4190880001916,3380.7094090648307
1780063062,5,GET,/api/concerts,0.300000,0.000000,3,3,4,4,4,4,4,4,4,4,4,1397,0,3,12.187342408731679,1.9829419998131925,321.7380289997891,753.0
1780063062,5,GET,/health,0.200000,0.000000,3,3,3,3,3,3,3,3,3,3,3,735,0,3,13.146376625858231,1.640310999846406,389.5348979999653,56.0
1780063062,5,,Aggregated,2.500000,0.000000,140,140,140,140,140,140,160,160,160,160,160,9104,0,150,332.2083504753948,1.640310999846406,3028.4190880001916,2709.0737038664324
1780063063,5,POST,/api/book,1.800000,0.000000,140,140,140,140,140,160,160,160,160,160,160,6974,0,200,429.88433279294435,91.7988780001906,3028.4190880001916,3380.710352738744
1780063063,5,GET,/api/concerts,0.500000,0.000000,3,3,4,4,4,4,4,4,4,4,4,1397,0,3,12.187342408731679,1.9829419998131925,321.7380289997891,753.0
1780063063,5,GET,/health,0.200000,0.000000,3,3,3,3,3,3,3,3,3,3,3,735,0,3,13.146376625858231,1.640310999846406,389.5348979999653,56.0
1780063063,5,,Aggregated,2.500000,0.000000,140,140,140,140,140,140,160,160,160,160,160,9106,0,150,332.16578531330936,1.640310999846406,3028.4190880001916,2709.2219415769823
1780063064,5,POST,/api/book,1.700000,0.000000,140,140,140,140,140,160,160,160,160,160,160,6975,0,200,429.84299107741845,91.7988780001906,3028.4190880001916,3380.70853046595
1780063064,5,GET,/api/concerts,0.500000,0.000000,3,3,4,4,4,4,4,4,4,4,4,1397,0,3,12.187342408731679,1.9829419998131925,321.7380289997891,753.0
1780063064,5,GET,/health,0.200000,0.000000,3,3,3,3,3,3,3,3,3,3,3,736,0,3,13.132228377725513,1.640310999846406,389.5348979999653,56.0
1780063064,5,,Aggregated,2.400000,0.000000,140,140,140,140,140,160,160,160,160,160,160,9108,0,150,332.1086846943341,1.640310999846406,3028.4190880001916,2709.0029644268775
1780063065,5,POST,/api/book,1.700000,0.000000,140,140,140,140,140,160,160,160,160,160,160,6977,0,200,429.7595069604405,91.7988780001906,3028.4190880001916,3380.708040705174
1780063065,5,GET,/api/concerts,0.400000,0.000000,3,3,4,4,4,4,4,4,4,4,4,1398,0,3,12.180501517881572,1.9829419998131925,321.7380289997891,753.0
1780063065,5,GET,/health,0.200000,0.000000,3,3,3,3,3,3,3,3,3,3,3,736,0,3,13.132228377725513,1.640310999846406,389.5348979999653,56.0
1780063065,5,,Aggregated,2.300000,0.000000,140,140,140,140,140,140,160,160,160,160,160,9111,0,150,332.03004514004994,1.640310999846406,3028.4190880001916,2708.9353528701567
1780063066,5,POST,/api/book,1.800000,0.000000,140,140,140,140,140,160,160,160,160,160,160,6980,0,200,429.63568196633133,91.7988780001906,3028.4190880001916,3380.7116045845273
1780063066,5,GET,/api/concerts,0.300000,0.000000,3,3,4,4,4,4,4,4,4,4,4,1398,0,3,12.180501517881572,1.9829419998131925,321.7380289997891,753.0
1780063066,5,GET,/health,0.200000,0.000000,3,3,3,3,3,3,3,3,3,3,3,736,0,3,13.132228377725513,1.640310999846406,389.5348979999653,56.0
1780063066,5,,Aggregated,2.300000,0.000000,140,140,140,140,140,140,160,160,160,160,160,9114,0,150,331.9673821958519,1.640310999846406,3028.4190880001916,2709.159205617731
1780063067,5,POST,/api/book,1.700000,0.000000,140,140,140,140,140,160,160,160,160,160,160,6983,0,200,429.5077449302582,91.7988780001906,3028.4190880001916,3380.6988400400974
1780063067,5,GET,/api/concerts,0.300000,0.000000,3,3,3,3,3,3,3,3,3,3,3,1398,0,3,12.180501517881572,1.9829419998131925,321.7380289997891,753.0
1780063067,5,GET,/health,0.100000,0.000000,3,3,3,3,3,3,3,3,3,3,3,736,0,3,13.132228377725513,1.640310999846406,389.5348979999653,56.0
1780063067,5,,Aggregated,2.100000,0.000000,140,140,140,140,140,140,160,160,160,160,160,9117,0,150,331.9015294566189,1.640310999846406,3028.4190880001916,2709.3704069321047
1780063068,5,POST,/api/book,1.700000,0.000000,140,140,140,140,140,160,160,160,160,160,160,6983,0,200,429.5077449302582,91.7988780001906,3028.4190880001916,3380.6988400400974
1780063068,5,GET,/api/concerts,0.300000,0.000000,3,3,3,3,3,3,3,3,3,3,3,1399,0,3,12.173812754823885,1.9829419998131925,321.7380289997891,753.0
1780063068,5,GET,/health,0.100000,0.000000,3,3,3,3,3,3,3,3,3,3,3,737,0,3,13.11811407870527,1.640310999846406,389.5348979999653,56.0
1780063068,5,,Aggregated,2.100000,0.000000,140,140,140,140,140,140,160,160,160,160,160,9119,0,150,331.8293449904589,1.640310999846406,3028.4190880001916,2708.8648974668276
1780063069,5,POST,/api/book,1.800000,0.000000,140,140,140,140,140,160,160,160,160,160,160,6984,0,200,429.4663663904629,91.7988780001906,3028.4190880001916,3380.6971649484535
1780063069,5,GET,/api/concerts,0.300000,0.000000,3,3,3,3,3,3,3,3,3,3,3,1399,0,3,12.173812754823885,1.9829419998131925,321.7380289997891,753.0
1780063069,5,GET,/health,0.100000,0.000000,3,3,3,3,3,3,3,3,3,3,3,739,0,3,13.089426445204335,1.640310999846406,389.5348979999653,56.0
1780063069,5,,Aggregated,2.200000,0.000000,140,140,140,140,140,140,160,160,160,160,160,9122,0,150,331.736171131111,1.640310999846406,3028.4190880001916,2708.3556237667176
1780063070,5,POST,/api/book,1.800000,0.000000,140,140,140,140,140,160,160,160,160,160,160,6985,0,200,429.42490478238983,91.7988780001906,3028.4190880001916,3380.6984967788117
1780063070,5,GET,/api/concerts,0.400000,0.000000,3,3,3,3,3,3,3,3,3,3,3,1399,0,3,12.173812754823885,1.9829419998131925,321.7380289997891,753.0
1780063070,5,GET,/health,0.200000,0.000000,3,3,3,3,3,3,3,3,3,3,3,739,0,3,13.089426445204335,1.640310999846406,389.5348979999653,56.0
1780063070,5,,Aggregated,2.400000,0.000000,140,140,140,140,140,140,160,160,160,160,160,9123,0,150,331.71513867061213,1.640310999846406,3028.4190880001916,2708.430340896635
1780063071,5,POST,/api/book,1.800000,0.000000,140,140,140,140,140,160,160,160,160,160,160,6987,0,200,429.34210245412817,91.7988780001906,3028.4190880001916,3380.697151853442
1780063071,5,GET,/api/concerts,0.400000,0.000000,3,3,3,3,3,3,3,3,3,3,3,1400,0,3,12.167273006427552,1.9829419998131925,321.7380289997891,753.0
1780063071,5,GET,/health,0.200000,0.000000,3,3,3,3,3,3,3,3,3,3,3,739,0,3,13.089426445204335,1.640310999846406,389.5348979999653,56.0
1780063071,5,,Aggregated,2.400000,0.000000,140,140,140,140,140,140,160,160,160,160,160,9126,0,150,331.6371398420989,1.640310999846406,3028.4190880001916,2708.3623712469866
1780063072,5,POST,/api/book,1.500000,0.000000,140,140,140,140,140,140,140,140,140,140,140,6990,0,200,429.2179278808288,91.7988780001906,3028.4190880001916,3380.7051502145923
1780063072,5,GET,/api/concerts,0.400000,0.000000,3,3,3,3,3,3,3,3,3,3,3,1401,0,3,12.16070742255424,1.9829419998131925,321.7380289997891,753.0
1780063072,5,GET,/health,0.400000,0.000000,3,3,3,3,3,3,3,3,3,3,3,740,0,3,13.07622297162984,1.640310999846406,389.5348979999653,56.0
1780063072,5,,Aggregated,2.300000,0.000000,140,140,140,140,140,140,140,140,140,140,140,9131,0,150,331.5022310792898,1.640310999846406,3028.4190880001916,2708.0847661811413
1780063073,5,POST,/api/book,1.700000,0.000000,140,140,140,140,140,140,140,140,140,140,140,6992,0,200,429.1339113338091,91.7988780001906,3028.4190880001916,3380.699942791762
1780063073,5,GET,/api/concerts,0.200000,0.000000,3,3,3,3,3,3,3,3,3,3,3,1401,0,3,12.16070742255424,1.9829419998131925,321.7380289997891,753.0
1780063073,5,GET,/health,0.400000,0.000000,3,3,3,3,3,3,3,3,3,3,3,740,0,3,13.07622297162984,1.640310999846406,389.5348979999653,56.0
1780063073,5,,Aggregated,2.300000,0.000000,140,140,140,140,140,140,140,140,140,140,140,9133,0,150,331.4593084576804,1.640310999846406,3028.4190880001916,2708.2280740173
1780063074,5,POST,/api/book,1.600000,0.000000,140,140,140,140,140,140,140,140,140,140,140,6994,0,200,429.04767623863216,91.7988780001906,3028.4190880001916,3380.7000285959393
1780063074,5,GET,/api/concerts,0.300000,0.000000,3,3,3,3,3,3,3,3,3,3,3,1401,0,3,12.16070742255424,1.9829419998131925,321.7380289997891,753.0
1780063074,5,GET,/health,0.400000,0.000000,3,3,3,3,3,3,3,3,3,3,3,740,0,3,13.07622297162984,1.640310999846406,389.5348979999653,56.0
1780063074,5,,Aggregated,2.300000,0.000000,140,140,140,140,140,140,140,140,140,140,140,9135,0,150,331.41466926228736,1.640310999846406,3028.4190880001916,2708.3753694581283
1780063075,5,POST,/api/book,1.700000,0.000000,140,140,140,140,140,140,140,140,140,140,140,6997,0,200,428.923954266399,91.7988780001906,3028.4190880001916,3380.700871802201
1780063075,5,GET,/api/concerts,0.400000,0.000000,3,3,3,3,3,3,3,3,3,3,3,1401,0,3,12.16070742255424,1.9829419998131925,321.7380289997891,753.0
1780063075,5,GET,/health,0.500000,0.000000,3,3,3,3,3,3,3,3,3,3,3,740,0,3,13.07622297162984,1.640310999846406,389.5348979999653,56.0
1780063075,5,,Aggregated,2.600000,0.000000,140,140,140,140,140,140,140,140,140,140,140,9138,0,150,331.35198775443155,1.640310999846406,3028.4190880001916,2708.5967388925365
1780063076,5,POST,/api/book,1.800000,0.000000,140,140,140,140,140,140,140,140,140,140,140,6999,0,200,428.841133610372,91.7988780001906,3028.4190880001916,3380.6945277896843
1780063076,5,GET,/api/concerts,0.400000,0.000000,3,3,3,3,3,3,3,3,3,3,3,1402,0,3,12.154127467188903,1.9829419998131925,321.7380289997891,753.0
1780063076,5,GET,/health,0.500000,0.000000,3,3,3,3,3,3,3,3,3,3,3,740,0,3,13.07622297162984,1.640310999846406,389.5348979999653,56.0
1780063076,5,,Aggregated,2.700000,0.000000,140,140,140,140,140,140,140,140,140,140,140,9141,0,150,331.27399473219515,1.640310999846406,3028.4190880001916,2708.5249972650695
1780063077,5,POST,/api/book,2.000000,0.000000,140,140,140,140,140,140,140,140,140,140,140,7000,0,200,428.7962328412849,91.7988780001906,3028.4190880001916,3380.693142857143
1780063077,5,GET,/api/concerts,0.300000,0.000000,3,3,3,3,3,3,3,3,3,3,3,1402,0,3,12.154127467188903,1.9829419998131925,321.7380289997891,753.0
1780063077,5,GET,/health,0.400000,0.000000,3,3,3,3,3,3,3,3,3,3,3,740,0,3,13.07622297162984,1.640310999846406,389.5348979999653,56.0
1780063077,5,,Aggregated,2.700000,0.000000,140,140,140,140,140,140,140,140,140,140,140,9142,0,150,331.2502867640556,1.640310999846406,3028.4190880001916,2708.597462262087
1780063078,5,POST,/api/book,2.000000,0.000000,140,140,140,140,140,140,140,140,140,140,140,7001,0,200,428.75319964633536,91.7988780001906,3028.4190880001916,3380.691472646765
1780063078,5,GET,/api/concerts,0.300000,0.000000,3,3,3,3,3,3,3,3,3,3,3,1402,0,3,12.154127467188903,1.9829419998131925,321.7380289997891,753.0
1780063078,5,GET,/health,0.400000,0.000000,3,3,3,3,3,3,3,3,3,3,3,740,0,3,13.07622297162984,1.640310999846406,389.5348979999653,56.0
1780063078,5,,Aggregated,2.700000,0.000000,140,140,140,140,140,140,140,140,140,140,140,9143,0,150,331.22800420343384,1.640310999846406,3028.4190880001916,2708.669692661052
1780063079,5,POST,/api/book,2.000000,0.000000,140,140,140,140,140,140,140,140,140,140,140,7004,0,200,428.622064351227,91.7988780001906,3028.4190880001916,3380.6813249571674
1780063079,5,GET,/api/concerts,0.300000,0.000000,3,3,3,3,3,3,3,3,3,3,3,1403,0,3,12.14749175267205,1.9829419998131925,321.7380289997891,753.0
1780063079,5,GET,/health,0.400000,0.000000,3,3,3,3,3,3,3,3,3,3,3,740,0,3,13.07622297162984,1.640310999846406,389.5348979999653,56.0
1780063079,5,,Aggregated,2.700000,0.000000,140,140,140,140,140,140,140,140,140,140,140,9147,0,150,331.12367712299067,1.640310999846406,3028.4190880001916,2708.668525199519
1780063080,5,POST,/api/book,1.800000,0.000000,140,140,140,140,140,140,140,140,140,140,140,7007,0,200,428.498133375909,91.7988780001906,3028.4190880001916,3380.67846439275
1780063080,5,GET,/api/concerts,0.300000,0.000000,3,3,3,3,3,3,3,3,3,3,3,1403,0,3,12.14749175267205,1.9829419998131925,321.7380289997891,753.0
1780063080,5,GET,/health,0.300000,0.000000,3,3,3,3,3,3,3,3,3,3,3,740,0,3,13.07622297162984,1.640310999846406,389.5348979999653,56.0
1780063080,5,,Aggregated,2.400000,0.000000,140,140,140,140,140,140,140,140,140,140,140,9150,0,150,331.0607384145351,1.640310999846406,3028.4190880001916,2708.8866666666668
1780063081,5,POST,/api/book,2.000000,0.000000,140,140,140,140,140,140,140,140,140,140,140,7008,0,200,428.45716614312124,91.7988780001906,3028.4190880001916,3380.6753710045664
1780063081,5,GET,/api/concerts,0.400000,0.000000,3,3,35,35,35,35,35,35,35,35,35,1404,0,3,12.163997809828423,1.9829419998131925,321.7380289997891,753.0
1780063081,5,GET,/health,0.300000,0.000000,3,3,3,3,3,3,3,3,3,3,3,740,0,3,13.07622297162984,1.640310999846406,389.5348979999653,56.0
1780063081,5,,Aggregated,2.700000,0.000000,140,140,140,140,140,140,140,140,140,140,140,9152,0,150,331.0077008582819,1.640310999846406,3028.4190880001916,2708.7439903846152
1780063082,5,POST,/api/book,2.000000,0.000000,140,140,140,140,140,170,170,170,170,170,170,7009,0,200,428.4201086364665,91.7988780001906,3028.4190880001916,3380.672563846483
1780063082,5,GET,/api/concerts,0.400000,0.000000,3,3,35,35,35,35,35,35,35,35,35,1404,0,3,12.163997809828423,1.9829419998131925,321.7380289997891,753.0
1780063082,5,GET,/health,0.300000,0.000000,3,3,3,3,3,3,3,3,3,3,3,740,0,3,13.07622297162984,1.640310999846406,389.5348979999653,56.0
1780063082,5,,Aggregated,2.700000,0.000000,140,140,140,140,140,140,170,170,170,170,170,9153,0,150,330.9899704312243,1.640310999846406,3028.4190880001916,2708.815251830001
1780063083,5,POST,/api/book,2.000000,0.000000,140,140,140,140,220,240,240,240,240,240,240,7011,0,200,428.3639678037361,91.7988780001906,3028.4190880001916,3380.679218371131
1780063083,5,GET,/api/concerts,0.400000,0.000000,3,3,35,35,35,35,35,35,35,35,35,1404,0,3,12.163997809828423,1.9829419998131925,321.7380289997891,753.0
1780063083,5,GET,/health,0.100000,0.000000,3,3,3,3,3,3,3,3,3,3,3,740,0,3,13.07622297162984,1.640310999846406,389.5348979999653,56.0
1780063083,5,,Aggregated,2.500000,0.000000,140,140,140,140,170,220,240,240,240,240,240,9155,0,150,330.9682617363185,1.640310999846406,3028.4190880001916,2708.967121791371
1780063084,5,POST,/api/book,2.200000,0.000000,140,140,140,140,220,240,240,240,240,240,240,7013,0,200,428.2824484682723,91.7988780001906,3028.4190880001916,3380.6861542848997
1780063084,5,GET,/api/concerts,0.400000,0.000000,3,3,35,35,35,35,35,35,35,35,35,1404,0,3,12.163997809828423,1.9829419998131925,321.7380289997891,753.0
1780063084,5,GET,/health,0.100000,0.000000,3,3,3,3,3,3,3,3,3,3,3,741,0,3,13.061800883948756,1.640310999846406,389.5348979999653,56.0
1780063084,5,,Aggregated,2.700000,0.000000,140,140,140,140,170,220,240,240,240,240,240,9158,0,150,330.8912271771124,1.640310999846406,3028.4190880001916,2708.8294387420833
1780063085,5,POST,/api/book,2.200000,0.000000,140,140,140,140,220,240,240,240,240,240,240,7014,0,200,428.24120534787477,91.7988780001906,3028.4190880001916,3380.682777302538
1780063085,5,GET,/api/concerts,0.400000,0.000000,3,3,35,35,35,35,35,35,35,35,35,1404,0,3,12.163997809828423,1.9829419998131925,321.7380289997891,753.0
1780063085,5,GET,/health,0.100000,0.000000,3,3,3,3,3,3,3,3,3,3,3,741,0,3,13.061800883948756,1.640310999846406,389.5348979999653,56.0
1780063085,5,,Aggregated,2.700000,0.000000,140,140,140,140,220,240,240,240,240,240,240,9159,0,150,330.87027641554704,1.640310999846406,3028.4190880001916,2708.900207446228
1780063086,5,POST,/api/book,1.900000,0.000000,140,140,140,140,220,240,240,240,240,240,240,7017,0,200,428.11727809077865,91.7988780001906,3028.4190880001916,3380.6964514749893
1780063086,5,GET,/api/concerts,0.300000,0.000000,3,3,35,35,35,35,35,35,35,35,35,1404,0,3,12.163997809828423,1.9829419998131925,321.7380289997891,753.0
1780063086,5,GET,/health,0.000000,0.000000,3,3,3,3,3,3,3,3,3,3,3,741,0,3,13.061800883948756,1.640310999846406,389.5348979999653,56.0
1780063086,5,,Aggregated,2.200000,0.000000,140,140,140,140,170,220,240,240,240,240,240,9162,0,150,330.8072459881025,1.640310999846406,3028.4190880001916,2709.130648330059
1780063087,5,POST,/api/book,1.900000,0.000000,140,140,140,140,220,240,240,240,240,240,240,7019,0,200,428.03556914346683,91.7988780001906,3028.4190880001916,3380.695113263998
1780063087,5,GET,/api/concerts,0.300000,0.000000,35,35,35,35,35,35,35,35,35,35,35,1404,0,3,12.163997809828423,1.9829419998131925,321.7380289997891,753.0
1780063087,5,GET,/health,0.000000,0.000000,3,3,3,3,3,3,3,3,3,3,3,741,0,3,13.061800883948756,1.640310999846406,389.5348979999653,56.0
1780063087,5,,Aggregated,2.200000,0.000000,140,140,140,140,170,220,240,240,240,240,240,9164,0,150,330.7658999561322,1.640310999846406,3028.4190880001916,2709.2761894369273
1780063088,5,POST,/api/book,1.700000,0.000000,140,140,140,150,220,240,240,240,240,240,240,7021,0,200,427.95467933641834,91.7988780001906,3028.4190880001916,3380.6997578692494
1780063088,5,GET,/api/concerts,0.300000,0.000000,3,3,35,35,35,35,35,35,35,35,35,1405,0,3,12.157271325978009,1.9829419998131925,321.7380289997891,753.0
1780063088,5,GET,/health,0.100000,0.000000,2,2,2,2,2,2,2,2,2,2,2,741,0,3,13.061800883948756,1.640310999846406,389.5348979999653,56.0
1780063088,5,,Aggregated,2.100000,0.000000,140,140,140,150,220,240,240,240,240,240,240,9167,0,150,330.6893819449105,1.640310999846406,3028.4190880001916,2709.2128286244138
1780063089,5,POST,/api/book,2.000000,0.000000,140,140,140,150,220,240,240,240,240,240,240,7022,0,200,427.91407994388965,91.7988780001906,3028.4190880001916,3380.705781828539
1780063089,5,GET,/api/concerts,0.200000,0.000000,35,35,35,35,35,35,35,35,35,35,35,1405,0,3,12.157271325978009,1.9829419998131925,321.7380289997891,753.0
1780063089,5,GET,/health,0.100000,0.000000,2,2,2,2,2,2,2,2,2,2,2,741,0,3,13.061800883948756,1.640310999846406,389.5348979999653,56.0
1780063089,5,,Aggregated,2.300000,0.000000,140,140,140,150,220,240,240,240,240,240,240,9168,0,150,330.668895073516,1.640310999846406,3028.4190880001916,2709.290684991274
1780063090,5,POST,/api/book,2.000000,0.000000,140,140,140,150,220,240,240,240,240,240,240,7025,0,200,427.78777844099545,91.7988780001906,3028.4190880001916,3380.6973665480427
1780063090,5,GET,/api/concerts,0.200000,0.000000,35,35,35,35,35,35,35,35,35,35,35,1405,0,3,12.157271325978009,1.9829419998131925,321.7380289997891,753.0
1780063090,5,GET,/health,0.100000,0.000000,2,2,2,2,2,2,2,2,2,2,2,741,0,3,13.061800883948756,1.640310999846406,389.5348979999653,56.0
1780063090,5,,Aggregated,2.300000,0.000000,140,140,140,140,170,220,240,240,240,240,240,9171,0,150,330.6039585885939,1.640310999846406,3028.4190880001916,2709.503870897394
1780063091,5,POST,/api/book,1.700000,0.000000,140,140,140,140,220,240,240,240,240,240,240,7029,0,200,427.6154870321513,91.7988780001906,3028.4190880001916,3380.6988191776923
1780063091,5,GET,/api/concerts,0.200000,0.000000,35,35,35,35,35,35,35,35,35,35,35,1405,0,3,12.157271325978009,1.9829419998131925,321.7380289997891,753.0
1780063091,5,GET,/health,0.100000,0.000000,2,2,2,2,2,2,2,2,2,2,2,741,0,3,13.061800883948756,1.640310999846406,389.5348979999653,56.0
1780063091,5,,Aggregated,2.000000,0.000000,140,140,140,140,150,220,240,240,240,240,240,9175,0,150,330.51433449776493,1.640310999846406,3028.4190880001916,2709.7976021798363
1780063092,5,POST,/api/book,1.700000,0.000000,140,140,140,140,150,240,240,240,240,240,240,7029,0,200,427.6154870321513,91.7988780001906,3028.4190880001916,3380.6988191776923
1780063092,5,GET,/api/concerts,0.200000,0.000000,35,35,35,35,35,35,35,35,35,35,35,1405,0,3,12.157271325978009,1.9829419998131925,321.7380289997891,753.0
1780063092,5,GET,/health,0.100000,0.000000,2,2,2,2,2,2,2,2,2,2,2,741,0,3,13.061800883948756,1.640310999846406,389.5348979999653,56.0
1780063092,5,,Aggregated,2.000000,0.000000,140,140,140,140,140,150,240,240,240,240,240,9175,0,150,330.51433449776493,1.640310999846406,3028.4190880001916,2709.7976021798363
1780063093,5,POST,/api/book,2.000000,0.000000,140,140,140,140,140,150,150,150,150,150,150,7031,0,200,427.5290268351574,91.7988780001906,3028.4190880001916,3380.6962025316457
1780063093,5,GET,/api/concerts,0.200000,0.000000,35,35,35,35,35,35,35,35,35,35,35,1405,0,3,12.157271325978009,1.9829419998131925,321.7380289997891,753.0
1780063093,5,GET,/health,0.100000,0.000000,2,2,2,2,2,2,2,2,2,2,2,741,0,3,13.061800883948756,1.640310999846406,389.5348979999653,56.0
1780063093,5,,Aggregated,2.300000,0.000000,140,140,140,140,140,140,150,150,150,150,150,9177,0,150,330.4692544781512,1.640310999846406,3028.4190880001916,2709.9418110493625
1780063094,5,POST,/api/book,2.000000,0.000000,140,140,140,140,150,150,150,150,150,150,150,7034,0,200,427.4076455715087,91.7988780001906,3028.4190880001916,3380.6895081034972
1780063094,5,GET,/api/concerts,0.100000,0.000000,3,3,3,3,3,3,3,3,3,3,3,1407,0,3,12.143740916843864,1.9829419998131925,321.7380289997891,753.0
1780063094,5,GET,/health,0.100000,0.000000,2,2,2,2,2,2,2,2,2,2,2,741,0,3,13.061800883948756,1.640310999846406,389.5348979999653,56.0
1780063094,5,,Aggregated,2.200000,0.000000,140,140,140,140,140,150,150,150,150,150,150,9182,0,150,330.33657339087273,1.640310999846406,3028.4190880001916,2709.729579612285
1780063095,5,POST,/api/book,2.100000,0.000000,140,140,140,140,140,150,150,150,150,150,150,7036,0,200,427.32164026023196,91.7988780001906,3028.4190880001916,3380.6890278567366
1780063095,5,GET,/api/concerts,0.100000,0.000000,3,3,3,3,3,3,3,3,3,3,3,1408,0,3,12.136997046164181,1.9829419998131925,321.7380289997891,753.0
1780063095,5,GET,/health,0.100000,0.000000,2,2,2,2,2,2,2,2,2,2,2,741,0,3,13.061800883948756,1.640310999846406,389.5348979999653,56.0
1780063095,5,,Aggregated,2.300000,0.000000,140,140,140,140,140,150,150,150,150,150,150,9185,0,150,330.25615102525785,1.640310999846406,3028.4190880001916,2709.662275449102
1780063096,5,POST,/api/book,1.900000,0.000000,140,140,140,140,140,150,150,150,150,150,150,7038,0,200,427.23981232565956,91.7988780001906,3028.4190880001916,3380.683716965047
1780063096,5,GET,/api/concerts,0.200000,0.000000,3,3,3,3,3,3,3,3,3,3,3,1408,0,3,12.136997046164181,1.9829419998131925,321.7380289997891,753.0
1780063096,5,GET,/health,0.100000,0.000000,2,2,2,2,2,2,2,2,2,2,2,741,0,3,13.061800883948756,1.640310999846406,389.5348979999653,56.0
1780063096,5,,Aggregated,2.200000,0.000000,140,140,140,140,140,150,150,150,150,150,150,9187,0,150,330.2145951283328,1.640310999846406,3028.4190880001916,2709.8042886687713
1780063097,5,POST,/api/book,2.000000,0.000000,140,140,140,140,150,150,170,170,170,170,170,7040,0,200,427.16283296988524,91.7988780001906,3028.4190880001916,3380.6832386363635
1780063097,5,GET,/api/concerts,0.300000,0.000000,3,3,3,3,3,3,3,3,3,3,3,1410,0,3,12.123547521275748,1.9829419998131925,321.7380289997891,753.0
1780063097,5,GET,/health,0.000000,0.000000,2,2,2,2,2,2,2,2,2,2,2,741,0,3,13.061800883948756,1.640310999846406,389.5348979999653,56.0
1780063097,5,,Aggregated,2.300000,0.000000,140,140,140,140,150,150,170,170,170,170,170,9191,0,150,330.1054662787502,1.640310999846406,3028.4190880001916,2709.5240996627135
1780063098,5,POST,/api/book,2.100000,0.000000,140,140,140,140,150,170,170,170,170,170,170,7040,0,200,427.16283296988524,91.7988780001906,3028.4190880001916,3380.6832386363635
1780063098,5,GET,/api/concerts,0.400000,0.000000,3,3,3,3,3,3,3,3,3,3,3,1411,0,3,12.116772029765396,1.9829419998131925,321.7380289997891,753.0
1780063098,5,GET,/health,0.000000,0.000000,2,2,2,2,2,2,2,2,2,2,2,741,0,3,13.061800883948756,1.640310999846406,389.5348979999653,56.0
1780063098,5,,Aggregated,2.500000,0.000000,130,140,140,140,140,150,170,170,170,170,170,9192,0,150,330.0698328869662,1.640310999846406,3028.4190880001916,2709.3112489120977
1780063099,5,POST,/api/book,2.100000,0.000000,140,140,140,140,150,170,170,170,170,170,170,7043,0,200,427.04209822532897,91.7988780001906,3028.4190880001916,3380.6784040891666
1780063099,5,GET,/api/concerts,0.500000,0.000000,3,3,3,3,3,3,3,3,3,3,3,1411,0,3,12.116772029765396,1.9829419998131925,321.7380289997891,753.0
1780063099,5,GET,/health,0.000000,0.000000,2,2,2,2,2,2,2,2,2,2,2,741,0,3,13.061800883948756,1.640310999846406,389.5348979999653,56.0
1780063099,5,,Aggregated,2.600000,0.000000,140,140,140,140,150,150,170,170,170,170,170,9195,0,150,330.00903290810146,1.640310999846406,3028.4190880001916,2709.526590538336
1780063100,5,POST,/api/book,2.100000,0.000000,140,140,140,140,150,170,170,170,170,170,170,7045,0,200,426.9583444755135,91.7988780001906,3028.4190880001916,3380.674378992193
1780063100,5,GET,/api/concerts,0.600000,0.000000,3,3,3,3,3,3,3,3,3,3,3,1411,0,3,12.116772029765396,1.9829419998131925,321.7380289997891,753.0
1780063100,5,GET,/health,0.000000,0.000000,2,2,2,2,2,2,2,2,2,2,2,741,0,3,13.061800883948756,1.640310999846406,389.5348979999653,56.0
1780063100,5,,Aggregated,2.700000,0.000000,140,140,140,140,150,150,170,170,170,170,170,9197,0,150,329.96597766869564,1.640310999846406,3028.4190880001916,2709.669457431771
1780063101,5,POST,/api/book,2.000000,0.000000,140,140,140,140,150,170,170,170,170,170,170,7047,0,200,426.8770797623091,91.7988780001906,3028.4190880001916,3380.677735206471
1780063101,5,GET,/api/concerts,0.600000,0.000000,3,3,3,3,3,3,3,3,3,3,3,1411,0,3,12.116772029765396,1.9829419998131925,321.7380289997891,753.0
1780063101,5,GET,/health,0.000000,0.000000,2,2,2,2,2,2,2,2,2,2,2,741,0,3,13.061800883948756,1.640310999846406,389.5348979999653,56.0
1780063101,5,,Aggregated,2.600000,0.000000,140,140,140,140,150,150,170,170,170,170,170,9199,0,150,329.9248114875523,1.640310999846406,3028.4190880001916,2709.81791499076
1780063102,5,POST,/api/book,1.900000,0.000000,140,140,140,140,150,170,170,170,170,170,170,7049,0,200,426.79561976521387,91.7988780001906,3028.4190880001916,3380.673854447439
1780063102,5,GET,/api/concerts,0.600000,0.000000,3,3,3,3,3,3,3,3,3,3,3,1413,0,3,12.103205185420476,1.9829419998131925,321.7380289997891,753.0
1780063102,5,GET,/health,0.000000,0.000000,0,0,0,0,0,0,0,0,0,0,0,741,0,3,13.061800883948756,1.640310999846406,389.5348979999653,56.0
1780063102,5,,Aggregated,2.500000,0.000000,140,140,140,140,150,150,170,170,170,170,170,9203,0,150,329.81233805356874,1.640310999846406,3028.4190880001916,2709.5354775616647
1780063103,5,POST,/api/book,1.900000,0.000000,140,140,140,140,150,170,170,170,170,170,170,7050,0,200,426.7551601956018,91.7988780001906,3028.4190880001916,3380.6695035460993
1780063103,5,GET,/api/concerts,0.600000,0.000000,3,3,3,3,3,3,3,3,3,3,3,1414,0,3,12.096407949786954,1.9829419998131925,321.7380289997891,753.0
1780063103,5,GET,/health,0.000000,0.000000,0,0,0,0,0,0,0,0,0,0,0,741,0,3,13.061800883948756,1.640310999846406,389.5348979999653,56.0
1780063103,5,,Aggregated,2.500000,0.000000,140,140,140,140,150,150,170,170,170,170,170,9205,0,150,329.7563275040731,1.640310999846406,3028.4190880001916,2709.3925040738727
1780063104,5,POST,/api/book,1.800000,0.000000,140,140,140,150,190,200,200,200,200,200,200,7052,0,200,426.69006010876245,91.7988780001906,3028.4190880001916,3380.6731423709584
1780063104,5,GET,/api/concerts,0.700000,0.000000,3,3,3,3,3,3,3,3,3,3,3,1415,0,3,12.089781187985176,1.9829419998131925,321.7380289997891,753.0
1780063104,5,GET,/health,0.000000,0.000000,0,0,0,0,0,0,0,0,0,0,0,741,0,3,13.061800883948756,1.640310999846406,389.5348979999653,56.0
1780063104,5,,Aggregated,2.500000,0.000000,140,140,140,140,170,190,200,200,200,200,200,9208,0,150,329.6920220159637,1.640310999846406,3028.4190880001916,2709.3286272806254
1780063105,5,POST,/api/book,1.800000,0.000000,140,140,140,150,190,200,200,200,200,200,200,7053,0,200,426.64506975088517,91.7988780001906,3028.4190880001916,3380.6723380121934
1780063105,5,GET,/api/concerts,0.900000,0.000000,3,3,3,3,3,3,3,3,3,3,3,1415,0,3,12.089781187985176,1.9829419998131925,321.7380289997891,753.0
1780063105,5,GET,/health,0.000000,0.000000,0,0,0,0,0,0,0,0,0,0,0,741,0,3,13.061800883948756,1.640310999846406,389.5348979999653,56.0
1780063105,5,,Aggregated,2.700000,0.000000,140,140,140,140,170,190,200,200,200,200,200,9209,0,150,329.668097707568,1.640310999846406,3028.4190880001916,2709.4009121511563
1780063106,5,POST,/api/book,2.000000,0.000000,140,140,140,150,190,200,200,200,200,200,200,7056,0,200,426.5185482721079,91.7988780001906,3028.4190880001916,3380.6754535147393
1780063106,5,GET,/api/concerts,0.900000,0.000000,3,3,3,3,3,3,3,3,3,3,3,1415,0,3,12.089781187985176,1.9829419998131925,321.7380289997891,753.0
1780063106,5,GET,/health,0.000000,0.000000,0,0,0,0,0,0,0,0,0,0,0,741,0,3,13.061800883948756,1.640310999846406,389.5348979999653,56.0
1780063106,5,,Aggregated,2.900000,0.000000,140,140,140,140,150,190,200,200,200,200,200,9212,0,150,329.60276937082006,1.640310999846406,3028.4190880001916,2709.6219062092923
1780063107,5,POST,/api/book,1.800000,0.000000,140,140,140,140,190,200,200,200,200,200,200,7058,0,200,426.4337161426741,91.7988780001906,3028.4190880001916,3380.667611221309
1780063107,5,GET,/api/concerts,0.800000,0.000000,3,3,3,3,3,3,3,3,3,3,3,1415,0,3,12.089781187985176,1.9829419998131925,321.7380289997891,753.0
1780063107,5,GET,/health,0.000000,0.000000,0,0,0,0,0,0,0,0,0,0,0,741,0,3,13.061800883948756,1.640310999846406,389.5348979999653,56.0
1780063107,5,,Aggregated,2.600000,0.000000,140,140,140,140,150,190,200,200,200,200,200,9214,0,150,329.55882389526744,1.640310999846406,3028.4190880001916,2709.761558497938
1780063108,5,POST,/api/book,1.700000,0.000000,140,140,140,140,190,200,200,200,200,200,200,7060,0,200,426.3518342002824,91.7988780001906,3028.4190880001916,3380.658640226629
1780063108,5,GET,/api/concerts,0.700000,0.000000,3,3,3,3,3,3,3,3,3,3,3,1415,0,3,12.089781187985176,1.9829419998131925,321.7380289997891,753.0
1780063108,5,GET,/health,0.000000,0.000000,0,0,0,0,0,0,0,0,0,0,0,741,0,3,13.061800883948756,1.640310999846406,389.5348979999653,56.0
1780063108,5,,Aggregated,2.400000,0.000000,140,140,140,140,150,190,200,200,200,200,200,9216,0,150,329.5171206911886,1.640310999846406,3028.4190880001916,2709.9002821180557
1780063109,5,POST,/api/book,1.700000,0.000000,140,140,140,140,190,200,200,200,200,200,200,7062,0,200,426.269725514301,91.7988780001906,3028.4190880001916,3380.6669498725573
1780063109,5,GET,/api/concerts,0.600000,0.000000,3,3,3,3,3,3,3,3,3,3,3,1415,0,3,12.089781187985176,1.9829419998131925,321.7380289997891,753.0
1780063109,5,GET,/health,0.000000,0.000000,0,0,0,0,0,0,0,0,0,0,0,741,0,3,13.061800883948756,1.640310999846406,389.5348979999653,56.0
1780063109,5,,Aggregated,2.300000,0.000000,140,140,140,140,140,190,200,200,200,200,200,9218,0,150,329.4752263417221,1.640310999846406,3028.4190880001916,2710.052180516381
1780063110,5,POST,/api/book,1.800000,0.000000,140,140,140,140,190,200,200,200,200,200,200,7064,0,200,426.1855497184306,91.7988780001906,3028.4190880001916,3380.663080407701
1780063110,5,GET,/api/concerts,0.500000,0.000000,3,3,3,3,3,3,3,3,3,3,3,1416,0,3,12.08340919138363,1.9829419998131925,321.7380289997891,753.0
1780063110,5,GET,/health,0.000000,0.000000,0,0,0,0,0,0,0,0,0,0,0,741,0,3,13.061800883948756,1.640310999846406,389.5348979999653,56.0
1780063110,5,,Aggregated,2.300000,0.000000,140,140,140,140,140,190,200,200,200,200,200,9221,0,150,329.39633717395014,1.640310999846406,3028.4190880001916,2709.982431406572
1780063111,5,POST,/api/book,1.900000,0.000000,140,140,140,140,190,200,200,200,200,200,200,7065,0,200,426.1452143476282,91.7988780001906,3028.4190880001916,3380.6605803255484
1780063111,5,GET,/api/concerts,0.400000,0.000000,3,3,3,3,3,3,3,3,3,3,3,1416,0,3,12.08340919138363,1.9829419998131925,321.7380289997891,753.0
1780063111,5,GET,/health,0.000000,0.000000,0,0,0,0,0,0,0,0,0,0,0,741,0,3,13.061800883948756,1.640310999846406,389.5348979999653,56.0
1780063111,5,,Aggregated,2.300000,0.000000,140,140,140,140,140,190,200,200,200,200,200,9222,0,150,329.3759316022548,1.640310999846406,3028.4190880001916,2710.0532422468013
1780063112,5,POST,/api/book,1.900000,0.000000,140,140,140,140,190,200,200,200,200,200,200,7067,0,200,426.05846792415355,91.7988780001906,3028.4190880001916,3380.662374416301
1780063112,5,GET,/api/concerts,0.400000,0.000000,3,3,3,3,3,3,3,3,3,3,3,1416,0,3,12.08340919138363,1.9829419998131925,321.7380289997891,753.0
1780063112,5,GET,/health,0.000000,0.000000,0,0,0,0,0,0,0,0,0,0,0,741,0,3,13.061800883948756,1.640310999846406,389.5348979999653,56.0
1780063112,5,,Aggregated,2.300000,0.000000,140,140,140,140,190,200,200,200,200,200,200,9224,0,150,329.330452589982,1.640310999846406,3028.4190880001916,2710.2000216825672
1780063113,5,POST,/api/book,1.800000,0.000000,140,140,140,140,150,200,200,200,200,200,200,7070,0,200,425.93892485940495,91.7988780001906,3028.4190880001916,3380.6528995756717
1780063113,5,GET,/api/concerts,0.500000,0.000000,3,3,3,3,3,3,3,3,3,3,3,1416,0,3,12.08340919138363,1.9829419998131925,321.7380289997891,753.0
1780063113,5,GET,/health,0.000000,0.000000,0,0,0,0,0,0,0,0,0,0,0,741,0,3,13.061800883948756,1.640310999846406,389.5348979999653,56.0
1780063113,5,,Aggregated,2.300000,0.000000,140,140,140,140,150,200,200,200,200,200,200,9227,0,150,329.2703046088646,1.640310999846406,3028.4190880001916,2710.4107510566814
1780063114,5,POST,/api/book,2.000000,0.000000,140,140,140,140,140,140,150,150,150,150,150,7073,0,200,425.810843646825,91.7988780001906,3028.4190880001916,3380.666478156369
1780063114,5,GET,/api/concerts,0.400000,0.000000,3,3,3,3,3,3,3,3,3,3,3,1416,0,3,12.08340919138363,1.9829419998131925,321.7380289997891,753.0
1780063114,5,GET,/health,0.000000,0.000000,0,0,0,0,0,0,0,0,0,0,0,741,0,3,13.061800883948756,1.640310999846406,389.5348979999653,56.0
1780063114,5,,Aggregated,2.400000,0.000000,140,140,140,140,140,140,150,150,150,150,150,9230,0,150,329.20357518786494,1.640310999846406,3028.4190880001916,2710.639003250271
1780063115,5,POST,/api/book,1.900000,0.000000,140,140,140,140,140,150,150,150,150,150,150,7073,0,200,425.810843646825,91.7988780001906,3028.4190880001916,3380.666478156369
1780063115,5,GET,/api/concerts,0.200000,0.000000,3,3,3,3,3,3,3,3,3,3,3,1417,0,3,12.076765386732214,1.9829419998131925,321.7380289997891,753.0
1780063115,5,GET,/health,0.000000,0.000000,0,0,0,0,0,0,0,0,0,0,0,742,0,3,13.047695221032727,1.640310999846406,389.5348979999653,56.0
1780063115,5,,Aggregated,2.100000,0.000000,140,140,140,140,140,140,150,150,150,150,150,9232,0,150,329.13282750444046,1.640310999846406,3028.4190880001916,2710.1394064124784
1780063116,5,POST,/api/book,1.900000,0.000000,140,140,140,140,140,150,150,150,150,150,150,7073,0,200,425.810843646825,91.7988780001906,3028.4190880001916,3380.666478156369
1780063116,5,GET,/api/concerts,0.200000,0.000000,3,3,3,3,3,3,3,3,3,3,3,1417,0,3,12.076765386732214,1.9829419998131925,321.7380289997891,753.0
1780063116,5,GET,/health,0.000000,0.000000,3,3,3,3,3,3,3,3,3,3,3,742,0,3,13.047695221032727,1.640310999846406,389.5348979999653,56.0
1780063116,5,,Aggregated,2.100000,0.000000,140,140,140,140,140,150,150,150,150,150,150,9232,0,150,329.13282750444046,1.640310999846406,3028.4190880001916,2710.1394064124784
1780063117,5,POST,/api/book,2.100000,0.000000,140,140,150,160,310,390,390,390,390,390,390,7077,0,200,425.72255180132726,91.7988780001906,3028.4190880001916,3380.6730252932034
1780063117,5,GET,/api/concerts,0.100000,0.000000,3,3,3,3,3,3,3,3,3,3,3,1418,0,3,12.0701996241179,1.9829419998131925,321.7380289997891,753.0
1780063117,5,GET,/health,0.000000,0.000000,3,3,3,3,3,3,3,3,3,3,3,742,0,3,13.047695221032727,1.640310999846406,389.5348979999653,56.0
1780063117,5,,Aggregated,2.200000,0.000000,140,140,140,150,210,310,390,390,390,390,390,9237,0,150,329.0717150610581,1.640310999846406,3028.4190880001916,2710.222907870521
1780063118,5,POST,/api/book,2.100000,0.000000,140,140,150,160,310,390,390,390,390,390,390,7077,0,200,425.72255180132726,91.7988780001906,3028.4190880001916,3380.6730252932034
1780063118,5,GET,/api/concerts,0.100000,0.000000,3,3,3,3,3,3,3,3,3,3,3,1418,0,3,12.0701996241179,1.9829419998131925,321.7380289997891,753.0
1780063118,5,GET,/health,0.000000,0.000000,3,3,3,3,3,3,3,3,3,3,3,742,0,3,13.047695221032727,1.640310999846406,389.5348979999653,56.0
1780063118,5,,Aggregated,2.200000,0.000000,140,140,140,150,210,310,390,390,390,390,390,9237,0,150,329.0717150610581,1.640310999846406,3028.4190880001916,2710.222907870521
1780063119,5,POST,/api/book,1.900000,0.000000,140,140,160,160,310,390,390,390,390,390,390,7079,0,200,425.64175243593627,91.7988780001906,3028.4190880001916,3380.6705749399634
1780063119,5,GET,/api/concerts,0.200000,0.000000,3,3,3,3,3,3,3,3,3,3,3,1419,0,3,12.063526217758655,1.9829419998131925,321.7380289997891,753.0
1780063119,5,GET,/health,0.100000,0.000000,3,3,3,3,3,3,3,3,3,3,3,742,0,3,13.047695221032727,1.640310999846406,389.5348979999653,56.0
1780063119,5,,Aggregated,2.200000,0.000000,140,140,150,160,310,390,390,390,390,390,390,9240,0,150,328.9954003301942,1.640310999846406,3028.4190880001916,2710.154329004329
1780063120,5,POST,/api/book,1.900000,0.000000,140,140,150,160,310,390,390,390,390,390,390,7082,0,200,425.5130379737352,91.7988780001906,3028.4190880001916,3380.6755153911326
1780063120,5,GET,/api/concerts,0.300000,0.000000,3,3,3,3,3,3,3,3,3,3,3,1419,0,3,12.063526217758655,1.9829419998131925,321.7380289997891,753.0
1780063120,5,GET,/health,0.100000,0.000000,3,3,3,3,3,3,3,3,3,3,3,742,0,3,13.047695221032727,1.640310999846406,389.5348979999653,56.0
1780063120,5,,Aggregated,2.300000,0.000000,140,140,140,150,210,310,390,390,390,390,390,9243,0,150,328.9281476238228,1.640310999846406,3028.4190880001916,2710.3757438061234
1780063121,5,POST,/api/book,1.800000,0.000000,140,150,160,160,310,390,390,390,390,390,390,7086,0,200,425.3574180469932,91.7988780001906,3028.4190880001916,3380.6732994637314
1780063121,5,GET,/api/concerts,0.400000,0.000000,3,3,3,3,3,3,3,3,3,3,3,1419,0,3,12.063526217758655,1.9829419998131925,321.7380289997891,753.0
1780063121,5,GET,/health,0.100000,0.000000,3,3,3,3,3,3,3,3,3,3,3,742,0,3,13.047695221032727,1.640310999846406,389.5348979999653,56.0
1780063121,5,,Aggregated,2.300000,0.000000,140,150,150,160,210,310,390,390,390,390,390,9247,0,150,328.8506756610787,1.640310999846406,3028.4190880001916,2710.6639991348547
1780063122,5,POST,/api/book,1.800000,0.000000,140,140,150,160,210,310,390,390,390,390,390,7089,0,200,425.2317940524748,91.7988780001906,3028.4190880001916,3380.6696290026803
1780063122,5,GET,/api/concerts,0.300000,0.000000,3,3,3,3,3,3,3,3,3,3,3,1419,0,3,12.063526217758655,1.9829419998131925,321.7380289997891,753.0
1780063122,5,GET,/health,0.100000,0.000000,3,3,3,3,3,3,3,3,3,3,3,742,0,3,13.047695221032727,1.640310999846406,389.5348979999653,56.0
1780063122,5,,Aggregated,2.200000,0.000000,140,140,150,160,210,310,390,390,390,390,390,9250,0,150,328.78569963189136,1.640310999846406,3028.4190880001916,2710.8784864864865
1780063123,5,POST,/api/book,1.800000,0.000000,140,150,160,160,310,390,390,390,390,390,390,7089,0,200,425.2317940524748,91.7988780001906,3028.4190880001916,3380.6696290026803
1780063123,5,GET,/api/concerts,0.300000,0.000000,3,3,3,3,3,3,3,3,3,3,3,1419,0,3,12.063526217758655,1.9829419998131925,321.7380289997891,753.0
1780063123,5,GET,/health,0.100000,0.000000,3,3,3,3,3,3,3,3,3,3,3,742,0,3,13.047695221032727,1.640310999846406,389.5348979999653,56.0
1780063123,5,,Aggregated,2.200000,0.000000,140,140,150,160,210,310,390,390,390,390,390,9250,0,150,328.78569963189136,1.640310999846406,3028.4190880001916,2710.8784864864865
1780063124,5,POST,/api/book,1.900000,0.000000,140,140,150,160,210,310,390,390,390,390,390,7093,0,200,425.06980360510283,91.7988780001906,3028.4190880001916,3380.6785563231356
1780063124,5,GET,/api/concerts,0.300000,0.000000,3,3,3,3,3,3,3,3,3,3,3,1419,0,3,12.063526217758655,1.9829419998131925,321.7380289997891,753.0
1780063124,5,GET,/health,0.100000,0.000000,3,3,3,3,3,3,3,3,3,3,3,742,0,3,13.047695221032727,1.640310999846406,389.5348979999653,56.0
1780063124,5,,Aggregated,2.300000,0.000000,140,140,150,160,210,310,390,390,390,390,390,9254,0,150,328.70322568921495,1.640310999846406,3028.4190880001916,2711.1748433110006
1780063125,5,POST,/api/book,2.100000,0.000000,140,150,160,160,310,390,390,390,390,390,390,7093,0,200,425.06980360510283,91.7988780001906,3028.4190880001916,3380.6785563231356
1780063125,5,GET,/api/concerts,0.300000,0.000000,3,3,3,3,3,3,3,3,3,3,3,1421,0,3,12.050040321604456,1.9829419998131925,321.7380289997891,753.0
1780063125,5,GET,/health,0.100000,0.000000,3,3,3,3,3,3,3,3,3,3,3,743,0,3,13.033768483184776,1.640310999846406,389.5348979999653,56.0
1780063125,5,,Aggregated,2.500000,0.000000,140,140,150,160,210,310,390,390,390,390,390,9257,0,150,328.5975277358751,1.640310999846406,3028.4190880001916,2710.464945446689
1780063126,5,POST,/api/book,1.900000,0.000000,140,140,140,150,160,210,210,210,210,210,210,7094,0,200,425.0282530785163,91.7988780001906,3028.4190880001916,3380.676346208063
1780063126,5,GET,/api/concerts,0.300000,0.000000,3,3,3,3,3,3,3,3,3,3,3,1422,0,3,12.04340594655424,1.9829419998131925,321.7380289997891,753.0
1780063126,5,GET,/health,0.100000,0.000000,3,3,3,3,3,3,3,3,3,3,3,743,0,3,13.033768483184776,1.640310999846406,389.5348979999653,56.0
1780063126,5,,Aggregated,2.300000,0.000000,140,140,140,140,150,160,210,210,210,210,210,9259,0,150,328.54090512776713,1.640310999846406,3028.4190880001916,2710.3242250783023
1780063127,5,POST,/api/book,2.000000,0.000000,140,140,140,150,150,160,160,160,160,160,160,7096,0,200,424.94920000098574,91.7988780001906,3028.4190880001916,3380.679396843292
1780063127,5,GET,/api/concerts,0.300000,0.000000,3,3,3,3,3,3,3,3,3,3,3,1422,0,3,12.04340594655424,1.9829419998131925,321.7380289997891,753.0
1780063127,5,GET,/health,0.100000,0.000000,3,3,3,3,3,3,3,3,3,3,3,743,0,3,13.033768483184776,1.640310999846406,389.5348979999653,56.0
1780063127,5,,Aggregated,2.400000,0.000000,140,140,140,140,150,150,160,160,160,160,160,9261,0,150,328.50117011618573,1.640310999846406,3028.4190880001916,2710.4713313896987
1780063128,5,POST,/api/book,2.000000,0.000000,140,140,140,140,150,150,160,160,160,160,160,7099,0,200,424.82885910015415,91.7988780001906,3028.4190880001916,3380.6833356810816
1780063128,5,GET,/api/concerts,0.400000,0.000000,3,3,3,3,3,3,3,3,3,3,3,1422,0,3,12.04340594655424,1.9829419998131925,321.7380289997891,753.0
1780063128,5,GET,/health,0.100000,0.000000,3,3,3,3,3,3,3,3,3,3,3,743,0,3,13.033768483184776,1.640310999846406,389.5348979999653,56.0
1780063128,5,,Aggregated,2.500000,0.000000,140,140,140,140,150,150,160,160,160,160,160,9264,0,150,328.4401860957465,1.640310999846406,3028.4190880001916,2710.6913860103627
1780063129,5,POST,/api/book,1.800000,0.000000,140,140,140,150,150,160,160,160,160,160,160,7099,0,200,424.82885910015415,91.7988780001906,3028.4190880001916,3380.6833356810816
1780063129,5,GET,/api/concerts,0.500000,0.000000,3,3,3,3,3,3,3,3,3,3,3,1424,0,3,12.030350301264269,1.9829419998131925,321.7380289997891,753.0
1780063129,5,GET,/health,0.100000,0.000000,3,3,3,3,3,3,3,3,3,3,3,743,0,3,13.033768483184776,1.640310999846406,389.5348979999653,56.0
1780063129,5,,Aggregated,2.400000,0.000000,140,140,140,140,150,150,160,160,160,160,160,9266,0,150,328.36988771465525,1.640310999846406,3028.4190880001916,2710.2688322900926
1780063130,5,POST,/api/book,2.100000,0.000000,140,140,140,150,150,160,160,160,160,160,160,7100,0,200,424.788529723802,91.7988780001906,3028.4190880001916,3380.680422535211
1780063130,5,GET,/api/concerts,0.400000,0.000000,3,3,3,3,3,3,3,3,3,3,3,1426,0,3,12.017013513324287,1.9829419998131925,321.7380289997891,753.0
1780063130,5,GET,/health,0.100000,0.000000,3,3,3,3,3,3,3,3,3,3,3,743,0,3,13.033768483184776,1.640310999846406,389.5348979999653,56.0
1780063130,5,,Aggregated,2.600000,0.000000,140,140,140,140,150,150,160,160,160,160,160,9269,0,150,328.2790929217818,1.640310999846406,3028.4190880001916,2709.916603732873
1780063131,5,POST,/api/book,2.100000,0.000000,140,140,140,140,140,150,150,150,150,150,150,7102,0,200,424.7085155857497,91.7988780001906,3028.4190880001916,3380.683047029006
1780063131,5,GET,/api/concerts,0.400000,0.000000,3,3,3,3,3,3,3,3,3,3,3,1427,0,3,12.01081002943252,1.9829419998131925,321.7380289997891,753.0
1780063131,5,GET,/health,0.100000,0.000000,3,3,3,3,3,3,3,3,3,3,3,744,0,3,13.0197684946322,1.640310999846406,389.5348979999653,56.0
1780063131,5,,Aggregated,2.600000,0.000000,140,140,140,140,140,140,150,150,150,150,150,9273,0,150,328.1684472513745,1.640310999846406,3028.4190880001916,2709.5660519788635
1780063132,5,POST,/api/book,1.800000,0.000000,140,140,140,140,140,150,150,150,150,150,150,7102,0,200,424.7085155857497,91.7988780001906,3028.4190880001916,3380.683047029006
1780063132,5,GET,/api/concerts,0.600000,0.000000,3,3,3,3,3,3,3,3,3,3,3,1429,0,3,11.997402984605191,1.9829419998131925,321.7380289997891,753.0
1780063132,5,GET,/health,0.100000,0.000000,3,3,3,3,3,3,3,3,3,3,3,744,0,3,13.0197684946322,1.640310999846406,389.5348979999653,56.0
1780063132,5,,Aggregated,2.500000,0.000000,140,140,140,140,140,140,150,150,150,150,150,9275,0,150,328.0982074733149,1.640310999846406,3028.4190880001916,2709.144150943396
1780063133,5,POST,/api/book,1.900000,0.000000,140,140,140,140,140,150,150,150,150,150,150,7102,0,200,424.7085155857497,91.7988780001906,3028.4190880001916,3380.683047029006
1780063133,5,GET,/api/concerts,0.700000,0.000000,3,3,3,3,3,3,3,3,3,3,3,1430,0,3,11.990981927273252,1.9829419998131925,321.7380289997891,753.0
1780063133,5,GET,/health,0.100000,0.000000,3,3,3,3,3,3,3,3,3,3,3,744,0,3,13.0197684946322,1.640310999846406,389.5348979999653,56.0
1780063133,5,,Aggregated,2.700000,0.000000,130,140,140,140,140,140,150,150,150,150,150,9276,0,150,328.06314031974944,1.640310999846406,3028.4190880001916,2708.9332686502803
1780063134,5,POST,/api/book,1.600000,0.000000,140,140,140,140,140,150,150,150,150,150,150,7104,0,200,424.6239962167785,91.7988780001906,3028.4190880001916,3380.690596846847
1780063134,5,GET,/api/concerts,0.900000,0.000000,3,3,3,3,3,3,3,3,3,3,3,1431,0,3,11.984669507338113,1.9829419998131925,321.7380289997891,753.0
1780063134,5,GET,/health,0.200000,0.000000,3,3,3,3,3,3,3,3,3,3,3,744,0,3,13.0197684946322,1.640310999846406,389.5348979999653,56.0
1780063134,5,,Aggregated,2.700000,0.000000,3,130,140,140,140,140,150,150,150,150,150,9279,0,150,327.9842266353051,1.640310999846406,3028.4190880001916,2708.873046664511
1780063135,5,POST,/api/book,1.600000,0.000000,140,140,140,140,150,170,170,170,170,170,170,7105,0,200,424.58825538296895,91.7988780001906,3028.4190880001916,3380.692047853624
1780063135,5,GET,/api/concerts,0.900000,0.000000,3,3,3,3,3,3,3,3,3,3,3,1431,0,3,11.984669507338113,1.9829419998131925,321.7380289997891,753.0
1780063135,5,GET,/health,0.200000,0.000000,3,3,3,3,3,3,3,3,3,3,3,744,0,3,13.0197684946322,1.640310999846406,389.5348979999653,56.0
1780063135,5,,Aggregated,2.700000,0.000000,110,140,140,140,140,150,170,170,170,170,170,9280,0,150,327.9672763276935,1.640310999846406,3028.4190880001916,2708.946551724138
1780063136,5,POST,/api/book,1.400000,0.000000,140,140,140,140,150,170,170,170,170,170,170,7106,0,200,424.5480851981417,91.7988780001906,3028.4190880001916,3380.687447227695
1780063136,5,GET,/api/concerts,1.100000,0.000000,3,3,3,3,3,3,3,3,3,3,3,1432,0,3,11.978236469274522,1.9829419998131925,321.7380289997891,753.0
1780063136,5,GET,/health,0.200000,0.000000,3,3,3,3,3,3,3,3,3,3,3,744,0,3,13.0197684946322,1.640310999846406,389.5348979999653,56.0
1780063136,5,,Aggregated,2.700000,0.000000,110,140,140,140,140,150,170,170,170,170,170,9282,0,150,327.9118978455071,1.640310999846406,3028.4190880001916,2708.80467571644
1780063137,5,POST,/api/book,1.200000,0.000000,140,140,140,140,170,170,170,170,170,170,170,7107,0,200,424.50390791810815,91.7988780001906,3028.4190880001916,3380.6850991979736
1780063137,5,GET,/api/concerts,1.200000,0.000000,3,3,3,3,3,3,3,3,3,3,3,1433,0,3,11.971654770412492,1.9829419998131925,321.7380289997891,753.0
1780063137,5,GET,/health,0.200000,0.000000,3,3,3,3,3,3,3,3,3,3,3,745,0,3,13.005551287256676,1.640310999846406,389.5348979999653,56.0
1780063137,5,,Aggregated,2.600000,0.000000,3,110,140,140,140,140,170,170,170,170,170,9285,0,150,327.81839424544927,1.640310999846406,3028.4190880001916,2708.3788906838986
1780063138,5,POST,/api/book,1.200000,0.000000,140,140,140,140,140,170,170,170,170,170,170,7109,0,200,424.4163061882113,91.7988780001906,3028.4190880001916,3380.6827964551976
1780063138,5,GET,/api/concerts,1.000000,0.000000,3,3,3,3,3,3,3,3,3,3,3,1434,0,3,11.965274018829477,1.9829419998131925,321.7380289997891,753.0
1780063138,5,GET,/health,0.100000,0.000000,3,3,3,3,3,3,3,3,3,3,3,745,0,3,13.005551287256676,1.640310999846406,389.5348979999653,56.0
1780063138,5,,Aggregated,2.300000,0.000000,3,110,130,140,140,140,170,170,170,170,170,9288,0,150,327.7371726253226,1.640310999846406,3028.4190880001916,2708.3113695090437
1780063139,5,POST,/api/book,1.300000,0.000000,130,140,140,140,140,170,170,170,170,170,170,7110,0,200,424.37362059184164,91.7988780001906,3028.4190880001916,3380.6835443037976
1780063139,5,GET,/api/concerts,1.100000,0.000000,3,3,3,3,3,3,3,3,3,3,3,1434,0,3,11.965274018829477,1.9829419998131925,321.7380289997891,753.0
1780063139,5,GET,/health,0.100000,0.000000,3,3,3,3,3,3,3,3,3,3,3,745,0,3,13.005551287256676,1.640310999846406,389.5348979999653,56.0
1780063139,5,,Aggregated,2.500000,0.000000,93,120,130,140,140,140,170,170,170,170,170,9289,0,150,327.71490806975953,1.640310999846406,3028.4190880001916,2708.3843255463453
1780063140,5,POST,/api/book,1.000000,0.000000,130,140,140,140,150,170,170,170,170,170,170,7113,0,200,424.25183448741655,91.7988780001906,3028.4190880001916,3380.69155068185
1780063140,5,GET,/api/concerts,1.100000,0.000000,3,3,3,3,3,3,3,3,3,3,3,1434,0,3,11.965274018829477,1.9829419998131925,321.7380289997891,753.0
1780063140,5,GET,/health,0.200000,0.000000,3,3,3,3,3,3,3,3,3,3,3,745,0,3,13.005551287256676,1.640310999846406,389.5348979999653,56.0
1780063140,5,,Aggregated,2.300000,0.000000,110,120,130,140,140,150,170,170,170,170,170,9292,0,150,327.65288822223374,1.640310999846406,3028.4190880001916,2708.6075118381405
1780063141,5,POST,/api/book,1.000000,0.000000,130,140,140,140,150,170,170,170,170,170,170,7113,0,200,424.25183448741655,91.7988780001906,3028.4190880001916,3380.69155068185
1780063141,5,GET,/api/concerts,1.100000,0.000000,3,3,3,3,3,3,3,3,3,3,3,1435,0,3,11.95918944738764,1.9829419998131925,321.7380289997891,753.0
1780063141,5,GET,/health,0.200000,0.000000,3,3,3,3,3,3,3,3,3,3,3,745,0,3,13.005551287256676,1.640310999846406,389.5348979999653,56.0
1780063141,5,,Aggregated,2.300000,0.000000,110,120,130,140,150,170,170,170,170,170,170,9293,0,150,327.6179781851927,1.640310999846406,3028.4190880001916,2708.3970730657484
1780063142,5,POST,/api/book,1.100000,0.000000,130,140,140,140,150,170,170,170,170,170,170,7116,0,200,424.12948557546287,91.7988780001906,3028.4190880001916,3380.6852164137154
1780063142,5,GET,/api/concerts,0.900000,0.000000,3,3,3,3,3,3,3,3,3,3,3,1435,0,3,11.95918944738764,1.9829419998131925,321.7380289997891,753.0
1780063142,5,GET,/health,0.200000,0.000000,3,3,3,3,3,3,3,3,3,3,3,745,0,3,13.005551287256676,1.640310999846406,389.5348979999653,56.0
1780063142,5,,Aggregated,2.200000,0.000000,120,130,140,140,140,150,170,170,170,170,170,9296,0,150,327.55550687618285,1.640310999846406,3028.4190880001916,2708.609186746988
1780063143,5,POST,/api/book,1.200000,0.000000,140,140,140,140,150,170,170,170,170,170,170,7119,0,200,424.00824346888527,91.7988780001906,3028.4190880001916,3380.682961090041
1780063143,5,GET,/api/concerts,0.800000,0.000000,3,3,3,3,3,3,3,3,3,3,3,1435,0,3,11.95918944738764,1.9829419998131925,321.7380289997891,753.0
1780063143,5,GET,/health,0.200000,0.000000,3,3,3,3,3,3,3,3,3,3,3,745,0,3,13.005551287256676,1.640310999846406,389.5348979999653,56.0
1780063143,5,,Aggregated,2.200000,0.000000,130,140,140,140,140,150,170,170,170,170,170,9299,0,150,327.49384426508186,1.640310999846406,3028.4190880001916,2708.82428218088
1780063144,5,POST,/api/book,1.200000,0.000000,140,140,140,140,150,170,170,170,170,170,170,7121,0,200,423.9264036716745,91.7988780001906,3028.4190880001916,3380.6868417357114
1780063144,5,GET,/api/concerts,0.700000,0.000000,3,3,3,3,3,3,3,3,3,3,3,1435,0,3,11.95918944738764,1.9829419998131925,321.7380289997891,753.0
1780063144,5,GET,/health,0.100000,0.000000,2,2,2,2,2,2,2,2,2,2,2,745,0,3,13.005551287256676,1.640310999846406,389.5348979999653,56.0
1780063144,5,,Aggregated,2.000000,0.000000,130,140,140,140,140,150,170,170,170,170,170,9301,0,150,327.45193991097693,1.640310999846406,3028.4190880001916,2708.9717234705945
1780063145,5,POST,/api/book,1.400000,0.000000,140,140,140,140,150,200,200,200,200,200,200,7123,0,200,423.85523650708893,91.7988780001906,3028.4190880001916,3380.6814544433523
1780063145,5,GET,/api/concerts,0.600000,0.000000,3,3,3,3,3,3,3,3,3,3,3,1435,0,3,11.95918944738764,1.9829419998131925,321.7380289997891,753.0
1780063145,5,GET,/health,0.100000,0.000000,2,2,2,2,2,2,2,2,2,2,2,745,0,3,13.005551287256676,1.640310999846406,389.5348979999653,56.0
1780063145,5,,Aggregated,2.100000,0.000000,130,140,140,140,140,150,200,200,200,200,200,9303,0,150,327.4181900683647,1.640310999846406,3028.4190880001916,2709.112006879501
1780063146,5,POST,/api/book,1.600000,0.000000,140,140,140,140,150,200,200,200,200,200,200,7124,0,200,423.8155482749852,91.7988780001906,3028.4190880001916,3380.680797304885
1780063146,5,GET,/api/concerts,0.500000,0.000000,3,3,3,3,3,3,3,3,3,3,3,1435,0,3,11.95918944738764,1.9829419998131925,321.7380289997891,753.0
1780063146,5,GET,/health,0.100000,0.000000,2,2,2,2,2,2,2,2,2,2,2,745,0,3,13.005551287256676,1.640310999846406,389.5348979999653,56.0
1780063146,5,,Aggregated,2.200000,0.000000,140,140,140,140,150,200,200,200,200,200,200,9304,0,150,327.39816621635816,1.640310999846406,3028.4190880001916,2709.1836844368013
1780063147,5,POST,/api/book,1.600000,0.000000,140,140,140,140,150,200,200,200,200,200,200,7128,0,200,423.65573158094764,91.7988780001906,3028.4190880001916,3380.685746352413
1780063147,5,GET,/api/concerts,0.400000,0.000000,3,3,3,3,3,3,3,3,3,3,3,1435,0,3,11.95918944738764,1.9829419998131925,321.7380289997891,753.0
1780063147,5,GET,/health,0.100000,0.000000,2,2,2,2,2,2,2,2,2,2,2,745,0,3,13.005551287256676,1.640310999846406,389.5348979999653,56.0
1780063147,5,,Aggregated,2.100000,0.000000,140,140,140,140,140,150,200,200,200,200,200,9308,0,150,327.3172139315639,1.640310999846406,3028.4190880001916,2709.47604211431
1780063148,5,POST,/api/book,1.600000,0.000000,140,140,140,140,150,200,200,200,200,200,200,7129,0,200,423.61614439668887,91.7988780001906,3028.4190880001916,3380.685229344929
1780063148,5,GET,/api/concerts,0.400000,0.000000,3,3,3,3,3,3,3,3,3,3,3,1435,0,3,11.95918944738764,1.9829419998131925,321.7380289997891,753.0
1780063148,5,GET,/health,0.100000,0.000000,2,2,2,2,2,2,2,2,2,2,2,745,0,3,13.005551287256676,1.640310999846406,389.5348979999653,56.0
1780063148,5,,Aggregated,2.100000,0.000000,140,140,140,140,140,150,200,200,200,200,200,9309,0,150,327.29724631754186,1.640310999846406,3028.4190880001916,2709.547749489741
1780063149,5,POST,/api/book,1.700000,0.000000,140,140,140,140,140,150,200,200,200,200,200,7131,0,200,423.5364712658807,91.7988780001906,3028.4190880001916,3380.6788669190855
1780063149,5,GET,/api/concerts,0.200000,0.000000,3,3,3,3,3,3,3,3,3,3,3,1436,0,3,11.952609079388274,1.9829419998131925,321.7380289997891,753.0
1780063149,5,GET,/health,0.100000,0.000000,2,2,2,2,2,2,2,2,2,2,2,745,0,3,13.005551287256676,1.640310999846406,389.5348979999653,56.0
1780063149,5,,Aggregated,2.000000,0.000000,140,140,140,140,140,150,200,200,200,200,200,9312,0,150,327.2220424123709,1.640310999846406,3028.4190880001916,2709.4769115120275
1780063150,5,POST,/api/book,2.100000,0.000000,140,140,140,140,200,290,300,300,300,300,300,7134,0,200,423.4606304017375,91.7988780001906,3028.4190880001916,3380.6890944771517
1780063150,5,GET,/api/concerts,0.200000,0.000000,3,3,3,3,3,3,3,3,3,3,3,1436,0,3,11.952609079388274,1.9829419998131925,321.7380289997891,753.0
1780063150,5,GET,/health,0.000000,0.000000,2,2,2,2,2,2,2,2,2,2,2,745,0,3,13.005551287256676,1.640310999846406,389.5348979999653,56.0
1780063150,5,,Aggregated,2.300000,0.000000,140,140,140,140,200,290,300,300,300,300,300,9315,0,150,327.19497795308615,1.640310999846406,3028.4190880001916,2709.7009125067098
1780063151,5,POST,/api/book,2.000000,0.000000,140,140,140,140,200,290,300,300,300,300,300,7137,0,200,423.34092192854075,91.7988780001906,3028.4190880001916,3380.688524590164
1780063151,5,GET,/api/concerts,0.100000,0.000000,3,3,3,3,3,3,3,3,3,3,3,1436,0,3,11.952609079388274,1.9829419998131925,321.7380289997891,753.0
1780063151,5,GET,/health,0.000000,0.000000,2,2,2,2,2,2,2,2,2,2,2,745,0,3,13.005551287256676,1.640310999846406,389.5348979999653,56.0
1780063151,5,,Aggregated,2.100000,0.000000,140,140,140,140,200,290,300,300,300,300,300,9318,0,150,327.1342822656147,1.640310999846406,3028.4190880001916,2709.916505687916
1780063152,5,POST,/api/book,2.100000,0.000000,140,140,140,140,200,290,300,300,300,300,300,7138,0,200,423.30100103502326,91.7988780001906,3028.4190880001916,3380.696833847016
1780063152,5,GET,/api/concerts,0.200000,0.000000,3,3,3,3,3,3,3,3,3,3,3,1436,0,3,11.952609079388274,1.9829419998131925,321.7380289997891,753.0
1780063152,5,GET,/health,0.000000,0.000000,2,2,2,2,2,2,2,2,2,2,2,745,0,3,13.005551287256676,1.640310999846406,389.5348979999653,56.0
1780063152,5,,Aggregated,2.300000,0.000000,140,140,140,140,200,290,300,300,300,300,300,9319,0,150,327.1140280861679,1.640310999846406,3028.4190880001916,2709.9948492327503
1780063153,5,POST,/api/book,2.300000,0.000000,140,140,140,140,200,290,300,300,300,300,300,7140,0,200,423.21514143039155,91.7988780001906,3028.4190880001916,3380.699019607843
1780063153,5,GET,/api/concerts,0.200000,0.000000,3,3,3,3,3,3,3,3,3,3,3,1436,0,3,11.952609079388274,1.9829419998131925,321.7380289997891,753.0
1780063153,5,GET,/health,0.000000,0.000000,22,22,22,22,22,22,22,22,22,22,22,746,0,3,13.017440670250286,1.640310999846406,389.5348979999653,56.0
1780063153,5,,Aggregated,2.500000,0.000000,140,140,140,140,200,290,300,300,300,300,300,9322,0,150,327.03615824833713,1.640310999846406,3028.4190880001916,2709.8557176571553
1780063154,5,POST,/api/book,2.300000,0.000000,140,140,140,140,200,290,300,300,300,300,300,7142,0,200,423.1357766572382,91.7988780001906,3028.4190880001916,3380.6944833380007
1780063154,5,GET,/api/concerts,0.100000,0.000000,3,3,3,3,3,3,3,3,3,3,3,1436,0,3,11.952609079388274,1.9829419998131925,321.7380289997891,753.0
1780063154,5,GET,/health,0.000000,0.000000,3,3,22,22,22,22,22,22,22,22,22,747,0,3,13.003584892914168,1.640310999846406,389.5348979999653,56.0
1780063154,5,,Aggregated,2.400000,0.000000,140,140,140,140,200,290,300,300,300,300,300,9325,0,150,326.96121624010703,1.640310999846406,3028.4190880001916,2709.711528150134
1780063155,5,POST,/api/book,2.200000,0.000000,140,140,140,140,290,300,300,300,300,300,300,7143,0,200,423.0959208056832,91.7988780001906,3028.4190880001916,3380.6911661766767
1780063155,5,GET,/api/concerts,0.100000,0.000000,3,3,3,3,3,3,3,3,3,3,3,1436,0,3,11.952609079388274,1.9829419998131925,321.7380289997891,753.0
1780063155,5,GET,/health,0.000000,0.000000,22,22,22,22,22,22,22,22,22,22,22,747,0,3,13.003584892914168,1.640310999846406,389.5348979999653,56.0
1780063155,5,,Aggregated,2.300000,0.000000,140,140,140,140,140,290,300,300,300,300,300,9326,0,150,326.94100223761507,1.640310999846406,3028.4190880001916,2709.7809350203734
1780063156,5,POST,/api/book,2.200000,0.000000,140,140,140,140,290,300,300,300,300,300,300,7144,0,200,423.05639084406425,91.7988780001906,3028.4190880001916,3380.6947088465845
1780063156,5,GET,/api/concerts,0.100000,0.000000,3,3,3,3,3,3,3,3,3,3,3,1437,0,3,11.946425050800972,1.9829419998131925,321.7380289997891,753.0
1780063156,5,GET,/health,0.100000,0.000000,22,22,22,22,22,22,22,22,22,22,22,747,0,3,13.003584892914168,1.640310999846406,389.5348979999653,56.0
1780063156,5,,Aggregated,2.400000,0.000000,140,140,140,140,140,290,300,300,300,300,300,9328,0,150,326.8863150624997,1.640310999846406,3028.4190880001916,2709.6457975986277
1780063157,5,POST,/api/book,2.100000,0.000000,140,140,140,140,140,290,300,300,300,300,300,7145,0,200,423.0163589150448,91.7988780001906,3028.4190880001916,3380.690832750175
1780063157,5,GET,/api/concerts,0.100000,0.000000,3,3,3,3,3,3,3,3,3,3,3,1438,0,3,11.940029664117366,1.9829419998131925,321.7380289997891,753.0
1780063157,5,GET,/health,0.200000,0.000000,3,3,22,22,22,22,22,22,22,22,22,748,0,3,12.989569032095673,1.640310999846406,389.5348979999653,56.0
1780063157,5,,Aggregated,2.400000,0.000000,140,140,140,140,140,290,300,300,300,300,300,9331,0,150,326.7964681964417,1.640310999846406,3028.4190880001916,2709.2206623084344
1780063158,5,POST,/api/book,2.100000,0.000000,140,140,140,140,290,300,300,300,300,300,300,7147,0,200,422.93397980691117,91.7988780001906,3028.4190880001916,3380.6854624317893
1780063158,5,GET,/api/concerts,0.100000,0.000000,3,3,3,3,3,3,3,3,3,3,3,1439,0,3,11.933584258513028,1.9829419998131925,321.7380289997891,753.0
1780063158,5,GET,/health,0.200000,0.000000,3,3,22,22,22,22,22,22,22,22,22,748,0,3,12.989569032095673,1.640310999846406,389.5348979999653,56.0
1780063158,5,,Aggregated,2.400000,0.000000,140,140,140,140,140,290,300,300,300,300,300,9334,0,150,326.71928209385,1.640310999846406,3028.4190880001916,2709.1508463681166
1780063159,5,POST,/api/book,2.100000,0.000000,140,140,140,140,290,300,300,300,300,300,300,7148,0,200,422.89486477993756,91.7988780001906,3028.4190880001916,3380.6892837157247
1780063159,5,GET,/api/concerts,0.200000,0.000000,3,3,3,3,3,3,3,3,3,3,3,1440,0,3,11.927254210416688,1.9829419998131925,321.7380289997891,753.0
1780063159,5,GET,/health,0.300000,0.000000,3,3,22,22,22,22,22,22,22,22,22,748,0,3,12.989569032095673,1.640310999846406,389.5348979999653,56.0
1780063159,5,,Aggregated,2.600000,0.000000,140,140,140,140,140,290,300,300,300,300,300,9336,0,150,326.66494613817434,1.640310999846406,3028.4190880001916,2709.0161739503
1780063160,5,POST,/api/book,1.700000,0.000000,140,140,140,140,140,140,140,140,140,140,140,7150,0,200,422.81624049650264,91.7988780001906,3028.4190880001916,3380.6826573426574
1780063160,5,GET,/api/concerts,0.300000,0.000000,3,3,3,3,3,3,3,3,3,3,3,1441,0,3,11.920775789035453,1.9829419998131925,321.7380289997891,753.0
1780063160,5,GET,/health,0.300000,0.000000,3,3,22,22,22,22,22,22,22,22,22,748,0,3,12.989569032095673,1.640310999846406,389.5348979999653,56.0
1780063160,5,,Aggregated,2.300000,0.000000,140,140,140,140,140,140,140,140,140,140,140,9339,0,150,326.59065800385434,1.640310999846406,3028.4190880001916,2708.945497376593
1780063161,5,POST,/api/book,1.900000,0.000000,140,140,140,140,340,350,350,350,350,350,350,7152,0,200,422.79510859619603,91.7988780001906,3028.4190880001916,3380.678831096197
1780063161,5,GET,/api/concerts,0.400000,0.000000,3,3,3,3,3,3,3,3,3,3,3,1441,0,3,11.920775789035453,1.9829419998131925,321.7380289997891,753.0
1780063161,5,GET,/health,0.300000,0.000000,3,3,22,22,22,22,22,22,22,22,22,748,0,3,12.989569032095673,1.640310999846406,389.5348979999653,56.0
1780063161,5,,Aggregated,2.600000,0.000000,140,140,140,140,140,340,350,350,350,350,350,9341,0,150,326.5950810649819,1.640310999846406,3028.4190880001916,2709.086393319773
1780063162,5,POST,/api/book,1.800000,0.000000,140,140,140,140,340,350,350,350,350,350,350,7155,0,200,422.67339459343026,91.7988780001906,3028.4190880001916,3380.680782669462
1780063162,5,GET,/api/concerts,0.400000,0.000000,3,3,3,3,3,3,3,3,3,3,3,1441,0,3,11.920775789035453,1.9829419998131925,321.7380289997891,753.0
1780063162,5,GET,/health,0.300000,0.000000,3,3,22,22,22,22,22,22,22,22,22,748,0,3,12.989569032095673,1.640310999846406,389.5348979999653,56.0
1780063162,5,,Aggregated,2.500000,0.000000,140,140,140,140,140,340,350,350,350,350,350,9344,0,150,326.5327668946913,1.640310999846406,3028.4190880001916,2709.3035102739727
1780063163,5,POST,/api/book,1.400000,0.000000,140,140,140,140,340,350,350,350,350,350,350,7157,0,200,422.592918286432,91.7988780001906,3028.4190880001916,3380.677239066648
1780063163,5,GET,/api/concerts,0.500000,0.000000,3,3,3,3,4,4,4,4,4,4,4,1442,0,3,11.915272592926469,1.9829419998131925,321.7380289997891,753.0
1780063163,5,GET,/health,0.300000,0.000000,3,3,3,3,3,3,3,3,3,3,3,748,0,3,12.989569032095673,1.640310999846406,389.5348979999653,56.0
1780063163,5,,Aggregated,2.200000,0.000000,140,140,140,140,140,340,350,350,350,350,350,9347,0,150,326.45720946731524,1.640310999846406,3028.4190880001916,2709.235155664919
1780063164,5,POST,/api/book,1.500000,0.000000,140,140,140,140,340,350,350,350,350,350,350,7157,0,200,422.592918286432,91.7988780001906,3028.4190880001916,3380.677239066648
1780063164,5,GET,/api/concerts,0.500000,0.000000,3,3,3,3,4,4,4,4,4,4,4,1443,0,3,11.90877600346522,1.9829419998131925,321.7380289997891,753.0
1780063164,5,GET,/health,0.300000,0.000000,3,3,3,3,3,3,3,3,3,3,3,748,0,3,12.989569032095673,1.640310999846406,389.5348979999653,56.0
1780063164,5,,Aggregated,2.300000,0.000000,140,140,140,140,140,340,350,350,350,350,350,9348,0,150,326.4225585777702,1.640310999846406,3028.4190880001916,2709.025887890458
1780063165,5,POST,/api/book,1.800000,0.000000,140,140,140,140,340,350,350,350,350,350,350,7158,0,200,422.55361275509824,91.7988780001906,3028.4190880001916,3380.685666387259
1780063165,5,GET,/api/concerts,0.500000,0.000000,3,3,3,3,4,4,4,4,4,4,4,1443,0,3,11.90877600346522,1.9829419998131925,321.7380289997891,753.0
1780063165,5,GET,/health,0.300000,0.000000,3,3,3,3,3,3,3,3,3,3,3,749,0,3,12.975826200277522,1.640310999846406,389.5348979999653,56.0
1780063165,5,,Aggregated,2.600000,0.000000,130,140,140,140,140,340,350,350,350,350,350,9350,0,150,326.3681302350798,1.640310999846406,3028.4190880001916,2708.820427807487
1780063166,5,POST,/api/book,1.600000,0.000000,140,140,140,150,340,350,350,350,350,350,350,7160,0,200,422.47604720041824,91.7988780001906,3028.4190880001916,3380.6811452513966
1780063166,5,GET,/api/concerts,0.600000,0.000000,3,3,3,3,4,4,4,4,4,4,4,1444,0,3,11.90243483933558,1.9829419998131925,321.7380289997891,753.0
1780063166,5,GET,/health,0.200000,0.000000,3,3,3,3,3,3,3,3,3,3,3,749,0,3,12.975826200277522,1.640310999846406,389.5348979999653,56.0
1780063166,5,,Aggregated,2.400000,0.000000,140,140,140,140,150,340,350,350,350,350,350,9353,0,150,326.29471909408716,1.640310999846406,3028.4190880001916,2708.7515235753235
1780063167,5,POST,/api/book,1.500000,0.000000,140,140,140,150,340,350,350,350,350,350,350,7160,0,200,422.47604720041824,91.7988780001906,3028.4190880001916,3380.6811452513966
1780063167,5,GET,/api/concerts,0.700000,0.000000,3,3,3,3,4,4,4,4,4,4,4,1445,0,3,11.895892704498667,1.9829419998131925,321.7380289997891,753.0
1780063167,5,GET,/health,0.100000,0.000000,3,3,3,3,3,3,3,3,3,3,3,750,0,3,12.961927489343603,1.640310999846406,389.5348979999653,56.0
1780063167,5,,Aggregated,2.300000,0.000000,130,140,140,140,150,340,350,350,350,350,350,9355,0,150,326.22549529983934,1.640310999846406,3028.4190880001916,2708.2588989845003
1780063168,5,POST,/api/book,1.500000,0.000000,140,140,340,350,360,410,410,410,410,410,410,7163,0,200,422.42558224626475,91.7988780001906,3028.4190880001916,3380.680999581181
1780063168,5,GET,/api/concerts,0.700000,0.000000,3,3,3,3,4,4,4,4,4,4,4,1445,0,3,11.895892704498667,1.9829419998131925,321.7380289997891,753.0
1780063168,5,GET,/health,0.200000,0.000000,3,3,3,3,3,3,3,3,3,3,3,750,0,3,12.961927489343603,1.640310999846406,389.5348979999653,56.0
1780063168,5,,Aggregated,2.400000,0.000000,140,140,140,150,350,360,410,410,410,410,410,9358,0,150,326.21772346708667,1.640310999846406,3028.4190880001916,2708.4743534943364
1780063169,5,POST,/api/book,1.500000,0.000000,140,140,340,350,360,410,410,410,410,410,410,7164,0,200,422.38663842880993,91.7988780001906,3028.4190880001916,3380.67518146287
1780063169,5,GET,/api/concerts,0.800000,0.000000,3,3,3,3,4,4,4,4,4,4,4,1446,0,3,11.889538208852537,1.9829419998131925,321.7380289997891,753.0
1780063169,5,GET,/health,0.100000,0.000000,3,3,3,3,3,3,3,3,3,3,3,750,0,3,12.961927489343603,1.640310999846406,389.5348979999653,56.0
1780063169,5,,Aggregated,2.400000,0.000000,140,140,140,150,350,360,410,410,410,410,410,9360,0,150,326.16363200544845,1.640310999846406,3028.4190880001916,2708.3327991452993
1780063170,5,POST,/api/book,1.400000,0.000000,140,150,340,350,360,410,410,410,410,410,410,7164,0,200,422.38663842880993,91.7988780001906,3028.4190880001916,3380.67518146287
1780063170,5,GET,/api/concerts,0.700000,0.000000,3,3,3,3,4,4,4,4,4,4,4,1447,0,3,11.883125645473614,1.9829419998131925,321.7380289997891,753.0
1780063170,5,GET,/health,0.200000,0.000000,3,3,3,3,3,3,3,3,3,3,3,751,0,3,12.948333866854309,1.640310999846406,389.5348979999653,56.0
1780063170,5,,Aggregated,2.300000,0.000000,140,140,140,150,350,360,410,410,410,410,410,9362,0,150,326.0945267300787,1.640310999846406,3028.4190880001916,2707.8406323435165
1780063171,5,POST,/api/book,1.500000,0.000000,140,140,140,150,360,410,410,410,410,410,410,7166,0,200,422.304999794864,91.7988780001906,3028.4190880001916,3380.674574379012
1780063171,5,GET,/api/concerts,0.600000,0.000000,3,3,3,3,4,4,4,4,4,4,4,1448,0,3,11.876761588397967,1.9829419998131925,321.7380289997891,753.0
1780063171,5,GET,/health,0.200000,0.000000,3,3,3,3,3,3,3,3,3,3,3,751,0,3,12.948333866854309,1.640310999846406,389.5348979999653,56.0
1780063171,5,,Aggregated,2.300000,0.000000,130,140,140,140,150,360,410,410,410,410,410,9365,0,150,326.01808628339535,1.640310999846406,3028.4190880001916,2707.7751201281367
1780063172,5,POST,/api/book,1.500000,0.000000,140,140,140,150,360,410,410,410,410,410,410,7169,0,200,422.1850222524752,91.7988780001906,3028.4190880001916,3380.6775003487237
1780063172,5,GET,/api/concerts,0.600000,0.000000,3,3,3,3,4,4,4,4,4,4,4,1448,0,3,11.876761588397967,1.9829419998131925,321.7380289997891,753.0
1780063172,5,GET,/health,0.200000,0.000000,3,3,3,3,3,3,3,3,3,3,3,751,0,3,12.948333866854309,1.640310999846406,389.5348979999653,56.0
1780063172,5,,Aggregated,2.300000,0.000000,120,140,140,140,150,360,410,410,410,410,410,9368,0,150,325.9571065373609,1.640310999846406,3028.4190880001916,2707.992847993168
1780063173,5,POST,/api/book,1.400000,0.000000,140,140,140,150,360,410,410,410,410,410,410,7170,0,200,422.14578547126854,91.7988780001906,3028.4190880001916,3380.6803347280334
1780063173,5,GET,/api/concerts,0.600000,0.000000,3,3,3,3,3,3,3,3,3,3,3,1448,0,3,11.876761588397967,1.9829419998131925,321.7380289997891,753.0
1780063173,5,GET,/health,0.300000,0.000000,3,3,3,3,3,3,3,3,3,3,3,752,0,3,12.934620227403027,1.640310999846406,389.5348979999653,56.0
1780063173,5,,Aggregated,2.300000,0.000000,120,140,140,140,150,360,410,410,410,410,410,9370,0,150,325.9028459999997,1.640310999846406,3028.4190880001916,2707.783778014941
1780063174,5,POST,/api/book,1.500000,0.000000,140,140,190,230,360,410,410,410,410,410,410,7172,0,200,422.0866559227545,91.7988780001906,3028.4190880001916,3380.676519799219
1780063174,5,GET,/api/concerts,0.700000,0.000000,3,3,3,3,3,3,3,3,3,3,3,1448,0,3,11.876761588397967,1.9829419998131925,321.7380289997891,753.0
1780063174,5,GET,/health,0.300000,0.000000,3,3,3,3,3,3,3,3,3,3,3,752,0,3,12.934620227403027,1.640310999846406,389.5348979999653,56.0
1780063174,5,,Aggregated,2.500000,0.000000,140,140,140,150,230,360,410,410,410,410,410,9372,0,150,325.8781350265682,1.640310999846406,3028.4190880001916,2707.9244558258642
1780063175,5,POST,/api/book,1.300000,0.000000,140,190,230,260,360,410,410,410,410,410,410,7176,0,200,421.96844142251877,91.7988780001906,3028.4190880001916,3380.675445930881
1780063175,5,GET,/api/concerts,0.700000,0.000000,3,3,3,3,3,3,3,3,3,3,3,1448,0,3,11.876761588397967,1.9829419998131925,321.7380289997891,753.0
1780063175,5,GET,/health,0.400000,0.000000,3,3,3,3,3,3,3,3,3,3,3,752,0,3,12.934620227403027,1.640310999846406,389.5348979999653,56.0
1780063175,5,,Aggregated,2.400000,0.000000,140,140,150,230,290,360,410,410,410,410,410,9376,0,150,325.8287031611558,1.640310999846406,3028.4190880001916,2708.210644197952
1780063176,5,POST,/api/book,1.300000,0.000000,140,150,230,260,360,410,410,410,410,410,410,7177,0,200,421.92920884965787,91.7988780001906,3028.4190880001916,3380.677023826111
1780063176,5,GET,/api/concerts,0.600000,0.000000,3,3,3,3,3,3,3,3,3,3,3,1448,0,3,11.876761588397967,1.9829419998131925,321.7380289997891,753.0
1780063176,5,GET,/health,0.400000,0.000000,3,3,3,3,3,3,3,3,3,3,3,752,0,3,12.934620227403027,1.640310999846406,389.5348979999653,56.0
1780063176,5,,Aggregated,2.300000,0.000000,140,140,190,230,290,360,410,410,410,410,410,9377,0,150,325.80892791991005,1.640310999846406,3028.4190880001916,2708.28356617255
1780063177,5,POST,/api/book,1.600000,0.000000,140,140,230,260,360,410,410,410,410,410,410,7179,0,200,421.85098538417554,91.7988780001906,3028.4190880001916,3380.683521381808
1780063177,5,GET,/api/concerts,0.500000,0.000000,3,3,3,3,3,3,3,3,3,3,3,1449,0,3,11.870425528640752,1.9829419998131925,321.7380289997891,753.0
1780063177,5,GET,/health,0.400000,0.000000,3,3,3,3,3,3,3,3,3,3,3,752,0,3,12.934620227403027,1.640310999846406,389.5348979999653,56.0
1780063177,5,,Aggregated,2.500000,0.000000,140,140,140,230,290,360,410,410,410,410,410,9380,0,150,325.7351071508527,1.640310999846406,3028.4190880001916,2708.2234541577827
1780063178,5,POST,/api/book,1.700000,0.000000,140,140,140,190,260,290,290,290,290,290,290,7181,0,200,421.7648057906972,91.7988780001906,3028.4190880001916,3380.684305806991
1780063178,5,GET,/api/concerts,0.500000,0.000000,3,3,3,3,3,3,3,3,3,3,3,1449,0,3,11.870425528640752,1.9829419998131925,321.7380289997891,753.0
1780063178,5,GET,/health,0.300000,0.000000,3,3,3,3,3,3,3,3,3,3,3,752,0,3,12.934620227403027,1.640310999846406,389.5348979999653,56.0
1780063178,5,,Aggregated,2.500000,0.000000,140,140,140,140,230,260,290,290,290,290,290,9382,0,150,325.68963455393293,1.640310999846406,3028.4190880001916,2708.3674056704326
1780063179,5,POST,/api/book,1.700000,0.000000,140,140,140,190,260,290,290,290,290,290,290,7182,0,200,421.72133506488393,91.7988780001906,3028.4190880001916,3380.6878306878307
1780063179,5,GET,/api/concerts,0.300000,0.000000,3,3,3,3,3,3,3,3,3,3,3,1450,0,3,11.864388164827876,1.9829419998131925,321.7380289997891,753.0
1780063179,5,GET,/health,0.300000,0.000000,3,3,3,3,3,3,3,3,3,3,3,754,0,3,12.907130370036246,1.640310999846406,389.5348979999653,56.0
1780063179,5,,Aggregated,2.300000,0.000000,140,140,140,140,230,260,290,290,290,290,290,9386,0,150,325.56338883166404,1.640310999846406,3028.4190880001916,2707.6682292776477
1780063180,5,POST,/api/book,2.000000,0.000000,140,140,140,190,260,290,290,290,290,290,290,7183,0,200,421.68045262759233,91.7988780001906,3028.4190880001916,3380.6910761520257
1780063180,5,GET,/api/concerts,0.400000,0.000000,3,3,3,3,3,3,3,3,3,3,3,1450,0,3,11.864388164827876,1.9829419998131925,321.7380289997891,753.0
1780063180,5,GET,/health,0.200000,0.000000,3,3,3,3,3,3,3,3,3,3,3,754,0,3,12.907130370036246,1.640310999846406,389.5348979999653,56.0
1780063180,5,,Aggregated,2.600000,0.000000,140,140,140,140,230,260,290,290,290,290,290,9387,0,150,325.5423490318524,1.640310999846406,3028.4190880001916,2707.742409715564
1780063181,5,POST,/api/book,1.800000,0.000000,140,140,140,190,260,290,290,290,290,290,290,7185,0,200,421.60119904718096,91.7988780001906,3028.4190880001916,3380.688239387613
1780063181,5,GET,/api/concerts,0.400000,0.000000,3,3,3,3,3,3,3,3,3,3,3,1450,0,3,11.864388164827876,1.9829419998131925,321.7380289997891,753.0
1780063181,5,GET,/health,0.300000,0.000000,3,3,3,3,3,3,3,3,3,3,3,754,0,3,12.907130370036246,1.640310999846406,389.5348979999653,56.0
1780063181,5,,Aggregated,2.500000,0.000000,140,140,140,140,230,260,290,290,290,290,290,9389,0,150,325.50217853786324,1.640310999846406,3028.4190880001916,2707.883587176483
1780063182,5,POST,/api/book,1.800000,0.000000,140,140,190,230,260,290,290,290,290,290,290,7188,0,200,421.5002536175564,91.7988780001906,3028.4190880001916,3380.68795214246
1780063182,5,GET,/api/concerts,0.400000,0.000000,3,3,3,3,3,3,3,3,3,3,3,1451,0,3,11.858558960716922,1.9829419998131925,321.7380289997891,753.0
1780063182,5,GET,/health,0.400000,0.000000,3,3,3,3,3,3,3,3,3,3,3,754,0,3,12.907130370036246,1.640310999846406,389.5348979999653,56.0
1780063182,5,,Aggregated,2.600000,0.000000,140,140,150,190,250,260,290,290,290,290,290,9393,0,150,325.4213316676246,1.640310999846406,3028.4190880001916,2707.8901309485786
1780063183,5,POST,/api/book,2.000000,0.000000,140,140,190,230,260,290,290,290,290,290,290,7189,0,200,421.46119550730214,91.7988780001906,3028.4190880001916,3380.684100709417
1780063183,5,GET,/api/concerts,0.300000,0.000000,3,3,3,3,3,3,3,3,3,3,3,1451,0,3,11.858558960716922,1.9829419998131925,321.7380289997891,753.0
1780063183,5,GET,/health,0.300000,0.000000,3,3,3,3,3,3,3,3,3,3,3,754,0,3,12.907130370036246,1.640310999846406,389.5348979999653,56.0
1780063183,5,,Aggregated,2.600000,0.000000,140,140,150,190,250,260,290,290,290,290,290,9394,0,150,325.40166913487303,1.640310999846406,3028.4190880001916,2707.9588034915905
1780063184,5,POST,/api/book,1.800000,0.000000,140,140,140,150,260,290,290,290,290,290,290,7190,0,200,421.4209971243387,91.7988780001906,3028.4190880001916,3380.6827538247567
1780063184,5,GET,/api/concerts,0.200000,0.000000,3,3,3,3,3,3,3,3,3,3,3,1452,0,3,11.85222313292027,1.9829419998131925,321.7380289997891,753.0
1780063184,5,GET,/health,0.300000,0.000000,3,3,3,3,3,3,3,3,3,3,3,755,0,3,12.89321952848671,1.640310999846406,389.5348979999653,56.0
1780063184,5,,Aggregated,2.300000,0.000000,130,140,140,140,250,260,290,290,290,290,290,9397,0,150,325.3124165219749,1.640310999846406,3028.4190880001916,2707.5391082260294
1780063185,5,POST,/api/book,1.900000,0.000000,140,140,150,150,260,270,270,270,270,270,270,7192,0,200,421.3780910550606,91.7988780001906,3028.4190880001916,3380.68478865406
1780063185,5,GET,/api/concerts,0.300000,0.000000,3,3,3,3,3,3,3,3,3,3,3,1452,0,3,11.85222313292027,1.9829419998131925,321.7380289997891,753.0
1780063185,5,GET,/health,0.200000,0.000000,3,3,3,3,3,3,3,3,3,3,3,756,0,3,12.879607187840751,1.640310999846406,389.5348979999653,56.0
1780063185,5,,Aggregated,2.400000,0.000000,130,140,140,140,250,260,270,270,270,270,270,9400,0,150,325.2657065841488,1.640310999846406,3028.4190880001916,2707.401808510638
1780063186,5,POST,/api/book,1.900000,0.000000,140,140,140,150,260,270,270,270,270,270,270,7194,0,200,421.2918217447867,91.69419000045309,3028.4190880001916,3380.68501529052
1780063186,5,GET,/api/concerts,0.400000,0.000000,3,3,3,3,3,3,3,3,3,3,3,1452,0,3,11.85222313292027,1.9829419998131925,321.7380289997891,753.0
1780063186,5,GET,/health,0.200000,0.000000,3,3,3,3,3,3,3,3,3,3,3,756,0,3,12.879607187840751,1.640310999846406,389.5348979999653,56.0
1780063186,5,,Aggregated,2.500000,0.000000,130,140,140,140,250,260,270,270,270,270,270,9402,0,150,325.220142167092,1.640310999846406,3028.4190880001916,2707.5452031482664
1780063187,5,POST,/api/book,1.700000,0.000000,140,140,150,250,260,270,270,270,270,270,270,7195,0,200,421.2529826296033,91.69419000045309,3028.4190880001916,3380.680472550382
1780063187,5,GET,/api/concerts,0.400000,0.000000,3,3,3,3,3,3,3,3,3,3,3,1452,0,3,11.85222313292027,1.9829419998131925,321.7380289997891,753.0
1780063187,5,GET,/health,0.300000,0.000000,3,3,3,3,3,3,3,3,3,3,3,757,0,3,12.865395062096228,1.640310999846406,389.5348979999653,56.0
1780063187,5,,Aggregated,2.400000,0.000000,130,140,140,140,250,260,270,270,270,270,270,9404,0,150,325.16628477998705,1.640310999846406,3028.4190880001916,2707.331348362399
1780063188,5,POST,/api/book,1.600000,0.000000,140,140,150,150,260,270,270,270,270,270,270,7197,0,200,421.1725776863964,91.69419000045309,3028.4190880001916,3380.675142420453
1780063188,5,GET,/api/concerts,0.400000,0.000000,3,3,3,3,3,3,3,3,3,3,3,1452,0,3,11.85222313292027,1.9829419998131925,321.7380289997891,753.0
1780063188,5,GET,/health,0.400000,0.000000,3,3,3,3,3,3,3,3,3,3,3,758,0,3,12.852043806078342,1.640310999846406,389.5348979999653,56.0
1780063188,5,,Aggregated,2.400000,0.000000,130,140,140,140,250,260,270,270,270,270,270,9407,0,150,325.09092365291775,1.640310999846406,3028.4190880001916,2707.1885829701287
1780063189,5,POST,/api/book,1.700000,0.000000,140,140,150,150,260,270,270,270,270,270,270,7198,0,200,421.1327122672958,91.69419000045309,3028.4190880001916,3380.6790775215336
1780063189,5,GET,/api/concerts,0.400000,0.000000,3,3,3,3,3,3,3,3,3,3,3,1453,0,3,11.845795971094086,1.9829419998131925,321.7380289997891,753.0
1780063189,5,GET,/health,0.400000,0.000000,3,3,3,3,3,3,3,3,3,3,3,758,0,3,12.852043806078342,1.640310999846406,389.5348979999653,56.0
1780063189,5,,Aggregated,2.500000,0.000000,130,140,140,140,250,260,270,270,270,270,270,9409,0,150,325.03635387937055,1.640310999846406,3028.4190880001916,2707.0554787968968
1780063190,5,POST,/api/book,1.600000,0.000000,140,140,150,250,260,270,270,270,270,270,270,7199,0,200,421.0938546927345,91.69419000045309,3028.4190880001916,3380.6792610084735
1780063190,5,GET,/api/concerts,0.300000,0.000000,3,3,3,3,3,3,3,3,3,3,3,1454,0,3,11.839464033699905,1.9829419998131925,321.7380289997891,753.0
1780063190,5,GET,/health,0.500000,0.000000,3,3,3,3,3,3,3,3,3,3,3,758,0,3,12.852043806078342,1.640310999846406,389.5348979999653,56.0
1780063190,5,,Aggregated,2.400000,0.000000,130,140,140,140,250,260,270,270,270,270,270,9411,0,150,324.9825831306979,1.640310999846406,3028.4190880001916,2706.91956221443
1780063191,5,POST,/api/book,1.600000,0.000000,140,140,150,250,260,270,270,270,270,270,270,7200,0,200,421.0505228420827,91.69419000045309,3028.4190880001916,3380.6806944444443
1780063191,5,GET,/api/concerts,0.300000,0.000000,3,3,3,3,3,3,3,3,3,3,3,1455,0,3,11.833155147766222,1.9829419998131925,321.7380289997891,753.0
1780063191,5,GET,/health,0.500000,0.000000,3,3,3,3,3,3,3,3,3,3,3,758,0,3,12.852043806078342,1.640310999846406,389.5348979999653,56.0
1780063191,5,,Aggregated,2.400000,0.000000,130,140,140,140,250,260,270,270,270,270,270,9413,0,150,324.92540682120455,1.640310999846406,3028.4190880001916,2706.784659513439
1780063192,5,POST,/api/book,1.600000,0.000000,140,140,140,140,260,270,270,270,270,270,270,7202,0,200,420.97250835337337,91.69419000045309,3028.4190880001916,3380.676478755901
1780063192,5,GET,/api/concerts,0.400000,0.000000,3,3,3,3,3,3,3,3,3,3,3,1455,0,3,11.833155147766222,1.9829419998131925,321.7380289997891,753.0
1780063192,5,GET,/health,0.400000,0.000000,3,3,3,3,3,3,3,3,3,3,3,758,0,3,12.852043806078342,1.640310999846406,389.5348979999653,56.0
1780063192,5,,Aggregated,2.400000,0.000000,130,140,140,140,140,260,270,270,270,270,270,9415,0,150,324.88614924121055,1.640310999846406,3028.4190880001916,2706.92458842273
1780063193,5,POST,/api/book,1.500000,0.000000,140,140,140,140,260,270,270,270,270,270,270,7205,0,200,420.8547075801521,91.69419000045309,3028.4190880001916,3380.6788341429565
1780063193,5,GET,/api/concerts,0.400000,0.000000,3,3,3,3,3,3,3,3,3,3,3,1455,0,3,11.833155147766222,1.9829419998131925,321.7380289997891,753.0
1780063193,5,GET,/health,0.400000,0.000000,3,3,3,3,3,3,3,3,3,3,3,758,0,3,12.852043806078342,1.640310999846406,389.5348979999653,56.0
1780063193,5,,Aggregated,2.300000,0.000000,130,140,140,140,140,260,270,270,270,270,270,9418,0,150,324.8266360225099,1.640310999846406,3028.4190880001916,2707.1410065831387
1780063194,5,POST,/api/book,1.600000,0.000000,140,140,140,140,260,270,270,270,270,270,270,7208,0,200,420.73155989858446,91.69419000045309,3028.4190880001916,3380.677164261931
1780063194,5,GET,/api/concerts,0.500000,0.000000,3,3,3,3,3,3,3,3,3,3,3,1456,0,3,11.82677644780171,1.9829419998131925,321.7380289997891,753.0
1780063194,5,GET,/health,0.400000,0.000000,3,3,3,3,3,3,3,3,3,3,3,758,0,3,12.852043806078342,1.640310999846406,389.5348979999653,56.0
1780063194,5,,Aggregated,2.500000,0.000000,130,140,140,140,140,260,270,270,270,270,270,9422,0,150,324.7287963767776,1.640310999846406,3028.4190880001916,2707.146784122267
1780063195,5,POST,/api/book,1.500000,0.000000,140,140,140,140,140,140,140,140,140,140,140,7210,0,200,420.64574406269026,91.69419000045309,3028.4190880001916,3380.676144244105
1780063195,5,GET,/api/concerts,0.400000,0.000000,3,3,3,3,3,3,3,3,3,3,3,1456,0,3,11.82677644780171,1.9829419998131925,321.7380289997891,753.0
1780063195,5,GET,/health,0.400000,0.000000,3,3,3,3,3,3,3,3,3,3,3,758,0,3,12.852043806078342,1.640310999846406,389.5348979999653,56.0
1780063195,5,,Aggregated,2.300000,0.000000,130,140,140,140,140,140,140,140,140,140,140,9424,0,150,324.6835155353351,1.640310999846406,3028.4190880001916,2707.2889431239387
1780063196,5,POST,/api/book,1.600000,0.000000,140,140,140,140,140,140,140,140,140,140,140,7211,0,200,420.60585923353165,91.69419000045309,3028.4190880001916,3380.6746637082238
1780063196,5,GET,/api/concerts,0.300000,0.000000,3,3,3,3,3,3,3,3,3,3,3,1456,0,3,11.82677644780171,1.9829419998131925,321.7380289997891,753.0
1780063196,5,GET,/health,0.400000,0.000000,3,3,3,3,3,3,3,3,3,3,3,758,0,3,12.852043806078342,1.640310999846406,389.5348979999653,56.0
1780063196,5,,Aggregated,2.300000,0.000000,130,140,140,140,140,140,140,140,140,140,140,9425,0,150,324.6631816070025,1.640310999846406,3028.4190880001916,2707.35925729443
1780063197,5,POST,/api/book,1.800000,0.000000,140,140,140,140,140,140,140,140,140,140,140,7214,0,200,420.48934379082306,91.69419000045309,3028.4190880001916,3380.66814527308
1780063197,5,GET,/api/concerts,0.400000,0.000000,3,3,3,3,3,3,3,3,3,3,3,1457,0,3,11.820501400137202,1.9829419998131925,321.7380289997891,753.0
1780063197,5,GET,/health,0.300000,0.000000,3,3,3,3,3,3,3,3,3,3,3,758,0,3,12.852043806078342,1.640310999846406,389.5348979999653,56.0
1780063197,5,,Aggregated,2.500000,0.000000,140,140,140,140,140,140,140,140,140,140,140,9429,0,150,324.57041529875914,1.640310999846406,3028.4190880001916,2707.3612260048785
1780063198,5,POST,/api/book,1.800000,0.000000,140,140,140,140,140,140,140,140,140,140,140,7215,0,200,420.44993427844724,91.69419000045309,3028.4190880001916,3380.6676368676367
1780063198,5,GET,/api/concerts,0.400000,0.000000,3,3,3,3,3,3,3,3,3,3,3,1457,0,3,11.820501400137202,1.9829419998131925,321.7380289997891,753.0
1780063198,5,GET,/health,0.200000,0.000000,3,3,3,3,3,3,3,3,3,3,3,758,0,3,12.852043806078342,1.640310999846406,389.5348979999653,56.0
1780063198,5,,Aggregated,2.400000,0.000000,140,140,140,140,140,140,140,140,140,140,140,9430,0,150,324.5504343121951,1.640310999846406,3028.4190880001916,2707.432237539767
1780063199,5,POST,/api/book,1.700000,0.000000,140,140,140,140,140,140,140,140,140,140,140,7217,0,200,420.3688627320212,91.69419000045309,3028.4190880001916,3380.6709158930303
1780063199,5,GET,/api/concerts,0.400000,0.000000,3,3,3,3,3,3,3,3,3,3,3,1458,0,3,11.814249978052107,1.9829419998131925,321.7380289997891,753.0
1780063199,5,GET,/health,0.200000,0.000000,3,3,3,3,3,3,3,3,3,3,3,758,0,3,12.852043806078342,1.640310999846406,389.5348979999653,56.0
1780063199,5,,Aggregated,2.300000,0.000000,140,140,140,140,140,140,140,140,140,140,140,9433,0,150,324.4746218604897,1.640310999846406,3028.4190880001916,2707.3702957701685
1780063200,5,POST,/api/book,1.800000,0.000000,140,140,140,140,140,220,220,220,220,220,220,7219,0,200,420.3025852861889,91.69419000045309,3028.4190880001916,3380.6656046543844
1780063200,5,GET,/api/concerts,0.500000,0.000000,3,3,3,3,3,3,3,3,3,3,3,1458,0,3,11.814249978052107,1.9829419998131925,321.7380289997891,753.0
1780063200,5,GET,/health,0.100000,0.000000,3,3,3,3,3,3,3,3,3,3,3,758,0,3,12.852043806078342,1.640310999846406,389.5348979999653,56.0
1780063200,5,,Aggregated,2.400000,0.000000,140,140,140,140,140,140,220,220,220,220,220,9435,0,150,324.44423835230526,1.640310999846406,3028.4190880001916,2707.5089560148385
1780063201,5,POST,/api/book,1.800000,0.000000,140,140,140,140,140,220,220,220,220,220,220,7220,0,200,420.2611920502767,91.69419000045309,3028.4190880001916,3380.6649584487536
1780063201,5,GET,/api/concerts,0.500000,0.000000,3,3,3,3,3,3,3,3,3,3,3,1458,0,3,11.814249978052107,1.9829419998131925,321.7380289997891,753.0
1780063201,5,GET,/health,0.000000,0.000000,4,4,4,4,4,4,4,4,4,4,4,759,0,3,12.8400351291266,1.640310999846406,389.5348979999653,56.0
1780063201,5,,Aggregated,2.300000,0.000000,140,140,140,140,140,140,220,220,220,220,220,9437,0,150,324.38874321648825,1.640310999846406,3028.4190880001916,2707.298823778743
1780063202,5,POST,/api/book,1.900000,0.000000,140,140,140,140,220,390,390,390,390,390,390,7222,0,200,420.21964490113515,91.69419000045309,3028.4190880001916,3380.672805317087
1780063202,5,GET,/api/concerts,0.400000,0.000000,3,3,3,3,3,3,3,3,3,3,3,1459,0,3,11.808055368745778,1.9829419998131925,321.7380289997891,753.0
1780063202,5,GET,/health,0.000000,0.000000,4,4,4,4,4,4,4,4,4,4,4,759,0,3,12.8400351291266,1.640310999846406,389.5348979999653,56.0
1780063202,5,,Aggregated,2.300000,0.000000,140,140,140,140,150,220,390,390,390,390,390,9440,0,150,324.3432007332627,1.640310999846406,3028.4190880001916,2707.240466101695
1780063203,5,POST,/api/book,2.000000,0.000000,140,140,140,150,260,300,390,390,390,390,390,7226,0,200,420.10354410642094,91.69419000045309,3028.4190880001916,3380.663299197343
1780063203,5,GET,/api/concerts,0.400000,0.000000,3,3,3,3,3,3,3,3,3,3,3,1459,0,3,11.808055368745778,1.9829419998131925,321.7380289997891,753.0
1780063203,5,GET,/health,0.000000,0.000000,4,4,4,4,4,4,4,4,4,4,4,759,0,3,12.8400351291266,1.640310999846406,389.5348979999653,56.0
1780063203,5,,Aggregated,2.400000,0.000000,140,140,140,140,260,300,390,390,390,390,390,9444,0,150,324.29497555686146,1.640310999846406,3028.4190880001916,2707.5184243964422
1780063204,5,POST,/api/book,2.000000,0.000000,140,140,150,220,300,390,390,390,390,390,390,7226,0,200,420.10354410642094,91.69419000045309,3028.4190880001916,3380.663299197343
1780063204,5,GET,/api/concerts,0.300000,0.000000,3,3,3,32,32,32,32,32,32,32,32,1460,0,3,11.821662550000402,1.9829419998131925,321.7380289997891,753.0
1780063204,5,GET,/health,0.100000,0.000000,4,4,4,4,4,4,4,4,4,4,4,759,0,3,12.8400351291266,1.640310999846406,389.5348979999653,56.0
1780063204,5,,Aggregated,2.400000,0.000000,140,140,140,150,260,300,390,390,390,390,390,9445,0,150,324.2639940390683,1.640310999846406,3028.4190880001916,2707.311487559555
1780063205,5,POST,/api/book,1.900000,0.000000,140,140,150,220,300,390,390,390,390,390,390,7227,0,200,420.05901731589836,91.69419000045309,3028.4190880001916,3380.66099349661
1780063205,5,GET,/api/concerts,0.400000,0.000000,3,3,3,32,32,32,32,32,32,32,32,1461,0,3,11.815516691991753,1.9829419998131925,321.7380289997891,753.0
1780063205,5,GET,/health,0.100000,0.000000,4,4,4,4,4,4,4,4,4,4,4,759,0,3,12.8400351291266,1.640310999846406,389.5348979999653,56.0
1780063205,5,,Aggregated,2.400000,0.000000,140,140,140,150,260,300,390,390,390,390,390,9447,0,150,324.2060521532761,1.640310999846406,3028.4190880001916,2707.1741293532336
1780063206,5,POST,/api/book,2.100000,0.000000,140,140,150,220,300,390,390,390,390,390,390,7229,0,200,419.98131519698404,91.69419000045309,3028.4190880001916,3380.651265735233
1780063206,5,GET,/api/concerts,0.400000,0.000000,3,3,3,32,32,32,32,32,32,32,32,1461,0,3,11.815516691991753,1.9829419998131925,321.7380289997891,753.0
1780063206,5,GET,/health,0.100000,0.000000,4,4,4,4,4,4,4,4,4,4,4,759,0,3,12.8400351291266,1.640310999846406,389.5348979999653,56.0
1780063206,5,,Aggregated,2.600000,0.000000,140,140,140,150,260,300,390,390,390,390,390,9449,0,150,324.16689428606196,1.640310999846406,3028.4190880001916,2707.309239072918
1780063207,5,POST,/api/book,1.800000,0.000000,140,140,150,220,300,390,390,390,390,390,390,7232,0,200,419.8621124243637,91.69419000045309,3028.4190880001916,3380.6646847345132
1780063207,5,GET,/api/concerts,0.400000,0.000000,3,3,3,32,32,32,32,32,32,32,32,1461,0,3,11.815516691991753,1.9829419998131925,321.7380289997891,753.0
1780063207,5,GET,/health,0.100000,0.000000,4,4,4,4,4,4,4,4,4,4,4,759,0,3,12.8400351291266,1.640310999846406,389.5348979999653,56.0
1780063207,5,,Aggregated,2.300000,0.000000,140,140,150,150,260,300,390,390,390,390,390,9452,0,150,324.1060996194457,1.640310999846406,3028.4190880001916,2707.5332204824376
1780063208,5,POST,/api/book,1.700000,0.000000,140,140,150,220,300,390,390,390,390,390,390,7233,0,200,419.81698525549547,91.69419000045309,3028.4190880001916,3380.668878750173
1780063208,5,GET,/api/concerts,0.500000,0.000000,3,3,32,32,32,32,32,32,32,32,32,1461,0,3,11.815516691991753,1.9829419998131925,321.7380289997891,753.0
1780063208,5,GET,/health,0.100000,0.000000,4,4,4,4,4,4,4,4,4,4,4,759,0,3,12.8400351291266,1.640310999846406,389.5348979999653,56.0
1780063208,5,,Aggregated,2.300000,0.000000,140,140,150,150,260,300,390,390,390,390,390,9453,0,150,324.08170008494665,1.640310999846406,3028.4190880001916,2707.607637786946
1780063209,5,POST,/api/book,1.800000,0.000000,140,150,150,220,300,390,390,390,390,390,390,7234,0,200,419.77818821827475,91.69419000045309,3028.4190880001916,3380.668095106442
1780063209,5,GET,/api/concerts,0.500000,0.000000,3,3,32,32,32,32,32,32,32,32,32,1461,0,3,11.815516691991753,1.9829419998131925,321.7380289997891,753.0
1780063209,5,GET,/health,0.100000,0.000000,4,4,4,4,4,4,4,4,4,4,4,759,0,3,12.8400351291266,1.640310999846406,389.5348979999653,56.0
1780063209,5,,Aggregated,2.400000,0.000000,140,140,150,150,260,300,390,390,390,390,390,9454,0,150,324.06213984778947,1.640310999846406,3028.4190880001916,2707.678231436429
1780063210,5,POST,/api/book,1.800000,0.000000,140,140,150,150,300,390,390,390,390,390,390,7237,0,200,419.65850692883794,91.69419000045309,3028.4190880001916,3380.677214315324
1780063210,5,GET,/api/concerts,0.400000,0.000000,3,3,32,32,32,32,32,32,32,32,32,1462,0,3,11.809670140903194,1.9829419998131925,321.7380289997891,753.0
1780063210,5,GET,/health,0.100000,0.000000,4,4,4,4,4,4,4,4,4,4,4,759,0,3,12.8400351291266,1.640310999846406,389.5348979999653,56.0
1780063210,5,,Aggregated,2.300000,0.000000,140,140,140,150,260,300,390,390,390,390,390,9458,0,150,323.9670056093257,1.640310999846406,3028.4190880001916,2707.6920067667584
1780063211,5,POST,/api/book,1.800000,0.000000,140,140,140,150,260,300,300,300,300,300,300,7240,0,200,419.5354750951658,91.69419000045309,3028.4190880001916,3380.671685082873
1780063211,5,GET,/api/concerts,0.400000,0.000000,3,3,32,32,32,32,32,32,32,32,32,1462,0,3,11.809670140903194,1.9829419998131925,321.7380289997891,753.0
1780063211,5,GET,/health,0.100000,0.000000,4,4,4,4,4,4,4,4,4,4,4,759,0,3,12.8400351291266,1.640310999846406,389.5348979999653,56.0
1780063211,5,,Aggregated,2.300000,0.000000,140,140,140,140,150,260,300,300,300,300,300,9461,0,150,323.90319882655143,1.640310999846406,3028.4190880001916,2707.901173237501
1780063212,5,POST,/api/book,1.800000,0.000000,140,140,140,140,260,300,300,300,300,300,300,7240,0,200,419.5354750951658,91.69419000045309,3028.4190880001916,3380.671685082873
1780063212,5,GET,/api/concerts,0.400000,0.000000,3,3,32,32,32,32,32,32,32,32,32,1462,0,3,11.809670140903194,1.9829419998131925,321.7380289997891,753.0
1780063212,5,GET,/health,0.100000,0.000000,4,4,4,4,4,4,4,4,4,4,4,759,0,3,12.8400351291266,1.640310999846406,389.5348979999653,56.0
1780063212,5,,Aggregated,2.300000,0.000000,140,140,140,140,150,260,300,300,300,300,300,9461,0,150,323.90319882655143,1.640310999846406,3028.4190880001916,2707.901173237501
1780063213,5,POST,/api/book,1.800000,0.000000,140,140,140,140,140,150,150,150,150,150,150,7244,0,200,419.3746586177528,91.69419000045309,3028.4190880001916,3380.670071783545
1780063213,5,GET,/api/concerts,0.400000,0.000000,3,3,3,3,3,3,3,3,3,3,3,1462,0,3,11.809670140903194,1.9829419998131925,321.7380289997891,753.0
1780063213,5,GET,/health,0.100000,0.000000,4,4,4,4,4,4,4,4,4,4,4,759,0,3,12.8400351291266,1.640310999846406,389.5348979999653,56.0
1780063213,5,,Aggregated,2.300000,0.000000,140,140,140,140,140,150,150,150,150,150,150,9465,0,150,323.82053369635537,1.640310999846406,3028.4190880001916,2708.1842577918646
