[2026-05-29 13:42:16,325] ip-172-31-20-158/INFO/locust.main: Starting Locust 2.44.0
[2026-05-29 13:42:16,325] ip-172-31-20-158/WARNING/locust.main: --run-time, --users or --spawn-rate have no impact on LoadShapes unless the shape class explicitly reads them. See: docs.locust.io/en/stable/custom-load-shape.html#use-common-options
[2026-05-29 13:42:16,325] ip-172-31-20-158/WARNING/locust.main: The following option(s) will be ignored: --run-time
[2026-05-29 13:42:16,326] ip-172-31-20-158/INFO/locust.runners: Shape test starting.
Type     Name                                                                          # reqs      # fails |    Avg     Min     Max    Med |   req/s  failures/s
--------|----------------------------------------------------------------------------|-------|-------------|-------|-------|-------|-------|--------|-----------
--------|----------------------------------------------------------------------------|-------|-------------|-------|-------|-------|-------|--------|-----------
         Aggregated                                                                         0     0(0.00%) |      0       0       0      0 |    0.00        0.00

[2026-05-29 13:42:16,327] ip-172-31-20-158/INFO/locust.runners: Shape worker starting
[2026-05-29 13:42:16,327] ip-172-31-20-158/INFO/locust.runners: Shape test updating to 5 users at 1.00 spawn rate
[2026-05-29 13:42:16,327] ip-172-31-20-158/INFO/locust.runners: Ramping to 5 users at a rate of 1.00 per second
Type     Name                                                                          # reqs      # fails |    Avg     Min     Max    Med |   req/s  failures/s
--------|----------------------------------------------------------------------------|-------|-------------|-------|-------|-------|-------|--------|-----------
POST     /api/book                                                                          1     0(0.00%) |    172     172     172    172 |    0.00        0.00
GET      /api/concerts                                                                      2     0(0.00%) |      5       3       8      3 |    0.00        0.00
--------|----------------------------------------------------------------------------|-------|-------------|-------|-------|-------|-------|--------|-----------
         Aggregated                                                                         3     0(0.00%) |     61       3     172      9 |    0.00        0.00

Type     Name                                                                          # reqs      # fails |    Avg     Min     Max    Med |   req/s  failures/s
--------|----------------------------------------------------------------------------|-------|-------------|-------|-------|-------|-------|--------|-----------
POST     /api/book                                                                          3     0(0.00%) |    154     119     172    170 |    0.00        0.00
GET      /api/concerts                                                                      4     0(0.00%) |      4       2       8      3 |    1.00        0.00
GET      /health                                                                            1     0(0.00%) |      3       3       3      3 |    0.00        0.00
--------|----------------------------------------------------------------------------|-------|-------------|-------|-------|-------|-------|--------|-----------
         Aggregated                                                                         8     0(0.00%) |     60       2     172      4 |    1.00        0.00

[2026-05-29 13:42:20,334] ip-172-31-20-158/INFO/locust.runners: All users spawned: {"TicketingUser": 5} (5 total users)
Type     Name                                                                          # reqs      # fails |    Avg     Min     Max    Med |   req/s  failures/s
--------|----------------------------------------------------------------------------|-------|-------------|-------|-------|-------|-------|--------|-----------
POST     /api/book                                                                          8     0(0.00%) |    137     101     172    140 |    0.67        0.00
GET      /api/concerts                                                                      4     0(0.00%) |      4       2       8      3 |    0.67        0.00
GET      /health                                                                            1     0(0.00%) |      3       3       3      3 |    0.33        0.00
--------|----------------------------------------------------------------------------|-------|-------------|-------|-------|-------|-------|--------|-----------
         Aggregated                                                                        13     0(0.00%) |     86       2     172    110 |    1.67        0.00

Type     Name                                                                          # reqs      # fails |    Avg     Min     Max    Med |   req/s  failures/s
--------|----------------------------------------------------------------------------|-------|-------------|-------|-------|-------|-------|--------|-----------
POST     /api/book                                                                         12     0(0.00%) |    219     101     485    140 |    1.00        0.00
GET      /api/concerts                                                                      5     0(0.00%) |      4       2       8      3 |    0.80        0.00
GET      /health                                                                            1     0(0.00%) |      3       3       3      3 |    0.20        0.00
--------|----------------------------------------------------------------------------|-------|-------------|-------|-------|-------|-------|--------|-----------
         Aggregated                                                                        18     0(0.00%) |    147       2     485    120 |    2.00        0.00

Type     Name                                                                          # reqs      # fails |    Avg     Min     Max    Med |   req/s  failures/s
--------|----------------------------------------------------------------------------|-------|-------------|-------|-------|-------|-------|--------|-----------
POST     /api/book                                                                         15     0(0.00%) |    201     101     485    140 |    1.50        0.00
GET      /api/concerts                                                                      5     0(0.00%) |      4       2       8      3 |    0.62        0.00
GET      /health                                                                            2     0(0.00%) |      3       2       3      3 |    0.12        0.00
--------|----------------------------------------------------------------------------|-------|-------------|-------|-------|-------|-------|--------|-----------
         Aggregated                                                                        22     0(0.00%) |    138       2     485    120 |    2.25        0.00

Type     Name                                                                          # reqs      # fails |    Avg     Min     Max    Med |   req/s  failures/s
--------|----------------------------------------------------------------------------|-------|-------------|-------|-------|-------|-------|--------|-----------
POST     /api/book                                                                         21     0(0.00%) |    233     101     495    170 |    1.40        0.00
GET      /api/concerts                                                                      5     0(0.00%) |      4       2       8      3 |    0.50        0.00
GET      /health                                                                            2     0(0.00%) |      3       2       3      3 |    0.20        0.00
--------|----------------------------------------------------------------------------|-------|-------------|-------|-------|-------|-------|--------|-----------
         Aggregated                                                                        28     0(0.00%) |    175       2     495    140 |    2.10        0.00

Type     Name                                                                          # reqs      # fails |    Avg     Min     Max    Med |   req/s  failures/s
--------|----------------------------------------------------------------------------|-------|-------------|-------|-------|-------|-------|--------|-----------
POST     /api/book                                                                         25     0(0.00%) |    216     101     495    140 |    1.80        0.00
GET      /api/concerts                                                                      6     0(0.00%) |      4       2       8      3 |    0.30        0.00
GET      /health                                                                            2     0(0.00%) |      3       2       3      3 |    0.20        0.00
--------|----------------------------------------------------------------------------|-------|-------------|-------|-------|-------|-------|--------|-----------
         Aggregated                                                                        33     0(0.00%) |    165       2     495    140 |    2.30        0.00

Type     Name                                                                          # reqs      # fails |    Avg     Min     Max    Med |   req/s  failures/s
--------|----------------------------------------------------------------------------|-------|-------------|-------|-------|-------|-------|--------|-----------
POST     /api/book                                                                         28     0(0.00%) |    208     101     495    140 |    2.00        0.00
GET      /api/concerts                                                                      8     0(0.00%) |      3       2       8      3 |    0.20        0.00
GET      /health                                                                            2     0(0.00%) |      3       2       3      3 |    0.10        0.00
--------|----------------------------------------------------------------------------|-------|-------------|-------|-------|-------|-------|--------|-----------
         Aggregated                                                                        38     0(0.00%) |    154       2     495    140 |    2.30        0.00

Type     Name                                                                          # reqs      # fails |    Avg     Min     Max    Med |   req/s  failures/s
--------|----------------------------------------------------------------------------|-------|-------------|-------|-------|-------|-------|--------|-----------
POST     /api/book                                                                         31     0(0.00%) |    201     101     495    140 |    2.10        0.00
GET      /api/concerts                                                                      9     0(0.00%) |      3       2       8      3 |    0.20        0.00
GET      /health                                                                            2     0(0.00%) |      3       2       3      3 |    0.10        0.00
--------|----------------------------------------------------------------------------|-------|-------------|-------|-------|-------|-------|--------|-----------
         Aggregated                                                                        42     0(0.00%) |    149       2     495    140 |    2.40        0.00

Type     Name                                                                          # reqs      # fails |    Avg     Min     Max    Med |   req/s  failures/s
--------|----------------------------------------------------------------------------|-------|-------------|-------|-------|-------|-------|--------|-----------
POST     /api/book                                                                         37     0(0.00%) |    207     101     495    140 |    1.90        0.00
GET      /api/concerts                                                                      9     0(0.00%) |      3       2       8      3 |    0.40        0.00
GET      /health                                                                            2     0(0.00%) |      3       2       3      3 |    0.10        0.00
--------|----------------------------------------------------------------------------|-------|-------------|-------|-------|-------|-------|--------|-----------
         Aggregated                                                                        48     0(0.00%) |    160       2     495    140 |    2.40        0.00

Type     Name                                                                          # reqs      # fails |    Avg     Min     Max    Med |   req/s  failures/s
--------|----------------------------------------------------------------------------|-------|-------------|-------|-------|-------|-------|--------|-----------
POST     /api/book                                                                         38     0(0.00%) |    205     101     495    140 |    2.20        0.00
GET      /api/concerts                                                                     10     0(0.00%) |      3       2       8      3 |    0.40        0.00
GET      /health                                                                            4     0(0.00%) |      2       2       3      3 |    0.00        0.00
--------|----------------------------------------------------------------------------|-------|-------------|-------|-------|-------|-------|--------|-----------
         Aggregated                                                                        52     0(0.00%) |    151       2     495    140 |    2.60        0.00

Type     Name                                                                          # reqs      # fails |    Avg     Min     Max    Med |   req/s  failures/s
--------|----------------------------------------------------------------------------|-------|-------------|-------|-------|-------|-------|--------|-----------
POST     /api/book                                                                         40     0(0.00%) |    202     101     495    140 |    1.80        0.00
GET      /api/concerts                                                                     10     0(0.00%) |      3       2       8      3 |    0.50        0.00
GET      /health                                                                            5     0(0.00%) |      2       2       3      3 |    0.10        0.00
--------|----------------------------------------------------------------------------|-------|-------------|-------|-------|-------|-------|--------|-----------
         Aggregated                                                                        55     0(0.00%) |    148       2     495    140 |    2.40        0.00

Type     Name                                                                          # reqs      # fails |    Avg     Min     Max    Med |   req/s  failures/s
--------|----------------------------------------------------------------------------|-------|-------------|-------|-------|-------|-------|--------|-----------
POST     /api/book                                                                         44     0(0.00%) |    196     101     495    140 |    1.60        0.00
GET      /api/concerts                                                                     12     0(0.00%) |      3       2       8      3 |    0.40        0.00
GET      /health                                                                            5     0(0.00%) |      2       2       3      3 |    0.30        0.00
--------|----------------------------------------------------------------------------|-------|-------------|-------|-------|-------|-------|--------|-----------
         Aggregated                                                                        61     0(0.00%) |    142       2     495    140 |    2.30        0.00

Type     Name                                                                          # reqs      # fails |    Avg     Min     Max    Med |   req/s  failures/s
--------|----------------------------------------------------------------------------|-------|-------------|-------|-------|-------|-------|--------|-----------
POST     /api/book                                                                         46     0(0.00%) |    193     101     495    140 |    1.70        0.00
GET      /api/concerts                                                                     13     0(0.00%) |      3       2       8      3 |    0.30        0.00
GET      /health                                                                            6     0(0.00%) |      2       2       3      3 |    0.30        0.00
--------|----------------------------------------------------------------------------|-------|-------------|-------|-------|-------|-------|--------|-----------
         Aggregated                                                                        65     0(0.00%) |    137       2     495    130 |    2.30        0.00

Type     Name                                                                          # reqs      # fails |    Avg     Min     Max    Med |   req/s  failures/s
--------|----------------------------------------------------------------------------|-------|-------------|-------|-------|-------|-------|--------|-----------
POST     /api/book                                                                         49     0(0.00%) |    194     101     495    140 |    1.40        0.00
GET      /api/concerts                                                                     15     0(0.00%) |      3       2       8      3 |    0.40        0.00
GET      /health                                                                            6     0(0.00%) |      2       2       3      3 |    0.30        0.00
--------|----------------------------------------------------------------------------|-------|-------------|-------|-------|-------|-------|--------|-----------
         Aggregated                                                                        70     0(0.00%) |    136       2     495    130 |    2.10        0.00

Type     Name                                                                          # reqs      # fails |    Avg     Min     Max    Med |   req/s  failures/s
--------|----------------------------------------------------------------------------|-------|-------------|-------|-------|-------|-------|--------|-----------
POST     /api/book                                                                         52     0(0.00%) |    191     101     495    140 |    1.30        0.00
GET      /api/concerts                                                                     16     0(0.00%) |      3       2       8      3 |    0.40        0.00
GET      /health                                                                            7     0(0.00%) |      2       2       3      3 |    0.40        0.00
--------|----------------------------------------------------------------------------|-------|-------------|-------|-------|-------|-------|--------|-----------
         Aggregated                                                                        75     0(0.00%) |    133       2     495    130 |    2.10        0.00

Type     Name                                                                          # reqs      # fails |    Avg     Min     Max    Med |   req/s  failures/s
--------|----------------------------------------------------------------------------|-------|-------------|-------|-------|-------|-------|--------|-----------
POST     /api/book                                                                         53     0(0.00%) |    189     101     495    140 |    1.30        0.00
GET      /api/concerts                                                                     17     0(0.00%) |      3       2       8      3 |    0.40        0.00
GET      /health                                                                            7     0(0.00%) |      2       2       3      3 |    0.40        0.00
--------|----------------------------------------------------------------------------|-------|-------------|-------|-------|-------|-------|--------|-----------
         Aggregated                                                                        77     0(0.00%) |    131       2     495    130 |    2.10        0.00

Type     Name                                                                          # reqs      # fails |    Avg     Min     Max    Med |   req/s  failures/s
--------|----------------------------------------------------------------------------|-------|-------------|-------|-------|-------|-------|--------|-----------
POST     /api/book                                                                         58     0(0.00%) |    197     101     495    140 |    1.40        0.00
GET      /api/concerts                                                                     17     0(0.00%) |      3       2       8      3 |    0.70        0.00
GET      /health                                                                            7     0(0.00%) |      2       2       3      3 |    0.20        0.00
--------|----------------------------------------------------------------------------|-------|-------------|-------|-------|-------|-------|--------|-----------
         Aggregated                                                                        82     0(0.00%) |    140       2     495    140 |    2.30        0.00

Type     Name                                                                          # reqs      # fails |    Avg     Min     Max    Med |   req/s  failures/s
--------|----------------------------------------------------------------------------|-------|-------------|-------|-------|-------|-------|--------|-----------
POST     /api/book                                                                         62     0(0.00%) |    205     101     495    140 |    1.50        0.00
GET      /api/concerts                                                                     18     0(0.00%) |      5       2      48      3 |    0.70        0.00
GET      /health                                                                            7     0(0.00%) |      2       2       3      3 |    0.20        0.00
--------|----------------------------------------------------------------------------|-------|-------------|-------|-------|-------|-------|--------|-----------
         Aggregated                                                                        87     0(0.00%) |    147       2     495    140 |    2.40        0.00

Type     Name                                                                          # reqs      # fails |    Avg     Min     Max    Med |   req/s  failures/s
--------|----------------------------------------------------------------------------|-------|-------------|-------|-------|-------|-------|--------|-----------
POST     /api/book                                                                         67     0(0.00%) |    202     101     495    140 |    1.70        0.00
GET      /api/concerts                                                                     18     0(0.00%) |      5       2      48      3 |    0.50        0.00
GET      /health                                                                            7     0(0.00%) |      2       2       3      3 |    0.20        0.00
--------|----------------------------------------------------------------------------|-------|-------------|-------|-------|-------|-------|--------|-----------
         Aggregated                                                                        92     0(0.00%) |    148       2     495    140 |    2.40        0.00

Type     Name                                                                          # reqs      # fails |    Avg     Min     Max    Med |   req/s  failures/s
--------|----------------------------------------------------------------------------|-------|-------------|-------|-------|-------|-------|--------|-----------
POST     /api/book                                                                         69     0(0.00%) |    200     101     495    140 |    1.60        0.00
GET      /api/concerts                                                                     19     0(0.00%) |      5       2      48      3 |    0.50        0.00
GET      /health                                                                            7     0(0.00%) |      2       2       3      3 |    0.10        0.00
--------|----------------------------------------------------------------------------|-------|-------------|-------|-------|-------|-------|--------|-----------
         Aggregated                                                                        95     0(0.00%) |    147       2     495    140 |    2.20        0.00

Type     Name                                                                          # reqs      # fails |    Avg     Min     Max    Med |   req/s  failures/s
--------|----------------------------------------------------------------------------|-------|-------------|-------|-------|-------|-------|--------|-----------
POST     /api/book                                                                         73     0(0.00%) |    201     101     495    140 |    1.80        0.00
GET      /api/concerts                                                                     20     0(0.00%) |      5       2      48      3 |    0.30        0.00
GET      /health                                                                            7     0(0.00%) |      2       2       3      3 |    0.10        0.00
--------|----------------------------------------------------------------------------|-------|-------------|-------|-------|-------|-------|--------|-----------
         Aggregated                                                                       100     0(0.00%) |    148       2     495    140 |    2.20        0.00

Type     Name                                                                          # reqs      # fails |    Avg     Min     Max    Med |   req/s  failures/s
--------|----------------------------------------------------------------------------|-------|-------------|-------|-------|-------|-------|--------|-----------
POST     /api/book                                                                         78     0(0.00%) |    198     101     495    140 |    2.00        0.00
GET      /api/concerts                                                                     20     0(0.00%) |      5       2      48      3 |    0.30        0.00
GET      /health                                                                            8     0(0.00%) |      2       2       3      3 |    0.00        0.00
--------|----------------------------------------------------------------------------|-------|-------------|-------|-------|-------|-------|--------|-----------
         Aggregated                                                                       106     0(0.00%) |    147       2     495    140 |    2.30        0.00

Type     Name                                                                          # reqs      # fails |    Avg     Min     Max    Med |   req/s  failures/s
--------|----------------------------------------------------------------------------|-------|-------------|-------|-------|-------|-------|--------|-----------
POST     /api/book                                                                         82     0(0.00%) |    194     101     495    140 |    1.90        0.00
GET      /api/concerts                                                                     21     0(0.00%) |      5       2      48      3 |    0.30        0.00
GET      /health                                                                            8     0(0.00%) |      2       2       3      3 |    0.00        0.00
--------|----------------------------------------------------------------------------|-------|-------------|-------|-------|-------|-------|--------|-----------
         Aggregated                                                                       111     0(0.00%) |    145       2     495    140 |    2.20        0.00

Type     Name                                                                          # reqs      # fails |    Avg     Min     Max    Med |   req/s  failures/s
--------|----------------------------------------------------------------------------|-------|-------------|-------|-------|-------|-------|--------|-----------
POST     /api/book                                                                         86     0(0.00%) |    193     101     495    140 |    1.90        0.00
GET      /api/concerts                                                                     21     0(0.00%) |      5       2      48      3 |    0.30        0.00
GET      /health                                                                            8     0(0.00%) |      2       2       3      3 |    0.10        0.00
--------|----------------------------------------------------------------------------|-------|-------------|-------|-------|-------|-------|--------|-----------
         Aggregated                                                                       115     0(0.00%) |    145       2     495    140 |    2.30        0.00

Type     Name                                                                          # reqs      # fails |    Avg     Min     Max    Med |   req/s  failures/s
--------|----------------------------------------------------------------------------|-------|-------------|-------|-------|-------|-------|--------|-----------
POST     /api/book                                                                         89     0(0.00%) |    192     101     495    140 |    2.00        0.00
GET      /api/concerts                                                                     23     0(0.00%) |      5       2      48      3 |    0.30        0.00
GET      /health                                                                            8     0(0.00%) |      2       2       3      3 |    0.10        0.00
--------|----------------------------------------------------------------------------|-------|-------------|-------|-------|-------|-------|--------|-----------
         Aggregated                                                                       120     0(0.00%) |    143       2     495    140 |    2.40        0.00

Type     Name                                                                          # reqs      # fails |    Avg     Min     Max    Med |   req/s  failures/s
--------|----------------------------------------------------------------------------|-------|-------------|-------|-------|-------|-------|--------|-----------
POST     /api/book                                                                         90     0(0.00%) |    191     101     495    140 |    1.90        0.00
GET      /api/concerts                                                                     26     0(0.00%) |      4       2      48      3 |    0.40        0.00
GET      /health                                                                            8     0(0.00%) |      2       2       3      3 |    0.10        0.00
--------|----------------------------------------------------------------------------|-------|-------------|-------|-------|-------|-------|--------|-----------
         Aggregated                                                                       124     0(0.00%) |    140       2     495    140 |    2.40        0.00

Type     Name                                                                          # reqs      # fails |    Avg     Min     Max    Med |   req/s  failures/s
--------|----------------------------------------------------------------------------|-------|-------------|-------|-------|-------|-------|--------|-----------
POST     /api/book                                                                         93     0(0.00%) |    189     101     495    140 |    1.60        0.00
GET      /api/concerts                                                                     28     0(0.00%) |      4       2      48      3 |    0.60        0.00
GET      /health                                                                            9     0(0.00%) |      2       2       3      3 |    0.10        0.00
--------|----------------------------------------------------------------------------|-------|-------------|-------|-------|-------|-------|--------|-----------
         Aggregated                                                                       130     0(0.00%) |    136       2     495    140 |    2.30        0.00

Type     Name                                                                          # reqs      # fails |    Avg     Min     Max    Med |   req/s  failures/s
--------|----------------------------------------------------------------------------|-------|-------------|-------|-------|-------|-------|--------|-----------
POST     /api/book                                                                         96     0(0.00%) |    187     101     495    140 |    1.50        0.00
GET      /api/concerts                                                                     29     0(0.00%) |      4       2      48      3 |    0.80        0.00
GET      /health                                                                           10     0(0.00%) |      2       2       3      3 |    0.20        0.00
--------|----------------------------------------------------------------------------|-------|-------------|-------|-------|-------|-------|--------|-----------
         Aggregated                                                                       135     0(0.00%) |    134       2     495    140 |    2.50        0.00

Type     Name                                                                          # reqs      # fails |    Avg     Min     Max    Med |   req/s  failures/s
--------|----------------------------------------------------------------------------|-------|-------------|-------|-------|-------|-------|--------|-----------
POST     /api/book                                                                        100     0(0.00%) |    185     101     495    140 |    1.40        0.00
GET      /api/concerts                                                                     30     0(0.00%) |      4       2      48      3 |    0.80        0.00
GET      /health                                                                           10     0(0.00%) |      2       2       3      3 |    0.10        0.00
--------|----------------------------------------------------------------------------|-------|-------------|-------|-------|-------|-------|--------|-----------
         Aggregated                                                                       140     0(0.00%) |    133       2     495    130 |    2.30        0.00

Type     Name                                                                          # reqs      # fails |    Avg     Min     Max    Med |   req/s  failures/s
--------|----------------------------------------------------------------------------|-------|-------------|-------|-------|-------|-------|--------|-----------
POST     /api/book                                                                        104     0(0.00%) |    184     101     495    140 |    1.50        0.00
GET      /api/concerts                                                                     30     0(0.00%) |      4       2      48      3 |    0.80        0.00
GET      /health                                                                           11     0(0.00%) |      2       2       3      3 |    0.20        0.00
--------|----------------------------------------------------------------------------|-------|-------------|-------|-------|-------|-------|--------|-----------
         Aggregated                                                                       145     0(0.00%) |    133       2     495    140 |    2.50        0.00

Type     Name                                                                          # reqs      # fails |    Avg     Min     Max    Med |   req/s  failures/s
--------|----------------------------------------------------------------------------|-------|-------------|-------|-------|-------|-------|--------|-----------
POST     /api/book                                                                        106     0(0.00%) |    183     101     495    140 |    1.50        0.00
GET      /api/concerts                                                                     32     0(0.00%) |      4       2      48      3 |    0.70        0.00
GET      /health                                                                           11     0(0.00%) |      2       2       3      3 |    0.30        0.00
--------|----------------------------------------------------------------------------|-------|-------------|-------|-------|-------|-------|--------|-----------
         Aggregated                                                                       149     0(0.00%) |    131       2     495    130 |    2.50        0.00

Type     Name                                                                          # reqs      # fails |    Avg     Min     Max    Med |   req/s  failures/s
--------|----------------------------------------------------------------------------|-------|-------------|-------|-------|-------|-------|--------|-----------
POST     /api/book                                                                        109     0(0.00%) |    182     101     495    140 |    1.60        0.00
GET      /api/concerts                                                                     33     0(0.00%) |      4       2      48      3 |    0.60        0.00
GET      /health                                                                           11     0(0.00%) |      2       2       3      3 |    0.30        0.00
--------|----------------------------------------------------------------------------|-------|-------------|-------|-------|-------|-------|--------|-----------
         Aggregated                                                                       153     0(0.00%) |    131       2     495    130 |    2.50        0.00

Type     Name                                                                          # reqs      # fails |    Avg     Min     Max    Med |   req/s  failures/s
--------|----------------------------------------------------------------------------|-------|-------------|-------|-------|-------|-------|--------|-----------
POST     /api/book                                                                        111     0(0.00%) |    181     101     495    140 |    1.60        0.00
GET      /api/concerts                                                                     35     0(0.00%) |      4       2      48      3 |    0.50        0.00
GET      /health                                                                           12     0(0.00%) |      2       2       3      3 |    0.20        0.00
--------|----------------------------------------------------------------------------|-------|-------------|-------|-------|-------|-------|--------|-----------
         Aggregated                                                                       158     0(0.00%) |    128       2     495    130 |    2.30        0.00

Type     Name                                                                          # reqs      # fails |    Avg     Min     Max    Med |   req/s  failures/s
--------|----------------------------------------------------------------------------|-------|-------------|-------|-------|-------|-------|--------|-----------
POST     /api/book                                                                        115     0(0.00%) |    181     101     495    140 |    1.60        0.00
GET      /api/concerts                                                                     37     0(0.00%) |      4       2      48      3 |    0.50        0.00
GET      /health                                                                           12     0(0.00%) |      2       2       3      3 |    0.30        0.00
--------|----------------------------------------------------------------------------|-------|-------------|-------|-------|-------|-------|--------|-----------
         Aggregated                                                                       164     0(0.00%) |    128       2     495    130 |    2.40        0.00

Type     Name                                                                          # reqs      # fails |    Avg     Min     Max    Med |   req/s  failures/s
--------|----------------------------------------------------------------------------|-------|-------------|-------|-------|-------|-------|--------|-----------
POST     /api/book                                                                        119     0(0.00%) |    182     101     495    140 |    1.50        0.00
GET      /api/concerts                                                                     38     0(0.00%) |      4       2      48      3 |    0.70        0.00
GET      /health                                                                           12     0(0.00%) |      2       2       3      3 |    0.20        0.00
--------|----------------------------------------------------------------------------|-------|-------------|-------|-------|-------|-------|--------|-----------
         Aggregated                                                                       169     0(0.00%) |    129       2     495    130 |    2.40        0.00

Type     Name                                                                          # reqs      # fails |    Avg     Min     Max    Med |   req/s  failures/s
--------|----------------------------------------------------------------------------|-------|-------------|-------|-------|-------|-------|--------|-----------
POST     /api/book                                                                        124     0(0.00%) |    185     101     495    140 |    1.60        0.00
GET      /api/concerts                                                                     39     0(0.00%) |      4       2      48      3 |    0.80        0.00
GET      /health                                                                           12     0(0.00%) |      2       2       3      3 |    0.10        0.00
--------|----------------------------------------------------------------------------|-------|-------------|-------|-------|-------|-------|--------|-----------
         Aggregated                                                                       175     0(0.00%) |    132       2     495    140 |    2.50        0.00

Type     Name                                                                          # reqs      # fails |    Avg     Min     Max    Med |   req/s  failures/s
--------|----------------------------------------------------------------------------|-------|-------------|-------|-------|-------|-------|--------|-----------
POST     /api/book                                                                        126     0(0.00%) |    184     101     495    140 |    1.70        0.00
GET      /api/concerts                                                                     40     0(0.00%) |      4       2      48      3 |    0.70        0.00
GET      /health                                                                           12     0(0.00%) |      2       2       3      3 |    0.10        0.00
--------|----------------------------------------------------------------------------|-------|-------------|-------|-------|-------|-------|--------|-----------
         Aggregated                                                                       178     0(0.00%) |    131       2     495    130 |    2.50        0.00

Type     Name                                                                          # reqs      # fails |    Avg     Min     Max    Med |   req/s  failures/s
--------|----------------------------------------------------------------------------|-------|-------------|-------|-------|-------|-------|--------|-----------
POST     /api/book                                                                        130     0(0.00%) |    185     101     495    140 |    1.70        0.00
GET      /api/concerts                                                                     42     0(0.00%) |      4       2      48      3 |    0.70        0.00
GET      /health                                                                           13     0(0.00%) |      2       2       3      3 |    0.10        0.00
--------|----------------------------------------------------------------------------|-------|-------------|-------|-------|-------|-------|--------|-----------
         Aggregated                                                                       185     0(0.00%) |    131       2     495    130 |    2.50        0.00

Type     Name                                                                          # reqs      # fails |    Avg     Min     Max    Med |   req/s  failures/s
--------|----------------------------------------------------------------------------|-------|-------------|-------|-------|-------|-------|--------|-----------
POST     /api/book                                                                        131     0(0.00%) |    185     101     495    140 |    1.80        0.00
GET      /api/concerts                                                                     44     0(0.00%) |      4       2      48      3 |    0.70        0.00
GET      /health                                                                           13     0(0.00%) |      2       2       3      3 |    0.10        0.00
--------|----------------------------------------------------------------------------|-------|-------------|-------|-------|-------|-------|--------|-----------
         Aggregated                                                                       188     0(0.00%) |    130       2     495    130 |    2.60        0.00

Type     Name                                                                          # reqs      # fails |    Avg     Min     Max    Med |   req/s  failures/s
--------|----------------------------------------------------------------------------|-------|-------------|-------|-------|-------|-------|--------|-----------
POST     /api/book                                                                        131     0(0.00%) |    185     101     495    140 |    1.80        0.00
GET      /api/concerts                                                                     47     0(0.00%) |      3       2      48      3 |    0.70        0.00
GET      /health                                                                           14     0(0.00%) |      2       2       3      3 |    0.10        0.00
--------|----------------------------------------------------------------------------|-------|-------------|-------|-------|-------|-------|--------|-----------
         Aggregated                                                                       192     0(0.00%) |    127       2     495    130 |    2.60        0.00

Type     Name                                                                          # reqs      # fails |    Avg     Min     Max    Med |   req/s  failures/s
--------|----------------------------------------------------------------------------|-------|-------------|-------|-------|-------|-------|--------|-----------
POST     /api/book                                                                        134     0(0.00%) |    187     101     495    140 |    1.60        0.00
GET      /api/concerts                                                                     47     0(0.00%) |      3       2      48      3 |    0.80        0.00
GET      /health                                                                           14     0(0.00%) |      2       2       3      3 |    0.20        0.00
--------|----------------------------------------------------------------------------|-------|-------------|-------|-------|-------|-------|--------|-----------
         Aggregated                                                                       195     0(0.00%) |    130       2     495    130 |    2.60        0.00

Type     Name                                                                          # reqs      # fails |    Avg     Min     Max    Med |   req/s  failures/s
--------|----------------------------------------------------------------------------|-------|-------------|-------|-------|-------|-------|--------|-----------
POST     /api/book                                                                        139     0(0.00%) |    190     101     495    140 |    1.20        0.00
GET      /api/concerts                                                                     47     0(0.00%) |      3       2      48      3 |    0.80        0.00
GET      /health                                                                           16     0(0.00%) |      2       2       3      3 |    0.20        0.00
--------|----------------------------------------------------------------------------|-------|-------------|-------|-------|-------|-------|--------|-----------
         Aggregated                                                                       202     0(0.00%) |    132       2     495    130 |    2.20        0.00

Type     Name                                                                          # reqs      # fails |    Avg     Min     Max    Med |   req/s  failures/s
--------|----------------------------------------------------------------------------|-------|-------------|-------|-------|-------|-------|--------|-----------
POST     /api/book                                                                        142     0(0.00%) |    189     101     495    140 |    1.30        0.00
GET      /api/concerts                                                                     47     0(0.00%) |      3       2      48      3 |    0.70        0.00
GET      /health                                                                           16     0(0.00%) |      2       2       3      3 |    0.30        0.00
--------|----------------------------------------------------------------------------|-------|-------------|-------|-------|-------|-------|--------|-----------
         Aggregated                                                                       205     0(0.00%) |    132       2     495    140 |    2.30        0.00

Type     Name                                                                          # reqs      # fails |    Avg     Min     Max    Med |   req/s  failures/s
--------|----------------------------------------------------------------------------|-------|-------------|-------|-------|-------|-------|--------|-----------
POST     /api/book                                                                        146     0(0.00%) |    187     101     495    140 |    1.30        0.00
GET      /api/concerts                                                                     47     0(0.00%) |      3       2      48      3 |    0.60        0.00
GET      /health                                                                           17     0(0.00%) |      2       2       3      3 |    0.40        0.00
--------|----------------------------------------------------------------------------|-------|-------------|-------|-------|-------|-------|--------|-----------
         Aggregated                                                                       210     0(0.00%) |    131       2     495    130 |    2.30        0.00

Type     Name                                                                          # reqs      # fails |    Avg     Min     Max    Med |   req/s  failures/s
--------|----------------------------------------------------------------------------|-------|-------------|-------|-------|-------|-------|--------|-----------
POST     /api/book                                                                        150     0(0.00%) |    189     101     495    140 |    1.50        0.00
GET      /api/concerts                                                                     47     0(0.00%) |      3       2      48      3 |    0.30        0.00
GET      /health                                                                           17     0(0.00%) |      2       2       3      3 |    0.40        0.00
--------|----------------------------------------------------------------------------|-------|-------------|-------|-------|-------|-------|--------|-----------
         Aggregated                                                                       214     0(0.00%) |    134       2     495    140 |    2.20        0.00

Type     Name                                                                          # reqs      # fails |    Avg     Min     Max    Med |   req/s  failures/s
--------|----------------------------------------------------------------------------|-------|-------------|-------|-------|-------|-------|--------|-----------
POST     /api/book                                                                        155     0(0.00%) |    188      98     495    140 |    1.70        0.00
GET      /api/concerts                                                                     47     0(0.00%) |      3       2      48      3 |    0.00        0.00
GET      /health                                                                           17     0(0.00%) |      2       2       3      3 |    0.30        0.00
--------|----------------------------------------------------------------------------|-------|-------------|-------|-------|-------|-------|--------|-----------
         Aggregated                                                                       219     0(0.00%) |    134       2     495    140 |    2.00        0.00

Type     Name                                                                          # reqs      # fails |    Avg     Min     Max    Med |   req/s  failures/s
--------|----------------------------------------------------------------------------|-------|-------------|-------|-------|-------|-------|--------|-----------
POST     /api/book                                                                        160     0(0.00%) |    186      98     495    140 |    2.00        0.00
GET      /api/concerts                                                                     47     0(0.00%) |      3       2      48      3 |    0.00        0.00
GET      /health                                                                           18     0(0.00%) |      2       2       5      3 |    0.30        0.00
--------|----------------------------------------------------------------------------|-------|-------------|-------|-------|-------|-------|--------|-----------
         Aggregated                                                                       225     0(0.00%) |    133       2     495    140 |    2.30        0.00

Type     Name                                                                          # reqs      # fails |    Avg     Min     Max    Med |   req/s  failures/s
--------|----------------------------------------------------------------------------|-------|-------------|-------|-------|-------|-------|--------|-----------
POST     /api/book                                                                        165     0(0.00%) |    186      98     495    140 |    2.10        0.00
GET      /api/concerts                                                                     47     0(0.00%) |      3       2      48      3 |    0.00        0.00
GET      /health                                                                           18     0(0.00%) |      2       2       5      3 |    0.30        0.00
--------|----------------------------------------------------------------------------|-------|-------------|-------|-------|-------|-------|--------|-----------
         Aggregated                                                                       230     0(0.00%) |    135       2     495    140 |    2.40        0.00

Type     Name                                                                          # reqs      # fails |    Avg     Min     Max    Med |   req/s  failures/s
--------|----------------------------------------------------------------------------|-------|-------------|-------|-------|-------|-------|--------|-----------
POST     /api/book                                                                        167     0(0.00%) |    186      98     495    140 |    2.10        0.00
GET      /api/concerts                                                                     50     0(0.00%) |      3       2      48      3 |    0.00        0.00
GET      /health                                                                           18     0(0.00%) |      2       2       5      3 |    0.20        0.00
--------|----------------------------------------------------------------------------|-------|-------------|-------|-------|-------|-------|--------|-----------
         Aggregated                                                                       235     0(0.00%) |    133       2     495    140 |    2.30        0.00

Type     Name                                                                          # reqs      # fails |    Avg     Min     Max    Med |   req/s  failures/s
--------|----------------------------------------------------------------------------|-------|-------------|-------|-------|-------|-------|--------|-----------
POST     /api/book                                                                        171     0(0.00%) |    187      98     495    140 |    2.10        0.00
GET      /api/concerts                                                                     50     0(0.00%) |      3       2      48      3 |    0.30        0.00
GET      /health                                                                           18     0(0.00%) |      2       2       5      3 |    0.10        0.00
--------|----------------------------------------------------------------------------|-------|-------------|-------|-------|-------|-------|--------|-----------
         Aggregated                                                                       239     0(0.00%) |    135       2     495    140 |    2.50        0.00

Type     Name                                                                          # reqs      # fails |    Avg     Min     Max    Med |   req/s  failures/s
--------|----------------------------------------------------------------------------|-------|-------------|-------|-------|-------|-------|--------|-----------
POST     /api/book                                                                        176     0(0.00%) |    188      98     495    140 |    2.20        0.00
GET      /api/concerts                                                                     50     0(0.00%) |      3       2      48      3 |    0.30        0.00
GET      /health                                                                           18     0(0.00%) |      2       2       5      3 |    0.10        0.00
--------|----------------------------------------------------------------------------|-------|-------------|-------|-------|-------|-------|--------|-----------
         Aggregated                                                                       244     0(0.00%) |    136       2     495    140 |    2.60        0.00

Type     Name                                                                          # reqs      # fails |    Avg     Min     Max    Med |   req/s  failures/s
--------|----------------------------------------------------------------------------|-------|-------------|-------|-------|-------|-------|--------|-----------
POST     /api/book                                                                        179     0(0.00%) |    187      98     495    140 |    1.90        0.00
GET      /api/concerts                                                                     51     0(0.00%) |      3       2      48      3 |    0.30        0.00
GET      /health                                                                           20     0(0.00%) |      5       2      43      3 |    0.10        0.00
--------|----------------------------------------------------------------------------|-------|-------------|-------|-------|-------|-------|--------|-----------
         Aggregated                                                                       250     0(0.00%) |    135       2     495    140 |    2.30        0.00

Type     Name                                                                          # reqs      # fails |    Avg     Min     Max    Med |   req/s  failures/s
--------|----------------------------------------------------------------------------|-------|-------------|-------|-------|-------|-------|--------|-----------
POST     /api/book                                                                        181     0(0.00%) |    187      98     495    140 |    1.90        0.00
GET      /api/concerts                                                                     53     0(0.00%) |      3       2      48      3 |    0.40        0.00
GET      /health                                                                           21     0(0.00%) |      4       2      43      3 |    0.20        0.00
--------|----------------------------------------------------------------------------|-------|-------------|-------|-------|-------|-------|--------|-----------
         Aggregated                                                                       255     0(0.00%) |    134       2     495    140 |    2.50        0.00

Type     Name                                                                          # reqs      # fails |    Avg     Min     Max    Med |   req/s  failures/s
--------|----------------------------------------------------------------------------|-------|-------------|-------|-------|-------|-------|--------|-----------
POST     /api/book                                                                        186     0(0.00%) |    185      98     495    140 |    1.80        0.00
GET      /api/concerts                                                                     56     0(0.00%) |      3       2      48      3 |    0.50        0.00
GET      /health                                                                           21     0(0.00%) |      4       2      43      3 |    0.30        0.00
--------|----------------------------------------------------------------------------|-------|-------------|-------|-------|-------|-------|--------|-----------
         Aggregated                                                                       263     0(0.00%) |    132       2     495    140 |    2.60        0.00

Type     Name                                                                          # reqs      # fails |    Avg     Min     Max    Med |   req/s  failures/s
--------|----------------------------------------------------------------------------|-------|-------------|-------|-------|-------|-------|--------|-----------
POST     /api/book                                                                        189     0(0.00%) |    184      98     495    140 |    1.70        0.00
GET      /api/concerts                                                                     56     0(0.00%) |      3       2      48      3 |    0.60        0.00
GET      /health                                                                           21     0(0.00%) |      4       2      43      3 |    0.30        0.00
--------|----------------------------------------------------------------------------|-------|-------------|-------|-------|-------|-------|--------|-----------
         Aggregated                                                                       266     0(0.00%) |    132       2     495    140 |    2.60        0.00

Type     Name                                                                          # reqs      # fails |    Avg     Min     Max    Med |   req/s  failures/s
--------|----------------------------------------------------------------------------|-------|-------------|-------|-------|-------|-------|--------|-----------
POST     /api/book                                                                        192     0(0.00%) |    187      98     495    140 |    1.90        0.00
GET      /api/concerts                                                                     57     0(0.00%) |      3       2      48      3 |    0.60        0.00
GET      /health                                                                           21     0(0.00%) |      4       2      43      3 |    0.30        0.00
--------|----------------------------------------------------------------------------|-------|-------------|-------|-------|-------|-------|--------|-----------
         Aggregated                                                                       270     0(0.00%) |    134       2     495    140 |    2.80        0.00

Type     Name                                                                          # reqs      # fails |    Avg     Min     Max    Med |   req/s  failures/s
--------|----------------------------------------------------------------------------|-------|-------------|-------|-------|-------|-------|--------|-----------
POST     /api/book                                                                        196     0(0.00%) |    185      96     495    140 |    1.90        0.00
GET      /api/concerts                                                                     57     0(0.00%) |      3       2      48      3 |    0.70        0.00
GET      /health                                                                           23     0(0.00%) |      4       2      43      3 |    0.30        0.00
--------|----------------------------------------------------------------------------|-------|-------------|-------|-------|-------|-------|--------|-----------
         Aggregated                                                                       276     0(0.00%) |    133       2     495    140 |    2.90        0.00

Type     Name                                                                          # reqs      # fails |    Avg     Min     Max    Med |   req/s  failures/s
--------|----------------------------------------------------------------------------|-------|-------------|-------|-------|-------|-------|--------|-----------
POST     /api/book                                                                        199     0(0.00%) |    185      96     495    140 |    1.70        0.00
GET      /api/concerts                                                                     59     0(0.00%) |      3       2      48      3 |    0.60        0.00
GET      /health                                                                           23     0(0.00%) |      4       2      43      3 |    0.30        0.00
--------|----------------------------------------------------------------------------|-------|-------------|-------|-------|-------|-------|--------|-----------
         Aggregated                                                                       281     0(0.00%) |    132       2     495    140 |    2.60        0.00

Type     Name                                                                          # reqs      # fails |    Avg     Min     Max    Med |   req/s  failures/s
--------|----------------------------------------------------------------------------|-------|-------------|-------|-------|-------|-------|--------|-----------
POST     /api/book                                                                        202     0(0.00%) |    184      96     495    140 |    1.70        0.00
GET      /api/concerts                                                                     59     0(0.00%) |      3       2      48      3 |    0.60        0.00
GET      /health                                                                           25     0(0.00%) |      4       2      43      3 |    0.20        0.00
--------|----------------------------------------------------------------------------|-------|-------------|-------|-------|-------|-------|--------|-----------
         Aggregated                                                                       286     0(0.00%) |    131       2     495    140 |    2.50        0.00

Type     Name                                                                          # reqs      # fails |    Avg     Min     Max    Med |   req/s  failures/s
--------|----------------------------------------------------------------------------|-------|-------------|-------|-------|-------|-------|--------|-----------
POST     /api/book                                                                        203     0(0.00%) |    184      96     495    140 |    1.70        0.00
GET      /api/concerts                                                                     60     0(0.00%) |      3       2      48      3 |    0.30        0.00
GET      /health                                                                           25     0(0.00%) |      4       2      43      3 |    0.30        0.00
--------|----------------------------------------------------------------------------|-------|-------------|-------|-------|-------|-------|--------|-----------
         Aggregated                                                                       288     0(0.00%) |    131       2     495    140 |    2.30        0.00

Type     Name                                                                          # reqs      # fails |    Avg     Min     Max    Med |   req/s  failures/s
--------|----------------------------------------------------------------------------|-------|-------------|-------|-------|-------|-------|--------|-----------
POST     /api/book                                                                        207     0(0.00%) |    183      96     495    140 |    1.50        0.00
GET      /api/concerts                                                                     60     0(0.00%) |      3       2      48      3 |    0.30        0.00
GET      /health                                                                           26     0(0.00%) |      4       2      43      3 |    0.40        0.00
--------|----------------------------------------------------------------------------|-------|-------------|-------|-------|-------|-------|--------|-----------
         Aggregated                                                                       293     0(0.00%) |    130       2     495    140 |    2.20        0.00

Type     Name                                                                          # reqs      # fails |    Avg     Min     Max    Med |   req/s  failures/s
--------|----------------------------------------------------------------------------|-------|-------------|-------|-------|-------|-------|--------|-----------
POST     /api/book                                                                        210     0(0.00%) |    182      96     495    140 |    1.50        0.00
GET      /api/concerts                                                                     62     0(0.00%) |      3       2      48      3 |    0.30        0.00
GET      /health                                                                           27     0(0.00%) |      4       2      43      3 |    0.40        0.00
--------|----------------------------------------------------------------------------|-------|-------------|-------|-------|-------|-------|--------|-----------
         Aggregated                                                                       299     0(0.00%) |    129       2     495    140 |    2.20        0.00

Type     Name                                                                          # reqs      # fails |    Avg     Min     Max    Med |   req/s  failures/s
--------|----------------------------------------------------------------------------|-------|-------------|-------|-------|-------|-------|--------|-----------
POST     /api/book                                                                        213     0(0.00%) |    181      96     495    140 |    1.40        0.00
GET      /api/concerts                                                                     63     0(0.00%) |      3       2      48      3 |    0.50        0.00
GET      /health                                                                           27     0(0.00%) |      4       2      43      3 |    0.30        0.00
--------|----------------------------------------------------------------------------|-------|-------------|-------|-------|-------|-------|--------|-----------
         Aggregated                                                                       303     0(0.00%) |    129       2     495    140 |    2.20        0.00

Type     Name                                                                          # reqs      # fails |    Avg     Min     Max    Med |   req/s  failures/s
--------|----------------------------------------------------------------------------|-------|-------------|-------|-------|-------|-------|--------|-----------
POST     /api/book                                                                        216     0(0.00%) |    182      96     495    140 |    1.30        0.00
GET      /api/concerts                                                                     63     0(0.00%) |      3       2      48      3 |    0.50        0.00
GET      /health                                                                           28     0(0.00%) |      4       2      43      3 |    0.40        0.00
--------|----------------------------------------------------------------------------|-------|-------------|-------|-------|-------|-------|--------|-----------
         Aggregated                                                                       307     0(0.00%) |    129       2     495    140 |    2.20        0.00

Type     Name                                                                          # reqs      # fails |    Avg     Min     Max    Med |   req/s  failures/s
--------|----------------------------------------------------------------------------|-------|-------------|-------|-------|-------|-------|--------|-----------
POST     /api/book                                                                        222     0(0.00%) |    184      96     495    140 |    1.50        0.00
GET      /api/concerts                                                                     63     0(0.00%) |      3       2      48      3 |    0.40        0.00
GET      /health                                                                           28     0(0.00%) |      4       2      43      3 |    0.40        0.00
--------|----------------------------------------------------------------------------|-------|-------------|-------|-------|-------|-------|--------|-----------
         Aggregated                                                                       313     0(0.00%) |    132       2     495    140 |    2.30        0.00

Type     Name                                                                          # reqs      # fails |    Avg     Min     Max    Med |   req/s  failures/s
--------|----------------------------------------------------------------------------|-------|-------------|-------|-------|-------|-------|--------|-----------
POST     /api/book                                                                        224     0(0.00%) |    183      96     495    140 |    1.70        0.00
GET      /api/concerts                                                                     65     0(0.00%) |      3       2      48      3 |    0.40        0.00
GET      /health                                                                           28     0(0.00%) |      4       2      43      3 |    0.30        0.00
--------|----------------------------------------------------------------------------|-------|-------------|-------|-------|-------|-------|--------|-----------
         Aggregated                                                                       317     0(0.00%) |    131       2     495    140 |    2.40        0.00

Type     Name                                                                          # reqs      # fails |    Avg     Min     Max    Med |   req/s  failures/s
--------|----------------------------------------------------------------------------|-------|-------------|-------|-------|-------|-------|--------|-----------
POST     /api/book                                                                        227     0(0.00%) |    183      96     495    140 |    1.70        0.00
GET      /api/concerts                                                                     67     0(0.00%) |      3       2      48      3 |    0.50        0.00
GET      /health                                                                           28     0(0.00%) |      4       2      43      3 |    0.30        0.00
--------|----------------------------------------------------------------------------|-------|-------------|-------|-------|-------|-------|--------|-----------
         Aggregated                                                                       322     0(0.00%) |    130       2     495    140 |    2.50        0.00

Type     Name                                                                          # reqs      # fails |    Avg     Min     Max    Med |   req/s  failures/s
--------|----------------------------------------------------------------------------|-------|-------------|-------|-------|-------|-------|--------|-----------
POST     /api/book                                                                        231     0(0.00%) |    183      96     495    140 |    1.70        0.00
GET      /api/concerts                                                                     68     0(0.00%) |      3       2      48      3 |    0.50        0.00
GET      /health                                                                           28     0(0.00%) |      4       2      43      3 |    0.20        0.00
--------|----------------------------------------------------------------------------|-------|-------------|-------|-------|-------|-------|--------|-----------
         Aggregated                                                                       327     0(0.00%) |    130       2     495    140 |    2.40        0.00

Type     Name                                                                          # reqs      # fails |    Avg     Min     Max    Med |   req/s  failures/s
--------|----------------------------------------------------------------------------|-------|-------------|-------|-------|-------|-------|--------|-----------
POST     /api/book                                                                        236     0(0.00%) |    183      96     495    140 |    1.80        0.00
GET      /api/concerts                                                                     69     0(0.00%) |      3       2      48      3 |    0.50        0.00
GET      /health                                                                           28     0(0.00%) |      4       2      43      3 |    0.10        0.00
--------|----------------------------------------------------------------------------|-------|-------------|-------|-------|-------|-------|--------|-----------
         Aggregated                                                                       333     0(0.00%) |    131       2     495    140 |    2.40        0.00

Type     Name                                                                          # reqs      # fails |    Avg     Min     Max    Med |   req/s  failures/s
--------|----------------------------------------------------------------------------|-------|-------------|-------|-------|-------|-------|--------|-----------
POST     /api/book                                                                        240     0(0.00%) |    182      96     495    140 |    1.90        0.00
GET      /api/concerts                                                                     69     0(0.00%) |      3       2      48      3 |    0.60        0.00
GET      /health                                                                           29     0(0.00%) |      4       2      43      3 |    0.00        0.00
--------|----------------------------------------------------------------------------|-------|-------------|-------|-------|-------|-------|--------|-----------
         Aggregated                                                                       338     0(0.00%) |    130       2     495    140 |    2.50        0.00

Type     Name                                                                          # reqs      # fails |    Avg     Min     Max    Med |   req/s  failures/s
--------|----------------------------------------------------------------------------|-------|-------------|-------|-------|-------|-------|--------|-----------
POST     /api/book                                                                        244     0(0.00%) |    181      96     495    140 |    1.80        0.00
GET      /api/concerts                                                                     69     0(0.00%) |      3       2      48      3 |    0.60        0.00
GET      /health                                                                           29     0(0.00%) |      4       2      43      3 |    0.00        0.00
--------|----------------------------------------------------------------------------|-------|-------------|-------|-------|-------|-------|--------|-----------
         Aggregated                                                                       342     0(0.00%) |    130       2     495    140 |    2.40        0.00

Type     Name                                                                          # reqs      # fails |    Avg     Min     Max    Med |   req/s  failures/s
--------|----------------------------------------------------------------------------|-------|-------------|-------|-------|-------|-------|--------|-----------
POST     /api/book                                                                        248     0(0.00%) |    181      96     495    140 |    1.90        0.00
GET      /api/concerts                                                                     70     0(0.00%) |      3       2      48      3 |    0.40        0.00
GET      /health                                                                           29     0(0.00%) |      4       2      43      3 |    0.10        0.00
--------|----------------------------------------------------------------------------|-------|-------------|-------|-------|-------|-------|--------|-----------
         Aggregated                                                                       347     0(0.00%) |    130       2     495    140 |    2.40        0.00

Type     Name                                                                          # reqs      # fails |    Avg     Min     Max    Med |   req/s  failures/s
--------|----------------------------------------------------------------------------|-------|-------------|-------|-------|-------|-------|--------|-----------
POST     /api/book                                                                        254     0(0.00%) |    181      96     495    140 |    2.20        0.00
GET      /api/concerts                                                                     70     0(0.00%) |      3       2      48      3 |    0.30        0.00
GET      /health                                                                           29     0(0.00%) |      4       2      43      3 |    0.10        0.00
--------|----------------------------------------------------------------------------|-------|-------------|-------|-------|-------|-------|--------|-----------
         Aggregated                                                                       353     0(0.00%) |    131       2     495    140 |    2.60        0.00

Type     Name                                                                          # reqs      # fails |    Avg     Min     Max    Med |   req/s  failures/s
--------|----------------------------------------------------------------------------|-------|-------------|-------|-------|-------|-------|--------|-----------
POST     /api/book                                                                        256     0(0.00%) |    181      96     495    140 |    2.20        0.00
GET      /api/concerts                                                                     71     0(0.00%) |      3       2      48      3 |    0.20        0.00
GET      /health                                                                           29     0(0.00%) |      4       2      43      3 |    0.10        0.00
--------|----------------------------------------------------------------------------|-------|-------------|-------|-------|-------|-------|--------|-----------
         Aggregated                                                                       356     0(0.00%) |    131       2     495    140 |    2.50        0.00

Type     Name                                                                          # reqs      # fails |    Avg     Min     Max    Med |   req/s  failures/s
--------|----------------------------------------------------------------------------|-------|-------------|-------|-------|-------|-------|--------|-----------
POST     /api/book                                                                        260     0(0.00%) |    182      96     495    140 |    2.00        0.00
GET      /api/concerts                                                                     73     0(0.00%) |      3       2      48      3 |    0.10        0.00
GET      /health                                                                           30     0(0.00%) |      5       2      49      3 |    0.10        0.00
--------|----------------------------------------------------------------------------|-------|-------------|-------|-------|-------|-------|--------|-----------
         Aggregated                                                                       363     0(0.00%) |    131       2     495    140 |    2.20        0.00

Type     Name                                                                          # reqs      # fails |    Avg     Min     Max    Med |   req/s  failures/s
--------|----------------------------------------------------------------------------|-------|-------------|-------|-------|-------|-------|--------|-----------
POST     /api/book                                                                        263     0(0.00%) |    181      96     495    140 |    2.00        0.00
GET      /api/concerts                                                                     73     0(0.00%) |      3       2      48      3 |    0.20        0.00
GET      /health                                                                           30     0(0.00%) |      5       2      49      3 |    0.10        0.00
--------|----------------------------------------------------------------------------|-------|-------------|-------|-------|-------|-------|--------|-----------
         Aggregated                                                                       366     0(0.00%) |    131       2     495    140 |    2.30        0.00

Type     Name                                                                          # reqs      # fails |    Avg     Min     Max    Med |   req/s  failures/s
--------|----------------------------------------------------------------------------|-------|-------------|-------|-------|-------|-------|--------|-----------
POST     /api/book                                                                        266     0(0.00%) |    182      96     495    140 |    2.00        0.00
GET      /api/concerts                                                                     74     0(0.00%) |      3       2      48      3 |    0.40        0.00
GET      /health                                                                           30     0(0.00%) |      5       2      49      3 |    0.10        0.00
--------|----------------------------------------------------------------------------|-------|-------------|-------|-------|-------|-------|--------|-----------
         Aggregated                                                                       370     0(0.00%) |    132       2     495    140 |    2.50        0.00

Type     Name                                                                          # reqs      # fails |    Avg     Min     Max    Med |   req/s  failures/s
--------|----------------------------------------------------------------------------|-------|-------------|-------|-------|-------|-------|--------|-----------
POST     /api/book                                                                        270     0(0.00%) |    185      96     495    140 |    2.10        0.00
GET      /api/concerts                                                                     74     0(0.00%) |      3       2      48      3 |    0.30        0.00
GET      /health                                                                           30     0(0.00%) |      5       2      49      3 |    0.10        0.00
--------|----------------------------------------------------------------------------|-------|-------------|-------|-------|-------|-------|--------|-----------
         Aggregated                                                                       374     0(0.00%) |    135       2     495    140 |    2.50        0.00

Type     Name                                                                          # reqs      # fails |    Avg     Min     Max    Med |   req/s  failures/s
--------|----------------------------------------------------------------------------|-------|-------------|-------|-------|-------|-------|--------|-----------
POST     /api/book                                                                        273     0(0.00%) |    184      96     495    140 |    1.80        0.00
GET      /api/concerts                                                                     75     0(0.00%) |      3       2      48      3 |    0.40        0.00
GET      /health                                                                           32     0(0.00%) |      7       2      51      3 |    0.10        0.00
--------|----------------------------------------------------------------------------|-------|-------------|-------|-------|-------|-------|--------|-----------
         Aggregated                                                                       380     0(0.00%) |    134       2     495    140 |    2.30        0.00

Type     Name                                                                          # reqs      # fails |    Avg     Min     Max    Med |   req/s  failures/s
--------|----------------------------------------------------------------------------|-------|-------------|-------|-------|-------|-------|--------|-----------
POST     /api/book                                                                        276     0(0.00%) |    184      96     495    140 |    1.70        0.00
GET      /api/concerts                                                                     76     0(0.00%) |      3       2      48      3 |    0.50        0.00
GET      /health                                                                           33     0(0.00%) |      7       2      51      3 |    0.20        0.00
--------|----------------------------------------------------------------------------|-------|-------------|-------|-------|-------|-------|--------|-----------
         Aggregated                                                                       385     0(0.00%) |    133       2     495    140 |    2.40        0.00

Type     Name                                                                          # reqs      # fails |    Avg     Min     Max    Med |   req/s  failures/s
--------|----------------------------------------------------------------------------|-------|-------------|-------|-------|-------|-------|--------|-----------
POST     /api/book                                                                        281     0(0.00%) |    184      96     495    140 |    1.70        0.00
GET      /api/concerts                                                                     76     0(0.00%) |      3       2      48      3 |    0.50        0.00
GET      /health                                                                           33     0(0.00%) |      7       2      51      3 |    0.30        0.00
--------|----------------------------------------------------------------------------|-------|-------------|-------|-------|-------|-------|--------|-----------
         Aggregated                                                                       390     0(0.00%) |    134       2     495    140 |    2.50        0.00

Type     Name                                                                          # reqs      # fails |    Avg     Min     Max    Med |   req/s  failures/s
--------|----------------------------------------------------------------------------|-------|-------------|-------|-------|-------|-------|--------|-----------
POST     /api/book                                                                        283     0(0.00%) |    184      96     495    140 |    1.90        0.00
GET      /api/concerts                                                                     76     0(0.00%) |      3       2      48      3 |    0.30        0.00
GET      /health                                                                           34     0(0.00%) |      6       2      51      3 |    0.30        0.00
--------|----------------------------------------------------------------------------|-------|-------------|-------|-------|-------|-------|--------|-----------
         Aggregated                                                                       393     0(0.00%) |    134       2     495    140 |    2.50        0.00

Type     Name                                                                          # reqs      # fails |    Avg     Min     Max    Med |   req/s  failures/s
--------|----------------------------------------------------------------------------|-------|-------------|-------|-------|-------|-------|--------|-----------
POST     /api/book                                                                        288     0(0.00%) |    185      96     495    140 |    1.60        0.00
GET      /api/concerts                                                                     76     0(0.00%) |      3       2      48      3 |    0.20        0.00
GET      /health                                                                           34     0(0.00%) |      6       2      51      3 |    0.40        0.00
--------|----------------------------------------------------------------------------|-------|-------------|-------|-------|-------|-------|--------|-----------
         Aggregated                                                                       398     0(0.00%) |    135       2     495    140 |    2.20        0.00

Type     Name                                                                          # reqs      # fails |    Avg     Min     Max    Med |   req/s  failures/s
--------|----------------------------------------------------------------------------|-------|-------------|-------|-------|-------|-------|--------|-----------
POST     /api/book                                                                        291     0(0.00%) |    184      96     495    140 |    1.70        0.00
GET      /api/concerts                                                                     79     0(0.00%) |      3       2      48      3 |    0.20        0.00
GET      /health                                                                           35     0(0.00%) |      6       2      51      3 |    0.40        0.00
--------|----------------------------------------------------------------------------|-------|-------------|-------|-------|-------|-------|--------|-----------
         Aggregated                                                                       405     0(0.00%) |    134       2     495    140 |    2.30        0.00

Type     Name                                                                          # reqs      # fails |    Avg     Min     Max    Med |   req/s  failures/s
--------|----------------------------------------------------------------------------|-------|-------------|-------|-------|-------|-------|--------|-----------
POST     /api/book                                                                        293     0(0.00%) |    184      96     495    140 |    1.70        0.00
GET      /api/concerts                                                                     80     0(0.00%) |      3       2      48      3 |    0.40        0.00
GET      /health                                                                           36     0(0.00%) |      6       2      51      3 |    0.40        0.00
--------|----------------------------------------------------------------------------|-------|-------------|-------|-------|-------|-------|--------|-----------
         Aggregated                                                                       409     0(0.00%) |    133       2     495    140 |    2.50        0.00

Type     Name                                                                          # reqs      # fails |    Avg     Min     Max    Med |   req/s  failures/s
--------|----------------------------------------------------------------------------|-------|-------------|-------|-------|-------|-------|--------|-----------
POST     /api/book                                                                        297     0(0.00%) |    183      96     495    140 |    1.70        0.00
GET      /api/concerts                                                                     81     0(0.00%) |      3       2      48      3 |    0.40        0.00
GET      /health                                                                           36     0(0.00%) |      6       2      51      3 |    0.20        0.00
--------|----------------------------------------------------------------------------|-------|-------------|-------|-------|-------|-------|--------|-----------
         Aggregated                                                                       414     0(0.00%) |    133       2     495    140 |    2.30        0.00

Type     Name                                                                          # reqs      # fails |    Avg     Min     Max    Med |   req/s  failures/s
--------|----------------------------------------------------------------------------|-------|-------------|-------|-------|-------|-------|--------|-----------
POST     /api/book                                                                        299     0(0.00%) |    183      96     495    140 |    1.60        0.00
GET      /api/concerts                                                                     82     0(0.00%) |      3       2      48      3 |    0.50        0.00
GET      /health                                                                           36     0(0.00%) |      6       2      51      3 |    0.30        0.00
--------|----------------------------------------------------------------------------|-------|-------------|-------|-------|-------|-------|--------|-----------
         Aggregated                                                                       417     0(0.00%) |    132       2     495    140 |    2.40        0.00

Type     Name                                                                          # reqs      # fails |    Avg     Min     Max    Med |   req/s  failures/s
--------|----------------------------------------------------------------------------|-------|-------------|-------|-------|-------|-------|--------|-----------
POST     /api/book                                                                        302     0(0.00%) |    183      96     495    140 |    1.60        0.00
GET      /api/concerts                                                                     83     0(0.00%) |      3       2      48      3 |    0.50        0.00
GET      /health                                                                           36     0(0.00%) |      6       2      51      3 |    0.20        0.00
--------|----------------------------------------------------------------------------|-------|-------------|-------|-------|-------|-------|--------|-----------
         Aggregated                                                                       421     0(0.00%) |    132       2     495    140 |    2.30        0.00

Type     Name                                                                          # reqs      # fails |    Avg     Min     Max    Med |   req/s  failures/s
--------|----------------------------------------------------------------------------|-------|-------------|-------|-------|-------|-------|--------|-----------
POST     /api/book                                                                        306     0(0.00%) |    183      96     495    140 |    1.50        0.00
GET      /api/concerts                                                                     84     0(0.00%) |      3       2      48      3 |    0.70        0.00
GET      /health                                                                           37     0(0.00%) |      6       2      51      3 |    0.20        0.00
--------|----------------------------------------------------------------------------|-------|-------------|-------|-------|-------|-------|--------|-----------
         Aggregated                                                                       427     0(0.00%) |    132       2     495    140 |    2.40        0.00

[2026-05-29 13:45:16,608] ip-172-31-20-158/INFO/locust.runners: Shape test updating to 40 users at 0.20 spawn rate
[2026-05-29 13:45:16,608] ip-172-31-20-158/INFO/locust.runners: Ramping to 40 users at a rate of 0.20 per second
Type     Name                                                                          # reqs      # fails |    Avg     Min     Max    Med |   req/s  failures/s
--------|----------------------------------------------------------------------------|-------|-------------|-------|-------|-------|-------|--------|-----------
POST     /api/book                                                                        311     0(0.00%) |    182      96     495    140 |    1.50        0.00
GET      /api/concerts                                                                     84     0(0.00%) |      3       2      48      3 |    0.50        0.00
GET      /health                                                                           37     0(0.00%) |      6       2      51      3 |    0.10        0.00
--------|----------------------------------------------------------------------------|-------|-------------|-------|-------|-------|-------|--------|-----------
         Aggregated                                                                       432     0(0.00%) |    132       2     495    140 |    2.10        0.00

Type     Name                                                                          # reqs      # fails |    Avg     Min     Max    Med |   req/s  failures/s
--------|----------------------------------------------------------------------------|-------|-------------|-------|-------|-------|-------|--------|-----------
POST     /api/book                                                                        315     0(0.00%) |    182      96     495    140 |    1.60        0.00
GET      /api/concerts                                                                     84     0(0.00%) |      3       2      48      3 |    0.50        0.00
GET      /health                                                                           37     0(0.00%) |      6       2      51      3 |    0.20        0.00
--------|----------------------------------------------------------------------------|-------|-------------|-------|-------|-------|-------|--------|-----------
         Aggregated                                                                       436     0(0.00%) |    133       2     495    140 |    2.30        0.00

Type     Name                                                                          # reqs      # fails |    Avg     Min     Max    Med |   req/s  failures/s
--------|----------------------------------------------------------------------------|-------|-------------|-------|-------|-------|-------|--------|-----------
POST     /api/book                                                                        320     0(0.00%) |    183      96     495    140 |    1.90        0.00
GET      /api/concerts                                                                     85     0(0.00%) |      3       2      48      3 |    0.30        0.00
GET      /health                                                                           37     0(0.00%) |      6       2      51      3 |    0.10        0.00
--------|----------------------------------------------------------------------------|-------|-------------|-------|-------|-------|-------|--------|-----------
         Aggregated                                                                       442     0(0.00%) |    134       2     495    140 |    2.30        0.00

Type     Name                                                                          # reqs      # fails |    Avg     Min     Max    Med |   req/s  failures/s
--------|----------------------------------------------------------------------------|-------|-------------|-------|-------|-------|-------|--------|-----------
POST     /api/book                                                                        326     0(0.00%) |    182      96     495    140 |    2.10        0.00
GET      /api/concerts                                                                     85     0(0.00%) |      3       2      48      3 |    0.30        0.00
GET      /health                                                                           38     0(0.00%) |      6       2      51      3 |    0.10        0.00
--------|----------------------------------------------------------------------------|-------|-------------|-------|-------|-------|-------|--------|-----------
         Aggregated                                                                       449     0(0.00%) |    134       2     495    140 |    2.50        0.00

Type     Name                                                                          # reqs      # fails |    Avg     Min     Max    Med |   req/s  failures/s
--------|----------------------------------------------------------------------------|-------|-------------|-------|-------|-------|-------|--------|-----------
POST     /api/book                                                                        330     0(0.00%) |    183      96     495    140 |    2.10        0.00
GET      /api/concerts                                                                     86     0(0.00%) |      3       2      48      3 |    0.30        0.00
GET      /health                                                                           38     0(0.00%) |      6       2      51      3 |    0.10        0.00
--------|----------------------------------------------------------------------------|-------|-------------|-------|-------|-------|-------|--------|-----------
         Aggregated                                                                       454     0(0.00%) |    134       2     495    140 |    2.50        0.00

Type     Name                                                                          # reqs      # fails |    Avg     Min     Max    Med |   req/s  failures/s
--------|----------------------------------------------------------------------------|-------|-------------|-------|-------|-------|-------|--------|-----------
POST     /api/book                                                                        336     0(0.00%) |    184      96     495    140 |    2.60        0.00
GET      /api/concerts                                                                     88     0(0.00%) |      3       2      48      3 |    0.20        0.00
GET      /health                                                                           39     0(0.00%) |      6       2      51      3 |    0.20        0.00
--------|----------------------------------------------------------------------------|-------|-------------|-------|-------|-------|-------|--------|-----------
         Aggregated                                                                       463     0(0.00%) |    135       2     495    140 |    3.00        0.00

Type     Name                                                                          # reqs      # fails |    Avg     Min     Max    Med |   req/s  failures/s
--------|----------------------------------------------------------------------------|-------|-------------|-------|-------|-------|-------|--------|-----------
POST     /api/book                                                                        341     0(0.00%) |    185      96     495    140 |    2.50        0.00
GET      /api/concerts                                                                     89     0(0.00%) |      3       2      48      3 |    0.30        0.00
GET      /health                                                                           40     0(0.00%) |      6       2      51      3 |    0.20        0.00
--------|----------------------------------------------------------------------------|-------|-------------|-------|-------|-------|-------|--------|-----------
         Aggregated                                                                       470     0(0.00%) |    135       2     495    140 |    3.00        0.00

Type     Name                                                                          # reqs      # fails |    Avg     Min     Max    Med |   req/s  failures/s
--------|----------------------------------------------------------------------------|-------|-------------|-------|-------|-------|-------|--------|-----------
POST     /api/book                                                                        350     0(0.00%) |    187      96     495    140 |    2.30        0.00
GET      /api/concerts                                                                     89     0(0.00%) |      3       2      48      3 |    0.50        0.00
GET      /health                                                                           41     0(0.00%) |      6       2      51      3 |    0.30        0.00
--------|----------------------------------------------------------------------------|-------|-------------|-------|-------|-------|-------|--------|-----------
         Aggregated                                                                       480     0(0.00%) |    137       2     495    140 |    3.10        0.00

Type     Name                                                                          # reqs      # fails |    Avg     Min     Max    Med |   req/s  failures/s
--------|----------------------------------------------------------------------------|-------|-------------|-------|-------|-------|-------|--------|-----------
POST     /api/book                                                                        357     0(0.00%) |    186      96     495    140 |    2.90        0.00
GET      /api/concerts                                                                     91     0(0.00%) |      3       2      48      3 |    0.40        0.00
GET      /health                                                                           41     0(0.00%) |      6       2      51      3 |    0.40        0.00
--------|----------------------------------------------------------------------------|-------|-------------|-------|-------|-------|-------|--------|-----------
         Aggregated                                                                       489     0(0.00%) |    137       2     495    140 |    3.70        0.00

Type     Name                                                                          # reqs      # fails |    Avg     Min     Max    Med |   req/s  failures/s
--------|----------------------------------------------------------------------------|-------|-------------|-------|-------|-------|-------|--------|-----------
POST     /api/book                                                                        361     0(0.00%) |    187      96     495    140 |    2.90        0.00
GET      /api/concerts                                                                     93     0(0.00%) |      3       2      48      3 |    0.50        0.00
GET      /health                                                                           42     0(0.00%) |      6       2      51      3 |    0.30        0.00
--------|----------------------------------------------------------------------------|-------|-------------|-------|-------|-------|-------|--------|-----------
         Aggregated                                                                       496     0(0.00%) |    137       2     495    140 |    3.70        0.00

Type     Name                                                                          # reqs      # fails |    Avg     Min     Max    Med |   req/s  failures/s
--------|----------------------------------------------------------------------------|-------|-------------|-------|-------|-------|-------|--------|-----------
POST     /api/book                                                                        369     0(0.00%) |    188      96     495    140 |    2.80        0.00
GET      /api/concerts                                                                     94     0(0.00%) |      3       2      48      3 |    0.70        0.00
GET      /health                                                                           42     0(0.00%) |      6       2      51      3 |    0.40        0.00
--------|----------------------------------------------------------------------------|-------|-------------|-------|-------|-------|-------|--------|-----------
         Aggregated                                                                       505     0(0.00%) |    138       2     495    140 |    3.90        0.00

Type     Name                                                                          # reqs      # fails |    Avg     Min     Max    Med |   req/s  failures/s
--------|----------------------------------------------------------------------------|-------|-------------|-------|-------|-------|-------|--------|-----------
POST     /api/book                                                                        377     0(0.00%) |    187      96     495    140 |    3.20        0.00
GET      /api/concerts                                                                     95     0(0.00%) |      3       2      48      3 |    0.70        0.00
GET      /health                                                                           43     0(0.00%) |      6       2      51      3 |    0.30        0.00
--------|----------------------------------------------------------------------------|-------|-------------|-------|-------|-------|-------|--------|-----------
         Aggregated                                                                       515     0(0.00%) |    138       2     495    140 |    4.20        0.00

Type     Name                                                                          # reqs      # fails |    Avg     Min     Max    Med |   req/s  failures/s
--------|----------------------------------------------------------------------------|-------|-------------|-------|-------|-------|-------|--------|-----------
POST     /api/book                                                                        381     0(0.00%) |    187      96     495    140 |    3.80        0.00
GET      /api/concerts                                                                     98     0(0.00%) |      3       2      48      3 |    0.60        0.00
GET      /health                                                                           43     0(0.00%) |      6       2      51      3 |    0.30        0.00
--------|----------------------------------------------------------------------------|-------|-------------|-------|-------|-------|-------|--------|-----------
         Aggregated                                                                       522     0(0.00%) |    138       2     495    140 |    4.70        0.00

Type     Name                                                                          # reqs      # fails |    Avg     Min     Max    Med |   req/s  failures/s
--------|----------------------------------------------------------------------------|-------|-------------|-------|-------|-------|-------|--------|-----------
POST     /api/book                                                                        390     0(0.00%) |    191      96     700    140 |    3.20        0.00
GET      /api/concerts                                                                     98     0(0.00%) |      3       2      48      3 |    0.90        0.00
GET      /health                                                                           43     0(0.00%) |      6       2      51      3 |    0.20        0.00
--------|----------------------------------------------------------------------------|-------|-------------|-------|-------|-------|-------|--------|-----------
         Aggregated                                                                       531     0(0.00%) |    141       2     700    140 |    4.30        0.00

Type     Name                                                                          # reqs      # fails |    Avg     Min     Max    Med |   req/s  failures/s
--------|----------------------------------------------------------------------------|-------|-------------|-------|-------|-------|-------|--------|-----------
POST     /api/book                                                                        400     0(0.00%) |    192      96     700    140 |    3.40        0.00
GET      /api/concerts                                                                     99     0(0.00%) |      3       2      48      3 |    0.80        0.00
GET      /health                                                                           43     0(0.00%) |      6       2      51      3 |    0.20        0.00
--------|----------------------------------------------------------------------------|-------|-------------|-------|-------|-------|-------|--------|-----------
         Aggregated                                                                       542     0(0.00%) |    143       2     700    140 |    4.40        0.00

Type     Name                                                                          # reqs      # fails |    Avg     Min     Max    Med |   req/s  failures/s
--------|----------------------------------------------------------------------------|-------|-------------|-------|-------|-------|-------|--------|-----------
POST     /api/book                                                                        407     0(0.00%) |    193      96     700    140 |    4.00        0.00
GET      /api/concerts                                                                    100     0(0.00%) |      3       2      48      3 |    0.60        0.00
GET      /health                                                                           44     0(0.00%) |      6       2      51      3 |    0.10        0.00
--------|----------------------------------------------------------------------------|-------|-------------|-------|-------|-------|-------|--------|-----------
         Aggregated                                                                       551     0(0.00%) |    144       2     700    140 |    4.70        0.00

Type     Name                                                                          # reqs      # fails |    Avg     Min     Max    Med |   req/s  failures/s
--------|----------------------------------------------------------------------------|-------|-------------|-------|-------|-------|-------|--------|-----------
POST     /api/book                                                                        417     0(0.00%) |    194      96     700    140 |    3.70        0.00
GET      /api/concerts                                                                    101     0(0.00%) |      3       2      48      3 |    0.60        0.00
GET      /health                                                                           44     0(0.00%) |      6       2      51      3 |    0.20        0.00
--------|----------------------------------------------------------------------------|-------|-------------|-------|-------|-------|-------|--------|-----------
         Aggregated                                                                       562     0(0.00%) |    145       2     700    140 |    4.50        0.00

Type     Name                                                                          # reqs      # fails |    Avg     Min     Max    Med |   req/s  failures/s
--------|----------------------------------------------------------------------------|-------|-------------|-------|-------|-------|-------|--------|-----------
POST     /api/book                                                                        427     0(0.00%) |    195      96     700    140 |    3.90        0.00
GET      /api/concerts                                                                    102     0(0.00%) |      3       2      48      3 |    0.60        0.00
GET      /health                                                                           44     0(0.00%) |      6       2      51      3 |    0.10        0.00
--------|----------------------------------------------------------------------------|-------|-------------|-------|-------|-------|-------|--------|-----------
         Aggregated                                                                       573     0(0.00%) |    146       2     700    140 |    4.60        0.00

Type     Name                                                                          # reqs      # fails |    Avg     Min     Max    Med |   req/s  failures/s
--------|----------------------------------------------------------------------------|-------|-------------|-------|-------|-------|-------|--------|-----------
POST     /api/book                                                                        438     0(0.00%) |    198      96     700    140 |    4.40        0.00
GET      /api/concerts                                                                    104     0(0.00%) |      3       2      48      3 |    0.40        0.00
GET      /health                                                                           44     0(0.00%) |      6       2      51      3 |    0.10        0.00
--------|----------------------------------------------------------------------------|-------|-------------|-------|-------|-------|-------|--------|-----------
         Aggregated                                                                       586     0(0.00%) |    149       2     700    140 |    4.90        0.00

Type     Name                                                                          # reqs      # fails |    Avg     Min     Max    Med |   req/s  failures/s
--------|----------------------------------------------------------------------------|-------|-------------|-------|-------|-------|-------|--------|-----------
POST     /api/book                                                                        444     0(0.00%) |    198      96     700    140 |    4.40        0.00
GET      /api/concerts                                                                    108     0(0.00%) |      3       2      48      3 |    0.50        0.00
GET      /health                                                                           45     0(0.00%) |      5       2      51      3 |    0.10        0.00
--------|----------------------------------------------------------------------------|-------|-------------|-------|-------|-------|-------|--------|-----------
         Aggregated                                                                       597     0(0.00%) |    148       2     700    140 |    5.00        0.00

Type     Name                                                                          # reqs      # fails |    Avg     Min     Max    Med |   req/s  failures/s
--------|----------------------------------------------------------------------------|-------|-------------|-------|-------|-------|-------|--------|-----------
POST     /api/book                                                                        453     0(0.00%) |    202      96     700    140 |    4.60        0.00
GET      /api/concerts                                                                    111     0(0.00%) |      3       2      48      3 |    0.80        0.00
GET      /health                                                                           47     0(0.00%) |      5       2      51      3 |    0.20        0.00
--------|----------------------------------------------------------------------------|-------|-------------|-------|-------|-------|-------|--------|-----------
         Aggregated                                                                       611     0(0.00%) |    150       2     700    140 |    5.60        0.00

Type     Name                                                                          # reqs      # fails |    Avg     Min     Max    Med |   req/s  failures/s
--------|----------------------------------------------------------------------------|-------|-------------|-------|-------|-------|-------|--------|-----------
POST     /api/book                                                                        459     0(0.00%) |    201      96     700    140 |    4.70        0.00
GET      /api/concerts                                                                    114     0(0.00%) |      3       2      48      3 |    1.00        0.00
GET      /health                                                                           49     0(0.00%) |      5       2      51      3 |    0.30        0.00
--------|----------------------------------------------------------------------------|-------|-------------|-------|-------|-------|-------|--------|-----------
         Aggregated                                                                       622     0(0.00%) |    149       2     700    140 |    6.00        0.00

Type     Name                                                                          # reqs      # fails |    Avg     Min     Max    Med |   req/s  failures/s
--------|----------------------------------------------------------------------------|-------|-------------|-------|-------|-------|-------|--------|-----------
POST     /api/book                                                                        468     0(0.00%) |    202      96     700    140 |    4.20        0.00
GET      /api/concerts                                                                    115     0(0.00%) |      3       2      48      3 |    1.30        0.00
GET      /health                                                                           50     0(0.00%) |      5       2      51      3 |    0.30        0.00
--------|----------------------------------------------------------------------------|-------|-------------|-------|-------|-------|-------|--------|-----------
         Aggregated                                                                       633     0(0.00%) |    151       2     700    140 |    5.80        0.00

Type     Name                                                                          # reqs      # fails |    Avg     Min     Max    Med |   req/s  failures/s
--------|----------------------------------------------------------------------------|-------|-------------|-------|-------|-------|-------|--------|-----------
POST     /api/book                                                                        480     0(0.00%) |    210      96     927    140 |    4.20        0.00
GET      /api/concerts                                                                    117     0(0.00%) |      3       2      48      3 |    1.30        0.00
GET      /health                                                                           52     0(0.00%) |      6       2      51      3 |    0.60        0.00
--------|----------------------------------------------------------------------------|-------|-------------|-------|-------|-------|-------|--------|-----------
         Aggregated                                                                       649     0(0.00%) |    156       2     927    140 |    6.10        0.00

Type     Name                                                                          # reqs      # fails |    Avg     Min     Max    Med |   req/s  failures/s
--------|----------------------------------------------------------------------------|-------|-------------|-------|-------|-------|-------|--------|-----------
POST     /api/book                                                                        489     0(0.00%) |    209      96     927    140 |    4.40        0.00
GET      /api/concerts                                                                    120     0(0.00%) |      4       2      48      3 |    1.30        0.00
GET      /health                                                                           52     0(0.00%) |      6       2      51      3 |    0.70        0.00
--------|----------------------------------------------------------------------------|-------|-------------|-------|-------|-------|-------|--------|-----------
         Aggregated                                                                       661     0(0.00%) |    156       2     927    140 |    6.40        0.00

Type     Name                                                                          # reqs      # fails |    Avg     Min     Max    Med |   req/s  failures/s
--------|----------------------------------------------------------------------------|-------|-------------|-------|-------|-------|-------|--------|-----------
POST     /api/book                                                                        501     0(0.00%) |    209      96     927    140 |    4.30        0.00
GET      /api/concerts                                                                    121     0(0.00%) |      4       2      48      3 |    1.30        0.00
GET      /health                                                                           53     0(0.00%) |      7       2      54      3 |    0.70        0.00
--------|----------------------------------------------------------------------------|-------|-------------|-------|-------|-------|-------|--------|-----------
         Aggregated                                                                       675     0(0.00%) |    157       2     927    140 |    6.30        0.00

Type     Name                                                                          # reqs      # fails |    Avg     Min     Max    Med |   req/s  failures/s
--------|----------------------------------------------------------------------------|-------|-------------|-------|-------|-------|-------|--------|-----------
POST     /api/book                                                                        514     0(0.00%) |    218      96    1198    140 |    4.80        0.00
GET      /api/concerts                                                                    122     0(0.00%) |      4       2      48      3 |    1.10        0.00
GET      /health                                                                           54     0(0.00%) |      7       2      54      3 |    0.60        0.00
--------|----------------------------------------------------------------------------|-------|-------------|-------|-------|-------|-------|--------|-----------
         Aggregated                                                                       690     0(0.00%) |    164       2    1198    140 |    6.50        0.00

Type     Name                                                                          # reqs      # fails |    Avg     Min     Max    Med |   req/s  failures/s
--------|----------------------------------------------------------------------------|-------|-------------|-------|-------|-------|-------|--------|-----------
POST     /api/book                                                                        526     0(0.00%) |    219      96    1198    140 |    5.10        0.00
GET      /api/concerts                                                                    122     0(0.00%) |      4       2      48      3 |    0.70        0.00
GET      /health                                                                           56     0(0.00%) |      7       2      54      3 |    0.70        0.00
--------|----------------------------------------------------------------------------|-------|-------------|-------|-------|-------|-------|--------|-----------
         Aggregated                                                                       704     0(0.00%) |    165       2    1198    140 |    6.50        0.00

Type     Name                                                                          # reqs      # fails |    Avg     Min     Max    Med |   req/s  failures/s
--------|----------------------------------------------------------------------------|-------|-------------|-------|-------|-------|-------|--------|-----------
POST     /api/book                                                                        539     0(0.00%) |    224      96    1198    140 |    5.60        0.00
GET      /api/concerts                                                                    122     0(0.00%) |      4       2      48      3 |    0.70        0.00
GET      /health                                                                           57     0(0.00%) |      7       2      54      3 |    0.60        0.00
--------|----------------------------------------------------------------------------|-------|-------------|-------|-------|-------|-------|--------|-----------
         Aggregated                                                                       718     0(0.00%) |    169       2    1198    140 |    6.90        0.00

Type     Name                                                                          # reqs      # fails |    Avg     Min     Max    Med |   req/s  failures/s
--------|----------------------------------------------------------------------------|-------|-------------|-------|-------|-------|-------|--------|-----------
POST     /api/book                                                                        550     0(0.00%) |    223      96    1198    140 |    6.10        0.00
GET      /api/concerts                                                                    125     0(0.00%) |      4       2      48      3 |    0.60        0.00
GET      /health                                                                           59     0(0.00%) |      7       2      54      3 |    0.60        0.00
--------|----------------------------------------------------------------------------|-------|-------------|-------|-------|-------|-------|--------|-----------
         Aggregated                                                                       734     0(0.00%) |    169       2    1198    140 |    7.30        0.00

Type     Name                                                                          # reqs      # fails |    Avg     Min     Max    Med |   req/s  failures/s
--------|----------------------------------------------------------------------------|-------|-------------|-------|-------|-------|-------|--------|-----------
POST     /api/book                                                                        563     0(0.00%) |    229      95    1198    140 |    5.90        0.00
GET      /api/concerts                                                                    129     0(0.00%) |      4       2      48      3 |    0.40        0.00
GET      /health                                                                           61     0(0.00%) |      7       2      54      3 |    0.70        0.00
--------|----------------------------------------------------------------------------|-------|-------------|-------|-------|-------|-------|--------|-----------
         Aggregated                                                                       753     0(0.00%) |    173       2    1198    140 |    7.00        0.00

Type     Name                                                                          # reqs      # fails |    Avg     Min     Max    Med |   req/s  failures/s
--------|----------------------------------------------------------------------------|-------|-------------|-------|-------|-------|-------|--------|-----------
POST     /api/book                                                                        574     0(0.00%) |    230      95    1198    140 |    5.90        0.00
GET      /api/concerts                                                                    131     0(0.00%) |      4       2      50      3 |    0.60        0.00
GET      /health                                                                           61     0(0.00%) |      7       2      54      3 |    0.80        0.00
--------|----------------------------------------------------------------------------|-------|-------------|-------|-------|-------|-------|--------|-----------
         Aggregated                                                                       766     0(0.00%) |    174       2    1198    140 |    7.30        0.00

Type     Name                                                                          # reqs      # fails |    Avg     Min     Max    Med |   req/s  failures/s
--------|----------------------------------------------------------------------------|-------|-------------|-------|-------|-------|-------|--------|-----------
POST     /api/book                                                                        585     0(0.00%) |    233      95    1198    140 |    6.20        0.00
GET      /api/concerts                                                                    134     0(0.00%) |      5       2      59      3 |    0.90        0.00
GET      /health                                                                           61     0(0.00%) |      7       2      54      3 |    0.70        0.00
--------|----------------------------------------------------------------------------|-------|-------------|-------|-------|-------|-------|--------|-----------
         Aggregated                                                                       780     0(0.00%) |    176       2    1198    140 |    7.80        0.00

Type     Name                                                                          # reqs      # fails |    Avg     Min     Max    Med |   req/s  failures/s
--------|----------------------------------------------------------------------------|-------|-------------|-------|-------|-------|-------|--------|-----------
POST     /api/book                                                                        601     0(0.00%) |    248      95    1560    150 |    6.10        0.00
GET      /api/concerts                                                                    135     0(0.00%) |      5       2      59      3 |    1.20        0.00
GET      /health                                                                           62     0(0.00%) |      8       2      54      3 |    0.50        0.00
--------|----------------------------------------------------------------------------|-------|-------------|-------|-------|-------|-------|--------|-----------
         Aggregated                                                                       798     0(0.00%) |    188       2    1560    140 |    7.80        0.00

Type     Name                                                                          # reqs      # fails |    Avg     Min     Max    Med |   req/s  failures/s
--------|----------------------------------------------------------------------------|-------|-------------|-------|-------|-------|-------|--------|-----------
POST     /api/book                                                                        612     0(0.00%) |    247      95    1560    150 |    6.30        0.00
GET      /api/concerts                                                                    137     0(0.00%) |      5       2      59      3 |    1.30        0.00
GET      /health                                                                           63     0(0.00%) |      8       2      54      3 |    0.50        0.00
--------|----------------------------------------------------------------------------|-------|-------------|-------|-------|-------|-------|--------|-----------
         Aggregated                                                                       812     0(0.00%) |    188       2    1560    140 |    8.10        0.00

Type     Name                                                                          # reqs      # fails |    Avg     Min     Max    Med |   req/s  failures/s
--------|----------------------------------------------------------------------------|-------|-------------|-------|-------|-------|-------|--------|-----------
POST     /api/book                                                                        630     0(0.00%) |    259      95    1560    150 |    6.40        0.00
GET      /api/concerts                                                                    139     0(0.00%) |      6       2      59      3 |    1.30        0.00
GET      /health                                                                           64     0(0.00%) |      8       2      54      3 |    0.40        0.00
--------|----------------------------------------------------------------------------|-------|-------------|-------|-------|-------|-------|--------|-----------
         Aggregated                                                                       833     0(0.00%) |    197       2    1560    140 |    8.10        0.00

Type     Name                                                                          # reqs      # fails |    Avg     Min     Max    Med |   req/s  failures/s
--------|----------------------------------------------------------------------------|-------|-------------|-------|-------|-------|-------|--------|-----------
POST     /api/book                                                                        640     0(0.00%) |    258      94    1560    150 |    6.80        0.00
GET      /api/concerts                                                                    141     0(0.00%) |      6       2      59      3 |    1.10        0.00
GET      /health                                                                           67     0(0.00%) |      8       2      54      3 |    0.30        0.00
--------|----------------------------------------------------------------------------|-------|-------------|-------|-------|-------|-------|--------|-----------
         Aggregated                                                                       848     0(0.00%) |    196       2    1560    140 |    8.20        0.00

Type     Name                                                                          # reqs      # fails |    Avg     Min     Max    Med |   req/s  failures/s
--------|----------------------------------------------------------------------------|-------|-------------|-------|-------|-------|-------|--------|-----------
POST     /api/book                                                                        654     0(0.00%) |    268      94    1560    150 |    6.80        0.00
GET      /api/concerts                                                                    142     0(0.00%) |      6       2      59      3 |    1.10        0.00
GET      /health                                                                           68     0(0.00%) |      9       2      54      3 |    0.50        0.00
--------|----------------------------------------------------------------------------|-------|-------------|-------|-------|-------|-------|--------|-----------
         Aggregated                                                                       864     0(0.00%) |    204       2    1560    140 |    8.40        0.00

Type     Name                                                                          # reqs      # fails |    Avg     Min     Max    Med |   req/s  failures/s
--------|----------------------------------------------------------------------------|-------|-------------|-------|-------|-------|-------|--------|-----------
POST     /api/book                                                                        664     0(0.00%) |    276      94    1713    150 |    6.80        0.00
GET      /api/concerts                                                                    144     0(0.00%) |      6       2      59      3 |    0.70        0.00
GET      /health                                                                           70     0(0.00%) |      9       2      54      3 |    0.60        0.00
--------|----------------------------------------------------------------------------|-------|-------------|-------|-------|-------|-------|--------|-----------
         Aggregated                                                                       878     0(0.00%) |    210       2    1713    140 |    8.10        0.00

Type     Name                                                                          # reqs      # fails |    Avg     Min     Max    Med |   req/s  failures/s
--------|----------------------------------------------------------------------------|-------|-------------|-------|-------|-------|-------|--------|-----------
POST     /api/book                                                                        681     0(0.00%) |    281      94    1713    150 |    6.10        0.00
GET      /api/concerts                                                                    145     0(0.00%) |      6       2      61      3 |    0.90        0.00
GET      /health                                                                           73     0(0.00%) |     10       2      68      3 |    0.80        0.00
--------|----------------------------------------------------------------------------|-------|-------------|-------|-------|-------|-------|--------|-----------
         Aggregated                                                                       899     0(0.00%) |    215       2    1713    140 |    7.80        0.00

Type     Name                                                                          # reqs      # fails |    Avg     Min     Max    Med |   req/s  failures/s
--------|----------------------------------------------------------------------------|-------|-------------|-------|-------|-------|-------|--------|-----------
POST     /api/book                                                                        698     0(0.00%) |    296      94    1731    150 |    6.90        0.00
GET      /api/concerts                                                                    148     0(0.00%) |      7       2      81      3 |    0.80        0.00
GET      /health                                                                           74     0(0.00%) |     10       2      68      3 |    1.00        0.00
--------|----------------------------------------------------------------------------|-------|-------------|-------|-------|-------|-------|--------|-----------
         Aggregated                                                                       920     0(0.00%) |    227       2    1731    140 |    8.70        0.00

Type     Name                                                                          # reqs      # fails |    Avg     Min     Max    Med |   req/s  failures/s
--------|----------------------------------------------------------------------------|-------|-------------|-------|-------|-------|-------|--------|-----------
POST     /api/book                                                                        710     0(0.00%) |    299      94    1731    150 |    6.70        0.00
GET      /api/concerts                                                                    150     0(0.00%) |      7       2      81      3 |    0.80        0.00
GET      /health                                                                           75     0(0.00%) |     10       2      68      3 |    1.00        0.00
--------|----------------------------------------------------------------------------|-------|-------------|-------|-------|-------|-------|--------|-----------
         Aggregated                                                                       935     0(0.00%) |    229       2    1731    140 |    8.50        0.00

Type     Name                                                                          # reqs      # fails |    Avg     Min     Max    Med |   req/s  failures/s
--------|----------------------------------------------------------------------------|-------|-------------|-------|-------|-------|-------|--------|-----------
POST     /api/book                                                                        724     0(0.00%) |    305      94    1731    160 |    6.90        0.00
GET      /api/concerts                                                                    152     0(0.00%) |      7       2      81      3 |    0.90        0.00
GET      /health                                                                           76     0(0.00%) |     10       2      68      3 |    0.90        0.00
--------|----------------------------------------------------------------------------|-------|-------------|-------|-------|-------|-------|--------|-----------
         Aggregated                                                                       952     0(0.00%) |    234       2    1731    140 |    8.70        0.00

Type     Name                                                                          # reqs      # fails |    Avg     Min     Max    Med |   req/s  failures/s
--------|----------------------------------------------------------------------------|-------|-------------|-------|-------|-------|-------|--------|-----------
POST     /api/book                                                                        742     0(0.00%) |    327      94    2111    160 |    7.00        0.00
GET      /api/concerts                                                                    154     0(0.00%) |      7       2      81      3 |    1.10        0.00
GET      /health                                                                           76     0(0.00%) |     10       2      68      3 |    0.90        0.00
--------|----------------------------------------------------------------------------|-------|-------------|-------|-------|-------|-------|--------|-----------
         Aggregated                                                                       972     0(0.00%) |    252       2    2111    140 |    9.00        0.00

Type     Name                                                                          # reqs      # fails |    Avg     Min     Max    Med |   req/s  failures/s
--------|----------------------------------------------------------------------------|-------|-------------|-------|-------|-------|-------|--------|-----------
POST     /api/book                                                                        754     0(0.00%) |    330      94    2111    170 |    7.10        0.00
GET      /api/concerts                                                                    160     0(0.00%) |      8       2      81      3 |    1.00        0.00
GET      /health                                                                           76     0(0.00%) |     10       2      68      3 |    0.60        0.00
--------|----------------------------------------------------------------------------|-------|-------------|-------|-------|-------|-------|--------|-----------
         Aggregated                                                                       990     0(0.00%) |    254       2    2111    140 |    8.70        0.00

Type     Name                                                                          # reqs      # fails |    Avg     Min     Max    Med |   req/s  failures/s
--------|----------------------------------------------------------------------------|-------|-------------|-------|-------|-------|-------|--------|-----------
POST     /api/book                                                                        772     0(0.00%) |    329      94    2111    170 |    7.00        0.00
GET      /api/concerts                                                                    165     0(0.00%) |      8       2      81      3 |    1.30        0.00
GET      /health                                                                           80     0(0.00%) |     10       2      68      3 |    0.30        0.00
--------|----------------------------------------------------------------------------|-------|-------------|-------|-------|-------|-------|--------|-----------
         Aggregated                                                                      1017     0(0.00%) |    252       2    2111    140 |    8.60        0.00

Type     Name                                                                          # reqs      # fails |    Avg     Min     Max    Med |   req/s  failures/s
--------|----------------------------------------------------------------------------|-------|-------------|-------|-------|-------|-------|--------|-----------
POST     /api/book                                                                        787     0(0.00%) |    334      94    2111    170 |    7.40        0.00
GET      /api/concerts                                                                    167     0(0.00%) |      8       2     150      3 |    1.70        0.00
GET      /health                                                                           80     0(0.00%) |     10       2      68      3 |    0.50        0.00
--------|----------------------------------------------------------------------------|-------|-------------|-------|-------|-------|-------|--------|-----------
         Aggregated                                                                      1034     0(0.00%) |    257       2    2111    140 |    9.60        0.00

Type     Name                                                                          # reqs      # fails |    Avg     Min     Max    Med |   req/s  failures/s
--------|----------------------------------------------------------------------------|-------|-------------|-------|-------|-------|-------|--------|-----------
POST     /api/book                                                                        804     0(0.00%) |    335      94    2111    170 |    7.50        0.00
GET      /api/concerts                                                                    170     0(0.00%) |      8       2     150      3 |    1.70        0.00
GET      /health                                                                           82     0(0.00%) |     10       2      68      3 |    0.50        0.00
--------|----------------------------------------------------------------------------|-------|-------------|-------|-------|-------|-------|--------|-----------
         Aggregated                                                                      1056     0(0.00%) |    257       2    2111    140 |    9.70        0.00

Type     Name                                                                          # reqs      # fails |    Avg     Min     Max    Med |   req/s  failures/s
--------|----------------------------------------------------------------------------|-------|-------------|-------|-------|-------|-------|--------|-----------
POST     /api/book                                                                        814     0(0.00%) |    335      94    2111    170 |    7.90        0.00
GET      /api/concerts                                                                    176     0(0.00%) |      8       2     150      3 |    1.60        0.00
GET      /health                                                                           83     0(0.00%) |     10       2      68      3 |    0.40        0.00
--------|----------------------------------------------------------------------------|-------|-------------|-------|-------|-------|-------|--------|-----------
         Aggregated                                                                      1073     0(0.00%) |    256       2    2111    140 |    9.90        0.00

Type     Name                                                                          # reqs      # fails |    Avg     Min     Max    Med |   req/s  failures/s
--------|----------------------------------------------------------------------------|-------|-------------|-------|-------|-------|-------|--------|-----------
POST     /api/book                                                                        834     0(0.00%) |    344      94    2111    180 |    8.00        0.00
GET      /api/concerts                                                                    178     0(0.00%) |      8       2     150      3 |    2.00        0.00
GET      /health                                                                           87     0(0.00%) |     11       2      71      3 |    0.70        0.00
--------|----------------------------------------------------------------------------|-------|-------------|-------|-------|-------|-------|--------|-----------
         Aggregated                                                                      1099     0(0.00%) |    263       2    2111    140 |   10.70        0.00

Type     Name                                                                          # reqs      # fails |    Avg     Min     Max    Med |   req/s  failures/s
--------|----------------------------------------------------------------------------|-------|-------------|-------|-------|-------|-------|--------|-----------
POST     /api/book                                                                        852     0(0.00%) |    341      94    2111    180 |    8.00        0.00
GET      /api/concerts                                                                    179     0(0.00%) |      8       2     150      3 |    2.00        0.00
GET      /health                                                                           88     0(0.00%) |     11       2      71      3 |    0.90        0.00
--------|----------------------------------------------------------------------------|-------|-------------|-------|-------|-------|-------|--------|-----------
         Aggregated                                                                      1119     0(0.00%) |    262       2    2111    140 |   10.90        0.00

Type     Name                                                                          # reqs      # fails |    Avg     Min     Max    Med |   req/s  failures/s
--------|----------------------------------------------------------------------------|-------|-------------|-------|-------|-------|-------|--------|-----------
POST     /api/book                                                                        866     0(0.00%) |    348      94    2111    180 |    7.90        0.00
GET      /api/concerts                                                                    183     0(0.00%) |      8       2     150      3 |    1.60        0.00
GET      /health                                                                           92     0(0.00%) |     14       2     187      3 |    0.80        0.00
--------|----------------------------------------------------------------------------|-------|-------------|-------|-------|-------|-------|--------|-----------
         Aggregated                                                                      1141     0(0.00%) |    266       2    2111    140 |   10.30        0.00

Type     Name                                                                          # reqs      # fails |    Avg     Min     Max    Med |   req/s  failures/s
--------|----------------------------------------------------------------------------|-------|-------------|-------|-------|-------|-------|--------|-----------
POST     /api/book                                                                        881     0(0.00%) |    346      94    2111    190 |    8.00        0.00
GET      /api/concerts                                                                    189     0(0.00%) |      9       2     150      3 |    1.50        0.00
GET      /health                                                                           94     0(0.00%) |     13       2     187      3 |    1.10        0.00
--------|----------------------------------------------------------------------------|-------|-------------|-------|-------|-------|-------|--------|-----------
         Aggregated                                                                      1164     0(0.00%) |    265       2    2111    140 |   10.60        0.00

Type     Name                                                                          # reqs      # fails |    Avg     Min     Max    Med |   req/s  failures/s
--------|----------------------------------------------------------------------------|-------|-------------|-------|-------|-------|-------|--------|-----------
POST     /api/book                                                                        900     0(0.00%) |    347      94    2111    190 |    7.90        0.00
GET      /api/concerts                                                                    193     0(0.00%) |      9       2     150      3 |    2.00        0.00
GET      /health                                                                           96     0(0.00%) |     13       2     187      3 |    1.40        0.00
--------|----------------------------------------------------------------------------|-------|-------------|-------|-------|-------|-------|--------|-----------
         Aggregated                                                                      1189     0(0.00%) |    265       2    2111    140 |   11.30        0.00

Type     Name                                                                          # reqs      # fails |    Avg     Min     Max    Med |   req/s  failures/s
--------|----------------------------------------------------------------------------|-------|-------------|-------|-------|-------|-------|--------|-----------
POST     /api/book                                                                        915     0(0.00%) |    347      94    2111    190 |    8.50        0.00
GET      /api/concerts                                                                    195     0(0.00%) |      9       2     150      3 |    1.80        0.00
GET      /health                                                                          100     0(0.00%) |     13       2     187      3 |    1.20        0.00
--------|----------------------------------------------------------------------------|-------|-------------|-------|-------|-------|-------|--------|-----------
         Aggregated                                                                      1210     0(0.00%) |    265       2    2111    140 |   11.50        0.00

Type     Name                                                                          # reqs      # fails |    Avg     Min     Max    Med |   req/s  failures/s
--------|----------------------------------------------------------------------------|-------|-------------|-------|-------|-------|-------|--------|-----------
POST     /api/book                                                                        933     0(0.00%) |    351      94    2111    190 |    8.20        0.00
GET      /api/concerts                                                                    198     0(0.00%) |      9       2     150      3 |    1.70        0.00
GET      /health                                                                          102     0(0.00%) |     13       2     187      3 |    1.50        0.00
--------|----------------------------------------------------------------------------|-------|-------------|-------|-------|-------|-------|--------|-----------
         Aggregated                                                                      1233     0(0.00%) |    268       2    2111    140 |   11.40        0.00

Type     Name                                                                          # reqs      # fails |    Avg     Min     Max    Med |   req/s  failures/s
--------|----------------------------------------------------------------------------|-------|-------------|-------|-------|-------|-------|--------|-----------
POST     /api/book                                                                        948     0(0.00%) |    356      94    2111    190 |    8.00        0.00
GET      /api/concerts                                                                    202     0(0.00%) |      9       2     150      3 |    1.80        0.00
GET      /health                                                                          104     0(0.00%) |     12       2     187      3 |    1.50        0.00
--------|----------------------------------------------------------------------------|-------|-------------|-------|-------|-------|-------|--------|-----------
         Aggregated                                                                      1254     0(0.00%) |    271       2    2111    140 |   11.30        0.00

Type     Name                                                                          # reqs      # fails |    Avg     Min     Max    Med |   req/s  failures/s
--------|----------------------------------------------------------------------------|-------|-------------|-------|-------|-------|-------|--------|-----------
POST     /api/book                                                                        964     0(0.00%) |    355      94    2111    190 |    8.30        0.00
GET      /api/concerts                                                                    209     0(0.00%) |      9       2     150      3 |    2.00        0.00
GET      /health                                                                          108     0(0.00%) |     13       2     187      3 |    1.10        0.00
--------|----------------------------------------------------------------------------|-------|-------------|-------|-------|-------|-------|--------|-----------
         Aggregated                                                                      1281     0(0.00%) |    269       2    2111    140 |   11.40        0.00

Type     Name                                                                          # reqs      # fails |    Avg     Min     Max    Med |   req/s  failures/s
--------|----------------------------------------------------------------------------|-------|-------------|-------|-------|-------|-------|--------|-----------
POST     /api/book                                                                        987     0(0.00%) |    354      94    2111    190 |    8.00        0.00
GET      /api/concerts                                                                    211     0(0.00%) |      9       2     150      3 |    2.00        0.00
GET      /health                                                                          109     0(0.00%) |     13       2     187      3 |    1.30        0.00
--------|----------------------------------------------------------------------------|-------|-------------|-------|-------|-------|-------|--------|-----------
         Aggregated                                                                      1307     0(0.00%) |    270       2    2111    140 |   11.30        0.00

Type     Name                                                                          # reqs      # fails |    Avg     Min     Max    Med |   req/s  failures/s
--------|----------------------------------------------------------------------------|-------|-------------|-------|-------|-------|-------|--------|-----------
POST     /api/book                                                                       1008     0(0.00%) |    354      94    2111    190 |    8.50        0.00
GET      /api/concerts                                                                    211     0(0.00%) |      9       2     150      3 |    1.80        0.00
GET      /health                                                                          112     0(0.00%) |     12       2     187      3 |    1.30        0.00
--------|----------------------------------------------------------------------------|-------|-------------|-------|-------|-------|-------|--------|-----------
         Aggregated                                                                      1331     0(0.00%) |    271       2    2111    140 |   11.60        0.00

Type     Name                                                                          # reqs      # fails |    Avg     Min     Max    Med |   req/s  failures/s
--------|----------------------------------------------------------------------------|-------|-------------|-------|-------|-------|-------|--------|-----------
POST     /api/book                                                                       1033     0(0.00%) |    357      94    2111    200 |    8.90        0.00
GET      /api/concerts                                                                    212     0(0.00%) |      9       2     150      3 |    1.60        0.00
GET      /health                                                                          115     0(0.00%) |     13       2     187      3 |    1.20        0.00
--------|----------------------------------------------------------------------------|-------|-------------|-------|-------|-------|-------|--------|-----------
         Aggregated                                                                      1360     0(0.00%) |    274       2    2111    140 |   11.70        0.00

Type     Name                                                                          # reqs      # fails |    Avg     Min     Max    Med |   req/s  failures/s
--------|----------------------------------------------------------------------------|-------|-------------|-------|-------|-------|-------|--------|-----------
POST     /api/book                                                                       1049     0(0.00%) |    367      94    2111    200 |   10.10        0.00
GET      /api/concerts                                                                    217     0(0.00%) |      9       2     150      3 |    1.40        0.00
GET      /health                                                                          117     0(0.00%) |     13       2     187      3 |    1.30        0.00
--------|----------------------------------------------------------------------------|-------|-------------|-------|-------|-------|-------|--------|-----------
         Aggregated                                                                      1383     0(0.00%) |    281       2    2111    140 |   12.80        0.00

Type     Name                                                                          # reqs      # fails |    Avg     Min     Max    Med |   req/s  failures/s
--------|----------------------------------------------------------------------------|-------|-------------|-------|-------|-------|-------|--------|-----------
POST     /api/book                                                                       1068     0(0.00%) |    365      94    2111    200 |    9.60        0.00
GET      /api/concerts                                                                    220     0(0.00%) |      9       2     150      3 |    1.30        0.00
GET      /health                                                                          117     0(0.00%) |     13       2     187      3 |    1.40        0.00
--------|----------------------------------------------------------------------------|-------|-------------|-------|-------|-------|-------|--------|-----------
         Aggregated                                                                      1405     0(0.00%) |    280       2    2111    140 |   12.30        0.00

Type     Name                                                                          # reqs      # fails |    Avg     Min     Max    Med |   req/s  failures/s
--------|----------------------------------------------------------------------------|-------|-------------|-------|-------|-------|-------|--------|-----------
POST     /api/book                                                                       1088     0(0.00%) |    370      94    2111    200 |   10.70        0.00
GET      /api/concerts                                                                    223     0(0.00%) |      9       2     150      3 |    1.00        0.00
GET      /health                                                                          120     0(0.00%) |     13       2     187      3 |    1.00        0.00
--------|----------------------------------------------------------------------------|-------|-------------|-------|-------|-------|-------|--------|-----------
         Aggregated                                                                      1431     0(0.00%) |    284       2    2111    140 |   12.70        0.00

Type     Name                                                                          # reqs      # fails |    Avg     Min     Max    Med |   req/s  failures/s
--------|----------------------------------------------------------------------------|-------|-------------|-------|-------|-------|-------|--------|-----------
POST     /api/book                                                                       1113     0(0.00%) |    372      94    2111    200 |    9.90        0.00
GET      /api/concerts                                                                    228     0(0.00%) |      9       2     150      3 |    1.10        0.00
GET      /health                                                                          122     0(0.00%) |     13       2     187      3 |    1.20        0.00
--------|----------------------------------------------------------------------------|-------|-------------|-------|-------|-------|-------|--------|-----------
         Aggregated                                                                      1463     0(0.00%) |    286       2    2111    140 |   12.20        0.00

Type     Name                                                                          # reqs      # fails |    Avg     Min     Max    Med |   req/s  failures/s
--------|----------------------------------------------------------------------------|-------|-------------|-------|-------|-------|-------|--------|-----------
POST     /api/book                                                                       1129     0(0.00%) |    375      94    2111    200 |   10.50        0.00
GET      /api/concerts                                                                    234     0(0.00%) |      9       2     150      3 |    1.50        0.00
GET      /health                                                                          127     0(0.00%) |     12       1     187      3 |    0.90        0.00
--------|----------------------------------------------------------------------------|-------|-------------|-------|-------|-------|-------|--------|-----------
         Aggregated                                                                      1490     0(0.00%) |    286       1    2111    140 |   12.90        0.00

Type     Name                                                                          # reqs      # fails |    Avg     Min     Max    Med |   req/s  failures/s
--------|----------------------------------------------------------------------------|-------|-------------|-------|-------|-------|-------|--------|-----------
POST     /api/book                                                                       1147     0(0.00%) |    373      94    2111    200 |    9.50        0.00
GET      /api/concerts                                                                    241     0(0.00%) |      9       2     150      3 |    2.10        0.00
GET      /health                                                                          129     0(0.00%) |     12       1     187      3 |    1.10        0.00
--------|----------------------------------------------------------------------------|-------|-------------|-------|-------|-------|-------|--------|-----------
         Aggregated                                                                      1517     0(0.00%) |    284       1    2111    140 |   12.70        0.00

Type     Name                                                                          # reqs      # fails |    Avg     Min     Max    Med |   req/s  failures/s
--------|----------------------------------------------------------------------------|-------|-------------|-------|-------|-------|-------|--------|-----------
POST     /api/book                                                                       1169     0(0.00%) |    373      94    2111    200 |   10.20        0.00
GET      /api/concerts                                                                    245     0(0.00%) |      9       2     150      3 |    2.40        0.00
GET      /health                                                                          129     0(0.00%) |     12       1     187      3 |    1.20        0.00
--------|----------------------------------------------------------------------------|-------|-------------|-------|-------|-------|-------|--------|-----------
         Aggregated                                                                      1543     0(0.00%) |    285       1    2111    140 |   13.80        0.00

Type     Name                                                                          # reqs      # fails |    Avg     Min     Max    Med |   req/s  failures/s
--------|----------------------------------------------------------------------------|-------|-------------|-------|-------|-------|-------|--------|-----------
POST     /api/book                                                                       1192     0(0.00%) |    378      94    2111    200 |    9.60        0.00
GET      /api/concerts                                                                    250     0(0.00%) |     10       2     182      3 |    2.60        0.00
GET      /health                                                                          129     0(0.00%) |     12       1     187      3 |    1.20        0.00
--------|----------------------------------------------------------------------------|-------|-------------|-------|-------|-------|-------|--------|-----------
         Aggregated                                                                      1571     0(0.00%) |    289       1    2111    140 |   13.40        0.00

Type     Name                                                                          # reqs      # fails |    Avg     Min     Max    Med |   req/s  failures/s
--------|----------------------------------------------------------------------------|-------|-------------|-------|-------|-------|-------|--------|-----------
POST     /api/book                                                                       1213     0(0.00%) |    375      94    2111    200 |   10.10        0.00
GET      /api/concerts                                                                    255     0(0.00%) |     10       2     182      3 |    2.70        0.00
GET      /health                                                                          131     0(0.00%) |     12       1     187      3 |    0.90        0.00
--------|----------------------------------------------------------------------------|-------|-------------|-------|-------|-------|-------|--------|-----------
         Aggregated                                                                      1599     0(0.00%) |    287       1    2111    140 |   13.70        0.00

Type     Name                                                                          # reqs      # fails |    Avg     Min     Max    Med |   req/s  failures/s
--------|----------------------------------------------------------------------------|-------|-------------|-------|-------|-------|-------|--------|-----------
POST     /api/book                                                                       1240     0(0.00%) |    374      94    2111    200 |   10.30        0.00
GET      /api/concerts                                                                    260     0(0.00%) |     10       2     182      3 |    2.80        0.00
GET      /health                                                                          134     0(0.00%) |     12       1     187      3 |    0.90        0.00
--------|----------------------------------------------------------------------------|-------|-------------|-------|-------|-------|-------|--------|-----------
         Aggregated                                                                      1634     0(0.00%) |    286       1    2111    140 |   14.00        0.00

Type     Name                                                                          # reqs      # fails |    Avg     Min     Max    Med |   req/s  failures/s
--------|----------------------------------------------------------------------------|-------|-------------|-------|-------|-------|-------|--------|-----------
POST     /api/book                                                                       1260     0(0.00%) |    372      94    2111    200 |   11.10        0.00
GET      /api/concerts                                                                    265     0(0.00%) |     10       2     182      3 |    2.60        0.00
GET      /health                                                                          138     0(0.00%) |     12       1     187      3 |    0.80        0.00
--------|----------------------------------------------------------------------------|-------|-------------|-------|-------|-------|-------|--------|-----------
         Aggregated                                                                      1663     0(0.00%) |    284       1    2111    140 |   14.50        0.00

Type     Name                                                                          # reqs      # fails |    Avg     Min     Max    Med |   req/s  failures/s
--------|----------------------------------------------------------------------------|-------|-------------|-------|-------|-------|-------|--------|-----------
POST     /api/book                                                                       1277     0(0.00%) |    370      94    2111    200 |   11.10        0.00
GET      /api/concerts                                                                    268     0(0.00%) |     10       2     182      3 |    2.60        0.00
GET      /health                                                                          140     0(0.00%) |     12       1     187      3 |    0.90        0.00
--------|----------------------------------------------------------------------------|-------|-------------|-------|-------|-------|-------|--------|-----------
         Aggregated                                                                      1685     0(0.00%) |    283       1    2111    150 |   14.60        0.00

Type     Name                                                                          # reqs      # fails |    Avg     Min     Max    Med |   req/s  failures/s
--------|----------------------------------------------------------------------------|-------|-------------|-------|-------|-------|-------|--------|-----------
POST     /api/book                                                                       1306     0(0.00%) |    381      94    2111    200 |   11.30        0.00
GET      /api/concerts                                                                    274     0(0.00%) |      9       2     182      3 |    2.30        0.00
GET      /health                                                                          141     0(0.00%) |     12       1     187      3 |    1.00        0.00
--------|----------------------------------------------------------------------------|-------|-------------|-------|-------|-------|-------|--------|-----------
         Aggregated                                                                      1721     0(0.00%) |    292       1    2111    150 |   14.60        0.00

Type     Name                                                                          # reqs      # fails |    Avg     Min     Max    Med |   req/s  failures/s
--------|----------------------------------------------------------------------------|-------|-------------|-------|-------|-------|-------|--------|-----------
POST     /api/book                                                                       1327     0(0.00%) |    380      94    2111    200 |   11.50        0.00
GET      /api/concerts                                                                    277     0(0.00%) |      9       2     182      3 |    2.40        0.00
GET      /health                                                                          141     0(0.00%) |     12       1     187      3 |    1.20        0.00
--------|----------------------------------------------------------------------------|-------|-------------|-------|-------|-------|-------|--------|-----------
         Aggregated                                                                      1745     0(0.00%) |    292       1    2111    150 |   15.10        0.00

Type     Name                                                                          # reqs      # fails |    Avg     Min     Max    Med |   req/s  failures/s
--------|----------------------------------------------------------------------------|-------|-------------|-------|-------|-------|-------|--------|-----------
POST     /api/book                                                                       1359     0(0.00%) |    386      94    2111    200 |   11.00        0.00
GET      /api/concerts                                                                    281     0(0.00%) |      9       2     182      3 |    2.20        0.00
GET      /health                                                                          142     0(0.00%) |     13       1     187      3 |    1.10        0.00
--------|----------------------------------------------------------------------------|-------|-------------|-------|-------|-------|-------|--------|-----------
         Aggregated                                                                      1782     0(0.00%) |    297       1    2111    150 |   14.30        0.00

Type     Name                                                                          # reqs      # fails |    Avg     Min     Max    Med |   req/s  failures/s
--------|----------------------------------------------------------------------------|-------|-------------|-------|-------|-------|-------|--------|-----------
POST     /api/book                                                                       1381     0(0.00%) |    388      94    2111    200 |   11.20        0.00
GET      /api/concerts                                                                    283     0(0.00%) |      9       2     182      3 |    2.20        0.00
GET      /health                                                                          143     0(0.00%) |     13       1     187      3 |    0.80        0.00
--------|----------------------------------------------------------------------------|-------|-------------|-------|-------|-------|-------|--------|-----------
         Aggregated                                                                      1807     0(0.00%) |    299       1    2111    150 |   14.20        0.00

Type     Name                                                                          # reqs      # fails |    Avg     Min     Max    Med |   req/s  failures/s
--------|----------------------------------------------------------------------------|-------|-------------|-------|-------|-------|-------|--------|-----------
POST     /api/book                                                                       1406     0(0.00%) |    391      94    2111    200 |   11.90        0.00
GET      /api/concerts                                                                    289     0(0.00%) |      9       2     182      3 |    1.60        0.00
GET      /health                                                                          145     0(0.00%) |     12       1     187      3 |    0.50        0.00
--------|----------------------------------------------------------------------------|-------|-------------|-------|-------|-------|-------|--------|-----------
         Aggregated                                                                      1840     0(0.00%) |    301       1    2111    150 |   14.00        0.00

Type     Name                                                                          # reqs      # fails |    Avg     Min     Max    Med |   req/s  failures/s
--------|----------------------------------------------------------------------------|-------|-------------|-------|-------|-------|-------|--------|-----------
POST     /api/book                                                                       1429     0(0.00%) |    390      94    2111    200 |   12.40        0.00
GET      /api/concerts                                                                    293     0(0.00%) |      9       2     182      3 |    2.00        0.00
GET      /health                                                                          148     0(0.00%) |     12       1     187      3 |    0.50        0.00
--------|----------------------------------------------------------------------------|-------|-------------|-------|-------|-------|-------|--------|-----------
         Aggregated                                                                      1870     0(0.00%) |    301       1    2111    150 |   14.90        0.00

Type     Name                                                                          # reqs      # fails |    Avg     Min     Max    Med |   req/s  failures/s
--------|----------------------------------------------------------------------------|-------|-------------|-------|-------|-------|-------|--------|-----------
POST     /api/book                                                                       1456     0(0.00%) |    392      94    2111    200 |   12.60        0.00
GET      /api/concerts                                                                    295     0(0.00%) |      9       2     182      3 |    2.00        0.00
GET      /health                                                                          151     0(0.00%) |     12       1     187      3 |    0.70        0.00
--------|----------------------------------------------------------------------------|-------|-------------|-------|-------|-------|-------|--------|-----------
         Aggregated                                                                      1902     0(0.00%) |    302       1    2111    150 |   15.30        0.00

Type     Name                                                                          # reqs      # fails |    Avg     Min     Max    Med |   req/s  failures/s
--------|----------------------------------------------------------------------------|-------|-------------|-------|-------|-------|-------|--------|-----------
POST     /api/book                                                                       1481     0(0.00%) |    391      94    2111    210 |   13.10        0.00
GET      /api/concerts                                                                    300     0(0.00%) |      9       2     182      3 |    1.80        0.00
GET      /health                                                                          151     0(0.00%) |     12       1     187      3 |    0.80        0.00
--------|----------------------------------------------------------------------------|-------|-------------|-------|-------|-------|-------|--------|-----------
         Aggregated                                                                      1932     0(0.00%) |    302       1    2111    150 |   15.70        0.00

Type     Name                                                                          # reqs      # fails |    Avg     Min     Max    Med |   req/s  failures/s
--------|----------------------------------------------------------------------------|-------|-------------|-------|-------|-------|-------|--------|-----------
POST     /api/book                                                                       1504     0(0.00%) |    389      94    2111    210 |   12.90        0.00
GET      /api/concerts                                                                    304     0(0.00%) |      9       2     182      3 |    1.80        0.00
GET      /health                                                                          156     0(0.00%) |     12       1     187      3 |    0.90        0.00
--------|----------------------------------------------------------------------------|-------|-------------|-------|-------|-------|-------|--------|-----------
         Aggregated                                                                      1964     0(0.00%) |    301       1    2111    150 |   15.60        0.00

Type     Name                                                                          # reqs      # fails |    Avg     Min     Max    Med |   req/s  failures/s
--------|----------------------------------------------------------------------------|-------|-------------|-------|-------|-------|-------|--------|-----------
POST     /api/book                                                                       1531     0(0.00%) |    389      94    2111    210 |   12.50        0.00
GET      /api/concerts                                                                    312     0(0.00%) |      9       2     182      3 |    2.20        0.00
GET      /health                                                                          159     0(0.00%) |     13       1     187      3 |    1.40        0.00
--------|----------------------------------------------------------------------------|-------|-------------|-------|-------|-------|-------|--------|-----------
         Aggregated                                                                      2002     0(0.00%) |    300       1    2111    150 |   16.10        0.00

Type     Name                                                                          # reqs      # fails |    Avg     Min     Max    Med |   req/s  failures/s
--------|----------------------------------------------------------------------------|-------|-------------|-------|-------|-------|-------|--------|-----------
POST     /api/book                                                                       1557     0(0.00%) |    393      94    2111    210 |   12.00        0.00
GET      /api/concerts                                                                    312     0(0.00%) |      9       2     182      3 |    2.30        0.00
GET      /health                                                                          165     0(0.00%) |     13       1     187      3 |    1.40        0.00
--------|----------------------------------------------------------------------------|-------|-------------|-------|-------|-------|-------|--------|-----------
         Aggregated                                                                      2034     0(0.00%) |    303       1    2111    150 |   15.70        0.00

Type     Name                                                                          # reqs      # fails |    Avg     Min     Max    Med |   req/s  failures/s
--------|----------------------------------------------------------------------------|-------|-------------|-------|-------|-------|-------|--------|-----------
POST     /api/book                                                                       1579     0(0.00%) |    391      94    2111    210 |   12.20        0.00
GET      /api/concerts                                                                    316     0(0.00%) |      9       2     182      3 |    2.00        0.00
GET      /health                                                                          169     0(0.00%) |     13       1     187      3 |    1.40        0.00
--------|----------------------------------------------------------------------------|-------|-------------|-------|-------|-------|-------|--------|-----------
         Aggregated                                                                      2064     0(0.00%) |    302       1    2111    150 |   15.60        0.00

[2026-05-29 13:48:06,664] ip-172-31-20-158/INFO/locust.runners: All users spawned: {"TicketingUser": 40} (40 total users)
Type     Name                                                                          # reqs      # fails |    Avg     Min     Max    Med |   req/s  failures/s
--------|----------------------------------------------------------------------------|-------|-------------|-------|-------|-------|-------|--------|-----------
POST     /api/book                                                                       1605     0(0.00%) |    390      94    2111    210 |   12.60        0.00
GET      /api/concerts                                                                    324     0(0.00%) |      9       2     182      3 |    2.00        0.00
GET      /health                                                                          173     0(0.00%) |     13       1     187      3 |    1.80        0.00
--------|----------------------------------------------------------------------------|-------|-------------|-------|-------|-------|-------|--------|-----------
         Aggregated                                                                      2102     0(0.00%) |    300       1    2111    150 |   16.40        0.00

Type     Name                                                                          # reqs      # fails |    Avg     Min     Max    Med |   req/s  failures/s
--------|----------------------------------------------------------------------------|-------|-------------|-------|-------|-------|-------|--------|-----------
POST     /api/book                                                                       1630     0(0.00%) |    391      94    2111    210 |   12.30        0.00
GET      /api/concerts                                                                    331     0(0.00%) |      9       2     182      3 |    2.30        0.00
GET      /health                                                                          174     0(0.00%) |     13       1     187      3 |    2.20        0.00
--------|----------------------------------------------------------------------------|-------|-------------|-------|-------|-------|-------|--------|-----------
         Aggregated                                                                      2135     0(0.00%) |    301       1    2111    150 |   16.80        0.00

Type     Name                                                                          # reqs      # fails |    Avg     Min     Max    Med |   req/s  failures/s
--------|----------------------------------------------------------------------------|-------|-------------|-------|-------|-------|-------|--------|-----------
POST     /api/book                                                                       1650     0(0.00%) |    390      94    2111    210 |   12.10        0.00
GET      /api/concerts                                                                    337     0(0.00%) |      9       2     182      3 |    2.60        0.00
GET      /health                                                                          176     0(0.00%) |     13       1     187      3 |    1.70        0.00
--------|----------------------------------------------------------------------------|-------|-------------|-------|-------|-------|-------|--------|-----------
         Aggregated                                                                      2163     0(0.00%) |    300       1    2111    150 |   16.40        0.00

Type     Name                                                                          # reqs      # fails |    Avg     Min     Max    Med |   req/s  failures/s
--------|----------------------------------------------------------------------------|-------|-------------|-------|-------|-------|-------|--------|-----------
POST     /api/book                                                                       1679     0(0.00%) |    391      94    2111    210 |   12.60        0.00
GET      /api/concerts                                                                    341     0(0.00%) |      9       2     182      3 |    2.60        0.00
GET      /health                                                                          177     0(0.00%) |     13       1     187      3 |    1.80        0.00
--------|----------------------------------------------------------------------------|-------|-------------|-------|-------|-------|-------|--------|-----------
         Aggregated                                                                      2197     0(0.00%) |    301       1    2111    150 |   17.00        0.00

Type     Name                                                                          # reqs      # fails |    Avg     Min     Max    Med |   req/s  failures/s
--------|----------------------------------------------------------------------------|-------|-------------|-------|-------|-------|-------|--------|-----------
POST     /api/book                                                                       1708     0(0.00%) |    396      94    2111    210 |   12.30        0.00
GET      /api/concerts                                                                    349     0(0.00%) |      9       2     182      3 |    2.70        0.00
GET      /health                                                                          178     0(0.00%) |     13       1     187      3 |    1.40        0.00
--------|----------------------------------------------------------------------------|-------|-------------|-------|-------|-------|-------|--------|-----------
         Aggregated                                                                      2235     0(0.00%) |    305       1    2111    150 |   16.40        0.00

[2026-05-29 13:48:16,972] ip-172-31-20-158/INFO/locust.runners: Shape test updating to 40 users at 1.00 spawn rate
[2026-05-29 13:48:16,972] ip-172-31-20-158/INFO/locust.runners: Ramping to 40 users at a rate of 1.00 per second
[2026-05-29 13:48:16,972] ip-172-31-20-158/INFO/locust.runners: All users spawned: {"TicketingUser": 40} (40 total users)
Type     Name                                                                          # reqs      # fails |    Avg     Min     Max    Med |   req/s  failures/s
--------|----------------------------------------------------------------------------|-------|-------------|-------|-------|-------|-------|--------|-----------
POST     /api/book                                                                       1735     0(0.00%) |    394      94    2111    210 |   12.40        0.00
GET      /api/concerts                                                                    357     0(0.00%) |      9       2     182      3 |    3.10        0.00
GET      /health                                                                          179     0(0.00%) |     13       1     187      3 |    1.10        0.00
--------|----------------------------------------------------------------------------|-------|-------------|-------|-------|-------|-------|--------|-----------
         Aggregated                                                                      2271     0(0.00%) |    303       1    2111    150 |   16.60        0.00

Type     Name                                                                          # reqs      # fails |    Avg     Min     Max    Med |   req/s  failures/s
--------|----------------------------------------------------------------------------|-------|-------------|-------|-------|-------|-------|--------|-----------
POST     /api/book                                                                       1766     0(0.00%) |    393      94    2111    210 |   13.20        0.00
GET      /api/concerts                                                                    361     0(0.00%) |      9       2     182      3 |    3.30        0.00
GET      /health                                                                          180     0(0.00%) |     13       1     187      3 |    0.50        0.00
--------|----------------------------------------------------------------------------|-------|-------------|-------|-------|-------|-------|--------|-----------
         Aggregated                                                                      2307     0(0.00%) |    304       1    2111    150 |   17.00        0.00

Type     Name                                                                          # reqs      # fails |    Avg     Min     Max    Med |   req/s  failures/s
--------|----------------------------------------------------------------------------|-------|-------------|-------|-------|-------|-------|--------|-----------
POST     /api/book                                                                       1791     0(0.00%) |    392      94    2111    210 |   13.70        0.00
GET      /api/concerts                                                                    368     0(0.00%) |      9       2     182      3 |    3.00        0.00
GET      /health                                                                          183     0(0.00%) |     13       1     187      3 |    0.70        0.00
--------|----------------------------------------------------------------------------|-------|-------------|-------|-------|-------|-------|--------|-----------
         Aggregated                                                                      2342     0(0.00%) |    302       1    2111    150 |   17.40        0.00

Type     Name                                                                          # reqs      # fails |    Avg     Min     Max    Med |   req/s  failures/s
--------|----------------------------------------------------------------------------|-------|-------------|-------|-------|-------|-------|--------|-----------
POST     /api/book                                                                       1815     0(0.00%) |    393      94    2111    210 |   13.70        0.00
GET      /api/concerts                                                                    376     0(0.00%) |     10       2     214      3 |    3.10        0.00
GET      /health                                                                          186     0(0.00%) |     13       1     187      3 |    0.70        0.00
--------|----------------------------------------------------------------------------|-------|-------------|-------|-------|-------|-------|--------|-----------
         Aggregated                                                                      2377     0(0.00%) |    303       1    2111    150 |   17.50        0.00

Type     Name                                                                          # reqs      # fails |    Avg     Min     Max    Med |   req/s  failures/s
--------|----------------------------------------------------------------------------|-------|-------------|-------|-------|-------|-------|--------|-----------
POST     /api/book                                                                       1842     0(0.00%) |    393      94    2111    210 |   13.80        0.00
GET      /api/concerts                                                                    381     0(0.00%) |     10       2     214      3 |    3.50        0.00
GET      /health                                                                          189     0(0.00%) |     12       1     187      3 |    1.00        0.00
--------|----------------------------------------------------------------------------|-------|-------------|-------|-------|-------|-------|--------|-----------
         Aggregated                                                                      2412     0(0.00%) |    302       1    2111    150 |   18.30        0.00

Type     Name                                                                          # reqs      # fails |    Avg     Min     Max    Med |   req/s  failures/s
--------|----------------------------------------------------------------------------|-------|-------------|-------|-------|-------|-------|--------|-----------
POST     /api/book                                                                       1869     0(0.00%) |    396      94    2111    210 |   13.60        0.00
GET      /api/concerts                                                                    392     0(0.00%) |     10       2     214      3 |    3.50        0.00
GET      /health                                                                          192     0(0.00%) |     13       1     187      3 |    1.00        0.00
--------|----------------------------------------------------------------------------|-------|-------------|-------|-------|-------|-------|--------|-----------
         Aggregated                                                                      2453     0(0.00%) |    304       1    2111    150 |   18.10        0.00

Type     Name                                                                          # reqs      # fails |    Avg     Min     Max    Med |   req/s  failures/s
--------|----------------------------------------------------------------------------|-------|-------------|-------|-------|-------|-------|--------|-----------
POST     /api/book                                                                       1893     0(0.00%) |    395      94    2111    210 |   12.90        0.00
GET      /api/concerts                                                                    398     0(0.00%) |     10       2     214      3 |    3.70        0.00
GET      /health                                                                          193     0(0.00%) |     13       1     187      3 |    1.30        0.00
--------|----------------------------------------------------------------------------|-------|-------------|-------|-------|-------|-------|--------|-----------
         Aggregated                                                                      2484     0(0.00%) |    303       1    2111    150 |   17.90        0.00

Type     Name                                                                          # reqs      # fails |    Avg     Min     Max    Med |   req/s  failures/s
--------|----------------------------------------------------------------------------|-------|-------------|-------|-------|-------|-------|--------|-----------
POST     /api/book                                                                       1917     0(0.00%) |    394      94    2111    210 |   12.80        0.00
GET      /api/concerts                                                                    401     0(0.00%) |     10       2     214      3 |    3.70        0.00
GET      /health                                                                          196     0(0.00%) |     13       1     187      3 |    1.30        0.00
--------|----------------------------------------------------------------------------|-------|-------------|-------|-------|-------|-------|--------|-----------
         Aggregated                                                                      2514     0(0.00%) |    303       1    2111    150 |   17.80        0.00

Type     Name                                                                          # reqs      # fails |    Avg     Min     Max    Med |   req/s  failures/s
--------|----------------------------------------------------------------------------|-------|-------------|-------|-------|-------|-------|--------|-----------
POST     /api/book                                                                       1948     0(0.00%) |    400      94    2364    210 |   12.80        0.00
GET      /api/concerts                                                                    409     0(0.00%) |     10       2     214      3 |    3.20        0.00
GET      /health                                                                          197     0(0.00%) |     13       1     187      3 |    1.20        0.00
--------|----------------------------------------------------------------------------|-------|-------------|-------|-------|-------|-------|--------|-----------
         Aggregated                                                                      2554     0(0.00%) |    308       1    2364    150 |   17.20        0.00

Type     Name                                                                          # reqs      # fails |    Avg     Min     Max    Med |   req/s  failures/s
--------|----------------------------------------------------------------------------|-------|-------------|-------|-------|-------|-------|--------|-----------
POST     /api/book                                                                       1970     0(0.00%) |    398      94    2364    210 |   13.30        0.00
GET      /api/concerts                                                                    410     0(0.00%) |     10       2     214      3 |    3.10        0.00
GET      /health                                                                          201     0(0.00%) |     12       1     187      3 |    1.10        0.00
--------|----------------------------------------------------------------------------|-------|-------------|-------|-------|-------|-------|--------|-----------
         Aggregated                                                                      2581     0(0.00%) |    307       1    2364    150 |   17.50        0.00

Type     Name                                                                          # reqs      # fails |    Avg     Min     Max    Med |   req/s  failures/s
--------|----------------------------------------------------------------------------|-------|-------------|-------|-------|-------|-------|--------|-----------
POST     /api/book                                                                       1997     0(0.00%) |    404      94    2452    210 |   12.80        0.00
GET      /api/concerts                                                                    412     0(0.00%) |     10       2     214      3 |    3.00        0.00
GET      /health                                                                          202     0(0.00%) |     12       1     187      3 |    1.10        0.00
--------|----------------------------------------------------------------------------|-------|-------------|-------|-------|-------|-------|--------|-----------
         Aggregated                                                                      2611     0(0.00%) |    311       1    2452    150 |   16.90        0.00

Type     Name                                                                          # reqs      # fails |    Avg     Min     Max    Med |   req/s  failures/s
--------|----------------------------------------------------------------------------|-------|-------------|-------|-------|-------|-------|--------|-----------
POST     /api/book                                                                       2029     0(0.00%) |    409      94    2594    210 |   13.40        0.00
GET      /api/concerts                                                                    416     0(0.00%) |     10       2     214      3 |    2.00        0.00
GET      /health                                                                          207     0(0.00%) |     12       1     187      3 |    1.00        0.00
--------|----------------------------------------------------------------------------|-------|-------------|-------|-------|-------|-------|--------|-----------
         Aggregated                                                                      2652     0(0.00%) |    315       1    2594    150 |   16.40        0.00

Type     Name                                                                          # reqs      # fails |    Avg     Min     Max    Med |   req/s  failures/s
--------|----------------------------------------------------------------------------|-------|-------------|-------|-------|-------|-------|--------|-----------
POST     /api/book                                                                       2049     0(0.00%) |    407      94    2594    210 |   14.00        0.00
GET      /api/concerts                                                                    422     0(0.00%) |     10       2     214      3 |    1.70        0.00
GET      /health                                                                          212     0(0.00%) |     12       1     187      3 |    1.10        0.00
--------|----------------------------------------------------------------------------|-------|-------------|-------|-------|-------|-------|--------|-----------
         Aggregated                                                                      2683     0(0.00%) |    313       1    2594    150 |   16.80        0.00

Type     Name                                                                          # reqs      # fails |    Avg     Min     Max    Med |   req/s  failures/s
--------|----------------------------------------------------------------------------|-------|-------------|-------|-------|-------|-------|--------|-----------
POST     /api/book                                                                       2079     0(0.00%) |    412      94    2594    210 |   13.10        0.00
GET      /api/concerts                                                                    428     0(0.00%) |     10       2     214      3 |    2.20        0.00
GET      /health                                                                          215     0(0.00%) |     12       1     187      3 |    1.50        0.00
--------|----------------------------------------------------------------------------|-------|-------------|-------|-------|-------|-------|--------|-----------
         Aggregated                                                                      2722     0(0.00%) |    317       1    2594    150 |   16.80        0.00

Type     Name                                                                          # reqs      # fails |    Avg     Min     Max    Med |   req/s  failures/s
--------|----------------------------------------------------------------------------|-------|-------------|-------|-------|-------|-------|--------|-----------
POST     /api/book                                                                       2105     0(0.00%) |    410      94    2594    210 |   12.70        0.00
GET      /api/concerts                                                                    433     0(0.00%) |     10       2     214      3 |    1.80        0.00
GET      /health                                                                          220     0(0.00%) |     12       1     187      3 |    1.60        0.00
--------|----------------------------------------------------------------------------|-------|-------------|-------|-------|-------|-------|--------|-----------
         Aggregated                                                                      2758     0(0.00%) |    316       1    2594    150 |   16.10        0.00

Type     Name                                                                          # reqs      # fails |    Avg     Min     Max    Med |   req/s  failures/s
--------|----------------------------------------------------------------------------|-------|-------------|-------|-------|-------|-------|--------|-----------
POST     /api/book                                                                       2129     0(0.00%) |    411      94    2594    210 |   13.10        0.00
GET      /api/concerts                                                                    436     0(0.00%) |     10       2     214      3 |    2.20        0.00
GET      /health                                                                          224     0(0.00%) |     12       1     187      3 |    1.90        0.00
--------|----------------------------------------------------------------------------|-------|-------------|-------|-------|-------|-------|--------|-----------
         Aggregated                                                                      2789     0(0.00%) |    316       1    2594    150 |   17.20        0.00

Type     Name                                                                          # reqs      # fails |    Avg     Min     Max    Med |   req/s  failures/s
--------|----------------------------------------------------------------------------|-------|-------------|-------|-------|-------|-------|--------|-----------
POST     /api/book                                                                       2160     0(0.00%) |    414      94    2594    210 |   12.90        0.00
GET      /api/concerts                                                                    442     0(0.00%) |     10       2     214      3 |    2.50        0.00
GET      /health                                                                          224     0(0.00%) |     12       1     187      3 |    2.20        0.00
--------|----------------------------------------------------------------------------|-------|-------------|-------|-------|-------|-------|--------|-----------
         Aggregated                                                                      2826     0(0.00%) |    319       1    2594    150 |   17.60        0.00

Type     Name                                                                          # reqs      # fails |    Avg     Min     Max    Med |   req/s  failures/s
--------|----------------------------------------------------------------------------|-------|-------------|-------|-------|-------|-------|--------|-----------
POST     /api/book                                                                       2188     0(0.00%) |    414      94    2594    210 |   12.50        0.00
GET      /api/concerts                                                                    448     0(0.00%) |     10       2     214      3 |    2.70        0.00
GET      /health                                                                          226     0(0.00%) |     12       1     187      3 |    2.00        0.00
--------|----------------------------------------------------------------------------|-------|-------------|-------|-------|-------|-------|--------|-----------
         Aggregated                                                                      2862     0(0.00%) |    319       1    2594    150 |   17.20        0.00

Type     Name                                                                          # reqs      # fails |    Avg     Min     Max    Med |   req/s  failures/s
--------|----------------------------------------------------------------------------|-------|-------------|-------|-------|-------|-------|--------|-----------
POST     /api/book                                                                       2213     0(0.00%) |    416      94    2594    210 |   13.60        0.00
GET      /api/concerts                                                                    450     0(0.00%) |     10       2     214      3 |    2.40        0.00
GET      /health                                                                          230     0(0.00%) |     12       1     187      3 |    1.50        0.00
--------|----------------------------------------------------------------------------|-------|-------------|-------|-------|-------|-------|--------|-----------
         Aggregated                                                                      2893     0(0.00%) |    321       1    2594    150 |   17.50        0.00

Type     Name                                                                          # reqs      # fails |    Avg     Min     Max    Med |   req/s  failures/s
--------|----------------------------------------------------------------------------|-------|-------------|-------|-------|-------|-------|--------|-----------
POST     /api/book                                                                       2239     0(0.00%) |    415      94    2594    220 |   13.70        0.00
GET      /api/concerts                                                                    451     0(0.00%) |     10       2     214      3 |    2.70        0.00
GET      /health                                                                          233     0(0.00%) |     13       1     187      3 |    1.50        0.00
--------|----------------------------------------------------------------------------|-------|-------------|-------|-------|-------|-------|--------|-----------
         Aggregated                                                                      2923     0(0.00%) |    321       1    2594    150 |   17.90        0.00

Type     Name                                                                          # reqs      # fails |    Avg     Min     Max    Med |   req/s  failures/s
--------|----------------------------------------------------------------------------|-------|-------------|-------|-------|-------|-------|--------|-----------
POST     /api/book                                                                       2276     0(0.00%) |    416      94    2594    220 |   14.10        0.00
GET      /api/concerts                                                                    454     0(0.00%) |     10       2     214      3 |    1.90        0.00
GET      /health                                                                          236     0(0.00%) |     13       1     187      3 |    1.50        0.00
--------|----------------------------------------------------------------------------|-------|-------------|-------|-------|-------|-------|--------|-----------
         Aggregated                                                                      2966     0(0.00%) |    322       1    2594    150 |   17.50        0.00

Type     Name                                                                          # reqs      # fails |    Avg     Min     Max    Med |   req/s  failures/s
--------|----------------------------------------------------------------------------|-------|-------------|-------|-------|-------|-------|--------|-----------
POST     /api/book                                                                       2293     0(0.00%) |    415      94    2594    220 |   14.40        0.00
GET      /api/concerts                                                                    461     0(0.00%) |     10       2     214      3 |    1.70        0.00
GET      /health                                                                          237     0(0.00%) |     13       1     187      3 |    1.20        0.00
--------|----------------------------------------------------------------------------|-------|-------------|-------|-------|-------|-------|--------|-----------
         Aggregated                                                                      2991     0(0.00%) |    321       1    2594    150 |   17.30        0.00

Type     Name                                                                          # reqs      # fails |    Avg     Min     Max    Med |   req/s  failures/s
--------|----------------------------------------------------------------------------|-------|-------------|-------|-------|-------|-------|--------|-----------
POST     /api/book                                                                       2327     0(0.00%) |    423      93    2594    220 |   13.90        0.00
GET      /api/concerts                                                                    461     0(0.00%) |     10       2     214      3 |    1.80        0.00
GET      /health                                                                          241     0(0.00%) |     13       1     187      3 |    1.30        0.00
--------|----------------------------------------------------------------------------|-------|-------------|-------|-------|-------|-------|--------|-----------
         Aggregated                                                                      3029     0(0.00%) |    327       1    2594    150 |   17.00        0.00

Type     Name                                                                          # reqs      # fails |    Avg     Min     Max    Med |   req/s  failures/s
--------|----------------------------------------------------------------------------|-------|-------------|-------|-------|-------|-------|--------|-----------
POST     /api/book                                                                       2349     0(0.00%) |    421      93    2594    220 |   13.40        0.00
GET      /api/concerts                                                                    465     0(0.00%) |     10       2     214      3 |    1.60        0.00
GET      /health                                                                          244     0(0.00%) |     13       1     187      3 |    1.50        0.00
--------|----------------------------------------------------------------------------|-------|-------------|-------|-------|-------|-------|--------|-----------
         Aggregated                                                                      3058     0(0.00%) |    326       1    2594    150 |   16.50        0.00

Type     Name                                                                          # reqs      # fails |    Avg     Min     Max    Med |   req/s  failures/s
--------|----------------------------------------------------------------------------|-------|-------------|-------|-------|-------|-------|--------|-----------
POST     /api/book                                                                       2382     0(0.00%) |    421      93    2594    220 |   13.80        0.00
GET      /api/concerts                                                                    469     0(0.00%) |     10       2     214      3 |    1.30        0.00
GET      /health                                                                          246     0(0.00%) |     13       1     187      3 |    1.60        0.00
--------|----------------------------------------------------------------------------|-------|-------------|-------|-------|-------|-------|--------|-----------
         Aggregated                                                                      3097     0(0.00%) |    326       1    2594    150 |   16.70        0.00

Type     Name                                                                          # reqs      # fails |    Avg     Min     Max    Med |   req/s  failures/s
--------|----------------------------------------------------------------------------|-------|-------------|-------|-------|-------|-------|--------|-----------
POST     /api/book                                                                       2406     0(0.00%) |    423      93    2594    220 |   13.50        0.00
GET      /api/concerts                                                                    474     0(0.00%) |     10       2     214      3 |    1.70        0.00
GET      /health                                                                          255     0(0.00%) |     12       1     187      3 |    1.20        0.00
--------|----------------------------------------------------------------------------|-------|-------------|-------|-------|-------|-------|--------|-----------
         Aggregated                                                                      3135     0(0.00%) |    327       1    2594    150 |   16.40        0.00

Type     Name                                                                          # reqs      # fails |    Avg     Min     Max    Med |   req/s  failures/s
--------|----------------------------------------------------------------------------|-------|-------------|-------|-------|-------|-------|--------|-----------
POST     /api/book                                                                       2429     0(0.00%) |    422      93    2594    220 |   13.10        0.00
GET      /api/concerts                                                                    478     0(0.00%) |     10       2     214      3 |    2.00        0.00
GET      /health                                                                          257     0(0.00%) |     13       1     187      3 |    1.90        0.00
--------|----------------------------------------------------------------------------|-------|-------------|-------|-------|-------|-------|--------|-----------
         Aggregated                                                                      3164     0(0.00%) |    326       1    2594    150 |   17.00        0.00

Type     Name                                                                          # reqs      # fails |    Avg     Min     Max    Med |   req/s  failures/s
--------|----------------------------------------------------------------------------|-------|-------------|-------|-------|-------|-------|--------|-----------
POST     /api/book                                                                       2456     0(0.00%) |    426      93    2594    220 |   12.90        0.00
GET      /api/concerts                                                                    480     0(0.00%) |     10       2     214      3 |    2.00        0.00
GET      /health                                                                          263     0(0.00%) |     13       1     187      3 |    1.90        0.00
--------|----------------------------------------------------------------------------|-------|-------------|-------|-------|-------|-------|--------|-----------
         Aggregated                                                                      3199     0(0.00%) |    330       1    2594    150 |   16.80        0.00

Type     Name                                                                          # reqs      # fails |    Avg     Min     Max    Med |   req/s  failures/s
--------|----------------------------------------------------------------------------|-------|-------------|-------|-------|-------|-------|--------|-----------
POST     /api/book                                                                       2484     0(0.00%) |    424      93    2594    220 |   13.50        0.00
GET      /api/concerts                                                                    483     0(0.00%) |     10       2     214      3 |    1.90        0.00
GET      /health                                                                          267     0(0.00%) |     13       1     187      3 |    2.10        0.00
--------|----------------------------------------------------------------------------|-------|-------------|-------|-------|-------|-------|--------|-----------
         Aggregated                                                                      3234     0(0.00%) |    329       1    2594    150 |   17.50        0.00

Type     Name                                                                          # reqs      # fails |    Avg     Min     Max    Med |   req/s  failures/s
--------|----------------------------------------------------------------------------|-------|-------------|-------|-------|-------|-------|--------|-----------
POST     /api/book                                                                       2510     0(0.00%) |    427      93    2594    220 |   13.50        0.00
GET      /api/concerts                                                                    487     0(0.00%) |     10       2     214      3 |    1.90        0.00
GET      /health                                                                          270     0(0.00%) |     13       1     187      3 |    2.10        0.00
--------|----------------------------------------------------------------------------|-------|-------------|-------|-------|-------|-------|--------|-----------
         Aggregated                                                                      3267     0(0.00%) |    331       1    2594    160 |   17.50        0.00

Type     Name                                                                          # reqs      # fails |    Avg     Min     Max    Med |   req/s  failures/s
--------|----------------------------------------------------------------------------|-------|-------------|-------|-------|-------|-------|--------|-----------
POST     /api/book                                                                       2539     0(0.00%) |    427      93    2594    220 |   13.50        0.00
GET      /api/concerts                                                                    490     0(0.00%) |     10       2     214      3 |    1.80        0.00
GET      /health                                                                          276     0(0.00%) |     13       1     187      3 |    2.50        0.00
--------|----------------------------------------------------------------------------|-------|-------------|-------|-------|-------|-------|--------|-----------
         Aggregated                                                                      3305     0(0.00%) |    331       1    2594    160 |   17.80        0.00

Type     Name                                                                          # reqs      # fails |    Avg     Min     Max    Med |   req/s  failures/s
--------|----------------------------------------------------------------------------|-------|-------------|-------|-------|-------|-------|--------|-----------
POST     /api/book                                                                       2565     0(0.00%) |    426      93    2594    220 |   13.10        0.00
GET      /api/concerts                                                                    493     0(0.00%) |     10       2     214      3 |    1.70        0.00
GET      /health                                                                          276     0(0.00%) |     13       1     187      3 |    2.00        0.00
--------|----------------------------------------------------------------------------|-------|-------------|-------|-------|-------|-------|--------|-----------
         Aggregated                                                                      3334     0(0.00%) |    330       1    2594    160 |   16.80        0.00

Type     Name                                                                          # reqs      # fails |    Avg     Min     Max    Med |   req/s  failures/s
--------|----------------------------------------------------------------------------|-------|-------------|-------|-------|-------|-------|--------|-----------
POST     /api/book                                                                       2591     0(0.00%) |    429      93    2594    220 |   13.70        0.00
GET      /api/concerts                                                                    501     0(0.00%) |     10       2     214      3 |    1.40        0.00
GET      /health                                                                          277     0(0.00%) |     14       1     323      3 |    2.00        0.00
--------|----------------------------------------------------------------------------|-------|-------------|-------|-------|-------|-------|--------|-----------
         Aggregated                                                                      3369     0(0.00%) |    332       1    2594    160 |   17.10        0.00

Type     Name                                                                          # reqs      # fails |    Avg     Min     Max    Med |   req/s  failures/s
--------|----------------------------------------------------------------------------|-------|-------------|-------|-------|-------|-------|--------|-----------
POST     /api/book                                                                       2618     0(0.00%) |    428      93    2594    220 |   13.60        0.00
GET      /api/concerts                                                                    505     0(0.00%) |     10       2     214      3 |    1.90        0.00
GET      /health                                                                          283     0(0.00%) |     14       1     323      3 |    1.60        0.00
--------|----------------------------------------------------------------------------|-------|-------------|-------|-------|-------|-------|--------|-----------
         Aggregated                                                                      3406     0(0.00%) |    332       1    2594    160 |   17.10        0.00

Type     Name                                                                          # reqs      # fails |    Avg     Min     Max    Med |   req/s  failures/s
--------|----------------------------------------------------------------------------|-------|-------------|-------|-------|-------|-------|--------|-----------
POST     /api/book                                                                       2642     0(0.00%) |    428      93    2594    220 |   13.40        0.00
GET      /api/concerts                                                                    507     0(0.00%) |     10       2     214      3 |    2.30        0.00
GET      /health                                                                          285     0(0.00%) |     14       1     323      3 |    1.80        0.00
--------|----------------------------------------------------------------------------|-------|-------------|-------|-------|-------|-------|--------|-----------
         Aggregated                                                                      3434     0(0.00%) |    332       1    2594    160 |   17.50        0.00

Type     Name                                                                          # reqs      # fails |    Avg     Min     Max    Med |   req/s  failures/s
--------|----------------------------------------------------------------------------|-------|-------------|-------|-------|-------|-------|--------|-----------
POST     /api/book                                                                       2672     0(0.00%) |    430      91    2594    220 |   12.60        0.00
GET      /api/concerts                                                                    509     0(0.00%) |     10       2     214      3 |    2.00        0.00
GET      /health                                                                          286     0(0.00%) |     14       1     323      3 |    1.30        0.00
--------|----------------------------------------------------------------------------|-------|-------------|-------|-------|-------|-------|--------|-----------
         Aggregated                                                                      3467     0(0.00%) |    334       1    2594    160 |   15.90        0.00

Type     Name                                                                          # reqs      # fails |    Avg     Min     Max    Med |   req/s  failures/s
--------|----------------------------------------------------------------------------|-------|-------------|-------|-------|-------|-------|--------|-----------
POST     /api/book                                                                       2693     0(0.00%) |    432      91    2594    220 |   13.50        0.00
GET      /api/concerts                                                                    515     0(0.00%) |     10       2     214      3 |    1.80        0.00
GET      /health                                                                          289     0(0.00%) |     14       1     323      3 |    1.20        0.00
--------|----------------------------------------------------------------------------|-------|-------------|-------|-------|-------|-------|--------|-----------
         Aggregated                                                                      3497     0(0.00%) |    335       1    2594    160 |   16.50        0.00

Type     Name                                                                          # reqs      # fails |    Avg     Min     Max    Med |   req/s  failures/s
--------|----------------------------------------------------------------------------|-------|-------------|-------|-------|-------|-------|--------|-----------
POST     /api/book                                                                       2719     0(0.00%) |    433      91    2594    220 |   13.10        0.00
GET      /api/concerts                                                                    523     0(0.00%) |     11       2     214      3 |    1.90        0.00
GET      /health                                                                          289     0(0.00%) |     14       1     323      3 |    1.20        0.00
--------|----------------------------------------------------------------------------|-------|-------------|-------|-------|-------|-------|--------|-----------
         Aggregated                                                                      3531     0(0.00%) |    336       1    2594    160 |   16.20        0.00

Type     Name                                                                          # reqs      # fails |    Avg     Min     Max    Med |   req/s  failures/s
--------|----------------------------------------------------------------------------|-------|-------------|-------|-------|-------|-------|--------|-----------
POST     /api/book                                                                       2746     0(0.00%) |    432      91    2594    220 |   12.90        0.00
GET      /api/concerts                                                                    525     0(0.00%) |     11       2     214      3 |    2.20        0.00
GET      /health                                                                          292     0(0.00%) |     14       1     323      3 |    1.20        0.00
--------|----------------------------------------------------------------------------|-------|-------------|-------|-------|-------|-------|--------|-----------
         Aggregated                                                                      3563     0(0.00%) |    336       1    2594    160 |   16.30        0.00

Type     Name                                                                          # reqs      # fails |    Avg     Min     Max    Med |   req/s  failures/s
--------|----------------------------------------------------------------------------|-------|-------------|-------|-------|-------|-------|--------|-----------
POST     /api/book                                                                       2776     0(0.00%) |    437      91    2594    220 |   12.50        0.00
GET      /api/concerts                                                                    526     0(0.00%) |     11       2     214      3 |    1.90        0.00
GET      /health                                                                          293     0(0.00%) |     14       1     323      3 |    0.90        0.00
--------|----------------------------------------------------------------------------|-------|-------------|-------|-------|-------|-------|--------|-----------
         Aggregated                                                                      3595     0(0.00%) |    340       1    2594    160 |   15.30        0.00

Type     Name                                                                          # reqs      # fails |    Avg     Min     Max    Med |   req/s  failures/s
--------|----------------------------------------------------------------------------|-------|-------------|-------|-------|-------|-------|--------|-----------
POST     /api/book                                                                       2797     0(0.00%) |    436      91    2594    220 |   13.50        0.00
GET      /api/concerts                                                                    533     0(0.00%) |     11       2     214      3 |    2.00        0.00
GET      /health                                                                          295     0(0.00%) |     14       1     323      3 |    1.00        0.00
--------|----------------------------------------------------------------------------|-------|-------------|-------|-------|-------|-------|--------|-----------
         Aggregated                                                                      3625     0(0.00%) |    339       1    2594    160 |   16.50        0.00

Type     Name                                                                          # reqs      # fails |    Avg     Min     Max    Med |   req/s  failures/s
--------|----------------------------------------------------------------------------|-------|-------------|-------|-------|-------|-------|--------|-----------
POST     /api/book                                                                       2827     0(0.00%) |    440      91    2594    220 |   13.00        0.00
GET      /api/concerts                                                                    536     0(0.00%) |     11       2     214      3 |    2.40        0.00
GET      /health                                                                          299     0(0.00%) |     14       1     323      3 |    0.90        0.00
--------|----------------------------------------------------------------------------|-------|-------------|-------|-------|-------|-------|--------|-----------
         Aggregated                                                                      3662     0(0.00%) |    342       1    2594    160 |   16.30        0.00

Type     Name                                                                          # reqs      # fails |    Avg     Min     Max    Med |   req/s  failures/s
--------|----------------------------------------------------------------------------|-------|-------------|-------|-------|-------|-------|--------|-----------
POST     /api/book                                                                       2856     0(0.00%) |    439      91    2594    220 |   13.60        0.00
GET      /api/concerts                                                                    544     0(0.00%) |     11       2     214      3 |    2.50        0.00
GET      /health                                                                          302     0(0.00%) |     14       1     323      3 |    0.80        0.00
--------|----------------------------------------------------------------------------|-------|-------------|-------|-------|-------|-------|--------|-----------
         Aggregated                                                                      3702     0(0.00%) |    342       1    2594    160 |   16.90        0.00

Type     Name                                                                          # reqs      # fails |    Avg     Min     Max    Med |   req/s  failures/s
--------|----------------------------------------------------------------------------|-------|-------------|-------|-------|-------|-------|--------|-----------
POST     /api/book                                                                       2881     0(0.00%) |    438      91    2594    220 |   13.40        0.00
GET      /api/concerts                                                                    551     0(0.00%) |     11       2     214      3 |    2.00        0.00
GET      /health                                                                          303     0(0.00%) |     14       1     323      3 |    1.20        0.00
--------|----------------------------------------------------------------------------|-------|-------------|-------|-------|-------|-------|--------|-----------
         Aggregated                                                                      3735     0(0.00%) |    340       1    2594    160 |   16.60        0.00

Type     Name                                                                          # reqs      # fails |    Avg     Min     Max    Med |   req/s  failures/s
--------|----------------------------------------------------------------------------|-------|-------------|-------|-------|-------|-------|--------|-----------
POST     /api/book                                                                       2911     0(0.00%) |    437      91    2594    220 |   13.90        0.00
GET      /api/concerts                                                                    554     0(0.00%) |     11       2     214      3 |    2.50        0.00
GET      /health                                                                          305     0(0.00%) |     14       1     323      3 |    1.10        0.00
--------|----------------------------------------------------------------------------|-------|-------------|-------|-------|-------|-------|--------|-----------
         Aggregated                                                                      3770     0(0.00%) |    340       1    2594    160 |   17.50        0.00

Type     Name                                                                          # reqs      # fails |    Avg     Min     Max    Med |   req/s  failures/s
--------|----------------------------------------------------------------------------|-------|-------------|-------|-------|-------|-------|--------|-----------
POST     /api/book                                                                       2931     0(0.00%) |    437      91    2594    220 |   13.70        0.00
GET      /api/concerts                                                                    564     0(0.00%) |     11       2     214      3 |    2.60        0.00
GET      /health                                                                          308     0(0.00%) |     14       1     323      3 |    1.20        0.00
--------|----------------------------------------------------------------------------|-------|-------------|-------|-------|-------|-------|--------|-----------
         Aggregated                                                                      3803     0(0.00%) |    339       1    2594    160 |   17.50        0.00

Type     Name                                                                          # reqs      # fails |    Avg     Min     Max    Med |   req/s  failures/s
--------|----------------------------------------------------------------------------|-------|-------------|-------|-------|-------|-------|--------|-----------
POST     /api/book                                                                       2961     0(0.00%) |    439      91    2594    220 |   13.80        0.00
GET      /api/concerts                                                                    570     0(0.00%) |     11       2     214      3 |    2.80        0.00
GET      /health                                                                          309     0(0.00%) |     14       1     323      3 |    1.20        0.00
--------|----------------------------------------------------------------------------|-------|-------------|-------|-------|-------|-------|--------|-----------
         Aggregated                                                                      3840     0(0.00%) |    341       1    2594    160 |   17.80        0.00

Type     Name                                                                          # reqs      # fails |    Avg     Min     Max    Med |   req/s  failures/s
--------|----------------------------------------------------------------------------|-------|-------------|-------|-------|-------|-------|--------|-----------
POST     /api/book                                                                       2986     0(0.00%) |    438      91    2594    220 |   13.30        0.00
GET      /api/concerts                                                                    575     0(0.00%) |     11       2     214      3 |    3.30        0.00
GET      /health                                                                          311     0(0.00%) |     14       1     323      3 |    1.30        0.00
--------|----------------------------------------------------------------------------|-------|-------------|-------|-------|-------|-------|--------|-----------
         Aggregated                                                                      3872     0(0.00%) |    341       1    2594    160 |   17.90        0.00

Type     Name                                                                          # reqs      # fails |    Avg     Min     Max    Med |   req/s  failures/s
--------|----------------------------------------------------------------------------|-------|-------------|-------|-------|-------|-------|--------|-----------
POST     /api/book                                                                       3010     0(0.00%) |    439      91    2594    220 |   13.00        0.00
GET      /api/concerts                                                                    580     0(0.00%) |     11       2     214      3 |    3.30        0.00
GET      /health                                                                          315     0(0.00%) |     14       1     323      3 |    1.00        0.00
--------|----------------------------------------------------------------------------|-------|-------------|-------|-------|-------|-------|--------|-----------
         Aggregated                                                                      3905     0(0.00%) |    341       1    2594    160 |   17.30        0.00

Type     Name                                                                          # reqs      # fails |    Avg     Min     Max    Med |   req/s  failures/s
--------|----------------------------------------------------------------------------|-------|-------------|-------|-------|-------|-------|--------|-----------
POST     /api/book                                                                       3035     0(0.00%) |    439      91    2594    220 |   12.70        0.00
GET      /api/concerts                                                                    588     0(0.00%) |     11       2     214      3 |    3.00        0.00
GET      /health                                                                          317     0(0.00%) |     14       1     323      3 |    0.90        0.00
--------|----------------------------------------------------------------------------|-------|-------------|-------|-------|-------|-------|--------|-----------
         Aggregated                                                                      3940     0(0.00%) |    341       1    2594    160 |   16.60        0.00

Type     Name                                                                          # reqs      # fails |    Avg     Min     Max    Med |   req/s  failures/s
--------|----------------------------------------------------------------------------|-------|-------------|-------|-------|-------|-------|--------|-----------
POST     /api/book                                                                       3061     0(0.00%) |    439      91    2594    220 |   12.40        0.00
GET      /api/concerts                                                                    591     0(0.00%) |     11       2     214      3 |    3.10        0.00
GET      /health                                                                          321     0(0.00%) |     13       1     323      3 |    1.20        0.00
--------|----------------------------------------------------------------------------|-------|-------------|-------|-------|-------|-------|--------|-----------
         Aggregated                                                                      3973     0(0.00%) |    341       1    2594    160 |   16.70        0.00

Type     Name                                                                          # reqs      # fails |    Avg     Min     Max    Med |   req/s  failures/s
--------|----------------------------------------------------------------------------|-------|-------------|-------|-------|-------|-------|--------|-----------
POST     /api/book                                                                       3085     0(0.00%) |    440      91    2594    220 |   12.20        0.00
GET      /api/concerts                                                                    594     0(0.00%) |     11       2     214      3 |    2.90        0.00
GET      /health                                                                          327     0(0.00%) |     13       1     323      3 |    1.30        0.00
--------|----------------------------------------------------------------------------|-------|-------------|-------|-------|-------|-------|--------|-----------
         Aggregated                                                                      4006     0(0.00%) |    342       1    2594    160 |   16.40        0.00

Type     Name                                                                          # reqs      # fails |    Avg     Min     Max    Med |   req/s  failures/s
--------|----------------------------------------------------------------------------|-------|-------------|-------|-------|-------|-------|--------|-----------
POST     /api/book                                                                       3111     0(0.00%) |    439      91    2594    220 |   12.30        0.00
GET      /api/concerts                                                                    600     0(0.00%) |     11       2     214      3 |    2.40        0.00
GET      /health                                                                          331     0(0.00%) |     13       1     323      3 |    1.50        0.00
--------|----------------------------------------------------------------------------|-------|-------------|-------|-------|-------|-------|--------|-----------
         Aggregated                                                                      4042     0(0.00%) |    341       1    2594    160 |   16.20        0.00

Type     Name                                                                          # reqs      # fails |    Avg     Min     Max    Med |   req/s  failures/s
--------|----------------------------------------------------------------------------|-------|-------------|-------|-------|-------|-------|--------|-----------
POST     /api/book                                                                       3138     0(0.00%) |    439      91    2594    220 |   12.80        0.00
GET      /api/concerts                                                                    604     0(0.00%) |     11       2     214      3 |    2.30        0.00
GET      /health                                                                          332     0(0.00%) |     13       1     323      3 |    1.80        0.00
--------|----------------------------------------------------------------------------|-------|-------------|-------|-------|-------|-------|--------|-----------
         Aggregated                                                                      4074     0(0.00%) |    341       1    2594    160 |   16.90        0.00

Type     Name                                                                          # reqs      # fails |    Avg     Min     Max    Med |   req/s  failures/s
--------|----------------------------------------------------------------------------|-------|-------------|-------|-------|-------|-------|--------|-----------
POST     /api/book                                                                       3165     0(0.00%) |    439      91    2594    220 |   13.00        0.00
GET      /api/concerts                                                                    611     0(0.00%) |     11       2     214      3 |    2.40        0.00
GET      /health                                                                          334     0(0.00%) |     14       1     323      3 |    1.90        0.00
--------|----------------------------------------------------------------------------|-------|-------------|-------|-------|-------|-------|--------|-----------
         Aggregated                                                                      4110     0(0.00%) |    341       1    2594    160 |   17.30        0.00

Type     Name                                                                          # reqs      # fails |    Avg     Min     Max    Med |   req/s  failures/s
--------|----------------------------------------------------------------------------|-------|-------------|-------|-------|-------|-------|--------|-----------
POST     /api/book                                                                       3190     0(0.00%) |    441      91    2594    220 |   13.10        0.00
GET      /api/concerts                                                                    615     0(0.00%) |     11       2     214      3 |    2.40        0.00
GET      /health                                                                          336     0(0.00%) |     14       1     323      3 |    1.70        0.00
--------|----------------------------------------------------------------------------|-------|-------------|-------|-------|-------|-------|--------|-----------
         Aggregated                                                                      4141     0(0.00%) |    342       1    2594    160 |   17.20        0.00

Type     Name                                                                          # reqs      # fails |    Avg     Min     Max    Med |   req/s  failures/s
--------|----------------------------------------------------------------------------|-------|-------------|-------|-------|-------|-------|--------|-----------
POST     /api/book                                                                       3217     0(0.00%) |    439      91    2594    220 |   12.70        0.00
GET      /api/concerts                                                                    621     0(0.00%) |     11       2     214      3 |    2.50        0.00
GET      /health                                                                          338     0(0.00%) |     14       1     323      3 |    1.50        0.00
--------|----------------------------------------------------------------------------|-------|-------------|-------|-------|-------|-------|--------|-----------
         Aggregated                                                                      4176     0(0.00%) |    341       1    2594    160 |   16.70        0.00

Type     Name                                                                          # reqs      # fails |    Avg     Min     Max    Med |   req/s  failures/s
--------|----------------------------------------------------------------------------|-------|-------------|-------|-------|-------|-------|--------|-----------
POST     /api/book                                                                       3247     0(0.00%) |    439      91    2594    220 |   13.20        0.00
GET      /api/concerts                                                                    623     0(0.00%) |     11       2     214      3 |    2.60        0.00
GET      /health                                                                          341     0(0.00%) |     14       1     323      3 |    1.30        0.00
--------|----------------------------------------------------------------------------|-------|-------------|-------|-------|-------|-------|--------|-----------
         Aggregated                                                                      4211     0(0.00%) |    341       1    2594    160 |   17.10        0.00

Type     Name                                                                          # reqs      # fails |    Avg     Min     Max    Med |   req/s  failures/s
--------|----------------------------------------------------------------------------|-------|-------------|-------|-------|-------|-------|--------|-----------
POST     /api/book                                                                       3274     0(0.00%) |    437      91    2594    220 |   13.10        0.00
GET      /api/concerts                                                                    627     0(0.00%) |     11       2     214      3 |    2.50        0.00
GET      /health                                                                          343     0(0.00%) |     14       1     323      3 |    1.20        0.00
--------|----------------------------------------------------------------------------|-------|-------------|-------|-------|-------|-------|--------|-----------
         Aggregated                                                                      4244     0(0.00%) |    340       1    2594    160 |   16.80        0.00

Type     Name                                                                          # reqs      # fails |    Avg     Min     Max    Med |   req/s  failures/s
--------|----------------------------------------------------------------------------|-------|-------------|-------|-------|-------|-------|--------|-----------
POST     /api/book                                                                       3298     0(0.00%) |    438      91    2594    220 |   13.30        0.00
GET      /api/concerts                                                                    635     0(0.00%) |     11       2     214      3 |    2.30        0.00
GET      /health                                                                          344     0(0.00%) |     14       1     323      3 |    1.10        0.00
--------|----------------------------------------------------------------------------|-------|-------------|-------|-------|-------|-------|--------|-----------
         Aggregated                                                                      4277     0(0.00%) |    340       1    2594    160 |   16.70        0.00

Type     Name                                                                          # reqs      # fails |    Avg     Min     Max    Med |   req/s  failures/s
--------|----------------------------------------------------------------------------|-------|-------------|-------|-------|-------|-------|--------|-----------
POST     /api/book                                                                       3324     0(0.00%) |    436      91    2594    220 |   12.90        0.00
GET      /api/concerts                                                                    639     0(0.00%) |     11       2     214      3 |    2.50        0.00
GET      /health                                                                          349     0(0.00%) |     13       1     323      3 |    1.00        0.00
--------|----------------------------------------------------------------------------|-------|-------------|-------|-------|-------|-------|--------|-----------
         Aggregated                                                                      4312     0(0.00%) |    339       1    2594    160 |   16.40        0.00

Type     Name                                                                          # reqs      # fails |    Avg     Min     Max    Med |   req/s  failures/s
--------|----------------------------------------------------------------------------|-------|-------------|-------|-------|-------|-------|--------|-----------
POST     /api/book                                                                       3341     0(0.00%) |    436      91    2594    220 |   13.70        0.00
GET      /api/concerts                                                                    646     0(0.00%) |     12       2     285      3 |    2.40        0.00
GET      /health                                                                          354     0(0.00%) |     13       1     323      3 |    1.20        0.00
--------|----------------------------------------------------------------------------|-------|-------------|-------|-------|-------|-------|--------|-----------
         Aggregated                                                                      4341     0(0.00%) |    338       1    2594    160 |   17.30        0.00

Type     Name                                                                          # reqs      # fails |    Avg     Min     Max    Med |   req/s  failures/s
--------|----------------------------------------------------------------------------|-------|-------------|-------|-------|-------|-------|--------|-----------
POST     /api/book                                                                       3376     0(0.00%) |    439      91    2594    220 |   12.50        0.00
GET      /api/concerts                                                                    647     0(0.00%) |     12       2     285      3 |    2.50        0.00
GET      /health                                                                          357     0(0.00%) |     13       1     323      3 |    1.70        0.00
--------|----------------------------------------------------------------------------|-------|-------------|-------|-------|-------|-------|--------|-----------
         Aggregated                                                                      4380     0(0.00%) |    341       1    2594    160 |   16.70        0.00

Type     Name                                                                          # reqs      # fails |    Avg     Min     Max    Med |   req/s  failures/s
--------|----------------------------------------------------------------------------|-------|-------------|-------|-------|-------|-------|--------|-----------
POST     /api/book                                                                       3403     0(0.00%) |    438      91    2594    220 |   12.30        0.00
GET      /api/concerts                                                                    651     0(0.00%) |     12       2     285      3 |    2.50        0.00
GET      /health                                                                          360     0(0.00%) |     14       1     323      3 |    1.50        0.00
--------|----------------------------------------------------------------------------|-------|-------------|-------|-------|-------|-------|--------|-----------
         Aggregated                                                                      4414     0(0.00%) |    341       1    2594    160 |   16.30        0.00

Type     Name                                                                          # reqs      # fails |    Avg     Min     Max    Med |   req/s  failures/s
--------|----------------------------------------------------------------------------|-------|-------------|-------|-------|-------|-------|--------|-----------
POST     /api/book                                                                       3427     0(0.00%) |    437      91    2594    220 |   12.50        0.00
GET      /api/concerts                                                                    657     0(0.00%) |     12       1     285      3 |    2.20        0.00
GET      /health                                                                          363     0(0.00%) |     13       1     323      3 |    1.50        0.00
--------|----------------------------------------------------------------------------|-------|-------------|-------|-------|-------|-------|--------|-----------
         Aggregated                                                                      4447     0(0.00%) |    340       1    2594    160 |   16.20        0.00

Type     Name                                                                          # reqs      # fails |    Avg     Min     Max    Med |   req/s  failures/s
--------|----------------------------------------------------------------------------|-------|-------------|-------|-------|-------|-------|--------|-----------
POST     /api/book                                                                       3454     0(0.00%) |    437      91    2594    220 |   13.10        0.00
GET      /api/concerts                                                                    664     0(0.00%) |     12       1     285      3 |    2.30        0.00
GET      /health                                                                          365     0(0.00%) |     13       1     323      3 |    1.70        0.00
--------|----------------------------------------------------------------------------|-------|-------------|-------|-------|-------|-------|--------|-----------
         Aggregated                                                                      4483     0(0.00%) |    340       1    2594    160 |   17.10        0.00

Type     Name                                                                          # reqs      # fails |    Avg     Min     Max    Med |   req/s  failures/s
--------|----------------------------------------------------------------------------|-------|-------------|-------|-------|-------|-------|--------|-----------
POST     /api/book                                                                       3481     0(0.00%) |    437      91    2594    220 |   12.70        0.00
GET      /api/concerts                                                                    666     0(0.00%) |     12       1     285      3 |    2.40        0.00
GET      /health                                                                          367     0(0.00%) |     13       1     323      3 |    1.80        0.00
--------|----------------------------------------------------------------------------|-------|-------------|-------|-------|-------|-------|--------|-----------
         Aggregated                                                                      4514     0(0.00%) |    340       1    2594    160 |   16.90        0.00

Type     Name                                                                          # reqs      # fails |    Avg     Min     Max    Med |   req/s  failures/s
--------|----------------------------------------------------------------------------|-------|-------------|-------|-------|-------|-------|--------|-----------
POST     /api/book                                                                       3505     0(0.00%) |    437      91    2594    220 |   13.70        0.00
GET      /api/concerts                                                                    678     0(0.00%) |     12       1     285      3 |    2.20        0.00
GET      /health                                                                          370     0(0.00%) |     13       1     323      3 |    1.20        0.00
--------|----------------------------------------------------------------------------|-------|-------------|-------|-------|-------|-------|--------|-----------
         Aggregated                                                                      4553     0(0.00%) |    340       1    2594    160 |   17.10        0.00

Type     Name                                                                          # reqs      # fails |    Avg     Min     Max    Med |   req/s  failures/s
--------|----------------------------------------------------------------------------|-------|-------------|-------|-------|-------|-------|--------|-----------
POST     /api/book                                                                       3527     0(0.00%) |    437      91    2594    220 |   13.80        0.00
GET      /api/concerts                                                                    684     0(0.00%) |     12       1     285      3 |    2.70        0.00
GET      /health                                                                          375     0(0.00%) |     13       1     323      3 |    1.30        0.00
--------|----------------------------------------------------------------------------|-------|-------------|-------|-------|-------|-------|--------|-----------
         Aggregated                                                                      4586     0(0.00%) |    339       1    2594    160 |   17.80        0.00

Type     Name                                                                          # reqs      # fails |    Avg     Min     Max    Med |   req/s  failures/s
--------|----------------------------------------------------------------------------|-------|-------------|-------|-------|-------|-------|--------|-----------
POST     /api/book                                                                       3551     0(0.00%) |    437      91    2594    220 |   13.00        0.00
GET      /api/concerts                                                                    692     0(0.00%) |     12       1     285      3 |    3.60        0.00
GET      /health                                                                          379     0(0.00%) |     13       1     323      3 |    1.70        0.00
--------|----------------------------------------------------------------------------|-------|-------------|-------|-------|-------|-------|--------|-----------
         Aggregated                                                                      4622     0(0.00%) |    339       1    2594    160 |   18.30        0.00

Type     Name                                                                          # reqs      # fails |    Avg     Min     Max    Med |   req/s  failures/s
--------|----------------------------------------------------------------------------|-------|-------------|-------|-------|-------|-------|--------|-----------
POST     /api/book                                                                       3578     0(0.00%) |    438      91    2594    220 |   12.60        0.00
GET      /api/concerts                                                                    698     0(0.00%) |     12       1     285      3 |    3.50        0.00
GET      /health                                                                          382     0(0.00%) |     13       1     323      3 |    1.60        0.00
--------|----------------------------------------------------------------------------|-------|-------------|-------|-------|-------|-------|--------|-----------
         Aggregated                                                                      4658     0(0.00%) |    339       1    2594    160 |   17.70        0.00

Type     Name                                                                          # reqs      # fails |    Avg     Min     Max    Med |   req/s  failures/s
--------|----------------------------------------------------------------------------|-------|-------------|-------|-------|-------|-------|--------|-----------
POST     /api/book                                                                       3600     0(0.00%) |    437      91    2594    220 |   12.00        0.00
GET      /api/concerts                                                                    705     0(0.00%) |     12       1     285      3 |    3.30        0.00
GET      /health                                                                          386     0(0.00%) |     13       1     323      3 |    1.50        0.00
--------|----------------------------------------------------------------------------|-------|-------------|-------|-------|-------|-------|--------|-----------
         Aggregated                                                                      4691     0(0.00%) |    338       1    2594    160 |   16.80        0.00

Type     Name                                                                          # reqs      # fails |    Avg     Min     Max    Med |   req/s  failures/s
--------|----------------------------------------------------------------------------|-------|-------------|-------|-------|-------|-------|--------|-----------
POST     /api/book                                                                       3622     0(0.00%) |    437      91    2594    220 |   12.20        0.00
GET      /api/concerts                                                                    711     0(0.00%) |     12       1     285      3 |    3.80        0.00
GET      /health                                                                          390     0(0.00%) |     13       1     323      3 |    1.70        0.00
--------|----------------------------------------------------------------------------|-------|-------------|-------|-------|-------|-------|--------|-----------
         Aggregated                                                                      4723     0(0.00%) |    338       1    2594    160 |   17.70        0.00

Type     Name                                                                          # reqs      # fails |    Avg     Min     Max    Med |   req/s  failures/s
--------|----------------------------------------------------------------------------|-------|-------------|-------|-------|-------|-------|--------|-----------
POST     /api/book                                                                       3645     0(0.00%) |    435      91    2594    220 |   11.60        0.00
GET      /api/concerts                                                                    714     0(0.00%) |     12       1     321      3 |    3.60        0.00
GET      /health                                                                          395     0(0.00%) |     13       1     323      3 |    2.00        0.00
--------|----------------------------------------------------------------------------|-------|-------------|-------|-------|-------|-------|--------|-----------
         Aggregated                                                                      4754     0(0.00%) |    337       1    2594    160 |   17.20        0.00

Type     Name                                                                          # reqs      # fails |    Avg     Min     Max    Med |   req/s  failures/s
--------|----------------------------------------------------------------------------|-------|-------------|-------|-------|-------|-------|--------|-----------
POST     /api/book                                                                       3677     0(0.00%) |    436      91    2594    220 |   12.20        0.00
GET      /api/concerts                                                                    720     0(0.00%) |     13       1     321      3 |    2.90        0.00
GET      /health                                                                          395     0(0.00%) |     13       1     323      3 |    2.00        0.00
--------|----------------------------------------------------------------------------|-------|-------------|-------|-------|-------|-------|--------|-----------
         Aggregated                                                                      4792     0(0.00%) |    337       1    2594    160 |   17.10        0.00

Type     Name                                                                          # reqs      # fails |    Avg     Min     Max    Med |   req/s  failures/s
--------|----------------------------------------------------------------------------|-------|-------------|-------|-------|-------|-------|--------|-----------
POST     /api/book                                                                       3698     0(0.00%) |    435      91    2594    220 |   12.20        0.00
GET      /api/concerts                                                                    728     0(0.00%) |     13       1     321      3 |    2.90        0.00
GET      /health                                                                          399     0(0.00%) |     13       1     323      3 |    1.80        0.00
--------|----------------------------------------------------------------------------|-------|-------------|-------|-------|-------|-------|--------|-----------
         Aggregated                                                                      4825     0(0.00%) |    337       1    2594    160 |   16.90        0.00

Type     Name                                                                          # reqs      # fails |    Avg     Min     Max    Med |   req/s  failures/s
--------|----------------------------------------------------------------------------|-------|-------------|-------|-------|-------|-------|--------|-----------
POST     /api/book                                                                       3727     0(0.00%) |    436      91    2594    220 |   12.80        0.00
GET      /api/concerts                                                                    731     0(0.00%) |     13       1     321      3 |    3.00        0.00
GET      /health                                                                          400     0(0.00%) |     13       1     323      3 |    1.60        0.00
--------|----------------------------------------------------------------------------|-------|-------------|-------|-------|-------|-------|--------|-----------
         Aggregated                                                                      4858     0(0.00%) |    338       1    2594    160 |   17.40        0.00

Type     Name                                                                          # reqs      # fails |    Avg     Min     Max    Med |   req/s  failures/s
--------|----------------------------------------------------------------------------|-------|-------------|-------|-------|-------|-------|--------|-----------
POST     /api/book                                                                       3755     0(0.00%) |    436      91    2594    220 |   12.30        0.00
GET      /api/concerts                                                                    737     0(0.00%) |     13       1     321      3 |    2.60        0.00
GET      /health                                                                          403     0(0.00%) |     13       1     323      3 |    1.60        0.00
--------|----------------------------------------------------------------------------|-------|-------------|-------|-------|-------|-------|--------|-----------
         Aggregated                                                                      4895     0(0.00%) |    338       1    2594    160 |   16.50        0.00

Type     Name                                                                          # reqs      # fails |    Avg     Min     Max    Med |   req/s  failures/s
--------|----------------------------------------------------------------------------|-------|-------------|-------|-------|-------|-------|--------|-----------
POST     /api/book                                                                       3779     0(0.00%) |    435      91    2594    220 |   13.40        0.00
GET      /api/concerts                                                                    744     0(0.00%) |     12       1     321      3 |    2.40        0.00
GET      /health                                                                          404     0(0.00%) |     13       1     323      3 |    1.30        0.00
--------|----------------------------------------------------------------------------|-------|-------------|-------|-------|-------|-------|--------|-----------
         Aggregated                                                                      4927     0(0.00%) |    337       1    2594    160 |   17.10        0.00

Type     Name                                                                          # reqs      # fails |    Avg     Min     Max    Med |   req/s  failures/s
--------|----------------------------------------------------------------------------|-------|-------------|-------|-------|-------|-------|--------|-----------
POST     /api/book                                                                       3805     0(0.00%) |    434      91    2594    220 |   13.00        0.00
GET      /api/concerts                                                                    757     0(0.00%) |     13       1     321      3 |    2.80        0.00
GET      /health                                                                          406     0(0.00%) |     13       1     323      3 |    1.00        0.00
--------|----------------------------------------------------------------------------|-------|-------------|-------|-------|-------|-------|--------|-----------
         Aggregated                                                                      4968     0(0.00%) |    336       1    2594    160 |   16.80        0.00

Type     Name                                                                          # reqs      # fails |    Avg     Min     Max    Med |   req/s  failures/s
--------|----------------------------------------------------------------------------|-------|-------------|-------|-------|-------|-------|--------|-----------
POST     /api/book                                                                       3826     0(0.00%) |    433      91    2594    220 |   13.30        0.00
GET      /api/concerts                                                                    762     0(0.00%) |     13       1     321      3 |    3.30        0.00
GET      /health                                                                          409     0(0.00%) |     13       1     323      3 |    0.90        0.00
--------|----------------------------------------------------------------------------|-------|-------------|-------|-------|-------|-------|--------|-----------
         Aggregated                                                                      4997     0(0.00%) |    335       1    2594    160 |   17.50        0.00

Type     Name                                                                          # reqs      # fails |    Avg     Min     Max    Med |   req/s  failures/s
--------|----------------------------------------------------------------------------|-------|-------------|-------|-------|-------|-------|--------|-----------
POST     /api/book                                                                       3854     0(0.00%) |    434      91    2594    220 |   12.70        0.00
GET      /api/concerts                                                                    764     0(0.00%) |     13       1     321      3 |    3.70        0.00
GET      /health                                                                          412     0(0.00%) |     13       1     323      3 |    1.20        0.00
--------|----------------------------------------------------------------------------|-------|-------------|-------|-------|-------|-------|--------|-----------
         Aggregated                                                                      5030     0(0.00%) |    336       1    2594    160 |   17.60        0.00

Type     Name                                                                          # reqs      # fails |    Avg     Min     Max    Med |   req/s  failures/s
--------|----------------------------------------------------------------------------|-------|-------------|-------|-------|-------|-------|--------|-----------
POST     /api/book                                                                       3884     0(0.00%) |    436      91    2594    220 |   12.50        0.00
GET      /api/concerts                                                                    769     0(0.00%) |     13       1     321      3 |    3.40        0.00
GET      /health                                                                          412     0(0.00%) |     13       1     323      3 |    1.30        0.00
--------|----------------------------------------------------------------------------|-------|-------------|-------|-------|-------|-------|--------|-----------
         Aggregated                                                                      5065     0(0.00%) |    337       1    2594    160 |   17.20        0.00

Type     Name                                                                          # reqs      # fails |    Avg     Min     Max    Med |   req/s  failures/s
--------|----------------------------------------------------------------------------|-------|-------------|-------|-------|-------|-------|--------|-----------
POST     /api/book                                                                       3911     0(0.00%) |    436      91    2594    220 |   12.80        0.00
GET      /api/concerts                                                                    775     0(0.00%) |     13       1     321      3 |    3.30        0.00
GET      /health                                                                          413     0(0.00%) |     13       1     323      3 |    1.00        0.00
--------|----------------------------------------------------------------------------|-------|-------------|-------|-------|-------|-------|--------|-----------
         Aggregated                                                                      5099     0(0.00%) |    337       1    2594    160 |   17.10        0.00

Type     Name                                                                          # reqs      # fails |    Avg     Min     Max    Med |   req/s  failures/s
--------|----------------------------------------------------------------------------|-------|-------------|-------|-------|-------|-------|--------|-----------
POST     /api/book                                                                       3935     0(0.00%) |    436      91    2594    220 |   12.70        0.00
GET      /api/concerts                                                                    781     0(0.00%) |     13       1     321      3 |    3.20        0.00
GET      /health                                                                          416     0(0.00%) |     13       1     323      3 |    0.80        0.00
--------|----------------------------------------------------------------------------|-------|-------------|-------|-------|-------|-------|--------|-----------
         Aggregated                                                                      5132     0(0.00%) |    337       1    2594    160 |   16.70        0.00

Type     Name                                                                          # reqs      # fails |    Avg     Min     Max    Med |   req/s  failures/s
--------|----------------------------------------------------------------------------|-------|-------------|-------|-------|-------|-------|--------|-----------
POST     /api/book                                                                       3960     0(0.00%) |    435      91    2594    220 |   13.00        0.00
GET      /api/concerts                                                                    785     0(0.00%) |     13       1     321      3 |    2.70        0.00
GET      /health                                                                          416     0(0.00%) |     13       1     323      3 |    1.10        0.00
--------|----------------------------------------------------------------------------|-------|-------------|-------|-------|-------|-------|--------|-----------
         Aggregated                                                                      5161     0(0.00%) |    337       1    2594    160 |   16.80        0.00

Type     Name                                                                          # reqs      # fails |    Avg     Min     Max    Med |   req/s  failures/s
--------|----------------------------------------------------------------------------|-------|-------------|-------|-------|-------|-------|--------|-----------
POST     /api/book                                                                       3989     0(0.00%) |    438      91    2594    220 |   13.00        0.00
GET      /api/concerts                                                                    791     0(0.00%) |     13       1     321      3 |    2.30        0.00
GET      /health                                                                          420     0(0.00%) |     13       1     323      3 |    0.80        0.00
--------|----------------------------------------------------------------------------|-------|-------------|-------|-------|-------|-------|--------|-----------
         Aggregated                                                                      5200     0(0.00%) |    339       1    2594    160 |   16.10        0.00

Type     Name                                                                          # reqs      # fails |    Avg     Min     Max    Med |   req/s  failures/s
--------|----------------------------------------------------------------------------|-------|-------------|-------|-------|-------|-------|--------|-----------
POST     /api/book                                                                       4015     0(0.00%) |    436      91    2594    220 |   13.90        0.00
GET      /api/concerts                                                                    800     0(0.00%) |     12       1     321      3 |    2.40        0.00
GET      /health                                                                          422     0(0.00%) |     13       1     323      3 |    0.50        0.00
--------|----------------------------------------------------------------------------|-------|-------------|-------|-------|-------|-------|--------|-----------
         Aggregated                                                                      5237     0(0.00%) |    337       1    2594    160 |   16.80        0.00

Type     Name                                                                          # reqs      # fails |    Avg     Min     Max    Med |   req/s  failures/s
--------|----------------------------------------------------------------------------|-------|-------------|-------|-------|-------|-------|--------|-----------
POST     /api/book                                                                       4035     0(0.00%) |    435      91    2594    220 |   12.80        0.00
GET      /api/concerts                                                                    808     0(0.00%) |     12       1     321      3 |    3.20        0.00
GET      /health                                                                          428     0(0.00%) |     13       1     323      3 |    1.00        0.00
--------|----------------------------------------------------------------------------|-------|-------------|-------|-------|-------|-------|--------|-----------
         Aggregated                                                                      5271     0(0.00%) |    336       1    2594    160 |   17.00        0.00

Type     Name                                                                          # reqs      # fails |    Avg     Min     Max    Med |   req/s  failures/s
--------|----------------------------------------------------------------------------|-------|-------------|-------|-------|-------|-------|--------|-----------
POST     /api/book                                                                       4061     0(0.00%) |    437      91    2594    220 |   13.00        0.00
GET      /api/concerts                                                                    816     0(0.00%) |     12       1     321      3 |    3.10        0.00
GET      /health                                                                          430     0(0.00%) |     13       1     323      3 |    1.40        0.00
--------|----------------------------------------------------------------------------|-------|-------------|-------|-------|-------|-------|--------|-----------
         Aggregated                                                                      5307     0(0.00%) |    337       1    2594    160 |   17.50        0.00

Type     Name                                                                          # reqs      # fails |    Avg     Min     Max    Med |   req/s  failures/s
--------|----------------------------------------------------------------------------|-------|-------------|-------|-------|-------|-------|--------|-----------
POST     /api/book                                                                       4080     0(0.00%) |    436      91    2594    220 |   12.20        0.00
GET      /api/concerts                                                                    825     0(0.00%) |     12       1     321      3 |    3.60        0.00
GET      /health                                                                          433     0(0.00%) |     13       1     323      3 |    1.30        0.00
--------|----------------------------------------------------------------------------|-------|-------------|-------|-------|-------|-------|--------|-----------
         Aggregated                                                                      5338     0(0.00%) |    336       1    2594    160 |   17.10        0.00

Type     Name                                                                          # reqs      # fails |    Avg     Min     Max    Med |   req/s  failures/s
--------|----------------------------------------------------------------------------|-------|-------------|-------|-------|-------|-------|--------|-----------
POST     /api/book                                                                       4109     0(0.00%) |    437      91    2594    220 |   12.50        0.00
GET      /api/concerts                                                                    829     0(0.00%) |     12       1     321      3 |    3.60        0.00
GET      /health                                                                          437     0(0.00%) |     13       1     323      3 |    1.50        0.00
--------|----------------------------------------------------------------------------|-------|-------------|-------|-------|-------|-------|--------|-----------
         Aggregated                                                                      5375     0(0.00%) |    337       1    2594    160 |   17.60        0.00

Type     Name                                                                          # reqs      # fails |    Avg     Min     Max    Med |   req/s  failures/s
--------|----------------------------------------------------------------------------|-------|-------------|-------|-------|-------|-------|--------|-----------
POST     /api/book                                                                       4134     0(0.00%) |    436      91    2594    220 |   12.10        0.00
GET      /api/concerts                                                                    833     0(0.00%) |     12       1     321      3 |    3.90        0.00
GET      /health                                                                          438     0(0.00%) |     13       1     323      3 |    1.80        0.00
--------|----------------------------------------------------------------------------|-------|-------------|-------|-------|-------|-------|--------|-----------
         Aggregated                                                                      5405     0(0.00%) |    337       1    2594    160 |   17.80        0.00

Type     Name                                                                          # reqs      # fails |    Avg     Min     Max    Med |   req/s  failures/s
--------|----------------------------------------------------------------------------|-------|-------------|-------|-------|-------|-------|--------|-----------
POST     /api/book                                                                       4161     0(0.00%) |    436      91    2594    220 |   12.30        0.00
GET      /api/concerts                                                                    835     0(0.00%) |     12       1     321      3 |    3.20        0.00
GET      /health                                                                          443     0(0.00%) |     13       1     323      3 |    1.50        0.00
--------|----------------------------------------------------------------------------|-------|-------------|-------|-------|-------|-------|--------|-----------
         Aggregated                                                                      5439     0(0.00%) |    337       1    2594    160 |   17.00        0.00

Type     Name                                                                          # reqs      # fails |    Avg     Min     Max    Med |   req/s  failures/s
--------|----------------------------------------------------------------------------|-------|-------------|-------|-------|-------|-------|--------|-----------
POST     /api/book                                                                       4184     0(0.00%) |    436      91    2594    220 |   12.40        0.00
GET      /api/concerts                                                                    840     0(0.00%) |     12       1     321      3 |    2.90        0.00
GET      /health                                                                          446     0(0.00%) |     13       1     323      3 |    1.40        0.00
--------|----------------------------------------------------------------------------|-------|-------------|-------|-------|-------|-------|--------|-----------
         Aggregated                                                                      5470     0(0.00%) |    336       1    2594    160 |   16.70        0.00

Type     Name                                                                          # reqs      # fails |    Avg     Min     Max    Med |   req/s  failures/s
--------|----------------------------------------------------------------------------|-------|-------------|-------|-------|-------|-------|--------|-----------
POST     /api/book                                                                       4214     0(0.00%) |    438      91    2594    220 |   12.20        0.00
GET      /api/concerts                                                                    849     0(0.00%) |     12       1     321      3 |    2.40        0.00
GET      /health                                                                          447     0(0.00%) |     13       1     323      3 |    1.70        0.00
--------|----------------------------------------------------------------------------|-------|-------------|-------|-------|-------|-------|--------|-----------
         Aggregated                                                                      5510     0(0.00%) |    338       1    2594    160 |   16.30        0.00

Type     Name                                                                          # reqs      # fails |    Avg     Min     Max    Med |   req/s  failures/s
--------|----------------------------------------------------------------------------|-------|-------------|-------|-------|-------|-------|--------|-----------
POST     /api/book                                                                       4234     0(0.00%) |    437      91    2594    220 |   12.80        0.00
GET      /api/concerts                                                                    853     0(0.00%) |     12       1     321      3 |    2.50        0.00
GET      /health                                                                          449     0(0.00%) |     13       1     323      3 |    1.50        0.00
--------|----------------------------------------------------------------------------|-------|-------------|-------|-------|-------|-------|--------|-----------
         Aggregated                                                                      5536     0(0.00%) |    337       1    2594    160 |   16.80        0.00

Type     Name                                                                          # reqs      # fails |    Avg     Min     Max    Med |   req/s  failures/s
--------|----------------------------------------------------------------------------|-------|-------------|-------|-------|-------|-------|--------|-----------
POST     /api/book                                                                       4264     0(0.00%) |    440      91    2594    220 |   12.50        0.00
GET      /api/concerts                                                                    858     0(0.00%) |     13       1     321      3 |    2.20        0.00
GET      /health                                                                          451     0(0.00%) |     13       1     323      3 |    1.40        0.00
--------|----------------------------------------------------------------------------|-------|-------------|-------|-------|-------|-------|--------|-----------
         Aggregated                                                                      5573     0(0.00%) |    340       1    2594    160 |   16.10        0.00

Type     Name                                                                          # reqs      # fails |    Avg     Min     Max    Med |   req/s  failures/s
--------|----------------------------------------------------------------------------|-------|-------------|-------|-------|-------|-------|--------|-----------
POST     /api/book                                                                       4288     0(0.00%) |    439      91    2594    220 |   12.30        0.00
GET      /api/concerts                                                                    863     0(0.00%) |     13       1     321      3 |    2.30        0.00
GET      /health                                                                          453     0(0.00%) |     13       1     323      3 |    1.40        0.00
--------|----------------------------------------------------------------------------|-------|-------------|-------|-------|-------|-------|--------|-----------
         Aggregated                                                                      5604     0(0.00%) |    339       1    2594    160 |   16.00        0.00

Type     Name                                                                          # reqs      # fails |    Avg     Min     Max    Med |   req/s  failures/s
--------|----------------------------------------------------------------------------|-------|-------------|-------|-------|-------|-------|--------|-----------
POST     /api/book                                                                       4308     0(0.00%) |    439      91    2594    220 |   12.40        0.00
GET      /api/concerts                                                                    867     0(0.00%) |     12       1     321      3 |    3.00        0.00
GET      /health                                                                          457     0(0.00%) |     13       1     323      3 |    1.20        0.00
--------|----------------------------------------------------------------------------|-------|-------------|-------|-------|-------|-------|--------|-----------
         Aggregated                                                                      5632     0(0.00%) |    339       1    2594    160 |   16.60        0.00

Type     Name                                                                          # reqs      # fails |    Avg     Min     Max    Med |   req/s  failures/s
--------|----------------------------------------------------------------------------|-------|-------------|-------|-------|-------|-------|--------|-----------
POST     /api/book                                                                       4336     0(0.00%) |    441      91    2594    220 |   12.80        0.00
GET      /api/concerts                                                                    873     0(0.00%) |     12       1     321      3 |    2.80        0.00
GET      /health                                                                          460     0(0.00%) |     13       1     323      3 |    1.10        0.00
--------|----------------------------------------------------------------------------|-------|-------------|-------|-------|-------|-------|--------|-----------
         Aggregated                                                                      5669     0(0.00%) |    341       1    2594    160 |   16.70        0.00

Type     Name                                                                          # reqs      # fails |    Avg     Min     Max    Med |   req/s  failures/s
--------|----------------------------------------------------------------------------|-------|-------------|-------|-------|-------|-------|--------|-----------
POST     /api/book                                                                       4359     0(0.00%) |    441      91    2594    220 |   12.10        0.00
GET      /api/concerts                                                                    876     0(0.00%) |     12       1     321      3 |    2.60        0.00
GET      /health                                                                          462     0(0.00%) |     13       1     323      3 |    1.40        0.00
--------|----------------------------------------------------------------------------|-------|-------------|-------|-------|-------|-------|--------|-----------
         Aggregated                                                                      5697     0(0.00%) |    340       1    2594    160 |   16.10        0.00

Type     Name                                                                          # reqs      # fails |    Avg     Min     Max    Med |   req/s  failures/s
--------|----------------------------------------------------------------------------|-------|-------------|-------|-------|-------|-------|--------|-----------
POST     /api/book                                                                       4387     0(0.00%) |    443      91    2594    220 |   12.40        0.00
GET      /api/concerts                                                                    878     0(0.00%) |     12       1     321      3 |    2.50        0.00
GET      /health                                                                          467     0(0.00%) |     13       1     323      3 |    1.20        0.00
--------|----------------------------------------------------------------------------|-------|-------------|-------|-------|-------|-------|--------|-----------
         Aggregated                                                                      5732     0(0.00%) |    342       1    2594    160 |   16.10        0.00

Type     Name                                                                          # reqs      # fails |    Avg     Min     Max    Med |   req/s  failures/s
--------|----------------------------------------------------------------------------|-------|-------------|-------|-------|-------|-------|--------|-----------
POST     /api/book                                                                       4416     0(0.00%) |    441      91    2594    220 |   13.00        0.00
GET      /api/concerts                                                                    886     0(0.00%) |     12       1     321      3 |    2.20        0.00
GET      /health                                                                          467     0(0.00%) |     13       1     323      3 |    1.50        0.00
--------|----------------------------------------------------------------------------|-------|-------------|-------|-------|-------|-------|--------|-----------
         Aggregated                                                                      5769     0(0.00%) |    341       1    2594    160 |   16.70        0.00

Type     Name                                                                          # reqs      # fails |    Avg     Min     Max    Med |   req/s  failures/s
--------|----------------------------------------------------------------------------|-------|-------------|-------|-------|-------|-------|--------|-----------
POST     /api/book                                                                       4441     0(0.00%) |    441      91    2594    220 |   13.00        0.00
GET      /api/concerts                                                                    890     0(0.00%) |     12       1     321      3 |    2.00        0.00
GET      /health                                                                          470     0(0.00%) |     13       1     323      3 |    1.50        0.00
--------|----------------------------------------------------------------------------|-------|-------------|-------|-------|-------|-------|--------|-----------
         Aggregated                                                                      5801     0(0.00%) |    340       1    2594    160 |   16.50        0.00

Type     Name                                                                          # reqs      # fails |    Avg     Min     Max    Med |   req/s  failures/s
--------|----------------------------------------------------------------------------|-------|-------------|-------|-------|-------|-------|--------|-----------
POST     /api/book                                                                       4469     0(0.00%) |    441      91    2594    220 |   12.90        0.00
GET      /api/concerts                                                                    894     0(0.00%) |     12       1     321      3 |    2.20        0.00
GET      /health                                                                          471     0(0.00%) |     13       1     323      3 |    1.30        0.00
--------|----------------------------------------------------------------------------|-------|-------------|-------|-------|-------|-------|--------|-----------
         Aggregated                                                                      5834     0(0.00%) |    341       1    2594    160 |   16.40        0.00

Type     Name                                                                          # reqs      # fails |    Avg     Min     Max    Med |   req/s  failures/s
--------|----------------------------------------------------------------------------|-------|-------------|-------|-------|-------|-------|--------|-----------
POST     /api/book                                                                       4494     0(0.00%) |    441      91    2594    220 |   13.70        0.00
GET      /api/concerts                                                                    900     0(0.00%) |     12       1     321      3 |    2.00        0.00
GET      /health                                                                          473     0(0.00%) |     13       1     323      3 |    1.00        0.00
--------|----------------------------------------------------------------------------|-------|-------------|-------|-------|-------|-------|--------|-----------
         Aggregated                                                                      5867     0(0.00%) |    341       1    2594    160 |   16.70        0.00

Type     Name                                                                          # reqs      # fails |    Avg     Min     Max    Med |   req/s  failures/s
--------|----------------------------------------------------------------------------|-------|-------------|-------|-------|-------|-------|--------|-----------
POST     /api/book                                                                       4519     0(0.00%) |    440      91    2594    220 |   13.70        0.00
GET      /api/concerts                                                                    913     0(0.00%) |     12       1     321      3 |    2.40        0.00
GET      /health                                                                          476     0(0.00%) |     13       1     323      3 |    1.10        0.00
--------|----------------------------------------------------------------------------|-------|-------------|-------|-------|-------|-------|--------|-----------
         Aggregated                                                                      5908     0(0.00%) |    340       1    2594    160 |   17.20        0.00

Type     Name                                                                          # reqs      # fails |    Avg     Min     Max    Med |   req/s  failures/s
--------|----------------------------------------------------------------------------|-------|-------------|-------|-------|-------|-------|--------|-----------
POST     /api/book                                                                       4540     0(0.00%) |    440      91    2594    220 |   13.00        0.00
GET      /api/concerts                                                                    918     0(0.00%) |     12       1     321      3 |    3.20        0.00
GET      /health                                                                          483     0(0.00%) |     13       1     323      3 |    0.90        0.00
--------|----------------------------------------------------------------------------|-------|-------------|-------|-------|-------|-------|--------|-----------
         Aggregated                                                                      5941     0(0.00%) |    339       1    2594    160 |   17.10        0.00

Type     Name                                                                          # reqs      # fails |    Avg     Min     Max    Med |   req/s  failures/s
--------|----------------------------------------------------------------------------|-------|-------------|-------|-------|-------|-------|--------|-----------
POST     /api/book                                                                       4567     0(0.00%) |    439      91    2594    220 |   12.40        0.00
GET      /api/concerts                                                                    920     0(0.00%) |     12       1     321      3 |    3.20        0.00
GET      /health                                                                          489     0(0.00%) |     13       1     323      3 |    1.40        0.00
--------|----------------------------------------------------------------------------|-------|-------------|-------|-------|-------|-------|--------|-----------
         Aggregated                                                                      5976     0(0.00%) |    339       1    2594    160 |   17.00        0.00

Type     Name                                                                          # reqs      # fails |    Avg     Min     Max    Med |   req/s  failures/s
--------|----------------------------------------------------------------------------|-------|-------------|-------|-------|-------|-------|--------|-----------
POST     /api/book                                                                       4588     0(0.00%) |    439      91    2594    220 |   13.00        0.00
GET      /api/concerts                                                                    927     0(0.00%) |     12       1     321      3 |    2.90        0.00
GET      /health                                                                          490     0(0.00%) |     13       1     323      3 |    1.80        0.00
--------|----------------------------------------------------------------------------|-------|-------------|-------|-------|-------|-------|--------|-----------
         Aggregated                                                                      6005     0(0.00%) |    338       1    2594    160 |   17.70        0.00

Type     Name                                                                          # reqs      # fails |    Avg     Min     Max    Med |   req/s  failures/s
--------|----------------------------------------------------------------------------|-------|-------------|-------|-------|-------|-------|--------|-----------
POST     /api/book                                                                       4615     0(0.00%) |    440      91    2594    220 |   12.10        0.00
GET      /api/concerts                                                                    929     0(0.00%) |     12       1     321      3 |    3.20        0.00
GET      /health                                                                          494     0(0.00%) |     13       1     323      3 |    1.90        0.00
--------|----------------------------------------------------------------------------|-------|-------------|-------|-------|-------|-------|--------|-----------
         Aggregated                                                                      6038     0(0.00%) |    339       1    2594    160 |   17.20        0.00

Type     Name                                                                          # reqs      # fails |    Avg     Min     Max    Med |   req/s  failures/s
--------|----------------------------------------------------------------------------|-------|-------------|-------|-------|-------|-------|--------|-----------
POST     /api/book                                                                       4645     0(0.00%) |    440      91    2594    220 |   12.10        0.00
GET      /api/concerts                                                                    931     0(0.00%) |     12       1     321      3 |    3.10        0.00
GET      /health                                                                          495     0(0.00%) |     13       1     323      3 |    2.00        0.00
--------|----------------------------------------------------------------------------|-------|-------------|-------|-------|-------|-------|--------|-----------
         Aggregated                                                                      6071     0(0.00%) |    340       1    2594    160 |   17.20        0.00

Type     Name                                                                          # reqs      # fails |    Avg     Min     Max    Med |   req/s  failures/s
--------|----------------------------------------------------------------------------|-------|-------------|-------|-------|-------|-------|--------|-----------
POST     /api/book                                                                       4674     0(0.00%) |    442      91    2594    220 |   12.40        0.00
GET      /api/concerts                                                                    939     0(0.00%) |     12       1     321      3 |    2.20        0.00
GET      /health                                                                          496     0(0.00%) |     13       1     323      3 |    1.90        0.00
--------|----------------------------------------------------------------------------|-------|-------------|-------|-------|-------|-------|--------|-----------
         Aggregated                                                                      6109     0(0.00%) |    341       1    2594    160 |   16.50        0.00

Type     Name                                                                          # reqs      # fails |    Avg     Min     Max    Med |   req/s  failures/s
--------|----------------------------------------------------------------------------|-------|-------------|-------|-------|-------|-------|--------|-----------
POST     /api/book                                                                       4698     0(0.00%) |    441      91    2594    220 |   13.10        0.00
GET      /api/concerts                                                                    941     0(0.00%) |     12       1     321      3 |    2.10        0.00
GET      /health                                                                          500     0(0.00%) |     13       1     323      3 |    1.40        0.00
--------|----------------------------------------------------------------------------|-------|-------------|-------|-------|-------|-------|--------|-----------
         Aggregated                                                                      6139     0(0.00%) |    341       1    2594    160 |   16.60        0.00

Type     Name                                                                          # reqs      # fails |    Avg     Min     Max    Med |   req/s  failures/s
--------|----------------------------------------------------------------------------|-------|-------------|-------|-------|-------|-------|--------|-----------
POST     /api/book                                                                       4723     0(0.00%) |    442      91    2594    220 |   12.80        0.00
GET      /api/concerts                                                                    946     0(0.00%) |     12       1     321      3 |    2.20        0.00
GET      /health                                                                          501     0(0.00%) |     13       1     323      3 |    1.30        0.00
--------|----------------------------------------------------------------------------|-------|-------------|-------|-------|-------|-------|--------|-----------
         Aggregated                                                                      6170     0(0.00%) |    341       1    2594    160 |   16.30        0.00

Type     Name                                                                          # reqs      # fails |    Avg     Min     Max    Med |   req/s  failures/s
--------|----------------------------------------------------------------------------|-------|-------------|-------|-------|-------|-------|--------|-----------
POST     /api/book                                                                       4761     0(0.00%) |    442      91    2594    220 |   13.20        0.00
GET      /api/concerts                                                                    950     0(0.00%) |     12       1     321      3 |    1.90        0.00
GET      /health                                                                          505     0(0.00%) |     13       1     323      3 |    1.20        0.00
--------|----------------------------------------------------------------------------|-------|-------------|-------|-------|-------|-------|--------|-----------
         Aggregated                                                                      6216     0(0.00%) |    341       1    2594    160 |   16.30        0.00

Type     Name                                                                          # reqs      # fails |    Avg     Min     Max    Med |   req/s  failures/s
--------|----------------------------------------------------------------------------|-------|-------------|-------|-------|-------|-------|--------|-----------
POST     /api/book                                                                       4786     0(0.00%) |    441      91    2594    220 |   14.00        0.00
GET      /api/concerts                                                                    954     0(0.00%) |     12       1     321      3 |    2.10        0.00
GET      /health                                                                          508     0(0.00%) |     13       1     323      3 |    1.10        0.00
--------|----------------------------------------------------------------------------|-------|-------------|-------|-------|-------|-------|--------|-----------
         Aggregated                                                                      6248     0(0.00%) |    341       1    2594    160 |   17.20        0.00

Type     Name                                                                          # reqs      # fails |    Avg     Min     Max    Med |   req/s  failures/s
--------|----------------------------------------------------------------------------|-------|-------------|-------|-------|-------|-------|--------|-----------
POST     /api/book                                                                       4813     0(0.00%) |    440      91    2594    220 |   14.50        0.00
GET      /api/concerts                                                                    959     0(0.00%) |     12       1     321      3 |    2.20        0.00
GET      /health                                                                          509     0(0.00%) |     13       1     323      3 |    1.30        0.00
--------|----------------------------------------------------------------------------|-------|-------------|-------|-------|-------|-------|--------|-----------
         Aggregated                                                                      6281     0(0.00%) |    340       1    2594    160 |   18.00        0.00

Type     Name                                                                          # reqs      # fails |    Avg     Min     Max    Med |   req/s  failures/s
--------|----------------------------------------------------------------------------|-------|-------------|-------|-------|-------|-------|--------|-----------
POST     /api/book                                                                       4835     0(0.00%) |    440      91    2594    220 |   14.00        0.00
GET      /api/concerts                                                                    961     0(0.00%) |     12       1     321      3 |    2.10        0.00
GET      /health                                                                          511     0(0.00%) |     13       1     323      3 |    1.40        0.00
--------|----------------------------------------------------------------------------|-------|-------------|-------|-------|-------|-------|--------|-----------
         Aggregated                                                                      6307     0(0.00%) |    340       1    2594    160 |   17.50        0.00

Type     Name                                                                          # reqs      # fails |    Avg     Min     Max    Med |   req/s  failures/s
--------|----------------------------------------------------------------------------|-------|-------------|-------|-------|-------|-------|--------|-----------
POST     /api/book                                                                       4866     0(0.00%) |    444      91    3028    220 |   14.30        0.00
GET      /api/concerts                                                                    966     0(0.00%) |     12       1     321      3 |    2.00        0.00
GET      /health                                                                          512     0(0.00%) |     13       1     323      3 |    0.90        0.00
--------|----------------------------------------------------------------------------|-------|-------------|-------|-------|-------|-------|--------|-----------
         Aggregated                                                                      6344     0(0.00%) |    343       1    3028    160 |   17.20        0.00

Type     Name                                                                          # reqs      # fails |    Avg     Min     Max    Med |   req/s  failures/s
--------|----------------------------------------------------------------------------|-------|-------------|-------|-------|-------|-------|--------|-----------
POST     /api/book                                                                       4886     0(0.00%) |    443      91    3028    220 |   13.90        0.00
GET      /api/concerts                                                                    970     0(0.00%) |     12       1     321      3 |    2.20        0.00
GET      /health                                                                          515     0(0.00%) |     13       1     323      3 |    1.10        0.00
--------|----------------------------------------------------------------------------|-------|-------------|-------|-------|-------|-------|--------|-----------
         Aggregated                                                                      6371     0(0.00%) |    343       1    3028    160 |   17.20        0.00

Type     Name                                                                          # reqs      # fails |    Avg     Min     Max    Med |   req/s  failures/s
--------|----------------------------------------------------------------------------|-------|-------------|-------|-------|-------|-------|--------|-----------
POST     /api/book                                                                       4916     0(0.00%) |    445      91    3028    220 |   12.90        0.00
GET      /api/concerts                                                                    972     0(0.00%) |     12       1     321      3 |    1.90        0.00
GET      /health                                                                          519     0(0.00%) |     13       1     323      3 |    1.00        0.00
--------|----------------------------------------------------------------------------|-------|-------------|-------|-------|-------|-------|--------|-----------
         Aggregated                                                                      6407     0(0.00%) |    344       1    3028    160 |   15.80        0.00

Type     Name                                                                          # reqs      # fails |    Avg     Min     Max    Med |   req/s  failures/s
--------|----------------------------------------------------------------------------|-------|-------------|-------|-------|-------|-------|--------|-----------
POST     /api/book                                                                       4945     0(0.00%) |    445      91    3028    220 |   12.60        0.00
GET      /api/concerts                                                                    976     0(0.00%) |     12       1     321      3 |    1.90        0.00
GET      /health                                                                          520     0(0.00%) |     13       1     323      3 |    1.10        0.00
--------|----------------------------------------------------------------------------|-------|-------------|-------|-------|-------|-------|--------|-----------
         Aggregated                                                                      6441     0(0.00%) |    344       1    3028    160 |   15.60        0.00

Type     Name                                                                          # reqs      # fails |    Avg     Min     Max    Med |   req/s  failures/s
--------|----------------------------------------------------------------------------|-------|-------------|-------|-------|-------|-------|--------|-----------
POST     /api/book                                                                       4969     0(0.00%) |    444      91    3028    220 |   13.40        0.00
GET      /api/concerts                                                                    983     0(0.00%) |     12       1     321      3 |    1.80        0.00
GET      /health                                                                          526     0(0.00%) |     13       1     323      3 |    1.10        0.00
--------|----------------------------------------------------------------------------|-------|-------------|-------|-------|-------|-------|--------|-----------
         Aggregated                                                                      6478     0(0.00%) |    343       1    3028    160 |   16.30        0.00

Type     Name                                                                          # reqs      # fails |    Avg     Min     Max    Med |   req/s  failures/s
--------|----------------------------------------------------------------------------|-------|-------------|-------|-------|-------|-------|--------|-----------
POST     /api/book                                                                       4988     0(0.00%) |    445      91    3028    220 |   12.80        0.00
GET      /api/concerts                                                                    987     0(0.00%) |     12       1     321      3 |    2.00        0.00
GET      /health                                                                          528     0(0.00%) |     13       1     323      3 |    1.30        0.00
--------|----------------------------------------------------------------------------|-------|-------------|-------|-------|-------|-------|--------|-----------
         Aggregated                                                                      6503     0(0.00%) |    344       1    3028    160 |   16.10        0.00

Type     Name                                                                          # reqs      # fails |    Avg     Min     Max    Med |   req/s  failures/s
--------|----------------------------------------------------------------------------|-------|-------------|-------|-------|-------|-------|--------|-----------
POST     /api/book                                                                       5015     0(0.00%) |    447      91    3028    220 |   12.80        0.00
GET      /api/concerts                                                                    995     0(0.00%) |     12       1     321      3 |    2.20        0.00
GET      /health                                                                          533     0(0.00%) |     12       1     323      3 |    1.50        0.00
--------|----------------------------------------------------------------------------|-------|-------------|-------|-------|-------|-------|--------|-----------
         Aggregated                                                                      6543     0(0.00%) |    345       1    3028    160 |   16.50        0.00

Type     Name                                                                          # reqs      # fails |    Avg     Min     Max    Med |   req/s  failures/s
--------|----------------------------------------------------------------------------|-------|-------------|-------|-------|-------|-------|--------|-----------
POST     /api/book                                                                       5031     0(0.00%) |    446      91    3028    220 |   12.90        0.00
GET      /api/concerts                                                                   1001     0(0.00%) |     12       1     321      3 |    2.10        0.00
GET      /health                                                                          536     0(0.00%) |     13       1     323      3 |    1.80        0.00
--------|----------------------------------------------------------------------------|-------|-------------|-------|-------|-------|-------|--------|-----------
         Aggregated                                                                      6568     0(0.00%) |    345       1    3028    160 |   16.80        0.00

Type     Name                                                                          # reqs      # fails |    Avg     Min     Max    Med |   req/s  failures/s
--------|----------------------------------------------------------------------------|-------|-------------|-------|-------|-------|-------|--------|-----------
POST     /api/book                                                                       5064     0(0.00%) |    446      91    3028    220 |   12.40        0.00
GET      /api/concerts                                                                   1006     0(0.00%) |     12       1     321      3 |    2.90        0.00
GET      /health                                                                          536     0(0.00%) |     13       1     323      3 |    1.80        0.00
--------|----------------------------------------------------------------------------|-------|-------------|-------|-------|-------|-------|--------|-----------
         Aggregated                                                                      6606     0(0.00%) |    345       1    3028    160 |   17.10        0.00

Type     Name                                                                          # reqs      # fails |    Avg     Min     Max    Med |   req/s  failures/s
--------|----------------------------------------------------------------------------|-------|-------------|-------|-------|-------|-------|--------|-----------
POST     /api/book                                                                       5092     0(0.00%) |    445      91    3028    220 |   11.80        0.00
GET      /api/concerts                                                                   1012     0(0.00%) |     12       1     321      3 |    2.80        0.00
GET      /health                                                                          539     0(0.00%) |     13       1     323      3 |    1.60        0.00
--------|----------------------------------------------------------------------------|-------|-------------|-------|-------|-------|-------|--------|-----------
         Aggregated                                                                      6643     0(0.00%) |    344       1    3028    160 |   16.20        0.00

Type     Name                                                                          # reqs      # fails |    Avg     Min     Max    Med |   req/s  failures/s
--------|----------------------------------------------------------------------------|-------|-------------|-------|-------|-------|-------|--------|-----------
POST     /api/book                                                                       5118     0(0.00%) |    444      91    3028    220 |   12.10        0.00
GET      /api/concerts                                                                   1015     0(0.00%) |     12       1     321      3 |    3.10        0.00
GET      /health                                                                          541     0(0.00%) |     13       1     323      3 |    1.50        0.00
--------|----------------------------------------------------------------------------|-------|-------------|-------|-------|-------|-------|--------|-----------
         Aggregated                                                                      6674     0(0.00%) |    344       1    3028    160 |   16.70        0.00

Type     Name                                                                          # reqs      # fails |    Avg     Min     Max    Med |   req/s  failures/s
--------|----------------------------------------------------------------------------|-------|-------------|-------|-------|-------|-------|--------|-----------
POST     /api/book                                                                       5145     0(0.00%) |    445      91    3028    220 |   12.90        0.00
GET      /api/concerts                                                                   1019     0(0.00%) |     12       1     321      3 |    2.70        0.00
GET      /health                                                                          543     0(0.00%) |     13       1     323      3 |    1.30        0.00
--------|----------------------------------------------------------------------------|-------|-------------|-------|-------|-------|-------|--------|-----------
         Aggregated                                                                      6707     0(0.00%) |    344       1    3028    160 |   16.90        0.00

Type     Name                                                                          # reqs      # fails |    Avg     Min     Max    Med |   req/s  failures/s
--------|----------------------------------------------------------------------------|-------|-------------|-------|-------|-------|-------|--------|-----------
POST     /api/book                                                                       5173     0(0.00%) |    446      91    3028    220 |   12.70        0.00
GET      /api/concerts                                                                   1022     0(0.00%) |     12       1     321      3 |    2.80        0.00
GET      /health                                                                          544     0(0.00%) |     13       1     323      3 |    1.00        0.00
--------|----------------------------------------------------------------------------|-------|-------------|-------|-------|-------|-------|--------|-----------
         Aggregated                                                                      6739     0(0.00%) |    345       1    3028    160 |   16.50        0.00

Type     Name                                                                          # reqs      # fails |    Avg     Min     Max    Med |   req/s  failures/s
--------|----------------------------------------------------------------------------|-------|-------------|-------|-------|-------|-------|--------|-----------
POST     /api/book                                                                       5203     0(0.00%) |    445      91    3028    220 |   13.90        0.00
GET      /api/concerts                                                                   1023     0(0.00%) |     12       1     321      3 |    2.10        0.00
GET      /health                                                                          547     0(0.00%) |     13       1     323      3 |    0.80        0.00
--------|----------------------------------------------------------------------------|-------|-------------|-------|-------|-------|-------|--------|-----------
         Aggregated                                                                      6773     0(0.00%) |    345       1    3028    160 |   16.80        0.00

Type     Name                                                                          # reqs      # fails |    Avg     Min     Max    Med |   req/s  failures/s
--------|----------------------------------------------------------------------------|-------|-------------|-------|-------|-------|-------|--------|-----------
POST     /api/book                                                                       5226     0(0.00%) |    446      91    3028    220 |   13.70        0.00
GET      /api/concerts                                                                   1030     0(0.00%) |     12       1     321      3 |    1.90        0.00
GET      /health                                                                          550     0(0.00%) |     13       1     323      3 |    1.00        0.00
--------|----------------------------------------------------------------------------|-------|-------------|-------|-------|-------|-------|--------|-----------
         Aggregated                                                                      6806     0(0.00%) |    345       1    3028    160 |   16.60        0.00

Type     Name                                                                          # reqs      # fails |    Avg     Min     Max    Med |   req/s  failures/s
--------|----------------------------------------------------------------------------|-------|-------------|-------|-------|-------|-------|--------|-----------
POST     /api/book                                                                       5252     0(0.00%) |    447      91    3028    220 |   13.30        0.00
GET      /api/concerts                                                                   1034     0(0.00%) |     12       1     321      3 |    1.90        0.00
GET      /health                                                                          554     0(0.00%) |     13       1     323      3 |    1.20        0.00
--------|----------------------------------------------------------------------------|-------|-------------|-------|-------|-------|-------|--------|-----------
         Aggregated                                                                      6840     0(0.00%) |    346       1    3028    160 |   16.40        0.00

Type     Name                                                                          # reqs      # fails |    Avg     Min     Max    Med |   req/s  failures/s
--------|----------------------------------------------------------------------------|-------|-------------|-------|-------|-------|-------|--------|-----------
POST     /api/book                                                                       5277     0(0.00%) |    446      91    3028    220 |   13.30        0.00
GET      /api/concerts                                                                   1045     0(0.00%) |     12       1     321      3 |    1.80        0.00
GET      /health                                                                          558     0(0.00%) |     13       1     323      3 |    1.30        0.00
--------|----------------------------------------------------------------------------|-------|-------------|-------|-------|-------|-------|--------|-----------
         Aggregated                                                                      6880     0(0.00%) |    345       1    3028    160 |   16.40        0.00

Type     Name                                                                          # reqs      # fails |    Avg     Min     Max    Med |   req/s  failures/s
--------|----------------------------------------------------------------------------|-------|-------------|-------|-------|-------|-------|--------|-----------
POST     /api/book                                                                       5300     0(0.00%) |    446      91    3028    220 |   13.50        0.00
GET      /api/concerts                                                                   1049     0(0.00%) |     12       1     321      3 |    2.20        0.00
GET      /health                                                                          560     0(0.00%) |     13       1     323      3 |    1.50        0.00
--------|----------------------------------------------------------------------------|-------|-------------|-------|-------|-------|-------|--------|-----------
         Aggregated                                                                      6909     0(0.00%) |    345       1    3028    160 |   17.20        0.00

Type     Name                                                                          # reqs      # fails |    Avg     Min     Max    Med |   req/s  failures/s
--------|----------------------------------------------------------------------------|-------|-------------|-------|-------|-------|-------|--------|-----------
POST     /api/book                                                                       5327     0(0.00%) |    446      91    3028    220 |   12.50        0.00
GET      /api/concerts                                                                   1054     0(0.00%) |     12       1     321      3 |    2.50        0.00
GET      /health                                                                          564     0(0.00%) |     13       1     323      3 |    1.50        0.00
--------|----------------------------------------------------------------------------|-------|-------------|-------|-------|-------|-------|--------|-----------
         Aggregated                                                                      6945     0(0.00%) |    345       1    3028    160 |   16.50        0.00

Type     Name                                                                          # reqs      # fails |    Avg     Min     Max    Med |   req/s  failures/s
--------|----------------------------------------------------------------------------|-------|-------------|-------|-------|-------|-------|--------|-----------
POST     /api/book                                                                       5354     0(0.00%) |    446      91    3028    220 |   12.90        0.00
GET      /api/concerts                                                                   1058     0(0.00%) |     12       1     321      3 |    2.90        0.00
GET      /health                                                                          566     0(0.00%) |     13       1     323      3 |    1.60        0.00
--------|----------------------------------------------------------------------------|-------|-------------|-------|-------|-------|-------|--------|-----------
         Aggregated                                                                      6978     0(0.00%) |    345       1    3028    160 |   17.40        0.00

Type     Name                                                                          # reqs      # fails |    Avg     Min     Max    Med |   req/s  failures/s
--------|----------------------------------------------------------------------------|-------|-------------|-------|-------|-------|-------|--------|-----------
POST     /api/book                                                                       5380     0(0.00%) |    446      91    3028    220 |   12.90        0.00
GET      /api/concerts                                                                   1060     0(0.00%) |     12       1     321      3 |    2.70        0.00
GET      /health                                                                          567     0(0.00%) |     13       1     323      3 |    1.50        0.00
--------|----------------------------------------------------------------------------|-------|-------------|-------|-------|-------|-------|--------|-----------
         Aggregated                                                                      7007     0(0.00%) |    345       1    3028    160 |   17.10        0.00

Type     Name                                                                          # reqs      # fails |    Avg     Min     Max    Med |   req/s  failures/s
--------|----------------------------------------------------------------------------|-------|-------------|-------|-------|-------|-------|--------|-----------
POST     /api/book                                                                       5410     0(0.00%) |    447      91    3028    220 |   12.70        0.00
GET      /api/concerts                                                                   1066     0(0.00%) |     12       1     321      3 |    2.70        0.00
GET      /health                                                                          567     0(0.00%) |     13       1     323      3 |    1.30        0.00
--------|----------------------------------------------------------------------------|-------|-------------|-------|-------|-------|-------|--------|-----------
         Aggregated                                                                      7043     0(0.00%) |    346       1    3028    160 |   16.70        0.00

Type     Name                                                                          # reqs      # fails |    Avg     Min     Max    Med |   req/s  failures/s
--------|----------------------------------------------------------------------------|-------|-------------|-------|-------|-------|-------|--------|-----------
POST     /api/book                                                                       5438     0(0.00%) |    448      91    3028    220 |   13.10        0.00
GET      /api/concerts                                                                   1071     0(0.00%) |     12       1     321      3 |    2.40        0.00
GET      /health                                                                          568     0(0.00%) |     13       1     323      3 |    1.10        0.00
--------|----------------------------------------------------------------------------|-------|-------------|-------|-------|-------|-------|--------|-----------
         Aggregated                                                                      7077     0(0.00%) |    347       1    3028    160 |   16.60        0.00

Type     Name                                                                          # reqs      # fails |    Avg     Min     Max    Med |   req/s  failures/s
--------|----------------------------------------------------------------------------|-------|-------------|-------|-------|-------|-------|--------|-----------
POST     /api/book                                                                       5462     0(0.00%) |    447      91    3028    220 |   13.40        0.00
GET      /api/concerts                                                                   1076     0(0.00%) |     12       1     321      3 |    2.30        0.00
GET      /health                                                                          570     0(0.00%) |     13       1     323      3 |    0.90        0.00
--------|----------------------------------------------------------------------------|-------|-------------|-------|-------|-------|-------|--------|-----------
         Aggregated                                                                      7108     0(0.00%) |    346       1    3028    160 |   16.60        0.00

Type     Name                                                                          # reqs      # fails |    Avg     Min     Max    Med |   req/s  failures/s
--------|----------------------------------------------------------------------------|-------|-------------|-------|-------|-------|-------|--------|-----------
POST     /api/book                                                                       5491     0(0.00%) |    448      91    3028    220 |   13.40        0.00
GET      /api/concerts                                                                   1084     0(0.00%) |     12       1     321      3 |    2.30        0.00
GET      /health                                                                          572     0(0.00%) |     14       1     389      3 |    0.70        0.00
--------|----------------------------------------------------------------------------|-------|-------------|-------|-------|-------|-------|--------|-----------
         Aggregated                                                                      7147     0(0.00%) |    347       1    3028    160 |   16.40        0.00

Type     Name                                                                          # reqs      # fails |    Avg     Min     Max    Med |   req/s  failures/s
--------|----------------------------------------------------------------------------|-------|-------------|-------|-------|-------|-------|--------|-----------
POST     /api/book                                                                       5518     0(0.00%) |    448      91    3028    220 |   13.70        0.00
GET      /api/concerts                                                                   1089     0(0.00%) |     12       1     321      3 |    2.20        0.00
GET      /health                                                                          574     0(0.00%) |     14       1     389      3 |    0.80        0.00
--------|----------------------------------------------------------------------------|-------|-------------|-------|-------|-------|-------|--------|-----------
         Aggregated                                                                      7181     0(0.00%) |    347       1    3028    160 |   16.70        0.00

Type     Name                                                                          # reqs      # fails |    Avg     Min     Max    Med |   req/s  failures/s
--------|----------------------------------------------------------------------------|-------|-------------|-------|-------|-------|-------|--------|-----------
POST     /api/book                                                                       5545     0(0.00%) |    447      91    3028    220 |   13.80        0.00
GET      /api/concerts                                                                   1096     0(0.00%) |     12       1     321      3 |    2.90        0.00
GET      /health                                                                          576     0(0.00%) |     14       1     389      3 |    0.80        0.00
--------|----------------------------------------------------------------------------|-------|-------------|-------|-------|-------|-------|--------|-----------
         Aggregated                                                                      7217     0(0.00%) |    347       1    3028    160 |   17.50        0.00

Type     Name                                                                          # reqs      # fails |    Avg     Min     Max    Med |   req/s  failures/s
--------|----------------------------------------------------------------------------|-------|-------------|-------|-------|-------|-------|--------|-----------
POST     /api/book                                                                       5568     0(0.00%) |    446      91    3028    220 |   13.60        0.00
GET      /api/concerts                                                                   1100     0(0.00%) |     12       1     321      3 |    2.80        0.00
GET      /health                                                                          579     0(0.00%) |     14       1     389      3 |    0.80        0.00
--------|----------------------------------------------------------------------------|-------|-------------|-------|-------|-------|-------|--------|-----------
         Aggregated                                                                      7247     0(0.00%) |    346       1    3028    160 |   17.20        0.00

Type     Name                                                                          # reqs      # fails |    Avg     Min     Max    Med |   req/s  failures/s
--------|----------------------------------------------------------------------------|-------|-------------|-------|-------|-------|-------|--------|-----------
POST     /api/book                                                                       5596     0(0.00%) |    447      91    3028    220 |   13.70        0.00
GET      /api/concerts                                                                   1106     0(0.00%) |     12       1     321      3 |    2.80        0.00
GET      /health                                                                          581     0(0.00%) |     14       1     389      3 |    1.00        0.00
--------|----------------------------------------------------------------------------|-------|-------------|-------|-------|-------|-------|--------|-----------
         Aggregated                                                                      7283     0(0.00%) |    347       1    3028    160 |   17.50        0.00

Type     Name                                                                          # reqs      # fails |    Avg     Min     Max    Med |   req/s  failures/s
--------|----------------------------------------------------------------------------|-------|-------------|-------|-------|-------|-------|--------|-----------
POST     /api/book                                                                       5623     0(0.00%) |    448      91    3028    220 |   13.00        0.00
GET      /api/concerts                                                                   1109     0(0.00%) |     13       1     321      3 |    2.70        0.00
GET      /health                                                                          583     0(0.00%) |     14       1     389      3 |    1.20        0.00
--------|----------------------------------------------------------------------------|-------|-------------|-------|-------|-------|-------|--------|-----------
         Aggregated                                                                      7315     0(0.00%) |    347       1    3028    160 |   16.90        0.00

Type     Name                                                                          # reqs      # fails |    Avg     Min     Max    Med |   req/s  failures/s
--------|----------------------------------------------------------------------------|-------|-------------|-------|-------|-------|-------|--------|-----------
POST     /api/book                                                                       5651     0(0.00%) |    447      91    3028    220 |   13.10        0.00
GET      /api/concerts                                                                   1114     0(0.00%) |     12       1     321      3 |    2.80        0.00
GET      /health                                                                          587     0(0.00%) |     14       1     389      3 |    1.00        0.00
--------|----------------------------------------------------------------------------|-------|-------------|-------|-------|-------|-------|--------|-----------
         Aggregated                                                                      7352     0(0.00%) |    347       1    3028    160 |   16.90        0.00

Type     Name                                                                          # reqs      # fails |    Avg     Min     Max    Med |   req/s  failures/s
--------|----------------------------------------------------------------------------|-------|-------------|-------|-------|-------|-------|--------|-----------
POST     /api/book                                                                       5678     0(0.00%) |    447      91    3028    220 |   13.50        0.00
GET      /api/concerts                                                                   1119     0(0.00%) |     12       1     321      3 |    2.20        0.00
GET      /health                                                                          589     0(0.00%) |     14       1     389      3 |    1.00        0.00
--------|----------------------------------------------------------------------------|-------|-------------|-------|-------|-------|-------|--------|-----------
         Aggregated                                                                      7386     0(0.00%) |    347       1    3028    160 |   16.70        0.00

Type     Name                                                                          # reqs      # fails |    Avg     Min     Max    Med |   req/s  failures/s
--------|----------------------------------------------------------------------------|-------|-------------|-------|-------|-------|-------|--------|-----------
POST     /api/book                                                                       5704     0(0.00%) |    447      91    3028    220 |   13.00        0.00
GET      /api/concerts                                                                   1124     0(0.00%) |     12       1     321      3 |    2.60        0.00
GET      /health                                                                          595     0(0.00%) |     13       1     389      3 |    1.40        0.00
--------|----------------------------------------------------------------------------|-------|-------------|-------|-------|-------|-------|--------|-----------
         Aggregated                                                                      7423     0(0.00%) |    347       1    3028    160 |   17.00        0.00

Type     Name                                                                          # reqs      # fails |    Avg     Min     Max    Med |   req/s  failures/s
--------|----------------------------------------------------------------------------|-------|-------------|-------|-------|-------|-------|--------|-----------
POST     /api/book                                                                       5722     0(0.00%) |    447      91    3028    220 |   12.90        0.00
GET      /api/concerts                                                                   1134     0(0.00%) |     13       1     321      3 |    2.30        0.00
GET      /health                                                                          597     0(0.00%) |     13       1     389      3 |    1.30        0.00
--------|----------------------------------------------------------------------------|-------|-------------|-------|-------|-------|-------|--------|-----------
         Aggregated                                                                      7453     0(0.00%) |    346       1    3028    160 |   16.50        0.00

Type     Name                                                                          # reqs      # fails |    Avg     Min     Max    Med |   req/s  failures/s
--------|----------------------------------------------------------------------------|-------|-------------|-------|-------|-------|-------|--------|-----------
POST     /api/book                                                                       5750     0(0.00%) |    447      91    3028    220 |   12.90        0.00
GET      /api/concerts                                                                   1138     0(0.00%) |     13       1     321      3 |    2.80        0.00
GET      /health                                                                          601     0(0.00%) |     13       1     389      3 |    1.50        0.00
--------|----------------------------------------------------------------------------|-------|-------------|-------|-------|-------|-------|--------|-----------
         Aggregated                                                                      7489     0(0.00%) |    346       1    3028    160 |   17.20        0.00

Type     Name                                                                          # reqs      # fails |    Avg     Min     Max    Med |   req/s  failures/s
--------|----------------------------------------------------------------------------|-------|-------------|-------|-------|-------|-------|--------|-----------
POST     /api/book                                                                       5769     0(0.00%) |    448      91    3028    220 |   12.90        0.00
GET      /api/concerts                                                                   1147     0(0.00%) |     13       1     321      3 |    2.90        0.00
GET      /health                                                                          607     0(0.00%) |     13       1     389      3 |    1.80        0.00
--------|----------------------------------------------------------------------------|-------|-------------|-------|-------|-------|-------|--------|-----------
         Aggregated                                                                      7523     0(0.00%) |    347       1    3028    160 |   17.60        0.00

Type     Name                                                                          # reqs      # fails |    Avg     Min     Max    Med |   req/s  failures/s
--------|----------------------------------------------------------------------------|-------|-------------|-------|-------|-------|-------|--------|-----------
POST     /api/book                                                                       5797     0(0.00%) |    447      91    3028    220 |   11.80        0.00
GET      /api/concerts                                                                   1156     0(0.00%) |     12       1     321      3 |    3.50        0.00
GET      /health                                                                          610     0(0.00%) |     13       1     389      3 |    1.90        0.00
--------|----------------------------------------------------------------------------|-------|-------------|-------|-------|-------|-------|--------|-----------
         Aggregated                                                                      7563     0(0.00%) |    346       1    3028    160 |   17.20        0.00

Type     Name                                                                          # reqs      # fails |    Avg     Min     Max    Med |   req/s  failures/s
--------|----------------------------------------------------------------------------|-------|-------------|-------|-------|-------|-------|--------|-----------
POST     /api/book                                                                       5821     0(0.00%) |    447      91    3028    220 |   12.30        0.00
GET      /api/concerts                                                                   1161     0(0.00%) |     12       1     321      3 |    3.40        0.00
GET      /health                                                                          613     0(0.00%) |     13       1     389      3 |    2.00        0.00
--------|----------------------------------------------------------------------------|-------|-------------|-------|-------|-------|-------|--------|-----------
         Aggregated                                                                      7595     0(0.00%) |    345       1    3028    160 |   17.70        0.00

Type     Name                                                                          # reqs      # fails |    Avg     Min     Max    Med |   req/s  failures/s
--------|----------------------------------------------------------------------------|-------|-------------|-------|-------|-------|-------|--------|-----------
POST     /api/book                                                                       5852     0(0.00%) |    447      91    3028    220 |   12.00        0.00
GET      /api/concerts                                                                   1167     0(0.00%) |     12       1     321      3 |    4.00        0.00
GET      /health                                                                          618     0(0.00%) |     13       1     389      3 |    2.00        0.00
--------|----------------------------------------------------------------------------|-------|-------------|-------|-------|-------|-------|--------|-----------
         Aggregated                                                                      7637     0(0.00%) |    345       1    3028    160 |   18.00        0.00

Type     Name                                                                          # reqs      # fails |    Avg     Min     Max    Med |   req/s  failures/s
--------|----------------------------------------------------------------------------|-------|-------------|-------|-------|-------|-------|--------|-----------
POST     /api/book                                                                       5873     0(0.00%) |    446      91    3028    220 |   12.40        0.00
GET      /api/concerts                                                                   1173     0(0.00%) |     12       1     321      3 |    3.50        0.00
GET      /health                                                                          622     0(0.00%) |     13       1     389      3 |    2.10        0.00
--------|----------------------------------------------------------------------------|-------|-------------|-------|-------|-------|-------|--------|-----------
         Aggregated                                                                      7668     0(0.00%) |    345       1    3028    160 |   18.00        0.00

Type     Name                                                                          # reqs      # fails |    Avg     Min     Max    Med |   req/s  failures/s
--------|----------------------------------------------------------------------------|-------|-------------|-------|-------|-------|-------|--------|-----------
POST     /api/book                                                                       5901     0(0.00%) |    446      91    3028    220 |   12.60        0.00
GET      /api/concerts                                                                   1176     0(0.00%) |     12       1     321      3 |    3.60        0.00
GET      /health                                                                          626     0(0.00%) |     13       1     389      3 |    2.00        0.00
--------|----------------------------------------------------------------------------|-------|-------------|-------|-------|-------|-------|--------|-----------
         Aggregated                                                                      7703     0(0.00%) |    345       1    3028    160 |   18.20        0.00

Type     Name                                                                          # reqs      # fails |    Avg     Min     Max    Med |   req/s  failures/s
--------|----------------------------------------------------------------------------|-------|-------------|-------|-------|-------|-------|--------|-----------
POST     /api/book                                                                       5925     0(0.00%) |    447      91    3028    220 |   12.90        0.00
GET      /api/concerts                                                                   1180     0(0.00%) |     12       1     321      3 |    3.10        0.00
GET      /health                                                                          626     0(0.00%) |     13       1     389      3 |    2.10        0.00
--------|----------------------------------------------------------------------------|-------|-------------|-------|-------|-------|-------|--------|-----------
         Aggregated                                                                      7731     0(0.00%) |    346       1    3028    160 |   18.10        0.00

Type     Name                                                                          # reqs      # fails |    Avg     Min     Max    Med |   req/s  failures/s
--------|----------------------------------------------------------------------------|-------|-------------|-------|-------|-------|-------|--------|-----------
POST     /api/book                                                                       5956     0(0.00%) |    448      91    3028    220 |   12.60        0.00
GET      /api/concerts                                                                   1185     0(0.00%) |     12       1     321      3 |    2.50        0.00
GET      /health                                                                          631     0(0.00%) |     13       1     389      3 |    1.70        0.00
--------|----------------------------------------------------------------------------|-------|-------------|-------|-------|-------|-------|--------|-----------
         Aggregated                                                                      7772     0(0.00%) |    346       1    3028    160 |   16.80        0.00

Type     Name                                                                          # reqs      # fails |    Avg     Min     Max    Med |   req/s  failures/s
--------|----------------------------------------------------------------------------|-------|-------------|-------|-------|-------|-------|--------|-----------
POST     /api/book                                                                       5978     0(0.00%) |    447      91    3028    220 |   13.20        0.00
GET      /api/concerts                                                                   1192     0(0.00%) |     12       1     321      3 |    2.40        0.00
GET      /health                                                                          631     0(0.00%) |     13       1     389      3 |    1.80        0.00
--------|----------------------------------------------------------------------------|-------|-------------|-------|-------|-------|-------|--------|-----------
         Aggregated                                                                      7801     0(0.00%) |    345       1    3028    160 |   17.40        0.00

Type     Name                                                                          # reqs      # fails |    Avg     Min     Max    Med |   req/s  failures/s
--------|----------------------------------------------------------------------------|-------|-------------|-------|-------|-------|-------|--------|-----------
POST     /api/book                                                                       6009     0(0.00%) |    447      91    3028    220 |   13.50        0.00
GET      /api/concerts                                                                   1196     0(0.00%) |     12       1     321      3 |    2.40        0.00
GET      /health                                                                          633     0(0.00%) |     13       1     389      3 |    1.40        0.00
--------|----------------------------------------------------------------------------|-------|-------------|-------|-------|-------|-------|--------|-----------
         Aggregated                                                                      7838     0(0.00%) |    346       1    3028    160 |   17.30        0.00

Type     Name                                                                          # reqs      # fails |    Avg     Min     Max    Med |   req/s  failures/s
--------|----------------------------------------------------------------------------|-------|-------------|-------|-------|-------|-------|--------|-----------
POST     /api/book                                                                       6035     0(0.00%) |    448      91    3028    220 |   13.80        0.00
GET      /api/concerts                                                                   1203     0(0.00%) |     12       1     321      3 |    2.10        0.00
GET      /health                                                                          635     0(0.00%) |     13       1     389      3 |    1.10        0.00
--------|----------------------------------------------------------------------------|-------|-------------|-------|-------|-------|-------|--------|-----------
         Aggregated                                                                      7873     0(0.00%) |    346       1    3028    160 |   17.00        0.00

Type     Name                                                                          # reqs      # fails |    Avg     Min     Max    Med |   req/s  failures/s
--------|----------------------------------------------------------------------------|-------|-------------|-------|-------|-------|-------|--------|-----------
POST     /api/book                                                                       6057     0(0.00%) |    447      91    3028    220 |   13.40        0.00
GET      /api/concerts                                                                   1210     0(0.00%) |     12       1     321      3 |    2.40        0.00
GET      /health                                                                          639     0(0.00%) |     13       1     389      3 |    1.00        0.00
--------|----------------------------------------------------------------------------|-------|-------------|-------|-------|-------|-------|--------|-----------
         Aggregated                                                                      7906     0(0.00%) |    346       1    3028    160 |   16.80        0.00

Type     Name                                                                          # reqs      # fails |    Avg     Min     Max    Med |   req/s  failures/s
--------|----------------------------------------------------------------------------|-------|-------------|-------|-------|-------|-------|--------|-----------
POST     /api/book                                                                       6078     0(0.00%) |    448      91    3028    220 |   13.50        0.00
GET      /api/concerts                                                                   1217     0(0.00%) |     12       1     321      3 |    3.10        0.00
GET      /health                                                                          645     0(0.00%) |     13       1     389      3 |    1.20        0.00
--------|----------------------------------------------------------------------------|-------|-------------|-------|-------|-------|-------|--------|-----------
         Aggregated                                                                      7940     0(0.00%) |    346       1    3028    160 |   17.80        0.00

Type     Name                                                                          # reqs      # fails |    Avg     Min     Max    Med |   req/s  failures/s
--------|----------------------------------------------------------------------------|-------|-------------|-------|-------|-------|-------|--------|-----------
POST     /api/book                                                                       6106     0(0.00%) |    448      91    3028    220 |   12.30        0.00
GET      /api/concerts                                                                   1222     0(0.00%) |     12       1     321      3 |    3.20        0.00
GET      /health                                                                          647     0(0.00%) |     13       1     389      3 |    1.40        0.00
--------|----------------------------------------------------------------------------|-------|-------------|-------|-------|-------|-------|--------|-----------
         Aggregated                                                                      7975     0(0.00%) |    346       1    3028    160 |   16.90        0.00

Type     Name                                                                          # reqs      # fails |    Avg     Min     Max    Med |   req/s  failures/s
--------|----------------------------------------------------------------------------|-------|-------------|-------|-------|-------|-------|--------|-----------
POST     /api/book                                                                       6137     0(0.00%) |    448      91    3028    220 |   11.90        0.00
GET      /api/concerts                                                                   1224     0(0.00%) |     12       1     321      3 |    3.10        0.00
GET      /health                                                                          649     0(0.00%) |     13       1     389      3 |    1.50        0.00
--------|----------------------------------------------------------------------------|-------|-------------|-------|-------|-------|-------|--------|-----------
         Aggregated                                                                      8010     0(0.00%) |    346       1    3028    160 |   16.50        0.00

Type     Name                                                                          # reqs      # fails |    Avg     Min     Max    Med |   req/s  failures/s
--------|----------------------------------------------------------------------------|-------|-------------|-------|-------|-------|-------|--------|-----------
POST     /api/book                                                                       6159     0(0.00%) |    448      91    3028    220 |   11.80        0.00
GET      /api/concerts                                                                   1230     0(0.00%) |     12       1     321      3 |    3.00        0.00
GET      /health                                                                          654     0(0.00%) |     13       1     389      3 |    1.80        0.00
--------|----------------------------------------------------------------------------|-------|-------------|-------|-------|-------|-------|--------|-----------
         Aggregated                                                                      8043     0(0.00%) |    346       1    3028    160 |   16.60        0.00

Type     Name                                                                          # reqs      # fails |    Avg     Min     Max    Med |   req/s  failures/s
--------|----------------------------------------------------------------------------|-------|-------------|-------|-------|-------|-------|--------|-----------
POST     /api/book                                                                       6181     0(0.00%) |    449      91    3028    220 |   12.80        0.00
GET      /api/concerts                                                                   1236     0(0.00%) |     12       1     321      3 |    2.80        0.00
GET      /health                                                                          658     0(0.00%) |     13       1     389      3 |    1.70        0.00
--------|----------------------------------------------------------------------------|-------|-------------|-------|-------|-------|-------|--------|-----------
         Aggregated                                                                      8075     0(0.00%) |    346       1    3028    160 |   17.30        0.00

Type     Name                                                                          # reqs      # fails |    Avg     Min     Max    Med |   req/s  failures/s
--------|----------------------------------------------------------------------------|-------|-------------|-------|-------|-------|-------|--------|-----------
POST     /api/book                                                                       6214     0(0.00%) |    449      91    3028    220 |   11.90        0.00
GET      /api/concerts                                                                   1238     0(0.00%) |     12       1     321      3 |    2.50        0.00
GET      /health                                                                          659     0(0.00%) |     14       1     389      3 |    1.80        0.00
--------|----------------------------------------------------------------------------|-------|-------------|-------|-------|-------|-------|--------|-----------
         Aggregated                                                                      8111     0(0.00%) |    347       1    3028    160 |   16.20        0.00

Type     Name                                                                          # reqs      # fails |    Avg     Min     Max    Med |   req/s  failures/s
--------|----------------------------------------------------------------------------|-------|-------------|-------|-------|-------|-------|--------|-----------
POST     /api/book                                                                       6239     0(0.00%) |    449      91    3028    220 |   13.20        0.00
GET      /api/concerts                                                                   1239     0(0.00%) |     12       1     321      3 |    2.00        0.00
GET      /health                                                                          661     0(0.00%) |     14       1     389      3 |    1.50        0.00
--------|----------------------------------------------------------------------------|-------|-------------|-------|-------|-------|-------|--------|-----------
         Aggregated                                                                      8139     0(0.00%) |    347       1    3028    160 |   16.70        0.00

Type     Name                                                                          # reqs      # fails |    Avg     Min     Max    Med |   req/s  failures/s
--------|----------------------------------------------------------------------------|-------|-------------|-------|-------|-------|-------|--------|-----------
POST     /api/book                                                                       6265     0(0.00%) |    449      91    3028    220 |   13.80        0.00
GET      /api/concerts                                                                   1243     0(0.00%) |     12       1     321      3 |    2.00        0.00
GET      /health                                                                          664     0(0.00%) |     13       1     389      3 |    1.40        0.00
--------|----------------------------------------------------------------------------|-------|-------------|-------|-------|-------|-------|--------|-----------
         Aggregated                                                                      8172     0(0.00%) |    347       1    3028    160 |   17.20        0.00

Type     Name                                                                          # reqs      # fails |    Avg     Min     Max    Med |   req/s  failures/s
--------|----------------------------------------------------------------------------|-------|-------------|-------|-------|-------|-------|--------|-----------
POST     /api/book                                                                       6289     0(0.00%) |    450      91    3028    220 |   13.50        0.00
GET      /api/concerts                                                                   1245     0(0.00%) |     12       1     321      3 |    1.80        0.00
GET      /health                                                                          670     0(0.00%) |     13       1     389      3 |    1.20        0.00
--------|----------------------------------------------------------------------------|-------|-------------|-------|-------|-------|-------|--------|-----------
         Aggregated                                                                      8204     0(0.00%) |    348       1    3028    160 |   16.50        0.00

Type     Name                                                                          # reqs      # fails |    Avg     Min     Max    Med |   req/s  failures/s
--------|----------------------------------------------------------------------------|-------|-------------|-------|-------|-------|-------|--------|-----------
POST     /api/book                                                                       6313     0(0.00%) |    450      91    3028    220 |   13.10        0.00
GET      /api/concerts                                                                   1254     0(0.00%) |     12       1     321      3 |    1.50        0.00
GET      /health                                                                          672     0(0.00%) |     13       1     389      3 |    1.60        0.00
--------|----------------------------------------------------------------------------|-------|-------------|-------|-------|-------|-------|--------|-----------
         Aggregated                                                                      8239     0(0.00%) |    348       1    3028    160 |   16.20        0.00

Type     Name                                                                          # reqs      # fails |    Avg     Min     Max    Med |   req/s  failures/s
--------|----------------------------------------------------------------------------|-------|-------------|-------|-------|-------|-------|--------|-----------
POST     /api/book                                                                       6339     0(0.00%) |    449      91    3028    220 |   13.80        0.00
GET      /api/concerts                                                                   1259     0(0.00%) |     12       1     321      3 |    1.60        0.00
GET      /health                                                                          674     0(0.00%) |     13       1     389      3 |    1.50        0.00
--------|----------------------------------------------------------------------------|-------|-------------|-------|-------|-------|-------|--------|-----------
         Aggregated                                                                      8272     0(0.00%) |    347       1    3028    160 |   16.90        0.00

Type     Name                                                                          # reqs      # fails |    Avg     Min     Max    Med |   req/s  failures/s
--------|----------------------------------------------------------------------------|-------|-------------|-------|-------|-------|-------|--------|-----------
POST     /api/book                                                                       6369     0(0.00%) |    451      91    3028    220 |   13.30        0.00
GET      /api/concerts                                                                   1266     0(0.00%) |     12       1     321      3 |    2.00        0.00
GET      /health                                                                          677     0(0.00%) |     13       1     389      3 |    1.50        0.00
--------|----------------------------------------------------------------------------|-------|-------------|-------|-------|-------|-------|--------|-----------
         Aggregated                                                                      8312     0(0.00%) |    348       1    3028    160 |   16.80        0.00

Type     Name                                                                          # reqs      # fails |    Avg     Min     Max    Med |   req/s  failures/s
--------|----------------------------------------------------------------------------|-------|-------------|-------|-------|-------|-------|--------|-----------
POST     /api/book                                                                       6389     0(0.00%) |    450      91    3028    220 |   13.00        0.00
GET      /api/concerts                                                                   1272     0(0.00%) |     12       1     321      3 |    2.30        0.00
GET      /health                                                                          678     0(0.00%) |     13       1     389      3 |    1.50        0.00
--------|----------------------------------------------------------------------------|-------|-------------|-------|-------|-------|-------|--------|-----------
         Aggregated                                                                      8339     0(0.00%) |    348       1    3028    160 |   16.80        0.00

[2026-05-29 13:54:16,986] ip-172-31-20-158/INFO/locust.runners: Shape test updating to 5 users at 1.00 spawn rate
[2026-05-29 13:54:16,987] ip-172-31-20-158/INFO/locust.runners: Ramping to 5 users at a rate of 1.00 per second
Type     Name                                                                          # reqs      # fails |    Avg     Min     Max    Med |   req/s  failures/s
--------|----------------------------------------------------------------------------|-------|-------------|-------|-------|-------|-------|--------|-----------
POST     /api/book                                                                       6422     0(0.00%) |    451      91    3028    220 |   12.70        0.00
GET      /api/concerts                                                                   1275     0(0.00%) |     13       1     321      3 |    2.90        0.00
GET      /health                                                                          682     0(0.00%) |     13       1     389      3 |    1.60        0.00
--------|----------------------------------------------------------------------------|-------|-------------|-------|-------|-------|-------|--------|-----------
         Aggregated                                                                      8379     0(0.00%) |    349       1    3028    160 |   17.20        0.00

Type     Name                                                                          # reqs      # fails |    Avg     Min     Max    Med |   req/s  failures/s
--------|----------------------------------------------------------------------------|-------|-------------|-------|-------|-------|-------|--------|-----------
POST     /api/book                                                                       6441     0(0.00%) |    451      91    3028    220 |   12.30        0.00
GET      /api/concerts                                                                   1280     0(0.00%) |     12       1     321      3 |    3.00        0.00
GET      /health                                                                          687     0(0.00%) |     13       1     389      3 |    1.30        0.00
--------|----------------------------------------------------------------------------|-------|-------------|-------|-------|-------|-------|--------|-----------
         Aggregated                                                                      8408     0(0.00%) |    348       1    3028    160 |   16.60        0.00

Type     Name                                                                          # reqs      # fails |    Avg     Min     Max    Med |   req/s  failures/s
--------|----------------------------------------------------------------------------|-------|-------------|-------|-------|-------|-------|--------|-----------
POST     /api/book                                                                       6465     0(0.00%) |    450      91    3028    220 |   12.70        0.00
GET      /api/concerts                                                                   1286     0(0.00%) |     12       1     321      3 |    3.00        0.00
GET      /health                                                                          690     0(0.00%) |     13       1     389      3 |    1.30        0.00
--------|----------------------------------------------------------------------------|-------|-------------|-------|-------|-------|-------|--------|-----------
         Aggregated                                                                      8441     0(0.00%) |    348       1    3028    160 |   17.00        0.00

Type     Name                                                                          # reqs      # fails |    Avg     Min     Max    Med |   req/s  failures/s
--------|----------------------------------------------------------------------------|-------|-------------|-------|-------|-------|-------|--------|-----------
POST     /api/book                                                                       6489     0(0.00%) |    449      91    3028    220 |   12.60        0.00
GET      /api/concerts                                                                   1291     0(0.00%) |     12       1     321      3 |    2.80        0.00
GET      /health                                                                          690     0(0.00%) |     13       1     389      3 |    1.60        0.00
--------|----------------------------------------------------------------------------|-------|-------------|-------|-------|-------|-------|--------|-----------
         Aggregated                                                                      8470     0(0.00%) |    347       1    3028    160 |   17.00        0.00

Type     Name                                                                          # reqs      # fails |    Avg     Min     Max    Med |   req/s  failures/s
--------|----------------------------------------------------------------------------|-------|-------------|-------|-------|-------|-------|--------|-----------
POST     /api/book                                                                       6509     0(0.00%) |    449      91    3028    220 |   12.10        0.00
GET      /api/concerts                                                                   1294     0(0.00%) |     12       1     321      3 |    2.60        0.00
GET      /health                                                                          693     0(0.00%) |     13       1     389      3 |    1.50        0.00
--------|----------------------------------------------------------------------------|-------|-------------|-------|-------|-------|-------|--------|-----------
         Aggregated                                                                      8496     0(0.00%) |    347       1    3028    160 |   16.20        0.00

Type     Name                                                                          # reqs      # fails |    Avg     Min     Max    Med |   req/s  failures/s
--------|----------------------------------------------------------------------------|-------|-------------|-------|-------|-------|-------|--------|-----------
POST     /api/book                                                                       6530     0(0.00%) |    448      91    3028    220 |   12.20        0.00
GET      /api/concerts                                                                   1299     0(0.00%) |     12       1     321      3 |    2.30        0.00
GET      /health                                                                          694     0(0.00%) |     13       1     389      3 |    1.50        0.00
--------|----------------------------------------------------------------------------|-------|-------------|-------|-------|-------|-------|--------|-----------
         Aggregated                                                                      8523     0(0.00%) |    346       1    3028    160 |   16.00        0.00

Type     Name                                                                          # reqs      # fails |    Avg     Min     Max    Med |   req/s  failures/s
--------|----------------------------------------------------------------------------|-------|-------------|-------|-------|-------|-------|--------|-----------
POST     /api/book                                                                       6549     0(0.00%) |    447      91    3028    220 |   11.60        0.00
GET      /api/concerts                                                                   1302     0(0.00%) |     12       1     321      3 |    2.40        0.00
GET      /health                                                                          698     0(0.00%) |     13       1     389      3 |    1.40        0.00
--------|----------------------------------------------------------------------------|-------|-------------|-------|-------|-------|-------|--------|-----------
         Aggregated                                                                      8549     0(0.00%) |    346       1    3028    160 |   15.40        0.00

Type     Name                                                                          # reqs      # fails |    Avg     Min     Max    Med |   req/s  failures/s
--------|----------------------------------------------------------------------------|-------|-------------|-------|-------|-------|-------|--------|-----------
POST     /api/book                                                                       6567     0(0.00%) |    447      91    3028    220 |   10.60        0.00
GET      /api/concerts                                                                   1305     0(0.00%) |     12       1     321      3 |    2.30        0.00
GET      /health                                                                          700     0(0.00%) |     13       1     389      3 |    1.20        0.00
--------|----------------------------------------------------------------------------|-------|-------------|-------|-------|-------|-------|--------|-----------
         Aggregated                                                                      8572     0(0.00%) |    345       1    3028    160 |   14.10        0.00

Type     Name                                                                          # reqs      # fails |    Avg     Min     Max    Med |   req/s  failures/s
--------|----------------------------------------------------------------------------|-------|-------------|-------|-------|-------|-------|--------|-----------
POST     /api/book                                                                       6582     0(0.00%) |    446      91    3028    220 |   10.50        0.00
GET      /api/concerts                                                                   1308     0(0.00%) |     12       1     321      3 |    1.80        0.00
GET      /health                                                                          701     0(0.00%) |     13       1     389      3 |    1.00        0.00
--------|----------------------------------------------------------------------------|-------|-------------|-------|-------|-------|-------|--------|-----------
         Aggregated                                                                      8591     0(0.00%) |    345       1    3028    160 |   13.30        0.00

Type     Name                                                                          # reqs      # fails |    Avg     Min     Max    Med |   req/s  failures/s
--------|----------------------------------------------------------------------------|-------|-------------|-------|-------|-------|-------|--------|-----------
POST     /api/book                                                                       6593     0(0.00%) |    446      91    3028    220 |    9.40        0.00
GET      /api/concerts                                                                   1313     0(0.00%) |     12       1     321      3 |    2.00        0.00
GET      /health                                                                          703     0(0.00%) |     13       1     389      3 |    1.00        0.00
--------|----------------------------------------------------------------------------|-------|-------------|-------|-------|-------|-------|--------|-----------
         Aggregated                                                                      8609     0(0.00%) |    344       1    3028    160 |   12.40        0.00

Type     Name                                                                          # reqs      # fails |    Avg     Min     Max    Med |   req/s  failures/s
--------|----------------------------------------------------------------------------|-------|-------------|-------|-------|-------|-------|--------|-----------
POST     /api/book                                                                       6606     0(0.00%) |    445      91    3028    220 |    8.40        0.00
GET      /api/concerts                                                                   1316     0(0.00%) |     12       1     321      3 |    1.70        0.00
GET      /health                                                                          704     0(0.00%) |     13       1     389      3 |    1.00        0.00
--------|----------------------------------------------------------------------------|-------|-------------|-------|-------|-------|-------|--------|-----------
         Aggregated                                                                      8626     0(0.00%) |    344       1    3028    160 |   11.10        0.00

Type     Name                                                                          # reqs      # fails |    Avg     Min     Max    Med |   req/s  failures/s
--------|----------------------------------------------------------------------------|-------|-------------|-------|-------|-------|-------|--------|-----------
POST     /api/book                                                                       6615     0(0.00%) |    445      91    3028    220 |    8.20        0.00
GET      /api/concerts                                                                   1321     0(0.00%) |     12       1     321      3 |    1.90        0.00
GET      /health                                                                          706     0(0.00%) |     13       1     389      3 |    0.90        0.00
--------|----------------------------------------------------------------------------|-------|-------------|-------|-------|-------|-------|--------|-----------
         Aggregated                                                                      8642     0(0.00%) |    343       1    3028    160 |   11.00        0.00

Type     Name                                                                          # reqs      # fails |    Avg     Min     Max    Med |   req/s  failures/s
--------|----------------------------------------------------------------------------|-------|-------------|-------|-------|-------|-------|--------|-----------
POST     /api/book                                                                       6627     0(0.00%) |    444      91    3028    220 |    7.30        0.00
GET      /api/concerts                                                                   1322     0(0.00%) |     12       1     321      3 |    1.80        0.00
GET      /health                                                                          709     0(0.00%) |     13       1     389      3 |    0.90        0.00
--------|----------------------------------------------------------------------------|-------|-------------|-------|-------|-------|-------|--------|-----------
         Aggregated                                                                      8658     0(0.00%) |    343       1    3028    160 |   10.00        0.00

Type     Name                                                                          # reqs      # fails |    Avg     Min     Max    Med |   req/s  failures/s
--------|----------------------------------------------------------------------------|-------|-------------|-------|-------|-------|-------|--------|-----------
POST     /api/book                                                                       6636     0(0.00%) |    444      91    3028    220 |    6.30        0.00
GET      /api/concerts                                                                   1324     0(0.00%) |     12       1     321      3 |    2.00        0.00
GET      /health                                                                          709     0(0.00%) |     13       1     389      3 |    0.70        0.00
--------|----------------------------------------------------------------------------|-------|-------------|-------|-------|-------|-------|--------|-----------
         Aggregated                                                                      8669     0(0.00%) |    343       1    3028    160 |    9.00        0.00

Type     Name                                                                          # reqs      # fails |    Avg     Min     Max    Med |   req/s  failures/s
--------|----------------------------------------------------------------------------|-------|-------------|-------|-------|-------|-------|--------|-----------
POST     /api/book                                                                       6645     0(0.00%) |    444      91    3028    220 |    5.80        0.00
GET      /api/concerts                                                                   1324     0(0.00%) |     12       1     321      3 |    1.40        0.00
GET      /health                                                                          710     0(0.00%) |     13       1     389      3 |    0.90        0.00
--------|----------------------------------------------------------------------------|-------|-------------|-------|-------|-------|-------|--------|-----------
         Aggregated                                                                      8679     0(0.00%) |    343       1    3028    160 |    8.10        0.00

Type     Name                                                                          # reqs      # fails |    Avg     Min     Max    Med |   req/s  failures/s
--------|----------------------------------------------------------------------------|-------|-------------|-------|-------|-------|-------|--------|-----------
POST     /api/book                                                                       6649     0(0.00%) |    443      91    3028    220 |    5.10        0.00
GET      /api/concerts                                                                   1326     0(0.00%) |     12       1     321      3 |    1.40        0.00
GET      /health                                                                          710     0(0.00%) |     13       1     389      3 |    0.80        0.00
--------|----------------------------------------------------------------------------|-------|-------------|-------|-------|-------|-------|--------|-----------
         Aggregated                                                                      8685     0(0.00%) |    342       1    3028    160 |    7.30        0.00

Type     Name                                                                          # reqs      # fails |    Avg     Min     Max    Med |   req/s  failures/s
--------|----------------------------------------------------------------------------|-------|-------------|-------|-------|-------|-------|--------|-----------
POST     /api/book                                                                       6656     0(0.00%) |    443      91    3028    220 |    4.60        0.00
GET      /api/concerts                                                                   1327     0(0.00%) |     12       1     321      3 |    1.00        0.00
GET      /health                                                                          710     0(0.00%) |     13       1     389      3 |    0.70        0.00
--------|----------------------------------------------------------------------------|-------|-------------|-------|-------|-------|-------|--------|-----------
         Aggregated                                                                      8693     0(0.00%) |    342       1    3028    160 |    6.30        0.00

[2026-05-29 13:54:51,072] ip-172-31-20-158/INFO/locust.runners: All users spawned: {"TicketingUser": 5} (5 total users)
Type     Name                                                                          # reqs      # fails |    Avg     Min     Max    Med |   req/s  failures/s
--------|----------------------------------------------------------------------------|-------|-------------|-------|-------|-------|-------|--------|-----------
POST     /api/book                                                                       6661     0(0.00%) |    443      91    3028    220 |    3.90        0.00
GET      /api/concerts                                                                   1328     0(0.00%) |     12       1     321      3 |    0.70        0.00
GET      /health                                                                          710     0(0.00%) |     13       1     389      3 |    0.50        0.00
--------|----------------------------------------------------------------------------|-------|-------------|-------|-------|-------|-------|--------|-----------
         Aggregated                                                                      8699     0(0.00%) |    342       1    3028    160 |    5.10        0.00

Type     Name                                                                          # reqs      # fails |    Avg     Min     Max    Med |   req/s  failures/s
--------|----------------------------------------------------------------------------|-------|-------------|-------|-------|-------|-------|--------|-----------
POST     /api/book                                                                       6664     0(0.00%) |    443      91    3028    220 |    3.40        0.00
GET      /api/concerts                                                                   1329     0(0.00%) |     12       1     321      3 |    0.60        0.00
GET      /health                                                                          710     0(0.00%) |     13       1     389      3 |    0.40        0.00
--------|----------------------------------------------------------------------------|-------|-------------|-------|-------|-------|-------|--------|-----------
         Aggregated                                                                      8703     0(0.00%) |    342       1    3028    160 |    4.40        0.00

Type     Name                                                                          # reqs      # fails |    Avg     Min     Max    Med |   req/s  failures/s
--------|----------------------------------------------------------------------------|-------|-------------|-------|-------|-------|-------|--------|-----------
POST     /api/book                                                                       6668     0(0.00%) |    443      91    3028    220 |    3.20        0.00
GET      /api/concerts                                                                   1329     0(0.00%) |     12       1     321      3 |    0.70        0.00
GET      /health                                                                          710     0(0.00%) |     13       1     389      3 |    0.10        0.00
--------|----------------------------------------------------------------------------|-------|-------------|-------|-------|-------|-------|--------|-----------
         Aggregated                                                                      8707     0(0.00%) |    342       1    3028    160 |    4.00        0.00

Type     Name                                                                          # reqs      # fails |    Avg     Min     Max    Med |   req/s  failures/s
--------|----------------------------------------------------------------------------|-------|-------------|-------|-------|-------|-------|--------|-----------
POST     /api/book                                                                       6673     0(0.00%) |    442      91    3028    220 |    2.60        0.00
GET      /api/concerts                                                                   1329     0(0.00%) |     12       1     321      3 |    0.50        0.00
GET      /health                                                                          710     0(0.00%) |     13       1     389      3 |    0.00        0.00
--------|----------------------------------------------------------------------------|-------|-------------|-------|-------|-------|-------|--------|-----------
         Aggregated                                                                      8712     0(0.00%) |    342       1    3028    160 |    3.10        0.00

Type     Name                                                                          # reqs      # fails |    Avg     Min     Max    Med |   req/s  failures/s
--------|----------------------------------------------------------------------------|-------|-------------|-------|-------|-------|-------|--------|-----------
POST     /api/book                                                                       6677     0(0.00%) |    442      91    3028    220 |    2.20        0.00
GET      /api/concerts                                                                   1329     0(0.00%) |     12       1     321      3 |    0.30        0.00
GET      /health                                                                          710     0(0.00%) |     13       1     389      3 |    0.00        0.00
--------|----------------------------------------------------------------------------|-------|-------------|-------|-------|-------|-------|--------|-----------
         Aggregated                                                                      8716     0(0.00%) |    342       1    3028    160 |    2.50        0.00

Type     Name                                                                          # reqs      # fails |    Avg     Min     Max    Med |   req/s  failures/s
--------|----------------------------------------------------------------------------|-------|-------------|-------|-------|-------|-------|--------|-----------
POST     /api/book                                                                       6680     0(0.00%) |    442      91    3028    220 |    2.40        0.00
GET      /api/concerts                                                                   1330     0(0.00%) |     12       1     321      3 |    0.20        0.00
GET      /health                                                                          711     0(0.00%) |     13       1     389      3 |    0.00        0.00
--------|----------------------------------------------------------------------------|-------|-------------|-------|-------|-------|-------|--------|-----------
         Aggregated                                                                      8721     0(0.00%) |    341       1    3028    160 |    2.60        0.00

Type     Name                                                                          # reqs      # fails |    Avg     Min     Max    Med |   req/s  failures/s
--------|----------------------------------------------------------------------------|-------|-------------|-------|-------|-------|-------|--------|-----------
POST     /api/book                                                                       6684     0(0.00%) |    442      91    3028    220 |    2.20        0.00
GET      /api/concerts                                                                   1332     0(0.00%) |     12       1     321      3 |    0.20        0.00
GET      /health                                                                          711     0(0.00%) |     13       1     389      3 |    0.00        0.00
--------|----------------------------------------------------------------------------|-------|-------------|-------|-------|-------|-------|--------|-----------
         Aggregated                                                                      8727     0(0.00%) |    341       1    3028    160 |    2.40        0.00

Type     Name                                                                          # reqs      # fails |    Avg     Min     Max    Med |   req/s  failures/s
--------|----------------------------------------------------------------------------|-------|-------------|-------|-------|-------|-------|--------|-----------
POST     /api/book                                                                       6688     0(0.00%) |    442      91    3028    220 |    2.10        0.00
GET      /api/concerts                                                                   1333     0(0.00%) |     12       1     321      3 |    0.20        0.00
GET      /health                                                                          711     0(0.00%) |     13       1     389      3 |    0.10        0.00
--------|----------------------------------------------------------------------------|-------|-------------|-------|-------|-------|-------|--------|-----------
         Aggregated                                                                      8732     0(0.00%) |    341       1    3028    160 |    2.40        0.00

Type     Name                                                                          # reqs      # fails |    Avg     Min     Max    Med |   req/s  failures/s
--------|----------------------------------------------------------------------------|-------|-------------|-------|-------|-------|-------|--------|-----------
POST     /api/book                                                                       6691     0(0.00%) |    441      91    3028    210 |    2.00        0.00
GET      /api/concerts                                                                   1333     0(0.00%) |     12       1     321      3 |    0.40        0.00
GET      /health                                                                          713     0(0.00%) |     13       1     389      3 |    0.10        0.00
--------|----------------------------------------------------------------------------|-------|-------------|-------|-------|-------|-------|--------|-----------
         Aggregated                                                                      8737     0(0.00%) |    341       1    3028    160 |    2.50        0.00

Type     Name                                                                          # reqs      # fails |    Avg     Min     Max    Med |   req/s  failures/s
--------|----------------------------------------------------------------------------|-------|-------------|-------|-------|-------|-------|--------|-----------
POST     /api/book                                                                       6696     0(0.00%) |    441      91    3028    210 |    1.90        0.00
GET      /api/concerts                                                                   1333     0(0.00%) |     12       1     321      3 |    0.40        0.00
GET      /health                                                                          714     0(0.00%) |     13       1     389      3 |    0.20        0.00
--------|----------------------------------------------------------------------------|-------|-------------|-------|-------|-------|-------|--------|-----------
         Aggregated                                                                      8743     0(0.00%) |    341       1    3028    160 |    2.50        0.00

Type     Name                                                                          # reqs      # fails |    Avg     Min     Max    Med |   req/s  failures/s
--------|----------------------------------------------------------------------------|-------|-------------|-------|-------|-------|-------|--------|-----------
POST     /api/book                                                                       6697     0(0.00%) |    441      91    3028    210 |    1.80        0.00
GET      /api/concerts                                                                   1336     0(0.00%) |     12       1     321      3 |    0.40        0.00
GET      /health                                                                          714     0(0.00%) |     13       1     389      3 |    0.30        0.00
--------|----------------------------------------------------------------------------|-------|-------------|-------|-------|-------|-------|--------|-----------
         Aggregated                                                                      8747     0(0.00%) |    341       1    3028    160 |    2.50        0.00

Type     Name                                                                          # reqs      # fails |    Avg     Min     Max    Med |   req/s  failures/s
--------|----------------------------------------------------------------------------|-------|-------------|-------|-------|-------|-------|--------|-----------
POST     /api/book                                                                       6701     0(0.00%) |    441      91    3028    210 |    1.60        0.00
GET      /api/concerts                                                                   1336     0(0.00%) |     12       1     321      3 |    0.40        0.00
GET      /health                                                                          714     0(0.00%) |     13       1     389      3 |    0.40        0.00
--------|----------------------------------------------------------------------------|-------|-------------|-------|-------|-------|-------|--------|-----------
         Aggregated                                                                      8751     0(0.00%) |    341       1    3028    160 |    2.40        0.00

Type     Name                                                                          # reqs      # fails |    Avg     Min     Max    Med |   req/s  failures/s
--------|----------------------------------------------------------------------------|-------|-------------|-------|-------|-------|-------|--------|-----------
POST     /api/book                                                                       6708     0(0.00%) |    441      91    3028    210 |    1.50        0.00
GET      /api/concerts                                                                   1336     0(0.00%) |     12       1     321      3 |    0.50        0.00
GET      /health                                                                          714     0(0.00%) |     13       1     389      3 |    0.30        0.00
--------|----------------------------------------------------------------------------|-------|-------------|-------|-------|-------|-------|--------|-----------
         Aggregated                                                                      8758     0(0.00%) |    340       1    3028    160 |    2.30        0.00

Type     Name                                                                          # reqs      # fails |    Avg     Min     Max    Med |   req/s  failures/s
--------|----------------------------------------------------------------------------|-------|-------------|-------|-------|-------|-------|--------|-----------
POST     /api/book                                                                       6711     0(0.00%) |    441      91    3028    210 |    1.80        0.00
GET      /api/concerts                                                                   1336     0(0.00%) |     12       1     321      3 |    0.30        0.00
GET      /health                                                                          714     0(0.00%) |     13       1     389      3 |    0.30        0.00
--------|----------------------------------------------------------------------------|-------|-------------|-------|-------|-------|-------|--------|-----------
         Aggregated                                                                      8761     0(0.00%) |    340       1    3028    160 |    2.40        0.00

Type     Name                                                                          # reqs      # fails |    Avg     Min     Max    Med |   req/s  failures/s
--------|----------------------------------------------------------------------------|-------|-------------|-------|-------|-------|-------|--------|-----------
POST     /api/book                                                                       6714     0(0.00%) |    440      91    3028    210 |    2.10        0.00
GET      /api/concerts                                                                   1336     0(0.00%) |     12       1     321      3 |    0.30        0.00
GET      /health                                                                          716     0(0.00%) |     13       1     389      3 |    0.20        0.00
--------|----------------------------------------------------------------------------|-------|-------------|-------|-------|-------|-------|--------|-----------
         Aggregated                                                                      8766     0(0.00%) |    340       1    3028    160 |    2.60        0.00

Type     Name                                                                          # reqs      # fails |    Avg     Min     Max    Med |   req/s  failures/s
--------|----------------------------------------------------------------------------|-------|-------------|-------|-------|-------|-------|--------|-----------
POST     /api/book                                                                       6719     0(0.00%) |    440      91    3028    210 |    2.10        0.00
GET      /api/concerts                                                                   1336     0(0.00%) |     12       1     321      3 |    0.30        0.00
GET      /health                                                                          717     0(0.00%) |     13       1     389      3 |    0.20        0.00
--------|----------------------------------------------------------------------------|-------|-------------|-------|-------|-------|-------|--------|-----------
         Aggregated                                                                      8772     0(0.00%) |    340       1    3028    160 |    2.60        0.00

Type     Name                                                                          # reqs      # fails |    Avg     Min     Max    Med |   req/s  failures/s
--------|----------------------------------------------------------------------------|-------|-------------|-------|-------|-------|-------|--------|-----------
POST     /api/book                                                                       6721     0(0.00%) |    440      91    3028    210 |    2.10        0.00
GET      /api/concerts                                                                   1338     0(0.00%) |     12       1     321      3 |    0.20        0.00
GET      /health                                                                          718     0(0.00%) |     13       1     389      3 |    0.30        0.00
--------|----------------------------------------------------------------------------|-------|-------------|-------|-------|-------|-------|--------|-----------
         Aggregated                                                                      8777     0(0.00%) |    340       1    3028    160 |    2.60        0.00

Type     Name                                                                          # reqs      # fails |    Avg     Min     Max    Med |   req/s  failures/s
--------|----------------------------------------------------------------------------|-------|-------------|-------|-------|-------|-------|--------|-----------
POST     /api/book                                                                       6723     0(0.00%) |    440      91    3028    210 |    2.10        0.00
GET      /api/concerts                                                                   1339     0(0.00%) |     12       1     321      3 |    0.00        0.00
GET      /health                                                                          718     0(0.00%) |     13       1     389      3 |    0.40        0.00
--------|----------------------------------------------------------------------------|-------|-------------|-------|-------|-------|-------|--------|-----------
         Aggregated                                                                      8780     0(0.00%) |    340       1    3028    160 |    2.50        0.00

Type     Name                                                                          # reqs      # fails |    Avg     Min     Max    Med |   req/s  failures/s
--------|----------------------------------------------------------------------------|-------|-------------|-------|-------|-------|-------|--------|-----------
POST     /api/book                                                                       6726     0(0.00%) |    440      91    3028    210 |    2.00        0.00
GET      /api/concerts                                                                   1339     0(0.00%) |     12       1     321      3 |    0.20        0.00
GET      /health                                                                          719     0(0.00%) |     13       1     389      3 |    0.40        0.00
--------|----------------------------------------------------------------------------|-------|-------------|-------|-------|-------|-------|--------|-----------
         Aggregated                                                                      8784     0(0.00%) |    340       1    3028    160 |    2.60        0.00

Type     Name                                                                          # reqs      # fails |    Avg     Min     Max    Med |   req/s  failures/s
--------|----------------------------------------------------------------------------|-------|-------------|-------|-------|-------|-------|--------|-----------
POST     /api/book                                                                       6728     0(0.00%) |    440      91    3028    210 |    1.50        0.00
GET      /api/concerts                                                                   1341     0(0.00%) |     12       1     321      3 |    0.30        0.00
GET      /health                                                                          719     0(0.00%) |     13       1     389      3 |    0.40        0.00
--------|----------------------------------------------------------------------------|-------|-------------|-------|-------|-------|-------|--------|-----------
         Aggregated                                                                      8788     0(0.00%) |    340       1    3028    160 |    2.20        0.00

Type     Name                                                                          # reqs      # fails |    Avg     Min     Max    Med |   req/s  failures/s
--------|----------------------------------------------------------------------------|-------|-------------|-------|-------|-------|-------|--------|-----------
POST     /api/book                                                                       6733     0(0.00%) |    440      91    3028    210 |    1.40        0.00
GET      /api/concerts                                                                   1342     0(0.00%) |     12       1     321      3 |    0.50        0.00
GET      /health                                                                          719     0(0.00%) |     13       1     389      3 |    0.40        0.00
--------|----------------------------------------------------------------------------|-------|-------------|-------|-------|-------|-------|--------|-----------
         Aggregated                                                                      8794     0(0.00%) |    340       1    3028    160 |    2.30        0.00

Type     Name                                                                          # reqs      # fails |    Avg     Min     Max    Med |   req/s  failures/s
--------|----------------------------------------------------------------------------|-------|-------------|-------|-------|-------|-------|--------|-----------
POST     /api/book                                                                       6736     0(0.00%) |    440      91    3028    210 |    1.20        0.00
GET      /api/concerts                                                                   1343     0(0.00%) |     12       1     321      3 |    0.60        0.00
GET      /health                                                                          719     0(0.00%) |     13       1     389      3 |    0.20        0.00
--------|----------------------------------------------------------------------------|-------|-------------|-------|-------|-------|-------|--------|-----------
         Aggregated                                                                      8798     0(0.00%) |    339       1    3028    160 |    2.00        0.00

Type     Name                                                                          # reqs      # fails |    Avg     Min     Max    Med |   req/s  failures/s
--------|----------------------------------------------------------------------------|-------|-------------|-------|-------|-------|-------|--------|-----------
POST     /api/book                                                                       6741     0(0.00%) |    439      91    3028    210 |    1.30        0.00
GET      /api/concerts                                                                   1344     0(0.00%) |     12       1     321      3 |    0.60        0.00
GET      /health                                                                          719     0(0.00%) |     13       1     389      3 |    0.10        0.00
--------|----------------------------------------------------------------------------|-------|-------------|-------|-------|-------|-------|--------|-----------
         Aggregated                                                                      8804     0(0.00%) |    339       1    3028    160 |    2.00        0.00

Type     Name                                                                          # reqs      # fails |    Avg     Min     Max    Med |   req/s  failures/s
--------|----------------------------------------------------------------------------|-------|-------------|-------|-------|-------|-------|--------|-----------
POST     /api/book                                                                       6742     0(0.00%) |    439      91    3028    210 |    1.80        0.00
GET      /api/concerts                                                                   1346     0(0.00%) |     12       1     321      3 |    0.50        0.00
GET      /health                                                                          720     0(0.00%) |     13       1     389      3 |    0.10        0.00
--------|----------------------------------------------------------------------------|-------|-------------|-------|-------|-------|-------|--------|-----------
         Aggregated                                                                      8808     0(0.00%) |    339       1    3028    160 |    2.40        0.00

Type     Name                                                                          # reqs      # fails |    Avg     Min     Max    Med |   req/s  failures/s
--------|----------------------------------------------------------------------------|-------|-------------|-------|-------|-------|-------|--------|-----------
POST     /api/book                                                                       6748     0(0.00%) |    439      91    3028    210 |    1.50        0.00
GET      /api/concerts                                                                   1346     0(0.00%) |     12       1     321      3 |    0.70        0.00
GET      /health                                                                          720     0(0.00%) |     13       1     389      3 |    0.00        0.00
--------|----------------------------------------------------------------------------|-------|-------------|-------|-------|-------|-------|--------|-----------
         Aggregated                                                                      8814     0(0.00%) |    339       1    3028    160 |    2.20        0.00

Type     Name                                                                          # reqs      # fails |    Avg     Min     Max    Med |   req/s  failures/s
--------|----------------------------------------------------------------------------|-------|-------------|-------|-------|-------|-------|--------|-----------
POST     /api/book                                                                       6751     0(0.00%) |    439      91    3028    210 |    1.70        0.00
GET      /api/concerts                                                                   1346     0(0.00%) |     12       1     321      3 |    0.50        0.00
GET      /health                                                                          720     0(0.00%) |     13       1     389      3 |    0.10        0.00
--------|----------------------------------------------------------------------------|-------|-------------|-------|-------|-------|-------|--------|-----------
         Aggregated                                                                      8817     0(0.00%) |    339       1    3028    160 |    2.30        0.00

Type     Name                                                                          # reqs      # fails |    Avg     Min     Max    Med |   req/s  failures/s
--------|----------------------------------------------------------------------------|-------|-------------|-------|-------|-------|-------|--------|-----------
POST     /api/book                                                                       6755     0(0.00%) |    439      91    3028    210 |    2.10        0.00
GET      /api/concerts                                                                   1346     0(0.00%) |     12       1     321      3 |    0.40        0.00
GET      /health                                                                          722     0(0.00%) |     13       1     389      3 |    0.10        0.00
--------|----------------------------------------------------------------------------|-------|-------------|-------|-------|-------|-------|--------|-----------
         Aggregated                                                                      8823     0(0.00%) |    339       1    3028    160 |    2.60        0.00

Type     Name                                                                          # reqs      # fails |    Avg     Min     Max    Med |   req/s  failures/s
--------|----------------------------------------------------------------------------|-------|-------------|-------|-------|-------|-------|--------|-----------
POST     /api/book                                                                       6759     0(0.00%) |    439      91    3028    210 |    2.10        0.00
GET      /api/concerts                                                                   1346     0(0.00%) |     12       1     321      3 |    0.40        0.00
GET      /health                                                                          722     0(0.00%) |     13       1     389      3 |    0.20        0.00
--------|----------------------------------------------------------------------------|-------|-------------|-------|-------|-------|-------|--------|-----------
         Aggregated                                                                      8827     0(0.00%) |    339       1    3028    160 |    2.70        0.00

Type     Name                                                                          # reqs      # fails |    Avg     Min     Max    Med |   req/s  failures/s
--------|----------------------------------------------------------------------------|-------|-------------|-------|-------|-------|-------|--------|-----------
POST     /api/book                                                                       6764     0(0.00%) |    438      91    3028    210 |    1.70        0.00
GET      /api/concerts                                                                   1347     0(0.00%) |     12       1     321      3 |    0.30        0.00
GET      /health                                                                          722     0(0.00%) |     13       1     389      3 |    0.30        0.00
--------|----------------------------------------------------------------------------|-------|-------------|-------|-------|-------|-------|--------|-----------
         Aggregated                                                                      8833     0(0.00%) |    338       1    3028    160 |    2.30        0.00

Type     Name                                                                          # reqs      # fails |    Avg     Min     Max    Med |   req/s  failures/s
--------|----------------------------------------------------------------------------|-------|-------------|-------|-------|-------|-------|--------|-----------
POST     /api/book                                                                       6768     0(0.00%) |    438      91    3028    210 |    2.20        0.00
GET      /api/concerts                                                                   1347     0(0.00%) |     12       1     321      3 |    0.00        0.00
GET      /health                                                                          722     0(0.00%) |     13       1     389      3 |    0.30        0.00
--------|----------------------------------------------------------------------------|-------|-------------|-------|-------|-------|-------|--------|-----------
         Aggregated                                                                      8837     0(0.00%) |    338       1    3028    160 |    2.50        0.00

Type     Name                                                                          # reqs      # fails |    Avg     Min     Max    Med |   req/s  failures/s
--------|----------------------------------------------------------------------------|-------|-------------|-------|-------|-------|-------|--------|-----------
POST     /api/book                                                                       6772     0(0.00%) |    438      91    3028    210 |    2.20        0.00
GET      /api/concerts                                                                   1348     0(0.00%) |     12       1     321      3 |    0.10        0.00
GET      /health                                                                          722     0(0.00%) |     13       1     389      3 |    0.20        0.00
--------|----------------------------------------------------------------------------|-------|-------------|-------|-------|-------|-------|--------|-----------
         Aggregated                                                                      8842     0(0.00%) |    338       1    3028    160 |    2.50        0.00

Type     Name                                                                          # reqs      # fails |    Avg     Min     Max    Med |   req/s  failures/s
--------|----------------------------------------------------------------------------|-------|-------------|-------|-------|-------|-------|--------|-----------
POST     /api/book                                                                       6775     0(0.00%) |    438      91    3028    210 |    2.00        0.00
GET      /api/concerts                                                                   1351     0(0.00%) |     12       1     321      3 |    0.20        0.00
GET      /health                                                                          722     0(0.00%) |     13       1     389      3 |    0.20        0.00
--------|----------------------------------------------------------------------------|-------|-------------|-------|-------|-------|-------|--------|-----------
         Aggregated                                                                      8848     0(0.00%) |    338       1    3028    160 |    2.40        0.00

Type     Name                                                                          # reqs      # fails |    Avg     Min     Max    Med |   req/s  failures/s
--------|----------------------------------------------------------------------------|-------|-------------|-------|-------|-------|-------|--------|-----------
POST     /api/book                                                                       6779     0(0.00%) |    438      91    3028    210 |    1.80        0.00
GET      /api/concerts                                                                   1352     0(0.00%) |     12       1     321      3 |    0.50        0.00
GET      /health                                                                          722     0(0.00%) |     13       1     389      3 |    0.10        0.00
--------|----------------------------------------------------------------------------|-------|-------------|-------|-------|-------|-------|--------|-----------
         Aggregated                                                                      8853     0(0.00%) |    338       1    3028    160 |    2.40        0.00

Type     Name                                                                          # reqs      # fails |    Avg     Min     Max    Med |   req/s  failures/s
--------|----------------------------------------------------------------------------|-------|-------------|-------|-------|-------|-------|--------|-----------
POST     /api/book                                                                       6782     0(0.00%) |    437      91    3028    210 |    2.10        0.00
GET      /api/concerts                                                                   1354     0(0.00%) |     12       1     321      3 |    0.60        0.00
GET      /health                                                                          722     0(0.00%) |     13       1     389      3 |    0.00        0.00
--------|----------------------------------------------------------------------------|-------|-------------|-------|-------|-------|-------|--------|-----------
         Aggregated                                                                      8858     0(0.00%) |    338       1    3028    160 |    2.70        0.00

Type     Name                                                                          # reqs      # fails |    Avg     Min     Max    Med |   req/s  failures/s
--------|----------------------------------------------------------------------------|-------|-------------|-------|-------|-------|-------|--------|-----------
POST     /api/book                                                                       6787     0(0.00%) |    437      91    3028    210 |    1.80        0.00
GET      /api/concerts                                                                   1354     0(0.00%) |     12       1     321      3 |    0.70        0.00
GET      /health                                                                          723     0(0.00%) |     13       1     389      3 |    0.00        0.00
--------|----------------------------------------------------------------------------|-------|-------------|-------|-------|-------|-------|--------|-----------
         Aggregated                                                                      8864     0(0.00%) |    338       1    3028    160 |    2.50        0.00

Type     Name                                                                          # reqs      # fails |    Avg     Min     Max    Med |   req/s  failures/s
--------|----------------------------------------------------------------------------|-------|-------------|-------|-------|-------|-------|--------|-----------
POST     /api/book                                                                       6790     0(0.00%) |    437      91    3028    210 |    1.70        0.00
GET      /api/concerts                                                                   1356     0(0.00%) |     12       1     321      3 |    0.70        0.00
GET      /health                                                                          723     0(0.00%) |     13       1     389      3 |    0.00        0.00
--------|----------------------------------------------------------------------------|-------|-------------|-------|-------|-------|-------|--------|-----------
         Aggregated                                                                      8869     0(0.00%) |    338       1    3028    160 |    2.40        0.00

Type     Name                                                                          # reqs      # fails |    Avg     Min     Max    Med |   req/s  failures/s
--------|----------------------------------------------------------------------------|-------|-------------|-------|-------|-------|-------|--------|-----------
POST     /api/book                                                                       6794     0(0.00%) |    437      91    3028    210 |    1.90        0.00
GET      /api/concerts                                                                   1357     0(0.00%) |     12       1     321      3 |    0.60        0.00
GET      /health                                                                          723     0(0.00%) |     13       1     389      3 |    0.10        0.00
--------|----------------------------------------------------------------------------|-------|-------------|-------|-------|-------|-------|--------|-----------
         Aggregated                                                                      8874     0(0.00%) |    337       1    3028    150 |    2.60        0.00

Type     Name                                                                          # reqs      # fails |    Avg     Min     Max    Med |   req/s  failures/s
--------|----------------------------------------------------------------------------|-------|-------------|-------|-------|-------|-------|--------|-----------
POST     /api/book                                                                       6795     0(0.00%) |    437      91    3028    210 |    1.90        0.00
GET      /api/concerts                                                                   1359     0(0.00%) |     12       1     321      3 |    0.50        0.00
GET      /health                                                                          723     0(0.00%) |     13       1     389      3 |    0.10        0.00
--------|----------------------------------------------------------------------------|-------|-------------|-------|-------|-------|-------|--------|-----------
         Aggregated                                                                      8877     0(0.00%) |    337       1    3028    150 |    2.50        0.00

Type     Name                                                                          # reqs      # fails |    Avg     Min     Max    Med |   req/s  failures/s
--------|----------------------------------------------------------------------------|-------|-------------|-------|-------|-------|-------|--------|-----------
POST     /api/book                                                                       6799     0(0.00%) |    437      91    3028    210 |    1.60        0.00
GET      /api/concerts                                                                   1360     0(0.00%) |     12       1     321      3 |    0.60        0.00
GET      /health                                                                          724     0(0.00%) |     13       1     389      3 |    0.10        0.00
--------|----------------------------------------------------------------------------|-------|-------------|-------|-------|-------|-------|--------|-----------
         Aggregated                                                                      8883     0(0.00%) |    337       1    3028    150 |    2.30        0.00

Type     Name                                                                          # reqs      # fails |    Avg     Min     Max    Med |   req/s  failures/s
--------|----------------------------------------------------------------------------|-------|-------------|-------|-------|-------|-------|--------|-----------
POST     /api/book                                                                       6804     0(0.00%) |    437      91    3028    210 |    1.60        0.00
GET      /api/concerts                                                                   1361     0(0.00%) |     12       1     321      3 |    0.70        0.00
GET      /health                                                                          724     0(0.00%) |     13       1     389      3 |    0.20        0.00
--------|----------------------------------------------------------------------------|-------|-------------|-------|-------|-------|-------|--------|-----------
         Aggregated                                                                      8889     0(0.00%) |    337       1    3028    150 |    2.50        0.00

Type     Name                                                                          # reqs      # fails |    Avg     Min     Max    Med |   req/s  failures/s
--------|----------------------------------------------------------------------------|-------|-------------|-------|-------|-------|-------|--------|-----------
POST     /api/book                                                                       6808     0(0.00%) |    436      91    3028    210 |    1.80        0.00
GET      /api/concerts                                                                   1361     0(0.00%) |     12       1     321      3 |    0.70        0.00
GET      /health                                                                          725     0(0.00%) |     13       1     389      3 |    0.20        0.00
--------|----------------------------------------------------------------------------|-------|-------------|-------|-------|-------|-------|--------|-----------
         Aggregated                                                                      8894     0(0.00%) |    337       1    3028    150 |    2.70        0.00

Type     Name                                                                          # reqs      # fails |    Avg     Min     Max    Med |   req/s  failures/s
--------|----------------------------------------------------------------------------|-------|-------------|-------|-------|-------|-------|--------|-----------
POST     /api/book                                                                       6813     0(0.00%) |    436      91    3028    210 |    1.80        0.00
GET      /api/concerts                                                                   1363     0(0.00%) |     12       1     321      3 |    0.70        0.00
GET      /health                                                                          725     0(0.00%) |     13       1     389      3 |    0.20        0.00
--------|----------------------------------------------------------------------------|-------|-------------|-------|-------|-------|-------|--------|-----------
         Aggregated                                                                      8901     0(0.00%) |    337       1    3028    150 |    2.70        0.00

Type     Name                                                                          # reqs      # fails |    Avg     Min     Max    Med |   req/s  failures/s
--------|----------------------------------------------------------------------------|-------|-------------|-------|-------|-------|-------|--------|-----------
POST     /api/book                                                                       6816     0(0.00%) |    436      91    3028    210 |    1.80        0.00
GET      /api/concerts                                                                   1364     0(0.00%) |     12       1     321      3 |    0.60        0.00
GET      /health                                                                          726     0(0.00%) |     13       1     389      3 |    0.20        0.00
--------|----------------------------------------------------------------------------|-------|-------------|-------|-------|-------|-------|--------|-----------
         Aggregated                                                                      8906     0(0.00%) |    337       1    3028    150 |    2.60        0.00

Type     Name                                                                          # reqs      # fails |    Avg     Min     Max    Med |   req/s  failures/s
--------|----------------------------------------------------------------------------|-------|-------------|-------|-------|-------|-------|--------|-----------
POST     /api/book                                                                       6817     0(0.00%) |    436      91    3028    210 |    2.00        0.00
GET      /api/concerts                                                                   1366     0(0.00%) |     12       1     321      3 |    0.50        0.00
GET      /health                                                                          727     0(0.00%) |     13       1     389      3 |    0.20        0.00
--------|----------------------------------------------------------------------------|-------|-------------|-------|-------|-------|-------|--------|-----------
         Aggregated                                                                      8910     0(0.00%) |    336       1    3028    150 |    2.70        0.00

Type     Name                                                                          # reqs      # fails |    Avg     Min     Max    Med |   req/s  failures/s
--------|----------------------------------------------------------------------------|-------|-------------|-------|-------|-------|-------|--------|-----------
POST     /api/book                                                                       6821     0(0.00%) |    436      91    3028    210 |    1.90        0.00
GET      /api/concerts                                                                   1367     0(0.00%) |     12       1     321      3 |    0.40        0.00
GET      /health                                                                          727     0(0.00%) |     13       1     389      3 |    0.30        0.00
--------|----------------------------------------------------------------------------|-------|-------------|-------|-------|-------|-------|--------|-----------
         Aggregated                                                                      8915     0(0.00%) |    336       1    3028    150 |    2.60        0.00

Type     Name                                                                          # reqs      # fails |    Avg     Min     Max    Med |   req/s  failures/s
--------|----------------------------------------------------------------------------|-------|-------------|-------|-------|-------|-------|--------|-----------
POST     /api/book                                                                       6826     0(0.00%) |    436      91    3028    210 |    1.60        0.00
GET      /api/concerts                                                                   1367     0(0.00%) |     12       1     321      3 |    0.60        0.00
GET      /health                                                                          727     0(0.00%) |     13       1     389      3 |    0.30        0.00
--------|----------------------------------------------------------------------------|-------|-------------|-------|-------|-------|-------|--------|-----------
         Aggregated                                                                      8920     0(0.00%) |    336       1    3028    150 |    2.50        0.00

Type     Name                                                                          # reqs      # fails |    Avg     Min     Max    Med |   req/s  failures/s
--------|----------------------------------------------------------------------------|-------|-------------|-------|-------|-------|-------|--------|-----------
POST     /api/book                                                                       6830     0(0.00%) |    435      91    3028    210 |    1.60        0.00
GET      /api/concerts                                                                   1367     0(0.00%) |     12       1     321      3 |    0.60        0.00
GET      /health                                                                          727     0(0.00%) |     13       1     389      3 |    0.20        0.00
--------|----------------------------------------------------------------------------|-------|-------------|-------|-------|-------|-------|--------|-----------
         Aggregated                                                                      8924     0(0.00%) |    336       1    3028    150 |    2.40        0.00

Type     Name                                                                          # reqs      # fails |    Avg     Min     Max    Med |   req/s  failures/s
--------|----------------------------------------------------------------------------|-------|-------------|-------|-------|-------|-------|--------|-----------
POST     /api/book                                                                       6833     0(0.00%) |    435      91    3028    210 |    1.90        0.00
GET      /api/concerts                                                                   1367     0(0.00%) |     12       1     321      3 |    0.50        0.00
GET      /health                                                                          727     0(0.00%) |     13       1     389      3 |    0.20        0.00
--------|----------------------------------------------------------------------------|-------|-------------|-------|-------|-------|-------|--------|-----------
         Aggregated                                                                      8927     0(0.00%) |    336       1    3028    150 |    2.60        0.00

Type     Name                                                                          # reqs      # fails |    Avg     Min     Max    Med |   req/s  failures/s
--------|----------------------------------------------------------------------------|-------|-------------|-------|-------|-------|-------|--------|-----------
POST     /api/book                                                                       6838     0(0.00%) |    435      91    3028    210 |    1.80        0.00
GET      /api/concerts                                                                   1367     0(0.00%) |     12       1     321      3 |    0.40        0.00
GET      /health                                                                          727     0(0.00%) |     13       1     389      3 |    0.20        0.00
--------|----------------------------------------------------------------------------|-------|-------------|-------|-------|-------|-------|--------|-----------
         Aggregated                                                                      8932     0(0.00%) |    336       1    3028    150 |    2.40        0.00

Type     Name                                                                          # reqs      # fails |    Avg     Min     Max    Med |   req/s  failures/s
--------|----------------------------------------------------------------------------|-------|-------------|-------|-------|-------|-------|--------|-----------
POST     /api/book                                                                       6843     0(0.00%) |    435      91    3028    210 |    2.10        0.00
GET      /api/concerts                                                                   1367     0(0.00%) |     12       1     321      3 |    0.30        0.00
GET      /health                                                                          727     0(0.00%) |     13       1     389      3 |    0.00        0.00
--------|----------------------------------------------------------------------------|-------|-------------|-------|-------|-------|-------|--------|-----------
         Aggregated                                                                      8937     0(0.00%) |    336       1    3028    150 |    2.40        0.00

Type     Name                                                                          # reqs      # fails |    Avg     Min     Max    Med |   req/s  failures/s
--------|----------------------------------------------------------------------------|-------|-------------|-------|-------|-------|-------|--------|-----------
POST     /api/book                                                                       6846     0(0.00%) |    435      91    3028    210 |    2.20        0.00
GET      /api/concerts                                                                   1368     0(0.00%) |     12       1     321      3 |    0.00        0.00
GET      /health                                                                          728     0(0.00%) |     13       1     389      3 |    0.00        0.00
--------|----------------------------------------------------------------------------|-------|-------------|-------|-------|-------|-------|--------|-----------
         Aggregated                                                                      8942     0(0.00%) |    336       1    3028    150 |    2.20        0.00

Type     Name                                                                          # reqs      # fails |    Avg     Min     Max    Med |   req/s  failures/s
--------|----------------------------------------------------------------------------|-------|-------------|-------|-------|-------|-------|--------|-----------
POST     /api/book                                                                       6849     0(0.00%) |    435      91    3028    210 |    2.20        0.00
GET      /api/concerts                                                                   1369     0(0.00%) |     12       1     321      3 |    0.10        0.00
GET      /health                                                                          728     0(0.00%) |     13       1     389      3 |    0.00        0.00
--------|----------------------------------------------------------------------------|-------|-------------|-------|-------|-------|-------|--------|-----------
         Aggregated                                                                      8946     0(0.00%) |    336       1    3028    150 |    2.30        0.00

Type     Name                                                                          # reqs      # fails |    Avg     Min     Max    Med |   req/s  failures/s
--------|----------------------------------------------------------------------------|-------|-------------|-------|-------|-------|-------|--------|-----------
POST     /api/book                                                                       6852     0(0.00%) |    435      91    3028    210 |    2.00        0.00
GET      /api/concerts                                                                   1369     0(0.00%) |     12       1     321      3 |    0.10        0.00
GET      /health                                                                          728     0(0.00%) |     13       1     389      3 |    0.10        0.00
--------|----------------------------------------------------------------------------|-------|-------------|-------|-------|-------|-------|--------|-----------
         Aggregated                                                                      8949     0(0.00%) |    336       1    3028    150 |    2.20        0.00

Type     Name                                                                          # reqs      # fails |    Avg     Min     Max    Med |   req/s  failures/s
--------|----------------------------------------------------------------------------|-------|-------------|-------|-------|-------|-------|--------|-----------
POST     /api/book                                                                       6857     0(0.00%) |    434      91    3028    210 |    2.00        0.00
GET      /api/concerts                                                                   1369     0(0.00%) |     12       1     321      3 |    0.20        0.00
GET      /health                                                                          729     0(0.00%) |     13       1     389      3 |    0.10        0.00
--------|----------------------------------------------------------------------------|-------|-------------|-------|-------|-------|-------|--------|-----------
         Aggregated                                                                      8955     0(0.00%) |    335       1    3028    150 |    2.30        0.00

Type     Name                                                                          # reqs      # fails |    Avg     Min     Max    Med |   req/s  failures/s
--------|----------------------------------------------------------------------------|-------|-------------|-------|-------|-------|-------|--------|-----------
POST     /api/book                                                                       6861     0(0.00%) |    434      91    3028    210 |    1.90        0.00
GET      /api/concerts                                                                   1369     0(0.00%) |     12       1     321      3 |    0.20        0.00
GET      /health                                                                          729     0(0.00%) |     13       1     389      3 |    0.10        0.00
--------|----------------------------------------------------------------------------|-------|-------------|-------|-------|-------|-------|--------|-----------
         Aggregated                                                                      8959     0(0.00%) |    335       1    3028    150 |    2.20        0.00

Type     Name                                                                          # reqs      # fails |    Avg     Min     Max    Med |   req/s  failures/s
--------|----------------------------------------------------------------------------|-------|-------------|-------|-------|-------|-------|--------|-----------
POST     /api/book                                                                       6865     0(0.00%) |    434      91    3028    210 |    2.10        0.00
GET      /api/concerts                                                                   1371     0(0.00%) |     12       1     321      3 |    0.20        0.00
GET      /health                                                                          729     0(0.00%) |     13       1     389      3 |    0.20        0.00
--------|----------------------------------------------------------------------------|-------|-------------|-------|-------|-------|-------|--------|-----------
         Aggregated                                                                      8965     0(0.00%) |    335       1    3028    150 |    2.50        0.00

Type     Name                                                                          # reqs      # fails |    Avg     Min     Max    Med |   req/s  failures/s
--------|----------------------------------------------------------------------------|-------|-------------|-------|-------|-------|-------|--------|-----------
POST     /api/book                                                                       6868     0(0.00%) |    434      91    3028    210 |    1.80        0.00
GET      /api/concerts                                                                   1372     0(0.00%) |     12       1     321      3 |    0.20        0.00
GET      /health                                                                          729     0(0.00%) |     13       1     389      3 |    0.20        0.00
--------|----------------------------------------------------------------------------|-------|-------------|-------|-------|-------|-------|--------|-----------
         Aggregated                                                                      8969     0(0.00%) |    335       1    3028    150 |    2.20        0.00

Type     Name                                                                          # reqs      # fails |    Avg     Min     Max    Med |   req/s  failures/s
--------|----------------------------------------------------------------------------|-------|-------------|-------|-------|-------|-------|--------|-----------
POST     /api/book                                                                       6873     0(0.00%) |    434      91    3028    210 |    1.80        0.00
GET      /api/concerts                                                                   1372     0(0.00%) |     12       1     321      3 |    0.40        0.00
GET      /health                                                                          729     0(0.00%) |     13       1     389      3 |    0.10        0.00
--------|----------------------------------------------------------------------------|-------|-------------|-------|-------|-------|-------|--------|-----------
         Aggregated                                                                      8974     0(0.00%) |    335       1    3028    150 |    2.30        0.00

Type     Name                                                                          # reqs      # fails |    Avg     Min     Max    Med |   req/s  failures/s
--------|----------------------------------------------------------------------------|-------|-------------|-------|-------|-------|-------|--------|-----------
POST     /api/book                                                                       6876     0(0.00%) |    434      91    3028    210 |    1.80        0.00
GET      /api/concerts                                                                   1372     0(0.00%) |     12       1     321      3 |    0.30        0.00
GET      /health                                                                          730     0(0.00%) |     13       1     389      3 |    0.10        0.00
--------|----------------------------------------------------------------------------|-------|-------------|-------|-------|-------|-------|--------|-----------
         Aggregated                                                                      8978     0(0.00%) |    335       1    3028    150 |    2.20        0.00

Type     Name                                                                          # reqs      # fails |    Avg     Min     Max    Med |   req/s  failures/s
--------|----------------------------------------------------------------------------|-------|-------------|-------|-------|-------|-------|--------|-----------
POST     /api/book                                                                       6879     0(0.00%) |    433      91    3028    210 |    2.00        0.00
GET      /api/concerts                                                                   1373     0(0.00%) |     12       1     321      3 |    0.30        0.00
GET      /health                                                                          730     0(0.00%) |     13       1     389      3 |    0.10        0.00
--------|----------------------------------------------------------------------------|-------|-------------|-------|-------|-------|-------|--------|-----------
         Aggregated                                                                      8982     0(0.00%) |    335       1    3028    150 |    2.40        0.00

Type     Name                                                                          # reqs      # fails |    Avg     Min     Max    Med |   req/s  failures/s
--------|----------------------------------------------------------------------------|-------|-------------|-------|-------|-------|-------|--------|-----------
POST     /api/book                                                                       6883     0(0.00%) |    433      91    3028    210 |    1.80        0.00
GET      /api/concerts                                                                   1375     0(0.00%) |     12       1     321      3 |    0.30        0.00
GET      /health                                                                          730     0(0.00%) |     13       1     389      3 |    0.10        0.00
--------|----------------------------------------------------------------------------|-------|-------------|-------|-------|-------|-------|--------|-----------
         Aggregated                                                                      8988     0(0.00%) |    335       1    3028    150 |    2.20        0.00

Type     Name                                                                          # reqs      # fails |    Avg     Min     Max    Med |   req/s  failures/s
--------|----------------------------------------------------------------------------|-------|-------------|-------|-------|-------|-------|--------|-----------
POST     /api/book                                                                       6885     0(0.00%) |    433      91    3028    210 |    1.90        0.00
GET      /api/concerts                                                                   1376     0(0.00%) |     12       1     321      3 |    0.40        0.00
GET      /health                                                                          730     0(0.00%) |     13       1     389      3 |    0.10        0.00
--------|----------------------------------------------------------------------------|-------|-------------|-------|-------|-------|-------|--------|-----------
         Aggregated                                                                      8991     0(0.00%) |    335       1    3028    150 |    2.40        0.00

Type     Name                                                                          # reqs      # fails |    Avg     Min     Max    Med |   req/s  failures/s
--------|----------------------------------------------------------------------------|-------|-------------|-------|-------|-------|-------|--------|-----------
POST     /api/book                                                                       6890     0(0.00%) |    433      91    3028    210 |    1.70        0.00
GET      /api/concerts                                                                   1377     0(0.00%) |     12       1     321      3 |    0.40        0.00
GET      /health                                                                          731     0(0.00%) |     13       1     389      3 |    0.10        0.00
--------|----------------------------------------------------------------------------|-------|-------------|-------|-------|-------|-------|--------|-----------
         Aggregated                                                                      8998     0(0.00%) |    334       1    3028    150 |    2.20        0.00

Type     Name                                                                          # reqs      # fails |    Avg     Min     Max    Med |   req/s  failures/s
--------|----------------------------------------------------------------------------|-------|-------------|-------|-------|-------|-------|--------|-----------
POST     /api/book                                                                       6892     0(0.00%) |    433      91    3028    210 |    1.80        0.00
GET      /api/concerts                                                                   1378     0(0.00%) |     12       1     321      3 |    0.40        0.00
GET      /health                                                                          731     0(0.00%) |     13       1     389      3 |    0.20        0.00
--------|----------------------------------------------------------------------------|-------|-------------|-------|-------|-------|-------|--------|-----------
         Aggregated                                                                      9001     0(0.00%) |    334       1    3028    150 |    2.40        0.00

Type     Name                                                                          # reqs      # fails |    Avg     Min     Max    Med |   req/s  failures/s
--------|----------------------------------------------------------------------------|-------|-------------|-------|-------|-------|-------|--------|-----------
POST     /api/book                                                                       6897     0(0.00%) |    433      91    3028    200 |    1.70        0.00
GET      /api/concerts                                                                   1379     0(0.00%) |     12       1     321      3 |    0.50        0.00
GET      /health                                                                          731     0(0.00%) |     13       1     389      3 |    0.10        0.00
--------|----------------------------------------------------------------------------|-------|-------------|-------|-------|-------|-------|--------|-----------
         Aggregated                                                                      9007     0(0.00%) |    334       1    3028    150 |    2.30        0.00

Type     Name                                                                          # reqs      # fails |    Avg     Min     Max    Med |   req/s  failures/s
--------|----------------------------------------------------------------------------|-------|-------------|-------|-------|-------|-------|--------|-----------
POST     /api/book                                                                       6898     0(0.00%) |    433      91    3028    200 |    1.60        0.00
GET      /api/concerts                                                                   1380     0(0.00%) |     12       1     321      3 |    0.60        0.00
GET      /health                                                                          731     0(0.00%) |     13       1     389      3 |    0.10        0.00
--------|----------------------------------------------------------------------------|-------|-------------|-------|-------|-------|-------|--------|-----------
         Aggregated                                                                      9009     0(0.00%) |    334       1    3028    150 |    2.30        0.00

Type     Name                                                                          # reqs      # fails |    Avg     Min     Max    Med |   req/s  failures/s
--------|----------------------------------------------------------------------------|-------|-------------|-------|-------|-------|-------|--------|-----------
POST     /api/book                                                                       6902     0(0.00%) |    432      91    3028    200 |    1.60        0.00
GET      /api/concerts                                                                   1381     0(0.00%) |     12       1     321      3 |    0.60        0.00
GET      /health                                                                          732     0(0.00%) |     13       1     389      3 |    0.10        0.00
--------|----------------------------------------------------------------------------|-------|-------------|-------|-------|-------|-------|--------|-----------
         Aggregated                                                                      9015     0(0.00%) |    334       1    3028    150 |    2.30        0.00

Type     Name                                                                          # reqs      # fails |    Avg     Min     Max    Med |   req/s  failures/s
--------|----------------------------------------------------------------------------|-------|-------------|-------|-------|-------|-------|--------|-----------
POST     /api/book                                                                       6903     0(0.00%) |    432      91    3028    200 |    1.60        0.00
GET      /api/concerts                                                                   1384     0(0.00%) |     12       1     321      3 |    0.50        0.00
GET      /health                                                                          733     0(0.00%) |     13       1     389      3 |    0.20        0.00
--------|----------------------------------------------------------------------------|-------|-------------|-------|-------|-------|-------|--------|-----------
         Aggregated                                                                      9020     0(0.00%) |    334       1    3028    150 |    2.30        0.00

Type     Name                                                                          # reqs      # fails |    Avg     Min     Max    Med |   req/s  failures/s
--------|----------------------------------------------------------------------------|-------|-------------|-------|-------|-------|-------|--------|-----------
POST     /api/book                                                                       6907     0(0.00%) |    432      91    3028    200 |    1.40        0.00
GET      /api/concerts                                                                   1385     0(0.00%) |     12       1     321      3 |    0.70        0.00
GET      /health                                                                          733     0(0.00%) |     13       1     389      3 |    0.10        0.00
--------|----------------------------------------------------------------------------|-------|-------------|-------|-------|-------|-------|--------|-----------
         Aggregated                                                                      9025     0(0.00%) |    334       1    3028    150 |    2.20        0.00

Type     Name                                                                          # reqs      # fails |    Avg     Min     Max    Med |   req/s  failures/s
--------|----------------------------------------------------------------------------|-------|-------------|-------|-------|-------|-------|--------|-----------
POST     /api/book                                                                       6909     0(0.00%) |    432      91    3028    200 |    1.40        0.00
GET      /api/concerts                                                                   1386     0(0.00%) |     12       1     321      3 |    0.70        0.00
GET      /health                                                                          733     0(0.00%) |     13       1     389      3 |    0.20        0.00
--------|----------------------------------------------------------------------------|-------|-------------|-------|-------|-------|-------|--------|-----------
         Aggregated                                                                      9028     0(0.00%) |    334       1    3028    150 |    2.30        0.00

Type     Name                                                                          # reqs      # fails |    Avg     Min     Max    Med |   req/s  failures/s
--------|----------------------------------------------------------------------------|-------|-------------|-------|-------|-------|-------|--------|-----------
POST     /api/book                                                                       6914     0(0.00%) |    432      91    3028    200 |    1.50        0.00
GET      /api/concerts                                                                   1387     0(0.00%) |     12       1     321      3 |    0.60        0.00
GET      /health                                                                          733     0(0.00%) |     13       1     389      3 |    0.20        0.00
--------|----------------------------------------------------------------------------|-------|-------------|-------|-------|-------|-------|--------|-----------
         Aggregated                                                                      9034     0(0.00%) |    333       1    3028    150 |    2.30        0.00

Type     Name                                                                          # reqs      # fails |    Avg     Min     Max    Med |   req/s  failures/s
--------|----------------------------------------------------------------------------|-------|-------------|-------|-------|-------|-------|--------|-----------
POST     /api/book                                                                       6917     0(0.00%) |    432      91    3028    200 |    1.30        0.00
GET      /api/concerts                                                                   1387     0(0.00%) |     12       1     321      3 |    0.60        0.00
GET      /health                                                                          733     0(0.00%) |     13       1     389      3 |    0.20        0.00
--------|----------------------------------------------------------------------------|-------|-------------|-------|-------|-------|-------|--------|-----------
         Aggregated                                                                      9037     0(0.00%) |    333       1    3028    150 |    2.10        0.00

Type     Name                                                                          # reqs      # fails |    Avg     Min     Max    Med |   req/s  failures/s
--------|----------------------------------------------------------------------------|-------|-------------|-------|-------|-------|-------|--------|-----------
POST     /api/book                                                                       6920     0(0.00%) |    432      91    3028    200 |    1.60        0.00
GET      /api/concerts                                                                   1388     0(0.00%) |     12       1     321      3 |    0.70        0.00
GET      /health                                                                          733     0(0.00%) |     13       1     389      3 |    0.20        0.00
--------|----------------------------------------------------------------------------|-------|-------------|-------|-------|-------|-------|--------|-----------
         Aggregated                                                                      9041     0(0.00%) |    333       1    3028    150 |    2.50        0.00

Type     Name                                                                          # reqs      # fails |    Avg     Min     Max    Med |   req/s  failures/s
--------|----------------------------------------------------------------------------|-------|-------------|-------|-------|-------|-------|--------|-----------
POST     /api/book                                                                       6924     0(0.00%) |    432      91    3028    200 |    1.80        0.00
GET      /api/concerts                                                                   1390     0(0.00%) |     12       1     321      3 |    0.50        0.00
GET      /health                                                                          733     0(0.00%) |     13       1     389      3 |    0.10        0.00
--------|----------------------------------------------------------------------------|-------|-------------|-------|-------|-------|-------|--------|-----------
         Aggregated                                                                      9047     0(0.00%) |    333       1    3028    150 |    2.40        0.00

Type     Name                                                                          # reqs      # fails |    Avg     Min     Max    Med |   req/s  failures/s
--------|----------------------------------------------------------------------------|-------|-------------|-------|-------|-------|-------|--------|-----------
POST     /api/book                                                                       6929     0(0.00%) |    431      91    3028    200 |    1.60        0.00
GET      /api/concerts                                                                   1391     0(0.00%) |     12       1     321      3 |    0.60        0.00
GET      /health                                                                          733     0(0.00%) |     13       1     389      3 |    0.00        0.00
--------|----------------------------------------------------------------------------|-------|-------------|-------|-------|-------|-------|--------|-----------
         Aggregated                                                                      9053     0(0.00%) |    333       1    3028    150 |    2.20        0.00

Type     Name                                                                          # reqs      # fails |    Avg     Min     Max    Med |   req/s  failures/s
--------|----------------------------------------------------------------------------|-------|-------------|-------|-------|-------|-------|--------|-----------
POST     /api/book                                                                       6934     0(0.00%) |    431      91    3028    200 |    1.70        0.00
GET      /api/concerts                                                                   1391     0(0.00%) |     12       1     321      3 |    0.50        0.00
GET      /health                                                                          733     0(0.00%) |     13       1     389      3 |    0.00        0.00
--------|----------------------------------------------------------------------------|-------|-------------|-------|-------|-------|-------|--------|-----------
         Aggregated                                                                      9058     0(0.00%) |    333       1    3028    150 |    2.20        0.00

Type     Name                                                                          # reqs      # fails |    Avg     Min     Max    Med |   req/s  failures/s
--------|----------------------------------------------------------------------------|-------|-------------|-------|-------|-------|-------|--------|-----------
POST     /api/book                                                                       6939     0(0.00%) |    431      91    3028    200 |    2.00        0.00
GET      /api/concerts                                                                   1391     0(0.00%) |     12       1     321      3 |    0.50        0.00
GET      /health                                                                          733     0(0.00%) |     13       1     389      3 |    0.00        0.00
--------|----------------------------------------------------------------------------|-------|-------------|-------|-------|-------|-------|--------|-----------
         Aggregated                                                                      9063     0(0.00%) |    333       1    3028    150 |    2.50        0.00

Type     Name                                                                          # reqs      # fails |    Avg     Min     Max    Med |   req/s  failures/s
--------|----------------------------------------------------------------------------|-------|-------------|-------|-------|-------|-------|--------|-----------
POST     /api/book                                                                       6942     0(0.00%) |    431      91    3028    200 |    2.20        0.00
GET      /api/concerts                                                                   1392     0(0.00%) |     12       1     321      3 |    0.40        0.00
GET      /health                                                                          733     0(0.00%) |     13       1     389      3 |    0.00        0.00
--------|----------------------------------------------------------------------------|-------|-------------|-------|-------|-------|-------|--------|-----------
         Aggregated                                                                      9067     0(0.00%) |    333       1    3028    150 |    2.60        0.00

Type     Name                                                                          # reqs      # fails |    Avg     Min     Max    Med |   req/s  failures/s
--------|----------------------------------------------------------------------------|-------|-------------|-------|-------|-------|-------|--------|-----------
POST     /api/book                                                                       6946     0(0.00%) |    431      91    3028    200 |    2.10        0.00
GET      /api/concerts                                                                   1392     0(0.00%) |     12       1     321      3 |    0.40        0.00
GET      /health                                                                          733     0(0.00%) |     13       1     389      3 |    0.00        0.00
--------|----------------------------------------------------------------------------|-------|-------------|-------|-------|-------|-------|--------|-----------
         Aggregated                                                                      9071     0(0.00%) |    333       1    3028    150 |    2.50        0.00

Type     Name                                                                          # reqs      # fails |    Avg     Min     Max    Med |   req/s  failures/s
--------|----------------------------------------------------------------------------|-------|-------------|-------|-------|-------|-------|--------|-----------
POST     /api/book                                                                       6952     0(0.00%) |    430      91    3028    200 |    2.30        0.00
GET      /api/concerts                                                                   1392     0(0.00%) |     12       1     321      3 |    0.20        0.00
GET      /health                                                                          733     0(0.00%) |     13       1     389      3 |    0.00        0.00
--------|----------------------------------------------------------------------------|-------|-------------|-------|-------|-------|-------|--------|-----------
         Aggregated                                                                      9077     0(0.00%) |    332       1    3028    150 |    2.50        0.00

Type     Name                                                                          # reqs      # fails |    Avg     Min     Max    Med |   req/s  failures/s
--------|----------------------------------------------------------------------------|-------|-------------|-------|-------|-------|-------|--------|-----------
POST     /api/book                                                                       6956     0(0.00%) |    430      91    3028    200 |    2.30        0.00
GET      /api/concerts                                                                   1394     0(0.00%) |     12       1     321      3 |    0.10        0.00
GET      /health                                                                          733     0(0.00%) |     13       1     389      3 |    0.00        0.00
--------|----------------------------------------------------------------------------|-------|-------------|-------|-------|-------|-------|--------|-----------
         Aggregated                                                                      9083     0(0.00%) |    332       1    3028    150 |    2.40        0.00

Type     Name                                                                          # reqs      # fails |    Avg     Min     Max    Med |   req/s  failures/s
--------|----------------------------------------------------------------------------|-------|-------------|-------|-------|-------|-------|--------|-----------
POST     /api/book                                                                       6958     0(0.00%) |    430      91    3028    200 |    2.30        0.00
GET      /api/concerts                                                                   1395     0(0.00%) |     12       1     321      3 |    0.10        0.00
GET      /health                                                                          735     0(0.00%) |     13       1     389      3 |    0.00        0.00
--------|----------------------------------------------------------------------------|-------|-------------|-------|-------|-------|-------|--------|-----------
         Aggregated                                                                      9088     0(0.00%) |    332       1    3028    150 |    2.40        0.00

Type     Name                                                                          # reqs      # fails |    Avg     Min     Max    Med |   req/s  failures/s
--------|----------------------------------------------------------------------------|-------|-------------|-------|-------|-------|-------|--------|-----------
POST     /api/book                                                                       6963     0(0.00%) |    430      91    3028    200 |    2.10        0.00
GET      /api/concerts                                                                   1395     0(0.00%) |     12       1     321      3 |    0.30        0.00
GET      /health                                                                          735     0(0.00%) |     13       1     389      3 |    0.00        0.00
--------|----------------------------------------------------------------------------|-------|-------------|-------|-------|-------|-------|--------|-----------
         Aggregated                                                                      9093     0(0.00%) |    332       1    3028    150 |    2.40        0.00

Type     Name                                                                          # reqs      # fails |    Avg     Min     Max    Med |   req/s  failures/s
--------|----------------------------------------------------------------------------|-------|-------------|-------|-------|-------|-------|--------|-----------
POST     /api/book                                                                       6967     0(0.00%) |    430      91    3028    200 |    2.10        0.00
GET      /api/concerts                                                                   1395     0(0.00%) |     12       1     321      3 |    0.30        0.00
GET      /health                                                                          735     0(0.00%) |     13       1     389      3 |    0.20        0.00
--------|----------------------------------------------------------------------------|-------|-------------|-------|-------|-------|-------|--------|-----------
         Aggregated                                                                      9097     0(0.00%) |    332       1    3028    150 |    2.60        0.00

Type     Name                                                                          # reqs      # fails |    Avg     Min     Max    Med |   req/s  failures/s
--------|----------------------------------------------------------------------------|-------|-------------|-------|-------|-------|-------|--------|-----------
POST     /api/book                                                                       6970     0(0.00%) |    430      91    3028    200 |    2.10        0.00
GET      /api/concerts                                                                   1397     0(0.00%) |     12       1     321      3 |    0.30        0.00
GET      /health                                                                          735     0(0.00%) |     13       1     389      3 |    0.20        0.00
--------|----------------------------------------------------------------------------|-------|-------------|-------|-------|-------|-------|--------|-----------
         Aggregated                                                                      9102     0(0.00%) |    332       1    3028    150 |    2.60        0.00

Type     Name                                                                          # reqs      # fails |    Avg     Min     Max    Med |   req/s  failures/s
--------|----------------------------------------------------------------------------|-------|-------------|-------|-------|-------|-------|--------|-----------
POST     /api/book                                                                       6973     0(0.00%) |    429      91    3028    200 |    2.00        0.00
GET      /api/concerts                                                                   1397     0(0.00%) |     12       1     321      3 |    0.30        0.00
GET      /health                                                                          735     0(0.00%) |     13       1     389      3 |    0.20        0.00
--------|----------------------------------------------------------------------------|-------|-------------|-------|-------|-------|-------|--------|-----------
         Aggregated                                                                      9105     0(0.00%) |    332       1    3028    150 |    2.50        0.00

Type     Name                                                                          # reqs      # fails |    Avg     Min     Max    Med |   req/s  failures/s
--------|----------------------------------------------------------------------------|-------|-------------|-------|-------|-------|-------|--------|-----------
POST     /api/book                                                                       6975     0(0.00%) |    429      91    3028    200 |    1.70        0.00
GET      /api/concerts                                                                   1398     0(0.00%) |     12       1     321      3 |    0.50        0.00
GET      /health                                                                          736     0(0.00%) |     13       1     389      3 |    0.20        0.00
--------|----------------------------------------------------------------------------|-------|-------------|-------|-------|-------|-------|--------|-----------
         Aggregated                                                                      9109     0(0.00%) |    332       1    3028    150 |    2.40        0.00

Type     Name                                                                          # reqs      # fails |    Avg     Min     Max    Med |   req/s  failures/s
--------|----------------------------------------------------------------------------|-------|-------------|-------|-------|-------|-------|--------|-----------
POST     /api/book                                                                       6981     0(0.00%) |    429      91    3028    200 |    1.80        0.00
GET      /api/concerts                                                                   1398     0(0.00%) |     12       1     321      3 |    0.30        0.00
GET      /health                                                                          736     0(0.00%) |     13       1     389      3 |    0.20        0.00
--------|----------------------------------------------------------------------------|-------|-------------|-------|-------|-------|-------|--------|-----------
         Aggregated                                                                      9115     0(0.00%) |    331       1    3028    150 |    2.30        0.00

Type     Name                                                                          # reqs      # fails |    Avg     Min     Max    Med |   req/s  failures/s
--------|----------------------------------------------------------------------------|-------|-------------|-------|-------|-------|-------|--------|-----------
POST     /api/book                                                                       6984     0(0.00%) |    429      91    3028    200 |    1.80        0.00
GET      /api/concerts                                                                   1399     0(0.00%) |     12       1     321      3 |    0.30        0.00
GET      /health                                                                          738     0(0.00%) |     13       1     389      3 |    0.10        0.00
--------|----------------------------------------------------------------------------|-------|-------------|-------|-------|-------|-------|--------|-----------
         Aggregated                                                                      9121     0(0.00%) |    331       1    3028    150 |    2.20        0.00

Type     Name                                                                          # reqs      # fails |    Avg     Min     Max    Med |   req/s  failures/s
--------|----------------------------------------------------------------------------|-------|-------------|-------|-------|-------|-------|--------|-----------
POST     /api/book                                                                       6987     0(0.00%) |    429      91    3028    200 |    1.80        0.00
GET      /api/concerts                                                                   1400     0(0.00%) |     12       1     321      3 |    0.40        0.00
GET      /health                                                                          739     0(0.00%) |     13       1     389      3 |    0.20        0.00
--------|----------------------------------------------------------------------------|-------|-------------|-------|-------|-------|-------|--------|-----------
         Aggregated                                                                      9126     0(0.00%) |    331       1    3028    150 |    2.40        0.00

Type     Name                                                                          # reqs      # fails |    Avg     Min     Max    Med |   req/s  failures/s
--------|----------------------------------------------------------------------------|-------|-------------|-------|-------|-------|-------|--------|-----------
POST     /api/book                                                                       6990     0(0.00%) |    429      91    3028    200 |    1.50        0.00
GET      /api/concerts                                                                   1401     0(0.00%) |     12       1     321      3 |    0.40        0.00
GET      /health                                                                          740     0(0.00%) |     13       1     389      3 |    0.40        0.00
--------|----------------------------------------------------------------------------|-------|-------------|-------|-------|-------|-------|--------|-----------
         Aggregated                                                                      9131     0(0.00%) |    331       1    3028    150 |    2.30        0.00

Type     Name                                                                          # reqs      # fails |    Avg     Min     Max    Med |   req/s  failures/s
--------|----------------------------------------------------------------------------|-------|-------------|-------|-------|-------|-------|--------|-----------
POST     /api/book                                                                       6996     0(0.00%) |    428      91    3028    200 |    1.70        0.00
GET      /api/concerts                                                                   1401     0(0.00%) |     12       1     321      3 |    0.40        0.00
GET      /health                                                                          740     0(0.00%) |     13       1     389      3 |    0.50        0.00
--------|----------------------------------------------------------------------------|-------|-------------|-------|-------|-------|-------|--------|-----------
         Aggregated                                                                      9137     0(0.00%) |    331       1    3028    150 |    2.60        0.00

Type     Name                                                                          # reqs      # fails |    Avg     Min     Max    Med |   req/s  failures/s
--------|----------------------------------------------------------------------------|-------|-------------|-------|-------|-------|-------|--------|-----------
POST     /api/book                                                                       7000     0(0.00%) |    428      91    3028    200 |    2.00        0.00
GET      /api/concerts                                                                   1402     0(0.00%) |     12       1     321      3 |    0.30        0.00
GET      /health                                                                          740     0(0.00%) |     13       1     389      3 |    0.40        0.00
--------|----------------------------------------------------------------------------|-------|-------------|-------|-------|-------|-------|--------|-----------
         Aggregated                                                                      9142     0(0.00%) |    331       1    3028    150 |    2.70        0.00

Type     Name                                                                          # reqs      # fails |    Avg     Min     Max    Med |   req/s  failures/s
--------|----------------------------------------------------------------------------|-------|-------------|-------|-------|-------|-------|--------|-----------
POST     /api/book                                                                       7004     0(0.00%) |    428      91    3028    200 |    2.00        0.00
GET      /api/concerts                                                                   1403     0(0.00%) |     12       1     321      3 |    0.30        0.00
GET      /health                                                                          740     0(0.00%) |     13       1     389      3 |    0.40        0.00
--------|----------------------------------------------------------------------------|-------|-------------|-------|-------|-------|-------|--------|-----------
         Aggregated                                                                      9147     0(0.00%) |    331       1    3028    150 |    2.70        0.00

Type     Name                                                                          # reqs      # fails |    Avg     Min     Max    Med |   req/s  failures/s
--------|----------------------------------------------------------------------------|-------|-------------|-------|-------|-------|-------|--------|-----------
POST     /api/book                                                                       7007     0(0.00%) |    428      91    3028    200 |    1.80        0.00
GET      /api/concerts                                                                   1403     0(0.00%) |     12       1     321      3 |    0.30        0.00
GET      /health                                                                          740     0(0.00%) |     13       1     389      3 |    0.30        0.00
--------|----------------------------------------------------------------------------|-------|-------------|-------|-------|-------|-------|--------|-----------
         Aggregated                                                                      9150     0(0.00%) |    331       1    3028    150 |    2.40        0.00

Type     Name                                                                          # reqs      # fails |    Avg     Min     Max    Med |   req/s  failures/s
--------|----------------------------------------------------------------------------|-------|-------------|-------|-------|-------|-------|--------|-----------
POST     /api/book                                                                       7011     0(0.00%) |    428      91    3028    200 |    2.00        0.00
GET      /api/concerts                                                                   1404     0(0.00%) |     12       1     321      3 |    0.40        0.00
GET      /health                                                                          740     0(0.00%) |     13       1     389      3 |    0.10        0.00
--------|----------------------------------------------------------------------------|-------|-------------|-------|-------|-------|-------|--------|-----------
         Aggregated                                                                      9155     0(0.00%) |    330       1    3028    150 |    2.50        0.00

Type     Name                                                                          # reqs      # fails |    Avg     Min     Max    Med |   req/s  failures/s
--------|----------------------------------------------------------------------------|-------|-------------|-------|-------|-------|-------|--------|-----------
POST     /api/book                                                                       7014     0(0.00%) |    428      91    3028    200 |    2.20        0.00
GET      /api/concerts                                                                   1404     0(0.00%) |     12       1     321      3 |    0.40        0.00
GET      /health                                                                          741     0(0.00%) |     13       1     389      3 |    0.10        0.00
--------|----------------------------------------------------------------------------|-------|-------------|-------|-------|-------|-------|--------|-----------
         Aggregated                                                                      9159     0(0.00%) |    330       1    3028    150 |    2.70        0.00

Type     Name                                                                          # reqs      # fails |    Avg     Min     Max    Med |   req/s  failures/s
--------|----------------------------------------------------------------------------|-------|-------------|-------|-------|-------|-------|--------|-----------
POST     /api/book                                                                       7019     0(0.00%) |    428      91    3028    200 |    1.90        0.00
GET      /api/concerts                                                                   1404     0(0.00%) |     12       1     321      3 |    0.30        0.00
GET      /health                                                                          741     0(0.00%) |     13       1     389      3 |    0.00        0.00
--------|----------------------------------------------------------------------------|-------|-------------|-------|-------|-------|-------|--------|-----------
         Aggregated                                                                      9164     0(0.00%) |    330       1    3028    150 |    2.20        0.00

Type     Name                                                                          # reqs      # fails |    Avg     Min     Max    Med |   req/s  failures/s
--------|----------------------------------------------------------------------------|-------|-------------|-------|-------|-------|-------|--------|-----------
POST     /api/book                                                                       7021     0(0.00%) |    427      91    3028    200 |    1.70        0.00
GET      /api/concerts                                                                   1405     0(0.00%) |     12       1     321      3 |    0.30        0.00
GET      /health                                                                          741     0(0.00%) |     13       1     389      3 |    0.10        0.00
--------|----------------------------------------------------------------------------|-------|-------------|-------|-------|-------|-------|--------|-----------
         Aggregated                                                                      9167     0(0.00%) |    330       1    3028    150 |    2.10        0.00

Type     Name                                                                          # reqs      # fails |    Avg     Min     Max    Med |   req/s  failures/s
--------|----------------------------------------------------------------------------|-------|-------------|-------|-------|-------|-------|--------|-----------
POST     /api/book                                                                       7027     0(0.00%) |    427      91    3028    200 |    1.80        0.00
GET      /api/concerts                                                                   1405     0(0.00%) |     12       1     321      3 |    0.20        0.00
GET      /health                                                                          741     0(0.00%) |     13       1     389      3 |    0.10        0.00
--------|----------------------------------------------------------------------------|-------|-------------|-------|-------|-------|-------|--------|-----------
         Aggregated                                                                      9173     0(0.00%) |    330       1    3028    150 |    2.10        0.00

Type     Name                                                                          # reqs      # fails |    Avg     Min     Max    Med |   req/s  failures/s
--------|----------------------------------------------------------------------------|-------|-------------|-------|-------|-------|-------|--------|-----------
POST     /api/book                                                                       7031     0(0.00%) |    427      91    3028    200 |    2.00        0.00
GET      /api/concerts                                                                   1405     0(0.00%) |     12       1     321      3 |    0.20        0.00
GET      /health                                                                          741     0(0.00%) |     13       1     389      3 |    0.10        0.00
--------|----------------------------------------------------------------------------|-------|-------------|-------|-------|-------|-------|--------|-----------
         Aggregated                                                                      9177     0(0.00%) |    330       1    3028    150 |    2.30        0.00

Type     Name                                                                          # reqs      # fails |    Avg     Min     Max    Med |   req/s  failures/s
--------|----------------------------------------------------------------------------|-------|-------------|-------|-------|-------|-------|--------|-----------
POST     /api/book                                                                       7034     0(0.00%) |    427      91    3028    200 |    2.00        0.00
GET      /api/concerts                                                                   1407     0(0.00%) |     12       1     321      3 |    0.10        0.00
GET      /health                                                                          741     0(0.00%) |     13       1     389      3 |    0.10        0.00
--------|----------------------------------------------------------------------------|-------|-------------|-------|-------|-------|-------|--------|-----------
         Aggregated                                                                      9182     0(0.00%) |    330       1    3028    150 |    2.20        0.00

Type     Name                                                                          # reqs      # fails |    Avg     Min     Max    Med |   req/s  failures/s
--------|----------------------------------------------------------------------------|-------|-------------|-------|-------|-------|-------|--------|-----------
POST     /api/book                                                                       7040     0(0.00%) |    427      91    3028    200 |    1.90        0.00
GET      /api/concerts                                                                   1409     0(0.00%) |     12       1     321      3 |    0.20        0.00
GET      /health                                                                          741     0(0.00%) |     13       1     389      3 |    0.10        0.00
--------|----------------------------------------------------------------------------|-------|-------------|-------|-------|-------|-------|--------|-----------
         Aggregated                                                                      9190     0(0.00%) |    330       1    3028    150 |    2.20        0.00

Type     Name                                                                          # reqs      # fails |    Avg     Min     Max    Med |   req/s  failures/s
--------|----------------------------------------------------------------------------|-------|-------------|-------|-------|-------|-------|--------|-----------
POST     /api/book                                                                       7041     0(0.00%) |    427      91    3028    200 |    2.10        0.00
GET      /api/concerts                                                                   1411     0(0.00%) |     12       1     321      3 |    0.40        0.00
GET      /health                                                                          741     0(0.00%) |     13       1     389      3 |    0.00        0.00
--------|----------------------------------------------------------------------------|-------|-------------|-------|-------|-------|-------|--------|-----------
         Aggregated                                                                      9193     0(0.00%) |    330       1    3028    150 |    2.50        0.00

Type     Name                                                                          # reqs      # fails |    Avg     Min     Max    Med |   req/s  failures/s
--------|----------------------------------------------------------------------------|-------|-------------|-------|-------|-------|-------|--------|-----------
POST     /api/book                                                                       7046     0(0.00%) |    426      91    3028    200 |    2.10        0.00
GET      /api/concerts                                                                   1411     0(0.00%) |     12       1     321      3 |    0.60        0.00
GET      /health                                                                          741     0(0.00%) |     13       1     389      3 |    0.00        0.00
--------|----------------------------------------------------------------------------|-------|-------------|-------|-------|-------|-------|--------|-----------
         Aggregated                                                                      9198     0(0.00%) |    329       1    3028    150 |    2.70        0.00

Type     Name                                                                          # reqs      # fails |    Avg     Min     Max    Med |   req/s  failures/s
--------|----------------------------------------------------------------------------|-------|-------------|-------|-------|-------|-------|--------|-----------
POST     /api/book                                                                       7049     0(0.00%) |    426      91    3028    200 |    1.90        0.00
GET      /api/concerts                                                                   1414     0(0.00%) |     12       1     321      3 |    0.60        0.00
GET      /health                                                                          741     0(0.00%) |     13       1     389      3 |    0.00        0.00
--------|----------------------------------------------------------------------------|-------|-------------|-------|-------|-------|-------|--------|-----------
         Aggregated                                                                      9204     0(0.00%) |    329       1    3028    150 |    2.50        0.00

Type     Name                                                                          # reqs      # fails |    Avg     Min     Max    Med |   req/s  failures/s
--------|----------------------------------------------------------------------------|-------|-------------|-------|-------|-------|-------|--------|-----------
POST     /api/book                                                                       7052     0(0.00%) |    426      91    3028    200 |    1.80        0.00
GET      /api/concerts                                                                   1415     0(0.00%) |     12       1     321      3 |    0.70        0.00
GET      /health                                                                          741     0(0.00%) |     13       1     389      3 |    0.00        0.00
--------|----------------------------------------------------------------------------|-------|-------------|-------|-------|-------|-------|--------|-----------
         Aggregated                                                                      9208     0(0.00%) |    329       1    3028    150 |    2.50        0.00

Type     Name                                                                          # reqs      # fails |    Avg     Min     Max    Med |   req/s  failures/s
--------|----------------------------------------------------------------------------|-------|-------------|-------|-------|-------|-------|--------|-----------
POST     /api/book                                                                       7057     0(0.00%) |    426      91    3028    200 |    2.00        0.00
GET      /api/concerts                                                                   1415     0(0.00%) |     12       1     321      3 |    0.90        0.00
GET      /health                                                                          741     0(0.00%) |     13       1     389      3 |    0.00        0.00
--------|----------------------------------------------------------------------------|-------|-------------|-------|-------|-------|-------|--------|-----------
         Aggregated                                                                      9213     0(0.00%) |    329       1    3028    150 |    2.90        0.00

Type     Name                                                                          # reqs      # fails |    Avg     Min     Max    Med |   req/s  failures/s
--------|----------------------------------------------------------------------------|-------|-------------|-------|-------|-------|-------|--------|-----------
POST     /api/book                                                                       7061     0(0.00%) |    426      91    3028    200 |    1.70        0.00
GET      /api/concerts                                                                   1415     0(0.00%) |     12       1     321      3 |    0.60        0.00
GET      /health                                                                          741     0(0.00%) |     13       1     389      3 |    0.00        0.00
--------|----------------------------------------------------------------------------|-------|-------------|-------|-------|-------|-------|--------|-----------
         Aggregated                                                                      9217     0(0.00%) |    329       1    3028    150 |    2.30        0.00

Type     Name                                                                          # reqs      # fails |    Avg     Min     Max    Med |   req/s  failures/s
--------|----------------------------------------------------------------------------|-------|-------------|-------|-------|-------|-------|--------|-----------
POST     /api/book                                                                       7064     0(0.00%) |    426      91    3028    200 |    1.80        0.00
GET      /api/concerts                                                                   1416     0(0.00%) |     12       1     321      3 |    0.50        0.00
GET      /health                                                                          741     0(0.00%) |     13       1     389      3 |    0.00        0.00
--------|----------------------------------------------------------------------------|-------|-------------|-------|-------|-------|-------|--------|-----------
         Aggregated                                                                      9221     0(0.00%) |    329       1    3028    150 |    2.30        0.00

Type     Name                                                                          # reqs      # fails |    Avg     Min     Max    Med |   req/s  failures/s
--------|----------------------------------------------------------------------------|-------|-------------|-------|-------|-------|-------|--------|-----------
POST     /api/book                                                                       7069     0(0.00%) |    425      91    3028    200 |    1.80        0.00
GET      /api/concerts                                                                   1416     0(0.00%) |     12       1     321      3 |    0.50        0.00
GET      /health                                                                          741     0(0.00%) |     13       1     389      3 |    0.00        0.00
--------|----------------------------------------------------------------------------|-------|-------------|-------|-------|-------|-------|--------|-----------
         Aggregated                                                                      9226     0(0.00%) |    329       1    3028    150 |    2.30        0.00

Type     Name                                                                          # reqs      # fails |    Avg     Min     Max    Med |   req/s  failures/s
--------|----------------------------------------------------------------------------|-------|-------------|-------|-------|-------|-------|--------|-----------
POST     /api/book                                                                       7073     0(0.00%) |    425      91    3028    200 |    2.00        0.00
GET      /api/concerts                                                                   1416     0(0.00%) |     12       1     321      3 |    0.40        0.00
GET      /health                                                                          741     0(0.00%) |     13       1     389      3 |    0.00        0.00
--------|----------------------------------------------------------------------------|-------|-------------|-------|-------|-------|-------|--------|-----------
         Aggregated                                                                      9230     0(0.00%) |    329       1    3028    150 |    2.40        0.00

Type     Name                                                                          # reqs      # fails |    Avg     Min     Max    Med |   req/s  failures/s
--------|----------------------------------------------------------------------------|-------|-------------|-------|-------|-------|-------|--------|-----------
POST     /api/book                                                                       7077     0(0.00%) |    425      91    3028    200 |    2.10        0.00
GET      /api/concerts                                                                   1418     0(0.00%) |     12       1     321      3 |    0.10        0.00
GET      /health                                                                          742     0(0.00%) |     13       1     389      3 |    0.00        0.00
--------|----------------------------------------------------------------------------|-------|-------------|-------|-------|-------|-------|--------|-----------
         Aggregated                                                                      9237     0(0.00%) |    329       1    3028    150 |    2.20        0.00

Type     Name                                                                          # reqs      # fails |    Avg     Min     Max    Med |   req/s  failures/s
--------|----------------------------------------------------------------------------|-------|-------------|-------|-------|-------|-------|--------|-----------
POST     /api/book                                                                       7078     0(0.00%) |    425      91    3028    200 |    2.00        0.00
GET      /api/concerts                                                                   1419     0(0.00%) |     12       1     321      3 |    0.20        0.00
GET      /health                                                                          742     0(0.00%) |     13       1     389      3 |    0.10        0.00
--------|----------------------------------------------------------------------------|-------|-------------|-------|-------|-------|-------|--------|-----------
         Aggregated                                                                      9239     0(0.00%) |    329       1    3028    150 |    2.30        0.00

Type     Name                                                                          # reqs      # fails |    Avg     Min     Max    Med |   req/s  failures/s
--------|----------------------------------------------------------------------------|-------|-------------|-------|-------|-------|-------|--------|-----------
POST     /api/book                                                                       7082     0(0.00%) |    425      91    3028    200 |    1.90        0.00
GET      /api/concerts                                                                   1419     0(0.00%) |     12       1     321      3 |    0.30        0.00
GET      /health                                                                          742     0(0.00%) |     13       1     389      3 |    0.10        0.00
--------|----------------------------------------------------------------------------|-------|-------------|-------|-------|-------|-------|--------|-----------
         Aggregated                                                                      9243     0(0.00%) |    328       1    3028    150 |    2.30        0.00

Type     Name                                                                          # reqs      # fails |    Avg     Min     Max    Med |   req/s  failures/s
--------|----------------------------------------------------------------------------|-------|-------------|-------|-------|-------|-------|--------|-----------
POST     /api/book                                                                       7089     0(0.00%) |    425      91    3028    200 |    1.80        0.00
GET      /api/concerts                                                                   1419     0(0.00%) |     12       1     321      3 |    0.30        0.00
GET      /health                                                                          742     0(0.00%) |     13       1     389      3 |    0.10        0.00
--------|----------------------------------------------------------------------------|-------|-------------|-------|-------|-------|-------|--------|-----------
         Aggregated                                                                      9250     0(0.00%) |    328       1    3028    150 |    2.20        0.00

Type     Name                                                                          # reqs      # fails |    Avg     Min     Max    Med |   req/s  failures/s
--------|----------------------------------------------------------------------------|-------|-------------|-------|-------|-------|-------|--------|-----------
POST     /api/book                                                                       7093     0(0.00%) |    425      91    3028    200 |    1.90        0.00
GET      /api/concerts                                                                   1419     0(0.00%) |     12       1     321      3 |    0.30        0.00
GET      /health                                                                          742     0(0.00%) |     13       1     389      3 |    0.10        0.00
--------|----------------------------------------------------------------------------|-------|-------------|-------|-------|-------|-------|--------|-----------
         Aggregated                                                                      9254     0(0.00%) |    328       1    3028    150 |    2.30        0.00

Type     Name                                                                          # reqs      # fails |    Avg     Min     Max    Med |   req/s  failures/s
--------|----------------------------------------------------------------------------|-------|-------------|-------|-------|-------|-------|--------|-----------
POST     /api/book                                                                       7094     0(0.00%) |    425      91    3028    200 |    1.90        0.00
GET      /api/concerts                                                                   1422     0(0.00%) |     12       1     321      3 |    0.30        0.00
GET      /health                                                                          743     0(0.00%) |     13       1     389      3 |    0.10        0.00
--------|----------------------------------------------------------------------------|-------|-------------|-------|-------|-------|-------|--------|-----------
         Aggregated                                                                      9259     0(0.00%) |    328       1    3028    150 |    2.30        0.00

Type     Name                                                                          # reqs      # fails |    Avg     Min     Max    Med |   req/s  failures/s
--------|----------------------------------------------------------------------------|-------|-------------|-------|-------|-------|-------|--------|-----------
POST     /api/book                                                                       7099     0(0.00%) |    424      91    3028    200 |    2.00        0.00
GET      /api/concerts                                                                   1423     0(0.00%) |     12       1     321      3 |    0.40        0.00
GET      /health                                                                          743     0(0.00%) |     13       1     389      3 |    0.10        0.00
--------|----------------------------------------------------------------------------|-------|-------------|-------|-------|-------|-------|--------|-----------
         Aggregated                                                                      9265     0(0.00%) |    328       1    3028    150 |    2.50        0.00

Type     Name                                                                          # reqs      # fails |    Avg     Min     Max    Med |   req/s  failures/s
--------|----------------------------------------------------------------------------|-------|-------------|-------|-------|-------|-------|--------|-----------
POST     /api/book                                                                       7102     0(0.00%) |    424      91    3028    200 |    2.10        0.00
GET      /api/concerts                                                                   1426     0(0.00%) |     12       1     321      3 |    0.40        0.00
GET      /health                                                                          743     0(0.00%) |     13       1     389      3 |    0.10        0.00
--------|----------------------------------------------------------------------------|-------|-------------|-------|-------|-------|-------|--------|-----------
         Aggregated                                                                      9271     0(0.00%) |    328       1    3028    150 |    2.60        0.00

Type     Name                                                                          # reqs      # fails |    Avg     Min     Max    Med |   req/s  failures/s
--------|----------------------------------------------------------------------------|-------|-------------|-------|-------|-------|-------|--------|-----------
POST     /api/book                                                                       7102     0(0.00%) |    424      91    3028    200 |    1.80        0.00
GET      /api/concerts                                                                   1429     0(0.00%) |     11       1     321      3 |    0.60        0.00
GET      /health                                                                          744     0(0.00%) |     13       1     389      3 |    0.10        0.00
--------|----------------------------------------------------------------------------|-------|-------------|-------|-------|-------|-------|--------|-----------
         Aggregated                                                                      9275     0(0.00%) |    328       1    3028    150 |    2.50        0.00

Type     Name                                                                          # reqs      # fails |    Avg     Min     Max    Med |   req/s  failures/s
--------|----------------------------------------------------------------------------|-------|-------------|-------|-------|-------|-------|--------|-----------
POST     /api/book                                                                       7105     0(0.00%) |    424      91    3028    200 |    1.60        0.00
GET      /api/concerts                                                                   1431     0(0.00%) |     11       1     321      3 |    0.90        0.00
GET      /health                                                                          744     0(0.00%) |     13       1     389      3 |    0.20        0.00
--------|----------------------------------------------------------------------------|-------|-------------|-------|-------|-------|-------|--------|-----------
         Aggregated                                                                      9280     0(0.00%) |    327       1    3028    150 |    2.70        0.00

Type     Name                                                                          # reqs      # fails |    Avg     Min     Max    Med |   req/s  failures/s
--------|----------------------------------------------------------------------------|-------|-------------|-------|-------|-------|-------|--------|-----------
POST     /api/book                                                                       7107     0(0.00%) |    424      91    3028    200 |    1.40        0.00
GET      /api/concerts                                                                   1433     0(0.00%) |     11       1     321      3 |    1.10        0.00
GET      /health                                                                          744     0(0.00%) |     13       1     389      3 |    0.20        0.00
--------|----------------------------------------------------------------------------|-------|-------------|-------|-------|-------|-------|--------|-----------
         Aggregated                                                                      9284     0(0.00%) |    327       1    3028    150 |    2.70        0.00

Type     Name                                                                          # reqs      # fails |    Avg     Min     Max    Med |   req/s  failures/s
--------|----------------------------------------------------------------------------|-------|-------------|-------|-------|-------|-------|--------|-----------
POST     /api/book                                                                       7109     0(0.00%) |    424      91    3028    200 |    1.20        0.00
GET      /api/concerts                                                                   1434     0(0.00%) |     11       1     321      3 |    1.00        0.00
GET      /health                                                                          745     0(0.00%) |     13       1     389      3 |    0.10        0.00
--------|----------------------------------------------------------------------------|-------|-------------|-------|-------|-------|-------|--------|-----------
         Aggregated                                                                      9288     0(0.00%) |    327       1    3028    150 |    2.30        0.00

Type     Name                                                                          # reqs      # fails |    Avg     Min     Max    Med |   req/s  failures/s
--------|----------------------------------------------------------------------------|-------|-------------|-------|-------|-------|-------|--------|-----------
POST     /api/book                                                                       7113     0(0.00%) |    424      91    3028    200 |    1.00        0.00
GET      /api/concerts                                                                   1434     0(0.00%) |     11       1     321      3 |    1.10        0.00
GET      /health                                                                          745     0(0.00%) |     13       1     389      3 |    0.20        0.00
--------|----------------------------------------------------------------------------|-------|-------------|-------|-------|-------|-------|--------|-----------
         Aggregated                                                                      9292     0(0.00%) |    327       1    3028    150 |    2.30        0.00

Type     Name                                                                          # reqs      # fails |    Avg     Min     Max    Med |   req/s  failures/s
--------|----------------------------------------------------------------------------|-------|-------------|-------|-------|-------|-------|--------|-----------
POST     /api/book                                                                       7117     0(0.00%) |    424      91    3028    200 |    1.20        0.00
GET      /api/concerts                                                                   1435     0(0.00%) |     11       1     321      3 |    0.80        0.00
GET      /health                                                                          745     0(0.00%) |     13       1     389      3 |    0.20        0.00
--------|----------------------------------------------------------------------------|-------|-------------|-------|-------|-------|-------|--------|-----------
         Aggregated                                                                      9297     0(0.00%) |    327       1    3028    150 |    2.20        0.00

Type     Name                                                                          # reqs      # fails |    Avg     Min     Max    Med |   req/s  failures/s
--------|----------------------------------------------------------------------------|-------|-------------|-------|-------|-------|-------|--------|-----------
POST     /api/book                                                                       7122     0(0.00%) |    423      91    3028    200 |    1.40        0.00
GET      /api/concerts                                                                   1435     0(0.00%) |     11       1     321      3 |    0.60        0.00
GET      /health                                                                          745     0(0.00%) |     13       1     389      3 |    0.10        0.00
--------|----------------------------------------------------------------------------|-------|-------------|-------|-------|-------|-------|--------|-----------
         Aggregated                                                                      9302     0(0.00%) |    327       1    3028    150 |    2.10        0.00

Type     Name                                                                          # reqs      # fails |    Avg     Min     Max    Med |   req/s  failures/s
--------|----------------------------------------------------------------------------|-------|-------------|-------|-------|-------|-------|--------|-----------
POST     /api/book                                                                       7125     0(0.00%) |    423      91    3028    200 |    1.60        0.00
GET      /api/concerts                                                                   1435     0(0.00%) |     11       1     321      3 |    0.40        0.00
GET      /health                                                                          745     0(0.00%) |     13       1     389      3 |    0.10        0.00
--------|----------------------------------------------------------------------------|-------|-------------|-------|-------|-------|-------|--------|-----------
         Aggregated                                                                      9305     0(0.00%) |    327       1    3028    150 |    2.10        0.00

Type     Name                                                                          # reqs      # fails |    Avg     Min     Max    Med |   req/s  failures/s
--------|----------------------------------------------------------------------------|-------|-------------|-------|-------|-------|-------|--------|-----------
POST     /api/book                                                                       7130     0(0.00%) |    423      91    3028    200 |    1.70        0.00
GET      /api/concerts                                                                   1436     0(0.00%) |     11       1     321      3 |    0.20        0.00
GET      /health                                                                          745     0(0.00%) |     13       1     389      3 |    0.10        0.00
--------|----------------------------------------------------------------------------|-------|-------------|-------|-------|-------|-------|--------|-----------
         Aggregated                                                                      9311     0(0.00%) |    327       1    3028    150 |    2.00        0.00

Type     Name                                                                          # reqs      # fails |    Avg     Min     Max    Med |   req/s  failures/s
--------|----------------------------------------------------------------------------|-------|-------------|-------|-------|-------|-------|--------|-----------
POST     /api/book                                                                       7136     0(0.00%) |    423      91    3028    200 |    2.10        0.00
GET      /api/concerts                                                                   1436     0(0.00%) |     11       1     321      3 |    0.20        0.00
GET      /health                                                                          745     0(0.00%) |     13       1     389      3 |    0.00        0.00
--------|----------------------------------------------------------------------------|-------|-------------|-------|-------|-------|-------|--------|-----------
         Aggregated                                                                      9317     0(0.00%) |    327       1    3028    150 |    2.30        0.00

Type     Name                                                                          # reqs      # fails |    Avg     Min     Max    Med |   req/s  failures/s
--------|----------------------------------------------------------------------------|-------|-------------|-------|-------|-------|-------|--------|-----------
POST     /api/book                                                                       7138     0(0.00%) |    423      91    3028    200 |    2.10        0.00
GET      /api/concerts                                                                   1436     0(0.00%) |     11       1     321      3 |    0.20        0.00
GET      /health                                                                          745     0(0.00%) |     13       1     389      3 |    0.00        0.00
--------|----------------------------------------------------------------------------|-------|-------------|-------|-------|-------|-------|--------|-----------
         Aggregated                                                                      9319     0(0.00%) |    327       1    3028    150 |    2.30        0.00

Type     Name                                                                          # reqs      # fails |    Avg     Min     Max    Med |   req/s  failures/s
--------|----------------------------------------------------------------------------|-------|-------------|-------|-------|-------|-------|--------|-----------
POST     /api/book                                                                       7142     0(0.00%) |    423      91    3028    200 |    2.30        0.00
GET      /api/concerts                                                                   1436     0(0.00%) |     11       1     321      3 |    0.10        0.00
GET      /health                                                                          747     0(0.00%) |     13       1     389      3 |    0.00        0.00
--------|----------------------------------------------------------------------------|-------|-------------|-------|-------|-------|-------|--------|-----------
         Aggregated                                                                      9325     0(0.00%) |    326       1    3028    150 |    2.40        0.00

Type     Name                                                                          # reqs      # fails |    Avg     Min     Max    Med |   req/s  failures/s
--------|----------------------------------------------------------------------------|-------|-------------|-------|-------|-------|-------|--------|-----------
POST     /api/book                                                                       7145     0(0.00%) |    423      91    3028    200 |    2.20        0.00
GET      /api/concerts                                                                   1437     0(0.00%) |     11       1     321      3 |    0.10        0.00
GET      /health                                                                          748     0(0.00%) |     12       1     389      3 |    0.10        0.00
--------|----------------------------------------------------------------------------|-------|-------------|-------|-------|-------|-------|--------|-----------
         Aggregated                                                                      9330     0(0.00%) |    326       1    3028    150 |    2.40        0.00

Type     Name                                                                          # reqs      # fails |    Avg     Min     Max    Med |   req/s  failures/s
--------|----------------------------------------------------------------------------|-------|-------------|-------|-------|-------|-------|--------|-----------
POST     /api/book                                                                       7148     0(0.00%) |    422      91    3028    200 |    2.10        0.00
GET      /api/concerts                                                                   1439     0(0.00%) |     11       1     321      3 |    0.10        0.00
GET      /health                                                                          748     0(0.00%) |     12       1     389      3 |    0.20        0.00
--------|----------------------------------------------------------------------------|-------|-------------|-------|-------|-------|-------|--------|-----------
         Aggregated                                                                      9335     0(0.00%) |    326       1    3028    150 |    2.40        0.00

Type     Name                                                                          # reqs      # fails |    Avg     Min     Max    Med |   req/s  failures/s
--------|----------------------------------------------------------------------------|-------|-------------|-------|-------|-------|-------|--------|-----------
POST     /api/book                                                                       7150     0(0.00%) |    422      91    3028    200 |    1.70        0.00
GET      /api/concerts                                                                   1441     0(0.00%) |     11       1     321      3 |    0.30        0.00
GET      /health                                                                          748     0(0.00%) |     12       1     389      3 |    0.30        0.00
--------|----------------------------------------------------------------------------|-------|-------------|-------|-------|-------|-------|--------|-----------
         Aggregated                                                                      9339     0(0.00%) |    326       1    3028    150 |    2.30        0.00

Type     Name                                                                          # reqs      # fails |    Avg     Min     Max    Med |   req/s  failures/s
--------|----------------------------------------------------------------------------|-------|-------------|-------|-------|-------|-------|--------|-----------
POST     /api/book                                                                       7156     0(0.00%) |    422      91    3028    200 |    1.80        0.00
GET      /api/concerts                                                                   1441     0(0.00%) |     11       1     321      3 |    0.40        0.00
GET      /health                                                                          748     0(0.00%) |     12       1     389      3 |    0.30        0.00
--------|----------------------------------------------------------------------------|-------|-------------|-------|-------|-------|-------|--------|-----------
         Aggregated                                                                      9345     0(0.00%) |    326       1    3028    150 |    2.50        0.00

Type     Name                                                                          # reqs      # fails |    Avg     Min     Max    Med |   req/s  failures/s
--------|----------------------------------------------------------------------------|-------|-------------|-------|-------|-------|-------|--------|-----------
POST     /api/book                                                                       7157     0(0.00%) |    422      91    3028    200 |    1.80        0.00
GET      /api/concerts                                                                   1443     0(0.00%) |     11       1     321      3 |    0.50        0.00
GET      /health                                                                          749     0(0.00%) |     12       1     389      3 |    0.30        0.00
--------|----------------------------------------------------------------------------|-------|-------------|-------|-------|-------|-------|--------|-----------
         Aggregated                                                                      9349     0(0.00%) |    326       1    3028    150 |    2.60        0.00

Type     Name                                                                          # reqs      # fails |    Avg     Min     Max    Med |   req/s  failures/s
--------|----------------------------------------------------------------------------|-------|-------------|-------|-------|-------|-------|--------|-----------
POST     /api/book                                                                       7160     0(0.00%) |    422      91    3028    200 |    1.60        0.00
GET      /api/concerts                                                                   1445     0(0.00%) |     11       1     321      3 |    0.60        0.00
GET      /health                                                                          749     0(0.00%) |     12       1     389      3 |    0.20        0.00
--------|----------------------------------------------------------------------------|-------|-------------|-------|-------|-------|-------|--------|-----------
         Aggregated                                                                      9354     0(0.00%) |    326       1    3028    150 |    2.40        0.00

Type     Name                                                                          # reqs      # fails |    Avg     Min     Max    Med |   req/s  failures/s
--------|----------------------------------------------------------------------------|-------|-------------|-------|-------|-------|-------|--------|-----------
POST     /api/book                                                                       7164     0(0.00%) |    422      91    3028    200 |    1.50        0.00
GET      /api/concerts                                                                   1445     0(0.00%) |     11       1     321      3 |    0.80        0.00
GET      /health                                                                          750     0(0.00%) |     12       1     389      3 |    0.10        0.00
--------|----------------------------------------------------------------------------|-------|-------------|-------|-------|-------|-------|--------|-----------
         Aggregated                                                                      9359     0(0.00%) |    326       1    3028    150 |    2.40        0.00

Type     Name                                                                          # reqs      # fails |    Avg     Min     Max    Med |   req/s  failures/s
--------|----------------------------------------------------------------------------|-------|-------------|-------|-------|-------|-------|--------|-----------
POST     /api/book                                                                       7165     0(0.00%) |    422      91    3028    200 |    1.50        0.00
GET      /api/concerts                                                                   1447     0(0.00%) |     11       1     321      3 |    0.60        0.00
GET      /health                                                                          751     0(0.00%) |     12       1     389      3 |    0.20        0.00
--------|----------------------------------------------------------------------------|-------|-------------|-------|-------|-------|-------|--------|-----------
         Aggregated                                                                      9363     0(0.00%) |    326       1    3028    150 |    2.30        0.00

Type     Name                                                                          # reqs      # fails |    Avg     Min     Max    Med |   req/s  failures/s
--------|----------------------------------------------------------------------------|-------|-------------|-------|-------|-------|-------|--------|-----------
POST     /api/book                                                                       7169     0(0.00%) |    422      91    3028    200 |    1.50        0.00
GET      /api/concerts                                                                   1448     0(0.00%) |     11       1     321      3 |    0.60        0.00
GET      /health                                                                          752     0(0.00%) |     12       1     389      3 |    0.20        0.00
--------|----------------------------------------------------------------------------|-------|-------------|-------|-------|-------|-------|--------|-----------
         Aggregated                                                                      9369     0(0.00%) |    325       1    3028    150 |    2.30        0.00

Type     Name                                                                          # reqs      # fails |    Avg     Min     Max    Med |   req/s  failures/s
--------|----------------------------------------------------------------------------|-------|-------------|-------|-------|-------|-------|--------|-----------
POST     /api/book                                                                       7173     0(0.00%) |    422      91    3028    200 |    1.50        0.00
GET      /api/concerts                                                                   1448     0(0.00%) |     11       1     321      3 |    0.70        0.00
GET      /health                                                                          752     0(0.00%) |     12       1     389      3 |    0.30        0.00
--------|----------------------------------------------------------------------------|-------|-------------|-------|-------|-------|-------|--------|-----------
         Aggregated                                                                      9373     0(0.00%) |    325       1    3028    150 |    2.50        0.00

Type     Name                                                                          # reqs      # fails |    Avg     Min     Max    Med |   req/s  failures/s
--------|----------------------------------------------------------------------------|-------|-------------|-------|-------|-------|-------|--------|-----------
POST     /api/book                                                                       7177     0(0.00%) |    421      91    3028    200 |    1.30        0.00
GET      /api/concerts                                                                   1448     0(0.00%) |     11       1     321      3 |    0.60        0.00
GET      /health                                                                          752     0(0.00%) |     12       1     389      3 |    0.40        0.00
--------|----------------------------------------------------------------------------|-------|-------------|-------|-------|-------|-------|--------|-----------
         Aggregated                                                                      9377     0(0.00%) |    325       1    3028    150 |    2.30        0.00

Type     Name                                                                          # reqs      # fails |    Avg     Min     Max    Med |   req/s  failures/s
--------|----------------------------------------------------------------------------|-------|-------------|-------|-------|-------|-------|--------|-----------
POST     /api/book                                                                       7181     0(0.00%) |    421      91    3028    200 |    1.70        0.00
GET      /api/concerts                                                                   1449     0(0.00%) |     11       1     321      3 |    0.50        0.00
GET      /health                                                                          753     0(0.00%) |     12       1     389      3 |    0.30        0.00
--------|----------------------------------------------------------------------------|-------|-------------|-------|-------|-------|-------|--------|-----------
         Aggregated                                                                      9383     0(0.00%) |    325       1    3028    150 |    2.50        0.00

Type     Name                                                                          # reqs      # fails |    Avg     Min     Max    Med |   req/s  failures/s
--------|----------------------------------------------------------------------------|-------|-------------|-------|-------|-------|-------|--------|-----------
POST     /api/book                                                                       7185     0(0.00%) |    421      91    3028    200 |    1.80        0.00
GET      /api/concerts                                                                   1450     0(0.00%) |     11       1     321      3 |    0.40        0.00
GET      /health                                                                          754     0(0.00%) |     12       1     389      3 |    0.30        0.00
--------|----------------------------------------------------------------------------|-------|-------------|-------|-------|-------|-------|--------|-----------
         Aggregated                                                                      9389     0(0.00%) |    325       1    3028    150 |    2.50        0.00

Type     Name                                                                          # reqs      # fails |    Avg     Min     Max    Med |   req/s  failures/s
--------|----------------------------------------------------------------------------|-------|-------------|-------|-------|-------|-------|--------|-----------
POST     /api/book                                                                       7189     0(0.00%) |    421      91    3028    200 |    2.00        0.00
GET      /api/concerts                                                                   1451     0(0.00%) |     11       1     321      3 |    0.30        0.00
GET      /health                                                                          754     0(0.00%) |     12       1     389      3 |    0.30        0.00
--------|----------------------------------------------------------------------------|-------|-------------|-------|-------|-------|-------|--------|-----------
         Aggregated                                                                      9394     0(0.00%) |    325       1    3028    150 |    2.60        0.00

Type     Name                                                                          # reqs      # fails |    Avg     Min     Max    Med |   req/s  failures/s
--------|----------------------------------------------------------------------------|-------|-------------|-------|-------|-------|-------|--------|-----------
POST     /api/book                                                                       7190     0(0.00%) |    421      91    3028    200 |    1.80        0.00
GET      /api/concerts                                                                   1452     0(0.00%) |     11       1     321      3 |    0.20        0.00
GET      /health                                                                          755     0(0.00%) |     12       1     389      3 |    0.30        0.00
--------|----------------------------------------------------------------------------|-------|-------------|-------|-------|-------|-------|--------|-----------
         Aggregated                                                                      9397     0(0.00%) |    325       1    3028    150 |    2.30        0.00

Type     Name                                                                          # reqs      # fails |    Avg     Min     Max    Med |   req/s  failures/s
--------|----------------------------------------------------------------------------|-------|-------------|-------|-------|-------|-------|--------|-----------
POST     /api/book                                                                       7194     0(0.00%) |    421      91    3028    200 |    1.90        0.00
GET      /api/concerts                                                                   1452     0(0.00%) |     11       1     321      3 |    0.40        0.00
GET      /health                                                                          756     0(0.00%) |     12       1     389      3 |    0.20        0.00
--------|----------------------------------------------------------------------------|-------|-------------|-------|-------|-------|-------|--------|-----------
         Aggregated                                                                      9402     0(0.00%) |    325       1    3028    150 |    2.50        0.00

Type     Name                                                                          # reqs      # fails |    Avg     Min     Max    Med |   req/s  failures/s
--------|----------------------------------------------------------------------------|-------|-------------|-------|-------|-------|-------|--------|-----------
POST     /api/book                                                                       7198     0(0.00%) |    421      91    3028    200 |    1.70        0.00
GET      /api/concerts                                                                   1452     0(0.00%) |     11       1     321      3 |    0.40        0.00
GET      /health                                                                          758     0(0.00%) |     12       1     389      3 |    0.40        0.00
--------|----------------------------------------------------------------------------|-------|-------------|-------|-------|-------|-------|--------|-----------
         Aggregated                                                                      9408     0(0.00%) |    325       1    3028    150 |    2.50        0.00

Type     Name                                                                          # reqs      # fails |    Avg     Min     Max    Med |   req/s  failures/s
--------|----------------------------------------------------------------------------|-------|-------------|-------|-------|-------|-------|--------|-----------
POST     /api/book                                                                       7200     0(0.00%) |    421      91    3028    200 |    1.60        0.00
GET      /api/concerts                                                                   1454     0(0.00%) |     11       1     321      3 |    0.30        0.00
GET      /health                                                                          758     0(0.00%) |     12       1     389      3 |    0.50        0.00
--------|----------------------------------------------------------------------------|-------|-------------|-------|-------|-------|-------|--------|-----------
         Aggregated                                                                      9412     0(0.00%) |    324       1    3028    150 |    2.40        0.00

Type     Name                                                                          # reqs      # fails |    Avg     Min     Max    Med |   req/s  failures/s
--------|----------------------------------------------------------------------------|-------|-------------|-------|-------|-------|-------|--------|-----------
POST     /api/book                                                                       7204     0(0.00%) |    420      91    3028    200 |    1.50        0.00
GET      /api/concerts                                                                   1455     0(0.00%) |     11       1     321      3 |    0.40        0.00
GET      /health                                                                          758     0(0.00%) |     12       1     389      3 |    0.40        0.00
--------|----------------------------------------------------------------------------|-------|-------------|-------|-------|-------|-------|--------|-----------
         Aggregated                                                                      9417     0(0.00%) |    324       1    3028    150 |    2.30        0.00

Type     Name                                                                          # reqs      # fails |    Avg     Min     Max    Med |   req/s  failures/s
--------|----------------------------------------------------------------------------|-------|-------------|-------|-------|-------|-------|--------|-----------
POST     /api/book                                                                       7208     0(0.00%) |    420      91    3028    200 |    1.60        0.00
GET      /api/concerts                                                                   1456     0(0.00%) |     11       1     321      3 |    0.50        0.00
GET      /health                                                                          758     0(0.00%) |     12       1     389      3 |    0.40        0.00
--------|----------------------------------------------------------------------------|-------|-------------|-------|-------|-------|-------|--------|-----------
         Aggregated                                                                      9422     0(0.00%) |    324       1    3028    150 |    2.50        0.00

Type     Name                                                                          # reqs      # fails |    Avg     Min     Max    Med |   req/s  failures/s
--------|----------------------------------------------------------------------------|-------|-------------|-------|-------|-------|-------|--------|-----------
POST     /api/book                                                                       7211     0(0.00%) |    420      91    3028    200 |    1.60        0.00
GET      /api/concerts                                                                   1456     0(0.00%) |     11       1     321      3 |    0.30        0.00
GET      /health                                                                          758     0(0.00%) |     12       1     389      3 |    0.40        0.00
--------|----------------------------------------------------------------------------|-------|-------------|-------|-------|-------|-------|--------|-----------
         Aggregated                                                                      9425     0(0.00%) |    324       1    3028    150 |    2.30        0.00

Type     Name                                                                          # reqs      # fails |    Avg     Min     Max    Med |   req/s  failures/s
--------|----------------------------------------------------------------------------|-------|-------------|-------|-------|-------|-------|--------|-----------
POST     /api/book                                                                       7215     0(0.00%) |    420      91    3028    200 |    1.80        0.00
GET      /api/concerts                                                                   1457     0(0.00%) |     11       1     321      3 |    0.40        0.00
GET      /health                                                                          758     0(0.00%) |     12       1     389      3 |    0.20        0.00
--------|----------------------------------------------------------------------------|-------|-------------|-------|-------|-------|-------|--------|-----------
         Aggregated                                                                      9430     0(0.00%) |    324       1    3028    150 |    2.40        0.00

Type     Name                                                                          # reqs      # fails |    Avg     Min     Max    Med |   req/s  failures/s
--------|----------------------------------------------------------------------------|-------|-------------|-------|-------|-------|-------|--------|-----------
POST     /api/book                                                                       7219     0(0.00%) |    420      91    3028    200 |    1.80        0.00
GET      /api/concerts                                                                   1458     0(0.00%) |     11       1     321      3 |    0.50        0.00
GET      /health                                                                          759     0(0.00%) |     12       1     389      3 |    0.00        0.00
--------|----------------------------------------------------------------------------|-------|-------------|-------|-------|-------|-------|--------|-----------
         Aggregated                                                                      9436     0(0.00%) |    324       1    3028    150 |    2.30        0.00

Type     Name                                                                          # reqs      # fails |    Avg     Min     Max    Med |   req/s  failures/s
--------|----------------------------------------------------------------------------|-------|-------------|-------|-------|-------|-------|--------|-----------
POST     /api/book                                                                       7223     0(0.00%) |    420      91    3028    200 |    2.00        0.00
GET      /api/concerts                                                                   1459     0(0.00%) |     11       1     321      3 |    0.40        0.00
GET      /health                                                                          759     0(0.00%) |     12       1     389      3 |    0.00        0.00
--------|----------------------------------------------------------------------------|-------|-------------|-------|-------|-------|-------|--------|-----------
         Aggregated                                                                      9441     0(0.00%) |    324       1    3028    150 |    2.40        0.00

Type     Name                                                                          # reqs      # fails |    Avg     Min     Max    Med |   req/s  failures/s
--------|----------------------------------------------------------------------------|-------|-------------|-------|-------|-------|-------|--------|-----------
POST     /api/book                                                                       7226     0(0.00%) |    420      91    3028    200 |    2.00        0.00
GET      /api/concerts                                                                   1460     0(0.00%) |     11       1     321      3 |    0.30        0.00
GET      /health                                                                          759     0(0.00%) |     12       1     389      3 |    0.10        0.00
--------|----------------------------------------------------------------------------|-------|-------------|-------|-------|-------|-------|--------|-----------
         Aggregated                                                                      9445     0(0.00%) |    324       1    3028    150 |    2.40        0.00

Type     Name                                                                          # reqs      # fails |    Avg     Min     Max    Med |   req/s  failures/s
--------|----------------------------------------------------------------------------|-------|-------------|-------|-------|-------|-------|--------|-----------
POST     /api/book                                                                       7229     0(0.00%) |    419      91    3028    200 |    2.10        0.00
GET      /api/concerts                                                                   1461     0(0.00%) |     11       1     321      3 |    0.40        0.00
GET      /health                                                                          759     0(0.00%) |     12       1     389      3 |    0.10        0.00
--------|----------------------------------------------------------------------------|-------|-------------|-------|-------|-------|-------|--------|-----------
         Aggregated                                                                      9449     0(0.00%) |    324       1    3028    150 |    2.60        0.00

Type     Name                                                                          # reqs      # fails |    Avg     Min     Max    Med |   req/s  failures/s
--------|----------------------------------------------------------------------------|-------|-------------|-------|-------|-------|-------|--------|-----------
POST     /api/book                                                                       7233     0(0.00%) |    419      91    3028    200 |    1.70        0.00
GET      /api/concerts                                                                   1461     0(0.00%) |     11       1     321      3 |    0.50        0.00
GET      /health                                                                          759     0(0.00%) |     12       1     389      3 |    0.10        0.00
--------|----------------------------------------------------------------------------|-------|-------------|-------|-------|-------|-------|--------|-----------
         Aggregated                                                                      9453     0(0.00%) |    324       1    3028    150 |    2.30        0.00

Type     Name                                                                          # reqs      # fails |    Avg     Min     Max    Med |   req/s  failures/s
--------|----------------------------------------------------------------------------|-------|-------------|-------|-------|-------|-------|--------|-----------
POST     /api/book                                                                       7238     0(0.00%) |    419      91    3028    200 |    1.80        0.00
GET      /api/concerts                                                                   1462     0(0.00%) |     11       1     321      3 |    0.40        0.00
GET      /health                                                                          759     0(0.00%) |     12       1     389      3 |    0.10        0.00
--------|----------------------------------------------------------------------------|-------|-------------|-------|-------|-------|-------|--------|-----------
         Aggregated                                                                      9459     0(0.00%) |    323       1    3028    150 |    2.30        0.00

Type     Name                                                                          # reqs      # fails |    Avg     Min     Max    Med |   req/s  failures/s
--------|----------------------------------------------------------------------------|-------|-------------|-------|-------|-------|-------|--------|-----------
POST     /api/book                                                                       7241     0(0.00%) |    419      91    3028    200 |    1.80        0.00
GET      /api/concerts                                                                   1462     0(0.00%) |     11       1     321      3 |    0.40        0.00
GET      /health                                                                          759     0(0.00%) |     12       1     389      3 |    0.10        0.00
--------|----------------------------------------------------------------------------|-------|-------------|-------|-------|-------|-------|--------|-----------
         Aggregated                                                                      9462     0(0.00%) |    323       1    3028    150 |    2.30        0.00

Type     Name                                                                          # reqs      # fails |    Avg     Min     Max    Med |   req/s  failures/s
--------|----------------------------------------------------------------------------|-------|-------------|-------|-------|-------|-------|--------|-----------
POST     /api/book                                                                       7245     0(0.00%) |    419      91    3028    200 |    1.90        0.00
GET      /api/concerts                                                                   1463     0(0.00%) |     11       1     321      3 |    0.40        0.00
GET      /health                                                                          759     0(0.00%) |     12       1     389      3 |    0.00        0.00
--------|----------------------------------------------------------------------------|-------|-------------|-------|-------|-------|-------|--------|-----------
         Aggregated                                                                      9467     0(0.00%) |    323       1    3028    150 |    2.30        0.00

[2026-05-29 14:00:17,009] ip-172-31-20-158/INFO/locust.runners: Shape test stopping
[2026-05-29 14:00:17,035] ip-172-31-20-158/INFO/locust.main: Shape test completed, shutting down
[2026-05-29 14:00:17,035] ip-172-31-20-158/INFO/locust.main: Run time limit set to 1080 seconds
[2026-05-29 14:00:17,106] ip-172-31-20-158/INFO/locust.main: writing html report to file: report_continuous_run3.html
[2026-05-29 14:00:17,108] ip-172-31-20-158/INFO/locust.main: Shutting down (exit code 0)
Type     Name                                                                          # reqs      # fails |    Avg     Min     Max    Med |   req/s  failures/s
--------|----------------------------------------------------------------------------|-------|-------------|-------|-------|-------|-------|--------|-----------
POST     /api/book                                                                       7249     0(0.00%) |    419      91    3028    200 |    6.71        0.00
GET      /api/concerts                                                                   1463     0(0.00%) |     11       1     321      3 |    1.35        0.00
GET      /health                                                                          759     0(0.00%) |     12       1     389      3 |    0.70        0.00
--------|----------------------------------------------------------------------------|-------|-------------|-------|-------|-------|-------|--------|-----------
         Aggregated                                                                      9471     0(0.00%) |    323       1    3028    150 |    8.77        0.00

Response time percentiles (approximated)
Type     Name                                                                                  50%    66%    75%    80%    90%    95%    98%    99%  99.9% 99.99%   100% # reqs
--------|--------------------------------------------------------------------------------|--------|------|------|------|------|------|------|------|------|------|------|------
POST     /api/book                                                                             200    330    470    610   1100   1500   1900   2100   2500   3000   3000   7249
GET      /api/concerts                                                                           3      3      5     11     38     56     77    100    290    320    320   1463
GET      /health                                                                                 3      3      7     16     41     55     72    120    390    390    390    759
--------|--------------------------------------------------------------------------------|--------|------|------|------|------|------|------|------|------|------|------|------
         Aggregated                                                                            150    230    340    440    950   1400   1800   2000   2500   3000   3000   9471

