Timestamp,User Count,Type,Name,Requests/s,Failures/s,50%,66%,75%,80%,90%,95%,98%,99%,99.9%,99.99%,100%,Total Request Count,Total Failure Count,Total Median Response Time,Total Average Response Time,Total Min Response Time,Total Max Response Time,Total Average Content Size
1780669295,0,,Aggregated,0.000000,0.000000,N/A,N/A,N/A,N/A,N/A,N/A,N/A,N/A,N/A,N/A,N/A,0,0,0,0.0,0,0,0
1780669296,1,GET,/api/concerts,0.000000,0.000000,0,0,0,0,0,0,0,0,0,0,0,1,0,8.940133000123751,8.940133000123751,8.940133000123751,8.940133000123751,753.0
1780669296,1,,Aggregated,0.000000,0.000000,0,0,0,0,0,0,0,0,0,0,0,1,0,8.940133000123751,8.940133000123751,8.940133000123751,8.940133000123751,753.0
1780669297,2,POST,/api/book,0.000000,0.000000,0,0,0,0,0,0,0,0,0,0,0,2,0,140,174.58171200019024,139.33242200027962,209.83100200010085,3407.0
1780669297,2,GET,/api/concerts,0.000000,0.000000,9,9,9,9,9,9,9,9,9,9,9,1,0,8.940133000123751,8.940133000123751,8.940133000123751,8.940133000123751,753.0
1780669297,2,,Aggregated,0.000000,0.000000,210,210,210,210,210,210,210,210,210,210,210,3,0,140,119.3678523335014,8.940133000123751,209.83100200010085,2522.3333333333335
1780669298,3,POST,/api/book,0.000000,0.000000,140,140,140,140,140,140,140,140,140,140,140,3,0,140,163.46021666671126,139.33242200027962,209.83100200010085,3389.6666666666665
1780669298,3,GET,/api/concerts,1.000000,0.000000,4,4,9,9,9,9,9,9,9,9,9,3,0,4,5.358044333358218,3.4652350000214938,8.940133000123751,753.0
1780669298,3,,Aggregated,1.000000,0.000000,140,140,140,210,210,210,210,210,210,210,210,6,0,9,84.40913050003473,3.4652350000214938,209.83100200010085,2071.3333333333335
1780669299,4,POST,/api/book,0.000000,0.000000,140,140,140,140,140,140,140,140,140,140,140,3,0,140,163.46021666671126,139.33242200027962,209.83100200010085,3389.6666666666665
1780669299,4,GET,/api/concerts,1.000000,0.000000,4,4,9,9,9,9,9,9,9,9,9,4,0,4,4.990154999973129,3.4652350000214938,8.940133000123751,753.0
1780669299,4,,Aggregated,1.000000,0.000000,140,140,140,140,210,210,210,210,210,210,210,7,0,9,72.90589571428947,3.4652350000214938,209.83100200010085,1883.0
1780669300,5,POST,/api/book,0.666667,0.000000,140,140,140,190,190,190,190,190,190,190,190,6,0,140,161.18647866680172,139.33242200027962,209.83100200010085,3377.8333333333335
1780669300,5,GET,/api/concerts,0.666667,0.000000,4,4,9,9,9,9,9,9,9,9,9,4,0,4,4.990154999973129,3.4652350000214938,8.940133000123751,753.0
1780669300,5,GET,/health,0.000000,0.000000,0,0,0,0,0,0,0,0,0,0,0,1,0,5.561458000101993,5.561458000101993,5.561458000101993,5.561458000101993,57.0
1780669300,5,,Aggregated,1.333333,0.000000,140,140,140,190,210,210,210,210,210,210,210,11,0,140,90.24008636370954,3.4652350000214938,209.83100200010085,2121.4545454545455
1780669301,5,POST,/api/book,0.750000,0.000000,140,140,140,140,190,190,190,190,190,190,190,7,0,140,157.90673728581947,138.228288999926,209.83100200010085,3375.8571428571427
1780669301,5,GET,/api/concerts,1.000000,0.000000,4,4,9,9,9,9,9,9,9,9,9,4,0,4,4.990154999973129,3.4652350000214938,8.940133000123751,753.0
1780669301,5,GET,/health,0.000000,0.000000,3,3,3,3,3,3,3,3,3,3,3,2,0,3,4.1114755001672165,2.66149300023244,5.561458000101993,57.0
1780669301,5,,Aggregated,1.750000,0.000000,140,140,140,140,190,210,210,210,210,210,210,13,0,140,87.19467169238179,2.66149300023244,209.83100200010085,2058.230769230769
1780669302,5,POST,/api/book,0.800000,0.000000,140,190,240,240,300,300,300,300,300,300,300,9,0,140,182.47853766671244,138.228288999926,299.80068799977744,3373.8888888888887
1780669302,5,GET,/api/concerts,0.800000,0.000000,4,4,4,9,9,9,9,9,9,9,9,5,0,4,4.635157799930312,3.215168999759044,8.940133000123751,753.0
1780669302,5,GET,/health,0.200000,0.000000,3,3,3,3,3,3,3,3,3,3,3,2,0,3,4.1114755001672165,2.66149300023244,5.561458000101993,57.0
1780669302,5,,Aggregated,1.800000,0.000000,140,140,190,210,240,300,300,300,300,300,300,16,0,140,104.60659868752487,2.66149300023244,299.80068799977744,2140.25
1780669303,5,POST,/api/book,0.800000,0.000000,190,240,260,300,300,300,300,300,300,300,300,11,0,190,200.8806439090966,138.228288999926,303.3914149996235,3372.2727272727275
1780669303,5,GET,/api/concerts,0.800000,0.000000,4,4,4,4,9,9,9,9,9,9,9,6,0,3,4.320828333296352,2.749181000126555,8.940133000123751,753.0
1780669303,5,GET,/health,0.200000,0.000000,3,3,3,3,3,3,3,3,3,3,3,2,0,3,4.1114755001672165,2.66149300023244,5.561458000101993,57.0
1780669303,5,,Aggregated,1.800000,0.000000,140,140,210,240,300,300,300,300,300,300,300,19,0,140,118.09657915790395,2.66149300023244,303.3914149996235,2196.157894736842
1780669304,5,POST,/api/book,1.000000,0.000000,240,260,300,300,310,440,440,440,440,440,440,13,0,210,227.5583752307634,138.228288999926,443.4636619998855,3373.769230769231
1780669304,5,GET,/api/concerts,0.714286,0.000000,4,4,4,4,9,9,9,9,9,9,9,6,0,3,4.320828333296352,2.749181000126555,8.940133000123751,753.0
1780669304,5,GET,/health,0.285714,0.000000,3,3,3,3,3,3,3,3,3,3,3,2,0,3,4.1114755001672165,2.66149300023244,5.561458000101993,57.0
1780669304,5,,Aggregated,2.000000,0.000000,140,210,260,300,310,440,440,440,440,440,440,21,0,140,142.4955618571446,2.66149300023244,443.4636619998855,2309.095238095238
1780669305,5,POST,/api/book,1.375000,0.000000,240,300,300,310,370,440,440,440,440,440,440,14,0,210,237.46088528572986,138.228288999926,443.4636619998855,3375.0
1780669305,5,GET,/api/concerts,0.750000,0.000000,3,4,4,4,9,9,9,9,9,9,9,7,0,3,4.089911142792906,2.7044079997722292,8.940133000123751,753.0
1780669305,5,GET,/health,0.250000,0.000000,3,3,3,3,3,3,3,3,3,3,3,2,0,3,4.1114755001672165,2.66149300023244,5.561458000101993,57.0
1780669305,5,,Aggregated,2.375000,0.000000,140,210,260,300,310,370,440,440,440,440,440,23,0,140,146.14368360870012,2.66149300023244,443.4636619998855,2288.478260869565
1780669306,5,POST,/api/book,1.375000,0.000000,240,300,300,310,370,440,440,440,440,440,440,15,0,210,230.43557166665778,132.0811809996485,443.4636619998855,3374.0666666666666
1780669306,5,GET,/api/concerts,0.750000,0.000000,3,3,4,4,4,4,4,4,4,4,4,7,0,3,4.089911142792906,2.7044079997722292,8.940133000123751,753.0
1780669306,5,GET,/health,0.250000,0.000000,3,3,3,3,3,3,3,3,3,3,3,2,0,3,4.1114755001672165,2.66149300023244,5.561458000101993,57.0
1780669306,5,,Aggregated,2.375000,0.000000,140,190,260,300,310,370,440,440,440,440,440,24,0,140,145.55774599998963,2.66149300023244,443.4636619998855,2333.1666666666665
1780669307,5,POST,/api/book,1.400000,0.000000,260,300,330,330,420,440,440,440,440,440,440,18,0,210,241.29588116663095,132.0811809996485,443.4636619998855,3374.6111111111113
1780669307,5,GET,/api/concerts,0.600000,0.000000,3,3,4,4,42,42,42,42,42,42,42,8,0,3,8.856470249952508,2.7044079997722292,42.222384000069724,753.0
1780669307,5,GET,/health,0.200000,0.000000,3,3,3,3,3,3,3,3,3,3,3,2,0,3,4.1114755001672165,2.66149300023244,5.561458000101993,57.0
1780669307,5,,Aggregated,2.200000,0.000000,140,240,300,310,370,420,440,440,440,440,440,28,0,140,157.94287764283257,2.66149300023244,443.4636619998855,2388.6071428571427
1780669308,5,POST,/api/book,1.500000,0.000000,260,300,330,330,420,440,440,440,440,440,440,19,0,240,241.7470802631071,132.0811809996485,443.4636619998855,3374.9473684210525
1780669308,5,GET,/api/concerts,0.600000,0.000000,3,3,4,4,42,42,42,42,42,42,42,9,0,3,8.196378333296808,2.7044079997722292,42.222384000069724,753.0
1780669308,5,GET,/health,0.200000,0.000000,3,3,3,3,3,3,3,3,3,3,3,2,0,3,4.1114755001672165,2.66149300023244,5.561458000101993,57.0
1780669308,5,,Aggregated,2.300000,0.000000,140,260,300,310,370,420,440,440,440,440,440,30,0,140,155.83949603330134,2.66149300023244,443.4636619998855,2367.1666666666665
1780669309,5,POST,/api/book,1.500000,0.000000,290,300,310,330,420,440,440,440,440,440,440,22,0,240,242.55536554538924,132.0811809996485,443.4636619998855,3374.181818181818
1780669309,5,GET,/api/concerts,0.600000,0.000000,3,3,3,42,42,42,42,42,42,42,42,9,0,3,8.196378333296808,2.7044079997722292,42.222384000069724,753.0
1780669309,5,GET,/health,0.200000,0.000000,3,3,3,3,3,3,3,3,3,3,3,2,0,3,4.1114755001672165,2.66149300023244,5.561458000101993,57.0
1780669309,5,,Aggregated,2.300000,0.000000,240,290,310,310,370,420,440,440,440,440,440,33,0,140,164.1881332726839,2.66149300023244,443.4636619998855,2458.2727272727275
1780669310,5,POST,/api/book,1.700000,0.000000,290,300,310,330,420,440,440,440,440,440,440,24,0,210,234.15631916661064,132.0811809996485,443.4636619998855,3376.0416666666665
1780669310,5,GET,/api/concerts,0.600000,0.000000,3,3,3,3,42,42,42,42,42,42,42,10,0,3,7.6644609999675595,2.7044079997722292,42.222384000069724,753.0
1780669310,5,GET,/health,0.200000,0.000000,3,3,3,3,3,3,3,3,3,3,3,2,0,3,4.1114755001672165,2.66149300023244,5.561458000101993,57.0
1780669310,5,,Aggregated,2.500000,0.000000,240,290,310,310,370,420,440,440,440,440,440,36,0,140,158.4616450277407,2.66149300023244,443.4636619998855,2463.027777777778
1780669311,5,POST,/api/book,1.900000,0.000000,290,310,310,330,420,440,440,440,440,440,440,24,0,210,234.15631916661064,132.0811809996485,443.4636619998855,3376.0416666666665
1780669311,5,GET,/api/concerts,0.500000,0.000000,3,3,3,3,42,42,42,42,42,42,42,11,0,3,7.258942090877761,2.7044079997722292,42.222384000069724,753.0
1780669311,5,GET,/health,0.200000,0.000000,3,3,3,3,3,3,3,3,3,3,3,2,0,3,4.1114755001672165,2.66149300023244,5.561458000101993,57.0
1780669311,5,,Aggregated,2.600000,0.000000,240,300,310,310,370,420,440,440,440,440,440,37,0,140,154.26548578374718,2.66149300023244,443.4636619998855,2416.810810810811
1780669312,5,POST,/api/book,1.900000,0.000000,280,300,310,330,420,440,440,440,440,440,440,26,0,220,235.421235269174,132.0811809996485,443.4636619998855,3375.8846153846152
1780669312,5,GET,/api/concerts,0.500000,0.000000,3,3,3,3,42,42,42,42,42,42,42,11,0,3,7.258942090877761,2.7044079997722292,42.222384000069724,753.0
1780669312,5,GET,/health,0.100000,0.000000,3,3,3,3,3,3,3,3,3,3,3,3,0,3,3.57867800009141,2.5130829999397974,5.561458000101993,57.0
1780669312,5,,Aggregated,2.500000,0.000000,240,290,300,310,370,420,440,440,440,440,440,40,0,140,155.28841284996133,2.5130829999397974,443.4636619998855,2405.675
1780669313,5,POST,/api/book,1.800000,0.000000,290,310,330,340,420,440,440,440,440,440,440,28,0,240,241.531665392813,132.0811809996485,443.4636619998855,3375.75
1780669313,5,GET,/api/concerts,0.600000,0.000000,3,3,42,42,68,68,68,68,68,68,68,12,0,3,12.304475499983406,2.7044079997722292,67.80534300014551,753.0
1780669313,5,GET,/health,0.000000,0.000000,3,3,3,3,3,3,3,3,3,3,3,3,0,3,3.57867800009141,2.5130829999397974,5.561458000101993,57.0
1780669313,5,,Aggregated,2.400000,0.000000,220,290,310,330,370,420,440,440,440,440,440,43,0,140,160.95991560462417,2.5130829999397974,443.4636619998855,2412.279069767442
1780669314,5,POST,/api/book,1.700000,0.000000,250,290,310,330,340,420,420,420,420,420,420,29,0,240,237.7985048965143,132.0811809996485,443.4636619998855,3376.103448275862
1780669314,5,GET,/api/concerts,0.600000,0.000000,3,3,42,42,68,68,68,68,68,68,68,12,0,3,12.304475499983406,2.7044079997722292,67.80534300014551,753.0
1780669314,5,GET,/health,0.100000,0.000000,3,3,3,3,3,3,3,3,3,3,3,3,0,3,3.57867800009141,2.5130829999397974,5.561458000101993,57.0
1780669314,5,,Aggregated,2.400000,0.000000,140,250,290,300,330,340,420,420,420,420,420,44,0,140,160.33059959088612,2.5130829999397974,443.4636619998855,2434.409090909091
1780669315,5,POST,/api/book,1.500000,0.000000,220,290,300,310,340,420,420,420,420,420,420,32,0,210,228.8629276249594,130.6969330003085,443.4636619998855,3375.75
1780669315,5,GET,/api/concerts,0.500000,0.000000,3,3,42,42,68,68,68,68,68,68,68,12,0,3,12.304475499983406,2.7044079997722292,67.80534300014551,753.0
1780669315,5,GET,/health,0.100000,0.000000,3,3,3,3,3,3,3,3,3,3,3,3,0,3,3.57867800009141,2.5130829999397974,5.561458000101993,57.0
1780669315,5,,Aggregated,2.100000,0.000000,140,250,290,300,330,340,420,420,420,420,420,47,0,140,159.1915622127399,2.5130829999397974,443.4636619998855,2494.276595744681
1780669316,5,POST,/api/book,1.700000,0.000000,220,280,300,310,340,420,420,420,420,420,420,34,0,190,223.78930617643323,130.6969330003085,443.4636619998855,3376.5588235294117
1780669316,5,GET,/api/concerts,0.600000,0.000000,3,3,42,42,68,68,68,68,68,68,68,13,0,3,11.564441461534724,2.684033000150521,67.80534300014551,753.0
1780669316,5,GET,/health,0.100000,0.000000,3,3,3,3,3,3,3,3,3,3,3,3,0,3,3.57867800009141,2.5130829999397974,5.561458000101993,57.0
1780669316,5,,Aggregated,2.400000,0.000000,140,220,280,300,330,340,420,420,420,420,420,50,0,140,155.39820365997912,2.5130829999397974,443.4636619998855,2495.26
1780669317,5,POST,/api/book,1.600000,0.000000,150,220,290,300,310,340,340,340,340,340,340,34,0,190,223.78930617643323,130.6969330003085,443.4636619998855,3376.5588235294117
1780669317,5,GET,/api/concerts,0.600000,0.000000,3,3,3,3,68,68,68,68,68,68,68,14,0,3,10.927334000013746,2.6449370002410433,67.80534300014551,753.0
1780669317,5,GET,/health,0.100000,0.000000,3,3,3,3,3,3,3,3,3,3,3,3,0,3,3.57867800009141,2.5130829999397974,5.561458000101993,57.0
1780669317,5,,Aggregated,2.300000,0.000000,140,150,220,280,300,310,340,340,340,340,340,51,0,140,152.4030415686117,2.5130829999397974,443.4636619998855,2461.098039215686
1780669318,5,POST,/api/book,1.800000,0.000000,140,160,220,280,300,340,340,340,340,340,340,36,0,160,218.52048002774103,127.56195199972353,443.4636619998855,3376.3055555555557
1780669318,5,GET,/api/concerts,0.500000,0.000000,3,3,3,3,68,68,68,68,68,68,68,15,0,3,10.375833333334109,2.6449370002410433,67.80534300014551,753.0
1780669318,5,GET,/health,0.100000,0.000000,3,3,3,3,3,3,3,3,3,3,3,3,0,3,3.57867800009141,2.5130829999397974,5.561458000101993,57.0
1780669318,5,,Aggregated,2.400000,0.000000,130,140,150,160,280,300,340,340,340,340,340,54,0,140,148.7613113888697,2.5130829999397974,443.4636619998855,2463.203703703704
1780669319,5,POST,/api/book,1.800000,0.000000,140,150,220,280,300,340,340,340,340,340,340,38,0,150,214.33464913154336,127.56195199972353,443.4636619998855,3376.0526315789475
1780669319,5,GET,/api/concerts,0.600000,0.000000,3,3,3,3,68,68,68,68,68,68,68,15,0,3,10.375833333334109,2.6449370002410433,67.80534300014551,753.0
1780669319,5,GET,/health,0.100000,0.000000,3,3,3,3,3,3,3,3,3,3,3,3,0,3,3.57867800009141,2.5130829999397974,5.561458000101993,57.0
1780669319,5,,Aggregated,2.500000,0.000000,140,140,150,160,280,300,340,340,340,340,340,56,0,140,148.4123250178381,2.5130829999397974,443.4636619998855,2495.6428571428573
1780669320,5,POST,/api/book,1.500000,0.000000,140,160,190,220,300,340,340,340,340,340,340,40,0,150,212.09268564995227,127.56195199972353,443.4636619998855,3377.125
1780669320,5,GET,/api/concerts,0.600000,0.000000,3,3,3,68,68,68,68,68,68,68,68,15,0,3,10.375833333334109,2.6449370002410433,67.80534300014551,753.0
1780669320,5,GET,/health,0.100000,0.000000,3,3,3,3,3,3,3,3,3,3,3,3,0,3,3.57867800009141,2.5130829999397974,5.561458000101993,57.0
1780669320,5,,Aggregated,2.200000,0.000000,140,150,160,190,280,300,340,340,340,340,340,58,0,140,149.13932689652373,2.5130829999397974,443.4636619998855,2526.7413793103447
1780669321,5,POST,/api/book,1.500000,0.000000,150,210,220,230,300,340,340,340,340,340,340,43,0,190,212.59753881390998,127.56195199972353,443.4636619998855,3377.0232558139537
1780669321,5,GET,/api/concerts,0.600000,0.000000,3,3,3,68,68,68,68,68,68,68,68,15,0,3,10.375833333334109,2.6449370002410433,67.80534300014551,753.0
1780669321,5,GET,/health,0.100000,0.000000,3,3,3,3,3,3,3,3,3,3,3,3,0,3,3.57867800009141,2.5130829999397974,5.561458000101993,57.0
1780669321,5,,Aggregated,2.200000,0.000000,140,190,220,220,280,300,340,340,340,340,340,61,0,140,152.59127381964615,2.5130829999397974,443.4636619998855,2568.4918032786886
1780669322,5,POST,/api/book,1.600000,0.000000,150,190,220,230,300,340,340,340,340,340,340,44,0,190,212.9406209317763,127.56195199972353,443.4636619998855,3377.068181818182
1780669322,5,GET,/api/concerts,0.600000,0.000000,3,4,4,68,68,68,68,68,68,68,68,16,0,3,9.963103499984527,2.6449370002410433,67.80534300014551,753.0
1780669322,5,GET,/health,0.100000,0.000000,3,3,3,3,3,3,3,3,3,3,3,3,0,3,3.57867800009141,2.5130829999397974,5.561458000101993,57.0
1780669322,5,,Aggregated,2.300000,0.000000,140,160,210,220,230,300,340,340,340,340,340,63,0,140,151.4211589047331,2.5130829999397974,443.4636619998855,2552.5396825396824
1780669323,5,POST,/api/book,1.700000,0.000000,150,200,220,230,300,300,300,300,300,300,300,48,0,190,214.88469195829416,127.56195199972353,443.4636619998855,3377.1666666666665
1780669323,5,GET,/api/concerts,0.500000,0.000000,3,4,4,68,68,68,68,68,68,68,68,16,0,3,9.963103499984527,2.6449370002410433,67.80534300014551,753.0
1780669323,5,GET,/health,0.100000,0.000000,3,3,3,3,3,3,3,3,3,3,3,3,0,3,3.57867800009141,2.5130829999397974,5.561458000101993,57.0
1780669323,5,,Aggregated,2.300000,0.000000,140,160,210,220,230,300,300,300,300,300,300,67,0,140,156.48672991042008,2.5130829999397974,443.4636619998855,2601.8358208955224
1780669324,5,POST,/api/book,2.000000,0.000000,160,200,220,230,300,300,300,300,300,300,300,48,0,190,214.88469195829416,127.56195199972353,443.4636619998855,3377.1666666666665
1780669324,5,GET,/api/concerts,0.400000,0.000000,3,3,4,4,4,4,4,4,4,4,4,16,0,3,9.963103499984527,2.6449370002410433,67.80534300014551,753.0
1780669324,5,GET,/health,0.000000,0.000000,3,3,3,3,3,3,3,3,3,3,3,4,0,3,3.339050750128081,2.5130829999397974,5.561458000101993,57.0
1780669324,5,,Aggregated,2.400000,0.000000,140,190,210,220,230,300,300,300,300,300,300,68,0,140,154.2239863676233,2.5130829999397974,443.4636619998855,2564.4117647058824
1780669325,5,POST,/api/book,2.000000,0.000000,190,210,230,230,300,300,300,300,300,300,300,49,0,190,213.1961712448638,127.56195199972353,443.4636619998855,3377.3673469387754
1780669325,5,GET,/api/concerts,0.400000,0.000000,3,3,3,4,4,4,4,4,4,4,4,17,0,3,9.532182764681185,2.6374509998277063,67.80534300014551,753.0
1780669325,5,GET,/health,0.000000,0.000000,3,3,3,3,3,3,3,3,3,3,3,4,0,3,3.339050750128081,2.5130829999397974,5.561458000101993,57.0
1780669325,5,,Aggregated,2.400000,0.000000,140,190,210,220,230,300,300,300,300,300,300,70,0,140,151.74308144283455,2.5130829999397974,443.4636619998855,2550.285714285714
1780669326,5,POST,/api/book,2.000000,0.000000,150,210,220,230,300,300,300,300,300,300,300,50,0,190,211.7954163399736,127.56195199972353,443.4636619998855,3377.04
1780669326,5,GET,/api/concerts,0.400000,0.000000,3,3,3,4,4,4,4,4,4,4,4,18,0,3,9.164531777742013,2.6374509998277063,67.80534300014551,753.0
1780669326,5,GET,/health,0.000000,0.000000,3,3,3,3,3,3,3,3,3,3,3,4,0,3,3.339050750128081,2.5130829999397974,5.561458000101993,57.0
1780669326,5,,Aggregated,2.400000,0.000000,140,190,210,220,230,300,300,300,300,300,300,72,0,140,149.55678599997984,2.5130829999397974,443.4636619998855,2536.5833333333335
1780669327,5,POST,/api/book,1.900000,0.000000,150,200,220,230,300,300,300,300,300,300,300,52,0,160,209.0128424615089,127.56195199972353,443.4636619998855,3377.8846153846152
1780669327,5,GET,/api/concerts,0.500000,0.000000,3,3,4,4,4,4,4,4,4,4,4,18,0,3,9.164531777742013,2.6374509998277063,67.80534300014551,753.0
1780669327,5,GET,/health,0.100000,0.000000,3,3,3,3,3,3,3,3,3,3,3,4,0,3,3.339050750128081,2.5130829999397974,5.561458000101993,57.0
1780669327,5,,Aggregated,2.500000,0.000000,140,190,210,220,230,300,300,300,300,300,300,74,0,140,149.2835889594369,2.5130829999397974,443.4636619998855,2559.891891891892
1780669328,5,POST,/api/book,1.700000,0.000000,190,210,230,230,300,300,300,300,300,300,300,53,0,160,207.67716603770924,127.56195199972353,443.4636619998855,3378.4528301886794
1780669328,5,GET,/api/concerts,0.500000,0.000000,3,3,3,3,4,4,4,4,4,4,4,20,0,3,8.523110799956157,2.6276929997948173,67.80534300014551,753.0
1780669328,5,GET,/health,0.100000,0.000000,3,3,3,3,3,3,3,3,3,3,3,4,0,3,3.339050750128081,2.5130829999397974,5.561458000101993,57.0
1780669328,5,,Aggregated,2.300000,0.000000,140,190,210,220,230,300,300,300,300,300,300,77,0,140,145.33387297400293,2.5130829999397974,443.4636619998855,2523.974025974026
1780669329,5,POST,/api/book,1.700000,0.000000,200,230,230,270,300,300,300,300,300,300,300,56,0,160,208.79541153569951,127.56195199972353,443.4636619998855,3378.535714285714
1780669329,5,GET,/api/concerts,0.500000,0.000000,3,3,3,3,4,4,4,4,4,4,4,20,0,3,8.523110799956157,2.6276929997948173,67.80534300014551,753.0
1780669329,5,GET,/health,0.100000,0.000000,3,3,3,3,3,3,3,3,3,3,3,4,0,3,3.339050750128081,2.5130829999397974,5.561458000101993,57.0
1780669329,5,,Aggregated,2.300000,0.000000,140,210,230,230,280,300,300,300,300,300,300,80,0,140,148.4545183124851,2.5130829999397974,443.4636619998855,2556.075
1780669330,5,POST,/api/book,1.900000,0.000000,200,230,270,270,300,300,300,300,300,300,300,57,0,160,207.5760149473513,127.56195199972353,443.4636619998855,3379.2982456140353
1780669330,5,GET,/api/concerts,0.500000,0.000000,3,3,3,4,4,4,4,4,4,4,4,20,0,3,8.523110799956157,2.6276929997948173,67.80534300014551,753.0
1780669330,5,GET,/health,0.100000,0.000000,3,3,3,3,3,3,3,3,3,3,3,4,0,3,3.339050750128081,2.5130829999397974,5.561458000101993,57.0
1780669330,5,,Aggregated,2.500000,0.000000,140,200,230,230,280,300,300,300,300,300,300,81,0,140,148.34137371603285,2.5130829999397974,443.4636619998855,2566.7654320987654
1780669331,5,POST,/api/book,1.600000,0.000000,140,140,270,280,300,300,300,300,300,300,300,59,0,150,205.2197511186208,127.56195199972353,443.4636619998855,3379.3898305084745
1780669331,5,GET,/api/concerts,0.500000,0.000000,3,3,3,3,4,4,4,4,4,4,4,21,0,3,8.238490952343065,2.5460940000812116,67.80534300014551,753.0
1780669331,5,GET,/health,0.100000,0.000000,3,3,3,3,3,3,3,3,3,3,3,4,0,3,3.339050750128081,2.5130829999397974,5.561458000101993,57.0
1780669331,5,,Aggregated,2.200000,0.000000,140,140,140,200,280,300,300,300,300,300,300,84,0,140,146.3610693928374,2.5130829999397974,443.4636619998855,2564.5833333333335
1780669332,5,POST,/api/book,1.700000,0.000000,140,140,270,280,300,300,300,300,300,300,300,61,0,150,203.13373924587634,127.56195199972353,443.4636619998855,3380.901639344262
1780669332,5,GET,/api/concerts,0.500000,0.000000,3,3,3,3,4,4,4,4,4,4,4,21,0,3,8.238490952343065,2.5460940000812116,67.80534300014551,753.0
1780669332,5,GET,/health,0.100000,0.000000,3,3,3,3,3,3,3,3,3,3,3,4,0,3,3.339050750128081,2.5130829999397974,5.561458000101993,57.0
1780669332,5,,Aggregated,2.300000,0.000000,140,140,140,150,280,300,300,300,300,300,300,86,0,140,146.25026287207177,2.5130829999397974,443.4636619998855,2584.6046511627906
1780669333,5,POST,/api/book,1.700000,0.000000,140,150,280,280,510,540,540,540,540,540,540,64,0,150,217.21982049997024,127.56195199972353,540.9501999997701,3381.0
1780669333,5,GET,/api/concerts,0.500000,0.000000,3,3,3,3,3,3,3,3,3,3,3,21,0,3,8.238490952343065,2.5460940000812116,67.80534300014551,753.0
1780669333,5,GET,/health,0.100000,0.000000,3,3,3,3,3,3,3,3,3,3,3,4,0,3,3.339050750128081,2.5130829999397974,5.561458000101993,57.0
1780669333,5,,Aggregated,2.300000,0.000000,140,140,150,270,460,510,540,540,540,540,540,89,0,140,158.2970002808743,2.5130829999397974,540.9501999997701,2611.516853932584
1780669334,5,POST,/api/book,1.700000,0.000000,140,150,280,460,510,540,540,540,540,540,540,64,0,150,217.21982049997024,127.56195199972353,540.9501999997701,3381.0
1780669334,5,GET,/api/concerts,0.500000,0.000000,3,3,3,3,3,3,3,3,3,3,3,22,0,3,7.989020454508798,2.5460940000812116,67.80534300014551,753.0
1780669334,5,GET,/health,0.100000,0.000000,3,3,3,3,3,3,3,3,3,3,3,4,0,3,3.339050750128081,2.5130829999397974,5.561458000101993,57.0
1780669334,5,,Aggregated,2.300000,0.000000,140,140,270,280,510,540,540,540,540,540,540,90,0,140,156.5687018333089,2.5130829999397974,540.9501999997701,2590.866666666667
1780669335,5,POST,/api/book,1.500000,0.000000,140,280,460,510,610,620,620,620,620,620,620,67,0,160,227.9704178357888,127.56195199972353,618.1956109999192,3380.865671641791
1780669335,5,GET,/api/concerts,0.500000,0.000000,3,3,3,3,3,3,3,3,3,3,3,22,0,3,7.989020454508798,2.5460940000812116,67.80534300014551,753.0
1780669335,5,GET,/health,0.100000,0.000000,3,3,3,3,3,3,3,3,3,3,3,4,0,3,3.339050750128081,2.5130829999397974,5.561458000101993,57.0
1780669335,5,,Aggregated,2.100000,0.000000,140,150,280,460,540,610,620,620,620,620,620,93,0,140,166.2702435268554,2.5130829999397974,618.1956109999192,2616.2580645161293
1780669336,5,POST,/api/book,1.500000,0.000000,270,410,510,520,610,620,620,620,620,620,620,69,0,190,234.81762308692586,127.56195199972353,618.1956109999192,3380.8985507246375
1780669336,5,GET,/api/concerts,0.500000,0.000000,3,3,3,3,3,3,3,3,3,3,3,23,0,3,7.758970956491913,2.5460940000812116,67.80534300014551,753.0
1780669336,5,GET,/health,0.100000,0.000000,3,3,3,3,3,3,3,3,3,3,3,4,0,3,3.339050750128081,2.5130829999397974,5.561458000101993,57.0
1780669336,5,,Aggregated,2.100000,0.000000,140,280,460,510,540,610,620,620,620,620,620,96,0,140,170.77321383330948,2.5130829999397974,618.1956109999192,2612.8020833333335
1780669337,5,POST,/api/book,1.600000,0.000000,280,410,510,520,610,620,620,620,620,620,620,71,0,190,237.50664032391336,127.56195199972353,618.1956109999192,3380.8169014084506
1780669337,5,GET,/api/concerts,0.500000,0.000000,3,3,3,3,3,3,3,3,3,3,3,23,0,3,7.758970956491913,2.5460940000812116,67.80534300014551,753.0
1780669337,5,GET,/health,0.000000,0.000000,3,3,3,3,3,3,3,3,3,3,3,4,0,3,3.339050750128081,2.5130829999397974,5.561458000101993,57.0
1780669337,5,,Aggregated,2.100000,0.000000,270,360,460,510,540,610,620,620,620,620,620,98,0,140,174.0284081428334,2.5130829999397974,618.1956109999192,2628.418367346939
1780669338,5,POST,/api/book,1.600000,0.000000,280,410,510,520,610,620,620,620,620,620,620,72,0,190,236.1308120694111,127.56195199972353,618.1956109999192,3380.8888888888887
1780669338,5,GET,/api/concerts,0.500000,0.000000,3,3,3,3,3,3,3,3,3,3,3,23,0,3,7.758970956491913,2.5460940000812116,67.80534300014551,753.0
1780669338,5,GET,/health,0.000000,0.000000,3,3,3,3,3,3,3,3,3,3,3,4,0,3,3.339050750128081,2.5130829999397974,5.561458000101993,57.0
1780669338,5,,Aggregated,2.100000,0.000000,270,360,460,510,540,610,620,620,620,620,620,99,0,140,173.66900004037802,2.5130829999397974,618.1956109999192,2636.070707070707
1780669339,5,POST,/api/book,1.900000,0.000000,300,410,510,520,610,620,620,620,620,620,620,74,0,160,233.53340229726422,127.56195199972353,618.1956109999192,3381.0675675675675
1780669339,5,GET,/api/concerts,0.500000,0.000000,3,3,3,3,3,3,3,3,3,3,3,24,0,3,7.567030624973843,2.5460940000812116,67.80534300014551,753.0
1780669339,5,GET,/health,0.000000,0.000000,3,3,3,3,3,3,3,3,3,3,3,4,0,3,3.339050750128081,2.5130829999397974,5.561458000101993,57.0
1780669339,5,,Aggregated,2.400000,0.000000,140,360,460,510,540,610,620,620,620,620,620,102,0,140,171.3376147842886,2.5130829999397974,618.1956109999192,2632.343137254902
1780669340,5,POST,/api/book,1.900000,0.000000,150,410,510,520,610,620,620,620,620,620,620,77,0,150,229.84730063632463,127.56195199972353,618.1956109999192,3381.2077922077924
1780669340,5,GET,/api/concerts,0.400000,0.000000,3,3,3,3,3,3,3,3,3,3,3,24,0,3,7.567030624973843,2.5460940000812116,67.80534300014551,753.0
1780669340,5,GET,/health,0.000000,0.000000,3,3,3,3,3,3,3,3,3,3,3,4,0,3,3.339050750128081,2.5130829999397974,5.561458000101993,57.0
1780669340,5,,Aggregated,2.300000,0.000000,140,360,460,510,540,610,620,620,620,620,620,105,0,140,170.41149606663697,2.5130829999397974,618.1956109999192,2653.8380952380953
1780669341,5,POST,/api/book,1.900000,0.000000,300,410,510,520,610,620,620,620,620,620,620,78,0,150,228.76258641021872,127.56195199972353,618.1956109999192,3381.346153846154
1780669341,5,GET,/api/concerts,0.400000,0.000000,3,3,3,3,3,3,3,3,3,3,3,24,0,3,7.567030624973843,2.5460940000812116,67.80534300014551,753.0
1780669341,5,GET,/health,0.000000,0.000000,3,3,3,3,3,3,3,3,3,3,3,5,0,3,3.1805946001441043,2.5130829999397974,5.561458000101993,57.0
1780669341,5,,Aggregated,2.300000,0.000000,140,360,460,510,540,610,620,620,620,620,620,107,0,140,168.60741540184256,2.5130829999397974,618.1956109999192,2636.467289719626
1780669342,5,POST,/api/book,1.800000,0.000000,150,410,510,520,610,620,620,620,620,620,620,80,0,150,226.56530194996662,127.56195199972353,618.1956109999192,3381.75
1780669342,5,GET,/api/concerts,0.400000,0.000000,3,3,3,3,3,3,3,3,3,3,3,24,0,3,7.567030624973843,2.5460940000812116,67.80534300014551,753.0
1780669342,5,GET,/health,0.000000,0.000000,3,3,3,3,3,3,3,3,3,3,3,5,0,3,3.1805946001441043,2.5130829999397974,5.561458000101993,57.0
1780669342,5,,Aggregated,2.200000,0.000000,140,360,460,510,540,610,620,620,620,620,620,109,0,140,168.09849416511398,2.5130829999397974,618.1956109999192,2650.4311926605506
1780669343,5,POST,/api/book,2.000000,0.000000,140,150,360,410,610,620,620,620,620,620,620,82,0,150,224.30866031704238,127.56195199972353,618.1956109999192,3381.1951219512193
1780669343,5,GET,/api/concerts,0.400000,0.000000,3,3,3,3,3,3,3,3,3,3,3,24,0,3,7.567030624973843,2.5460940000812116,67.80534300014551,753.0
1780669343,5,GET,/health,0.100000,0.000000,3,3,3,3,3,3,3,3,3,3,3,5,0,3,3.1805946001441043,2.5130829999397974,5.561458000101993,57.0
1780669343,5,,Aggregated,2.500000,0.000000,140,140,300,360,520,610,620,620,620,620,620,111,0,140,167.48488156754564,2.5130829999397974,618.1956109999192,2663.198198198198
1780669344,5,POST,/api/book,2.000000,0.000000,140,150,360,410,610,620,620,620,620,620,620,83,0,150,223.17565224093744,127.56195199972353,618.1956109999192,3381.0963855421687
1780669344,5,GET,/api/concerts,0.400000,0.000000,3,3,3,3,3,3,3,3,3,3,3,24,0,3,7.567030624973843,2.5460940000812116,67.80534300014551,753.0
1780669344,5,GET,/health,0.100000,0.000000,3,3,3,3,3,3,3,3,3,3,3,5,0,3,3.1805946001441043,2.5130829999397974,5.561458000101993,57.0
1780669344,5,,Aggregated,2.500000,0.000000,140,140,300,360,520,610,620,620,620,620,620,112,0,140,167.15259682140982,2.5130829999397974,618.1956109999192,2669.535714285714
1780669345,5,POST,/api/book,2.000000,0.000000,140,140,150,200,300,360,360,360,360,360,360,86,0,150,222.17567367439125,127.56195199972353,618.1956109999192,3380.9418604651164
1780669345,5,GET,/api/concerts,0.300000,0.000000,3,3,3,3,3,3,3,3,3,3,3,24,0,3,7.567030624973843,2.5460940000812116,67.80534300014551,753.0
1780669345,5,GET,/health,0.100000,0.000000,3,3,3,3,3,3,3,3,3,3,3,5,0,3,3.1805946001441043,2.5130829999397974,5.561458000101993,57.0
1780669345,5,,Aggregated,2.400000,0.000000,140,140,150,200,300,360,360,360,360,360,360,115,0,140,167.86625777389338,2.5130829999397974,618.1956109999192,2687.9826086956523
1780669346,5,POST,/api/book,1.900000,0.000000,140,140,200,240,330,360,360,360,360,360,360,89,0,150,223.57348642694222,127.56195199972353,618.1956109999192,3381.3595505617977
1780669346,5,GET,/api/concerts,0.200000,0.000000,3,3,3,3,3,3,3,3,3,3,3,24,0,3,7.567030624973843,2.5460940000812116,67.80534300014551,753.0
1780669346,5,GET,/health,0.100000,0.000000,3,3,3,3,3,3,3,3,3,3,3,6,0,3,3.116770166798233,2.5130829999397974,5.561458000101993,57.0
1780669346,5,,Aggregated,2.200000,0.000000,140,140,150,200,320,330,360,360,360,360,360,119,0,140,168.89369452099177,2.5130829999397974,618.1956109999192,2683.655462184874
1780669347,5,POST,/api/book,1.900000,0.000000,140,140,150,200,320,330,330,330,330,330,330,90,0,150,222.69698252219618,127.56195199972353,618.1956109999192,3381.6222222222223
1780669347,5,GET,/api/concerts,0.200000,0.000000,3,3,3,3,3,3,3,3,3,3,3,24,0,3,7.567030624973843,2.5460940000812116,67.80534300014551,753.0
1780669347,5,GET,/health,0.100000,0.000000,3,3,3,3,3,3,3,3,3,3,3,6,0,3,3.116770166798233,2.5130829999397974,5.561458000101993,57.0
1780669347,5,,Aggregated,2.200000,0.000000,140,140,140,150,240,320,330,330,330,330,330,120,0,140,168.6919815249818,2.5130829999397974,618.1956109999192,2689.6666666666665
1780669348,5,POST,/api/book,1.700000,0.000000,140,140,150,200,320,330,330,330,330,330,330,91,0,150,221.80969251645706,127.56195199972353,618.1956109999192,3382.054945054945
1780669348,5,GET,/api/concerts,0.100000,0.000000,3,3,3,3,3,3,3,3,3,3,3,24,0,3,7.567030624973843,2.5460940000812116,67.80534300014551,753.0
1780669348,5,GET,/health,0.200000,0.000000,3,3,3,3,3,3,3,3,3,3,3,6,0,3,3.116770166798233,2.5130829999397974,5.561458000101993,57.0
1780669348,5,,Aggregated,2.000000,0.000000,140,140,150,200,320,330,330,330,330,330,330,121,0,140,168.47100309915498,2.5130829999397974,618.1956109999192,2695.710743801653
1780669349,5,POST,/api/book,1.900000,0.000000,140,140,150,200,320,330,330,330,330,330,330,93,0,140,219.97139894620955,127.56195199972353,618.1956109999192,3382.989247311828
1780669349,5,GET,/api/concerts,0.100000,0.000000,3,3,3,3,3,3,3,3,3,3,3,25,0,3,7.387321759979386,2.5460940000812116,67.80534300014551,753.0
1780669349,5,GET,/health,0.200000,0.000000,3,3,3,3,3,3,3,3,3,3,3,6,0,3,3.116770166798233,2.5130829999397974,5.561458000101993,57.0
1780669349,5,,Aggregated,2.200000,0.000000,140,140,140,150,240,320,330,330,330,330,330,124,0,140,166.61874005643355,2.5130829999397974,618.1956109999192,2691.814516129032
1780669350,5,POST,/api/book,1.900000,0.000000,140,180,200,210,320,330,330,330,330,330,330,95,0,150,219.4174121683988,127.56195199972353,618.1956109999192,3382.6315789473683
1780669350,5,GET,/api/concerts,0.100000,0.000000,3,3,3,3,3,3,3,3,3,3,3,25,0,3,7.387321759979386,2.5460940000812116,67.80534300014551,753.0
1780669350,5,GET,/health,0.200000,0.000000,3,3,3,3,3,3,3,3,3,3,3,6,0,3,3.116770166798233,2.5130829999397974,5.561458000101993,57.0
1780669350,5,,Aggregated,2.200000,0.000000,140,140,200,210,320,330,330,330,330,330,330,126,0,140,167.0479192142711,2.5130829999397974,618.1956109999192,2702.5158730158732
1780669351,5,POST,/api/book,1.800000,0.000000,160,200,240,290,320,330,330,330,330,330,330,99,0,150,219.88794515149806,127.56195199972353,618.1956109999192,3382.777777777778
1780669351,5,GET,/api/concerts,0.100000,0.000000,3,3,3,3,3,3,3,3,3,3,3,25,0,3,7.387321759979386,2.5460940000812116,67.80534300014551,753.0
1780669351,5,GET,/health,0.200000,0.000000,3,3,3,3,3,3,3,3,3,3,3,6,0,3,3.116770166798233,2.5130829999397974,5.561458000101993,57.0
1780669351,5,,Aggregated,2.100000,0.000000,140,180,210,240,310,320,330,330,330,330,330,130,0,140,169.01761719229677,2.5130829999397974,618.1956109999192,2723.5538461538463
1780669352,5,POST,/api/book,2.100000,0.000000,160,200,240,290,320,330,330,330,330,330,330,100,0,150,219.10916641998028,127.56195199972353,618.1956109999192,3383.07
1780669352,5,GET,/api/concerts,0.100000,0.000000,3,3,3,3,3,3,3,3,3,3,3,25,0,3,7.387321759979386,2.5460940000812116,67.80534300014551,753.0
1780669352,5,GET,/health,0.200000,0.000000,3,3,3,3,3,3,3,3,3,3,3,6,0,3,3.116770166798233,2.5130829999397974,5.561458000101993,57.0
1780669352,5,,Aggregated,2.400000,0.000000,140,180,210,240,310,320,330,330,330,330,330,131,0,140,168.81145272517787,2.5130829999397974,618.1956109999192,2728.8091603053435
1780669353,5,POST,/api/book,1.800000,0.000000,160,200,240,290,320,330,330,330,330,330,330,102,0,150,217.4924335490018,127.56195199972353,618.1956109999192,3383.1372549019607
1780669353,5,GET,/api/concerts,0.100000,0.000000,3,3,3,3,3,3,3,3,3,3,3,26,0,3,7.208603115364335,2.5460940000812116,67.80534300014551,753.0
1780669353,5,GET,/health,0.100000,0.000000,3,3,3,3,3,3,3,3,3,3,3,7,0,3,3.125246714392103,2.5130829999397974,5.561458000101993,57.0
1780669353,5,,Aggregated,2.000000,0.000000,140,180,210,240,310,320,330,330,330,330,330,135,0,140,165.87798985184,2.5130829999397974,618.1956109999192,2704.125925925926
1780669354,5,POST,/api/book,2.000000,0.000000,140,180,240,290,320,330,330,330,330,330,330,103,0,150,216.7647872329944,127.56195199972353,618.1956109999192,3383.3203883495144
1780669354,5,GET,/api/concerts,0.100000,0.000000,3,3,3,3,3,3,3,3,3,3,3,27,0,3,7.045766925902744,2.5460940000812116,67.80534300014551,753.0
1780669354,5,GET,/health,0.100000,0.000000,3,3,3,3,3,3,3,3,3,3,3,8,0,3,3.0883368750664886,2.5130829999397974,5.561458000101993,57.0
1780669354,5,,Aggregated,2.200000,0.000000,140,160,180,240,310,320,330,330,330,330,330,138,0,140,163.34576439853862,2.5130829999397974,618.1956109999192,2675.8623188405795
1780669355,5,POST,/api/book,2.000000,0.000000,140,160,210,290,320,330,330,330,330,330,330,105,0,150,215.3974093333177,127.56195199972353,618.1956109999192,3383.790476190476
1780669355,5,GET,/api/concerts,0.100000,0.000000,3,3,3,3,3,3,3,3,3,3,3,27,0,3,7.045766925902744,2.5460940000812116,67.80534300014551,753.0
1780669355,5,GET,/health,0.200000,0.000000,3,3,3,3,3,3,3,3,3,3,3,8,0,3,3.0883368750664886,2.5130829999397974,5.561458000101993,57.0
1780669355,5,,Aggregated,2.300000,0.000000,140,150,180,210,310,320,330,330,330,330,330,140,0,140,163.08335987141618,2.5130829999397974,618.1956109999192,2686.3214285714284
1780669356,5,POST,/api/book,1.900000,0.000000,140,150,160,180,290,310,310,310,310,310,310,107,0,140,214.02791222428243,127.56195199972353,618.1956109999192,3384.2523364485983
1780669356,5,GET,/api/concerts,0.300000,0.000000,3,3,3,3,3,3,3,3,3,3,3,27,0,3,7.045766925902744,2.5460940000812116,67.80534300014551,753.0
1780669356,5,GET,/health,0.200000,0.000000,3,3,3,3,3,3,3,3,3,3,3,8,0,3,3.0883368750664886,2.5130829999397974,5.561458000101993,57.0
1780669356,5,,Aggregated,2.400000,0.000000,140,140,160,160,210,290,310,310,310,310,310,142,0,140,162.78823246477555,2.5130829999397974,618.1956109999192,2696.492957746479
1780669357,5,POST,/api/book,2.000000,0.000000,140,150,160,180,290,310,310,310,310,310,310,108,0,140,213.36954412961236,127.56195199972353,618.1956109999192,3383.8518518518517
1780669357,5,GET,/api/concerts,0.300000,0.000000,3,3,3,3,3,3,3,3,3,3,3,28,0,3,6.903256785692845,2.5460940000812116,67.80534300014551,753.0
1780669357,5,GET,/health,0.300000,0.000000,3,3,3,3,3,3,3,3,3,3,3,9,0,3,3.043871000095856,2.5130829999397974,5.561458000101993,57.0
1780669357,5,,Aggregated,2.600000,0.000000,140,140,150,160,210,290,310,310,310,310,310,145,0,140,160.44549513791998,2.5130829999397974,618.1956109999192,2669.3310344827587
1780669358,5,POST,/api/book,2.000000,0.000000,140,150,160,180,290,310,310,310,310,310,310,110,0,140,211.97018046361583,127.56195199972353,618.1956109999192,3383.309090909091
1780669358,5,GET,/api/concerts,0.300000,0.000000,3,3,3,3,3,3,3,3,3,3,3,29,0,3,6.76284620688201,2.5460940000812116,67.80534300014551,753.0
1780669358,5,GET,/health,0.200000,0.000000,3,3,3,3,3,3,3,3,3,3,3,9,0,3,3.043871000095856,2.5130829999397974,5.561458000101993,57.0
1780669358,5,,Aggregated,2.500000,0.000000,140,140,150,160,210,290,310,310,310,310,310,148,0,140,159.0556569594472,2.5130829999397974,618.1956109999192,2665.635135135135
1780669359,5,POST,/api/book,1.900000,0.000000,140,150,160,290,300,310,310,310,310,310,310,113,0,140,212.71238693803204,127.56195199972353,618.1956109999192,3383.1769911504425
1780669359,5,GET,/api/concerts,0.300000,0.000000,3,3,3,3,3,3,3,3,3,3,3,29,0,3,6.76284620688201,2.5460940000812116,67.80534300014551,753.0
1780669359,5,GET,/health,0.300000,0.000000,3,3,3,3,3,3,3,3,3,3,3,9,0,3,3.043871000095856,2.5130829999397974,5.561458000101993,57.0
1780669359,5,,Aggregated,2.500000,0.000000,140,140,150,160,290,300,310,310,310,310,310,151,0,140,160.66236492051698,2.5130829999397974,618.1956109999192,2679.794701986755
1780669360,5,POST,/api/book,2.000000,0.000000,140,140,160,290,300,310,310,310,310,310,310,114,0,140,212.07814758769783,127.56195199972353,618.1956109999192,3383.1929824561403
1780669360,5,GET,/api/concerts,0.400000,0.000000,3,3,3,3,3,3,3,3,3,3,3,29,0,3,6.76284620688201,2.5460940000812116,67.80534300014551,753.0
1780669360,5,GET,/health,0.300000,0.000000,3,3,3,3,3,3,3,3,3,3,3,9,0,3,3.043871000095856,2.5130829999397974,5.561458000101993,57.0
1780669360,5,,Aggregated,2.700000,0.000000,140,140,140,160,290,300,310,310,310,310,310,152,0,140,160.5291197631447,2.5130829999397974,618.1956109999192,2684.434210526316
1780669361,5,POST,/api/book,1.900000,0.000000,140,140,140,140,290,300,300,300,300,300,300,115,0,140,211.43757815650093,127.56195199972353,618.1956109999192,3383.182608695652
1780669361,5,GET,/api/concerts,0.500000,0.000000,3,3,3,3,3,3,3,3,3,3,3,30,0,3,6.635335499989499,2.5460940000812116,67.80534300014551,753.0
1780669361,5,GET,/health,0.300000,0.000000,3,3,3,3,3,3,3,3,3,3,3,9,0,3,3.043871000095856,2.5130829999397974,5.561458000101993,57.0
1780669361,5,,Aggregated,2.700000,0.000000,140,140,140,140,150,290,300,300,300,300,300,154,0,140,159.36218436362438,2.5130829999397974,618.1956109999192,2676.4220779220777
1780669362,5,POST,/api/book,1.900000,0.000000,140,140,220,220,290,300,300,300,300,300,300,117,0,140,212.12816905980984,127.56195199972353,618.1956109999192,3383.008547008547
1780669362,5,GET,/api/concerts,0.500000,0.000000,3,3,3,3,3,3,3,3,3,3,3,30,0,3,6.635335499989499,2.5460940000812116,67.80534300014551,753.0
1780669362,5,GET,/health,0.300000,0.000000,3,3,3,3,3,3,3,3,3,3,3,9,0,3,3.043871000095856,2.5130829999397974,5.561458000101993,57.0
1780669362,5,,Aggregated,2.700000,0.000000,140,140,140,150,280,290,300,300,300,300,300,156,0,140,160.54776079486086,2.5130829999397974,618.1956109999192,2685.352564102564
1780669363,5,POST,/api/book,1.800000,0.000000,140,140,220,220,290,300,300,300,300,300,300,118,0,140,211.4971116440479,127.56195199972353,618.1956109999192,3382.915254237288
1780669363,5,GET,/api/concerts,0.400000,0.000000,3,3,3,3,3,3,3,3,3,3,3,31,0,3,6.506374322564244,2.5460940000812116,67.80534300014551,753.0
1780669363,5,GET,/health,0.300000,0.000000,3,3,3,3,3,3,3,3,3,3,3,9,0,3,3.043871000095856,2.5130829999397974,5.561458000101993,57.0
1780669363,5,,Aggregated,2.500000,0.000000,140,140,140,150,280,290,300,300,300,300,300,158,0,140,159.40349124682282,2.5130829999397974,618.1956109999192,2677.46835443038
1780669364,5,POST,/api/book,1.800000,0.000000,140,220,220,220,290,300,300,300,300,300,300,121,0,140,211.4641011487361,127.56195199972353,618.1956109999192,3381.9834710743803
1780669364,5,GET,/api/concerts,0.500000,0.000000,3,3,3,3,3,3,3,3,3,3,3,31,0,3,6.506374322564244,2.5460940000812116,67.80534300014551,753.0
1780669364,5,GET,/health,0.300000,0.000000,3,3,3,3,3,3,3,3,3,3,3,9,0,3,3.043871000095856,2.5130829999397974,5.561458000101993,57.0
1780669364,5,,Aggregated,2.600000,0.000000,140,140,220,220,280,290,300,300,300,300,300,161,0,140,160.34937069563617,2.5130829999397974,618.1956109999192,2689.913043478261
1780669365,5,POST,/api/book,1.600000,0.000000,140,220,220,220,290,300,300,300,300,300,300,123,0,140,210.31038623574958,127.56195199972353,618.1956109999192,3382.2601626016262
1780669365,5,GET,/api/concerts,0.500000,0.000000,3,3,3,4,4,4,4,4,4,4,4,32,0,3,6.414762437486843,2.5460940000812116,67.80534300014551,753.0
1780669365,5,GET,/health,0.200000,0.000000,3,3,3,3,3,3,3,3,3,3,3,9,0,3,3.043871000095856,2.5130829999397974,5.561458000101993,57.0
1780669365,5,,Aggregated,2.300000,0.000000,140,140,220,220,280,290,300,300,300,300,300,164,0,140,159.15149234144903,2.5130829999397974,618.1956109999192,2686.75
1780669366,5,POST,/api/book,1.800000,0.000000,140,220,220,280,290,300,300,300,300,300,300,123,0,140,210.31038623574958,127.56195199972353,618.1956109999192,3382.2601626016262
1780669366,5,GET,/api/concerts,0.400000,0.000000,3,3,4,4,26,26,26,26,26,26,26,33,0,3,7.009508121193379,2.5460940000812116,67.80534300014551,753.0
1780669366,5,GET,/health,0.200000,0.000000,3,3,3,3,3,3,3,3,3,3,3,9,0,3,3.043871000095856,2.5130829999397974,5.561458000101993,57.0
1780669366,5,,Aggregated,2.400000,0.000000,140,140,220,220,280,290,300,300,300,300,300,165,0,140,158.34476432725722,2.5130829999397974,618.1956109999192,2675.030303030303
1780669367,5,POST,/api/book,1.800000,0.000000,200,220,280,290,320,390,390,390,390,390,390,127,0,140,211.47960645667473,127.56195199972353,618.1956109999192,3382.7086614173227
1780669367,5,GET,/api/concerts,0.500000,0.000000,3,4,4,26,26,26,26,26,26,26,26,33,0,3,7.009508121193379,2.5460940000812116,67.80534300014551,753.0
1780669367,5,GET,/health,0.100000,0.000000,3,3,3,3,3,3,3,3,3,3,3,9,0,3,3.043871000095856,2.5130829999397974,5.561458000101993,57.0
1780669367,5,,Aggregated,2.400000,0.000000,140,220,220,280,300,320,390,390,390,390,390,169,0,140,160.4533646567925,2.5130829999397974,618.1956109999192,2692.1065088757396
1780669368,5,POST,/api/book,1.700000,0.000000,200,220,280,290,320,390,390,390,390,390,390,128,0,140,210.92021054685617,127.56195199972353,618.1956109999192,3382.3671875
1780669368,5,GET,/api/concerts,0.500000,0.000000,3,4,4,26,26,26,26,26,26,26,26,33,0,3,7.009508121193379,2.5460940000812116,67.80534300014551,753.0
1780669368,5,GET,/health,0.100000,0.000000,3,3,3,3,3,3,3,3,3,3,3,10,0,3,3.031199400084006,2.5130829999397974,5.561458000101993,57.0
1780669368,5,,Aggregated,2.300000,0.000000,140,220,220,280,300,320,390,390,390,390,390,171,0,140,159.41177024560125,2.5130829999397974,618.1956109999192,2680.4795321637425
1780669369,5,POST,/api/book,1.600000,0.000000,140,220,220,220,320,390,390,390,390,390,390,130,0,140,209.77495563844897,127.56195199972353,618.1956109999192,3381.992307692308
1780669369,5,GET,/api/concerts,0.600000,0.000000,4,4,26,26,26,26,26,26,26,26,26,33,0,3,7.009508121193379,2.5460940000812116,67.80534300014551,753.0
1780669369,5,GET,/health,0.000000,0.000000,3,3,3,3,3,3,3,3,3,3,3,10,0,3,3.031199400084006,2.5130829999397974,5.561458000101993,57.0
1780669369,5,,Aggregated,2.200000,0.000000,140,140,220,220,280,320,390,390,390,390,390,173,0,140,159.14664736993404,2.5130829999397974,618.1956109999192,2688.3121387283236
1780669370,5,POST,/api/book,1.600000,0.000000,140,220,220,220,320,390,390,390,390,390,390,131,0,140,209.23687487021468,127.56195199972353,618.1956109999192,3381.687022900763
1780669370,5,GET,/api/concerts,0.600000,0.000000,4,4,26,26,26,26,26,26,26,26,26,33,0,3,7.009508121193379,2.5460940000812116,67.80534300014551,753.0
1780669370,5,GET,/health,0.000000,0.000000,3,3,3,3,3,3,3,3,3,3,3,11,0,3,3.0093711818815128,2.5130829999397974,5.561458000101993,57.0
1780669370,5,,Aggregated,2.200000,0.000000,140,140,220,220,280,320,390,390,390,390,390,175,0,140,158.13969976570402,2.5130829999397974,618.1956109999192,2677.0114285714285
1780669371,5,POST,/api/book,1.800000,0.000000,140,200,220,220,320,390,390,390,390,390,390,133,0,140,208.19266117292102,127.56195199972353,618.1956109999192,3381.1804511278197
1780669371,5,GET,/api/concerts,0.400000,0.000000,4,4,26,26,26,26,26,26,26,26,26,33,0,3,7.009508121193379,2.5460940000812116,67.80534300014551,753.0
1780669371,5,GET,/health,0.100000,0.000000,3,3,3,3,3,3,3,3,3,3,3,11,0,3,3.0093711818815128,2.5130829999397974,5.561458000101993,57.0
1780669371,5,,Aggregated,2.300000,0.000000,140,140,200,220,280,320,390,390,390,390,390,177,0,140,157.9324338248507,2.5130829999397974,618.1956109999192,2684.593220338983
1780669372,5,POST,/api/book,1.800000,0.000000,140,200,220,240,320,390,390,390,390,390,390,135,0,140,209.02819143702462,127.56195199972353,618.1956109999192,3380.82962962963
1780669372,5,GET,/api/concerts,0.400000,0.000000,4,4,26,26,26,26,26,26,26,26,26,33,0,3,7.009508121193379,2.5460940000812116,67.80534300014551,753.0
1780669372,5,GET,/health,0.100000,0.000000,3,3,3,3,3,3,3,3,3,3,3,11,0,3,3.0093711818815128,2.5130829999397974,5.561458000101993,57.0
1780669372,5,,Aggregated,2.300000,0.000000,140,140,220,220,290,320,390,390,390,390,390,179,0,140,159.12414913406928,2.5130829999397974,618.1956109999192,2692.1117318435754
1780669373,5,POST,/api/book,1.800000,0.000000,140,200,220,240,320,390,390,390,390,390,390,137,0,140,208.59936546714485,127.56195199972353,618.1956109999192,3380.284671532847
1780669373,5,GET,/api/concerts,0.400000,0.000000,26,26,26,26,26,26,26,26,26,26,26,33,0,3,7.009508121193379,2.5460940000812116,67.80534300014551,753.0
1780669373,5,GET,/health,0.200000,0.000000,3,3,3,3,3,3,3,3,3,3,3,11,0,3,3.0093711818815128,2.5130829999397974,5.561458000101993,57.0
1780669373,5,,Aggregated,2.400000,0.000000,140,140,200,220,290,320,390,390,390,390,390,181,0,140,159.35099403314322,2.5130829999397974,618.1956109999192,2699.3093922651933
1780669374,5,POST,/api/book,1.800000,0.000000,140,220,260,290,390,420,420,420,420,420,420,140,0,140,210.00331668570394,127.56195199972353,618.1956109999192,3380.9
1780669374,5,GET,/api/concerts,0.300000,0.000000,4,4,26,26,26,26,26,26,26,26,26,34,0,3,6.905153764685512,2.5460940000812116,67.80534300014551,753.0
1780669374,5,GET,/health,0.200000,0.000000,3,3,3,3,3,3,3,3,3,3,3,11,0,3,3.0093711818815128,2.5130829999397974,5.561458000101993,57.0
1780669374,5,,Aggregated,2.300000,0.000000,140,140,240,260,320,390,420,420,420,420,420,185,0,140,160.3694197135057,2.5130829999397974,618.1956109999192,2700.2972972972975
1780669375,5,POST,/api/book,1.900000,0.000000,140,220,260,290,390,420,420,420,420,420,420,142,0,140,208.90326019012963,127.41589300003398,618.1956109999192,3380.725352112676
1780669375,5,GET,/api/concerts,0.300000,0.000000,3,3,26,26,26,26,26,26,26,26,26,35,0,3,6.782739828551192,2.5460940000812116,67.80534300014551,753.0
1780669375,5,GET,/health,0.200000,0.000000,3,3,3,3,3,3,3,3,3,3,3,12,0,3,2.968891500055785,2.5130829999397974,5.561458000101993,57.0
1780669375,5,,Aggregated,2.400000,0.000000,140,140,220,260,320,390,420,420,420,420,420,189,0,140,158.39833618517653,2.5130829999397974,618.1956109999192,2683.0793650793653
1780669376,5,POST,/api/book,1.900000,0.000000,140,220,260,290,390,420,420,420,420,420,420,143,0,140,208.4351482517377,127.41589300003398,618.1956109999192,3380.972027972028
1780669376,5,GET,/api/concerts,0.300000,0.000000,3,3,26,26,26,26,26,26,26,26,26,35,0,3,6.782739828551192,2.5460940000812116,67.80534300014551,753.0
1780669376,5,GET,/health,0.200000,0.000000,3,3,3,3,3,3,3,3,3,3,3,12,0,3,2.968891500055785,2.5130829999397974,5.561458000101993,57.0
1780669376,5,,Aggregated,2.400000,0.000000,140,140,240,260,320,390,420,420,420,420,420,190,0,140,158.31183574736028,2.5130829999397974,618.1956109999192,2686.936842105263
1780669377,5,POST,/api/book,1.900000,0.000000,140,140,220,240,290,420,420,420,420,420,420,144,0,140,207.9773276180453,127.41589300003398,618.1956109999192,3381.027777777778
1780669377,5,GET,/api/concerts,0.200000,0.000000,3,3,26,26,26,26,26,26,26,26,26,35,0,3,6.782739828551192,2.5460940000812116,67.80534300014551,753.0
1780669377,5,GET,/health,0.200000,0.000000,3,3,3,3,3,3,3,3,3,3,3,12,0,3,2.968891500055785,2.5130829999397974,5.561458000101993,57.0
1780669377,5,,Aggregated,2.300000,0.000000,140,140,140,220,260,290,420,420,420,420,420,191,0,140,158.22909826700777,2.5130829999397974,618.1956109999192,2690.612565445026
1780669378,5,POST,/api/book,2.000000,0.000000,140,210,220,240,290,420,420,420,420,420,420,147,0,140,207.51955189794577,127.41589300003398,618.1956109999192,3381.0272108843537
1780669378,5,GET,/api/concerts,0.300000,0.000000,3,3,26,26,26,26,26,26,26,26,26,35,0,3,6.782739828551192,2.5460940000812116,67.80534300014551,753.0
1780669378,5,GET,/health,0.300000,0.000000,3,3,3,3,3,3,3,3,3,3,3,12,0,3,2.968891500055785,2.5130829999397974,5.561458000101993,57.0
1780669378,5,,Aggregated,2.600000,0.000000,140,140,210,220,260,290,420,420,420,420,420,194,0,140,158.65152948968034,2.5130829999397974,618.1956109999192,2701.2886597938145
1780669379,5,POST,/api/book,1.900000,0.000000,210,220,260,290,310,420,420,420,420,420,420,149,0,140,208.77662555703438,127.41589300003398,618.1956109999192,3380.8120805369126
1780669379,5,GET,/api/concerts,0.200000,0.000000,3,3,3,3,3,3,3,3,3,3,3,35,0,3,6.782739828551192,2.5460940000812116,67.80534300014551,753.0
1780669379,5,GET,/health,0.300000,0.000000,3,3,3,3,3,3,3,3,3,3,3,12,0,3,2.968891500055785,2.5130829999397974,5.561458000101993,57.0
1780669379,5,,Aggregated,2.400000,0.000000,140,210,240,260,290,310,420,420,420,420,420,196,0,140,160.10581530611267,2.5130829999397974,618.1956109999192,2708.061224489796
1780669380,5,POST,/api/book,1.800000,0.000000,140,220,260,290,310,420,420,420,420,420,420,151,0,140,207.82675497349788,127.41589300003398,618.1956109999192,3380.735099337748
1780669380,5,GET,/api/concerts,0.200000,0.000000,3,3,3,3,3,3,3,3,3,3,3,35,0,3,6.782739828551192,2.5460940000812116,67.80534300014551,753.0
1780669380,5,GET,/health,0.300000,0.000000,3,3,3,3,3,3,3,3,3,3,3,12,0,3,2.968891500055785,2.5130829999397974,5.561458000101993,57.0
1780669380,5,,Aggregated,2.300000,0.000000,140,210,240,260,290,310,420,420,420,420,420,198,0,140,159.8730433989805,2.5130829999397974,618.1956109999192,2714.7979797979797
1780669381,5,POST,/api/book,1.800000,0.000000,140,210,220,260,310,420,420,420,420,420,420,153,0,140,206.87886188887418,127.41589300003398,618.1956109999192,3380.4444444444443
1780669381,5,GET,/api/concerts,0.200000,0.000000,3,3,3,3,3,3,3,3,3,3,3,35,0,3,6.782739828551192,2.5460940000812116,67.80534300014551,753.0
1780669381,5,GET,/health,0.200000,0.000000,3,3,3,3,3,3,3,3,3,3,3,12,0,3,2.968891500055785,2.5130829999397974,5.561458000101993,57.0
1780669381,5,,Aggregated,2.200000,0.000000,140,140,210,220,290,310,420,420,420,420,420,200,0,140,159.62744230498856,2.5130829999397974,618.1956109999192,2721.235
1780669382,5,POST,/api/book,1.900000,0.000000,140,210,220,260,310,420,420,420,420,420,420,155,0,140,206.48273782579406,127.41589300003398,618.1956109999192,3380.3870967741937
1780669382,5,GET,/api/concerts,0.200000,0.000000,5,5,12,12,12,12,12,12,12,12,12,37,0,3,6.85766513510857,2.5460940000812116,67.80534300014551,753.0
1780669382,5,GET,/health,0.100000,0.000000,3,3,3,3,3,3,3,3,3,3,3,12,0,3,2.968891500055785,2.5130829999397974,5.561458000101993,57.0
1780669382,5,,Aggregated,2.200000,0.000000,140,140,220,220,290,310,420,420,420,420,420,204,0,140,158.3048268186165,2.5130829999397974,618.1956109999192,2708.357843137255
1780669383,5,POST,/api/book,1.900000,0.000000,140,140,210,210,290,310,310,310,310,310,310,155,0,140,206.48273782579406,127.41589300003398,618.1956109999192,3380.3870967741937
1780669383,5,GET,/api/concerts,0.200000,0.000000,5,5,12,12,12,12,12,12,12,12,12,37,0,3,6.85766513510857,2.5460940000812116,67.80534300014551,753.0
1780669383,5,GET,/health,0.100000,0.000000,3,3,3,3,3,3,3,3,3,3,3,12,0,3,2.968891500055785,2.5130829999397974,5.561458000101993,57.0
1780669383,5,,Aggregated,2.200000,0.000000,140,140,210,210,290,310,310,310,310,310,310,204,0,140,158.3048268186165,2.5130829999397974,618.1956109999192,2708.357843137255
1780669384,5,POST,/api/book,1.900000,0.000000,140,210,290,290,320,380,380,380,380,380,380,157,0,140,208.35653631208868,127.41589300003398,618.1956109999192,3380.541401273885
1780669384,5,GET,/api/concerts,0.300000,0.000000,5,5,12,12,12,12,12,12,12,12,12,38,0,3,6.769863763134995,2.5460940000812116,67.80534300014551,753.0
1780669384,5,GET,/health,0.100000,0.000000,3,3,3,3,3,3,3,3,3,3,3,12,0,3,2.968891500055785,2.5130829999397974,5.561458000101993,57.0
1780669384,5,,Aggregated,2.300000,0.000000,140,140,210,220,310,320,380,380,380,380,380,207,0,140,159.44375711110013,2.5130829999397974,618.1956109999192,2705.521739130435
1780669385,5,POST,/api/book,1.900000,0.000000,140,210,280,290,320,380,380,380,380,380,380,159,0,140,208.3589019433839,127.41589300003398,618.1956109999192,3380.4654088050315
1780669385,5,GET,/api/concerts,0.300000,0.000000,5,5,12,12,12,12,12,12,12,12,12,38,0,3,6.769863763134995,2.5460940000812116,67.80534300014551,753.0
1780669385,5,GET,/health,0.100000,0.000000,3,3,3,3,3,3,3,3,3,3,3,12,0,3,2.968891500055785,2.5130829999397974,5.561458000101993,57.0
1780669385,5,,Aggregated,2.300000,0.000000,140,210,220,280,310,320,380,380,380,380,380,209,0,140,159.9136216746308,2.5130829999397974,618.1956109999192,2711.9234449760766
1780669386,5,POST,/api/book,1.600000,0.000000,140,210,280,290,320,380,380,380,380,380,380,161,0,140,207.51709334159978,127.41589300003398,618.1956109999192,3380.527950310559
1780669386,5,GET,/api/concerts,0.400000,0.000000,5,5,12,12,12,12,12,12,12,12,12,38,0,3,6.769863763134995,2.5460940000812116,67.80534300014551,753.0
1780669386,5,GET,/health,0.100000,0.000000,3,3,3,3,3,3,3,3,3,3,3,13,0,3,2.9849490769825375,2.5130829999397974,5.561458000101993,57.0
1780669386,5,,Aggregated,2.100000,0.000000,140,210,220,280,310,320,380,380,380,380,380,212,0,140,158.99203391036542,2.5130829999397974,618.1956109999192,2705.754716981132
1780669387,5,POST,/api/book,1.800000,0.000000,210,240,280,290,320,380,380,380,380,380,380,163,0,140,208.1443162699214,127.41589300003398,618.1956109999192,3380.2638036809817
1780669387,5,GET,/api/concerts,0.400000,0.000000,5,5,12,12,12,12,12,12,12,12,12,38,0,3,6.769863763134995,2.5460940000812116,67.80534300014551,753.0
1780669387,5,GET,/health,0.100000,0.000000,3,3,3,3,3,3,3,3,3,3,3,13,0,3,2.9849490769825375,2.5130829999397974,5.561458000101993,57.0
1780669387,5,,Aggregated,2.300000,0.000000,140,220,270,280,310,320,380,380,380,380,380,214,0,140,159.92328370559386,2.5130829999397974,618.1956109999192,2711.8598130841124
1780669388,5,POST,/api/book,1.800000,0.000000,220,270,290,290,320,380,380,380,380,380,380,163,0,140,208.1443162699214,127.41589300003398,618.1956109999192,3380.2638036809817
1780669388,5,GET,/api/concerts,0.400000,0.000000,5,5,12,12,12,12,12,12,12,12,12,38,0,3,6.769863763134995,2.5460940000812116,67.80534300014551,753.0
1780669388,5,GET,/health,0.100000,0.000000,3,3,3,3,3,3,3,3,3,3,3,14,0,3,2.9646651429240074,2.5130829999397974,5.561458000101993,57.0
1780669388,5,,Aggregated,2.300000,0.000000,140,220,270,280,310,320,380,380,380,380,380,215,0,140,159.19201714882442,2.5130829999397974,618.1956109999192,2699.5116279069766
1780669389,5,POST,/api/book,1.800000,0.000000,240,280,320,380,520,590,590,590,590,590,590,167,0,140,214.3003725868113,127.41589300003398,618.1956109999192,3380.7904191616767
1780669389,5,GET,/api/concerts,0.300000,0.000000,5,5,12,12,12,12,12,12,12,12,12,38,0,3,6.769863763134995,2.5460940000812116,67.80534300014551,753.0
1780669389,5,GET,/health,0.100000,0.000000,3,3,3,3,3,3,3,3,3,3,3,14,0,3,2.9646651429240074,2.5130829999397974,5.561458000101993,57.0
1780669389,5,,Aggregated,2.200000,0.000000,140,260,280,320,490,520,590,590,590,590,590,219,0,140,164.78046738355047,2.5130829999397974,618.1956109999192,2712.3470319634703
1780669390,5,POST,/api/book,1.800000,0.000000,260,280,380,490,520,590,590,590,590,590,590,167,0,140,214.3003725868113,127.41589300003398,618.1956109999192,3380.7904191616767
1780669390,5,GET,/api/concerts,0.300000,0.000000,5,5,12,12,12,12,12,12,12,12,12,38,0,3,6.769863763134995,2.5460940000812116,67.80534300014551,753.0
1780669390,5,GET,/health,0.100000,0.000000,3,3,3,3,3,3,3,3,3,3,3,14,0,3,2.9646651429240074,2.5130829999397974,5.561458000101993,57.0
1780669390,5,,Aggregated,2.200000,0.000000,220,270,320,380,520,590,590,590,590,590,590,219,0,140,164.78046738355047,2.5130829999397974,618.1956109999192,2712.3470319634703
1780669391,5,POST,/api/book,1.600000,0.000000,240,280,320,380,520,590,590,590,590,590,590,171,0,140,212.87608813448898,127.41589300003398,618.1956109999192,3381.0877192982457
1780669391,5,GET,/api/concerts,0.300000,0.000000,5,5,5,5,5,5,5,5,5,5,5,38,0,3,6.769863763134995,2.5460940000812116,67.80534300014551,753.0
1780669391,5,GET,/health,0.200000,0.000000,3,3,3,3,3,3,3,3,3,3,3,14,0,3,2.9646651429240074,2.5130829999397974,5.561458000101993,57.0
1780669391,5,,Aggregated,2.100000,0.000000,160,260,280,320,490,520,590,590,590,590,590,223,0,140,164.57655249326314,2.5130829999397974,618.1956109999192,2724.5650224215246
1780669392,5,POST,/api/book,1.700000,0.000000,240,270,320,380,520,590,590,590,590,590,590,172,0,140,212.44736147091479,127.41589300003398,618.1956109999192,3381.0813953488373
1780669392,5,GET,/api/concerts,0.300000,0.000000,4,4,4,4,4,4,4,4,4,4,4,39,0,3,6.65994474356688,2.4830219999785186,67.80534300014551,753.0
1780669392,5,GET,/health,0.200000,0.000000,3,3,3,3,3,3,3,3,3,3,3,14,0,3,2.9646651429240074,2.5130829999397974,5.561458000101993,57.0
1780669392,5,,Aggregated,2.200000,0.000000,160,260,280,320,490,520,590,590,590,590,590,225,0,140,163.74306368887727,2.4830219999785186,618.1956109999192,2718.7155555555555
1780669393,5,POST,/api/book,1.700000,0.000000,210,270,320,380,520,590,590,590,590,590,590,175,0,140,211.75766721712662,127.41589300003398,618.1956109999192,3380.7314285714288
1780669393,5,GET,/api/concerts,0.300000,0.000000,4,4,4,4,4,4,4,4,4,4,4,39,0,3,6.65994474356688,2.4830219999785186,67.80534300014551,753.0
1780669393,5,GET,/health,0.200000,0.000000,3,3,3,3,3,3,3,3,3,3,3,14,0,3,2.9646651429240074,2.5130829999397974,5.561458000101993,57.0
1780669393,5,,Aggregated,2.200000,0.000000,170,260,280,320,490,520,590,590,590,590,590,228,0,140,163.85453912279476,2.4830219999785186,618.1956109999192,2727.1622807017543
1780669394,5,POST,/api/book,1.700000,0.000000,170,260,280,320,490,520,590,590,590,590,590,176,0,140,211.33218060793718,127.41589300003398,618.1956109999192,3380.659090909091
1780669394,5,GET,/api/concerts,0.300000,0.000000,4,4,4,4,4,4,4,4,4,4,4,39,0,3,6.65994474356688,2.4830219999785186,67.80534300014551,753.0
1780669394,5,GET,/health,0.200000,0.000000,3,3,3,3,3,3,3,3,3,3,3,15,0,3,2.9398938667327457,2.5130829999397974,5.561458000101993,57.0
1780669394,5,,Aggregated,2.200000,0.000000,160,240,270,320,490,520,590,590,590,590,590,230,0,140,163.03608713042195,2.4830219999785186,618.1956109999192,2718.3391304347824
1780669395,5,POST,/api/book,1.800000,0.000000,160,210,260,270,520,590,590,590,590,590,590,178,0,140,210.5359254325669,127.41589300003398,618.1956109999192,3380.5842696629215
1780669395,5,GET,/api/concerts,0.200000,0.000000,4,4,4,4,4,4,4,4,4,4,4,39,0,3,6.65994474356688,2.4830219999785186,67.80534300014551,753.0
1780669395,5,GET,/health,0.200000,0.000000,3,3,3,3,3,3,3,3,3,3,3,15,0,3,2.9398938667327457,2.5130829999397974,5.561458000101993,57.0
1780669395,5,,Aggregated,2.200000,0.000000,140,170,240,260,490,520,590,590,590,590,590,232,0,140,162.8415128448147,2.4830219999785186,618.1956109999192,2723.9913793103447
1780669396,5,POST,/api/book,2.000000,0.000000,160,210,260,270,520,590,590,590,590,590,590,180,0,140,209.75140425554042,127.41589300003398,618.1956109999192,3380.6833333333334
1780669396,5,GET,/api/concerts,0.100000,0.000000,4,4,4,4,4,4,4,4,4,4,4,39,0,3,6.65994474356688,2.4830219999785186,67.80534300014551,753.0
1780669396,5,GET,/health,0.300000,0.000000,3,3,3,3,3,3,3,3,3,3,3,16,0,3,2.91242137504355,2.5003339997056173,5.561458000101993,57.0
1780669396,5,,Aggregated,2.400000,0.000000,140,170,240,260,490,520,590,590,590,590,590,235,0,140,161.96421001275357,2.4830219999785186,618.1956109999192,2718.3063829787234
1780669397,5,POST,/api/book,1.800000,0.000000,170,240,270,290,490,520,590,590,590,590,590,183,0,140,210.52459407102586,127.41589300003398,618.1956109999192,3380.6120218579235
1780669397,5,GET,/api/concerts,0.100000,0.000000,2,2,2,2,2,2,2,2,2,2,2,39,0,3,6.65994474356688,2.4830219999785186,67.80534300014551,753.0
1780669397,5,GET,/health,0.300000,0.000000,3,3,3,3,3,3,3,3,3,3,3,16,0,3,2.91242137504355,2.5003339997056173,5.561458000101993,57.0
1780669397,5,,Aggregated,2.200000,0.000000,140,210,260,270,490,520,590,590,590,590,590,238,0,140,163.16108110083,2.4830219999785186,618.1956109999192,2726.6008403361343
1780669398,5,POST,/api/book,1.900000,0.000000,140,170,260,290,490,520,590,590,590,590,590,184,0,140,210.12537126085567,127.41589300003398,618.1956109999192,3380.5815217391305
1780669398,5,GET,/api/concerts,0.100000,0.000000,2,2,2,2,2,2,2,2,2,2,2,39,0,3,6.65994474356688,2.4830219999785186,67.80534300014551,753.0
1780669398,5,GET,/health,0.400000,0.000000,3,3,3,3,3,3,3,3,3,3,3,17,0,3,2.8946829412127366,2.5003339997056173,5.561458000101993,57.0
1780669398,5,,Aggregated,2.400000,0.000000,140,170,210,290,490,520,590,590,590,590,590,240,0,140,162.38339902915487,2.4830219999785186,618.1956109999192,2718.179166666667
1780669399,5,POST,/api/book,2.000000,0.000000,140,160,170,200,290,350,350,350,350,350,350,187,0,140,209.289040288751,127.41589300003398,618.1956109999192,3380.663101604278
1780669399,5,GET,/api/concerts,0.100000,0.000000,2,2,2,2,2,2,2,2,2,2,2,39,0,3,6.65994474356688,2.4830219999785186,67.80534300014551,753.0
1780669399,5,GET,/health,0.300000,0.000000,3,3,3,3,3,3,3,3,3,3,3,17,0,3,2.8946829412127366,2.5003339997056173,5.561458000101993,57.0
1780669399,5,,Aggregated,2.400000,0.000000,140,140,170,170,210,290,350,350,350,350,350,243,0,140,162.32920983125993,2.4830219999785186,618.1956109999192,2726.41975308642
1780669400,5,POST,/api/book,2.000000,0.000000,140,160,190,200,290,350,350,350,350,350,350,189,0,140,208.78039713754384,127.41589300003398,618.1956109999192,3380.746031746032
1780669400,5,GET,/api/concerts,0.100000,0.000000,2,2,2,2,2,2,2,2,2,2,2,39,0,3,6.65994474356688,2.4830219999785186,67.80534300014551,753.0
1780669400,5,GET,/health,0.200000,0.000000,3,3,3,3,3,3,3,3,3,3,3,17,0,3,2.8946829412127366,2.5003339997056173,5.561458000101993,57.0
1780669400,5,,Aggregated,2.300000,0.000000,140,140,170,190,210,290,350,350,350,350,350,245,0,140,162.3201735265123,2.4830219999785186,618.1956109999192,2731.8244897959185
1780669401,5,POST,/api/book,2.100000,0.000000,140,140,190,200,290,350,350,350,350,350,350,190,0,140,208.41245128418728,127.41589300003398,618.1956109999192,3380.794736842105
1780669401,5,GET,/api/concerts,0.100000,0.000000,2,2,2,2,2,2,2,2,2,2,2,39,0,3,6.65994474356688,2.4830219999785186,67.80534300014551,753.0
1780669401,5,GET,/health,0.300000,0.000000,3,3,3,3,3,3,3,3,3,3,3,17,0,3,2.8946829412127366,2.5003339997056173,5.561458000101993,57.0
1780669401,5,,Aggregated,2.500000,0.000000,140,140,170,190,210,290,350,350,350,350,350,246,0,140,162.22485040241997,2.4830219999785186,618.1956109999192,2734.5
1780669402,5,POST,/api/book,2.100000,0.000000,140,200,290,350,630,690,760,760,760,760,760,194,0,140,217.07513906183272,127.41589300003398,755.3581160000249,3381.134020618557
1780669402,5,GET,/api/concerts,0.100000,0.000000,2,2,2,2,2,2,2,2,2,2,2,39,0,3,6.65994474356688,2.4830219999785186,67.80534300014551,753.0
1780669402,5,GET,/health,0.300000,0.000000,3,3,3,3,3,3,3,3,3,3,3,17,0,3,2.8946829412127366,2.5003339997056173,5.561458000101993,57.0
1780669402,5,,Aggregated,2.500000,0.000000,140,190,290,350,630,690,760,760,760,760,760,250,0,140,169.68609773198108,2.4830219999785186,755.3581160000249,2745.104
1780669403,5,POST,/api/book,2.100000,0.000000,140,200,350,440,690,760,760,760,760,760,760,194,0,140,217.07513906183272,127.41589300003398,755.3581160000249,3381.134020618557
1780669403,5,GET,/api/concerts,0.100000,0.000000,2,2,2,2,2,2,2,2,2,2,2,39,0,3,6.65994474356688,2.4830219999785186,67.80534300014551,753.0
1780669403,5,GET,/health,0.300000,0.000000,3,3,3,3,3,3,3,3,3,3,3,17,0,3,2.8946829412127366,2.5003339997056173,5.561458000101993,57.0
1780669403,5,,Aggregated,2.500000,0.000000,140,190,290,350,630,690,760,760,760,760,760,250,0,140,169.68609773198108,2.4830219999785186,755.3581160000249,2745.104
1780669404,5,POST,/api/book,1.900000,0.000000,140,200,350,440,690,760,760,760,760,760,760,195,0,140,216.67680019484874,127.41589300003398,755.3581160000249,3381.0102564102563
1780669404,5,GET,/api/concerts,0.000000,0.000000,2,2,2,2,2,2,2,2,2,2,2,39,0,3,6.65994474356688,2.4830219999785186,67.80534300014551,753.0
1780669404,5,GET,/health,0.300000,0.000000,3,3,3,3,3,3,3,3,3,3,3,17,0,3,2.8946829412127366,2.5003339997056173,5.561458000101993,57.0
1780669404,5,,Aggregated,2.200000,0.000000,140,200,350,440,690,760,760,760,760,760,760,251,0,140,169.56543224300887,2.4830219999785186,755.3581160000249,2747.5418326693225
1780669405,5,POST,/api/book,2.100000,0.000000,200,350,440,580,690,760,760,760,760,760,760,198,0,140,220.01828532320764,127.41589300003398,755.3581160000249,3381.0252525252527
1780669405,5,GET,/api/concerts,0.000000,0.000000,2,2,2,2,2,2,2,2,2,2,2,39,0,3,6.65994474356688,2.4830219999785186,67.80534300014551,753.0
1780669405,5,GET,/health,0.300000,0.000000,3,3,3,3,3,3,3,3,3,3,3,17,0,3,2.8946829412127366,2.5003339997056173,5.561458000101993,57.0
1780669405,5,,Aggregated,2.400000,0.000000,190,300,430,440,630,690,760,760,760,760,760,254,0,140,172.7266454684836,2.4830219999785186,755.3581160000249,2755.035433070866
1780669406,5,POST,/api/book,2.100000,0.000000,290,430,490,580,690,760,760,760,760,760,760,200,0,140,220.9559306399773,127.41589300003398,755.3581160000249,3381.02
1780669406,5,GET,/api/concerts,0.000000,0.000000,2,2,2,2,2,2,2,2,2,2,2,39,0,3,6.65994474356688,2.4830219999785186,67.80534300014551,753.0
1780669406,5,GET,/health,0.300000,0.000000,3,3,3,3,3,3,3,3,3,3,3,17,0,3,2.8946829412127366,2.5003339997056173,5.561458000101993,57.0
1780669406,5,,Aggregated,2.400000,0.000000,290,430,490,580,690,760,760,760,760,760,760,256,0,140,173.82864680857494,2.4830219999785186,755.3581160000249,2759.921875
1780669407,5,POST,/api/book,1.800000,0.000000,200,430,490,580,690,760,760,760,760,760,760,201,0,140,220.82690419898165,127.41589300003398,755.3581160000249,3381.089552238806
1780669407,5,GET,/api/concerts,0.000000,0.000000,2,2,2,2,2,2,2,2,2,2,2,39,0,3,6.65994474356688,2.4830219999785186,67.80534300014551,753.0
1780669407,5,GET,/health,0.200000,0.000000,3,3,3,3,3,3,3,3,3,3,3,17,0,3,2.8946829412127366,2.5003339997056173,5.561458000101993,57.0
1780669407,5,,Aggregated,2.000000,0.000000,200,430,490,580,690,760,760,760,760,760,760,257,0,140,173.9111097237161,2.4830219999785186,755.3581160000249,2762.3929961089493
1780669408,5,POST,/api/book,2.200000,0.000000,200,430,490,580,690,760,760,760,760,760,760,204,0,140,220.12148825977894,127.41589300003398,755.3581160000249,3381.0833333333335
1780669408,5,GET,/api/concerts,0.000000,0.000000,2,2,2,2,2,2,2,2,2,2,2,39,0,3,6.65994474356688,2.4830219999785186,67.80534300014551,753.0
1780669408,5,GET,/health,0.100000,0.000000,3,3,3,3,3,3,3,3,3,3,3,18,0,3,2.8861056111458714,2.5003339997056173,5.561458000101993,57.0
1780669408,5,,Aggregated,2.300000,0.000000,200,300,440,490,630,690,760,760,760,760,760,261,0,140,173.243185252853,2.4830219999785186,755.3581160000249,2759.1340996168583
1780669409,5,POST,/api/book,1.900000,0.000000,300,440,580,580,690,760,760,760,760,760,760,204,0,140,220.12148825977894,127.41589300003398,755.3581160000249,3381.0833333333335
1780669409,5,GET,/api/concerts,0.000000,0.000000,0,0,0,0,0,0,0,0,0,0,0,40,0,3,6.563637149974966,2.4830219999785186,67.80534300014551,753.0
1780669409,5,GET,/health,0.100000,0.000000,3,3,3,3,3,3,3,3,3,3,3,18,0,3,2.8861056111458714,2.5003339997056173,5.561458000101993,57.0
1780669409,5,,Aggregated,2.000000,0.000000,240,430,490,580,690,760,760,760,760,760,760,262,0,140,172.59266790837606,2.4830219999785186,755.3581160000249,2751.477099236641
1780669410,5,POST,/api/book,1.900000,0.000000,240,440,490,580,690,760,760,760,760,760,760,206,0,140,219.48578151453637,127.41589300003398,755.3581160000249,3381.4368932038833
1780669410,5,GET,/api/concerts,0.000000,0.000000,3,3,3,3,3,3,3,3,3,3,3,42,0,3,6.388303547585868,2.4830219999785186,67.80534300014551,753.0
1780669410,5,GET,/health,0.100000,0.000000,3,3,3,3,3,3,3,3,3,3,3,18,0,3,2.8861056111458714,2.5003339997056173,5.561458000101993,57.0
1780669410,5,,Aggregated,2.000000,0.000000,170,300,440,490,630,690,760,760,760,760,760,266,0,140,171.181690383435,2.4830219999785186,755.3581160000249,2741.4586466165415
1780669411,5,POST,/api/book,2.000000,0.000000,300,440,580,580,690,760,760,760,760,760,760,206,0,140,219.48578151453637,127.41589300003398,755.3581160000249,3381.4368932038833
1780669411,5,GET,/api/concerts,0.000000,0.000000,3,3,3,3,3,3,3,3,3,3,3,43,0,3,6.306478790668544,2.4830219999785186,67.80534300014551,753.0
1780669411,5,GET,/health,0.100000,0.000000,3,3,3,3,3,3,3,3,3,3,3,18,0,3,2.8861056111458714,2.5003339997056173,5.561458000101993,57.0
1780669411,5,,Aggregated,2.100000,0.000000,170,300,440,490,630,690,760,760,760,760,760,267,0,140,170.55130891757995,2.4830219999785186,755.3581160000249,2734.0112359550562
1780669412,5,POST,/api/book,1.600000,0.000000,300,430,490,580,690,760,760,760,760,760,760,210,0,140,220.67543059997436,127.41589300003398,755.3581160000249,3382.095238095238
1780669412,5,GET,/api/concerts,0.200000,0.000000,3,3,3,3,3,3,3,3,3,3,3,43,0,3,6.306478790668544,2.4830219999785186,67.80534300014551,753.0
1780669412,5,GET,/health,0.100000,0.000000,3,3,3,3,3,3,3,3,3,3,3,18,0,3,2.8861056111458714,2.5003339997056173,5.561458000101993,57.0
1780669412,5,,Aggregated,1.900000,0.000000,180,380,430,490,630,690,760,760,760,760,760,271,0,140,172.19545725090026,2.4830219999785186,755.3581160000249,2744.077490774908
1780669413,5,POST,/api/book,1.700000,0.000000,180,240,380,420,490,580,580,580,580,580,580,212,0,140,219.93122579714554,127.41589300003398,755.3581160000249,3381.9528301886794
1780669413,5,GET,/api/concerts,0.300000,0.000000,3,3,3,3,3,3,3,3,3,3,3,43,0,3,6.306478790668544,2.4830219999785186,67.80534300014551,753.0
1780669413,5,GET,/health,0.100000,0.000000,3,3,3,3,3,3,3,3,3,3,3,19,0,3,2.8828693684533246,2.5003339997056173,5.561458000101993,57.0
1780669413,5,,Aggregated,2.100000,0.000000,140,180,300,380,430,490,580,580,580,580,580,274,0,140,171.3553758211467,2.4830219999785186,755.3581160000249,2738.817518248175
1780669414,5,POST,/api/book,1.700000,0.000000,180,240,380,420,490,580,580,580,580,580,580,213,0,140,219.5513166103034,127.41589300003398,755.3581160000249,3381.9530516431923
1780669414,5,GET,/api/concerts,0.400000,0.000000,3,3,3,3,3,3,3,3,3,3,3,43,0,3,6.306478790668544,2.4830219999785186,67.80534300014551,753.0
1780669414,5,GET,/health,0.100000,0.000000,3,3,3,3,3,3,3,3,3,3,3,19,0,3,2.8828693684533246,2.5003339997056173,5.561458000101993,57.0
1780669414,5,,Aggregated,2.200000,0.000000,140,180,300,380,430,490,580,580,580,580,580,275,0,140,171.23775834179622,2.4830219999785186,755.3581160000249,2741.1563636363635
1780669415,5,POST,/api/book,1.600000,0.000000,200,270,380,420,490,580,580,580,580,580,580,215,0,140,219.81187842323183,127.41589300003398,755.3581160000249,3381.906976744186
1780669415,5,GET,/api/concerts,0.400000,0.000000,3,3,3,3,3,3,3,3,3,3,3,44,0,3,6.22424649997232,2.4830219999785186,67.80534300014551,753.0
1780669415,5,GET,/health,0.100000,0.000000,3,3,3,3,3,3,3,3,3,3,3,19,0,3,2.8828693684533246,2.5003339997056173,5.561458000101993,57.0
1780669415,5,,Aggregated,2.100000,0.000000,140,200,270,300,430,490,580,580,580,580,580,278,0,140,171.18055836328853,2.4830219999785186,755.3581160000249,2738.5791366906474
1780669416,5,POST,/api/book,1.800000,0.000000,140,200,230,240,380,420,420,420,420,420,420,217,0,140,219.06740849306314,127.41589300003398,755.3581160000249,3381.8663594470045
1780669416,5,GET,/api/concerts,0.400000,0.000000,3,3,3,3,3,3,3,3,3,3,3,44,0,3,6.22424649997232,2.4830219999785186,67.80534300014551,753.0
1780669416,5,GET,/health,0.200000,0.000000,3,3,3,3,3,3,3,3,3,3,3,19,0,3,2.8828693684533246,2.5003339997056173,5.561458000101993,57.0
1780669416,5,,Aggregated,2.400000,0.000000,140,140,200,230,270,380,420,420,420,420,420,280,0,140,170.95096073926456,2.4830219999785186,755.3581160000249,2743.1428571428573
1780669417,5,POST,/api/book,1.800000,0.000000,140,170,180,230,380,420,420,420,420,420,420,219,0,140,218.31276508673403,127.41589300003398,755.3581160000249,3381.867579908676
1780669417,5,GET,/api/concerts,0.500000,0.000000,3,3,3,3,3,3,3,3,3,3,3,44,0,3,6.22424649997232,2.4830219999785186,67.80534300014551,753.0
1780669417,5,GET,/health,0.200000,0.000000,3,3,3,3,3,3,3,3,3,3,3,19,0,3,2.8828693684533246,2.5003339997056173,5.561458000101993,57.0
1780669417,5,,Aggregated,2.500000,0.000000,140,140,170,180,270,380,420,420,420,420,420,282,0,140,170.70615928366712,2.4830219999785186,755.3581160000249,2747.673758865248
1780669418,5,POST,/api/book,1.800000,0.000000,140,140,180,230,380,420,420,420,420,420,420,220,0,140,217.95434879088376,127.41589300003398,755.3581160000249,3381.8681818181817
1780669418,5,GET,/api/concerts,0.500000,0.000000,3,3,3,3,3,3,3,3,3,3,3,44,0,3,6.22424649997232,2.4830219999785186,67.80534300014551,753.0
1780669418,5,GET,/health,0.200000,0.000000,3,3,3,3,3,3,3,3,3,3,3,19,0,3,2.8828693684533246,2.5003339997056173,5.561458000101993,57.0
1780669418,5,,Aggregated,2.500000,0.000000,140,140,170,180,270,380,420,420,420,420,420,283,0,140,170.5957529964445,2.4830219999785186,755.3581160000249,2749.91519434629
1780669419,5,POST,/api/book,1.800000,0.000000,140,140,180,230,380,420,420,420,420,420,420,223,0,140,216.9005972645527,127.41589300003398,755.3581160000249,3381.6188340807175
1780669419,5,GET,/api/concerts,0.500000,0.000000,3,3,3,3,3,3,3,3,3,3,3,44,0,3,6.22424649997232,2.4830219999785186,67.80534300014551,753.0
1780669419,5,GET,/health,0.200000,0.000000,3,3,3,3,3,3,3,3,3,3,3,19,0,3,2.8828693684533246,2.5003339997056173,5.561458000101993,57.0
1780669419,5,,Aggregated,2.500000,0.000000,140,140,170,180,270,380,420,420,420,420,420,286,0,140,170.27089004893222,2.4830219999785186,755.3581160000249,2756.3496503496503
1780669420,5,POST,/api/book,1.800000,0.000000,140,180,260,270,380,420,420,420,420,420,420,225,0,140,217.45211855997894,127.41589300003398,755.3581160000249,3381.7066666666665
1780669420,5,GET,/api/concerts,0.500000,0.000000,3,3,3,3,3,3,3,3,3,3,3,44,0,3,6.22424649997232,2.4830219999785186,67.80534300014551,753.0
1780669420,5,GET,/health,0.200000,0.000000,3,3,3,3,3,3,3,3,3,3,3,19,0,3,2.8828693684533246,2.5003339997056173,5.561458000101993,57.0
1780669420,5,,Aggregated,2.500000,0.000000,140,140,230,260,290,380,420,420,420,420,420,288,0,140,171.02558347220358,2.4830219999785186,755.3581160000249,2760.7604166666665
1780669421,5,POST,/api/book,1.700000,0.000000,140,180,260,270,380,420,420,420,420,420,420,227,0,140,216.76242552420928,127.41589300003398,755.3581160000249,3381.8678414096917
1780669421,5,GET,/api/concerts,0.500000,0.000000,3,3,3,3,3,3,3,3,3,3,3,44,0,3,6.22424649997232,2.4830219999785186,67.80534300014551,753.0
1780669421,5,GET,/health,0.100000,0.000000,3,3,3,3,3,3,3,3,3,3,3,20,0,3,2.868071750026502,2.5003339997056173,5.561458000101993,57.0
1780669421,5,,Aggregated,2.300000,0.000000,140,140,230,260,290,380,420,420,420,420,420,291,0,140,170.22783118554912,2.4830219999785186,755.3581160000249,2755.8625429553263
1780669422,5,POST,/api/book,2.100000,0.000000,140,140,160,230,270,290,290,290,290,290,290,230,0,140,215.85334891737264,127.41589300003398,755.3581160000249,3381.939130434783
1780669422,5,GET,/api/concerts,0.300000,0.000000,3,3,3,3,3,3,3,3,3,3,3,44,0,3,6.22424649997232,2.4830219999785186,67.80534300014551,753.0
1780669422,5,GET,/health,0.100000,0.000000,3,3,3,3,3,3,3,3,3,3,3,20,0,3,2.868071750026502,2.5003339997056173,5.561458000101993,57.0
1780669422,5,,Aggregated,2.500000,0.000000,140,140,140,160,260,270,290,290,290,290,290,294,0,140,169.99149160542515,2.4830219999785186,755.3581160000249,2762.3061224489797
1780669423,5,POST,/api/book,2.100000,0.000000,140,140,160,230,270,290,290,290,290,290,290,230,0,140,215.85334891737264,127.41589300003398,755.3581160000249,3381.939130434783
1780669423,5,GET,/api/concerts,0.300000,0.000000,3,3,3,3,3,3,3,3,3,3,3,44,0,3,6.22424649997232,2.4830219999785186,67.80534300014551,753.0
1780669423,5,GET,/health,0.100000,0.000000,3,3,3,3,3,3,3,3,3,3,3,20,0,3,2.868071750026502,2.5003339997056173,5.561458000101993,57.0
1780669423,5,,Aggregated,2.500000,0.000000,140,140,160,230,270,290,290,290,290,290,290,294,0,140,169.99149160542515,2.4830219999785186,755.3581160000249,2762.3061224489797
1780669424,5,POST,/api/book,2.200000,0.000000,140,160,260,260,290,290,290,290,290,290,290,232,0,140,216.34331638791213,127.41589300003398,755.3581160000249,3381.8362068965516
1780669424,5,GET,/api/concerts,0.100000,0.000000,3,3,10,10,10,10,10,10,10,10,10,46,0,3,6.237679260849568,2.4830219999785186,67.80534300014551,753.0
1780669424,5,GET,/health,0.200000,0.000000,3,3,3,3,3,3,3,3,3,3,3,20,0,3,2.868071750026502,2.5003339997056173,5.561458000101993,57.0
1780669424,5,,Aggregated,2.500000,0.000000,140,140,230,260,270,290,290,290,290,290,290,298,0,140,169.58370497649398,2.4830219999785186,755.3581160000249,2752.8993288590605
1780669425,5,POST,/api/book,2.000000,0.000000,140,140,160,260,290,290,290,290,290,290,290,233,0,140,216.03851830899296,127.41589300003398,755.3581160000249,3382.021459227468
1780669425,5,GET,/api/concerts,0.100000,0.000000,3,3,10,10,10,10,10,10,10,10,10,47,0,3,6.159538680829892,2.4830219999785186,67.80534300014551,753.0
1780669425,5,GET,/health,0.200000,0.000000,3,3,3,3,3,3,3,3,3,3,3,21,0,3,2.862761047643809,2.5003339997056173,5.561458000101993,57.0
1780669425,5,,Aggregated,2.300000,0.000000,140,140,150,160,260,290,290,290,290,290,290,301,0,140,168.39399025247462,2.4830219999785186,755.3581160000249,2739.531561461794
1780669426,5,POST,/api/book,2.000000,0.000000,140,150,260,260,290,290,290,290,290,290,290,234,0,140,215.69080591023663,127.41589300003398,755.3581160000249,3381.991452991453
1780669426,5,GET,/api/concerts,0.100000,0.000000,3,3,10,10,10,10,10,10,10,10,10,47,0,3,6.159538680829892,2.4830219999785186,67.80534300014551,753.0
1780669426,5,GET,/health,0.200000,0.000000,3,3,3,3,3,3,3,3,3,3,3,21,0,3,2.862761047643809,2.5003339997056173,5.561458000101993,57.0
1780669426,5,,Aggregated,2.300000,0.000000,140,140,150,160,260,290,290,290,290,290,290,302,0,140,168.28233404965195,2.4830219999785186,755.3581160000249,2741.635761589404
1780669427,5,POST,/api/book,1.900000,0.000000,140,160,260,290,370,370,370,370,370,370,370,238,0,140,216.36376469746017,127.41589300003398,755.3581160000249,3382.2899159663866
1780669427,5,GET,/api/concerts,0.300000,0.000000,3,3,10,10,10,10,10,10,10,10,10,47,0,3,6.159538680829892,2.4830219999785186,67.80534300014551,753.0
1780669427,5,GET,/health,0.100000,0.000000,3,3,3,3,3,3,3,3,3,3,3,21,0,3,2.862761047643809,2.5003339997056173,5.561458000101993,57.0
1780669427,5,,Aggregated,2.300000,0.000000,140,150,260,260,290,370,370,370,370,370,370,306,0,140,169.42546502612757,2.4830219999785186,755.3581160000249,2750.2385620915034
1780669428,5,POST,/api/book,1.900000,0.000000,140,160,260,290,370,370,370,370,370,370,370,239,0,140,216.0486403305265,127.41589300003398,755.3581160000249,3382.192468619247
1780669428,5,GET,/api/concerts,0.300000,0.000000,3,3,10,10,10,10,10,10,10,10,10,48,0,3,6.087298062472731,2.4830219999785186,67.80534300014551,753.0
1780669428,5,GET,/health,0.200000,0.000000,3,3,3,3,3,3,3,3,3,3,3,21,0,3,2.862761047643809,2.5003339997056173,5.561458000101993,57.0
1780669428,5,,Aggregated,2.400000,0.000000,140,140,260,260,290,370,370,370,370,370,370,308,0,140,168.7919913246592,2.4830219999785186,755.3581160000249,2745.7305194805194
1780669429,5,POST,/api/book,1.700000,0.000000,140,150,260,260,370,370,370,370,370,370,370,241,0,140,215.40612170952514,127.41589300003398,755.3581160000249,3382.460580912863
1780669429,5,GET,/api/concerts,0.300000,0.000000,3,3,3,10,10,10,10,10,10,10,10,49,0,3,6.020461265284304,2.4830219999785186,67.80534300014551,753.0
1780669429,5,GET,/health,0.200000,0.000000,3,3,3,3,3,3,3,3,3,3,3,21,0,3,2.862761047643809,2.5003339997056173,5.561458000101993,57.0
1780669429,5,,Aggregated,2.200000,0.000000,140,140,150,160,290,370,370,370,370,370,370,311,0,140,168.06429554982313,2.4830219999785186,755.3581160000249,2743.623794212219
1780669430,5,POST,/api/book,1.700000,0.000000,140,150,260,260,370,370,370,370,370,370,370,242,0,140,215.09670888841083,127.41589300003398,755.3581160000249,3382.5
1780669430,5,GET,/api/concerts,0.300000,0.000000,3,3,3,10,10,10,10,10,10,10,10,49,0,3,6.020461265284304,2.4830219999785186,67.80534300014551,753.0
1780669430,5,GET,/health,0.200000,0.000000,3,3,3,3,3,3,3,3,3,3,3,22,0,3,2.856777545482394,2.5003339997056173,5.561458000101993,57.0
1780669430,5,,Aggregated,2.200000,0.000000,140,140,150,160,290,370,370,370,370,370,370,313,0,140,167.44809986899344,2.4830219999785186,755.3581160000249,2737.111821086262
1780669431,5,POST,/api/book,1.900000,0.000000,140,150,260,290,370,370,370,370,370,370,370,243,0,140,214.78616840327402,127.41589300003398,755.3581160000249,3382.6213991769546
1780669431,5,GET,/api/concerts,0.400000,0.000000,3,3,3,10,10,10,10,10,10,10,10,49,0,3,6.020461265284304,2.4830219999785186,67.80534300014551,753.0
1780669431,5,GET,/health,0.200000,0.000000,3,3,3,3,3,3,3,3,3,3,3,22,0,3,2.856777545482394,2.5003339997056173,5.561458000101993,57.0
1780669431,5,,Aggregated,2.500000,0.000000,140,140,140,150,290,370,370,370,370,370,370,314,0,140,167.35952429934753,2.4830219999785186,755.3581160000249,2739.2611464968154
1780669432,5,POST,/api/book,1.700000,0.000000,140,140,260,290,370,370,370,370,370,370,370,245,0,140,214.15362564488046,127.41589300003398,755.3581160000249,3382.6979591836734
1780669432,5,GET,/api/concerts,0.500000,0.000000,3,3,3,3,10,10,10,10,10,10,10,50,0,3,5.9557719199801795,2.4830219999785186,67.80534300014551,753.0
1780669432,5,GET,/health,0.300000,0.000000,3,3,3,3,3,3,3,3,3,3,3,23,0,3,2.846725869601315,2.5003339997056173,5.561458000101993,57.0
1780669432,5,,Aggregated,2.500000,0.000000,140,140,140,150,290,370,370,370,370,370,370,318,0,140,166.13491061004885,2.4830219999785186,755.3581160000249,2728.685534591195
1780669433,5,POST,/api/book,1.600000,0.000000,140,140,260,260,370,370,370,370,370,370,370,246,0,140,213.8594726747791,127.41589300003398,755.3581160000249,3382.6260162601625
1780669433,5,GET,/api/concerts,0.500000,0.000000,3,3,3,3,3,3,3,3,3,3,3,50,0,3,5.9557719199801795,2.4830219999785186,67.80534300014551,753.0
1780669433,5,GET,/health,0.300000,0.000000,3,3,3,3,3,3,3,3,3,3,3,23,0,3,2.846725869601315,2.5003339997056173,5.561458000101993,57.0
1780669433,5,,Aggregated,2.400000,0.000000,140,140,140,140,150,370,370,370,370,370,370,319,0,140,166.0586005297664,2.4830219999785186,755.3581160000249,2730.680250783699
1780669434,5,POST,/api/book,1.500000,0.000000,140,140,150,150,370,370,370,370,370,370,370,248,0,140,213.6299098669181,127.41589300003398,755.3581160000249,3382.4758064516127
1780669434,5,GET,/api/concerts,0.500000,0.000000,3,3,3,3,3,3,3,3,3,3,3,50,0,3,5.9557719199801795,2.4830219999785186,67.80534300014551,753.0
1780669434,5,GET,/health,0.200000,0.000000,3,3,3,3,3,3,3,3,3,3,3,23,0,3,2.846725869601315,2.5003339997056173,5.561458000101993,57.0
1780669434,5,,Aggregated,2.200000,0.000000,140,140,140,140,230,370,370,370,370,370,370,321,0,140,166.17906834266515,2.4830219999785186,755.3581160000249,2734.626168224299
1780669435,5,POST,/api/book,1.500000,0.000000,140,140,230,260,370,370,370,370,370,370,370,249,0,140,213.812666116449,127.41589300003398,755.3581160000249,3382.582329317269
1780669435,5,GET,/api/concerts,0.600000,0.000000,3,3,3,3,3,3,3,3,3,3,3,51,0,3,5.896580196064201,2.4830219999785186,67.80534300014551,753.0
1780669435,5,GET,/health,0.300000,0.000000,3,3,3,3,3,3,3,3,3,3,3,23,0,3,2.846725869601315,2.5003339997056173,5.561458000101993,57.0
1780669435,5,,Aggregated,2.400000,0.000000,140,140,140,140,260,370,370,370,370,370,370,323,0,140,165.9614679504517,2.4830219999785186,755.3581160000249,2730.5789473684213
1780669436,5,POST,/api/book,1.500000,0.000000,140,140,230,260,370,370,370,370,370,370,370,250,0,140,213.52654974398317,127.41589300003398,755.3581160000249,3382.688
1780669436,5,GET,/api/concerts,0.500000,0.000000,3,3,3,3,3,3,3,3,3,3,3,51,0,3,5.896580196064201,2.4830219999785186,67.80534300014551,753.0
1780669436,5,GET,/health,0.300000,0.000000,3,3,3,3,3,3,3,3,3,3,3,24,0,3,2.8555673750361166,2.5003339997056173,5.561458000101993,57.0
1780669436,5,,Aggregated,2.300000,0.000000,140,140,140,140,260,370,370,370,370,370,370,325,0,140,165.3873742861413,2.4830219999785186,755.3581160000249,2724.44
1780669437,5,POST,/api/book,1.700000,0.000000,140,140,230,260,260,300,300,300,300,300,300,252,0,140,214.07794464680913,127.41589300003398,755.3581160000249,3382.5714285714284
1780669437,5,GET,/api/concerts,0.300000,0.000000,3,3,3,3,3,3,3,3,3,3,3,51,0,3,5.896580196064201,2.4830219999785186,67.80534300014551,753.0
1780669437,5,GET,/health,0.300000,0.000000,3,3,3,3,3,3,3,3,3,3,3,24,0,3,2.8555673750361166,2.5003339997056173,5.561458000101993,57.0
1780669437,5,,Aggregated,2.300000,0.000000,140,140,140,230,260,300,300,300,300,300,300,327,0,140,166.10673167582883,2.4830219999785186,755.3581160000249,2728.376146788991
1780669438,5,POST,/api/book,1.500000,0.000000,140,230,260,260,300,300,300,300,300,300,300,255,0,140,214.20941134900056,127.41589300003398,755.3581160000249,3382.3960784313726
1780669438,5,GET,/api/concerts,0.400000,0.000000,3,3,64,64,64,64,64,64,64,64,64,52,0,3,7.017124173059458,2.4830219999785186,67.80534300014551,753.0
1780669438,5,GET,/health,0.300000,0.000000,3,3,3,3,3,3,3,3,3,3,3,24,0,3,2.8555673750361166,2.5003339997056173,5.561458000101993,57.0
1780669438,5,,Aggregated,2.200000,0.000000,140,140,230,240,260,300,300,300,300,300,300,331,0,140,166.33481561327824,2.4830219999785186,755.3581160000249,2728.202416918429
1780669439,5,POST,/api/book,1.500000,0.000000,140,230,260,260,300,300,300,300,300,300,300,256,0,140,213.92938658201103,127.41589300003398,755.3581160000249,3382.390625
1780669439,5,GET,/api/concerts,0.400000,0.000000,3,3,3,3,64,64,64,64,64,64,64,54,0,3,6.862418759249488,2.4830219999785186,67.80534300014551,753.0
1780669439,5,GET,/health,0.300000,0.000000,3,3,3,3,3,3,3,3,3,3,3,24,0,3,2.8555673750361166,2.5003339997056173,5.561458000101993,57.0
1780669439,5,,Aggregated,2.200000,0.000000,140,140,140,240,260,300,300,300,300,300,300,334,0,140,165.28451255986573,2.4830219999785186,755.3581160000249,2718.329341317365
1780669440,5,POST,/api/book,1.500000,0.000000,140,230,260,260,300,300,300,300,300,300,300,257,0,140,213.67082516340412,127.41589300003398,755.3581160000249,3382.4046692607003
1780669440,5,GET,/api/concerts,0.500000,0.000000,3,3,3,64,64,64,64,64,64,64,64,54,0,3,6.862418759249488,2.4830219999785186,67.80534300014551,753.0
1780669440,5,GET,/health,0.300000,0.000000,3,3,3,3,3,3,3,3,3,3,3,24,0,3,2.8555673750361166,2.5003339997056173,5.561458000101993,57.0
1780669440,5,,Aggregated,2.300000,0.000000,140,140,230,240,260,300,300,300,300,300,300,335,0,140,165.23136208058267,2.4830219999785186,755.3581160000249,2720.3223880597016
1780669441,5,POST,/api/book,1.500000,0.000000,150,240,260,260,300,300,300,300,300,300,300,258,0,140,213.39565550773264,127.41589300003398,755.3581160000249,3382.468992248062
1780669441,5,GET,/api/concerts,0.500000,0.000000,3,3,3,3,64,64,64,64,64,64,64,55,0,3,6.784455509081123,2.4830219999785186,67.80534300014551,753.0
1780669441,5,GET,/health,0.300000,0.000000,3,3,3,3,3,3,3,3,3,3,3,24,0,3,2.8555673750361166,2.5003339997056173,5.561458000101993,57.0
1780669441,5,,Aggregated,2.300000,0.000000,140,140,230,240,260,300,300,300,300,300,300,337,0,140,164.6817738605203,2.4830219999785186,755.3581160000249,2716.4985163204747
1780669442,5,POST,/api/book,1.400000,0.000000,230,260,300,300,380,630,630,630,630,630,630,260,0,140,215.64135634997942,127.41589300003398,755.3581160000249,3382.392307692308
1780669442,5,GET,/api/concerts,0.500000,0.000000,3,3,3,3,64,64,64,64,64,64,64,55,0,3,6.784455509081123,2.4830219999785186,67.80534300014551,753.0
1780669442,5,GET,/health,0.200000,0.000000,3,3,3,3,3,3,3,3,3,3,3,24,0,3,2.8555673750361166,2.5003339997056173,5.561458000101993,57.0
1780669442,5,,Aggregated,2.100000,0.000000,140,230,260,260,300,380,630,630,630,630,630,339,0,140,166.69153782004415,2.4830219999785186,755.3581160000249,2720.368731563422
1780669443,5,POST,/api/book,1.500000,0.000000,240,260,300,300,380,630,630,630,630,630,630,261,0,140,215.33761011875418,127.41589300003398,755.3581160000249,3382.287356321839
1780669443,5,GET,/api/concerts,0.600000,0.000000,3,3,12,12,64,64,64,64,64,64,64,56,0,3,6.882443035708873,2.4830219999785186,67.80534300014551,753.0
1780669443,5,GET,/health,0.200000,0.000000,7,7,33,33,33,33,33,33,33,33,33,26,0,3,4.189947692339047,2.5003339997056173,33.23558700003559,57.0
1780669443,5,,Aggregated,2.300000,0.000000,140,230,260,260,300,380,630,630,630,630,630,343,0,140,165.29875128570072,2.4830219999785186,755.3581160000249,2700.9533527696794
1780669444,5,POST,/api/book,1.400000,0.000000,240,260,300,300,380,630,630,630,630,630,630,261,0,140,215.33761011875418,127.41589300003398,755.3581160000249,3382.287356321839
1780669444,5,GET,/api/concerts,0.600000,0.000000,3,3,12,12,64,64,64,64,64,64,64,57,0,3,6.81333229823921,2.4830219999785186,67.80534300014551,753.0
1780669444,5,GET,/health,0.200000,0.000000,7,7,33,33,33,33,33,33,33,33,33,26,0,3,4.189947692339047,2.5003339997056173,33.23558700003559,57.0
1780669444,5,,Aggregated,2.200000,0.000000,140,140,240,260,300,380,630,630,630,630,630,344,0,140,164.82678727324208,2.4830219999785186,755.3581160000249,2695.2906976744184
1780669445,5,POST,/api/book,1.500000,0.000000,150,260,300,300,380,630,630,630,630,630,630,262,0,140,215.03919551524862,127.41589300003398,755.3581160000249,3382.164122137405
1780669445,5,GET,/api/concerts,0.600000,0.000000,3,3,12,12,64,64,64,64,64,64,64,58,0,3,6.746955258614466,2.4830219999785186,67.80534300014551,753.0
1780669445,5,GET,/health,0.100000,0.000000,7,7,33,33,33,33,33,33,33,33,33,26,0,3,4.189947692339047,2.5003339997056173,33.23558700003559,57.0
1780669445,5,,Aggregated,2.200000,0.000000,140,140,240,260,300,380,630,630,630,630,630,346,0,140,164.27899210981377,2.4830219999785186,755.3581160000249,2691.5693641618495
1780669446,5,POST,/api/book,1.400000,0.000000,150,240,300,300,380,630,630,630,630,630,630,265,0,140,214.3539864150762,127.41589300003398,755.3581160000249,3382.192452830189
1780669446,5,GET,/api/concerts,0.600000,0.000000,3,3,12,12,64,64,64,64,64,64,64,58,0,3,6.746955258614466,2.4830219999785186,67.80534300014551,753.0
1780669446,5,GET,/health,0.300000,0.000000,7,7,33,33,33,33,33,33,33,33,33,26,0,3,4.189947692339047,2.5003339997056173,33.23558700003559,57.0
1780669446,5,,Aggregated,2.300000,0.000000,140,140,240,260,300,380,630,630,630,630,630,349,0,140,164.19503852434275,2.4830219999785186,755.3581160000249,2697.5272206303725
1780669447,5,POST,/api/book,1.300000,0.000000,140,180,240,270,380,630,630,630,630,630,630,268,0,140,214.37130595147352,127.41589300003398,755.3581160000249,3382.339552238806
1780669447,5,GET,/api/concerts,0.700000,0.000000,3,3,3,3,12,12,12,12,12,12,12,58,0,3,6.746955258614466,2.4830219999785186,67.80534300014551,753.0
1780669447,5,GET,/health,0.300000,0.000000,7,7,33,33,33,33,33,33,33,33,33,26,0,3,4.189947692339047,2.5003339997056173,33.23558700003559,57.0
1780669447,5,,Aggregated,2.300000,0.000000,140,140,150,180,270,380,630,630,630,630,630,352,0,140,164.635716022714,2.4830219999785186,755.3581160000249,2703.474431818182
1780669448,5,POST,/api/book,1.400000,0.000000,140,150,240,270,380,630,630,630,630,630,630,270,0,140,213.8131316073886,127.41589300003398,755.3581160000249,3382.4074074074074
1780669448,5,GET,/api/concerts,0.700000,0.000000,3,3,3,12,12,12,12,12,12,12,12,58,0,3,6.746955258614466,2.4830219999785186,67.80534300014551,753.0
1780669448,5,GET,/health,0.200000,0.000000,7,7,33,33,33,33,33,33,33,33,33,26,0,3,4.189947692339047,2.5003339997056173,33.23558700003559,57.0
1780669448,5,,Aggregated,2.300000,0.000000,140,140,150,180,270,380,630,630,630,630,630,354,0,140,164.4909818615688,2.4830219999785186,755.3581160000249,2707.361581920904
1780669449,5,POST,/api/book,1.600000,0.000000,140,150,240,270,380,630,630,630,630,630,630,271,0,140,213.5323250774718,127.41589300003398,755.3581160000249,3382.391143911439
1780669449,5,GET,/api/concerts,0.700000,0.000000,3,3,12,12,12,12,12,12,12,12,12,58,0,3,6.746955258614466,2.4830219999785186,67.80534300014551,753.0
1780669449,5,GET,/health,0.200000,0.000000,7,7,33,33,33,33,33,33,33,33,33,27,0,3,4.133122888931582,2.5003339997056173,33.23558700003559,57.0
1780669449,5,,Aggregated,2.500000,0.000000,140,140,150,180,270,380,630,630,630,630,630,356,0,140,163.9611736488641,2.4830219999785186,755.3581160000249,2701.800561797753
1780669450,5,POST,/api/book,1.400000,0.000000,140,240,270,310,380,630,630,630,630,630,630,274,0,140,213.9223808576455,127.41589300003398,755.3581160000249,3382.368613138686
1780669450,5,GET,/api/concerts,0.600000,0.000000,3,3,12,12,12,12,12,12,12,12,12,58,0,3,6.746955258614466,2.4830219999785186,67.80534300014551,753.0
1780669450,5,GET,/health,0.200000,0.000000,7,7,33,33,33,33,33,33,33,33,33,27,0,3,4.133122888931582,2.5003339997056173,33.23558700003559,57.0
1780669450,5,,Aggregated,2.200000,0.000000,140,140,240,270,310,380,630,630,630,630,630,359,0,140,164.6731199944168,2.4830219999785186,755.3581160000249,2707.4707520891366
1780669451,5,POST,/api/book,1.600000,0.000000,140,240,270,310,380,630,630,630,630,630,630,275,0,140,213.65699799634464,127.41589300003398,755.3581160000249,3382.509090909091
1780669451,5,GET,/api/concerts,0.500000,0.000000,3,3,12,12,12,12,12,12,12,12,12,58,0,3,6.746955258614466,2.4830219999785186,67.80534300014551,753.0
1780669451,5,GET,/health,0.200000,0.000000,7,7,33,33,33,33,33,33,33,33,33,28,0,3,4.078291071469461,2.5003339997056173,33.23558700003559,57.0
1780669451,5,,Aggregated,2.300000,0.000000,140,140,240,270,310,380,630,630,630,630,630,361,0,140,164.15842106369954,2.4830219999785186,755.3581160000249,2702.1052631578946
1780669452,5,POST,/api/book,1.500000,0.000000,140,140,180,240,310,310,310,310,310,310,310,277,0,140,213.1180669061182,127.41589300003398,755.3581160000249,3382.4909747292418
1780669452,5,GET,/api/concerts,0.400000,0.000000,3,3,12,12,12,12,12,12,12,12,12,58,0,3,6.746955258614466,2.4830219999785186,67.80534300014551,753.0
1780669452,5,GET,/health,0.300000,0.000000,3,7,7,33,33,33,33,33,33,33,33,29,0,3,4.027972241429183,2.5003339997056173,33.23558700003559,57.0
1780669452,5,,Aggregated,2.200000,0.000000,140,140,140,180,270,310,310,310,310,310,310,364,0,140,163.57648113460382,2.4830219999785186,755.3581160000249,2698.563186813187
1780669453,5,POST,/api/book,1.700000,0.000000,140,140,180,240,310,310,310,310,310,310,310,279,0,140,212.5846878960384,127.41589300003398,755.3581160000249,3382.6881720430106
1780669453,5,GET,/api/concerts,0.300000,0.000000,3,3,3,3,3,3,3,3,3,3,3,58,0,3,6.746955258614466,2.4830219999785186,67.80534300014551,753.0
1780669453,5,GET,/health,0.300000,0.000000,3,7,7,33,33,33,33,33,33,33,33,29,0,3,4.027972241429183,2.5003339997056173,33.23558700003559,57.0
1780669453,5,,Aggregated,2.300000,0.000000,140,140,140,180,270,310,310,310,310,310,310,366,0,140,163.44060798632722,2.4830219999785186,755.3581160000249,2702.4508196721313
1780669454,5,POST,/api/book,1.700000,0.000000,140,140,180,240,310,310,310,310,310,310,310,280,0,140,212.3371371535524,127.41589300003398,755.3581160000249,3382.6785714285716
1780669454,5,GET,/api/concerts,0.300000,0.000000,3,3,3,3,3,3,3,3,3,3,3,58,0,3,6.746955258614466,2.4830219999785186,67.80534300014551,753.0
1780669454,5,GET,/health,0.400000,0.000000,3,7,7,33,33,33,33,33,33,33,33,29,0,3,4.027972241429183,2.5003339997056173,33.23558700003559,57.0
1780669454,5,,Aggregated,2.400000,0.000000,140,140,140,180,270,310,310,310,310,310,310,367,0,140,163.3856485095251,2.4830219999785186,755.3581160000249,2704.2970027247957
1780669455,5,POST,/api/book,1.700000,0.000000,140,240,270,300,310,390,390,390,390,390,390,283,0,140,213.3712053922069,127.41589300003398,755.3581160000249,3382.6996466431096
1780669455,5,GET,/api/concerts,0.200000,0.000000,3,3,3,3,3,3,3,3,3,3,3,59,0,3,6.6800651016835175,2.4830219999785186,67.80534300014551,753.0
1780669455,5,GET,/health,0.500000,0.000000,3,7,7,33,33,33,33,33,33,33,33,29,0,3,4.027972241429183,2.5003339997056173,33.23558700003559,57.0
1780669455,5,,Aggregated,2.400000,0.000000,140,140,240,270,310,310,390,390,390,390,390,371,0,140,164.13742900807355,2.4830219999785186,755.3581160000249,2704.5390835579515
1780669456,5,POST,/api/book,1.800000,0.000000,140,240,270,300,310,390,390,390,390,390,390,283,0,140,213.3712053922069,127.41589300003398,755.3581160000249,3382.6996466431096
1780669456,5,GET,/api/concerts,0.200000,0.000000,3,3,3,3,3,3,3,3,3,3,3,60,0,3,6.6170275166541614,2.4830219999785186,67.80534300014551,753.0
1780669456,5,GET,/health,0.300000,0.000000,3,3,3,3,3,3,3,3,3,3,3,29,0,3,4.027972241429183,2.5003339997056173,33.23558700003559,57.0
1780669456,5,,Aggregated,2.300000,0.000000,140,140,240,270,310,310,390,390,390,390,390,372,0,140,163.70398917203013,2.4830219999785186,755.3581160000249,2699.293010752688
1780669457,5,POST,/api/book,1.800000,0.000000,140,140,300,310,310,390,390,390,390,390,390,283,0,140,213.3712053922069,127.41589300003398,755.3581160000249,3382.6996466431096
1780669457,5,GET,/api/concerts,0.100000,0.000000,3,3,3,3,3,3,3,3,3,3,3,60,0,3,6.6170275166541614,2.4830219999785186,67.80534300014551,753.0
1780669457,5,GET,/health,0.300000,0.000000,3,3,3,3,3,3,3,3,3,3,3,31,0,3,3.9482646129727073,2.5003339997056173,33.23558700003559,57.0
1780669457,5,,Aggregated,2.200000,0.000000,140,140,140,240,310,310,390,390,390,390,390,374,0,140,162.84349994651313,2.4830219999785186,755.3581160000249,2685.163101604278
1780669458,5,POST,/api/book,2.000000,0.000000,140,140,300,300,310,390,390,390,390,390,390,284,0,140,213.10320676406587,127.41589300003398,755.3581160000249,3382.711267605634
1780669458,5,GET,/api/concerts,0.100000,0.000000,3,3,3,3,3,3,3,3,3,3,3,61,0,3,6.552211475395109,2.4830219999785186,67.80534300014551,753.0
1780669458,5,GET,/health,0.300000,0.000000,3,3,3,3,3,3,3,3,3,3,3,32,0,3,3.9057430313249597,2.5003339997056173,33.23558700003559,57.0
1780669458,5,,Aggregated,2.400000,0.000000,140,140,140,240,310,310,390,390,390,390,390,377,0,140,161.92567479574583,2.4830219999785186,755.3581160000249,2674.925729442971
1780669459,5,POST,/api/book,1.700000,0.000000,140,240,300,310,310,390,390,390,390,390,390,286,0,140,213.34918943005022,127.41589300003398,755.3581160000249,3382.632867132867
1780669459,5,GET,/api/concerts,0.200000,0.000000,3,3,3,3,3,3,3,3,3,3,3,61,0,3,6.552211475395109,2.4830219999785186,67.80534300014551,753.0
1780669459,5,GET,/health,0.300000,0.000000,3,3,3,3,3,3,3,3,3,3,3,32,0,3,3.9057430313249597,2.5003339997056173,33.23558700003559,57.0
1780669459,5,,Aggregated,2.200000,0.000000,140,140,240,290,310,310,390,390,390,390,390,379,0,140,162.38136373085973,2.4830219999785186,755.3581160000249,2678.6015831134564
1780669460,5,POST,/api/book,1.500000,0.000000,140,240,290,290,300,390,390,390,390,390,390,288,0,140,213.36479682984086,127.41589300003398,755.3581160000249,3382.65625
1780669460,5,GET,/api/concerts,0.300000,0.000000,3,3,3,3,3,3,3,3,3,3,3,62,0,3,6.489639112883636,2.4830219999785186,67.80534300014551,753.0
1780669460,5,GET,/health,0.500000,0.000000,3,3,3,3,3,3,3,3,3,3,3,32,0,3,3.9057430313249597,2.5003339997056173,33.23558700003559,57.0
1780669460,5,,Aggregated,2.300000,0.000000,140,140,210,240,290,300,390,390,390,390,390,382,0,140,162.24189237956892,2.4830219999785186,755.3581160000249,2677.2643979057593
1780669461,5,POST,/api/book,1.300000,0.000000,150,240,290,290,300,390,390,390,390,390,390,289,0,140,213.14052406572296,127.41589300003398,755.3581160000249,3382.650519031142
1780669461,5,GET,/api/concerts,0.300000,0.000000,3,3,3,3,3,3,3,3,3,3,3,62,0,3,6.489639112883636,2.4830219999785186,67.80534300014551,753.0
1780669461,5,GET,/health,0.600000,0.000000,3,3,3,3,3,3,3,3,3,3,3,33,0,3,3.871384757641146,2.5003339997056173,33.23558700003559,57.0
1780669461,5,,Aggregated,2.200000,0.000000,140,140,210,240,290,300,390,390,390,390,390,384,0,140,161.79094994009077,2.4830219999785186,755.3581160000249,2672.2734375
1780669462,5,POST,/api/book,1.600000,0.000000,150,240,290,290,300,390,390,390,390,390,390,291,0,140,212.64273527145633,127.41589300003398,755.3581160000249,3382.6048109965636
1780669462,5,GET,/api/concerts,0.300000,0.000000,3,3,3,3,3,3,3,3,3,3,3,62,0,3,6.489639112883636,2.4830219999785186,67.80534300014551,753.0
1780669462,5,GET,/health,0.500000,0.000000,3,3,3,3,3,3,3,3,3,3,3,33,0,3,3.871384757641146,2.5003339997056173,33.23558700003559,57.0
1780669462,5,,Aggregated,2.400000,0.000000,140,140,210,240,290,300,390,390,390,390,390,386,0,140,161.68173390154072,2.4830219999785186,755.3581160000249,2675.919689119171
1780669463,5,POST,/api/book,1.400000,0.000000,140,210,290,290,300,390,390,390,390,390,390,294,0,140,211.88975110201943,127.41589300003398,755.3581160000249,3382.5204081632655
1780669463,5,GET,/api/concerts,0.400000,0.000000,3,3,3,3,3,3,3,3,3,3,3,62,0,3,6.489639112883636,2.4830219999785186,67.80534300014551,753.0
1780669463,5,GET,/health,0.500000,0.000000,3,3,3,3,3,3,3,3,3,3,3,34,0,3,3.8375325588784857,2.5003339997056173,33.23558700003559,57.0
1780669463,5,,Aggregated,2.300000,0.000000,140,140,210,240,290,300,390,390,390,390,390,390,0,140,161.09851424613933,2.4830219999785186,755.3581160000249,2674.576923076923
1780669464,5,POST,/api/book,1.500000,0.000000,150,240,290,290,300,390,390,390,390,390,390,294,0,140,211.88975110201943,127.41589300003398,755.3581160000249,3382.5204081632655
1780669464,5,GET,/api/concerts,0.400000,0.000000,3,3,3,3,3,3,3,3,3,3,3,63,0,3,6.4296791428393,2.4830219999785186,67.80534300014551,753.0
1780669464,5,GET,/health,0.500000,0.000000,3,3,3,3,3,3,3,3,3,3,3,34,0,3,3.8375325588784857,2.5003339997056173,33.23558700003559,57.0
1780669464,5,,Aggregated,2.400000,0.000000,140,140,210,240,290,300,390,390,390,390,390,391,0,140,160.6934340588093,2.4830219999785186,755.3581160000249,2669.6624040920715
1780669465,5,POST,/api/book,1.500000,0.000000,140,210,290,290,300,390,390,390,390,390,390,296,0,140,211.39999093241136,127.41589300003398,755.3581160000249,3382.5675675675675
1780669465,5,GET,/api/concerts,0.400000,0.000000,3,3,3,3,3,3,3,3,3,3,3,63,0,3,6.4296791428393,2.4830219999785186,67.80534300014551,753.0
1780669465,5,GET,/health,0.400000,0.000000,3,3,3,3,3,3,3,3,3,3,3,35,0,3,3.8051431714718222,2.5003339997056173,33.23558700003559,57.0
1780669465,5,,Aggregated,2.300000,0.000000,140,140,140,140,210,290,290,290,290,290,290,394,0,140,160.18438353551807,2.4830219999785186,755.3581160000249,2666.6852791878173
1780669466,5,POST,/api/book,1.500000,0.000000,140,140,150,210,290,290,290,290,290,290,290,297,0,140,211.1584062154668,127.41589300003398,755.3581160000249,3382.6195286195284
1780669466,5,GET,/api/concerts,0.400000,0.000000,3,3,3,3,3,3,3,3,3,3,3,63,0,3,6.4296791428393,2.4830219999785186,67.80534300014551,753.0
1780669466,5,GET,/health,0.400000,0.000000,3,3,3,3,3,3,3,3,3,3,3,35,0,3,3.8051431714718222,2.5003339997056173,33.23558700003559,57.0
1780669466,5,,Aggregated,2.300000,0.000000,140,140,140,140,210,290,290,290,290,290,290,395,0,140,160.13239605821266,2.4830219999785186,755.3581160000249,2668.5367088607595
1780669467,5,POST,/api/book,1.400000,0.000000,140,210,290,290,420,450,450,450,450,450,450,300,0,140,212.96458433664597,127.41589300003398,755.3581160000249,3382.423333333333
1780669467,5,GET,/api/concerts,0.500000,0.000000,3,3,3,3,3,3,3,3,3,3,3,63,0,3,6.4296791428393,2.4830219999785186,67.80534300014551,753.0
1780669467,5,GET,/health,0.500000,0.000000,3,3,3,31,31,31,31,31,31,31,31,36,0,3,4.57138558337849,2.5003339997056173,33.23558700003559,57.0
1780669467,5,,Aggregated,2.400000,0.000000,140,140,210,290,300,420,450,450,450,450,450,399,0,140,161.5514159598854,2.4830219999785186,755.3581160000249,2667.2130325814537
1780669468,5,POST,/api/book,1.400000,0.000000,140,150,290,290,420,450,450,450,450,450,450,302,0,140,212.44342825163412,127.41589300003398,755.3581160000249,3382.437086092715
1780669468,5,GET,/api/concerts,0.400000,0.000000,3,3,3,3,3,3,3,3,3,3,3,64,0,3,6.375276140609287,2.4830219999785186,67.80534300014551,753.0
1780669468,5,GET,/health,0.600000,0.000000,3,3,3,31,31,31,31,31,31,31,31,36,0,3,4.57138558337849,2.5003339997056173,33.23558700003559,57.0
1780669468,5,,Aggregated,2.400000,0.000000,140,140,150,290,300,420,450,450,450,450,450,402,0,140,161.02115145769676,2.4830219999785186,755.3581160000249,2666.0199004975125
1780669469,5,POST,/api/book,1.500000,0.000000,140,140,140,150,420,450,450,450,450,450,450,304,0,140,211.9615552861629,127.41589300003398,755.3581160000249,3382.3947368421054
1780669469,5,GET,/api/concerts,0.300000,0.000000,3,3,3,3,3,3,3,3,3,3,3,64,0,3,6.375276140609287,2.4830219999785186,67.80534300014551,753.0
1780669469,5,GET,/health,0.700000,0.000000,3,3,31,31,31,31,31,31,31,31,31,36,0,3,4.57138558337849,2.5003339997056173,33.23558700003559,57.0
1780669469,5,,Aggregated,2.500000,0.000000,140,140,140,140,300,420,450,450,450,450,450,404,0,140,160.91311970543097,2.4830219999785186,755.3581160000249,2669.5346534653463
1780669470,5,POST,/api/book,1.500000,0.000000,140,140,140,150,420,450,450,450,450,450,450,305,0,140,211.71981655407737,127.41589300003398,755.3581160000249,3382.288524590164
1780669470,5,GET,/api/concerts,0.300000,0.000000,3,3,3,3,3,3,3,3,3,3,3,64,0,3,6.375276140609287,2.4830219999785186,67.80534300014551,753.0
1780669470,5,GET,/health,0.700000,0.000000,3,3,31,31,31,31,31,31,31,31,31,36,0,3,4.57138558337849,2.5003339997056173,33.23558700003559,57.0
1780669470,5,,Aggregated,2.500000,0.000000,140,140,140,140,300,420,450,450,450,450,450,405,0,140,160.85711506912145,2.4830219999785186,755.3581160000249,2671.214814814815
1780669471,5,POST,/api/book,1.800000,0.000000,140,140,300,380,420,450,450,450,450,450,450,309,0,140,212.39464812295628,127.41589300003398,755.3581160000249,3382.42071197411
1780669471,5,GET,/api/concerts,0.300000,0.000000,3,3,3,3,3,3,3,3,3,3,3,64,0,3,6.375276140609287,2.4830219999785186,67.80534300014551,753.0
1780669471,5,GET,/health,0.400000,0.000000,3,3,31,31,31,31,31,31,31,31,31,36,0,3,4.57138558337849,2.5003339997056173,33.23558700003559,57.0
1780669471,5,,Aggregated,2.500000,0.000000,140,140,140,300,390,420,450,450,450,450,450,409,0,140,161.86438587773617,2.4830219999785186,755.3581160000249,2678.2689486552567
1780669472,5,POST,/api/book,1.800000,0.000000,140,140,300,380,420,450,450,450,450,450,450,311,0,140,211.9257390031941,127.41589300003398,755.3581160000249,3382.466237942122
1780669472,5,GET,/api/concerts,0.300000,0.000000,3,3,3,3,3,3,3,3,3,3,3,64,0,3,6.375276140609287,2.4830219999785186,67.80534300014551,753.0
1780669472,5,GET,/health,0.400000,0.000000,3,3,31,31,31,31,31,31,31,31,31,37,0,3,4.521607459500464,2.5003339997056173,33.23558700003559,57.0
1780669472,5,,Aggregated,2.500000,0.000000,140,140,140,300,390,420,450,450,450,450,450,412,0,140,161.36947082280062,2.4830219999785186,755.3581160000249,2675.359223300971
1780669473,5,POST,/api/book,1.900000,0.000000,140,140,300,380,420,450,450,450,450,450,450,312,0,140,211.70117598715834,127.41589300003398,755.3581160000249,3382.49358974359
1780669473,5,GET,/api/concerts,0.200000,0.000000,3,3,3,3,3,3,3,3,3,3,3,64,0,3,6.375276140609287,2.4830219999785186,67.80534300014551,753.0
1780669473,5,GET,/health,0.400000,0.000000,3,3,31,31,31,31,31,31,31,31,31,37,0,3,4.521607459500464,2.5003339997056173,33.23558700003559,57.0
1780669473,5,,Aggregated,2.500000,0.000000,140,140,140,300,390,420,450,450,450,450,450,413,0,140,161.32223742613533,2.4830219999785186,755.3581160000249,2677.09200968523
1780669474,5,POST,/api/book,1.900000,0.000000,140,140,140,300,390,420,450,450,450,450,450,315,0,140,211.03023204759802,127.41589300003398,755.3581160000249,3382.342857142857
1780669474,5,GET,/api/concerts,0.200000,0.000000,3,3,3,3,3,3,3,3,3,3,3,65,0,3,6.3186239538341535,2.4830219999785186,67.80534300014551,753.0
1780669474,5,GET,/health,0.300000,0.000000,3,3,31,31,31,31,31,31,31,31,31,37,0,3,4.521607459500464,2.5003339997056173,33.23558700003559,57.0
1780669474,5,,Aggregated,2.400000,0.000000,140,140,140,140,390,420,450,450,450,450,450,417,0,140,160.79744155394266,2.4830219999785186,755.3581160000249,2677.438848920863
1780669475,5,POST,/api/book,1.900000,0.000000,140,140,300,380,420,450,450,450,450,450,450,316,0,140,210.8117068797248,127.41589300003398,755.3581160000249,3382.3101265822784
1780669475,5,GET,/api/concerts,0.200000,0.000000,3,3,3,3,3,3,3,3,3,3,3,65,0,3,6.3186239538341535,2.4830219999785186,67.80534300014551,753.0
1780669475,5,GET,/health,0.400000,0.000000,31,31,31,31,31,31,31,31,31,31,31,37,0,3,4.521607459500464,2.5003339997056173,33.23558700003559,57.0
1780669475,5,,Aggregated,2.500000,0.000000,140,140,140,300,390,420,450,450,450,450,450,418,0,140,160.75241484926732,2.4830219999785186,755.3581160000249,2679.1004784688994
1780669476,6,POST,/api/book,1.900000,0.000000,140,140,330,380,390,450,470,470,470,470,470,319,0,140,212.54931133853736,127.41589300003398,755.3581160000249,3382.0156739811914
1780669476,6,GET,/api/concerts,0.200000,0.000000,3,3,3,3,3,3,3,3,3,3,3,65,0,3,6.3186239538341535,2.4830219999785186,67.80534300014551,753.0
1780669476,6,GET,/health,0.300000,0.000000,31,31,31,31,31,31,31,31,31,31,31,37,0,3,4.521607459500464,2.5003339997056173,33.23558700003559,57.0
1780669476,6,,Aggregated,2.400000,0.000000,140,140,330,380,390,450,470,470,470,470,470,421,0,140,162.42574904986728,2.4830219999785186,755.3581160000249,2683.8883610451308
1780669477,6,POST,/api/book,2.100000,0.000000,140,140,140,330,380,390,470,470,470,470,470,322,0,140,211.83552600308553,127.41589300003398,755.3581160000249,3381.813664596273
1780669477,6,GET,/api/concerts,0.200000,0.000000,3,3,3,3,3,3,3,3,3,3,3,65,0,3,6.3186239538341535,2.4830219999785186,67.80534300014551,753.0
1780669477,6,GET,/health,0.300000,0.000000,31,31,31,31,31,31,31,31,31,31,31,37,0,3,4.521607459500464,2.5003339997056173,33.23558700003559,57.0
1780669477,6,,Aggregated,2.600000,0.000000,140,140,140,330,380,390,470,470,470,470,470,424,0,140,162.2383240707412,2.4830219999785186,755.3581160000249,2688.6745283018868
1780669478,6,POST,/api/book,1.900000,0.000000,140,140,240,330,380,390,470,470,470,470,470,325,0,140,211.4584664184425,127.41589300003398,755.3581160000249,3381.7815384615383
1780669478,6,GET,/api/concerts,0.200000,0.000000,3,3,3,3,3,3,3,3,3,3,3,65,0,3,6.3186239538341535,2.4830219999785186,67.80534300014551,753.0
1780669478,6,GET,/health,0.200000,0.000000,31,31,31,31,31,31,31,31,31,31,31,37,0,3,4.521607459500464,2.5003339997056173,33.23558700003559,57.0
1780669478,6,,Aggregated,2.300000,0.000000,140,140,140,330,380,390,470,470,470,470,470,427,0,140,162.29979301872257,2.4830219999785186,755.3581160000249,2693.519906323185
1780669479,6,POST,/api/book,2.200000,0.000000,140,140,280,330,380,390,470,470,470,470,470,327,0,140,211.41398573086875,127.41589300003398,755.3581160000249,3382.097859327217
1780669479,6,GET,/api/concerts,0.200000,0.000000,3,3,3,3,3,3,3,3,3,3,3,66,0,3,6.272688696960606,2.4830219999785186,67.80534300014551,753.0
1780669479,6,GET,/health,0.100000,0.000000,3,3,3,3,3,3,3,3,3,3,3,37,0,3,4.521607459500464,2.5003339997056173,33.23558700003559,57.0
1780669479,6,,Aggregated,2.500000,0.000000,140,140,240,330,380,390,470,470,470,470,470,430,0,140,162.1248145674302,2.4830219999785186,755.3581160000249,2692.4488372093024
1780669480,7,POST,/api/book,2.200000,0.000000,140,140,240,280,380,470,470,470,470,470,470,327,0,140,211.41398573086875,127.41589300003398,755.3581160000249,3382.097859327217
1780669480,7,GET,/api/concerts,0.200000,0.000000,3,3,3,3,3,3,3,3,3,3,3,66,0,3,6.272688696960606,2.4830219999785186,67.80534300014551,753.0
1780669480,7,GET,/health,0.100000,0.000000,3,3,3,3,3,3,3,3,3,3,3,38,0,3,4.468214184247413,2.4926629998844874,33.23558700003559,57.0
1780669480,7,,Aggregated,2.500000,0.000000,140,140,140,240,330,380,470,470,470,470,470,431,0,140,161.75443834569577,2.4830219999785186,755.3581160000249,2686.3341067285382
1780669481,7,POST,/api/book,2.400000,0.000000,140,170,280,290,330,380,470,470,470,470,470,331,0,140,211.58204345013343,127.41589300003398,755.3581160000249,3382.1178247734138
1780669481,7,GET,/api/concerts,0.200000,0.000000,3,3,3,3,3,3,3,3,3,3,3,66,0,3,6.272688696960606,2.4830219999785186,67.80534300014551,753.0
1780669481,7,GET,/health,0.100000,0.000000,3,3,3,3,3,3,3,3,3,3,3,39,0,3,4.423934051315789,2.4926629998844874,33.23558700003559,57.0
1780669481,7,,Aggregated,2.700000,0.000000,140,140,240,280,330,380,470,470,470,470,470,436,0,140,161.97290656879562,2.4830219999785186,755.3581160000249,2686.701834862385
1780669482,7,POST,/api/book,2.200000,0.000000,140,170,280,290,330,380,470,470,470,470,470,333,0,140,211.14431520719012,127.41589300003398,755.3581160000249,3381.93993993994
1780669482,7,GET,/api/concerts,0.200000,0.000000,3,3,3,3,3,3,3,3,3,3,3,66,0,3,6.272688696960606,2.4830219999785186,67.80534300014551,753.0
1780669482,7,GET,/health,0.200000,0.000000,3,3,3,3,3,3,3,3,3,3,3,39,0,3,4.423934051315789,2.4926629998844874,33.23558700003559,57.0
1780669482,7,,Aggregated,2.600000,0.000000,140,140,240,280,330,380,470,470,470,470,470,438,0,140,161.86663891779688,2.4830219999785186,755.3581160000249,2689.74200913242
1780669483,7,POST,/api/book,2.100000,0.000000,140,240,290,300,380,470,470,470,470,470,470,333,0,140,211.14431520719012,127.41589300003398,755.3581160000249,3381.93993993994
1780669483,7,GET,/api/concerts,0.200000,0.000000,3,3,3,3,3,3,3,3,3,3,3,68,0,3,6.167176308816338,2.4830219999785186,67.80534300014551,753.0
1780669483,7,GET,/health,0.300000,0.000000,3,3,3,3,3,3,3,3,3,3,3,40,0,3,4.37901565003358,2.4926629998844874,33.23558700003559,57.0
1780669483,7,,Aggregated,2.600000,0.000000,140,140,240,280,330,380,470,470,470,470,470,441,0,140,160.78364076869653,2.4830219999785186,755.3581160000249,2674.988662131519
1780669484,7,POST,/api/book,2.300000,0.000000,140,280,300,310,330,380,470,470,470,470,470,336,0,140,211.53278147914975,127.41589300003398,755.3581160000249,3382.0119047619046
1780669484,7,GET,/api/concerts,0.200000,0.000000,3,3,3,3,3,3,3,3,3,3,3,68,0,3,6.167176308816338,2.4830219999785186,67.80534300014551,753.0
1780669484,7,GET,/health,0.300000,0.000000,3,3,3,3,3,3,3,3,3,3,3,40,0,3,4.37901565003358,2.4926629998844874,33.23558700003559,57.0
1780669484,7,,Aggregated,2.800000,0.000000,140,170,290,300,330,380,470,470,470,470,470,444,0,140,161.41789007206123,2.4830219999785186,755.3581160000249,2679.8198198198197
1780669485,8,POST,/api/book,2.200000,0.000000,140,280,300,310,330,380,470,470,470,470,470,339,0,140,210.88900229496912,123.87668100018345,755.3581160000249,3382.126843657817
1780669485,8,GET,/api/concerts,0.200000,0.000000,3,3,3,3,3,3,3,3,3,3,3,68,0,3,6.167176308816338,2.4830219999785186,67.80534300014551,753.0
1780669485,8,GET,/health,0.200000,0.000000,3,3,3,3,3,3,3,3,3,3,3,40,0,3,4.37901565003358,2.4926629998844874,33.23558700003559,57.0
1780669485,8,,Aggregated,2.600000,0.000000,140,170,280,300,330,380,470,470,470,470,470,447,0,140,161.2659964049114,2.4830219999785186,755.3581160000249,2684.6196868008947
1780669486,8,POST,/api/book,2.100000,0.000000,150,280,300,310,390,430,560,560,560,560,560,344,0,140,213.08982201161305,123.87668100018345,755.3581160000249,3382.2761627906975
1780669486,8,GET,/api/concerts,0.400000,0.000000,3,3,3,3,3,3,3,3,3,3,3,68,0,3,6.167176308816338,2.4830219999785186,67.80534300014551,753.0
1780669486,8,GET,/health,0.300000,0.000000,3,3,3,3,3,3,3,3,3,3,3,40,0,3,4.37901565003358,2.4926629998844874,33.23558700003559,57.0
1780669486,8,,Aggregated,2.800000,0.000000,140,170,290,300,390,430,560,560,560,560,560,452,0,140,163.48988359954814,2.4830219999785186,755.3581160000249,2692.4491150442477
1780669487,8,POST,/api/book,2.100000,0.000000,170,290,300,310,390,430,560,560,560,560,560,344,0,140,213.08982201161305,123.87668100018345,755.3581160000249,3382.2761627906975
1780669487,8,GET,/api/concerts,0.300000,0.000000,3,3,3,3,3,3,3,3,3,3,3,68,0,3,6.167176308816338,2.4830219999785186,67.80534300014551,753.0
1780669487,8,GET,/health,0.300000,0.000000,3,3,3,3,3,3,3,3,3,3,3,41,0,3,4.337320853687189,2.4926629998844874,33.23558700003559,57.0
1780669487,8,,Aggregated,2.700000,0.000000,140,240,290,300,390,430,560,560,560,560,560,453,0,140,163.13487177923972,2.4830219999785186,755.3581160000249,2686.6313465783664
1780669488,8,POST,/api/book,2.400000,0.000000,290,310,410,430,600,720,760,760,760,760,760,348,0,140,217.78173163791408,123.87668100018345,758.1720139996833,3382.3390804597702
1780669488,8,GET,/api/concerts,0.300000,0.000000,3,3,3,3,3,3,3,3,3,3,3,69,0,3,6.1192324927474875,2.4830219999785186,67.80534300014551,753.0
1780669488,8,GET,/health,0.300000,0.000000,3,3,3,10,10,10,10,10,10,10,10,42,0,3,4.468365095265524,2.4926629998844874,33.23558700003559,57.0
1780669488,8,,Aggregated,3.000000,0.000000,140,290,310,410,600,720,760,760,760,760,760,459,0,140,166.44431587362712,2.4830219999785186,758.1720139996833,2682.7995642701526
1780669489,8,POST,/api/book,2.400000,0.000000,290,310,410,430,600,720,760,760,760,760,760,349,0,140,217.56436974783344,123.87668100018345,758.1720139996833,3382.458452722063
1780669489,8,GET,/api/concerts,0.300000,0.000000,3,3,3,3,3,3,3,3,3,3,3,71,0,3,6.028088084496605,2.4830219999785186,67.80534300014551,753.0
1780669489,8,GET,/health,0.300000,0.000000,3,3,10,10,10,10,10,10,10,10,10,42,0,3,4.468365095265524,2.4926629998844874,33.23558700003559,57.0
1780669489,8,,Aggregated,3.000000,0.000000,140,290,310,390,560,720,760,760,760,760,760,462,0,140,165.68318318180587,2.4830219999785186,758.1720139996833,2676.0497835497836
1780669490,9,POST,/api/book,2.100000,0.000000,290,310,410,430,600,720,760,760,760,760,760,351,0,140,217.13020916522476,123.87668100018345,758.1720139996833,3382.5413105413104
1780669490,9,GET,/api/concerts,0.300000,0.000000,3,3,3,3,3,3,3,3,3,3,3,72,0,3,5.992410472212366,2.4830219999785186,67.80534300014551,753.0
1780669490,9,GET,/health,0.400000,0.000000,3,3,10,10,10,10,10,10,10,10,10,42,0,3,4.468365095265524,2.4926629998844874,33.23558700003559,57.0
1780669490,9,,Aggregated,2.800000,0.000000,140,290,310,390,560,720,760,760,760,760,760,465,0,140,165.22973829031045,2.4830219999785186,758.1720139996833,2675.015053763441
1780669491,9,POST,/api/book,2.300000,0.000000,310,370,410,430,600,720,760,760,760,760,760,354,0,140,217.61362990958702,123.87668100018345,758.1720139996833,3382.5338983050847
1780669491,9,GET,/api/concerts,0.300000,0.000000,3,3,3,3,3,3,3,3,3,3,3,72,0,3,5.992410472212366,2.4830219999785186,67.80534300014551,753.0
1780669491,9,GET,/health,0.500000,0.000000,3,3,10,10,10,10,10,10,10,10,10,42,0,3,4.468365095265524,2.4926629998844874,33.23558700003559,57.0
1780669491,9,,Aggregated,3.100000,0.000000,140,310,370,390,560,720,760,760,760,760,760,468,0,140,165.9280980256288,2.4830219999785186,758.1720139996833,2679.5448717948716
1780669492,9,POST,/api/book,2.200000,0.000000,290,370,390,410,600,720,760,760,760,760,760,360,0,140,217.60130184720376,123.87668100018345,758.1720139996833,3382.391666666667
1780669492,9,GET,/api/concerts,0.500000,0.000000,3,3,3,3,3,3,3,3,3,3,3,73,0,3,5.948556328759928,2.4830219999785186,67.80534300014551,753.0
1780669492,9,GET,/health,0.400000,0.000000,3,3,10,10,10,10,10,10,10,10,10,42,0,3,4.468365095265524,2.4926629998844874,33.23558700003559,57.0
1780669492,9,,Aggregated,3.100000,0.000000,140,310,370,380,560,720,760,760,760,760,760,475,0,140,166.22817812840847,2.4830219999785186,758.1720139996833,2684.261052631579
1780669493,9,POST,/api/book,2.400000,0.000000,290,370,390,410,600,720,760,760,760,760,760,362,0,140,217.15670512152874,123.87668100018345,758.1720139996833,3382.3756906077347
1780669493,9,GET,/api/concerts,0.600000,0.000000,3,3,3,3,3,3,3,3,3,3,3,73,0,3,5.948556328759928,2.4830219999785186,67.80534300014551,753.0
1780669493,9,GET,/health,0.300000,0.000000,3,3,10,10,10,10,10,10,10,10,10,42,0,3,4.468365095265524,2.4926629998844874,33.23558700003559,57.0
1780669493,9,,Aggregated,3.300000,0.000000,140,310,370,390,560,720,760,760,760,760,760,477,0,140,166.10617023059552,2.4830219999785186,758.1720139996833,2687.1761006289307
1780669494,9,POST,/api/book,2.400000,0.000000,290,380,430,570,670,720,760,760,760,760,760,366,0,140,220.16952530599323,123.87668100018345,758.1720139996833,3382.3715846994537
1780669494,9,GET,/api/concerts,0.600000,0.000000,3,3,3,3,3,3,3,3,3,3,3,73,0,3,5.948556328759928,2.4830219999785186,67.80534300014551,753.0
1780669494,9,GET,/health,0.300000,0.000000,3,3,10,10,10,10,10,10,10,10,10,42,0,3,4.468365095265524,2.4926629998844874,33.23558700003559,57.0
1780669494,9,,Aggregated,3.300000,0.000000,140,370,390,430,600,720,760,760,760,760,760,481,0,140,168.82320625362618,2.4830219999785186,758.1720139996833,2692.954261954262
1780669495,10,POST,/api/book,2.700000,0.000000,370,410,560,570,670,720,760,760,760,760,760,368,0,140,220.68273366302594,123.87668100018345,758.1720139996833,3382.266304347826
1780669495,10,GET,/api/concerts,0.700000,0.000000,3,3,3,3,3,3,3,3,3,3,3,74,0,3,5.906058540533096,2.4830219999785186,67.80534300014551,753.0
1780669495,10,GET,/health,0.300000,0.000000,10,10,10,10,10,10,10,10,10,10,10,42,0,3,4.468365095265524,2.4926629998844874,33.23558700003559,57.0
1780669495,10,,Aggregated,3.700000,0.000000,140,370,430,490,600,720,760,760,760,760,760,484,0,140,169.0825736652773,2.4830219999785186,758.1720139996833,2691.714876033058
1780669496,10,POST,/api/book,2.900000,0.000000,290,390,490,560,600,720,760,760,760,760,760,372,0,140,220.39992494621987,123.87668100018345,758.1720139996833,3382.1532258064517
1780669496,10,GET,/api/concerts,0.500000,0.000000,3,3,3,3,3,3,3,3,3,3,3,75,0,3,5.867618093325291,2.4830219999785186,67.80534300014551,753.0
1780669496,10,GET,/health,0.200000,0.000000,3,3,10,10,10,10,10,10,10,10,10,43,0,3,4.425857302352554,2.4926629998844874,33.23558700003559,57.0
1780669496,10,,Aggregated,3.600000,0.000000,140,290,370,410,600,720,760,760,760,760,760,490,0,140,168.61052102243755,2.4830219999785186,758.1720139996833,2687.9326530612243
1780669497,10,POST,/api/book,3.100000,0.000000,150,370,410,570,670,720,760,760,760,760,760,374,0,140,219.9744648636195,123.87668100018345,758.1720139996833,3382.211229946524
1780669497,10,GET,/api/concerts,0.500000,0.000000,3,3,3,3,3,3,3,3,3,3,3,76,0,3,5.8242721578859635,2.4830219999785186,67.80534300014551,753.0
1780669497,10,GET,/health,0.200000,0.000000,3,3,10,10,10,10,10,10,10,10,10,44,0,3,4.38475834093052,2.4926629998844874,33.23558700003559,57.0
1780669497,10,,Aggregated,3.800000,0.000000,140,210,370,380,590,670,760,760,760,760,760,494,0,140,167.8259593319717,2.4830219999785186,758.1720139996833,2681.5445344129553
1780669498,10,POST,/api/book,3.000000,0.000000,270,370,490,570,600,720,760,760,760,760,760,378,0,140,222.08360013755052,123.87668100018345,758.1720139996833,3382.1825396825398
1780669498,10,GET,/api/concerts,0.600000,0.000000,3,3,3,3,3,3,3,3,3,3,3,76,0,3,5.8242721578859635,2.4830219999785186,67.80534300014551,753.0
1780669498,10,GET,/health,0.300000,0.000000,7,7,10,10,10,10,10,10,10,10,10,45,0,3,4.433482955573709,2.4926629998844874,33.23558700003559,57.0
1780669498,10,,Aggregated,3.900000,0.000000,140,210,340,370,570,590,670,670,670,670,670,499,0,140,169.51854162123104,2.4830219999785186,758.1720139996833,2681.879759519038
1780669499,10,POST,/api/book,2.900000,0.000000,140,310,370,380,570,590,670,670,670,670,670,380,0,140,221.66007128945753,123.87668100018345,758.1720139996833,3382.184210526316
1780669499,10,GET,/api/concerts,0.700000,0.000000,3,3,3,3,3,3,3,3,3,3,3,78,0,3,5.747410705120833,2.4830219999785186,67.80534300014551,753.0
1780669499,10,GET,/health,0.300000,0.000000,7,7,10,10,10,10,10,10,10,10,10,45,0,3,4.433482955573709,2.4926629998844874,33.23558700003559,57.0
1780669499,10,,Aggregated,3.900000,0.000000,140,210,310,370,500,570,670,670,670,670,670,503,0,140,168.74479494631046,2.4830219999785186,758.1720139996833,2676.9960238568588
1780669500,11,POST,/api/book,3.000000,0.000000,210,370,400,420,570,590,670,670,670,670,670,384,0,140,222.21380560415096,123.87668100018345,758.1720139996833,3382.3125
1780669500,11,GET,/api/concerts,0.800000,0.000000,3,3,3,3,6,6,6,6,6,6,6,79,0,3,5.751084291130357,2.4830219999785186,67.80534300014551,753.0
1780669500,11,GET,/health,0.300000,0.000000,7,7,10,10,10,10,10,10,10,10,10,45,0,3,4.433482955573709,2.4926629998844874,33.23558700003559,57.0
1780669500,11,,Aggregated,4.100000,0.000000,140,270,370,380,500,570,670,670,670,670,670,508,0,140,169.25973177951602,2.4830219999785186,758.1720139996833,2678.8582677165355
1780669501,11,POST,/api/book,2.900000,0.000000,140,270,400,490,570,590,670,670,670,670,670,386,0,140,221.78669241967373,123.87668100018345,758.1720139996833,3382.4533678756475
1780669501,11,GET,/api/concerts,0.800000,0.000000,3,3,3,3,6,6,6,6,6,6,6,79,0,3,5.751084291130357,2.4830219999785186,67.80534300014551,753.0
1780669501,11,GET,/health,0.300000,0.000000,3,3,7,7,7,7,7,7,7,7,7,45,0,3,4.433482955573709,2.4926629998844874,33.23558700003559,57.0
1780669501,11,,Aggregated,4.000000,0.000000,140,140,290,400,570,590,670,670,670,670,670,510,0,140,169.14412875685142,2.4830219999785186,758.1720139996833,2681.7235294117645
1780669502,11,POST,/api/book,3.200000,0.000000,210,340,490,570,670,1300,1700,1700,1700,1700,1700,390,0,140,228.27253489998338,123.87668100018345,1689.0419309997924,3382.233333333333
1780669502,11,GET,/api/concerts,0.700000,0.000000,3,3,6,6,21,21,21,21,21,21,21,80,0,3,5.9365971999966405,2.4830219999785186,67.80534300014551,753.0
1780669502,11,GET,/health,0.300000,0.000000,3,3,7,7,7,7,7,7,7,7,7,45,0,3,4.433482955573709,2.4926629998844874,33.23558700003559,57.0
1780669502,11,,Aggregated,4.200000,0.000000,140,210,400,490,590,1300,1700,1700,1700,1700,1700,515,0,140,174.17616139804682,2.4830219999785186,1689.0419309997924,2683.2543689320387
1780669503,11,POST,/api/book,3.300000,0.000000,290,500,590,700,1100,1700,1900,1900,1900,1900,1900,396,0,140,238.47429413382253,123.87668100018345,1856.4926330000162,3382.2323232323233
1780669503,11,GET,/api/concerts,0.700000,0.000000,3,3,6,6,21,21,21,21,21,21,21,80,0,3,5.9365971999966405,2.4830219999785186,67.80534300014551,753.0
1780669503,11,GET,/health,0.300000,0.000000,7,7,14,14,14,14,14,14,14,14,14,46,0,3,4.63987493480011,2.4926629998844874,33.23558700003559,57.0
1780669503,11,,Aggregated,4.300000,0.000000,140,400,570,590,920,1300,1900,1900,1900,1900,1900,522,0,140,182.23023467431855,2.4830219999785186,1856.4926330000162,2686.256704980843
1780669504,11,POST,/api/book,3.000000,0.000000,210,400,570,700,1100,1700,1900,1900,1900,1900,1900,398,0,140,237.98557086430696,123.87668100018345,1856.4926330000162,3382.402010050251
1780669504,11,GET,/api/concerts,0.700000,0.000000,3,3,6,6,21,21,21,21,21,21,21,80,0,3,5.9365971999966405,2.4830219999785186,67.80534300014551,753.0
1780669504,11,GET,/health,0.300000,0.000000,3,7,7,14,14,14,14,14,14,14,14,47,0,3,4.595447170231637,2.4926629998844874,33.23558700003559,57.0
1780669504,11,,Aggregated,4.000000,0.000000,140,210,400,500,920,1300,1900,1900,1900,1900,1900,525,0,140,181.73175427999016,2.4830219999785186,1856.4926330000162,2684.0285714285715
1780669505,12,POST,/api/book,3.000000,0.000000,190,400,570,700,1100,1700,1900,1900,1900,1900,1900,402,0,140,237.14707615670076,123.87668100018345,1856.4926330000162,3382.355721393035
1780669505,12,GET,/api/concerts,0.700000,0.000000,3,3,6,6,21,21,21,21,21,21,21,80,0,3,5.9365971999966405,2.4830219999785186,67.80534300014551,753.0
1780669505,12,GET,/health,0.400000,0.000000,3,7,7,14,14,14,14,14,14,14,14,47,0,3,4.595447170231637,2.4926629998844874,33.23558700003559,57.0
1780669505,12,,Aggregated,4.100000,0.000000,140,210,400,500,920,1300,1900,1900,1900,1900,1900,529,0,140,181.51992137617083,2.4830219999785186,1856.4926330000162,2689.274102079395
1780669506,12,POST,/api/book,3.300000,0.000000,210,500,680,710,1100,1700,1900,1900,1900,1900,1900,408,0,140,240.08047035782647,123.87668100018345,1856.4926330000162,3382.3137254901962
1780669506,12,GET,/api/concerts,0.700000,0.000000,3,6,6,21,21,21,21,21,21,21,21,80,0,3,5.9365971999966405,2.4830219999785186,67.80534300014551,753.0
1780669506,12,GET,/health,0.400000,0.000000,7,7,14,14,14,14,14,14,14,14,14,47,0,3,4.595447170231637,2.4926629998844874,33.23558700003559,57.0
1780669506,12,,Aggregated,4.400000,0.000000,140,390,530,680,920,1300,1900,1900,1900,1900,1900,535,0,140,184.3808330822315,2.4830219999785186,1856.4926330000162,2697.014953271028
1780669507,12,POST,/api/book,3.100000,0.000000,210,400,570,700,1100,1700,1900,1900,1900,1900,1900,413,0,140,239.611907995141,123.87668100018345,1856.4926330000162,3382.053268765133
1780669507,12,GET,/api/concerts,0.700000,0.000000,3,6,6,21,21,21,21,21,21,21,21,81,0,3,5.903054049381522,2.4830219999785186,67.80534300014551,753.0
1780669507,12,GET,/health,0.500000,0.000000,7,7,14,14,14,14,14,14,14,14,14,47,0,3,4.595447170231637,2.4926629998844874,33.23558700003559,57.0
1780669507,12,,Aggregated,4.300000,0.000000,150,340,500,570,920,1300,1900,1900,1900,1900,1900,541,0,140,184.20305248982265,2.4830219999785186,1856.4926330000162,2699.5563770794824
1780669508,12,POST,/api/book,3.400000,0.000000,170,390,530,700,1100,1700,1900,1900,1900,1900,1900,416,0,140,238.88005995190574,123.87668100018345,1856.4926330000162,3382.1466346153848
1780669508,12,GET,/api/concerts,0.600000,0.000000,3,3,6,6,21,21,21,21,21,21,21,83,0,3,5.824481409632996,2.4830219999785186,67.80534300014551,753.0
1780669508,12,GET,/health,0.400000,0.000000,7,7,14,14,14,14,14,14,14,14,14,47,0,3,4.595447170231637,2.4926629998844874,33.23558700003559,57.0
1780669508,12,,Aggregated,4.400000,0.000000,140,210,400,530,920,1300,1900,1900,1900,1900,1900,546,0,140,183.2848405018191,2.4830219999785186,1856.4926330000162,2696.247252747253
1780669509,12,POST,/api/book,3.500000,0.000000,190,390,530,700,1100,1700,1900,1900,1900,1900,1900,421,0,140,238.90590562468748,123.87668100018345,1856.4926330000162,3382.1567695961994
1780669509,12,GET,/api/concerts,0.500000,0.000000,3,6,6,21,21,21,21,21,21,21,21,83,0,3,5.824481409632996,2.4830219999785186,67.80534300014551,753.0
1780669509,12,GET,/health,0.400000,0.000000,7,7,14,14,14,14,14,14,14,14,14,48,0,3,4.553918854185213,2.4926629998844874,33.23558700003559,57.0
1780669509,12,,Aggregated,4.400000,0.000000,150,270,410,530,920,1300,1900,1900,1900,1900,1900,552,0,140,183.4808085688295,2.4830219999785186,1856.4926330000162,2697.6865942028985
1780669510,13,POST,/api/book,4.100000,0.000000,210,280,410,680,920,1300,1900,1900,1900,1900,1900,426,0,140,238.74981033801208,123.87668100018345,1856.4926330000162,3381.955399061033
1780669510,13,GET,/api/concerts,0.700000,0.000000,3,3,6,6,21,21,21,21,21,21,21,85,0,3,5.74985637646451,2.4830219999785186,67.80534300014551,753.0
1780669510,13,GET,/health,0.300000,0.000000,3,3,14,14,14,14,14,14,14,14,14,48,0,3,4.553918854185213,2.4926629998844874,33.23558700003559,57.0
1780669510,13,,Aggregated,5.100000,0.000000,150,250,300,530,920,1300,1900,1900,1900,1900,1900,559,0,140,183.21063524328008,2.4830219999785186,1856.4926330000162,2696.6976744186045
1780669511,13,POST,/api/book,4.000000,0.000000,210,280,410,680,920,1300,1900,1900,1900,1900,1900,429,0,140,238.50749909089333,123.87668100018345,1856.4926330000162,3381.90675990676
1780669511,13,GET,/api/concerts,0.600000,0.000000,3,3,3,3,21,21,21,21,21,21,21,87,0,3,5.679433735627524,2.4830219999785186,67.80534300014551,753.0
1780669511,13,GET,/health,0.200000,0.000000,3,14,14,56,56,56,56,56,56,56,56,50,0,3,5.545442800021192,2.4303169998347585,56.25371800033463,57.0
1780669511,13,,Aggregated,4.800000,0.000000,150,240,300,390,730,1300,1700,1900,1900,1900,1900,566,0,140,182.1397526236642,2.4303169998347585,1856.4926330000162,2684.0971731448763
1780669512,13,POST,/api/book,4.200000,0.000000,190,280,390,500,710,920,1900,1900,1900,1900,1900,435,0,140,238.8045254942369,123.87668100018345,1856.4926330000162,3382.0344827586205
1780669512,13,GET,/api/concerts,0.500000,0.000000,3,3,3,3,21,21,21,21,21,21,21,87,0,3,5.679433735627524,2.4830219999785186,67.80534300014551,753.0
1780669512,13,GET,/health,0.300000,0.000000,3,14,14,56,56,56,56,56,56,56,56,50,0,3,5.545442800021192,2.4303169998347585,56.25371800033463,57.0
1780669512,13,,Aggregated,5.000000,0.000000,140,240,300,390,700,920,1100,1900,1900,1900,1900,572,0,140,182.95690815558348,2.4303169998347585,1856.4926330000162,2691.513986013986
1780669513,13,POST,/api/book,4.300000,0.000000,150,240,280,300,430,530,710,710,710,710,710,438,0,140,238.33755126254172,123.87668100018345,1856.4926330000162,3381.9520547945203
1780669513,13,GET,/api/concerts,0.600000,0.000000,3,3,3,3,21,21,21,21,21,21,21,88,0,3,5.646433090904876,2.4830219999785186,67.80534300014551,753.0
1780669513,13,GET,/health,0.300000,0.000000,3,30,30,56,56,56,56,56,56,56,56,51,0,3,6.028317254927685,2.4303169998347585,56.25371800033463,57.0
1780669513,13,,Aggregated,5.200000,0.000000,140,190,240,280,410,530,680,710,710,710,710,577,0,140,182.31573266030196,2.4303169998347585,1856.4926330000162,2687.1161178509533
1780669514,13,POST,/api/book,4.500000,0.000000,150,240,280,300,430,530,710,710,710,710,710,441,0,140,237.68151985259283,123.87668100018345,1856.4926330000162,3381.8866213151928
1780669514,13,GET,/api/concerts,0.800000,0.000000,3,3,3,3,3,4,4,4,4,4,4,92,0,3,5.531903586949698,2.4830219999785186,67.80534300014551,753.0
1780669514,13,GET,/health,0.500000,0.000000,3,30,30,56,56,56,56,56,56,56,56,51,0,3,6.028317254927685,2.4303169998347585,56.25371800033463,57.0
1780669514,13,,Aggregated,5.800000,0.000000,140,150,240,270,410,530,680,710,710,710,710,584,0,140,180.88001637841464,2.4303169998347585,1856.4926330000162,2677.388698630137
1780669515,14,POST,/api/book,4.600000,0.000000,150,250,300,330,500,680,710,710,710,710,710,444,0,140,237.9098876080932,123.87668100018345,1856.4926330000162,3381.961711711712
1780669515,14,GET,/api/concerts,0.700000,0.000000,3,3,3,3,4,4,4,4,4,4,4,95,0,3,5.45231381052202,2.4830219999785186,67.80534300014551,753.0
1780669515,14,GET,/health,0.400000,0.000000,3,30,30,56,56,56,56,56,56,56,56,51,0,3,6.028317254927685,2.4303169998347585,56.25371800033463,57.0
1780669515,14,,Aggregated,5.700000,0.000000,140,150,240,280,410,530,680,710,710,710,710,590,0,140,180.43627811863445,2.4303169998347585,1856.4926330000162,2671.242372881356
1780669516,14,POST,/api/book,4.200000,0.000000,140,230,270,280,350,430,500,500,500,500,500,448,0,140,237.02262803793013,123.87668100018345,1856.4926330000162,3381.9196428571427
1780669516,14,GET,/api/concerts,0.800000,0.000000,3,3,3,3,4,4,4,4,4,4,4,95,0,3,5.45231381052202,2.4830219999785186,67.80534300014551,753.0
1780669516,14,GET,/health,0.500000,0.000000,3,30,30,56,56,56,56,56,56,56,56,52,0,3,5.963803269257649,2.4303169998347585,56.25371800033463,57.0
1780669516,14,,Aggregated,5.500000,0.000000,140,140,230,240,330,410,430,500,500,500,500,595,0,140,179.85584024032562,2.4303169998347585,1856.4926330000162,2671.594957983193
1780669517,14,POST,/api/book,4.300000,0.000000,140,230,250,300,350,430,500,500,500,500,500,453,0,140,236.33105491830622,123.87668100018345,1856.4926330000162,3381.7902869757177
1780669517,14,GET,/api/concerts,1.200000,0.000000,3,3,3,3,4,4,4,4,4,4,4,95,0,3,5.45231381052202,2.4830219999785186,67.80534300014551,753.0
1780669517,14,GET,/health,0.400000,0.000000,3,3,30,30,56,56,56,56,56,56,56,53,0,3,5.9048002641797,2.4303169998347585,56.25371800033463,57.0
1780669517,14,,Aggregated,5.900000,0.000000,140,140,230,240,330,410,430,500,500,500,500,601,0,140,179.51562746088834,2.4303169998347585,1856.4926330000162,2673.056572379368
1780669518,14,POST,/api/book,4.100000,0.000000,140,260,310,330,410,460,510,510,510,510,510,459,0,140,237.77993195641048,123.87668100018345,1856.4926330000162,3381.9782135076252
1780669518,14,GET,/api/concerts,1.500000,0.000000,3,3,3,3,4,4,4,4,4,4,4,97,0,3,5.403809546393306,2.4830219999785186,67.80534300014551,753.0
1780669518,14,GET,/health,0.400000,0.000000,3,3,30,30,56,56,56,56,56,56,56,53,0,3,5.9048002641797,2.4303169998347585,56.25371800033463,57.0
1780669518,14,,Aggregated,6.000000,0.000000,140,140,240,270,350,430,500,510,510,510,510,609,0,140,180.58803400327446,2.4303169998347585,1856.4926330000162,2673.8752052545155
1780669519,14,POST,/api/book,4.200000,0.000000,140,230,310,330,430,500,510,510,510,510,510,463,0,140,237.0517980302223,123.87668100018345,1856.4926330000162,3382.110151187905
1780669519,14,GET,/api/concerts,1.500000,0.000000,3,3,3,3,4,4,4,4,4,4,4,98,0,3,5.375834714284013,2.4830219999785186,67.80534300014551,753.0
1780669519,14,GET,/health,0.500000,0.000000,3,3,30,30,56,56,56,56,56,56,56,54,0,3,5.85217170372811,2.4303169998347585,56.25371800033463,57.0
1780669519,14,,Aggregated,6.200000,0.000000,140,140,190,230,330,430,500,510,510,510,510,615,0,140,179.83387245852705,2.4303169998347585,1856.4926330000162,2671.20162601626
1780669520,15,POST,/api/book,4.000000,0.000000,190,310,350,430,560,630,910,910,910,910,910,470,0,140,241.89859941913534,123.87668100018345,1856.4926330000162,3382.1446808510636
1780669520,15,GET,/api/concerts,1.200000,0.000000,3,3,3,4,4,61,61,61,61,61,61,99,0,3,5.938879676764969,2.4830219999785186,67.80534300014551,753.0
1780669520,15,GET,/health,0.600000,0.000000,3,3,30,30,56,56,56,56,56,56,56,54,0,3,5.85217170372811,2.4303169998347585,56.25371800033463,57.0
1780669520,15,,Aggregated,5.800000,0.000000,140,140,260,330,500,590,750,910,910,910,910,623,0,140,183.9427096099434,2.4303169998347585,1856.4926330000162,2676.136436597111
1780669521,15,POST,/api/book,4.200000,0.000000,190,310,370,500,630,900,910,910,910,910,910,476,0,140,245.33594538654057,123.87668100018345,1856.4926330000162,3382.4012605042017
1780669521,15,GET,/api/concerts,1.500000,0.000000,3,3,3,4,4,61,61,61,61,61,61,99,0,3,5.938879676764969,2.4830219999785186,67.80534300014551,753.0
1780669521,15,GET,/health,0.600000,0.000000,3,3,30,30,56,56,56,56,56,56,56,54,0,3,5.85217170372811,2.4303169998347585,56.25371800033463,57.0
1780669521,15,,Aggregated,6.300000,0.000000,140,230,310,350,560,750,900,910,910,910,910,629,0,140,187.09678277264615,2.4303169998347585,1856.4926330000162,2683.0651828298887
1780669522,15,POST,/api/book,4.000000,0.000000,230,330,370,460,630,900,910,910,910,910,910,482,0,140,245.11985825724813,123.87668100018345,1856.4926330000162,3382.5933609958506
1780669522,15,GET,/api/concerts,1.500000,0.000000,3,3,4,4,4,61,61,61,61,61,61,99,0,3,5.938879676764969,2.4830219999785186,67.80534300014551,753.0
1780669522,15,GET,/health,0.600000,0.000000,3,3,30,30,30,30,30,30,30,30,30,54,0,3,5.85217170372811,2.4303169998347585,56.25371800033463,57.0
1780669522,15,,Aggregated,6.100000,0.000000,140,230,330,350,560,750,900,910,910,910,910,635,0,140,187.48305203148777,2.4303169998347585,1856.4926330000162,2689.818897637795
1780669523,15,POST,/api/book,4.300000,0.000000,230,320,370,460,630,900,910,910,910,910,910,486,0,140,245.13295373661316,123.87668100018345,1856.4926330000162,3382.551440329218
1780669523,15,GET,/api/concerts,1.400000,0.000000,3,3,4,4,4,61,61,61,61,61,61,99,0,3,5.938879676764969,2.4830219999785186,67.80534300014551,753.0
1780669523,15,GET,/health,0.600000,0.000000,3,3,30,30,30,30,30,30,30,30,30,54,0,3,5.85217170372811,2.4303169998347585,56.25371800033463,57.0
1780669523,15,,Aggregated,6.300000,0.000000,160,250,330,350,560,750,900,910,910,910,910,639,0,140,187.853805752731,2.4303169998347585,1856.4926330000162,2694.1236306729265
1780669524,15,POST,/api/book,4.700000,0.000000,260,330,500,560,900,970,1000,1000,1000,1000,1000,493,0,140,250.92132707098094,123.87668100018345,1856.4926330000162,3382.5943204868154
1780669524,15,GET,/api/concerts,1.200000,0.000000,3,3,4,4,61,61,61,61,61,61,61,100,0,3,5.906311419994381,2.4830219999785186,67.80534300014551,753.0
1780669524,15,GET,/health,0.400000,0.000000,3,3,3,3,3,3,3,3,3,3,3,54,0,3,5.85217170372811,2.4303169998347585,56.25371800033463,57.0
1780669524,15,,Aggregated,6.300000,0.000000,210,310,370,500,900,960,1000,1000,1000,1000,1000,647,0,140,192.59793301390172,2.4303169998347585,1856.4926330000162,2698.6043276661517
1780669525,16,POST,/api/book,4.800000,0.000000,280,420,560,630,960,1000,1000,1100,1100,1100,1100,497,0,140,254.44266555330708,123.87668100018345,1856.4926330000162,3382.7203219315898
1780669525,16,GET,/api/concerts,1.200000,0.000000,3,3,4,42,61,61,61,61,61,61,61,102,0,3,6.230268186269028,2.4830219999785186,67.80534300014551,753.0
1780669525,16,GET,/health,0.400000,0.000000,3,3,3,3,3,3,3,3,3,3,3,55,0,3,5.790835636393736,2.4303169998347585,56.25371800033463,57.0
1780669525,16,,Aggregated,6.400000,0.000000,220,320,500,560,910,970,1000,1100,1100,1100,1100,654,0,140,194.8195536620715,2.4303169998347585,1856.4926330000162,2692.894495412844
1780669526,16,POST,/api/book,4.900000,0.000000,280,420,560,630,960,1000,1000,1100,1100,1100,1100,501,0,140,253.72674199200364,123.87668100018345,1856.4926330000162,3382.63872255489
1780669526,16,GET,/api/concerts,1.100000,0.000000,3,3,42,61,79,79,79,79,79,79,79,104,0,3,6.897129124997019,2.4830219999785186,78.82176900011473,753.0
1780669526,16,GET,/health,0.300000,0.000000,3,3,3,3,3,3,3,3,3,3,3,55,0,3,5.790835636393736,2.4303169998347585,56.25371800033463,57.0
1780669526,16,,Aggregated,6.300000,0.000000,230,320,500,560,910,970,1000,1100,1100,1100,1100,660,0,140,194.17105322272005,2.4303169998347585,1856.4926330000162,2691.1348484848486
1780669527,16,POST,/api/book,5.200000,0.000000,300,560,750,900,970,1000,1100,1100,1100,1100,1100,508,0,150,260.9412592184936,123.87668100018345,1856.4926330000162,3382.4251968503936
1780669527,16,GET,/api/concerts,0.800000,0.000000,3,3,42,42,61,79,79,79,79,79,79,106,0,3,6.822251650942664,2.4830219999785186,78.82176900011473,753.0
1780669527,16,GET,/health,0.300000,0.000000,3,3,3,3,3,3,3,3,3,3,3,55,0,3,5.790835636393736,2.4303169998347585,56.25371800033463,57.0
1780669527,16,,Aggregated,6.300000,0.000000,240,370,630,750,960,1000,1100,1100,1100,1100,1100,669,0,140,199.70076878624272,2.4303169998347585,1856.4926330000162,2692.4140508221226
1780669528,16,POST,/api/book,5.300000,0.000000,280,590,880,900,970,1000,1100,1100,1100,1100,1100,511,0,150,260.3003341565452,123.87668100018345,1856.4926330000162,3382.4422700587083
1780669528,16,GET,/api/concerts,0.700000,0.000000,3,3,42,42,61,79,79,79,79,79,79,107,0,3,6.785575485979263,2.4830219999785186,78.82176900011473,753.0
1780669528,16,GET,/health,0.400000,0.000000,3,3,3,3,3,3,3,3,3,3,3,56,0,3,5.745488517886445,2.4303169998347585,56.25371800033463,57.0
1780669528,16,,Aggregated,6.400000,0.000000,230,420,720,880,960,1000,1100,1100,1100,1100,1100,674,0,140,198.90396837981615,2.4303169998347585,1856.4926330000162,2688.710682492582
1780669529,16,POST,/api/book,5.100000,0.000000,320,560,750,900,970,1000,1100,1100,1100,1100,1100,517,0,150,260.68115966730113,123.87668100018345,1856.4926330000162,3382.1798839458415
1780669529,16,GET,/api/concerts,0.900000,0.000000,3,3,42,61,79,79,79,79,79,79,79,108,0,3,6.74570916666434,2.4800129999675846,78.82176900011473,753.0
1780669529,16,GET,/health,0.300000,0.000000,3,3,3,3,3,3,3,3,3,3,3,56,0,3,5.745488517886445,2.4303169998347585,56.25371800033463,57.0
1780669529,16,,Aggregated,6.300000,0.000000,240,460,630,750,960,1000,1100,1100,1100,1100,1100,681,0,140,199.4455851615215,2.4303169998347585,1856.4926330000162,2691.781204111601
1780669530,17,POST,/api/book,5.300000,0.000000,320,710,870,900,970,1100,1100,1100,1100,1100,1100,524,0,150,266.7662958454087,123.87668100018345,1856.4926330000162,3382.320610687023
1780669530,17,GET,/api/concerts,1.100000,0.000000,3,42,61,61,79,98,98,98,98,98,98,109,0,3,7.582894449540517,2.4800129999675846,97.99890500016772,753.0
1780669530,17,GET,/health,0.200000,0.000000,3,3,3,3,3,3,3,3,3,3,3,56,0,3,5.745488517886445,2.4303169998347585,56.25371800033463,57.0
1780669530,17,,Aggregated,6.600000,0.000000,240,460,750,880,970,1000,1100,1100,1100,1100,1100,689,0,140,204.548362663274,2.4303169998347585,1856.4926330000162,2696.088534107402
1780669531,17,POST,/api/book,5.200000,0.000000,320,710,870,880,970,1100,1100,1100,1100,1100,1100,529,0,150,267.9805849205951,123.87668100018345,1856.4926330000162,3382.4404536862003
1780669531,17,GET,/api/concerts,0.900000,0.000000,3,4,61,61,79,98,98,98,98,98,98,110,0,3,7.553038036361283,2.4800129999675846,97.99890500016772,753.0
1780669531,17,GET,/health,0.300000,0.000000,3,3,3,3,3,3,3,3,3,3,3,56,0,3,5.745488517886445,2.4303169998347585,56.25371800033463,57.0
1780669531,17,,Aggregated,6.400000,0.000000,270,430,730,870,970,1000,1100,1100,1100,1100,1100,695,0,140,205.63210210646938,2.4303169998347585,1856.4926330000162,2698.3208633093527
1780669532,17,POST,/api/book,5.400000,0.000000,320,720,870,940,1000,1100,1100,1100,1100,1100,1100,534,0,150,267.51995964418643,123.87668100018345,1856.4926330000162,3382.316479400749
1780669532,17,GET,/api/concerts,1.000000,0.000000,3,3,4,42,79,98,98,98,98,98,98,112,0,3,7.4723123928533495,2.4800129999675846,97.99890500016772,753.0
1780669532,17,GET,/health,0.200000,0.000000,3,3,3,3,3,3,3,3,3,3,3,56,0,3,5.745488517886445,2.4303169998347585,56.25371800033463,57.0
1780669532,17,,Aggregated,6.600000,0.000000,240,400,720,870,970,1000,1100,1100,1100,1100,1100,702,0,140,205.1485823290553,2.4303169998347585,1856.4926330000162,2697.55698005698
1780669533,17,POST,/api/book,5.400000,0.000000,320,550,780,880,970,1100,1100,1100,1100,1100,1100,540,0,150,267.31762369258485,123.87668100018345,1856.4926330000162,3382.196296296296
1780669533,17,GET,/api/concerts,1.000000,0.000000,3,3,4,42,79,98,98,98,98,98,98,113,0,3,7.431356044242066,2.4800129999675846,97.99890500016772,753.0
1780669533,17,GET,/health,0.200000,0.000000,3,3,3,3,3,3,3,3,3,3,3,56,0,3,5.745488517886445,2.4303169998347585,56.25371800033463,57.0
1780669533,17,,Aggregated,6.600000,0.000000,190,330,710,780,970,1000,1100,1100,1100,1100,1100,709,0,140,205.23696387023534,2.4303169998347585,1856.4926330000162,2700.517630465444
1780669534,17,POST,/api/book,5.100000,0.000000,320,530,720,780,960,1100,1100,1100,1100,1100,1100,543,0,150,268.54520722098704,123.87668100018345,1856.4926330000162,3382.136279926335
1780669534,17,GET,/api/concerts,1.200000,0.000000,3,3,4,42,79,98,98,98,98,98,98,114,0,3,7.3908728684153555,2.4800129999675846,97.99890500016772,753.0
1780669534,17,GET,/health,0.200000,0.000000,3,3,13,13,13,13,13,13,13,13,13,57,0,3,5.867121666692822,2.4303169998347585,56.25371800033463,57.0
1780669534,17,,Aggregated,6.500000,0.000000,190,330,530,710,880,970,1100,1100,1100,1100,1100,714,0,140,205.87819742716647,2.4303169998347585,1856.4926330000162,2696.906162464986
1780669535,18,POST,/api/book,5.000000,0.000000,320,510,730,780,960,1100,1200,1200,1200,1200,1200,552,0,150,273.81083681158765,123.87668100018345,1856.4926330000162,3382.0090579710145
1780669535,18,GET,/api/concerts,1.300000,0.000000,3,3,4,25,79,98,98,98,98,98,98,115,0,3,7.5443347130361795,2.4800129999675846,97.99890500016772,753.0
1780669535,18,GET,/health,0.200000,0.000000,3,3,3,13,13,13,13,13,13,13,13,59,0,3,5.7562766271492025,2.404785000180709,56.25371800033463,57.0
1780669535,18,,Aggregated,6.500000,0.000000,270,320,530,720,880,1100,1200,1200,1200,1200,1200,726,0,140,209.84958778649786,2.404785000180709,1856.4926330000162,2695.353994490358
1780669536,18,POST,/api/book,5.300000,0.000000,310,460,720,750,960,1100,1200,1200,1200,1200,1200,558,0,150,273.02968969354214,123.87668100018345,1856.4926330000162,3381.983870967742
1780669536,18,GET,/api/concerts,1.400000,0.000000,3,3,4,4,25,98,98,98,98,98,98,116,0,3,7.501813706892727,2.4800129999675846,97.99890500016772,753.0
1780669536,18,GET,/health,0.200000,0.000000,3,3,13,13,13,13,13,13,13,13,13,59,0,3,5.7562766271492025,2.404785000180709,56.25371800033463,57.0
1780669536,18,,Aggregated,6.900000,0.000000,270,320,510,720,880,1100,1200,1200,1200,1200,1200,733,0,140,209.49576747612272,2.404785000180709,1856.4926330000162,2698.3055934515687
1780669537,18,POST,/api/book,5.100000,0.000000,300,420,520,550,870,1100,1200,1200,1200,1200,1200,564,0,160,274.2186269166607,123.87668100018345,1856.4926330000162,3381.973404255319
1780669537,18,GET,/api/concerts,1.400000,0.000000,3,4,23,23,25,98,98,98,98,98,98,117,0,3,7.6325349658111366,2.4800129999675846,97.99890500016772,753.0
1780669537,18,GET,/health,0.400000,0.000000,3,3,13,13,13,13,13,13,13,13,13,59,0,3,5.7562766271492025,2.404785000180709,56.25371800033463,57.0
1780669537,18,,Aggregated,6.900000,0.000000,240,320,430,510,750,1000,1200,1200,1200,1200,1200,740,0,140,210.66477363918708,2.404785000180709,1856.4926330000162,2701.2121621621623
1780669538,18,POST,/api/book,5.500000,0.000000,310,430,550,680,870,1100,1200,1200,1200,1200,1200,572,0,160,275.39227092307175,123.87668100018345,1856.4926330000162,3381.8251748251746
1780669538,18,GET,/api/concerts,1.300000,0.000000,3,4,23,25,98,98,98,98,98,98,98,117,0,3,7.6325349658111366,2.4800129999675846,97.99890500016772,753.0
1780669538,18,GET,/health,0.400000,0.000000,3,3,13,13,13,13,13,13,13,13,13,59,0,3,5.7562766271492025,2.404785000180709,56.25371800033463,57.0
1780669538,18,,Aggregated,7.200000,0.000000,270,330,460,550,750,1000,1200,1200,1200,1200,1200,748,0,140,212.24198647058665,2.404785000180709,1856.4926330000162,2708.379679144385
1780669539,18,POST,/api/book,5.800000,0.000000,310,510,620,700,870,1000,1200,1200,1200,1200,1200,578,0,160,277.9903718858081,123.87668100018345,1856.4926330000162,3381.899653979239
1780669539,18,GET,/api/concerts,1.200000,0.000000,3,4,23,23,25,98,98,98,98,98,98,119,0,3,7.5484831344541465,2.4800129999675846,97.99890500016772,753.0
1780669539,18,GET,/health,0.400000,0.000000,3,13,13,68,68,68,68,68,68,68,68,60,0,3,6.800261350031178,2.404785000180709,68.39536000006774,57.0
1780669539,18,,Aggregated,7.400000,0.000000,270,400,530,620,800,1000,1200,1200,1200,1200,1200,757,0,140,213.9824572311745,2.404785000180709,1856.4926330000162,2705.105680317041
1780669540,19,POST,/api/book,5.800000,0.000000,300,430,520,580,750,1000,1200,1200,1200,1200,1200,584,0,160,279.07502587328355,123.87668100018345,1856.4926330000162,3381.9880136986303
1780669540,19,GET,/api/concerts,1.100000,0.000000,3,4,14,14,23,25,25,25,25,25,25,120,0,3,7.605680791668116,2.4800129999675846,97.99890500016772,753.0
1780669540,19,GET,/health,0.400000,0.000000,3,13,13,68,68,68,68,68,68,68,68,60,0,3,6.800261350031178,2.404785000180709,68.39536000006774,57.0
1780669540,19,,Aggregated,7.300000,0.000000,230,310,440,520,680,960,1200,1200,1200,1200,1200,764,0,140,215.05302681413573,2.404785000180709,1856.4926330000162,2707.9332460732985
1780669541,19,POST,/api/book,6.000000,0.000000,300,440,520,550,700,960,1200,1200,1200,1200,1200,591,0,170,279.58813711674685,123.87668100018345,1856.4926330000162,3382.015228426396
1780669541,19,GET,/api/concerts,1.000000,0.000000,3,3,14,23,25,25,25,25,25,25,25,120,0,3,7.605680791668116,2.4800129999675846,97.99890500016772,753.0
1780669541,19,GET,/health,0.300000,0.000000,13,13,68,68,68,68,68,68,68,68,68,60,0,3,6.800261350031178,2.404785000180709,68.39536000006774,57.0
1780669541,19,,Aggregated,7.300000,0.000000,230,320,470,520,680,960,1200,1200,1200,1200,1200,771,0,140,216.02760883527827,2.404785000180709,1856.4926330000162,2714.0739299610896
1780669542,19,POST,/api/book,6.200000,0.000000,310,510,580,640,800,960,1200,1200,1200,1200,1200,598,0,170,282.80297770735353,123.87668100018345,1856.4926330000162,3382.0200668896323
1780669542,19,GET,/api/concerts,1.100000,0.000000,7,14,20,23,25,25,25,25,25,25,25,122,0,3,7.703685049181495,2.4800129999675846,97.99890500016772,753.0
1780669542,19,GET,/health,0.400000,0.000000,13,13,37,37,68,68,68,68,68,68,68,62,0,3,7.220715564552584,2.404785000180709,68.39536000006774,57.0
1780669542,19,,Aggregated,7.700000,0.000000,230,430,520,580,750,960,1200,1200,1200,1200,1200,782,0,140,218.03544067774928,2.404785000180709,1856.4926330000162,2708.2455242966753
1780669543,19,POST,/api/book,5.900000,0.000000,340,510,620,670,800,960,1200,1200,1200,1200,1200,604,0,170,282.8182445595985,123.87668100018345,1856.4926330000162,3381.865894039735
1780669543,19,GET,/api/concerts,1.100000,0.000000,7,14,20,23,25,25,25,25,25,25,25,123,0,3,7.674711918701259,2.4800129999675846,97.99890500016772,753.0
1780669543,19,GET,/health,0.400000,0.000000,13,13,37,37,68,68,68,68,68,68,68,62,0,3,7.220715564552584,2.404785000180709,68.39536000006774,57.0
1780669543,19,,Aggregated,7.400000,0.000000,220,440,520,620,750,960,1200,1200,1200,1200,1200,789,0,140,218.26855975285193,2.404785000180709,1856.4926330000162,2710.773130544994
1780669544,19,POST,/api/book,6.300000,0.000000,280,460,550,640,750,930,1000,1200,1200,1200,1200,609,0,170,282.53688908045564,123.87668100018345,1856.4926330000162,3381.8045977011493
1780669544,19,GET,/api/concerts,1.000000,0.000000,7,14,20,23,25,25,25,25,25,25,25,124,0,3,7.637801241938383,2.4800129999675846,97.99890500016772,753.0
1780669544,19,GET,/health,0.500000,0.000000,36,37,37,68,68,68,68,68,68,68,68,63,0,3,7.676633269879641,2.404785000180709,68.39536000006774,57.0
1780669544,19,,Aggregated,7.800000,0.000000,210,340,510,580,700,930,1000,1200,1200,1200,1200,796,0,140,217.95939786432214,2.404785000180709,1856.4926330000162,2709.14824120603
1780669545,20,POST,/api/book,6.400000,0.000000,340,520,670,700,910,1000,1100,1200,1200,1200,1200,616,0,170,290.93365428408566,123.87668100018345,1856.4926330000162,3381.9529220779223
1780669545,20,GET,/api/concerts,1.000000,0.000000,4,7,20,20,23,46,46,46,46,46,46,127,0,3,7.870481748033323,2.4800129999675846,97.99890500016772,753.0
1780669545,20,GET,/health,0.600000,0.000000,36,37,68,68,83,83,83,83,83,83,83,65,0,3,8.761054830805593,2.404785000180709,83.25037499980681,57.0
1780669545,20,,Aggregated,8.000000,0.000000,210,460,550,640,860,960,1100,1200,1200,1200,1200,808,0,140,223.74276087252412,2.404785000180709,1856.4926330000162,2701.2611386138615
1780669546,20,POST,/api/book,6.400000,0.000000,340,550,670,700,910,1000,1100,1200,1200,1200,1200,620,0,170,290.0655122338651,123.87668100018345,1856.4926330000162,3381.9483870967742
1780669546,20,GET,/api/concerts,1.000000,0.000000,4,14,20,20,23,46,46,46,46,46,46,127,0,3,7.870481748033323,2.4800129999675846,97.99890500016772,753.0
1780669546,20,GET,/health,0.600000,0.000000,36,37,68,68,83,83,83,83,83,83,83,65,0,3,8.761054830805593,2.404785000180709,83.25037499980681,57.0
1780669546,20,,Aggregated,8.000000,0.000000,200,460,580,670,890,1000,1100,1200,1200,1200,1200,812,0,140,223.4108834125604,2.404785000180709,1856.4926330000162,2704.6108374384235
1780669547,20,POST,/api/book,6.500000,0.000000,330,520,680,700,930,1100,1100,1200,1200,1200,1200,625,0,170,289.88162972159336,123.87668100018345,1856.4926330000162,3381.992
1780669547,20,GET,/api/concerts,1.000000,0.000000,4,14,20,20,23,46,46,46,46,46,46,127,0,3,7.870481748033323,2.4800129999675846,97.99890500016772,753.0
1780669547,20,GET,/health,0.500000,0.000000,36,37,68,68,83,83,83,83,83,83,83,66,0,3,8.683534197003114,2.404785000180709,83.25037499980681,57.0
1780669547,20,,Aggregated,8.000000,0.000000,210,460,580,670,890,1000,1100,1200,1200,1200,1200,818,0,140,223.40914794009578,2.404785000180709,1856.4926330000162,2705.547677261614
1780669548,20,POST,/api/book,6.300000,0.000000,340,520,700,860,1000,1200,1300,1300,1300,1300,1300,632,0,170,293.90150312341103,123.87668100018345,1856.4926330000162,3381.9129746835442
1780669548,20,GET,/api/concerts,1.200000,0.000000,4,7,17,17,20,46,46,46,46,46,46,129,0,3,7.905123837207957,2.4800129999675846,97.99890500016772,753.0
1780669548,20,GET,/health,0.600000,0.000000,36,37,68,68,83,83,83,83,83,83,83,66,0,3,8.683534197003114,2.404785000180709,83.25037499980681,57.0
1780669548,20,,Aggregated,8.100000,0.000000,210,420,550,680,960,1100,1300,1300,1300,1300,1300,827,0,140,226.52796155501562,2.404785000180709,1856.4926330000162,2706.490931076179
1780669549,20,POST,/api/book,6.100000,0.000000,390,670,910,1000,1300,1700,1700,1800,1800,1800,1800,639,0,180,305.0739437934203,123.87668100018345,1856.4926330000162,3381.892018779343
1780669549,20,GET,/api/concerts,1.100000,0.000000,7,17,20,20,46,98,98,98,98,98,98,130,0,3,8.598132269228769,2.4800129999675846,97.99890500016772,753.0
1780669549,20,GET,/health,0.700000,0.000000,36,37,68,68,83,83,83,83,83,83,83,66,0,3,8.683534197003114,2.404785000180709,83.25037499980681,57.0
1780669549,20,,Aggregated,7.900000,0.000000,230,460,680,890,1200,1500,1700,1800,1800,1800,1800,835,0,140,235.48876710897918,2.404785000180709,1856.4926330000162,2709.797604790419
1780669550,21,POST,/api/book,6.000000,0.000000,390,620,910,1100,1200,1500,1700,1800,1800,1800,1800,649,0,190,307.90196970415366,123.87668100018345,1856.4926330000162,3381.842835130971
1780669550,21,GET,/api/concerts,1.100000,0.000000,7,17,20,46,98,98,98,98,98,98,98,130,0,3,8.598132269228769,2.4800129999675846,97.99890500016772,753.0
1780669550,21,GET,/health,0.700000,0.000000,19,36,37,37,83,83,83,83,83,83,83,67,0,3,8.839166746302405,2.404785000180709,83.25037499980681,57.0
1780669550,21,,Aggregated,7.800000,0.000000,230,460,700,910,1200,1300,1700,1800,1800,1800,1800,846,0,140,238.22501147162865,2.404785000180709,1856.4926330000162,2714.5685579196215
1780669551,21,POST,/api/book,6.000000,0.000000,330,700,930,1100,1200,1500,1700,1800,1800,1800,1800,653,0,180,306.9767914379726,123.87668100018345,1856.4926330000162,3381.739663093415
1780669551,21,GET,/api/concerts,1.200000,0.000000,4,17,20,46,98,98,98,98,98,98,98,130,0,3,8.598132269228769,2.4800129999675846,97.99890500016772,753.0
1780669551,21,GET,/health,0.700000,0.000000,4,19,36,36,83,83,83,83,83,83,83,68,0,3,8.74814860297674,2.404785000180709,83.25037499980681,57.0
1780669551,21,,Aggregated,7.900000,0.000000,210,400,840,930,1200,1500,1700,1800,1800,1800,1800,851,0,140,237.5657768613377,2.404785000180709,1856.4926330000162,2714.502937720329
1780669552,21,POST,/api/book,6.100000,0.000000,320,680,960,1100,1300,1500,1700,1800,1800,1800,1800,660,0,180,308.9628082121154,123.87668100018345,1856.4926330000162,3381.892424242424
1780669552,21,GET,/api/concerts,1.100000,0.000000,4,17,19,46,98,98,98,98,98,98,98,132,0,3,8.633568689388635,2.4800129999675846,97.99890500016772,753.0
1780669552,21,GET,/health,0.600000,0.000000,4,19,36,36,83,83,83,83,83,83,83,68,0,3,8.74814860297674,2.404785000180709,83.25037499980681,57.0
1780669552,21,,Aggregated,7.800000,0.000000,200,400,740,960,1200,1500,1700,1800,1800,1800,1800,860,0,140,239.12785882790465,2.404785000180709,1856.4926330000162,2715.489534883721
1780669553,21,POST,/api/book,6.600000,0.000000,350,890,1100,1200,1600,1700,1700,1800,1800,1800,1800,664,0,180,314.7784879337293,123.87668100018345,1856.4926330000162,3382.046686746988
1780669553,21,GET,/api/concerts,1.000000,0.000000,4,17,19,46,98,98,98,98,98,98,98,132,0,3,8.633568689388635,2.4800129999675846,97.99890500016772,753.0
1780669553,21,GET,/health,0.800000,0.000000,13,19,36,36,83,83,83,83,83,83,83,69,0,3,8.804601652205958,2.404785000180709,83.25037499980681,57.0
1780669553,21,,Aggregated,8.400000,0.000000,210,480,960,1100,1400,1700,1700,1800,1800,1800,1800,865,0,140,243.65325383699178,2.404785000180709,1856.4926330000162,2715.6161849710984
1780669554,21,POST,/api/book,6.300000,0.000000,700,1100,1200,1400,1800,2200,2400,2400,2400,2400,2400,678,0,190,335.0676066179888,123.87668100018345,2420.42857000024,3382.187315634218
1780669554,21,GET,/api/concerts,0.900000,0.000000,17,19,24,46,98,98,98,98,98,98,98,133,0,3,8.745481646611667,2.4800129999675846,97.99890500016772,753.0
1780669554,21,GET,/health,0.700000,0.000000,13,13,19,19,83,83,83,83,83,83,83,69,0,3,8.804601652205958,2.404785000180709,83.25037499980681,57.0
1780669554,21,,Aggregated,7.900000,0.000000,330,890,1100,1200,1700,2100,2400,2400,2400,2400,2400,880,0,140,260.16648165908873,2.404785000180709,2420.42857000024,2724.096590909091
1780669555,22,POST,/api/book,6.200000,0.000000,400,960,1300,1500,1800,2200,2400,2400,2400,2400,2400,680,0,190,334.7428508132294,123.87668100018345,2420.42857000024,3382.160294117647
1780669555,22,GET,/api/concerts,1.000000,0.000000,17,19,24,46,98,98,98,98,98,98,98,134,0,3,8.70132482088878,2.4800129999675846,97.99890500016772,753.0
1780669555,22,GET,/health,0.600000,0.000000,4,13,13,19,19,19,19,19,19,19,19,70,0,3,8.715001842886393,2.404785000180709,83.25037499980681,57.0
1780669555,22,,Aggregated,7.800000,0.000000,300,710,1200,1300,1700,2200,2400,2400,2400,2400,2400,884,0,140,259.5035816832548,2.404785000180709,2420.42857000024,2720.3178733031673
1780669556,22,POST,/api/book,6.100000,0.000000,480,1100,1300,1400,1800,2200,2400,2400,2400,2400,2400,686,0,190,337.216164148681,123.87668100018345,2420.42857000024,3381.9781341107873
1780669556,22,GET,/api/concerts,0.900000,0.000000,3,17,19,24,98,98,98,98,98,98,98,136,0,3,8.613038014696967,2.4800129999675846,97.99890500016772,753.0
1780669556,22,GET,/health,0.700000,0.000000,13,13,19,19,82,82,82,82,82,82,82,71,0,3,9.751238816931272,2.404785000180709,83.25037499980681,57.0
1780669556,22,,Aggregated,7.700000,0.000000,310,740,1200,1300,1700,2200,2400,2400,2400,2400,2400,893,0,140,261.13549802015257,2.404785000180709,2420.42857000024,2717.2362821948486
1780669557,22,POST,/api/book,7.000000,0.000000,710,1200,1400,1600,1800,2200,2400,2400,2400,2400,2400,693,0,200,344.89084641702226,123.87668100018345,2420.42857000024,3381.874458874459
1780669557,22,GET,/api/concerts,0.900000,0.000000,17,19,24,28,98,98,98,98,98,98,98,138,0,3,8.740819181148385,2.4800129999675846,97.99890500016772,753.0
1780669557,22,GET,/health,0.600000,0.000000,13,13,19,19,82,82,82,82,82,82,82,71,0,3,9.751238816931272,2.404785000180709,83.25037499980681,57.0
1780669557,22,,Aggregated,8.500000,0.000000,400,1100,1200,1400,1700,2100,2400,2400,2400,2400,2400,902,0,140,267.0819596119702,2.404785000180709,2420.42857000024,2717.960088691796
1780669558,22,POST,/api/book,6.500000,0.000000,700,1200,1400,1600,1800,2200,2400,2400,2400,2400,2400,704,0,200,351.546268606529,123.87668100018345,2420.42857000024,3381.921875
1780669558,22,GET,/api/concerts,0.700000,0.000000,7,24,27,27,28,98,98,98,98,98,98,140,0,3,8.830581185705862,2.4800129999675846,97.99890500016772,753.0
1780669558,22,GET,/health,0.500000,0.000000,13,19,19,82,82,82,82,82,82,82,82,71,0,3,9.751238816931272,2.404785000180709,83.25037499980681,57.0
1780669558,22,,Aggregated,7.700000,0.000000,480,900,1200,1400,1700,2100,2400,2400,2400,2400,2400,915,0,140,272.58709554207377,2.404785000180709,2420.42857000024,2721.6830601092897
1780669559,22,POST,/api/book,6.800000,0.000000,570,860,1200,1300,1700,2200,2400,2400,2400,2400,2400,712,0,200,349.98639749437785,123.87668100018345,2420.42857000024,3381.9887640449438
1780669559,22,GET,/api/concerts,0.900000,0.000000,7,24,27,27,28,98,98,98,98,98,98,142,0,3,8.912759697177279,2.4800129999675846,97.99890500016772,753.0
1780669559,22,GET,/health,0.500000,0.000000,19,19,33,33,82,82,82,82,82,82,82,72,0,3,10.070875888920405,2.404785000180709,83.25037499980681,57.0
1780669559,22,,Aggregated,8.200000,0.000000,300,700,1100,1200,1700,2100,2400,2400,2400,2400,2400,926,0,140,271.25381204859457,2.404785000180709,2420.42857000024,2720.3088552915765
1780669560,23,POST,/api/book,6.800000,0.000000,570,860,1200,1400,1800,2200,2400,2400,2400,2400,2400,716,0,200,350.05711154748224,123.87668100018345,2420.42857000024,3381.9371508379886
1780669560,23,GET,/api/concerts,1.000000,0.000000,7,24,27,27,28,56,56,56,56,56,56,144,0,3,9.196286284716532,2.4800129999675846,97.99890500016772,753.0
1780669560,23,GET,/health,0.500000,0.000000,19,19,33,33,82,82,82,82,82,82,82,72,0,3,10.070875888920405,2.404785000180709,83.25037499980681,57.0
1780669560,23,,Aggregated,8.300000,0.000000,300,700,1100,1200,1700,2100,2400,2400,2400,2400,2400,932,0,140,271.12688858047085,2.404785000180709,2420.42857000024,2718.887339055794
1780669561,23,POST,/api/book,7.200000,0.000000,490,860,1200,1400,1800,2200,2400,2400,2400,2400,2400,720,0,200,349.63167652360704,123.87668100018345,2420.42857000024,3381.9083333333333
1780669561,23,GET,/api/concerts,1.100000,0.000000,7,24,27,27,28,56,56,56,56,56,56,144,0,3,9.196286284716532,2.4800129999675846,97.99890500016772,753.0
1780669561,23,GET,/health,0.500000,0.000000,33,43,43,82,82,82,82,82,82,82,82,73,0,3,10.520983972639119,2.404785000180709,83.25037499980681,57.0
1780669561,23,,Aggregated,8.800000,0.000000,300,600,1100,1200,1700,2100,2400,2400,2400,2400,2400,937,0,140,270.89338756883564,2.404785000180709,2420.42857000024,2718.854855923159
1780669562,23,POST,/api/book,7.200000,0.000000,600,1100,1300,1600,1800,2200,2400,2400,2400,2400,2400,724,0,200,353.44452166574234,123.87668100018345,2420.42857000024,3382.00138121547
1780669562,23,GET,/api/concerts,1.300000,0.000000,7,24,27,27,28,56,56,56,56,56,56,144,0,3,9.196286284716532,2.4800129999675846,97.99890500016772,753.0
1780669562,23,GET,/health,0.600000,0.000000,33,43,43,82,82,82,82,82,82,82,82,73,0,3,10.520983972639119,2.404785000180709,83.25037499980681,57.0
1780669562,23,,Aggregated,9.100000,0.000000,300,700,1100,1300,1700,2100,2400,2400,2400,2400,2400,941,0,140,274.1616692252916,2.404785000180709,2420.42857000024,2721.7449521785334
1780669563,23,POST,/api/book,6.600000,0.000000,600,1100,1600,1800,2200,2600,2900,3100,3100,3100,3100,736,0,210,376.2348866535287,123.87668100018345,3079.6920749999117,3382.125
1780669563,23,GET,/api/concerts,1.400000,0.000000,7,27,27,28,29,56,56,56,56,56,56,145,0,3,9.334202799994994,2.4800129999675846,97.99890500016772,753.0
1780669563,23,GET,/health,0.400000,0.000000,33,43,43,82,82,82,82,82,82,82,82,73,0,3,10.520983972639119,2.404785000180709,83.25037499980681,57.0
1780669563,23,,Aggregated,8.400000,0.000000,310,730,1300,1600,2200,2600,2900,3100,3100,3100,3100,954,0,140,292.4846622777769,2.404785000180709,3079.6920749999117,2728.0817610062895
1780669564,23,POST,/api/book,6.500000,0.000000,520,1100,1400,1700,2200,2800,2900,3100,3100,3100,3100,745,0,210,385.0316120845597,123.87668100018345,3079.6920749999117,3382.087248322148
1780669564,23,GET,/api/concerts,1.400000,0.000000,7,27,28,28,29,56,56,56,56,56,56,145,0,3,9.334202799994994,2.4800129999675846,97.99890500016772,753.0
1780669564,23,GET,/health,0.500000,0.000000,33,33,43,43,82,82,82,82,82,82,82,75,0,3,10.314926306697695,2.404785000180709,83.25037499980681,57.0
1780669564,23,,Aggregated,8.400000,0.000000,300,630,1200,1400,2200,2600,2900,3100,3100,3100,3100,965,0,140,299.45661127668257,2.404785000180709,3079.6920749999117,2728.6165803108806
1780669565,24,POST,/api/book,6.600000,0.000000,490,1100,1400,1700,2200,2800,2900,3100,3100,3100,3100,749,0,210,383.7877589572718,123.87668100018345,3079.6920749999117,3382.0934579439254
1780669565,24,GET,/api/concerts,1.200000,0.000000,7,27,28,28,29,56,56,56,56,56,56,146,0,3,9.320495486298107,2.4800129999675846,97.99890500016772,753.0
1780669565,24,GET,/health,0.500000,0.000000,33,43,43,82,82,82,82,82,82,82,82,75,0,3,10.314926306697695,2.404785000180709,83.25037499980681,57.0
1780669565,24,,Aggregated,8.300000,0.000000,290,630,1200,1400,2200,2600,2900,3100,3100,3100,3100,970,0,140,298.5478796628851,2.404785000180709,3079.6920749999117,2729.279381443299
1780669566,24,POST,/api/book,7.200000,0.000000,440,1000,1400,1700,2200,2800,2900,3100,3100,3100,3100,755,0,210,385.01653459602187,123.87668100018345,3079.6920749999117,3382.234437086093
1780669566,24,GET,/api/concerts,1.300000,0.000000,27,28,29,29,56,150,150,150,150,150,150,147,0,3,10.306507047615781,2.4800129999675846,154.2641949999961,753.0
1780669566,24,GET,/health,0.400000,0.000000,33,43,43,82,82,82,82,82,82,82,82,75,0,3,10.314926306697695,2.404785000180709,83.25037499980681,57.0
1780669566,24,,Aggregated,8.900000,0.000000,290,600,1100,1400,2200,2600,2900,3100,3100,3100,3100,977,0,140,299.87324424667196,2.404785000180709,3079.6920749999117,2731.374616171955
1780669567,24,POST,/api/book,6.600000,0.000000,430,640,1300,1700,2200,2800,2900,3100,3100,3100,3100,759,0,210,387.50652611462004,123.87668100018345,3079.6920749999117,3382.255599472991
1780669567,24,GET,/api/concerts,1.200000,0.000000,27,27,29,56,150,150,150,150,150,150,150,148,0,3,10.255549952698612,2.4800129999675846,154.2641949999961,753.0
1780669567,24,GET,/health,0.600000,0.000000,33,33,43,43,43,43,43,43,43,43,43,75,0,3,10.314926306697695,2.404785000180709,83.25037499980681,57.0
1780669567,24,,Aggregated,8.400000,0.000000,260,520,1000,1300,2200,2800,2900,3100,3100,3100,3100,982,0,140,301.84205110692307,2.404785000180709,3079.6920749999117,2732.0274949083505
1780669568,24,POST,/api/book,6.900000,0.000000,300,1400,2000,2100,2300,2800,2900,3100,3100,3100,3100,772,0,210,405.36839990414103,123.87668100018345,3079.6920749999117,3382.3834196891194
1780669568,24,GET,/api/concerts,1.200000,0.000000,27,29,56,56,150,150,150,150,150,150,150,148,0,3,10.255549952698612,2.4800129999675846,154.2641949999961,753.0
1780669568,24,GET,/health,0.500000,0.000000,33,33,43,43,43,43,43,43,43,43,43,75,0,3,10.314926306697695,2.404785000180709,83.25037499980681,57.0
1780669568,24,,Aggregated,8.600000,0.000000,220,1000,1800,2000,2200,2800,2900,3100,3100,3100,3100,995,0,140,316.8199453185917,2.404785000180709,3079.6920749999117,2740.622110552764
1780669569,24,POST,/api/book,6.700000,0.000000,640,1400,2000,2100,2300,2800,2900,3100,3100,3100,3100,780,0,210,407.19350058461157,123.87668100018345,3079.6920749999117,3382.479487179487
1780669569,24,GET,/api/concerts,1.100000,0.000000,29,56,56,150,150,150,150,150,150,150,150,148,0,3,10.255549952698612,2.4800129999675846,154.2641949999961,753.0
1780669569,24,GET,/health,0.400000,0.000000,33,33,43,43,43,43,43,43,43,43,43,75,0,3,10.314926306697695,2.404785000180709,83.25037499980681,57.0
1780669569,24,,Aggregated,8.200000,0.000000,440,1300,1900,2000,2200,2800,2900,3100,3100,3100,3100,1003,0,140,318.9455347178453,2.404785000180709,3079.6920749999117,2745.81555333998
1780669570,25,POST,/api/book,6.500000,0.000000,510,1300,1900,2000,2200,2800,2900,3100,3100,3100,3100,789,0,210,406.58204634473594,123.87668100018345,3079.6920749999117,3382.3929024081117
1780669570,25,GET,/api/concerts,1.000000,0.000000,29,29,56,56,150,150,150,150,150,150,150,149,0,3,10.20405007382322,2.4800129999675846,154.2641949999961,753.0
1780669570,25,GET,/health,0.400000,0.000000,3,3,3,43,43,43,43,43,43,43,43,77,0,3,10.126319350683254,2.404785000180709,83.25037499980681,57.0
1780669570,25,,Aggregated,7.900000,0.000000,220,1000,1700,2000,2200,2600,2900,3100,3100,3100,3100,1015,0,140,318.3185858295558,2.404785000180709,3079.6920749999117,2744.1320197044333
1780669571,25,POST,/api/book,6.800000,0.000000,610,1000,1800,2000,2200,2800,2900,3100,3100,3100,3100,798,0,210,407.25589671803993,123.87668100018345,3079.6920749999117,3382.3295739348373
1780669571,25,GET,/api/concerts,0.800000,0.000000,7,29,55,55,150,150,150,150,150,150,150,151,0,3,10.453596357615274,2.4800129999675846,154.2641949999961,753.0
1780669571,25,GET,/health,0.400000,0.000000,3,3,3,43,43,43,43,43,43,43,43,77,0,3,10.126319350683254,2.404785000180709,83.25037499980681,57.0
1780669571,25,,Aggregated,8.000000,0.000000,310,910,1600,1900,2200,2600,2900,3100,3100,3100,3100,1026,0,140,319.0530460243651,2.404785000180709,3079.6920749999117,2745.800194931774
1780669572,25,POST,/api/book,6.800000,0.000000,540,1000,1700,2000,2200,2800,2900,3100,3100,3100,3100,805,0,210,408.73227927577113,123.87668100018345,3079.6920749999117,3382.3950310559007
1780669572,25,GET,/api/concerts,0.500000,0.000000,29,55,58,58,150,150,150,150,150,150,150,152,0,3,10.769641361841758,2.4800129999675846,154.2641949999961,753.0
1780669572,25,GET,/health,0.300000,0.000000,3,3,3,3,3,3,3,3,3,3,3,77,0,3,10.126319350683254,2.404785000180709,83.25037499980681,57.0
1780669572,25,,Aggregated,7.600000,0.000000,310,890,1300,1800,2200,2600,2900,3100,3100,3100,3100,1034,0,140,320.54757920115907,2.404785000180709,3079.6920749999117,2748.2330754352033
1780669573,25,POST,/api/book,7.400000,0.000000,370,750,960,1000,2000,2200,2300,2800,2800,2800,2800,815,0,210,406.78325206870625,120.82098800010499,3079.6920749999117,3382.4969325153374
1780669573,25,GET,/api/concerts,0.500000,0.000000,29,42,55,58,150,150,150,150,150,150,150,153,0,3,10.975700901962542,2.4800129999675846,154.2641949999961,753.0
1780669573,25,GET,/health,0.500000,0.000000,3,3,3,3,3,3,3,3,3,3,3,78,0,3,10.029522653877184,2.404785000180709,83.25037499980681,57.0
1780669573,25,,Aggregated,8.400000,0.000000,210,610,890,1000,1900,2100,2300,2800,2800,2800,2800,1046,0,140,319.30204153059134,2.404785000180709,3079.6920749999117,2749.8948374760994
1780669574,25,POST,/api/book,7.800000,0.000000,380,700,840,960,1900,2100,2200,2300,2300,2300,2300,825,0,210,408.0562573139344,120.82098800010499,3079.6920749999117,3382.347878787879
1780669574,25,GET,/api/concerts,0.700000,0.000000,13,25,55,55,58,150,150,150,150,150,150,157,0,3,10.977973980895692,2.4800129999675846,154.2641949999961,753.0
1780669574,25,GET,/health,0.400000,0.000000,3,3,3,3,3,3,3,3,3,3,3,78,0,3,10.029522653877184,2.404785000180709,83.25037499980681,57.0
1780669574,25,,Aggregated,8.900000,0.000000,210,610,780,890,1700,2000,2200,2300,2300,2300,2300,1060,0,140,319.9549594018859,2.404785000180709,3079.6920749999117,2748.211320754717
1780669575,26,POST,/api/book,7.900000,0.000000,390,750,840,960,1900,2100,2200,2300,2300,2300,2300,827,0,210,407.3994101076122,120.82098800010499,3079.6920749999117,3382.3022974607015
1780669575,26,GET,/api/concerts,0.800000,0.000000,13,25,55,55,58,150,150,150,150,150,150,158,0,3,10.95122004430835,2.4800129999675846,154.2641949999961,753.0
1780669575,26,GET,/health,0.400000,0.000000,3,3,3,3,3,3,3,3,3,3,3,79,0,3,9.938872898762579,2.404785000180709,83.25037499980681,57.0
1780669575,26,,Aggregated,9.100000,0.000000,210,610,780,890,1700,2000,2200,2300,2300,2300,2300,1064,0,140,319.0176465084571,2.404785000180709,3079.6920749999117,2744.9633458646617
1780669576,26,POST,/api/book,7.900000,0.000000,370,690,820,890,1900,2100,2200,2300,2300,2300,2300,832,0,210,406.2164875240321,120.82098800010499,3079.6920749999117,3382.3521634615386
1780669576,26,GET,/api/concerts,0.800000,0.000000,7,25,42,55,58,73,73,73,73,73,73,160,0,3,11.29659126250715,2.4800129999675846,154.2641949999961,753.0
1780669576,26,GET,/health,0.500000,0.000000,3,3,3,3,40,40,40,40,40,40,40,81,0,3,10.216784567934088,2.404785000180709,83.25037499980681,57.0
1780669576,26,,Aggregated,9.200000,0.000000,160,540,760,820,1700,2000,2200,2300,2300,2300,2300,1073,0,140,317.43441917241256,2.404785000180709,3079.6920749999117,2739.2488350419385
1780669577,26,POST,/api/book,8.000000,0.000000,380,700,840,960,1900,2100,2200,2300,2300,2300,2300,839,0,210,410.21726284504814,120.82098800010499,3079.6920749999117,3382.3778307508937
1780669577,26,GET,/api/concerts,1.200000,0.000000,7,25,42,55,58,73,73,73,73,73,73,161,0,3,11.242485285721662,2.4800129999675846,154.2641949999961,753.0
1780669577,26,GET,/health,0.300000,0.000000,3,3,3,3,40,40,40,40,40,40,40,81,0,3,10.216784567934088,2.404785000180709,83.25037499980681,57.0
1780669577,26,,Aggregated,9.500000,0.000000,200,550,770,840,1800,2000,2200,2300,2300,2300,2300,1081,0,140,320.82320370767746,2.404785000180709,3079.6920749999117,2741.595744680851
1780669578,26,POST,/api/book,7.800000,0.000000,380,720,840,910,1500,1800,1900,2200,2200,2200,2200,851,0,210,421.89919885075835,120.82098800010499,3079.6920749999117,3382.397179788484
1780669578,26,GET,/api/concerts,1.200000,0.000000,7,25,42,55,58,73,73,73,73,73,73,162,0,3,11.189417796304266,2.4800129999675846,154.2641949999961,753.0
1780669578,26,GET,/health,0.400000,0.000000,3,3,3,3,40,40,40,40,40,40,40,81,0,3,10.216784567934088,2.404785000180709,83.25037499980681,57.0
1780669578,26,,Aggregated,9.400000,0.000000,200,550,760,840,1300,1700,1900,2200,2200,2200,2200,1094,0,140,330.60005800274166,2.404785000180709,3079.6920749999117,2746.821755027422
1780669579,26,POST,/api/book,7.700000,0.000000,370,610,770,890,1400,1700,1900,2200,2200,2200,2200,863,0,210,421.83576582154717,120.82098800010499,3079.6920749999117,3382.2734646581694
1780669579,26,GET,/api/concerts,1.300000,0.000000,7,25,42,55,58,73,73,73,73,73,73,162,0,3,11.189417796304266,2.4800129999675846,154.2641949999961,753.0
1780669579,26,GET,/health,0.600000,0.000000,3,3,3,3,40,40,40,40,40,40,40,81,0,3,10.216784567934088,2.404785000180709,83.25037499980681,57.0
1780669579,26,,Aggregated,9.600000,0.000000,200,450,700,770,1300,1700,1800,1900,2200,2200,2200,1106,0,140,331.54114931012595,2.404785000180709,3079.6920749999117,2753.6211573236887
1780669580,27,POST,/api/book,8.100000,0.000000,370,640,810,890,1500,1800,1900,2200,2200,2200,2200,870,0,210,421.6644870517183,120.82098800010499,3079.6920749999117,3382.2816091954023
1780669580,27,GET,/api/concerts,1.300000,0.000000,13,25,42,55,58,73,73,73,73,73,73,164,0,3,11.336315695128112,2.4800129999675846,154.2641949999961,753.0
1780669580,27,GET,/health,0.600000,0.000000,3,3,5,5,40,40,40,40,40,40,40,82,0,3,10.15608832929546,2.404785000180709,83.25037499980681,57.0
1780669580,27,,Aggregated,10.000000,0.000000,230,510,740,810,1300,1700,1900,2200,2200,2200,2200,1116,0,140,331.1290849032243,2.404785000180709,3079.6920749999117,2751.5689964157705
1780669581,27,POST,/api/book,7.900000,0.000000,360,700,810,890,1400,1700,1900,2200,2200,2200,2200,879,0,210,423.5218214493688,120.82098800010499,3079.6920749999117,3382.2013651877132
1780669581,27,GET,/api/concerts,1.400000,0.000000,13,25,36,42,58,73,73,73,73,73,73,166,0,3,11.436226222899512,2.4800129999675846,154.2641949999961,753.0
1780669581,27,GET,/health,0.600000,0.000000,5,9,11,11,40,40,40,40,40,40,40,84,0,3,10.151541892880578,2.404785000180709,83.25037499980681,57.0
1780669581,27,,Aggregated,9.900000,0.000000,160,510,740,810,1300,1700,1800,1900,2200,2200,2200,1129,0,140,332.1761064003531,2.404785000180709,3079.6920749999117,2748.2205491585473
1780669582,27,POST,/api/book,8.300000,0.000000,370,740,830,970,1400,1700,1900,2200,2200,2200,2200,886,0,220,426.23948996387713,120.82098800010499,3079.6920749999117,3382.160270880361
1780669582,27,GET,/api/concerts,1.400000,0.000000,7,19,28,28,42,73,73,73,73,73,73,168,0,3,11.339240958342263,2.4800129999675846,154.2641949999961,753.0
1780669582,27,GET,/health,0.600000,0.000000,5,9,11,11,40,40,40,40,40,40,40,84,0,3,10.151541892880578,2.404785000180709,83.25037499980681,57.0
1780669582,27,,Aggregated,10.300000,0.000000,160,510,760,830,1300,1700,1800,1900,2200,2200,2200,1138,0,140,334.2758436801395,2.404785000180709,3079.6920749999117,2748.581722319859
1780669583,27,POST,/api/book,8.000000,0.000000,370,750,840,1200,1500,1800,1900,2200,2200,2200,2200,893,0,220,424.7850595352698,120.82098800010499,3079.6920749999117,3382.1713325867863
1780669583,27,GET,/api/concerts,1.500000,0.000000,4,13,19,25,36,73,73,73,73,73,73,170,0,3,11.276029423537265,2.3786669999026344,154.2641949999961,753.0
1780669583,27,GET,/health,0.600000,0.000000,5,9,11,11,40,40,40,40,40,40,40,84,0,3,10.151541892880578,2.404785000180709,83.25037499980681,57.0
1780669583,27,,Aggregated,10.100000,0.000000,200,460,790,840,1400,1700,1900,2200,2200,2200,2200,1147,0,140,333.13226912467246,2.3786669999026344,3079.6920749999117,2748.9773321708803
1780669584,27,POST,/api/book,8.200000,0.000000,390,790,940,1200,1500,1800,1900,2200,2200,2200,2200,902,0,220,426.9878031241632,120.82098800010499,3079.6920749999117,3382.161862527716
1780669584,27,GET,/api/concerts,1.500000,0.000000,4,10,28,28,36,73,73,73,73,73,73,173,0,3,11.3197602716833,2.3786669999026344,154.2641949999961,753.0
1780669584,27,GET,/health,0.700000,0.000000,5,9,11,11,40,40,40,40,40,40,40,86,0,3,9.996132639560868,2.404785000180709,83.25037499980681,57.0
1780669584,27,,Aggregated,10.400000,0.000000,200,460,800,900,1300,1700,1800,1900,2200,2200,2200,1161,0,140,334.1610545667518,2.3786669999026344,3079.6920749999117,2744.083548664944
1780669585,28,POST,/api/book,8.200000,0.000000,450,830,1000,1200,1400,1700,1900,2200,2200,2200,2200,909,0,220,429.6784473036239,120.82098800010499,3079.6920749999117,3382.1870187018703
1780669585,28,GET,/api/concerts,1.600000,0.000000,4,10,19,28,36,73,73,73,73,73,73,175,0,3,11.233127982863412,2.3786669999026344,154.2641949999961,753.0
1780669585,28,GET,/health,0.700000,0.000000,5,9,10,11,40,40,40,40,40,40,40,89,0,3,9.8781656404733,2.404785000180709,83.25037499980681,57.0
1780669585,28,,Aggregated,10.500000,0.000000,250,600,850,970,1300,1700,1800,1900,2200,2200,2200,1173,0,140,335.39868946120845,2.3786669999026344,3079.6920749999117,2737.6436487638534
1780669586,28,POST,/api/book,7.800000,0.000000,520,880,1000,1200,1400,1700,1900,2200,2200,2200,2200,917,0,220,431.5525527022838,120.82098800010499,3079.6920749999117,3382.1657579062157
1780669586,28,GET,/api/concerts,1.700000,0.000000,4,19,27,28,36,36,36,36,36,36,36,177,0,3,11.459253237296,2.3786669999026344,154.2641949999961,753.0
1780669586,28,GET,/health,0.600000,0.000000,5,10,11,11,21,40,40,40,40,40,40,90,0,3,9.99993533335631,2.404785000180709,83.25037499980681,57.0
1780669586,28,,Aggregated,10.100000,0.000000,290,730,890,1000,1300,1700,1800,1900,2200,2200,2200,1184,0,140,336.70774732347786,2.3786669999026344,3079.6920749999117,2736.3657094594596
1780669587,28,POST,/api/book,7.700000,0.000000,450,800,940,1000,1400,1700,1900,2200,2200,2200,2200,927,0,220,430.6834635814379,120.82098800010499,3079.6920749999117,3382.0431499460624
1780669587,28,GET,/api/concerts,1.600000,0.000000,5,18,27,28,36,36,36,36,36,36,36,179,0,3,11.447628564251088,2.3786669999026344,154.2641949999961,753.0
1780669587,28,GET,/health,0.800000,0.000000,5,10,11,11,21,40,40,40,40,40,40,90,0,3,9.99993533335631,2.404785000180709,83.25037499980681,57.0
1780669587,28,,Aggregated,10.100000,0.000000,270,590,810,900,1200,1600,1800,1900,2200,2200,2200,1196,0,140,336.28151373996326,2.3786669999026344,3079.6920749999117,2738.353678929766
1780669588,28,POST,/api/book,8.100000,0.000000,440,720,830,900,1100,1200,1400,1400,1400,1400,1400,936,0,220,431.3523127403773,120.82098800010499,3079.6920749999117,3382.0010683760684
1780669588,28,GET,/api/concerts,1.700000,0.000000,5,19,28,35,36,42,42,42,42,42,42,180,0,3,11.614782983338046,2.3786669999026344,154.2641949999961,753.0
1780669588,28,GET,/health,1.000000,0.000000,5,9,10,11,21,21,21,21,21,21,21,90,0,3,9.99993533335631,2.404785000180709,83.25037499980681,57.0
1780669588,28,,Aggregated,10.800000,0.000000,230,460,730,810,1000,1100,1300,1400,1400,1400,1400,1206,0,140,337.2607129701462,2.3786669999026344,3079.6920749999117,2741.478441127695
1780669589,28,POST,/api/book,8.500000,0.000000,470,800,890,960,1100,1300,1400,1400,1400,1400,1400,941,0,220,433.98257163973864,120.82098800010499,3079.6920749999117,3382.1296493092455
1780669589,28,GET,/api/concerts,1.700000,0.000000,10,19,28,35,36,42,64,64,64,64,64,183,0,3,11.843628989074125,2.3786669999026344,154.2641949999961,753.0
1780669589,28,GET,/health,0.900000,0.000000,5,9,10,11,21,21,21,21,21,21,21,91,0,3,9.918492153866572,2.404785000180709,83.25037499980681,57.0
1780669589,28,,Aggregated,11.100000,0.000000,180,520,790,860,1100,1200,1300,1400,1400,1400,1400,1215,0,140,338.6399726781866,2.3786669999026344,3079.6920749999117,2737.0946502057614
1780669590,29,POST,/api/book,8.700000,0.000000,480,790,880,940,1100,1100,1300,1400,1400,1400,1400,951,0,230,434.4752440010451,120.82098800010499,3079.6920749999117,3382.2208201892745
1780669590,29,GET,/api/concerts,1.800000,0.000000,5,18,27,35,42,64,64,64,64,64,64,183,0,3,11.843628989074125,2.3786669999026344,154.2641949999961,753.0
1780669590,29,GET,/health,0.900000,0.000000,5,9,10,21,21,21,21,21,21,21,21,92,0,3,10.037000532629067,2.404785000180709,83.25037499980681,57.0
1780669590,29,,Aggregated,11.400000,0.000000,270,560,790,850,1000,1100,1300,1400,1400,1400,1400,1226,0,140,339.54057520309675,2.3786669999026344,3079.6920749999117,2740.2406199021207
1780669592,29,POST,/api/book,8.500000,0.000000,470,790,900,1000,1100,1400,1500,1500,1500,1500,1500,958,0,230,437.59263631523373,120.82098800010499,3079.6920749999117,3382.21503131524
1780669592,29,GET,/api/concerts,1.800000,0.000000,10,27,36,36,64,280,280,280,280,280,280,184,0,3,13.312107597829728,2.3786669999026344,282.0436930001051,753.0
1780669592,29,GET,/health,0.900000,0.000000,10,10,21,21,270,270,270,270,270,270,270,94,0,3,12.83970297874398,2.404785000180709,273.5818549999749,57.0
1780669592,29,,Aggregated,11.200000,0.000000,270,560,790,880,1100,1300,1500,1500,1500,1500,1500,1236,0,150,342.12791704530486,2.3786669999026344,3079.6920749999117,2737.9223300970875
1780669593,29,POST,/api/book,7.800000,0.000000,560,860,1000,1100,1300,1500,1600,1700,1700,1700,1700,970,0,230,441.7474566381383,120.82098800010499,3079.6920749999117,3382.2041237113403
1780669593,29,GET,/api/concerts,2.100000,0.000000,5,27,35,36,64,280,280,280,280,280,280,187,0,3,13.144911518722855,2.3786669999026344,282.0436930001051,753.0
1780669593,29,GET,/health,1.000000,0.000000,10,10,21,21,270,270,270,270,270,270,270,94,0,3,12.83970297874398,2.404785000180709,273.5818549999749,57.0
1780669593,29,,Aggregated,10.900000,0.000000,280,590,860,960,1200,1400,1500,1600,1700,1700,1700,1251,0,150,345.45168942685655,2.3786669999026344,3079.6920749999117,2739.334132693845
1780669594,29,POST,/api/book,8.100000,0.000000,480,770,960,1100,1300,1500,1600,1700,1700,1700,1700,976,0,230,441.8348363842152,120.82098800010499,3079.6920749999117,3382.2038934426228
1780669594,29,GET,/api/concerts,1.900000,0.000000,10,27,36,42,64,280,280,280,280,280,280,187,0,3,13.144911518722855,2.3786669999026344,282.0436930001051,753.0
1780669594,29,GET,/health,0.900000,0.000000,10,21,21,21,270,270,270,270,270,270,270,94,0,3,12.83970297874398,2.404785000180709,273.5818549999749,57.0
1780669594,29,,Aggregated,10.900000,0.000000,340,580,820,960,1200,1500,1600,1700,1700,1700,1700,1257,0,150,345.9791812609367,2.3786669999026344,3079.6920749999117,2742.4025457438347
1780669595,29,POST,/api/book,7.800000,0.000000,470,720,860,1000,1300,1500,1600,1700,1700,1700,1700,986,0,230,441.67209304056166,120.82098800010499,3079.6920749999117,3382.1247464503044
1780669595,29,GET,/api/concerts,1.800000,0.000000,18,27,42,42,64,280,280,280,280,280,280,187,0,3,13.144911518722855,2.3786669999026344,282.0436930001051,753.0
1780669595,29,GET,/health,1.000000,0.000000,21,21,21,21,270,270,270,270,270,270,270,95,0,3,12.73601902107418,2.404785000180709,273.5818549999749,57.0
1780669595,29,,Aggregated,10.600000,0.000000,310,530,770,900,1200,1500,1600,1700,1700,1700,1700,1268,0,150,346.33809463643325,2.3786669999026344,3079.6920749999117,2745.268927444795
1780669596,30,POST,/api/book,8.300000,0.000000,470,730,960,1200,1500,1700,2000,2000,2000,2000,2000,996,0,230,448.4060542991903,120.82098800010499,3079.6920749999117,3382.0210843373493
1780669596,30,GET,/api/concerts,1.900000,0.000000,10,18,42,64,280,280,280,280,280,280,280,187,0,3,13.144911518722855,2.3786669999026344,282.0436930001051,753.0
1780669596,30,GET,/health,1.000000,0.000000,10,21,21,21,270,270,270,270,270,270,270,96,0,3,12.636924312521577,2.404785000180709,273.5818549999749,57.0
1780669596,30,,Aggregated,11.200000,0.000000,310,560,820,1000,1500,1600,2000,2000,2000,2000,2000,1279,0,150,352.05916596559587,2.3786669999026344,3079.6920749999117,2748.0656763096167
1780669597,30,POST,/api/book,8.200000,0.000000,480,820,1200,1400,1600,2000,2300,2500,2500,2500,2500,1005,0,230,452.70861143481955,119.1100579999329,3079.6920749999117,3381.7820895522386
1780669597,30,GET,/api/concerts,1.700000,0.000000,3,10,42,64,280,280,280,280,280,280,280,188,0,3,13.088687468093378,2.3786669999026344,282.0436930001051,753.0
1780669597,30,GET,/health,1.000000,0.000000,10,21,80,80,270,270,270,270,270,270,270,97,0,3,13.330999587651604,2.404785000180709,273.5818549999749,57.0
1780669597,30,,Aggregated,10.900000,0.000000,350,720,960,1200,1500,2000,2300,2500,2500,2500,2500,1290,0,150,355.60149976433934,2.3786669999026344,3079.6920749999117,2748.6697674418606
1780669598,30,POST,/api/book,8.400000,0.000000,490,960,1300,1500,2000,2500,2900,2900,2900,2900,2900,1019,0,240,462.84794399999396,119.1100579999329,3079.6920749999117,3381.891069676153
1780669598,30,GET,/api/concerts,1.400000,0.000000,3,10,28,28,64,280,280,280,280,280,280,191,0,3,13.075609251317049,2.3786669999026344,282.0436930001051,753.0
1780669598,30,GET,/health,0.900000,0.000000,10,21,80,80,270,270,270,270,270,270,270,97,0,3,13.330999587651604,2.404785000180709,273.5818549999749,57.0
1780669598,30,,Aggregated,10.700000,0.000000,350,730,1100,1300,1700,2300,2700,2900,2900,2900,2900,1307,0,150,363.7586865057367,2.3786669999026344,3079.6920749999117,2750.9556235654168
1780669599,30,POST,/api/book,8.700000,0.000000,420,770,1200,1400,2000,2500,2900,2900,2900,2900,2900,1028,0,230,460.9403111896826,119.1100579999329,3079.6920749999117,3382.0865758754862
1780669599,30,GET,/api/concerts,1.200000,0.000000,3,10,28,28,64,280,280,280,280,280,280,191,0,3,13.075609251317049,2.3786669999026344,282.0436930001051,753.0
1780669599,30,GET,/health,0.700000,0.000000,21,28,80,80,270,270,270,270,270,270,270,98,0,3,13.48415258165432,2.404785000180709,273.5818549999749,57.0
1780669599,30,,Aggregated,10.600000,0.000000,300,530,1000,1300,1700,2300,2700,2900,2900,2900,2900,1317,0,150,362.692124694759,2.3786669999026344,3079.6920749999117,2753.3743356112377
1780669600,30,POST,/api/book,9.200000,0.000000,360,560,1200,1400,2000,2500,2900,2900,2900,2900,2900,1040,0,240,459.1616298932625,119.1100579999329,3079.6920749999117,3382.0009615384615
1780669600,30,GET,/api/concerts,1.200000,0.000000,3,6,7,9,28,280,280,280,280,280,280,196,0,3,12.871890260213354,2.3786669999026344,282.0436930001051,753.0
1780669600,30,GET,/health,0.700000,0.000000,10,28,32,80,270,270,270,270,270,270,270,101,0,3,13.52257248516811,2.404785000180709,273.5818549999749,57.0
1780669600,30,,Aggregated,11.100000,0.000000,280,470,770,1200,1600,2300,2700,2900,2900,2900,2900,1337,0,150,360.07237501944434,2.3786669999026344,3079.6920749999117,2745.4195961106957
1780669601,31,POST,/api/book,9.200000,0.000000,350,530,1100,1300,2000,2500,2900,2900,2900,2900,2900,1043,0,240,458.3868660440963,116.49100199974782,3079.6920749999117,3382.0373921380633
1780669601,31,GET,/api/concerts,1.200000,0.000000,3,4,6,7,9,28,28,28,28,28,28,198,0,3,12.773166520209905,2.3786669999026344,282.0436930001051,753.0
1780669601,31,GET,/health,0.700000,0.000000,10,28,32,80,270,270,270,270,270,270,270,102,0,3,13.416986774526617,2.404785000180709,273.5818549999749,57.0
1780669601,31,,Aggregated,11.100000,0.000000,250,420,560,1100,1700,2300,2700,2900,2900,2900,2900,1343,0,150,358.8943565941891,2.3786669999026344,3079.6920749999117,2741.9009679821297
1780669602,31,POST,/api/book,9.900000,0.000000,370,560,970,1100,2000,2500,2900,2900,2900,2900,2900,1055,0,240,461.03636439430596,116.49100199974782,3079.6920749999117,3382.047393364929
1780669602,31,GET,/api/concerts,1.200000,0.000000,3,3,6,7,9,28,28,28,28,28,28,199,0,3,12.724241140712543,2.3786669999026344,282.0436930001051,753.0
1780669602,31,GET,/health,0.900000,0.000000,10,28,32,32,80,80,80,80,80,80,80,102,0,3,13.416986774526617,2.404785000180709,273.5818549999749,57.0
1780669602,31,,Aggregated,12.000000,0.000000,280,470,700,1000,1600,2300,2700,2900,2900,2900,2900,1356,0,150,361.57376185397976,2.3786669999026344,3079.6920749999117,2746.1069321533923
1780669603,31,POST,/api/book,9.900000,0.000000,360,710,1100,1300,2000,2500,2900,2900,2900,2900,2900,1064,0,240,465.96436549623394,116.49100199974782,3079.6920749999117,3382.1062030075186
1780669603,31,GET,/api/concerts,1.200000,0.000000,3,3,6,7,28,110,110,110,110,110,110,202,0,3,13.093934133673367,2.3786669999026344,282.0436930001051,753.0
1780669603,31,GET,/health,0.900000,0.000000,10,28,32,32,80,80,80,80,80,80,80,102,0,3,13.416986774526617,2.404785000180709,273.5818549999749,57.0
1780669603,31,,Aggregated,12.000000,0.000000,230,470,850,1100,2000,2300,2700,2900,2900,2900,2900,1368,0,150,365.35057911841875,2.3786669999026344,3079.6920749999117,2745.965643274854
1780669604,31,POST,/api/book,9.200000,0.000000,380,970,1300,1500,2000,2500,2900,2900,2900,2900,2900,1075,0,240,470.2264170706906,116.49100199974782,3079.6920749999117,3382.076279069767
1780669604,31,GET,/api/concerts,1.500000,0.000000,3,6,7,9,28,110,110,110,110,110,110,204,0,3,13.104559759812236,2.3786669999026344,282.0436930001051,753.0
1780669604,31,GET,/health,1.000000,0.000000,3,14,28,28,32,80,80,80,80,80,80,106,0,3,13.107943311331598,2.315542999895115,273.5818549999749,57.0
1780669604,31,,Aggregated,11.700000,0.000000,210,480,1000,1200,2000,2300,2700,2900,2900,2900,2900,1385,0,150,367.910592442596,2.315542999895115,3079.6920749999117,2740.350902527076
1780669605,31,POST,/api/book,9.600000,0.000000,380,680,1100,1200,2000,2500,2900,2900,2900,2900,2900,1082,0,240,469.6864459316014,115.7865899999706,3079.6920749999117,3382.1358595194083
1780669605,31,GET,/api/concerts,1.500000,0.000000,3,4,7,9,28,110,110,110,110,110,110,207,0,3,12.953519835756254,2.3786669999026344,282.0436930001051,753.0
1780669605,31,GET,/health,0.800000,0.000000,10,28,32,32,34,80,80,80,80,80,80,107,0,3,13.306669140198958,2.315542999895115,273.5818549999749,57.0
1780669605,31,,Aggregated,11.900000,0.000000,200,430,680,1000,1700,2300,2700,2900,2900,2900,2900,1396,0,150,366.98132285243247,2.315542999895115,3079.6920749999117,2737.4219197707735
1780669606,32,POST,/api/book,9.400000,0.000000,420,780,1100,1200,1700,2100,2900,2900,2900,2900,2900,1089,0,240,471.6457961836478,115.7865899999706,3079.6920749999117,3382.135904499541
1780669606,32,GET,/api/concerts,1.500000,0.000000,3,3,6,7,25,28,110,110,110,110,110,210,0,3,12.808766976197495,2.3786669999026344,282.0436930001051,753.0
1780669606,32,GET,/health,0.800000,0.000000,10,14,32,32,34,80,80,80,80,80,80,108,0,3,13.269663861125183,2.315542999895115,273.5818549999749,57.0
1780669606,32,,Aggregated,11.700000,0.000000,200,470,710,970,1300,2000,2700,2900,2900,2900,2900,1407,0,150,367.97813561193726,2.315542999895115,3079.6920749999117,2734.493248045487
1780669607,32,POST,/api/book,9.900000,0.000000,420,700,970,1100,1300,1700,2000,2100,2100,2100,2100,1102,0,240,473.9140515254026,115.7865899999706,3079.6920749999117,3382.0916515426497
1780669607,32,GET,/api/concerts,1.700000,0.000000,3,3,7,7,25,28,110,110,110,110,110,212,0,3,12.736713839631365,2.3786669999026344,282.0436930001051,753.0
1780669607,32,GET,/health,1.200000,0.000000,9,10,28,28,32,34,34,34,34,34,34,109,0,3,13.170652495427262,2.315542999895115,273.5818549999749,57.0
1780669607,32,,Aggregated,12.800000,0.000000,200,430,700,880,1300,1500,2000,2000,2100,2100,2100,1423,0,150,369.9150170323243,2.315542999895115,3079.6920749999117,2735.709065354884
1780669608,32,POST,/api/book,9.600000,0.000000,520,880,1000,1100,1300,1700,2000,2100,2100,2100,2100,1112,0,240,475.1980711357861,115.7865899999706,3079.6920749999117,3382.0440647482014
1780669608,32,GET,/api/concerts,2.000000,0.000000,3,3,6,7,9,25,110,110,110,110,110,213,0,3,12.706550197192332,2.3786669999026344,282.0436930001051,753.0
1780669608,32,GET,/health,1.200000,0.000000,3,9,14,14,32,34,34,34,34,34,34,110,0,3,13.073559081832089,2.315542999895115,273.5818549999749,57.0
1780669608,32,,Aggregated,12.800000,0.000000,200,520,870,970,1300,1500,2000,2000,2100,2100,2100,1435,0,150,371.1253252919846,2.315542999895115,3079.6920749999117,2736.9282229965156
1780669609,32,POST,/api/book,9.700000,0.000000,610,940,1000,1200,1300,1700,2000,2100,2100,2100,2100,1121,0,250,476.4961150892009,115.7865899999706,3079.6920749999117,3382.108831400535
1780669609,32,GET,/api/concerts,2.400000,0.000000,3,3,3,6,25,110,110,110,110,110,110,215,0,3,12.612166046522383,2.3786669999026344,282.0436930001051,753.0
1780669609,32,GET,/health,1.200000,0.000000,3,3,9,14,34,34,34,34,34,34,34,110,0,3,13.073559081832089,2.315542999895115,273.5818549999749,57.0
1780669609,32,,Aggregated,13.300000,0.000000,220,700,940,1000,1300,1500,2000,2000,2100,2100,2100,1446,0,150,372.2696073402477,2.315542999895115,3079.6920749999117,2738.249654218534
1780669610,32,POST,/api/book,9.300000,0.000000,660,990,1100,1200,1500,1700,2000,2100,2100,2100,2100,1131,0,250,479.8707879672802,115.7865899999706,3079.6920749999117,3382.1476569407605
1780669610,32,GET,/api/concerts,2.200000,0.000000,3,3,6,7,25,110,110,110,110,110,110,216,0,3,12.607414083344405,2.3786669999026344,282.0436930001051,753.0
1780669610,32,GET,/health,1.300000,0.000000,3,3,9,9,14,34,34,34,34,34,34,111,0,3,12.980130585600744,2.315542999895115,273.5818549999749,57.0
1780669610,32,,Aggregated,12.800000,0.000000,360,780,1000,1100,1400,1700,2000,2000,2100,2100,2100,1458,0,160,375.1014109245529,2.315542999895115,3079.6920749999117,2739.4951989026063
1780669611,33,POST,/api/book,9.300000,0.000000,530,900,1200,1300,1500,1700,2000,2100,2100,2100,2100,1137,0,250,479.37552529550976,103.23180400018828,3079.6920749999117,3382.03781882146
1780669611,33,GET,/api/concerts,2.200000,0.000000,3,3,6,7,25,110,110,110,110,110,110,217,0,3,12.561056101391594,2.3786669999026344,282.0436930001051,753.0
1780669611,33,GET,/health,1.300000,0.000000,3,3,9,9,14,34,34,34,34,34,34,113,0,3,12.798260823020644,2.315542999895115,273.5818549999749,57.0
1780669611,33,,Aggregated,12.800000,0.000000,210,590,940,1000,1400,1700,2000,2000,2100,2100,2100,1467,0,150,374.38440689025083,2.315542999895115,3079.6920749999117,2737.027266530334
1780669612,33,POST,/api/book,9.100000,0.000000,560,990,1200,1300,1600,1900,2000,2300,2300,2300,2300,1155,0,250,487.39738085107894,103.23180400018828,3079.6920749999117,3382.28658008658
1780669612,33,GET,/api/concerts,2.100000,0.000000,3,6,11,12,37,320,320,320,320,320,320,221,0,3,14.03368380543803,2.3786669999026344,324.9797230000695,753.0
1780669612,33,GET,/health,1.000000,0.000000,3,3,9,9,14,34,34,34,34,34,34,113,0,3,12.798260823020644,2.315542999895115,273.5818549999749,57.0
1780669612,33,,Aggregated,12.200000,0.000000,220,610,990,1200,1500,1700,2000,2000,2300,2300,2300,1489,0,160,381.12264773472083,2.315542999895115,3079.6920749999117,2739.6877098723976
1780669613,33,POST,/api/book,9.400000,0.000000,500,870,1000,1200,1600,1900,2000,2300,2300,2300,2300,1162,0,250,486.11046546901485,103.23180400018828,3079.6920749999117,3382.2314974182445
1780669613,33,GET,/api/concerts,1.900000,0.000000,3,6,11,12,37,320,320,320,320,320,320,224,0,3,13.984373892863491,2.3786669999026344,324.9797230000695,753.0
1780669613,33,GET,/health,1.100000,0.000000,3,3,3,9,34,34,34,34,34,34,34,115,0,3,12.622549147837834,2.315542999895115,273.5818549999749,57.0
1780669613,33,,Aggregated,12.400000,0.000000,240,530,880,1000,1500,1900,2000,2000,2300,2300,2300,1501,0,150,379.3767180406383,2.315542999895115,3079.6920749999117,2735.0966022651564
1780669614,33,POST,/api/book,9.400000,0.000000,490,880,1000,1200,1600,1900,2000,2300,2300,2300,2300,1168,0,250,485.6768232440027,103.23180400018828,3079.6920749999117,3382.2842465753424
1780669614,33,GET,/api/concerts,1.900000,0.000000,3,7,12,23,37,320,320,320,320,320,320,225,0,3,14.024817702229484,2.3786669999026344,324.9797230000695,753.0
1780669614,33,GET,/health,1.100000,0.000000,3,3,9,16,110,110,110,110,110,110,110,117,0,3,13.44579086326043,2.315542999895115,273.5818549999749,57.0
1780669614,33,,Aggregated,12.400000,0.000000,220,570,880,1000,1500,1900,2000,2000,2300,2300,2300,1510,0,150,378.80746428013134,2.315542999895115,3079.6920749999117,2732.8490066225168
1780669615,33,POST,/api/book,9.800000,0.000000,390,880,1100,1400,1800,2000,2200,2300,2300,2300,2300,1179,0,250,488.47310470737597,103.23180400018828,3079.6920749999117,3382.3299406276506
1780669615,33,GET,/api/concerts,2.100000,0.000000,6,11,23,26,37,320,320,320,320,320,320,228,0,3,13.998236276323265,2.3786669999026344,324.9797230000695,753.0
1780669615,33,GET,/health,1.300000,0.000000,3,3,3,16,110,110,110,110,110,110,110,117,0,3,13.44579086326043,2.315542999895115,273.5818549999749,57.0
1780669615,33,,Aggregated,13.200000,0.000000,220,530,880,1000,1600,1900,2100,2200,2300,2300,2300,1524,0,150,381.0200432099734,2.315542999895115,3079.6920749999117,2733.6745406824148
1780669616,34,POST,/api/book,9.800000,0.000000,430,1000,1500,1600,1900,2100,2300,2500,2500,2500,2500,1190,0,250,496.9518329663835,103.23180400018828,3079.6920749999117,3382.3252100840336
1780669616,34,GET,/api/concerts,2.100000,0.000000,3,12,26,31,270,320,320,320,320,320,320,231,0,3,15.009427896110502,2.3786669999026344,324.9797230000695,753.0
1780669616,34,GET,/health,1.300000,0.000000,3,3,16,110,240,240,240,240,240,240,240,119,0,3,15.253614050433338,2.315542999895115,273.5818549999749,57.0
1780669616,34,,Aggregated,13.200000,0.000000,220,570,1000,1200,1900,2000,2300,2300,2500,2500,2500,1540,0,160,387.43833710779194,2.315542999895115,3079.6920749999117,2730.9694805194804
1780669617,34,POST,/api/book,9.600000,0.000000,410,1100,1500,1600,1900,2100,2300,2500,2500,2500,2500,1203,0,250,498.1721196724829,103.23180400018828,3079.6920749999117,3382.2543640897757
1780669617,34,GET,/api/concerts,2.100000,0.000000,3,23,31,37,270,320,320,320,320,320,320,233,0,3,15.092859931336664,2.3786669999026344,324.9797230000695,753.0
1780669617,34,GET,/health,1.000000,0.000000,3,3,16,16,110,240,240,240,240,240,240,120,0,3,15.146963450013118,2.315542999895115,273.5818549999749,57.0
1780669617,34,,Aggregated,12.700000,0.000000,230,530,1100,1300,1900,2000,2300,2300,2500,2500,2500,1556,0,160,388.5831182159384,2.315542999895115,3079.6920749999117,2732.0957583547556
1780669618,34,POST,/api/book,10.100000,0.000000,370,840,1500,1600,1900,2100,2300,2500,2500,2500,2500,1213,0,250,497.44440887798515,103.23180400018828,3079.6920749999117,3382.290189612531
1780669618,34,GET,/api/concerts,2.100000,0.000000,11,26,34,37,270,320,320,320,320,320,320,234,0,3,15.175000594021745,2.3786669999026344,324.9797230000695,753.0
1780669618,34,GET,/health,1.100000,0.000000,3,16,19,19,110,240,240,240,240,240,240,121,0,3,15.175944636377443,2.315542999895115,273.5818549999749,57.0
1780669618,34,,Aggregated,13.300000,0.000000,220,530,950,1300,1900,2000,2300,2300,2500,2500,2500,1568,0,160,388.25721135777997,2.315542999895115,3079.6920749999117,2733.3016581632655
1780669619,34,POST,/api/book,10.100000,0.000000,310,790,1200,1500,1900,2100,2300,2500,2500,2500,2500,1222,0,250,497.38182835269816,103.23180400018828,3079.6920749999117,3382.3003273322424
1780669619,34,GET,/api/concerts,2.100000,0.000000,11,31,34,37,47,270,320,320,320,320,320,237,0,3,15.30462689874077,2.3786669999026344,324.9797230000695,753.0
1780669619,34,GET,/health,1.000000,0.000000,3,16,19,19,110,240,240,240,240,240,240,121,0,3,15.175944636377443,2.315542999895115,273.5818549999749,57.0
1780669619,34,,Aggregated,13.200000,0.000000,170,370,790,1100,1900,2000,2300,2300,2500,2500,2500,1580,0,160,388.1418228626585,2.315542999895115,3079.6920749999117,2733.2462025316454
1780669620,34,POST,/api/book,10.100000,0.000000,370,840,1200,1500,1900,2100,2300,2500,2500,2500,2500,1231,0,250,498.5428232761951,103.23180400018828,3079.6920749999117,3382.21283509342
1780669620,34,GET,/api/concerts,2.100000,0.000000,11,30,33,34,47,270,320,320,320,320,320,243,0,3,15.236006773668699,2.3786669999026344,324.9797230000695,753.0
1780669620,34,GET,/health,1.000000,0.000000,3,3,19,19,110,240,240,240,240,240,240,122,0,3,15.072519590174752,2.315542999895115,273.5818549999749,57.0
1780669620,34,,Aggregated,13.200000,0.000000,200,490,790,1100,1900,2000,2300,2300,2500,2500,2500,1596,0,160,387.99963188533775,2.315542999895115,3079.6920749999117,2727.717418546366
1780669621,35,POST,/api/book,10.000000,0.000000,340,730,980,1200,1600,2000,2300,2500,2500,2500,2500,1238,0,250,497.91288216639447,103.23180400018828,3079.6920749999117,3382.0751211631664
1780669621,35,GET,/api/concerts,2.000000,0.000000,5,26,31,33,41,47,270,270,270,270,270,245,0,3,15.143132824494165,2.3786669999026344,324.9797230000695,753.0
1780669621,35,GET,/health,1.100000,0.000000,4,16,19,110,240,240,240,240,240,240,240,123,0,3,14.980929739851298,2.315542999895115,273.5818549999749,57.0
1780669621,35,,Aggregated,13.100000,0.000000,220,350,680,840,1400,1900,2200,2300,2500,2500,2500,1606,0,160,387.27825032503057,2.315542999895115,3079.6920749999117,2726.3418430884185
1780669622,35,POST,/api/book,10.100000,0.000000,430,790,1100,1200,1600,2000,2300,2500,2500,2500,2500,1244,0,260,498.872258934081,103.23180400018828,3079.6920749999117,3382.032958199357
1780669622,35,GET,/api/concerts,2.200000,0.000000,6,29,33,34,47,51,270,270,270,270,270,247,0,3,15.244936412959815,2.3786669999026344,324.9797230000695,753.0
1780669622,35,GET,/health,1.100000,0.000000,16,19,110,110,240,240,240,240,240,240,240,123,0,3,14.980929739851298,2.315542999895115,273.5818549999749,57.0
1780669622,35,,Aggregated,13.400000,0.000000,220,490,770,980,1400,1900,2200,2300,2500,2500,2500,1614,0,160,387.9834224076825,2.315542999895115,3079.6920749999117,2726.301734820322
1780669623,35,POST,/api/book,10.100000,0.000000,490,980,1300,1400,1900,2100,2300,2500,2500,2500,2500,1256,0,260,505.35177754060186,103.23180400018828,3079.6920749999117,3382.019904458599
1780669623,35,GET,/api/concerts,2.800000,0.000000,5,30,33,34,47,51,270,270,270,270,270,247,0,3,15.244936412959815,2.3786669999026344,324.9797230000695,753.0
1780669623,35,GET,/health,1.000000,0.000000,16,48,110,110,110,240,240,240,240,240,240,126,0,3,16.016555396834605,2.315542999895115,273.5818549999749,57.0
1780669623,35,,Aggregated,13.900000,0.000000,230,590,980,1200,1800,2000,2200,2300,2500,2500,2500,1629,0,160,393.189329567218,2.315542999895115,3079.6920749999117,2726.206261510129
1780669624,35,POST,/api/book,9.000000,0.000000,770,1200,1400,1600,1900,2100,2500,2500,2500,2500,2500,1270,0,260,514.1380383574779,103.23180400018828,3079.6920749999117,3381.8614173228348
1780669624,35,GET,/api/concerts,2.600000,0.000000,6,33,41,47,51,73,270,270,270,270,270,249,0,3,15.610778606430932,2.3786669999026344,324.9797230000695,753.0
1780669624,35,GET,/health,1.000000,0.000000,16,19,48,110,240,240,240,240,240,240,240,126,0,3,16.016555396834605,2.315542999895115,273.5818549999749,57.0
1780669624,35,,Aggregated,12.600000,0.000000,270,840,1200,1400,1700,1900,2300,2500,2500,2500,2500,1645,0,160,400.5230872747716,2.315542999895115,3079.6920749999117,2729.266261398176
1780669625,35,POST,/api/book,9.000000,0.000000,490,970,1300,1400,1700,1900,2100,2500,2500,2500,2500,1281,0,260,514.1016337166254,103.23180400018828,3079.6920749999117,3381.84074941452
1780669625,35,GET,/api/concerts,2.600000,0.000000,5,30,34,41,49,51,73,73,73,73,73,252,0,3,15.461164912703824,2.3786669999026344,324.9797230000695,753.0
1780669625,35,GET,/health,1.000000,0.000000,4,19,48,48,110,240,240,240,240,240,240,128,0,3,15.81536015625673,2.2287759998107504,273.5818549999749,57.0
1780669625,35,,Aggregated,12.600000,0.000000,210,630,970,1200,1600,1800,2000,2100,2500,2500,2500,1661,0,160,400.0510369951833,2.2287759998107504,3079.6920749999117,2726.7850692354004
1780669626,36,POST,/api/book,9.400000,0.000000,450,950,1300,1400,1700,1900,2100,2500,2500,2500,2500,1288,0,260,512.9123816343147,103.23180400018828,3079.6920749999117,3381.8183229813662
1780669626,36,GET,/api/concerts,2.400000,0.000000,5,30,34,41,51,57,73,73,73,73,73,257,0,3,15.518069015567637,2.3786669999026344,324.9797230000695,753.0
1780669626,36,GET,/health,1.000000,0.000000,5,16,19,19,48,110,110,110,110,110,110,130,0,3,15.650058130771727,2.2287759998107504,273.5818549999749,57.0
1780669626,36,,Aggregated,12.800000,0.000000,180,490,870,1200,1600,1900,2000,2100,2500,2500,2500,1675,0,160,398.0022679635812,2.2287759998107504,3079.6920749999117,2720.4256716417913
1780669627,36,POST,/api/book,10.300000,0.000000,470,970,1300,1400,1700,1900,2100,2500,2500,2500,2500,1298,0,260,513.0238335323547,103.23180400018828,3079.6920749999117,3381.808936825886
1780669627,36,GET,/api/concerts,2.400000,0.000000,5,30,33,41,51,57,73,73,73,73,73,258,0,3,15.583011050390875,2.3786669999026344,324.9797230000695,753.0
1780669627,36,GET,/health,1.100000,0.000000,5,5,16,19,48,110,110,110,110,110,110,132,0,3,15.471004113637168,2.2287759998107504,273.5818549999749,57.0
1780669627,36,,Aggregated,13.800000,0.000000,170,470,870,1200,1600,1800,2000,2100,2500,2500,2500,1688,0,160,398.08502684774714,2.2287759998107504,3079.6920749999117,2720.015402843602
1780669628,36,POST,/api/book,9.800000,0.000000,470,1000,1300,1600,1800,1900,2100,2500,2500,2500,2500,1313,0,260,515.5629247380015,103.23180400018828,3079.6920749999117,3382.105864432597
1780669628,36,GET,/api/concerts,2.600000,0.000000,5,25,30,32,51,57,73,73,73,73,73,260,0,3,15.547845311542774,2.3786669999026344,324.9797230000695,753.0
1780669628,36,GET,/health,1.100000,0.000000,5,5,31,31,48,110,110,110,110,110,110,133,0,3,15.58808917293493,2.2287759998107504,273.5818549999749,57.0
1780669628,36,,Aggregated,13.500000,0.000000,180,490,1000,1300,1700,1900,2000,2100,2500,2500,2500,1706,0,160,400.38087680070174,2.2287759998107504,3079.6920749999117,2722.1957796014067
1780669629,36,POST,/api/book,9.400000,0.000000,470,1000,1300,1600,1900,1900,2100,2500,2500,2500,2500,1328,0,260,518.0065620368939,103.23180400018828,3079.6920749999117,3382.0293674698796
1780669629,36,GET,/api/concerts,2.500000,0.000000,10,31,49,51,73,180,180,180,180,180,180,263,0,3,16.18912405323838,2.3786669999026344,324.9797230000695,753.0
1780669629,36,GET,/health,1.200000,0.000000,5,8,16,31,48,110,110,110,110,110,110,135,0,3,15.43140476296685,2.2287759998107504,273.5818549999749,57.0
1780669629,36,,Aggregated,13.100000,0.000000,190,580,1000,1300,1800,1900,2000,2100,2500,2500,2500,1726,0,160,402.2327309698709,2.2287759998107504,3079.6920749999117,2721.3609501738124
1780669630,36,POST,/api/book,9.900000,0.000000,420,1000,1300,1600,1900,1900,2100,2500,2500,2500,2500,1337,0,260,516.1986411293906,103.23180400018828,3079.6920749999117,3382.049364248317
1780669630,36,GET,/api/concerts,2.700000,0.000000,10,31,49,51,73,180,180,180,180,180,180,265,0,3,16.092349966041887,2.3786669999026344,324.9797230000695,753.0
1780669630,36,GET,/health,1.200000,0.000000,5,8,31,31,51,110,110,110,110,110,110,138,0,3,15.503986913047456,2.2287759998107504,273.5818549999749,57.0
1780669630,36,,Aggregated,13.800000,0.000000,170,480,1000,1300,1700,1900,2000,2100,2500,2500,2500,1740,0,160,400.32276214080275,2.2287759998107504,3079.6920749999117,2717.937356321839
1780669631,37,POST,/api/book,10.600000,0.000000,420,780,1300,1600,1800,1900,2000,2100,2500,2500,2500,1348,0,260,515.417255215872,103.23180400018828,3079.6920749999117,3382.158011869436
1780669631,37,GET,/api/concerts,2.600000,0.000000,10,25,32,49,57,73,180,180,180,180,180,267,0,3,16.0359963295919,2.3786669999026344,324.9797230000695,753.0
1780669631,37,GET,/health,1.400000,0.000000,5,8,31,48,51,110,110,110,110,110,110,138,0,3,15.503986913047456,2.2287759998107504,273.5818549999749,57.0
1780669631,37,,Aggregated,14.600000,0.000000,180,470,860,1300,1700,1900,2000,2100,2500,2500,2500,1753,0,160,400.00206574158415,2.2287759998107504,3079.6920749999117,2719.946377638334
1780669632,37,POST,/api/book,10.500000,0.000000,360,650,1100,1300,1700,1900,2000,2500,2500,2500,2500,1354,0,260,516.332126426141,103.23180400018828,3079.6920749999117,3382.1942392909896
1780669632,37,GET,/api/concerts,2.200000,0.000000,10,25,32,49,59,73,180,180,180,180,180,269,0,3,16.144942401489875,2.3786669999026344,324.9797230000695,753.0
1780669632,37,GET,/health,1.500000,0.000000,5,8,27,27,48,51,51,51,51,51,51,141,0,3,15.466638794328153,2.2287759998107504,273.5818549999749,57.0
1780669632,37,,Aggregated,14.200000,0.000000,170,420,650,890,1600,1900,2000,2000,2500,2500,2500,1764,0,160,400.0212498622426,2.2287759998107504,3079.6920749999117,2715.46768707483
1780669633,37,POST,/api/book,10.700000,0.000000,360,630,1100,1400,1900,2300,2500,2500,2500,2500,2500,1367,0,270,525.0028686861706,103.23180400018828,3079.6920749999117,3382.1521580102412
1780669633,37,GET,/api/concerts,2.200000,0.000000,3,12,25,32,59,73,180,180,180,180,180,273,0,3,15.9497237472561,2.3786669999026344,324.9797230000695,753.0
1780669633,37,GET,/health,1.500000,0.000000,5,5,10,10,31,51,51,51,51,51,51,142,0,3,15.375848267605223,2.2287759998107504,273.5818549999749,57.0
1780669633,37,,Aggregated,14.400000,0.000000,170,420,590,860,1800,2000,2400,2500,2500,2500,2500,1782,0,160,406.4066029915802,2.2287759998107504,3079.6920749999117,2714.402356902357
1780669634,37,POST,/api/book,11.000000,0.000000,350,630,1000,1300,1900,2300,2400,2500,2500,2500,2500,1381,0,270,525.5929523077446,103.23180400018828,3079.6920749999117,3382.094134685011
1780669634,37,GET,/api/concerts,2.100000,0.000000,4,14,31,32,57,59,180,180,180,180,180,275,0,3,16.008534723640135,2.3786669999026344,324.9797230000695,753.0
1780669634,37,GET,/health,1.800000,0.000000,5,6,10,27,31,51,51,51,51,51,51,143,0,3,15.308106944055247,2.2287759998107504,273.5818549999749,57.0
1780669634,37,,Aggregated,14.900000,0.000000,180,430,620,810,1600,2000,2400,2400,2500,2500,2500,1799,0,160,407.1346711945504,2.2287759998107504,3079.6920749999117,2715.8966092273486
1780669635,37,POST,/api/book,10.700000,0.000000,360,610,920,1300,1900,2300,2400,2400,2500,2500,2500,1391,0,270,524.2861263299748,103.23180400018828,3079.6920749999117,3382.043134435658
1780669635,37,GET,/api/concerts,2.500000,0.000000,9,14,32,35,42,59,180,180,180,180,180,279,0,3,16.081605931904832,2.3786669999026344,324.9797230000695,753.0
1780669635,37,GET,/health,1.700000,0.000000,6,10,24,27,31,51,51,51,51,51,51,144,0,3,15.369898201388171,2.2287759998107504,273.5818549999749,57.0
1780669635,37,,Aggregated,14.900000,0.000000,190,450,620,810,1600,2000,2400,2400,2500,2500,2500,1814,0,160,405.7232828671423,2.2287759998107504,3079.6920749999117,2713.735942668137
1780669636,38,POST,/api/book,11.300000,0.000000,380,610,890,1200,1900,2300,2400,2400,2500,2500,2500,1404,0,270,523.7417104109646,103.23180400018828,3079.6920749999117,3382.0007122507122
1780669636,38,GET,/api/concerts,2.700000,0.000000,4,12,31,35,42,59,180,180,180,180,180,282,0,3,15.997719964543842,2.3786669999026344,324.9797230000695,753.0
1780669636,38,GET,/health,1.700000,0.000000,6,10,24,27,31,51,51,51,51,51,51,146,0,3,15.317662513699323,2.2287759998107504,273.5818549999749,57.0
1780669636,38,,Aggregated,15.700000,0.000000,190,450,610,750,1600,2000,2400,2400,2500,2500,2500,1832,0,160,405.0661010775086,2.2287759998107504,3079.6920749999117,2712.3346069868994
1780669637,38,POST,/api/book,10.800000,0.000000,360,550,750,920,1600,2300,2400,2400,2500,2500,2500,1413,0,270,522.7041954409023,103.23180400018828,3079.6920749999117,3381.9214437367305
1780669637,38,GET,/api/concerts,2.700000,0.000000,4,14,31,35,53,59,180,180,180,180,180,288,0,3,15.965623121533984,2.3786669999026344,324.9797230000695,753.0
1780669637,38,GET,/health,1.600000,0.000000,6,10,20,24,27,51,51,51,51,51,51,146,0,3,15.317662513699323,2.2287759998107504,273.5818549999749,57.0
1780669637,38,,Aggregated,15.100000,0.000000,180,420,530,660,1300,1900,2400,2400,2500,2500,2500,1847,0,160,403.5817576307508,2.2287759998107504,3079.6920749999117,2709.172171088251
1780669638,38,POST,/api/book,11.400000,0.000000,360,530,660,860,1400,2300,2400,2500,2500,2500,2500,1420,0,270,522.9174730098557,103.23180400018828,3079.6920749999117,3381.95
1780669638,38,GET,/api/concerts,2.500000,0.000000,3,7,18,18,42,53,59,59,59,59,59,291,0,3,15.827336037807019,2.3786669999026344,324.9797230000695,753.0
1780669638,38,GET,/health,1.600000,0.000000,10,17,24,24,27,51,51,51,51,51,51,147,0,3,15.329197034013621,2.2287759998107504,273.5818549999749,57.0
1780669638,38,,Aggregated,15.500000,0.000000,180,380,500,650,1200,2000,2400,2400,2500,2500,2500,1858,0,160,403.33797547093485,2.2287759998107504,3079.6920749999117,2707.142626480086
1780669639,38,POST,/api/book,11.500000,0.000000,460,650,900,1200,1500,2300,2400,2500,2500,2500,2500,1435,0,270,525.5624989393696,103.23180400018828,3079.6920749999117,3381.9400696864113
1780669639,38,GET,/api/concerts,2.900000,0.000000,4,9,18,35,53,59,89,89,89,89,89,293,0,3,16.041630634820372,2.3786669999026344,324.9797230000695,753.0
1780669639,38,GET,/health,1.500000,0.000000,17,24,27,27,51,81,81,81,81,81,81,148,0,3,15.772020006757835,2.2287759998107504,273.5818549999749,57.0
1780669639,38,,Aggregated,15.900000,0.000000,200,490,650,770,1300,2000,2400,2400,2500,2500,2500,1876,0,160,405.7658010207877,2.2287759998107504,3079.6920749999117,2709.034648187633
1780669640,38,POST,/api/book,10.800000,0.000000,450,690,980,1200,1400,2300,2400,2400,2500,2500,2500,1447,0,270,525.9404872785041,103.23180400018828,3079.6920749999117,3382.0145127850724
1780669640,38,GET,/api/concerts,3.000000,0.000000,4,9,18,35,53,59,89,89,89,89,89,295,0,3,15.989708010179669,2.3786669999026344,324.9797230000695,753.0
1780669640,38,GET,/health,1.400000,0.000000,17,24,27,27,55,81,81,81,81,81,81,149,0,3,16.03733900670985,2.2287759998107504,273.5818549999749,57.0
1780669640,38,,Aggregated,15.200000,0.000000,200,470,660,900,1300,1600,2400,2400,2500,2500,2500,1891,0,160,406.20963113008895,2.2287759998107504,3079.6920749999117,2709.890534108937
1780669641,39,POST,/api/book,10.600000,0.000000,420,660,960,1100,1300,2300,2400,2400,2500,2500,2500,1461,0,270,525.0562145318236,103.23180400018828,3079.6920749999117,3381.936344969199
1780669641,39,GET,/api/concerts,3.000000,0.000000,4,14,22,25,42,59,89,89,89,89,89,299,0,3,15.96388297325438,2.3786669999026344,324.9797230000695,753.0
1780669641,39,GET,/health,1.300000,0.000000,17,20,24,55,81,81,81,81,81,81,81,150,0,3,15.947252039998906,2.2287759998107504,273.5818549999749,57.0
1780669641,39,,Aggregated,14.900000,0.000000,190,460,660,880,1200,1600,2400,2400,2500,2500,2500,1910,0,160,405.37822944816617,2.2287759998107504,3079.6920749999117,2709.270157068063
1780669642,39,POST,/api/book,10.900000,0.000000,380,650,950,1100,1300,1500,2000,2300,2500,2500,2500,1467,0,270,525.3599095500987,103.23180400018828,3079.6920749999117,3381.941376959782
1780669642,39,GET,/api/concerts,2.900000,0.000000,6,18,25,35,42,53,89,89,89,89,89,300,0,3,16.046904880010214,2.3786669999026344,324.9797230000695,753.0
1780669642,39,GET,/health,1.200000,0.000000,20,24,55,81,130,130,130,130,130,130,130,151,0,3,16.67578455629197,2.2287759998107504,273.5818549999749,57.0
1780669642,39,,Aggregated,15.000000,0.000000,190,450,650,860,1200,1300,2000,2300,2500,2500,2500,1918,0,160,405.6491669666309,2.2287759998107504,3079.6920749999117,2708.975495307612
1780669643,39,POST,/api/book,11.500000,0.000000,340,560,860,980,1200,1500,1800,1800,1800,1800,1800,1480,0,270,525.5548997655379,103.23180400018828,3079.6920749999117,3381.943918918919
1780669643,39,GET,/api/concerts,3.100000,0.000000,6,18,22,25,42,53,89,89,89,89,89,301,0,3,16.002836099678493,2.3786669999026344,324.9797230000695,753.0
1780669643,39,GET,/health,1.100000,0.000000,20,24,55,81,130,130,130,130,130,130,130,153,0,3,16.490530640522575,2.1948379999230383,273.5818549999749,57.0
1780669643,39,,Aggregated,15.700000,0.000000,180,370,560,690,1200,1300,1700,1800,1800,1800,1800,1934,0,160,405.9778472114785,2.1948379999230383,3079.6920749999117,2709.7471561530506
1780669644,39,POST,/api/book,11.000000,0.000000,350,650,960,1100,1300,1800,2700,2800,2800,2800,2800,1487,0,270,530.7414921109593,103.23180400018828,3079.6920749999117,3381.896435776732
1780669644,39,GET,/api/concerts,3.200000,0.000000,4,7,18,22,41,53,89,89,89,89,89,303,0,3,15.918262287137958,2.3786669999026344,324.9797230000695,753.0
1780669644,39,GET,/health,1.000000,0.000000,17,20,55,81,130,130,130,130,130,130,130,154,0,3,16.3991610779231,2.1948379999230383,273.5818549999749,57.0
1780669644,39,,Aggregated,15.200000,0.000000,180,410,660,900,1200,1700,2600,2700,2800,2800,2800,1944,0,160,409.7537567119339,2.1948379999230383,3079.6920749999117,2708.7536008230454
1780669645,39,POST,/api/book,11.400000,0.000000,390,980,1200,1300,2000,2600,2800,2900,3100,3100,3100,1507,0,270,543.0517822647628,103.23180400018828,3109.0671420001854,3381.9137358991375
1780669645,39,GET,/api/concerts,2.800000,0.000000,4,7,18,22,41,53,89,89,89,89,89,303,0,3,15.918262287137958,2.3786669999026344,324.9797230000695,753.0
1780669645,39,GET,/health,1.100000,0.000000,20,44,68,68,81,130,130,130,130,130,130,156,0,3,16.9094796346179,2.1948379999230383,273.5818549999749,57.0
1780669645,39,,Aggregated,15.300000,0.000000,200,560,1100,1200,1800,2600,2800,2900,3100,3100,3100,1966,0,160,420.06111300559553,2.1948379999230383,3109.0671420001854,2712.9170905391657
1780669646,40,POST,/api/book,11.400000,0.000000,430,980,1200,1300,1900,2600,2800,2900,3100,3100,3100,1523,0,270,542.6284445850284,103.23180400018828,3109.0671420001854,3381.904793171372
1780669646,40,GET,/api/concerts,2.800000,0.000000,4,6,22,22,41,89,89,89,89,89,89,303,0,3,15.918262287137958,2.3786669999026344,324.9797230000695,753.0
1780669646,40,GET,/health,1.100000,0.000000,44,55,68,81,130,130,130,130,130,130,130,156,0,3,16.9094796346179,2.1948379999230383,273.5818549999749,57.0
1780669646,40,,Aggregated,15.300000,0.000000,210,850,1100,1200,1800,2600,2800,2900,3100,3100,3100,1982,0,160,420.7286747724529,2.1948379999230383,3109.0671420001854,2718.3107971745712
1780669647,40,POST,/api/book,10.400000,0.000000,370,950,1200,1300,1900,2600,2800,2900,3100,3100,3100,1532,0,270,540.9118942127927,103.23180400018828,3109.0671420001854,3381.8805483028723
1780669647,40,GET,/api/concerts,2.700000,0.000000,4,6,22,25,41,89,89,89,89,89,89,305,0,3,15.834149314764172,2.3786669999026344,324.9797230000695,753.0
1780669647,40,GET,/health,1.100000,0.000000,44,55,68,81,130,130,130,130,130,130,130,156,0,3,16.9094796346179,2.1948379999230383,273.5818549999749,57.0
1780669647,40,,Aggregated,14.200000,0.000000,210,600,990,1200,1800,2600,2800,2900,3100,3100,3100,1993,0,160,419.540550074261,2.1948379999230383,3109.0671420001854,2719.3166081284494
1780669648,40,POST,/api/book,12.100000,0.000000,350,870,1200,1400,1900,2600,2800,2900,3100,3100,3100,1546,0,270,542.0673612257424,103.23180400018828,3109.0671420001854,3381.858344113842
1780669648,40,GET,/api/concerts,2.100000,0.000000,5,7,22,22,41,77,77,77,77,77,77,309,0,3,15.93179356958955,2.3786669999026344,324.9797230000695,753.0
1780669648,40,GET,/health,1.000000,0.000000,3,44,55,68,130,130,130,130,130,130,130,157,0,3,16.820950821659082,2.1948379999230383,273.5818549999749,57.0
1780669648,40,,Aggregated,15.200000,0.000000,200,600,960,1200,1800,2600,2800,2900,3100,3100,3100,2012,0,160,420.2783071307165,2.1948379999230383,3109.0671420001854,2718.677435387674
1780669649,40,POST,/api/book,12.000000,0.000000,400,950,1300,1400,2000,2600,2800,2900,3100,3100,3100,1559,0,280,544.758512817188,103.23180400018828,3109.0671420001854,3381.78576010263
1780669649,40,GET,/api/concerts,1.800000,0.000000,4,6,22,22,41,77,77,77,77,77,77,310,0,3,15.891810716140109,2.3786669999026344,324.9797230000695,753.0
1780669649,40,GET,/health,1.000000,0.000000,27,55,56,56,68,130,130,130,130,130,130,159,0,3,17.13174234591518,2.1948379999230383,273.5818549999749,57.0
1780669649,40,,Aggregated,14.800000,0.000000,200,720,1100,1300,1900,2600,2800,2900,3100,3100,3100,2028,0,160,422.54878197090744,2.1948379999230383,3109.0671420001854,2719.2785996055227
1780669650,40,POST,/api/book,12.300000,0.000000,550,1100,1400,1600,2000,2600,2800,2900,3100,3100,3100,1571,0,280,547.6845197810286,103.23180400018828,3109.0671420001854,3381.718014003819
1780669650,40,GET,/api/concerts,1.900000,0.000000,4,4,7,7,63,77,77,77,77,77,77,314,0,3,15.916344219756251,2.3786669999026344,324.9797230000695,753.0
1780669650,40,GET,/health,1.000000,0.000000,7,27,56,56,68,130,130,130,130,130,130,161,0,3,16.97892545341985,2.1948379999230383,273.5818549999749,57.0
1780669650,40,,Aggregated,15.200000,0.000000,180,750,1200,1400,1900,2600,2800,2900,3100,3100,3100,2046,0,160,424.3126684550343,2.1948379999230383,3109.0671420001854,2716.66568914956
1780669651,40,POST,/api/book,12.500000,0.000000,470,890,1400,1500,2000,2600,2800,2900,3100,3100,3100,1582,0,280,546.5748331207305,103.23180400018828,3109.0671420001854,3381.7231352718077
1780669651,40,GET,/api/concerts,1.700000,0.000000,4,5,7,19,63,77,77,77,77,77,77,315,0,3,15.924959825406404,2.3786669999026344,324.9797230000695,753.0
1780669651,40,GET,/health,1.100000,0.000000,3,27,44,44,56,68,68,68,68,68,68,162,0,3,16.890811987658942,2.1948379999230383,273.5818549999749,57.0
1780669651,40,,Aggregated,15.300000,0.000000,180,750,1200,1400,1900,2600,2800,2900,3100,3100,3100,2059,0,160,423.7173675978629,2.1948379999230383,3109.0671420001854,2717.9771733851385
1780669652,40,POST,/api/book,12.400000,0.000000,600,890,1300,1400,2000,2600,2800,2900,3100,3100,3100,1599,0,280,548.5295725659765,103.23180400018828,3109.0671420001854,3381.811131957473
1780669652,40,GET,/api/concerts,2.000000,0.000000,4,7,19,25,63,77,77,77,77,77,77,318,0,3,16.06447246541799,2.3786669999026344,324.9797230000695,753.0
1780669652,40,GET,/health,1.200000,0.000000,7,27,44,56,68,68,68,68,68,68,68,162,0,3,16.890811987658942,2.1948379999230383,273.5818549999749,57.0
1780669652,40,,Aggregated,15.600000,0.000000,270,760,960,1300,1900,2600,2800,2900,3100,3100,3100,2079,0,160,425.65829741173656,2.1948379999230383,3109.0671420001854,2720.6368446368447
1780669653,40,POST,/api/book,12.000000,0.000000,610,890,1300,1400,1900,2600,2800,2900,3100,3100,3100,1606,0,280,548.2281233542938,103.23180400018828,3109.0671420001854,3381.8256537982566
1780669653,40,GET,/api/concerts,1.700000,0.000000,4,11,19,25,63,77,77,77,77,77,77,319,0,3,16.022141398127907,2.3786669999026344,324.9797230000695,753.0
1780669653,40,GET,/health,1.300000,0.000000,7,27,44,56,68,68,68,68,68,68,68,163,0,3,16.8080264662628,2.1948379999230383,273.5818549999749,57.0
1780669653,40,,Aggregated,15.000000,0.000000,300,760,980,1300,1800,2300,2800,2900,3100,3100,3100,2088,0,160,425.43349498419525,2.1948379999230383,3109.0671420001854,2720.646551724138
1780669654,40,POST,/api/book,13.300000,0.000000,470,760,980,1300,1400,1600,2000,2100,2300,2300,2300,1619,0,280,548.2874483063601,93.11400700016748,3109.0671420001854,3381.8004941321806
1780669654,40,GET,/api/concerts,1.800000,0.000000,4,7,13,19,56,63,77,77,77,77,77,325,0,3,15.813803920010777,2.3786669999026344,324.9797230000695,753.0
1780669654,40,GET,/health,1.100000,0.000000,4,7,27,44,56,56,56,56,56,56,56,164,0,3,16.731875493907708,2.1948379999230383,273.5818549999749,57.0
1780669654,40,,Aggregated,16.200000,0.000000,190,610,820,960,1400,1600,2000,2100,2300,2300,2300,2108,0,160,424.8391331418414,2.1948379999230383,3109.0671420001854,2717.8406072106263
1780669655,40,POST,/api/book,12.800000,0.000000,540,860,1200,1300,1600,2100,2700,2700,2900,2900,2900,1634,0,280,555.5752892331681,93.11400700016748,3109.0671420001854,3381.8984088127295
1780669655,40,GET,/api/concerts,1.900000,0.000000,4,11,19,25,63,77,550,550,550,550,550,326,0,3,17.439183282220068,2.3786669999026344,545.6874760002393,753.0
1780669655,40,GET,/health,1.000000,0.000000,3,7,27,43,44,56,56,56,56,56,56,169,0,3,16.55199449112455,2.194705999954749,273.5818549999749,57.0
1780669655,40,,Aggregated,15.700000,0.000000,190,650,860,1200,1500,1900,2700,2700,2900,2900,2900,2129,0,160,430.3863238262098,2.194705999954749,3109.0671420001854,2715.42179426961
1780669656,40,POST,/api/book,13.400000,0.000000,540,860,1200,1300,1600,2100,2700,2700,2900,2900,2900,1646,0,280,553.8798487442268,93.11400700016748,3109.0671420001854,3381.961725394897
1780669656,40,GET,/api/concerts,2.000000,0.000000,4,11,19,51,63,77,550,550,550,550,550,330,0,3,17.407739406071137,2.3786669999026344,545.6874760002393,753.0
1780669656,40,GET,/health,1.000000,0.000000,3,4,7,27,43,56,56,56,56,56,56,169,0,3,16.55199449112455,2.194705999954749,273.5818549999749,57.0
1780669656,40,,Aggregated,16.400000,0.000000,190,610,860,1200,1500,1900,2200,2700,2900,2900,2900,2145,0,160,429.0107562265739,2.194705999954749,3109.0671420001854,2715.539393939394
1780669657,40,POST,/api/book,12.600000,0.000000,500,860,1200,1300,1600,2100,2700,2700,2900,2900,2900,1655,0,280,553.1378346954668,93.11400700016748,3109.0671420001854,3381.9244712990935
1780669657,40,GET,/api/concerts,2.300000,0.000000,4,11,25,30,56,63,550,550,550,550,550,333,0,3,17.384266078088523,2.3786669999026344,545.6874760002393,753.0
1780669657,40,GET,/health,1.100000,0.000000,3,4,7,27,43,56,56,56,56,56,56,170,0,3,16.480065664705656,2.194705999954749,273.5818549999749,57.0
1780669657,40,,Aggregated,16.000000,0.000000,190,650,860,1200,1500,1900,2700,2700,2900,2900,2900,2158,0,160,428.1898462409644,2.194705999954749,3109.0671420001854,2714.3299351251158
1780669658,40,POST,/api/book,12.000000,0.000000,450,790,980,1200,1600,2100,2700,2700,2900,2900,2900,1666,0,280,553.5131078841524,93.11400700016748,3109.0671420001854,3381.8865546218485
1780669658,40,GET,/api/concerts,2.600000,0.000000,4,13,25,30,56,63,550,550,550,550,550,334,0,3,17.377194754501122,2.3786669999026344,545.6874760002393,753.0
1780669658,40,GET,/health,1.300000,0.000000,3,4,7,26,35,43,43,43,43,43,43,173,0,3,16.56181501734364,2.194705999954749,273.5818549999749,57.0
1780669658,40,,Aggregated,15.900000,0.000000,190,540,790,890,1400,1800,2700,2700,2900,2900,2900,2173,0,160,428.35803717487426,2.194705999954749,3109.0671420001854,2713.109065807639
1780669659,40,POST,/api/book,12.000000,0.000000,450,790,1000,1200,1600,1900,2700,2700,2900,2900,2900,1684,0,280,557.1340668028497,93.11400700016748,3109.0671420001854,3381.8687648456057
1780669659,40,GET,/api/concerts,2.800000,0.000000,4,13,19,25,51,56,550,550,550,550,550,335,0,3,17.333137647771913,2.3786669999026344,545.6874760002393,753.0
1780669659,40,GET,/health,1.300000,0.000000,3,4,6,26,35,43,43,43,43,43,43,175,0,3,16.419162548572785,2.194705999954749,273.5818549999749,57.0
1780669659,40,,Aggregated,16.100000,0.000000,230,550,820,990,1400,1800,2700,2700,2900,2900,2900,2194,0,170,431.5832830692811,2.194705999954749,3109.0671420001854,2715.267547857794
1780669660,40,POST,/api/book,12.100000,0.000000,430,730,990,1200,1600,1900,2700,2700,2900,2900,2900,1695,0,280,555.8992986749253,93.11400700016748,3109.0671420001854,3381.877876106195
1780669660,40,GET,/api/concerts,2.500000,0.000000,3,11,15,25,51,56,550,550,550,550,550,336,0,3,17.289300511915176,2.3786669999026344,545.6874760002393,753.0
1780669660,40,GET,/health,1.600000,0.000000,3,4,4,6,35,43,43,43,43,43,43,178,0,3,16.192911101125297,2.194705999954749,273.5818549999749,57.0
1780669660,40,,Aggregated,16.200000,0.000000,240,510,810,920,1400,1800,2200,2700,2900,2900,2900,2209,0,170,430.48476885559177,2.194705999954749,3109.0671420001854,2714.095518334088
1780669661,40,POST,/api/book,12.100000,0.000000,350,570,830,1000,1700,1900,2700,2700,2900,2900,2900,1706,0,280,554.2121072520505,93.11400700016748,3109.0671420001854,3381.8974208675263
1780669661,40,GET,/api/concerts,2.500000,0.000000,3,6,13,15,51,550,550,550,550,550,550,338,0,3,17.2134360828513,2.3786669999026344,545.6874760002393,753.0
1780669661,40,GET,/health,1.500000,0.000000,3,4,6,7,35,43,43,43,43,43,43,180,0,3,16.06842267777766,2.194705999954749,273.5818549999749,57.0
1780669661,40,,Aggregated,16.100000,0.000000,180,430,570,810,1400,1800,2700,2700,2900,2900,2900,2224,0,170,429.0451045188857,2.194705999954749,3109.0671420001854,2713.2603417266187
1780669662,40,POST,/api/book,12.600000,0.000000,350,570,830,1000,1600,1900,2700,2700,2900,2900,2900,1716,0,280,553.429876604311,93.11400700016748,3109.0671420001854,3381.903846153846
1780669662,40,GET,/api/concerts,2.100000,0.000000,3,7,13,15,51,550,550,550,550,550,550,339,0,3,17.1822860206609,2.3786669999026344,545.6874760002393,753.0
1780669662,40,GET,/health,1.600000,0.000000,3,4,6,7,35,43,43,43,43,43,43,180,0,3,16.06842267777766,2.194705999954749,273.5818549999749,57.0
1780669662,40,,Aggregated,16.300000,0.000000,190,410,570,810,1400,1800,2700,2700,2900,2900,2900,2235,0,170,428.8155612062647,2.194705999954749,3109.0671420001854,2715.379865771812
1780669663,40,POST,/api/book,12.500000,0.000000,370,640,990,1200,1900,2200,2700,2700,2900,2900,2900,1729,0,280,558.4768070173491,93.11400700016748,3109.0671420001854,3381.9664545980336
1780669663,40,GET,/api/concerts,2.200000,0.000000,3,7,13,15,51,550,550,550,550,550,550,342,0,3,17.05661130995528,2.3786669999026344,545.6874760002393,753.0
1780669663,40,GET,/health,1.800000,0.000000,3,6,7,26,43,240,240,240,240,240,240,181,0,3,17.326077055248742,2.194705999954749,273.5818549999749,57.0
1780669663,40,,Aggregated,16.500000,0.000000,230,430,640,920,1800,2200,2700,2700,2900,2900,2900,2252,0,170,432.7601156074605,2.194705999954749,3109.0671420001854,2715.4809058614564
1780669664,40,POST,/api/book,11.800000,0.000000,360,610,930,1200,2000,2300,2500,2500,2900,2900,2900,1743,0,290,562.2149752271929,93.11400700016748,3109.0671420001854,3381.999426276535
1780669664,40,GET,/api/concerts,2.100000,0.000000,3,6,7,11,30,51,51,51,51,51,51,343,0,3,17.013693690975952,2.3358680000455934,545.6874760002393,753.0
1780669664,40,GET,/health,1.800000,0.000000,4,6,26,35,43,240,240,240,240,240,240,184,0,3,17.289725184782682,2.194705999954749,273.5818549999749,57.0
1780669664,40,,Aggregated,15.700000,0.000000,220,440,640,920,1800,2200,2500,2500,2900,2900,2900,2270,0,170,435.6641886303973,2.194705999954749,3109.0671420001854,2715.238766519824
1780669665,40,POST,/api/book,11.800000,0.000000,360,540,830,1000,1900,2200,2500,2500,2500,2500,2500,1756,0,290,560.3003385637799,93.11400700016748,3109.0671420001854,3381.9487471526195
1780669665,40,GET,/api/concerts,2.300000,0.000000,3,7,15,15,30,51,51,51,51,51,51,345,0,3,16.978620194216393,2.3358680000455934,545.6874760002393,753.0
1780669665,40,GET,/health,1.800000,0.000000,4,6,26,35,43,240,240,240,240,240,240,184,0,3,17.289725184782682,2.194705999954749,273.5818549999749,57.0
1780669665,40,,Aggregated,15.900000,0.000000,240,430,610,830,1700,2200,2500,2500,2500,2500,2500,2285,0,170,434.5410625466092,2.194705999954749,3109.0671420001854,2717.2757111597375
1780669666,40,POST,/api/book,12.200000,0.000000,350,540,930,1200,1900,2200,2500,2500,2500,2500,2500,1768,0,280,559.7868931249989,93.11400700016748,3109.0671420001854,3381.9796380090497
1780669666,40,GET,/api/concerts,2.100000,0.000000,3,6,7,15,19,72,72,72,72,72,72,348,0,3,17.066600479898394,2.3358680000455934,545.6874760002393,753.0
1780669666,40,GET,/health,2.000000,0.000000,4,6,26,35,40,240,240,240,240,240,240,184,0,3,17.289725184782682,2.194705999954749,273.5818549999749,57.0
1780669666,40,,Aggregated,16.300000,0.000000,240,430,610,920,1700,2200,2500,2500,2500,2500,2500,2300,0,170,434.27117975913154,2.194705999954749,3109.0671420001854,2718.2052173913044
1780669667,40,POST,/api/book,12.300000,0.000000,320,530,930,1200,1900,2200,2500,2500,2500,2500,2500,1780,0,280,559.9896263426945,93.11400700016748,3109.0671420001854,3382.011797752809
1780669667,40,GET,/api/concerts,1.900000,0.000000,3,6,7,7,19,72,72,72,72,72,72,350,0,3,16.995358180012254,2.3358680000455934,545.6874760002393,753.0
1780669667,40,GET,/health,1.800000,0.000000,4,6,40,40,50,240,240,240,240,240,240,185,0,3,17.464374681079594,2.194705999954749,273.5818549999749,57.0
1780669667,40,,Aggregated,16.000000,0.000000,240,410,610,940,1800,2200,2500,2500,2500,2500,2500,2315,0,170,434.54031082894164,2.194705999954749,3109.0671420001854,2718.823326133909
1780669668,40,POST,/api/book,12.200000,0.000000,290,480,940,1500,2100,2300,2500,2500,2500,2500,2500,1799,0,280,565.6649447465234,93.11400700016748,3109.0671420001854,3381.95108393552
1780669668,40,GET,/api/concerts,1.900000,0.000000,3,6,7,19,52,72,72,72,72,72,72,353,0,3,17.105008280465416,2.3358680000455934,545.6874760002393,753.0
1780669668,40,GET,/health,1.500000,0.000000,4,7,40,40,50,240,240,240,240,240,240,185,0,3,17.464374681079594,2.194705999954749,273.5818549999749,57.0
1780669668,40,,Aggregated,15.600000,0.000000,190,360,540,940,2000,2200,2500,2500,2500,2500,2500,2337,0,170,439.40959043132193,2.194705999954749,3109.0671420001854,2721.644843816859
1780669669,40,POST,/api/book,12.600000,0.000000,250,460,1200,1500,2100,2300,2500,2500,2500,2500,2500,1808,0,280,563.7907133700196,93.11400700016748,3109.0671420001854,3381.912610619469
1780669669,40,GET,/api/concerts,1.700000,0.000000,3,6,7,19,35,52,72,72,72,72,72,357,0,3,16.99040489917325,2.3358680000455934,545.6874760002393,753.0
1780669669,40,GET,/health,1.600000,0.000000,3,7,40,50,240,240,240,240,240,240,240,186,0,3,17.38751466666477,2.194705999954749,273.5818549999749,57.0
1780669669,40,,Aggregated,15.900000,0.000000,170,300,540,1200,2000,2200,2500,2500,2500,2500,2500,2351,0,170,437.5300987026796,2.194705999954749,3109.0671420001854,2719.660144619311
1780669670,40,POST,/api/book,12.900000,0.000000,280,460,930,1500,2100,2300,2500,2500,2500,2500,2500,1822,0,280,561.8076548946191,93.11400700016748,3109.0671420001854,3381.918770581778
1780669670,40,GET,/api/concerts,1.900000,0.000000,3,7,19,19,35,52,72,72,72,72,72,358,0,3,17.02913171509751,2.3358680000455934,545.6874760002393,753.0
1780669670,40,GET,/health,1.200000,0.000000,3,19,40,40,50,240,240,240,240,240,240,188,0,3,17.317505095743787,2.194705999954749,273.5818549999749,57.0
1780669670,40,,Aggregated,16.000000,0.000000,180,340,470,930,2000,2200,2500,2500,2500,2500,2500,2368,0,170,436.21860951435826,2.194705999954749,3109.0671420001854,2720.5008445945946
1780669671,40,POST,/api/book,12.700000,0.000000,260,430,790,1400,2100,2300,2500,2500,2500,2500,2500,1832,0,280,560.0582412079671,93.11400700016748,3109.0671420001854,3381.910480349345
1780669671,40,GET,/api/concerts,2.100000,0.000000,4,19,22,31,52,72,72,72,72,72,72,359,0,3,17.042544320347613,2.3358680000455934,545.6874760002393,753.0
1780669671,40,GET,/health,1.100000,0.000000,19,40,50,50,240,240,240,240,240,240,240,188,0,3,17.317505095743787,2.194705999954749,273.5818549999749,57.0
1780669671,40,,Aggregated,15.900000,0.000000,190,320,460,930,2000,2200,2500,2500,2500,2500,2500,2379,0,170,435.2251627835224,2.194705999954749,3109.0671420001854,2722.4476670870113
1780669672,40,POST,/api/book,12.600000,0.000000,250,380,540,1200,2000,2300,2500,2500,2500,2500,2500,1842,0,280,559.5331539495085,93.11400700016748,3109.0671420001854,3381.886536373507
1780669672,40,GET,/api/concerts,2.300000,0.000000,6,19,31,35,52,72,81,81,81,81,81,364,0,3,17.187818131881635,2.3358680000455934,545.6874760002393,753.0
1780669672,40,GET,/health,1.000000,0.000000,19,40,50,50,68,68,68,68,68,68,68,189,0,3,17.58615098941889,2.194705999954749,273.5818549999749,57.0
1780669672,40,,Aggregated,15.900000,0.000000,170,310,430,540,1700,2200,2500,2500,2500,2500,2500,2395,0,170,434.3382955791229,2.194705999954749,3109.0671420001854,2719.9582463465554
1780669673,40,POST,/api/book,12.300000,0.000000,250,350,460,1200,1800,2100,2300,2500,2500,2500,2500,1853,0,280,562.2977206659441,93.11400700016748,3109.0671420001854,3381.869940636805
1780669673,40,GET,/api/concerts,2.200000,0.000000,6,19,35,49,72,81,400,400,400,400,400,367,0,3,18.16196099456503,2.3358680000455934,545.6874760002393,753.0
1780669673,40,GET,/health,0.800000,0.000000,19,40,50,50,68,68,68,68,68,68,68,189,0,3,17.58615098941889,2.194705999954749,273.5818549999749,57.0
1780669673,40,,Aggregated,15.300000,0.000000,170,290,380,460,1600,2000,2300,2500,2500,2500,2500,2409,0,170,436.6653792511414,2.194705999954749,3109.0671420001854,2720.5184723951847
1780669674,40,POST,/api/book,12.400000,0.000000,250,380,1200,1500,2000,2400,2500,2600,2800,2800,2800,1869,0,280,567.619601593898,93.11400700016748,3109.0671420001854,3381.7961476725523
1780669674,40,GET,/api/concerts,2.400000,0.000000,6,22,35,49,72,81,400,400,400,400,400,367,0,3,18.16196099456503,2.3358680000455934,545.6874760002393,753.0
1780669674,40,GET,/health,0.900000,0.000000,4,19,50,50,68,68,68,68,68,68,68,192,0,3,17.356402109375797,2.194705999954749,273.5818549999749,57.0
1780669674,40,,Aggregated,15.700000,0.000000,170,300,460,1200,1900,2200,2500,2600,2800,2800,2800,2428,0,170,441.0539144435752,2.194705999954749,3109.0671420001854,2721.5288303130146
1780669675,40,POST,/api/book,12.900000,0.000000,280,540,1200,1500,2000,2400,2500,2600,2800,2800,2800,1879,0,280,567.7892760830197,93.11400700016748,3109.0671420001854,3381.8238424693986
1780669675,40,GET,/api/concerts,2.400000,0.000000,7,22,35,42,52,81,400,400,400,400,400,370,0,3,18.176729367581395,2.3358680000455934,545.6874760002393,753.0
1780669675,40,GET,/health,0.800000,0.000000,4,19,50,50,68,68,68,68,68,68,68,192,0,3,17.356402109375797,2.194705999954749,273.5818549999749,57.0
1780669675,40,,Aggregated,16.100000,0.000000,170,350,680,1200,1900,2200,2500,2600,2800,2800,2800,2441,0,170,441.18552594469435,2.194705999954749,3109.0671420001854,2721.835723064318
1780669676,40,POST,/api/book,12.400000,0.000000,300,680,1100,1300,2000,2400,2500,2600,2800,2800,2800,1895,0,290,568.9147496532947,93.11400700016748,3109.0671420001854,3381.8179419525068
1780669676,40,GET,/api/concerts,2.400000,0.000000,4,22,35,42,52,81,400,400,400,400,400,372,0,3,18.092725263454913,2.3358680000455934,545.6874760002393,753.0
1780669676,40,GET,/health,0.700000,0.000000,4,19,50,50,68,68,68,68,68,68,68,192,0,3,17.356402109375797,2.194705999954749,273.5818549999749,57.0
1780669676,40,,Aggregated,15.500000,0.000000,200,380,750,1100,1900,2200,2500,2600,2800,2800,2800,2459,0,170,442.5198753948754,2.194705999954749,3109.0671420001854,2724.524196827979
1780669677,40,POST,/api/book,12.200000,0.000000,310,680,910,1100,1900,2100,2500,2600,2800,2800,2800,1903,0,290,568.6536104829181,93.11400700016748,3109.0671420001854,3381.826064109301
1780669677,40,GET,/api/concerts,2.300000,0.000000,3,15,22,31,49,81,400,400,400,400,400,374,0,3,18.01032790108317,2.3358680000455934,545.6874760002393,753.0
1780669677,40,GET,/health,0.800000,0.000000,3,4,19,19,68,68,68,68,68,68,68,192,0,3,17.356402109375797,2.194705999954749,273.5818549999749,57.0
1780669677,40,,Aggregated,15.300000,0.000000,200,380,740,910,1800,2100,2500,2600,2800,2800,2800,2469,0,170,442.37185605062706,2.194705999954749,3109.0671420001854,2725.063183475091
1780669678,40,POST,/api/book,12.900000,0.000000,350,740,1000,1200,1900,2100,2500,2600,2800,2800,2800,1913,0,290,570.8957452990032,93.11400700016748,3109.0671420001854,3381.7867224255097
1780669678,40,GET,/api/concerts,2.300000,0.000000,19,30,34,42,110,120,400,400,400,400,400,382,0,3,18.551302151846922,2.3358680000455934,545.6874760002393,753.0
1780669678,40,GET,/health,0.800000,0.000000,3,4,19,19,68,68,68,68,68,68,68,193,0,3,17.28000962176324,2.194705999954749,273.5818549999749,57.0
1780669678,40,,Aggregated,16.000000,0.000000,200,400,750,980,1600,1900,2500,2600,2800,2800,2800,2488,0,170,443.14517686334347,2.194705999954749,3109.0671420001854,2720.2592443729905
1780669679,40,POST,/api/book,12.300000,0.000000,390,900,1100,1200,1900,2100,2500,2600,2800,2800,2800,1928,0,290,571.6144513433577,93.11400700016748,3109.0671420001854,3381.7759336099584
1780669679,40,GET,/api/concerts,2.200000,0.000000,4,28,34,42,110,120,400,400,400,400,400,384,0,3,18.47152761720257,2.3358680000455934,545.6874760002393,753.0
1780669679,40,GET,/health,0.700000,0.000000,3,3,4,4,68,68,68,68,68,68,68,193,0,3,17.28000962176324,2.194705999954749,273.5818549999749,57.0
1780669679,40,,Aggregated,15.200000,0.000000,250,680,920,1100,1700,2000,2500,2600,2800,2800,2800,2505,0,170,444.11208409261445,2.194705999954749,3109.0671420001854,2722.6415169660677
1780669680,40,POST,/api/book,11.800000,0.000000,390,900,1100,1200,1900,2100,2500,2600,2800,2800,2800,1936,0,290,570.0797712091907,93.11400700016748,3109.0671420001854,3381.7370867768595
1780669680,40,GET,/api/concerts,2.900000,0.000000,4,28,34,49,110,120,400,400,400,400,400,384,0,3,18.47152761720257,2.3358680000455934,545.6874760002393,753.0
1780669680,40,GET,/health,0.800000,0.000000,3,4,7,11,68,68,68,68,68,68,68,197,0,3,17.047289796953244,2.194705999954749,273.5818549999749,57.0
1780669680,40,,Aggregated,15.500000,0.000000,230,680,910,1000,1600,1900,2500,2600,2800,2800,2800,2517,0,170,442.6403733635273,2.194705999954749,3109.0671420001854,2720.4704012713546
1780669681,40,POST,/api/book,11.800000,0.000000,600,920,1100,1200,1900,2100,2500,2600,2800,2800,2800,1946,0,290,570.4687908119182,93.11400700016748,3109.0671420001854,3381.7877697841727
1780669681,40,GET,/api/concerts,2.800000,0.000000,15,28,42,49,120,170,400,400,400,400,400,387,0,3,18.81804886048034,2.3358680000455934,545.6874760002393,753.0
1780669681,40,GET,/health,0.800000,0.000000,3,4,7,11,68,68,68,68,68,68,68,198,0,3,16.974230883839354,2.194705999954749,273.5818549999749,57.0
1780669681,40,,Aggregated,15.400000,0.000000,280,740,950,1100,1700,2000,2500,2600,2800,2800,2800,2531,0,170,442.81934000157975,2.194705999954749,3109.0671420001854,2719.7376531015407
1780669682,40,POST,/api/book,11.400000,0.000000,680,900,1100,1200,1800,2400,2500,2600,2800,2800,2800,1955,0,290,572.3956425866968,93.11400700016748,3109.0671420001854,3381.7892583120206
1780669682,40,GET,/api/concerts,2.600000,0.000000,18,29,42,56,120,170,400,400,400,400,400,390,0,3,18.899387987193432,2.3358680000455934,545.6874760002393,753.0
1780669682,40,GET,/health,1.000000,0.000000,3,3,4,7,11,11,11,11,11,11,11,198,0,3,16.974230883839354,2.194705999954749,273.5818549999749,57.0
1780669682,40,,Aggregated,15.000000,0.000000,310,750,920,1000,1500,2200,2500,2600,2800,2800,2800,2543,0,170,444.26470321942486,2.194705999954749,3109.0671420001854,2719.7616987809674
1780669683,40,POST,/api/book,11.500000,0.000000,680,910,1100,1200,1600,2200,2400,2400,2600,2600,2600,1969,0,290,577.8682570309763,93.11400700016748,3109.0671420001854,3381.8034535297106
1780669683,40,GET,/api/concerts,2.600000,0.000000,15,29,34,42,110,120,170,170,170,170,170,393,0,3,18.982423460572296,2.3358680000455934,545.6874760002393,753.0
1780669683,40,GET,/health,1.000000,0.000000,3,7,11,11,81,81,81,81,81,81,81,199,0,3,17.296262065328342,2.194705999954749,273.5818549999749,57.0
1780669683,40,,Aggregated,15.100000,0.000000,300,770,920,1000,1400,2100,2400,2400,2600,2600,2600,2561,0,170,448.54535207536003,2.194705999954749,3109.0671420001854,2720.048028114018
1780669684,40,POST,/api/book,11.200000,0.000000,770,990,1200,1300,1700,2200,2400,2400,2600,2600,2600,1978,0,290,580.1044336627871,93.11400700016748,3109.0671420001854,3381.762891809909
1780669684,40,GET,/api/concerts,2.500000,0.000000,4,26,29,34,110,120,170,170,170,170,170,397,0,3,18.935952579357846,2.3358680000455934,545.6874760002393,753.0
1780669684,40,GET,/health,0.900000,0.000000,4,7,7,11,81,81,81,81,81,81,81,201,0,3,17.174271029851308,2.194705999954749,273.5818549999749,57.0
1780669684,40,,Aggregated,14.600000,0.000000,300,810,990,1100,1500,2000,2400,2400,2600,2600,2600,2576,0,170,449.69571872515434,2.194705999954749,3109.0671420001854,2717.206909937888
1780669685,40,POST,/api/book,11.200000,0.000000,770,990,1200,1300,1800,2200,2400,2600,2600,2600,2600,1990,0,290,580.3680776195945,93.11400700016748,3109.0671420001854,3381.811557788945
1780669685,40,GET,/api/concerts,2.700000,0.000000,5,26,29,34,110,120,170,170,170,170,170,400,0,3,18.850554762512957,2.3358680000455934,545.6874760002393,753.0
1780669685,40,GET,/health,1.000000,0.000000,4,7,11,11,41,81,81,81,81,81,81,204,0,3,17.152774823530844,2.194705999954749,273.5818549999749,57.0
1780669685,40,,Aggregated,14.900000,0.000000,250,770,940,1100,1600,2100,2400,2400,2600,2600,2600,2594,0,170,449.48799631148734,2.194705999954749,3109.0671420001854,2714.9703161141097
1780669686,40,POST,/api/book,11.000000,0.000000,600,870,1100,1200,1700,2200,2400,2400,2600,2600,2600,2005,0,290,578.3349652957578,93.11400700016748,3109.0671420001854,3381.8932668329176
1780669686,40,GET,/api/concerts,3.000000,0.000000,5,26,30,34,82,120,170,170,170,170,170,403,0,3,18.810686064530984,2.3358680000455934,545.6874760002393,753.0
1780669686,40,GET,/health,1.000000,0.000000,3,7,7,11,41,81,81,81,81,81,81,205,0,3,17.08128223414705,2.194705999954749,273.5818549999749,57.0
1780669686,40,,Aggregated,15.000000,0.000000,200,650,850,1100,1500,2000,2400,2400,2600,2600,2600,2613,0,170,448.00764437810943,2.194705999954749,3109.0671420001854,2715.5912743972444
1780669687,40,POST,/api/book,11.500000,0.000000,560,810,1000,1100,1700,2200,2400,2400,2600,2600,2600,2016,0,290,577.1839386071399,93.11400700016748,3109.0671420001854,3381.8556547619046
1780669687,40,GET,/api/concerts,3.000000,0.000000,5,24,29,35,56,82,170,170,170,170,170,404,0,3,18.867947155955687,2.3358680000455934,545.6874760002393,753.0
1780669687,40,GET,/health,1.200000,0.000000,3,7,7,11,41,81,81,81,81,81,81,206,0,3,17.011396665049723,2.194705999954749,273.5818549999749,57.0
1780669687,40,,Aggregated,15.700000,0.000000,240,600,830,950,1400,2000,2400,2400,2600,2600,2600,2626,0,170,447.3457039588728,2.194705999954749,3109.0671420001854,2716.593678598629
1780669688,40,POST,/api/book,10.700000,0.000000,390,770,920,1100,1700,2200,2400,2600,2600,2600,2600,2024,0,290,576.4876515321118,93.11400700016748,3109.0671420001854,3381.7910079051385
1780669688,40,GET,/api/concerts,3.000000,0.000000,4,18,26,35,56,82,170,170,170,170,170,407,0,3,18.787498434903682,2.3358680000455934,545.6874760002393,753.0
1780669688,40,GET,/health,1.300000,0.000000,3,7,11,41,47,81,81,81,81,81,81,208,0,3,17.083305240384142,2.194705999954749,273.5818549999749,57.0
1780669688,40,,Aggregated,15.000000,0.000000,230,550,770,850,1400,2100,2400,2400,2600,2600,2600,2639,0,170,446.3853149124667,2.194705999954749,3109.0671420001854,2714.31299734748
1780669689,40,POST,/api/book,11.300000,0.000000,560,810,1100,1200,1800,2200,2400,2400,2600,2600,2600,2036,0,290,579.1553933511761,93.11400700016748,3109.0671420001854,3381.74557956778
1780669689,40,GET,/api/concerts,3.200000,0.000000,5,24,29,35,75,82,170,170,170,170,170,410,0,3,18.84768576830716,2.3358680000455934,545.6874760002393,753.0
1780669689,40,GET,/health,1.400000,0.000000,4,7,41,41,47,81,81,81,81,81,81,209,0,3,17.08081720574154,2.194705999954749,273.5818549999749,57.0
1780669689,40,,Aggregated,15.900000,0.000000,240,570,810,1100,1700,2100,2400,2400,2600,2600,2600,2655,0,170,448.38336076233526,2.194705999954749,3109.0671420001854,2714.077966101695
1780669690,40,POST,/api/book,11.100000,0.000000,570,850,1200,1400,1800,2200,2400,2400,2600,2600,2600,2051,0,290,580.6282330741075,93.11400700016748,3109.0671420001854,3381.7308629936615
1780669690,40,GET,/api/concerts,2.400000,0.000000,4,24,29,42,75,82,170,170,170,170,170,410,0,3,18.84768576830716,2.3358680000455934,545.6874760002393,753.0
1780669690,40,GET,/health,1.500000,0.000000,3,7,33,41,47,81,81,81,81,81,81,212,0,3,17.02101382547108,2.194705999954749,273.5818549999749,57.0
1780669690,40,,Aggregated,15.000000,0.000000,270,620,850,1100,1700,2000,2400,2400,2600,2600,2600,2673,0,170,449.7585155746352,2.194705999954749,3109.0671420001854,2714.8312757201647
1780669691,40,POST,/api/book,10.900000,0.000000,530,770,1100,1300,1700,2100,2400,2400,2600,2600,2600,2064,0,290,578.9141375683117,93.11400700016748,3109.0671420001854,3381.6831395348836
1780669691,40,GET,/api/concerts,2.400000,0.000000,4,24,28,29,42,75,82,82,82,82,82,413,0,3,18.85260040195051,2.3358680000455934,545.6874760002393,753.0
1780669691,40,GET,/health,1.500000,0.000000,4,17,21,33,47,81,81,81,81,81,81,215,0,3,16.952484497675,2.194705999954749,273.5818549999749,57.0
1780669691,40,,Aggregated,14.800000,0.000000,230,560,770,1000,1600,1900,2200,2400,2600,2600,2600,2692,0,170,448.10909660995577,2.194705999954749,3109.0671420001854,2712.867013372957
1780669692,40,POST,/api/book,11.500000,0.000000,520,740,910,1100,1600,1800,2000,2400,2600,2600,2600,2075,0,290,579.1248791768654,93.11400700016748,3109.0671420001854,3381.7079518072287
1780669692,40,GET,/api/concerts,2.600000,0.000000,4,18,26,28,35,42,75,75,75,75,75,414,0,3,18.813012004843785,2.3358680000455934,545.6874760002393,753.0
1780669692,40,GET,/health,1.400000,0.000000,3,12,17,21,41,47,47,47,47,47,47,216,0,3,16.885216000002014,2.194705999954749,273.5818549999749,57.0
1780669692,40,,Aggregated,15.500000,0.000000,240,560,740,870,1400,1700,2000,2400,2600,2600,2600,2705,0,170,448.47316743733876,2.194705999954749,3109.0671420001854,2713.8994454713493
1780669693,40,POST,/api/book,11.900000,0.000000,530,740,860,940,1300,1600,1800,1800,1900,1900,1900,2088,0,290,579.7636206757645,93.11400700016748,3109.0671420001854,3381.704501915709
1780669693,40,GET,/api/concerts,2.700000,0.000000,5,18,28,35,47,51,75,75,75,75,75,420,0,3,18.83643508334509,2.3358680000455934,545.6874760002393,753.0
1780669693,40,GET,/health,1.600000,0.000000,3,12,21,33,41,47,47,47,47,47,47,216,0,3,16.885216000002014,2.194705999954749,273.5818549999749,57.0
1780669693,40,,Aggregated,16.200000,0.000000,240,560,750,840,1300,1400,1700,1800,1900,1900,1900,2724,0,170,448.64352032378906,2.194705999954749,3109.0671420001854,2712.764684287812
1780669694,40,POST,/api/book,12.200000,0.000000,490,670,860,920,1300,1500,1800,1800,1900,1900,1900,2100,0,290,579.985792293808,93.11400700016748,3109.0671420001854,3381.6995238095237
1780669694,40,GET,/api/concerts,2.600000,0.000000,4,15,28,35,47,51,75,75,75,75,75,422,0,3,18.75937923934772,2.3358680000455934,545.6874760002393,753.0
1780669694,40,GET,/health,1.700000,0.000000,12,21,33,47,50,84,84,84,84,84,84,219,0,3,17.373789808219513,2.194705999954749,273.5818549999749,57.0
1780669694,40,,Aggregated,16.500000,0.000000,200,530,670,840,1200,1400,1800,1800,1900,1900,1900,2741,0,170,448.62877848376553,2.194705999954749,3109.0671420001854,2711.352790952207
1780669695,40,POST,/api/book,12.200000,0.000000,450,660,860,910,1300,1500,1800,1800,1900,1900,1900,2112,0,290,579.118537369317,93.11400700016748,3109.0671420001854,3381.755681818182
1780669695,40,GET,/api/concerts,2.600000,0.000000,3,6,18,28,47,51,75,75,75,75,75,426,0,3,18.60681938733507,2.3358680000455934,545.6874760002393,753.0
1780669695,40,GET,/health,1.700000,0.000000,17,23,33,47,50,84,84,84,84,84,84,220,0,3,17.436913877271433,2.194705999954749,273.5818549999749,57.0
1780669695,40,,Aggregated,16.500000,0.000000,240,530,660,830,1100,1400,1700,1800,1900,1900,1900,2758,0,170,447.7378451907184,2.194705999954749,3109.0671420001854,2710.509789702683
1780669696,40,POST,/api/book,12.300000,0.000000,440,660,870,920,1300,1500,1800,1800,1900,1900,1900,2126,0,290,577.4718287817486,93.11400700016748,3109.0671420001854,3381.783631232361
1780669696,40,GET,/api/concerts,2.500000,0.000000,3,12,18,28,47,51,75,75,75,75,75,428,0,3,18.585815404216508,2.3358680000455934,545.6874760002393,753.0
1780669696,40,GET,/health,1.700000,0.000000,21,31,33,47,50,84,84,84,84,84,84,220,0,3,17.436913877271433,2.194705999954749,273.5818549999749,57.0
1780669696,40,,Aggregated,16.500000,0.000000,270,530,700,850,1200,1400,1800,1800,1900,1900,1900,2774,0,170,446.82622856380743,2.194705999954749,3109.0671420001854,2712.507570295602
1780669697,40,POST,/api/book,12.100000,0.000000,440,700,870,940,1300,1500,1800,1800,1900,1900,1900,2134,0,290,576.8794128903456,93.11400700016748,3109.0671420001854,3381.7933458294283
1780669697,40,GET,/api/concerts,2.700000,0.000000,3,12,14,28,47,51,75,75,75,75,75,431,0,3,18.563196190265437,2.3358680000455934,545.6874760002393,753.0
1780669697,40,GET,/health,1.600000,0.000000,17,23,33,47,50,84,84,84,84,84,84,221,0,3,17.37010210407011,2.194705999954749,273.5818549999749,57.0
1780669697,40,,Aggregated,16.400000,0.000000,270,530,740,850,1100,1400,1700,1800,1900,1900,1900,2786,0,170,446.1235453090456,2.194705999954749,3109.0671420001854,2711.3736539842066
1780669698,40,POST,/api/book,11.900000,0.000000,440,740,910,990,1300,1800,1900,2000,2400,2400,2400,2144,0,290,578.8806351049428,93.11400700016748,3109.0671420001854,3381.8129664179105
1780669698,40,GET,/api/concerts,2.600000,0.000000,3,14,28,41,51,53,75,75,75,75,75,433,0,3,18.6066664295724,2.3358680000455934,545.6874760002393,753.0
1780669698,40,GET,/health,1.500000,0.000000,17,23,33,50,56,84,84,84,84,84,84,223,0,3,17.477229699547138,2.194705999954749,273.5818549999749,57.0
1780669698,40,,Aggregated,16.000000,0.000000,220,490,740,850,1300,1500,1800,2000,2400,2400,2400,2800,0,170,447.5264965900002,2.194705999954749,3109.0671420001854,2710.488214285714
1780669699,40,POST,/api/book,11.800000,0.000000,370,660,870,990,1700,2000,2300,2400,2800,2800,2800,2160,0,300,582.984423356481,93.11400700016748,3109.0671420001854,3381.8055555555557
1780669699,40,GET,/api/concerts,2.700000,0.000000,3,14,28,28,47,51,53,53,53,53,53,433,0,3,18.6066664295724,2.3358680000455934,545.6874760002393,753.0
1780669699,40,GET,/health,1.500000,0.000000,12,23,31,50,56,84,84,84,84,84,84,225,0,3,17.354862502215838,2.194705999954749,273.5818549999749,57.0
1780669699,40,,Aggregated,16.000000,0.000000,230,480,740,850,1300,1800,2300,2400,2800,2800,2800,2818,0,170,451.1028690833931,2.194705999954749,3109.0671420001854,2712.4109297374025
1780669700,40,POST,/api/book,12.200000,0.000000,380,740,870,940,1400,2000,2300,2400,2800,2800,2800,2173,0,300,581.9436833041874,93.11400700016748,3109.0671420001854,3381.802116889093
1780669700,40,GET,/api/concerts,2.600000,0.000000,3,14,28,36,47,51,53,53,53,53,53,435,0,3,18.60886145058712,2.3358680000455934,545.6874760002393,753.0
1780669700,40,GET,/health,1.500000,0.000000,4,23,31,50,56,84,84,84,84,84,84,228,0,3,17.232901021924462,2.194705999954749,273.5818549999749,57.0
1780669700,40,,Aggregated,16.300000,0.000000,240,480,750,850,1300,1800,2300,2400,2800,2800,2800,2836,0,170,450.13666431029714,2.194705999954749,3109.0671420001854,2711.2859661495063
1780669701,40,POST,/api/book,12.100000,0.000000,370,660,850,1000,1700,2000,2300,2400,2800,2800,2800,2178,0,300,581.1463850101002,93.11400700016748,3109.0671420001854,3381.786042240588
1780669701,40,GET,/api/concerts,2.500000,0.000000,4,14,36,38,47,51,53,53,53,53,53,436,0,3,18.653495279828356,2.3358680000455934,545.6874760002393,753.0
1780669701,40,GET,/health,1.700000,0.000000,14,23,38,38,56,84,84,84,84,84,84,231,0,3,17.25499138527604,2.194705999954749,273.5818549999749,57.0
1780669701,40,,Aggregated,16.300000,0.000000,200,440,660,830,1300,1800,2300,2400,2800,2800,2800,2845,0,170,449.15840193462276,2.194705999954749,3109.0671420001854,2708.9648506151143
1780669702,40,POST,/api/book,11.900000,0.000000,360,610,850,1000,1700,2000,2300,2400,2800,2800,2800,2192,0,300,581.4994083950718,93.11400700016748,3109.0671420001854,3381.777828467153
1780669702,40,GET,/api/concerts,2.400000,0.000000,3,14,38,41,76,270,270,270,270,270,270,439,0,3,19.310393195910635,2.3358680000455934,545.6874760002393,753.0
1780669702,40,GET,/health,1.500000,0.000000,14,18,31,38,56,84,84,84,84,84,84,234,0,3,17.131281170935075,2.194705999954749,273.5818549999749,57.0
1780669702,40,,Aggregated,15.800000,0.000000,200,380,650,760,1400,1800,2300,2400,2800,2800,2800,2865,0,170,449.26097228935436,2.194705999954749,3109.0671420001854,2707.4212914485165
1780669703,40,POST,/api/book,11.600000,0.000000,360,610,910,1100,1800,2000,2300,2400,2800,2800,2800,2209,0,300,583.4948394825698,93.11400700016748,3109.0671420001854,3381.7659574468084
1780669703,40,GET,/api/concerts,2.400000,0.000000,3,14,38,41,76,270,270,270,270,270,270,440,0,3,19.272959793191934,2.3358680000455934,545.6874760002393,753.0
1780669703,40,GET,/health,1.600000,0.000000,5,15,31,31,56,84,84,84,84,84,84,234,0,3,17.131281170935075,2.194705999954749,273.5818549999749,57.0
1780669703,40,,Aggregated,15.600000,0.000000,220,440,660,810,1700,2000,2300,2400,2800,2800,2800,2883,0,170,451.41481877211214,2.194705999954749,3109.0671420001854,2710.710718002081
1780669704,40,POST,/api/book,11.400000,0.000000,330,580,760,1100,1800,2000,2300,2400,2800,2800,2800,2217,0,300,582.4869284032465,93.11400700016748,3109.0671420001854,3381.805593143888
1780669704,40,GET,/api/concerts,2.400000,0.000000,14,36,41,42,76,270,270,270,270,270,270,443,0,3,19.24898509256128,2.3358680000455934,545.6874760002393,753.0
1780669704,40,GET,/health,1.800000,0.000000,5,15,31,31,56,84,84,84,84,84,84,234,0,3,17.131281170935075,2.194705999954749,273.5818549999749,57.0
1780669704,40,,Aggregated,15.600000,0.000000,210,380,650,730,1700,2000,2300,2400,2800,2800,2800,2894,0,170,450.5561646371805,2.194705999954749,3109.0671420001854,2710.5666897028336
1780669705,40,POST,/api/book,11.800000,0.000000,320,650,1000,1200,1800,2000,2300,2400,2800,2800,2800,2227,0,290,582.0288233493474,93.11400700016748,3109.0671420001854,3381.8226313426135
1780669705,40,GET,/api/concerts,2.100000,0.000000,17,38,41,42,76,270,270,270,270,270,270,445,0,3,19.29141059776402,2.3358680000455934,545.6874760002393,753.0
1780669705,40,GET,/health,1.800000,0.000000,4,14,15,18,38,56,56,56,56,56,56,234,0,3,17.131281170935075,2.194705999954749,273.5818549999749,57.0
1780669705,40,,Aggregated,15.700000,0.000000,200,380,670,1000,1700,2000,2300,2400,2800,2800,2800,2906,0,170,450.36874986545075,2.194705999954749,3109.0671420001854,2711.5423262216104
1780669706,40,POST,/api/book,11.900000,0.000000,370,670,1100,1500,1800,2000,2300,2400,2800,2800,2800,2236,0,290,582.4017413604635,93.11400700016748,3109.0671420001854,3381.8479427549196
1780669706,40,GET,/api/concerts,2.100000,0.000000,17,38,42,53,76,270,270,270,270,270,270,446,0,3,19.254139374450485,2.3358680000455934,545.6874760002393,753.0
1780669706,40,GET,/health,1.600000,0.000000,5,15,18,38,50,56,56,56,56,56,56,235,0,3,17.272988323399677,2.194705999954749,273.5818549999749,57.0
1780669706,40,,Aggregated,15.600000,0.000000,210,460,690,1100,1800,2000,2300,2400,2800,2800,2800,2917,0,170,450.7702406921494,2.194705999954749,3109.0671420001854,2712.048337332876
1780669707,40,POST,/api/book,11.200000,0.000000,450,1000,1500,1700,2000,2400,2700,2800,2800,2800,2800,2250,0,300,589.5545539844428,93.11400700016748,3109.0671420001854,3381.837777777778
1780669707,40,GET,/api/concerts,2.000000,0.000000,36,38,42,53,76,270,270,270,270,270,270,447,0,3,19.29129137137539,2.3358680000455934,545.6874760002393,753.0
1780669707,40,GET,/health,1.400000,0.000000,5,14,18,18,38,50,50,50,50,50,50,235,0,3,17.272988323399677,2.194705999954749,273.5818549999749,57.0
1780669707,40,,Aggregated,14.600000,0.000000,230,650,1200,1500,1900,2300,2700,2800,2800,2800,2800,2932,0,180,456.7462844351977,2.194705999954749,3109.0671420001854,2714.570600272851
1780669708,40,POST,/api/book,11.400000,0.000000,520,1200,1500,1800,2200,2600,2800,2900,2900,2900,2900,2264,0,300,594.5477597760579,93.11400700016748,3109.0671420001854,3381.8489399293285
1780669708,40,GET,/api/concerts,1.900000,0.000000,32,36,41,42,76,270,270,270,270,270,270,448,0,3,19.319943656260616,2.3358680000455934,545.6874760002393,753.0
1780669708,40,GET,/health,1.500000,0.000000,5,14,18,18,38,50,50,50,50,50,50,237,0,3,17.149171042192123,2.194705999954749,273.5818549999749,57.0
1780669708,40,,Aggregated,14.800000,0.000000,230,690,1400,1500,2000,2600,2800,2900,2900,2900,2900,2949,0,180,460.75816087758517,2.194705999954749,3109.0671420001854,2715.279416751441
1780669709,40,POST,/api/book,11.300000,0.000000,500,1100,1500,1700,2200,2600,2800,2900,2900,2900,2900,2279,0,300,595.8196692895987,93.11400700016748,3109.0671420001854,3381.7696358051776
1780669709,40,GET,/api/concerts,1.500000,0.000000,32,38,41,42,76,270,270,270,270,270,270,448,0,3,19.319943656260616,2.3358680000455934,545.6874760002393,753.0
1780669709,40,GET,/health,1.400000,0.000000,5,15,18,37,38,50,50,50,50,50,50,239,0,3,17.171039217569597,2.194705999954749,273.5818549999749,57.0
1780669709,40,,Aggregated,14.200000,0.000000,230,670,1200,1500,2000,2600,2800,2900,2900,2900,2900,2966,0,180,462.11471323061323,2.194705999954749,3109.0671420001854,2716.7970330411326
1780669710,40,POST,/api/book,11.700000,0.000000,510,1100,1500,1700,2200,2600,2800,2900,2900,2900,2900,2290,0,300,594.9399450305657,93.11400700016748,3109.0671420001854,3381.7934497816595
1780669710,40,GET,/api/concerts,1.600000,0.000000,17,32,41,41,76,270,270,270,270,270,270,452,0,3,19.241941267709667,2.3358680000455934,545.6874760002393,753.0
1780669710,40,GET,/health,1.300000,0.000000,15,18,37,38,50,50,50,50,50,50,50,240,0,3,17.17344042916314,2.194705999954749,273.5818549999749,57.0
1780669710,40,,Aggregated,14.600000,0.000000,280,690,1200,1500,2000,2600,2800,2900,2900,2900,2900,2982,0,180,461.17755106505655,2.194705999954749,3109.0671420001854,2715.7421193829646
1780669711,40,POST,/api/book,12.200000,0.000000,500,1100,1400,1500,2200,2600,2800,2900,2900,2900,2900,2302,0,300,595.344108539963,93.11400700016748,3109.0671420001854,3381.784100781929
1780669711,40,GET,/api/concerts,1.500000,0.000000,15,22,36,41,42,270,270,270,270,270,270,453,0,3,19.205729264911167,2.3358680000455934,545.6874760002393,753.0
1780669711,40,GET,/health,1.400000,0.000000,15,18,31,37,50,50,50,50,50,50,50,243,0,3,17.15014688888652,2.194705999954749,273.5818549999749,57.0
1780669711,40,,Aggregated,15.100000,0.000000,270,760,1200,1400,2000,2600,2800,2900,2900,2900,2900,2998,0,180,461.4242224516338,2.194705999954749,3109.0671420001854,2715.0857238158774
1780669712,40,POST,/api/book,11.900000,0.000000,500,900,1300,1500,2200,2600,2800,2900,2900,2900,2900,2308,0,300,594.7037451087498,93.11400700016748,3109.0671420001854,3381.78856152513
1780669712,40,GET,/api/concerts,1.800000,0.000000,6,19,22,32,41,42,42,42,42,42,42,457,0,3,19.10423818381813,2.3358680000455934,545.6874760002393,753.0
1780669712,40,GET,/health,1.400000,0.000000,12,18,22,31,37,50,50,50,50,50,50,247,0,3,17.026505267204048,2.194705999954749,273.5818549999749,57.0
1780669712,40,,Aggregated,15.100000,0.000000,230,630,1000,1300,1800,2600,2800,2900,2900,2900,2900,3012,0,180,459.99748584395667,2.194705999954749,3109.0671420001854,2710.281540504648
1780669713,40,POST,/api/book,12.200000,0.000000,630,1000,1300,1400,2200,2600,2800,2900,2900,2900,2900,2325,0,300,595.6399527595673,93.11400700016748,3109.0671420001854,3381.750107526882
1780669713,40,GET,/api/concerts,1.700000,0.000000,15,19,27,32,36,41,41,41,41,41,41,458,0,3,19.122425100447117,2.3358680000455934,545.6874760002393,753.0
1780669713,40,GET,/health,1.300000,0.000000,6,18,22,31,50,54,54,54,54,54,54,251,0,3,17.00443445417977,2.194705999954749,273.5818549999749,57.0
1780669713,40,,Aggregated,15.200000,0.000000,290,850,1100,1300,1800,2600,2800,2900,2900,2900,2900,3034,0,180,460.74129001647873,2.194705999954749,3109.0671420001854,2709.8714568226765
1780669714,40,POST,/api/book,12.100000,0.000000,760,1000,1300,1400,2000,2600,2800,2900,2900,2900,2900,2337,0,300,596.37969406675,93.11400700016748,3109.0671420001854,3381.7950363714162
1780669714,40,GET,/api/concerts,1.800000,0.000000,6,15,22,27,32,36,36,36,36,36,36,460,0,3,19.065808354357813,2.3358680000455934,545.6874760002393,753.0
1780669714,40,GET,/health,1.200000,0.000000,4,12,22,31,50,54,54,54,54,54,54,253,0,3,16.890753905135,2.194705999954749,273.5818549999749,57.0
1780669714,40,,Aggregated,15.100000,0.000000,330,860,1100,1300,1800,2600,2800,2900,2900,2900,2900,3050,0,180,461.24032052950736,2.194705999954749,3109.0671420001854,2709.5265573770494
1780669715,40,POST,/api/book,11.900000,0.000000,750,1000,1300,1300,2000,2600,2800,2900,2900,2900,2900,2351,0,300,595.220296531687,93.11400700016748,3109.0671420001854,3381.823904721395
1780669715,40,GET,/api/concerts,1.800000,0.000000,9,15,22,22,32,36,36,36,36,36,36,461,0,3,19.050262674630723,2.3358680000455934,545.6874760002393,753.0
1780669715,40,GET,/health,1.500000,0.000000,3,6,16,22,37,50,54,54,54,54,54,259,0,3,16.625106494206033,2.194705999954749,273.5818549999749,57.0
1780669715,40,,Aggregated,15.200000,0.000000,290,820,1000,1200,1700,2600,2700,2900,2900,2900,2900,3071,0,170,459.93194100325604,2.194705999954749,3109.0671420001854,2706.7938782155647
1780669716,40,POST,/api/book,11.700000,0.000000,570,900,1000,1100,1500,2500,2700,2900,2900,2900,2900,2359,0,300,594.3852633289513,93.11400700016748,3109.0671420001854,3381.77405680373
1780669716,40,GET,/api/concerts,1.700000,0.000000,9,12,19,22,32,36,36,36,36,36,36,464,0,3,18.958330465527876,2.3358680000455934,545.6874760002393,753.0
1780669716,40,GET,/health,1.800000,0.000000,3,6,16,18,31,37,54,54,54,54,54,259,0,3,16.625106494206033,2.194705999954749,273.5818549999749,57.0
1780669716,40,,Aggregated,15.200000,0.000000,160,580,900,1000,1300,2200,2600,2900,2900,2900,2900,3082,0,170,459.20097472777405,2.194705999954749,3109.0671420001854,2706.606099935107
1780669717,40,POST,/api/book,12.200000,0.000000,550,850,940,1000,1300,1500,1800,2300,2600,2600,2600,2370,0,300,594.4944458172981,93.11400700016748,3109.0671420001854,3381.7472573839664
1780669717,40,GET,/api/concerts,1.600000,0.000000,12,22,33,33,36,43,49,49,49,49,49,470,0,3,19.134762897883387,2.3358680000455934,545.6874760002393,753.0
1780669717,40,GET,/health,2.200000,0.000000,3,6,16,18,31,37,54,54,54,54,54,260,0,3,16.572308942305916,2.194705999954749,273.5818549999749,57.0
1780669717,40,,Aggregated,16.000000,0.000000,150,570,830,910,1100,1300,1700,2300,2600,2600,2600,3100,0,170,458.7916049916131,2.194705999954749,3109.0671420001854,2704.3454838709677
1780669718,40,POST,/api/book,12.200000,0.000000,580,860,940,1000,1300,1300,1500,1700,1900,1900,1900,2384,0,300,596.2990093477341,93.11400700016748,3109.0671420001854,3381.7751677852348
1780669718,40,GET,/api/concerts,1.600000,0.000000,9,19,27,27,36,43,49,49,49,49,49,474,0,3,19.04595194093824,2.3358680000455934,545.6874760002393,753.0
1780669718,40,GET,/health,2.400000,0.000000,3,6,12,16,22,31,54,54,54,54,54,261,0,3,16.519444582372948,2.194705999954749,273.5818549999749,57.0
1780669718,40,,Aggregated,16.200000,0.000000,150,580,850,920,1100,1300,1400,1700,1900,1900,1900,3119,0,170,460.05649071529376,2.194705999954749,3109.0671420001854,2704.0561077268353
1780669719,40,POST,/api/book,12.000000,0.000000,570,890,960,1000,1300,1400,1500,1700,1900,1900,1900,2396,0,300,595.6146431060092,93.11400700016748,3109.0671420001854,3381.760016694491
1780669719,40,GET,/api/concerts,2.200000,0.000000,6,12,27,33,36,43,49,49,49,49,49,476,0,3,18.977179521018208,2.3358680000455934,545.6874760002393,753.0
1780669719,40,GET,/health,2.400000,0.000000,3,5,6,12,22,31,54,54,54,54,54,261,0,3,16.519444582372948,2.194705999954749,273.5818549999749,57.0
1780669719,40,,Aggregated,16.600000,0.000000,150,580,870,920,1100,1300,1500,1700,1900,1900,1900,3133,0,170,459.7629739451009,2.194705999954749,3109.0671420001854,2705.394829237153
1780669720,40,POST,/api/book,11.900000,0.000000,580,850,920,970,1300,1400,1500,1700,1900,1900,1900,2407,0,300,595.004816406314,93.11400700016748,3109.0671420001854,3381.7474034067304
1780669720,40,GET,/api/concerts,2.400000,0.000000,9,20,27,33,43,49,62,62,62,62,62,479,0,3,19.036131876837622,2.3358680000455934,545.6874760002393,753.0
1780669720,40,GET,/health,2.500000,0.000000,3,4,6,6,22,54,54,54,54,54,54,261,0,3,16.519444582372948,2.194705999954749,273.5818549999749,57.0
1780669720,40,,Aggregated,16.800000,0.000000,150,600,830,890,1000,1300,1500,1700,1900,1900,1900,3147,0,170,459.360176452177,2.194705999954749,3109.0671420001854,2705.888147442008
1780669721,40,POST,/api/book,11.700000,0.000000,570,850,930,1000,1300,1400,1500,1700,1900,1900,1900,2419,0,300,594.6590959636204,93.11400700016748,3109.0671420001854,3381.7230260438196
1780669721,40,GET,/api/concerts,2.700000,0.000000,9,27,33,36,53,62,160,160,160,160,160,482,0,3,19.35637358092378,2.3358680000455934,545.6874760002393,753.0
1780669721,40,GET,/health,2.200000,0.000000,3,4,5,6,23,54,54,54,54,54,54,262,0,3,16.543535125952737,2.194705999954749,273.5818549999749,57.0
1780669721,40,,Aggregated,16.600000,0.000000,150,600,850,920,1100,1300,1500,1700,1900,1900,1900,3163,0,170,459.1035508710089,2.194705999954749,3109.0671420001854,2705.743914005691
1780669722,40,POST,/api/book,11.600000,0.000000,530,770,920,980,1300,1500,1700,1700,1900,1900,1900,2432,0,300,595.6503585296036,93.11400700016748,3109.0671420001854,3381.737664473684
1780669722,40,GET,/api/concerts,2.400000,0.000000,9,27,36,43,53,62,160,160,160,160,160,482,0,3,19.35637358092378,2.3358680000455934,545.6874760002393,753.0
1780669722,40,GET,/health,2.100000,0.000000,3,3,5,16,23,73,73,73,73,73,73,264,0,3,16.706273901513324,2.194705999954749,273.5818549999749,57.0
1780669722,40,,Aggregated,16.100000,0.000000,160,580,790,910,1200,1400,1700,1700,1900,1900,1900,3178,0,170,460.1516363499054,2.194705999954749,3109.0671420001854,2706.8533668974196
1780669723,40,POST,/api/book,11.600000,0.000000,570,790,920,1000,1300,1500,1700,1700,1900,1900,1900,2446,0,300,596.7863613307418,93.11400700016748,3109.0671420001854,3381.706459525756
1780669723,40,GET,/api/concerts,2.900000,0.000000,9,27,33,43,53,62,160,160,160,160,160,485,0,3,19.296927767020666,2.3358680000455934,545.6874760002393,753.0
1780669723,40,GET,/health,1.900000,0.000000,3,16,23,54,64,73,73,73,73,73,73,269,0,3,17.082457736058227,2.194705999954749,273.5818549999749,57.0
1780669723,40,,Aggregated,16.400000,0.000000,160,600,790,910,1200,1400,1500,1700,1900,1900,1900,3200,0,180,460.5292596603116,2.194705999954749,3109.0671420001854,2703.81
1780669724,40,POST,/api/book,11.900000,0.000000,530,770,920,980,1300,1500,1700,1700,1900,1900,1900,2457,0,300,595.5032356646293,93.11400700016748,3109.0671420001854,3381.713471713472
1780669724,40,GET,/api/concerts,2.600000,0.000000,9,27,36,43,53,62,160,160,160,160,160,485,0,3,19.296927767020666,2.3358680000455934,545.6874760002393,753.0
1780669724,40,GET,/health,1.800000,0.000000,6,23,54,58,64,73,73,73,73,73,73,270,0,3,17.04973739999871,2.194705999954749,273.5818549999749,57.0
1780669724,40,,Aggregated,16.300000,0.000000,190,600,780,910,1200,1400,1700,1700,1900,1900,1900,3212,0,180,459.87356447478106,2.194705999954749,3109.0671420001854,2705.312889165629
1780669725,40,POST,/api/book,11.900000,0.000000,530,810,950,1000,1300,1500,1700,1700,1900,1900,1900,2469,0,300,595.3432315431327,93.11400700016748,3109.0671420001854,3381.6933981368975
1780669725,40,GET,/api/concerts,2.600000,0.000000,4,29,33,36,53,62,160,160,160,160,160,488,0,3,19.248964245912806,2.3358680000455934,545.6874760002393,753.0
1780669725,40,GET,/health,1.700000,0.000000,8,23,54,54,64,73,73,73,73,73,73,272,0,3,17.11374384926417,2.194705999954749,273.5818549999749,57.0
1780669725,40,,Aggregated,16.200000,0.000000,190,600,810,930,1200,1400,1500,1700,1900,1900,1900,3229,0,180,459.569796085165,2.194705999954749,3109.0671420001854,2704.3570764942706
1780669726,40,POST,/api/book,12.200000,0.000000,600,830,960,1000,1300,1500,1700,1700,1900,1900,1900,2484,0,300,596.7379736638466,93.11400700016748,3109.0671420001854,3381.6388888888887
1780669726,40,GET,/api/concerts,2.500000,0.000000,8,23,33,36,53,62,160,160,160,160,160,492,0,3,19.264655882124302,2.3358680000455934,545.6874760002393,753.0
1780669726,40,GET,/health,1.700000,0.000000,17,35,54,58,64,73,73,73,73,73,73,273,0,3,17.059632728937636,2.194705999954749,273.5818549999749,57.0
1780669726,40,,Aggregated,16.400000,0.000000,230,710,850,950,1300,1400,1500,1700,1900,1900,1900,3249,0,180,460.5825229332094,2.194705999954749,3109.0671420001854,2704.225300092336
1780669727,40,POST,/api/book,12.100000,0.000000,570,790,950,1000,1300,1500,1500,1700,1900,1900,1900,2495,0,300,596.4340973278535,93.11400700016748,3109.0671420001854,3381.7390781563126
1780669727,40,GET,/api/concerts,2.600000,0.000000,8,23,29,53,55,62,160,160,160,160,160,494,0,3,19.306181344139993,2.3358680000455934,545.6874760002393,753.0
1780669727,40,GET,/health,1.500000,0.000000,8,23,54,58,64,73,73,73,73,73,73,274,0,3,17.007237700729927,2.194705999954749,273.5818549999749,57.0
1780669727,40,,Aggregated,16.200000,0.000000,220,620,810,890,1300,1400,1500,1700,1900,1900,1900,3263,0,180,460.4046305691072,2.194705999954749,3109.0671420001854,2704.5783021759116
1780669728,40,POST,/api/book,12.100000,0.000000,530,770,930,1000,1300,1400,1500,1500,1700,1700,1700,2505,0,300,596.1105229289402,93.11400700016748,3109.0671420001854,3381.7640718562875
1780669728,40,GET,/api/concerts,2.700000,0.000000,4,21,29,53,55,62,160,160,160,160,160,496,0,3,19.240338026220673,2.3358680000455934,545.6874760002393,753.0
1780669728,40,GET,/health,1.300000,0.000000,8,23,54,58,64,73,73,73,73,73,73,276,0,3,16.908522079710156,2.194705999954749,273.5818549999749,57.0
1780669728,40,,Aggregated,16.100000,0.000000,220,600,780,870,1200,1300,1500,1500,1700,1700,1700,3277,0,180,460.0142873640519,2.194705999954749,3109.0671420001854,2703.8568812938665
1780669729,40,POST,/api/book,12.600000,0.000000,530,830,1000,1100,1300,1400,1500,1500,1700,1700,1700,2519,0,300,596.25888011155,93.11400700016748,3109.0671420001854,3381.728463676062
1780669729,40,GET,/api/concerts,2.500000,0.000000,8,23,36,53,55,62,160,160,160,160,160,497,0,3,19.274808670031366,2.3358680000455934,545.6874760002393,753.0
1780669729,40,GET,/health,1.500000,0.000000,8,23,54,54,64,73,73,73,73,73,73,277,0,3,16.856522758122075,2.194705999954749,273.5818549999749,57.0
1780669729,40,,Aggregated,16.600000,0.000000,200,690,850,980,1300,1300,1500,1500,1700,1700,1700,3293,0,180,460.4387961475849,2.194705999954749,3109.0671420001854,2705.315517764956
1780669730,40,POST,/api/book,12.200000,0.000000,530,850,1000,1200,1300,1500,1600,1700,2000,2000,2000,2525,0,300,596.717561211879,93.11400700016748,3109.0671420001854,3381.7128712871286
1780669730,40,GET,/api/concerts,2.300000,0.000000,8,29,52,53,62,87,160,160,160,160,160,501,0,3,19.409224033942465,2.3358680000455934,545.6874760002393,753.0
1780669730,40,GET,/health,1.500000,0.000000,6,17,54,58,64,73,73,73,73,73,73,277,0,3,16.856522758122075,2.194705999954749,273.5818549999749,57.0
1780669730,40,,Aggregated,16.000000,0.000000,220,690,870,1000,1300,1400,1600,1700,2000,2000,2000,3303,0,180,460.52228886012625,2.194705999954749,3109.0671420001854,2704.1680290644867
1780669731,40,POST,/api/book,12.100000,0.000000,570,870,1100,1300,1500,2200,2700,2900,2900,2900,2900,2542,0,300,600.9339036101474,93.11400700016748,3109.0671420001854,3381.73564122738
1780669731,40,GET,/api/concerts,2.200000,0.000000,9,23,36,43,53,55,87,87,87,87,87,504,0,3,19.436899890884376,2.3358680000455934,545.6874760002393,753.0
1780669731,40,GET,/health,1.500000,0.000000,8,35,54,58,64,73,73,73,73,73,73,277,0,3,16.856522758122075,2.194705999954749,273.5818549999749,57.0
1780669731,40,,Aggregated,15.800000,0.000000,230,690,930,1000,1300,2000,2700,2900,2900,2900,2900,3323,0,180,464.0503873987354,2.194705999954749,3109.0671420001854,2705.8901594944327
1780669732,40,POST,/api/book,11.800000,0.000000,480,830,1100,1300,2000,2700,2900,3000,3000,3000,3000,2557,0,300,602.836814502149,93.11400700016748,3109.0671420001854,3381.7524442706294
1780669732,40,GET,/api/concerts,2.200000,0.000000,8,21,36,43,53,55,87,87,87,87,87,505,0,3,19.4039591485262,2.3358680000455934,545.6874760002393,753.0
1780669732,40,GET,/health,1.600000,0.000000,5,17,35,54,58,64,64,64,64,64,64,279,0,3,16.761819795699328,2.194705999954749,273.5818549999749,57.0
1780669732,40,,Aggregated,15.600000,0.000000,200,610,860,1100,1400,2400,2900,3000,3000,3000,3000,3341,0,180,465.7076569215798,2.194705999954749,3109.0671420001854,2706.767135588147
1780669733,40,POST,/api/book,11.800000,0.000000,340,830,1000,1200,2000,2700,2900,3000,3000,3000,3000,2569,0,300,601.2528057617733,93.11400700016748,3109.0671420001854,3381.7395873880887
1780669733,40,GET,/api/concerts,2.100000,0.000000,8,21,36,43,53,55,87,87,87,87,87,506,0,3,19.37069032412179,2.3358680000455934,545.6874760002393,753.0
1780669733,40,GET,/health,1.500000,0.000000,4,5,8,8,17,35,35,35,35,35,35,280,0,3,16.714864278571895,2.194705999954749,273.5818549999749,57.0
1780669733,40,,Aggregated,15.400000,0.000000,200,600,850,1000,1400,2400,2900,3000,3000,3000,3000,3355,0,180,464.70944539612486,2.194705999954749,3109.0671420001854,2707.799403874814
1780669734,40,POST,/api/book,12.700000,0.000000,330,810,1000,1300,2000,2700,2900,3000,3000,3000,3000,2578,0,300,600.6292100271514,93.11400700016748,3109.0671420001854,3381.7726920093096
1780669734,40,GET,/api/concerts,2.300000,0.000000,9,21,36,43,53,55,87,87,87,87,87,508,0,3,19.33515012205865,2.327459000298404,545.6874760002393,753.0
1780669734,40,GET,/health,1.400000,0.000000,4,4,5,17,50,50,50,50,50,50,50,281,0,3,16.83212423131732,2.194705999954749,273.5818549999749,57.0
1780669734,40,,Aggregated,16.400000,0.000000,180,590,830,1000,1500,2400,2900,3000,3000,3000,3000,3367,0,180,464.20379763023453,2.194705999954749,3109.0671420001854,2707.677754677755
1780669735,40,POST,/api/book,12.200000,0.000000,290,690,1100,1300,2200,2700,2900,3000,3000,3000,3000,2586,0,300,601.6769663078101,93.11400700016748,3109.0671420001854,3381.779969064192
1780669735,40,GET,/api/concerts,2.200000,0.000000,4,20,36,43,53,55,87,87,87,87,87,514,0,3,19.23329864592495,2.327459000298404,545.6874760002393,753.0
1780669735,40,GET,/health,1.400000,0.000000,3,4,4,4,5,50,50,50,50,50,50,283,0,3,16.732126763251117,2.194705999954749,273.5818549999749,57.0
1780669735,40,,Aggregated,15.800000,0.000000,170,340,690,1000,1600,2400,2900,3000,3000,3000,3000,3383,0,180,464.2499977091338,2.194705999954749,3109.0671420001854,2704.243570795152
1780669736,40,POST,/api/book,12.000000,0.000000,340,850,1300,2000,2400,2700,2900,3000,3000,3000,3000,2600,0,300,607.7538839573061,93.11400700016748,3109.0671420001854,3381.768846153846
1780669736,40,GET,/api/concerts,2.200000,0.000000,3,18,36,41,52,55,87,87,87,87,87,515,0,3,19.20098691069019,2.327459000298404,545.6874760002393,753.0
1780669736,40,GET,/health,1.200000,0.000000,3,4,4,5,19,50,50,50,50,50,50,287,0,3,16.59447956097635,2.194705999954749,273.5818549999749,57.0
1780669736,40,,Aggregated,15.400000,0.000000,190,470,1000,1300,2300,2700,2900,3000,3000,3000,3000,3402,0,180,468.7863674844206,2.194705999954749,3109.0671420001854,2703.3371546149324
1780669737,40,POST,/api/book,11.700000,0.000000,340,990,1300,2000,2400,2700,2900,3000,3000,3000,3000,2610,0,300,607.6370996628335,93.11400700016748,3109.0671420001854,3381.763601532567
1780669737,40,GET,/api/concerts,2.500000,0.000000,3,18,24,36,43,52,87,87,87,87,87,518,0,3,19.14776827414184,2.327459000298404,545.6874760002393,753.0
1780669737,40,GET,/health,1.000000,0.000000,3,4,4,5,19,50,50,50,50,50,50,287,0,3,16.59447956097635,2.194705999954749,273.5818549999749,57.0
1780669737,40,,Aggregated,15.200000,0.000000,200,400,1000,1300,2300,2700,2900,3000,3000,3000,3000,3415,0,180,468.70102187994104,2.194705999954749,3109.0671420001854,2703.6064421669107
1780669738,40,POST,/api/book,11.300000,0.000000,320,630,1500,2000,2400,2700,2900,3000,3000,3000,3000,2618,0,300,606.598902229181,93.11400700016748,3109.0671420001854,3381.7608861726508
1780669738,40,GET,/api/concerts,2.600000,0.000000,3,16,20,24,43,52,87,87,87,87,87,520,0,3,19.110179388473206,2.327459000298404,545.6874760002393,753.0
1780669738,40,GET,/health,1.300000,0.000000,3,4,5,19,22,50,50,50,50,50,50,290,0,3,16.519670372413046,2.194705999954749,273.5818549999749,57.0
1780669738,40,,Aggregated,15.200000,0.000000,170,340,630,1300,2300,2700,2900,3000,3000,3000,3000,3428,0,180,467.56240482088674,2.194705999954749,3109.0671420001854,2701.7327887981332
1780669739,40,POST,/api/book,11.400000,0.000000,330,810,1900,2000,2400,2700,2900,3000,3000,3000,3000,2630,0,300,608.0709059653976,93.11400700016748,3109.0671420001854,3381.7243346007604
1780669739,40,GET,/api/concerts,2.300000,0.000000,3,9,18,20,41,43,87,87,87,87,87,522,0,3,19.04948630269361,2.327459000298404,545.6874760002393,753.0
1780669739,40,GET,/health,1.300000,0.000000,3,4,5,19,22,50,50,50,50,50,50,290,0,3,16.519670372413046,2.194705999954749,273.5818549999749,57.0
1780669739,40,,Aggregated,15.000000,0.000000,170,360,810,1900,2300,2700,2900,3000,3000,3000,3000,3442,0,180,468.9020973117371,2.194705999954749,3109.0671420001854,2702.943346891342
1780669740,40,POST,/api/book,11.500000,0.000000,340,970,1900,2100,2500,2800,2900,3000,3000,3000,3000,2639,0,300,610.5150079352014,93.11400700016748,3109.0671420001854,3381.7635467980294
1780669740,40,GET,/api/concerts,2.400000,0.000000,3,4,13,16,24,41,43,43,43,43,43,525,0,3,18.959242420964333,2.327459000298404,545.6874760002393,753.0
1780669740,40,GET,/health,1.300000,0.000000,3,5,19,22,50,56,56,56,56,56,56,291,0,3,16.65627395876141,2.194705999954749,273.5818549999749,57.0
1780669740,40,,Aggregated,15.200000,0.000000,170,390,970,1900,2400,2700,2900,3000,3000,3000,3000,3455,0,180,470.60772328046306,2.194705999954749,3109.0671420001854,2702.282489146165
1780669741,40,POST,/api/book,11.300000,0.000000,380,1100,1900,2100,2700,2900,3200,3400,3600,3600,3600,2660,0,310,618.3145352684187,93.11400700016748,3582.7742369997395,3381.789097744361
1780669741,40,GET,/api/concerts,2.400000,0.000000,3,4,4,13,18,24,41,41,41,41,41,526,0,3,18.929901741456693,2.327459000298404,545.6874760002393,753.0
1780669741,40,GET,/health,1.400000,0.000000,3,5,19,19,50,56,56,56,56,56,56,293,0,3,16.609497320816953,2.194705999954749,273.5818549999749,57.0
1780669741,40,,Aggregated,15.100000,0.000000,180,470,1200,1900,2400,2800,3200,3400,3600,3600,3600,3479,0,180,477.0164917634369,2.194705999954749,3582.7742369997395,2704.3225064673757
1780669742,40,POST,/api/book,11.200000,0.000000,400,980,1900,2100,2700,2900,3200,3400,3600,3600,3600,2674,0,310,616.8004622445752,93.11400700016748,3582.7742369997395,3381.8160059835454
1780669742,40,GET,/api/concerts,2.500000,0.000000,3,4,16,18,24,33,41,41,41,41,41,529,0,3,18.93472132704356,2.327459000298404,545.6874760002393,753.0
1780669742,40,GET,/health,1.400000,0.000000,3,19,22,32,50,56,56,56,56,56,56,294,0,3,16.662458258501303,2.194705999954749,273.5818549999749,57.0
1780669742,40,,Aggregated,15.100000,0.000000,200,590,1100,1800,2400,2800,3200,3400,3600,3600,3600,3497,0,180,475.9049660714891,2.194705999954749,3582.7742369997395,2704.6242493565915
1780669743,40,POST,/api/book,11.500000,0.000000,500,980,1900,2100,2600,2900,3200,3400,3600,3600,3600,2686,0,310,615.9837500163792,93.11400700016748,3582.7742369997395,3381.7732688011915
1780669743,40,GET,/api/concerts,2.200000,0.000000,4,11,16,18,24,33,41,41,41,41,41,530,0,3,18.91943928680344,2.327459000298404,545.6874760002393,753.0
1780669743,40,GET,/health,1.500000,0.000000,3,19,22,32,50,56,56,56,56,56,56,297,0,3,16.639424548820255,2.194705999954749,273.5818549999749,57.0
1780669743,40,,Aggregated,15.200000,0.000000,220,600,980,1800,2400,2800,3200,3400,3600,3600,3600,3513,0,180,475.2352873489889,2.194705999954749,3582.7742369997395,2704.088243666382
1780669744,40,POST,/api/book,11.400000,0.000000,460,880,1900,2000,2600,2900,3200,3400,3600,3600,3600,2695,0,310,615.3821496337646,93.11400700016748,3582.7742369997395,3381.7551020408164
1780669744,40,GET,/api/concerts,2.300000,0.000000,4,6,16,23,33,45,45,45,45,45,45,532,0,3,18.9446785338457,2.327459000298404,545.6874760002393,753.0
1780669744,40,GET,/health,1.700000,0.000000,3,17,22,22,37,56,56,56,56,56,56,297,0,3,16.639424548820255,2.194705999954749,273.5818549999749,57.0
1780669744,40,,Aggregated,15.400000,0.000000,220,590,920,1300,2400,2800,3200,3400,3600,3600,3600,3524,0,180,474.8795037837682,2.194705999954749,3582.7742369997395,2704.6977866061293
1780669745,40,POST,/api/book,11.600000,0.000000,500,880,1700,1900,2600,2900,3200,3400,3600,3600,3600,2708,0,310,615.9805442662466,93.11400700016748,3582.7742369997395,3381.7758493353026
1780669745,40,GET,/api/concerts,2.300000,0.000000,4,11,23,24,45,77,77,77,77,77,77,533,0,3,19.052850202638226,2.327459000298404,545.6874760002393,753.0
1780669745,40,GET,/health,1.400000,0.000000,9,19,22,32,37,56,56,56,56,56,56,299,0,3,16.56922438796086,2.194705999954749,273.5818549999749,57.0
1780669745,40,,Aggregated,15.300000,0.000000,250,600,970,1700,2300,2800,3200,3400,3600,3600,3600,3540,0,180,475.47589862231644,2.194705999954749,3582.7742369997395,2705.152824858757
1780669746,40,POST,/api/book,11.500000,0.000000,460,770,1200,1500,2100,2900,3200,3400,3600,3600,3600,2721,0,310,616.6398174604907,93.11400700016748,3582.7742369997395,3381.738699007718
1780669746,40,GET,/api/concerts,2.400000,0.000000,4,11,23,33,51,77,77,77,77,77,77,534,0,3,19.11234933334455,2.327459000298404,545.6874760002393,753.0
1780669746,40,GET,/health,1.600000,0.000000,3,9,22,32,37,56,56,56,56,56,56,302,0,3,16.43070001655541,2.194705999954749,273.5818549999749,57.0
1780669746,40,,Aggregated,15.500000,0.000000,220,530,780,1100,2000,2700,3200,3400,3600,3600,3600,3557,0,180,475.9755437894289,2.194705999954749,3582.7742369997395,2704.8150126511105
1780669747,40,POST,/api/book,11.900000,0.000000,490,780,1200,1700,2100,2900,3200,3400,3600,3600,3600,2730,0,310,616.5458864512808,93.11400700016748,3582.7742369997395,3381.7395604395606
1780669747,40,GET,/api/concerts,2.100000,0.000000,4,11,33,33,51,77,77,77,77,77,77,535,0,3,19.082613721506466,2.327459000298404,545.6874760002393,753.0
1780669747,40,GET,/health,1.700000,0.000000,3,6,17,32,37,56,56,56,56,56,56,304,0,3,16.355034671050817,2.194705999954749,273.5818549999749,57.0
1780669747,40,,Aggregated,15.700000,0.000000,200,540,840,1200,2000,2700,3200,3400,3600,3600,3600,3569,0,180,475.8619778349677,2.194705999954749,3582.7742369997395,2704.4920145699075
1780669748,40,POST,/api/book,12.700000,0.000000,510,880,1500,1800,2300,2900,3200,3400,3600,3600,3600,2743,0,310,619.0059077801667,93.11400700016748,3582.7742369997395,3381.6551221290556
1780669748,40,GET,/api/concerts,1.800000,0.000000,6,23,28,33,51,77,77,77,77,77,77,538,0,3,19.06187537733481,2.327459000298404,545.6874760002393,753.0
1780669748,40,GET,/health,1.400000,0.000000,3,6,17,17,37,56,56,56,56,56,56,306,0,3,16.267909343134626,2.194705999954749,273.5818549999749,57.0
1780669748,40,,Aggregated,15.900000,0.000000,240,600,940,1400,2100,2700,3200,3400,3600,3600,3600,3587,0,180,477.60425822497916,2.194705999954749,3582.7742369997395,2703.7736269863394
1780669749,40,POST,/api/book,12.200000,0.000000,500,840,1200,1500,2100,2700,3200,3400,3600,3600,3600,2759,0,310,618.6287620221091,93.11400700016748,3582.7742369997395,3381.6687205509243
1780669749,40,GET,/api/concerts,1.900000,0.000000,6,15,28,33,51,77,77,77,77,77,77,541,0,3,18.971085665445788,2.327459000298404,545.6874760002393,753.0
1780669749,40,GET,/health,1.600000,0.000000,3,4,6,9,32,37,37,37,37,37,37,308,0,3,16.179811204542837,2.194705999954749,273.5818549999749,57.0
1780669749,40,,Aggregated,15.700000,0.000000,230,600,900,1200,1900,2600,3200,3400,3600,3600,3600,3608,0,180,477.28478204406935,2.194705999954749,3582.7742369997395,2703.7009423503328
1780669750,40,POST,/api/book,12.300000,0.000000,360,600,900,1200,1800,2100,2400,2600,3200,3200,3200,2768,0,310,617.3730979985544,93.11400700016748,3582.7742369997395,3381.666184971098
1780669750,40,GET,/api/concerts,1.800000,0.000000,4,15,28,33,51,76,77,77,77,77,77,546,0,3,18.96052556594441,2.327459000298404,545.6874760002393,753.0
1780669750,40,GET,/health,1.700000,0.000000,3,4,9,9,32,37,37,37,37,37,37,308,0,3,16.179811204542837,2.194705999954749,273.5818549999749,57.0
1780669750,40,,Aggregated,15.800000,0.000000,200,450,690,880,1600,1900,2300,2600,3200,3200,3200,3622,0,180,476.0421214991721,2.194705999954749,3582.7742369997395,2702.690778575373
1780669751,40,POST,/api/book,12.800000,0.000000,360,540,800,940,1700,1800,2300,2300,2400,2400,2400,2776,0,310,616.9450915630398,93.11400700016748,3582.7742369997395,3381.631484149856
1780669751,40,GET,/api/concerts,1.900000,0.000000,6,28,45,49,76,77,82,82,82,82,82,549,0,3,19.10108957013696,2.327459000298404,545.6874760002393,753.0
1780669751,40,GET,/health,1.800000,0.000000,3,4,9,17,37,70,70,70,70,70,70,310,0,3,16.310813025803885,2.194705999954749,273.5818549999749,57.0
1780669751,40,,Aggregated,16.500000,0.000000,200,420,540,740,1500,1800,2300,2300,2400,2400,2400,3635,0,180,475.4284523771666,2.194705999954749,3582.7742369997395,2701.093810178817
1780669752,40,POST,/api/book,12.900000,0.000000,360,600,900,1200,1800,1900,2300,2300,2400,2400,2400,2784,0,310,617.2167158315368,93.11400700016748,3582.7742369997395,3381.6041666666665
1780669752,40,GET,/api/concerts,2.100000,0.000000,4,15,45,49,76,77,82,82,82,82,82,551,0,3,19.04104463521778,2.327459000298404,545.6874760002393,753.0
1780669752,40,GET,/health,1.700000,0.000000,3,3,6,6,37,70,70,70,70,70,70,310,0,3,16.310813025803885,2.194705999954749,273.5818549999749,57.0
1780669752,40,,Aggregated,16.700000,0.000000,180,450,600,770,1500,1800,2300,2300,2400,2400,2400,3645,0,180,475.6870519909466,2.194705999954749,3582.7742369997395,2701.497668038409
1780669753,40,POST,/api/book,12.300000,0.000000,410,740,1300,1500,2000,2300,3200,3300,3400,3400,3400,2803,0,310,621.9355863335705,93.11400700016748,3582.7742369997395,3381.5636817695326
1780669753,40,GET,/api/concerts,2.300000,0.000000,3,15,45,49,76,77,82,82,82,82,82,552,0,3,19.02089083153135,2.327459000298404,545.6874760002393,753.0
1780669753,40,GET,/health,1.600000,0.000000,3,3,4,6,9,70,70,70,70,70,70,311,0,3,16.26680057877563,2.194705999954749,273.5818549999749,57.0
1780669753,40,,Aggregated,16.200000,0.000000,200,500,800,1200,1800,2300,3200,3300,3400,3400,3400,3666,0,180,479.77194632078573,2.194705999954749,3582.7742369997395,2703.7386797599565
1780669754,40,POST,/api/book,11.200000,0.000000,370,830,1400,1700,2200,2500,3200,3300,3400,3400,3400,2820,0,310,622.7525288060276,93.11400700016748,3582.7742369997395,3381.604964539007
1780669754,40,GET,/api/concerts,2.300000,0.000000,3,15,45,49,76,77,82,82,82,82,82,553,0,3,18.991213278490214,2.327459000298404,545.6874760002393,753.0
1780669754,40,GET,/health,1.600000,0.000000,3,4,6,9,37,70,70,70,70,70,70,312,0,3,16.333369820510296,2.194705999954749,273.5818549999749,57.0
1780669754,40,,Aggregated,15.100000,0.000000,190,500,940,1400,1900,2300,2700,3300,3400,3400,3400,3685,0,180,480.80333339484395,2.194705999954749,3582.7742369997395,2705.6496607869744
1780669755,40,POST,/api/book,11.200000,0.000000,320,630,1300,1500,2200,2500,3200,3300,3400,3400,3400,2829,0,310,621.6215913085886,93.11400700016748,3582.7742369997395,3381.5263343937786
1780669755,40,GET,/api/concerts,2.300000,0.000000,3,8,28,41,51,76,82,82,82,82,82,556,0,3,18.97364105396594,2.327459000298404,545.6874760002393,753.0
1780669755,40,GET,/health,1.600000,0.000000,3,3,6,18,37,70,70,70,70,70,70,314,0,3,16.295145121018038,2.194705999954749,273.5818549999749,57.0
1780669755,40,,Aggregated,15.100000,0.000000,180,350,660,1200,1900,2300,3200,3300,3400,3400,3400,3699,0,180,479.65220378642863,2.194705999954749,3582.7742369997395,2704.2184374155177
1780669756,40,POST,/api/book,12.500000,0.000000,330,630,1100,1400,2200,2500,3200,3300,3400,3400,3400,2840,0,310,621.4180542028158,93.11400700016748,3582.7742369997395,3381.537323943662
1780669756,40,GET,/api/concerts,2.200000,0.000000,3,4,15,28,49,76,82,82,82,82,82,557,0,3,18.94392727110368,2.327459000298404,545.6874760002393,753.0
1780669756,40,GET,/health,1.500000,0.000000,3,3,18,18,37,70,70,70,70,70,70,315,0,3,16.25168025396609,2.194705999954749,273.5818549999749,57.0
1780669756,40,,Aggregated,16.200000,0.000000,190,370,670,960,1900,2300,3200,3300,3400,3400,3400,3712,0,180,479.66010794881436,2.194705999954749,3582.7742369997395,2704.995150862069
1780669757,40,POST,/api/book,12.200000,0.000000,320,500,940,1200,2000,2500,3200,3300,3400,3400,3400,2847,0,310,620.6792098812775,93.11400700016748,3582.7742369997395,3381.5504039339658
1780669757,40,GET,/api/concerts,2.200000,0.000000,3,3,8,28,49,76,82,82,82,82,82,559,0,3,18.886060214677784,2.327459000298404,545.6874760002393,753.0
1780669757,40,GET,/health,1.500000,0.000000,3,3,18,37,70,70,70,70,70,70,70,315,0,3,16.25168025396609,2.194705999954749,273.5818549999749,57.0
1780669757,40,,Aggregated,15.900000,0.000000,180,350,550,910,1700,2300,3200,3300,3400,3400,3400,3721,0,180,479.10515922386435,2.194705999954749,3582.7742369997395,2705.2287019618384
1780669758,40,POST,/api/book,11.700000,0.000000,270,430,940,1400,2300,2500,3200,3300,3400,3400,3400,2864,0,310,622.6970030223456,93.11400700016748,3582.7742369997395,3381.5558659217877
1780669758,40,GET,/api/concerts,2.300000,0.000000,3,8,41,41,49,76,82,82,82,82,82,563,0,3,18.929008632335233,2.327459000298404,545.6874760002393,753.0
1780669758,40,GET,/health,1.500000,0.000000,3,3,18,37,70,70,70,70,70,70,70,315,0,3,16.25168025396609,2.194705999954749,273.5818549999749,57.0
1780669758,40,,Aggregated,15.500000,0.000000,190,320,500,940,2200,2500,3200,3300,3400,3400,3400,3742,0,180,480.80719609727413,2.194705999954749,3582.7742369997395,2706.218599679316
1780669759,40,POST,/api/book,11.800000,0.000000,330,630,1400,1800,2300,2500,3200,3300,3400,3400,3400,2879,0,310,625.5944038405687,93.11400700016748,3582.7742369997395,3381.543591524835
1780669759,40,GET,/api/concerts,2.400000,0.000000,3,12,41,44,76,82,82,82,82,82,82,563,0,3,18.929008632335233,2.327459000298404,545.6874760002393,753.0
1780669759,40,GET,/health,1.200000,0.000000,3,18,37,37,70,70,70,70,70,70,70,315,0,3,16.25168025396609,2.194705999954749,273.5818549999749,57.0
1780669759,40,,Aggregated,15.400000,0.000000,220,410,940,1400,2200,2500,3200,3300,3400,3400,3400,3757,0,180,483.59398450811796,2.194705999954749,3582.7742369997395,2708.905509715198
1780669760,40,POST,/api/book,11.400000,0.000000,340,630,1400,1800,2300,2500,3200,3300,3400,3400,3400,2892,0,310,625.2724135916314,93.11400700016748,3582.7742369997395,3381.5380359612723
1780669760,40,GET,/api/concerts,2.600000,0.000000,3,41,41,44,49,73,73,73,73,73,73,565,0,3,19.071109076115548,2.327459000298404,545.6874760002393,753.0
1780669760,40,GET,/health,0.900000,0.000000,18,36,37,37,70,70,70,70,70,70,70,316,0,3,16.314692041137164,2.194705999954749,273.5818549999749,57.0
1780669760,40,,Aggregated,14.900000,0.000000,230,440,960,1400,2200,2500,3200,3300,3400,3400,3400,3773,0,180,483.49282783461456,2.194705999954749,3582.7742369997395,2709.4791942751126
1780669761,40,POST,/api/book,11.700000,0.000000,340,650,1300,1700,2300,2500,3200,3300,3400,3400,3400,2905,0,310,624.339292775903,93.11400700016748,3582.7742369997395,3381.5177280550774
1780669761,40,GET,/api/concerts,2.300000,0.000000,3,12,41,41,45,73,73,73,73,73,73,570,0,3,18.993329182467278,2.327459000298404,545.6874760002393,753.0
1780669761,40,GET,/health,0.700000,0.000000,18,36,37,37,70,70,70,70,70,70,70,316,0,3,16.314692041137164,2.194705999954749,273.5818549999749,57.0
1780669761,40,,Aggregated,14.700000,0.000000,260,500,940,1400,2200,2500,3200,3300,3400,3400,3400,3791,0,180,482.6397483073073,2.194705999954749,3582.7742369997395,2709.1878132418888
1780669762,40,POST,/api/book,12.600000,0.000000,330,540,960,1400,2200,2500,3200,3300,3400,3400,3400,2915,0,310,623.020710589022,93.11400700016748,3582.7742369997395,3381.52487135506
1780669762,40,GET,/api/concerts,2.000000,0.000000,3,12,40,41,44,45,73,73,73,73,73,573,0,3,18.976941610831638,2.327459000298404,545.6874760002393,753.0
1780669762,40,GET,/health,0.700000,0.000000,3,4,18,36,37,37,37,37,37,37,37,319,0,3,16.190020241377063,2.194705999954749,273.5818549999749,57.0
1780669762,40,,Aggregated,15.300000,0.000000,220,400,610,960,2100,2500,2700,3300,3400,3400,3400,3807,0,180,481.256573513791,2.194705999954749,3582.7742369997395,2707.327817178881
1780669763,40,POST,/api/book,12.500000,0.000000,330,480,670,790,2000,2300,2400,2500,2500,2500,2500,2927,0,310,622.2009416286296,93.11400700016748,3582.7742369997395,3381.499487529894
1780669763,40,GET,/api/concerts,2.100000,0.000000,3,12,40,41,44,45,73,73,73,73,73,574,0,3,18.94936776830353,2.327459000298404,545.6874760002393,753.0
1780669763,40,GET,/health,0.800000,0.000000,4,18,29,35,36,36,36,36,36,36,36,321,0,3,16.28778368847271,2.194705999954749,273.5818549999749,57.0
1780669763,40,,Aggregated,15.400000,0.000000,220,390,510,660,1400,2200,2400,2500,2500,2500,2500,3822,0,180,480.7136242307698,2.194705999954749,3582.7742369997395,2707.526949241235
1780669764,40,POST,/api/book,13.100000,0.000000,320,480,660,790,2000,2300,2400,2500,2500,2500,2500,2938,0,310,620.9932724292032,93.11400700016748,3582.7742369997395,3381.573519400953
1780669764,40,GET,/api/concerts,2.100000,0.000000,3,12,40,41,45,73,73,73,73,73,73,574,0,3,18.94936776830353,2.327459000298404,545.6874760002393,753.0
1780669764,40,GET,/health,0.700000,0.000000,4,6,29,35,36,36,36,36,36,36,36,322,0,3,16.25489114906808,2.194705999954749,273.5818549999749,57.0
1780669764,40,,Aggregated,15.900000,0.000000,220,400,510,660,1400,2200,2400,2500,2500,2500,2500,3834,0,180,480.07022599008945,2.194705999954749,3582.7742369997395,2708.8260302556077
1780669765,40,POST,/api/book,12.900000,0.000000,330,510,720,1300,2000,2300,2400,2500,2500,2500,2500,2949,0,310,622.5401724682936,93.11400700016748,3582.7742369997395,3381.5727365208545
1780669765,40,GET,/api/concerts,2.100000,0.000000,3,11,32,40,44,45,73,73,73,73,73,579,0,3,18.810651949924043,2.327459000298404,545.6874760002393,753.0
1780669765,40,GET,/health,1.000000,0.000000,6,29,35,36,39,39,39,39,39,39,39,324,0,3,16.286059481481175,2.194705999954749,273.5818549999749,57.0
1780669765,40,,Aggregated,16.000000,0.000000,210,400,600,710,1600,2200,2400,2500,2500,2500,2500,3852,0,180,480.79933005192146,2.194705999954749,3582.7742369997395,2706.830996884735
1780669766,40,POST,/api/book,11.600000,0.000000,330,540,730,1400,2000,2300,2400,2500,2500,2500,2500,2958,0,310,622.9540141000667,93.11400700016748,3582.7742369997395,3381.605476673428
1780669766,40,GET,/api/concerts,2.100000,0.000000,3,12,35,40,44,45,73,73,73,73,73,582,0,3,18.784782436436956,2.327459000298404,545.6874760002393,753.0
1780669766,40,GET,/health,1.000000,0.000000,6,29,35,36,39,39,39,39,39,39,39,324,0,3,16.286059481481175,2.194705999954749,273.5818549999749,57.0
1780669766,40,,Aggregated,14.700000,0.000000,210,410,610,730,1800,2200,2400,2500,2500,2500,2500,3864,0,180,481.0836957448244,2.194705999954749,3582.7742369997395,2706.910714285714
1780669767,40,POST,/api/book,12.200000,0.000000,380,650,1200,1500,2000,2300,2400,2500,2500,2500,2500,2973,0,310,623.3235336044395,92.0634340000106,3582.7742369997395,3381.5812310797173
1780669767,40,GET,/api/concerts,1.900000,0.000000,4,11,35,40,44,45,73,73,73,73,73,583,0,3,18.759109741005346,2.327459000298404,545.6874760002393,753.0
1780669767,40,GET,/health,0.900000,0.000000,6,29,36,36,38,39,39,39,39,39,39,326,0,3,16.310309119630716,2.194705999954749,273.5818549999749,57.0
1780669767,40,,Aggregated,15.000000,0.000000,230,440,690,1100,1800,2200,2400,2500,2500,2500,2500,3882,0,180,481.5545046774864,2.194705999954749,3582.7742369997395,2707.630602782071
1780669768,40,POST,/api/book,12.200000,0.000000,330,570,730,1100,1600,1900,2100,2100,2500,2500,2500,2984,0,310,622.5366838119974,92.0634340000106,3582.7742369997395,3381.536528150134
1780669768,40,GET,/api/concerts,2.500000,0.000000,4,11,24,32,40,45,73,73,73,73,73,585,0,3,18.7777766854803,2.327459000298404,545.6874760002393,753.0
1780669768,40,GET,/health,1.000000,0.000000,16,29,36,36,38,39,39,39,39,39,39,327,0,3,16.308198204892268,2.194705999954749,273.5818549999749,57.0
1780669768,40,,Aggregated,15.700000,0.000000,180,430,610,710,1600,1800,2100,2100,2500,2500,2500,3896,0,180,480.9977527384506,2.194705999954749,3582.7742369997395,2707.81545174538
1780669769,40,POST,/api/book,12.300000,0.000000,320,500,710,880,1600,1600,1900,1900,2000,2000,2000,2995,0,310,622.6622907846408,92.0634340000106,3582.7742369997395,3381.5909849749582
1780669769,40,GET,/api/concerts,2.300000,0.000000,4,8,24,24,35,40,45,45,45,45,45,586,0,3,18.759013935164226,2.327459000298404,545.6874760002393,753.0
1780669769,40,GET,/health,0.900000,0.000000,6,29,35,36,38,39,39,39,39,39,39,329,0,3,16.229406750760774,2.194705999954749,273.5818549999749,57.0
1780669769,40,,Aggregated,15.500000,0.000000,170,330,530,670,1500,1600,1900,1900,2000,2000,2000,3910,0,180,481.12680764373494,2.194705999954749,3582.7742369997395,2707.896675191816
1780669770,40,POST,/api/book,12.500000,0.000000,320,640,980,1500,1600,1900,2400,2600,2700,2700,2700,3016,0,310,625.7473474320296,92.0634340000106,3582.7742369997395,3381.625
1780669770,40,GET,/api/concerts,2.100000,0.000000,4,8,24,24,35,40,40,40,40,40,40,586,0,3,18.759013935164226,2.327459000298404,545.6874760002393,753.0
1780669770,40,GET,/health,1.200000,0.000000,5,16,29,35,38,39,39,39,39,39,39,330,0,3,16.19447883333371,2.194705999954749,273.5818549999749,57.0
1780669770,40,,Aggregated,15.800000,0.000000,210,430,690,980,1600,1800,2400,2600,2700,2700,2700,3932,0,180,484.1279145564612,2.194705999954749,3582.7742369997395,2710.846642929807
1780669771,40,POST,/api/book,12.000000,0.000000,320,640,1100,1500,1600,1900,2400,2600,2700,2700,2700,3028,0,310,624.8059457770811,92.0634340000106,3582.7742369997395,3381.621862615588
1780669771,40,GET,/api/concerts,2.200000,0.000000,4,8,24,24,35,40,40,40,40,40,40,588,0,3,18.759811624160065,2.327459000298404,545.6874760002393,753.0
1780669771,40,GET,/health,1.300000,0.000000,5,16,29,35,38,39,39,39,39,39,39,330,0,3,16.19447883333371,2.194705999954749,273.5818549999749,57.0
1780669771,40,,Aggregated,15.500000,0.000000,200,450,710,1100,1600,1800,2400,2600,2700,2700,2700,3946,0,180,483.6004437564637,2.194705999954749,3582.7742369997395,2711.8917891535734
1780669772,40,POST,/api/book,11.400000,0.000000,310,640,1000,1300,1600,1900,2400,2600,2700,2700,2700,3044,0,310,623.6665278485548,92.0634340000106,3582.7742369997395,3381.6353482260183
1780669772,40,GET,/api/concerts,2.200000,0.000000,3,8,24,24,35,53,53,53,53,53,53,590,0,3,18.79122023899257,2.327459000298404,545.6874760002393,753.0
1780669772,40,GET,/health,1.400000,0.000000,6,16,35,38,39,39,39,39,39,39,39,330,0,3,16.19447883333371,2.194705999954749,273.5818549999749,57.0
1780669772,40,,Aggregated,15.000000,0.000000,190,410,750,1100,1600,1800,2400,2600,2700,2700,2700,3964,0,180,483.0655672873371,2.194705999954749,3582.7742369997395,2713.617053481332
1780669773,40,POST,/api/book,12.600000,0.000000,310,640,1000,1300,1600,1900,2400,2600,2700,2700,2700,3053,0,310,622.677405113331,92.0634340000106,3582.7742369997395,3381.633475270226
1780669773,40,GET,/api/concerts,1.800000,0.000000,4,4,24,24,35,53,53,53,53,53,53,591,0,3,18.765740109992958,2.327459000298404,545.6874760002393,753.0
1780669773,40,GET,/health,1.400000,0.000000,6,16,35,38,39,39,39,39,39,39,39,330,0,3,16.19447883333371,2.194705999954749,273.5818549999749,57.0
1780669773,40,,Aggregated,15.800000,0.000000,200,470,820,1100,1600,1800,2400,2600,2700,2700,2700,3974,0,180,482.5034847083551,2.194705999954749,3582.7742369997395,2714.635128334172
1780669774,40,POST,/api/book,12.200000,0.000000,290,620,980,1100,1600,1900,2400,2600,2700,2700,2700,3057,0,310,622.0467791681386,92.0634340000106,3582.7742369997395,3381.623159960746
1780669774,40,GET,/api/concerts,1.700000,0.000000,4,24,25,35,53,130,140,140,140,140,140,596,0,3,19.117700793633915,2.327459000298404,545.6874760002393,753.0
1780669774,40,GET,/health,1.300000,0.000000,4,5,16,38,39,39,39,39,39,39,39,331,0,3,16.15391167371601,2.194705999954749,273.5818549999749,57.0
1780669774,40,,Aggregated,15.200000,0.000000,160,380,640,960,1600,1700,2400,2600,2700,2700,2700,3984,0,180,481.51056685592454,2.194705999954749,3582.7742369997395,2712.167921686747
1780669775,40,POST,/api/book,12.700000,0.000000,310,660,1100,1500,2300,2600,2800,2800,2800,2800,2800,3080,0,310,628.1253111538956,92.0634340000106,3582.7742369997395,3381.6295454545457
1780669775,40,GET,/api/concerts,1.800000,0.000000,24,25,35,53,130,140,140,140,140,140,140,596,0,3,19.117700793633915,2.327459000298404,545.6874760002393,753.0
1780669775,40,GET,/health,1.000000,0.000000,4,5,16,38,39,39,39,39,39,39,39,331,0,3,16.15391167371601,2.194705999954749,273.5818549999749,57.0
1780669775,40,,Aggregated,15.500000,0.000000,230,560,880,1100,2000,2600,2800,2800,2800,2800,2800,4007,0,180,486.9895315175947,2.194705999954749,3582.7742369997395,2716.015472922386
1780669776,40,POST,/api/book,12.500000,0.000000,310,640,960,1500,2300,2600,2800,2800,2800,2800,2800,3091,0,310,627.9190003568419,92.0634340000106,3582.7742369997395,3381.6179230022644
1780669776,40,GET,/api/concerts,2.100000,0.000000,13,24,35,35,130,140,140,140,140,140,140,598,0,3,19.079635046832557,2.327459000298404,545.6874760002393,753.0
1780669776,40,GET,/health,0.900000,0.000000,4,5,16,16,38,38,38,38,38,38,38,331,0,3,16.15391167371601,2.194705999954749,273.5818549999749,57.0
1780669776,40,,Aggregated,15.500000,0.000000,230,470,750,1000,2000,2600,2800,2800,2800,2800,2800,4020,0,180,486.97865587686624,2.194705999954749,3582.7742369997395,2716.8512437810946
1780669777,40,POST,/api/book,12.200000,0.000000,310,640,960,1500,2300,2600,2800,2800,2800,2800,2800,3102,0,310,626.7587961843968,92.06173800021134,3582.7742369997395,3381.6460348162477
1780669777,40,GET,/api/concerts,2.200000,0.000000,8,24,35,53,130,140,140,140,140,140,140,599,0,3,19.056774956604382,2.327459000298404,545.6874760002393,753.0
1780669777,40,GET,/health,0.900000,0.000000,3,4,4,5,5,5,5,5,5,5,5,332,0,3,16.112489448795692,2.194705999954749,273.5818549999749,57.0
1780669777,40,,Aggregated,15.300000,0.000000,230,520,820,1000,2000,2600,2800,2800,2800,2800,2800,4033,0,180,486.2311283064723,2.194705999954749,3582.7742369997395,2717.539548723035
1780669778,40,POST,/api/book,12.900000,0.000000,330,640,1000,1300,2400,2600,2800,2800,2800,2800,2800,3112,0,310,626.7569105141384,92.06173800021134,3582.7742369997395,3381.6192159383036
1780669778,40,GET,/api/concerts,1.600000,0.000000,8,13,35,35,130,140,140,140,140,140,140,601,0,3,19.016602722139865,2.327459000298404,545.6874760002393,753.0
1780669778,40,GET,/health,0.700000,0.000000,3,5,7,7,57,57,57,57,57,57,57,335,0,3,16.167134686567344,2.194705999954749,273.5818549999749,57.0
1780669778,40,,Aggregated,15.200000,0.000000,210,470,690,1000,2000,2600,2800,2800,2800,2800,2800,4048,0,180,485.99616449506,2.194705999954749,3582.7742369997395,2716.2171442687745
1780669779,40,POST,/api/book,12.900000,0.000000,450,750,1100,1600,2300,2600,2800,2800,2800,2800,2800,3132,0,310,628.6703297113662,92.06173800021134,3582.7742369997395,3381.6430395913153
1780669779,40,GET,/api/concerts,1.700000,0.000000,10,25,53,53,130,140,140,140,140,140,140,602,0,3,19.080300255824003,2.327459000298404,545.6874760002393,753.0
1780669779,40,GET,/health,0.700000,0.000000,3,5,7,7,57,57,57,57,57,57,57,336,0,3,16.125701157737435,2.194705999954749,273.5818549999749,57.0
1780669779,40,,Aggregated,15.300000,0.000000,240,640,1000,1200,2000,2600,2700,2800,2800,2800,2800,4070,0,180,487.9361299751849,2.194705999954749,3582.7742369997395,2718.369533169533
1780669780,40,POST,/api/book,12.700000,0.000000,340,660,1000,1100,2000,2600,2800,2800,2800,2800,2800,3142,0,310,628.4074413551874,92.06173800021134,3582.7742369997395,3381.606938255888
1780669780,40,GET,/api/concerts,1.700000,0.000000,10,25,53,57,130,140,140,140,140,140,140,602,0,3,19.080300255824003,2.327459000298404,545.6874760002393,753.0
1780669780,40,GET,/health,0.700000,0.000000,3,5,7,7,57,57,57,57,57,57,57,337,0,3,16.085611949554096,2.194705999954749,273.5818549999749,57.0
1780669780,40,,Aggregated,15.100000,0.000000,200,510,750,1000,1900,2500,2800,2800,2800,2800,2800,4081,0,180,487.9596600634654,2.194705999954749,3582.7742369997395,2719.3148738054397
1780669781,40,POST,/api/book,12.400000,0.000000,390,750,1000,1100,2000,2600,2800,2800,2800,2800,2800,3150,0,310,627.9873326717457,92.06173800021134,3582.7742369997395,3381.6346031746034
1780669781,40,GET,/api/concerts,1.600000,0.000000,10,25,53,53,130,140,140,140,140,140,140,605,0,3,19.04341365786144,2.327459000298404,545.6874760002393,753.0
1780669781,40,GET,/health,0.700000,0.000000,3,3,7,7,57,57,57,57,57,57,57,337,0,3,16.085611949554096,2.194705999954749,273.5818549999749,57.0
1780669781,40,,Aggregated,14.700000,0.000000,210,620,870,1000,1900,2500,2800,2800,2800,2800,2800,4092,0,180,487.5616359740964,2.194705999954749,3582.7742369997395,2719.189393939394
1780669782,40,POST,/api/book,13.200000,0.000000,390,690,1000,1200,2000,2600,2800,2800,2800,2800,2800,3167,0,310,626.9475957442373,92.06173800021134,3582.7742369997395,3381.602147142406
1780669782,40,GET,/api/concerts,1.600000,0.000000,13,30,34,42,130,140,140,140,140,140,140,608,0,3,19.106757319089763,2.327459000298404,545.6874760002393,753.0
1780669782,40,GET,/health,0.700000,0.000000,3,3,7,10,57,57,57,57,57,57,57,340,0,3,15.990096961763811,2.194705999954749,273.5818549999749,57.0
1780669782,40,,Aggregated,15.500000,0.000000,210,530,810,1000,1900,2500,2800,2800,2800,2800,2800,4115,0,180,486.657734420171,2.194705999954749,3582.7742369997395,2718.5268529769137
1780669783,40,POST,/api/book,12.100000,0.000000,450,750,1000,1200,2000,2600,2800,2800,2800,2800,2800,3176,0,310,626.3154734669396,92.06173800021134,3582.7742369997395,3381.5623425692697
1780669783,40,GET,/api/concerts,1.600000,0.000000,13,30,34,42,57,73,73,73,73,73,73,612,0,3,19.23087670752763,2.327459000298404,545.6874760002393,753.0
1780669783,40,GET,/health,0.700000,0.000000,3,3,7,10,57,57,57,57,57,57,57,340,0,3,15.990096961763811,2.194705999954749,273.5818549999749,57.0
1780669783,40,,Aggregated,14.400000,0.000000,210,610,830,1000,1900,2500,2800,2800,2800,2800,2800,4128,0,180,486.0426049522782,2.194705999954749,3582.7742369997395,2718.0373062015506
1780669784,40,POST,/api/book,12.800000,0.000000,450,690,910,1100,1900,2100,2600,2700,2800,2800,2800,3186,0,310,625.7276215197741,92.06173800021134,3582.7742369997395,3381.5665411173886
1780669784,40,GET,/api/concerts,1.800000,0.000000,13,30,34,42,57,73,73,73,73,73,73,613,0,3,19.204167429048468,2.327459000298404,545.6874760002393,753.0
1780669784,40,GET,/health,1.000000,0.000000,3,3,10,10,15,57,57,57,57,57,57,342,0,3,15.946871754384077,2.194705999954749,273.5818549999749,57.0
1780669784,40,,Aggregated,15.600000,0.000000,210,600,760,910,1600,2000,2600,2700,2800,2800,2800,4141,0,180,485.58178868292777,2.194705999954749,3582.7742369997395,2717.883120019319
1780669785,40,POST,/api/book,12.200000,0.000000,330,600,760,890,1300,1700,1900,1900,2000,2000,2000,3202,0,310,625.5347860049969,92.06173800021134,3582.7742369997395,3381.6064959400373
1780669785,40,GET,/api/concerts,1.900000,0.000000,22,30,42,54,73,93,93,93,93,93,93,615,0,3,19.33417839025468,2.327459000298404,545.6874760002393,753.0
1780669785,40,GET,/health,1.000000,0.000000,3,7,13,13,15,57,57,57,57,57,57,343,0,3,15.93879072303057,2.194705999954749,273.5818549999749,57.0
1780669785,40,,Aggregated,15.100000,0.000000,180,480,640,760,1200,1600,1900,1900,2000,2000,2000,4160,0,180,485.6538244509626,2.194705999954749,3582.7742369997395,2718.8822115384614
1780669786,40,POST,/api/book,12.600000,0.000000,420,720,900,1000,1600,1900,2000,2000,2300,2300,2300,3217,0,310,626.8990633823436,92.06173800021134,3582.7742369997395,3381.595896798259
1780669786,40,GET,/api/concerts,1.800000,0.000000,22,30,42,54,73,93,93,93,93,93,93,617,0,3,19.28210048623512,2.327459000298404,545.6874760002393,753.0
1780669786,40,GET,/health,1.100000,0.000000,3,10,13,15,37,57,57,57,57,57,57,345,0,3,15.960330310142878,2.194705999954749,273.5818549999749,57.0
1780669786,40,,Aggregated,15.500000,0.000000,200,530,760,890,1400,1800,1900,2000,2300,2300,2300,4179,0,180,486.75225098301104,2.194705999954749,3582.7742369997395,2719.038047379756
1780669787,40,POST,/api/book,12.600000,0.000000,410,650,870,1000,1600,1900,2000,2000,2300,2300,2300,3225,0,310,626.116564772403,92.06173800021134,3582.7742369997395,3381.6083720930233
1780669787,40,GET,/api/concerts,1.700000,0.000000,22,30,42,54,73,93,93,93,93,93,93,619,0,3,19.265697828767138,2.327459000298404,545.6874760002393,753.0
1780669787,40,GET,/health,1.100000,0.000000,3,10,13,15,37,57,57,57,57,57,57,347,0,3,15.883030409219359,2.194705999954749,273.5818549999749,57.0
1780669787,40,,Aggregated,15.400000,0.000000,210,520,720,870,1400,1800,1900,2000,2300,2300,2300,4191,0,180,485.9610593889294,2.194705999954749,3582.7742369997395,2718.1037938439513
1780669788,40,POST,/api/book,12.400000,0.000000,340,650,870,1000,1500,1900,2000,2000,2300,2300,2300,3233,0,310,625.3922567077017,92.06173800021134,3582.7742369997395,3381.596659449428
1780669788,40,GET,/api/concerts,1.900000,0.000000,19,26,34,42,57,73,93,93,93,93,93,622,0,3,19.18621262702098,2.327459000298404,545.6874760002393,753.0
1780669788,40,GET,/health,1.300000,0.000000,3,3,13,13,15,37,37,37,37,37,37,347,0,3,15.883030409219359,2.194705999954749,273.5818549999749,57.0
1780669788,40,,Aggregated,15.600000,0.000000,170,480,660,870,1400,1800,2000,2000,2300,2300,2300,4202,0,180,485.3256548648271,2.194705999954749,3582.7742369997395,2717.9550214183723
1780669789,40,POST,/api/book,12.400000,0.000000,320,600,870,1000,1700,2000,2100,2300,2400,2400,2400,3244,0,310,627.6117810561037,92.06173800021134,3582.7742369997395,3381.5474722564736
1780669789,40,GET,/api/concerts,1.800000,0.000000,3,22,26,34,54,73,93,93,93,93,93,627,0,3,19.055593100490928,2.327459000298404,545.6874760002393,753.0
1780669789,40,GET,/health,1.400000,0.000000,3,3,13,13,15,37,37,37,37,37,37,348,0,3,15.84433844827303,2.194705999954749,273.5818549999749,57.0
1780669789,40,,Aggregated,15.600000,0.000000,160,420,620,790,1400,1800,2100,2300,2400,2400,2400,4219,0,180,486.71114112349017,2.194705999954749,3582.7742369997395,2716.6880777435413
1780669790,40,POST,/api/book,12.500000,0.000000,410,600,870,1200,1700,2000,2100,2300,2400,2400,2400,3260,0,310,628.8300161776077,92.06173800021134,3582.7742369997395,3381.519018404908
1780669790,40,GET,/api/concerts,2.100000,0.000000,3,19,25,34,54,73,93,93,93,93,93,628,0,3,19.0372246305855,2.327459000298404,545.6874760002393,753.0
1780669790,40,GET,/health,1.300000,0.000000,3,10,13,13,15,37,37,37,37,37,37,348,0,3,15.84433844827303,2.194705999954749,273.5818549999749,57.0
1780669790,40,,Aggregated,15.900000,0.000000,170,480,650,840,1700,2000,2100,2300,2400,2400,2400,4236,0,180,488.06776666359906,2.194705999954749,3582.7742369997395,2718.71388101983
1780669791,40,POST,/api/book,12.300000,0.000000,430,620,980,1400,1800,2000,2100,2300,2400,2400,2400,3274,0,310,628.9894933020771,92.06173800021134,3582.7742369997395,3381.527183872938
1780669791,40,GET,/api/concerts,2.500000,0.000000,3,22,26,42,73,92,93,93,93,93,93,630,0,3,19.140326209535775,2.327459000298404,545.6874760002393,753.0
1780669791,40,GET,/health,1.300000,0.000000,3,10,13,15,37,42,42,42,42,42,42,350,0,3,15.899950719997703,2.194705999954749,273.5818549999749,57.0
1780669791,40,,Aggregated,16.100000,0.000000,160,540,660,900,1700,2000,2100,2300,2400,2400,2400,4254,0,180,488.2310741267055,2.194705999954749,3582.7742369997395,2718.7259050305593
1780669792,40,POST,/api/book,11.700000,0.000000,410,620,900,1400,1800,2000,2100,2300,2400,2400,2400,3287,0,310,628.0727977788259,92.06173800021134,3582.7742369997395,3381.515059324612
1780669792,40,GET,/api/concerts,2.600000,0.000000,3,11,26,54,92,93,110,110,110,110,110,632,0,3,19.262348158239508,2.327459000298404,545.6874760002393,753.0
1780669792,40,GET,/health,1.200000,0.000000,9,15,17,17,37,42,42,42,42,42,42,351,0,3,15.902288396009267,2.194705999954749,273.5818549999749,57.0
1780669792,40,,Aggregated,15.500000,0.000000,190,520,660,900,1700,2000,2100,2300,2400,2400,2400,4270,0,180,487.64187202857266,2.194705999954749,3582.7742369997395,2719.1903981264636
1780669793,40,POST,/api/book,12.400000,0.000000,410,610,980,1400,1800,2000,2100,2300,2400,2400,2400,3295,0,310,627.1256348816394,92.06173800021134,3582.7742369997395,3381.517450682853
1780669793,40,GET,/api/concerts,2.700000,0.000000,3,11,26,73,93,110,110,110,110,110,110,635,0,3,19.349937492924663,2.327459000298404,545.6874760002393,753.0
1780669793,40,GET,/health,1.300000,0.000000,9,13,17,17,37,42,42,42,42,42,42,352,0,3,15.868968267044052,2.194705999954749,273.5818549999749,57.0
1780669793,40,,Aggregated,16.400000,0.000000,190,480,660,980,1700,2000,2100,2300,2400,2400,2400,4282,0,180,486.747326967073,2.194705999954749,3582.7742369997395,2718.4304063521718
1780669794,40,POST,/api/book,12.100000,0.000000,350,600,840,1400,1800,2000,2100,2300,2400,2400,2400,3304,0,310,626.2116221752427,92.06173800021134,3582.7742369997395,3381.5178571428573
1780669794,40,GET,/api/concerts,2.400000,0.000000,3,8,26,43,93,110,110,110,110,110,110,637,0,3,19.36107182889619,2.327459000298404,545.6874760002393,753.0
1780669794,40,GET,/health,1.000000,0.000000,4,13,17,17,37,42,42,42,42,42,42,353,0,3,15.832281662888656,2.194705999954749,273.5818549999749,57.0
1780669794,40,,Aggregated,15.500000,0.000000,160,450,600,840,1700,2000,2100,2300,2400,2400,2400,4294,0,180,486.0095477058702,2.194705999954749,3582.7742369997395,2718.2852817885423
1780669795,40,POST,/api/book,12.200000,0.000000,340,600,830,990,1900,2000,2200,2400,2500,2500,2500,3320,0,310,627.6054087259043,92.06173800021134,3582.7742369997395,3381.5593373493975
1780669795,40,GET,/api/concerts,2.300000,0.000000,3,8,11,26,92,110,110,110,110,110,110,638,0,3,19.34424329938395,2.327459000298404,545.6874760002393,753.0
1780669795,40,GET,/health,1.200000,0.000000,9,17,37,42,49,49,49,49,49,49,49,354,0,3,15.92514979660912,2.194705999954749,273.5818549999749,57.0
1780669795,40,,Aggregated,15.700000,0.000000,170,450,600,800,1700,2000,2200,2400,2500,2500,2500,4312,0,180,487.3907901723113,2.194705999954749,3582.7742369997395,2719.705241187384
1780669796,40,POST,/api/book,11.700000,0.000000,450,800,1400,1700,2100,2400,2900,3000,3000,3000,3000,3335,0,320,632.4985411535237,92.06173800021134,3582.7742369997395,3381.624887556222
1780669796,40,GET,/api/concerts,2.300000,0.000000,3,8,11,26,92,110,110,110,110,110,110,639,0,3,19.318193732405447,2.327459000298404,545.6874760002393,753.0
1780669796,40,GET,/health,1.000000,0.000000,4,9,17,42,49,49,49,49,49,49,49,354,0,3,15.92514979660912,2.194705999954749,273.5818549999749,57.0
1780669796,40,,Aggregated,15.000000,0.000000,210,540,830,1400,2000,2200,2900,3000,3000,3000,3000,4328,0,180,491.5352272573949,2.194705999954749,3582.7742369997395,2721.5951940850277
1780669797,40,POST,/api/book,11.800000,0.000000,390,620,1400,1700,2100,2400,2900,3000,3000,3000,3000,3346,0,310,631.1552573711901,92.06173800021134,3582.7742369997395,3381.642259414226
1780669797,40,GET,/api/concerts,2.500000,0.000000,3,9,24,43,110,110,110,110,110,110,110,641,0,3,19.29987755071187,2.327459000298404,545.6874760002393,753.0
1780669797,40,GET,/health,1.200000,0.000000,15,17,42,42,49,49,49,49,49,49,49,355,0,3,15.922215481690037,2.194705999954749,273.5818549999749,57.0
1780669797,40,,Aggregated,15.500000,0.000000,190,540,830,1400,2000,2200,2900,3000,3000,3000,3000,4342,0,180,490.52719925610444,2.194705999954749,3582.7742369997395,2721.7602487333024
1780669798,40,POST,/api/book,11.500000,0.000000,490,800,1200,1500,2100,2400,2900,3000,3000,3000,3000,3360,0,310,631.6582422002986,92.06173800021134,3582.7742369997395,3381.679166666667
1780669798,40,GET,/api/concerts,2.300000,0.000000,9,11,24,43,110,110,110,110,110,110,110,644,0,3,19.26476260404758,2.327459000298404,545.6874760002393,753.0
1780669798,40,GET,/health,1.000000,0.000000,9,15,17,42,49,49,49,49,49,49,49,356,0,3,15.889705294943923,2.194705999954749,273.5818549999749,57.0
1780669798,40,,Aggregated,14.800000,0.000000,270,600,860,1200,2000,2200,2900,3000,3000,3000,3000,4360,0,180,490.9254440355522,2.194705999954749,3582.7742369997395,2721.941743119266
1780669799,40,POST,/api/book,11.800000,0.000000,410,760,1100,1400,2000,2400,2900,3000,3000,3000,3000,3365,0,310,631.4800539087677,92.06173800021134,3582.7742369997395,3381.64279346211
1780669799,40,GET,/api/concerts,2.200000,0.000000,9,24,43,52,110,110,110,110,110,110,110,647,0,3,19.291476472962295,2.327459000298404,545.6874760002393,753.0
1780669799,40,GET,/health,1.000000,0.000000,15,17,42,42,49,49,49,49,49,49,49,356,0,3,15.889705294943923,2.194705999954749,273.5818549999749,57.0
1780669799,40,,Aggregated,15.000000,0.000000,210,560,840,1100,2000,2200,2900,3000,3000,3000,3000,4368,0,180,490.6292815398369,2.194705999954749,3582.7742369997395,2721.316620879121
1780669800,40,POST,/api/book,12.100000,0.000000,350,800,1100,1300,2100,2400,2900,3000,3000,3000,3000,3385,0,310,633.1674440200898,92.06173800021134,3582.7742369997395,3381.6942392909896
1780669800,40,GET,/api/concerts,1.900000,0.000000,4,21,24,43,110,110,110,110,110,110,110,649,0,3,19.242249910642208,2.327459000298404,545.6874760002393,753.0
1780669800,40,GET,/health,0.800000,0.000000,15,17,42,49,61,61,61,61,61,61,61,357,0,3,16.01703225210118,2.194705999954749,273.5818549999749,57.0
1780669800,40,,Aggregated,14.800000,0.000000,200,560,860,1100,2000,2200,2900,3000,3000,3000,3000,4391,0,180,492.2519013240738,2.194705999954749,3582.7742369997395,2722.860624003644
1780669801,40,POST,/api/book,12.400000,0.000000,270,650,1100,1300,2100,2400,2900,3000,3000,3000,3000,3394,0,310,632.1205763096656,92.06173800021134,3582.7742369997395,3381.695344725987
1780669801,40,GET,/api/concerts,1.900000,0.000000,4,18,24,24,52,110,110,110,110,110,110,650,0,3,19.24043030770288,2.327459000298404,545.6874760002393,753.0
1780669801,40,GET,/health,0.800000,0.000000,17,49,61,61,85,85,85,85,85,85,85,358,0,3,16.209739958101473,2.194705999954749,273.5818549999749,57.0
1780669801,40,,Aggregated,15.100000,0.000000,180,490,830,1100,2000,2200,2900,3000,3000,3000,3000,4402,0,180,491.5326221263083,2.194705999954749,3582.7742369997395,2723.1553839164017
1780669802,40,POST,/api/book,12.400000,0.000000,410,890,1200,1500,2100,2400,2900,3000,3000,3000,3000,3399,0,310,632.670879380113,92.06173800021134,3582.7742369997395,3381.6669608708444
1780669802,40,GET,/api/concerts,2.000000,0.000000,15,21,24,43,110,200,200,200,200,200,200,653,0,3,19.512262032170348,2.327459000298404,545.6874760002393,753.0
1780669802,40,GET,/health,0.800000,0.000000,17,49,61,85,240,240,240,240,240,240,240,359,0,3,16.82447184401195,2.194705999954749,273.5818549999749,57.0
1780669802,40,,Aggregated,15.200000,0.000000,210,610,960,1200,2000,2200,2900,3000,3000,3000,3000,4411,0,180,491.77733201360434,2.194705999954749,3582.7742369997395,2721.935615506688
1780669803,40,POST,/api/book,12.300000,0.000000,530,960,1300,1900,2100,2500,2900,3000,3000,3000,3000,3407,0,310,633.7618212072214,92.06173800021134,3582.7742369997395,3381.663633695333
1780669803,40,GET,/api/concerts,1.900000,0.000000,11,18,21,24,52,200,200,200,200,200,200,654,0,3,19.499637724781238,2.327459000298404,545.6874760002393,753.0
1780669803,40,GET,/health,0.700000,0.000000,49,61,85,85,240,240,240,240,240,240,240,360,0,3,16.873522225001935,2.194705999954749,273.5818549999749,57.0
1780669803,40,,Aggregated,14.900000,0.000000,240,750,1100,1300,2000,2400,2900,3000,3000,3000,3000,4421,0,180,492.66088123184977,2.194705999954749,3582.7742369997395,2722.0787152228004
1780669804,40,POST,/api/book,11.300000,0.000000,610,1100,1600,1900,2200,2600,3000,3000,3100,3100,3100,3422,0,320,636.1888496046179,92.06173800021134,3582.7742369997395,3381.6712448860317
1780669804,40,GET,/api/concerts,2.000000,0.000000,11,21,24,24,52,200,200,200,200,200,200,658,0,3,19.45197833283656,2.327459000298404,545.6874760002393,753.0
1780669804,40,GET,/health,0.900000,0.000000,49,61,85,85,240,240,240,240,240,240,240,360,0,3,16.873522225001935,2.194705999954749,273.5818549999749,57.0
1780669804,40,,Aggregated,14.200000,0.000000,250,860,1200,1600,2100,2500,3000,3000,3100,3100,3100,4440,0,180,494.57480024572214,2.194705999954749,3582.7742369997395,2722.538963963964
1780669805,40,POST,/api/book,11.000000,0.000000,620,1100,1700,1900,2300,3000,3300,3500,4100,4100,4100,3431,0,320,639.322321980473,92.06173800021134,4099.11201199975,3381.6534538035557
1780669805,40,GET,/api/concerts,2.100000,0.000000,11,20,21,24,28,52,200,200,200,200,200,659,0,3,19.453046945381285,2.327459000298404,545.6874760002393,753.0
1780669805,40,GET,/health,0.700000,0.000000,34,61,85,85,240,240,240,240,240,240,240,361,0,3,16.834834393353866,2.194705999954749,273.5818549999749,57.0
1780669805,40,,Aggregated,13.800000,0.000000,240,870,1200,1700,2200,2900,3300,3500,4100,4100,4100,4451,0,180,497.05949671265046,2.194705999954749,4099.11201199975,2722.8166704111436
1780669806,40,POST,/api/book,11.700000,0.000000,700,1100,1600,1900,2600,3500,4100,4200,4300,4300,4300,3446,0,320,643.999472348521,92.06173800021134,4284.553695999875,3381.614625652931
1780669806,40,GET,/api/concerts,1.900000,0.000000,18,21,24,28,46,52,200,200,200,200,200,661,0,3,19.528859490175858,2.327459000298404,545.6874760002393,753.0
1780669806,40,GET,/health,0.800000,0.000000,34,61,85,85,240,240,240,240,240,240,240,361,0,3,16.834834393353866,2.194705999954749,273.5818549999749,57.0
1780669806,40,,Aggregated,14.400000,0.000000,250,890,1200,1600,2200,3300,4100,4200,4300,4300,4300,4468,0,180,500.9418381942721,2.194705999954749,4284.553695999875,2724.116830796777
1780669807,40,POST,/api/book,11.100000,0.000000,760,1200,1600,1900,2600,3500,4100,4200,4300,4300,4300,3459,0,320,643.9740363876848,92.06173800021134,4284.553695999875,3381.6189650187916
1780669807,40,GET,/api/concerts,2.100000,0.000000,15,21,24,28,46,52,200,200,200,200,200,663,0,3,19.47790693364486,2.327459000298404,545.6874760002393,753.0
1780669807,40,GET,/health,0.600000,0.000000,34,61,85,85,240,240,240,240,240,240,240,363,0,3,16.787237592288925,2.194705999954749,273.5818549999749,57.0
1780669807,40,,Aggregated,13.800000,0.000000,240,890,1200,1500,2200,3300,4100,4200,4300,4300,4300,4485,0,180,500.8949412280951,2.194705999954749,4284.553695999875,2723.9576365663324
1780669808,40,POST,/api/book,11.500000,0.000000,760,1300,1600,1900,2600,3500,4100,4200,4300,4300,4300,3469,0,320,644.1524781614305,92.06173800021134,4284.553695999875,3381.5886422600174
1780669808,40,GET,/api/concerts,2.100000,0.000000,15,21,28,43,52,200,200,200,200,200,200,665,0,3,19.42800849775452,2.327459000298404,545.6874760002393,753.0
1780669808,40,GET,/health,0.700000,0.000000,34,44,61,85,240,240,240,240,240,240,240,365,0,3,16.82242381370063,2.194705999954749,273.5818549999749,57.0
1780669808,40,,Aggregated,14.300000,0.000000,250,940,1300,1600,2200,3300,4100,4200,4300,4300,4300,4499,0,180,500.9168164225399,2.194705999954749,4284.553695999875,2723.3342965103357
1780669809,40,POST,/api/book,11.500000,0.000000,750,1300,1600,1800,2600,3500,4100,4200,4300,4300,4300,3483,0,320,645.7368592377269,92.06173800021134,4284.553695999875,3381.5581395348836
1780669809,40,GET,/api/concerts,2.200000,0.000000,11,20,28,43,110,200,200,200,200,200,200,668,0,3,19.515046523961818,2.327459000298404,545.6874760002393,753.0
1780669809,40,GET,/health,0.600000,0.000000,44,61,79,85,240,240,240,240,240,240,240,366,0,3,16.99263671038417,2.194705999954749,273.5818549999749,57.0
1780669809,40,,Aggregated,14.300000,0.000000,270,920,1300,1500,2100,3300,4100,4200,4300,4300,4300,4517,0,180,502.18216445406404,2.194705999954749,4284.553695999875,2723.4520699579366
1780669810,40,POST,/api/book,11.100000,0.000000,760,1300,1600,1800,2600,3500,4100,4200,4300,4300,4300,3495,0,320,645.4028892060097,92.06173800021134,4284.553695999875,3381.564806866953
1780669810,40,GET,/api/concerts,2.200000,0.000000,11,20,21,28,46,110,200,200,200,200,200,671,0,3,19.4748586706504,2.327459000298404,545.6874760002393,753.0
1780669810,40,GET,/health,0.800000,0.000000,34,44,79,85,240,240,240,240,240,240,240,366,0,3,16.99263671038417,2.194705999954749,273.5818549999749,57.0
1780669810,40,,Aggregated,14.100000,0.000000,310,920,1300,1500,2100,3300,4100,4200,4300,4300,4300,4532,0,180,501.9792658823937,2.194705999954749,4284.553695999875,2723.895410414828
1780669811,40,POST,/api/book,10.900000,0.000000,760,1200,1500,1700,2300,3500,4100,4200,4300,4300,4300,3506,0,320,645.1083591765558,92.06173800021134,4284.553695999875,3381.5413576725614
1780669811,40,GET,/api/concerts,2.100000,0.000000,9,20,21,35,46,110,200,200,200,200,200,676,0,3,19.43104175444735,2.327459000298404,545.6874760002393,753.0
1780669811,40,GET,/health,0.900000,0.000000,34,44,79,79,85,240,240,240,240,240,240,368,0,3,17.018047554348986,2.194705999954749,273.5818549999749,57.0
1780669811,40,,Aggregated,13.900000,0.000000,290,890,1300,1500,2100,3100,4100,4200,4300,4300,4300,4550,0,180,501.35119406571613,2.194705999954749,4284.553695999875,2722.1292307692306
1780669812,40,POST,/api/book,11.400000,0.000000,590,1200,1400,1600,2300,3500,4100,4200,4300,4300,4300,3522,0,320,644.4509448906884,92.06173800021134,4284.553695999875,3381.5136286201023
1780669812,40,GET,/api/concerts,2.100000,0.000000,6,15,20,28,46,61,110,110,110,110,110,681,0,3,19.433526502212697,2.327459000298404,545.6874760002393,753.0
1780669812,40,GET,/health,1.000000,0.000000,14,34,34,44,79,79,79,79,79,79,79,368,0,3,17.018047554348986,2.194705999954749,273.5818549999749,57.0
1780669812,40,,Aggregated,14.500000,0.000000,270,760,1200,1300,2000,3100,3700,4200,4300,4300,4300,4571,0,180,500.82106780857765,2.194705999954749,4284.553695999875,2722.262087070663
1780669813,40,POST,/api/book,10.700000,0.000000,450,1100,1300,1300,2000,3500,4100,4200,4300,4300,4300,3535,0,320,644.1283917363521,92.06173800021134,4284.553695999875,3381.500424328147
1780669813,40,GET,/api/concerts,2.300000,0.000000,6,19,20,40,61,65,110,110,110,110,110,684,0,3,19.505690057027408,2.327459000298404,545.6874760002393,753.0
1780669813,40,GET,/health,0.900000,0.000000,14,34,44,44,48,79,79,79,79,79,79,370,0,3,17.062846310811338,2.194705999954749,273.5818549999749,57.0
1780669813,40,,Aggregated,13.900000,0.000000,270,690,1100,1200,1700,3100,3700,4200,4300,4300,4300,4589,0,180,500.4682959080427,2.194705999954749,4284.553695999875,2721.670516452386
1780669814,40,POST,/api/book,11.700000,0.000000,490,890,1200,1300,1900,3300,4100,4200,4300,4300,4300,3545,0,320,643.3889700885768,92.06173800021134,4284.553695999875,3381.472496473907
1780669814,40,GET,/api/concerts,2.700000,0.000000,6,19,23,40,61,65,110,110,110,110,110,688,0,3,19.446397838672898,2.327459000298404,545.6874760002393,753.0
1780669814,40,GET,/health,0.900000,0.000000,14,34,44,48,79,79,79,79,79,79,79,370,0,3,17.062846310811338,2.194705999954749,273.5818549999749,57.0
1780669814,40,,Aggregated,15.300000,0.000000,250,590,1000,1200,1500,2800,3700,4200,4300,4300,4300,4603,0,180,499.78411336346045,2.194705999954749,4284.553695999875,2721.3717140995004
1780669815,40,POST,/api/book,12.600000,0.000000,400,720,1100,1200,1400,1600,1900,2000,2100,2100,2100,3554,0,320,642.6074758522803,92.06173800021134,4284.553695999875,3381.4648283624088
1780669815,40,GET,/api/concerts,2.700000,0.000000,6,19,23,40,65,95,110,110,110,110,110,689,0,3,19.555458821490458,2.327459000298404,545.6874760002393,753.0
1780669815,40,GET,/health,0.900000,0.000000,10,34,44,44,48,79,79,79,79,79,79,371,0,3,17.02342762533747,2.194705999954749,273.5818549999749,57.0
1780669815,40,,Aggregated,16.200000,0.000000,200,420,720,1000,1300,1500,1700,2000,2100,2100,2100,4614,0,180,499.266660588645,2.194705999954749,4284.553695999875,2721.649328131773
1780669816,40,POST,/api/book,12.200000,0.000000,400,720,1100,1300,1500,1600,1900,2000,2100,2100,2100,3568,0,320,644.2356619829047,92.06173800021134,4284.553695999875,3381.4663677130043
1780669816,40,GET,/api/concerts,3.100000,0.000000,5,15,20,35,65,95,110,110,110,110,110,690,0,3,19.5305381521835,2.327459000298404,545.6874760002393,753.0
1780669816,40,GET,/health,1.000000,0.000000,14,16,44,44,48,79,79,79,79,79,79,373,0,3,16.98090138337716,2.194705999954749,273.5818549999749,57.0
1780669816,40,,Aggregated,16.300000,0.000000,200,420,720,1100,1500,1500,1700,2000,2100,2100,2100,4631,0,180,500.63545443662434,2.194705999954749,4284.553695999875,2722.069315482617
1780669817,40,POST,/api/book,12.500000,0.000000,400,660,1100,1200,1500,1600,1900,2000,2100,2100,2100,3579,0,320,643.3411817124909,92.06173800021134,4284.553695999875,3381.449287510478
1780669817,40,GET,/api/concerts,3.000000,0.000000,9,19,32,35,65,95,110,110,110,110,110,691,0,3,19.54790528076209,2.327459000298404,545.6874760002393,753.0
1780669817,40,GET,/health,1.100000,0.000000,10,16,44,44,48,79,79,79,79,79,79,375,0,3,16.90500962666556,2.194705999954749,273.5818549999749,57.0
1780669817,40,,Aggregated,16.600000,0.000000,200,420,660,1000,1400,1500,1700,2000,2100,2100,2100,4645,0,180,499.9709516701847,2.194705999954749,4284.553695999875,2722.0462863293865
1780669818,40,POST,/api/book,12.000000,0.000000,400,660,1100,1200,1500,1500,1800,2000,2100,2100,2100,3593,0,320,643.7859409000848,92.06173800021134,4284.553695999875,3381.477317005288
1780669818,40,GET,/api/concerts,2.900000,0.000000,9,20,32,35,65,95,110,110,110,110,110,693,0,3,19.540852347772947,2.327459000298404,545.6874760002393,753.0
1780669818,40,GET,/health,1.000000,0.000000,10,34,44,44,48,79,79,79,79,79,79,376,0,3,16.976064768616265,2.194705999954749,273.5818549999749,57.0
1780669818,40,,Aggregated,15.900000,0.000000,200,430,690,1000,1400,1500,1700,2000,2100,2100,2100,4662,0,180,500.4392313779511,2.194705999954749,4284.553695999875,2722.631703131703
1780669819,40,POST,/api/book,11.900000,0.000000,410,640,1000,1200,1500,1500,1700,1700,1800,1800,1800,3608,0,320,644.53628504213,92.06173800021134,4284.553695999875,3381.481707317073
1780669819,40,GET,/api/concerts,2.900000,0.000000,9,20,31,35,61,65,95,95,95,95,95,694,0,3,19.516347538914783,2.327459000298404,545.6874760002393,753.0
1780669819,40,GET,/health,1.300000,0.000000,6,16,44,48,73,79,79,79,79,79,79,380,0,3,17.01721532368466,2.194705999954749,273.5818549999749,57.0
1780669819,40,,Aggregated,16.100000,0.000000,230,450,670,1000,1400,1500,1700,1700,1800,1800,1800,4682,0,180,500.9606585747564,2.194705999954749,4284.553695999875,2722.047842802221
1780669820,40,POST,/api/book,12.200000,0.000000,450,770,1100,1300,1500,1500,1700,1700,1800,1800,1800,3618,0,320,644.7015258540639,92.06173800021134,4284.553695999875,3381.495854063018
1780669820,40,GET,/api/concerts,2.900000,0.000000,9,23,32,36,61,65,95,95,95,95,95,698,0,3,19.546162753591815,2.327459000298404,545.6874760002393,753.0
1780669820,40,GET,/health,1.200000,0.000000,6,16,34,44,48,73,73,73,73,73,73,380,0,3,17.01721532368466,2.194705999954749,273.5818549999749,57.0
1780669820,40,,Aggregated,16.300000,0.000000,250,520,790,1000,1400,1500,1700,1700,1800,1800,1800,4696,0,180,500.9880502480852,2.194705999954749,4284.553695999875,2721.7857751277684
1780669821,40,POST,/api/book,12.400000,0.000000,400,690,1000,1100,1500,1500,1700,1700,1800,1800,1800,3627,0,320,643.7036450405302,92.06173800021134,4284.553695999875,3381.492693686242
1780669821,40,GET,/api/concerts,2.700000,0.000000,5,23,32,36,56,65,95,95,95,95,95,701,0,3,19.47857333524606,2.327459000298404,545.6874760002393,753.0
1780669821,40,GET,/health,1.200000,0.000000,3,10,34,44,48,73,73,73,73,73,73,381,0,3,16.979543522310383,2.194705999954749,273.5818549999749,57.0
1780669821,40,,Aggregated,16.300000,0.000000,190,490,720,910,1400,1500,1700,1700,1800,1800,1800,4709,0,180,500.0715240076467,2.194705999954749,4284.553695999875,2721.2240390741135
1780669822,40,POST,/api/book,12.100000,0.000000,360,670,1000,1100,1500,1500,1700,1700,1800,1800,1800,3641,0,320,643.1738626141174,92.06173800021134,4284.553695999875,3381.468827245262
1780669822,40,GET,/api/concerts,2.800000,0.000000,4,23,32,36,56,65,95,95,95,95,95,702,0,3,19.4545937606945,2.327459000298404,545.6874760002393,753.0
1780669822,40,GET,/health,1.400000,0.000000,3,16,22,44,48,73,73,73,73,73,73,382,0,3,16.992525005235997,2.194705999954749,273.5818549999749,57.0
1780669822,40,,Aggregated,16.300000,0.000000,230,490,720,1000,1400,1500,1700,1700,1800,1800,1800,4725,0,180,499.8823922010597,2.194705999954749,4284.553695999875,2722.181587301587
1780669823,40,POST,/api/book,12.200000,0.000000,360,720,1100,1200,1500,1500,1700,1700,1800,1800,1800,3652,0,320,643.1805915295732,92.06173800021134,4284.553695999875,3381.48713033954
1780669823,40,GET,/api/concerts,2.700000,0.000000,4,23,31,32,56,95,95,95,95,95,95,703,0,3,19.43073756046619,2.327459000298404,545.6874760002393,753.0
1780669823,40,GET,/health,1.400000,0.000000,3,3,16,22,44,73,73,73,73,73,73,385,0,3,16.88088856883112,2.194705999954749,273.5818549999749,57.0
1780669823,40,,Aggregated,16.300000,0.000000,220,510,790,1100,1400,1500,1700,1700,1800,1800,1800,4740,0,180,499.80052128059214,2.194705999954749,4284.553695999875,2721.6234177215188
1780669824,40,POST,/api/book,11.600000,0.000000,360,820,1100,1300,1500,1700,1700,1800,1800,1800,1800,3664,0,320,643.111664663483,91.95893799960686,4284.553695999875,3381.51173580786
1780669824,40,GET,/api/concerts,2.300000,0.000000,4,23,31,32,56,95,95,95,95,95,95,704,0,3,19.444012730124367,2.327459000298404,545.6874760002393,753.0
1780669824,40,GET,/health,1.400000,0.000000,3,3,16,22,44,73,73,73,73,73,73,385,0,3,16.88088856883112,2.194705999954749,273.5818549999749,57.0
1780669824,40,,Aggregated,15.300000,0.000000,230,550,1000,1100,1500,1500,1700,1800,1800,1800,1800,4753,0,180,500.01028116726417,2.194705999954749,4284.553695999875,2722.8941721018305
1780669825,40,POST,/api/book,11.700000,0.000000,400,990,1200,1300,1500,1800,2200,2300,2600,2600,2600,3679,0,320,644.6591918233221,91.95893799960686,4284.553695999875,3381.528404457733
1780669825,40,GET,/api/concerts,2.100000,0.000000,4,10,31,31,36,56,56,56,56,56,56,705,0,3,19.430500479443545,2.327459000298404,545.6874760002393,753.0
1780669825,40,GET,/health,1.500000,0.000000,3,3,16,16,44,73,73,73,73,73,73,387,0,3,16.80885673385061,2.194705999954749,273.5818549999749,57.0
1780669825,40,,Aggregated,15.300000,0.000000,240,630,1000,1100,1500,1700,2000,2300,2600,2600,2600,4771,0,180,501.3424223668008,2.194705999954749,4284.553695999875,2723.447285684343
1780669826,40,POST,/api/book,11.700000,0.000000,320,790,1100,1200,1600,1700,2200,2300,2600,2600,2600,3695,0,320,643.9721117350484,91.95893799960686,4284.553695999875,3381.4909336941814
1780669826,40,GET,/api/concerts,1.800000,0.000000,4,15,29,31,36,56,56,56,56,56,56,707,0,3,19.40060479350461,2.327459000298404,545.6874760002393,753.0
1780669826,40,GET,/health,1.500000,0.000000,3,3,22,25,44,73,73,73,73,73,73,389,0,3,16.79192016966701,2.194705999954749,273.5818549999749,57.0
1780669826,40,,Aggregated,15.000000,0.000000,190,430,990,1100,1500,1700,2000,2300,2600,2600,2600,4791,0,180,500.88191137466276,2.194705999954749,4284.553695999875,2723.6804424963475
1780669827,40,POST,/api/book,12.000000,0.000000,340,770,1000,1200,1600,1700,2200,2300,2600,2600,2600,3706,0,320,643.2710522625486,91.95893799960686,4284.553695999875,3381.4964921748515
1780669827,40,GET,/api/concerts,1.500000,0.000000,4,5,15,15,36,56,56,56,56,56,56,708,0,3,19.376946238711326,2.327459000298404,545.6874760002393,753.0
1780669827,40,GET,/health,1.400000,0.000000,3,3,22,25,44,73,73,73,73,73,73,390,0,3,16.75543454871914,2.194705999954749,273.5818549999749,57.0
1780669827,40,,Aggregated,14.900000,0.000000,200,460,820,1000,1500,1700,2000,2300,2600,2600,2600,4804,0,180,500.4612858234825,2.194705999954749,4284.553695999875,2724.225645295587
1780669828,40,POST,/api/book,12.700000,0.000000,310,640,1000,1100,1600,1700,2200,2300,2600,2600,2600,3716,0,320,642.136517496503,91.95893799960686,4284.553695999875,3381.494886975242
1780669828,40,GET,/api/concerts,1.800000,0.000000,4,5,15,29,36,36,56,56,56,56,56,714,0,3,19.330676829141858,2.327459000298404,545.6874760002393,753.0
1780669828,40,GET,/health,1.600000,0.000000,3,3,6,22,25,73,73,73,73,73,73,391,0,3,16.719330690539024,2.194705999954749,273.5818549999749,57.0
1780669828,40,,Aggregated,16.100000,0.000000,180,400,700,990,1300,1700,2000,2300,2600,2600,2600,4821,0,180,499.17416730408854,2.194705999954749,4284.553695999875,2722.5812072184194
1780669829,40,POST,/api/book,12.600000,0.000000,260,440,810,1000,1500,1700,2200,2300,2600,2600,2600,3723,0,320,641.4480149828105,91.95893799960686,4284.553695999875,3381.5183991404783
1780669829,40,GET,/api/concerts,1.700000,0.000000,4,10,29,35,36,86,86,86,86,86,86,716,0,3,19.400915407831434,2.327459000298404,545.6874760002393,753.0
1780669829,40,GET,/health,1.500000,0.000000,3,3,6,22,25,73,73,73,73,73,73,391,0,3,16.719330690539024,2.194705999954749,273.5818549999749,57.0
1780669829,40,,Aggregated,15.800000,0.000000,180,310,490,720,1200,1700,2200,2300,2600,2600,2600,4830,0,180,498.66237546853193,2.194705999954749,4284.553695999875,2722.7387163561075
1780669830,40,POST,/api/book,12.400000,0.000000,290,510,930,1100,1600,2000,2200,2300,2600,2600,2600,3738,0,320,642.6862046155709,91.95893799960686,4284.553695999875,3381.515516318887
1780669830,40,GET,/api/concerts,1.800000,0.000000,4,10,29,35,54,86,86,86,86,86,86,718,0,3,19.42669124513572,2.327459000298404,545.6874760002393,753.0
1780669830,40,GET,/health,1.600000,0.000000,3,3,22,25,27,100,100,100,100,100,100,393,0,3,16.961096139951735,2.194705999954749,273.5818549999749,57.0
1780669830,40,,Aggregated,15.800000,0.000000,180,380,550,930,1500,1800,2200,2300,2600,2600,2600,4849,0,180,499.6855244277192,2.194705999954749,4284.553695999875,2722.862445865127
1780669831,40,POST,/api/book,12.300000,0.000000,340,550,1000,1100,1700,2000,2300,2400,2600,2600,2600,3754,0,320,643.0722210548757,91.95893799960686,4284.553695999875,3381.49147575919
1780669831,40,GET,/api/concerts,2.100000,0.000000,3,10,29,35,54,56,86,86,86,86,86,722,0,3,19.409241465384255,2.327459000298404,545.6874760002393,753.0
1780669831,40,GET,/health,1.400000,0.000000,3,3,25,25,27,100,100,100,100,100,100,394,0,3,16.924893637057956,2.194705999954749,273.5818549999749,57.0
1780669831,40,,Aggregated,15.800000,0.000000,180,400,740,1000,1600,1900,2200,2400,2600,2600,2600,4870,0,180,499.9537984129383,2.194705999954749,4284.553695999875,2722.8425051334702
1780669832,40,POST,/api/book,11.700000,0.000000,340,560,980,1100,1700,2000,2300,2400,2600,2600,2600,3763,0,320,642.5593423797512,91.95893799960686,4284.553695999875,3381.500132872708
1780669832,40,GET,/api/concerts,1.900000,0.000000,3,15,35,36,54,56,86,86,86,86,86,723,0,3,19.441952446760343,2.327459000298404,545.6874760002393,753.0
1780669832,40,GET,/health,1.100000,0.000000,3,3,27,27,52,100,100,100,100,100,100,395,0,3,17.01489201519231,2.194705999954749,273.5818549999749,57.0
1780669832,40,,Aggregated,14.700000,0.000000,170,430,650,930,1600,1900,2200,2400,2600,2600,2600,4881,0,180,499.637004576933,2.194705999954749,4284.553695999875,2723.1139110837944
1780669833,40,POST,/api/book,12.500000,0.000000,370,560,920,1000,1600,2000,2300,2400,2600,2600,2600,3777,0,320,642.3409629706124,91.95893799960686,4284.553695999875,3381.515753243315
1780669833,40,GET,/api/concerts,2.000000,0.000000,3,15,36,43,56,71,86,86,86,86,86,726,0,3,19.466683986236717,2.327459000298404,545.6874760002393,753.0
1780669833,40,GET,/health,1.300000,0.000000,3,3,27,27,52,100,100,100,100,100,100,395,0,3,17.01489201519231,2.194705999954749,273.5818549999749,57.0
1780669833,40,,Aggregated,15.800000,0.000000,180,460,650,920,1500,1900,2200,2400,2600,2600,2600,4898,0,180,499.5866704899979,2.194705999954749,4284.553695999875,2723.8011433238057
1780669834,40,POST,/api/book,12.900000,0.000000,380,620,920,1000,1600,2000,2300,2400,2600,2600,2600,3790,0,320,641.7816238250668,91.95893799960686,4284.553695999875,3381.5593667546173
1780669834,40,GET,/api/concerts,2.100000,0.000000,3,15,36,43,56,71,86,86,86,86,86,727,0,3,19.443901440175967,2.327459000298404,545.6874760002393,753.0
1780669834,40,GET,/health,1.200000,0.000000,3,25,27,27,52,100,100,100,100,100,100,396,0,3,16.978244111113682,2.194705999954749,273.5818549999749,57.0
1780669834,40,,Aggregated,16.200000,0.000000,170,460,660,910,1400,1900,2200,2400,2600,2600,2600,4913,0,180,499.3306442727478,2.194705999954749,4284.553695999875,2724.631182576837
1780669835,40,POST,/api/book,12.100000,0.000000,360,560,770,930,1200,1700,2000,2100,2400,2400,2400,3801,0,320,641.3552114172595,91.95893799960686,4284.553695999875,3381.596685082873
1780669835,40,GET,/api/concerts,2.200000,0.000000,3,15,36,54,61,71,86,86,86,86,86,729,0,3,19.477811572027417,2.327459000298404,545.6874760002393,753.0
1780669835,40,GET,/health,1.200000,0.000000,3,25,27,52,100,100,100,100,100,100,100,397,0,3,16.941807813604587,2.194705999954749,273.5818549999749,57.0
1780669835,40,,Aggregated,15.500000,0.000000,170,460,560,750,1100,1600,2000,2100,2400,2400,2400,4927,0,180,499.0291010625147,2.194705999954749,4284.553695999875,2724.7848589405316
1780669836,40,POST,/api/book,12.500000,0.000000,380,600,920,1100,1700,1900,2100,2200,2400,2400,2400,3820,0,320,643.3510833837705,91.95893799960686,4284.553695999875,3381.5924083769632
1780669836,40,GET,/api/concerts,2.200000,0.000000,3,35,43,54,61,71,86,86,86,86,86,731,0,3,19.477332071146296,2.327459000298404,545.6874760002393,753.0
1780669836,40,GET,/health,1.000000,0.000000,3,27,52,52,100,100,100,100,100,100,100,397,0,3,16.941807813604587,2.194705999954749,273.5818549999749,57.0
1780669836,40,,Aggregated,15.700000,0.000000,180,500,660,920,1600,1900,2100,2200,2400,2400,2400,4948,0,180,500.92258811075385,2.194705999954749,4284.553695999875,2726.506669361358
1780669837,40,POST,/api/book,12.400000,0.000000,370,600,920,1100,1700,1900,2100,2200,2400,2400,2400,3829,0,320,642.2986451196143,91.95893799960686,4284.553695999875,3381.5737790545836
1780669837,40,GET,/api/concerts,2.300000,0.000000,4,36,54,56,71,86,86,86,86,86,86,732,0,3,19.56856287159563,2.327459000298404,545.6874760002393,753.0
1780669837,40,GET,/health,1.200000,0.000000,3,5,27,52,100,100,100,100,100,100,100,399,0,3,16.87491572180617,2.194705999954749,273.5818549999749,57.0
1780669837,40,,Aggregated,15.900000,0.000000,180,510,670,920,1600,1900,2100,2200,2400,2400,2400,4960,0,180,500.0844337818568,2.194705999954749,4284.553695999875,2726.2066532258063
1780669838,40,POST,/api/book,11.900000,0.000000,360,650,920,1100,1700,1900,2100,2200,2400,2400,2400,3842,0,320,641.1007345286321,91.95893799960686,4284.553695999875,3381.6324830817284
1780669838,40,GET,/api/concerts,2.200000,0.000000,3,36,54,56,71,86,86,86,86,86,86,735,0,3,19.50033141905818,2.327459000298404,545.6874760002393,753.0
1780669838,40,GET,/health,1.000000,0.000000,3,5,27,52,100,100,100,100,100,100,100,400,0,3,16.84033209250174,2.194705999954749,273.5818549999749,57.0
1780669838,40,,Aggregated,15.100000,0.000000,180,500,740,920,1600,1900,2100,2200,2400,2400,2400,4977,0,180,499.1315849887504,2.194705999954749,4284.553695999875,2726.2380952380954
1780669839,40,POST,/api/book,12.600000,0.000000,320,630,910,1100,1700,1900,2100,2200,2400,2400,2400,3850,0,320,640.7143852270141,91.95893799960686,4284.553695999875,3381.637142857143
1780669839,40,GET,/api/concerts,2.400000,0.000000,3,26,43,54,61,71,86,86,86,86,86,740,0,3,19.465034456766876,2.327459000298404,545.6874760002393,753.0
1780669839,40,GET,/health,1.000000,0.000000,3,5,27,52,100,100,100,100,100,100,100,400,0,3,16.84033209250174,2.194705999954749,273.5818549999749,57.0
1780669839,40,,Aggregated,16.000000,0.000000,180,450,660,910,1600,1900,2100,2200,2400,2400,2400,4990,0,180,498.5752788495011,2.194705999954749,4284.553695999875,2725.315230460922
1780669840,40,POST,/api/book,12.500000,0.000000,200,560,670,910,1600,1900,2100,2200,2200,2200,2200,3859,0,320,640.2390909616493,91.95893799960686,4284.553695999875,3381.6224410469035
1780669840,40,GET,/api/concerts,2.300000,0.000000,3,3,36,37,61,71,86,86,86,86,86,741,0,3,19.44188164103552,2.3087979998308583,545.6874760002393,753.0
1780669840,40,GET,/health,0.900000,0.000000,3,3,3,5,52,52,52,52,52,52,52,402,0,3,16.76870775124475,2.194705999954749,273.5818549999749,57.0
1780669840,40,,Aggregated,15.700000,0.000000,160,320,560,670,1100,1800,2100,2200,2200,2200,2200,5002,0,180,498.1667546647362,2.194705999954749,4284.553695999875,2725.0235905637746
1780669841,40,POST,/api/book,12.700000,0.000000,280,600,890,1100,1900,2600,3200,3400,3500,3500,3500,3876,0,320,643.8968912585149,91.95893799960686,4284.553695999875,3381.609907120743
1780669841,40,GET,/api/concerts,2.200000,0.000000,3,26,37,43,71,86,170,170,170,170,170,743,0,3,19.625495676995424,2.3087979998308583,545.6874760002393,753.0
1780669841,40,GET,/health,0.900000,0.000000,3,3,5,5,52,52,52,52,52,52,52,402,0,3,16.76870775124475,2.194705999954749,273.5818549999749,57.0
1780669841,40,,Aggregated,15.800000,0.000000,170,380,650,890,1800,2200,3200,3400,3500,3500,3500,5021,0,180,501.30792956024897,2.194705999954749,4284.553695999875,2726.451503684525
1780669842,40,POST,/api/book,12.400000,0.000000,250,600,880,1100,1900,2500,3200,3400,3500,3500,3500,3891,0,320,643.4979428941153,91.95893799960686,4284.553695999875,3381.5941917244922
1780669842,40,GET,/api/concerts,2.400000,0.000000,3,3,36,37,71,86,170,170,170,170,170,748,0,3,19.5117443823634,2.3087979998308583,545.6874760002393,753.0
1780669842,40,GET,/health,0.900000,0.000000,3,3,5,32,52,52,52,52,52,52,52,403,0,3,16.806596568239097,2.194705999954749,273.5818549999749,57.0
1780669842,40,,Aggregated,15.700000,0.000000,160,360,650,880,1700,2200,3000,3400,3500,3500,3500,5042,0,180,500.8366400269753,2.194705999954749,4284.553695999875,2725.9020230067435
1780669843,40,POST,/api/book,11.700000,0.000000,200,540,770,1200,1900,2600,3200,3400,3500,3500,3500,3900,0,320,642.4573339971803,91.95893799960686,4284.553695999875,3381.5846153846155
1780669843,40,GET,/api/concerts,2.200000,0.000000,3,3,26,36,61,86,170,170,170,170,170,749,0,3,19.490391731652515,2.3087979998308583,545.6874760002393,753.0
1780669843,40,GET,/health,0.900000,0.000000,3,3,3,5,32,32,32,32,32,32,32,404,0,3,16.7719073094072,2.194705999954749,273.5818549999749,57.0
1780669843,40,,Aggregated,14.800000,0.000000,160,290,560,750,1700,2200,3000,3400,3500,3500,3500,5053,0,180,500.0905910447279,2.194705999954749,4284.553695999875,2726.143874925787
1780669844,40,POST,/api/book,12.200000,0.000000,190,360,650,880,1900,2500,3200,3400,3500,3500,3500,3913,0,320,641.1445998453879,91.95893799960686,4284.553695999875,3381.523128034756
1780669844,40,GET,/api/concerts,2.300000,0.000000,3,4,13,26,61,86,170,170,170,170,170,753,0,3,19.416600390448323,2.3087979998308583,545.6874760002393,753.0
1780669844,40,GET,/health,0.800000,0.000000,3,3,5,32,47,47,47,47,47,47,47,405,0,3,16.84579894074179,2.194705999954749,273.5818549999749,57.0
1780669844,40,,Aggregated,15.300000,0.000000,160,270,380,650,1700,2200,3000,3400,3500,3500,3500,5071,0,180,498.9631370262294,2.194705999954749,4284.553695999875,2725.693945967265
1780669845,40,POST,/api/book,12.800000,0.000000,200,380,720,1200,1800,2600,3200,3400,3500,3500,3500,3924,0,320,642.1056337943431,91.95893799960686,4284.553695999875,3381.5351681957186
1780669845,40,GET,/api/concerts,2.400000,0.000000,3,4,26,34,67,86,170,170,170,170,170,759,0,3,19.44529492622884,2.229182000064611,545.6874760002393,753.0
1780669845,40,GET,/health,0.900000,0.000000,3,5,19,32,47,47,47,47,47,47,47,407,0,3,16.81766249877253,2.194705999954749,273.5818549999749,57.0
1780669845,40,,Aggregated,16.100000,0.000000,150,280,380,650,1700,2200,3000,3400,3500,3500,3500,5090,0,180,499.25860009725136,2.194705999954749,4284.553695999875,2723.746561886051
1780669846,40,POST,/api/book,12.400000,0.000000,250,380,650,880,1700,2600,3200,3400,3500,3500,3500,3937,0,320,641.8596202814334,91.95893799960686,4284.553695999875,3381.527559055118
1780669846,40,GET,/api/concerts,2.500000,0.000000,3,3,13,30,67,86,170,170,170,170,170,761,0,3,19.401010425766113,2.229182000064611,545.6874760002393,753.0
1780669846,40,GET,/health,0.900000,0.000000,3,19,32,32,47,47,47,47,47,47,47,407,0,3,16.81766249877253,2.194705999954749,273.5818549999749,57.0
1780669846,40,,Aggregated,15.800000,0.000000,160,290,380,620,1500,2200,3200,3400,3500,3500,3500,5105,0,180,499.23805732008043,2.194705999954749,4284.553695999875,2724.6436826640547
1780669847,40,POST,/api/book,12.300000,0.000000,260,560,840,1400,1800,2600,3200,3400,3500,3500,3500,3943,0,320,642.8040061204676,91.95893799960686,4284.553695999875,3381.5396905909206
1780669847,40,GET,/api/concerts,2.600000,0.000000,3,3,4,13,34,67,170,170,170,170,170,764,0,3,19.335676814146286,2.229182000064611,545.6874760002393,753.0
1780669847,40,GET,/health,0.800000,0.000000,3,3,19,32,47,47,47,47,47,47,47,408,0,3,16.782753463236503,2.194705999954749,273.5818549999749,57.0
1780669847,40,,Aggregated,15.700000,0.000000,160,290,560,720,1700,2200,3200,3400,3500,3500,3500,5115,0,180,499.745066790227,2.194705999954749,4284.553695999875,2723.7456500488756
1780669848,40,POST,/api/book,12.100000,0.000000,290,580,1400,1600,1800,2600,3200,3400,3500,3500,3500,3960,0,320,643.2675293426777,91.95893799960686,4284.553695999875,3381.5540404040403
1780669848,40,GET,/api/concerts,3.000000,0.000000,3,4,30,30,41,67,170,170,170,170,170,768,0,3,19.390488303396108,2.229182000064611,545.6874760002393,753.0
1780669848,40,GET,/health,1.000000,0.000000,3,3,19,32,47,47,47,47,47,47,47,409,0,3,16.747762611248174,2.194705999954749,273.5818549999749,57.0
1780669848,40,,Aggregated,16.100000,0.000000,160,300,580,1300,1700,2200,3000,3400,3500,3500,3500,5137,0,180,500.1131294767397,2.194705999954749,4284.553695999875,2723.8798909869574
1780669849,40,POST,/api/book,11.300000,0.000000,290,560,1400,1500,1800,2600,3200,3400,3500,3500,3500,3972,0,320,643.0255702170201,91.95893799960686,4284.553695999875,3381.583836858006
1780669849,40,GET,/api/concerts,3.100000,0.000000,3,4,25,30,41,67,170,170,170,170,170,772,0,3,19.335131243534597,2.229182000064611,545.6874760002393,753.0
1780669849,40,GET,/health,0.900000,0.000000,3,3,19,32,47,47,47,47,47,47,47,410,0,3,16.71321140000079,2.194705999954749,273.5818549999749,57.0
1780669849,40,,Aggregated,15.300000,0.000000,160,300,560,890,1700,2100,3000,3400,3500,3500,3500,5154,0,180,499.78205333644024,2.194705999954749,4284.553695999875,2723.387077997672
1780669850,40,POST,/api/book,11.400000,0.000000,300,560,1300,1500,1800,2500,3200,3400,3500,3500,3500,3980,0,320,642.2033643125637,91.95893799960686,4284.553695999875,3381.5912060301507
1780669850,40,GET,/api/concerts,3.100000,0.000000,3,4,13,30,41,67,170,170,170,170,170,776,0,3,19.249513016763988,2.229182000064611,545.6874760002393,753.0
1780669850,40,GET,/health,0.800000,0.000000,3,3,23,23,32,47,47,47,47,47,47,412,0,3,16.693231247574342,2.194705999954749,273.5818549999749,57.0
1780669850,40,,Aggregated,15.300000,0.000000,160,300,560,870,1700,1900,3000,3400,3500,3500,3500,5168,0,180,498.79733423742516,2.194705999954749,4284.553695999875,2721.854682662539
1780669851,40,POST,/api/book,11.800000,0.000000,280,440,840,1100,1700,1800,1900,2000,2100,2100,2100,3987,0,320,642.1581586586415,91.95893799960686,4284.553695999875,3381.5924253824933
1780669851,40,GET,/api/concerts,3.300000,0.000000,3,4,5,25,41,67,270,270,270,270,270,786,0,3,19.65135103690753,2.229182000064611,545.6874760002393,753.0
1780669851,40,GET,/health,1.000000,0.000000,3,19,23,32,47,47,47,47,47,47,47,412,0,3,16.693231247574342,2.194705999954749,273.5818549999749,57.0
1780669851,40,,Aggregated,16.100000,0.000000,160,270,380,580,1400,1700,1800,2000,2100,2100,2100,5185,0,180,498.09221827599106,2.194705999954749,4284.553695999875,2718.9490838958536
1780669852,40,POST,/api/book,12.300000,0.000000,300,470,1100,1400,1700,1800,1900,2000,2100,2100,2100,3998,0,320,642.2709538194107,91.95893799960686,4284.553695999875,3381.57903951976
1780669852,40,GET,/api/concerts,3.200000,0.000000,3,4,9,25,41,67,270,270,270,270,270,789,0,3,19.595593896082864,2.229182000064611,545.6874760002393,753.0
1780669852,40,GET,/health,1.000000,0.000000,10,19,23,32,39,47,47,47,47,47,47,415,0,3,16.73524430120724,2.194705999954749,273.5818549999749,57.0
1780669852,40,,Aggregated,16.500000,0.000000,160,280,440,640,1600,1700,1800,2000,2100,2100,2100,5202,0,180,497.92489875798043,2.194705999954749,4284.553695999875,2717.6710880430605
1780669853,40,POST,/api/book,11.900000,0.000000,340,640,1300,1400,1700,1800,1900,2000,2100,2100,2100,4011,0,320,642.7588426317637,91.95893799960686,4284.553695999875,3381.589628521566
1780669853,40,GET,/api/concerts,3.600000,0.000000,3,4,8,25,41,67,270,270,270,270,270,792,0,3,19.538209372486527,2.229182000064611,545.6874760002393,753.0
1780669853,40,GET,/health,1.000000,0.000000,10,19,23,23,39,47,47,47,47,47,47,415,0,3,16.73524430120724,2.194705999954749,273.5818549999749,57.0
1780669853,40,,Aggregated,16.500000,0.000000,160,330,580,910,1700,1800,1800,2000,2100,2100,2100,5218,0,180,498.37583480337577,2.194705999954749,4284.553695999875,2718.2037178995784
1780669854,40,POST,/api/book,11.000000,0.000000,390,830,1400,1500,1700,1800,1900,2000,2100,2100,2100,4024,0,320,642.4179524341461,91.95893799960686,4284.553695999875,3381.578777335984
1780669854,40,GET,/api/concerts,4.100000,0.000000,3,4,8,25,41,67,270,270,270,270,270,795,0,3,19.477592425169266,2.229182000064611,545.6874760002393,753.0
1780669854,40,GET,/health,1.100000,0.000000,10,18,19,23,39,39,39,39,39,39,39,415,0,3,16.73524430120724,2.194705999954749,273.5818549999749,57.0
1780669854,40,,Aggregated,16.200000,0.000000,160,390,680,1100,1600,1700,1800,2000,2100,2100,2100,5234,0,180,498.18869945701454,2.194705999954749,4284.553695999875,2718.716660298051
1780669855,40,POST,/api/book,10.600000,0.000000,350,680,1100,1400,1700,1800,1900,2000,2100,2100,2100,4035,0,320,642.3249136978943,91.95893799960686,4284.553695999875,3381.624535315985
1780669855,40,GET,/api/concerts,4.200000,0.000000,3,4,9,22,44,210,270,270,270,270,270,798,0,3,19.514980309535655,2.229182000064611,545.6874760002393,753.0
1780669855,40,GET,/health,1.100000,0.000000,3,10,18,23,39,39,39,39,39,39,39,416,0,3,16.701335569714196,2.194705999954749,273.5818549999749,57.0
1780669855,40,,Aggregated,15.900000,0.000000,160,390,640,910,1500,1700,1800,2000,2100,2100,2100,5249,0,180,498.0571035730641,2.194705999954749,4284.553695999875,2718.510382930082
1780669856,40,POST,/api/book,11.400000,0.000000,350,680,1100,1400,1700,1800,1900,2000,2100,2100,2100,4050,0,320,641.9888885656802,91.95893799960686,4284.553695999875,3381.612098765432
1780669856,40,GET,/api/concerts,4.100000,0.000000,3,8,17,22,44,210,270,270,270,270,270,801,0,3,19.502444347078644,2.229182000064611,545.6874760002393,753.0
1780669856,40,GET,/health,1.100000,0.000000,3,10,18,23,39,39,39,39,39,39,39,417,0,3,16.66906269544687,2.194705999954749,273.5818549999749,57.0
1780669856,40,,Aggregated,16.600000,0.000000,160,390,660,970,1500,1700,1800,2000,2100,2100,2100,5268,0,180,497.84120268736064,2.194705999954749,4284.553695999875,2718.764426727411
1780669857,40,POST,/api/book,11.100000,0.000000,380,770,1100,1400,1700,1800,1800,2000,2100,2100,2100,4067,0,320,642.8918837359242,91.95893799960686,4284.553695999875,3381.5935579050897
1780669857,40,GET,/api/concerts,4.300000,0.000000,4,15,20,25,47,210,270,270,270,270,270,802,0,3,19.580090587294563,2.229182000064611,545.6874760002393,753.0
1780669857,40,GET,/health,1.000000,0.000000,3,10,18,18,23,39,39,39,39,39,39,419,0,3,16.61502957756918,2.194705999954749,273.5818549999749,57.0
1780669857,40,,Aggregated,16.400000,0.000000,160,390,660,970,1500,1700,1800,2000,2100,2100,2100,5288,0,180,498.73415680749156,2.194705999954749,4284.553695999875,2719.502647503782
1780669858,40,POST,/api/book,11.200000,0.000000,390,660,960,1100,1500,1700,1800,1800,1800,1800,1800,4075,0,320,642.4154207739884,91.95893799960686,4284.553695999875,3381.5796319018405
1780669858,40,GET,/api/concerts,3.900000,0.000000,4,8,17,20,47,210,270,270,270,270,270,805,0,3,19.55860110808729,2.229182000064611,545.6874760002393,753.0
1780669858,40,GET,/health,0.900000,0.000000,3,8,18,18,23,39,39,39,39,39,39,420,0,3,16.581841264288805,2.194705999954749,273.5818549999749,57.0
1780669858,40,,Aggregated,16.000000,0.000000,160,390,640,830,1500,1700,1800,1800,1800,1800,1800,5300,0,180,498.21733714660655,2.194705999954749,4284.553695999875,2718.875849056604
1780669859,40,POST,/api/book,11.400000,0.000000,410,660,970,1100,1600,1700,1800,1800,1800,1800,1800,4081,0,320,642.2123664569966,91.95893799960686,4284.553695999875,3381.5628522420975
1780669859,40,GET,/api/concerts,4.000000,0.000000,4,10,17,21,47,210,270,270,270,270,270,807,0,3,19.548349767051224,2.229182000064611,545.6874760002393,753.0
1780669859,40,GET,/health,0.900000,0.000000,3,10,18,18,23,39,39,39,39,39,39,421,0,3,16.550464779099766,2.194705999954749,273.5818549999749,57.0
1780669859,40,,Aggregated,16.300000,0.000000,160,410,660,830,1500,1700,1800,1800,1800,1800,1800,5309,0,180,497.9491300518016,2.194705999954749,4284.553695999875,2718.369937841401
1780669860,40,POST,/api/book,12.300000,0.000000,520,830,1200,1400,1700,1800,1800,1800,2100,2100,2100,4097,0,320,643.7671044366616,91.95893799960686,4284.553695999875,3381.5904320234317
1780669860,40,GET,/api/concerts,4.000000,0.000000,8,17,22,35,82,210,270,270,270,270,270,811,0,3,19.750660868076785,2.229182000064611,545.6874760002393,753.0
1780669860,40,GET,/health,1.200000,0.000000,3,8,10,18,39,39,39,39,39,39,39,422,0,3,16.517217082940196,2.194705999954749,273.5818549999749,57.0
1780669860,40,,Aggregated,17.500000,0.000000,200,550,830,1100,1600,1800,1800,1800,2100,2100,2100,5330,0,180,499.1560747561002,2.194705999954749,4284.553695999875,2718.4076923076923
1780669861,40,POST,/api/book,11.400000,0.000000,500,800,1300,1500,1700,1800,1800,1800,2100,2100,2100,4109,0,320,643.9811271304461,91.95893799960686,4284.553695999875,3381.5733755171573
1780669861,40,GET,/api/concerts,3.600000,0.000000,10,17,22,30,61,82,150,150,150,150,150,813,0,3,19.722741210344363,2.229182000064611,545.6874760002393,753.0
1780669861,40,GET,/health,1.000000,0.000000,3,6,8,8,10,18,18,18,18,18,18,424,0,3,16.459456620285472,2.194705999954749,273.5818549999749,57.0
1780669861,40,,Aggregated,16.000000,0.000000,200,560,890,1200,1600,1800,1800,1800,2100,2100,2100,5346,0,180,499.276440252528,2.194705999954749,4284.553695999875,2718.1522633744858
1780669862,40,POST,/api/book,11.000000,0.000000,500,870,1400,1500,1700,1800,1800,1800,2100,2100,2100,4124,0,320,644.09552200776,91.95893799960686,4284.553695999875,3381.569835111542
1780669862,40,GET,/api/concerts,3.600000,0.000000,16,21,30,35,82,100,150,150,150,150,150,816,0,3,19.81383336765883,2.229182000064611,545.6874760002393,753.0
1780669862,40,GET,/health,1.100000,0.000000,3,6,8,8,10,18,18,18,18,18,18,424,0,3,16.459456620285472,2.194705999954749,273.5818549999749,57.0
1780669862,40,,Aggregated,15.700000,0.000000,240,590,910,1300,1600,1800,1800,1800,2100,2100,2100,5364,0,180,499.51469619593837,2.194705999954749,4284.553695999875,2718.905667412379
1780669863,40,POST,/api/book,12.000000,0.000000,410,870,1300,1400,1700,1800,1800,1800,2100,2100,2100,4135,0,320,644.0732216553813,91.95893799960686,4284.553695999875,3381.5429262394196
1780669863,40,GET,/api/concerts,3.400000,0.000000,16,21,30,35,82,100,150,150,150,150,150,818,0,3,19.772262689498557,2.229182000064611,545.6874760002393,753.0
1780669863,40,GET,/health,1.000000,0.000000,3,3,3,6,8,8,8,8,8,8,8,424,0,3,16.459456620285472,2.194705999954749,273.5818549999749,57.0
1780669863,40,,Aggregated,16.400000,0.000000,230,550,890,1200,1600,1700,1800,1800,2100,2100,2100,5377,0,180,499.6085720721616,2.194705999954749,4284.553695999875,2719.509391854194
1780669864,40,POST,/api/book,12.200000,0.000000,410,900,1300,1400,1600,1800,1800,1800,2100,2100,2100,4149,0,320,643.824426367318,91.95893799960686,4284.553695999875,3381.5606170161486
1780669864,40,GET,/api/concerts,2.700000,0.000000,17,21,30,35,82,100,150,150,150,150,150,820,0,3,19.754407658548942,2.229182000064611,545.6874760002393,753.0
1780669864,40,GET,/health,1.100000,0.000000,3,3,6,6,8,54,54,54,54,54,54,426,0,3,16.514743138500542,2.194705999954749,273.5818549999749,57.0
1780669864,40,,Aggregated,16.000000,0.000000,200,560,980,1300,1600,1700,1800,1800,2100,2100,2100,5395,0,180,499.4367821788719,2.194705999954749,4284.553695999875,2719.5249304911954
1780669865,40,POST,/api/book,12.700000,0.000000,390,800,1200,1400,1600,1800,1800,1800,2100,2100,2100,4162,0,320,642.9371879418554,91.95893799960686,4284.553695999875,3381.5197020663145
1780669865,40,GET,/api/concerts,2.600000,0.000000,15,20,22,35,82,100,150,150,150,150,150,823,0,3,19.72965163792263,2.229182000064611,545.6874760002393,753.0
1780669865,40,GET,/health,0.900000,0.000000,3,3,6,6,8,54,54,54,54,54,54,427,0,3,16.482561576115646,2.194705999954749,273.5818549999749,57.0
1780669865,40,,Aggregated,16.200000,0.000000,200,540,880,1100,1600,1700,1800,1800,2100,2100,2100,5412,0,180,498.73986202975146,2.194705999954749,4284.553695999875,2719.5016629711754
1780669866,40,POST,/api/book,12.000000,0.000000,390,800,1100,1300,1600,1800,1800,1800,2100,2100,2100,4172,0,320,642.4914913331739,91.95893799960686,4284.553695999875,3381.535714285714
1780669866,40,GET,/api/concerts,2.600000,0.000000,15,21,35,42,61,100,150,150,150,150,150,826,0,3,19.780447684032183,2.229182000064611,545.6874760002393,753.0
1780669866,40,GET,/health,1.000000,0.000000,3,3,6,8,54,54,54,54,54,54,54,427,0,3,16.482561576115646,2.194705999954749,273.5818549999749,57.0
1780669866,40,,Aggregated,15.600000,0.000000,200,550,870,1100,1600,1700,1800,1800,2100,2100,2100,5425,0,180,498.4057521515234,2.194705999954749,4284.553695999875,2719.6468202764977
1780669867,40,POST,/api/book,12.600000,0.000000,390,790,1100,1200,1600,1700,1800,1800,2100,2100,2100,4186,0,320,642.808653835404,91.95893799960686,4284.553695999875,3381.516005733397
1780669867,40,GET,/api/concerts,2.400000,0.000000,15,21,42,56,100,150,210,210,210,210,210,828,0,3,19.999223660640517,2.229182000064611,545.6874760002393,753.0
1780669867,40,GET,/health,1.100000,0.000000,3,3,6,6,8,54,54,54,54,54,54,428,0,3,16.44995825701261,2.194705999954749,273.5818549999749,57.0
1780669867,40,,Aggregated,16.100000,0.000000,200,540,870,1100,1500,1700,1800,1800,2100,2100,2100,5442,0,180,498.786652752667,2.194705999954749,4284.553695999875,2720.122381477398
1780669868,40,POST,/api/book,12.600000,0.000000,350,850,1100,1300,1600,1700,1800,1800,2100,2100,2100,4201,0,320,642.444216608903,91.95893799960686,4284.553695999875,3381.553915734349
1780669868,40,GET,/api/concerts,2.500000,0.000000,13,20,30,42,100,150,210,210,210,210,210,832,0,3,19.920168804099184,2.229182000064611,545.6874760002393,753.0
1780669868,40,GET,/health,1.100000,0.000000,3,3,3,6,54,54,54,54,54,54,54,429,0,3,16.417541743592746,2.194705999954749,273.5818549999749,57.0
1780669868,40,,Aggregated,16.200000,0.000000,200,520,880,1100,1600,1700,1800,1800,2100,2100,2100,5462,0,180,498.44834489692687,2.194705999954749,4284.553695999875,2720.039729036983
1780669869,40,POST,/api/book,12.300000,0.000000,330,680,1100,1300,1600,1700,1800,1800,2100,2100,2100,4210,0,320,641.7127336510691,91.95893799960686,4284.553695999875,3381.549168646081
1780669869,40,GET,/api/concerts,2.400000,0.000000,13,20,22,42,61,100,210,210,210,210,210,833,0,3,19.9212216698803,2.229182000064611,545.6874760002393,753.0
1780669869,40,GET,/health,1.000000,0.000000,3,3,6,40,54,54,54,54,54,54,54,431,0,3,16.441010610210967,2.194705999954749,273.5818549999749,57.0
1780669869,40,,Aggregated,15.700000,0.000000,180,400,800,1100,1600,1700,1800,1800,2100,2100,2100,5474,0,180,497.86099048136896,2.194705999954749,4284.553695999875,2719.7913774205335
1780669870,40,POST,/api/book,11.700000,0.000000,330,650,980,1100,1500,1600,1700,1800,1800,1800,1800,4222,0,320,641.4492239739466,91.95893799960686,4284.553695999875,3381.5239223117005
1780669870,40,GET,/api/concerts,2.500000,0.000000,11,15,20,22,56,100,210,210,210,210,210,836,0,3,19.87049217106424,2.229182000064611,545.6874760002393,753.0
1780669870,40,GET,/health,0.800000,0.000000,3,3,6,40,54,54,54,54,54,54,54,432,0,3,16.408976398151008,2.194705999954749,273.5818549999749,57.0
1780669870,40,,Aggregated,15.000000,0.000000,170,350,760,980,1400,1600,1700,1800,1800,1800,1800,5490,0,180,497.61366719071304,2.194705999954749,4284.553695999875,2719.6586520947176
1780669871,40,POST,/api/book,12.300000,0.000000,270,520,880,1100,1300,1600,1700,1700,1800,1800,1800,4232,0,320,640.9201554716451,91.95893799960686,4284.553695999875,3381.499054820416
1780669871,40,GET,/api/concerts,2.700000,0.000000,11,15,21,22,56,100,210,210,210,210,210,837,0,3,19.849788381134584,2.229182000064611,545.6874760002393,753.0
1780669871,40,GET,/health,1.000000,0.000000,3,3,6,40,54,54,54,54,54,54,54,432,0,3,16.408976398151008,2.194705999954749,273.5818549999749,57.0
1780669871,40,,Aggregated,16.000000,0.000000,160,340,650,880,1300,1600,1600,1700,1800,1800,1800,5501,0,180,497.3781219114733,2.194705999954749,4284.553695999875,2720.485184511907
1780669872,40,POST,/api/book,12.700000,0.000000,310,680,1000,1100,1500,1800,2500,2600,2600,2600,2600,4244,0,320,643.1465421670597,91.95893799960686,4284.553695999875,3381.5273327049954
1780669872,40,GET,/api/concerts,2.600000,0.000000,5,15,20,21,42,56,210,210,210,210,210,838,0,3,19.843730464211895,2.229182000064611,545.6874760002393,753.0
1780669872,40,GET,/health,1.000000,0.000000,3,3,5,40,54,54,54,54,54,54,54,433,0,3,16.38154337644652,2.194705999954749,273.5818549999749,57.0
1780669872,40,,Aggregated,16.300000,0.000000,160,390,800,1000,1400,1600,2500,2600,2600,2600,2600,5515,0,180,499.2268684257504,2.194705999954749,4284.553695999875,2721.1055303717135
1780669873,40,POST,/api/book,12.300000,0.000000,340,850,1100,1300,1800,2400,2500,2600,2600,2600,2600,4261,0,320,646.1259177157951,91.95893799960686,4284.553695999875,3381.5479934287728
1780669873,40,GET,/api/concerts,2.600000,0.000000,5,15,20,21,42,56,210,210,210,210,210,841,0,3,19.78884754935788,2.229182000064611,545.6874760002393,753.0
1780669873,40,GET,/health,1.000000,0.000000,3,3,3,5,40,40,40,40,40,40,40,434,0,3,16.34977851382803,2.194705999954749,273.5818549999749,57.0
1780669873,40,,Aggregated,15.900000,0.000000,180,490,980,1100,1600,2300,2500,2600,2600,2600,2600,5536,0,180,501.60418353522675,2.194705999954749,4284.553695999875,2721.6016979768788
1780669874,40,POST,/api/book,12.200000,0.000000,400,890,1100,1300,1800,2400,2500,2600,2600,2600,2600,4271,0,320,646.4008184436909,91.95893799960686,4284.553695999875,3381.542964177008
1780669874,40,GET,/api/concerts,2.400000,0.000000,4,13,15,20,42,56,210,210,210,210,210,843,0,3,19.748482932396268,2.229182000064611,545.6874760002393,753.0
1780669874,40,GET,/health,0.800000,0.000000,3,5,14,14,32,40,40,40,40,40,40,438,0,3,16.34309629680792,2.194705999954749,273.5818549999749,57.0
1780669874,40,,Aggregated,15.400000,0.000000,200,560,980,1100,1600,2300,2500,2600,2600,2600,2600,5552,0,180,501.54613524189796,2.194705999954749,4284.553695999875,2720.1576008645534
1780669875,40,POST,/api/book,11.900000,0.000000,400,930,1200,1300,1800,2400,2500,2600,2600,2600,2600,4280,0,320,645.7385118210289,91.95893799960686,4284.553695999875,3381.545093457944
1780669875,40,GET,/api/concerts,2.200000,0.000000,4,12,15,21,42,56,210,210,210,210,210,845,0,3,19.748078427230922,2.229182000064611,545.6874760002393,753.0
1780669875,40,GET,/health,0.900000,0.000000,3,5,14,14,32,40,40,40,40,40,40,439,0,3,16.312266075174875,2.194705999954749,273.5818549999749,57.0
1780669875,40,,Aggregated,15.000000,0.000000,260,580,990,1100,1700,2300,2500,2600,2600,2600,2600,5564,0,180,501.00809519626483,2.194705999954749,4284.553695999875,2720.043314162473
1780669876,40,POST,/api/book,12.800000,0.000000,400,800,1100,1300,1800,2400,2500,2600,2600,2600,2600,4295,0,320,644.9154999853333,91.95893799960686,4284.553695999875,3381.529220023283
1780669876,40,GET,/api/concerts,2.300000,0.000000,3,7,13,15,36,210,210,210,210,210,210,845,0,3,19.748078427230922,2.229182000064611,545.6874760002393,753.0
1780669876,40,GET,/health,1.000000,0.000000,3,5,14,14,32,40,40,40,40,40,40,440,0,3,16.28187627954958,2.194705999954749,273.5818549999749,57.0
1780669876,40,,Aggregated,16.100000,0.000000,270,580,890,1100,1600,2300,2500,2600,2600,2600,2600,5580,0,180,500.6744129517958,2.194705999954749,4284.553695999875,2721.3320788530464
1780669877,40,POST,/api/book,12.100000,0.000000,380,790,1100,1200,1800,2400,2500,2600,2600,2600,2600,4303,0,320,644.635116839648,91.95893799960686,4284.553695999875,3381.5175458982108
1780669877,40,GET,/api/concerts,2.300000,0.000000,3,4,7,12,21,36,36,36,36,36,36,846,0,3,19.727949166678947,2.229182000064611,545.6874760002393,753.0
1780669877,40,GET,/health,1.200000,0.000000,3,5,14,14,32,40,40,40,40,40,40,442,0,3,16.21966992308127,2.194705999954749,273.5818549999749,57.0
1780669877,40,,Aggregated,15.600000,0.000000,200,580,860,1100,1600,2300,2500,2600,2600,2600,2600,5591,0,180,500.3977547597961,2.194705999954749,4284.553695999875,2720.9626184940084
1780669878,40,POST,/api/book,12.000000,0.000000,390,800,1200,1300,2100,2400,2500,2600,2600,2600,2600,4318,0,320,645.6415737816133,91.95893799960686,4284.553695999875,3381.5312644742935
1780669878,40,GET,/api/concerts,2.200000,0.000000,3,7,15,15,36,60,60,60,60,60,60,848,0,3,19.756512856144393,2.229182000064611,545.6874760002393,753.0
1780669878,40,GET,/health,1.300000,0.000000,3,3,5,14,14,32,32,32,32,32,32,443,0,3,16.18861171332345,2.194705999954749,273.5818549999749,57.0
1780669878,40,,Aggregated,15.500000,0.000000,280,580,930,1200,1900,2400,2500,2600,2600,2600,2600,5609,0,180,501.30244134070614,2.194705999954749,4284.553695999875,2721.5630237118917
1780669879,40,POST,/api/book,12.000000,0.000000,430,860,1200,1600,2100,2500,2500,2600,2600,2600,2600,4327,0,320,645.914348691705,91.95893799960686,4284.553695999875,3381.527155072799
1780669879,40,GET,/api/concerts,1.900000,0.000000,3,7,15,17,36,60,60,60,60,60,60,849,0,3,19.753836964676662,2.229182000064611,545.6874760002393,753.0
1780669879,40,GET,/health,1.300000,0.000000,3,5,5,14,14,32,32,32,32,32,32,444,0,3,16.163710612618118,2.194705999954749,273.5818549999749,57.0
1780669879,40,,Aggregated,15.200000,0.000000,290,600,1000,1200,2000,2400,2500,2600,2600,2600,2600,5620,0,180,501.56923165196116,2.194705999954749,4284.553695999875,2721.7923487544485
1780669880,40,POST,/api/book,11.700000,0.000000,520,930,1400,1700,2400,2600,2900,3100,3200,3200,3200,4351,0,320,648.1260908593441,91.95893799960686,4284.553695999875,3381.5398758906
1780669880,40,GET,/api/concerts,1.700000,0.000000,3,3,12,15,36,60,60,60,60,60,60,852,0,3,19.694340215974954,2.229182000064611,545.6874760002393,753.0
1780669880,40,GET,/health,1.400000,0.000000,3,5,5,14,14,32,32,32,32,32,32,445,0,3,16.136956835960905,2.194705999954749,273.5818549999749,57.0
1780669880,40,,Aggregated,14.800000,0.000000,290,700,1200,1500,2400,2500,2700,3100,3200,3200,3200,5648,0,180,503.533488842957,2.194705999954749,4284.553695999875,2723.087995750708
1780669881,40,POST,/api/book,11.700000,0.000000,520,870,1400,1700,2400,2600,2900,3100,3200,3200,3200,4360,0,320,647.6304122403684,91.95893799960686,4284.553695999875,3381.4412844036697
1780669881,40,GET,/api/concerts,1.600000,0.000000,3,3,15,17,36,60,60,60,60,60,60,852,0,3,19.694340215974954,2.229182000064611,545.6874760002393,753.0
1780669881,40,GET,/health,1.300000,0.000000,3,5,5,14,14,32,32,32,32,32,32,445,0,3,16.136956835960905,2.194705999954749,273.5818549999749,57.0
1780669881,40,,Aggregated,14.600000,0.000000,300,660,990,1400,2400,2500,2700,3100,3200,3200,3200,5657,0,180,503.3814956733288,2.194705999954749,4284.553695999875,2724.0595722114194
1780669882,40,POST,/api/book,11.700000,0.000000,400,660,1000,1400,2100,2500,2900,3100,3200,3200,3200,4373,0,320,646.878955323578,91.95893799960686,4284.553695999875,3381.449805625429
1780669882,40,GET,/api/concerts,1.500000,0.000000,3,3,3,7,36,60,60,60,60,60,60,855,0,3,19.635540665509772,2.229182000064611,545.6874760002393,753.0
1780669882,40,GET,/health,1.300000,0.000000,3,5,5,14,14,32,32,32,32,32,32,446,0,3,16.11173569507334,2.194705999954749,273.5818549999749,57.0
1780669882,40,,Aggregated,14.500000,0.000000,280,540,760,1000,2000,2400,2700,3100,3200,3200,3200,5674,0,180,502.78038297832603,2.194705999954749,4284.553695999875,2724.060098695805
1780669883,40,POST,/api/book,12.700000,0.000000,330,570,700,800,1900,2500,2900,3100,3200,3200,3200,4383,0,320,646.4386604227714,91.95893799960686,4284.553695999875,3381.4524298425736
1780669883,40,GET,/api/concerts,1.500000,0.000000,3,3,13,17,60,69,69,69,69,69,69,859,0,3,19.64526877882511,2.229182000064611,545.6874760002393,753.0
1780669883,40,GET,/health,1.300000,0.000000,3,5,5,5,14,14,14,14,14,14,14,446,0,3,16.11173569507334,2.194705999954749,273.5818549999749,57.0
1780669883,40,,Aggregated,15.500000,0.000000,200,470,580,700,1700,2400,2900,3100,3200,3200,3200,5688,0,180,502.3561477907915,2.194705999954749,4284.553695999875,2723.8317510548522
1780669884,40,POST,/api/book,12.800000,0.000000,300,510,660,800,1900,2500,2900,3100,3200,3200,3200,4391,0,320,645.5434498818054,91.95893799960686,4284.553695999875,3381.4680027328627
1780669884,40,GET,/api/concerts,1.600000,0.000000,3,3,13,17,60,69,69,69,69,69,69,860,0,3,19.625842377919536,2.229182000064611,545.6874760002393,753.0
1780669884,40,GET,/health,1.300000,0.000000,3,4,5,5,78,78,78,78,78,78,78,447,0,3,16.249996724838528,2.194705999954749,273.5818549999749,57.0
1780669884,40,,Aggregated,15.700000,0.000000,190,380,570,710,1700,2400,2900,3100,3200,3200,3200,5698,0,180,501.70643408424417,2.194705999954749,4284.553695999875,2723.9531414531416
1780669885,40,POST,/api/book,12.800000,0.000000,320,580,1200,1600,2400,2500,2900,3100,3200,3200,3200,4412,0,320,649.1905964109264,91.95893799960686,4284.553695999875,3381.4712148685403
1780669885,40,GET,/api/concerts,1.700000,0.000000,3,3,17,29,60,69,69,69,69,69,69,861,0,3,19.63716324856078,2.229182000064611,545.6874760002393,753.0
1780669885,40,GET,/health,1.300000,0.000000,3,4,5,5,78,78,78,78,78,78,78,447,0,3,16.249996724838528,2.194705999954749,273.5818549999749,57.0
1780669885,40,,Aggregated,15.800000,0.000000,200,510,710,1200,2300,2500,2800,3100,3200,3200,3200,5720,0,180,504.96507997517887,2.194705999954749,4284.553695999875,2726.025
1780669886,40,POST,/api/book,11.800000,0.000000,320,580,1200,1600,2400,2500,2900,3100,3200,3200,3200,4424,0,320,648.212725518763,91.95893799960686,4284.553695999875,3381.497287522604
1780669886,40,GET,/api/concerts,1.800000,0.000000,3,3,13,17,60,69,69,69,69,69,69,862,0,3,19.617820197228482,2.229182000064611,545.6874760002393,753.0
1780669886,40,GET,/health,1.100000,0.000000,4,5,5,5,78,78,78,78,78,78,78,447,0,3,16.249996724838528,2.194705999954749,273.5818549999749,57.0
1780669886,40,,Aggregated,14.700000,0.000000,200,490,710,1200,2300,2500,2800,3100,3200,3200,3200,5733,0,180,504.4248050307035,2.194705999954749,4284.553695999875,2727.0729112157683
1780669887,40,POST,/api/book,11.900000,0.000000,310,560,930,1500,2300,2500,2900,3100,3200,3200,3200,4437,0,320,647.4249600545429,91.95893799960686,4284.553695999875,3381.514086094208
1780669887,40,GET,/api/concerts,1.700000,0.000000,3,13,20,25,60,69,69,69,69,69,69,866,0,3,19.588816881075406,2.229182000064611,545.6874760002393,753.0
1780669887,40,GET,/health,0.900000,0.000000,5,5,78,78,150,150,150,150,150,150,150,448,0,3,16.554885419649526,2.194705999954749,273.5818549999749,57.0
1780669887,40,,Aggregated,14.500000,0.000000,200,470,660,1200,2300,2500,2800,3100,3200,3200,3200,5751,0,180,503.73935869397025,2.194705999954749,4284.553695999875,2726.7278734133192
1780669888,40,POST,/api/book,12.900000,0.000000,210,540,910,1300,2300,2500,2900,3100,3200,3200,3200,4449,0,320,647.2451903425506,91.95893799960686,4284.553695999875,3381.5210159586422
1780669888,40,GET,/api/concerts,1.600000,0.000000,3,8,17,20,29,34,69,69,69,69,69,870,0,3,19.553530305760454,2.229182000064611,545.6874760002393,753.0
1780669888,40,GET,/health,0.700000,0.000000,5,78,78,150,150,150,150,150,150,150,150,448,0,3,16.554885419649526,2.194705999954749,273.5818549999749,57.0
1780669888,40,,Aggregated,15.200000,0.000000,180,400,600,930,2300,2500,2800,3100,3200,3200,3200,5767,0,180,503.5585246866697,2.194705999954749,4284.553695999875,2726.7267209987863
1780669889,40,POST,/api/book,13.100000,0.000000,300,560,930,1400,2100,2500,2900,3100,3200,3200,3200,4466,0,320,647.8785836986136,91.95893799960686,4284.553695999875,3381.5199283475145
1780669889,40,GET,/api/concerts,1.800000,0.000000,3,8,20,28,34,42,69,69,69,69,69,874,0,3,19.5506181075647,2.229182000064611,545.6874760002393,753.0
1780669889,40,GET,/health,0.700000,0.000000,5,5,78,78,150,150,150,150,150,150,150,450,0,3,16.49580766000731,2.194705999954749,273.5818549999749,57.0
1780669889,40,,Aggregated,15.600000,0.000000,180,440,660,1100,1800,2400,2800,3100,3200,3200,3200,5790,0,180,503.9613313421461,2.194705999954749,4284.553695999875,2726.3626943005183
1780669890,40,POST,/api/book,13.300000,0.000000,310,490,710,1200,1800,2300,2500,2500,2800,2800,2800,4479,0,320,647.0103246117457,91.95893799960686,4284.553695999875,3381.518865818263
1780669890,40,GET,/api/concerts,2.000000,0.000000,3,13,20,28,34,42,69,69,69,69,69,877,0,3,19.506202407081815,2.229182000064611,545.6874760002393,753.0
1780669890,40,GET,/health,0.600000,0.000000,5,38,78,78,150,150,150,150,150,150,150,452,0,3,16.51331603098009,2.194705999954749,273.5818549999749,57.0
1780669890,40,,Aggregated,15.900000,0.000000,180,400,510,710,1600,2300,2400,2500,2800,2800,2800,5808,0,180,503.1904618273113,2.194705999954749,4284.553695999875,2725.8898071625345
1780669891,40,POST,/api/book,13.100000,0.000000,260,450,610,1200,1800,2300,2500,2500,2800,2800,2800,4486,0,320,646.2614404551961,91.95893799960686,4284.553695999875,3381.5231832367367
1780669891,40,GET,/api/concerts,2.200000,0.000000,3,13,21,25,34,42,69,69,69,69,69,880,0,3,19.469814311375703,2.229182000064611,545.6874760002393,753.0
1780669891,40,GET,/health,0.500000,0.000000,5,38,78,78,150,150,150,150,150,150,150,453,0,3,16.482936185437342,2.194705999954749,273.5818549999749,57.0
1780669891,40,,Aggregated,15.800000,0.000000,160,360,480,610,1600,2300,2400,2500,2800,2800,2800,5819,0,180,502.4452704189765,2.194705999954749,4284.553695999875,2725.2060491493385
1780669892,40,POST,/api/book,13.800000,0.000000,290,450,770,1200,1800,2300,2500,2500,2800,2800,2800,4499,0,320,645.7766844280972,91.95893799960686,4284.553695999875,3381.5170037786174
1780669892,40,GET,/api/concerts,2.500000,0.000000,5,13,21,25,34,42,69,69,69,69,69,882,0,3,19.440242069173262,2.229182000064611,545.6874760002393,753.0
1780669892,40,GET,/health,0.600000,0.000000,5,36,38,78,150,150,150,150,150,150,150,455,0,3,16.495014468137516,2.194705999954749,273.5818549999749,57.0
1780669892,40,,Aggregated,16.900000,0.000000,160,350,460,770,1600,2100,2400,2500,2800,2800,2800,5836,0,180,502.0563448132322,2.194705999954749,4284.553695999875,2725.0729952021934
1780669893,40,POST,/api/book,12.900000,0.000000,310,460,790,1200,1800,2300,2500,2500,2800,2800,2800,4509,0,320,645.5505926118894,91.95893799960686,4284.553695999875,3381.5222887558216
1780669893,40,GET,/api/concerts,2.500000,0.000000,5,8,20,25,29,34,42,42,42,42,42,884,0,3,19.409034142546464,2.229182000064611,545.6874760002393,753.0
1780669893,40,GET,/health,0.700000,0.000000,36,38,78,80,150,150,150,150,150,150,150,456,0,3,16.634750361847356,2.194705999954749,273.5818549999749,57.0
1780669893,40,,Aggregated,16.100000,0.000000,180,390,500,790,1600,2300,2400,2500,2800,2800,2800,5849,0,180,501.8859043313428,2.194705999954749,4284.553695999875,2725.068900666781
1780669894,40,POST,/api/book,12.700000,0.000000,320,480,890,1300,1800,2300,2500,2500,2800,2800,2800,4522,0,320,645.3868611727135,91.95893799960686,4284.553695999875,3381.497125165856
1780669894,40,GET,/api/concerts,2.800000,0.000000,5,8,20,25,29,34,42,42,42,42,42,885,0,3,19.389992514136324,2.229182000064611,545.6874760002393,753.0
1780669894,40,GET,/health,0.800000,0.000000,36,42,78,78,80,150,150,150,150,150,150,457,0,3,16.69032861269658,2.194705999954749,273.5818549999749,57.0
1780669894,40,,Aggregated,16.300000,0.000000,180,400,560,890,1600,2100,2400,2500,2800,2800,2800,5864,0,180,501.91456510471073,2.194705999954749,4284.553695999875,2725.713506139154
1780669895,40,POST,/api/book,12.500000,0.000000,300,470,790,1100,1800,2100,2900,3000,3000,3000,3000,4538,0,320,648.3608199947134,91.95893799960686,4284.553695999875,3381.5176289114147
1780669895,40,GET,/api/concerts,2.700000,0.000000,5,8,20,25,34,42,68,68,68,68,68,886,0,3,19.444953150124906,2.229182000064611,545.6874760002393,753.0
1780669895,40,GET,/health,0.900000,0.000000,4,36,38,42,80,150,150,150,150,150,150,460,0,3,16.61335865870154,2.194705999954749,273.5818549999749,57.0
1780669895,40,,Aggregated,16.100000,0.000000,150,360,500,770,1500,2000,2800,3000,3000,3000,3000,5884,0,180,504.271205746095,2.194705999954749,4284.553695999875,2725.816621346023
1780669896,40,POST,/api/book,12.600000,0.000000,290,460,830,1200,1800,2400,2900,3000,3000,3000,3000,4546,0,320,647.4639134940627,91.95893799960686,4284.553695999875,3381.5217773867134
1780669896,40,GET,/api/concerts,2.500000,0.000000,3,8,20,21,34,42,68,68,68,68,68,890,0,3,19.369307442708674,2.229182000064611,545.6874760002393,753.0
1780669896,40,GET,/health,1.100000,0.000000,4,36,38,42,80,150,150,150,150,150,150,461,0,3,16.582805095450663,2.194705999954749,273.5818549999749,57.0
1780669896,40,,Aggregated,16.200000,0.000000,150,320,460,770,1500,2000,2800,3000,3000,3000,3000,5897,0,180,503.3498910491814,2.194705999954749,4284.553695999875,2724.9186026793286
1780669897,40,POST,/api/book,13.100000,0.000000,300,470,830,1200,1800,2400,2900,3000,3000,3000,3000,4552,0,320,647.1136076076469,91.95893799960686,4284.553695999875,3381.5243848857644
1780669897,40,GET,/api/concerts,2.500000,0.000000,3,5,8,14,34,42,68,68,68,68,68,895,0,3,19.277419000012255,2.229182000064611,545.6874760002393,753.0
1780669897,40,GET,/health,1.100000,0.000000,3,10,38,42,80,150,150,150,150,150,150,462,0,3,16.552636004335355,2.194705999954749,273.5818549999749,57.0
1780669897,40,,Aggregated,16.700000,0.000000,150,320,470,770,1600,2000,2800,3000,3000,3000,3000,5909,0,180,502.7181840698972,2.194705999954749,4284.553695999875,2723.467253342359
1780669898,40,POST,/api/book,12.500000,0.000000,310,480,830,1200,1800,2400,2900,3000,3000,3000,3000,4563,0,320,647.3912256213039,91.95893799960686,4284.553695999875,3381.4924391847467
1780669898,40,GET,/api/concerts,2.600000,0.000000,3,4,7,8,28,42,68,68,68,68,68,896,0,3,19.259590801351376,2.229182000064611,545.6874760002393,753.0
1780669898,40,GET,/health,1.300000,0.000000,3,7,36,38,42,80,80,80,80,80,80,463,0,3,16.5322519676087,2.194705999954749,273.5818549999749,57.0
1780669898,40,,Aggregated,16.400000,0.000000,150,350,480,790,1800,2000,2800,3000,3000,3000,3000,5922,0,180,503.03228445272254,2.194705999954749,4284.553695999875,2723.8819655521784
1780669899,40,POST,/api/book,12.000000,0.000000,260,470,890,1200,2100,2500,2900,3000,3000,3000,3000,4575,0,320,648.2504755938817,91.95893799960686,4284.553695999875,3381.481967213115
1780669899,40,GET,/api/concerts,2.700000,0.000000,3,4,7,8,23,39,68,68,68,68,68,900,0,3,19.251204796679403,2.229182000064611,545.6874760002393,753.0
1780669899,40,GET,/health,1.400000,0.000000,3,10,36,38,42,80,80,80,80,80,80,463,0,3,16.5322519676087,2.194705999954749,273.5818549999749,57.0
1780669899,40,,Aggregated,16.100000,0.000000,150,310,470,790,1800,2400,2900,3000,3000,3000,3000,5938,0,180,503.6588822532878,2.194705999954749,4284.553695999875,2723.8752105085887
1780669900,40,POST,/api/book,11.600000,0.000000,240,600,1200,1800,2400,2500,2900,3000,3000,3000,3000,4594,0,320,649.5952201208115,91.95893799960686,4284.553695999875,3381.4808445798867
1780669900,40,GET,/api/concerts,2.900000,0.000000,3,4,7,8,23,39,68,68,68,68,68,901,0,3,19.232949498347644,2.229182000064611,545.6874760002393,753.0
1780669900,40,GET,/health,1.500000,0.000000,3,10,19,36,42,80,80,80,80,80,80,465,0,3,16.506972726886985,2.194705999954749,273.5818549999749,57.0
1780669900,40,,Aggregated,16.000000,0.000000,150,310,790,950,2000,2500,2800,3000,3000,3000,3000,5960,0,180,504.90689111594327,2.194705999954749,4284.553695999875,2724.745134228188
1780669901,40,POST,/api/book,11.600000,0.000000,260,810,1300,1800,2400,2500,2900,3000,3000,3000,3000,4603,0,320,649.635780015644,91.95893799960686,4284.553695999875,3381.5066261134043
1780669901,40,GET,/api/concerts,2.600000,0.000000,3,4,5,7,31,39,68,68,68,68,68,903,0,3,19.230000859370133,2.229182000064611,545.6874760002393,753.0
1780669901,40,GET,/health,1.500000,0.000000,3,10,19,36,42,80,80,80,80,80,80,467,0,3,16.44746897430992,2.194705999954749,273.5818549999749,57.0
1780669901,40,,Aggregated,15.700000,0.000000,150,320,890,1200,2000,2500,2800,3000,3000,3000,3000,5973,0,180,504.824904436468,2.194705999954749,4284.553695999875,2724.2010714883645
1780669902,40,POST,/api/book,10.900000,0.000000,280,690,1300,1800,2400,2500,2900,3000,3000,3000,3000,4618,0,320,649.0236375996122,91.95893799960686,4284.553695999875,3381.493936769164
1780669902,40,GET,/api/concerts,2.600000,0.000000,3,4,7,10,31,39,68,68,68,68,68,906,0,3,19.183729430476177,2.229182000064611,545.6874760002393,753.0
1780669902,40,GET,/health,1.300000,0.000000,3,3,10,19,42,80,80,80,80,80,80,470,0,3,16.360853163835966,2.194705999954749,273.5818549999749,57.0
1780669902,40,,Aggregated,14.800000,0.000000,150,320,790,1200,2000,2500,2800,3000,3000,3000,3000,5994,0,180,504.21441746513585,2.194705999954749,4284.553695999875,2723.5146813480146
1780669903,40,POST,/api/book,11.400000,0.000000,260,650,1200,1800,2400,2500,2900,3000,3000,3000,3000,4627,0,320,648.4350672699393,91.95893799960686,4284.553695999875,3381.4862762048842
1780669903,40,GET,/api/concerts,2.400000,0.000000,3,4,9,10,31,39,68,68,68,68,68,907,0,3,19.17280554466527,2.229182000064611,545.6874760002393,753.0
1780669903,40,GET,/health,1.300000,0.000000,3,3,7,10,19,96,96,96,96,96,96,472,0,3,16.501182368649474,2.194705999954749,273.5818549999749,57.0
1780669903,40,,Aggregated,15.100000,0.000000,150,320,670,1200,2000,2500,2800,3000,3000,3000,3000,6006,0,180,503.7441473468238,2.194705999954749,4284.553695999875,2723.278721278721
1780669904,40,POST,/api/book,11.500000,0.000000,310,670,1200,1700,2400,2500,2900,3000,3000,3000,3000,4638,0,320,648.3954669286351,91.95893799960686,4284.553695999875,3381.5081931867185
1780669904,40,GET,/api/concerts,2.400000,0.000000,4,5,14,23,31,39,68,68,68,68,68,909,0,3,19.17995487570002,2.229182000064611,545.6874760002393,753.0
1780669904,40,GET,/health,1.500000,0.000000,3,3,3,7,19,96,96,96,96,96,96,473,0,3,16.471542556030922,2.194705999954749,273.5818549999749,57.0
1780669904,40,,Aggregated,15.400000,0.000000,160,400,690,1100,2000,2500,2800,3000,3000,3000,3000,6020,0,180,503.73484953920655,2.194705999954749,4284.553695999875,2723.400830564784
1780669905,40,POST,/api/book,12.000000,0.000000,310,650,1200,1500,2200,2400,2500,2500,2500,2500,2500,4656,0,320,650.3744023206633,91.95893799960686,4284.553695999875,3381.486469072165
1780669905,40,GET,/api/concerts,2.400000,0.000000,3,4,9,14,30,31,39,39,39,39,39,912,0,3,19.126843066899074,2.229182000064611,545.6874760002393,753.0
1780669905,40,GET,/health,1.500000,0.000000,3,3,7,13,19,96,96,96,96,96,96,474,0,3,16.463943208866098,2.194705999954749,273.5818549999749,57.0
1780669905,40,,Aggregated,15.900000,0.000000,170,360,670,1100,2000,2400,2400,2500,2500,2500,2500,6042,0,180,505.3609412716026,2.194705999954749,4284.553695999875,2723.9250248262165
1780669906,40,POST,/api/book,11.700000,0.000000,340,870,1300,1700,2300,2400,2500,2500,2500,2500,2500,4667,0,320,651.2923867145937,91.95893799960686,4284.553695999875,3381.467752303407
1780669906,40,GET,/api/concerts,2.300000,0.000000,4,9,14,19,30,31,39,39,39,39,39,913,0,3,19.127130867482993,2.229182000064611,545.6874760002393,753.0
1780669906,40,GET,/health,1.500000,0.000000,3,3,7,7,19,96,96,96,96,96,96,477,0,3,16.380111228516235,2.194705999954749,273.5818549999749,57.0
1780669906,40,,Aggregated,15.500000,0.000000,180,450,940,1300,2200,2400,2400,2500,2500,2500,2500,6057,0,180,506.00263370233176,2.194705999954749,4284.553695999875,2723.458477794288
1780669907,40,POST,/api/book,11.500000,0.000000,410,820,1300,1700,2300,2400,2500,2500,2500,2500,2500,4677,0,320,651.0195617004509,91.95893799960686,4284.553695999875,3381.497968783408
1780669907,40,GET,/api/concerts,2.400000,0.000000,4,9,14,19,30,31,39,39,39,39,39,916,0,3,19.073883433418906,2.229182000064611,545.6874760002393,753.0
1780669907,40,GET,/health,1.500000,0.000000,3,3,7,11,19,96,96,96,96,96,96,480,0,3,16.31266937500584,2.194705999954749,273.5818549999749,57.0
1780669907,40,,Aggregated,15.400000,0.000000,210,520,890,1200,2100,2400,2400,2500,2500,2500,2500,6073,0,180,505.5360198580642,2.194705999954749,4284.553695999875,2722.274658323728
1780669908,40,POST,/api/book,11.800000,0.000000,410,710,1100,1300,2300,2400,2500,2500,2500,2500,2500,4692,0,320,650.1227693699935,91.95893799960686,4284.553695999875,3381.5087382779197
1780669908,40,GET,/api/concerts,2.500000,0.000000,4,10,14,19,30,31,39,39,39,39,39,918,0,3,19.049076409598708,2.229182000064611,545.6874760002393,753.0
1780669908,40,GET,/health,1.500000,0.000000,3,3,11,13,37,96,96,96,96,96,96,482,0,3,16.32713912448598,2.194705999954749,273.5818549999749,57.0
1780669908,40,,Aggregated,15.800000,0.000000,230,460,790,980,2100,2400,2400,2500,2500,2500,2500,6092,0,180,504.88062493204586,2.194705999954749,4284.553695999875,2722.384602757715
1780669909,40,POST,/api/book,12.200000,0.000000,420,760,1100,1300,2100,2400,2400,2400,2500,2500,2500,4700,0,320,650.6957800483,91.95893799960686,4284.553695999875,3381.521489361702
1780669909,40,GET,/api/concerts,2.300000,0.000000,4,10,13,14,28,30,31,31,31,31,31,921,0,3,19.030699049958127,2.229182000064611,545.6874760002393,753.0
1780669909,40,GET,/health,1.600000,0.000000,3,3,11,13,21,37,96,96,96,96,96,484,0,3,16.30763474380717,2.194705999954749,273.5818549999749,57.0
1780669909,40,,Aggregated,16.100000,0.000000,230,510,790,1100,1900,2300,2400,2400,2500,2500,2500,6105,0,180,505.10898202588436,2.194705999954749,4284.553695999875,2721.417199017199
1780669910,40,POST,/api/book,12.500000,0.000000,410,760,1100,1300,1900,2300,2400,2400,2400,2400,2400,4717,0,320,651.1802926111958,91.95893799960686,4284.553695999875,3381.5287258850963
1780669910,40,GET,/api/concerts,2.100000,0.000000,4,10,13,14,28,30,31,31,31,31,31,922,0,3,19.01312974187791,2.229182000064611,545.6874760002393,753.0
1780669910,40,GET,/health,1.700000,0.000000,3,4,11,13,37,96,96,96,96,96,96,485,0,3,16.281736713407902,2.194705999954749,273.5818549999749,57.0
1780669910,40,,Aggregated,16.300000,0.000000,230,510,790,1100,1600,2100,2400,2400,2400,2400,2400,6124,0,180,505.72243438520974,2.194705999954749,4284.553695999875,2722.4986936642717
1780669911,40,POST,/api/book,12.700000,0.000000,430,660,940,1200,1800,2300,2400,2400,2400,2400,2400,4730,0,320,650.5866565029618,91.95893799960686,4284.553695999875,3381.5101479915434
1780669911,40,GET,/api/concerts,2.200000,0.000000,3,10,14,19,30,32,32,32,32,32,32,924,0,3,19.009595457804828,2.229182000064611,545.6874760002393,753.0
1780669911,40,GET,/health,1.900000,0.000000,3,4,13,21,44,96,96,96,96,96,96,487,0,3,16.31071279466624,2.194705999954749,273.5818549999749,57.0
1780669911,40,,Aggregated,16.800000,0.000000,250,520,670,890,1600,2100,2400,2400,2400,2400,2400,6141,0,180,505.2569725766199,2.194705999954749,4284.553695999875,2722.369972317212
1780669912,40,POST,/api/book,12.400000,0.000000,430,670,940,1200,1800,2300,2400,2400,2400,2400,2400,4742,0,320,649.9391594046836,91.95893799960686,4284.553695999875,3381.5078026149304
1780669912,40,GET,/api/concerts,2.100000,0.000000,9,12,14,19,30,32,85,85,85,85,85,927,0,3,19.065052578221966,2.229182000064611,545.6874760002393,753.0
1780669912,40,GET,/health,2.100000,0.000000,3,11,13,21,44,96,96,96,96,96,96,487,0,3,16.31071279466624,2.194705999954749,273.5818549999749,57.0
1780669912,40,,Aggregated,16.600000,0.000000,230,530,710,870,1600,2100,2400,2400,2400,2400,2400,6156,0,180,504.81288414035464,2.194705999954749,4284.553695999875,2722.69330734243
1780669913,40,POST,/api/book,12.300000,0.000000,450,760,950,1300,1800,2300,2400,2400,2400,2400,2400,4755,0,320,649.904912166774,91.95893799960686,4284.553695999875,3381.542166140904
1780669913,40,GET,/api/concerts,2.100000,0.000000,4,12,14,19,30,32,85,85,85,85,85,929,0,3,19.030493340162984,2.229182000064611,545.6874760002393,753.0
1780669913,40,GET,/health,2.000000,0.000000,4,11,13,13,37,44,44,44,44,44,44,488,0,3,16.303790028693406,2.194705999954749,273.5818549999749,57.0
1780669913,40,,Aggregated,16.400000,0.000000,240,600,790,940,1600,2100,2400,2400,2400,2400,2400,6172,0,180,504.84987608555144,2.194705999954749,4284.553695999875,2723.0372650680492
1780669914,40,POST,/api/book,12.700000,0.000000,430,710,960,1300,1900,2300,2400,2400,2400,2400,2400,4765,0,320,650.1139302860462,91.95893799960686,4284.553695999875,3381.536831059811
1780669914,40,GET,/api/concerts,1.900000,0.000000,3,12,13,18,28,32,85,85,85,85,85,930,0,3,19.029532301087247,2.229182000064611,545.6874760002393,753.0
1780669914,40,GET,/health,1.900000,0.000000,4,11,13,13,37,44,44,44,44,44,44,489,0,3,16.28994185890082,2.194705999954749,273.5818549999749,57.0
1780669914,40,,Aggregated,16.500000,0.000000,210,580,790,950,1600,2100,2400,2400,2400,2400,2400,6184,0,180,505.0866954110645,2.194705999954749,4284.553695999875,2723.3483182406208
1780669915,40,POST,/api/book,12.300000,0.000000,450,710,950,1200,1800,2000,2200,2300,2400,2400,2400,4779,0,320,651.1041269489456,91.95893799960686,4284.553695999875,3381.53421217828
1780669915,40,GET,/api/concerts,2.100000,0.000000,3,12,13,18,28,32,85,85,85,85,85,933,0,3,18.985110857461677,2.229182000064611,545.6874760002393,753.0
1780669915,40,GET,/health,1.700000,0.000000,4,11,13,21,38,44,44,44,44,44,44,492,0,3,16.288181817077476,2.194705999954749,273.5818549999749,57.0
1780669915,40,,Aggregated,16.100000,0.000000,200,530,760,940,1600,1900,2100,2300,2400,2400,2400,6204,0,180,505.6985036384629,2.194705999954749,4284.553695999875,2722.5894584139264
1780669916,40,POST,/api/book,12.800000,0.000000,440,670,940,1200,1600,1800,2100,2100,2200,2200,2200,4789,0,320,651.0212090225541,91.95893799960686,4284.553695999875,3381.4998955940696
1780669916,40,GET,/api/concerts,2.200000,0.000000,6,12,13,18,32,85,88,88,88,88,88,935,0,3,19.04514375295412,2.229182000064611,545.6874760002393,753.0
1780669916,40,GET,/health,1.600000,0.000000,8,11,13,21,38,44,44,44,44,44,44,495,0,3,16.237481923235464,2.194705999954749,273.5818549999749,57.0
1780669916,40,,Aggregated,16.600000,0.000000,200,490,670,850,1500,1800,2000,2100,2200,2200,2200,6219,0,180,505.48083823283883,2.194705999954749,4284.553695999875,2721.7033285094067
1780669917,40,POST,/api/book,12.700000,0.000000,420,670,990,1200,1600,1800,2100,2100,2200,2200,2200,4804,0,320,650.7133375358059,91.95893799960686,4284.553695999875,3381.4592006661114
1780669917,40,GET,/api/concerts,2.100000,0.000000,10,12,13,18,32,85,88,88,88,88,88,938,0,3,19.000391366750875,2.229182000064611,545.6874760002393,753.0
1780669917,40,GET,/health,1.600000,0.000000,8,13,21,37,38,44,44,44,44,44,44,495,0,3,16.237481923235464,2.194705999954749,273.5818549999749,57.0
1780669917,40,,Aggregated,16.400000,0.000000,200,490,770,960,1500,1800,2000,2100,2200,2200,2200,6237,0,180,505.35302135257734,2.194705999954749,4284.553695999875,2722.311848645182
1780669918,40,POST,/api/book,12.300000,0.000000,420,770,1100,1300,1600,1800,2100,2100,2200,2200,2200,4814,0,320,650.3643761422956,91.95893799960686,4284.553695999875,3381.444329040299
1780669918,40,GET,/api/concerts,2.100000,0.000000,6,10,12,18,32,85,88,88,88,88,88,940,0,3,18.96576725320485,2.229182000064611,545.6874760002393,753.0
1780669918,40,GET,/health,1.700000,0.000000,10,13,21,38,44,130,130,130,130,130,130,496,0,3,16.46991323185841,2.194705999954749,273.5818549999749,57.0
1780669918,40,,Aggregated,16.100000,0.000000,190,490,800,1100,1500,1800,2000,2100,2200,2200,2200,6250,0,180,505.0961607888039,2.194705999954749,4284.553695999875,2722.2984
1780669919,40,POST,/api/book,12.200000,0.000000,400,670,1100,1200,1600,1800,2100,2100,2200,2200,2200,4824,0,320,650.1403249332527,91.95893799960686,4284.553695999875,3381.4624792703153
1780669919,40,GET,/api/concerts,2.200000,0.000000,3,10,12,12,32,85,88,88,88,88,88,942,0,3,18.931274655002362,2.229182000064611,545.6874760002393,753.0
1780669919,40,GET,/health,1.800000,0.000000,8,13,13,38,44,130,130,130,130,130,130,497,0,3,16.44319326962095,2.194705999954749,273.5818549999749,57.0
1780669919,40,,Aggregated,16.200000,0.000000,180,460,770,990,1500,1800,2000,2100,2200,2200,2200,6263,0,180,504.914969704299,2.194705999954749,4284.553695999875,2722.31039437969
1780669920,40,POST,/api/book,12.700000,0.000000,420,680,1100,1300,1700,1900,2100,2100,2200,2200,2200,4841,0,320,651.2127557859972,91.95893799960686,4284.553695999875,3381.4077669902913
1780669920,40,GET,/api/concerts,2.200000,0.000000,5,10,12,18,32,85,88,88,88,88,88,944,0,3,18.92904248306376,2.229182000064611,545.6874760002393,753.0
1780669920,40,GET,/health,1.500000,0.000000,10,13,13,38,44,130,130,130,130,130,130,499,0,3,16.404763308621554,2.194705999954749,273.5818549999749,57.0
1780669920,40,,Aggregated,16.400000,0.000000,180,490,790,1100,1600,1800,2100,2100,2200,2200,2200,6284,0,180,505.8204875485402,2.194705999954749,4284.553695999875,2722.5763844684916
1780669922,40,POST,/api/book,12.200000,0.000000,350,790,1200,1300,1700,2000,2100,2100,2200,2200,2200,4854,0,320,650.5969528500231,91.95893799960686,4284.553695999875,3381.452204367532
1780669922,40,GET,/api/concerts,2.200000,0.000000,3,6,10,18,32,88,88,88,88,88,88,946,0,3,18.92588519663015,2.229182000064611,545.6874760002393,753.0
1780669922,40,GET,/health,1.400000,0.000000,10,13,13,22,38,130,130,130,130,130,130,501,0,3,16.399418874255364,2.194705999954749,273.5818549999749,57.0
1780669922,40,,Aggregated,15.800000,0.000000,190,460,950,1200,1600,1800,2100,2100,2200,2200,2200,6301,0,180,505.33528096905656,2.194705999954749,4284.553695999875,2722.4986510077765
1780669923,40,POST,/api/book,12.400000,0.000000,280,950,1200,1400,1700,2000,2100,2100,2200,2200,2200,4863,0,320,650.4742273462908,91.95893799960686,4284.553695999875,3381.458359037631
1780669923,40,GET,/api/concerts,2.100000,0.000000,3,10,12,18,32,88,93,93,93,93,93,950,0,3,18.96231061896048,2.229182000064611,545.6874760002393,753.0
1780669923,40,GET,/health,1.300000,0.000000,8,10,13,22,38,130,130,130,130,130,130,501,0,3,16.399418874255364,2.194705999954749,273.5818549999749,57.0
1780669923,40,,Aggregated,15.800000,0.000000,180,400,970,1200,1600,1800,2100,2100,2200,2200,2200,6314,0,180,505.14514911767907,2.194705999954749,4284.553695999875,2722.1949635730125
1780669924,40,POST,/api/book,12.400000,0.000000,320,790,1200,1400,1700,2000,2100,2100,2200,2200,2200,4875,0,320,650.6807515378488,91.95893799960686,4284.553695999875,3381.470974358974
1780669924,40,GET,/api/concerts,2.200000,0.000000,3,10,18,31,40,88,93,93,93,93,93,954,0,3,18.9499139371201,2.229182000064611,545.6874760002393,753.0
1780669924,40,GET,/health,1.400000,0.000000,8,13,22,32,38,130,130,130,130,130,130,502,0,3,16.430816424306148,2.194705999954749,273.5818549999749,57.0
1780669924,40,,Aggregated,16.000000,0.000000,200,410,950,1100,1600,1800,2100,2100,2200,2200,2200,6331,0,180,505.19588556121084,2.194705999954749,4284.553695999875,2721.789132838414
1780669925,40,POST,/api/book,12.100000,0.000000,290,760,1200,1400,1700,2000,2100,2100,2200,2200,2200,4886,0,320,651.5610600239486,91.95893799960686,4284.553695999875,3381.479738027016
1780669925,40,GET,/api/concerts,2.300000,0.000000,3,10,18,31,40,88,93,93,93,93,93,955,0,3,18.932799080641455,2.229182000064611,545.6874760002393,753.0
1780669925,40,GET,/health,1.400000,0.000000,8,13,22,22,32,130,130,130,130,130,130,503,0,3,16.403877425451014,2.194705999954749,273.5818549999749,57.0
1780669925,40,,Aggregated,15.800000,0.000000,190,390,950,1200,1600,2000,2100,2100,2200,2200,2200,6344,0,180,505.96773530013013,2.194705999954749,4284.553695999875,2722.2093316519545
1780669926,40,POST,/api/book,12.100000,0.000000,340,970,1400,1600,1800,2100,2200,2700,2900,2900,2900,4897,0,320,652.9605786085382,91.95893799960686,4284.553695999875,3381.481315090872
1780669926,40,GET,/api/concerts,2.300000,0.000000,3,3,12,18,32,40,93,93,93,93,93,959,0,3,18.864884632964255,2.229182000064611,545.6874760002393,753.0
1780669926,40,GET,/health,1.400000,0.000000,10,13,27,27,32,130,130,130,130,130,130,504,0,3,16.42409922420928,2.194705999954749,273.5818549999749,57.0
1780669926,40,,Aggregated,15.800000,0.000000,200,420,990,1300,1700,2000,2200,2700,2900,2900,2900,6360,0,180,506.90520814748805,2.194705999954749,4284.553695999875,2721.6932389937106
1780669927,40,POST,/api/book,12.000000,0.000000,340,790,1400,1600,1800,2100,2200,2700,2900,2900,2900,4911,0,320,652.6919295675041,91.95893799960686,4284.553695999875,3381.4917532070863
1780669927,40,GET,/api/concerts,2.500000,0.000000,3,9,18,32,40,79,93,93,93,93,93,963,0,3,18.917117747676823,2.229182000064611,545.6874760002393,753.0
1780669927,40,GET,/health,1.400000,0.000000,10,27,31,31,32,130,130,130,130,130,130,506,0,3,16.425397841899947,2.194705999954749,273.5818549999749,57.0
1780669927,40,,Aggregated,15.900000,0.000000,200,390,950,1400,1700,2000,2200,2700,2900,2900,2900,6380,0,180,506.56716329232376,2.194705999954749,4284.553695999875,2721.0794670846394
1780669928,40,POST,/api/book,11.800000,0.000000,340,680,1300,1500,1800,2100,2200,2700,2900,2900,2900,4925,0,320,651.6838579738097,91.95893799960686,4284.553695999875,3381.4564467005075
1780669928,40,GET,/api/concerts,2.600000,0.000000,3,9,31,32,40,79,93,93,93,93,93,964,0,3,18.900203380718754,2.229182000064611,545.6874760002393,753.0
1780669928,40,GET,/health,1.200000,0.000000,8,22,27,27,31,32,32,32,32,32,32,507,0,3,16.3981999546385,2.194705999954749,273.5818549999749,57.0
1780669928,40,,Aggregated,15.600000,0.000000,210,390,680,1100,1700,2000,2200,2700,2900,2900,2900,6396,0,180,505.9532026199228,2.194705999954749,4284.553695999875,2721.7736085053157
1780669929,40,POST,/api/book,11.800000,0.000000,380,650,1100,1400,1800,2100,2200,2700,2900,2900,2900,4936,0,320,651.1732074945326,91.95893799960686,4284.553695999875,3381.4578606158834
1780669929,40,GET,/api/concerts,2.600000,0.000000,5,9,18,31,40,79,93,93,93,93,93,969,0,3,18.84975256244842,2.229182000064611,545.6874760002393,753.0
1780669929,40,GET,/health,1.200000,0.000000,10,22,27,31,32,32,32,32,32,32,32,507,0,3,16.3981999546385,2.194705999954749,273.5818549999749,57.0
1780669929,40,,Aggregated,15.600000,0.000000,220,410,670,970,1700,2000,2200,2700,2900,2900,2900,6412,0,180,505.4226839992243,2.194705999954749,4284.553695999875,2721.3711790393013
1780669930,40,POST,/api/book,11.900000,0.000000,340,490,680,970,1700,2000,2200,2700,2900,2900,2900,4948,0,320,650.2716737285799,91.95893799960686,4284.553695999875,3381.4575586095393
1780669930,40,GET,/api/concerts,2.500000,0.000000,8,9,15,18,40,79,93,93,93,93,93,974,0,3,18.796284642722814,2.229182000064611,545.6874760002393,753.0
1780669930,40,GET,/health,1.200000,0.000000,5,8,27,27,31,32,32,32,32,32,32,511,0,3,16.295782790609593,2.194705999954749,273.5818549999749,57.0
1780669930,40,,Aggregated,15.600000,0.000000,200,360,430,630,1600,1800,2200,2700,2900,2900,2900,6433,0,180,504.3026531722411,2.194705999954749,4284.553695999875,2719.415669205658
1780669931,40,POST,/api/book,12.200000,0.000000,340,510,620,1100,1700,2000,2200,2700,2900,2900,2900,4959,0,320,649.6158817416849,91.95893799960686,4284.553695999875,3381.4795321637425
1780669931,40,GET,/api/concerts,2.900000,0.000000,8,9,15,18,35,79,93,93,93,93,93,978,0,3,18.761969645206097,2.229182000064611,545.6874760002393,753.0
1780669931,40,GET,/health,1.100000,0.000000,3,8,27,27,31,32,32,32,32,32,32,515,0,3,16.244946792236096,2.194705999954749,273.5818549999749,57.0
1780669931,40,,Aggregated,16.200000,0.000000,180,340,490,600,1500,1800,2100,2700,2900,2900,2900,6452,0,180,503.4346731971527,2.194705999954749,4284.553695999875,2717.69156850589
1780669932,40,POST,/api/book,12.400000,0.000000,360,520,630,790,1700,2000,2200,2700,2900,2900,2900,4971,0,320,649.2194273874501,91.95893799960686,4284.553695999875,3381.497887748944
1780669932,40,GET,/api/concerts,3.000000,0.000000,8,9,15,18,35,40,79,79,79,79,79,979,0,3,18.775997825344184,2.229182000064611,545.6874760002393,753.0
1780669932,40,GET,/health,1.400000,0.000000,3,3,27,31,31,32,32,32,32,32,32,516,0,3,16.218851106592663,2.194705999954749,273.5818549999749,57.0
1780669932,40,,Aggregated,16.800000,0.000000,230,370,510,610,1400,1800,2100,2700,2900,2900,2900,6466,0,180,503.2509128649904,2.194705999954749,4284.553695999875,2718.222239406124
1780669933,40,POST,/api/book,11.600000,0.000000,360,520,620,790,1600,2000,2200,2700,2900,2900,2900,4987,0,320,648.6607827876505,91.95893799960686,4284.553695999875,3381.4744335271707
1780669933,40,GET,/api/concerts,3.400000,0.000000,8,9,15,17,32,35,79,79,79,79,79,982,0,3,18.74099991752697,2.229182000064611,545.6874760002393,753.0
1780669933,40,GET,/health,1.600000,0.000000,3,3,27,31,31,32,32,32,32,32,32,516,0,3,16.218851106592663,2.194705999954749,273.5818549999749,57.0
1780669933,40,,Aggregated,16.600000,0.000000,230,380,520,610,1200,1700,2100,2700,2900,2900,2900,6485,0,180,502.9520297381691,2.194705999954749,4284.553695999875,2718.931534309946
1780669934,40,POST,/api/book,11.600000,0.000000,340,490,600,650,1100,1600,1700,2700,2900,2900,2900,4993,0,320,648.1278416713423,91.95893799960686,4284.553695999875,3381.471860604847
1780669934,40,GET,/api/concerts,3.400000,0.000000,8,9,17,18,35,47,79,79,79,79,79,983,0,3,18.769521446603573,2.229182000064611,545.6874760002393,753.0
1780669934,40,GET,/health,1.600000,0.000000,3,3,5,27,31,31,31,31,31,31,31,516,0,3,16.218851106592663,2.194705999954749,273.5818549999749,57.0
1780669934,40,,Aggregated,16.600000,0.000000,180,360,460,540,910,1400,1700,2700,2900,2900,2900,6492,0,180,502.60654347166127,2.194705999954749,4284.553695999875,2719.239063462723
1780669935,40,POST,/api/book,12.000000,0.000000,320,400,530,600,830,1000,1400,1500,1600,1600,1600,5003,0,320,647.6867125088968,91.95893799960686,4284.553695999875,3381.4493304017587
1780669935,40,GET,/api/concerts,3.200000,0.000000,9,13,18,19,35,47,79,79,79,79,79,986,0,3,18.740264935102896,2.229182000064611,545.6874760002393,753.0
1780669935,40,GET,/health,1.500000,0.000000,3,3,5,31,31,33,33,33,33,33,33,518,0,3,16.22562625483006,2.194705999954749,273.5818549999749,57.0
1780669935,40,,Aggregated,16.700000,0.000000,160,330,400,510,720,990,1400,1500,1600,1600,1600,6507,0,180,502.11455329768324,2.194705999954749,4284.553695999875,2718.514676502228
1780669936,40,POST,/api/book,11.900000,0.000000,320,450,590,620,950,1600,2400,2700,2900,2900,2900,5019,0,320,648.7791411691595,91.95893799960686,4284.553695999875,3381.4855548914124
1780669936,40,GET,/api/concerts,2.900000,0.000000,9,13,18,19,35,47,79,79,79,79,79,987,0,3,18.724104634256744,2.229182000064611,545.6874760002393,753.0
1780669936,40,GET,/health,1.500000,0.000000,3,3,3,5,31,33,33,33,33,33,33,518,0,3,16.22562625483006,2.194705999954749,273.5818549999749,57.0
1780669936,40,,Aggregated,16.300000,0.000000,160,360,450,540,750,1000,2400,2700,2900,2900,2900,6524,0,180,503.23544990834233,2.194705999954749,4284.553695999875,2719.8671060698957
1780669937,40,POST,/api/book,11.700000,0.000000,340,530,700,910,1700,2800,3100,3100,3100,3100,3100,5037,0,320,651.8055093940858,91.95893799960686,4284.553695999875,3381.5054595989677
1780669937,40,GET,/api/concerts,3.100000,0.000000,8,9,15,18,22,32,47,47,47,47,47,988,0,3,18.707700842116854,2.229182000064611,545.6874760002393,753.0
1780669937,40,GET,/health,1.500000,0.000000,3,3,3,5,31,33,33,33,33,33,33,519,0,3,16.19921940848165,2.194705999954749,273.5818549999749,57.0
1780669937,40,,Aggregated,16.300000,0.000000,190,400,530,690,1600,2600,3100,3100,3100,3100,3100,6544,0,180,505.8121873659878,2.194705999954749,4284.553695999875,2720.994804400978
1780669938,40,POST,/api/book,11.900000,0.000000,320,510,690,910,1700,2800,3100,3100,3100,3100,3100,5049,0,320,650.9091078187781,91.95893799960686,4284.553695999875,3381.4848484848485
1780669938,40,GET,/api/concerts,2.800000,0.000000,7,9,15,17,22,32,47,47,47,47,47,990,0,3,18.681071551526372,2.229182000064611,545.6874760002393,753.0
1780669938,40,GET,/health,1.400000,0.000000,3,3,5,5,31,33,33,33,33,33,33,519,0,3,16.19921940848165,2.194705999954749,273.5818549999749,57.0
1780669938,40,,Aggregated,16.100000,0.000000,160,400,530,650,1600,2600,3100,3100,3100,3100,3100,6558,0,180,505.23661803690527,2.194705999954749,4284.553695999875,2721.587374199451
1780669939,40,POST,/api/book,12.400000,0.000000,360,530,700,910,1700,2800,3100,3100,3100,3100,3100,5061,0,320,650.2770822910512,91.95893799960686,4284.553695999875,3381.4989132582496
1780669939,40,GET,/api/concerts,2.500000,0.000000,8,13,17,19,32,47,47,47,47,47,47,991,0,3,18.672908124128618,2.229182000064611,545.6874760002393,753.0
1780669939,40,GET,/health,1.400000,0.000000,3,3,31,31,33,33,33,33,33,33,33,519,0,3,16.19921940848165,2.194705999954749,273.5818549999749,57.0
1780669939,40,,Aggregated,16.300000,0.000000,170,430,610,720,1600,2700,3100,3100,3100,3100,3100,6571,0,180,504.9405813877682,2.194705999954749,4284.553695999875,2722.503728504033
1780669940,40,POST,/api/book,12.400000,0.000000,300,520,730,950,1700,2800,3100,3100,3100,3100,3100,5069,0,320,649.7369005438962,91.95893799960686,4284.553695999875,3381.506806076149
1780669940,40,GET,/api/concerts,2.500000,0.000000,8,17,22,32,47,77,77,77,77,77,77,992,0,3,18.73150770061632,2.229182000064611,545.6874760002393,753.0
1780669940,40,GET,/health,1.400000,0.000000,3,3,3,3,33,33,33,33,33,33,33,522,0,3,16.121436762454273,2.194705999954749,273.5818549999749,57.0
1780669940,40,,Aggregated,16.300000,0.000000,190,430,650,740,1600,2700,3100,3100,3100,3100,3100,6583,0,180,504.40732105210753,2.194705999954749,4284.553695999875,2721.7967492024914
1780669941,40,POST,/api/book,12.400000,0.000000,330,540,740,1200,2100,2800,3100,3100,3100,3100,3100,5084,0,320,650.39292550846,91.95893799960686,4284.553695999875,3381.4887883556253
1780669941,40,GET,/api/concerts,2.200000,0.000000,8,17,22,47,62,77,77,77,77,77,77,993,0,3,18.77496566869218,2.229182000064611,545.6874760002393,753.0
1780669941,40,GET,/health,1.200000,0.000000,3,3,25,25,33,33,33,33,33,33,33,523,0,3,16.138122902487254,2.194705999954749,273.5818549999749,57.0
1780669941,40,,Aggregated,15.800000,0.000000,230,450,690,950,1800,2700,3100,3100,3100,3100,3100,6600,0,180,505.10324431394304,2.194705999954749,4284.553695999875,2722.5801515151516
1780669942,40,POST,/api/book,12.100000,0.000000,360,590,1000,1700,2300,2800,3100,3100,3100,3100,3100,5102,0,320,651.4971157526484,91.95893799960686,4284.553695999875,3381.4421795374365
1780669942,40,GET,/api/concerts,2.000000,0.000000,8,11,47,47,62,77,77,77,77,77,77,994,0,3,18.758844394377366,2.229182000064611,545.6874760002393,753.0
1780669942,40,GET,/health,1.100000,0.000000,3,3,24,25,33,33,33,33,33,33,33,525,0,3,16.126210857143764,2.194705999954749,273.5818549999749,57.0
1780669942,40,,Aggregated,15.200000,0.000000,230,460,730,1300,2100,2700,3100,3100,3100,3100,3100,6621,0,180,506.1245788548596,2.194705999954749,4284.553695999875,2723.232895333031
1780669943,40,POST,/api/book,12.500000,0.000000,360,590,1000,1700,2300,2800,3100,3100,3100,3100,3100,5112,0,320,650.8099700250417,91.95893799960686,4284.553695999875,3381.427621283255
1780669943,40,GET,/api/concerts,1.500000,0.000000,3,11,22,62,77,91,91,91,91,91,91,997,0,3,18.799149282859982,2.229182000064611,545.6874760002393,753.0
1780669943,40,GET,/health,0.800000,0.000000,3,4,24,25,33,33,33,33,33,33,33,526,0,3,16.103943994297214,2.194705999954749,273.5818549999749,57.0
1780669943,40,,Aggregated,14.800000,0.000000,220,460,700,1200,2100,2600,3100,3100,3100,3100,3100,6635,0,180,505.5243395846309,2.194705999954749,4284.553695999875,2722.9210248681234
1780669944,40,POST,/api/book,13.100000,0.000000,400,590,940,1600,2300,2700,3100,3100,3100,3100,3100,5123,0,320,650.4871475381638,91.95893799960686,4284.553695999875,3381.4089400741755
1780669944,40,GET,/api/concerts,1.500000,0.000000,8,21,51,51,77,91,91,91,91,91,91,1002,0,3,18.80444587027114,2.229182000064611,545.6874760002393,753.0
1780669944,40,GET,/health,0.900000,0.000000,3,4,24,24,25,33,33,33,33,33,33,527,0,3,16.078242760911348,2.194705999954749,273.5818549999749,57.0
1780669944,40,,Aggregated,15.500000,0.000000,230,480,700,1000,2100,2600,3100,3100,3100,3100,3100,6652,0,180,505.07530750676887,2.194705999954749,4284.553695999875,2722.114101022249
1780669945,40,POST,/api/book,12.800000,0.000000,360,570,940,1500,2100,2600,3100,3100,3100,3100,3100,5134,0,320,650.3351936075208,91.95893799960686,4284.553695999875,3381.384300740164
1780669945,40,GET,/api/concerts,1.500000,0.000000,11,21,51,51,77,91,91,91,91,91,91,1003,0,3,18.80128954338134,2.229182000064611,545.6874760002393,753.0
1780669945,40,GET,/health,1.000000,0.000000,3,4,24,25,26,26,26,26,26,26,26,528,0,3,16.09758094886443,2.194705999954749,273.5818549999749,57.0
1780669945,40,,Aggregated,15.300000,0.000000,220,430,690,1000,2000,2300,3100,3100,3100,3100,3100,6665,0,180,505.0529782646699,2.194705999954749,4284.553695999875,2722.4879219804952
1780669946,40,POST,/api/book,12.800000,0.000000,360,570,850,1300,1700,2000,2300,2300,2400,2400,2400,5147,0,320,651.0622371540727,91.95893799960686,4284.553695999875,3381.387604429765
1780669946,40,GET,/api/concerts,1.900000,0.000000,4,11,21,22,62,77,91,91,91,91,91,1009,0,3,18.71276754015036,2.229182000064611,545.6874760002393,753.0
1780669946,40,GET,/health,1.100000,0.000000,3,4,24,25,26,26,26,26,26,26,26,528,0,3,16.09758094886443,2.194705999954749,273.5818549999749,57.0
1780669946,40,,Aggregated,15.800000,0.000000,210,420,590,760,1700,1900,2300,2300,2400,2400,2400,6684,0,180,505.44554754952514,2.194705999954749,4284.553695999875,2722.004039497307
1780669947,40,POST,/api/book,13.100000,0.000000,330,580,760,1200,1700,2000,2300,2300,2400,2400,2400,5161,0,320,650.317787279018,91.95893799960686,4284.553695999875,3381.390621972486
1780669947,40,GET,/api/concerts,1.700000,0.000000,5,16,22,51,77,91,91,91,91,91,91,1010,0,3,18.698701058427574,2.229182000064611,545.6874760002393,753.0
1780669947,40,GET,/health,1.000000,0.000000,3,4,24,25,26,26,26,26,26,26,26,529,0,3,16.071653075614655,2.194705999954749,273.5818549999749,57.0
1780669947,40,,Aggregated,15.800000,0.000000,200,420,600,760,1700,1900,2300,2300,2400,2400,2400,6700,0,180,505.02652129746656,2.194705999954749,4284.553695999875,2722.6925373134327
1780669948,40,POST,/api/book,13.000000,0.000000,330,590,850,1300,1700,2000,2300,2300,2400,2400,2400,5174,0,320,649.9400639476249,91.95893799960686,4284.553695999875,3381.3616157711635
1780669948,40,GET,/api/concerts,1.800000,0.000000,5,16,22,51,77,91,91,91,91,91,91,1011,0,3,18.684861512375704,2.229182000064611,545.6874760002393,753.0
1780669948,40,GET,/health,1.000000,0.000000,3,23,24,24,25,26,26,26,26,26,26,530,0,3,16.084811081132873,2.194705999954749,273.5818549999749,57.0
1780669948,40,,Aggregated,15.800000,0.000000,200,430,600,850,1700,1900,2300,2300,2400,2400,2400,6715,0,180,504.8704744195122,2.194705999954749,4284.553695999875,2723.2551005212213
1780669949,40,POST,/api/book,12.500000,0.000000,410,620,960,1400,1900,2300,2400,2500,2600,2600,2600,5179,0,320,650.7801216675056,91.95893799960686,4284.553695999875,3381.377099826221
1780669949,40,GET,/api/concerts,2.200000,0.000000,4,16,22,51,62,91,98,98,98,98,98,1015,0,3,18.77407232316508,2.229182000064611,545.6874760002393,753.0
1780669949,40,GET,/health,1.000000,0.000000,23,24,25,26,53,53,53,53,53,53,53,532,0,3,16.130435178571762,2.194705999954749,273.5818549999749,57.0
1780669949,40,,Aggregated,15.700000,0.000000,200,480,690,940,1700,2100,2400,2500,2600,2600,2600,6726,0,180,505.207749782787,2.194705999954749,4284.553695999875,2721.791703835861
1780669950,40,POST,/api/book,12.500000,0.000000,410,740,1300,1700,2200,2400,2600,2700,2900,2900,2900,5195,0,320,652.8128504406181,91.95893799960686,4284.553695999875,3381.3867179980753
1780669950,40,GET,/api/concerts,2.200000,0.000000,4,5,21,22,62,91,98,98,98,98,98,1017,0,3,18.742902444456675,2.229182000064611,545.6874760002393,753.0
1780669950,40,GET,/health,1.000000,0.000000,4,24,26,26,53,92,92,92,92,92,92,534,0,3,16.247281093633948,2.194705999954749,273.5818549999749,57.0
1780669950,40,,Aggregated,15.700000,0.000000,180,480,760,1300,2100,2300,2600,2700,2900,2900,2900,6746,0,180,506.8337293105582,2.194705999954749,4284.553695999875,2721.9897717165727
1780669951,40,POST,/api/book,11.700000,0.000000,390,620,1200,1400,2200,2400,2600,2700,2900,2900,2900,5207,0,320,652.8571658396411,91.95893799960686,4284.553695999875,3381.374495870943
1780669951,40,GET,/api/concerts,2.100000,0.000000,3,5,16,22,62,91,98,98,98,98,98,1019,0,3,18.71107548185734,2.229182000064611,545.6874760002393,753.0
1780669951,40,GET,/health,1.300000,0.000000,4,23,26,26,53,92,92,92,92,92,92,536,0,3,16.197454179105723,2.194705999954749,273.5818549999749,57.0
1780669951,40,,Aggregated,15.100000,0.000000,160,420,650,940,1800,2300,2600,2700,2900,2900,2900,6762,0,180,506.8287021418258,2.194705999954749,4284.553695999875,2721.779946761313
1780669952,40,POST,/api/book,12.600000,0.000000,290,590,960,1400,2200,2400,2600,2700,2900,2900,2900,5220,0,320,651.8734044772052,91.95893799960686,4284.553695999875,3381.4028735632182
1780669952,40,GET,/api/concerts,2.500000,0.000000,3,5,9,21,51,62,98,98,98,98,98,1022,0,3,18.67164671625465,2.229182000064611,545.6874760002393,753.0
1780669952,40,GET,/health,1.200000,0.000000,4,26,27,34,53,92,92,92,92,92,92,539,0,3,16.224163100187898,2.194705999954749,273.5818549999749,57.0
1780669952,40,,Aggregated,16.300000,0.000000,160,390,600,850,1800,2300,2600,2700,2900,2900,2900,6781,0,180,505.91452856894654,2.194705999954749,4284.553695999875,2721.01636926707
1780669953,40,POST,/api/book,12.300000,0.000000,340,620,960,1400,2200,2400,2600,2700,2900,2900,2900,5230,0,320,651.6950595200789,91.95893799960686,4284.553695999875,3381.4101338432124
1780669953,40,GET,/api/concerts,2.600000,0.000000,3,4,5,6,16,62,98,98,98,98,98,1026,0,3,18.60872651073348,2.229182000064611,545.6874760002393,753.0
1780669953,40,GET,/health,1.300000,0.000000,4,26,27,34,53,92,92,92,92,92,92,541,0,3,16.174528648799942,2.194705999954749,273.5818549999749,57.0
1780669953,40,,Aggregated,16.200000,0.000000,160,430,630,920,1800,2300,2600,2700,2900,2900,2900,6797,0,180,505.5477614666806,2.194705999954749,4284.553695999875,2720.0514933058703
1780669954,40,POST,/api/book,11.800000,0.000000,320,620,780,1200,2200,2400,2600,2700,2900,2900,2900,5240,0,320,651.1298303557277,91.95893799960686,4284.553695999875,3381.389885496183
1780669954,40,GET,/api/concerts,2.700000,0.000000,3,3,5,5,9,62,98,98,98,98,98,1027,0,3,18.593214894851876,2.229182000064611,545.6874760002393,753.0
1780669954,40,GET,/health,1.300000,0.000000,3,23,27,34,53,92,92,92,92,92,92,542,0,3,16.15052586531567,2.194705999954749,273.5818549999749,57.0
1780669954,40,,Aggregated,15.800000,0.000000,160,420,620,740,1800,2300,2600,2700,2900,2900,2900,6809,0,180,505.1797808459435,2.194705999954749,4284.553695999875,2720.327213981495
1780669955,40,POST,/api/book,11.700000,0.000000,290,620,760,1200,2200,2400,2600,2700,2900,2900,2900,5252,0,320,651.6798064946712,91.95893799960686,4284.553695999875,3381.3952779893375
1780669955,40,GET,/api/concerts,2.900000,0.000000,3,3,4,5,9,62,98,98,98,98,98,1028,0,3,18.57765913717183,2.229182000064611,545.6874760002393,753.0
1780669955,40,GET,/health,1.400000,0.000000,3,23,27,34,76,92,92,92,92,92,92,545,0,3,16.20970435596473,2.194705999954749,273.5818549999749,57.0
1780669955,40,,Aggregated,16.000000,0.000000,160,390,620,680,1900,2300,2600,2700,2900,2900,2900,6825,0,180,505.57574596000427,2.194705999954749,4284.553695999875,2720.034725274725
1780669956,40,POST,/api/book,11.700000,0.000000,390,670,1500,1900,2200,2400,2600,2700,2900,2900,2900,5267,0,320,653.3735422369498,91.95893799960686,4284.553695999875,3381.3711790393013
1780669956,40,GET,/api/concerts,2.500000,0.000000,3,3,3,5,62,98,98,98,98,98,98,1029,0,3,18.56225128669864,2.229182000064611,545.6874760002393,753.0
1780669956,40,GET,/health,1.500000,0.000000,4,23,34,35,76,92,92,92,92,92,92,547,0,3,16.238065566728057,2.194705999954749,273.5818549999749,57.0
1780669956,40,,Aggregated,15.700000,0.000000,170,520,680,1200,2100,2400,2600,2700,2900,2900,2900,6843,0,180,506.98541946529735,2.194705999954749,4284.553695999875,2720.400116907789
1780669957,40,POST,/api/book,11.700000,0.000000,320,620,1100,1800,2200,2400,2600,2700,2900,2900,2900,5282,0,320,652.4152163400256,91.95893799960686,4284.553695999875,3381.371260886028
1780669957,40,GET,/api/concerts,2.500000,0.000000,3,3,3,3,62,98,98,98,98,98,98,1030,0,3,18.546567907779515,2.229182000064611,545.6874760002393,753.0
1780669957,40,GET,/health,1.700000,0.000000,3,13,34,35,76,92,92,92,92,92,92,548,0,3,16.2131309160589,2.194705999954749,273.5818549999749,57.0
1780669957,40,,Aggregated,15.900000,0.000000,170,390,630,920,2100,2400,2600,2700,2900,2900,2900,6860,0,180,506.42054422668093,2.194705999954749,4284.553695999875,2721.170408163265
1780669958,40,POST,/api/book,11.800000,0.000000,310,590,920,1600,2200,2400,2600,2700,2900,2900,2900,5293,0,320,651.6284955681118,91.95893799960686,4284.553695999875,3381.38106933686
1780669958,40,GET,/api/concerts,2.400000,0.000000,3,3,3,9,58,62,98,98,98,98,98,1033,0,3,18.58916062827997,2.229182000064611,545.6874760002393,753.0
1780669958,40,GET,/health,1.900000,0.000000,3,26,27,34,76,92,92,92,92,92,92,549,0,3,16.231226122040418,2.194705999954749,273.5818549999749,57.0
1780669958,40,,Aggregated,16.100000,0.000000,170,350,620,780,2100,2400,2500,2700,2900,2900,2900,6875,0,180,505.77209790720457,2.194705999954749,4284.553695999875,2720.987927272727
1780669959,40,POST,/api/book,12.100000,0.000000,300,510,680,940,1900,2100,2200,2400,2500,2500,2500,5298,0,320,651.8192968758051,91.95893799960686,4284.553695999875,3381.374669686674
1780669959,40,GET,/api/concerts,2.000000,0.000000,3,3,3,3,39,58,58,58,58,58,58,1034,0,3,18.573565633474974,2.229182000064611,545.6874760002393,753.0
1780669959,40,GET,/health,1.900000,0.000000,3,13,27,27,35,76,76,76,76,76,76,550,0,3,16.206078230908876,2.194705999954749,273.5818549999749,57.0
1780669959,40,,Aggregated,16.000000,0.000000,170,340,590,660,1600,2100,2200,2400,2500,2500,2500,6882,0,180,505.87867549259386,2.194705999954749,4284.553695999875,2720.7897413542573
1780669960,40,POST,/api/book,12.200000,0.000000,340,630,800,1100,1900,2100,2200,2400,2500,2500,2500,5313,0,320,652.8668558774731,91.95893799960686,4284.553695999875,3381.4069264069262
1780669960,40,GET,/api/concerts,2.200000,0.000000,3,3,3,3,39,58,58,58,58,58,58,1036,0,3,18.543122064684177,2.229182000064611,545.6874760002393,753.0
1780669960,40,GET,/health,1.900000,0.000000,3,13,27,34,35,76,76,76,76,76,76,551,0,3,16.18119336297673,2.194705999954749,273.5818549999749,57.0
1780669960,40,,Aggregated,16.300000,0.000000,200,400,660,790,1700,2000,2200,2400,2500,2500,2500,6900,0,180,506.7837851129029,2.194705999954749,4284.553695999875,2721.294202898551
1780669961,40,POST,/api/book,12.200000,0.000000,400,680,990,1400,2000,2100,2300,2400,2500,2500,2500,5321,0,320,653.0220009744436,91.95893799960686,4284.553695999875,3381.3971058071793
1780669961,40,GET,/api/concerts,2.200000,0.000000,3,3,3,7,39,58,58,58,58,58,58,1038,0,3,18.51683896822021,2.229182000064611,545.6874760002393,753.0
1780669961,40,GET,/health,1.900000,0.000000,3,13,26,27,35,76,76,76,76,76,76,551,0,3,16.18119336297673,2.194705999954749,273.5818549999749,57.0
1780669961,40,,Aggregated,16.300000,0.000000,230,510,710,940,1900,2100,2300,2400,2500,2500,2500,6910,0,180,506.927117739078,2.194705999954749,4284.553695999875,2721.4811866859623
1780669962,40,POST,/api/book,11.700000,0.000000,400,800,1500,1800,2200,2400,2600,2900,3000,3000,3000,5338,0,330,655.1540043066717,91.95893799960686,4284.553695999875,3381.37898089172
1780669962,40,GET,/api/concerts,1.900000,0.000000,3,3,20,22,39,58,58,58,58,58,58,1041,0,3,18.506617250732514,2.229182000064611,545.6874760002393,753.0
1780669962,40,GET,/health,1.700000,0.000000,3,3,13,26,35,76,76,76,76,76,76,553,0,3,16.13198526582206,2.194705999954749,273.5818549999749,57.0
1780669962,40,,Aggregated,15.300000,0.000000,250,590,940,1500,2100,2400,2600,2900,3000,3000,3000,6932,0,180,508.568732169508,2.194705999954749,4284.553695999875,2721.464945181766
1780669963,40,POST,/api/book,11.600000,0.000000,400,930,1600,1700,2200,2400,2600,2900,3000,3000,3000,5351,0,330,655.0942062194007,91.95893799960686,4284.553695999875,3381.416931414689
1780669963,40,GET,/api/concerts,1.900000,0.000000,3,3,20,22,39,58,58,58,58,58,58,1045,0,3,18.47722905072978,2.229182000064611,545.6874760002393,753.0
1780669963,40,GET,/health,1.500000,0.000000,3,3,26,26,35,76,76,76,76,76,76,554,0,3,16.108037794222973,2.194705999954749,273.5818549999749,57.0
1780669963,40,,Aggregated,15.000000,0.000000,250,480,1100,1600,2100,2300,2600,2900,3000,3000,3000,6950,0,180,508.43764816921276,2.194705999954749,4284.553695999875,2721.2122302158273
1780669964,40,POST,/api/book,11.800000,0.000000,400,790,1400,1700,2200,2400,2600,2900,3000,3000,3000,5357,0,330,654.7062416046318,91.95893799960686,4284.553695999875,3381.425611349636
1780669964,40,GET,/api/concerts,2.000000,0.000000,3,4,20,22,39,58,86,86,86,86,86,1050,0,3,18.483215897154185,2.229182000064611,545.6874760002393,753.0
1780669964,40,GET,/health,1.400000,0.000000,3,3,13,26,35,35,35,35,35,35,35,555,0,3,16.08414927207107,2.194705999954749,273.5818549999749,57.0
1780669964,40,,Aggregated,15.200000,0.000000,260,450,930,1300,2100,2400,2600,2900,3000,3000,3000,6962,0,180,507.8419155147986,2.194705999954749,4284.553695999875,2719.9916690606146
1780669965,40,POST,/api/book,12.300000,0.000000,350,560,940,1300,2000,2300,2600,2900,3000,3000,3000,5366,0,320,654.3038336168494,91.95893799960686,4284.553695999875,3381.416325009318
1780669965,40,GET,/api/concerts,1.800000,0.000000,3,3,7,22,39,58,86,86,86,86,86,1054,0,3,18.422943329233107,2.229182000064611,545.6874760002393,753.0
1780669965,40,GET,/health,1.400000,0.000000,3,3,3,26,48,48,48,48,48,48,48,556,0,3,16.140817802157446,2.194705999954749,273.5818549999749,57.0
1780669965,40,,Aggregated,15.500000,0.000000,220,400,630,800,1700,2300,2600,2900,3000,3000,3000,6976,0,180,507.36617662772767,2.194705999954749,4284.553695999875,2719.328268348624
1780669966,40,POST,/api/book,12.300000,0.000000,430,940,1400,1700,2200,2400,2600,2900,3000,3000,3000,5382,0,330,656.3452448283191,91.95893799960686,4284.553695999875,3381.3855444072838
1780669966,40,GET,/api/concerts,1.800000,0.000000,3,7,22,35,58,83,86,86,86,86,86,1058,0,3,18.4961203544535,2.229182000064611,545.6874760002393,753.0
1780669966,40,GET,/health,1.400000,0.000000,3,3,26,26,48,48,48,48,48,48,48,556,0,3,16.140817802157446,2.194705999954749,273.5818549999749,57.0
1780669966,40,,Aggregated,15.500000,0.000000,260,510,940,1300,2200,2400,2600,2900,3000,3000,3000,6996,0,180,509.0041877785917,2.194705999954749,4284.553695999875,2719.6945397369927
1780669967,40,POST,/api/book,11.400000,0.000000,400,940,1400,1700,2200,2400,2600,2900,3000,3000,3000,5394,0,320,655.2839874160203,91.95893799960686,4284.553695999875,3381.3837597330366
1780669967,40,GET,/api/concerts,2.400000,0.000000,3,4,10,20,54,83,86,86,86,86,86,1059,0,3,18.48111361663055,2.229182000064611,545.6874760002393,753.0
1780669967,40,GET,/health,1.100000,0.000000,3,3,3,26,48,48,48,48,48,48,48,558,0,3,16.093728775984925,2.194705999954749,273.5818549999749,57.0
1780669967,40,,Aggregated,14.900000,0.000000,220,450,940,1300,2200,2400,2600,2900,3000,3000,3000,7011,0,180,508.22331024091113,2.194705999954749,4284.553695999875,2719.785622593068
1780669968,40,POST,/api/book,11.800000,0.000000,380,730,1300,1700,2200,2400,2600,2900,3000,3000,3000,5406,0,320,654.4228525874978,91.95893799960686,4284.553695999875,3381.4027007029226
1780669968,40,GET,/api/concerts,2.900000,0.000000,3,7,10,20,54,83,86,86,86,86,86,1060,0,3,18.469909594350955,2.229182000064611,545.6874760002393,753.0
1780669968,40,GET,/health,0.900000,0.000000,3,3,6,6,46,48,48,48,48,48,48,561,0,3,16.104544969695713,2.194705999954749,273.5818549999749,57.0
1780669968,40,,Aggregated,15.600000,0.000000,200,410,750,1200,2000,2400,2600,2900,3000,3000,3000,7027,0,180,507.5313355608408,2.194705999954749,4284.553695999875,2719.513305820407
1780669969,40,POST,/api/book,11.100000,0.000000,270,550,1300,1500,2200,2400,2600,2900,3000,3000,3000,5416,0,320,654.0276302219373,91.95893799960686,4284.553695999875,3381.381831610044
1780669969,40,GET,/api/concerts,2.900000,0.000000,3,7,10,22,54,83,86,86,86,86,86,1061,0,3,18.45502399718396,2.229182000064611,545.6874760002393,753.0
1780669969,40,GET,/health,0.900000,0.000000,3,3,6,6,46,48,48,48,48,48,48,561,0,3,16.104544969695713,2.194705999954749,273.5818549999749,57.0
1780669969,40,,Aggregated,14.900000,0.000000,190,330,560,940,2200,2400,2600,2900,3000,3000,3000,7038,0,180,507.3641766796004,2.194705999954749,4284.553695999875,2720.1582836032962
1780669970,40,POST,/api/book,11.400000,0.000000,270,550,1100,1500,2200,2400,2600,2900,3000,3000,3000,5426,0,320,654.069968796906,91.95893799960686,4284.553695999875,3381.377441946185
1780669970,40,GET,/api/concerts,2.700000,0.000000,3,7,20,35,83,86,340,340,340,340,340,1063,0,3,18.74334698778201,2.229182000064611,545.6874760002393,753.0
1780669970,40,GET,/health,1.100000,0.000000,3,6,46,46,48,48,48,48,48,48,48,562,0,3,16.161214467970353,2.194705999954749,273.5818549999749,57.0
1780669970,40,,Aggregated,15.200000,0.000000,190,330,550,930,1900,2400,2600,2900,3000,3000,3000,7051,0,180,507.4443952731566,2.194705999954749,4284.553695999875,2720.156999007233
1780669971,40,POST,/api/book,11.600000,0.000000,270,490,930,1300,1900,2400,3200,3200,3200,3200,3200,5439,0,320,655.3155029726075,91.95893799960686,4284.553695999875,3381.3833425261996
1780669971,40,GET,/api/concerts,2.700000,0.000000,3,4,10,35,83,86,340,340,340,340,340,1065,0,3,18.716287061983714,2.229182000064611,545.6874760002393,753.0
1780669971,40,GET,/health,1.200000,0.000000,3,6,46,46,48,48,48,48,48,48,48,563,0,3,16.13729285079795,2.194705999954749,273.5818549999749,57.0
1780669971,40,,Aggregated,15.500000,0.000000,180,320,490,690,1700,2200,3200,3200,3200,3200,3200,7067,0,180,508.4589164092298,2.194705999954749,4284.553695999875,2720.444318664214
1780669972,40,POST,/api/book,11.100000,0.000000,270,550,1300,1500,2100,2500,3200,3200,3200,3200,3200,5453,0,320,656.3516034502131,91.95893799960686,4284.553695999875,3381.3915275994864
1780669972,40,GET,/api/concerts,2.700000,0.000000,3,6,10,18,83,86,340,340,340,340,340,1067,0,3,18.70047922400409,2.229182000064611,545.6874760002393,753.0
1780669972,40,GET,/health,1.000000,0.000000,3,3,46,46,48,48,48,48,48,48,48,564,0,3,16.112911156026918,2.194705999954749,273.5818549999749,57.0
1780669972,40,,Aggregated,14.800000,0.000000,180,310,620,1300,1900,2400,3200,3200,3200,3200,3200,7084,0,180,509.334611354888,2.194705999954749,4284.553695999875,2720.8253811405984
1780669973,40,POST,/api/book,11.300000,0.000000,270,550,1300,1500,2200,2500,3200,3200,3200,3200,3200,5465,0,320,656.6362274578247,91.95893799960686,4284.553695999875,3381.384446477585
1780669973,40,GET,/api/concerts,2.700000,0.000000,3,7,18,26,83,340,340,340,340,340,340,1069,0,3,18.69297866137709,2.229182000064611,545.6874760002393,753.0
1780669973,40,GET,/health,1.200000,0.000000,3,6,46,46,48,48,48,48,48,48,48,566,0,3,16.072014120139716,2.194705999954749,273.5818549999749,57.0
1780669973,40,,Aggregated,15.200000,0.000000,190,340,640,1300,2100,2400,3200,3200,3200,3200,3200,7100,0,180,509.5206390476092,2.194705999954749,4284.553695999875,2720.631690140845
1780669974,40,POST,/api/book,11.300000,0.000000,340,940,1500,1700,2200,2500,3200,3200,3200,3200,3200,5478,0,330,657.8107377134012,91.95893799960686,4284.553695999875,3381.4247900693686
1780669974,40,GET,/api/concerts,2.600000,0.000000,6,10,18,26,83,340,340,340,340,340,340,1070,0,3,18.687511979450708,2.229182000064611,545.6874760002393,753.0
1780669974,40,GET,/health,1.200000,0.000000,3,6,6,46,48,48,48,48,48,48,48,568,0,3,16.02438948591466,2.194705999954749,273.5818549999749,57.0
1780669974,40,,Aggregated,15.100000,0.000000,200,550,1200,1500,2100,2300,3200,3200,3200,3200,3200,7116,0,180,510.48126928611947,2.194705999954749,4284.553695999875,2720.844716132659
1780669975,40,POST,/api/book,11.300000,0.000000,270,640,1200,1500,1900,2300,3200,3200,3200,3200,3200,5489,0,330,657.3160460825306,91.95893799960686,4284.553695999875,3381.458371288031
1780669975,40,GET,/api/concerts,2.500000,0.000000,6,7,18,18,26,340,340,340,340,340,340,1070,0,3,18.687511979450708,2.229182000064611,545.6874760002393,753.0
1780669975,40,GET,/health,1.200000,0.000000,3,3,6,6,46,48,48,48,48,48,48,569,0,3,16.000910311071245,2.194705999954749,273.5818549999749,57.0
1780669975,40,,Aggregated,15.000000,0.000000,190,370,830,1200,1800,2200,3200,3200,3200,3200,3200,7128,0,180,510.25644398597444,2.194705999954749,4284.553695999875,2721.5162738496074
1780669976,40,POST,/api/book,11.900000,0.000000,490,910,1500,1700,2100,2300,3200,3200,3200,3200,3200,5504,0,330,658.9115571735123,91.95893799960686,4284.553695999875,3381.4309593023254
1780669976,40,GET,/api/concerts,2.000000,0.000000,6,13,18,26,230,340,340,340,340,340,340,1076,0,3,18.941568286255986,2.229182000064611,545.6874760002393,753.0
1780669976,40,GET,/health,1.400000,0.000000,3,3,6,6,46,48,48,48,48,48,48,569,0,3,16.000910311071245,2.194705999954749,273.5818549999749,57.0
1780669976,40,,Aggregated,15.300000,0.000000,260,640,1100,1400,1900,2200,3200,3200,3200,3200,3200,7149,0,180,511.41905946650235,2.194705999954749,4284.553695999875,2721.2277241572247
1780669977,40,POST,/api/book,12.400000,0.000000,550,1100,1500,1700,2200,2300,3200,3200,3200,3200,3200,5513,0,330,658.7522321422114,91.95893799960686,4284.553695999875,3381.421186286958
1780669977,40,GET,/api/concerts,1.800000,0.000000,6,11,18,26,140,230,340,340,340,340,340,1081,0,3,18.906672045339093,2.229182000064611,545.6874760002393,753.0
1780669977,40,GET,/health,1.300000,0.000000,3,5,22,22,46,48,48,48,48,48,48,572,0,3,15.969009993005892,2.194705999954749,273.5818549999749,57.0
1780669977,40,,Aggregated,15.500000,0.000000,270,710,1200,1400,1900,2200,3200,3200,3200,3200,3200,7166,0,180,510.9228917104418,2.194705999954749,4284.553695999875,2719.560703321239
1780669978,40,POST,/api/book,12.400000,0.000000,610,1200,1500,1700,2100,2300,3200,3200,3200,3200,3200,5525,0,330,658.5263945668797,91.95893799960686,4284.553695999875,3381.422443438914
1780669978,40,GET,/api/concerts,1.800000,0.000000,6,11,26,37,140,230,340,340,340,340,340,1085,0,3,18.915255901392477,2.229182000064611,545.6874760002393,753.0
1780669978,40,GET,/health,1.300000,0.000000,3,5,6,22,46,48,48,48,48,48,48,574,0,3,15.922528327525757,2.194705999954749,273.5818549999749,57.0
1780669978,40,,Aggregated,15.500000,0.000000,240,740,1200,1400,1900,2200,3200,3200,3200,3200,3200,7184,0,180,510.5819757648976,2.194705999954749,4284.553695999875,2718.831013363029
1780669979,40,POST,/api/book,11.900000,0.000000,550,1000,1300,1600,2200,2300,3200,3200,3200,3200,3200,5533,0,330,657.9108103349014,91.95893799960686,4284.553695999875,3381.431050063257
1780669979,40,GET,/api/concerts,2.100000,0.000000,6,11,24,26,77,140,230,230,230,230,230,1087,0,3,18.904494366155365,2.229182000064611,545.6874760002393,753.0
1780669979,40,GET,/health,1.400000,0.000000,3,3,5,6,22,48,48,48,48,48,48,575,0,3,15.898998245216797,2.194705999954749,273.5818549999749,57.0
1780669979,40,,Aggregated,15.400000,0.000000,230,640,1100,1300,1900,2200,3200,3200,3200,3200,3200,7195,0,180,510.06415885337367,2.194705999954749,4284.553695999875,2718.6579569145238
1780669980,40,POST,/api/book,12.000000,0.000000,500,910,1200,1400,2200,2300,3200,3200,3200,3200,3200,5543,0,330,657.2001200959786,91.95893799960686,4284.553695999875,3381.4329785314812
1780669980,40,GET,/api/concerts,2.500000,0.000000,6,18,26,31,77,140,230,230,230,230,230,1094,0,3,18.900962419570824,2.229182000064611,545.6874760002393,753.0
1780669980,40,GET,/health,1.400000,0.000000,3,3,5,5,6,22,22,22,22,22,22,575,0,3,15.898998245216797,2.194705999954749,273.5818549999749,57.0
1780669980,40,,Aggregated,15.900000,0.000000,180,610,910,1200,1900,2200,3200,3200,3200,3200,3200,7212,0,180,509.2456797795372,2.194705999954749,4284.553695999875,2717.6705490848585
1780669981,40,POST,/api/book,11.900000,0.000000,490,910,1200,1400,1900,2200,2300,2300,2500,2500,2500,5557,0,330,657.9570915907882,91.95893799960686,4284.553695999875,3381.4140723411915
1780669981,40,GET,/api/concerts,2.600000,0.000000,3,17,29,31,69,140,230,230,230,230,230,1098,0,3,18.9041423369858,2.229182000064611,545.6874760002393,753.0
1780669981,40,GET,/health,1.400000,0.000000,3,3,5,5,6,22,22,22,22,22,22,575,0,3,15.898998245216797,2.194705999954749,273.5818549999749,57.0
1780669981,40,,Aggregated,15.900000,0.000000,180,550,900,1200,1800,2200,2300,2300,2500,2500,2500,7230,0,180,509.8431853730322,2.194705999954749,4284.553695999875,2717.854356846473
1780669982,40,POST,/api/book,11.800000,0.000000,500,910,1200,1400,1900,2200,2300,2500,2600,2600,2600,5567,0,330,658.9412588947386,91.95893799960686,4284.553695999875,3381.391413687803
1780669982,40,GET,/api/concerts,2.800000,0.000000,3,17,31,43,77,140,230,230,230,230,230,1102,0,3,18.966522207814023,2.229182000064611,545.6874760002393,753.0
1780669982,40,GET,/health,1.400000,0.000000,3,3,3,5,22,22,22,22,22,22,22,575,0,3,15.898998245216797,2.194705999954749,273.5818549999749,57.0
1780669982,40,,Aggregated,16.000000,0.000000,180,550,900,1200,1800,2000,2300,2500,2600,2600,2600,7244,0,180,510.542382624382,2.194705999954749,4284.553695999875,2717.6680011043622
1780669983,40,POST,/api/book,11.900000,0.000000,490,940,1200,1400,1900,2200,2300,2500,2600,2600,2600,5578,0,330,659.2210735953763,91.95893799960686,4284.553695999875,3381.40247400502
1780669983,40,GET,/api/concerts,3.300000,0.000000,5,17,31,43,77,140,230,230,230,230,230,1108,0,3,18.94677567058774,2.229182000064611,545.6874760002393,753.0
1780669983,40,GET,/health,1.200000,0.000000,3,4,5,5,22,22,22,22,22,22,22,578,0,3,15.836322965396494,2.194705999954749,273.5818549999749,57.0
1780669983,40,,Aggregated,16.400000,0.000000,170,490,890,1100,1700,2000,2300,2500,2600,2600,2600,7264,0,180,510.3636523447167,2.194705999954749,4284.553695999875,2715.9599394273127
1780669984,40,POST,/api/book,11.500000,0.000000,430,1000,1200,1300,1900,2200,2300,2500,2600,2600,2600,5590,0,330,659.0253676184276,91.95893799960686,4284.553695999875,3381.3602862254024
1780669984,40,GET,/api/concerts,3.400000,0.000000,6,17,29,37,69,85,230,230,230,230,230,1111,0,3,18.926453133223234,2.229182000064611,545.6874760002393,753.0
1780669984,40,GET,/health,1.100000,0.000000,3,4,5,5,5,22,22,22,22,22,22,579,0,3,15.815909839376486,2.194705999954749,273.5818549999749,57.0
1780669984,40,,Aggregated,16.000000,0.000000,150,400,860,1100,1600,2000,2300,2500,2600,2600,2600,7280,0,180,510.18358601854703,2.194705999954749,4284.553695999875,2715.8502747252746
1780669985,40,POST,/api/book,11.200000,0.000000,400,890,1100,1200,1600,2000,2300,2500,2600,2600,2600,5604,0,330,658.7806746609581,91.95893799960686,4284.553695999875,3381.352426837973
1780669985,40,GET,/api/concerts,3.700000,0.000000,5,17,26,31,53,77,85,85,85,85,85,1112,0,3,18.912302300369568,2.229182000064611,545.6874760002393,753.0
1780669985,40,GET,/health,1.100000,0.000000,4,4,5,5,17,22,22,22,22,22,22,583,0,3,15.75177021097548,2.194705999954749,273.5818549999749,57.0
1780669985,40,,Aggregated,16.000000,0.000000,150,400,830,1000,1300,1900,2200,2500,2600,2600,2600,7299,0,180,509.93569845061256,2.194705999954749,4284.553695999875,2715.3947116043296
1780669986,40,POST,/api/book,11.300000,0.000000,350,710,1000,1100,1600,1900,2300,2500,2600,2600,2600,5618,0,330,658.0909484975095,91.95893799960686,4284.553695999875,3381.3599145603416
1780669986,40,GET,/api/concerts,4.100000,0.000000,5,17,29,43,53,77,85,85,85,85,85,1113,0,3,18.943134506748283,2.229182000064611,545.6874760002393,753.0
1780669986,40,GET,/health,1.100000,0.000000,4,4,5,5,17,22,22,22,22,22,22,583,0,3,15.75177021097548,2.194705999954749,273.5818549999749,57.0
1780669986,40,,Aggregated,16.500000,0.000000,150,390,700,890,1200,1800,2200,2500,2600,2600,2600,7314,0,180,509.6283756354965,2.194705999954749,4284.553695999875,2716.4068908941754
1780669987,40,POST,/api/book,11.400000,0.000000,350,700,1000,1100,1600,1900,2300,2500,2600,2600,2600,5627,0,330,657.8480038212207,91.95893799960686,4284.553695999875,3381.3509863159766
1780669987,40,GET,/api/concerts,4.100000,0.000000,6,24,31,43,53,69,85,85,85,85,85,1117,0,3,18.93938905372517,2.229182000064611,545.6874760002393,753.0
1780669987,40,GET,/health,1.300000,0.000000,4,4,4,5,17,17,17,17,17,17,17,584,0,3,15.728897458902107,2.194705999954749,273.5818549999749,57.0
1780669987,40,,Aggregated,16.800000,0.000000,150,390,620,870,1300,1800,2300,2500,2600,2600,2600,7328,0,180,509.2865299114386,2.194705999954749,4284.553695999875,2715.7820687772924
1780669988,40,POST,/api/book,11.500000,0.000000,400,860,1100,1200,1700,2000,2300,2500,2600,2600,2600,5640,0,330,658.5487025774838,91.95893799960686,4284.553695999875,3381.3441489361703
1780669988,40,GET,/api/concerts,3.800000,0.000000,6,26,42,43,53,69,85,85,85,85,85,1118,0,3,18.96016061449983,2.229182000064611,545.6874760002393,753.0
1780669988,40,GET,/health,1.400000,0.000000,3,4,4,4,5,17,17,17,17,17,17,586,0,3,15.683916245731405,2.194705999954749,273.5818549999749,57.0
1780669988,40,,Aggregated,16.700000,0.000000,150,420,830,1000,1600,1900,2300,2500,2600,2600,2600,7344,0,180,509.88601811329266,2.194705999954749,4284.553695999875,2715.96364379085
1780669989,40,POST,/api/book,11.400000,0.000000,420,860,1100,1300,1600,2000,2300,2500,2600,2600,2600,5655,0,330,658.4277904744489,91.95893799960686,4284.553695999875,3381.343943412909
1780669989,40,GET,/api/concerts,3.500000,0.000000,12,42,45,53,69,72,85,85,85,85,85,1120,0,3,19.030791053581147,2.229182000064611,545.6874760002393,753.0
1780669989,40,GET,/health,1.300000,0.000000,3,4,4,5,17,27,27,27,27,27,27,588,0,3,15.682004772106264,2.194705999954749,273.5818549999749,57.0
1780669989,40,,Aggregated,16.200000,0.000000,180,500,860,1100,1600,1900,2200,2500,2600,2600,2600,7363,0,180,509.83901397786514,2.194705999954749,4284.553695999875,2716.0635610484856
1780669990,40,POST,/api/book,11.400000,0.000000,400,770,1000,1100,1600,1900,2300,2500,2600,2600,2600,5664,0,330,657.6379594106653,91.95893799960686,4284.553695999875,3381.344279661017
1780669990,40,GET,/api/concerts,3.500000,0.000000,12,42,50,53,60,72,85,85,85,85,85,1120,0,3,19.030791053581147,2.229182000064611,545.6874760002393,753.0
1780669990,40,GET,/health,1.300000,0.000000,3,4,4,5,17,27,27,27,27,27,27,588,0,3,15.682004772106264,2.194705999954749,273.5818549999749,57.0
1780669990,40,,Aggregated,16.200000,0.000000,180,470,800,1000,1400,1700,2300,2500,2600,2600,2600,7372,0,180,509.4135793391238,2.194705999954749,4284.553695999875,2716.8760173629953
1780669991,40,POST,/api/book,11.700000,0.000000,400,720,1000,1100,1500,1700,2000,2100,2400,2400,2400,5673,0,330,658.1702620232696,91.95893799960686,4284.553695999875,3381.3414419178566
1780669991,40,GET,/api/concerts,3.300000,0.000000,12,42,50,53,72,72,85,85,85,85,85,1122,0,3,19.063783659546147,2.229182000064611,545.6874760002393,753.0
1780669991,40,GET,/health,1.200000,0.000000,3,4,4,5,17,27,27,27,27,27,27,588,0,3,15.682004772106264,2.194705999954749,273.5818549999749,57.0
1780669991,40,,Aggregated,16.200000,0.000000,160,460,720,1000,1300,1600,2000,2100,2400,2400,2400,7383,0,180,509.87545449411095,2.194705999954749,4284.553695999875,2717.151835297305
1780669992,40,POST,/api/book,12.300000,0.000000,420,770,1100,1400,2000,2700,2900,3000,3300,3300,3300,5696,0,330,661.0318087187513,91.95893799960686,4284.553695999875,3381.345154494382
1780669992,40,GET,/api/concerts,2.900000,0.000000,6,42,45,53,72,72,72,72,72,72,72,1123,0,3,19.048725849519727,2.153862999875855,545.6874760002393,753.0
1780669992,40,GET,/health,1.300000,0.000000,3,4,4,17,27,30,30,30,30,30,30,590,0,3,15.684736808472765,2.194705999954749,273.5818549999749,57.0
1780669992,40,,Aggregated,16.500000,0.000000,200,590,860,1100,1700,2600,2900,3000,3300,3300,3300,7409,0,180,512.3340391831584,2.153862999875855,4284.553695999875,2718.233364826562
1780669993,40,POST,/api/book,11.700000,0.000000,420,710,1000,1300,2000,2700,2900,3000,3300,3300,3300,5707,0,330,660.3141336267755,91.95893799960686,4284.553695999875,3381.3467671280882
1780669993,40,GET,/api/concerts,2.300000,0.000000,6,17,45,53,72,72,72,72,72,72,72,1125,0,3,19.02007362312078,2.153862999875855,545.6874760002393,753.0
1780669993,40,GET,/health,1.300000,0.000000,3,3,17,17,27,30,30,30,30,30,30,591,0,3,15.663047693737354,2.194705999954749,273.5818549999749,57.0
1780669993,40,,Aggregated,15.300000,0.000000,200,560,770,1100,1700,2600,2900,3000,3300,3300,3300,7423,0,180,511.79674048511663,2.153862999875855,4284.553695999875,2718.3292469352014
1780669994,40,POST,/api/book,12.800000,0.000000,290,590,800,1200,2000,2700,2900,3000,3300,3300,3300,5721,0,330,659.3065773270423,91.95893799960686,4284.553695999875,3381.333158538717
1780669994,40,GET,/api/concerts,2.200000,0.000000,5,42,45,53,72,72,72,72,72,72,72,1128,0,3,18.998011929973856,2.153862999875855,545.6874760002393,753.0
1780669994,40,GET,/health,1.400000,0.000000,3,3,27,30,30,30,30,30,30,30,30,592,0,3,15.687277363173127,2.194705999954749,273.5818549999749,57.0
1780669994,40,,Aggregated,16.400000,0.000000,180,460,680,800,1700,2600,2900,3000,3300,3300,3300,7441,0,180,511.0347472845076,2.153862999875855,4284.553695999875,2718.416207498992
1780669995,40,POST,/api/book,12.800000,0.000000,290,560,860,1400,2000,2700,2900,3000,3300,3300,3300,5729,0,330,658.7037819153445,91.95893799960686,4284.553695999875,3381.3203002269156
1780669995,40,GET,/api/concerts,1.800000,0.000000,5,25,42,45,72,72,72,72,72,72,72,1130,0,3,18.98053814425715,2.153862999875855,545.6874760002393,753.0
1780669995,40,GET,/health,1.400000,0.000000,3,3,27,30,30,30,30,30,30,30,30,593,0,3,15.665145202357722,2.194705999954749,273.5818549999749,57.0
1780669995,40,,Aggregated,16.000000,0.000000,170,420,650,860,1700,2600,2900,3000,3300,3300,3300,7452,0,180,510.52756384876824,2.153862999875855,4284.553695999875,2718.233360171766
1780669996,40,POST,/api/book,12.900000,0.000000,290,580,860,1400,2000,2700,2900,3000,3300,3300,3300,5738,0,330,658.4881880829573,91.95893799960686,4284.553695999875,3381.3245033112585
1780669996,40,GET,/api/concerts,1.600000,0.000000,3,25,42,45,72,72,72,72,72,72,72,1132,0,3,18.951738345415354,2.153862999875855,545.6874760002393,753.0
1780669996,40,GET,/health,1.200000,0.000000,3,3,27,30,30,30,30,30,30,30,30,593,0,3,15.665145202357722,2.194705999954749,273.5818549999749,57.0
1780669996,40,,Aggregated,15.700000,0.000000,160,440,680,880,1900,2600,2900,3000,3300,3300,3300,7463,0,180,510.40439798097555,2.153862999875855,4284.553695999875,2718.509580597615
1780669997,40,POST,/api/book,12.700000,0.000000,280,480,720,1100,2100,2700,2900,3000,3300,3300,3300,5754,0,330,658.8805594904433,91.95893799960686,4284.553695999875,3381.3307264511645
1780669997,40,GET,/api/concerts,1.900000,0.000000,3,15,45,55,72,72,72,72,72,72,72,1133,0,3,18.983834157114046,2.153862999875855,545.6874760002393,753.0
1780669997,40,GET,/health,1.000000,0.000000,27,30,30,30,260,260,260,260,260,260,260,594,0,3,16.07131513467702,2.194705999954749,273.5818549999749,57.0
1780669997,40,,Aggregated,15.600000,0.000000,200,370,590,800,2100,2600,2900,3000,3300,3300,3300,7481,0,180,510.9281893594469,2.153862999875855,4284.553695999875,2719.3134607672773
1780669998,40,POST,/api/book,12.300000,0.000000,310,580,970,1600,2400,2700,3000,3000,3300,3300,3300,5772,0,330,660.4629551093224,91.95893799960686,4284.553695999875,3381.323631323631
1780669998,40,GET,/api/concerts,1.800000,0.000000,5,25,45,45,72,72,72,72,72,72,72,1134,0,3,18.989357206358104,2.153862999875855,545.6874760002393,753.0
1780669998,40,GET,/health,1.000000,0.000000,3,30,30,30,260,260,260,260,260,260,260,594,0,3,16.07131513467702,2.194705999954749,273.5818549999749,57.0
1780669998,40,,Aggregated,15.100000,0.000000,250,470,720,1300,2300,2700,3000,3000,3300,3300,3300,7500,0,180,512.4363292204027,2.153862999875855,4284.553695999875,2720.634666666667
1780669999,40,POST,/api/book,12.300000,0.000000,310,560,880,1600,2400,2800,3000,3000,3300,3300,3300,5784,0,330,659.7372254754509,91.95893799960686,4284.553695999875,3381.329875518672
1780669999,40,GET,/api/concerts,1.800000,0.000000,5,19,25,25,72,76,76,76,76,76,76,1136,0,3,19.03931651057218,2.153862999875855,545.6874760002393,753.0
1780669999,40,GET,/health,1.000000,0.000000,3,30,30,30,260,260,260,260,260,260,260,595,0,3,16.04879572268597,2.194705999954749,273.5818549999749,57.0
1780669999,40,,Aggregated,15.100000,0.000000,260,450,640,970,2300,2700,3000,3000,3300,3300,3300,7515,0,180,511.92252949581103,2.153862999875855,4284.553695999875,2720.816367265469
1780670000,40,POST,/api/book,12.900000,0.000000,300,490,690,1000,2400,2700,3000,3000,3300,3300,3300,5796,0,320,658.9576939337488,91.95893799960686,4284.553695999875,3381.3138371290547
1780670000,40,GET,/api/concerts,1.600000,0.000000,3,19,25,25,73,76,76,76,76,76,76,1138,0,3,19.072732494736147,2.153862999875855,545.6874760002393,753.0
1780670000,40,GET,/health,0.800000,0.000000,3,30,30,30,260,260,260,260,260,260,260,596,0,3,16.026039070467178,2.194705999954749,273.5818549999749,57.0
1780670000,40,,Aggregated,15.300000,0.000000,230,370,580,720,2100,2700,2900,3000,3300,3300,3300,7530,0,180,511.3645528426322,2.153862999875855,4284.553695999875,2720.9802124833996
1780670001,40,POST,/api/book,13.300000,0.000000,250,370,490,610,1800,2300,2500,2700,3000,3000,3000,5803,0,320,658.8570636786161,91.95893799960686,4284.553695999875,3381.322247113562
1780670001,40,GET,/api/concerts,1.500000,0.000000,5,25,25,35,73,76,76,76,76,76,76,1140,0,3,19.071915196499695,2.153862999875855,545.6874760002393,753.0
1780670001,40,GET,/health,0.700000,0.000000,3,5,30,65,260,260,260,260,260,260,260,598,0,3,16.089374185616254,2.194705999954749,273.5818549999749,57.0
1780670001,40,,Aggregated,15.500000,0.000000,180,300,420,490,1500,2200,2500,2700,3000,3000,3000,7541,0,180,511.16708256385374,2.153862999875855,4284.553695999875,2720.371170932237
1780670002,40,POST,/api/book,12.700000,0.000000,280,470,710,1000,2100,2300,2500,2700,3000,3000,3000,5815,0,330,659.9876530202941,91.95893799960686,4284.553695999875,3381.3427343078247
1780670002,40,GET,/api/concerts,1.800000,0.000000,15,23,25,35,73,76,76,76,76,76,76,1142,0,3,19.06098867251285,2.153862999875855,545.6874760002393,753.0
1780670002,40,GET,/health,0.800000,0.000000,3,12,30,30,65,260,260,260,260,260,260,600,0,3,16.059307473331046,2.194705999954749,273.5818549999749,57.0
1780670002,40,,Aggregated,15.300000,0.000000,210,320,540,710,2000,2200,2500,2700,3000,3000,3000,7557,0,180,512.0062770756944,2.153862999875855,4284.553695999875,2720.210930263332
1780670003,40,POST,/api/book,13.100000,0.000000,310,710,1000,1500,2100,2300,2500,2700,3000,3000,3000,5834,0,330,661.0256559813182,91.95893799960686,4284.553695999875,3381.321049022969
1780670003,40,GET,/api/concerts,1.800000,0.000000,19,25,35,52,73,76,76,76,76,76,76,1145,0,3,19.062006606995507,2.153862999875855,545.6874760002393,753.0
1780670003,40,GET,/health,1.000000,0.000000,5,12,30,65,260,260,260,260,260,260,260,600,0,3,16.059307473331046,2.194705999954749,273.5818549999749,57.0
1780670003,40,,Aggregated,15.900000,0.000000,230,440,860,1200,2100,2200,2500,2700,3000,3000,3000,7579,0,180,512.9812981981821,2.153862999875855,4284.553695999875,2721.072964771078
1780670004,40,POST,/api/book,11.800000,0.000000,320,750,1000,1500,2100,2300,2500,2700,3000,3000,3000,5846,0,330,660.5203343640114,91.95893799960686,4284.553695999875,3381.30465275402
1780670004,40,GET,/api/concerts,1.800000,0.000000,3,23,35,52,73,76,76,76,76,76,76,1150,0,3,18.99989304000883,2.153862999875855,545.6874760002393,753.0
1780670004,40,GET,/health,1.000000,0.000000,3,5,12,65,260,260,260,260,260,260,260,601,0,3,16.036820589016646,2.194705999954749,273.5818549999749,57.0
1780670004,40,,Aggregated,14.600000,0.000000,220,560,960,1000,2100,2200,2500,2700,3000,3000,3000,7597,0,180,512.4246256235386,2.153862999875855,4284.553695999875,2720.457285770699
1780670005,40,POST,/api/book,12.700000,0.000000,320,720,1000,1400,2100,2300,2500,2700,3000,3000,3000,5859,0,330,659.7566736257058,91.87649300019984,4284.553695999875,3381.2969790066563
1780670005,40,GET,/api/concerts,1.900000,0.000000,3,23,35,52,67,73,76,76,76,76,76,1152,0,3,19.027485629348934,2.153862999875855,545.6874760002393,753.0
1780670005,40,GET,/health,0.900000,0.000000,5,12,65,65,260,260,260,260,260,260,260,601,0,3,16.036820589016646,2.194705999954749,273.5818549999749,57.0
1780670005,40,,Aggregated,15.500000,0.000000,230,530,860,1000,2000,2200,2400,2700,3000,3000,3000,7612,0,180,511.9642857845537,2.153862999875855,4284.553695999875,2721.0630583289544
1780670006,40,POST,/api/book,12.400000,0.000000,310,710,1000,1400,2000,2200,2500,2700,3000,3000,3000,5870,0,320,659.5506613727447,91.87649300019984,4284.553695999875,3381.306132879046
1780670006,40,GET,/api/concerts,2.100000,0.000000,3,19,25,35,67,73,76,76,76,76,76,1154,0,3,18.999141968812335,2.153862999875855,545.6874760002393,753.0
1780670006,40,GET,/health,1.000000,0.000000,5,12,65,65,260,260,260,260,260,260,260,601,0,3,16.036820589016646,2.194705999954749,273.5818549999749,57.0
1780670006,40,,Aggregated,15.500000,0.000000,210,530,800,1000,1800,2200,2500,2700,3000,3000,3000,7625,0,180,511.88531426413414,2.153862999875855,4284.553695999875,2721.506360655738
1780670007,40,POST,/api/book,12.500000,0.000000,310,690,990,1200,1800,2100,2200,2200,2300,2300,2300,5879,0,320,660.2554179619,91.87649300019984,4284.553695999875,3381.338663037932
1780670007,40,GET,/api/concerts,2.100000,0.000000,3,23,52,67,76,120,140,140,140,140,140,1157,0,3,19.183582966300552,2.153862999875855,545.6874760002393,753.0
1780670007,40,GET,/health,0.900000,0.000000,3,5,12,12,65,65,65,65,65,65,65,602,0,3,16.014302820596424,2.194705999954749,273.5818549999749,57.0
1780670007,40,,Aggregated,15.500000,0.000000,170,380,720,980,1700,2000,2200,2200,2300,2300,2300,7638,0,180,512.3694184325768,2.153862999875855,4284.553695999875,2721.1868290128305
1780670008,40,POST,/api/book,12.900000,0.000000,310,750,1000,1400,1800,2100,2200,2200,2300,2300,2300,5897,0,330,660.3413224783804,91.87649300019984,4284.553695999875,3381.3481431236223
1780670008,40,GET,/api/concerts,2.200000,0.000000,3,31,42,67,76,120,140,140,140,140,140,1160,0,3,19.215664945698038,2.153862999875855,545.6874760002393,753.0
1780670008,40,GET,/health,0.800000,0.000000,3,5,12,12,65,65,65,65,65,65,65,602,0,3,16.014302820596424,2.194705999954749,273.5818549999749,57.0
1780670008,40,,Aggregated,15.900000,0.000000,180,380,920,1000,1700,2000,2200,2200,2300,2300,2300,7659,0,180,512.5947983144042,2.153862999875855,4284.553695999875,2721.9746703224964
1780670009,40,POST,/api/book,12.900000,0.000000,350,960,1300,1500,1800,2100,2200,2200,2300,2300,2300,5908,0,330,660.5986501982076,91.87649300019984,4284.553695999875,3381.3657752200406
1780670009,40,GET,/api/concerts,2.300000,0.000000,13,23,42,52,120,140,350,350,350,350,350,1162,0,3,19.50283761446625,2.153862999875855,545.6874760002393,753.0
1780670009,40,GET,/health,0.700000,0.000000,3,5,12,12,65,65,65,65,65,65,65,603,0,3,15.991984412933563,2.194705999954749,273.5818549999749,57.0
1780670009,40,,Aggregated,15.900000,0.000000,210,600,1000,1300,1700,2000,2200,2200,2300,2300,2300,7673,0,180,512.8531590355823,2.153862999875855,4284.553695999875,2722.0729831878016
1780670010,40,POST,/api/book,12.600000,0.000000,430,970,1300,1500,1900,2100,2200,2200,2300,2300,2300,5919,0,330,660.6959932206472,91.87649300019984,4284.553695999875,3381.3674607197163
1780670010,40,GET,/api/concerts,2.600000,0.000000,3,22,31,42,120,140,350,350,350,350,350,1165,0,3,19.459644246360323,2.153862999875855,545.6874760002393,753.0
1780670010,40,GET,/health,0.800000,0.000000,3,3,12,12,45,45,45,45,45,45,45,604,0,3,16.039219115892465,2.194705999954749,273.5818549999749,57.0
1780670010,40,,Aggregated,16.000000,0.000000,220,710,1000,1300,1800,2000,2200,2200,2300,2300,2300,7688,0,180,512.8795210413662,2.153862999875855,4284.553695999875,2721.902575442248
1780670011,40,POST,/api/book,12.000000,0.000000,430,970,1300,1500,1700,2000,2200,2200,2300,2300,2300,5935,0,330,661.1327075748967,91.87649300019984,4284.553695999875,3381.4153327716936
1780670011,40,GET,/api/concerts,2.600000,0.000000,13,31,35,42,120,140,350,350,350,350,350,1167,0,3,19.484125594695428,2.153862999875855,545.6874760002393,753.0
1780670011,40,GET,/health,0.900000,0.000000,12,12,21,21,45,45,45,45,45,45,45,605,0,3,16.04795240495646,2.194705999954749,273.5818549999749,57.0
1780670011,40,,Aggregated,15.500000,0.000000,220,630,1000,1300,1600,1900,2100,2200,2300,2300,2300,7707,0,180,513.3345796329342,2.153862999875855,4284.553695999875,2722.451797067601
1780670012,40,POST,/api/book,12.400000,0.000000,310,650,1000,1300,1600,1800,2000,2000,2100,2100,2100,5943,0,330,660.6012726937593,91.87649300019984,4284.553695999875,3381.4107353188624
1780670012,40,GET,/api/concerts,2.700000,0.000000,13,31,42,52,120,140,350,350,350,350,350,1171,0,3,19.48691894193833,2.153862999875855,545.6874760002393,753.0
1780670012,40,GET,/health,0.800000,0.000000,3,3,21,21,45,45,45,45,45,45,45,606,0,3,16.02582088613603,2.194705999954749,273.5818549999749,57.0
1780670012,40,,Aggregated,15.900000,0.000000,170,370,750,980,1500,1700,2000,2000,2100,2100,2100,7720,0,180,512.7570198389926,2.153862999875855,4284.553695999875,2721.765414507772
1780670013,40,POST,/api/book,13.000000,0.000000,380,950,1300,1500,1800,2000,2200,2300,2300,2300,2300,5957,0,330,662.1159051970807,91.87649300019984,4284.553695999875,3381.375356723183
1780670013,40,GET,/api/concerts,2.800000,0.000000,16,31,42,59,120,140,350,350,350,350,350,1172,0,3,19.472509881407355,2.153862999875855,545.6874760002393,753.0
1780670013,40,GET,/health,0.700000,0.000000,3,3,21,21,45,45,45,45,45,45,45,607,0,3,16.003611228992387,2.194705999954749,273.5818549999749,57.0
1780670013,40,,Aggregated,16.500000,0.000000,220,570,990,1300,1700,1900,2200,2300,2300,2300,2300,7736,0,180,514.0589995935911,2.153862999875855,4284.553695999875,2722.3329886246124
1780670014,40,POST,/api/book,12.700000,0.000000,390,970,1300,1500,1800,2000,2200,2300,2300,2300,2300,5971,0,330,661.6171663640945,91.87649300019984,4284.553695999875,3381.3928990118907
1780670014,40,GET,/api/concerts,2.800000,0.000000,16,31,42,59,120,140,350,350,350,350,350,1175,0,3,19.440915207668056,2.153862999875855,545.6874760002393,753.0
1780670014,40,GET,/health,0.700000,0.000000,3,3,21,21,45,45,45,45,45,45,45,607,0,3,16.003611228992387,2.194705999954749,273.5818549999749,57.0
1780670014,40,,Aggregated,16.200000,0.000000,280,570,1000,1300,1700,1900,2200,2300,2300,2300,2300,7753,0,180,513.7460812259797,2.153862999875855,4284.553695999875,2722.774538888172
1780670015,40,POST,/api/book,12.100000,0.000000,430,960,1300,1500,1800,2000,2200,2300,2300,2300,2300,5983,0,330,660.9565294275459,91.87649300019984,4284.553695999875,3381.395453785726
1780670015,40,GET,/api/concerts,2.800000,0.000000,16,33,41,42,120,140,350,350,350,350,350,1176,0,3,19.45937920749168,2.153862999875855,545.6874760002393,753.0
1780670015,40,GET,/health,0.600000,0.000000,21,45,56,56,56,56,56,56,56,56,56,609,0,3,16.13464963874917,2.194705999954749,273.5818549999749,57.0
1780670015,40,,Aggregated,15.500000,0.000000,220,570,990,1300,1700,1900,2200,2300,2300,2300,2300,7768,0,180,513.2869653891632,2.153862999875855,4284.553695999875,2722.854016477858
1780670016,40,POST,/api/book,12.600000,0.000000,470,890,1200,1300,1700,1900,2200,2300,2300,2300,2300,5993,0,330,660.7709992060751,91.87649300019984,4284.553695999875,3381.414483564158
1780670016,40,GET,/api/concerts,2.700000,0.000000,16,31,35,41,59,140,350,350,350,350,350,1179,0,3,19.432319023757724,2.153862999875855,545.6874760002393,753.0
1780670016,40,GET,/health,0.600000,0.000000,3,21,38,45,56,56,56,56,56,56,56,614,0,3,16.10757817100773,2.194705999954749,273.5818549999749,57.0
1780670016,40,,Aggregated,15.900000,0.000000,220,570,950,1000,1500,1900,2000,2300,2300,2300,2300,7786,0,180,512.8180523205781,2.153862999875855,4284.553695999875,2721.2435139994864
1780670017,39,POST,/api/book,12.600000,0.000000,470,880,990,1300,1600,1900,2200,2300,2300,2300,2300,6003,0,330,660.4655786030332,91.87649300019984,4284.553695999875,3381.406296851574
1780670017,39,GET,/api/concerts,2.400000,0.000000,4,16,21,33,41,59,350,350,350,350,350,1181,0,3,19.40387107960221,2.153862999875855,545.6874760002393,753.0
1780670017,39,GET,/health,0.700000,0.000000,3,21,38,45,56,56,56,56,56,56,56,616,0,3,16.063519159088585,2.194705999954749,273.5818549999749,57.0
1780670017,39,,Aggregated,15.700000,0.000000,170,530,880,980,1500,1900,2200,2300,2300,2300,2300,7800,0,180,512.511021525772,2.153862999875855,4284.553695999875,2720.895769230769
1780670018,38,POST,/api/book,12.400000,0.000000,400,880,1000,1300,1600,2000,2300,2300,2700,2700,2700,6010,0,330,660.6450143396022,91.87649300019984,4284.553695999875,3381.420632279534
1780670018,38,GET,/api/concerts,2.600000,0.000000,4,16,33,35,59,350,350,350,350,350,350,1181,0,3,19.40387107960221,2.153862999875855,545.6874760002393,753.0
1780670018,38,GET,/health,1.100000,0.000000,3,21,38,45,56,56,56,56,56,56,56,616,0,3,16.063519159088585,2.194705999954749,273.5818549999749,57.0
1780670018,38,,Aggregated,16.100000,0.000000,170,530,890,980,1500,1900,2300,2300,2700,2700,2700,7807,0,180,512.78181577149,2.153862999875855,4284.553695999875,2721.499039323684
1780670019,37,POST,/api/book,12.300000,0.000000,470,890,1100,1300,1900,2300,3000,3000,3100,3100,3100,6030,0,330,662.4806808101177,91.87649300019984,4284.553695999875,3381.4248756218904
1780670019,37,GET,/api/concerts,2.300000,0.000000,6,16,33,33,41,59,59,59,59,59,59,1181,0,3,19.40387107960221,2.153862999875855,545.6874760002393,753.0
1780670019,37,GET,/health,1.500000,0.000000,3,18,38,56,56,69,69,69,69,69,69,619,0,3,16.10669947334201,2.194705999954749,273.5818549999749,57.0
1780670019,37,,Aggregated,16.100000,0.000000,230,570,950,1100,1500,2300,3000,3000,3100,3100,3100,7830,0,180,514.38627381916,2.153862999875855,4284.553695999875,2722.167049808429
1780670020,36,POST,/api/book,11.300000,0.000000,430,680,950,1100,2000,2300,3000,3000,3100,3100,3100,6040,0,330,661.9135347016573,91.87649300019984,4284.553695999875,3381.425165562914
1780670020,36,GET,/api/concerts,2.100000,0.000000,4,13,16,21,41,59,59,59,59,59,59,1181,0,3,19.40387107960221,2.153862999875855,545.6874760002393,753.0
1780670020,36,GET,/health,1.400000,0.000000,3,3,38,56,56,69,69,69,69,69,69,620,0,3,16.085065917739836,2.194705999954749,273.5818549999749,57.0
1780670020,36,,Aggregated,14.800000,0.000000,190,550,870,950,1600,2300,3000,3000,3100,3100,3100,7841,0,180,514.0730088269383,2.153862999875855,4284.553695999875,2722.668154572121
1780670021,35,POST,/api/book,12.300000,0.000000,360,590,900,990,1900,2300,3000,3000,3100,3100,3100,6050,0,330,661.2922904725636,91.87649300019984,4284.553695999875,3381.438016528926
1780670021,35,GET,/api/concerts,2.000000,0.000000,3,13,21,21,43,59,59,59,59,59,59,1185,0,3,19.381253778067997,2.153862999875855,545.6874760002393,753.0
1780670021,35,GET,/health,1.500000,0.000000,3,3,38,38,56,69,69,69,69,69,69,621,0,3,16.06350235748534,2.194705999954749,273.5818549999749,57.0
1780670021,35,,Aggregated,15.800000,0.000000,180,510,680,900,1500,2300,3000,3000,3100,3100,3100,7856,0,180,513.4623953729663,2.153862999875855,4284.553695999875,2722.1743890020366
1780670022,34,POST,/api/book,12.300000,0.000000,450,740,950,1100,1600,2300,3000,3000,3100,3100,3100,6064,0,330,661.7080612623696,91.87649300019984,4284.553695999875,3381.4614116094986
1780670022,34,GET,/api/concerts,1.600000,0.000000,3,6,13,21,43,43,43,43,43,43,43,1188,0,3,19.37307920792115,2.153862999875855,545.6874760002393,753.0
1780670022,34,GET,/health,1.600000,0.000000,3,18,36,38,56,69,69,69,69,69,69,623,0,3,16.077350975920446,2.194705999954749,273.5818549999749,57.0
1780670022,34,,Aggregated,15.500000,0.000000,230,550,820,930,1400,2300,3000,3000,3100,3100,3100,7875,0,180,513.730678254225,2.153862999875855,4284.553695999875,2721.9373968253967
1780670023,33,POST,/api/book,11.400000,0.000000,300,580,870,930,1400,2300,3000,3000,3100,3100,3100,6073,0,330,660.9969306484455,91.87649300019984,4284.553695999875,3381.475382842088
1780670023,33,GET,/api/concerts,1.600000,0.000000,3,3,13,21,43,43,43,43,43,43,43,1191,0,3,19.3321218211676,2.153862999875855,545.6874760002393,753.0
1780670023,33,GET,/health,1.500000,0.000000,3,18,36,38,56,69,69,69,69,69,69,624,0,3,16.07489997275389,2.194705999954749,273.5818549999749,57.0
1780670023,33,,Aggregated,14.500000,0.000000,170,430,590,820,1300,2300,3000,3000,3100,3100,3100,7888,0,180,513.0945302358042,2.153862999875855,4284.553695999875,2721.613970588235
1780670024,32,POST,/api/book,12.100000,0.000000,390,580,870,940,1400,2300,3000,3000,3100,3100,3100,6082,0,330,660.5987035799093,91.87649300019984,4284.553695999875,3381.469089115423
1780670024,32,GET,/api/concerts,1.800000,0.000000,3,3,10,21,43,43,43,43,43,43,43,1193,0,3,19.310886023479124,2.153862999875855,545.6874760002393,753.0
1780670024,32,GET,/health,1.700000,0.000000,3,5,18,36,56,69,69,69,69,69,69,626,0,3,16.033005929710026,2.194705999954749,273.5818549999749,57.0
1780670024,32,,Aggregated,15.600000,0.000000,210,440,580,820,1300,2300,3000,3000,3100,3100,3100,7901,0,180,512.6991347818025,2.153862999875855,4284.553695999875,2721.187950892292
1780670025,31,POST,/api/book,11.600000,0.000000,310,580,840,950,1400,2300,3000,3000,3100,3100,3100,6092,0,330,660.3671182552542,91.87649300019984,4284.553695999875,3381.472258699934
1780670025,31,GET,/api/concerts,1.800000,0.000000,3,3,10,21,43,43,43,43,43,43,43,1194,0,3,19.29854673200232,2.153862999875855,545.6874760002393,753.0
1780670025,31,GET,/health,1.800000,0.000000,3,3,5,15,36,69,69,69,69,69,69,627,0,3,16.011685363633717,2.194705999954749,273.5818549999749,57.0
1780670025,31,,Aggregated,15.200000,0.000000,220,430,590,820,1300,2300,3000,3000,3100,3100,3100,7913,0,180,512.5790820083436,2.153862999875855,4284.553695999875,2721.4394035132063
1780670026,30,POST,/api/book,11.100000,0.000000,350,590,820,1100,1400,2300,3000,3000,3100,3100,3100,6105,0,330,660.1016867601982,91.87649300019984,4284.553695999875,3381.4799344799344
1780670026,30,GET,/api/concerts,1.700000,0.000000,3,3,5,10,43,43,43,43,43,43,43,1196,0,3,19.28322991556073,2.153862999875855,545.6874760002393,753.0
1780670026,30,GET,/health,1.900000,0.000000,3,3,5,5,36,69,69,69,69,69,69,628,0,3,15.9945089044558,2.194705999954749,273.5818549999749,57.0
1780670026,30,,Aggregated,14.700000,0.000000,220,450,620,820,1200,2300,3000,3000,3100,3100,3100,7929,0,180,512.4262948974679,2.153862999875855,4284.553695999875,2721.694917391853
1780670027,29,POST,/api/book,10.700000,0.000000,350,580,820,950,1400,2300,3000,3000,3100,3100,3100,6112,0,330,659.5385264510817,91.87649300019984,4284.553695999875,3381.471367801047
1780670027,29,GET,/api/concerts,1.900000,0.000000,3,3,6,10,43,43,43,43,43,43,43,1199,0,3,19.244196221860754,2.153862999875855,545.6874760002393,753.0
1780670027,29,GET,/health,1.800000,0.000000,3,3,5,5,36,69,69,69,69,69,69,632,0,3,15.910314848098022,2.194705999954749,273.5818549999749,57.0
1780670027,29,,Aggregated,14.400000,0.000000,210,430,590,780,1200,2300,3000,3000,3100,3100,3100,7943,0,180,511.6742520361355,2.153862999875855,4284.553695999875,2720.1843132317763
1780670028,28,POST,/api/book,10.800000,0.000000,270,470,590,710,1100,1200,1400,1400,1400,1400,1400,6121,0,330,659.0090178970773,91.87649300019984,4284.553695999875,3381.475739258291
1780670028,28,GET,/api/concerts,1.700000,0.000000,3,3,6,10,43,43,43,43,43,43,43,1200,0,3,19.23051456834249,2.153862999875855,545.6874760002393,753.0
1780670028,28,GET,/health,1.500000,0.000000,3,3,3,5,15,36,36,36,36,36,36,635,0,3,15.847057239366903,2.194705999954749,273.5818549999749,57.0
1780670028,28,,Aggregated,14.000000,0.000000,180,300,470,550,870,1100,1300,1400,1400,1400,1400,7956,0,180,511.1781922293895,2.153862999875855,4284.553695999875,2719.6842634489694
1780670029,27,POST,/api/book,10.900000,0.000000,270,430,550,710,1100,1200,1400,1400,1400,1400,1400,6126,0,330,658.6573458785521,91.87649300019984,4284.553695999875,3381.489389487431
1780670029,27,GET,/api/concerts,2.000000,0.000000,3,3,6,10,24,43,43,43,43,43,43,1203,0,3,19.20683369410783,2.153862999875855,545.6874760002393,753.0
1780670029,27,GET,/health,1.500000,0.000000,3,3,3,5,15,36,36,36,36,36,36,638,0,3,15.785443877738969,2.194705999954749,273.5818549999749,57.0
1780670029,27,,Aggregated,14.400000,0.000000,160,270,400,490,900,1100,1300,1400,1400,1400,1400,7967,0,180,510.62028806075347,2.153862999875855,4284.553695999875,2718.3668884147105
1780670030,26,POST,/api/book,11.300000,0.000000,300,490,560,710,1100,1200,1400,1400,1400,1400,1400,6133,0,330,658.3351083936097,91.87649300019984,4284.553695999875,3381.4881787053646
1780670030,26,GET,/api/concerts,1.900000,0.000000,3,3,6,10,24,43,43,43,43,43,43,1205,0,3,19.179380197519965,2.153862999875855,545.6874760002393,753.0
1780670030,26,GET,/health,1.800000,0.000000,3,3,3,5,15,36,36,36,36,36,36,638,0,3,15.785443877738969,2.194705999954749,273.5818549999749,57.0
1780670030,26,,Aggregated,15.000000,0.000000,160,300,440,530,900,1100,1300,1400,1400,1400,1400,7976,0,180,510.3750609465925,2.153862999875855,4284.553695999875,2718.455115346038
1780670031,25,POST,/api/book,10.000000,0.000000,220,390,500,540,780,1100,1200,1300,1300,1300,1300,6139,0,330,657.8634435035036,91.87649300019984,4284.553695999875,3381.477928001303
1780670031,25,GET,/api/concerts,2.000000,0.000000,3,3,5,6,18,24,24,24,24,24,24,1205,0,3,19.179380197519965,2.153862999875855,545.6874760002393,753.0
1780670031,25,GET,/health,2.000000,0.000000,3,3,3,3,5,15,15,15,15,15,15,639,0,3,15.764999735520163,2.194705999954749,273.5818549999749,57.0
1780670031,25,,Aggregated,14.000000,0.000000,150,220,390,440,630,840,1100,1200,1300,1300,1300,7983,0,180,510.05996087147963,2.153862999875855,4284.553695999875,2718.6121758737318
1780670032,24,POST,/api/book,9.300000,0.000000,220,390,470,530,780,1100,1200,1300,1300,1300,1300,6147,0,330,657.4279975430305,91.87649300019984,4284.553695999875,3381.475353831137
1780670032,24,GET,/api/concerts,2.300000,0.000000,3,3,6,6,18,24,24,24,24,24,24,1205,0,3,19.179380197519965,2.153862999875855,545.6874760002393,753.0
1780670032,24,GET,/health,1.800000,0.000000,3,3,3,3,5,8,8,8,8,8,8,642,0,3,15.713650193142811,2.194705999954749,273.5818549999749,57.0
1780670032,24,,Aggregated,13.400000,0.000000,150,230,360,420,630,1100,1100,1200,1300,1300,1300,7994,0,180,509.68341474343526,2.153862999875855,4284.553695999875,2718.2747060295223
1780670033,23,POST,/api/book,9.200000,0.000000,240,470,630,780,1100,1400,1800,1900,1900,1900,1900,6159,0,330,658.2083406264018,91.87649300019984,4284.553695999875,3381.510959571359
1780670033,23,GET,/api/concerts,2.200000,0.000000,3,3,5,6,18,24,24,24,24,24,24,1206,0,3,19.165681060540116,2.153862999875855,545.6874760002393,753.0
1780670033,23,GET,/health,1.900000,0.000000,3,3,3,3,5,8,8,8,8,8,8,642,0,3,15.713650193142811,2.194705999954749,273.5818549999749,57.0
1780670033,23,,Aggregated,13.300000,0.000000,160,300,470,540,1100,1300,1600,1800,1900,1900,1900,8007,0,180,510.4417565506459,2.153862999875855,4284.553695999875,2719.050580741851
1780670034,22,POST,/api/book,8.700000,0.000000,200,400,560,780,1200,1400,1800,1900,1900,1900,1900,6166,0,330,657.6819070947141,91.87649300019984,4284.553695999875,3381.5277327278623
1780670034,22,GET,/api/concerts,1.800000,0.000000,3,3,3,6,18,24,24,24,24,24,24,1207,0,3,19.152549588244618,2.153862999875855,545.6874760002393,753.0
1780670034,22,GET,/health,1.900000,0.000000,3,3,3,3,5,8,8,8,8,8,8,642,0,3,15.713650193142811,2.194705999954749,273.5818549999749,57.0
1780670034,22,,Aggregated,12.400000,0.000000,150,240,400,540,1100,1300,1600,1800,1900,1900,1900,8015,0,180,510.10254896107557,2.153862999875855,4284.553695999875,2719.3967560823457
1780670035,21,POST,/api/book,8.600000,0.000000,200,380,540,630,1100,1400,1800,1900,1900,1900,1900,6170,0,330,657.5477031575376,91.87649300019984,4284.553695999875,3381.5238249594813
1780670035,21,GET,/api/concerts,1.700000,0.000000,3,3,3,3,6,24,24,24,24,24,24,1209,0,3,19.12533246651068,2.153862999875855,545.6874760002393,753.0
1780670035,21,GET,/health,1.800000,0.000000,3,3,3,3,5,8,8,8,8,8,8,645,0,3,15.651942319376152,2.194705999954749,273.5818549999749,57.0
1780670035,21,,Aggregated,12.100000,0.000000,140,200,360,500,850,1200,1600,1800,1900,1900,1900,8024,0,180,509.75664982926475,2.153862999875855,4284.553695999875,2718.2382851445664
1780670036,20,POST,/api/book,8.600000,0.000000,240,420,560,830,1100,1400,1800,1900,1900,1900,1900,6179,0,330,657.3518636253451,91.87649300019984,4284.553695999875,3381.534228839618
1780670036,20,GET,/api/concerts,1.400000,0.000000,3,3,3,3,24,24,24,24,24,24,24,1210,0,3,19.129393738852336,2.153862999875855,545.6874760002393,753.0
1780670036,20,GET,/health,1.600000,0.000000,3,3,3,3,3,8,8,8,8,8,8,645,0,3,15.651942319376152,2.194705999954749,273.5818549999749,57.0
1780670036,20,,Aggregated,11.600000,0.000000,150,300,420,540,1000,1400,1800,1900,1900,1900,1900,8034,0,180,509.71113200908894,2.153862999875855,4284.553695999875,2718.744709982574
1780670037,19,POST,/api/book,8.000000,0.000000,240,400,630,840,1100,1400,1800,1900,1900,1900,1900,6184,0,330,657.019108377912,91.87649300019984,4284.553695999875,3381.547380336352
1780670037,19,GET,/api/concerts,1.400000,0.000000,3,3,3,24,24,24,24,24,24,24,24,1210,0,3,19.129393738852336,2.153862999875855,545.6874760002393,753.0
1780670037,19,GET,/health,1.700000,0.000000,3,3,3,3,8,43,43,43,43,43,43,646,0,3,15.693637328169485,2.194705999954749,273.5818549999749,57.0
1780670037,19,,Aggregated,11.100000,0.000000,140,300,420,540,1000,1400,1800,1900,1900,1900,1900,8040,0,180,509.4889082521169,2.153862999875855,4284.553695999875,2718.8359452736318
1780670038,18,POST,/api/book,7.700000,0.000000,240,400,630,830,1100,1400,1800,1900,1900,1900,1900,6191,0,320,656.4907229925711,91.87649300019984,4284.553695999875,3381.540300436117
1780670038,18,GET,/api/concerts,1.400000,0.000000,3,3,15,15,24,24,24,24,24,24,24,1212,0,3,19.11224680941509,2.153862999875855,545.6874760002393,753.0
1780670038,18,GET,/health,1.800000,0.000000,3,3,3,3,8,43,43,43,43,43,43,646,0,3,15.693637328169485,2.194705999954749,273.5818549999749,57.0
1780670038,18,,Aggregated,10.900000,0.000000,140,300,420,630,1000,1400,1800,1900,1900,1900,1900,8049,0,180,509.08637084035536,2.153862999875855,4284.553695999875,2718.9183749534104
1780670039,17,POST,/api/book,7.200000,0.000000,220,330,420,830,1100,1400,1800,1900,1900,1900,1900,6199,0,320,655.9452395525099,91.87649300019984,4284.553695999875,3381.5513792547185
1780670039,17,GET,/api/concerts,1.100000,0.000000,3,3,15,15,24,24,24,24,24,24,24,1212,0,3,19.11224680941509,2.153862999875855,545.6874760002393,753.0
1780670039,17,GET,/health,1.500000,0.000000,3,3,8,8,43,43,43,43,43,43,43,646,0,3,15.693637328169485,2.194705999954749,273.5818549999749,57.0
1780670039,17,,Aggregated,9.800000,0.000000,150,260,400,420,1000,1400,1800,1900,1900,1900,1900,8057,0,180,508.81304118567965,2.153862999875855,4284.553695999875,2719.584833064416
1780670040,16,POST,/api/book,6.700000,0.000000,240,360,490,830,1100,1400,1800,1900,1900,1900,1900,6205,0,320,655.5481505461737,91.87649300019984,4284.553695999875,3381.5539081385978
1780670040,16,GET,/api/concerts,1.000000,0.000000,3,3,15,24,37,37,37,37,37,37,37,1214,0,3,19.113438078262885,2.153862999875855,545.6874760002393,753.0
1780670040,16,GET,/health,1.200000,0.000000,3,3,8,8,43,43,43,43,43,43,43,646,0,3,15.693637328169485,2.194705999954749,273.5818549999749,57.0
1780670040,16,,Aggregated,8.900000,0.000000,160,300,400,490,1000,1400,1800,1900,1900,1900,1900,8065,0,180,508.4957318884092,2.153862999875855,4284.553695999875,2719.5915685058894
1780670041,15,POST,/api/book,7.300000,0.000000,220,330,420,830,1100,1400,1800,1900,1900,1900,1900,6211,0,320,655.1067956596374,91.87649300019984,4284.553695999875,3381.551601996458
1780670041,15,GET,/api/concerts,1.100000,0.000000,3,3,15,15,24,37,37,37,37,37,37,1216,0,3,19.086117222871216,2.153862999875855,545.6874760002393,753.0
1780670041,15,GET,/health,0.800000,0.000000,3,3,8,8,43,43,43,43,43,43,43,646,0,3,15.693637328169485,2.194705999954749,273.5818549999749,57.0
1780670041,15,,Aggregated,9.200000,0.000000,150,270,400,490,1000,1400,1800,1900,1900,1900,1900,8073,0,180,508.1401109995071,2.153862999875855,4284.553695999875,2719.594574507618
1780670042,14,POST,/api/book,7.200000,0.000000,220,300,360,400,830,990,1000,1100,1100,1100,1100,6216,0,320,654.7844134916357,91.87649300019984,4284.553695999875,3381.5609716859717
1780670042,14,GET,/api/concerts,0.800000,0.000000,3,3,15,15,24,37,37,37,37,37,37,1217,0,3,19.075940457692077,2.153862999875855,545.6874760002393,753.0
1780670042,14,GET,/health,0.800000,0.000000,3,3,43,43,43,43,43,43,43,43,43,646,0,3,15.693637328169485,2.194705999954749,273.5818549999749,57.0
1780670042,14,,Aggregated,8.800000,0.000000,150,250,310,360,680,990,1000,1100,1100,1100,1100,8079,0,180,507.9209584744425,2.153862999875855,4284.553695999875,2719.768040599084
1780670043,13,POST,/api/book,7.300000,0.000000,220,280,330,380,650,840,990,1000,1000,1000,1000,6220,0,320,654.5099920067538,91.87649300019984,4284.553695999875,3381.567041800643
1780670043,13,GET,/api/concerts,1.100000,0.000000,3,7,20,20,24,37,37,37,37,37,37,1218,0,3,19.07676379147078,2.153862999875855,545.6874760002393,753.0
1780670043,13,GET,/health,0.700000,0.000000,3,3,43,43,43,43,43,43,43,43,43,646,0,3,15.693637328169485,2.194705999954749,273.5818549999749,57.0
1780670043,13,,Aggregated,9.100000,0.000000,150,250,300,310,420,830,990,1000,1000,1000,1000,8084,0,180,507.7221348706112,2.153862999875855,4284.553695999875,2719.8568777832756
1780670044,12,POST,/api/book,6.700000,0.000000,240,290,330,380,650,840,990,1000,1000,1000,1000,6223,0,320,654.3047392522913,91.87649300019984,4284.553695999875,3381.562429696288
1780670044,12,GET,/api/concerts,1.200000,0.000000,7,15,20,24,37,37,37,37,37,37,37,1218,0,3,19.07676379147078,2.153862999875855,545.6874760002393,753.0
1780670044,12,GET,/health,0.400000,0.000000,3,3,43,43,43,43,43,43,43,43,43,647,0,3,15.673445344664021,2.194705999954749,273.5818549999749,57.0
1780670044,12,,Aggregated,8.300000,0.000000,160,260,300,330,490,830,990,1000,1000,1000,1000,8088,0,180,507.55620793805895,2.153862999875855,4284.553695999875,2719.7695351137486
1780670045,11,POST,/api/book,6.500000,0.000000,210,260,290,310,380,400,420,490,490,490,490,6228,0,320,653.9062519677277,91.87649300019984,4284.553695999875,3381.573699421965
1780670045,11,GET,/api/concerts,1.200000,0.000000,3,15,20,20,24,37,37,37,37,37,37,1219,0,3,19.06323335685927,2.153862999875855,545.6874760002393,753.0
1780670045,11,GET,/health,0.400000,0.000000,43,43,43,43,43,43,43,43,43,43,43,647,0,3,15.673445344664021,2.194705999954749,273.5818549999749,57.0
1780670045,11,,Aggregated,8.100000,0.000000,150,240,270,290,330,400,420,490,490,490,490,8094,0,180,507.27785246540907,2.153862999875855,4284.553695999875,2719.9440326167532
1780670046,10,POST,/api/book,5.800000,0.000000,210,260,280,300,330,390,400,490,490,490,490,6235,0,320,653.4653454291913,91.87649300019984,4284.553695999875,3381.57016840417
1780670046,10,GET,/api/concerts,1.200000,0.000000,3,7,15,20,37,37,37,37,37,37,37,1219,0,3,19.06323335685927,2.153862999875855,545.6874760002393,753.0
1780670046,10,GET,/health,0.500000,0.000000,43,43,43,43,43,43,43,43,43,43,43,647,0,3,15.673445344664021,2.194705999954749,273.5818549999749,57.0
1780670046,10,,Aggregated,7.500000,0.000000,160,240,270,290,330,390,400,490,490,490,490,8101,0,180,507.06520545007044,2.153862999875855,4284.553695999875,2720.51302308357
1780670047,9,POST,/api/book,5.900000,0.000000,210,260,290,300,330,390,400,490,490,490,490,6238,0,320,653.2244088533196,91.87649300019984,4284.553695999875,3381.5638025008016
1780670047,9,GET,/api/concerts,1.100000,0.000000,3,7,15,20,37,37,37,37,37,37,37,1219,0,3,19.06323335685927,2.153862999875855,545.6874760002393,753.0
1780670047,9,GET,/health,0.400000,0.000000,3,3,43,43,43,43,43,43,43,43,43,648,0,3,15.653610891972058,2.194705999954749,273.5818549999749,57.0
1780670047,9,,Aggregated,7.400000,0.000000,150,230,270,290,330,390,400,490,490,490,490,8105,0,180,506.8717438306009,2.153862999875855,4284.553695999875,2720.4241826033312
1780670048,8,POST,/api/book,5.900000,0.000000,170,260,280,290,330,390,490,490,490,490,490,6239,0,320,653.142254657799,91.87649300019984,4284.553695999875,3381.570283699311
1780670048,8,GET,/api/concerts,1.100000,0.000000,3,7,15,20,37,37,37,37,37,37,37,1220,0,3,19.04980034345216,2.153862999875855,545.6874760002393,753.0
1780670048,8,GET,/health,0.400000,0.000000,3,3,43,43,43,43,43,43,43,43,43,648,0,3,15.653610891972058,2.194705999954749,273.5818549999749,57.0
1780670048,8,,Aggregated,7.400000,0.000000,140,210,270,280,310,390,390,490,490,490,490,8107,0,180,506.764379312572,2.153862999875855,4284.553695999875,2720.268039965462
1780670049,7,POST,/api/book,5.500000,0.000000,230,280,290,310,380,390,490,490,490,490,490,6241,0,320,653.025099258133,91.87649300019984,4284.553695999875,3381.5644928697325
1780670049,7,GET,/api/concerts,0.900000,0.000000,3,3,7,20,37,37,37,37,37,37,37,1222,0,3,19.02295287153193,2.153862999875855,545.6874760002393,753.0
1780670049,7,GET,/health,0.200000,0.000000,3,3,3,3,3,3,3,3,3,3,3,648,0,3,15.653610891972058,2.194705999954749,273.5818549999749,57.0
1780670049,7,,Aggregated,6.600000,0.000000,150,260,280,290,330,390,490,490,490,490,490,8111,0,180,506.58602302268787,2.153862999875855,4284.553695999875,2719.941560843299
1780670050,6,POST,/api/book,5.300000,0.000000,230,270,280,290,310,390,390,390,390,390,390,6244,0,320,652.8181007171697,91.87649300019984,4284.553695999875,3381.5606982703393
1780670050,6,GET,/api/concerts,1.000000,0.000000,3,3,7,7,20,20,20,20,20,20,20,1223,0,3,19.009438035169453,2.153862999875855,545.6874760002393,753.0
1780670050,6,GET,/health,0.200000,0.000000,3,3,3,3,3,3,3,3,3,3,3,648,0,3,15.653610891972058,2.194705999954749,273.5818549999749,57.0
1780670050,6,,Aggregated,6.500000,0.000000,150,250,270,280,310,330,390,390,390,390,390,8115,0,180,506.4187681396207,2.153862999875855,4284.553695999875,2719.9408502772644
1780670051,5,POST,/api/book,5.300000,0.000000,230,270,280,290,310,390,390,390,390,390,390,6245,0,320,652.7345918329876,91.87649300019984,4284.553695999875,3381.560448358687
1780670051,5,GET,/api/concerts,1.000000,0.000000,3,3,3,3,20,20,20,20,20,20,20,1223,0,3,19.009438035169453,2.153862999875855,545.6874760002393,753.0
1780670051,5,GET,/health,0.200000,0.000000,3,3,3,3,3,3,3,3,3,3,3,648,0,3,15.653610891972058,2.194705999954749,273.5818549999749,57.0
1780670051,5,,Aggregated,6.500000,0.000000,150,250,270,280,310,390,390,390,390,390,390,8116,0,180,506.3725491094162,2.153862999875855,4284.553695999875,2720.0221784130113
1780670052,5,POST,/api/book,4.100000,0.000000,170,260,270,280,310,390,390,390,390,390,390,6247,0,320,652.5645537296315,91.87649300019984,4284.553695999875,3381.5490635505043
1780670052,5,GET,/api/concerts,1.000000,0.000000,3,3,3,3,20,20,20,20,20,20,20,1223,0,3,19.009438035169453,2.153862999875855,545.6874760002393,753.0
1780670052,5,GET,/health,0.200000,0.000000,3,3,3,3,3,3,3,3,3,3,3,648,0,3,15.653610891972058,2.194705999954749,273.5818549999749,57.0
1780670052,5,,Aggregated,5.300000,0.000000,140,230,260,270,310,390,390,390,390,390,390,8118,0,180,506.27775926632444,2.153862999875855,4284.553695999875,2720.1763981276176
1780670053,5,POST,/api/book,3.500000,0.000000,140,230,260,270,310,390,390,390,390,390,390,6250,0,320,652.3273541113612,91.87649300019984,4284.553695999875,3381.54432
1780670053,5,GET,/api/concerts,0.700000,0.000000,3,3,3,3,3,3,3,3,3,3,3,1223,0,3,19.009438035169453,2.153862999875855,545.6874760002393,753.0
1780670053,5,GET,/health,0.200000,0.000000,3,3,3,3,3,3,3,3,3,3,3,648,0,3,15.653610891972058,2.194705999954749,273.5818549999749,57.0
1780670053,5,,Aggregated,4.400000,0.000000,140,170,230,260,280,390,390,390,390,390,390,8121,0,180,506.1492483402317,2.153862999875855,4284.553695999875,2720.4170668636866
1780670054,5,POST,/api/book,3.400000,0.000000,150,230,260,270,310,390,390,390,390,390,390,6251,0,320,652.2401162103675,91.87649300019984,4284.553695999875,3381.555751079827
1780670054,5,GET,/api/concerts,0.600000,0.000000,3,3,3,3,3,3,3,3,3,3,3,1224,0,3,18.996497207526357,2.153862999875855,545.6874760002393,753.0
1780670054,5,GET,/health,0.200000,0.000000,3,3,3,3,3,3,3,3,3,3,3,648,0,3,15.653610891972058,2.194705999954749,273.5818549999749,57.0
1780670054,5,,Aggregated,4.200000,0.000000,140,200,250,260,280,390,390,390,390,390,390,8123,0,180,506.0381901847866,2.153862999875855,4284.553695999875,2720.2650498584267
1780670055,5,POST,/api/book,3.400000,0.000000,140,200,250,270,280,310,310,310,310,310,310,6252,0,320,652.1580701700267,91.87649300019984,4284.553695999875,3381.5508637236085
1780670055,5,GET,/api/concerts,0.600000,0.000000,3,3,3,3,3,3,3,3,3,3,3,1224,0,3,18.996497207526357,2.153862999875855,545.6874760002393,753.0
1780670055,5,GET,/health,0.200000,0.000000,3,3,3,3,3,3,3,3,3,3,3,648,0,3,15.653610891972058,2.194705999954749,273.5818549999749,57.0
1780670055,5,,Aggregated,4.200000,0.000000,140,140,200,250,270,280,310,310,310,310,310,8124,0,180,505.9930461771321,2.153862999875855,4284.553695999875,2720.3426883308716
1780670056,5,POST,/api/book,2.800000,0.000000,140,140,200,250,270,310,310,310,310,310,310,6256,0,320,651.8309739287097,91.87649300019984,4284.553695999875,3381.5530690537084
1780670056,5,GET,/api/concerts,0.600000,0.000000,3,3,3,3,3,3,3,3,3,3,3,1224,0,3,18.996497207526357,2.153862999875855,545.6874760002393,753.0
1780670056,5,GET,/health,0.100000,0.000000,3,3,3,3,3,3,3,3,3,3,3,648,0,3,15.653610891972058,2.194705999954749,273.5818549999749,57.0
1780670056,5,,Aggregated,3.500000,0.000000,140,140,140,200,270,270,310,310,310,310,310,8128,0,180,505.81321670005184,2.153862999875855,4284.553695999875,2720.669783464567
1780670057,5,POST,/api/book,2.800000,0.000000,140,140,200,250,270,310,310,310,310,310,310,6256,0,320,651.8309739287097,91.87649300019984,4284.553695999875,3381.5530690537084
1780670057,5,GET,/api/concerts,0.600000,0.000000,3,3,3,3,3,3,3,3,3,3,3,1224,0,3,18.996497207526357,2.153862999875855,545.6874760002393,753.0
1780670057,5,GET,/health,0.100000,0.000000,3,3,3,3,3,3,3,3,3,3,3,649,0,3,15.633411842831832,2.194705999954749,273.5818549999749,57.0
1780670057,5,,Aggregated,3.500000,0.000000,140,140,140,200,270,270,310,310,310,310,310,8129,0,180,505.75130640497247,2.153862999875855,4284.553695999875,2720.3421085004306
1780670058,5,POST,/api/book,2.200000,0.000000,140,140,200,250,270,310,310,310,310,310,310,6258,0,320,651.6673174846609,91.87649300019984,4284.553695999875,3381.554330457015
1780670058,5,GET,/api/concerts,0.500000,0.000000,3,3,3,3,3,3,3,3,3,3,3,1224,0,3,18.996497207526357,2.153862999875855,545.6874760002393,753.0
1780670058,5,GET,/health,0.100000,0.000000,3,3,3,3,3,3,3,3,3,3,3,649,0,3,15.633411842831832,2.194705999954749,273.5818549999749,57.0
1780670058,5,,Aggregated,2.800000,0.000000,140,140,140,200,270,270,310,310,310,310,310,8131,0,180,505.6612802468357,2.153862999875855,4284.553695999875,2720.5057188537694
1780670059,5,POST,/api/book,2.000000,0.000000,140,140,140,150,200,250,270,270,270,270,270,6262,0,320,651.3452048294488,91.87649300019984,4284.553695999875,3381.555732992654
1780670059,5,GET,/api/concerts,0.500000,0.000000,3,3,3,3,3,3,3,3,3,3,3,1225,0,3,18.98352159347937,2.153862999875855,545.6874760002393,753.0
1780670059,5,GET,/health,0.100000,0.000000,3,3,3,3,3,3,3,3,3,3,3,649,0,3,15.633411842831832,2.194705999954749,273.5818549999749,57.0
1780670059,5,,Aggregated,2.600000,0.000000,140,140,140,150,200,250,270,270,270,270,270,8136,0,180,505.42337400196925,2.153862999875855,4284.553695999875,2720.589970501475
1780670060,5,POST,/api/book,1.800000,0.000000,140,140,140,140,160,200,200,200,200,200,200,6264,0,320,651.1819510469362,91.87649300019984,4284.553695999875,3381.5475734355045
1780670060,5,GET,/api/concerts,0.400000,0.000000,3,3,3,3,3,3,3,3,3,3,3,1225,0,3,18.98352159347937,2.153862999875855,545.6874760002393,753.0
1780670060,5,GET,/health,0.100000,0.000000,3,3,3,3,3,3,3,3,3,3,3,649,0,3,15.633411842831832,2.194705999954749,273.5818549999749,57.0
1780670060,5,,Aggregated,2.300000,0.000000,140,140,140,140,150,160,200,200,200,200,200,8138,0,180,505.33357576751314,2.153862999875855,4284.553695999875,2720.746129270091
1780670061,5,POST,/api/book,1.800000,0.000000,140,140,140,140,160,200,200,200,200,200,200,6264,0,320,651.1819510469362,91.87649300019984,4284.553695999875,3381.5475734355045
1780670061,5,GET,/api/concerts,0.400000,0.000000,3,3,3,3,3,3,3,3,3,3,3,1225,0,3,18.98352159347937,2.153862999875855,545.6874760002393,753.0
1780670061,5,GET,/health,0.100000,0.000000,3,3,3,3,3,3,3,3,3,3,3,649,0,3,15.633411842831832,2.194705999954749,273.5818549999749,57.0
1780670061,5,,Aggregated,2.300000,0.000000,140,140,140,140,160,200,200,200,200,200,200,8138,0,180,505.33357576751314,2.153862999875855,4284.553695999875,2720.746129270091
1780670062,5,POST,/api/book,2.100000,0.000000,140,140,140,140,160,200,200,200,200,200,200,6267,0,320,650.9320598490519,91.87649300019984,4284.553695999875,3381.5430030317534
1780670062,5,GET,/api/concerts,0.200000,0.000000,3,3,3,3,3,3,3,3,3,3,3,1225,0,3,18.98352159347937,2.153862999875855,545.6874760002393,753.0
1780670062,5,GET,/health,0.100000,0.000000,3,3,3,3,3,3,3,3,3,3,3,650,0,3,15.613516256919935,2.194705999954749,273.5818549999749,57.0
1780670062,5,,Aggregated,2.400000,0.000000,140,140,140,140,150,160,200,200,200,200,200,8142,0,180,505.1332373609705,2.153862999875855,4284.553695999875,2720.6589290100715
1780670063,5,POST,/api/book,1.900000,0.000000,140,140,140,140,150,160,160,160,160,160,160,6269,0,320,650.7680575299105,91.87649300019984,4284.553695999875,3381.5394799808582
1780670063,5,GET,/api/concerts,0.200000,0.000000,3,3,3,3,3,3,3,3,3,3,3,1226,0,3,18.9700315024569,2.153862999875855,545.6874760002393,753.0
1780670063,5,GET,/health,0.100000,0.000000,3,3,3,3,3,3,3,3,3,3,3,650,0,3,15.613516256919935,2.194705999954749,273.5818549999749,57.0
1780670063,5,,Aggregated,2.200000,0.000000,140,140,140,140,140,150,160,160,160,160,160,8145,0,180,504.98109230743063,2.153862999875855,4284.553695999875,2720.576918354819
1780670064,5,POST,/api/book,2.000000,0.000000,140,140,140,140,150,160,160,160,160,160,160,6270,0,320,650.6867722255198,91.87649300019984,4284.553695999875,3381.542264752791
1780670064,5,GET,/api/concerts,0.200000,0.000000,3,3,3,3,3,3,3,3,3,3,3,1227,0,3,18.956751456407535,2.153862999875855,545.6874760002393,753.0
1780670064,5,GET,/health,0.200000,0.000000,3,3,3,3,3,3,3,3,3,3,3,650,0,3,15.613516256919935,2.194705999954749,273.5818549999749,57.0
1780670064,5,,Aggregated,2.400000,0.000000,140,140,140,140,140,150,160,160,160,160,160,8147,0,180,504.8747737152354,2.153862999875855,4284.553695999875,2720.4186817233335
1780670065,5,POST,/api/book,2.100000,0.000000,140,140,140,140,150,160,160,160,160,160,160,6272,0,320,650.5229588742043,91.87649300019984,4284.553695999875,3381.540656887755
1780670065,5,GET,/api/concerts,0.200000,0.000000,3,3,3,3,3,3,3,3,3,3,3,1227,0,3,18.956751456407535,2.153862999875855,545.6874760002393,753.0
1780670065,5,GET,/health,0.200000,0.000000,3,3,3,3,3,3,3,3,3,3,3,650,0,3,15.613516256919935,2.194705999954749,273.5818549999749,57.0
1780670065,5,,Aggregated,2.500000,0.000000,140,140,140,140,140,150,160,160,160,160,160,8149,0,180,504.7844787904065,2.153862999875855,4284.553695999875,2720.579703031047
1780670066,5,POST,/api/book,1.900000,0.000000,140,140,140,140,150,160,160,160,160,160,160,6273,0,320,650.4418893154805,91.87649300019984,4284.553695999875,3381.538179499442
1780670066,5,GET,/api/concerts,0.300000,0.000000,3,3,3,3,3,3,3,3,3,3,3,1229,0,3,18.93036507893559,2.153862999875855,545.6874760002393,753.0
1780670066,5,GET,/health,0.200000,0.000000,3,3,3,3,3,3,3,3,3,3,3,651,0,3,15.594324792624032,2.194705999954749,273.5818549999749,57.0
1780670066,5,,Aggregated,2.400000,0.000000,140,140,140,140,140,150,160,160,160,160,160,8153,0,180,504.5552920149666,2.153862999875855,4284.553695999875,2719.8495032503374
1780670067,5,POST,/api/book,1.900000,0.000000,140,140,140,140,150,160,160,160,160,160,160,6274,0,320,650.3608142975787,91.87649300019984,4284.553695999875,3381.538890659866
1780670067,5,GET,/api/concerts,0.300000,0.000000,3,3,3,3,3,3,3,3,3,3,3,1229,0,3,18.93036507893559,2.153862999875855,545.6874760002393,753.0
1780670067,5,GET,/health,0.200000,0.000000,3,3,3,3,3,3,3,3,3,3,3,651,0,3,15.594324792624032,2.194705999954749,273.5818549999749,57.0
1780670067,5,,Aggregated,2.400000,0.000000,140,140,140,140,140,150,160,160,160,160,160,8154,0,180,504.5108012049329,2.153862999875855,4284.553695999875,2719.931199411332
1780670068,5,POST,/api/book,1.700000,0.000000,140,140,140,140,140,160,160,160,160,160,160,6277,0,320,650.1143123412472,91.87649300019984,4284.553695999875,3381.5365620519356
1780670068,5,GET,/api/concerts,0.300000,0.000000,3,3,3,3,3,3,3,3,3,3,3,1229,0,3,18.93036507893559,2.153862999875855,545.6874760002393,753.0
1780670068,5,GET,/health,0.300000,0.000000,3,3,3,3,3,3,3,3,3,3,3,652,0,3,15.57414922392428,2.194705999954749,273.5818549999749,57.0
1780670068,5,,Aggregated,2.300000,0.000000,140,140,140,140,140,140,160,160,160,160,160,8158,0,180,504.31322659255,2.153862999875855,4284.553695999875,2719.846285854376
1780670069,5,POST,/api/book,1.800000,0.000000,140,140,140,140,140,140,140,140,140,140,140,6278,0,320,650.0321893352993,91.87649300019984,4284.553695999875,3381.535202293724
1780670069,5,GET,/api/concerts,0.500000,0.000000,3,3,3,3,3,3,3,3,3,3,3,1229,0,3,18.93036507893559,2.153862999875855,545.6874760002393,753.0
1780670069,5,GET,/health,0.200000,0.000000,3,3,3,3,3,3,3,3,3,3,3,652,0,3,15.57414922392428,2.194705999954749,273.5818549999749,57.0
1780670069,5,,Aggregated,2.500000,0.000000,130,140,140,140,140,140,140,140,140,140,140,8159,0,180,504.26790643743385,2.153862999875855,4284.553695999875,2719.9263390121337
1780670070,5,POST,/api/book,2.000000,0.000000,140,140,140,140,140,140,140,140,140,140,140,6279,0,320,649.9507136268528,91.87649300019984,4284.553695999875,3381.5347985347985
1780670070,5,GET,/api/concerts,0.500000,0.000000,3,3,3,3,3,3,3,3,3,3,3,1230,0,3,18.917233462611247,2.153862999875855,545.6874760002393,753.0
1780670070,5,GET,/health,0.200000,0.000000,3,3,3,3,3,3,3,3,3,3,3,654,0,3,15.534706449538808,2.194705999954749,273.5818549999749,57.0
1780670070,5,,Aggregated,2.700000,0.000000,130,140,140,140,140,140,140,140,140,140,140,8163,0,180,504.03876344971485,2.153862999875855,4284.553695999875,2719.1136836947203
1780670071,5,POST,/api/book,1.700000,0.000000,140,140,140,140,140,140,140,140,140,140,140,6281,0,320,649.7880116981387,91.87649300019984,4284.553695999875,3381.5298519344055
1780670071,5,GET,/api/concerts,0.500000,0.000000,3,3,3,3,3,3,3,3,3,3,3,1230,0,3,18.917233462611247,2.153862999875855,545.6874760002393,753.0
1780670071,5,GET,/health,0.300000,0.000000,3,3,3,3,3,3,3,3,3,3,3,654,0,3,15.534706449538808,2.194705999954749,273.5818549999749,57.0
1780670071,5,,Aggregated,2.500000,0.000000,130,140,140,140,140,140,140,140,140,140,140,8165,0,180,503.94934435432,2.153862999875855,4284.553695999875,2719.2721371708512
1780670072,5,POST,/api/book,1.700000,0.000000,140,140,140,140,140,140,140,140,140,140,140,6281,0,320,649.7880116981387,91.87649300019984,4284.553695999875,3381.5298519344055
1780670072,5,GET,/api/concerts,0.500000,0.000000,3,3,3,3,3,3,3,3,3,3,3,1231,0,3,18.9039956604485,2.153862999875855,545.6874760002393,753.0
1780670072,5,GET,/health,0.300000,0.000000,3,3,3,3,3,3,3,3,3,3,3,654,0,3,15.534706449538808,2.194705999954749,273.5818549999749,57.0
1780670072,5,,Aggregated,2.500000,0.000000,130,140,140,140,140,140,140,140,140,140,140,8166,0,180,503.8879522596158,2.153862999875855,4284.553695999875,2719.031349497918
1780670073,5,POST,/api/book,1.500000,0.000000,140,140,140,140,140,140,140,140,140,140,140,6282,0,320,649.7068601711254,91.87649300019984,4284.553695999875,3381.53358802929
1780670073,5,GET,/api/concerts,0.500000,0.000000,3,3,3,3,3,3,3,3,3,3,3,1232,0,3,18.89084201299691,2.153862999875855,545.6874760002393,753.0
1780670073,5,GET,/health,0.500000,0.000000,3,3,3,3,3,3,3,3,3,3,3,655,0,3,15.515608009158285,2.194705999954749,273.5818549999749,57.0
1780670073,5,,Aggregated,2.500000,0.000000,130,140,140,140,140,140,140,140,140,140,140,8169,0,180,503.72074136381724,2.153862999875855,4284.553695999875,2718.5487819806585
1780670074,5,POST,/api/book,1.400000,0.000000,140,140,140,140,200,210,210,210,210,210,210,6285,0,320,649.4843615144009,91.87649300019984,4284.553695999875,3381.54415274463
1780670074,5,GET,/api/concerts,0.600000,0.000000,3,3,3,3,3,3,3,3,3,3,3,1232,0,3,18.89084201299691,2.153862999875855,545.6874760002393,753.0
1780670074,5,GET,/health,0.400000,0.000000,3,3,3,3,3,3,3,3,3,3,3,655,0,3,15.515608009158285,2.194705999954749,273.5818549999749,57.0
1780670074,5,,Aggregated,2.400000,0.000000,130,140,140,140,140,200,210,210,210,210,210,8172,0,180,503.6032125212951,2.153862999875855,4284.553695999875,2718.800293685756
1780670075,5,POST,/api/book,1.300000,0.000000,140,140,140,140,200,210,210,210,210,210,210,6287,0,320,649.3222391679673,91.87649300019984,4284.553695999875,3381.5406394146653
1780670075,5,GET,/api/concerts,0.700000,0.000000,3,3,3,3,3,3,3,3,3,3,3,1232,0,3,18.89084201299691,2.153862999875855,545.6874760002393,753.0
1780670075,5,GET,/health,0.400000,0.000000,3,3,3,3,3,3,3,3,3,3,3,655,0,3,15.515608009158285,2.194705999954749,273.5818549999749,57.0
1780670075,5,,Aggregated,2.400000,0.000000,140,140,140,140,140,200,210,210,210,210,210,8174,0,180,503.51421069917103,2.153862999875855,4284.553695999875,2718.959750428187
1780670076,5,POST,/api/book,1.300000,0.000000,140,140,140,140,200,210,210,210,210,210,210,6287,0,320,649.3222391679673,91.87649300019984,4284.553695999875,3381.5406394146653
1780670076,5,GET,/api/concerts,0.700000,0.000000,3,3,3,3,3,3,3,3,3,3,3,1233,0,3,18.877603145995135,2.153862999875855,545.6874760002393,753.0
1780670076,5,GET,/health,0.400000,0.000000,3,3,3,3,3,3,3,3,3,3,3,655,0,3,15.515608009158285,2.194705999954749,273.5818549999749,57.0
1780670076,5,,Aggregated,2.400000,0.000000,140,140,140,140,140,200,210,210,210,210,210,8175,0,180,503.45293279192947,2.153862999875855,4284.553695999875,2718.719266055046
1780670077,5,POST,/api/book,1.500000,0.000000,140,140,140,140,200,210,210,210,210,210,210,6289,0,320,649.1613693522039,91.87649300019984,4284.553695999875,3381.525520750517
1780670077,5,GET,/api/concerts,0.500000,0.000000,3,3,3,8,8,8,8,8,8,8,8,1234,0,3,18.869162248793913,2.153862999875855,545.6874760002393,753.0
1780670077,5,GET,/health,0.500000,0.000000,3,3,3,3,3,3,3,3,3,3,3,656,0,3,15.496032083839642,2.194705999954749,273.5818549999749,57.0
1780670077,5,,Aggregated,2.500000,0.000000,140,140,140,140,140,200,210,210,210,210,210,8179,0,180,503.24315871353747,2.153862999875855,4284.553695999875,2718.3039491380364
1780670078,5,POST,/api/book,1.500000,0.000000,140,140,140,140,200,210,210,210,210,210,210,6290,0,320,649.0806319828315,91.87649300019984,4284.553695999875,3381.522257551669
1780670078,5,GET,/api/concerts,0.600000,0.000000,3,3,3,3,8,8,8,8,8,8,8,1235,0,3,18.856122587054077,2.153862999875855,545.6874760002393,753.0
1780670078,5,GET,/health,0.400000,0.000000,3,3,3,3,3,3,3,3,3,3,3,656,0,3,15.496032083839642,2.194705999954749,273.5818549999749,57.0
1780670078,5,,Aggregated,2.500000,0.000000,140,140,140,140,140,200,210,210,210,210,210,8181,0,180,503.1377439938911,2.153862999875855,4284.553695999875,2718.1422808947564
1780670079,5,POST,/api/book,1.400000,0.000000,140,140,140,140,200,210,210,210,210,210,210,6290,0,320,649.0806319828315,91.87649300019984,4284.553695999875,3381.522257551669
1780670079,5,GET,/api/concerts,0.400000,0.000000,3,3,3,3,8,8,8,8,8,8,8,1236,0,3,18.84365904288974,2.153862999875855,545.6874760002393,753.0
1780670079,5,GET,/health,0.400000,0.000000,3,3,3,3,3,3,3,3,3,3,3,657,0,3,15.476222669709149,2.194705999954749,273.5818549999749,57.0
1780670079,5,,Aggregated,2.200000,0.000000,140,140,140,140,140,200,210,210,210,210,210,8183,0,180,503.01549750006393,2.153862999875855,4284.553695999875,2717.5769277770987
1780670080,5,POST,/api/book,1.200000,0.000000,140,140,140,140,200,210,210,210,210,210,210,6292,0,320,648.9164786172934,91.87649300019984,4284.553695999875,3381.518277177368
1780670080,5,GET,/api/concerts,0.500000,0.000000,3,3,3,3,8,8,8,8,8,8,8,1236,0,3,18.84365904288974,2.153862999875855,545.6874760002393,753.0
1780670080,5,GET,/health,0.500000,0.000000,3,3,3,3,3,3,3,3,3,3,3,658,0,3,15.456437784193044,2.194705999954749,273.5818549999749,57.0
1780670080,5,,Aggregated,2.200000,0.000000,140,140,140,140,140,200,210,210,210,210,210,8186,0,180,502.8638629488179,2.153862999875855,4284.553695999875,2717.411067676521
1780670081,5,POST,/api/book,1.200000,0.000000,140,140,140,140,200,210,210,210,210,210,210,6293,0,320,648.8356481922788,91.87649300019984,4284.553695999875,3381.5188304465278
1780670081,5,GET,/api/concerts,0.500000,0.000000,3,3,3,8,8,8,8,8,8,8,8,1236,0,3,18.84365904288974,2.153862999875855,545.6874760002393,753.0
1780670081,5,GET,/health,0.500000,0.000000,3,3,3,3,3,3,3,3,3,3,3,658,0,3,15.456437784193044,2.194705999954749,273.5818549999749,57.0
1780670081,5,,Aggregated,2.200000,0.000000,140,140,140,140,140,200,210,210,210,210,210,8187,0,180,502.81957160290995,2.153862999875855,4284.553695999875,2717.4926102357394
1780670082,5,POST,/api/book,1.300000,0.000000,140,140,140,140,200,210,210,210,210,210,210,6294,0,320,648.7545613099794,91.87649300019984,4284.553695999875,3381.5192246584047
1780670082,5,GET,/api/concerts,0.700000,0.000000,3,3,3,3,8,8,8,8,8,8,8,1237,0,3,18.830597354900494,2.153862999875855,545.6874760002393,753.0
1780670082,5,GET,/health,0.400000,0.000000,3,3,3,3,3,3,3,3,3,3,3,658,0,3,15.456437784193044,2.194705999954749,273.5818549999749,57.0
1780670082,5,,Aggregated,2.400000,0.000000,140,140,140,140,140,200,210,210,210,210,210,8189,0,180,502.7140058462601,2.153862999875855,4284.553695999875,2717.3341067285382
1780670083,5,POST,/api/book,1.400000,0.000000,140,140,140,140,200,210,210,210,210,210,210,6296,0,320,648.5901683033688,91.87649300019984,4284.553695999875,3381.5235069885643
1780670083,5,GET,/api/concerts,0.600000,0.000000,3,3,3,3,8,8,8,8,8,8,8,1238,0,3,18.817594588862814,2.153862999875855,545.6874760002393,753.0
1780670083,5,GET,/health,0.400000,0.000000,3,3,3,3,3,3,3,3,3,3,3,658,0,3,15.456437784193044,2.194705999954749,273.5818549999749,57.0
1780670083,5,,Aggregated,2.400000,0.000000,140,140,140,140,140,200,210,210,210,210,210,8192,0,180,502.5622824464141,2.153862999875855,4284.553695999875,2717.259765625
1780670084,5,POST,/api/book,1.300000,0.000000,140,140,140,140,140,140,140,140,140,140,140,6297,0,320,648.5071630951263,91.87649300019984,4284.553695999875,3381.527235191361
1780670084,5,GET,/api/concerts,0.600000,0.000000,3,3,3,3,8,8,8,8,8,8,8,1239,0,3,18.80467203794365,2.153862999875855,545.6874760002393,753.0
1780670084,5,GET,/health,0.400000,0.000000,3,3,3,3,3,3,3,3,3,3,3,658,0,3,15.456437784193044,2.194705999954749,273.5818549999749,57.0
1780670084,5,,Aggregated,2.300000,0.000000,120,140,140,140,140,140,140,140,140,140,140,8194,0,180,502.45532471650284,2.153862999875855,4284.553695999875,2717.103978520869
1780670085,5,POST,/api/book,1.300000,0.000000,140,140,140,140,140,150,150,150,150,150,150,6300,0,320,648.2638985333351,91.87649300019984,4284.553695999875,3381.523015873016
1780670085,5,GET,/api/concerts,0.500000,0.000000,3,3,3,3,8,8,8,8,8,8,8,1239,0,3,18.80467203794365,2.153862999875855,545.6874760002393,753.0
1780670085,5,GET,/health,0.400000,0.000000,2,2,3,3,3,3,3,3,3,3,3,658,0,3,15.456437784193044,2.194705999954749,273.5818549999749,57.0
1780670085,5,,Aggregated,2.200000,0.000000,130,140,140,140,140,140,150,150,150,150,150,8197,0,180,502.3218110866201,2.153862999875855,4284.553695999875,2717.3439063071855
1780670086,5,POST,/api/book,1.300000,0.000000,140,140,140,140,140,150,150,150,150,150,150,6301,0,320,648.1828468860515,91.87649300019984,4284.553695999875,3381.515632439295
1780670086,5,GET,/api/concerts,0.600000,0.000000,3,3,3,3,8,8,8,8,8,8,8,1239,0,3,18.80467203794365,2.153862999875855,545.6874760002393,753.0
1780670086,5,GET,/health,0.300000,0.000000,3,3,3,3,3,3,3,3,3,3,3,659,0,3,15.43709921395941,2.194705999954749,273.5818549999749,57.0
1780670086,5,,Aggregated,2.200000,0.000000,120,140,140,140,140,140,150,150,150,150,150,8199,0,180,502.21638678692824,2.153862999875855,4284.553695999875,2717.094767654592
1780670087,5,POST,/api/book,1.300000,0.000000,140,140,140,140,140,150,150,150,150,150,150,6304,0,310,647.9394139747797,91.87649300019984,4284.553695999875,3381.5191941624366
1780670087,5,GET,/api/concerts,0.700000,0.000000,3,3,3,3,3,3,3,3,3,3,3,1239,0,3,18.80467203794365,2.153862999875855,545.6874760002393,753.0
1780670087,5,GET,/health,0.300000,0.000000,3,3,3,3,3,3,3,3,3,3,3,659,0,3,15.43709921395941,2.194705999954749,273.5818549999749,57.0
1780670087,5,,Aggregated,2.300000,0.000000,130,140,140,140,140,140,150,150,150,150,150,8202,0,180,502.0826752906638,2.153862999875855,4284.553695999875,2717.3405267008047
1780670088,5,POST,/api/book,1.300000,0.000000,140,140,140,140,140,150,150,150,150,150,150,6304,0,310,647.9394139747797,91.87649300019984,4284.553695999875,3381.5191941624366
1780670088,5,GET,/api/concerts,0.700000,0.000000,3,3,3,3,3,3,3,3,3,3,3,1239,0,3,18.80467203794365,2.153862999875855,545.6874760002393,753.0
1780670088,5,GET,/health,0.300000,0.000000,2,2,3,3,3,3,3,3,3,3,3,659,0,3,15.43709921395941,2.194705999954749,273.5818549999749,57.0
1780670088,5,,Aggregated,2.300000,0.000000,130,140,140,140,140,150,150,150,150,150,150,8202,0,180,502.0826752906638,2.153862999875855,4284.553695999875,2717.3405267008047
1780670089,5,POST,/api/book,1.400000,0.000000,140,140,140,140,230,250,250,250,250,250,250,6307,0,310,647.7223983588094,91.87649300019984,4284.553695999875,3381.519898525448
1780670089,5,GET,/api/concerts,0.600000,0.000000,3,3,3,3,3,3,3,3,3,3,3,1239,0,3,18.80467203794365,2.153862999875855,545.6874760002393,753.0
1780670089,5,GET,/health,0.400000,0.000000,3,3,3,3,3,3,3,3,3,3,3,659,0,3,15.43709921395941,2.194705999954749,273.5818549999749,57.0
1780670089,5,,Aggregated,2.400000,0.000000,140,140,140,140,150,230,250,250,250,250,250,8205,0,180,501.96918994345214,2.153862999875855,4284.553695999875,2717.583912248629
1780670090,5,POST,/api/book,1.400000,0.000000,140,140,140,140,230,250,250,250,250,250,250,6309,0,310,647.5592407820591,91.87649300019984,4284.553695999875,3381.5244888254874
1780670090,5,GET,/api/concerts,0.600000,0.000000,3,3,3,3,3,3,3,3,3,3,3,1239,0,3,18.80467203794365,2.153862999875855,545.6874760002393,753.0
1780670090,5,GET,/health,0.400000,0.000000,3,3,3,3,3,3,3,3,3,3,3,659,0,3,15.43709921395941,2.194705999954749,273.5818549999749,57.0
1780670090,5,,Aggregated,2.400000,0.000000,140,140,140,140,230,250,250,250,250,250,250,8207,0,180,501.87928440733816,2.153862999875855,4284.553695999875,2717.7492384549773
1780670091,5,POST,/api/book,1.600000,0.000000,140,140,140,140,230,250,250,250,250,250,250,6311,0,310,647.3980044211711,91.87649300019984,4284.553695999875,3381.521945808905
1780670091,5,GET,/api/concerts,0.300000,0.000000,3,3,3,3,3,3,3,3,3,3,3,1239,0,3,18.80467203794365,2.153862999875855,545.6874760002393,753.0
1780670091,5,GET,/health,0.300000,0.000000,3,3,3,3,3,3,3,3,3,3,3,659,0,3,15.43709921395941,2.194705999954749,273.5818549999749,57.0
1780670091,5,,Aggregated,2.200000,0.000000,140,140,140,140,230,250,250,250,250,250,250,8209,0,180,501.79082018991653,2.153862999875855,4284.553695999875,2717.9090023145327
1780670092,5,POST,/api/book,1.800000,0.000000,140,140,140,150,230,250,250,250,250,250,250,6314,0,310,647.1580265647784,91.87649300019984,4284.553695999875,3381.512987012987
1780670092,5,GET,/api/concerts,0.300000,0.000000,3,3,3,3,3,3,3,3,3,3,3,1239,0,3,18.80467203794365,2.153862999875855,545.6874760002393,753.0
1780670092,5,GET,/health,0.200000,0.000000,3,3,3,3,3,3,3,3,3,3,3,660,0,3,15.417612760604767,2.194705999954749,273.5818549999749,57.0
1780670092,5,,Aggregated,2.300000,0.000000,140,140,140,140,170,230,250,250,250,250,250,8213,0,180,501.5987328390387,2.153862999875855,4284.553695999875,2717.820528430537
1780670093,5,POST,/api/book,1.800000,0.000000,140,140,140,150,230,250,250,250,250,250,250,6314,0,310,647.1580265647784,91.87649300019984,4284.553695999875,3381.512987012987
1780670093,5,GET,/api/concerts,0.300000,0.000000,3,3,3,3,3,3,3,3,3,3,3,1239,0,3,18.80467203794365,2.153862999875855,545.6874760002393,753.0
1780670093,5,GET,/health,0.200000,0.000000,3,3,3,3,3,3,3,3,3,3,3,660,0,3,15.417612760604767,2.194705999954749,273.5818549999749,57.0
1780670093,5,,Aggregated,2.300000,0.000000,140,140,140,140,170,230,250,250,250,250,250,8213,0,180,501.5987328390387,2.153862999875855,4284.553695999875,2717.820528430537
1780670094,5,POST,/api/book,1.900000,0.000000,140,140,170,230,310,310,310,310,310,310,310,6316,0,310,647.0523387944919,91.87649300019984,4284.553695999875,3381.516466117796
1780670094,5,GET,/api/concerts,0.200000,0.000000,3,3,3,3,3,3,3,3,3,3,3,1239,0,3,18.80467203794365,2.153862999875855,545.6874760002393,753.0
1780670094,5,GET,/health,0.200000,0.000000,3,3,3,3,3,3,3,3,3,3,3,662,0,3,15.378870900300512,2.194705999954749,273.5818549999749,57.0
1780670094,5,,Aggregated,2.300000,0.000000,140,140,140,170,250,310,310,310,310,310,310,8217,0,180,501.4314680561062,2.153862999875855,4284.553695999875,2717.3371059997567
1780670095,5,POST,/api/book,1.900000,0.000000,140,140,230,230,310,310,310,310,310,310,310,6316,0,310,647.0523387944919,91.87649300019984,4284.553695999875,3381.516466117796
1780670095,5,GET,/api/concerts,0.200000,0.000000,3,3,3,3,3,3,3,3,3,3,3,1240,0,3,18.791476073397096,2.153862999875855,545.6874760002393,753.0
1780670095,5,GET,/health,0.200000,0.000000,3,3,3,3,3,3,3,3,3,3,3,662,0,3,15.378870900300512,2.194705999954749,273.5818549999749,57.0
1780670095,5,,Aggregated,2.300000,0.000000,140,140,140,170,250,310,310,310,310,310,310,8218,0,180,501.37074892833107,2.153862999875855,4284.553695999875,2717.098077391093
1780670096,5,POST,/api/book,1.800000,0.000000,140,140,170,230,310,310,310,310,310,310,310,6320,0,310,646.729338474527,91.87649300019984,4284.553695999875,3381.5132911392407
1780670096,5,GET,/api/concerts,0.100000,0.000000,3,3,3,3,3,3,3,3,3,3,3,1240,0,3,18.791476073397096,2.153862999875855,545.6874760002393,753.0
1780670096,5,GET,/health,0.400000,0.000000,3,3,3,3,3,3,3,3,3,3,3,662,0,3,15.378870900300512,2.194705999954749,273.5818549999749,57.0
1780670096,5,,Aggregated,2.300000,0.000000,140,140,140,170,250,310,310,310,310,310,310,8222,0,180,501.1933424989084,2.153862999875855,4284.553695999875,2717.4188761858427
1780670097,5,POST,/api/book,1.700000,0.000000,140,140,170,230,310,310,310,310,310,310,310,6323,0,310,646.4877337966172,91.87649300019984,4284.553695999875,3381.5166851178237
1780670097,5,GET,/api/concerts,0.100000,0.000000,3,3,3,3,3,3,3,3,3,3,3,1240,0,3,18.791476073397096,2.153862999875855,545.6874760002393,753.0
1780670097,5,GET,/health,0.400000,0.000000,3,3,3,3,3,3,3,3,3,3,3,662,0,3,15.378870900300512,2.194705999954749,273.5818549999749,57.0
1780670097,5,,Aggregated,2.200000,0.000000,140,140,140,170,250,310,310,310,310,310,310,8225,0,180,501.06069102286017,2.153862999875855,4284.553695999875,2717.663708206687
1780670098,5,POST,/api/book,1.900000,0.000000,140,140,140,170,310,310,310,310,310,310,310,6326,0,310,646.2424359102137,91.87649300019984,4284.553695999875,3381.5189693329116
1780670098,5,GET,/api/concerts,0.100000,0.000000,3,3,3,3,3,3,3,3,3,3,3,1240,0,3,18.791476073397096,2.153862999875855,545.6874760002393,753.0
1780670098,5,GET,/health,0.400000,0.000000,3,3,3,3,3,3,3,3,3,3,3,662,0,3,15.378870900300512,2.194705999954749,273.5818549999749,57.0
1780670098,5,,Aggregated,2.400000,0.000000,140,140,140,140,250,310,310,310,310,310,310,8228,0,180,500.9251206167994,2.153862999875855,4284.553695999875,2717.9075109382597
1780670099,5,POST,/api/book,1.900000,0.000000,140,140,140,140,310,310,310,310,310,310,310,6327,0,310,646.1621252306009,91.87649300019984,4284.553695999875,3381.5214161529952
1780670099,5,GET,/api/concerts,0.100000,0.000000,2,2,2,2,2,2,2,2,2,2,2,1240,0,3,18.791476073397096,2.153862999875855,545.6874760002393,753.0
1780670099,5,GET,/health,0.300000,0.000000,3,3,3,3,3,3,3,3,3,3,3,662,0,3,15.378870900300512,2.194705999954749,273.5818549999749,57.0
1780670099,5,,Aggregated,2.300000,0.000000,140,140,140,140,170,310,310,310,310,310,310,8229,0,180,500.88103162000556,2.153862999875855,4284.553695999875,2717.99003524122
1780670100,5,POST,/api/book,1.900000,0.000000,140,140,140,170,310,310,310,310,310,310,310,6330,0,310,645.927449734441,91.87649300019984,4284.553695999875,3381.521642969984
1780670100,5,GET,/api/concerts,0.100000,0.000000,2,2,2,2,2,2,2,2,2,2,2,1240,0,3,18.791476073397096,2.153862999875855,545.6874760002393,753.0
1780670100,5,GET,/health,0.300000,0.000000,3,3,3,3,3,3,3,3,3,3,3,662,0,3,15.378870900300512,2.194705999954749,273.5818549999749,57.0
1780670100,5,,Aggregated,2.300000,0.000000,140,140,140,140,170,310,310,310,310,310,310,8232,0,180,500.7535227995657,2.153862999875855,4284.553695999875,2718.232021379981
1780670101,5,POST,/api/book,2.000000,0.000000,140,140,170,290,310,500,500,500,500,500,500,6333,0,310,645.7700175266084,91.87649300019984,4284.553695999875,3381.5333964945526
1780670101,5,GET,/api/concerts,0.100000,0.000000,2,2,2,2,2,2,2,2,2,2,2,1240,0,3,18.791476073397096,2.153862999875855,545.6874760002393,753.0
1780670101,5,GET,/health,0.300000,0.000000,3,3,3,3,3,3,3,3,3,3,3,662,0,3,15.378870900300512,2.194705999954749,273.5818549999749,57.0
1780670101,5,,Aggregated,2.400000,0.000000,140,140,150,170,310,310,500,500,500,500,500,8235,0,180,500.685338659748,2.153862999875855,4284.553695999875,2718.4826958105646
1780670102,5,POST,/api/book,2.000000,0.000000,140,140,170,290,310,500,500,500,500,500,500,6333,0,310,645.7700175266084,91.87649300019984,4284.553695999875,3381.5333964945526
1780670102,5,GET,/api/concerts,0.100000,0.000000,2,2,2,2,2,2,2,2,2,2,2,1240,0,3,18.791476073397096,2.153862999875855,545.6874760002393,753.0
1780670102,5,GET,/health,0.300000,0.000000,3,3,3,3,3,3,3,3,3,3,3,662,0,3,15.378870900300512,2.194705999954749,273.5818549999749,57.0
1780670102,5,,Aggregated,2.400000,0.000000,140,140,150,170,310,310,500,500,500,500,500,8235,0,180,500.685338659748,2.153862999875855,4284.553695999875,2718.4826958105646
1780670103,5,POST,/api/book,2.000000,0.000000,140,140,150,170,310,310,500,500,500,500,500,6335,0,310,645.6122223357554,91.87649300019984,4284.553695999875,3381.5352801894237
1780670103,5,GET,/api/concerts,0.100000,0.000000,5,5,5,5,5,5,5,5,5,5,5,1241,0,3,18.780530135384744,2.153862999875855,545.6874760002393,753.0
1780670103,5,GET,/health,0.300000,0.000000,3,3,3,3,3,3,3,3,3,3,3,662,0,3,15.378870900300512,2.194705999954749,273.5818549999749,57.0
1780670103,5,,Aggregated,2.400000,0.000000,140,140,150,170,310,310,500,500,500,500,500,8238,0,180,500.5390724606731,2.153862999875855,4284.553695999875,2718.406530711338
1780670104,5,POST,/api/book,2.000000,0.000000,140,140,150,150,290,500,500,500,500,500,500,6336,0,310,645.5265132544209,91.87649300019984,4284.553695999875,3381.545296717172
1780670104,5,GET,/api/concerts,0.100000,0.000000,3,3,5,5,5,5,5,5,5,5,5,1242,0,3,18.76807630113741,2.153862999875855,545.6874760002393,753.0
1780670104,5,GET,/health,0.200000,0.000000,3,3,3,3,3,3,3,3,3,3,3,662,0,3,15.378870900300512,2.194705999954749,273.5818549999749,57.0
1780670104,5,,Aggregated,2.300000,0.000000,140,140,140,150,170,290,500,500,500,500,500,8240,0,180,500.4304309808283,2.153862999875855,4284.553695999875,2718.2561893203883
1780670105,5,POST,/api/book,2.000000,0.000000,140,140,150,150,290,500,500,500,500,500,500,6337,0,310,645.4469422687408,91.87649300019984,4284.553695999875,3381.549629162064
1780670105,5,GET,/api/concerts,0.100000,0.000000,3,3,5,5,5,5,5,5,5,5,5,1243,0,3,18.75516452454732,2.153862999875855,545.6874760002393,753.0
1780670105,5,GET,/health,0.200000,0.000000,3,3,3,3,3,3,3,3,3,3,3,662,0,3,15.378870900300512,2.194705999954749,273.5818549999749,57.0
1780670105,5,,Aggregated,2.300000,0.000000,140,140,140,150,170,290,500,500,500,500,500,8242,0,180,500.3264687208232,2.153862999875855,4284.553695999875,2718.101553021111
1780670106,5,POST,/api/book,2.200000,0.000000,140,140,150,170,290,500,500,500,500,500,500,6341,0,310,645.1314392638401,91.87649300019984,4284.553695999875,3381.5320927298535
1780670106,5,GET,/api/concerts,0.200000,0.000000,3,3,5,5,5,5,5,5,5,5,5,1243,0,3,18.75516452454732,2.153862999875855,545.6874760002393,753.0
1780670106,5,GET,/health,0.000000,0.000000,3,3,3,3,3,3,3,3,3,3,3,662,0,3,15.378870900300512,2.194705999954749,273.5818549999749,57.0
1780670106,5,,Aggregated,2.400000,0.000000,140,140,150,150,170,290,500,500,500,500,500,8246,0,180,500.1542491404347,2.153862999875855,4284.553695999875,2718.4098957070096
1780670107,5,POST,/api/book,2.000000,0.000000,140,140,150,170,290,500,500,500,500,500,500,6343,0,310,644.9726197220573,91.87649300019984,4284.553695999875,3381.5212044773766
1780670107,5,GET,/api/concerts,0.300000,0.000000,3,3,5,5,5,5,5,5,5,5,5,1243,0,3,18.75516452454732,2.153862999875855,545.6874760002393,753.0
1780670107,5,GET,/health,0.000000,0.000000,3,3,3,3,3,3,3,3,3,3,3,662,0,3,15.378870900300512,2.194705999954749,273.5818549999749,57.0
1780670107,5,,Aggregated,2.300000,0.000000,140,140,150,150,170,290,500,500,500,500,500,8248,0,180,500.0672658750029,2.153862999875855,4284.553695999875,2718.5623181377305
1780670108,5,POST,/api/book,2.000000,0.000000,140,150,170,190,290,500,500,500,500,500,500,6346,0,310,644.753315031675,91.87649300019984,4284.553695999875,3381.5200126063664
1780670108,5,GET,/api/concerts,0.300000,0.000000,3,3,5,5,5,5,5,5,5,5,5,1243,0,3,18.75516452454732,2.153862999875855,545.6874760002393,753.0
1780670108,5,GET,/health,0.000000,0.000000,3,3,3,3,3,3,3,3,3,3,3,662,0,3,15.378870900300512,2.194705999954749,273.5818549999749,57.0
1780670108,5,,Aggregated,2.300000,0.000000,140,150,170,170,220,290,500,500,500,500,500,8251,0,180,499.9512809636436,2.153862999875855,4284.553695999875,2718.8024481880984
1780670109,5,POST,/api/book,2.000000,0.000000,140,150,170,190,290,500,500,500,500,500,500,6347,0,310,644.6739843325996,91.87649300019984,4284.553695999875,3381.517567354656
1780670109,5,GET,/api/concerts,0.300000,0.000000,3,3,5,5,5,5,5,5,5,5,5,1243,0,3,18.75516452454732,2.153862999875855,545.6874760002393,753.0
1780670109,5,GET,/health,0.000000,0.000000,3,3,3,3,3,3,3,3,3,3,3,663,0,3,15.359724055804767,2.194705999954749,273.5818549999749,57.0
1780670109,5,,Aggregated,2.300000,0.000000,140,150,170,170,220,290,500,500,500,500,500,8253,0,180,499.84756392972537,2.153862999875855,4284.553695999875,2718.558342420938
1780670110,5,POST,/api/book,2.100000,0.000000,140,150,170,190,290,500,500,500,500,500,500,6350,0,310,644.4358073604739,91.87649300019984,4284.553695999875,3381.513543307087
1780670110,5,GET,/api/concerts,0.300000,0.000000,3,3,5,5,5,5,5,5,5,5,5,1243,0,3,18.75516452454732,2.153862999875855,545.6874760002393,753.0
1780670110,5,GET,/health,0.000000,0.000000,3,3,3,3,3,3,3,3,3,3,3,663,0,3,15.359724055804767,2.194705999954749,273.5818549999749,57.0
1780670110,5,,Aggregated,2.400000,0.000000,140,140,150,170,220,290,500,500,500,500,500,8256,0,180,499.7169989452548,2.153862999875855,4284.553695999875,2718.796148255814
1780670111,5,POST,/api/book,2.000000,0.000000,140,140,140,150,190,220,220,220,220,220,220,6351,0,310,644.3559808378222,91.87649300019984,4284.553695999875,3381.51598173516
1780670111,5,GET,/api/concerts,0.300000,0.000000,3,3,5,5,5,5,5,5,5,5,5,1243,0,3,18.75516452454732,2.153862999875855,545.6874760002393,753.0
1780670111,5,GET,/health,0.000000,0.000000,3,3,3,3,3,3,3,3,3,3,3,663,0,3,15.359724055804767,2.194705999954749,273.5818549999749,57.0
1780670111,5,,Aggregated,2.300000,0.000000,140,140,140,140,170,190,220,220,220,220,220,8257,0,180,499.6731259360571,2.153862999875855,4284.553695999875,2718.8782850914376
1780670112,5,POST,/api/book,2.000000,0.000000,140,140,140,150,190,220,220,220,220,220,220,6354,0,310,644.114678400694,91.87649300019984,4284.553695999875,3381.5195152659744
1780670112,5,GET,/api/concerts,0.300000,0.000000,3,3,5,5,5,5,5,5,5,5,5,1243,0,3,18.75516452454732,2.153862999875855,545.6874760002393,753.0
1780670112,5,GET,/health,0.100000,0.000000,3,3,3,3,3,3,3,3,3,3,3,664,0,3,15.34018182680514,2.194705999954749,273.5818549999749,57.0
1780670112,5,,Aggregated,2.400000,0.000000,140,140,140,140,170,190,220,220,220,220,220,8261,0,180,499.47987129827175,2.153862999875855,4284.553695999875,2718.799418956543
1780670113,5,POST,/api/book,2.000000,0.000000,140,140,140,140,170,190,220,220,220,220,220,6356,0,310,643.9556586593784,91.87649300019984,4284.553695999875,3381.5141598489618
1780670113,5,GET,/api/concerts,0.300000,0.000000,3,3,3,3,3,3,3,3,3,3,3,1243,0,3,18.75516452454732,2.153862999875855,545.6874760002393,753.0
1780670113,5,GET,/health,0.100000,0.000000,3,3,3,3,3,3,3,3,3,3,3,665,0,3,15.321096524810418,2.194705999954749,273.5818549999749,57.0
1780670113,5,,Aggregated,2.400000,0.000000,140,140,140,140,170,190,220,220,220,220,220,8264,0,180,499.3324497981635,2.153862999875855,4284.553695999875,2718.633591481123
1780670114,5,POST,/api/book,1.900000,0.000000,140,140,140,140,170,190,220,220,220,220,220,6358,0,310,643.7937871808759,91.87649300019984,4284.553695999875,3381.5077068260457
1780670114,5,GET,/api/concerts,0.300000,0.000000,3,3,3,3,3,3,3,3,3,3,3,1243,0,3,18.75516452454732,2.153862999875855,545.6874760002393,753.0
1780670114,5,GET,/health,0.100000,0.000000,3,3,3,3,3,3,3,3,3,3,3,665,0,3,15.321096524810418,2.194705999954749,273.5818549999749,57.0
1780670114,5,,Aggregated,2.300000,0.000000,140,140,140,140,170,190,220,220,220,220,220,8266,0,180,499.2429346224321,2.153862999875855,4284.553695999875,2718.7890152431646
1780670115,5,POST,/api/book,2.100000,0.000000,140,140,140,140,220,220,290,290,290,290,290,6361,0,310,643.5926832288964,91.87649300019984,4284.553695999875,3381.52193051407
1780670115,5,GET,/api/concerts,0.300000,0.000000,3,3,3,3,3,3,3,3,3,3,3,1244,0,3,18.742187638273716,2.153862999875855,545.6874760002393,753.0
1780670115,5,GET,/health,0.200000,0.000000,3,3,3,3,3,3,3,3,3,3,3,665,0,3,15.321096524810418,2.194705999954749,273.5818549999749,57.0
1780670115,5,,Aggregated,2.600000,0.000000,140,140,140,140,220,220,290,290,290,290,290,8270,0,180,499.0806370773911,2.153862999875855,4284.553695999875,2718.802660217654
1780670116,5,POST,/api/book,2.100000,0.000000,140,140,140,140,220,220,290,290,290,290,290,6363,0,310,643.4347717620635,91.87649300019984,4284.553695999875,3381.5313531353136
1780670116,5,GET,/api/concerts,0.200000,0.000000,3,3,3,3,3,3,3,3,3,3,3,1244,0,3,18.742187638273716,2.153862999875855,545.6874760002393,753.0
1780670116,5,GET,/health,0.300000,0.000000,3,3,3,3,3,3,3,3,3,3,3,665,0,3,15.321096524810418,2.194705999954749,273.5818549999749,57.0
1780670116,5,,Aggregated,2.600000,0.000000,140,140,140,140,220,220,290,290,290,290,290,8272,0,180,498.99410823658417,2.153862999875855,4284.553695999875,2718.9701402321084
1780670117,5,POST,/api/book,2.200000,0.000000,140,140,140,140,220,220,290,290,290,290,290,6365,0,310,643.2766288641022,91.87649300019984,4284.553695999875,3381.5351139041636
1780670117,5,GET,/api/concerts,0.100000,0.000000,3,3,3,3,3,3,3,3,3,3,3,1244,0,3,18.742187638273716,2.153862999875855,545.6874760002393,753.0
1780670117,5,GET,/health,0.300000,0.000000,3,3,3,3,3,3,3,3,3,3,3,665,0,3,15.321096524810418,2.194705999954749,273.5818549999749,57.0
1780670117,5,,Aggregated,2.600000,0.000000,140,140,140,140,220,220,290,290,290,290,290,8274,0,180,498.90736685170714,2.153862999875855,4284.553695999875,2719.133188300701
1780670118,5,POST,/api/book,2.200000,0.000000,140,140,140,140,220,290,290,290,290,290,290,6366,0,310,643.1970340257635,91.87649300019984,4284.553695999875,3381.5340873389882
1780670118,5,GET,/api/concerts,0.100000,0.000000,3,3,3,3,3,3,3,3,3,3,3,1245,0,3,18.729220333343218,2.153862999875855,545.6874760002393,753.0
1780670118,5,GET,/health,0.300000,0.000000,3,3,3,3,3,3,3,3,3,3,3,665,0,3,15.321096524810418,2.194705999954749,273.5818549999749,57.0
1780670118,5,,Aggregated,2.600000,0.000000,140,140,140,140,140,220,290,290,290,290,290,8276,0,180,498.8036161324341,2.153862999875855,4284.553695999875,2718.974867085549
1780670119,5,POST,/api/book,2.200000,0.000000,140,140,140,140,220,290,290,290,290,290,290,6367,0,310,643.1179361975829,91.87649300019984,4284.553695999875,3381.529762839642
1780670119,5,GET,/api/concerts,0.100000,0.000000,3,3,3,3,3,3,3,3,3,3,3,1245,0,3,18.729220333343218,2.153862999875855,545.6874760002393,753.0
1780670119,5,GET,/health,0.300000,0.000000,3,3,3,3,3,3,3,3,3,3,3,665,0,3,15.321096524810418,2.194705999954749,273.5818549999749,57.0
1780670119,5,,Aggregated,2.600000,0.000000,140,140,140,140,140,220,290,290,290,290,290,8277,0,180,498.76021605340395,2.153862999875855,4284.553695999875,2719.0515887398815
1780670120,5,POST,/api/book,2.200000,0.000000,140,140,140,220,290,300,300,300,300,300,300,6370,0,310,642.9197475434868,91.87649300019984,4284.553695999875,3381.532967032967
1780670120,5,GET,/api/concerts,0.200000,0.000000,3,3,3,3,3,3,3,3,3,3,3,1246,0,3,18.716553776895573,2.153862999875855,545.6874760002393,753.0
1780670120,5,GET,/health,0.300000,0.000000,3,3,3,3,3,3,3,3,3,3,3,665,0,3,15.321096524810418,2.194705999954749,273.5818549999749,57.0
1780670120,5,,Aggregated,2.700000,0.000000,140,140,140,140,230,290,300,300,300,300,300,8281,0,180,498.6001868188654,2.153862999875855,4284.553695999875,2719.05663567202
1780670121,5,POST,/api/book,2.000000,0.000000,140,140,150,220,290,300,300,300,300,300,300,6372,0,310,642.7636716104851,91.87649300019984,4284.553695999875,3381.524011299435
1780670121,5,GET,/api/concerts,0.200000,0.000000,3,3,3,3,3,3,3,3,3,3,3,1247,0,3,18.703496817972916,2.153862999875855,545.6874760002393,753.0
1780670121,5,GET,/health,0.300000,0.000000,3,3,3,3,3,3,3,3,3,3,3,665,0,3,15.321096524810418,2.194705999954749,273.5818549999749,57.0
1780670121,5,,Aggregated,2.500000,0.000000,140,140,140,140,230,290,300,300,300,300,300,8284,0,180,498.4550827164442,2.153862999875855,4284.553695999875,2718.9723563495895
1780670122,5,POST,/api/book,2.100000,0.000000,140,140,150,220,290,300,300,300,300,300,300,6372,0,310,642.7636716104851,91.87649300019984,4284.553695999875,3381.524011299435
1780670122,5,GET,/api/concerts,0.300000,0.000000,3,3,3,3,3,3,3,3,3,3,3,1248,0,3,18.690718687510028,2.153862999875855,545.6874760002393,753.0
1780670122,5,GET,/health,0.200000,0.000000,3,3,3,3,3,3,3,3,3,3,3,665,0,3,15.321096524810418,2.194705999954749,273.5818549999749,57.0
1780670122,5,,Aggregated,2.600000,0.000000,140,140,140,150,230,290,300,300,300,300,300,8285,0,180,498.39525185431796,2.153862999875855,4284.553695999875,2718.735063367532
1780670123,5,POST,/api/book,2.000000,0.000000,140,140,150,220,290,300,300,300,300,300,300,6375,0,310,642.5190237938839,91.87649300019984,4284.553695999875,3381.5218823529412
1780670123,5,GET,/api/concerts,0.300000,0.000000,3,3,3,3,3,3,3,3,3,3,3,1248,0,3,18.690718687510028,2.153862999875855,545.6874760002393,753.0
1780670123,5,GET,/health,0.200000,0.000000,3,3,3,3,3,3,3,3,3,3,3,665,0,3,15.321096524810418,2.194705999954749,273.5818549999749,57.0
1780670123,5,,Aggregated,2.500000,0.000000,140,140,140,150,230,290,300,300,300,300,300,8288,0,180,498.25932948805786,2.153862999875855,4284.553695999875,2718.973334942085
1780670124,5,POST,/api/book,2.000000,0.000000,140,140,150,220,290,300,300,300,300,300,300,6376,0,310,642.440475506432,91.87649300019984,4284.553695999875,3381.52634880803
1780670124,5,GET,/api/concerts,0.300000,0.000000,3,3,3,3,3,3,3,3,3,3,3,1248,0,3,18.690718687510028,2.153862999875855,545.6874760002393,753.0
1780670124,5,GET,/health,0.200000,0.000000,3,3,3,3,3,3,3,3,3,3,3,665,0,3,15.321096524810418,2.194705999954749,273.5818549999749,57.0
1780670124,5,,Aggregated,2.500000,0.000000,140,140,140,150,230,290,300,300,300,300,300,8289,0,180,498.2163129376311,2.153862999875855,4284.553695999875,2719.056701652793
1780670125,5,POST,/api/book,1.800000,0.000000,140,140,150,150,230,300,300,300,300,300,300,6379,0,310,642.2064687916617,91.87649300019984,4284.553695999875,3381.5224956889797
1780670125,5,GET,/api/concerts,0.500000,0.000000,3,3,3,3,3,3,3,3,3,3,3,1248,0,3,18.690718687510028,2.153862999875855,545.6874760002393,753.0
1780670125,5,GET,/health,0.100000,0.000000,3,3,3,3,3,3,3,3,3,3,3,665,0,3,15.321096524810418,2.194705999954749,273.5818549999749,57.0
1780670125,5,,Aggregated,2.400000,0.000000,140,140,140,150,150,230,300,300,300,300,300,8292,0,180,498.08847208550696,2.153862999875855,4284.553695999875,2719.293415340087
1780670126,5,POST,/api/book,1.900000,0.000000,140,140,150,150,230,300,300,300,300,300,300,6380,0,310,642.1276917014122,91.87649300019984,4284.553695999875,3381.52131661442
1780670126,5,GET,/api/concerts,0.500000,0.000000,3,3,3,3,3,3,3,3,3,3,3,1250,0,3,18.665010764809995,2.153862999875855,545.6874760002393,753.0
1780670126,5,GET,/health,0.000000,0.000000,3,3,3,3,3,3,3,3,3,3,3,665,0,3,15.321096524810418,2.194705999954749,273.5818549999749,57.0
1780670126,5,,Aggregated,2.400000,0.000000,140,140,140,150,150,230,300,300,300,300,300,8295,0,180,497.92579453888163,2.153862999875855,4284.553695999875,2718.8982519590113
1780670127,5,POST,/api/book,1.900000,0.000000,140,140,150,150,230,300,300,300,300,300,300,6383,0,310,641.8841620585947,91.87649300019984,4284.553695999875,3381.525301582328
1780670127,5,GET,/api/concerts,0.400000,0.000000,3,3,3,3,3,3,3,3,3,3,3,1251,0,3,18.65209739489394,2.153862999875855,545.6874760002393,753.0
1780670127,5,GET,/health,0.000000,0.000000,3,3,3,3,3,3,3,3,3,3,3,665,0,3,15.321096524810418,2.194705999954749,273.5818549999749,57.0
1780670127,5,,Aggregated,2.300000,0.000000,140,140,140,140,150,230,300,300,300,300,300,8299,0,180,497.7309205265722,2.153862999875855,4284.553695999875,2718.903964333052
1780670128,5,POST,/api/book,1.700000,0.000000,140,140,150,150,230,300,300,300,300,300,300,6383,0,310,641.8841620585947,91.87649300019984,4284.553695999875,3381.525301582328
1780670128,5,GET,/api/concerts,0.500000,0.000000,3,3,3,3,3,3,3,3,3,3,3,1251,0,3,18.65209739489394,2.153862999875855,545.6874760002393,753.0
1780670128,5,GET,/health,0.000000,0.000000,3,3,3,3,3,3,3,3,3,3,3,666,0,3,15.302113540538695,2.194705999954749,273.5818549999749,57.0
1780670128,5,,Aggregated,2.200000,0.000000,140,140,140,150,150,230,300,300,300,300,300,8300,0,170,497.671275648075,2.153862999875855,4284.553695999875,2718.5832530120483
1780670129,5,POST,/api/book,1.700000,0.000000,140,140,150,150,150,200,200,200,200,200,200,6385,0,310,641.7303836186389,91.87649300019984,4284.553695999875,3381.526859827721
1780670129,5,GET,/api/concerts,0.700000,0.000000,3,3,3,3,3,3,3,3,3,3,3,1251,0,3,18.65209739489394,2.153862999875855,545.6874760002393,753.0
1780670129,5,GET,/health,0.000000,0.000000,3,3,3,3,3,3,3,3,3,3,3,667,0,3,15.282807458768968,2.194705999954749,273.5818549999749,57.0
1780670129,5,,Aggregated,2.400000,0.000000,140,140,140,140,150,150,200,200,200,200,200,8303,0,170,497.52811102264513,2.153862999875855,4284.553695999875,2718.4235818378897
1780670130,5,POST,/api/book,1.700000,0.000000,140,140,150,150,280,290,290,290,290,290,290,6388,0,310,641.5399255920491,91.87649300019984,4284.553695999875,3381.5358484658736
1780670130,5,GET,/api/concerts,0.600000,0.000000,3,3,3,3,3,3,3,3,3,3,3,1251,0,3,18.65209739489394,2.153862999875855,545.6874760002393,753.0
1780670130,5,GET,/health,0.000000,0.000000,3,3,3,3,3,3,3,3,3,3,3,667,0,3,15.282807458768968,2.194705999954749,273.5818549999749,57.0
1780670130,5,,Aggregated,2.300000,0.000000,140,140,140,150,200,280,290,290,290,290,290,8306,0,170,497.4337167226129,2.153862999875855,4284.553695999875,2718.669997592102
1780670131,5,POST,/api/book,1.700000,0.000000,140,140,150,150,280,290,290,290,290,290,290,6389,0,310,641.4617118287698,91.87649300019984,4284.553695999875,3381.5410862419785
1780670131,5,GET,/api/concerts,0.600000,0.000000,3,3,3,3,3,3,3,3,3,3,3,1252,0,3,18.63942476039322,2.153862999875855,545.6874760002393,753.0
1780670131,5,GET,/health,0.200000,0.000000,3,3,3,3,3,3,3,3,3,3,3,667,0,3,15.282807458768968,2.194705999954749,273.5818549999749,57.0
1780670131,5,,Aggregated,2.500000,0.000000,140,140,140,150,200,280,290,290,290,290,290,8308,0,170,497.33137569198635,2.153862999875855,4284.553695999875,2718.5172123254692
1780670132,5,POST,/api/book,1.800000,0.000000,140,150,160,160,280,290,290,290,290,290,290,6391,0,310,641.3115732905665,91.87649300019984,4284.553695999875,3381.535440463151
1780670132,5,GET,/api/concerts,0.500000,0.000000,3,3,3,3,3,3,3,3,3,3,3,1252,0,3,18.63942476039322,2.153862999875855,545.6874760002393,753.0
1780670132,5,GET,/health,0.200000,0.000000,3,3,3,3,3,3,3,3,3,3,3,667,0,3,15.282807458768968,2.194705999954749,273.5818549999749,57.0
1780670132,5,,Aggregated,2.500000,0.000000,140,140,150,160,200,280,290,290,290,290,290,8310,0,170,497.25059654332404,2.153862999875855,4284.553695999875,2718.672442839952
1780670133,5,POST,/api/book,1.800000,0.000000,140,150,160,160,280,290,290,290,290,290,290,6393,0,310,641.1545546188034,91.87649300019984,4284.553695999875,3381.5315188487407
1780670133,5,GET,/api/concerts,0.500000,0.000000,3,3,3,3,3,3,3,3,3,3,3,1252,0,3,18.63942476039322,2.153862999875855,545.6874760002393,753.0
1780670133,5,GET,/health,0.200000,0.000000,3,3,3,3,3,3,3,3,3,3,3,668,0,3,15.263776709579208,2.194705999954749,273.5818549999749,57.0
1780670133,5,,Aggregated,2.500000,0.000000,140,140,150,160,200,280,290,290,290,290,290,8313,0,170,497.10499582822365,2.153862999875855,4284.553695999875,2718.508721279923
1780670134,5,POST,/api/book,1.700000,0.000000,140,150,160,190,280,290,290,290,290,290,290,6396,0,310,640.9255442174813,91.87649300019984,4284.553695999875,3381.52626641651
1780670134,5,GET,/api/concerts,0.500000,0.000000,3,3,3,3,3,3,3,3,3,3,3,1252,0,3,18.63942476039322,2.153862999875855,545.6874760002393,753.0
1780670134,5,GET,/health,0.200000,0.000000,3,3,3,3,3,3,3,3,3,3,3,668,0,3,15.263776709579208,2.194705999954749,273.5818549999749,57.0
1780670134,5,,Aggregated,2.400000,0.000000,140,140,150,160,200,280,290,290,290,290,290,8316,0,170,496.98082533153234,2.153862999875855,4284.553695999875,2718.743867243867
1780670135,5,POST,/api/book,1.900000,0.000000,140,140,160,190,280,290,290,290,290,290,290,6398,0,310,640.7688127744624,91.87649300019984,4284.553695999875,3381.5243826195688
1780670135,5,GET,/api/concerts,0.400000,0.000000,3,3,3,3,3,3,3,3,3,3,3,1252,0,3,18.63942476039322,2.153862999875855,545.6874760002393,753.0
1780670135,5,GET,/health,0.300000,0.000000,3,3,3,3,3,3,3,3,3,3,3,668,0,3,15.263776709579208,2.194705999954749,273.5818549999749,57.0
1780670135,5,,Aggregated,2.600000,0.000000,140,140,140,160,200,280,290,290,290,290,290,8318,0,170,496.89488179526603,2.153862999875855,4284.553695999875,2718.901779273864
1780670136,5,POST,/api/book,1.900000,0.000000,140,140,160,190,280,290,290,290,290,290,290,6399,0,310,640.6908002802015,91.87649300019984,4284.553695999875,3381.517424597593
1780670136,5,GET,/api/concerts,0.400000,0.000000,3,3,3,3,3,3,3,3,3,3,3,1252,0,3,18.63942476039322,2.153862999875855,545.6874760002393,753.0
1780670136,5,GET,/health,0.300000,0.000000,3,3,3,3,3,3,3,3,3,3,3,668,0,3,15.263776709579208,2.194705999954749,273.5818549999749,57.0
1780670136,5,,Aggregated,2.600000,0.000000,140,140,160,160,200,280,290,290,290,290,290,8319,0,170,496.8521689668257,2.153862999875855,4284.553695999875,2718.976078855632
1780670137,5,POST,/api/book,1.900000,0.000000,140,140,160,180,200,280,290,290,290,290,290,6403,0,310,640.379335204437,91.87649300019984,4284.553695999875,3381.5139778228954
1780670137,5,GET,/api/concerts,0.400000,0.000000,3,3,3,3,3,3,3,3,3,3,3,1252,0,3,18.63942476039322,2.153862999875855,545.6874760002393,753.0
1780670137,5,GET,/health,0.300000,0.000000,3,3,3,3,3,3,3,3,3,3,3,668,0,3,15.263776709579208,2.194705999954749,273.5818549999749,57.0
1780670137,5,,Aggregated,2.600000,0.000000,140,140,160,180,200,280,290,290,290,290,290,8323,0,170,496.68168280139645,2.153862999875855,4284.553695999875,2719.2918418839363
1780670138,5,POST,/api/book,2.000000,0.000000,140,140,160,180,200,280,290,290,290,290,290,6404,0,310,640.3012314344176,91.87649300019984,4284.553695999875,3381.510930668332
1780670138,5,GET,/api/concerts,0.300000,0.000000,3,3,3,3,3,3,3,3,3,3,3,1252,0,3,18.63942476039322,2.153862999875855,545.6874760002393,753.0
1780670138,5,GET,/health,0.300000,0.000000,3,3,3,3,3,3,3,3,3,3,3,668,0,3,15.263776709579208,2.194705999954749,273.5818549999749,57.0
1780670138,5,,Aggregated,2.600000,0.000000,140,140,160,180,200,280,290,290,290,290,290,8324,0,170,496.6388573700172,2.153862999875855,4284.553695999875,2719.3690533397407
1780670139,5,POST,/api/book,1.900000,0.000000,140,140,140,160,180,190,190,190,190,190,190,6406,0,310,640.1403035719654,91.87649300019984,4284.553695999875,3381.5103028410863
1780670139,5,GET,/api/concerts,0.100000,0.000000,3,3,3,3,3,3,3,3,3,3,3,1254,0,3,18.614333878000135,2.153862999875855,545.6874760002393,753.0
1780670139,5,GET,/health,0.300000,0.000000,3,3,3,3,3,3,3,3,3,3,3,668,0,3,15.263776709579208,2.194705999954749,273.5818549999749,57.0
1780670139,5,,Aggregated,2.300000,0.000000,140,140,140,140,160,180,190,190,190,190,190,8328,0,170,496.43099930439763,2.153862999875855,4284.553695999875,2719.0553554274734
1780670140,5,POST,/api/book,2.000000,0.000000,140,140,140,160,180,190,190,190,190,190,190,6407,0,310,640.0617377953816,91.87649300019984,4284.553695999875,3381.51225222413
1780670140,5,GET,/api/concerts,0.100000,0.000000,3,3,3,3,3,3,3,3,3,3,3,1254,0,3,18.614333878000135,2.153862999875855,545.6874760002393,753.0
1780670140,5,GET,/health,0.300000,0.000000,3,3,3,3,3,3,3,3,3,3,3,668,0,3,15.263776709579208,2.194705999954749,273.5818549999749,57.0
1780670140,5,,Aggregated,2.400000,0.000000,140,140,140,140,160,180,190,190,190,190,190,8329,0,170,496.38781745467924,2.153862999875855,4284.553695999875,2719.13639092328
1780670141,5,POST,/api/book,2.200000,0.000000,140,140,140,160,180,190,190,190,190,190,190,6409,0,310,639.9063370975208,91.87649300019984,4284.553695999875,3381.5150569511625
1780670141,5,GET,/api/concerts,0.100000,0.000000,3,3,3,3,3,3,3,3,3,3,3,1254,0,3,18.614333878000135,2.153862999875855,545.6874760002393,753.0
1780670141,5,GET,/health,0.100000,0.000000,3,3,3,3,3,3,3,3,3,3,3,669,0,3,15.245080357247746,2.194705999954749,273.5818549999749,57.0
1780670141,5,,Aggregated,2.400000,0.000000,140,140,140,140,160,180,190,190,190,190,190,8332,0,170,496.2435247119567,2.153862999875855,4284.553695999875,2718.978036485838
1780670142,5,POST,/api/book,1.900000,0.000000,140,140,140,140,180,190,190,190,190,190,190,6411,0,310,639.7477313740463,91.87649300019984,4284.553695999875,3381.513960380596
1780670142,5,GET,/api/concerts,0.300000,0.000000,3,3,3,3,3,3,3,3,3,3,3,1254,0,3,18.614333878000135,2.153862999875855,545.6874760002393,753.0
1780670142,5,GET,/health,0.100000,0.000000,3,3,3,3,3,3,3,3,3,3,3,669,0,3,15.245080357247746,2.194705999954749,273.5818549999749,57.0
1780670142,5,,Aggregated,2.300000,0.000000,140,140,140,140,140,180,190,190,190,190,190,8334,0,170,496.15599223434407,2.153862999875855,4284.553695999875,2719.1361891048714
1780670143,5,POST,/api/book,1.900000,0.000000,140,140,140,140,180,190,190,190,190,190,190,6412,0,310,639.67032641828,91.87649300019984,4284.553695999875,3381.5166874610104
1780670143,5,GET,/api/concerts,0.300000,0.000000,3,3,3,3,3,3,3,3,3,3,3,1255,0,3,18.601557486065676,2.153862999875855,545.6874760002393,753.0
1780670143,5,GET,/health,0.200000,0.000000,3,3,3,3,3,3,3,3,3,3,3,669,0,3,15.245080357247746,2.194705999954749,273.5818549999749,57.0
1780670143,5,,Aggregated,2.400000,0.000000,140,140,140,140,140,180,190,190,190,190,190,8336,0,170,496.05446813795874,2.153862999875855,4284.553695999875,2718.981885796545
1780670144,5,POST,/api/book,2.000000,0.000000,140,140,140,140,140,180,180,180,180,180,180,6415,0,310,639.4322875243977,91.87649300019984,4284.553695999875,3381.5223694466094
1780670144,5,GET,/api/concerts,0.200000,0.000000,3,3,3,3,3,3,3,3,3,3,3,1255,0,3,18.601557486065676,2.153862999875855,545.6874760002393,753.0
1780670144,5,GET,/health,0.200000,0.000000,3,3,3,3,3,3,3,3,3,3,3,669,0,3,15.245080357247746,2.194705999954749,273.5818549999749,57.0
1780670144,5,,Aggregated,2.400000,0.000000,140,140,140,140,140,140,180,180,180,180,180,8339,0,170,495.9230168932755,2.153862999875855,4284.553695999875,2719.224607267058
1780670145,5,POST,/api/book,1.900000,0.000000,140,140,140,140,140,140,180,180,180,180,180,6417,0,310,639.2762278310755,91.87649300019984,4284.553695999875,3381.522050802556
1780670145,5,GET,/api/concerts,0.300000,0.000000,3,3,3,3,3,3,3,3,3,3,3,1255,0,3,18.601557486065676,2.153862999875855,545.6874760002393,753.0
1780670145,5,GET,/health,0.100000,0.000000,3,3,3,3,3,3,3,3,3,3,3,669,0,3,15.245080357247746,2.194705999954749,273.5818549999749,57.0
1780670145,5,,Aggregated,2.300000,0.000000,140,140,140,140,140,140,180,180,180,180,180,8341,0,170,495.8373657110688,2.153862999875855,4284.553695999875,2719.383167485913
1780670146,5,POST,/api/book,1.900000,0.000000,140,140,140,140,140,180,180,180,180,180,180,6418,0,310,639.198222295265,91.87649300019984,4284.553695999875,3381.524462449361
1780670146,5,GET,/api/concerts,0.300000,0.000000,3,3,3,3,3,3,3,3,3,3,3,1255,0,3,18.601557486065676,2.153862999875855,545.6874760002393,753.0
1780670146,5,GET,/health,0.100000,0.000000,3,3,3,3,3,3,3,3,3,3,3,670,0,3,15.226153522385786,2.194705999954749,273.5818549999749,57.0
1780670146,5,,Aggregated,2.300000,0.000000,140,140,140,140,140,140,180,180,180,180,180,8343,0,170,495.73542708810066,2.153862999875855,4284.553695999875,2719.1452714850775
1780670147,5,POST,/api/book,1.900000,0.000000,140,140,140,140,140,140,140,140,140,140,140,6419,0,310,639.1129406080404,91.77507200001855,4284.553695999875,3381.5147219193022
1780670147,5,GET,/api/concerts,0.300000,0.000000,3,3,3,3,3,3,3,3,3,3,3,1255,0,3,18.601557486065676,2.153862999875855,545.6874760002393,753.0
1780670147,5,GET,/health,0.100000,0.000000,3,3,3,3,3,3,3,3,3,3,3,670,0,3,15.226153522385786,2.194705999954749,273.5818549999749,57.0
1780670147,5,,Aggregated,2.300000,0.000000,140,140,140,140,140,140,140,140,140,140,140,8344,0,170,495.68701381448034,2.153862999875855,4284.553695999875,2719.2171620325985
1780670148,5,POST,/api/book,1.800000,0.000000,140,140,140,140,140,140,140,140,140,140,140,6422,0,310,638.8759398106525,91.77507200001855,4284.553695999875,3381.5154157583306
1780670148,5,GET,/api/concerts,0.300000,0.000000,3,3,3,3,3,3,3,3,3,3,3,1255,0,3,18.601557486065676,2.153862999875855,545.6874760002393,753.0
1780670148,5,GET,/health,0.200000,0.000000,3,3,3,3,3,3,3,3,3,3,3,670,0,3,15.226153522385786,2.194705999954749,273.5818549999749,57.0
1780670148,5,,Aggregated,2.300000,0.000000,140,140,140,140,140,140,140,140,140,140,140,8347,0,170,495.5562193565381,2.153862999875855,4284.553695999875,2719.4557325985384
1780670149,5,POST,/api/book,2.000000,0.000000,140,140,140,140,140,140,140,140,140,140,140,6423,0,310,638.7986163225924,91.77507200001855,4284.553695999875,3381.5172037988477
1780670149,5,GET,/api/concerts,0.300000,0.000000,3,3,3,3,3,3,3,3,3,3,3,1255,0,3,18.601557486065676,2.153862999875855,545.6874760002393,753.0
1780670149,5,GET,/health,0.200000,0.000000,3,3,3,3,3,3,3,3,3,3,3,672,0,3,15.189899994045472,2.194705999954749,273.5818549999749,57.0
1780670149,5,,Aggregated,2.500000,0.000000,140,140,140,140,140,140,140,140,140,140,140,8350,0,170,495.39593773425435,2.153862999875855,4284.553695999875,2718.8986826347304
1780670150,5,POST,/api/book,1.700000,0.000000,140,140,140,140,140,140,140,140,140,140,140,6424,0,310,638.7212747802009,91.77507200001855,4284.553695999875,3381.52101494396
1780670150,5,GET,/api/concerts,0.300000,0.000000,3,3,3,3,3,3,3,3,3,3,3,1255,0,3,18.601557486065676,2.153862999875855,545.6874760002393,753.0
1780670150,5,GET,/health,0.200000,0.000000,3,3,3,3,3,3,3,3,3,3,3,672,0,3,15.189899994045472,2.194705999954749,273.5818549999749,57.0
1780670150,5,,Aggregated,2.200000,0.000000,140,140,140,140,140,140,140,140,140,140,140,8351,0,170,495.3536147322505,2.153862999875855,4284.553695999875,2718.9809603640283
1780670151,5,POST,/api/book,1.700000,0.000000,140,140,140,140,140,140,140,140,140,140,140,6426,0,310,638.5669302488346,91.77507200001855,4284.553695999875,3381.521319638967
1780670151,5,GET,/api/concerts,0.300000,0.000000,3,3,3,3,3,3,3,3,3,3,3,1256,0,3,18.5886290923668,2.153862999875855,545.6874760002393,753.0
1780670151,5,GET,/health,0.200000,0.000000,3,3,3,3,3,3,3,3,3,3,3,672,0,3,15.189899994045472,2.194705999954749,273.5818549999749,57.0
1780670151,5,,Aggregated,2.200000,0.000000,140,140,140,140,140,140,140,140,140,140,140,8354,0,170,495.21020166567206,2.153862999875855,4284.553695999875,2718.904476897295
1780670152,5,POST,/api/book,1.700000,0.000000,140,140,140,140,140,140,140,140,140,140,140,6428,0,310,638.4112688231193,91.77507200001855,4284.553695999875,3381.5266023646545
1780670152,5,GET,/api/concerts,0.100000,0.000000,3,3,3,3,3,3,3,3,3,3,3,1257,0,3,18.576072158323672,2.153862999875855,545.6874760002393,753.0
1780670152,5,GET,/health,0.400000,0.000000,3,3,3,3,3,3,3,3,3,3,3,672,0,3,15.189899994045472,2.194705999954749,273.5818549999749,57.0
1780670152,5,,Aggregated,2.200000,0.000000,140,140,140,140,140,140,140,140,140,140,140,8357,0,170,495.0658575438584,2.153862999875855,4284.553695999875,2718.831877467991
1780670153,5,POST,/api/book,1.900000,0.000000,140,140,140,140,140,150,150,150,150,150,150,6431,0,310,638.1756577554053,91.77507200001855,4284.553695999875,3381.538951951485
1780670153,5,GET,/api/concerts,0.200000,0.000000,3,3,3,3,3,3,3,3,3,3,3,1258,0,3,18.5635951971488,2.153862999875855,545.6874760002393,753.0
1780670153,5,GET,/health,0.300000,0.000000,3,3,3,3,3,3,3,3,3,3,3,672,0,3,15.189899994045472,2.194705999954749,273.5818549999749,57.0
1780670153,5,,Aggregated,2.400000,0.000000,140,140,140,140,140,140,150,150,150,150,150,8361,0,170,494.8772001649355,2.153862999875855,4284.553695999875,2718.844037794522
1780670154,5,POST,/api/book,1.800000,0.000000,140,140,140,140,140,150,150,150,150,150,150,6433,0,310,638.0211064778504,91.77507200001855,4284.553695999875,3381.5373853567544
1780670154,5,GET,/api/concerts,0.200000,0.000000,3,3,3,3,3,3,3,3,3,3,3,1259,0,3,18.550960679915196,2.153862999875855,545.6874760002393,753.0
1780670154,5,GET,/health,0.300000,0.000000,3,3,3,3,3,3,3,3,3,3,3,672,0,3,15.189899994045472,2.194705999954749,273.5818549999749,57.0
1780670154,5,,Aggregated,2.300000,0.000000,140,140,140,140,140,140,150,150,150,150,150,8364,0,170,494.73374584696626,2.153862999875855,4284.553695999875,2718.7662601626016
1780670155,5,POST,/api/book,1.800000,0.000000,140,140,140,140,140,150,150,150,150,150,150,6433,0,310,638.0211064778504,91.77507200001855,4284.553695999875,3381.5373853567544
1780670155,5,GET,/api/concerts,0.200000,0.000000,3,3,3,3,3,3,3,3,3,3,3,1259,0,3,18.550960679915196,2.153862999875855,545.6874760002393,753.0
1780670155,5,GET,/health,0.300000,0.000000,3,3,3,3,3,3,3,3,3,3,3,673,0,3,15.171139705793149,2.194705999954749,273.5818549999749,57.0
1780670155,5,,Aggregated,2.300000,0.000000,140,140,140,140,140,140,150,150,150,150,150,8365,0,170,494.67490908428283,2.153862999875855,4284.553695999875,2718.4480573819487
1780670156,5,POST,/api/book,1.900000,0.000000,140,140,140,140,140,150,150,150,150,150,150,6436,0,310,637.7888725508097,91.77507200001855,4284.553695999875,3381.544126786824
1780670156,5,GET,/api/concerts,0.300000,0.000000,3,3,3,4,4,4,4,4,4,4,4,1260,0,3,18.539088334931343,2.153862999875855,545.6874760002393,753.0
1780670156,5,GET,/health,0.300000,0.000000,3,3,3,3,3,3,3,3,3,3,3,673,0,3,15.171139705793149,2.194705999954749,273.5818549999749,57.0
1780670156,5,,Aggregated,2.500000,0.000000,140,140,140,140,140,140,150,150,150,150,150,8369,0,170,494.48902043984054,2.153862999875855,4284.553695999875,2718.4560879436012
1780670157,5,POST,/api/book,1.800000,0.000000,140,140,140,140,140,150,150,150,150,150,150,6437,0,310,637.7120610383736,91.77507200001855,4284.553695999875,3381.544819015069
1780670157,5,GET,/api/concerts,0.400000,0.000000,3,3,3,4,4,4,4,4,4,4,4,1260,0,3,18.539088334931343,2.153862999875855,545.6874760002393,753.0
1780670157,5,GET,/health,0.300000,0.000000,3,3,3,3,3,3,3,3,3,3,3,673,0,3,15.171139705793149,2.194705999954749,273.5818549999749,57.0
1780670157,5,,Aggregated,2.500000,0.000000,140,140,140,140,140,140,150,150,150,150,150,8370,0,170,494.4470687249732,2.153862999875855,4284.553695999875,2718.5358422939066
1780670158,5,POST,/api/book,1.600000,0.000000,140,140,140,140,150,150,150,150,150,150,150,6440,0,310,637.4815645767098,91.77507200001855,4284.553695999875,3381.5467391304346
1780670158,5,GET,/api/concerts,0.400000,0.000000,3,3,3,4,4,4,4,4,4,4,4,1260,0,3,18.539088334931343,2.153862999875855,545.6874760002393,753.0
1780670158,5,GET,/health,0.300000,0.000000,3,3,3,3,3,3,3,3,3,3,3,673,0,3,15.171139705793149,2.194705999954749,273.5818549999749,57.0
1780670158,5,,Aggregated,2.300000,0.000000,140,140,140,140,140,150,150,150,150,150,150,8373,0,170,494.32111599164284,2.153862999875855,4284.553695999875,2718.774871611131
1780670159,5,POST,/api/book,1.700000,0.000000,140,140,140,140,150,150,150,150,150,150,150,6441,0,310,637.4045898506461,91.77507200001855,4284.553695999875,3381.5508461419035
1780670159,5,GET,/api/concerts,0.500000,0.000000,3,3,3,4,4,4,4,4,4,4,4,1260,0,3,18.539088334931343,2.153862999875855,545.6874760002393,753.0
1780670159,5,GET,/health,0.300000,0.000000,3,3,3,3,3,3,3,3,3,3,3,674,0,3,15.152296626110802,2.194705999954749,273.5818549999749,57.0
1780670159,5,,Aggregated,2.500000,0.000000,140,140,140,140,140,150,150,150,150,150,150,8375,0,170,494.2202820843016,2.153862999875855,4284.553695999875,2718.539343283582
1780670160,5,POST,/api/book,1.700000,0.000000,140,140,140,140,150,180,180,180,180,180,180,6442,0,310,637.3330236380024,91.77507200001855,4284.553695999875,3381.5521577149952
1780670160,5,GET,/api/concerts,0.500000,0.000000,3,3,3,4,4,4,4,4,4,4,4,1260,0,3,18.539088334931343,2.153862999875855,545.6874760002393,753.0
1780670160,5,GET,/health,0.300000,0.000000,3,3,3,3,3,3,3,3,3,3,3,675,0,3,15.133555576294047,2.194705999954749,273.5818549999749,57.0
1780670160,5,,Aggregated,2.500000,0.000000,140,140,140,140,150,150,180,180,180,180,180,8377,0,170,494.12364087286915,2.153862999875855,4284.553695999875,2718.301778679718
1780670161,5,POST,/api/book,1.700000,0.000000,140,140,140,150,180,330,330,330,330,330,330,6444,0,310,637.2059433085057,91.77507200001855,4284.553695999875,3381.5557107386717
1780670161,5,GET,/api/concerts,0.500000,0.000000,3,3,4,4,4,4,4,4,4,4,4,1260,0,3,18.539088334931343,2.153862999875855,545.6874760002393,753.0
1780670161,5,GET,/health,0.300000,0.000000,3,3,3,3,3,3,3,3,3,3,3,676,0,3,15.11587613609238,2.194705999954749,273.5818549999749,57.0
1780670161,5,,Aggregated,2.500000,0.000000,140,140,140,140,150,180,330,330,330,330,330,8380,0,170,494.00151339499104,2.153862999875855,4284.553695999875,2718.1452267303102
1780670162,5,POST,/api/book,1.800000,0.000000,140,150,150,180,510,850,850,850,850,850,850,6446,0,310,637.2193571767004,91.77507200001855,4284.553695999875,3381.5499534595097
1780670162,5,GET,/api/concerts,0.500000,0.000000,3,3,4,4,4,4,4,4,4,4,4,1260,0,3,18.539088334931343,2.153862999875855,545.6874760002393,753.0
1780670162,5,GET,/health,0.300000,0.000000,3,3,3,3,3,3,3,3,3,3,3,676,0,3,15.11587613609238,2.194705999954749,273.5818549999749,57.0
1780670162,5,,Aggregated,2.600000,0.000000,140,140,150,150,330,510,850,850,850,850,850,8382,0,170,494.0459985601318,2.153862999875855,4284.553695999875,2718.299093295156
1780670163,5,POST,/api/book,1.600000,0.000000,140,140,180,180,510,850,850,850,850,850,850,6447,0,310,637.142431364047,91.77507200001855,4284.553695999875,3381.5478517139754
1780670163,5,GET,/api/concerts,0.400000,0.000000,3,3,4,4,4,4,4,4,4,4,4,1261,0,3,18.526879425070398,2.153862999875855,545.6874760002393,753.0
1780670163,5,GET,/health,0.300000,0.000000,3,3,3,3,3,3,3,3,3,3,3,676,0,3,15.11587613609238,2.194705999954749,273.5818549999749,57.0
1780670163,5,,Aggregated,2.300000,0.000000,140,140,140,150,330,510,850,850,850,850,850,8384,0,170,493.9453700175364,2.153862999875855,4284.553695999875,2718.142175572519
1780670164,5,POST,/api/book,1.800000,0.000000,140,140,150,180,510,850,850,850,850,850,850,6449,0,310,636.9879928164073,91.77507200001855,4284.553695999875,3381.5479919367344
1780670164,5,GET,/api/concerts,0.400000,0.000000,3,3,4,4,4,4,4,4,4,4,4,1261,0,3,18.526879425070398,2.153862999875855,545.6874760002393,753.0
1780670164,5,GET,/health,0.400000,0.000000,3,3,3,3,3,3,3,3,3,3,3,676,0,3,15.11587613609238,2.194705999954749,273.5818549999749,57.0
1780670164,5,,Aggregated,2.600000,0.000000,140,140,140,150,330,510,850,850,850,850,850,8386,0,170,493.8607551748181,2.153862999875855,4284.553695999875,2718.3005008347245
1780670165,5,POST,/api/book,1.700000,0.000000,140,140,150,180,510,850,850,850,850,850,850,6451,0,310,636.8335884559,91.77507200001855,4284.553695999875,3381.5451867927454
1780670165,5,GET,/api/concerts,0.300000,0.000000,4,4,4,4,4,4,4,4,4,4,4,1261,0,3,18.526879425070398,2.153862999875855,545.6874760002393,753.0
1780670165,5,GET,/health,0.400000,0.000000,3,3,3,3,3,3,3,3,3,3,3,676,0,3,15.11587613609238,2.194705999954749,273.5818549999749,57.0
1780670165,5,,Aggregated,2.400000,0.000000,140,140,140,150,330,510,850,850,850,850,850,8388,0,170,493.7761333276139,2.153862999875855,4284.553695999875,2718.4564854554123
1780670166,5,POST,/api/book,1.600000,0.000000,140,140,180,180,510,850,850,850,850,850,850,6452,0,300,636.7567772352776,91.77507200001855,4284.553695999875,3381.548357098574
1780670166,5,GET,/api/concerts,0.300000,0.000000,4,4,4,4,4,4,4,4,4,4,4,1261,0,3,18.526879425070398,2.153862999875855,545.6874760002393,753.0
1780670166,5,GET,/health,0.400000,0.000000,3,3,3,3,3,3,3,3,3,3,3,676,0,3,15.11587613609238,2.194705999954749,273.5818549999749,57.0
1780670166,5,,Aggregated,2.300000,0.000000,140,140,150,180,510,850,850,850,850,850,850,8389,0,170,493.7341106144982,2.153862999875855,4284.553695999875,2718.537966384551
1780670167,5,POST,/api/book,1.600000,0.000000,140,140,180,200,510,850,850,850,850,850,850,6455,0,300,636.5351579871434,91.77507200001855,4284.553695999875,3381.542835011619
1780670167,5,GET,/api/concerts,0.200000,0.000000,4,4,4,4,4,4,4,4,4,4,4,1261,0,3,18.526879425070398,2.153862999875855,545.6874760002393,753.0
1780670167,5,GET,/health,0.400000,0.000000,3,3,3,3,3,3,3,3,3,3,3,676,0,3,15.11587613609238,2.194705999954749,273.5818549999749,57.0
1780670167,5,,Aggregated,2.200000,0.000000,140,140,150,180,330,510,850,850,850,850,850,8392,0,170,493.61477264418795,2.153862999875855,4284.553695999875,2718.770734032412
1780670168,5,POST,/api/book,1.800000,0.000000,140,140,200,200,510,850,850,850,850,850,850,6456,0,300,636.4584658514577,91.77507200001855,4284.553695999875,3381.544919454771
1780670168,5,GET,/api/concerts,0.200000,0.000000,4,4,4,4,4,4,4,4,4,4,4,1261,0,3,18.526879425070398,2.153862999875855,545.6874760002393,753.0
1780670168,5,GET,/health,0.300000,0.000000,3,3,3,3,3,3,3,3,3,3,3,676,0,3,15.11587613609238,2.194705999954749,273.5818549999749,57.0
1780670168,5,,Aggregated,2.300000,0.000000,140,140,180,200,510,850,850,850,850,850,850,8393,0,170,493.57280862147326,2.153862999875855,4284.553695999875,2718.851304658644
1780670169,5,POST,/api/book,1.700000,0.000000,140,140,200,200,510,850,850,850,850,850,850,6457,0,300,636.3813742347855,91.77507200001855,4284.553695999875,3381.547467864333
1780670169,5,GET,/api/concerts,0.100000,0.000000,3,3,3,3,3,3,3,3,3,3,3,1262,0,3,18.51429800793484,2.153862999875855,545.6874760002393,753.0
1780670169,5,GET,/health,0.300000,0.000000,3,3,3,3,3,3,3,3,3,3,3,677,0,3,15.097529875920655,2.194705999954749,273.5818549999749,57.0
1780670169,5,,Aggregated,2.100000,0.000000,140,140,180,200,510,850,850,850,850,850,850,8396,0,170,493.41360233992674,2.153862999875855,4284.553695999875,2718.381014768938
1780670170,5,POST,/api/book,1.800000,0.000000,140,140,140,200,510,850,850,850,850,850,850,6459,0,300,636.2276694392338,91.77507200001855,4284.553695999875,3381.546988697941
1780670170,5,GET,/api/concerts,0.100000,0.000000,3,3,3,3,3,3,3,3,3,3,3,1264,0,3,18.489425109979187,2.153862999875855,545.6874760002393,753.0
1780670170,5,GET,/health,0.300000,0.000000,3,3,3,3,3,3,3,3,3,3,3,677,0,3,15.097529875920655,2.194705999954749,273.5818549999749,57.0
1780670170,5,,Aggregated,2.200000,0.000000,140,140,140,140,330,510,850,850,850,850,850,8400,0,170,493.2126402348839,2.153862999875855,4284.553695999875,2718.0705952380954
1780670171,5,POST,/api/book,1.800000,0.000000,140,140,140,140,200,850,850,850,850,850,850,6459,0,300,636.2276694392338,91.77507200001855,4284.553695999875,3381.546988697941
1780670171,5,GET,/api/concerts,0.100000,0.000000,3,3,3,3,3,3,3,3,3,3,3,1264,0,3,18.489425109979187,2.153862999875855,545.6874760002393,753.0
1780670171,5,GET,/health,0.300000,0.000000,3,3,3,3,3,3,3,3,3,3,3,677,0,3,15.097529875920655,2.194705999954749,273.5818549999749,57.0
1780670171,5,,Aggregated,2.200000,0.000000,140,140,140,140,200,850,850,850,850,850,850,8400,0,170,493.2126402348839,2.153862999875855,4284.553695999875,2718.0705952380954
1780670172,5,POST,/api/book,1.600000,0.000000,140,140,140,140,140,200,200,200,200,200,200,6462,0,300,635.9967146169934,91.77507200001855,4284.553695999875,3381.5425564840607
1780670172,5,GET,/api/concerts,0.200000,0.000000,3,3,3,3,3,3,3,3,3,3,3,1265,0,3,18.476791509101712,2.153862999875855,545.6874760002393,753.0
1780670172,5,GET,/health,0.200000,0.000000,3,3,3,3,3,3,3,3,3,3,3,677,0,3,15.097529875920655,2.194705999954749,273.5818549999749,57.0
1780670172,5,,Aggregated,2.000000,0.000000,140,140,140,140,140,140,200,200,200,200,200,8404,0,170,493.0277176154242,2.153862999875855,4284.553695999875,2718.0702046644456
1780670173,5,POST,/api/book,1.700000,0.000000,140,140,140,140,140,200,200,200,200,200,200,6464,0,300,635.8428126248469,91.77507200001855,4284.553695999875,3381.532951732673
1780670173,5,GET,/api/concerts,0.400000,0.000000,3,3,3,3,3,3,3,3,3,3,3,1265,0,3,18.476791509101712,2.153862999875855,545.6874760002393,753.0
1780670173,5,GET,/health,0.200000,0.000000,3,3,3,3,3,3,3,3,3,3,3,677,0,3,15.097529875920655,2.194705999954749,273.5818549999749,57.0
1780670173,5,,Aggregated,2.300000,0.000000,140,140,140,140,140,140,200,200,200,200,200,8406,0,170,492.9433868417827,2.153862999875855,4284.553695999875,2718.220675707828
1780670174,5,POST,/api/book,1.700000,0.000000,140,140,140,140,140,200,200,200,200,200,200,6464,0,300,635.8428126248469,91.77507200001855,4284.553695999875,3381.532951732673
1780670174,5,GET,/api/concerts,0.400000,0.000000,3,3,3,3,3,3,3,3,3,3,3,1265,0,3,18.476791509101712,2.153862999875855,545.6874760002393,753.0
1780670174,5,GET,/health,0.200000,0.000000,3,3,3,3,3,3,3,3,3,3,3,677,0,3,15.097529875920655,2.194705999954749,273.5818549999749,57.0
1780670174,5,,Aggregated,2.300000,0.000000,140,140,140,140,140,200,200,200,200,200,200,8406,0,170,492.9433868417827,2.153862999875855,4284.553695999875,2718.220675707828
1780670175,5,POST,/api/book,1.600000,0.000000,140,140,140,140,140,200,200,200,200,200,200,6467,0,300,635.6061151349948,91.77507200001855,4284.553695999875,3381.5282201948353
1780670175,5,GET,/api/concerts,0.500000,0.000000,3,3,3,3,3,3,3,3,3,3,3,1265,0,3,18.476791509101712,2.153862999875855,545.6874760002393,753.0
1780670175,5,GET,/health,0.100000,0.000000,3,3,3,3,3,3,3,3,3,3,3,678,0,3,15.08001362241635,2.194705999954749,273.5818549999749,57.0
1780670175,5,,Aggregated,2.200000,0.000000,140,140,140,140,140,140,200,200,200,200,200,8410,0,170,492.7541185580291,2.153862999875855,4284.553695999875,2718.1372175980973
1780670176,5,POST,/api/book,1.700000,0.000000,140,140,140,140,150,200,200,200,200,200,200,6469,0,300,635.4535118398533,91.77507200001855,4284.553695999875,3381.528829803679
1780670176,5,GET,/api/concerts,0.400000,0.000000,3,3,3,3,3,3,3,3,3,3,3,1265,0,3,18.476791509101712,2.153862999875855,545.6874760002393,753.0
1780670176,5,GET,/health,0.100000,0.000000,3,3,3,3,3,3,3,3,3,3,3,679,0,3,15.0616869499236,2.194705999954749,273.5818549999749,57.0
1780670176,5,,Aggregated,2.200000,0.000000,140,140,140,140,140,150,200,200,200,200,200,8413,0,170,492.612480065378,2.153862999875855,4284.553695999875,2717.9790799952452
1780670177,5,POST,/api/book,1.500000,0.000000,140,140,140,140,150,150,150,150,150,150,150,6471,0,300,635.3024602792476,91.77507200001855,4284.553695999875,3381.5254211095657
1780670177,5,GET,/api/concerts,0.400000,0.000000,3,3,3,3,3,3,3,3,3,3,3,1265,0,3,18.476791509101712,2.153862999875855,545.6874760002393,753.0
1780670177,5,GET,/health,0.100000,0.000000,3,3,3,3,3,3,3,3,3,3,3,679,0,3,15.0616869499236,2.194705999954749,273.5818549999749,57.0
1780670177,5,,Aggregated,2.000000,0.000000,140,140,140,140,140,150,150,150,150,150,150,8415,0,170,492.5302729845545,2.153862999875855,4284.553695999875,2718.134165181224
1780670178,5,POST,/api/book,1.600000,0.000000,140,140,140,140,150,150,150,150,150,150,150,6472,0,300,635.2255807971279,91.77507200001855,4284.553695999875,3381.527194066749
1780670178,5,GET,/api/concerts,0.400000,0.000000,3,3,3,3,3,3,3,3,3,3,3,1266,0,3,18.464323480263502,2.153862999875855,545.6874760002393,753.0
1780670178,5,GET,/health,0.200000,0.000000,3,3,3,3,3,3,3,3,3,3,3,679,0,3,15.0616869499236,2.194705999954749,273.5818549999749,57.0
1780670178,5,,Aggregated,2.200000,0.000000,140,140,140,140,140,150,150,150,150,150,150,8417,0,170,492.4299249000862,2.153862999875855,4284.553695999875,2717.9808720446713
1780670179,5,POST,/api/book,1.700000,0.000000,140,140,140,140,150,150,150,150,150,150,150,6474,0,300,635.0721113554235,91.77507200001855,4284.553695999875,3381.5210071053443
1780670179,5,GET,/api/concerts,0.400000,0.000000,3,3,3,3,3,3,3,3,3,3,3,1267,0,3,18.451846435685333,2.153862999875855,545.6874760002393,753.0
1780670179,5,GET,/health,0.300000,0.000000,3,3,3,3,3,3,3,3,3,3,3,680,0,3,15.043783463233119,2.194705999954749,273.5818549999749,57.0
1780670179,5,,Aggregated,2.400000,0.000000,140,140,140,140,140,150,150,150,150,150,150,8421,0,170,492.229558378343,2.153862999875855,4284.553695999875,2717.5843724023275
1780670180,5,POST,/api/book,1.700000,0.000000,140,140,140,140,150,150,150,150,150,150,150,6475,0,300,634.9938736432451,91.77507200001855,4284.553695999875,3381.5184555984556
1780670180,5,GET,/api/concerts,0.400000,0.000000,3,3,3,3,3,3,3,3,3,3,3,1267,0,3,18.451846435685333,2.153862999875855,545.6874760002393,753.0
1780670180,5,GET,/health,0.300000,0.000000,3,3,3,3,3,3,3,3,3,3,3,680,0,3,15.043783463233119,2.194705999954749,273.5818549999749,57.0
1780670180,5,,Aggregated,2.400000,0.000000,140,140,140,140,140,150,150,150,150,150,150,8422,0,170,492.18636832451034,2.153862999875855,4284.553695999875,2717.6612443600093
1780670181,5,POST,/api/book,1.600000,0.000000,140,140,140,140,150,150,150,150,150,150,150,6476,0,300,634.9176570475621,91.77507200001855,4284.553695999875,3381.5151327980234
1780670181,5,GET,/api/concerts,0.400000,0.000000,3,3,3,3,3,3,3,3,3,3,3,1267,0,3,18.451846435685333,2.153862999875855,545.6874760002393,753.0
1780670181,5,GET,/health,0.300000,0.000000,3,3,3,3,3,3,3,3,3,3,3,681,0,3,15.025468331863276,2.194705999954749,273.5818549999749,57.0
1780670181,5,,Aggregated,2.300000,0.000000,140,140,140,140,140,150,150,150,150,150,150,8424,0,170,492.0866073608768,2.153862999875855,4284.553695999875,2717.421652421652
1780670182,5,POST,/api/book,1.700000,0.000000,140,140,140,140,150,150,150,150,150,150,150,6478,0,300,634.7627976199464,91.77507200001855,4284.553695999875,3381.5140475455387
1780670182,5,GET,/api/concerts,0.500000,0.000000,3,3,3,3,3,3,3,3,3,3,3,1267,0,3,18.451846435685333,2.153862999875855,545.6874760002393,753.0
1780670182,5,GET,/health,0.300000,0.000000,3,3,3,3,3,3,3,3,3,3,3,681,0,3,15.025468331863276,2.194705999954749,273.5818549999749,57.0
1780670182,5,,Aggregated,2.500000,0.000000,140,140,140,140,140,150,150,150,150,150,150,8426,0,170,492.00145221339034,2.153862999875855,4284.553695999875,2717.578447661999
1780670183,5,POST,/api/book,1.600000,0.000000,140,140,140,140,150,150,150,150,150,150,150,6480,0,300,634.6096775580266,91.77507200001855,4284.553695999875,3381.508179012346
1780670183,5,GET,/api/concerts,0.300000,0.000000,3,3,3,3,3,3,3,3,3,3,3,1268,0,3,18.439683258685356,2.153862999875855,545.6874760002393,753.0
1780670183,5,GET,/health,0.300000,0.000000,3,3,3,3,3,3,3,3,3,3,3,681,0,3,15.025468331863276,2.194705999954749,273.5818549999749,57.0
1780670183,5,,Aggregated,2.200000,0.000000,140,140,140,140,140,150,150,150,150,150,150,8429,0,170,491.8596005317388,2.153862999875855,4284.553695999875,2717.4983983865227
1780670184,5,POST,/api/book,1.700000,0.000000,140,140,140,140,150,150,150,150,150,150,150,6481,0,300,634.5329872802056,91.77507200001855,4284.553695999875,3381.508563493288
1780670184,5,GET,/api/concerts,0.300000,0.000000,3,3,3,3,3,3,3,3,3,3,3,1268,0,3,18.439683258685356,2.153862999875855,545.6874760002393,753.0
1780670184,5,GET,/health,0.400000,0.000000,3,3,3,3,3,3,3,3,3,3,3,681,0,3,15.025468331863276,2.194705999954749,273.5818549999749,57.0
1780670184,5,,Aggregated,2.400000,0.000000,140,140,140,140,140,150,150,150,150,150,150,8430,0,170,491.8175744803115,2.153862999875855,4284.553695999875,2717.5774614472125
1780670185,5,POST,/api/book,1.700000,0.000000,140,140,140,140,150,150,150,150,150,150,150,6484,0,300,634.3019894335306,91.77507200001855,4284.553695999875,3381.5157310302284
1780670185,5,GET,/api/concerts,0.200000,0.000000,3,3,3,3,3,3,3,3,3,3,3,1269,0,3,18.42723036644052,2.153862999875855,545.6874760002393,753.0
1780670185,5,GET,/health,0.400000,0.000000,3,3,3,3,3,3,3,3,3,3,3,681,0,3,15.025468331863276,2.194705999954749,273.5818549999749,57.0
1780670185,5,,Aggregated,2.300000,0.000000,140,140,140,140,140,150,150,150,150,150,150,8434,0,170,491.6327482518409,2.153862999875855,4284.553695999875,2717.586198719469
1780670186,5,POST,/api/book,1.600000,0.000000,140,140,140,140,140,150,150,150,150,150,150,6485,0,300,634.2258439586757,91.77507200001855,4284.553695999875,3381.5182729375483
1780670186,5,GET,/api/concerts,0.300000,0.000000,3,3,3,3,3,3,3,3,3,3,3,1269,0,3,18.42723036644052,2.153862999875855,545.6874760002393,753.0
1780670186,5,GET,/health,0.400000,0.000000,3,3,3,3,3,3,3,3,3,3,3,681,0,3,15.025468331863276,2.194705999954749,273.5818549999749,57.0
1780670186,5,,Aggregated,2.300000,0.000000,140,140,140,140,140,140,150,150,150,150,150,8435,0,170,491.5911200167191,2.153862999875855,4284.553695999875,2717.6668642560758
1780670187,5,POST,/api/book,1.800000,0.000000,140,140,140,140,150,200,200,200,200,200,200,6487,0,300,634.0835854151397,91.77507200001855,4284.553695999875,3381.511176198551
1780670187,5,GET,/api/concerts,0.400000,0.000000,3,3,3,3,3,3,3,3,3,3,3,1270,0,3,18.414940396860402,2.153862999875855,545.6874760002393,753.0
1780670187,5,GET,/health,0.400000,0.000000,3,3,3,3,3,3,3,3,3,3,3,681,0,3,15.025468331863276,2.194705999954749,273.5818549999749,57.0
1780670187,5,,Aggregated,2.600000,0.000000,140,140,140,140,140,140,200,200,200,200,200,8438,0,170,491.45763650462493,2.153862999875855,4284.553695999875,2717.585920834321
1780670188,5,POST,/api/book,1.700000,0.000000,140,140,140,140,140,200,200,200,200,200,200,6488,0,300,634.0076332788243,91.77507200001855,4284.553695999875,3381.509710234279
1780670188,5,GET,/api/concerts,0.400000,0.000000,3,3,3,3,3,3,3,3,3,3,3,1270,0,3,18.414940396860402,2.153862999875855,545.6874760002393,753.0
1780670188,5,GET,/health,0.300000,0.000000,3,3,3,3,3,3,3,3,3,3,3,681,0,3,15.025468331863276,2.194705999954749,273.5818549999749,57.0
1780670188,5,,Aggregated,2.400000,0.000000,140,140,140,140,140,140,200,200,200,200,200,8439,0,170,491.41614444259096,2.153862999875855,4284.553695999875,2717.6634672354544
1780670189,5,POST,/api/book,1.500000,0.000000,140,140,140,140,140,200,200,200,200,200,200,6490,0,300,633.8564967496167,91.77507200001855,4284.553695999875,3381.504468412943
1780670189,5,GET,/api/concerts,0.500000,0.000000,3,3,3,3,3,3,3,3,3,3,3,1272,0,3,18.390456066833636,2.153862999875855,545.6874760002393,753.0
1780670189,5,GET,/health,0.200000,0.000000,3,3,3,3,3,3,3,3,3,3,3,681,0,3,15.025468331863276,2.194705999954749,273.5818549999749,57.0
1780670189,5,,Aggregated,2.200000,0.000000,140,140,140,140,140,140,200,200,200,200,200,8443,0,170,491.21801112827495,2.153862999875855,4284.553695999875,2717.35129693237
1780670190,5,POST,/api/book,1.500000,0.000000,140,140,140,140,140,200,200,200,200,200,200,6493,0,300,633.6281850086266,91.77507200001855,4284.553695999875,3381.49607269367
1780670190,5,GET,/api/concerts,0.500000,0.000000,3,3,3,3,3,3,3,3,3,3,3,1272,0,3,18.390456066833636,2.153862999875855,545.6874760002393,753.0
1780670190,5,GET,/health,0.200000,0.000000,3,3,3,3,3,3,3,3,3,3,3,681,0,3,15.025468331863276,2.194705999954749,273.5818549999749,57.0
1780670190,5,,Aggregated,2.200000,0.000000,140,140,140,140,140,140,200,200,200,200,200,8446,0,170,491.093157626335,2.153862999875855,4284.553695999875,2717.580748283211
1780670191,5,POST,/api/book,1.600000,0.000000,140,140,140,140,140,200,200,200,200,200,200,6495,0,300,633.4760229535046,91.77507200001855,4284.553695999875,3381.4920708237105
1780670191,5,GET,/api/concerts,0.500000,0.000000,3,3,3,3,3,3,3,3,3,3,3,1272,0,3,18.390456066833636,2.153862999875855,545.6874760002393,753.0
1780670191,5,GET,/health,0.200000,0.000000,3,3,3,3,3,3,3,3,3,3,3,681,0,3,15.025468331863276,2.194705999954749,273.5818549999749,57.0
1780670191,5,,Aggregated,2.300000,0.000000,140,140,140,140,140,140,200,200,200,200,200,8448,0,170,491.0099163274178,2.153862999875855,4284.553695999875,2717.7348484848485
1780670192,5,POST,/api/book,1.600000,0.000000,140,140,140,140,150,200,200,200,200,200,200,6497,0,300,633.3248615758062,91.77507200001855,4284.553695999875,3381.5010004617516
1780670192,5,GET,/api/concerts,0.500000,0.000000,3,3,3,3,3,3,3,3,3,3,3,1273,0,3,18.378093268666444,2.153862999875855,545.6874760002393,753.0
1780670192,5,GET,/health,0.100000,0.000000,3,3,3,3,3,3,3,3,3,3,3,681,0,3,15.025468331863276,2.194705999954749,273.5818549999749,57.0
1780670192,5,,Aggregated,2.200000,0.000000,140,140,140,140,140,150,200,200,200,200,200,8451,0,170,490.869634637679,2.153862999875855,4284.553695999875,2717.6663116790915
1780670193,5,POST,/api/book,1.800000,0.000000,140,140,140,140,150,200,200,200,200,200,200,6498,0,300,633.2492635501712,91.77507200001855,4284.553695999875,3381.500461680517
1780670193,5,GET,/api/concerts,0.500000,0.000000,3,3,3,3,3,3,3,3,3,3,3,1273,0,3,18.378093268666444,2.153862999875855,545.6874760002393,753.0
1780670193,5,GET,/health,0.100000,0.000000,3,3,3,3,3,3,3,3,3,3,3,682,0,3,15.007388313781169,2.194705999954749,273.5818549999749,57.0
1780670193,5,,Aggregated,2.400000,0.000000,140,140,140,140,140,150,200,200,200,200,200,8453,0,170,490.7706218040962,2.153862999875855,4284.553695999875,2717.4296699396664
1780670194,5,POST,/api/book,2.000000,0.000000,140,140,140,140,150,200,200,200,200,200,200,6500,0,300,633.0976080703097,91.77507200001855,4284.553695999875,3381.4978461538462
1780670194,5,GET,/api/concerts,0.500000,0.000000,3,3,3,3,3,3,3,3,3,3,3,1273,0,3,18.378093268666444,2.153862999875855,545.6874760002393,753.0
1780670194,5,GET,/health,0.000000,0.000000,3,3,3,3,3,3,3,3,3,3,3,682,0,3,15.007388313781169,2.194705999954749,273.5818549999749,57.0
1780670194,5,,Aggregated,2.500000,0.000000,140,140,140,140,140,150,200,200,200,200,200,8455,0,170,490.68773554323184,2.153862999875855,4284.553695999875,2717.584742755766
1780670195,5,POST,/api/book,1.800000,0.000000,140,140,140,140,150,200,200,200,200,200,200,6501,0,300,633.0217377225061,91.77507200001855,4284.553695999875,3381.4977695739117
1780670195,5,GET,/api/concerts,0.600000,0.000000,3,3,3,3,3,3,3,3,3,3,3,1273,0,3,18.378093268666444,2.153862999875855,545.6874760002393,753.0
1780670195,5,GET,/health,0.000000,0.000000,3,3,3,3,3,3,3,3,3,3,3,683,0,3,14.989140991213418,2.194705999954749,273.5818549999749,57.0
1780670195,5,,Aggregated,2.400000,0.000000,140,140,140,140,140,150,200,200,200,200,200,8457,0,170,490.58853174435677,2.153862999875855,4284.553695999875,2717.3485869693745
1780670196,5,POST,/api/book,1.800000,0.000000,140,140,140,140,150,200,200,200,200,200,200,6503,0,300,632.8701435634341,91.77507200001855,4284.553695999875,3381.498846686145
1780670196,5,GET,/api/concerts,0.500000,0.000000,3,3,3,3,3,3,3,3,3,3,3,1273,0,3,18.378093268666444,2.153862999875855,545.6874760002393,753.0
1780670196,5,GET,/health,0.100000,0.000000,3,3,3,3,3,3,3,3,3,3,3,683,0,3,14.989140991213418,2.194705999954749,273.5818549999749,57.0
1780670196,5,,Aggregated,2.400000,0.000000,140,140,140,140,140,150,200,200,200,200,200,8459,0,170,490.5056672917632,2.153862999875855,4284.553695999875,2717.5064428419437
1780670197,5,POST,/api/book,1.800000,0.000000,140,140,140,140,140,150,150,150,150,150,150,6503,0,300,632.8701435634341,91.77507200001855,4284.553695999875,3381.498846686145
1780670197,5,GET,/api/concerts,0.500000,0.000000,3,3,3,3,3,3,3,3,3,3,3,1273,0,3,18.378093268666444,2.153862999875855,545.6874760002393,753.0
1780670197,5,GET,/health,0.100000,0.000000,3,3,3,3,3,3,3,3,3,3,3,683,0,3,14.989140991213418,2.194705999954749,273.5818549999749,57.0
1780670197,5,,Aggregated,2.400000,0.000000,140,140,140,140,140,140,150,150,150,150,150,8459,0,170,490.5056672917632,2.153862999875855,4284.553695999875,2717.5064428419437
1780670198,5,POST,/api/book,1.700000,0.000000,140,140,150,240,390,390,390,390,390,390,390,6507,0,300,632.6816074891673,91.77507200001855,4284.553695999875,3381.4994621177193
1780670198,5,GET,/api/concerts,0.400000,0.000000,3,3,3,3,3,3,3,3,3,3,3,1274,0,3,18.365554425441356,2.153862999875855,545.6874760002393,753.0
1780670198,5,GET,/health,0.200000,0.000000,3,3,3,3,3,3,3,3,3,3,3,683,0,3,14.989140991213418,2.194705999954749,273.5818549999749,57.0
1780670198,5,,Aggregated,2.300000,0.000000,140,140,140,150,280,390,390,390,390,390,390,8464,0,170,490.3703354875974,2.153862999875855,4284.553695999875,2717.5886105860113
1780670199,5,POST,/api/book,1.800000,0.000000,140,140,190,240,390,390,390,390,390,390,390,6508,0,300,632.613437761987,91.77507200001855,4284.553695999875,3381.493392747388
1780670199,5,GET,/api/concerts,0.300000,0.000000,3,3,3,3,3,3,3,3,3,3,3,1274,0,3,18.365554425441356,2.153862999875855,545.6874760002393,753.0
1780670199,5,GET,/health,0.200000,0.000000,3,3,3,3,3,3,3,3,3,3,3,683,0,3,14.989140991213418,2.194705999954749,273.5818549999749,57.0
1780670199,5,,Aggregated,2.300000,0.000000,140,140,150,190,280,390,390,390,390,390,390,8465,0,170,490.33473745895145,2.153862999875855,4284.553695999875,2717.662374483166
1780670200,5,POST,/api/book,1.900000,0.000000,140,190,200,240,390,390,390,390,390,390,390,6510,0,300,632.472073431031,91.77507200001855,4284.553695999875,3381.485407066052
1780670200,5,GET,/api/concerts,0.400000,0.000000,3,3,3,3,3,3,3,3,3,3,3,1274,0,3,18.365554425441356,2.153862999875855,545.6874760002393,753.0
1780670200,5,GET,/health,0.200000,0.000000,3,3,3,3,3,3,3,3,3,3,3,684,0,3,14.971068264617715,2.194705999954749,273.5818549999749,57.0
1780670200,5,,Aggregated,2.500000,0.000000,140,140,190,200,280,390,390,390,390,390,390,8468,0,170,490.2020695638904,2.153862999875855,4284.553695999875,2717.498819083609
1780670201,5,POST,/api/book,1.900000,0.000000,140,190,240,240,390,390,390,390,390,390,390,6512,0,300,632.3216551314514,91.77507200001855,4284.553695999875,3381.485718673219
1780670201,5,GET,/api/concerts,0.300000,0.000000,3,3,3,3,3,3,3,3,3,3,3,1275,0,3,18.353348216480263,2.153862999875855,545.6874760002393,753.0
1780670201,5,GET,/health,0.200000,0.000000,3,3,3,3,3,3,3,3,3,3,3,684,0,3,14.971068264617715,2.194705999954749,273.5818549999749,57.0
1780670201,5,,Aggregated,2.400000,0.000000,140,140,190,200,280,390,390,390,390,390,390,8471,0,170,490.06248942096846,2.153862999875855,4284.553695999875,2717.423916892929
1780670202,5,POST,/api/book,1.900000,0.000000,140,190,240,280,390,390,390,390,390,390,390,6512,0,300,632.3216551314514,91.77507200001855,4284.553695999875,3381.485718673219
1780670202,5,GET,/api/concerts,0.300000,0.000000,3,3,3,3,3,3,3,3,3,3,3,1275,0,3,18.353348216480263,2.153862999875855,545.6874760002393,753.0
1780670202,5,GET,/health,0.200000,0.000000,3,3,3,3,3,3,3,3,3,3,3,685,0,3,14.952866637954319,2.194705999954749,273.5818549999749,57.0
1780670202,5,,Aggregated,2.400000,0.000000,140,140,190,200,280,390,390,390,390,390,390,8472,0,170,490.00493990073466,2.153862999875855,4284.553695999875,2717.1098914069876
1780670203,5,POST,/api/book,1.700000,0.000000,140,190,240,240,390,390,390,390,390,390,390,6514,0,300,632.1693804651538,91.77507200001855,4284.553695999875,3381.490789069696
1780670203,5,GET,/api/concerts,0.300000,0.000000,3,3,3,3,3,3,3,3,3,3,3,1276,0,3,18.341122372266895,2.153862999875855,545.6874760002393,753.0
1780670203,5,GET,/health,0.300000,0.000000,3,3,3,3,3,3,3,3,3,3,3,686,0,3,14.934824482505345,2.194705999954749,273.5818549999749,57.0
1780670203,5,,Aggregated,2.300000,0.000000,140,140,190,200,280,390,390,390,390,390,390,8476,0,170,489.8065014266192,2.153862999875855,4284.553695999875,2716.724988201982
1780670204,5,POST,/api/book,1.600000,0.000000,140,190,200,240,390,390,390,390,390,390,390,6515,0,300,632.0941902566403,91.77507200001855,4284.553695999875,3381.489178818112
1780670204,5,GET,/api/concerts,0.300000,0.000000,3,3,3,3,3,3,3,3,3,3,3,1276,0,3,18.341122372266895,2.153862999875855,545.6874760002393,753.0
1780670204,5,GET,/health,0.400000,0.000000,3,3,3,3,3,3,3,3,3,3,3,686,0,3,14.934824482505345,2.194705999954749,273.5818549999749,57.0
1780670204,5,,Aggregated,2.300000,0.000000,140,140,190,200,280,390,390,390,390,390,390,8477,0,170,489.76550799386865,2.153862999875855,4284.553695999875,2716.8021705792144
1780670205,5,POST,/api/book,1.500000,0.000000,140,190,240,240,390,390,390,390,390,390,390,6517,0,300,631.941183379164,91.77507200001855,4284.553695999875,3381.4790547798066
1780670205,5,GET,/api/concerts,0.200000,0.000000,3,3,3,3,3,3,3,3,3,3,3,1276,0,3,18.341122372266895,2.153862999875855,545.6874760002393,753.0
1780670205,5,GET,/health,0.400000,0.000000,3,3,3,3,3,3,3,3,3,3,3,686,0,3,14.934824482505345,2.194705999954749,273.5818549999749,57.0
1780670205,5,,Aggregated,2.100000,0.000000,140,140,190,200,280,390,390,390,390,390,390,8479,0,170,489.68147821960423,2.153862999875855,4284.553695999875,2716.9511734874395
1780670206,5,POST,/api/book,1.600000,0.000000,140,190,240,280,390,390,390,390,390,390,390,6518,0,300,631.8652241325578,91.77507200001855,4284.553695999875,3381.477293648358
1780670206,5,GET,/api/concerts,0.300000,0.000000,3,3,3,3,3,3,3,3,3,3,3,1276,0,3,18.341122372266895,2.153862999875855,545.6874760002393,753.0
1780670206,5,GET,/health,0.400000,0.000000,3,3,3,3,3,3,3,3,3,3,3,688,0,3,14.899870559591278,2.194705999954749,273.5818549999749,57.0
1780670206,5,,Aggregated,2.300000,0.000000,140,140,190,200,280,390,390,390,390,390,390,8482,0,170,489.5251018613564,2.153862999875855,4284.553695999875,2716.400966753124
1780670207,5,POST,/api/book,1.400000,0.000000,140,140,150,190,200,280,280,280,280,280,280,6520,0,300,631.7146527477013,91.77507200001855,4284.553695999875,3381.471472392638
1780670207,5,GET,/api/concerts,0.300000,0.000000,3,3,3,3,3,3,3,3,3,3,3,1276,0,3,18.341122372266895,2.153862999875855,545.6874760002393,753.0
1780670207,5,GET,/health,0.400000,0.000000,3,3,3,3,3,3,3,3,3,3,3,688,0,3,14.899870559591278,2.194705999954749,273.5818549999749,57.0
1780670207,5,,Aggregated,2.100000,0.000000,140,140,140,140,190,200,280,280,280,280,280,8484,0,170,489.4429418914456,2.153862999875855,4284.553695999875,2716.553276756247
1780670208,5,POST,/api/book,1.600000,0.000000,140,140,140,150,190,200,200,200,200,200,200,6522,0,300,631.5631704441909,91.77507200001855,4284.553695999875,3381.465808034345
1780670208,5,GET,/api/concerts,0.300000,0.000000,3,3,3,3,3,3,3,3,3,3,3,1276,0,3,18.341122372266895,2.153862999875855,545.6874760002393,753.0
1780670208,5,GET,/health,0.400000,0.000000,3,3,3,3,3,3,3,3,3,3,3,688,0,3,14.899870559591278,2.194705999954749,273.5818549999749,57.0
1780670208,5,,Aggregated,2.300000,0.000000,140,140,140,140,150,190,200,200,200,200,200,8486,0,170,489.3600495791922,2.153862999875855,4284.553695999875,2716.705632806976
1780670209,5,POST,/api/book,1.500000,0.000000,140,140,140,140,140,150,150,150,150,150,150,6526,0,300,631.2562061550739,91.77507200001855,4284.553695999875,3381.4707324547962
1780670209,5,GET,/api/concerts,0.300000,0.000000,3,3,3,3,3,3,3,3,3,3,3,1276,0,3,18.341122372266895,2.153862999875855,545.6874760002393,753.0
1780670209,5,GET,/health,0.500000,0.000000,3,3,3,3,3,3,3,3,3,3,3,688,0,3,14.899870559591278,2.194705999954749,273.5818549999749,57.0
1780670209,5,,Aggregated,2.300000,0.000000,140,140,140,140,140,140,150,150,150,150,150,8490,0,170,489.19109357597466,2.153862999875855,4284.553695999875,2717.0226148409893
1780670210,5,POST,/api/book,1.400000,0.000000,140,140,140,140,140,150,150,150,150,150,150,6528,0,300,631.1058714192726,91.77507200001855,4284.553695999875,3381.465226715686
1780670210,5,GET,/api/concerts,0.200000,0.000000,3,3,3,3,3,3,3,3,3,3,3,1276,0,3,18.341122372266895,2.153862999875855,545.6874760002393,753.0
1780670210,5,GET,/health,0.500000,0.000000,3,3,3,3,3,3,3,3,3,3,3,688,0,3,14.899870559591278,2.194705999954749,273.5818549999749,57.0
1780670210,5,,Aggregated,2.100000,0.000000,140,140,140,140,140,140,150,150,150,150,150,8492,0,170,489.1089863067622,2.153862999875855,4284.553695999875,2717.1748704663214
1780670211,5,POST,/api/book,1.600000,0.000000,140,140,140,140,140,150,150,150,150,150,150,6530,0,300,630.9534309623295,91.77507200001855,4284.553695999875,3381.468453292496
1780670211,5,GET,/api/concerts,0.200000,0.000000,3,3,3,3,3,3,3,3,3,3,3,1276,0,3,18.341122372266895,2.153862999875855,545.6874760002393,753.0
1780670211,5,GET,/health,0.500000,0.000000,3,3,3,3,3,3,3,3,3,3,3,688,0,3,14.899870559591278,2.194705999954749,273.5818549999749,57.0
1780670211,5,,Aggregated,2.300000,0.000000,140,140,140,140,140,140,150,150,150,150,150,8494,0,170,489.02522807582113,2.153862999875855,4284.553695999875,2717.333765010596
1780670212,5,POST,/api/book,1.700000,0.000000,140,140,140,140,140,140,150,150,150,150,150,6533,0,300,630.7288143979813,91.77507200001855,4284.553695999875,3381.4690035205876
1780670212,5,GET,/api/concerts,0.200000,0.000000,3,3,3,3,3,3,3,3,3,3,3,1276,0,3,18.341122372266895,2.153862999875855,545.6874760002393,753.0
1780670212,5,GET,/health,0.500000,0.000000,3,3,3,3,3,3,3,3,3,3,3,688,0,3,14.899870559591278,2.194705999954749,273.5818549999749,57.0
1780670212,5,,Aggregated,2.400000,0.000000,140,140,140,140,140,140,150,150,150,150,150,8497,0,170,488.90263946734433,2.153862999875855,4284.553695999875,2717.5686712957513
1780670213,5,POST,/api/book,1.800000,0.000000,140,140,140,140,140,150,190,190,190,190,190,6536,0,300,630.5113698581721,91.77507200001855,4284.553695999875,3381.4799571603426
1780670213,5,GET,/api/concerts,0.100000,0.000000,3,3,3,3,3,3,3,3,3,3,3,1276,0,3,18.341122372266895,2.153862999875855,545.6874760002393,753.0
1780670213,5,GET,/health,0.400000,0.000000,3,3,3,3,3,3,3,3,3,3,3,688,0,3,14.899870559591278,2.194705999954749,273.5818549999749,57.0
1780670213,5,,Aggregated,2.300000,0.000000,140,140,140,140,140,150,190,190,190,190,190,8500,0,170,488.78549370412065,2.153862999875855,4284.553695999875,2717.811411764706
1780670214,5,POST,/api/book,1.900000,0.000000,140,140,140,140,140,150,190,190,190,190,190,6536,0,300,630.5113698581721,91.77507200001855,4284.553695999875,3381.4799571603426
1780670214,5,GET,/api/concerts,0.100000,0.000000,3,3,3,3,3,3,3,3,3,3,3,1276,0,3,18.341122372266895,2.153862999875855,545.6874760002393,753.0
1780670214,5,GET,/health,0.300000,0.000000,3,3,3,3,3,3,3,3,3,3,3,689,0,3,14.881868857763076,2.194705999954749,273.5818549999749,57.0
1780670214,5,,Aggregated,2.300000,0.000000,140,140,140,140,140,150,190,190,190,190,190,8501,0,170,488.72828998741625,2.153862999875855,4284.553695999875,2717.498411951535
1780670215,5,POST,/api/book,2.100000,0.000000,140,140,140,140,140,150,190,190,190,190,190,6539,0,300,630.2868599668165,91.77507200001855,4284.553695999875,3381.4768313197737
1780670215,5,GET,/api/concerts,0.100000,0.000000,3,3,3,3,3,3,3,3,3,3,3,1276,0,3,18.341122372266895,2.153862999875855,545.6874760002393,753.0
1780670215,5,GET,/health,0.300000,0.000000,3,3,3,3,3,3,3,3,3,3,3,689,0,3,14.881868857763076,2.194705999954749,273.5818549999749,57.0
1780670215,5,,Aggregated,2.500000,0.000000,140,140,140,140,140,150,190,190,190,190,190,8504,0,170,488.6056746369973,2.153862999875855,4284.553695999875,2717.730244590781
1780670216,5,POST,/api/book,2.200000,0.000000,140,140,140,140,140,150,190,190,190,190,190,6539,0,300,630.2868599668165,91.77507200001855,4284.553695999875,3381.4768313197737
1780670216,5,GET,/api/concerts,0.000000,0.000000,3,3,3,3,3,3,3,3,3,3,3,1276,0,3,18.341122372266895,2.153862999875855,545.6874760002393,753.0
1780670216,5,GET,/health,0.200000,0.000000,3,3,3,3,3,3,3,3,3,3,3,690,0,3,14.864122595650585,2.194705999954749,273.5818549999749,57.0
1780670216,5,,Aggregated,2.400000,0.000000,140,140,140,140,140,150,190,190,190,190,190,8505,0,170,488.5485354569107,2.153862999875855,4284.553695999875,2717.4174015285125
1780670217,5,POST,/api/book,2.200000,0.000000,140,140,140,140,140,140,190,190,190,190,190,6542,0,300,630.0619631203015,91.77507200001855,4284.553695999875,3381.4837970039744
1780670217,5,GET,/api/concerts,0.000000,0.000000,3,3,3,3,3,3,3,3,3,3,3,1276,0,3,18.341122372266895,2.153862999875855,545.6874760002393,753.0
1780670217,5,GET,/health,0.300000,0.000000,3,3,3,3,3,3,3,3,3,3,3,691,0,3,14.84635725325478,2.194705999954749,273.5818549999749,57.0
1780670217,5,,Aggregated,2.500000,0.000000,140,140,140,140,140,140,190,190,190,190,190,8509,0,170,488.3684883937038,2.153862999875855,4284.553695999875,2717.3442237630743
1780670218,5,POST,/api/book,2.200000,0.000000,140,140,140,140,140,140,190,190,190,190,190,6545,0,300,629.8381534822021,91.77507200001855,4284.553695999875,3381.4932009167305
1780670218,5,GET,/api/concerts,0.000000,0.000000,3,3,3,3,3,3,3,3,3,3,3,1276,0,3,18.341122372266895,2.153862999875855,545.6874760002393,753.0
1780670218,5,GET,/health,0.200000,0.000000,3,3,3,3,3,3,3,3,3,3,3,691,0,3,14.84635725325478,2.194705999954749,273.5818549999749,57.0
1780670218,5,,Aggregated,2.400000,0.000000,140,140,140,140,140,140,190,190,190,190,190,8512,0,170,488.2463368832267,2.153862999875855,4284.553695999875,2717.5855263157896
1780670219,5,POST,/api/book,2.200000,0.000000,140,140,140,140,140,150,190,190,190,190,190,6547,0,300,629.6897044638787,91.77507200001855,4284.553695999875,3381.489689934321
1780670219,5,GET,/api/concerts,0.000000,0.000000,3,3,3,3,3,3,3,3,3,3,3,1276,0,3,18.341122372266895,2.153862999875855,545.6874760002393,753.0
1780670219,5,GET,/health,0.200000,0.000000,3,3,3,3,3,3,3,3,3,3,3,691,0,3,14.84635725325478,2.194705999954749,273.5818549999749,57.0
1780670219,5,,Aggregated,2.400000,0.000000,140,140,140,140,140,150,190,190,190,190,190,8514,0,170,488.16544516490796,2.153862999875855,4284.553695999875,2717.7387831806436
1780670220,5,POST,/api/book,2.200000,0.000000,140,140,140,140,150,190,190,190,190,190,190,6549,0,300,629.5477089555677,91.77507200001855,4284.553695999875,3381.479462513361
1780670220,5,GET,/api/concerts,0.000000,0.000000,3,3,3,3,3,3,3,3,3,3,3,1276,0,3,18.341122372266895,2.153862999875855,545.6874760002393,753.0
1780670220,5,GET,/health,0.300000,0.000000,3,3,3,3,3,3,3,3,3,3,3,691,0,3,14.84635725325478,2.194705999954749,273.5818549999749,57.0
1780670220,5,,Aggregated,2.500000,0.000000,140,140,140,140,150,190,190,190,190,190,190,8516,0,170,488.08948461237975,2.153862999875855,4284.553695999875,2717.8868013151714
1780670221,5,POST,/api/book,2.200000,0.000000,140,140,140,150,180,190,190,190,190,190,190,6552,0,300,629.3242495259483,91.77507200001855,4284.553695999875,3381.488705738706
1780670221,5,GET,/api/concerts,0.000000,0.000000,0,0,0,0,0,0,0,0,0,0,0,1276,0,3,18.341122372266895,2.153862999875855,545.6874760002393,753.0
1780670221,5,GET,/health,0.300000,0.000000,3,3,3,3,3,3,3,3,3,3,3,691,0,3,14.84635725325478,2.194705999954749,273.5818549999749,57.0
1780670221,5,,Aggregated,2.500000,0.000000,140,140,140,150,180,190,190,190,190,190,190,8519,0,170,487.96743607266416,2.153862999875855,4284.553695999875,2718.127597135814
1780670222,5,POST,/api/book,2.100000,0.000000,140,140,150,150,190,190,190,190,190,190,190,6553,0,300,629.2511878455689,91.77507200001855,4284.553695999875,3381.4933618190144
1780670222,5,GET,/api/concerts,0.000000,0.000000,0,0,0,0,0,0,0,0,0,0,0,1277,0,3,18.330720516846352,2.153862999875855,545.6874760002393,753.0
1780670222,5,GET,/health,0.300000,0.000000,3,3,3,3,3,3,3,3,3,3,3,691,0,3,14.84635725325478,2.194705999954749,273.5818549999749,57.0
1780670222,5,,Aggregated,2.400000,0.000000,140,140,150,150,180,190,190,190,190,190,190,8521,0,170,487.8711649940178,2.153862999875855,4284.553695999875,2717.9784062903414
1780670223,5,POST,/api/book,2.200000,0.000000,140,140,150,150,180,190,190,190,190,190,190,6556,0,300,629.0220627481716,91.77507200001855,4284.553695999875,3381.497101891397
1780670223,5,GET,/api/concerts,0.000000,0.000000,5,5,5,5,5,5,5,5,5,5,5,1277,0,3,18.330720516846352,2.153862999875855,545.6874760002393,753.0
1780670223,5,GET,/health,0.300000,0.000000,3,3,3,3,3,3,3,3,3,3,3,691,0,3,14.84635725325478,2.194705999954749,273.5818549999749,57.0
1780670223,5,,Aggregated,2.500000,0.000000,140,140,140,150,150,180,190,190,190,190,190,8524,0,170,487.7446980688674,2.153862999875855,4284.553695999875,2718.2148052557486
1780670224,5,POST,/api/book,2.100000,0.000000,140,140,150,150,180,190,190,190,190,190,190,6557,0,300,628.9472501787423,91.77507200001855,4284.553695999875,3381.4958060088456
1780670224,5,GET,/api/concerts,0.000000,0.000000,5,5,5,5,5,5,5,5,5,5,5,1277,0,3,18.330720516846352,2.153862999875855,545.6874760002393,753.0
1780670224,5,GET,/health,0.300000,0.000000,3,3,3,3,3,3,3,3,3,3,3,692,0,3,14.82859843497014,2.194705999954749,273.5818549999749,57.0
1780670224,5,,Aggregated,2.400000,0.000000,140,140,140,150,150,180,190,190,190,190,190,8526,0,170,487.64682613640935,2.153862999875855,4284.553695999875,2717.97947454844
1780670225,5,POST,/api/book,2.000000,0.000000,140,140,150,150,180,190,190,190,190,190,190,6559,0,300,628.7980662811425,91.77507200001855,4284.553695999875,3381.495959749962
1780670225,5,GET,/api/concerts,0.100000,0.000000,5,5,5,5,5,5,5,5,5,5,5,1277,0,3,18.330720516846352,2.153862999875855,545.6874760002393,753.0
1780670225,5,GET,/health,0.300000,0.000000,3,3,3,3,3,3,3,3,3,3,3,692,0,3,14.82859843497014,2.194705999954749,273.5818549999749,57.0
1780670225,5,,Aggregated,2.400000,0.000000,140,140,140,150,150,180,190,190,190,190,190,8528,0,170,487.565224783657,2.153862999875855,4284.553695999875,2718.1352016885553
1780670226,5,POST,/api/book,2.000000,0.000000,140,140,140,150,150,180,190,190,190,190,190,6563,0,300,628.4968711196123,91.77507200001855,4284.553695999875,3381.5025140941643
1780670226,5,GET,/api/concerts,0.100000,0.000000,5,5,5,5,5,5,5,5,5,5,5,1277,0,3,18.330720516846352,2.153862999875855,545.6874760002393,753.0
1780670226,5,GET,/health,0.300000,0.000000,3,3,3,3,3,3,3,3,3,3,3,692,0,3,14.82859843497014,2.194705999954749,273.5818549999749,57.0
1780670226,5,,Aggregated,2.400000,0.000000,140,140,140,140,150,180,190,190,190,190,190,8532,0,170,487.39975215366013,2.153862999875855,4284.553695999875,2718.4512423816223
1780670227,5,POST,/api/book,2.000000,0.000000,140,140,140,150,150,180,190,190,190,190,190,6563,0,300,628.4968711196123,91.77507200001855,4284.553695999875,3381.5025140941643
1780670227,5,GET,/api/concerts,0.100000,0.000000,5,5,5,5,5,5,5,5,5,5,5,1277,0,3,18.330720516846352,2.153862999875855,545.6874760002393,753.0
1780670227,5,GET,/health,0.300000,0.000000,3,3,3,3,3,3,3,3,3,3,3,693,0,3,14.811327017314804,2.194705999954749,273.5818549999749,57.0
1780670227,5,,Aggregated,2.400000,0.000000,140,140,140,150,150,180,190,190,190,190,190,8533,0,170,487.34296787542814,2.153862999875855,4284.553695999875,2718.1393413805226
1780670228,5,POST,/api/book,2.100000,0.000000,140,140,150,150,180,190,190,190,190,190,190,6565,0,300,628.3475086086846,91.77507200001855,4284.553695999875,3381.5060167555216
1780670228,5,GET,/api/concerts,0.100000,0.000000,5,5,5,5,5,5,5,5,5,5,5,1277,0,3,18.330720516846352,2.153862999875855,545.6874760002393,753.0
1780670228,5,GET,/health,0.300000,0.000000,3,3,3,3,3,3,3,3,3,3,3,693,0,3,14.811327017314804,2.194705999954749,273.5818549999749,57.0
1780670228,5,,Aggregated,2.500000,0.000000,140,140,140,150,150,180,190,190,190,190,190,8535,0,170,487.26115685284446,2.153862999875855,4284.553695999875,2718.29748096075
1780670229,5,POST,/api/book,2.300000,0.000000,140,140,140,150,180,190,190,190,190,190,190,6567,0,300,628.1915730892362,91.77507200001855,4284.553695999875,3381.5142378559462
1780670229,5,GET,/api/concerts,0.100000,0.000000,5,5,5,5,5,5,5,5,5,5,5,1278,0,3,18.31831803756871,2.153862999875855,545.6874760002393,753.0
1780670229,5,GET,/health,0.200000,0.000000,3,3,3,3,3,3,3,3,3,3,3,693,0,3,14.811327017314804,2.194705999954749,273.5818549999749,57.0
1780670229,5,,Aggregated,2.600000,0.000000,140,140,140,140,150,180,190,190,190,190,190,8538,0,170,487.11748893792776,2.153862999875855,4284.553695999875,2718.2289763410636
1780670230,5,POST,/api/book,2.100000,0.000000,140,140,140,140,150,180,180,180,180,180,180,6568,0,300,628.1168287775599,91.77507200001855,4284.553695999875,3381.51080998782
1780670230,5,GET,/api/concerts,0.100000,0.000000,5,5,5,5,5,5,5,5,5,5,5,1278,0,3,18.31831803756871,2.153862999875855,545.6874760002393,753.0
1780670230,5,GET,/health,0.200000,0.000000,3,3,3,3,3,3,3,3,3,3,3,694,0,3,14.793829538903292,2.194705999954749,273.5818549999749,57.0
1780670230,5,,Aggregated,2.400000,0.000000,140,140,140,140,140,150,180,180,180,180,180,8540,0,170,487.01979620175956,2.153862999875855,4284.553695999875,2717.992388758782
1780670231,5,POST,/api/book,2.000000,0.000000,140,140,140,140,140,150,150,150,150,150,150,6569,0,300,628.0423394146771,91.77507200001855,4284.553695999875,3381.5127112193636
1780670231,5,GET,/api/concerts,0.200000,0.000000,5,5,5,5,5,5,5,5,5,5,5,1278,0,3,18.31831803756871,2.153862999875855,545.6874760002393,753.0
1780670231,5,GET,/health,0.200000,0.000000,3,3,3,3,3,3,3,3,3,3,3,695,0,3,14.77664260863146,2.194705999954749,273.5818549999749,57.0
1780670231,5,,Aggregated,2.400000,0.000000,140,140,140,140,140,140,150,150,150,150,150,8542,0,170,486.92234894404436,2.153862999875855,4284.553695999875,2717.7600093654883
1780670232,5,POST,/api/book,2.000000,0.000000,140,140,140,140,140,140,140,140,140,140,140,6571,0,300,627.8862074474225,91.77507200001855,4284.553695999875,3381.521990564602
1780670232,5,GET,/api/concerts,0.200000,0.000000,5,5,5,5,5,5,5,5,5,5,5,1278,0,3,18.31831803756871,2.153862999875855,545.6874760002393,753.0
1780670232,5,GET,/health,0.200000,0.000000,3,3,3,3,3,3,3,3,3,3,3,696,0,3,14.759028165228258,2.194705999954749,273.5818549999749,57.0
1780670232,5,,Aggregated,2.400000,0.000000,140,140,140,140,140,140,140,140,140,140,140,8545,0,170,486.7786264706877,2.153862999875855,4284.553695999875,2717.611117612639
1780670233,5,POST,/api/book,1.800000,0.000000,140,140,140,140,140,140,140,140,140,140,140,6572,0,300,627.8122090855164,91.77507200001855,4284.553695999875,3381.5178027997567
1780670233,5,GET,/api/concerts,0.200000,0.000000,5,5,5,5,5,5,5,5,5,5,5,1278,0,3,18.31831803756871,2.153862999875855,545.6874760002393,753.0
1780670233,5,GET,/health,0.300000,0.000000,3,3,3,3,3,3,3,3,3,3,3,697,0,3,14.741479464848148,2.194705999954749,273.5818549999749,57.0
1780670233,5,,Aggregated,2.300000,0.000000,140,140,140,140,140,140,140,140,140,140,140,8547,0,170,486.6815794722157,2.153862999875855,4284.553695999875,2717.3742833742836
1780670234,5,POST,/api/book,1.700000,0.000000,140,140,140,140,140,140,140,140,140,140,140,6573,0,300,627.7363119963509,91.77507200001855,4284.553695999875,3381.5219838734215
1780670234,5,GET,/api/concerts,0.200000,0.000000,3,3,5,5,5,5,5,5,5,5,5,1279,0,3,18.306230139181263,2.153862999875855,545.6874760002393,753.0
1780670234,5,GET,/health,0.400000,0.000000,3,3,3,3,3,3,3,3,3,3,3,697,0,3,14.741479464848148,2.194705999954749,273.5818549999749,57.0
1780670234,5,,Aggregated,2.300000,0.000000,140,140,140,140,140,140,140,140,140,140,140,8549,0,170,486.5831393481141,2.153862999875855,4284.553695999875,2717.22540648029
1780670235,5,POST,/api/book,1.900000,0.000000,140,140,140,140,140,140,140,140,140,140,140,6576,0,300,627.5125270964132,91.77507200001855,4284.553695999875,3381.519008515815
1780670235,5,GET,/api/concerts,0.100000,0.000000,3,3,3,3,3,3,3,3,3,3,3,1280,0,3,18.294006331259993,2.153862999875855,545.6874760002393,753.0
1780670235,5,GET,/health,0.500000,0.000000,3,3,3,3,3,3,3,3,3,3,3,697,0,3,14.741479464848148,2.194705999954749,273.5818549999749,57.0
1780670235,5,,Aggregated,2.500000,0.000000,130,140,140,140,140,140,140,140,140,140,140,8553,0,170,486.4040123321673,2.153862999875855,4284.553695999875,2717.2264702443586
1780670236,5,POST,/api/book,1.600000,0.000000,140,140,140,140,140,140,140,140,140,140,140,6578,0,300,627.3639216830364,91.77507200001855,4284.553695999875,3381.5191547582854
1780670236,5,GET,/api/concerts,0.100000,0.000000,3,3,3,3,3,3,3,3,3,3,3,1280,0,3,18.294006331259993,2.153862999875855,545.6874760002393,753.0
1780670236,5,GET,/health,0.600000,0.000000,3,3,3,3,3,3,3,3,3,3,3,697,0,3,14.741479464848148,2.194705999954749,273.5818549999749,57.0
1780670236,5,,Aggregated,2.300000,0.000000,130,140,140,140,140,140,140,140,140,140,140,8555,0,170,486.32273712706336,2.153862999875855,4284.553695999875,2717.381881940386
1780670237,5,POST,/api/book,1.600000,0.000000,140,140,140,140,140,140,140,140,140,140,140,6579,0,300,627.28252299529,91.77507200001855,4284.553695999875,3381.5193798449613
1780670237,5,GET,/api/concerts,0.200000,0.000000,3,3,3,3,3,3,3,3,3,3,3,1280,0,3,18.294006331259993,2.153862999875855,545.6874760002393,753.0
1780670237,5,GET,/health,0.500000,0.000000,3,3,3,3,3,3,3,3,3,3,3,697,0,3,14.741479464848148,2.194705999954749,273.5818549999749,57.0
1780670237,5,,Aggregated,2.300000,0.000000,130,140,140,140,140,140,140,140,140,140,140,8556,0,170,486.27663137880165,2.153862999875855,4284.553695999875,2717.4596774193546
1780670238,5,POST,/api/book,1.600000,0.000000,140,140,140,140,140,140,140,140,140,140,140,6582,0,300,627.0606481238246,91.77507200001855,4284.553695999875,3381.5244606502583
1780670238,5,GET,/api/concerts,0.300000,0.000000,3,3,3,3,3,3,3,3,3,3,3,1280,0,3,18.294006331259993,2.153862999875855,545.6874760002393,753.0
1780670238,5,GET,/health,0.500000,0.000000,3,3,3,3,3,3,3,3,3,3,3,697,0,3,14.741479464848148,2.194705999954749,273.5818549999749,57.0
1780670238,5,,Aggregated,2.400000,0.000000,140,140,140,140,140,140,140,140,140,140,140,8559,0,170,486.15542998504816,2.153862999875855,4284.553695999875,2717.696343030728
1780670239,5,POST,/api/book,1.500000,0.000000,140,140,140,140,140,140,140,140,140,140,140,6584,0,300,626.9129035384286,91.77507200001855,4284.553695999875,3381.5235419198057
1780670239,5,GET,/api/concerts,0.300000,0.000000,3,3,3,3,3,3,3,3,3,3,3,1280,0,3,18.294006331259993,2.153862999875855,545.6874760002393,753.0
1780670239,5,GET,/health,0.500000,0.000000,3,3,3,3,3,3,3,3,3,3,3,697,0,3,14.741479464848148,2.194705999954749,273.5818549999749,57.0
1780670239,5,,Aggregated,2.300000,0.000000,140,140,140,140,140,140,140,140,140,140,140,8561,0,170,486.0747221338661,2.153862999875855,4284.553695999875,2717.8507183740217
1780670240,5,POST,/api/book,1.600000,0.000000,140,140,140,140,140,140,140,140,140,140,140,6587,0,300,626.6911867833633,91.77507200001855,4284.553695999875,3381.5213298922117
1780670240,5,GET,/api/concerts,0.300000,0.000000,3,3,3,3,3,3,3,3,3,3,3,1280,0,3,18.294006331259993,2.153862999875855,545.6874760002393,753.0
1780670240,5,GET,/health,0.400000,0.000000,3,3,3,3,3,3,3,3,3,3,3,697,0,3,14.741479464848148,2.194705999954749,273.5818549999749,57.0
1780670240,5,,Aggregated,2.300000,0.000000,140,140,140,140,140,140,140,140,140,140,140,8564,0,170,485.95352482870476,2.153862999875855,4284.553695999875,2718.0815039701074
1780670241,5,POST,/api/book,1.700000,0.000000,140,140,140,140,140,140,140,140,140,140,140,6589,0,300,626.5430030198837,91.77507200001855,4284.553695999875,3381.530733039915
1780670241,5,GET,/api/concerts,0.200000,0.000000,3,3,3,3,3,3,3,3,3,3,3,1280,0,3,18.294006331259993,2.153862999875855,545.6874760002393,753.0
1780670241,5,GET,/health,0.400000,0.000000,3,3,3,3,3,3,3,3,3,3,3,697,0,3,14.741479464848148,2.194705999954749,273.5818549999749,57.0
1780670241,5,,Aggregated,2.300000,0.000000,140,140,140,140,140,140,140,140,140,140,140,8566,0,170,485.8724009092957,2.153862999875855,4284.553695999875,2718.24363763717
1780670242,5,POST,/api/book,1.700000,0.000000,140,140,140,140,140,140,150,150,150,150,150,6590,0,300,626.4701227596379,91.77507200001855,4284.553695999875,3381.5300455235206
1780670242,5,GET,/api/concerts,0.200000,0.000000,3,3,3,3,3,3,3,3,3,3,3,1281,0,3,18.281758438729714,2.153862999875855,545.6874760002393,753.0
1780670242,5,GET,/health,0.400000,0.000000,3,3,3,3,3,3,3,3,3,3,3,697,0,3,14.741479464848148,2.194705999954749,273.5818549999749,57.0
1780670242,5,,Aggregated,2.300000,0.000000,140,140,140,140,140,140,150,150,150,150,150,8568,0,170,485.7763600295317,2.153862999875855,4284.553695999875,2718.091153127918
1780670243,5,POST,/api/book,1.900000,0.000000,140,140,140,140,150,160,160,160,160,160,160,6592,0,300,626.3260952145046,91.77507200001855,4284.553695999875,3381.5361043689322
1780670243,5,GET,/api/concerts,0.200000,0.000000,3,3,3,3,3,3,3,3,3,3,3,1282,0,3,18.26952136818467,2.153862999875855,545.6874760002393,753.0
1780670243,5,GET,/health,0.300000,0.000000,3,3,3,3,3,3,3,3,3,3,3,697,0,3,14.741479464848148,2.194705999954749,273.5818549999749,57.0
1780670243,5,,Aggregated,2.400000,0.000000,140,140,140,140,140,150,160,160,160,160,160,8571,0,170,485.6420437796089,2.153862999875855,4284.553695999875,2718.0213510675535
1780670244,5,POST,/api/book,2.000000,0.000000,140,140,140,140,150,160,160,160,160,160,160,6592,0,300,626.3260952145046,91.77507200001855,4284.553695999875,3381.5361043689322
1780670244,5,GET,/api/concerts,0.200000,0.000000,3,3,4,4,4,4,4,4,4,4,4,1283,0,3,18.258040561194505,2.153862999875855,545.6874760002393,753.0
1780670244,5,GET,/health,0.200000,0.000000,3,3,3,3,3,3,3,3,3,3,3,697,0,3,14.741479464848148,2.194705999954749,273.5818549999749,57.0
1780670244,5,,Aggregated,2.400000,0.000000,140,140,140,140,140,150,160,160,160,160,160,8572,0,170,485.5858022493033,2.153862999875855,4284.553695999875,2717.792113859076
1780670245,5,POST,/api/book,1.800000,0.000000,140,140,140,140,150,160,160,160,160,160,160,6595,0,300,626.1056952480691,91.77507200001855,4284.553695999875,3381.5290371493556
1780670245,5,GET,/api/concerts,0.300000,0.000000,3,3,4,4,4,4,4,4,4,4,4,1283,0,3,18.258040561194505,2.153862999875855,545.6874760002393,753.0
1780670245,5,GET,/health,0.100000,0.000000,3,3,3,3,3,3,3,3,3,3,3,697,0,3,14.741479464848148,2.194705999954749,273.5818549999749,57.0
1780670245,5,,Aggregated,2.200000,0.000000,140,140,140,140,140,150,160,160,160,160,160,8575,0,170,485.465532056913,2.153862999875855,4284.553695999875,2718.0188921282797
1780670247,5,POST,/api/book,2.000000,0.000000,140,140,140,140,160,160,160,160,160,160,160,6598,0,300,625.8878616729335,91.77507200001855,4284.553695999875,3381.518490451652
1780670247,5,GET,/api/concerts,0.400000,0.000000,3,3,4,4,4,4,4,4,4,4,4,1283,0,3,18.258040561194505,2.153862999875855,545.6874760002393,753.0
1780670247,5,GET,/health,0.000000,0.000000,3,3,3,3,3,3,3,3,3,3,3,697,0,3,14.741479464848148,2.194705999954749,273.5818549999749,57.0
1780670247,5,,Aggregated,2.400000,0.000000,140,140,140,140,150,160,160,160,160,160,160,8578,0,170,485.34716583644536,2.153862999875855,4284.553695999875,2718.2428304966193
1780670248,5,POST,/api/book,1.900000,0.000000,140,140,140,140,160,160,160,160,160,160,160,6598,0,300,625.8878616729335,91.77507200001855,4284.553695999875,3381.518490451652
1780670248,5,GET,/api/concerts,0.400000,0.000000,3,3,4,4,4,4,4,4,4,4,4,1283,0,3,18.258040561194505,2.153862999875855,545.6874760002393,753.0
1780670248,5,GET,/health,0.000000,0.000000,3,3,3,3,3,3,3,3,3,3,3,698,0,3,14.723659875356976,2.194705999954749,273.5818549999749,57.0
1780670248,5,,Aggregated,2.300000,0.000000,140,140,140,140,160,160,160,160,160,160,160,8579,0,170,485.29086046754037,2.153862999875855,4284.553695999875,2717.9326261802075
1780670249,5,POST,/api/book,1.900000,0.000000,140,140,140,150,160,160,160,160,160,160,160,6599,0,300,625.8144316246423,91.77507200001855,4284.553695999875,3381.5168964994696
1780670249,5,GET,/api/concerts,0.300000,0.000000,3,3,4,4,4,4,4,4,4,4,4,1284,0,3,18.245758772595437,2.153862999875855,545.6874760002393,753.0
1780670249,5,GET,/health,0.000000,0.000000,3,3,3,3,3,3,3,3,3,3,3,698,0,3,14.723659875356976,2.194705999954749,273.5818549999749,57.0
1780670249,5,,Aggregated,2.200000,0.000000,140,140,140,140,160,160,160,160,160,160,160,8581,0,170,485.1945114960994,2.153862999875855,4284.553695999875,2717.7797459503554
1780670250,5,POST,/api/book,2.000000,0.000000,140,140,140,150,160,160,160,160,160,160,160,6602,0,300,625.5908120268123,91.77507200001855,4284.553695999875,3381.5186307179642
1780670250,5,GET,/api/concerts,0.300000,0.000000,3,3,4,4,4,4,4,4,4,4,4,1284,0,3,18.245758772595437,2.153862999875855,545.6874760002393,753.0
1780670250,5,GET,/health,0.000000,0.000000,2,2,2,2,2,2,2,2,2,2,2,698,0,3,14.723659875356976,2.194705999954749,273.5818549999749,57.0
1780670250,5,,Aggregated,2.300000,0.000000,140,140,140,140,160,160,160,160,160,160,160,8584,0,170,485.0716693683631,2.153862999875855,4284.553695999875,2718.013047530289
1780670251,5,POST,/api/book,1.900000,0.000000,140,140,140,150,160,160,160,160,160,160,160,6603,0,300,625.5169947264902,91.77507200001855,4284.553695999875,3381.5168862638193
1780670251,5,GET,/api/concerts,0.300000,0.000000,3,3,4,4,4,4,4,4,4,4,4,1284,0,3,18.245758772595437,2.153862999875855,545.6874760002393,753.0
1780670251,5,GET,/health,0.100000,0.000000,2,2,2,2,2,2,2,2,2,2,2,698,0,3,14.723659875356976,2.194705999954749,273.5818549999749,57.0
1780670251,5,,Aggregated,2.300000,0.000000,140,140,140,140,160,160,160,160,160,160,160,8585,0,170,485.03126208922873,2.153862999875855,4284.553695999875,2718.088992428655
1780670252,5,POST,/api/book,1.700000,0.000000,140,140,140,140,160,190,190,190,190,190,190,6607,0,290,625.2275486468918,91.77507200001855,4284.553695999875,3381.5229302255184
1780670252,5,GET,/api/concerts,0.400000,0.000000,3,3,4,4,4,4,4,4,4,4,4,1284,0,3,18.245758772595437,2.153862999875855,545.6874760002393,753.0
1780670252,5,GET,/health,0.100000,0.000000,2,2,2,2,2,2,2,2,2,2,2,698,0,3,14.723659875356976,2.194705999954749,273.5818549999749,57.0
1780670252,5,,Aggregated,2.200000,0.000000,140,140,140,140,160,160,190,190,190,190,190,8589,0,170,484.87403455198836,2.153862999875855,4284.553695999875,2718.40260798696
1780670253,5,POST,/api/book,1.800000,0.000000,140,140,140,150,160,190,190,190,190,190,190,6610,0,290,625.0084170124074,91.77507200001855,4284.553695999875,3381.5164901664143
1780670253,5,GET,/api/concerts,0.400000,0.000000,4,4,4,4,4,4,4,4,4,4,4,1284,0,3,18.245758772595437,2.153862999875855,545.6874760002393,753.0
1780670253,5,GET,/health,0.100000,0.000000,2,2,2,2,2,2,2,2,2,2,2,698,0,3,14.723659875356976,2.194705999954749,273.5818549999749,57.0
1780670253,5,,Aggregated,2.300000,0.000000,140,140,140,140,150,160,190,190,190,190,190,8592,0,170,484.7544582529128,2.153862999875855,4284.553695999875,2718.629189944134
1780670254,5,POST,/api/book,1.600000,0.000000,140,140,140,140,160,190,190,190,190,190,190,6612,0,290,624.8558470975519,91.77507200001855,4284.553695999875,3381.511796733212
1780670254,5,GET,/api/concerts,0.400000,0.000000,4,4,4,4,4,4,4,4,4,4,4,1284,0,3,18.245758772595437,2.153862999875855,545.6874760002393,753.0
1780670254,5,GET,/health,0.100000,0.000000,2,2,2,2,2,2,2,2,2,2,2,698,0,3,14.723659875356976,2.194705999954749,273.5818549999749,57.0
1780670254,5,,Aggregated,2.100000,0.000000,140,140,140,140,150,160,190,190,190,190,190,8594,0,170,484.66971490179503,2.153862999875855,4284.553695999875,2718.779846404468
1780670255,5,POST,/api/book,1.800000,0.000000,140,140,140,140,160,190,190,190,190,190,190,6614,0,290,624.7099972033584,91.77507200001855,4284.553695999875,3381.5160266102207
1780670255,5,GET,/api/concerts,0.400000,0.000000,3,3,4,4,4,4,4,4,4,4,4,1285,0,3,18.234037877052504,2.153862999875855,545.6874760002393,753.0
1780670255,5,GET,/health,0.100000,0.000000,2,2,2,2,2,2,2,2,2,2,2,698,0,3,14.723659875356976,2.194705999954749,273.5818549999749,57.0
1780670255,5,,Aggregated,2.300000,0.000000,140,140,140,140,150,160,190,190,190,190,190,8597,0,170,484.5341136173114,2.153862999875855,4284.553695999875,2718.7086192857973
1780670256,5,POST,/api/book,2.000000,0.000000,140,140,140,140,150,160,190,190,190,190,190,6616,0,290,624.5635747096452,91.77507200001855,4284.553695999875,3381.525392986699
1780670256,5,GET,/api/concerts,0.300000,0.000000,3,3,3,3,3,3,3,3,3,3,3,1285,0,3,18.234037877052504,2.153862999875855,545.6874760002393,753.0
1780670256,5,GET,/health,0.100000,0.000000,3,3,3,3,3,3,3,3,3,3,3,699,0,3,14.706228173103558,2.194705999954749,273.5818549999749,57.0
1780670256,5,,Aggregated,2.400000,0.000000,140,140,140,140,140,150,190,190,190,190,190,8600,0,170,484.398023540003,2.153862999875855,4284.553695999875,2718.560465116279
1780670257,5,POST,/api/book,2.000000,0.000000,140,140,140,140,150,190,190,190,190,190,190,6617,0,290,624.4900689570821,91.77507200001855,4284.553695999875,3381.528033852199
1780670257,5,GET,/api/concerts,0.200000,0.000000,3,3,3,3,3,3,3,3,3,3,3,1286,0,3,18.221965324270926,2.153862999875855,545.6874760002393,753.0
1780670257,5,GET,/health,0.100000,0.000000,3,3,3,3,3,3,3,3,3,3,3,699,0,3,14.706228173103558,2.194705999954749,273.5818549999749,57.0
1780670257,5,,Aggregated,2.300000,0.000000,140,140,140,140,140,150,190,190,190,190,190,8602,0,170,484.3017771668247,2.153862999875855,4284.553695999875,2718.411067193676
1780670258,5,POST,/api/book,2.200000,0.000000,140,140,140,140,150,190,190,190,190,190,190,6618,0,290,624.4168271054717,91.77507200001855,4284.553695999875,3381.5281051677243
1780670258,5,GET,/api/concerts,0.200000,0.000000,3,3,3,3,3,3,3,3,3,3,3,1287,0,3,18.209837650359344,2.153862999875855,545.6874760002393,753.0
1780670258,5,GET,/health,0.100000,0.000000,3,3,3,3,3,3,3,3,3,3,3,699,0,3,14.706228173103558,2.194705999954749,273.5818549999749,57.0
1780670258,5,,Aggregated,2.500000,0.000000,140,140,140,140,140,150,190,190,190,190,190,8604,0,170,484.20575038738093,2.153862999875855,4284.553695999875,2718.2597629009765
1780670259,5,POST,/api/book,2.100000,0.000000,140,140,140,150,190,220,220,220,220,220,220,6621,0,290,624.2140482939152,91.77507200001855,4284.553695999875,3381.5222776015707
1780670259,5,GET,/api/concerts,0.200000,0.000000,3,3,3,3,3,3,3,3,3,3,3,1287,0,3,18.209837650359344,2.153862999875855,545.6874760002393,753.0
1780670259,5,GET,/health,0.200000,0.000000,3,3,3,3,3,3,3,3,3,3,3,699,0,3,14.706228173103558,2.194705999954749,273.5818549999749,57.0
1780670259,5,,Aggregated,2.500000,0.000000,140,140,140,140,160,190,220,220,220,220,220,8607,0,170,484.0986323112613,2.153862999875855,4284.553695999875,2718.486464505635
1780670260,5,POST,/api/book,1.900000,0.000000,140,140,140,150,190,220,220,220,220,220,220,6622,0,290,624.1408220551212,91.77507200001855,4284.553695999875,3381.521745696164
1780670260,5,GET,/api/concerts,0.300000,0.000000,3,3,3,3,3,3,3,3,3,3,3,1288,0,3,18.19816956677989,2.153862999875855,545.6874760002393,753.0
1780670260,5,GET,/health,0.200000,0.000000,3,3,3,3,3,3,3,3,3,3,3,699,0,3,14.706228173103558,2.194705999954749,273.5818549999749,57.0
1780670260,5,,Aggregated,2.400000,0.000000,140,140,140,140,160,190,220,220,220,220,220,8609,0,170,484.00272035590973,2.153862999875855,4284.553695999875,2718.334765942618
1780670261,5,POST,/api/book,2.000000,0.000000,140,140,140,150,160,220,220,220,220,220,220,6622,0,290,624.1408220551212,91.77507200001855,4284.553695999875,3381.521745696164
1780670261,5,GET,/api/concerts,0.400000,0.000000,3,3,3,3,3,3,3,3,3,3,3,1289,0,3,18.18644428084736,2.153862999875855,545.6874760002393,753.0
1780670261,5,GET,/health,0.100000,0.000000,3,3,3,3,3,3,3,3,3,3,3,700,0,3,14.688898742856509,2.194705999954749,273.5818549999749,57.0
1780670261,5,,Aggregated,2.500000,0.000000,140,140,140,140,150,160,220,220,220,220,220,8611,0,170,483.89096265788254,2.153862999875855,4284.553695999875,2717.7974683544303
1780670262,5,POST,/api/book,2.200000,0.000000,140,140,140,140,160,220,220,220,220,220,220,6624,0,290,623.9933365834863,91.77507200001855,4284.553695999875,3381.5172101449275
1780670262,5,GET,/api/concerts,0.300000,0.000000,3,3,3,3,3,3,3,3,3,3,3,1290,0,3,18.17474625194752,2.153862999875855,545.6874760002393,753.0
1780670262,5,GET,/health,0.100000,0.000000,3,3,3,3,3,3,3,3,3,3,3,700,0,3,14.688898742856509,2.194705999954749,273.5818549999749,57.0
1780670262,5,,Aggregated,2.600000,0.000000,140,140,140,140,140,160,220,220,220,220,220,8614,0,170,483.754296878805,2.153862999875855,4284.553695999875,2717.7199907127933
1780670263,5,POST,/api/book,2.000000,0.000000,140,140,140,140,160,220,220,220,220,220,220,6625,0,290,623.9201652784925,91.77507200001855,4284.553695999875,3381.5123018867926
1780670263,5,GET,/api/concerts,0.400000,0.000000,3,3,3,3,3,3,3,3,3,3,3,1290,0,3,18.17474625194752,2.153862999875855,545.6874760002393,753.0
1780670263,5,GET,/health,0.100000,0.000000,3,3,3,3,3,3,3,3,3,3,3,700,0,3,14.688898742856509,2.194705999954749,273.5818549999749,57.0
1780670263,5,,Aggregated,2.500000,0.000000,140,140,140,140,140,160,220,220,220,220,220,8615,0,170,483.71430606558636,2.153862999875855,4284.553695999875,2717.793267556587
1780670264,5,POST,/api/book,1.700000,0.000000,140,140,140,160,210,220,220,220,220,220,220,6627,0,290,623.7842719894392,91.77507200001855,4284.553695999875,3381.514108948242
1780670264,5,GET,/api/concerts,0.600000,0.000000,3,3,3,3,3,3,3,3,3,3,3,1290,0,3,18.17474625194752,2.153862999875855,545.6874760002393,753.0
1780670264,5,GET,/health,0.200000,0.000000,3,3,3,3,3,3,3,3,3,3,3,701,0,3,14.672182202567104,2.194705999954749,273.5818549999749,57.0
1780670264,5,,Aggregated,2.500000,0.000000,140,140,140,140,160,210,220,220,220,220,220,8618,0,170,483.58656217951113,2.153862999875855,4284.553695999875,2717.639939661174
1780670265,5,POST,/api/book,1.700000,0.000000,140,150,160,210,220,230,230,230,230,230,230,6629,0,290,623.6525961579443,91.77507200001855,4284.553695999875,3381.5098808266707
1780670265,5,GET,/api/concerts,0.600000,0.000000,3,3,3,3,3,3,3,3,3,3,3,1290,0,3,18.17474625194752,2.153862999875855,545.6874760002393,753.0
1780670265,5,GET,/health,0.200000,0.000000,3,3,3,3,3,3,3,3,3,3,3,701,0,3,14.672182202567104,2.194705999954749,273.5818549999749,57.0
1780670265,5,,Aggregated,2.500000,0.000000,140,140,150,160,220,230,230,230,230,230,230,8620,0,170,483.5178285754091,2.153862999875855,4284.553695999875,2717.790719257541
1780670266,5,POST,/api/book,1.500000,0.000000,140,150,160,210,220,230,230,230,230,230,230,6630,0,290,623.5801162377094,91.77507200001855,4284.553695999875,3381.505882352941
1780670266,5,GET,/api/concerts,0.600000,0.000000,3,3,3,3,3,3,3,3,3,3,3,1291,0,3,18.162620144858256,2.153862999875855,545.6874760002393,753.0
1780670266,5,GET,/health,0.200000,0.000000,3,3,3,3,3,3,3,3,3,3,3,701,0,3,14.672182202567104,2.194705999954749,273.5818549999749,57.0
1780670266,5,,Aggregated,2.300000,0.000000,140,140,150,160,220,230,230,230,230,230,230,8622,0,170,483.42256007736324,2.153862999875855,4284.553695999875,2717.6367432150314
1780670267,5,POST,/api/book,1.400000,0.000000,140,150,160,210,220,230,230,230,230,230,230,6632,0,290,623.4333351623964,91.77507200001855,4284.553695999875,3381.502110977081
1780670267,5,GET,/api/concerts,0.600000,0.000000,3,3,3,3,3,3,3,3,3,3,3,1291,0,3,18.162620144858256,2.153862999875855,545.6874760002393,753.0
1780670267,5,GET,/health,0.300000,0.000000,3,3,3,3,3,3,3,3,3,3,3,702,0,3,14.655021415953739,2.194705999954749,273.5818549999749,57.0
1780670267,5,,Aggregated,2.300000,0.000000,140,140,140,150,210,220,230,230,230,230,230,8625,0,170,483.28645176093056,2.153862999875855,4284.553695999875,2717.479304347826
1780670268,5,POST,/api/book,1.500000,0.000000,140,140,150,150,210,230,230,230,230,230,230,6632,0,290,623.4333351623964,91.77507200001855,4284.553695999875,3381.502110977081
1780670268,5,GET,/api/concerts,0.500000,0.000000,3,3,3,3,3,3,3,3,3,3,3,1291,0,3,18.162620144858256,2.153862999875855,545.6874760002393,753.0
1780670268,5,GET,/health,0.300000,0.000000,3,3,3,3,3,3,3,3,3,3,3,703,0,3,14.638512813654955,2.194705999954749,273.5818549999749,57.0
1780670268,5,,Aggregated,2.300000,0.000000,130,140,140,140,210,230,230,230,230,230,230,8626,0,170,483.23077856619824,2.153862999875855,4284.553695999875,2717.170878738697
1780670269,5,POST,/api/book,1.400000,0.000000,140,150,210,220,220,230,230,230,230,230,230,6635,0,290,623.2375297255483,91.77507200001855,4284.553695999875,3381.5098718914846
1780670269,5,GET,/api/concerts,0.600000,0.000000,3,3,3,3,3,3,3,3,3,3,3,1291,0,3,18.162620144858256,2.153862999875855,545.6874760002393,753.0
1780670269,5,GET,/health,0.200000,0.000000,3,3,3,3,3,3,3,3,3,3,3,703,0,3,14.638512813654955,2.194705999954749,273.5818549999749,57.0
1780670269,5,,Aggregated,2.200000,0.000000,140,140,150,210,220,230,230,230,230,230,230,8629,0,170,483.1289635930033,2.153862999875855,4284.553695999875,2717.407810870321
1780670270,5,POST,/api/book,1.500000,0.000000,140,140,210,220,220,230,230,230,230,230,230,6637,0,290,623.086678364323,91.77507200001855,4284.553695999875,3381.509115564261
1780670270,5,GET,/api/concerts,0.500000,0.000000,3,3,3,3,3,3,3,3,3,3,3,1291,0,3,18.162620144858256,2.153862999875855,545.6874760002393,753.0
1780670270,5,GET,/health,0.300000,0.000000,3,3,3,3,3,3,3,3,3,3,3,703,0,3,14.638512813654955,2.194705999954749,273.5818549999749,57.0
1780670270,5,,Aggregated,2.300000,0.000000,140,140,150,210,220,230,230,230,230,230,230,8631,0,170,483.04542943100745,2.153862999875855,4284.553695999875,2717.5611169041827
1780670271,5,POST,/api/book,1.400000,0.000000,140,140,210,220,220,230,230,230,230,230,230,6639,0,290,622.9394097016135,91.77507200001855,4284.553695999875,3381.511522819702
1780670271,5,GET,/api/concerts,0.400000,0.000000,3,3,3,3,3,3,3,3,3,3,3,1292,0,3,18.150616487625467,2.153862999875855,545.6874760002393,753.0
1780670271,5,GET,/health,0.400000,0.000000,3,3,3,3,3,3,3,3,3,3,3,703,0,3,14.638512813654955,2.194705999954749,273.5818549999749,57.0
1780670271,5,,Aggregated,2.200000,0.000000,140,140,150,210,220,230,230,230,230,230,230,8634,0,170,482.9089891150133,2.153862999875855,4284.553695999875,2717.4892286309937
1780670272,5,POST,/api/book,1.400000,0.000000,140,140,210,220,220,230,230,230,230,230,230,6640,0,290,622.8647164831343,91.77507200001855,4284.553695999875,3381.5067771084337
1780670272,5,GET,/api/concerts,0.400000,0.000000,3,3,3,3,3,3,3,3,3,3,3,1293,0,3,18.139053698385183,2.153862999875855,545.6874760002393,753.0
1780670272,5,GET,/health,0.400000,0.000000,3,3,3,3,3,3,3,3,3,3,3,704,0,3,14.621393139203773,2.194705999954749,273.5818549999749,57.0
1780670272,5,,Aggregated,2.200000,0.000000,130,140,140,150,220,220,230,230,230,230,230,8637,0,170,482.7566255239116,2.153862999875855,4284.553695999875,2717.0269769595925
1780670273,5,POST,/api/book,1.500000,0.000000,140,140,210,220,220,230,230,230,230,230,230,6641,0,290,622.7904718527348,91.77507200001855,4284.553695999875,3381.509712392712
1780670273,5,GET,/api/concerts,0.300000,0.000000,3,3,3,3,3,3,3,3,3,3,3,1294,0,3,18.127153110519327,2.153862999875855,545.6874760002393,753.0
1780670273,5,GET,/health,0.400000,0.000000,3,3,3,3,3,3,3,3,3,3,3,704,0,3,14.621393139203773,2.194705999954749,273.5818549999749,57.0
1780670273,5,,Aggregated,2.200000,0.000000,130,140,140,150,220,220,230,230,230,230,230,8639,0,170,482.6602060966576,2.153862999875855,4284.553695999875,2716.8788054172937
1780670274,5,POST,/api/book,1.600000,0.000000,140,140,140,150,220,220,220,220,220,220,220,6643,0,290,622.6432409056167,91.77507200001855,4284.553695999875,3381.5206984796027
1780670274,5,GET,/api/concerts,0.300000,0.000000,3,3,3,3,3,3,3,3,3,3,3,1294,0,3,18.127153110519327,2.153862999875855,545.6874760002393,753.0
1780670274,5,GET,/health,0.300000,0.000000,3,3,3,3,3,3,3,3,3,3,3,704,0,3,14.621393139203773,2.194705999954749,273.5818549999749,57.0
1780670274,5,,Aggregated,2.200000,0.000000,130,130,140,140,150,220,220,220,220,220,220,8641,0,170,482.5794521734781,2.153862999875855,4284.553695999875,2717.041083207962
1780670275,5,POST,/api/book,1.600000,0.000000,140,140,140,140,220,220,220,220,220,220,220,6647,0,290,622.3524410452853,91.77507200001855,4284.553695999875,3381.5208364675796
1780670275,5,GET,/api/concerts,0.300000,0.000000,3,3,3,3,3,3,3,3,3,3,3,1294,0,3,18.127153110519327,2.153862999875855,545.6874760002393,753.0
1780670275,5,GET,/health,0.400000,0.000000,3,3,3,3,3,3,3,3,3,3,3,704,0,3,14.621393139203773,2.194705999954749,273.5818549999749,57.0
1780670275,5,,Aggregated,2.300000,0.000000,130,140,140,140,150,220,220,220,220,220,220,8645,0,170,482.42066772967314,2.153862999875855,4284.553695999875,2717.3486408328513
1780670276,5,POST,/api/book,1.600000,0.000000,140,140,140,150,220,220,220,220,220,220,220,6650,0,290,622.1349686518814,91.77507200001855,4284.553695999875,3381.517894736842
1780670276,5,GET,/api/concerts,0.400000,0.000000,3,3,3,3,3,3,3,3,3,3,3,1294,0,3,18.127153110519327,2.153862999875855,545.6874760002393,753.0
1780670276,5,GET,/health,0.400000,0.000000,3,3,3,3,3,3,3,3,3,3,3,704,0,3,14.621393139203773,2.194705999954749,273.5818549999749,57.0
1780670276,5,,Aggregated,2.400000,0.000000,130,140,140,140,150,220,220,220,220,220,220,8648,0,160,482.30198177960506,2.153862999875855,4284.553695999875,2717.576780758557
1780670277,5,POST,/api/book,1.700000,0.000000,140,140,140,150,220,220,220,220,220,220,220,6650,0,290,622.1349686518814,91.77507200001855,4284.553695999875,3381.517894736842
1780670277,5,GET,/api/concerts,0.400000,0.000000,3,3,3,3,3,3,3,3,3,3,3,1295,0,3,18.115136107344966,2.153862999875855,545.6874760002393,753.0
1780670277,5,GET,/health,0.300000,0.000000,3,3,3,3,3,3,3,3,3,3,3,704,0,3,14.621393139203773,2.194705999954749,273.5818549999749,57.0
1780670277,5,,Aggregated,2.400000,0.000000,130,140,140,140,150,220,220,220,220,220,220,8649,0,160,482.24651445994033,2.153862999875855,4284.553695999875,2717.3496357960457
1780670278,5,POST,/api/book,1.800000,0.000000,140,140,140,140,150,150,150,150,150,150,150,6653,0,290,621.9134914107938,91.77507200001855,4284.553695999875,3381.506388095596
1780670278,5,GET,/api/concerts,0.400000,0.000000,3,3,3,3,3,3,3,3,3,3,3,1295,0,3,18.115136107344966,2.153862999875855,545.6874760002393,753.0
1780670278,5,GET,/health,0.300000,0.000000,3,3,3,3,3,3,3,3,3,3,3,704,0,3,14.621393139203773,2.194705999954749,273.5818549999749,57.0
1780670278,5,,Aggregated,2.500000,0.000000,130,140,140,140,140,150,150,150,150,150,150,8652,0,160,482.12471340557363,2.153862999875855,4284.553695999875,2717.5710818307907
1780670279,5,POST,/api/book,2.000000,0.000000,140,140,140,140,150,150,150,150,150,150,150,6654,0,290,621.8349711299986,91.77507200001855,4284.553695999875,3381.505410279531
1780670279,5,GET,/api/concerts,0.300000,0.000000,3,3,3,3,3,3,3,3,3,3,3,1295,0,3,18.115136107344966,2.153862999875855,545.6874760002393,753.0
1780670279,5,GET,/health,0.300000,0.000000,3,3,3,3,3,3,3,3,3,3,3,704,0,3,14.621393139203773,2.194705999954749,273.5818549999749,57.0
1780670279,5,,Aggregated,2.600000,0.000000,130,140,140,140,140,150,150,150,150,150,150,8653,0,160,482.0804876838118,2.153862999875855,4284.553695999875,2717.6470588235293
1780670280,5,POST,/api/book,1.800000,0.000000,140,140,140,140,150,150,150,150,150,150,150,6656,0,290,621.6903494305905,91.77507200001855,4284.553695999875,3381.5060096153848
1780670280,5,GET,/api/concerts,0.400000,0.000000,3,3,3,3,3,3,3,3,3,3,3,1295,0,3,18.115136107344966,2.153862999875855,545.6874760002393,753.0
1780670280,5,GET,/health,0.200000,0.000000,3,3,3,3,3,3,3,3,3,3,3,704,0,3,14.621393139203773,2.194705999954749,273.5818549999749,57.0
1780670280,5,,Aggregated,2.400000,0.000000,140,140,140,140,140,150,150,150,150,150,150,8655,0,160,482.0015630085526,2.153862999875855,4284.553695999875,2717.800924321202
1780670281,5,POST,/api/book,1.900000,0.000000,140,140,150,150,230,250,250,250,250,250,250,6660,0,290,621.4310644411427,91.77507200001855,4284.553695999875,3381.5084084084083
1780670281,5,GET,/api/concerts,0.400000,0.000000,3,3,3,3,3,3,3,3,3,3,3,1295,0,3,18.115136107344966,2.153862999875855,545.6874760002393,753.0
1780670281,5,GET,/health,0.100000,0.000000,3,3,3,3,3,3,3,3,3,3,3,704,0,3,14.621393139203773,2.194705999954749,273.5818549999749,57.0
1780670281,5,,Aggregated,2.400000,0.000000,140,140,140,150,160,230,250,250,250,250,250,8659,0,160,481.8666648812822,2.153862999875855,4284.553695999875,2718.1093659775956
1780670282,5,POST,/api/book,1.900000,0.000000,140,140,150,150,230,250,250,250,250,250,250,6661,0,290,621.3589979435536,91.77507200001855,4284.553695999875,3381.5156883350846
1780670282,5,GET,/api/concerts,0.400000,0.000000,3,3,3,3,3,3,3,3,3,3,3,1295,0,3,18.115136107344966,2.153862999875855,545.6874760002393,753.0
1780670282,5,GET,/health,0.100000,0.000000,3,3,3,3,3,3,3,3,3,3,3,704,0,3,14.621393139203773,2.194705999954749,273.5818549999749,57.0
1780670282,5,,Aggregated,2.400000,0.000000,140,140,140,150,160,230,250,250,250,250,250,8660,0,160,481.82734957633056,2.153862999875855,4284.553695999875,2718.191570438799
1780670283,5,POST,/api/book,1.900000,0.000000,140,140,140,150,170,230,250,250,250,250,250,6664,0,290,621.1444193443891,91.77507200001855,4284.553695999875,3381.5283613445376
1780670283,5,GET,/api/concerts,0.400000,0.000000,3,3,3,3,3,3,3,3,3,3,3,1295,0,3,18.115136107344966,2.153862999875855,545.6874760002393,753.0
1780670283,5,GET,/health,0.100000,0.000000,3,3,3,3,3,3,3,3,3,3,3,704,0,3,14.621393139203773,2.194705999954749,273.5818549999749,57.0
1780670283,5,,Aggregated,2.400000,0.000000,140,140,140,150,170,230,250,250,250,250,250,8663,0,160,481.7106051644952,2.153862999875855,4284.553695999875,2718.4310285120628
1780670284,5,POST,/api/book,2.100000,0.000000,140,140,150,160,230,250,250,250,250,250,250,6666,0,290,621.0001693379852,91.77507200001855,4284.553695999875,3381.529102910291
1780670284,5,GET,/api/concerts,0.200000,0.000000,3,3,3,3,3,3,3,3,3,3,3,1296,0,3,18.103289629638617,2.153862999875855,545.6874760002393,753.0
1780670284,5,GET,/health,0.000000,0.000000,3,3,3,3,3,3,3,3,3,3,3,705,0,3,14.604439181559737,2.194705999954749,273.5818549999749,57.0
1780670284,5,,Aggregated,2.300000,0.000000,140,140,140,150,170,230,250,250,250,250,250,8667,0,160,481.52130169493734,2.153862999875855,4284.553695999875,2718.0507672781814
1780670285,5,POST,/api/book,2.100000,0.000000,140,140,150,160,230,250,250,250,250,250,250,6666,0,290,621.0001693379852,91.77507200001855,4284.553695999875,3381.529102910291
1780670285,5,GET,/api/concerts,0.200000,0.000000,3,3,3,3,3,3,3,3,3,3,3,1296,0,3,18.103289629638617,2.153862999875855,545.6874760002393,753.0
1780670285,5,GET,/health,0.000000,0.000000,3,3,3,3,3,3,3,3,3,3,3,705,0,3,14.604439181559737,2.194705999954749,273.5818549999749,57.0
1780670285,5,,Aggregated,2.300000,0.000000,140,140,140,160,230,250,250,250,250,250,250,8667,0,160,481.52130169493734,2.153862999875855,4284.553695999875,2718.0507672781814
1780670286,5,POST,/api/book,2.200000,0.000000,140,140,140,160,230,250,250,250,250,250,250,6670,0,290,620.7118571656686,91.77507200001855,4284.553695999875,3381.530884557721
1780670286,5,GET,/api/concerts,0.200000,0.000000,3,3,3,3,3,3,3,3,3,3,3,1296,0,3,18.103289629638617,2.153862999875855,545.6874760002393,753.0
1780670286,5,GET,/health,0.100000,0.000000,3,3,3,3,3,3,3,3,3,3,3,705,0,3,14.604439181559737,2.194705999954749,273.5818549999749,57.0
1780670286,5,,Aggregated,2.500000,0.000000,140,140,140,140,170,230,250,250,250,250,250,8671,0,160,481.3638657914914,2.153862999875855,4284.553695999875,2718.3582055126285
1780670287,5,POST,/api/book,2.200000,0.000000,140,140,140,160,230,250,250,250,250,250,250,6671,0,290,620.6397186958491,91.77507200001855,4284.553695999875,3381.5342527357216
1780670287,5,GET,/api/concerts,0.200000,0.000000,3,3,3,3,3,3,3,3,3,3,3,1296,0,3,18.103289629638617,2.153862999875855,545.6874760002393,753.0
1780670287,5,GET,/health,0.100000,0.000000,3,3,3,3,3,3,3,3,3,3,3,705,0,3,14.604439181559737,2.194705999954749,273.5818549999749,57.0
1780670287,5,,Aggregated,2.500000,0.000000,140,140,140,160,230,250,250,250,250,250,250,8672,0,160,481.3244414671381,2.153862999875855,4284.553695999875,2718.4372693726937
1780670288,5,POST,/api/book,1.900000,0.000000,140,140,140,160,230,250,250,250,250,250,250,6672,0,290,620.5680642787784,91.77507200001855,4284.553695999875,3381.542565947242
1780670288,5,GET,/api/concerts,0.200000,0.000000,3,3,3,3,3,3,3,3,3,3,3,1297,0,3,18.091538212036586,2.153862999875855,545.6874760002393,753.0
1780670288,5,GET,/health,0.100000,0.000000,3,3,3,3,3,3,3,3,3,3,3,705,0,3,14.604439181559737,2.194705999954749,273.5818549999749,57.0
1780670288,5,,Aggregated,2.200000,0.000000,140,140,140,140,170,230,250,250,250,250,250,8674,0,160,481.2302259110009,2.153862999875855,4284.553695999875,2718.2935208669587
1780670289,5,POST,/api/book,1.900000,0.000000,140,140,140,160,230,250,250,250,250,250,250,6673,0,290,620.4967685997316,91.77507200001855,4284.553695999875,3381.541135920875
1780670289,5,GET,/api/concerts,0.200000,0.000000,3,3,3,3,3,3,3,3,3,3,3,1297,0,3,18.091538212036586,2.153862999875855,545.6874760002393,753.0
1780670289,5,GET,/health,0.100000,0.000000,4,4,4,4,4,4,4,4,4,4,4,706,0,3,14.588825956090231,2.194705999954749,273.5818549999749,57.0
1780670289,5,,Aggregated,2.200000,0.000000,140,140,140,140,170,230,250,250,250,250,250,8676,0,160,481.1363961562957,2.153862999875855,4284.553695999875,2718.0621254034118
1780670290,5,POST,/api/book,1.900000,0.000000,140,140,140,140,140,170,170,170,170,170,170,6676,0,290,620.2744180825359,91.77507200001855,4284.553695999875,3381.5515278609946
1780670290,5,GET,/api/concerts,0.200000,0.000000,3,3,3,3,3,3,3,3,3,3,3,1297,0,3,18.091538212036586,2.153862999875855,545.6874760002393,753.0
1780670290,5,GET,/health,0.100000,0.000000,4,4,4,4,4,4,4,4,4,4,4,706,0,3,14.588825956090231,2.194705999954749,273.5818549999749,57.0
1780670290,5,,Aggregated,2.200000,0.000000,140,140,140,140,140,140,170,170,170,170,170,8679,0,160,481.01353281541907,2.153862999875855,4284.553695999875,2718.2994584629564
1780670291,5,POST,/api/book,1.900000,0.000000,140,140,140,140,140,170,170,170,170,170,170,6678,0,290,620.1302123830502,91.77507200001855,4284.553695999875,3381.5461215932914
1780670291,5,GET,/api/concerts,0.200000,0.000000,3,3,3,3,3,3,3,3,3,3,3,1298,0,3,18.07952697304427,2.153862999875855,545.6874760002393,753.0
1780670291,5,GET,/health,0.100000,0.000000,4,4,4,4,4,4,4,4,4,4,4,706,0,3,14.588825956090231,2.194705999954749,273.5818549999749,57.0
1780670291,5,,Aggregated,2.200000,0.000000,140,140,140,140,140,140,170,170,170,170,170,8682,0,160,480.87957791177394,2.153862999875855,4284.553695999875,2718.2217231052755
1780670292,5,POST,/api/book,1.900000,0.000000,140,140,140,140,140,140,140,140,140,140,140,6679,0,290,620.0582468814208,91.77507200001855,4284.553695999875,3381.5460398263212
1780670292,5,GET,/api/concerts,0.200000,0.000000,3,3,3,3,3,3,3,3,3,3,3,1298,0,3,18.07952697304427,2.153862999875855,545.6874760002393,753.0
1780670292,5,GET,/health,0.200000,0.000000,4,4,4,4,4,4,4,4,4,4,4,706,0,3,14.588825956090231,2.194705999954749,273.5818549999749,57.0
1780670292,5,,Aggregated,2.300000,0.000000,140,140,140,140,140,140,140,140,140,140,140,8683,0,160,480.8402589032617,2.153862999875855,4284.553695999875,2718.298053668087
1780670293,5,POST,/api/book,1.900000,0.000000,140,140,140,140,140,140,140,140,140,140,140,6681,0,290,619.9152018310147,91.77507200001855,4284.553695999875,3381.5460260440054
1780670293,5,GET,/api/concerts,0.200000,0.000000,3,3,3,3,3,3,3,3,3,3,3,1298,0,3,18.07952697304427,2.153862999875855,545.6874760002393,753.0
1780670293,5,GET,/health,0.200000,0.000000,4,4,4,4,4,4,4,4,4,4,4,706,0,3,14.588825956090231,2.194705999954749,273.5818549999749,57.0
1780670293,5,,Aggregated,2.300000,0.000000,140,140,140,140,140,140,140,140,140,140,140,8685,0,160,480.7622798582638,2.153862999875855,4284.553695999875,2718.4507772020725
1780670294,5,POST,/api/book,1.900000,0.000000,140,140,140,140,140,140,140,140,140,140,140,6684,0,290,619.6940401410845,91.77507200001855,4284.553695999875,3381.539646918013
1780670294,5,GET,/api/concerts,0.300000,0.000000,3,3,3,3,3,3,3,3,3,3,3,1298,0,3,18.07952697304427,2.153862999875855,545.6874760002393,753.0
1780670294,5,GET,/health,0.200000,0.000000,3,3,4,4,4,4,4,4,4,4,4,707,0,3,14.572110192361647,2.194705999954749,273.5818549999749,57.0
1780670294,5,,Aggregated,2.400000,0.000000,140,140,140,140,140,140,140,140,140,140,140,8689,0,160,480.5851849718059,2.153862999875855,4284.553695999875,2718.3685119116126
1780670295,5,POST,/api/book,1.800000,0.000000,140,140,140,140,140,140,140,140,140,140,140,6685,0,290,619.6217070613327,91.77507200001855,4284.553695999875,3381.543904263276
1780670295,5,GET,/api/concerts,0.300000,0.000000,3,3,3,3,3,3,3,3,3,3,3,1299,0,3,18.067580797545105,2.153862999875855,545.6874760002393,753.0
1780670295,5,GET,/health,0.200000,0.000000,4,4,4,4,4,4,4,4,4,4,4,707,0,3,14.572110192361647,2.194705999954749,273.5818549999749,57.0
1780670295,5,,Aggregated,2.300000,0.000000,140,140,140,140,140,140,140,140,140,140,140,8691,0,160,480.4905512676356,2.153862999875855,4284.553695999875,2718.221953745254
1780670296,5,POST,/api/book,1.900000,0.000000,140,140,140,140,140,140,140,140,140,140,140,6688,0,290,619.406706118572,91.77507200001855,4284.553695999875,3381.5457535885166
1780670296,5,GET,/api/concerts,0.200000,0.000000,3,3,3,3,3,3,3,3,3,3,3,1300,0,3,18.055952867701027,2.153862999875855,545.6874760002393,753.0
1780670296,5,GET,/health,0.200000,0.000000,4,4,4,4,4,4,4,4,4,4,4,707,0,3,14.572110192361647,2.194705999954749,273.5818549999749,57.0
1780670296,5,,Aggregated,2.300000,0.000000,140,140,140,140,140,140,140,140,140,140,140,8695,0,160,480.31826005233137,2.153862999875855,4284.553695999875,2718.2262219666477
1780670297,5,POST,/api/book,1.900000,0.000000,140,140,140,140,140,140,140,140,140,140,140,6688,0,290,619.406706118572,91.77507200001855,4284.553695999875,3381.5457535885166
1780670297,5,GET,/api/concerts,0.200000,0.000000,3,3,3,3,3,3,3,3,3,3,3,1300,0,3,18.055952867701027,2.153862999875855,545.6874760002393,753.0
1780670297,5,GET,/health,0.200000,0.000000,4,4,4,4,4,4,4,4,4,4,4,707,0,3,14.572110192361647,2.194705999954749,273.5818549999749,57.0
1780670297,5,,Aggregated,2.300000,0.000000,140,140,140,140,140,140,140,140,140,140,140,8695,0,160,480.31826005233137,2.153862999875855,4284.553695999875,2718.2262219666477
1780670298,5,POST,/api/book,1.800000,0.000000,140,140,140,140,140,140,140,140,140,140,140,6691,0,290,619.191553057093,91.77507200001855,4284.553695999875,3381.543565984158
1780670298,5,GET,/api/concerts,0.400000,0.000000,3,3,3,3,3,3,3,3,3,3,3,1300,0,3,18.055952867701027,2.153862999875855,545.6874760002393,753.0
1780670298,5,GET,/health,0.200000,0.000000,4,4,4,4,4,4,4,4,4,4,4,707,0,3,14.572110192361647,2.194705999954749,273.5818549999749,57.0
1780670298,5,,Aggregated,2.400000,0.000000,140,140,140,140,140,140,140,140,140,140,140,8698,0,160,480.2007245503588,2.153862999875855,4284.553695999875,2718.453322602897
1780670299,5,POST,/api/book,1.800000,0.000000,140,140,140,140,140,140,140,140,140,140,140,6692,0,290,619.1199581162596,91.77507200001855,4284.553695999875,3381.54348475792
1780670299,5,GET,/api/concerts,0.400000,0.000000,3,3,3,3,3,3,3,3,3,3,3,1301,0,3,18.04407011607332,2.153862999875855,545.6874760002393,753.0
1780670299,5,GET,/health,0.200000,0.000000,4,4,4,4,4,4,4,4,4,4,4,707,0,3,14.572110192361647,2.194705999954749,273.5818549999749,57.0
1780670299,5,,Aggregated,2.400000,0.000000,140,140,140,140,140,140,140,140,140,140,140,8700,0,160,480.1067329702324,2.153862999875855,4284.553695999875,2718.303563218391
1780670300,5,POST,/api/book,1.700000,0.000000,140,140,140,140,140,140,140,140,140,140,140,6694,0,290,618.9770134411428,91.77507200001855,4284.553695999875,3381.5481027786077
1780670300,5,GET,/api/concerts,0.400000,0.000000,3,3,3,3,3,3,3,3,3,3,3,1301,0,3,18.04407011607332,2.153862999875855,545.6874760002393,753.0
1780670300,5,GET,/health,0.200000,0.000000,3,3,3,3,3,3,3,3,3,3,3,707,0,3,14.572110192361647,2.194705999954749,273.5818549999749,57.0
1780670300,5,,Aggregated,2.300000,0.000000,140,140,140,140,140,140,140,140,140,140,140,8702,0,160,480.02872271914754,2.153862999875855,4284.553695999875,2718.459549528844
1780670301,5,POST,/api/book,1.900000,0.000000,140,140,140,140,140,140,140,140,140,140,140,6698,0,290,618.6841006978217,91.77507200001855,4284.553695999875,3381.548671245148
1780670301,5,GET,/api/concerts,0.400000,0.000000,3,3,3,3,3,3,3,3,3,3,3,1301,0,3,18.04407011607332,2.153862999875855,545.6874760002393,753.0
1780670301,5,GET,/health,0.100000,0.000000,3,3,3,3,3,3,3,3,3,3,3,707,0,3,14.572110192361647,2.194705999954749,273.5818549999749,57.0
1780670301,5,,Aggregated,2.400000,0.000000,140,140,140,140,140,140,140,140,140,140,140,8706,0,160,479.86720923512775,2.153862999875855,4284.553695999875,2718.7646450723637
1780670302,5,POST,/api/book,1.900000,0.000000,140,140,140,140,140,140,140,140,140,140,140,6699,0,290,618.6108878749081,91.77507200001855,4284.553695999875,3381.54157336916
1780670302,5,GET,/api/concerts,0.400000,0.000000,3,3,3,3,3,3,3,3,3,3,3,1301,0,3,18.04407011607332,2.153862999875855,545.6874760002393,753.0
1780670302,5,GET,/health,0.100000,0.000000,3,3,3,3,3,3,3,3,3,3,3,707,0,3,14.572110192361647,2.194705999954749,273.5818549999749,57.0
1780670302,5,,Aggregated,2.400000,0.000000,140,140,140,140,140,140,140,140,140,140,140,8707,0,160,479.82682382003236,2.153862999875855,4284.553695999875,2718.83530492707
1780670303,5,POST,/api/book,1.900000,0.000000,140,140,140,140,140,140,140,140,140,140,140,6699,0,290,618.6108878749081,91.77507200001855,4284.553695999875,3381.54157336916
1780670303,5,GET,/api/concerts,0.400000,0.000000,3,3,3,3,3,3,3,3,3,3,3,1302,0,3,18.032174705077914,2.153862999875855,545.6874760002393,753.0
1780670303,5,GET,/health,0.100000,0.000000,3,3,3,3,3,3,3,3,3,3,3,707,0,3,14.572110192361647,2.194705999954749,273.5818549999749,57.0
1780670303,5,,Aggregated,2.400000,0.000000,140,140,140,140,140,140,140,140,140,140,140,8708,0,160,479.7720155312382,2.153862999875855,4284.553695999875,2718.6095544327054
1780670304,5,POST,/api/book,1.900000,0.000000,140,140,140,140,140,150,150,150,150,150,150,6703,0,290,618.3280509064613,91.77507200001855,4284.553695999875,3381.547366850664
1780670304,5,GET,/api/concerts,0.300000,0.000000,3,3,3,3,3,3,3,3,3,3,3,1302,0,3,18.032174705077914,2.153862999875855,545.6874760002393,753.0
1780670304,5,GET,/health,0.100000,0.000000,3,3,3,3,3,3,3,3,3,3,3,707,0,3,14.572110192361647,2.194705999954749,273.5818549999749,57.0
1780670304,5,,Aggregated,2.300000,0.000000,140,140,140,140,140,140,150,150,150,150,150,8712,0,160,479.61814722199523,2.153862999875855,4284.553695999875,2718.918388429752
1780670305,5,POST,/api/book,2.000000,0.000000,140,140,140,140,140,150,150,150,150,150,150,6706,0,290,618.1041908789158,91.77507200001855,4284.553695999875,3381.5512973456607
1780670305,5,GET,/api/concerts,0.300000,0.000000,3,3,3,3,3,3,3,3,3,3,3,1302,0,3,18.032174705077914,2.153862999875855,545.6874760002393,753.0
1780670305,5,GET,/health,0.100000,0.000000,3,3,3,3,3,3,3,3,3,3,3,707,0,3,14.572110192361647,2.194705999954749,273.5818549999749,57.0
1780670305,5,,Aggregated,2.400000,0.000000,140,140,140,140,140,140,150,150,150,150,150,8715,0,160,479.4936405514655,2.153862999875855,4284.553695999875,2719.1495123350546
1780670306,5,POST,/api/book,1.900000,0.000000,140,140,140,140,140,150,150,150,150,150,150,6707,0,290,618.032612713286,91.77507200001855,4284.553695999875,3381.553898911585
1780670306,5,GET,/api/concerts,0.400000,0.000000,3,3,3,3,3,3,3,3,3,3,3,1304,0,3,18.00852848620471,2.153862999875855,545.6874760002393,753.0
1780670306,5,GET,/health,0.000000,0.000000,3,3,3,3,3,3,3,3,3,3,3,707,0,3,14.572110192361647,2.194705999954749,273.5818549999749,57.0
1780670306,5,,Aggregated,2.300000,0.000000,140,140,140,140,140,140,150,150,150,150,150,8718,0,160,479.34507186510905,2.153862999875855,4284.553695999875,2718.7764395503555
1780670307,5,POST,/api/book,1.900000,0.000000,140,140,140,140,140,150,150,150,150,150,150,6708,0,290,617.9586204278487,91.77507200001855,4284.553695999875,3381.558437686345
1780670307,5,GET,/api/concerts,0.400000,0.000000,3,3,3,3,3,3,3,3,3,3,3,1304,0,3,18.00852848620471,2.153862999875855,545.6874760002393,753.0
1780670307,5,GET,/health,0.000000,0.000000,3,3,3,3,3,3,3,3,3,3,3,707,0,3,14.572110192361647,2.194705999954749,273.5818549999749,57.0
1780670307,5,,Aggregated,2.300000,0.000000,140,140,140,140,140,140,150,150,150,150,150,8719,0,160,479.30405194196817,2.153862999875855,4284.553695999875,2718.855946782888
1780670308,5,POST,/api/book,2.100000,0.000000,140,140,140,140,240,280,280,280,280,280,280,6711,0,290,617.7802344607375,91.77507200001855,4284.553695999875,3381.546118313217
1780670308,5,GET,/api/concerts,0.300000,0.000000,3,3,3,3,3,3,3,3,3,3,3,1304,0,3,18.00852848620471,2.153862999875855,545.6874760002393,753.0
1780670308,5,GET,/health,0.000000,0.000000,3,3,3,3,3,3,3,3,3,3,3,707,0,3,14.572110192361647,2.194705999954749,273.5818549999749,57.0
1780670308,5,,Aggregated,2.400000,0.000000,140,140,140,140,150,240,280,280,280,280,280,8722,0,160,479.2144871036483,2.153862999875855,4284.553695999875,2719.0744095390965
1780670309,5,POST,/api/book,2.000000,0.000000,140,140,140,150,240,280,280,280,280,280,280,6714,0,290,617.5723667561824,91.77507200001855,4284.553695999875,3381.5384271671137
1780670309,5,GET,/api/concerts,0.300000,0.000000,3,3,3,3,3,3,3,3,3,3,3,1305,0,3,17.99736100690491,2.153862999875855,545.6874760002393,753.0
1780670309,5,GET,/health,0.000000,0.000000,3,3,3,3,3,3,3,3,3,3,3,707,0,3,14.572110192361647,2.194705999954749,273.5818549999749,57.0
1780670309,5,,Aggregated,2.300000,0.000000,140,140,140,140,180,240,280,280,280,280,280,8726,0,160,479.0476631241142,2.153862999875855,4284.553695999875,2719.070937428375
1780670310,5,POST,/api/book,2.100000,0.000000,140,140,140,150,240,280,280,280,280,280,280,6715,0,290,617.4966223815353,91.77507200001855,4284.553695999875,3381.5368577810873
1780670310,5,GET,/api/concerts,0.400000,0.000000,3,3,3,3,3,3,3,3,3,3,3,1305,0,3,17.99736100690491,2.153862999875855,545.6874760002393,753.0
1780670310,5,GET,/health,0.000000,0.000000,3,3,3,3,3,3,3,3,3,3,3,708,0,3,14.555379251411546,2.194705999954749,273.5818549999749,57.0
1780670310,5,,Aggregated,2.500000,0.000000,140,140,140,140,180,240,280,280,280,280,280,8728,0,160,478.9506855999107,2.153862999875855,4284.553695999875,2718.8406278643447
1780670311,5,POST,/api/book,2.100000,0.000000,140,140,140,150,240,280,280,280,280,280,280,6717,0,290,617.3551991855009,91.77507200001855,4284.553695999875,3381.5359535506923
1780670311,5,GET,/api/concerts,0.400000,0.000000,3,3,3,3,3,3,3,3,3,3,3,1305,0,3,17.99736100690491,2.153862999875855,545.6874760002393,753.0
1780670311,5,GET,/health,0.000000,0.000000,3,3,3,3,3,3,3,3,3,3,3,709,0,3,14.538557057827099,2.194705999954749,273.5818549999749,57.0
1780670311,5,,Aggregated,2.500000,0.000000,140,140,140,140,180,240,280,280,280,280,280,8731,0,160,478.8190660860177,2.153862999875855,4284.553695999875,2718.686862902302
1780670312,5,POST,/api/book,2.200000,0.000000,140,140,140,150,240,280,280,280,280,280,280,6718,0,290,617.2771462536482,91.77507200001855,4284.553695999875,3381.5346829413515
1780670312,5,GET,/api/concerts,0.400000,0.000000,3,3,3,3,3,3,3,3,3,3,3,1305,0,3,17.99736100690491,2.153862999875855,545.6874760002393,753.0
1780670312,5,GET,/health,0.000000,0.000000,3,3,3,3,3,3,3,3,3,3,3,709,0,3,14.538557057827099,2.194705999954749,273.5818549999749,57.0
1780670312,5,,Aggregated,2.600000,0.000000,140,140,140,140,180,240,280,280,280,280,280,8732,0,160,478.77488108108344,2.153862999875855,4284.553695999875,2718.761795693999
1780670313,5,POST,/api/book,2.000000,0.000000,140,140,180,220,250,280,280,280,280,280,280,6721,0,290,617.0934160885297,91.77507200001855,4284.553695999875,3381.5412884987354
1780670313,5,GET,/api/concerts,0.400000,0.000000,3,3,3,3,3,3,3,3,3,3,3,1305,0,3,17.99736100690491,2.153862999875855,545.6874760002393,753.0
1780670313,5,GET,/health,0.100000,0.000000,3,3,3,3,3,3,3,3,3,3,3,709,0,3,14.538557057827099,2.194705999954749,273.5818549999749,57.0
1780670313,5,,Aggregated,2.500000,0.000000,140,140,150,180,240,250,280,280,280,280,280,8735,0,160,478.6810810073291,2.153862999875855,4284.553695999875,2718.9945048654836
1780670314,5,POST,/api/book,2.000000,0.000000,140,150,220,220,250,280,280,280,280,280,280,6722,0,290,617.0178645791443,91.77507200001855,4284.553695999875,3381.5446295745314
1780670314,5,GET,/api/concerts,0.400000,0.000000,3,3,3,3,3,3,3,3,3,3,3,1306,0,3,17.985610571983752,2.153862999875855,545.6874760002393,753.0
1780670314,5,GET,/health,0.200000,0.000000,3,3,3,3,3,3,3,3,3,3,3,709,0,3,14.538557057827099,2.194705999954749,273.5818549999749,57.0
1780670314,5,,Aggregated,2.600000,0.000000,140,140,150,180,240,250,280,280,280,280,280,8737,0,160,478.58431155568496,2.153862999875855,4284.553695999875,2718.8478882911754
1780670315,5,POST,/api/book,2.200000,0.000000,140,150,180,220,250,280,280,280,280,280,280,6726,0,290,616.7361586623562,91.77507200001855,4284.553695999875,3381.5557537912578
1780670315,5,GET,/api/concerts,0.300000,0.000000,3,3,3,3,3,3,3,3,3,3,3,1306,0,3,17.985610571983752,2.153862999875855,545.6874760002393,753.0
1780670315,5,GET,/health,0.200000,0.000000,3,3,3,3,3,3,3,3,3,3,3,709,0,3,14.538557057827099,2.194705999954749,273.5818549999749,57.0
1780670315,5,,Aggregated,2.700000,0.000000,140,140,170,180,240,250,280,280,280,280,280,8741,0,160,478.4308943512205,2.153862999875855,4284.553695999875,2719.159707127331
1780670316,5,POST,/api/book,2.200000,0.000000,140,150,180,220,250,280,280,280,280,280,280,6727,0,290,616.6657774111799,91.77507200001855,4284.553695999875,3381.5573063772854
1780670316,5,GET,/api/concerts,0.300000,0.000000,3,3,3,3,3,3,3,3,3,3,3,1306,0,3,17.985610571983752,2.153862999875855,545.6874760002393,753.0
1780670316,5,GET,/health,0.200000,0.000000,3,3,3,3,3,3,3,3,3,3,3,709,0,3,14.538557057827099,2.194705999954749,273.5818549999749,57.0
1780670316,5,,Aggregated,2.700000,0.000000,140,150,170,180,240,250,280,280,280,280,280,8742,0,160,478.3925565094965,2.153862999875855,4284.553695999875,2719.2366735300848
1780670317,5,POST,/api/book,1.900000,0.000000,140,150,150,170,220,250,250,250,250,250,250,6728,0,290,616.5951181391212,91.77507200001855,4284.553695999875,3381.560790725327
1780670317,5,GET,/api/concerts,0.400000,0.000000,3,3,3,3,3,3,3,3,3,3,3,1307,0,3,17.974007561599773,2.153862999875855,545.6874760002393,753.0
1780670317,5,GET,/health,0.200000,0.000000,3,3,3,3,3,3,3,3,3,3,3,709,0,3,14.538557057827099,2.194705999954749,273.5818549999749,57.0
1780670317,5,,Aggregated,2.500000,0.000000,140,140,150,150,180,220,250,250,250,250,250,8744,0,160,478.2996134122848,2.153862999875855,4284.553695999875,2719.090233302836
1780670318,5,POST,/api/book,1.900000,0.000000,140,140,150,170,220,250,250,250,250,250,250,6730,0,290,616.4509242156029,91.77507200001855,4284.553695999875,3381.55705794948
1780670318,5,GET,/api/concerts,0.400000,0.000000,3,3,3,3,3,3,3,3,3,3,3,1308,0,3,17.962339295115342,2.153862999875855,545.6874760002393,753.0
1780670318,5,GET,/health,0.200000,0.000000,3,3,3,3,3,3,3,3,3,3,3,709,0,3,14.538557057827099,2.194705999954749,273.5818549999749,57.0
1780670318,5,,Aggregated,2.500000,0.000000,140,140,140,150,170,220,250,250,250,250,250,8747,0,160,478.16591936927165,2.153862999875855,4284.553695999875,2719.014061964102
1780670319,5,POST,/api/book,2.000000,0.000000,140,140,150,150,220,250,250,250,250,250,250,6730,0,290,616.4509242156029,91.77507200001855,4284.553695999875,3381.55705794948
1780670319,5,GET,/api/concerts,0.300000,0.000000,3,3,3,3,3,3,3,3,3,3,3,1309,0,3,17.950689333851066,2.153862999875855,545.6874760002393,753.0
1780670319,5,GET,/health,0.200000,0.000000,3,3,3,3,3,3,3,3,3,3,3,709,0,3,14.538557057827099,2.194705999954749,273.5818549999749,57.0
1780670319,5,,Aggregated,2.500000,0.000000,140,140,140,150,170,220,250,250,250,250,250,8748,0,160,478.1115694173547,2.153862999875855,4284.553695999875,2718.789323273891
1780670320,5,POST,/api/book,2.000000,0.000000,140,150,150,170,220,250,250,250,250,250,250,6731,0,290,616.3798637468441,91.77507200001855,4284.553695999875,3381.549101173674
1780670320,5,GET,/api/concerts,0.300000,0.000000,3,3,3,3,3,3,3,3,3,3,3,1309,0,3,17.950689333851066,2.153862999875855,545.6874760002393,753.0
1780670320,5,GET,/health,0.200000,0.000000,3,3,3,3,3,3,3,3,3,3,3,709,0,3,14.538557057827099,2.194705999954749,273.5818549999749,57.0
1780670320,5,,Aggregated,2.500000,0.000000,140,140,150,150,220,250,250,250,250,250,250,8749,0,160,478.0727114152496,2.153862999875855,4284.553695999875,2718.8589553091783
1780670321,5,POST,/api/book,1.900000,0.000000,140,150,220,220,270,280,280,280,280,280,280,6734,0,290,616.2062016995853,91.77507200001855,4284.553695999875,3381.5547965547967
1780670321,5,GET,/api/concerts,0.400000,0.000000,3,3,3,3,3,3,3,3,3,3,3,1309,0,3,17.950689333851066,2.153862999875855,545.6874760002393,753.0
1780670321,5,GET,/health,0.200000,0.000000,3,3,3,3,3,3,3,3,3,3,3,710,0,3,14.521616116900704,2.194705999954749,273.5818549999749,57.0
1780670321,5,,Aggregated,2.500000,0.000000,140,140,150,170,250,270,280,280,280,280,280,8753,0,160,477.93217891306057,2.153862999875855,4284.553695999875,2718.7863589626413
1780670322,5,POST,/api/book,1.600000,0.000000,140,140,150,170,270,280,280,280,280,280,280,6734,0,290,616.2062016995853,91.77507200001855,4284.553695999875,3381.5547965547967
1780670322,5,GET,/api/concerts,0.400000,0.000000,3,3,3,3,3,3,3,3,3,3,3,1310,0,3,17.93884370306196,2.153862999875855,545.6874760002393,753.0
1780670322,5,GET,/health,0.200000,0.000000,3,3,3,3,3,3,3,3,3,3,3,710,0,3,14.521616116900704,2.194705999954749,273.5818549999749,57.0
1780670322,5,,Aggregated,2.200000,0.000000,130,140,140,150,270,280,280,280,280,280,280,8754,0,160,477.87786097087263,2.153862999875855,4284.553695999875,2718.561800319854
1780670323,5,POST,/api/book,1.700000,0.000000,140,140,150,150,270,280,280,280,280,280,280,6738,0,290,615.9236254063532,91.77507200001855,4284.553695999875,3381.560552092609
1780670323,5,GET,/api/concerts,0.400000,0.000000,3,3,3,3,3,3,3,3,3,3,3,1310,0,3,17.93884370306196,2.153862999875855,545.6874760002393,753.0
1780670323,5,GET,/health,0.100000,0.000000,3,3,3,3,3,3,3,3,3,3,3,710,0,3,14.521616116900704,2.194705999954749,273.5818549999749,57.0
1780670323,5,,Aggregated,2.200000,0.000000,140,140,140,140,170,270,280,280,280,280,280,8758,0,160,477.723637894727,2.153862999875855,4284.553695999875,2718.869034026033
1780670324,5,POST,/api/book,1.700000,0.000000,140,140,140,170,270,280,280,280,280,280,280,6739,0,290,615.85296836786,91.77507200001855,4284.553695999875,3381.562546371865
1780670324,5,GET,/api/concerts,0.400000,0.000000,3,3,3,3,3,3,3,3,3,3,3,1310,0,3,17.93884370306196,2.153862999875855,545.6874760002393,753.0
1780670324,5,GET,/health,0.100000,0.000000,3,3,3,3,3,3,3,3,3,3,3,710,0,3,14.521616116900704,2.194705999954749,273.5818549999749,57.0
1780670324,5,,Aggregated,2.200000,0.000000,140,140,140,140,270,280,280,280,280,280,280,8759,0,160,477.68505383320235,2.153862999875855,4284.553695999875,2718.9462267382123
1780670325,5,POST,/api/book,1.500000,0.000000,140,140,140,140,270,280,280,280,280,280,280,6742,0,290,615.641350653813,91.77507200001855,4284.553695999875,3381.561999406704
1780670325,5,GET,/api/concerts,0.500000,0.000000,3,3,3,3,3,3,3,3,3,3,3,1311,0,3,17.927538559886408,2.153862999875855,545.6874760002393,753.0
1780670325,5,GET,/health,0.100000,0.000000,3,3,3,3,3,3,3,3,3,3,3,710,0,3,14.521616116900704,2.194705999954749,273.5818549999749,57.0
1780670325,5,,Aggregated,2.100000,0.000000,140,140,140,140,140,270,280,280,280,280,280,8763,0,160,477.51538703674754,2.153862999875855,4284.553695999875,2718.948305374872
1780670326,5,POST,/api/book,1.500000,0.000000,140,140,140,140,270,280,280,280,280,280,280,6744,0,290,615.4961354470652,91.77507200001855,4284.553695999875,3381.5604982206405
1780670326,5,GET,/api/concerts,0.500000,0.000000,3,3,3,3,3,3,3,3,3,3,3,1311,0,3,17.927538559886408,2.153862999875855,545.6874760002393,753.0
1780670326,5,GET,/health,0.100000,0.000000,3,3,3,3,3,3,3,3,3,3,3,710,0,3,14.521616116900704,2.194705999954749,273.5818549999749,57.0
1780670326,5,,Aggregated,2.100000,0.000000,140,140,140,140,140,270,280,280,280,280,280,8765,0,160,477.4351726126662,2.153862999875855,4284.553695999875,2719.0983456930976
1780670327,5,POST,/api/book,1.600000,0.000000,140,140,140,140,270,280,280,280,280,280,280,6747,0,290,615.2836031129402,91.77507200001855,4284.553695999875,3381.565732918334
1780670327,5,GET,/api/concerts,0.500000,0.000000,3,3,3,3,3,3,3,3,3,3,3,1311,0,3,17.927538559886408,2.153862999875855,545.6874760002393,753.0
1780670327,5,GET,/health,0.100000,0.000000,3,3,3,3,3,3,3,3,3,3,3,710,0,3,14.521616116900704,2.194705999954749,273.5818549999749,57.0
1780670327,5,,Aggregated,2.200000,0.000000,140,140,140,140,140,270,280,280,280,280,280,8768,0,160,477.3188664117266,2.153862999875855,4284.553695999875,2719.329037408759
1780670328,5,POST,/api/book,1.600000,0.000000,140,140,140,140,270,280,280,280,280,280,280,6748,0,290,615.2130304927397,91.77507200001855,4284.553695999875,3381.565797273266
1780670328,5,GET,/api/concerts,0.500000,0.000000,3,3,3,3,3,3,3,3,3,3,3,1311,0,3,17.927538559886408,2.153862999875855,545.6874760002393,753.0
1780670328,5,GET,/health,0.100000,0.000000,3,3,3,3,3,3,3,3,3,3,3,710,0,3,14.521616116900704,2.194705999954749,273.5818549999749,57.0
1780670328,5,,Aggregated,2.200000,0.000000,140,140,140,140,140,270,280,280,280,280,280,8769,0,160,477.2802919671592,2.153862999875855,4284.553695999875,2719.4046071387843
1780670329,5,POST,/api/book,1.800000,0.000000,140,140,140,140,270,280,280,280,280,280,280,6749,0,290,615.1401216660257,91.77507200001855,4284.553695999875,3381.5723810934956
1780670329,5,GET,/api/concerts,0.400000,0.000000,2,2,3,3,3,3,3,3,3,3,3,1312,0,3,17.915777971044985,2.153862999875855,545.6874760002393,753.0
1780670329,5,GET,/health,0.100000,0.000000,3,3,3,3,3,3,3,3,3,3,3,711,0,3,14.504872374119948,2.194705999954749,273.5818549999749,57.0
1780670329,5,,Aggregated,2.300000,0.000000,140,140,140,140,140,270,280,280,280,280,280,8772,0,160,477.13168559963736,2.153862999875855,4284.553695999875,2718.957478340173
1780670330,5,POST,/api/book,1.800000,0.000000,140,140,140,140,270,280,280,280,280,280,280,6751,0,290,614.9975259804485,91.77507200001855,4284.553695999875,3381.5704340097764
1780670330,5,GET,/api/concerts,0.300000,0.000000,3,3,3,3,3,3,3,3,3,3,3,1313,0,3,17.90413157274228,2.153862999875855,545.6874760002393,753.0
1780670330,5,GET,/health,0.100000,0.000000,3,3,3,3,3,3,3,3,3,3,3,711,0,3,14.504872374119948,2.194705999954749,273.5818549999749,57.0
1780670330,5,,Aggregated,2.200000,0.000000,140,140,140,140,140,140,140,140,140,140,140,8775,0,160,476.9993603312842,2.153862999875855,4284.553695999875,2718.882962962963
1780670331,5,POST,/api/book,1.900000,0.000000,140,140,140,140,140,140,140,140,140,140,140,6754,0,280,614.7850477909399,91.77507200001855,4284.553695999875,3381.5820254663904
1780670331,5,GET,/api/concerts,0.300000,0.000000,3,3,3,3,3,3,3,3,3,3,3,1313,0,3,17.90413157274228,2.153862999875855,545.6874760002393,753.0
1780670331,5,GET,/health,0.100000,0.000000,3,3,3,3,3,3,3,3,3,3,3,711,0,3,14.504872374119948,2.194705999954749,273.5818549999749,57.0
1780670331,5,,Aggregated,2.300000,0.000000,140,140,140,140,140,140,140,140,140,140,140,8778,0,160,476.88303734256306,2.153862999875855,4284.553695999875,2719.1183640920485
1780670332,5,POST,/api/book,1.900000,0.000000,140,140,140,140,140,140,140,140,140,140,140,6755,0,280,614.7105671819405,91.77507200001855,4284.553695999875,3381.580310880829
1780670332,5,GET,/api/concerts,0.300000,0.000000,3,3,3,3,3,3,3,3,3,3,3,1313,0,3,17.90413157274228,2.153862999875855,545.6874760002393,753.0
1780670332,5,GET,/health,0.100000,0.000000,3,3,3,3,3,3,3,3,3,3,3,711,0,3,14.504872374119948,2.194705999954749,273.5818549999749,57.0
1780670332,5,,Aggregated,2.300000,0.000000,140,140,140,140,140,140,140,140,140,140,140,8779,0,160,476.841436419526,2.153862999875855,4284.553695999875,2719.192504841098
1780670333,5,POST,/api/book,1.800000,0.000000,140,140,140,140,300,300,300,300,300,300,300,6759,0,280,614.4770604090854,91.77507200001855,4284.553695999875,3381.5823346648913
1780670333,5,GET,/api/concerts,0.400000,0.000000,3,3,3,3,3,3,3,3,3,3,3,1314,0,3,17.892674074589653,2.153862999875855,545.6874760002393,753.0
1780670333,5,GET,/health,0.100000,0.000000,3,3,3,3,3,3,3,3,3,3,3,711,0,3,14.504872374119948,2.194705999954749,273.5818549999749,57.0
1780670333,5,,Aggregated,2.300000,0.000000,140,140,140,140,140,300,300,300,300,300,300,8784,0,160,476.67058165949675,2.153862999875855,4284.553695999875,2719.2718579234975
1780670334,5,POST,/api/book,1.800000,0.000000,140,140,140,140,300,300,300,300,300,300,300,6759,0,280,614.4770604090854,91.77507200001855,4284.553695999875,3381.5823346648913
1780670334,5,GET,/api/concerts,0.400000,0.000000,3,3,3,3,3,3,3,3,3,3,3,1314,0,3,17.892674074589653,2.153862999875855,545.6874760002393,753.0
1780670334,5,GET,/health,0.100000,0.000000,3,3,3,3,3,3,3,3,3,3,3,711,0,3,14.504872374119948,2.194705999954749,273.5818549999749,57.0
1780670334,5,,Aggregated,2.300000,0.000000,140,140,140,140,140,300,300,300,300,300,300,8784,0,160,476.67058165949675,2.153862999875855,4284.553695999875,2719.2718579234975
1780670335,5,POST,/api/book,2.100000,0.000000,140,140,140,290,300,350,350,350,350,350,350,6763,0,280,614.2421583971624,91.77507200001855,4284.553695999875,3381.5858346887476
1780670335,5,GET,/api/concerts,0.300000,0.000000,3,3,3,3,3,3,3,3,3,3,3,1315,0,3,17.88112873689019,2.153862999875855,545.6874760002393,753.0
1780670335,5,GET,/health,0.100000,0.000000,3,3,3,3,3,3,3,3,3,3,3,711,0,3,14.504872374119948,2.194705999954749,273.5818549999749,57.0
1780670335,5,,Aggregated,2.500000,0.000000,140,140,140,140,300,300,350,350,350,350,350,8789,0,160,476.4986193863943,2.153862999875855,4284.553695999875,2719.3522585049495
1780670336,5,POST,/api/book,2.000000,0.000000,140,140,140,290,300,350,350,350,350,350,350,6764,0,280,614.172014147695,91.77507200001855,4284.553695999875,3381.586635127144
1780670336,5,GET,/api/concerts,0.400000,0.000000,3,3,3,3,3,3,3,3,3,3,3,1315,0,3,17.88112873689019,2.153862999875855,545.6874760002393,753.0
1780670336,5,GET,/health,0.100000,0.000000,3,3,3,3,3,3,3,3,3,3,3,712,0,3,14.488296834268143,2.194705999954749,273.5818549999749,57.0
1780670336,5,,Aggregated,2.500000,0.000000,140,140,140,140,300,300,350,350,350,350,350,8791,0,160,476.40642194631084,2.153862999875855,4284.553695999875,2719.1253554771924
1780670337,5,POST,/api/book,2.200000,0.000000,140,140,140,290,300,350,350,350,350,350,350,6765,0,280,614.0949817917235,91.77507200001855,4284.553695999875,3381.580635624538
1780670337,5,GET,/api/concerts,0.400000,0.000000,3,3,3,3,3,3,3,3,3,3,3,1315,0,3,17.88112873689019,2.153862999875855,545.6874760002393,753.0
1780670337,5,GET,/health,0.100000,0.000000,3,3,3,3,3,3,3,3,3,3,3,712,0,3,14.488296834268143,2.194705999954749,273.5818549999749,57.0
1780670337,5,,Aggregated,2.700000,0.000000,130,140,140,140,300,300,350,350,350,350,350,8792,0,160,476.3628188644244,2.153862999875855,4284.553695999875,2719.1960873521384
1780670338,5,POST,/api/book,2.200000,0.000000,140,140,190,290,300,350,350,350,350,350,350,6766,0,280,614.0317417840687,91.77507200001855,4284.553695999875,3381.5886786875553
1780670338,5,GET,/api/concerts,0.400000,0.000000,3,3,3,3,3,3,3,3,3,3,3,1317,0,3,17.85831204784387,2.153862999875855,545.6874760002393,753.0
1780670338,5,GET,/health,0.100000,0.000000,3,3,3,3,3,3,3,3,3,3,3,712,0,3,14.488296834268143,2.194705999954749,273.5818549999749,57.0
1780670338,5,,Aggregated,2.700000,0.000000,140,140,140,190,300,300,350,350,350,350,350,8795,0,160,476.2221522710652,2.153862999875855,4284.553695999875,2718.8304718590107
1780670339,5,POST,/api/book,1.800000,0.000000,140,140,190,290,300,350,350,350,350,350,350,6768,0,280,613.8852338034883,91.77507200001855,4284.553695999875,3381.582594562648
1780670339,5,GET,/api/concerts,0.400000,0.000000,3,3,3,3,3,3,3,3,3,3,3,1317,0,3,17.85831204784387,2.153862999875855,545.6874760002393,753.0
1780670339,5,GET,/health,0.200000,0.000000,3,3,3,3,3,3,3,3,3,3,3,712,0,3,14.488296834268143,2.194705999954749,273.5818549999749,57.0
1780670339,5,,Aggregated,2.400000,0.000000,140,140,140,190,300,300,350,350,350,350,350,8797,0,160,476.1407669313424,2.153862999875855,4284.553695999875,2718.976469250881
1780670340,5,POST,/api/book,1.800000,0.000000,140,140,190,290,300,350,350,350,350,350,350,6769,0,280,613.8082272255886,91.77507200001855,4284.553695999875,3381.5797015807357
1780670340,5,GET,/api/concerts,0.400000,0.000000,3,3,3,3,3,3,3,3,3,3,3,1317,0,3,17.85831204784387,2.153862999875855,545.6874760002393,753.0
1780670340,5,GET,/health,0.200000,0.000000,3,3,3,3,3,3,3,3,3,3,3,712,0,3,14.488296834268143,2.194705999954749,273.5818549999749,57.0
1780670340,5,,Aggregated,2.400000,0.000000,140,140,140,190,300,300,350,350,350,350,350,8798,0,160,476.0971759948873,2.153862999875855,4284.553695999875,2719.0495567174357
1780670341,5,POST,/api/book,1.800000,0.000000,140,150,290,290,300,350,350,350,350,350,350,6771,0,280,613.6697087662101,91.77507200001855,4284.553695999875,3381.5925269531826
1780670341,5,GET,/api/concerts,0.600000,0.000000,3,3,3,3,3,3,3,3,3,3,3,1317,0,3,17.85831204784387,2.153862999875855,545.6874760002393,753.0
1780670341,5,GET,/health,0.200000,0.000000,3,3,3,3,3,3,3,3,3,3,3,712,0,3,14.488296834268143,2.194705999954749,273.5818549999749,57.0
1780670341,5,,Aggregated,2.600000,0.000000,140,140,150,190,300,300,350,350,350,350,350,8800,0,160,476.0218934510248,2.153862999875855,4284.553695999875,2719.21
1780670342,5,POST,/api/book,1.800000,0.000000,140,190,300,300,300,350,350,350,350,350,350,6772,0,280,613.6234293823107,91.77507200001855,4284.553695999875,3381.5878617838157
1780670342,5,GET,/api/concerts,0.500000,0.000000,3,3,3,3,3,3,3,3,3,3,3,1317,0,3,17.85831204784387,2.153862999875855,545.6874760002393,753.0
1780670342,5,GET,/health,0.200000,0.000000,3,3,3,3,3,3,3,3,3,3,3,712,0,3,14.488296834268143,2.194705999954749,273.5818549999749,57.0
1780670342,5,,Aggregated,2.500000,0.000000,140,150,290,300,300,350,350,350,350,350,350,8801,0,160,476.0019234280216,2.153862999875855,4284.553695999875,2719.2816725372118
1780670343,5,POST,/api/book,1.900000,0.000000,150,290,350,350,840,920,920,920,920,920,920,6775,0,280,613.6998261653149,91.77507200001855,4284.553695999875,3381.587306273063
1780670343,5,GET,/api/concerts,0.400000,0.000000,3,3,3,3,3,3,3,3,3,3,3,1318,0,3,17.846955474211338,2.153862999875855,545.6874760002393,753.0
1780670343,5,GET,/health,0.100000,0.000000,3,3,3,3,3,3,3,3,3,3,3,712,0,3,14.488296834268143,2.194705999954749,273.5818549999749,57.0
1780670343,5,,Aggregated,2.400000,0.000000,140,150,290,300,600,840,920,920,920,920,920,8805,0,160,476.0538645009674,2.153862999875855,4284.553695999875,2719.28358886996
1780670344,5,POST,/api/book,1.900000,0.000000,140,190,300,600,840,920,920,920,920,920,920,6776,0,280,613.6300792601842,91.77507200001855,4284.553695999875,3381.5891381345928
1780670344,5,GET,/api/concerts,0.400000,0.000000,3,3,3,3,3,3,3,3,3,3,3,1318,0,3,17.846955474211338,2.153862999875855,545.6874760002393,753.0
1780670344,5,GET,/health,0.100000,0.000000,3,3,3,3,3,3,3,3,3,3,3,712,0,3,14.488296834268143,2.194705999954749,273.5818549999749,57.0
1780670344,5,,Aggregated,2.400000,0.000000,140,150,190,300,840,920,920,920,920,920,920,8806,0,160,476.01582690529386,2.153862999875855,4284.553695999875,2719.3602089484443
1780670345,5,POST,/api/book,1.700000,0.000000,140,150,300,600,840,920,920,920,920,920,920,6778,0,280,613.4903887090599,91.77507200001855,4284.553695999875,3381.5835054588374
1780670345,5,GET,/api/concerts,0.400000,0.000000,3,3,3,3,3,3,3,3,3,3,3,1318,0,3,17.846955474211338,2.153862999875855,545.6874760002393,753.0
1780670345,5,GET,/health,0.100000,0.000000,3,3,3,3,3,3,3,3,3,3,3,713,0,3,14.471525678820798,2.194705999954749,273.5818549999749,57.0
1780670345,5,,Aggregated,2.200000,0.000000,140,140,190,300,840,920,920,920,920,920,920,8809,0,160,475.8858371885592,2.153862999875855,4284.553695999875,2719.2039959132703
1780670346,5,POST,/api/book,1.800000,0.000000,140,150,300,600,840,920,920,920,920,920,920,6779,0,280,613.4205794981572,91.77507200001855,4284.553695999875,3381.5860746422777
1780670346,5,GET,/api/concerts,0.400000,0.000000,3,3,3,3,3,3,3,3,3,3,3,1320,0,3,17.824275901523034,2.153862999875855,545.6874760002393,753.0
1780670346,5,GET,/health,0.100000,0.000000,3,3,3,3,3,3,3,3,3,3,3,714,0,3,14.455220476189929,2.194705999954749,273.5818549999749,57.0
1780670346,5,,Aggregated,2.300000,0.000000,140,140,150,190,600,840,920,920,920,920,920,8813,0,160,475.68673323817296,2.153862999875855,4284.553695999875,2718.5328492000453
1780670347,5,POST,/api/book,1.500000,0.000000,140,140,300,600,840,920,920,920,920,920,920,6781,0,280,613.2742845801515,91.77507200001855,4284.553695999875,3381.588703731013
1780670347,5,GET,/api/concerts,0.300000,0.000000,3,3,3,3,3,3,3,3,3,3,3,1320,0,3,17.824275901523034,2.153862999875855,545.6874760002393,753.0
1780670347,5,GET,/health,0.200000,0.000000,3,3,3,3,3,3,3,3,3,3,3,714,0,3,14.455220476189929,2.194705999954749,273.5818549999749,57.0
1780670347,5,,Aggregated,2.000000,0.000000,140,140,150,300,840,920,920,920,920,920,920,8815,0,160,475.6054447360202,2.153862999875855,4284.553695999875,2718.685309132161
1780670348,5,POST,/api/book,1.500000,0.000000,140,140,300,300,840,920,920,920,920,920,920,6783,0,280,613.1282908969494,91.77507200001855,4284.553695999875,3381.5916261241337
1780670348,5,GET,/api/concerts,0.300000,0.000000,3,3,3,3,3,3,3,3,3,3,3,1320,0,3,17.824275901523034,2.153862999875855,545.6874760002393,753.0
1780670348,5,GET,/health,0.200000,0.000000,3,3,3,3,3,3,3,3,3,3,3,714,0,3,14.455220476189929,2.194705999954749,273.5818549999749,57.0
1780670348,5,,Aggregated,2.000000,0.000000,140,140,140,150,600,840,920,920,920,920,920,8817,0,160,475.5243584852011,2.153862999875855,4284.553695999875,2718.8379267324485
1780670349,5,POST,/api/book,1.600000,0.000000,140,140,300,300,840,920,920,920,920,920,920,6785,0,280,612.988408928962,91.77507200001855,4284.553695999875,3381.5815770081063
1780670349,5,GET,/api/concerts,0.500000,0.000000,3,3,3,3,3,3,3,3,3,3,3,1321,0,3,17.81281045572318,2.153862999875855,545.6874760002393,753.0
1780670349,5,GET,/health,0.200000,0.000000,3,3,3,3,3,3,3,3,3,3,3,714,0,3,14.455220476189929,2.194705999954749,273.5818549999749,57.0
1780670349,5,,Aggregated,2.300000,0.000000,140,140,140,150,600,840,920,920,920,920,920,8820,0,160,475.3943429268728,2.153862999875855,4284.553695999875,2718.7575963718823
1780670350,5,POST,/api/book,1.700000,0.000000,140,140,300,300,840,920,920,920,920,920,920,6787,0,280,612.8466105896578,91.77507200001855,4284.553695999875,3381.5790481803447
1780670350,5,GET,/api/concerts,0.300000,0.000000,3,3,3,3,3,3,3,3,3,3,3,1321,0,3,17.81281045572318,2.153862999875855,545.6874760002393,753.0
1780670350,5,GET,/health,0.200000,0.000000,3,3,3,3,3,3,3,3,3,3,3,715,0,3,14.438750793006538,2.194705999954749,273.5818549999749,57.0
1780670350,5,,Aggregated,2.200000,0.000000,140,140,140,140,600,840,920,920,920,920,920,8823,0,160,475.2628783294818,2.153862999875855,4284.553695999875,2718.604216252975
1780670351,5,POST,/api/book,1.700000,0.000000,140,140,140,140,840,920,920,920,920,920,920,6789,0,280,612.7080156844908,91.77507200001855,4284.553695999875,3381.5782884077184
1780670351,5,GET,/api/concerts,0.400000,0.000000,3,3,3,3,3,3,3,3,3,3,3,1321,0,3,17.81281045572318,2.153862999875855,545.6874760002393,753.0
1780670351,5,GET,/health,0.200000,0.000000,3,3,3,3,3,3,3,3,3,3,3,715,0,3,14.438750793006538,2.194705999954749,273.5818549999749,57.0
1780670351,5,,Aggregated,2.300000,0.000000,140,140,140,140,600,840,920,920,920,920,920,8825,0,160,475.1874388567726,2.153862999875855,4284.553695999875,2718.75388101983
1780670352,5,POST,/api/book,1.700000,0.000000,140,140,140,140,140,140,140,140,140,140,140,6793,0,280,612.4225489980873,91.77507200001855,4284.553695999875,3381.5873693508024
1780670352,5,GET,/api/concerts,0.400000,0.000000,3,3,3,3,3,3,3,3,3,3,3,1321,0,3,17.81281045572318,2.153862999875855,545.6874760002393,753.0
1780670352,5,GET,/health,0.200000,0.000000,3,3,3,3,3,3,3,3,3,3,3,715,0,3,14.438750793006538,2.194705999954749,273.5818549999749,57.0
1780670352,5,,Aggregated,2.300000,0.000000,140,140,140,140,140,140,140,140,140,140,140,8829,0,160,475.03010587529934,2.153862999875855,4284.553695999875,2719.0611620795107
1780670353,5,POST,/api/book,1.700000,0.000000,140,140,140,140,140,140,140,140,140,140,140,6794,0,280,612.3470602196066,91.77507200001855,4284.553695999875,3381.5863997644983
1780670353,5,GET,/api/concerts,0.400000,0.000000,3,3,3,3,3,3,3,3,3,3,3,1321,0,3,17.81281045572318,2.153862999875855,545.6874760002393,753.0
1780670353,5,GET,/health,0.300000,0.000000,3,3,3,3,3,3,3,3,3,3,3,715,0,3,14.438750793006538,2.194705999954749,273.5818549999749,57.0
1780670353,5,,Aggregated,2.400000,0.000000,140,140,140,140,140,140,140,140,140,140,140,8830,0,160,474.98758284949236,2.153862999875855,4284.553695999875,2719.135447338618
1780670354,5,POST,/api/book,1.700000,0.000000,140,140,140,140,140,140,140,140,140,140,140,6796,0,280,612.2077968666874,91.77507200001855,4284.553695999875,3381.5824014125956
1780670354,5,GET,/api/concerts,0.400000,0.000000,3,3,3,3,3,3,3,3,3,3,3,1323,0,3,17.790011303106553,2.153862999875855,545.6874760002393,753.0
1780670354,5,GET,/health,0.300000,0.000000,3,3,3,3,3,3,3,3,3,3,3,715,0,3,14.438750793006538,2.194705999954749,273.5818549999749,57.0
1780670354,5,,Aggregated,2.400000,0.000000,130,140,140,140,140,140,140,140,140,140,140,8834,0,160,474.8046274934365,2.153862999875855,4284.553695999875,2718.8372198324655
1780670355,5,POST,/api/book,1.800000,0.000000,140,140,140,140,140,150,150,150,150,150,150,6797,0,280,612.1390687260567,91.77507200001855,4284.553695999875,3381.582904222451
1780670355,5,GET,/api/concerts,0.400000,0.000000,3,3,3,3,3,3,3,3,3,3,3,1324,0,3,17.778558108768976,2.153862999875855,545.6874760002393,753.0
1780670355,5,GET,/health,0.300000,0.000000,3,3,3,3,3,3,3,3,3,3,3,715,0,3,14.438750793006538,2.194705999954749,273.5818549999749,57.0
1780670355,5,,Aggregated,2.500000,0.000000,140,140,140,140,140,140,150,150,150,150,150,8836,0,160,474.7138714219125,2.153862999875855,4284.553695999875,2718.690131281123
1780670356,5,POST,/api/book,2.000000,0.000000,140,140,140,140,140,150,150,150,150,150,150,6800,0,280,611.9292444254423,91.77507200001855,4284.553695999875,3381.5698529411766
1780670356,5,GET,/api/concerts,0.500000,0.000000,3,3,3,3,3,3,3,3,3,3,3,1324,0,3,17.778558108768976,2.153862999875855,545.6874760002393,753.0
1780670356,5,GET,/health,0.300000,0.000000,3,3,3,3,3,3,3,3,3,3,3,715,0,3,14.438750793006538,2.194705999954749,273.5818549999749,57.0
1780670356,5,,Aggregated,2.800000,0.000000,140,140,140,140,140,140,150,150,150,150,150,8839,0,160,474.5990926401198,2.153862999875855,4284.553695999875,2718.905079760154
1780670357,5,POST,/api/book,2.000000,0.000000,140,140,140,140,140,150,150,150,150,150,150,6801,0,280,611.8566005500674,91.77507200001855,4284.553695999875,3381.5700632259964
1780670357,5,GET,/api/concerts,0.500000,0.000000,3,3,3,3,3,3,3,3,3,3,3,1324,0,3,17.778558108768976,2.153862999875855,545.6874760002393,753.0
1780670357,5,GET,/health,0.300000,0.000000,3,3,3,3,3,3,3,3,3,3,3,715,0,3,14.438750793006538,2.194705999954749,273.5818549999749,57.0
1780670357,5,,Aggregated,2.800000,0.000000,140,140,140,140,140,140,150,150,150,150,150,8840,0,160,474.55873960339585,2.153862999875855,4284.553695999875,2718.9802036199094
1780670358,5,POST,/api/book,1.800000,0.000000,140,140,140,140,140,150,150,150,150,150,150,6803,0,280,611.7106107480535,91.73528099972827,4284.553695999875,3381.5691606644127
1780670358,5,GET,/api/concerts,0.600000,0.000000,3,3,3,3,3,3,3,3,3,3,3,1324,0,3,17.778558108768976,2.153862999875855,545.6874760002393,753.0
1780670358,5,GET,/health,0.200000,0.000000,3,3,3,3,3,3,3,3,3,3,3,715,0,3,14.438750793006538,2.194705999954749,273.5818549999749,57.0
1780670358,5,,Aggregated,2.600000,0.000000,140,140,140,140,140,140,150,150,150,150,150,8842,0,160,474.4774714625672,2.153862999875855,4284.553695999875,2719.129382492649
1780670359,5,POST,/api/book,2.100000,0.000000,140,140,140,140,140,150,150,150,150,150,150,6806,0,280,611.4951309716439,91.73528099972827,4284.553695999875,3381.5744930943283
1780670359,5,GET,/api/concerts,0.400000,0.000000,3,3,3,3,3,3,3,3,3,3,3,1325,0,3,17.767151144913477,2.153862999875855,545.6874760002393,753.0
1780670359,5,GET,/health,0.100000,0.000000,3,3,3,3,3,3,3,3,3,3,3,715,0,3,14.438750793006538,2.194705999954749,273.5818549999749,57.0
1780670359,5,,Aggregated,2.600000,0.000000,130,140,140,140,140,140,150,150,150,150,150,8846,0,160,474.30488847807135,2.153862999875855,4284.553695999875,2719.135880624011
1780670360,5,POST,/api/book,2.100000,0.000000,140,140,140,140,150,150,150,150,150,150,150,6807,0,280,611.427071215074,91.73528099972827,4284.553695999875,3381.578522109593
1780670360,5,GET,/api/concerts,0.400000,0.000000,3,3,3,3,3,3,3,3,3,3,3,1325,0,3,17.767151144913477,2.153862999875855,545.6874760002393,753.0
1780670360,5,GET,/health,0.100000,0.000000,3,3,3,3,3,3,3,3,3,3,3,715,0,3,14.438750793006538,2.194705999954749,273.5818549999749,57.0
1780670360,5,,Aggregated,2.600000,0.000000,130,140,140,140,140,150,150,150,150,150,150,8847,0,160,474.26802937097534,2.153862999875855,4284.553695999875,2719.2138578049057
1780670361,5,POST,/api/book,2.000000,0.000000,140,140,140,140,150,150,150,150,150,150,150,6809,0,280,611.2867699679847,91.73528099972827,4284.553695999875,3381.587164047584
1780670361,5,GET,/api/concerts,0.400000,0.000000,3,3,3,3,3,3,3,3,3,3,3,1325,0,3,17.767151144913477,2.153862999875855,545.6874760002393,753.0
1780670361,5,GET,/health,0.100000,0.000000,3,3,3,3,3,3,3,3,3,3,3,715,0,3,14.438750793006538,2.194705999954749,273.5818549999749,57.0
1780670361,5,,Aggregated,2.500000,0.000000,130,140,140,140,140,150,150,150,150,150,150,8849,0,160,474.1910723015051,2.153862999875855,4284.553695999875,2719.3702113233135
1780670362,5,POST,/api/book,2.100000,0.000000,140,140,140,150,270,300,300,300,300,300,300,6812,0,280,611.122622979596,91.73528099972827,4284.553695999875,3381.5876394597767
1780670362,5,GET,/api/concerts,0.400000,0.000000,3,3,3,3,3,3,3,3,3,3,3,1325,0,3,17.767151144913477,2.153862999875855,545.6874760002393,753.0
1780670362,5,GET,/health,0.100000,0.000000,3,3,3,3,3,3,3,3,3,3,3,715,0,3,14.438750793006538,2.194705999954749,273.5818549999749,57.0
1780670362,5,,Aggregated,2.600000,0.000000,140,140,140,140,150,270,300,300,300,300,300,8852,0,160,474.1112166539786,2.153862999875855,4284.553695999875,2719.595006778129
1780670363,5,POST,/api/book,2.100000,0.000000,140,140,140,140,150,270,300,300,300,300,300,6814,0,280,610.980875951865,91.73528099972827,4284.553695999875,3381.579982389199
1780670363,5,GET,/api/concerts,0.400000,0.000000,3,3,3,3,3,3,3,3,3,3,3,1325,0,3,17.767151144913477,2.153862999875855,545.6874760002393,753.0
1780670363,5,GET,/health,0.000000,0.000000,3,3,3,3,3,3,3,3,3,3,3,715,0,3,14.438750793006538,2.194705999954749,273.5818549999749,57.0
1780670363,5,,Aggregated,2.500000,0.000000,140,140,140,150,270,300,300,300,300,300,300,8854,0,160,474.0330777976077,2.153862999875855,4284.553695999875,2719.7386491981024
1780670364,5,POST,/api/book,2.000000,0.000000,140,140,140,140,150,270,300,300,300,300,300,6817,0,280,610.7669958310119,91.73528099972827,4284.553695999875,3381.576499926654
1780670364,5,GET,/api/concerts,0.400000,0.000000,3,3,3,3,3,3,3,3,3,3,3,1326,0,3,17.755753570897877,2.153862999875855,545.6874760002393,753.0
1780670364,5,GET,/health,0.000000,0.000000,3,3,3,3,3,3,3,3,3,3,3,715,0,3,14.438750793006538,2.194705999954749,273.5818549999749,57.0
1780670364,5,,Aggregated,2.400000,0.000000,140,140,140,140,150,270,300,300,300,300,300,8858,0,160,473.86164446060263,2.153862999875855,4284.553695999875,2719.7380898622714
1780670365,5,POST,/api/book,2.000000,0.000000,140,140,140,140,270,300,300,300,300,300,300,6819,0,280,610.6291432075095,91.73528099972827,4284.553695999875,3381.573104560786
1780670365,5,GET,/api/concerts,0.400000,0.000000,3,3,3,3,3,3,3,3,3,3,3,1326,0,3,17.755753570897877,2.153862999875855,545.6874760002393,753.0
1780670365,5,GET,/health,0.000000,0.000000,3,3,3,3,3,3,3,3,3,3,3,715,0,3,14.438750793006538,2.194705999954749,273.5818549999749,57.0
1780670365,5,,Aggregated,2.400000,0.000000,140,140,140,140,150,270,300,300,300,300,300,8860,0,160,473.7864518717854,2.153862999875855,4284.553695999875,2719.884875846501
1780670366,5,POST,/api/book,1.900000,0.000000,140,140,140,140,270,300,300,300,300,300,300,6820,0,280,610.5601657505875,91.73528099972827,4284.553695999875,3381.5765395894427
1780670366,5,GET,/api/concerts,0.300000,0.000000,3,3,3,3,3,3,3,3,3,3,3,1326,0,3,17.755753570897877,2.153862999875855,545.6874760002393,753.0
1780670366,5,GET,/health,0.000000,0.000000,3,3,3,3,3,3,3,3,3,3,3,716,0,3,14.422180555865143,2.194705999954749,273.5818549999749,57.0
1780670366,5,,Aggregated,2.200000,0.000000,140,140,140,140,150,270,300,300,300,300,300,8862,0,160,473.69563765876984,2.153862999875855,4284.553695999875,2719.661701647484
1780670367,5,POST,/api/book,1.900000,0.000000,140,140,140,150,270,300,300,300,300,300,300,6823,0,280,610.3537174478979,91.73528099972827,4284.553695999875,3381.5721823244908
1780670367,5,GET,/api/concerts,0.300000,0.000000,3,3,3,3,3,3,3,3,3,3,3,1326,0,3,17.755753570897877,2.153862999875855,545.6874760002393,753.0
1780670367,5,GET,/health,0.000000,0.000000,3,3,3,3,3,3,3,3,3,3,3,716,0,3,14.422180555865143,2.194705999954749,273.5818549999749,57.0
1780670367,5,,Aggregated,2.200000,0.000000,140,140,140,140,150,270,300,300,300,300,300,8865,0,160,473.5830597473231,2.153862999875855,4284.553695999875,2719.8823463056965
1780670368,5,POST,/api/book,2.000000,0.000000,140,140,140,150,270,300,300,300,300,300,300,6825,0,280,610.2159127777301,91.73528099972827,4284.553695999875,3381.56673992674
1780670368,5,GET,/api/concerts,0.200000,0.000000,3,3,3,3,3,3,3,3,3,3,3,1326,0,3,17.755753570897877,2.153862999875855,545.6874760002393,753.0
1780670368,5,GET,/health,0.100000,0.000000,3,3,3,3,3,3,3,3,3,3,3,716,0,3,14.422180555865143,2.194705999954749,273.5818549999749,57.0
1780670368,5,,Aggregated,2.300000,0.000000,140,140,140,140,150,270,300,300,300,300,300,8867,0,160,473.50783976779286,2.153862999875855,4284.553695999875,2720.027404984775
1780670369,5,POST,/api/book,2.200000,0.000000,140,140,140,150,270,270,300,300,300,300,300,6828,0,280,610.0486831584664,91.73528099972827,4284.553695999875,3381.5714704159345
1780670369,5,GET,/api/concerts,0.200000,0.000000,3,3,3,3,3,3,3,3,3,3,3,1326,0,3,17.755753570897877,2.153862999875855,545.6874760002393,753.0
1780670369,5,GET,/health,0.100000,0.000000,3,3,3,3,3,3,3,3,3,3,3,716,0,3,14.422180555865143,2.194705999954749,273.5818549999749,57.0
1780670369,5,,Aggregated,2.500000,0.000000,140,140,140,150,270,270,300,300,300,300,300,8870,0,160,473.4253460111634,2.153862999875855,4284.553695999875,2720.2547914317925
1780670370,5,POST,/api/book,2.100000,0.000000,140,140,140,150,270,270,300,300,300,300,300,6830,0,280,609.9102408049793,91.73528099972827,4284.553695999875,3381.562664714495
1780670370,5,GET,/api/concerts,0.200000,0.000000,3,3,3,3,3,3,3,3,3,3,3,1326,0,3,17.755753570897877,2.153862999875855,545.6874760002393,753.0
1780670370,5,GET,/health,0.100000,0.000000,3,3,3,3,3,3,3,3,3,3,3,716,0,3,14.422180555865143,2.194705999954749,273.5818549999749,57.0
1780670370,5,,Aggregated,2.400000,0.000000,140,140,140,150,270,270,300,300,300,300,300,8872,0,160,473.3495666378515,2.153862999875855,4284.553695999875,2720.397091974752
1780670371,5,POST,/api/book,2.100000,0.000000,140,140,140,140,270,270,270,270,270,270,270,6832,0,280,609.7721435613303,91.73528099972827,4284.553695999875,3381.571282201405
1780670371,5,GET,/api/concerts,0.100000,0.000000,3,3,3,3,3,3,3,3,3,3,3,1327,0,3,17.744719513949008,2.153862999875855,545.6874760002393,753.0
1780670371,5,GET,/health,0.100000,0.000000,3,3,3,3,3,3,3,3,3,3,3,716,0,3,14.422180555865143,2.194705999954749,273.5818549999749,57.0
1780670371,5,,Aggregated,2.300000,0.000000,140,140,140,140,150,270,270,270,270,270,270,8875,0,160,473.2210488883401,2.153862999875855,4284.553695999875,2720.331042253521
1780670372,5,POST,/api/book,2.100000,0.000000,140,140,140,140,150,270,270,270,270,270,270,6835,0,280,609.5552960832492,91.70699800006332,4284.553695999875,3381.5782004389175
1780670372,5,GET,/api/concerts,0.100000,0.000000,3,3,3,3,3,3,3,3,3,3,3,1327,0,3,17.744719513949008,2.153862999875855,545.6874760002393,753.0
1780670372,5,GET,/health,0.100000,0.000000,3,3,3,3,3,3,3,3,3,3,3,716,0,3,14.422180555865143,2.194705999954749,273.5818549999749,57.0
1780670372,5,,Aggregated,2.300000,0.000000,140,140,140,140,150,270,270,270,270,270,270,8878,0,160,473.10024474003353,2.153862999875855,4284.553695999875,2720.5598107681913
1780670373,5,POST,/api/book,2.200000,0.000000,140,140,140,140,150,270,270,270,270,270,270,6839,0,280,609.278911448751,91.70699800006332,4284.553695999875,3381.565725983331
1780670373,5,GET,/api/concerts,0.200000,0.000000,3,3,3,3,3,3,3,3,3,3,3,1327,0,3,17.744719513949008,2.153862999875855,545.6874760002393,753.0
1780670373,5,GET,/health,0.100000,0.000000,3,3,3,3,3,3,3,3,3,3,3,716,0,3,14.422180555865143,2.194705999954749,273.5818549999749,57.0
1780670373,5,,Aggregated,2.500000,0.000000,140,140,140,140,150,270,270,270,270,270,270,8882,0,160,472.94888532661776,2.153862999875855,4284.553695999875,2720.847894618329
