Timestamp,User Count,Type,Name,Requests/s,Failures/s,50%,66%,75%,80%,90%,95%,98%,99%,99.9%,99.99%,100%,Total Request Count,Total Failure Count,Total Median Response Time,Total Average Response Time,Total Min Response Time,Total Max Response Time,Total Average Content Size
1780224414,0,,Aggregated,0.000000,0.000000,N/A,N/A,N/A,N/A,N/A,N/A,N/A,N/A,N/A,N/A,N/A,0,0,0,0.0,0,0,0
1780224415,1,GET,/health,0.000000,0.000000,0,0,0,0,0,0,0,0,0,0,0,1,0,8.407874999988962,8.407874999988962,8.407874999988962,8.407874999988962,57.0
1780224415,1,,Aggregated,0.000000,0.000000,0,0,0,0,0,0,0,0,0,0,0,1,0,8.407874999988962,8.407874999988962,8.407874999988962,8.407874999988962,57.0
1780224416,2,POST,/api/book,0.000000,0.000000,0,0,0,0,0,0,0,0,0,0,0,1,0,158.62844499997664,158.62844499997664,158.62844499997664,158.62844499997664,3396.0
1780224416,2,GET,/health,0.000000,0.000000,4,4,4,4,4,4,4,4,4,4,4,2,0,4.464794000000438,6.4363344999947,4.464794000000438,8.407874999988962,57.0
1780224416,2,,Aggregated,0.000000,0.000000,160,160,160,160,160,160,160,160,160,160,160,3,0,8,57.16703799998868,4.464794000000438,158.62844499997664,1170.0
1780224417,3,POST,/api/book,0.000000,0.000000,160,160,160,160,160,160,160,160,160,160,160,1,0,158.62844499997664,158.62844499997664,158.62844499997664,158.62844499997664,3396.0
1780224417,3,GET,/api/concerts,0.000000,0.000000,0,0,0,0,0,0,0,0,0,0,0,1,0,4.230354000014813,4.230354000014813,4.230354000014813,4.230354000014813,753.0
1780224417,3,GET,/health,0.000000,0.000000,4,4,4,4,4,4,4,4,4,4,4,2,0,4.464794000000438,6.4363344999947,4.464794000000438,8.407874999988962,57.0
1780224417,3,,Aggregated,0.000000,0.000000,4,4,160,160,160,160,160,160,160,160,160,4,0,4.230354000014813,43.93286699999521,4.230354000014813,158.62844499997664,1065.75
1780224418,4,POST,/api/book,0.500000,0.000000,160,160,170,170,170,170,170,170,170,170,170,4,0,140,152.08588825001357,132.77762300003815,174.0632190000042,3374.0
1780224418,4,GET,/api/concerts,0.000000,0.000000,4,4,4,4,4,4,4,4,4,4,4,1,0,4.230354000014813,4.230354000014813,4.230354000014813,4.230354000014813,753.0
1780224418,4,GET,/health,1.000000,0.000000,4,4,4,4,4,4,4,4,4,4,4,2,0,4.464794000000438,6.4363344999947,4.464794000000438,8.407874999988962,57.0
1780224418,4,,Aggregated,1.500000,0.000000,140,140,160,160,170,170,170,170,170,170,170,7,0,130,89.34951085715122,4.230354000014813,174.0632190000042,2051.8571428571427
1780224419,5,POST,/api/book,0.333333,0.000000,140,160,170,170,180,180,180,180,180,180,180,7,0,140,143.31880814285927,103.7734689999752,177.55349200001547,3374.5714285714284
1780224419,5,GET,/api/concerts,0.333333,0.000000,4,4,4,4,4,4,4,4,4,4,4,1,0,4.230354000014813,4.230354000014813,4.230354000014813,4.230354000014813,753.0
1780224419,5,GET,/health,0.666667,0.000000,4,4,4,4,4,4,4,4,4,4,4,2,0,4.464794000000438,6.4363344999947,4.464794000000438,8.407874999988962,57.0
1780224419,5,,Aggregated,1.333333,0.000000,130,140,160,170,180,180,180,180,180,180,180,10,0,110,102.0334680000019,4.230354000014813,177.55349200001547,2448.9
1780224420,5,POST,/api/book,0.333333,0.000000,140,160,170,170,180,180,180,180,180,180,180,7,0,140,143.31880814285927,103.7734689999752,177.55349200001547,3374.5714285714284
1780224420,5,GET,/api/concerts,0.333333,0.000000,4,4,4,4,4,4,4,4,4,4,4,2,0,3.2250350000140315,3.7276945000144224,3.2250350000140315,4.230354000014813,753.0
1780224420,5,GET,/health,0.666667,0.000000,4,4,4,4,4,4,4,4,4,4,4,2,0,4.464794000000438,6.4363344999947,4.464794000000438,8.407874999988962,57.0
1780224420,5,,Aggregated,1.333333,0.000000,130,140,160,170,180,180,180,180,180,180,180,11,0,110,93.05088318182119,3.2250350000140315,177.55349200001547,2294.7272727272725
1780224421,5,POST,/api/book,0.750000,0.000000,140,160,170,180,260,260,260,260,260,260,260,9,0,140,155.88842444444455,103.7734689999752,256.9128610000462,3378.0
1780224421,5,GET,/api/concerts,0.250000,0.000000,3,3,4,4,4,4,4,4,4,4,4,3,0,3.010614999993777,3.4886680000075407,3.010614999993777,4.230354000014813,753.0
1780224421,5,GET,/health,0.500000,0.000000,4,4,4,4,4,4,4,4,4,4,4,3,0,4,5.2271450000110535,2.808766000043761,8.407874999988962,57.0
1780224421,5,,Aggregated,1.500000,0.000000,130,140,160,170,180,260,260,260,260,260,260,15,0,110,95.27621726667046,2.808766000043761,256.9128610000462,2188.8
1780224422,5,POST,/api/book,1.166667,0.000000,160,170,180,260,410,410,410,410,410,410,410,10,0,140,181.3235473000077,103.7734689999752,410.23965300007603,3376.9
1780224422,5,GET,/api/concerts,0.333333,0.000000,3,3,4,4,4,4,4,4,4,4,4,3,0,3.010614999993777,3.4886680000075407,3.010614999993777,4.230354000014813,753.0
1780224422,5,GET,/health,0.333333,0.000000,4,4,4,4,4,4,4,4,4,4,4,3,0,4,5.2271450000110535,2.808766000043761,8.407874999988962,57.0
1780224422,5,,Aggregated,1.833333,0.000000,130,140,170,180,260,410,410,410,410,410,410,16,0,110,114.9614320000083,2.808766000043761,410.23965300007603,2262.4375
1780224423,5,POST,/api/book,1.166667,0.000000,170,260,280,300,390,410,410,410,410,410,410,13,0,170,213.49670192307713,103.7734689999752,410.23965300007603,3382.6153846153848
1780224423,5,GET,/api/concerts,0.333333,0.000000,3,3,4,4,4,4,4,4,4,4,4,4,0,3.010614999993777,3.404563499998403,3.010614999993777,4.230354000014813,753.0
1780224423,5,GET,/health,0.333333,0.000000,4,4,4,4,4,4,4,4,4,4,4,3,0,4,5.2271450000110535,2.808766000043761,8.407874999988962,57.0
1780224423,5,,Aggregated,1.833333,0.000000,140,170,260,280,390,410,410,410,410,410,410,20,0,130,140.23784070000147,2.808766000043761,410.23965300007603,2357.85
1780224424,5,POST,/api/book,1.166667,0.000000,170,260,280,300,390,410,410,410,410,410,410,13,0,170,213.49670192307713,103.7734689999752,410.23965300007603,3382.6153846153848
1780224424,5,GET,/api/concerts,0.333333,0.000000,3,3,4,4,4,4,4,4,4,4,4,4,0,3.010614999993777,3.404563499998403,3.010614999993777,4.230354000014813,753.0
1780224424,5,GET,/health,0.333333,0.000000,4,4,4,4,4,4,4,4,4,4,4,3,0,4,5.2271450000110535,2.808766000043761,8.407874999988962,57.0
1780224424,5,,Aggregated,1.833333,0.000000,140,170,260,280,390,410,410,410,410,410,410,20,0,130,140.23784070000147,2.808766000043761,410.23965300007603,2357.85
1780224425,5,POST,/api/book,1.125000,0.000000,170,260,280,300,390,410,410,410,410,410,410,14,0,160,208.5638261428601,103.7734689999752,410.23965300007603,3385.5714285714284
1780224425,5,GET,/api/concerts,0.375000,0.000000,3,3,3,4,4,4,4,4,4,4,4,5,0,3,3.318328599993947,2.973388999976123,4.230354000014813,753.0
1780224425,5,GET,/health,0.375000,0.000000,4,4,4,4,4,4,4,4,4,4,4,3,0,4,5.2271450000110535,2.808766000043761,8.407874999988962,57.0
1780224425,5,,Aggregated,1.875000,0.000000,140,170,260,280,390,410,410,410,410,410,410,22,0,130,134.18939290909293,2.808766000043761,410.23965300007603,2333.3636363636365
1780224426,5,POST,/api/book,1.444444,0.000000,140,180,280,300,390,410,410,410,410,410,410,16,0,140,199.00108718751142,103.7734689999752,410.23965300007603,3384.5625
1780224426,5,GET,/api/concerts,0.444444,0.000000,3,3,3,4,4,4,4,4,4,4,4,5,0,3,3.318328599993947,2.973388999976123,4.230354000014813,753.0
1780224426,5,GET,/health,0.333333,0.000000,3,3,4,4,4,4,4,4,4,4,4,4,0,3,4.631657250001808,2.808766000043761,8.407874999988962,57.0
1780224426,5,,Aggregated,2.222222,0.000000,140,140,180,260,300,390,410,410,410,410,410,25,0,130,128.76542668000639,2.808766000043761,410.23965300007603,2325.84
1780224427,5,POST,/api/book,1.400000,0.000000,180,230,280,300,390,410,410,410,410,410,410,18,0,160,199.70379672222785,103.7734689999752,410.23965300007603,3382.722222222222
1780224427,5,GET,/api/concerts,0.500000,0.000000,3,3,3,4,4,4,4,4,4,4,4,5,0,3,3.318328599993947,2.973388999976123,4.230354000014813,753.0
1780224427,5,GET,/health,0.200000,0.000000,3,3,3,3,3,3,3,3,3,3,3,4,0,3,4.631657250001808,2.808766000043761,8.407874999988962,57.0
1780224427,5,,Aggregated,2.100000,0.000000,140,180,230,260,300,390,410,410,410,410,410,27,0,140,134.43654122222512,2.808766000043761,410.23965300007603,2403.037037037037
1780224428,5,POST,/api/book,1.400000,0.000000,230,260,300,300,390,410,410,410,410,410,410,18,0,160,199.70379672222785,103.7734689999752,410.23965300007603,3382.722222222222
1780224428,5,GET,/api/concerts,0.500000,0.000000,3,3,3,3,3,3,3,3,3,3,3,6,0,3,3.2864693333181094,2.973388999976123,4.230354000014813,753.0
1780224428,5,GET,/health,0.200000,0.000000,3,3,3,3,3,3,3,3,3,3,3,4,0,3,4.631657250001808,2.808766000043761,8.407874999988962,57.0
1780224428,5,,Aggregated,2.100000,0.000000,140,180,260,280,390,410,410,410,410,410,410,28,0,130,129.74692092857205,2.808766000043761,410.23965300007603,2344.1071428571427
1780224429,5,POST,/api/book,1.600000,0.000000,180,260,280,300,390,410,410,410,410,410,410,21,0,150,191.3868231428664,103.7734689999752,410.23965300007603,3382.5714285714284
1780224429,5,GET,/api/concerts,0.400000,0.000000,3,3,3,3,3,3,3,3,3,3,3,6,0,3,3.2864693333181094,2.973388999976123,4.230354000014813,753.0
1780224429,5,GET,/health,0.200000,0.000000,3,3,3,3,3,3,3,3,3,3,3,4,0,3,4.631657250001808,2.808766000043761,8.407874999988962,57.0
1780224429,5,,Aggregated,2.200000,0.000000,140,180,260,280,390,410,410,410,410,410,410,31,0,140,130.88286229032616,2.808766000043761,410.23965300007603,2444.516129032258
1780224430,5,POST,/api/book,1.600000,0.000000,150,230,280,300,390,410,410,410,410,410,410,22,0,140,189.12618331818913,103.7734689999752,410.23965300007603,3380.7272727272725
1780224430,5,GET,/api/concerts,0.400000,0.000000,3,3,3,3,3,3,3,3,3,3,3,6,0,3,3.2864693333181094,2.973388999976123,4.230354000014813,753.0
1780224430,5,GET,/health,0.200000,0.000000,3,3,3,3,3,3,3,3,3,3,3,4,0,3,4.631657250001808,2.808766000043761,8.407874999988962,57.0
1780224430,5,,Aggregated,2.200000,0.000000,140,150,230,260,300,390,410,410,410,410,410,32,0,140,131.2194211875024,2.808766000043761,410.23965300007603,2472.5625
1780224431,5,POST,/api/book,1.500000,0.000000,180,280,310,310,390,410,410,410,410,410,410,25,0,150,198.09190388001298,103.7734689999752,410.23965300007603,3378.8
1780224431,5,GET,/api/concerts,0.500000,0.000000,3,3,4,4,4,4,4,4,4,4,4,7,0,3,3.329260142842421,2.973388999976123,4.230354000014813,753.0
1780224431,5,GET,/health,0.200000,0.000000,3,3,3,3,3,3,3,3,3,3,3,4,0,3,4.631657250001808,2.808766000043761,8.407874999988962,57.0
1780224431,5,,Aggregated,2.200000,0.000000,140,180,280,300,330,390,410,410,410,410,410,36,0,140,138.72580686111746,2.808766000043761,410.23965300007603,2499.1388888888887
1780224432,5,POST,/api/book,1.500000,0.000000,150,230,300,310,390,410,410,410,410,410,410,27,0,150,193.9706138148225,103.7734689999752,410.23965300007603,3377.0
1780224432,5,GET,/api/concerts,0.400000,0.000000,3,3,4,4,4,4,4,4,4,4,4,7,0,3,3.329260142842421,2.973388999976123,4.230354000014813,753.0
1780224432,5,GET,/health,0.200000,0.000000,3,3,3,3,3,3,3,3,3,3,3,4,0,3,4.631657250001808,2.808766000043761,8.407874999988962,57.0
1780224432,5,,Aggregated,2.100000,0.000000,140,180,280,300,330,390,410,410,410,410,410,38,0,140,138.92205323684504,2.808766000043761,410.23965300007603,2544.157894736842
1780224433,5,POST,/api/book,1.500000,0.000000,140,150,180,180,310,330,330,330,330,330,330,29,0,150,191.17818200000502,103.7734689999752,410.23965300007603,3378.344827586207
1780224433,5,GET,/api/concerts,0.400000,0.000000,3,3,4,4,4,4,4,4,4,4,4,7,0,3,3.329260142842421,2.973388999976123,4.230354000014813,753.0
1780224433,5,GET,/health,0.200000,0.000000,3,3,3,3,3,3,3,3,3,3,3,4,0,3,4.631657250001808,2.808766000043761,8.407874999988962,57.0
1780224433,5,,Aggregated,2.100000,0.000000,140,150,170,180,310,330,330,330,330,330,330,40,0,140,139.64996820000124,2.808766000043761,410.23965300007603,2586.775
1780224434,5,POST,/api/book,1.600000,0.000000,150,150,180,180,310,330,330,330,330,330,330,30,0,150,189.69544833333885,103.7734689999752,410.23965300007603,3379.8333333333335
1780224434,5,GET,/api/concerts,0.400000,0.000000,3,3,4,4,4,4,4,4,4,4,4,8,0,3,3.2619544999903383,2.790815000025759,4.230354000014813,753.0
1780224434,5,GET,/health,0.100000,0.000000,3,3,3,3,3,3,3,3,3,3,3,5,0,3,4.269204199999876,2.808766000043761,8.407874999988962,57.0
1780224434,5,,Aggregated,2.100000,0.000000,140,150,150,170,230,310,330,330,330,330,330,43,0,140,133.44895597674622,2.790815000025759,410.23965300007603,2504.7441860465115
1780224435,5,POST,/api/book,1.600000,0.000000,150,150,180,230,310,330,330,330,330,330,330,31,0,150,188.16048670968513,103.7734689999752,410.23965300007603,3379.7419354838707
1780224435,5,GET,/api/concerts,0.300000,0.000000,3,3,4,4,4,4,4,4,4,4,4,9,0,3,3.2277986666587015,2.790815000025759,4.230354000014813,753.0
1780224435,5,GET,/health,0.100000,0.000000,3,3,3,3,3,3,3,3,3,3,3,5,0,3,4.269204199999876,2.808766000043761,8.407874999988962,57.0
1780224435,5,,Aggregated,2.000000,0.000000,140,150,170,180,310,330,330,330,330,330,330,45,0,140,130.7415843777815,2.790815000025759,410.23965300007603,2485.2
1780224436,5,POST,/api/book,1.600000,0.000000,140,150,170,170,310,330,330,330,330,330,330,33,0,140,184.1458905151588,102.91141100003642,410.23965300007603,3378.3333333333335
1780224436,5,GET,/api/concerts,0.300000,0.000000,3,3,4,4,4,4,4,4,4,4,4,9,0,3,3.2277986666587015,2.790815000025759,4.230354000014813,753.0
1780224436,5,GET,/health,0.100000,0.000000,3,3,3,3,3,3,3,3,3,3,3,5,0,3,4.269204199999876,2.808766000043761,8.407874999988962,57.0
1780224436,5,,Aggregated,2.000000,0.000000,140,140,150,150,230,310,330,330,330,330,330,47,0,140,130.3661828936206,2.790815000025759,410.23965300007603,2522.276595744681
1780224437,5,POST,/api/book,1.700000,0.000000,140,150,150,150,310,330,330,330,330,330,330,34,0,140,182.8689863235361,102.91141100003642,410.23965300007603,3378.0588235294117
1780224437,5,GET,/api/concerts,0.400000,0.000000,3,3,3,4,4,4,4,4,4,4,4,10,0,3,3.2037195999919277,2.790815000025759,4.230354000014813,753.0
1780224437,5,GET,/health,0.200000,0.000000,3,3,3,3,3,3,3,3,3,3,3,5,0,3,4.269204199999876,2.808766000043761,8.407874999988962,57.0
1780224437,5,,Aggregated,2.300000,0.000000,140,140,150,150,170,310,330,330,330,330,330,49,0,140,127.97813779592133,2.790815000025759,410.23965300007603,2503.4489795918366
1780224438,5,POST,/api/book,1.600000,0.000000,140,140,150,170,310,330,330,330,330,330,330,35,0,140,181.45800562857792,102.91141100003642,410.23965300007603,3377.057142857143
1780224438,5,GET,/api/concerts,0.400000,0.000000,3,3,3,4,4,4,4,4,4,4,4,11,0,3,3.1767429090905352,2.790815000025759,4.230354000014813,753.0
1780224438,5,GET,/health,0.200000,0.000000,3,3,3,3,3,3,3,3,3,3,3,5,0,3,4.269204199999876,2.808766000043761,8.407874999988962,57.0
1780224438,5,,Aggregated,2.200000,0.000000,140,140,140,150,170,310,330,330,330,330,330,51,0,140,125.63373313725927,2.790815000025759,410.23965300007603,2485.5882352941176
1780224439,5,POST,/api/book,1.700000,0.000000,140,150,150,170,310,330,330,330,330,330,330,36,0,140,179.3706167222303,102.91141100003642,410.23965300007603,3376.8611111111113
1780224439,5,GET,/api/concerts,0.400000,0.000000,3,3,4,4,4,4,4,4,4,4,4,12,0,3,3.21854566666957,2.790815000025759,4.230354000014813,753.0
1780224439,5,GET,/health,0.100000,0.000000,3,3,3,3,3,3,3,3,3,3,3,6,0,3,4.018099333336522,2.7625750000197513,8.407874999988962,57.0
1780224439,5,,Aggregated,2.200000,0.000000,140,140,140,150,170,310,330,330,330,330,330,54,0,140,120.74209900000639,2.7625750000197513,410.23965300007603,2424.9074074074074
1780224440,5,POST,/api/book,1.700000,0.000000,140,140,150,170,310,320,320,320,320,320,320,39,0,140,185.32568079488334,102.91141100003642,410.23965300007603,3376.871794871795
1780224440,5,GET,/api/concerts,0.500000,0.000000,3,3,4,4,4,4,4,4,4,4,4,12,0,3,3.21854566666957,2.790815000025759,4.230354000014813,753.0
1780224440,5,GET,/health,0.100000,0.000000,3,3,3,3,3,3,3,3,3,3,3,6,0,3,4.018099333336522,2.7625750000197513,8.407874999988962,57.0
1780224440,5,,Aggregated,2.300000,0.000000,140,140,140,140,170,310,320,320,320,320,320,57,0,140,127.90232798246498,2.7625750000197513,410.23965300007603,2475.0175438596493
1780224441,5,POST,/api/book,1.600000,0.000000,140,140,150,170,310,320,320,320,320,320,320,40,0,140,184.19156542501298,102.91141100003642,410.23965300007603,3377.0
1780224441,5,GET,/api/concerts,0.600000,0.000000,3,3,3,3,4,4,4,4,4,4,4,13,0,3,3.2078525384629475,2.790815000025759,4.230354000014813,753.0
1780224441,5,GET,/health,0.200000,0.000000,3,3,3,3,3,3,3,3,3,3,3,6,0,3,4.018099333336522,2.7625750000197513,8.407874999988962,57.0
1780224441,5,,Aggregated,2.400000,0.000000,140,140,140,140,170,310,320,320,320,320,320,59,0,140,125.99107281356876,2.7625750000197513,410.23965300007603,2461.2033898305085
1780224442,5,POST,/api/book,1.500000,0.000000,140,140,140,150,310,320,320,320,320,320,320,43,0,140,180.62687413955013,102.91141100003642,410.23965300007603,3378.5813953488373
1780224442,5,GET,/api/concerts,0.600000,0.000000,3,3,3,3,4,4,4,4,4,4,4,13,0,3,3.2078525384629475,2.790815000025759,4.230354000014813,753.0
1780224442,5,GET,/health,0.200000,0.000000,3,3,3,3,3,3,3,3,3,3,3,6,0,3,4.018099333336522,2.7625750000197513,8.407874999988962,57.0
1780224442,5,,Aggregated,2.300000,0.000000,130,140,140,140,150,310,320,320,320,320,320,62,0,140,126.33493979033376,2.7625750000197513,410.23965300007603,2506.6129032258063
1780224443,5,POST,/api/book,1.500000,0.000000,140,140,140,150,310,320,320,320,320,320,320,43,0,140,180.62687413955013,102.91141100003642,410.23965300007603,3378.5813953488373
1780224443,5,GET,/api/concerts,0.600000,0.000000,3,3,3,4,4,4,4,4,4,4,4,13,0,3,3.2078525384629475,2.790815000025759,4.230354000014813,753.0
1780224443,5,GET,/health,0.200000,0.000000,3,3,3,3,3,3,3,3,3,3,3,6,0,3,4.018099333336522,2.7625750000197513,8.407874999988962,57.0
1780224443,5,,Aggregated,2.300000,0.000000,130,140,140,140,310,320,320,320,320,320,320,62,0,140,126.33493979033376,2.7625750000197513,410.23965300007603,2506.6129032258063
1780224444,5,POST,/api/book,1.400000,0.000000,140,140,140,140,310,320,320,320,320,320,320,43,0,140,180.62687413955013,102.91141100003642,410.23965300007603,3378.5813953488373
1780224444,5,GET,/api/concerts,0.600000,0.000000,3,3,3,3,4,4,4,4,4,4,4,14,0,3,3.195565642857088,2.790815000025759,4.230354000014813,753.0
1780224444,5,GET,/health,0.200000,0.000000,3,3,3,3,3,3,3,3,3,3,3,8,0,3,3.7296545000060632,2.7625750000197513,8.407874999988962,57.0
1780224444,5,,Aggregated,2.200000,0.000000,120,140,140,140,140,310,320,320,320,320,320,65,0,140,120.63893450770313,2.7625750000197513,410.23965300007603,2404.2615384615383
1780224445,5,POST,/api/book,1.600000,0.000000,140,140,140,140,310,320,320,320,320,320,320,44,0,140,179.53858459092555,102.91141100003642,410.23965300007603,3378.409090909091
1780224445,5,GET,/api/concerts,0.600000,0.000000,3,3,3,3,4,4,4,4,4,4,4,15,0,3,3.1872008000012406,2.790815000025759,4.230354000014813,753.0
1780224445,5,GET,/health,0.200000,0.000000,3,3,3,3,3,3,3,3,3,3,3,8,0,3,3.7296545000060632,2.7625750000197513,8.407874999988962,57.0
1780224445,5,,Aggregated,2.400000,0.000000,120,140,140,140,310,320,320,320,320,320,320,67,0,140,119.064820447773,2.7625750000197513,410.23965300007603,2394.044776119403
1780224446,5,POST,/api/book,1.300000,0.000000,140,140,140,140,310,320,320,320,320,320,320,46,0,140,177.78382789132166,102.91141100003642,410.23965300007603,3377.6739130434785
1780224446,5,GET,/api/concerts,0.600000,0.000000,3,3,3,4,4,4,4,4,4,4,4,15,0,3,3.1872008000012406,2.790815000025759,4.230354000014813,753.0
1780224446,5,GET,/health,0.300000,0.000000,3,3,3,3,3,3,3,3,3,3,3,8,0,3,3.7296545000060632,2.7625750000197513,8.407874999988962,57.0
1780224446,5,,Aggregated,2.200000,0.000000,130,140,140,140,310,320,320,320,320,320,320,69,0,140,119.64784537682412,2.7625750000197513,410.23965300007603,2422.086956521739
1780224447,5,POST,/api/book,1.400000,0.000000,140,140,140,140,310,320,320,320,320,320,320,48,0,140,175.59892420834913,102.91141100003642,410.23965300007603,3378.9375
1780224447,5,GET,/api/concerts,0.600000,0.000000,3,3,3,4,4,4,4,4,4,4,4,16,0,3,3.1855980000017325,2.790815000025759,4.230354000014813,753.0
1780224447,5,GET,/health,0.300000,0.000000,3,3,3,3,3,3,3,3,3,3,3,8,0,3,3.7296545000060632,2.7625750000197513,8.407874999988962,57.0
1780224447,5,,Aggregated,2.300000,0.000000,120,140,140,140,140,310,320,320,320,320,320,72,0,140,118.18826619445609,2.7625750000197513,410.23965300007603,2426.2916666666665
1780224448,5,POST,/api/book,1.400000,0.000000,140,140,140,140,310,320,320,320,320,320,320,49,0,140,174.5908352857311,102.91141100003642,410.23965300007603,3379.081632653061
1780224448,5,GET,/api/concerts,0.600000,0.000000,3,3,3,4,4,4,4,4,4,4,4,16,0,3,3.1855980000017325,2.790815000025759,4.230354000014813,753.0
1780224448,5,GET,/health,0.300000,0.000000,3,3,3,3,3,3,3,3,3,3,3,8,0,3,3.7296545000060632,2.7625750000197513,8.407874999988962,57.0
1780224448,5,,Aggregated,2.300000,0.000000,130,140,140,140,310,320,320,320,320,320,320,73,0,140,118.29805113699867,2.7625750000197513,410.23965300007603,2439.4383561643835
1780224449,5,POST,/api/book,1.400000,0.000000,140,140,230,250,310,320,320,320,320,320,320,52,0,140,177.1287839807856,102.91141100003642,410.23965300007603,3379.519230769231
1780224449,5,GET,/api/concerts,0.500000,0.000000,3,3,3,3,3,3,3,3,3,3,3,17,0,3,3.173734705883897,2.790815000025759,4.230354000014813,753.0
1780224449,5,GET,/health,0.300000,0.000000,3,3,3,3,3,3,3,3,3,3,3,8,0,3,3.7296545000060632,2.7625750000197513,8.407874999988962,57.0
1780224449,5,,Aggregated,2.200000,0.000000,140,140,140,180,250,310,320,320,320,320,320,77,0,140,120.70762977923287,2.7625750000197513,410.23965300007603,2454.4415584415583
1780224450,5,POST,/api/book,1.400000,0.000000,140,140,140,180,230,250,250,250,250,250,250,54,0,140,175.56650853705415,102.91141100003642,410.23965300007603,3379.5185185185187
1780224450,5,GET,/api/concerts,0.500000,0.000000,3,3,3,3,3,3,3,3,3,3,3,17,0,3,3.173734705883897,2.790815000025759,4.230354000014813,753.0
1780224450,5,GET,/health,0.300000,0.000000,3,3,3,3,3,3,3,3,3,3,3,8,0,3,3.7296545000060632,2.7625750000197513,8.407874999988962,57.0
1780224450,5,,Aggregated,2.200000,0.000000,130,140,140,140,180,230,250,250,250,250,250,79,0,140,121.06812894937978,2.7625750000197513,410.23965300007603,2477.8607594936707
1780224451,5,POST,/api/book,1.500000,0.000000,140,180,230,250,280,350,350,350,350,350,350,57,0,140,181.08762373685948,102.91141100003642,410.23965300007603,3379.3859649122805
1780224451,5,GET,/api/concerts,0.500000,0.000000,3,3,3,3,3,3,3,3,3,3,3,17,0,3,3.173734705883897,2.790815000025759,4.230354000014813,753.0
1780224451,5,GET,/health,0.200000,0.000000,3,3,3,3,3,3,3,3,3,3,3,8,0,3,3.7296545000060632,2.7625750000197513,8.407874999988962,57.0
1780224451,5,,Aggregated,2.200000,0.000000,130,140,180,200,250,280,350,350,350,350,350,82,0,140,126.89982047562279,2.7625750000197513,410.23965300007603,2510.756097560976
1780224452,5,POST,/api/book,1.500000,0.000000,140,230,250,280,350,380,380,380,380,380,380,59,0,140,186.32138791527117,102.91141100003642,410.23965300007603,3379.271186440678
1780224452,5,GET,/api/concerts,0.500000,0.000000,3,3,3,3,3,3,3,3,3,3,3,17,0,3,3.173734705883897,2.790815000025759,4.230354000014813,753.0
1780224452,5,GET,/health,0.200000,0.000000,3,3,3,3,3,3,3,3,3,3,3,8,0,3,3.7296545000060632,2.7625750000197513,8.407874999988962,57.0
1780224452,5,,Aggregated,2.200000,0.000000,140,180,230,250,290,350,380,380,380,380,380,84,0,140,131.86610253572712,2.7625750000197513,410.23965300007603,2531.3571428571427
1780224453,5,POST,/api/book,1.600000,0.000000,140,230,250,280,350,380,380,380,380,380,380,60,0,140,185.50332185001628,102.91141100003642,410.23965300007603,3379.1666666666665
1780224453,5,GET,/api/concerts,0.400000,0.000000,3,3,3,3,3,3,3,3,3,3,3,18,0,3,3.1614437777799744,2.790815000025759,4.230354000014813,753.0
1780224453,5,GET,/health,0.200000,0.000000,3,3,3,3,3,3,3,3,3,3,3,8,0,3,3.7296545000060632,2.7625750000197513,8.407874999988962,57.0
1780224453,5,,Aggregated,2.200000,0.000000,140,180,230,250,290,350,380,380,380,380,380,86,0,140,130.42956436047754,2.7625750000197513,410.23965300007603,2520.4651162790697
1780224454,5,POST,/api/book,1.600000,0.000000,140,230,250,280,350,380,380,380,380,380,380,61,0,140,184.2977713934573,102.91141100003642,410.23965300007603,3378.754098360656
1780224454,5,GET,/api/concerts,0.400000,0.000000,3,3,3,3,3,3,3,3,3,3,3,18,0,3,3.1614437777799744,2.790815000025759,4.230354000014813,753.0
1780224454,5,GET,/health,0.200000,0.000000,3,3,3,3,3,3,3,3,3,3,3,8,0,3,3.7296545000060632,2.7625750000197513,8.407874999988962,57.0
1780224454,5,,Aggregated,2.200000,0.000000,140,200,250,280,350,380,380,380,380,380,380,87,0,140,130.2173250459884,2.7625750000197513,410.23965300007603,2530.0459770114944
1780224455,5,POST,/api/book,1.700000,0.000000,180,250,290,320,380,380,380,380,380,380,380,64,0,140,188.89399570313788,102.91141100003642,410.23965300007603,3378.1875
1780224455,5,GET,/api/concerts,0.400000,0.000000,3,3,3,3,3,3,3,3,3,3,3,18,0,3,3.1614437777799744,2.790815000025759,4.230354000014813,753.0
1780224455,5,GET,/health,0.200000,0.000000,3,3,3,3,3,3,3,3,3,3,3,8,0,3,3.7296545000060632,2.7625750000197513,8.407874999988962,57.0
1780224455,5,,Aggregated,2.300000,0.000000,140,230,280,290,350,380,380,380,380,380,380,90,0,140,135.28843276667686,2.7625750000197513,410.23965300007603,2557.9333333333334
1780224456,5,POST,/api/book,1.600000,0.000000,200,250,290,320,380,380,380,380,380,380,380,66,0,140,187.23961901516546,102.91141100003642,410.23965300007603,3379.0151515151515
1780224456,5,GET,/api/concerts,0.500000,0.000000,3,3,3,3,3,3,3,3,3,3,3,18,0,3,3.1614437777799744,2.790815000025759,4.230354000014813,753.0
1780224456,5,GET,/health,0.200000,0.000000,3,3,3,3,3,3,3,3,3,3,3,8,0,3,3.7296545000060632,2.7625750000197513,8.407874999988962,57.0
1780224456,5,,Aggregated,2.300000,0.000000,140,230,280,290,350,380,380,380,380,380,380,92,0,140,135.26693564131537,2.7625750000197513,410.23965300007603,2576.358695652174
1780224457,5,POST,/api/book,2.000000,0.000000,250,290,340,340,380,380,380,380,380,380,380,69,0,140,193.07689201450617,102.91141100003642,410.23965300007603,3379.550724637681
1780224457,5,GET,/api/concerts,0.300000,0.000000,3,3,3,3,3,3,3,3,3,3,3,18,0,3,3.1614437777799744,2.790815000025759,4.230354000014813,753.0
1780224457,5,GET,/health,0.000000,0.000000,3,3,3,3,3,3,3,3,3,3,3,8,0,3,3.7296545000060632,2.7625750000197513,8.407874999988962,57.0
1780224457,5,,Aggregated,2.300000,0.000000,230,280,320,340,350,380,380,380,380,380,380,95,0,140,141.14788182106335,2.7625750000197513,410.23965300007603,2602.0947368421052
1780224458,5,POST,/api/book,2.100000,0.000000,200,290,340,340,380,380,380,380,380,380,380,71,0,140,191.76064160564727,102.91141100003642,410.23965300007603,3379.281690140845
1780224458,5,GET,/api/concerts,0.300000,0.000000,3,3,11,11,11,11,11,11,11,11,11,19,0,3,3.55429910526757,2.790815000025759,10.625695000044288,753.0
1780224458,5,GET,/health,0.000000,0.000000,3,3,3,3,3,3,3,3,3,3,3,8,0,3,3.7296545000060632,2.7625750000197513,8.407874999988962,57.0
1780224458,5,,Aggregated,2.400000,0.000000,180,280,320,340,350,380,380,380,380,380,380,98,0,140,139.92218850001115,2.7625750000197513,410.23965300007603,2598.8979591836733
1780224459,5,POST,/api/book,2.000000,0.000000,240,290,340,340,380,380,380,380,380,380,380,73,0,140,191.41783912329956,102.91141100003642,410.23965300007603,3379.3835616438355
1780224459,5,GET,/api/concerts,0.300000,0.000000,3,3,11,11,11,11,11,11,11,11,11,19,0,3,3.55429910526757,2.790815000025759,10.625695000044288,753.0
1780224459,5,GET,/health,0.000000,0.000000,3,3,3,3,3,3,3,3,3,3,3,8,0,3,3.7296545000060632,2.7625750000197513,8.407874999988962,57.0
1780224459,5,,Aggregated,2.300000,0.000000,200,280,320,340,350,380,380,380,380,380,380,100,0,140,140.70871175001002,2.7625750000197513,410.23965300007603,2614.58
1780224460,5,POST,/api/book,2.100000,0.000000,240,290,340,340,380,380,380,380,380,380,380,75,0,140,191.5065610533459,102.91141100003642,410.23965300007603,3379.5733333333333
1780224460,5,GET,/api/concerts,0.200000,0.000000,11,11,11,11,11,11,11,11,11,11,11,19,0,3,3.55429910526757,2.790815000025759,10.625695000044288,753.0
1780224460,5,GET,/health,0.000000,0.000000,3,3,3,3,3,3,3,3,3,3,3,8,0,3,3.7296545000060632,2.7625750000197513,8.407874999988962,57.0
1780224460,5,,Aggregated,2.300000,0.000000,240,280,320,340,350,380,380,380,380,380,380,102,0,140,141.76824507844194,2.7625750000197513,410.23965300007603,2629.7156862745096
1780224461,5,POST,/api/book,2.100000,0.000000,280,310,320,340,350,380,380,380,380,380,380,77,0,140,194.6146088571559,102.91141100003642,410.23965300007603,3379.5454545454545
1780224461,5,GET,/api/concerts,0.200000,0.000000,11,11,11,11,11,11,11,11,11,11,11,19,0,3,3.55429910526757,2.790815000025759,10.625695000044288,753.0
1780224461,5,GET,/health,0.000000,0.000000,0,0,0,0,0,0,0,0,0,0,0,8,0,3,3.7296545000060632,2.7625750000197513,8.407874999988962,57.0
1780224461,5,,Aggregated,2.300000,0.000000,160,280,320,320,340,380,380,380,380,380,380,104,0,140,145.02590193270328,2.7625750000197513,410.23965300007603,2644.1153846153848
1780224462,5,POST,/api/book,2.100000,0.000000,160,280,320,320,340,380,380,380,380,380,380,79,0,140,193.24647801267002,102.91141100003642,410.23965300007603,3379.5822784810125
1780224462,5,GET,/api/concerts,0.200000,0.000000,3,3,11,11,11,11,11,11,11,11,11,20,0,3,3.541691550003634,2.790815000025759,10.625695000044288,753.0
1780224462,5,GET,/health,0.000000,0.000000,0,0,0,0,0,0,0,0,0,0,0,8,0,3,3.7296545000060632,2.7625750000197513,8.407874999988962,57.0
1780224462,5,,Aggregated,2.300000,0.000000,150,240,310,320,340,340,380,380,380,380,380,107,0,140,143.61815728972948,2.7625750000197513,410.23965300007603,2640.214953271028
1780224463,5,POST,/api/book,2.100000,0.000000,220,280,320,320,340,380,380,380,380,380,380,80,0,140,193.63858611251172,102.91141100003642,410.23965300007603,3379.55
1780224463,5,GET,/api/concerts,0.200000,0.000000,3,3,11,11,11,11,11,11,11,11,11,20,0,3,3.541691550003634,2.790815000025759,10.625695000044288,753.0
1780224463,5,GET,/health,0.000000,0.000000,0,0,0,0,0,0,0,0,0,0,0,8,0,3,3.7296545000060632,2.7625750000197513,8.407874999988962,57.0
1780224463,5,,Aggregated,2.300000,0.000000,160,240,310,320,340,340,380,380,380,380,380,108,0,140,144.36812922223203,2.7625750000197513,410.23965300007603,2647.037037037037
1780224464,5,POST,/api/book,2.200000,0.000000,240,280,310,320,340,400,400,400,400,400,400,82,0,140,197.26307770732853,102.91141100003642,410.23965300007603,3379.329268292683
1780224464,5,GET,/api/concerts,0.200000,0.000000,3,3,3,11,11,11,11,11,11,11,11,22,0,3,3.4762510909186775,2.790815000025759,10.625695000044288,753.0
1780224464,5,GET,/health,0.000000,0.000000,0,0,0,0,0,0,0,0,0,0,0,8,0,3,3.7296545000060632,2.7625750000197513,8.407874999988962,57.0
1780224464,5,,Aggregated,2.400000,0.000000,160,240,290,310,340,340,400,400,400,400,400,112,0,140,145.37399225001073,2.7625750000197513,410.23965300007603,2626.1339285714284
1780224465,5,POST,/api/book,2.100000,0.000000,240,280,310,320,340,400,400,400,400,400,400,84,0,140,195.3655159404878,93.51172000003771,410.23965300007603,3379.6071428571427
1780224465,5,GET,/api/concerts,0.200000,0.000000,3,3,11,11,11,11,11,11,11,11,11,22,0,3,3.4762510909186775,2.790815000025759,10.625695000044288,753.0
1780224465,5,GET,/health,0.000000,0.000000,0,0,0,0,0,0,0,0,0,0,0,8,0,3,3.7296545000060632,2.7625750000197513,8.407874999988962,57.0
1780224465,5,,Aggregated,2.300000,0.000000,160,240,290,310,340,340,400,400,400,400,400,114,0,140,144.88612367544943,2.7625750000197513,410.23965300007603,2639.5526315789475
1780224466,5,POST,/api/book,2.100000,0.000000,160,240,280,290,320,400,400,400,400,400,400,85,0,140,194.7154444353052,93.51172000003771,410.23965300007603,3379.705882352941
1780224466,5,GET,/api/concerts,0.400000,0.000000,3,11,11,17,17,17,17,17,17,17,17,23,0,3,4.0588638695750054,2.790815000025759,16.876345000014226,753.0
1780224466,5,GET,/health,0.000000,0.000000,0,0,0,0,0,0,0,0,0,0,0,8,0,3,3.7296545000060632,2.7625750000197513,8.407874999988962,57.0
1780224466,5,,Aggregated,2.500000,0.000000,140,220,240,280,310,320,400,400,400,400,400,116,0,140,143.74141277587256,2.7625750000197513,410.23965300007603,2629.7413793103447
1780224467,5,POST,/api/book,2.100000,0.000000,220,290,320,320,410,500,500,500,500,500,500,89,0,140,201.34255787641402,93.51172000003771,497.3703039999009,3379.516853932584
1780224467,5,GET,/api/concerts,0.400000,0.000000,3,11,11,17,17,17,17,17,17,17,17,23,0,3,4.0588638695750054,2.790815000025759,16.876345000014226,753.0
1780224467,5,GET,/health,0.000000,0.000000,0,0,0,0,0,0,0,0,0,0,0,8,0,3,3.7296545000060632,2.7625750000197513,8.407874999988962,57.0
1780224467,5,,Aggregated,2.500000,0.000000,150,240,310,320,400,410,500,500,500,500,500,120,0,140,150.35565630000934,2.7625750000197513,497.3703039999009,2654.6
1780224468,5,POST,/api/book,1.900000,0.000000,220,290,320,320,410,500,500,500,500,500,500,90,0,140,200.33698970000964,93.51172000003771,497.3703039999009,3379.7444444444445
1780224468,5,GET,/api/concerts,0.400000,0.000000,3,11,11,17,17,17,17,17,17,17,17,23,0,3,4.0588638695750054,2.790815000025759,16.876345000014226,753.0
1780224468,5,GET,/health,0.000000,0.000000,0,0,0,0,0,0,0,0,0,0,0,8,0,3,3.7296545000060632,2.7625750000197513,8.407874999988962,57.0
1780224468,5,,Aggregated,2.300000,0.000000,140,240,310,320,400,410,500,500,500,500,500,121,0,140,150.02909238017472,2.7625750000197513,497.3703039999009,2660.7603305785124
1780224469,5,POST,/api/book,2.100000,0.000000,220,310,320,320,410,500,500,500,500,500,500,91,0,140,199.66467628572383,93.51172000003771,497.3703039999009,3380.065934065934
1780224469,5,GET,/api/concerts,0.500000,0.000000,3,3,11,11,17,17,17,17,17,17,17,24,0,3,4.0115605833458785,2.790815000025759,16.876345000014226,753.0
1780224469,5,GET,/health,0.000000,0.000000,0,0,0,0,0,0,0,0,0,0,0,9,0,3,3.6423068888906425,2.7625750000197513,8.407874999988962,57.0
1780224469,5,,Aggregated,2.600000,0.000000,140,240,310,320,400,410,500,500,500,500,500,124,0,140,147.5689012742031,2.7625750000197513,497.3703039999009,2630.4112903225805
1780224470,5,POST,/api/book,2.100000,0.000000,140,220,320,400,410,500,500,500,500,500,500,92,0,140,199.01665706522607,93.51172000003771,497.3703039999009,3379.5760869565215
1780224470,5,GET,/api/concerts,0.500000,0.000000,3,3,3,17,17,17,17,17,17,17,17,24,0,3,4.0115605833458785,2.790815000025759,16.876345000014226,753.0
1780224470,5,GET,/health,0.000000,0.000000,3,3,3,3,3,3,3,3,3,3,3,9,0,3,3.6423068888906425,2.7625750000197513,8.407874999988962,57.0
1780224470,5,,Aggregated,2.600000,0.000000,140,140,220,290,400,410,500,500,500,500,500,125,0,140,147.50872532800892,2.7625750000197513,497.3703039999009,2636.048
1780224471,5,POST,/api/book,1.900000,0.000000,140,290,320,400,410,500,500,500,500,500,500,93,0,140,198.0886095483967,93.51172000003771,497.3703039999009,3379.2473118279568
1780224471,5,GET,/api/concerts,0.400000,0.000000,3,3,3,17,17,17,17,17,17,17,17,24,0,3,4.0115605833458785,2.790815000025759,16.876345000014226,753.0
1780224471,5,GET,/health,0.000000,0.000000,3,3,3,3,3,3,3,3,3,3,3,11,0,3,3.5151767272778174,2.751908000050207,8.407874999988962,57.0
1780224471,5,,Aggregated,2.300000,0.000000,140,140,220,290,400,410,500,500,500,500,500,128,0,140,144.97800848438476,2.751908000050207,497.3703039999009,2601.3203125
1780224472,5,POST,/api/book,1.800000,0.000000,140,140,320,400,410,500,500,500,500,500,500,95,0,140,196.35629971579942,93.51172000003771,497.3703039999009,3379.2842105263157
1780224472,5,GET,/api/concerts,0.500000,0.000000,3,4,4,17,17,17,17,17,17,17,17,25,0,3,4.004166920012722,2.790815000025759,16.876345000014226,753.0
1780224472,5,GET,/health,0.100000,0.000000,3,3,3,3,3,3,3,3,3,3,3,11,0,3,3.5151767272778174,2.751908000050207,8.407874999988962,57.0
1780224472,5,,Aggregated,2.400000,0.000000,110,140,140,290,400,410,500,500,500,500,500,131,0,140,143.45511137405586,2.751908000050207,497.3703039999009,2599.114503816794
1780224473,5,POST,/api/book,1.500000,0.000000,140,140,140,320,410,500,500,500,500,500,500,96,0,140,195.8000734791767,93.51172000003771,497.3703039999009,3379.7083333333335
1780224473,5,GET,/api/concerts,0.500000,0.000000,3,4,4,17,17,17,17,17,17,17,17,25,0,3,4.004166920012722,2.790815000025759,16.876345000014226,753.0
1780224473,5,GET,/health,0.200000,0.000000,3,3,3,3,3,3,3,3,3,3,3,11,0,3,3.5151767272778174,2.751908000050207,8.407874999988962,57.0
1780224473,5,,Aggregated,2.200000,0.000000,130,140,140,140,410,500,500,500,500,500,500,132,0,140,143.45134978031317,2.751908000050207,497.3703039999009,2605.3333333333335
1780224474,5,POST,/api/book,1.500000,0.000000,140,260,380,380,410,500,500,500,500,500,500,99,0,140,200.2261093737459,93.51172000003771,497.3703039999009,3379.3030303030305
1780224474,5,GET,/api/concerts,0.500000,0.000000,4,4,17,17,17,17,17,17,17,17,17,26,0,3,3.9871426538586374,2.790815000025759,16.876345000014226,753.0
1780224474,5,GET,/health,0.200000,0.000000,3,3,3,3,3,3,3,3,3,3,3,11,0,3,3.5151767272778174,2.751908000050207,8.407874999988962,57.0
1780224474,5,,Aggregated,2.200000,0.000000,130,140,260,320,390,410,500,500,500,500,500,136,0,140,146.7993932426561,2.751908000050207,497.3703039999009,2608.5
1780224475,5,POST,/api/book,1.500000,0.000000,140,260,380,390,410,500,500,500,500,500,500,100,0,140,199.25174250000848,93.51172000003771,497.3703039999009,3379.33
1780224475,5,GET,/api/concerts,0.500000,0.000000,4,4,17,17,17,17,17,17,17,17,17,26,0,3,3.9871426538586374,2.790815000025759,16.876345000014226,753.0
1780224475,5,GET,/health,0.300000,0.000000,3,3,3,3,3,3,3,3,3,3,3,11,0,3,3.5151767272778174,2.751908000050207,8.407874999988962,57.0
1780224475,5,,Aggregated,2.300000,0.000000,130,140,260,320,390,410,500,500,500,500,500,137,0,140,146.47815257665133,2.751908000050207,497.3703039999009,2614.1459854014597
1780224476,5,POST,/api/book,1.700000,0.000000,140,140,140,260,380,390,390,390,390,390,390,102,0,140,197.94490586275177,93.51172000003771,497.3703039999009,3379.5588235294117
1780224476,5,GET,/api/concerts,0.400000,0.000000,4,4,17,17,17,17,17,17,17,17,17,26,0,3,3.9871426538586374,2.790815000025759,16.876345000014226,753.0
1780224476,5,GET,/health,0.300000,0.000000,3,3,3,3,3,3,3,3,3,3,3,11,0,3,3.5151767272778174,2.751908000050207,8.407874999988962,57.0
1780224476,5,,Aggregated,2.400000,0.000000,110,140,140,140,380,390,390,390,390,390,390,139,0,140,146.27851115828105,2.751908000050207,497.3703039999009,2625.3237410071943
1780224477,5,POST,/api/book,1.700000,0.000000,140,230,310,350,380,390,390,390,390,390,390,105,0,140,200.68274977143446,93.51172000003771,497.3703039999009,3380.1619047619047
1780224477,5,GET,/api/concerts,0.400000,0.000000,4,4,4,4,4,4,4,4,4,4,4,26,0,3,3.9871426538586374,2.790815000025759,16.876345000014226,753.0
1780224477,5,GET,/health,0.300000,0.000000,3,3,3,3,3,3,3,3,3,3,3,11,0,3,3.5151767272778174,2.751908000050207,8.407874999988962,57.0
1780224477,5,,Aggregated,2.400000,0.000000,130,140,230,260,350,380,390,390,390,390,390,142,0,140,149.3945167535282,2.751908000050207,497.3703039999009,2641.7042253521126
1780224478,5,POST,/api/book,1.600000,0.000000,140,230,260,310,380,390,390,390,390,390,390,108,0,140,198.62679735185733,93.51172000003771,497.3703039999009,3380.1388888888887
1780224478,5,GET,/api/concerts,0.400000,0.000000,4,4,4,4,4,4,4,4,4,4,4,27,0,3,3.9428563703849147,2.790815000025759,16.876345000014226,753.0
1780224478,5,GET,/health,0.300000,0.000000,3,3,3,3,3,3,3,3,3,3,3,11,0,3,3.5151767272778174,2.751908000050207,8.407874999988962,57.0
1780224478,5,,Aggregated,2.300000,0.000000,120,140,230,260,350,380,390,390,390,390,390,146,0,140,147.92341219178797,2.751908000050207,497.3703039999009,2643.9246575342468
1780224479,5,POST,/api/book,1.600000,0.000000,140,230,260,310,380,390,390,390,390,390,390,108,0,140,198.62679735185733,93.51172000003771,497.3703039999009,3380.1388888888887
1780224479,5,GET,/api/concerts,0.400000,0.000000,4,4,4,4,4,4,4,4,4,4,4,27,0,3,3.9428563703849147,2.790815000025759,16.876345000014226,753.0
1780224479,5,GET,/health,0.300000,0.000000,3,3,3,3,3,3,3,3,3,3,3,11,0,3,3.5151767272778174,2.751908000050207,8.407874999988962,57.0
1780224479,5,,Aggregated,2.300000,0.000000,120,140,230,260,350,380,390,390,390,390,390,146,0,140,147.92341219178797,2.751908000050207,497.3703039999009,2643.9246575342468
1780224480,5,POST,/api/book,1.600000,0.000000,140,140,260,310,380,390,390,390,390,390,390,110,0,140,197.22320981818794,93.51172000003771,497.3703039999009,3380.081818181818
1780224480,5,GET,/api/concerts,0.300000,0.000000,4,4,4,4,4,4,4,4,4,4,4,27,0,3,3.9428563703849147,2.790815000025759,16.876345000014226,753.0
1780224480,5,GET,/health,0.300000,0.000000,3,3,3,3,3,3,3,3,3,3,3,11,0,3,3.5151767272778174,2.751908000050207,8.407874999988962,57.0
1780224480,5,,Aggregated,2.200000,0.000000,130,140,230,260,350,380,390,390,390,390,390,148,0,140,147.56538612162925,2.751908000050207,497.3703039999009,2653.8310810810813
1780224481,5,POST,/api/book,1.700000,0.000000,140,200,260,310,380,390,390,390,390,390,390,112,0,140,196.9737830089337,93.51172000003771,497.3703039999009,3380.276785714286
1780224481,5,GET,/api/concerts,0.300000,0.000000,4,4,4,4,4,4,4,4,4,4,4,28,0,3,3.9135734285886365,2.790815000025759,16.876345000014226,753.0
1780224481,5,GET,/health,0.300000,0.000000,3,3,3,3,3,3,3,3,3,3,3,11,0,3,3.5151767272778174,2.751908000050207,8.407874999988962,57.0
1780224481,5,,Aggregated,2.300000,0.000000,140,170,230,260,350,380,390,390,390,390,390,151,0,140,147.08152779470942,2.751908000050207,497.3703039999009,2651.0066225165565
1780224482,5,POST,/api/book,1.800000,0.000000,170,260,350,380,530,550,550,550,550,550,550,114,0,140,202.98126731579427,93.51172000003771,545.5707349999557,3380.2894736842104
1780224482,5,GET,/api/concerts,0.300000,0.000000,3,3,4,4,4,4,4,4,4,4,4,28,0,3,3.9135734285886365,2.790815000025759,16.876345000014226,753.0
1780224482,5,GET,/health,0.200000,0.000000,3,3,3,3,3,3,3,3,3,3,3,11,0,3,3.5151767272778174,2.751908000050207,8.407874999988962,57.0
1780224482,5,,Aggregated,2.300000,0.000000,140,230,310,350,390,530,550,550,550,550,550,153,0,140,152.2098789150398,2.751908000050207,545.5707349999557,2660.549019607843
1780224483,5,POST,/api/book,2.000000,0.000000,200,310,480,530,610,780,780,780,780,780,780,117,0,140,213.7171505726541,93.51172000003771,780.5500919999986,3380.2136752136753
1780224483,5,GET,/api/concerts,0.400000,0.000000,3,3,4,4,4,4,4,4,4,4,4,28,0,3,3.9135734285886365,2.790815000025759,16.876345000014226,753.0
1780224483,5,GET,/health,0.100000,0.000000,3,3,3,3,3,3,3,3,3,3,3,11,0,3,3.5151767272778174,2.751908000050207,8.407874999988962,57.0
1780224483,5,,Aggregated,2.500000,0.000000,170,310,480,530,610,780,780,780,780,780,780,156,0,140,161.23816421154535,2.751908000050207,780.5500919999986,2674.3333333333335
1780224484,5,POST,/api/book,2.000000,0.000000,200,350,480,530,610,780,780,780,780,780,780,117,0,140,213.7171505726541,93.51172000003771,780.5500919999986,3380.2136752136753
1780224484,5,GET,/api/concerts,0.400000,0.000000,3,3,4,4,4,4,4,4,4,4,4,28,0,3,3.9135734285886365,2.790815000025759,16.876345000014226,753.0
1780224484,5,GET,/health,0.100000,0.000000,3,3,3,3,3,3,3,3,3,3,3,11,0,3,3.5151767272778174,2.751908000050207,8.407874999988962,57.0
1780224484,5,,Aggregated,2.500000,0.000000,170,310,480,530,610,780,780,780,780,780,780,156,0,140,161.23816421154535,2.751908000050207,780.5500919999986,2674.3333333333335
1780224485,5,POST,/api/book,2.000000,0.000000,230,380,480,530,610,780,780,780,780,780,780,120,0,140,215.9695776250042,93.51172000003771,780.5500919999986,3380.6833333333334
1780224485,5,GET,/api/concerts,0.300000,0.000000,3,3,81,81,81,81,81,81,81,81,81,29,0,3,6.556471275879286,2.790815000025759,80.55761100001746,753.0
1780224485,5,GET,/health,0.000000,0.000000,3,3,3,3,3,3,3,3,3,3,3,12,0,3,3.4660440833344333,2.751908000050207,8.407874999988962,57.0
1780224485,5,,Aggregated,2.300000,0.000000,170,350,390,480,550,610,780,780,780,780,780,161,0,140,162.41043174534798,2.751908000050207,780.5500919999986,2659.645962732919
1780224486,5,POST,/api/book,2.000000,0.000000,200,390,530,550,610,780,780,780,780,780,780,120,0,140,215.9695776250042,93.51172000003771,780.5500919999986,3380.6833333333334
1780224486,5,GET,/api/concerts,0.300000,0.000000,3,3,81,81,81,81,81,81,81,81,81,29,0,3,6.556471275879286,2.790815000025759,80.55761100001746,753.0
1780224486,5,GET,/health,0.000000,0.000000,3,3,3,3,3,3,3,3,3,3,3,12,0,3,3.4660440833344333,2.751908000050207,8.407874999988962,57.0
1780224486,5,,Aggregated,2.300000,0.000000,140,380,480,530,610,780,780,780,780,780,780,161,0,140,162.41043174534798,2.751908000050207,780.5500919999986,2659.645962732919
1780224487,5,POST,/api/book,1.800000,0.000000,200,390,530,550,610,780,780,780,780,780,780,122,0,140,214.63932068033154,93.51172000003771,780.5500919999986,3380.844262295082
1780224487,5,GET,/api/concerts,0.200000,0.000000,3,3,81,81,81,81,81,81,81,81,81,29,0,3,6.556471275879286,2.790815000025759,80.55761100001746,753.0
1780224487,5,GET,/health,0.000000,0.000000,3,3,3,3,3,3,3,3,3,3,3,13,0,3,3.425650692310438,2.751908000050207,8.407874999988962,57.0
1780224487,5,,Aggregated,2.000000,0.000000,140,380,480,530,610,780,780,780,780,780,780,164,0,140,161.10163566464018,2.751908000050207,780.5500919999986,2652.689024390244
1780224488,5,POST,/api/book,1.900000,0.000000,200,390,530,530,610,780,780,780,780,780,780,124,0,140,213.44709691129356,93.51172000003771,780.5500919999986,3380.814516129032
1780224488,5,GET,/api/concerts,0.300000,0.000000,3,3,81,81,81,81,81,81,81,81,81,29,0,3,6.556471275879286,2.790815000025759,80.55761100001746,753.0
1780224488,5,GET,/health,0.100000,0.000000,3,3,3,3,3,3,3,3,3,3,3,14,0,3,3.392829428573155,2.751908000050207,8.407874999988962,57.0
1780224488,5,,Aggregated,2.300000,0.000000,140,200,390,480,550,610,780,780,780,780,780,167,0,140,159.91064249102357,2.751908000050207,780.5500919999986,2645.8443113772455
1780224489,5,POST,/api/book,1.700000,0.000000,330,390,530,530,610,780,780,780,780,780,780,126,0,140,215.2737160158758,93.51172000003771,780.5500919999986,3380.8492063492063
1780224489,5,GET,/api/concerts,0.300000,0.000000,81,81,81,81,81,81,81,81,81,81,81,29,0,3,6.556471275879286,2.790815000025759,80.55761100001746,753.0
1780224489,5,GET,/health,0.200000,0.000000,3,3,3,3,3,3,3,3,3,3,3,14,0,3,3.392829428573155,2.751908000050207,8.407874999988962,57.0
1780224489,5,,Aggregated,2.200000,0.000000,170,330,390,480,550,610,780,780,780,780,780,169,0,140,161.90606802959104,2.751908000050207,780.5500919999986,2654.568047337278
1780224490,5,POST,/api/book,1.700000,0.000000,380,480,530,550,610,780,780,780,780,780,780,126,0,140,215.2737160158758,93.51172000003771,780.5500919999986,3380.8492063492063
1780224490,5,GET,/api/concerts,0.300000,0.000000,81,81,81,81,81,81,81,81,81,81,81,29,0,3,6.556471275879286,2.790815000025759,80.55761100001746,753.0
1780224490,5,GET,/health,0.200000,0.000000,3,3,3,3,3,3,3,3,3,3,3,14,0,3,3.392829428573155,2.751908000050207,8.407874999988962,57.0
1780224490,5,,Aggregated,2.200000,0.000000,330,380,480,530,610,780,780,780,780,780,780,169,0,140,161.90606802959104,2.751908000050207,780.5500919999986,2654.568047337278
1780224491,5,POST,/api/book,1.600000,0.000000,330,380,480,480,610,780,780,780,780,780,780,129,0,140,213.33083322480869,93.51172000003771,780.5500919999986,3381.1627906976746
1780224491,5,GET,/api/concerts,0.300000,0.000000,33,33,81,81,81,81,81,81,81,81,81,30,0,3,7.431949400014067,2.790815000025759,80.55761100001746,753.0
1780224491,5,GET,/health,0.200000,0.000000,3,3,3,3,3,3,3,3,3,3,3,14,0,3,3.392829428573155,2.751908000050207,8.407874999988962,57.0
1780224491,5,,Aggregated,2.100000,0.000000,140,330,380,390,550,610,780,780,780,780,780,173,0,140,160.63662184971548,2.751908000050207,780.5500919999986,2656.4046242774566
1780224492,5,POST,/api/book,1.600000,0.000000,140,330,380,380,480,610,610,610,610,610,610,131,0,140,212.24107229007927,93.51172000003771,780.5500919999986,3381.083969465649
1780224492,5,GET,/api/concerts,0.200000,0.000000,33,33,81,81,81,81,81,81,81,81,81,31,0,3,7.289617387109795,2.790815000025759,80.55761100001746,753.0
1780224492,5,GET,/health,0.300000,0.000000,3,3,3,3,3,3,3,3,3,3,3,15,0,3,3.3705400000068644,2.751908000050207,8.407874999988962,57.0
1780224492,5,,Aggregated,2.100000,0.000000,140,140,330,330,390,480,610,610,610,610,610,177,0,140,158.64472716949663,2.751908000050207,780.5500919999986,2639.0960451977403
1780224493,5,POST,/api/book,1.600000,0.000000,140,140,330,330,380,390,390,390,390,390,390,131,0,140,212.24107229007927,93.51172000003771,780.5500919999986,3381.083969465649
1780224493,5,GET,/api/concerts,0.200000,0.000000,33,33,81,81,81,81,81,81,81,81,81,31,0,3,7.289617387109795,2.790815000025759,80.55761100001746,753.0
1780224493,5,GET,/health,0.300000,0.000000,3,3,3,3,3,3,3,3,3,3,3,15,0,3,3.3705400000068644,2.751908000050207,8.407874999988962,57.0
1780224493,5,,Aggregated,2.100000,0.000000,140,140,140,140,330,380,390,390,390,390,390,177,0,140,158.64472716949663,2.751908000050207,780.5500919999986,2639.0960451977403
1780224494,5,POST,/api/book,1.700000,0.000000,140,140,330,330,380,390,390,390,390,390,390,132,0,140,211.67531012879135,93.51172000003771,780.5500919999986,3381.2727272727275
1780224494,5,GET,/api/concerts,0.200000,0.000000,33,33,81,81,81,81,81,81,81,81,81,32,0,3,7.157302531261678,2.790815000025759,80.55761100001746,753.0
1780224494,5,GET,/health,0.400000,0.000000,3,3,3,3,3,3,3,3,3,3,3,15,0,3,3.3705400000068644,2.751908000050207,8.407874999988962,57.0
1780224494,5,,Aggregated,2.300000,0.000000,140,140,140,330,380,390,390,390,390,390,390,179,0,140,157.65772468156953,2.751908000050207,780.5500919999986,2632.8435754189945
1780224495,5,POST,/api/book,1.600000,0.000000,140,140,140,200,330,330,330,330,330,330,330,135,0,140,210.53005959259588,93.51172000003771,780.5500919999986,3380.9851851851854
1780224495,5,GET,/api/concerts,0.300000,0.000000,33,33,81,81,81,81,81,81,81,81,81,32,0,3,7.157302531261678,2.790815000025759,80.55761100001746,753.0
1780224495,5,GET,/health,0.400000,0.000000,3,3,3,3,3,3,3,3,3,3,3,15,0,3,3.3705400000068644,2.751908000050207,8.407874999988962,57.0
1780224495,5,,Aggregated,2.300000,0.000000,140,140,140,140,200,330,330,330,330,330,330,182,0,140,157.69862541758752,2.751908000050207,780.5500919999986,2644.967032967033
1780224496,5,POST,/api/book,1.600000,0.000000,140,140,280,290,330,330,330,330,330,330,330,137,0,140,211.57517672263086,93.51172000003771,780.5500919999986,3381.094890510949
1780224496,5,GET,/api/concerts,0.300000,0.000000,33,33,81,81,81,81,81,81,81,81,81,32,0,3,7.157302531261678,2.790815000025759,80.55761100001746,753.0
1780224496,5,GET,/health,0.400000,0.000000,3,3,3,3,3,3,3,3,3,3,3,15,0,3,3.3705400000068644,2.751908000050207,8.407874999988962,57.0
1780224496,5,,Aggregated,2.300000,0.000000,140,140,200,280,330,330,330,330,330,330,330,184,0,140,159.05103800000498,2.751908000050207,780.5500919999986,2653.0489130434785
1780224497,5,POST,/api/book,1.600000,0.000000,140,140,200,280,330,330,330,330,330,330,330,140,0,140,209.63240977142974,93.51172000003771,780.5500919999986,3381.4285714285716
1780224497,5,GET,/api/concerts,0.300000,0.000000,3,3,33,33,33,33,33,33,33,33,33,32,0,3,7.157302531261678,2.790815000025759,80.55761100001746,753.0
1780224497,5,GET,/health,0.300000,0.000000,3,3,3,3,3,3,3,3,3,3,3,15,0,3,3.3705400000068644,2.751908000050207,8.407874999988962,57.0
1780224497,5,,Aggregated,2.200000,0.000000,140,140,140,200,290,330,330,330,330,330,330,187,0,140,158.43919331016394,2.751908000050207,780.5500919999986,2664.9786096256685
1780224498,5,POST,/api/book,1.600000,0.000000,140,140,280,280,330,330,330,330,330,330,330,140,0,140,209.63240977142974,93.51172000003771,780.5500919999986,3381.4285714285716
1780224498,5,GET,/api/concerts,0.300000,0.000000,3,3,33,33,33,33,33,33,33,33,33,33,0,3,7.031009333345675,2.790815000025759,80.55761100001746,753.0
1780224498,5,GET,/health,0.300000,0.000000,3,3,3,3,3,3,3,3,3,3,3,15,0,3,3.3705400000068644,2.751908000050207,8.407874999988962,57.0
1780224498,5,,Aggregated,2.200000,0.000000,140,140,140,200,290,330,330,330,330,330,330,188,0,140,157.61233391489728,2.751908000050207,780.5500919999986,2654.808510638298
1780224499,5,POST,/api/book,1.700000,0.000000,140,140,140,140,280,290,290,290,290,290,290,142,0,140,208.56391995774825,93.51172000003771,780.5500919999986,3381.1408450704225
1780224499,5,GET,/api/concerts,0.300000,0.000000,3,3,3,33,33,33,33,33,33,33,33,34,0,3,6.91941650001461,2.790815000025759,80.55761100001746,753.0
1780224499,5,GET,/health,0.200000,0.000000,3,3,3,3,3,3,3,3,3,3,3,15,0,3,3.3705400000068644,2.751908000050207,8.407874999988962,57.0
1780224499,5,,Aggregated,2.200000,0.000000,140,140,140,140,200,280,290,290,290,290,290,191,0,140,156.55442353403595,2.751908000050207,780.5500919999986,2652.246073298429
1780224500,5,POST,/api/book,1.700000,0.000000,140,140,230,280,290,290,290,290,290,290,290,144,0,140,209.23791132639028,93.51172000003771,780.5500919999986,3381.1319444444443
1780224500,5,GET,/api/concerts,0.300000,0.000000,3,3,3,33,33,33,33,33,33,33,33,34,0,3,6.91941650001461,2.790815000025759,80.55761100001746,753.0
1780224500,5,GET,/health,0.200000,0.000000,3,3,3,3,3,3,3,3,3,3,3,15,0,3,3.3705400000068644,2.751908000050207,8.407874999988962,57.0
1780224500,5,,Aggregated,2.200000,0.000000,140,140,200,230,290,290,290,290,290,290,290,193,0,140,157.59625643523736,2.751908000050207,780.5500919999986,2659.79274611399
1780224501,5,POST,/api/book,1.800000,0.000000,140,230,280,290,290,370,370,370,370,370,370,147,0,140,210.6766300544231,93.51172000003771,780.5500919999986,3381.6326530612246
1780224501,5,GET,/api/concerts,0.400000,0.000000,3,3,3,3,3,3,3,3,3,3,3,35,0,3,6.800647714304172,2.7625090001492936,80.55761100001746,753.0
1780224501,5,GET,/health,0.100000,0.000000,3,3,3,3,3,3,3,3,3,3,3,15,0,3,3.3705400000068644,2.751908000050207,8.407874999988962,57.0
1780224501,5,,Aggregated,2.300000,0.000000,140,180,230,280,290,290,370,370,370,370,370,197,0,140,158.67028115736528,2.751908000050207,780.5500919999986,2661.472081218274
1780224502,5,POST,/api/book,1.800000,0.000000,140,200,280,290,290,370,370,370,370,370,370,148,0,140,209.94612543918993,93.51172000003771,780.5500919999986,3381.5
1780224502,5,GET,/api/concerts,0.400000,0.000000,3,3,3,3,3,3,3,3,3,3,3,36,0,3,6.700162861130189,2.7625090001492936,80.55761100001746,753.0
1780224502,5,GET,/health,0.100000,0.000000,3,3,3,3,3,3,3,3,3,3,3,15,0,3,3.3705400000068644,2.751908000050207,8.407874999988962,57.0
1780224502,5,,Aggregated,2.300000,0.000000,140,180,230,280,290,290,370,370,370,370,370,199,0,140,157.60698757789405,2.751908000050207,780.5500919999986,2655.402010050251
1780224503,5,POST,/api/book,1.600000,0.000000,140,200,280,290,290,370,370,370,370,370,370,149,0,140,209.24890828188074,93.51172000003771,780.5500919999986,3381.731543624161
1780224503,5,GET,/api/concerts,0.500000,0.000000,3,3,3,3,3,3,3,3,3,3,3,36,0,3,6.700162861130189,2.7625090001492936,80.55761100001746,753.0
1780224503,5,GET,/health,0.100000,0.000000,3,3,3,3,3,3,3,3,3,3,3,15,0,3,3.3705400000068644,2.751908000050207,8.407874999988962,57.0
1780224503,5,,Aggregated,2.200000,0.000000,140,180,230,280,290,290,370,370,370,370,370,200,0,140,157.34925648500518,2.751908000050207,780.5500919999986,2659.205
1780224504,5,POST,/api/book,1.600000,0.000000,140,180,280,290,290,370,370,370,370,370,370,152,0,140,207.99192187500194,93.51172000003771,780.5500919999986,3381.6644736842104
1780224504,5,GET,/api/concerts,0.500000,0.000000,3,3,3,3,3,3,3,3,3,3,3,36,0,3,6.700162861130189,2.7625090001492936,80.55761100001746,753.0
1780224504,5,GET,/health,0.100000,0.000000,3,3,3,3,3,3,3,3,3,3,3,16,0,3,3.34565356249783,2.751908000050207,8.407874999988962,57.0
1780224504,5,,Aggregated,2.200000,0.000000,140,170,230,280,290,290,370,370,370,370,370,204,0,140,156.41915904412238,2.751908000050207,780.5500919999986,2657.024509803922
1780224505,5,POST,/api/book,1.700000,0.000000,140,170,180,230,290,370,370,370,370,370,370,154,0,140,206.8538948246786,93.51172000003771,780.5500919999986,3381.8506493506493
1780224505,5,GET,/api/concerts,0.500000,0.000000,3,3,3,3,3,3,3,3,3,3,3,36,0,3,6.700162861130189,2.7625090001492936,80.55761100001746,753.0
1780224505,5,GET,/health,0.000000,0.000000,3,3,3,3,3,3,3,3,3,3,3,16,0,3,3.34565356249783,2.751908000050207,8.407874999988962,57.0
1780224505,5,,Aggregated,2.200000,0.000000,120,140,170,180,290,290,370,370,370,370,370,206,0,140,156.0691073932096,2.751908000050207,780.5500919999986,2664.1990291262136
1780224506,5,POST,/api/book,1.700000,0.000000,170,230,290,350,440,510,510,510,510,510,510,157,0,140,211.1465756942718,93.51172000003771,780.5500919999986,3382.0
1780224506,5,GET,/api/concerts,0.500000,0.000000,3,3,3,3,3,3,3,3,3,3,3,36,0,3,6.700162861130189,2.7625090001492936,80.55761100001746,753.0
1780224506,5,GET,/health,0.000000,0.000000,3,3,3,3,3,3,3,3,3,3,3,16,0,3,3.34565356249783,2.751908000050207,8.407874999988962,57.0
1780224506,5,,Aggregated,2.200000,0.000000,140,180,290,290,370,440,510,510,510,510,510,209,0,140,160.02272107177674,2.751908000050207,780.5500919999986,2674.6124401913876
1780224507,5,POST,/api/book,1.800000,0.000000,180,250,290,350,440,510,510,510,510,510,510,160,0,140,211.00247788750374,93.51172000003771,780.5500919999986,3381.525
1780224507,5,GET,/api/concerts,0.400000,0.000000,3,3,3,3,3,3,3,3,3,3,3,36,0,3,6.700162861130189,2.7625090001492936,80.55761100001746,753.0
1780224507,5,GET,/health,0.100000,0.000000,3,3,3,3,3,3,3,3,3,3,3,16,0,3,3.34565356249783,2.751908000050207,8.407874999988962,57.0
1780224507,5,,Aggregated,2.300000,0.000000,140,230,290,290,370,440,510,510,510,510,510,212,0,140,160.63741878302486,2.751908000050207,780.5500919999986,2684.264150943396
1780224508,5,POST,/api/book,2.000000,0.000000,230,250,290,350,440,510,510,510,510,510,510,160,0,140,211.00247788750374,93.51172000003771,780.5500919999986,3381.525
1780224508,5,GET,/api/concerts,0.400000,0.000000,3,3,3,3,3,3,3,3,3,3,3,37,0,3,6.596690324343129,2.7625090001492936,80.55761100001746,753.0
1780224508,5,GET,/health,0.100000,0.000000,3,3,3,3,3,3,3,3,3,3,3,16,0,3,3.34565356249783,2.751908000050207,8.407874999988962,57.0
1780224508,5,,Aggregated,2.500000,0.000000,140,230,290,290,370,440,510,510,510,510,510,213,0,140,159.89673455869143,2.751908000050207,780.5500919999986,2675.1971830985917
1780224509,5,POST,/api/book,2.000000,0.000000,180,230,290,350,440,510,510,510,510,510,510,162,0,140,210.74342345679474,93.51172000003771,780.5500919999986,3381.5185185185187
1780224509,5,GET,/api/concerts,0.400000,0.000000,3,3,3,3,3,3,3,3,3,3,3,37,0,3,6.596690324343129,2.7625090001492936,80.55761100001746,753.0
1780224509,5,GET,/health,0.100000,0.000000,3,3,3,3,3,3,3,3,3,3,3,16,0,3,3.34565356249783,2.751908000050207,8.407874999988962,57.0
1780224509,5,,Aggregated,2.500000,0.000000,150,230,250,290,370,440,510,510,510,510,510,215,0,140,160.17694232093683,2.751908000050207,780.5500919999986,2681.7627906976745
1780224510,5,POST,/api/book,1.900000,0.000000,170,230,290,350,440,510,510,510,510,510,510,163,0,140,210.351873687121,93.51172000003771,780.5500919999986,3381.4662576687115
1780224510,5,GET,/api/concerts,0.400000,0.000000,3,3,7,7,7,7,7,7,7,7,7,38,0,3,6.596851500017022,2.7625090001492936,80.55761100001746,753.0
1780224510,5,GET,/health,0.100000,0.000000,3,3,3,3,3,3,3,3,3,3,3,16,0,3,3.34565356249783,2.751908000050207,8.407874999988962,57.0
1780224510,5,,Aggregated,2.400000,0.000000,150,230,250,290,370,440,510,510,510,510,510,217,0,140,159.40813928572047,2.751908000050207,780.5500919999986,2676.0599078341015
1780224511,5,POST,/api/book,2.000000,0.000000,230,250,340,350,410,440,510,510,510,510,510,166,0,140,212.49346378313678,93.51172000003771,780.5500919999986,3381.3253012048194
1780224511,5,GET,/api/concerts,0.300000,0.000000,3,3,7,7,7,7,7,7,7,7,7,38,0,3,6.596851500017022,2.7625090001492936,80.55761100001746,753.0
1780224511,5,GET,/health,0.100000,0.000000,3,3,3,3,3,3,3,3,3,3,3,16,0,3,3.34565356249783,2.751908000050207,8.407874999988962,57.0
1780224511,5,,Aggregated,2.400000,0.000000,150,240,290,350,410,440,510,510,510,510,510,220,0,140,161.71875364546054,2.751908000050207,780.5500919999986,2685.572727272727
1780224512,5,POST,/api/book,2.000000,0.000000,170,240,340,350,440,510,510,510,510,510,510,167,0,140,212.04947410778937,93.51172000003771,780.5500919999986,3381.4011976047905
1780224512,5,GET,/api/concerts,0.400000,0.000000,3,3,7,7,7,7,7,7,7,7,7,39,0,3,6.499491102577173,2.7625090001492936,80.55761100001746,753.0
1780224512,5,GET,/health,0.100000,0.000000,3,3,3,3,3,3,3,3,3,3,3,16,0,3,3.34565356249783,2.751908000050207,8.407874999988962,57.0
1780224512,5,,Aggregated,2.500000,0.000000,150,230,250,340,410,440,510,510,510,510,510,222,0,140,160.89762516216803,2.751908000050207,780.5500919999986,2680.0585585585586
1780224513,5,POST,/api/book,2.100000,0.000000,230,230,250,340,410,440,510,510,510,510,510,170,0,140,211.57754068235667,93.51172000003771,780.5500919999986,3381.2
1780224513,5,GET,/api/concerts,0.300000,0.000000,3,3,7,7,7,7,7,7,7,7,7,39,0,3,6.499491102577173,2.7625090001492936,80.55761100001746,753.0
1780224513,5,GET,/health,0.100000,0.000000,3,3,3,3,3,3,3,3,3,3,3,16,0,3,3.34565356249783,2.751908000050207,8.407874999988962,57.0
1780224513,5,,Aggregated,2.500000,0.000000,150,230,240,250,410,440,510,510,510,510,510,225,0,140,161.22307789333829,2.751908000050207,780.5500919999986,2689.257777777778
1780224514,5,POST,/api/book,2.100000,0.000000,230,240,340,350,440,510,510,510,510,510,510,172,0,140,210.95701421511973,93.51172000003771,780.5500919999986,3381.4302325581393
1780224514,5,GET,/api/concerts,0.300000,0.000000,3,3,7,7,7,7,7,7,7,7,7,39,0,3,6.499491102577173,2.7625090001492936,80.55761100001746,753.0
1780224514,5,GET,/health,0.100000,0.000000,3,3,3,3,3,3,3,3,3,3,3,16,0,3,3.34565356249783,2.751908000050207,8.407874999988962,57.0
1780224514,5,,Aggregated,2.500000,0.000000,180,230,250,340,410,440,510,510,510,510,510,227,0,140,161.19655090308842,2.751908000050207,780.5500919999986,2695.5286343612333
1780224515,5,POST,/api/book,2.000000,0.000000,230,230,240,250,340,410,410,410,410,410,410,172,0,140,210.95701421511973,93.51172000003771,780.5500919999986,3381.4302325581393
1780224515,5,GET,/api/concerts,0.300000,0.000000,3,3,3,3,7,7,7,7,7,7,7,42,0,3,6.238784880966229,2.7625090001492936,80.55761100001746,753.0
1780224515,5,GET,/health,0.100000,0.000000,3,3,3,3,3,3,3,3,3,3,3,16,0,3,3.34565356249783,2.751908000050207,8.407874999988962,57.0
1780224515,5,,Aggregated,2.400000,0.000000,150,230,230,230,250,340,410,410,410,410,410,230,0,140,159.13115594348324,2.751908000050207,780.5500919999986,2670.191304347826
1780224516,5,POST,/api/book,2.000000,0.000000,230,230,240,240,340,410,410,410,410,410,410,174,0,140,209.97144202299265,93.51172000003771,780.5500919999986,3381.597701149425
1780224516,5,GET,/api/concerts,0.300000,0.000000,3,3,3,3,7,7,7,7,7,7,7,43,0,3,6.16068981396491,2.7625090001492936,80.55761100001746,753.0
1780224516,5,GET,/health,0.000000,0.000000,3,3,3,3,3,3,3,3,3,3,3,16,0,3,3.34565356249783,2.751908000050207,8.407874999988962,57.0
1780224516,5,,Aggregated,2.300000,0.000000,140,230,230,230,250,340,410,410,410,410,410,233,0,140,158.16940356652867,2.751908000050207,780.5500919999986,2668.1931330472103
1780224517,5,POST,/api/book,2.000000,0.000000,150,230,230,240,340,410,410,410,410,410,410,175,0,140,209.58612851428967,93.51172000003771,780.5500919999986,3381.7714285714287
1780224517,5,GET,/api/concerts,0.400000,0.000000,3,3,3,3,7,7,7,7,7,7,7,44,0,3,6.08981763637282,2.7625090001492936,80.55761100001746,753.0
1780224517,5,GET,/health,0.000000,0.000000,3,3,3,3,3,3,3,3,3,3,3,16,0,3,3.34565356249783,2.751908000050207,8.407874999988962,57.0
1780224517,5,,Aggregated,2.400000,0.000000,140,150,230,230,240,340,410,410,410,410,410,235,0,140,157.44278690638745,2.751908000050207,780.5500919999986,2663.208510638298
1780224518,5,POST,/api/book,2.000000,0.000000,150,230,230,240,340,410,410,410,410,410,410,175,0,140,209.58612851428967,93.51172000003771,780.5500919999986,3381.7714285714287
1780224518,5,GET,/api/concerts,0.400000,0.000000,3,3,3,3,7,7,7,7,7,7,7,44,0,3,6.08981763637282,2.7625090001492936,80.55761100001746,753.0
1780224518,5,GET,/health,0.000000,0.000000,3,3,3,3,3,3,3,3,3,3,3,16,0,3,3.34565356249783,2.751908000050207,8.407874999988962,57.0
1780224518,5,,Aggregated,2.400000,0.000000,140,150,230,230,340,410,410,410,410,410,410,235,0,140,157.44278690638745,2.751908000050207,780.5500919999986,2663.208510638298
1780224519,5,POST,/api/book,1.600000,0.000000,230,340,410,410,650,780,780,780,780,780,780,179,0,140,218.02650282681984,93.51172000003771,782.4994710001647,3381.893854748603
1780224519,5,GET,/api/concerts,0.800000,0.000000,3,3,3,3,7,7,7,7,7,7,7,44,0,3,6.08981763637282,2.7625090001492936,80.55761100001746,753.0
1780224519,5,GET,/health,0.000000,0.000000,3,3,3,3,3,3,3,3,3,3,3,16,0,3,3.34565356249783,2.751908000050207,8.407874999988962,57.0
1780224519,5,,Aggregated,2.400000,0.000000,140,230,340,340,580,650,780,780,780,780,780,239,0,140,164.6369307071176,2.751908000050207,782.4994710001647,2675.326359832636
1780224520,5,POST,/api/book,1.600000,0.000000,180,230,340,580,650,780,780,780,780,780,780,180,0,140,217.38739852778198,93.51172000003771,782.4994710001647,3381.927777777778
1780224520,5,GET,/api/concerts,0.800000,0.000000,3,3,3,3,3,3,3,3,3,3,3,44,0,3,6.08981763637282,2.7625090001492936,80.55761100001746,753.0
1780224520,5,GET,/health,0.000000,0.000000,3,3,3,3,3,3,3,3,3,3,3,16,0,3,3.34565356249783,2.751908000050207,8.407874999988962,57.0
1780224520,5,,Aggregated,2.400000,0.000000,140,180,230,340,650,780,780,780,780,780,780,240,0,140,164.380059033338,2.751908000050207,782.4994710001647,2678.295833333333
1780224521,5,POST,/api/book,1.400000,0.000000,230,340,340,460,650,780,780,780,780,780,780,184,0,140,219.14979561956815,93.51172000003771,782.4994710001647,3382.4565217391305
1780224521,5,GET,/api/concerts,0.700000,0.000000,3,3,3,3,30,30,30,30,30,30,30,45,0,3,6.6191390666719805,2.7625090001492936,80.55761100001746,753.0
1780224521,5,GET,/health,0.000000,0.000000,0,0,0,0,0,0,0,0,0,0,0,16,0,3,3.34565356249783,2.751908000050207,8.407874999988962,57.0
1780224521,5,,Aggregated,2.100000,0.000000,140,230,340,340,580,650,780,780,780,780,780,245,0,140,166.02022085306422,2.751908000050207,782.4994710001647,2682.3224489795916
1780224522,5,POST,/api/book,1.400000,0.000000,230,340,460,460,650,780,780,780,780,780,780,184,0,140,219.14979561956815,93.51172000003771,782.4994710001647,3382.4565217391305
1780224522,5,GET,/api/concerts,0.700000,0.000000,3,3,3,3,30,30,30,30,30,30,30,45,0,3,6.6191390666719805,2.7625090001492936,80.55761100001746,753.0
1780224522,5,GET,/health,0.000000,0.000000,0,0,0,0,0,0,0,0,0,0,0,16,0,3,3.34565356249783,2.751908000050207,8.407874999988962,57.0
1780224522,5,,Aggregated,2.100000,0.000000,140,230,340,340,580,650,780,780,780,780,780,245,0,140,166.02022085306422,2.751908000050207,782.4994710001647,2682.3224489795916
1780224523,5,POST,/api/book,1.700000,0.000000,230,300,340,460,650,780,780,780,780,780,780,186,0,140,218.10728409140012,93.51172000003771,782.4994710001647,3382.7365591397847
1780224523,5,GET,/api/concerts,0.600000,0.000000,3,3,3,3,30,30,30,30,30,30,30,45,0,3,6.6191390666719805,2.7625090001492936,80.55761100001746,753.0
1780224523,5,GET,/health,0.000000,0.000000,0,0,0,0,0,0,0,0,0,0,0,16,0,3,3.34565356249783,2.751908000050207,8.407874999988962,57.0
1780224523,5,,Aggregated,2.300000,0.000000,140,300,340,460,650,780,780,780,780,780,780,247,0,140,165.66537067206727,2.751908000050207,782.4994710001647,2688.2024291497974
1780224524,5,POST,/api/book,1.500000,0.000000,140,340,460,460,650,780,780,780,780,780,780,188,0,140,217.09225185638473,93.51172000003771,782.4994710001647,3382.595744680851
1780224524,5,GET,/api/concerts,0.600000,0.000000,3,3,3,3,30,30,30,30,30,30,30,46,0,3,6.541528043484227,2.7625090001492936,80.55761100001746,753.0
1780224524,5,GET,/health,0.000000,0.000000,0,0,0,0,0,0,0,0,0,0,0,16,0,3,3.34565356249783,2.751908000050207,8.407874999988962,57.0
1780224524,5,,Aggregated,2.100000,0.000000,140,140,340,340,580,650,780,780,780,780,780,250,0,140,164.67113638400227,2.751908000050207,782.4994710001647,2685.912
1780224525,5,POST,/api/book,1.800000,0.000000,140,300,340,460,650,780,780,780,780,780,780,191,0,140,215.67310019371948,93.51172000003771,782.4994710001647,3382.4607329842934
1780224525,5,GET,/api/concerts,0.600000,0.000000,3,3,30,30,30,30,30,30,30,30,30,46,0,3,6.541528043484227,2.7625090001492936,80.55761100001746,753.0
1780224525,5,GET,/health,0.000000,0.000000,3,3,3,3,3,3,3,3,3,3,3,17,0,3,3.3235973529465754,2.751908000050207,8.407874999988962,57.0
1780224525,5,,Aggregated,2.400000,0.000000,140,140,340,340,580,650,780,780,780,780,780,254,0,140,163.58651016535745,2.751908000050207,782.4994710001647,2683.6889763779527
1780224526,5,POST,/api/book,1.800000,0.000000,140,340,340,460,650,780,780,780,780,780,780,191,0,140,215.67310019371948,93.51172000003771,782.4994710001647,3382.4607329842934
1780224526,5,GET,/api/concerts,0.600000,0.000000,3,3,30,30,30,30,30,30,30,30,30,46,0,3,6.541528043484227,2.7625090001492936,80.55761100001746,753.0
1780224526,5,GET,/health,0.000000,0.000000,3,3,3,3,3,3,3,3,3,3,3,17,0,3,3.3235973529465754,2.751908000050207,8.407874999988962,57.0
1780224526,5,,Aggregated,2.400000,0.000000,140,300,340,460,650,780,780,780,780,780,780,254,0,140,163.58651016535745,2.751908000050207,782.4994710001647,2683.6889763779527
1780224527,5,POST,/api/book,1.800000,0.000000,140,300,340,460,650,780,780,780,780,780,780,195,0,140,214.6270718615416,93.51172000003771,782.4994710001647,3382.4564102564104
1780224527,5,GET,/api/concerts,0.600000,0.000000,3,3,30,30,30,30,30,30,30,30,30,46,0,3,6.541528043484227,2.7625090001492936,80.55761100001746,753.0
1780224527,5,GET,/health,0.100000,0.000000,3,3,3,3,3,3,3,3,3,3,3,17,0,3,3.3235973529465754,2.751908000050207,8.407874999988962,57.0
1780224527,5,,Aggregated,2.500000,0.000000,140,230,340,340,580,650,780,780,780,780,780,258,0,140,163.6034513876007,2.751908000050207,782.4994710001647,2694.5193798449613
1780224528,5,POST,/api/book,1.800000,0.000000,140,150,300,340,580,650,780,780,780,780,780,198,0,140,213.3178416818219,93.51172000003771,782.4994710001647,3382.580808080808
1780224528,5,GET,/api/concerts,0.300000,0.000000,30,30,30,30,30,30,30,30,30,30,30,46,0,3,6.541528043484227,2.7625090001492936,80.55761100001746,753.0
1780224528,5,GET,/health,0.100000,0.000000,3,3,3,3,3,3,3,3,3,3,3,17,0,3,3.3235973529465754,2.751908000050207,8.407874999988962,57.0
1780224528,5,,Aggregated,2.200000,0.000000,140,140,230,340,580,650,780,780,780,780,780,261,0,140,163.19672068199657,2.751908000050207,782.4994710001647,2702.5210727969347
1780224529,5,POST,/api/book,1.800000,0.000000,140,140,150,230,340,460,460,460,460,460,460,200,0,140,212.61152955000344,93.51172000003771,782.4994710001647,3382.73
1780224529,5,GET,/api/concerts,0.300000,0.000000,30,30,30,30,30,30,30,30,30,30,30,46,0,3,6.541528043484227,2.7625090001492936,80.55761100001746,753.0
1780224529,5,GET,/health,0.100000,0.000000,3,3,3,3,3,3,3,3,3,3,3,17,0,3,3.3235973529465754,2.751908000050207,8.407874999988962,57.0
1780224529,5,,Aggregated,2.200000,0.000000,140,140,140,150,300,340,460,460,460,460,460,263,0,140,163.04075039924356,2.751908000050207,782.4994710001647,2707.80608365019
1780224530,5,POST,/api/book,2.200000,0.000000,140,140,140,150,300,340,460,460,460,460,460,202,0,140,211.7724760693108,93.51172000003771,782.4994710001647,3382.59900990099
1780224530,5,GET,/api/concerts,0.200000,0.000000,30,30,30,30,30,30,30,30,30,30,30,46,0,3,6.541528043484227,2.7625090001492936,80.55761100001746,753.0
1780224530,5,GET,/health,0.100000,0.000000,3,3,3,3,3,3,3,3,3,3,3,17,0,3,3.3235973529465754,2.751908000050207,8.407874999988962,57.0
1780224530,5,,Aggregated,2.500000,0.000000,140,140,140,150,300,340,460,460,460,460,460,265,0,140,162.77528909811755,2.751908000050207,782.4994710001647,2712.8
1780224531,5,POST,/api/book,2.200000,0.000000,140,140,140,140,160,230,230,230,230,230,230,204,0,140,211.16575635784721,93.51172000003771,782.4994710001647,3382.279411764706
1780224531,5,GET,/api/concerts,0.200000,0.000000,30,30,30,30,30,30,30,30,30,30,30,46,0,3,6.541528043484227,2.7625090001492936,80.55761100001746,753.0
1780224531,5,GET,/health,0.100000,0.000000,3,3,3,3,3,3,3,3,3,3,3,17,0,3,3.3235973529465754,2.751908000050207,8.407874999988962,57.0
1780224531,5,,Aggregated,2.500000,0.000000,140,140,140,140,150,160,230,230,230,230,230,267,0,140,162.6787480973828,2.751908000050207,782.4994710001647,2717.5730337078653
1780224532,5,POST,/api/book,2.400000,0.000000,140,140,140,140,160,230,230,230,230,230,230,206,0,140,210.40451175728492,93.51172000003771,782.4994710001647,3382.0922330097087
1780224532,5,GET,/api/concerts,0.200000,0.000000,3,3,3,3,3,3,3,3,3,3,3,46,0,3,6.541528043484227,2.7625090001492936,80.55761100001746,753.0
1780224532,5,GET,/health,0.100000,0.000000,3,3,3,3,3,3,3,3,3,3,3,17,0,3,3.3235973529465754,2.751908000050207,8.407874999988962,57.0
1780224532,5,,Aggregated,2.700000,0.000000,140,140,140,140,150,160,230,230,230,230,230,269,0,140,162.45628575093332,2.751908000050207,782.4994710001647,2722.371747211896
1780224533,5,POST,/api/book,2.300000,0.000000,140,140,150,150,230,230,230,230,230,230,230,209,0,140,210.2661776411503,93.51172000003771,782.4994710001647,3381.799043062201
1780224533,5,GET,/api/concerts,0.200000,0.000000,3,3,3,3,3,3,3,3,3,3,3,47,0,3,6.468017382985636,2.7625090001492936,80.55761100001746,753.0
1780224533,5,GET,/health,0.100000,0.000000,3,3,3,3,3,3,3,3,3,3,3,17,0,3,3.3235973529465754,2.751908000050207,8.407874999988962,57.0
1780224533,5,,Aggregated,2.600000,0.000000,140,140,150,150,230,230,230,230,230,230,230,273,0,140,162.29351318315324,2.751908000050207,782.4994710001647,2722.1831501831502
1780224534,5,POST,/api/book,2.200000,0.000000,140,140,150,160,230,230,230,230,230,230,230,210,0,140,209.91553020476366,93.51172000003771,782.4994710001647,3381.961904761905
1780224534,5,GET,/api/concerts,0.100000,0.000000,3,3,3,3,3,3,3,3,3,3,3,47,0,3,6.468017382985636,2.7625090001492936,80.55761100001746,753.0
1780224534,5,GET,/health,0.100000,0.000000,3,3,3,3,3,3,3,3,3,3,3,18,0,3,3.2999223889002374,2.751908000050207,8.407874999988962,57.0
1780224534,5,,Aggregated,2.400000,0.000000,140,140,150,150,230,230,230,230,230,230,230,275,0,140,161.62057004727603,2.751908000050207,782.4994710001647,2715.0145454545454
1780224535,10,POST,/api/book,2.300000,0.000000,140,220,230,240,370,660,670,670,670,670,670,216,0,140,215.7047641064833,93.51172000003771,782.4994710001647,3382.134259259259
1780224535,10,GET,/api/concerts,0.100000,0.000000,3,3,5,5,5,5,5,5,5,5,5,48,0,3,6.432518937505923,2.7625090001492936,80.55761100001746,753.0
1780224535,10,GET,/health,0.100000,0.000000,3,3,3,3,3,3,3,3,3,3,3,18,0,3,3.2999223889002374,2.751908000050207,8.407874999988962,57.0
1780224535,10,,Aggregated,2.500000,0.000000,140,160,230,230,370,660,670,670,670,670,670,282,0,140,166.526200563833,2.751908000050207,782.4994710001647,2722.3794326241136
1780224536,15,POST,/api/book,2.100000,0.000000,220,350,360,370,620,660,670,670,670,670,670,223,0,140,222.79394096412773,93.51172000003771,782.4994710001647,3382.493273542601
1780224536,15,GET,/api/concerts,0.100000,0.000000,3,3,5,5,5,5,5,5,5,5,5,49,0,3,6.366225938781823,2.7625090001492936,80.55761100001746,753.0
1780224536,15,GET,/health,0.100000,0.000000,3,3,3,3,3,3,3,3,3,3,3,19,0,3,3.3029093684358726,2.751908000050207,8.407874999988962,57.0
1780224536,15,,Aggregated,2.300000,0.000000,150,240,360,370,620,660,670,670,670,670,670,291,0,140,172.01975664605186,2.751908000050207,782.4994710001647,2722.59793814433
1780224537,20,POST,/api/book,2.200000,0.000000,350,370,380,420,620,660,670,670,670,670,670,230,0,150,228.28346924348153,93.51172000003771,782.4994710001647,3382.004347826087
1780224537,20,GET,/api/concerts,0.200000,0.000000,3,5,5,7,7,7,7,7,7,7,7,50,0,3,6.3691538400053105,2.7625090001492936,80.55761100001746,753.0
1780224537,20,GET,/health,0.100000,0.000000,3,3,3,3,3,3,3,3,3,3,3,19,0,3,3.3029093684358726,2.751908000050207,8.407874999988962,57.0
1780224537,20,,Aggregated,2.500000,0.000000,230,360,370,420,620,660,670,670,670,670,670,299,0,140,176.8776284147201,2.751908000050207,782.4994710001647,2731.0836120401336
1780224538,25,POST,/api/book,3.000000,0.000000,360,420,460,620,660,670,710,710,710,710,710,237,0,150,237.23715151898983,93.51172000003771,782.4994710001647,3382.0632911392404
1780224538,25,GET,/api/concerts,0.200000,0.000000,5,5,7,7,71,71,71,71,71,71,71,52,0,3,7.560604634621681,2.7625090001492936,80.55761100001746,753.0
1780224538,25,GET,/health,0.100000,0.000000,3,3,3,3,3,3,3,3,3,3,3,21,0,3,3.2490039047789177,2.714519999926779,8.407874999988962,57.0
1780224538,25,,Aggregated,3.300000,0.000000,350,370,420,460,650,670,710,710,710,710,710,310,0,140,182.8599530096816,2.714519999926779,782.4994710001647,2715.8129032258066
1780224539,30,POST,/api/book,3.500000,0.000000,400,540,630,650,1200,1200,1400,1400,1400,1400,1400,247,0,160,262.7064880971712,93.51172000003771,1387.6118919999954,3382.3684210526317
1780224539,30,GET,/api/concerts,0.400000,0.000000,5,5,7,7,71,71,71,71,71,71,71,52,0,3,7.560604634621681,2.7625090001492936,80.55761100001746,753.0
1780224539,30,GET,/health,0.200000,0.000000,3,3,3,52,52,52,52,52,52,52,52,22,0,3,5.482155636374583,2.714519999926779,52.37834199988356,57.0
1780224539,30,,Aggregated,4.100000,0.000000,360,420,620,630,710,1200,1300,1400,1400,1400,1400,321,0,140,203.74536269470985,2.714519999926779,1387.6118919999954,2728.520249221184
1780224540,35,POST,/api/book,3.700000,0.000000,460,650,670,910,1400,1800,1900,1900,1900,1900,1900,254,0,170,291.74926246457176,93.51172000003771,1861.4189269999315,3382.484251968504
1780224540,35,GET,/api/concerts,0.400000,0.000000,7,7,9,53,71,71,71,71,71,71,71,55,0,3,8.39847094546051,2.7625090001492936,80.55761100001746,753.0
1780224540,35,GET,/health,0.200000,0.000000,3,8,49,49,52,52,52,52,52,52,52,24,0,3,7.412746250011537,2.714519999926779,52.37834199988356,57.0
1780224540,35,,Aggregated,4.300000,0.000000,370,510,650,670,1200,1600,1800,1900,1900,1900,1900,333,0,140,224.45686029429982,2.714519999926779,1861.4189269999315,2708.5105105105104
1780224541,40,POST,/api/book,4.100000,0.000000,540,670,910,1200,1700,1800,1800,1900,1900,1900,1900,262,0,180,315.4617083931332,93.51172000003771,1861.4189269999315,3382.343511450382
1780224541,40,GET,/api/concerts,0.600000,0.000000,7,9,51,51,53,71,71,71,71,71,71,57,0,3,9.054162771933573,2.7625090001492936,80.55761100001746,753.0
1780224541,40,GET,/health,0.500000,0.000000,3,8,49,49,52,52,52,52,52,52,52,25,0,3,7.247518360004506,2.714519999926779,52.37834199988356,57.0
1780224541,40,,Aggregated,5.200000,0.000000,400,620,670,910,1400,1700,1800,1900,1900,1900,1900,344,0,140,242.29140359302687,2.714519999926779,1861.4189269999315,2705.0
1780224542,40,POST,/api/book,4.800000,0.000000,540,670,910,1200,1700,1800,1800,1900,1900,1900,1900,264,0,180,318.78355012121506,93.51172000003771,1861.4189269999315,3382.5
1780224542,40,GET,/api/concerts,0.900000,0.000000,12,27,51,51,71,180,180,180,180,180,180,62,0,3,12.926769741933375,2.7625090001492936,183.60224100001687,753.0
1780224542,40,GET,/health,0.700000,0.000000,3,8,49,52,160,160,160,160,160,160,160,26,0,3,13.032679346158952,2.714519999926779,157.6617040000201,57.0
1780224542,40,,Aggregated,6.400000,0.000000,400,620,670,910,1400,1700,1800,1900,1900,1900,1900,352,0,140,242.3271778948886,2.714519999926779,1861.4189269999315,2673.715909090909
1780224543,40,POST,/api/book,4.800000,0.000000,620,710,990,1200,1700,1800,1800,1900,1900,1900,1900,266,0,180,327.1179527969959,93.51172000003771,1861.4189269999315,3382.3834586466164
1780224543,40,GET,/api/concerts,0.900000,0.000000,12,27,51,53,71,180,180,180,180,180,180,62,0,3,12.926769741933375,2.7625090001492936,183.60224100001687,753.0
1780224543,40,GET,/health,0.700000,0.000000,3,8,49,52,160,160,160,160,160,160,160,26,0,3,13.032679346158952,2.714519999926779,157.6617040000201,57.0
1780224543,40,,Aggregated,6.400000,0.000000,410,630,670,910,1400,1700,1800,1900,1900,1900,1900,354,0,140,249.02170856214946,2.714519999926779,1861.4189269999315,2677.632768361582
1780224544,40,POST,/api/book,5.800000,0.000000,650,910,1200,1400,1800,1900,2300,3500,3500,3500,3500,269,0,180,352.1877362750965,93.51172000003771,3535.1570479999737,3382.066914498141
1780224544,40,GET,/api/concerts,1.300000,0.000000,12,27,51,51,71,180,180,180,180,180,180,63,0,3,12.900856047616841,2.7625090001492936,183.60224100001687,753.0
1780224544,40,GET,/health,0.800000,0.000000,8,49,52,150,160,160,160,160,160,160,160,27,0,3,18.096155148151006,2.714519999926779,157.6617040000201,57.0
1780224544,40,,Aggregated,7.900000,0.000000,420,650,910,1100,1700,1800,2300,3500,3500,3500,3500,359,0,140,267.520476818944,2.714519999926779,3535.1570479999737,2670.623955431755
1780224545,40,POST,/api/book,5.800000,0.000000,990,1600,1800,1900,2700,3500,4300,4500,4500,4500,4500,281,0,220,444.15266234163977,93.51172000003771,4462.623420999989,3382.2989323843417
1780224545,40,GET,/api/concerts,1.300000,0.000000,12,27,51,53,71,180,180,180,180,180,180,63,0,3,12.900856047616841,2.7625090001492936,183.60224100001687,753.0
1780224545,40,GET,/health,0.800000,0.000000,8,49,52,150,160,160,160,160,160,160,160,27,0,3,18.096155148151006,2.714519999926779,157.6617040000201,57.0
1780224545,40,,Aggregated,7.900000,0.000000,540,1100,1600,1700,2300,3000,4300,4500,4500,4500,4500,371,0,140,339.91441573585104,2.714519999926779,4462.623420999989,2693.811320754717
1780224546,40,POST,/api/book,5.900000,0.000000,1300,1800,1900,2400,4500,4800,5200,5400,5400,5400,5400,289,0,230,522.3526005467164,93.51172000003771,5431.115107000096,3382.4117647058824
1780224546,40,GET,/api/concerts,1.600000,0.000000,12,27,51,53,71,180,180,180,180,180,180,63,0,3,12.900856047616841,2.7625090001492936,183.60224100001687,753.0
1780224546,40,GET,/health,0.900000,0.000000,49,52,110,150,160,160,160,160,160,160,160,28,0,3,21.33634564286321,2.714519999926779,157.6617040000201,57.0
1780224546,40,,Aggregated,8.400000,0.000000,670,1400,1800,1900,3000,4600,5200,5400,5400,5400,5400,380,0,140,400.97387675526596,2.714519999926779,5431.115107000096,2701.452631578947
1780224547,40,POST,/api/book,6.900000,0.000000,1800,2700,3800,4300,4900,5400,5500,6100,6100,6100,6100,310,0,240,725.2625753516188,93.51172000003771,6146.937421000075,3381.9032258064517
1780224547,40,GET,/api/concerts,1.500000,0.000000,31,50,53,53,71,180,180,180,180,180,180,66,0,3,14.15491178787568,2.7625090001492936,183.60224100001687,753.0
1780224547,40,GET,/health,0.900000,0.000000,49,52,110,150,160,160,160,160,160,160,160,29,0,3,21.012469482759023,2.714519999926779,157.6617040000201,57.0
1780224547,40,,Aggregated,9.300000,0.000000,1100,1800,2700,3500,4600,5200,5500,5500,6100,6100,6100,405,0,140,558.9505781530905,2.714519999926779,6146.937421000075,2715.40987654321
1780224548,40,POST,/api/book,6.600000,0.000000,1700,2300,3800,4300,4900,5400,5500,6100,6100,6100,6100,321,0,260,740.4213613676076,93.51172000003771,6146.937421000075,3381.700934579439
1780224548,40,GET,/api/concerts,1.500000,0.000000,31,50,53,54,62,180,180,180,180,180,180,67,0,3,14.871422417909072,2.7625090001492936,183.60224100001687,753.0
1780224548,40,GET,/health,1.000000,0.000000,49,110,150,150,160,160,160,160,160,160,160,30,0,3,21.388950333331042,2.714519999926779,157.6617040000201,57.0
1780224548,40,,Aggregated,9.100000,0.000000,1400,1800,2700,3500,4600,5200,5500,5500,6100,6100,6100,418,0,140,572.5198823229711,2.714519999926779,6146.937421000075,2721.7392344497607
1780224549,40,POST,/api/book,7.800000,0.000000,1800,2700,3800,4300,4900,5400,5500,6100,6100,6100,6100,325,0,250,735.4139497907751,93.51172000003771,6146.937421000075,3381.646153846154
1780224549,40,GET,/api/concerts,1.500000,0.000000,31,37,51,52,62,180,180,180,180,180,180,73,0,3,15.336797630135614,2.7625090001492936,183.60224100001687,753.0
1780224549,40,GET,/health,0.900000,0.000000,110,110,150,150,160,160,160,160,160,160,160,30,0,3,21.388950333331042,2.714519999926779,157.6617040000201,57.0
1780224549,40,,Aggregated,10.200000,0.000000,1400,1900,2900,3800,4800,5400,5500,6100,6100,6100,6100,428,0,140,562.548571072434,2.714519999926779,6146.937421000075,2700.266355140187
1780224550,40,POST,/api/book,7.900000,0.000000,1900,3000,4000,4400,5200,5400,5500,6100,6100,6100,6100,327,0,260,737.4658384617795,93.51172000003771,6146.937421000075,3381.6422018348626
1780224550,40,GET,/api/concerts,1.700000,0.000000,27,37,52,54,70,180,180,180,180,180,180,76,0,3,15.94449259210095,2.7625090001492936,183.60224100001687,753.0
1780224550,40,GET,/health,1.000000,0.000000,110,110,150,150,160,160,160,160,160,160,160,30,0,3,21.388950333331042,2.714519999926779,157.6617040000201,57.0
1780224550,40,,Aggregated,10.600000,0.000000,1400,2100,3000,4000,4800,5400,5500,6100,6100,6100,6100,433,0,140,561.2119610254076,2.714519999926779,6146.937421000075,2689.919168591224
1780224551,40,POST,/api/book,8.300000,0.000000,2100,3000,4000,4300,4900,5400,5500,6100,6100,6100,6100,336,0,280,769.7947301696491,93.51172000003771,6146.937421000075,3381.559523809524
1780224551,40,GET,/api/concerts,1.900000,0.000000,27,37,54,62,110,200,200,200,200,200,200,79,0,3,19.329938379740593,2.7625090001492936,199.4101509999382,753.0
1780224551,40,GET,/health,0.800000,0.000000,55,110,150,150,160,160,160,160,160,160,160,32,0,3,22.13871334374673,2.714519999926779,157.6617040000201,57.0
1780224551,40,,Aggregated,11.000000,0.000000,1400,2300,3000,3800,4800,5400,5500,6100,6100,6100,6100,447,0,140,583.6387769485493,2.714519999926779,6146.937421000075,2679.0044742729306
1780224552,40,POST,/api/book,7.800000,0.000000,2100,3000,3600,4000,4800,5400,5500,6100,6100,6100,6100,350,0,290,821.9610935714351,93.51172000003771,6146.937421000075,3381.7057142857143
1780224552,40,GET,/api/concerts,1.900000,0.000000,36,52,62,70,200,400,400,400,400,400,400,81,0,4,24.31306960493427,2.7625090001492936,403.94116800007396,753.0
1780224552,40,GET,/health,0.600000,0.000000,55,110,150,150,160,160,160,160,160,160,160,33,0,3,21.826293090901512,2.714519999926779,157.6617040000201,57.0
1780224552,40,,Aggregated,10.300000,0.000000,1500,2400,3000,3600,4600,5200,5500,5500,6100,6100,6100,464,0,150,625.8103643534519,2.714519999926779,6146.937421000075,2686.3599137931033
1780224553,40,POST,/api/book,7.100000,0.000000,1900,3000,3300,3800,4800,5400,5500,6100,6100,6100,6100,364,0,310,850.030312434071,93.51172000003771,6146.937421000075,3381.346153846154
1780224553,40,GET,/api/concerts,2.100000,0.000000,37,54,65,70,200,400,400,400,400,400,400,82,0,4,24.807533073169175,2.7625090001492936,403.94116800007396,753.0
1780224553,40,GET,/health,0.700000,0.000000,32,55,110,110,150,150,150,150,150,150,150,33,0,3,21.826293090901512,2.714519999926779,157.6617040000201,57.0
1780224553,40,,Aggregated,9.900000,0.000000,1400,2400,3000,3300,4400,5200,5500,5500,6100,6100,6100,479,0,160,651.7025451148256,2.714519999926779,6146.937421000075,2702.3736951983296
1780224554,40,POST,/api/book,8.100000,0.000000,1600,2900,3300,3800,4800,5400,5500,6100,6100,6100,6100,370,0,310,853.902891745951,93.51172000003771,6146.937421000075,3381.318918918919
1780224554,40,GET,/api/concerts,2.200000,0.000000,36,54,65,70,120,200,400,400,400,400,400,86,0,4,25.723375046511116,2.7625090001492936,403.94116800007396,753.0
1780224554,40,GET,/health,0.800000,0.000000,32,43,55,55,110,110,110,110,110,110,110,34,0,3,22.45808044116703,2.714519999926779,157.6617040000201,57.0
1780224554,40,,Aggregated,11.100000,0.000000,1000,1800,2900,3200,4400,5200,5500,5500,6100,6100,6100,490,0,160,650.8568468061255,2.714519999926779,6146.937421000075,2689.3551020408163
1780224555,40,POST,/api/book,9.500000,0.000000,1500,2400,3100,3300,4400,5200,5500,6100,6100,6100,6100,377,0,320,861.2968762732145,93.51172000003771,6146.937421000075,3381.262599469496
1780224555,40,GET,/api/concerts,1.900000,0.000000,36,52,65,70,120,200,400,400,400,400,400,87,0,4,25.673353873561158,2.7625090001492936,403.94116800007396,753.0
1780224555,40,GET,/health,0.700000,0.000000,32,43,55,61,110,110,110,110,110,110,110,36,0,3,23.211366277769862,2.714519999926779,157.6617040000201,57.0
1780224555,40,,Aggregated,12.100000,0.000000,1000,1700,2400,3000,3800,4900,5500,5500,6100,6100,6100,500,0,160,655.5562266560028,2.714519999926779,6146.937421000075,2684.598
1780224556,40,POST,/api/book,9.900000,0.000000,1300,1700,1900,2400,3100,3300,3600,3600,3600,3600,3600,387,0,340,884.226029917317,93.51172000003771,6146.937421000075,3381.0051679586563
1780224556,40,GET,/api/concerts,2.200000,0.000000,31,52,65,70,120,200,400,400,400,400,400,88,0,4,25.41763132954212,2.7625090001492936,403.94116800007396,753.0
1780224556,40,GET,/health,0.700000,0.000000,32,43,55,55,61,61,61,61,61,61,61,36,0,3,23.211366277769862,2.714519999926779,157.6617040000201,57.0
1780224556,40,,Aggregated,12.800000,0.000000,930,1400,1700,1800,2700,3200,3400,3600,3600,3600,3600,511,0,170,675.6709086516655,2.714519999926779,6146.937421000075,2694.256360078278
1780224557,40,POST,/api/book,9.500000,0.000000,1500,1800,2300,2500,3100,3300,3600,3600,3600,3600,3600,396,0,340,906.1862283409131,93.51172000003771,6146.937421000075,3380.901515151515
1780224557,40,GET,/api/concerts,2.400000,0.000000,24,38,65,70,120,200,400,400,400,400,400,88,0,4,25.41763132954212,2.7625090001492936,403.94116800007396,753.0
1780224557,40,GET,/health,0.800000,0.000000,43,55,61,76,96,96,96,96,96,96,96,38,0,3,26.51205721052388,2.714519999926779,157.6617040000201,57.0
1780224557,40,,Aggregated,12.700000,0.000000,1000,1500,1800,1900,2900,3200,3400,3600,3600,3600,3600,522,0,180,693.6665826705002,2.714519999926779,6146.937421000075,2695.9137931034484
1780224558,40,POST,/api/book,9.300000,0.000000,1300,1800,2400,2700,3200,3400,3600,3600,3600,3600,3600,405,0,350,919.6050808296335,93.51172000003771,6146.937421000075,3380.7703703703705
1780224558,40,GET,/api/concerts,2.400000,0.000000,34,65,110,110,200,400,400,400,400,400,400,90,0,4,26.242382133328746,2.7625090001492936,403.94116800007396,753.0
1780224558,40,GET,/health,0.800000,0.000000,43,55,61,76,96,96,96,96,96,96,96,38,0,3,26.51205721052388,2.714519999926779,157.6617040000201,57.0
1780224558,40,,Aggregated,12.500000,0.000000,1000,1600,1800,2400,3100,3300,3400,3600,3600,3600,3600,533,0,180,705.0831712983132,2.714519999926779,6146.937421000075,2700.0900562851784
1780224559,40,POST,/api/book,8.400000,0.000000,1400,1900,2500,2900,3300,3400,3600,3700,3700,3700,3700,412,0,350,933.627396092237,93.51172000003771,6146.937421000075,3380.830097087379
1780224559,40,GET,/api/concerts,2.300000,0.000000,34,70,110,110,200,400,400,400,400,400,400,91,0,4,26.294056175819417,2.7625090001492936,403.94116800007396,753.0
1780224559,40,GET,/health,1.000000,0.000000,55,61,76,76,96,96,96,96,96,96,96,38,0,3,26.51205721052388,2.714519999926779,157.6617040000201,57.0
1780224559,40,,Aggregated,11.700000,0.000000,1200,1700,2000,2500,3200,3400,3600,3600,3700,3700,3700,541,0,180,717.2915055009262,2.714519999926779,6146.937421000075,2705.343807763401
1780224560,40,POST,/api/book,9.000000,0.000000,1700,2400,2900,3100,3400,3600,4300,4600,4600,4600,4600,422,0,360,980.2288948791505,93.51172000003771,6146.937421000075,3381.0521327014217
1780224560,40,GET,/api/concerts,2.300000,0.000000,36,65,110,120,200,400,400,400,400,400,400,92,0,4,26.401958358692553,2.7625090001492936,403.94116800007396,753.0
1780224560,40,GET,/health,0.900000,0.000000,61,65,76,76,96,96,96,96,96,96,96,40,0,3,27.541842725000265,2.714519999926779,157.6617040000201,57.0
1780224560,40,,Aggregated,12.200000,0.000000,1300,1800,2400,2900,3300,3600,3700,4300,4600,4600,4600,554,0,200,753.0455731353812,2.714519999926779,6146.937421000075,2704.620938628159
1780224561,40,POST,/api/book,8.500000,0.000000,1700,2300,2600,3000,3300,3600,4300,4600,4600,4600,4600,429,0,370,999.8859275641069,93.51172000003771,6146.937421000075,3381.0885780885783
1780224561,40,GET,/api/concerts,2.000000,0.000000,34,38,110,120,200,400,400,400,400,400,400,93,0,4,26.342528849459427,2.7625090001492936,403.94116800007396,753.0
1780224561,40,GET,/health,0.800000,0.000000,61,65,76,76,96,96,96,96,96,96,96,40,0,3,27.541842725000265,2.714519999926779,157.6617040000201,57.0
1780224561,40,,Aggregated,11.300000,0.000000,1300,1800,2400,2600,3300,3500,3700,4300,4600,4600,4600,562,0,220,769.5775655106789,2.714519999926779,6146.937421000075,2709.6014234875447
1780224562,40,POST,/api/book,9.200000,0.000000,1700,2300,2500,2600,3300,3500,4300,4600,4600,4600,4600,444,0,380,1035.5878216711733,93.51172000003771,6146.937421000075,3380.9166666666665
1780224562,40,GET,/api/concerts,1.800000,0.000000,24,34,36,65,110,120,120,120,120,120,120,94,0,4,26.201651734039203,2.7625090001492936,403.94116800007396,753.0
1780224562,40,GET,/health,0.800000,0.000000,61,65,76,76,96,96,96,96,96,96,96,41,0,3,26.94042139024454,2.714519999926779,157.6617040000201,57.0
1780224562,40,,Aggregated,11.800000,0.000000,1500,1900,2400,2500,3100,3400,3700,4300,4600,4600,4600,579,0,230,800.2910282590685,2.714519999926779,6146.937421000075,2718.9050086355787
1780224563,40,POST,/api/book,9.300000,0.000000,1700,2300,2500,2600,3300,3500,4300,4600,4600,4600,4600,450,0,380,1032.5663694711131,93.51172000003771,6146.937421000075,3380.8244444444445
1780224563,40,GET,/api/concerts,1.500000,0.000000,31,34,45,45,53,110,110,110,110,110,110,97,0,4,26.605074845358253,2.7625090001492936,403.94116800007396,753.0
1780224563,40,GET,/health,0.800000,0.000000,61,65,76,76,96,96,96,96,96,96,96,41,0,3,26.94042139024454,2.714519999926779,157.6617040000201,57.0
1780224563,40,,Aggregated,11.600000,0.000000,1500,1900,2400,2500,3100,3400,3700,4300,4600,4600,4600,588,0,230,796.4967955765318,2.714519999926779,6146.937421000075,2715.559523809524
1780224564,40,POST,/api/book,9.800000,0.000000,1800,2400,2500,2600,3300,3600,4300,4600,4600,4600,4600,453,0,380,1033.5534577086107,93.51172000003771,6146.937421000075,3381.0353200883
1780224564,40,GET,/api/concerts,1.200000,0.000000,21,34,36,45,53,110,110,110,110,110,110,99,0,4,26.129577949492123,2.7625090001492936,403.94116800007396,753.0
1780224564,40,GET,/health,0.700000,0.000000,65,65,76,76,96,96,96,96,96,96,96,41,0,3,26.94042139024454,2.714519999926779,157.6617040000201,57.0
1780224564,40,,Aggregated,11.700000,0.000000,1600,2000,2500,2500,3200,3500,4300,4600,4600,4600,4600,593,0,230,795.7691430623954,2.714519999926779,6146.937421000075,2712.4671163575044
1780224565,40,POST,/api/book,8.800000,0.000000,1900,2500,2600,3100,3400,3800,4300,4600,4600,4600,4600,460,0,390,1056.0677858782626,93.51172000003771,6146.937421000075,3381.019565217391
1780224565,40,GET,/api/concerts,1.400000,0.000000,21,36,45,51,53,110,110,110,110,110,110,100,0,4,26.374915839996902,2.7625090001492936,403.94116800007396,753.0
1780224565,40,GET,/health,0.800000,0.000000,65,76,76,96,96,96,96,96,96,96,96,41,0,3,26.94042139024454,2.714519999926779,157.6617040000201,57.0
1780224565,40,,Aggregated,11.000000,0.000000,1700,2300,2500,2600,3400,3700,4300,4600,4600,4600,4600,601,0,230,814.5311653327796,2.714519999926779,6146.937421000075,2716.9816971713813
1780224566,40,POST,/api/book,8.500000,0.000000,2000,2500,3100,3200,3500,3800,4300,4600,4600,4600,4600,470,0,400,1082.862023163831,93.51172000003771,6146.937421000075,3380.7787234042553
1780224566,40,GET,/api/concerts,1.400000,0.000000,31,45,51,53,110,320,320,320,320,320,320,101,0,4,29.259499999996855,2.7625090001492936,403.94116800007396,753.0
1780224566,40,GET,/health,0.800000,0.000000,65,65,76,76,96,96,96,96,96,96,96,42,0,3,27.29788780952244,2.714519999926779,157.6617040000201,57.0
1780224566,40,,Aggregated,10.700000,0.000000,1700,2400,2600,3100,3400,3700,4300,4600,4600,4600,4600,613,0,240,836.944325734095,2.714519999926779,6146.937421000075,2720.0864600326263
1780224567,40,POST,/api/book,8.000000,0.000000,2300,2600,3200,3400,3900,4300,4600,4700,4700,4700,4700,490,0,450,1153.632788736738,93.51172000003771,6146.937421000075,3380.726530612245
1780224567,40,GET,/api/concerts,1.200000,0.000000,31,36,51,51,53,320,320,320,320,320,320,102,0,4,29.066980519603163,2.7625090001492936,403.94116800007396,753.0
1780224567,40,GET,/health,0.600000,0.000000,42,65,76,76,96,96,96,96,96,96,96,43,0,4,26.787889720927776,2.714519999926779,157.6617040000201,57.0
1780224567,40,,Aggregated,9.800000,0.000000,1900,2500,3000,3200,3700,4000,4500,4600,4700,4700,4700,635,0,260,896.6878389795287,2.714519999926779,6146.937421000075,2733.563779527559
1780224568,40,POST,/api/book,8.400000,0.000000,2300,2600,3200,3400,3900,4300,4600,4700,4700,4700,4700,493,0,460,1151.259018551727,93.51172000003771,6146.937421000075,3380.7221095334685
1780224568,40,GET,/api/concerts,1.400000,0.000000,21,36,51,51,53,320,320,320,320,320,320,103,0,5,28.83568120387943,2.7625090001492936,403.94116800007396,753.0
1780224568,40,GET,/health,0.600000,0.000000,29,42,42,65,65,65,65,65,65,65,65,43,0,4,26.787889720927776,2.714519999926779,157.6617040000201,57.0
1780224568,40,,Aggregated,10.400000,0.000000,1900,2500,3000,3200,3700,4000,4500,4600,4700,4700,4700,639,0,270,894.6676847699539,2.714519999926779,6146.937421000075,2733.4992175273865
1780224569,40,POST,/api/book,8.700000,0.000000,2000,2500,3000,3200,3700,4000,4500,4700,4700,4700,4700,500,0,470,1155.8662458880028,93.51172000003771,6146.937421000075,3380.658
1780224569,40,GET,/api/concerts,1.300000,0.000000,21,51,53,180,320,430,430,430,430,430,430,105,0,5,34.045455666663266,2.7625090001492936,426.5841020001062,753.0
1780224569,40,GET,/health,0.400000,0.000000,29,42,65,65,68,68,68,68,68,68,68,45,0,5,27.27718546666185,2.714519999926779,157.6617040000201,57.0
1780224569,40,,Aggregated,10.400000,0.000000,1700,2300,2600,3000,3500,3900,4400,4500,4700,4700,4700,650,0,280,896.5159525153856,2.714519999926779,6146.937421000075,2726.090769230769
1780224570,40,POST,/api/book,8.700000,0.000000,2000,2500,2900,3200,3800,4000,4500,4700,4700,4700,4700,505,0,490,1163.3220069584181,93.51172000003771,6146.937421000075,3380.8514851485147
1780224570,40,GET,/api/concerts,1.200000,0.000000,21,47,53,180,320,430,430,430,430,430,430,107,0,5,33.943036514014764,2.7625090001492936,426.5841020001062,753.0
1780224570,40,GET,/health,0.500000,0.000000,29,42,65,65,68,68,68,68,68,68,68,45,0,5,27.27718546666185,2.714519999926779,157.6617040000201,57.0
1780224570,40,,Aggregated,10.400000,0.000000,1700,2000,2600,2900,3500,4000,4500,4700,4700,4700,4700,657,0,280,901.5783740745819,2.714519999926779,6146.937421000075,2725.214611872146
1780224571,40,POST,/api/book,8.800000,0.000000,2000,2400,2900,3400,3800,4000,4500,4700,4700,4700,4700,516,0,520,1189.123500856592,93.51172000003771,6146.937421000075,3380.906976744186
1780224571,40,GET,/api/concerts,1.300000,0.000000,45,51,53,180,320,430,430,430,430,430,430,107,0,5,33.943036514014764,2.7625090001492936,426.5841020001062,753.0
1780224571,40,GET,/health,0.600000,0.000000,7,42,42,68,68,68,68,68,68,68,68,45,0,5,27.27718546666185,2.714519999926779,157.6617040000201,57.0
1780224571,40,,Aggregated,10.700000,0.000000,1700,2200,2600,2900,3500,4000,4500,4700,4700,4700,4700,668,0,290,925.819019004492,2.714519999926779,6146.937421000075,2736.053892215569
1780224572,40,POST,/api/book,8.400000,0.000000,2200,2600,3200,3400,3700,4000,4500,4700,4700,4700,4700,532,0,610,1217.7006994379735,93.51172000003771,6146.937421000075,3381.0845864661655
1780224572,40,GET,/api/concerts,1.400000,0.000000,19,51,53,180,320,430,430,430,430,430,430,108,0,5,33.77848016666323,2.7625090001492936,426.5841020001062,753.0
1780224572,40,GET,/health,0.700000,0.000000,34,42,68,68,88,88,88,88,88,88,88,47,0,7,28.713769404250943,2.714519999926779,157.6617040000201,57.0
1780224572,40,,Aggregated,10.500000,0.000000,1900,2400,2700,3200,3400,3900,4400,4500,4700,4700,4700,687,0,310,950.2392942081531,2.714519999926779,6146.937421000075,2740.524017467249
1780224573,40,POST,/api/book,8.400000,0.000000,2100,2600,2900,3400,3700,4000,4500,4700,4700,4700,4700,536,0,610,1216.635371391795,93.51172000003771,6146.937421000075,3381.1921641791046
1780224573,40,GET,/api/concerts,1.400000,0.000000,42,51,53,180,320,430,430,430,430,430,430,109,0,7,33.85233911008865,2.7625090001492936,426.5841020001062,753.0
1780224573,40,GET,/health,0.500000,0.000000,38,42,68,68,88,88,88,88,88,88,88,48,0,7,28.89972981249637,2.714519999926779,157.6617040000201,57.0
1780224573,40,,Aggregated,10.300000,0.000000,1900,2400,2600,2900,3400,3900,4400,4500,4700,4700,4700,693,0,310,948.3313868109688,2.714519999926779,6146.937421000075,2737.564213564214
1780224574,40,POST,/api/book,8.000000,0.000000,2100,2400,2800,2900,3500,4000,4500,4700,4700,4700,4700,544,0,630,1224.5211426801511,93.51172000003771,6146.937421000075,3381.104779411765
1780224574,40,GET,/api/concerts,1.400000,0.000000,42,51,77,180,320,430,430,430,430,430,430,112,0,7,33.774891937495354,2.7625090001492936,426.5841020001062,753.0
1780224574,40,GET,/health,0.600000,0.000000,42,47,68,68,88,88,88,88,88,88,88,49,0,8,29.27227716326092,2.714519999926779,157.6617040000201,57.0
1780224574,40,,Aggregated,10.000000,0.000000,1800,2300,2600,2800,3400,3900,4400,4500,4700,4700,4700,705,0,310,952.2789093560303,2.714519999926779,6146.937421000075,2732.553191489362
1780224575,40,POST,/api/book,8.500000,0.000000,2000,2400,2600,2900,3400,3900,4500,4700,4700,4700,4700,559,0,650,1235.8983092647613,93.51172000003771,6146.937421000075,3381.2450805008943
1780224575,40,GET,/api/concerts,1.400000,0.000000,42,51,77,180,320,430,430,430,430,430,430,113,0,7,33.51195667256128,2.7625090001492936,426.5841020001062,753.0
1780224575,40,GET,/health,0.700000,0.000000,42,47,55,68,88,88,88,88,88,88,88,50,0,8,29.785602819995347,2.714519999926779,157.6617040000201,57.0
1780224575,40,,Aggregated,10.600000,0.000000,1900,2200,2400,2700,3400,3900,4400,4500,4700,4700,4700,722,0,320,964.1873769030481,2.714519999926779,6146.937421000075,2739.6883656509694
1780224576,40,POST,/api/book,9.000000,0.000000,2000,2400,2600,2800,3400,3900,4400,4700,4700,4700,4700,566,0,650,1237.1280181007082,93.51172000003771,6146.937421000075,3381.4222614840987
1780224576,40,GET,/api/concerts,1.200000,0.000000,16,42,47,77,180,430,430,430,430,430,430,115,0,7,33.17222280869156,2.7625090001492936,426.5841020001062,753.0
1780224576,40,GET,/health,0.800000,0.000000,47,55,68,68,88,88,88,88,88,88,88,50,0,8,29.785602819995347,2.714519999926779,157.6617040000201,57.0
1780224576,40,,Aggregated,11.000000,0.000000,1800,2200,2400,2600,3300,3700,4000,4400,4700,4700,4700,731,0,330,965.1416470711354,2.714519999926779,6146.937421000075,2740.533515731874
1780224577,40,POST,/api/book,9.800000,0.000000,2000,2300,2400,2600,2800,3200,3400,3400,3400,3400,3400,574,0,650,1235.8207571846701,93.51172000003771,6146.937421000075,3381.533101045296
1780224577,40,GET,/api/concerts,1.400000,0.000000,16,42,77,77,180,430,430,430,430,430,430,118,0,7,33.31233666948858,2.7625090001492936,426.5841020001062,753.0
1780224577,40,GET,/health,0.800000,0.000000,47,55,68,68,88,88,88,88,88,88,88,51,0,8,29.258068843134033,2.714519999926779,157.6617040000201,57.0
1780224577,40,,Aggregated,12.000000,0.000000,1300,2000,2300,2400,2700,3000,3300,3400,3400,3400,3400,743,0,330,962.0244035827725,2.714519999926779,6146.937421000075,2735.8829071332434
1780224578,40,POST,/api/book,10.000000,0.000000,2000,2400,2500,2600,3000,3200,3400,3400,3400,3400,3400,579,0,650,1243.106891870467,93.51172000003771,6146.937421000075,3381.564766839378
1780224578,40,GET,/api/concerts,1.300000,0.000000,18,42,48,48,99,180,180,180,180,180,180,120,0,7,33.50468840833022,2.7625090001492936,426.5841020001062,753.0
1780224578,40,GET,/health,0.800000,0.000000,47,55,68,68,88,88,88,88,88,88,88,52,0,7,28.748732211535245,2.714519999926779,157.6617040000201,57.0
1780224578,40,,Aggregated,12.100000,0.000000,1500,2100,2400,2400,2800,3100,3300,3400,3400,3400,3400,751,0,330,965.744856294274,2.714519999926779,6146.937421000075,2731.358189081225
1780224579,40,POST,/api/book,9.000000,0.000000,2200,2400,2600,2800,3200,3400,3800,3800,3800,3800,3800,589,0,670,1270.111917512734,93.51172000003771,6146.937421000075,3381.460101867572
1780224579,40,GET,/api/concerts,1.400000,0.000000,18,47,48,77,140,370,370,370,370,370,370,123,0,9,36.88765175609372,2.7625090001492936,426.5841020001062,753.0
1780224579,40,GET,/health,0.800000,0.000000,47,55,68,88,260,260,260,260,260,260,260,54,0,8,33.0748136851816,2.714519999926779,264.70827299999655,57.0
1780224579,40,,Aggregated,11.200000,0.000000,1500,2300,2600,2600,3000,3300,3800,3800,3800,3800,3800,766,0,340,984.8813844908607,2.714519999926779,6146.937421000075,2725.0352480417755
1780224580,40,POST,/api/book,8.500000,0.000000,2000,2600,2700,2800,3200,3600,3800,3800,3800,3800,3800,605,0,710,1283.875360457853,93.51172000003771,6146.937421000075,3381.6677685950413
1780224580,40,GET,/api/concerts,1.700000,0.000000,18,47,53,77,140,370,370,370,370,370,370,125,0,9,36.81321064799704,2.7625090001492936,426.5841020001062,753.0
1780224580,40,GET,/health,0.900000,0.000000,38,47,55,88,260,260,260,260,260,260,260,54,0,8,33.0748136851816,2.714519999926779,264.70827299999655,57.0
1780224580,40,,Aggregated,11.100000,0.000000,1400,2300,2600,2700,3000,3400,3800,3800,3800,3800,3800,784,0,350,998.8932198303573,2.714519999926779,6146.937421000075,2733.561224489796
1780224581,40,POST,/api/book,8.700000,0.000000,1900,2600,2700,2800,3200,3600,3800,3800,3800,3800,3800,614,0,710,1278.4962535423476,93.51172000003771,6146.937421000075,3381.6221498371337
1780224581,40,GET,/api/concerts,1.600000,0.000000,12,41,48,53,99,140,370,370,370,370,370,128,0,7,36.028139820309946,2.7625090001492936,426.5841020001062,753.0
1780224581,40,GET,/health,0.900000,0.000000,38,47,54,55,260,260,260,260,260,260,260,56,0,8,33.47213462500065,2.714519999926779,264.70827299999655,57.0
1780224581,40,,Aggregated,11.200000,0.000000,940,2000,2600,2700,3000,3400,3800,3800,3800,3800,3800,798,0,340,991.8330089110284,2.714519999926779,6146.937421000075,2726.6817042606517
1780224582,40,POST,/api/book,9.300000,0.000000,1500,2100,2600,2700,3100,3600,3800,3800,3800,3800,3800,624,0,730,1271.384979391028,93.51172000003771,6146.937421000075,3381.588141025641
1780224582,40,GET,/api/concerts,1.800000,0.000000,11,41,53,77,140,370,370,370,370,370,370,129,0,7,35.77386798449407,2.7625090001492936,426.5841020001062,753.0
1780224582,40,GET,/health,0.900000,0.000000,47,54,55,55,260,260,260,260,260,260,260,56,0,8,33.47213462500065,2.714519999926779,264.70827299999655,57.0
1780224582,40,,Aggregated,12.000000,0.000000,800,1700,2200,2600,3000,3200,3800,3800,3800,3800,3800,809,0,350,988.6693394919663,2.714519999926779,6146.937421000075,2732.3114956736713
1780224583,40,POST,/api/book,10.300000,0.000000,1300,2000,2600,2700,3100,3600,3800,3800,3800,3800,3800,628,0,740,1269.7854864872638,93.51172000003771,6146.937421000075,3381.5859872611463
1780224583,40,GET,/api/concerts,1.900000,0.000000,10,18,48,53,140,370,370,370,370,370,370,131,0,7,35.28788882442508,2.7625090001492936,426.5841020001062,753.0
1780224583,40,GET,/health,0.900000,0.000000,47,54,55,55,260,260,260,260,260,260,260,56,0,8,33.47213462500065,2.714519999926779,264.70827299999655,57.0
1780224583,40,,Aggregated,13.100000,0.000000,750,1500,2000,2600,3000,3200,3800,3800,3800,3800,3800,815,0,360,986.4078999865043,2.714519999926779,6146.937421000075,2730.639263803681
1780224584,40,POST,/api/book,9.800000,0.000000,1200,2300,2600,2700,3200,3800,3800,3800,3800,3800,3800,631,0,750,1272.313159202855,93.51172000003771,6146.937421000075,3381.5879556259906
1780224584,40,GET,/api/concerts,2.200000,0.000000,10,18,48,53,140,370,370,370,370,370,370,131,0,7,35.28788882442508,2.7625090001492936,426.5841020001062,753.0
1780224584,40,GET,/health,1.000000,0.000000,34,54,55,55,260,260,260,260,260,260,260,57,0,11,33.31162835087597,2.714519999926779,264.70827299999655,57.0
1780224584,40,,Aggregated,13.000000,0.000000,740,1400,2400,2600,3000,3200,3800,3800,3800,3800,3800,819,0,360,988.2186565433464,2.714519999926779,6146.937421000075,2729.7606837606836
1780224585,40,POST,/api/book,9.100000,0.000000,1300,2000,2600,2700,3100,3800,3800,3800,3800,3800,3800,637,0,790,1278.3645410392492,93.51172000003771,6146.937421000075,3381.7598116169543
1780224585,40,GET,/api/concerts,2.100000,0.000000,10,41,48,53,140,370,370,370,370,370,370,131,0,7,35.28788882442508,2.7625090001492936,426.5841020001062,753.0
1780224585,40,GET,/health,0.800000,0.000000,34,54,55,55,260,260,260,260,260,260,260,57,0,11,33.31162835087597,2.714519999926779,264.70827299999655,57.0
1780224585,40,,Aggregated,12.000000,0.000000,870,1400,2000,2600,3000,3600,3800,3800,3800,3800,3800,825,0,360,994.957198659395,2.714519999926779,6146.937421000075,2734.6339393939393
1780224586,40,POST,/api/book,8.700000,0.000000,1400,2000,2600,2700,3300,3800,4000,4200,4200,4200,4200,649,0,800,1290.2301693297397,93.51172000003771,6146.937421000075,3381.6872110939908
1780224586,40,GET,/api/concerts,2.000000,0.000000,7,41,48,53,140,370,370,370,370,370,370,132,0,7,35.05155973484555,2.7625090001492936,426.5841020001062,753.0
1780224586,40,GET,/health,0.800000,0.000000,26,34,54,54,260,260,260,260,260,260,260,57,0,11,33.31162835087597,2.714519999926779,264.70827299999655,57.0
1780224586,40,,Aggregated,11.500000,0.000000,1000,1700,2000,2600,3100,3800,3800,4000,4200,4200,4200,838,0,370,1007.0226116897376,2.714519999926779,6146.937421000075,2741.4797136038187
1780224587,40,POST,/api/book,7.900000,0.000000,1600,2600,3000,3600,4200,4700,5200,5400,5400,5400,5400,664,0,800,1337.3437046099416,93.51172000003771,6146.937421000075,3381.8057228915663
1780224587,40,GET,/api/concerts,1.800000,0.000000,4,12,53,53,270,370,370,370,370,370,370,135,0,7,36.347507659258085,2.7625090001492936,426.5841020001062,753.0
1780224587,40,GET,/health,0.800000,0.000000,34,54,54,260,260,260,260,260,260,260,260,57,0,11,33.31162835087597,2.714519999926779,264.70827299999655,57.0
1780224587,40,,Aggregated,10.500000,0.000000,1200,1900,2700,3100,4000,4700,4900,5200,5400,5400,5400,856,0,370,1045.3293180035053,2.714519999926779,6146.937421000075,2745.821261682243
1780224588,40,POST,/api/book,8.000000,0.000000,1700,2600,3300,3800,4400,4700,5200,5400,5400,5400,5400,678,0,830,1361.3546124557547,93.51172000003771,6146.937421000075,3381.765486725664
1780224588,40,GET,/api/concerts,1.700000,0.000000,4,12,53,53,270,370,370,370,370,370,370,136,0,7,36.3329982720586,2.7625090001492936,426.5841020001062,753.0
1780224588,40,GET,/health,0.700000,0.000000,34,54,54,260,260,260,260,260,260,260,260,58,0,8,32.795250448275276,2.714519999926779,264.70827299999655,57.0
1780224588,40,,Aggregated,10.400000,0.000000,1200,1900,2700,3300,4200,4700,4900,5200,5400,5400,5400,872,0,380,1066.3323847889922,2.714519999926779,6146.937421000075,2750.631880733945
1780224589,40,POST,/api/book,8.500000,0.000000,1500,2600,3300,3800,4600,4700,5200,5400,5400,5400,5400,683,0,830,1356.5956517920963,93.51172000003771,6146.937421000075,3381.714494875549
1780224589,40,GET,/api/concerts,2.000000,0.000000,4,8,13,34,50,270,270,270,270,270,270,139,0,7,36.057711050359934,2.7625090001492936,426.5841020001062,753.0
1780224589,40,GET,/health,0.700000,0.000000,34,34,54,54,260,260,260,260,260,260,260,59,0,11,32.58765725423527,2.714519999926779,264.70827299999655,57.0
1780224589,40,,Aggregated,11.200000,0.000000,1000,1900,2600,3300,4300,4700,4900,5200,5400,5400,5400,881,0,380,1059.5794821657223,2.714519999926779,6146.937421000075,2744.3144154370034
1780224590,40,POST,/api/book,10.100000,0.000000,1500,2000,3300,4000,4600,4800,5200,5400,5400,5400,5400,690,0,870,1359.1325895826105,93.51172000003771,6146.937421000075,3381.686956521739
1780224590,40,GET,/api/concerts,1.600000,0.000000,5,13,34,50,57,270,270,270,270,270,270,140,0,7,36.20462071428717,2.7625090001492936,426.5841020001062,753.0
1780224590,40,GET,/health,0.600000,0.000000,24,34,34,54,54,54,54,54,54,54,54,59,0,11,32.58765725423527,2.714519999926779,264.70827299999655,57.0
1780224590,40,,Aggregated,12.300000,0.000000,1100,1700,2600,3300,4400,4700,5200,5400,5400,5400,5400,889,0,380,1062.7590612935894,2.714519999926779,6146.937421000075,2747.071991001125
1780224591,40,POST,/api/book,9.800000,0.000000,1600,2600,3300,4000,4600,4800,5200,5400,5400,5400,5400,695,0,900,1359.3266036057576,93.51172000003771,6146.937421000075,3381.5381294964027
1780224591,40,GET,/api/concerts,1.900000,0.000000,13,16,50,50,57,270,270,270,270,270,270,141,0,8,36.061320312059095,2.7625090001492936,426.5841020001062,753.0
1780224591,40,GET,/health,0.500000,0.000000,34,34,37,37,54,54,54,54,54,54,54,60,0,11,32.665508049996106,2.714519999926779,264.70827299999655,57.0
1780224591,40,,Aggregated,12.200000,0.000000,1300,1900,2600,3800,4600,4700,5200,5400,5400,5400,5400,896,0,380,1062.250631867189,2.714519999926779,6146.937421000075,2745.270089285714
1780224592,40,POST,/api/book,8.800000,0.000000,1700,2600,3300,3900,4600,4700,5200,5400,5400,5400,5400,706,0,910,1374.2257587946199,93.51172000003771,6146.937421000075,3381.515580736544
1780224592,40,GET,/api/concerts,1.600000,0.000000,16,34,57,57,77,270,270,270,270,270,270,142,0,8,36.34880021127014,2.7625090001492936,426.5841020001062,753.0
1780224592,40,GET,/health,0.500000,0.000000,24,24,37,37,37,37,37,37,37,37,37,60,0,11,32.665508049996106,2.714519999926779,264.70827299999655,57.0
1780224592,40,,Aggregated,10.900000,0.000000,1500,2100,3000,3400,4400,4700,5200,5400,5400,5400,5400,908,0,390,1076.3489491431733,2.714519999926779,6146.937421000075,2750.7665198237887
1780224593,40,POST,/api/book,8.100000,0.000000,1900,3100,3900,4000,4600,4700,5200,5400,5400,5400,5400,717,0,930,1394.3457328410068,93.51172000003771,6146.937421000075,3381.47280334728
1780224593,40,GET,/api/concerts,1.400000,0.000000,16,50,57,77,160,270,270,270,270,270,270,143,0,9,37.22748896503757,2.7625090001492936,426.5841020001062,753.0
1780224593,40,GET,/health,0.600000,0.000000,24,24,37,37,37,37,37,37,37,37,37,60,0,11,32.665508049996106,2.714519999926779,264.70827299999655,57.0
1780224593,40,,Aggregated,10.100000,0.000000,1500,2600,3400,3900,4300,4700,4900,5200,5400,5400,5400,920,0,400,1094.5971215782627,2.714519999926779,6146.937421000075,2756.103260869565
1780224594,40,POST,/api/book,7.800000,0.000000,1900,3100,3700,4000,4300,4700,4900,5200,5400,5400,5400,734,0,940,1414.1694498106278,93.51172000003771,6146.937421000075,3381.5558583106267
1780224594,40,GET,/api/concerts,1.200000,0.000000,34,57,77,160,270,440,440,440,440,440,440,145,0,9,39.99248167586553,2.7625090001492936,441.79540400000405,753.0
1780224594,40,GET,/health,0.400000,0.000000,21,24,24,37,37,37,37,37,37,37,37,61,0,11,32.19750142622921,2.714519999926779,264.70827299999655,57.0
1780224594,40,,Aggregated,9.400000,0.000000,1600,2700,3400,3800,4200,4700,4900,5200,5400,5400,5400,940,0,420,1112.5141846712775,2.714519999926779,6146.937421000075,2760.344680851064
1780224595,40,POST,/api/book,7.800000,0.000000,1600,3100,3700,4000,4400,4700,5200,5400,5400,5400,5400,741,0,940,1406.877546941971,93.51172000003771,6146.937421000075,3381.6072874493925
1780224595,40,GET,/api/concerts,1.200000,0.000000,34,57,77,160,270,440,440,440,440,440,440,145,0,9,39.99248167586553,2.7625090001492936,441.79540400000405,753.0
1780224595,40,GET,/health,0.400000,0.000000,16,21,21,37,37,37,37,37,37,37,37,62,0,11,31.938663564517356,2.714519999926779,264.70827299999655,57.0
1780224595,40,,Aggregated,9.400000,0.000000,1300,2700,3400,3700,4200,4700,4900,5200,5400,5400,5400,948,0,420,1107.8854106202537,2.714519999926779,6146.937421000075,2762.1202531645567
1780224596,40,POST,/api/book,10.100000,0.000000,1500,2900,3500,3900,4200,4700,5200,5400,5400,5400,5400,748,0,940,1404.2478353088238,93.51172000003771,6146.937421000075,3381.590909090909
1780224596,40,GET,/api/concerts,1.400000,0.000000,34,50,77,77,270,440,440,440,440,440,440,147,0,10,39.81605454422216,2.7625090001492936,441.79540400000405,753.0
1780224596,40,GET,/health,0.300000,0.000000,16,21,21,37,37,37,37,37,37,37,37,62,0,11,31.938663564517356,2.714519999926779,264.70827299999655,57.0
1780224596,40,,Aggregated,11.800000,0.000000,1300,2600,3300,3600,4200,4600,4900,5200,5400,5400,5400,957,0,420,1105.7581378996867,2.714519999926779,6146.937421000075,2762.4399164054335
1780224597,40,POST,/api/book,10.800000,0.000000,1300,1700,2800,3100,3700,4200,4200,4200,4200,4200,4200,752,0,970,1403.3682422752665,93.51172000003771,6146.937421000075,3381.531914893617
1780224597,40,GET,/api/concerts,1.400000,0.000000,34,50,57,77,160,440,440,440,440,440,440,149,0,10,39.3798073892675,2.7625090001492936,441.79540400000405,753.0
1780224597,40,GET,/health,0.500000,0.000000,16,21,21,37,37,37,37,37,37,37,37,62,0,11,31.938663564517356,2.714519999926779,264.70827299999655,57.0
1780224597,40,,Aggregated,12.700000,0.000000,1200,1500,2100,2800,3600,4100,4200,4200,4200,4200,4200,963,0,430,1104.029809587747,2.714519999926779,6146.937421000075,2760.792315680166
1780224598,40,POST,/api/book,9.900000,0.000000,1300,1700,2800,3100,3700,4200,4200,4200,4200,4200,4200,757,0,980,1402.5194092879792,93.51172000003771,6146.937421000075,3381.538969616909
1780224598,40,GET,/api/concerts,1.500000,0.000000,34,57,77,77,160,440,440,440,440,440,440,150,0,10,39.24162709333814,2.7625090001492936,441.79540400000405,753.0
1780224598,40,GET,/health,0.500000,0.000000,21,34,34,37,37,37,37,37,37,37,37,63,0,12,31.97184501587142,2.714519999926779,264.70827299999655,57.0
1780224598,40,,Aggregated,11.900000,0.000000,1300,1500,2200,2800,3600,4100,4200,4200,4200,4200,4200,970,0,430,1102.6883125061856,2.714519999926779,6146.937421000075,2759.140206185567
1780224599,40,POST,/api/book,9.600000,0.000000,1400,2100,2900,3300,3700,4100,4200,4200,4200,4200,4200,765,0,990,1409.9528346130726,93.51172000003771,6146.937421000075,3381.656209150327
1780224599,40,GET,/api/concerts,1.400000,0.000000,34,57,77,77,160,440,440,440,440,440,440,150,0,10,39.24162709333814,2.7625090001492936,441.79540400000405,753.0
1780224599,40,GET,/health,0.500000,0.000000,34,34,37,37,37,37,37,37,37,37,37,63,0,12,31.97184501587142,2.714519999926779,264.70827299999655,57.0
1780224599,40,,Aggregated,11.500000,0.000000,1300,1500,2700,3100,3700,4100,4200,4200,4200,4200,4200,978,0,440,1110.9554077494888,2.714519999926779,6146.937421000075,2764.323108384458
1780224600,40,POST,/api/book,7.900000,0.000000,1700,3100,3700,3900,4200,4400,4900,5100,5100,5100,5100,791,0,1000,1472.6863497522124,93.51172000003771,6146.937421000075,3381.668773704172
1780224600,40,GET,/api/concerts,1.500000,0.000000,34,40,77,160,440,1200,1200,1200,1200,1200,1200,153,0,10,46.73791915686802,2.7625090001492936,1222.359064000102,753.0
1780224600,40,GET,/health,0.500000,0.000000,34,34,37,37,37,37,37,37,37,37,37,63,0,12,31.97184501587142,2.714519999926779,264.70827299999655,57.0
1780224600,40,,Aggregated,9.900000,0.000000,1400,2800,3500,3700,4200,4400,4700,4900,5100,5100,5100,1007,0,480,1165.898739345581,2.714519999926779,6146.937421000075,2774.280039721946
1780224601,40,POST,/api/book,8.100000,0.000000,1500,3300,3700,4000,4200,4400,4900,5100,5100,5100,5100,792,0,1000,1471.0284462929294,93.51172000003771,6146.937421000075,3381.6906565656564
1780224601,40,GET,/api/concerts,1.100000,0.000000,39,45,77,160,440,1200,1200,1200,1200,1200,1200,156,0,10,46.691086955133756,2.7625090001492936,1222.359064000102,753.0
1780224601,40,GET,/health,0.500000,0.000000,16,34,34,37,37,37,37,37,37,37,37,64,0,11,31.517683031248467,2.714519999926779,264.70827299999655,57.0
1780224601,40,,Aggregated,9.700000,0.000000,1300,2700,3600,3700,4200,4400,4700,4900,5100,5100,5100,1012,0,470,1160.4303070583005,2.714519999926779,6146.937421000075,2766.2203557312255
1780224602,40,POST,/api/book,9.000000,0.000000,1400,3300,3800,4100,4300,4400,4900,5100,5100,5100,5100,794,0,1000,1470.294522465995,93.51172000003771,6146.937421000075,3381.732997481108
1780224602,40,GET,/api/concerts,1.100000,0.000000,39,44,65,160,440,1200,1200,1200,1200,1200,1200,157,0,10,46.67392813376331,2.7625090001492936,1222.359064000102,753.0
1780224602,40,GET,/health,0.400000,0.000000,34,55,85,85,600,600,600,600,600,600,600,67,0,12,41.18415464179111,2.714519999926779,602.666083000031,57.0
1780224602,40,,Aggregated,10.500000,0.000000,1300,2200,3500,3800,4200,4400,4700,4900,5100,5100,5100,1018,0,470,1156.6807425500983,2.714519999926779,6146.937421000075,2757.5009823182713
1780224603,40,POST,/api/book,9.900000,0.000000,1400,2400,3400,3800,4300,4700,4900,5100,5100,5100,5100,803,0,1000,1479.4355708418427,93.51172000003771,6146.937421000075,3381.8144458281445
1780224603,40,GET,/api/concerts,1.300000,0.000000,39,44,65,160,440,1200,1200,1200,1200,1200,1200,160,0,10,48.79261560625423,2.7625090001492936,1222.359064000102,753.0
1780224603,40,GET,/health,0.400000,0.000000,55,85,200,200,600,600,600,600,600,600,600,68,0,12,43.44725064705933,2.714519999926779,602.666083000031,57.0
1780224603,40,,Aggregated,11.600000,0.000000,1200,1900,2500,3100,4200,4400,4900,5100,5100,5100,5100,1031,0,470,1162.7041657875848,2.714519999926779,6146.937421000075,2754.561590688652
1780224604,40,POST,/api/book,9.500000,0.000000,1700,2500,3700,4000,4300,4700,4900,5100,5100,5100,5100,809,0,1000,1473.306915461062,93.51172000003771,6146.937421000075,3381.8615574783685
1780224604,40,GET,/api/concerts,1.600000,0.000000,36,40,45,45,440,1200,1200,1200,1200,1200,1200,161,0,10,48.50778257764432,2.7625090001492936,1222.359064000102,753.0
1780224604,40,GET,/health,0.600000,0.000000,50,55,85,200,600,600,600,600,600,600,600,69,0,12,43.54617594202884,2.714519999926779,602.666083000031,57.0
1780224604,40,,Aggregated,11.700000,0.000000,1200,2100,2500,3400,4200,4400,4900,5100,5100,5100,5100,1039,0,470,1157.5743346900858,2.714519999926779,6146.937421000075,2753.6977863330126
1780224605,40,POST,/api/book,9.000000,0.000000,1900,2700,3700,4000,4300,4700,4900,5100,5100,5100,5100,812,0,1000,1477.1731455517236,93.51172000003771,6146.937421000075,3381.832512315271
1780224605,40,GET,/api/concerts,1.700000,0.000000,36,40,45,65,440,1200,1200,1200,1200,1200,1200,164,0,10,48.68918187195443,2.7625090001492936,1222.359064000102,753.0
1780224605,40,GET,/health,0.800000,0.000000,55,85,200,200,600,600,600,600,600,600,600,69,0,12,43.54617594202884,2.714519999926779,602.666083000031,57.0
1780224605,40,,Aggregated,11.500000,0.000000,1300,2200,2700,3600,4200,4400,4900,5100,5100,5100,5100,1045,0,470,1158.3294795741622,2.714519999926779,6146.937421000075,2749.734928229665
1780224606,40,POST,/api/book,7.700000,0.000000,2100,2800,3800,4100,4400,4700,4900,5100,5100,5100,5100,817,0,1000,1479.8856069082003,93.51172000003771,6146.937421000075,3381.8053855569156
1780224606,40,GET,/api/concerts,1.600000,0.000000,39,44,65,65,440,1200,1200,1200,1200,1200,1200,165,0,10,48.41264573333733,2.7625090001492936,1222.359064000102,753.0
1780224606,40,GET,/health,0.800000,0.000000,55,85,200,200,600,600,600,600,600,600,600,70,0,12,43.15537754285645,2.714519999926779,602.666083000031,57.0
1780224606,40,,Aggregated,10.100000,0.000000,1300,2200,3100,3700,4300,4700,4900,5100,5100,5100,5100,1052,0,480,1159.7675891806082,2.714519999926779,6146.937421000075,2748.2604562737642
1780224607,40,POST,/api/book,6.900000,0.000000,2500,3900,4200,4300,4700,4900,5100,5400,5400,5400,5400,846,0,1100,1541.1012776134737,93.51172000003771,6146.937421000075,3381.970449172577
1780224607,40,GET,/api/concerts,1.700000,0.000000,39,45,47,65,440,1200,1200,1200,1200,1200,1200,166,0,10,48.40210231325766,2.7625090001492936,1222.359064000102,753.0
1780224607,40,GET,/health,0.700000,0.000000,55,85,200,200,600,600,600,600,600,600,600,70,0,12,43.15537754285645,2.714519999926779,602.666083000031,57.0
1780224607,40,,Aggregated,9.300000,0.000000,1600,3100,4000,4200,4700,4900,5100,5100,5400,5400,5400,1082,0,540,1215.182353302217,2.714519999926779,6146.937421000075,2763.525878003697
1780224608,40,POST,/api/book,7.000000,0.000000,2400,4000,4200,4300,4800,4900,5100,5400,5400,5400,5400,851,0,1100,1533.792076338424,93.51172000003771,6146.937421000075,3382.0528789659224
1780224608,40,GET,/api/concerts,1.800000,0.000000,39,45,65,77,440,1200,1200,1200,1200,1200,1200,169,0,10,48.13092405917421,2.7625090001492936,1222.359064000102,753.0
1780224608,40,GET,/health,0.800000,0.000000,55,85,200,200,600,600,600,600,600,600,600,70,0,12,43.15537754285645,2.714519999926779,602.666083000031,57.0
1780224608,40,,Aggregated,9.600000,0.000000,1500,2800,4000,4200,4700,4900,5100,5100,5400,5400,5400,1090,0,520,1207.717485833026,2.714519999926779,6146.937421000075,2760.8935779816516
1780224609,40,POST,/api/book,8.100000,0.000000,2400,3600,4200,4300,4700,4900,5100,5400,5400,5400,5400,855,0,1100,1529.3735494163725,93.51172000003771,6146.937421000075,3382.1087719298243
1780224609,40,GET,/api/concerts,1.600000,0.000000,39,44,47,65,130,440,440,440,440,440,440,169,0,10,48.13092405917421,2.7625090001492936,1222.359064000102,753.0
1780224609,40,GET,/health,0.800000,0.000000,61,85,200,200,600,600,600,600,600,600,600,71,0,16,43.40244609859126,2.714519999926779,602.666083000031,57.0
1780224609,40,,Aggregated,10.500000,0.000000,1400,2500,3900,4200,4700,4900,5000,5100,5400,5400,5400,1095,0,520,1204.4110361552496,2.714519999926779,6146.937421000075,2760.73698630137
1780224610,40,POST,/api/book,9.300000,0.000000,1600,2500,3900,4200,4800,4900,5100,5400,5400,5400,5400,859,0,1100,1528.1757323690324,93.51172000003771,6146.937421000075,3382.0640279394643
1780224610,40,GET,/api/concerts,1.600000,0.000000,40,45,65,65,130,440,440,440,440,440,440,172,0,11,48.06818866860752,2.7625090001492936,1222.359064000102,753.0
1780224610,40,GET,/health,0.700000,0.000000,61,85,200,200,600,600,600,600,600,600,600,71,0,16,43.40244609859126,2.714519999926779,602.666083000031,57.0
1780224610,40,,Aggregated,11.600000,0.000000,1100,1900,2500,3400,4600,4900,5100,5400,5400,5400,5400,1102,0,520,1201.4993250716866,2.714519999926779,6146.937421000075,2757.491833030853
1780224611,40,POST,/api/book,8.900000,0.000000,1800,2500,3400,4000,4700,4900,5100,5400,5400,5400,5400,869,0,1100,1533.301855165707,93.51172000003771,6146.937421000075,3382.0805523590334
1780224611,40,GET,/api/concerts,1.900000,0.000000,36,40,65,77,130,440,440,440,440,440,440,172,0,11,48.06818866860752,2.7625090001492936,1222.359064000102,753.0
1780224611,40,GET,/health,0.800000,0.000000,55,55,61,61,200,200,200,200,200,200,200,72,0,16,43.204673875002364,2.714519999926779,602.666083000031,57.0
1780224611,40,,Aggregated,11.600000,0.000000,1300,2100,2700,3100,4600,4900,5100,5400,5400,5400,5400,1113,0,550,1207.383447537286,2.714519999926779,6146.937421000075,2760.690026954178
1780224612,40,POST,/api/book,8.200000,0.000000,1500,2600,3100,4000,4700,4900,5100,5400,5400,5400,5400,877,0,1100,1531.7353174663622,93.51172000003771,6146.937421000075,3382.0763968072974
1780224612,40,GET,/api/concerts,1.900000,0.000000,36,40,47,65,77,130,130,130,130,130,130,172,0,11,48.06818866860752,2.7625090001492936,1222.359064000102,753.0
1780224612,40,GET,/health,0.800000,0.000000,50,55,61,61,200,200,200,200,200,200,200,73,0,16,42.652583876714466,2.714519999926779,602.666083000031,57.0
1780224612,40,,Aggregated,10.900000,0.000000,1200,1900,2700,3100,4600,4900,5100,5400,5400,5400,5400,1122,0,560,1207.4093052513365,2.714519999926779,6146.937421000075,2762.7076648841353
1780224613,40,POST,/api/book,7.000000,0.000000,1600,3000,3900,4200,4700,4900,5100,5400,5400,5400,5400,885,0,1100,1541.601923606779,93.51172000003771,6146.937421000075,3382.0180790960453
1780224613,40,GET,/api/concerts,1.900000,0.000000,40,47,51,65,77,130,130,130,130,130,130,174,0,11,47.889595586210575,2.7625090001492936,1222.359064000102,753.0
1780224613,40,GET,/health,0.700000,0.000000,29,50,50,61,61,61,61,61,61,61,61,73,0,16,42.652583876714466,2.714519999926779,602.666083000031,57.0
1780224613,40,,Aggregated,9.600000,0.000000,1300,2000,3400,3900,4600,4900,5100,5400,5400,5400,5400,1132,0,570,1215.3393380273847,2.714519999926779,6146.937421000075,2763.48851590106
1780224614,40,POST,/api/book,7.800000,0.000000,1800,3400,4100,4100,4600,4900,5100,5400,5400,5400,5400,906,0,1200,1569.6867382052974,93.51172000003771,6146.937421000075,3381.956953642384
1780224614,40,GET,/api/concerts,1.500000,0.000000,40,47,53,65,77,130,130,130,130,130,130,177,0,11,47.619926887009726,2.7625090001492936,1222.359064000102,753.0
1780224614,40,GET,/health,0.600000,0.000000,29,29,61,61,61,61,61,61,61,61,61,73,0,16,42.652583876714466,2.714519999926779,602.666083000031,57.0
1780224614,40,,Aggregated,9.900000,0.000000,1400,2700,3900,4100,4600,4800,5000,5100,5400,5400,5400,1156,0,600,1240.206358560553,2.714519999926779,6146.937421000075,2769.4593425605535
1780224615,40,POST,/api/book,8.200000,0.000000,1600,3100,4000,4100,4600,4800,5000,5100,5400,5400,5400,915,0,1100,1562.509669848086,93.51172000003771,6146.937421000075,3382.0054644808743
1780224615,40,GET,/api/concerts,1.500000,0.000000,37,47,53,65,77,170,170,170,170,170,170,179,0,12,48.231158983245535,2.7625090001492936,1222.359064000102,753.0
1780224615,40,GET,/health,0.500000,0.000000,29,29,61,61,61,61,61,61,61,61,61,73,0,16,42.652583876714466,2.714519999926779,602.666083000031,57.0
1780224615,40,,Aggregated,10.200000,0.000000,1300,2700,3500,4100,4600,4800,5000,5100,5400,5400,5400,1167,0,610,1235.1699777137953,2.714519999926779,6146.937421000075,2770.765209940017
1780224616,40,POST,/api/book,8.700000,0.000000,1300,2000,3000,3500,4300,4600,5100,5400,5400,5400,5400,923,0,1100,1555.5992160747548,93.51172000003771,6146.937421000075,3381.964247020585
1780224616,40,GET,/api/concerts,1.400000,0.000000,40,51,65,65,77,170,170,170,170,170,170,181,0,12,48.11912787293481,2.7625090001492936,1222.359064000102,753.0
1780224616,40,GET,/health,0.500000,0.000000,61,61,88,88,88,88,88,88,88,88,88,74,0,16,43.262879675680594,2.714519999926779,602.666083000031,57.0
1780224616,40,,Aggregated,10.600000,0.000000,1000,1600,2700,3100,4100,4600,4800,5100,5400,5400,5400,1178,0,610,1228.9720642427837,2.714519999926779,6146.937421000075,2769.1544991511037
1780224617,40,POST,/api/book,10.000000,0.000000,1200,1900,2700,3100,4100,4300,4600,4600,4600,4600,4600,928,0,1100,1553.6479105312487,93.51172000003771,6146.937421000075,3381.9849137931033
1780224617,40,GET,/api/concerts,1.600000,0.000000,37,51,65,65,77,170,170,170,170,170,170,182,0,12,47.98169545055551,2.7625090001492936,1222.359064000102,753.0
1780224617,40,GET,/health,0.400000,0.000000,61,88,88,200,200,200,200,200,200,200,200,75,0,16,45.33538917333772,2.714519999926779,602.666083000031,57.0
1780224617,40,,Aggregated,12.000000,0.000000,880,1400,2000,2700,3900,4100,4500,4600,4600,4600,4600,1185,0,610,1226.9350917578051,2.714519999926779,6146.937421000075,2767.7662447257385
1780224618,40,POST,/api/book,10.600000,0.000000,1300,2000,2700,3100,4100,4300,4600,4600,4600,4600,4600,934,0,1100,1554.5251520278362,93.51172000003771,6146.937421000075,3382.02034261242
1780224618,40,GET,/api/concerts,1.600000,0.000000,37,51,65,65,82,170,170,170,170,170,170,185,0,12,47.775372470276714,2.7625090001492936,1222.359064000102,753.0
1780224618,40,GET,/health,0.300000,0.000000,61,88,88,200,200,200,200,200,200,200,200,75,0,16,45.33538917333772,2.714519999926779,602.666083000031,57.0
1780224618,40,,Aggregated,12.500000,0.000000,1000,1600,2000,2700,3900,4100,4500,4600,4600,4600,4600,1194,0,610,1226.2689196725287,2.714519999926779,6146.937421000075,2765.818257956449
1780224619,40,POST,/api/book,9.500000,0.000000,1400,2000,2700,3100,4100,4300,4600,4600,4600,4600,4600,945,0,1200,1559.98078566984,93.51172000003771,6146.937421000075,3382.089947089947
1780224619,40,GET,/api/concerts,1.600000,0.000000,37,51,65,71,82,170,170,170,170,170,170,185,0,12,47.775372470276714,2.7625090001492936,1222.359064000102,753.0
1780224619,40,GET,/health,0.400000,0.000000,88,200,230,230,270,270,270,270,270,270,270,79,0,21,50.04592660760075,2.714519999926779,602.666083000031,57.0
1780224619,40,,Aggregated,11.500000,0.000000,1100,1600,2400,2700,3900,4100,4500,4600,4600,4600,4600,1209,0,630,1229.920524869313,2.714519999926779,6146.937421000075,2762.5169561621174
1780224620,40,POST,/api/book,8.100000,0.000000,1500,2500,3100,3600,4100,4300,4600,4600,4600,4600,4600,960,0,1200,1571.862172302083,93.51172000003771,6146.937421000075,3382.0895833333334
1780224620,40,GET,/api/concerts,1.700000,0.000000,33,51,53,65,82,170,170,170,170,170,170,187,0,12,47.316198128348994,2.7625090001492936,1222.359064000102,753.0
1780224620,40,GET,/health,0.500000,0.000000,88,200,230,230,270,270,270,270,270,270,270,79,0,21,50.04592660760075,2.714519999926779,602.666083000031,57.0
1780224620,40,,Aggregated,10.300000,0.000000,1100,1800,2700,3100,4100,4100,4500,4600,4600,4600,4600,1226,0,640,1241.2638194632957,2.714519999926779,6146.937421000075,2766.8189233278954
1780224621,40,POST,/api/book,8.500000,0.000000,1400,2600,3100,3600,4100,4300,4600,4600,4600,4600,4600,966,0,1200,1573.6878908985504,93.51172000003771,6146.937421000075,3382.0714285714284
1780224621,40,GET,/api/concerts,1.600000,0.000000,23,37,53,71,82,170,170,170,170,170,170,187,0,12,47.316198128348994,2.7625090001492936,1222.359064000102,753.0
1780224621,40,GET,/health,0.600000,0.000000,88,200,230,230,270,270,270,270,270,270,270,79,0,21,50.04592660760075,2.714519999926779,602.666083000031,57.0
1780224621,40,,Aggregated,10.700000,0.000000,1000,1700,2700,3100,4100,4300,4500,4600,4600,4600,4600,1232,0,650,1244.30540573052,2.714519999926779,6146.937421000075,2769.8011363636365
1780224622,40,POST,/api/book,9.300000,0.000000,1400,2400,2800,3600,4100,4300,4600,4600,4600,4600,4600,970,0,1200,1569.8614439659793,93.51172000003771,6146.937421000075,3382.085567010309
1780224622,40,GET,/api/concerts,1.500000,0.000000,16,33,53,71,82,170,170,170,170,170,170,189,0,12,46.91903679365708,2.7625090001492936,1222.359064000102,753.0
1780224622,40,GET,/health,0.800000,0.000000,88,200,230,230,270,270,270,270,270,270,270,80,0,21,49.952960337508046,2.714519999926779,602.666083000031,57.0
1780224622,40,,Aggregated,11.600000,0.000000,950,1700,2600,2800,4100,4300,4500,4600,4600,4600,4600,1239,0,640,1239.4104402163043,2.714519999926779,6146.937421000075,2766.3438256658596
1780224623,40,POST,/api/book,10.000000,0.000000,1300,2400,2700,2800,3700,4100,4500,4600,4600,4600,4600,981,0,1200,1577.4075959021413,93.51172000003771,6146.937421000075,3382.1478083588177
1780224623,40,GET,/api/concerts,1.500000,0.000000,23,36,53,71,82,170,170,170,170,170,170,190,0,12,46.86167982105847,2.7625090001492936,1222.359064000102,753.0
1780224623,40,GET,/health,0.800000,0.000000,88,200,230,230,270,270,270,270,270,270,270,80,0,21,49.952960337508046,2.714519999926779,602.666083000031,57.0
1780224623,40,,Aggregated,12.300000,0.000000,950,1600,2500,2700,3600,4100,4300,4500,4600,4600,4600,1251,0,650,1247.2716287553972,2.714519999926779,6146.937421000075,2770.197442046363
1780224624,40,POST,/api/book,9.600000,0.000000,1300,2100,2700,2800,3600,3900,4100,4500,4500,4500,4500,987,0,1200,1578.9060624042556,93.51172000003771,6146.937421000075,3382.100303951368
1780224624,40,GET,/api/concerts,1.600000,0.000000,16,36,37,42,71,82,82,82,82,82,82,191,0,12,46.83843720419326,2.7625090001492936,1222.359064000102,753.0
1780224624,40,GET,/health,0.800000,0.000000,88,200,230,230,270,270,270,270,270,270,270,80,0,21,49.952960337508046,2.714519999926779,602.666083000031,57.0
1780224624,40,,Aggregated,12.000000,0.000000,950,1600,2400,2700,3400,3700,4100,4500,4500,4500,4500,1258,0,660,1249.0641191780614,2.714519999926779,6146.937421000075,2771.4753577106517
1780224625,40,POST,/api/book,9.300000,0.000000,1600,2400,2800,3100,3600,3900,4100,4500,4500,4500,4500,993,0,1200,1581.367504291038,93.51172000003771,6146.937421000075,3382.150050352467
1780224625,40,GET,/api/concerts,1.600000,0.000000,16,36,42,42,71,82,82,82,82,82,82,191,0,12,46.83843720419326,2.7625090001492936,1222.359064000102,753.0
1780224625,40,GET,/health,0.700000,0.000000,88,200,230,230,270,270,270,270,270,270,270,80,0,21,49.952960337508046,2.714519999926779,602.666083000031,57.0
1780224625,40,,Aggregated,11.600000,0.000000,1300,2000,2700,2800,3600,3700,4100,4500,4500,4500,4500,1264,0,670,1252.5635364667733,2.714519999926779,6146.937421000075,2774.4129746835442
1780224626,40,POST,/api/book,8.800000,0.000000,1900,2700,3300,3600,4100,4400,4600,4900,4900,4900,4900,1008,0,1200,1602.001971421628,93.51172000003771,6146.937421000075,3382.0555555555557
1780224626,40,GET,/api/concerts,1.500000,0.000000,16,23,42,42,82,720,720,720,720,720,720,193,0,12,50.11499317617017,2.7625090001492936,1222.359064000102,753.0
1780224626,40,GET,/health,0.700000,0.000000,44,200,230,230,270,270,270,270,270,270,270,81,0,21,49.57563570371242,2.714519999926779,602.666083000031,57.0
1780224626,40,,Aggregated,11.000000,0.000000,1500,2400,2800,3300,3900,4100,4600,4600,4900,4900,4900,1282,0,680,1270.2853411606882,2.714519999926779,6146.937421000075,2776.176287051482
1780224627,40,POST,/api/book,7.700000,0.000000,2000,2800,3300,3600,4100,4500,4700,4900,4900,4900,4900,1025,0,1200,1615.0461082136583,93.51172000003771,6146.937421000075,3381.9765853658537
1780224627,40,GET,/api/concerts,1.300000,0.000000,8,36,42,42,82,720,720,720,720,720,720,194,0,12,49.87225278350988,2.7625090001492936,1222.359064000102,753.0
1780224627,40,GET,/health,0.700000,0.000000,44,70,230,230,270,270,270,270,270,270,270,82,0,21,49.830533207326184,2.714519999926779,602.666083000031,57.0
1780224627,40,,Aggregated,9.700000,0.000000,1600,2700,3000,3400,4000,4400,4600,4700,4900,4900,4900,1301,0,690,1283.000447103767,2.714519999926779,6146.937421000075,2780.3858570330517
1780224628,40,POST,/api/book,8.000000,0.000000,2400,3000,3400,3600,4100,4500,4700,4900,4900,4900,4900,1028,0,1200,1612.3382368472762,93.51172000003771,6146.937421000075,3381.9727626459144
1780224628,40,GET,/api/concerts,1.100000,0.000000,8,28,42,49,82,720,720,720,720,720,720,198,0,12,49.2916230202074,2.7625090001492936,1222.359064000102,753.0
1780224628,40,GET,/health,0.700000,0.000000,43,44,68,68,70,70,70,70,70,70,70,84,0,21,49.54315944048441,2.714519999926779,602.666083000031,57.0
1780224628,40,,Aggregated,9.800000,0.000000,1500,2700,3100,3400,4000,4400,4600,4700,4900,4900,4900,1310,0,690,1275.8817360534358,2.714519999926779,6146.937421000075,2771.412213740458
1780224629,40,POST,/api/book,8.900000,0.000000,1900,2800,3300,3600,4100,4500,4700,4900,4900,4900,4900,1037,0,1200,1608.4575566904537,93.51172000003771,6146.937421000075,3382.0241080038572
1780224629,40,GET,/api/concerts,1.300000,0.000000,7,28,36,42,49,720,720,720,720,720,720,199,0,12,49.0771477085474,2.7625090001492936,1222.359064000102,753.0
1780224629,40,GET,/health,0.700000,0.000000,43,44,68,68,70,70,70,70,70,70,70,85,0,23,49.22865183530254,2.714519999926779,602.666083000031,57.0
1780224629,40,,Aggregated,10.900000,0.000000,1300,2600,3000,3300,4000,4400,4600,4700,4900,4900,4900,1321,0,690,1273.2182241392893,2.714519999926779,6146.937421000075,2772.0295230885695
1780224630,40,POST,/api/book,9.800000,0.000000,1600,2700,3000,3300,4000,4400,4700,4900,4900,4900,4900,1044,0,1200,1607.4505311877401,93.51172000003771,6146.937421000075,3382.04214559387
1780224630,40,GET,/api/concerts,1.200000,0.000000,15,36,42,49,78,720,720,720,720,720,720,200,0,12,49.22214394000548,2.7625090001492936,1222.359064000102,753.0
1780224630,40,GET,/health,0.800000,0.000000,43,68,70,70,73,73,73,73,73,73,73,86,0,23,49.50400740698554,2.714519999926779,602.666083000031,57.0
1780224630,40,,Aggregated,11.800000,0.000000,1300,1900,2800,3000,3700,4100,4600,4700,4900,4900,4900,1330,0,700,1272.3910736729335,2.714519999926779,6146.937421000075,2771.694736842105
1780224631,40,POST,/api/book,9.700000,0.000000,1600,2500,3000,3200,4000,4400,4700,4900,4900,4900,4900,1055,0,1200,1608.781073218958,93.51172000003771,6146.937421000075,3381.9753554502367
1780224631,40,GET,/api/concerts,1.300000,0.000000,7,36,42,49,78,720,720,720,720,720,720,201,0,12,48.98976986567672,2.514954999924157,1222.359064000102,753.0
1780224631,40,GET,/health,0.700000,0.000000,23,43,68,70,73,73,73,73,73,73,73,88,0,21,48.59578114773652,2.714519999926779,602.666083000031,57.0
1780224631,40,,Aggregated,11.700000,0.000000,1400,2000,2800,3000,3700,4100,4600,4700,4900,4900,4900,1344,0,710,1273.3537237574417,2.514954999924157,6146.937421000075,2771.0959821428573
1780224632,40,POST,/api/book,9.000000,0.000000,1600,2500,2900,3000,4000,4400,4700,4900,4900,4900,4900,1061,0,1200,1607.344600534402,93.51172000003771,6146.937421000075,3381.903864278982
1780224632,40,GET,/api/concerts,1.500000,0.000000,28,36,42,49,78,720,720,720,720,720,720,202,0,12,48.90333174752963,2.514954999924157,1222.359064000102,753.0
1780224632,40,GET,/health,0.600000,0.000000,23,43,68,70,73,73,73,73,73,73,73,88,0,21,48.59578114773652,2.714519999926779,602.666083000031,57.0
1780224632,40,,Aggregated,11.100000,0.000000,1400,2000,2700,2900,3700,4100,4600,4700,4900,4900,4900,1351,0,710,1272.7960939459672,2.514954999924157,6146.937421000075,2772.259067357513
1780224633,40,POST,/api/book,8.900000,0.000000,1500,2400,2900,3200,4000,4400,4700,4900,4900,4900,4900,1066,0,1200,1607.3564892598504,93.51172000003771,6146.937421000075,3381.937148217636
1780224633,40,GET,/api/concerts,1.300000,0.000000,32,49,66,78,260,720,720,720,720,720,720,204,0,12,50.01264384314178,2.514954999924157,1222.359064000102,753.0
1780224633,40,GET,/health,0.700000,0.000000,23,68,70,70,73,110,110,110,110,110,110,91,0,23,48.59610842857909,2.714519999926779,602.666083000031,57.0
1780224633,40,,Aggregated,10.900000,0.000000,1300,1800,2400,2800,3700,4100,4600,4700,4900,4900,4900,1361,0,710,1269.7037786642188,2.514954999924157,6146.937421000075,2765.5723732549595
1780224634,40,POST,/api/book,9.000000,0.000000,1800,2400,3000,3500,4100,4400,4700,4900,4900,4900,4900,1086,0,1300,1622.8973731721924,93.51172000003771,6146.937421000075,3381.7394106813995
1780224634,40,GET,/api/concerts,1.300000,0.000000,28,42,66,78,260,720,720,720,720,720,720,205,0,12,49.790537029273366,2.514954999924157,1222.359064000102,753.0
1780224634,40,GET,/health,0.800000,0.000000,23,35,70,70,73,110,110,110,110,110,110,92,0,22,48.30487290218012,2.714519999926779,602.666083000031,57.0
1780224634,40,,Aggregated,11.100000,0.000000,1400,1900,2500,3000,3700,4100,4600,4700,4900,4900,4900,1383,0,740,1284.972997587131,2.514954999924157,6146.937421000075,2770.9168474331163
1780224635,40,POST,/api/book,8.900000,0.000000,1500,2400,2900,3100,3900,4200,4700,4900,4900,4900,4900,1095,0,1200,1616.3707631415537,93.51172000003771,6146.937421000075,3381.6922374429223
1780224635,40,GET,/api/concerts,1.300000,0.000000,7,32,66,66,260,720,720,720,720,720,720,207,0,12,49.34592339130919,2.514954999924157,1222.359064000102,753.0
1780224635,40,GET,/health,0.900000,0.000000,22,35,68,70,73,110,110,110,110,110,110,93,0,22,47.837673731189696,2.714519999926779,602.666083000031,57.0
1780224635,40,,Aggregated,11.100000,0.000000,1200,1800,2400,2800,3700,4100,4600,4700,4900,4900,4900,1395,0,730,1279.2756239706112,2.514954999924157,6146.937421000075,2769.9820788530465
1780224636,40,POST,/api/book,8.900000,0.000000,1400,1900,2400,2500,3200,3600,4100,4200,4200,4200,4200,1099,0,1200,1613.3355971392189,93.51172000003771,6146.937421000075,3381.8116469517745
1780224636,40,GET,/api/concerts,1.400000,0.000000,7,32,66,68,78,260,260,260,260,260,260,209,0,12,49.211640358855966,2.514954999924157,1222.359064000102,753.0
1780224636,40,GET,/health,1.100000,0.000000,23,35,70,70,73,110,110,110,110,110,110,93,0,22,47.837673731189696,2.714519999926779,602.666083000031,57.0
1780224636,40,,Aggregated,11.400000,0.000000,1100,1500,1900,2400,3000,3600,3900,4100,4200,4200,4200,1401,0,720,1276.0813402912224,2.514954999924157,6146.937421000075,2768.94289793005
1780224637,40,POST,/api/book,10.300000,0.000000,1400,1800,2100,2400,3300,3700,4100,4200,4200,4200,4200,1104,0,1200,1613.3333341349653,93.51172000003771,6146.937421000075,3381.7608695652175
1780224637,40,GET,/api/concerts,1.500000,0.000000,32,49,68,78,210,260,260,260,260,260,260,213,0,13,49.99547961972172,2.514954999924157,1222.359064000102,753.0
1780224637,40,GET,/health,1.200000,0.000000,22,23,35,73,110,110,110,110,110,110,110,93,0,22,47.837673731189696,2.714519999926779,602.666083000031,57.0
1780224637,40,,Aggregated,13.000000,0.000000,1100,1400,1800,2000,2700,3600,3900,4100,4200,4200,4200,1410,0,720,1273.9134338304984,2.514954999924157,6146.937421000075,2765.3574468085108
1780224638,40,POST,/api/book,9.800000,0.000000,1400,1800,2400,2500,3500,3700,4100,4200,4200,4200,4200,1112,0,1200,1613.4839321960444,93.51172000003771,6146.937421000075,3381.709532374101
1780224638,40,GET,/api/concerts,1.700000,0.000000,41,66,78,78,210,260,260,260,260,260,260,214,0,13,49.95777274766667,2.514954999924157,1222.359064000102,753.0
1780224638,40,GET,/health,1.300000,0.000000,22,23,35,73,110,110,110,110,110,110,110,93,0,22,47.837673731189696,2.714519999926779,602.666083000031,57.0
1780224638,40,,Aggregated,12.800000,0.000000,1200,1500,1900,2100,3000,3600,3900,4100,4200,4200,4200,1419,0,740,1275.0768143953505,2.514954999924157,6146.937421000075,2767.3742071881607
1780224639,40,POST,/api/book,8.500000,0.000000,1500,2400,2700,3200,3600,3900,4100,4200,4200,4200,4200,1124,0,1300,1625.2013774492893,93.51172000003771,6146.937421000075,3381.638790035587
1780224639,40,GET,/api/concerts,1.700000,0.000000,32,66,68,78,210,260,260,260,260,260,260,215,0,13,49.73882023256158,2.514954999924157,1222.359064000102,753.0
1780224639,40,GET,/health,1.200000,0.000000,22,35,73,73,110,110,110,110,110,110,110,93,0,22,47.837673731189696,2.714519999926779,602.666083000031,57.0
1780224639,40,,Aggregated,11.400000,0.000000,1200,1800,2400,2700,3600,3800,4100,4100,4200,4200,4200,1432,0,740,1286.2214373324039,2.514954999924157,6146.937421000075,2771.0600558659216
1780224640,40,POST,/api/book,7.700000,0.000000,1800,2700,3300,3500,3800,4100,4300,4500,4500,4500,4500,1134,0,1300,1637.1144411490309,93.51172000003771,6146.937421000075,3381.5661375661375
1780224640,40,GET,/api/concerts,1.900000,0.000000,32,42,68,100,210,260,260,260,260,260,260,215,0,13,49.73882023256158,2.514954999924157,1222.359064000102,753.0
1780224640,40,GET,/health,1.000000,0.000000,12,22,35,35,110,110,110,110,110,110,110,93,0,22,47.837673731189696,2.714519999926779,602.666083000031,57.0
1780224640,40,,Aggregated,10.600000,0.000000,1300,2100,2900,3300,3700,4100,4200,4300,4500,4500,4500,1442,0,750,1297.940725568656,2.514954999924157,6146.937421000075,2775.2371705963938
1780224641,40,POST,/api/book,8.100000,0.000000,1500,2700,3300,3500,3800,4100,4300,4500,4500,4500,4500,1146,0,1300,1636.8590170157076,93.51172000003771,6146.937421000075,3381.6684118673647
1780224641,40,GET,/api/concerts,1.700000,0.000000,32,50,68,88,210,260,260,260,260,260,260,221,0,13,49.12115923982161,2.514954999924157,1222.359064000102,753.0
1780224641,40,GET,/health,0.900000,0.000000,5,22,35,35,110,110,110,110,110,110,110,96,0,19,46.435866385421555,2.714519999926779,602.666083000031,57.0
1780224641,40,,Aggregated,10.700000,0.000000,1200,1800,2800,3100,3600,4100,4200,4300,4500,4500,4500,1463,0,760,1292.6548550000014,2.514954999924157,6146.937421000075,2766.4231032125767
1780224642,40,POST,/api/book,8.900000,0.000000,1500,2300,3100,3400,3700,4100,4300,4500,4500,4500,4500,1156,0,1300,1632.8723039740496,93.51172000003771,6146.937421000075,3381.6237024221455
1780224642,40,GET,/api/concerts,1.500000,0.000000,14,42,68,88,210,260,260,260,260,260,260,223,0,12,48.708941139015664,2.514954999924157,1222.359064000102,753.0
1780224642,40,GET,/health,0.800000,0.000000,4,5,22,22,110,110,110,110,110,110,110,96,0,19,46.435866385421555,2.714519999926779,602.666083000031,57.0
1780224642,40,,Aggregated,11.200000,0.000000,1200,1800,2400,3100,3600,4100,4200,4300,4500,4500,4500,1475,0,760,1290.1154714854251,2.514954999924157,6146.937421000075,2767.829152542373
1780224643,40,POST,/api/book,8.800000,0.000000,1500,1900,3000,3400,3800,4100,4300,4500,4500,4500,4500,1161,0,1300,1627.165641012921,93.51172000003771,6146.937421000075,3381.6416881998275
1780224643,40,GET,/api/concerts,1.700000,0.000000,15,44,67,68,100,210,380,380,380,380,380,226,0,13,50.238491668144974,2.514954999924157,1222.359064000102,753.0
1780224643,40,GET,/health,0.700000,0.000000,3,5,5,22,22,22,22,22,22,22,22,96,0,19,46.435866385421555,2.714519999926779,602.666083000031,57.0
1780224643,40,,Aggregated,11.200000,0.000000,1200,1600,2000,2900,3600,4100,4200,4300,4500,4500,4500,1483,0,750,1284.5253213122066,2.514954999924157,6146.937421000075,2765.8368172623063
1780224644,40,POST,/api/book,9.300000,0.000000,1400,2000,2700,3000,3600,4000,4300,4500,4500,4500,4500,1171,0,1300,1628.2846220298902,93.51172000003771,6146.937421000075,3381.606319385141
1780224644,40,GET,/api/concerts,2.000000,0.000000,19,44,67,68,100,210,380,380,380,380,380,227,0,13,50.102392841412566,2.514954999924157,1222.359064000102,753.0
1780224644,40,GET,/health,0.800000,0.000000,3,3,5,5,5,5,5,5,5,5,5,96,0,19,46.435866385421555,2.714519999926779,602.666083000031,57.0
1780224644,40,,Aggregated,12.100000,0.000000,1200,1500,2200,2700,3500,3800,4100,4300,4500,4500,4500,1494,0,760,1286.8489817570298,2.514954999924157,6146.937421000075,2768.583668005355
1780224645,40,POST,/api/book,9.500000,0.000000,1500,2300,2900,3200,3600,4100,4300,4500,4500,4500,4500,1175,0,1300,1629.6317023880865,93.51172000003771,6146.937421000075,3381.5897872340424
1780224645,40,GET,/api/concerts,2.100000,0.000000,41,50,68,88,210,380,380,380,380,380,380,227,0,13,50.102392841412566,2.514954999924157,1222.359064000102,753.0
1780224645,40,GET,/health,0.700000,0.000000,5,5,20,20,82,82,82,82,82,82,82,98,0,20,46.52561834694547,2.714519999926779,602.666083000031,57.0
1780224645,40,,Aggregated,12.300000,0.000000,1200,1600,2400,2800,3500,3800,4100,4300,4500,4500,4500,1500,0,760,1287.1666693860018,2.514954999924157,6146.937421000075,2766.59
1780224646,40,POST,/api/book,9.100000,0.000000,1500,2300,2900,3100,3600,4000,4300,4500,4500,4500,4500,1182,0,1300,1632.64434894924,93.51172000003771,6146.937421000075,3381.587986463621
1780224646,40,GET,/api/concerts,2.200000,0.000000,42,67,88,100,210,380,380,380,380,380,380,228,0,13,50.62418085526588,2.514954999924157,1222.359064000102,753.0
1780224646,40,GET,/health,0.500000,0.000000,5,5,20,20,82,82,82,82,82,82,82,98,0,20,46.52561834694547,2.714519999926779,602.666083000031,57.0
1780224646,40,,Aggregated,11.800000,0.000000,1300,1900,2500,2900,3500,3800,4100,4300,4500,4500,4500,1508,0,780,1290.3762893176413,2.514954999924157,6146.937421000075,2768.1080901856762
1780224647,40,POST,/api/book,8.200000,0.000000,1800,2700,3200,3500,4100,4400,4500,4600,4600,4600,4600,1200,0,1300,1651.5620432891678,93.51172000003771,6146.937421000075,3381.5758333333333
1780224647,40,GET,/api/concerts,2.100000,0.000000,19,50,67,88,170,380,380,380,380,380,380,228,0,13,50.62418085526588,2.514954999924157,1222.359064000102,753.0
1780224647,40,GET,/health,0.500000,0.000000,5,5,20,20,82,82,82,82,82,82,82,98,0,20,46.52561834694547,2.714519999926779,602.666083000031,57.0
1780224647,40,,Aggregated,10.800000,0.000000,1500,2300,3000,3300,4000,4400,4400,4500,4600,4600,4600,1526,0,800,1309.2898268545234,2.514954999924157,6146.937421000075,2775.3348623853212
1780224648,40,POST,/api/book,7.900000,0.000000,1800,2700,3200,3500,4200,4400,4600,5000,5000,5000,5000,1213,0,1300,1652.1034159488877,93.51172000003771,6146.937421000075,3381.517724649629
1780224648,40,GET,/api/concerts,1.900000,0.000000,19,50,67,88,170,380,380,380,380,380,380,228,0,13,50.62418085526588,2.514954999924157,1222.359064000102,753.0
1780224648,40,GET,/health,0.500000,0.000000,3,20,20,82,82,82,82,82,82,82,82,98,0,20,46.52561834694547,2.714519999926779,602.666083000031,57.0
1780224648,40,,Aggregated,10.300000,0.000000,1500,2300,3000,3200,4100,4400,4500,4600,5000,5000,5000,1539,0,800,1312.6077110974672,2.514954999924157,6146.937421000075,2780.4100064977256
1780224649,40,POST,/api/book,8.600000,0.000000,1500,2000,2700,3000,4200,4400,4600,5000,5000,5000,5000,1221,0,1300,1647.3378303063068,93.51172000003771,6146.937421000075,3381.4676494676496
1780224649,40,GET,/api/concerts,1.700000,0.000000,39,50,74,74,170,380,380,380,380,380,380,231,0,13,50.47288373160492,2.514954999924157,1222.359064000102,753.0
1780224649,40,GET,/health,0.500000,0.000000,3,20,20,82,82,82,82,82,82,82,82,98,0,20,46.52561834694547,2.714519999926779,602.666083000031,57.0
1780224649,40,,Aggregated,10.800000,0.000000,1300,1800,2300,2700,3700,4400,4500,4600,5000,5000,5000,1550,0,800,1308.1407984154853,2.514954999924157,6146.937421000075,2779.5490322580645
1780224650,40,POST,/api/book,10.400000,0.000000,1500,1900,2500,2700,3700,4400,4600,5000,5000,5000,5000,1222,0,1300,1647.2081103477913,93.51172000003771,6146.937421000075,3381.4689034369885
1780224650,40,GET,/api/concerts,1.400000,0.000000,19,50,67,73,170,380,380,380,380,380,380,234,0,13,50.192115376072856,2.514954999924157,1222.359064000102,753.0
1780224650,40,GET,/health,0.500000,0.000000,20,20,63,63,82,82,82,82,82,82,82,99,0,21,46.69529638384446,2.714519999926779,602.666083000031,57.0
1780224650,40,,Aggregated,12.300000,0.000000,1200,1600,2000,2400,3500,4400,4400,4600,5000,5000,5000,1555,0,800,1304.9878457781367,2.514954999924157,6146.937421000075,2774.2765273311898
1780224651,40,POST,/api/book,10.400000,0.000000,1600,2000,2500,2700,3700,4400,4600,5000,5000,5000,5000,1232,0,1300,1648.691414763799,93.51172000003771,6146.937421000075,3381.430194805195
1780224651,40,GET,/api/concerts,1.300000,0.000000,39,67,73,74,170,380,380,380,380,380,380,234,0,13,50.192115376072856,2.514954999924157,1222.359064000102,753.0
1780224651,40,GET,/health,0.500000,0.000000,20,20,63,63,82,82,82,82,82,82,82,99,0,21,46.69529638384446,2.714519999926779,602.666083000031,57.0
1780224651,40,,Aggregated,12.200000,0.000000,1400,1900,2200,2500,3700,4400,4600,5000,5000,5000,5000,1565,0,810,1308.3422442996819,2.514954999924157,6146.937421000075,2778.125878594249
1780224652,40,POST,/api/book,9.300000,0.000000,1600,2000,2500,2900,3700,4400,4600,5000,5000,5000,5000,1242,0,1300,1646.3505158156202,93.51172000003771,6146.937421000075,3381.4661835748793
1780224652,40,GET,/api/concerts,1.700000,0.000000,67,73,74,170,380,380,380,380,380,380,380,234,0,13,50.192115376072856,2.514954999924157,1222.359064000102,753.0
1780224652,40,GET,/health,0.600000,0.000000,82,82,150,150,150,150,150,150,150,150,150,100,0,21,47.712070860005724,2.714519999926779,602.666083000031,57.0
1780224652,40,,Aggregated,11.600000,0.000000,1500,1900,2200,2700,3700,4400,4600,5000,5000,5000,5000,1576,0,810,1307.9210042684022,2.514954999924157,6146.937421000075,2780.2557106598983
1780224653,40,POST,/api/book,8.800000,0.000000,1800,2200,2900,3200,4200,4400,4600,5000,5000,5000,5000,1249,0,1300,1652.9127490896717,93.51172000003771,6146.937421000075,3381.3883106485187
1780224653,40,GET,/api/concerts,1.700000,0.000000,39,73,74,74,170,170,170,170,170,170,170,234,0,13,50.192115376072856,2.514954999924157,1222.359064000102,753.0
1780224653,40,GET,/health,0.600000,0.000000,82,82,150,150,150,150,150,150,150,150,150,100,0,21,47.712070860005724,2.714519999926779,602.666083000031,57.0
1780224653,40,,Aggregated,11.100000,0.000000,1600,2000,2700,3000,3900,4400,4600,5000,5000,5000,5000,1583,0,820,1314.5951899538861,2.514954999924157,6146.937421000075,2782.85281111813
1780224654,40,POST,/api/book,8.400000,0.000000,1700,2300,3400,3700,4300,4400,4600,5000,5000,5000,5000,1262,0,1300,1660.817209274168,93.51172000003771,6146.937421000075,3381.4080824088746
1780224654,40,GET,/api/concerts,1.300000,0.000000,39,42,73,73,74,170,170,170,170,170,170,237,0,13,49.93186789873871,2.514954999924157,1222.359064000102,753.0
1780224654,40,GET,/health,0.300000,0.000000,63,63,150,150,150,150,150,150,150,150,150,100,0,21,47.712070860005724,2.714519999926779,602.666083000031,57.0
1780224654,40,,Aggregated,10.000000,0.000000,1600,2000,3000,3500,4200,4400,4400,4600,5000,5000,5000,1599,0,820,1321.1734695947482,2.514954999924157,6146.937421000075,2783.926203877423
1780224655,40,POST,/api/book,8.600000,0.000000,1800,2700,3400,3600,4200,4400,4400,4600,5000,5000,5000,1277,0,1300,1670.6773564001562,93.51172000003771,6146.937421000075,3381.344557556774
1780224655,40,GET,/api/concerts,1.000000,0.000000,39,42,73,73,74,170,170,170,170,170,170,238,0,13,49.799379907567946,2.514954999924157,1222.359064000102,753.0
1780224655,40,GET,/health,0.400000,0.000000,96,96,150,150,150,150,150,150,150,150,150,101,0,22,48.191092336640054,2.714519999926779,602.666083000031,57.0
1780224655,40,,Aggregated,10.000000,0.000000,1600,2100,3100,3500,4100,4400,4400,4600,5000,5000,5000,1616,0,850,1330.5535500414617,2.514954999924157,6146.937421000075,2786.477722772277
1780224656,40,POST,/api/book,9.300000,0.000000,1600,2200,3400,3500,4100,4400,4400,4600,5000,5000,5000,1287,0,1300,1666.7486296177153,93.51172000003771,6146.937421000075,3381.310023310023
1780224656,40,GET,/api/concerts,1.000000,0.000000,39,42,73,73,74,170,170,170,170,170,170,238,0,13,49.799379907567946,2.514954999924157,1222.359064000102,753.0
1780224656,40,GET,/health,0.400000,0.000000,96,96,150,150,150,150,150,150,150,150,150,101,0,22,48.191092336640054,2.714519999926779,602.666083000031,57.0
1780224656,40,,Aggregated,10.700000,0.000000,1500,2000,3000,3500,3900,4400,4400,4600,5000,5000,5000,1626,0,870,1329.5356943800753,2.514954999924157,6146.937421000075,2790.108856088561
1780224657,40,POST,/api/book,9.700000,0.000000,1400,1900,2200,3100,3800,3900,4400,4400,4400,4400,4400,1293,0,1300,1662.3972330007734,93.51172000003771,6146.937421000075,3381.3604021655065
1780224657,40,GET,/api/concerts,1.100000,0.000000,18,39,42,42,73,74,74,74,74,74,74,240,0,13,49.48030841667238,2.514954999924157,1222.359064000102,753.0
1780224657,40,GET,/health,0.300000,0.000000,63,63,96,96,150,150,150,150,150,150,150,104,0,21,47.309777259623225,2.714519999926779,602.666083000031,57.0
1780224657,40,,Aggregated,11.100000,0.000000,1100,1600,2000,2800,3600,3800,4300,4400,4400,4400,4400,1637,0,860,1323.3201668448396,2.514954999924157,6146.937421000075,2784.8179596823456
1780224658,40,POST,/api/book,10.400000,0.000000,1600,2000,2800,3100,3800,3900,4400,4400,4400,4400,4400,1300,0,1300,1660.520443333077,93.51172000003771,6146.937421000075,3381.4146153846154
1780224658,40,GET,/api/concerts,1.100000,0.000000,17,42,42,73,83,160,160,160,160,160,160,245,0,13,49.54389196735306,2.514954999924157,1222.359064000102,753.0
1780224658,40,GET,/health,0.300000,0.000000,63,63,96,96,150,150,150,150,150,150,150,104,0,21,47.309777259623225,2.714519999926779,602.666083000031,57.0
1780224658,40,,Aggregated,11.800000,0.000000,1100,1700,2100,2800,3600,3800,4300,4400,4400,4400,4400,1649,0,830,1319.4269537295347,2.514954999924157,6146.937421000075,2781.2322619769557
1780224659,40,POST,/api/book,10.200000,0.000000,1500,2000,2800,3200,3800,3900,4400,4400,4400,4400,4400,1306,0,1300,1656.9757026317002,93.51172000003771,6146.937421000075,3381.444869831547
1780224659,40,GET,/api/concerts,1.100000,0.000000,18,42,52,73,83,160,160,160,160,160,160,246,0,13,49.55228323577776,2.514954999924157,1222.359064000102,753.0
1780224659,40,GET,/health,0.400000,0.000000,63,63,96,96,150,150,150,150,150,150,150,104,0,21,47.309777259623225,2.714519999926779,602.666083000031,57.0
1780224659,40,,Aggregated,11.700000,0.000000,1100,1800,2200,3000,3600,3800,4300,4400,4400,4400,4400,1656,0,830,1317.1016583019339,2.514954999924157,6146.937421000075,2782.205917874396
1780224660,40,POST,/api/book,8.800000,0.000000,1700,3000,3400,3700,3900,4200,4400,4400,4400,4400,4400,1321,0,1300,1675.5552352664658,93.51172000003771,6146.937421000075,3381.433762301287
1780224660,40,GET,/api/concerts,1.200000,0.000000,42,52,73,73,160,360,360,360,360,360,360,248,0,14,50.86857053226371,2.514954999924157,1222.359064000102,753.0
1780224660,40,GET,/health,0.600000,0.000000,23,37,96,96,150,150,150,150,150,150,150,106,0,21,46.71139966038623,2.714519999926779,602.666083000031,57.0
1780224660,40,,Aggregated,10.600000,0.000000,1200,2100,3100,3500,3800,4100,4300,4400,4400,4400,4400,1675,0,850,1331.9255400853751,2.514954999924157,6146.937421000075,2781.8865671641793
1780224661,40,POST,/api/book,8.500000,0.000000,1600,3000,3400,3700,3900,4200,4400,4400,4400,4400,4400,1328,0,1300,1675.8951099789165,93.51172000003771,6146.937421000075,3381.402861445783
1780224661,40,GET,/api/concerts,1.700000,0.000000,42,52,83,160,170,360,360,360,360,360,360,249,0,14,51.33500764257581,2.514954999924157,1222.359064000102,753.0
1780224661,40,GET,/health,0.600000,0.000000,37,96,150,150,210,210,210,210,210,210,210,107,0,22,48.271546728980404,2.714519999926779,602.666083000031,57.0
1780224661,40,,Aggregated,10.800000,0.000000,1100,2400,3100,3400,3800,4100,4300,4400,4400,4400,4400,1684,0,830,1332.2661392250611,2.514954999924157,6146.937421000075,2781.5314726840857
1780224662,40,POST,/api/book,8.500000,0.000000,2000,2800,3400,3700,3900,4200,4400,4400,4400,4400,4400,1339,0,1300,1678.645796566095,93.51172000003771,6146.937421000075,3381.3973114264377
1780224662,40,GET,/api/concerts,1.400000,0.000000,42,69,83,160,170,360,360,360,360,360,360,254,0,15,51.6680467007928,2.514954999924157,1222.359064000102,753.0
1780224662,40,GET,/health,0.600000,0.000000,37,96,150,150,210,210,210,210,210,210,210,107,0,22,48.271546728980404,2.714519999926779,602.666083000031,57.0
1780224662,40,,Aggregated,10.500000,0.000000,1100,2300,3000,3300,3800,4000,4300,4400,4400,4400,4400,1700,0,870,1332.9385064494136,2.514954999924157,6146.937421000075,2779.4423529411765
1780224663,40,POST,/api/book,9.800000,0.000000,1800,2600,3000,3300,3900,4100,4400,4400,4400,4400,4400,1345,0,1300,1675.3178251531606,93.51172000003771,6146.937421000075,3381.4237918215613
1780224663,40,GET,/api/concerts,1.400000,0.000000,39,69,83,160,170,360,360,360,360,360,360,256,0,15,51.43185805859929,2.514954999924157,1222.359064000102,753.0
1780224663,40,GET,/health,0.700000,0.000000,37,71,96,96,210,210,210,210,210,210,210,108,0,22,48.482627611121046,2.714519999926779,602.666083000031,57.0
1780224663,40,,Aggregated,11.900000,0.000000,1000,2000,2700,3000,3800,4000,4300,4400,4400,4400,4400,1709,0,860,1329.2598913259235,2.514954999924157,6146.937421000075,2777.612053832651
1780224664,40,POST,/api/book,9.400000,0.000000,1200,2100,2500,2700,3800,3900,4200,4300,4300,4300,4300,1350,0,1300,1672.609541362223,93.51172000003771,6146.937421000075,3381.465925925926
1780224664,40,GET,/api/concerts,1.500000,0.000000,39,52,83,83,170,170,360,360,360,360,360,257,0,15,51.407031821017455,2.514954999924157,1222.359064000102,753.0
1780224664,40,GET,/health,0.800000,0.000000,37,71,96,96,210,210,210,210,210,210,210,108,0,22,48.482627611121046,2.714519999926779,602.666083000031,57.0
1780224664,40,,Aggregated,11.700000,0.000000,890,1800,2200,2400,3300,3900,4000,4200,4300,4300,4300,1715,0,830,1327.3881118361535,2.514954999924157,6146.937421000075,2778.2250728862973
1780224665,40,POST,/api/book,9.600000,0.000000,1200,2300,2700,2900,3800,4000,4200,4300,4300,4300,4300,1358,0,1300,1672.7441219617099,93.51172000003771,6146.937421000075,3381.441826215022
1780224665,40,GET,/api/concerts,2.000000,0.000000,50,83,160,170,350,360,380,380,380,380,380,259,0,15,53.860332818537934,2.514954999924157,1222.359064000102,753.0
1780224665,40,GET,/health,0.700000,0.000000,37,56,71,72,210,210,210,210,210,210,210,110,0,23,48.76224533637076,2.714519999926779,602.666083000031,57.0
1780224665,40,,Aggregated,12.300000,0.000000,860,1500,2300,2500,3200,3900,4000,4200,4300,4300,4300,1727,0,860,1326.5200873254219,2.514954999924157,6146.937421000075,2775.5037637521714
1780224666,40,POST,/api/book,9.200000,0.000000,1400,2400,2700,2900,3800,4000,4200,4300,4300,4300,4300,1364,0,1300,1672.8438823519075,93.51172000003771,6146.937421000075,3381.492668621701
1780224666,40,GET,/api/concerts,2.000000,0.000000,52,83,170,170,360,380,380,380,380,380,380,259,0,15,53.860332818537934,2.514954999924157,1222.359064000102,753.0
1780224666,40,GET,/health,0.800000,0.000000,56,71,72,72,210,210,210,210,210,210,210,110,0,23,48.76224533637076,2.714519999926779,602.666083000031,57.0
1780224666,40,,Aggregated,12.000000,0.000000,860,1800,2400,2700,3200,3900,4000,4200,4300,4300,4300,1733,0,860,1327.797304509523,2.514954999924157,6146.937421000075,2777.6416618580497
1780224667,40,POST,/api/book,8.300000,0.000000,2200,2800,3000,3200,4000,4100,4300,4300,4300,4300,4300,1384,0,1300,1688.7170869075153,93.51172000003771,6146.937421000075,3381.5173410404623
1780224667,40,GET,/api/concerts,1.900000,0.000000,52,83,170,170,360,380,380,380,380,380,380,260,0,15,53.763548026928184,2.514954999924157,1222.359064000102,753.0
1780224667,40,GET,/health,0.800000,0.000000,56,71,72,72,210,210,210,210,210,210,210,110,0,23,48.76224533637076,2.714519999926779,602.666083000031,57.0
1780224667,40,,Aggregated,11.000000,0.000000,1100,2400,2800,3000,3900,4000,4200,4300,4300,4300,4300,1754,0,880,1343.5158596088954,2.514954999924157,6146.937421000075,2783.3922462941846
1780224668,40,POST,/api/book,8.000000,0.000000,2000,2700,3000,3200,4000,4100,4300,4300,4300,4300,4300,1392,0,1300,1686.201370600576,93.51172000003771,6146.937421000075,3381.4971264367814
1780224668,40,GET,/api/concerts,2.100000,0.000000,52,83,170,170,360,380,380,380,380,380,380,261,0,15,53.58191358238045,2.514954999924157,1222.359064000102,753.0
1780224668,40,GET,/health,0.900000,0.000000,56,71,72,72,210,210,210,210,210,210,210,111,0,23,48.351002783791756,2.714519999926779,602.666083000031,57.0
1780224668,40,,Aggregated,11.000000,0.000000,1300,2400,2800,2900,3900,4000,4200,4300,4300,4300,4300,1764,0,880,1341.5783155498887,2.514954999924157,6146.937421000075,2783.3922902494332
1780224669,40,POST,/api/book,8.300000,0.000000,1800,2600,2900,3100,3900,4100,4300,4300,4300,4300,4300,1403,0,1300,1682.294819991448,93.51172000003771,6146.937421000075,3381.410548823949
1780224669,40,GET,/api/concerts,2.100000,0.000000,50,83,170,170,360,380,380,380,380,380,380,262,0,15,53.503866095424485,2.514954999924157,1222.359064000102,753.0
1780224669,40,GET,/health,0.800000,0.000000,56,71,72,72,210,210,210,210,210,210,210,113,0,22,47.564786513281895,2.714519999926779,602.666083000031,57.0
1780224669,40,,Aggregated,11.200000,0.000000,1300,2100,2700,2900,3800,4000,4200,4300,4300,4300,4300,1778,0,880,1338.3872138588322,2.514954999924157,6146.937421000075,2782.8155230596176
1780224670,40,POST,/api/book,9.000000,0.000000,1400,2000,2500,2700,3100,4000,4200,4300,4300,4300,4300,1412,0,1300,1677.5830833682733,93.51172000003771,6146.937421000075,3381.395184135977
1780224670,40,GET,/api/concerts,2.000000,0.000000,45,80,170,170,350,380,380,380,380,380,380,264,0,15,53.51677971970134,2.514954999924157,1222.359064000102,753.0
1780224670,40,GET,/health,0.600000,0.000000,56,71,72,72,210,210,210,210,210,210,210,113,0,22,47.564786513281895,2.714519999926779,602.666083000031,57.0
1780224670,40,,Aggregated,11.600000,0.000000,1100,1700,2100,2500,3000,3900,4100,4200,4300,4300,4300,1789,0,880,1334.9639823577438,2.514954999924157,6146.937421000075,2783.545556176635
1780224671,40,POST,/api/book,9.300000,0.000000,1300,1900,2300,2600,3100,4000,4200,4300,4300,4300,4300,1418,0,1300,1674.6672520063485,93.51172000003771,6146.937421000075,3381.398448519041
1780224671,40,GET,/api/concerts,1.600000,0.000000,33,50,80,83,350,380,380,380,380,380,380,266,0,15,53.24331961278609,2.514954999924157,1222.359064000102,753.0
1780224671,40,GET,/health,0.800000,0.000000,56,71,72,72,210,210,210,210,210,210,210,114,0,22,47.60684037720147,2.714519999926779,602.666083000031,57.0
1780224671,40,,Aggregated,11.700000,0.000000,1000,1500,2000,2300,2900,3900,4100,4200,4300,4300,4300,1798,0,880,1331.6285128837621,2.514954999924157,6146.937421000075,2781.7680756395994
1780224672,40,POST,/api/book,10.000000,0.000000,1300,1900,2500,2700,3100,4000,4200,4300,4300,4300,4300,1423,0,1300,1674.594639895996,93.51172000003771,6146.937421000075,3381.361911454673
1780224672,40,GET,/api/concerts,1.600000,0.000000,33,39,80,80,350,380,380,380,380,380,380,266,0,15,53.24331961278609,2.514954999924157,1222.359064000102,753.0
1780224672,40,GET,/health,0.800000,0.000000,52,56,71,71,72,72,72,72,72,72,72,114,0,22,47.60684037720147,2.714519999926779,602.666083000031,57.0
1780224672,40,,Aggregated,12.400000,0.000000,1100,1400,2000,2500,2900,3900,4100,4200,4300,4300,4300,1803,0,880,1332.5225043771518,2.514954999924157,6146.937421000075,2783.402107598447
1780224673,40,POST,/api/book,8.800000,0.000000,1400,1900,2600,2800,3200,4000,4200,4300,4300,4300,4300,1431,0,1300,1675.5137398567451,93.51172000003771,6146.937421000075,3381.3207547169814
1780224673,40,GET,/api/concerts,1.700000,0.000000,33,80,350,380,460,600,600,600,600,600,600,269,0,16,56.66836236803336,2.514954999924157,1222.359064000102,753.0
1780224673,40,GET,/health,0.800000,0.000000,52,56,71,71,72,72,72,72,72,72,72,114,0,22,47.60684037720147,2.714519999926779,602.666083000031,57.0
1780224673,40,,Aggregated,11.300000,0.000000,1200,1500,2100,2600,3000,3900,4100,4200,4300,4300,4300,1814,0,880,1333.1483632938284,2.514954999924157,6146.937421000075,2782.6488423373758
1780224674,40,POST,/api/book,9.000000,0.000000,1500,2500,2800,3000,4000,4800,4900,4900,4900,4900,4900,1449,0,1300,1692.8331483857853,93.51172000003771,6146.937421000075,3381.249827467219
1780224674,40,GET,/api/concerts,1.700000,0.000000,80,140,350,380,460,600,600,600,600,600,600,271,0,16,57.1797434686383,2.514954999924157,1222.359064000102,753.0
1780224674,40,GET,/health,0.700000,0.000000,18,52,56,56,72,72,72,72,72,72,72,115,0,22,47.35196591305181,2.714519999926779,602.666083000031,57.0
1780224674,40,,Aggregated,11.400000,0.000000,1300,1900,2600,2900,3900,4600,4900,4900,4900,4900,4900,1835,0,900,1348.1506368234361,2.514954999924157,6146.937421000075,2784.767847411444
1780224675,40,POST,/api/book,8.300000,0.000000,1400,2100,2800,3100,4000,4600,4900,4900,4900,4900,4900,1462,0,1300,1688.7600408125875,93.51172000003771,6146.937421000075,3381.2872777017783
1780224675,40,GET,/api/concerts,1.300000,0.000000,33,80,140,140,460,600,600,600,600,600,600,271,0,16,57.1797434686383,2.514954999924157,1222.359064000102,753.0
1780224675,40,GET,/health,0.700000,0.000000,18,52,56,56,72,72,72,72,72,72,72,116,0,21,46.969880577594935,2.714519999926779,602.666083000031,57.0
1780224675,40,,Aggregated,10.300000,0.000000,1300,1900,2600,2900,4000,4600,4900,4900,4900,4900,4900,1849,0,900,1346.6259579745836,2.514954999924157,6146.937421000075,2787.515954570038
1780224676,40,POST,/api/book,8.500000,0.000000,1300,1900,2600,2900,4000,4800,4900,4900,4900,4900,4900,1468,0,1300,1684.547937210492,93.51172000003771,6146.937421000075,3381.297683923706
1780224676,40,GET,/api/concerts,1.300000,0.000000,33,66,110,140,460,600,600,600,600,600,600,274,0,17,57.12594073723094,2.514954999924157,1222.359064000102,753.0
1780224676,40,GET,/health,0.600000,0.000000,17,18,39,39,52,52,52,52,52,52,52,118,0,21,46.64818769492451,2.714519999926779,602.666083000031,57.0
1780224676,40,,Aggregated,10.400000,0.000000,1100,1600,2100,2600,3900,4600,4900,4900,4900,4900,4900,1860,0,880,1340.8996589973144,2.514954999924157,6146.937421000075,2783.2220430107527
1780224677,40,POST,/api/book,10.400000,0.000000,1200,1700,2000,2600,3900,4800,4900,4900,4900,4900,4900,1471,0,1300,1683.4918270856572,93.51172000003771,6146.937421000075,3381.2861998640383
1780224677,40,GET,/api/concerts,1.400000,0.000000,45,66,110,140,460,600,600,600,600,600,600,275,0,17,57.08267032727731,2.514954999924157,1222.359064000102,753.0
1780224677,40,GET,/health,0.700000,0.000000,17,18,39,39,52,52,52,52,52,52,52,118,0,21,46.64818769492451,2.714519999926779,602.666083000031,57.0
1780224677,40,,Aggregated,12.500000,0.000000,1000,1300,1800,2000,3600,4600,4900,4900,4900,4900,4900,1864,0,880,1339.9241942762899,2.514954999924157,6146.937421000075,2783.086373390558
1780224678,40,POST,/api/book,10.400000,0.000000,1200,1800,2000,2600,3900,4800,4900,4900,4900,4900,4900,1478,0,1300,1684.2162343768616,93.51172000003771,6146.937421000075,3381.261163734777
1780224678,40,GET,/api/concerts,1.200000,0.000000,45,66,110,140,460,600,600,600,600,600,600,276,0,17,57.00855781884519,2.514954999924157,1222.359064000102,753.0
1780224678,40,GET,/health,0.600000,0.000000,18,18,39,39,52,52,52,52,52,52,52,118,0,21,46.64818769492451,2.714519999926779,602.666083000031,57.0
1780224678,40,,Aggregated,12.200000,0.000000,1000,1400,1900,2000,3600,4600,4900,4900,4900,4900,4900,1872,0,900,1341.0846380956218,2.514954999924157,6146.937421000075,2784.219017094017
1780224679,40,POST,/api/book,9.900000,0.000000,1400,1900,2300,2800,3900,4800,4900,4900,4900,4900,4900,1488,0,1300,1683.337886936157,93.51172000003771,6146.937421000075,3381.298387096774
1780224679,40,GET,/api/concerts,1.400000,0.000000,64,80,140,140,460,600,600,600,600,600,600,278,0,18,58.20218167626346,2.514954999924157,1222.359064000102,753.0
1780224679,40,GET,/health,0.800000,0.000000,18,39,39,52,52,52,52,52,52,52,52,118,0,21,46.64818769492451,2.714519999926779,602.666083000031,57.0
1780224679,40,,Aggregated,12.100000,0.000000,1100,1600,2000,2300,3600,4600,4900,4900,4900,4900,4900,1884,0,900,1341.0251955493652,2.514954999924157,6146.937421000075,2785.2611464968154
1780224680,40,POST,/api/book,8.800000,0.000000,1400,2000,2900,3400,4000,4800,4900,4900,4900,4900,4900,1497,0,1300,1687.5513669144966,93.51172000003771,6146.937421000075,3381.302605210421
1780224680,40,GET,/api/concerts,1.500000,0.000000,64,110,140,390,460,600,600,600,600,600,600,279,0,18,58.00425174910788,2.514954999924157,1222.359064000102,753.0
1780224680,40,GET,/health,0.800000,0.000000,18,39,39,52,52,52,52,52,52,52,52,118,0,21,46.64818769492451,2.714519999926779,602.666083000031,57.0
1780224680,40,,Aggregated,11.100000,0.000000,1200,1800,2300,2900,3800,4600,4900,4900,4900,4900,4900,1894,0,900,1345.2756434303083,2.514954999924157,6146.937421000075,2787.0237592397043
1780224681,40,POST,/api/book,8.500000,0.000000,1800,2800,3500,3600,4000,4800,4900,4900,4900,4900,4900,1515,0,1300,1700.8119727551164,93.51172000003771,6146.937421000075,3381.267326732673
1780224681,40,GET,/api/concerts,1.600000,0.000000,64,110,140,390,460,600,600,600,600,600,600,280,0,17,57.844155103574785,2.514954999924157,1222.359064000102,753.0
1780224681,40,GET,/health,0.600000,0.000000,18,39,39,52,52,52,52,52,52,52,52,118,0,21,46.64818769492451,2.714519999926779,602.666083000031,57.0
1780224681,40,,Aggregated,10.700000,0.000000,1300,2000,2900,3600,3900,4600,4900,4900,4900,4900,4900,1913,0,910,1358.3016143758512,2.514954999924157,6146.937421000075,2791.524307370622
1780224682,40,POST,/api/book,8.300000,0.000000,1500,2600,3500,3600,4000,4800,4900,4900,4900,4900,4900,1520,0,1300,1698.6250836710535,93.51172000003771,6146.937421000075,3381.3269736842103
1780224682,40,GET,/api/concerts,1.600000,0.000000,66,140,250,390,460,600,600,600,600,600,600,281,0,18,58.52258265836633,2.514954999924157,1222.359064000102,753.0
1780224682,40,GET,/health,0.500000,0.000000,18,18,39,39,39,39,39,39,39,39,39,118,0,21,46.64818769492451,2.714519999926779,602.666083000031,57.0
1780224682,40,,Aggregated,10.400000,0.000000,1300,2000,2900,3600,3900,4600,4900,4900,4900,4900,4900,1919,0,910,1356.883511753519,2.514954999924157,6146.937421000075,2792.0458572173006
1780224683,40,POST,/api/book,8.600000,0.000000,1500,2500,3200,3600,4000,4600,4900,4900,4900,4900,4900,1533,0,1300,1697.2743274703212,93.51172000003771,6146.937421000075,3381.3059360730595
1780224683,40,GET,/api/concerts,1.400000,0.000000,56,66,110,140,250,390,390,390,390,390,390,282,0,17,58.32756866312408,2.514954999924157,1222.359064000102,753.0
1780224683,40,GET,/health,0.400000,0.000000,18,39,39,72,72,72,72,72,72,72,72,119,0,22,46.85904256303488,2.714519999926779,602.666083000031,57.0
1780224683,40,,Aggregated,10.400000,0.000000,1300,2000,2800,3500,3900,4600,4900,4900,4900,4900,4900,1934,0,910,1356.7456796483996,2.514954999924157,6146.937421000075,2793.5217166494313
1780224684,40,POST,/api/book,9.700000,0.000000,1300,1900,2500,2900,3600,3800,4300,4600,4600,4600,4600,1540,0,1300,1695.507762295456,93.51172000003771,6146.937421000075,3381.3714285714286
1780224684,40,GET,/api/concerts,1.400000,0.000000,50,64,110,110,250,390,390,390,390,390,390,285,0,18,58.01871088070551,2.514954999924157,1222.359064000102,753.0
1780224684,40,GET,/health,0.400000,0.000000,17,39,39,72,72,72,72,72,72,72,72,120,0,21,46.50140709167564,2.714519999926779,602.666083000031,57.0
1780224684,40,,Aggregated,11.500000,0.000000,1200,1500,2000,2500,3600,3700,4000,4300,4600,4600,4600,1945,0,910,1353.8290259059147,2.514954999924157,6146.937421000075,2791.13470437018
1780224685,40,POST,/api/book,10.200000,0.000000,1400,1900,2500,2900,3600,3800,4300,4600,4600,4600,4600,1549,0,1300,1693.5999591904467,93.51172000003771,6146.937421000075,3381.3841187863136
1780224685,40,GET,/api/concerts,1.400000,0.000000,45,56,66,85,250,390,390,390,390,390,390,286,0,18,58.11249770629814,2.514954999924157,1222.359064000102,753.0
1780224685,40,GET,/health,0.400000,0.000000,39,41,41,72,72,72,72,72,72,72,72,121,0,22,46.452687867778224,2.714519999926779,602.666083000031,57.0
1780224685,40,,Aggregated,12.000000,0.000000,1300,1600,2000,2500,3600,3700,4000,4300,4600,4600,4600,1956,0,910,1352.5701873016383,2.514954999924157,6146.937421000075,2791.420756646217
1780224686,40,POST,/api/book,10.400000,0.000000,1500,2000,2500,2900,3600,3800,4300,4600,4600,4600,4600,1559,0,1300,1690.4379839762682,93.51172000003771,6146.937421000075,3381.4406670942913
1780224686,40,GET,/api/concerts,1.300000,0.000000,45,56,85,100,250,390,390,390,390,390,390,289,0,18,58.13378965398407,2.514954999924157,1222.359064000102,753.0
1780224686,40,GET,/health,0.600000,0.000000,39,41,41,72,72,72,72,72,72,72,72,121,0,22,46.452687867778224,2.714519999926779,602.666083000031,57.0
1780224686,40,,Aggregated,12.300000,0.000000,1300,1700,2200,2500,3600,3700,4000,4300,4600,4600,4600,1969,0,910,1349.8294857597791,2.514954999924157,6146.937421000075,2791.3560182833926
1780224687,40,POST,/api/book,8.400000,0.000000,1500,2000,2800,3000,3700,3800,4300,4600,4600,4600,4600,1566,0,1300,1692.5638922598991,93.51172000003771,6146.937421000075,3381.462324393359
1780224687,40,GET,/api/concerts,1.500000,0.000000,37,56,85,100,250,390,390,390,390,390,390,290,0,18,57.94306182414213,2.514954999924157,1222.359064000102,753.0
1780224687,40,GET,/health,0.500000,0.000000,39,39,41,41,72,72,72,72,72,72,72,122,0,21,46.154961524599855,2.714519999926779,602.666083000031,57.0
1780224687,40,,Aggregated,10.400000,0.000000,1300,1900,2400,2800,3600,3700,4000,4300,4600,4600,4600,1978,0,910,1351.3596807451995,2.514954999924157,6146.937421000075,2791.0485338725985
1780224688,40,POST,/api/book,8.700000,0.000000,1500,2500,2900,3400,3700,3800,4300,4600,4600,4600,4600,1577,0,1300,1696.778929395689,93.51172000003771,6146.937421000075,3381.412175015853
1780224688,40,GET,/api/concerts,1.600000,0.000000,29,75,85,100,250,390,390,390,390,390,390,290,0,18,57.94306182414213,2.514954999924157,1222.359064000102,753.0
1780224688,40,GET,/health,0.500000,0.000000,39,39,41,41,72,72,72,72,72,72,72,122,0,21,46.154961524599855,2.714519999926779,602.666083000031,57.0
1780224688,40,,Aggregated,10.800000,0.000000,1300,1900,2800,3000,3600,3800,4200,4300,4600,4600,4600,1989,0,910,1356.5886198552057,2.514954999924157,6146.937421000075,2794.274007038713
1780224689,40,POST,/api/book,9.200000,0.000000,1500,2500,2900,3200,3700,3800,4300,4600,4600,4600,4600,1585,0,1300,1697.6563742763412,93.51172000003771,6146.937421000075,3381.360883280757
1780224689,40,GET,/api/concerts,1.500000,0.000000,29,70,75,85,100,250,250,250,250,250,250,292,0,18,57.83853514041566,2.514954999924157,1222.359064000102,753.0
1780224689,40,GET,/health,0.300000,0.000000,41,62,62,72,72,72,72,72,72,72,72,123,0,22,46.284676504076124,2.714519999926779,602.666083000031,57.0
1780224689,40,,Aggregated,11.000000,0.000000,1300,2000,2800,3000,3600,3800,4200,4300,4600,4600,4600,2000,0,910,1356.683610349502,2.514954999924157,6146.937421000075,2793.172
1780224690,40,POST,/api/book,9.400000,0.000000,1600,2400,2800,2900,3600,3700,4300,4600,4600,4600,4600,1597,0,1300,1701.595128007515,93.51172000003771,6146.937421000075,3381.383844708829
1780224690,40,GET,/api/concerts,1.500000,0.000000,29,70,75,85,100,250,250,250,250,250,250,292,0,18,57.83853514041566,2.514954999924157,1222.359064000102,753.0
1780224690,40,GET,/health,0.400000,0.000000,41,62,62,72,72,72,72,72,72,72,72,123,0,22,46.284676504076124,2.714519999926779,602.666083000031,57.0
1780224690,40,,Aggregated,11.300000,0.000000,1300,1900,2600,2800,3600,3700,4200,4300,4600,4600,4600,2012,0,940,1361.8435819577558,2.514954999924157,6146.937421000075,2796.698310139165
1780224691,40,POST,/api/book,9.800000,0.000000,1500,1900,2500,2700,3100,3600,3700,4200,4200,4200,4200,1606,0,1300,1699.5870210877965,93.51172000003771,6146.937421000075,3381.3798256537984
1780224691,40,GET,/api/concerts,1.300000,0.000000,29,70,75,85,100,250,250,250,250,250,250,294,0,18,57.57354272449459,2.514954999924157,1222.359064000102,753.0
1780224691,40,GET,/health,0.400000,0.000000,41,62,62,72,72,72,72,72,72,72,72,123,0,22,46.284676504076124,2.714519999926779,602.666083000031,57.0
1780224691,40,,Aggregated,11.500000,0.000000,1200,1600,2200,2600,2900,3500,3700,3700,4200,4200,4200,2023,0,940,1360.4332143539318,2.514954999924157,6146.937421000075,2797.27582797825
1780224692,40,POST,/api/book,9.800000,0.000000,1500,1900,2500,2700,3100,3600,3700,4200,4200,4200,4200,1613,0,1300,1697.4524685908257,93.51172000003771,6146.937421000075,3381.382517048977
1780224692,40,GET,/api/concerts,1.400000,0.000000,29,53,75,75,100,160,160,160,160,160,160,297,0,18,57.79973473064466,2.514954999924157,1222.359064000102,753.0
1780224692,40,GET,/health,0.500000,0.000000,41,41,62,62,72,72,72,72,72,72,72,124,0,22,46.11858241936543,2.714519999926779,602.666083000031,57.0
1780224692,40,,Aggregated,11.700000,0.000000,1200,1600,2000,2500,2900,3500,3700,3700,4200,4200,4200,2034,0,940,1357.3628600157347,2.514954999924157,6146.937421000075,2794.9257620452313
1780224693,40,POST,/api/book,10.100000,0.000000,1500,2000,2500,2700,3200,3600,4000,4200,4200,4200,4200,1623,0,1300,1695.238027512016,93.51172000003771,6146.937421000075,3381.385089340727
1780224693,40,GET,/api/concerts,1.300000,0.000000,29,50,70,75,100,160,160,160,160,160,160,300,0,18,57.41455129667125,2.514954999924157,1222.359064000102,753.0
1780224693,40,GET,/health,0.500000,0.000000,41,45,62,62,72,72,72,72,72,72,72,125,0,23,46.11178530401139,2.714519999926779,602.666083000031,57.0
1780224693,40,,Aggregated,11.900000,0.000000,1100,1600,2000,2500,3000,3600,3700,4000,4200,4200,4200,2048,0,930,1354.667801369143,2.514954999924157,6146.937421000075,2793.46337890625
1780224694,40,POST,/api/book,9.100000,0.000000,1600,2300,2600,2800,3600,3800,4200,4400,4400,4400,4400,1637,0,1300,1701.9288580574237,93.51172000003771,6146.937421000075,3381.428833231521
1780224694,40,GET,/api/concerts,1.500000,0.000000,22,33,70,75,100,160,160,160,160,160,160,301,0,18,57.232328099672976,2.514954999924157,1222.359064000102,753.0
1780224694,40,GET,/health,0.500000,0.000000,41,45,45,62,62,62,62,62,62,62,62,125,0,23,46.11178530401139,2.714519999926779,602.666083000031,57.0
1780224694,40,,Aggregated,11.100000,0.000000,1200,2000,2500,2700,3400,3800,4000,4200,4400,4400,4400,2063,0,940,1361.6327894139629,2.514954999924157,6146.937421000075,2796.498788172564
1780224695,40,POST,/api/book,9.100000,0.000000,1700,2500,2800,2900,3600,3800,4200,4400,4400,4400,4400,1641,0,1300,1701.5837262888501,93.51172000003771,6146.937421000075,3381.4259597806217
1780224695,40,GET,/api/concerts,1.600000,0.000000,22,33,53,70,100,160,160,160,160,160,160,302,0,18,57.181622900667726,2.514954999924157,1222.359064000102,753.0
1780224695,40,GET,/health,0.700000,0.000000,41,41,45,45,62,62,62,62,62,62,62,126,0,22,45.76907682540888,2.714519999926779,602.666083000031,57.0
1780224695,40,,Aggregated,11.400000,0.000000,1200,2000,2600,2800,3500,3800,4000,4200,4400,4400,4400,2069,0,940,1360.7224014673786,2.514954999924157,6146.937421000075,2795.3156114064764
1780224696,40,POST,/api/book,9.000000,0.000000,1700,2500,2800,2900,3600,3800,4200,4400,4400,4400,4400,1647,0,1300,1701.771806609595,93.51172000003771,6146.937421000075,3381.4225865209473
1780224696,40,GET,/api/concerts,1.800000,0.000000,26,33,53,70,140,160,160,160,160,160,160,304,0,19,57.373111924347505,2.514954999924157,1222.359064000102,753.0
1780224696,40,GET,/health,0.500000,0.000000,26,45,45,62,62,62,62,62,62,62,62,126,0,22,45.76907682540888,2.714519999926779,602.666083000031,57.0
1780224696,40,,Aggregated,11.300000,0.000000,1400,2000,2600,2800,3500,3800,4000,4200,4400,4400,4400,2077,0,950,1360.6290299427087,2.514954999924157,6146.937421000075,2795.0394800192585
1780224697,40,POST,/api/book,9.700000,0.000000,1700,2500,2800,3000,3400,3800,4200,4400,4400,4400,4400,1662,0,1300,1706.082940812276,93.51172000003771,6146.937421000075,3381.39651022864
1780224697,40,GET,/api/concerts,1.500000,0.000000,26,42,53,70,140,160,160,160,160,160,160,306,0,19,57.2600844967372,2.514954999924157,1222.359064000102,753.0
1780224697,40,GET,/health,0.500000,0.000000,26,26,45,45,62,62,62,62,62,62,62,127,0,22,45.42979374804414,2.6801260000866023,602.666083000031,57.0
1780224697,40,,Aggregated,11.700000,0.000000,1500,2000,2600,2800,3400,3800,4000,4200,4400,4400,4400,2095,0,950,1364.582824483058,2.514954999924157,6146.937421000075,2795.960859188544
1780224698,40,POST,/api/book,9.100000,0.000000,1700,2200,2600,2900,3400,3800,4000,4400,4400,4400,4400,1664,0,1300,1704.352394628007,93.51172000003771,6146.937421000075,3381.400841346154
1780224698,40,GET,/api/concerts,1.500000,0.000000,29,47,53,70,140,160,160,160,160,160,160,307,0,19,57.22571070033057,2.514954999924157,1222.359064000102,753.0
1780224698,40,GET,/health,0.500000,0.000000,26,26,45,45,62,62,62,62,62,62,62,128,0,21,45.103691179700256,2.6801260000866023,602.666083000031,57.0
1780224698,40,,Aggregated,11.100000,0.000000,1400,1700,2300,2600,3400,3700,4000,4000,4400,4400,4400,2099,0,950,1362.2601001986693,2.514954999924157,6146.937421000075,2794.243925678895
1780224699,40,POST,/api/book,8.900000,0.000000,1700,2200,2600,2900,3500,3800,4000,4400,4400,4400,4400,1669,0,1300,1705.1377493313382,93.51172000003771,6146.937421000075,3381.393648891552
1780224699,40,GET,/api/concerts,1.500000,0.000000,29,47,53,70,140,160,160,160,160,160,160,307,0,19,57.22571070033057,2.514954999924157,1222.359064000102,753.0
1780224699,40,GET,/health,0.500000,0.000000,26,27,45,45,62,62,62,62,62,62,62,129,0,22,44.96317234109804,2.6801260000866023,602.666083000031,57.0
1780224699,40,,Aggregated,10.900000,0.000000,1400,1700,2300,2600,3400,3700,4000,4000,4400,4400,4400,2105,0,950,1363.0610195016661,2.514954999924157,6146.937421000075,2794.332541567696
1780224700,40,POST,/api/book,9.400000,0.000000,1700,2500,3200,3400,3800,4500,5100,5100,5100,5100,5100,1684,0,1300,1716.4178590338502,93.51172000003771,6146.937421000075,3381.4317102137766
1780224700,40,GET,/api/concerts,1.600000,0.000000,29,47,53,58,140,160,160,160,160,160,160,309,0,19,57.05888766667161,2.514954999924157,1222.359064000102,753.0
1780224700,40,GET,/health,0.500000,0.000000,26,26,27,27,45,45,45,45,45,45,45,129,0,22,44.96317234109804,2.6801260000866023,602.666083000031,57.0
1780224700,40,,Aggregated,11.500000,0.000000,1300,1800,2600,3000,3800,4400,4800,5100,5100,5100,5100,2122,0,950,1373.1758341819075,2.514954999924157,6146.937421000075,2796.5885956644674
1780224701,40,POST,/api/book,8.500000,0.000000,1800,2500,3300,3400,4000,4500,5100,5100,5100,5100,5100,1703,0,1400,1720.93209614915,93.51172000003771,6146.937421000075,3381.3957721667643
1780224701,40,GET,/api/concerts,1.700000,0.000000,29,42,58,77,140,160,160,160,160,160,160,310,0,19,56.95991806774729,2.514954999924157,1222.359064000102,753.0
1780224701,40,GET,/health,0.600000,0.000000,24,26,27,27,45,45,45,45,45,45,45,130,0,22,44.800953038474326,2.6801260000866023,602.666083000031,57.0
1780224701,40,,Aggregated,10.800000,0.000000,1500,2000,2700,3300,3800,4500,4800,5100,5100,5100,5100,2143,0,970,1378.5483239561393,2.514954999924157,6146.937421000075,2799.5132991133923
1780224702,40,POST,/api/book,8.300000,0.000000,1700,2600,3400,3500,4000,4500,5100,5100,5100,5100,5100,1707,0,1300,1718.3990461909798,93.51172000003771,6146.937421000075,3381.334504979496
1780224702,40,GET,/api/concerts,1.500000,0.000000,29,42,47,58,77,140,140,140,140,140,140,311,0,19,56.78560963023022,2.514954999924157,1222.359064000102,753.0
1780224702,40,GET,/health,0.600000,0.000000,24,26,27,27,45,45,45,45,45,45,45,131,0,22,44.48065770230305,2.6801260000866023,602.666083000031,57.0
1780224702,40,,Aggregated,10.400000,0.000000,1500,2000,3000,3400,3800,4500,4800,5100,5100,5100,5100,2149,0,970,1375.893188739882,2.514954999924157,6146.937421000075,2798.3192182410426
1780224703,40,POST,/api/book,8.800000,0.000000,1700,2500,3200,3400,3800,4500,5100,5100,5100,5100,5100,1714,0,1300,1715.748138687866,93.51172000003771,6146.937421000075,3381.364644107351
1780224703,40,GET,/api/concerts,1.800000,0.000000,29,42,58,66,77,140,140,140,140,140,140,315,0,19,56.45783604444988,2.514954999924157,1222.359064000102,753.0
1780224703,40,GET,/health,0.600000,0.000000,4,24,27,27,54,54,54,54,54,54,54,132,0,22,44.55046950758918,2.6801260000866023,602.666083000031,57.0
1780224703,40,,Aggregated,11.200000,0.000000,1400,1800,2600,3200,3700,4500,4800,5100,5100,5100,5100,2161,0,960,1371.7987922443344,2.514954999924157,6146.937421000075,2795.17723276261
1780224704,40,POST,/api/book,9.700000,0.000000,1500,1900,3000,3400,3700,4500,5100,5100,5100,5100,5100,1720,0,1300,1712.6905712738387,93.51172000003771,6146.937421000075,3381.3720930232557
1780224704,40,GET,/api/concerts,1.600000,0.000000,29,42,58,58,77,140,140,140,140,140,140,317,0,19,56.157975782339875,2.514954999924157,1222.359064000102,753.0
1780224704,40,GET,/health,0.700000,0.000000,4,24,27,27,54,54,54,54,54,54,54,132,0,22,44.55046950758918,2.6801260000866023,602.666083000031,57.0
1780224704,40,,Aggregated,12.000000,0.000000,1200,1700,2000,2800,3500,4500,4800,5100,5100,5100,5100,2169,0,960,1369.068936325038,2.514954999924157,6146.937421000075,2794.921622867681
1780224705,40,POST,/api/book,9.200000,0.000000,1500,1800,3000,3400,3800,4800,5100,5100,5100,5100,5100,1722,0,1300,1710.8851872212558,93.51172000003771,6146.937421000075,3381.3478513356563
1780224705,40,GET,/api/concerts,1.400000,0.000000,26,29,58,58,77,140,140,140,140,140,140,318,0,19,55.99060450000526,2.514954999924157,1222.359064000102,753.0
1780224705,40,GET,/health,0.600000,0.000000,4,24,27,27,54,54,54,54,54,54,54,133,0,22,44.23556224061404,2.667802999894775,602.666083000031,57.0
1780224705,40,,Aggregated,11.200000,0.000000,1100,1700,2000,3000,3500,4500,4800,5100,5100,5100,5100,2173,0,950,1366.6970245761654,2.514954999924157,6146.937421000075,2793.2425218591807
1780224706,40,POST,/api/book,8.900000,0.000000,1300,2000,3200,3400,3800,4800,5100,5100,5100,5100,5100,1727,0,1300,1709.0096641939795,93.51172000003771,6146.937421000075,3381.337000579039
1780224706,40,GET,/api/concerts,1.500000,0.000000,25,29,47,58,66,77,77,77,77,77,77,319,0,19,55.93987338871984,2.514954999924157,1222.359064000102,753.0
1780224706,40,GET,/health,0.700000,0.000000,4,24,27,27,54,54,54,54,54,54,54,134,0,21,43.92796699254947,2.667802999894775,602.666083000031,57.0
1780224706,40,,Aggregated,11.100000,0.000000,1100,1700,2100,3200,3700,4500,5100,5100,5100,5100,5100,2180,0,950,1364.7664482802784,2.514954999924157,6146.937421000075,2792.3917431192663
1780224707,40,POST,/api/book,8.300000,0.000000,1300,2100,3500,4000,4700,5100,5300,5300,5300,5300,5300,1740,0,1300,1720.6654368212655,93.51172000003771,6146.937421000075,3381.4258620689657
1780224707,40,GET,/api/concerts,1.600000,0.000000,15,26,40,47,58,66,66,66,66,66,66,321,0,19,55.60908310592385,2.514954999924157,1222.359064000102,753.0
1780224707,40,GET,/health,0.700000,0.000000,4,24,27,27,54,54,54,54,54,54,54,134,0,21,43.92796699254947,2.667802999894775,602.666083000031,57.0
1780224707,40,,Aggregated,10.600000,0.000000,1000,1700,3300,3500,4500,4900,5300,5300,5300,5300,5300,2195,0,950,1374.8039741790462,2.514954999924157,6146.937421000075,2794.092027334852
1780224708,40,POST,/api/book,8.100000,0.000000,1700,3500,3800,4100,4800,5100,5300,5500,5500,5500,5500,1762,0,1300,1733.4004281878554,93.51172000003771,6146.937421000075,3381.4086265607266
1780224708,40,GET,/api/concerts,1.600000,0.000000,15,26,40,40,58,66,66,66,66,66,66,322,0,18,55.44529408075007,2.514954999924157,1222.359064000102,753.0
1780224708,40,GET,/health,0.700000,0.000000,6,24,27,27,54,54,54,54,54,54,54,135,0,21,43.64922874075277,2.667802999894775,602.666083000031,57.0
1780224708,40,,Aggregated,10.400000,0.000000,1100,2200,3500,3800,4700,5100,5300,5300,5500,5500,5500,2219,0,960,1387.110223091936,2.514954999924157,6146.937421000075,2797.748084722848
1780224709,40,POST,/api/book,8.000000,0.000000,1700,3300,3800,4200,4800,5100,5300,5500,5500,5500,5500,1765,0,1300,1731.2586447410772,93.51172000003771,6146.937421000075,3381.402266288952
1780224709,40,GET,/api/concerts,1.500000,0.000000,20,29,40,47,58,65,66,66,66,66,66,328,0,19,55.10396450610276,2.514954999924157,1222.359064000102,753.0
1780224709,40,GET,/health,0.800000,0.000000,6,24,27,27,54,54,54,54,54,54,54,135,0,21,43.64922874075277,2.667802999894775,602.666083000031,57.0
1780224709,40,,Aggregated,10.300000,0.000000,1000,2000,3500,3800,4600,4900,5300,5300,5500,5500,5500,2228,0,950,1382.2433816005412,2.514954999924157,6146.937421000075,2793.022441651706
1780224710,40,POST,/api/book,8.500000,0.000000,1200,2000,3200,3700,4600,4900,5300,5500,5500,5500,5500,1775,0,1300,1728.3300471729583,93.51172000003771,6146.937421000075,3381.4602816901406
1780224710,40,GET,/api/concerts,1.500000,0.000000,20,29,40,47,61,65,66,66,66,66,66,332,0,19,54.7516630722939,2.514954999924157,1222.359064000102,753.0
1780224710,40,GET,/health,0.700000,0.000000,6,24,54,54,75,75,75,75,75,75,75,136,0,21,43.87844755883584,2.667802999894775,602.666083000031,57.0
1780224710,40,,Aggregated,10.700000,0.000000,850,1300,2000,3000,4200,4800,5300,5300,5500,5500,5500,2243,0,950,1378.4800957378538,2.514954999924157,6146.937421000075,2790.833704859563
1780224711,40,POST,/api/book,9.700000,0.000000,1100,2200,3500,3900,4700,5100,5300,5500,5500,5500,5500,1781,0,1300,1725.8232126574967,93.51172000003771,6146.937421000075,3381.509825940483
1780224711,40,GET,/api/concerts,1.500000,0.000000,20,29,40,47,61,65,66,66,66,66,66,334,0,19,54.56413474251995,2.514954999924157,1222.359064000102,753.0
1780224711,40,GET,/health,0.700000,0.000000,6,54,75,75,160,160,160,160,160,160,160,138,0,21,44.4041236449396,2.667802999894775,602.666083000031,57.0
1780224711,40,,Aggregated,11.900000,0.000000,600,1100,2200,3100,4300,4800,5300,5300,5500,5500,5500,2253,0,950,1375.074714518423,2.514954999924157,6146.937421000075,2788.209942299157
1780224712,40,POST,/api/book,9.600000,0.000000,1100,2200,3500,3900,4700,5100,5300,5500,5500,5500,5500,1786,0,1300,1723.5194986926101,93.51172000003771,6146.937421000075,3381.5072788353864
1780224712,40,GET,/api/concerts,2.200000,0.000000,20,29,40,47,61,65,66,66,66,66,66,335,0,19,54.437656740303744,2.514954999924157,1222.359064000102,753.0
1780224712,40,GET,/health,0.600000,0.000000,6,54,75,75,160,160,160,160,160,160,160,138,0,21,44.4041236449396,2.667802999894775,602.666083000031,57.0
1780224712,40,,Aggregated,12.400000,0.000000,550,1100,2200,3100,4300,4800,5300,5300,5500,5500,5500,2259,0,950,1373.426387222668,2.514954999924157,6146.937421000075,2788.6201859229745
1780224713,40,POST,/api/book,8.800000,0.000000,1200,3100,3500,3800,4600,4900,5300,5500,5500,5500,5500,1799,0,1300,1728.4940589744313,93.51172000003771,6146.937421000075,3381.4891606448027
1780224713,40,GET,/api/concerts,2.200000,0.000000,12,23,38,40,51,61,65,65,65,65,65,338,0,18,54.0313134792955,2.514954999924157,1222.359064000102,753.0
1780224713,40,GET,/health,0.700000,0.000000,54,75,160,160,820,820,820,820,820,820,820,139,0,22,49.97041353238637,2.667802999894775,818.11841800004,57.0
1780224713,40,,Aggregated,11.700000,0.000000,580,1600,3100,3500,4200,4800,5300,5300,5500,5500,5500,2276,0,950,1377.3151509367344,2.514954999924157,6146.937421000075,2788.108963093146
1780224714,40,POST,/api/book,7.700000,0.000000,1900,3100,3500,3800,4600,4900,5300,5500,5500,5500,5500,1809,0,1300,1731.767141299061,93.51172000003771,6146.937421000075,3381.5157545605307
1780224714,40,GET,/api/concerts,2.300000,0.000000,12,23,38,40,51,61,65,65,65,65,65,338,0,18,54.0313134792955,2.514954999924157,1222.359064000102,753.0
1780224714,40,GET,/health,0.800000,0.000000,13,65,75,75,160,820,820,820,820,820,820,143,0,21,49.27825000001045,2.667802999894775,818.11841800004,57.0
1780224714,40,,Aggregated,10.800000,0.000000,640,2200,3100,3400,4100,4700,5300,5300,5500,5500,5500,2290,0,950,1379.072546862885,2.514954999924157,6146.937421000075,2785.950655021834
1780224715,35,POST,/api/book,8.000000,0.000000,1900,3100,3500,3600,4500,4900,5300,5500,5500,5500,5500,1819,0,1400,1731.6614323479942,93.51172000003771,6146.937421000075,3381.4387025838373
1780224715,35,GET,/api/concerts,2.500000,0.000000,17,27,38,40,51,61,65,65,65,65,65,339,0,19,53.95014343363354,2.514954999924157,1222.359064000102,753.0
1780224715,35,GET,/health,0.700000,0.000000,14,65,75,160,820,820,820,820,820,820,820,143,0,21,49.27825000001045,2.667802999894775,818.11841800004,57.0
1780224715,35,,Aggregated,11.200000,0.000000,1000,2300,3100,3400,4100,4700,5300,5300,5500,5500,5500,2301,0,950,1379.9339564602376,2.514954999924157,6146.937421000075,2787.594524119948
1780224716,30,POST,/api/book,8.600000,0.000000,1700,3000,3300,3500,4500,4900,5300,5500,5500,5500,5500,1825,0,1400,1729.383406015343,93.51172000003771,6146.937421000075,3381.4679452054793
1780224716,30,GET,/api/concerts,2.300000,0.000000,17,27,38,47,61,65,65,65,65,65,65,339,0,19,53.95014343363354,2.514954999924157,1222.359064000102,753.0
1780224716,30,GET,/health,0.700000,0.000000,14,75,97,97,160,820,820,820,820,820,820,144,0,21,49.612025965287565,2.667802999894775,818.11841800004,57.0
1780224716,30,,Aggregated,11.600000,0.000000,1100,2200,3000,3200,4100,4700,5300,5300,5500,5500,5500,2308,0,950,1378.4913112396043,2.514954999924157,6146.937421000075,2787.9783362218373
1780224717,25,POST,/api/book,9.100000,0.000000,1600,2200,2900,3100,3500,3800,4700,5100,5100,5100,5100,1833,0,1400,1727.1072280027283,93.51172000003771,6146.937421000075,3381.5433715220947
1780224717,25,GET,/api/concerts,2.100000,0.000000,20,35,47,51,65,170,170,170,170,170,170,340,0,19,54.30015205000496,2.514954999924157,1222.359064000102,753.0
1780224717,25,GET,/health,1.100000,0.000000,65,75,97,160,820,820,820,820,820,820,820,144,0,21,49.612025965287565,2.667802999894775,818.11841800004,57.0
1780224717,25,,Aggregated,12.300000,0.000000,930,1700,2300,2500,3300,3600,4300,4700,5100,5100,5100,2317,0,950,1377.3818439210213,2.514954999924157,6146.937421000075,2789.208890807078
1780224718,20,POST,/api/book,9.700000,0.000000,1400,1900,2300,2400,3200,3500,3600,3800,3800,3800,3800,1842,0,1400,1724.9055849560266,93.51172000003771,6146.937421000075,3381.560803474484
1780224718,20,GET,/api/concerts,2.100000,0.000000,20,35,47,51,65,170,170,170,170,170,170,341,0,19,54.1504915132014,2.514954999924157,1222.359064000102,753.0
1780224718,20,GET,/health,1.000000,0.000000,65,75,97,160,820,820,820,820,820,820,820,144,0,21,49.612025965287565,2.667802999894775,818.11841800004,57.0
1780224718,20,,Aggregated,12.800000,0.000000,870,1600,1900,2300,3100,3400,3500,3600,3800,3800,3800,2327,0,950,1376.4011761211887,2.514954999924157,6146.937421000075,2790.6385904598196
1780224719,15,POST,/api/book,9.500000,0.000000,1400,1900,2300,2400,3100,3400,3600,3800,3800,3800,3800,1847,0,1300,1721.4082940904173,93.51172000003771,6146.937421000075,3381.568489442339
1780224719,15,GET,/api/concerts,2.000000,0.000000,12,23,27,38,61,170,170,170,170,170,170,343,0,18,53.85230057143337,2.514954999924157,1222.359064000102,753.0
1780224719,15,GET,/health,1.000000,0.000000,65,75,97,160,820,820,820,820,820,820,820,144,0,21,49.612025965287565,2.667802999894775,818.11841800004,57.0
1780224719,15,,Aggregated,12.500000,0.000000,930,1600,2000,2300,3100,3400,3500,3600,3800,3800,3800,2334,0,950,1373.2033376263948,2.514954999924157,6146.937421000075,2790.164524421594
1780224720,10,POST,/api/book,8.600000,0.000000,1500,2000,2400,2500,3200,3500,3600,3800,3800,3800,3800,1850,0,1300,1718.926281958379,93.51172000003771,6146.937421000075,3381.583243243243
1780224720,10,GET,/api/concerts,1.900000,0.000000,6,12,17,27,38,170,170,170,170,170,170,345,0,18,53.56173680000445,2.514954999924157,1222.359064000102,753.0
1780224720,10,GET,/health,1.000000,0.000000,65,97,160,160,820,820,820,820,820,820,820,144,0,21,49.612025965287565,2.667802999894775,818.11841800004,57.0
1780224720,10,,Aggregated,11.500000,0.000000,680,1700,2200,2400,3100,3400,3600,3800,3800,3800,3800,2339,0,950,1370.5158411962402,2.514954999924157,6146.937421000075,2789.192817443352
1780224721,5,POST,/api/book,8.200000,0.000000,1400,1900,2400,2500,3200,3500,3600,3800,3800,3800,3800,1852,0,1300,1717.5560990610156,93.51172000003771,6146.937421000075,3381.565334773218
1780224721,5,GET,/api/concerts,1.900000,0.000000,5,6,17,17,27,170,170,170,170,170,170,346,0,18,53.42021456936886,2.514954999924157,1222.359064000102,753.0
1780224721,5,GET,/health,0.900000,0.000000,65,97,160,160,820,820,820,820,820,820,820,144,0,21,49.612025965287565,2.667802999894775,818.11841800004,57.0
1780224721,5,,Aggregated,11.000000,0.000000,740,1700,2000,2400,3100,3400,3600,3800,3800,3800,3800,2342,0,950,1369.1466359696865,2.514954999924157,6146.937421000075,2788.81511528608
1780224722,5,POST,/api/book,8.200000,0.000000,1500,1900,2400,2500,3300,3500,3600,3800,3800,3800,3800,1853,0,1300,1717.2479764446848,93.51172000003771,6146.937421000075,3381.56449001619
1780224722,5,GET,/api/concerts,1.400000,0.000000,5,6,17,17,27,170,170,170,170,170,170,348,0,17,53.15916555172857,2.514954999924157,1222.359064000102,753.0
1780224722,5,GET,/health,0.900000,0.000000,14,65,97,97,820,820,820,820,820,820,820,145,0,21,49.339208655181935,2.667802999894775,818.11841800004,57.0
1780224722,5,,Aggregated,10.500000,0.000000,820,1700,2000,2400,3100,3400,3600,3800,3800,3800,3800,2346,0,950,1367.3120525230204,2.514954999924157,6146.937421000075,2786.1670929241263
1780224723,5,POST,/api/book,7.500000,0.000000,1400,1700,1900,2000,2400,2500,2600,3200,3200,3200,3200,1854,0,1300,1716.4009606639702,93.51172000003771,6146.937421000075,3381.552319309601
1780224723,5,GET,/api/concerts,1.300000,0.000000,5,6,17,17,27,170,170,170,170,170,170,348,0,17,53.15916555172857,2.514954999924157,1222.359064000102,753.0
1780224723,5,GET,/health,0.800000,0.000000,14,14,65,65,97,97,97,97,97,97,97,145,0,21,49.339208655181935,2.667802999894775,818.11841800004,57.0
1780224723,5,,Aggregated,9.600000,0.000000,640,1400,1800,1900,2400,2400,2600,3200,3200,3200,3200,2347,0,950,1366.7920562155969,2.514954999924157,6146.937421000075,2786.4111631870474
1780224724,5,POST,/api/book,7.100000,0.000000,740,1400,1700,1800,2200,2300,2600,2600,2600,2600,2600,1857,0,1300,1713.8453816704366,93.51172000003771,6146.937421000075,3381.597738287561
1780224724,5,GET,/api/concerts,1.200000,0.000000,5,5,11,27,170,170,170,170,170,170,170,348,0,17,53.15916555172857,2.514954999924157,1222.359064000102,753.0
1780224724,5,GET,/health,0.600000,0.000000,14,14,65,65,97,97,97,97,97,97,97,145,0,21,49.339208655181935,2.667802999894775,818.11841800004,57.0
1780224724,5,,Aggregated,8.900000,0.000000,370,1100,1500,1700,2000,2300,2400,2600,2600,2600,2600,2350,0,940,1365.2189143102153,2.514954999924157,6146.937421000075,2787.2068085106384
1780224725,5,POST,/api/book,6.500000,0.000000,500,1100,1500,1700,2000,2400,2600,2600,2600,2600,2600,1858,0,1300,1712.9990661899897,93.51172000003771,6146.937421000075,3381.5785791173303
1780224725,5,GET,/api/concerts,1.200000,0.000000,4,5,11,11,27,170,170,170,170,170,170,350,0,17,52.872746017147335,2.514954999924157,1222.359064000102,753.0
1780224725,5,GET,/health,0.700000,0.000000,97,97,97,97,97,97,97,97,97,97,97,145,0,21,49.339208655181935,2.667802999894775,818.11841800004,57.0
1780224725,5,,Aggregated,8.400000,0.000000,250,500,1100,1400,1800,2000,2400,2600,2600,2600,2600,2353,0,940,1363.5409737960076,2.514954999924157,6146.937421000075,2785.715257118572
1780224726,5,POST,/api/book,5.300000,0.000000,360,640,1500,1700,2000,2400,2600,2600,2600,2600,2600,1861,0,1300,1710.4500528823216,93.51172000003771,6146.937421000075,3381.5685115529286
1780224726,5,GET,/api/concerts,1.000000,0.000000,3,5,5,5,11,170,170,170,170,170,170,350,0,17,52.872746017147335,2.514954999924157,1222.359064000102,753.0
1780224726,5,GET,/health,0.600000,0.000000,10,10,97,97,97,97,97,97,97,97,97,146,0,20,49.021735746585094,2.667802999894775,818.11841800004,57.0
1780224726,5,,Aggregated,6.900000,0.000000,190,370,640,1400,1800,2000,2600,2600,2600,2600,2600,2357,0,930,1361.3959197874442,2.514954999924157,6146.937421000075,2785.308018667798
1780224727,5,POST,/api/book,4.600000,0.000000,250,500,640,1100,2000,2400,2600,2600,2600,2600,2600,1862,0,1300,1709.6141228866813,93.51172000003771,6146.937421000075,3381.5542427497317
1780224727,5,GET,/api/concerts,1.000000,0.000000,3,4,5,5,11,11,11,11,11,11,11,350,0,17,52.872746017147335,2.514954999924157,1222.359064000102,753.0
1780224727,5,GET,/health,0.200000,0.000000,10,10,97,97,97,97,97,97,97,97,97,146,0,20,49.021735746585094,2.667802999894775,818.11841800004,57.0
1780224727,5,,Aggregated,5.800000,0.000000,150,340,400,500,1400,2000,2600,2600,2600,2600,2600,2358,0,930,1360.8838555301127,2.514954999924157,6146.937421000075,2785.5496183206105
1780224728,5,POST,/api/book,3.800000,0.000000,140,150,210,240,500,500,1100,1100,1100,1100,1100,1865,0,1300,1707.061935443432,93.51172000003771,6146.937421000075,3381.5592493297586
1780224728,5,GET,/api/concerts,1.100000,0.000000,3,4,5,5,11,11,11,11,11,11,11,350,0,17,52.872746017147335,2.514954999924157,1222.359064000102,753.0
1780224728,5,GET,/health,0.200000,0.000000,10,10,97,97,97,97,97,97,97,97,97,146,0,20,49.021735746585094,2.667802999894775,818.11841800004,57.0
1780224728,5,,Aggregated,5.100000,0.000000,140,140,150,190,400,500,1100,1100,1100,1100,1100,2361,0,930,1359.3109462630268,2.514954999924157,6146.937421000075,2786.310885218128
1780224729,5,POST,/api/book,3.600000,0.000000,140,150,190,240,500,1100,1100,1100,1100,1100,1100,1865,0,1300,1707.061935443432,93.51172000003771,6146.937421000075,3381.5592493297586
1780224729,5,GET,/api/concerts,1.100000,0.000000,4,5,5,5,11,11,11,11,11,11,11,351,0,17,52.73022485470522,2.514954999924157,1222.359064000102,753.0
1780224729,5,GET,/health,0.200000,0.000000,3,3,10,10,10,10,10,10,10,10,10,147,0,20,48.707575605452476,2.667802999894775,818.11841800004,57.0
1780224729,5,,Aggregated,4.900000,0.000000,140,140,150,150,400,500,1100,1100,1100,1100,1100,2363,0,930,1358.1628574439299,2.514954999924157,6146.937421000075,2784.2953872196363
1780224730,5,POST,/api/book,2.900000,0.000000,140,150,290,290,500,1100,1100,1100,1100,1100,1100,1867,0,1300,1705.5566809651853,93.51172000003771,6146.937421000075,3381.5538296732725
1780224730,5,GET,/api/concerts,1.000000,0.000000,5,5,5,5,11,11,11,11,11,11,11,351,0,17,52.73022485470522,2.514954999924157,1222.359064000102,753.0
1780224730,5,GET,/health,0.200000,0.000000,3,3,10,10,10,10,10,10,10,10,10,148,0,19,48.39879683784777,2.667802999894775,818.11841800004,57.0
1780224730,5,,Aggregated,4.100000,0.000000,140,140,150,150,320,500,1100,1100,1100,1100,1100,2366,0,930,1356.6972333972976,2.514954999924157,6146.937421000075,2783.643279797126
1780224731,5,POST,/api/book,2.100000,0.000000,140,150,150,290,320,1100,1100,1100,1100,1100,1100,1867,0,1300,1705.5566809651853,93.51172000003771,6146.937421000075,3381.5538296732725
1780224731,5,GET,/api/concerts,1.000000,0.000000,3,5,5,11,11,11,11,11,11,11,11,351,0,17,52.73022485470522,2.514954999924157,1222.359064000102,753.0
1780224731,5,GET,/health,0.200000,0.000000,3,3,3,3,10,10,10,10,10,10,10,150,0,18,47.790826066674676,2.667802999894775,818.11841800004,57.0
1780224731,5,,Aggregated,3.300000,0.000000,110,140,140,150,290,320,1100,1100,1100,1100,1100,2368,0,920,1355.5537399476375,2.514954999924157,6146.937421000075,2781.3403716216217
1780224732,5,POST,/api/book,1.700000,0.000000,140,140,150,150,290,320,320,320,320,320,320,1868,0,1300,1704.712988541221,93.51172000003771,6146.937421000075,3381.5647751605998
1780224732,5,GET,/api/concerts,0.800000,0.000000,3,5,5,11,11,11,11,11,11,11,11,351,0,17,52.73022485470522,2.514954999924157,1222.359064000102,753.0
1780224732,5,GET,/health,0.300000,0.000000,3,3,3,3,10,10,10,10,10,10,10,151,0,18,47.49288302649733,2.667802999894775,818.11841800004,57.0
1780224732,5,,Aggregated,2.800000,0.000000,130,140,140,150,150,290,320,320,320,320,320,2370,0,920,1354.465652681859,2.514954999924157,6146.937421000075,2780.452742616034
1780224733,5,POST,/api/book,1.600000,0.000000,140,140,150,150,290,320,320,320,320,320,320,1870,0,1300,1703.035284311765,93.51172000003771,6146.937421000075,3381.5529411764705
1780224733,5,GET,/api/concerts,0.600000,0.000000,3,3,3,3,3,3,3,3,3,3,3,351,0,17,52.73022485470522,2.514954999924157,1222.359064000102,753.0
1780224733,5,GET,/health,0.400000,0.000000,3,3,3,3,10,10,10,10,10,10,10,152,0,17,47.19897499342919,2.667802999894775,818.11841800004,57.0
1780224733,5,,Aggregated,2.600000,0.000000,130,140,140,140,150,290,320,320,320,320,320,2373,0,910,1352.8691676300066,2.514954999924157,6146.937421000075,2779.802359882006
1780224734,5,POST,/api/book,1.500000,0.000000,140,140,140,150,290,320,320,320,320,320,320,1871,0,1300,1702.1924539673976,93.51172000003771,6146.937421000075,3381.56761090326
1780224734,5,GET,/api/concerts,0.500000,0.000000,3,3,3,3,3,3,3,3,3,3,3,351,0,17,52.73022485470522,2.514954999924157,1222.359064000102,753.0
1780224734,5,GET,/health,0.600000,0.000000,3,3,3,3,3,3,3,3,3,3,3,152,0,17,47.19897499342919,2.667802999894775,818.11841800004,57.0
1780224734,5,,Aggregated,2.600000,0.000000,130,140,140,140,150,290,320,320,320,320,320,2374,0,910,1352.3524155417042,2.514954999924157,6146.937421000075,2780.067396798652
1780224735,5,POST,/api/book,1.500000,0.000000,140,140,140,150,290,320,320,320,320,320,320,1873,0,1300,1700.5238677298457,93.51172000003771,6146.937421000075,3381.547250400427
1780224735,5,GET,/api/concerts,0.300000,0.000000,3,3,3,3,3,3,3,3,3,3,3,351,0,17,52.73022485470522,2.514954999924157,1222.359064000102,753.0
1780224735,5,GET,/health,0.600000,0.000000,3,3,3,3,3,3,3,3,3,3,3,152,0,17,47.19897499342919,2.667802999894775,818.11841800004,57.0
1780224735,5,,Aggregated,2.400000,0.000000,130,140,140,140,150,290,320,320,320,320,320,2376,0,910,1351.3315477192784,2.514954999924157,6146.937421000075,2780.55765993266
1780224736,5,POST,/api/book,1.600000,0.000000,140,140,140,150,290,320,320,320,320,320,320,1875,0,1300,1698.857557687467,93.51172000003771,6146.937421000075,3381.544533333333
1780224736,5,GET,/api/concerts,0.300000,0.000000,3,3,3,3,3,3,3,3,3,3,3,351,0,17,52.73022485470522,2.514954999924157,1222.359064000102,753.0
1780224736,5,GET,/health,0.700000,0.000000,3,3,3,3,3,3,3,3,3,3,3,152,0,17,47.19897499342919,2.667802999894775,818.11841800004,57.0
1780224736,5,,Aggregated,2.600000,0.000000,130,140,140,140,150,290,320,320,320,320,320,2378,0,910,1350.3113851080764,2.514954999924157,6146.937421000075,2781.060975609756
1780224737,5,POST,/api/book,1.400000,0.000000,140,140,140,140,290,320,320,320,320,320,320,1876,0,1300,1698.0271795778256,93.51172000003771,6146.937421000075,3381.542643923241
1780224737,5,GET,/api/concerts,0.300000,0.000000,3,3,3,3,3,3,3,3,3,3,3,352,0,17,52.58884189204979,2.514954999924157,1222.359064000102,753.0
1780224737,5,GET,/health,0.700000,0.000000,3,3,3,3,3,3,3,3,3,3,3,152,0,17,47.19897499342919,2.667802999894775,818.11841800004,57.0
1780224737,5,,Aggregated,2.400000,0.000000,130,140,140,140,140,290,320,320,320,320,320,2380,0,910,1349.237187156725,2.514954999924157,6146.937421000075,2780.459663865546
1780224738,5,POST,/api/book,1.600000,0.000000,140,140,140,140,290,320,320,320,320,320,320,1877,0,1300,1697.1984670133195,93.51172000003771,6146.937421000075,3381.525306339904
1780224738,5,GET,/api/concerts,0.100000,0.000000,3,3,3,3,3,3,3,3,3,3,3,353,0,17,52.448658739380924,2.514954999924157,1222.359064000102,753.0
1780224738,5,GET,/health,0.700000,0.000000,3,3,3,3,3,3,3,3,3,3,3,153,0,17,46.90891443791684,2.667802999894775,818.11841800004,57.0
1780224738,5,,Aggregated,2.400000,0.000000,130,140,140,140,140,290,320,320,320,320,320,2383,0,910,1347.6009076911478,2.514954999924157,6146.937421000075,2778.704574066303
1780224739,5,POST,/api/book,1.400000,0.000000,140,140,140,140,290,320,320,320,320,320,320,1878,0,1300,1696.3697540239618,93.51172000003771,6146.937421000075,3381.5287539936103
1780224739,5,GET,/api/concerts,0.100000,0.000000,3,3,3,3,3,3,3,3,3,3,3,354,0,16,52.308226262716,2.514954999924157,1222.359064000102,753.0
1780224739,5,GET,/health,0.600000,0.000000,3,3,3,3,3,3,3,3,3,3,3,153,0,17,46.90891443791684,2.667802999894775,818.11841800004,57.0
1780224739,5,,Aggregated,2.100000,0.000000,130,140,140,140,140,290,320,320,320,320,320,2385,0,910,1346.5310583073397,2.514954999924157,6146.937421000075,2778.1106918238993
1780224740,5,POST,/api/book,1.400000,0.000000,140,140,140,140,290,320,320,320,320,320,320,1880,0,1300,1694.715330800532,93.51172000003771,6146.937421000075,3381.5260638297873
1780224740,5,GET,/api/concerts,0.200000,0.000000,3,3,3,3,3,3,3,3,3,3,3,354,0,16,52.308226262716,2.514954999924157,1222.359064000102,753.0
1780224740,5,GET,/health,0.600000,0.000000,3,3,3,3,3,3,3,3,3,3,3,153,0,17,46.90891443791684,2.667802999894775,818.11841800004,57.0
1780224740,5,,Aggregated,2.200000,0.000000,130,140,140,140,140,140,140,140,140,140,140,2387,0,910,1345.5211553879367,2.514954999924157,6146.937421000075,2778.614160033515
1780224741,5,POST,/api/book,1.200000,0.000000,140,140,140,140,140,140,140,140,140,140,140,1882,0,1300,1693.0619701073326,93.51172000003771,6146.937421000075,3381.5217853347503
1780224741,5,GET,/api/concerts,0.200000,0.000000,3,3,3,3,3,3,3,3,3,3,3,356,0,16,52.03160821629619,2.514954999924157,1222.359064000102,753.0
1780224741,5,GET,/health,0.700000,0.000000,3,3,3,3,3,3,3,3,3,3,3,153,0,17,46.90891443791684,2.667802999894775,818.11841800004,57.0
1780224741,5,,Aggregated,2.100000,0.000000,140,140,140,140,140,140,140,140,140,140,140,2391,0,910,1343.3889352471788,2.514954999924157,6146.937421000075,2777.420744458386
1780224742,5,POST,/api/book,1.400000,0.000000,140,140,140,140,140,140,140,140,140,140,140,1883,0,1300,1692.2359253489112,93.51172000003771,6146.937421000075,3381.5082315454065
1780224742,5,GET,/api/concerts,0.300000,0.000000,3,3,3,3,3,3,3,3,3,3,3,356,0,16,52.03160821629619,2.514954999924157,1222.359064000102,753.0
1780224742,5,GET,/health,0.600000,0.000000,3,3,3,3,3,3,3,3,3,3,3,154,0,16,46.624270733774395,2.667802999894775,818.11841800004,57.0
1780224742,5,,Aggregated,2.300000,0.000000,140,140,140,140,140,140,140,140,140,140,140,2393,0,900,1342.3249634977033,2.514954999924157,6146.937421000075,2776.5256999582116
1780224743,5,POST,/api/book,1.300000,0.000000,140,140,140,140,140,140,140,140,140,140,140,1885,0,1300,1690.5852624742706,93.51172000003771,6146.937421000075,3381.524668435013
1780224743,5,GET,/api/concerts,0.300000,0.000000,3,3,3,3,3,3,3,3,3,3,3,357,0,16,51.89454635574647,2.514954999924157,1222.359064000102,753.0
1780224743,5,GET,/health,0.500000,0.000000,3,3,3,3,3,3,3,3,3,3,3,154,0,16,46.624270733774395,2.667802999894775,818.11841800004,57.0
1780224743,5,,Aggregated,2.100000,0.000000,140,140,140,140,140,140,140,140,140,140,140,2396,0,900,1340.759478508349,2.514954999924157,6146.937421000075,2776.199081803005
1780224744,5,POST,/api/book,1.500000,0.000000,140,140,140,140,140,140,140,140,140,140,140,1887,0,1300,1688.9456595394809,93.51172000003771,6146.937421000075,3381.5029146793854
1780224744,5,GET,/api/concerts,0.500000,0.000000,3,3,3,3,3,3,3,3,3,3,3,358,0,16,51.75769798324452,2.514954999924157,1222.359064000102,753.0
1780224744,5,GET,/health,0.300000,0.000000,3,3,3,3,3,3,3,3,3,3,3,154,0,16,46.624270733774395,2.667802999894775,818.11841800004,57.0
1780224744,5,,Aggregated,2.300000,0.000000,140,140,140,140,140,140,140,140,140,140,140,2399,0,900,1339.2037737065464,2.514954999924157,6146.937421000075,2775.843268028345
1780224745,5,POST,/api/book,1.500000,0.000000,140,140,140,140,140,140,140,140,140,140,140,1887,0,1300,1688.9456595394809,93.51172000003771,6146.937421000075,3381.5029146793854
1780224745,5,GET,/api/concerts,0.500000,0.000000,3,3,3,3,3,3,3,3,3,3,3,358,0,16,51.75769798324452,2.514954999924157,1222.359064000102,753.0
1780224745,5,GET,/health,0.300000,0.000000,3,3,3,3,3,3,3,3,3,3,3,154,0,16,46.624270733774395,2.667802999894775,818.11841800004,57.0
1780224745,5,,Aggregated,2.300000,0.000000,140,140,140,140,140,140,140,140,140,140,140,2399,0,900,1339.2037737065464,2.514954999924157,6146.937421000075,2775.843268028345
1780224746,5,POST,/api/book,1.500000,0.000000,140,140,140,140,140,140,140,140,140,140,140,1888,0,1300,1688.1260153511655,93.51172000003771,6146.937421000075,3381.5111228813557
1780224746,5,GET,/api/concerts,0.600000,0.000000,3,3,3,3,3,3,3,3,3,3,3,361,0,16,51.35344775900756,2.514954999924157,1222.359064000102,753.0
1780224746,5,GET,/health,0.200000,0.000000,3,3,3,3,3,3,3,3,3,3,3,154,0,16,46.624270733774395,2.667802999894775,818.11841800004,57.0
1780224746,5,,Aggregated,2.300000,0.000000,130,140,140,140,140,140,140,140,140,140,140,2403,0,900,1337.0373072480252,2.514954999924157,6146.937421000075,2773.5763628797336
1780224747,5,POST,/api/book,1.600000,0.000000,140,140,140,140,140,140,140,140,140,140,140,1890,0,1300,1686.4900284047621,93.51172000003771,6146.937421000075,3381.5185185185187
1780224747,5,GET,/api/concerts,0.700000,0.000000,3,3,3,3,3,3,3,3,3,3,3,361,0,16,51.35344775900756,2.514954999924157,1222.359064000102,753.0
1780224747,5,GET,/health,0.200000,0.000000,3,3,3,3,3,3,3,3,3,3,3,154,0,16,46.624270733774395,2.667802999894775,818.11841800004,57.0
1780224747,5,,Aggregated,2.500000,0.000000,140,140,140,140,140,140,140,140,140,140,140,2405,0,900,1336.0436116503138,2.514954999924157,6146.937421000075,2774.087733887734
1780224748,5,POST,/api/book,1.600000,0.000000,140,140,140,140,140,140,140,140,140,140,140,1890,0,1300,1686.4900284047621,93.51172000003771,6146.937421000075,3381.5185185185187
1780224748,5,GET,/api/concerts,0.700000,0.000000,3,3,3,3,3,3,3,3,3,3,3,361,0,16,51.35344775900756,2.514954999924157,1222.359064000102,753.0
1780224748,5,GET,/health,0.200000,0.000000,3,3,3,3,3,3,3,3,3,3,3,154,0,16,46.624270733774395,2.667802999894775,818.11841800004,57.0
1780224748,5,,Aggregated,2.500000,0.000000,140,140,140,140,140,140,140,140,140,140,140,2405,0,900,1336.0436116503138,2.514954999924157,6146.937421000075,2774.087733887734
1780224749,5,POST,/api/book,1.300000,0.000000,140,140,140,140,310,320,320,320,320,320,320,1894,0,1300,1683.4113381710667,93.51172000003771,6146.937421000075,3381.4836325237593
1780224749,5,GET,/api/concerts,1.000000,0.000000,3,3,3,3,3,3,3,3,3,3,3,361,0,16,51.35344775900756,2.514954999924157,1222.359064000102,753.0
1780224749,5,GET,/health,0.200000,0.000000,3,3,3,3,3,3,3,3,3,3,3,154,0,16,46.624270733774395,2.667802999894775,818.11841800004,57.0
1780224749,5,,Aggregated,2.500000,0.000000,140,140,140,140,140,310,320,320,320,320,320,2409,0,900,1334.2049841552532,2.514954999924157,6146.937421000075,2775.068908260689
1780224750,5,POST,/api/book,1.400000,0.000000,140,140,140,140,310,320,320,320,320,320,320,1896,0,1300,1681.7830267784811,93.51172000003771,6146.937421000075,3381.487341772152
1780224750,5,GET,/api/concerts,0.900000,0.000000,3,3,3,3,3,3,3,3,3,3,3,362,0,15,51.21959670718725,2.514954999924157,1222.359064000102,753.0
1780224750,5,GET,/health,0.200000,0.000000,3,3,3,3,3,3,3,3,3,3,3,154,0,16,46.624270733774395,2.667802999894775,818.11841800004,57.0
1780224750,5,,Aggregated,2.500000,0.000000,140,140,140,140,140,310,320,320,320,320,320,2412,0,890,1332.662624574214,2.514954999924157,6146.937421000075,2774.7363184079604
1780224751,5,POST,/api/book,1.500000,0.000000,140,140,140,140,310,320,320,320,320,320,320,1897,0,1300,1680.972072548234,93.51172000003771,6146.937421000075,3381.489720611492
1780224751,5,GET,/api/concerts,0.800000,0.000000,3,3,3,3,3,3,3,3,3,3,3,363,0,15,51.086363606065625,2.514954999924157,1222.359064000102,753.0
1780224751,5,GET,/health,0.100000,0.000000,3,3,3,3,3,3,3,3,3,3,3,154,0,16,46.624270733774395,2.667802999894775,818.11841800004,57.0
1780224751,5,,Aggregated,2.400000,0.000000,140,140,140,140,140,310,320,320,320,320,320,2414,0,890,1331.619100789563,2.514954999924157,6146.937421000075,2774.1520298260148
1780224752,5,POST,/api/book,1.500000,0.000000,140,140,140,140,310,320,320,320,320,320,320,1900,0,1300,1678.5400234700007,93.51172000003771,6146.937421000075,3381.4563157894736
1780224752,5,GET,/api/concerts,0.700000,0.000000,3,3,3,3,3,3,3,3,3,3,3,363,0,15,51.086363606065625,2.514954999924157,1222.359064000102,753.0
1780224752,5,GET,/health,0.100000,0.000000,3,3,3,3,3,3,3,3,3,3,3,154,0,16,46.624270733774395,2.667802999894775,818.11841800004,57.0
1780224752,5,,Aggregated,2.300000,0.000000,140,140,140,140,150,310,320,320,320,320,320,2417,0,890,1330.1408904737302,2.514954999924157,6146.937421000075,2774.879602813405
1780224753,5,POST,/api/book,1.600000,0.000000,140,140,140,140,310,320,320,320,320,320,320,1902,0,1300,1676.899232525763,93.51172000003771,6146.937421000075,3381.472134595163
1780224753,5,GET,/api/concerts,0.800000,0.000000,3,3,3,3,3,3,3,3,3,3,3,363,0,15,51.086363606065625,2.514954999924157,1222.359064000102,753.0
1780224753,5,GET,/health,0.100000,0.000000,3,3,3,3,3,3,3,3,3,3,3,154,0,16,46.624270733774395,2.667802999894775,818.11841800004,57.0
1780224753,5,,Aggregated,2.500000,0.000000,140,140,140,140,150,310,320,320,320,320,320,2419,0,880,1329.1388292459717,2.514954999924157,6146.937421000075,2775.3935510541546
1780224754,5,POST,/api/book,1.500000,0.000000,140,140,210,310,320,320,320,320,320,320,320,1905,0,1300,1674.7019038551186,93.51172000003771,6146.937421000075,3381.441469816273
1780224754,5,GET,/api/concerts,0.700000,0.000000,3,3,3,3,3,3,3,3,3,3,3,363,0,15,51.086363606065625,2.514954999924157,1222.359064000102,753.0
1780224754,5,GET,/health,0.100000,0.000000,3,3,3,3,3,3,3,3,3,3,3,154,0,16,46.624270733774395,2.667802999894775,818.11841800004,57.0
1780224754,5,,Aggregated,2.300000,0.000000,140,140,140,150,320,320,320,320,320,320,320,2422,0,880,1327.8412941891022,2.514954999924157,6146.937421000075,2776.12014863749
1780224755,5,POST,/api/book,1.700000,0.000000,140,140,210,310,320,320,320,320,320,320,320,1906,0,1300,1673.8851965519418,93.51172000003771,6146.937421000075,3381.4433368310597
1780224755,5,GET,/api/concerts,0.700000,0.000000,3,3,3,3,3,3,3,3,3,3,3,363,0,15,51.086363606065625,2.514954999924157,1222.359064000102,753.0
1780224755,5,GET,/health,0.000000,0.000000,3,3,3,3,3,3,3,3,3,3,3,155,0,16,46.34250310968523,2.667802999894775,818.11841800004,57.0
1780224755,5,,Aggregated,2.400000,0.000000,140,140,140,210,320,320,320,320,320,320,320,2424,0,880,1326.7956363857281,2.514954999924157,6146.937421000075,2775.2495874587457
1780224756,5,POST,/api/book,1.700000,0.000000,140,150,230,310,320,320,320,320,320,320,320,1908,0,1300,1672.3123183375267,93.51172000003771,6146.937421000075,3381.41928721174
1780224756,5,GET,/api/concerts,0.600000,0.000000,3,3,3,3,3,3,3,3,3,3,3,363,0,15,51.086363606065625,2.514954999924157,1222.359064000102,753.0
1780224756,5,GET,/health,0.000000,0.000000,3,3,3,3,3,3,3,3,3,3,3,155,0,16,46.34250310968523,2.667802999894775,818.11841800004,57.0
1780224756,5,,Aggregated,2.300000,0.000000,140,140,210,230,320,320,320,320,320,320,320,2426,0,880,1325.8447408734564,2.514954999924157,6146.937421000075,2775.730420445177
1780224757,5,POST,/api/book,1.800000,0.000000,140,230,270,290,320,320,320,320,320,320,320,1912,0,1300,1669.3034956757328,93.51172000003771,6146.937421000075,3381.4278242677824
1780224757,5,GET,/api/concerts,0.500000,0.000000,3,3,3,3,3,3,3,3,3,3,3,363,0,15,51.086363606065625,2.514954999924157,1222.359064000102,753.0
1780224757,5,GET,/health,0.000000,0.000000,3,3,3,3,3,3,3,3,3,3,3,155,0,16,46.34250310968523,2.667802999894775,818.11841800004,57.0
1780224757,5,,Aggregated,2.300000,0.000000,140,210,240,290,320,320,320,320,320,320,320,2430,0,880,1324.0476221000022,2.514954999924157,6146.937421000075,2776.734156378601
1780224758,5,POST,/api/book,1.900000,0.000000,140,150,230,240,290,320,320,320,320,320,320,1914,0,1300,1667.7062423463956,93.51172000003771,6146.937421000075,3381.415882967607
1780224758,5,GET,/api/concerts,0.500000,0.000000,3,3,3,3,3,3,3,3,3,3,3,363,0,15,51.086363606065625,2.514954999924157,1222.359064000102,753.0
1780224758,5,GET,/health,0.100000,0.000000,3,3,3,3,3,3,3,3,3,3,3,155,0,16,46.34250310968523,2.667802999894775,818.11841800004,57.0
1780224758,5,,Aggregated,2.500000,0.000000,140,140,210,240,290,320,320,320,320,320,320,2432,0,880,1323.0745007491798,2.514954999924157,6146.937421000075,2777.222039473684
1780224759,5,POST,/api/book,2.100000,0.000000,140,150,230,240,290,320,320,320,320,320,320,1916,0,1300,1666.1119510224432,93.51172000003771,6146.937421000075,3381.4232776617955
1780224759,5,GET,/api/concerts,0.200000,0.000000,3,3,3,3,3,3,3,3,3,3,3,363,0,15,51.086363606065625,2.514954999924157,1222.359064000102,753.0
1780224759,5,GET,/health,0.100000,0.000000,3,3,3,3,3,3,3,3,3,3,3,155,0,16,46.34250310968523,2.667802999894775,818.11841800004,57.0
1780224759,5,,Aggregated,2.400000,0.000000,140,140,210,240,290,320,320,320,320,320,320,2434,0,870,1322.102685345113,2.514954999924157,6146.937421000075,2777.7243221035333
1780224760,5,POST,/api/book,2.200000,0.000000,140,150,230,240,290,320,320,320,320,320,320,1918,0,1300,1664.5145935813352,93.51172000003771,6146.937421000075,3381.4306569343066
1780224760,5,GET,/api/concerts,0.200000,0.000000,3,3,3,3,3,3,3,3,3,3,3,363,0,15,51.086363606065625,2.514954999924157,1222.359064000102,753.0
1780224760,5,GET,/health,0.100000,0.000000,3,3,3,3,3,3,3,3,3,3,3,156,0,16,46.064056160263476,2.667802999894775,818.11841800004,57.0
1780224760,5,,Aggregated,2.500000,0.000000,140,140,210,240,290,320,320,320,320,320,320,2437,0,870,1320.5865134341423,2.514954999924157,6146.937421000075,2777.109150594994
1780224761,5,POST,/api/book,2.200000,0.000000,140,150,230,240,290,320,320,320,320,320,320,1918,0,1300,1664.5145935813352,93.51172000003771,6146.937421000075,3381.4306569343066
1780224761,5,GET,/api/concerts,0.200000,0.000000,3,3,3,3,3,3,3,3,3,3,3,363,0,15,51.086363606065625,2.514954999924157,1222.359064000102,753.0
1780224761,5,GET,/health,0.100000,0.000000,3,3,3,3,3,3,3,3,3,3,3,156,0,16,46.064056160263476,2.667802999894775,818.11841800004,57.0
1780224761,5,,Aggregated,2.500000,0.000000,140,150,230,240,290,320,320,320,320,320,320,2437,0,870,1320.5865134341423,2.514954999924157,6146.937421000075,2777.109150594994
1780224762,5,POST,/api/book,2.200000,0.000000,140,160,230,240,290,320,320,320,320,320,320,1921,0,1300,1662.1241560119734,93.51172000003771,6146.937421000075,3381.455491931286
1780224762,5,GET,/api/concerts,0.200000,0.000000,4,4,4,4,4,4,4,4,4,4,4,364,0,15,50.9558474038509,2.514954999924157,1222.359064000102,753.0
1780224762,5,GET,/health,0.100000,0.000000,3,3,3,3,3,3,3,3,3,3,3,156,0,16,46.064056160263476,2.667802999894775,818.11841800004,57.0
1780224762,5,,Aggregated,2.500000,0.000000,140,140,230,240,290,320,320,320,320,320,320,2441,0,870,1318.5884575645248,2.514954999924157,6146.937421000075,2777.0421958213847
1780224763,5,POST,/api/book,2.200000,0.000000,140,160,230,240,290,320,320,320,320,320,320,1923,0,1300,1660.53913373427,93.51172000003771,6146.937421000075,3381.4487779511182
1780224763,5,GET,/api/concerts,0.100000,0.000000,4,4,4,4,4,4,4,4,4,4,4,364,0,15,50.9558474038509,2.514954999924157,1222.359064000102,753.0
1780224763,5,GET,/health,0.200000,0.000000,3,3,3,3,3,3,3,3,3,3,3,156,0,16,46.064056160263476,2.667802999894775,818.11841800004,57.0
1780224763,5,,Aggregated,2.500000,0.000000,140,140,230,240,290,320,320,320,320,320,320,2443,0,870,1317.6220529623436,2.514954999924157,6146.937421000075,2777.5317232910356
1780224764,5,POST,/api/book,2.100000,0.000000,140,140,160,230,270,290,290,290,290,290,290,1924,0,1300,1659.750290192828,93.51172000003771,6146.937421000075,3381.456340956341
1780224764,5,GET,/api/concerts,0.000000,0.000000,3,3,4,4,4,4,4,4,4,4,4,365,0,15,50.824652531511575,2.514954999924157,1222.359064000102,753.0
1780224764,5,GET,/health,0.200000,0.000000,3,3,3,3,3,3,3,3,3,3,3,156,0,16,46.064056160263476,2.667802999894775,818.11841800004,57.0
1780224764,5,,Aggregated,2.300000,0.000000,140,140,140,160,240,270,290,290,290,290,290,2445,0,860,1316.603905630268,2.514954999924157,6146.937421000075,2776.956646216769
1780224765,5,POST,/api/book,2.100000,0.000000,140,140,160,230,270,290,290,290,290,290,290,1925,0,1300,1658.9597204883123,93.51172000003771,6146.937421000075,3381.462857142857
1780224765,5,GET,/api/concerts,0.100000,0.000000,3,3,4,4,4,4,4,4,4,4,4,365,0,15,50.824652531511575,2.514954999924157,1222.359064000102,753.0
1780224765,5,GET,/health,0.200000,0.000000,3,3,3,3,3,3,3,3,3,3,3,156,0,16,46.064056160263476,2.667802999894775,818.11841800004,57.0
1780224765,5,,Aggregated,2.400000,0.000000,140,140,140,160,240,270,290,290,290,290,290,2446,0,860,1316.1220167109586,2.514954999924157,6146.937421000075,2777.2089125102207
1780224766,5,POST,/api/book,2.100000,0.000000,140,140,140,140,240,290,290,290,290,290,290,1927,0,1300,1657.3842412169183,93.51172000003771,6146.937421000075,3381.463933575506
1780224766,5,GET,/api/concerts,0.100000,0.000000,3,3,4,4,4,4,4,4,4,4,4,366,0,15,50.69379910382959,2.514954999924157,1222.359064000102,753.0
1780224766,5,GET,/health,0.200000,0.000000,3,3,3,3,3,3,3,3,3,3,3,156,0,16,46.064056160263476,2.667802999894775,818.11841800004,57.0
1780224766,5,,Aggregated,2.400000,0.000000,140,140,140,140,160,240,290,290,290,290,290,2449,0,860,1314.6261151727258,2.514954999924157,6146.937421000075,2776.8766843609637
1780224767,5,POST,/api/book,1.900000,0.000000,140,140,140,140,140,160,160,160,160,160,160,1928,0,1300,1656.5956111120338,93.51172000003771,6146.937421000075,3381.4771784232366
1780224767,5,GET,/api/concerts,0.200000,0.000000,3,3,4,4,4,4,4,4,4,4,4,366,0,15,50.69379910382959,2.514954999924157,1222.359064000102,753.0
1780224767,5,GET,/health,0.200000,0.000000,3,3,3,3,3,3,3,3,3,3,3,156,0,16,46.064056160263476,2.667802999894775,818.11841800004,57.0
1780224767,5,,Aggregated,2.300000,0.000000,140,140,140,140,140,160,160,160,160,160,160,2450,0,860,1314.145412839594,2.514954999924157,6146.937421000075,2777.1338775510203
1780224768,5,POST,/api/book,1.900000,0.000000,140,140,140,160,240,250,250,250,250,250,250,1931,0,1300,1654.3665928658734,93.51172000003771,6146.937421000075,3381.4816157431383
1780224768,5,GET,/api/concerts,0.200000,0.000000,3,3,4,4,4,4,4,4,4,4,4,366,0,15,50.69379910382959,2.514954999924157,1222.359064000102,753.0
1780224768,5,GET,/health,0.100000,0.000000,3,3,3,3,3,3,3,3,3,3,3,156,0,16,46.064056160263476,2.667802999894775,818.11841800004,57.0
1780224768,5,,Aggregated,2.200000,0.000000,140,140,140,140,170,240,250,250,250,250,250,2453,0,850,1312.8095450701203,2.514954999924157,6146.937421000075,2777.8764777823076
1780224769,5,POST,/api/book,1.800000,0.000000,140,140,150,160,240,250,250,250,250,250,250,1933,0,1300,1652.7844728701505,93.51172000003771,6146.937421000075,3381.52871184687
1780224769,5,GET,/api/concerts,0.300000,0.000000,3,3,3,4,4,4,4,4,4,4,4,368,0,15,50.43420939402601,2.514954999924157,1222.359064000102,753.0
1780224769,5,GET,/health,0.100000,0.000000,3,3,3,3,3,3,3,3,3,3,3,156,0,16,46.064056160263476,2.667802999894775,818.11841800004,57.0
1780224769,5,,Aggregated,2.200000,0.000000,140,140,140,150,170,240,250,250,250,250,250,2457,0,850,1310.776625102159,2.514954999924157,6146.937421000075,2776.7566137566137
1780224771,5,POST,/api/book,1.600000,0.000000,140,140,160,160,240,250,250,250,250,250,250,1934,0,1300,1652.0029624777667,93.51172000003771,6146.937421000075,3381.536194415719
1780224771,5,GET,/api/concerts,0.300000,0.000000,3,3,3,4,4,4,4,4,4,4,4,368,0,15,50.43420939402601,2.514954999924157,1222.359064000102,753.0
1780224771,5,GET,/health,0.100000,0.000000,3,3,3,3,3,3,3,3,3,3,3,156,0,16,46.064056160263476,2.667802999894775,818.11841800004,57.0
1780224771,5,,Aggregated,2.000000,0.000000,140,140,140,150,170,240,250,250,250,250,250,2458,0,840,1310.3008589300264,2.514954999924157,6146.937421000075,2777.0085435313263
1780224772,5,POST,/api/book,1.700000,0.000000,140,140,150,170,240,250,250,250,250,250,250,1936,0,1300,1650.4407071854343,93.51172000003771,6146.937421000075,3381.5459710743803
1780224772,5,GET,/api/concerts,0.500000,0.000000,3,3,3,3,4,4,4,4,4,4,4,369,0,15,50.30658177507181,2.514954999924157,1222.359064000102,753.0
1780224772,5,GET,/health,0.100000,0.000000,3,3,3,3,3,3,3,3,3,3,3,156,0,16,46.064056160263476,2.667802999894775,818.11841800004,57.0
1780224772,5,,Aggregated,2.300000,0.000000,140,140,140,150,240,250,250,250,250,250,250,2461,0,840,1308.8185008317776,2.514954999924157,6146.937421000075,2776.6850873628605
1780224773,5,POST,/api/book,1.700000,0.000000,140,140,150,170,240,250,250,250,250,250,250,1938,0,1300,1648.8832098983492,93.51172000003771,6146.937421000075,3381.5515995872033
1780224773,5,GET,/api/concerts,0.500000,0.000000,3,3,3,3,3,3,3,3,3,3,3,369,0,15,50.30658177507181,2.514954999924157,1222.359064000102,753.0
1780224773,5,GET,/health,0.100000,0.000000,3,3,3,3,3,3,3,3,3,3,3,157,0,16,45.78900738854198,2.667802999894775,818.11841800004,57.0
1780224773,5,,Aggregated,2.300000,0.000000,140,140,140,140,170,240,250,250,250,250,250,2464,0,840,1307.340772572242,2.514954999924157,6146.937421000075,2776.0767045454545
1780224774,5,POST,/api/book,1.600000,0.000000,140,150,170,170,240,250,250,250,250,250,250,1940,0,1300,1647.3499107804125,93.51172000003771,6146.937421000075,3381.555670103093
1780224774,5,GET,/api/concerts,0.500000,0.000000,3,3,3,3,3,3,3,3,3,3,3,369,0,15,50.30658177507181,2.514954999924157,1222.359064000102,753.0
1780224774,5,GET,/health,0.000000,0.000000,3,3,3,3,3,3,3,3,3,3,3,157,0,16,45.78900738854198,2.667802999894775,818.11841800004,57.0
1780224774,5,,Aggregated,2.100000,0.000000,140,140,150,150,170,240,250,250,250,250,250,2466,0,840,1306.4115286897827,2.514954999924157,6146.937421000075,2776.57096512571
1780224775,5,POST,/api/book,1.700000,0.000000,140,170,170,240,270,320,320,320,320,320,320,1942,0,1300,1645.9543808506694,93.51172000003771,6146.937421000075,3381.55561277034
1780224775,5,GET,/api/concerts,0.600000,0.000000,3,3,3,3,3,3,3,3,3,3,3,370,0,15,50.17857642973391,2.514954999924157,1222.359064000102,753.0
1780224775,5,GET,/health,0.000000,0.000000,3,3,3,3,3,3,3,3,3,3,3,157,0,16,45.78900738854198,2.667802999894775,818.11841800004,57.0
1780224775,5,,Aggregated,2.300000,0.000000,140,150,170,170,250,270,320,320,320,320,320,2469,0,830,1305.0621122118282,2.514954999924157,6146.937421000075,2776.2413932766303
1780224776,5,POST,/api/book,1.700000,0.000000,150,170,240,250,270,320,320,320,320,320,320,1942,0,1300,1645.9543808506694,93.51172000003771,6146.937421000075,3381.55561277034
1780224776,5,GET,/api/concerts,0.600000,0.000000,3,3,3,3,3,3,3,3,3,3,3,370,0,15,50.17857642973391,2.514954999924157,1222.359064000102,753.0
1780224776,5,GET,/health,0.000000,0.000000,3,3,3,3,3,3,3,3,3,3,3,157,0,16,45.78900738854198,2.667802999894775,818.11841800004,57.0
1780224776,5,,Aggregated,2.300000,0.000000,140,150,170,240,270,320,320,320,320,320,320,2469,0,830,1305.0621122118282,2.514954999924157,6146.937421000075,2776.2413932766303
1780224777,5,POST,/api/book,1.700000,0.000000,150,170,170,240,270,320,320,320,320,320,320,1945,0,1300,1643.6086798056556,93.51172000003771,6146.937421000075,3381.5588688946013
1780224777,5,GET,/api/concerts,0.500000,0.000000,3,3,3,3,3,3,3,3,3,3,3,370,0,15,50.17857642973391,2.514954999924157,1222.359064000102,753.0
1780224777,5,GET,/health,0.100000,0.000000,3,3,3,3,3,3,3,3,3,3,3,157,0,16,45.78900738854198,2.667802999894775,818.11841800004,57.0
1780224777,5,,Aggregated,2.300000,0.000000,140,150,170,170,250,270,320,320,320,320,320,2472,0,830,1303.6301899923155,2.514954999924157,6146.937421000075,2776.9785598705503
1780224778,5,POST,/api/book,1.800000,0.000000,140,150,150,150,270,320,320,320,320,320,320,1948,0,1300,1641.293231158111,93.51172000003771,6146.937421000075,3381.5251540041068
1780224778,5,GET,/api/concerts,0.500000,0.000000,3,3,3,3,3,3,3,3,3,3,3,370,0,15,50.17857642973391,2.514954999924157,1222.359064000102,753.0
1780224778,5,GET,/health,0.100000,0.000000,3,3,3,3,3,3,3,3,3,3,3,157,0,16,45.78900738854198,2.667802999894775,818.11841800004,57.0
1780224778,5,,Aggregated,2.400000,0.000000,140,140,150,150,170,270,320,320,320,320,320,2475,0,830,1302.2198633272742,2.514954999924157,6146.937421000075,2777.6848484848483
1780224779,5,POST,/api/book,1.700000,0.000000,140,140,150,170,270,320,320,320,320,320,320,1948,0,1300,1641.293231158111,93.51172000003771,6146.937421000075,3381.5251540041068
1780224779,5,GET,/api/concerts,0.500000,0.000000,3,3,3,3,3,3,3,3,3,3,3,373,0,14,49.80026831367708,2.514954999924157,1222.359064000102,753.0
1780224779,5,GET,/health,0.100000,0.000000,3,3,3,3,3,3,3,3,3,3,3,157,0,16,45.78900738854198,2.667802999894775,818.11841800004,57.0
1780224779,5,,Aggregated,2.300000,0.000000,140,140,140,150,170,270,320,320,320,320,320,2478,0,830,1300.6471301602114,2.514954999924157,6146.937421000075,2775.233656174334
1780224780,5,POST,/api/book,1.800000,0.000000,140,140,150,170,270,320,320,320,320,320,320,1949,0,1300,1640.5194719368908,93.51172000003771,6146.937421000075,3381.5305284761416
1780224780,5,GET,/api/concerts,0.400000,0.000000,3,3,3,3,3,3,3,3,3,3,3,373,0,14,49.80026831367708,2.514954999924157,1222.359064000102,753.0
1780224780,5,GET,/health,0.100000,0.000000,3,3,3,3,3,3,3,3,3,3,3,157,0,16,45.78900738854198,2.667802999894775,818.11841800004,57.0
1780224780,5,,Aggregated,2.300000,0.000000,140,140,140,150,170,270,320,320,320,320,320,2479,0,830,1300.1762101839468,2.514954999924157,6146.937421000075,2775.4824526018556
1780224781,5,POST,/api/book,2.000000,0.000000,140,150,150,170,300,320,320,320,320,320,320,1952,0,1300,1638.2965339154714,93.51172000003771,6146.937421000075,3381.53381147541
1780224781,5,GET,/api/concerts,0.400000,0.000000,3,3,3,3,3,3,3,3,3,3,3,373,0,14,49.80026831367708,2.514954999924157,1222.359064000102,753.0
1780224781,5,GET,/health,0.100000,0.000000,3,3,3,3,3,3,3,3,3,3,3,157,0,16,45.78900738854198,2.667802999894775,818.11841800004,57.0
1780224781,5,,Aggregated,2.500000,0.000000,140,140,150,150,270,300,320,320,320,320,320,2482,0,820,1298.8393265286074,2.514954999924157,6146.937421000075,2776.2175664786464
1780224782,5,POST,/api/book,1.700000,0.000000,150,170,270,270,320,320,320,320,320,320,320,1954,0,1300,1636.8726355214944,93.51172000003771,6146.937421000075,3381.5271238485157
1780224782,5,GET,/api/concerts,0.700000,0.000000,3,3,3,47,47,47,47,47,47,47,47,374,0,14,49.79246833690214,2.514954999924157,1222.359064000102,753.0
1780224782,5,GET,/health,0.100000,0.000000,3,3,3,3,3,3,3,3,3,3,3,157,0,16,45.78900738854198,2.667802999894775,818.11841800004,57.0
1780224782,5,,Aggregated,2.500000,0.000000,140,150,170,170,300,320,320,320,320,320,320,2485,0,820,1297.4890893871243,2.514954999924157,6146.937421000075,2775.8853118712273
1780224783,5,POST,/api/book,1.600000,0.000000,140,170,270,300,320,320,320,320,320,320,320,1954,0,1300,1636.8726355214944,93.51172000003771,6146.937421000075,3381.5271238485157
1780224783,5,GET,/api/concerts,0.500000,0.000000,3,3,3,47,47,47,47,47,47,47,47,374,0,14,49.79246833690214,2.514954999924157,1222.359064000102,753.0
1780224783,5,GET,/health,0.100000,0.000000,11,11,11,11,11,11,11,11,11,11,11,158,0,14,45.565885126589805,2.667802999894775,818.11841800004,57.0
1780224783,5,,Aggregated,2.200000,0.000000,140,140,170,270,320,320,320,320,320,320,320,2486,0,820,1296.9714090172984,2.514954999924157,6146.937421000075,2774.7916331456154
1780224784,5,POST,/api/book,1.800000,0.000000,140,260,270,290,320,320,320,320,320,320,320,1957,0,1300,1634.7154626044967,93.51172000003771,6146.937421000075,3381.4823709759835
1780224784,5,GET,/api/concerts,0.500000,0.000000,3,3,3,3,47,47,47,47,47,47,47,375,0,14,49.66719045067048,2.514954999924157,1222.359064000102,753.0
1780224784,5,GET,/health,0.100000,0.000000,11,11,11,11,11,11,11,11,11,11,11,158,0,14,45.565885126589805,2.667802999894775,818.11841800004,57.0
1780224784,5,,Aggregated,2.400000,0.000000,140,140,260,270,300,320,320,320,320,320,320,2490,0,820,1295.1657697132546,2.514954999924157,6146.937421000075,2774.6755020080323
1780224785,5,POST,/api/book,1.900000,0.000000,140,150,260,290,300,320,320,320,320,320,320,1957,0,1300,1634.7154626044967,93.51172000003771,6146.937421000075,3381.4823709759835
1780224785,5,GET,/api/concerts,0.500000,0.000000,3,3,3,3,47,47,47,47,47,47,47,377,0,14,49.42049248010975,2.514954999924157,1222.359064000102,753.0
1780224785,5,GET,/health,0.100000,0.000000,11,11,11,11,11,11,11,11,11,11,11,158,0,14,45.565885126589805,2.667802999894775,818.11841800004,57.0
1780224785,5,,Aggregated,2.500000,0.000000,130,140,150,170,290,300,320,320,320,320,320,2492,0,820,1294.1288506548972,2.514954999924157,6146.937421000075,2773.052969502408
1780224786,5,POST,/api/book,1.600000,0.000000,140,170,260,290,300,320,320,320,320,320,320,1959,0,1300,1633.1809031893822,93.51172000003771,6146.937421000075,3381.4282797345586
1780224786,5,GET,/api/concerts,0.500000,0.000000,3,3,3,3,47,47,47,47,47,47,47,377,0,14,49.42049248010975,2.514954999924157,1222.359064000102,753.0
1780224786,5,GET,/health,0.100000,0.000000,11,11,11,11,11,11,11,11,11,11,11,158,0,14,45.565885126589805,2.667802999894775,818.11841800004,57.0
1780224786,5,,Aggregated,2.200000,0.000000,140,140,150,170,290,300,320,320,320,320,320,2494,0,820,1293.1966017894963,2.514954999924157,6146.937421000075,2773.498396150762
1780224787,5,POST,/api/book,1.500000,0.000000,140,150,170,260,300,320,320,320,320,320,320,1962,0,1300,1630.8963762844035,93.51172000003771,6146.937421000075,3381.4322120285424
1780224787,5,GET,/api/concerts,0.700000,0.000000,3,3,47,47,48,48,48,48,48,48,48,378,0,14,49.41688533598203,2.514954999924157,1222.359064000102,753.0
1780224787,5,GET,/health,0.100000,0.000000,11,11,11,11,11,11,11,11,11,11,11,158,0,14,45.565885126589805,2.667802999894775,818.11841800004,57.0
1780224787,5,,Aggregated,2.300000,0.000000,130,140,150,170,290,300,320,320,320,320,320,2498,0,810,1291.3121228090486,2.514954999924157,6146.937421000075,2773.4227381905525
1780224788,5,POST,/api/book,1.500000,0.000000,140,150,260,260,300,320,320,320,320,320,320,1964,0,1300,1629.3795342449082,93.51172000003771,6146.937421000075,3381.4170061099794
1780224788,5,GET,/api/concerts,0.700000,0.000000,3,3,47,47,48,48,48,48,48,48,48,378,0,14,49.41688533598203,2.514954999924157,1222.359064000102,753.0
1780224788,5,GET,/health,0.100000,0.000000,11,11,11,11,11,11,11,11,11,11,11,158,0,14,45.565885126589805,2.667802999894775,818.11841800004,57.0
1780224788,5,,Aggregated,2.300000,0.000000,140,140,150,170,290,300,320,320,320,320,320,2500,0,810,1290.3921591056014,2.514954999924157,6146.937421000075,2773.8972
1780224789,5,POST,/api/book,1.700000,0.000000,140,150,260,260,300,320,320,320,320,320,320,1965,0,1300,1628.6206621465647,93.51172000003771,6146.937421000075,3381.412213740458
1780224789,5,GET,/api/concerts,0.700000,0.000000,3,47,47,48,48,48,48,48,48,48,48,378,0,14,49.41688533598203,2.514954999924157,1222.359064000102,753.0
1780224789,5,GET,/health,0.100000,0.000000,11,11,11,11,11,11,11,11,11,11,11,158,0,14,45.565885126589805,2.667802999894775,818.11841800004,57.0
1780224789,5,,Aggregated,2.500000,0.000000,140,140,150,170,290,300,320,320,320,320,320,2501,0,810,1289.9314648640557,2.514954999924157,6146.937421000075,2774.1363454618154
1780224790,5,POST,/api/book,1.500000,0.000000,140,140,170,260,290,320,320,320,320,320,320,1967,0,1300,1627.1061971123536,93.51172000003771,6146.937421000075,3381.413319776309
1780224790,5,GET,/api/concerts,0.700000,0.000000,3,47,47,48,48,48,48,48,48,48,48,378,0,14,49.41688533598203,2.514954999924157,1222.359064000102,753.0
1780224790,5,GET,/health,0.100000,0.000000,11,11,11,11,11,11,11,11,11,11,11,158,0,14,45.565885126589805,2.667802999894775,818.11841800004,57.0
1780224790,5,,Aggregated,2.300000,0.000000,140,140,140,150,260,290,320,320,320,320,320,2503,0,810,1289.011938564524,2.514954999924157,6146.937421000075,2774.6224530563322
1780224791,5,POST,/api/book,1.600000,0.000000,140,150,150,170,290,320,320,320,320,320,320,1969,0,1300,1625.6011066922292,93.51172000003771,6146.937421000075,3381.4225495175215
1780224791,5,GET,/api/concerts,0.800000,0.000000,20,20,47,47,48,48,48,48,48,48,48,379,0,14,49.33804855937043,2.514954999924157,1222.359064000102,753.0
1780224791,5,GET,/health,0.100000,0.000000,11,11,11,11,11,11,11,11,11,11,11,158,0,14,45.565885126589805,2.667802999894775,818.11841800004,57.0
1780224791,5,,Aggregated,2.500000,0.000000,140,140,140,140,150,260,290,290,290,290,290,2506,0,810,1287.592621440943,2.514954999924157,6146.937421000075,2774.3072625698323
1780224792,5,POST,/api/book,1.700000,0.000000,140,140,150,150,260,290,290,290,290,290,290,1970,0,1300,1624.8481625568525,93.51172000003771,6146.937421000075,3381.4187817258885
1780224792,5,GET,/api/concerts,0.500000,0.000000,3,20,20,48,48,48,48,48,48,48,48,379,0,14,49.33804855937043,2.514954999924157,1222.359064000102,753.0
1780224792,5,GET,/health,0.100000,0.000000,11,11,11,11,11,11,11,11,11,11,11,158,0,14,45.565885126589805,2.667802999894775,818.11841800004,57.0
1780224792,5,,Aggregated,2.300000,0.000000,140,140,140,140,150,260,290,290,290,290,290,2507,0,810,1287.1357840011979,2.514954999924157,6146.937421000075,2774.546469884324
1780224793,5,POST,/api/book,1.800000,0.000000,140,140,150,230,270,290,290,290,290,290,290,1974,0,1300,1621.9491820233025,93.51172000003771,6146.937421000075,3381.4579533941237
1780224793,5,GET,/api/concerts,0.500000,0.000000,20,20,48,48,48,48,48,48,48,48,48,379,0,14,49.33804855937043,2.514954999924157,1222.359064000102,753.0
1780224793,5,GET,/health,0.100000,0.000000,11,11,11,11,11,11,11,11,11,11,11,158,0,14,45.565885126589805,2.667802999894775,818.11841800004,57.0
1780224793,5,,Aggregated,2.400000,0.000000,140,140,140,140,150,230,270,270,270,270,270,2511,0,800,1285.3947493301487,2.514954999924157,6146.937421000075,2775.5440063719634
1780224794,5,POST,/api/book,1.700000,0.000000,140,140,140,150,230,270,270,270,270,270,270,1975,0,1300,1621.2000621736704,93.51172000003771,6146.937421000075,3381.452151898734
1780224794,5,GET,/api/concerts,0.600000,0.000000,20,20,48,48,48,48,48,48,48,48,48,379,0,14,49.33804855937043,2.514954999924157,1222.359064000102,753.0
1780224794,5,GET,/health,0.100000,0.000000,11,11,11,11,11,11,11,11,11,11,11,158,0,14,45.565885126589805,2.667802999894775,818.11841800004,57.0
1780224794,5,,Aggregated,2.400000,0.000000,140,140,140,150,230,270,270,270,270,270,270,2512,0,800,1284.9397504168007,2.514954999924157,6146.937421000075,2775.7806528662422
1780224795,5,POST,/api/book,1.600000,0.000000,140,140,140,140,230,270,270,270,270,270,270,1977,0,1300,1619.6990082255938,93.51172000003771,6146.937421000075,3381.446636317653
1780224795,5,GET,/api/concerts,0.500000,0.000000,48,48,48,48,48,48,48,48,48,48,48,379,0,14,49.33804855937043,2.514954999924157,1222.359064000102,753.0
1780224795,5,GET,/health,0.100000,0.000000,11,11,11,11,11,11,11,11,11,11,11,158,0,14,45.565885126589805,2.667802999894775,818.11841800004,57.0
1780224795,5,,Aggregated,2.200000,0.000000,140,140,140,140,230,270,270,270,270,270,270,2514,0,800,1284.0268375163098,2.514954999924157,6146.937421000075,2776.25815433572
1780224796,5,POST,/api/book,2.000000,0.000000,140,140,140,140,230,270,270,270,270,270,270,1978,0,1200,1618.9521654019206,93.51172000003771,6146.937421000075,3381.4590495449947
1780224796,5,GET,/api/concerts,0.500000,0.000000,48,48,48,48,48,48,48,48,48,48,48,379,0,14,49.33804855937043,2.514954999924157,1222.359064000102,753.0
1780224796,5,GET,/health,0.000000,0.000000,11,11,11,11,11,11,11,11,11,11,11,159,0,14,45.297751477996194,2.667802999894775,818.11841800004,57.0
1780224796,5,,Aggregated,2.500000,0.000000,140,140,140,140,150,230,270,270,270,270,270,2516,0,800,1283.063929274246,2.514954999924157,6146.937421000075,2775.4276629570745
1780224797,5,POST,/api/book,1.800000,0.000000,140,140,140,150,230,270,270,270,270,270,270,1982,0,1200,1615.9918374006052,93.51172000003771,6146.937421000075,3381.4899091826437
1780224797,5,GET,/api/concerts,0.400000,0.000000,48,48,48,48,48,48,48,48,48,48,48,379,0,14,49.33804855937043,2.514954999924157,1222.359064000102,753.0
1780224797,5,GET,/health,0.000000,0.000000,11,11,11,11,11,11,11,11,11,11,11,159,0,14,45.297751477996194,2.667802999894775,818.11841800004,57.0
1780224797,5,,Aggregated,2.200000,0.000000,140,140,140,150,230,270,270,270,270,270,270,2520,0,800,1281.268763736906,2.514954999924157,6146.937421000075,2776.413888888889
1780224798,5,POST,/api/book,2.000000,0.000000,140,140,140,150,230,270,270,270,270,270,270,1984,0,1200,1614.505314804435,93.51172000003771,6146.937421000075,3381.5055443548385
1780224798,5,GET,/api/concerts,0.200000,0.000000,20,20,20,20,20,20,20,20,20,20,20,379,0,14,49.33804855937043,2.514954999924157,1222.359064000102,753.0
1780224798,5,GET,/health,0.000000,0.000000,3,3,3,3,3,3,3,3,3,3,3,159,0,14,45.297751477996194,2.667802999894775,818.11841800004,57.0
1780224798,5,,Aggregated,2.200000,0.000000,140,140,140,140,180,230,270,270,270,270,270,2522,0,800,1280.3647928076937,2.514954999924157,6146.937421000075,2776.906026962728
1780224799,5,POST,/api/book,1.900000,0.000000,140,140,140,150,230,270,270,270,270,270,270,1986,0,1200,1613.0199672099695,93.51172000003771,6146.937421000075,3381.4914400805637
1780224799,5,GET,/api/concerts,0.200000,0.000000,20,20,20,20,20,20,20,20,20,20,20,379,0,14,49.33804855937043,2.514954999924157,1222.359064000102,753.0
1780224799,5,GET,/health,0.100000,0.000000,3,3,3,3,3,3,3,3,3,3,3,159,0,14,45.297751477996194,2.667802999894775,818.11841800004,57.0
1780224799,5,,Aggregated,2.200000,0.000000,140,140,140,140,180,230,270,270,270,270,270,2524,0,800,1279.4608232044388,2.514954999924157,6146.937421000075,2777.3740095087164
1780224800,5,POST,/api/book,2.200000,0.000000,140,140,140,140,230,270,270,270,270,270,270,1988,0,1200,1611.5172277585511,93.51172000003771,6146.937421000075,3381.4547283702213
1780224800,5,GET,/api/concerts,0.200000,0.000000,20,20,20,20,20,20,20,20,20,20,20,379,0,14,49.33804855937043,2.514954999924157,1222.359064000102,753.0
1780224800,5,GET,/health,0.100000,0.000000,3,3,3,3,3,3,3,3,3,3,3,160,0,13,45.03199821875867,2.667802999894775,818.11841800004,57.0
1780224800,5,,Aggregated,2.500000,0.000000,140,140,140,140,180,230,270,270,270,270,270,2527,0,800,1278.037391730512,2.514954999924157,6146.937421000075,2776.7467352592007
1780224801,5,POST,/api/book,2.000000,0.000000,140,140,140,140,230,270,270,270,270,270,270,1990,0,1200,1610.0321262537686,93.51172000003771,6146.937421000075,3381.4331658291458
1780224801,5,GET,/api/concerts,0.100000,0.000000,20,20,20,20,20,20,20,20,20,20,20,379,0,14,49.33804855937043,2.514954999924157,1222.359064000102,753.0
1780224801,5,GET,/health,0.100000,0.000000,3,3,3,3,3,3,3,3,3,3,3,160,0,13,45.03199821875867,2.667802999894775,818.11841800004,57.0
1780224801,5,,Aggregated,2.200000,0.000000,140,140,140,140,180,230,270,270,270,270,270,2529,0,800,1277.1325311838687,2.514954999924157,6146.937421000075,2777.2079873467774
1780224802,5,POST,/api/book,2.100000,0.000000,140,140,140,140,140,180,180,180,180,180,180,1994,0,1200,1607.0782874944834,93.51172000003771,6146.937421000075,3381.4077231695087
1780224802,5,GET,/api/concerts,0.100000,0.000000,20,20,20,20,20,20,20,20,20,20,20,379,0,14,49.33804855937043,2.514954999924157,1222.359064000102,753.0
1780224802,5,GET,/health,0.100000,0.000000,3,3,3,3,3,3,3,3,3,3,3,160,0,13,45.03199821875867,2.667802999894775,818.11841800004,57.0
1780224802,5,,Aggregated,2.300000,0.000000,140,140,140,140,140,140,180,180,180,180,180,2533,0,790,1275.3329433016204,2.514954999924157,6146.937421000075,2778.1421239636793
1780224803,5,POST,/api/book,2.100000,0.000000,140,140,140,140,140,140,180,180,180,180,180,1997,0,1200,1604.8707321101654,93.51172000003771,6146.937421000075,3381.400100150225
1780224803,5,GET,/api/concerts,0.000000,0.000000,20,20,20,20,20,20,20,20,20,20,20,379,0,14,49.33804855937043,2.514954999924157,1222.359064000102,753.0
1780224803,5,GET,/health,0.200000,0.000000,3,3,3,3,3,3,3,3,3,3,3,160,0,13,45.03199821875867,2.667802999894775,818.11841800004,57.0
1780224803,5,,Aggregated,2.300000,0.000000,140,140,140,140,140,140,180,180,180,180,180,2536,0,790,1273.9870237156956,2.514954999924157,6146.937421000075,2778.84976340694
1780224804,5,POST,/api/book,2.400000,0.000000,140,140,140,140,140,140,180,180,180,180,180,1998,0,1200,1604.1393502262263,93.51172000003771,6146.937421000075,3381.407907907908
1780224804,5,GET,/api/concerts,0.000000,0.000000,20,20,20,20,20,20,20,20,20,20,20,380,0,14,49.21570652631936,2.514954999924157,1222.359064000102,753.0
1780224804,5,GET,/health,0.200000,0.000000,3,3,3,3,3,3,3,3,3,3,3,161,0,13,44.76985142858096,2.667802999894775,818.11841800004,57.0
1780224804,5,,Aggregated,2.600000,0.000000,140,140,140,140,140,140,180,180,180,180,180,2539,0,790,1272.5405026829478,2.514954999924157,6146.937421000075,2777.2233162662465
1780224805,5,POST,/api/book,2.400000,0.000000,140,140,140,140,140,140,180,180,180,180,180,1999,0,1200,1603.4065464347175,93.51172000003771,6146.937421000075,3381.440220110055
1780224805,5,GET,/api/concerts,0.000000,0.000000,20,20,20,20,20,20,20,20,20,20,20,380,0,14,49.21570652631936,2.514954999924157,1222.359064000102,753.0
1780224805,5,GET,/health,0.200000,0.000000,3,3,3,3,3,3,3,3,3,3,3,161,0,13,44.76985142858096,2.667802999894775,818.11841800004,57.0
1780224805,5,,Aggregated,2.600000,0.000000,140,140,140,140,140,140,180,180,180,180,180,2540,0,780,1272.094331056301,2.514954999924157,6146.937421000075,2777.486614173228
1780224806,5,POST,/api/book,2.200000,0.000000,140,140,140,140,140,160,160,160,160,160,160,2000,0,1200,1602.6838336615,93.51172000003771,6146.937421000075,3381.4385
1780224806,5,GET,/api/concerts,0.000000,0.000000,3,3,3,3,3,3,3,3,3,3,3,381,0,14,49.09457011811368,2.514954999924157,1222.359064000102,753.0
1780224806,5,GET,/health,0.200000,0.000000,3,3,3,3,3,3,3,3,3,3,3,162,0,13,44.51112388889801,2.667802999894775,818.11841800004,57.0
1780224806,5,,Aggregated,2.400000,0.000000,140,140,140,140,140,140,160,160,160,160,160,2543,0,780,1270.6580812457746,2.514954999924157,6146.937421000075,2775.8568619740463
1780224807,5,POST,/api/book,2.200000,0.000000,140,140,140,140,140,160,160,160,160,160,160,2002,0,1200,1601.2235840789212,93.51172000003771,6146.937421000075,3381.434065934066
1780224807,5,GET,/api/concerts,0.100000,0.000000,3,3,3,3,3,3,3,3,3,3,3,381,0,14,49.09457011811368,2.514954999924157,1222.359064000102,753.0
1780224807,5,GET,/health,0.300000,0.000000,3,3,3,3,3,3,3,3,3,3,3,162,0,13,44.51112388889801,2.667802999894775,818.11841800004,57.0
1780224807,5,,Aggregated,2.600000,0.000000,140,140,140,140,140,140,160,160,160,160,160,2545,0,780,1269.7703137960725,2.514954999924157,6146.937421000075,2776.329273084479
1780224808,5,POST,/api/book,2.200000,0.000000,140,140,140,140,140,160,160,160,160,160,160,2003,0,1200,1600.4933410768847,93.51172000003771,6146.937421000075,3381.4328507239143
1780224808,5,GET,/api/concerts,0.200000,0.000000,3,3,3,3,3,3,3,3,3,3,3,381,0,14,49.09457011811368,2.514954999924157,1222.359064000102,753.0
1780224808,5,GET,/health,0.300000,0.000000,3,3,3,3,3,3,3,3,3,3,3,162,0,13,44.51112388889801,2.667802999894775,818.11841800004,57.0
1780224808,5,,Aggregated,2.700000,0.000000,140,140,140,140,140,140,160,160,160,160,160,2546,0,780,1269.3259997886898,2.514954999924157,6146.937421000075,2776.565985860173
1780224809,5,POST,/api/book,2.200000,0.000000,140,140,140,140,140,160,160,160,160,160,160,2006,0,1200,1598.307182920738,93.51172000003771,6146.937421000075,3381.4396809571285
1780224809,5,GET,/api/concerts,0.200000,0.000000,3,3,3,3,3,3,3,3,3,3,3,381,0,14,49.09457011811368,2.514954999924157,1222.359064000102,753.0
1780224809,5,GET,/health,0.300000,0.000000,3,3,3,3,3,3,3,3,3,3,3,163,0,13,44.25641744786178,2.667802999894775,818.11841800004,57.0
1780224809,5,,Aggregated,2.700000,0.000000,140,140,140,140,140,140,160,160,160,160,160,2550,0,770,1267.4992298815705,2.514954999924157,6146.937421000075,2776.216470588235
1780224810,5,POST,/api/book,2.000000,0.000000,140,140,140,140,140,160,160,160,160,160,160,2009,0,1200,1596.1219895963166,93.51172000003771,6146.937421000075,3381.4449975111997
1780224810,5,GET,/api/concerts,0.200000,0.000000,3,3,3,3,3,3,3,3,3,3,3,381,0,14,49.09457011811368,2.514954999924157,1222.359064000102,753.0
1780224810,5,GET,/health,0.300000,0.000000,3,3,3,3,3,3,3,3,3,3,3,163,0,13,44.25641744786178,2.667802999894775,818.11841800004,57.0
1780224810,5,,Aggregated,2.500000,0.000000,140,140,140,140,140,140,160,160,160,160,160,2553,0,770,1266.1683918362728,2.514954999924157,6146.937421000075,2776.9318448883664
1780224811,5,POST,/api/book,2.000000,0.000000,140,140,140,140,140,160,160,160,160,160,160,2009,0,1200,1596.1219895963166,93.51172000003771,6146.937421000075,3381.4449975111997
1780224811,5,GET,/api/concerts,0.200000,0.000000,3,3,3,3,3,3,3,3,3,3,3,381,0,14,49.09457011811368,2.514954999924157,1222.359064000102,753.0
1780224811,5,GET,/health,0.300000,0.000000,3,3,3,3,3,3,3,3,3,3,3,163,0,13,44.25641744786178,2.667802999894775,818.11841800004,57.0
1780224811,5,,Aggregated,2.500000,0.000000,140,140,140,140,140,160,160,160,160,160,160,2553,0,770,1266.1683918362728,2.514954999924157,6146.937421000075,2776.9318448883664
1780224812,5,POST,/api/book,2.100000,0.000000,140,140,140,140,140,160,160,160,160,160,160,2013,0,1200,1593.213224739692,93.51172000003771,6146.937421000075,3381.441132637854
1780224812,5,GET,/api/concerts,0.200000,0.000000,3,3,3,3,3,3,3,3,3,3,3,382,0,14,48.97404750000334,2.514954999924157,1222.359064000102,753.0
1780224812,5,GET,/health,0.300000,0.000000,3,3,3,3,3,3,3,3,3,3,3,163,0,13,44.25641744786178,2.667802999894775,818.11841800004,57.0
1780224812,5,,Aggregated,2.600000,0.000000,140,140,140,140,140,140,160,160,160,160,160,2558,0,760,1263.9015260320582,2.514954999924157,6146.937421000075,2777.08287724785
1780224813,5,POST,/api/book,2.100000,0.000000,140,140,140,140,140,160,160,160,160,160,160,2015,0,1200,1591.763986311166,93.51172000003771,6146.937421000075,3381.4292803970225
1780224813,5,GET,/api/concerts,0.200000,0.000000,3,3,3,3,3,3,3,3,3,3,3,382,0,14,48.97404750000334,2.514954999924157,1222.359064000102,753.0
1780224813,5,GET,/health,0.300000,0.000000,3,3,3,3,3,3,3,3,3,3,3,163,0,13,44.25641744786178,2.667802999894775,818.11841800004,57.0
1780224813,5,,Aggregated,2.600000,0.000000,140,140,140,140,140,140,160,160,160,160,160,2560,0,760,1263.0180916429704,2.514954999924157,6146.937421000075,2777.545703125
1780224814,5,POST,/api/book,1.900000,0.000000,140,140,140,140,140,160,160,160,160,160,160,2016,0,1200,1591.0426245565475,93.51172000003771,6146.937421000075,3381.4429563492063
1780224814,5,GET,/api/concerts,0.200000,0.000000,3,3,3,3,3,3,3,3,3,3,3,383,0,14,48.85394342297943,2.514954999924157,1222.359064000102,753.0
1780224814,5,GET,/health,0.300000,0.000000,3,3,3,3,3,3,3,3,3,3,3,163,0,13,44.25641744786178,2.667802999894775,818.11841800004,57.0
1780224814,5,,Aggregated,2.400000,0.000000,140,140,140,140,140,140,160,160,160,160,160,2562,0,760,1262.086958423499,2.514954999924157,6146.937421000075,2777.001951600312
1780224815,5,POST,/api/book,1.800000,0.000000,140,140,140,140,140,140,140,140,140,140,140,2019,0,1200,1588.8821772798415,93.51172000003771,6146.937421000075,3381.464586428925
1780224815,5,GET,/api/concerts,0.300000,0.000000,3,3,3,3,3,3,3,3,3,3,3,383,0,14,48.85394342297943,2.514954999924157,1222.359064000102,753.0
1780224815,5,GET,/health,0.300000,0.000000,3,3,3,3,3,3,3,3,3,3,3,163,0,13,44.25641744786178,2.667802999894775,818.11841800004,57.0
1780224815,5,,Aggregated,2.400000,0.000000,140,140,140,140,140,140,140,140,140,140,140,2565,0,760,1260.771139299417,2.514954999924157,6146.937421000075,2777.725925925926
1780224816,5,POST,/api/book,1.900000,0.000000,140,140,140,140,140,140,140,140,140,140,140,2020,0,1200,1588.158987631188,93.51172000003771,6146.937421000075,3381.4688118811882
1780224816,5,GET,/api/concerts,0.300000,0.000000,3,3,3,3,3,3,3,3,3,3,3,383,0,14,48.85394342297943,2.514954999924157,1222.359064000102,753.0
1780224816,5,GET,/health,0.300000,0.000000,3,3,3,3,3,3,3,3,3,3,3,163,0,13,44.25641744786178,2.667802999894775,818.11841800004,57.0
1780224816,5,,Aggregated,2.500000,0.000000,140,140,140,140,140,140,140,140,140,140,140,2566,0,750,1260.3297004637584,2.514954999924157,6146.937421000075,2777.96453624318
1780224817,5,POST,/api/book,1.900000,0.000000,140,140,140,140,160,160,180,180,180,180,180,2024,0,1200,1585.3380364876482,93.51172000003771,6146.937421000075,3381.4510869565215
1780224817,5,GET,/api/concerts,0.300000,0.000000,3,3,3,3,3,3,3,3,3,3,3,383,0,14,48.85394342297943,2.514954999924157,1222.359064000102,753.0
1780224817,5,GET,/health,0.200000,0.000000,3,3,3,3,3,3,3,3,3,3,3,163,0,13,44.25641744786178,2.667802999894775,818.11841800004,57.0
1780224817,5,,Aggregated,2.400000,0.000000,140,140,140,140,160,160,180,180,180,180,180,2570,0,750,1258.618304368095,2.514954999924157,6146.937421000075,2778.8898832684827
1780224818,5,POST,/api/book,2.000000,0.000000,140,140,140,140,160,180,180,180,180,180,180,2025,0,1200,1584.624140985185,93.51172000003771,6146.937421000075,3381.447901234568
1780224818,5,GET,/api/concerts,0.300000,0.000000,3,3,3,3,3,3,3,3,3,3,3,383,0,14,48.85394342297943,2.514954999924157,1222.359064000102,753.0
1780224818,5,GET,/health,0.200000,0.000000,3,3,3,3,3,3,3,3,3,3,3,164,0,12,44.007083993911586,2.667802999894775,818.11841800004,57.0
1780224818,5,,Aggregated,2.500000,0.000000,140,140,140,140,160,160,180,180,180,180,180,2572,0,750,1257.695220684683,2.514954999924157,6146.937421000075,2778.063374805599
1780224819,5,POST,/api/book,2.000000,0.000000,140,140,140,140,160,180,180,180,180,180,180,2025,0,1200,1584.624140985185,93.51172000003771,6146.937421000075,3381.447901234568
1780224819,5,GET,/api/concerts,0.200000,0.000000,3,3,3,3,3,3,3,3,3,3,3,384,0,13,48.73473829166974,2.514954999924157,1222.359064000102,753.0
1780224819,5,GET,/health,0.100000,0.000000,3,3,3,3,3,3,3,3,3,3,3,165,0,12,43.75778997576673,2.667802999894775,818.11841800004,57.0
1780224819,5,,Aggregated,2.300000,0.000000,140,140,140,140,160,160,180,180,180,180,180,2574,0,750,1256.7203031643373,2.514954999924157,6146.937421000075,2776.2195027195025
1780224820,5,POST,/api/book,2.200000,0.000000,140,140,140,140,160,180,180,180,180,180,180,2028,0,1200,1582.4860959694277,93.51172000003771,6146.937421000075,3381.4704142011833
1780224820,5,GET,/api/concerts,0.200000,0.000000,3,3,3,3,3,3,3,3,3,3,3,384,0,13,48.73473829166974,2.514954999924157,1222.359064000102,753.0
1780224820,5,GET,/health,0.100000,0.000000,3,3,3,3,3,3,3,3,3,3,3,165,0,12,43.75778997576673,2.667802999894775,818.11841800004,57.0
1780224820,5,,Aggregated,2.500000,0.000000,140,140,140,140,160,160,180,180,180,180,180,2577,0,740,1255.4194712751278,2.514954999924157,6146.937421000075,2776.941792782305
1780224821,5,POST,/api/book,2.300000,0.000000,140,140,140,140,160,180,180,180,180,180,180,2031,0,1200,1580.3537648921708,93.51172000003771,6146.937421000075,3381.4446085672084
1780224821,5,GET,/api/concerts,0.200000,0.000000,3,3,3,3,3,3,3,3,3,3,3,384,0,13,48.73473829166974,2.514954999924157,1222.359064000102,753.0
1780224821,5,GET,/health,0.200000,0.000000,3,3,3,3,3,3,3,3,3,3,3,165,0,12,43.75778997576673,2.667802999894775,818.11841800004,57.0
1780224821,5,,Aggregated,2.700000,0.000000,140,140,140,140,160,160,180,180,180,180,180,2580,0,740,1254.1211904441875,2.514954999924157,6146.937421000075,2777.624418604651
1780224822,5,POST,/api/book,1.900000,0.000000,140,140,140,140,160,180,180,180,180,180,180,2034,0,1200,1578.2161121848571,93.51172000003771,6146.937421000075,3381.448377581121
1780224822,5,GET,/api/concerts,0.300000,0.000000,3,3,3,3,3,3,3,3,3,3,3,384,0,13,48.73473829166974,2.514954999924157,1222.359064000102,753.0
1780224822,5,GET,/health,0.200000,0.000000,3,3,3,3,3,3,3,3,3,3,3,165,0,12,43.75778997576673,2.667802999894775,818.11841800004,57.0
1780224822,5,,Aggregated,2.400000,0.000000,140,140,140,140,160,160,180,180,180,180,180,2583,0,740,1252.8167816624095,2.514954999924157,6146.937421000075,2778.32868757259
1780224823,5,POST,/api/book,1.900000,0.000000,140,140,140,140,160,180,180,180,180,180,180,2036,0,1200,1576.8054784901765,93.51172000003771,6146.937421000075,3381.4562868369353
1780224823,5,GET,/api/concerts,0.300000,0.000000,3,3,3,3,3,3,3,3,3,3,3,384,0,13,48.73473829166974,2.514954999924157,1222.359064000102,753.0
1780224823,5,GET,/health,0.200000,0.000000,3,3,3,3,3,3,3,3,3,3,3,165,0,12,43.75778997576673,2.667802999894775,818.11841800004,57.0
1780224823,5,,Aggregated,2.400000,0.000000,140,140,140,140,160,160,180,180,180,180,180,2585,0,740,1251.9574967334638,2.514954999924157,6146.937421000075,2778.8015473887813
1780224824,5,POST,/api/book,2.200000,0.000000,140,140,160,160,210,230,230,230,230,230,230,2039,0,1200,1574.7742103629225,93.51172000003771,6146.937421000075,3381.421775380088
1780224824,5,GET,/api/concerts,0.300000,0.000000,3,3,3,3,3,3,3,3,3,3,3,384,0,13,48.73473829166974,2.514954999924157,1222.359064000102,753.0
1780224824,5,GET,/health,0.200000,0.000000,3,3,3,3,3,3,3,3,3,3,3,165,0,12,43.75778997576673,2.667802999894775,818.11841800004,57.0
1780224824,5,,Aggregated,2.700000,0.000000,140,140,140,160,180,210,230,230,230,230,230,2588,0,740,1250.7336900231855,2.514954999924157,6146.937421000075,2779.4729520865535
1780224825,5,POST,/api/book,2.100000,0.000000,140,140,140,160,180,210,230,230,230,230,230,2041,0,1200,1573.3701053076918,93.51172000003771,6146.937421000075,3381.419892209701
1780224825,5,GET,/api/concerts,0.200000,0.000000,3,3,3,3,3,3,3,3,3,3,3,384,0,13,48.73473829166974,2.514954999924157,1222.359064000102,753.0
1780224825,5,GET,/health,0.200000,0.000000,3,3,3,3,3,3,3,3,3,3,3,165,0,12,43.75778997576673,2.667802999894775,818.11841800004,57.0
1780224825,5,,Aggregated,2.500000,0.000000,140,140,140,160,180,210,230,230,230,230,230,2590,0,740,1249.877436209654,2.514954999924157,6146.937421000075,2779.9362934362935
1780224826,5,POST,/api/book,2.300000,0.000000,140,140,140,140,210,230,230,230,230,230,230,2043,0,1200,1571.9655126989715,93.51172000003771,6146.937421000075,3381.4126284875183
1780224826,5,GET,/api/concerts,0.100000,0.000000,3,3,3,3,3,3,3,3,3,3,3,384,0,13,48.73473829166974,2.514954999924157,1222.359064000102,753.0
1780224826,5,GET,/health,0.200000,0.000000,3,3,5,5,5,5,5,5,5,5,5,166,0,12,43.52252044579229,2.667802999894775,818.11841800004,57.0
1780224826,5,,Aggregated,2.600000,0.000000,140,140,140,140,140,210,230,230,230,230,230,2593,0,730,1248.5400772626315,2.514954999924157,6146.937421000075,2779.3443887389126
1780224827,5,POST,/api/book,2.300000,0.000000,140,140,140,140,220,230,230,230,230,230,230,2045,0,1200,1570.6444081716375,93.51172000003771,6146.937421000075,3381.440586797066
1780224827,5,GET,/api/concerts,0.100000,0.000000,3,3,3,3,3,3,3,3,3,3,3,384,0,13,48.73473829166974,2.514954999924157,1222.359064000102,753.0
1780224827,5,GET,/health,0.200000,0.000000,5,5,5,5,5,5,5,5,5,5,5,166,0,12,43.52252044579229,2.667802999894775,818.11841800004,57.0
1780224827,5,,Aggregated,2.600000,0.000000,140,140,140,140,220,230,230,230,230,230,230,2595,0,730,1247.7482437799626,2.514954999924157,6146.937421000075,2779.830443159923
1780224828,5,POST,/api/book,2.200000,0.000000,140,140,140,140,220,230,230,230,230,230,230,2047,0,1200,1569.2479972530525,93.51172000003771,6146.937421000075,3381.4313629702
1780224828,5,GET,/api/concerts,0.100000,0.000000,3,3,3,3,3,3,3,3,3,3,3,386,0,13,48.496936531090604,2.514954999924157,1222.359064000102,753.0
1780224828,5,GET,/health,0.300000,0.000000,5,5,5,5,5,5,5,5,5,5,5,166,0,12,43.52252044579229,2.667802999894775,818.11841800004,57.0
1780224828,5,,Aggregated,2.600000,0.000000,140,140,140,140,220,230,230,230,230,230,230,2599,0,730,1245.9389019899975,2.514954999924157,6146.937421000075,2778.726433243555
1780224829,5,POST,/api/book,2.200000,0.000000,140,140,140,210,230,230,230,230,230,230,230,2048,0,1200,1568.5508493623038,93.51172000003771,6146.937421000075,3381.42822265625
1780224829,5,GET,/api/concerts,0.100000,0.000000,3,3,3,3,3,3,3,3,3,3,3,386,0,13,48.496936531090604,2.514954999924157,1222.359064000102,753.0
1780224829,5,GET,/health,0.300000,0.000000,5,5,5,5,5,5,5,5,5,5,5,166,0,12,43.52252044579229,2.667802999894775,818.11841800004,57.0
1780224829,5,,Aggregated,2.600000,0.000000,140,140,140,140,220,230,230,230,230,230,230,2600,0,720,1245.514113611155,2.514954999924157,6146.937421000075,2778.9557692307694
1780224830,5,POST,/api/book,2.100000,0.000000,140,140,140,210,230,230,230,230,230,230,230,2050,0,1200,1567.1572596585358,93.51172000003771,6146.937421000075,3381.43756097561
1780224830,5,GET,/api/concerts,0.100000,0.000000,3,3,3,3,3,3,3,3,3,3,3,386,0,13,48.496936531090604,2.514954999924157,1222.359064000102,753.0
1780224830,5,GET,/health,0.300000,0.000000,3,3,5,5,5,5,5,5,5,5,5,167,0,12,43.279715982044806,2.667802999894775,818.11841800004,57.0
1780224830,5,,Aggregated,2.500000,0.000000,140,140,140,140,220,230,230,230,230,230,230,2603,0,720,1244.1874423242425,2.514954999924157,6146.937421000075,2778.380330388014
1780224831,5,POST,/api/book,2.200000,0.000000,140,140,140,210,230,230,230,230,230,230,230,2052,0,1200,1565.7565608416173,93.51172000003771,6146.937421000075,3381.437134502924
1780224831,5,GET,/api/concerts,0.200000,0.000000,3,3,3,3,3,3,3,3,3,3,3,386,0,13,48.496936531090604,2.514954999924157,1222.359064000102,753.0
1780224831,5,GET,/health,0.200000,0.000000,5,5,5,5,5,5,5,5,5,5,5,167,0,12,43.279715982044806,2.667802999894775,818.11841800004,57.0
1780224831,5,,Aggregated,2.600000,0.000000,140,140,140,140,220,230,230,230,230,230,230,2605,0,720,1243.3320510238018,2.514954999924157,6146.937421000075,2778.8429942418425
1780224832,5,POST,/api/book,2.300000,0.000000,140,140,140,210,230,230,230,230,230,230,230,2054,0,1200,1564.3699722770195,93.51172000003771,6146.937421000075,3381.4221032132423
1780224832,5,GET,/api/concerts,0.200000,0.000000,3,3,3,3,3,3,3,3,3,3,3,386,0,13,48.496936531090604,2.514954999924157,1222.359064000102,753.0
1780224832,5,GET,/health,0.100000,0.000000,4,4,5,5,5,5,5,5,5,5,5,168,0,12,43.042971875009144,2.667802999894775,818.11841800004,57.0
1780224832,5,,Aggregated,2.600000,0.000000,140,140,140,140,220,230,230,230,230,230,230,2608,0,720,1242.0118711016116,2.514954999924157,6146.937421000075,2778.249616564417
1780224833,5,POST,/api/book,2.200000,0.000000,140,140,140,140,220,230,230,230,230,230,230,2055,0,1200,1563.671597246228,93.51172000003771,6146.937421000075,3381.4248175182483
1780224833,5,GET,/api/concerts,0.200000,0.000000,3,3,3,3,3,3,3,3,3,3,3,387,0,13,48.37908060723805,2.514954999924157,1222.359064000102,753.0
1780224833,5,GET,/health,0.200000,0.000000,4,4,5,5,5,5,5,5,5,5,5,168,0,12,43.042971875009144,2.667802999894775,818.11841800004,57.0
1780224833,5,,Aggregated,2.600000,0.000000,140,140,140,140,140,220,230,230,230,230,230,2610,0,720,1241.1107493528748,2.514954999924157,6146.937421000075,2777.706896551724
1780224834,5,POST,/api/book,2.100000,0.000000,140,140,140,140,220,230,230,230,230,230,230,2057,0,1200,1562.2867096417103,93.51172000003771,6146.937421000075,3381.404472532815
1780224834,5,GET,/api/concerts,0.200000,0.000000,3,3,3,3,3,3,3,3,3,3,3,388,0,13,48.262241737116206,2.514954999924157,1222.359064000102,753.0
1780224834,5,GET,/health,0.300000,0.000000,4,4,5,5,5,5,5,5,5,5,5,168,0,12,43.042971875009144,2.667802999894775,818.11841800004,57.0
1780224834,5,,Aggregated,2.600000,0.000000,140,140,140,140,140,220,230,230,230,230,230,2613,0,720,1239.793620666668,2.514954999924157,6146.937421000075,2777.378109452736
1780224835,10,POST,/api/book,2.100000,0.000000,140,180,220,220,230,350,390,390,390,390,390,2064,0,1200,1557.8252911438947,93.51172000003771,6146.937421000075,3381.3943798449613
1780224835,10,GET,/api/concerts,0.200000,0.000000,3,3,3,3,3,3,3,3,3,3,3,388,0,13,48.262241737116206,2.514954999924157,1222.359064000102,753.0
1780224835,10,GET,/health,0.300000,0.000000,4,4,5,5,5,5,5,5,5,5,5,168,0,12,43.042971875009144,2.667802999894775,818.11841800004,57.0
1780224835,10,,Aggregated,2.600000,0.000000,140,140,190,220,230,350,390,390,390,390,390,2620,0,710,1237.140599232826,2.514954999924157,6146.937421000075,2778.983969465649
1780224836,15,POST,/api/book,1.800000,0.000000,140,190,220,350,760,810,820,820,820,820,820,2071,0,1200,1554.112167007725,93.51172000003771,6146.937421000075,3381.4418155480444
1780224836,15,GET,/api/concerts,0.300000,0.000000,3,3,3,3,4,4,4,4,4,4,4,391,0,13,47.917507928391544,2.514954999924157,1222.359064000102,753.0
1780224836,15,GET,/health,0.300000,0.000000,4,4,5,5,5,5,5,5,5,5,5,168,0,12,43.042971875009144,2.667802999894775,818.11841800004,57.0
1780224836,15,,Aggregated,2.400000,0.000000,140,140,190,220,420,810,820,820,820,820,820,2630,0,710,1233.6628375467692,2.514954999924157,6146.937421000075,2778.313688212928
1780224837,20,POST,/api/book,2.300000,0.000000,170,220,330,350,430,810,820,820,820,820,820,2081,0,1200,1547.742639627582,93.51172000003771,6146.937421000075,3381.458433445459
1780224837,20,GET,/api/concerts,0.400000,0.000000,3,3,3,3,4,4,4,4,4,4,4,391,0,13,47.917507928391544,2.514954999924157,1222.359064000102,753.0
1780224837,20,GET,/health,0.300000,0.000000,4,4,6,6,6,6,6,6,6,6,6,169,0,12,42.82355886391542,2.667802999894775,818.11841800004,57.0
1780224837,20,,Aggregated,3.000000,0.000000,140,180,220,330,420,760,820,820,820,820,820,2641,0,690,1229.3924120079525,2.514954999924157,6146.937421000075,2779.5800833017797
1780224838,25,POST,/api/book,2.600000,0.000000,180,280,340,370,430,810,820,820,820,820,820,2085,0,1200,1545.3645241429247,93.51172000003771,6146.937421000075,3381.432134292566
1780224838,25,GET,/api/concerts,0.600000,0.000000,3,3,4,4,5,5,5,5,5,5,5,393,0,12,47.69330067684782,2.514954999924157,1222.359064000102,753.0
1780224838,25,GET,/health,0.200000,0.000000,6,7,7,7,7,7,7,7,7,7,7,171,0,12,42.40650351462921,2.667802999894775,818.11841800004,57.0
1780224838,25,,Aggregated,3.400000,0.000000,140,180,280,340,420,760,820,820,820,820,820,2649,0,690,1226.1532699528134,2.514954999924157,6146.937421000075,2776.882597206493
1780224839,30,POST,/api/book,3.400000,0.000000,220,370,420,440,640,760,820,820,820,820,820,2100,0,1100,1537.1466767395223,93.51172000003771,6146.937421000075,3381.4
1780224839,30,GET,/api/concerts,0.700000,0.000000,3,5,6,9,9,10,10,10,10,10,10,398,0,12,47.18804476130999,2.514954999924157,1222.359064000102,753.0
1780224839,30,GET,/health,0.300000,0.000000,6,7,7,7,7,7,7,7,7,7,7,171,0,12,42.40650351462921,2.667802999894775,818.11841800004,57.0
1780224839,30,,Aggregated,4.400000,0.000000,170,280,370,390,590,660,810,820,820,820,820,2669,0,670,1219.1983421015368,2.514954999924157,6146.937421000075,2776.4634694642186
1780224840,35,POST,/api/book,3.700000,0.000000,220,350,390,430,600,660,810,820,820,820,820,2115,0,1100,1528.3074520884147,93.51172000003771,6146.937421000075,3381.3872340425532
1780224840,35,GET,/api/concerts,0.800000,0.000000,3,5,6,9,9,10,10,10,10,10,10,399,0,12,47.077701002510146,2.514954999924157,1222.359064000102,753.0
1780224840,35,GET,/health,0.500000,0.000000,7,7,7,7,7,7,7,7,7,7,7,171,0,12,42.40650351462921,2.667802999894775,818.11841800004,57.0
1780224840,35,,Aggregated,5.000000,0.000000,180,330,370,390,590,660,810,820,820,820,820,2685,0,660,1213.5589482189953,2.514954999924157,6146.937421000075,2779.0793296089387
1780224841,40,POST,/api/book,5.000000,0.000000,280,350,420,440,640,810,900,900,900,900,900,2125,0,1100,1522.990456380234,93.51172000003771,6146.937421000075,3381.336
1780224841,40,GET,/api/concerts,1.200000,0.000000,4,6,9,9,10,49,49,49,49,49,49,402,0,12,46.87558407462981,2.514954999924157,1222.359064000102,753.0
1780224841,40,GET,/health,0.500000,0.000000,7,7,7,7,7,7,7,7,7,7,7,173,0,11,41.97685740463335,2.667802999894775,818.11841800004,57.0
1780224841,40,,Aggregated,6.700000,0.000000,180,330,370,390,600,760,900,900,900,900,900,2700,0,650,1208.3187781248155,2.514954999924157,6146.937421000075,2777.0022222222224
1780224842,40,POST,/api/book,6.300000,0.000000,310,370,430,490,660,820,900,1200,1200,1200,1200,2128,0,1100,1521.8861216870287,93.51172000003771,6146.937421000075,3381.345864661654
1780224842,40,GET,/api/concerts,1.300000,0.000000,5,9,10,37,63,98,98,98,98,98,98,405,0,12,47.01614975062035,2.514954999924157,1222.359064000102,753.0
1780224842,40,GET,/health,0.400000,0.000000,7,7,51,51,85,85,85,85,85,85,85,175,0,12,42.27722469143698,2.667802999894775,818.11841800004,57.0
1780224842,40,,Aggregated,8.000000,0.000000,180,330,370,430,640,810,900,1200,1200,1200,1200,2708,0,650,1205.6919209453479,2.514954999924157,6146.937421000075,2773.4283604135894
1780224843,40,POST,/api/book,7.100000,0.000000,340,430,600,660,900,2100,2400,2800,2800,2800,2800,2141,0,1100,1521.0954519654354,93.51172000003771,6146.937421000075,3381.310135450724
1780224843,40,GET,/api/concerts,1.500000,0.000000,6,9,10,37,63,98,98,98,98,98,98,405,0,12,47.01614975062035,2.514954999924157,1222.359064000102,753.0
1780224843,40,GET,/health,0.400000,0.000000,7,20,51,81,85,85,85,85,85,85,85,177,0,12,42.37380112995184,2.667802999894775,818.11841800004,57.0
1780224843,40,,Aggregated,9.000000,0.000000,190,360,440,550,810,1800,2400,2400,2800,2800,2800,2723,0,650,1205.7315703661409,2.514954999924157,6146.937421000075,2774.307381564451
1780224844,40,POST,/api/book,7.200000,0.000000,380,620,800,900,2100,2500,2700,2800,2800,2800,2800,2161,0,1100,1518.7714177417847,93.51172000003771,6146.937421000075,3381.292457195743
1780224844,40,GET,/api/concerts,1.900000,0.000000,5,9,10,37,63,98,98,98,98,98,98,408,0,12,46.69572336519854,2.514954999924157,1222.359064000102,753.0
1780224844,40,GET,/health,0.700000,0.000000,7,20,51,81,85,85,85,85,85,85,85,178,0,12,42.15401010113252,2.667802999894775,818.11841800004,57.0
1780224844,40,,Aggregated,9.800000,0.000000,300,430,640,780,1800,2400,2700,2700,2800,2800,2800,2747,0,650,1204.4485994433928,2.514954999924157,6146.937421000075,2775.5161994903533
1780224845,40,POST,/api/book,8.300000,0.000000,350,540,690,820,2100,2400,2700,2700,2800,2800,2800,2174,0,1100,1510.8994430321966,93.51172000003771,6146.937421000075,3381.30634774609
1780224845,40,GET,/api/concerts,1.800000,0.000000,5,9,10,37,63,98,98,98,98,98,98,409,0,12,46.59305310024699,2.514954999924157,1222.359064000102,753.0
1780224845,40,GET,/health,0.900000,0.000000,7,20,51,51,81,85,85,85,85,85,85,179,0,12,41.935248357551586,2.667802999894775,818.11841800004,57.0
1780224845,40,,Aggregated,11.000000,0.000000,260,380,590,660,1500,2400,2700,2700,2800,2800,2800,2762,0,640,1198.8625479094858,2.514954999924157,6146.937421000075,2776.6618392469227
1780224846,40,POST,/api/book,9.900000,0.000000,360,540,640,900,2100,2400,2700,2700,2800,2800,2800,2184,0,1100,1505.4002561804011,93.51172000003771,6146.937421000075,3381.3511904761904
1780224846,40,GET,/api/concerts,2.000000,0.000000,5,8,9,10,49,63,98,98,98,98,98,413,0,11,46.17574565859874,2.514954999924157,1222.359064000102,753.0
1780224846,40,GET,/health,1.000000,0.000000,7,7,51,51,81,85,85,85,85,85,85,181,0,11,41.50592393371059,2.667802999894775,818.11841800004,57.0
1780224846,40,,Aggregated,12.900000,0.000000,260,380,540,640,1500,2400,2700,2700,2800,2800,2800,2778,0,630,1193.0803868563714,2.514954999924157,6146.937421000075,2774.0017998560115
1780224847,40,POST,/api/book,10.500000,0.000000,350,550,760,900,1900,2400,2700,2700,2800,2800,2800,2201,0,1100,1498.0974219068587,93.51172000003771,6146.937421000075,3381.3725579282145
1780224847,40,GET,/api/concerts,2.000000,0.000000,5,9,23,35,49,63,98,98,98,98,98,417,0,11,45.88685259232979,2.514954999924157,1222.359064000102,753.0
1780224847,40,GET,/health,1.100000,0.000000,7,20,51,65,81,85,85,85,85,85,85,182,0,11,41.63633540660205,2.667802999894775,818.11841800004,57.0
1780224847,40,,Aggregated,13.600000,0.000000,260,420,590,690,1500,2300,2600,2700,2800,2800,2800,2800,0,620,1187.151805782857,2.514954999924157,6146.937421000075,2773.8485714285716
1780224848,40,POST,/api/book,11.400000,0.000000,360,540,810,1200,1900,2400,2700,2700,2800,2800,2800,2213,0,1100,1492.624077505195,93.51172000003771,6146.937421000075,3381.368278355174
1780224848,40,GET,/api/concerts,2.100000,0.000000,4,6,23,35,49,63,98,98,98,98,98,419,0,11,45.68815620286771,2.514954999924157,1222.359064000102,753.0
1780224848,40,GET,/health,1.200000,0.000000,7,7,51,65,81,85,85,85,85,85,85,184,0,11,41.21420970653041,2.667802999894775,818.11841800004,57.0
1780224848,40,,Aggregated,14.700000,0.000000,260,410,590,800,1500,2300,2700,2700,2800,2800,2800,2816,0,610,1182.4942597848014,2.514954999924157,6146.937421000075,2773.069247159091
1780224849,40,POST,/api/book,11.400000,0.000000,370,540,870,1200,1900,2400,2700,2700,2800,2800,2800,2225,0,1100,1486.3004993815719,93.51172000003771,6146.937421000075,3381.453033707865
1780224849,40,GET,/api/concerts,2.500000,0.000000,5,8,23,35,49,63,98,98,98,98,98,421,0,11,45.51978333967135,2.514954999924157,1222.359064000102,753.0
1780224849,40,GET,/health,1.300000,0.000000,3,7,51,65,81,85,85,85,85,85,85,186,0,10,40.80045548925587,2.667802999894775,818.11841800004,57.0
1780224849,40,,Aggregated,15.200000,0.000000,260,410,540,800,1500,2300,2700,2700,2800,2800,2800,2832,0,600,1177.1791400533198,2.514954999924157,6146.937421000075,2772.3686440677966
1780224850,40,POST,/api/book,12.700000,0.000000,390,540,870,1200,2100,2400,2700,2700,2800,2800,2800,2233,0,1100,1482.2174257008496,93.51172000003771,6146.937421000075,3381.448723690103
1780224850,40,GET,/api/concerts,2.600000,0.000000,4,6,18,23,37,63,98,98,98,98,98,425,0,11,45.134463705885764,2.514954999924157,1222.359064000102,753.0
1780224850,40,GET,/health,1.200000,0.000000,3,7,20,51,81,85,85,85,85,85,85,188,0,10,40.410214313838914,2.667802999894775,818.11841800004,57.0
1780224850,40,,Aggregated,16.500000,0.000000,230,400,540,780,1500,2300,2600,2700,2800,2800,2800,2846,0,600,1172.3720235263531,2.514954999924157,6146.937421000075,2769.330990864371
1780224851,40,POST,/api/book,12.500000,0.000000,390,690,1000,1200,1800,2400,2700,2700,2800,2800,2800,2250,0,1100,1477.0280370751102,93.51172000003771,6146.937421000075,3381.5155555555557
1780224851,40,GET,/api/concerts,2.200000,0.000000,4,6,9,18,37,63,98,98,98,98,98,427,0,10,44.93674449414796,2.514954999924157,1222.359064000102,753.0
1780224851,40,GET,/health,1.500000,0.000000,3,4,18,20,65,81,81,81,81,81,81,189,0,10,40.28925208466604,2.667802999894775,818.11841800004,57.0
1780224851,40,,Aggregated,16.200000,0.000000,270,450,780,1000,1500,2300,2600,2700,2800,2800,2800,2866,0,600,1168.9168673977674,2.514954999924157,6146.937421000075,2770.6608513607816
1780224852,40,POST,/api/book,11.500000,0.000000,360,540,870,1000,1500,2100,2700,2700,2800,2800,2800,2267,0,1100,1469.080652621967,93.51172000003771,6146.937421000075,3381.48566387296
1780224852,40,GET,/api/concerts,2.500000,0.000000,3,4,5,6,18,23,35,35,35,35,35,428,0,10,44.83872356775962,2.514954999924157,1222.359064000102,753.0
1780224852,40,GET,/health,1.700000,0.000000,3,4,4,15,18,65,65,65,65,65,65,190,0,10,40.15753164211566,2.667802999894775,818.11841800004,57.0
1780224852,40,,Aggregated,15.700000,0.000000,210,400,610,870,1300,1900,2600,2700,2800,2800,2800,2885,0,600,1163.6834468606594,2.514954999924157,6146.937421000075,2772.5968804159447
1780224853,40,POST,/api/book,12.500000,0.000000,280,400,510,690,1000,1300,1500,1500,1500,1500,1500,2278,0,1000,1463.2251503669881,93.51172000003771,6146.937421000075,3381.52853380158
1780224853,40,GET,/api/concerts,2.500000,0.000000,3,4,6,7,23,25,35,35,35,35,35,434,0,10,44.32062466129216,2.514954999924157,1222.359064000102,753.0
1780224853,40,GET,/health,1.800000,0.000000,3,4,10,15,18,65,65,65,65,65,65,192,0,10,39.80747314063571,2.667802999894775,818.11841800004,57.0
1780224853,40,,Aggregated,16.800000,0.000000,200,350,410,470,980,1200,1400,1500,1500,1500,1500,2904,0,580,1157.060977438706,2.514954999924157,6146.937421000075,2768.8939393939395
1780224854,40,POST,/api/book,13.700000,0.000000,300,410,510,690,1000,1300,1500,1500,1500,1500,1500,2294,0,1000,1455.4743630488224,93.51172000003771,6146.937421000075,3381.4882301656494
1780224854,40,GET,/api/concerts,2.200000,0.000000,3,5,6,9,25,35,65,65,65,65,65,437,0,10,44.18645204805628,2.514954999924157,1222.359064000102,753.0
1780224854,40,GET,/health,1.500000,0.000000,4,4,10,15,18,65,65,65,65,65,65,193,0,10,39.6234586010473,2.667802999894775,818.11841800004,57.0
1780224854,40,,Aggregated,17.400000,0.000000,210,340,410,470,960,1200,1400,1500,1500,1500,1500,2924,0,570,1151.0995197978802,2.514954999924157,6146.937421000075,2769.218878248974
1780224855,40,POST,/api/book,13.500000,0.000000,300,410,580,760,1000,1300,1500,1500,1500,1500,1500,2311,0,1000,1447.3225151864985,93.51172000003771,6146.937421000075,3381.477715274773
1780224855,40,GET,/api/concerts,2.900000,0.000000,3,4,7,9,25,35,65,65,65,65,65,438,0,10,44.09233334246699,2.514954999924157,1222.359064000102,753.0
1780224855,40,GET,/health,1.300000,0.000000,4,4,10,15,18,65,65,65,65,65,65,193,0,10,39.6234586010473,2.667802999894775,818.11841800004,57.0
1780224855,40,,Aggregated,17.700000,0.000000,200,350,420,550,960,1200,1400,1500,1500,1500,1500,2942,0,550,1146.0646166247454,2.514954999924157,6146.937421000075,2772.0632222977565
1780224856,40,POST,/api/book,13.600000,0.000000,320,420,550,690,1000,1300,1500,1500,1500,1500,1500,2321,0,1000,1442.3185700284355,93.51172000003771,6146.937421000075,3381.4911676001725
1780224856,40,GET,/api/concerts,3.000000,0.000000,3,6,7,9,23,25,65,65,65,65,65,442,0,10,43.752431660634244,2.514954999924157,1222.359064000102,753.0
1780224856,40,GET,/health,1.500000,0.000000,4,4,10,10,15,18,18,18,18,18,18,194,0,10,39.43615172166051,2.667802999894775,818.11841800004,57.0
1780224856,40,,Aggregated,18.100000,0.000000,210,360,440,480,960,1200,1400,1500,1500,1500,1500,2957,0,540,1141.227794813663,2.514954999924157,6146.937421000075,2770.485289144403
1780224857,40,POST,/api/book,14.000000,0.000000,280,410,510,670,980,1100,1200,1300,1300,1300,1300,2336,0,1000,1435.9217253321915,93.51172000003771,6146.937421000075,3381.4713184931506
1780224857,40,GET,/api/concerts,3.000000,0.000000,3,4,9,17,25,65,83,83,83,83,83,443,0,10,43.8399012866821,2.514954999924157,1222.359064000102,753.0
1780224857,40,GET,/health,1.400000,0.000000,4,4,9,10,15,18,18,18,18,18,18,196,0,9,39.094268964297335,2.667802999894775,818.11841800004,57.0
1780224857,40,,Aggregated,18.400000,0.000000,210,320,420,470,870,1000,1200,1300,1300,1300,1300,2975,0,540,1136.6039339035303,2.514954999924157,6146.937421000075,2771.048067226891
1780224858,40,POST,/api/book,13.400000,0.000000,290,440,650,800,990,1100,1200,1300,1300,1300,1300,2347,0,990,1432.0718567179376,93.51172000003771,6146.937421000075,3381.513847464849
1780224858,40,GET,/api/concerts,3.000000,0.000000,3,3,7,9,40,65,83,83,83,83,83,447,0,10,43.55700186800942,2.514954999924157,1222.359064000102,753.0
1780224858,40,GET,/health,1.400000,0.000000,4,10,15,15,18,47,47,47,47,47,47,197,0,10,39.13425658376829,2.667802999894775,818.11841800004,57.0
1780224858,40,,Aggregated,17.800000,0.000000,210,340,440,610,960,1100,1200,1300,1300,1300,1300,2991,0,540,1132.8158061180216,2.514954999924157,6146.937421000075,2769.7201604814445
1780224859,40,POST,/api/book,13.900000,0.000000,310,450,610,740,990,1100,1200,1300,1300,1300,1300,2364,0,980,1424.5464021662433,93.51172000003771,6146.937421000075,3381.536802030457
1780224859,40,GET,/api/concerts,2.700000,0.000000,3,4,9,17,40,65,83,83,83,83,83,448,0,9,43.46629848883964,2.514954999924157,1222.359064000102,753.0
1780224859,40,GET,/health,1.300000,0.000000,9,10,15,18,47,47,47,47,47,47,47,197,0,10,39.13425658376829,2.667802999894775,818.11841800004,57.0
1780224859,40,,Aggregated,17.900000,0.000000,240,400,480,610,960,1100,1200,1300,1300,1300,1300,3009,0,520,1128.2186922535734,2.514954999924157,6146.937421000075,2772.5244267198404
1780224860,40,POST,/api/book,12.900000,0.000000,290,430,490,570,800,970,1000,1100,1100,1100,1100,2378,0,980,1417.8903501072325,93.51172000003771,6146.937421000075,3381.5798990748526
1780224860,40,GET,/api/concerts,2.600000,0.000000,3,6,15,17,40,65,83,83,83,83,83,449,0,10,43.40326619599168,2.514954999924157,1222.359064000102,753.0
1780224860,40,GET,/health,1.400000,0.000000,3,9,10,10,15,47,47,47,47,47,47,200,0,9,38.594979120012454,2.667802999894775,818.11841800004,57.0
1780224860,40,,Aggregated,16.900000,0.000000,220,360,440,490,740,950,990,1100,1100,1100,1100,3027,0,510,1122.8775404364064,2.514954999924157,6146.937421000075,2772.016518004625
1780224861,40,POST,/api/book,13.400000,0.000000,280,420,480,520,780,950,1000,1100,1100,1100,1100,2390,0,970,1412.0790993158987,93.51172000003771,6146.937421000075,3381.5979079497906
1780224861,40,GET,/api/concerts,2.700000,0.000000,3,7,15,25,40,65,83,83,83,83,83,452,0,9,43.2254267942487,2.514954999924157,1222.359064000102,753.0
1780224861,40,GET,/health,1.100000,0.000000,3,5,9,10,15,47,47,47,47,47,47,202,0,9,38.25167387129953,2.667802999894775,818.11841800004,57.0
1780224861,40,,Aggregated,17.200000,0.000000,200,340,430,480,650,870,990,1100,1100,1100,1100,3044,0,500,1117.652358212221,2.514954999924157,6146.937421000075,2770.6599868593958
1780224862,40,POST,/api/book,14.500000,0.000000,290,410,460,500,780,960,1000,1100,1100,1100,1100,2405,0,960,1405.3068281833673,93.51172000003771,6146.937421000075,3381.607484407484
1780224862,40,GET,/api/concerts,2.400000,0.000000,4,9,17,38,65,83,83,83,83,83,83,452,0,9,43.2254267942487,2.514954999924157,1222.359064000102,753.0
1780224862,40,GET,/health,1.200000,0.000000,3,5,9,10,13,47,47,47,47,47,47,203,0,9,38.12895413301728,2.667802999894775,818.11841800004,57.0
1780224862,40,,Aggregated,18.100000,0.000000,220,340,430,460,640,870,1000,1100,1100,1100,1100,3060,0,490,1113.412089013399,2.514954999924157,6146.937421000075,2772.7754901960784
1780224863,40,POST,/api/book,14.000000,0.000000,300,440,500,570,870,990,1100,1100,1200,1200,1200,2419,0,960,1400.8411912224055,93.51172000003771,6146.937421000075,3381.5659363373293
1780224863,40,GET,/api/concerts,2.600000,0.000000,3,9,15,17,40,83,83,83,83,83,83,456,0,9,42.886440475877606,2.514954999924157,1222.359064000102,753.0
1780224863,40,GET,/health,1.200000,0.000000,3,5,9,10,13,47,47,47,47,47,47,203,0,9,38.12895413301728,2.667802999894775,818.11841800004,57.0
1780224863,40,,Aggregated,17.800000,0.000000,220,390,460,500,800,970,1000,1100,1200,1200,1200,3078,0,490,1109.7892255077977,2.514954999924157,6146.937421000075,2772.88726445744
1780224864,40,POST,/api/book,13.800000,0.000000,320,440,500,570,850,990,1100,1100,1200,1200,1200,2436,0,950,1393.181890930213,93.51172000003771,6146.937421000075,3381.475369458128
1780224864,40,GET,/api/concerts,2.500000,0.000000,3,9,17,38,67,83,83,83,83,83,83,458,0,9,42.8525699366815,2.514954999924157,1222.359064000102,753.0
1780224864,40,GET,/health,1.300000,0.000000,3,5,9,9,13,47,47,47,47,47,47,205,0,9,37.80730196098786,2.667802999894775,818.11841800004,57.0
1780224864,40,,Aggregated,17.600000,0.000000,210,390,450,500,770,970,1000,1100,1200,1200,1200,3099,0,480,1103.958715791869,2.514954999924157,6146.937421000075,2773.098741529526
1780224865,40,POST,/api/book,14.400000,0.000000,360,440,500,570,800,990,1100,1100,1200,1200,1200,2448,0,940,1388.3154843888888,93.51172000003771,6146.937421000075,3381.4930555555557
1780224865,40,GET,/api/concerts,2.200000,0.000000,4,9,15,38,67,83,83,83,83,83,83,461,0,9,42.61263602169252,2.514954999924157,1222.359064000102,753.0
1780224865,40,GET,/health,1.300000,0.000000,3,8,9,9,13,47,47,47,47,47,47,205,0,9,37.80730196098786,2.667802999894775,818.11841800004,57.0
1780224865,40,,Aggregated,17.900000,0.000000,240,410,470,500,740,960,1000,1100,1200,1200,1200,3114,0,480,1100.189861236995,2.514954999924157,6146.937421000075,2773.510918432884
1780224866,40,POST,/api/book,14.200000,0.000000,320,430,490,530,740,960,1000,1100,1200,1200,1200,2463,0,920,1381.6427725432397,93.51172000003771,6146.937421000075,3381.462850182704
1780224866,40,GET,/api/concerts,2.100000,0.000000,3,7,9,9,40,67,74,74,74,74,74,469,0,9,42.09452191257944,2.514954999924157,1222.359064000102,753.0
1780224866,40,GET,/health,1.200000,0.000000,5,9,13,38,47,54,54,54,54,54,54,209,0,9,37.54804126795493,2.667802999894775,818.11841800004,57.0
1780224866,40,,Aggregated,17.500000,0.000000,210,380,440,480,640,920,1000,1100,1200,1200,1200,3141,0,470,1092.1923018707425,2.514954999924157,6146.937421000075,2767.7851002865327
1780224867,40,POST,/api/book,13.400000,0.000000,320,430,480,520,670,950,1000,1100,1200,1200,1200,2471,0,910,1378.0423847733712,93.51172000003771,6146.937421000075,3381.51031970862
1780224867,40,GET,/api/concerts,2.300000,0.000000,3,7,8,9,38,67,74,74,74,74,74,470,0,9,42.022806134042,2.514954999924157,1222.359064000102,753.0
1780224867,40,GET,/health,1.200000,0.000000,5,8,13,13,47,54,54,54,54,54,54,211,0,8,37.239345786741296,2.667802999894775,818.11841800004,57.0
1780224867,40,,Aggregated,16.900000,0.000000,200,380,440,480,610,850,1000,1100,1200,1200,1200,3152,0,460,1089.0707340161812,2.514954999924157,6146.937421000075,2767.020621827411
1780224868,40,POST,/api/book,14.100000,0.000000,320,410,480,510,640,790,1000,1000,1200,1200,1200,2485,0,910,1372.1874051641855,93.51172000003771,6146.937421000075,3381.5645875251507
1780224868,40,GET,/api/concerts,2.400000,0.000000,3,8,9,9,38,67,74,74,74,74,74,473,0,9,41.80912631500989,2.514954999924157,1222.359064000102,753.0
1780224868,40,GET,/health,1.300000,0.000000,5,5,8,13,38,54,54,54,54,54,54,212,0,8,37.0867050141623,2.667802999894775,818.11841800004,57.0
1780224868,40,,Aggregated,17.800000,0.000000,200,340,410,470,570,740,960,1000,1200,1200,1200,3170,0,460,1084.3923659441652,2.514954999924157,6146.937421000075,2767.0160883280755
1780224869,40,POST,/api/book,13.600000,0.000000,310,390,450,490,600,790,1000,1000,1200,1200,1200,2496,0,900,1367.3828785580936,93.51172000003771,6146.937421000075,3381.5392628205127
1780224869,40,GET,/api/concerts,2.700000,0.000000,4,8,9,15,38,67,74,74,74,74,74,476,0,9,41.612617815125326,2.514954999924157,1222.359064000102,753.0
1780224869,40,GET,/health,1.400000,0.000000,5,7,13,38,40,54,54,54,54,54,54,215,0,8,36.804754841871855,2.667802999894775,818.11841800004,57.0
1780224869,40,,Aggregated,17.700000,0.000000,200,320,390,440,550,710,960,1000,1200,1200,1200,3187,0,450,1079.607246078445,2.514954999924157,6146.937421000075,2764.6705365547537
1780224870,40,POST,/api/book,13.900000,0.000000,310,390,450,480,620,790,1000,1000,1200,1200,1200,2509,0,900,1362.2180952120375,93.51172000003771,6146.937421000075,3381.520924671184
1780224870,40,GET,/api/concerts,2.700000,0.000000,3,8,9,15,38,67,74,74,74,74,74,477,0,9,41.53189076939132,2.514954999924157,1222.359064000102,753.0
1780224870,40,GET,/health,1.500000,0.000000,5,7,13,38,40,54,54,54,54,54,54,216,0,8,36.647241856493274,2.667802999894775,818.11841800004,57.0
1780224870,40,,Aggregated,18.100000,0.000000,230,330,410,440,560,710,960,1000,1200,1200,1200,3202,0,450,1076.056126491257,2.514954999924157,6146.937421000075,2765.6867582760774
1780224871,40,POST,/api/book,13.600000,0.000000,320,410,480,510,640,790,1000,1000,1200,1200,1200,2525,0,880,1355.7614548340603,93.51172000003771,6146.937421000075,3381.439207920792
1780224871,40,GET,/api/concerts,2.800000,0.000000,3,5,8,8,24,67,74,74,74,74,74,480,0,8,41.29109736666637,2.514954999924157,1222.359064000102,753.0
1780224871,40,GET,/health,1.700000,0.000000,5,8,35,38,47,54,54,54,54,54,54,221,0,8,36.25574575114384,2.667802999894775,818.11841800004,57.0
1780224871,40,,Aggregated,18.100000,0.000000,230,340,410,450,570,710,960,1000,1200,1200,1200,3226,0,440,1069.7860880356495,2.514954999924157,6146.937421000075,2762.6072535647863
1780224872,40,POST,/api/book,13.200000,0.000000,300,390,450,480,560,640,770,870,970,970,970,2537,0,880,1351.198102636185,93.51172000003771,6146.937421000075,3381.4347654710286
1780224872,40,GET,/api/concerts,2.900000,0.000000,3,4,7,8,24,67,74,74,74,74,74,483,0,8,41.05260969565157,2.514954999924157,1222.359064000102,753.0
1780224872,40,GET,/health,1.600000,0.000000,5,8,35,38,47,54,54,54,54,54,54,221,0,8,36.25574575114384,2.667802999894775,818.11841800004,57.0
1780224872,40,,Aggregated,17.700000,0.000000,210,310,390,430,520,610,690,870,970,970,970,3241,0,440,1066.2852566127751,2.514954999924157,6146.937421000075,2763.034865782166
1780224873,40,POST,/api/book,13.300000,0.000000,260,350,430,450,550,640,770,870,970,970,970,2549,0,870,1345.672020324049,93.51172000003771,6146.937421000075,3381.4531188701453
1780224873,40,GET,/api/concerts,2.600000,0.000000,3,4,5,7,8,24,74,74,74,74,74,492,0,8,40.37746214634007,2.514954999924157,1222.359064000102,753.0
1780224873,40,GET,/health,1.900000,0.000000,5,8,35,38,47,54,54,54,54,54,54,222,0,8,36.105208527039686,2.667802999894775,818.11841800004,57.0
1780224873,40,,Aggregated,17.800000,0.000000,190,290,340,390,510,610,690,870,970,970,970,3263,0,430,1059.7606642583528,2.514954999924157,6146.937421000075,2758.950045969966
1780224874,40,POST,/api/book,13.200000,0.000000,260,340,410,450,550,640,770,870,970,970,970,2562,0,860,1340.2571192533183,93.51172000003771,6146.937421000075,3381.4633099141297
1780224874,40,GET,/api/concerts,3.000000,0.000000,3,4,5,5,8,24,74,74,74,74,74,494,0,7,40.228663712549384,2.514954999924157,1222.359064000102,753.0
1780224874,40,GET,/health,1.800000,0.000000,5,7,35,38,47,54,54,54,54,54,54,223,0,8,35.955059053824925,2.6218760001484043,818.11841800004,57.0
1780224874,40,,Aggregated,18.000000,0.000000,190,260,340,390,510,610,690,870,970,970,970,3279,0,430,1055.6967604666074,2.514954999924157,6146.937421000075,2759.378469045441
1780224875,40,POST,/api/book,12.800000,0.000000,260,340,430,450,530,690,770,870,970,970,970,2577,0,840,1334.3906113593332,93.51172000003771,6146.937421000075,3381.4811796662784
1780224875,40,GET,/api/concerts,3.400000,0.000000,3,4,5,5,8,24,74,74,74,74,74,496,0,7,40.08218964314418,2.514954999924157,1222.359064000102,753.0
1780224875,40,GET,/health,1.900000,0.000000,5,5,8,8,40,47,47,47,47,47,47,223,0,8,35.955059053824925,2.6218760001484043,818.11841800004,57.0
1780224875,40,,Aggregated,18.100000,0.000000,190,270,340,390,490,620,690,870,970,970,970,3296,0,420,1051.7667929930235,2.514954999924157,6146.937421000075,2761.006067961165
1780224876,40,POST,/api/book,12.700000,0.000000,260,340,450,480,550,690,920,940,970,970,970,2592,0,830,1328.776964173226,93.51172000003771,6146.937421000075,3381.514274691358
1780224876,40,GET,/api/concerts,3.600000,0.000000,3,4,4,5,7,18,24,24,24,24,24,500,0,7,39.78973620799925,2.514954999924157,1222.359064000102,753.0
1780224876,40,GET,/health,1.800000,0.000000,5,7,8,35,40,47,47,47,47,47,47,223,0,8,35.955059053824925,2.6218760001484043,818.11841800004,57.0
1780224876,40,,Aggregated,18.100000,0.000000,210,270,340,430,510,650,870,940,970,970,970,3315,0,420,1047.3914743318267,2.514954999924157,6146.937421000075,2761.416591251885
1780224877,40,POST,/api/book,12.700000,0.000000,250,340,450,490,580,690,920,940,970,970,970,2602,0,820,1324.7332119554194,93.51172000003771,6146.937421000075,3381.5096079938508
1780224877,40,GET,/api/concerts,3.300000,0.000000,3,4,4,5,7,21,24,24,24,24,24,502,0,7,39.67936254581621,2.514954999924157,1222.359064000102,753.0
1780224877,40,GET,/health,1.800000,0.000000,3,7,8,35,40,47,47,47,47,47,47,226,0,7,35.515271530986794,2.6218760001484043,818.11841800004,57.0
1780224877,40,,Aggregated,17.800000,0.000000,190,270,340,430,510,650,870,940,970,970,970,3330,0,420,1043.51390656817,2.514954999924157,6146.937421000075,2759.6324324324323
1780224878,40,POST,/api/book,13.100000,0.000000,240,320,450,490,620,690,920,940,970,970,970,2615,0,820,1319.8031860680694,93.51172000003771,6146.937421000075,3381.4856596558316
1780224878,40,GET,/api/concerts,3.300000,0.000000,3,4,5,5,7,17,21,21,21,21,21,508,0,7,39.28528772440963,2.514954999924157,1222.359064000102,753.0
1780224878,40,GET,/health,1.600000,0.000000,3,4,8,28,35,47,47,47,47,47,47,227,0,7,35.482142687237484,2.6218760001484043,818.11841800004,57.0
1780224878,40,,Aggregated,18.000000,0.000000,180,260,320,430,540,650,870,940,970,970,970,3350,0,410,1038.5960310811959,2.514954999924157,6146.937421000075,2757.6262686567165
1780224879,40,POST,/api/book,13.200000,0.000000,220,310,460,510,620,770,920,940,970,970,970,2626,0,810,1315.6229208316838,93.51172000003771,6146.937421000075,3381.4424980959634
1780224879,40,GET,/api/concerts,3.200000,0.000000,3,4,5,5,7,21,61,61,61,61,61,512,0,7,39.11882586523407,2.514954999924157,1222.359064000102,753.0
1780224879,40,GET,/health,1.700000,0.000000,3,4,8,28,35,47,47,47,47,47,47,229,0,7,35.19572690394235,2.6218760001484043,818.11841800004,57.0
1780224879,40,,Aggregated,18.100000,0.000000,170,240,300,430,550,690,870,940,970,970,970,3367,0,410,1034.426626197804,2.514954999924157,6146.937421000075,2755.645084645085
1780224880,40,POST,/api/book,13.400000,0.000000,220,300,470,510,630,770,920,940,970,970,970,2641,0,800,1310.0849493214696,92.51901399989038,6146.937421000075,3381.4513441878075
1780224880,40,GET,/api/concerts,3.500000,0.000000,3,4,5,5,7,21,61,61,61,61,61,512,0,7,39.11882586523407,2.514954999924157,1222.359064000102,753.0
1780224880,40,GET,/health,1.500000,0.000000,3,3,3,28,36,36,36,36,36,36,36,230,0,7,35.20129074349084,2.6218760001484043,818.11841800004,57.0
1780224880,40,,Aggregated,18.400000,0.000000,170,240,300,460,550,690,870,940,970,970,970,3383,0,410,1031.0551247035194,2.514954999924157,6146.937421000075,2757.629027490393
1780224881,40,POST,/api/book,13.000000,0.000000,220,310,470,510,620,720,840,920,940,940,940,2655,0,800,1305.5148701005658,92.51901399989038,6146.937421000075,3381.470056497175
1780224881,40,GET,/api/concerts,3.700000,0.000000,4,4,5,5,7,21,61,61,61,61,61,514,0,7,38.97866547665332,2.514954999924157,1222.359064000102,753.0
1780224881,40,GET,/health,1.500000,0.000000,3,3,4,28,36,36,36,36,36,36,36,231,0,7,35.06488879222084,2.6218760001484043,818.11841800004,57.0
1780224881,40,,Aggregated,18.200000,0.000000,170,240,330,470,570,670,810,920,940,940,940,3400,0,410,1027.7285304361783,2.514954999924157,6146.937421000075,2758.2388235294115
1780224882,40,POST,/api/book,13.300000,0.000000,240,410,490,530,650,770,910,920,940,940,940,2667,0,790,1301.0890874255724,92.51901399989038,6146.937421000075,3381.5215598050245
1780224882,40,GET,/api/concerts,3.500000,0.000000,3,5,6,7,37,52,61,61,61,61,61,519,0,7,38.79772609248586,2.514954999924157,1222.359064000102,753.0
1780224882,40,GET,/health,1.300000,0.000000,3,4,4,4,28,36,36,36,36,36,36,233,0,7,34.794458034348025,2.6218760001484043,818.11841800004,57.0
1780224882,40,,Aggregated,18.100000,0.000000,180,270,430,480,620,690,840,920,940,940,940,3419,0,410,1023.1786267119058,2.514954999924157,6146.937421000075,2755.95378765721
1780224883,40,POST,/api/book,13.000000,0.000000,270,460,530,550,670,820,920,930,940,940,940,2677,0,790,1297.8637261542774,92.51901399989038,6146.937421000075,3381.5502428091145
1780224883,40,GET,/api/concerts,3.500000,0.000000,3,4,6,7,21,52,61,61,61,61,61,521,0,7,38.6597909980811,2.514954999924157,1222.359064000102,753.0
1780224883,40,GET,/health,1.000000,0.000000,3,3,4,4,28,36,36,36,36,36,36,236,0,7,34.38749762713077,2.5873679999222077,818.11841800004,57.0
1780224883,40,,Aggregated,17.500000,0.000000,170,300,470,500,630,770,910,930,940,940,940,3434,0,400,1019.9878845267923,2.514954999924157,6146.937421000075,2754.2734420500874
1780224884,40,POST,/api/book,13.000000,0.000000,260,460,530,570,690,820,920,930,940,940,940,2690,0,780,1293.0498614877324,92.51901399989038,6146.937421000075,3381.550185873606
1780224884,40,GET,/api/concerts,3.600000,0.000000,4,6,12,17,29,52,61,61,61,61,61,526,0,7,38.41820516349864,2.514954999924157,1222.359064000102,753.0
1780224884,40,GET,/health,1.000000,0.000000,3,3,4,4,28,36,36,36,36,36,36,237,0,7,34.253969050645566,2.5873679999222077,818.11841800004,57.0
1780224884,40,,Aggregated,17.600000,0.000000,170,270,450,500,630,770,910,930,940,940,940,3453,0,400,1015.5315070903572,2.514954999924157,6146.937421000075,2752.9559803069797
1780224885,40,POST,/api/book,13.100000,0.000000,290,450,530,550,720,840,920,930,930,930,930,2706,0,770,1288.0865092897263,92.51901399989038,6146.937421000075,3381.488913525499
1780224885,40,GET,/api/concerts,3.100000,0.000000,4,7,17,19,37,52,61,61,61,61,61,526,0,7,38.41820516349864,2.514954999924157,1222.359064000102,753.0
1780224885,40,GET,/health,1.200000,0.000000,3,3,4,4,28,36,36,36,36,36,36,237,0,7,34.253969050645566,2.5873679999222077,818.11841800004,57.0
1780224885,40,,Aggregated,17.400000,0.000000,190,310,460,510,620,810,920,930,930,930,930,3469,0,400,1012.9398272467578,2.514954999924157,6146.937421000075,2755.807437301816
1780224886,40,POST,/api/book,12.200000,0.000000,260,400,510,550,720,840,920,930,930,930,930,2720,0,760,1282.5148704183814,92.51901399989038,6146.937421000075,3381.510294117647
1780224886,40,GET,/api/concerts,2.900000,0.000000,5,12,19,29,52,54,61,61,61,61,61,528,0,7,38.45118636363688,2.514954999924157,1222.359064000102,753.0
1780224886,40,GET,/health,1.400000,0.000000,3,4,4,16,28,36,36,36,36,36,36,239,0,7,34.045190251058976,2.5873679999222077,818.11841800004,57.0
1780224886,40,,Aggregated,16.500000,0.000000,180,300,410,500,620,810,920,930,930,930,930,3487,0,400,1008.5688197327219,2.514954999924157,6146.937421000075,2755.639518210496
1780224887,40,POST,/api/book,13.200000,0.000000,300,440,530,560,820,930,1100,1100,1200,1200,1200,2739,0,760,1277.2028008506745,92.51901399989038,6146.937421000075,3381.520627966411
1780224887,40,GET,/api/concerts,3.200000,0.000000,4,12,29,37,54,55,61,61,61,61,61,533,0,7,38.225753176360904,2.514954999924157,1222.359064000102,753.0
1780224887,40,GET,/health,1.400000,0.000000,3,3,4,4,16,36,36,36,36,36,36,241,0,7,33.78548762656855,2.5873679999222077,818.11841800004,57.0
1780224887,40,,Aggregated,17.800000,0.000000,190,340,440,500,740,920,970,1100,1200,1200,1200,3513,0,390,1003.9211786196986,2.514954999924157,6146.937421000075,2754.6458867065185
1780224888,40,POST,/api/book,13.100000,0.000000,290,410,500,570,820,930,1100,1100,1200,1200,1200,2748,0,750,1274.023629720523,92.51901399989038,6146.937421000075,3381.588427947598
1780224888,40,GET,/api/concerts,2.900000,0.000000,4,10,29,37,54,55,61,61,61,61,61,534,0,7,38.1733832790271,2.514954999924157,1222.359064000102,753.0
1780224888,40,GET,/health,1.600000,0.000000,3,3,4,4,16,36,36,36,36,36,36,244,0,6,33.40778884427442,2.5873679999222077,818.11841800004,57.0
1780224888,40,,Aggregated,17.600000,0.000000,190,340,440,500,670,920,970,1100,1200,1200,1200,3526,0,390,1001.0076635340333,2.514954999924157,6146.937421000075,2753.435904707884
1780224889,40,POST,/api/book,13.000000,0.000000,310,410,540,590,820,930,1100,1100,1200,1200,1200,2761,0,740,1269.6315956599046,92.51901399989038,6146.937421000075,3381.566461427019
1780224889,40,GET,/api/concerts,2.900000,0.000000,7,12,29,37,52,54,55,55,55,55,55,536,0,7,38.06059880597106,2.514954999924157,1222.359064000102,753.0
1780224889,40,GET,/health,1.400000,0.000000,3,4,4,4,16,36,36,36,36,36,36,249,0,5,32.801287630532606,2.5873679999222077,818.11841800004,57.0
1780224889,40,,Aggregated,17.300000,0.000000,180,340,410,500,670,920,970,1100,1200,1200,1200,3546,0,390,996.621781499436,2.514954999924157,6146.937421000075,2750.7913141567965
1780224890,40,POST,/api/book,13.100000,0.000000,310,420,540,590,830,930,1100,1100,1200,1200,1200,2772,0,740,1266.340043651153,92.51901399989038,6146.937421000075,3381.572510822511
1780224890,40,GET,/api/concerts,2.600000,0.000000,7,12,29,37,52,54,55,55,55,55,55,536,0,7,38.06059880597106,2.514954999924157,1222.359064000102,753.0
1780224890,40,GET,/health,1.500000,0.000000,3,3,4,4,4,16,16,16,16,16,16,250,0,5,32.68163105601025,2.5873679999222077,818.11841800004,57.0
1780224890,40,,Aggregated,17.200000,0.000000,190,340,420,510,660,920,970,1100,1200,1200,1200,3558,0,390,994.6221162802135,2.514954999924157,6146.937421000075,2751.989038785835
1780224891,40,POST,/api/book,13.100000,0.000000,290,400,480,550,820,930,1100,1100,1200,1200,1200,2789,0,720,1260.2441808106832,92.51901399989038,6146.937421000075,3381.5385442811044
1780224891,40,GET,/api/concerts,2.300000,0.000000,8,12,15,19,40,54,55,55,55,55,55,540,0,7,37.83828044814911,2.514954999924157,1222.359064000102,753.0
1780224891,40,GET,/health,1.900000,0.000000,3,3,4,4,4,16,35,35,35,35,35,252,0,5,32.57365959921667,2.5873679999222077,818.11841800004,57.0
1780224891,40,,Aggregated,17.300000,0.000000,190,320,400,470,660,920,970,1100,1200,1200,1200,3581,0,390,989.517524139067,2.514954999924157,6146.937421000075,2751.2133482267523
1780224892,40,POST,/api/book,13.000000,0.000000,290,400,480,530,740,920,1100,1100,1200,1200,1200,2804,0,720,1255.5748797325232,92.51901399989038,6146.937421000075,3381.5071326676175
1780224892,40,GET,/api/concerts,2.400000,0.000000,10,12,19,29,54,55,55,55,55,55,55,541,0,7,37.77387228835569,2.514954999924157,1222.359064000102,753.0
1780224892,40,GET,/health,2.100000,0.000000,3,3,4,4,16,35,75,75,75,75,75,255,0,5,32.558728380401995,2.5873679999222077,818.11841800004,57.0
1780224892,40,,Aggregated,17.500000,0.000000,190,330,410,450,650,860,970,1100,1200,1200,1200,3600,0,390,985.9361398374996,2.514954999924157,6146.937421000075,2751.015
1780224893,40,POST,/api/book,13.000000,0.000000,310,410,480,530,740,920,1100,1100,1200,1200,1200,2808,0,710,1254.1589221908814,92.51901399989038,6146.937421000075,3381.5071225071224
1780224893,40,GET,/api/concerts,2.500000,0.000000,8,12,15,19,40,54,55,55,55,55,55,545,0,7,37.520769040367234,2.514954999924157,1222.359064000102,753.0
1780224893,40,GET,/health,2.100000,0.000000,3,3,4,4,16,35,75,75,75,75,75,256,0,5,32.44321092579172,2.5873679999222077,818.11841800004,57.0
1780224893,40,,Aggregated,17.600000,0.000000,200,340,410,450,650,860,970,1100,1200,1200,1200,3609,0,390,983.7718300459958,2.514954999924157,6146.937421000075,2748.7528401219174
1780224894,40,POST,/api/book,13.500000,0.000000,280,410,470,530,790,930,1100,1100,1200,1200,1200,2827,0,710,1248.9292949667476,92.51901399989038,6146.937421000075,3381.506544039618
1780224894,40,GET,/api/concerts,2.200000,0.000000,4,8,12,15,54,55,81,81,81,81,81,550,0,7,37.359611709091595,2.514954999924157,1222.359064000102,753.0
1780224894,40,GET,/health,2.200000,0.000000,3,4,14,16,35,75,75,75,75,75,75,257,0,5,32.36963408172292,2.5873679999222077,818.11841800004,57.0
1780224894,40,,Aggregated,17.900000,0.000000,190,330,410,450,660,860,1100,1100,1200,1200,1200,3634,0,380,979.5239128425975,2.514954999924157,6146.937421000075,2748.574023115025
1780224895,40,POST,/api/book,13.000000,0.000000,300,420,480,550,790,970,1100,1100,1200,1200,1200,2838,0,690,1244.8550043220562,92.51901399989038,6146.937421000075,3381.4890768146583
1780224895,40,GET,/api/concerts,2.400000,0.000000,4,8,10,15,54,55,81,81,81,81,81,552,0,7,37.28656995289921,2.514954999924157,1222.359064000102,753.0
1780224895,40,GET,/health,2.200000,0.000000,3,4,4,14,35,75,75,75,75,75,75,258,0,5,32.25503048450717,2.5873679999222077,818.11841800004,57.0
1780224895,40,,Aggregated,17.600000,0.000000,190,320,420,470,660,860,1100,1100,1200,1200,1200,3648,0,380,976.3712957086072,2.514954999924157,6146.937421000075,2748.6370614035086
1780224896,40,POST,/api/book,13.600000,0.000000,280,410,480,550,790,970,1100,1100,1200,1200,1200,2848,0,690,1241.4630002415713,92.51901399989038,6146.937421000075,3381.4852528089887
1780224896,40,GET,/api/concerts,2.400000,0.000000,4,6,10,12,55,81,94,94,94,94,94,557,0,7,37.1429071687622,2.514954999924157,1222.359064000102,753.0
1780224896,40,GET,/health,2.000000,0.000000,3,4,4,14,35,75,75,75,75,75,75,260,0,5,32.02907846154954,2.5873679999222077,818.11841800004,57.0
1780224896,40,,Aggregated,18.000000,0.000000,170,300,410,470,660,860,1100,1100,1200,1200,1200,3665,0,380,972.6337747287855,2.514954999924157,6146.937421000075,2746.169440654843
1780224897,40,POST,/api/book,13.400000,0.000000,280,410,480,530,670,790,910,1000,1100,1100,1100,2865,0,690,1236.1742448251289,92.51901399989038,6146.937421000075,3381.4729493891796
1780224897,40,GET,/api/concerts,2.500000,0.000000,4,5,10,10,32,81,94,94,94,94,94,559,0,6,37.02061529874857,2.514954999924157,1222.359064000102,753.0
1780224897,40,GET,/health,2.100000,0.000000,3,3,4,14,35,75,75,75,75,75,75,262,0,5,31.806797767185497,2.5873679999222077,818.11841800004,57.0
1780224897,40,,Aggregated,18.000000,0.000000,180,300,410,450,650,780,870,1000,1100,1100,1100,3686,0,380,968.7105578922947,2.514954999924157,6146.937421000075,2746.549376017363
1780224898,40,POST,/api/book,12.400000,0.000000,270,410,480,530,730,790,910,1000,1100,1100,1100,2879,0,680,1231.749329793329,92.51901399989038,6146.937421000075,3381.454324418201
1780224898,40,GET,/api/concerts,2.900000,0.000000,3,4,6,10,32,81,94,94,94,94,94,561,0,6,36.8991347789669,2.514954999924157,1222.359064000102,753.0
1780224898,40,GET,/health,2.100000,0.000000,3,3,14,16,35,75,75,75,75,75,75,263,0,5,31.69702145628339,2.5873679999222077,818.11841800004,57.0
1780224898,40,,Aggregated,17.400000,0.000000,180,300,410,470,660,780,870,1000,1100,1100,1100,3703,0,380,965.4990687898996,2.514954999924157,6146.937421000075,2747.132325141777
1780224899,40,POST,/api/book,13.000000,0.000000,230,340,440,480,710,790,910,1000,1100,1100,1100,2889,0,670,1228.090083039804,92.51901399989038,6146.937421000075,3381.4492904119074
1780224899,40,GET,/api/concerts,2.800000,0.000000,3,4,5,10,32,81,94,94,94,94,94,561,0,6,36.8991347789669,2.514954999924157,1222.359064000102,753.0
1780224899,40,GET,/health,2.100000,0.000000,3,7,16,24,35,75,75,75,75,75,75,265,0,5,31.572894671707353,2.5873679999222077,818.11841800004,57.0
1780224899,40,,Aggregated,17.900000,0.000000,170,270,340,430,620,740,870,1000,1100,1100,1100,3715,0,370,962.8585414807532,2.514954999924157,6146.937421000075,2747.3876177658144
1780224900,40,POST,/api/book,13.100000,0.000000,250,380,470,510,780,940,1200,1200,1300,1300,1300,2907,0,670,1223.8389381561722,92.51901399989038,6146.937421000075,3381.5132438940486
1780224900,40,GET,/api/concerts,2.800000,0.000000,3,5,12,15,32,81,94,94,94,94,94,564,0,6,36.83067387588766,2.514954999924157,1222.359064000102,753.0
1780224900,40,GET,/health,2.100000,0.000000,3,7,16,16,27,75,75,75,75,75,75,267,0,5,31.449929314616405,2.5873679999222077,818.11841800004,57.0
1780224900,40,,Aggregated,18.000000,0.000000,170,280,390,440,730,870,1100,1200,1300,1300,1300,3738,0,370,959.5691344069013,2.514954999924157,6146.937421000075,2747.450508293205
1780224901,40,POST,/api/book,13.200000,0.000000,250,380,470,510,760,940,1200,1200,1300,1300,1300,2920,0,660,1219.9664808941757,92.51901399989038,6146.937421000075,3381.5109589041094
1780224901,40,GET,/api/concerts,2.600000,0.000000,3,4,6,28,32,81,94,94,94,94,94,565,0,6,36.770739723895225,2.514954999924157,1222.359064000102,753.0
1780224901,40,GET,/health,1.600000,0.000000,3,7,14,16,24,27,27,27,27,27,27,267,0,5,31.449929314616405,2.5873679999222077,818.11841800004,57.0
1780224901,40,,Aggregated,17.400000,0.000000,180,290,390,440,710,870,1100,1200,1300,1300,1300,3752,0,370,957.2160776337947,2.514954999924157,6146.937421000075,2749.1140724946695
1780224902,40,POST,/api/book,13.000000,0.000000,270,400,480,550,820,1100,1200,1200,1300,1300,1300,2925,0,660,1219.0799732092285,92.51901399989038,6146.937421000075,3381.4482051282052
1780224902,40,GET,/api/concerts,2.500000,0.000000,5,25,32,32,64,81,94,94,94,94,94,569,0,7,36.82054526889361,2.514954999924157,1222.359064000102,753.0
1780224902,40,GET,/health,1.600000,0.000000,3,7,14,14,24,27,27,27,27,27,27,267,0,5,31.449929314616405,2.5873679999222077,818.11841800004,57.0
1780224902,40,,Aggregated,17.100000,0.000000,180,320,410,470,740,940,1100,1200,1300,1300,1300,3761,0,370,955.9045315134268,2.514954999924157,6146.937421000075,2747.7830364264823
1780224903,40,POST,/api/book,13.500000,0.000000,310,470,610,720,940,1200,1700,1800,2000,2000,2000,2944,0,660,1216.4078787904189,92.51901399989038,6146.937421000075,3381.4650135869565
1780224903,40,GET,/api/concerts,2.700000,0.000000,6,28,32,32,64,81,94,94,94,94,94,570,0,7,36.77587456140417,2.514954999924157,1222.359064000102,753.0
1780224903,40,GET,/health,1.600000,0.000000,3,4,7,7,24,27,27,27,27,27,27,268,0,5,31.346978257472745,2.5873679999222077,818.11841800004,57.0
1780224903,40,,Aggregated,17.800000,0.000000,190,360,480,610,870,1200,1400,1800,2000,2000,2000,3782,0,370,954.6451702358537,2.514954999924157,6146.937421000075,2749.7406134320468
1780224904,40,POST,/api/book,12.400000,0.000000,330,520,690,740,1100,1300,1800,2000,2000,2000,2000,2958,0,670,1214.3539168695047,92.51901399989038,6146.937421000075,3381.4330628803245
1780224904,40,GET,/api/concerts,2.800000,0.000000,3,12,28,31,55,64,94,94,94,94,94,574,0,6,36.54313029094129,2.514954999924157,1222.359064000102,753.0
1780224904,40,GET,/health,1.400000,0.000000,3,4,7,24,27,27,27,27,27,27,27,268,0,5,31.346978257472745,2.5873679999222077,818.11841800004,57.0
1780224904,40,,Aggregated,16.600000,0.000000,200,410,550,690,970,1200,1700,2000,2000,2000,2000,3800,0,370,953.0093771210526,2.514954999924157,6146.937421000075,2749.9413157894737
1780224905,40,POST,/api/book,12.800000,0.000000,340,530,670,730,1100,1300,1800,2000,2000,2000,2000,2972,0,660,1210.2841113973739,92.51901399989038,6146.937421000075,3381.4771197846567
1780224905,40,GET,/api/concerts,2.500000,0.000000,4,25,31,32,64,94,94,94,94,94,94,576,0,6,36.42623127604227,2.514954999924157,1222.359064000102,753.0
1780224905,40,GET,/health,1.100000,0.000000,3,4,7,24,27,27,27,27,27,27,27,269,0,5,31.239758869897994,2.5049629998648015,818.11841800004,57.0
1780224905,40,,Aggregated,16.400000,0.000000,230,450,550,680,970,1200,1700,2000,2000,2000,2000,3817,0,370,950.0522356363637,2.5049629998648015,6146.937421000075,2750.5399528425464
1780224906,40,POST,/api/book,13.600000,0.000000,360,530,670,730,1100,1300,1800,2000,2000,2000,2000,2985,0,650,1206.5168102602995,92.51901399989038,6146.937421000075,3381.4633165829146
1780224906,40,GET,/api/concerts,2.600000,0.000000,3,12,28,31,55,62,64,64,64,64,64,580,0,6,36.298154715517754,2.514954999924157,1222.359064000102,753.0
1780224906,40,GET,/health,1.100000,0.000000,3,4,7,24,27,27,27,27,27,27,27,270,0,5,31.134052507416573,2.5049629998648015,818.11841800004,57.0
1780224906,40,,Aggregated,17.300000,0.000000,230,440,550,670,970,1200,1700,2000,2000,2000,2000,3835,0,370,946.7827386020857,2.5049629998648015,6146.937421000075,2749.8821382007823
1780224907,40,POST,/api/book,13.000000,0.000000,370,530,670,730,1100,1400,1800,2000,2000,2000,2000,2994,0,650,1203.6781251549749,92.51901399989038,6146.937421000075,3381.4682698730794
1780224907,40,GET,/api/concerts,2.400000,0.000000,3,12,28,31,55,62,64,64,64,64,64,580,0,6,36.298154715517754,2.514954999924157,1222.359064000102,753.0
1780224907,40,GET,/health,1.100000,0.000000,4,5,7,24,27,27,27,27,27,27,27,272,0,5,30.933601658097714,2.5049629998648015,818.11841800004,57.0
1780224907,40,,Aggregated,16.500000,0.000000,240,450,550,670,1100,1200,1800,2000,2000,2000,2000,3846,0,370,944.6903734009359,2.5049629998648015,6146.937421000075,2749.9635985439418
1780224908,40,POST,/api/book,13.700000,0.000000,380,520,610,720,1100,1300,1800,2000,2000,2000,2000,3009,0,640,1199.0764303220324,92.51901399989038,6146.937421000075,3381.4327018943172
1780224908,40,GET,/api/concerts,2.300000,0.000000,3,12,28,32,55,62,64,64,64,64,64,586,0,6,36.03620405119491,2.514954999924157,1222.359064000102,753.0
1780224908,40,GET,/health,0.900000,0.000000,3,4,5,5,24,27,27,27,27,27,27,275,0,5,30.632514781827506,2.5049629998648015,818.11841800004,57.0
1780224908,40,,Aggregated,16.900000,0.000000,240,420,530,600,970,1200,1700,2000,2000,2000,2000,3870,0,360,939.9385364284237,2.5049629998648015,6146.937421000075,2747.2
1780224909,40,POST,/api/book,13.100000,0.000000,380,520,600,690,1100,1300,1800,2000,2000,2000,2000,3019,0,640,1196.1130386147718,92.51901399989038,6146.937421000075,3381.467373302418
1780224909,40,GET,/api/concerts,2.100000,0.000000,3,11,25,31,55,62,64,64,64,64,64,590,0,6,35.8115551203396,2.514954999924157,1222.359064000102,753.0
1780224909,40,GET,/health,1.100000,0.000000,3,4,4,5,27,27,27,27,27,27,27,275,0,5,30.632514781827506,2.5049629998648015,818.11841800004,57.0
1780224909,40,,Aggregated,16.300000,0.000000,220,420,530,580,930,1200,1700,2000,2000,2000,2000,3884,0,360,937.3372869886715,2.5049629998648015,6146.937421000075,2746.8061277033985
1780224910,40,POST,/api/book,12.900000,0.000000,390,550,670,760,1000,1400,1800,2000,2000,2000,2000,3035,0,640,1192.8259251822062,92.51901399989038,6146.937421000075,3381.453377265239
1780224910,40,GET,/api/concerts,2.300000,0.000000,3,4,25,26,55,62,64,64,64,64,64,592,0,6,35.739677462838344,2.514954999924157,1222.359064000102,753.0
1780224910,40,GET,/health,1.100000,0.000000,3,4,4,5,27,27,27,27,27,27,27,276,0,5,30.533515673922228,2.5049629998648015,818.11841800004,57.0
1780224910,40,,Aggregated,16.300000,0.000000,230,430,560,670,940,1200,1700,2000,2000,2000,2000,3903,0,360,935.1298545508583,2.5049629998648015,6146.937421000075,2747.686138867538
1780224911,40,POST,/api/book,12.700000,0.000000,380,540,670,730,970,1200,1800,2000,2000,2000,2000,3044,0,640,1189.9203735686585,92.51901399989038,6146.937421000075,3381.434296977661
1780224911,40,GET,/api/concerts,2.800000,0.000000,3,3,4,19,48,62,64,64,64,64,64,598,0,6,35.49685524582052,2.514954999924157,1222.359064000102,753.0
1780224911,40,GET,/health,1.100000,0.000000,3,3,4,4,5,5,5,5,5,5,5,277,0,5,30.4338524657131,2.5049629998648015,818.11841800004,57.0
1780224911,40,,Aggregated,16.600000,0.000000,180,410,550,600,930,1100,1700,2000,2000,2000,2000,3919,0,360,931.8129404728248,2.5049629998648015,6146.937421000075,2745.3863230415923
1780224912,40,POST,/api/book,13.200000,0.000000,320,430,550,610,940,1200,1800,2000,2000,2000,2000,3062,0,630,1184.636488157086,92.51901399989038,6146.937421000075,3381.4425212279557
1780224912,40,GET,/api/concerts,3.000000,0.000000,3,3,4,4,26,48,62,62,62,62,62,602,0,5,35.28454676245991,2.514954999924157,1222.359064000102,753.0
1780224912,40,GET,/health,0.900000,0.000000,3,4,4,4,5,34,34,34,34,34,34,278,0,5,30.445154589937545,2.5049629998648015,818.11841800004,57.0
1780224912,40,,Aggregated,17.100000,0.000000,170,340,450,540,810,1100,1700,2000,2000,2000,2000,3942,0,350,927.7173964647393,2.5049629998648015,6146.937421000075,2745.5933536276
1780224913,40,POST,/api/book,12.500000,0.000000,220,380,430,520,580,880,940,950,1000,1000,1000,3067,0,620,1182.9877235477657,92.51901399989038,6146.937421000075,3381.462667101402
1780224913,40,GET,/api/concerts,3.200000,0.000000,3,4,4,5,26,48,62,62,62,62,62,605,0,5,35.138445507439585,2.514954999924157,1222.359064000102,753.0
1780224913,40,GET,/health,1.000000,0.000000,3,3,3,4,5,34,34,34,34,34,34,281,0,5,30.14990671175266,2.5049629998648015,818.11841800004,57.0
1780224913,40,,Aggregated,16.700000,0.000000,160,260,380,420,560,760,910,950,1000,1000,1000,3953,0,350,925.3615561444478,2.5049629998648015,6146.937421000075,2742.8606121932708
1780224914,40,POST,/api/book,13.400000,0.000000,290,420,510,550,810,920,980,1000,1100,1100,1100,3089,0,620,1178.3348693036576,92.51901399989038,6146.937421000075,3381.4596956943997
1780224914,40,GET,/api/concerts,3.300000,0.000000,3,4,4,5,26,48,62,62,62,62,62,609,0,5,34.93090317241554,2.514954999924157,1222.359064000102,753.0
1780224914,40,GET,/health,1.100000,0.000000,3,3,3,4,5,34,34,34,34,34,34,282,0,4,30.05407120568313,2.5049629998648015,818.11841800004,57.0
1780224914,40,,Aggregated,17.800000,0.000000,170,320,420,480,670,900,950,1000,1100,1100,1100,3980,0,350,922.016225977639,2.5049629998648015,6146.937421000075,2743.713567839196
1780224915,40,POST,/api/book,13.100000,0.000000,260,380,470,530,880,920,980,1000,1100,1100,1100,3098,0,620,1175.6729657947058,92.51901399989038,6146.937421000075,3381.468366688186
1780224915,40,GET,/api/concerts,3.300000,0.000000,3,4,4,4,19,36,48,48,48,48,48,610,0,5,34.87828008196915,2.514954999924157,1222.359064000102,753.0
1780224915,40,GET,/health,1.300000,0.000000,3,3,3,4,5,34,34,34,34,34,34,282,0,4,30.05407120568313,2.5049629998648015,818.11841800004,57.0
1780224915,40,,Aggregated,17.700000,0.000000,170,280,380,430,630,900,950,1000,1100,1100,1100,3990,0,350,920.2972047523818,2.5049629998648015,6146.937421000075,2744.6598997493734
1780224916,40,POST,/api/book,12.100000,0.000000,280,400,470,530,810,920,980,1000,1100,1100,1100,3115,0,610,1170.7847658959863,92.51901399989038,6146.937421000075,3381.4234349919743
1780224916,40,GET,/api/concerts,3.500000,0.000000,3,4,4,4,19,36,48,48,48,48,48,611,0,5,34.82607269067304,2.514954999924157,1222.359064000102,753.0
1780224916,40,GET,/health,1.400000,0.000000,3,3,4,4,21,34,34,34,34,34,34,284,0,4,29.929848095079787,2.5049629998648015,818.11841800004,57.0
1780224916,40,,Aggregated,17.000000,0.000000,170,290,410,450,630,900,950,1000,1100,1100,1100,4010,0,350,916.901085545886,2.5049629998648015,6146.937421000075,2745.48753117207
1780224917,40,POST,/api/book,12.700000,0.000000,260,410,520,570,880,940,1000,1000,1100,1100,1100,3129,0,610,1167.4366172233931,92.51901399989038,6146.937421000075,3381.4471077021412
1780224917,40,GET,/api/concerts,3.500000,0.000000,3,4,4,6,23,26,36,36,36,36,36,613,0,5,34.75925408156795,2.514954999924157,1222.359064000102,753.0
1780224917,40,GET,/health,1.300000,0.000000,3,3,4,4,21,34,34,34,34,34,34,286,0,4,29.7393607412686,2.5049629998648015,818.11841800004,57.0
1780224917,40,,Aggregated,17.500000,0.000000,170,280,410,490,760,920,1000,1000,1100,1100,1100,4028,0,340,914.2805499543202,2.5049629998648015,6146.937421000075,2745.392005958292
1780224918,40,POST,/api/book,12.700000,0.000000,280,410,520,550,880,940,1000,1000,1100,1100,1100,3143,0,600,1163.6192874661144,92.51901399989038,6146.937421000075,3381.454979319122
1780224918,40,GET,/api/concerts,3.200000,0.000000,3,4,6,12,23,26,36,36,36,36,36,613,0,5,34.75925408156795,2.514954999924157,1222.359064000102,753.0
1780224918,40,GET,/health,1.400000,0.000000,3,4,4,21,34,40,40,40,40,40,40,288,0,4,29.6823302638991,2.5049629998648015,818.11841800004,57.0
1780224918,40,,Aggregated,17.300000,0.000000,180,290,440,510,760,920,1000,1000,1100,1100,1100,4044,0,340,911.7486039500501,2.5049629998648015,6146.937421000075,2746.2705242334323
1780224919,40,POST,/api/book,13.300000,0.000000,280,410,480,530,650,920,1000,1000,1100,1100,1100,3160,0,600,1159.0185134262651,92.51901399989038,6146.937421000075,3381.412658227848
1780224919,40,GET,/api/concerts,3.300000,0.000000,3,4,5,6,19,23,36,36,36,36,36,614,0,5,34.70747044951337,2.514954999924157,1222.359064000102,753.0
1780224919,40,GET,/health,1.200000,0.000000,3,3,4,21,34,40,40,40,40,40,40,288,0,4,29.6823302638991,2.5049629998648015,818.11841800004,57.0
1780224919,40,,Aggregated,17.800000,0.000000,200,290,430,470,590,900,980,1000,1100,1100,1100,4062,0,340,908.9998523877407,2.5049629998648015,6146.937421000075,2748.4052191038895
1780224920,40,POST,/api/book,13.100000,0.000000,270,410,480,520,650,900,1000,1000,1100,1100,1100,3180,0,590,1154.0282135009427,92.51901399989038,6146.937421000075,3381.3632075471696
1780224920,40,GET,/api/concerts,2.900000,0.000000,3,4,5,6,23,30,34,34,34,34,34,618,0,5,34.59965553398219,2.514954999924157,1222.359064000102,753.0
1780224920,40,GET,/health,1.200000,0.000000,3,4,21,21,34,40,40,40,40,40,40,288,0,4,29.6823302638991,2.5049629998648015,818.11841800004,57.0
1780224920,40,,Aggregated,17.200000,0.000000,210,300,440,480,590,880,980,1000,1100,1100,1100,4086,0,340,905.467649821097,2.5049629998648015,6146.937421000075,2749.5117474302497
1780224921,40,POST,/api/book,13.900000,0.000000,280,370,470,510,650,900,1000,1000,1100,1100,1100,3192,0,580,1150.5193129592726,92.51901399989038,6146.937421000075,3381.3894110275687
1780224921,40,GET,/api/concerts,2.400000,0.000000,3,5,10,12,30,34,34,34,34,34,34,621,0,5,34.45853154911569,2.514954999924157,1222.359064000102,753.0
1780224921,40,GET,/health,1.300000,0.000000,3,3,4,4,21,40,40,40,40,40,40,289,0,4,29.589409069214103,2.5049629998648015,818.11841800004,57.0
1780224921,40,,Aggregated,17.600000,0.000000,210,300,420,470,590,880,980,1000,1100,1100,1100,4102,0,340,902.5859908042424,2.5049629998648015,6146.937421000075,2749.2640175524134
1780224922,40,POST,/api/book,13.700000,0.000000,280,410,470,510,650,900,1000,1000,1100,1100,1100,3204,0,580,1147.3041524644186,92.51901399989038,6146.937421000075,3381.3751560549313
1780224922,40,GET,/api/concerts,2.400000,0.000000,3,5,10,12,30,34,34,34,34,34,34,622,0,5,34.40835009164106,2.514954999924157,1222.359064000102,753.0
1780224922,40,GET,/health,1.300000,0.000000,3,3,4,21,40,40,40,40,40,40,40,289,0,4,29.589409069214103,2.5049629998648015,818.11841800004,57.0
1780224922,40,,Aggregated,17.400000,0.000000,220,310,450,480,590,880,980,1000,1100,1100,1100,4115,0,340,900.5870807956261,2.5049629998648015,6146.937421000075,2750.611178614824
1780224923,40,POST,/api/book,14.300000,0.000000,260,340,460,500,630,900,1000,1000,1100,1100,1100,3214,0,580,1144.3775269091466,92.51901399989038,6146.937421000075,3381.3450528935905
1780224923,40,GET,/api/concerts,2.200000,0.000000,5,10,25,25,30,34,34,34,34,34,34,624,0,5,34.385464501603806,2.514954999924157,1222.359064000102,753.0
1780224923,40,GET,/health,1.100000,0.000000,3,3,4,4,21,40,40,40,40,40,40,291,0,4,29.406835395199238,2.5049629998648015,818.11841800004,57.0
1780224923,40,,Aggregated,17.600000,0.000000,210,310,420,470,590,820,980,1000,1100,1100,1100,4129,0,340,898.0487504080895,2.5049629998648015,6146.937421000075,2749.843061273916
1780224924,40,POST,/api/book,14.200000,0.000000,270,340,470,510,650,1000,1200,1200,1300,1300,1300,3234,0,580,1141.10379441713,92.51901399989038,6146.937421000075,3381.3596165739023
1780224924,40,GET,/api/concerts,2.100000,0.000000,5,10,25,30,30,34,34,34,34,34,34,625,0,5,34.33712433920144,2.514954999924157,1222.359064000102,753.0
1780224924,40,GET,/health,1.100000,0.000000,3,3,4,21,40,40,40,40,40,40,40,292,0,4,29.315890654119936,2.5049629998648015,818.11841800004,57.0
1780224924,40,,Aggregated,17.400000,0.000000,220,310,420,480,590,900,1200,1200,1300,1300,1300,4151,0,340,896.2540626181651,2.5049629998648015,6146.937421000075,2751.7672849915684
1780224925,40,POST,/api/book,14.400000,0.000000,250,330,450,510,720,1000,1200,1200,1300,1300,1300,3246,0,570,1137.5828684269868,92.51901399989038,6146.937421000075,3381.3478126925447
1780224925,40,GET,/api/concerts,2.000000,0.000000,6,13,25,30,30,34,34,34,34,34,34,626,0,5,34.30282040415484,2.514954999924157,1222.359064000102,753.0
1780224925,40,GET,/health,1.100000,0.000000,3,3,4,4,40,40,40,40,40,40,40,293,0,4,29.22829360751847,2.5049629998648015,818.11841800004,57.0
1780224925,40,,Aggregated,17.500000,0.000000,200,290,370,470,590,900,1200,1200,1300,1300,1300,4165,0,330,893.7890627884764,2.5049629998648015,6146.937421000075,2752.4451380552223
1780224926,40,POST,/api/book,14.500000,0.000000,250,330,420,470,590,900,1200,1200,1300,1300,1300,3259,0,570,1134.2077754510583,92.51901399989038,6146.937421000075,3381.339674746855
1780224926,40,GET,/api/concerts,1.700000,0.000000,6,13,25,30,30,34,34,34,34,34,34,626,0,5,34.30282040415484,2.514954999924157,1222.359064000102,753.0
1780224926,40,GET,/health,0.900000,0.000000,3,3,4,4,40,40,40,40,40,40,40,294,0,4,29.143350880962373,2.5049629998648015,818.11841800004,57.0
1780224926,40,,Aggregated,17.100000,0.000000,210,290,340,450,580,850,1200,1200,1300,1300,1300,4179,0,330,891.7025247492231,2.5049629998648015,6146.937421000075,2753.7501794687723
1780224927,40,POST,/api/book,14.600000,0.000000,270,410,490,540,830,990,1200,1200,1300,1300,1300,3281,0,570,1130.3489759228892,92.51901399989038,6146.937421000075,3381.344407192929
1780224927,40,GET,/api/concerts,1.500000,0.000000,4,10,25,30,30,34,34,34,34,34,34,628,0,5,34.20659167516082,2.514954999924157,1222.359064000102,753.0
1780224927,40,GET,/health,1.000000,0.000000,3,4,4,16,40,40,40,40,40,40,40,295,0,4,29.09907582712834,2.5049629998648015,818.11841800004,57.0
1780224927,40,,Aggregated,17.100000,0.000000,230,330,450,510,760,950,1200,1200,1300,1300,1300,4204,0,330,889.3294379029505,2.5049629998648015,6146.937421000075,2755.4448144624166
1780224928,40,POST,/api/book,14.700000,0.000000,270,360,460,520,830,990,1200,1200,1300,1300,1300,3295,0,560,1126.6270042949923,92.51901399989038,6146.937421000075,3381.385128983308
1780224928,40,GET,/api/concerts,1.500000,0.000000,4,7,13,25,30,34,34,34,34,34,34,631,0,5,34.06443900792567,2.514954999924157,1222.359064000102,753.0
1780224928,40,GET,/health,1.100000,0.000000,4,4,16,28,40,40,40,40,40,40,40,296,0,4,29.09579383109077,2.5049629998648015,818.11841800004,57.0
1780224928,40,,Aggregated,17.300000,0.000000,210,330,420,480,760,950,1200,1200,1300,1300,1300,4222,0,330,886.391045746093,2.5049629998648015,6146.937421000075,2755.490052108006
1780224929,40,POST,/api/book,14.900000,0.000000,280,360,460,540,850,1000,1200,1200,1300,1300,1300,3306,0,550,1123.862635275257,92.51901399989038,6146.937421000075,3381.3781004234725
1780224929,40,GET,/api/concerts,1.300000,0.000000,4,7,13,25,30,41,41,41,41,41,41,635,0,5,33.930232048820486,2.514954999924157,1222.359064000102,753.0
1780224929,40,GET,/health,1.000000,0.000000,4,4,4,16,28,28,28,28,28,28,28,297,0,4,29.010070370379314,2.5049629998648015,818.11841800004,57.0
1780224929,40,,Aggregated,17.200000,0.000000,210,320,420,470,760,950,1200,1200,1300,1300,1300,4238,0,330,883.8252856231724,2.5049629998648015,6146.937421000075,2754.582350165172
1780224930,40,POST,/api/book,15.300000,0.000000,300,360,460,540,800,1000,1200,1200,1300,1300,1300,3319,0,550,1120.9725798770712,92.51901399989038,6146.937421000075,3381.36908707442
1780224930,40,GET,/api/concerts,1.500000,0.000000,4,7,13,15,30,31,41,41,41,41,41,640,0,5,33.7515717265641,2.514954999924157,1222.359064000102,753.0
1780224930,40,GET,/health,1.000000,0.000000,4,4,11,11,16,28,28,28,28,28,28,299,0,4,28.86149717726631,2.5049629998648015,818.11841800004,57.0
1780224930,40,,Aggregated,17.800000,0.000000,210,330,410,460,670,950,1200,1200,1300,1300,1300,4258,0,330,880.8686205197287,2.5049629998648015,6146.937421000075,2752.871535932363
1780224931,40,POST,/api/book,14.900000,0.000000,260,360,460,540,830,1000,1200,1200,1300,1300,1300,3326,0,550,1118.991916992483,92.51901399989038,6146.937421000075,3381.3971737823213
1780224931,40,GET,/api/concerts,2.000000,0.000000,4,4,13,15,30,31,41,41,41,41,41,643,0,5,33.60768455210124,2.514954999924157,1222.359064000102,753.0
1780224931,40,GET,/health,0.800000,0.000000,4,4,11,11,16,28,28,28,28,28,28,301,0,4,28.689475986719195,2.5049629998648015,818.11841800004,57.0
1780224931,40,,Aggregated,17.700000,0.000000,190,320,390,460,670,950,1200,1200,1300,1300,1300,4270,0,330,878.6914260786896,2.5049629998648015,6146.937421000075,2751.2559718969555
1780224932,40,POST,/api/book,14.600000,0.000000,300,400,480,590,830,1000,1200,1200,1300,1300,1300,3343,0,550,1115.2631252393057,92.51901399989038,6146.937421000075,3381.4528866287765
1780224932,40,GET,/api/concerts,2.300000,0.000000,4,4,7,13,30,31,41,41,41,41,41,645,0,5,33.51926461085453,2.514954999924157,1222.359064000102,753.0
1780224932,40,GET,/health,1.000000,0.000000,4,4,11,16,22,28,28,28,28,28,28,303,0,4,28.583192726080178,2.5049629998648015,818.11841800004,57.0
1780224932,40,,Aggregated,17.900000,0.000000,220,330,420,480,720,990,1200,1200,1300,1300,1300,4291,0,330,875.9275834875332,2.5049629998648015,6146.937421000075,2751.6087159170356
1780224933,40,POST,/api/book,13.900000,0.000000,300,410,480,600,850,1100,1200,1300,1300,1300,1300,3358,0,550,1112.9594250711732,92.51901399989038,6146.937421000075,3381.4419297200716
1780224933,40,GET,/api/concerts,2.400000,0.000000,4,4,7,15,31,31,41,41,41,41,41,648,0,5,33.42045085648401,2.514954999924157,1222.359064000102,753.0
1780224933,40,GET,/health,1.200000,0.000000,4,4,16,16,22,28,28,28,28,28,28,303,0,4,28.583192726080178,2.5049629998648015,818.11841800004,57.0
1780224933,40,,Aggregated,17.500000,0.000000,220,340,420,480,780,1000,1200,1300,1300,1300,1300,4309,0,330,874.3641004734291,2.5049629998648015,6146.937421000075,2752.4012531909957
1780224934,40,POST,/api/book,13.700000,0.000000,270,380,460,580,800,990,1100,1200,1300,1300,1300,3369,0,540,1109.9052033140397,92.51901399989038,6146.937421000075,3381.4571089344017
1780224934,40,GET,/api/concerts,2.200000,0.000000,4,4,7,13,31,41,55,55,55,55,55,653,0,5,33.26776998162585,2.514954999924157,1222.359064000102,753.0
1780224934,40,GET,/health,1.200000,0.000000,4,11,16,16,22,28,28,28,28,28,28,303,0,4,28.583192726080178,2.5049629998648015,818.11841800004,57.0
1780224934,40,,Aggregated,17.100000,0.000000,200,310,390,460,670,910,1100,1200,1300,1300,1300,4325,0,320,871.5965759905216,2.5049629998648015,6146.937421000075,2751.7015028901733
1780224935,40,POST,/api/book,14.000000,0.000000,310,420,540,610,830,1000,1100,1200,1300,1300,1300,3381,0,540,1107.6337247012718,92.51901399989038,6146.937421000075,3381.4726412304053
1780224935,40,GET,/api/concerts,2.500000,0.000000,4,4,7,13,31,55,63,63,63,63,63,656,0,5,33.221906086892524,2.514954999924157,1222.359064000102,753.0
1780224935,40,GET,/health,1.200000,0.000000,4,11,16,22,28,47,47,47,47,47,47,305,0,4,28.558973245909236,2.5049629998648015,818.11841800004,57.0
1780224935,40,,Aggregated,17.700000,0.000000,210,330,430,480,780,950,1100,1200,1300,1300,1300,4342,0,320,869.5102902920329,2.5049629998648015,6146.937421000075,2750.8318747121143
1780224936,40,POST,/api/book,14.200000,0.000000,310,410,480,610,830,1100,1300,1300,1300,1300,1300,3396,0,540,1105.3362395765607,92.51901399989038,6146.937421000075,3381.4596584216724
1780224936,40,GET,/api/concerts,2.500000,0.000000,4,4,6,15,41,55,63,63,63,63,63,656,0,5,33.221906086892524,2.514954999924157,1222.359064000102,753.0
1780224936,40,GET,/health,1.200000,0.000000,11,16,26,26,28,47,47,47,47,47,47,306,0,4,28.551632535954933,2.5049629998648015,818.11841800004,57.0
1780224936,40,,Aggregated,17.900000,0.000000,200,320,410,470,800,1000,1200,1300,1300,1300,1300,4358,0,320,868.3460852572296,2.5049629998648015,6146.937421000075,2752.3742542450664
1780224937,40,POST,/api/book,13.300000,0.000000,310,410,490,610,1000,1200,1300,1300,1300,1300,1300,3412,0,540,1102.68207050762,92.51901399989038,6146.937421000075,3381.4721570926145
1780224937,40,GET,/api/concerts,2.800000,0.000000,3,4,6,15,41,55,63,63,63,63,63,657,0,5,33.17575715981961,2.514954999924157,1222.359064000102,753.0
1780224937,40,GET,/health,1.300000,0.000000,11,22,26,28,47,53,53,53,53,53,53,308,0,4,28.547761717539053,2.5049629998648015,818.11841800004,57.0
1780224937,40,,Aggregated,17.400000,0.000000,200,320,410,480,830,1200,1300,1300,1300,1300,1300,4377,0,320,866.5616649840088,2.5049629998648015,6146.937421000075,2752.995202193283
1780224938,40,POST,/api/book,13.400000,0.000000,310,420,590,630,1000,1200,1300,1300,1300,1300,1300,3425,0,540,1099.8651223211682,92.51901399989038,6146.937421000075,3381.4817518248174
1780224938,40,GET,/api/concerts,3.000000,0.000000,3,4,6,15,41,55,63,63,63,63,63,660,0,5,33.039516160608116,2.514954999924157,1222.359064000102,753.0
1780224938,40,GET,/health,1.200000,0.000000,4,22,26,32,47,53,53,53,53,53,53,309,0,4,28.557940857611143,2.5049629998648015,818.11841800004,57.0
1780224938,40,,Aggregated,17.600000,0.000000,200,350,460,550,860,1200,1300,1300,1300,1300,1300,4394,0,320,864.2850542423777,2.5049629998648015,6146.937421000075,2752.8830223031405
1780224939,40,POST,/api/book,13.100000,0.000000,310,460,590,620,1000,1200,1300,1300,1300,1300,1300,3439,0,530,1096.8558118679853,92.51901399989038,6146.937421000075,3381.46408839779
1780224939,40,GET,/api/concerts,3.000000,0.000000,3,4,6,28,31,55,63,63,63,63,63,662,0,5,32.98612845317442,2.514954999924157,1222.359064000102,753.0
1780224939,40,GET,/health,1.200000,0.000000,3,26,32,32,47,53,53,53,53,53,53,309,0,4,28.557940857611143,2.5049629998648015,818.11841800004,57.0
1780224939,40,,Aggregated,17.300000,0.000000,220,370,480,580,860,1200,1300,1300,1300,1300,1300,4410,0,320,862.3012149149678,2.5049629998648015,6146.937421000075,2753.9578231292517
1780224940,40,POST,/api/book,12.900000,0.000000,310,490,600,780,1100,1200,1300,1300,1300,1300,1300,3452,0,530,1094.8174832995371,92.51901399989038,6146.937421000075,3381.4779837775204
1780224940,40,GET,/api/concerts,3.000000,0.000000,3,4,6,28,47,55,63,63,63,63,63,664,0,5,32.96270313102613,2.514954999924157,1222.359064000102,753.0
1780224940,40,GET,/health,1.200000,0.000000,22,26,32,47,53,53,53,53,53,53,53,310,0,4,28.477837354844926,2.5049629998648015,818.11841800004,57.0
1780224940,40,,Aggregated,17.100000,0.000000,230,390,540,610,1000,1200,1300,1300,1300,1300,1300,4426,0,320,860.8281330341185,2.5049629998648015,6146.937421000075,2754.2982376863984
1780224941,40,POST,/api/book,13.100000,0.000000,350,530,650,830,1100,1200,1300,1300,1300,1300,1300,3466,0,530,1092.5515032169656,92.51901399989038,6146.937421000075,3381.492498557415
1780224941,40,GET,/api/concerts,2.800000,0.000000,3,4,22,28,47,55,63,63,63,63,63,666,0,5,32.900996400903146,2.514954999924157,1222.359064000102,753.0
1780224941,40,GET,/health,1.300000,0.000000,22,26,32,47,53,53,53,53,53,53,53,311,0,4,28.39570042122825,2.5049629998648015,818.11841800004,57.0
1780224941,40,,Aggregated,17.200000,0.000000,230,420,570,650,1000,1200,1300,1300,1300,1300,1300,4443,0,320,859.2227406221042,2.5049629998648015,6146.937421000075,2754.777852802161
1780224942,40,POST,/api/book,13.200000,0.000000,350,530,660,780,1000,1200,1300,1300,1300,1300,1300,3480,0,530,1089.7828645445409,92.51901399989038,6146.937421000075,3381.491091954023
1780224942,40,GET,/api/concerts,2.500000,0.000000,3,9,27,28,50,55,63,63,63,63,63,670,0,5,32.83699047164342,2.514954999924157,1222.359064000102,753.0
1780224942,40,GET,/health,1.100000,0.000000,16,26,32,32,47,53,53,53,53,53,53,312,0,4,28.356663326929464,2.5049629998648015,818.11841800004,57.0
1780224942,40,,Aggregated,16.800000,0.000000,230,430,570,660,1000,1100,1200,1300,1300,1300,1300,4462,0,320,856.8562149684017,2.5049629998648015,6146.937421000075,2754.344016136262
1780224943,40,POST,/api/book,13.600000,0.000000,340,510,610,740,1000,1200,1300,1300,1300,1300,1300,3489,0,530,1087.6372159561483,92.51901399989038,6146.937421000075,3381.458584121525
1780224943,40,GET,/api/concerts,2.200000,0.000000,3,4,27,28,50,55,63,63,63,63,63,674,0,5,32.659051875372725,2.514954999924157,1222.359064000102,753.0
1780224943,40,GET,/health,1.100000,0.000000,16,28,32,32,47,53,53,53,53,53,53,314,0,4,28.27461964013409,2.5049629998648015,818.11841800004,57.0
1780224943,40,,Aggregated,16.900000,0.000000,210,400,530,610,890,1100,1200,1300,1300,1300,1300,4477,0,320,854.5134415907992,2.5049629998648015,6146.937421000075,2752.5863301317845
1780224944,40,POST,/api/book,13.600000,0.000000,330,520,610,770,1000,1200,1300,1300,1300,1300,1300,3505,0,530,1084.3651109971472,92.51901399989038,6146.937421000075,3381.418544935806
1780224944,40,GET,/api/concerts,2.500000,0.000000,3,9,27,28,47,50,63,63,63,63,63,677,0,5,32.59827949335454,2.514954999924157,1222.359064000102,753.0
1780224944,40,GET,/health,1.000000,0.000000,16,19,28,28,32,53,53,53,53,53,53,317,0,4,28.091442955842865,2.5049629998648015,818.11841800004,57.0
1780224944,40,,Aggregated,17.100000,0.000000,230,410,550,610,900,1100,1200,1300,1300,1300,1300,4499,0,320,851.6723131093593,2.5049629998648015,6146.937421000075,2751.660813514114
1780224945,40,POST,/api/book,13.600000,0.000000,310,460,580,660,900,1100,1200,1200,1300,1300,1300,3517,0,530,1081.6119926121696,92.51901399989038,6146.937421000075,3381.40744953085
1780224945,40,GET,/api/concerts,2.400000,0.000000,3,4,22,27,47,50,63,63,63,63,63,680,0,5,32.468345864707565,2.514954999924157,1222.359064000102,753.0
1780224945,40,GET,/health,0.900000,0.000000,5,19,26,28,32,53,53,53,53,53,53,319,0,4,27.93571616928575,2.5049629998648015,818.11841800004,57.0
1780224945,40,,Aggregated,16.900000,0.000000,210,390,490,570,860,1100,1200,1200,1300,1300,1300,4516,0,320,849.2071183930485,2.5049629998648015,6146.937421000075,2750.8044729849425
1780224946,40,POST,/api/book,13.300000,0.000000,310,430,550,600,800,1000,1100,1200,1200,1200,1200,3528,0,520,1078.8325748903062,92.51901399989038,6146.937421000075,3381.4172335600906
1780224946,40,GET,/api/concerts,2.400000,0.000000,3,3,13,22,40,47,50,50,50,50,50,686,0,5,32.2383111457743,2.514954999924157,1222.359064000102,753.0
1780224946,40,GET,/health,1.200000,0.000000,4,5,19,19,32,53,53,53,53,53,53,322,0,4,27.702080555907596,2.5049629998648015,818.11841800004,57.0
1780224946,40,,Aggregated,16.900000,0.000000,170,330,430,530,740,900,1100,1200,1200,1200,1200,4536,0,320,845.9340554669329,2.5049629998648015,6146.937421000075,2747.9171075837744
1780224947,40,POST,/api/book,13.800000,0.000000,270,400,500,550,770,900,1100,1100,1100,1100,1100,3545,0,520,1074.869523651904,92.51901399989038,6146.937421000075,3381.3703808180535
1780224947,40,GET,/api/concerts,2.600000,0.000000,3,3,13,22,40,47,50,50,50,50,50,688,0,5,32.15315983575729,2.514954999924157,1222.359064000102,753.0
1780224947,40,GET,/health,1.300000,0.000000,3,5,16,19,32,48,48,48,48,48,48,325,0,4,27.611567160007812,2.5049629998648015,818.11841800004,57.0
1780224947,40,,Aggregated,17.700000,0.000000,170,310,400,450,650,860,1100,1100,1100,1100,1100,4558,0,310,842.805527564723,2.5049629998648015,6146.937421000075,2747.5969723562966
1780224948,40,POST,/api/book,13.500000,0.000000,240,390,450,550,770,910,1100,1100,1100,1100,1100,3552,0,510,1073.1055767238176,92.51901399989038,6146.937421000075,3381.379222972973
1780224948,40,GET,/api/concerts,2.700000,0.000000,3,3,13,22,40,47,50,50,50,50,50,689,0,5,32.110686209000114,2.514954999924157,1222.359064000102,753.0
1780224948,40,GET,/health,1.400000,0.000000,3,4,16,19,32,48,48,48,48,48,48,326,0,4,27.535302760743726,2.5049629998648015,818.11841800004,57.0
1780224948,40,,Aggregated,17.600000,0.000000,160,270,380,430,650,860,1100,1100,1100,1100,1100,4567,0,310,841.4214539130736,2.5049629998648015,6146.937421000075,2747.5493759579595
1780224949,40,POST,/api/book,13.200000,0.000000,250,390,440,500,660,900,1100,1100,1100,1100,1100,3568,0,510,1069.6872140165356,92.51901399989038,6146.937421000075,3381.371076233184
1780224949,40,GET,/api/concerts,3.000000,0.000000,3,4,13,22,47,47,50,50,50,50,50,692,0,5,32.047088313585824,2.514954999924157,1222.359064000102,753.0
1780224949,40,GET,/health,1.700000,0.000000,3,4,16,19,48,59,59,59,59,59,59,327,0,4,27.6305089633103,2.5049629998648015,818.11841800004,57.0
1780224949,40,,Aggregated,17.900000,0.000000,160,290,380,430,610,860,1100,1100,1100,1100,1100,4587,0,310,838.8610728482683,2.5049629998648015,6146.937421000075,2747.8628733376936
1780224950,40,POST,/api/book,13.200000,0.000000,240,340,390,430,580,770,910,1100,1100,1100,1100,3582,0,510,1066.4780933648797,92.51901399989038,6146.937421000075,3381.362367392518
1780224950,40,GET,/api/concerts,3.100000,0.000000,3,3,9,22,47,50,66,66,66,66,66,695,0,5,32.0120892633112,2.514954999924157,1222.359064000102,753.0
1780224950,40,GET,/health,1.700000,0.000000,3,4,16,19,48,59,59,59,59,59,59,329,0,4,27.47971177508261,2.5049629998648015,818.11841800004,57.0
1780224950,40,,Aggregated,18.000000,0.000000,150,240,340,380,500,660,900,1100,1100,1100,1100,4606,0,310,836.1731996623984,2.5049629998648015,6146.937421000075,2747.313938341294
1780224951,40,POST,/api/book,12.600000,0.000000,230,330,380,400,530,660,770,770,900,900,900,3592,0,500,1064.2272690231068,92.51901399989038,6146.937421000075,3381.3577394209356
1780224951,40,GET,/api/concerts,2.900000,0.000000,3,3,3,4,22,47,66,66,66,66,66,700,0,5,31.815939457144943,2.514954999924157,1222.359064000102,753.0
1780224951,40,GET,/health,1.700000,0.000000,3,5,16,19,48,59,59,59,59,59,59,330,0,4,27.411262757582538,2.5049629998648015,818.11841800004,57.0
1780224951,40,,Aggregated,17.200000,0.000000,150,240,330,360,440,580,720,770,900,900,900,4622,0,310,833.842757390958,2.5049629998648015,6146.937421000075,2745.942665512765
1780224952,40,POST,/api/book,13.000000,0.000000,230,320,360,390,470,580,780,830,900,900,900,3607,0,500,1061.1100992539507,92.51901399989038,6146.937421000075,3381.3587468810647
1780224952,40,GET,/api/concerts,3.000000,0.000000,3,3,4,5,22,47,66,66,66,66,66,704,0,5,31.65554443466098,2.514954999924157,1222.359064000102,753.0
1780224952,40,GET,/health,1.800000,0.000000,3,3,5,5,28,48,59,59,59,59,59,334,0,4,27.1163765748574,2.447577000111778,818.11841800004,57.0
1780224952,40,,Aggregated,17.800000,0.000000,150,240,300,340,430,560,770,830,900,900,900,4645,0,310,830.7355222964496,2.447577000111778,6146.937421000075,2743.96361679225
1780224953,40,POST,/api/book,12.800000,0.000000,230,300,360,380,470,560,780,830,900,900,900,3617,0,500,1058.913675925629,92.51901399989038,6146.937421000075,3381.361902128836
1780224953,40,GET,/api/concerts,3.100000,0.000000,3,3,3,5,22,47,66,66,66,66,66,707,0,5,31.533569766621653,2.514954999924157,1222.359064000102,753.0
1780224953,40,GET,/health,1.900000,0.000000,3,3,4,5,48,59,59,59,59,59,59,335,0,4,27.043921137320844,2.447577000111778,818.11841800004,57.0
1780224953,40,,Aggregated,17.800000,0.000000,150,230,300,340,420,500,770,830,900,900,900,4659,0,310,828.814061650356,2.447577000111778,6146.937421000075,2743.4754239107106
1780224954,40,POST,/api/book,13.000000,0.000000,230,320,370,390,490,570,780,830,860,860,860,3631,0,500,1056.4079219201321,92.51901399989038,6146.937421000075,3381.363260809694
1780224954,40,GET,/api/concerts,3.200000,0.000000,3,3,3,5,35,47,66,66,66,66,66,709,0,5,31.498587919606933,2.514954999924157,1222.359064000102,753.0
1780224954,40,GET,/health,2.100000,0.000000,3,3,3,5,48,59,59,59,59,59,59,338,0,4,26.835877295865327,2.447577000111778,818.11841800004,57.0
1780224954,40,,Aggregated,18.300000,0.000000,150,240,310,340,430,540,700,830,860,860,860,4678,0,310,826.6823834657991,2.447577000111778,6146.937421000075,2742.8116716545533
1780224955,40,POST,/api/book,12.600000,0.000000,220,300,340,380,490,570,780,830,860,860,860,3645,0,490,1053.0337253632372,92.51901399989038,6146.937421000075,3381.3544581618658
1780224955,40,GET,/api/concerts,3.400000,0.000000,3,3,3,11,35,47,66,66,66,66,66,712,0,4,31.412923467698686,2.514954999924157,1222.359064000102,753.0
1780224955,40,GET,/health,2.300000,0.000000,3,3,5,5,53,59,59,59,59,59,59,340,0,4,26.844071835301303,2.447577000111778,818.11841800004,57.0
1780224955,40,,Aggregated,18.300000,0.000000,150,230,290,330,430,540,700,830,860,860,860,4697,0,300,823.8877826020882,2.447577000111778,6146.937421000075,2742.2935916542474
1780224956,40,POST,/api/book,12.700000,0.000000,200,290,340,380,500,600,780,830,860,860,860,3655,0,490,1050.6421397154581,92.51901399989038,6146.937421000075,3381.3228454172367
1780224956,40,GET,/api/concerts,3.500000,0.000000,3,3,4,5,35,47,66,66,66,66,66,714,0,4,31.335352425772246,2.514954999924157,1222.359064000102,753.0
1780224956,40,GET,/health,2.000000,0.000000,3,4,5,5,53,59,59,59,59,59,59,342,0,4,26.708976991234884,2.447577000111778,818.11841800004,57.0
1780224956,40,,Aggregated,18.200000,0.000000,150,220,290,310,440,540,700,830,860,860,860,4711,0,300,821.822316370836,2.447577000111778,6146.937421000075,2741.64105285502
1780224957,40,POST,/api/book,12.900000,0.000000,230,320,380,410,560,700,860,920,990,990,990,3671,0,490,1048.1094886840099,92.51901399989038,6146.937421000075,3381.3451375646964
1780224957,40,GET,/api/concerts,3.200000,0.000000,3,4,9,11,47,62,66,66,66,66,66,716,0,4,31.347255254191857,2.514954999924157,1222.359064000102,753.0
1780224957,40,GET,/health,2.100000,0.000000,3,4,5,5,53,59,59,59,59,59,59,345,0,4,26.50639170725279,2.447577000111778,818.11841800004,57.0
1780224957,40,,Aggregated,18.200000,0.000000,150,260,310,360,520,700,830,920,990,990,990,4732,0,300,819.7800661158092,2.447577000111778,6146.937421000075,2741.278740490279
1780224958,40,POST,/api/book,12.700000,0.000000,250,320,370,410,560,700,860,920,990,990,990,3683,0,490,1045.5086138770025,92.51901399989038,6146.937421000075,3381.366277491176
1780224958,40,GET,/api/concerts,3.000000,0.000000,3,4,9,11,47,66,70,70,70,70,70,721,0,4,31.250885520112593,2.514954999924157,1222.359064000102,753.0
1780224958,40,GET,/health,2.000000,0.000000,3,4,5,5,53,59,59,59,59,59,59,346,0,4,26.437921341046355,2.447577000111778,818.11841800004,57.0
1780224958,40,,Aggregated,17.700000,0.000000,160,270,310,340,500,700,830,920,990,990,990,4750,0,300,817.3237124532652,2.447577000111778,6146.937421000075,2740.2541052631577
1780224959,40,POST,/api/book,12.400000,0.000000,260,330,380,410,600,700,860,920,990,990,990,3702,0,480,1041.9978652028635,92.51901399989038,6146.937421000075,3381.365207995678
1780224959,40,GET,/api/concerts,2.800000,0.000000,3,4,8,11,62,66,70,70,70,70,70,723,0,4,31.17508069709721,2.514954999924157,1222.359064000102,753.0
1780224959,40,GET,/health,2.100000,0.000000,3,4,5,5,53,62,62,62,62,62,62,347,0,4,26.539171524501313,2.447577000111778,818.11841800004,57.0
1780224959,40,,Aggregated,17.300000,0.000000,160,270,330,360,530,700,830,920,990,990,990,4772,0,300,815.0093824065403,2.447577000111778,6146.937421000075,2741.4107292539816
1780224960,40,POST,/api/book,12.700000,0.000000,230,310,370,450,600,700,860,920,990,990,990,3712,0,480,1039.6599429622847,92.51901399989038,6146.937421000075,3381.3313577586205
1780224960,40,GET,/api/concerts,3.000000,0.000000,3,4,8,11,35,62,70,70,70,70,70,726,0,4,31.09289755509848,2.514954999924157,1222.359064000102,753.0
1780224960,40,GET,/health,2.100000,0.000000,3,4,5,5,53,62,62,62,62,62,62,349,0,4,26.42370229226959,2.447577000111778,818.11841800004,57.0
1780224960,40,,Aggregated,17.800000,0.000000,160,250,310,340,530,700,830,920,990,990,990,4787,0,300,812.8291255485714,2.447577000111778,6146.937421000075,2740.3536661792355
1780224961,40,POST,/api/book,13.200000,0.000000,230,310,360,400,560,700,860,920,990,990,990,3723,0,480,1037.3544767080314,92.51901399989038,6146.937421000075,3381.334944936879
1780224961,40,GET,/api/concerts,3.100000,0.000000,3,8,27,35,62,70,110,110,110,110,110,730,0,4,31.20180017945401,2.514954999924157,1222.359064000102,753.0
1780224961,40,GET,/health,2.000000,0.000000,3,4,5,5,53,62,62,62,62,62,62,350,0,4,26.35679390857701,2.447577000111778,818.11841800004,57.0
1780224961,40,,Aggregated,18.300000,0.000000,150,230,310,340,520,650,790,920,990,990,990,4803,0,300,810.7584652889882,2.447577000111778,6146.937421000075,2739.610660004164
1780224962,40,POST,/api/book,13.100000,0.000000,250,330,400,470,650,790,920,990,1500,1500,1500,3728,0,480,1037.0592487373929,92.51901399989038,6146.937421000075,3381.338251072961
1780224962,40,GET,/api/concerts,3.100000,0.000000,4,27,35,36,62,70,110,110,110,110,110,731,0,5,31.207966325583417,2.514954999924157,1222.359064000102,753.0
1780224962,40,GET,/health,2.000000,0.000000,3,5,5,10,62,93,93,93,93,93,93,351,0,4,26.547374341885963,2.447577000111778,818.11841800004,57.0
1780224962,40,,Aggregated,18.200000,0.000000,160,280,330,390,560,700,860,990,1500,1500,1500,4810,0,300,810.4548921145552,2.447577000111778,6146.937421000075,2739.3095634095635
1780224963,40,POST,/api/book,13.100000,0.000000,270,370,470,560,790,1000,1600,1600,1800,1800,1800,3744,0,480,1035.994725499733,92.51901399989038,6146.937421000075,3381.394764957265
1780224963,40,GET,/api/concerts,3.100000,0.000000,5,8,28,36,62,70,110,110,110,110,110,736,0,5,31.032567601904347,2.514954999924157,1222.359064000102,753.0
1780224963,40,GET,/health,2.000000,0.000000,4,5,5,10,62,93,93,93,93,93,93,352,0,4,26.485197082392435,2.447577000111778,818.11841800004,57.0
1780224963,40,,Aggregated,18.200000,0.000000,170,290,370,450,700,950,1500,1600,1800,1800,1800,4832,0,300,809.3805901074112,2.447577000111778,6146.937421000075,2738.8687913907283
1780224964,40,POST,/api/book,12.300000,0.000000,290,400,530,620,1100,1600,1800,2100,2500,2500,2500,3756,0,480,1035.924475419329,92.51901399989038,6146.937421000075,3381.4084132055377
1780224964,40,GET,/api/concerts,2.900000,0.000000,5,8,28,36,62,70,110,110,110,110,110,739,0,5,30.91831787009665,2.514954999924157,1222.359064000102,753.0
1780224964,40,GET,/health,1.800000,0.000000,5,5,10,53,62,93,93,93,93,93,93,352,0,4,26.485197082392435,2.447577000111778,818.11841800004,57.0
1780224964,40,,Aggregated,17.000000,0.000000,180,310,400,510,920,1500,1700,2100,2500,2500,2500,4847,0,300,809.3880247480936,2.447577000111778,6146.937421000075,2739.2409737982257
1780224965,40,POST,/api/book,12.400000,0.000000,280,400,520,600,1000,1600,1800,2100,2500,2500,2500,3773,0,480,1032.273706994964,92.51901399989038,6146.937421000075,3381.4306917572226
1780224965,40,GET,/api/concerts,2.900000,0.000000,5,7,28,36,62,70,110,110,110,110,110,740,0,4,30.881585910812873,2.514954999924157,1222.359064000102,753.0
1780224965,40,GET,/health,1.600000,0.000000,3,5,10,18,62,93,93,93,93,93,93,355,0,4,26.329871690146177,2.447577000111778,818.11841800004,57.0
1780224965,40,,Aggregated,16.900000,0.000000,180,320,400,510,890,1300,1700,2100,2500,2500,2500,4868,0,300,806.6902577066573,2.447577000111778,6146.937421000075,2739.439811010682
1780224966,40,POST,/api/book,12.500000,0.000000,310,420,510,580,1000,1600,1800,2100,2500,2500,2500,3789,0,480,1029.3421283863815,92.51901399989038,6146.937421000075,3381.4724201636313
1780224966,40,GET,/api/concerts,2.800000,0.000000,4,7,9,36,62,70,110,110,110,110,110,743,0,4,30.770286219383237,2.514954999924157,1222.359064000102,753.0
1780224966,40,GET,/health,1.700000,0.000000,5,10,45,45,62,93,93,93,93,93,93,356,0,4,26.3836456629271,2.447577000111778,818.11841800004,57.0
1780224966,40,,Aggregated,17.000000,0.000000,200,330,450,510,890,1300,1700,2100,2500,2500,2500,4888,0,300,804.5074110010247,2.447577000111778,6146.937421000075,2739.8056464811784
1780224967,40,POST,/api/book,12.600000,0.000000,270,400,470,560,1000,1600,1800,2100,2500,2500,2500,3801,0,470,1026.7277934151537,92.51901399989038,6146.937421000075,3381.4651407524334
1780224967,40,GET,/api/concerts,2.800000,0.000000,4,6,8,36,54,70,110,110,110,110,110,749,0,4,30.61713284112361,2.514954999924157,1222.359064000102,753.0
1780224967,40,GET,/health,1.500000,0.000000,4,10,38,45,62,93,93,93,93,93,93,359,0,4,26.29039506128716,2.447577000111778,818.11841800004,57.0
1780224967,40,,Aggregated,16.900000,0.000000,180,280,400,470,760,1300,1700,2100,2500,2500,2500,4909,0,290,801.5813459148519,2.447577000111778,6146.937421000075,2737.300672234671
1780224968,40,POST,/api/book,12.800000,0.000000,270,400,480,560,1000,1600,1800,2100,2500,2500,2500,3811,0,470,1024.6047546255575,92.51901399989038,6146.937421000075,3381.4828129099974
1780224968,40,GET,/api/concerts,3.000000,0.000000,4,6,28,36,54,84,110,110,110,110,110,752,0,4,30.69597656782163,2.514954999924157,1222.359064000102,753.0
1780224968,40,GET,/health,1.500000,0.000000,5,18,38,45,62,93,93,93,93,93,93,360,0,4,26.22509854722826,2.447577000111778,818.11841800004,57.0
1780224968,40,,Aggregated,17.300000,0.000000,170,280,400,470,760,1300,1700,2100,2500,2500,2500,4923,0,290,799.7751634641497,2.447577000111778,6146.937421000075,2736.869185456023
1780224969,40,POST,/api/book,13.400000,0.000000,260,390,470,510,1100,1600,1800,2100,2500,2500,2500,3825,0,470,1021.9210757743791,92.51901399989038,6146.937421000075,3381.5267973856207
1780224969,40,GET,/api/concerts,3.100000,0.000000,4,6,28,36,64,84,110,110,110,110,110,754,0,4,30.624084177721457,2.514954999924157,1222.359064000102,753.0
1780224969,40,GET,/health,1.200000,0.000000,3,5,10,18,45,93,93,93,93,93,93,364,0,4,25.96989995604973,2.447577000111778,818.11841800004,57.0
1780224969,40,,Aggregated,17.700000,0.000000,170,270,380,420,760,1300,1700,2100,2500,2500,2500,4943,0,290,797.3683426848087,2.447577000111778,6146.937421000075,2735.7576370625125
1780224970,40,POST,/api/book,13.100000,0.000000,260,380,470,500,1000,1600,1800,2100,2500,2500,2500,3839,0,470,1019.0366366269863,92.51901399989038,6146.937421000075,3381.547277936963
1780224970,40,GET,/api/concerts,3.000000,0.000000,4,6,36,36,59,84,110,110,110,110,110,758,0,4,30.577832267812784,2.514954999924157,1222.359064000102,753.0
1780224970,40,GET,/health,1.300000,0.000000,4,4,10,18,45,93,93,93,93,93,93,365,0,4,25.909332389046725,2.447577000111778,818.11841800004,57.0
1780224970,40,,Aggregated,17.400000,0.000000,170,270,380,420,760,1300,1700,2100,2500,2500,2500,4962,0,290,794.9851977412352,2.447577000111778,6146.937421000075,2735.457275292221
1780224971,40,POST,/api/book,12.800000,0.000000,250,350,420,490,1000,1600,1800,2100,2500,2500,2500,3852,0,470,1016.3174889706645,92.51901399989038,6146.937421000075,3381.5656801661476
1780224971,40,GET,/api/concerts,3.200000,0.000000,4,4,6,7,54,64,84,84,84,84,84,761,0,4,30.469444239161646,2.514954999924157,1222.359064000102,753.0
1780224971,40,GET,/health,1.500000,0.000000,4,4,18,18,45,93,93,93,93,93,93,366,0,4,25.846110027327807,2.447577000111778,818.11841800004,57.0
1780224971,40,,Aggregated,17.500000,0.000000,170,260,350,410,740,1300,1700,2100,2500,2500,2500,4979,0,290,792.8302652843961,2.447577000111778,6146.937421000075,2735.425989154449
1780224972,40,POST,/api/book,12.400000,0.000000,210,290,360,420,570,1200,1800,2100,2500,2500,2500,3864,0,460,1013.7596546159423,92.51901399989038,6146.937421000075,3381.5825569358176
1780224972,40,GET,/api/concerts,3.000000,0.000000,3,4,4,4,59,64,84,84,84,84,84,765,0,4,30.326819394774127,2.514954999924157,1222.359064000102,753.0
1780224972,40,GET,/health,1.700000,0.000000,4,5,8,18,38,45,45,45,45,45,45,368,0,4,25.790536736418428,2.447577000111778,818.11841800004,57.0
1780224972,40,,Aggregated,17.100000,0.000000,160,220,290,340,490,950,1700,2100,2500,2500,2500,4997,0,280,790.4459155077067,2.447577000111778,6146.937421000075,2734.3317990794476
1780224973,40,POST,/api/book,12.600000,0.000000,220,330,390,470,570,740,1700,2100,2500,2500,2500,3880,0,460,1011.5776026505157,92.51901399989038,6146.937421000075,3381.52087628866
1780224973,40,GET,/api/concerts,3.100000,0.000000,3,4,4,11,59,64,84,84,84,84,84,767,0,4,30.265656151241433,2.514954999924157,1222.359064000102,753.0
1780224973,40,GET,/health,1.500000,0.000000,4,5,8,18,38,45,45,45,45,45,45,369,0,4,25.735143186997146,2.447577000111778,818.11841800004,57.0
1780224973,40,,Aggregated,17.200000,0.000000,160,250,330,380,510,730,1700,2100,2500,2500,2500,5016,0,290,789.0014203325378,2.447577000111778,6146.937421000075,2735.0249202551836
1780224974,40,POST,/api/book,13.200000,0.000000,220,290,360,410,500,630,740,740,740,740,740,3891,0,460,1009.5244919426885,92.51901399989038,6146.937421000075,3381.551272166538
1780224974,40,GET,/api/concerts,3.400000,0.000000,3,4,4,11,54,64,84,84,84,84,84,770,0,4,30.219658744158433,2.514954999924157,1222.359064000102,753.0
1780224974,40,GET,/health,1.600000,0.000000,4,4,5,8,38,45,45,45,45,45,45,372,0,4,25.55244262634884,2.447577000111778,818.11841800004,57.0
1780224974,40,,Aggregated,18.200000,0.000000,160,230,280,340,470,570,730,740,740,740,740,5033,0,280,786.9728678797952,2.447577000111778,6146.937421000075,2733.6836876614343
1780224975,40,POST,/api/book,13.100000,0.000000,230,290,340,380,480,570,730,740,740,740,740,3899,0,460,1007.9493940874586,92.51901399989038,6146.937421000075,3381.5604001025904
1780224975,40,GET,/api/concerts,3.000000,0.000000,3,4,5,23,59,78,84,84,84,84,84,778,0,4,30.038743312341595,2.453684999863981,1222.359064000102,753.0
1780224975,40,GET,/health,1.800000,0.000000,4,4,5,8,38,45,45,45,45,45,45,372,0,4,25.55244262634884,2.447577000111778,818.11841800004,57.0
1780224975,40,,Aggregated,17.900000,0.000000,160,230,280,320,430,510,720,740,740,740,740,5049,0,280,784.8822219253335,2.447577000111778,6146.937421000075,2731.578926520103
1780224976,40,POST,/api/book,13.700000,0.000000,250,330,410,490,570,740,1200,1400,1500,1500,1500,3918,0,460,1006.210370883104,92.51901399989038,6146.937421000075,3381.57708014293
1780224976,40,GET,/api/concerts,3.000000,0.000000,3,4,5,23,59,78,84,84,84,84,84,780,0,4,30.0154587153868,2.453684999863981,1222.359064000102,753.0
1780224976,40,GET,/health,1.700000,0.000000,4,4,4,5,23,38,38,38,38,38,38,374,0,4,25.432263622999688,2.447577000111778,818.11841800004,57.0
1780224976,40,,Aggregated,18.400000,0.000000,160,260,310,380,520,730,1200,1400,1500,1500,1500,5072,0,280,783.7649758503567,2.447577000111778,6146.937421000075,2732.191837539432
1780224977,40,POST,/api/book,13.000000,0.000000,280,380,490,510,730,1100,1200,1400,1500,1500,1500,3933,0,460,1004.4563505975085,92.51901399989038,6146.937421000075,3381.568014238495
1780224977,40,GET,/api/concerts,3.400000,0.000000,3,4,11,23,59,78,84,84,84,84,84,781,0,4,29.9810941523711,2.453684999863981,1222.359064000102,753.0
1780224977,40,GET,/health,1.800000,0.000000,4,4,5,5,23,60,60,60,60,60,60,375,0,4,25.52543437067197,2.447577000111778,818.11841800004,57.0
1780224977,40,,Aggregated,18.200000,0.000000,190,290,380,450,570,830,1200,1400,1500,1500,1500,5089,0,280,782.7695223662821,2.447577000111778,6146.937421000075,2733.18431911967
1780224978,40,POST,/api/book,12.600000,0.000000,270,380,490,520,730,1100,1200,1400,1500,1500,1500,3941,0,460,1002.7318083709721,92.51901399989038,6146.937421000075,3381.5663537173305
1780224978,40,GET,/api/concerts,3.600000,0.000000,3,4,11,23,39,59,78,78,78,78,78,784,0,4,29.96791654081877,2.453684999863981,1222.359064000102,753.0
1780224978,40,GET,/health,1.800000,0.000000,4,4,5,8,23,60,60,60,60,60,60,376,0,4,25.465068050537596,2.447577000111778,818.11841800004,57.0
1780224978,40,,Aggregated,18.000000,0.000000,180,280,380,470,630,830,1200,1400,1500,1500,1500,5101,0,280,781.1871728964928,2.447577000111778,6146.937421000075,2732.5106841795728
1780224979,40,POST,/api/book,12.600000,0.000000,260,350,470,510,730,1100,1200,1400,1500,1500,1500,3957,0,460,999.6774581329292,92.51901399989038,6146.937421000075,3381.574930502906
1780224979,40,GET,/api/concerts,3.600000,0.000000,3,7,36,37,44,59,78,78,78,78,78,786,0,4,29.999713265905807,2.453684999863981,1222.359064000102,753.0
1780224979,40,GET,/health,1.800000,0.000000,4,4,8,8,23,60,60,60,60,60,60,376,0,4,25.465068050537596,2.447577000111778,818.11841800004,57.0
1780224979,40,,Aggregated,18.000000,0.000000,180,280,360,430,570,830,1200,1400,1500,1500,1500,5119,0,280,779.2299945391698,2.447577000111778,6146.937421000075,2733.7726118382498
1780224980,40,POST,/api/book,12.700000,0.000000,270,400,510,540,740,1100,1200,1400,1500,1500,1500,3966,0,460,998.2968503209787,92.51901399989038,6146.937421000075,3381.5743822491177
1780224980,40,GET,/api/concerts,3.200000,0.000000,3,5,11,36,41,50,78,78,78,78,78,789,0,4,29.903655564007337,2.453684999863981,1222.359064000102,753.0
1780224980,40,GET,/health,1.600000,0.000000,4,4,8,8,23,60,60,60,60,60,60,377,0,4,25.405255334223643,2.447577000111778,818.11841800004,57.0
1780224980,40,,Aggregated,17.500000,0.000000,180,310,400,500,720,830,1200,1400,1500,1500,1500,5132,0,280,777.9456496247097,2.447577000111778,6146.937421000075,2733.2287607170692
1780224981,40,POST,/api/book,12.800000,0.000000,310,470,520,620,830,1200,1300,1400,1500,1500,1500,3985,0,450,995.9261108607279,92.51901399989038,6146.937421000075,3381.5558343789207
1780224981,40,GET,/api/concerts,3.300000,0.000000,4,11,36,37,44,50,78,78,78,78,78,790,0,4,29.88519234177453,2.453684999863981,1222.359064000102,753.0
1780224981,40,GET,/health,1.500000,0.000000,4,5,8,23,60,200,200,200,200,200,200,379,0,4,25.79892931926722,2.447577000111778,818.11841800004,57.0
1780224981,40,,Aggregated,17.600000,0.000000,210,330,480,520,740,1100,1300,1400,1500,1500,1500,5154,0,280,776.5139014245266,2.447577000111778,6146.937421000075,2734.1818005432674
1780224982,40,POST,/api/book,13.000000,0.000000,310,470,520,600,820,1200,1300,1400,1500,1500,1500,3997,0,450,993.8619565614212,92.51901399989038,6146.937421000075,3381.533149862397
1780224982,40,GET,/api/concerts,3.300000,0.000000,5,15,37,39,47,50,78,78,78,78,78,793,0,4,29.856679076925616,2.453684999863981,1222.359064000102,753.0
1780224982,40,GET,/health,1.200000,0.000000,4,5,8,23,60,200,200,200,200,200,200,380,0,4,25.743436557900466,2.447577000111778,818.11841800004,57.0
1780224982,40,,Aggregated,17.500000,0.000000,220,360,490,520,740,1100,1300,1400,1500,1500,1500,5170,0,280,774.8404434769844,2.447577000111778,6146.937421000075,2733.999419729207
1780224983,40,POST,/api/book,12.800000,0.000000,310,410,500,540,830,1200,1300,1400,1500,1500,1500,4009,0,450,991.6199034926417,92.51901399989038,6146.937421000075,3381.54302818658
1780224983,40,GET,/api/concerts,3.100000,0.000000,4,17,37,40,47,50,78,78,78,78,78,796,0,4,29.802028807791128,2.453684999863981,1222.359064000102,753.0
1780224983,40,GET,/health,1.200000,0.000000,3,4,4,5,60,200,200,200,200,200,200,382,0,4,25.623469701576276,2.447577000111778,818.11841800004,57.0
1780224983,40,,Aggregated,17.100000,0.000000,190,330,410,480,730,1100,1300,1400,1500,1500,1500,5187,0,280,772.8773420973606,2.447577000111778,6146.937421000075,2733.327164064006
1780224984,40,POST,/api/book,13.100000,0.000000,310,400,500,540,830,1200,1300,1400,1500,1500,1500,4022,0,450,989.3883146710594,92.51901399989038,6146.937421000075,3381.579811039284
1780224984,40,GET,/api/concerts,2.800000,0.000000,5,17,39,40,47,75,78,78,78,78,78,801,0,4,29.72610328339794,2.453684999863981,1222.359064000102,753.0
1780224984,40,GET,/health,1.300000,0.000000,3,5,60,60,75,200,200,200,200,200,200,383,0,4,25.75251746997952,2.447577000111778,818.11841800004,57.0
1780224984,40,,Aggregated,17.200000,0.000000,200,330,430,500,730,1100,1300,1400,1500,1500,1500,5206,0,280,770.8401122796791,2.447577000111778,6146.937421000075,2732.558202074529
1780224985,40,POST,/api/book,13.600000,0.000000,290,400,500,550,790,1200,1300,1400,1500,1500,1500,4039,0,450,986.7238905412232,92.51901399989038,6146.937421000075,3381.5647437484527
1780224985,40,GET,/api/concerts,2.900000,0.000000,4,15,37,40,44,47,75,75,75,75,75,803,0,4,29.659465230388232,2.453684999863981,1222.359064000102,753.0
1780224985,40,GET,/health,1.100000,0.000000,3,22,60,60,75,200,200,200,200,200,200,384,0,4,25.743708648443032,2.447577000111778,818.11841800004,57.0
1780224985,40,,Aggregated,17.600000,0.000000,200,330,430,500,720,1100,1300,1400,1500,1500,1500,5226,0,280,769.05471270513,2.447577000111778,6146.937421000075,2733.38825105243
1780224986,40,POST,/api/book,12.700000,0.000000,310,400,490,520,720,880,1200,1300,1300,1300,1300,4054,0,450,984.6939467170698,92.51901399989038,6146.937421000075,3381.5784410458805
1780224986,40,GET,/api/concerts,3.100000,0.000000,4,17,37,41,47,70,75,75,75,75,75,804,0,4,29.709610799753303,2.453684999863981,1222.359064000102,753.0
1780224986,40,GET,/health,1.300000,0.000000,5,15,60,60,75,200,200,200,200,200,200,386,0,4,25.657786621767226,2.447577000111778,818.11841800004,57.0
1780224986,40,,Aggregated,17.100000,0.000000,210,330,430,490,680,810,1100,1300,1300,1300,1300,5244,0,280,767.6849147044259,2.447577000111778,6146.937421000075,2733.8545003813883
1780224987,40,POST,/api/book,13.200000,0.000000,270,350,450,500,680,790,1000,1300,1300,1300,1300,4068,0,450,982.3275339953294,92.51901399989038,6146.937421000075,3381.5771878072765
1780224987,40,GET,/api/concerts,2.800000,0.000000,4,17,37,40,47,70,75,75,75,75,75,807,0,4,29.609968240398675,2.453684999863981,1222.359064000102,753.0
1780224987,40,GET,/health,1.100000,0.000000,3,5,15,22,75,200,200,200,200,200,200,388,0,4,25.540616113407694,2.447577000111778,818.11841800004,57.0
1780224987,40,,Aggregated,17.100000,0.000000,200,310,360,440,620,730,880,1300,1300,1300,1300,5263,0,280,765.7065194214342,2.447577000111778,6146.937421000075,2733.430172905187
1780224988,40,POST,/api/book,13.700000,0.000000,280,360,480,510,680,800,1000,1300,1300,1300,1300,4078,0,450,980.6315972214322,92.51901399989038,6146.937421000075,3381.5470819028938
1780224988,40,GET,/api/concerts,2.400000,0.000000,3,4,17,40,47,70,75,75,75,75,75,810,0,4,29.56650788024917,2.453684999863981,1222.359064000102,753.0
1780224988,40,GET,/health,1.100000,0.000000,3,5,15,22,75,200,200,200,200,200,200,389,0,4,25.482376712088303,2.447577000111778,818.11841800004,57.0
1780224988,40,,Aggregated,17.200000,0.000000,200,310,370,470,630,740,880,1300,1300,1300,1300,5277,0,280,764.2367196120919,2.447577000111778,6146.937421000075,2733.0020845177182
1780224989,40,POST,/api/book,13.900000,0.000000,290,360,490,560,710,810,1000,1300,1300,1300,1300,4093,0,440,978.3972901529442,92.51901399989038,6146.937421000075,3381.5269973124846
1780224989,40,GET,/api/concerts,2.300000,0.000000,4,5,17,40,47,70,75,75,75,75,75,815,0,4,29.462930579143208,2.453684999863981,1222.359064000102,753.0
1780224989,40,GET,/health,1.300000,0.000000,3,5,15,22,75,200,200,200,200,200,200,390,0,4,25.42485615898088,2.447577000111778,818.11841800004,57.0
1780224989,40,,Aggregated,17.500000,0.000000,200,310,380,480,670,800,980,1300,1300,1300,1300,5298,0,280,762.2703078369212,2.447577000111778,6146.937421000075,2732.4490373725935
1780224990,40,POST,/api/book,13.700000,0.000000,290,400,500,570,680,810,1000,1300,1300,1300,1300,4107,0,440,976.2879128750914,92.51901399989038,6146.937421000075,3381.5230094959825
1780224990,40,GET,/api/concerts,2.700000,0.000000,3,4,15,17,47,70,75,75,75,75,75,820,0,4,29.30284913170914,2.453684999863981,1222.359064000102,753.0
1780224990,40,GET,/health,1.400000,0.000000,3,5,15,22,75,200,200,200,200,200,200,390,0,4,25.42485615898088,2.447577000111778,818.11841800004,57.0
1780224990,40,,Aggregated,17.800000,0.000000,200,310,410,480,640,800,980,1300,1300,1300,1300,5317,0,280,760.4962362926478,2.447577000111778,6146.937421000075,2732.29358660899
1780224991,40,POST,/api/book,13.700000,0.000000,280,360,450,510,670,800,810,830,980,980,980,4119,0,440,974.4034288380677,92.51901399989038,6146.937421000075,3381.5343529983006
1780224991,40,GET,/api/concerts,2.700000,0.000000,3,4,17,18,47,70,75,75,75,75,75,824,0,4,29.254904396846666,2.453684999863981,1222.359064000102,753.0
1780224991,40,GET,/health,1.300000,0.000000,3,5,15,22,26,75,75,75,75,75,75,392,0,4,25.368713706638992,2.447577000111778,818.11841800004,57.0
1780224991,40,,Aggregated,17.700000,0.000000,200,300,360,430,620,710,810,830,980,980,980,5335,0,280,758.6913402774152,2.447577000111778,6146.937421000075,2731.27572633552
1780224992,40,POST,/api/book,13.500000,0.000000,280,330,440,510,670,800,810,830,980,980,980,4129,0,440,972.6228103177527,92.51901399989038,6146.937421000075,3381.5214337612015
1780224992,40,GET,/api/concerts,3.000000,0.000000,3,4,4,5,47,70,75,75,75,75,75,827,0,4,29.158856216447283,2.453684999863981,1222.359064000102,753.0
1780224992,40,GET,/health,1.400000,0.000000,3,3,15,22,26,75,75,75,75,75,75,394,0,4,25.253781182747904,2.447577000111778,818.11841800004,57.0
1780224992,40,,Aggregated,17.900000,0.000000,200,290,330,420,620,710,810,830,980,980,980,5350,0,270,757.0138219960768,2.447577000111778,6146.937421000075,2730.3721495327104
1780224993,40,POST,/api/book,13.700000,0.000000,260,330,430,510,670,800,810,830,980,980,980,4142,0,440,970.361168013279,92.51901399989038,6146.937421000075,3381.5338000965717
1780224993,40,GET,/api/concerts,3.300000,0.000000,3,4,5,18,47,70,75,75,75,75,75,829,0,4,29.12081355488785,2.453684999863981,1222.359064000102,753.0
1780224993,40,GET,/health,1.400000,0.000000,3,3,22,22,26,75,75,75,75,75,75,394,0,4,25.253781182747904,2.447577000111778,818.11841800004,57.0
1780224993,40,,Aggregated,18.400000,0.000000,200,290,330,420,620,710,810,830,980,980,980,5365,0,270,755.5129733707383,2.447577000111778,6146.937421000075,2731.222367194781
1780224994,40,POST,/api/book,13.600000,0.000000,260,330,420,440,670,800,810,830,980,980,980,4156,0,430,968.0262000760351,92.51901399989038,6146.937421000075,3381.480991337825
1780224994,40,GET,/api/concerts,3.300000,0.000000,3,3,4,5,47,54,70,70,70,70,70,836,0,4,28.901175442586037,2.453684999863981,1222.359064000102,753.0
1780224994,40,GET,/health,1.400000,0.000000,3,9,15,22,26,33,33,33,33,33,33,396,0,4,25.230184681825648,2.447577000111778,818.11841800004,57.0
1780224994,40,,Aggregated,18.300000,0.000000,180,290,330,390,610,710,810,830,980,980,980,5388,0,270,753.0195663177454,2.447577000111778,6146.937421000075,2729.3086488492945
1780224995,40,POST,/api/book,13.100000,0.000000,250,330,410,430,620,800,810,830,980,980,980,4168,0,430,965.9317851288396,92.51901399989038,6146.937421000075,3381.4796065259115
1780224995,40,GET,/api/concerts,3.400000,0.000000,3,3,4,5,47,54,70,70,70,70,70,839,0,4,28.808122800955385,2.453684999863981,1222.359064000102,753.0
1780224995,40,GET,/health,1.400000,0.000000,3,3,9,15,26,33,33,33,33,33,33,399,0,4,25.061961994994707,2.447577000111778,818.11841800004,57.0
1780224995,40,,Aggregated,17.900000,0.000000,180,270,330,380,560,680,810,830,980,980,980,5406,0,270,751.049466940994,2.447577000111778,6146.937421000075,2728.175545689974
1780224996,40,POST,/api/book,13.500000,0.000000,230,320,390,420,610,800,810,830,980,980,980,4178,0,430,964.3468992546681,92.51901399989038,6146.937421000075,3381.5007180469124
1780224996,40,GET,/api/concerts,3.200000,0.000000,3,3,4,4,24,47,54,54,54,54,54,840,0,4,28.777234486906643,2.453684999863981,1222.359064000102,753.0
1780224996,40,GET,/health,1.300000,0.000000,3,3,3,9,26,33,33,33,33,33,33,401,0,4,24.951775329183835,2.447577000111778,818.11841800004,57.0
1780224996,40,,Aggregated,18.000000,0.000000,160,240,310,360,510,670,800,830,980,980,980,5419,0,270,749.8099066178286,2.447577000111778,6146.937421000075,2728.047056652519
1780224997,40,POST,/api/book,13.300000,0.000000,240,320,380,420,560,800,830,930,980,980,980,4194,0,430,961.853558201479,92.51901399989038,6146.937421000075,3381.4830710538863
1780224997,40,GET,/api/concerts,3.600000,0.000000,3,3,5,18,47,54,60,60,60,60,60,845,0,4,28.765618608285674,2.453684999863981,1222.359064000102,753.0
1780224997,40,GET,/health,1.300000,0.000000,3,3,3,9,26,33,33,33,33,33,33,401,0,4,24.951775329183835,2.447577000111778,818.11841800004,57.0
1780224997,40,,Aggregated,18.200000,0.000000,180,240,320,350,510,670,830,930,980,980,980,5440,0,270,747.8541236632376,2.447577000111778,6146.937421000075,2728.140073529412
1780224998,40,POST,/api/book,12.900000,0.000000,250,330,400,420,610,830,1200,1200,1300,1300,1300,4210,0,430,960.402621663659,92.51901399989038,6146.937421000075,3381.4814726840855
1780224998,40,GET,/api/concerts,3.700000,0.000000,3,3,5,16,24,54,60,60,60,60,60,845,0,4,28.765618608285674,2.453684999863981,1222.359064000102,753.0
1780224998,40,GET,/health,1.500000,0.000000,3,3,9,9,26,33,33,33,33,33,33,401,0,4,24.951775329183835,2.447577000111778,818.11841800004,57.0
1780224998,40,,Aggregated,18.100000,0.000000,190,270,330,380,510,800,1100,1200,1300,1300,1300,5456,0,270,747.3621053583237,2.447577000111778,6146.937421000075,2730.054802052786
1780224999,40,POST,/api/book,12.500000,0.000000,250,330,410,430,680,920,1200,1200,1300,1300,1300,4225,0,430,958.243846039764,92.51901399989038,6146.937421000075,3381.4930177514793
1780224999,40,GET,/api/concerts,3.800000,0.000000,3,3,16,18,32,54,60,60,60,60,60,845,0,4,28.765618608285674,2.453684999863981,1222.359064000102,753.0
1780224999,40,GET,/health,1.400000,0.000000,3,3,9,9,26,33,33,33,33,33,33,402,0,4,24.90228159950902,2.447577000111778,818.11841800004,57.0
1780224999,40,,Aggregated,17.700000,0.000000,190,280,340,410,610,830,1100,1200,1300,1300,1300,5472,0,270,746.1436247158283,2.447577000111778,6146.937421000075,2731.3609283625733
1780225000,40,POST,/api/book,12.800000,0.000000,240,320,400,420,800,930,1200,1200,1300,1300,1300,4239,0,430,956.2529738218925,92.51901399989038,6146.937421000075,3381.4885586223168
1780225000,40,GET,/api/concerts,3.700000,0.000000,3,3,16,23,32,54,60,60,60,60,60,846,0,4,28.73737577896154,2.453684999863981,1222.359064000102,753.0
1780225000,40,GET,/health,1.200000,0.000000,3,3,3,5,9,33,33,33,33,33,33,404,0,4,24.793039752481288,2.447577000111778,818.11841800004,57.0
1780225000,40,,Aggregated,17.700000,0.000000,190,270,330,400,570,850,1100,1200,1300,1300,1300,5489,0,270,744.7412213517966,2.447577000111778,6146.937421000075,2731.6808161778104
1780225001,40,POST,/api/book,13.000000,0.000000,250,380,430,470,820,930,1200,1200,1300,1300,1300,4258,0,430,953.9526737393147,92.51901399989038,6146.937421000075,3381.466885861907
1780225001,40,GET,/api/concerts,3.200000,0.000000,3,4,16,23,27,32,60,60,60,60,60,849,0,4,28.676095090696695,2.453684999863981,1222.359064000102,753.0
1780225001,40,GET,/health,1.200000,0.000000,3,5,5,9,33,57,57,57,57,57,57,406,0,4,24.823911780793907,2.447577000111778,818.11841800004,57.0
1780225001,40,,Aggregated,17.400000,0.000000,190,290,400,420,570,920,1100,1200,1300,1300,1300,5513,0,270,743.0355519131166,2.447577000111778,6146.937421000075,2731.856520950481
1780225002,40,POST,/api/book,13.600000,0.000000,250,390,430,470,820,930,1200,1200,1300,1300,1300,4269,0,430,952.1318860503634,92.51901399989038,6146.937421000075,3381.4799718903723
1780225002,40,GET,/api/concerts,2.800000,0.000000,3,4,5,23,32,60,76,76,76,76,76,853,0,4,28.64139005979101,2.453684999863981,1222.359064000102,753.0
1780225002,40,GET,/health,1.200000,0.000000,3,5,5,9,33,57,57,57,57,57,57,407,0,4,24.76971057740145,2.447577000111778,818.11841800004,57.0
1780225002,40,,Aggregated,17.600000,0.000000,190,280,400,430,570,920,1100,1200,1300,1300,1300,5529,0,270,741.3932717444405,2.447577000111778,6146.937421000075,2731.2436245252306
1780225003,40,POST,/api/book,13.400000,0.000000,250,400,450,510,820,930,1200,1200,1300,1300,1300,4282,0,430,950.1502701396548,92.51901399989038,6146.937421000075,3381.4743110695936
1780225003,40,GET,/api/concerts,2.500000,0.000000,3,4,16,25,32,60,76,76,76,76,76,855,0,4,28.606990992984517,2.453684999863981,1222.359064000102,753.0
1780225003,40,GET,/health,1.300000,0.000000,3,3,5,5,9,57,57,57,57,57,57,408,0,4,24.715788156868534,2.447577000111778,818.11841800004,57.0
1780225003,40,,Aggregated,17.200000,0.000000,190,280,400,430,720,920,1100,1200,1300,1300,1300,5545,0,270,739.9614924445468,2.447577000111778,6146.937421000075,2731.5678990081155
1780225004,40,POST,/api/book,13.900000,0.000000,250,400,470,510,820,930,1200,1200,1300,1300,1300,4292,0,420,948.5552501430574,92.51901399989038,6146.937421000075,3381.4958061509788
1780225004,40,GET,/api/concerts,2.500000,0.000000,3,5,23,25,32,60,76,76,76,76,76,858,0,4,28.517864757577897,2.453684999863981,1222.359064000102,753.0
1780225004,40,GET,/health,1.300000,0.000000,3,3,3,5,5,57,57,57,57,57,57,410,0,4,24.60834982195742,2.447577000111778,818.11841800004,57.0
1780225004,40,,Aggregated,17.700000,0.000000,190,290,410,460,740,920,1100,1200,1300,1300,1300,5560,0,270,738.445482914211,2.447577000111778,6146.937421000075,2730.7237410071943
1780225005,40,POST,/api/book,14.000000,0.000000,250,400,460,490,820,930,1200,1200,1300,1300,1300,4306,0,420,946.4348986885745,92.51901399989038,6146.937421000075,3381.4767765908036
1780225005,40,GET,/api/concerts,2.600000,0.000000,4,23,27,32,76,86,86,86,86,86,86,860,0,4,28.555354044188096,2.453684999863981,1222.359064000102,753.0
1780225005,40,GET,/health,1.400000,0.000000,3,3,5,5,43,57,57,57,57,57,57,411,0,4,24.653323031636212,2.447577000111778,818.11841800004,57.0
1780225005,40,,Aggregated,18.000000,0.000000,200,300,410,460,740,920,1100,1200,1300,1300,1300,5577,0,270,736.9623084090035,2.447577000111778,6146.937421000075,2731.154025461718
1780225006,40,POST,/api/book,14.000000,0.000000,290,410,470,570,920,1100,1600,1600,1600,1600,1600,4327,0,420,944.9982301781841,92.51901399989038,6146.937421000075,3381.449734226947
1780225006,40,GET,/api/concerts,2.700000,0.000000,4,25,29,32,76,86,86,86,86,86,86,862,0,4,28.526148983760717,2.453684999863981,1222.359064000102,753.0
1780225006,40,GET,/health,1.400000,0.000000,3,5,5,14,43,57,57,57,57,57,57,413,0,4,24.575253455211637,2.447577000111778,818.11841800004,57.0
1780225006,40,,Aggregated,18.100000,0.000000,220,360,430,480,850,990,1300,1600,1600,1600,1600,5602,0,270,736.1203966586957,2.447577000111778,6146.937421000075,2731.9100321313817
1780225007,40,POST,/api/book,13.700000,0.000000,270,400,470,550,860,990,1600,1600,1600,1600,1600,4333,0,420,943.8891028961465,92.51901399989038,6146.937421000075,3381.4650357719825
1780225007,40,GET,/api/concerts,2.200000,0.000000,3,5,27,29,60,76,86,86,86,86,86,863,0,4,28.496862227116697,2.453684999863981,1222.359064000102,753.0
1780225007,40,GET,/health,1.400000,0.000000,3,5,5,14,43,57,57,57,57,57,57,414,0,4,24.522558050730616,2.447577000111778,818.11841800004,57.0
1780225007,40,,Aggregated,17.300000,0.000000,200,330,410,470,850,970,1300,1600,1600,1600,1600,5610,0,270,735.2257778937635,2.447577000111778,6146.937421000075,2731.786987522282
1780225008,40,POST,/api/book,14.000000,0.000000,280,400,470,490,850,950,1600,1600,1600,1600,1600,4345,0,420,942.2495140441895,92.51901399989038,6146.937421000075,3381.4708860759492
1780225008,40,GET,/api/concerts,2.000000,0.000000,3,4,25,27,76,86,86,86,86,86,86,863,0,4,28.496862227116697,2.453684999863981,1222.359064000102,753.0
1780225008,40,GET,/health,1.300000,0.000000,3,5,5,14,43,57,57,57,57,57,57,414,0,4,24.522558050730616,2.447577000111778,818.11841800004,57.0
1780225008,40,,Aggregated,17.300000,0.000000,180,330,410,470,750,920,1300,1600,1600,1600,1600,5622,0,270,734.4039967372845,2.447577000111778,6146.937421000075,2733.178228388474
1780225009,40,POST,/api/book,14.300000,0.000000,310,420,480,550,820,970,1600,1600,1600,1600,1600,4366,0,420,939.7226662054519,92.51901399989038,6146.937421000075,3381.4628950984884
1780225009,40,GET,/api/concerts,2.000000,0.000000,4,5,27,29,57,76,86,86,86,86,86,868,0,4,28.45399634331977,2.453684999863981,1222.359064000102,753.0
1780225009,40,GET,/health,1.300000,0.000000,3,4,5,14,43,57,57,57,57,57,57,415,0,4,24.472124479524037,2.447577000111778,818.11841800004,57.0
1780225009,40,,Aggregated,17.600000,0.000000,190,380,450,470,740,920,1300,1600,1600,1600,1600,5649,0,270,732.4629423151023,2.447577000111778,6146.937421000075,2733.355638166047
1780225010,40,POST,/api/book,13.900000,0.000000,290,420,470,520,850,1000,1600,1600,1600,1600,1600,4377,0,420,938.4765537822715,92.51901399989038,6146.937421000075,3381.4747543979893
1780225010,40,GET,/api/concerts,1.800000,0.000000,3,5,27,29,57,76,86,86,86,86,86,868,0,4,28.45399634331977,2.453684999863981,1222.359064000102,753.0
1780225010,40,GET,/health,1.300000,0.000000,3,5,14,43,43,57,57,57,57,57,57,417,0,4,24.465299014393736,2.447577000111778,818.11841800004,57.0
1780225010,40,,Aggregated,17.000000,0.000000,200,350,450,470,750,970,1300,1600,1600,1600,1600,5662,0,270,731.6517086577203,2.447577000111778,6146.937421000075,2733.67855881314
1780225011,40,POST,/api/book,13.900000,0.000000,270,380,450,480,790,1000,1600,1600,1600,1600,1600,4389,0,420,936.4608276215544,92.51901399989038,6146.937421000075,3381.4998860788332
1780225011,40,GET,/api/concerts,1.900000,0.000000,3,9,25,29,57,76,86,86,86,86,86,872,0,4,28.356132845185424,2.453684999863981,1222.359064000102,753.0
1780225011,40,GET,/health,1.400000,0.000000,3,4,5,14,43,43,43,43,43,43,43,420,0,4,24.31495822857636,2.447577000111778,818.11841800004,57.0
1780225011,40,,Aggregated,17.200000,0.000000,160,320,410,450,740,970,1300,1600,1600,1600,1600,5681,0,270,729.6365785474409,2.447577000111778,6146.937421000075,2732.2582291850026
1780225012,40,POST,/api/book,13.900000,0.000000,290,390,470,550,780,1000,1600,1600,1600,1600,1600,4407,0,420,934.0869989541645,92.51901399989038,6146.937421000075,3381.5332425686406
1780225012,40,GET,/api/concerts,2.300000,0.000000,3,9,29,35,57,86,86,86,86,86,86,873,0,4,28.36318119931471,2.453684999863981,1222.359064000102,753.0
1780225012,40,GET,/health,1.300000,0.000000,3,4,14,14,43,43,43,43,43,43,43,420,0,4,24.31495822857636,2.447577000111778,818.11841800004,57.0
1780225012,40,,Aggregated,17.500000,0.000000,200,330,420,470,740,970,1300,1600,1600,1600,1600,5700,0,270,728.3324112340373,2.447577000111778,6146.937421000075,2733.9870175438596
1780225013,40,POST,/api/book,13.600000,0.000000,300,410,470,520,780,1000,1600,1600,1600,1600,1600,4414,0,420,933.1429338538748,92.51901399989038,6146.937421000075,3381.551880380607
1780225013,40,GET,/api/concerts,2.300000,0.000000,3,5,14,29,37,57,86,86,86,86,86,878,0,4,28.218527116175157,2.453684999863981,1222.359064000102,753.0
1780225013,40,GET,/health,1.400000,0.000000,3,5,14,18,43,43,43,43,43,43,43,422,0,4,24.250081680099917,2.447577000111778,818.11841800004,57.0
1780225013,40,,Aggregated,17.300000,0.000000,200,340,420,460,740,970,1300,1600,1600,1600,1600,5714,0,260,726.9692529415494,2.447577000111778,6146.937421000075,2732.1242562128105
1780225014,40,POST,/api/book,13.100000,0.000000,300,410,480,570,810,1000,1600,1600,1600,1600,1600,4431,0,420,931.0276450670284,92.51901399989038,6146.937421000075,3381.5610471676823
1780225014,40,GET,/api/concerts,2.300000,0.000000,3,5,14,29,37,57,86,86,86,86,86,883,0,4,28.082720881089333,2.453684999863981,1222.359064000102,753.0
1780225014,40,GET,/health,1.400000,0.000000,3,5,14,18,43,43,43,43,43,43,43,424,0,4,24.148171457552067,2.447577000111778,818.11841800004,57.0
1780225014,40,,Aggregated,16.800000,0.000000,200,350,420,480,740,970,1300,1600,1600,1600,1600,5738,0,260,725.0643713015008,2.447577000111778,6146.937421000075,2731.3983966538863
1780225015,35,POST,/api/book,13.500000,0.000000,310,420,480,560,780,990,1600,1600,1600,1600,1600,4437,0,420,930.3145754989863,92.51901399989038,6146.937421000075,3381.559161595673
1780225015,35,GET,/api/concerts,2.200000,0.000000,3,5,9,18,35,37,57,57,57,57,57,885,0,4,28.04263206101918,2.453684999863981,1222.359064000102,753.0
1780225015,35,GET,/health,1.200000,0.000000,3,3,5,5,18,43,43,43,43,43,43,424,0,4,24.148171457552067,2.447577000111778,818.11841800004,57.0
1780225015,35,,Aggregated,16.900000,0.000000,200,350,450,480,740,860,1100,1600,1600,1600,1600,5746,0,260,724.4800427359922,2.447577000111778,6146.937421000075,2731.3872258962756
1780225016,30,POST,/api/book,13.100000,0.000000,270,400,460,480,700,780,1000,1100,1100,1100,1100,4450,0,420,928.2978205002252,92.51901399989038,6146.937421000075,3381.574606741573
1780225016,30,GET,/api/concerts,2.100000,0.000000,3,4,9,14,35,37,57,57,57,57,57,886,0,4,28.01432419977657,2.453684999863981,1222.359064000102,753.0
1780225016,30,GET,/health,1.400000,0.000000,3,3,4,5,18,43,43,43,43,43,43,425,0,4,24.098630004710575,2.447577000111778,818.11841800004,57.0
1780225016,30,,Aggregated,16.600000,0.000000,180,320,410,450,620,760,970,1100,1100,1100,1100,5761,0,260,723.1362454815156,2.447577000111778,6146.937421000075,2732.0586703697277
1780225017,25,POST,/api/book,13.500000,0.000000,280,400,480,530,740,810,1000,1100,1100,1100,1100,4459,0,420,927.1510573321378,92.51901399989038,6146.937421000075,3381.5631307468043
1780225017,25,GET,/api/concerts,2.400000,0.000000,3,5,9,14,35,37,57,57,57,57,57,887,0,4,27.99301786471485,2.453684999863981,1222.359064000102,753.0
1780225017,25,GET,/health,1.400000,0.000000,3,4,5,5,18,43,43,43,43,43,43,425,0,4,24.098630004710575,2.447577000111778,818.11841800004,57.0
1780225017,25,,Aggregated,17.300000,0.000000,190,320,430,470,700,800,970,1100,1100,1100,1100,5771,0,260,722.4464198998461,2.447577000111778,6146.937421000075,2732.7198059261827
1780225018,20,POST,/api/book,13.300000,0.000000,260,350,450,480,740,830,1000,1100,1100,1100,1100,4464,0,410,926.3235811252247,92.51901399989038,6146.937421000075,3381.5681003584227
1780225018,20,GET,/api/concerts,2.500000,0.000000,3,4,9,9,18,35,57,57,57,57,57,888,0,4,27.96495751689433,2.453684999863981,1222.359064000102,753.0
1780225018,20,GET,/health,1.200000,0.000000,3,4,5,5,18,43,43,43,43,43,43,425,0,4,24.098630004710575,2.447577000111778,818.11841800004,57.0
1780225018,20,,Aggregated,17.000000,0.000000,160,300,380,450,620,800,1000,1100,1100,1100,1100,5777,0,260,721.8596617915894,2.447577000111778,6146.937421000075,2732.94253072529
1780225019,15,POST,/api/book,12.400000,0.000000,250,340,450,480,610,780,830,830,860,860,860,4474,0,410,925.0269156046052,92.51901399989038,6146.937421000075,3381.5614662494413
1780225019,15,GET,/api/concerts,2.400000,0.000000,3,3,9,9,14,18,35,35,35,35,35,889,0,4,27.936617848146444,2.453684999863981,1222.359064000102,753.0
1780225019,15,GET,/health,1.100000,0.000000,3,3,5,5,18,43,43,43,43,43,43,427,0,4,24.001021402814775,2.447577000111778,818.11841800004,57.0
1780225019,15,,Aggregated,15.900000,0.000000,150,280,350,410,560,760,830,830,860,860,860,5790,0,260,720.8384300209002,2.447577000111778,6146.937421000075,2732.7913644214163
1780225020,10,POST,/api/book,12.200000,0.000000,250,380,450,480,620,800,830,860,860,860,860,4474,0,410,925.0269156046052,92.51901399989038,6146.937421000075,3381.5614662494413
1780225020,10,GET,/api/concerts,2.400000,0.000000,3,3,9,9,14,18,35,35,35,35,35,891,0,4,27.880230489340246,2.453684999863981,1222.359064000102,753.0
1780225020,10,GET,/health,1.100000,0.000000,3,3,4,5,18,18,18,18,18,18,18,428,0,4,23.952003037387357,2.447577000111778,818.11841800004,57.0
1780225020,10,,Aggregated,15.700000,0.000000,150,300,390,450,570,760,830,830,860,860,860,5793,0,260,720.4666257692063,2.447577000111778,6146.937421000075,2731.645952011048
1780225021,5,POST,/api/book,11.400000,0.000000,280,400,480,520,710,800,830,860,860,860,860,4476,0,410,924.761486197722,92.51901399989038,6146.937421000075,3381.5728328865057
1780225021,5,GET,/api/concerts,2.400000,0.000000,3,3,3,4,9,18,18,18,18,18,18,891,0,4,27.880230489340246,2.453684999863981,1222.359064000102,753.0
1780225021,5,GET,/health,1.100000,0.000000,3,3,4,5,18,18,18,18,18,18,18,428,0,4,23.952003037387357,2.447577000111778,818.11841800004,57.0
1780225021,5,,Aggregated,14.900000,0.000000,160,330,410,470,610,780,830,830,860,860,860,5795,0,260,720.3322096440055,2.447577000111778,6146.937421000075,2731.879033649698
1780225022,5,POST,/api/book,10.400000,0.000000,270,400,460,520,710,810,830,860,860,860,860,4477,0,410,924.5847224902844,92.51901399989038,6146.937421000075,3381.5769488496762
1780225022,5,GET,/api/concerts,2.100000,0.000000,3,3,4,9,9,18,18,18,18,18,18,891,0,4,27.880230489340246,2.453684999863981,1222.359064000102,753.0
1780225022,5,GET,/health,1.200000,0.000000,3,3,4,4,18,18,18,18,18,18,18,428,0,4,23.952003037387357,2.447577000111778,818.11841800004,57.0
1780225022,5,,Aggregated,13.700000,0.000000,160,330,410,450,570,800,830,860,860,860,860,5796,0,260,720.2309429356474,2.447577000111778,6146.937421000075,2731.9943064182194
1780225023,5,POST,/api/book,9.500000,0.000000,190,330,450,480,710,810,830,860,860,860,860,4480,0,410,924.0520226354919,92.51901399989038,6146.937421000075,3381.5988839285715
1780225023,5,GET,/api/concerts,2.100000,0.000000,3,3,4,9,9,18,18,18,18,18,18,892,0,4,27.852128942827527,2.453684999863981,1222.359064000102,753.0
1780225023,5,GET,/health,1.000000,0.000000,3,3,3,4,4,4,4,4,4,4,4,428,0,4,23.952003037387357,2.447577000111778,818.11841800004,57.0
1780225023,5,,Aggregated,12.600000,0.000000,150,270,360,440,570,800,830,860,860,860,860,5800,0,260,719.801485814485,2.447577000111778,6146.937421000075,2732.0060344827584
1780225024,5,POST,/api/book,9.500000,0.000000,170,330,410,450,570,800,860,860,860,860,860,4480,0,410,924.0520226354919,92.51901399989038,6146.937421000075,3381.5988839285715
1780225024,5,GET,/api/concerts,2.100000,0.000000,3,3,3,9,18,18,18,18,18,18,18,892,0,4,27.852128942827527,2.453684999863981,1222.359064000102,753.0
1780225024,5,GET,/health,1.000000,0.000000,3,3,3,4,4,4,4,4,4,4,4,428,0,4,23.952003037387357,2.447577000111778,818.11841800004,57.0
1780225024,5,,Aggregated,12.600000,0.000000,150,210,330,390,520,710,830,860,860,860,860,5800,0,260,719.801485814485,2.447577000111778,6146.937421000075,2732.0060344827584
1780225025,5,POST,/api/book,7.000000,0.000000,150,270,330,440,710,830,860,860,860,860,860,4483,0,410,923.5459949054211,92.51901399989038,6146.937421000075,3381.596921704216
1780225025,5,GET,/api/concerts,1.500000,0.000000,3,3,3,3,9,9,9,9,9,9,9,893,0,4,27.824279986564783,2.453684999863981,1222.359064000102,753.0
1780225025,5,GET,/health,0.800000,0.000000,3,3,4,4,4,4,4,4,4,4,4,428,0,4,23.952003037387357,2.447577000111778,818.11841800004,57.0
1780225025,5,,Aggregated,9.300000,0.000000,140,160,280,330,520,800,830,860,860,860,860,5804,0,260,719.3927006355983,2.447577000111778,6146.937421000075,2731.9993108201243
1780225026,5,POST,/api/book,6.200000,0.000000,150,240,330,410,520,800,830,830,830,830,830,4485,0,410,923.2119270327767,92.51901399989038,6146.937421000075,3381.619175027871
1780225026,5,GET,/api/concerts,1.400000,0.000000,3,3,3,3,9,9,9,9,9,9,9,893,0,4,27.824279986564783,2.453684999863981,1222.359064000102,753.0
1780225026,5,GET,/health,0.500000,0.000000,3,3,4,4,4,4,4,4,4,4,4,428,0,4,23.952003037387357,2.447577000111778,818.11841800004,57.0
1780225026,5,,Aggregated,8.100000,0.000000,140,150,280,330,520,710,830,830,830,830,830,5806,0,260,719.2049659094063,2.447577000111778,6146.937421000075,2732.2402686875644
1780225027,5,POST,/api/book,4.900000,0.000000,150,240,330,330,520,520,830,830,830,830,830,4487,0,410,922.8690090496999,92.51901399989038,6146.937421000075,3381.6200133719635
1780225027,5,GET,/api/concerts,0.900000,0.000000,3,3,3,3,3,3,3,3,3,3,3,894,0,4,27.79632190827999,2.453684999863981,1222.359064000102,753.0
1780225027,5,GET,/health,0.400000,0.000000,3,3,4,4,4,4,4,4,4,4,4,428,0,4,23.952003037387357,2.447577000111778,818.11841800004,57.0
1780225027,5,,Aggregated,6.200000,0.000000,140,180,240,310,450,520,830,830,830,830,830,5809,0,260,718.8870051113811,2.447577000111778,6146.937421000075,2732.1237734549836
1780225028,5,POST,/api/book,4.100000,0.000000,150,220,330,410,520,520,830,830,830,830,830,4490,0,410,922.3458247202681,92.51901399989038,6146.937421000075,3381.618930957684
1780225028,5,GET,/api/concerts,0.800000,0.000000,3,3,3,3,3,3,3,3,3,3,3,894,0,4,27.79632190827999,2.453684999863981,1222.359064000102,753.0
1780225028,5,GET,/health,0.400000,0.000000,3,3,3,3,3,3,3,3,3,3,3,428,0,4,23.952003037387357,2.447577000111778,818.11841800004,57.0
1780225028,5,,Aggregated,5.300000,0.000000,140,180,240,330,450,520,830,830,830,830,830,5812,0,260,718.5881146042693,2.447577000111778,6146.937421000075,2732.458189951824
1780225029,5,POST,/api/book,3.500000,0.000000,140,220,330,330,520,520,830,830,830,830,830,4492,0,410,921.9911328659848,92.51901399989038,6146.937421000075,3381.6146482635795
1780225029,5,GET,/api/concerts,0.700000,0.000000,3,3,3,3,3,3,3,3,3,3,3,894,0,4,27.79632190827999,2.453684999863981,1222.359064000102,753.0
1780225029,5,GET,/health,0.300000,0.000000,3,3,3,3,3,3,3,3,3,3,3,428,0,4,23.952003037387357,2.447577000111778,818.11841800004,57.0
1780225029,5,,Aggregated,4.500000,0.000000,140,140,140,180,240,330,330,330,330,330,330,5814,0,260,718.3841654489187,2.447577000111778,6146.937421000075,2732.6781905744756
1780225030,5,POST,/api/book,2.800000,0.000000,140,140,180,220,330,330,330,330,330,330,330,4494,0,410,921.6422751577667,92.51901399989038,6146.937421000075,3381.6148197596794
1780225030,5,GET,/api/concerts,0.700000,0.000000,3,3,3,3,3,3,3,3,3,3,3,895,0,4,27.76912493408098,2.453684999863981,1222.359064000102,753.0
1780225030,5,GET,/health,0.300000,0.000000,3,3,3,3,3,3,3,3,3,3,3,428,0,4,23.952003037387357,2.447577000111778,818.11841800004,57.0
1780225030,5,,Aggregated,3.800000,0.000000,140,140,140,180,240,330,330,330,330,330,330,5817,0,260,718.0617515342983,2.447577000111778,6146.937421000075,2732.5611139762764
1780225031,5,POST,/api/book,2.800000,0.000000,140,140,140,180,220,240,240,240,240,240,240,4496,0,410,921.305207596976,92.51901399989038,6146.937421000075,3381.6232206405693
1780225031,5,GET,/api/concerts,0.700000,0.000000,3,3,3,3,3,3,3,3,3,3,3,895,0,4,27.76912493408098,2.453684999863981,1222.359064000102,753.0
1780225031,5,GET,/health,0.300000,0.000000,3,3,3,3,3,3,3,3,3,3,3,428,0,4,23.952003037387357,2.447577000111778,818.11841800004,57.0
1780225031,5,,Aggregated,3.800000,0.000000,140,140,140,140,200,220,240,240,240,240,240,5819,0,260,717.8712901653228,2.447577000111778,6146.937421000075,2732.7906856848253
1780225032,5,POST,/api/book,1.800000,0.000000,140,140,140,180,220,240,240,240,240,240,240,4498,0,410,920.9540334997786,92.51901399989038,6146.937421000075,3381.631836371721
1780225032,5,GET,/api/concerts,0.500000,0.000000,3,3,3,3,3,3,3,3,3,3,3,896,0,4,27.741466155136667,2.453684999863981,1222.359064000102,753.0
1780225032,5,GET,/health,0.100000,0.000000,3,3,3,3,3,3,3,3,3,3,3,428,0,4,23.952003037387357,2.447577000111778,818.11841800004,57.0
1780225032,5,,Aggregated,2.400000,0.000000,140,140,140,140,200,220,240,240,240,240,240,5822,0,260,717.5470720812459,2.447577000111778,6146.937421000075,2732.6801786327724
1780225033,5,POST,/api/book,2.200000,0.000000,140,140,140,180,220,240,240,240,240,240,240,4500,0,410,920.5982938757787,92.51901399989038,6146.937421000075,3381.6215555555555
1780225033,5,GET,/api/concerts,0.400000,0.000000,3,3,3,3,3,3,3,3,3,3,3,896,0,4,27.741466155136667,2.453684999863981,1222.359064000102,753.0
1780225033,5,GET,/health,0.000000,0.000000,3,3,3,3,3,3,3,3,3,3,3,428,0,4,23.952003037387357,2.447577000111778,818.11841800004,57.0
1780225033,5,,Aggregated,2.600000,0.000000,140,140,140,140,200,220,240,240,240,240,240,5824,0,260,717.3420558750024,2.447577000111778,6146.937421000075,2732.895089285714
1780225034,5,POST,/api/book,2.000000,0.000000,140,140,180,200,230,240,260,260,260,260,260,4502,0,410,920.2963489271444,92.51901399989038,6146.937421000075,3381.6232785428697
1780225034,5,GET,/api/concerts,0.400000,0.000000,3,3,3,3,3,3,3,3,3,3,3,897,0,4,27.713783827204328,2.453684999863981,1222.359064000102,753.0
1780225034,5,GET,/health,0.000000,0.000000,3,3,3,3,3,3,3,3,3,3,3,428,0,4,23.952003037387357,2.447577000111778,818.11841800004,57.0
1780225034,5,,Aggregated,2.400000,0.000000,140,140,140,180,230,240,260,260,260,260,260,5827,0,260,717.0559265939614,2.447577000111778,6146.937421000075,2732.7793032435216
1780225035,5,POST,/api/book,2.100000,0.000000,140,140,140,180,230,260,260,260,260,260,260,4503,0,410,920.1234039316022,92.51901399989038,6146.937421000075,3381.6173662003107
1780225035,5,GET,/api/concerts,0.500000,0.000000,3,3,3,3,4,4,4,4,4,4,4,898,0,4,27.687026377508097,2.453684999863981,1222.359064000102,753.0
1780225035,5,GET,/health,0.000000,0.000000,3,3,3,3,3,3,3,3,3,3,3,428,0,4,23.952003037387357,2.447577000111778,818.11841800004,57.0
1780225035,5,,Aggregated,2.600000,0.000000,140,140,140,140,200,230,260,260,260,260,260,5829,0,260,716.8348078385682,2.447577000111778,6146.937421000075,2732.5464059015267
1780225036,5,POST,/api/book,2.000000,0.000000,140,140,140,180,230,260,260,260,260,260,260,4504,0,410,919.9507852706494,92.51901399989038,6146.937421000075,3381.6183392539965
1780225036,5,GET,/api/concerts,0.500000,0.000000,3,3,3,4,4,4,4,4,4,4,4,898,0,4,27.687026377508097,2.453684999863981,1222.359064000102,753.0
1780225036,5,GET,/health,0.000000,0.000000,3,3,3,3,3,3,3,3,3,3,3,428,0,4,23.952003037387357,2.447577000111778,818.11841800004,57.0
1780225036,5,,Aggregated,2.500000,0.000000,140,140,140,140,200,230,260,260,260,260,260,5830,0,260,716.7363196991447,2.447577000111778,6146.937421000075,2732.658490566038
1780225037,5,POST,/api/book,2.100000,0.000000,140,140,140,150,230,260,260,260,260,260,260,4508,0,410,919.2611020805246,92.51901399989038,6146.937421000075,3381.6237799467613
1780225037,5,GET,/api/concerts,0.500000,0.000000,3,3,3,4,4,4,4,4,4,4,4,898,0,4,27.687026377508097,2.453684999863981,1222.359064000102,753.0
1780225037,5,GET,/health,0.000000,0.000000,3,3,3,3,3,3,3,3,3,3,3,428,0,4,23.952003037387357,2.447577000111778,818.11841800004,57.0
1780225037,5,,Aggregated,2.600000,0.000000,140,140,140,140,200,230,260,260,260,260,260,5834,0,260,716.3427245742225,2.447577000111778,6146.937421000075,2733.1076448405897
1780225038,5,POST,/api/book,1.900000,0.000000,140,140,200,200,240,260,260,260,260,260,260,4510,0,410,918.9530957609767,92.51901399989038,6146.937421000075,3381.612638580931
1780225038,5,GET,/api/concerts,0.500000,0.000000,3,3,4,4,4,4,4,4,4,4,4,898,0,4,27.687026377508097,2.453684999863981,1222.359064000102,753.0
1780225038,5,GET,/health,0.000000,0.000000,0,0,0,0,0,0,0,0,0,0,0,428,0,4,23.952003037387357,2.447577000111778,818.11841800004,57.0
1780225038,5,,Aggregated,2.400000,0.000000,140,140,150,200,230,240,260,260,260,260,260,5836,0,260,716.1742407246426,2.447577000111778,6146.937421000075,2733.3212816997943
1780225039,5,POST,/api/book,1.900000,0.000000,140,140,200,200,240,260,260,260,260,260,260,4512,0,410,918.6071094749568,92.51901399989038,6146.937421000075,3381.613031914894
1780225039,5,GET,/api/concerts,0.500000,0.000000,3,3,3,4,4,4,4,4,4,4,4,899,0,4,27.659465263628775,2.453684999863981,1222.359064000102,753.0
1780225039,5,GET,/health,0.000000,0.000000,0,0,0,0,0,0,0,0,0,0,0,428,0,4,23.952003037387357,2.447577000111778,818.11841800004,57.0
1780225039,5,,Aggregated,2.400000,0.000000,140,140,140,200,230,240,260,260,260,260,260,5839,0,260,715.8541864228489,2.447577000111778,6146.937421000075,2733.2044870697036
1780225040,5,POST,/api/book,2.000000,0.000000,140,140,150,200,230,240,260,260,260,260,260,4513,0,410,918.4345448094406,92.51901399989038,6146.937421000075,3381.6091291823623
1780225040,5,GET,/api/concerts,0.400000,0.000000,3,3,3,4,4,4,4,4,4,4,4,899,0,4,27.659465263628775,2.453684999863981,1222.359064000102,753.0
1780225040,5,GET,/health,0.000000,0.000000,0,0,0,0,0,0,0,0,0,0,0,429,0,4,23.903158715621633,2.447577000111778,818.11841800004,57.0
1780225040,5,,Aggregated,2.400000,0.000000,140,140,140,150,230,240,260,260,260,260,260,5841,0,260,715.6335242400298,2.447577000111778,6146.937421000075,2732.85430576956
1780225041,5,POST,/api/book,1.900000,0.000000,140,140,150,200,240,260,260,260,260,260,260,4514,0,410,918.2616949406304,92.51901399989038,6146.937421000075,3381.612317235268
1780225041,5,GET,/api/concerts,0.400000,0.000000,3,3,4,4,4,4,4,4,4,4,4,899,0,4,27.659465263628775,2.453684999863981,1222.359064000102,753.0
1780225041,5,GET,/health,0.000000,0.000000,3,3,3,3,3,3,3,3,3,3,3,429,0,4,23.903158715621633,2.447577000111778,818.11841800004,57.0
1780225041,5,,Aggregated,2.300000,0.000000,140,140,140,150,230,240,260,260,260,260,260,5842,0,260,715.5346808153055,2.447577000111778,6146.937421000075,2732.9678192399865
1780225042,5,POST,/api/book,2.100000,0.000000,140,140,200,230,240,260,260,260,260,260,260,4514,0,410,918.2616949406304,92.51901399989038,6146.937421000075,3381.612317235268
1780225042,5,GET,/api/concerts,0.500000,0.000000,3,3,4,4,4,4,4,4,4,4,4,899,0,4,27.659465263628775,2.453684999863981,1222.359064000102,753.0
1780225042,5,GET,/health,0.000000,0.000000,3,3,3,3,3,3,3,3,3,3,3,431,0,4,23.805759280745992,2.447577000111778,818.11841800004,57.0
1780225042,5,,Aggregated,2.600000,0.000000,140,140,140,150,230,240,260,260,260,260,260,5844,0,260,715.2907995352522,2.447577000111778,6146.937421000075,2732.0520191649557
1780225043,5,POST,/api/book,1.700000,0.000000,140,140,200,200,240,260,260,260,260,260,260,4516,0,410,917.9164670323307,92.51901399989038,6146.937421000075,3381.6082816651906
1780225043,5,GET,/api/concerts,0.400000,0.000000,3,3,4,4,4,4,4,4,4,4,4,900,0,4,27.631827080002502,2.453684999863981,1222.359064000102,753.0
1780225043,5,GET,/health,0.100000,0.000000,3,3,3,3,3,3,3,3,3,3,3,431,0,4,23.805759280745992,2.447577000111778,818.11841800004,57.0
1780225043,5,,Aggregated,2.200000,0.000000,140,140,140,150,230,240,260,260,260,260,260,5847,0,260,714.9717276791541,2.447577000111778,6146.937421000075,2731.932615016248
1780225044,5,POST,/api/book,1.800000,0.000000,140,140,140,150,200,240,240,240,240,240,240,4520,0,410,917.2280746785411,92.51901399989038,6146.937421000075,3381.607743362832
1780225044,5,GET,/api/concerts,0.400000,0.000000,3,3,4,4,4,4,4,4,4,4,4,900,0,4,27.631827080002502,2.453684999863981,1222.359064000102,753.0
1780225044,5,GET,/health,0.200000,0.000000,3,3,3,3,3,3,3,3,3,3,3,431,0,4,23.805759280745992,2.447577000111778,818.11841800004,57.0
1780225044,5,,Aggregated,2.400000,0.000000,140,140,140,140,150,200,240,240,240,240,240,5851,0,260,714.5786744435164,2.447577000111778,6146.937421000075,2732.376345923774
1780225045,5,POST,/api/book,1.600000,0.000000,140,140,140,150,200,240,240,240,240,240,240,4520,0,410,917.2280746785411,92.51901399989038,6146.937421000075,3381.607743362832
1780225045,5,GET,/api/concerts,0.300000,0.000000,3,3,4,4,4,4,4,4,4,4,4,901,0,4,27.604480887904966,2.453684999863981,1222.359064000102,753.0
1780225045,5,GET,/health,0.300000,0.000000,3,3,3,3,3,3,3,3,3,3,3,431,0,4,23.805759280745992,2.447577000111778,818.11841800004,57.0
1780225045,5,,Aggregated,2.200000,0.000000,140,140,140,140,150,200,240,240,240,240,240,5852,0,260,714.4570774225931,2.447577000111778,6146.937421000075,2732.038106630212
1780225046,5,POST,/api/book,1.800000,0.000000,140,140,140,150,200,240,240,240,240,240,240,4523,0,410,916.7124240521791,92.51901399989038,6146.937421000075,3381.61552067212
1780225046,5,GET,/api/concerts,0.300000,0.000000,3,3,4,4,4,4,4,4,4,4,4,901,0,4,27.604480887904966,2.453684999863981,1222.359064000102,753.0
1780225046,5,GET,/health,0.300000,0.000000,3,3,3,3,3,3,3,3,3,3,3,431,0,4,23.805759280745992,2.447577000111778,818.11841800004,57.0
1780225046,5,,Aggregated,2.400000,0.000000,140,140,140,140,150,200,240,240,240,240,240,5855,0,260,714.1626325393705,2.447577000111778,6146.937421000075,2732.376942783945
1780225047,5,POST,/api/book,1.800000,0.000000,140,140,140,140,200,240,240,240,240,240,240,4524,0,410,916.5406864761287,92.51901399989038,6146.937421000075,3381.613395225464
1780225047,5,GET,/api/concerts,0.300000,0.000000,3,3,3,3,3,3,3,3,3,3,3,901,0,4,27.604480887904966,2.453684999863981,1222.359064000102,753.0
1780225047,5,GET,/health,0.300000,0.000000,3,3,3,3,3,3,3,3,3,3,3,431,0,4,23.805759280745992,2.447577000111778,818.11841800004,57.0
1780225047,5,,Aggregated,2.400000,0.000000,140,140,140,140,150,200,240,240,240,240,240,5856,0,260,714.0645466441282,2.447577000111778,6146.937421000075,2732.4861680327867
1780225048,5,POST,/api/book,1.900000,0.000000,140,140,140,140,140,150,150,150,150,150,150,4526,0,410,916.1981929958033,92.51901399989038,6146.937421000075,3381.6266018559436
1780225048,5,GET,/api/concerts,0.300000,0.000000,3,3,3,3,3,3,3,3,3,3,3,903,0,4,27.550017674421344,2.453684999863981,1222.359064000102,753.0
1780225048,5,GET,/health,0.300000,0.000000,3,3,3,3,3,3,3,3,3,3,3,431,0,4,23.805759280745992,2.447577000111778,818.11841800004,57.0
1780225048,5,,Aggregated,2.500000,0.000000,140,140,140,140,140,140,150,150,150,150,150,5860,0,260,713.6264453428352,2.447577000111778,6146.937421000075,2732.042320819113
1780225049,5,POST,/api/book,1.800000,0.000000,140,140,140,140,140,150,150,150,150,150,150,4526,0,410,916.1981929958033,92.51901399989038,6146.937421000075,3381.6266018559436
1780225049,5,GET,/api/concerts,0.300000,0.000000,3,3,3,3,3,3,3,3,3,3,3,904,0,4,27.52270143916221,2.453684999863981,1222.359064000102,753.0
1780225049,5,GET,/health,0.300000,0.000000,3,3,3,3,3,3,3,3,3,3,3,431,0,4,23.805759280745992,2.447577000111778,818.11841800004,57.0
1780225049,5,,Aggregated,2.400000,0.000000,140,140,140,140,140,140,150,150,150,150,150,5861,0,260,713.5051741767641,2.447577000111778,6146.937421000075,2731.7046579082066
1780225050,5,POST,/api/book,1.700000,0.000000,140,140,140,140,140,150,150,150,150,150,150,4528,0,410,915.8566065477045,92.51901399989038,6146.937421000075,3381.627429328622
1780225050,5,GET,/api/concerts,0.400000,0.000000,3,3,3,3,3,3,3,3,3,3,3,905,0,4,27.49543720221286,2.453684999863981,1222.359064000102,753.0
1780225050,5,GET,/health,0.300000,0.000000,3,3,3,3,3,3,3,3,3,3,3,431,0,4,23.805759280745992,2.447577000111778,818.11841800004,57.0
1780225050,5,,Aggregated,2.400000,0.000000,140,140,140,140,140,140,150,150,150,150,150,5864,0,250,713.1893532343136,2.447577000111778,6146.937421000075,2731.5895293315143
1780225051,5,POST,/api/book,1.600000,0.000000,140,140,140,140,140,150,150,150,150,150,150,4529,0,410,915.6859510214188,92.51901399989038,6146.937421000075,3381.6283947891366
1780225051,5,GET,/api/concerts,0.500000,0.000000,3,3,3,3,3,3,3,3,3,3,3,906,0,4,27.468307288082368,2.453684999863981,1222.359064000102,753.0
1780225051,5,GET,/health,0.300000,0.000000,3,3,3,3,3,3,3,3,3,3,3,432,0,4,23.75836858565192,2.447577000111778,818.11841800004,57.0
1780225051,5,,Aggregated,2.400000,0.000000,140,140,140,140,140,140,150,150,150,150,150,5867,0,250,712.8501063248704,2.447577000111778,6146.937421000075,2730.907959775013
1780225052,5,POST,/api/book,1.300000,0.000000,140,140,140,140,140,150,150,150,150,150,150,4530,0,410,915.5149600331139,92.51901399989038,6146.937421000075,3381.628697571744
1780225052,5,GET,/api/concerts,0.500000,0.000000,3,3,3,3,3,3,3,3,3,3,3,906,0,4,27.468307288082368,2.453684999863981,1222.359064000102,753.0
1780225052,5,GET,/health,0.300000,0.000000,3,3,3,3,3,3,3,3,3,3,3,432,0,4,23.75836858565192,2.447577000111778,818.11841800004,57.0
1780225052,5,,Aggregated,2.100000,0.000000,140,140,140,140,140,140,150,150,150,150,150,5868,0,250,712.7526705149991,2.447577000111778,6146.937421000075,2731.019086571234
1780225053,5,POST,/api/book,1.500000,0.000000,140,140,140,140,140,150,150,150,150,150,150,4532,0,410,915.1722339432935,92.51901399989038,6146.937421000075,3381.6178287731686
1780225053,5,GET,/api/concerts,0.600000,0.000000,3,3,3,3,3,3,3,3,3,3,3,907,0,4,27.441429727676528,2.453684999863981,1222.359064000102,753.0
1780225053,5,GET,/health,0.200000,0.000000,3,3,3,3,3,3,3,3,3,3,3,432,0,4,23.75836858565192,2.447577000111778,818.11841800004,57.0
1780225053,5,,Aggregated,2.300000,0.000000,140,140,140,140,140,140,150,150,150,150,150,5871,0,250,712.4363066297078,2.447577000111778,6146.937421000075,2730.895418157043
1780225054,5,POST,/api/book,1.500000,0.000000,140,140,140,140,140,140,140,140,140,140,140,4534,0,410,914.8297621921055,92.51901399989038,6146.937421000075,3381.608954565505
1780225054,5,GET,/api/concerts,0.700000,0.000000,3,3,3,3,3,3,3,3,3,3,3,907,0,4,27.441429727676528,2.453684999863981,1222.359064000102,753.0
1780225054,5,GET,/health,0.200000,0.000000,3,3,3,3,3,3,3,3,3,3,3,432,0,4,23.75836858565192,2.447577000111778,818.11841800004,57.0
1780225054,5,,Aggregated,2.400000,0.000000,140,140,140,140,140,140,140,140,140,140,140,5873,0,250,712.2409558608913,2.447577000111778,6146.937421000075,2731.1101651626086
1780225055,5,POST,/api/book,1.500000,0.000000,140,140,140,140,140,140,140,140,140,140,140,4537,0,410,914.3143584370744,92.51901399989038,6146.937421000075,3381.613841745647
1780225055,5,GET,/api/concerts,0.700000,0.000000,3,3,3,3,3,3,3,3,3,3,3,907,0,4,27.441429727676528,2.453684999863981,1222.359064000102,753.0
1780225055,5,GET,/health,0.100000,0.000000,3,3,3,3,3,3,3,3,3,3,3,432,0,4,23.75836858565192,2.447577000111778,818.11841800004,57.0
1780225055,5,,Aggregated,2.300000,0.000000,140,140,140,140,140,140,140,140,140,140,140,5876,0,250,711.9464323044614,2.447577000111778,6146.937421000075,2731.446051735875
1780225056,5,POST,/api/book,1.500000,0.000000,140,140,140,140,140,140,140,140,140,140,140,4539,0,410,913.9714106895806,92.51901399989038,6146.937421000075,3381.5999118748623
1780225056,5,GET,/api/concerts,0.700000,0.000000,3,3,3,3,3,3,3,3,3,3,3,907,0,4,27.441429727676528,2.453684999863981,1222.359064000102,753.0
1780225056,5,GET,/health,0.100000,0.000000,3,3,3,3,3,3,3,3,3,3,3,432,0,4,23.75836858565192,2.447577000111778,818.11841800004,57.0
1780225056,5,,Aggregated,2.300000,0.000000,140,140,140,140,140,140,140,140,140,140,140,5878,0,250,711.7504636121155,2.447577000111778,6146.937421000075,2731.656515821708
1780225057,5,POST,/api/book,1.400000,0.000000,140,140,140,140,140,140,140,140,140,140,140,4541,0,410,913.6314240365572,92.51901399989038,6146.937421000075,3381.6016295970053
1780225057,5,GET,/api/concerts,0.700000,0.000000,3,3,3,3,3,3,3,3,3,3,3,907,0,4,27.441429727676528,2.453684999863981,1222.359064000102,753.0
1780225057,5,GET,/health,0.100000,0.000000,3,3,3,3,3,3,3,3,3,3,3,433,0,4,23.709579053121267,2.447577000111778,818.11841800004,57.0
1780225057,5,,Aggregated,2.200000,0.000000,140,140,140,140,140,140,140,140,140,140,140,5881,0,250,711.4361368887969,2.447577000111778,6146.937421000075,2731.424077537834
1780225058,5,POST,/api/book,1.600000,0.000000,140,140,140,140,140,140,140,140,140,140,140,4542,0,410,913.4576492382224,92.51901399989038,6146.937421000075,3381.604359313078
1780225058,5,GET,/api/concerts,0.600000,0.000000,3,3,3,3,3,3,3,3,3,3,3,907,0,4,27.441429727676528,2.453684999863981,1222.359064000102,753.0
1780225058,5,GET,/health,0.100000,0.000000,3,3,3,3,3,3,3,3,3,3,3,433,0,4,23.709579053121267,2.447577000111778,818.11841800004,57.0
1780225058,5,,Aggregated,2.300000,0.000000,140,140,140,140,140,140,140,140,140,140,140,5882,0,250,711.3363256261501,2.447577000111778,6146.937421000075,2731.5367222033324
1780225059,5,POST,/api/book,1.600000,0.000000,140,140,140,140,150,170,170,170,170,170,170,4544,0,410,913.1252518025983,92.51901399989038,6146.937421000075,3381.606954225352
1780225059,5,GET,/api/concerts,0.600000,0.000000,3,3,3,3,3,3,3,3,3,3,3,907,0,4,27.441429727676528,2.453684999863981,1222.359064000102,753.0
1780225059,5,GET,/health,0.100000,0.000000,3,3,3,3,3,3,3,3,3,3,3,433,0,4,23.709579053121267,2.447577000111778,818.11841800004,57.0
1780225059,5,,Aggregated,2.300000,0.000000,140,140,140,140,140,150,170,170,170,170,170,5884,0,250,711.1483291441223,2.447577000111778,6146.937421000075,2731.7596872875597
1780225060,5,POST,/api/book,1.600000,0.000000,140,140,140,140,150,170,170,170,170,170,170,4548,0,410,912.4402725472751,92.51901399989038,6146.937421000075,3381.5965259454706
1780225060,5,GET,/api/concerts,0.500000,0.000000,3,3,3,3,3,3,3,3,3,3,3,907,0,4,27.441429727676528,2.453684999863981,1222.359064000102,753.0
1780225060,5,GET,/health,0.200000,0.000000,3,3,3,3,3,3,3,3,3,3,3,433,0,4,23.709579053121267,2.447577000111778,818.11841800004,57.0
1780225060,5,,Aggregated,2.300000,0.000000,140,140,140,140,140,150,170,170,170,170,170,5888,0,250,710.7564510934129,2.447577000111778,6146.937421000075,2732.193104619565
1780225061,5,POST,/api/book,1.600000,0.000000,140,140,140,140,150,170,190,190,190,190,190,4551,0,410,911.9416428998038,92.51901399989038,6146.937421000075,3381.6042627993847
1780225061,5,GET,/api/concerts,0.400000,0.000000,3,3,3,3,3,3,3,3,3,3,3,907,0,4,27.441429727676528,2.453684999863981,1222.359064000102,753.0
1780225061,5,GET,/health,0.200000,0.000000,3,3,3,3,3,3,3,3,3,3,3,433,0,4,23.709579053121267,2.447577000111778,818.11841800004,57.0
1780225061,5,,Aggregated,2.200000,0.000000,140,140,140,140,150,170,190,190,190,190,190,5891,0,250,710.4739503191336,2.447577000111778,6146.937421000075,2732.529791206926
1780225062,5,POST,/api/book,1.600000,0.000000,140,140,140,140,150,170,190,190,190,190,190,4552,0,410,911.7726430522862,92.51901399989038,6146.937421000075,3381.6052284710017
1780225062,5,GET,/api/concerts,0.400000,0.000000,3,3,3,3,3,3,3,3,3,3,3,907,0,4,27.441429727676528,2.453684999863981,1222.359064000102,753.0
1780225062,5,GET,/health,0.200000,0.000000,3,3,3,3,3,3,3,3,3,3,3,433,0,4,23.709579053121267,2.447577000111778,818.11841800004,57.0
1780225062,5,,Aggregated,2.200000,0.000000,140,140,140,140,150,170,190,190,190,190,190,5892,0,250,710.3775790337772,2.447577000111778,6146.937421000075,2732.6406992532247
1780225063,5,POST,/api/book,2.000000,0.000000,140,140,140,150,180,190,220,220,220,220,220,4554,0,410,911.4591639611345,92.51901399989038,6146.937421000075,3381.596618357488
1780225063,5,GET,/api/concerts,0.200000,0.000000,3,3,3,3,3,3,3,3,3,3,3,908,0,4,27.414644473571126,2.453684999863981,1222.359064000102,753.0
1780225063,5,GET,/health,0.200000,0.000000,3,3,3,3,3,3,3,3,3,3,3,433,0,4,23.709579053121267,2.447577000111778,818.11841800004,57.0
1780225063,5,,Aggregated,2.400000,0.000000,140,140,140,150,180,190,220,220,220,220,220,5895,0,250,710.0837621019534,2.447577000111778,6146.937421000075,2732.518405428329
1780225064,5,POST,/api/book,2.300000,0.000000,140,140,140,150,180,190,220,220,220,220,220,4557,0,410,910.953150317096,92.51901399989038,6146.937421000075,3381.5940311608515
1780225064,5,GET,/api/concerts,0.100000,0.000000,3,3,3,3,3,3,3,3,3,3,3,908,0,4,27.414644473571126,2.453684999863981,1222.359064000102,753.0
1780225064,5,GET,/health,0.100000,0.000000,3,3,3,3,3,3,3,3,3,3,3,433,0,4,23.709579053121267,2.447577000111778,818.11841800004,57.0
1780225064,5,,Aggregated,2.500000,0.000000,140,140,140,150,180,190,220,220,220,220,220,5898,0,250,709.7952273494429,2.447577000111778,6146.937421000075,2732.846558155307
1780225065,5,POST,/api/book,2.200000,0.000000,140,140,150,170,190,220,220,220,220,220,220,4558,0,410,910.7847570013178,92.51901399989038,6146.937421000075,3381.5866608161473
1780225065,5,GET,/api/concerts,0.100000,0.000000,3,3,3,3,3,3,3,3,3,3,3,908,0,4,27.414644473571126,2.453684999863981,1222.359064000102,753.0
1780225065,5,GET,/health,0.100000,0.000000,3,3,3,3,3,3,3,3,3,3,3,434,0,4,23.66176084562559,2.447577000111778,818.11841800004,57.0
1780225065,5,,Aggregated,2.400000,0.000000,140,140,140,150,180,190,220,220,220,220,220,5900,0,250,709.5794277628838,2.447577000111778,6146.937421000075,2732.4972881355934
1780225066,5,POST,/api/book,2.200000,0.000000,140,140,150,170,190,220,230,230,230,230,230,4561,0,400,910.2953300039479,92.51901399989038,6146.937421000075,3381.586713440035
1780225066,5,GET,/api/concerts,0.100000,0.000000,3,3,3,3,3,3,3,3,3,3,3,909,0,4,27.387348929595756,2.453684999863981,1222.359064000102,753.0
1780225066,5,GET,/health,0.100000,0.000000,3,3,3,3,3,3,3,3,3,3,3,434,0,4,23.66176084562559,2.447577000111778,818.11841800004,57.0
1780225066,5,,Aggregated,2.400000,0.000000,140,140,140,150,190,220,230,230,230,230,230,5904,0,250,709.1838252933628,2.447577000111778,6146.937421000075,2732.491869918699
1780225067,5,POST,/api/book,2.400000,0.000000,140,140,170,180,220,230,230,230,230,230,230,4561,0,400,910.2953300039479,92.51901399989038,6146.937421000075,3381.586713440035
1780225067,5,GET,/api/concerts,0.100000,0.000000,3,3,3,3,3,3,3,3,3,3,3,910,0,4,27.360941617585066,2.453684999863981,1222.359064000102,753.0
1780225067,5,GET,/health,0.100000,0.000000,3,3,3,3,3,3,3,3,3,3,3,434,0,4,23.66176084562559,2.447577000111778,818.11841800004,57.0
1780225067,5,,Aggregated,2.600000,0.000000,140,140,150,170,190,220,230,230,230,230,230,5905,0,250,709.0642948733301,2.447577000111778,6146.937421000075,2732.1566469093987
1780225068,5,POST,/api/book,2.000000,0.000000,140,140,170,180,220,230,230,230,230,230,230,4562,0,400,910.1266647864985,92.51901399989038,6146.937421000075,3381.5767207365193
1780225068,5,GET,/api/concerts,0.100000,0.000000,3,3,3,3,3,3,3,3,3,3,3,910,0,4,27.360941617585066,2.453684999863981,1222.359064000102,753.0
1780225068,5,GET,/health,0.200000,0.000000,3,3,3,3,3,3,3,3,3,3,3,436,0,4,23.56673290137927,2.447577000111778,818.11841800004,57.0
1780225068,5,,Aggregated,2.300000,0.000000,140,140,140,150,190,220,230,230,230,230,230,5908,0,250,708.7290787361229,2.447577000111778,6146.937421000075,2731.353249830738
1780225069,5,POST,/api/book,2.200000,0.000000,140,140,140,180,220,230,230,230,230,230,230,4564,0,400,909.7899178115703,92.51901399989038,6146.937421000075,3381.556967572305
1780225069,5,GET,/api/concerts,0.200000,0.000000,3,3,3,3,3,3,3,3,3,3,3,911,0,4,27.334605837543798,2.453684999863981,1222.359064000102,753.0
1780225069,5,GET,/health,0.200000,0.000000,3,3,3,3,3,3,3,3,3,3,3,436,0,4,23.56673290137927,2.447577000111778,818.11841800004,57.0
1780225069,5,,Aggregated,2.600000,0.000000,140,140,140,140,190,220,230,230,230,230,230,5911,0,250,708.4178829901902,2.447577000111778,6146.937421000075,2731.2233124682793
1780225070,5,POST,/api/book,2.100000,0.000000,140,140,180,180,220,230,230,230,230,230,230,4564,0,400,909.7899178115703,92.51901399989038,6146.937421000075,3381.556967572305
1780225070,5,GET,/api/concerts,0.300000,0.000000,3,3,3,3,3,3,3,3,3,3,3,912,0,4,27.308003809213037,2.453684999863981,1222.359064000102,753.0
1780225070,5,GET,/health,0.100000,0.000000,3,3,3,3,3,3,3,3,3,3,3,436,0,4,23.56673290137927,2.447577000111778,818.11841800004,57.0
1780225070,5,,Aggregated,2.500000,0.000000,140,140,140,140,190,220,230,230,230,230,230,5912,0,250,708.2985757630267,2.447577000111778,6146.937421000075,2730.888700947226
1780225071,5,POST,/api/book,2.000000,0.000000,140,140,140,180,220,230,230,230,230,230,230,4567,0,400,909.2831488046871,92.51901399989038,6146.937421000075,3381.561856798774
1780225071,5,GET,/api/concerts,0.300000,0.000000,3,3,3,3,3,3,3,3,3,3,3,912,0,4,27.308003809213037,2.453684999863981,1222.359064000102,753.0
1780225071,5,GET,/health,0.300000,0.000000,3,3,3,3,3,3,3,3,3,3,3,437,0,4,23.519494073229698,2.447577000111778,818.11841800004,57.0
1780225071,5,,Aggregated,2.600000,0.000000,140,140,140,140,190,220,230,230,230,230,230,5916,0,250,707.8903074670409,2.447577000111778,6146.937421000075,2730.77045300879
1780225072,5,POST,/api/book,1.900000,0.000000,140,140,140,140,220,230,230,230,230,230,230,4568,0,400,909.1144768474182,92.51901399989038,6146.937421000075,3381.565455341506
1780225072,5,GET,/api/concerts,0.400000,0.000000,3,3,3,3,3,3,3,3,3,3,3,912,0,4,27.308003809213037,2.453684999863981,1222.359064000102,753.0
1780225072,5,GET,/health,0.300000,0.000000,3,3,3,3,3,3,3,3,3,3,3,437,0,4,23.519494073229698,2.447577000111778,818.11841800004,57.0
1780225072,5,,Aggregated,2.600000,0.000000,140,140,140,140,180,220,230,230,230,230,230,5917,0,250,707.7941268587145,2.447577000111778,6146.937421000075,2730.883217846882
1780225073,5,POST,/api/book,1.700000,0.000000,140,140,140,140,150,230,230,230,230,230,230,4569,0,400,908.948852509741,92.51901399989038,6146.937421000075,3381.560735390676
1780225073,5,GET,/api/concerts,0.500000,0.000000,3,3,3,3,3,3,3,3,3,3,3,912,0,4,27.308003809213037,2.453684999863981,1222.359064000102,753.0
1780225073,5,GET,/health,0.300000,0.000000,3,3,3,3,3,3,3,3,3,3,3,438,0,4,23.472365041099334,2.447577000111778,818.11841800004,57.0
1780225073,5,,Aggregated,2.500000,0.000000,140,140,140,140,140,150,230,230,230,230,230,5919,0,250,707.5811965668211,2.447577000111778,6146.937421000075,2730.537759756716
1780225074,5,POST,/api/book,1.500000,0.000000,140,140,140,140,150,230,230,230,230,230,230,4570,0,400,908.7730782910298,92.51901399989038,6146.937421000075,3381.557549234136
1780225074,5,GET,/api/concerts,0.500000,0.000000,3,3,3,3,3,3,3,3,3,3,3,913,0,4,27.281412073386964,2.453684999863981,1222.359064000102,753.0
1780225074,5,GET,/health,0.400000,0.000000,3,3,3,3,3,3,3,3,3,3,3,438,0,4,23.472365041099334,2.447577000111778,818.11841800004,57.0
1780225074,5,,Aggregated,2.400000,0.000000,130,140,140,140,140,150,230,230,230,230,230,5921,0,250,707.3605460059135,2.447577000111778,6146.937421000075,2730.311264989022
1780225075,5,POST,/api/book,1.600000,0.000000,140,140,140,140,150,230,230,230,230,230,230,4575,0,400,907.9249284196734,92.51901399989038,6146.937421000075,3381.5479781420763
1780225075,5,GET,/api/concerts,0.500000,0.000000,3,3,3,3,3,3,3,3,3,3,3,913,0,4,27.281412073386964,2.453684999863981,1222.359064000102,753.0
1780225075,5,GET,/health,0.400000,0.000000,3,3,3,3,3,3,3,3,3,3,3,438,0,4,23.472365041099334,2.447577000111778,818.11841800004,57.0
1780225075,5,,Aggregated,2.500000,0.000000,130,140,140,140,140,150,230,230,230,230,230,5926,0,250,706.8756956852875,2.447577000111778,6146.937421000075,2730.853358083024
1780225076,5,POST,/api/book,1.600000,0.000000,140,140,140,140,140,150,150,150,150,150,150,4575,0,400,907.9249284196734,92.51901399989038,6146.937421000075,3381.5479781420763
1780225076,5,GET,/api/concerts,0.500000,0.000000,3,3,3,3,3,3,3,3,3,3,3,913,0,4,27.281412073386964,2.453684999863981,1222.359064000102,753.0
1780225076,5,GET,/health,0.400000,0.000000,3,3,3,3,3,3,3,3,3,3,3,438,0,4,23.472365041099334,2.447577000111778,818.11841800004,57.0
1780225076,5,,Aggregated,2.500000,0.000000,130,140,140,140,140,140,150,150,150,150,150,5926,0,250,706.8756956852875,2.447577000111778,6146.937421000075,2730.853358083024
1780225077,5,POST,/api/book,1.300000,0.000000,140,140,140,140,140,150,150,150,150,150,150,4576,0,400,907.7570517583055,92.51901399989038,6146.937421000075,3381.5552884615386
1780225077,5,GET,/api/concerts,0.500000,0.000000,3,3,3,3,3,3,3,3,3,3,3,913,0,4,27.281412073386964,2.453684999863981,1222.359064000102,753.0
1780225077,5,GET,/health,0.500000,0.000000,3,3,3,3,3,3,3,3,3,3,3,438,0,4,23.472365041099334,2.447577000111778,818.11841800004,57.0
1780225077,5,,Aggregated,2.300000,0.000000,130,140,140,140,140,140,150,150,150,150,150,5927,0,250,706.7800057292076,2.447577000111778,6146.937421000075,2730.968786907373
1780225078,5,POST,/api/book,1.700000,0.000000,140,140,140,140,140,150,150,150,150,150,150,4580,0,400,907.0840581862457,92.51901399989038,6146.937421000075,3381.5556768558954
1780225078,5,GET,/api/concerts,0.500000,0.000000,3,3,3,3,3,3,3,3,3,3,3,913,0,4,27.281412073386964,2.453684999863981,1222.359064000102,753.0
1780225078,5,GET,/health,0.400000,0.000000,3,3,3,3,3,3,3,3,3,3,3,438,0,4,23.472365041099334,2.447577000111778,818.11841800004,57.0
1780225078,5,,Aggregated,2.600000,0.000000,140,140,140,140,140,140,150,150,150,150,150,5931,0,250,706.3958542579688,2.447577000111778,6146.937421000075,2731.4078570224247
1780225079,5,POST,/api/book,1.400000,0.000000,140,140,140,140,140,150,150,150,150,150,150,4581,0,400,906.9173527050874,92.51901399989038,6146.937421000075,3381.5557738485045
1780225079,5,GET,/api/concerts,0.400000,0.000000,3,3,3,3,3,3,3,3,3,3,3,914,0,4,27.255029331512382,2.453684999863981,1222.359064000102,753.0
1780225079,5,GET,/health,0.400000,0.000000,3,3,3,3,3,3,3,3,3,3,3,438,0,4,23.472365041099334,2.447577000111778,818.11841800004,57.0
1780225079,5,,Aggregated,2.200000,0.000000,140,140,140,140,140,140,150,150,150,150,150,5933,0,250,706.1824347613372,2.447577000111778,6146.937421000075,2731.184055284005
1780225080,5,POST,/api/book,1.500000,0.000000,140,140,140,140,170,190,190,190,190,190,190,4584,0,400,906.4325924493904,92.51901399989038,6146.937421000075,3381.548865619546
1780225080,5,GET,/api/concerts,0.300000,0.000000,3,3,3,3,3,3,3,3,3,3,3,914,0,4,27.255029331512382,2.453684999863981,1222.359064000102,753.0
1780225080,5,GET,/health,0.400000,0.000000,3,3,3,3,3,3,3,3,3,3,3,438,0,4,23.472365041099334,2.447577000111778,818.11841800004,57.0
1780225080,5,,Aggregated,2.200000,0.000000,140,140,140,140,150,170,190,190,190,190,190,5936,0,250,705.9095344482839,2.447577000111778,6146.937421000075,2731.507412398922
1780225081,5,POST,/api/book,1.800000,0.000000,140,140,140,140,170,190,190,190,190,190,190,4585,0,400,906.2655777986926,92.51901399989038,6146.937421000075,3381.546346782988
1780225081,5,GET,/api/concerts,0.300000,0.000000,3,3,3,3,3,3,3,3,3,3,3,914,0,4,27.255029331512382,2.453684999863981,1222.359064000102,753.0
1780225081,5,GET,/health,0.200000,0.000000,3,3,3,3,3,3,3,3,3,3,3,438,0,4,23.472365041099334,2.447577000111778,818.11841800004,57.0
1780225081,5,,Aggregated,2.300000,0.000000,140,140,140,140,150,170,190,190,190,190,190,5937,0,250,705.8143282641088,2.447577000111778,6146.937421000075,2731.6149570490147
1780225082,5,POST,/api/book,1.700000,0.000000,140,140,150,170,320,370,370,370,370,370,370,4587,0,400,906.0204220852421,92.51901399989038,6146.937421000075,3381.534772182254
1780225082,5,GET,/api/concerts,0.300000,0.000000,3,3,3,3,3,3,3,3,3,3,3,914,0,4,27.255029331512382,2.453684999863981,1222.359064000102,753.0
1780225082,5,GET,/health,0.200000,0.000000,4,4,4,4,4,4,4,4,4,4,4,439,0,4,23.426987683374364,2.447577000111778,818.11841800004,57.0
1780225082,5,,Aggregated,2.200000,0.000000,140,140,140,150,190,320,370,370,370,370,370,5940,0,250,705.5742795466352,2.447577000111778,6146.937421000075,2731.374579124579
1780225083,5,POST,/api/book,1.900000,0.000000,140,140,140,170,320,370,370,370,370,370,370,4588,0,400,905.8519683289027,92.51901399989038,6146.937421000075,3381.53160418483
1780225083,5,GET,/api/concerts,0.200000,0.000000,3,3,3,3,3,3,3,3,3,3,3,915,0,4,27.228650378144614,2.453684999863981,1222.359064000102,753.0
1780225083,5,GET,/health,0.200000,0.000000,4,4,4,4,4,4,4,4,4,4,4,439,0,4,23.426987683374364,2.447577000111778,818.11841800004,57.0
1780225083,5,,Aggregated,2.300000,0.000000,140,140,140,140,190,320,370,370,370,370,370,5942,0,250,705.3597262507595,2.447577000111778,6146.937421000075,2731.148603163918
1780225084,5,POST,/api/book,1.800000,0.000000,140,140,140,170,320,370,370,370,370,370,370,4590,0,400,905.5195237104588,92.51901399989038,6146.937421000075,3381.532679738562
1780225084,5,GET,/api/concerts,0.200000,0.000000,3,3,3,3,3,3,3,3,3,3,3,916,0,4,27.202211856989607,2.453684999863981,1222.359064000102,753.0
1780225084,5,GET,/health,0.100000,0.000000,4,4,4,4,4,4,4,4,4,4,4,439,0,4,23.426987683374364,2.447577000111778,818.11841800004,57.0
1780225084,5,,Aggregated,2.100000,0.000000,140,140,140,140,190,320,370,370,370,370,370,5945,0,250,705.0523612254018,2.447577000111778,6146.937421000075,2731.0354920100926
1780225085,5,POST,/api/book,2.000000,0.000000,140,140,140,140,190,320,370,370,370,370,370,4592,0,400,905.1866780056632,92.51901399989038,6146.937421000075,3381.5272212543555
1780225085,5,GET,/api/concerts,0.200000,0.000000,3,3,3,3,3,3,3,3,3,3,3,917,0,4,27.175674158127038,2.453684999863981,1222.359064000102,753.0
1780225085,5,GET,/health,0.200000,0.000000,4,4,4,4,4,4,4,4,4,4,4,439,0,4,23.426987683374364,2.447577000111778,818.11841800004,57.0
1780225085,5,,Aggregated,2.400000,0.000000,140,140,140,140,190,320,370,370,370,370,370,5948,0,250,704.7447488564246,2.447577000111778,6146.937421000075,2730.9174512441155
1780225086,5,POST,/api/book,1.900000,0.000000,140,140,140,170,320,370,370,370,370,370,370,4595,0,400,904.6850526650719,92.51901399989038,6146.937421000075,3381.534058759521
1780225086,5,GET,/api/concerts,0.300000,0.000000,3,3,3,3,3,3,3,3,3,3,3,917,0,4,27.175674158127038,2.453684999863981,1222.359064000102,753.0
1780225086,5,GET,/health,0.100000,0.000000,4,4,4,4,4,4,4,4,4,4,4,439,0,4,23.426987683374364,2.447577000111778,818.11841800004,57.0
1780225086,5,,Aggregated,2.300000,0.000000,140,140,140,140,190,320,370,370,370,370,370,5951,0,250,704.4584704742083,2.447577000111778,6146.937421000075,2731.2507141656865
1780225087,5,POST,/api/book,1.900000,0.000000,140,140,170,170,320,370,370,370,370,370,370,4597,0,400,904.3591808992833,92.51901399989038,6146.937421000075,3381.536219273439
1780225087,5,GET,/api/concerts,0.300000,0.000000,3,3,3,3,3,3,3,3,3,3,3,918,0,4,27.14925866340138,2.453684999863981,1222.359064000102,753.0
1780225087,5,GET,/health,0.100000,0.000000,4,4,4,4,4,4,4,4,4,4,4,439,0,4,23.426987683374364,2.447577000111778,818.11841800004,57.0
1780225087,5,,Aggregated,2.300000,0.000000,140,140,140,140,190,320,370,370,370,370,370,5954,0,250,704.1563019213996,2.447577000111778,6146.937421000075,2731.1385623110514
1780225088,5,POST,/api/book,1.700000,0.000000,140,170,190,190,320,370,370,370,370,370,370,4599,0,400,904.0549757790835,92.51901399989038,6146.937421000075,3381.534898891063
1780225088,5,GET,/api/concerts,0.400000,0.000000,3,3,3,3,3,3,3,3,3,3,3,918,0,4,27.14925866340138,2.453684999863981,1222.359064000102,753.0
1780225088,5,GET,/health,0.100000,0.000000,4,4,4,4,4,4,4,4,4,4,4,439,0,4,23.426987683374364,2.447577000111778,818.11841800004,57.0
1780225088,5,,Aggregated,2.200000,0.000000,140,140,170,190,220,320,370,370,370,370,370,5956,0,250,703.9886334207545,2.447577000111778,6146.937421000075,2731.3559435862994
1780225089,5,POST,/api/book,2.000000,0.000000,140,170,190,190,320,370,370,370,370,370,370,4601,0,400,903.7251226255173,92.51901399989038,6146.937421000075,3381.5192349489243
1780225089,5,GET,/api/concerts,0.400000,0.000000,3,3,3,3,3,3,3,3,3,3,3,918,0,4,27.14925866340138,2.453684999863981,1222.359064000102,753.0
1780225089,5,GET,/health,0.100000,0.000000,4,4,4,4,4,4,4,4,4,4,4,439,0,4,23.426987683374364,2.447577000111778,818.11841800004,57.0
1780225089,5,,Aggregated,2.500000,0.000000,140,140,170,190,220,320,370,370,370,370,370,5958,0,250,703.8010668422312,2.447577000111778,6146.937421000075,2731.5621013763007
1780225090,5,POST,/api/book,2.000000,0.000000,140,140,170,190,320,370,370,370,370,370,370,4603,0,400,903.3935867634164,92.51901399989038,6146.937421000075,3381.510536606561
1780225090,5,GET,/api/concerts,0.500000,0.000000,3,3,3,3,3,3,3,3,3,3,3,918,0,4,27.14925866340138,2.453684999863981,1222.359064000102,753.0
1780225090,5,GET,/health,0.100000,0.000000,4,4,4,4,4,4,4,4,4,4,4,439,0,4,23.426987683374364,2.447577000111778,818.11841800004,57.0
1780225090,5,,Aggregated,2.600000,0.000000,140,140,150,170,220,320,370,370,370,370,370,5960,0,250,703.6121051875862,2.447577000111778,6146.937421000075,2731.7734899328857
1780225091,5,POST,/api/book,1.900000,0.000000,140,140,170,190,320,370,370,370,370,370,370,4604,0,400,903.2273899654659,92.51901399989038,6146.937421000075,3381.5069504778453
1780225091,5,GET,/api/concerts,0.500000,0.000000,3,3,3,3,3,3,3,3,3,3,3,919,0,4,27.12281110011146,2.453684999863981,1222.359064000102,753.0
1780225091,5,GET,/health,0.100000,0.000000,4,4,4,4,4,4,4,4,4,4,4,439,0,4,23.426987683374364,2.447577000111778,818.11841800004,57.0
1780225091,5,,Aggregated,2.500000,0.000000,140,140,140,170,220,320,370,370,370,370,370,5962,0,240,703.3997340481405,2.447577000111778,6146.937421000075,2731.5478027507547
1780225092,5,POST,/api/book,2.000000,0.000000,140,150,190,220,270,320,370,370,370,370,370,4607,0,400,902.7790174918614,92.51901399989038,6146.937421000075,3381.5118298241805
1780225092,5,GET,/api/concerts,0.400000,0.000000,3,3,3,3,3,3,3,3,3,3,3,919,0,4,27.12281110011146,2.453684999863981,1222.359064000102,753.0
1780225092,5,GET,/health,0.100000,0.000000,4,4,4,4,4,4,4,4,4,4,4,439,0,4,23.426987683374364,2.447577000111778,818.11841800004,57.0
1780225092,5,,Aggregated,2.500000,0.000000,140,140,150,170,220,230,270,270,270,270,270,5965,0,240,703.1539387391473,2.447577000111778,6146.937421000075,2731.8784576697403
1780225093,5,POST,/api/book,1.900000,0.000000,140,140,170,190,230,270,270,270,270,270,270,4608,0,400,902.6123799099404,92.51901399989038,6146.937421000075,3381.5164930555557
1780225093,5,GET,/api/concerts,0.400000,0.000000,3,3,3,3,3,3,3,3,3,3,3,920,0,4,27.096593766307112,2.453684999863981,1222.359064000102,753.0
1780225093,5,GET,/health,0.100000,0.000000,4,4,4,4,4,4,4,4,4,4,4,439,0,4,23.426987683374364,2.447577000111778,818.11841800004,57.0
1780225093,5,,Aggregated,2.400000,0.000000,140,140,140,170,220,230,270,270,270,270,270,5967,0,240,702.9413709540831,2.447577000111778,6146.937421000075,2731.6592927769398
1780225094,5,POST,/api/book,1.900000,0.000000,140,140,170,190,230,270,270,270,270,270,270,4610,0,400,902.281780024947,92.51901399989038,6146.937421000075,3381.52863340564
1780225094,5,GET,/api/concerts,0.500000,0.000000,3,3,3,3,3,3,3,3,3,3,3,920,0,4,27.096593766307112,2.453684999863981,1222.359064000102,753.0
1780225094,5,GET,/health,0.100000,0.000000,4,4,4,4,4,4,4,4,4,4,4,439,0,4,23.426987683374364,2.447577000111778,818.11841800004,57.0
1780225094,5,,Aggregated,2.500000,0.000000,140,140,150,170,220,230,270,270,270,270,270,5969,0,240,702.7529435036043,2.447577000111778,6146.937421000075,2731.8864131345285
1780225095,5,POST,/api/book,1.900000,0.000000,140,150,190,220,240,250,270,270,270,270,270,4614,0,400,901.6646467555279,92.51901399989038,6146.937421000075,3381.5260078023407
1780225095,5,GET,/api/concerts,0.500000,0.000000,3,3,3,3,3,3,3,3,3,3,3,920,0,4,27.096593766307112,2.453684999863981,1222.359064000102,753.0
1780225095,5,GET,/health,0.000000,0.000000,4,4,4,4,4,4,4,4,4,4,4,439,0,4,23.426987683374364,2.447577000111778,818.11841800004,57.0
1780225095,5,,Aggregated,2.400000,0.000000,140,140,170,220,240,250,270,270,270,270,270,5973,0,240,702.4098432928201,2.447577000111778,6146.937421000075,2732.3194374686086
1780225096,5,POST,/api/book,2.000000,0.000000,140,150,190,220,240,250,270,270,270,270,270,4616,0,400,901.3351724135628,92.51901399989038,6146.937421000075,3381.5333622183707
1780225096,5,GET,/api/concerts,0.500000,0.000000,3,3,3,3,3,3,3,3,3,3,3,920,0,4,27.096593766307112,2.453684999863981,1222.359064000102,753.0
1780225096,5,GET,/health,0.000000,0.000000,4,4,4,4,4,4,4,4,4,4,4,439,0,4,23.426987683374364,2.447577000111778,818.11841800004,57.0
1780225096,5,,Aggregated,2.500000,0.000000,140,140,190,220,240,250,270,270,270,270,270,5975,0,240,702.2220033002536,2.447577000111778,6146.937421000075,2732.5424267782428
1780225097,5,POST,/api/book,2.000000,0.000000,140,150,220,230,250,270,270,270,270,270,270,4617,0,400,901.1701323339844,92.51901399989038,6146.937421000075,3381.534979423868
1780225097,5,GET,/api/concerts,0.400000,0.000000,3,3,3,3,3,3,3,3,3,3,3,920,0,4,27.096593766307112,2.453684999863981,1222.359064000102,753.0
1780225097,5,GET,/health,0.000000,0.000000,4,4,4,4,4,4,4,4,4,4,4,439,0,4,23.426987683374364,2.447577000111778,818.11841800004,57.0
1780225097,5,,Aggregated,2.400000,0.000000,140,140,190,220,240,250,270,270,270,270,270,5976,0,240,702.1278137289182,2.447577000111778,6146.937421000075,2732.6522757697458
1780225098,5,POST,/api/book,2.200000,0.000000,140,140,150,230,250,270,270,270,270,270,270,4619,0,400,900.8357515864917,92.51901399989038,6146.937421000075,3381.5321498159774
1780225098,5,GET,/api/concerts,0.300000,0.000000,3,3,3,3,3,3,3,3,3,3,3,920,0,4,27.096593766307112,2.453684999863981,1222.359064000102,753.0
1780225098,5,GET,/health,0.000000,0.000000,4,4,4,4,4,4,4,4,4,4,4,439,0,4,23.426987683374364,2.447577000111778,818.11841800004,57.0
1780225098,5,,Aggregated,2.500000,0.000000,140,140,140,150,240,250,270,270,270,270,270,5978,0,240,701.936040554703,2.447577000111778,6146.937421000075,2732.8671796587487
1780225099,5,POST,/api/book,2.100000,0.000000,140,140,140,160,240,250,270,270,270,270,270,4622,0,400,900.3445935424071,92.51901399989038,6146.937421000075,3381.5359151882303
1780225099,5,GET,/api/concerts,0.300000,0.000000,3,3,3,3,3,3,3,3,3,3,3,920,0,4,27.096593766307112,2.453684999863981,1222.359064000102,753.0
1780225099,5,GET,/health,0.000000,0.000000,4,4,4,4,4,4,4,4,4,4,4,440,0,4,23.38004518182117,2.447577000111778,818.11841800004,57.0
1780225099,5,,Aggregated,2.400000,0.000000,140,140,140,160,240,250,270,270,270,270,270,5982,0,240,701.5394178365121,2.447577000111778,6146.937421000075,2732.7480775660315
1780225100,5,POST,/api/book,2.000000,0.000000,140,140,160,230,250,270,270,270,270,270,270,4623,0,400,900.1709050337454,92.51901399989038,6146.937421000075,3381.532338308458
1780225100,5,GET,/api/concerts,0.200000,0.000000,3,3,3,3,3,3,3,3,3,3,3,920,0,4,27.096593766307112,2.453684999863981,1222.359064000102,753.0
1780225100,5,GET,/health,0.000000,0.000000,3,3,3,3,3,3,3,3,3,3,3,440,0,4,23.38004518182117,2.447577000111778,818.11841800004,57.0
1780225100,5,,Aggregated,2.200000,0.000000,140,140,140,160,240,250,270,270,270,270,270,5983,0,240,701.4384389296365,2.447577000111778,6146.937421000075,2732.8537522981783
1780225102,5,POST,/api/book,2.000000,0.000000,140,140,140,140,240,250,250,250,250,250,250,4626,0,400,899.6687210477745,92.51901399989038,6146.937421000075,3381.5386943363596
1780225102,5,GET,/api/concerts,0.200000,0.000000,3,3,3,3,3,3,3,3,3,3,3,921,0,4,27.070341476658488,2.453684999863981,1222.359064000102,753.0
1780225102,5,GET,/health,0.000000,0.000000,3,3,3,3,3,3,3,3,3,3,3,440,0,4,23.38004518182117,2.447577000111778,818.11841800004,57.0
1780225102,5,,Aggregated,2.200000,0.000000,140,140,140,140,160,240,250,250,250,250,250,5987,0,240,701.0333235254747,2.447577000111778,6146.937421000075,2732.853014865542
1780225103,5,POST,/api/book,2.100000,0.000000,140,140,140,140,240,250,250,250,250,250,250,4627,0,400,899.5046407678852,92.51901399989038,6146.937421000075,3381.536200561919
1780225103,5,GET,/api/concerts,0.200000,0.000000,3,3,3,3,3,3,3,3,3,3,3,921,0,4,27.070341476658488,2.453684999863981,1222.359064000102,753.0
1780225103,5,GET,/health,0.100000,0.000000,3,3,3,3,3,3,3,3,3,3,3,440,0,4,23.38004518182117,2.447577000111778,818.11841800004,57.0
1780225103,5,,Aggregated,2.400000,0.000000,140,140,140,140,160,240,250,250,250,250,250,5988,0,240,700.9397089534096,2.447577000111778,6146.937421000075,2732.9594188376755
1780225104,5,POST,/api/book,2.000000,0.000000,140,140,140,140,240,250,250,250,250,250,250,4627,0,400,899.5046407678852,92.51901399989038,6146.937421000075,3381.536200561919
1780225104,5,GET,/api/concerts,0.200000,0.000000,3,3,3,3,3,3,3,3,3,3,3,921,0,4,27.070341476658488,2.453684999863981,1222.359064000102,753.0
1780225104,5,GET,/health,0.100000,0.000000,3,3,3,3,3,3,3,3,3,3,3,441,0,4,23.333468965989137,2.447577000111778,818.11841800004,57.0
1780225104,5,,Aggregated,2.300000,0.000000,140,140,140,140,240,250,250,250,250,250,250,5989,0,240,700.8231452908693,2.447577000111778,6146.937421000075,2732.5126064451492
1780225105,5,POST,/api/book,2.200000,0.000000,140,140,140,140,140,160,160,160,160,160,160,4628,0,400,899.341584096371,92.51901399989038,6146.937421000075,3381.5347882454626
1780225105,5,GET,/api/concerts,0.200000,0.000000,3,3,3,3,3,3,3,3,3,3,3,922,0,4,27.044307778744493,2.453684999863981,1222.359064000102,753.0
1780225105,5,GET,/health,0.100000,0.000000,3,3,3,3,3,3,3,3,3,3,3,441,0,4,23.333468965989137,2.447577000111778,818.11841800004,57.0
1780225105,5,,Aggregated,2.500000,0.000000,140,140,140,140,140,160,160,160,160,160,160,5991,0,240,700.6138812859316,2.447577000111778,6146.937421000075,2732.289434151227
1780225106,5,POST,/api/book,2.000000,0.000000,140,140,140,140,140,160,160,160,160,160,160,4631,0,400,898.8438489712815,92.51901399989038,6146.937421000075,3381.522781256748
1780225106,5,GET,/api/concerts,0.200000,0.000000,3,3,3,3,3,3,3,3,3,3,3,922,0,4,27.044307778744493,2.453684999863981,1222.359064000102,753.0
1780225106,5,GET,/health,0.100000,0.000000,3,3,3,3,3,3,3,3,3,3,3,441,0,4,23.333468965989137,2.447577000111778,818.11841800004,57.0
1780225106,5,,Aggregated,2.300000,0.000000,130,140,140,140,140,160,160,160,160,160,160,5994,0,240,700.328791486823,2.447577000111778,6146.937421000075,2732.605105105105
1780225107,5,POST,/api/book,1.900000,0.000000,140,140,140,140,140,160,160,160,160,160,160,4634,0,400,898.3518834920167,92.51901399989038,6146.937421000075,3381.5321536469573
1780225107,5,GET,/api/concerts,0.100000,0.000000,3,3,3,3,3,3,3,3,3,3,3,922,0,4,27.044307778744493,2.453684999863981,1222.359064000102,753.0
1780225107,5,GET,/health,0.200000,0.000000,3,3,3,3,3,3,3,3,3,3,3,441,0,4,23.333468965989137,2.447577000111778,818.11841800004,57.0
1780225107,5,,Aggregated,2.200000,0.000000,140,140,140,140,140,140,160,160,160,160,160,5997,0,240,700.0479472549636,2.447577000111778,6146.937421000075,2732.9369684842422
1780225108,5,POST,/api/book,1.800000,0.000000,140,140,140,140,140,160,160,160,160,160,160,4634,0,400,898.3518834920167,92.51901399989038,6146.937421000075,3381.5321536469573
1780225108,5,GET,/api/concerts,0.200000,0.000000,3,3,3,3,3,3,3,3,3,3,3,924,0,4,26.991947816019973,2.453684999863981,1222.359064000102,753.0
1780225108,5,GET,/health,0.200000,0.000000,3,3,3,3,3,3,3,3,3,3,3,442,0,3,23.288150904980178,2.447577000111778,818.11841800004,57.0
1780225108,5,,Aggregated,2.200000,0.000000,130,140,140,140,140,140,160,160,160,160,160,6000,0,240,699.6994250973361,2.447577000111778,6146.937421000075,2731.831
1780225109,5,POST,/api/book,1.700000,0.000000,140,140,140,140,140,150,150,150,150,150,150,4636,0,400,898.0275615493971,92.51901399989038,6146.937421000075,3381.530629853322
1780225109,5,GET,/api/concerts,0.200000,0.000000,3,3,3,3,3,3,3,3,3,3,3,924,0,4,26.991947816019973,2.453684999863981,1222.359064000102,753.0
1780225109,5,GET,/health,0.200000,0.000000,3,3,3,3,3,3,3,3,3,3,3,442,0,3,23.288150904980178,2.447577000111778,818.11841800004,57.0
1780225109,5,,Aggregated,2.100000,0.000000,140,140,140,140,140,150,150,150,150,150,150,6002,0,240,699.5151112670803,2.447577000111778,6146.937421000075,2732.0463178940354
1780225110,5,POST,/api/book,1.800000,0.000000,140,140,140,140,140,150,150,150,150,150,150,4637,0,400,897.8627278621965,92.51901399989038,6146.937421000075,3381.5251240025877
1780225110,5,GET,/api/concerts,0.200000,0.000000,3,3,3,3,3,3,3,3,3,3,3,924,0,4,26.991947816019973,2.453684999863981,1222.359064000102,753.0
1780225110,5,GET,/health,0.200000,0.000000,3,3,3,3,3,3,3,3,3,3,3,442,0,3,23.288150904980178,2.447577000111778,818.11841800004,57.0
1780225110,5,,Aggregated,2.200000,0.000000,140,140,140,140,140,150,150,150,150,150,150,6003,0,240,699.4208548357515,2.447577000111778,6146.937421000075,2732.1502582042312
1780225111,5,POST,/api/book,1.700000,0.000000,140,140,140,140,140,150,150,150,150,150,150,4641,0,390,897.2086665029101,92.51901399989038,6146.937421000075,3381.51045033398
1780225111,5,GET,/api/concerts,0.400000,0.000000,3,3,3,3,3,3,3,3,3,3,3,924,0,4,26.991947816019973,2.453684999863981,1222.359064000102,753.0
1780225111,5,GET,/health,0.300000,0.000000,3,3,3,3,3,3,3,3,3,3,3,442,0,3,23.288150904980178,2.447577000111778,818.11841800004,57.0
1780225111,5,,Aggregated,2.400000,0.000000,140,140,140,140,140,150,150,150,150,150,150,6007,0,240,699.0476683406052,2.447577000111778,6146.937421000075,2732.571333444315
1780225112,5,POST,/api/book,1.700000,0.000000,140,140,140,140,140,150,150,150,150,150,150,4641,0,390,897.2086665029101,92.51901399989038,6146.937421000075,3381.51045033398
1780225112,5,GET,/api/concerts,0.400000,0.000000,3,3,3,3,3,3,3,3,3,3,3,924,0,4,26.991947816019973,2.453684999863981,1222.359064000102,753.0
1780225112,5,GET,/health,0.300000,0.000000,3,3,3,3,3,3,3,3,3,3,3,442,0,3,23.288150904980178,2.447577000111778,818.11841800004,57.0
1780225112,5,,Aggregated,2.400000,0.000000,140,140,140,140,140,150,150,150,150,150,150,6007,0,240,699.0476683406052,2.447577000111778,6146.937421000075,2732.571333444315
1780225113,5,POST,/api/book,1.500000,0.000000,140,140,140,140,140,150,150,150,150,150,150,4643,0,390,896.8794090501842,92.51901399989038,6146.937421000075,3381.498384665087
1780225113,5,GET,/api/concerts,0.400000,0.000000,3,3,3,3,3,3,3,3,3,3,3,924,0,4,26.991947816019973,2.453684999863981,1222.359064000102,753.0
1780225113,5,GET,/health,0.200000,0.000000,3,3,3,3,3,3,3,3,3,3,3,442,0,3,23.288150904980178,2.447577000111778,818.11841800004,57.0
1780225113,5,,Aggregated,2.100000,0.000000,140,140,140,140,140,150,150,150,150,150,150,6009,0,240,698.8592142955592,2.447577000111778,6146.937421000075,2732.777999667166
1780225114,5,POST,/api/book,1.800000,0.000000,140,140,140,140,300,320,320,320,320,320,320,4646,0,390,896.4560689724505,92.51901399989038,6146.937421000075,3381.4995695221696
1780225114,5,GET,/api/concerts,0.400000,0.000000,3,3,3,3,3,3,3,3,3,3,3,924,0,4,26.991947816019973,2.453684999863981,1222.359064000102,753.0
1780225114,5,GET,/health,0.200000,0.000000,3,3,3,3,3,3,3,3,3,3,3,442,0,3,23.288150904980178,2.447577000111778,818.11841800004,57.0
1780225114,5,,Aggregated,2.400000,0.000000,140,140,140,140,150,300,320,320,320,320,320,6012,0,240,698.6308747385256,2.447577000111778,6146.937421000075,2733.102628077179
1780225115,5,POST,/api/book,1.500000,0.000000,140,140,140,140,300,320,320,320,320,320,320,4647,0,390,896.2933911060911,92.51901399989038,6146.937421000075,3381.503120292662
1780225115,5,GET,/api/concerts,0.300000,0.000000,3,3,3,3,3,3,3,3,3,3,3,924,0,4,26.991947816019973,2.453684999863981,1222.359064000102,753.0
1780225115,5,GET,/health,0.200000,0.000000,3,3,3,3,3,3,3,3,3,3,3,443,0,3,23.241107765239793,2.447577000111778,818.11841800004,57.0
1780225115,5,,Aggregated,2.000000,0.000000,140,140,140,140,300,320,320,320,320,320,320,6014,0,240,698.4223077805146,2.447577000111778,6146.937421000075,2732.7682075157963
1780225116,5,POST,/api/book,1.600000,0.000000,140,140,140,140,300,320,320,320,320,320,320,4650,0,390,895.7982949812914,92.51901399989038,6146.937421000075,3381.5081720430107
1780225116,5,GET,/api/concerts,0.300000,0.000000,3,3,3,3,3,3,3,3,3,3,3,924,0,4,26.991947816019973,2.453684999863981,1222.359064000102,753.0
1780225116,5,GET,/health,0.200000,0.000000,3,3,3,3,3,3,3,3,3,3,3,443,0,3,23.241107765239793,2.447577000111778,818.11841800004,57.0
1780225116,5,,Aggregated,2.100000,0.000000,140,140,140,140,300,320,320,320,320,320,320,6017,0,240,698.1383483771008,2.447577000111778,6146.937421000075,2733.0955625727106
1780225117,5,POST,/api/book,1.900000,0.000000,140,140,140,140,300,320,320,320,320,320,320,4652,0,390,895.4741071496142,92.51901399989038,6146.937421000075,3381.504299226139
1780225117,5,GET,/api/concerts,0.300000,0.000000,3,3,3,3,3,3,3,3,3,3,3,924,0,4,26.991947816019973,2.453684999863981,1222.359064000102,753.0
1780225117,5,GET,/health,0.100000,0.000000,3,3,3,3,3,3,3,3,3,3,3,443,0,3,23.241107765239793,2.447577000111778,818.11841800004,57.0
1780225117,5,,Aggregated,2.300000,0.000000,140,140,140,140,300,320,320,320,320,320,320,6019,0,240,697.9534668519714,2.447577000111778,6146.937421000075,2733.3080245888023
1780225118,5,POST,/api/book,1.900000,0.000000,140,140,140,140,300,320,320,320,320,320,320,4654,0,390,895.150770045983,92.51901399989038,6146.937421000075,3381.5075204125483
1780225118,5,GET,/api/concerts,0.200000,0.000000,3,3,3,3,3,3,3,3,3,3,3,924,0,4,26.991947816019973,2.453684999863981,1222.359064000102,753.0
1780225118,5,GET,/health,0.200000,0.000000,3,3,3,3,3,3,3,3,3,3,3,444,0,3,23.195063087840524,2.447577000111778,818.11841800004,57.0
1780225118,5,,Aggregated,2.300000,0.000000,140,140,140,140,300,320,320,320,320,320,320,6022,0,240,697.6537448666583,2.447577000111778,6146.937421000075,2733.081368316174
1780225119,5,POST,/api/book,1.900000,0.000000,140,140,140,140,300,320,320,320,320,320,320,4656,0,390,894.8277134301986,92.51901399989038,6146.937421000075,3381.5315721649486
1780225119,5,GET,/api/concerts,0.200000,0.000000,3,3,3,3,3,3,3,3,3,3,3,925,0,4,26.9658383200028,2.453684999863981,1222.359064000102,753.0
1780225119,5,GET,/health,0.200000,0.000000,3,3,3,3,3,3,3,3,3,3,3,444,0,3,23.195063087840524,2.447577000111778,818.11841800004,57.0
1780225119,5,,Aggregated,2.300000,0.000000,140,140,140,140,140,300,320,320,320,320,320,6025,0,240,697.3543306536127,2.447577000111778,6146.937421000075,2732.9865560165977
1780225120,5,POST,/api/book,1.800000,0.000000,140,140,140,140,300,320,320,320,320,320,320,4657,0,390,894.6668463016974,92.51901399989038,6146.937421000075,3381.530599098132
1780225120,5,GET,/api/concerts,0.200000,0.000000,3,3,4,4,4,4,4,4,4,4,4,926,0,4,26.940831809938135,2.453684999863981,1222.359064000102,753.0
1780225120,5,GET,/health,0.200000,0.000000,3,3,3,3,3,3,3,3,3,3,3,444,0,3,23.195063087840524,2.447577000111778,818.11841800004,57.0
1780225120,5,,Aggregated,2.200000,0.000000,140,140,140,140,150,300,320,320,320,320,320,6027,0,240,697.1477221659228,2.447577000111778,6146.937421000075,2732.7648913223825
1780225121,5,POST,/api/book,2.000000,0.000000,140,140,140,140,300,320,320,320,320,320,320,4659,0,390,894.3442433095096,92.51901399989038,6146.937421000075,3381.5308006009873
1780225121,5,GET,/api/concerts,0.000000,0.000000,3,3,4,4,4,4,4,4,4,4,4,926,0,4,26.940831809938135,2.453684999863981,1222.359064000102,753.0
1780225121,5,GET,/health,0.200000,0.000000,3,3,3,3,3,3,3,3,3,3,3,444,0,3,23.195063087840524,2.447577000111778,818.11841800004,57.0
1780225121,5,,Aggregated,2.200000,0.000000,140,140,140,140,150,300,320,320,320,320,320,6029,0,240,696.963948888044,2.447577000111778,6146.937421000075,2732.980262066678
1780225122,5,POST,/api/book,2.000000,0.000000,140,140,140,140,300,320,320,320,320,320,320,4661,0,390,894.0177711381688,92.51901399989038,6146.937421000075,3381.5322892083245
1780225122,5,GET,/api/concerts,0.100000,0.000000,4,4,4,4,4,4,4,4,4,4,4,926,0,4,26.940831809938135,2.453684999863981,1222.359064000102,753.0
1780225122,5,GET,/health,0.200000,0.000000,3,3,3,3,3,3,3,3,3,3,3,445,0,3,23.149886620227548,2.447577000111778,818.11841800004,57.0
1780225122,5,,Aggregated,2.300000,0.000000,140,140,140,140,150,300,320,320,320,320,320,6032,0,240,696.662092353617,2.447577000111778,6146.937421000075,2732.7528183023874
1780225123,5,POST,/api/book,2.000000,0.000000,140,140,140,140,150,170,170,170,170,170,170,4662,0,390,893.8635290819401,92.51901399989038,6146.937421000075,3381.524882024882
1780225123,5,GET,/api/concerts,0.200000,0.000000,4,4,4,4,4,4,4,4,4,4,4,926,0,4,26.940831809938135,2.453684999863981,1222.359064000102,753.0
1780225123,5,GET,/health,0.200000,0.000000,3,3,3,3,3,3,3,3,3,3,3,445,0,3,23.149886620227548,2.447577000111778,818.11841800004,57.0
1780225123,5,,Aggregated,2.400000,0.000000,140,140,140,140,140,150,170,170,170,170,170,6033,0,240,696.5756145171587,2.447577000111778,6146.937421000075,2732.8546328526436
1780225124,5,POST,/api/book,1.800000,0.000000,140,140,170,230,330,390,390,390,390,390,390,4666,0,390,893.3541401547374,92.51901399989038,6146.937421000075,3381.511573081869
1780225124,5,GET,/api/concerts,0.200000,0.000000,4,4,4,4,4,4,4,4,4,4,4,926,0,4,26.940831809938135,2.453684999863981,1222.359064000102,753.0
1780225124,5,GET,/health,0.200000,0.000000,3,3,3,3,3,3,3,3,3,3,3,445,0,3,23.149886620227548,2.447577000111778,818.11841800004,57.0
1780225124,5,,Aggregated,2.200000,0.000000,140,140,150,170,250,330,390,390,390,390,390,6037,0,240,696.3126267623022,2.447577000111778,6146.937421000075,2733.274142786152
1780225125,5,POST,/api/book,2.000000,0.000000,140,150,170,230,330,390,390,390,390,390,390,4667,0,390,893.1931280994224,92.51901399989038,6146.937421000075,3381.5110349260767
1780225125,5,GET,/api/concerts,0.200000,0.000000,4,4,4,4,4,4,4,4,4,4,4,926,0,4,26.940831809938135,2.453684999863981,1222.359064000102,753.0
1780225125,5,GET,/health,0.300000,0.000000,3,3,3,3,3,3,3,3,3,3,3,445,0,3,23.149886620227548,2.447577000111778,818.11841800004,57.0
1780225125,5,,Aggregated,2.500000,0.000000,140,140,150,170,250,330,390,390,390,390,390,6038,0,240,696.2208079897347,2.447577000111778,6146.937421000075,2733.3810864524676
1780225126,5,POST,/api/book,2.000000,0.000000,140,170,230,230,330,390,390,390,390,390,390,4670,0,390,892.7457985728062,92.51901399989038,6146.937421000075,3381.497858672377
1780225126,5,GET,/api/concerts,0.200000,0.000000,3,3,4,4,4,4,4,4,4,4,4,927,0,4,26.914963922333186,2.453684999863981,1222.359064000102,753.0
1780225126,5,GET,/health,0.300000,0.000000,3,3,3,3,3,3,3,3,3,3,3,445,0,3,23.149886620227548,2.447577000111778,818.11841800004,57.0
1780225126,5,,Aggregated,2.500000,0.000000,140,150,220,230,250,330,390,390,390,390,390,6042,0,240,695.8581182451207,2.447577000111778,6146.937421000075,2733.3649453823236
1780225127,5,POST,/api/book,2.000000,0.000000,140,170,230,230,330,390,390,390,390,390,390,4673,0,390,892.2491952946726,92.51901399989038,6146.937421000075,3381.4947571153434
1780225127,5,GET,/api/concerts,0.200000,0.000000,3,3,4,4,4,4,4,4,4,4,4,927,0,4,26.914963922333186,2.453684999863981,1222.359064000102,753.0
1780225127,5,GET,/health,0.200000,0.000000,3,3,3,3,3,3,3,3,3,3,3,446,0,3,23.10442949103408,2.447577000111778,818.11841800004,57.0
1780225127,5,,Aggregated,2.400000,0.000000,140,140,220,230,250,330,390,390,390,390,390,6046,0,240,695.4573663117795,2.447577000111778,6146.937421000075,2733.2414819715514
1780225128,5,POST,/api/book,2.000000,0.000000,140,170,230,230,330,390,390,390,390,390,390,4674,0,390,892.0880452310666,92.51901399989038,6146.937421000075,3381.4961489088573
1780225128,5,GET,/api/concerts,0.200000,0.000000,4,4,4,4,4,4,4,4,4,4,4,927,0,4,26.914963922333186,2.453684999863981,1222.359064000102,753.0
1780225128,5,GET,/health,0.200000,0.000000,3,3,3,3,3,3,3,3,3,3,3,446,0,3,23.10442949103408,2.447577000111778,818.11841800004,57.0
1780225128,5,,Aggregated,2.400000,0.000000,140,150,220,230,250,330,390,390,390,390,390,6047,0,240,695.3653498460425,2.447577000111778,6146.937421000075,2733.3497602116754
1780225129,5,POST,/api/book,1.900000,0.000000,140,170,230,230,330,390,390,390,390,390,390,4675,0,390,891.9267652085574,92.51901399989038,6146.937421000075,3381.4971122994652
1780225129,5,GET,/api/concerts,0.300000,0.000000,3,3,4,4,4,4,4,4,4,4,4,928,0,4,26.889233596985957,2.453684999863981,1222.359064000102,753.0
1780225129,5,GET,/health,0.200000,0.000000,3,3,3,3,3,3,3,3,3,3,3,446,0,3,23.10442949103408,2.447577000111778,818.11841800004,57.0
1780225129,5,,Aggregated,2.400000,0.000000,140,140,220,230,250,330,390,390,390,390,390,6049,0,240,695.1587719757016,2.447577000111778,6146.937421000075,2733.1302694660276
1780225130,5,POST,/api/book,2.000000,0.000000,140,220,230,230,330,390,390,390,390,390,390,4676,0,390,891.7657161561176,92.51901399989038,6146.937421000075,3381.491873396065
1780225130,5,GET,/api/concerts,0.300000,0.000000,3,3,4,4,4,4,4,4,4,4,4,929,0,4,26.863533019379013,2.453684999863981,1222.359064000102,753.0
1780225130,5,GET,/health,0.200000,0.000000,3,3,3,3,3,3,3,3,3,3,3,446,0,3,23.10442949103408,2.447577000111778,818.11841800004,57.0
1780225130,5,,Aggregated,2.500000,0.000000,140,140,220,230,250,330,390,390,390,390,390,6051,0,240,694.9524519044817,2.447577000111778,6146.937421000075,2732.9061312179806
1780225131,5,POST,/api/book,2.000000,0.000000,140,220,230,230,330,390,390,390,390,390,390,4678,0,390,891.4442143563501,92.51901399989038,6146.937421000075,3381.4916631038905
1780225131,5,GET,/api/concerts,0.300000,0.000000,3,3,4,4,4,4,4,4,4,4,4,929,0,4,26.863533019379013,2.453684999863981,1222.359064000102,753.0
1780225131,5,GET,/health,0.200000,0.000000,3,3,3,3,3,3,3,3,3,3,3,446,0,3,23.10442949103408,2.447577000111778,818.11841800004,57.0
1780225131,5,,Aggregated,2.500000,0.000000,140,140,220,230,250,330,390,390,390,390,390,6053,0,240,694.7690124710091,2.447577000111778,6146.937421000075,2733.1202709400295
1780225132,5,POST,/api/book,1.900000,0.000000,140,220,230,230,330,390,390,390,390,390,390,4679,0,390,891.2842843650365,92.51901399989038,6146.937421000075,3381.5067322077366
1780225132,5,GET,/api/concerts,0.300000,0.000000,3,3,4,4,4,4,4,4,4,4,4,930,0,4,26.838522375272152,2.453684999863981,1222.359064000102,753.0
1780225132,5,GET,/health,0.200000,0.000000,3,3,3,3,3,3,3,3,3,3,3,446,0,3,23.10442949103408,2.447577000111778,818.11841800004,57.0
1780225132,5,,Aggregated,2.400000,0.000000,140,140,220,230,250,330,390,390,390,390,390,6055,0,240,694.5637601826618,2.447577000111778,6146.937421000075,2732.9119735755576
1780225133,5,POST,/api/book,1.900000,0.000000,140,140,140,140,220,230,230,230,230,230,230,4681,0,390,890.95453695343,92.51901399989038,6146.937421000075,3381.496047853023
1780225133,5,GET,/api/concerts,0.300000,0.000000,3,3,4,4,4,4,4,4,4,4,4,930,0,4,26.838522375272152,2.453684999863981,1222.359064000102,753.0
1780225133,5,GET,/health,0.200000,0.000000,3,3,3,3,3,3,3,3,3,3,3,446,0,3,23.10442949103408,2.447577000111778,818.11841800004,57.0
1780225133,5,,Aggregated,2.400000,0.000000,140,140,140,140,220,230,230,230,230,230,230,6057,0,240,694.37387961714,2.447577000111778,6146.937421000075,2733.1178801386827
1780225134,5,POST,/api/book,1.900000,0.000000,140,140,140,140,220,230,230,230,230,230,230,4684,0,390,890.4703445226314,92.51901399989038,6146.937421000075,3381.495089666951
1780225134,5,GET,/api/concerts,0.300000,0.000000,3,3,4,4,4,4,4,4,4,4,4,930,0,4,26.838522375272152,2.453684999863981,1222.359064000102,753.0
1780225134,5,GET,/health,0.200000,0.000000,3,3,3,3,3,3,3,3,3,3,3,446,0,3,23.10442949103408,2.447577000111778,818.11841800004,57.0
1780225134,5,,Aggregated,2.400000,0.000000,140,140,140,140,140,220,230,230,230,230,230,6060,0,240,694.0969463871315,2.447577000111778,6146.937421000075,2733.4381188118814
1780225135,5,POST,/api/book,1.800000,0.000000,140,140,140,140,140,230,230,230,230,230,230,4685,0,390,890.3106632392755,92.51901399989038,6146.937421000075,3381.4917822838847
1780225135,5,GET,/api/concerts,0.400000,0.000000,3,3,4,4,4,4,4,4,4,4,4,930,0,4,26.838522375272152,2.453684999863981,1222.359064000102,753.0
1780225135,5,GET,/health,0.100000,0.000000,3,3,3,3,3,3,3,3,3,3,3,446,0,3,23.10442949103408,2.447577000111778,818.11841800004,57.0
1780225135,5,,Aggregated,2.300000,0.000000,140,140,140,140,140,230,230,230,230,230,230,6061,0,240,694.005916290714,2.447577000111778,6146.937421000075,2733.542484738492
1780225136,5,POST,/api/book,1.800000,0.000000,140,140,140,140,140,140,140,140,140,140,140,4689,0,390,889.6628690571564,92.51901399989038,6146.937421000075,3381.485391341437
1780225136,5,GET,/api/concerts,0.400000,0.000000,3,3,4,4,4,4,4,4,4,4,4,930,0,4,26.838522375272152,2.453684999863981,1222.359064000102,753.0
1780225136,5,GET,/health,0.100000,0.000000,3,3,3,3,3,3,3,3,3,3,3,447,0,3,23.059428203582154,2.447577000111778,818.11841800004,57.0
1780225136,5,,Aggregated,2.300000,0.000000,140,140,140,140,140,140,140,140,140,140,140,6066,0,240,693.5207028066299,2.447577000111778,6146.937421000075,2733.523574019123
1780225137,5,POST,/api/book,1.800000,0.000000,140,140,140,140,140,140,140,140,140,140,140,4689,0,390,889.6628690571564,92.51901399989038,6146.937421000075,3381.485391341437
1780225137,5,GET,/api/concerts,0.400000,0.000000,3,3,4,4,4,4,4,4,4,4,4,930,0,4,26.838522375272152,2.453684999863981,1222.359064000102,753.0
1780225137,5,GET,/health,0.100000,0.000000,3,3,3,3,3,3,3,3,3,3,3,447,0,3,23.059428203582154,2.447577000111778,818.11841800004,57.0
1780225137,5,,Aggregated,2.300000,0.000000,140,140,140,140,140,140,140,140,140,140,140,6066,0,240,693.5207028066299,2.447577000111778,6146.937421000075,2733.523574019123
1780225138,5,POST,/api/book,1.800000,0.000000,140,140,140,140,140,140,140,140,140,140,140,4690,0,390,889.5030060204704,92.51901399989038,6146.937421000075,3381.4850746268658
1780225138,5,GET,/api/concerts,0.400000,0.000000,4,4,4,4,4,4,4,4,4,4,4,930,0,4,26.838522375272152,2.453684999863981,1222.359064000102,753.0
1780225138,5,GET,/health,0.100000,0.000000,3,3,3,3,3,3,3,3,3,3,3,447,0,3,23.059428203582154,2.447577000111778,818.11841800004,57.0
1780225138,5,,Aggregated,2.300000,0.000000,140,140,140,140,140,140,140,140,140,140,140,6067,0,240,693.4294525221718,2.447577000111778,6146.937421000075,2733.6301302126258
1780225139,5,POST,/api/book,2.000000,0.000000,140,140,140,140,220,240,240,240,240,240,240,4693,0,390,889.0642342002997,92.51901399989038,6146.937421000075,3381.4836991263583
1780225139,5,GET,/api/concerts,0.300000,0.000000,4,4,4,4,4,4,4,4,4,4,4,930,0,4,26.838522375272152,2.453684999863981,1222.359064000102,753.0
1780225139,5,GET,/health,0.200000,0.000000,3,3,3,3,3,3,3,3,3,3,3,448,0,3,23.01422216071737,2.447577000111778,818.11841800004,57.0
1780225139,5,,Aggregated,2.500000,0.000000,140,140,140,140,140,220,240,240,240,240,240,6071,0,240,693.0734061009747,2.447577000111778,6146.937421000075,2733.508318234228
1780225140,5,POST,/api/book,1.700000,0.000000,140,140,140,140,220,240,240,240,240,240,240,4695,0,390,888.7399023923335,92.51901399989038,6146.937421000075,3381.488817891374
1780225140,5,GET,/api/concerts,0.300000,0.000000,4,4,4,4,4,4,4,4,4,4,4,930,0,4,26.838522375272152,2.453684999863981,1222.359064000102,753.0
1780225140,5,GET,/health,0.100000,0.000000,3,3,3,3,3,3,3,3,3,3,3,448,0,3,23.01422216071737,2.447577000111778,818.11841800004,57.0
1780225140,5,,Aggregated,2.100000,0.000000,140,140,140,140,220,240,240,240,240,240,240,6073,0,240,692.887212097648,2.447577000111778,6146.937421000075,2733.725671002799
1780225141,5,POST,/api/book,1.800000,0.000000,140,140,140,220,270,280,280,280,280,280,280,4697,0,390,888.478718078562,92.51901399989038,6146.937421000075,3381.4918032786886
1780225141,5,GET,/api/concerts,0.200000,0.000000,4,4,4,4,4,4,4,4,4,4,4,931,0,4,26.813768697103335,2.453684999863981,1222.359064000102,753.0
1780225141,5,GET,/health,0.200000,0.000000,3,3,3,3,3,3,3,3,3,3,3,448,0,3,23.01422216071737,2.447577000111778,818.11841800004,57.0
1780225141,5,,Aggregated,2.200000,0.000000,140,140,140,140,240,270,280,280,280,280,280,6076,0,240,692.636360928245,2.447577000111778,6146.937421000075,2733.615207373272
1780225142,5,POST,/api/book,1.800000,0.000000,140,140,220,240,280,290,290,290,290,290,290,4698,0,390,888.3523787858675,92.51901399989038,6146.937421000075,3381.4968071519797
1780225142,5,GET,/api/concerts,0.200000,0.000000,4,4,4,4,4,4,4,4,4,4,4,931,0,4,26.813768697103335,2.453684999863981,1222.359064000102,753.0
1780225142,5,GET,/health,0.200000,0.000000,3,3,3,3,3,3,3,3,3,3,3,448,0,3,23.01422216071737,2.447577000111778,818.11841800004,57.0
1780225142,5,,Aggregated,2.200000,0.000000,140,140,140,220,270,280,290,290,290,290,290,6077,0,240,692.5709175120976,2.447577000111778,6146.937421000075,2733.72568701662
1780225143,5,POST,/api/book,2.000000,0.000000,140,220,260,260,280,290,290,290,290,290,290,4700,0,390,888.0574249672353,92.51901399989038,6146.937421000075,3381.4897872340425
1780225143,5,GET,/api/concerts,0.100000,0.000000,4,4,4,4,4,4,4,4,4,4,4,931,0,4,26.813768697103335,2.453684999863981,1222.359064000102,753.0
1780225143,5,GET,/health,0.200000,0.000000,3,3,5,5,5,5,5,5,5,5,5,449,0,3,22.973037559023204,2.447577000111778,818.11841800004,57.0
1780225143,5,,Aggregated,2.300000,0.000000,140,140,240,260,280,290,290,290,290,290,290,6080,0,240,692.2941463597067,2.447577000111778,6146.937421000075,2733.4930921052633
1780225144,5,POST,/api/book,1.900000,0.000000,140,220,260,260,280,290,290,290,290,290,290,4701,0,390,887.898247524145,92.51901399989038,6146.937421000075,3381.4981918740696
1780225144,5,GET,/api/concerts,0.100000,0.000000,4,4,4,4,4,4,4,4,4,4,4,932,0,4,26.788189552578718,2.453684999863981,1222.359064000102,753.0
1780225144,5,GET,/health,0.200000,0.000000,3,3,5,5,5,5,5,5,5,5,5,449,0,3,22.973037559023204,2.447577000111778,818.11841800004,57.0
1780225144,5,,Aggregated,2.200000,0.000000,140,140,220,240,270,280,290,290,290,290,290,6082,0,240,692.0899618773457,2.447577000111778,6146.937421000075,2733.2804998355805
1780225145,5,POST,/api/book,2.000000,0.000000,140,180,240,260,280,290,290,290,290,290,290,4705,0,390,887.2653719621693,92.51901399989038,6146.937421000075,3381.493730074389
1780225145,5,GET,/api/concerts,0.100000,0.000000,4,4,4,4,4,4,4,4,4,4,4,932,0,4,26.788189552578718,2.453684999863981,1222.359064000102,753.0
1780225145,5,GET,/health,0.300000,0.000000,3,3,5,5,5,5,5,5,5,5,5,449,0,3,22.973037559023204,2.447577000111778,818.11841800004,57.0
1780225145,5,,Aggregated,2.400000,0.000000,140,140,180,240,270,280,290,290,290,290,290,6086,0,240,691.7293890254709,2.447577000111778,6146.937421000075,2733.7030890568517
1780225146,5,POST,/api/book,2.000000,0.000000,140,220,240,260,280,290,290,290,290,290,290,4706,0,390,887.1066341285606,92.51901399989038,6146.937421000075,3381.494262643434
1780225146,5,GET,/api/concerts,0.100000,0.000000,4,4,4,4,4,4,4,4,4,4,4,932,0,4,26.788189552578718,2.453684999863981,1222.359064000102,753.0
1780225146,5,GET,/health,0.300000,0.000000,5,5,5,5,5,5,5,5,5,5,5,449,0,3,22.973037559023204,2.447577000111778,818.11841800004,57.0
1780225146,5,,Aggregated,2.400000,0.000000,140,140,220,240,270,280,290,290,290,290,290,6087,0,240,691.638788686712,2.447577000111778,6146.937421000075,2733.809922786266
1780225147,5,POST,/api/book,1.800000,0.000000,140,180,240,260,280,290,290,290,290,290,290,4708,0,390,886.7966894093047,92.51901399989038,6146.937421000075,3381.4932030586237
1780225147,5,GET,/api/concerts,0.200000,0.000000,3,3,4,4,4,4,4,4,4,4,4,933,0,4,26.76256530332633,2.453684999863981,1222.359064000102,753.0
1780225147,5,GET,/health,0.300000,0.000000,3,3,5,5,5,5,5,5,5,5,5,450,0,3,22.928165291114308,2.447577000111778,818.11841800004,57.0
1780225147,5,,Aggregated,2.300000,0.000000,140,140,220,240,270,280,290,290,290,290,290,6091,0,240,691.2372289522273,2.447577000111778,6146.937421000075,2733.257100640289
1780225148,5,POST,/api/book,1.800000,0.000000,140,170,260,270,280,290,290,290,290,290,290,4708,0,390,886.7966894093047,92.51901399989038,6146.937421000075,3381.4932030586237
1780225148,5,GET,/api/concerts,0.200000,0.000000,3,3,4,4,4,4,4,4,4,4,4,933,0,4,26.76256530332633,2.453684999863981,1222.359064000102,753.0
1780225148,5,GET,/health,0.300000,0.000000,3,3,5,5,5,5,5,5,5,5,5,450,0,3,22.928165291114308,2.447577000111778,818.11841800004,57.0
1780225148,5,,Aggregated,2.300000,0.000000,140,140,180,260,280,290,290,290,290,290,290,6091,0,240,691.2372289522273,2.447577000111778,6146.937421000075,2733.257100640289
1780225149,5,POST,/api/book,1.900000,0.000000,140,170,180,260,280,290,290,290,290,290,290,4712,0,390,886.163246652166,92.51901399989038,6146.937421000075,3381.4868421052633
1780225149,5,GET,/api/concerts,0.200000,0.000000,3,3,4,4,4,4,4,4,4,4,4,933,0,4,26.76256530332633,2.453684999863981,1222.359064000102,753.0
1780225149,5,GET,/health,0.300000,0.000000,3,3,5,5,5,5,5,5,5,5,5,450,0,3,22.928165291114308,2.447577000111778,818.11841800004,57.0
1780225149,5,,Aggregated,2.400000,0.000000,140,140,170,180,270,280,290,290,290,290,290,6095,0,240,690.8758598907327,2.447577000111778,6146.937421000075,2733.6776045939296
1780225150,5,POST,/api/book,1.900000,0.000000,140,170,180,190,260,290,290,290,290,290,290,4714,0,390,885.8749596431918,92.51901399989038,6146.937421000075,3381.4647857445907
1780225150,5,GET,/api/concerts,0.200000,0.000000,3,3,4,4,4,4,4,4,4,4,4,933,0,4,26.76256530332633,2.453684999863981,1222.359064000102,753.0
1780225150,5,GET,/health,0.300000,0.000000,5,5,5,5,5,5,5,5,5,5,5,450,0,3,22.928165291114308,2.447577000111778,818.11841800004,57.0
1780225150,5,,Aggregated,2.400000,0.000000,140,140,170,180,230,260,290,290,290,290,290,6097,0,230,690.7170260073832,2.447577000111778,6146.937421000075,2733.8730523208137
1780225151,5,POST,/api/book,1.800000,0.000000,140,140,170,180,230,260,260,260,260,260,260,4717,0,390,885.4006931924965,92.51901399989038,6146.937421000075,3381.4680941276233
1780225151,5,GET,/api/concerts,0.300000,0.000000,3,3,4,4,4,4,4,4,4,4,4,933,0,4,26.76256530332633,2.453684999863981,1222.359064000102,753.0
1780225151,5,GET,/health,0.200000,0.000000,5,5,5,5,5,5,5,5,5,5,5,450,0,3,22.928165291114308,2.447577000111778,818.11841800004,57.0
1780225151,5,,Aggregated,2.300000,0.000000,140,140,140,170,190,230,260,260,260,260,260,6100,0,230,690.4462651800026,2.447577000111778,6146.937421000075,2734.1940983606555
1780225152,5,POST,/api/book,1.800000,0.000000,140,140,140,170,190,230,230,230,230,230,230,4719,0,390,885.0836883899144,92.51901399989038,6146.937421000075,3381.471286289468
1780225152,5,GET,/api/concerts,0.300000,0.000000,3,3,3,3,3,3,3,3,3,3,3,933,0,4,26.76256530332633,2.453684999863981,1222.359064000102,753.0
1780225152,5,GET,/health,0.200000,0.000000,5,5,5,5,5,5,5,5,5,5,5,450,0,3,22.928165291114308,2.447577000111778,818.11841800004,57.0
1780225152,5,,Aggregated,2.300000,0.000000,140,140,140,140,180,190,230,230,230,230,230,6102,0,230,690.2650070994781,2.447577000111778,6146.937421000075,2734.4087184529662
1780225153,5,POST,/api/book,1.900000,0.000000,140,140,140,140,180,190,230,230,230,230,230,4722,0,380,884.6098217414243,92.51901399989038,6146.937421000075,3381.46971622194
1780225153,5,GET,/api/concerts,0.300000,0.000000,3,3,3,3,3,3,3,3,3,3,3,933,0,4,26.76256530332633,2.453684999863981,1222.359064000102,753.0
1780225153,5,GET,/health,0.200000,0.000000,5,5,5,5,5,5,5,5,5,5,5,450,0,3,22.928165291114308,2.447577000111778,818.11841800004,57.0
1780225153,5,,Aggregated,2.400000,0.000000,140,140,140,140,180,190,230,230,230,230,230,6105,0,230,689.9942221248182,2.447577000111778,6146.937421000075,2734.7254709254707
1780225154,5,POST,/api/book,1.900000,0.000000,140,140,140,150,180,190,230,230,230,230,230,4725,0,380,884.1392499832816,92.51901399989038,6146.937421000075,3381.481058201058
1780225154,5,GET,/api/concerts,0.300000,0.000000,3,3,3,3,3,3,3,3,3,3,3,933,0,4,26.76256530332633,2.453684999863981,1222.359064000102,753.0
1780225154,5,GET,/health,0.200000,0.000000,3,3,3,3,3,3,3,3,3,3,3,450,0,3,22.928165291114308,2.447577000111778,818.11841800004,57.0
1780225154,5,,Aggregated,2.400000,0.000000,140,140,140,150,180,190,230,230,230,230,230,6108,0,230,689.7257865062238,2.447577000111778,6146.937421000075,2735.0518991486574
1780225155,5,POST,/api/book,2.100000,0.000000,140,140,140,150,190,230,230,230,230,230,230,4726,0,380,883.9821665321637,92.51901399989038,6146.937421000075,3381.471646212442
1780225155,5,GET,/api/concerts,0.200000,0.000000,3,3,3,3,3,3,3,3,3,3,3,933,0,4,26.76256530332633,2.453684999863981,1222.359064000102,753.0
1780225155,5,GET,/health,0.200000,0.000000,3,3,3,3,3,3,3,3,3,3,3,450,0,3,22.928165291114308,2.447577000111778,818.11841800004,57.0
1780225155,5,,Aggregated,2.500000,0.000000,140,140,140,140,170,190,230,230,230,230,230,6109,0,230,689.6360888590629,2.447577000111778,6146.937421000075,2735.150433786217
1780225156,5,POST,/api/book,2.400000,0.000000,140,140,140,150,190,230,230,230,230,230,230,4726,0,380,883.9821665321637,92.51901399989038,6146.937421000075,3381.471646212442
1780225156,5,GET,/api/concerts,0.100000,0.000000,3,3,3,3,3,3,3,3,3,3,3,935,0,4,26.711542681287337,2.453684999863981,1222.359064000102,753.0
1780225156,5,GET,/health,0.100000,0.000000,3,3,3,3,3,3,3,3,3,3,3,452,0,3,22.839684798675503,2.447577000111778,818.11841800004,57.0
1780225156,5,,Aggregated,2.600000,0.000000,140,140,140,140,150,190,230,230,230,230,230,6113,0,230,689.1867412018673,2.447577000111778,6146.937421000075,2733.6257156878783
1780225157,5,POST,/api/book,2.400000,0.000000,140,140,140,150,190,230,230,230,230,230,230,4727,0,380,883.830582533532,92.51901399989038,6146.937421000075,3381.46223820605
1780225157,5,GET,/api/concerts,0.100000,0.000000,3,3,3,3,3,3,3,3,3,3,3,935,0,4,26.711542681287337,2.453684999863981,1222.359064000102,753.0
1780225157,5,GET,/health,0.100000,0.000000,3,3,3,3,3,3,3,3,3,3,3,453,0,3,22.795605467994015,2.447577000111778,818.11841800004,57.0
1780225157,5,,Aggregated,2.600000,0.000000,140,140,140,140,170,190,230,230,230,230,230,6115,0,230,688.9891848438292,2.447577000111778,6146.937421000075,2733.2866721177434
1780225158,5,POST,/api/book,2.300000,0.000000,140,140,140,150,190,230,230,230,230,230,230,4728,0,380,883.6729110249589,92.51901399989038,6146.937421000075,3381.4638324873094
1780225158,5,GET,/api/concerts,0.100000,0.000000,3,3,3,3,3,3,3,3,3,3,3,936,0,4,26.68611718590139,2.453684999863981,1222.359064000102,753.0
1780225158,5,GET,/health,0.100000,0.000000,3,3,3,3,3,3,3,3,3,3,3,453,0,3,22.795605467994015,2.447577000111778,818.11841800004,57.0
1780225158,5,,Aggregated,2.500000,0.000000,140,140,140,140,170,190,230,230,230,230,230,6117,0,230,688.7870096924989,2.447577000111778,6146.937421000075,2733.0701324178517
1780225159,5,POST,/api/book,1.900000,0.000000,140,140,140,150,290,290,290,290,290,290,290,4732,0,380,883.10882154121,92.51901399989038,6146.937421000075,3381.4632290786135
1780225159,5,GET,/api/concerts,0.300000,0.000000,3,3,3,3,3,3,3,3,3,3,3,936,0,4,26.68611718590139,2.453684999863981,1222.359064000102,753.0
1780225159,5,GET,/health,0.300000,0.000000,3,3,3,3,3,3,3,3,3,3,3,453,0,3,22.795605467994015,2.447577000111778,818.11841800004,57.0
1780225159,5,,Aggregated,2.500000,0.000000,140,140,140,140,170,290,290,290,290,290,290,6121,0,230,688.4782810808717,2.447577000111778,6146.937421000075,2733.4933834340795
1780225160,5,POST,/api/book,1.900000,0.000000,140,140,140,150,290,290,290,290,290,290,290,4733,0,380,882.9475376042691,92.51901399989038,6146.937421000075,3381.4627086414534
1780225160,5,GET,/api/concerts,0.300000,0.000000,3,3,3,3,3,3,3,3,3,3,3,936,0,4,26.68611718590139,2.453684999863981,1222.359064000102,753.0
1780225160,5,GET,/health,0.300000,0.000000,3,3,3,3,3,3,3,3,3,3,3,453,0,3,22.795605467994015,2.447577000111778,818.11841800004,57.0
1780225160,5,,Aggregated,2.500000,0.000000,140,140,140,140,170,290,290,290,290,290,290,6122,0,230,688.385382300558,2.447577000111778,6146.937421000075,2733.5988239137537
1780225161,5,POST,/api/book,2.000000,0.000000,140,140,140,150,290,290,290,290,290,290,290,4736,0,380,882.477524359165,92.51901399989038,6146.937421000075,3381.4575591216217
1780225161,5,GET,/api/concerts,0.300000,0.000000,3,3,3,3,3,3,3,3,3,3,3,937,0,4,26.660748193173607,2.453684999863981,1222.359064000102,753.0
1780225161,5,GET,/health,0.300000,0.000000,3,3,3,3,3,3,3,3,3,3,3,453,0,3,22.795605467994015,2.447577000111778,818.11841800004,57.0
1780225161,5,,Aggregated,2.600000,0.000000,140,140,140,140,170,290,290,290,290,290,290,6126,0,230,688.0054008650043,2.447577000111778,6146.937421000075,2733.588801828273
1780225162,5,POST,/api/book,2.000000,0.000000,140,140,150,150,290,290,290,290,290,290,290,4737,0,380,882.3206287329546,92.51901399989038,6146.937421000075,3381.4583069453242
1780225162,5,GET,/api/concerts,0.300000,0.000000,3,3,3,3,3,3,3,3,3,3,3,937,0,4,26.660748193173607,2.453684999863981,1222.359064000102,753.0
1780225162,5,GET,/health,0.300000,0.000000,3,3,3,3,3,3,3,3,3,3,3,453,0,3,22.795605467994015,2.447577000111778,818.11841800004,57.0
1780225162,5,,Aggregated,2.600000,0.000000,140,140,140,140,170,290,290,290,290,290,290,6127,0,230,687.9158395041645,2.447577000111778,6146.937421000075,2733.6951199608293
1780225163,5,POST,/api/book,1.900000,0.000000,140,140,140,170,290,290,290,290,290,290,290,4739,0,380,882.0069909867073,92.51901399989038,6146.937421000075,3381.4652880354506
1780225163,5,GET,/api/concerts,0.300000,0.000000,3,3,3,3,3,3,3,3,3,3,3,937,0,4,26.660748193173607,2.453684999863981,1222.359064000102,753.0
1780225163,5,GET,/health,0.300000,0.000000,3,3,3,3,3,3,3,3,3,3,3,453,0,3,22.795605467994015,2.447577000111778,818.11841800004,57.0
1780225163,5,,Aggregated,2.500000,0.000000,140,140,140,140,170,290,290,290,290,290,290,6129,0,230,687.7367695578422,2.447577000111778,6146.937421000075,2733.911894273128
1780225164,5,POST,/api/book,2.000000,0.000000,140,140,140,140,290,290,290,290,290,290,290,4741,0,380,881.6943570717161,92.51901399989038,6146.937421000075,3381.4823876819237
1780225164,5,GET,/api/concerts,0.400000,0.000000,3,3,3,3,3,3,3,3,3,3,3,937,0,4,26.660748193173607,2.453684999863981,1222.359064000102,753.0
1780225164,5,GET,/health,0.300000,0.000000,3,3,3,3,3,3,3,3,3,3,3,453,0,3,22.795605467994015,2.447577000111778,818.11841800004,57.0
1780225164,5,,Aggregated,2.700000,0.000000,140,140,140,140,170,290,290,290,290,290,290,6131,0,230,687.5583880624717,2.447577000111778,6146.937421000075,2734.136356222476
1780225165,5,POST,/api/book,1.800000,0.000000,140,140,140,140,290,290,290,290,290,290,290,4745,0,380,881.0691911886208,92.51901399989038,6146.937421000075,3381.480084299262
1780225165,5,GET,/api/concerts,0.400000,0.000000,3,3,3,3,3,3,3,3,3,3,3,937,0,4,26.660748193173607,2.453684999863981,1222.359064000102,753.0
1780225165,5,GET,/health,0.300000,0.000000,3,3,3,3,3,3,3,3,3,3,3,453,0,3,22.795605467994015,2.447577000111778,818.11841800004,57.0
1780225165,5,,Aggregated,2.500000,0.000000,140,140,140,140,170,290,290,290,290,290,290,6135,0,230,687.2014413242077,2.447577000111778,6146.937421000075,2734.556642216789
1780225166,5,POST,/api/book,1.800000,0.000000,140,140,140,140,290,290,290,290,290,290,290,4745,0,380,881.0691911886208,92.51901399989038,6146.937421000075,3381.480084299262
1780225166,5,GET,/api/concerts,0.400000,0.000000,3,3,3,3,3,3,3,3,3,3,3,937,0,4,26.660748193173607,2.453684999863981,1222.359064000102,753.0
1780225166,5,GET,/health,0.300000,0.000000,3,3,3,3,3,3,3,3,3,3,3,453,0,3,22.795605467994015,2.447577000111778,818.11841800004,57.0
1780225166,5,,Aggregated,2.500000,0.000000,140,140,140,140,290,290,290,290,290,290,290,6135,0,230,687.2014413242077,2.447577000111778,6146.937421000075,2734.556642216789
1780225167,5,POST,/api/book,1.700000,0.000000,140,140,140,140,290,290,290,290,290,290,290,4747,0,380,880.7586691626303,92.51901399989038,6146.937421000075,3381.4830419212135
1780225167,5,GET,/api/concerts,0.400000,0.000000,3,3,3,3,3,3,3,3,3,3,3,937,0,4,26.660748193173607,2.453684999863981,1222.359064000102,753.0
1780225167,5,GET,/health,0.300000,0.000000,3,3,3,3,3,3,3,3,3,3,3,453,0,3,22.795605467994015,2.447577000111778,818.11841800004,57.0
1780225167,5,,Aggregated,2.400000,0.000000,140,140,140,140,290,290,290,290,290,290,290,6137,0,230,687.0244309677391,2.447577000111778,6146.937421000075,2734.7697572103634
1780225168,5,POST,/api/book,1.700000,0.000000,140,140,140,140,140,150,150,150,150,150,150,4750,0,380,880.2916899736855,92.51901399989038,6146.937421000075,3381.490105263158
1780225168,5,GET,/api/concerts,0.400000,0.000000,4,4,4,4,4,4,4,4,4,4,4,938,0,4,26.636176276123415,2.453684999863981,1222.359064000102,753.0
1780225168,5,GET,/health,0.300000,0.000000,3,3,3,3,3,3,3,3,3,3,3,453,0,3,22.795605467994015,2.447577000111778,818.11841800004,57.0
1780225168,5,,Aggregated,2.400000,0.000000,140,140,140,140,140,140,150,150,150,150,150,6141,0,230,686.6465836181429,2.447577000111778,6146.937421000075,2734.768441621886
1780225169,5,POST,/api/book,1.900000,0.000000,140,140,140,140,140,150,150,150,150,150,150,4751,0,380,880.1364808139352,92.51901399989038,6146.937421000075,3381.4883182487897
1780225169,5,GET,/api/concerts,0.200000,0.000000,4,4,4,4,4,4,4,4,4,4,4,938,0,4,26.636176276123415,2.453684999863981,1222.359064000102,753.0
1780225169,5,GET,/health,0.000000,0.000000,3,3,3,3,3,3,3,3,3,3,3,453,0,3,22.795605467994015,2.447577000111778,818.11841800004,57.0
1780225169,5,,Aggregated,2.100000,0.000000,140,140,140,140,140,150,150,150,150,150,150,6142,0,230,686.558053235268,2.447577000111778,6146.937421000075,2734.872354281993
1780225170,5,POST,/api/book,2.200000,0.000000,140,140,140,140,280,320,320,320,320,320,320,4754,0,380,879.736735466135,92.51901399989038,6146.937421000075,3381.4905342869165
1780225170,5,GET,/api/concerts,0.200000,0.000000,4,4,4,4,4,4,4,4,4,4,4,938,0,4,26.636176276123415,2.453684999863981,1222.359064000102,753.0
1780225170,5,GET,/health,0.000000,0.000000,3,3,3,3,3,3,3,3,3,3,3,453,0,3,22.795605467994015,2.447577000111778,818.11841800004,57.0
1780225170,5,,Aggregated,2.400000,0.000000,140,140,140,140,280,320,320,320,320,320,320,6145,0,230,686.3433007371872,2.447577000111778,6146.937421000075,2735.1897477624084
1780225171,5,POST,/api/book,2.200000,0.000000,140,140,140,140,280,320,320,320,320,320,320,4755,0,380,879.5817348157741,92.51901399989038,6146.937421000075,3381.4956887486856
1780225171,5,GET,/api/concerts,0.200000,0.000000,4,4,4,4,4,4,4,4,4,4,4,939,0,4,26.611585732698273,2.453684999863981,1222.359064000102,753.0
1780225171,5,GET,/health,0.000000,0.000000,3,3,3,3,3,3,3,3,3,3,3,453,0,3,22.795605467994015,2.447577000111778,818.11841800004,57.0
1780225171,5,,Aggregated,2.400000,0.000000,140,140,140,140,280,320,320,320,320,320,320,6147,0,230,686.1437835251367,2.447577000111778,6146.937421000075,2734.976411257524
1780225172,5,POST,/api/book,2.000000,0.000000,140,140,140,140,280,320,320,320,320,320,320,4758,0,380,879.1155312078617,92.51901399989038,6146.937421000075,3381.4987389659523
1780225172,5,GET,/api/concerts,0.200000,0.000000,4,4,4,4,4,4,4,4,4,4,4,939,0,4,26.611585732698273,2.453684999863981,1222.359064000102,753.0
1780225172,5,GET,/health,0.000000,0.000000,3,3,3,3,3,3,3,3,3,3,3,453,0,3,22.795605467994015,2.447577000111778,818.11841800004,57.0
1780225172,5,,Aggregated,2.200000,0.000000,140,140,140,140,150,280,320,320,320,320,320,6150,0,230,685.8774611003278,2.447577000111778,6146.937421000075,2735.2941463414636
1780225173,5,POST,/api/book,1.900000,0.000000,140,140,140,140,280,320,320,320,320,320,320,4761,0,380,878.642536319892,92.51901399989038,6146.937421000075,3381.5171182524678
1780225173,5,GET,/api/concerts,0.200000,0.000000,4,4,4,4,4,4,4,4,4,4,4,939,0,4,26.611585732698273,2.453684999863981,1222.359064000102,753.0
1780225173,5,GET,/health,0.000000,0.000000,3,3,3,3,3,3,3,3,3,3,3,453,0,3,22.795605467994015,2.447577000111778,818.11841800004,57.0
1780225173,5,,Aggregated,2.100000,0.000000,140,140,140,140,150,280,320,320,320,320,320,6153,0,230,685.6056888833115,2.447577000111778,6146.937421000075,2735.6234357224116
1780225174,5,POST,/api/book,2.000000,0.000000,140,140,140,140,280,320,320,320,320,320,320,4763,0,380,878.3332758689913,92.51901399989038,6146.937421000075,3381.5202603401217
1780225174,5,GET,/api/concerts,0.200000,0.000000,4,4,4,4,4,4,4,4,4,4,4,939,0,4,26.611585732698273,2.453684999863981,1222.359064000102,753.0
1780225174,5,GET,/health,0.000000,0.000000,0,0,0,0,0,0,0,0,0,0,0,453,0,3,22.795605467994015,2.447577000111778,818.11841800004,57.0
1780225174,5,,Aggregated,2.200000,0.000000,140,140,140,140,150,280,320,320,320,320,320,6155,0,230,685.4290952467937,2.447577000111778,6146.937421000075,2735.8357432981315
1780225175,5,POST,/api/book,2.100000,0.000000,140,140,140,140,150,280,320,320,320,320,320,4766,0,380,877.8697744678988,92.51901399989038,6146.937421000075,3381.5279060008393
1780225175,5,GET,/api/concerts,0.200000,0.000000,4,4,4,4,4,4,4,4,4,4,4,939,0,4,26.611585732698273,2.453684999863981,1222.359064000102,753.0
1780225175,5,GET,/health,0.000000,0.000000,0,0,0,0,0,0,0,0,0,0,0,453,0,3,22.795605467994015,2.447577000111778,818.11841800004,57.0
1780225175,5,,Aggregated,2.300000,0.000000,140,140,140,140,150,280,320,320,320,320,320,6158,0,230,685.1643444939939,2.447577000111778,6146.937421000075,2736.1562195518027
1780225176,5,POST,/api/book,2.100000,0.000000,140,140,140,140,160,280,320,320,320,320,320,4768,0,380,877.5632794588938,92.51901399989038,6146.937421000075,3381.5299916107383
1780225176,5,GET,/api/concerts,0.200000,0.000000,4,4,4,4,4,4,4,4,4,4,4,939,0,4,26.611585732698273,2.453684999863981,1222.359064000102,753.0
1780225176,5,GET,/health,0.000000,0.000000,3,3,3,3,3,3,3,3,3,3,3,454,0,3,22.751845394276337,2.447577000111778,818.11841800004,57.0
1780225176,5,,Aggregated,2.300000,0.000000,140,140,140,140,160,280,320,320,320,320,320,6161,0,230,684.8789698542469,2.447577000111778,6146.937421000075,2735.932478493751
1780225177,5,POST,/api/book,2.100000,0.000000,140,140,140,140,160,280,320,320,320,320,320,4769,0,380,877.4082203824713,92.51901399989038,6146.937421000075,3381.5334451667018
1780225177,5,GET,/api/concerts,0.200000,0.000000,4,4,4,4,4,4,4,4,4,4,4,939,0,4,26.611585732698273,2.453684999863981,1222.359064000102,753.0
1780225177,5,GET,/health,0.000000,0.000000,3,3,3,3,3,3,3,3,3,3,3,454,0,3,22.751845394276337,2.447577000111778,818.11841800004,57.0
1780225177,5,,Aggregated,2.300000,0.000000,140,140,140,140,160,280,320,320,320,320,320,6162,0,230,684.7902336605022,2.447577000111778,6146.937421000075,2736.039922103213
1780225178,5,POST,/api/book,2.300000,0.000000,140,140,140,140,160,280,320,320,320,320,320,4771,0,380,877.099361124713,92.51901399989038,6146.937421000075,3381.5342695451686
1780225178,5,GET,/api/concerts,0.200000,0.000000,4,4,4,4,4,4,4,4,4,4,4,939,0,4,26.611585732698273,2.453684999863981,1222.359064000102,753.0
1780225178,5,GET,/health,0.100000,0.000000,3,3,3,3,3,3,3,3,3,3,3,454,0,3,22.751845394276337,2.447577000111778,818.11841800004,57.0
1780225178,5,,Aggregated,2.600000,0.000000,140,140,140,140,160,280,320,320,320,320,320,6164,0,230,684.6136711125915,2.447577000111778,6146.937421000075,2736.25
1780225179,5,POST,/api/book,2.300000,0.000000,140,140,140,140,140,160,160,160,160,160,160,4773,0,380,876.7819254403952,92.51901399989038,6146.937421000075,3381.5304839723444
1780225179,5,GET,/api/concerts,0.200000,0.000000,4,4,4,4,4,4,4,4,4,4,4,939,0,4,26.611585732698273,2.453684999863981,1222.359064000102,753.0
1780225179,5,GET,/health,0.100000,0.000000,3,3,3,3,3,3,3,3,3,3,3,454,0,3,22.751845394276337,2.447577000111778,818.11841800004,57.0
1780225179,5,,Aggregated,2.600000,0.000000,140,140,140,140,140,140,160,160,160,160,160,6166,0,230,684.4303838694477,2.447577000111778,6146.937421000075,2736.4563736620175
1780225180,5,POST,/api/book,2.000000,0.000000,140,140,140,140,140,160,200,200,200,200,200,4776,0,380,876.329799042296,92.51901399989038,6146.937421000075,3381.5332914572864
1780225180,5,GET,/api/concerts,0.100000,0.000000,4,4,4,4,4,4,4,4,4,4,4,939,0,4,26.611585732698273,2.453684999863981,1222.359064000102,753.0
1780225180,5,GET,/health,0.100000,0.000000,3,3,3,3,3,3,3,3,3,3,3,454,0,3,22.751845394276337,2.447577000111778,818.11841800004,57.0
1780225180,5,,Aggregated,2.200000,0.000000,140,140,140,140,140,160,200,200,200,200,200,6169,0,230,684.1738915607093,2.447577000111778,6146.937421000075,2736.7722483384664
1780225181,5,POST,/api/book,2.000000,0.000000,140,140,140,140,160,200,200,200,200,200,200,4777,0,380,876.174987616497,92.51901399989038,6146.937421000075,3381.5365292024285
1780225181,5,GET,/api/concerts,0.100000,0.000000,4,4,4,4,4,4,4,4,4,4,4,939,0,4,26.611585732698273,2.453684999863981,1222.359064000102,753.0
1780225181,5,GET,/health,0.100000,0.000000,3,3,3,3,3,3,3,3,3,3,3,454,0,3,22.751845394276337,2.447577000111778,818.11841800004,57.0
1780225181,5,,Aggregated,2.200000,0.000000,140,140,140,140,140,160,200,200,200,200,200,6170,0,230,684.0851754709911,2.447577000111778,6146.937421000075,2736.87925445705
1780225182,5,POST,/api/book,2.300000,0.000000,140,140,140,160,300,310,310,310,310,310,310,4780,0,380,875.7785496418422,92.51901399989038,6146.937421000075,3381.5462343096233
1780225182,5,GET,/api/concerts,0.100000,0.000000,4,4,4,4,4,4,4,4,4,4,4,939,0,4,26.611585732698273,2.453684999863981,1222.359064000102,753.0
1780225182,5,GET,/health,0.100000,0.000000,3,3,3,3,3,3,3,3,3,3,3,454,0,3,22.751845394276337,2.447577000111778,818.11841800004,57.0
1780225182,5,,Aggregated,2.500000,0.000000,140,140,140,140,200,300,310,310,310,310,310,6173,0,230,683.8715509638773,2.447577000111778,6146.937421000075,2737.2000647983155
1780225183,5,POST,/api/book,2.200000,0.000000,140,140,160,200,310,330,330,330,330,330,330,4783,0,380,875.3968100215358,92.51901399989038,6146.937421000075,3381.5348107882082
1780225183,5,GET,/api/concerts,0.000000,0.000000,4,4,4,4,4,4,4,4,4,4,4,940,0,4,26.58617063298265,2.453684999863981,1222.359064000102,753.0
1780225183,5,GET,/health,0.100000,0.000000,3,3,3,3,3,3,3,3,3,3,3,454,0,3,22.751845394276337,2.447577000111778,818.11841800004,57.0
1780225183,5,,Aggregated,2.300000,0.000000,140,140,160,200,310,330,330,330,330,330,330,6177,0,230,683.5588927532807,2.447577000111778,6146.937421000075,2737.182936700664
1780225184,5,POST,/api/book,2.300000,0.000000,140,140,200,300,330,330,330,330,330,330,330,4784,0,380,875.2433311941902,92.51901399989038,6146.937421000075,3381.5388795986623
1780225184,5,GET,/api/concerts,0.000000,0.000000,4,4,4,4,4,4,4,4,4,4,4,940,0,4,26.58617063298265,2.453684999863981,1222.359064000102,753.0
1780225184,5,GET,/health,0.100000,0.000000,3,3,3,3,3,3,3,3,3,3,3,455,0,3,22.708163707695775,2.447577000111778,818.11841800004,57.0
1780225184,5,,Aggregated,2.400000,0.000000,140,140,160,200,310,330,330,330,330,330,330,6179,0,230,683.360950204728,2.447577000111778,6146.937421000075,2736.85661110212
1780225185,5,POST,/api/book,2.300000,0.000000,140,140,200,300,330,330,330,330,330,330,330,4786,0,380,874.9379028050577,92.51901399989038,6146.937421000075,3381.541370664438
1780225185,5,GET,/api/concerts,0.000000,0.000000,4,4,4,4,4,4,4,4,4,4,4,940,0,4,26.58617063298265,2.453684999863981,1222.359064000102,753.0
1780225185,5,GET,/health,0.100000,0.000000,3,3,3,3,3,3,3,3,3,3,3,455,0,3,22.708163707695775,2.447577000111778,818.11841800004,57.0
1780225185,5,,Aggregated,2.400000,0.000000,140,140,200,300,330,330,330,330,330,330,330,6181,0,230,683.1865422596691,2.447577000111778,6146.937421000075,2737.0671412392817
1780225186,5,POST,/api/book,2.300000,0.000000,140,140,200,300,330,330,330,330,330,330,330,4788,0,380,874.6304764365092,92.51901399989038,6146.937421000075,3381.5367585630743
1780225186,5,GET,/api/concerts,0.000000,0.000000,3,3,3,3,3,3,3,3,3,3,3,941,0,4,26.560984387889143,2.453684999863981,1222.359064000102,753.0
1780225186,5,GET,/health,0.100000,0.000000,3,3,3,3,3,3,3,3,3,3,3,455,0,3,22.708163707695775,2.447577000111778,818.11841800004,57.0
1780225186,5,,Aggregated,2.400000,0.000000,140,140,150,200,310,330,330,330,330,330,330,6184,0,230,682.9005210177901,2.447577000111778,6146.937421000075,2736.9511642949547
1780225187,5,POST,/api/book,2.000000,0.000000,140,140,200,300,330,330,330,330,330,330,330,4788,0,380,874.6304764365092,92.51901399989038,6146.937421000075,3381.5367585630743
1780225187,5,GET,/api/concerts,0.100000,0.000000,3,3,3,3,3,3,3,3,3,3,3,943,0,4,26.51090584729951,2.453684999863981,1222.359064000102,753.0
1780225187,5,GET,/health,0.200000,0.000000,3,3,3,3,3,3,3,3,3,3,3,455,0,3,22.708163707695775,2.447577000111778,818.11841800004,57.0
1780225187,5,,Aggregated,2.300000,0.000000,140,140,150,200,310,330,330,330,330,330,330,6186,0,230,682.6806853991293,2.447577000111778,6146.937421000075,2736.3097316521175
1780225188,5,POST,/api/book,2.000000,0.000000,140,140,200,300,330,330,330,330,330,330,330,4792,0,380,874.0073756608944,92.51901399989038,6146.937421000075,3381.5246243739566
1780225188,5,GET,/api/concerts,0.200000,0.000000,3,3,3,3,3,3,3,3,3,3,3,943,0,4,26.51090584729951,2.453684999863981,1222.359064000102,753.0
1780225188,5,GET,/health,0.100000,0.000000,3,3,3,3,3,3,3,3,3,3,3,455,0,3,22.708163707695775,2.447577000111778,818.11841800004,57.0
1780225188,5,,Aggregated,2.300000,0.000000,140,140,150,200,310,330,330,330,330,330,330,6190,0,230,682.3223494132493,2.447577000111778,6146.937421000075,2736.7172859450725
1780225189,5,POST,/api/book,2.000000,0.000000,140,140,150,300,330,330,330,330,330,330,330,4792,0,380,874.0073756608944,92.51901399989038,6146.937421000075,3381.5246243739566
1780225189,5,GET,/api/concerts,0.200000,0.000000,3,3,3,3,3,3,3,3,3,3,3,943,0,4,26.51090584729951,2.453684999863981,1222.359064000102,753.0
1780225189,5,GET,/health,0.100000,0.000000,3,3,3,3,3,3,3,3,3,3,3,455,0,3,22.708163707695775,2.447577000111778,818.11841800004,57.0
1780225189,5,,Aggregated,2.300000,0.000000,140,140,140,150,310,330,330,330,330,330,330,6190,0,230,682.3223494132493,2.447577000111778,6146.937421000075,2736.7172859450725
1780225190,5,POST,/api/book,2.000000,0.000000,140,210,300,310,330,360,360,360,360,360,360,4797,0,380,873.3355506322713,92.51901399989038,6146.937421000075,3381.534500729623
1780225190,5,GET,/api/concerts,0.400000,0.000000,3,3,3,3,3,3,3,3,3,3,3,943,0,4,26.51090584729951,2.453684999863981,1222.359064000102,753.0
1780225190,5,GET,/health,0.100000,0.000000,3,3,3,3,3,3,3,3,3,3,3,455,0,3,22.708163707695775,2.447577000111778,818.11841800004,57.0
1780225190,5,,Aggregated,2.500000,0.000000,140,140,210,300,330,330,360,360,360,360,360,6195,0,230,681.9568418214711,2.447577000111778,6146.937421000075,2737.2453591606136
1780225191,5,POST,/api/book,2.000000,0.000000,140,150,210,300,330,360,360,360,360,360,360,4797,0,380,873.3355506322713,92.51901399989038,6146.937421000075,3381.534500729623
1780225191,5,GET,/api/concerts,0.400000,0.000000,3,3,3,3,3,3,3,3,3,3,3,943,0,4,26.51090584729951,2.453684999863981,1222.359064000102,753.0
1780225191,5,GET,/health,0.100000,0.000000,3,3,3,3,3,3,3,3,3,3,3,455,0,3,22.708163707695775,2.447577000111778,818.11841800004,57.0
1780225191,5,,Aggregated,2.500000,0.000000,140,140,150,210,330,330,360,360,360,360,360,6195,0,230,681.9568418214711,2.447577000111778,6146.937421000075,2737.2453591606136
1780225192,5,POST,/api/book,2.000000,0.000000,140,140,150,210,330,330,360,360,360,360,360,4801,0,380,872.7243296827755,92.51901399989038,6146.937421000075,3381.5211414288688
1780225192,5,GET,/api/concerts,0.400000,0.000000,3,3,3,3,3,3,3,3,3,3,3,943,0,4,26.51090584729951,2.453684999863981,1222.359064000102,753.0
1780225192,5,GET,/health,0.100000,0.000000,3,3,3,3,3,3,3,3,3,3,3,455,0,3,22.708163707695775,2.447577000111778,818.11841800004,57.0
1780225192,5,,Aggregated,2.500000,0.000000,140,140,140,140,210,300,360,360,360,360,360,6199,0,230,681.6069536228447,2.447577000111778,6146.937421000075,2737.650750120987
1780225193,5,POST,/api/book,2.000000,0.000000,140,140,140,150,300,360,360,360,360,360,360,4802,0,380,872.5721863581853,92.51901399989038,6146.937421000075,3381.5197834235737
1780225193,5,GET,/api/concerts,0.400000,0.000000,3,3,3,3,3,3,3,3,3,3,3,943,0,4,26.51090584729951,2.453684999863981,1222.359064000102,753.0
1780225193,5,GET,/health,0.100000,0.000000,3,3,3,3,3,3,3,3,3,3,3,455,0,3,22.708163707695775,2.447577000111778,818.11841800004,57.0
1780225193,5,,Aggregated,2.500000,0.000000,140,140,140,140,210,300,360,360,360,360,360,6200,0,230,681.5199415472604,2.447577000111778,6146.937421000075,2737.753548387097
1780225194,5,POST,/api/book,2.000000,0.000000,140,140,150,150,300,360,360,360,360,360,360,4805,0,380,872.1125253972957,92.51901399989038,6146.937421000075,3381.5281997918833
1780225194,5,GET,/api/concerts,0.400000,0.000000,3,3,3,3,3,3,3,3,3,3,3,944,0,4,26.485935519071386,2.453684999863981,1222.359064000102,753.0
1780225194,5,GET,/health,0.100000,0.000000,3,3,3,3,3,3,3,3,3,3,3,456,0,3,22.66573308991569,2.447577000111778,818.11841800004,57.0
1780225194,5,,Aggregated,2.500000,0.000000,140,140,140,150,210,300,360,360,360,360,360,6205,0,230,681.0377086145066,2.447577000111778,6146.937421000075,2737.319419822724
1780225195,5,POST,/api/book,1.900000,0.000000,140,140,140,150,210,300,360,360,360,360,360,4806,0,380,871.9599562842292,92.51901399989038,6146.937421000075,3381.537245110279
1780225195,5,GET,/api/concerts,0.400000,0.000000,3,3,3,3,3,3,3,3,3,3,3,944,0,4,26.485935519071386,2.453684999863981,1222.359064000102,753.0
1780225195,5,GET,/health,0.100000,0.000000,3,3,3,3,3,3,3,3,3,3,3,456,0,3,22.66573308991569,2.447577000111778,818.11841800004,57.0
1780225195,5,,Aggregated,2.400000,0.000000,140,140,140,140,210,300,360,360,360,360,360,6206,0,230,680.9503460072533,2.447577000111778,6146.937421000075,2737.4302288108283
1780225196,5,POST,/api/book,1.900000,0.000000,140,140,140,150,300,360,360,360,360,360,360,4806,0,380,871.9599562842292,92.51901399989038,6146.937421000075,3381.537245110279
1780225196,5,GET,/api/concerts,0.400000,0.000000,3,3,3,3,3,3,3,3,3,3,3,945,0,4,26.461031623283926,2.453684999863981,1222.359064000102,753.0
1780225196,5,GET,/health,0.100000,0.000000,3,3,3,3,3,3,3,3,3,3,3,456,0,3,22.66573308991569,2.447577000111778,818.11841800004,57.0
1780225196,5,,Aggregated,2.400000,0.000000,140,140,140,140,210,300,360,360,360,360,360,6207,0,230,680.8411147212847,2.447577000111778,6146.937421000075,2737.110520380216
1780225197,5,POST,/api/book,2.100000,0.000000,140,140,140,150,300,360,360,360,360,360,360,4809,0,370,871.5037558105647,92.51901399989038,6146.937421000075,3381.5279683925974
1780225197,5,GET,/api/concerts,0.300000,0.000000,3,3,3,3,3,3,3,3,3,3,3,946,0,4,26.436102237847003,2.453684999863981,1222.359064000102,753.0
1780225197,5,GET,/health,0.100000,0.000000,3,3,3,3,3,3,3,3,3,3,3,456,0,3,22.66573308991569,2.447577000111778,818.11841800004,57.0
1780225197,5,,Aggregated,2.500000,0.000000,140,140,140,140,210,300,360,360,360,360,360,6211,0,230,680.471049540978,2.447577000111778,6146.937421000075,2737.095153759459
1780225198,5,POST,/api/book,1.800000,0.000000,140,140,140,150,300,360,360,360,360,360,360,4811,0,370,871.1970245238008,92.51901399989038,6146.937421000075,3381.5244231968404
1780225198,5,GET,/api/concerts,0.400000,0.000000,3,3,3,3,3,3,3,3,3,3,3,946,0,4,26.436102237847003,2.453684999863981,1222.359064000102,753.0
1780225198,5,GET,/health,0.100000,0.000000,3,3,3,3,3,3,3,3,3,3,3,456,0,3,22.66573308991569,2.447577000111778,818.11841800004,57.0
1780225198,5,,Aggregated,2.300000,0.000000,140,140,140,140,210,300,360,360,360,360,360,6213,0,230,680.2950284870457,2.447577000111778,6146.937421000075,2737.2998551424434
1780225199,5,POST,/api/book,2.100000,0.000000,140,140,140,150,210,360,360,360,360,360,360,4813,0,370,870.8999291512582,92.51901399989038,6146.937421000075,3381.516517764388
1780225199,5,GET,/api/concerts,0.400000,0.000000,3,3,3,3,3,3,3,3,3,3,3,947,0,4,26.41134343083754,2.453684999863981,1222.359064000102,753.0
1780225199,5,GET,/health,0.100000,0.000000,3,3,3,3,3,3,3,3,3,3,3,456,0,3,22.66573308991569,2.447577000111778,818.11841800004,57.0
1780225199,5,,Aggregated,2.600000,0.000000,140,140,140,140,180,210,360,360,360,360,360,6216,0,230,680.0174510172161,2.447577000111778,6146.937421000075,2737.181788931789
1780225200,5,POST,/api/book,2.100000,0.000000,140,140,140,140,150,180,180,180,180,180,180,4813,0,370,870.8999291512582,92.51901399989038,6146.937421000075,3381.516517764388
1780225200,5,GET,/api/concerts,0.400000,0.000000,3,3,3,3,3,3,3,3,3,3,3,947,0,4,26.41134343083754,2.453684999863981,1222.359064000102,753.0
1780225200,5,GET,/health,0.100000,0.000000,3,3,3,3,3,3,3,3,3,3,3,456,0,3,22.66573308991569,2.447577000111778,818.11841800004,57.0
1780225200,5,,Aggregated,2.600000,0.000000,140,140,140,140,140,150,180,180,180,180,180,6216,0,230,680.0174510172161,2.447577000111778,6146.937421000075,2737.181788931789
1780225201,5,POST,/api/book,2.000000,0.000000,140,140,160,160,190,320,320,320,320,320,320,4816,0,370,870.4983640909481,92.51901399989038,6146.937421000075,3381.511004983389
1780225201,5,GET,/api/concerts,0.400000,0.000000,3,3,3,3,3,3,3,3,3,3,3,949,0,4,26.362369571130955,2.453684999863981,1222.359064000102,753.0
1780225201,5,GET,/health,0.100000,0.000000,3,3,3,3,3,3,3,3,3,3,3,456,0,3,22.66573308991569,2.447577000111778,818.11841800004,57.0
1780225201,5,,Aggregated,2.500000,0.000000,140,140,140,150,180,190,320,320,320,320,320,6221,0,230,679.5810294926887,2.447577000111778,6146.937421000075,2736.8503456036005
1780225202,5,POST,/api/book,2.000000,0.000000,140,150,160,180,190,320,320,320,320,320,320,4816,0,370,870.4983640909481,92.51901399989038,6146.937421000075,3381.511004983389
1780225202,5,GET,/api/concerts,0.400000,0.000000,3,3,3,3,3,3,3,3,3,3,3,949,0,4,26.362369571130955,2.453684999863981,1222.359064000102,753.0
1780225202,5,GET,/health,0.100000,0.000000,3,3,3,3,3,3,3,3,3,3,3,456,0,3,22.66573308991569,2.447577000111778,818.11841800004,57.0
1780225202,5,,Aggregated,2.500000,0.000000,140,140,140,150,180,190,320,320,320,320,320,6221,0,230,679.5810294926887,2.447577000111778,6146.937421000075,2736.8503456036005
1780225203,5,POST,/api/book,1.800000,0.000000,140,180,320,430,680,820,820,820,820,820,820,4819,0,370,870.3586612988184,92.51901399989038,6146.937421000075,3381.5007262917616
1780225203,5,GET,/api/concerts,0.600000,0.000000,3,3,3,3,3,3,3,3,3,3,3,949,0,4,26.362369571130955,2.453684999863981,1222.359064000102,753.0
1780225203,5,GET,/health,0.100000,0.000000,9,9,9,9,9,9,9,9,9,9,9,457,0,3,22.635324671775898,2.447577000111778,818.11841800004,57.0
1780225203,5,,Aggregated,2.500000,0.000000,140,140,180,190,430,680,820,820,820,820,820,6225,0,230,679.4571278549423,2.447577000111778,6146.937421000075,2736.7225702811247
1780225204,5,POST,/api/book,1.600000,0.000000,160,180,320,430,680,820,820,820,820,820,820,4820,0,370,870.21091275747,92.51901399989038,6146.937421000075,3381.5103734439836
1780225204,5,GET,/api/concerts,0.600000,0.000000,3,3,3,3,7,7,7,7,7,7,7,950,0,4,26.34163894526665,2.453684999863981,1222.359064000102,753.0
1780225204,5,GET,/health,0.100000,0.000000,9,9,9,9,9,9,9,9,9,9,9,457,0,3,22.635324671775898,2.447577000111778,818.11841800004,57.0
1780225204,5,,Aggregated,2.300000,0.000000,140,160,180,190,430,680,820,820,820,820,820,6227,0,230,679.2653765639978,2.447577000111778,6146.937421000075,2736.5150152561428
1780225205,5,POST,/api/book,1.600000,0.000000,160,190,320,430,680,820,820,820,820,820,820,4820,0,370,870.21091275747,92.51901399989038,6146.937421000075,3381.5103734439836
1780225205,5,GET,/api/concerts,0.600000,0.000000,3,3,3,7,7,7,7,7,7,7,7,950,0,4,26.34163894526665,2.453684999863981,1222.359064000102,753.0
1780225205,5,GET,/health,0.100000,0.000000,9,9,9,9,9,9,9,9,9,9,9,457,0,3,22.635324671775898,2.447577000111778,818.11841800004,57.0
1780225205,5,,Aggregated,2.300000,0.000000,140,160,190,320,680,820,820,820,820,820,820,6227,0,230,679.2653765639978,2.447577000111778,6146.937421000075,2736.5150152561428
1780225206,5,POST,/api/book,1.600000,0.000000,310,330,410,430,680,820,820,820,820,820,820,4823,0,370,869.8886699763644,92.51901399989038,6146.937421000075,3381.5104706614143
1780225206,5,GET,/api/concerts,0.600000,0.000000,3,3,7,7,7,7,7,7,7,7,7,951,0,4,26.3208905415387,2.453684999863981,1222.359064000102,753.0
1780225206,5,GET,/health,0.100000,0.000000,9,9,9,9,9,9,9,9,9,9,9,457,0,3,22.635324671775898,2.447577000111778,818.11841800004,57.0
1780225206,5,,Aggregated,2.300000,0.000000,160,310,330,410,680,820,820,820,820,820,820,6231,0,230,678.9999302802142,2.447577000111778,6146.937421000075,2736.507302198684
1780225207,5,POST,/api/book,1.500000,0.000000,310,330,410,430,680,820,820,820,820,820,820,4824,0,370,869.737975006842,92.51901399989038,6146.937421000075,3381.507462686567
1780225207,5,GET,/api/concerts,0.600000,0.000000,6,6,7,7,7,7,7,7,7,7,7,952,0,4,26.300031917020373,2.453684999863981,1222.359064000102,753.0
1780225207,5,GET,/health,0.100000,0.000000,9,9,9,9,9,9,9,9,9,9,9,457,0,3,22.635324671775898,2.447577000111778,818.11841800004,57.0
1780225207,5,,Aggregated,2.200000,0.000000,160,190,320,330,430,680,820,820,820,820,820,6233,0,230,678.8060268238434,2.447577000111778,6146.937421000075,2736.2902294240334
1780225208,5,POST,/api/book,1.500000,0.000000,310,330,410,430,680,820,820,820,820,820,820,4825,0,370,869.5818837964778,92.51901399989038,6146.937421000075,3381.5079792746114
1780225208,5,GET,/api/concerts,0.600000,0.000000,6,6,7,7,7,7,7,7,7,7,7,952,0,4,26.300031917020373,2.453684999863981,1222.359064000102,753.0
1780225208,5,GET,/health,0.100000,0.000000,9,9,9,9,9,9,9,9,9,9,9,457,0,3,22.635324671775898,2.447577000111778,818.11841800004,57.0
1780225208,5,,Aggregated,2.200000,0.000000,160,310,330,410,680,820,820,820,820,820,820,6234,0,230,678.7158426496655,2.447577000111778,6146.937421000075,2736.394128970164
1780225209,5,POST,/api/book,1.500000,0.000000,200,320,410,430,680,820,820,820,820,820,820,4828,0,370,869.141619399131,92.51901399989038,6146.937421000075,3381.509527754764
1780225209,5,GET,/api/concerts,0.600000,0.000000,6,7,7,7,7,7,7,7,7,7,7,952,0,4,26.300031917020373,2.453684999863981,1222.359064000102,753.0
1780225209,5,GET,/health,0.100000,0.000000,9,9,9,9,9,9,9,9,9,9,9,457,0,3,22.635324671775898,2.447577000111778,818.11841800004,57.0
1780225209,5,,Aggregated,2.200000,0.000000,160,200,320,330,430,680,820,820,820,820,820,6237,0,230,678.4668449926269,2.447577000111778,6146.937421000075,2736.7056277056276
1780225210,5,POST,/api/book,1.500000,0.000000,200,330,410,430,680,820,820,820,820,820,820,4828,0,370,869.141619399131,92.51901399989038,6146.937421000075,3381.509527754764
1780225210,5,GET,/api/concerts,0.500000,0.000000,6,6,7,7,7,7,7,7,7,7,7,953,0,4,26.27545096957334,2.453684999863981,1222.359064000102,753.0
1780225210,5,GET,/health,0.100000,0.000000,9,9,9,9,9,9,9,9,9,9,9,457,0,3,22.635324671775898,2.447577000111778,818.11841800004,57.0
1780225210,5,,Aggregated,2.100000,0.000000,160,200,330,410,680,820,820,820,820,820,820,6238,0,230,678.3585422584184,2.447577000111778,6146.937421000075,2736.387624238538
1780225211,5,POST,/api/book,1.500000,0.000000,270,320,410,410,680,820,820,820,820,820,820,4832,0,370,868.6285926359694,92.51901399989038,6146.937421000075,3381.521523178808
1780225211,5,GET,/api/concerts,0.600000,0.000000,6,6,7,7,7,7,7,7,7,7,7,953,0,4,26.27545096957334,2.453684999863981,1222.359064000102,753.0
1780225211,5,GET,/health,0.100000,0.000000,9,9,9,9,9,9,9,9,9,9,9,458,0,3,22.592122425767656,2.447577000111778,818.11841800004,57.0
1780225211,5,,Aggregated,2.200000,0.000000,200,270,320,330,430,680,820,820,820,820,820,6243,0,230,677.9755015957095,2.447577000111778,6146.937421000075,2736.38106679481
1780225212,5,POST,/api/book,1.500000,0.000000,200,270,320,320,410,430,430,430,430,430,430,4834,0,370,868.3274199352513,92.51901399989038,6146.937421000075,3381.5184112536203
1780225212,5,GET,/api/concerts,0.600000,0.000000,7,7,7,7,7,7,7,7,7,7,7,953,0,4,26.27545096957334,2.453684999863981,1222.359064000102,753.0
1780225212,5,GET,/health,0.100000,0.000000,9,9,9,9,9,9,9,9,9,9,9,458,0,3,22.592122425767656,2.447577000111778,818.11841800004,57.0
1780225212,5,,Aggregated,2.200000,0.000000,140,200,270,310,330,410,430,430,430,430,430,6245,0,230,677.8034339170559,2.447577000111778,6146.937421000075,2736.5852682145714
1780225213,5,POST,/api/book,1.500000,0.000000,200,270,310,320,410,430,430,430,430,430,430,4835,0,370,868.1768268339202,92.51901399989038,6146.937421000075,3381.510031023785
1780225213,5,GET,/api/concerts,0.600000,0.000000,7,7,7,7,7,7,7,7,7,7,7,953,0,4,26.27545096957334,2.453684999863981,1222.359064000102,753.0
1780225213,5,GET,/health,0.100000,0.000000,9,9,9,9,9,9,9,9,9,9,9,458,0,3,22.592122425767656,2.447577000111778,818.11841800004,57.0
1780225213,5,,Aggregated,2.200000,0.000000,140,200,270,310,330,410,410,410,410,410,410,6246,0,230,677.7173638467842,2.447577000111778,6146.937421000075,2736.6820365033623
1780225214,5,POST,/api/book,1.700000,0.000000,140,200,270,310,330,410,410,410,410,410,410,4837,0,370,867.873294217491,92.51901399989038,6146.937421000075,3381.508993177589
1780225214,5,GET,/api/concerts,0.400000,0.000000,6,6,7,7,7,7,7,7,7,7,7,953,0,4,26.27545096957334,2.453684999863981,1222.359064000102,753.0
1780225214,5,GET,/health,0.200000,0.000000,9,9,9,9,9,9,9,9,9,9,9,458,0,3,22.592122425767656,2.447577000111778,818.11841800004,57.0
1780225214,5,,Aggregated,2.300000,0.000000,140,200,200,270,320,330,410,410,410,410,410,6248,0,230,677.5433452264747,2.447577000111778,6146.937421000075,2736.887644046095
1780225215,5,POST,/api/book,1.700000,0.000000,140,200,200,270,320,330,330,330,330,330,330,4840,0,370,867.4132249929761,92.51901399989038,6146.937421000075,3381.5136363636366
1780225215,5,GET,/api/concerts,0.400000,0.000000,6,6,7,7,7,7,7,7,7,7,7,954,0,4,26.25108590671201,2.453684999863981,1222.359064000102,753.0
1780225215,5,GET,/health,0.200000,0.000000,9,9,9,9,9,9,9,9,9,9,9,458,0,3,22.592122425767656,2.447577000111778,818.11841800004,57.0
1780225215,5,,Aggregated,2.300000,0.000000,140,140,200,200,310,320,330,330,330,330,330,6252,0,230,677.1706233192601,2.447577000111778,6146.937421000075,2736.8832373640435
1780225216,5,POST,/api/book,1.700000,0.000000,140,140,200,200,270,320,320,320,320,320,320,4842,0,370,867.1124150287081,92.51901399989038,6146.937421000075,3381.5088806278395
1780225216,5,GET,/api/concerts,0.400000,0.000000,3,3,6,6,6,6,6,6,6,6,6,954,0,4,26.25108590671201,2.453684999863981,1222.359064000102,753.0
1780225216,5,GET,/health,0.100000,0.000000,3,3,3,3,3,3,3,3,3,3,3,459,0,3,22.549183267977416,2.447577000111778,818.11841800004,57.0
1780225216,5,,Aggregated,2.200000,0.000000,140,140,140,200,200,270,320,320,320,320,320,6255,0,230,676.8907953067969,2.447577000111778,6146.937421000075,2736.65723421263
1780225217,5,POST,/api/book,1.700000,0.000000,140,140,200,200,270,320,320,320,320,320,320,4842,0,370,867.1124150287081,92.51901399989038,6146.937421000075,3381.5088806278395
1780225217,5,GET,/api/concerts,0.400000,0.000000,3,3,6,6,6,6,6,6,6,6,6,954,0,4,26.25108590671201,2.453684999863981,1222.359064000102,753.0
1780225217,5,GET,/health,0.100000,0.000000,3,3,3,3,3,3,3,3,3,3,3,460,0,3,22.50693773043854,2.447577000111778,818.11841800004,57.0
1780225217,5,,Aggregated,2.200000,0.000000,140,140,140,200,200,270,320,320,320,320,320,6256,0,230,676.7830947698234,2.447577000111778,6146.937421000075,2736.2289002557545
1780225218,5,POST,/api/book,2.000000,0.000000,140,140,200,200,270,320,320,320,320,320,320,4845,0,370,866.6697201942218,92.51901399989038,6146.937421000075,3381.5217750258
1780225218,5,GET,/api/concerts,0.400000,0.000000,3,3,3,3,3,3,3,3,3,3,3,954,0,4,26.25108590671201,2.453684999863981,1222.359064000102,753.0
1780225218,5,GET,/health,0.100000,0.000000,3,3,3,3,3,3,3,3,3,3,3,460,0,3,22.50693773043854,2.447577000111778,818.11841800004,57.0
1780225218,5,,Aggregated,2.500000,0.000000,140,140,140,190,200,270,320,320,320,320,320,6259,0,230,676.5316379057381,2.447577000111778,6146.937421000075,2736.5481706342866
1780225219,5,POST,/api/book,1.800000,0.000000,140,140,190,200,270,320,320,320,320,320,320,4848,0,370,866.2101617275177,92.51901399989038,6146.937421000075,3381.522896039604
1780225219,5,GET,/api/concerts,0.300000,0.000000,3,3,3,3,3,3,3,3,3,3,3,954,0,4,26.25108590671201,2.453684999863981,1222.359064000102,753.0
1780225219,5,GET,/health,0.300000,0.000000,3,3,3,3,3,3,3,3,3,3,3,460,0,3,22.50693773043854,2.447577000111778,818.11841800004,57.0
1780225219,5,,Aggregated,2.400000,0.000000,140,140,140,190,200,270,320,320,320,320,320,6262,0,230,676.2669420897503,2.447577000111778,6146.937421000075,2736.8580325774515
1780225220,5,POST,/api/book,2.000000,0.000000,140,140,140,140,180,190,190,190,190,190,190,4851,0,370,865.7690085594736,92.51901399989038,6146.937421000075,3381.5221603793034
1780225220,5,GET,/api/concerts,0.200000,0.000000,3,3,3,3,3,3,3,3,3,3,3,954,0,4,26.25108590671201,2.453684999863981,1222.359064000102,753.0
1780225220,5,GET,/health,0.300000,0.000000,3,3,3,3,3,3,3,3,3,3,3,460,0,3,22.50693773043854,2.447577000111778,818.11841800004,57.0
1780225220,5,,Aggregated,2.500000,0.000000,140,140,140,140,140,180,190,190,190,190,190,6265,0,230,676.0163109071057,2.447577000111778,6146.937421000075,2737.166161213089
1780225221,5,POST,/api/book,1.800000,0.000000,140,140,140,140,180,190,190,190,190,190,190,4852,0,370,865.6199229556897,92.51901399989038,6146.937421000075,3381.5206100577084
1780225221,5,GET,/api/concerts,0.200000,0.000000,3,3,3,3,3,3,3,3,3,3,3,955,0,4,26.22653283455837,2.453684999863981,1222.359064000102,753.0
1780225221,5,GET,/health,0.300000,0.000000,3,3,3,3,3,3,3,3,3,3,3,460,0,3,22.50693773043854,2.447577000111778,818.11841800004,57.0
1780225221,5,,Aggregated,2.300000,0.000000,140,140,140,140,140,180,190,190,190,190,190,6267,0,230,675.8237428425111,2.447577000111778,6146.937421000075,2736.951172809957
1780225222,5,POST,/api/book,2.100000,0.000000,140,140,140,140,180,190,190,190,190,190,190,4855,0,370,865.1727200920714,92.51901399989038,6146.937421000075,3381.5307929969103
1780225222,5,GET,/api/concerts,0.100000,0.000000,3,3,3,3,3,3,3,3,3,3,3,955,0,4,26.22653283455837,2.453684999863981,1222.359064000102,753.0
1780225222,5,GET,/health,0.300000,0.000000,3,3,3,3,3,3,3,3,3,3,3,460,0,3,22.50693773043854,2.447577000111778,818.11841800004,57.0
1780225222,5,,Aggregated,2.500000,0.000000,140,140,140,140,140,180,190,190,190,190,190,6270,0,220,675.5682753205768,2.447577000111778,6146.937421000075,2737.2674641148324
1780225223,5,POST,/api/book,2.000000,0.000000,140,140,140,140,180,190,190,190,190,190,190,4856,0,370,865.0228970648695,92.51901399989038,6146.937421000075,3381.5327429983527
1780225223,5,GET,/api/concerts,0.100000,0.000000,3,3,3,3,3,3,3,3,3,3,3,956,0,4,26.20223028138431,2.453684999863981,1222.359064000102,753.0
1780225223,5,GET,/health,0.200000,0.000000,3,3,3,3,3,3,3,3,3,3,3,460,0,3,22.50693773043854,2.447577000111778,818.11841800004,57.0
1780225223,5,,Aggregated,2.300000,0.000000,140,140,140,140,140,180,190,190,190,190,190,6272,0,220,675.3752729037017,2.447577000111778,6146.937421000075,2737.055325255102
1780225224,5,POST,/api/book,2.100000,0.000000,140,140,140,140,180,190,190,190,190,190,190,4858,0,370,864.7290090107053,92.51901399989038,6146.937421000075,3381.524701523261
1780225224,5,GET,/api/concerts,0.200000,0.000000,3,3,3,3,3,3,3,3,3,3,3,957,0,4,26.1784383730443,2.453684999863981,1222.359064000102,753.0
1780225224,5,GET,/health,0.200000,0.000000,3,3,3,3,3,3,3,3,3,3,3,460,0,3,22.50693773043854,2.447577000111778,818.11841800004,57.0
1780225224,5,,Aggregated,2.500000,0.000000,140,140,140,140,160,180,190,190,190,190,190,6275,0,220,675.1011127733892,2.447577000111778,6146.937421000075,2736.9383266932273
1780225225,5,POST,/api/book,2.100000,0.000000,140,140,140,150,180,190,190,190,190,190,190,4860,0,370,864.4304526528821,92.51901399989038,6146.937421000075,3381.53353909465
1780225225,5,GET,/api/concerts,0.200000,0.000000,3,3,3,3,3,3,3,3,3,3,3,958,0,4,26.154174314199803,2.453684999863981,1222.359064000102,753.0
1780225225,5,GET,/health,0.200000,0.000000,3,3,3,3,3,3,3,3,3,3,3,461,0,3,22.464198661608616,2.447577000111778,818.11841800004,57.0
1780225225,5,,Aggregated,2.500000,0.000000,140,140,140,140,160,180,190,190,190,190,190,6279,0,220,674.7163074484818,2.447577000111778,6146.937421000075,2736.4077082337953
1780225226,5,POST,/api/book,2.100000,0.000000,140,140,140,150,180,190,190,190,190,190,190,4861,0,370,864.2817718138257,92.51901399989038,6146.937421000075,3381.534046492491
1780225226,5,GET,/api/concerts,0.200000,0.000000,3,3,3,3,3,3,3,3,3,3,3,958,0,4,26.154174314199803,2.453684999863981,1222.359064000102,753.0
1780225226,5,GET,/health,0.200000,0.000000,3,3,3,3,3,3,3,3,3,3,3,461,0,3,22.464198661608616,2.447577000111778,818.11841800004,57.0
1780225226,5,,Aggregated,2.500000,0.000000,140,140,140,140,160,180,190,190,190,190,190,6280,0,220,674.6314311087606,2.447577000111778,6146.937421000075,2736.5108280254776
1780225227,5,POST,/api/book,1.900000,0.000000,140,140,150,160,280,290,290,290,290,290,290,4864,0,360,863.8928795180937,92.51901399989038,6146.937421000075,3381.521175986842
1780225227,5,GET,/api/concerts,0.300000,0.000000,3,3,3,3,3,3,3,3,3,3,3,958,0,4,26.154174314199803,2.453684999863981,1222.359064000102,753.0
1780225227,5,GET,/health,0.300000,0.000000,3,3,3,3,3,3,3,3,3,3,3,461,0,3,22.464198661608616,2.447577000111778,818.11841800004,57.0
1780225227,5,,Aggregated,2.500000,0.000000,140,140,140,150,180,280,290,290,290,290,290,6283,0,220,674.4209232137541,2.447577000111778,6146.937421000075,2736.808849275824
1780225228,5,POST,/api/book,2.000000,0.000000,140,140,150,160,280,290,290,290,290,290,290,4865,0,360,863.7438195523141,92.51901399989038,6146.937421000075,3381.5233299075026
1780225228,5,GET,/api/concerts,0.400000,0.000000,3,3,3,3,3,3,3,3,3,3,3,959,0,4,26.12987530657291,2.453684999863981,1222.359064000102,753.0
1780225228,5,GET,/health,0.300000,0.000000,3,3,3,3,3,3,3,3,3,3,3,461,0,3,22.464198661608616,2.447577000111778,818.11841800004,57.0
1780225228,5,,Aggregated,2.700000,0.000000,140,140,140,150,180,280,290,290,290,290,290,6285,0,220,674.2288350237101,2.447577000111778,6146.937421000075,2736.5974542561653
1780225229,5,POST,/api/book,2.100000,0.000000,140,140,140,150,280,290,290,290,290,290,290,4867,0,360,863.4469027889887,92.51901399989038,6146.937421000075,3381.530922539552
1780225229,5,GET,/api/concerts,0.400000,0.000000,3,3,3,3,3,3,3,3,3,3,3,959,0,4,26.12987530657291,2.453684999863981,1222.359064000102,753.0
1780225229,5,GET,/health,0.100000,0.000000,3,3,3,3,3,3,3,3,3,3,3,461,0,3,22.464198661608616,2.447577000111778,818.11841800004,57.0
1780225229,5,,Aggregated,2.600000,0.000000,140,140,140,140,160,280,290,290,290,290,290,6287,0,220,674.059268629874,2.447577000111778,6146.937421000075,2736.8084937171943
1780225230,5,POST,/api/book,1.900000,0.000000,140,140,140,150,280,290,290,290,290,290,290,4869,0,360,863.1492593744111,92.51901399989038,6146.937421000075,3381.529472170877
1780225230,5,GET,/api/concerts,0.400000,0.000000,3,3,3,3,3,3,3,3,3,3,3,959,0,4,26.12987530657291,2.453684999863981,1222.359064000102,753.0
1780225230,5,GET,/health,0.100000,0.000000,3,3,3,3,3,3,3,3,3,3,3,462,0,3,22.421433071431917,2.447577000111778,818.11841800004,57.0
1780225230,5,,Aggregated,2.400000,0.000000,140,140,140,140,160,280,290,290,290,290,290,6290,0,220,673.7823523675704,2.447577000111778,6146.937421000075,2736.5863275039746
1780225231,5,POST,/api/book,1.900000,0.000000,140,140,150,150,280,290,290,290,290,290,290,4870,0,360,862.9946082761822,92.51901399989038,6146.937421000075,3381.5254620123205
1780225231,5,GET,/api/concerts,0.500000,0.000000,3,3,3,3,3,3,3,3,3,3,3,960,0,4,26.105954002087056,2.453684999863981,1222.359064000102,753.0
1780225231,5,GET,/health,0.100000,0.000000,3,3,3,3,3,3,3,3,3,3,3,463,0,3,22.379785812097968,2.447577000111778,818.11841800004,57.0
1780225231,5,,Aggregated,2.500000,0.000000,140,140,140,140,160,280,290,290,290,290,290,6293,0,220,673.4796279958713,2.447577000111778,6146.937421000075,2735.9447004608296
1780225232,5,POST,/api/book,2.000000,0.000000,140,140,150,160,280,290,290,290,290,290,290,4871,0,360,862.8466353348404,92.51901399989038,6146.937421000075,3381.5296653664545
1780225232,5,GET,/api/concerts,0.500000,0.000000,3,3,3,3,3,3,3,3,3,3,3,961,0,4,26.08178115713172,2.453684999863981,1222.359064000102,753.0
1780225232,5,GET,/health,0.100000,0.000000,3,3,3,3,3,3,3,3,3,3,3,463,0,3,22.379785812097968,2.447577000111778,818.11841800004,57.0
1780225232,5,,Aggregated,2.600000,0.000000,140,140,140,140,160,280,290,290,290,290,290,6295,0,220,673.2887042476597,2.447577000111778,6146.937421000075,2735.7355043685466
1780225233,5,POST,/api/book,1.700000,0.000000,140,140,150,200,280,290,290,290,290,290,290,4875,0,360,862.2789436545655,92.51901399989038,6146.937421000075,3381.5271794871796
1780225233,5,GET,/api/concerts,0.600000,0.000000,3,3,3,3,3,3,3,3,3,3,3,961,0,4,26.08178115713172,2.453684999863981,1222.359064000102,753.0
1780225233,5,GET,/health,0.300000,0.000000,3,3,3,3,3,3,3,3,3,3,3,463,0,3,22.379785812097968,2.447577000111778,818.11841800004,57.0
1780225233,5,,Aggregated,2.600000,0.000000,140,140,140,150,220,280,290,290,290,290,290,6299,0,220,672.9697226288326,2.447577000111778,6146.937421000075,2736.143673598984
1780225234,5,POST,/api/book,1.700000,0.000000,140,140,200,200,280,290,290,290,290,290,290,4875,0,360,862.2789436545655,92.51901399989038,6146.937421000075,3381.5271794871796
1780225234,5,GET,/api/concerts,0.600000,0.000000,3,3,3,3,3,3,3,3,3,3,3,961,0,4,26.08178115713172,2.453684999863981,1222.359064000102,753.0
1780225234,5,GET,/health,0.300000,0.000000,3,3,3,3,3,3,3,3,3,3,3,463,0,3,22.379785812097968,2.447577000111778,818.11841800004,57.0
1780225234,5,,Aggregated,2.600000,0.000000,140,140,140,150,220,280,290,290,290,290,290,6299,0,220,672.9697226288326,2.447577000111778,6146.937421000075,2736.143673598984
1780225235,5,POST,/api/book,1.600000,0.000000,140,140,200,220,280,290,290,290,290,290,290,4876,0,360,862.1307056878603,92.51901399989038,6146.937421000075,3381.52522559475
1780225235,5,GET,/api/concerts,0.500000,0.000000,3,3,3,3,3,3,3,3,3,3,3,962,0,4,26.057452277550315,2.453684999863981,1222.359064000102,753.0
1780225235,5,GET,/health,0.300000,0.000000,3,3,3,3,3,3,3,3,3,3,3,463,0,3,22.379785812097968,2.447577000111778,818.11841800004,57.0
1780225235,5,,Aggregated,2.400000,0.000000,140,140,140,140,220,280,290,290,290,290,290,6301,0,220,672.7786749493758,2.447577000111778,6146.937421000075,2735.92985240438
1780225236,5,POST,/api/book,1.800000,0.000000,140,140,140,140,200,220,220,220,220,220,220,4878,0,360,861.8287470932773,92.51901399989038,6146.937421000075,3381.5270602706028
1780225236,5,GET,/api/concerts,0.400000,0.000000,3,3,3,3,3,3,3,3,3,3,3,963,0,4,26.033271678092806,2.453684999863981,1222.359064000102,753.0
1780225236,5,GET,/health,0.300000,0.000000,3,3,3,3,3,3,3,3,3,3,3,463,0,3,22.379785812097968,2.447577000111778,818.11841800004,57.0
1780225236,5,,Aggregated,2.500000,0.000000,140,140,140,140,140,200,220,220,220,220,220,6304,0,220,672.4988118302692,2.447577000111778,6146.937421000075,2735.8215418781724
1780225237,5,POST,/api/book,1.800000,0.000000,140,140,140,140,200,220,220,220,220,220,220,4879,0,360,861.6811025685605,92.51901399989038,6146.937421000075,3381.5246976839517
1780225237,5,GET,/api/concerts,0.400000,0.000000,3,3,3,3,3,3,3,3,3,3,3,963,0,4,26.033271678092806,2.453684999863981,1222.359064000102,753.0
1780225237,5,GET,/health,0.300000,0.000000,3,3,3,3,3,3,3,3,3,3,3,463,0,3,22.379785812097968,2.447577000111778,818.11841800004,57.0
1780225237,5,,Aggregated,2.500000,0.000000,140,140,140,140,140,200,220,220,220,220,220,6305,0,220,672.4145885628892,2.447577000111778,6146.937421000075,2735.922125297383
1780225238,5,POST,/api/book,1.600000,0.000000,140,140,140,140,200,220,220,220,220,220,220,4882,0,360,861.2277347666954,92.51901399989038,6146.937421000075,3381.5210979106923
1780225238,5,GET,/api/concerts,0.400000,0.000000,3,3,3,3,7,7,7,7,7,7,7,964,0,4,26.013375110999416,2.453684999863981,1222.359064000102,753.0
1780225238,5,GET,/health,0.200000,0.000000,3,3,3,3,3,3,3,3,3,3,3,463,0,3,22.379785812097968,2.447577000111778,818.11841800004,57.0
1780225238,5,,Aggregated,2.200000,0.000000,140,140,140,140,140,200,220,220,220,220,220,6309,0,220,672.0482700220348,2.447577000111778,6146.937421000075,2735.9120304327153
1780225239,5,POST,/api/book,1.600000,0.000000,140,140,140,140,200,220,220,220,220,220,220,4884,0,360,860.924820265153,92.51901399989038,6146.937421000075,3381.521908271908
1780225239,5,GET,/api/concerts,0.500000,0.000000,3,3,3,7,7,7,7,7,7,7,7,964,0,4,26.013375110999416,2.453684999863981,1222.359064000102,753.0
1780225239,5,GET,/health,0.200000,0.000000,3,3,3,3,3,3,3,3,3,3,3,463,0,3,22.379785812097968,2.447577000111778,818.11841800004,57.0
1780225239,5,,Aggregated,2.300000,0.000000,130,140,140,140,140,200,220,220,220,220,220,6311,0,220,671.8738007626395,2.447577000111778,6146.937421000075,2736.1172555854855
1780225240,5,POST,/api/book,1.700000,0.000000,140,140,140,140,200,220,220,220,220,220,220,4887,0,360,860.4843381589949,92.51901399989038,6146.937421000075,3381.5279312461635
1780225240,5,GET,/api/concerts,0.500000,0.000000,3,3,3,7,7,7,7,7,7,7,7,964,0,4,26.013375110999416,2.453684999863981,1222.359064000102,753.0
1780225240,5,GET,/health,0.200000,0.000000,3,3,3,3,3,3,3,3,3,3,3,463,0,3,22.379785812097968,2.447577000111778,818.11841800004,57.0
1780225240,5,,Aggregated,2.400000,0.000000,140,140,140,140,150,200,220,220,220,220,220,6314,0,220,671.6226948085236,2.447577000111778,6146.937421000075,2736.4285714285716
1780225241,5,POST,/api/book,1.800000,0.000000,140,140,140,140,200,220,220,220,220,220,220,4889,0,360,860.1899849515255,92.51901399989038,6146.937421000075,3381.5223972182453
1780225241,5,GET,/api/concerts,0.500000,0.000000,3,3,7,7,7,7,7,7,7,7,7,964,0,4,26.013375110999416,2.453684999863981,1222.359064000102,753.0
1780225241,5,GET,/health,0.200000,0.000000,3,3,3,3,3,3,3,3,3,3,3,463,0,3,22.379785812097968,2.447577000111778,818.11841800004,57.0
1780225241,5,,Aggregated,2.500000,0.000000,140,140,140,140,150,200,220,220,220,220,220,6316,0,220,671.4546502321118,2.447577000111778,6146.937421000075,2736.628562381254
1780225242,5,POST,/api/book,1.600000,0.000000,140,140,140,140,200,220,220,220,220,220,220,4891,0,360,859.8929847076279,92.51901399989038,6146.937421000075,3381.5197301165404
1780225242,5,GET,/api/concerts,0.500000,0.000000,3,3,7,7,7,7,7,7,7,7,7,964,0,4,26.013375110999416,2.453684999863981,1222.359064000102,753.0
1780225242,5,GET,/health,0.200000,0.000000,3,3,3,3,3,3,3,3,3,3,3,464,0,3,22.33747743750289,2.447577000111778,818.11841800004,57.0
1780225242,5,,Aggregated,2.300000,0.000000,140,140,140,140,150,200,220,220,220,220,220,6319,0,220,671.1786788009208,2.447577000111778,6146.937421000075,2736.4065516695678
1780225243,5,POST,/api/book,1.900000,0.000000,140,140,140,140,140,150,150,150,150,150,150,4894,0,360,859.4521443870061,92.51901399989038,6146.937421000075,3381.5261544748673
1780225243,5,GET,/api/concerts,0.400000,0.000000,3,3,7,7,7,7,7,7,7,7,7,964,0,4,26.013375110999416,2.453684999863981,1222.359064000102,753.0
1780225243,5,GET,/health,0.000000,0.000000,3,3,3,3,3,3,3,3,3,3,3,464,0,3,22.33747743750289,2.447577000111778,818.11841800004,57.0
1780225243,5,,Aggregated,2.300000,0.000000,140,140,140,140,140,140,150,150,150,150,150,6322,0,220,670.9269657969027,2.447577000111778,6146.937421000075,2736.717652641569
1780225244,5,POST,/api/book,2.100000,0.000000,140,140,140,140,150,150,150,150,150,150,150,4896,0,360,859.1517411926078,92.51901399989038,6146.937421000075,3381.5255310457514
1780225244,5,GET,/api/concerts,0.400000,0.000000,3,3,7,7,7,7,7,7,7,7,7,965,0,4,25.98973182798278,2.453684999863981,1222.359064000102,753.0
1780225244,5,GET,/health,0.000000,0.000000,3,3,3,3,3,3,3,3,3,3,3,464,0,3,22.33747743750289,2.447577000111778,818.11841800004,57.0
1780225244,5,,Aggregated,2.500000,0.000000,140,140,140,140,140,150,150,150,150,150,150,6325,0,220,670.6484751974734,2.447577000111778,6146.937421000075,2736.6074308300394
1780225245,5,POST,/api/book,2.100000,0.000000,140,140,140,140,150,170,170,170,170,170,170,4897,0,360,859.0115070869937,92.51901399989038,6146.937421000075,3381.5266489687565
1780225245,5,GET,/api/concerts,0.400000,0.000000,3,3,7,7,7,7,7,7,7,7,7,965,0,4,25.98973182798278,2.453684999863981,1222.359064000102,753.0
1780225245,5,GET,/health,0.000000,0.000000,3,3,3,3,3,3,3,3,3,3,3,464,0,3,22.33747743750289,2.447577000111778,818.11841800004,57.0
1780225245,5,,Aggregated,2.500000,0.000000,140,140,140,140,150,150,170,170,170,170,170,6326,0,220,670.569717190961,2.447577000111778,6146.937421000075,2736.7102434397725
1780225246,5,POST,/api/book,2.000000,0.000000,140,140,140,140,150,150,170,170,170,170,170,4900,0,360,858.5710171067361,92.51901399989038,6146.937421000075,3381.532244897959
1780225246,5,GET,/api/concerts,0.400000,0.000000,3,3,7,7,7,7,7,7,7,7,7,965,0,4,25.98973182798278,2.453684999863981,1222.359064000102,753.0
1780225246,5,GET,/health,0.100000,0.000000,3,3,3,3,3,3,3,3,3,3,3,464,0,3,22.33747743750289,2.447577000111778,818.11841800004,57.0
1780225246,5,,Aggregated,2.500000,0.000000,140,140,140,140,150,150,170,170,170,170,170,6329,0,220,670.3180067258679,2.447577000111778,6146.937421000075,2737.0202243640388
1780225247,5,POST,/api/book,2.100000,0.000000,140,140,140,140,150,150,170,170,170,170,170,4902,0,360,858.2785805002053,92.51901399989038,6146.937421000075,3381.534067727458
1780225247,5,GET,/api/concerts,0.300000,0.000000,7,7,7,7,7,7,7,7,7,7,7,965,0,4,25.98973182798278,2.453684999863981,1222.359064000102,753.0
1780225247,5,GET,/health,0.100000,0.000000,3,3,3,3,3,3,3,3,3,3,3,464,0,3,22.33747743750289,2.447577000111778,818.11841800004,57.0
1780225247,5,,Aggregated,2.500000,0.000000,140,140,140,140,150,150,170,170,170,170,170,6331,0,220,670.1510476002239,2.447577000111778,6146.937421000075,2737.2252408782183
1780225248,5,POST,/api/book,2.200000,0.000000,140,140,140,150,150,170,170,170,170,170,170,4903,0,360,858.1317268215391,92.51901399989038,6146.937421000075,3381.5284519681827
1780225248,5,GET,/api/concerts,0.300000,0.000000,7,7,7,7,7,7,7,7,7,7,7,965,0,4,25.98973182798278,2.453684999863981,1222.359064000102,753.0
1780225248,5,GET,/health,0.100000,0.000000,3,3,3,3,3,3,3,3,3,3,3,465,0,3,22.295619389250216,2.447577000111778,818.11841800004,57.0
1780225248,5,,Aggregated,2.600000,0.000000,140,140,140,140,150,150,170,170,170,170,170,6333,0,220,669.9616944317097,2.447577000111778,6146.937421000075,2736.899415758724
1780225249,5,POST,/api/book,2.200000,0.000000,140,140,140,140,150,170,170,170,170,170,170,4905,0,360,857.8395522118259,92.51901399989038,6146.937421000075,3381.527013251784
1780225249,5,GET,/api/concerts,0.200000,0.000000,3,3,7,7,7,7,7,7,7,7,7,966,0,4,25.96594677950675,2.453684999863981,1222.359064000102,753.0
1780225249,5,GET,/health,0.100000,0.000000,3,3,3,3,3,3,3,3,3,3,3,465,0,3,22.295619389250216,2.447577000111778,818.11841800004,57.0
1780225249,5,,Aggregated,2.500000,0.000000,140,140,140,140,150,150,170,170,170,170,170,6336,0,220,669.6896419198259,2.447577000111778,6146.937421000075,2736.788667929293
1780225250,5,POST,/api/book,2.200000,0.000000,140,140,140,150,170,180,180,180,180,180,180,4906,0,360,857.700965016104,92.51901399989038,6146.937421000075,3381.530778638402
1780225250,5,GET,/api/concerts,0.200000,0.000000,3,3,3,3,3,3,3,3,3,3,3,966,0,4,25.96594677950675,2.453684999863981,1222.359064000102,753.0
1780225250,5,GET,/health,0.100000,0.000000,3,3,3,3,3,3,3,3,3,3,3,466,0,3,22.254136603007325,2.447577000111778,818.11841800004,57.0
1780225250,5,,Aggregated,2.500000,0.000000,140,140,140,140,150,170,180,180,180,180,180,6338,0,220,669.5068580964054,2.447577000111778,6146.937421000075,2736.470495424424
1780225251,5,POST,/api/book,2.000000,0.000000,140,140,150,150,170,180,180,180,180,180,180,4907,0,360,857.5551449959255,92.51901399989038,6146.937421000075,3381.5384145098838
1780225251,5,GET,/api/concerts,0.200000,0.000000,3,3,3,3,3,3,3,3,3,3,3,966,0,4,25.96594677950675,2.453684999863981,1222.359064000102,753.0
1780225251,5,GET,/health,0.200000,0.000000,3,3,3,3,3,3,3,3,3,3,3,466,0,3,22.254136603007325,2.447577000111778,818.11841800004,57.0
1780225251,5,,Aggregated,2.400000,0.000000,140,140,140,140,150,170,180,180,180,180,180,6339,0,220,669.4236675723328,2.447577000111778,6146.937421000075,2736.578166903297
1780225252,5,POST,/api/book,2.000000,0.000000,140,140,150,150,170,180,180,180,180,180,180,4909,0,360,857.2623512405798,92.51901399989038,6146.937421000075,3381.540843348951
1780225252,5,GET,/api/concerts,0.200000,0.000000,3,3,3,3,3,3,3,3,3,3,3,966,0,4,25.96594677950675,2.453684999863981,1222.359064000102,753.0
1780225252,5,GET,/health,0.200000,0.000000,3,3,3,3,3,3,3,3,3,3,3,466,0,3,22.254136603007325,2.447577000111778,818.11841800004,57.0
1780225252,5,,Aggregated,2.400000,0.000000,140,140,140,150,170,180,180,180,180,180,180,6341,0,220,669.2563340933635,2.447577000111778,6146.937421000075,2736.7834726383853
1780225253,5,POST,/api/book,2.100000,0.000000,140,140,140,140,170,180,180,180,180,180,180,4911,0,360,856.9704987035241,92.51901399989038,6146.937421000075,3381.536754225209
1780225253,5,GET,/api/concerts,0.200000,0.000000,3,3,3,3,3,3,3,3,3,3,3,966,0,4,25.96594677950675,2.453684999863981,1222.359064000102,753.0
1780225253,5,GET,/health,0.200000,0.000000,3,3,3,3,3,3,3,3,3,3,3,467,0,3,22.212346289082163,2.447577000111778,818.11841800004,57.0
1780225253,5,,Aggregated,2.500000,0.000000,140,140,140,140,170,180,180,180,180,180,180,6344,0,220,668.9846137198957,2.447577000111778,6146.937421000075,2736.561160151324
1780225254,5,POST,/api/book,1.800000,0.000000,140,140,140,140,150,180,180,180,180,180,180,4913,0,360,856.6796052245078,92.51901399989038,6146.937421000075,3381.534093222064
1780225254,5,GET,/api/concerts,0.200000,0.000000,3,3,3,3,3,3,3,3,3,3,3,967,0,4,25.942463028959146,2.453684999863981,1222.359064000102,753.0
1780225254,5,GET,/health,0.300000,0.000000,3,3,3,3,3,3,3,3,3,3,3,467,0,3,22.212346289082163,2.447577000111778,818.11841800004,57.0
1780225254,5,,Aggregated,2.300000,0.000000,140,140,140,140,140,150,180,180,180,180,180,6347,0,220,668.7137904417864,2.447577000111778,6146.937421000075,2736.4498188120374
1780225255,5,POST,/api/book,1.800000,0.000000,140,140,140,140,150,180,180,180,180,180,180,4913,0,360,856.6796052245078,92.51901399989038,6146.937421000075,3381.534093222064
1780225255,5,GET,/api/concerts,0.200000,0.000000,3,3,3,3,3,3,3,3,3,3,3,969,0,4,25.895154945308075,2.453684999863981,1222.359064000102,753.0
1780225255,5,GET,/health,0.300000,0.000000,3,3,3,3,3,3,3,3,3,3,3,467,0,3,22.212346289082163,2.447577000111778,818.11841800004,57.0
1780225255,5,,Aggregated,2.300000,0.000000,140,140,140,140,140,150,180,180,180,180,180,6349,0,220,668.5040906169504,2.447577000111778,6146.937421000075,2735.825011812884
1780225256,5,POST,/api/book,1.800000,0.000000,140,140,140,140,140,180,180,180,180,180,180,4913,0,360,856.6796052245078,92.51901399989038,6146.937421000075,3381.534093222064
1780225256,5,GET,/api/concerts,0.200000,0.000000,3,3,3,3,3,3,3,3,3,3,3,969,0,4,25.895154945308075,2.453684999863981,1222.359064000102,753.0
1780225256,5,GET,/health,0.300000,0.000000,3,3,3,3,3,3,3,3,3,3,3,467,0,3,22.212346289082163,2.447577000111778,818.11841800004,57.0
1780225256,5,,Aggregated,2.300000,0.000000,140,140,140,140,140,180,180,180,180,180,180,6349,0,220,668.5040906169504,2.447577000111778,6146.937421000075,2735.825011812884
1780225257,5,POST,/api/book,1.600000,0.000000,140,140,140,140,170,180,180,180,180,180,180,4915,0,360,856.3920416962375,92.51901399989038,6146.937421000075,3381.517395727365
1780225257,5,GET,/api/concerts,0.300000,0.000000,3,3,3,3,3,3,3,3,3,3,3,969,0,4,25.895154945308075,2.453684999863981,1222.359064000102,753.0
1780225257,5,GET,/health,0.300000,0.000000,3,3,3,3,3,3,3,3,3,3,3,467,0,3,22.212346289082163,2.447577000111778,818.11841800004,57.0
1780225257,5,,Aggregated,2.200000,0.000000,140,140,140,140,170,180,180,180,180,180,180,6351,0,220,668.3408055103162,2.447577000111778,6146.937421000075,2736.015430640844
1780225258,5,POST,/api/book,1.600000,0.000000,140,140,170,180,270,310,310,310,310,310,310,4918,0,360,856.014753856854,92.51901399989038,6146.937421000075,3381.521350142334
1780225258,5,GET,/api/concerts,0.300000,0.000000,3,3,3,3,3,3,3,3,3,3,3,969,0,4,25.895154945308075,2.453684999863981,1222.359064000102,753.0
1780225258,5,GET,/health,0.300000,0.000000,3,3,3,3,3,3,3,3,3,3,3,467,0,3,22.212346289082163,2.447577000111778,818.11841800004,57.0
1780225258,5,,Aggregated,2.200000,0.000000,140,140,140,170,270,310,310,310,310,310,310,6354,0,220,668.1375716599023,2.447577000111778,6146.937421000075,2736.323260937992
1780225259,5,POST,/api/book,1.200000,0.000000,140,170,180,210,270,310,310,310,310,310,310,4920,0,360,855.7562651014241,92.51901399989038,6146.937421000075,3381.5209349593497
1780225259,5,GET,/api/concerts,0.400000,0.000000,3,3,3,3,3,3,3,3,3,3,3,969,0,4,25.895154945308075,2.453684999863981,1222.359064000102,753.0
1780225259,5,GET,/health,0.300000,0.000000,3,3,3,3,3,3,3,3,3,3,3,467,0,3,22.212346289082163,2.447577000111778,818.11841800004,57.0
1780225259,5,,Aggregated,1.900000,0.000000,140,140,170,210,270,310,310,310,310,310,310,6356,0,220,667.9966008744522,2.447577000111778,6146.937421000075,2736.525959723096
1780225260,5,POST,/api/book,1.500000,0.000000,140,170,210,230,270,310,310,310,310,310,310,4920,0,360,855.7562651014241,92.51901399989038,6146.937421000075,3381.5209349593497
1780225260,5,GET,/api/concerts,0.400000,0.000000,3,3,3,3,3,3,3,3,3,3,3,970,0,4,25.87167215773555,2.453684999863981,1222.359064000102,753.0
1780225260,5,GET,/health,0.300000,0.000000,3,3,3,3,3,3,3,3,3,3,3,468,0,3,22.171444621797743,2.447577000111778,818.11841800004,57.0
1780225260,5,,Aggregated,2.200000,0.000000,140,140,170,210,270,310,310,310,310,310,310,6358,0,220,667.7874461112013,2.447577000111778,6146.937421000075,2735.792544825417
1780225261,5,POST,/api/book,1.500000,0.000000,140,170,210,230,270,310,310,310,310,310,310,4922,0,360,855.4655820056901,92.51901399989038,6146.937421000075,3381.5182852498983
1780225261,5,GET,/api/concerts,0.400000,0.000000,3,3,3,3,3,3,3,3,3,3,3,970,0,4,25.87167215773555,2.453684999863981,1222.359064000102,753.0
1780225261,5,GET,/health,0.300000,0.000000,3,3,3,3,3,3,3,3,3,3,3,468,0,3,22.171444621797743,2.447577000111778,818.11841800004,57.0
1780225261,5,,Aggregated,2.200000,0.000000,140,140,170,210,270,310,310,310,310,310,310,6360,0,220,667.6215963377385,2.447577000111778,6146.937421000075,2735.9935534591195
1780225262,5,POST,/api/book,1.600000,0.000000,140,210,230,270,310,540,540,540,540,540,540,4923,0,360,855.402180416211,92.51901399989038,6146.937421000075,3381.5124923826934
1780225262,5,GET,/api/concerts,0.300000,0.000000,3,3,3,3,3,3,3,3,3,3,3,970,0,4,25.87167215773555,2.453684999863981,1222.359064000102,753.0
1780225262,5,GET,/health,0.200000,0.000000,3,3,3,3,3,3,3,3,3,3,3,468,0,3,22.171444621797743,2.447577000111778,818.11841800004,57.0
1780225262,5,,Aggregated,2.100000,0.000000,140,140,210,230,310,540,540,540,540,540,540,6361,0,220,667.6020582086178,2.447577000111778,6146.937421000075,2736.0905518000313
1780225263,5,POST,/api/book,1.600000,0.000000,170,230,270,310,320,540,540,540,540,540,540,4924,0,360,855.2931830223409,92.51901399989038,6146.937421000075,3381.5123883021934
1780225263,5,GET,/api/concerts,0.400000,0.000000,3,3,3,3,3,3,3,3,3,3,3,970,0,4,25.87167215773555,2.453684999863981,1222.359064000102,753.0
1780225263,5,GET,/health,0.200000,0.000000,3,3,4,4,4,4,4,4,4,4,4,469,0,3,22.132030699363412,2.447577000111778,818.11841800004,57.0
1780225263,5,,Aggregated,2.200000,0.000000,140,170,230,270,320,540,540,540,540,540,540,6363,0,220,667.4428850531225,2.447577000111778,6146.937421000075,2735.7708628005657
1780225264,5,POST,/api/book,1.400000,0.000000,210,270,310,310,320,540,540,540,540,540,540,4927,0,360,854.9234164124229,92.51901399989038,6146.937421000075,3381.5206007712604
1780225264,5,GET,/api/concerts,0.400000,0.000000,3,3,3,3,3,3,3,3,3,3,3,970,0,4,25.87167215773555,2.453684999863981,1222.359064000102,753.0
1780225264,5,GET,/health,0.200000,0.000000,3,3,4,4,4,4,4,4,4,4,4,469,0,3,22.132030699363412,2.447577000111778,818.11841800004,57.0
1780225264,5,,Aggregated,2.000000,0.000000,170,230,300,310,320,540,540,540,540,540,540,6366,0,220,667.2452273099307,2.447577000111778,6146.937421000075,2736.0815268614515
1780225265,5,POST,/api/book,1.300000,0.000000,210,270,310,310,320,540,540,540,540,540,540,4928,0,360,854.7881073496361,92.51901399989038,6146.937421000075,3381.525771103896
1780225265,5,GET,/api/concerts,0.400000,0.000000,3,3,3,3,3,3,3,3,3,3,3,970,0,4,25.87167215773555,2.453684999863981,1222.359064000102,753.0
1780225265,5,GET,/health,0.100000,0.000000,3,3,4,4,4,4,4,4,4,4,4,469,0,3,22.132030699363412,2.447577000111778,818.11841800004,57.0
1780225265,5,,Aggregated,1.800000,0.000000,170,230,300,310,320,540,540,540,540,540,540,6367,0,220,667.1699760342419,2.447577000111778,6146.937421000075,2736.1869012093607
1780225266,5,POST,/api/book,1.400000,0.000000,190,230,300,310,320,540,540,540,540,540,540,4932,0,360,854.2239516214531,92.51901399989038,6146.937421000075,3381.5233171127334
1780225266,5,GET,/api/concerts,0.400000,0.000000,3,3,3,3,3,3,3,3,3,3,3,970,0,4,25.87167215773555,2.453684999863981,1222.359064000102,753.0
1780225266,5,GET,/health,0.200000,0.000000,4,4,4,4,4,4,4,4,4,4,4,469,0,3,22.132030699363412,2.447577000111778,818.11841800004,57.0
1780225266,5,,Aggregated,2.000000,0.000000,170,210,270,300,310,320,540,540,540,540,540,6371,0,220,666.8510396779184,2.447577000111778,6146.937421000075,2736.590174226966
1780225267,5,POST,/api/book,1.400000,0.000000,210,230,300,310,320,540,540,540,540,540,540,4932,0,360,854.2239516214531,92.51901399989038,6146.937421000075,3381.5233171127334
1780225267,5,GET,/api/concerts,0.200000,0.000000,3,3,3,3,3,3,3,3,3,3,3,970,0,4,25.87167215773555,2.453684999863981,1222.359064000102,753.0
1780225267,5,GET,/health,0.200000,0.000000,3,3,4,4,4,4,4,4,4,4,4,470,0,3,22.09106527021586,2.447577000111778,818.11841800004,57.0
1780225267,5,,Aggregated,1.800000,0.000000,150,210,230,300,320,540,540,540,540,540,540,6372,0,220,666.7468380519488,2.447577000111778,6146.937421000075,2736.1696484620215
1780225268,5,POST,/api/book,1.600000,0.000000,190,230,300,310,320,540,540,540,540,540,540,4934,0,360,853.969073848603,92.51901399989038,6146.937421000075,3381.5271584920956
1780225268,5,GET,/api/concerts,0.100000,0.000000,3,3,3,3,3,3,3,3,3,3,3,970,0,4,25.87167215773555,2.453684999863981,1222.359064000102,753.0
1780225268,5,GET,/health,0.200000,0.000000,3,3,4,4,4,4,4,4,4,4,4,470,0,3,22.09106527021586,2.447577000111778,818.11841800004,57.0
1780225268,5,,Aggregated,1.900000,0.000000,150,210,260,300,320,540,540,540,540,540,540,6374,0,220,666.6083672794192,2.447577000111778,6146.937421000075,2736.375117665516
1780225269,5,POST,/api/book,1.900000,0.000000,190,210,300,300,320,540,540,540,540,540,540,4936,0,360,853.6785329894665,92.51901399989038,6146.937421000075,3381.518638573744
1780225269,5,GET,/api/concerts,0.100000,0.000000,3,3,3,3,3,3,3,3,3,3,3,970,0,4,25.87167215773555,2.453684999863981,1222.359064000102,753.0
1780225269,5,GET,/health,0.200000,0.000000,3,3,4,4,4,4,4,4,4,4,4,471,0,3,22.049677447985626,2.447577000111778,818.11841800004,57.0
1780225269,5,,Aggregated,2.200000,0.000000,140,190,210,260,310,320,540,540,540,540,540,6377,0,220,666.3381149297502,2.447577000111778,6146.937421000075,2736.1506978202915
1780225270,5,POST,/api/book,1.900000,0.000000,190,260,300,310,320,540,540,540,540,540,540,4936,0,360,853.6785329894665,92.51901399989038,6146.937421000075,3381.518638573744
1780225270,5,GET,/api/concerts,0.100000,0.000000,3,3,3,3,3,3,3,3,3,3,3,970,0,4,25.87167215773555,2.453684999863981,1222.359064000102,753.0
1780225270,5,GET,/health,0.200000,0.000000,3,3,4,4,4,4,4,4,4,4,4,471,0,3,22.049677447985626,2.447577000111778,818.11841800004,57.0
1780225270,5,,Aggregated,2.200000,0.000000,150,210,260,300,320,540,540,540,540,540,540,6377,0,220,666.3381149297502,2.447577000111778,6146.937421000075,2736.1506978202915
1780225271,5,POST,/api/book,1.600000,0.000000,190,200,260,300,310,320,320,320,320,320,320,4938,0,360,853.4012770220751,92.51901399989038,6146.937421000075,3381.5301741595786
1780225271,5,GET,/api/concerts,0.100000,0.000000,3,3,3,3,3,3,3,3,3,3,3,971,0,4,25.848144381054063,2.453684999863981,1222.359064000102,753.0
1780225271,5,GET,/health,0.400000,0.000000,3,3,4,4,4,4,4,4,4,4,4,472,0,3,22.009153694917803,2.447577000111778,818.11841800004,57.0
1780225271,5,,Aggregated,2.100000,0.000000,140,190,210,260,310,320,320,320,320,320,320,6381,0,220,665.9743574162384,2.447577000111778,6146.937421000075,2735.6312490205296
1780225272,5,POST,/api/book,1.600000,0.000000,150,190,210,260,300,310,310,310,310,310,310,4939,0,360,853.2565248240548,92.51901399989038,6146.937421000075,3381.5308766956873
1780225272,5,GET,/api/concerts,0.100000,0.000000,3,3,3,3,3,3,3,3,3,3,3,971,0,4,25.848144381054063,2.453684999863981,1222.359064000102,753.0
1780225272,5,GET,/health,0.400000,0.000000,3,3,4,4,4,4,4,4,4,4,4,472,0,3,22.009153694917803,2.447577000111778,818.11841800004,57.0
1780225272,5,,Aggregated,2.100000,0.000000,140,190,200,210,300,310,310,310,310,310,310,6382,0,220,665.8917024199337,2.447577000111778,6146.937421000075,2735.732999059856
1780225273,5,POST,/api/book,1.500000,0.000000,140,190,200,210,300,310,310,310,310,310,310,4942,0,360,852.8239975880226,92.51901399989038,6146.937421000075,3381.5341966815054
1780225273,5,GET,/api/concerts,0.100000,0.000000,3,3,3,3,3,3,3,3,3,3,3,971,0,4,25.848144381054063,2.453684999863981,1222.359064000102,753.0
1780225273,5,GET,/health,0.300000,0.000000,3,3,4,4,4,4,4,4,4,4,4,472,0,3,22.009153694917803,2.447577000111778,818.11841800004,57.0
1780225273,5,,Aggregated,1.900000,0.000000,140,150,190,200,260,300,310,310,310,310,310,6385,0,220,665.64495925106,2.447577000111778,6146.937421000075,2736.038997650744
1780225274,5,POST,/api/book,1.600000,0.000000,140,150,190,190,210,260,260,260,260,260,260,4944,0,350,852.5300625647264,92.51901399989038,6146.937421000075,3381.52892394822
1780225274,5,GET,/api/concerts,0.100000,0.000000,3,3,3,3,3,3,3,3,3,3,3,972,0,4,25.82466650823418,2.453684999863981,1222.359064000102,753.0
1780225274,5,GET,/health,0.400000,0.000000,3,3,4,4,4,4,4,4,4,4,4,472,0,3,22.009153694917803,2.447577000111778,818.11841800004,57.0
1780225274,5,,Aggregated,2.100000,0.000000,140,140,150,190,200,210,260,260,260,260,260,6388,0,220,665.3723427849121,2.447577000111778,6146.937421000075,2735.926581089543
1780225275,5,POST,/api/book,1.700000,0.000000,140,150,200,210,340,340,340,340,340,340,340,4948,0,350,852.0349387174633,92.51901399989038,6146.937421000075,3381.5177849636216
1780225275,5,GET,/api/concerts,0.100000,0.000000,3,3,3,3,3,3,3,3,3,3,3,972,0,4,25.82466650823418,2.453684999863981,1222.359064000102,753.0
1780225275,5,GET,/health,0.400000,0.000000,3,3,3,3,3,3,3,3,3,3,3,472,0,3,22.009153694917803,2.447577000111778,818.11841800004,57.0
1780225275,5,,Aggregated,2.200000,0.000000,140,140,190,200,260,340,340,340,340,340,340,6392,0,220,665.106191045685,2.447577000111778,6146.937421000075,2736.321964956195
1780225276,5,POST,/api/book,1.700000,0.000000,140,150,200,210,340,340,340,340,340,340,340,4948,0,350,852.0349387174633,92.51901399989038,6146.937421000075,3381.5177849636216
1780225276,5,GET,/api/concerts,0.100000,0.000000,3,3,3,3,3,3,3,3,3,3,3,972,0,4,25.82466650823418,2.453684999863981,1222.359064000102,753.0
1780225276,5,GET,/health,0.400000,0.000000,3,3,3,3,3,3,3,3,3,3,3,472,0,3,22.009153694917803,2.447577000111778,818.11841800004,57.0
1780225276,5,,Aggregated,2.200000,0.000000,140,140,140,190,260,340,340,340,340,340,340,6392,0,220,665.106191045685,2.447577000111778,6146.937421000075,2736.321964956195
1780225277,5,POST,/api/book,1.800000,0.000000,140,140,190,200,340,340,340,340,340,340,340,4950,0,350,851.7542387874765,92.51901399989038,6146.937421000075,3381.5248484848485
1780225277,5,GET,/api/concerts,0.200000,0.000000,3,3,3,3,3,3,3,3,3,3,3,973,0,4,25.801068201442526,2.453684999863981,1222.359064000102,753.0
1780225277,5,GET,/health,0.300000,0.000000,3,3,3,3,3,3,3,3,3,3,3,472,0,3,22.009153694917803,2.447577000111778,818.11841800004,57.0
1780225277,5,,Aggregated,2.300000,0.000000,140,140,170,190,260,340,340,340,340,340,340,6395,0,220,664.8438220331539,2.447577000111778,6146.937421000075,2736.219077404222
1780225278,5,POST,/api/book,1.900000,0.000000,140,140,170,170,340,340,340,340,340,340,340,4951,0,350,851.6102608180183,92.51901399989038,6146.937421000075,3381.527974146637
1780225278,5,GET,/api/concerts,0.200000,0.000000,3,3,3,3,3,3,3,3,3,3,3,974,0,4,25.777442062631966,2.453684999863981,1222.359064000102,753.0
1780225278,5,GET,/health,0.300000,0.000000,3,3,3,3,3,3,3,3,3,3,3,472,0,3,22.009153694917803,2.447577000111778,818.11841800004,57.0
1780225278,5,,Aggregated,2.400000,0.000000,140,140,140,140,200,340,340,340,340,340,340,6397,0,220,664.65811324418,2.447577000111778,6146.937421000075,2736.012349538846
1780225279,5,POST,/api/book,1.600000,0.000000,140,140,140,170,340,340,340,340,340,340,340,4953,0,350,851.3236924910173,92.51901399989038,6146.937421000075,3381.528164748637
1780225279,5,GET,/api/concerts,0.300000,0.000000,3,3,3,3,3,3,3,3,3,3,3,974,0,4,25.777442062631966,2.453684999863981,1222.359064000102,753.0
1780225279,5,GET,/health,0.300000,0.000000,3,3,3,3,3,3,3,3,3,3,3,472,0,3,22.009153694917803,2.447577000111778,818.11841800004,57.0
1780225279,5,,Aggregated,2.200000,0.000000,140,140,140,140,200,340,340,340,340,340,340,6399,0,220,664.4947332428534,2.447577000111778,6146.937421000075,2736.2142522269105
1780225280,5,POST,/api/book,1.800000,0.000000,140,140,140,150,340,340,340,340,340,340,340,4955,0,350,851.0383744639776,92.51901399989038,6146.937421000075,3381.5404641775986
1780225280,5,GET,/api/concerts,0.300000,0.000000,3,3,3,3,3,3,3,3,3,3,3,975,0,4,25.754260145644615,2.453684999863981,1222.359064000102,753.0
1780225280,5,GET,/health,0.200000,0.000000,3,3,3,3,3,3,3,3,3,3,3,472,0,3,22.009153694917803,2.447577000111778,818.11841800004,57.0
1780225280,5,,Aggregated,2.300000,0.000000,140,140,140,140,170,340,340,340,340,340,340,6402,0,210,664.2289705802904,2.447577000111778,6146.937421000075,2736.1155888784756
1780225281,5,POST,/api/book,1.700000,0.000000,140,140,150,150,340,340,340,340,340,340,340,4957,0,350,850.7539924121463,92.51901399989038,6146.937421000075,3381.5402461166027
1780225281,5,GET,/api/concerts,0.400000,0.000000,3,3,3,3,3,3,3,3,3,3,3,975,0,4,25.754260145644615,2.453684999863981,1222.359064000102,753.0
1780225281,5,GET,/health,0.100000,0.000000,3,3,3,3,3,3,3,3,3,3,3,472,0,3,22.009153694917803,2.447577000111778,818.11841800004,57.0
1780225281,5,,Aggregated,2.200000,0.000000,140,140,140,150,170,340,340,340,340,340,340,6404,0,210,664.0671868477543,2.447577000111778,6146.937421000075,2736.3169893816366
1780225282,5,POST,/api/book,1.700000,0.000000,140,140,150,150,340,340,340,340,340,340,340,4959,0,350,850.4680657929038,92.51901399989038,6146.937421000075,3381.5305505142164
1780225282,5,GET,/api/concerts,0.500000,0.000000,3,3,3,3,3,3,3,3,3,3,3,975,0,4,25.754260145644615,2.453684999863981,1222.359064000102,753.0
1780225282,5,GET,/health,0.100000,0.000000,3,3,3,3,3,3,3,3,3,3,3,472,0,3,22.009153694917803,2.447577000111778,818.11841800004,57.0
1780225282,5,,Aggregated,2.300000,0.000000,140,140,140,150,170,340,340,340,340,340,340,6406,0,210,663.904130885579,2.447577000111778,6146.937421000075,2736.510927255698
1780225283,5,POST,/api/book,1.900000,0.000000,140,140,150,150,340,340,340,340,340,340,340,4961,0,350,850.182713049387,92.51901399989038,6146.937421000075,3381.529933481153
1780225283,5,GET,/api/concerts,0.400000,0.000000,3,3,3,3,3,3,3,3,3,3,3,976,0,4,25.73115262807734,2.453684999863981,1222.359064000102,753.0
1780225283,5,GET,/health,0.100000,0.000000,3,3,3,3,3,3,3,3,3,3,3,472,0,3,22.009153694917803,2.447577000111778,818.11841800004,57.0
1780225283,5,,Aggregated,2.400000,0.000000,140,140,140,150,170,340,340,340,340,340,340,6409,0,210,663.6383780538334,2.447577000111778,6146.937421000075,2736.402246840381
1780225284,5,POST,/api/book,1.900000,0.000000,140,140,150,150,340,340,340,340,340,340,340,4962,0,350,850.0380830931093,92.51901399989038,6146.937421000075,3381.5217654171706
1780225284,5,GET,/api/concerts,0.400000,0.000000,3,3,3,3,3,3,3,3,3,3,3,976,0,4,25.73115262807734,2.453684999863981,1222.359064000102,753.0
1780225284,5,GET,/health,0.000000,0.000000,3,3,3,3,3,3,3,3,3,3,3,472,0,3,22.009153694917803,2.447577000111778,818.11841800004,57.0
1780225284,5,,Aggregated,2.300000,0.000000,140,140,140,150,170,340,340,340,340,340,340,6410,0,210,663.555521656321,2.447577000111778,6146.937421000075,2736.4965678627145
1780225285,5,POST,/api/book,1.900000,0.000000,140,150,170,230,340,340,340,340,340,340,340,4964,0,350,849.7945896031443,92.51901399989038,6146.937421000075,3381.5249798549557
1780225285,5,GET,/api/concerts,0.400000,0.000000,3,3,3,3,3,3,3,3,3,3,3,976,0,4,25.73115262807734,2.453684999863981,1222.359064000102,753.0
1780225285,5,GET,/health,0.000000,0.000000,3,3,3,3,3,3,3,3,3,3,3,472,0,3,22.009153694917803,2.447577000111778,818.11841800004,57.0
1780225285,5,,Aggregated,2.300000,0.000000,140,140,150,150,230,260,260,260,260,260,260,6412,0,210,663.425182205087,2.447577000111778,6146.937421000075,2736.700249532127
1780225286,5,POST,/api/book,1.800000,0.000000,140,150,170,170,230,260,260,260,260,260,260,4968,0,350,849.2438702278602,92.51901399989038,6146.937421000075,3381.514492753623
1780225286,5,GET,/api/concerts,0.500000,0.000000,3,3,3,3,3,3,3,3,3,3,3,976,0,4,25.73115262807734,2.453684999863981,1222.359064000102,753.0
1780225286,5,GET,/health,0.000000,0.000000,3,3,3,3,3,3,3,3,3,3,3,472,0,3,22.009153694917803,2.447577000111778,818.11841800004,57.0
1780225286,5,,Aggregated,2.300000,0.000000,140,150,150,170,220,230,260,260,260,260,260,6416,0,210,663.1149427682385,2.447577000111778,6146.937421000075,2737.094139650873
1780225287,5,POST,/api/book,1.900000,0.000000,140,150,150,170,230,260,260,260,260,260,260,4969,0,350,849.1010083181745,92.51901399989038,6146.937421000075,3381.521231636144
1780225287,5,GET,/api/concerts,0.400000,0.000000,3,3,3,3,3,3,3,3,3,3,3,977,0,4,25.707649998979985,2.453684999863981,1222.359064000102,753.0
1780225287,5,GET,/health,0.000000,0.000000,3,3,3,3,3,3,3,3,3,3,3,472,0,3,22.009153694917803,2.447577000111778,818.11841800004,57.0
1780225287,5,,Aggregated,2.300000,0.000000,140,140,150,150,220,230,260,260,260,260,260,6418,0,210,662.9304463892208,2.447577000111778,6146.937421000075,2736.890620130882
1780225288,5,POST,/api/book,1.800000,0.000000,140,150,150,170,230,260,260,260,260,260,260,4971,0,350,848.816675952124,92.51901399989038,6146.937421000075,3381.5161939247637
1780225288,5,GET,/api/concerts,0.400000,0.000000,3,3,3,3,3,3,3,3,3,3,3,978,0,4,25.684280804706873,2.453684999863981,1222.359064000102,753.0
1780225288,5,GET,/health,0.000000,0.000000,3,3,3,3,3,3,3,3,3,3,3,472,0,3,22.009153694917803,2.447577000111778,818.11841800004,57.0
1780225288,5,,Aggregated,2.200000,0.000000,140,140,150,150,220,230,260,260,260,260,260,6421,0,210,662.6655105636222,2.447577000111778,6146.937421000075,2736.7785391683537
1780225289,5,POST,/api/book,2.000000,0.000000,140,150,150,170,230,260,260,260,260,260,260,4972,0,350,848.6732699774756,92.51901399989038,6146.937421000075,3381.5215205148834
1780225289,5,GET,/api/concerts,0.400000,0.000000,3,3,3,3,3,3,3,3,3,3,3,978,0,4,25.684280804706873,2.453684999863981,1222.359064000102,753.0
1780225289,5,GET,/health,0.000000,0.000000,0,0,0,0,0,0,0,0,0,0,0,473,0,3,21.968826623681448,2.447577000111778,818.11841800004,57.0
1780225289,5,,Aggregated,2.400000,0.000000,140,140,150,150,220,230,260,260,260,260,260,6423,0,210,662.4807691029143,2.447577000111778,6146.937421000075,2736.4658259380353
1780225290,5,POST,/api/book,1.900000,0.000000,140,150,170,190,230,260,260,260,260,260,260,4973,0,350,848.5409984976893,92.51901399989038,6146.937421000075,3381.5218178162077
1780225290,5,GET,/api/concerts,0.400000,0.000000,3,3,3,3,3,3,3,3,3,3,3,978,0,4,25.684280804706873,2.453684999863981,1222.359064000102,753.0
1780225290,5,GET,/health,0.000000,0.000000,3,3,3,3,3,3,3,3,3,3,3,473,0,3,21.968826623681448,2.447577000111778,818.11841800004,57.0
1780225290,5,,Aggregated,2.300000,0.000000,140,140,150,170,220,230,260,260,260,260,260,6424,0,210,662.4073578999095,2.447577000111778,6146.937421000075,2736.566469489415
1780225291,5,POST,/api/book,2.000000,0.000000,140,150,180,190,230,260,260,260,260,260,260,4976,0,350,848.121793959407,92.51901399989038,6146.937421000075,3381.51788585209
1780225291,5,GET,/api/concerts,0.400000,0.000000,3,3,3,3,3,3,3,3,3,3,3,978,0,4,25.684280804706873,2.453684999863981,1222.359064000102,753.0
1780225291,5,GET,/health,0.000000,0.000000,3,3,3,3,3,3,3,3,3,3,3,473,0,3,21.968826623681448,2.447577000111778,818.11841800004,57.0
1780225291,5,,Aggregated,2.400000,0.000000,140,150,170,180,220,230,260,260,260,260,260,6427,0,210,662.1696792223462,2.447577000111778,6146.937421000075,2736.864477983507
1780225292,5,POST,/api/book,1.900000,0.000000,140,150,180,190,230,260,260,260,260,260,260,4978,0,350,847.837525561874,92.51901399989038,6146.937421000075,3381.5259140216954
1780225292,5,GET,/api/concerts,0.300000,0.000000,3,3,3,3,3,3,3,3,3,3,3,978,0,4,25.684280804706873,2.453684999863981,1222.359064000102,753.0
1780225292,5,GET,/health,0.100000,0.000000,3,3,3,3,3,3,3,3,3,3,3,473,0,3,21.968826623681448,2.447577000111778,818.11841800004,57.0
1780225292,5,,Aggregated,2.300000,0.000000,140,150,170,180,220,230,260,260,260,260,260,6429,0,210,662.0074169959587,2.447577000111778,6146.937421000075,2737.071239695131
1780225293,5,POST,/api/book,1.900000,0.000000,140,150,180,190,230,260,260,260,260,260,260,4981,0,350,847.4051880391505,92.51901399989038,6146.937421000075,3381.5306163421
1780225293,5,GET,/api/concerts,0.300000,0.000000,3,3,3,3,3,3,3,3,3,3,3,978,0,4,25.684280804706873,2.453684999863981,1222.359064000102,753.0
1780225293,5,GET,/health,0.100000,0.000000,4,4,4,4,4,4,4,4,4,4,4,474,0,3,21.930729388188595,2.447577000111778,818.11841800004,57.0
1780225293,5,,Aggregated,2.300000,0.000000,140,140,170,180,220,230,260,260,260,260,260,6433,0,210,661.6570237805097,2.447577000111778,6146.937421000075,2736.9588061557592
1780225294,5,POST,/api/book,1.900000,0.000000,140,150,170,180,190,220,220,220,220,220,220,4984,0,350,846.9868077798975,92.51901399989038,6146.937421000075,3381.534109149278
1780225294,5,GET,/api/concerts,0.300000,0.000000,3,3,3,3,3,3,3,3,3,3,3,978,0,4,25.684280804706873,2.453684999863981,1222.359064000102,753.0
1780225294,5,GET,/health,0.100000,0.000000,4,4,4,4,4,4,4,4,4,4,4,474,0,3,21.930729388188595,2.447577000111778,818.11841800004,57.0
1780225294,5,,Aggregated,2.300000,0.000000,140,140,150,170,180,190,220,220,220,220,220,6436,0,210,661.4196150298352,2.447577000111778,6146.937421000075,2737.2619639527657
1780225295,5,POST,/api/book,1.900000,0.000000,140,140,150,180,190,220,220,220,220,220,220,4985,0,350,846.8435805508544,92.51901399989038,6146.937421000075,3381.5297893681045
1780225295,5,GET,/api/concerts,0.300000,0.000000,3,3,3,3,3,3,3,3,3,3,3,978,0,4,25.684280804706873,2.453684999863981,1222.359064000102,753.0
1780225295,5,GET,/health,0.100000,0.000000,4,4,4,4,4,4,4,4,4,4,4,474,0,3,21.930729388188595,2.447577000111778,818.11841800004,57.0
1780225295,5,,Aggregated,2.300000,0.000000,140,140,150,150,180,190,220,220,220,220,220,6437,0,210,661.3375239091222,2.447577000111778,6146.937421000075,2737.358707472425
1780225296,5,POST,/api/book,2.200000,0.000000,140,140,140,150,180,190,190,190,190,190,190,4986,0,340,846.6929515996809,92.51901399989038,6146.937421000075,3381.529883674288
1780225296,5,GET,/api/concerts,0.200000,0.000000,3,3,3,3,3,3,3,3,3,3,3,978,0,4,25.684280804706873,2.453684999863981,1222.359064000102,753.0
1780225296,5,GET,/health,0.200000,0.000000,3,3,4,4,4,4,4,4,4,4,4,475,0,3,21.89007853263439,2.447577000111778,818.11841800004,57.0
1780225296,5,,Aggregated,2.600000,0.000000,140,140,140,140,180,180,190,190,190,190,190,6439,0,210,661.1473940993973,2.447577000111778,6146.937421000075,2737.0425531914893
1780225297,5,POST,/api/book,2.100000,0.000000,140,140,140,150,180,190,190,190,190,190,190,4989,0,340,846.2598347450407,92.51901399989038,6146.937421000075,3381.5315694527962
1780225297,5,GET,/api/concerts,0.200000,0.000000,3,3,3,3,3,3,3,3,3,3,3,978,0,4,25.684280804706873,2.453684999863981,1222.359064000102,753.0
1780225297,5,GET,/health,0.200000,0.000000,3,3,4,4,4,4,4,4,4,4,4,475,0,3,21.89007853263439,2.447577000111778,818.11841800004,57.0
1780225297,5,,Aggregated,2.500000,0.000000,140,140,140,140,180,180,190,190,190,190,190,6442,0,210,660.8983746465412,2.447577000111778,6146.937421000075,2737.343992548898
1780225298,5,POST,/api/book,2.000000,0.000000,140,140,140,140,180,180,190,190,190,190,190,4990,0,340,846.1177651895807,92.51901399989038,6146.937421000075,3381.5320641282565
1780225298,5,GET,/api/concerts,0.200000,0.000000,3,3,3,3,3,3,3,3,3,3,3,980,0,4,25.638302978574668,2.453684999863981,1222.359064000102,753.0
1780225298,5,GET,/health,0.200000,0.000000,3,3,4,4,4,4,4,4,4,4,4,475,0,3,21.89007853263439,2.447577000111778,818.11841800004,57.0
1780225298,5,,Aggregated,2.400000,0.000000,140,140,140,140,180,180,190,190,190,190,190,6445,0,210,660.6130290951154,2.447577000111778,6146.937421000075,2736.828549262995
1780225299,5,POST,/api/book,2.000000,0.000000,140,140,140,150,180,190,190,190,190,190,190,4991,0,340,845.9765486856357,92.51901399989038,6146.937421000075,3381.525746343418
1780225299,5,GET,/api/concerts,0.100000,0.000000,3,3,3,3,3,3,3,3,3,3,3,980,0,4,25.638302978574668,2.453684999863981,1222.359064000102,753.0
1780225299,5,GET,/health,0.300000,0.000000,3,3,4,4,4,4,4,4,4,4,4,476,0,3,21.85006518277604,2.447577000111778,818.11841800004,57.0
1780225299,5,,Aggregated,2.400000,0.000000,140,140,140,140,180,180,190,190,190,190,190,6447,0,210,660.4304517505846,2.447577000111778,6146.937421000075,2736.507988211571
1780225300,5,POST,/api/book,2.100000,0.000000,140,140,140,140,140,180,180,180,180,180,180,4993,0,340,845.6944452449444,92.51901399989038,6146.937421000075,3381.538954536351
1780225300,5,GET,/api/concerts,0.100000,0.000000,3,3,3,3,3,3,3,3,3,3,3,980,0,4,25.638302978574668,2.453684999863981,1222.359064000102,753.0
1780225300,5,GET,/health,0.300000,0.000000,4,4,4,4,4,4,4,4,4,4,4,477,0,3,21.81257911950003,2.447577000111778,818.11841800004,57.0
1780225300,5,,Aggregated,2.500000,0.000000,140,140,140,140,140,140,180,180,180,180,180,6450,0,210,660.1678298088401,2.447577000111778,6146.937421000075,2736.3027906976745
1780225301,5,POST,/api/book,1.800000,0.000000,140,140,140,140,140,180,180,180,180,180,180,4994,0,340,845.5533558324004,92.51901399989038,6146.937421000075,3381.538646375651
1780225301,5,GET,/api/concerts,0.200000,0.000000,3,3,3,3,3,3,3,3,3,3,3,981,0,4,25.614966241593375,2.453684999863981,1222.359064000102,753.0
1780225301,5,GET,/health,0.400000,0.000000,4,4,4,4,4,4,4,4,4,4,4,477,0,3,21.81257911950003,2.447577000111778,818.11841800004,57.0
1780225301,5,,Aggregated,2.400000,0.000000,140,140,140,140,140,140,180,180,180,180,180,6452,0,210,659.9854837492279,2.447577000111778,6146.937421000075,2736.0951642901427
1780225302,5,POST,/api/book,2.000000,0.000000,140,140,140,140,140,180,180,180,180,180,180,4996,0,340,845.2707275894732,92.51901399989038,6146.937421000075,3381.5300240192155
1780225302,5,GET,/api/concerts,0.200000,0.000000,3,3,3,3,3,3,3,3,3,3,3,981,0,4,25.614966241593375,2.453684999863981,1222.359064000102,753.0
1780225302,5,GET,/health,0.400000,0.000000,4,4,4,4,4,4,4,4,4,4,4,477,0,3,21.81257911950003,2.447577000111778,818.11841800004,57.0
1780225302,5,,Aggregated,2.600000,0.000000,140,140,140,140,140,140,180,180,180,180,180,6454,0,210,659.8242078029158,2.447577000111778,6146.937421000075,2736.288503253796
1780225303,5,POST,/api/book,1.900000,0.000000,140,140,140,140,400,420,420,420,420,420,420,4999,0,340,845.0071552432499,92.51901399989038,6146.937421000075,3381.5331066213244
1780225303,5,GET,/api/concerts,0.200000,0.000000,3,3,3,3,3,3,3,3,3,3,3,981,0,4,25.614966241593375,2.453684999863981,1222.359064000102,753.0
1780225303,5,GET,/health,0.400000,0.000000,3,4,4,4,4,4,4,4,4,4,4,478,0,3,21.772850575317012,2.447577000111778,818.11841800004,57.0
1780225303,5,,Aggregated,2.500000,0.000000,140,140,140,140,400,400,420,420,420,420,420,6458,0,210,659.6045948465497,2.447577000111778,6146.937421000075,2736.1757510065036
1780225304,5,POST,/api/book,1.800000,0.000000,140,140,140,400,400,420,420,420,420,420,420,5000,0,340,844.8657114086013,92.51901399989038,6146.937421000075,3381.5412
1780225304,5,GET,/api/concerts,0.300000,0.000000,3,3,3,3,3,3,3,3,3,3,3,981,0,4,25.614966241593375,2.453684999863981,1222.359064000102,753.0
1780225304,5,GET,/health,0.400000,0.000000,3,3,4,4,4,4,4,4,4,4,4,478,0,3,21.772850575317012,2.447577000111778,818.11841800004,57.0
1780225304,5,,Aggregated,2.500000,0.000000,140,140,140,140,400,400,420,420,420,420,420,6459,0,210,659.5238057750454,2.447577000111778,6146.937421000075,2736.281932187645
1780225305,5,POST,/api/book,1.900000,0.000000,140,140,140,400,400,420,420,420,420,420,420,5001,0,340,844.7250516792653,92.51901399989038,6146.937421000075,3381.53849230154
1780225305,5,GET,/api/concerts,0.300000,0.000000,3,3,3,3,3,3,3,3,3,3,3,982,0,4,25.591845234219118,2.453684999863981,1222.359064000102,753.0
1780225305,5,GET,/health,0.400000,0.000000,3,3,3,4,4,4,4,4,4,4,4,479,0,3,21.73361101670452,2.447577000111778,818.11841800004,57.0
1780225305,5,,Aggregated,2.600000,0.000000,140,140,140,140,400,400,420,420,420,420,420,6462,0,210,659.2404170759855,2.447577000111778,6146.937421000075,2735.6581553698547
1780225306,5,POST,/api/book,1.600000,0.000000,140,140,140,400,400,420,420,420,420,420,420,5003,0,340,844.4437521145325,92.51901399989038,6146.937421000075,3381.54547271637
1780225306,5,GET,/api/concerts,0.300000,0.000000,3,3,3,3,3,3,3,3,3,3,3,983,0,4,25.569190000003402,2.453684999863981,1222.359064000102,753.0
1780225306,5,GET,/health,0.400000,0.000000,3,3,3,4,4,4,4,4,4,4,4,479,0,3,21.73361101670452,2.447577000111778,818.11841800004,57.0
1780225306,5,,Aggregated,2.300000,0.000000,140,140,140,140,400,400,420,420,420,420,420,6465,0,210,658.9786551084328,2.447577000111778,6146.937421000075,2735.556689868523
1780225307,5,POST,/api/book,1.500000,0.000000,140,140,140,140,400,420,420,420,420,420,420,5005,0,340,844.1617706725286,92.51901399989038,6146.937421000075,3381.5448551448553
1780225307,5,GET,/api/concerts,0.300000,0.000000,3,3,3,3,3,3,3,3,3,3,3,983,0,4,25.569190000003402,2.453684999863981,1222.359064000102,753.0
1780225307,5,GET,/health,0.500000,0.000000,3,3,4,4,4,4,4,4,4,4,4,479,0,3,21.73361101670452,2.447577000111778,818.11841800004,57.0
1780225307,5,,Aggregated,2.300000,0.000000,140,140,140,140,400,400,420,420,420,420,420,6467,0,210,658.8177788252696,2.447577000111778,6146.937421000075,2735.755991959177
1780225308,5,POST,/api/book,1.600000,0.000000,140,140,370,390,400,420,420,420,420,420,420,5008,0,340,843.8359076463671,92.51901399989038,6146.937421000075,3381.550519169329
1780225308,5,GET,/api/concerts,0.400000,0.000000,3,3,3,3,3,3,3,3,3,3,3,983,0,4,25.569190000003402,2.453684999863981,1222.359064000102,753.0
1780225308,5,GET,/health,0.500000,0.000000,3,3,4,4,4,4,4,4,4,4,4,479,0,3,21.73361101670452,2.447577000111778,818.11841800004,57.0
1780225308,5,,Aggregated,2.500000,0.000000,140,140,140,370,400,400,420,420,420,420,420,6470,0,210,658.651489789802,2.447577000111778,6146.937421000075,2736.0598145285935
1780225309,5,POST,/api/book,1.600000,0.000000,140,140,370,390,400,420,420,420,420,420,420,5010,0,340,843.5888325516978,92.51901399989038,6146.937421000075,3381.5542914171656
1780225309,5,GET,/api/concerts,0.500000,0.000000,3,3,3,3,3,3,3,3,3,3,3,983,0,4,25.569190000003402,2.453684999863981,1222.359064000102,753.0
1780225309,5,GET,/health,0.400000,0.000000,3,3,4,4,4,4,4,4,4,4,4,479,0,3,21.73361101670452,2.447577000111778,818.11841800004,57.0
1780225309,5,,Aggregated,2.500000,0.000000,140,140,310,370,400,400,420,420,420,420,420,6472,0,210,658.5174543465727,2.447577000111778,6146.937421000075,2736.2622064276884
1780225310,5,POST,/api/book,1.600000,0.000000,140,140,370,390,400,420,420,420,420,420,420,5012,0,340,843.3081862673595,92.51901399989038,6146.937421000075,3381.554269752594
1780225310,5,GET,/api/concerts,0.500000,0.000000,3,3,31,31,31,31,31,31,31,31,31,984,0,4,25.57471038821491,2.453684999863981,1222.359064000102,753.0
1780225310,5,GET,/health,0.400000,0.000000,3,3,3,3,3,3,3,3,3,3,3,479,0,3,21.73361101670452,2.447577000111778,818.11841800004,57.0
1780225310,5,,Aggregated,2.500000,0.000000,140,140,310,370,400,400,420,420,420,420,420,6475,0,210,658.2604701576862,2.447577000111778,6146.937421000075,2736.1552123552124
1780225311,5,POST,/api/book,1.900000,0.000000,140,140,370,390,400,420,420,420,420,420,420,5014,0,340,843.0268345037906,92.51901399989038,6146.937421000075,3381.5556441962503
1780225311,5,GET,/api/concerts,0.300000,0.000000,3,3,31,31,31,31,31,31,31,31,31,984,0,4,25.57471038821491,2.453684999863981,1222.359064000102,753.0
1780225311,5,GET,/health,0.300000,0.000000,3,3,3,3,3,3,3,3,3,3,3,479,0,3,21.73361101670452,2.447577000111778,818.11841800004,57.0
1780225311,5,,Aggregated,2.500000,0.000000,140,140,310,370,400,400,420,420,420,420,420,6477,0,210,658.099809001238,2.447577000111778,6146.937421000075,2736.3555658483865
