[2026-05-31 14:17:47,213] ip-172-31-20-158/INFO/locust.main: Starting Locust 2.44.0
[2026-05-31 14:17:47,213] ip-172-31-20-158/WARNING/locust.main: --run-time, --users or --spawn-rate have no impact on LoadShapes unless the shape class explicitly reads them. See: docs.locust.io/en/stable/custom-load-shape.html#use-common-options
[2026-05-31 14:17:47,213] ip-172-31-20-158/WARNING/locust.main: The following option(s) will be ignored: --run-time
[2026-05-31 14:17:47,214] ip-172-31-20-158/INFO/locust.runners: Shape test starting.
Type     Name                                                                          # reqs      # fails |    Avg     Min     Max    Med |   req/s  failures/s
--------|----------------------------------------------------------------------------|-------|-------------|-------|-------|-------|-------|--------|-----------
--------|----------------------------------------------------------------------------|-------|-------------|-------|-------|-------|-------|--------|-----------
         Aggregated                                                                         0     0(0.00%) |      0       0       0      0 |    0.00        0.00

[2026-05-31 14:17:47,215] ip-172-31-20-158/INFO/locust.runners: Shape worker starting
[2026-05-31 14:17:47,215] ip-172-31-20-158/INFO/locust.runners: Shape test updating to 60 users at 2.00 spawn rate
[2026-05-31 14:17:47,215] ip-172-31-20-158/INFO/locust.runners: Ramping to 60 users at a rate of 2.00 per second
Type     Name                                                                          # reqs      # fails |    Avg     Min     Max    Med |   req/s  failures/s
--------|----------------------------------------------------------------------------|-------|-------------|-------|-------|-------|-------|--------|-----------
POST     /api/book                                                                          4     0(0.00%) |    432     381     485    390 |    0.00        0.00
--------|----------------------------------------------------------------------------|-------|-------------|-------|-------|-------|-------|--------|-----------
         Aggregated                                                                         4     0(0.00%) |    432     381     485    390 |    0.00        0.00

Type     Name                                                                          # reqs      # fails |    Avg     Min     Max    Med |   req/s  failures/s
--------|----------------------------------------------------------------------------|-------|-------------|-------|-------|-------|-------|--------|-----------
POST     /api/book                                                                          9     0(0.00%) |    425     330     502    390 |    2.00        0.00
GET      /api/concerts                                                                      2     0(0.00%) |     40      28      53     28 |    0.00        0.00
GET      /health                                                                            1     0(0.00%) |      2       2       2      2 |    0.00        0.00
--------|----------------------------------------------------------------------------|-------|-------------|-------|-------|-------|-------|--------|-----------
         Aggregated                                                                        12     0(0.00%) |    326       2     502    380 |    2.00        0.00

Type     Name                                                                          # reqs      # fails |    Avg     Min     Max    Med |   req/s  failures/s
--------|----------------------------------------------------------------------------|-------|-------------|-------|-------|-------|-------|--------|-----------
POST     /api/book                                                                         17     0(0.00%) |    407     188     612    390 |    2.25        0.00
GET      /api/concerts                                                                      5     0(0.00%) |     33       2      78     28 |    0.50        0.00
GET      /health                                                                            1     0(0.00%) |      2       2       2      2 |    0.00        0.00
--------|----------------------------------------------------------------------------|-------|-------------|-------|-------|-------|-------|--------|-----------
         Aggregated                                                                        23     0(0.00%) |    308       2     612    330 |    2.75        0.00

Type     Name                                                                          # reqs      # fails |    Avg     Min     Max    Med |   req/s  failures/s
--------|----------------------------------------------------------------------------|-------|-------------|-------|-------|-------|-------|--------|-----------
POST     /api/book                                                                         25     0(0.00%) |    677     188    1773    490 |    2.67        0.00
GET      /api/concerts                                                                      6     0(0.00%) |     30       2      78     18 |    0.83        0.00
GET      /health                                                                            2     0(0.00%) |    143       2     284      3 |    0.17        0.00
--------|----------------------------------------------------------------------------|-------|-------------|-------|-------|-------|-------|--------|-----------
         Aggregated                                                                        33     0(0.00%) |    527       2    1773    390 |    3.67        0.00

Type     Name                                                                          # reqs      # fails |    Avg     Min     Max    Med |   req/s  failures/s
--------|----------------------------------------------------------------------------|-------|-------------|-------|-------|-------|-------|--------|-----------
POST     /api/book                                                                         33     0(0.00%) |    861     188    1773    530 |    2.88        0.00
GET      /api/concerts                                                                      9     0(0.00%) |     42       2     172     21 |    0.75        0.00
GET      /health                                                                            3     0(0.00%) |     96       2     284      3 |    0.25        0.00
--------|----------------------------------------------------------------------------|-------|-------------|-------|-------|-------|-------|--------|-----------
         Aggregated                                                                        45     0(0.00%) |    646       2    1773    450 |    3.88        0.00

Type     Name                                                                          # reqs      # fails |    Avg     Min     Max    Med |   req/s  failures/s
--------|----------------------------------------------------------------------------|-------|-------------|-------|-------|-------|-------|--------|-----------
POST     /api/book                                                                         41     0(0.00%) |   1000     188    1822   1100 |    3.00        0.00
GET      /api/concerts                                                                     12     0(0.00%) |     42       2     172     21 |    0.89        0.00
GET      /health                                                                            6     0(0.00%) |     86       2     284      9 |    0.22        0.00
--------|----------------------------------------------------------------------------|-------|-------------|-------|-------|-------|-------|--------|-----------
         Aggregated                                                                        59     0(0.00%) |    712       2    1822    480 |    4.11        0.00

Type     Name                                                                          # reqs      # fails |    Avg     Min     Max    Med |   req/s  failures/s
--------|----------------------------------------------------------------------------|-------|-------------|-------|-------|-------|-------|--------|-----------
POST     /api/book                                                                         46     0(0.00%) |   1133     188    2890   1300 |    3.70        0.00
GET      /api/concerts                                                                     13     0(0.00%) |     60       2     281     26 |    1.20        0.00
GET      /health                                                                            7     0(0.00%) |    100       2     284     54 |    0.60        0.00
--------|----------------------------------------------------------------------------|-------|-------------|-------|-------|-------|-------|--------|-----------
         Aggregated                                                                        66     0(0.00%) |    812       2    2890    490 |    5.50        0.00

Type     Name                                                                          # reqs      # fails |    Avg     Min     Max    Med |   req/s  failures/s
--------|----------------------------------------------------------------------------|-------|-------------|-------|-------|-------|-------|--------|-----------
POST     /api/book                                                                         48     0(0.00%) |   1248     188    4385   1300 |    3.70        0.00
GET      /api/concerts                                                                     13     0(0.00%) |     60       2     281     26 |    1.10        0.00
GET      /health                                                                            8     0(0.00%) |    246       2    1272     54 |    0.60        0.00
--------|----------------------------------------------------------------------------|-------|-------------|-------|-------|-------|-------|--------|-----------
         Aggregated                                                                        69     0(0.00%) |    908       2    4385    500 |    5.40        0.00

Type     Name                                                                          # reqs      # fails |    Avg     Min     Max    Med |   req/s  failures/s
--------|----------------------------------------------------------------------------|-------|-------------|-------|-------|-------|-------|--------|-----------
POST     /api/book                                                                         51     0(0.00%) |   1519     188    6407   1400 |    3.60        0.00
GET      /api/concerts                                                                     14     0(0.00%) |    104       2     675     26 |    0.90        0.00
GET      /health                                                                            9     0(0.00%) |    357       2    1272    170 |    0.60        0.00
--------|----------------------------------------------------------------------------|-------|-------------|-------|-------|-------|-------|--------|-----------
         Aggregated                                                                        74     0(0.00%) |   1110       2    6407    530 |    5.10        0.00

Type     Name                                                                          # reqs      # fails |    Avg     Min     Max    Med |   req/s  failures/s
--------|----------------------------------------------------------------------------|-------|-------------|-------|-------|-------|-------|--------|-----------
POST     /api/book                                                                         55     0(0.00%) |   1868     188    7251   1400 |    3.00        0.00
GET      /api/concerts                                                                     14     0(0.00%) |    104       2     675     26 |    0.80        0.00
GET      /health                                                                            9     0(0.00%) |    357       2    1272    170 |    0.70        0.00
--------|----------------------------------------------------------------------------|-------|-------------|-------|-------|-------|-------|--------|-----------
         Aggregated                                                                        78     0(0.00%) |   1377       2    7251    680 |    4.50        0.00

Type     Name                                                                          # reqs      # fails |    Avg     Min     Max    Med |   req/s  failures/s
--------|----------------------------------------------------------------------------|-------|-------------|-------|-------|-------|-------|--------|-----------
POST     /api/book                                                                         75     0(0.00%) |   3241     188    8816   1700 |    2.20        0.00
GET      /api/concerts                                                                     15     0(0.00%) |    118       2     675     28 |    0.60        0.00
GET      /health                                                                           10     0(0.00%) |    395       2    1272    170 |    0.60        0.00
--------|----------------------------------------------------------------------------|-------|-------------|-------|-------|-------|-------|--------|-----------
         Aggregated                                                                       100     0(0.00%) |   2488       2    8816   1300 |    3.40        0.00

Type     Name                                                                          # reqs      # fails |    Avg     Min     Max    Med |   req/s  failures/s
--------|----------------------------------------------------------------------------|-------|-------------|-------|-------|-------|-------|--------|-----------
POST     /api/book                                                                         81     0(0.00%) |   3525     188    8959   1800 |    3.00        0.00
GET      /api/concerts                                                                     19     0(0.00%) |    225       2    1603     78 |    0.30        0.00
GET      /health                                                                           10     0(0.00%) |    395       2    1272    170 |    0.40        0.00
--------|----------------------------------------------------------------------------|-------|-------------|-------|-------|-------|-------|--------|-----------
         Aggregated                                                                       110     0(0.00%) |   2670       2    8959   1400 |    3.70        0.00

Type     Name                                                                          # reqs      # fails |    Avg     Min     Max    Med |   req/s  failures/s
--------|----------------------------------------------------------------------------|-------|-------------|-------|-------|-------|-------|--------|-----------
POST     /api/book                                                                         82     0(0.00%) |   3598     188    9511   1800 |    3.40        0.00
GET      /api/concerts                                                                     20     0(0.00%) |    269       2    1603     78 |    0.50        0.00
GET      /health                                                                           11     0(0.00%) |    395       2    1272    180 |    0.40        0.00
--------|----------------------------------------------------------------------------|-------|-------------|-------|-------|-------|-------|--------|-----------
         Aggregated                                                                       113     0(0.00%) |   2697       2    9511   1400 |    4.30        0.00

Type     Name                                                                          # reqs      # fails |    Avg     Min     Max    Med |   req/s  failures/s
--------|----------------------------------------------------------------------------|-------|-------------|-------|-------|-------|-------|--------|-----------
POST     /api/book                                                                         85     0(0.00%) |   3800     188   10198   1900 |    3.50        0.00
GET      /api/concerts                                                                     22     0(0.00%) |    425       2    2471     79 |    0.70        0.00
GET      /health                                                                           12     0(0.00%) |    528       2    1997    180 |    0.30        0.00
--------|----------------------------------------------------------------------------|-------|-------------|-------|-------|-------|-------|--------|-----------
         Aggregated                                                                       119     0(0.00%) |   2846       2   10198   1500 |    4.50        0.00

[2026-05-31 14:18:16,258] ip-172-31-20-158/INFO/locust.runners: All users spawned: {"TicketingUser": 60} (60 total users)
Type     Name                                                                          # reqs      # fails |    Avg     Min     Max    Med |   req/s  failures/s
--------|----------------------------------------------------------------------------|-------|-------------|-------|-------|-------|-------|--------|-----------
POST     /api/book                                                                         92     0(0.00%) |   4215     188   13673   2900 |    3.40        0.00
GET      /api/concerts                                                                     24     0(0.00%) |    483       2    2471    170 |    0.80        0.00
GET      /health                                                                           12     0(0.00%) |    528       2    1997    180 |    0.30        0.00
--------|----------------------------------------------------------------------------|-------|-------------|-------|-------|-------|-------|--------|-----------
         Aggregated                                                                       128     0(0.00%) |   3169       2   13673   1500 |    4.50        0.00

Type     Name                                                                          # reqs      # fails |    Avg     Min     Max    Med |   req/s  failures/s
--------|----------------------------------------------------------------------------|-------|-------------|-------|-------|-------|-------|--------|-----------
POST     /api/book                                                                         99     0(0.00%) |   4461     188   13673   4500 |    3.20        0.00
GET      /api/concerts                                                                     25     0(0.00%) |    465       2    2471    170 |    0.80        0.00
GET      /health                                                                           12     0(0.00%) |    528       2    1997    180 |    0.30        0.00
--------|----------------------------------------------------------------------------|-------|-------------|-------|-------|-------|-------|--------|-----------
         Aggregated                                                                       136     0(0.00%) |   3379       2   13673   1600 |    4.30        0.00

Type     Name                                                                          # reqs      # fails |    Avg     Min     Max    Med |   req/s  failures/s
--------|----------------------------------------------------------------------------|-------|-------------|-------|-------|-------|-------|--------|-----------
POST     /api/book                                                                        118     0(0.00%) |   5517     188   14559   6100 |    2.80        0.00
GET      /api/concerts                                                                     31     0(0.00%) |    634       2    4157    280 |    1.00        0.00
GET      /health                                                                           13     0(0.00%) |    526       2    1997    280 |    0.20        0.00
--------|----------------------------------------------------------------------------|-------|-------------|-------|-------|-------|-------|--------|-----------
         Aggregated                                                                       162     0(0.00%) |   4182       2   14559   1800 |    4.00        0.00

Type     Name                                                                          # reqs      # fails |    Avg     Min     Max    Med |   req/s  failures/s
--------|----------------------------------------------------------------------------|-------|-------------|-------|-------|-------|-------|--------|-----------
POST     /api/book                                                                        130     0(0.00%) |   5809     188   14559   6300 |    2.80        0.00
GET      /api/concerts                                                                     35     0(0.00%) |    691       2    4157    310 |    1.30        0.00
GET      /health                                                                           13     0(0.00%) |    526       2    1997    280 |    0.30        0.00
--------|----------------------------------------------------------------------------|-------|-------------|-------|-------|-------|-------|--------|-----------
         Aggregated                                                                       178     0(0.00%) |   4416       2   14559   2000 |    4.40        0.00

Type     Name                                                                          # reqs      # fails |    Avg     Min     Max    Med |   req/s  failures/s
--------|----------------------------------------------------------------------------|-------|-------------|-------|-------|-------|-------|--------|-----------
POST     /api/book                                                                        131     0(0.00%) |   5803     188   14559   6300 |    4.80        0.00
GET      /api/concerts                                                                     35     0(0.00%) |    691       2    4157    310 |    1.50        0.00
GET      /health                                                                           14     0(0.00%) |    513       2    1997    280 |    0.20        0.00
--------|----------------------------------------------------------------------------|-------|-------------|-------|-------|-------|-------|--------|-----------
         Aggregated                                                                       180     0(0.00%) |   4397       2   14559   2000 |    6.50        0.00

Type     Name                                                                          # reqs      # fails |    Avg     Min     Max    Med |   req/s  failures/s
--------|----------------------------------------------------------------------------|-------|-------------|-------|-------|-------|-------|--------|-----------
POST     /api/book                                                                        138     0(0.00%) |   6113     188   14559   6900 |    4.50        0.00
GET      /api/concerts                                                                     35     0(0.00%) |    691       2    4157    310 |    1.30        0.00
GET      /health                                                                           17     0(0.00%) |   1015       2    4534    390 |    0.20        0.00
--------|----------------------------------------------------------------------------|-------|-------------|-------|-------|-------|-------|--------|-----------
         Aggregated                                                                       190     0(0.00%) |   4658       2   14559   2900 |    6.00        0.00

Type     Name                                                                          # reqs      # fails |    Avg     Min     Max    Med |   req/s  failures/s
--------|----------------------------------------------------------------------------|-------|-------------|-------|-------|-------|-------|--------|-----------
POST     /api/book                                                                        151     0(0.00%) |   6447     188   14559   7200 |    4.60        0.00
GET      /api/concerts                                                                     39     0(0.00%) |    712       2    4157    280 |    1.30        0.00
GET      /health                                                                           19     0(0.00%) |    911       2    4534    350 |    0.30        0.00
--------|----------------------------------------------------------------------------|-------|-------------|-------|-------|-------|-------|--------|-----------
         Aggregated                                                                       209     0(0.00%) |   4873       2   14559   4100 |    6.20        0.00

Type     Name                                                                          # reqs      # fails |    Avg     Min     Max    Med |   req/s  failures/s
--------|----------------------------------------------------------------------------|-------|-------------|-------|-------|-------|-------|--------|-----------
POST     /api/book                                                                        172     0(0.00%) |   6635     188   14559   7500 |    5.20        0.00
GET      /api/concerts                                                                     42     0(0.00%) |    776       2    4157    290 |    1.40        0.00
GET      /health                                                                           22     0(0.00%) |   1049       2    4865    350 |    0.70        0.00
--------|----------------------------------------------------------------------------|-------|-------------|-------|-------|-------|-------|--------|-----------
         Aggregated                                                                       236     0(0.00%) |   5072       2   14559   5100 |    7.30        0.00

Type     Name                                                                          # reqs      # fails |    Avg     Min     Max    Med |   req/s  failures/s
--------|----------------------------------------------------------------------------|-------|-------------|-------|-------|-------|-------|--------|-----------
POST     /api/book                                                                        173     0(0.00%) |   6641     188   14559   7600 |    4.60        0.00
GET      /api/concerts                                                                     46     0(0.00%) |    739       2    4157    280 |    1.00        0.00
GET      /health                                                                           25     0(0.00%) |    930       2    4865    280 |    0.70        0.00
--------|----------------------------------------------------------------------------|-------|-------------|-------|-------|-------|-------|--------|-----------
         Aggregated                                                                       244     0(0.00%) |   4943       2   14559   4600 |    6.30        0.00

Type     Name                                                                          # reqs      # fails |    Avg     Min     Max    Med |   req/s  failures/s
--------|----------------------------------------------------------------------------|-------|-------------|-------|-------|-------|-------|--------|-----------
POST     /api/book                                                                        173     0(0.00%) |   6641     188   14559   7600 |    4.30        0.00
GET      /api/concerts                                                                     48     0(0.00%) |    735       2    4157    290 |    1.00        0.00
GET      /health                                                                           26     0(0.00%) |    909       2    4865    280 |    0.90        0.00
--------|----------------------------------------------------------------------------|-------|-------------|-------|-------|-------|-------|--------|-----------
         Aggregated                                                                       247     0(0.00%) |   4890       2   14559   4500 |    6.20        0.00

Type     Name                                                                          # reqs      # fails |    Avg     Min     Max    Med |   req/s  failures/s
--------|----------------------------------------------------------------------------|-------|-------------|-------|-------|-------|-------|--------|-----------
POST     /api/book                                                                        175     0(0.00%) |   6696     188   14559   7600 |    4.30        0.00
GET      /api/concerts                                                                     48     0(0.00%) |    735       2    4157    290 |    1.10        0.00
GET      /health                                                                           26     0(0.00%) |    909       2    4865    280 |    1.20        0.00
--------|----------------------------------------------------------------------------|-------|-------------|-------|-------|-------|-------|--------|-----------
         Aggregated                                                                       249     0(0.00%) |   4942       2   14559   4600 |    6.60        0.00

Type     Name                                                                          # reqs      # fails |    Avg     Min     Max    Med |   req/s  failures/s
--------|----------------------------------------------------------------------------|-------|-------------|-------|-------|-------|-------|--------|-----------
POST     /api/book                                                                        200     0(0.00%) |   7333     188   16882   7900 |    3.80        0.00
GET      /api/concerts                                                                     48     0(0.00%) |    735       2    4157    290 |    1.30        0.00
GET      /health                                                                           28     0(0.00%) |   1341       2    7164    350 |    0.90        0.00
--------|----------------------------------------------------------------------------|-------|-------------|-------|-------|-------|-------|--------|-----------
         Aggregated                                                                       276     0(0.00%) |   5578       2   16882   6200 |    6.00        0.00

Type     Name                                                                          # reqs      # fails |    Avg     Min     Max    Med |   req/s  failures/s
--------|----------------------------------------------------------------------------|-------|-------------|-------|-------|-------|-------|--------|-----------
POST     /api/book                                                                        228     0(0.00%) |   7381     145   17075   7900 |    4.20        0.00
GET      /api/concerts                                                                     51     0(0.00%) |    855       2    4208    320 |    0.90        0.00
GET      /health                                                                           30     0(0.00%) |   1393       2    7164    350 |    0.90        0.00
--------|----------------------------------------------------------------------------|-------|-------------|-------|-------|-------|-------|--------|-----------
         Aggregated                                                                       309     0(0.00%) |   5723       2   17075   6800 |    6.00        0.00

Type     Name                                                                          # reqs      # fails |    Avg     Min     Max    Med |   req/s  failures/s
--------|----------------------------------------------------------------------------|-------|-------------|-------|-------|-------|-------|--------|-----------
POST     /api/book                                                                        236     0(0.00%) |   7365     145   17075   7900 |    3.20        0.00
GET      /api/concerts                                                                     54     0(0.00%) |    882       2    4208    400 |    0.60        0.00
GET      /health                                                                           33     0(0.00%) |   1304       2    7164    350 |    0.80        0.00
--------|----------------------------------------------------------------------------|-------|-------------|-------|-------|-------|-------|--------|-----------
         Aggregated                                                                       323     0(0.00%) |   5662       2   17075   6500 |    4.60        0.00

Type     Name                                                                          # reqs      # fails |    Avg     Min     Max    Med |   req/s  failures/s
--------|----------------------------------------------------------------------------|-------|-------------|-------|-------|-------|-------|--------|-----------
POST     /api/book                                                                        240     0(0.00%) |   7288     138   17075   7900 |    5.50        0.00
GET      /api/concerts                                                                     58     0(0.00%) |    838       2    4208    320 |    0.70        0.00
GET      /health                                                                           34     0(0.00%) |   1279       2    7164    350 |    0.80        0.00
--------|----------------------------------------------------------------------------|-------|-------------|-------|-------|-------|-------|--------|-----------
         Aggregated                                                                       332     0(0.00%) |   5546       2   17075   6200 |    7.00        0.00

Type     Name                                                                          # reqs      # fails |    Avg     Min     Max    Med |   req/s  failures/s
--------|----------------------------------------------------------------------------|-------|-------------|-------|-------|-------|-------|--------|-----------
POST     /api/book                                                                        243     0(0.00%) |   7239      94   17075   7800 |    6.50        0.00
GET      /api/concerts                                                                     61     0(0.00%) |    840       2    4208    430 |    0.70        0.00
GET      /health                                                                           34     0(0.00%) |   1279       2    7164    350 |    0.80        0.00
--------|----------------------------------------------------------------------------|-------|-------------|-------|-------|-------|-------|--------|-----------
         Aggregated                                                                       338     0(0.00%) |   5485       2   17075   6100 |    8.00        0.00

Type     Name                                                                          # reqs      # fails |    Avg     Min     Max    Med |   req/s  failures/s
--------|----------------------------------------------------------------------------|-------|-------------|-------|-------|-------|-------|--------|-----------
POST     /api/book                                                                        244     0(0.00%) |   7210      94   17075   7800 |    6.60        0.00
GET      /api/concerts                                                                     62     0(0.00%) |    853       2    4208    430 |    1.20        0.00
GET      /health                                                                           34     0(0.00%) |   1279       2    7164    350 |    0.80        0.00
--------|----------------------------------------------------------------------------|-------|-------------|-------|-------|-------|-------|--------|-----------
         Aggregated                                                                       340     0(0.00%) |   5458       2   17075   6100 |    8.60        0.00

Type     Name                                                                          # reqs      # fails |    Avg     Min     Max    Med |   req/s  failures/s
--------|----------------------------------------------------------------------------|-------|-------------|-------|-------|-------|-------|--------|-----------
POST     /api/book                                                                        246     0(0.00%) |   7185      94   17075   7800 |    5.10        0.00
GET      /api/concerts                                                                     62     0(0.00%) |    853       2    4208    430 |    1.40        0.00
GET      /health                                                                           34     0(0.00%) |   1279       2    7164    350 |    0.60        0.00
--------|----------------------------------------------------------------------------|-------|-------------|-------|-------|-------|-------|--------|-----------
         Aggregated                                                                       342     0(0.00%) |   5450       2   17075   6100 |    7.10        0.00

Type     Name                                                                          # reqs      # fails |    Avg     Min     Max    Med |   req/s  failures/s
--------|----------------------------------------------------------------------------|-------|-------------|-------|-------|-------|-------|--------|-----------
POST     /api/book                                                                        249     0(0.00%) |   7175      94   17075   7800 |    4.20        0.00
GET      /api/concerts                                                                     62     0(0.00%) |    853       2    4208    430 |    1.40        0.00
GET      /health                                                                           34     0(0.00%) |   1279       2    7164    350 |    0.50        0.00
--------|----------------------------------------------------------------------------|-------|-------------|-------|-------|-------|-------|--------|-----------
         Aggregated                                                                       345     0(0.00%) |   5458       2   17075   6100 |    6.10        0.00

Type     Name                                                                          # reqs      # fails |    Avg     Min     Max    Med |   req/s  failures/s
--------|----------------------------------------------------------------------------|-------|-------------|-------|-------|-------|-------|--------|-----------
POST     /api/book                                                                        266     0(0.00%) |   7407      94   17075   8100 |    1.30        0.00
GET      /api/concerts                                                                     62     0(0.00%) |    853       2    4208    430 |    0.80        0.00
GET      /health                                                                           35     0(0.00%) |   1370       2    7164    380 |    0.20        0.00
--------|----------------------------------------------------------------------------|-------|-------------|-------|-------|-------|-------|--------|-----------
         Aggregated                                                                       363     0(0.00%) |   5706       2   17075   6400 |    2.30        0.00

Type     Name                                                                          # reqs      # fails |    Avg     Min     Max    Med |   req/s  failures/s
--------|----------------------------------------------------------------------------|-------|-------------|-------|-------|-------|-------|--------|-----------
POST     /api/book                                                                        307     0(0.00%) |   7880      94   17075   8400 |    1.80        0.00
GET      /api/concerts                                                                     65     0(0.00%) |    815       2    4208    400 |    0.40        0.00
GET      /health                                                                           36     0(0.00%) |   1333       2    7164    350 |    0.10        0.00
--------|----------------------------------------------------------------------------|-------|-------------|-------|-------|-------|-------|--------|-----------
         Aggregated                                                                       408     0(0.00%) |   6176       2   17075   7200 |    2.30        0.00

Type     Name                                                                          # reqs      # fails |    Avg     Min     Max    Med |   req/s  failures/s
--------|----------------------------------------------------------------------------|-------|-------------|-------|-------|-------|-------|--------|-----------
POST     /api/book                                                                        307     0(0.00%) |   7880      94   17075   8400 |    6.40        0.00
GET      /api/concerts                                                                     70     0(0.00%) |    815       2    4208    430 |    0.30        0.00
GET      /health                                                                           39     0(0.00%) |   1277       2    7164    380 |    0.20        0.00
--------|----------------------------------------------------------------------------|-------|-------------|-------|-------|-------|-------|--------|-----------
         Aggregated                                                                       416     0(0.00%) |   6072       2   17075   7000 |    6.90        0.00

Type     Name                                                                          # reqs      # fails |    Avg     Min     Max    Med |   req/s  failures/s
--------|----------------------------------------------------------------------------|-------|-------------|-------|-------|-------|-------|--------|-----------
POST     /api/book                                                                        310     0(0.00%) |   7855      94   17075   8300 |    6.30        0.00
GET      /api/concerts                                                                     73     0(0.00%) |    787       2    4208    400 |    0.80        0.00
GET      /health                                                                           39     0(0.00%) |   1277       2    7164    380 |    0.40        0.00
--------|----------------------------------------------------------------------------|-------|-------------|-------|-------|-------|-------|--------|-----------
         Aggregated                                                                       422     0(0.00%) |   6024       2   17075   6900 |    7.50        0.00

Type     Name                                                                          # reqs      # fails |    Avg     Min     Max    Med |   req/s  failures/s
--------|----------------------------------------------------------------------------|-------|-------------|-------|-------|-------|-------|--------|-----------
POST     /api/book                                                                        312     0(0.00%) |   7844      94   17075   8300 |    6.60        0.00
GET      /api/concerts                                                                     73     0(0.00%) |    787       2    4208    400 |    0.80        0.00
GET      /health                                                                           39     0(0.00%) |   1277       2    7164    380 |    0.50        0.00
--------|----------------------------------------------------------------------------|-------|-------------|-------|-------|-------|-------|--------|-----------
         Aggregated                                                                       424     0(0.00%) |   6025       2   17075   6900 |    7.90        0.00

Type     Name                                                                          # reqs      # fails |    Avg     Min     Max    Med |   req/s  failures/s
--------|----------------------------------------------------------------------------|-------|-------------|-------|-------|-------|-------|--------|-----------
POST     /api/book                                                                        314     0(0.00%) |   7825      94   17075   8300 |    6.40        0.00
GET      /api/concerts                                                                     74     0(0.00%) |    780       2    4208    320 |    1.10        0.00
GET      /health                                                                           40     0(0.00%) |   1368       2    7164    380 |    0.50        0.00
--------|----------------------------------------------------------------------------|-------|-------------|-------|-------|-------|-------|--------|-----------
         Aggregated                                                                       428     0(0.00%) |   6003       2   17075   6900 |    8.00        0.00

Type     Name                                                                          # reqs      # fails |    Avg     Min     Max    Med |   req/s  failures/s
--------|----------------------------------------------------------------------------|-------|-------------|-------|-------|-------|-------|--------|-----------
POST     /api/book                                                                        315     0(0.00%) |   7801      94   17075   8300 |    6.40        0.00
GET      /api/concerts                                                                     74     0(0.00%) |    780       2    4208    320 |    1.10        0.00
GET      /health                                                                           40     0(0.00%) |   1368       2    7164    380 |    0.50        0.00
--------|----------------------------------------------------------------------------|-------|-------------|-------|-------|-------|-------|--------|-----------
         Aggregated                                                                       429     0(0.00%) |   5990       2   17075   6900 |    8.00        0.00

Type     Name                                                                          # reqs      # fails |    Avg     Min     Max    Med |   req/s  failures/s
--------|----------------------------------------------------------------------------|-------|-------------|-------|-------|-------|-------|--------|-----------
POST     /api/book                                                                        343     0(0.00%) |   8007      94   17075   8600 |    2.30        0.00
GET      /api/concerts                                                                     74     0(0.00%) |    780       2    4208    320 |    1.10        0.00
GET      /health                                                                           41     0(0.00%) |   1391       2    7164    390 |    0.50        0.00
--------|----------------------------------------------------------------------------|-------|-------------|-------|-------|-------|-------|--------|-----------
         Aggregated                                                                       458     0(0.00%) |   6247       2   17075   7200 |    3.90        0.00

Type     Name                                                                          # reqs      # fails |    Avg     Min     Max    Med |   req/s  failures/s
--------|----------------------------------------------------------------------------|-------|-------------|-------|-------|-------|-------|--------|-----------
POST     /api/book                                                                        369     0(0.00%) |   8191      94   17075   8800 |    0.90        0.00
GET      /api/concerts                                                                     76     0(0.00%) |    761       2    4208    310 |    0.80        0.00
GET      /health                                                                           41     0(0.00%) |   1391       2    7164    390 |    0.40        0.00
--------|----------------------------------------------------------------------------|-------|-------------|-------|-------|-------|-------|--------|-----------
         Aggregated                                                                       486     0(0.00%) |   6455       2   17075   7300 |    2.10        0.00

Type     Name                                                                          # reqs      # fails |    Avg     Min     Max    Med |   req/s  failures/s
--------|----------------------------------------------------------------------------|-------|-------------|-------|-------|-------|-------|--------|-----------
POST     /api/book                                                                        372     0(0.00%) |   8159      94   17075   8800 |    5.90        0.00
GET      /api/concerts                                                                     79     0(0.00%) |    746       2    4208    310 |    0.50        0.00
GET      /health                                                                           41     0(0.00%) |   1391       2    7164    390 |    0.20        0.00
--------|----------------------------------------------------------------------------|-------|-------------|-------|-------|-------|-------|--------|-----------
         Aggregated                                                                       492     0(0.00%) |   6405       2   17075   7300 |    6.60        0.00

Type     Name                                                                          # reqs      # fails |    Avg     Min     Max    Med |   req/s  failures/s
--------|----------------------------------------------------------------------------|-------|-------------|-------|-------|-------|-------|--------|-----------
POST     /api/book                                                                        373     0(0.00%) |   8137      94   17075   8800 |    5.90        0.00
GET      /api/concerts                                                                     79     0(0.00%) |    746       2    4208    310 |    0.60        0.00
GET      /health                                                                           42     0(0.00%) |   1441       2    7164    390 |    0.20        0.00
--------|----------------------------------------------------------------------------|-------|-------------|-------|-------|-------|-------|--------|-----------
         Aggregated                                                                       494     0(0.00%) |   6386       2   17075   7200 |    6.70        0.00

Type     Name                                                                          # reqs      # fails |    Avg     Min     Max    Med |   req/s  failures/s
--------|----------------------------------------------------------------------------|-------|-------------|-------|-------|-------|-------|--------|-----------
POST     /api/book                                                                        380     0(0.00%) |   8195      94   17444   8800 |    5.90        0.00
GET      /api/concerts                                                                     79     0(0.00%) |    746       2    4208    310 |    0.50        0.00
GET      /health                                                                           42     0(0.00%) |   1441       2    7164    390 |    0.10        0.00
--------|----------------------------------------------------------------------------|-------|-------------|-------|-------|-------|-------|--------|-----------
         Aggregated                                                                       501     0(0.00%) |   6455       2   17444   7300 |    6.50        0.00

Type     Name                                                                          # reqs      # fails |    Avg     Min     Max    Med |   req/s  failures/s
--------|----------------------------------------------------------------------------|-------|-------------|-------|-------|-------|-------|--------|-----------
POST     /api/book                                                                        382     0(0.00%) |   8178      94   17444   8800 |    6.50        0.00
GET      /api/concerts                                                                     80     0(0.00%) |    746       2    4208    310 |    0.50        0.00
GET      /health                                                                           42     0(0.00%) |   1441       2    7164    390 |    0.20        0.00
--------|----------------------------------------------------------------------------|-------|-------------|-------|-------|-------|-------|--------|-----------
         Aggregated                                                                       504     0(0.00%) |   6437       2   17444   7300 |    7.20        0.00

Type     Name                                                                          # reqs      # fails |    Avg     Min     Max    Med |   req/s  failures/s
--------|----------------------------------------------------------------------------|-------|-------------|-------|-------|-------|-------|--------|-----------
POST     /api/book                                                                        385     0(0.00%) |   8165      94   17444   8800 |    3.80        0.00
GET      /api/concerts                                                                     80     0(0.00%) |    746       2    4208    310 |    0.50        0.00
GET      /health                                                                           42     0(0.00%) |   1441       2    7164    390 |    0.10        0.00
--------|----------------------------------------------------------------------------|-------|-------------|-------|-------|-------|-------|--------|-----------
         Aggregated                                                                       507     0(0.00%) |   6437       2   17444   7300 |    4.40        0.00

Type     Name                                                                          # reqs      # fails |    Avg     Min     Max    Med |   req/s  failures/s
--------|----------------------------------------------------------------------------|-------|-------------|-------|-------|-------|-------|--------|-----------
POST     /api/book                                                                        395     0(0.00%) |   8203      94   17444   8900 |    1.50        0.00
GET      /api/concerts                                                                     80     0(0.00%) |    746       2    4208    310 |    0.40        0.00
GET      /health                                                                           42     0(0.00%) |   1441       2    7164    390 |    0.10        0.00
--------|----------------------------------------------------------------------------|-------|-------------|-------|-------|-------|-------|--------|-----------
         Aggregated                                                                       517     0(0.00%) |   6500       2   17444   7500 |    2.00        0.00

Type     Name                                                                          # reqs      # fails |    Avg     Min     Max    Med |   req/s  failures/s
--------|----------------------------------------------------------------------------|-------|-------------|-------|-------|-------|-------|--------|-----------
POST     /api/book                                                                        445     0(0.00%) |   8466      94   17444   9100 |    1.90        0.00
GET      /api/concerts                                                                     81     0(0.00%) |    737       2    4208    310 |    0.10        0.00
GET      /health                                                                           43     0(0.00%) |   1411       2    7164    390 |    0.10        0.00
--------|----------------------------------------------------------------------------|-------|-------------|-------|-------|-------|-------|--------|-----------
         Aggregated                                                                       569     0(0.00%) |   6833       2   17444   7800 |    2.10        0.00

Type     Name                                                                          # reqs      # fails |    Avg     Min     Max    Med |   req/s  failures/s
--------|----------------------------------------------------------------------------|-------|-------------|-------|-------|-------|-------|--------|-----------
POST     /api/book                                                                        447     0(0.00%) |   8435      94   17444   9100 |    7.30        0.00
GET      /api/concerts                                                                     88     0(0.00%) |    714       2    4208    310 |    0.20        0.00
GET      /health                                                                           44     0(0.00%) |   1379       2    7164    380 |    0.10        0.00
--------|----------------------------------------------------------------------------|-------|-------------|-------|-------|-------|-------|--------|-----------
         Aggregated                                                                       579     0(0.00%) |   6726       2   17444   7700 |    7.60        0.00

Type     Name                                                                          # reqs      # fails |    Avg     Min     Max    Med |   req/s  failures/s
--------|----------------------------------------------------------------------------|-------|-------------|-------|-------|-------|-------|--------|-----------
POST     /api/book                                                                        448     0(0.00%) |   8417      94   17444   9100 |    7.10        0.00
GET      /api/concerts                                                                     89     0(0.00%) |    706       2    4208    310 |    0.40        0.00
GET      /health                                                                           45     0(0.00%) |   1349       2    7164    380 |    0.20        0.00
--------|----------------------------------------------------------------------------|-------|-------------|-------|-------|-------|-------|--------|-----------
         Aggregated                                                                       582     0(0.00%) |   6691       2   17444   7600 |    7.70        0.00

Type     Name                                                                          # reqs      # fails |    Avg     Min     Max    Med |   req/s  failures/s
--------|----------------------------------------------------------------------------|-------|-------------|-------|-------|-------|-------|--------|-----------
POST     /api/book                                                                        449     0(0.00%) |   8398      94   17444   9100 |    6.70        0.00
GET      /api/concerts                                                                     95     1(1.05%) |    803       2    4208    400 |    0.90        0.00
GET      /health                                                                           46     0(0.00%) |   1388       2    7164    380 |    0.20        0.00
--------|----------------------------------------------------------------------------|-------|-------------|-------|-------|-------|-------|--------|-----------
         Aggregated                                                                       590     1(0.17%) |   6629       2   17444   7600 |    7.80        0.00

Type     Name                                                                          # reqs      # fails |    Avg     Min     Max    Med |   req/s  failures/s
--------|----------------------------------------------------------------------------|-------|-------------|-------|-------|-------|-------|--------|-----------
POST     /api/book                                                                        455     0(0.00%) |   8388      94   17444   9100 |    6.50        0.00
GET      /api/concerts                                                                     96     1(1.04%) |    794       2    4208    320 |    1.50        0.10
GET      /health                                                                           47     0(0.00%) |   1359       2    7164    380 |    0.40        0.00
--------|----------------------------------------------------------------------------|-------|-------------|-------|-------|-------|-------|--------|-----------
         Aggregated                                                                       598     1(0.17%) |   6616       2   17444   7600 |    8.40        0.10

Type     Name                                                                          # reqs      # fails |    Avg     Min     Max    Med |   req/s  failures/s
--------|----------------------------------------------------------------------------|-------|-------------|-------|-------|-------|-------|--------|-----------
POST     /api/book                                                                        465     0(0.00%) |   8366      94   17444   9100 |    6.10        0.00
GET      /api/concerts                                                                     98     1(1.02%) |    803       2    4208    320 |    1.50        0.10
GET      /health                                                                           48     0(0.00%) |   1341       2    7164    380 |    0.40        0.00
--------|----------------------------------------------------------------------------|-------|-------------|-------|-------|-------|-------|--------|-----------
         Aggregated                                                                       611     1(0.16%) |   6601       2   17444   7600 |    8.00        0.10

Type     Name                                                                          # reqs      # fails |    Avg     Min     Max    Med |   req/s  failures/s
--------|----------------------------------------------------------------------------|-------|-------------|-------|-------|-------|-------|--------|-----------
POST     /api/book                                                                        490     0(0.00%) |   8427      94   17444   9200 |    2.00        0.00
GET      /api/concerts                                                                     99     1(1.01%) |    798       2    4208    360 |    1.70        0.10
GET      /health                                                                           49     0(0.00%) |   1314       2    7164    380 |    0.50        0.00
--------|----------------------------------------------------------------------------|-------|-------------|-------|-------|-------|-------|--------|-----------
         Aggregated                                                                       638     1(0.16%) |   6697       2   17444   7800 |    4.20        0.10

Type     Name                                                                          # reqs      # fails |    Avg     Min     Max    Med |   req/s  failures/s
--------|----------------------------------------------------------------------------|-------|-------------|-------|-------|-------|-------|--------|-----------
POST     /api/book                                                                        500     0(0.00%) |   8465      94   17444   9200 |    4.30        0.00
GET      /api/concerts                                                                    107     1(0.93%) |    761       2    4208    310 |    1.20        0.10
GET      /health                                                                           52     0(0.00%) |   1292       2    7164    350 |    0.40        0.00
--------|----------------------------------------------------------------------------|-------|-------------|-------|-------|-------|-------|--------|-----------
         Aggregated                                                                       659     1(0.15%) |   6648       2   17444   7700 |    5.90        0.10

Type     Name                                                                          # reqs      # fails |    Avg     Min     Max    Med |   req/s  failures/s
--------|----------------------------------------------------------------------------|-------|-------------|-------|-------|-------|-------|--------|-----------
POST     /api/book                                                                        515     0(0.00%) |   8510      94   17444   9200 |    4.30        0.00
GET      /api/concerts                                                                    110     1(0.91%) |    747       2    4208    290 |    1.30        0.10
GET      /health                                                                           53     0(0.00%) |   1267       2    7164    350 |    0.50        0.00
--------|----------------------------------------------------------------------------|-------|-------------|-------|-------|-------|-------|--------|-----------
         Aggregated                                                                       678     1(0.15%) |   6684       2   17444   7700 |    6.10        0.10

Type     Name                                                                          # reqs      # fails |    Avg     Min     Max    Med |   req/s  failures/s
--------|----------------------------------------------------------------------------|-------|-------------|-------|-------|-------|-------|--------|-----------
POST     /api/book                                                                        517     0(0.00%) |   8477      94   17444   9200 |    6.60        0.00
GET      /api/concerts                                                                    113     1(0.88%) |    765       2    4208    310 |    1.50        0.00
GET      /health                                                                           54     0(0.00%) |   1247       2    7164    280 |    0.70        0.00
--------|----------------------------------------------------------------------------|-------|-------------|-------|-------|-------|-------|--------|-----------
         Aggregated                                                                       684     1(0.15%) |   6632       2   17444   7700 |    8.80        0.00

Type     Name                                                                          # reqs      # fails |    Avg     Min     Max    Med |   req/s  failures/s
--------|----------------------------------------------------------------------------|-------|-------------|-------|-------|-------|-------|--------|-----------
POST     /api/book                                                                        519     0(0.00%) |   8445      94   17444   9200 |    6.50        0.00
GET      /api/concerts                                                                    116     1(0.86%) |    777       2    4208    320 |    1.60        0.00
GET      /health                                                                           55     0(0.00%) |   1234       2    7164    350 |    0.80        0.00
--------|----------------------------------------------------------------------------|-------|-------------|-------|-------|-------|-------|--------|-----------
         Aggregated                                                                       690     1(0.14%) |   6581       2   17444   7600 |    8.90        0.00

Type     Name                                                                          # reqs      # fails |    Avg     Min     Max    Med |   req/s  failures/s
--------|----------------------------------------------------------------------------|-------|-------------|-------|-------|-------|-------|--------|-----------
POST     /api/book                                                                        521     0(0.00%) |   8413      94   17444   9200 |    6.10        0.00
GET      /api/concerts                                                                    116     1(0.86%) |    777       2    4208    320 |    1.80        0.00
GET      /health                                                                           55     0(0.00%) |   1234       2    7164    350 |    0.80        0.00
--------|----------------------------------------------------------------------------|-------|-------------|-------|-------|-------|-------|--------|-----------
         Aggregated                                                                       692     1(0.14%) |   6562       2   17444   7600 |    8.70        0.00

Type     Name                                                                          # reqs      # fails |    Avg     Min     Max    Med |   req/s  failures/s
--------|----------------------------------------------------------------------------|-------|-------------|-------|-------|-------|-------|--------|-----------
POST     /api/book                                                                        553     0(0.00%) |   8497      94   17444   9300 |    3.20        0.00
GET      /api/concerts                                                                    119     1(0.84%) |    809       2    4208    360 |    1.70        0.00
GET      /health                                                                           55     0(0.00%) |   1234       2    7164    350 |    0.70        0.00
--------|----------------------------------------------------------------------------|-------|-------------|-------|-------|-------|-------|--------|-----------
         Aggregated                                                                       727     1(0.14%) |   6689       2   17444   7800 |    5.60        0.00

Type     Name                                                                          # reqs      # fails |    Avg     Min     Max    Med |   req/s  failures/s
--------|----------------------------------------------------------------------------|-------|-------------|-------|-------|-------|-------|--------|-----------
POST     /api/book                                                                        581     0(0.00%) |   8447      94   17444   9200 |    4.90        0.00
GET      /api/concerts                                                                    120     1(0.83%) |    806       2    4208    360 |    1.20        0.00
GET      /health                                                                           56     0(0.00%) |   1212       2    7164    280 |    0.40        0.00
--------|----------------------------------------------------------------------------|-------|-------------|-------|-------|-------|-------|--------|-----------
         Aggregated                                                                       757     1(0.13%) |   6700       2   17444   7800 |    6.50        0.00

Type     Name                                                                          # reqs      # fails |    Avg     Min     Max    Med |   req/s  failures/s
--------|----------------------------------------------------------------------------|-------|-------------|-------|-------|-------|-------|--------|-----------
POST     /api/book                                                                        584     0(0.00%) |   8407      94   17444   9200 |    6.40        0.00
GET      /api/concerts                                                                    128     1(0.78%) |    765       2    4208    290 |    1.00        0.00
GET      /health                                                                           61     0(0.00%) |   1135       2    7164    280 |    0.30        0.00
--------|----------------------------------------------------------------------------|-------|-------------|-------|-------|-------|-------|--------|-----------
         Aggregated                                                                       773     1(0.13%) |   6568       2   17444   7700 |    7.70        0.00

Type     Name                                                                          # reqs      # fails |    Avg     Min     Max    Med |   req/s  failures/s
--------|----------------------------------------------------------------------------|-------|-------------|-------|-------|-------|-------|--------|-----------
POST     /api/book                                                                        586     0(0.00%) |   8379      94   17444   9200 |    6.70        0.00
GET      /api/concerts                                                                    133     1(0.75%) |    743       2    4208    290 |    1.40        0.00
GET      /health                                                                           61     0(0.00%) |   1135       2    7164    280 |    0.30        0.00
--------|----------------------------------------------------------------------------|-------|-------------|-------|-------|-------|-------|--------|-----------
         Aggregated                                                                       780     1(0.13%) |   6510       2   17444   7600 |    8.40        0.00

Type     Name                                                                          # reqs      # fails |    Avg     Min     Max    Med |   req/s  failures/s
--------|----------------------------------------------------------------------------|-------|-------------|-------|-------|-------|-------|--------|-----------
POST     /api/book                                                                        587     0(0.00%) |   8365      94   17444   9200 |    6.80        0.00
GET      /api/concerts                                                                    133     1(0.75%) |    743       2    4208    290 |    1.70        0.00
GET      /health                                                                           64     0(0.00%) |   1112       2    7164    280 |    0.60        0.00
--------|----------------------------------------------------------------------------|-------|-------------|-------|-------|-------|-------|--------|-----------
         Aggregated                                                                       784     1(0.13%) |   6480       2   17444   7600 |    9.10        0.00

Type     Name                                                                          # reqs      # fails |    Avg     Min     Max    Med |   req/s  failures/s
--------|----------------------------------------------------------------------------|-------|-------------|-------|-------|-------|-------|--------|-----------
POST     /api/book                                                                        590     0(0.00%) |   8338      94   17444   9100 |    6.60        0.00
GET      /api/concerts                                                                    133     1(0.75%) |    743       2    4208    290 |    1.70        0.00
GET      /health                                                                           64     0(0.00%) |   1112       2    7164    280 |    0.90        0.00
--------|----------------------------------------------------------------------------|-------|-------------|-------|-------|-------|-------|--------|-----------
         Aggregated                                                                       787     1(0.13%) |   6467       2   17444   7600 |    9.20        0.00

Type     Name                                                                          # reqs      # fails |    Avg     Min     Max    Med |   req/s  failures/s
--------|----------------------------------------------------------------------------|-------|-------------|-------|-------|-------|-------|--------|-----------
POST     /api/book                                                                        590     0(0.00%) |   8338      94   17444   9100 |    6.60        0.00
GET      /api/concerts                                                                    134     1(0.75%) |    738       2    4208    280 |    1.70        0.00
GET      /health                                                                           64     0(0.00%) |   1112       2    7164    280 |    0.90        0.00
--------|----------------------------------------------------------------------------|-------|-------------|-------|-------|-------|-------|--------|-----------
         Aggregated                                                                       788     1(0.13%) |   6459       2   17444   7600 |    9.20        0.00

Type     Name                                                                          # reqs      # fails |    Avg     Min     Max    Med |   req/s  failures/s
--------|----------------------------------------------------------------------------|-------|-------------|-------|-------|-------|-------|--------|-----------
POST     /api/book                                                                        592     0(0.00%) |   8349      94   17444   9100 |    2.90        0.00
GET      /api/concerts                                                                    134     1(0.75%) |    738       2    4208    280 |    1.50        0.00
GET      /health                                                                           66     0(0.00%) |   1079       2    7164    190 |    0.80        0.00
--------|----------------------------------------------------------------------------|-------|-------------|-------|-------|-------|-------|--------|-----------
         Aggregated                                                                       792     1(0.13%) |   6455       2   17444   7600 |    5.20        0.00

Type     Name                                                                          # reqs      # fails |    Avg     Min     Max    Med |   req/s  failures/s
--------|----------------------------------------------------------------------------|-------|-------------|-------|-------|-------|-------|--------|-----------
POST     /api/book                                                                        651     0(0.00%) |   8652      94   17444   9500 |    0.80        0.00
GET      /api/concerts                                                                    134     1(0.75%) |    738       2    4208    280 |    0.70        0.00
GET      /health                                                                           66     0(0.00%) |   1079       2    7164    190 |    0.60        0.00
--------|----------------------------------------------------------------------------|-------|-------------|-------|-------|-------|-------|--------|-----------
         Aggregated                                                                       851     1(0.12%) |   6819       2   17444   8000 |    2.10        0.00

Type     Name                                                                          # reqs      # fails |    Avg     Min     Max    Med |   req/s  failures/s
--------|----------------------------------------------------------------------------|-------|-------------|-------|-------|-------|-------|--------|-----------
POST     /api/book                                                                        656     0(0.00%) |   8590      94   17444   9400 |    0.70        0.00
GET      /api/concerts                                                                    137     1(0.73%) |    722       2    4208    270 |    0.30        0.00
GET      /health                                                                           67     0(0.00%) |   1062       2    7164    190 |    0.50        0.00
--------|----------------------------------------------------------------------------|-------|-------------|-------|-------|-------|-------|--------|-----------
         Aggregated                                                                       860     1(0.12%) |   6750       2   17444   7900 |    1.50        0.00

Type     Name                                                                          # reqs      # fails |    Avg     Min     Max    Med |   req/s  failures/s
--------|----------------------------------------------------------------------------|-------|-------------|-------|-------|-------|-------|--------|-----------
POST     /api/book                                                                        659     0(0.00%) |   8552      93   17444   9400 |    6.90        0.00
GET      /api/concerts                                                                    142     1(0.70%) |    714       2    4208    270 |    0.40        0.00
GET      /health                                                                           71     0(0.00%) |   1039       2    7164    300 |    0.30        0.00
--------|----------------------------------------------------------------------------|-------|-------------|-------|-------|-------|-------|--------|-----------
         Aggregated                                                                       872     1(0.11%) |   6664       2   17444   7800 |    7.60        0.00

Type     Name                                                                          # reqs      # fails |    Avg     Min     Max    Med |   req/s  failures/s
--------|----------------------------------------------------------------------------|-------|-------------|-------|-------|-------|-------|--------|-----------
POST     /api/book                                                                        661     0(0.00%) |   8526      93   17444   9400 |    7.10        0.00
GET      /api/concerts                                                                    142     1(0.70%) |    714       2    4208    270 |    0.50        0.00
GET      /health                                                                           71     0(0.00%) |   1039       2    7164    300 |    0.40        0.00
--------|----------------------------------------------------------------------------|-------|-------------|-------|-------|-------|-------|--------|-----------
         Aggregated                                                                       874     1(0.11%) |   6649       2   17444   7800 |    8.00        0.00

Type     Name                                                                          # reqs      # fails |    Avg     Min     Max    Med |   req/s  failures/s
--------|----------------------------------------------------------------------------|-------|-------------|-------|-------|-------|-------|--------|-----------
POST     /api/book                                                                        663     0(0.00%) |   8511      93   17444   9300 |    7.00        0.00
GET      /api/concerts                                                                    143     1(0.70%) |    709       2    4208    270 |    0.80        0.00
GET      /health                                                                           71     0(0.00%) |   1039       2    7164    300 |    0.70        0.00
--------|----------------------------------------------------------------------------|-------|-------------|-------|-------|-------|-------|--------|-----------
         Aggregated                                                                       877     1(0.11%) |   6634       2   17444   7700 |    8.50        0.00

Type     Name                                                                          # reqs      # fails |    Avg     Min     Max    Med |   req/s  failures/s
--------|----------------------------------------------------------------------------|-------|-------------|-------|-------|-------|-------|--------|-----------
POST     /api/book                                                                        665     0(0.00%) |   8485      93   17444   9300 |    7.10        0.00
GET      /api/concerts                                                                    144     1(0.69%) |    723       2    4208    270 |    0.90        0.00
GET      /health                                                                           71     0(0.00%) |   1039       2    7164    300 |    0.50        0.00
--------|----------------------------------------------------------------------------|-------|-------------|-------|-------|-------|-------|--------|-----------
         Aggregated                                                                       880     1(0.11%) |   6614       2   17444   7700 |    8.50        0.00

Type     Name                                                                          # reqs      # fails |    Avg     Min     Max    Med |   req/s  failures/s
--------|----------------------------------------------------------------------------|-------|-------------|-------|-------|-------|-------|--------|-----------
POST     /api/book                                                                        667     0(0.00%) |   8475      93   17444   9300 |    3.80        0.00
GET      /api/concerts                                                                    146     1(0.68%) |    724       2    4208    270 |    1.00        0.00
GET      /health                                                                           71     0(0.00%) |   1039       2    7164    300 |    0.50        0.00
--------|----------------------------------------------------------------------------|-------|-------------|-------|-------|-------|-------|--------|-----------
         Aggregated                                                                       884     1(0.11%) |   6597       2   17444   7700 |    5.30        0.00

Type     Name                                                                          # reqs      # fails |    Avg     Min     Max    Med |   req/s  failures/s
--------|----------------------------------------------------------------------------|-------|-------------|-------|-------|-------|-------|--------|-----------
POST     /api/book                                                                        726     0(0.00%) |   8640      93   17444   9600 |    1.00        0.00
GET      /api/concerts                                                                    146     1(0.68%) |    724       2    4208    270 |    0.80        0.00
GET      /health                                                                           71     0(0.00%) |   1039       2    7164    300 |    0.40        0.00
--------|----------------------------------------------------------------------------|-------|-------------|-------|-------|-------|-------|--------|-----------
         Aggregated                                                                       943     1(0.11%) |   6842       2   17444   8100 |    2.20        0.00

Type     Name                                                                          # reqs      # fails |    Avg     Min     Max    Med |   req/s  failures/s
--------|----------------------------------------------------------------------------|-------|-------------|-------|-------|-------|-------|--------|-----------
POST     /api/book                                                                        728     0(0.00%) |   8617      93   17444   9600 |    6.70        0.00
GET      /api/concerts                                                                    153     1(0.65%) |    693       2    4208    240 |    0.40        0.00
GET      /health                                                                           74     0(0.00%) |    998       2    7164    190 |    0.00        0.00
--------|----------------------------------------------------------------------------|-------|-------------|-------|-------|-------|-------|--------|-----------
         Aggregated                                                                       955     1(0.10%) |   6757       2   17444   8000 |    7.10        0.00

Type     Name                                                                          # reqs      # fails |    Avg     Min     Max    Med |   req/s  failures/s
--------|----------------------------------------------------------------------------|-------|-------------|-------|-------|-------|-------|--------|-----------
POST     /api/book                                                                        730     0(0.00%) |   8596      93   17444   9600 |    6.70        0.00
GET      /api/concerts                                                                    159     1(0.63%) |    677       2    4208    240 |    1.00        0.00
GET      /health                                                                           77     0(0.00%) |    971       2    7164    260 |    0.20        0.00
--------|----------------------------------------------------------------------------|-------|-------------|-------|-------|-------|-------|--------|-----------
         Aggregated                                                                       966     1(0.10%) |   6685       2   17444   7900 |    7.90        0.00

Type     Name                                                                          # reqs      # fails |    Avg     Min     Max    Med |   req/s  failures/s
--------|----------------------------------------------------------------------------|-------|-------------|-------|-------|-------|-------|--------|-----------
POST     /api/book                                                                        731     0(0.00%) |   8585      93   17444   9600 |    6.90        0.00
GET      /api/concerts                                                                    161     1(0.62%) |    674       2    4208    240 |    1.50        0.00
GET      /health                                                                           77     0(0.00%) |    971       2    7164    260 |    0.50        0.00
--------|----------------------------------------------------------------------------|-------|-------------|-------|-------|-------|-------|--------|-----------
         Aggregated                                                                       969     1(0.10%) |   6665       2   17444   7900 |    8.90        0.00

Type     Name                                                                          # reqs      # fails |    Avg     Min     Max    Med |   req/s  failures/s
--------|----------------------------------------------------------------------------|-------|-------------|-------|-------|-------|-------|--------|-----------
POST     /api/book                                                                        734     0(0.00%) |   8558      93   17444   9500 |    6.70        0.00
GET      /api/concerts                                                                    162     1(0.62%) |    670       2    4208    230 |    1.70        0.00
GET      /health                                                                           77     0(0.00%) |    971       2    7164    260 |    0.60        0.00
--------|----------------------------------------------------------------------------|-------|-------------|-------|-------|-------|-------|--------|-----------
         Aggregated                                                                       973     1(0.10%) |   6644       2   17444   7900 |    9.00        0.00

Type     Name                                                                          # reqs      # fails |    Avg     Min     Max    Med |   req/s  failures/s
--------|----------------------------------------------------------------------------|-------|-------------|-------|-------|-------|-------|--------|-----------
POST     /api/book                                                                        737     0(0.00%) |   8546      93   17444   9500 |    6.80        0.00
GET      /api/concerts                                                                    163     1(0.61%) |    674       2    4208    240 |    1.80        0.00
GET      /health                                                                           78     0(0.00%) |    959       2    7164    190 |    0.60        0.00
--------|----------------------------------------------------------------------------|-------|-------------|-------|-------|-------|-------|--------|-----------
         Aggregated                                                                       978     1(0.10%) |   6629       2   17444   7800 |    9.20        0.00

Type     Name                                                                          # reqs      # fails |    Avg     Min     Max    Med |   req/s  failures/s
--------|----------------------------------------------------------------------------|-------|-------------|-------|-------|-------|-------|--------|-----------
POST     /api/book                                                                        769    28(3.64%) |   8539      93   17444   9500 |    1.20        0.00
GET      /api/concerts                                                                    164     1(0.61%) |    677       2    4208    240 |    1.70        0.00
GET      /health                                                                           79     0(0.00%) |    951       2    7164    260 |    0.70        0.00
--------|----------------------------------------------------------------------------|-------|-------------|-------|-------|-------|-------|--------|-----------
         Aggregated                                                                      1012    29(2.87%) |   6672       2   17444   8000 |    3.60        0.00

Type     Name                                                                          # reqs      # fails |    Avg     Min     Max    Med |   req/s  failures/s
--------|----------------------------------------------------------------------------|-------|-------------|-------|-------|-------|-------|--------|-----------
POST     /api/book                                                                        805    28(3.48%) |   8510      93   17444   9500 |    1.10        0.00
GET      /api/concerts                                                                    166     1(0.60%) |    671       2    4208    240 |    1.10        0.00
GET      /health                                                                           83     0(0.00%) |    908       2    7164    190 |    0.60        0.00
--------|----------------------------------------------------------------------------|-------|-------------|-------|-------|-------|-------|--------|-----------
         Aggregated                                                                      1054    29(2.75%) |   6677       2   17444   8000 |    2.80        0.00

Type     Name                                                                          # reqs      # fails |    Avg     Min     Max    Med |   req/s  failures/s
--------|----------------------------------------------------------------------------|-------|-------------|-------|-------|-------|-------|--------|-----------
POST     /api/book                                                                        825    28(3.39%) |   8314      93   17444   9500 |    7.20        2.80
GET      /api/concerts                                                                    174     1(0.57%) |    641       2    4208    200 |    0.80        0.00
GET      /health                                                                           90     0(0.00%) |    839       2    7164    170 |    0.60        0.00
--------|----------------------------------------------------------------------------|-------|-------------|-------|-------|-------|-------|--------|-----------
         Aggregated                                                                      1089    29(2.66%) |   6470       2   17444   7800 |    8.60        2.80

Type     Name                                                                          # reqs      # fails |    Avg     Min     Max    Med |   req/s  failures/s
--------|----------------------------------------------------------------------------|-------|-------------|-------|-------|-------|-------|--------|-----------
POST     /api/book                                                                        846    28(3.31%) |   8116      93   17444   9300 |    9.20        2.80
GET      /api/concerts                                                                    176     1(0.57%) |    634       2    4208    190 |    1.20        0.00
GET      /health                                                                           93     0(0.00%) |    816       2    7164    170 |    1.10        0.00
--------|----------------------------------------------------------------------------|-------|-------------|-------|-------|-------|-------|--------|-----------
         Aggregated                                                                      1115    29(2.60%) |   6326       2   17444   7600 |   11.50        2.80

Type     Name                                                                          # reqs      # fails |    Avg     Min     Max    Med |   req/s  failures/s
--------|----------------------------------------------------------------------------|-------|-------------|-------|-------|-------|-------|--------|-----------
POST     /api/book                                                                        863    28(3.24%) |   7962      93   17444   9300 |   10.80        2.80
GET      /api/concerts                                                                    179     1(0.56%) |    624       2    4208    180 |    1.30        0.00
GET      /health                                                                           93     0(0.00%) |    816       2    7164    170 |    1.50        0.00
--------|----------------------------------------------------------------------------|-------|-------------|-------|-------|-------|-------|--------|-----------
         Aggregated                                                                      1135    29(2.56%) |   6219       2   17444   7400 |   13.60        2.80

Type     Name                                                                          # reqs      # fails |    Avg     Min     Max    Med |   req/s  failures/s
--------|----------------------------------------------------------------------------|-------|-------------|-------|-------|-------|-------|--------|-----------
POST     /api/book                                                                        884    28(3.17%) |   7812      93   17444   9100 |   12.30        2.80
GET      /api/concerts                                                                    184     1(0.54%) |    607       2    4208    170 |    1.50        0.00
GET      /health                                                                           96     0(0.00%) |    791       2    7164    160 |    1.50        0.00
--------|----------------------------------------------------------------------------|-------|-------------|-------|-------|-------|-------|--------|-----------
         Aggregated                                                                      1164    29(2.49%) |   6094       2   17444   7200 |   15.30        2.80

Type     Name                                                                          # reqs      # fails |    Avg     Min     Max    Med |   req/s  failures/s
--------|----------------------------------------------------------------------------|-------|-------------|-------|-------|-------|-------|--------|-----------
POST     /api/book                                                                        930    28(3.01%) |   7667      93   17444   8900 |   13.90        2.80
GET      /api/concerts                                                                    190     1(0.53%) |    588       2    4208    120 |    2.00        0.00
GET      /health                                                                           97     0(0.00%) |    783       2    7164    160 |    1.70        0.00
--------|----------------------------------------------------------------------------|-------|-------------|-------|-------|-------|-------|--------|-----------
         Aggregated                                                                      1217    29(2.38%) |   6013       2   17444   7100 |   17.60        2.80

Type     Name                                                                          # reqs      # fails |    Avg     Min     Max    Med |   req/s  failures/s
--------|----------------------------------------------------------------------------|-------|-------------|-------|-------|-------|-------|--------|-----------
POST     /api/book                                                                        954    28(2.94%) |   7492      93   17444   8800 |   12.50        0.00
GET      /api/concerts                                                                    197     1(0.51%) |    568       2    4208    110 |    2.30        0.00
GET      /health                                                                           97     0(0.00%) |    783       2    7164    160 |    1.50        0.00
--------|----------------------------------------------------------------------------|-------|-------------|-------|-------|-------|-------|--------|-----------
         Aggregated                                                                      1248    29(2.32%) |   5878       2   17444   6800 |   16.30        0.00

Type     Name                                                                          # reqs      # fails |    Avg     Min     Max    Med |   req/s  failures/s
--------|----------------------------------------------------------------------------|-------|-------------|-------|-------|-------|-------|--------|-----------
POST     /api/book                                                                        974    28(2.87%) |   7348      93   17444   8600 |   12.70        0.00
GET      /api/concerts                                                                    200     1(0.50%) |    560       2    4208     98 |    2.30        0.00
GET      /health                                                                           97     0(0.00%) |    783       2    7164    160 |    0.90        0.00
--------|----------------------------------------------------------------------------|-------|-------------|-------|-------|-------|-------|--------|-----------
         Aggregated                                                                      1271    29(2.28%) |   5779       2   17444   6600 |   15.90        0.00

Type     Name                                                                          # reqs      # fails |    Avg     Min     Max    Med |   req/s  failures/s
--------|----------------------------------------------------------------------------|-------|-------------|-------|-------|-------|-------|--------|-----------
POST     /api/book                                                                        993    28(2.82%) |   7216      93   17444   8500 |   13.20        0.00
GET      /api/concerts                                                                    201     1(0.50%) |    557       2    4208     98 |    2.40        0.00
GET      /health                                                                           99     0(0.00%) |    767       2    7164    140 |    0.50        0.00
--------|----------------------------------------------------------------------------|-------|-------------|-------|-------|-------|-------|--------|-----------
         Aggregated                                                                      1293    29(2.24%) |   5687       2   17444   6200 |   16.10        0.00

Type     Name                                                                          # reqs      # fails |    Avg     Min     Max    Med |   req/s  failures/s
--------|----------------------------------------------------------------------------|-------|-------------|-------|-------|-------|-------|--------|-----------
POST     /api/book                                                                       1008    28(2.78%) |   7114      93   17444   8400 |   12.90        0.00
GET      /api/concerts                                                                    204     1(0.49%) |    549       2    4208     84 |    2.20        0.00
GET      /health                                                                          104     0(0.00%) |    730       2    7164     83 |    0.60        0.00
--------|----------------------------------------------------------------------------|-------|-------------|-------|-------|-------|-------|--------|-----------
         Aggregated                                                                      1316    29(2.20%) |   5592       2   17444   5900 |   15.70        0.00

Type     Name                                                                          # reqs      # fails |    Avg     Min     Max    Med |   req/s  failures/s
--------|----------------------------------------------------------------------------|-------|-------------|-------|-------|-------|-------|--------|-----------
POST     /api/book                                                                       1061    28(2.64%) |   7016      93   17444   8200 |   12.60        0.00
GET      /api/concerts                                                                    205     1(0.49%) |    546       2    4208     84 |    2.10        0.00
GET      /health                                                                          105     0(0.00%) |    724       2    7164     83 |    0.60        0.00
--------|----------------------------------------------------------------------------|-------|-------------|-------|-------|-------|-------|--------|-----------
         Aggregated                                                                      1371    29(2.12%) |   5567       2   17444   6100 |   15.30        0.00

Type     Name                                                                          # reqs      # fails |    Avg     Min     Max    Med |   req/s  failures/s
--------|----------------------------------------------------------------------------|-------|-------------|-------|-------|-------|-------|--------|-----------
POST     /api/book                                                                       1079    28(2.59%) |   6909      93   17444   8100 |   12.90        0.00
GET      /api/concerts                                                                    213     1(0.47%) |    529       2    4208     82 |    1.50        0.00
GET      /health                                                                          108     0(0.00%) |    708       2    7164     83 |    0.80        0.00
--------|----------------------------------------------------------------------------|-------|-------------|-------|-------|-------|-------|--------|-----------
         Aggregated                                                                      1400    29(2.07%) |   5460       2   17444   5500 |   15.20        0.00

Type     Name                                                                          # reqs      # fails |    Avg     Min     Max    Med |   req/s  failures/s
--------|----------------------------------------------------------------------------|-------|-------------|-------|-------|-------|-------|--------|-----------
POST     /api/book                                                                       1097    28(2.55%) |   6800      93   17444   8100 |   12.50        0.00
GET      /api/concerts                                                                    218     1(0.46%) |    520       2    4208     80 |    1.70        0.00
GET      /health                                                                          112     0(0.00%) |    683       2    7164     54 |    1.10        0.00
--------|----------------------------------------------------------------------------|-------|-------------|-------|-------|-------|-------|--------|-----------
         Aggregated                                                                      1427    29(2.03%) |   5361       2   17444   4600 |   15.30        0.00

Type     Name                                                                          # reqs      # fails |    Avg     Min     Max    Med |   req/s  failures/s
--------|----------------------------------------------------------------------------|-------|-------------|-------|-------|-------|-------|--------|-----------
POST     /api/book                                                                       1113    28(2.52%) |   6707      93   17444   8000 |   12.10        0.00
GET      /api/concerts                                                                    221     1(0.45%) |    513       2    4208     79 |    1.90        0.00
GET      /health                                                                          112     0(0.00%) |    683       2    7164     54 |    1.50        0.00
--------|----------------------------------------------------------------------------|-------|-------------|-------|-------|-------|-------|--------|-----------
         Aggregated                                                                      1446    29(2.01%) |   5294       2   17444   4300 |   15.50        0.00

Type     Name                                                                          # reqs      # fails |    Avg     Min     Max    Med |   req/s  failures/s
--------|----------------------------------------------------------------------------|-------|-------------|-------|-------|-------|-------|--------|-----------
POST     /api/book                                                                       1128    28(2.48%) |   6623      93   17444   7900 |   12.30        0.00
GET      /api/concerts                                                                    227     1(0.44%) |    500       2    4208     65 |    2.10        0.00
GET      /health                                                                          114     0(0.00%) |    672       2    7164     54 |    1.30        0.00
--------|----------------------------------------------------------------------------|-------|-------------|-------|-------|-------|-------|--------|-----------
         Aggregated                                                                      1469    29(1.97%) |   5215       2   17444   3700 |   15.70        0.00

Type     Name                                                                          # reqs      # fails |    Avg     Min     Max    Med |   req/s  failures/s
--------|----------------------------------------------------------------------------|-------|-------------|-------|-------|-------|-------|--------|-----------
POST     /api/book                                                                       1182    28(2.37%) |   6531      93   17444   7800 |   12.10        0.00
GET      /api/concerts                                                                    233     1(0.43%) |    501       2    4208     60 |    2.20        0.00
GET      /health                                                                          117     0(0.00%) |    655       2    7164     50 |    1.20        0.00
--------|----------------------------------------------------------------------------|-------|-------------|-------|-------|-------|-------|--------|-----------
         Aggregated                                                                      1532    29(1.89%) |   5165       2   17444   3700 |   15.50        0.00

Type     Name                                                                          # reqs      # fails |    Avg     Min     Max    Med |   req/s  failures/s
--------|----------------------------------------------------------------------------|-------|-------------|-------|-------|-------|-------|--------|-----------
POST     /api/book                                                                       1199    28(2.34%) |   6444      93   17444   7700 |   11.80        0.00
GET      /api/concerts                                                                    243     1(0.41%) |    482       2    4208     54 |    2.90        0.00
GET      /health                                                                          126     0(0.00%) |    609       2    7164     41 |    1.10        0.00
--------|----------------------------------------------------------------------------|-------|-------------|-------|-------|-------|-------|--------|-----------
         Aggregated                                                                      1568    29(1.85%) |   5051       2   17444   2900 |   15.80        0.00

Type     Name                                                                          # reqs      # fails |    Avg     Min     Max    Med |   req/s  failures/s
--------|----------------------------------------------------------------------------|-------|-------------|-------|-------|-------|-------|--------|-----------
POST     /api/book                                                                       1216    28(2.30%) |   6359      93   17444   7600 |   11.80        0.00
GET      /api/concerts                                                                    247     1(0.40%) |    474       2    4208     51 |    2.80        0.00
GET      /health                                                                          128     0(0.00%) |    600       2    7164     39 |    1.50        0.00
--------|----------------------------------------------------------------------------|-------|-------------|-------|-------|-------|-------|--------|-----------
         Aggregated                                                                      1591    29(1.82%) |   4982       2   17444   2500 |   16.10        0.00

Type     Name                                                                          # reqs      # fails |    Avg     Min     Max    Med |   req/s  failures/s
--------|----------------------------------------------------------------------------|-------|-------------|-------|-------|-------|-------|--------|-----------
POST     /api/book                                                                       1238    28(2.26%) |   6270      93   17444   7500 |   11.60        0.00
GET      /api/concerts                                                                    255     1(0.39%) |    474       2    4208     50 |    2.80        0.00
GET      /health                                                                          130     0(0.00%) |    611       2    7164     41 |    1.60        0.00
--------|----------------------------------------------------------------------------|-------|-------------|-------|-------|-------|-------|--------|-----------
         Aggregated                                                                      1623    29(1.79%) |   4906       2   17444   2000 |   16.00        0.00

Type     Name                                                                          # reqs      # fails |    Avg     Min     Max    Med |   req/s  failures/s
--------|----------------------------------------------------------------------------|-------|-------------|-------|-------|-------|-------|--------|-----------
POST     /api/book                                                                       1284    28(2.18%) |   6152      93   17444   7300 |   11.90        0.00
GET      /api/concerts                                                                    258     1(0.39%) |    469       2    4208     48 |    3.30        0.00
GET      /health                                                                          134     0(0.00%) |    597       2    7164     39 |    1.80        0.00
--------|----------------------------------------------------------------------------|-------|-------------|-------|-------|-------|-------|--------|-----------
         Aggregated                                                                      1676    29(1.73%) |   4833       2   17444   2000 |   17.00        0.00

Type     Name                                                                          # reqs      # fails |    Avg     Min     Max    Med |   req/s  failures/s
--------|----------------------------------------------------------------------------|-------|-------------|-------|-------|-------|-------|--------|-----------
POST     /api/book                                                                       1309    28(2.14%) |   6043      93   17444   7200 |   15.40        0.00
GET      /api/concerts                                                                    263     1(0.38%) |    460       2    4208     47 |    3.20        0.00
GET      /health                                                                          137     0(0.00%) |    584       2    7164     38 |    2.00        0.00
--------|----------------------------------------------------------------------------|-------|-------------|-------|-------|-------|-------|--------|-----------
         Aggregated                                                                      1709    29(1.70%) |   4746       2   17444   1700 |   20.60        0.00

Type     Name                                                                          # reqs      # fails |    Avg     Min     Max    Med |   req/s  failures/s
--------|----------------------------------------------------------------------------|-------|-------------|-------|-------|-------|-------|--------|-----------
POST     /api/book                                                                       1330    28(2.11%) |   5954      93   17444   7100 |   13.30        0.00
GET      /api/concerts                                                                    271     1(0.37%) |    454       2    4208     47 |    2.80        0.00
GET      /health                                                                          139     0(0.00%) |    576       2    7164     35 |    2.10        0.00
--------|----------------------------------------------------------------------------|-------|-------------|-------|-------|-------|-------|--------|-----------
         Aggregated                                                                      1740    29(1.67%) |   4668       2   17444   1500 |   18.20        0.00

Type     Name                                                                          # reqs      # fails |    Avg     Min     Max    Med |   req/s  failures/s
--------|----------------------------------------------------------------------------|-------|-------------|-------|-------|-------|-------|--------|-----------
POST     /api/book                                                                       1353    28(2.07%) |   5871      93   17444   6900 |   13.40        0.00
GET      /api/concerts                                                                    276     1(0.36%) |    446       2    4208     43 |    2.90        0.00
GET      /health                                                                          141     0(0.00%) |    600       2    7164     38 |    1.60        0.00
--------|----------------------------------------------------------------------------|-------|-------------|-------|-------|-------|-------|--------|-----------
         Aggregated                                                                      1770    29(1.64%) |   4605       2   17444   1400 |   17.90        0.00

Type     Name                                                                          # reqs      # fails |    Avg     Min     Max    Med |   req/s  failures/s
--------|----------------------------------------------------------------------------|-------|-------------|-------|-------|-------|-------|--------|-----------
POST     /api/book                                                                       1402    28(2.00%) |   5780      93   17444   6500 |   13.50        0.00
GET      /api/concerts                                                                    282     1(0.35%) |    436       2    4208     37 |    3.00        0.00
GET      /health                                                                          142     0(0.00%) |    598       2    7164     38 |    1.10        0.00
--------|----------------------------------------------------------------------------|-------|-------------|-------|-------|-------|-------|--------|-----------
         Aggregated                                                                      1826    29(1.59%) |   4552       2   17444   1400 |   17.60        0.00

Type     Name                                                                          # reqs      # fails |    Avg     Min     Max    Med |   req/s  failures/s
--------|----------------------------------------------------------------------------|-------|-------------|-------|-------|-------|-------|--------|-----------
POST     /api/book                                                                       1420    28(1.97%) |   5710      93   17444   6400 |   16.20        0.00
GET      /api/concerts                                                                    291     1(0.34%) |    425       2    4208     37 |    2.80        0.00
GET      /health                                                                          147     0(0.00%) |    581       2    7164     35 |    1.20        0.00
--------|----------------------------------------------------------------------------|-------|-------------|-------|-------|-------|-------|--------|-----------
         Aggregated                                                                      1858    29(1.56%) |   4476       2   17444   1300 |   20.20        0.00

Type     Name                                                                          # reqs      # fails |    Avg     Min     Max    Med |   req/s  failures/s
--------|----------------------------------------------------------------------------|-------|-------------|-------|-------|-------|-------|--------|-----------
POST     /api/book                                                                       1445    28(1.94%) |   5627      93   17444   6200 |   13.80        0.00
GET      /api/concerts                                                                    297     1(0.34%) |    424       2    4208     37 |    3.20        0.00
GET      /health                                                                          147     0(0.00%) |    581       2    7164     35 |    1.10        0.00
--------|----------------------------------------------------------------------------|-------|-------------|-------|-------|-------|-------|--------|-----------
         Aggregated                                                                      1889    29(1.54%) |   4416       2   17444   1100 |   18.10        0.00

Type     Name                                                                          # reqs      # fails |    Avg     Min     Max    Med |   req/s  failures/s
--------|----------------------------------------------------------------------------|-------|-------------|-------|-------|-------|-------|--------|-----------
POST     /api/book                                                                       1463    28(1.91%) |   5565      93   17444   6100 |   13.10        0.00
GET      /api/concerts                                                                    306     1(0.33%) |    418       2    4208     35 |    3.60        0.00
GET      /health                                                                          149     0(0.00%) |    573       2    7164     35 |    1.00        0.00
--------|----------------------------------------------------------------------------|-------|-------------|-------|-------|-------|-------|--------|-----------
         Aggregated                                                                      1918    29(1.51%) |   4356       2   17444   1100 |   17.70        0.00

Type     Name                                                                          # reqs      # fails |    Avg     Min     Max    Med |   req/s  failures/s
--------|----------------------------------------------------------------------------|-------|-------------|-------|-------|-------|-------|--------|-----------
POST     /api/book                                                                       1486    28(1.88%) |   5498      93   17444   5800 |   13.40        0.00
GET      /api/concerts                                                                    309     1(0.32%) |    414       2    4208     31 |    3.40        0.00
GET      /health                                                                          150     0(0.00%) |    569       2    7164     35 |    0.90        0.00
--------|----------------------------------------------------------------------------|-------|-------------|-------|-------|-------|-------|--------|-----------
         Aggregated                                                                      1945    29(1.49%) |   4310       2   17444    980 |   17.70        0.00

Type     Name                                                                          # reqs      # fails |    Avg     Min     Max    Med |   req/s  failures/s
--------|----------------------------------------------------------------------------|-------|-------------|-------|-------|-------|-------|--------|-----------
POST     /api/book                                                                       1533    28(1.83%) |   5443      93   17444   5600 |   13.60        0.00
GET      /api/concerts                                                                    313     1(0.32%) |    411       2    4208     31 |    3.20        0.00
GET      /health                                                                          153     0(0.00%) |    565       2    7164     35 |    1.10        0.00
--------|----------------------------------------------------------------------------|-------|-------------|-------|-------|-------|-------|--------|-----------
         Aggregated                                                                      1999    29(1.45%) |   4281       2   17444   1000 |   17.90        0.00

Type     Name                                                                          # reqs      # fails |    Avg     Min     Max    Med |   req/s  failures/s
--------|----------------------------------------------------------------------------|-------|-------------|-------|-------|-------|-------|--------|-----------
POST     /api/book                                                                       1556    28(1.80%) |   5369      93   17444   5300 |   13.50        0.00
GET      /api/concerts                                                                    315     1(0.32%) |    409       2    4208     31 |    3.10        0.00
GET      /health                                                                          155     0(0.00%) |    557       2    7164     35 |    1.10        0.00
--------|----------------------------------------------------------------------------|-------|-------------|-------|-------|-------|-------|--------|-----------
         Aggregated                                                                      2026    29(1.43%) |   4229       2   17444    930 |   17.70        0.00

Type     Name                                                                          # reqs      # fails |    Avg     Min     Max    Med |   req/s  failures/s
--------|----------------------------------------------------------------------------|-------|-------------|-------|-------|-------|-------|--------|-----------
POST     /api/book                                                                       1570    28(1.78%) |   5325      93   17444   5300 |   13.10        0.00
GET      /api/concerts                                                                    321     1(0.31%) |    403       2    4208     29 |    2.50        0.00
GET      /health                                                                          158     0(0.00%) |    547       2    7164     34 |    0.90        0.00
--------|----------------------------------------------------------------------------|-------|-------------|-------|-------|-------|-------|--------|-----------
         Aggregated                                                                      2049    29(1.42%) |   4185       2   17444    900 |   16.50        0.00

Type     Name                                                                          # reqs      # fails |    Avg     Min     Max    Med |   req/s  failures/s
--------|----------------------------------------------------------------------------|-------|-------------|-------|-------|-------|-------|--------|-----------
POST     /api/book                                                                       1588    28(1.76%) |   5268      93   17444   5100 |   13.00        0.00
GET      /api/concerts                                                                    323     1(0.31%) |    400       2    4208     29 |    2.20        0.00
GET      /health                                                                          162     0(0.00%) |    533       2    7164     30 |    1.10        0.00
--------|----------------------------------------------------------------------------|-------|-------------|-------|-------|-------|-------|--------|-----------
         Aggregated                                                                      2073    29(1.40%) |   4140       2   17444    850 |   16.30        0.00

Type     Name                                                                          # reqs      # fails |    Avg     Min     Max    Med |   req/s  failures/s
--------|----------------------------------------------------------------------------|-------|-------------|-------|-------|-------|-------|--------|-----------
POST     /api/book                                                                       1639    28(1.71%) |   5230      93   17444   5100 |   12.20        0.00
GET      /api/concerts                                                                    329     1(0.30%) |    393       2    4208     28 |    1.80        0.00
GET      /health                                                                          163     0(0.00%) |    530       2    7164     30 |    1.40        0.00
--------|----------------------------------------------------------------------------|-------|-------------|-------|-------|-------|-------|--------|-----------
         Aggregated                                                                      2131    29(1.36%) |   4124       2   17444    880 |   15.40        0.00

Type     Name                                                                          # reqs      # fails |    Avg     Min     Max    Med |   req/s  failures/s
--------|----------------------------------------------------------------------------|-------|-------------|-------|-------|-------|-------|--------|-----------
POST     /api/book                                                                       1663    28(1.68%) |   5158      93   17444   4900 |   12.80        0.00
GET      /api/concerts                                                                    335     1(0.30%) |    387       2    4208     28 |    1.90        0.00
GET      /health                                                                          165     0(0.00%) |    525       2    7164     30 |    1.30        0.00
--------|----------------------------------------------------------------------------|-------|-------------|-------|-------|-------|-------|--------|-----------
         Aggregated                                                                      2163    29(1.34%) |   4066       2   17444    800 |   16.00        0.00

Type     Name                                                                          # reqs      # fails |    Avg     Min     Max    Med |   req/s  failures/s
--------|----------------------------------------------------------------------------|-------|-------------|-------|-------|-------|-------|--------|-----------
POST     /api/book                                                                       1677    28(1.67%) |   5118      93   17444   4700 |   12.70        0.00
GET      /api/concerts                                                                    341     1(0.29%) |    383       2    4208     28 |    1.90        0.00
GET      /health                                                                          167     0(0.00%) |    519       2    7164     30 |    1.00        0.00
--------|----------------------------------------------------------------------------|-------|-------------|-------|-------|-------|-------|--------|-----------
         Aggregated                                                                      2185    29(1.33%) |   4028       2   17444    760 |   15.60        0.00

Type     Name                                                                          # reqs      # fails |    Avg     Min     Max    Med |   req/s  failures/s
--------|----------------------------------------------------------------------------|-------|-------------|-------|-------|-------|-------|--------|-----------
POST     /api/book                                                                       1697    28(1.65%) |   5066      93   17444   4500 |   12.80        0.00
GET      /api/concerts                                                                    344     1(0.29%) |    380       2    4208     27 |    2.40        0.00
GET      /health                                                                          169     0(0.00%) |    513       2    7164     30 |    1.20        0.00
--------|----------------------------------------------------------------------------|-------|-------------|-------|-------|-------|-------|--------|-----------
         Aggregated                                                                      2210    29(1.31%) |   3988       2   17444    740 |   16.40        0.00

Type     Name                                                                          # reqs      # fails |    Avg     Min     Max    Med |   req/s  failures/s
--------|----------------------------------------------------------------------------|-------|-------------|-------|-------|-------|-------|--------|-----------
POST     /api/book                                                                       1737    28(1.61%) |   5028      93   17444   4600 |   12.10        0.00
GET      /api/concerts                                                                    346     1(0.29%) |    378       2    4208     27 |    2.40        0.00
GET      /health                                                                          172     0(0.00%) |    539       2    7164     30 |    1.00        0.00
--------|----------------------------------------------------------------------------|-------|-------------|-------|-------|-------|-------|--------|-----------
         Aggregated                                                                      2255    29(1.29%) |   3972       2   17444    750 |   15.50        0.00

Type     Name                                                                          # reqs      # fails |    Avg     Min     Max    Med |   req/s  failures/s
--------|----------------------------------------------------------------------------|-------|-------------|-------|-------|-------|-------|--------|-----------
POST     /api/book                                                                       1763    28(1.59%) |   4980      93   17444   4400 |   13.40        0.00
GET      /api/concerts                                                                    354     1(0.28%) |    369       2    4208     26 |    2.40        0.00
GET      /health                                                                          177     0(0.00%) |    526       2    7164     30 |    1.00        0.00
--------|----------------------------------------------------------------------------|-------|-------------|-------|-------|-------|-------|--------|-----------
         Aggregated                                                                      2294    29(1.26%) |   3925       2   17444    720 |   16.80        0.00

Type     Name                                                                          # reqs      # fails |    Avg     Min     Max    Med |   req/s  failures/s
--------|----------------------------------------------------------------------------|-------|-------------|-------|-------|-------|-------|--------|-----------
POST     /api/book                                                                       1786    28(1.57%) |   4924      93   17444   4100 |   14.90        0.00
GET      /api/concerts                                                                    360     1(0.28%) |    365       2    4208     27 |    2.60        0.00
GET      /health                                                                          180     0(0.00%) |    518       2    7164     29 |    1.20        0.00
--------|----------------------------------------------------------------------------|-------|-------------|-------|-------|-------|-------|--------|-----------
         Aggregated                                                                      2326    29(1.25%) |   3878       2   17444    700 |   18.70        0.00

Type     Name                                                                          # reqs      # fails |    Avg     Min     Max    Med |   req/s  failures/s
--------|----------------------------------------------------------------------------|-------|-------------|-------|-------|-------|-------|--------|-----------
POST     /api/book                                                                       1807    28(1.55%) |   4875      93   17444   3700 |   12.70        0.00
GET      /api/concerts                                                                    363     1(0.28%) |    362       2    4208     27 |    2.80        0.00
GET      /health                                                                          181     0(0.00%) |    515       2    7164     29 |    1.50        0.00
--------|----------------------------------------------------------------------------|-------|-------------|-------|-------|-------|-------|--------|-----------
         Aggregated                                                                      2351    29(1.23%) |   3843       2   17444    690 |   17.00        0.00

Type     Name                                                                          # reqs      # fails |    Avg     Min     Max    Med |   req/s  failures/s
--------|----------------------------------------------------------------------------|-------|-------------|-------|-------|-------|-------|--------|-----------
POST     /api/book                                                                       1846    28(1.52%) |   4837      93   17444   3800 |   12.30        0.00
GET      /api/concerts                                                                    368     1(0.27%) |    357       2    4208     26 |    2.30        0.00
GET      /health                                                                          182     0(0.00%) |    526       2    7164     29 |    1.40        0.00
--------|----------------------------------------------------------------------------|-------|-------------|-------|-------|-------|-------|--------|-----------
         Aggregated                                                                      2396    29(1.21%) |   3822       2   17444    690 |   16.00        0.00

Type     Name                                                                          # reqs      # fails |    Avg     Min     Max    Med |   req/s  failures/s
--------|----------------------------------------------------------------------------|-------|-------------|-------|-------|-------|-------|--------|-----------
POST     /api/book                                                                       1873    28(1.49%) |   4788      93   17444   3500 |   15.50        0.00
GET      /api/concerts                                                                    377     1(0.27%) |    349       2    4208     24 |    2.40        0.00
GET      /health                                                                          185     0(0.00%) |    521       2    7164     29 |    1.40        0.00
--------|----------------------------------------------------------------------------|-------|-------------|-------|-------|-------|-------|--------|-----------
         Aggregated                                                                      2435    29(1.19%) |   3777       2   17444    670 |   19.30        0.00

Type     Name                                                                          # reqs      # fails |    Avg     Min     Max    Med |   req/s  failures/s
--------|----------------------------------------------------------------------------|-------|-------------|-------|-------|-------|-------|--------|-----------
POST     /api/book                                                                       1891    28(1.48%) |   4745      93   17444   3300 |   15.20        0.00
GET      /api/concerts                                                                    380     1(0.26%) |    346       2    4208     24 |    2.80        0.00
GET      /health                                                                          186     0(0.00%) |    518       2    7164     27 |    1.20        0.00
--------|----------------------------------------------------------------------------|-------|-------------|-------|-------|-------|-------|--------|-----------
         Aggregated                                                                      2457    29(1.18%) |   3745       2   17444    650 |   19.20        0.00

Type     Name                                                                          # reqs      # fails |    Avg     Min     Max    Med |   req/s  failures/s
--------|----------------------------------------------------------------------------|-------|-------------|-------|-------|-------|-------|--------|-----------
POST     /api/book                                                                       1925    28(1.45%) |   4704      93   17444   3300 |   13.00        0.00
GET      /api/concerts                                                                    387     1(0.26%) |    355       2    4208     24 |    2.50        0.00
GET      /health                                                                          187     0(0.00%) |    529       2    7164     29 |    1.10        0.00
--------|----------------------------------------------------------------------------|-------|-------------|-------|-------|-------|-------|--------|-----------
         Aggregated                                                                      2499    29(1.16%) |   3718       2   17444    650 |   16.60        0.00

Type     Name                                                                          # reqs      # fails |    Avg     Min     Max    Med |   req/s  failures/s
--------|----------------------------------------------------------------------------|-------|-------------|-------|-------|-------|-------|--------|-----------
POST     /api/book                                                                       1943    28(1.44%) |   4664      93   17444   3000 |   12.50        0.00
GET      /api/concerts                                                                    392     1(0.26%) |    350       2    4208     23 |    2.70        0.00
GET      /health                                                                          189     0(0.00%) |    524       2    7164     27 |    0.90        0.00
--------|----------------------------------------------------------------------------|-------|-------------|-------|-------|-------|-------|--------|-----------
         Aggregated                                                                      2524    29(1.15%) |   3684       2   17444    630 |   16.10        0.00

Type     Name                                                                          # reqs      # fails |    Avg     Min     Max    Med |   req/s  failures/s
--------|----------------------------------------------------------------------------|-------|-------------|-------|-------|-------|-------|--------|-----------
POST     /api/book                                                                       1977    28(1.42%) |   4635      93   17444   3000 |   14.10        0.00
GET      /api/concerts                                                                    395     1(0.25%) |    348       2    4208     23 |    3.00        0.00
GET      /health                                                                          192     0(0.00%) |    532       2    7164     27 |    0.70        0.00
--------|----------------------------------------------------------------------------|-------|-------------|-------|-------|-------|-------|--------|-----------
         Aggregated                                                                      2564    29(1.13%) |   3667       2   17444    650 |   17.80        0.00

Type     Name                                                                          # reqs      # fails |    Avg     Min     Max    Med |   req/s  failures/s
--------|----------------------------------------------------------------------------|-------|-------------|-------|-------|-------|-------|--------|-----------
POST     /api/book                                                                       1995    28(1.40%) |   4595      93   17444   2800 |   12.50        0.00
GET      /api/concerts                                                                    406     1(0.25%) |    339       2    4208     21 |    2.80        0.00
GET      /health                                                                          196     0(0.00%) |    522       2    7164     25 |    0.90        0.00
--------|----------------------------------------------------------------------------|-------|-------------|-------|-------|-------|-------|--------|-----------
         Aggregated                                                                      2597    29(1.12%) |   3622       2   17444    620 |   16.20        0.00

Type     Name                                                                          # reqs      # fails |    Avg     Min     Max    Med |   req/s  failures/s
--------|----------------------------------------------------------------------------|-------|-------------|-------|-------|-------|-------|--------|-----------
POST     /api/book                                                                       2012    28(1.39%) |   4558      93   17444   2500 |   12.50        0.00
GET      /api/concerts                                                                    410     1(0.24%) |    336       2    4208     21 |    2.90        0.00
GET      /health                                                                          198     0(0.00%) |    517       2    7164     24 |    1.10        0.00
--------|----------------------------------------------------------------------------|-------|-------------|-------|-------|-------|-------|--------|-----------
         Aggregated                                                                      2620    29(1.11%) |   3592       2   17444    580 |   16.50        0.00

Type     Name                                                                          # reqs      # fails |    Avg     Min     Max    Med |   req/s  failures/s
--------|----------------------------------------------------------------------------|-------|-------------|-------|-------|-------|-------|--------|-----------
POST     /api/book                                                                       2058    28(1.36%) |   4527      93   17444   2600 |   12.10        0.00
GET      /api/concerts                                                                    417     1(0.24%) |    333       2    4208     21 |    3.00        0.00
GET      /health                                                                          199     0(0.00%) |    514       2    7164     24 |    1.20        0.00
--------|----------------------------------------------------------------------------|-------|-------------|-------|-------|-------|-------|--------|-----------
         Aggregated                                                                      2674    29(1.08%) |   3574       2   17444    590 |   16.30        0.00

Type     Name                                                                          # reqs      # fails |    Avg     Min     Max    Med |   req/s  failures/s
--------|----------------------------------------------------------------------------|-------|-------------|-------|-------|-------|-------|--------|-----------
POST     /api/book                                                                       2087    28(1.34%) |   4480      93   17444   2400 |   14.50        0.00
GET      /api/concerts                                                                    423     1(0.24%) |    332       2    4208     21 |    2.80        0.00
GET      /health                                                                          201     0(0.00%) |    509       2    7164     24 |    1.10        0.00
--------|----------------------------------------------------------------------------|-------|-------------|-------|-------|-------|-------|--------|-----------
         Aggregated                                                                      2711    29(1.07%) |   3538       2   17444    560 |   18.40        0.00

Type     Name                                                                          # reqs      # fails |    Avg     Min     Max    Med |   req/s  failures/s
--------|----------------------------------------------------------------------------|-------|-------------|-------|-------|-------|-------|--------|-----------
POST     /api/book                                                                       2109    28(1.33%) |   4439      93   17444   2000 |   14.30        0.00
GET      /api/concerts                                                                    429     1(0.23%) |    328       2    4208     21 |    3.00        0.00
GET      /health                                                                          205     0(0.00%) |    499       2    7164     24 |    1.40        0.00
--------|----------------------------------------------------------------------------|-------|-------------|-------|-------|-------|-------|--------|-----------
         Aggregated                                                                      2743    29(1.06%) |   3502       2   17444    540 |   18.70        0.00

Type     Name                                                                          # reqs      # fails |    Avg     Min     Max    Med |   req/s  failures/s
--------|----------------------------------------------------------------------------|-------|-------------|-------|-------|-------|-------|--------|-----------
POST     /api/book                                                                       2126    28(1.32%) |   4406      93   17444   1800 |   13.50        0.00
GET      /api/concerts                                                                    431     1(0.23%) |    327       2    4208     21 |    3.40        0.00
GET      /health                                                                          208     0(0.00%) |    492       2    7164     23 |    1.30        0.00
--------|----------------------------------------------------------------------------|-------|-------------|-------|-------|-------|-------|--------|-----------
         Aggregated                                                                      2765    29(1.05%) |   3476       2   17444    520 |   18.20        0.00

Type     Name                                                                          # reqs      # fails |    Avg     Min     Max    Med |   req/s  failures/s
--------|----------------------------------------------------------------------------|-------|-------------|-------|-------|-------|-------|--------|-----------
POST     /api/book                                                                       2156    28(1.30%) |   4371      93   17444   1700 |   13.10        0.00
GET      /api/concerts                                                                    435     1(0.23%) |    324       2    4208     21 |    2.80        0.00
GET      /health                                                                          210     0(0.00%) |    488       2    7164     20 |    1.30        0.00
--------|----------------------------------------------------------------------------|-------|-------------|-------|-------|-------|-------|--------|-----------
         Aggregated                                                                      2801    29(1.04%) |   3452       2   17444    510 |   17.20        0.00

Type     Name                                                                          # reqs      # fails |    Avg     Min     Max    Med |   req/s  failures/s
--------|----------------------------------------------------------------------------|-------|-------------|-------|-------|-------|-------|--------|-----------
POST     /api/book                                                                       2202    28(1.27%) |   4346      93   17444   1700 |   13.90        0.00
GET      /api/concerts                                                                    440     1(0.23%) |    320       2    4208     21 |    2.60        0.00
GET      /health                                                                          211     0(0.00%) |    486       2    7164     23 |    1.20        0.00
--------|----------------------------------------------------------------------------|-------|-------------|-------|-------|-------|-------|--------|-----------
         Aggregated                                                                      2853    29(1.02%) |   3440       2   17444    510 |   17.70        0.00

Type     Name                                                                          # reqs      # fails |    Avg     Min     Max    Med |   req/s  failures/s
--------|----------------------------------------------------------------------------|-------|-------------|-------|-------|-------|-------|--------|-----------
POST     /api/book                                                                       2223    28(1.26%) |   4310      93   17444   1500 |   14.60        0.00
GET      /api/concerts                                                                    449     1(0.22%) |    314       2    4208     21 |    2.40        0.00
GET      /health                                                                          216     0(0.00%) |    475       2    7164     19 |    1.30        0.00
--------|----------------------------------------------------------------------------|-------|-------------|-------|-------|-------|-------|--------|-----------
         Aggregated                                                                      2888    29(1.00%) |   3402       2   17444    500 |   18.30        0.00

Type     Name                                                                          # reqs      # fails |    Avg     Min     Max    Med |   req/s  failures/s
--------|----------------------------------------------------------------------------|-------|-------------|-------|-------|-------|-------|--------|-----------
POST     /api/book                                                                       2239    28(1.25%) |   4282      92   17444   1500 |   14.00        0.00
GET      /api/concerts                                                                    459     1(0.22%) |    319       2    4208     19 |    2.50        0.00
GET      /health                                                                          220     0(0.00%) |    482       2    7164     19 |    1.40        0.00
--------|----------------------------------------------------------------------------|-------|-------------|-------|-------|-------|-------|--------|-----------
         Aggregated                                                                      2918    29(0.99%) |   3372       2   17444    500 |   17.90        0.00

Type     Name                                                                          # reqs      # fails |    Avg     Min     Max    Med |   req/s  failures/s
--------|----------------------------------------------------------------------------|-------|-------------|-------|-------|-------|-------|--------|-----------
POST     /api/book                                                                       2273    28(1.23%) |   4249      92   17444   1400 |   12.90        0.00
GET      /api/concerts                                                                    463     1(0.22%) |    316       2    4208     19 |    2.90        0.00
GET      /health                                                                          222     0(0.00%) |    485       2    7164     19 |    1.60        0.00
--------|----------------------------------------------------------------------------|-------|-------------|-------|-------|-------|-------|--------|-----------
         Aggregated                                                                      2958    29(0.98%) |   3351       2   17444    500 |   17.40        0.00

Type     Name                                                                          # reqs      # fails |    Avg     Min     Max    Med |   req/s  failures/s
--------|----------------------------------------------------------------------------|-------|-------------|-------|-------|-------|-------|--------|-----------
POST     /api/book                                                                       2311    28(1.21%) |   4217      92   17444   1400 |   13.10        0.00
GET      /api/concerts                                                                    468     1(0.21%) |    313       2    4208     19 |    3.10        0.00
GET      /health                                                                          226     0(0.00%) |    477       2    7164     18 |    1.30        0.00
--------|----------------------------------------------------------------------------|-------|-------------|-------|-------|-------|-------|--------|-----------
         Aggregated                                                                      3005    29(0.97%) |   3328       2   17444    500 |   17.50        0.00

Type     Name                                                                          # reqs      # fails |    Avg     Min     Max    Med |   req/s  failures/s
--------|----------------------------------------------------------------------------|-------|-------------|-------|-------|-------|-------|--------|-----------
POST     /api/book                                                                       2333    28(1.20%) |   4180      92   17444   1300 |   15.50        0.00
GET      /api/concerts                                                                    479     1(0.21%) |    307       2    4208     19 |    3.10        0.00
GET      /health                                                                          226     0(0.00%) |    477       2    7164     18 |    1.30        0.00
--------|----------------------------------------------------------------------------|-------|-------------|-------|-------|-------|-------|--------|-----------
         Aggregated                                                                      3038    29(0.95%) |   3294       2   17444    490 |   19.90        0.00

Type     Name                                                                          # reqs      # fails |    Avg     Min     Max    Med |   req/s  failures/s
--------|----------------------------------------------------------------------------|-------|-------------|-------|-------|-------|-------|--------|-----------
POST     /api/book                                                                       2357    28(1.19%) |   4149      92   17444   1300 |   13.00        0.00
GET      /api/concerts                                                                    482     1(0.21%) |    305       2    4208     19 |    3.70        0.00
GET      /health                                                                          231     0(0.00%) |    490       2    7164     20 |    1.50        0.00
--------|----------------------------------------------------------------------------|-------|-------------|-------|-------|-------|-------|--------|-----------
         Aggregated                                                                      3070    29(0.94%) |   3270       2   17444    480 |   18.20        0.00

Type     Name                                                                          # reqs      # fails |    Avg     Min     Max    Med |   req/s  failures/s
--------|----------------------------------------------------------------------------|-------|-------------|-------|-------|-------|-------|--------|-----------
POST     /api/book                                                                       2384    28(1.17%) |   4122      92   17444   1200 |   12.20        0.00
GET      /api/concerts                                                                    491     1(0.20%) |    300       2    4208     17 |    3.50        0.00
GET      /health                                                                          231     0(0.00%) |    490       2    7164     20 |    1.40        0.00
--------|----------------------------------------------------------------------------|-------|-------------|-------|-------|-------|-------|--------|-----------
         Aggregated                                                                      3106    29(0.93%) |   3248       2   17444    480 |   17.10        0.00

Type     Name                                                                          # reqs      # fails |    Avg     Min     Max    Med |   req/s  failures/s
--------|----------------------------------------------------------------------------|-------|-------------|-------|-------|-------|-------|--------|-----------
POST     /api/book                                                                       2423    28(1.16%) |   4090      92   17444   1200 |   14.70        0.00
GET      /api/concerts                                                                    496     1(0.20%) |    300       2    4208     17 |    3.20        0.00
GET      /health                                                                          233     0(0.00%) |    495       2    7164     23 |    1.10        0.00
--------|----------------------------------------------------------------------------|-------|-------------|-------|-------|-------|-------|--------|-----------
         Aggregated                                                                      3152    29(0.92%) |   3228       2   17444    480 |   19.00        0.00

Type     Name                                                                          # reqs      # fails |    Avg     Min     Max    Med |   req/s  failures/s
--------|----------------------------------------------------------------------------|-------|-------------|-------|-------|-------|-------|--------|-----------
POST     /api/book                                                                       2444    28(1.15%) |   4057      92   17444   1100 |   16.20        0.00
GET      /api/concerts                                                                    498     1(0.20%) |    299       2    4208     17 |    3.30        0.00
GET      /health                                                                          235     0(0.00%) |    491       2    7164     20 |    1.20        0.00
--------|----------------------------------------------------------------------------|-------|-------------|-------|-------|-------|-------|--------|-----------
         Aggregated                                                                      3177    29(0.91%) |   3204       2   17444    470 |   20.70        0.00

Type     Name                                                                          # reqs      # fails |    Avg     Min     Max    Med |   req/s  failures/s
--------|----------------------------------------------------------------------------|-------|-------------|-------|-------|-------|-------|--------|-----------
POST     /api/book                                                                       2480    28(1.13%) |   4034      92   17444   1100 |   13.40        0.00
GET      /api/concerts                                                                    503     1(0.20%) |    296       2    4208     17 |    3.20        0.00
GET      /health                                                                          236     0(0.00%) |    489       2    7164     19 |    1.10        0.00
--------|----------------------------------------------------------------------------|-------|-------------|-------|-------|-------|-------|--------|-----------
         Aggregated                                                                      3219    29(0.90%) |   3190       2   17444    480 |   17.70        0.00

Type     Name                                                                          # reqs      # fails |    Avg     Min     Max    Med |   req/s  failures/s
--------|----------------------------------------------------------------------------|-------|-------------|-------|-------|-------|-------|--------|-----------
POST     /api/book                                                                       2500    28(1.12%) |   4004      92   17444   1000 |   14.70        0.00
GET      /api/concerts                                                                    507     1(0.20%) |    294       2    4208     17 |    2.60        0.00
GET      /health                                                                          239     0(0.00%) |    483       2    7164     19 |    1.00        0.00
--------|----------------------------------------------------------------------------|-------|-------------|-------|-------|-------|-------|--------|-----------
         Aggregated                                                                      3246    29(0.89%) |   3165       2   17444    470 |   18.30        0.00

Type     Name                                                                          # reqs      # fails |    Avg     Min     Max    Med |   req/s  failures/s
--------|----------------------------------------------------------------------------|-------|-------------|-------|-------|-------|-------|--------|-----------
POST     /api/book                                                                       2519    28(1.11%) |   3976      92   17444   1000 |   14.90        0.00
GET      /api/concerts                                                                    508     1(0.20%) |    297       2    4208     17 |    2.40        0.00
GET      /health                                                                          242     0(0.00%) |    485       2    7164     19 |    0.90        0.00
--------|----------------------------------------------------------------------------|-------|-------------|-------|-------|-------|-------|--------|-----------
         Aggregated                                                                      3269    29(0.89%) |   3146       2   17444    470 |   18.20        0.00

Type     Name                                                                          # reqs      # fails |    Avg     Min     Max    Med |   req/s  failures/s
--------|----------------------------------------------------------------------------|-------|-------------|-------|-------|-------|-------|--------|-----------
POST     /api/book                                                                       2570    28(1.09%) |   3970      92   17444   1000 |   13.80        0.00
GET      /api/concerts                                                                    511     1(0.20%) |    296       2    4208     17 |    1.70        0.00
GET      /health                                                                          242     0(0.00%) |    485       2    7164     19 |    1.00        0.00
--------|----------------------------------------------------------------------------|-------|-------------|-------|-------|-------|-------|--------|-----------
         Aggregated                                                                      3323    29(0.87%) |   3151       2   17444    470 |   16.50        0.00

Type     Name                                                                          # reqs      # fails |    Avg     Min     Max    Med |   req/s  failures/s
--------|----------------------------------------------------------------------------|-------|-------------|-------|-------|-------|-------|--------|-----------
POST     /api/book                                                                       2596    28(1.08%) |   3936      92   17444    980 |   12.10        0.00
GET      /api/concerts                                                                    520     1(0.19%) |    291       2    4208     17 |    1.60        0.00
GET      /health                                                                          243     0(0.00%) |    483       2    7164     20 |    0.90        0.00
--------|----------------------------------------------------------------------------|-------|-------------|-------|-------|-------|-------|--------|-----------
         Aggregated                                                                      3359    29(0.86%) |   3122       2   17444    460 |   14.60        0.00

Type     Name                                                                          # reqs      # fails |    Avg     Min     Max    Med |   req/s  failures/s
--------|----------------------------------------------------------------------------|-------|-------------|-------|-------|-------|-------|--------|-----------
POST     /api/book                                                                       2622    28(1.07%) |   3905      92   17444    970 |   15.50        0.00
GET      /api/concerts                                                                    531     1(0.19%) |    290       2    4208     17 |    2.20        0.00
GET      /health                                                                          247     0(0.00%) |    480       2    7164     20 |    0.90        0.00
--------|----------------------------------------------------------------------------|-------|-------------|-------|-------|-------|-------|--------|-----------
         Aggregated                                                                      3400    29(0.85%) |   3092       2   17444    460 |   18.60        0.00

Type     Name                                                                          # reqs      # fails |    Avg     Min     Max    Med |   req/s  failures/s
--------|----------------------------------------------------------------------------|-------|-------------|-------|-------|-------|-------|--------|-----------
POST     /api/book                                                                       2639    28(1.06%) |   3883      92   17444    930 |   13.70        0.00
GET      /api/concerts                                                                    541     1(0.18%) |    287       2    4208     17 |    2.80        0.00
GET      /health                                                                          247     0(0.00%) |    480       2    7164     20 |    1.10        0.00
--------|----------------------------------------------------------------------------|-------|-------------|-------|-------|-------|-------|--------|-----------
         Aggregated                                                                      3427    29(0.85%) |   3070       2   17444    450 |   17.60        0.00

Type     Name                                                                          # reqs      # fails |    Avg     Min     Max    Med |   req/s  failures/s
--------|----------------------------------------------------------------------------|-------|-------------|-------|-------|-------|-------|--------|-----------
POST     /api/book                                                                       2657    28(1.05%) |   3860      92   17444    900 |   13.80        0.00
GET      /api/concerts                                                                    546     1(0.18%) |    284       2    4208     16 |    3.40        0.00
GET      /health                                                                          247     0(0.00%) |    480       2    7164     20 |    0.90        0.00
--------|----------------------------------------------------------------------------|-------|-------------|-------|-------|-------|-------|--------|-----------
         Aggregated                                                                      3450    29(0.84%) |   3052       2   17444    440 |   18.10        0.00

Type     Name                                                                          # reqs      # fails |    Avg     Min     Max    Med |   req/s  failures/s
--------|----------------------------------------------------------------------------|-------|-------------|-------|-------|-------|-------|--------|-----------
POST     /api/book                                                                       2703    28(1.04%) |   3854      92   17444    920 |   13.50        0.00
GET      /api/concerts                                                                    551     1(0.18%) |    285       2    4208     16 |    3.80        0.00
GET      /health                                                                          247     0(0.00%) |    480       2    7164     20 |    0.60        0.00
--------|----------------------------------------------------------------------------|-------|-------------|-------|-------|-------|-------|--------|-----------
         Aggregated                                                                      3501    29(0.83%) |   3054       2   17444    450 |   17.90        0.00

Type     Name                                                                          # reqs      # fails |    Avg     Min     Max    Med |   req/s  failures/s
--------|----------------------------------------------------------------------------|-------|-------------|-------|-------|-------|-------|--------|-----------
POST     /api/book                                                                       2728    28(1.03%) |   3824      92   17444    890 |   15.90        0.00
GET      /api/concerts                                                                    553     1(0.18%) |    284       2    4208     15 |    4.00        0.00
GET      /health                                                                          251     0(0.00%) |    473       2    7164     19 |    0.50        0.00
--------|----------------------------------------------------------------------------|-------|-------------|-------|-------|-------|-------|--------|-----------
         Aggregated                                                                      3532    29(0.82%) |   3032       2   17444    440 |   20.40        0.00

Type     Name                                                                          # reqs      # fails |    Avg     Min     Max    Med |   req/s  failures/s
--------|----------------------------------------------------------------------------|-------|-------------|-------|-------|-------|-------|--------|-----------
POST     /api/book                                                                       2748    28(1.02%) |   3800      92   17444    860 |   13.20        0.00
GET      /api/concerts                                                                    556     1(0.18%) |    285       2    4208     15 |    3.40        0.00
GET      /health                                                                          257     0(0.00%) |    472       2    7164     20 |    0.80        0.00
--------|----------------------------------------------------------------------------|-------|-------------|-------|-------|-------|-------|--------|-----------
         Aggregated                                                                      3561    29(0.81%) |   3011       2   17444    440 |   17.40        0.00

Type     Name                                                                          # reqs      # fails |    Avg     Min     Max    Med |   req/s  failures/s
--------|----------------------------------------------------------------------------|-------|-------------|-------|-------|-------|-------|--------|-----------
POST     /api/book                                                                       2764    28(1.01%) |   3780      92   17444    820 |   13.00        0.00
GET      /api/concerts                                                                    559     1(0.18%) |    283       2    4208     14 |    2.60        0.00
GET      /health                                                                          258     0(0.00%) |    470       2    7164     19 |    0.90        0.00
--------|----------------------------------------------------------------------------|-------|-------------|-------|-------|-------|-------|--------|-----------
         Aggregated                                                                      3581    29(0.81%) |   2996       2   17444    430 |   16.50        0.00

Type     Name                                                                          # reqs      # fails |    Avg     Min     Max    Med |   req/s  failures/s
--------|----------------------------------------------------------------------------|-------|-------------|-------|-------|-------|-------|--------|-----------
POST     /api/book                                                                       2806    28(1.00%) |   3787      92   17444    880 |   12.60        0.00
GET      /api/concerts                                                                    560     1(0.18%) |    283       2    4208     14 |    1.90        0.00
GET      /health                                                                          259     0(0.00%) |    468       2    7164     19 |    1.10        0.00
--------|----------------------------------------------------------------------------|-------|-------------|-------|-------|-------|-------|--------|-----------
         Aggregated                                                                      3625    29(0.80%) |   3008       2   17444    450 |   15.60        0.00

Type     Name                                                                          # reqs      # fails |    Avg     Min     Max    Med |   req/s  failures/s
--------|----------------------------------------------------------------------------|-------|-------------|-------|-------|-------|-------|--------|-----------
POST     /api/book                                                                       2830    28(0.99%) |   3763      92   17444    870 |   14.90        0.00
GET      /api/concerts                                                                    563     1(0.18%) |    281       2    4208     14 |    1.50        0.00
GET      /health                                                                          261     0(0.00%) |    467       2    7164     19 |    1.20        0.00
--------|----------------------------------------------------------------------------|-------|-------------|-------|-------|-------|-------|--------|-----------
         Aggregated                                                                      3654    29(0.79%) |   2991       2   17444    440 |   17.60        0.00

Type     Name                                                                          # reqs      # fails |    Avg     Min     Max    Med |   req/s  failures/s
--------|----------------------------------------------------------------------------|-------|-------------|-------|-------|-------|-------|--------|-----------
POST     /api/book                                                                       2854    28(0.98%) |   3743      92   17444    840 |   12.70        0.00
GET      /api/concerts                                                                    573     1(0.17%) |    279       2    4208     14 |    1.00        0.00
GET      /health                                                                          265     0(0.00%) |    462       2    7164     18 |    1.30        0.00
--------|----------------------------------------------------------------------------|-------|-------------|-------|-------|-------|-------|--------|-----------
         Aggregated                                                                      3692    29(0.79%) |   2970       2   17444    430 |   15.00        0.00

Type     Name                                                                          # reqs      # fails |    Avg     Min     Max    Med |   req/s  failures/s
--------|----------------------------------------------------------------------------|-------|-------------|-------|-------|-------|-------|--------|-----------
POST     /api/book                                                                       2872    28(0.97%) |   3724      92   17444    800 |   12.50        0.00
GET      /api/concerts                                                                    578     1(0.17%) |    276       2    4208     13 |    1.70        0.00
GET      /health                                                                          267     0(0.00%) |    461       2    7164     18 |    1.30        0.00
--------|----------------------------------------------------------------------------|-------|-------------|-------|-------|-------|-------|--------|-----------
         Aggregated                                                                      3717    29(0.78%) |   2954       2   17444    430 |   15.50        0.00

Type     Name                                                                          # reqs      # fails |    Avg     Min     Max    Med |   req/s  failures/s
--------|----------------------------------------------------------------------------|-------|-------------|-------|-------|-------|-------|--------|-----------
POST     /api/book                                                                       2914    28(0.96%) |   3724      92   17444    840 |   12.60        0.00
GET      /api/concerts                                                                    583     1(0.17%) |    275       2    4208     13 |    2.00        0.00
GET      /health                                                                          269     0(0.00%) |    457       2    7164     17 |    1.10        0.00
--------|----------------------------------------------------------------------------|-------|-------------|-------|-------|-------|-------|--------|-----------
         Aggregated                                                                      3766    29(0.77%) |   2957       2   17444    440 |   15.70        0.00

Type     Name                                                                          # reqs      # fails |    Avg     Min     Max    Med |   req/s  failures/s
--------|----------------------------------------------------------------------------|-------|-------------|-------|-------|-------|-------|--------|-----------
POST     /api/book                                                                       2941    28(0.95%) |   3697      92   17444    800 |   14.20        0.00
GET      /api/concerts                                                                    592     1(0.17%) |    271       2    4208     13 |    2.20        0.00
GET      /health                                                                          276     0(0.00%) |    447       2    7164     18 |    1.00        0.00
--------|----------------------------------------------------------------------------|-------|-------------|-------|-------|-------|-------|--------|-----------
         Aggregated                                                                      3809    29(0.76%) |   2929       2   17444    430 |   17.40        0.00

Type     Name                                                                          # reqs      # fails |    Avg     Min     Max    Med |   req/s  failures/s
--------|----------------------------------------------------------------------------|-------|-------------|-------|-------|-------|-------|--------|-----------
POST     /api/book                                                                       2958    28(0.95%) |   3678      92   17444    780 |   13.70        0.00
GET      /api/concerts                                                                    601     1(0.17%) |    268       2    4208     13 |    2.90        0.00
GET      /health                                                                          277     0(0.00%) |    446       2    7164     19 |    1.30        0.00
--------|----------------------------------------------------------------------------|-------|-------------|-------|-------|-------|-------|--------|-----------
         Aggregated                                                                      3836    29(0.76%) |   2910       2   17444    430 |   17.90        0.00

Type     Name                                                                          # reqs      # fails |    Avg     Min     Max    Med |   req/s  failures/s
--------|----------------------------------------------------------------------------|-------|-------------|-------|-------|-------|-------|--------|-----------
POST     /api/book                                                                       2976    28(0.94%) |   3657      92   17444    750 |   13.00        0.00
GET      /api/concerts                                                                    605     1(0.17%) |    266       2    4208     12 |    3.80        0.00
GET      /health                                                                          280     0(0.00%) |    441       2    7164     17 |    1.70        0.00
--------|----------------------------------------------------------------------------|-------|-------------|-------|-------|-------|-------|--------|-----------
         Aggregated                                                                      3861    29(0.75%) |   2892       2   17444    420 |   18.50        0.00

Type     Name                                                                          # reqs      # fails |    Avg     Min     Max    Med |   req/s  failures/s
--------|----------------------------------------------------------------------------|-------|-------------|-------|-------|-------|-------|--------|-----------
POST     /api/book                                                                       3019    28(0.93%) |   3655      92   17444    770 |   12.30        0.00
GET      /api/concerts                                                                    612     1(0.16%) |    272       2    4208     12 |    3.30        0.00
GET      /health                                                                          281     0(0.00%) |    439       2    7164     18 |    1.50        0.00
--------|----------------------------------------------------------------------------|-------|-------------|-------|-------|-------|-------|--------|-----------
         Aggregated                                                                      3912    29(0.74%) |   2895       2   17444    430 |   17.10        0.00

Type     Name                                                                          # reqs      # fails |    Avg     Min     Max    Med |   req/s  failures/s
--------|----------------------------------------------------------------------------|-------|-------------|-------|-------|-------|-------|--------|-----------
POST     /api/book                                                                       3045    28(0.92%) |   3630      92   17444    760 |   12.60        0.00
GET      /api/concerts                                                                    621     1(0.16%) |    268       2    4208     12 |    3.60        0.00
GET      /health                                                                          285     0(0.00%) |    434       2    7164     18 |    1.40        0.00
--------|----------------------------------------------------------------------------|-------|-------------|-------|-------|-------|-------|--------|-----------
         Aggregated                                                                      3951    29(0.73%) |   2871       2   17444    420 |   17.60        0.00

Type     Name                                                                          # reqs      # fails |    Avg     Min     Max    Med |   req/s  failures/s
--------|----------------------------------------------------------------------------|-------|-------------|-------|-------|-------|-------|--------|-----------
POST     /api/book                                                                       3059    28(0.92%) |   3616      92   17444    750 |   14.30        0.00
GET      /api/concerts                                                                    634     1(0.16%) |    267       2    4208     12 |    3.70        0.00
GET      /health                                                                          288     0(0.00%) |    431       2    7164     17 |    1.50        0.00
--------|----------------------------------------------------------------------------|-------|-------------|-------|-------|-------|-------|--------|-----------
         Aggregated                                                                      3981    29(0.73%) |   2852       2   17444    420 |   19.50        0.00

Type     Name                                                                          # reqs      # fails |    Avg     Min     Max    Med |   req/s  failures/s
--------|----------------------------------------------------------------------------|-------|-------------|-------|-------|-------|-------|--------|-----------
POST     /api/book                                                                       3081    28(0.91%) |   3593      92   17444    740 |   11.80        0.00
GET      /api/concerts                                                                    635     1(0.16%) |    266       2    4208     12 |    4.40        0.00
GET      /health                                                                          289     0(0.00%) |    430       2    7164     17 |    1.60        0.00
--------|----------------------------------------------------------------------------|-------|-------------|-------|-------|-------|-------|--------|-----------
         Aggregated                                                                      4005    29(0.72%) |   2838       2   17444    420 |   17.80        0.00

Type     Name                                                                          # reqs      # fails |    Avg     Min     Max    Med |   req/s  failures/s
--------|----------------------------------------------------------------------------|-------|-------------|-------|-------|-------|-------|--------|-----------
POST     /api/book                                                                       3124    28(0.90%) |   3574      92   17444    740 |   12.20        0.00
GET      /api/concerts                                                                    641     1(0.16%) |    270       2    4208     12 |    3.50        0.00
GET      /health                                                                          295     0(0.00%) |    427       2    7164     14 |    1.10        0.00
--------|----------------------------------------------------------------------------|-------|-------------|-------|-------|-------|-------|--------|-----------
         Aggregated                                                                      4060    29(0.71%) |   2823       2   17444    420 |   16.80        0.00

Type     Name                                                                          # reqs      # fails |    Avg     Min     Max    Med |   req/s  failures/s
--------|----------------------------------------------------------------------------|-------|-------------|-------|-------|-------|-------|--------|-----------
POST     /api/book                                                                       3140    28(0.89%) |   3557      92   17444    720 |   14.70        0.00
GET      /api/concerts                                                                    644     1(0.16%) |    269       2    4208     12 |    3.70        0.00
GET      /health                                                                          295     0(0.00%) |    427       2    7164     14 |    1.30        0.00
--------|----------------------------------------------------------------------------|-------|-------------|-------|-------|-------|-------|--------|-----------
         Aggregated                                                                      4079    29(0.71%) |   2811       2   17444    420 |   19.70        0.00

Type     Name                                                                          # reqs      # fails |    Avg     Min     Max    Med |   req/s  failures/s
--------|----------------------------------------------------------------------------|-------|-------------|-------|-------|-------|-------|--------|-----------
POST     /api/book                                                                       3174    28(0.88%) |   3537      92   17444    720 |   14.10        0.00
GET      /api/concerts                                                                    648     1(0.15%) |    269       2    4208     12 |    3.20        0.00
GET      /health                                                                          299     0(0.00%) |    426       2    7164     13 |    1.40        0.00
--------|----------------------------------------------------------------------------|-------|-------------|-------|-------|-------|-------|--------|-----------
         Aggregated                                                                      4121    29(0.70%) |   2797       2   17444    420 |   18.70        0.00

Type     Name                                                                          # reqs      # fails |    Avg     Min     Max    Med |   req/s  failures/s
--------|----------------------------------------------------------------------------|-------|-------------|-------|-------|-------|-------|--------|-----------
POST     /api/book                                                                       3193    28(0.88%) |   3520      92   17444    710 |   12.90        0.00
GET      /api/concerts                                                                    659     1(0.15%) |    268       2    4208     12 |    2.90        0.00
GET      /health                                                                          300     0(0.00%) |    427       2    7164     13 |    1.60        0.00
--------|----------------------------------------------------------------------------|-------|-------------|-------|-------|-------|-------|--------|-----------
         Aggregated                                                                      4152    29(0.70%) |   2780       2   17444    410 |   17.40        0.00

Type     Name                                                                          # reqs      # fails |    Avg     Min     Max    Med |   req/s  failures/s
--------|----------------------------------------------------------------------------|-------|-------------|-------|-------|-------|-------|--------|-----------
POST     /api/book                                                                       3210    28(0.87%) |   3503      92   17444    700 |   13.20        0.00
GET      /api/concerts                                                                    662     1(0.15%) |    267       2    4208     11 |    2.20        0.00
GET      /health                                                                          302     0(0.00%) |    424       2    7164     13 |    1.20        0.00
--------|----------------------------------------------------------------------------|-------|-------------|-------|-------|-------|-------|--------|-----------
         Aggregated                                                                      4174    29(0.69%) |   2767       2   17444    410 |   16.60        0.00

Type     Name                                                                          # reqs      # fails |    Avg     Min     Max    Med |   req/s  failures/s
--------|----------------------------------------------------------------------------|-------|-------------|-------|-------|-------|-------|--------|-----------
POST     /api/book                                                                       3259    28(0.86%) |   3502      92   17444    710 |   12.90        0.00
GET      /api/concerts                                                                    672     1(0.15%) |    266       2    4208     10 |    2.80        0.00
GET      /health                                                                          310     0(0.00%) |    416       2    7164     13 |    1.40        0.00
--------|----------------------------------------------------------------------------|-------|-------------|-------|-------|-------|-------|--------|-----------
         Aggregated                                                                      4241    29(0.68%) |   2764       2   17444    410 |   17.10        0.00

Type     Name                                                                          # reqs      # fails |    Avg     Min     Max    Med |   req/s  failures/s
--------|----------------------------------------------------------------------------|-------|-------------|-------|-------|-------|-------|--------|-----------
POST     /api/book                                                                       3275    28(0.85%) |   3486      92   17444    700 |   13.40        0.00
GET      /api/concerts                                                                    676     1(0.15%) |    267       2    4208     10 |    3.00        0.00
GET      /health                                                                          312     0(0.00%) |    413       2    7164     13 |    1.40        0.00
--------|----------------------------------------------------------------------------|-------|-------------|-------|-------|-------|-------|--------|-----------
         Aggregated                                                                      4263    29(0.68%) |   2751       2   17444    400 |   17.80        0.00

Type     Name                                                                          # reqs      # fails |    Avg     Min     Max    Med |   req/s  failures/s
--------|----------------------------------------------------------------------------|-------|-------------|-------|-------|-------|-------|--------|-----------
POST     /api/book                                                                       3308    28(0.85%) |   3467      92   17444    690 |   13.70        0.00
GET      /api/concerts                                                                    683     1(0.15%) |    270       2    4208     11 |    2.90        0.00
GET      /health                                                                          314     0(0.00%) |    411       2    7164     11 |    1.70        0.00
--------|----------------------------------------------------------------------------|-------|-------------|-------|-------|-------|-------|--------|-----------
         Aggregated                                                                      4305    29(0.67%) |   2737       2   17444    400 |   18.30        0.00

Type     Name                                                                          # reqs      # fails |    Avg     Min     Max    Med |   req/s  failures/s
--------|----------------------------------------------------------------------------|-------|-------------|-------|-------|-------|-------|--------|-----------
POST     /api/book                                                                       3346    28(0.84%) |   3453      92   17444    700 |   12.10        0.00
GET      /api/concerts                                                                    690     1(0.14%) |    272       2    4208     11 |    3.50        0.00
GET      /health                                                                          316     0(0.00%) |    411       2    7164     11 |    1.50        0.00
--------|----------------------------------------------------------------------------|-------|-------------|-------|-------|-------|-------|--------|-----------
         Aggregated                                                                      4352    29(0.67%) |   2728       2   17444    410 |   17.10        0.00

Type     Name                                                                          # reqs      # fails |    Avg     Min     Max    Med |   req/s  failures/s
--------|----------------------------------------------------------------------------|-------|-------------|-------|-------|-------|-------|--------|-----------
POST     /api/book                                                                       3364    28(0.83%) |   3438      92   17444    690 |   13.80        0.00
GET      /api/concerts                                                                    695     1(0.14%) |    270       2    4208     11 |    3.00        0.00
GET      /health                                                                          321     0(0.00%) |    404       2    7164     10 |    1.50        0.00
--------|----------------------------------------------------------------------------|-------|-------------|-------|-------|-------|-------|--------|-----------
         Aggregated                                                                      4380    29(0.66%) |   2713       2   17444    400 |   18.30        0.00

Type     Name                                                                          # reqs      # fails |    Avg     Min     Max    Med |   req/s  failures/s
--------|----------------------------------------------------------------------------|-------|-------------|-------|-------|-------|-------|--------|-----------
POST     /api/book                                                                       3394    28(0.82%) |   3418      92   17444    680 |   15.40        0.00
GET      /api/concerts                                                                    702     1(0.14%) |    268       2    4208     11 |    3.00        0.00
GET      /health                                                                          325     0(0.00%) |    401       2    7164     11 |    1.80        0.00
--------|----------------------------------------------------------------------------|-------|-------------|-------|-------|-------|-------|--------|-----------
         Aggregated                                                                      4421    29(0.66%) |   2696       2   17444    400 |   20.20        0.00

Type     Name                                                                          # reqs      # fails |    Avg     Min     Max    Med |   req/s  failures/s
--------|----------------------------------------------------------------------------|-------|-------------|-------|-------|-------|-------|--------|-----------
POST     /api/book                                                                       3411    28(0.82%) |   3403      92   17444    670 |   13.70        0.00
GET      /api/concerts                                                                    708     1(0.14%) |    266       2    4208     11 |    3.10        0.00
GET      /health                                                                          327     0(0.00%) |    399       2    7164     10 |    1.90        0.00
--------|----------------------------------------------------------------------------|-------|-------------|-------|-------|-------|-------|--------|-----------
         Aggregated                                                                      4446    29(0.65%) |   2682       2   17444    400 |   18.70        0.00

Type     Name                                                                          # reqs      # fails |    Avg     Min     Max    Med |   req/s  failures/s
--------|----------------------------------------------------------------------------|-------|-------------|-------|-------|-------|-------|--------|-----------
POST     /api/book                                                                       3432    28(0.82%) |   3384      92   17444    650 |   13.70        0.00
GET      /api/concerts                                                                    710     1(0.14%) |    265       2    4208     11 |    3.40        0.00
GET      /health                                                                          329     0(0.00%) |    397       2    7164     10 |    1.50        0.00
--------|----------------------------------------------------------------------------|-------|-------------|-------|-------|-------|-------|--------|-----------
         Aggregated                                                                      4471    29(0.65%) |   2669       2   17444    390 |   18.60        0.00

Type     Name                                                                          # reqs      # fails |    Avg     Min     Max    Med |   req/s  failures/s
--------|----------------------------------------------------------------------------|-------|-------------|-------|-------|-------|-------|--------|-----------
POST     /api/book                                                                       3483    28(0.80%) |   3394      92   17444    670 |   13.30        0.00
GET      /api/concerts                                                                    710     1(0.14%) |    265       2    4208     11 |    2.80        0.00
GET      /health                                                                          329     0(0.00%) |    397       2    7164     10 |    1.40        0.00
--------|----------------------------------------------------------------------------|-------|-------------|-------|-------|-------|-------|--------|-----------
         Aggregated                                                                      4522    29(0.64%) |   2684       2   17444    400 |   17.50        0.00

Type     Name                                                                          # reqs      # fails |    Avg     Min     Max    Med |   req/s  failures/s
--------|----------------------------------------------------------------------------|-------|-------------|-------|-------|-------|-------|--------|-----------
POST     /api/book                                                                       3505    28(0.80%) |   3375      92   17444    650 |   12.20        0.00
GET      /api/concerts                                                                    714     1(0.14%) |    264       2    4208     11 |    2.50        0.00
GET      /health                                                                          331     0(0.00%) |    394       2    7164      9 |    1.40        0.00
--------|----------------------------------------------------------------------------|-------|-------------|-------|-------|-------|-------|--------|-----------
         Aggregated                                                                      4550    29(0.64%) |   2670       2   17444    400 |   16.10        0.00

Type     Name                                                                          # reqs      # fails |    Avg     Min     Max    Med |   req/s  failures/s
--------|----------------------------------------------------------------------------|-------|-------------|-------|-------|-------|-------|--------|-----------
POST     /api/book                                                                       3526    28(0.79%) |   3357      92   17444    640 |   14.30        0.00
GET      /api/concerts                                                                    718     1(0.14%) |    263       2    4208     10 |    2.10        0.00
GET      /health                                                                          333     0(0.00%) |    392       2    7164     10 |    1.10        0.00
--------|----------------------------------------------------------------------------|-------|-------------|-------|-------|-------|-------|--------|-----------
         Aggregated                                                                      4577    29(0.63%) |   2656       2   17444    390 |   17.50        0.00

Type     Name                                                                          # reqs      # fails |    Avg     Min     Max    Med |   req/s  failures/s
--------|----------------------------------------------------------------------------|-------|-------------|-------|-------|-------|-------|--------|-----------
POST     /api/book                                                                       3544    28(0.79%) |   3342      92   17444    620 |   13.00        0.00
GET      /api/concerts                                                                    722     1(0.14%) |    262       2    4208     10 |    1.60        0.00
GET      /health                                                                          336     0(0.00%) |    389       2    7164      9 |    0.70        0.00
--------|----------------------------------------------------------------------------|-------|-------------|-------|-------|-------|-------|--------|-----------
         Aggregated                                                                      4602    29(0.63%) |   2643       2   17444    390 |   15.30        0.00

Type     Name                                                                          # reqs      # fails |    Avg     Min     Max    Med |   req/s  failures/s
--------|----------------------------------------------------------------------------|-------|-------------|-------|-------|-------|-------|--------|-----------
POST     /api/book                                                                       3560    28(0.79%) |   3330      92   17444    620 |   12.80        0.00
GET      /api/concerts                                                                    727     1(0.14%) |    260       2    4208     10 |    1.50        0.00
GET      /health                                                                          337     0(0.00%) |    388       2    7164      9 |    0.80        0.00
--------|----------------------------------------------------------------------------|-------|-------------|-------|-------|-------|-------|--------|-----------
         Aggregated                                                                      4624    29(0.63%) |   2633       2   17444    390 |   15.10        0.00

Type     Name                                                                          # reqs      # fails |    Avg     Min     Max    Med |   req/s  failures/s
--------|----------------------------------------------------------------------------|-------|-------------|-------|-------|-------|-------|--------|-----------
POST     /api/book                                                                       3601    28(0.78%) |   3362      92   17444    650 |   13.20        0.00
GET      /api/concerts                                                                    729     1(0.14%) |    260       2    4208     10 |    1.60        0.00
GET      /health                                                                          340     0(0.00%) |    385       2    7164      9 |    0.80        0.00
--------|----------------------------------------------------------------------------|-------|-------------|-------|-------|-------|-------|--------|-----------
         Aggregated                                                                      4670    29(0.62%) |   2661       2   17444    400 |   15.60        0.00

Type     Name                                                                          # reqs      # fails |    Avg     Min     Max    Med |   req/s  failures/s
--------|----------------------------------------------------------------------------|-------|-------------|-------|-------|-------|-------|--------|-----------
POST     /api/book                                                                       3622    28(0.77%) |   3351      92   17444    660 |   12.40        0.00
GET      /api/concerts                                                                    736     1(0.14%) |    257       2    4208     11 |    1.90        0.00
GET      /health                                                                          340     0(0.00%) |    385       2    7164      9 |    1.10        0.00
--------|----------------------------------------------------------------------------|-------|-------------|-------|-------|-------|-------|--------|-----------
         Aggregated                                                                      4698    29(0.62%) |   2652       2   17444    400 |   15.40        0.00

Type     Name                                                                          # reqs      # fails |    Avg     Min     Max    Med |   req/s  failures/s
--------|----------------------------------------------------------------------------|-------|-------------|-------|-------|-------|-------|--------|-----------
POST     /api/book                                                                       3642    28(0.77%) |   3336      92   17444    650 |   11.80        0.00
GET      /api/concerts                                                                    740     1(0.14%) |    256       2    4208     10 |    2.30        0.00
GET      /health                                                                          345     0(0.00%) |    383       2    7164     10 |    0.90        0.00
--------|----------------------------------------------------------------------------|-------|-------------|-------|-------|-------|-------|--------|-----------
         Aggregated                                                                      4727    29(0.61%) |   2638       2   17444    400 |   15.00        0.00

Type     Name                                                                          # reqs      # fails |    Avg     Min     Max    Med |   req/s  failures/s
--------|----------------------------------------------------------------------------|-------|-------------|-------|-------|-------|-------|--------|-----------
POST     /api/book                                                                       3662    28(0.76%) |   3321      92   17444    640 |   11.80        0.00
GET      /api/concerts                                                                    745     1(0.13%) |    254       2    4208     10 |    2.30        0.00
GET      /health                                                                          347     0(0.00%) |    382       2    7164     10 |    1.30        0.00
--------|----------------------------------------------------------------------------|-------|-------------|-------|-------|-------|-------|--------|-----------
         Aggregated                                                                      4754    29(0.61%) |   2626       2   17444    390 |   15.40        0.00

Type     Name                                                                          # reqs      # fails |    Avg     Min     Max    Med |   req/s  failures/s
--------|----------------------------------------------------------------------------|-------|-------------|-------|-------|-------|-------|--------|-----------
POST     /api/book                                                                       3683    28(0.76%) |   3309      92   17444    620 |   12.00        0.00
GET      /api/concerts                                                                    748     1(0.13%) |    253       2    4208     10 |    2.20        0.00
GET      /health                                                                          347     0(0.00%) |    382       2    7164     10 |    1.20        0.00
--------|----------------------------------------------------------------------------|-------|-------------|-------|-------|-------|-------|--------|-----------
         Aggregated                                                                      4778    29(0.61%) |   2618       2   17444    390 |   15.40        0.00

Type     Name                                                                          # reqs      # fails |    Avg     Min     Max    Med |   req/s  failures/s
--------|----------------------------------------------------------------------------|-------|-------------|-------|-------|-------|-------|--------|-----------
POST     /api/book                                                                       3735    28(0.75%) |   3312      92   17444    630 |   11.50        0.00
GET      /api/concerts                                                                    750     1(0.13%) |    253       2    4208      9 |    2.00        0.00
GET      /health                                                                          348     0(0.00%) |    381       2    7164     10 |    1.10        0.00
--------|----------------------------------------------------------------------------|-------|-------------|-------|-------|-------|-------|--------|-----------
         Aggregated                                                                      4833    29(0.60%) |   2626       2   17444    390 |   14.60        0.00

Type     Name                                                                          # reqs      # fails |    Avg     Min     Max    Med |   req/s  failures/s
--------|----------------------------------------------------------------------------|-------|-------------|-------|-------|-------|-------|--------|-----------
POST     /api/book                                                                       3755    28(0.75%) |   3296      92   17444    620 |   15.60        0.00
GET      /api/concerts                                                                    764     1(0.13%) |    250       2    4208      9 |    2.00        0.00
GET      /health                                                                          350     0(0.00%) |    379       2    7164     10 |    0.80        0.00
--------|----------------------------------------------------------------------------|-------|-------------|-------|-------|-------|-------|--------|-----------
         Aggregated                                                                      4869    29(0.60%) |   2608       2   17444    390 |   18.40        0.00

Type     Name                                                                          # reqs      # fails |    Avg     Min     Max    Med |   req/s  failures/s
--------|----------------------------------------------------------------------------|-------|-------------|-------|-------|-------|-------|--------|-----------
POST     /api/book                                                                       3770    28(0.74%) |   3286      92   17444    620 |   13.10        0.00
GET      /api/concerts                                                                    770     1(0.13%) |    249       2    4208      9 |    2.30        0.00
GET      /health                                                                          351     0(0.00%) |    378       2    7164     10 |    0.90        0.00
--------|----------------------------------------------------------------------------|-------|-------------|-------|-------|-------|-------|--------|-----------
         Aggregated                                                                      4891    29(0.59%) |   2599       2   17444    390 |   16.30        0.00

Type     Name                                                                          # reqs      # fails |    Avg     Min     Max    Med |   req/s  failures/s
--------|----------------------------------------------------------------------------|-------|-------------|-------|-------|-------|-------|--------|-----------
POST     /api/book                                                                       3789    28(0.74%) |   3271      92   17444    610 |   12.40        0.00
GET      /api/concerts                                                                    775     1(0.13%) |    248       2    4208      9 |    2.90        0.00
GET      /health                                                                          354     0(0.00%) |    375       2    7164      9 |    0.60        0.00
--------|----------------------------------------------------------------------------|-------|-------------|-------|-------|-------|-------|--------|-----------
         Aggregated                                                                      4918    29(0.59%) |   2586       2   17444    390 |   15.90        0.00

Type     Name                                                                          # reqs      # fails |    Avg     Min     Max    Med |   req/s  failures/s
--------|----------------------------------------------------------------------------|-------|-------------|-------|-------|-------|-------|--------|-----------
POST     /api/book                                                                       3837    28(0.73%) |   3272      92   17444    620 |   12.70        0.00
GET      /api/concerts                                                                    779     1(0.13%) |    249       2    4208      9 |    2.80        0.00
GET      /health                                                                          354     0(0.00%) |    375       2    7164      9 |    0.60        0.00
--------|----------------------------------------------------------------------------|-------|-------------|-------|-------|-------|-------|--------|-----------
         Aggregated                                                                      4970    29(0.58%) |   2592       2   17444    390 |   16.10        0.00

Type     Name                                                                          # reqs      # fails |    Avg     Min     Max    Med |   req/s  failures/s
--------|----------------------------------------------------------------------------|-------|-------------|-------|-------|-------|-------|--------|-----------
POST     /api/book                                                                       3862    28(0.73%) |   3254      92   17444    620 |   15.40        0.00
GET      /api/concerts                                                                    790     1(0.13%) |    247       2    4208      9 |    3.10        0.00
GET      /health                                                                          357     0(0.00%) |    372       2    7164      9 |    0.70        0.00
--------|----------------------------------------------------------------------------|-------|-------------|-------|-------|-------|-------|--------|-----------
         Aggregated                                                                      5009    29(0.58%) |   2574       2   17444    390 |   19.20        0.00

Type     Name                                                                          # reqs      # fails |    Avg     Min     Max    Med |   req/s  failures/s
--------|----------------------------------------------------------------------------|-------|-------------|-------|-------|-------|-------|--------|-----------
POST     /api/book                                                                       3878    28(0.72%) |   3242      92   17444    610 |   12.30        0.00
GET      /api/concerts                                                                    797     1(0.13%) |    249       2    4208      9 |    3.80        0.00
GET      /health                                                                          360     0(0.00%) |    372       2    7164      9 |    0.90        0.00
--------|----------------------------------------------------------------------------|-------|-------------|-------|-------|-------|-------|--------|-----------
         Aggregated                                                                      5035    29(0.58%) |   2563       2   17444    390 |   17.00        0.00

Type     Name                                                                          # reqs      # fails |    Avg     Min     Max    Med |   req/s  failures/s
--------|----------------------------------------------------------------------------|-------|-------------|-------|-------|-------|-------|--------|-----------
POST     /api/book                                                                       3898    28(0.72%) |   3233      92   17444    610 |   12.10        0.00
GET      /api/concerts                                                                    798     1(0.13%) |    249       2    4208      9 |    3.60        0.00
GET      /health                                                                          364     0(0.00%) |    368       2    7164      9 |    1.00        0.00
--------|----------------------------------------------------------------------------|-------|-------------|-------|-------|-------|-------|--------|-----------
         Aggregated                                                                      5060    29(0.57%) |   2557       2   17444    390 |   16.70        0.00

Type     Name                                                                          # reqs      # fails |    Avg     Min     Max    Med |   req/s  failures/s
--------|----------------------------------------------------------------------------|-------|-------------|-------|-------|-------|-------|--------|-----------
POST     /api/book                                                                       3944    28(0.71%) |   3229      92   17444    610 |   13.00        0.00
GET      /api/concerts                                                                    802     1(0.12%) |    248       2    4208      9 |    2.90        0.00
GET      /health                                                                          366     0(0.00%) |    369       2    7164      9 |    1.10        0.00
--------|----------------------------------------------------------------------------|-------|-------------|-------|-------|-------|-------|--------|-----------
         Aggregated                                                                      5112    29(0.57%) |   2556       2   17444    390 |   17.00        0.00

Type     Name                                                                          # reqs      # fails |    Avg     Min     Max    Med |   req/s  failures/s
--------|----------------------------------------------------------------------------|-------|-------------|-------|-------|-------|-------|--------|-----------
POST     /api/book                                                                       3962    28(0.71%) |   3217      92   17444    610 |   15.20        0.00
GET      /api/concerts                                                                    809     1(0.12%) |    246       2    4208      9 |    2.90        0.00
GET      /health                                                                          371     0(0.00%) |    364       2    7164      9 |    1.30        0.00
--------|----------------------------------------------------------------------------|-------|-------------|-------|-------|-------|-------|--------|-----------
         Aggregated                                                                      5142    29(0.56%) |   2544       2   17444    390 |   19.40        0.00

Type     Name                                                                          # reqs      # fails |    Avg     Min     Max    Med |   req/s  failures/s
--------|----------------------------------------------------------------------------|-------|-------------|-------|-------|-------|-------|--------|-----------
POST     /api/book                                                                       3979    28(0.70%) |   3205      92   17444    610 |   13.30        0.00
GET      /api/concerts                                                                    815     1(0.12%) |    244       2    4208      9 |    3.00        0.00
GET      /health                                                                          372     0(0.00%) |    363       2    7164      9 |    1.60        0.00
--------|----------------------------------------------------------------------------|-------|-------------|-------|-------|-------|-------|--------|-----------
         Aggregated                                                                      5166    29(0.56%) |   2533       2   17444    390 |   17.90        0.00

Type     Name                                                                          # reqs      # fails |    Avg     Min     Max    Med |   req/s  failures/s
--------|----------------------------------------------------------------------------|-------|-------------|-------|-------|-------|-------|--------|-----------
POST     /api/book                                                                       3992    28(0.70%) |   3198      92   17444    610 |   11.80        0.00
GET      /api/concerts                                                                    822     1(0.12%) |    242       2    4208      8 |    2.80        0.00
GET      /health                                                                          375     0(0.00%) |    371       2    7164      9 |    1.50        0.00
--------|----------------------------------------------------------------------------|-------|-------------|-------|-------|-------|-------|--------|-----------
         Aggregated                                                                      5189    29(0.56%) |   2525       2   17444    390 |   16.10        0.00

Type     Name                                                                          # reqs      # fails |    Avg     Min     Max    Med |   req/s  failures/s
--------|----------------------------------------------------------------------------|-------|-------------|-------|-------|-------|-------|--------|-----------
POST     /api/book                                                                       4040    28(0.69%) |   3205      92   17444    620 |   11.60        0.00
GET      /api/concerts                                                                    831     1(0.12%) |    239       2    4208      7 |    2.50        0.00
GET      /health                                                                          376     0(0.00%) |    370       2    7164      9 |    1.60        0.00
--------|----------------------------------------------------------------------------|-------|-------------|-------|-------|-------|-------|--------|-----------
         Aggregated                                                                      5247    29(0.55%) |   2532       2   17444    390 |   15.70        0.00

Type     Name                                                                          # reqs      # fails |    Avg     Min     Max    Med |   req/s  failures/s
--------|----------------------------------------------------------------------------|-------|-------------|-------|-------|-------|-------|--------|-----------
POST     /api/book                                                                       4063    28(0.69%) |   3189      92   17444    610 |   14.20        0.00
GET      /api/concerts                                                                    836     1(0.12%) |    238       2    4208      7 |    2.70        0.00
GET      /health                                                                          376     0(0.00%) |    370       2    7164      9 |    1.30        0.00
--------|----------------------------------------------------------------------------|-------|-------------|-------|-------|-------|-------|--------|-----------
         Aggregated                                                                      5275    29(0.55%) |   2520       2   17444    390 |   18.20        0.00

Type     Name                                                                          # reqs      # fails |    Avg     Min     Max    Med |   req/s  failures/s
--------|----------------------------------------------------------------------------|-------|-------------|-------|-------|-------|-------|--------|-----------
POST     /api/book                                                                       4080    28(0.69%) |   3177      92   17444    610 |   12.20        0.00
GET      /api/concerts                                                                    838     1(0.12%) |    238       2    4208      7 |    3.50        0.00
GET      /health                                                                          379     0(0.00%) |    370       2    7164      9 |    1.00        0.00
--------|----------------------------------------------------------------------------|-------|-------------|-------|-------|-------|-------|--------|-----------
         Aggregated                                                                      5297    29(0.55%) |   2511       2   17444    390 |   16.70        0.00

Type     Name                                                                          # reqs      # fails |    Avg     Min     Max    Med |   req/s  failures/s
--------|----------------------------------------------------------------------------|-------|-------------|-------|-------|-------|-------|--------|-----------
POST     /api/book                                                                       4093    28(0.68%) |   3169      92   17444    600 |   11.40        0.00
GET      /api/concerts                                                                    844     1(0.12%) |    236       2    4208      7 |    3.00        0.00
GET      /health                                                                          381     0(0.00%) |    368       2    7164      9 |    0.90        0.00
--------|----------------------------------------------------------------------------|-------|-------------|-------|-------|-------|-------|--------|-----------
         Aggregated                                                                      5318    29(0.55%) |   2503       2   17444    390 |   15.30        0.00

Type     Name                                                                          # reqs      # fails |    Avg     Min     Max    Med |   req/s  failures/s
--------|----------------------------------------------------------------------------|-------|-------------|-------|-------|-------|-------|--------|-----------
POST     /api/book                                                                       4145    28(0.68%) |   3177      92   17444    610 |   12.00        0.00
GET      /api/concerts                                                                    850     1(0.12%) |    235       2    4208      7 |    2.70        0.00
GET      /health                                                                          382     0(0.00%) |    367       2    7164      9 |    0.80        0.00
--------|----------------------------------------------------------------------------|-------|-------------|-------|-------|-------|-------|--------|-----------
         Aggregated                                                                      5377    29(0.54%) |   2512       2   17444    390 |   15.50        0.00

Type     Name                                                                          # reqs      # fails |    Avg     Min     Max    Med |   req/s  failures/s
--------|----------------------------------------------------------------------------|-------|-------------|-------|-------|-------|-------|--------|-----------
POST     /api/book                                                                       4166    28(0.67%) |   3162      92   17444    600 |   15.40        0.00
GET      /api/concerts                                                                    862     1(0.12%) |    232       2    4208      7 |    2.90        0.00
GET      /health                                                                          383     0(0.00%) |    366       2    7164      9 |    0.70        0.00
--------|----------------------------------------------------------------------------|-------|-------------|-------|-------|-------|-------|--------|-----------
         Aggregated                                                                      5411    29(0.54%) |   2497       2   17444    380 |   19.00        0.00

Type     Name                                                                          # reqs      # fails |    Avg     Min     Max    Med |   req/s  failures/s
--------|----------------------------------------------------------------------------|-------|-------------|-------|-------|-------|-------|--------|-----------
POST     /api/book                                                                       4182    28(0.67%) |   3152      92   17444    590 |   12.60        0.00
GET      /api/concerts                                                                    868     1(0.12%) |    230       2    4208      7 |    3.10        0.00
GET      /health                                                                          385     0(0.00%) |    364       2    7164      9 |    0.70        0.00
--------|----------------------------------------------------------------------------|-------|-------------|-------|-------|-------|-------|--------|-----------
         Aggregated                                                                      5435    29(0.53%) |   2488       2   17444    380 |   16.40        0.00

Type     Name                                                                          # reqs      # fails |    Avg     Min     Max    Med |   req/s  failures/s
--------|----------------------------------------------------------------------------|-------|-------------|-------|-------|-------|-------|--------|-----------
POST     /api/book                                                                       4195    28(0.67%) |   3142      92   17444    590 |   12.00        0.00
GET      /api/concerts                                                                    875     1(0.11%) |    229       2    4208      6 |    3.10        0.00
GET      /health                                                                          389     0(0.00%) |    361       2    7164      8 |    0.80        0.00
--------|----------------------------------------------------------------------------|-------|-------------|-------|-------|-------|-------|--------|-----------
         Aggregated                                                                      5459    29(0.53%) |   2477       2   17444    380 |   15.90        0.00

Type     Name                                                                          # reqs      # fails |    Avg     Min     Max    Med |   req/s  failures/s
--------|----------------------------------------------------------------------------|-------|-------------|-------|-------|-------|-------|--------|-----------
POST     /api/book                                                                       4222    28(0.66%) |   3137      92   17444    590 |   11.40        0.00
GET      /api/concerts                                                                    881     1(0.11%) |    227       2    4208      6 |    3.80        0.00
GET      /health                                                                          391     0(0.00%) |    359       2    7164      8 |    0.90        0.00
--------|----------------------------------------------------------------------------|-------|-------------|-------|-------|-------|-------|--------|-----------
         Aggregated                                                                      5494    29(0.53%) |   2473       2   17444    380 |   16.10        0.00

Type     Name                                                                          # reqs      # fails |    Avg     Min     Max    Med |   req/s  failures/s
--------|----------------------------------------------------------------------------|-------|-------------|-------|-------|-------|-------|--------|-----------
POST     /api/book                                                                       4266    28(0.66%) |   3141      92   17444    590 |   11.80        0.00
GET      /api/concerts                                                                    884     1(0.11%) |    226       2    4208      6 |    3.60        0.00
GET      /health                                                                          392     0(0.00%) |    358       2    7164      8 |    1.00        0.00
--------|----------------------------------------------------------------------------|-------|-------------|-------|-------|-------|-------|--------|-----------
         Aggregated                                                                      5542    29(0.52%) |   2479       2   17444    380 |   16.40        0.00

Type     Name                                                                          # reqs      # fails |    Avg     Min     Max    Med |   req/s  failures/s
--------|----------------------------------------------------------------------------|-------|-------------|-------|-------|-------|-------|--------|-----------
POST     /api/book                                                                       4288    28(0.65%) |   3127      92   17444    590 |   11.60        0.00
GET      /api/concerts                                                                    890     1(0.11%) |    225       2    4208      6 |    3.40        0.00
GET      /health                                                                          393     0(0.00%) |    357       2    7164      8 |    0.90        0.00
--------|----------------------------------------------------------------------------|-------|-------------|-------|-------|-------|-------|--------|-----------
         Aggregated                                                                      5571    29(0.52%) |   2468       2   17444    380 |   15.90        0.00

Type     Name                                                                          # reqs      # fails |    Avg     Min     Max    Med |   req/s  failures/s
--------|----------------------------------------------------------------------------|-------|-------------|-------|-------|-------|-------|--------|-----------
POST     /api/book                                                                       4306    28(0.65%) |   3115      92   17444    580 |   12.40        0.00
GET      /api/concerts                                                                    894     1(0.11%) |    224       2    4208      6 |    3.40        0.00
GET      /health                                                                          397     0(0.00%) |    354       2    7164      8 |    1.10        0.00
--------|----------------------------------------------------------------------------|-------|-------------|-------|-------|-------|-------|--------|-----------
         Aggregated                                                                      5597    29(0.52%) |   2458       2   17444    380 |   16.90        0.00

Type     Name                                                                          # reqs      # fails |    Avg     Min     Max    Med |   req/s  failures/s
--------|----------------------------------------------------------------------------|-------|-------------|-------|-------|-------|-------|--------|-----------
POST     /api/book                                                                       4323    28(0.65%) |   3108      92   17444    580 |   12.20        0.00
GET      /api/concerts                                                                    896     1(0.11%) |    226       2    4208      6 |    2.60        0.00
GET      /health                                                                          398     0(0.00%) |    353       2    7164      8 |    1.20        0.00
--------|----------------------------------------------------------------------------|-------|-------------|-------|-------|-------|-------|--------|-----------
         Aggregated                                                                      5617    29(0.52%) |   2453       2   17444    380 |   16.00        0.00

Type     Name                                                                          # reqs      # fails |    Avg     Min     Max    Med |   req/s  failures/s
--------|----------------------------------------------------------------------------|-------|-------------|-------|-------|-------|-------|--------|-----------
POST     /api/book                                                                       4371    28(0.64%) |   3123      92   17444    590 |   13.30        0.00
GET      /api/concerts                                                                    899     1(0.11%) |    225       2    4208      6 |    2.10        0.00
GET      /health                                                                          400     0(0.00%) |    351       2    7164      8 |    1.00        0.00
--------|----------------------------------------------------------------------------|-------|-------------|-------|-------|-------|-------|--------|-----------
         Aggregated                                                                      5670    29(0.51%) |   2468       2   17444    380 |   16.40        0.00

Type     Name                                                                          # reqs      # fails |    Avg     Min     Max    Med |   req/s  failures/s
--------|----------------------------------------------------------------------------|-------|-------------|-------|-------|-------|-------|--------|-----------
POST     /api/book                                                                       4390    28(0.64%) |   3113      92   17444    590 |   14.20        0.00
GET      /api/concerts                                                                    904     1(0.11%) |    224       2    4208      6 |    1.90        0.00
GET      /health                                                                          404     0(0.00%) |    348       2    7164      8 |    0.90        0.00
--------|----------------------------------------------------------------------------|-------|-------------|-------|-------|-------|-------|--------|-----------
         Aggregated                                                                      5698    29(0.51%) |   2459       2   17444    380 |   17.00        0.00

Type     Name                                                                          # reqs      # fails |    Avg     Min     Max    Med |   req/s  failures/s
--------|----------------------------------------------------------------------------|-------|-------------|-------|-------|-------|-------|--------|-----------
POST     /api/book                                                                       4410    28(0.63%) |   3101      92   17444    590 |   12.70        0.00
GET      /api/concerts                                                                    910     1(0.11%) |    224       2    4208      6 |    2.00        0.00
GET      /health                                                                          405     0(0.00%) |    349       2    7164      9 |    1.30        0.00
--------|----------------------------------------------------------------------------|-------|-------------|-------|-------|-------|-------|--------|-----------
         Aggregated                                                                      5725    29(0.51%) |   2449       2   17444    380 |   16.00        0.00

Type     Name                                                                          # reqs      # fails |    Avg     Min     Max    Med |   req/s  failures/s
--------|----------------------------------------------------------------------------|-------|-------------|-------|-------|-------|-------|--------|-----------
POST     /api/book                                                                       4446    28(0.63%) |   3095      92   17444    590 |   11.30        0.00
GET      /api/concerts                                                                    917     1(0.11%) |    225       2    4208      6 |    1.80        0.00
GET      /health                                                                          411     0(0.00%) |    351       2    7164      9 |    1.20        0.00
--------|----------------------------------------------------------------------------|-------|-------------|-------|-------|-------|-------|--------|-----------
         Aggregated                                                                      5774    29(0.50%) |   2444       2   17444    380 |   14.30        0.00

Type     Name                                                                          # reqs      # fails |    Avg     Min     Max    Med |   req/s  failures/s
--------|----------------------------------------------------------------------------|-------|-------------|-------|-------|-------|-------|--------|-----------
POST     /api/book                                                                       4468    28(0.63%) |   3085      92   17444    590 |   14.10        0.00
GET      /api/concerts                                                                    921     1(0.11%) |    225       2    4208      6 |    2.10        0.00
GET      /health                                                                          412     0(0.00%) |    351       2    7164      8 |    1.30        0.00
--------|----------------------------------------------------------------------------|-------|-------------|-------|-------|-------|-------|--------|-----------
         Aggregated                                                                      5801    29(0.50%) |   2436       2   17444    380 |   17.50        0.00

Type     Name                                                                          # reqs      # fails |    Avg     Min     Max    Med |   req/s  failures/s
--------|----------------------------------------------------------------------------|-------|-------------|-------|-------|-------|-------|--------|-----------
POST     /api/book                                                                       4503    28(0.62%) |   3074      92   17444    590 |   13.80        0.00
GET      /api/concerts                                                                    930     1(0.11%) |    227       2    4208      6 |    2.50        0.00
GET      /health                                                                          414     0(0.00%) |    349       2    7164      8 |    1.40        0.00
--------|----------------------------------------------------------------------------|-------|-------------|-------|-------|-------|-------|--------|-----------
         Aggregated                                                                      5847    29(0.50%) |   2428       2   17444    380 |   17.70        0.00

Type     Name                                                                          # reqs      # fails |    Avg     Min     Max    Med |   req/s  failures/s
--------|----------------------------------------------------------------------------|-------|-------------|-------|-------|-------|-------|--------|-----------
POST     /api/book                                                                       4523    28(0.62%) |   3061      92   17444    580 |   14.70        0.00
GET      /api/concerts                                                                    936     1(0.11%) |    226       2    4208      6 |    3.10        0.00
GET      /health                                                                          416     0(0.00%) |    347       2    7164      8 |    1.50        0.00
--------|----------------------------------------------------------------------------|-------|-------------|-------|-------|-------|-------|--------|-----------
         Aggregated                                                                      5875    29(0.49%) |   2417       2   17444    380 |   19.30        0.00

Type     Name                                                                          # reqs      # fails |    Avg     Min     Max    Med |   req/s  failures/s
--------|----------------------------------------------------------------------------|-------|-------------|-------|-------|-------|-------|--------|-----------
POST     /api/book                                                                       4539    28(0.62%) |   3053      92   17444    580 |   13.00        0.00
GET      /api/concerts                                                                    940     1(0.11%) |    227       2    4208      6 |    3.10        0.00
GET      /health                                                                          417     0(0.00%) |    346       2    7164      8 |    1.10        0.00
--------|----------------------------------------------------------------------------|-------|-------------|-------|-------|-------|-------|--------|-----------
         Aggregated                                                                      5896    29(0.49%) |   2411       2   17444    370 |   17.20        0.00

Type     Name                                                                          # reqs      # fails |    Avg     Min     Max    Med |   req/s  failures/s
--------|----------------------------------------------------------------------------|-------|-------------|-------|-------|-------|-------|--------|-----------
POST     /api/book                                                                       4588    28(0.61%) |   3056      92   17444    580 |   13.70        0.00
GET      /api/concerts                                                                    943     1(0.11%) |    227       2    4208      6 |    3.10        0.00
GET      /health                                                                          417     0(0.00%) |    346       2    7164      8 |    1.10        0.00
--------|----------------------------------------------------------------------------|-------|-------------|-------|-------|-------|-------|--------|-----------
         Aggregated                                                                      5948    29(0.49%) |   2417       2   17444    380 |   17.90        0.00

Type     Name                                                                          # reqs      # fails |    Avg     Min     Max    Med |   req/s  failures/s
--------|----------------------------------------------------------------------------|-------|-------------|-------|-------|-------|-------|--------|-----------
POST     /api/book                                                                       4614    28(0.61%) |   3043      92   17444    580 |   14.00        0.00
GET      /api/concerts                                                                    945     1(0.11%) |    227       2    4208      6 |    2.90        0.00
GET      /health                                                                          419     0(0.00%) |    345       2    7164      8 |    0.80        0.00
--------|----------------------------------------------------------------------------|-------|-------------|-------|-------|-------|-------|--------|-----------
         Aggregated                                                                      5978    29(0.49%) |   2409       2   17444    380 |   17.70        0.00

Type     Name                                                                          # reqs      # fails |    Avg     Min     Max    Med |   req/s  failures/s
--------|----------------------------------------------------------------------------|-------|-------------|-------|-------|-------|-------|--------|-----------
POST     /api/book                                                                       4636    28(0.60%) |   3031      92   17444    570 |   14.90        0.00
GET      /api/concerts                                                                    950     1(0.11%) |    226       2    4208      6 |    2.30        0.00
GET      /health                                                                          421     0(0.00%) |    344       2    7164      9 |    0.70        0.00
--------|----------------------------------------------------------------------------|-------|-------------|-------|-------|-------|-------|--------|-----------
         Aggregated                                                                      6007    29(0.48%) |   2399       2   17444    380 |   17.90        0.00

Type     Name                                                                          # reqs      # fails |    Avg     Min     Max    Med |   req/s  failures/s
--------|----------------------------------------------------------------------------|-------|-------------|-------|-------|-------|-------|--------|-----------
POST     /api/book                                                                       4648    28(0.60%) |   3024      92   17444    570 |   13.40        0.00
GET      /api/concerts                                                                    957     1(0.10%) |    227       2    4208      6 |    1.90        0.00
GET      /health                                                                          428     0(0.00%) |    339       2    7164      8 |    0.70        0.00
--------|----------------------------------------------------------------------------|-------|-------------|-------|-------|-------|-------|--------|-----------
         Aggregated                                                                      6033    29(0.48%) |   2390       2   17444    370 |   16.00        0.00

Type     Name                                                                          # reqs      # fails |    Avg     Min     Max    Med |   req/s  failures/s
--------|----------------------------------------------------------------------------|-------|-------------|-------|-------|-------|-------|--------|-----------
POST     /api/book                                                                       4674    28(0.60%) |   3014      92   17444    560 |   13.00        0.00
GET      /api/concerts                                                                    958     1(0.10%) |    227       2    4208      6 |    2.30        0.00
GET      /health                                                                          432     0(0.00%) |    336       2    7164      8 |    1.10        0.00
--------|----------------------------------------------------------------------------|-------|-------------|-------|-------|-------|-------|--------|-----------
         Aggregated                                                                      6064    29(0.48%) |   2383       2   17444    370 |   16.40        0.00

Type     Name                                                                          # reqs      # fails |    Avg     Min     Max    Med |   req/s  failures/s
--------|----------------------------------------------------------------------------|-------|-------------|-------|-------|-------|-------|--------|-----------
POST     /api/book                                                                       4724    28(0.59%) |   3017      92   17444    570 |   13.50        0.00
GET      /api/concerts                                                                    967     1(0.10%) |    225       2    4208      6 |    1.90        0.00
GET      /health                                                                          434     0(0.00%) |    334       2    7164      8 |    1.50        0.00
--------|----------------------------------------------------------------------------|-------|-------------|-------|-------|-------|-------|--------|-----------
         Aggregated                                                                      6125    29(0.47%) |   2386       2   17444    370 |   16.90        0.00

Type     Name                                                                          # reqs      # fails |    Avg     Min     Max    Med |   req/s  failures/s
--------|----------------------------------------------------------------------------|-------|-------------|-------|-------|-------|-------|--------|-----------
POST     /api/book                                                                       4743    28(0.59%) |   3006      92   17444    560 |   13.60        0.00
GET      /api/concerts                                                                    972     1(0.10%) |    225       2    4208      6 |    2.00        0.00
GET      /health                                                                          436     0(0.00%) |    333       2    7164      8 |    1.70        0.00
--------|----------------------------------------------------------------------------|-------|-------------|-------|-------|-------|-------|--------|-----------
         Aggregated                                                                      6151    29(0.47%) |   2377       2   17444    370 |   17.30        0.00

Type     Name                                                                          # reqs      # fails |    Avg     Min     Max    Med |   req/s  failures/s
--------|----------------------------------------------------------------------------|-------|-------------|-------|-------|-------|-------|--------|-----------
POST     /api/book                                                                       4776    28(0.59%) |   3000      92   17444    570 |   13.10        0.00
GET      /api/concerts                                                                    982     1(0.10%) |    227       2    4208      6 |    2.60        0.00
GET      /health                                                                          442     0(0.00%) |    342       2    7164      8 |    1.60        0.00
--------|----------------------------------------------------------------------------|-------|-------------|-------|-------|-------|-------|--------|-----------
         Aggregated                                                                      6200    29(0.47%) |   2371       2   17444    370 |   17.30        0.00

Type     Name                                                                          # reqs      # fails |    Avg     Min     Max    Med |   req/s  failures/s
--------|----------------------------------------------------------------------------|-------|-------------|-------|-------|-------|-------|--------|-----------
POST     /api/book                                                                       4791    28(0.58%) |   2991      92   17444    560 |   13.10        0.00
GET      /api/concerts                                                                    986     1(0.10%) |    229       2    4208      6 |    3.00        0.00
GET      /health                                                                          445     0(0.00%) |    340       2    7164      8 |    2.10        0.00
--------|----------------------------------------------------------------------------|-------|-------------|-------|-------|-------|-------|--------|-----------
         Aggregated                                                                      6222    29(0.47%) |   2364       2   17444    370 |   18.20        0.00

Type     Name                                                                          # reqs      # fails |    Avg     Min     Max    Med |   req/s  failures/s
--------|----------------------------------------------------------------------------|-------|-------------|-------|-------|-------|-------|--------|-----------
POST     /api/book                                                                       4822    28(0.58%) |   2984      92   17444    560 |   14.00        0.00
GET      /api/concerts                                                                    992     1(0.10%) |    230       2    4208      6 |    2.70        0.00
GET      /health                                                                          450     0(0.00%) |    337       2    7164      8 |    1.70        0.00
--------|----------------------------------------------------------------------------|-------|-------------|-------|-------|-------|-------|--------|-----------
         Aggregated                                                                      6264    29(0.46%) |   2358       2   17444    370 |   18.40        0.00

Type     Name                                                                          # reqs      # fails |    Avg     Min     Max    Med |   req/s  failures/s
--------|----------------------------------------------------------------------------|-------|-------------|-------|-------|-------|-------|--------|-----------
POST     /api/book                                                                       4846    28(0.58%) |   2972      92   17444    560 |   15.00        0.00
GET      /api/concerts                                                                    998     1(0.10%) |    230       2    4208      6 |    3.40        0.00
GET      /health                                                                          455     0(0.00%) |    335       2    7164      8 |    1.70        0.00
--------|----------------------------------------------------------------------------|-------|-------------|-------|-------|-------|-------|--------|-----------
         Aggregated                                                                      6299    29(0.46%) |   2347       2   17444    370 |   20.10        0.00

Type     Name                                                                          # reqs      # fails |    Avg     Min     Max    Med |   req/s  failures/s
--------|----------------------------------------------------------------------------|-------|-------------|-------|-------|-------|-------|--------|-----------
POST     /api/book                                                                       4883    28(0.57%) |   2972      92   17444    560 |   12.10        0.00
GET      /api/concerts                                                                   1006     1(0.10%) |    230       2    4208      6 |    3.50        0.00
GET      /health                                                                          456     0(0.00%) |    335       2    7164      8 |    2.00        0.00
--------|----------------------------------------------------------------------------|-------|-------------|-------|-------|-------|-------|--------|-----------
         Aggregated                                                                      6345    29(0.46%) |   2348       2   17444    370 |   17.60        0.00

Type     Name                                                                          # reqs      # fails |    Avg     Min     Max    Med |   req/s  failures/s
--------|----------------------------------------------------------------------------|-------|-------------|-------|-------|-------|-------|--------|-----------
POST     /api/book                                                                       4914    28(0.57%) |   2962      92   17444    560 |   13.80        0.00
GET      /api/concerts                                                                   1010     1(0.10%) |    230       2    4208      6 |    3.50        0.00
GET      /health                                                                          461     0(0.00%) |    331       2    7164      8 |    2.10        0.00
--------|----------------------------------------------------------------------------|-------|-------------|-------|-------|-------|-------|--------|-----------
         Aggregated                                                                      6385    29(0.45%) |   2339       2   17444    370 |   19.40        0.00

Type     Name                                                                          # reqs      # fails |    Avg     Min     Max    Med |   req/s  failures/s
--------|----------------------------------------------------------------------------|-------|-------------|-------|-------|-------|-------|--------|-----------
POST     /api/book                                                                       4928    28(0.57%) |   2954      92   17444    550 |   14.50        0.00
GET      /api/concerts                                                                   1015     1(0.10%) |    229       2    4208      6 |    3.30        0.00
GET      /health                                                                          466     0(0.00%) |    328       2    7164      8 |    1.70        0.00
--------|----------------------------------------------------------------------------|-------|-------------|-------|-------|-------|-------|--------|-----------
         Aggregated                                                                      6409    29(0.45%) |   2332       2   17444    360 |   19.50        0.00

Type     Name                                                                          # reqs      # fails |    Avg     Min     Max    Med |   req/s  failures/s
--------|----------------------------------------------------------------------------|-------|-------------|-------|-------|-------|-------|--------|-----------
POST     /api/book                                                                       4949    28(0.57%) |   2943      92   17444    550 |   13.90        0.00
GET      /api/concerts                                                                   1017     1(0.10%) |    228       2    4208      6 |    2.90        0.00
GET      /health                                                                          467     0(0.00%) |    327       2    7164      8 |    2.20        0.00
--------|----------------------------------------------------------------------------|-------|-------------|-------|-------|-------|-------|--------|-----------
         Aggregated                                                                      6433    29(0.45%) |   2324       2   17444    360 |   19.00        0.00

Type     Name                                                                          # reqs      # fails |    Avg     Min     Max    Med |   req/s  failures/s
--------|----------------------------------------------------------------------------|-------|-------------|-------|-------|-------|-------|--------|-----------
POST     /api/book                                                                       4970    28(0.56%) |   2939      92   17444    550 |   12.50        0.00
GET      /api/concerts                                                                   1022     1(0.10%) |    229       2    4208      6 |    2.50        0.00
GET      /health                                                                          472     0(0.00%) |    324       2    7164      8 |    1.80        0.00
--------|----------------------------------------------------------------------------|-------|-------------|-------|-------|-------|-------|--------|-----------
         Aggregated                                                                      6464    29(0.45%) |   2319       2   17444    360 |   16.80        0.00

Type     Name                                                                          # reqs      # fails |    Avg     Min     Max    Med |   req/s  failures/s
--------|----------------------------------------------------------------------------|-------|-------------|-------|-------|-------|-------|--------|-----------
POST     /api/book                                                                       5016    28(0.56%) |   2944      92   17444    550 |   12.20        0.00
GET      /api/concerts                                                                   1031     1(0.10%) |    227       2    4208      6 |    2.30        0.00
GET      /health                                                                          475     0(0.00%) |    322       2    7164      8 |    1.60        0.00
--------|----------------------------------------------------------------------------|-------|-------------|-------|-------|-------|-------|--------|-----------
         Aggregated                                                                      6522    29(0.44%) |   2324       2   17444    360 |   16.10        0.00

Type     Name                                                                          # reqs      # fails |    Avg     Min     Max    Med |   req/s  failures/s
--------|----------------------------------------------------------------------------|-------|-------------|-------|-------|-------|-------|--------|-----------
POST     /api/book                                                                       5035    28(0.56%) |   2935      92   17444    550 |   13.50        0.00
GET      /api/concerts                                                                   1036     1(0.10%) |    228       2    4208      6 |    2.30        0.00
GET      /health                                                                          481     0(0.00%) |    321       2    7164      8 |    1.80        0.00
--------|----------------------------------------------------------------------------|-------|-------------|-------|-------|-------|-------|--------|-----------
         Aggregated                                                                      6552    29(0.44%) |   2315       2   17444    360 |   17.60        0.00

Type     Name                                                                          # reqs      # fails |    Avg     Min     Max    Med |   req/s  failures/s
--------|----------------------------------------------------------------------------|-------|-------------|-------|-------|-------|-------|--------|-----------
POST     /api/book                                                                       5056    28(0.55%) |   2927      92   17444    550 |   12.10        0.00
GET      /api/concerts                                                                   1042     1(0.10%) |    227       2    4208      6 |    2.30        0.00
GET      /health                                                                          484     0(0.00%) |    320       2    7164      8 |    1.90        0.00
--------|----------------------------------------------------------------------------|-------|-------------|-------|-------|-------|-------|--------|-----------
         Aggregated                                                                      6582    29(0.44%) |   2308       2   17444    360 |   16.30        0.00

Type     Name                                                                          # reqs      # fails |    Avg     Min     Max    Med |   req/s  failures/s
--------|----------------------------------------------------------------------------|-------|-------------|-------|-------|-------|-------|--------|-----------
POST     /api/book                                                                       5099    28(0.55%) |   2927      92   17444    550 |   12.80        0.00
GET      /api/concerts                                                                   1045     1(0.10%) |    228       2    4208      6 |    2.70        0.00
GET      /health                                                                          489     0(0.00%) |    319       2    7164      8 |    1.90        0.00
--------|----------------------------------------------------------------------------|-------|-------------|-------|-------|-------|-------|--------|-----------
         Aggregated                                                                      6633    29(0.44%) |   2310       2   17444    360 |   17.40        0.00

Type     Name                                                                          # reqs      # fails |    Avg     Min     Max    Med |   req/s  failures/s
--------|----------------------------------------------------------------------------|-------|-------------|-------|-------|-------|-------|--------|-----------
POST     /api/book                                                                       5117    28(0.55%) |   2918      92   17444    540 |   12.20        0.00
GET      /api/concerts                                                                   1048     1(0.10%) |    228       2    4208      6 |    2.70        0.00
GET      /health                                                                          493     0(0.00%) |    316       2    7164      8 |    1.90        0.00
--------|----------------------------------------------------------------------------|-------|-------------|-------|-------|-------|-------|--------|-----------
         Aggregated                                                                      6658    29(0.44%) |   2302       2   17444    360 |   16.80        0.00

Type     Name                                                                          # reqs      # fails |    Avg     Min     Max    Med |   req/s  failures/s
--------|----------------------------------------------------------------------------|-------|-------------|-------|-------|-------|-------|--------|-----------
POST     /api/book                                                                       5146    28(0.54%) |   2910      92   17444    550 |   15.20        0.00
GET      /api/concerts                                                                   1054     1(0.09%) |    228       2    4208      6 |    2.50        0.00
GET      /health                                                                          495     0(0.00%) |    318       2    7164      8 |    2.10        0.00
--------|----------------------------------------------------------------------------|-------|-------------|-------|-------|-------|-------|--------|-----------
         Aggregated                                                                      6695    29(0.43%) |   2296       2   17444    360 |   19.80        0.00

Type     Name                                                                          # reqs      # fails |    Avg     Min     Max    Med |   req/s  failures/s
--------|----------------------------------------------------------------------------|-------|-------------|-------|-------|-------|-------|--------|-----------
POST     /api/book                                                                       5153    28(0.54%) |   2907      92   17444    550 |   13.00        0.00
GET      /api/concerts                                                                   1057     1(0.09%) |    227       2    4208      6 |    2.50        0.00
GET      /health                                                                          498     0(0.00%) |    318       2    7164      8 |    2.10        0.00
--------|----------------------------------------------------------------------------|-------|-------------|-------|-------|-------|-------|--------|-----------
         Aggregated                                                                      6708    29(0.43%) |   2292       2   17444    360 |   17.60        0.00

Type     Name                                                                          # reqs      # fails |    Avg     Min     Max    Med |   req/s  failures/s
--------|----------------------------------------------------------------------------|-------|-------------|-------|-------|-------|-------|--------|-----------
POST     /api/book                                                                       5175    28(0.54%) |   2899      92   17444    550 |   12.20        0.00
GET      /api/concerts                                                                   1060     1(0.09%) |    227       2    4208      6 |    2.40        0.00
GET      /health                                                                          500     0(0.00%) |    317       2    7164      8 |    1.90        0.00
--------|----------------------------------------------------------------------------|-------|-------------|-------|-------|-------|-------|--------|-----------
         Aggregated                                                                      6735    29(0.43%) |   2287       2   17444    360 |   16.50        0.00

Type     Name                                                                          # reqs      # fails |    Avg     Min     Max    Med |   req/s  failures/s
--------|----------------------------------------------------------------------------|-------|-------------|-------|-------|-------|-------|--------|-----------
POST     /api/book                                                                       5227    28(0.54%) |   2908      92   17444    560 |   11.80        0.00
GET      /api/concerts                                                                   1066     1(0.09%) |    231       2    4208      6 |    1.90        0.00
GET      /health                                                                          501     0(0.00%) |    316       2    7164      8 |    1.40        0.00
--------|----------------------------------------------------------------------------|-------|-------------|-------|-------|-------|-------|--------|-----------
         Aggregated                                                                      6794    29(0.43%) |   2297       2   17444    370 |   15.10        0.00

Type     Name                                                                          # reqs      # fails |    Avg     Min     Max    Med |   req/s  failures/s
--------|----------------------------------------------------------------------------|-------|-------------|-------|-------|-------|-------|--------|-----------
POST     /api/book                                                                       5244    28(0.53%) |   2900      92   17444    560 |   15.30        0.00
GET      /api/concerts                                                                   1076     1(0.09%) |    229       2    4208      6 |    2.10        0.00
GET      /health                                                                          506     0(0.00%) |    313       2    7164      8 |    1.60        0.00
--------|----------------------------------------------------------------------------|-------|-------------|-------|-------|-------|-------|--------|-----------
         Aggregated                                                                      6826    29(0.42%) |   2287       2   17444    360 |   19.00        0.00

Type     Name                                                                          # reqs      # fails |    Avg     Min     Max    Med |   req/s  failures/s
--------|----------------------------------------------------------------------------|-------|-------------|-------|-------|-------|-------|--------|-----------
POST     /api/book                                                                       5264    28(0.53%) |   2892      92   17444    550 |   12.70        0.00
GET      /api/concerts                                                                   1080     1(0.09%) |    228       2    4208      6 |    2.60        0.00
GET      /health                                                                          508     0(0.00%) |    312       2    7164      8 |    1.30        0.00
--------|----------------------------------------------------------------------------|-------|-------------|-------|-------|-------|-------|--------|-----------
         Aggregated                                                                      6852    29(0.42%) |   2281       2   17444    360 |   16.60        0.00

Type     Name                                                                          # reqs      # fails |    Avg     Min     Max    Med |   req/s  failures/s
--------|----------------------------------------------------------------------------|-------|-------------|-------|-------|-------|-------|--------|-----------
POST     /api/book                                                                       5305    28(0.53%) |   2890      92   17444    560 |   11.40        0.00
GET      /api/concerts                                                                   1090     1(0.09%) |    230       2    4208      6 |    2.50        0.00
GET      /health                                                                          509     0(0.00%) |    312       2    7164      8 |    1.30        0.00
--------|----------------------------------------------------------------------------|-------|-------------|-------|-------|-------|-------|--------|-----------
         Aggregated                                                                      6904    29(0.42%) |   2280       2   17444    360 |   15.20        0.00

Type     Name                                                                          # reqs      # fails |    Avg     Min     Max    Med |   req/s  failures/s
--------|----------------------------------------------------------------------------|-------|-------------|-------|-------|-------|-------|--------|-----------
POST     /api/book                                                                       5330    28(0.53%) |   2881      92   17444    550 |   12.60        0.00
GET      /api/concerts                                                                   1096     1(0.09%) |    229       2    4208      6 |    2.80        0.00
GET      /health                                                                          514     0(0.00%) |    310       2    7164      8 |    1.10        0.00
--------|----------------------------------------------------------------------------|-------|-------------|-------|-------|-------|-------|--------|-----------
         Aggregated                                                                      6940    29(0.42%) |   2272       2   17444    360 |   16.50        0.00

Type     Name                                                                          # reqs      # fails |    Avg     Min     Max    Med |   req/s  failures/s
--------|----------------------------------------------------------------------------|-------|-------------|-------|-------|-------|-------|--------|-----------
POST     /api/book                                                                       5354    28(0.52%) |   2873      92   17444    560 |   15.00        0.00
GET      /api/concerts                                                                   1100     1(0.09%) |    228       2    4208      6 |    3.50        0.00
GET      /health                                                                          515     0(0.00%) |    309       2    7164      8 |    1.50        0.00
--------|----------------------------------------------------------------------------|-------|-------------|-------|-------|-------|-------|--------|-----------
         Aggregated                                                                      6969    29(0.42%) |   2266       2   17444    360 |   20.00        0.00

Type     Name                                                                          # reqs      # fails |    Avg     Min     Max    Med |   req/s  failures/s
--------|----------------------------------------------------------------------------|-------|-------------|-------|-------|-------|-------|--------|-----------
POST     /api/book                                                                       5378    28(0.52%) |   2862      92   17444    550 |   13.10        0.00
GET      /api/concerts                                                                   1104     1(0.09%) |    229       2    4208      6 |    3.40        0.00
GET      /health                                                                          518     0(0.00%) |    310       2    7164      8 |    1.40        0.00
--------|----------------------------------------------------------------------------|-------|-------------|-------|-------|-------|-------|--------|-----------
         Aggregated                                                                      7000    29(0.41%) |   2258       2   17444    360 |   17.90        0.00

Type     Name                                                                          # reqs      # fails |    Avg     Min     Max    Med |   req/s  failures/s
--------|----------------------------------------------------------------------------|-------|-------------|-------|-------|-------|-------|--------|-----------
POST     /api/book                                                                       5412    28(0.52%) |   2862      92   17444    550 |   13.00        0.00
GET      /api/concerts                                                                   1112     1(0.09%) |    231       2    4208      6 |    3.10        0.00
GET      /health                                                                          522     0(0.00%) |    310       2    7164      8 |    1.20        0.00
--------|----------------------------------------------------------------------------|-------|-------------|-------|-------|-------|-------|--------|-----------
         Aggregated                                                                      7046    29(0.41%) |   2257       2   17444    360 |   17.30        0.00

Type     Name                                                                          # reqs      # fails |    Avg     Min     Max    Med |   req/s  failures/s
--------|----------------------------------------------------------------------------|-------|-------------|-------|-------|-------|-------|--------|-----------
POST     /api/book                                                                       5434    28(0.52%) |   2852      92   17444    540 |   15.00        0.00
GET      /api/concerts                                                                   1116     1(0.09%) |    230       2    4208      6 |    3.40        0.00
GET      /health                                                                          523     0(0.00%) |    309       2    7164      8 |    1.30        0.00
--------|----------------------------------------------------------------------------|-------|-------------|-------|-------|-------|-------|--------|-----------
         Aggregated                                                                      7073    29(0.41%) |   2250       2   17444    360 |   19.70        0.00

Type     Name                                                                          # reqs      # fails |    Avg     Min     Max    Med |   req/s  failures/s
--------|----------------------------------------------------------------------------|-------|-------------|-------|-------|-------|-------|--------|-----------
POST     /api/book                                                                       5466    28(0.51%) |   2847      92   17444    540 |   15.30        0.00
GET      /api/concerts                                                                   1117     1(0.09%) |    230       2    4208      6 |    3.00        0.00
GET      /health                                                                          529     0(0.00%) |    310       2    7164      8 |    1.50        0.00
--------|----------------------------------------------------------------------------|-------|-------------|-------|-------|-------|-------|--------|-----------
         Aggregated                                                                      7112    29(0.41%) |   2247       2   17444    360 |   19.80        0.00

Type     Name                                                                          # reqs      # fails |    Avg     Min     Max    Med |   req/s  failures/s
--------|----------------------------------------------------------------------------|-------|-------------|-------|-------|-------|-------|--------|-----------
POST     /api/book                                                                       5488    28(0.51%) |   2837      92   17444    540 |   14.00        0.00
GET      /api/concerts                                                                   1122     1(0.09%) |    229       2    4208      6 |    2.30        0.00
GET      /health                                                                          532     0(0.00%) |    309       2    7164      8 |    1.50        0.00
--------|----------------------------------------------------------------------------|-------|-------------|-------|-------|-------|-------|--------|-----------
         Aggregated                                                                      7142    29(0.41%) |   2239       2   17444    360 |   17.80        0.00

Type     Name                                                                          # reqs      # fails |    Avg     Min     Max    Med |   req/s  failures/s
--------|----------------------------------------------------------------------------|-------|-------------|-------|-------|-------|-------|--------|-----------
POST     /api/book                                                                       5529    28(0.51%) |   2832      92   17444    540 |   13.30        0.00
GET      /api/concerts                                                                   1126     1(0.09%) |    228       2    4208      6 |    2.20        0.00
GET      /health                                                                          536     0(0.00%) |    309       2    7164      8 |    1.70        0.00
--------|----------------------------------------------------------------------------|-------|-------------|-------|-------|-------|-------|--------|-----------
         Aggregated                                                                      7191    29(0.40%) |   2236       2   17444    360 |   17.20        0.00

Type     Name                                                                          # reqs      # fails |    Avg     Min     Max    Med |   req/s  failures/s
--------|----------------------------------------------------------------------------|-------|-------------|-------|-------|-------|-------|--------|-----------
POST     /api/book                                                                       5544    28(0.51%) |   2825      92   17444    540 |   15.40        0.00
GET      /api/concerts                                                                   1129     1(0.09%) |    227       2    4208      6 |    2.10        0.00
GET      /health                                                                          537     0(0.00%) |    308       2    7164      8 |    1.80        0.00
--------|----------------------------------------------------------------------------|-------|-------------|-------|-------|-------|-------|--------|-----------
         Aggregated                                                                      7210    29(0.40%) |   2231       2   17444    360 |   19.30        0.00

Type     Name                                                                          # reqs      # fails |    Avg     Min     Max    Med |   req/s  failures/s
--------|----------------------------------------------------------------------------|-------|-------------|-------|-------|-------|-------|--------|-----------
POST     /api/book                                                                       5585    28(0.50%) |   2824      92   17444    540 |   13.40        0.00
GET      /api/concerts                                                                   1136     1(0.09%) |    229       2    4208      6 |    1.60        0.00
GET      /health                                                                          539     0(0.00%) |    310       2    7164      8 |    1.60        0.00
--------|----------------------------------------------------------------------------|-------|-------------|-------|-------|-------|-------|--------|-----------
         Aggregated                                                                      7260    29(0.40%) |   2231       2   17444    360 |   16.60        0.00

Type     Name                                                                          # reqs      # fails |    Avg     Min     Max    Med |   req/s  failures/s
--------|----------------------------------------------------------------------------|-------|-------------|-------|-------|-------|-------|--------|-----------
POST     /api/book                                                                       5605    28(0.50%) |   2815      92   17444    540 |   14.30        0.00
GET      /api/concerts                                                                   1138     1(0.09%) |    229       2    4208      6 |    1.80        0.00
GET      /health                                                                          541     0(0.00%) |    309       2    7164      8 |    1.60        0.00
--------|----------------------------------------------------------------------------|-------|-------------|-------|-------|-------|-------|--------|-----------
         Aggregated                                                                      7284    29(0.40%) |   2225       2   17444    360 |   17.70        0.00

Type     Name                                                                          # reqs      # fails |    Avg     Min     Max    Med |   req/s  failures/s
--------|----------------------------------------------------------------------------|-------|-------------|-------|-------|-------|-------|--------|-----------
POST     /api/book                                                                       5636    28(0.50%) |   2809      92   17444    540 |   13.80        0.00
GET      /api/concerts                                                                   1144     1(0.09%) |    230       2    4208      6 |    2.10        0.00
GET      /health                                                                          544     0(0.00%) |    307       2    7164      8 |    1.30        0.00
--------|----------------------------------------------------------------------------|-------|-------------|-------|-------|-------|-------|--------|-----------
         Aggregated                                                                      7324    29(0.40%) |   2220       2   17444    360 |   17.20        0.00

Type     Name                                                                          # reqs      # fails |    Avg     Min     Max    Med |   req/s  failures/s
--------|----------------------------------------------------------------------------|-------|-------------|-------|-------|-------|-------|--------|-----------
POST     /api/book                                                                       5657    28(0.49%) |   2800      92   17444    540 |   14.60        0.00
GET      /api/concerts                                                                   1148     1(0.09%) |    230       2    4208      6 |    2.10        0.00
GET      /health                                                                          545     0(0.00%) |    307       2    7164      8 |    1.10        0.00
--------|----------------------------------------------------------------------------|-------|-------------|-------|-------|-------|-------|--------|-----------
         Aggregated                                                                      7350    29(0.39%) |   2213       2   17444    360 |   17.80        0.00

Type     Name                                                                          # reqs      # fails |    Avg     Min     Max    Med |   req/s  failures/s
--------|----------------------------------------------------------------------------|-------|-------------|-------|-------|-------|-------|--------|-----------
POST     /api/book                                                                       5684    28(0.49%) |   2797      92   17444    540 |   12.70        0.00
GET      /api/concerts                                                                   1155     1(0.09%) |    232       2    4208      6 |    2.40        0.00
GET      /health                                                                          547     0(0.00%) |    306       2    7164      8 |    1.10        0.00
--------|----------------------------------------------------------------------------|-------|-------------|-------|-------|-------|-------|--------|-----------
         Aggregated                                                                      7386    29(0.39%) |   2211       2   17444    360 |   16.20        0.00

Type     Name                                                                          # reqs      # fails |    Avg     Min     Max    Med |   req/s  failures/s
--------|----------------------------------------------------------------------------|-------|-------------|-------|-------|-------|-------|--------|-----------
POST     /api/book                                                                       5726    28(0.49%) |   2798      92   17444    540 |   13.00        0.00
GET      /api/concerts                                                                   1163     1(0.09%) |    231       2    4208      6 |    2.40        0.00
GET      /health                                                                          552     0(0.00%) |    303       2    7164      8 |    0.90        0.00
--------|----------------------------------------------------------------------------|-------|-------------|-------|-------|-------|-------|--------|-----------
         Aggregated                                                                      7441    29(0.39%) |   2211       2   17444    360 |   16.30        0.00

Type     Name                                                                          # reqs      # fails |    Avg     Min     Max    Med |   req/s  failures/s
--------|----------------------------------------------------------------------------|-------|-------------|-------|-------|-------|-------|--------|-----------
POST     /api/book                                                                       5747    28(0.49%) |   2788      92   17444    540 |   14.60        0.00
GET      /api/concerts                                                                   1167     1(0.09%) |    230       2    4208      6 |    2.50        0.00
GET      /health                                                                          555     0(0.00%) |    302       2    7164      8 |    0.90        0.00
--------|----------------------------------------------------------------------------|-------|-------------|-------|-------|-------|-------|--------|-----------
         Aggregated                                                                      7469    29(0.39%) |   2204       2   17444    360 |   18.00        0.00

Type     Name                                                                          # reqs      # fails |    Avg     Min     Max    Med |   req/s  failures/s
--------|----------------------------------------------------------------------------|-------|-------------|-------|-------|-------|-------|--------|-----------
POST     /api/book                                                                       5769    28(0.49%) |   2779      92   17444    530 |   14.10        0.00
GET      /api/concerts                                                                   1172     1(0.09%) |    230       2    4208      6 |    2.80        0.00
GET      /health                                                                          558     0(0.00%) |    303       2    7164      8 |    1.40        0.00
--------|----------------------------------------------------------------------------|-------|-------------|-------|-------|-------|-------|--------|-----------
         Aggregated                                                                      7499    29(0.39%) |   2196       2   17444    350 |   18.30        0.00

Type     Name                                                                          # reqs      # fails |    Avg     Min     Max    Med |   req/s  failures/s
--------|----------------------------------------------------------------------------|-------|-------------|-------|-------|-------|-------|--------|-----------
POST     /api/book                                                                       5798    28(0.48%) |   2779      92   17444    530 |   13.20        0.00
GET      /api/concerts                                                                   1176     1(0.09%) |    229       2    4208      6 |    2.80        0.00
GET      /health                                                                          561     0(0.00%) |    302       2    7164      8 |    1.30        0.00
--------|----------------------------------------------------------------------------|-------|-------------|-------|-------|-------|-------|--------|-----------
         Aggregated                                                                      7535    29(0.38%) |   2197       2   17444    350 |   17.30        0.00

Type     Name                                                                          # reqs      # fails |    Avg     Min     Max    Med |   req/s  failures/s
--------|----------------------------------------------------------------------------|-------|-------------|-------|-------|-------|-------|--------|-----------
POST     /api/book                                                                       5840    28(0.48%) |   2776      92   17444    530 |   13.20        0.00
GET      /api/concerts                                                                   1179     1(0.08%) |    228       2    4208      6 |    2.60        0.00
GET      /health                                                                          564     0(0.00%) |    301       2    7164      8 |    1.60        0.00
--------|----------------------------------------------------------------------------|-------|-------------|-------|-------|-------|-------|--------|-----------
         Aggregated                                                                      7583    29(0.38%) |   2196       2   17444    360 |   17.40        0.00

Type     Name                                                                          # reqs      # fails |    Avg     Min     Max    Med |   req/s  failures/s
--------|----------------------------------------------------------------------------|-------|-------------|-------|-------|-------|-------|--------|-----------
POST     /api/book                                                                       5859    28(0.48%) |   2768      92   17444    530 |   16.00        0.00
GET      /api/concerts                                                                   1187     1(0.08%) |    227       2    4208      6 |    2.60        0.00
GET      /health                                                                          568     0(0.00%) |    299       2    7164      8 |    1.70        0.00
--------|----------------------------------------------------------------------------|-------|-------------|-------|-------|-------|-------|--------|-----------
         Aggregated                                                                      7614    29(0.38%) |   2188       2   17444    350 |   20.30        0.00

Type     Name                                                                          # reqs      # fails |    Avg     Min     Max    Med |   req/s  failures/s
--------|----------------------------------------------------------------------------|-------|-------------|-------|-------|-------|-------|--------|-----------
POST     /api/book                                                                       5879    28(0.48%) |   2761      92   17444    530 |   13.70        0.00
GET      /api/concerts                                                                   1192     1(0.08%) |    226       2    4208      6 |    2.60        0.00
GET      /health                                                                          570     0(0.00%) |    298       2    7164      8 |    2.00        0.00
--------|----------------------------------------------------------------------------|-------|-------------|-------|-------|-------|-------|--------|-----------
         Aggregated                                                                      7641    29(0.38%) |   2182       2   17444    350 |   18.30        0.00

Type     Name                                                                          # reqs      # fails |    Avg     Min     Max    Med |   req/s  failures/s
--------|----------------------------------------------------------------------------|-------|-------------|-------|-------|-------|-------|--------|-----------
POST     /api/book                                                                       5919    28(0.47%) |   2763      92   17444    530 |   13.10        0.00
GET      /api/concerts                                                                   1198     1(0.08%) |    228       2    4208      6 |    2.50        0.00
GET      /health                                                                          571     0(0.00%) |    297       2    7164      8 |    1.50        0.00
--------|----------------------------------------------------------------------------|-------|-------------|-------|-------|-------|-------|--------|-----------
         Aggregated                                                                      7688    29(0.38%) |   2185       2   17444    350 |   17.10        0.00

Type     Name                                                                          # reqs      # fails |    Avg     Min     Max    Med |   req/s  failures/s
--------|----------------------------------------------------------------------------|-------|-------------|-------|-------|-------|-------|--------|-----------
POST     /api/book                                                                       5944    28(0.47%) |   2756      92   17444    530 |   14.70        0.00
GET      /api/concerts                                                                   1206     1(0.08%) |    226       2    4208      6 |    2.70        0.00
GET      /health                                                                          574     0(0.00%) |    296       2    7164      8 |    1.50        0.00
--------|----------------------------------------------------------------------------|-------|-------------|-------|-------|-------|-------|--------|-----------
         Aggregated                                                                      7724    29(0.38%) |   2178       2   17444    350 |   18.90        0.00

Type     Name                                                                          # reqs      # fails |    Avg     Min     Max    Med |   req/s  failures/s
--------|----------------------------------------------------------------------------|-------|-------------|-------|-------|-------|-------|--------|-----------
POST     /api/book                                                                       5963    28(0.47%) |   2749      92   17444    530 |   15.80        0.00
GET      /api/concerts                                                                   1211     1(0.08%) |    226       2    4208      6 |    2.90        0.00
GET      /health                                                                          580     0(0.00%) |    294       2    7164      8 |    1.30        0.00
--------|----------------------------------------------------------------------------|-------|-------------|-------|-------|-------|-------|--------|-----------
         Aggregated                                                                      7754    29(0.37%) |   2171       2   17444    350 |   20.00        0.00

Type     Name                                                                          # reqs      # fails |    Avg     Min     Max    Med |   req/s  failures/s
--------|----------------------------------------------------------------------------|-------|-------------|-------|-------|-------|-------|--------|-----------
POST     /api/book                                                                       5979    28(0.47%) |   2743      92   17444    530 |   12.90        0.00
GET      /api/concerts                                                                   1216     1(0.08%) |    225       2    4208      6 |    3.30        0.00
GET      /health                                                                          582     0(0.00%) |    293       2    7164      8 |    1.60        0.00
--------|----------------------------------------------------------------------------|-------|-------------|-------|-------|-------|-------|--------|-----------
         Aggregated                                                                      7777    29(0.37%) |   2166       2   17444    350 |   17.80        0.00

Type     Name                                                                          # reqs      # fails |    Avg     Min     Max    Med |   req/s  failures/s
--------|----------------------------------------------------------------------------|-------|-------------|-------|-------|-------|-------|--------|-----------
POST     /api/book                                                                       6022    28(0.46%) |   2742      92   17444    530 |   11.60        0.00
GET      /api/concerts                                                                   1220     1(0.08%) |    226       2    4208      6 |    3.00        0.00
GET      /health                                                                          584     0(0.00%) |    292       2    7164      8 |    1.40        0.00
--------|----------------------------------------------------------------------------|-------|-------------|-------|-------|-------|-------|--------|-----------
         Aggregated                                                                      7826    29(0.37%) |   2167       2   17444    350 |   16.00        0.00

Type     Name                                                                          # reqs      # fails |    Avg     Min     Max    Med |   req/s  failures/s
--------|----------------------------------------------------------------------------|-------|-------------|-------|-------|-------|-------|--------|-----------
POST     /api/book                                                                       6038    28(0.46%) |   2738      92   17444    530 |   14.20        0.00
GET      /api/concerts                                                                   1223     1(0.08%) |    225       2    4208      6 |    2.80        0.00
GET      /health                                                                          585     0(0.00%) |    291       2    7164      8 |    1.40        0.00
--------|----------------------------------------------------------------------------|-------|-------------|-------|-------|-------|-------|--------|-----------
         Aggregated                                                                      7846    29(0.37%) |   2164       2   17444    350 |   18.40        0.00

Type     Name                                                                          # reqs      # fails |    Avg     Min     Max    Med |   req/s  failures/s
--------|----------------------------------------------------------------------------|-------|-------------|-------|-------|-------|-------|--------|-----------
POST     /api/book                                                                       6073    28(0.46%) |   2734      92   17444    530 |   12.70        0.00
GET      /api/concerts                                                                   1231     1(0.08%) |    228       2    4208      6 |    2.50        0.00
GET      /health                                                                          586     0(0.00%) |    291       2    7164      8 |    1.40        0.00
--------|----------------------------------------------------------------------------|-------|-------------|-------|-------|-------|-------|--------|-----------
         Aggregated                                                                      7890    29(0.37%) |   2162       2   17444    350 |   16.60        0.00

Type     Name                                                                          # reqs      # fails |    Avg     Min     Max    Med |   req/s  failures/s
--------|----------------------------------------------------------------------------|-------|-------------|-------|-------|-------|-------|--------|-----------
POST     /api/book                                                                       6093    28(0.46%) |   2726      92   17444    520 |   12.90        0.00
GET      /api/concerts                                                                   1234     1(0.08%) |    228       2    4208      6 |    2.50        0.00
GET      /health                                                                          589     0(0.00%) |    289       2    7164      8 |    1.20        0.00
--------|----------------------------------------------------------------------------|-------|-------------|-------|-------|-------|-------|--------|-----------
         Aggregated                                                                      7916    29(0.37%) |   2156       2   17444    350 |   16.60        0.00

Type     Name                                                                          # reqs      # fails |    Avg     Min     Max    Med |   req/s  failures/s
--------|----------------------------------------------------------------------------|-------|-------------|-------|-------|-------|-------|--------|-----------
POST     /api/book                                                                       6128    28(0.46%) |   2731      92   17444    530 |   12.70        0.00
GET      /api/concerts                                                                   1241     1(0.08%) |    231       2    4208      6 |    2.20        0.00
GET      /health                                                                          592     0(0.00%) |    290       2    7164      8 |    0.90        0.00
--------|----------------------------------------------------------------------------|-------|-------------|-------|-------|-------|-------|--------|-----------
         Aggregated                                                                      7961    29(0.36%) |   2160       2   17444    350 |   15.80        0.00

Type     Name                                                                          # reqs      # fails |    Avg     Min     Max    Med |   req/s  failures/s
--------|----------------------------------------------------------------------------|-------|-------------|-------|-------|-------|-------|--------|-----------
POST     /api/book                                                                       6158    28(0.45%) |   2724      92   17444    530 |   13.90        0.00
GET      /api/concerts                                                                   1246     1(0.08%) |    230       2    4208      6 |    2.60        0.00
GET      /health                                                                          595     0(0.00%) |    289       2    7164      8 |    0.90        0.00
--------|----------------------------------------------------------------------------|-------|-------------|-------|-------|-------|-------|--------|-----------
         Aggregated                                                                      7999    29(0.36%) |   2154       2   17444    350 |   17.40        0.00

Type     Name                                                                          # reqs      # fails |    Avg     Min     Max    Med |   req/s  failures/s
--------|----------------------------------------------------------------------------|-------|-------------|-------|-------|-------|-------|--------|-----------
POST     /api/book                                                                       6175    28(0.45%) |   2717      92   17444    530 |   14.30        0.00
GET      /api/concerts                                                                   1256     1(0.08%) |    229       2    4208      6 |    2.50        0.00
GET      /health                                                                          599     0(0.00%) |    287       2    7164      8 |    0.90        0.00
--------|----------------------------------------------------------------------------|-------|-------------|-------|-------|-------|-------|--------|-----------
         Aggregated                                                                      8030    29(0.36%) |   2147       2   17444    350 |   17.70        0.00

Type     Name                                                                          # reqs      # fails |    Avg     Min     Max    Med |   req/s  failures/s
--------|----------------------------------------------------------------------------|-------|-------------|-------|-------|-------|-------|--------|-----------
POST     /api/book                                                                       6194    28(0.45%) |   2711      92   17444    520 |   13.30        0.00
GET      /api/concerts                                                                   1260     1(0.08%) |    228       2    4208      6 |    3.40        0.00
GET      /health                                                                          600     0(0.00%) |    287       2    7164      8 |    1.30        0.00
--------|----------------------------------------------------------------------------|-------|-------------|-------|-------|-------|-------|--------|-----------
         Aggregated                                                                      8054    29(0.36%) |   2142       2   17444    350 |   18.00        0.00

Type     Name                                                                          # reqs      # fails |    Avg     Min     Max    Med |   req/s  failures/s
--------|----------------------------------------------------------------------------|-------|-------------|-------|-------|-------|-------|--------|-----------
POST     /api/book                                                                       6223    28(0.45%) |   2707      92   17444    520 |   12.00        0.00
GET      /api/concerts                                                                   1260     1(0.08%) |    228       2    4208      6 |    3.20        0.00
GET      /health                                                                          603     0(0.00%) |    286       2    7164      8 |    1.30        0.00
--------|----------------------------------------------------------------------------|-------|-------------|-------|-------|-------|-------|--------|-----------
         Aggregated                                                                      8086    29(0.36%) |   2140       2   17444    350 |   16.50        0.00

Type     Name                                                                          # reqs      # fails |    Avg     Min     Max    Med |   req/s  failures/s
--------|----------------------------------------------------------------------------|-------|-------------|-------|-------|-------|-------|--------|-----------
POST     /api/book                                                                       6272    28(0.45%) |   2709      92   17444    520 |   12.20        0.00
GET      /api/concerts                                                                   1262     1(0.08%) |    228       2    4208      6 |    2.70        0.00
GET      /health                                                                          607     0(0.00%) |    284       2    7164      8 |    1.30        0.00
--------|----------------------------------------------------------------------------|-------|-------------|-------|-------|-------|-------|--------|-----------
         Aggregated                                                                      8141    29(0.36%) |   2144       2   17444    350 |   16.20        0.00

Type     Name                                                                          # reqs      # fails |    Avg     Min     Max    Med |   req/s  failures/s
--------|----------------------------------------------------------------------------|-------|-------------|-------|-------|-------|-------|--------|-----------
POST     /api/book                                                                       6293    28(0.44%) |   2702      92   17444    520 |   15.00        0.00
GET      /api/concerts                                                                   1272     1(0.08%) |    227       2    4208      6 |    2.20        0.00
GET      /health                                                                          612     0(0.00%) |    282       2    7164      8 |    1.50        0.00
--------|----------------------------------------------------------------------------|-------|-------------|-------|-------|-------|-------|--------|-----------
         Aggregated                                                                      8177    29(0.35%) |   2136       2   17444    350 |   18.70        0.00

Type     Name                                                                          # reqs      # fails |    Avg     Min     Max    Med |   req/s  failures/s
--------|----------------------------------------------------------------------------|-------|-------------|-------|-------|-------|-------|--------|-----------
POST     /api/book                                                                       6313    28(0.44%) |   2696      92   17444    520 |   12.60        0.00
GET      /api/concerts                                                                   1277     1(0.08%) |    226       2    4208      6 |    2.80        0.00
GET      /health                                                                          616     0(0.00%) |    284       2    7164      8 |    1.80        0.00
--------|----------------------------------------------------------------------------|-------|-------------|-------|-------|-------|-------|--------|-----------
         Aggregated                                                                      8206    29(0.35%) |   2130       2   17444    350 |   17.20        0.00

Type     Name                                                                          # reqs      # fails |    Avg     Min     Max    Med |   req/s  failures/s
--------|----------------------------------------------------------------------------|-------|-------------|-------|-------|-------|-------|--------|-----------
POST     /api/book                                                                       6326    28(0.44%) |   2691      92   17444    520 |   13.10        0.00
GET      /api/concerts                                                                   1285     1(0.08%) |    225       2    4208      6 |    2.10        0.00
GET      /health                                                                          617     0(0.00%) |    283       2    7164      8 |    1.80        0.00
--------|----------------------------------------------------------------------------|-------|-------------|-------|-------|-------|-------|--------|-----------
         Aggregated                                                                      8228    29(0.35%) |   2125       2   17444    350 |   17.00        0.00

Type     Name                                                                          # reqs      # fails |    Avg     Min     Max    Med |   req/s  failures/s
--------|----------------------------------------------------------------------------|-------|-------------|-------|-------|-------|-------|--------|-----------
POST     /api/book                                                                       6381    28(0.44%) |   2693      92   17444    520 |   13.00        0.00
GET      /api/concerts                                                                   1289     1(0.08%) |    225       2    4208      6 |    2.50        0.00
GET      /health                                                                          618     0(0.00%) |    283       2    7164      8 |    1.80        0.00
--------|----------------------------------------------------------------------------|-------|-------------|-------|-------|-------|-------|--------|-----------
         Aggregated                                                                      8288    29(0.35%) |   2129       2   17444    350 |   17.30        0.00

Type     Name                                                                          # reqs      # fails |    Avg     Min     Max    Med |   req/s  failures/s
--------|----------------------------------------------------------------------------|-------|-------------|-------|-------|-------|-------|--------|-----------
POST     /api/book                                                                       6398    28(0.44%) |   2686      92   17444    520 |   16.40        0.00
GET      /api/concerts                                                                   1296     1(0.08%) |    224       2    4208      6 |    2.60        0.00
GET      /health                                                                          621     0(0.00%) |    282       2    7164      8 |    1.70        0.00
--------|----------------------------------------------------------------------------|-------|-------------|-------|-------|-------|-------|--------|-----------
         Aggregated                                                                      8315    29(0.35%) |   2123       2   17444    350 |   20.70        0.00

Type     Name                                                                          # reqs      # fails |    Avg     Min     Max    Med |   req/s  failures/s
--------|----------------------------------------------------------------------------|-------|-------------|-------|-------|-------|-------|--------|-----------
POST     /api/book                                                                       6417    28(0.44%) |   2680      92   17444    520 |   13.30        0.00
GET      /api/concerts                                                                   1299     1(0.08%) |    224       2    4208      6 |    3.20        0.00
GET      /health                                                                          623     0(0.00%) |    281       2    7164      8 |    1.30        0.00
--------|----------------------------------------------------------------------------|-------|-------------|-------|-------|-------|-------|--------|-----------
         Aggregated                                                                      8339    29(0.35%) |   2118       2   17444    350 |   17.80        0.00

Type     Name                                                                          # reqs      # fails |    Avg     Min     Max    Med |   req/s  failures/s
--------|----------------------------------------------------------------------------|-------|-------------|-------|-------|-------|-------|--------|-----------
POST     /api/book                                                                       6460    28(0.43%) |   2684      92   17444    520 |   12.60        0.00
GET      /api/concerts                                                                   1306     1(0.08%) |    222       2    4208      6 |    2.70        0.00
GET      /health                                                                          625     0(0.00%) |    288       2    7164      8 |    1.10        0.00
--------|----------------------------------------------------------------------------|-------|-------------|-------|-------|-------|-------|--------|-----------
         Aggregated                                                                      8391    29(0.35%) |   2122       2   17444    350 |   16.40        0.00

Type     Name                                                                          # reqs      # fails |    Avg     Min     Max    Med |   req/s  failures/s
--------|----------------------------------------------------------------------------|-------|-------------|-------|-------|-------|-------|--------|-----------
POST     /api/book                                                                       6484    28(0.43%) |   2678      92   17444    520 |   12.60        0.00
GET      /api/concerts                                                                   1310     1(0.08%) |    222       2    4208      5 |    2.50        0.00
GET      /health                                                                          628     0(0.00%) |    287       2    7164      8 |    0.70        0.00
--------|----------------------------------------------------------------------------|-------|-------------|-------|-------|-------|-------|--------|-----------
         Aggregated                                                                      8422    29(0.34%) |   2117       2   17444    350 |   15.80        0.00

Type     Name                                                                          # reqs      # fails |    Avg     Min     Max    Med |   req/s  failures/s
--------|----------------------------------------------------------------------------|-------|-------------|-------|-------|-------|-------|--------|-----------
POST     /api/book                                                                       6503    28(0.43%) |   2671      92   17444    520 |   15.80        0.00
GET      /api/concerts                                                                   1316     1(0.08%) |    221       2    4208      5 |    2.40        0.00
GET      /health                                                                          631     0(0.00%) |    286       2    7164      8 |    1.00        0.00
--------|----------------------------------------------------------------------------|-------|-------------|-------|-------|-------|-------|--------|-----------
         Aggregated                                                                      8450    29(0.34%) |   2112       2   17444    350 |   19.20        0.00

Type     Name                                                                          # reqs      # fails |    Avg     Min     Max    Med |   req/s  failures/s
--------|----------------------------------------------------------------------------|-------|-------------|-------|-------|-------|-------|--------|-----------
POST     /api/book                                                                       6526    28(0.43%) |   2663      92   17444    520 |   12.60        0.00
GET      /api/concerts                                                                   1318     1(0.08%) |    221       2    4208      5 |    3.00        0.00
GET      /health                                                                          632     0(0.00%) |    286       2    7164      8 |    1.20        0.00
--------|----------------------------------------------------------------------------|-------|-------------|-------|-------|-------|-------|--------|-----------
         Aggregated                                                                      8476    29(0.34%) |   2106       2   17444    350 |   16.80        0.00

Type     Name                                                                          # reqs      # fails |    Avg     Min     Max    Med |   req/s  failures/s
--------|----------------------------------------------------------------------------|-------|-------------|-------|-------|-------|-------|--------|-----------
POST     /api/book                                                                       6569    28(0.43%) |   2664      92   17444    520 |   12.60        0.00
GET      /api/concerts                                                                   1319     1(0.08%) |    220       2    4208      5 |    2.30        0.00
GET      /health                                                                          636     0(0.00%) |    285       2    7164      8 |    1.20        0.00
--------|----------------------------------------------------------------------------|-------|-------------|-------|-------|-------|-------|--------|-----------
         Aggregated                                                                      8524    29(0.34%) |   2109       2   17444    350 |   16.10        0.00

Type     Name                                                                          # reqs      # fails |    Avg     Min     Max    Med |   req/s  failures/s
--------|----------------------------------------------------------------------------|-------|-------------|-------|-------|-------|-------|--------|-----------
POST     /api/book                                                                       6607    28(0.42%) |   2660      92   17444    520 |   14.10        0.00
GET      /api/concerts                                                                   1322     1(0.08%) |    220       2    4208      5 |    2.00        0.00
GET      /health                                                                          640     0(0.00%) |    284       2    7164      8 |    1.30        0.00
--------|----------------------------------------------------------------------------|-------|-------------|-------|-------|-------|-------|--------|-----------
         Aggregated                                                                      8569    29(0.34%) |   2106       2   17444    350 |   17.40        0.00

[2026-05-31 14:27:48,189] ip-172-31-20-158/INFO/locust.runners: Shape test stopping
[2026-05-31 14:27:48,219] ip-172-31-20-158/INFO/locust.main: Shape test completed, shutting down
[2026-05-31 14:27:48,220] ip-172-31-20-158/INFO/locust.main: Run time limit set to 600 seconds
[2026-05-31 14:27:48,291] ip-172-31-20-158/INFO/locust.main: writing html report to file: report_stress_run3.html
[2026-05-31 14:27:48,293] ip-172-31-20-158/INFO/locust.main: Shutting down (exit code 1)
Type     Name                                                                          # reqs      # fails |    Avg     Min     Max    Med |   req/s  failures/s
--------|----------------------------------------------------------------------------|-------|-------------|-------|-------|-------|-------|--------|-----------
POST     /api/book                                                                       6609    28(0.42%) |   2659      92   17444    520 |   11.00        0.05
GET      /api/concerts                                                                   1325     1(0.08%) |    220       2    4208      5 |    2.20        0.00
GET      /health                                                                          640     0(0.00%) |    284       2    7164      8 |    1.06        0.00
--------|----------------------------------------------------------------------------|-------|-------------|-------|-------|-------|-------|--------|-----------
         Aggregated                                                                      8574    29(0.34%) |   2105       2   17444    350 |   14.27        0.05

Response time percentiles (approximated)
Type     Name                                                                                  50%    66%    75%    80%    90%    95%    98%    99%  99.9% 99.99%   100% # reqs
--------|--------------------------------------------------------------------------------|--------|------|------|------|------|------|------|------|------|------|------|------
POST     /api/book                                                                             520   3100   4900   5600   7600  10000  12000  13000  17000  17000  17000   6609
GET      /api/concerts                                                                           5     37     79    180    690   1400   2100   2600   4200   4200   4200   1325
GET      /health                                                                                 8     45    120    270    850   1700   2900   4200   7200   7200   7200    640
--------|--------------------------------------------------------------------------------|--------|------|------|------|------|------|------|------|------|------|------|------
         Aggregated                                                                            350    980   3600   4700   6900   9300  12000  13000  15000  17000  17000   8574

Error report
# occurrences      Error                                                                                               
------------------|---------------------------------------------------------------------------------------------------------------------------------------------
1                  GET /api/concerts: ConnectionResetError(104, 'Connection reset by peer')                            
28                 POST /api/book: Status 0                                                                            
------------------|---------------------------------------------------------------------------------------------------------------------------------------------

