[2026-06-05 13:51:34,881] ip-172-31-20-158/INFO/locust.main: Starting Locust 2.44.0
[2026-06-05 13:51:34,881] ip-172-31-20-158/WARNING/locust.main: --run-time, --users or --spawn-rate have no impact on LoadShapes unless the shape class explicitly reads them. See: docs.locust.io/en/stable/custom-load-shape.html#use-common-options
[2026-06-05 13:51:34,881] ip-172-31-20-158/WARNING/locust.main: The following option(s) will be ignored: --run-time
[2026-06-05 13:51:34,882] ip-172-31-20-158/INFO/locust.runners: Shape test starting.
Type     Name                                                                          # reqs      # fails |    Avg     Min     Max    Med |   req/s  failures/s
--------|----------------------------------------------------------------------------|-------|-------------|-------|-------|-------|-------|--------|-----------
--------|----------------------------------------------------------------------------|-------|-------------|-------|-------|-------|-------|--------|-----------
         Aggregated                                                                         0     0(0.00%) |      0       0       0      0 |    0.00        0.00

[2026-06-05 13:51:34,883] ip-172-31-20-158/INFO/locust.runners: Shape worker starting
[2026-06-05 13:51:34,883] ip-172-31-20-158/INFO/locust.runners: Shape test updating to 5 users at 1.00 spawn rate
[2026-06-05 13:51:34,883] ip-172-31-20-158/INFO/locust.runners: Ramping to 5 users at a rate of 1.00 per second
Type     Name                                                                          # reqs      # fails |    Avg     Min     Max    Med |   req/s  failures/s
--------|----------------------------------------------------------------------------|-------|-------------|-------|-------|-------|-------|--------|-----------
POST     /api/book                                                                          3     0(0.00%) |    182     144     230    170 |    0.00        0.00
--------|----------------------------------------------------------------------------|-------|-------------|-------|-------|-------|-------|--------|-----------
         Aggregated                                                                         3     0(0.00%) |    182     144     230    170 |    0.00        0.00

Type     Name                                                                          # reqs      # fails |    Avg     Min     Max    Med |   req/s  failures/s
--------|----------------------------------------------------------------------------|-------|-------------|-------|-------|-------|-------|--------|-----------
POST     /api/book                                                                          7     0(0.00%) |    157     137     230    140 |    0.50        0.00
--------|----------------------------------------------------------------------------|-------|-------------|-------|-------|-------|-------|--------|-----------
         Aggregated                                                                         7     0(0.00%) |    157     137     230    140 |    0.50        0.00

[2026-06-05 13:51:38,887] ip-172-31-20-158/INFO/locust.runners: All users spawned: {"TicketingUser": 5} (5 total users)
Type     Name                                                                          # reqs      # fails |    Avg     Min     Max    Med |   req/s  failures/s
--------|----------------------------------------------------------------------------|-------|-------------|-------|-------|-------|-------|--------|-----------
POST     /api/book                                                                         10     0(0.00%) |    180     137     299    140 |    1.25        0.00
GET      /api/concerts                                                                      1     0(0.00%) |      3       3       3      3 |    0.00        0.00
GET      /health                                                                            2     0(0.00%) |      2       2       2      2 |    0.00        0.00
--------|----------------------------------------------------------------------------|-------|-------------|-------|-------|-------|-------|--------|-----------
         Aggregated                                                                        13     0(0.00%) |    139       2     299    140 |    1.25        0.00

Type     Name                                                                          # reqs      # fails |    Avg     Min     Max    Med |   req/s  failures/s
--------|----------------------------------------------------------------------------|-------|-------------|-------|-------|-------|-------|--------|-----------
POST     /api/book                                                                         12     0(0.00%) |    173     136     299    140 |    1.40        0.00
GET      /api/concerts                                                                      2     0(0.00%) |      3       2       3      3 |    0.00        0.00
GET      /health                                                                            2     0(0.00%) |      2       2       2      2 |    0.00        0.00
--------|----------------------------------------------------------------------------|-------|-------------|-------|-------|-------|-------|--------|-----------
         Aggregated                                                                        16     0(0.00%) |    130       2     299    140 |    1.40        0.00

Type     Name                                                                          # reqs      # fails |    Avg     Min     Max    Med |   req/s  failures/s
--------|----------------------------------------------------------------------------|-------|-------------|-------|-------|-------|-------|--------|-----------
POST     /api/book                                                                         15     0(0.00%) |    167     136     299    140 |    1.43        0.00
GET      /api/concerts                                                                      4     0(0.00%) |      2       2       3      3 |    0.14        0.00
GET      /health                                                                            2     0(0.00%) |      2       2       2      2 |    0.29        0.00
--------|----------------------------------------------------------------------------|-------|-------------|-------|-------|-------|-------|--------|-----------
         Aggregated                                                                        21     0(0.00%) |    120       2     299    140 |    1.86        0.00

Type     Name                                                                          # reqs      # fails |    Avg     Min     Max    Med |   req/s  failures/s
--------|----------------------------------------------------------------------------|-------|-------------|-------|-------|-------|-------|--------|-----------
POST     /api/book                                                                         21     0(0.00%) |    175     128     299    140 |    1.50        0.00
GET      /api/concerts                                                                      4     0(0.00%) |      2       2       3      3 |    0.40        0.00
GET      /health                                                                            2     0(0.00%) |      2       2       2      2 |    0.20        0.00
--------|----------------------------------------------------------------------------|-------|-------------|-------|-------|-------|-------|--------|-----------
         Aggregated                                                                        27     0(0.00%) |    137       2     299    140 |    2.10        0.00

Type     Name                                                                          # reqs      # fails |    Avg     Min     Max    Med |   req/s  failures/s
--------|----------------------------------------------------------------------------|-------|-------------|-------|-------|-------|-------|--------|-----------
POST     /api/book                                                                         24     0(0.00%) |    195     128     377    140 |    1.70        0.00
GET      /api/concerts                                                                      4     0(0.00%) |      2       2       3      3 |    0.40        0.00
GET      /health                                                                            2     0(0.00%) |      2       2       2      2 |    0.20        0.00
--------|----------------------------------------------------------------------------|-------|-------------|-------|-------|-------|-------|--------|-----------
         Aggregated                                                                        30     0(0.00%) |    156       2     377    140 |    2.30        0.00

Type     Name                                                                          # reqs      # fails |    Avg     Min     Max    Med |   req/s  failures/s
--------|----------------------------------------------------------------------------|-------|-------------|-------|-------|-------|-------|--------|-----------
POST     /api/book                                                                         27     0(0.00%) |    197     128     377    140 |    1.80        0.00
GET      /api/concerts                                                                      5     0(0.00%) |      2       2       3      3 |    0.40        0.00
GET      /health                                                                            2     0(0.00%) |      2       2       2      2 |    0.20        0.00
--------|----------------------------------------------------------------------------|-------|-------------|-------|-------|-------|-------|--------|-----------
         Aggregated                                                                        34     0(0.00%) |    157       2     377    140 |    2.40        0.00

Type     Name                                                                          # reqs      # fails |    Avg     Min     Max    Med |   req/s  failures/s
--------|----------------------------------------------------------------------------|-------|-------------|-------|-------|-------|-------|--------|-----------
POST     /api/book                                                                         32     0(0.00%) |    206     128     377    170 |    1.50        0.00
GET      /api/concerts                                                                      5     0(0.00%) |      2       2       3      3 |    0.40        0.00
GET      /health                                                                            4     0(0.00%) |      5       2      15      3 |    0.20        0.00
--------|----------------------------------------------------------------------------|-------|-------------|-------|-------|-------|-------|--------|-----------
         Aggregated                                                                        41     0(0.00%) |    161       2     377    140 |    2.10        0.00

Type     Name                                                                          # reqs      # fails |    Avg     Min     Max    Med |   req/s  failures/s
--------|----------------------------------------------------------------------------|-------|-------------|-------|-------|-------|-------|--------|-----------
POST     /api/book                                                                         36     0(0.00%) |    199     128     377    140 |    1.80        0.00
GET      /api/concerts                                                                      6     0(0.00%) |      2       2       3      3 |    0.30        0.00
GET      /health                                                                            4     0(0.00%) |      5       2      15      3 |    0.00        0.00
--------|----------------------------------------------------------------------------|-------|-------------|-------|-------|-------|-------|--------|-----------
         Aggregated                                                                        46     0(0.00%) |    156       2     377    140 |    2.10        0.00

Type     Name                                                                          # reqs      # fails |    Avg     Min     Max    Med |   req/s  failures/s
--------|----------------------------------------------------------------------------|-------|-------------|-------|-------|-------|-------|--------|-----------
POST     /api/book                                                                         40     0(0.00%) |    200     128     377    140 |    1.80        0.00
GET      /api/concerts                                                                      6     0(0.00%) |      2       2       3      3 |    0.20        0.00
GET      /health                                                                            4     0(0.00%) |      5       2      15      3 |    0.20        0.00
--------|----------------------------------------------------------------------------|-------|-------------|-------|-------|-------|-------|--------|-----------
         Aggregated                                                                        50     0(0.00%) |    161       2     377    140 |    2.20        0.00

Type     Name                                                                          # reqs      # fails |    Avg     Min     Max    Med |   req/s  failures/s
--------|----------------------------------------------------------------------------|-------|-------------|-------|-------|-------|-------|--------|-----------
POST     /api/book                                                                         43     0(0.00%) |    195     128     377    140 |    2.00        0.00
GET      /api/concerts                                                                      7     0(0.00%) |      2       2       3      3 |    0.20        0.00
GET      /health                                                                            4     0(0.00%) |      5       2      15      3 |    0.20        0.00
--------|----------------------------------------------------------------------------|-------|-------------|-------|-------|-------|-------|--------|-----------
         Aggregated                                                                        54     0(0.00%) |    156       2     377    140 |    2.40        0.00

Type     Name                                                                          # reqs      # fails |    Avg     Min     Max    Med |   req/s  failures/s
--------|----------------------------------------------------------------------------|-------|-------------|-------|-------|-------|-------|--------|-----------
POST     /api/book                                                                         46     0(0.00%) |    192     128     377    140 |    1.80        0.00
GET      /api/concerts                                                                      7     0(0.00%) |      2       2       3      3 |    0.20        0.00
GET      /health                                                                            5     0(0.00%) |      5       2      15      3 |    0.20        0.00
--------|----------------------------------------------------------------------------|-------|-------------|-------|-------|-------|-------|--------|-----------
         Aggregated                                                                        58     0(0.00%) |    153       2     377    140 |    2.20        0.00

Type     Name                                                                          # reqs      # fails |    Avg     Min     Max    Med |   req/s  failures/s
--------|----------------------------------------------------------------------------|-------|-------------|-------|-------|-------|-------|--------|-----------
POST     /api/book                                                                         50     0(0.00%) |    213     128     717    140 |    2.00        0.00
GET      /api/concerts                                                                      8     0(0.00%) |      2       2       3      3 |    0.20        0.00
GET      /health                                                                            5     0(0.00%) |      5       2      15      3 |    0.20        0.00
--------|----------------------------------------------------------------------------|-------|-------------|-------|-------|-------|-------|--------|-----------
         Aggregated                                                                        63     0(0.00%) |    170       2     717    140 |    2.40        0.00

Type     Name                                                                          # reqs      # fails |    Avg     Min     Max    Med |   req/s  failures/s
--------|----------------------------------------------------------------------------|-------|-------------|-------|-------|-------|-------|--------|-----------
POST     /api/book                                                                         53     0(0.00%) |    209     128     717    140 |    1.70        0.00
GET      /api/concerts                                                                      9     0(0.00%) |      2       2       3      3 |    0.20        0.00
GET      /health                                                                            5     0(0.00%) |      5       2      15      3 |    0.30        0.00
--------|----------------------------------------------------------------------------|-------|-------------|-------|-------|-------|-------|--------|-----------
         Aggregated                                                                        67     0(0.00%) |    166       2     717    140 |    2.20        0.00

Type     Name                                                                          # reqs      # fails |    Avg     Min     Max    Med |   req/s  failures/s
--------|----------------------------------------------------------------------------|-------|-------------|-------|-------|-------|-------|--------|-----------
POST     /api/book                                                                         56     0(0.00%) |    205     125     717    140 |    1.90        0.00
GET      /api/concerts                                                                     10     0(0.00%) |      2       2       3      3 |    0.30        0.00
GET      /health                                                                            5     0(0.00%) |      5       2      15      3 |    0.10        0.00
--------|----------------------------------------------------------------------------|-------|-------------|-------|-------|-------|-------|--------|-----------
         Aggregated                                                                        71     0(0.00%) |    163       2     717    140 |    2.30        0.00

Type     Name                                                                          # reqs      # fails |    Avg     Min     Max    Med |   req/s  failures/s
--------|----------------------------------------------------------------------------|-------|-------------|-------|-------|-------|-------|--------|-----------
POST     /api/book                                                                         61     0(0.00%) |    216     125     717    140 |    1.70        0.00
GET      /api/concerts                                                                     11     0(0.00%) |      2       2       3      3 |    0.30        0.00
GET      /health                                                                            5     0(0.00%) |      5       2      15      3 |    0.10        0.00
--------|----------------------------------------------------------------------------|-------|-------------|-------|-------|-------|-------|--------|-----------
         Aggregated                                                                        77     0(0.00%) |    172       2     717    140 |    2.10        0.00

Type     Name                                                                          # reqs      # fails |    Avg     Min     Max    Med |   req/s  failures/s
--------|----------------------------------------------------------------------------|-------|-------------|-------|-------|-------|-------|--------|-----------
POST     /api/book                                                                         63     0(0.00%) |    217     125     717    140 |    1.60        0.00
GET      /api/concerts                                                                     12     0(0.00%) |      4       2      20      3 |    0.50        0.00
GET      /health                                                                            6     0(0.00%) |      4       2      15      3 |    0.10        0.00
--------|----------------------------------------------------------------------------|-------|-------------|-------|-------|-------|-------|--------|-----------
         Aggregated                                                                        81     0(0.00%) |    169       2     717    140 |    2.20        0.00

Type     Name                                                                          # reqs      # fails |    Avg     Min     Max    Med |   req/s  failures/s
--------|----------------------------------------------------------------------------|-------|-------------|-------|-------|-------|-------|--------|-----------
POST     /api/book                                                                         65     0(0.00%) |    219     125     717    140 |    1.80        0.00
GET      /api/concerts                                                                     12     0(0.00%) |      4       2      20      3 |    0.40        0.00
GET      /health                                                                            6     0(0.00%) |      4       2      15      3 |    0.10        0.00
--------|----------------------------------------------------------------------------|-------|-------------|-------|-------|-------|-------|--------|-----------
         Aggregated                                                                        83     0(0.00%) |    172       2     717    140 |    2.30        0.00

Type     Name                                                                          # reqs      # fails |    Avg     Min     Max    Med |   req/s  failures/s
--------|----------------------------------------------------------------------------|-------|-------------|-------|-------|-------|-------|--------|-----------
POST     /api/book                                                                         70     0(0.00%) |    229     125     717    150 |    1.80        0.00
GET      /api/concerts                                                                     12     0(0.00%) |      4       2      20      3 |    0.50        0.00
GET      /health                                                                            6     0(0.00%) |      4       2      15      3 |    0.10        0.00
--------|----------------------------------------------------------------------------|-------|-------------|-------|-------|-------|-------|--------|-----------
         Aggregated                                                                        88     0(0.00%) |    183       2     717    140 |    2.40        0.00

Type     Name                                                                          # reqs      # fails |    Avg     Min     Max    Med |   req/s  failures/s
--------|----------------------------------------------------------------------------|-------|-------------|-------|-------|-------|-------|--------|-----------
POST     /api/book                                                                         74     0(0.00%) |    227     125     717    160 |    1.50        0.00
GET      /api/concerts                                                                     12     0(0.00%) |      4       2      20      3 |    0.40        0.00
GET      /health                                                                            7     0(0.00%) |      4       2      15      3 |    0.10        0.00
--------|----------------------------------------------------------------------------|-------|-------------|-------|-------|-------|-------|--------|-----------
         Aggregated                                                                        93     0(0.00%) |    182       2     717    140 |    2.00        0.00

Type     Name                                                                          # reqs      # fails |    Avg     Min     Max    Med |   req/s  failures/s
--------|----------------------------------------------------------------------------|-------|-------------|-------|-------|-------|-------|--------|-----------
POST     /api/book                                                                         78     0(0.00%) |    227     125     717    160 |    1.90        0.00
GET      /api/concerts                                                                     12     0(0.00%) |      4       2      20      3 |    0.30        0.00
GET      /health                                                                            8     0(0.00%) |      4       2      15      3 |    0.20        0.00
--------|----------------------------------------------------------------------------|-------|-------------|-------|-------|-------|-------|--------|-----------
         Aggregated                                                                        98     0(0.00%) |    181       2     717    140 |    2.40        0.00

Type     Name                                                                          # reqs      # fails |    Avg     Min     Max    Med |   req/s  failures/s
--------|----------------------------------------------------------------------------|-------|-------------|-------|-------|-------|-------|--------|-----------
POST     /api/book                                                                         83     0(0.00%) |    227     125     717    160 |    1.90        0.00
GET      /api/concerts                                                                     12     0(0.00%) |      4       2      20      3 |    0.10        0.00
GET      /health                                                                            8     0(0.00%) |      4       2      15      3 |    0.30        0.00
--------|----------------------------------------------------------------------------|-------|-------------|-------|-------|-------|-------|--------|-----------
         Aggregated                                                                       103     0(0.00%) |    184       2     717    140 |    2.30        0.00

Type     Name                                                                          # reqs      # fails |    Avg     Min     Max    Med |   req/s  failures/s
--------|----------------------------------------------------------------------------|-------|-------------|-------|-------|-------|-------|--------|-----------
POST     /api/book                                                                         86     0(0.00%) |    228     125     717    160 |    1.70        0.00
GET      /api/concerts                                                                     12     0(0.00%) |      4       2      20      3 |    0.10        0.00
GET      /health                                                                            9     0(0.00%) |      4       2      15      3 |    0.30        0.00
--------|----------------------------------------------------------------------------|-------|-------------|-------|-------|-------|-------|--------|-----------
         Aggregated                                                                       107     0(0.00%) |    184       2     717    140 |    2.10        0.00

Type     Name                                                                          # reqs      # fails |    Avg     Min     Max    Med |   req/s  failures/s
--------|----------------------------------------------------------------------------|-------|-------------|-------|-------|-------|-------|--------|-----------
POST     /api/book                                                                         89     0(0.00%) |    225     125     717    160 |    2.10        0.00
GET      /api/concerts                                                                     12     0(0.00%) |      4       2      20      3 |    0.00        0.00
GET      /health                                                                           12     0(0.00%) |      3       2      15      3 |    0.30        0.00
--------|----------------------------------------------------------------------------|-------|-------------|-------|-------|-------|-------|--------|-----------
         Aggregated                                                                       113     0(0.00%) |    178       2     717    140 |    2.40        0.00

Type     Name                                                                          # reqs      # fails |    Avg     Min     Max    Med |   req/s  failures/s
--------|----------------------------------------------------------------------------|-------|-------------|-------|-------|-------|-------|--------|-----------
POST     /api/book                                                                         93     0(0.00%) |    226     125     717    170 |    1.70        0.00
GET      /api/concerts                                                                     12     0(0.00%) |      4       2      20      3 |    0.00        0.00
GET      /health                                                                           12     0(0.00%) |      3       2      15      3 |    0.50        0.00
--------|----------------------------------------------------------------------------|-------|-------------|-------|-------|-------|-------|--------|-----------
         Aggregated                                                                       117     0(0.00%) |    180       2     717    140 |    2.20        0.00

Type     Name                                                                          # reqs      # fails |    Avg     Min     Max    Med |   req/s  failures/s
--------|----------------------------------------------------------------------------|-------|-------------|-------|-------|-------|-------|--------|-----------
POST     /api/book                                                                         97     0(0.00%) |    222     125     717    160 |    1.70        0.00
GET      /api/concerts                                                                     13     0(0.00%) |      4       2      20      3 |    0.00        0.00
GET      /health                                                                           13     0(0.00%) |      3       2      15      3 |    0.50        0.00
--------|----------------------------------------------------------------------------|-------|-------------|-------|-------|-------|-------|--------|-----------
         Aggregated                                                                       123     0(0.00%) |    176       2     717    140 |    2.20        0.00

Type     Name                                                                          # reqs      # fails |    Avg     Min     Max    Med |   req/s  failures/s
--------|----------------------------------------------------------------------------|-------|-------------|-------|-------|-------|-------|--------|-----------
POST     /api/book                                                                        101     0(0.00%) |    235     125     717    170 |    1.90        0.00
GET      /api/concerts                                                                     13     0(0.00%) |      4       2      20      3 |    0.00        0.00
GET      /health                                                                           13     0(0.00%) |      3       2      15      3 |    0.50        0.00
--------|----------------------------------------------------------------------------|-------|-------------|-------|-------|-------|-------|--------|-----------
         Aggregated                                                                       127     0(0.00%) |    188       2     717    140 |    2.40        0.00

Type     Name                                                                          # reqs      # fails |    Avg     Min     Max    Med |   req/s  failures/s
--------|----------------------------------------------------------------------------|-------|-------------|-------|-------|-------|-------|--------|-----------
POST     /api/book                                                                        102     0(0.00%) |    234     125     717    170 |    1.80        0.00
GET      /api/concerts                                                                     15     0(0.00%) |      4       2      20      3 |    0.10        0.00
GET      /health                                                                           13     0(0.00%) |      3       2      15      3 |    0.50        0.00
--------|----------------------------------------------------------------------------|-------|-------------|-------|-------|-------|-------|--------|-----------
         Aggregated                                                                       130     0(0.00%) |    184       2     717    140 |    2.40        0.00

Type     Name                                                                          # reqs      # fails |    Avg     Min     Max    Med |   req/s  failures/s
--------|----------------------------------------------------------------------------|-------|-------------|-------|-------|-------|-------|--------|-----------
POST     /api/book                                                                        104     0(0.00%) |    236     125     717    170 |    1.50        0.00
GET      /api/concerts                                                                     18     0(0.00%) |      3       2      20      3 |    0.20        0.00
GET      /health                                                                           13     0(0.00%) |      3       2      15      3 |    0.40        0.00
--------|----------------------------------------------------------------------------|-------|-------------|-------|-------|-------|-------|--------|-----------
         Aggregated                                                                       135     0(0.00%) |    183       2     717    140 |    2.10        0.00

Type     Name                                                                          # reqs      # fails |    Avg     Min     Max    Med |   req/s  failures/s
--------|----------------------------------------------------------------------------|-------|-------------|-------|-------|-------|-------|--------|-----------
POST     /api/book                                                                        107     0(0.00%) |    236     125     717    170 |    1.50        0.00
GET      /api/concerts                                                                     19     0(0.00%) |      3       2      20      3 |    0.60        0.00
GET      /health                                                                           13     0(0.00%) |      3       2      15      3 |    0.20        0.00
--------|----------------------------------------------------------------------------|-------|-------------|-------|-------|-------|-------|--------|-----------
         Aggregated                                                                       139     0(0.00%) |    183       2     717    140 |    2.30        0.00

Type     Name                                                                          # reqs      # fails |    Avg     Min     Max    Med |   req/s  failures/s
--------|----------------------------------------------------------------------------|-------|-------------|-------|-------|-------|-------|--------|-----------
POST     /api/book                                                                        111     0(0.00%) |    235     125     717    170 |    1.40        0.00
GET      /api/concerts                                                                     19     0(0.00%) |      3       2      20      3 |    0.60        0.00
GET      /health                                                                           13     0(0.00%) |      3       2      15      3 |    0.10        0.00
--------|----------------------------------------------------------------------------|-------|-------------|-------|-------|-------|-------|--------|-----------
         Aggregated                                                                       143     0(0.00%) |    183       2     717    140 |    2.10        0.00

Type     Name                                                                          # reqs      # fails |    Avg     Min     Max    Med |   req/s  failures/s
--------|----------------------------------------------------------------------------|-------|-------------|-------|-------|-------|-------|--------|-----------
POST     /api/book                                                                        116     0(0.00%) |    231     122     717    160 |    1.40        0.00
GET      /api/concerts                                                                     20     0(0.00%) |      3       2      20      3 |    0.70        0.00
GET      /health                                                                           13     0(0.00%) |      3       2      15      3 |    0.00        0.00
--------|----------------------------------------------------------------------------|-------|-------------|-------|-------|-------|-------|--------|-----------
         Aggregated                                                                       149     0(0.00%) |    180       2     717    140 |    2.10        0.00

Type     Name                                                                          # reqs      # fails |    Avg     Min     Max    Med |   req/s  failures/s
--------|----------------------------------------------------------------------------|-------|-------------|-------|-------|-------|-------|--------|-----------
POST     /api/book                                                                        118     0(0.00%) |    229     122     717    160 |    1.60        0.00
GET      /api/concerts                                                                     22     0(0.00%) |      3       2      20      3 |    0.70        0.00
GET      /health                                                                           13     0(0.00%) |      3       2      15      3 |    0.00        0.00
--------|----------------------------------------------------------------------------|-------|-------------|-------|-------|-------|-------|--------|-----------
         Aggregated                                                                       153     0(0.00%) |    177       2     717    140 |    2.30        0.00

Type     Name                                                                          # reqs      # fails |    Avg     Min     Max    Med |   req/s  failures/s
--------|----------------------------------------------------------------------------|-------|-------------|-------|-------|-------|-------|--------|-----------
POST     /api/book                                                                        123     0(0.00%) |    227     122     717    160 |    1.70        0.00
GET      /api/concerts                                                                     22     0(0.00%) |      3       2      20      3 |    0.60        0.00
GET      /health                                                                           13     0(0.00%) |      3       2      15      3 |    0.00        0.00
--------|----------------------------------------------------------------------------|-------|-------------|-------|-------|-------|-------|--------|-----------
         Aggregated                                                                       158     0(0.00%) |    178       2     717    140 |    2.30        0.00

Type     Name                                                                          # reqs      # fails |    Avg     Min     Max    Med |   req/s  failures/s
--------|----------------------------------------------------------------------------|-------|-------------|-------|-------|-------|-------|--------|-----------
POST     /api/book                                                                        127     0(0.00%) |    225     122     717    150 |    1.60        0.00
GET      /api/concerts                                                                     22     0(0.00%) |      3       2      20      3 |    0.70        0.00
GET      /health                                                                           13     0(0.00%) |      3       2      15      3 |    0.00        0.00
--------|----------------------------------------------------------------------------|-------|-------------|-------|-------|-------|-------|--------|-----------
         Aggregated                                                                       162     0(0.00%) |    177       2     717    140 |    2.30        0.00

Type     Name                                                                          # reqs      # fails |    Avg     Min     Max    Med |   req/s  failures/s
--------|----------------------------------------------------------------------------|-------|-------------|-------|-------|-------|-------|--------|-----------
POST     /api/book                                                                        132     0(0.00%) |    228     122     717    150 |    2.20        0.00
GET      /api/concerts                                                                     23     0(0.00%) |      3       2      20      3 |    0.40        0.00
GET      /health                                                                           13     0(0.00%) |      3       2      15      3 |    0.00        0.00
--------|----------------------------------------------------------------------------|-------|-------------|-------|-------|-------|-------|--------|-----------
         Aggregated                                                                       168     0(0.00%) |    180       2     717    140 |    2.60        0.00

Type     Name                                                                          # reqs      # fails |    Avg     Min     Max    Med |   req/s  failures/s
--------|----------------------------------------------------------------------------|-------|-------------|-------|-------|-------|-------|--------|-----------
POST     /api/book                                                                        134     0(0.00%) |    227     122     717    150 |    2.10        0.00
GET      /api/concerts                                                                     23     0(0.00%) |      3       2      20      3 |    0.40        0.00
GET      /health                                                                           15     0(0.00%) |      4       2      18      3 |    0.00        0.00
--------|----------------------------------------------------------------------------|-------|-------------|-------|-------|-------|-------|--------|-----------
         Aggregated                                                                       172     0(0.00%) |    178       2     717    140 |    2.50        0.00

Type     Name                                                                          # reqs      # fails |    Avg     Min     Max    Med |   req/s  failures/s
--------|----------------------------------------------------------------------------|-------|-------------|-------|-------|-------|-------|--------|-----------
POST     /api/book                                                                        138     0(0.00%) |    227     122     717    160 |    2.00        0.00
GET      /api/concerts                                                                     26     0(0.00%) |      3       2      20      3 |    0.30        0.00
GET      /health                                                                           15     0(0.00%) |      4       2      18      3 |    0.20        0.00
--------|----------------------------------------------------------------------------|-------|-------------|-------|-------|-------|-------|--------|-----------
         Aggregated                                                                       179     0(0.00%) |    176       2     717    140 |    2.50        0.00

Type     Name                                                                          # reqs      # fails |    Avg     Min     Max    Med |   req/s  failures/s
--------|----------------------------------------------------------------------------|-------|-------------|-------|-------|-------|-------|--------|-----------
POST     /api/book                                                                        140     0(0.00%) |    227     122     717    160 |    1.70        0.00
GET      /api/concerts                                                                     26     0(0.00%) |      3       2      20      3 |    0.40        0.00
GET      /health                                                                           16     0(0.00%) |      4       2      18      3 |    0.20        0.00
--------|----------------------------------------------------------------------------|-------|-------------|-------|-------|-------|-------|--------|-----------
         Aggregated                                                                       182     0(0.00%) |    175       2     717    140 |    2.30        0.00

Type     Name                                                                          # reqs      # fails |    Avg     Min     Max    Med |   req/s  failures/s
--------|----------------------------------------------------------------------------|-------|-------------|-------|-------|-------|-------|--------|-----------
POST     /api/book                                                                        142     0(0.00%) |    226     122     717    160 |    1.70        0.00
GET      /api/concerts                                                                     27     0(0.00%) |      3       2      20      3 |    0.40        0.00
GET      /health                                                                           17     0(0.00%) |      4       2      18      3 |    0.20        0.00
--------|----------------------------------------------------------------------------|-------|-------------|-------|-------|-------|-------|--------|-----------
         Aggregated                                                                       186     0(0.00%) |    173       2     717    140 |    2.30        0.00

Type     Name                                                                          # reqs      # fails |    Avg     Min     Max    Med |   req/s  failures/s
--------|----------------------------------------------------------------------------|-------|-------------|-------|-------|-------|-------|--------|-----------
POST     /api/book                                                                        148     0(0.00%) |    223     122     717    160 |    1.40        0.00
GET      /api/concerts                                                                     27     0(0.00%) |      3       2      20      3 |    0.50        0.00
GET      /health                                                                           17     0(0.00%) |      4       2      18      3 |    0.30        0.00
--------|----------------------------------------------------------------------------|-------|-------------|-------|-------|-------|-------|--------|-----------
         Aggregated                                                                       192     0(0.00%) |    173       2     717    140 |    2.20        0.00

Type     Name                                                                          # reqs      # fails |    Avg     Min     Max    Med |   req/s  failures/s
--------|----------------------------------------------------------------------------|-------|-------------|-------|-------|-------|-------|--------|-----------
POST     /api/book                                                                        150     0(0.00%) |    223     122     717    160 |    1.60        0.00
GET      /api/concerts                                                                     29     0(0.00%) |      3       2      20      3 |    0.40        0.00
GET      /health                                                                           17     0(0.00%) |      4       2      18      3 |    0.40        0.00
--------|----------------------------------------------------------------------------|-------|-------------|-------|-------|-------|-------|--------|-----------
         Aggregated                                                                       196     0(0.00%) |    171       2     717    140 |    2.40        0.00

Type     Name                                                                          # reqs      # fails |    Avg     Min     Max    Med |   req/s  failures/s
--------|----------------------------------------------------------------------------|-------|-------------|-------|-------|-------|-------|--------|-----------
POST     /api/book                                                                        155     0(0.00%) |    223     122     717    160 |    1.70        0.00
GET      /api/concerts                                                                     30     0(0.00%) |      4       2      21      3 |    0.50        0.00
GET      /health                                                                           17     0(0.00%) |      4       2      18      3 |    0.20        0.00
--------|----------------------------------------------------------------------------|-------|-------------|-------|-------|-------|-------|--------|-----------
         Aggregated                                                                       202     0(0.00%) |    172       2     717    140 |    2.40        0.00

Type     Name                                                                          # reqs      # fails |    Avg     Min     Max    Med |   req/s  failures/s
--------|----------------------------------------------------------------------------|-------|-------------|-------|-------|-------|-------|--------|-----------
POST     /api/book                                                                        159     0(0.00%) |    225     122     717    170 |    1.80        0.00
GET      /api/concerts                                                                     30     0(0.00%) |      4       2      21      3 |    0.60        0.00
GET      /health                                                                           17     0(0.00%) |      4       2      18      3 |    0.20        0.00
--------|----------------------------------------------------------------------------|-------|-------------|-------|-------|-------|-------|--------|-----------
         Aggregated                                                                       206     0(0.00%) |    174       2     717    140 |    2.60        0.00

Type     Name                                                                          # reqs      # fails |    Avg     Min     Max    Med |   req/s  failures/s
--------|----------------------------------------------------------------------------|-------|-------------|-------|-------|-------|-------|--------|-----------
POST     /api/book                                                                        162     0(0.00%) |    224     122     717    170 |    1.80        0.00
GET      /api/concerts                                                                     30     0(0.00%) |      4       2      21      3 |    0.40        0.00
GET      /health                                                                           17     0(0.00%) |      4       2      18      3 |    0.20        0.00
--------|----------------------------------------------------------------------------|-------|-------------|-------|-------|-------|-------|--------|-----------
         Aggregated                                                                       209     0(0.00%) |    175       2     717    140 |    2.40        0.00

Type     Name                                                                          # reqs      # fails |    Avg     Min     Max    Med |   req/s  failures/s
--------|----------------------------------------------------------------------------|-------|-------------|-------|-------|-------|-------|--------|-----------
POST     /api/book                                                                        165     0(0.00%) |    223     122     717    160 |    1.90        0.00
GET      /api/concerts                                                                     32     0(0.00%) |      4       2      21      3 |    0.30        0.00
GET      /health                                                                           18     0(0.00%) |      4       2      18      3 |    0.10        0.00
--------|----------------------------------------------------------------------------|-------|-------------|-------|-------|-------|-------|--------|-----------
         Aggregated                                                                       215     0(0.00%) |    172       2     717    140 |    2.30        0.00

Type     Name                                                                          # reqs      # fails |    Avg     Min     Max    Med |   req/s  failures/s
--------|----------------------------------------------------------------------------|-------|-------------|-------|-------|-------|-------|--------|-----------
POST     /api/book                                                                        169     0(0.00%) |    221     122     717    160 |    1.80        0.00
GET      /api/concerts                                                                     32     0(0.00%) |      4       2      21      3 |    0.40        0.00
GET      /health                                                                           18     0(0.00%) |      4       2      18      3 |    0.00        0.00
--------|----------------------------------------------------------------------------|-------|-------------|-------|-------|-------|-------|--------|-----------
         Aggregated                                                                       219     0(0.00%) |    171       2     717    140 |    2.20        0.00

Type     Name                                                                          # reqs      # fails |    Avg     Min     Max    Med |   req/s  failures/s
--------|----------------------------------------------------------------------------|-------|-------------|-------|-------|-------|-------|--------|-----------
POST     /api/book                                                                        174     0(0.00%) |    220     122     717    160 |    1.80        0.00
GET      /api/concerts                                                                     32     0(0.00%) |      4       2      21      3 |    0.40        0.00
GET      /health                                                                           18     0(0.00%) |      4       2      18      3 |    0.10        0.00
--------|----------------------------------------------------------------------------|-------|-------------|-------|-------|-------|-------|--------|-----------
         Aggregated                                                                       224     0(0.00%) |    171       2     717    140 |    2.30        0.00

Type     Name                                                                          # reqs      # fails |    Avg     Min     Max    Med |   req/s  failures/s
--------|----------------------------------------------------------------------------|-------|-------------|-------|-------|-------|-------|--------|-----------
POST     /api/book                                                                        177     0(0.00%) |    218     122     717    160 |    1.90        0.00
GET      /api/concerts                                                                     33     0(0.00%) |      3       2      21      3 |    0.20        0.00
GET      /health                                                                           19     0(0.00%) |      4       2      18      3 |    0.10        0.00
--------|----------------------------------------------------------------------------|-------|-------------|-------|-------|-------|-------|--------|-----------
         Aggregated                                                                       229     0(0.00%) |    170       2     717    140 |    2.20        0.00

Type     Name                                                                          # reqs      # fails |    Avg     Min     Max    Med |   req/s  failures/s
--------|----------------------------------------------------------------------------|-------|-------------|-------|-------|-------|-------|--------|-----------
POST     /api/book                                                                        178     0(0.00%) |    218     122     717    150 |    1.90        0.00
GET      /api/concerts                                                                     35     0(0.00%) |      3       2      21      3 |    0.20        0.00
GET      /health                                                                           19     0(0.00%) |      4       2      18      3 |    0.20        0.00
--------|----------------------------------------------------------------------------|-------|-------------|-------|-------|-------|-------|--------|-----------
         Aggregated                                                                       232     0(0.00%) |    168       2     717    140 |    2.30        0.00

Type     Name                                                                          # reqs      # fails |    Avg     Min     Max    Med |   req/s  failures/s
--------|----------------------------------------------------------------------------|-------|-------------|-------|-------|-------|-------|--------|-----------
POST     /api/book                                                                        182     0(0.00%) |    220     122     717    160 |    1.70        0.00
GET      /api/concerts                                                                     35     0(0.00%) |      3       2      21      3 |    0.40        0.00
GET      /health                                                                           20     0(0.00%) |      4       2      18      3 |    0.20        0.00
--------|----------------------------------------------------------------------------|-------|-------------|-------|-------|-------|-------|--------|-----------
         Aggregated                                                                       237     0(0.00%) |    169       2     717    140 |    2.30        0.00

Type     Name                                                                          # reqs      # fails |    Avg     Min     Max    Med |   req/s  failures/s
--------|----------------------------------------------------------------------------|-------|-------------|-------|-------|-------|-------|--------|-----------
POST     /api/book                                                                        185     0(0.00%) |    218     122     717    150 |    1.70        0.00
GET      /api/concerts                                                                     36     0(0.00%) |      3       2      21      3 |    0.40        0.00
GET      /health                                                                           20     0(0.00%) |      4       2      18      3 |    0.30        0.00
--------|----------------------------------------------------------------------------|-------|-------------|-------|-------|-------|-------|--------|-----------
         Aggregated                                                                       241     0(0.00%) |    168       2     717    140 |    2.40        0.00

Type     Name                                                                          # reqs      # fails |    Avg     Min     Max    Med |   req/s  failures/s
--------|----------------------------------------------------------------------------|-------|-------------|-------|-------|-------|-------|--------|-----------
POST     /api/book                                                                        190     0(0.00%) |    220     122     717    150 |    1.60        0.00
GET      /api/concerts                                                                     36     0(0.00%) |      3       2      21      3 |    0.40        0.00
GET      /health                                                                           20     0(0.00%) |      4       2      18      3 |    0.20        0.00
--------|----------------------------------------------------------------------------|-------|-------------|-------|-------|-------|-------|--------|-----------
         Aggregated                                                                       246     0(0.00%) |    171       2     717    140 |    2.20        0.00

Type     Name                                                                          # reqs      # fails |    Avg     Min     Max    Med |   req/s  failures/s
--------|----------------------------------------------------------------------------|-------|-------------|-------|-------|-------|-------|--------|-----------
POST     /api/book                                                                        193     0(0.00%) |    218     122     717    150 |    1.70        0.00
GET      /api/concerts                                                                     37     0(0.00%) |      3       2      21      3 |    0.40        0.00
GET      /health                                                                           20     0(0.00%) |      4       2      18      3 |    0.20        0.00
--------|----------------------------------------------------------------------------|-------|-------------|-------|-------|-------|-------|--------|-----------
         Aggregated                                                                       250     0(0.00%) |    169       2     717    140 |    2.30        0.00

Type     Name                                                                          # reqs      # fails |    Avg     Min     Max    Med |   req/s  failures/s
--------|----------------------------------------------------------------------------|-------|-------------|-------|-------|-------|-------|--------|-----------
POST     /api/book                                                                        196     0(0.00%) |    217     122     717    150 |    1.60        0.00
GET      /api/concerts                                                                     39     0(0.00%) |      3       2      21      3 |    0.40        0.00
GET      /health                                                                           20     0(0.00%) |      4       2      18      3 |    0.10        0.00
--------|----------------------------------------------------------------------------|-------|-------------|-------|-------|-------|-------|--------|-----------
         Aggregated                                                                       255     0(0.00%) |    168       2     717    140 |    2.10        0.00

Type     Name                                                                          # reqs      # fails |    Avg     Min     Max    Med |   req/s  failures/s
--------|----------------------------------------------------------------------------|-------|-------------|-------|-------|-------|-------|--------|-----------
POST     /api/book                                                                        199     0(0.00%) |    216     122     717    150 |    1.70        0.00
GET      /api/concerts                                                                     40     0(0.00%) |      3       2      21      3 |    0.40        0.00
GET      /health                                                                           21     0(0.00%) |      4       2      18      3 |    0.10        0.00
--------|----------------------------------------------------------------------------|-------|-------------|-------|-------|-------|-------|--------|-----------
         Aggregated                                                                       260     0(0.00%) |    166       2     717    140 |    2.20        0.00

Type     Name                                                                          # reqs      # fails |    Avg     Min     Max    Med |   req/s  failures/s
--------|----------------------------------------------------------------------------|-------|-------------|-------|-------|-------|-------|--------|-----------
POST     /api/book                                                                        201     0(0.00%) |    215     122     717    140 |    1.60        0.00
GET      /api/concerts                                                                     42     0(0.00%) |      3       2      21      3 |    0.40        0.00
GET      /health                                                                           21     0(0.00%) |      4       2      18      3 |    0.00        0.00
--------|----------------------------------------------------------------------------|-------|-------------|-------|-------|-------|-------|--------|-----------
         Aggregated                                                                       264     0(0.00%) |    165       2     717    140 |    2.00        0.00

Type     Name                                                                          # reqs      # fails |    Avg     Min     Max    Med |   req/s  failures/s
--------|----------------------------------------------------------------------------|-------|-------------|-------|-------|-------|-------|--------|-----------
POST     /api/book                                                                        204     0(0.00%) |    220     122     717    150 |    1.60        0.00
GET      /api/concerts                                                                     43     0(0.00%) |      3       2      21      3 |    0.60        0.00
GET      /health                                                                           21     0(0.00%) |      4       2      18      3 |    0.10        0.00
--------|----------------------------------------------------------------------------|-------|-------------|-------|-------|-------|-------|--------|-----------
         Aggregated                                                                       268     0(0.00%) |    168       2     717    140 |    2.30        0.00

Type     Name                                                                          # reqs      # fails |    Avg     Min     Max    Med |   req/s  failures/s
--------|----------------------------------------------------------------------------|-------|-------------|-------|-------|-------|-------|--------|-----------
POST     /api/book                                                                        206     0(0.00%) |    220     122     717    150 |    1.20        0.00
GET      /api/concerts                                                                     44     0(0.00%) |      3       2      21      3 |    0.70        0.00
GET      /health                                                                           21     0(0.00%) |      4       2      18      3 |    0.10        0.00
--------|----------------------------------------------------------------------------|-------|-------------|-------|-------|-------|-------|--------|-----------
         Aggregated                                                                       271     0(0.00%) |    168       2     717    140 |    2.00        0.00

Type     Name                                                                          # reqs      # fails |    Avg     Min     Max    Med |   req/s  failures/s
--------|----------------------------------------------------------------------------|-------|-------------|-------|-------|-------|-------|--------|-----------
POST     /api/book                                                                        210     0(0.00%) |    221     122     717    150 |    1.40        0.00
GET      /api/concerts                                                                     45     0(0.00%) |      4       2      21      3 |    0.70        0.00
GET      /health                                                                           21     0(0.00%) |      4       2      18      3 |    0.10        0.00
--------|----------------------------------------------------------------------------|-------|-------------|-------|-------|-------|-------|--------|-----------
         Aggregated                                                                       276     0(0.00%) |    169       2     717    140 |    2.20        0.00

Type     Name                                                                          # reqs      # fails |    Avg     Min     Max    Med |   req/s  failures/s
--------|----------------------------------------------------------------------------|-------|-------------|-------|-------|-------|-------|--------|-----------
POST     /api/book                                                                        214     0(0.00%) |    223     122     717    150 |    1.50        0.00
GET      /api/concerts                                                                     45     0(0.00%) |      4       2      21      3 |    0.70        0.00
GET      /health                                                                           21     0(0.00%) |      4       2      18      3 |    0.10        0.00
--------|----------------------------------------------------------------------------|-------|-------------|-------|-------|-------|-------|--------|-----------
         Aggregated                                                                       280     0(0.00%) |    171       2     717    140 |    2.30        0.00

Type     Name                                                                          # reqs      # fails |    Avg     Min     Max    Med |   req/s  failures/s
--------|----------------------------------------------------------------------------|-------|-------------|-------|-------|-------|-------|--------|-----------
POST     /api/book                                                                        219     0(0.00%) |    221     122     717    150 |    1.60        0.00
GET      /api/concerts                                                                     45     0(0.00%) |      4       2      21      3 |    0.60        0.00
GET      /health                                                                           22     0(0.00%) |      4       2      18      3 |    0.10        0.00
--------|----------------------------------------------------------------------------|-------|-------------|-------|-------|-------|-------|--------|-----------
         Aggregated                                                                       286     0(0.00%) |    170       2     717    140 |    2.30        0.00

Type     Name                                                                          # reqs      # fails |    Avg     Min     Max    Med |   req/s  failures/s
--------|----------------------------------------------------------------------------|-------|-------------|-------|-------|-------|-------|--------|-----------
POST     /api/book                                                                        222     0(0.00%) |    221     122     717    150 |    1.70        0.00
GET      /api/concerts                                                                     47     0(0.00%) |      4       2      21      3 |    0.30        0.00
GET      /health                                                                           24     0(0.00%) |      4       2      18      3 |    0.00        0.00
--------|----------------------------------------------------------------------------|-------|-------------|-------|-------|-------|-------|--------|-----------
         Aggregated                                                                       293     0(0.00%) |    168       2     717    140 |    2.00        0.00

Type     Name                                                                          # reqs      # fails |    Avg     Min     Max    Med |   req/s  failures/s
--------|----------------------------------------------------------------------------|-------|-------------|-------|-------|-------|-------|--------|-----------
POST     /api/book                                                                        225     0(0.00%) |    221     122     717    150 |    1.90        0.00
GET      /api/concerts                                                                     48     0(0.00%) |      3       2      21      3 |    0.30        0.00
GET      /health                                                                           24     0(0.00%) |      4       2      18      3 |    0.20        0.00
--------|----------------------------------------------------------------------------|-------|-------------|-------|-------|-------|-------|--------|-----------
         Aggregated                                                                       297     0(0.00%) |    169       2     717    140 |    2.40        0.00

Type     Name                                                                          # reqs      # fails |    Avg     Min     Max    Med |   req/s  failures/s
--------|----------------------------------------------------------------------------|-------|-------------|-------|-------|-------|-------|--------|-----------
POST     /api/book                                                                        230     0(0.00%) |    221     122     717    150 |    1.80        0.00
GET      /api/concerts                                                                     48     0(0.00%) |      3       2      21      3 |    0.50        0.00
GET      /health                                                                           24     0(0.00%) |      4       2      18      3 |    0.30        0.00
--------|----------------------------------------------------------------------------|-------|-------------|-------|-------|-------|-------|--------|-----------
         Aggregated                                                                       302     0(0.00%) |    169       2     717    140 |    2.60        0.00

Type     Name                                                                          # reqs      # fails |    Avg     Min     Max    Med |   req/s  failures/s
--------|----------------------------------------------------------------------------|-------|-------------|-------|-------|-------|-------|--------|-----------
POST     /api/book                                                                        233     0(0.00%) |    222     121     717    150 |    2.00        0.00
GET      /api/concerts                                                                     50     0(0.00%) |      3       2      21      3 |    0.30        0.00
GET      /health                                                                           25     0(0.00%) |      4       2      18      3 |    0.30        0.00
--------|----------------------------------------------------------------------------|-------|-------------|-------|-------|-------|-------|--------|-----------
         Aggregated                                                                       308     0(0.00%) |    169       2     717    140 |    2.60        0.00

Type     Name                                                                          # reqs      # fails |    Avg     Min     Max    Med |   req/s  failures/s
--------|----------------------------------------------------------------------------|-------|-------------|-------|-------|-------|-------|--------|-----------
POST     /api/book                                                                        237     0(0.00%) |    223     121     717    160 |    2.00        0.00
GET      /api/concerts                                                                     50     0(0.00%) |      3       2      21      3 |    0.30        0.00
GET      /health                                                                           26     0(0.00%) |      4       2      18      3 |    0.30        0.00
--------|----------------------------------------------------------------------------|-------|-------------|-------|-------|-------|-------|--------|-----------
         Aggregated                                                                       313     0(0.00%) |    170       2     717    140 |    2.60        0.00

Type     Name                                                                          # reqs      # fails |    Avg     Min     Max    Med |   req/s  failures/s
--------|----------------------------------------------------------------------------|-------|-------------|-------|-------|-------|-------|--------|-----------
POST     /api/book                                                                        240     0(0.00%) |    223     121     717    160 |    1.60        0.00
GET      /api/concerts                                                                     51     0(0.00%) |      3       2      21      3 |    0.50        0.00
GET      /health                                                                           26     0(0.00%) |      4       2      18      3 |    0.50        0.00
--------|----------------------------------------------------------------------------|-------|-------------|-------|-------|-------|-------|--------|-----------
         Aggregated                                                                       317     0(0.00%) |    170       2     717    140 |    2.60        0.00

Type     Name                                                                          # reqs      # fails |    Avg     Min     Max    Med |   req/s  failures/s
--------|----------------------------------------------------------------------------|-------|-------------|-------|-------|-------|-------|--------|-----------
POST     /api/book                                                                        244     0(0.00%) |    226     121     717    160 |    1.70        0.00
GET      /api/concerts                                                                     51     0(0.00%) |      3       2      21      3 |    0.50        0.00
GET      /health                                                                           26     0(0.00%) |      4       2      18      3 |    0.30        0.00
--------|----------------------------------------------------------------------------|-------|-------------|-------|-------|-------|-------|--------|-----------
         Aggregated                                                                       321     0(0.00%) |    173       2     717    140 |    2.50        0.00

Type     Name                                                                          # reqs      # fails |    Avg     Min     Max    Med |   req/s  failures/s
--------|----------------------------------------------------------------------------|-------|-------------|-------|-------|-------|-------|--------|-----------
POST     /api/book                                                                        248     0(0.00%) |    229     121     717    160 |    1.80        0.00
GET      /api/concerts                                                                     51     0(0.00%) |      3       2      21      3 |    0.30        0.00
GET      /health                                                                           27     0(0.00%) |      4       2      18      3 |    0.20        0.00
--------|----------------------------------------------------------------------------|-------|-------------|-------|-------|-------|-------|--------|-----------
         Aggregated                                                                       326     0(0.00%) |    175       2     717    140 |    2.30        0.00

Type     Name                                                                          # reqs      # fails |    Avg     Min     Max    Med |   req/s  failures/s
--------|----------------------------------------------------------------------------|-------|-------------|-------|-------|-------|-------|--------|-----------
POST     /api/book                                                                        252     0(0.00%) |    227     121     717    160 |    1.60        0.00
GET      /api/concerts                                                                     52     0(0.00%) |      3       2      21      3 |    0.30        0.00
GET      /health                                                                           27     0(0.00%) |      4       2      18      3 |    0.20        0.00
--------|----------------------------------------------------------------------------|-------|-------------|-------|-------|-------|-------|--------|-----------
         Aggregated                                                                       331     0(0.00%) |    174       2     717    140 |    2.10        0.00

Type     Name                                                                          # reqs      # fails |    Avg     Min     Max    Med |   req/s  failures/s
--------|----------------------------------------------------------------------------|-------|-------------|-------|-------|-------|-------|--------|-----------
POST     /api/book                                                                        256     0(0.00%) |    228     121     717    170 |    1.70        0.00
GET      /api/concerts                                                                     52     0(0.00%) |      3       2      21      3 |    0.30        0.00
GET      /health                                                                           27     0(0.00%) |      4       2      18      3 |    0.30        0.00
--------|----------------------------------------------------------------------------|-------|-------------|-------|-------|-------|-------|--------|-----------
         Aggregated                                                                       335     0(0.00%) |    175       2     717    140 |    2.30        0.00

Type     Name                                                                          # reqs      # fails |    Avg     Min     Max    Med |   req/s  failures/s
--------|----------------------------------------------------------------------------|-------|-------------|-------|-------|-------|-------|--------|-----------
POST     /api/book                                                                        257     0(0.00%) |    229     121     717    170 |    2.10        0.00
GET      /api/concerts                                                                     54     0(0.00%) |      4       2      22      3 |    0.20        0.00
GET      /health                                                                           27     0(0.00%) |      4       2      18      3 |    0.10        0.00
--------|----------------------------------------------------------------------------|-------|-------------|-------|-------|-------|-------|--------|-----------
         Aggregated                                                                       338     0(0.00%) |    175       2     717    140 |    2.40        0.00

Type     Name                                                                          # reqs      # fails |    Avg     Min     Max    Med |   req/s  failures/s
--------|----------------------------------------------------------------------------|-------|-------------|-------|-------|-------|-------|--------|-----------
POST     /api/book                                                                        262     0(0.00%) |    229     121     717    170 |    1.90        0.00
GET      /api/concerts                                                                     54     0(0.00%) |      4       2      22      3 |    0.30        0.00
GET      /health                                                                           28     0(0.00%) |      4       2      18      3 |    0.10        0.00
--------|----------------------------------------------------------------------------|-------|-------------|-------|-------|-------|-------|--------|-----------
         Aggregated                                                                       344     0(0.00%) |    175       2     717    140 |    2.30        0.00

Type     Name                                                                          # reqs      # fails |    Avg     Min     Max    Med |   req/s  failures/s
--------|----------------------------------------------------------------------------|-------|-------------|-------|-------|-------|-------|--------|-----------
POST     /api/book                                                                        267     0(0.00%) |    230     121     717    170 |    1.90        0.00
GET      /api/concerts                                                                     54     0(0.00%) |      4       2      22      3 |    0.30        0.00
GET      /health                                                                           28     0(0.00%) |      4       2      18      3 |    0.20        0.00
--------|----------------------------------------------------------------------------|-------|-------------|-------|-------|-------|-------|--------|-----------
         Aggregated                                                                       349     0(0.00%) |    177       2     717    140 |    2.40        0.00

Type     Name                                                                          # reqs      # fails |    Avg     Min     Max    Med |   req/s  failures/s
--------|----------------------------------------------------------------------------|-------|-------------|-------|-------|-------|-------|--------|-----------
POST     /api/book                                                                        270     0(0.00%) |    229     121     717    170 |    1.90        0.00
GET      /api/concerts                                                                     55     0(0.00%) |      4       2      22      3 |    0.30        0.00
GET      /health                                                                           28     0(0.00%) |      4       2      18      3 |    0.20        0.00
--------|----------------------------------------------------------------------------|-------|-------------|-------|-------|-------|-------|--------|-----------
         Aggregated                                                                       353     0(0.00%) |    176       2     717    140 |    2.40        0.00

Type     Name                                                                          # reqs      # fails |    Avg     Min     Max    Med |   req/s  failures/s
--------|----------------------------------------------------------------------------|-------|-------------|-------|-------|-------|-------|--------|-----------
POST     /api/book                                                                        273     0(0.00%) |    228     121     717    170 |    1.90        0.00
GET      /api/concerts                                                                     55     0(0.00%) |      4       2      22      3 |    0.30        0.00
GET      /health                                                                           29     0(0.00%) |      4       2      18      3 |    0.10        0.00
--------|----------------------------------------------------------------------------|-------|-------------|-------|-------|-------|-------|--------|-----------
         Aggregated                                                                       357     0(0.00%) |    175       2     717    140 |    2.30        0.00

Type     Name                                                                          # reqs      # fails |    Avg     Min     Max    Med |   req/s  failures/s
--------|----------------------------------------------------------------------------|-------|-------------|-------|-------|-------|-------|--------|-----------
POST     /api/book                                                                        278     0(0.00%) |    226     121     717    160 |    1.70        0.00
GET      /api/concerts                                                                     55     0(0.00%) |      4       2      22      3 |    0.30        0.00
GET      /health                                                                           29     0(0.00%) |      4       2      18      3 |    0.20        0.00
--------|----------------------------------------------------------------------------|-------|-------------|-------|-------|-------|-------|--------|-----------
         Aggregated                                                                       362     0(0.00%) |    175       2     717    140 |    2.20        0.00

Type     Name                                                                          # reqs      # fails |    Avg     Min     Max    Med |   req/s  failures/s
--------|----------------------------------------------------------------------------|-------|-------------|-------|-------|-------|-------|--------|-----------
POST     /api/book                                                                        281     0(0.00%) |    225     121     717    160 |    2.00        0.00
GET      /api/concerts                                                                     55     0(0.00%) |      4       2      22      3 |    0.10        0.00
GET      /health                                                                           30     0(0.00%) |      4       2      18      3 |    0.20        0.00
--------|----------------------------------------------------------------------------|-------|-------------|-------|-------|-------|-------|--------|-----------
         Aggregated                                                                       366     0(0.00%) |    174       2     717    140 |    2.30        0.00

Type     Name                                                                          # reqs      # fails |    Avg     Min     Max    Med |   req/s  failures/s
--------|----------------------------------------------------------------------------|-------|-------------|-------|-------|-------|-------|--------|-----------
POST     /api/book                                                                        284     0(0.00%) |    225     121     717    160 |    1.90        0.00
GET      /api/concerts                                                                     55     0(0.00%) |      4       2      22      3 |    0.10        0.00
GET      /health                                                                           30     0(0.00%) |      4       2      18      3 |    0.10        0.00
--------|----------------------------------------------------------------------------|-------|-------------|-------|-------|-------|-------|--------|-----------
         Aggregated                                                                       369     0(0.00%) |    174       2     717    140 |    2.10        0.00

Type     Name                                                                          # reqs      # fails |    Avg     Min     Max    Med |   req/s  failures/s
--------|----------------------------------------------------------------------------|-------|-------------|-------|-------|-------|-------|--------|-----------
POST     /api/book                                                                        287     0(0.00%) |    224     121     717    160 |    1.90        0.00
GET      /api/concerts                                                                     56     0(0.00%) |      4       2      22      3 |    0.10        0.00
GET      /health                                                                           31     0(0.00%) |      4       2      18      3 |    0.20        0.00
--------|----------------------------------------------------------------------------|-------|-------------|-------|-------|-------|-------|--------|-----------
         Aggregated                                                                       374     0(0.00%) |    173       2     717    140 |    2.20        0.00

Type     Name                                                                          # reqs      # fails |    Avg     Min     Max    Med |   req/s  failures/s
--------|----------------------------------------------------------------------------|-------|-------------|-------|-------|-------|-------|--------|-----------
POST     /api/book                                                                        290     0(0.00%) |    223     121     717    150 |    1.60        0.00
GET      /api/concerts                                                                     57     0(0.00%) |      4       2      22      3 |    0.20        0.00
GET      /health                                                                           31     0(0.00%) |      4       2      18      3 |    0.30        0.00
--------|----------------------------------------------------------------------------|-------|-------------|-------|-------|-------|-------|--------|-----------
         Aggregated                                                                       378     0(0.00%) |    172       2     717    140 |    2.10        0.00

Type     Name                                                                          # reqs      # fails |    Avg     Min     Max    Med |   req/s  failures/s
--------|----------------------------------------------------------------------------|-------|-------------|-------|-------|-------|-------|--------|-----------
POST     /api/book                                                                        293     0(0.00%) |    223     121     717    150 |    1.80        0.00
GET      /api/concerts                                                                     57     0(0.00%) |      4       2      22      3 |    0.10        0.00
GET      /health                                                                           31     0(0.00%) |      4       2      18      3 |    0.20        0.00
--------|----------------------------------------------------------------------------|-------|-------------|-------|-------|-------|-------|--------|-----------
         Aggregated                                                                       381     0(0.00%) |    172       2     717    140 |    2.10        0.00

Type     Name                                                                          # reqs      # fails |    Avg     Min     Max    Med |   req/s  failures/s
--------|----------------------------------------------------------------------------|-------|-------------|-------|-------|-------|-------|--------|-----------
POST     /api/book                                                                        297     0(0.00%) |    222     121     717    150 |    1.60        0.00
GET      /api/concerts                                                                     58     0(0.00%) |      4       2      22      3 |    0.20        0.00
GET      /health                                                                           32     0(0.00%) |      4       2      18      3 |    0.20        0.00
--------|----------------------------------------------------------------------------|-------|-------------|-------|-------|-------|-------|--------|-----------
         Aggregated                                                                       387     0(0.00%) |    172       2     717    140 |    2.00        0.00

Type     Name                                                                          # reqs      # fails |    Avg     Min     Max    Med |   req/s  failures/s
--------|----------------------------------------------------------------------------|-------|-------------|-------|-------|-------|-------|--------|-----------
POST     /api/book                                                                        301     0(0.00%) |    222     121     717    150 |    1.70        0.00
GET      /api/concerts                                                                     59     0(0.00%) |      4       2      22      3 |    0.30        0.00
GET      /health                                                                           32     0(0.00%) |      4       2      18      3 |    0.30        0.00
--------|----------------------------------------------------------------------------|-------|-------------|-------|-------|-------|-------|--------|-----------
         Aggregated                                                                       392     0(0.00%) |    171       2     717    140 |    2.30        0.00

Type     Name                                                                          # reqs      # fails |    Avg     Min     Max    Med |   req/s  failures/s
--------|----------------------------------------------------------------------------|-------|-------------|-------|-------|-------|-------|--------|-----------
POST     /api/book                                                                        305     0(0.00%) |    222     121     717    150 |    1.60        0.00
GET      /api/concerts                                                                     59     0(0.00%) |      4       2      22      3 |    0.30        0.00
GET      /health                                                                           34     0(0.00%) |      4       2      18      3 |    0.20        0.00
--------|----------------------------------------------------------------------------|-------|-------------|-------|-------|-------|-------|--------|-----------
         Aggregated                                                                       398     0(0.00%) |    171       2     717    140 |    2.10        0.00

Type     Name                                                                          # reqs      # fails |    Avg     Min     Max    Med |   req/s  failures/s
--------|----------------------------------------------------------------------------|-------|-------------|-------|-------|-------|-------|--------|-----------
POST     /api/book                                                                        308     0(0.00%) |    222     121     717    150 |    1.60        0.00
GET      /api/concerts                                                                     59     0(0.00%) |      4       2      22      3 |    0.30        0.00
GET      /health                                                                           34     0(0.00%) |      4       2      18      3 |    0.30        0.00
--------|----------------------------------------------------------------------------|-------|-------------|-------|-------|-------|-------|--------|-----------
         Aggregated                                                                       401     0(0.00%) |    171       2     717    140 |    2.20        0.00

Type     Name                                                                          # reqs      # fails |    Avg     Min     Max    Med |   req/s  failures/s
--------|----------------------------------------------------------------------------|-------|-------------|-------|-------|-------|-------|--------|-----------
POST     /api/book                                                                        311     0(0.00%) |    221     121     717    150 |    1.70        0.00
GET      /api/concerts                                                                     60     0(0.00%) |      4       2      22      3 |    0.30        0.00
GET      /health                                                                           35     0(0.00%) |      4       2      18      3 |    0.30        0.00
--------|----------------------------------------------------------------------------|-------|-------------|-------|-------|-------|-------|--------|-----------
         Aggregated                                                                       406     0(0.00%) |    170       2     717    140 |    2.30        0.00

Type     Name                                                                          # reqs      # fails |    Avg     Min     Max    Med |   req/s  failures/s
--------|----------------------------------------------------------------------------|-------|-------------|-------|-------|-------|-------|--------|-----------
POST     /api/book                                                                        316     0(0.00%) |    220     121     717    150 |    1.80        0.00
GET      /api/concerts                                                                     60     0(0.00%) |      4       2      22      3 |    0.20        0.00
GET      /health                                                                           35     0(0.00%) |      4       2      18      3 |    0.40        0.00
--------|----------------------------------------------------------------------------|-------|-------------|-------|-------|-------|-------|--------|-----------
         Aggregated                                                                       411     0(0.00%) |    170       2     717    140 |    2.40        0.00

[2026-06-05 13:54:35,191] ip-172-31-20-158/INFO/locust.runners: Shape test updating to 40 users at 0.20 spawn rate
[2026-06-05 13:54:35,191] ip-172-31-20-158/INFO/locust.runners: Ramping to 40 users at a rate of 0.20 per second
Type     Name                                                                          # reqs      # fails |    Avg     Min     Max    Med |   req/s  failures/s
--------|----------------------------------------------------------------------------|-------|-------------|-------|-------|-------|-------|--------|-----------
POST     /api/book                                                                        320     0(0.00%) |    219     121     717    150 |    1.70        0.00
GET      /api/concerts                                                                     62     0(0.00%) |      4       2      22      3 |    0.20        0.00
GET      /health                                                                           35     0(0.00%) |      4       2      18      3 |    0.30        0.00
--------|----------------------------------------------------------------------------|-------|-------------|-------|-------|-------|-------|--------|-----------
         Aggregated                                                                       417     0(0.00%) |    169       2     717    140 |    2.20        0.00

Type     Name                                                                          # reqs      # fails |    Avg     Min     Max    Med |   req/s  failures/s
--------|----------------------------------------------------------------------------|-------|-------------|-------|-------|-------|-------|--------|-----------
POST     /api/book                                                                        324     0(0.00%) |    218     121     717    140 |    1.80        0.00
GET      /api/concerts                                                                     62     0(0.00%) |      4       2      22      3 |    0.30        0.00
GET      /health                                                                           35     0(0.00%) |      4       2      18      3 |    0.30        0.00
--------|----------------------------------------------------------------------------|-------|-------------|-------|-------|-------|-------|--------|-----------
         Aggregated                                                                       421     0(0.00%) |    169       2     717    140 |    2.40        0.00

Type     Name                                                                          # reqs      # fails |    Avg     Min     Max    Med |   req/s  failures/s
--------|----------------------------------------------------------------------------|-------|-------------|-------|-------|-------|-------|--------|-----------
POST     /api/book                                                                        331     0(0.00%) |    217     116     717    140 |    2.20        0.00
GET      /api/concerts                                                                     63     0(0.00%) |      4       2      47      3 |    0.30        0.00
GET      /health                                                                           35     0(0.00%) |      4       2      18      3 |    0.10        0.00
--------|----------------------------------------------------------------------------|-------|-------------|-------|-------|-------|-------|--------|-----------
         Aggregated                                                                       429     0(0.00%) |    168       2     717    140 |    2.60        0.00

Type     Name                                                                          # reqs      # fails |    Avg     Min     Max    Med |   req/s  failures/s
--------|----------------------------------------------------------------------------|-------|-------------|-------|-------|-------|-------|--------|-----------
POST     /api/book                                                                        337     0(0.00%) |    220     116     717    140 |    2.20        0.00
GET      /api/concerts                                                                     64     0(0.00%) |      4       2      47      3 |    0.40        0.00
GET      /health                                                                           35     0(0.00%) |      4       2      18      3 |    0.10        0.00
--------|----------------------------------------------------------------------------|-------|-------------|-------|-------|-------|-------|--------|-----------
         Aggregated                                                                       436     0(0.00%) |    171       2     717    140 |    2.70        0.00

Type     Name                                                                          # reqs      # fails |    Avg     Min     Max    Med |   req/s  failures/s
--------|----------------------------------------------------------------------------|-------|-------------|-------|-------|-------|-------|--------|-----------
POST     /api/book                                                                        339     0(0.00%) |    220     116     717    140 |    2.60        0.00
GET      /api/concerts                                                                     64     0(0.00%) |      4       2      47      3 |    0.40        0.00
GET      /health                                                                           36     0(0.00%) |      3       2      18      3 |    0.00        0.00
--------|----------------------------------------------------------------------------|-------|-------------|-------|-------|-------|-------|--------|-----------
         Aggregated                                                                       439     0(0.00%) |    171       2     717    140 |    3.00        0.00

Type     Name                                                                          # reqs      # fails |    Avg     Min     Max    Med |   req/s  failures/s
--------|----------------------------------------------------------------------------|-------|-------------|-------|-------|-------|-------|--------|-----------
POST     /api/book                                                                        345     0(0.00%) |    220     116     717    140 |    2.40        0.00
GET      /api/concerts                                                                     66     0(0.00%) |      4       2      47      3 |    0.40        0.00
GET      /health                                                                           36     0(0.00%) |      3       2      18      3 |    0.00        0.00
--------|----------------------------------------------------------------------------|-------|-------------|-------|-------|-------|-------|--------|-----------
         Aggregated                                                                       447     0(0.00%) |    171       2     717    140 |    2.80        0.00

Type     Name                                                                          # reqs      # fails |    Avg     Min     Max    Med |   req/s  failures/s
--------|----------------------------------------------------------------------------|-------|-------------|-------|-------|-------|-------|--------|-----------
POST     /api/book                                                                        348     0(0.00%) |    221     116     717    140 |    2.60        0.00
GET      /api/concerts                                                                     67     0(0.00%) |      4       2      47      3 |    0.50        0.00
GET      /health                                                                           41     0(0.00%) |      3       2      18      3 |    0.10        0.00
--------|----------------------------------------------------------------------------|-------|-------------|-------|-------|-------|-------|--------|-----------
         Aggregated                                                                       456     0(0.00%) |    169       2     717    140 |    3.20        0.00

Type     Name                                                                          # reqs      # fails |    Avg     Min     Max    Med |   req/s  failures/s
--------|----------------------------------------------------------------------------|-------|-------------|-------|-------|-------|-------|--------|-----------
POST     /api/book                                                                        355     0(0.00%) |    222     116     717    140 |    2.20        0.00
GET      /api/concerts                                                                     68     0(0.00%) |      4       2      47      3 |    0.50        0.00
GET      /health                                                                           41     0(0.00%) |      3       2      18      3 |    0.40        0.00
--------|----------------------------------------------------------------------------|-------|-------------|-------|-------|-------|-------|--------|-----------
         Aggregated                                                                       464     0(0.00%) |    171       2     717    140 |    3.10        0.00

Type     Name                                                                          # reqs      # fails |    Avg     Min     Max    Med |   req/s  failures/s
--------|----------------------------------------------------------------------------|-------|-------------|-------|-------|-------|-------|--------|-----------
POST     /api/book                                                                        362     0(0.00%) |    222     116     717    140 |    2.40        0.00
GET      /api/concerts                                                                     69     0(0.00%) |      4       2      47      3 |    0.50        0.00
GET      /health                                                                           42     0(0.00%) |      3       2      18      3 |    0.60        0.00
--------|----------------------------------------------------------------------------|-------|-------------|-------|-------|-------|-------|--------|-----------
         Aggregated                                                                       473     0(0.00%) |    171       2     717    140 |    3.50        0.00

Type     Name                                                                          # reqs      # fails |    Avg     Min     Max    Med |   req/s  failures/s
--------|----------------------------------------------------------------------------|-------|-------------|-------|-------|-------|-------|--------|-----------
POST     /api/book                                                                        368     0(0.00%) |    222     116     717    140 |    2.30        0.00
GET      /api/concerts                                                                     70     0(0.00%) |      4       2      47      3 |    0.50        0.00
GET      /health                                                                           42     0(0.00%) |      3       2      18      3 |    0.70        0.00
--------|----------------------------------------------------------------------------|-------|-------------|-------|-------|-------|-------|--------|-----------
         Aggregated                                                                       480     0(0.00%) |    171       2     717    140 |    3.50        0.00

Type     Name                                                                          # reqs      # fails |    Avg     Min     Max    Med |   req/s  failures/s
--------|----------------------------------------------------------------------------|-------|-------------|-------|-------|-------|-------|--------|-----------
POST     /api/book                                                                        373     0(0.00%) |    221     116     717    140 |    2.70        0.00
GET      /api/concerts                                                                     73     0(0.00%) |      4       2      47      3 |    0.50        0.00
GET      /health                                                                           42     0(0.00%) |      3       2      18      3 |    0.70        0.00
--------|----------------------------------------------------------------------------|-------|-------------|-------|-------|-------|-------|--------|-----------
         Aggregated                                                                       488     0(0.00%) |    170       2     717    140 |    3.90        0.00

Type     Name                                                                          # reqs      # fails |    Avg     Min     Max    Med |   req/s  failures/s
--------|----------------------------------------------------------------------------|-------|-------------|-------|-------|-------|-------|--------|-----------
POST     /api/book                                                                        381     0(0.00%) |    221     116     717    140 |    2.70        0.00
GET      /api/concerts                                                                     75     0(0.00%) |      4       2      47      3 |    0.70        0.00
GET      /health                                                                           42     0(0.00%) |      3       2      18      3 |    0.60        0.00
--------|----------------------------------------------------------------------------|-------|-------------|-------|-------|-------|-------|--------|-----------
         Aggregated                                                                       498     0(0.00%) |    170       2     717    140 |    4.00        0.00

Type     Name                                                                          # reqs      # fails |    Avg     Min     Max    Med |   req/s  failures/s
--------|----------------------------------------------------------------------------|-------|-------------|-------|-------|-------|-------|--------|-----------
POST     /api/book                                                                        389     0(0.00%) |    220     116     717    140 |    3.40        0.00
GET      /api/concerts                                                                     76     0(0.00%) |      5       2      47      3 |    0.70        0.00
GET      /health                                                                           43     0(0.00%) |      3       2      18      3 |    0.30        0.00
--------|----------------------------------------------------------------------------|-------|-------------|-------|-------|-------|-------|--------|-----------
         Aggregated                                                                       508     0(0.00%) |    170       2     717    140 |    4.40        0.00

Type     Name                                                                          # reqs      # fails |    Avg     Min     Max    Med |   req/s  failures/s
--------|----------------------------------------------------------------------------|-------|-------------|-------|-------|-------|-------|--------|-----------
POST     /api/book                                                                        395     0(0.00%) |    222     116     717    140 |    3.40        0.00
GET      /api/concerts                                                                     78     0(0.00%) |      6       2      50      3 |    0.80        0.00
GET      /health                                                                           44     0(0.00%) |      5       2      66      3 |    0.10        0.00
--------|----------------------------------------------------------------------------|-------|-------------|-------|-------|-------|-------|--------|-----------
         Aggregated                                                                       517     0(0.00%) |    171       2     717    140 |    4.30        0.00

Type     Name                                                                          # reqs      # fails |    Avg     Min     Max    Med |   req/s  failures/s
--------|----------------------------------------------------------------------------|-------|-------------|-------|-------|-------|-------|--------|-----------
POST     /api/book                                                                        404     0(0.00%) |    224     116     717    150 |    3.40        0.00
GET      /api/concerts                                                                     78     0(0.00%) |      6       2      50      3 |    0.80        0.00
GET      /health                                                                           44     0(0.00%) |      5       2      66      3 |    0.20        0.00
--------|----------------------------------------------------------------------------|-------|-------------|-------|-------|-------|-------|--------|-----------
         Aggregated                                                                       526     0(0.00%) |    174       2     717    140 |    4.40        0.00

Type     Name                                                                          # reqs      # fails |    Avg     Min     Max    Med |   req/s  failures/s
--------|----------------------------------------------------------------------------|-------|-------------|-------|-------|-------|-------|--------|-----------
POST     /api/book                                                                        412     0(0.00%) |    237     116    1160    150 |    3.50        0.00
GET      /api/concerts                                                                     79     0(0.00%) |      6       2      50      3 |    0.90        0.00
GET      /health                                                                           44     0(0.00%) |      5       2      66      3 |    0.20        0.00
--------|----------------------------------------------------------------------------|-------|-------------|-------|-------|-------|-------|--------|-----------
         Aggregated                                                                       535     0(0.00%) |    183       2    1160    140 |    4.60        0.00

Type     Name                                                                          # reqs      # fails |    Avg     Min     Max    Med |   req/s  failures/s
--------|----------------------------------------------------------------------------|-------|-------------|-------|-------|-------|-------|--------|-----------
POST     /api/book                                                                        420     0(0.00%) |    241     116    1160    150 |    3.60        0.00
GET      /api/concerts                                                                     81     0(0.00%) |      6       2      50      3 |    0.50        0.00
GET      /health                                                                           45     0(0.00%) |      5       2      66      3 |    0.20        0.00
--------|----------------------------------------------------------------------------|-------|-------------|-------|-------|-------|-------|--------|-----------
         Aggregated                                                                       546     0(0.00%) |    186       2    1160    140 |    4.30        0.00

Type     Name                                                                          # reqs      # fails |    Avg     Min     Max    Med |   req/s  failures/s
--------|----------------------------------------------------------------------------|-------|-------------|-------|-------|-------|-------|--------|-----------
POST     /api/book                                                                        428     0(0.00%) |    242     116    1160    150 |    3.60        0.00
GET      /api/concerts                                                                     83     0(0.00%) |      5       2      50      3 |    0.70        0.00
GET      /health                                                                           45     0(0.00%) |      5       2      66      3 |    0.30        0.00
--------|----------------------------------------------------------------------------|-------|-------------|-------|-------|-------|-------|--------|-----------
         Aggregated                                                                       556     0(0.00%) |    187       2    1160    140 |    4.60        0.00

Type     Name                                                                          # reqs      # fails |    Avg     Min     Max    Med |   req/s  failures/s
--------|----------------------------------------------------------------------------|-------|-------------|-------|-------|-------|-------|--------|-----------
POST     /api/book                                                                        438     0(0.00%) |    246     116    1160    160 |    3.90        0.00
GET      /api/concerts                                                                     86     0(0.00%) |      6       2      50      3 |    0.70        0.00
GET      /health                                                                           45     0(0.00%) |      5       2      66      3 |    0.20        0.00
--------|----------------------------------------------------------------------------|-------|-------------|-------|-------|-------|-------|--------|-----------
         Aggregated                                                                       569     0(0.00%) |    191       2    1160    140 |    4.80        0.00

Type     Name                                                                          # reqs      # fails |    Avg     Min     Max    Med |   req/s  failures/s
--------|----------------------------------------------------------------------------|-------|-------------|-------|-------|-------|-------|--------|-----------
POST     /api/book                                                                        446     0(0.00%) |    248     116    1160    160 |    4.30        0.00
GET      /api/concerts                                                                     87     0(0.00%) |      6       2      50      3 |    0.70        0.00
GET      /health                                                                           45     0(0.00%) |      5       2      66      3 |    0.10        0.00
--------|----------------------------------------------------------------------------|-------|-------------|-------|-------|-------|-------|--------|-----------
         Aggregated                                                                       578     0(0.00%) |    193       2    1160    140 |    5.10        0.00

Type     Name                                                                          # reqs      # fails |    Avg     Min     Max    Med |   req/s  failures/s
--------|----------------------------------------------------------------------------|-------|-------------|-------|-------|-------|-------|--------|-----------
POST     /api/book                                                                        457     0(0.00%) |    254     116    1160    160 |    4.10        0.00
GET      /api/concerts                                                                     88     0(0.00%) |      6       2      50      3 |    0.90        0.00
GET      /health                                                                           47     0(0.00%) |      5       2      66      3 |    0.10        0.00
--------|----------------------------------------------------------------------------|-------|-------------|-------|-------|-------|-------|--------|-----------
         Aggregated                                                                       592     0(0.00%) |    197       2    1160    140 |    5.10        0.00

Type     Name                                                                          # reqs      # fails |    Avg     Min     Max    Med |   req/s  failures/s
--------|----------------------------------------------------------------------------|-------|-------------|-------|-------|-------|-------|--------|-----------
POST     /api/book                                                                        465     0(0.00%) |    257     116    1160    170 |    4.60        0.00
GET      /api/concerts                                                                     89     0(0.00%) |      6       2      50      3 |    1.00        0.00
GET      /health                                                                           47     0(0.00%) |      5       2      66      3 |    0.20        0.00
--------|----------------------------------------------------------------------------|-------|-------------|-------|-------|-------|-------|--------|-----------
         Aggregated                                                                       601     0(0.00%) |    200       2    1160    140 |    5.80        0.00

Type     Name                                                                          # reqs      # fails |    Avg     Min     Max    Med |   req/s  failures/s
--------|----------------------------------------------------------------------------|-------|-------------|-------|-------|-------|-------|--------|-----------
POST     /api/book                                                                        476     0(0.00%) |    263     116    1160    170 |    4.40        0.00
GET      /api/concerts                                                                     92     0(0.00%) |      6       2      50      3 |    0.80        0.00
GET      /health                                                                           47     0(0.00%) |      5       2      66      3 |    0.20        0.00
--------|----------------------------------------------------------------------------|-------|-------------|-------|-------|-------|-------|--------|-----------
         Aggregated                                                                       615     0(0.00%) |    205       2    1160    140 |    5.40        0.00

Type     Name                                                                          # reqs      # fails |    Avg     Min     Max    Med |   req/s  failures/s
--------|----------------------------------------------------------------------------|-------|-------------|-------|-------|-------|-------|--------|-----------
POST     /api/book                                                                        484     0(0.00%) |    261     116    1160    170 |    4.80        0.00
GET      /api/concerts                                                                     94     0(0.00%) |      6       2      50      3 |    0.90        0.00
GET      /health                                                                           48     0(0.00%) |      5       2      66      3 |    0.20        0.00
--------|----------------------------------------------------------------------------|-------|-------------|-------|-------|-------|-------|--------|-----------
         Aggregated                                                                       626     0(0.00%) |    203       2    1160    140 |    5.90        0.00

Type     Name                                                                          # reqs      # fails |    Avg     Min     Max    Med |   req/s  failures/s
--------|----------------------------------------------------------------------------|-------|-------------|-------|-------|-------|-------|--------|-----------
POST     /api/book                                                                        492     0(0.00%) |    273     116    1501    170 |    4.50        0.00
GET      /api/concerts                                                                     95     0(0.00%) |      7       2      53      3 |    0.90        0.00
GET      /health                                                                           49     0(0.00%) |      6       2      66      3 |    0.30        0.00
--------|----------------------------------------------------------------------------|-------|-------------|-------|-------|-------|-------|--------|-----------
         Aggregated                                                                       636     0(0.00%) |    212       2    1501    140 |    5.70        0.00

Type     Name                                                                          # reqs      # fails |    Avg     Min     Max    Med |   req/s  failures/s
--------|----------------------------------------------------------------------------|-------|-------------|-------|-------|-------|-------|--------|-----------
POST     /api/book                                                                        504     0(0.00%) |    280     116    1559    180 |    4.40        0.00
GET      /api/concerts                                                                     96     0(0.00%) |      7       2      53      3 |    0.80        0.00
GET      /health                                                                           49     0(0.00%) |      6       2      66      3 |    0.40        0.00
--------|----------------------------------------------------------------------------|-------|-------------|-------|-------|-------|-------|--------|-----------
         Aggregated                                                                       649     0(0.00%) |    219       2    1559    140 |    5.60        0.00

Type     Name                                                                          # reqs      # fails |    Avg     Min     Max    Med |   req/s  failures/s
--------|----------------------------------------------------------------------------|-------|-------------|-------|-------|-------|-------|--------|-----------
POST     /api/book                                                                        516     0(0.00%) |    287     116    1559    180 |    4.70        0.00
GET      /api/concerts                                                                     98     0(0.00%) |      7       2      53      3 |    0.80        0.00
GET      /health                                                                           49     0(0.00%) |      6       2      66      3 |    0.20        0.00
--------|----------------------------------------------------------------------------|-------|-------------|-------|-------|-------|-------|--------|-----------
         Aggregated                                                                       663     0(0.00%) |    225       2    1559    140 |    5.70        0.00

Type     Name                                                                          # reqs      # fails |    Avg     Min     Max    Med |   req/s  failures/s
--------|----------------------------------------------------------------------------|-------|-------------|-------|-------|-------|-------|--------|-----------
POST     /api/book                                                                        522     0(0.00%) |    288     116    1559    180 |    5.00        0.00
GET      /api/concerts                                                                     99     0(0.00%) |      7       2      53      3 |    0.70        0.00
GET      /health                                                                           53     0(0.00%) |      5       2      66      3 |    0.20        0.00
--------|----------------------------------------------------------------------------|-------|-------------|-------|-------|-------|-------|--------|-----------
         Aggregated                                                                       674     0(0.00%) |    225       2    1559    140 |    5.90        0.00

Type     Name                                                                          # reqs      # fails |    Avg     Min     Max    Med |   req/s  failures/s
--------|----------------------------------------------------------------------------|-------|-------------|-------|-------|-------|-------|--------|-----------
POST     /api/book                                                                        533     0(0.00%) |    300     116    1559    190 |    5.20        0.00
GET      /api/concerts                                                                     99     0(0.00%) |      7       2      53      3 |    0.80        0.00
GET      /health                                                                           53     0(0.00%) |      5       2      66      3 |    0.30        0.00
--------|----------------------------------------------------------------------------|-------|-------------|-------|-------|-------|-------|--------|-----------
         Aggregated                                                                       685     0(0.00%) |    235       2    1559    140 |    6.30        0.00

Type     Name                                                                          # reqs      # fails |    Avg     Min     Max    Med |   req/s  failures/s
--------|----------------------------------------------------------------------------|-------|-------------|-------|-------|-------|-------|--------|-----------
POST     /api/book                                                                        543     0(0.00%) |    303     116    1559    190 |    4.80        0.00
GET      /api/concerts                                                                    100     0(0.00%) |      7       2      53      3 |    0.60        0.00
GET      /health                                                                           54     0(0.00%) |      6       2      66      3 |    0.50        0.00
--------|----------------------------------------------------------------------------|-------|-------------|-------|-------|-------|-------|--------|-----------
         Aggregated                                                                       697     0(0.00%) |    238       2    1559    140 |    5.90        0.00

Type     Name                                                                          # reqs      # fails |    Avg     Min     Max    Med |   req/s  failures/s
--------|----------------------------------------------------------------------------|-------|-------------|-------|-------|-------|-------|--------|-----------
POST     /api/book                                                                        559     0(0.00%) |    313     116    1559    200 |    5.50        0.00
GET      /api/concerts                                                                    102     0(0.00%) |      7       2      53      3 |    0.50        0.00
GET      /health                                                                           55     0(0.00%) |      6       2      66      3 |    0.60        0.00
--------|----------------------------------------------------------------------------|-------|-------------|-------|-------|-------|-------|--------|-----------
         Aggregated                                                                       716     0(0.00%) |    246       2    1559    140 |    6.60        0.00

Type     Name                                                                          # reqs      # fails |    Avg     Min     Max    Med |   req/s  failures/s
--------|----------------------------------------------------------------------------|-------|-------------|-------|-------|-------|-------|--------|-----------
POST     /api/book                                                                        570     0(0.00%) |    320     116    1559    200 |    5.60        0.00
GET      /api/concerts                                                                    103     0(0.00%) |      7       2      53      3 |    0.60        0.00
GET      /health                                                                           55     0(0.00%) |      6       2      66      3 |    0.60        0.00
--------|----------------------------------------------------------------------------|-------|-------------|-------|-------|-------|-------|--------|-----------
         Aggregated                                                                       728     0(0.00%) |    252       2    1559    140 |    6.80        0.00

Type     Name                                                                          # reqs      # fails |    Avg     Min     Max    Med |   req/s  failures/s
--------|----------------------------------------------------------------------------|-------|-------------|-------|-------|-------|-------|--------|-----------
POST     /api/book                                                                        586     0(0.00%) |    333     116    1559    210 |    5.40        0.00
GET      /api/concerts                                                                    104     0(0.00%) |      7       2      53      3 |    0.60        0.00
GET      /health                                                                           56     0(0.00%) |      7       2      66      3 |    0.60        0.00
--------|----------------------------------------------------------------------------|-------|-------------|-------|-------|-------|-------|--------|-----------
         Aggregated                                                                       746     0(0.00%) |    263       2    1559    140 |    6.60        0.00

Type     Name                                                                          # reqs      # fails |    Avg     Min     Max    Med |   req/s  failures/s
--------|----------------------------------------------------------------------------|-------|-------------|-------|-------|-------|-------|--------|-----------
POST     /api/book                                                                        597     0(0.00%) |    331     107    1559    210 |    6.20        0.00
GET      /api/concerts                                                                    107     0(0.00%) |      7       2      53      3 |    0.50        0.00
GET      /health                                                                           57     0(0.00%) |      7       2      66      3 |    0.20        0.00
--------|----------------------------------------------------------------------------|-------|-------------|-------|-------|-------|-------|--------|-----------
         Aggregated                                                                       761     0(0.00%) |    261       2    1559    140 |    6.90        0.00

Type     Name                                                                          # reqs      # fails |    Avg     Min     Max    Med |   req/s  failures/s
--------|----------------------------------------------------------------------------|-------|-------------|-------|-------|-------|-------|--------|-----------
POST     /api/book                                                                        609     0(0.00%) |    335     107    1559    210 |    6.30        0.00
GET      /api/concerts                                                                    110     0(0.00%) |      7       2      53      3 |    0.80        0.00
GET      /health                                                                           58     0(0.00%) |      7       2      66      3 |    0.40        0.00
--------|----------------------------------------------------------------------------|-------|-------------|-------|-------|-------|-------|--------|-----------
         Aggregated                                                                       777     0(0.00%) |    264       2    1559    140 |    7.50        0.00

Type     Name                                                                          # reqs      # fails |    Avg     Min     Max    Med |   req/s  failures/s
--------|----------------------------------------------------------------------------|-------|-------------|-------|-------|-------|-------|--------|-----------
POST     /api/book                                                                        622     0(0.00%) |    337     107    1559    210 |    6.60        0.00
GET      /api/concerts                                                                    112     0(0.00%) |      7       2      53      3 |    0.90        0.00
GET      /health                                                                           59     0(0.00%) |      7       2      66      3 |    0.40        0.00
--------|----------------------------------------------------------------------------|-------|-------------|-------|-------|-------|-------|--------|-----------
         Aggregated                                                                       793     0(0.00%) |    266       2    1559    140 |    7.90        0.00

Type     Name                                                                          # reqs      # fails |    Avg     Min     Max    Med |   req/s  failures/s
--------|----------------------------------------------------------------------------|-------|-------------|-------|-------|-------|-------|--------|-----------
POST     /api/book                                                                        639     0(0.00%) |    342     107    1559    220 |    6.10        0.00
GET      /api/concerts                                                                    114     0(0.00%) |      7       2      53      3 |    1.00        0.00
GET      /health                                                                           60     0(0.00%) |      7       2      66      3 |    0.40        0.00
--------|----------------------------------------------------------------------------|-------|-------------|-------|-------|-------|-------|--------|-----------
         Aggregated                                                                       813     0(0.00%) |    270       2    1559    140 |    7.50        0.00

Type     Name                                                                          # reqs      # fails |    Avg     Min     Max    Med |   req/s  failures/s
--------|----------------------------------------------------------------------------|-------|-------------|-------|-------|-------|-------|--------|-----------
POST     /api/book                                                                        652     0(0.00%) |    349     107    1559    220 |    6.90        0.00
GET      /api/concerts                                                                    117     0(0.00%) |      9       2      89      3 |    1.10        0.00
GET      /health                                                                           60     0(0.00%) |      7       2      66      3 |    0.50        0.00
--------|----------------------------------------------------------------------------|-------|-------------|-------|-------|-------|-------|--------|-----------
         Aggregated                                                                       829     0(0.00%) |    276       2    1559    140 |    8.50        0.00

Type     Name                                                                          # reqs      # fails |    Avg     Min     Max    Med |   req/s  failures/s
--------|----------------------------------------------------------------------------|-------|-------------|-------|-------|-------|-------|--------|-----------
POST     /api/book                                                                        666     0(0.00%) |    350     107    1559    220 |    6.60        0.00
GET      /api/concerts                                                                    118     0(0.00%) |      9       2      97      3 |    1.30        0.00
GET      /health                                                                           61     0(0.00%) |      8       2      66      3 |    0.50        0.00
--------|----------------------------------------------------------------------------|-------|-------------|-------|-------|-------|-------|--------|-----------
         Aggregated                                                                       845     0(0.00%) |    277       2    1559    140 |    8.40        0.00

Type     Name                                                                          # reqs      # fails |    Avg     Min     Max    Med |   req/s  failures/s
--------|----------------------------------------------------------------------------|-------|-------------|-------|-------|-------|-------|--------|-----------
POST     /api/book                                                                        680     0(0.00%) |    355     107    1559    220 |    7.10        0.00
GET      /api/concerts                                                                    121     0(0.00%) |     10       2      97      3 |    1.30        0.00
GET      /health                                                                           61     0(0.00%) |      8       2      66      3 |    0.30        0.00
--------|----------------------------------------------------------------------------|-------|-------------|-------|-------|-------|-------|--------|-----------
         Aggregated                                                                       862     0(0.00%) |    282       2    1559    140 |    8.70        0.00

Type     Name                                                                          # reqs      # fails |    Avg     Min     Max    Med |   req/s  failures/s
--------|----------------------------------------------------------------------------|-------|-------------|-------|-------|-------|-------|--------|-----------
POST     /api/book                                                                        694     0(0.00%) |    360     107    1559    220 |    7.10        0.00
GET      /api/concerts                                                                    123     0(0.00%) |     10       2      97      3 |    1.10        0.00
GET      /health                                                                           61     0(0.00%) |      8       2      66      3 |    0.40        0.00
--------|----------------------------------------------------------------------------|-------|-------------|-------|-------|-------|-------|--------|-----------
         Aggregated                                                                       878     0(0.00%) |    287       2    1559    140 |    8.60        0.00

Type     Name                                                                          # reqs      # fails |    Avg     Min     Max    Med |   req/s  failures/s
--------|----------------------------------------------------------------------------|-------|-------------|-------|-------|-------|-------|--------|-----------
POST     /api/book                                                                        704     0(0.00%) |    373     107    1822    220 |    7.40        0.00
GET      /api/concerts                                                                    126     0(0.00%) |     10       2      97      3 |    1.10        0.00
GET      /health                                                                           61     0(0.00%) |      8       2      66      3 |    0.20        0.00
--------|----------------------------------------------------------------------------|-------|-------------|-------|-------|-------|-------|--------|-----------
         Aggregated                                                                       891     0(0.00%) |    297       2    1822    150 |    8.70        0.00

Type     Name                                                                          # reqs      # fails |    Avg     Min     Max    Med |   req/s  failures/s
--------|----------------------------------------------------------------------------|-------|-------------|-------|-------|-------|-------|--------|-----------
POST     /api/book                                                                        720     0(0.00%) |    381     107    1822    230 |    6.50        0.00
GET      /api/concerts                                                                    131     0(0.00%) |     11       2      97      3 |    1.20        0.00
GET      /health                                                                           63     0(0.00%) |      8       2      66      3 |    0.10        0.00
--------|----------------------------------------------------------------------------|-------|-------------|-------|-------|-------|-------|--------|-----------
         Aggregated                                                                       914     0(0.00%) |    302       2    1822    150 |    7.80        0.00

Type     Name                                                                          # reqs      # fails |    Avg     Min     Max    Med |   req/s  failures/s
--------|----------------------------------------------------------------------------|-------|-------------|-------|-------|-------|-------|--------|-----------
POST     /api/book                                                                        729     0(0.00%) |    391     107    2191    230 |    6.90        0.00
GET      /api/concerts                                                                    133     0(0.00%) |     11       2      97      3 |    1.40        0.00
GET      /health                                                                           63     0(0.00%) |      8       2      66      3 |    0.30        0.00
--------|----------------------------------------------------------------------------|-------|-------------|-------|-------|-------|-------|--------|-----------
         Aggregated                                                                       925     0(0.00%) |    311       2    2191    150 |    8.60        0.00

Type     Name                                                                          # reqs      # fails |    Avg     Min     Max    Med |   req/s  failures/s
--------|----------------------------------------------------------------------------|-------|-------------|-------|-------|-------|-------|--------|-----------
POST     /api/book                                                                        747     0(0.00%) |    411     107    2616    230 |    6.20        0.00
GET      /api/concerts                                                                    135     0(0.00%) |     12       2      97      3 |    1.50        0.00
GET      /health                                                                           63     0(0.00%) |      8       2      66      3 |    0.20        0.00
--------|----------------------------------------------------------------------------|-------|-------------|-------|-------|-------|-------|--------|-----------
         Aggregated                                                                       945     0(0.00%) |    327       2    2616    150 |    7.90        0.00

Type     Name                                                                          # reqs      # fails |    Avg     Min     Max    Med |   req/s  failures/s
--------|----------------------------------------------------------------------------|-------|-------------|-------|-------|-------|-------|--------|-----------
POST     /api/book                                                                        757     0(0.00%) |    408     107    2616    230 |    6.10        0.00
GET      /api/concerts                                                                    140     0(0.00%) |     12       2      97      3 |    1.50        0.00
GET      /health                                                                           65     0(0.00%) |      8       2      66      3 |    0.20        0.00
--------|----------------------------------------------------------------------------|-------|-------------|-------|-------|-------|-------|--------|-----------
         Aggregated                                                                       962     0(0.00%) |    324       2    2616    150 |    7.80        0.00

Type     Name                                                                          # reqs      # fails |    Avg     Min     Max    Med |   req/s  failures/s
--------|----------------------------------------------------------------------------|-------|-------------|-------|-------|-------|-------|--------|-----------
POST     /api/book                                                                        769     0(0.00%) |    411     107    2616    230 |    6.30        0.00
GET      /api/concerts                                                                    140     0(0.00%) |     12       2      97      3 |    1.70        0.00
GET      /health                                                                           67     0(0.00%) |      8       2      66      3 |    0.40        0.00
--------|----------------------------------------------------------------------------|-------|-------------|-------|-------|-------|-------|--------|-----------
         Aggregated                                                                       976     0(0.00%) |    326       2    2616    150 |    8.40        0.00

Type     Name                                                                          # reqs      # fails |    Avg     Min     Max    Med |   req/s  failures/s
--------|----------------------------------------------------------------------------|-------|-------------|-------|-------|-------|-------|--------|-----------
POST     /api/book                                                                        786     0(0.00%) |    439     107    3200    240 |    6.50        0.00
GET      /api/concerts                                                                    142     0(0.00%) |     12       2      97      3 |    1.50        0.00
GET      /health                                                                           67     0(0.00%) |      8       2      66      3 |    0.60        0.00
--------|----------------------------------------------------------------------------|-------|-------------|-------|-------|-------|-------|--------|-----------
         Aggregated                                                                       995     0(0.00%) |    349       2    3200    150 |    8.60        0.00

Type     Name                                                                          # reqs      # fails |    Avg     Min     Max    Med |   req/s  failures/s
--------|----------------------------------------------------------------------------|-------|-------------|-------|-------|-------|-------|--------|-----------
POST     /api/book                                                                        803     0(0.00%) |    438     107    3200    240 |    6.70        0.00
GET      /api/concerts                                                                    143     0(0.00%) |     12       2      97      3 |    1.10        0.00
GET      /health                                                                           71     0(0.00%) |      8       2      66      3 |    0.40        0.00
--------|----------------------------------------------------------------------------|-------|-------------|-------|-------|-------|-------|--------|-----------
         Aggregated                                                                      1017     0(0.00%) |    348       2    3200    150 |    8.20        0.00

Type     Name                                                                          # reqs      # fails |    Avg     Min     Max    Med |   req/s  failures/s
--------|----------------------------------------------------------------------------|-------|-------------|-------|-------|-------|-------|--------|-----------
POST     /api/book                                                                        812     0(0.00%) |    441     107    3200    240 |    7.20        0.00
GET      /api/concerts                                                                    143     0(0.00%) |     12       2      97      3 |    1.00        0.00
GET      /health                                                                           75     0(0.00%) |      8       2      66      3 |    0.50        0.00
--------|----------------------------------------------------------------------------|-------|-------------|-------|-------|-------|-------|--------|-----------
         Aggregated                                                                      1030     0(0.00%) |    350       2    3200    150 |    8.70        0.00

Type     Name                                                                          # reqs      # fails |    Avg     Min     Max    Med |   req/s  failures/s
--------|----------------------------------------------------------------------------|-------|-------------|-------|-------|-------|-------|--------|-----------
POST     /api/book                                                                        833     0(0.00%) |    450     107    3200    250 |    7.30        0.00
GET      /api/concerts                                                                    146     0(0.00%) |     12       2      97      3 |    0.90        0.00
GET      /health                                                                           77     0(0.00%) |      8       2      66      3 |    1.10        0.00
--------|----------------------------------------------------------------------------|-------|-------------|-------|-------|-------|-------|--------|-----------
         Aggregated                                                                      1056     0(0.00%) |    357       2    3200    160 |    9.30        0.00

Type     Name                                                                          # reqs      # fails |    Avg     Min     Max    Med |   req/s  failures/s
--------|----------------------------------------------------------------------------|-------|-------------|-------|-------|-------|-------|--------|-----------
POST     /api/book                                                                        843     0(0.00%) |    450     107    3200    240 |    7.60        0.00
GET      /api/concerts                                                                    151     0(0.00%) |     12       2      97      3 |    0.60        0.00
GET      /health                                                                           78     0(0.00%) |      8       2      66      3 |    1.20        0.00
--------|----------------------------------------------------------------------------|-------|-------------|-------|-------|-------|-------|--------|-----------
         Aggregated                                                                      1072     0(0.00%) |    356       2    3200    150 |    9.40        0.00

Type     Name                                                                          # reqs      # fails |    Avg     Min     Max    Med |   req/s  failures/s
--------|----------------------------------------------------------------------------|-------|-------------|-------|-------|-------|-------|--------|-----------
POST     /api/book                                                                        856     0(0.00%) |    458     107    3200    240 |    7.50        0.00
GET      /api/concerts                                                                    153     0(0.00%) |     15       2     389      3 |    1.10        0.00
GET      /health                                                                           78     0(0.00%) |      8       2      66      3 |    1.10        0.00
--------|----------------------------------------------------------------------------|-------|-------------|-------|-------|-------|-------|--------|-----------
         Aggregated                                                                      1087     0(0.00%) |    363       2    3200    160 |    9.70        0.00

Type     Name                                                                          # reqs      # fails |    Avg     Min     Max    Med |   req/s  failures/s
--------|----------------------------------------------------------------------------|-------|-------------|-------|-------|-------|-------|--------|-----------
POST     /api/book                                                                        878     0(0.00%) |    469     107    3200    250 |    6.90        0.00
GET      /api/concerts                                                                    156     0(0.00%) |     15       2     389      3 |    1.00        0.00
GET      /health                                                                           80     0(0.00%) |      8       2      66      3 |    1.10        0.00
--------|----------------------------------------------------------------------------|-------|-------------|-------|-------|-------|-------|--------|-----------
         Aggregated                                                                      1114     0(0.00%) |    372       2    3200    160 |    9.00        0.00

Type     Name                                                                          # reqs      # fails |    Avg     Min     Max    Med |   req/s  failures/s
--------|----------------------------------------------------------------------------|-------|-------------|-------|-------|-------|-------|--------|-----------
POST     /api/book                                                                        889     0(0.00%) |    467     107    3200    240 |    7.70        0.00
GET      /api/concerts                                                                    164     0(0.00%) |     14       2     389      3 |    1.30        0.00
GET      /health                                                                           82     0(0.00%) |      8       2      66      3 |    0.90        0.00
--------|----------------------------------------------------------------------------|-------|-------------|-------|-------|-------|-------|--------|-----------
         Aggregated                                                                      1135     0(0.00%) |    368       2    3200    150 |    9.90        0.00

Type     Name                                                                          # reqs      # fails |    Avg     Min     Max    Med |   req/s  failures/s
--------|----------------------------------------------------------------------------|-------|-------------|-------|-------|-------|-------|--------|-----------
POST     /api/book                                                                        907     0(0.00%) |    474     107    3200    240 |    7.70        0.00
GET      /api/concerts                                                                    165     0(0.00%) |     14       2     389      3 |    2.00        0.00
GET      /health                                                                           82     0(0.00%) |      8       2      66      3 |    0.70        0.00
--------|----------------------------------------------------------------------------|-------|-------------|-------|-------|-------|-------|--------|-----------
         Aggregated                                                                      1154     0(0.00%) |    375       2    3200    160 |   10.40        0.00

Type     Name                                                                          # reqs      # fails |    Avg     Min     Max    Med |   req/s  failures/s
--------|----------------------------------------------------------------------------|-------|-------------|-------|-------|-------|-------|--------|-----------
POST     /api/book                                                                        924     0(0.00%) |    486     107    3200    250 |    7.30        0.00
GET      /api/concerts                                                                    166     0(0.00%) |     14       2     389      3 |    2.10        0.00
GET      /health                                                                           84     0(0.00%) |      8       2      66      3 |    0.50        0.00
--------|----------------------------------------------------------------------------|-------|-------------|-------|-------|-------|-------|--------|-----------
         Aggregated                                                                      1174     0(0.00%) |    385       2    3200    160 |    9.90        0.00

Type     Name                                                                          # reqs      # fails |    Avg     Min     Max    Med |   req/s  failures/s
--------|----------------------------------------------------------------------------|-------|-------------|-------|-------|-------|-------|--------|-----------
POST     /api/book                                                                        939     0(0.00%) |    489     107    3200    250 |    8.20        0.00
GET      /api/concerts                                                                    169     0(0.00%) |     14       2     389      3 |    1.50        0.00
GET      /health                                                                           85     0(0.00%) |      8       2      66      3 |    0.60        0.00
--------|----------------------------------------------------------------------------|-------|-------------|-------|-------|-------|-------|--------|-----------
         Aggregated                                                                      1193     0(0.00%) |    388       2    3200    160 |   10.30        0.00

Type     Name                                                                          # reqs      # fails |    Avg     Min     Max    Med |   req/s  failures/s
--------|----------------------------------------------------------------------------|-------|-------------|-------|-------|-------|-------|--------|-----------
POST     /api/book                                                                        961     0(0.00%) |    504     107    3200    260 |    8.30        0.00
GET      /api/concerts                                                                    173     0(0.00%) |     17       2     506      3 |    1.70        0.00
GET      /health                                                                           90     0(0.00%) |      7       2      66      3 |    0.70        0.00
--------|----------------------------------------------------------------------------|-------|-------------|-------|-------|-------|-------|--------|-----------
         Aggregated                                                                      1224     0(0.00%) |    399       2    3200    160 |   10.70        0.00

Type     Name                                                                          # reqs      # fails |    Avg     Min     Max    Med |   req/s  failures/s
--------|----------------------------------------------------------------------------|-------|-------------|-------|-------|-------|-------|--------|-----------
POST     /api/book                                                                        974     0(0.00%) |    503     107    3200    250 |    8.30        0.00
GET      /api/concerts                                                                    175     0(0.00%) |     17       2     506      3 |    1.70        0.00
GET      /health                                                                           90     0(0.00%) |      7       2      66      3 |    0.90        0.00
--------|----------------------------------------------------------------------------|-------|-------------|-------|-------|-------|-------|--------|-----------
         Aggregated                                                                      1239     0(0.00%) |    399       2    3200    160 |   10.90        0.00

Type     Name                                                                          # reqs      # fails |    Avg     Min     Max    Med |   req/s  failures/s
--------|----------------------------------------------------------------------------|-------|-------------|-------|-------|-------|-------|--------|-----------
POST     /api/book                                                                        997     0(0.00%) |    525     104    3200    260 |    8.40        0.00
GET      /api/concerts                                                                    177     0(0.00%) |     20       2     649      3 |    1.20        0.00
GET      /health                                                                           92     0(0.00%) |      7       2      66      3 |    0.80        0.00
--------|----------------------------------------------------------------------------|-------|-------------|-------|-------|-------|-------|--------|-----------
         Aggregated                                                                      1266     0(0.00%) |    417       2    3200    160 |   10.40        0.00

Type     Name                                                                          # reqs      # fails |    Avg     Min     Max    Med |   req/s  failures/s
--------|----------------------------------------------------------------------------|-------|-------------|-------|-------|-------|-------|--------|-----------
POST     /api/book                                                                       1016     0(0.00%) |    521     104    3200    260 |    9.30        0.00
GET      /api/concerts                                                                    182     0(0.00%) |     20       2     649      3 |    1.20        0.00
GET      /health                                                                           94     0(0.00%) |      7       2      66      3 |    1.00        0.00
--------|----------------------------------------------------------------------------|-------|-------------|-------|-------|-------|-------|--------|-----------
         Aggregated                                                                      1292     0(0.00%) |    413       2    3200    160 |   11.50        0.00

Type     Name                                                                          # reqs      # fails |    Avg     Min     Max    Med |   req/s  failures/s
--------|----------------------------------------------------------------------------|-------|-------------|-------|-------|-------|-------|--------|-----------
POST     /api/book                                                                       1032     0(0.00%) |    519     104    3200    260 |    9.10        0.00
GET      /api/concerts                                                                    187     0(0.00%) |     20       2     649      3 |    1.50        0.00
GET      /health                                                                           95     0(0.00%) |      7       2      66      3 |    1.00        0.00
--------|----------------------------------------------------------------------------|-------|-------------|-------|-------|-------|-------|--------|-----------
         Aggregated                                                                      1314     0(0.00%) |    411       2    3200    160 |   11.60        0.00

Type     Name                                                                          # reqs      # fails |    Avg     Min     Max    Med |   req/s  failures/s
--------|----------------------------------------------------------------------------|-------|-------------|-------|-------|-------|-------|--------|-----------
POST     /api/book                                                                       1048     0(0.00%) |    519     104    3200    250 |    9.40        0.00
GET      /api/concerts                                                                    191     0(0.00%) |     20       2     649      3 |    1.70        0.00
GET      /health                                                                           96     0(0.00%) |      7       2      66      3 |    0.90        0.00
--------|----------------------------------------------------------------------------|-------|-------------|-------|-------|-------|-------|--------|-----------
         Aggregated                                                                      1335     0(0.00%) |    411       2    3200    160 |   12.00        0.00

Type     Name                                                                          # reqs      # fails |    Avg     Min     Max    Med |   req/s  failures/s
--------|----------------------------------------------------------------------------|-------|-------------|-------|-------|-------|-------|--------|-----------
POST     /api/book                                                                       1072     0(0.00%) |    536     104    3200    260 |    8.80        0.00
GET      /api/concerts                                                                    194     0(0.00%) |     19       2     649      3 |    1.80        0.00
GET      /health                                                                           97     0(0.00%) |      7       2      66      3 |    0.70        0.00
--------|----------------------------------------------------------------------------|-------|-------------|-------|-------|-------|-------|--------|-----------
         Aggregated                                                                      1363     0(0.00%) |    424       2    3200    160 |   11.30        0.00

Type     Name                                                                          # reqs      # fails |    Avg     Min     Max    Med |   req/s  failures/s
--------|----------------------------------------------------------------------------|-------|-------------|-------|-------|-------|-------|--------|-----------
POST     /api/book                                                                       1091     0(0.00%) |    533     104    3200    260 |    9.80        0.00
GET      /api/concerts                                                                    197     0(0.00%) |     19       2     649      3 |    1.90        0.00
GET      /health                                                                           98     0(0.00%) |      7       2      66      3 |    0.70        0.00
--------|----------------------------------------------------------------------------|-------|-------------|-------|-------|-------|-------|--------|-----------
         Aggregated                                                                      1386     0(0.00%) |    423       2    3200    160 |   12.40        0.00

Type     Name                                                                          # reqs      # fails |    Avg     Min     Max    Med |   req/s  failures/s
--------|----------------------------------------------------------------------------|-------|-------------|-------|-------|-------|-------|--------|-----------
POST     /api/book                                                                       1108     0(0.00%) |    540     104    3200    260 |    9.20        0.00
GET      /api/concerts                                                                    205     0(0.00%) |     19       2     649      3 |    1.90        0.00
GET      /health                                                                          101     0(0.00%) |      7       2      66      3 |    0.60        0.00
--------|----------------------------------------------------------------------------|-------|-------------|-------|-------|-------|-------|--------|-----------
         Aggregated                                                                      1414     0(0.00%) |    427       2    3200    160 |   11.70        0.00

Type     Name                                                                          # reqs      # fails |    Avg     Min     Max    Med |   req/s  failures/s
--------|----------------------------------------------------------------------------|-------|-------------|-------|-------|-------|-------|--------|-----------
POST     /api/book                                                                       1131     0(0.00%) |    539     104    3200    250 |    8.80        0.00
GET      /api/concerts                                                                    210     0(0.00%) |     18       2     649      3 |    2.30        0.00
GET      /health                                                                          105     0(0.00%) |      7       2      66      3 |    0.60        0.00
--------|----------------------------------------------------------------------------|-------|-------------|-------|-------|-------|-------|--------|-----------
         Aggregated                                                                      1446     0(0.00%) |    425       2    3200    160 |   11.70        0.00

Type     Name                                                                          # reqs      # fails |    Avg     Min     Max    Med |   req/s  failures/s
--------|----------------------------------------------------------------------------|-------|-------------|-------|-------|-------|-------|--------|-----------
POST     /api/book                                                                       1150     0(0.00%) |    536     104    3200    250 |    9.70        0.00
GET      /api/concerts                                                                    212     0(0.00%) |     19       2     649      3 |    2.40        0.00
GET      /health                                                                          107     0(0.00%) |      7       2      66      3 |    1.00        0.00
--------|----------------------------------------------------------------------------|-------|-------------|-------|-------|-------|-------|--------|-----------
         Aggregated                                                                      1469     0(0.00%) |    423       2    3200    160 |   13.10        0.00

Type     Name                                                                          # reqs      # fails |    Avg     Min     Max    Med |   req/s  failures/s
--------|----------------------------------------------------------------------------|-------|-------------|-------|-------|-------|-------|--------|-----------
POST     /api/book                                                                       1172     0(0.00%) |    542     104    3200    250 |   10.00        0.00
GET      /api/concerts                                                                    217     0(0.00%) |     18       2     649      3 |    2.10        0.00
GET      /health                                                                          110     0(0.00%) |      7       2      68      3 |    1.10        0.00
--------|----------------------------------------------------------------------------|-------|-------------|-------|-------|-------|-------|--------|-----------
         Aggregated                                                                      1499     0(0.00%) |    427       2    3200    160 |   13.20        0.00

Type     Name                                                                          # reqs      # fails |    Avg     Min     Max    Med |   req/s  failures/s
--------|----------------------------------------------------------------------------|-------|-------------|-------|-------|-------|-------|--------|-----------
POST     /api/book                                                                       1189     0(0.00%) |    542     104    3200    250 |    9.90        0.00
GET      /api/concerts                                                                    220     0(0.00%) |     20       2     649      3 |    2.30        0.00
GET      /health                                                                          114     0(0.00%) |      8       2      68      3 |    1.10        0.00
--------|----------------------------------------------------------------------------|-------|-------------|-------|-------|-------|-------|--------|-----------
         Aggregated                                                                      1523     0(0.00%) |    427       2    3200    160 |   13.30        0.00

Type     Name                                                                          # reqs      # fails |    Avg     Min     Max    Med |   req/s  failures/s
--------|----------------------------------------------------------------------------|-------|-------------|-------|-------|-------|-------|--------|-----------
POST     /api/book                                                                       1213     0(0.00%) |    555     104    3251    250 |    9.70        0.00
GET      /api/concerts                                                                    223     0(0.00%) |     20       2     649      3 |    2.40        0.00
GET      /health                                                                          115     0(0.00%) |      7       2      68      3 |    1.60        0.00
--------|----------------------------------------------------------------------------|-------|-------------|-------|-------|-------|-------|--------|-----------
         Aggregated                                                                      1551     0(0.00%) |    437       2    3251    160 |   13.70        0.00

Type     Name                                                                          # reqs      # fails |    Avg     Min     Max    Med |   req/s  failures/s
--------|----------------------------------------------------------------------------|-------|-------------|-------|-------|-------|-------|--------|-----------
POST     /api/book                                                                       1233     0(0.00%) |    554     104    3251    250 |   10.40        0.00
GET      /api/concerts                                                                    228     0(0.00%) |     19       2     649      3 |    1.90        0.00
GET      /health                                                                          117     0(0.00%) |      7       2      68      3 |    1.50        0.00
--------|----------------------------------------------------------------------------|-------|-------------|-------|-------|-------|-------|--------|-----------
         Aggregated                                                                      1578     0(0.00%) |    436       2    3251    160 |   13.80        0.00

Type     Name                                                                          # reqs      # fails |    Avg     Min     Max    Med |   req/s  failures/s
--------|----------------------------------------------------------------------------|-------|-------------|-------|-------|-------|-------|--------|-----------
POST     /api/book                                                                       1249     0(0.00%) |    555     104    3251    260 |   10.20        0.00
GET      /api/concerts                                                                    231     0(0.00%) |     20       2     649      3 |    1.80        0.00
GET      /health                                                                          118     0(0.00%) |      7       2      68      3 |    1.30        0.00
--------|----------------------------------------------------------------------------|-------|-------------|-------|-------|-------|-------|--------|-----------
         Aggregated                                                                      1598     0(0.00%) |    437       2    3251    160 |   13.30        0.00

Type     Name                                                                          # reqs      # fails |    Avg     Min     Max    Med |   req/s  failures/s
--------|----------------------------------------------------------------------------|-------|-------------|-------|-------|-------|-------|--------|-----------
POST     /api/book                                                                       1271     0(0.00%) |    561     104    3251    260 |   10.00        0.00
GET      /api/concerts                                                                    234     0(0.00%) |     20       2     649      3 |    1.90        0.00
GET      /health                                                                          119     0(0.00%) |      7       2      68      3 |    1.10        0.00
--------|----------------------------------------------------------------------------|-------|-------------|-------|-------|-------|-------|--------|-----------
         Aggregated                                                                      1624     0(0.00%) |    442       2    3251    160 |   13.00        0.00

Type     Name                                                                          # reqs      # fails |    Avg     Min     Max    Med |   req/s  failures/s
--------|----------------------------------------------------------------------------|-------|-------------|-------|-------|-------|-------|--------|-----------
POST     /api/book                                                                       1297     0(0.00%) |    564      91    3251    270 |   10.00        0.00
GET      /api/concerts                                                                    237     0(0.00%) |     20       2     649      3 |    1.70        0.00
GET      /health                                                                          122     0(0.00%) |      7       2      68      3 |    1.10        0.00
--------|----------------------------------------------------------------------------|-------|-------------|-------|-------|-------|-------|--------|-----------
         Aggregated                                                                      1656     0(0.00%) |    445       2    3251    160 |   12.80        0.00

Type     Name                                                                          # reqs      # fails |    Avg     Min     Max    Med |   req/s  failures/s
--------|----------------------------------------------------------------------------|-------|-------------|-------|-------|-------|-------|--------|-----------
POST     /api/book                                                                       1315     0(0.00%) |    561      91    3251    270 |   11.10        0.00
GET      /api/concerts                                                                    241     0(0.00%) |     19       2     649      3 |    1.70        0.00
GET      /health                                                                          125     0(0.00%) |      7       2      68      3 |    0.80        0.00
--------|----------------------------------------------------------------------------|-------|-------------|-------|-------|-------|-------|--------|-----------
         Aggregated                                                                      1681     0(0.00%) |    442       2    3251    160 |   13.60        0.00

Type     Name                                                                          # reqs      # fails |    Avg     Min     Max    Med |   req/s  failures/s
--------|----------------------------------------------------------------------------|-------|-------------|-------|-------|-------|-------|--------|-----------
POST     /api/book                                                                       1333     0(0.00%) |    561      91    3251    260 |   10.50        0.00
GET      /api/concerts                                                                    243     0(0.00%) |     20       2     649      3 |    1.80        0.00
GET      /health                                                                          126     0(0.00%) |      7       2      68      3 |    1.00        0.00
--------|----------------------------------------------------------------------------|-------|-------------|-------|-------|-------|-------|--------|-----------
         Aggregated                                                                      1702     0(0.00%) |    443       2    3251    160 |   13.30        0.00

Type     Name                                                                          # reqs      # fails |    Avg     Min     Max    Med |   req/s  failures/s
--------|----------------------------------------------------------------------------|-------|-------------|-------|-------|-------|-------|--------|-----------
POST     /api/book                                                                       1364     0(0.00%) |    574      91    3251    270 |   10.10        0.00
GET      /api/concerts                                                                    251     0(0.00%) |     19       2     649      3 |    1.80        0.00
GET      /health                                                                          126     0(0.00%) |      7       2      68      3 |    0.90        0.00
--------|----------------------------------------------------------------------------|-------|-------------|-------|-------|-------|-------|--------|-----------
         Aggregated                                                                      1741     0(0.00%) |    453       2    3251    160 |   12.80        0.00

Type     Name                                                                          # reqs      # fails |    Avg     Min     Max    Med |   req/s  failures/s
--------|----------------------------------------------------------------------------|-------|-------------|-------|-------|-------|-------|--------|-----------
POST     /api/book                                                                       1388     0(0.00%) |    570      91    3251    260 |   11.70        0.00
GET      /api/concerts                                                                    253     0(0.00%) |     19       2     649      3 |    2.00        0.00
GET      /health                                                                          126     0(0.00%) |      7       2      68      3 |    0.80        0.00
--------|----------------------------------------------------------------------------|-------|-------------|-------|-------|-------|-------|--------|-----------
         Aggregated                                                                      1767     0(0.00%) |    451       2    3251    160 |   14.50        0.00

Type     Name                                                                          # reqs      # fails |    Avg     Min     Max    Med |   req/s  failures/s
--------|----------------------------------------------------------------------------|-------|-------------|-------|-------|-------|-------|--------|-----------
POST     /api/book                                                                       1416     0(0.00%) |    577      91    3251    270 |   11.60        0.00
GET      /api/concerts                                                                    256     0(0.00%) |     19       2     649      3 |    1.90        0.00
GET      /health                                                                          128     0(0.00%) |      7       2      68      3 |    0.70        0.00
--------|----------------------------------------------------------------------------|-------|-------------|-------|-------|-------|-------|--------|-----------
         Aggregated                                                                      1800     0(0.00%) |    457       2    3251    160 |   14.20        0.00

Type     Name                                                                          # reqs      # fails |    Avg     Min     Max    Med |   req/s  failures/s
--------|----------------------------------------------------------------------------|-------|-------------|-------|-------|-------|-------|--------|-----------
POST     /api/book                                                                       1442     0(0.00%) |    578      91    3251    270 |   11.70        0.00
GET      /api/concerts                                                                    260     0(0.00%) |     19       2     649      3 |    1.90        0.00
GET      /health                                                                          129     0(0.00%) |      7       2      68      3 |    0.60        0.00
--------|----------------------------------------------------------------------------|-------|-------------|-------|-------|-------|-------|--------|-----------
         Aggregated                                                                      1831     0(0.00%) |    458       2    3251    170 |   14.20        0.00

Type     Name                                                                          # reqs      # fails |    Avg     Min     Max    Med |   req/s  failures/s
--------|----------------------------------------------------------------------------|-------|-------------|-------|-------|-------|-------|--------|-----------
POST     /api/book                                                                       1463     0(0.00%) |    578      91    3251    270 |   12.70        0.00
GET      /api/concerts                                                                    264     0(0.00%) |     18       2     649      3 |    1.90        0.00
GET      /health                                                                          133     0(0.00%) |      7       2      68      3 |    0.40        0.00
--------|----------------------------------------------------------------------------|-------|-------------|-------|-------|-------|-------|--------|-----------
         Aggregated                                                                      1860     0(0.00%) |    458       2    3251    170 |   15.00        0.00

Type     Name                                                                          # reqs      # fails |    Avg     Min     Max    Med |   req/s  failures/s
--------|----------------------------------------------------------------------------|-------|-------------|-------|-------|-------|-------|--------|-----------
POST     /api/book                                                                       1489     0(0.00%) |    579      91    3251    270 |   13.00        0.00
GET      /api/concerts                                                                    266     0(0.00%) |     18       2     649      3 |    2.00        0.00
GET      /health                                                                          133     0(0.00%) |      7       2      68      3 |    0.80        0.00
--------|----------------------------------------------------------------------------|-------|-------------|-------|-------|-------|-------|--------|-----------
         Aggregated                                                                      1888     0(0.00%) |    459       2    3251    170 |   15.80        0.00

Type     Name                                                                          # reqs      # fails |    Avg     Min     Max    Med |   req/s  failures/s
--------|----------------------------------------------------------------------------|-------|-------------|-------|-------|-------|-------|--------|-----------
POST     /api/book                                                                       1517     0(0.00%) |    583      91    3251    270 |   12.10        0.00
GET      /api/concerts                                                                    270     0(0.00%) |     18       2     649      3 |    1.50        0.00
GET      /health                                                                          137     0(0.00%) |      7       2      68      3 |    0.70        0.00
--------|----------------------------------------------------------------------------|-------|-------------|-------|-------|-------|-------|--------|-----------
         Aggregated                                                                      1924     0(0.00%) |    463       2    3251    170 |   14.30        0.00

[2026-06-05 13:57:25,216] ip-172-31-20-158/INFO/locust.runners: All users spawned: {"TicketingUser": 40} (40 total users)
Type     Name                                                                          # reqs      # fails |    Avg     Min     Max    Med |   req/s  failures/s
--------|----------------------------------------------------------------------------|-------|-------------|-------|-------|-------|-------|--------|-----------
POST     /api/book                                                                       1538     0(0.00%) |    580      91    3251    270 |   12.70        0.00
GET      /api/concerts                                                                    277     0(0.00%) |     18       2     649      3 |    1.70        0.00
GET      /health                                                                          137     0(0.00%) |      7       2      68      3 |    1.10        0.00
--------|----------------------------------------------------------------------------|-------|-------------|-------|-------|-------|-------|--------|-----------
         Aggregated                                                                      1952     0(0.00%) |    460       2    3251    170 |   15.50        0.00

Type     Name                                                                          # reqs      # fails |    Avg     Min     Max    Med |   req/s  failures/s
--------|----------------------------------------------------------------------------|-------|-------------|-------|-------|-------|-------|--------|-----------
POST     /api/book                                                                       1562     0(0.00%) |    583      91    3251    270 |   12.20        0.00
GET      /api/concerts                                                                    286     0(0.00%) |     18       2     649      3 |    2.00        0.00
GET      /health                                                                          138     0(0.00%) |      7       2      68      3 |    0.90        0.00
--------|----------------------------------------------------------------------------|-------|-------------|-------|-------|-------|-------|--------|-----------
         Aggregated                                                                      1986     0(0.00%) |    462       2    3251    170 |   15.10        0.00

Type     Name                                                                          # reqs      # fails |    Avg     Min     Max    Med |   req/s  failures/s
--------|----------------------------------------------------------------------------|-------|-------------|-------|-------|-------|-------|--------|-----------
POST     /api/book                                                                       1590     0(0.00%) |    582      91    3251    270 |   12.20        0.00
GET      /api/concerts                                                                    293     0(0.00%) |     18       2     649      3 |    2.40        0.00
GET      /health                                                                          141     0(0.00%) |      7       2      68      3 |    0.90        0.00
--------|----------------------------------------------------------------------------|-------|-------------|-------|-------|-------|-------|--------|-----------
         Aggregated                                                                      2024     0(0.00%) |    460       2    3251    170 |   15.50        0.00

Type     Name                                                                          # reqs      # fails |    Avg     Min     Max    Med |   req/s  failures/s
--------|----------------------------------------------------------------------------|-------|-------------|-------|-------|-------|-------|--------|-----------
POST     /api/book                                                                       1612     0(0.00%) |    578      91    3251    270 |   12.50        0.00
GET      /api/concerts                                                                    303     0(0.00%) |     18       2     649      3 |    3.00        0.00
GET      /health                                                                          145     0(0.00%) |      7       2      68      3 |    0.80        0.00
--------|----------------------------------------------------------------------------|-------|-------------|-------|-------|-------|-------|--------|-----------
         Aggregated                                                                      2060     0(0.00%) |    456       2    3251    170 |   16.30        0.00

Type     Name                                                                          # reqs      # fails |    Avg     Min     Max    Med |   req/s  failures/s
--------|----------------------------------------------------------------------------|-------|-------------|-------|-------|-------|-------|--------|-----------
POST     /api/book                                                                       1639     0(0.00%) |    576      91    3251    270 |   12.70        0.00
GET      /api/concerts                                                                    310     0(0.00%) |     18       2     649      3 |    3.40        0.00
GET      /health                                                                          149     0(0.00%) |      7       2      68      3 |    1.20        0.00
--------|----------------------------------------------------------------------------|-------|-------------|-------|-------|-------|-------|--------|-----------
         Aggregated                                                                      2098     0(0.00%) |    453       2    3251    170 |   17.30        0.00

[2026-06-05 13:57:35,595] ip-172-31-20-158/INFO/locust.runners: Shape test updating to 40 users at 1.00 spawn rate
[2026-06-05 13:57:35,595] ip-172-31-20-158/INFO/locust.runners: Ramping to 40 users at a rate of 1.00 per second
[2026-06-05 13:57:35,595] ip-172-31-20-158/INFO/locust.runners: All users spawned: {"TicketingUser": 40} (40 total users)
Type     Name                                                                          # reqs      # fails |    Avg     Min     Max    Med |   req/s  failures/s
--------|----------------------------------------------------------------------------|-------|-------------|-------|-------|-------|-------|--------|-----------
POST     /api/book                                                                       1661     0(0.00%) |    573      91    3251    270 |   12.30        0.00
GET      /api/concerts                                                                    312     0(0.00%) |     18       2     649      3 |    3.90        0.00
GET      /health                                                                          150     0(0.00%) |      7       2      68      3 |    1.10        0.00
--------|----------------------------------------------------------------------------|-------|-------------|-------|-------|-------|-------|--------|-----------
         Aggregated                                                                      2123     0(0.00%) |    451       2    3251    170 |   17.30        0.00

Type     Name                                                                          # reqs      # fails |    Avg     Min     Max    Med |   req/s  failures/s
--------|----------------------------------------------------------------------------|-------|-------------|-------|-------|-------|-------|--------|-----------
POST     /api/book                                                                       1678     0(0.00%) |    572      91    3251    270 |   12.60        0.00
GET      /api/concerts                                                                    316     0(0.00%) |     18       2     649      3 |    3.60        0.00
GET      /health                                                                          153     0(0.00%) |      7       2      68      3 |    1.30        0.00
--------|----------------------------------------------------------------------------|-------|-------------|-------|-------|-------|-------|--------|-----------
         Aggregated                                                                      2147     0(0.00%) |    450       2    3251    170 |   17.50        0.00

Type     Name                                                                          # reqs      # fails |    Avg     Min     Max    Med |   req/s  failures/s
--------|----------------------------------------------------------------------------|-------|-------------|-------|-------|-------|-------|--------|-----------
POST     /api/book                                                                       1711     0(0.00%) |    585      91    3503    270 |   11.60        0.00
GET      /api/concerts                                                                    320     0(0.00%) |     18       2     649      3 |    3.20        0.00
GET      /health                                                                          156     0(0.00%) |      8       2      76      3 |    1.40        0.00
--------|----------------------------------------------------------------------------|-------|-------------|-------|-------|-------|-------|--------|-----------
         Aggregated                                                                      2187     0(0.00%) |    461       2    3503    170 |   16.20        0.00

Type     Name                                                                          # reqs      # fails |    Avg     Min     Max    Med |   req/s  failures/s
--------|----------------------------------------------------------------------------|-------|-------------|-------|-------|-------|-------|--------|-----------
POST     /api/book                                                                       1732     0(0.00%) |    583      91    3503    270 |   12.30        0.00
GET      /api/concerts                                                                    325     0(0.00%) |     17       2     649      3 |    2.70        0.00
GET      /health                                                                          159     0(0.00%) |      8       2      76      3 |    1.50        0.00
--------|----------------------------------------------------------------------------|-------|-------------|-------|-------|-------|-------|--------|-----------
         Aggregated                                                                      2216     0(0.00%) |    458       2    3503    170 |   16.50        0.00

Type     Name                                                                          # reqs      # fails |    Avg     Min     Max    Med |   req/s  failures/s
--------|----------------------------------------------------------------------------|-------|-------------|-------|-------|-------|-------|--------|-----------
POST     /api/book                                                                       1762     0(0.00%) |    587      91    3503    270 |   11.80        0.00
GET      /api/concerts                                                                    331     0(0.00%) |     17       2     649      3 |    2.50        0.00
GET      /health                                                                          161     0(0.00%) |      8       2      77      3 |    1.30        0.00
--------|----------------------------------------------------------------------------|-------|-------------|-------|-------|-------|-------|--------|-----------
         Aggregated                                                                      2254     0(0.00%) |    462       2    3503    170 |   15.60        0.00

Type     Name                                                                          # reqs      # fails |    Avg     Min     Max    Med |   req/s  failures/s
--------|----------------------------------------------------------------------------|-------|-------------|-------|-------|-------|-------|--------|-----------
POST     /api/book                                                                       1780     0(0.00%) |    586      91    3503    270 |   12.10        0.00
GET      /api/concerts                                                                    340     0(0.00%) |     17       2     649      3 |    2.20        0.00
GET      /health                                                                          162     0(0.00%) |      8       2      77      3 |    1.30        0.00
--------|----------------------------------------------------------------------------|-------|-------------|-------|-------|-------|-------|--------|-----------
         Aggregated                                                                      2282     0(0.00%) |    460       2    3503    170 |   15.60        0.00

Type     Name                                                                          # reqs      # fails |    Avg     Min     Max    Med |   req/s  failures/s
--------|----------------------------------------------------------------------------|-------|-------------|-------|-------|-------|-------|--------|-----------
POST     /api/book                                                                       1806     0(0.00%) |    589      91    3503    270 |   11.80        0.00
GET      /api/concerts                                                                    343     0(0.00%) |     17       2     649      3 |    2.60        0.00
GET      /health                                                                          165     0(0.00%) |      8       2      77      3 |    1.20        0.00
--------|----------------------------------------------------------------------------|-------|-------------|-------|-------|-------|-------|--------|-----------
         Aggregated                                                                      2314     0(0.00%) |    463       2    3503    170 |   15.60        0.00

Type     Name                                                                          # reqs      # fails |    Avg     Min     Max    Med |   req/s  failures/s
--------|----------------------------------------------------------------------------|-------|-------------|-------|-------|-------|-------|--------|-----------
POST     /api/book                                                                       1829     0(0.00%) |    589      91    3503    270 |   12.20        0.00
GET      /api/concerts                                                                    345     0(0.00%) |     17       2     649      3 |    2.60        0.00
GET      /health                                                                          168     0(0.00%) |      9       2      89      3 |    1.20        0.00
--------|----------------------------------------------------------------------------|-------|-------------|-------|-------|-------|-------|--------|-----------
         Aggregated                                                                      2342     0(0.00%) |    463       2    3503    170 |   16.00        0.00

Type     Name                                                                          # reqs      # fails |    Avg     Min     Max    Med |   req/s  failures/s
--------|----------------------------------------------------------------------------|-------|-------------|-------|-------|-------|-------|--------|-----------
POST     /api/book                                                                       1855     0(0.00%) |    587      91    3503    270 |   11.90        0.00
GET      /api/concerts                                                                    347     0(0.00%) |     17       2     649      3 |    2.50        0.00
GET      /health                                                                          171     0(0.00%) |      9       2      89      3 |    1.20        0.00
--------|----------------------------------------------------------------------------|-------|-------------|-------|-------|-------|-------|--------|-----------
         Aggregated                                                                      2373     0(0.00%) |    462       2    3503    170 |   15.60        0.00

Type     Name                                                                          # reqs      # fails |    Avg     Min     Max    Med |   req/s  failures/s
--------|----------------------------------------------------------------------------|-------|-------------|-------|-------|-------|-------|--------|-----------
POST     /api/book                                                                       1886     0(0.00%) |    587      91    3503    270 |   12.40        0.00
GET      /api/concerts                                                                    352     0(0.00%) |     17       2     649      3 |    2.10        0.00
GET      /health                                                                          172     0(0.00%) |      9       2      89      3 |    1.30        0.00
--------|----------------------------------------------------------------------------|-------|-------------|-------|-------|-------|-------|--------|-----------
         Aggregated                                                                      2410     0(0.00%) |    462       2    3503    170 |   15.80        0.00

Type     Name                                                                          # reqs      # fails |    Avg     Min     Max    Med |   req/s  failures/s
--------|----------------------------------------------------------------------------|-------|-------------|-------|-------|-------|-------|--------|-----------
POST     /api/book                                                                       1910     0(0.00%) |    585      91    3503    270 |   12.80        0.00
GET      /api/concerts                                                                    353     0(0.00%) |     17       2     649      3 |    1.90        0.00
GET      /health                                                                          177     0(0.00%) |      9       2      89      3 |    1.10        0.00
--------|----------------------------------------------------------------------------|-------|-------------|-------|-------|-------|-------|--------|-----------
         Aggregated                                                                      2440     0(0.00%) |    461       2    3503    170 |   15.80        0.00

Type     Name                                                                          # reqs      # fails |    Avg     Min     Max    Med |   req/s  failures/s
--------|----------------------------------------------------------------------------|-------|-------------|-------|-------|-------|-------|--------|-----------
POST     /api/book                                                                       1922     0(0.00%) |    586      91    3503    270 |   12.90        0.00
GET      /api/concerts                                                                    366     0(0.00%) |     17       2     649      3 |    1.50        0.00
GET      /health                                                                          180     0(0.00%) |      9       2      89      3 |    1.50        0.00
--------|----------------------------------------------------------------------------|-------|-------------|-------|-------|-------|-------|--------|-----------
         Aggregated                                                                      2468     0(0.00%) |    460       2    3503    170 |   15.90        0.00

Type     Name                                                                          # reqs      # fails |    Avg     Min     Max    Med |   req/s  failures/s
--------|----------------------------------------------------------------------------|-------|-------------|-------|-------|-------|-------|--------|-----------
POST     /api/book                                                                       1951     0(0.00%) |    590      91    3503    270 |   12.20        0.00
GET      /api/concerts                                                                    370     0(0.00%) |     17       2     649      3 |    2.40        0.00
GET      /health                                                                          182     0(0.00%) |      9       2      89      3 |    1.60        0.00
--------|----------------------------------------------------------------------------|-------|-------------|-------|-------|-------|-------|--------|-----------
         Aggregated                                                                      2503     0(0.00%) |    463       2    3503    170 |   16.20        0.00

Type     Name                                                                          # reqs      # fails |    Avg     Min     Max    Med |   req/s  failures/s
--------|----------------------------------------------------------------------------|-------|-------------|-------|-------|-------|-------|--------|-----------
POST     /api/book                                                                       1970     0(0.00%) |    591      91    3503    270 |   12.20        0.00
GET      /api/concerts                                                                    375     0(0.00%) |     17       2     649      3 |    2.50        0.00
GET      /health                                                                          185     0(0.00%) |      8       2      89      3 |    1.40        0.00
--------|----------------------------------------------------------------------------|-------|-------------|-------|-------|-------|-------|--------|-----------
         Aggregated                                                                      2530     0(0.00%) |    463       2    3503    170 |   16.10        0.00

Type     Name                                                                          # reqs      # fails |    Avg     Min     Max    Med |   req/s  failures/s
--------|----------------------------------------------------------------------------|-------|-------------|-------|-------|-------|-------|--------|-----------
POST     /api/book                                                                       1990     0(0.00%) |    594      91    3574    270 |   11.50        0.00
GET      /api/concerts                                                                    380     0(0.00%) |     17       2     649      3 |    2.80        0.00
GET      /health                                                                          185     0(0.00%) |      8       2      89      3 |    1.40        0.00
--------|----------------------------------------------------------------------------|-------|-------------|-------|-------|-------|-------|--------|-----------
         Aggregated                                                                      2555     0(0.00%) |    466       2    3574    170 |   15.70        0.00

Type     Name                                                                          # reqs      # fails |    Avg     Min     Max    Med |   req/s  failures/s
--------|----------------------------------------------------------------------------|-------|-------------|-------|-------|-------|-------|--------|-----------
POST     /api/book                                                                       2019     0(0.00%) |    603      91    4084    270 |   10.30        0.00
GET      /api/concerts                                                                    385     0(0.00%) |     17       2     649      3 |    3.00        0.00
GET      /health                                                                          190     0(0.00%) |      8       2      89      3 |    1.30        0.00
--------|----------------------------------------------------------------------------|-------|-------------|-------|-------|-------|-------|--------|-----------
         Aggregated                                                                      2594     0(0.00%) |    472       2    4084    170 |   14.60        0.00

Type     Name                                                                          # reqs      # fails |    Avg     Min     Max    Med |   req/s  failures/s
--------|----------------------------------------------------------------------------|-------|-------------|-------|-------|-------|-------|--------|-----------
POST     /api/book                                                                       2041     0(0.00%) |    602      91    4084    270 |   10.90        0.00
GET      /api/concerts                                                                    389     0(0.00%) |     17       2     649      3 |    3.10        0.00
GET      /health                                                                          191     0(0.00%) |      8       2      89      3 |    1.20        0.00
--------|----------------------------------------------------------------------------|-------|-------------|-------|-------|-------|-------|--------|-----------
         Aggregated                                                                      2621     0(0.00%) |    472       2    4084    170 |   15.20        0.00

Type     Name                                                                          # reqs      # fails |    Avg     Min     Max    Med |   req/s  failures/s
--------|----------------------------------------------------------------------------|-------|-------------|-------|-------|-------|-------|--------|-----------
POST     /api/book                                                                       2062     0(0.00%) |    606      91    4084    270 |   11.60        0.00
GET      /api/concerts                                                                    393     0(0.00%) |     17       2     649      3 |    2.30        0.00
GET      /health                                                                          192     0(0.00%) |      9       2      89      3 |    1.10        0.00
--------|----------------------------------------------------------------------------|-------|-------------|-------|-------|-------|-------|--------|-----------
         Aggregated                                                                      2647     0(0.00%) |    475       2    4084    170 |   15.00        0.00

Type     Name                                                                          # reqs      # fails |    Avg     Min     Max    Med |   req/s  failures/s
--------|----------------------------------------------------------------------------|-------|-------------|-------|-------|-------|-------|--------|-----------
POST     /api/book                                                                       2094     0(0.00%) |    609      91    4084    270 |   11.10        0.00
GET      /api/concerts                                                                    397     0(0.00%) |     17       2     649      3 |    2.30        0.00
GET      /health                                                                          194     0(0.00%) |      8       2      89      3 |    1.00        0.00
--------|----------------------------------------------------------------------------|-------|-------------|-------|-------|-------|-------|--------|-----------
         Aggregated                                                                      2685     0(0.00%) |    478       2    4084    170 |   14.40        0.00

Type     Name                                                                          # reqs      # fails |    Avg     Min     Max    Med |   req/s  failures/s
--------|----------------------------------------------------------------------------|-------|-------------|-------|-------|-------|-------|--------|-----------
POST     /api/book                                                                       2113     0(0.00%) |    606      91    4084    270 |   12.30        0.00
GET      /api/concerts                                                                    402     0(0.00%) |     17       2     649      3 |    2.30        0.00
GET      /health                                                                          197     0(0.00%) |      8       2      89      3 |    0.90        0.00
--------|----------------------------------------------------------------------------|-------|-------------|-------|-------|-------|-------|--------|-----------
         Aggregated                                                                      2712     0(0.00%) |    475       2    4084    170 |   15.50        0.00

Type     Name                                                                          # reqs      # fails |    Avg     Min     Max    Med |   req/s  failures/s
--------|----------------------------------------------------------------------------|-------|-------------|-------|-------|-------|-------|--------|-----------
POST     /api/book                                                                       2143     0(0.00%) |    612      91    4084    270 |   12.50        0.00
GET      /api/concerts                                                                    405     0(0.00%) |     17       2     649      3 |    2.20        0.00
GET      /health                                                                          200     0(0.00%) |      8       2      89      3 |    1.20        0.00
--------|----------------------------------------------------------------------------|-------|-------------|-------|-------|-------|-------|--------|-----------
         Aggregated                                                                      2748     0(0.00%) |    481       2    4084    170 |   15.90        0.00

Type     Name                                                                          # reqs      # fails |    Avg     Min     Max    Med |   req/s  failures/s
--------|----------------------------------------------------------------------------|-------|-------------|-------|-------|-------|-------|--------|-----------
POST     /api/book                                                                       2169     0(0.00%) |    611      91    4084    280 |   12.00        0.00
GET      /api/concerts                                                                    407     0(0.00%) |     17       2     649      3 |    2.10        0.00
GET      /health                                                                          204     0(0.00%) |      9       2      89      3 |    1.10        0.00
--------|----------------------------------------------------------------------------|-------|-------------|-------|-------|-------|-------|--------|-----------
         Aggregated                                                                      2780     0(0.00%) |    480       2    4084    170 |   15.20        0.00

Type     Name                                                                          # reqs      # fails |    Avg     Min     Max    Med |   req/s  failures/s
--------|----------------------------------------------------------------------------|-------|-------------|-------|-------|-------|-------|--------|-----------
POST     /api/book                                                                       2197     0(0.00%) |    612      91    4084    280 |   13.00        0.00
GET      /api/concerts                                                                    410     0(0.00%) |     17       2     649      3 |    1.80        0.00
GET      /health                                                                          206     0(0.00%) |     10       2     301      3 |    1.20        0.00
--------|----------------------------------------------------------------------------|-------|-------------|-------|-------|-------|-------|--------|-----------
         Aggregated                                                                      2813     0(0.00%) |    481       2    4084    170 |   16.00        0.00

Type     Name                                                                          # reqs      # fails |    Avg     Min     Max    Med |   req/s  failures/s
--------|----------------------------------------------------------------------------|-------|-------------|-------|-------|-------|-------|--------|-----------
POST     /api/book                                                                       2220     0(0.00%) |    613      91    4084    280 |   13.00        0.00
GET      /api/concerts                                                                    420     0(0.00%) |     17       2     649      3 |    1.70        0.00
GET      /health                                                                          207     0(0.00%) |     10       2     301      3 |    1.40        0.00
--------|----------------------------------------------------------------------------|-------|-------------|-------|-------|-------|-------|--------|-----------
         Aggregated                                                                      2847     0(0.00%) |    481       2    4084    170 |   16.10        0.00

Type     Name                                                                          # reqs      # fails |    Avg     Min     Max    Med |   req/s  failures/s
--------|----------------------------------------------------------------------------|-------|-------------|-------|-------|-------|-------|--------|-----------
POST     /api/book                                                                       2244     0(0.00%) |    610      91    4084    280 |   12.30        0.00
GET      /api/concerts                                                                    425     0(0.00%) |     17       2     649      3 |    2.10        0.00
GET      /health                                                                          208     0(0.00%) |     11       2     301      3 |    1.30        0.00
--------|----------------------------------------------------------------------------|-------|-------------|-------|-------|-------|-------|--------|-----------
         Aggregated                                                                      2877     0(0.00%) |    479       2    4084    170 |   15.70        0.00

Type     Name                                                                          # reqs      # fails |    Avg     Min     Max    Med |   req/s  failures/s
--------|----------------------------------------------------------------------------|-------|-------------|-------|-------|-------|-------|--------|-----------
POST     /api/book                                                                       2265     0(0.00%) |    608      91    4084    280 |   12.90        0.00
GET      /api/concerts                                                                    429     0(0.00%) |     17       2     649      3 |    2.30        0.00
GET      /health                                                                          208     0(0.00%) |     11       2     301      3 |    1.10        0.00
--------|----------------------------------------------------------------------------|-------|-------------|-------|-------|-------|-------|--------|-----------
         Aggregated                                                                      2902     0(0.00%) |    478       2    4084    170 |   16.30        0.00

Type     Name                                                                          # reqs      # fails |    Avg     Min     Max    Med |   req/s  failures/s
--------|----------------------------------------------------------------------------|-------|-------------|-------|-------|-------|-------|--------|-----------
POST     /api/book                                                                       2298     0(0.00%) |    616      91    4084    280 |   12.60        0.00
GET      /api/concerts                                                                    429     0(0.00%) |     17       2     649      3 |    2.40        0.00
GET      /health                                                                          211     0(0.00%) |     10       2     301      3 |    0.80        0.00
--------|----------------------------------------------------------------------------|-------|-------------|-------|-------|-------|-------|--------|-----------
         Aggregated                                                                      2938     0(0.00%) |    485       2    4084    170 |   15.80        0.00

Type     Name                                                                          # reqs      # fails |    Avg     Min     Max    Med |   req/s  failures/s
--------|----------------------------------------------------------------------------|-------|-------------|-------|-------|-------|-------|--------|-----------
POST     /api/book                                                                       2320     0(0.00%) |    612      91    4084    280 |   12.60        0.00
GET      /api/concerts                                                                    433     0(0.00%) |     17       2     649      3 |    2.20        0.00
GET      /health                                                                          213     0(0.00%) |     10       2     301      3 |    0.80        0.00
--------|----------------------------------------------------------------------------|-------|-------------|-------|-------|-------|-------|--------|-----------
         Aggregated                                                                      2966     0(0.00%) |    482       2    4084    170 |   15.60        0.00

Type     Name                                                                          # reqs      # fails |    Avg     Min     Max    Med |   req/s  failures/s
--------|----------------------------------------------------------------------------|-------|-------------|-------|-------|-------|-------|--------|-----------
POST     /api/book                                                                       2339     0(0.00%) |    610      91    4084    270 |   12.60        0.00
GET      /api/concerts                                                                    436     0(0.00%) |     17       2     649      3 |    2.30        0.00
GET      /health                                                                          214     0(0.00%) |     11       2     301      3 |    0.70        0.00
--------|----------------------------------------------------------------------------|-------|-------------|-------|-------|-------|-------|--------|-----------
         Aggregated                                                                      2989     0(0.00%) |    481       2    4084    170 |   15.60        0.00

Type     Name                                                                          # reqs      # fails |    Avg     Min     Max    Med |   req/s  failures/s
--------|----------------------------------------------------------------------------|-------|-------------|-------|-------|-------|-------|--------|-----------
POST     /api/book                                                                       2374     0(0.00%) |    615      91    4084    280 |   12.30        0.00
GET      /api/concerts                                                                    441     0(0.00%) |     17       2     649      3 |    1.80        0.00
GET      /health                                                                          218     0(0.00%) |     10       2     301      3 |    0.70        0.00
--------|----------------------------------------------------------------------------|-------|-------------|-------|-------|-------|-------|--------|-----------
         Aggregated                                                                      3033     0(0.00%) |    484       2    4084    170 |   14.80        0.00

Type     Name                                                                          # reqs      # fails |    Avg     Min     Max    Med |   req/s  failures/s
--------|----------------------------------------------------------------------------|-------|-------------|-------|-------|-------|-------|--------|-----------
POST     /api/book                                                                       2395     0(0.00%) |    612      91    4084    270 |   13.00        0.00
GET      /api/concerts                                                                    450     0(0.00%) |     17       2     649      3 |    1.60        0.00
GET      /health                                                                          221     0(0.00%) |     10       2     301      3 |    1.00        0.00
--------|----------------------------------------------------------------------------|-------|-------------|-------|-------|-------|-------|--------|-----------
         Aggregated                                                                      3066     0(0.00%) |    481       2    4084    170 |   15.60        0.00

Type     Name                                                                          # reqs      # fails |    Avg     Min     Max    Med |   req/s  failures/s
--------|----------------------------------------------------------------------------|-------|-------------|-------|-------|-------|-------|--------|-----------
POST     /api/book                                                                       2424     0(0.00%) |    612      91    4084    270 |   12.80        0.00
GET      /api/concerts                                                                    456     0(0.00%) |     17       2     649      3 |    1.90        0.00
GET      /health                                                                          221     0(0.00%) |     10       2     301      3 |    1.30        0.00
--------|----------------------------------------------------------------------------|-------|-------------|-------|-------|-------|-------|--------|-----------
         Aggregated                                                                      3101     0(0.00%) |    482       2    4084    170 |   16.00        0.00

Type     Name                                                                          # reqs      # fails |    Avg     Min     Max    Med |   req/s  failures/s
--------|----------------------------------------------------------------------------|-------|-------------|-------|-------|-------|-------|--------|-----------
POST     /api/book                                                                       2449     0(0.00%) |    609      91    4084    280 |   12.60        0.00
GET      /api/concerts                                                                    465     0(0.00%) |     17       2     649      3 |    2.70        0.00
GET      /health                                                                          224     0(0.00%) |     10       2     301      3 |    1.00        0.00
--------|----------------------------------------------------------------------------|-------|-------------|-------|-------|-------|-------|--------|-----------
         Aggregated                                                                      3138     0(0.00%) |    478       2    4084    170 |   16.30        0.00

Type     Name                                                                          # reqs      # fails |    Avg     Min     Max    Med |   req/s  failures/s
--------|----------------------------------------------------------------------------|-------|-------------|-------|-------|-------|-------|--------|-----------
POST     /api/book                                                                       2468     0(0.00%) |    606      91    4084    270 |   13.00        0.00
GET      /api/concerts                                                                    469     0(0.00%) |     17       2     649      3 |    3.10        0.00
GET      /health                                                                          225     0(0.00%) |     10       2     301      3 |    1.10        0.00
--------|----------------------------------------------------------------------------|-------|-------------|-------|-------|-------|-------|--------|-----------
         Aggregated                                                                      3162     0(0.00%) |    477       2    4084    170 |   17.20        0.00

Type     Name                                                                          # reqs      # fails |    Avg     Min     Max    Med |   req/s  failures/s
--------|----------------------------------------------------------------------------|-------|-------------|-------|-------|-------|-------|--------|-----------
POST     /api/book                                                                       2490     0(0.00%) |    610      91    4084    280 |   12.90        0.00
GET      /api/concerts                                                                    473     0(0.00%) |     17       2     649      3 |    3.30        0.00
GET      /health                                                                          227     0(0.00%) |     11       2     301      3 |    1.10        0.00
--------|----------------------------------------------------------------------------|-------|-------------|-------|-------|-------|-------|--------|-----------
         Aggregated                                                                      3190     0(0.00%) |    479       2    4084    170 |   17.30        0.00

Type     Name                                                                          # reqs      # fails |    Avg     Min     Max    Med |   req/s  failures/s
--------|----------------------------------------------------------------------------|-------|-------------|-------|-------|-------|-------|--------|-----------
POST     /api/book                                                                       2521     0(0.00%) |    613      91    4084    280 |   11.40        0.00
GET      /api/concerts                                                                    474     0(0.00%) |     17       2     649      3 |    3.10        0.00
GET      /health                                                                          228     0(0.00%) |     10       2     301      3 |    0.90        0.00
--------|----------------------------------------------------------------------------|-------|-------------|-------|-------|-------|-------|--------|-----------
         Aggregated                                                                      3223     0(0.00%) |    483       2    4084    170 |   15.40        0.00

Type     Name                                                                          # reqs      # fails |    Avg     Min     Max    Med |   req/s  failures/s
--------|----------------------------------------------------------------------------|-------|-------------|-------|-------|-------|-------|--------|-----------
POST     /api/book                                                                       2545     0(0.00%) |    612      91    4084    280 |   12.80        0.00
GET      /api/concerts                                                                    482     0(0.00%) |     17       2     649      3 |    2.50        0.00
GET      /health                                                                          229     0(0.00%) |     10       2     301      3 |    0.70        0.00
--------|----------------------------------------------------------------------------|-------|-------------|-------|-------|-------|-------|--------|-----------
         Aggregated                                                                      3256     0(0.00%) |    482       2    4084    170 |   16.00        0.00

Type     Name                                                                          # reqs      # fails |    Avg     Min     Max    Med |   req/s  failures/s
--------|----------------------------------------------------------------------------|-------|-------------|-------|-------|-------|-------|--------|-----------
POST     /api/book                                                                       2572     0(0.00%) |    611      91    4084    280 |   12.20        0.00
GET      /api/concerts                                                                    488     0(0.00%) |     17       2     649      3 |    2.40        0.00
GET      /health                                                                          231     0(0.00%) |     10       2     301      3 |    0.80        0.00
--------|----------------------------------------------------------------------------|-------|-------------|-------|-------|-------|-------|--------|-----------
         Aggregated                                                                      3291     0(0.00%) |    481       2    4084    170 |   15.40        0.00

Type     Name                                                                          # reqs      # fails |    Avg     Min     Max    Med |   req/s  failures/s
--------|----------------------------------------------------------------------------|-------|-------------|-------|-------|-------|-------|--------|-----------
POST     /api/book                                                                       2591     0(0.00%) |    609      91    4084    280 |   12.40        0.00
GET      /api/concerts                                                                    494     0(0.00%) |     18       2     649      3 |    2.40        0.00
GET      /health                                                                          231     0(0.00%) |     10       2     301      3 |    0.50        0.00
--------|----------------------------------------------------------------------------|-------|-------------|-------|-------|-------|-------|--------|-----------
         Aggregated                                                                      3316     0(0.00%) |    479       2    4084    170 |   15.30        0.00

Type     Name                                                                          # reqs      # fails |    Avg     Min     Max    Med |   req/s  failures/s
--------|----------------------------------------------------------------------------|-------|-------------|-------|-------|-------|-------|--------|-----------
POST     /api/book                                                                       2617     0(0.00%) |    613      91    4084    280 |   12.10        0.00
GET      /api/concerts                                                                    501     0(0.00%) |     19       2     649      3 |    2.40        0.00
GET      /health                                                                          235     0(0.00%) |     10       2     301      3 |    0.60        0.00
--------|----------------------------------------------------------------------------|-------|-------------|-------|-------|-------|-------|--------|-----------
         Aggregated                                                                      3353     0(0.00%) |    482       2    4084    170 |   15.10        0.00

Type     Name                                                                          # reqs      # fails |    Avg     Min     Max    Med |   req/s  failures/s
--------|----------------------------------------------------------------------------|-------|-------------|-------|-------|-------|-------|--------|-----------
POST     /api/book                                                                       2640     0(0.00%) |    611      91    4084    280 |   13.00        0.00
GET      /api/concerts                                                                    508     0(0.00%) |     19       2     649      3 |    2.80        0.00
GET      /health                                                                          237     0(0.00%) |     10       2     301      3 |    0.80        0.00
--------|----------------------------------------------------------------------------|-------|-------------|-------|-------|-------|-------|--------|-----------
         Aggregated                                                                      3385     0(0.00%) |    480       2    4084    170 |   16.60        0.00

Type     Name                                                                          # reqs      # fails |    Avg     Min     Max    Med |   req/s  failures/s
--------|----------------------------------------------------------------------------|-------|-------------|-------|-------|-------|-------|--------|-----------
POST     /api/book                                                                       2670     0(0.00%) |    614      91    4084    280 |   12.00        0.00
GET      /api/concerts                                                                    513     0(0.00%) |     19       2     649      3 |    3.30        0.00
GET      /health                                                                          237     0(0.00%) |     10       2     301      3 |    0.90        0.00
--------|----------------------------------------------------------------------------|-------|-------------|-------|-------|-------|-------|--------|-----------
         Aggregated                                                                      3420     0(0.00%) |    483       2    4084    170 |   16.20        0.00

Type     Name                                                                          # reqs      # fails |    Avg     Min     Max    Med |   req/s  failures/s
--------|----------------------------------------------------------------------------|-------|-------------|-------|-------|-------|-------|--------|-----------
POST     /api/book                                                                       2688     0(0.00%) |    612      91    4084    280 |   12.40        0.00
GET      /api/concerts                                                                    517     0(0.00%) |     19       2     649      3 |    3.20        0.00
GET      /health                                                                          241     0(0.00%) |     10       2     301      3 |    0.80        0.00
--------|----------------------------------------------------------------------------|-------|-------------|-------|-------|-------|-------|--------|-----------
         Aggregated                                                                      3446     0(0.00%) |    481       2    4084    170 |   16.40        0.00

Type     Name                                                                          # reqs      # fails |    Avg     Min     Max    Med |   req/s  failures/s
--------|----------------------------------------------------------------------------|-------|-------------|-------|-------|-------|-------|--------|-----------
POST     /api/book                                                                       2720     0(0.00%) |    615      91    4084    280 |   11.30        0.00
GET      /api/concerts                                                                    524     0(0.00%) |     19       2     649      3 |    2.90        0.00
GET      /health                                                                          242     0(0.00%) |     11       2     301      3 |    1.20        0.00
--------|----------------------------------------------------------------------------|-------|-------------|-------|-------|-------|-------|--------|-----------
         Aggregated                                                                      3486     0(0.00%) |    484       2    4084    170 |   15.40        0.00

Type     Name                                                                          # reqs      # fails |    Avg     Min     Max    Med |   req/s  failures/s
--------|----------------------------------------------------------------------------|-------|-------------|-------|-------|-------|-------|--------|-----------
POST     /api/book                                                                       2740     0(0.00%) |    612      91    4084    280 |   12.50        0.00
GET      /api/concerts                                                                    531     0(0.00%) |     19       2     649      3 |    3.00        0.00
GET      /health                                                                          244     0(0.00%) |     11       2     301      3 |    1.10        0.00
--------|----------------------------------------------------------------------------|-------|-------------|-------|-------|-------|-------|--------|-----------
         Aggregated                                                                      3515     0(0.00%) |    481       2    4084    170 |   16.60        0.00

Type     Name                                                                          # reqs      # fails |    Avg     Min     Max    Med |   req/s  failures/s
--------|----------------------------------------------------------------------------|-------|-------------|-------|-------|-------|-------|--------|-----------
POST     /api/book                                                                       2764     0(0.00%) |    611      91    4084    280 |   12.00        0.00
GET      /api/concerts                                                                    538     0(0.00%) |     19       2     649      3 |    2.90        0.00
GET      /health                                                                          248     0(0.00%) |     11       2     301      3 |    0.90        0.00
--------|----------------------------------------------------------------------------|-------|-------------|-------|-------|-------|-------|--------|-----------
         Aggregated                                                                      3550     0(0.00%) |    480       2    4084    170 |   15.80        0.00

Type     Name                                                                          # reqs      # fails |    Avg     Min     Max    Med |   req/s  failures/s
--------|----------------------------------------------------------------------------|-------|-------------|-------|-------|-------|-------|--------|-----------
POST     /api/book                                                                       2781     0(0.00%) |    610      91    4084    280 |   12.10        0.00
GET      /api/concerts                                                                    547     0(0.00%) |     19       2     649      3 |    3.00        0.00
GET      /health                                                                          251     0(0.00%) |     11       2     301      3 |    1.10        0.00
--------|----------------------------------------------------------------------------|-------|-------------|-------|-------|-------|-------|--------|-----------
         Aggregated                                                                      3579     0(0.00%) |    478       2    4084    170 |   16.20        0.00

Type     Name                                                                          # reqs      # fails |    Avg     Min     Max    Med |   req/s  failures/s
--------|----------------------------------------------------------------------------|-------|-------------|-------|-------|-------|-------|--------|-----------
POST     /api/book                                                                       2808     0(0.00%) |    611      91    4084    280 |   11.40        0.00
GET      /api/concerts                                                                    552     0(0.00%) |     19       2     649      3 |    3.30        0.00
GET      /health                                                                          255     0(0.00%) |     11       2     301      3 |    1.40        0.00
--------|----------------------------------------------------------------------------|-------|-------------|-------|-------|-------|-------|--------|-----------
         Aggregated                                                                      3615     0(0.00%) |    478       2    4084    170 |   16.10        0.00

Type     Name                                                                          # reqs      # fails |    Avg     Min     Max    Med |   req/s  failures/s
--------|----------------------------------------------------------------------------|-------|-------------|-------|-------|-------|-------|--------|-----------
POST     /api/book                                                                       2828     0(0.00%) |    610      91    4084    280 |   12.00        0.00
GET      /api/concerts                                                                    554     0(0.00%) |     19       2     649      3 |    3.40        0.00
GET      /health                                                                          260     0(0.00%) |     11       2     301      3 |    1.40        0.00
--------|----------------------------------------------------------------------------|-------|-------------|-------|-------|-------|-------|--------|-----------
         Aggregated                                                                      3642     0(0.00%) |    477       2    4084    170 |   16.80        0.00

Type     Name                                                                          # reqs      # fails |    Avg     Min     Max    Med |   req/s  failures/s
--------|----------------------------------------------------------------------------|-------|-------------|-------|-------|-------|-------|--------|-----------
POST     /api/book                                                                       2850     0(0.00%) |    608      91    4084    280 |   11.30        0.00
GET      /api/concerts                                                                    557     0(0.00%) |     19       2     649      3 |    3.10        0.00
GET      /health                                                                          263     0(0.00%) |     11       2     301      3 |    1.70        0.00
--------|----------------------------------------------------------------------------|-------|-------------|-------|-------|-------|-------|--------|-----------
         Aggregated                                                                      3670     0(0.00%) |    476       2    4084    170 |   16.10        0.00

Type     Name                                                                          # reqs      # fails |    Avg     Min     Max    Med |   req/s  failures/s
--------|----------------------------------------------------------------------------|-------|-------------|-------|-------|-------|-------|--------|-----------
POST     /api/book                                                                       2886     0(0.00%) |    617      91    4084    280 |   11.10        0.00
GET      /api/concerts                                                                    561     0(0.00%) |     19       2     649      3 |    2.80        0.00
GET      /health                                                                          265     0(0.00%) |     11       2     301      3 |    1.90        0.00
--------|----------------------------------------------------------------------------|-------|-------------|-------|-------|-------|-------|--------|-----------
         Aggregated                                                                      3712     0(0.00%) |    483       2    4084    170 |   15.80        0.00

Type     Name                                                                          # reqs      # fails |    Avg     Min     Max    Med |   req/s  failures/s
--------|----------------------------------------------------------------------------|-------|-------------|-------|-------|-------|-------|--------|-----------
POST     /api/book                                                                       2910     0(0.00%) |    614      91    4084    280 |   12.00        0.00
GET      /api/concerts                                                                    564     0(0.00%) |     19       2     649      3 |    2.50        0.00
GET      /health                                                                          267     0(0.00%) |     11       2     301      3 |    1.70        0.00
--------|----------------------------------------------------------------------------|-------|-------------|-------|-------|-------|-------|--------|-----------
         Aggregated                                                                      3741     0(0.00%) |    482       2    4084    170 |   16.20        0.00

Type     Name                                                                          # reqs      # fails |    Avg     Min     Max    Med |   req/s  failures/s
--------|----------------------------------------------------------------------------|-------|-------------|-------|-------|-------|-------|--------|-----------
POST     /api/book                                                                       2936     0(0.00%) |    616      91    4084    280 |   12.90        0.00
GET      /api/concerts                                                                    568     0(0.00%) |     19       2     649      3 |    1.90        0.00
GET      /health                                                                          273     0(0.00%) |     11       2     301      3 |    1.60        0.00
--------|----------------------------------------------------------------------------|-------|-------------|-------|-------|-------|-------|--------|-----------
         Aggregated                                                                      3777     0(0.00%) |    482       2    4084    170 |   16.40        0.00

Type     Name                                                                          # reqs      # fails |    Avg     Min     Max    Med |   req/s  failures/s
--------|----------------------------------------------------------------------------|-------|-------------|-------|-------|-------|-------|--------|-----------
POST     /api/book                                                                       2961     0(0.00%) |    615      91    4084    280 |   13.00        0.00
GET      /api/concerts                                                                    572     0(0.00%) |     19       2     649      3 |    1.70        0.00
GET      /health                                                                          276     0(0.00%) |     11       2     301      3 |    1.50        0.00
--------|----------------------------------------------------------------------------|-------|-------------|-------|-------|-------|-------|--------|-----------
         Aggregated                                                                      3809     0(0.00%) |    482       2    4084    170 |   16.20        0.00

Type     Name                                                                          # reqs      # fails |    Avg     Min     Max    Med |   req/s  failures/s
--------|----------------------------------------------------------------------------|-------|-------------|-------|-------|-------|-------|--------|-----------
POST     /api/book                                                                       2979     0(0.00%) |    613      91    4084    280 |   13.20        0.00
GET      /api/concerts                                                                    579     0(0.00%) |     19       2     649      3 |    1.70        0.00
GET      /health                                                                          280     0(0.00%) |     11       2     301      3 |    1.60        0.00
--------|----------------------------------------------------------------------------|-------|-------------|-------|-------|-------|-------|--------|-----------
         Aggregated                                                                      3838     0(0.00%) |    480       2    4084    170 |   16.50        0.00

Type     Name                                                                          # reqs      # fails |    Avg     Min     Max    Med |   req/s  failures/s
--------|----------------------------------------------------------------------------|-------|-------------|-------|-------|-------|-------|--------|-----------
POST     /api/book                                                                       3009     0(0.00%) |    614      91    4084    280 |   12.90        0.00
GET      /api/concerts                                                                    585     0(0.00%) |     20       2     649      3 |    2.20        0.00
GET      /health                                                                          282     0(0.00%) |     11       2     301      3 |    1.70        0.00
--------|----------------------------------------------------------------------------|-------|-------------|-------|-------|-------|-------|--------|-----------
         Aggregated                                                                      3876     0(0.00%) |    480       2    4084    170 |   16.80        0.00

Type     Name                                                                          # reqs      # fails |    Avg     Min     Max    Med |   req/s  failures/s
--------|----------------------------------------------------------------------------|-------|-------------|-------|-------|-------|-------|--------|-----------
POST     /api/book                                                                       3031     0(0.00%) |    611      91    4084    280 |   12.50        0.00
GET      /api/concerts                                                                    586     0(0.00%) |     20       2     649      3 |    2.40        0.00
GET      /health                                                                          286     0(0.00%) |     11       2     301      3 |    1.70        0.00
--------|----------------------------------------------------------------------------|-------|-------------|-------|-------|-------|-------|--------|-----------
         Aggregated                                                                      3903     0(0.00%) |    478       2    4084    170 |   16.60        0.00

Type     Name                                                                          # reqs      # fails |    Avg     Min     Max    Med |   req/s  failures/s
--------|----------------------------------------------------------------------------|-------|-------------|-------|-------|-------|-------|--------|-----------
POST     /api/book                                                                       3057     0(0.00%) |    615      91    4084    280 |   11.90        0.00
GET      /api/concerts                                                                    589     0(0.00%) |     20       2     649      3 |    2.20        0.00
GET      /health                                                                          288     0(0.00%) |     11       2     301      3 |    1.90        0.00
--------|----------------------------------------------------------------------------|-------|-------------|-------|-------|-------|-------|--------|-----------
         Aggregated                                                                      3934     0(0.00%) |    482       2    4084    170 |   16.00        0.00

Type     Name                                                                          # reqs      # fails |    Avg     Min     Max    Med |   req/s  failures/s
--------|----------------------------------------------------------------------------|-------|-------------|-------|-------|-------|-------|--------|-----------
POST     /api/book                                                                       3089     0(0.00%) |    614      91    4084    280 |   11.40        0.00
GET      /api/concerts                                                                    591     0(0.00%) |     20       2     649      3 |    2.00        0.00
GET      /health                                                                          289     0(0.00%) |     11       2     301      3 |    1.80        0.00
--------|----------------------------------------------------------------------------|-------|-------------|-------|-------|-------|-------|--------|-----------
         Aggregated                                                                      3969     0(0.00%) |    482       2    4084    170 |   15.20        0.00

Type     Name                                                                          # reqs      # fails |    Avg     Min     Max    Med |   req/s  failures/s
--------|----------------------------------------------------------------------------|-------|-------------|-------|-------|-------|-------|--------|-----------
POST     /api/book                                                                       3111     0(0.00%) |    613      91    4084    280 |   12.90        0.00
GET      /api/concerts                                                                    595     0(0.00%) |     20       2     649      3 |    1.90        0.00
GET      /health                                                                          292     0(0.00%) |     11       2     301      3 |    1.30        0.00
--------|----------------------------------------------------------------------------|-------|-------------|-------|-------|-------|-------|--------|-----------
         Aggregated                                                                      3998     0(0.00%) |    481       2    4084    170 |   16.10        0.00

Type     Name                                                                          # reqs      # fails |    Avg     Min     Max    Med |   req/s  failures/s
--------|----------------------------------------------------------------------------|-------|-------------|-------|-------|-------|-------|--------|-----------
POST     /api/book                                                                       3131     0(0.00%) |    615      91    4084    280 |   13.40        0.00
GET      /api/concerts                                                                    599     0(0.00%) |     20       2     649      3 |    1.60        0.00
GET      /health                                                                          294     0(0.00%) |     11       2     301      3 |    1.20        0.00
--------|----------------------------------------------------------------------------|-------|-------------|-------|-------|-------|-------|--------|-----------
         Aggregated                                                                      4024     0(0.00%) |    482       2    4084    170 |   16.20        0.00

Type     Name                                                                          # reqs      # fails |    Avg     Min     Max    Med |   req/s  failures/s
--------|----------------------------------------------------------------------------|-------|-------------|-------|-------|-------|-------|--------|-----------
POST     /api/book                                                                       3163     0(0.00%) |    617      91    4084    280 |   12.40        0.00
GET      /api/concerts                                                                    606     0(0.00%) |     20       2     649      3 |    1.40        0.00
GET      /health                                                                          295     0(0.00%) |     11       2     301      3 |    1.10        0.00
--------|----------------------------------------------------------------------------|-------|-------------|-------|-------|-------|-------|--------|-----------
         Aggregated                                                                      4064     0(0.00%) |    484       2    4084    170 |   14.90        0.00

Type     Name                                                                          # reqs      # fails |    Avg     Min     Max    Med |   req/s  failures/s
--------|----------------------------------------------------------------------------|-------|-------------|-------|-------|-------|-------|--------|-----------
POST     /api/book                                                                       3179     0(0.00%) |    615      91    4084    280 |   13.30        0.00
GET      /api/concerts                                                                    612     0(0.00%) |     20       2     649      3 |    1.90        0.00
GET      /health                                                                          299     0(0.00%) |     11       2     301      3 |    0.90        0.00
--------|----------------------------------------------------------------------------|-------|-------------|-------|-------|-------|-------|--------|-----------
         Aggregated                                                                      4090     0(0.00%) |    482       2    4084    170 |   16.10        0.00

Type     Name                                                                          # reqs      # fails |    Avg     Min     Max    Med |   req/s  failures/s
--------|----------------------------------------------------------------------------|-------|-------------|-------|-------|-------|-------|--------|-----------
POST     /api/book                                                                       3204     0(0.00%) |    615      91    4084    280 |   12.90        0.00
GET      /api/concerts                                                                    617     0(0.00%) |     20       2     649      3 |    2.40        0.00
GET      /health                                                                          299     0(0.00%) |     11       2     301      3 |    1.10        0.00
--------|----------------------------------------------------------------------------|-------|-------------|-------|-------|-------|-------|--------|-----------
         Aggregated                                                                      4120     0(0.00%) |    482       2    4084    170 |   16.40        0.00

Type     Name                                                                          # reqs      # fails |    Avg     Min     Max    Med |   req/s  failures/s
--------|----------------------------------------------------------------------------|-------|-------------|-------|-------|-------|-------|--------|-----------
POST     /api/book                                                                       3234     0(0.00%) |    618      91    4084    280 |   11.20        0.00
GET      /api/concerts                                                                    624     0(0.00%) |     20       2     649      3 |    2.70        0.00
GET      /health                                                                          302     0(0.00%) |     11       2     301      3 |    1.10        0.00
--------|----------------------------------------------------------------------------|-------|-------------|-------|-------|-------|-------|--------|-----------
         Aggregated                                                                      4160     0(0.00%) |    484       2    4084    170 |   15.00        0.00

Type     Name                                                                          # reqs      # fails |    Avg     Min     Max    Med |   req/s  failures/s
--------|----------------------------------------------------------------------------|-------|-------------|-------|-------|-------|-------|--------|-----------
POST     /api/book                                                                       3255     0(0.00%) |    616      91    4084    280 |   12.10        0.00
GET      /api/concerts                                                                    631     0(0.00%) |     20       2     649      3 |    2.80        0.00
GET      /health                                                                          303     0(0.00%) |     11       2     301      3 |    0.90        0.00
--------|----------------------------------------------------------------------------|-------|-------------|-------|-------|-------|-------|--------|-----------
         Aggregated                                                                      4189     0(0.00%) |    483       2    4084    170 |   15.80        0.00

Type     Name                                                                          # reqs      # fails |    Avg     Min     Max    Med |   req/s  failures/s
--------|----------------------------------------------------------------------------|-------|-------------|-------|-------|-------|-------|--------|-----------
POST     /api/book                                                                       3277     0(0.00%) |    617      91    4084    280 |   12.30        0.00
GET      /api/concerts                                                                    634     0(0.00%) |     20       2     649      3 |    3.10        0.00
GET      /health                                                                          308     0(0.00%) |     11       2     301      3 |    1.00        0.00
--------|----------------------------------------------------------------------------|-------|-------------|-------|-------|-------|-------|--------|-----------
         Aggregated                                                                      4219     0(0.00%) |    483       2    4084    170 |   16.40        0.00

Type     Name                                                                          # reqs      # fails |    Avg     Min     Max    Med |   req/s  failures/s
--------|----------------------------------------------------------------------------|-------|-------------|-------|-------|-------|-------|--------|-----------
POST     /api/book                                                                       3306     0(0.00%) |    618      91    4084    280 |   11.30        0.00
GET      /api/concerts                                                                    639     0(0.00%) |     20       2     649      3 |    2.90        0.00
GET      /health                                                                          313     0(0.00%) |     11       2     301      3 |    1.10        0.00
--------|----------------------------------------------------------------------------|-------|-------------|-------|-------|-------|-------|--------|-----------
         Aggregated                                                                      4258     0(0.00%) |    484       2    4084    170 |   15.30        0.00

Type     Name                                                                          # reqs      # fails |    Avg     Min     Max    Med |   req/s  failures/s
--------|----------------------------------------------------------------------------|-------|-------------|-------|-------|-------|-------|--------|-----------
POST     /api/book                                                                       3325     0(0.00%) |    617      91    4084    280 |   12.50        0.00
GET      /api/concerts                                                                    645     0(0.00%) |     19       2     649      3 |    2.70        0.00
GET      /health                                                                          319     0(0.00%) |     11       2     301      3 |    1.40        0.00
--------|----------------------------------------------------------------------------|-------|-------------|-------|-------|-------|-------|--------|-----------
         Aggregated                                                                      4289     0(0.00%) |    482       2    4084    170 |   16.60        0.00

Type     Name                                                                          # reqs      # fails |    Avg     Min     Max    Med |   req/s  failures/s
--------|----------------------------------------------------------------------------|-------|-------------|-------|-------|-------|-------|--------|-----------
POST     /api/book                                                                       3350     0(0.00%) |    617      91    4084    280 |   12.20        0.00
GET      /api/concerts                                                                    651     0(0.00%) |     20       2     649      3 |    2.70        0.00
GET      /health                                                                          321     0(0.00%) |     11       2     301      3 |    1.80        0.00
--------|----------------------------------------------------------------------------|-------|-------------|-------|-------|-------|-------|--------|-----------
         Aggregated                                                                      4322     0(0.00%) |    482       2    4084    170 |   16.70        0.00

Type     Name                                                                          # reqs      # fails |    Avg     Min     Max    Med |   req/s  failures/s
--------|----------------------------------------------------------------------------|-------|-------------|-------|-------|-------|-------|--------|-----------
POST     /api/book                                                                       3377     0(0.00%) |    616      91    4084    280 |   11.70        0.00
GET      /api/concerts                                                                    656     0(0.00%) |     19       2     649      3 |    2.60        0.00
GET      /health                                                                          321     0(0.00%) |     11       2     301      3 |    1.90        0.00
--------|----------------------------------------------------------------------------|-------|-------------|-------|-------|-------|-------|--------|-----------
         Aggregated                                                                      4354     0(0.00%) |    481       2    4084    170 |   16.20        0.00

Type     Name                                                                          # reqs      # fails |    Avg     Min     Max    Med |   req/s  failures/s
--------|----------------------------------------------------------------------------|-------|-------------|-------|-------|-------|-------|--------|-----------
POST     /api/book                                                                       3400     0(0.00%) |    617      91    4084    280 |   11.80        0.00
GET      /api/concerts                                                                    658     0(0.00%) |     19       2     649      3 |    2.60        0.00
GET      /health                                                                          324     0(0.00%) |     11       2     301      3 |    1.80        0.00
--------|----------------------------------------------------------------------------|-------|-------------|-------|-------|-------|-------|--------|-----------
         Aggregated                                                                      4382     0(0.00%) |    482       2    4084    170 |   16.20        0.00

Type     Name                                                                          # reqs      # fails |    Avg     Min     Max    Med |   req/s  failures/s
--------|----------------------------------------------------------------------------|-------|-------------|-------|-------|-------|-------|--------|-----------
POST     /api/book                                                                       3427     0(0.00%) |    619      91    4084    280 |   11.90        0.00
GET      /api/concerts                                                                    659     0(0.00%) |     19       2     649      3 |    2.30        0.00
GET      /health                                                                          329     0(0.00%) |     11       2     301      3 |    1.70        0.00
--------|----------------------------------------------------------------------------|-------|-------------|-------|-------|-------|-------|--------|-----------
         Aggregated                                                                      4415     0(0.00%) |    484       2    4084    170 |   15.90        0.00

Type     Name                                                                          # reqs      # fails |    Avg     Min     Max    Med |   req/s  failures/s
--------|----------------------------------------------------------------------------|-------|-------------|-------|-------|-------|-------|--------|-----------
POST     /api/book                                                                       3439     0(0.00%) |    621      91    4084    280 |   12.30        0.00
GET      /api/concerts                                                                    659     0(0.00%) |     19       2     649      3 |    2.00        0.00
GET      /health                                                                          332     0(0.00%) |     12       2     301      3 |    1.60        0.00
--------|----------------------------------------------------------------------------|-------|-------------|-------|-------|-------|-------|--------|-----------
         Aggregated                                                                      4430     0(0.00%) |    486       2    4084    170 |   15.90        0.00

Type     Name                                                                          # reqs      # fails |    Avg     Min     Max    Med |   req/s  failures/s
--------|----------------------------------------------------------------------------|-------|-------------|-------|-------|-------|-------|--------|-----------
POST     /api/book                                                                       3456     0(0.00%) |    622      91    4084    280 |   11.20        0.00
GET      /api/concerts                                                                    665     0(0.00%) |     22       2    1296      3 |    1.50        0.00
GET      /health                                                                          335     0(0.00%) |     15       2    1128      3 |    1.40        0.00
--------|----------------------------------------------------------------------------|-------|-------------|-------|-------|-------|-------|--------|-----------
         Aggregated                                                                      4456     0(0.00%) |    487       2    4084    170 |   14.10        0.00

Type     Name                                                                          # reqs      # fails |    Avg     Min     Max    Med |   req/s  failures/s
--------|----------------------------------------------------------------------------|-------|-------------|-------|-------|-------|-------|--------|-----------
POST     /api/book                                                                       3489     0(0.00%) |    634      91    5243    280 |   10.60        0.00
GET      /api/concerts                                                                    669     0(0.00%) |     23       2    1296      3 |    1.60        0.00
GET      /health                                                                          337     0(0.00%) |     15       2    1128      3 |    1.50        0.00
--------|----------------------------------------------------------------------------|-------|-------------|-------|-------|-------|-------|--------|-----------
         Aggregated                                                                      4495     0(0.00%) |    496       2    5243    170 |   13.70        0.00

Type     Name                                                                          # reqs      # fails |    Avg     Min     Max    Med |   req/s  failures/s
--------|----------------------------------------------------------------------------|-------|-------------|-------|-------|-------|-------|--------|-----------
POST     /api/book                                                                       3510     0(0.00%) |    631      91    5243    280 |   11.40        0.00
GET      /api/concerts                                                                    674     0(0.00%) |     22       2    1296      3 |    1.30        0.00
GET      /health                                                                          338     0(0.00%) |     16       2    1128      3 |    1.60        0.00
--------|----------------------------------------------------------------------------|-------|-------------|-------|-------|-------|-------|--------|-----------
         Aggregated                                                                      4522     0(0.00%) |    495       2    5243    170 |   14.30        0.00

Type     Name                                                                          # reqs      # fails |    Avg     Min     Max    Med |   req/s  failures/s
--------|----------------------------------------------------------------------------|-------|-------------|-------|-------|-------|-------|--------|-----------
POST     /api/book                                                                       3534     0(0.00%) |    632      91    5243    280 |   11.50        0.00
GET      /api/concerts                                                                    683     0(0.00%) |     22       2    1296      3 |    1.70        0.00
GET      /health                                                                          340     0(0.00%) |     16       2    1128      3 |    1.40        0.00
--------|----------------------------------------------------------------------------|-------|-------------|-------|-------|-------|-------|--------|-----------
         Aggregated                                                                      4557     0(0.00%) |    495       2    5243    170 |   14.60        0.00

Type     Name                                                                          # reqs      # fails |    Avg     Min     Max    Med |   req/s  failures/s
--------|----------------------------------------------------------------------------|-------|-------------|-------|-------|-------|-------|--------|-----------
POST     /api/book                                                                       3554     0(0.00%) |    630      91    5243    280 |   10.60        0.00
GET      /api/concerts                                                                    687     0(0.00%) |     22       2    1296      3 |    2.30        0.00
GET      /health                                                                          342     0(0.00%) |     16       2    1128      3 |    1.00        0.00
--------|----------------------------------------------------------------------------|-------|-------------|-------|-------|-------|-------|--------|-----------
         Aggregated                                                                      4583     0(0.00%) |    493       2    5243    170 |   13.90        0.00

Type     Name                                                                          # reqs      # fails |    Avg     Min     Max    Med |   req/s  failures/s
--------|----------------------------------------------------------------------------|-------|-------------|-------|-------|-------|-------|--------|-----------
POST     /api/book                                                                       3591     0(0.00%) |    636      91    5243    280 |   11.80        0.00
GET      /api/concerts                                                                    689     0(0.00%) |     22       2    1296      3 |    2.80        0.00
GET      /health                                                                          345     0(0.00%) |     16       2    1128      3 |    1.10        0.00
--------|----------------------------------------------------------------------------|-------|-------------|-------|-------|-------|-------|--------|-----------
         Aggregated                                                                      4625     0(0.00%) |    498       2    5243    170 |   15.70        0.00

Type     Name                                                                          # reqs      # fails |    Avg     Min     Max    Med |   req/s  failures/s
--------|----------------------------------------------------------------------------|-------|-------------|-------|-------|-------|-------|--------|-----------
POST     /api/book                                                                       3609     0(0.00%) |    634      91    5243    280 |   12.70        0.00
GET      /api/concerts                                                                    695     0(0.00%) |     22       2    1296      3 |    2.30        0.00
GET      /health                                                                          346     0(0.00%) |     16       2    1128      3 |    0.90        0.00
--------|----------------------------------------------------------------------------|-------|-------------|-------|-------|-------|-------|--------|-----------
         Aggregated                                                                      4650     0(0.00%) |    497       2    5243    170 |   15.90        0.00

Type     Name                                                                          # reqs      # fails |    Avg     Min     Max    Med |   req/s  failures/s
--------|----------------------------------------------------------------------------|-------|-------------|-------|-------|-------|-------|--------|-----------
POST     /api/book                                                                       3636     0(0.00%) |    635      91    5243    280 |   12.10        0.00
GET      /api/concerts                                                                    696     0(0.00%) |     22       2    1296      3 |    2.40        0.00
GET      /health                                                                          352     0(0.00%) |     17       2    1128      3 |    0.90        0.00
--------|----------------------------------------------------------------------------|-------|-------------|-------|-------|-------|-------|--------|-----------
         Aggregated                                                                      4684     0(0.00%) |    498       2    5243    170 |   15.40        0.00

Type     Name                                                                          # reqs      # fails |    Avg     Min     Max    Med |   req/s  failures/s
--------|----------------------------------------------------------------------------|-------|-------------|-------|-------|-------|-------|--------|-----------
POST     /api/book                                                                       3666     0(0.00%) |    634      91    5243    280 |   12.30        0.00
GET      /api/concerts                                                                    701     0(0.00%) |     22       2    1296      3 |    2.20        0.00
GET      /health                                                                          352     0(0.00%) |     17       2    1128      3 |    1.40        0.00
--------|----------------------------------------------------------------------------|-------|-------------|-------|-------|-------|-------|--------|-----------
         Aggregated                                                                      4719     0(0.00%) |    497       2    5243    170 |   15.90        0.00

Type     Name                                                                          # reqs      # fails |    Avg     Min     Max    Med |   req/s  failures/s
--------|----------------------------------------------------------------------------|-------|-------------|-------|-------|-------|-------|--------|-----------
POST     /api/book                                                                       3689     0(0.00%) |    632      91    5243    280 |   13.10        0.00
GET      /api/concerts                                                                    708     0(0.00%) |     22       2    1296      3 |    1.70        0.00
GET      /health                                                                          352     0(0.00%) |     17       2    1128      3 |    1.30        0.00
--------|----------------------------------------------------------------------------|-------|-------------|-------|-------|-------|-------|--------|-----------
         Aggregated                                                                      4749     0(0.00%) |    496       2    5243    170 |   16.10        0.00

Type     Name                                                                          # reqs      # fails |    Avg     Min     Max    Med |   req/s  failures/s
--------|----------------------------------------------------------------------------|-------|-------------|-------|-------|-------|-------|--------|-----------
POST     /api/book                                                                       3712     0(0.00%) |    631      91    5243    280 |   13.40        0.00
GET      /api/concerts                                                                    714     0(0.00%) |     22       2    1296      3 |    2.10        0.00
GET      /health                                                                          354     0(0.00%) |     17       2    1128      3 |    1.00        0.00
--------|----------------------------------------------------------------------------|-------|-------------|-------|-------|-------|-------|--------|-----------
         Aggregated                                                                      4780     0(0.00%) |    494       2    5243    170 |   16.50        0.00

Type     Name                                                                          # reqs      # fails |    Avg     Min     Max    Med |   req/s  failures/s
--------|----------------------------------------------------------------------------|-------|-------------|-------|-------|-------|-------|--------|-----------
POST     /api/book                                                                       3737     0(0.00%) |    630      91    5243    280 |   12.80        0.00
GET      /api/concerts                                                                    720     0(0.00%) |     22       2    1296      3 |    2.50        0.00
GET      /health                                                                          355     0(0.00%) |     17       2    1128      3 |    1.00        0.00
--------|----------------------------------------------------------------------------|-------|-------------|-------|-------|-------|-------|--------|-----------
         Aggregated                                                                      4812     0(0.00%) |    494       2    5243    170 |   16.30        0.00

Type     Name                                                                          # reqs      # fails |    Avg     Min     Max    Med |   req/s  failures/s
--------|----------------------------------------------------------------------------|-------|-------------|-------|-------|-------|-------|--------|-----------
POST     /api/book                                                                       3765     0(0.00%) |    628      91    5243    280 |   12.80        0.00
GET      /api/concerts                                                                    727     0(0.00%) |     22       2    1296      3 |    2.60        0.00
GET      /health                                                                          359     0(0.00%) |     17       2    1128      3 |    0.90        0.00
--------|----------------------------------------------------------------------------|-------|-------------|-------|-------|-------|-------|--------|-----------
         Aggregated                                                                      4851     0(0.00%) |    492       2    5243    170 |   16.30        0.00

Type     Name                                                                          # reqs      # fails |    Avg     Min     Max    Med |   req/s  failures/s
--------|----------------------------------------------------------------------------|-------|-------------|-------|-------|-------|-------|--------|-----------
POST     /api/book                                                                       3785     0(0.00%) |    626      91    5243    280 |   12.80        0.00
GET      /api/concerts                                                                    736     0(0.00%) |     22       2    1296      3 |    3.00        0.00
GET      /health                                                                          361     0(0.00%) |     16       2    1128      3 |    0.60        0.00
--------|----------------------------------------------------------------------------|-------|-------------|-------|-------|-------|-------|--------|-----------
         Aggregated                                                                      4882     0(0.00%) |    490       2    5243    170 |   16.40        0.00

Type     Name                                                                          # reqs      # fails |    Avg     Min     Max    Med |   req/s  failures/s
--------|----------------------------------------------------------------------------|-------|-------------|-------|-------|-------|-------|--------|-----------
POST     /api/book                                                                       3807     0(0.00%) |    626      91    5243    280 |   11.70        0.00
GET      /api/concerts                                                                    743     0(0.00%) |     22       2    1296      3 |    3.70        0.00
GET      /health                                                                          365     0(0.00%) |     16       2    1128      3 |    0.80        0.00
--------|----------------------------------------------------------------------------|-------|-------------|-------|-------|-------|-------|--------|-----------
         Aggregated                                                                      4915     0(0.00%) |    489       2    5243    170 |   16.20        0.00

Type     Name                                                                          # reqs      # fails |    Avg     Min     Max    Med |   req/s  failures/s
--------|----------------------------------------------------------------------------|-------|-------------|-------|-------|-------|-------|--------|-----------
POST     /api/book                                                                       3836     0(0.00%) |    625      91    5243    280 |   11.90        0.00
GET      /api/concerts                                                                    746     0(0.00%) |     22       2    1296      3 |    3.40        0.00
GET      /health                                                                          369     0(0.00%) |     17       2    1128      3 |    1.10        0.00
--------|----------------------------------------------------------------------------|-------|-------------|-------|-------|-------|-------|--------|-----------
         Aggregated                                                                      4951     0(0.00%) |    489       2    5243    170 |   16.40        0.00

Type     Name                                                                          # reqs      # fails |    Avg     Min     Max    Med |   req/s  failures/s
--------|----------------------------------------------------------------------------|-------|-------------|-------|-------|-------|-------|--------|-----------
POST     /api/book                                                                       3865     0(0.00%) |    624      91    5243    280 |   12.10        0.00
GET      /api/concerts                                                                    749     0(0.00%) |     22       2    1296      3 |    3.30        0.00
GET      /health                                                                          370     0(0.00%) |     16       2    1128      3 |    1.50        0.00
--------|----------------------------------------------------------------------------|-------|-------------|-------|-------|-------|-------|--------|-----------
         Aggregated                                                                      4984     0(0.00%) |    489       2    5243    170 |   16.90        0.00

Type     Name                                                                          # reqs      # fails |    Avg     Min     Max    Med |   req/s  failures/s
--------|----------------------------------------------------------------------------|-------|-------------|-------|-------|-------|-------|--------|-----------
POST     /api/book                                                                       3893     0(0.00%) |    624      91    5243    280 |   12.80        0.00
GET      /api/concerts                                                                    755     0(0.00%) |     22       2    1296      3 |    2.90        0.00
GET      /health                                                                          372     0(0.00%) |     16       2    1128      3 |    1.50        0.00
--------|----------------------------------------------------------------------------|-------|-------------|-------|-------|-------|-------|--------|-----------
         Aggregated                                                                      5020     0(0.00%) |    488       2    5243    170 |   17.20        0.00

Type     Name                                                                          # reqs      # fails |    Avg     Min     Max    Med |   req/s  failures/s
--------|----------------------------------------------------------------------------|-------|-------------|-------|-------|-------|-------|--------|-----------
POST     /api/book                                                                       3910     0(0.00%) |    624      91    5243    280 |   12.60        0.00
GET      /api/concerts                                                                    761     0(0.00%) |     22       2    1296      3 |    2.90        0.00
GET      /health                                                                          376     0(0.00%) |     16       2    1128      3 |    1.40        0.00
--------|----------------------------------------------------------------------------|-------|-------------|-------|-------|-------|-------|--------|-----------
         Aggregated                                                                      5047     0(0.00%) |    488       2    5243    170 |   16.90        0.00

Type     Name                                                                          # reqs      # fails |    Avg     Min     Max    Med |   req/s  failures/s
--------|----------------------------------------------------------------------------|-------|-------------|-------|-------|-------|-------|--------|-----------
POST     /api/book                                                                       3932     0(0.00%) |    624      91    5243    280 |   12.40        0.00
GET      /api/concerts                                                                    768     0(0.00%) |     21       2    1296      3 |    2.40        0.00
GET      /health                                                                          379     0(0.00%) |     16       2    1128      3 |    1.50        0.00
--------|----------------------------------------------------------------------------|-------|-------------|-------|-------|-------|-------|--------|-----------
         Aggregated                                                                      5079     0(0.00%) |    488       2    5243    170 |   16.30        0.00

Type     Name                                                                          # reqs      # fails |    Avg     Min     Max    Med |   req/s  failures/s
--------|----------------------------------------------------------------------------|-------|-------------|-------|-------|-------|-------|--------|-----------
POST     /api/book                                                                       3958     0(0.00%) |    623      91    5243    280 |   12.60        0.00
GET      /api/concerts                                                                    770     0(0.00%) |     21       2    1296      3 |    2.40        0.00
GET      /health                                                                          384     0(0.00%) |     16       2    1128      3 |    1.60        0.00
--------|----------------------------------------------------------------------------|-------|-------------|-------|-------|-------|-------|--------|-----------
         Aggregated                                                                      5112     0(0.00%) |    487       2    5243    170 |   16.60        0.00

Type     Name                                                                          # reqs      # fails |    Avg     Min     Max    Med |   req/s  failures/s
--------|----------------------------------------------------------------------------|-------|-------------|-------|-------|-------|-------|--------|-----------
POST     /api/book                                                                       3978     0(0.00%) |    623      91    5243    280 |   12.00        0.00
GET      /api/concerts                                                                    774     0(0.00%) |     21       2    1296      3 |    2.40        0.00
GET      /health                                                                          389     0(0.00%) |     16       2    1128      3 |    1.40        0.00
--------|----------------------------------------------------------------------------|-------|-------------|-------|-------|-------|-------|--------|-----------
         Aggregated                                                                      5141     0(0.00%) |    486       2    5243    170 |   15.80        0.00

Type     Name                                                                          # reqs      # fails |    Avg     Min     Max    Med |   req/s  failures/s
--------|----------------------------------------------------------------------------|-------|-------------|-------|-------|-------|-------|--------|-----------
POST     /api/book                                                                       4007     0(0.00%) |    623      91    5243    280 |   11.00        0.00
GET      /api/concerts                                                                    777     0(0.00%) |     22       2    1296      3 |    2.60        0.00
GET      /health                                                                          391     0(0.00%) |     16       2    1128      3 |    1.90        0.00
--------|----------------------------------------------------------------------------|-------|-------------|-------|-------|-------|-------|--------|-----------
         Aggregated                                                                      5175     0(0.00%) |    487       2    5243    170 |   15.50        0.00

Type     Name                                                                          # reqs      # fails |    Avg     Min     Max    Med |   req/s  failures/s
--------|----------------------------------------------------------------------------|-------|-------------|-------|-------|-------|-------|--------|-----------
POST     /api/book                                                                       4029     0(0.00%) |    622      91    5243    280 |   12.00        0.00
GET      /api/concerts                                                                    778     0(0.00%) |     22       2    1296      3 |    2.20        0.00
GET      /health                                                                          395     0(0.00%) |     16       2    1128      3 |    2.00        0.00
--------|----------------------------------------------------------------------------|-------|-------------|-------|-------|-------|-------|--------|-----------
         Aggregated                                                                      5202     0(0.00%) |    486       2    5243    170 |   16.20        0.00

Type     Name                                                                          # reqs      # fails |    Avg     Min     Max    Med |   req/s  failures/s
--------|----------------------------------------------------------------------------|-------|-------------|-------|-------|-------|-------|--------|-----------
POST     /api/book                                                                       4059     0(0.00%) |    626      91    5243    280 |   12.20        0.00
GET      /api/concerts                                                                    784     0(0.00%) |     22       2    1296      3 |    1.80        0.00
GET      /health                                                                          398     0(0.00%) |     16       2    1128      3 |    2.00        0.00
--------|----------------------------------------------------------------------------|-------|-------------|-------|-------|-------|-------|--------|-----------
         Aggregated                                                                      5241     0(0.00%) |    489       2    5243    170 |   16.00        0.00

Type     Name                                                                          # reqs      # fails |    Avg     Min     Max    Med |   req/s  failures/s
--------|----------------------------------------------------------------------------|-------|-------------|-------|-------|-------|-------|--------|-----------
POST     /api/book                                                                       4082     0(0.00%) |    624      91    5243    280 |   12.40        0.00
GET      /api/concerts                                                                    793     0(0.00%) |     21       2    1296      3 |    1.70        0.00
GET      /health                                                                          402     0(0.00%) |     16       2    1128      3 |    1.70        0.00
--------|----------------------------------------------------------------------------|-------|-------------|-------|-------|-------|-------|--------|-----------
         Aggregated                                                                      5277     0(0.00%) |    487       2    5243    170 |   15.80        0.00

Type     Name                                                                          # reqs      # fails |    Avg     Min     Max    Med |   req/s  failures/s
--------|----------------------------------------------------------------------------|-------|-------------|-------|-------|-------|-------|--------|-----------
POST     /api/book                                                                       4106     0(0.00%) |    623      91    5243    280 |   12.80        0.00
GET      /api/concerts                                                                    797     0(0.00%) |     21       2    1296      3 |    2.30        0.00
GET      /health                                                                          405     0(0.00%) |     17       2    1128      3 |    1.80        0.00
--------|----------------------------------------------------------------------------|-------|-------------|-------|-------|-------|-------|--------|-----------
         Aggregated                                                                      5308     0(0.00%) |    486       2    5243    170 |   16.90        0.00

Type     Name                                                                          # reqs      # fails |    Avg     Min     Max    Med |   req/s  failures/s
--------|----------------------------------------------------------------------------|-------|-------------|-------|-------|-------|-------|--------|-----------
POST     /api/book                                                                       4129     0(0.00%) |    623      91    5243    280 |   13.10        0.00
GET      /api/concerts                                                                    803     0(0.00%) |     21       2    1296      3 |    2.10        0.00
GET      /health                                                                          411     0(0.00%) |     17       2    1128      3 |    1.60        0.00
--------|----------------------------------------------------------------------------|-------|-------------|-------|-------|-------|-------|--------|-----------
         Aggregated                                                                      5343     0(0.00%) |    486       2    5243    170 |   16.80        0.00

Type     Name                                                                          # reqs      # fails |    Avg     Min     Max    Med |   req/s  failures/s
--------|----------------------------------------------------------------------------|-------|-------------|-------|-------|-------|-------|--------|-----------
POST     /api/book                                                                       4147     0(0.00%) |    622      91    5243    280 |   12.20        0.00
GET      /api/concerts                                                                    806     0(0.00%) |     21       2    1296      3 |    2.40        0.00
GET      /health                                                                          413     0(0.00%) |     16       2    1128      3 |    1.90        0.00
--------|----------------------------------------------------------------------------|-------|-------------|-------|-------|-------|-------|--------|-----------
         Aggregated                                                                      5366     0(0.00%) |    485       2    5243    170 |   16.50        0.00

Type     Name                                                                          # reqs      # fails |    Avg     Min     Max    Med |   req/s  failures/s
--------|----------------------------------------------------------------------------|-------|-------------|-------|-------|-------|-------|--------|-----------
POST     /api/book                                                                       4171     0(0.00%) |    626      91    5243    280 |   12.00        0.00
GET      /api/concerts                                                                    811     0(0.00%) |     21       2    1296      3 |    2.80        0.00
GET      /health                                                                          416     0(0.00%) |     17       2    1128      3 |    1.70        0.00
--------|----------------------------------------------------------------------------|-------|-------------|-------|-------|-------|-------|--------|-----------
         Aggregated                                                                      5398     0(0.00%) |    488       2    5243    170 |   16.50        0.00

Type     Name                                                                          # reqs      # fails |    Avg     Min     Max    Med |   req/s  failures/s
--------|----------------------------------------------------------------------------|-------|-------------|-------|-------|-------|-------|--------|-----------
POST     /api/book                                                                       4193     0(0.00%) |    629      91    5243    280 |   10.60        0.00
GET      /api/concerts                                                                    815     0(0.00%) |     21       2    1296      3 |    2.80        0.00
GET      /health                                                                          418     0(0.00%) |     17       2    1128      3 |    1.90        0.00
--------|----------------------------------------------------------------------------|-------|-------------|-------|-------|-------|-------|--------|-----------
         Aggregated                                                                      5426     0(0.00%) |    490       2    5243    170 |   15.30        0.00

Type     Name                                                                          # reqs      # fails |    Avg     Min     Max    Med |   req/s  failures/s
--------|----------------------------------------------------------------------------|-------|-------------|-------|-------|-------|-------|--------|-----------
POST     /api/book                                                                       4220     0(0.00%) |    629      91    5243    280 |   11.30        0.00
GET      /api/concerts                                                                    820     0(0.00%) |     21       2    1296      3 |    2.10        0.00
GET      /health                                                                          421     0(0.00%) |     17       2    1128      3 |    1.70        0.00
--------|----------------------------------------------------------------------------|-------|-------------|-------|-------|-------|-------|--------|-----------
         Aggregated                                                                      5461     0(0.00%) |    490       2    5243    170 |   15.10        0.00

Type     Name                                                                          # reqs      # fails |    Avg     Min     Max    Med |   req/s  failures/s
--------|----------------------------------------------------------------------------|-------|-------------|-------|-------|-------|-------|--------|-----------
POST     /api/book                                                                       4250     0(0.00%) |    628      91    5243    280 |   11.60        0.00
GET      /api/concerts                                                                    823     0(0.00%) |     21       2    1296      3 |    2.30        0.00
GET      /health                                                                          422     0(0.00%) |     17       2    1128      3 |    1.50        0.00
--------|----------------------------------------------------------------------------|-------|-------------|-------|-------|-------|-------|--------|-----------
         Aggregated                                                                      5495     0(0.00%) |    490       2    5243    170 |   15.40        0.00

Type     Name                                                                          # reqs      # fails |    Avg     Min     Max    Med |   req/s  failures/s
--------|----------------------------------------------------------------------------|-------|-------------|-------|-------|-------|-------|--------|-----------
POST     /api/book                                                                       4272     0(0.00%) |    628      91    5243    270 |   11.90        0.00
GET      /api/concerts                                                                    832     0(0.00%) |     21       2    1296      3 |    2.00        0.00
GET      /health                                                                          424     0(0.00%) |     17       2    1128      3 |    1.20        0.00
--------|----------------------------------------------------------------------------|-------|-------------|-------|-------|-------|-------|--------|-----------
         Aggregated                                                                      5528     0(0.00%) |    490       2    5243    170 |   15.10        0.00

Type     Name                                                                          # reqs      # fails |    Avg     Min     Max    Med |   req/s  failures/s
--------|----------------------------------------------------------------------------|-------|-------------|-------|-------|-------|-------|--------|-----------
POST     /api/book                                                                       4301     0(0.00%) |    628      91    5243    280 |   12.30        0.00
GET      /api/concerts                                                                    840     0(0.00%) |     21       2    1296      3 |    2.50        0.00
GET      /health                                                                          425     0(0.00%) |     17       2    1128      3 |    1.20        0.00
--------|----------------------------------------------------------------------------|-------|-------------|-------|-------|-------|-------|--------|-----------
         Aggregated                                                                      5566     0(0.00%) |    490       2    5243    170 |   16.00        0.00

Type     Name                                                                          # reqs      # fails |    Avg     Min     Max    Med |   req/s  failures/s
--------|----------------------------------------------------------------------------|-------|-------------|-------|-------|-------|-------|--------|-----------
POST     /api/book                                                                       4326     0(0.00%) |    627      91    5243    270 |   13.50        0.00
GET      /api/concerts                                                                    846     0(0.00%) |     21       2    1296      3 |    2.60        0.00
GET      /health                                                                          426     0(0.00%) |     17       2    1128      3 |    1.00        0.00
--------|----------------------------------------------------------------------------|-------|-------------|-------|-------|-------|-------|--------|-----------
         Aggregated                                                                      5598     0(0.00%) |    489       2    5243    170 |   17.10        0.00

Type     Name                                                                          # reqs      # fails |    Avg     Min     Max    Med |   req/s  failures/s
--------|----------------------------------------------------------------------------|-------|-------------|-------|-------|-------|-------|--------|-----------
POST     /api/book                                                                       4348     0(0.00%) |    626      91    5243    270 |   12.90        0.00
GET      /api/concerts                                                                    849     0(0.00%) |     21       2    1296      3 |    2.90        0.00
GET      /health                                                                          427     0(0.00%) |     17       2    1128      3 |    0.80        0.00
--------|----------------------------------------------------------------------------|-------|-------------|-------|-------|-------|-------|--------|-----------
         Aggregated                                                                      5624     0(0.00%) |    488       2    5243    170 |   16.60        0.00

Type     Name                                                                          # reqs      # fails |    Avg     Min     Max    Med |   req/s  failures/s
--------|----------------------------------------------------------------------------|-------|-------------|-------|-------|-------|-------|--------|-----------
POST     /api/book                                                                       4377     0(0.00%) |    629      91    5243    270 |   12.70        0.00
GET      /api/concerts                                                                    856     0(0.00%) |     20       2    1296      3 |    3.00        0.00
GET      /health                                                                          429     0(0.00%) |     17       2    1128      3 |    0.70        0.00
--------|----------------------------------------------------------------------------|-------|-------------|-------|-------|-------|-------|--------|-----------
         Aggregated                                                                      5662     0(0.00%) |    491       2    5243    170 |   16.40        0.00

Type     Name                                                                          # reqs      # fails |    Avg     Min     Max    Med |   req/s  failures/s
--------|----------------------------------------------------------------------------|-------|-------------|-------|-------|-------|-------|--------|-----------
POST     /api/book                                                                       4406     0(0.00%) |    628      91    5243    270 |   12.90        0.00
GET      /api/concerts                                                                    858     0(0.00%) |     20       2    1296      3 |    3.50        0.00
GET      /health                                                                          434     0(0.00%) |     17       2    1128      3 |    0.60        0.00
--------|----------------------------------------------------------------------------|-------|-------------|-------|-------|-------|-------|--------|-----------
         Aggregated                                                                      5698     0(0.00%) |    490       2    5243    170 |   17.00        0.00

Type     Name                                                                          # reqs      # fails |    Avg     Min     Max    Med |   req/s  failures/s
--------|----------------------------------------------------------------------------|-------|-------------|-------|-------|-------|-------|--------|-----------
POST     /api/book                                                                       4429     0(0.00%) |    628      91    5243    270 |   13.00        0.00
GET      /api/concerts                                                                    862     0(0.00%) |     20       2    1296      3 |    2.60        0.00
GET      /health                                                                          437     0(0.00%) |     17       2    1128      3 |    0.70        0.00
--------|----------------------------------------------------------------------------|-------|-------------|-------|-------|-------|-------|--------|-----------
         Aggregated                                                                      5728     0(0.00%) |    490       2    5243    170 |   16.30        0.00

Type     Name                                                                          # reqs      # fails |    Avg     Min     Max    Med |   req/s  failures/s
--------|----------------------------------------------------------------------------|-------|-------------|-------|-------|-------|-------|--------|-----------
POST     /api/book                                                                       4443     0(0.00%) |    627      91    5243    270 |   12.80        0.00
GET      /api/concerts                                                                    874     0(0.00%) |     20       2    1296      3 |    2.50        0.00
GET      /health                                                                          442     0(0.00%) |     16       2    1128      3 |    1.20        0.00
--------|----------------------------------------------------------------------------|-------|-------------|-------|-------|-------|-------|--------|-----------
         Aggregated                                                                      5759     0(0.00%) |    488       2    5243    170 |   16.50        0.00

Type     Name                                                                          # reqs      # fails |    Avg     Min     Max    Med |   req/s  failures/s
--------|----------------------------------------------------------------------------|-------|-------------|-------|-------|-------|-------|--------|-----------
POST     /api/book                                                                       4471     0(0.00%) |    628      91    5243    270 |   12.10        0.00
GET      /api/concerts                                                                    879     0(0.00%) |     20       2    1296      3 |    2.90        0.00
GET      /health                                                                          444     0(0.00%) |     16       2    1128      3 |    1.50        0.00
--------|----------------------------------------------------------------------------|-------|-------------|-------|-------|-------|-------|--------|-----------
         Aggregated                                                                      5794     0(0.00%) |    489       2    5243    170 |   16.50        0.00

Type     Name                                                                          # reqs      # fails |    Avg     Min     Max    Med |   req/s  failures/s
--------|----------------------------------------------------------------------------|-------|-------------|-------|-------|-------|-------|--------|-----------
POST     /api/book                                                                       4498     0(0.00%) |    627      91    5243    270 |   11.50        0.00
GET      /api/concerts                                                                    883     0(0.00%) |     20       2    1296      3 |    3.10        0.00
GET      /health                                                                          446     0(0.00%) |     16       2    1128      3 |    1.70        0.00
--------|----------------------------------------------------------------------------|-------|-------------|-------|-------|-------|-------|--------|-----------
         Aggregated                                                                      5827     0(0.00%) |    488       2    5243    170 |   16.30        0.00

Type     Name                                                                          # reqs      # fails |    Avg     Min     Max    Med |   req/s  failures/s
--------|----------------------------------------------------------------------------|-------|-------------|-------|-------|-------|-------|--------|-----------
POST     /api/book                                                                       4524     0(0.00%) |    625      91    5243    270 |   11.50        0.00
GET      /api/concerts                                                                    891     0(0.00%) |     20       2    1296      3 |    2.50        0.00
GET      /health                                                                          447     0(0.00%) |     16       2    1128      3 |    1.80        0.00
--------|----------------------------------------------------------------------------|-------|-------------|-------|-------|-------|-------|--------|-----------
         Aggregated                                                                      5862     0(0.00%) |    487       2    5243    170 |   15.80        0.00

Type     Name                                                                          # reqs      # fails |    Avg     Min     Max    Med |   req/s  failures/s
--------|----------------------------------------------------------------------------|-------|-------------|-------|-------|-------|-------|--------|-----------
POST     /api/book                                                                       4551     0(0.00%) |    623      91    5243    270 |   12.20        0.00
GET      /api/concerts                                                                    898     0(0.00%) |     20       2    1296      3 |    3.00        0.00
GET      /health                                                                          450     0(0.00%) |     16       2    1128      3 |    1.60        0.00
--------|----------------------------------------------------------------------------|-------|-------------|-------|-------|-------|-------|--------|-----------
         Aggregated                                                                      5899     0(0.00%) |    485       2    5243    170 |   16.80        0.00

Type     Name                                                                          # reqs      # fails |    Avg     Min     Max    Med |   req/s  failures/s
--------|----------------------------------------------------------------------------|-------|-------------|-------|-------|-------|-------|--------|-----------
POST     /api/book                                                                       4573     0(0.00%) |    624      91    5243    270 |   12.20        0.00
GET      /api/concerts                                                                    906     0(0.00%) |     20       2    1296      3 |    3.50        0.00
GET      /health                                                                          453     0(0.00%) |     16       2    1128      3 |    1.30        0.00
--------|----------------------------------------------------------------------------|-------|-------------|-------|-------|-------|-------|--------|-----------
         Aggregated                                                                      5932     0(0.00%) |    485       2    5243    170 |   17.00        0.00

Type     Name                                                                          # reqs      # fails |    Avg     Min     Max    Med |   req/s  failures/s
--------|----------------------------------------------------------------------------|-------|-------------|-------|-------|-------|-------|--------|-----------
POST     /api/book                                                                       4598     0(0.00%) |    624      91    5243    270 |   12.60        0.00
GET      /api/concerts                                                                    912     0(0.00%) |     20       2    1296      3 |    3.20        0.00
GET      /health                                                                          453     0(0.00%) |     16       2    1128      3 |    1.10        0.00
--------|----------------------------------------------------------------------------|-------|-------------|-------|-------|-------|-------|--------|-----------
         Aggregated                                                                      5963     0(0.00%) |    486       2    5243    170 |   16.90        0.00

Type     Name                                                                          # reqs      # fails |    Avg     Min     Max    Med |   req/s  failures/s
--------|----------------------------------------------------------------------------|-------|-------------|-------|-------|-------|-------|--------|-----------
POST     /api/book                                                                       4614     0(0.00%) |    624      91    5243    270 |   13.50        0.00
GET      /api/concerts                                                                    918     0(0.00%) |     20       2    1296      3 |    3.20        0.00
GET      /health                                                                          455     0(0.00%) |     17       2    1128      3 |    0.90        0.00
--------|----------------------------------------------------------------------------|-------|-------------|-------|-------|-------|-------|--------|-----------
         Aggregated                                                                      5987     0(0.00%) |    485       2    5243    170 |   17.60        0.00

Type     Name                                                                          # reqs      # fails |    Avg     Min     Max    Med |   req/s  failures/s
--------|----------------------------------------------------------------------------|-------|-------------|-------|-------|-------|-------|--------|-----------
POST     /api/book                                                                       4649     0(0.00%) |    626      91    5243    270 |   12.20        0.00
GET      /api/concerts                                                                    924     0(0.00%) |     20       2    1296      3 |    3.60        0.00
GET      /health                                                                          456     0(0.00%) |     17       2    1128      3 |    0.90        0.00
--------|----------------------------------------------------------------------------|-------|-------------|-------|-------|-------|-------|--------|-----------
         Aggregated                                                                      6029     0(0.00%) |    487       2    5243    170 |   16.70        0.00

Type     Name                                                                          # reqs      # fails |    Avg     Min     Max    Med |   req/s  failures/s
--------|----------------------------------------------------------------------------|-------|-------------|-------|-------|-------|-------|--------|-----------
POST     /api/book                                                                       4666     0(0.00%) |    625      91    5243    270 |   12.40        0.00
GET      /api/concerts                                                                    935     0(0.00%) |     20       2    1296      3 |    3.50        0.00
GET      /health                                                                          458     0(0.00%) |     17       2    1128      3 |    0.90        0.00
--------|----------------------------------------------------------------------------|-------|-------------|-------|-------|-------|-------|--------|-----------
         Aggregated                                                                      6059     0(0.00%) |    485       2    5243    170 |   16.80        0.00

Type     Name                                                                          # reqs      # fails |    Avg     Min     Max    Med |   req/s  failures/s
--------|----------------------------------------------------------------------------|-------|-------------|-------|-------|-------|-------|--------|-----------
POST     /api/book                                                                       4694     0(0.00%) |    625      91    5243    270 |   11.90        0.00
GET      /api/concerts                                                                    937     0(0.00%) |     20       2    1296      3 |    3.50        0.00
GET      /health                                                                          459     0(0.00%) |     17       2    1128      3 |    0.80        0.00
--------|----------------------------------------------------------------------------|-------|-------------|-------|-------|-------|-------|--------|-----------
         Aggregated                                                                      6090     0(0.00%) |    486       2    5243    170 |   16.20        0.00

Type     Name                                                                          # reqs      # fails |    Avg     Min     Max    Med |   req/s  failures/s
--------|----------------------------------------------------------------------------|-------|-------------|-------|-------|-------|-------|--------|-----------
POST     /api/book                                                                       4719     0(0.00%) |    625      91    5243    270 |   12.30        0.00
GET      /api/concerts                                                                    947     0(0.00%) |     20       2    1296      3 |    3.20        0.00
GET      /health                                                                          462     0(0.00%) |     17       2    1128      3 |    0.70        0.00
--------|----------------------------------------------------------------------------|-------|-------------|-------|-------|-------|-------|--------|-----------
         Aggregated                                                                      6128     0(0.00%) |    486       2    5243    170 |   16.20        0.00

Type     Name                                                                          # reqs      # fails |    Avg     Min     Max    Med |   req/s  failures/s
--------|----------------------------------------------------------------------------|-------|-------------|-------|-------|-------|-------|--------|-----------
POST     /api/book                                                                       4742     0(0.00%) |    623      91    5243    270 |   12.00        0.00
GET      /api/concerts                                                                    954     0(0.00%) |     20       2    1296      3 |    3.30        0.00
GET      /health                                                                          462     0(0.00%) |     17       2    1128      3 |    0.80        0.00
--------|----------------------------------------------------------------------------|-------|-------------|-------|-------|-------|-------|--------|-----------
         Aggregated                                                                      6158     0(0.00%) |    484       2    5243    170 |   16.10        0.00

Type     Name                                                                          # reqs      # fails |    Avg     Min     Max    Med |   req/s  failures/s
--------|----------------------------------------------------------------------------|-------|-------------|-------|-------|-------|-------|--------|-----------
POST     /api/book                                                                       4762     0(0.00%) |    623      91    5243    270 |   12.50        0.00
GET      /api/concerts                                                                    959     0(0.00%) |     20       2    1296      3 |    3.60        0.00
GET      /health                                                                          465     0(0.00%) |     17       2    1128      3 |    0.70        0.00
--------|----------------------------------------------------------------------------|-------|-------------|-------|-------|-------|-------|--------|-----------
         Aggregated                                                                      6186     0(0.00%) |    484       2    5243    170 |   16.80        0.00

Type     Name                                                                          # reqs      # fails |    Avg     Min     Max    Med |   req/s  failures/s
--------|----------------------------------------------------------------------------|-------|-------------|-------|-------|-------|-------|--------|-----------
POST     /api/book                                                                       4784     0(0.00%) |    626      91    5243    270 |   11.20        0.00
GET      /api/concerts                                                                    965     0(0.00%) |     20       2    1296      3 |    3.50        0.00
GET      /health                                                                          470     0(0.00%) |     18       2    1128      3 |    0.70        0.00
--------|----------------------------------------------------------------------------|-------|-------------|-------|-------|-------|-------|--------|-----------
         Aggregated                                                                      6219     0(0.00%) |    486       2    5243    170 |   15.40        0.00

Type     Name                                                                          # reqs      # fails |    Avg     Min     Max    Med |   req/s  failures/s
--------|----------------------------------------------------------------------------|-------|-------------|-------|-------|-------|-------|--------|-----------
POST     /api/book                                                                       4806     0(0.00%) |    625      91    5243    270 |   11.60        0.00
GET      /api/concerts                                                                    968     0(0.00%) |     20       2    1296      3 |    3.30        0.00
GET      /health                                                                          472     0(0.00%) |     18       2    1128      3 |    1.20        0.00
--------|----------------------------------------------------------------------------|-------|-------------|-------|-------|-------|-------|--------|-----------
         Aggregated                                                                      6246     0(0.00%) |    486       2    5243    170 |   16.10        0.00

Type     Name                                                                          # reqs      # fails |    Avg     Min     Max    Med |   req/s  failures/s
--------|----------------------------------------------------------------------------|-------|-------------|-------|-------|-------|-------|--------|-----------
POST     /api/book                                                                       4836     0(0.00%) |    628      91    5243    270 |   11.30        0.00
GET      /api/concerts                                                                    972     0(0.00%) |     20       2    1296      3 |    3.10        0.00
GET      /health                                                                          478     0(0.00%) |     18       2    1128      3 |    1.30        0.00
--------|----------------------------------------------------------------------------|-------|-------------|-------|-------|-------|-------|--------|-----------
         Aggregated                                                                      6286     0(0.00%) |    488       2    5243    170 |   15.70        0.00

Type     Name                                                                          # reqs      # fails |    Avg     Min     Max    Med |   req/s  failures/s
--------|----------------------------------------------------------------------------|-------|-------------|-------|-------|-------|-------|--------|-----------
POST     /api/book                                                                       4851     0(0.00%) |    627      91    5243    270 |   11.70        0.00
GET      /api/concerts                                                                    980     0(0.00%) |     20       2    1296      3 |    2.70        0.00
GET      /health                                                                          480     0(0.00%) |     18       2    1128      3 |    1.50        0.00
--------|----------------------------------------------------------------------------|-------|-------------|-------|-------|-------|-------|--------|-----------
         Aggregated                                                                      6311     0(0.00%) |    487       2    5243    170 |   15.90        0.00

Type     Name                                                                          # reqs      # fails |    Avg     Min     Max    Med |   req/s  failures/s
--------|----------------------------------------------------------------------------|-------|-------------|-------|-------|-------|-------|--------|-----------
POST     /api/book                                                                       4874     0(0.00%) |    628      91    5243    270 |   11.10        0.00
GET      /api/concerts                                                                    982     0(0.00%) |     20       2    1296      3 |    2.60        0.00
GET      /health                                                                          482     0(0.00%) |     18       2    1128      3 |    1.70        0.00
--------|----------------------------------------------------------------------------|-------|-------------|-------|-------|-------|-------|--------|-----------
         Aggregated                                                                      6338     0(0.00%) |    487       2    5243    170 |   15.40        0.00

Type     Name                                                                          # reqs      # fails |    Avg     Min     Max    Med |   req/s  failures/s
--------|----------------------------------------------------------------------------|-------|-------------|-------|-------|-------|-------|--------|-----------
POST     /api/book                                                                       4903     0(0.00%) |    630      91    5243    270 |   11.30        0.00
GET      /api/concerts                                                                    988     0(0.00%) |     20       2    1296      3 |    2.50        0.00
GET      /health                                                                          484     0(0.00%) |     18       2    1128      3 |    1.90        0.00
--------|----------------------------------------------------------------------------|-------|-------------|-------|-------|-------|-------|--------|-----------
         Aggregated                                                                      6375     0(0.00%) |    489       2    5243    170 |   15.70        0.00

Type     Name                                                                          # reqs      # fails |    Avg     Min     Max    Med |   req/s  failures/s
--------|----------------------------------------------------------------------------|-------|-------------|-------|-------|-------|-------|--------|-----------
POST     /api/book                                                                       4923     0(0.00%) |    629      91    5243    270 |   11.40        0.00
GET      /api/concerts                                                                    996     0(0.00%) |     20       2    1296      3 |    2.20        0.00
GET      /health                                                                          489     0(0.00%) |     18       2    1128      3 |    1.40        0.00
--------|----------------------------------------------------------------------------|-------|-------------|-------|-------|-------|-------|--------|-----------
         Aggregated                                                                      6408     0(0.00%) |    488       2    5243    170 |   15.00        0.00

Type     Name                                                                          # reqs      # fails |    Avg     Min     Max    Med |   req/s  failures/s
--------|----------------------------------------------------------------------------|-------|-------------|-------|-------|-------|-------|--------|-----------
POST     /api/book                                                                       4953     0(0.00%) |    628      91    5243    270 |   11.90        0.00
GET      /api/concerts                                                                   1001     0(0.00%) |     20       2    1296      3 |    2.90        0.00
GET      /health                                                                          491     0(0.00%) |     18       2    1128      3 |    1.40        0.00
--------|----------------------------------------------------------------------------|-------|-------------|-------|-------|-------|-------|--------|-----------
         Aggregated                                                                      6445     0(0.00%) |    487       2    5243    170 |   16.20        0.00

Type     Name                                                                          # reqs      # fails |    Avg     Min     Max    Med |   req/s  failures/s
--------|----------------------------------------------------------------------------|-------|-------------|-------|-------|-------|-------|--------|-----------
POST     /api/book                                                                       4972     0(0.00%) |    626      91    5243    270 |   11.80        0.00
GET      /api/concerts                                                                   1006     0(0.00%) |     20       2    1296      3 |    2.90        0.00
GET      /health                                                                          493     0(0.00%) |     18       2    1128      3 |    1.40        0.00
--------|----------------------------------------------------------------------------|-------|-------------|-------|-------|-------|-------|--------|-----------
         Aggregated                                                                      6471     0(0.00%) |    486       2    5243    170 |   16.10        0.00

Type     Name                                                                          # reqs      # fails |    Avg     Min     Max    Med |   req/s  failures/s
--------|----------------------------------------------------------------------------|-------|-------------|-------|-------|-------|-------|--------|-----------
POST     /api/book                                                                       4997     0(0.00%) |    627      91    5243    270 |   12.10        0.00
GET      /api/concerts                                                                   1012     0(0.00%) |     20       2    1296      3 |    2.60        0.00
GET      /health                                                                          494     0(0.00%) |     18       2    1128      3 |    1.40        0.00
--------|----------------------------------------------------------------------------|-------|-------------|-------|-------|-------|-------|--------|-----------
         Aggregated                                                                      6503     0(0.00%) |    487       2    5243    170 |   16.10        0.00

Type     Name                                                                          # reqs      # fails |    Avg     Min     Max    Med |   req/s  failures/s
--------|----------------------------------------------------------------------------|-------|-------------|-------|-------|-------|-------|--------|-----------
POST     /api/book                                                                       5026     0(0.00%) |    627      91    5243    270 |   12.40        0.00
GET      /api/concerts                                                                   1013     0(0.00%) |     20       2    1296      3 |    2.70        0.00
GET      /health                                                                          496     0(0.00%) |     18       2    1128      3 |    1.20        0.00
--------|----------------------------------------------------------------------------|-------|-------------|-------|-------|-------|-------|--------|-----------
         Aggregated                                                                      6535     0(0.00%) |    487       2    5243    170 |   16.30        0.00

Type     Name                                                                          # reqs      # fails |    Avg     Min     Max    Med |   req/s  failures/s
--------|----------------------------------------------------------------------------|-------|-------------|-------|-------|-------|-------|--------|-----------
POST     /api/book                                                                       5055     0(0.00%) |    627      91    5243    270 |   12.50        0.00
GET      /api/concerts                                                                   1016     0(0.00%) |     20       2    1296      3 |    2.60        0.00
GET      /health                                                                          498     0(0.00%) |     18       2    1128      3 |    1.20        0.00
--------|----------------------------------------------------------------------------|-------|-------------|-------|-------|-------|-------|--------|-----------
         Aggregated                                                                      6569     0(0.00%) |    487       2    5243    170 |   16.30        0.00

Type     Name                                                                          # reqs      # fails |    Avg     Min     Max    Med |   req/s  failures/s
--------|----------------------------------------------------------------------------|-------|-------------|-------|-------|-------|-------|--------|-----------
POST     /api/book                                                                       5080     0(0.00%) |    626      91    5243    270 |   12.60        0.00
GET      /api/concerts                                                                   1020     0(0.00%) |     20       2    1296      3 |    2.00        0.00
GET      /health                                                                          499     0(0.00%) |     18       2    1128      3 |    1.10        0.00
--------|----------------------------------------------------------------------------|-------|-------------|-------|-------|-------|-------|--------|-----------
         Aggregated                                                                      6599     0(0.00%) |    487       2    5243    170 |   15.70        0.00

Type     Name                                                                          # reqs      # fails |    Avg     Min     Max    Med |   req/s  failures/s
--------|----------------------------------------------------------------------------|-------|-------------|-------|-------|-------|-------|--------|-----------
POST     /api/book                                                                       5100     0(0.00%) |    626      91    5243    270 |   12.40        0.00
GET      /api/concerts                                                                   1022     0(0.00%) |     20       2    1296      3 |    1.90        0.00
GET      /health                                                                          502     0(0.00%) |     18       2    1128      3 |    0.90        0.00
--------|----------------------------------------------------------------------------|-------|-------------|-------|-------|-------|-------|--------|-----------
         Aggregated                                                                      6624     0(0.00%) |    486       2    5243    170 |   15.20        0.00

Type     Name                                                                          # reqs      # fails |    Avg     Min     Max    Med |   req/s  failures/s
--------|----------------------------------------------------------------------------|-------|-------------|-------|-------|-------|-------|--------|-----------
POST     /api/book                                                                       5131     0(0.00%) |    629      91    5243    270 |   12.50        0.00
GET      /api/concerts                                                                   1026     0(0.00%) |     20       2    1296      3 |    1.60        0.00
GET      /health                                                                          506     0(0.00%) |     18       2    1128      3 |    0.80        0.00
--------|----------------------------------------------------------------------------|-------|-------------|-------|-------|-------|-------|--------|-----------
         Aggregated                                                                      6663     0(0.00%) |    489       2    5243    170 |   14.90        0.00

Type     Name                                                                          # reqs      # fails |    Avg     Min     Max    Med |   req/s  failures/s
--------|----------------------------------------------------------------------------|-------|-------------|-------|-------|-------|-------|--------|-----------
POST     /api/book                                                                       5155     0(0.00%) |    628      91    5243    270 |   13.00        0.00
GET      /api/concerts                                                                   1034     0(0.00%) |     20       2    1296      3 |    1.60        0.00
GET      /health                                                                          509     0(0.00%) |     18       2    1128      3 |    0.90        0.00
--------|----------------------------------------------------------------------------|-------|-------------|-------|-------|-------|-------|--------|-----------
         Aggregated                                                                      6698     0(0.00%) |    488       2    5243    170 |   15.50        0.00

Type     Name                                                                          # reqs      # fails |    Avg     Min     Max    Med |   req/s  failures/s
--------|----------------------------------------------------------------------------|-------|-------------|-------|-------|-------|-------|--------|-----------
POST     /api/book                                                                       5177     0(0.00%) |    626      91    5243    270 |   12.90        0.00
GET      /api/concerts                                                                   1037     0(0.00%) |     20       2    1296      3 |    1.70        0.00
GET      /health                                                                          513     0(0.00%) |     18       2    1128      3 |    1.10        0.00
--------|----------------------------------------------------------------------------|-------|-------------|-------|-------|-------|-------|--------|-----------
         Aggregated                                                                      6727     0(0.00%) |    486       2    5243    170 |   15.70        0.00

Type     Name                                                                          # reqs      # fails |    Avg     Min     Max    Med |   req/s  failures/s
--------|----------------------------------------------------------------------------|-------|-------------|-------|-------|-------|-------|--------|-----------
POST     /api/book                                                                       5195     0(0.00%) |    626      91    5243    270 |   12.40        0.00
GET      /api/concerts                                                                   1043     0(0.00%) |     21       2    1296      3 |    2.10        0.00
GET      /health                                                                          517     0(0.00%) |     18       2    1128      3 |    1.50        0.00
--------|----------------------------------------------------------------------------|-------|-------------|-------|-------|-------|-------|--------|-----------
         Aggregated                                                                      6755     0(0.00%) |    486       2    5243    170 |   16.00        0.00

Type     Name                                                                          # reqs      # fails |    Avg     Min     Max    Med |   req/s  failures/s
--------|----------------------------------------------------------------------------|-------|-------------|-------|-------|-------|-------|--------|-----------
POST     /api/book                                                                       5224     0(0.00%) |    629      91    5243    270 |   11.60        0.00
GET      /api/concerts                                                                   1045     0(0.00%) |     21       2    1296      3 |    2.30        0.00
GET      /health                                                                          519     0(0.00%) |     18       2    1128      3 |    1.60        0.00
--------|----------------------------------------------------------------------------|-------|-------------|-------|-------|-------|-------|--------|-----------
         Aggregated                                                                      6788     0(0.00%) |    489       2    5243    170 |   15.50        0.00

Type     Name                                                                          # reqs      # fails |    Avg     Min     Max    Med |   req/s  failures/s
--------|----------------------------------------------------------------------------|-------|-------------|-------|-------|-------|-------|--------|-----------
POST     /api/book                                                                       5250     0(0.00%) |    627      91    5243    270 |   12.40        0.00
GET      /api/concerts                                                                   1052     0(0.00%) |     21       2    1296      3 |    2.40        0.00
GET      /health                                                                          521     0(0.00%) |     18       2    1128      3 |    1.80        0.00
--------|----------------------------------------------------------------------------|-------|-------------|-------|-------|-------|-------|--------|-----------
         Aggregated                                                                      6823     0(0.00%) |    487       2    5243    170 |   16.60        0.00

Type     Name                                                                          # reqs      # fails |    Avg     Min     Max    Med |   req/s  failures/s
--------|----------------------------------------------------------------------------|-------|-------------|-------|-------|-------|-------|--------|-----------
POST     /api/book                                                                       5272     0(0.00%) |    627      91    5243    270 |   12.20        0.00
GET      /api/concerts                                                                   1059     0(0.00%) |     21       2    1296      3 |    2.40        0.00
GET      /health                                                                          526     0(0.00%) |     18       2    1128      3 |    1.80        0.00
--------|----------------------------------------------------------------------------|-------|-------------|-------|-------|-------|-------|--------|-----------
         Aggregated                                                                      6857     0(0.00%) |    487       2    5243    170 |   16.40        0.00

Type     Name                                                                          # reqs      # fails |    Avg     Min     Max    Med |   req/s  failures/s
--------|----------------------------------------------------------------------------|-------|-------------|-------|-------|-------|-------|--------|-----------
POST     /api/book                                                                       5294     0(0.00%) |    626      91    5243    270 |   12.10        0.00
GET      /api/concerts                                                                   1064     0(0.00%) |     21       2    1296      3 |    2.60        0.00
GET      /health                                                                          530     0(0.00%) |     18       2    1128      3 |    1.80        0.00
--------|----------------------------------------------------------------------------|-------|-------------|-------|-------|-------|-------|--------|-----------
         Aggregated                                                                      6888     0(0.00%) |    486       2    5243    170 |   16.50        0.00

Type     Name                                                                          # reqs      # fails |    Avg     Min     Max    Med |   req/s  failures/s
--------|----------------------------------------------------------------------------|-------|-------------|-------|-------|-------|-------|--------|-----------
POST     /api/book                                                                       5319     0(0.00%) |    627      91    5243    270 |   11.90        0.00
GET      /api/concerts                                                                   1069     0(0.00%) |     21       2    1296      3 |    2.60        0.00
GET      /health                                                                          531     0(0.00%) |     18       2    1128      3 |    1.80        0.00
--------|----------------------------------------------------------------------------|-------|-------------|-------|-------|-------|-------|--------|-----------
         Aggregated                                                                      6919     0(0.00%) |    486       2    5243    170 |   16.30        0.00

Type     Name                                                                          # reqs      # fails |    Avg     Min     Max    Med |   req/s  failures/s
--------|----------------------------------------------------------------------------|-------|-------------|-------|-------|-------|-------|--------|-----------
POST     /api/book                                                                       5348     0(0.00%) |    628      91    5243    270 |   12.10        0.00
GET      /api/concerts                                                                   1076     0(0.00%) |     21       2    1296      3 |    2.60        0.00
GET      /health                                                                          535     0(0.00%) |     18       2    1128      3 |    1.50        0.00
--------|----------------------------------------------------------------------------|-------|-------------|-------|-------|-------|-------|--------|-----------
         Aggregated                                                                      6959     0(0.00%) |    487       2    5243    170 |   16.20        0.00

Type     Name                                                                          # reqs      # fails |    Avg     Min     Max    Med |   req/s  failures/s
--------|----------------------------------------------------------------------------|-------|-------------|-------|-------|-------|-------|--------|-----------
POST     /api/book                                                                       5370     0(0.00%) |    627      91    5243    270 |   12.00        0.00
GET      /api/concerts                                                                   1081     0(0.00%) |     21       2    1296      3 |    2.90        0.00
GET      /health                                                                          538     0(0.00%) |     18       2    1128      3 |    1.50        0.00
--------|----------------------------------------------------------------------------|-------|-------------|-------|-------|-------|-------|--------|-----------
         Aggregated                                                                      6989     0(0.00%) |    487       2    5243    170 |   16.40        0.00

Type     Name                                                                          # reqs      # fails |    Avg     Min     Max    Med |   req/s  failures/s
--------|----------------------------------------------------------------------------|-------|-------------|-------|-------|-------|-------|--------|-----------
POST     /api/book                                                                       5394     0(0.00%) |    627      91    5243    270 |   11.70        0.00
GET      /api/concerts                                                                   1085     0(0.00%) |     21       2    1296      3 |    3.10        0.00
GET      /health                                                                          538     0(0.00%) |     18       2    1128      3 |    1.70        0.00
--------|----------------------------------------------------------------------------|-------|-------------|-------|-------|-------|-------|--------|-----------
         Aggregated                                                                      7017     0(0.00%) |    487       2    5243    170 |   16.50        0.00

Type     Name                                                                          # reqs      # fails |    Avg     Min     Max    Med |   req/s  failures/s
--------|----------------------------------------------------------------------------|-------|-------------|-------|-------|-------|-------|--------|-----------
POST     /api/book                                                                       5423     0(0.00%) |    628      91    5243    270 |   11.60        0.00
GET      /api/concerts                                                                   1087     0(0.00%) |     21       2    1296      3 |    2.70        0.00
GET      /health                                                                          541     0(0.00%) |     18       2    1128      3 |    1.30        0.00
--------|----------------------------------------------------------------------------|-------|-------------|-------|-------|-------|-------|--------|-----------
         Aggregated                                                                      7051     0(0.00%) |    487       2    5243    170 |   15.60        0.00

Type     Name                                                                          # reqs      # fails |    Avg     Min     Max    Med |   req/s  failures/s
--------|----------------------------------------------------------------------------|-------|-------------|-------|-------|-------|-------|--------|-----------
POST     /api/book                                                                       5447     0(0.00%) |    627      91    5243    270 |   12.50        0.00
GET      /api/concerts                                                                   1094     0(0.00%) |     21       2    1296      3 |    2.40        0.00
GET      /health                                                                          542     0(0.00%) |     18       2    1128      3 |    0.90        0.00
--------|----------------------------------------------------------------------------|-------|-------------|-------|-------|-------|-------|--------|-----------
         Aggregated                                                                      7083     0(0.00%) |    487       2    5243    170 |   15.80        0.00

Type     Name                                                                          # reqs      # fails |    Avg     Min     Max    Med |   req/s  failures/s
--------|----------------------------------------------------------------------------|-------|-------------|-------|-------|-------|-------|--------|-----------
POST     /api/book                                                                       5473     0(0.00%) |    626      91    5243    270 |   13.00        0.00
GET      /api/concerts                                                                   1105     0(0.00%) |     20       2    1296      3 |    2.40        0.00
GET      /health                                                                          546     0(0.00%) |     18       2    1128      3 |    1.10        0.00
--------|----------------------------------------------------------------------------|-------|-------------|-------|-------|-------|-------|--------|-----------
         Aggregated                                                                      7124     0(0.00%) |    486       2    5243    170 |   16.50        0.00

Type     Name                                                                          # reqs      # fails |    Avg     Min     Max    Med |   req/s  failures/s
--------|----------------------------------------------------------------------------|-------|-------------|-------|-------|-------|-------|--------|-----------
POST     /api/book                                                                       5499     0(0.00%) |    625      91    5243    270 |   12.80        0.00
GET      /api/concerts                                                                   1110     0(0.00%) |     20       2    1296      3 |    2.80        0.00
GET      /health                                                                          548     0(0.00%) |     18       2    1128      3 |    1.10        0.00
--------|----------------------------------------------------------------------------|-------|-------------|-------|-------|-------|-------|--------|-----------
         Aggregated                                                                      7157     0(0.00%) |    485       2    5243    170 |   16.70        0.00

Type     Name                                                                          # reqs      # fails |    Avg     Min     Max    Med |   req/s  failures/s
--------|----------------------------------------------------------------------------|-------|-------------|-------|-------|-------|-------|--------|-----------
POST     /api/book                                                                       5521     0(0.00%) |    625      91    5243    270 |   13.40        0.00
GET      /api/concerts                                                                   1117     0(0.00%) |     20       2    1296      3 |    2.90        0.00
GET      /health                                                                          551     0(0.00%) |     18       2    1128      3 |    1.00        0.00
--------|----------------------------------------------------------------------------|-------|-------------|-------|-------|-------|-------|--------|-----------
         Aggregated                                                                      7189     0(0.00%) |    485       2    5243    170 |   17.30        0.00

Type     Name                                                                          # reqs      # fails |    Avg     Min     Max    Med |   req/s  failures/s
--------|----------------------------------------------------------------------------|-------|-------------|-------|-------|-------|-------|--------|-----------
POST     /api/book                                                                       5546     0(0.00%) |    625      91    5243    270 |   13.00        0.00
GET      /api/concerts                                                                   1120     0(0.00%) |     20       2    1296      3 |    3.40        0.00
GET      /health                                                                          553     0(0.00%) |     18       2    1128      3 |    1.30        0.00
--------|----------------------------------------------------------------------------|-------|-------------|-------|-------|-------|-------|--------|-----------
         Aggregated                                                                      7219     0(0.00%) |    485       2    5243    170 |   17.70        0.00

Type     Name                                                                          # reqs      # fails |    Avg     Min     Max    Med |   req/s  failures/s
--------|----------------------------------------------------------------------------|-------|-------------|-------|-------|-------|-------|--------|-----------
POST     /api/book                                                                       5567     0(0.00%) |    626      91    5243    270 |   12.70        0.00
GET      /api/concerts                                                                   1127     0(0.00%) |     21       2    1296      3 |    3.30        0.00
GET      /health                                                                          557     0(0.00%) |     17       2    1128      3 |    1.40        0.00
--------|----------------------------------------------------------------------------|-------|-------------|-------|-------|-------|-------|--------|-----------
         Aggregated                                                                      7251     0(0.00%) |    485       2    5243    170 |   17.40        0.00

Type     Name                                                                          # reqs      # fails |    Avg     Min     Max    Med |   req/s  failures/s
--------|----------------------------------------------------------------------------|-------|-------------|-------|-------|-------|-------|--------|-----------
POST     /api/book                                                                       5592     0(0.00%) |    625      91    5243    270 |   12.10        0.00
GET      /api/concerts                                                                   1134     0(0.00%) |     20       2    1296      3 |    3.30        0.00
GET      /health                                                                          560     0(0.00%) |     17       2    1128      3 |    1.50        0.00
--------|----------------------------------------------------------------------------|-------|-------------|-------|-------|-------|-------|--------|-----------
         Aggregated                                                                      7286     0(0.00%) |    484       2    5243    170 |   16.90        0.00

Type     Name                                                                          # reqs      # fails |    Avg     Min     Max    Med |   req/s  failures/s
--------|----------------------------------------------------------------------------|-------|-------------|-------|-------|-------|-------|--------|-----------
POST     /api/book                                                                       5612     0(0.00%) |    624      91    5243    270 |   12.40        0.00
GET      /api/concerts                                                                   1138     0(0.00%) |     20       2    1296      3 |    3.20        0.00
GET      /health                                                                          562     0(0.00%) |     17       2    1128      3 |    1.40        0.00
--------|----------------------------------------------------------------------------|-------|-------------|-------|-------|-------|-------|--------|-----------
         Aggregated                                                                      7312     0(0.00%) |    484       2    5243    170 |   17.00        0.00

Type     Name                                                                          # reqs      # fails |    Avg     Min     Max    Med |   req/s  failures/s
--------|----------------------------------------------------------------------------|-------|-------------|-------|-------|-------|-------|--------|-----------
POST     /api/book                                                                       5637     0(0.00%) |    626      91    5243    270 |   11.00        0.00
GET      /api/concerts                                                                   1143     0(0.00%) |     21       2    1296      3 |    2.80        0.00
GET      /health                                                                          563     0(0.00%) |     17       2    1128      3 |    1.40        0.00
--------|----------------------------------------------------------------------------|-------|-------------|-------|-------|-------|-------|--------|-----------
         Aggregated                                                                      7343     0(0.00%) |    485       2    5243    170 |   15.20        0.00

Type     Name                                                                          # reqs      # fails |    Avg     Min     Max    Med |   req/s  failures/s
--------|----------------------------------------------------------------------------|-------|-------------|-------|-------|-------|-------|--------|-----------
POST     /api/book                                                                       5657     0(0.00%) |    627      91    5243    270 |   11.20        0.00
GET      /api/concerts                                                                   1152     0(0.00%) |     21       2    1296      3 |    2.60        0.00
GET      /health                                                                          567     0(0.00%) |     17       2    1128      3 |    1.20        0.00
--------|----------------------------------------------------------------------------|-------|-------------|-------|-------|-------|-------|--------|-----------
         Aggregated                                                                      7376     0(0.00%) |    485       2    5243    170 |   15.00        0.00

Type     Name                                                                          # reqs      # fails |    Avg     Min     Max    Med |   req/s  failures/s
--------|----------------------------------------------------------------------------|-------|-------------|-------|-------|-------|-------|--------|-----------
POST     /api/book                                                                       5685     0(0.00%) |    626      91    5243    270 |   11.40        0.00
GET      /api/concerts                                                                   1155     0(0.00%) |     21       2    1296      3 |    2.90        0.00
GET      /health                                                                          569     0(0.00%) |     17       2    1128      3 |    1.40        0.00
--------|----------------------------------------------------------------------------|-------|-------------|-------|-------|-------|-------|--------|-----------
         Aggregated                                                                      7409     0(0.00%) |    485       2    5243    170 |   15.70        0.00

Type     Name                                                                          # reqs      # fails |    Avg     Min     Max    Med |   req/s  failures/s
--------|----------------------------------------------------------------------------|-------|-------------|-------|-------|-------|-------|--------|-----------
POST     /api/book                                                                       5715     0(0.00%) |    628      91    5243    270 |   11.70        0.00
GET      /api/concerts                                                                   1158     0(0.00%) |     21       2    1296      3 |    3.00        0.00
GET      /health                                                                          572     0(0.00%) |     17       2    1128      3 |    1.20        0.00
--------|----------------------------------------------------------------------------|-------|-------------|-------|-------|-------|-------|--------|-----------
         Aggregated                                                                      7445     0(0.00%) |    486       2    5243    170 |   15.90        0.00

Type     Name                                                                          # reqs      # fails |    Avg     Min     Max    Med |   req/s  failures/s
--------|----------------------------------------------------------------------------|-------|-------------|-------|-------|-------|-------|--------|-----------
POST     /api/book                                                                       5741     0(0.00%) |    626      91    5243    270 |   11.80        0.00
GET      /api/concerts                                                                   1161     0(0.00%) |     21       2    1296      3 |    2.30        0.00
GET      /health                                                                          575     0(0.00%) |     17       2    1128      3 |    1.20        0.00
--------|----------------------------------------------------------------------------|-------|-------------|-------|-------|-------|-------|--------|-----------
         Aggregated                                                                      7477     0(0.00%) |    485       2    5243    170 |   15.30        0.00

Type     Name                                                                          # reqs      # fails |    Avg     Min     Max    Med |   req/s  failures/s
--------|----------------------------------------------------------------------------|-------|-------------|-------|-------|-------|-------|--------|-----------
POST     /api/book                                                                       5759     0(0.00%) |    626      91    5243    270 |   12.80        0.00
GET      /api/concerts                                                                   1170     0(0.00%) |     21       2    1296      3 |    2.30        0.00
GET      /health                                                                          579     0(0.00%) |     17       2    1128      3 |    1.20        0.00
--------|----------------------------------------------------------------------------|-------|-------------|-------|-------|-------|-------|--------|-----------
         Aggregated                                                                      7508     0(0.00%) |    485       2    5243    170 |   16.30        0.00

Type     Name                                                                          # reqs      # fails |    Avg     Min     Max    Med |   req/s  failures/s
--------|----------------------------------------------------------------------------|-------|-------------|-------|-------|-------|-------|--------|-----------
POST     /api/book                                                                       5784     0(0.00%) |    626      91    5243    270 |   12.70        0.00
GET      /api/concerts                                                                   1176     0(0.00%) |     20       2    1296      3 |    2.50        0.00
GET      /health                                                                          581     0(0.00%) |     17       2    1128      3 |    1.50        0.00
--------|----------------------------------------------------------------------------|-------|-------------|-------|-------|-------|-------|--------|-----------
         Aggregated                                                                      7541     0(0.00%) |    485       2    5243    170 |   16.70        0.00

Type     Name                                                                          # reqs      # fails |    Avg     Min     Max    Med |   req/s  failures/s
--------|----------------------------------------------------------------------------|-------|-------------|-------|-------|-------|-------|--------|-----------
POST     /api/book                                                                       5811     0(0.00%) |    626      91    5243    270 |   12.10        0.00
GET      /api/concerts                                                                   1183     0(0.00%) |     20       2    1296      3 |    2.50        0.00
GET      /health                                                                          582     0(0.00%) |     17       2    1128      3 |    1.30        0.00
--------|----------------------------------------------------------------------------|-------|-------------|-------|-------|-------|-------|--------|-----------
         Aggregated                                                                      7576     0(0.00%) |    485       2    5243    170 |   15.90        0.00

Type     Name                                                                          # reqs      # fails |    Avg     Min     Max    Med |   req/s  failures/s
--------|----------------------------------------------------------------------------|-------|-------------|-------|-------|-------|-------|--------|-----------
POST     /api/book                                                                       5834     0(0.00%) |    626      91    5243    270 |   12.30        0.00
GET      /api/concerts                                                                   1190     0(0.00%) |     20       2    1296      3 |    2.50        0.00
GET      /health                                                                          585     0(0.00%) |     17       2    1128      3 |    1.40        0.00
--------|----------------------------------------------------------------------------|-------|-------------|-------|-------|-------|-------|--------|-----------
         Aggregated                                                                      7609     0(0.00%) |    484       2    5243    170 |   16.20        0.00

Type     Name                                                                          # reqs      # fails |    Avg     Min     Max    Med |   req/s  failures/s
--------|----------------------------------------------------------------------------|-------|-------------|-------|-------|-------|-------|--------|-----------
POST     /api/book                                                                       5857     0(0.00%) |    625      91    5243    270 |   12.40        0.00
GET      /api/concerts                                                                   1192     0(0.00%) |     20       2    1296      3 |    3.10        0.00
GET      /health                                                                          585     0(0.00%) |     17       2    1128      3 |    1.20        0.00
--------|----------------------------------------------------------------------------|-------|-------------|-------|-------|-------|-------|--------|-----------
         Aggregated                                                                      7634     0(0.00%) |    484       2    5243    170 |   16.70        0.00

Type     Name                                                                          # reqs      # fails |    Avg     Min     Max    Med |   req/s  failures/s
--------|----------------------------------------------------------------------------|-------|-------------|-------|-------|-------|-------|--------|-----------
POST     /api/book                                                                       5881     0(0.00%) |    626      91    5243    270 |   11.80        0.00
GET      /api/concerts                                                                   1196     0(0.00%) |     20       2    1296      3 |    3.20        0.00
GET      /health                                                                          587     0(0.00%) |     17       2    1128      3 |    1.10        0.00
--------|----------------------------------------------------------------------------|-------|-------------|-------|-------|-------|-------|--------|-----------
         Aggregated                                                                      7664     0(0.00%) |    485       2    5243    170 |   16.10        0.00

Type     Name                                                                          # reqs      # fails |    Avg     Min     Max    Med |   req/s  failures/s
--------|----------------------------------------------------------------------------|-------|-------------|-------|-------|-------|-------|--------|-----------
POST     /api/book                                                                       5907     0(0.00%) |    628      91    5243    270 |   12.10        0.00
GET      /api/concerts                                                                   1201     0(0.00%) |     20       2    1296      3 |    2.80        0.00
GET      /health                                                                          590     0(0.00%) |     17       2    1128      3 |    0.80        0.00
--------|----------------------------------------------------------------------------|-------|-------------|-------|-------|-------|-------|--------|-----------
         Aggregated                                                                      7698     0(0.00%) |    487       2    5243    170 |   15.70        0.00

Type     Name                                                                          # reqs      # fails |    Avg     Min     Max    Med |   req/s  failures/s
--------|----------------------------------------------------------------------------|-------|-------------|-------|-------|-------|-------|--------|-----------
POST     /api/book                                                                       5927     0(0.00%) |    627      91    5243    270 |   12.10        0.00
GET      /api/concerts                                                                   1205     0(0.00%) |     20       2    1296      3 |    2.50        0.00
GET      /health                                                                          595     0(0.00%) |     17       2    1128      3 |    1.00        0.00
--------|----------------------------------------------------------------------------|-------|-------------|-------|-------|-------|-------|--------|-----------
         Aggregated                                                                      7727     0(0.00%) |    485       2    5243    170 |   15.60        0.00

Type     Name                                                                          # reqs      # fails |    Avg     Min     Max    Med |   req/s  failures/s
--------|----------------------------------------------------------------------------|-------|-------------|-------|-------|-------|-------|--------|-----------
POST     /api/book                                                                       5952     0(0.00%) |    628      91    5243    270 |   11.80        0.00
GET      /api/concerts                                                                   1212     0(0.00%) |     20       2    1296      3 |    2.40        0.00
GET      /health                                                                          597     0(0.00%) |     17       2    1128      3 |    1.00        0.00
--------|----------------------------------------------------------------------------|-------|-------------|-------|-------|-------|-------|--------|-----------
         Aggregated                                                                      7761     0(0.00%) |    486       2    5243    170 |   15.20        0.00

Type     Name                                                                          # reqs      # fails |    Avg     Min     Max    Med |   req/s  failures/s
--------|----------------------------------------------------------------------------|-------|-------------|-------|-------|-------|-------|--------|-----------
POST     /api/book                                                                       5979     0(0.00%) |    627      91    5243    270 |   11.20        0.00
GET      /api/concerts                                                                   1213     0(0.00%) |     20       2    1296      3 |    2.00        0.00
GET      /health                                                                          602     0(0.00%) |     17       2    1128      3 |    1.40        0.00
--------|----------------------------------------------------------------------------|-------|-------------|-------|-------|-------|-------|--------|-----------
         Aggregated                                                                      7794     0(0.00%) |    485       2    5243    170 |   14.60        0.00

Type     Name                                                                          # reqs      # fails |    Avg     Min     Max    Med |   req/s  failures/s
--------|----------------------------------------------------------------------------|-------|-------------|-------|-------|-------|-------|--------|-----------
POST     /api/book                                                                       6002     0(0.00%) |    626      91    5243    270 |   12.10        0.00
GET      /api/concerts                                                                   1218     0(0.00%) |     20       2    1296      3 |    2.10        0.00
GET      /health                                                                          602     0(0.00%) |     17       2    1128      3 |    1.50        0.00
--------|----------------------------------------------------------------------------|-------|-------------|-------|-------|-------|-------|--------|-----------
         Aggregated                                                                      7822     0(0.00%) |    484       2    5243    170 |   15.70        0.00

Type     Name                                                                          # reqs      # fails |    Avg     Min     Max    Med |   req/s  failures/s
--------|----------------------------------------------------------------------------|-------|-------------|-------|-------|-------|-------|--------|-----------
POST     /api/book                                                                       6026     0(0.00%) |    627      91    5243    270 |   12.10        0.00
GET      /api/concerts                                                                   1226     0(0.00%) |     20       2    1296      3 |    2.10        0.00
GET      /health                                                                          604     0(0.00%) |     17       2    1128      3 |    1.60        0.00
--------|----------------------------------------------------------------------------|-------|-------------|-------|-------|-------|-------|--------|-----------
         Aggregated                                                                      7856     0(0.00%) |    485       2    5243    170 |   15.80        0.00

[2026-06-05 14:03:35,650] ip-172-31-20-158/INFO/locust.runners: Shape test updating to 5 users at 1.00 spawn rate
[2026-06-05 14:03:35,651] ip-172-31-20-158/INFO/locust.runners: Ramping to 5 users at a rate of 1.00 per second
Type     Name                                                                          # reqs      # fails |    Avg     Min     Max    Med |   req/s  failures/s
--------|----------------------------------------------------------------------------|-------|-------------|-------|-------|-------|-------|--------|-----------
POST     /api/book                                                                       6052     0(0.00%) |    627      91    5243    270 |   12.30        0.00
GET      /api/concerts                                                                   1229     0(0.00%) |     20       2    1296      3 |    2.40        0.00
GET      /health                                                                          605     0(0.00%) |     17       2    1128      3 |    1.40        0.00
--------|----------------------------------------------------------------------------|-------|-------------|-------|-------|-------|-------|--------|-----------
         Aggregated                                                                      7886     0(0.00%) |    486       2    5243    170 |   16.10        0.00

Type     Name                                                                          # reqs      # fails |    Avg     Min     Max    Med |   req/s  failures/s
--------|----------------------------------------------------------------------------|-------|-------------|-------|-------|-------|-------|--------|-----------
POST     /api/book                                                                       6079     0(0.00%) |    627      91    5243    270 |   12.80        0.00
GET      /api/concerts                                                                   1233     0(0.00%) |     20       2    1296      3 |    2.30        0.00
GET      /health                                                                          609     0(0.00%) |     17       2    1128      3 |    1.30        0.00
--------|----------------------------------------------------------------------------|-------|-------------|-------|-------|-------|-------|--------|-----------
         Aggregated                                                                      7921     0(0.00%) |    486       2    5243    170 |   16.40        0.00

Type     Name                                                                          # reqs      # fails |    Avg     Min     Max    Med |   req/s  failures/s
--------|----------------------------------------------------------------------------|-------|-------------|-------|-------|-------|-------|--------|-----------
POST     /api/book                                                                       6100     0(0.00%) |    626      91    5243    270 |   13.40        0.00
GET      /api/concerts                                                                   1237     0(0.00%) |     20       2    1296      3 |    2.40        0.00
GET      /health                                                                          611     0(0.00%) |     17       2    1128      3 |    1.10        0.00
--------|----------------------------------------------------------------------------|-------|-------------|-------|-------|-------|-------|--------|-----------
         Aggregated                                                                      7948     0(0.00%) |    485       2    5243    170 |   16.90        0.00

Type     Name                                                                          # reqs      # fails |    Avg     Min     Max    Med |   req/s  failures/s
--------|----------------------------------------------------------------------------|-------|-------------|-------|-------|-------|-------|--------|-----------
POST     /api/book                                                                       6126     0(0.00%) |    627      91    5243    270 |   12.10        0.00
GET      /api/concerts                                                                   1240     0(0.00%) |     20       2    1296      3 |    2.40        0.00
GET      /health                                                                          615     0(0.00%) |     17       2    1128      3 |    1.10        0.00
--------|----------------------------------------------------------------------------|-------|-------------|-------|-------|-------|-------|--------|-----------
         Aggregated                                                                      7981     0(0.00%) |    486       2    5243    170 |   15.60        0.00

Type     Name                                                                          # reqs      # fails |    Avg     Min     Max    Med |   req/s  failures/s
--------|----------------------------------------------------------------------------|-------|-------------|-------|-------|-------|-------|--------|-----------
POST     /api/book                                                                       6140     0(0.00%) |    626      91    5243    270 |   12.20        0.00
GET      /api/concerts                                                                   1244     0(0.00%) |     20       2    1296      3 |    2.10        0.00
GET      /health                                                                          619     0(0.00%) |     17       2    1128      3 |    1.00        0.00
--------|----------------------------------------------------------------------------|-------|-------------|-------|-------|-------|-------|--------|-----------
         Aggregated                                                                      8003     0(0.00%) |    485       2    5243    170 |   15.30        0.00

Type     Name                                                                          # reqs      # fails |    Avg     Min     Max    Med |   req/s  failures/s
--------|----------------------------------------------------------------------------|-------|-------------|-------|-------|-------|-------|--------|-----------
POST     /api/book                                                                       6160     0(0.00%) |    625      91    5243    260 |   11.60        0.00
GET      /api/concerts                                                                   1251     0(0.00%) |     20       2    1296      3 |    2.00        0.00
GET      /health                                                                          620     0(0.00%) |     17       2    1128      3 |    1.30        0.00
--------|----------------------------------------------------------------------------|-------|-------------|-------|-------|-------|-------|--------|-----------
         Aggregated                                                                      8031     0(0.00%) |    484       2    5243    170 |   14.90        0.00

Type     Name                                                                          # reqs      # fails |    Avg     Min     Max    Med |   req/s  failures/s
--------|----------------------------------------------------------------------------|-------|-------------|-------|-------|-------|-------|--------|-----------
POST     /api/book                                                                       6180     0(0.00%) |    624      91    5243    260 |   10.60        0.00
GET      /api/concerts                                                                   1256     0(0.00%) |     20       2    1296      3 |    2.20        0.00
GET      /health                                                                          620     0(0.00%) |     17       2    1128      3 |    1.50        0.00
--------|----------------------------------------------------------------------------|-------|-------------|-------|-------|-------|-------|--------|-----------
         Aggregated                                                                      8056     0(0.00%) |    483       2    5243    170 |   14.30        0.00

Type     Name                                                                          # reqs      # fails |    Avg     Min     Max    Med |   req/s  failures/s
--------|----------------------------------------------------------------------------|-------|-------------|-------|-------|-------|-------|--------|-----------
POST     /api/book                                                                       6198     0(0.00%) |    623      91    5243    260 |    9.80        0.00
GET      /api/concerts                                                                   1259     0(0.00%) |     20       2    1296      3 |    2.30        0.00
GET      /health                                                                          622     0(0.00%) |     17       2    1128      3 |    1.20        0.00
--------|----------------------------------------------------------------------------|-------|-------------|-------|-------|-------|-------|--------|-----------
         Aggregated                                                                      8079     0(0.00%) |    482       2    5243    170 |   13.30        0.00

Type     Name                                                                          # reqs      # fails |    Avg     Min     Max    Med |   req/s  failures/s
--------|----------------------------------------------------------------------------|-------|-------------|-------|-------|-------|-------|--------|-----------
POST     /api/book                                                                       6215     0(0.00%) |    622      91    5243    260 |   10.00        0.00
GET      /api/concerts                                                                   1264     0(0.00%) |     20       2    1296      3 |    2.10        0.00
GET      /health                                                                          622     0(0.00%) |     17       2    1128      3 |    1.00        0.00
--------|----------------------------------------------------------------------------|-------|-------------|-------|-------|-------|-------|--------|-----------
         Aggregated                                                                      8101     0(0.00%) |    481       2    5243    170 |   13.10        0.00

Type     Name                                                                          # reqs      # fails |    Avg     Min     Max    Med |   req/s  failures/s
--------|----------------------------------------------------------------------------|-------|-------------|-------|-------|-------|-------|--------|-----------
POST     /api/book                                                                       6230     0(0.00%) |    621      91    5243    260 |    9.30        0.00
GET      /api/concerts                                                                   1266     0(0.00%) |     20       2    1296      3 |    2.50        0.00
GET      /health                                                                          623     0(0.00%) |     17       2    1128      3 |    1.00        0.00
--------|----------------------------------------------------------------------------|-------|-------------|-------|-------|-------|-------|--------|-----------
         Aggregated                                                                      8119     0(0.00%) |    481       2    5243    170 |   12.80        0.00

Type     Name                                                                          # reqs      # fails |    Avg     Min     Max    Med |   req/s  failures/s
--------|----------------------------------------------------------------------------|-------|-------------|-------|-------|-------|-------|--------|-----------
POST     /api/book                                                                       6241     0(0.00%) |    620      91    5243    260 |    8.90        0.00
GET      /api/concerts                                                                   1269     0(0.00%) |     20       2    1296      3 |    2.30        0.00
GET      /health                                                                          627     0(0.00%) |     17       2    1128      3 |    0.60        0.00
--------|----------------------------------------------------------------------------|-------|-------------|-------|-------|-------|-------|--------|-----------
         Aggregated                                                                      8137     0(0.00%) |    480       2    5243    170 |   11.80        0.00

Type     Name                                                                          # reqs      # fails |    Avg     Min     Max    Med |   req/s  failures/s
--------|----------------------------------------------------------------------------|-------|-------------|-------|-------|-------|-------|--------|-----------
POST     /api/book                                                                       6252     0(0.00%) |    619      91    5243    260 |    8.30        0.00
GET      /api/concerts                                                                   1273     0(0.00%) |     20       2    1296      3 |    2.00        0.00
GET      /health                                                                          628     0(0.00%) |     17       2    1128      3 |    0.60        0.00
--------|----------------------------------------------------------------------------|-------|-------------|-------|-------|-------|-------|--------|-----------
         Aggregated                                                                      8153     0(0.00%) |    479       2    5243    170 |   10.90        0.00

Type     Name                                                                          # reqs      # fails |    Avg     Min     Max    Med |   req/s  failures/s
--------|----------------------------------------------------------------------------|-------|-------------|-------|-------|-------|-------|--------|-----------
POST     /api/book                                                                       6264     0(0.00%) |    618      91    5243    260 |    7.50        0.00
GET      /api/concerts                                                                   1273     0(0.00%) |     20       2    1296      3 |    1.70        0.00
GET      /health                                                                          630     0(0.00%) |     17       2    1128      3 |    0.80        0.00
--------|----------------------------------------------------------------------------|-------|-------------|-------|-------|-------|-------|--------|-----------
         Aggregated                                                                      8167     0(0.00%) |    479       2    5243    170 |   10.00        0.00

Type     Name                                                                          # reqs      # fails |    Avg     Min     Max    Med |   req/s  failures/s
--------|----------------------------------------------------------------------------|-------|-------------|-------|-------|-------|-------|--------|-----------
POST     /api/book                                                                       6274     0(0.00%) |    618      91    5243    260 |    6.90        0.00
GET      /api/concerts                                                                   1276     0(0.00%) |     20       2    1296      3 |    1.50        0.00
GET      /health                                                                          631     0(0.00%) |     17       2    1128      3 |    0.90        0.00
--------|----------------------------------------------------------------------------|-------|-------------|-------|-------|-------|-------|--------|-----------
         Aggregated                                                                      8181     0(0.00%) |    478       2    5243    170 |    9.30        0.00

Type     Name                                                                          # reqs      # fails |    Avg     Min     Max    Med |   req/s  failures/s
--------|----------------------------------------------------------------------------|-------|-------------|-------|-------|-------|-------|--------|-----------
POST     /api/book                                                                       6280     0(0.00%) |    617      91    5243    260 |    6.00        0.00
GET      /api/concerts                                                                   1277     0(0.00%) |     20       2    1296      3 |    1.20        0.00
GET      /health                                                                          631     0(0.00%) |     17       2    1128      3 |    0.90        0.00
--------|----------------------------------------------------------------------------|-------|-------------|-------|-------|-------|-------|--------|-----------
         Aggregated                                                                      8188     0(0.00%) |    478       2    5243    170 |    8.10        0.00

Type     Name                                                                          # reqs      # fails |    Avg     Min     Max    Med |   req/s  failures/s
--------|----------------------------------------------------------------------------|-------|-------------|-------|-------|-------|-------|--------|-----------
POST     /api/book                                                                       6288     0(0.00%) |    617      91    5243    260 |    5.10        0.00
GET      /api/concerts                                                                   1278     0(0.00%) |     20       2    1296      3 |    1.10        0.00
GET      /health                                                                          631     0(0.00%) |     17       2    1128      3 |    0.80        0.00
--------|----------------------------------------------------------------------------|-------|-------------|-------|-------|-------|-------|--------|-----------
         Aggregated                                                                      8197     0(0.00%) |    478       2    5243    170 |    7.00        0.00

Type     Name                                                                          # reqs      # fails |    Avg     Min     Max    Med |   req/s  failures/s
--------|----------------------------------------------------------------------------|-------|-------------|-------|-------|-------|-------|--------|-----------
POST     /api/book                                                                       6291     0(0.00%) |    617      91    5243    260 |    4.90        0.00
GET      /api/concerts                                                                   1279     0(0.00%) |     19       2    1296      3 |    0.80        0.00
GET      /health                                                                          632     0(0.00%) |     17       2    1128      3 |    0.50        0.00
--------|----------------------------------------------------------------------------|-------|-------------|-------|-------|-------|-------|--------|-----------
         Aggregated                                                                      8202     0(0.00%) |    477       2    5243    170 |    6.20        0.00

[2026-06-05 14:04:09,746] ip-172-31-20-158/INFO/locust.runners: All users spawned: {"TicketingUser": 5} (5 total users)
Type     Name                                                                          # reqs      # fails |    Avg     Min     Max    Med |   req/s  failures/s
--------|----------------------------------------------------------------------------|-------|-------------|-------|-------|-------|-------|--------|-----------
POST     /api/book                                                                       6297     0(0.00%) |    616      91    5243    260 |    4.00        0.00
GET      /api/concerts                                                                   1279     0(0.00%) |     19       2    1296      3 |    0.60        0.00
GET      /health                                                                          632     0(0.00%) |     17       2    1128      3 |    0.40        0.00
--------|----------------------------------------------------------------------------|-------|-------------|-------|-------|-------|-------|--------|-----------
         Aggregated                                                                      8208     0(0.00%) |    477       2    5243    170 |    5.00        0.00

Type     Name                                                                          # reqs      # fails |    Avg     Min     Max    Med |   req/s  failures/s
--------|----------------------------------------------------------------------------|-------|-------------|-------|-------|-------|-------|--------|-----------
POST     /api/book                                                                       6300     0(0.00%) |    616      91    5243    260 |    3.10        0.00
GET      /api/concerts                                                                   1281     0(0.00%) |     19       2    1296      3 |    0.60        0.00
GET      /health                                                                          632     0(0.00%) |     17       2    1128      3 |    0.20        0.00
--------|----------------------------------------------------------------------------|-------|-------------|-------|-------|-------|-------|--------|-----------
         Aggregated                                                                      8213     0(0.00%) |    477       2    5243    170 |    3.90        0.00

Type     Name                                                                          # reqs      # fails |    Avg     Min     Max    Med |   req/s  failures/s
--------|----------------------------------------------------------------------------|-------|-------------|-------|-------|-------|-------|--------|-----------
POST     /api/book                                                                       6302     0(0.00%) |    616      91    5243    260 |    2.80        0.00
GET      /api/concerts                                                                   1281     0(0.00%) |     19       2    1296      3 |    0.50        0.00
GET      /health                                                                          634     0(0.00%) |     17       2    1128      3 |    0.10        0.00
--------|----------------------------------------------------------------------------|-------|-------------|-------|-------|-------|-------|--------|-----------
         Aggregated                                                                      8217     0(0.00%) |    477       2    5243    170 |    3.40        0.00

Type     Name                                                                          # reqs      # fails |    Avg     Min     Max    Med |   req/s  failures/s
--------|----------------------------------------------------------------------------|-------|-------------|-------|-------|-------|-------|--------|-----------
POST     /api/book                                                                       6308     0(0.00%) |    615      91    5243    250 |    2.40        0.00
GET      /api/concerts                                                                   1281     0(0.00%) |     19       2    1296      3 |    0.40        0.00
GET      /health                                                                          634     0(0.00%) |     17       2    1128      3 |    0.30        0.00
--------|----------------------------------------------------------------------------|-------|-------------|-------|-------|-------|-------|--------|-----------
         Aggregated                                                                      8223     0(0.00%) |    476       2    5243    170 |    3.10        0.00

Type     Name                                                                          # reqs      # fails |    Avg     Min     Max    Med |   req/s  failures/s
--------|----------------------------------------------------------------------------|-------|-------------|-------|-------|-------|-------|--------|-----------
POST     /api/book                                                                       6310     0(0.00%) |    615      91    5243    250 |    2.40        0.00
GET      /api/concerts                                                                   1283     0(0.00%) |     19       2    1296      3 |    0.40        0.00
GET      /health                                                                          634     0(0.00%) |     17       2    1128      3 |    0.30        0.00
--------|----------------------------------------------------------------------------|-------|-------------|-------|-------|-------|-------|--------|-----------
         Aggregated                                                                      8227     0(0.00%) |    476       2    5243    170 |    3.10        0.00

Type     Name                                                                          # reqs      # fails |    Avg     Min     Max    Med |   req/s  failures/s
--------|----------------------------------------------------------------------------|-------|-------------|-------|-------|-------|-------|--------|-----------
POST     /api/book                                                                       6314     0(0.00%) |    615      91    5243    250 |    2.10        0.00
GET      /api/concerts                                                                   1283     0(0.00%) |     19       2    1296      3 |    0.40        0.00
GET      /health                                                                          635     0(0.00%) |     16       2    1128      3 |    0.30        0.00
--------|----------------------------------------------------------------------------|-------|-------------|-------|-------|-------|-------|--------|-----------
         Aggregated                                                                      8232     0(0.00%) |    476       2    5243    170 |    2.80        0.00

Type     Name                                                                          # reqs      # fails |    Avg     Min     Max    Med |   req/s  failures/s
--------|----------------------------------------------------------------------------|-------|-------------|-------|-------|-------|-------|--------|-----------
POST     /api/book                                                                       6316     0(0.00%) |    615      91    5243    250 |    2.00        0.00
GET      /api/concerts                                                                   1285     0(0.00%) |     19       2    1296      3 |    0.40        0.00
GET      /health                                                                          635     0(0.00%) |     16       2    1128      3 |    0.30        0.00
--------|----------------------------------------------------------------------------|-------|-------------|-------|-------|-------|-------|--------|-----------
         Aggregated                                                                      8236     0(0.00%) |    476       2    5243    170 |    2.70        0.00

Type     Name                                                                          # reqs      # fails |    Avg     Min     Max    Med |   req/s  failures/s
--------|----------------------------------------------------------------------------|-------|-------------|-------|-------|-------|-------|--------|-----------
POST     /api/book                                                                       6319     0(0.00%) |    615      91    5243    250 |    1.60        0.00
GET      /api/concerts                                                                   1286     0(0.00%) |     19       2    1296      3 |    0.40        0.00
GET      /health                                                                          635     0(0.00%) |     16       2    1128      3 |    0.30        0.00
--------|----------------------------------------------------------------------------|-------|-------------|-------|-------|-------|-------|--------|-----------
         Aggregated                                                                      8240     0(0.00%) |    476       2    5243    170 |    2.30        0.00

Type     Name                                                                          # reqs      # fails |    Avg     Min     Max    Med |   req/s  failures/s
--------|----------------------------------------------------------------------------|-------|-------------|-------|-------|-------|-------|--------|-----------
POST     /api/book                                                                       6323     0(0.00%) |    614      91    5243    250 |    1.80        0.00
GET      /api/concerts                                                                   1286     0(0.00%) |     19       2    1296      3 |    0.40        0.00
GET      /health                                                                          635     0(0.00%) |     16       2    1128      3 |    0.30        0.00
--------|----------------------------------------------------------------------------|-------|-------------|-------|-------|-------|-------|--------|-----------
         Aggregated                                                                      8244     0(0.00%) |    475       2    5243    170 |    2.50        0.00

Type     Name                                                                          # reqs      # fails |    Avg     Min     Max    Med |   req/s  failures/s
--------|----------------------------------------------------------------------------|-------|-------------|-------|-------|-------|-------|--------|-----------
POST     /api/book                                                                       6325     0(0.00%) |    614      91    5243    250 |    1.50        0.00
GET      /api/concerts                                                                   1286     0(0.00%) |     19       2    1296      3 |    0.50        0.00
GET      /health                                                                          636     0(0.00%) |     16       2    1128      3 |    0.10        0.00
--------|----------------------------------------------------------------------------|-------|-------------|-------|-------|-------|-------|--------|-----------
         Aggregated                                                                      8247     0(0.00%) |    475       2    5243    170 |    2.10        0.00

Type     Name                                                                          # reqs      # fails |    Avg     Min     Max    Med |   req/s  failures/s
--------|----------------------------------------------------------------------------|-------|-------------|-------|-------|-------|-------|--------|-----------
POST     /api/book                                                                       6330     0(0.00%) |    614      91    5243    250 |    1.50        0.00
GET      /api/concerts                                                                   1286     0(0.00%) |     19       2    1296      3 |    0.30        0.00
GET      /health                                                                          637     0(0.00%) |     16       2    1128      3 |    0.20        0.00
--------|----------------------------------------------------------------------------|-------|-------------|-------|-------|-------|-------|--------|-----------
         Aggregated                                                                      8253     0(0.00%) |    475       2    5243    170 |    2.00        0.00

Type     Name                                                                          # reqs      # fails |    Avg     Min     Max    Med |   req/s  failures/s
--------|----------------------------------------------------------------------------|-------|-------------|-------|-------|-------|-------|--------|-----------
POST     /api/book                                                                       6336     0(0.00%) |    613      91    5243    250 |    1.50        0.00
GET      /api/concerts                                                                   1287     0(0.00%) |     19       2    1296      3 |    0.30        0.00
GET      /health                                                                          638     0(0.00%) |     16       2    1128      3 |    0.20        0.00
--------|----------------------------------------------------------------------------|-------|-------------|-------|-------|-------|-------|--------|-----------
         Aggregated                                                                      8261     0(0.00%) |    475       2    5243    170 |    2.00        0.00

Type     Name                                                                          # reqs      # fails |    Avg     Min     Max    Med |   req/s  failures/s
--------|----------------------------------------------------------------------------|-------|-------------|-------|-------|-------|-------|--------|-----------
POST     /api/book                                                                       6340     0(0.00%) |    613      91    5243    250 |    1.80        0.00
GET      /api/concerts                                                                   1287     0(0.00%) |     19       2    1296      3 |    0.30        0.00
GET      /health                                                                          639     0(0.00%) |     16       2    1128      3 |    0.30        0.00
--------|----------------------------------------------------------------------------|-------|-------------|-------|-------|-------|-------|--------|-----------
         Aggregated                                                                      8266     0(0.00%) |    475       2    5243    170 |    2.40        0.00

Type     Name                                                                          # reqs      # fails |    Avg     Min     Max    Med |   req/s  failures/s
--------|----------------------------------------------------------------------------|-------|-------------|-------|-------|-------|-------|--------|-----------
POST     /api/book                                                                       6343     0(0.00%) |    613      91    5243    250 |    1.90        0.00
GET      /api/concerts                                                                   1287     0(0.00%) |     19       2    1296      3 |    0.20        0.00
GET      /health                                                                          639     0(0.00%) |     16       2    1128      3 |    0.40        0.00
--------|----------------------------------------------------------------------------|-------|-------------|-------|-------|-------|-------|--------|-----------
         Aggregated                                                                      8269     0(0.00%) |    474       2    5243    170 |    2.50        0.00

Type     Name                                                                          # reqs      # fails |    Avg     Min     Max    Med |   req/s  failures/s
--------|----------------------------------------------------------------------------|-------|-------------|-------|-------|-------|-------|--------|-----------
POST     /api/book                                                                       6346     0(0.00%) |    613      91    5243    250 |    1.80        0.00
GET      /api/concerts                                                                   1288     0(0.00%) |     19       2    1296      3 |    0.10        0.00
GET      /health                                                                          639     0(0.00%) |     16       2    1128      3 |    0.40        0.00
--------|----------------------------------------------------------------------------|-------|-------------|-------|-------|-------|-------|--------|-----------
         Aggregated                                                                      8273     0(0.00%) |    474       2    5243    170 |    2.30        0.00

Type     Name                                                                          # reqs      # fails |    Avg     Min     Max    Med |   req/s  failures/s
--------|----------------------------------------------------------------------------|-------|-------------|-------|-------|-------|-------|--------|-----------
POST     /api/book                                                                       6350     0(0.00%) |    612      91    5243    250 |    2.00        0.00
GET      /api/concerts                                                                   1289     0(0.00%) |     19       2    1296      3 |    0.20        0.00
GET      /health                                                                          639     0(0.00%) |     16       2    1128      3 |    0.30        0.00
--------|----------------------------------------------------------------------------|-------|-------------|-------|-------|-------|-------|--------|-----------
         Aggregated                                                                      8278     0(0.00%) |    474       2    5243    170 |    2.50        0.00

Type     Name                                                                          # reqs      # fails |    Avg     Min     Max    Med |   req/s  failures/s
--------|----------------------------------------------------------------------------|-------|-------------|-------|-------|-------|-------|--------|-----------
POST     /api/book                                                                       6355     0(0.00%) |    612      91    5243    250 |    2.00        0.00
GET      /api/concerts                                                                   1290     0(0.00%) |     19       2    1296      3 |    0.30        0.00
GET      /health                                                                          640     0(0.00%) |     16       2    1128      3 |    0.20        0.00
--------|----------------------------------------------------------------------------|-------|-------------|-------|-------|-------|-------|--------|-----------
         Aggregated                                                                      8285     0(0.00%) |    474       2    5243    170 |    2.50        0.00

Type     Name                                                                          # reqs      # fails |    Avg     Min     Max    Med |   req/s  failures/s
--------|----------------------------------------------------------------------------|-------|-------------|-------|-------|-------|-------|--------|-----------
POST     /api/book                                                                       6358     0(0.00%) |    612      91    5243    250 |    2.20        0.00
GET      /api/concerts                                                                   1291     0(0.00%) |     19       2    1296      3 |    0.30        0.00
GET      /health                                                                          640     0(0.00%) |     16       2    1128      3 |    0.10        0.00
--------|----------------------------------------------------------------------------|-------|-------------|-------|-------|-------|-------|--------|-----------
         Aggregated                                                                      8289     0(0.00%) |    474       2    5243    160 |    2.60        0.00

Type     Name                                                                          # reqs      # fails |    Avg     Min     Max    Med |   req/s  failures/s
--------|----------------------------------------------------------------------------|-------|-------------|-------|-------|-------|-------|--------|-----------
POST     /api/book                                                                       6361     0(0.00%) |    612      91    5243    250 |    1.80        0.00
GET      /api/concerts                                                                   1291     0(0.00%) |     19       2    1296      3 |    0.30        0.00
GET      /health                                                                          640     0(0.00%) |     16       2    1128      3 |    0.20        0.00
--------|----------------------------------------------------------------------------|-------|-------------|-------|-------|-------|-------|--------|-----------
         Aggregated                                                                      8292     0(0.00%) |    473       2    5243    160 |    2.30        0.00

Type     Name                                                                          # reqs      # fails |    Avg     Min     Max    Med |   req/s  failures/s
--------|----------------------------------------------------------------------------|-------|-------------|-------|-------|-------|-------|--------|-----------
POST     /api/book                                                                       6367     0(0.00%) |    611      91    5243    250 |    2.00        0.00
GET      /api/concerts                                                                   1292     0(0.00%) |     19       2    1296      3 |    0.40        0.00
GET      /health                                                                          640     0(0.00%) |     16       2    1128      3 |    0.10        0.00
--------|----------------------------------------------------------------------------|-------|-------------|-------|-------|-------|-------|--------|-----------
         Aggregated                                                                      8299     0(0.00%) |    473       2    5243    160 |    2.50        0.00

Type     Name                                                                          # reqs      # fails |    Avg     Min     Max    Med |   req/s  failures/s
--------|----------------------------------------------------------------------------|-------|-------------|-------|-------|-------|-------|--------|-----------
POST     /api/book                                                                       6371     0(0.00%) |    611      91    5243    250 |    1.90        0.00
GET      /api/concerts                                                                   1293     0(0.00%) |     19       2    1296      3 |    0.40        0.00
GET      /health                                                                          640     0(0.00%) |     16       2    1128      3 |    0.10        0.00
--------|----------------------------------------------------------------------------|-------|-------------|-------|-------|-------|-------|--------|-----------
         Aggregated                                                                      8304     0(0.00%) |    473       2    5243    160 |    2.40        0.00

Type     Name                                                                          # reqs      # fails |    Avg     Min     Max    Med |   req/s  failures/s
--------|----------------------------------------------------------------------------|-------|-------------|-------|-------|-------|-------|--------|-----------
POST     /api/book                                                                       6375     0(0.00%) |    611      91    5243    250 |    2.20        0.00
GET      /api/concerts                                                                   1293     0(0.00%) |     19       2    1296      3 |    0.40        0.00
GET      /health                                                                          640     0(0.00%) |     16       2    1128      3 |    0.10        0.00
--------|----------------------------------------------------------------------------|-------|-------------|-------|-------|-------|-------|--------|-----------
         Aggregated                                                                      8308     0(0.00%) |    473       2    5243    160 |    2.70        0.00

Type     Name                                                                          # reqs      # fails |    Avg     Min     Max    Med |   req/s  failures/s
--------|----------------------------------------------------------------------------|-------|-------------|-------|-------|-------|-------|--------|-----------
POST     /api/book                                                                       6377     0(0.00%) |    610      91    5243    250 |    1.70        0.00
GET      /api/concerts                                                                   1295     0(0.00%) |     19       2    1296      3 |    0.30        0.00
GET      /health                                                                          640     0(0.00%) |     16       2    1128      3 |    0.10        0.00
--------|----------------------------------------------------------------------------|-------|-------------|-------|-------|-------|-------|--------|-----------
         Aggregated                                                                      8312     0(0.00%) |    473       2    5243    160 |    2.10        0.00

Type     Name                                                                          # reqs      # fails |    Avg     Min     Max    Med |   req/s  failures/s
--------|----------------------------------------------------------------------------|-------|-------------|-------|-------|-------|-------|--------|-----------
POST     /api/book                                                                       6382     0(0.00%) |    610      91    5243    250 |    2.20        0.00
GET      /api/concerts                                                                   1295     0(0.00%) |     19       2    1296      3 |    0.30        0.00
GET      /health                                                                          640     0(0.00%) |     16       2    1128      3 |    0.00        0.00
--------|----------------------------------------------------------------------------|-------|-------------|-------|-------|-------|-------|--------|-----------
         Aggregated                                                                      8317     0(0.00%) |    472       2    5243    160 |    2.50        0.00

Type     Name                                                                          # reqs      # fails |    Avg     Min     Max    Med |   req/s  failures/s
--------|----------------------------------------------------------------------------|-------|-------------|-------|-------|-------|-------|--------|-----------
POST     /api/book                                                                       6383     0(0.00%) |    610      91    5243    250 |    2.00        0.00
GET      /api/concerts                                                                   1297     0(0.00%) |     19       2    1296      3 |    0.40        0.00
GET      /health                                                                          642     0(0.00%) |     16       2    1128      3 |    0.00        0.00
--------|----------------------------------------------------------------------------|-------|-------------|-------|-------|-------|-------|--------|-----------
         Aggregated                                                                      8322     0(0.00%) |    472       2    5243    160 |    2.40        0.00

Type     Name                                                                          # reqs      # fails |    Avg     Min     Max    Med |   req/s  failures/s
--------|----------------------------------------------------------------------------|-------|-------------|-------|-------|-------|-------|--------|-----------
POST     /api/book                                                                       6384     0(0.00%) |    610      91    5243    250 |    1.90        0.00
GET      /api/concerts                                                                   1297     0(0.00%) |     19       2    1296      3 |    0.50        0.00
GET      /health                                                                          644     0(0.00%) |     16       2    1128      3 |    0.00        0.00
--------|----------------------------------------------------------------------------|-------|-------------|-------|-------|-------|-------|--------|-----------
         Aggregated                                                                      8325     0(0.00%) |    472       2    5243    160 |    2.40        0.00

Type     Name                                                                          # reqs      # fails |    Avg     Min     Max    Med |   req/s  failures/s
--------|----------------------------------------------------------------------------|-------|-------------|-------|-------|-------|-------|--------|-----------
POST     /api/book                                                                       6388     0(0.00%) |    610      91    5243    250 |    1.30        0.00
GET      /api/concerts                                                                   1299     0(0.00%) |     19       2    1296      3 |    0.40        0.00
GET      /health                                                                          644     0(0.00%) |     16       2    1128      3 |    0.40        0.00
--------|----------------------------------------------------------------------------|-------|-------------|-------|-------|-------|-------|--------|-----------
         Aggregated                                                                      8331     0(0.00%) |    472       2    5243    160 |    2.10        0.00

Type     Name                                                                          # reqs      # fails |    Avg     Min     Max    Med |   req/s  failures/s
--------|----------------------------------------------------------------------------|-------|-------------|-------|-------|-------|-------|--------|-----------
POST     /api/book                                                                       6391     0(0.00%) |    609      91    5243    250 |    1.40        0.00
GET      /api/concerts                                                                   1299     0(0.00%) |     19       2    1296      3 |    0.60        0.00
GET      /health                                                                          644     0(0.00%) |     16       2    1128      3 |    0.40        0.00
--------|----------------------------------------------------------------------------|-------|-------------|-------|-------|-------|-------|--------|-----------
         Aggregated                                                                      8334     0(0.00%) |    472       2    5243    160 |    2.40        0.00

Type     Name                                                                          # reqs      # fails |    Avg     Min     Max    Med |   req/s  failures/s
--------|----------------------------------------------------------------------------|-------|-------------|-------|-------|-------|-------|--------|-----------
POST     /api/book                                                                       6396     0(0.00%) |    609      91    5243    250 |    1.30        0.00
GET      /api/concerts                                                                   1300     0(0.00%) |     19       2    1296      3 |    0.50        0.00
GET      /health                                                                          644     0(0.00%) |     16       2    1128      3 |    0.40        0.00
--------|----------------------------------------------------------------------------|-------|-------------|-------|-------|-------|-------|--------|-----------
         Aggregated                                                                      8340     0(0.00%) |    471       2    5243    160 |    2.20        0.00

Type     Name                                                                          # reqs      # fails |    Avg     Min     Max    Med |   req/s  failures/s
--------|----------------------------------------------------------------------------|-------|-------------|-------|-------|-------|-------|--------|-----------
POST     /api/book                                                                       6399     0(0.00%) |    609      91    5243    250 |    1.20        0.00
GET      /api/concerts                                                                   1300     0(0.00%) |     19       2    1296      3 |    0.50        0.00
GET      /health                                                                          644     0(0.00%) |     16       2    1128      3 |    0.40        0.00
--------|----------------------------------------------------------------------------|-------|-------------|-------|-------|-------|-------|--------|-----------
         Aggregated                                                                      8343     0(0.00%) |    471       2    5243    160 |    2.10        0.00

Type     Name                                                                          # reqs      # fails |    Avg     Min     Max    Med |   req/s  failures/s
--------|----------------------------------------------------------------------------|-------|-------------|-------|-------|-------|-------|--------|-----------
POST     /api/book                                                                       6405     0(0.00%) |    608      91    5243    250 |    1.50        0.00
GET      /api/concerts                                                                   1300     0(0.00%) |     19       2    1296      3 |    0.30        0.00
GET      /health                                                                          644     0(0.00%) |     16       2    1128      3 |    0.40        0.00
--------|----------------------------------------------------------------------------|-------|-------------|-------|-------|-------|-------|--------|-----------
         Aggregated                                                                      8349     0(0.00%) |    471       2    5243    160 |    2.20        0.00

Type     Name                                                                          # reqs      # fails |    Avg     Min     Max    Med |   req/s  failures/s
--------|----------------------------------------------------------------------------|-------|-------------|-------|-------|-------|-------|--------|-----------
POST     /api/book                                                                       6409     0(0.00%) |    608      91    5243    250 |    1.80        0.00
GET      /api/concerts                                                                   1301     0(0.00%) |     19       2    1296      3 |    0.30        0.00
GET      /health                                                                          644     0(0.00%) |     16       2    1128      3 |    0.00        0.00
--------|----------------------------------------------------------------------------|-------|-------------|-------|-------|-------|-------|--------|-----------
         Aggregated                                                                      8354     0(0.00%) |    471       2    5243    160 |    2.10        0.00

Type     Name                                                                          # reqs      # fails |    Avg     Min     Max    Med |   req/s  failures/s
--------|----------------------------------------------------------------------------|-------|-------------|-------|-------|-------|-------|--------|-----------
POST     /api/book                                                                       6411     0(0.00%) |    608      91    5243    250 |    2.00        0.00
GET      /api/concerts                                                                   1301     0(0.00%) |     19       2    1296      3 |    0.20        0.00
GET      /health                                                                          644     0(0.00%) |     16       2    1128      3 |    0.00        0.00
--------|----------------------------------------------------------------------------|-------|-------------|-------|-------|-------|-------|--------|-----------
         Aggregated                                                                      8356     0(0.00%) |    471       2    5243    160 |    2.20        0.00

Type     Name                                                                          # reqs      # fails |    Avg     Min     Max    Med |   req/s  failures/s
--------|----------------------------------------------------------------------------|-------|-------------|-------|-------|-------|-------|--------|-----------
POST     /api/book                                                                       6415     0(0.00%) |    608      91    5243    250 |    2.10        0.00
GET      /api/concerts                                                                   1303     0(0.00%) |     19       2    1296      3 |    0.20        0.00
GET      /health                                                                          644     0(0.00%) |     16       2    1128      3 |    0.00        0.00
--------|----------------------------------------------------------------------------|-------|-------------|-------|-------|-------|-------|--------|-----------
         Aggregated                                                                      8362     0(0.00%) |    470       2    5243    160 |    2.30        0.00

Type     Name                                                                          # reqs      # fails |    Avg     Min     Max    Med |   req/s  failures/s
--------|----------------------------------------------------------------------------|-------|-------------|-------|-------|-------|-------|--------|-----------
POST     /api/book                                                                       6420     0(0.00%) |    607      91    5243    250 |    2.10        0.00
GET      /api/concerts                                                                   1305     0(0.00%) |     19       2    1296      3 |    0.30        0.00
GET      /health                                                                          644     0(0.00%) |     16       2    1128      3 |    0.00        0.00
--------|----------------------------------------------------------------------------|-------|-------------|-------|-------|-------|-------|--------|-----------
         Aggregated                                                                      8369     0(0.00%) |    470       2    5243    160 |    2.40        0.00

Type     Name                                                                          # reqs      # fails |    Avg     Min     Max    Med |   req/s  failures/s
--------|----------------------------------------------------------------------------|-------|-------------|-------|-------|-------|-------|--------|-----------
POST     /api/book                                                                       6422     0(0.00%) |    607      91    5243    250 |    1.80        0.00
GET      /api/concerts                                                                   1306     0(0.00%) |     19       2    1296      3 |    0.40        0.00
GET      /health                                                                          644     0(0.00%) |     16       2    1128      3 |    0.00        0.00
--------|----------------------------------------------------------------------------|-------|-------------|-------|-------|-------|-------|--------|-----------
         Aggregated                                                                      8372     0(0.00%) |    470       2    5243    160 |    2.20        0.00

Type     Name                                                                          # reqs      # fails |    Avg     Min     Max    Med |   req/s  failures/s
--------|----------------------------------------------------------------------------|-------|-------------|-------|-------|-------|-------|--------|-----------
POST     /api/book                                                                       6427     0(0.00%) |    607      91    5243    250 |    1.90        0.00
GET      /api/concerts                                                                   1306     0(0.00%) |     19       2    1296      3 |    0.60        0.00
GET      /health                                                                          644     0(0.00%) |     16       2    1128      3 |    0.00        0.00
--------|----------------------------------------------------------------------------|-------|-------------|-------|-------|-------|-------|--------|-----------
         Aggregated                                                                      8377     0(0.00%) |    470       2    5243    160 |    2.50        0.00

Type     Name                                                                          # reqs      # fails |    Avg     Min     Max    Med |   req/s  failures/s
--------|----------------------------------------------------------------------------|-------|-------------|-------|-------|-------|-------|--------|-----------
POST     /api/book                                                                       6430     0(0.00%) |    607      91    5243    250 |    2.00        0.00
GET      /api/concerts                                                                   1308     0(0.00%) |     19       2    1296      3 |    0.60        0.00
GET      /health                                                                          645     0(0.00%) |     16       2    1128      3 |    0.00        0.00
--------|----------------------------------------------------------------------------|-------|-------------|-------|-------|-------|-------|--------|-----------
         Aggregated                                                                      8383     0(0.00%) |    470       2    5243    160 |    2.60        0.00

Type     Name                                                                          # reqs      # fails |    Avg     Min     Max    Med |   req/s  failures/s
--------|----------------------------------------------------------------------------|-------|-------------|-------|-------|-------|-------|--------|-----------
POST     /api/book                                                                       6435     0(0.00%) |    606      91    5243    250 |    1.80        0.00
GET      /api/concerts                                                                   1308     0(0.00%) |     19       2    1296      3 |    0.50        0.00
GET      /health                                                                          646     0(0.00%) |     16       2    1128      3 |    0.10        0.00
--------|----------------------------------------------------------------------------|-------|-------------|-------|-------|-------|-------|--------|-----------
         Aggregated                                                                      8389     0(0.00%) |    469       2    5243    160 |    2.40        0.00

Type     Name                                                                          # reqs      # fails |    Avg     Min     Max    Med |   req/s  failures/s
--------|----------------------------------------------------------------------------|-------|-------------|-------|-------|-------|-------|--------|-----------
POST     /api/book                                                                       6439     0(0.00%) |    606      91    5243    250 |    1.70        0.00
GET      /api/concerts                                                                   1308     0(0.00%) |     19       2    1296      3 |    0.50        0.00
GET      /health                                                                          646     0(0.00%) |     16       2    1128      3 |    0.20        0.00
--------|----------------------------------------------------------------------------|-------|-------------|-------|-------|-------|-------|--------|-----------
         Aggregated                                                                      8393     0(0.00%) |    469       2    5243    160 |    2.40        0.00

Type     Name                                                                          # reqs      # fails |    Avg     Min     Max    Med |   req/s  failures/s
--------|----------------------------------------------------------------------------|-------|-------------|-------|-------|-------|-------|--------|-----------
POST     /api/book                                                                       6442     0(0.00%) |    606      91    5243    250 |    2.00        0.00
GET      /api/concerts                                                                   1309     0(0.00%) |     19       2    1296      3 |    0.30        0.00
GET      /health                                                                          646     0(0.00%) |     16       2    1128      3 |    0.20        0.00
--------|----------------------------------------------------------------------------|-------|-------------|-------|-------|-------|-------|--------|-----------
         Aggregated                                                                      8397     0(0.00%) |    469       2    5243    160 |    2.50        0.00

Type     Name                                                                          # reqs      # fails |    Avg     Min     Max    Med |   req/s  failures/s
--------|----------------------------------------------------------------------------|-------|-------------|-------|-------|-------|-------|--------|-----------
POST     /api/book                                                                       6444     0(0.00%) |    606      91    5243    250 |    1.80        0.00
GET      /api/concerts                                                                   1310     0(0.00%) |     19       2    1296      3 |    0.30        0.00
GET      /health                                                                          647     0(0.00%) |     16       2    1128      3 |    0.20        0.00
--------|----------------------------------------------------------------------------|-------|-------------|-------|-------|-------|-------|--------|-----------
         Aggregated                                                                      8401     0(0.00%) |    469       2    5243    160 |    2.30        0.00

Type     Name                                                                          # reqs      # fails |    Avg     Min     Max    Med |   req/s  failures/s
--------|----------------------------------------------------------------------------|-------|-------------|-------|-------|-------|-------|--------|-----------
POST     /api/book                                                                       6447     0(0.00%) |    605      91    5243    250 |    2.00        0.00
GET      /api/concerts                                                                   1310     0(0.00%) |     19       2    1296      3 |    0.30        0.00
GET      /health                                                                          647     0(0.00%) |     16       2    1128      3 |    0.20        0.00
--------|----------------------------------------------------------------------------|-------|-------------|-------|-------|-------|-------|--------|-----------
         Aggregated                                                                      8404     0(0.00%) |    469       2    5243    160 |    2.50        0.00

Type     Name                                                                          # reqs      # fails |    Avg     Min     Max    Med |   req/s  failures/s
--------|----------------------------------------------------------------------------|-------|-------------|-------|-------|-------|-------|--------|-----------
POST     /api/book                                                                       6453     0(0.00%) |    605      91    5243    240 |    1.90        0.00
GET      /api/concerts                                                                   1310     0(0.00%) |     19       2    1296      3 |    0.40        0.00
GET      /health                                                                          647     0(0.00%) |     16       2    1128      3 |    0.30        0.00
--------|----------------------------------------------------------------------------|-------|-------------|-------|-------|-------|-------|--------|-----------
         Aggregated                                                                      8410     0(0.00%) |    468       2    5243    160 |    2.60        0.00

Type     Name                                                                          # reqs      # fails |    Avg     Min     Max    Med |   req/s  failures/s
--------|----------------------------------------------------------------------------|-------|-------------|-------|-------|-------|-------|--------|-----------
POST     /api/book                                                                       6457     0(0.00%) |    605      91    5243    240 |    2.20        0.00
GET      /api/concerts                                                                   1312     0(0.00%) |     19       2    1296      3 |    0.20        0.00
GET      /health                                                                          648     0(0.00%) |     16       2    1128      3 |    0.10        0.00
--------|----------------------------------------------------------------------------|-------|-------------|-------|-------|-------|-------|--------|-----------
         Aggregated                                                                      8417     0(0.00%) |    468       2    5243    160 |    2.50        0.00

Type     Name                                                                          # reqs      # fails |    Avg     Min     Max    Med |   req/s  failures/s
--------|----------------------------------------------------------------------------|-------|-------------|-------|-------|-------|-------|--------|-----------
POST     /api/book                                                                       6460     0(0.00%) |    605      91    5243    240 |    1.70        0.00
GET      /api/concerts                                                                   1313     0(0.00%) |     19       2    1296      3 |    0.30        0.00
GET      /health                                                                          649     0(0.00%) |     16       2    1128      3 |    0.20        0.00
--------|----------------------------------------------------------------------------|-------|-------------|-------|-------|-------|-------|--------|-----------
         Aggregated                                                                      8422     0(0.00%) |    468       2    5243    160 |    2.20        0.00

Type     Name                                                                          # reqs      # fails |    Avg     Min     Max    Med |   req/s  failures/s
--------|----------------------------------------------------------------------------|-------|-------------|-------|-------|-------|-------|--------|-----------
POST     /api/book                                                                       6463     0(0.00%) |    604      91    5243    240 |    2.00        0.00
GET      /api/concerts                                                                   1314     0(0.00%) |     19       2    1296      3 |    0.30        0.00
GET      /health                                                                          649     0(0.00%) |     16       2    1128      3 |    0.30        0.00
--------|----------------------------------------------------------------------------|-------|-------------|-------|-------|-------|-------|--------|-----------
         Aggregated                                                                      8426     0(0.00%) |    468       2    5243    160 |    2.60        0.00

Type     Name                                                                          # reqs      # fails |    Avg     Min     Max    Med |   req/s  failures/s
--------|----------------------------------------------------------------------------|-------|-------------|-------|-------|-------|-------|--------|-----------
POST     /api/book                                                                       6467     0(0.00%) |    604      91    5243    240 |    1.80        0.00
GET      /api/concerts                                                                   1315     0(0.00%) |     19       2    1296      3 |    0.40        0.00
GET      /health                                                                          649     0(0.00%) |     16       2    1128      3 |    0.20        0.00
--------|----------------------------------------------------------------------------|-------|-------------|-------|-------|-------|-------|--------|-----------
         Aggregated                                                                      8431     0(0.00%) |    468       2    5243    160 |    2.40        0.00

Type     Name                                                                          # reqs      # fails |    Avg     Min     Max    Med |   req/s  failures/s
--------|----------------------------------------------------------------------------|-------|-------------|-------|-------|-------|-------|--------|-----------
POST     /api/book                                                                       6471     0(0.00%) |    604      91    5243    240 |    1.80        0.00
GET      /api/concerts                                                                   1315     0(0.00%) |     19       2    1296      3 |    0.40        0.00
GET      /health                                                                          649     0(0.00%) |     16       2    1128      3 |    0.20        0.00
--------|----------------------------------------------------------------------------|-------|-------------|-------|-------|-------|-------|--------|-----------
         Aggregated                                                                      8435     0(0.00%) |    467       2    5243    160 |    2.40        0.00

Type     Name                                                                          # reqs      # fails |    Avg     Min     Max    Med |   req/s  failures/s
--------|----------------------------------------------------------------------------|-------|-------------|-------|-------|-------|-------|--------|-----------
POST     /api/book                                                                       6474     0(0.00%) |    604      91    5243    240 |    1.70        0.00
GET      /api/concerts                                                                   1316     0(0.00%) |     19       2    1296      3 |    0.50        0.00
GET      /health                                                                          650     0(0.00%) |     16       2    1128      3 |    0.20        0.00
--------|----------------------------------------------------------------------------|-------|-------------|-------|-------|-------|-------|--------|-----------
         Aggregated                                                                      8440     0(0.00%) |    467       2    5243    160 |    2.40        0.00

Type     Name                                                                          # reqs      # fails |    Avg     Min     Max    Med |   req/s  failures/s
--------|----------------------------------------------------------------------------|-------|-------------|-------|-------|-------|-------|--------|-----------
POST     /api/book                                                                       6476     0(0.00%) |    603      91    5243    240 |    1.80        0.00
GET      /api/concerts                                                                   1316     0(0.00%) |     19       2    1296      3 |    0.50        0.00
GET      /health                                                                          652     0(0.00%) |     16       2    1128      3 |    0.20        0.00
--------|----------------------------------------------------------------------------|-------|-------------|-------|-------|-------|-------|--------|-----------
         Aggregated                                                                      8444     0(0.00%) |    467       2    5243    160 |    2.50        0.00

Type     Name                                                                          # reqs      # fails |    Avg     Min     Max    Med |   req/s  failures/s
--------|----------------------------------------------------------------------------|-------|-------------|-------|-------|-------|-------|--------|-----------
POST     /api/book                                                                       6480     0(0.00%) |    603      91    5243    240 |    1.60        0.00
GET      /api/concerts                                                                   1318     0(0.00%) |     19       2    1296      3 |    0.40        0.00
GET      /health                                                                          652     0(0.00%) |     16       2    1128      3 |    0.20        0.00
--------|----------------------------------------------------------------------------|-------|-------------|-------|-------|-------|-------|--------|-----------
         Aggregated                                                                      8450     0(0.00%) |    467       2    5243    160 |    2.20        0.00

Type     Name                                                                          # reqs      # fails |    Avg     Min     Max    Med |   req/s  failures/s
--------|----------------------------------------------------------------------------|-------|-------------|-------|-------|-------|-------|--------|-----------
POST     /api/book                                                                       6484     0(0.00%) |    603      91    5243    240 |    1.90        0.00
GET      /api/concerts                                                                   1318     0(0.00%) |     19       2    1296      3 |    0.20        0.00
GET      /health                                                                          652     0(0.00%) |     16       2    1128      3 |    0.30        0.00
--------|----------------------------------------------------------------------------|-------|-------------|-------|-------|-------|-------|--------|-----------
         Aggregated                                                                      8454     0(0.00%) |    467       2    5243    160 |    2.40        0.00

Type     Name                                                                          # reqs      # fails |    Avg     Min     Max    Med |   req/s  failures/s
--------|----------------------------------------------------------------------------|-------|-------------|-------|-------|-------|-------|--------|-----------
POST     /api/book                                                                       6488     0(0.00%) |    603      91    5243    240 |    1.90        0.00
GET      /api/concerts                                                                   1319     0(0.00%) |     19       2    1296      3 |    0.40        0.00
GET      /health                                                                          652     0(0.00%) |     16       2    1128      3 |    0.30        0.00
--------|----------------------------------------------------------------------------|-------|-------------|-------|-------|-------|-------|--------|-----------
         Aggregated                                                                      8459     0(0.00%) |    466       2    5243    160 |    2.60        0.00

Type     Name                                                                          # reqs      # fails |    Avg     Min     Max    Med |   req/s  failures/s
--------|----------------------------------------------------------------------------|-------|-------------|-------|-------|-------|-------|--------|-----------
POST     /api/book                                                                       6493     0(0.00%) |    602      91    5243    240 |    1.80        0.00
GET      /api/concerts                                                                   1320     0(0.00%) |     19       2    1296      3 |    0.40        0.00
GET      /health                                                                          652     0(0.00%) |     16       2    1128      3 |    0.30        0.00
--------|----------------------------------------------------------------------------|-------|-------------|-------|-------|-------|-------|--------|-----------
         Aggregated                                                                      8465     0(0.00%) |    466       2    5243    160 |    2.50        0.00

Type     Name                                                                          # reqs      # fails |    Avg     Min     Max    Med |   req/s  failures/s
--------|----------------------------------------------------------------------------|-------|-------------|-------|-------|-------|-------|--------|-----------
POST     /api/book                                                                       6496     0(0.00%) |    602      91    5243    240 |    1.80        0.00
GET      /api/concerts                                                                   1321     0(0.00%) |     19       2    1296      3 |    0.40        0.00
GET      /health                                                                          652     0(0.00%) |     16       2    1128      3 |    0.20        0.00
--------|----------------------------------------------------------------------------|-------|-------------|-------|-------|-------|-------|--------|-----------
         Aggregated                                                                      8469     0(0.00%) |    466       2    5243    160 |    2.40        0.00

Type     Name                                                                          # reqs      # fails |    Avg     Min     Max    Med |   req/s  failures/s
--------|----------------------------------------------------------------------------|-------|-------------|-------|-------|-------|-------|--------|-----------
POST     /api/book                                                                       6501     0(0.00%) |    602      91    5243    240 |    1.80        0.00
GET      /api/concerts                                                                   1321     0(0.00%) |     19       2    1296      3 |    0.40        0.00
GET      /health                                                                          652     0(0.00%) |     16       2    1128      3 |    0.10        0.00
--------|----------------------------------------------------------------------------|-------|-------------|-------|-------|-------|-------|--------|-----------
         Aggregated                                                                      8474     0(0.00%) |    466       2    5243    160 |    2.30        0.00

Type     Name                                                                          # reqs      # fails |    Avg     Min     Max    Med |   req/s  failures/s
--------|----------------------------------------------------------------------------|-------|-------------|-------|-------|-------|-------|--------|-----------
POST     /api/book                                                                       6507     0(0.00%) |    601      91    5243    240 |    2.00        0.00
GET      /api/concerts                                                                   1321     0(0.00%) |     19       2    1296      3 |    0.50        0.00
GET      /health                                                                          652     0(0.00%) |     16       2    1128      3 |    0.00        0.00
--------|----------------------------------------------------------------------------|-------|-------------|-------|-------|-------|-------|--------|-----------
         Aggregated                                                                      8480     0(0.00%) |    466       2    5243    160 |    2.50        0.00

Type     Name                                                                          # reqs      # fails |    Avg     Min     Max    Med |   req/s  failures/s
--------|----------------------------------------------------------------------------|-------|-------------|-------|-------|-------|-------|--------|-----------
POST     /api/book                                                                       6509     0(0.00%) |    601      91    5243    240 |    2.00        0.00
GET      /api/concerts                                                                   1321     0(0.00%) |     19       2    1296      3 |    0.30        0.00
GET      /health                                                                          652     0(0.00%) |     16       2    1128      3 |    0.00        0.00
--------|----------------------------------------------------------------------------|-------|-------------|-------|-------|-------|-------|--------|-----------
         Aggregated                                                                      8482     0(0.00%) |    466       2    5243    160 |    2.30        0.00

Type     Name                                                                          # reqs      # fails |    Avg     Min     Max    Med |   req/s  failures/s
--------|----------------------------------------------------------------------------|-------|-------------|-------|-------|-------|-------|--------|-----------
POST     /api/book                                                                       6514     0(0.00%) |    601      91    5243    240 |    2.10        0.00
GET      /api/concerts                                                                   1321     0(0.00%) |     19       2    1296      3 |    0.20        0.00
GET      /health                                                                          652     0(0.00%) |     16       2    1128      3 |    0.00        0.00
--------|----------------------------------------------------------------------------|-------|-------------|-------|-------|-------|-------|--------|-----------
         Aggregated                                                                      8487     0(0.00%) |    465       2    5243    160 |    2.30        0.00

Type     Name                                                                          # reqs      # fails |    Avg     Min     Max    Med |   req/s  failures/s
--------|----------------------------------------------------------------------------|-------|-------------|-------|-------|-------|-------|--------|-----------
POST     /api/book                                                                       6519     0(0.00%) |    601      91    5243    240 |    2.20        0.00
GET      /api/concerts                                                                   1321     0(0.00%) |     19       2    1296      3 |    0.10        0.00
GET      /health                                                                          652     0(0.00%) |     16       2    1128      3 |    0.00        0.00
--------|----------------------------------------------------------------------------|-------|-------------|-------|-------|-------|-------|--------|-----------
         Aggregated                                                                      8492     0(0.00%) |    465       2    5243    160 |    2.30        0.00

Type     Name                                                                          # reqs      # fails |    Avg     Min     Max    Med |   req/s  failures/s
--------|----------------------------------------------------------------------------|-------|-------------|-------|-------|-------|-------|--------|-----------
POST     /api/book                                                                       6522     0(0.00%) |    600      91    5243    240 |    2.40        0.00
GET      /api/concerts                                                                   1322     0(0.00%) |     19       2    1296      3 |    0.10        0.00
GET      /health                                                                          653     0(0.00%) |     16       2    1128      3 |    0.00        0.00
--------|----------------------------------------------------------------------------|-------|-------------|-------|-------|-------|-------|--------|-----------
         Aggregated                                                                      8497     0(0.00%) |    465       2    5243    160 |    2.50        0.00

Type     Name                                                                          # reqs      # fails |    Avg     Min     Max    Med |   req/s  failures/s
--------|----------------------------------------------------------------------------|-------|-------------|-------|-------|-------|-------|--------|-----------
POST     /api/book                                                                       6526     0(0.00%) |    600      91    5243    240 |    2.20        0.00
GET      /api/concerts                                                                   1322     0(0.00%) |     19       2    1296      3 |    0.00        0.00
GET      /health                                                                          653     0(0.00%) |     16       2    1128      3 |    0.10        0.00
--------|----------------------------------------------------------------------------|-------|-------------|-------|-------|-------|-------|--------|-----------
         Aggregated                                                                      8501     0(0.00%) |    465       2    5243    160 |    2.30        0.00

Type     Name                                                                          # reqs      # fails |    Avg     Min     Max    Med |   req/s  failures/s
--------|----------------------------------------------------------------------------|-------|-------------|-------|-------|-------|-------|--------|-----------
POST     /api/book                                                                       6528     0(0.00%) |    600      91    5243    240 |    1.80        0.00
GET      /api/concerts                                                                   1323     0(0.00%) |     19       2    1296      3 |    0.10        0.00
GET      /health                                                                          653     0(0.00%) |     16       2    1128      3 |    0.10        0.00
--------|----------------------------------------------------------------------------|-------|-------------|-------|-------|-------|-------|--------|-----------
         Aggregated                                                                      8504     0(0.00%) |    465       2    5243    160 |    2.00        0.00

Type     Name                                                                          # reqs      # fails |    Avg     Min     Max    Med |   req/s  failures/s
--------|----------------------------------------------------------------------------|-------|-------------|-------|-------|-------|-------|--------|-----------
POST     /api/book                                                                       6531     0(0.00%) |    600      91    5243    240 |    1.90        0.00
GET      /api/concerts                                                                   1324     0(0.00%) |     19       2    1296      3 |    0.10        0.00
GET      /health                                                                          653     0(0.00%) |     16       2    1128      3 |    0.10        0.00
--------|----------------------------------------------------------------------------|-------|-------------|-------|-------|-------|-------|--------|-----------
         Aggregated                                                                      8508     0(0.00%) |    465       2    5243    160 |    2.10        0.00

Type     Name                                                                          # reqs      # fails |    Avg     Min     Max    Med |   req/s  failures/s
--------|----------------------------------------------------------------------------|-------|-------------|-------|-------|-------|-------|--------|-----------
POST     /api/book                                                                       6535     0(0.00%) |    600      91    5243    240 |    1.80        0.00
GET      /api/concerts                                                                   1325     0(0.00%) |     19       2    1296      3 |    0.30        0.00
GET      /health                                                                          653     0(0.00%) |     16       2    1128      3 |    0.10        0.00
--------|----------------------------------------------------------------------------|-------|-------------|-------|-------|-------|-------|--------|-----------
         Aggregated                                                                      8513     0(0.00%) |    464       2    5243    160 |    2.20        0.00

Type     Name                                                                          # reqs      # fails |    Avg     Min     Max    Med |   req/s  failures/s
--------|----------------------------------------------------------------------------|-------|-------------|-------|-------|-------|-------|--------|-----------
POST     /api/book                                                                       6540     0(0.00%) |    599      91    5243    240 |    1.60        0.00
GET      /api/concerts                                                                   1325     0(0.00%) |     19       2    1296      3 |    0.40        0.00
GET      /health                                                                          653     0(0.00%) |     16       2    1128      3 |    0.10        0.00
--------|----------------------------------------------------------------------------|-------|-------------|-------|-------|-------|-------|--------|-----------
         Aggregated                                                                      8518     0(0.00%) |    464       2    5243    160 |    2.10        0.00

Type     Name                                                                          # reqs      # fails |    Avg     Min     Max    Med |   req/s  failures/s
--------|----------------------------------------------------------------------------|-------|-------------|-------|-------|-------|-------|--------|-----------
POST     /api/book                                                                       6543     0(0.00%) |    599      91    5243    240 |    1.60        0.00
GET      /api/concerts                                                                   1326     0(0.00%) |     19       2    1296      3 |    0.40        0.00
GET      /health                                                                          653     0(0.00%) |     16       2    1128      3 |    0.00        0.00
--------|----------------------------------------------------------------------------|-------|-------------|-------|-------|-------|-------|--------|-----------
         Aggregated                                                                      8522     0(0.00%) |    464       2    5243    160 |    2.00        0.00

Type     Name                                                                          # reqs      # fails |    Avg     Min     Max    Med |   req/s  failures/s
--------|----------------------------------------------------------------------------|-------|-------------|-------|-------|-------|-------|--------|-----------
POST     /api/book                                                                       6547     0(0.00%) |    599      91    5243    240 |    2.00        0.00
GET      /api/concerts                                                                   1326     0(0.00%) |     19       2    1296      3 |    0.40        0.00
GET      /health                                                                          654     0(0.00%) |     16       2    1128      3 |    0.00        0.00
--------|----------------------------------------------------------------------------|-------|-------------|-------|-------|-------|-------|--------|-----------
         Aggregated                                                                      8527     0(0.00%) |    464       2    5243    160 |    2.40        0.00

Type     Name                                                                          # reqs      # fails |    Avg     Min     Max    Med |   req/s  failures/s
--------|----------------------------------------------------------------------------|-------|-------------|-------|-------|-------|-------|--------|-----------
POST     /api/book                                                                       6549     0(0.00%) |    599      91    5243    240 |    1.90        0.00
GET      /api/concerts                                                                   1327     0(0.00%) |     19       2    1296      3 |    0.40        0.00
GET      /health                                                                          655     0(0.00%) |     16       2    1128      3 |    0.00        0.00
--------|----------------------------------------------------------------------------|-------|-------------|-------|-------|-------|-------|--------|-----------
         Aggregated                                                                      8531     0(0.00%) |    464       2    5243    160 |    2.30        0.00

Type     Name                                                                          # reqs      # fails |    Avg     Min     Max    Med |   req/s  failures/s
--------|----------------------------------------------------------------------------|-------|-------------|-------|-------|-------|-------|--------|-----------
POST     /api/book                                                                       6552     0(0.00%) |    598      91    5243    240 |    1.90        0.00
GET      /api/concerts                                                                   1327     0(0.00%) |     19       2    1296      3 |    0.40        0.00
GET      /health                                                                          655     0(0.00%) |     16       2    1128      3 |    0.10        0.00
--------|----------------------------------------------------------------------------|-------|-------------|-------|-------|-------|-------|--------|-----------
         Aggregated                                                                      8534     0(0.00%) |    464       2    5243    160 |    2.40        0.00

Type     Name                                                                          # reqs      # fails |    Avg     Min     Max    Med |   req/s  failures/s
--------|----------------------------------------------------------------------------|-------|-------------|-------|-------|-------|-------|--------|-----------
POST     /api/book                                                                       6556     0(0.00%) |    598      91    5243    240 |    1.80        0.00
GET      /api/concerts                                                                   1327     0(0.00%) |     19       2    1296      3 |    0.30        0.00
GET      /health                                                                          656     0(0.00%) |     16       2    1128      3 |    0.20        0.00
--------|----------------------------------------------------------------------------|-------|-------------|-------|-------|-------|-------|--------|-----------
         Aggregated                                                                      8539     0(0.00%) |    463       2    5243    160 |    2.30        0.00

Type     Name                                                                          # reqs      # fails |    Avg     Min     Max    Med |   req/s  failures/s
--------|----------------------------------------------------------------------------|-------|-------------|-------|-------|-------|-------|--------|-----------
POST     /api/book                                                                       6561     0(0.00%) |    598      91    5243    240 |    1.80        0.00
GET      /api/concerts                                                                   1329     0(0.00%) |     19       2    1296      3 |    0.20        0.00
GET      /health                                                                          656     0(0.00%) |     16       2    1128      3 |    0.30        0.00
--------|----------------------------------------------------------------------------|-------|-------------|-------|-------|-------|-------|--------|-----------
         Aggregated                                                                      8546     0(0.00%) |    463       2    5243    160 |    2.30        0.00

Type     Name                                                                          # reqs      # fails |    Avg     Min     Max    Med |   req/s  failures/s
--------|----------------------------------------------------------------------------|-------|-------------|-------|-------|-------|-------|--------|-----------
POST     /api/book                                                                       6564     0(0.00%) |    598      91    5243    240 |    1.60        0.00
GET      /api/concerts                                                                   1329     0(0.00%) |     19       2    1296      3 |    0.30        0.00
GET      /health                                                                          657     0(0.00%) |     16       2    1128      3 |    0.30        0.00
--------|----------------------------------------------------------------------------|-------|-------------|-------|-------|-------|-------|--------|-----------
         Aggregated                                                                      8550     0(0.00%) |    463       2    5243    160 |    2.20        0.00

Type     Name                                                                          # reqs      # fails |    Avg     Min     Max    Med |   req/s  failures/s
--------|----------------------------------------------------------------------------|-------|-------------|-------|-------|-------|-------|--------|-----------
POST     /api/book                                                                       6568     0(0.00%) |    597      91    5243    240 |    1.60        0.00
GET      /api/concerts                                                                   1330     0(0.00%) |     19       2    1296      3 |    0.30        0.00
GET      /health                                                                          657     0(0.00%) |     16       2    1128      3 |    0.40        0.00
--------|----------------------------------------------------------------------------|-------|-------------|-------|-------|-------|-------|--------|-----------
         Aggregated                                                                      8555     0(0.00%) |    463       2    5243    160 |    2.30        0.00

Type     Name                                                                          # reqs      # fails |    Avg     Min     Max    Med |   req/s  failures/s
--------|----------------------------------------------------------------------------|-------|-------------|-------|-------|-------|-------|--------|-----------
POST     /api/book                                                                       6571     0(0.00%) |    597      91    5243    240 |    1.80        0.00
GET      /api/concerts                                                                   1331     0(0.00%) |     19       2    1296      3 |    0.30        0.00
GET      /health                                                                          658     0(0.00%) |     16       2    1128      3 |    0.20        0.00
--------|----------------------------------------------------------------------------|-------|-------------|-------|-------|-------|-------|--------|-----------
         Aggregated                                                                      8560     0(0.00%) |    463       2    5243    160 |    2.30        0.00

Type     Name                                                                          # reqs      # fails |    Avg     Min     Max    Med |   req/s  failures/s
--------|----------------------------------------------------------------------------|-------|-------------|-------|-------|-------|-------|--------|-----------
POST     /api/book                                                                       6575     0(0.00%) |    597      91    5243    240 |    1.70        0.00
GET      /api/concerts                                                                   1331     0(0.00%) |     19       2    1296      3 |    0.30        0.00
GET      /health                                                                          658     0(0.00%) |     16       2    1128      3 |    0.30        0.00
--------|----------------------------------------------------------------------------|-------|-------------|-------|-------|-------|-------|--------|-----------
         Aggregated                                                                      8564     0(0.00%) |    462       2    5243    160 |    2.30        0.00

Type     Name                                                                          # reqs      # fails |    Avg     Min     Max    Med |   req/s  failures/s
--------|----------------------------------------------------------------------------|-------|-------------|-------|-------|-------|-------|--------|-----------
POST     /api/book                                                                       6581     0(0.00%) |    596      91    5243    240 |    1.70        0.00
GET      /api/concerts                                                                   1331     0(0.00%) |     19       2    1296      3 |    0.40        0.00
GET      /health                                                                          659     0(0.00%) |     16       2    1128      3 |    0.20        0.00
--------|----------------------------------------------------------------------------|-------|-------------|-------|-------|-------|-------|--------|-----------
         Aggregated                                                                      8571     0(0.00%) |    462       2    5243    160 |    2.30        0.00

Type     Name                                                                          # reqs      # fails |    Avg     Min     Max    Med |   req/s  failures/s
--------|----------------------------------------------------------------------------|-------|-------------|-------|-------|-------|-------|--------|-----------
POST     /api/book                                                                       6584     0(0.00%) |    596      91    5243    240 |    1.90        0.00
GET      /api/concerts                                                                   1332     0(0.00%) |     19       2    1296      3 |    0.20        0.00
GET      /health                                                                          659     0(0.00%) |     16       2    1128      3 |    0.30        0.00
--------|----------------------------------------------------------------------------|-------|-------------|-------|-------|-------|-------|--------|-----------
         Aggregated                                                                      8575     0(0.00%) |    462       2    5243    160 |    2.40        0.00

Type     Name                                                                          # reqs      # fails |    Avg     Min     Max    Med |   req/s  failures/s
--------|----------------------------------------------------------------------------|-------|-------------|-------|-------|-------|-------|--------|-----------
POST     /api/book                                                                       6586     0(0.00%) |    596      91    5243    240 |    2.10        0.00
GET      /api/concerts                                                                   1334     0(0.00%) |     19       2    1296      3 |    0.20        0.00
GET      /health                                                                          659     0(0.00%) |     16       2    1128      3 |    0.20        0.00
--------|----------------------------------------------------------------------------|-------|-------------|-------|-------|-------|-------|--------|-----------
         Aggregated                                                                      8579     0(0.00%) |    462       2    5243    160 |    2.50        0.00

Type     Name                                                                          # reqs      # fails |    Avg     Min     Max    Med |   req/s  failures/s
--------|----------------------------------------------------------------------------|-------|-------------|-------|-------|-------|-------|--------|-----------
POST     /api/book                                                                       6589     0(0.00%) |    596      91    5243    240 |    1.90        0.00
GET      /api/concerts                                                                   1336     0(0.00%) |     19       2    1296      3 |    0.40        0.00
GET      /health                                                                          660     0(0.00%) |     16       2    1128      3 |    0.20        0.00
--------|----------------------------------------------------------------------------|-------|-------------|-------|-------|-------|-------|--------|-----------
         Aggregated                                                                      8585     0(0.00%) |    461       2    5243    160 |    2.50        0.00

Type     Name                                                                          # reqs      # fails |    Avg     Min     Max    Med |   req/s  failures/s
--------|----------------------------------------------------------------------------|-------|-------------|-------|-------|-------|-------|--------|-----------
POST     /api/book                                                                       6590     0(0.00%) |    596      91    5243    240 |    1.80        0.00
GET      /api/concerts                                                                   1338     0(0.00%) |     19       2    1296      3 |    0.50        0.00
GET      /health                                                                          661     0(0.00%) |     16       2    1128      3 |    0.20        0.00
--------|----------------------------------------------------------------------------|-------|-------------|-------|-------|-------|-------|--------|-----------
         Aggregated                                                                      8589     0(0.00%) |    461       2    5243    160 |    2.50        0.00

Type     Name                                                                          # reqs      # fails |    Avg     Min     Max    Med |   req/s  failures/s
--------|----------------------------------------------------------------------------|-------|-------------|-------|-------|-------|-------|--------|-----------
POST     /api/book                                                                       6596     0(0.00%) |    595      91    5243    240 |    1.70        0.00
GET      /api/concerts                                                                   1338     0(0.00%) |     19       2    1296      3 |    0.60        0.00
GET      /health                                                                          661     0(0.00%) |     16       2    1128      3 |    0.30        0.00
--------|----------------------------------------------------------------------------|-------|-------------|-------|-------|-------|-------|--------|-----------
         Aggregated                                                                      8595     0(0.00%) |    461       2    5243    160 |    2.60        0.00

Type     Name                                                                          # reqs      # fails |    Avg     Min     Max    Med |   req/s  failures/s
--------|----------------------------------------------------------------------------|-------|-------------|-------|-------|-------|-------|--------|-----------
POST     /api/book                                                                       6599     0(0.00%) |    595      91    5243    240 |    1.50        0.00
GET      /api/concerts                                                                   1339     0(0.00%) |     19       2    1296      3 |    0.70        0.00
GET      /health                                                                          662     0(0.00%) |     16       2    1128      3 |    0.20        0.00
--------|----------------------------------------------------------------------------|-------|-------------|-------|-------|-------|-------|--------|-----------
         Aggregated                                                                      8600     0(0.00%) |    461       2    5243    160 |    2.40        0.00

Type     Name                                                                          # reqs      # fails |    Avg     Min     Max    Med |   req/s  failures/s
--------|----------------------------------------------------------------------------|-------|-------------|-------|-------|-------|-------|--------|-----------
POST     /api/book                                                                       6600     0(0.00%) |    595      91    5243    240 |    1.40        0.00
GET      /api/concerts                                                                   1340     0(0.00%) |     19       2    1296      3 |    0.80        0.00
GET      /health                                                                          662     0(0.00%) |     16       2    1128      3 |    0.20        0.00
--------|----------------------------------------------------------------------------|-------|-------------|-------|-------|-------|-------|--------|-----------
         Aggregated                                                                      8602     0(0.00%) |    461       2    5243    160 |    2.40        0.00

Type     Name                                                                          # reqs      # fails |    Avg     Min     Max    Med |   req/s  failures/s
--------|----------------------------------------------------------------------------|-------|-------------|-------|-------|-------|-------|--------|-----------
POST     /api/book                                                                       6602     0(0.00%) |    595      91    5243    240 |    1.50        0.00
GET      /api/concerts                                                                   1341     0(0.00%) |     19       2    1296      3 |    0.70        0.00
GET      /health                                                                          662     0(0.00%) |     16       2    1128      3 |    0.30        0.00
--------|----------------------------------------------------------------------------|-------|-------------|-------|-------|-------|-------|--------|-----------
         Aggregated                                                                      8605     0(0.00%) |    461       2    5243    160 |    2.50        0.00

Type     Name                                                                          # reqs      # fails |    Avg     Min     Max    Med |   req/s  failures/s
--------|----------------------------------------------------------------------------|-------|-------------|-------|-------|-------|-------|--------|-----------
POST     /api/book                                                                       6607     0(0.00%) |    595      91    5243    240 |    1.40        0.00
GET      /api/concerts                                                                   1341     0(0.00%) |     19       2    1296      3 |    0.60        0.00
GET      /health                                                                          662     0(0.00%) |     16       2    1128      3 |    0.30        0.00
--------|----------------------------------------------------------------------------|-------|-------------|-------|-------|-------|-------|--------|-----------
         Aggregated                                                                      8610     0(0.00%) |    460       2    5243    160 |    2.30        0.00

Type     Name                                                                          # reqs      # fails |    Avg     Min     Max    Med |   req/s  failures/s
--------|----------------------------------------------------------------------------|-------|-------------|-------|-------|-------|-------|--------|-----------
POST     /api/book                                                                       6610     0(0.00%) |    594      91    5243    230 |    1.70        0.00
GET      /api/concerts                                                                   1342     0(0.00%) |     19       2    1296      3 |    0.40        0.00
GET      /health                                                                          663     0(0.00%) |     16       2    1128      3 |    0.10        0.00
--------|----------------------------------------------------------------------------|-------|-------------|-------|-------|-------|-------|--------|-----------
         Aggregated                                                                      8615     0(0.00%) |    460       2    5243    160 |    2.20        0.00

Type     Name                                                                          # reqs      # fails |    Avg     Min     Max    Med |   req/s  failures/s
--------|----------------------------------------------------------------------------|-------|-------------|-------|-------|-------|-------|--------|-----------
POST     /api/book                                                                       6612     0(0.00%) |    594      91    5243    230 |    1.80        0.00
GET      /api/concerts                                                                   1343     0(0.00%) |     19       2    1296      3 |    0.40        0.00
GET      /health                                                                          664     0(0.00%) |     16       2    1128      3 |    0.10        0.00
--------|----------------------------------------------------------------------------|-------|-------------|-------|-------|-------|-------|--------|-----------
         Aggregated                                                                      8619     0(0.00%) |    460       2    5243    160 |    2.30        0.00

Type     Name                                                                          # reqs      # fails |    Avg     Min     Max    Med |   req/s  failures/s
--------|----------------------------------------------------------------------------|-------|-------------|-------|-------|-------|-------|--------|-----------
POST     /api/book                                                                       6615     0(0.00%) |    594      91    5243    230 |    1.40        0.00
GET      /api/concerts                                                                   1343     0(0.00%) |     19       2    1296      3 |    0.30        0.00
GET      /health                                                                          664     0(0.00%) |     16       2    1128      3 |    0.30        0.00
--------|----------------------------------------------------------------------------|-------|-------------|-------|-------|-------|-------|--------|-----------
         Aggregated                                                                      8622     0(0.00%) |    460       2    5243    160 |    2.00        0.00

Type     Name                                                                          # reqs      # fails |    Avg     Min     Max    Med |   req/s  failures/s
--------|----------------------------------------------------------------------------|-------|-------------|-------|-------|-------|-------|--------|-----------
POST     /api/book                                                                       6619     0(0.00%) |    594      91    5243    230 |    1.40        0.00
GET      /api/concerts                                                                   1344     0(0.00%) |     19       2    1296      3 |    0.40        0.00
GET      /health                                                                          665     0(0.00%) |     16       2    1128      3 |    0.20        0.00
--------|----------------------------------------------------------------------------|-------|-------------|-------|-------|-------|-------|--------|-----------
         Aggregated                                                                      8628     0(0.00%) |    460       2    5243    160 |    2.00        0.00

Type     Name                                                                          # reqs      # fails |    Avg     Min     Max    Med |   req/s  failures/s
--------|----------------------------------------------------------------------------|-------|-------------|-------|-------|-------|-------|--------|-----------
POST     /api/book                                                                       6620     0(0.00%) |    594      91    5243    230 |    1.60        0.00
GET      /api/concerts                                                                   1345     0(0.00%) |     19       2    1296      3 |    0.20        0.00
GET      /health                                                                          667     0(0.00%) |     16       2    1128      3 |    0.30        0.00
--------|----------------------------------------------------------------------------|-------|-------------|-------|-------|-------|-------|--------|-----------
         Aggregated                                                                      8632     0(0.00%) |    460       2    5243    160 |    2.10        0.00

Type     Name                                                                          # reqs      # fails |    Avg     Min     Max    Med |   req/s  failures/s
--------|----------------------------------------------------------------------------|-------|-------------|-------|-------|-------|-------|--------|-----------
POST     /api/book                                                                       6625     0(0.00%) |    593      91    5243    230 |    1.30        0.00
GET      /api/concerts                                                                   1345     0(0.00%) |     19       2    1296      3 |    0.40        0.00
GET      /health                                                                          668     0(0.00%) |     16       2    1128      3 |    0.30        0.00
--------|----------------------------------------------------------------------------|-------|-------------|-------|-------|-------|-------|--------|-----------
         Aggregated                                                                      8638     0(0.00%) |    459       2    5243    160 |    2.00        0.00

Type     Name                                                                          # reqs      # fails |    Avg     Min     Max    Med |   req/s  failures/s
--------|----------------------------------------------------------------------------|-------|-------------|-------|-------|-------|-------|--------|-----------
POST     /api/book                                                                       6629     0(0.00%) |    593      91    5243    230 |    1.20        0.00
GET      /api/concerts                                                                   1346     0(0.00%) |     19       2    1296      3 |    0.30        0.00
GET      /health                                                                          669     0(0.00%) |     16       2    1128      3 |    0.60        0.00
--------|----------------------------------------------------------------------------|-------|-------------|-------|-------|-------|-------|--------|-----------
         Aggregated                                                                      8644     0(0.00%) |    459       2    5243    160 |    2.10        0.00

Type     Name                                                                          # reqs      # fails |    Avg     Min     Max    Med |   req/s  failures/s
--------|----------------------------------------------------------------------------|-------|-------------|-------|-------|-------|-------|--------|-----------
POST     /api/book                                                                       6632     0(0.00%) |    593      91    5243    230 |    1.70        0.00
GET      /api/concerts                                                                   1347     0(0.00%) |     19       2    1296      3 |    0.40        0.00
GET      /health                                                                          670     0(0.00%) |     16       2    1128      3 |    0.40        0.00
--------|----------------------------------------------------------------------------|-------|-------------|-------|-------|-------|-------|--------|-----------
         Aggregated                                                                      8649     0(0.00%) |    459       2    5243    160 |    2.50        0.00

Type     Name                                                                          # reqs      # fails |    Avg     Min     Max    Med |   req/s  failures/s
--------|----------------------------------------------------------------------------|-------|-------------|-------|-------|-------|-------|--------|-----------
POST     /api/book                                                                       6634     0(0.00%) |    593      91    5243    230 |    1.70        0.00
GET      /api/concerts                                                                   1349     0(0.00%) |     19       2    1296      3 |    0.40        0.00
GET      /health                                                                          670     0(0.00%) |     16       2    1128      3 |    0.50        0.00
--------|----------------------------------------------------------------------------|-------|-------------|-------|-------|-------|-------|--------|-----------
         Aggregated                                                                      8653     0(0.00%) |    459       2    5243    160 |    2.60        0.00

Type     Name                                                                          # reqs      # fails |    Avg     Min     Max    Med |   req/s  failures/s
--------|----------------------------------------------------------------------------|-------|-------------|-------|-------|-------|-------|--------|-----------
POST     /api/book                                                                       6638     0(0.00%) |    593      91    5243    230 |    1.50        0.00
GET      /api/concerts                                                                   1349     0(0.00%) |     19       2    1296      3 |    0.50        0.00
GET      /health                                                                          670     0(0.00%) |     16       2    1128      3 |    0.50        0.00
--------|----------------------------------------------------------------------------|-------|-------------|-------|-------|-------|-------|--------|-----------
         Aggregated                                                                      8657     0(0.00%) |    459       2    5243    160 |    2.50        0.00

Type     Name                                                                          # reqs      # fails |    Avg     Min     Max    Med |   req/s  failures/s
--------|----------------------------------------------------------------------------|-------|-------------|-------|-------|-------|-------|--------|-----------
POST     /api/book                                                                       6642     0(0.00%) |    592      91    5243    230 |    1.70        0.00
GET      /api/concerts                                                                   1350     0(0.00%) |     19       2    1296      3 |    0.40        0.00
GET      /health                                                                          671     0(0.00%) |     16       2    1128      3 |    0.50        0.00
--------|----------------------------------------------------------------------------|-------|-------------|-------|-------|-------|-------|--------|-----------
         Aggregated                                                                      8663     0(0.00%) |    458       2    5243    160 |    2.60        0.00

Type     Name                                                                          # reqs      # fails |    Avg     Min     Max    Med |   req/s  failures/s
--------|----------------------------------------------------------------------------|-------|-------------|-------|-------|-------|-------|--------|-----------
POST     /api/book                                                                       6647     0(0.00%) |    592      91    5243    230 |    1.90        0.00
GET      /api/concerts                                                                   1351     0(0.00%) |     19       2    1296      3 |    0.40        0.00
GET      /health                                                                          671     0(0.00%) |     16       2    1128      3 |    0.30        0.00
--------|----------------------------------------------------------------------------|-------|-------------|-------|-------|-------|-------|--------|-----------
         Aggregated                                                                      8669     0(0.00%) |    458       2    5243    160 |    2.60        0.00

Type     Name                                                                          # reqs      # fails |    Avg     Min     Max    Med |   req/s  failures/s
--------|----------------------------------------------------------------------------|-------|-------------|-------|-------|-------|-------|--------|-----------
POST     /api/book                                                                       6649     0(0.00%) |    592      91    5243    230 |    1.80        0.00
GET      /api/concerts                                                                   1352     0(0.00%) |     19       2    1296      3 |    0.40        0.00
GET      /health                                                                          672     0(0.00%) |     16       2    1128      3 |    0.30        0.00
--------|----------------------------------------------------------------------------|-------|-------------|-------|-------|-------|-------|--------|-----------
         Aggregated                                                                      8673     0(0.00%) |    458       2    5243    160 |    2.50        0.00

Type     Name                                                                          # reqs      # fails |    Avg     Min     Max    Med |   req/s  failures/s
--------|----------------------------------------------------------------------------|-------|-------------|-------|-------|-------|-------|--------|-----------
POST     /api/book                                                                       6653     0(0.00%) |    592      91    5243    230 |    1.90        0.00
GET      /api/concerts                                                                   1352     0(0.00%) |     19       2    1296      3 |    0.40        0.00
GET      /health                                                                          672     0(0.00%) |     16       2    1128      3 |    0.20        0.00
--------|----------------------------------------------------------------------------|-------|-------------|-------|-------|-------|-------|--------|-----------
         Aggregated                                                                      8677     0(0.00%) |    458       2    5243    160 |    2.50        0.00

Type     Name                                                                          # reqs      # fails |    Avg     Min     Max    Med |   req/s  failures/s
--------|----------------------------------------------------------------------------|-------|-------------|-------|-------|-------|-------|--------|-----------
POST     /api/book                                                                       6658     0(0.00%) |    591      91    5243    230 |    2.00        0.00
GET      /api/concerts                                                                   1353     0(0.00%) |     19       2    1296      3 |    0.40        0.00
GET      /health                                                                          672     0(0.00%) |     16       2    1128      3 |    0.20        0.00
--------|----------------------------------------------------------------------------|-------|-------------|-------|-------|-------|-------|--------|-----------
         Aggregated                                                                      8683     0(0.00%) |    458       2    5243    160 |    2.60        0.00

Type     Name                                                                          # reqs      # fails |    Avg     Min     Max    Med |   req/s  failures/s
--------|----------------------------------------------------------------------------|-------|-------------|-------|-------|-------|-------|--------|-----------
POST     /api/book                                                                       6662     0(0.00%) |    591      91    5243    230 |    1.80        0.00
GET      /api/concerts                                                                   1353     0(0.00%) |     19       2    1296      3 |    0.40        0.00
GET      /health                                                                          672     0(0.00%) |     16       2    1128      3 |    0.20        0.00
--------|----------------------------------------------------------------------------|-------|-------------|-------|-------|-------|-------|--------|-----------
         Aggregated                                                                      8687     0(0.00%) |    457       2    5243    160 |    2.40        0.00

Type     Name                                                                          # reqs      # fails |    Avg     Min     Max    Med |   req/s  failures/s
--------|----------------------------------------------------------------------------|-------|-------------|-------|-------|-------|-------|--------|-----------
POST     /api/book                                                                       6666     0(0.00%) |    591      91    5243    230 |    1.90        0.00
GET      /api/concerts                                                                   1353     0(0.00%) |     19       2    1296      3 |    0.40        0.00
GET      /health                                                                          672     0(0.00%) |     16       2    1128      3 |    0.10        0.00
--------|----------------------------------------------------------------------------|-------|-------------|-------|-------|-------|-------|--------|-----------
         Aggregated                                                                      8691     0(0.00%) |    457       2    5243    160 |    2.40        0.00

Type     Name                                                                          # reqs      # fails |    Avg     Min     Max    Med |   req/s  failures/s
--------|----------------------------------------------------------------------------|-------|-------------|-------|-------|-------|-------|--------|-----------
POST     /api/book                                                                       6670     0(0.00%) |    591      91    5243    230 |    1.90        0.00
GET      /api/concerts                                                                   1354     0(0.00%) |     19       2    1296      3 |    0.30        0.00
GET      /health                                                                          672     0(0.00%) |     16       2    1128      3 |    0.10        0.00
--------|----------------------------------------------------------------------------|-------|-------------|-------|-------|-------|-------|--------|-----------
         Aggregated                                                                      8696     0(0.00%) |    457       2    5243    160 |    2.30        0.00

Type     Name                                                                          # reqs      # fails |    Avg     Min     Max    Med |   req/s  failures/s
--------|----------------------------------------------------------------------------|-------|-------------|-------|-------|-------|-------|--------|-----------
POST     /api/book                                                                       6673     0(0.00%) |    590      91    5243    230 |    2.00        0.00
GET      /api/concerts                                                                   1355     0(0.00%) |     19       2    1296      3 |    0.20        0.00
GET      /health                                                                          672     0(0.00%) |     16       2    1128      3 |    0.10        0.00
--------|----------------------------------------------------------------------------|-------|-------------|-------|-------|-------|-------|--------|-----------
         Aggregated                                                                      8700     0(0.00%) |    457       2    5243    160 |    2.30        0.00

Type     Name                                                                          # reqs      # fails |    Avg     Min     Max    Med |   req/s  failures/s
--------|----------------------------------------------------------------------------|-------|-------------|-------|-------|-------|-------|--------|-----------
POST     /api/book                                                                       6676     0(0.00%) |    590      91    5243    230 |    1.80        0.00
GET      /api/concerts                                                                   1356     0(0.00%) |     19       2    1296      3 |    0.30        0.00
GET      /health                                                                          673     0(0.00%) |     16       2    1128      3 |    0.00        0.00
--------|----------------------------------------------------------------------------|-------|-------------|-------|-------|-------|-------|--------|-----------
         Aggregated                                                                      8705     0(0.00%) |    457       2    5243    160 |    2.10        0.00

Type     Name                                                                          # reqs      # fails |    Avg     Min     Max    Med |   req/s  failures/s
--------|----------------------------------------------------------------------------|-------|-------------|-------|-------|-------|-------|--------|-----------
POST     /api/book                                                                       6678     0(0.00%) |    590      91    5243    230 |    1.80        0.00
GET      /api/concerts                                                                   1358     0(0.00%) |     19       2    1296      3 |    0.30        0.00
GET      /health                                                                          673     0(0.00%) |     16       2    1128      3 |    0.10        0.00
--------|----------------------------------------------------------------------------|-------|-------------|-------|-------|-------|-------|--------|-----------
         Aggregated                                                                      8709     0(0.00%) |    456       2    5243    160 |    2.20        0.00

Type     Name                                                                          # reqs      # fails |    Avg     Min     Max    Med |   req/s  failures/s
--------|----------------------------------------------------------------------------|-------|-------------|-------|-------|-------|-------|--------|-----------
POST     /api/book                                                                       6682     0(0.00%) |    590      91    5243    230 |    1.80        0.00
GET      /api/concerts                                                                   1359     0(0.00%) |     19       2    1296      3 |    0.30        0.00
GET      /health                                                                          673     0(0.00%) |     16       2    1128      3 |    0.10        0.00
--------|----------------------------------------------------------------------------|-------|-------------|-------|-------|-------|-------|--------|-----------
         Aggregated                                                                      8714     0(0.00%) |    456       2    5243    160 |    2.20        0.00

Type     Name                                                                          # reqs      # fails |    Avg     Min     Max    Med |   req/s  failures/s
--------|----------------------------------------------------------------------------|-------|-------------|-------|-------|-------|-------|--------|-----------
POST     /api/book                                                                       6686     0(0.00%) |    589      91    5243    230 |    1.60        0.00
GET      /api/concerts                                                                   1359     0(0.00%) |     19       2    1296      3 |    0.50        0.00
GET      /health                                                                          674     0(0.00%) |     16       2    1128      3 |    0.10        0.00
--------|----------------------------------------------------------------------------|-------|-------------|-------|-------|-------|-------|--------|-----------
         Aggregated                                                                      8719     0(0.00%) |    456       2    5243    160 |    2.20        0.00

Type     Name                                                                          # reqs      # fails |    Avg     Min     Max    Med |   req/s  failures/s
--------|----------------------------------------------------------------------------|-------|-------------|-------|-------|-------|-------|--------|-----------
POST     /api/book                                                                       6690     0(0.00%) |    589      91    5243    230 |    1.50        0.00
GET      /api/concerts                                                                   1359     0(0.00%) |     19       2    1296      3 |    0.50        0.00
GET      /health                                                                          675     0(0.00%) |     16       2    1128      3 |    0.20        0.00
--------|----------------------------------------------------------------------------|-------|-------------|-------|-------|-------|-------|--------|-----------
         Aggregated                                                                      8724     0(0.00%) |    456       2    5243    160 |    2.20        0.00

Type     Name                                                                          # reqs      # fails |    Avg     Min     Max    Med |   req/s  failures/s
--------|----------------------------------------------------------------------------|-------|-------------|-------|-------|-------|-------|--------|-----------
POST     /api/book                                                                       6695     0(0.00%) |    589      91    5243    230 |    1.70        0.00
GET      /api/concerts                                                                   1359     0(0.00%) |     19       2    1296      3 |    0.40        0.00
GET      /health                                                                          675     0(0.00%) |     16       2    1128      3 |    0.20        0.00
--------|----------------------------------------------------------------------------|-------|-------------|-------|-------|-------|-------|--------|-----------
         Aggregated                                                                      8729     0(0.00%) |    456       2    5243    160 |    2.30        0.00

Type     Name                                                                          # reqs      # fails |    Avg     Min     Max    Med |   req/s  failures/s
--------|----------------------------------------------------------------------------|-------|-------------|-------|-------|-------|-------|--------|-----------
POST     /api/book                                                                       6698     0(0.00%) |    589      91    5243    230 |    2.10        0.00
GET      /api/concerts                                                                   1360     0(0.00%) |     19       2    1296      3 |    0.30        0.00
GET      /health                                                                          675     0(0.00%) |     16       2    1128      3 |    0.20        0.00
--------|----------------------------------------------------------------------------|-------|-------------|-------|-------|-------|-------|--------|-----------
         Aggregated                                                                      8733     0(0.00%) |    456       2    5243    160 |    2.60        0.00

Type     Name                                                                          # reqs      # fails |    Avg     Min     Max    Med |   req/s  failures/s
--------|----------------------------------------------------------------------------|-------|-------------|-------|-------|-------|-------|--------|-----------
POST     /api/book                                                                       6701     0(0.00%) |    589      91    5243    230 |    1.70        0.00
GET      /api/concerts                                                                   1361     0(0.00%) |     18       2    1296      3 |    0.40        0.00
GET      /health                                                                          675     0(0.00%) |     16       2    1128      3 |    0.20        0.00
--------|----------------------------------------------------------------------------|-------|-------------|-------|-------|-------|-------|--------|-----------
         Aggregated                                                                      8737     0(0.00%) |    455       2    5243    160 |    2.30        0.00

Type     Name                                                                          # reqs      # fails |    Avg     Min     Max    Med |   req/s  failures/s
--------|----------------------------------------------------------------------------|-------|-------------|-------|-------|-------|-------|--------|-----------
POST     /api/book                                                                       6705     0(0.00%) |    588      91    5243    230 |    1.90        0.00
GET      /api/concerts                                                                   1361     0(0.00%) |     18       2    1296      3 |    0.20        0.00
GET      /health                                                                          675     0(0.00%) |     16       2    1128      3 |    0.20        0.00
--------|----------------------------------------------------------------------------|-------|-------------|-------|-------|-------|-------|--------|-----------
         Aggregated                                                                      8741     0(0.00%) |    455       2    5243    160 |    2.30        0.00

Type     Name                                                                          # reqs      # fails |    Avg     Min     Max    Med |   req/s  failures/s
--------|----------------------------------------------------------------------------|-------|-------------|-------|-------|-------|-------|--------|-----------
POST     /api/book                                                                       6709     0(0.00%) |    588      91    5243    230 |    2.00        0.00
GET      /api/concerts                                                                   1363     0(0.00%) |     18       2    1296      3 |    0.20        0.00
GET      /health                                                                          675     0(0.00%) |     16       2    1128      3 |    0.10        0.00
--------|----------------------------------------------------------------------------|-------|-------------|-------|-------|-------|-------|--------|-----------
         Aggregated                                                                      8747     0(0.00%) |    455       2    5243    160 |    2.30        0.00

Type     Name                                                                          # reqs      # fails |    Avg     Min     Max    Med |   req/s  failures/s
--------|----------------------------------------------------------------------------|-------|-------------|-------|-------|-------|-------|--------|-----------
POST     /api/book                                                                       6712     0(0.00%) |    588      91    5243    230 |    2.00        0.00
GET      /api/concerts                                                                   1363     0(0.00%) |     18       2    1296      3 |    0.20        0.00
GET      /health                                                                          675     0(0.00%) |     16       2    1128      3 |    0.10        0.00
--------|----------------------------------------------------------------------------|-------|-------------|-------|-------|-------|-------|--------|-----------
         Aggregated                                                                      8750     0(0.00%) |    455       2    5243    160 |    2.30        0.00

Type     Name                                                                          # reqs      # fails |    Avg     Min     Max    Med |   req/s  failures/s
--------|----------------------------------------------------------------------------|-------|-------------|-------|-------|-------|-------|--------|-----------
POST     /api/book                                                                       6717     0(0.00%) |    587      91    5243    230 |    1.70        0.00
GET      /api/concerts                                                                   1364     0(0.00%) |     18       2    1296      3 |    0.40        0.00
GET      /health                                                                          675     0(0.00%) |     16       2    1128      3 |    0.00        0.00
--------|----------------------------------------------------------------------------|-------|-------------|-------|-------|-------|-------|--------|-----------
         Aggregated                                                                      8756     0(0.00%) |    455       2    5243    160 |    2.10        0.00

Type     Name                                                                          # reqs      # fails |    Avg     Min     Max    Med |   req/s  failures/s
--------|----------------------------------------------------------------------------|-------|-------------|-------|-------|-------|-------|--------|-----------
POST     /api/book                                                                       6721     0(0.00%) |    587      91    5243    230 |    2.00        0.00
GET      /api/concerts                                                                   1364     0(0.00%) |     18       2    1296      3 |    0.40        0.00
GET      /health                                                                          676     0(0.00%) |     16       2    1128      3 |    0.00        0.00
--------|----------------------------------------------------------------------------|-------|-------------|-------|-------|-------|-------|--------|-----------
         Aggregated                                                                      8761     0(0.00%) |    455       2    5243    160 |    2.40        0.00

Type     Name                                                                          # reqs      # fails |    Avg     Min     Max    Med |   req/s  failures/s
--------|----------------------------------------------------------------------------|-------|-------------|-------|-------|-------|-------|--------|-----------
POST     /api/book                                                                       6723     0(0.00%) |    587      91    5243    230 |    2.00        0.00
GET      /api/concerts                                                                   1365     0(0.00%) |     18       2    1296      3 |    0.40        0.00
GET      /health                                                                          677     0(0.00%) |     16       2    1128      3 |    0.10        0.00
--------|----------------------------------------------------------------------------|-------|-------------|-------|-------|-------|-------|--------|-----------
         Aggregated                                                                      8765     0(0.00%) |    454       2    5243    160 |    2.50        0.00

Type     Name                                                                          # reqs      # fails |    Avg     Min     Max    Med |   req/s  failures/s
--------|----------------------------------------------------------------------------|-------|-------------|-------|-------|-------|-------|--------|-----------
POST     /api/book                                                                       6728     0(0.00%) |    587      91    5243    230 |    1.80        0.00
GET      /api/concerts                                                                   1365     0(0.00%) |     18       2    1296      3 |    0.30        0.00
GET      /health                                                                          677     0(0.00%) |     16       2    1128      3 |    0.10        0.00
--------|----------------------------------------------------------------------------|-------|-------------|-------|-------|-------|-------|--------|-----------
         Aggregated                                                                      8770     0(0.00%) |    454       2    5243    160 |    2.20        0.00

Type     Name                                                                          # reqs      # fails |    Avg     Min     Max    Med |   req/s  failures/s
--------|----------------------------------------------------------------------------|-------|-------------|-------|-------|-------|-------|--------|-----------
POST     /api/book                                                                       6730     0(0.00%) |    587      91    5243    230 |    1.70        0.00
GET      /api/concerts                                                                   1367     0(0.00%) |     18       2    1296      3 |    0.40        0.00
GET      /health                                                                          677     0(0.00%) |     16       2    1128      3 |    0.20        0.00
--------|----------------------------------------------------------------------------|-------|-------------|-------|-------|-------|-------|--------|-----------
         Aggregated                                                                      8774     0(0.00%) |    454       2    5243    160 |    2.30        0.00

Type     Name                                                                          # reqs      # fails |    Avg     Min     Max    Med |   req/s  failures/s
--------|----------------------------------------------------------------------------|-------|-------------|-------|-------|-------|-------|--------|-----------
POST     /api/book                                                                       6735     0(0.00%) |    586      91    5243    230 |    1.80        0.00
GET      /api/concerts                                                                   1367     0(0.00%) |     18       2    1296      3 |    0.40        0.00
GET      /health                                                                          678     0(0.00%) |     16       2    1128      3 |    0.20        0.00
--------|----------------------------------------------------------------------------|-------|-------------|-------|-------|-------|-------|--------|-----------
         Aggregated                                                                      8780     0(0.00%) |    454       2    5243    160 |    2.40        0.00

Type     Name                                                                          # reqs      # fails |    Avg     Min     Max    Med |   req/s  failures/s
--------|----------------------------------------------------------------------------|-------|-------------|-------|-------|-------|-------|--------|-----------
POST     /api/book                                                                       6739     0(0.00%) |    586      91    5243    230 |    1.70        0.00
GET      /api/concerts                                                                   1368     0(0.00%) |     18       2    1296      3 |    0.30        0.00
GET      /health                                                                          678     0(0.00%) |     16       2    1128      3 |    0.30        0.00
--------|----------------------------------------------------------------------------|-------|-------------|-------|-------|-------|-------|--------|-----------
         Aggregated                                                                      8785     0(0.00%) |    454       2    5243    160 |    2.30        0.00

Type     Name                                                                          # reqs      # fails |    Avg     Min     Max    Med |   req/s  failures/s
--------|----------------------------------------------------------------------------|-------|-------------|-------|-------|-------|-------|--------|-----------
POST     /api/book                                                                       6741     0(0.00%) |    586      91    5243    230 |    1.60        0.00
GET      /api/concerts                                                                   1368     0(0.00%) |     18       2    1296      3 |    0.30        0.00
GET      /health                                                                          678     0(0.00%) |     16       2    1128      3 |    0.20        0.00
--------|----------------------------------------------------------------------------|-------|-------------|-------|-------|-------|-------|--------|-----------
         Aggregated                                                                      8787     0(0.00%) |    454       2    5243    160 |    2.10        0.00

Type     Name                                                                          # reqs      # fails |    Avg     Min     Max    Med |   req/s  failures/s
--------|----------------------------------------------------------------------------|-------|-------------|-------|-------|-------|-------|--------|-----------
POST     /api/book                                                                       6745     0(0.00%) |    586      91    5243    230 |    1.80        0.00
GET      /api/concerts                                                                   1371     0(0.00%) |     18       2    1296      3 |    0.40        0.00
GET      /health                                                                          678     0(0.00%) |     16       2    1128      3 |    0.20        0.00
--------|----------------------------------------------------------------------------|-------|-------------|-------|-------|-------|-------|--------|-----------
         Aggregated                                                                      8794     0(0.00%) |    453       2    5243    160 |    2.40        0.00

Type     Name                                                                          # reqs      # fails |    Avg     Min     Max    Med |   req/s  failures/s
--------|----------------------------------------------------------------------------|-------|-------------|-------|-------|-------|-------|--------|-----------
POST     /api/book                                                                       6747     0(0.00%) |    585      91    5243    230 |    1.80        0.00
GET      /api/concerts                                                                   1371     0(0.00%) |     18       2    1296      3 |    0.40        0.00
GET      /health                                                                          678     0(0.00%) |     16       2    1128      3 |    0.10        0.00
--------|----------------------------------------------------------------------------|-------|-------------|-------|-------|-------|-------|--------|-----------
         Aggregated                                                                      8796     0(0.00%) |    453       2    5243    160 |    2.30        0.00

Type     Name                                                                          # reqs      # fails |    Avg     Min     Max    Med |   req/s  failures/s
--------|----------------------------------------------------------------------------|-------|-------------|-------|-------|-------|-------|--------|-----------
POST     /api/book                                                                       6753     0(0.00%) |    585      91    5243    230 |    1.80        0.00
GET      /api/concerts                                                                   1371     0(0.00%) |     18       2    1296      3 |    0.40        0.00
GET      /health                                                                          679     0(0.00%) |     16       2    1128      3 |    0.10        0.00
--------|----------------------------------------------------------------------------|-------|-------------|-------|-------|-------|-------|--------|-----------
         Aggregated                                                                      8803     0(0.00%) |    453       2    5243    160 |    2.30        0.00

Type     Name                                                                          # reqs      # fails |    Avg     Min     Max    Med |   req/s  failures/s
--------|----------------------------------------------------------------------------|-------|-------------|-------|-------|-------|-------|--------|-----------
POST     /api/book                                                                       6756     0(0.00%) |    585      91    5243    230 |    1.90        0.00
GET      /api/concerts                                                                   1372     0(0.00%) |     18       2    1296      3 |    0.40        0.00
GET      /health                                                                          679     0(0.00%) |     16       2    1128      3 |    0.10        0.00
--------|----------------------------------------------------------------------------|-------|-------------|-------|-------|-------|-------|--------|-----------
         Aggregated                                                                      8807     0(0.00%) |    453       2    5243    160 |    2.40        0.00

Type     Name                                                                          # reqs      # fails |    Avg     Min     Max    Med |   req/s  failures/s
--------|----------------------------------------------------------------------------|-------|-------------|-------|-------|-------|-------|--------|-----------
POST     /api/book                                                                       6760     0(0.00%) |    585      91    5243    230 |    1.90        0.00
GET      /api/concerts                                                                   1373     0(0.00%) |     18       2    1296      3 |    0.50        0.00
GET      /health                                                                          679     0(0.00%) |     16       2    1128      3 |    0.10        0.00
--------|----------------------------------------------------------------------------|-------|-------------|-------|-------|-------|-------|--------|-----------
         Aggregated                                                                      8812     0(0.00%) |    453       2    5243    160 |    2.50        0.00

Type     Name                                                                          # reqs      # fails |    Avg     Min     Max    Med |   req/s  failures/s
--------|----------------------------------------------------------------------------|-------|-------------|-------|-------|-------|-------|--------|-----------
POST     /api/book                                                                       6763     0(0.00%) |    585      91    5243    230 |    1.90        0.00
GET      /api/concerts                                                                   1375     0(0.00%) |     18       2    1296      3 |    0.50        0.00
GET      /health                                                                          679     0(0.00%) |     16       2    1128      3 |    0.10        0.00
--------|----------------------------------------------------------------------------|-------|-------------|-------|-------|-------|-------|--------|-----------
         Aggregated                                                                      8817     0(0.00%) |    452       2    5243    160 |    2.50        0.00

Type     Name                                                                          # reqs      # fails |    Avg     Min     Max    Med |   req/s  failures/s
--------|----------------------------------------------------------------------------|-------|-------------|-------|-------|-------|-------|--------|-----------
POST     /api/book                                                                       6769     0(0.00%) |    584      91    5243    230 |    1.80        0.00
GET      /api/concerts                                                                   1375     0(0.00%) |     18       2    1296      3 |    0.60        0.00
GET      /health                                                                          679     0(0.00%) |     16       2    1128      3 |    0.10        0.00
--------|----------------------------------------------------------------------------|-------|-------------|-------|-------|-------|-------|--------|-----------
         Aggregated                                                                      8823     0(0.00%) |    452       2    5243    160 |    2.50        0.00

Type     Name                                                                          # reqs      # fails |    Avg     Min     Max    Med |   req/s  failures/s
--------|----------------------------------------------------------------------------|-------|-------------|-------|-------|-------|-------|--------|-----------
POST     /api/book                                                                       6772     0(0.00%) |    584      91    5243    230 |    2.00        0.00
GET      /api/concerts                                                                   1375     0(0.00%) |     18       2    1296      3 |    0.40        0.00
GET      /health                                                                          679     0(0.00%) |     16       2    1128      3 |    0.10        0.00
--------|----------------------------------------------------------------------------|-------|-------------|-------|-------|-------|-------|--------|-----------
         Aggregated                                                                      8826     0(0.00%) |    452       2    5243    160 |    2.50        0.00

Type     Name                                                                          # reqs      # fails |    Avg     Min     Max    Med |   req/s  failures/s
--------|----------------------------------------------------------------------------|-------|-------------|-------|-------|-------|-------|--------|-----------
POST     /api/book                                                                       6776     0(0.00%) |    584      91    5243    230 |    2.20        0.00
GET      /api/concerts                                                                   1376     0(0.00%) |     18       2    1296      3 |    0.40        0.00
GET      /health                                                                          679     0(0.00%) |     16       2    1128      3 |    0.10        0.00
--------|----------------------------------------------------------------------------|-------|-------------|-------|-------|-------|-------|--------|-----------
         Aggregated                                                                      8831     0(0.00%) |    452       2    5243    160 |    2.70        0.00

Type     Name                                                                          # reqs      # fails |    Avg     Min     Max    Med |   req/s  failures/s
--------|----------------------------------------------------------------------------|-------|-------------|-------|-------|-------|-------|--------|-----------
POST     /api/book                                                                       6780     0(0.00%) |    583      91    5243    230 |    2.10        0.00
GET      /api/concerts                                                                   1377     0(0.00%) |     18       2    1296      3 |    0.40        0.00
GET      /health                                                                          679     0(0.00%) |     16       2    1128      3 |    0.00        0.00
--------|----------------------------------------------------------------------------|-------|-------------|-------|-------|-------|-------|--------|-----------
         Aggregated                                                                      8836     0(0.00%) |    452       2    5243    160 |    2.50        0.00

Type     Name                                                                          # reqs      # fails |    Avg     Min     Max    Med |   req/s  failures/s
--------|----------------------------------------------------------------------------|-------|-------------|-------|-------|-------|-------|--------|-----------
POST     /api/book                                                                       6783     0(0.00%) |    583      91    5243    230 |    1.90        0.00
GET      /api/concerts                                                                   1380     0(0.00%) |     18       2    1296      3 |    0.40        0.00
GET      /health                                                                          679     0(0.00%) |     16       2    1128      3 |    0.00        0.00
--------|----------------------------------------------------------------------------|-------|-------------|-------|-------|-------|-------|--------|-----------
         Aggregated                                                                      8842     0(0.00%) |    451       2    5243    160 |    2.30        0.00

Type     Name                                                                          # reqs      # fails |    Avg     Min     Max    Med |   req/s  failures/s
--------|----------------------------------------------------------------------------|-------|-------------|-------|-------|-------|-------|--------|-----------
POST     /api/book                                                                       6786     0(0.00%) |    583      91    5243    220 |    2.10        0.00
GET      /api/concerts                                                                   1381     0(0.00%) |     18       2    1296      3 |    0.30        0.00
GET      /health                                                                          679     0(0.00%) |     16       2    1128      3 |    0.00        0.00
--------|----------------------------------------------------------------------------|-------|-------------|-------|-------|-------|-------|--------|-----------
         Aggregated                                                                      8846     0(0.00%) |    451       2    5243    160 |    2.40        0.00

Type     Name                                                                          # reqs      # fails |    Avg     Min     Max    Med |   req/s  failures/s
--------|----------------------------------------------------------------------------|-------|-------------|-------|-------|-------|-------|--------|-----------
POST     /api/book                                                                       6792     0(0.00%) |    583      91    5243    220 |    1.90        0.00
GET      /api/concerts                                                                   1381     0(0.00%) |     18       2    1296      3 |    0.50        0.00
GET      /health                                                                          679     0(0.00%) |     16       2    1128      3 |    0.00        0.00
--------|----------------------------------------------------------------------------|-------|-------------|-------|-------|-------|-------|--------|-----------
         Aggregated                                                                      8852     0(0.00%) |    451       2    5243    160 |    2.40        0.00

Type     Name                                                                          # reqs      # fails |    Avg     Min     Max    Med |   req/s  failures/s
--------|----------------------------------------------------------------------------|-------|-------------|-------|-------|-------|-------|--------|-----------
POST     /api/book                                                                       6797     0(0.00%) |    582      91    5243    220 |    1.90        0.00
GET      /api/concerts                                                                   1381     0(0.00%) |     18       2    1296      3 |    0.60        0.00
GET      /health                                                                          679     0(0.00%) |     16       2    1128      3 |    0.00        0.00
--------|----------------------------------------------------------------------------|-------|-------------|-------|-------|-------|-------|--------|-----------
         Aggregated                                                                      8857     0(0.00%) |    451       2    5243    160 |    2.50        0.00

Type     Name                                                                          # reqs      # fails |    Avg     Min     Max    Med |   req/s  failures/s
--------|----------------------------------------------------------------------------|-------|-------------|-------|-------|-------|-------|--------|-----------
POST     /api/book                                                                       6798     0(0.00%) |    582      91    5243    220 |    1.90        0.00
GET      /api/concerts                                                                   1384     0(0.00%) |     18       2    1296      3 |    0.50        0.00
GET      /health                                                                          679     0(0.00%) |     16       2    1128      3 |    0.00        0.00
--------|----------------------------------------------------------------------------|-------|-------------|-------|-------|-------|-------|--------|-----------
         Aggregated                                                                      8861     0(0.00%) |    451       2    5243    160 |    2.40        0.00

Type     Name                                                                          # reqs      # fails |    Avg     Min     Max    Med |   req/s  failures/s
--------|----------------------------------------------------------------------------|-------|-------------|-------|-------|-------|-------|--------|-----------
POST     /api/book                                                                       6803     0(0.00%) |    582      91    5243    220 |    2.00        0.00
GET      /api/concerts                                                                   1384     0(0.00%) |     18       2    1296      3 |    0.60        0.00
GET      /health                                                                          679     0(0.00%) |     16       2    1128      3 |    0.00        0.00
--------|----------------------------------------------------------------------------|-------|-------------|-------|-------|-------|-------|--------|-----------
         Aggregated                                                                      8866     0(0.00%) |    451       2    5243    160 |    2.60        0.00

Type     Name                                                                          # reqs      # fails |    Avg     Min     Max    Med |   req/s  failures/s
--------|----------------------------------------------------------------------------|-------|-------------|-------|-------|-------|-------|--------|-----------
POST     /api/book                                                                       6808     0(0.00%) |    582      91    5243    220 |    1.90        0.00
GET      /api/concerts                                                                   1384     0(0.00%) |     18       2    1296      3 |    0.60        0.00
GET      /health                                                                          679     0(0.00%) |     16       2    1128      3 |    0.00        0.00
--------|----------------------------------------------------------------------------|-------|-------------|-------|-------|-------|-------|--------|-----------
         Aggregated                                                                      8871     0(0.00%) |    450       2    5243    160 |    2.50        0.00

Type     Name                                                                          # reqs      # fails |    Avg     Min     Max    Med |   req/s  failures/s
--------|----------------------------------------------------------------------------|-------|-------------|-------|-------|-------|-------|--------|-----------
POST     /api/book                                                                       6811     0(0.00%) |    582      91    5243    220 |    1.90        0.00
GET      /api/concerts                                                                   1385     0(0.00%) |     18       2    1296      3 |    0.40        0.00
GET      /health                                                                          679     0(0.00%) |     16       2    1128      3 |    0.00        0.00
--------|----------------------------------------------------------------------------|-------|-------------|-------|-------|-------|-------|--------|-----------
         Aggregated                                                                      8875     0(0.00%) |    450       2    5243    160 |    2.30        0.00

Type     Name                                                                          # reqs      # fails |    Avg     Min     Max    Med |   req/s  failures/s
--------|----------------------------------------------------------------------------|-------|-------------|-------|-------|-------|-------|--------|-----------
POST     /api/book                                                                       6816     0(0.00%) |    581      91    5243    220 |    2.10        0.00
GET      /api/concerts                                                                   1385     0(0.00%) |     18       2    1296      3 |    0.30        0.00
GET      /health                                                                          680     0(0.00%) |     16       2    1128      3 |    0.00        0.00
--------|----------------------------------------------------------------------------|-------|-------------|-------|-------|-------|-------|--------|-----------
         Aggregated                                                                      8881     0(0.00%) |    450       2    5243    160 |    2.40        0.00

Type     Name                                                                          # reqs      # fails |    Avg     Min     Max    Med |   req/s  failures/s
--------|----------------------------------------------------------------------------|-------|-------------|-------|-------|-------|-------|--------|-----------
POST     /api/book                                                                       6820     0(0.00%) |    581      91    5243    220 |    1.80        0.00
GET      /api/concerts                                                                   1385     0(0.00%) |     18       2    1296      3 |    0.40        0.00
GET      /health                                                                          680     0(0.00%) |     16       2    1128      3 |    0.10        0.00
--------|----------------------------------------------------------------------------|-------|-------------|-------|-------|-------|-------|--------|-----------
         Aggregated                                                                      8885     0(0.00%) |    450       2    5243    160 |    2.30        0.00

Type     Name                                                                          # reqs      # fails |    Avg     Min     Max    Med |   req/s  failures/s
--------|----------------------------------------------------------------------------|-------|-------------|-------|-------|-------|-------|--------|-----------
POST     /api/book                                                                       6824     0(0.00%) |    581      91    5243    220 |    2.00        0.00
GET      /api/concerts                                                                   1386     0(0.00%) |     18       2    1296      3 |    0.20        0.00
GET      /health                                                                          680     0(0.00%) |     16       2    1128      3 |    0.10        0.00
--------|----------------------------------------------------------------------------|-------|-------------|-------|-------|-------|-------|--------|-----------
         Aggregated                                                                      8890     0(0.00%) |    450       2    5243    160 |    2.30        0.00

Type     Name                                                                          # reqs      # fails |    Avg     Min     Max    Med |   req/s  failures/s
--------|----------------------------------------------------------------------------|-------|-------------|-------|-------|-------|-------|--------|-----------
POST     /api/book                                                                       6827     0(0.00%) |    581      91    5243    220 |    2.10        0.00
GET      /api/concerts                                                                   1386     0(0.00%) |     18       2    1296      3 |    0.20        0.00
GET      /health                                                                          682     0(0.00%) |     16       2    1128      3 |    0.10        0.00
--------|----------------------------------------------------------------------------|-------|-------------|-------|-------|-------|-------|--------|-----------
         Aggregated                                                                      8895     0(0.00%) |    450       2    5243    160 |    2.40        0.00

Type     Name                                                                          # reqs      # fails |    Avg     Min     Max    Med |   req/s  failures/s
--------|----------------------------------------------------------------------------|-------|-------------|-------|-------|-------|-------|--------|-----------
POST     /api/book                                                                       6831     0(0.00%) |    580      91    5243    220 |    2.10        0.00
GET      /api/concerts                                                                   1387     0(0.00%) |     18       2    1296      3 |    0.20        0.00
GET      /health                                                                          682     0(0.00%) |     16       2    1128      3 |    0.20        0.00
--------|----------------------------------------------------------------------------|-------|-------------|-------|-------|-------|-------|--------|-----------
         Aggregated                                                                      8900     0(0.00%) |    449       2    5243    160 |    2.50        0.00

Type     Name                                                                          # reqs      # fails |    Avg     Min     Max    Med |   req/s  failures/s
--------|----------------------------------------------------------------------------|-------|-------------|-------|-------|-------|-------|--------|-----------
POST     /api/book                                                                       6833     0(0.00%) |    580      91    5243    220 |    1.80        0.00
GET      /api/concerts                                                                   1388     0(0.00%) |     18       2    1296      3 |    0.30        0.00
GET      /health                                                                          682     0(0.00%) |     16       2    1128      3 |    0.30        0.00
--------|----------------------------------------------------------------------------|-------|-------------|-------|-------|-------|-------|--------|-----------
         Aggregated                                                                      8903     0(0.00%) |    449       2    5243    160 |    2.40        0.00

Type     Name                                                                          # reqs      # fails |    Avg     Min     Max    Med |   req/s  failures/s
--------|----------------------------------------------------------------------------|-------|-------------|-------|-------|-------|-------|--------|-----------
POST     /api/book                                                                       6837     0(0.00%) |    580      91    5243    220 |    1.90        0.00
GET      /api/concerts                                                                   1389     0(0.00%) |     18       2    1296      3 |    0.30        0.00
GET      /health                                                                          682     0(0.00%) |     16       2    1128      3 |    0.20        0.00
--------|----------------------------------------------------------------------------|-------|-------------|-------|-------|-------|-------|--------|-----------
         Aggregated                                                                      8908     0(0.00%) |    449       2    5243    160 |    2.40        0.00

Type     Name                                                                          # reqs      # fails |    Avg     Min     Max    Med |   req/s  failures/s
--------|----------------------------------------------------------------------------|-------|-------------|-------|-------|-------|-------|--------|-----------
POST     /api/book                                                                       6842     0(0.00%) |    580      91    5243    220 |    1.80        0.00
GET      /api/concerts                                                                   1389     0(0.00%) |     18       2    1296      3 |    0.40        0.00
GET      /health                                                                          682     0(0.00%) |     16       2    1128      3 |    0.20        0.00
--------|----------------------------------------------------------------------------|-------|-------------|-------|-------|-------|-------|--------|-----------
         Aggregated                                                                      8913     0(0.00%) |    449       2    5243    160 |    2.40        0.00

Type     Name                                                                          # reqs      # fails |    Avg     Min     Max    Med |   req/s  failures/s
--------|----------------------------------------------------------------------------|-------|-------------|-------|-------|-------|-------|--------|-----------
POST     /api/book                                                                       6846     0(0.00%) |    580      91    5243    220 |    1.60        0.00
GET      /api/concerts                                                                   1389     0(0.00%) |     18       2    1296      3 |    0.30        0.00
GET      /health                                                                          683     0(0.00%) |     16       2    1128      3 |    0.20        0.00
--------|----------------------------------------------------------------------------|-------|-------------|-------|-------|-------|-------|--------|-----------
         Aggregated                                                                      8918     0(0.00%) |    449       2    5243    160 |    2.10        0.00

Type     Name                                                                          # reqs      # fails |    Avg     Min     Max    Med |   req/s  failures/s
--------|----------------------------------------------------------------------------|-------|-------------|-------|-------|-------|-------|--------|-----------
POST     /api/book                                                                       6850     0(0.00%) |    579      91    5243    220 |    1.80        0.00
GET      /api/concerts                                                                   1391     0(0.00%) |     18       2    1296      3 |    0.30        0.00
GET      /health                                                                          683     0(0.00%) |     16       2    1128      3 |    0.20        0.00
--------|----------------------------------------------------------------------------|-------|-------------|-------|-------|-------|-------|--------|-----------
         Aggregated                                                                      8924     0(0.00%) |    449       2    5243    160 |    2.30        0.00

Type     Name                                                                          # reqs      # fails |    Avg     Min     Max    Med |   req/s  failures/s
--------|----------------------------------------------------------------------------|-------|-------------|-------|-------|-------|-------|--------|-----------
POST     /api/book                                                                       6852     0(0.00%) |    579      91    5243    220 |    1.80        0.00
GET      /api/concerts                                                                   1391     0(0.00%) |     18       2    1296      3 |    0.30        0.00
GET      /health                                                                          684     0(0.00%) |     15       2    1128      3 |    0.10        0.00
--------|----------------------------------------------------------------------------|-------|-------------|-------|-------|-------|-------|--------|-----------
         Aggregated                                                                      8927     0(0.00%) |    449       2    5243    160 |    2.20        0.00

Type     Name                                                                          # reqs      # fails |    Avg     Min     Max    Med |   req/s  failures/s
--------|----------------------------------------------------------------------------|-------|-------------|-------|-------|-------|-------|--------|-----------
POST     /api/book                                                                       6857     0(0.00%) |    579      91    5243    220 |    1.90        0.00
GET      /api/concerts                                                                   1391     0(0.00%) |     18       2    1296      3 |    0.30        0.00
GET      /health                                                                          684     0(0.00%) |     15       2    1128      3 |    0.20        0.00
--------|----------------------------------------------------------------------------|-------|-------------|-------|-------|-------|-------|--------|-----------
         Aggregated                                                                      8932     0(0.00%) |    449       2    5243    160 |    2.40        0.00

Type     Name                                                                          # reqs      # fails |    Avg     Min     Max    Med |   req/s  failures/s
--------|----------------------------------------------------------------------------|-------|-------------|-------|-------|-------|-------|--------|-----------
POST     /api/book                                                                       6860     0(0.00%) |    579      91    5243    220 |    2.00        0.00
GET      /api/concerts                                                                   1392     0(0.00%) |     18       2    1296      3 |    0.20        0.00
GET      /health                                                                          685     0(0.00%) |     15       2    1128      3 |    0.20        0.00
--------|----------------------------------------------------------------------------|-------|-------------|-------|-------|-------|-------|--------|-----------
         Aggregated                                                                      8937     0(0.00%) |    448       2    5243    160 |    2.40        0.00

Type     Name                                                                          # reqs      # fails |    Avg     Min     Max    Med |   req/s  failures/s
--------|----------------------------------------------------------------------------|-------|-------------|-------|-------|-------|-------|--------|-----------
POST     /api/book                                                                       6864     0(0.00%) |    579      91    5243    220 |    2.10        0.00
GET      /api/concerts                                                                   1392     0(0.00%) |     18       2    1296      3 |    0.20        0.00
GET      /health                                                                          685     0(0.00%) |     15       2    1128      3 |    0.30        0.00
--------|----------------------------------------------------------------------------|-------|-------------|-------|-------|-------|-------|--------|-----------
         Aggregated                                                                      8941     0(0.00%) |    448       2    5243    160 |    2.60        0.00

Type     Name                                                                          # reqs      # fails |    Avg     Min     Max    Med |   req/s  failures/s
--------|----------------------------------------------------------------------------|-------|-------------|-------|-------|-------|-------|--------|-----------
POST     /api/book                                                                       6868     0(0.00%) |    578      91    5243    220 |    1.80        0.00
GET      /api/concerts                                                                   1392     0(0.00%) |     18       2    1296      3 |    0.30        0.00
GET      /health                                                                          685     0(0.00%) |     15       2    1128      3 |    0.20        0.00
--------|----------------------------------------------------------------------------|-------|-------------|-------|-------|-------|-------|--------|-----------
         Aggregated                                                                      8945     0(0.00%) |    448       2    5243    160 |    2.30        0.00

Type     Name                                                                          # reqs      # fails |    Avg     Min     Max    Med |   req/s  failures/s
--------|----------------------------------------------------------------------------|-------|-------------|-------|-------|-------|-------|--------|-----------
POST     /api/book                                                                       6873     0(0.00%) |    578      91    5243    220 |    2.00        0.00
GET      /api/concerts                                                                   1392     0(0.00%) |     18       2    1296      3 |    0.20        0.00
GET      /health                                                                          686     0(0.00%) |     16       2    1128      3 |    0.20        0.00
--------|----------------------------------------------------------------------------|-------|-------------|-------|-------|-------|-------|--------|-----------
         Aggregated                                                                      8951     0(0.00%) |    448       2    5243    160 |    2.40        0.00

Type     Name                                                                          # reqs      # fails |    Avg     Min     Max    Med |   req/s  failures/s
--------|----------------------------------------------------------------------------|-------|-------------|-------|-------|-------|-------|--------|-----------
POST     /api/book                                                                       6876     0(0.00%) |    578      91    5243    220 |    2.10        0.00
GET      /api/concerts                                                                   1392     0(0.00%) |     18       2    1296      3 |    0.10        0.00
GET      /health                                                                          687     0(0.00%) |     15       2    1128      3 |    0.10        0.00
--------|----------------------------------------------------------------------------|-------|-------------|-------|-------|-------|-------|--------|-----------
         Aggregated                                                                      8955     0(0.00%) |    448       2    5243    160 |    2.30        0.00

Type     Name                                                                          # reqs      # fails |    Avg     Min     Max    Med |   req/s  failures/s
--------|----------------------------------------------------------------------------|-------|-------------|-------|-------|-------|-------|--------|-----------
POST     /api/book                                                                       6881     0(0.00%) |    578      91    5243    220 |    1.90        0.00
GET      /api/concerts                                                                   1392     0(0.00%) |     18       2    1296      3 |    0.10        0.00
GET      /health                                                                          687     0(0.00%) |     15       2    1128      3 |    0.20        0.00
--------|----------------------------------------------------------------------------|-------|-------------|-------|-------|-------|-------|--------|-----------
         Aggregated                                                                      8960     0(0.00%) |    448       2    5243    160 |    2.20        0.00

Type     Name                                                                          # reqs      # fails |    Avg     Min     Max    Med |   req/s  failures/s
--------|----------------------------------------------------------------------------|-------|-------------|-------|-------|-------|-------|--------|-----------
POST     /api/book                                                                       6885     0(0.00%) |    577      91    5243    220 |    1.90        0.00
GET      /api/concerts                                                                   1393     0(0.00%) |     18       2    1296      3 |    0.10        0.00
GET      /health                                                                          687     0(0.00%) |     15       2    1128      3 |    0.20        0.00
--------|----------------------------------------------------------------------------|-------|-------------|-------|-------|-------|-------|--------|-----------
         Aggregated                                                                      8965     0(0.00%) |    447       2    5243    160 |    2.20        0.00

[2026-06-05 14:09:35,733] ip-172-31-20-158/INFO/locust.runners: Shape test stopping
[2026-06-05 14:09:35,759] ip-172-31-20-158/INFO/locust.main: Shape test completed, shutting down
[2026-06-05 14:09:35,759] ip-172-31-20-158/INFO/locust.main: Run time limit set to 1080 seconds
[2026-06-05 14:09:35,834] ip-172-31-20-158/INFO/locust.main: writing html report to file: report_continuous_run4.html
[2026-06-05 14:09:35,836] ip-172-31-20-158/INFO/locust.main: Shutting down (exit code 0)
Type     Name                                                                          # reqs      # fails |    Avg     Min     Max    Med |   req/s  failures/s
--------|----------------------------------------------------------------------------|-------|-------------|-------|-------|-------|-------|--------|-----------
POST     /api/book                                                                       6890     0(0.00%) |    577      91    5243    220 |    6.38        0.00
GET      /api/concerts                                                                   1393     0(0.00%) |     18       2    1296      3 |    1.29        0.00
GET      /health                                                                          687     0(0.00%) |     15       2    1128      3 |    0.64        0.00
--------|----------------------------------------------------------------------------|-------|-------------|-------|-------|-------|-------|--------|-----------
         Aggregated                                                                      8970     0(0.00%) |    447       2    5243    160 |    8.30        0.00

Response time percentiles (approximated)
Type     Name                                                                                  50%    66%    75%    80%    90%    95%    98%    99%  99.9% 99.99%   100% # reqs
--------|--------------------------------------------------------------------------------|--------|------|------|------|------|------|------|------|------|------|------|------
POST     /api/book                                                                             220    400    710   1000   1700   2200   2700   3000   4400   5200   5200   6890
GET      /api/concerts                                                                           3      5     14     21     42     70    110    230    770   1300   1300   1393
GET      /health                                                                                 3      4      9     16     39     66     95    180   1100   1100   1100    687
--------|--------------------------------------------------------------------------------|--------|------|------|------|------|------|------|------|------|------|------|------
         Aggregated                                                                            160    290    430    670   1400   2000   2500   2900   4200   5200   5200   8970

