Timestamp,User Count,Type,Name,Requests/s,Failures/s,50%,66%,75%,80%,90%,95%,98%,99%,99.9%,99.99%,100%,Total Request Count,Total Failure Count,Total Median Response Time,Total Average Response Time,Total Min Response Time,Total Max Response Time,Total Average Content Size
1780667494,0,,Aggregated,0.000000,0.000000,N/A,N/A,N/A,N/A,N/A,N/A,N/A,N/A,N/A,N/A,N/A,0,0,0,0.0,0,0,0
1780667495,1,POST,/api/book,0.000000,0.000000,0,0,0,0,0,0,0,0,0,0,0,1,0,230.0333230000433,230.0333230000433,230.0333230000433,230.0333230000433,3337.0
1780667495,1,,Aggregated,0.000000,0.000000,0,0,0,0,0,0,0,0,0,0,0,1,0,230.0333230000433,230.0333230000433,230.0333230000433,230.0333230000433,3337.0
1780667496,2,POST,/api/book,0.000000,0.000000,0,0,0,0,0,0,0,0,0,0,0,3,0,170,182.94893700002982,144.57430800001703,230.0333230000433,3367.0
1780667496,2,,Aggregated,0.000000,0.000000,170,170,230,230,230,230,230,230,230,230,230,3,0,170,182.94893700002982,144.57430800001703,230.0333230000433,3367.0
1780667497,3,POST,/api/book,0.000000,0.000000,140,140,170,170,170,170,170,170,170,170,170,5,0,140,165.11045100002093,137.18083600002728,230.0333230000433,3370.4
1780667497,3,,Aggregated,0.000000,0.000000,140,170,170,230,230,230,230,230,230,230,230,5,0,140,165.11045100002093,137.18083600002728,230.0333230000433,3370.4
1780667498,4,POST,/api/book,0.500000,0.000000,140,140,140,140,170,170,170,170,170,170,170,7,0,140,157.49446314287394,137.18083600002728,230.0333230000433,3370.714285714286
1780667498,4,,Aggregated,0.500000,0.000000,140,140,170,170,230,230,230,230,230,230,230,7,0,140,157.49446314287394,137.18083600002728,230.0333230000433,3370.714285714286
1780667499,5,POST,/api/book,1.000000,0.000000,140,140,170,270,300,300,300,300,300,300,300,10,0,140,180.76990600001182,137.18083600002728,299.06503199998724,3374.1
1780667499,5,GET,/api/concerts,0.000000,0.000000,0,0,0,0,0,0,0,0,0,0,0,1,0,3.457777999983591,3.457777999983591,3.457777999983591,3.457777999983591,753.0
1780667499,5,,Aggregated,1.000000,0.000000,140,170,230,230,270,300,300,300,300,300,300,11,0,140,164.65062163637288,3.457777999983591,299.06503199998724,3135.818181818182
1780667500,5,POST,/api/book,1.250000,0.000000,140,140,170,270,300,300,300,300,300,300,300,10,0,140,180.76990600001182,137.18083600002728,299.06503199998724,3374.1
1780667500,5,GET,/api/concerts,0.000000,0.000000,0,0,0,0,0,0,0,0,0,0,0,1,0,3.457777999983591,3.457777999983591,3.457777999983591,3.457777999983591,753.0
1780667500,5,GET,/health,0.000000,0.000000,0,0,0,0,0,0,0,0,0,0,0,2,0,2.7715850000049613,2.716265999993084,2.6609469999812063,2.7715850000049613,57.0
1780667500,5,,Aggregated,1.250000,0.000000,140,140,170,230,270,300,300,300,300,300,300,13,0,140,139.7376438461606,2.6609469999812063,299.06503199998724,2662.153846153846
1780667501,5,POST,/api/book,1.400000,0.000000,140,140,170,170,270,300,300,300,300,300,300,12,0,140,173.5640260000082,136.18227699998897,299.06503199998724,3375.8333333333335
1780667501,5,GET,/api/concerts,0.000000,0.000000,3,3,3,3,3,3,3,3,3,3,3,2,0,3,3.0500974999938535,2.642417000004116,3.457777999983591,753.0
1780667501,5,GET,/health,0.000000,0.000000,0,0,0,0,0,0,0,0,0,0,0,2,0,2.7715850000049613,2.716265999993084,2.6609469999812063,2.7715850000049613,57.0
1780667501,5,,Aggregated,1.400000,0.000000,140,140,170,170,270,300,300,300,300,300,300,16,0,140,130.89381493750452,2.642417000004116,299.06503199998724,2633.125
1780667502,5,POST,/api/book,1.400000,0.000000,140,140,170,170,270,300,300,300,300,300,300,12,0,140,173.5640260000082,136.18227699998897,299.06503199998724,3375.8333333333335
1780667502,5,GET,/api/concerts,0.000000,0.000000,3,3,3,3,3,3,3,3,3,3,3,2,0,3,3.0500974999938535,2.642417000004116,3.457777999983591,753.0
1780667502,5,GET,/health,0.000000,0.000000,3,3,3,3,3,3,3,3,3,3,3,2,0,2.7715850000049613,2.716265999993084,2.6609469999812063,2.7715850000049613,57.0
1780667502,5,,Aggregated,1.400000,0.000000,140,140,170,170,270,300,300,300,300,300,300,16,0,140,130.89381493750452,2.642417000004116,299.06503199998724,2633.125
1780667503,5,POST,/api/book,1.428571,0.000000,140,140,140,170,270,300,300,300,300,300,300,14,0,140,168.90155314286355,136.18227699998897,299.06503199998724,3373.285714285714
1780667503,5,GET,/api/concerts,0.142857,0.000000,3,3,3,3,3,3,3,3,3,3,3,4,0,3,2.985978499992825,2.642417000004116,3.457777999983591,753.0
1780667503,5,GET,/health,0.285714,0.000000,3,3,3,3,3,3,3,3,3,3,3,2,0,2.7715850000049613,2.716265999993084,2.6609469999812063,2.7715850000049613,57.0
1780667503,5,,Aggregated,1.857143,0.000000,140,140,140,170,270,300,300,300,300,300,300,20,0,140,119.09990950000235,2.642417000004116,299.06503199998724,2517.6
1780667504,5,POST,/api/book,1.428571,0.000000,140,140,140,170,270,300,300,300,300,300,300,15,0,140,167.1379244000074,136.18227699998897,299.06503199998724,3372.866666666667
1780667504,5,GET,/api/concerts,0.142857,0.000000,3,3,3,3,3,3,3,3,3,3,3,4,0,3,2.985978499992825,2.642417000004116,3.457777999983591,753.0
1780667504,5,GET,/health,0.285714,0.000000,3,3,3,3,3,3,3,3,3,3,3,2,0,2.7715850000049613,2.716265999993084,2.6609469999812063,2.7715850000049613,57.0
1780667504,5,,Aggregated,1.857143,0.000000,140,140,140,140,230,270,300,300,300,300,300,21,0,140,120.21168152381279,2.642417000004116,299.06503199998724,2558.0476190476193
1780667505,5,POST,/api/book,1.333333,0.000000,140,140,170,170,270,300,300,300,300,300,300,17,0,140,171.38914788236048,136.18227699998897,299.06503199998724,3374.470588235294
1780667505,5,GET,/api/concerts,0.222222,0.000000,3,3,3,3,3,3,3,3,3,3,3,4,0,3,2.985978499992825,2.642417000004116,3.457777999983591,753.0
1780667505,5,GET,/health,0.222222,0.000000,3,3,3,3,3,3,3,3,3,3,3,2,0,2.7715850000049613,2.716265999993084,2.6609469999812063,2.7715850000049613,57.0
1780667505,5,,Aggregated,1.777778,0.000000,140,140,140,140,260,270,300,300,300,300,300,23,0,140,127.43443304348197,2.642417000004116,299.06503199998724,2630.086956521739
1780667506,5,POST,/api/book,1.500000,0.000000,140,140,210,260,300,300,300,300,300,300,300,21,0,140,175.68694076190977,128.5832329999721,299.06503199998724,3374.904761904762
1780667506,5,GET,/api/concerts,0.400000,0.000000,3,3,3,3,3,3,3,3,3,3,3,4,0,3,2.985978499992825,2.642417000004116,3.457777999983591,753.0
1780667506,5,GET,/health,0.200000,0.000000,3,3,3,3,3,3,3,3,3,3,3,2,0,2.7715850000049613,2.716265999993084,2.6609469999812063,2.7715850000049613,57.0
1780667506,5,,Aggregated,2.100000,0.000000,140,140,140,210,270,300,300,300,300,300,300,27,0,140,137.28897044444676,2.642417000004116,299.06503199998724,2740.703703703704
1780667507,5,POST,/api/book,1.500000,0.000000,140,210,260,270,300,300,300,300,300,300,300,22,0,140,181.46881413636865,128.5832329999721,302.8881550000051,3377.0454545454545
1780667507,5,GET,/api/concerts,0.400000,0.000000,3,3,3,3,3,3,3,3,3,3,3,4,0,3,2.985978499992825,2.642417000004116,3.457777999983591,753.0
1780667507,5,GET,/health,0.200000,0.000000,3,3,3,3,3,3,3,3,3,3,3,2,0,2.7715850000049613,2.716265999993084,2.6609469999812063,2.7715850000049613,57.0
1780667507,5,,Aggregated,2.100000,0.000000,140,140,210,260,300,300,300,300,300,300,300,28,0,140,143.2032270357167,2.642417000004116,302.8881550000051,2765.035714285714
1780667508,5,POST,/api/book,1.700000,0.000000,140,270,300,300,310,380,380,380,380,380,380,24,0,140,195.07649220834128,128.5832329999721,377.8626460000396,3377.2916666666665
1780667508,5,GET,/api/concerts,0.400000,0.000000,3,3,3,3,3,3,3,3,3,3,3,4,0,3,2.985978499992825,2.642417000004116,3.457777999983591,753.0
1780667508,5,GET,/health,0.200000,0.000000,3,3,3,3,3,3,3,3,3,3,3,2,0,2.7715850000049613,2.716265999993084,2.6609469999812063,2.7715850000049613,57.0
1780667508,5,,Aggregated,2.300000,0.000000,140,210,270,300,300,310,380,380,380,380,380,30,0,140,156.6404086333383,2.642417000004116,377.8626460000396,2806.0333333333333
1780667509,5,POST,/api/book,1.800000,0.000000,140,260,300,300,310,380,380,380,380,380,380,25,0,140,192.4802787600083,128.5832329999721,377.8626460000396,3377.64
1780667509,5,GET,/api/concerts,0.400000,0.000000,3,3,3,3,3,3,3,3,3,3,3,5,0,3,2.9132189999927505,2.6221809999924517,3.457777999983591,753.0
1780667509,5,GET,/health,0.200000,0.000000,3,3,3,3,3,3,3,3,3,3,3,2,0,2.7715850000049613,2.716265999993084,2.6609469999812063,2.7715850000049613,57.0
1780667509,5,,Aggregated,2.400000,0.000000,140,140,210,260,300,310,380,380,380,380,380,32,0,140,151.00017487500494,2.6221809999924517,377.8626460000396,2760.0
1780667510,5,POST,/api/book,1.800000,0.000000,140,260,280,300,310,380,380,380,380,380,380,27,0,140,197.58889003704397,128.5832329999721,377.8626460000396,3378.962962962963
1780667510,5,GET,/api/concerts,0.400000,0.000000,3,3,3,3,3,3,3,3,3,3,3,5,0,3,2.9132189999927505,2.6221809999924517,3.457777999983591,753.0
1780667510,5,GET,/health,0.200000,0.000000,3,3,3,3,3,3,3,3,3,3,3,2,0,2.7715850000049613,2.716265999993084,2.6609469999812063,2.7715850000049613,57.0
1780667510,5,,Aggregated,2.400000,0.000000,140,210,260,280,300,310,380,380,380,380,380,34,0,140,157.49701935294524,2.6221809999924517,377.8626460000396,2797.3823529411766
1780667511,5,POST,/api/book,1.700000,0.000000,210,260,290,300,310,380,380,380,380,380,380,30,0,140,202.0876841000055,128.5832329999721,377.8626460000396,3379.7
1780667511,5,GET,/api/concerts,0.400000,0.000000,3,3,3,3,3,3,3,3,3,3,3,5,0,3,2.9132189999927505,2.6221809999924517,3.457777999983591,753.0
1780667511,5,GET,/health,0.200000,0.000000,3,3,3,3,3,3,3,3,3,3,3,2,0,2.7715850000049613,2.716265999993084,2.6609469999812063,2.7715850000049613,57.0
1780667511,5,,Aggregated,2.300000,0.000000,140,240,280,290,300,310,380,380,380,380,380,37,0,140,164.39538243243555,2.6221809999924517,377.8626460000396,2845.135135135135
1780667512,5,POST,/api/book,1.500000,0.000000,240,280,300,300,310,380,380,380,380,380,380,32,0,170,206.17867934375408,128.5832329999721,377.8626460000396,3379.8125
1780667512,5,GET,/api/concerts,0.400000,0.000000,3,3,3,3,3,3,3,3,3,3,3,5,0,3,2.9132189999927505,2.6221809999924517,3.457777999983591,753.0
1780667512,5,GET,/health,0.200000,0.000000,3,3,15,15,15,15,15,15,15,15,15,4,0,3,5.7952617499950065,2.6525320000132524,15.095982999980606,57.0
1780667512,5,,Aggregated,2.100000,0.000000,190,250,280,300,300,310,380,380,380,380,380,41,0,140,161.84060685366035,2.6221809999924517,377.8626460000396,2735.2926829268295
1780667513,5,POST,/api/book,1.800000,0.000000,240,280,300,300,310,380,380,380,380,380,380,32,0,170,206.17867934375408,128.5832329999721,377.8626460000396,3379.8125
1780667513,5,GET,/api/concerts,0.400000,0.000000,3,3,3,3,3,3,3,3,3,3,3,6,0,3,2.867582499987975,2.6221809999924517,3.457777999983591,753.0
1780667513,5,GET,/health,0.000000,0.000000,3,3,15,15,15,15,15,15,15,15,15,4,0,3,5.7952617499950065,2.6525320000132524,15.095982999980606,57.0
1780667513,5,,Aggregated,2.200000,0.000000,190,250,280,290,300,310,380,380,380,380,380,42,0,140,158.05010192857233,2.6221809999924517,377.8626460000396,2688.095238095238
1780667514,5,POST,/api/book,1.800000,0.000000,230,260,290,300,300,310,380,380,380,380,380,36,0,140,199.39206361111414,128.5832329999721,377.8626460000396,3380.9444444444443
1780667514,5,GET,/api/concerts,0.300000,0.000000,3,3,3,3,3,3,3,3,3,3,3,6,0,3,2.867582499987975,2.6221809999924517,3.457777999983591,753.0
1780667514,5,GET,/health,0.000000,0.000000,3,3,15,15,15,15,15,15,15,15,15,4,0,3,5.7952617499950065,2.6525320000132524,15.095982999980606,57.0
1780667514,5,,Aggregated,2.100000,0.000000,190,250,280,300,300,310,380,380,380,380,380,46,0,140,156.92393113043514,2.6221809999924517,377.8626460000396,2749.1304347826085
1780667515,5,POST,/api/book,2.000000,0.000000,240,280,300,300,310,380,380,380,380,380,380,38,0,160,203.6349231842124,128.5832329999721,377.8626460000396,3380.3947368421054
1780667515,5,GET,/api/concerts,0.300000,0.000000,3,3,3,3,3,3,3,3,3,3,3,6,0,3,2.867582499987975,2.6221809999924517,3.457777999983591,753.0
1780667515,5,GET,/health,0.200000,0.000000,3,3,15,15,15,15,15,15,15,15,15,4,0,3,5.7952617499950065,2.6525320000132524,15.095982999980606,57.0
1780667515,5,,Aggregated,2.500000,0.000000,210,250,290,300,310,310,380,380,380,380,380,48,0,140,162.0523671458329,2.6221809999924517,377.8626460000396,2775.0208333333335
1780667516,5,POST,/api/book,1.800000,0.000000,240,280,300,300,310,380,380,380,380,380,380,40,0,140,200.43183380000184,128.5832329999721,377.8626460000396,3379.25
1780667516,5,GET,/api/concerts,0.200000,0.000000,3,3,3,3,3,3,3,3,3,3,3,6,0,3,2.867582499987975,2.6221809999924517,3.457777999983591,753.0
1780667516,5,GET,/health,0.200000,0.000000,15,15,15,15,15,15,15,15,15,15,15,4,0,3,5.7952617499950065,2.6525320000132524,15.095982999980606,57.0
1780667516,5,,Aggregated,2.200000,0.000000,190,250,290,300,310,310,380,380,380,380,380,50,0,140,161.15319787999962,2.6221809999924517,377.8626460000396,2798.32
1780667517,5,POST,/api/book,2.100000,0.000000,230,250,280,290,310,310,310,310,310,310,310,41,0,140,198.88117390244048,128.5832329999721,377.8626460000396,3379.878048780488
1780667517,5,GET,/api/concerts,0.200000,0.000000,3,3,3,3,3,3,3,3,3,3,3,6,0,3,2.867582499987975,2.6221809999924517,3.457777999983591,753.0
1780667517,5,GET,/health,0.200000,0.000000,15,15,15,15,15,15,15,15,15,15,15,4,0,3,5.7952617499950065,2.6525320000132524,15.095982999980606,57.0
1780667517,5,,Aggregated,2.500000,0.000000,160,240,250,280,300,310,310,310,310,310,310,51,0,140,160.67675827450915,2.6221809999924517,377.8626460000396,2810.2156862745096
1780667518,5,POST,/api/book,2.000000,0.000000,160,240,250,280,300,310,310,310,310,310,310,43,0,140,195.991729744189,128.5832329999721,377.8626460000396,3380.3255813953488
1780667518,5,GET,/api/concerts,0.200000,0.000000,3,3,3,3,3,3,3,3,3,3,3,7,0,3,2.8522395714146245,2.6221809999924517,3.457777999983591,753.0
1780667518,5,GET,/health,0.200000,0.000000,15,15,15,15,15,15,15,15,15,15,15,4,0,3,5.7952617499950065,2.6525320000132524,15.095982999980606,57.0
1780667518,5,,Aggregated,2.400000,0.000000,140,190,250,250,290,300,310,310,310,310,310,54,0,140,156.86650190740758,2.6221809999924517,377.8626460000396,2793.574074074074
1780667519,5,POST,/api/book,1.900000,0.000000,160,240,250,280,300,310,310,310,310,310,310,44,0,140,194.65020195454872,128.5832329999721,377.8626460000396,3380.8863636363635
1780667519,5,GET,/api/concerts,0.200000,0.000000,3,3,3,3,3,3,3,3,3,3,3,7,0,3,2.8522395714146245,2.6221809999924517,3.457777999983591,753.0
1780667519,5,GET,/health,0.200000,0.000000,15,15,15,15,15,15,15,15,15,15,15,4,0,3,5.7952617499950065,2.6525320000132524,15.095982999980606,57.0
1780667519,5,,Aggregated,2.300000,0.000000,140,230,250,250,290,300,310,310,310,310,310,55,0,140,156.50464745454593,2.6221809999924517,377.8626460000396,2804.690909090909
1780667520,5,POST,/api/book,1.800000,0.000000,140,160,250,250,300,310,310,310,310,310,310,46,0,140,192.51793908696004,128.5832329999721,377.8626460000396,3380.913043478261
1780667520,5,GET,/api/concerts,0.200000,0.000000,3,3,3,3,3,3,3,3,3,3,3,7,0,3,2.8522395714146245,2.6221809999924517,3.457777999983591,753.0
1780667520,5,GET,/health,0.200000,0.000000,3,3,15,15,15,15,15,15,15,15,15,5,0,3,5.186525399994935,2.6525320000132524,15.095982999980606,57.0
1780667520,5,,Aggregated,2.200000,0.000000,140,150,230,250,290,300,310,310,310,310,310,58,0,140,153.47799141379377,2.6221809999924517,377.8626460000396,2777.206896551724
1780667521,5,POST,/api/book,1.800000,0.000000,140,150,230,230,300,310,310,310,310,310,310,46,0,140,192.51793908696004,128.5832329999721,377.8626460000396,3380.913043478261
1780667521,5,GET,/api/concerts,0.200000,0.000000,3,3,3,3,3,3,3,3,3,3,3,7,0,3,2.8522395714146245,2.6221809999924517,3.457777999983591,753.0
1780667521,5,GET,/health,0.200000,0.000000,3,3,15,15,15,15,15,15,15,15,15,5,0,3,5.186525399994935,2.6525320000132524,15.095982999980606,57.0
1780667521,5,,Aggregated,2.200000,0.000000,140,140,150,160,250,300,310,310,310,310,310,58,0,140,153.47799141379377,2.6221809999924517,377.8626460000396,2777.206896551724
1780667522,5,POST,/api/book,2.000000,0.000000,140,150,250,310,530,720,720,720,720,720,720,50,0,140,213.9599683600045,128.5832329999721,717.7693790000035,3381.14
1780667522,5,GET,/api/concerts,0.200000,0.000000,3,3,4,4,4,4,4,4,4,4,4,8,0,3,2.985222374988439,2.6221809999924517,3.9161020000051394,753.0
1780667522,5,GET,/health,0.200000,0.000000,3,3,15,15,15,15,15,15,15,15,15,5,0,3,5.186525399994935,2.6525320000132524,15.095982999980606,57.0
1780667522,5,,Aggregated,2.400000,0.000000,140,140,160,250,460,530,720,720,720,720,720,63,0,140,170.60020355555724,2.6221809999924517,717.7693790000035,2783.5873015873017
1780667523,5,POST,/api/book,1.800000,0.000000,140,150,250,310,530,720,720,720,720,720,720,52,0,140,211.3123272500034,128.5832329999721,717.7693790000035,3381.1346153846152
1780667523,5,GET,/api/concerts,0.200000,0.000000,3,3,4,4,4,4,4,4,4,4,4,9,0,3,2.972169666659536,2.6221809999924517,3.9161020000051394,753.0
1780667523,5,GET,/health,0.300000,0.000000,3,3,15,15,15,15,15,15,15,15,15,5,0,3,5.186525399994935,2.6525320000132524,15.095982999980606,57.0
1780667523,5,,Aggregated,2.300000,0.000000,140,150,160,250,460,530,720,720,720,720,720,66,0,140,167.28671471212252,2.6221809999924517,717.7693790000035,2770.9242424242425
1780667524,5,POST,/api/book,1.700000,0.000000,140,150,250,310,530,720,720,720,720,720,720,53,0,140,209.92070966038133,128.5832329999721,717.7693790000035,3382.1509433962265
1780667524,5,GET,/api/concerts,0.200000,0.000000,3,3,4,4,4,4,4,4,4,4,4,9,0,3,2.972169666659536,2.6221809999924517,3.9161020000051394,753.0
1780667524,5,GET,/health,0.300000,0.000000,3,3,15,15,15,15,15,15,15,15,15,5,0,3,5.186525399994935,2.6525320000132524,15.095982999980606,57.0
1780667524,5,,Aggregated,2.200000,0.000000,140,140,150,250,460,530,720,720,720,720,720,67,0,140,166.84298158209134,2.6221809999924517,717.7693790000035,2780.8358208955224
1780667525,5,POST,/api/book,1.800000,0.000000,140,140,150,150,530,720,720,720,720,720,720,55,0,140,206.9136632727298,125.069706999966,717.7693790000035,3382.0545454545454
1780667525,5,GET,/api/concerts,0.300000,0.000000,3,3,4,4,4,4,4,4,4,4,4,9,0,3,2.972169666659536,2.6221809999924517,3.9161020000051394,753.0
1780667525,5,GET,/health,0.100000,0.000000,3,3,15,15,15,15,15,15,15,15,15,5,0,3,5.186525399994935,2.6525320000132524,15.095982999980606,57.0
1780667525,5,,Aggregated,2.200000,0.000000,140,140,140,150,460,530,720,720,720,720,720,69,0,140,165.6946903478268,2.6221809999924517,717.7693790000035,2798.1884057971015
1780667526,5,POST,/api/book,1.900000,0.000000,140,140,150,150,530,720,720,720,720,720,720,56,0,140,205.7489490892885,125.069706999966,717.7693790000035,3381.6785714285716
1780667526,5,GET,/api/concerts,0.300000,0.000000,3,3,4,4,4,4,4,4,4,4,4,10,0,3,2.952812499989932,2.6221809999924517,3.9161020000051394,753.0
1780667526,5,GET,/health,0.100000,0.000000,3,3,3,3,3,3,3,3,3,3,3,5,0,3,5.186525399994935,2.6525320000132524,15.095982999980606,57.0
1780667526,5,,Aggregated,2.300000,0.000000,140,140,140,150,460,530,720,720,720,720,720,71,0,140,163.0619986056342,2.6221809999924517,717.7693790000035,2777.3098591549297
1780667527,5,POST,/api/book,1.700000,0.000000,140,140,150,150,530,720,720,720,720,720,720,57,0,140,204.65144712281005,125.069706999966,717.7693790000035,3381.4210526315787
1780667527,5,GET,/api/concerts,0.300000,0.000000,3,3,3,4,4,4,4,4,4,4,4,11,0,3,2.952774090901626,2.6221809999924517,3.9161020000051394,753.0
1780667527,5,GET,/health,0.100000,0.000000,3,3,3,3,3,3,3,3,3,3,3,5,0,3,5.186525399994935,2.6525320000132524,15.095982999980606,57.0
1780667527,5,,Aggregated,2.100000,0.000000,140,140,140,150,460,530,720,720,720,720,720,73,0,140,160.59651545205566,2.6221809999924517,717.7693790000035,2757.6575342465753
1780667528,5,POST,/api/book,1.700000,0.000000,150,200,450,460,530,720,720,720,720,720,720,61,0,140,216.99169036065857,125.069706999966,717.7693790000035,3381.8196721311474
1780667528,5,GET,/api/concerts,0.300000,0.000000,3,3,3,4,4,4,4,4,4,4,4,11,0,3,2.952774090901626,2.6221809999924517,3.9161020000051394,753.0
1780667528,5,GET,/health,0.100000,0.000000,3,3,3,3,3,3,3,3,3,3,3,5,0,3,5.186525399994935,2.6525320000132524,15.095982999980606,57.0
1780667528,5,,Aggregated,2.100000,0.000000,140,150,400,450,520,530,720,720,720,720,720,77,0,140,172.661120181819,2.6221809999924517,717.7693790000035,2790.3766233766232
1780667529,5,POST,/api/book,1.600000,0.000000,150,400,460,460,530,720,720,720,720,720,720,61,0,140,216.99169036065857,125.069706999966,717.7693790000035,3381.8196721311474
1780667529,5,GET,/api/concerts,0.500000,0.000000,3,3,3,4,4,4,4,4,4,4,4,11,0,3,2.952774090901626,2.6221809999924517,3.9161020000051394,753.0
1780667529,5,GET,/health,0.100000,0.000000,3,3,3,3,3,3,3,3,3,3,3,6,0,3,4.774049999999382,2.6525320000132524,15.095982999980606,57.0
1780667529,5,,Aggregated,2.200000,0.000000,140,150,400,450,520,530,720,720,720,720,720,78,0,140,170.4822811153857,2.6221809999924517,717.7693790000035,2755.3333333333335
1780667530,5,POST,/api/book,1.600000,0.000000,150,400,450,460,530,720,720,720,720,720,720,63,0,140,217.25405166666982,125.069706999966,717.7693790000035,3381.5079365079364
1780667530,5,GET,/api/concerts,0.500000,0.000000,3,4,4,21,21,21,21,21,21,21,21,12,0,3,4.453549583326814,2.6221809999924517,20.96208000000388,753.0
1780667530,5,GET,/health,0.100000,0.000000,3,3,3,3,3,3,3,3,3,3,3,6,0,3,4.774049999999382,2.6525320000132524,15.095982999980606,57.0
1780667530,5,,Aggregated,2.200000,0.000000,140,200,400,450,520,530,720,720,720,720,720,81,0,140,169.98879197531005,2.6221809999924517,717.7693790000035,2745.8395061728397
1780667531,5,POST,/api/book,1.800000,0.000000,200,310,400,450,520,720,720,720,720,720,720,65,0,140,219.6131844461573,125.069706999966,717.7693790000035,3381.8615384615387
1780667531,5,GET,/api/concerts,0.400000,0.000000,3,4,4,21,21,21,21,21,21,21,21,12,0,3,4.453549583326814,2.6221809999924517,20.96208000000388,753.0
1780667531,5,GET,/health,0.100000,0.000000,3,3,3,3,3,3,3,3,3,3,3,6,0,3,4.774049999999382,2.6525320000132524,15.095982999980606,57.0
1780667531,5,,Aggregated,2.300000,0.000000,140,200,370,400,460,520,720,720,720,720,720,83,0,140,172.975227518074,2.6221809999924517,717.7693790000035,2761.4337349397592
1780667532,5,POST,/api/book,1.800000,0.000000,150,220,370,400,450,520,520,520,520,520,520,65,0,140,219.6131844461573,125.069706999966,717.7693790000035,3381.8615384615387
1780667532,5,GET,/api/concerts,0.400000,0.000000,3,3,21,21,21,21,21,21,21,21,21,12,0,3,4.453549583326814,2.6221809999924517,20.96208000000388,753.0
1780667532,5,GET,/health,0.100000,0.000000,3,3,3,3,3,3,3,3,3,3,3,6,0,3,4.774049999999382,2.6525320000132524,15.095982999980606,57.0
1780667532,5,,Aggregated,2.300000,0.000000,140,200,310,370,450,520,520,520,520,520,520,83,0,140,172.975227518074,2.6221809999924517,717.7693790000035,2761.4337349397592
1780667533,5,POST,/api/book,1.800000,0.000000,310,390,400,410,500,520,520,520,520,520,520,69,0,150,230.64135508695924,125.069706999966,717.7693790000035,3382.623188405797
1780667533,5,GET,/api/concerts,0.500000,0.000000,3,3,21,21,21,21,21,21,21,21,21,12,0,3,4.453549583326814,2.6221809999924517,20.96208000000388,753.0
1780667533,5,GET,/health,0.100000,0.000000,3,3,3,3,3,3,3,3,3,3,3,6,0,3,4.774049999999382,2.6525320000132524,15.095982999980606,57.0
1780667533,5,,Aggregated,2.400000,0.000000,200,350,390,400,450,500,520,520,520,520,520,87,0,140,183.86598156321958,2.6221809999924517,717.7693790000035,2790.5632183908046
1780667534,5,POST,/api/book,1.800000,0.000000,310,390,400,410,500,520,520,520,520,520,520,70,0,150,229.3258540142882,125.069706999966,717.7693790000035,3383.4285714285716
1780667534,5,GET,/api/concerts,0.500000,0.000000,3,3,21,21,21,21,21,21,21,21,21,12,0,3,4.453549583326814,2.6221809999924517,20.96208000000388,753.0
1780667534,5,GET,/health,0.100000,0.000000,3,3,3,3,3,3,3,3,3,3,3,6,0,3,4.774049999999382,2.6525320000132524,15.095982999980606,57.0
1780667534,5,,Aggregated,2.400000,0.000000,200,350,390,400,450,500,520,520,520,520,520,88,0,140,183.35109859091014,2.6221809999924517,717.7693790000035,2797.931818181818
1780667535,5,POST,/api/book,1.500000,0.000000,250,370,400,410,500,520,520,520,520,520,520,74,0,160,227.93017589189319,125.069706999966,717.7693790000035,3383.4189189189187
1780667535,5,GET,/api/concerts,0.400000,0.000000,3,3,21,21,21,21,21,21,21,21,21,12,0,3,4.453549583326814,2.6221809999924517,20.96208000000388,753.0
1780667535,5,GET,/health,0.100000,0.000000,3,3,3,3,3,3,3,3,3,3,3,7,0,3,4.505191571427401,2.6525320000132524,15.095982999980606,57.0
1780667535,5,,Aggregated,2.000000,0.000000,220,310,390,400,450,500,520,520,520,520,520,93,0,140,182.27754787096785,2.6221809999924517,717.7693790000035,2793.6344086021504
1780667536,5,POST,/api/book,1.500000,0.000000,310,370,400,410,500,520,520,520,520,520,520,74,0,160,227.93017589189319,125.069706999966,717.7693790000035,3383.4189189189187
1780667536,5,GET,/api/concerts,0.400000,0.000000,3,3,21,21,21,21,21,21,21,21,21,12,0,3,4.453549583326814,2.6221809999924517,20.96208000000388,753.0
1780667536,5,GET,/health,0.100000,0.000000,3,3,3,3,3,3,3,3,3,3,3,7,0,3,4.505191571427401,2.6525320000132524,15.095982999980606,57.0
1780667536,5,,Aggregated,2.000000,0.000000,240,350,390,400,450,500,520,520,520,520,520,93,0,140,182.27754787096785,2.6221809999924517,717.7693790000035,2793.6344086021504
1780667537,5,POST,/api/book,1.700000,0.000000,250,370,400,410,500,520,520,520,520,520,520,76,0,150,225.62815376315885,125.069706999966,717.7693790000035,3383.5
1780667537,5,GET,/api/concerts,0.300000,0.000000,3,3,21,21,21,21,21,21,21,21,21,12,0,3,4.453549583326814,2.6221809999924517,20.96208000000388,753.0
1780667537,5,GET,/health,0.100000,0.000000,3,3,3,3,3,3,3,3,3,3,3,8,0,3,4.296306000000527,2.6525320000132524,15.095982999980606,57.0
1780667537,5,,Aggregated,2.100000,0.000000,220,350,390,400,450,500,520,520,520,520,520,96,0,140,179.53700759375002,2.6221809999924517,717.7693790000035,2777.4791666666665
1780667538,5,POST,/api/book,1.900000,0.000000,270,350,390,400,450,500,520,520,520,520,520,78,0,160,227.17882808974412,125.069706999966,717.7693790000035,3382.551282051282
1780667538,5,GET,/api/concerts,0.300000,0.000000,21,21,21,21,21,21,21,21,21,21,21,12,0,3,4.453549583326814,2.6221809999924517,20.96208000000388,753.0
1780667538,5,GET,/health,0.200000,0.000000,3,3,3,3,3,3,3,3,3,3,3,8,0,3,4.296306000000527,2.6525320000132524,15.095982999980606,57.0
1780667538,5,,Aggregated,2.400000,0.000000,220,270,310,350,390,410,500,500,500,500,500,98,0,140,181.71185340816297,2.6221809999924517,717.7693790000035,2789.091836734694
1780667539,5,POST,/api/book,1.800000,0.000000,250,300,350,370,410,500,500,500,500,500,500,79,0,160,226.0878915569625,125.069706999966,717.7693790000035,3382.1772151898736
1780667539,5,GET,/api/concerts,0.100000,0.000000,21,21,21,21,21,21,21,21,21,21,21,12,0,3,4.453549583326814,2.6221809999924517,20.96208000000388,753.0
1780667539,5,GET,/health,0.200000,0.000000,3,3,3,3,3,3,3,3,3,3,3,8,0,3,4.296306000000527,2.6525320000132524,15.095982999980606,57.0
1780667539,5,,Aggregated,2.100000,0.000000,220,270,310,350,390,410,500,500,500,500,500,99,0,140,181.3005704646461,2.6221809999924517,717.7693790000035,2794.787878787879
1780667540,5,POST,/api/book,1.900000,0.000000,240,300,350,360,410,500,500,500,500,500,500,83,0,160,227.66895450602493,125.069706999966,717.7693790000035,3382.6506024096384
1780667540,5,GET,/api/concerts,0.100000,0.000000,21,21,21,21,21,21,21,21,21,21,21,12,0,3,4.453549583326814,2.6221809999924517,20.96208000000388,753.0
1780667540,5,GET,/health,0.300000,0.000000,3,3,3,3,3,3,3,3,3,3,3,8,0,3,4.296306000000527,2.6525320000132524,15.095982999980606,57.0
1780667540,5,,Aggregated,2.300000,0.000000,220,270,330,350,390,410,500,500,500,500,500,103,0,140,184.3139443398058,2.6221809999924517,717.7693790000035,2817.980582524272
1780667541,5,POST,/api/book,1.700000,0.000000,250,300,330,350,390,410,500,500,500,500,500,85,0,170,229.36264849411805,125.069706999966,717.7693790000035,3381.5529411764705
1780667541,5,GET,/api/concerts,0.100000,0.000000,21,21,21,21,21,21,21,21,21,21,21,12,0,3,4.453549583326814,2.6221809999924517,20.96208000000388,753.0
1780667541,5,GET,/health,0.300000,0.000000,3,3,4,4,4,4,4,4,4,4,4,9,0,3,4.213923888888378,2.6525320000132524,15.095982999980606,57.0
1780667541,5,,Aggregated,2.100000,0.000000,240,300,330,350,390,410,500,500,500,500,500,106,0,140,184.7848399245279,2.6221809999924517,717.7693790000035,2801.7075471698113
1780667542,5,POST,/api/book,1.700000,0.000000,250,300,330,350,390,410,500,500,500,500,500,86,0,160,228.3334283953493,125.069706999966,717.7693790000035,3381.860465116279
1780667542,5,GET,/api/concerts,0.100000,0.000000,21,21,21,21,21,21,21,21,21,21,21,12,0,3,4.453549583326814,2.6221809999924517,20.96208000000388,753.0
1780667542,5,GET,/health,0.300000,0.000000,3,3,4,4,4,4,4,4,4,4,4,9,0,3,4.213923888888378,2.6525320000132524,15.095982999980606,57.0
1780667542,5,,Aggregated,2.100000,0.000000,240,300,330,350,390,410,500,500,500,500,500,107,0,140,184.37423132710245,2.6221809999924517,717.7693790000035,2807.373831775701
1780667543,5,POST,/api/book,1.900000,0.000000,250,300,330,350,390,410,500,500,500,500,500,87,0,160,227.3363917471272,125.069706999966,717.7693790000035,3382.0344827586205
1780667543,5,GET,/api/concerts,0.000000,0.000000,21,21,21,21,21,21,21,21,21,21,21,12,0,3,4.453549583326814,2.6221809999924517,20.96208000000388,753.0
1780667543,5,GET,/health,0.200000,0.000000,3,3,3,4,4,4,4,4,4,4,4,11,0,3,3.980296363636171,2.6525320000132524,15.095982999980606,57.0
1780667543,5,,Aggregated,2.100000,0.000000,170,270,300,330,390,410,500,500,500,500,500,110,0,140,180.6862903363635,2.6221809999924517,717.7693790000035,2762.7272727272725
1780667544,5,POST,/api/book,2.100000,0.000000,190,250,300,300,330,360,360,360,360,360,360,89,0,160,225.87724456179794,125.069706999966,717.7693790000035,3381.7977528089887
1780667544,5,GET,/api/concerts,0.000000,0.000000,21,21,21,21,21,21,21,21,21,21,21,12,0,3,4.453549583326814,2.6221809999924517,20.96208000000388,753.0
1780667544,5,GET,/health,0.300000,0.000000,3,3,3,3,4,4,4,4,4,4,4,12,0,3,3.864601750000437,2.591961000007359,15.095982999980606,57.0
1780667544,5,,Aggregated,2.400000,0.000000,140,200,250,300,300,330,360,360,360,360,360,113,0,140,178.78666001769858,2.591961000007359,717.7693790000035,2749.5575221238937
1780667545,5,POST,/api/book,2.100000,0.000000,190,240,270,300,300,330,360,360,360,360,360,91,0,170,225.1175398901093,125.069706999966,717.7693790000035,3381.879120879121
1780667545,5,GET,/api/concerts,0.000000,0.000000,21,21,21,21,21,21,21,21,21,21,21,12,0,3,4.453549583326814,2.6221809999924517,20.96208000000388,753.0
1780667545,5,GET,/health,0.300000,0.000000,3,3,3,3,4,4,4,4,4,4,4,12,0,3,3.864601750000437,2.591961000007359,15.095982999980606,57.0
1780667545,5,,Aggregated,2.400000,0.000000,160,200,250,270,300,330,360,360,360,360,360,115,0,140,179.00446909565102,2.591961000007359,717.7693790000035,2760.6173913043476
1780667546,5,POST,/api/book,1.700000,0.000000,200,280,300,300,330,360,360,360,360,360,360,93,0,170,226.4571758064503,125.069706999966,717.7693790000035,3382.3763440860216
1780667546,5,GET,/api/concerts,0.000000,0.000000,21,21,21,21,21,21,21,21,21,21,21,12,0,3,4.453549583326814,2.6221809999924517,20.96208000000388,753.0
1780667546,5,GET,/health,0.500000,0.000000,3,3,3,4,4,4,4,4,4,4,4,12,0,3,3.864601750000437,2.591961000007359,15.095982999980606,57.0
1780667546,5,,Aggregated,2.200000,0.000000,170,220,300,300,300,330,360,360,360,360,360,117,0,140,180.8575655213658,2.591961000007359,717.7693790000035,2771.6324786324785
1780667547,5,POST,/api/book,1.900000,0.000000,200,280,300,300,330,360,360,360,360,360,360,95,0,170,224.77217412631424,125.069706999966,717.7693790000035,3382.9894736842107
1780667547,5,GET,/api/concerts,0.000000,0.000000,21,21,21,21,21,21,21,21,21,21,21,12,0,3,4.453549583326814,2.6221809999924517,20.96208000000388,753.0
1780667547,5,GET,/health,0.600000,0.000000,3,3,3,3,4,4,4,4,4,4,4,13,0,3,3.7670690769223607,2.591961000007359,15.095982999980606,57.0
1780667547,5,,Aggregated,2.500000,0.000000,170,220,300,300,300,330,360,360,360,360,360,120,0,140,178.79809195833136,2.591961000007359,717.7693790000035,2759.675
1780667548,5,POST,/api/book,1.700000,0.000000,170,220,300,300,330,360,360,360,360,360,360,97,0,160,222.98072049484375,125.069706999966,717.7693790000035,3382.701030927835
1780667548,5,GET,/api/concerts,0.000000,0.000000,0,0,0,0,0,0,0,0,0,0,0,13,0,3,4.313665846150518,2.6221809999924517,20.96208000000388,753.0
1780667548,5,GET,/health,0.500000,0.000000,3,3,3,3,4,4,4,4,4,4,4,13,0,3,3.7670690769223607,2.591961000007359,15.095982999980606,57.0
1780667548,5,,Aggregated,2.200000,0.000000,140,190,220,300,300,330,360,360,360,360,360,123,0,140,176.700645869917,2.591961000007359,717.7693790000035,2753.268292682927
1780667549,5,POST,/api/book,1.700000,0.000000,190,220,300,300,330,360,360,360,360,360,360,97,0,160,222.98072049484375,125.069706999966,717.7693790000035,3382.701030927835
1780667549,5,GET,/api/concerts,0.000000,0.000000,3,3,3,3,3,3,3,3,3,3,3,13,0,3,4.313665846150518,2.6221809999924517,20.96208000000388,753.0
1780667549,5,GET,/health,0.500000,0.000000,3,3,3,4,4,4,4,4,4,4,4,13,0,3,3.7670690769223607,2.591961000007359,15.095982999980606,57.0
1780667549,5,,Aggregated,2.200000,0.000000,140,190,280,300,300,330,360,360,360,360,360,123,0,140,176.700645869917,2.591961000007359,717.7693790000035,2753.268292682927
1780667550,5,POST,/api/book,1.900000,0.000000,220,300,300,420,620,660,660,660,660,660,660,101,0,170,235.43615742574147,125.069706999966,717.7693790000035,3382.6138613861385
1780667550,5,GET,/api/concerts,0.000000,0.000000,3,3,3,3,3,3,3,3,3,3,3,13,0,3,4.313665846150518,2.6221809999924517,20.96208000000388,753.0
1780667550,5,GET,/health,0.500000,0.000000,3,3,3,4,4,4,4,4,4,4,4,13,0,3,3.7670690769223607,2.591961000007359,15.095982999980606,57.0
1780667550,5,,Aggregated,2.400000,0.000000,150,220,300,300,450,620,660,660,660,660,660,127,0,140,188.06379097637665,2.591961000007359,717.7693790000035,2773.0236220472443
1780667551,5,POST,/api/book,1.900000,0.000000,220,300,300,420,620,660,660,660,660,660,660,101,0,170,235.43615742574147,125.069706999966,717.7693790000035,3382.6138613861385
1780667551,5,GET,/api/concerts,0.100000,0.000000,3,3,3,3,3,3,3,3,3,3,3,14,0,3,4.206108499995968,2.6221809999924517,20.96208000000388,753.0
1780667551,5,GET,/health,0.500000,0.000000,3,3,3,4,4,4,4,4,4,4,4,13,0,3,3.7670690769223607,2.591961000007359,15.095982999980606,57.0
1780667551,5,,Aggregated,2.500000,0.000000,140,220,300,300,450,620,660,660,660,660,660,128,0,140,186.61647903906112,2.591961000007359,717.7693790000035,2757.2421875
1780667552,5,POST,/api/book,1.800000,0.000000,190,280,420,420,620,660,660,660,660,660,660,102,0,170,234.50056580392018,125.069706999966,717.7693790000035,3382.627450980392
1780667552,5,GET,/api/concerts,0.100000,0.000000,3,3,3,3,3,3,3,3,3,3,3,15,0,3,4.116278199997699,2.6221809999924517,20.96208000000388,753.0
1780667552,5,GET,/health,0.500000,0.000000,3,3,3,3,3,3,3,3,3,3,3,13,0,3,3.7670690769223607,2.591961000007359,15.095982999980606,57.0
1780667552,5,,Aggregated,2.400000,0.000000,140,190,280,300,450,620,660,660,660,660,660,130,0,140,184.84441371538318,2.591961000007359,717.7693790000035,2746.646153846154
1780667553,5,POST,/api/book,1.800000,0.000000,190,280,420,450,620,660,660,660,660,660,660,102,0,170,234.50056580392018,125.069706999966,717.7693790000035,3382.627450980392
1780667553,5,GET,/api/concerts,0.100000,0.000000,3,3,3,3,3,3,3,3,3,3,3,18,0,3,3.905519222226101,2.6221809999924517,20.96208000000388,753.0
1780667553,5,GET,/health,0.500000,0.000000,3,3,3,3,3,3,3,3,3,3,3,13,0,3,3.7670690769223607,2.591961000007359,15.095982999980606,57.0
1780667553,5,,Aggregated,2.400000,0.000000,140,190,280,300,450,620,660,660,660,660,660,133,0,140,180.73931545864602,2.591961000007359,717.7693790000035,2701.6766917293235
1780667554,5,POST,/api/book,1.500000,0.000000,280,350,420,450,620,660,660,660,660,660,660,104,0,170,236.79164138461417,125.069706999966,717.7693790000035,3382.8653846153848
1780667554,5,GET,/api/concerts,0.200000,0.000000,3,3,3,3,3,3,3,3,3,3,3,18,0,3,3.905519222226101,2.6221809999924517,20.96208000000388,753.0
1780667554,5,GET,/health,0.400000,0.000000,3,3,3,3,3,3,3,3,3,3,3,13,0,3,3.7670690769223607,2.591961000007359,15.095982999980606,57.0
1780667554,5,,Aggregated,2.100000,0.000000,150,280,350,350,450,620,660,660,660,660,660,135,0,140,183.30075517036988,2.591961000007359,717.7693790000035,2711.948148148148
1780667555,5,POST,/api/book,1.600000,0.000000,300,350,420,450,620,660,660,660,660,660,660,105,0,170,235.85792782857004,125.069706999966,717.7693790000035,3382.8190476190475
1780667555,5,GET,/api/concerts,0.300000,0.000000,3,3,3,3,3,3,3,3,3,3,3,18,0,3,3.905519222226101,2.6221809999924517,20.96208000000388,753.0
1780667555,5,GET,/health,0.400000,0.000000,3,3,3,3,3,3,3,3,3,3,3,13,0,3,3.7670690769223607,2.591961000007359,15.095982999980606,57.0
1780667555,5,,Aggregated,2.300000,0.000000,140,280,350,350,450,620,660,660,660,660,660,136,0,140,182.97318872058761,2.591961000007359,717.7693790000035,2716.845588235294
1780667556,5,POST,/api/book,1.500000,0.000000,350,360,420,450,620,660,660,660,660,660,660,107,0,170,236.8722933831762,125.069706999966,717.7693790000035,3382.5233644859813
1780667556,5,GET,/api/concerts,0.600000,0.000000,3,3,3,3,3,3,3,3,3,3,3,19,0,3,3.8537906315839696,2.6221809999924517,20.96208000000388,753.0
1780667556,5,GET,/health,0.200000,0.000000,3,3,3,3,3,3,3,3,3,3,3,13,0,3,3.7670690769223607,2.591961000007359,15.095982999980606,57.0
1780667556,5,,Aggregated,2.300000,0.000000,140,220,350,360,450,620,660,660,660,660,660,139,0,140,183.21963533812908,2.591961000007359,717.7693790000035,2712.071942446043
1780667557,5,POST,/api/book,1.500000,0.000000,350,360,420,450,620,660,660,660,660,660,660,109,0,170,236.8208887798156,125.069706999966,717.7693790000035,3382.183486238532
1780667557,5,GET,/api/concerts,0.600000,0.000000,3,3,3,3,3,3,3,3,3,3,3,19,0,3,3.8537906315839696,2.6221809999924517,20.96208000000388,753.0
1780667557,5,GET,/health,0.100000,0.000000,3,3,3,3,3,3,3,3,3,3,3,13,0,3,3.7670690769223607,2.591961000007359,15.095982999980606,57.0
1780667557,5,,Aggregated,2.200000,0.000000,140,330,350,360,450,620,660,660,660,660,660,141,0,140,183.94092763829775,2.591961000007359,717.7693790000035,2721.31914893617
1780667558,5,POST,/api/book,1.400000,0.000000,330,350,420,420,620,660,660,660,660,660,660,111,0,170,235.49590005405304,125.069706999966,717.7693790000035,3382.6936936936936
1780667558,5,GET,/api/concerts,0.600000,0.000000,3,3,3,3,3,3,3,3,3,3,3,19,0,3,3.8537906315839696,2.6221809999924517,20.96208000000388,753.0
1780667558,5,GET,/health,0.100000,0.000000,3,3,3,3,3,3,3,3,3,3,3,13,0,3,3.7670690769223607,2.591961000007359,15.095982999980606,57.0
1780667558,5,,Aggregated,2.100000,0.000000,140,330,350,360,450,620,660,660,660,660,660,143,0,140,183.65201976223756,2.591961000007359,717.7693790000035,2730.958041958042
1780667559,5,POST,/api/book,1.500000,0.000000,330,350,420,420,620,660,660,660,660,660,660,113,0,170,233.66528462831732,122.14690899998004,717.7693790000035,3382.265486725664
1780667559,5,GET,/api/concerts,0.700000,0.000000,3,3,3,3,3,3,3,3,3,3,3,20,0,3,3.7975408000050948,2.6221809999924517,20.96208000000388,753.0
1780667559,5,GET,/health,0.100000,0.000000,3,3,3,3,3,3,3,3,3,3,3,13,0,3,3.7670690769223607,2.591961000007359,15.095982999980606,57.0
1780667559,5,,Aggregated,2.300000,0.000000,140,330,350,360,450,620,660,660,660,660,660,146,0,140,181.70616354109555,2.591961000007359,717.7693790000035,2726.0068493150684
1780667560,5,POST,/api/book,1.400000,0.000000,190,350,360,420,620,660,660,660,660,660,660,116,0,160,231.19618528448086,122.14690899998004,717.7693790000035,3382.4224137931033
1780667560,5,GET,/api/concerts,0.700000,0.000000,3,3,3,3,3,3,3,3,3,3,3,20,0,3,3.7975408000050948,2.6221809999924517,20.96208000000388,753.0
1780667560,5,GET,/health,0.000000,0.000000,3,3,3,3,3,3,3,3,3,3,3,13,0,3,3.7670690769223607,2.591961000007359,15.095982999980606,57.0
1780667560,5,,Aggregated,2.100000,0.000000,140,140,190,220,350,350,360,360,360,360,360,149,0,140,180.83006850335482,2.591961000007359,717.7693790000035,2739.3422818791946
1780667561,5,POST,/api/book,1.400000,0.000000,140,190,220,330,350,360,360,360,360,360,360,118,0,160,229.645922847456,122.14690899998004,717.7693790000035,3381.9576271186443
1780667561,5,GET,/api/concerts,0.600000,0.000000,3,3,3,3,3,3,3,3,3,3,3,20,0,3,3.7975408000050948,2.6221809999924517,20.96208000000388,753.0
1780667561,5,GET,/health,0.000000,0.000000,3,3,3,3,3,3,3,3,3,3,3,13,0,3,3.7670690769223607,2.591961000007359,15.095982999980606,57.0
1780667561,5,,Aggregated,2.000000,0.000000,140,140,190,220,350,350,360,360,360,360,360,151,0,140,180.28570602648938,2.591961000007359,717.7693790000035,2747.4966887417218
1780667562,5,POST,/api/book,1.600000,0.000000,140,190,220,330,350,360,360,360,360,360,360,118,0,160,229.645922847456,122.14690899998004,717.7693790000035,3381.9576271186443
1780667562,5,GET,/api/concerts,0.700000,0.000000,3,3,3,3,3,3,3,3,3,3,3,22,0,3,3.709653545461771,2.6221809999924517,20.96208000000388,753.0
1780667562,5,GET,/health,0.000000,0.000000,3,3,3,3,3,3,3,3,3,3,3,13,0,3,3.7670690769223607,2.591961000007359,15.095982999980606,57.0
1780667562,5,,Aggregated,2.300000,0.000000,140,140,190,220,350,350,360,360,360,360,360,153,0,140,177.96603380392128,2.591961000007359,717.7693790000035,2721.424836601307
1780667563,5,POST,/api/book,1.500000,0.000000,140,220,290,330,350,360,360,360,360,360,360,121,0,160,229.39462592561839,122.14690899998004,717.7693790000035,3382.3636363636365
1780667563,5,GET,/api/concerts,0.700000,0.000000,3,3,3,3,3,3,3,3,3,3,3,22,0,3,3.709653545461771,2.6221809999924517,20.96208000000388,753.0
1780667563,5,GET,/health,0.000000,0.000000,3,3,3,3,3,3,3,3,3,3,3,13,0,3,3.7670690769223607,2.591961000007359,15.095982999980606,57.0
1780667563,5,,Aggregated,2.200000,0.000000,140,190,230,290,350,350,360,360,360,360,360,156,0,140,178.7649616217947,2.591961000007359,717.7693790000035,2734.4423076923076
1780667564,5,POST,/api/book,1.700000,0.000000,140,140,220,230,330,360,360,360,360,360,360,123,0,160,227.96141141463272,122.14690899998004,717.7693790000035,3382.2195121951218
1780667564,5,GET,/api/concerts,0.600000,0.000000,3,3,3,3,3,3,3,3,3,3,3,22,0,3,3.709653545461771,2.6221809999924517,20.96208000000388,753.0
1780667564,5,GET,/health,0.000000,0.000000,3,3,3,3,3,3,3,3,3,3,3,13,0,3,3.7670690769223607,2.591961000007359,15.095982999980606,57.0
1780667564,5,,Aggregated,2.300000,0.000000,140,140,190,220,290,330,360,360,360,360,360,158,0,140,178.29011316455677,2.591961000007359,717.7693790000035,2742.53164556962
1780667565,5,POST,/api/book,1.600000,0.000000,140,140,190,220,290,330,360,360,360,360,360,127,0,150,225.38619191338395,122.14690899998004,717.7693790000035,3382.3543307086616
1780667565,5,GET,/api/concerts,0.700000,0.000000,3,3,3,3,3,3,3,3,3,3,3,22,0,3,3.709653545461771,2.6221809999924517,20.96208000000388,753.0
1780667565,5,GET,/health,0.000000,0.000000,0,0,0,0,0,0,0,0,0,0,0,13,0,3,3.7670690769223607,2.591961000007359,15.095982999980606,57.0
1780667565,5,,Aggregated,2.300000,0.000000,140,140,170,190,290,330,360,360,360,360,360,162,0,140,177.497720055555,2.591961000007359,717.7693790000035,2758.432098765432
1780667566,5,POST,/api/book,1.600000,0.000000,140,140,140,170,230,290,290,290,290,290,290,127,0,150,225.38619191338395,122.14690899998004,717.7693790000035,3382.3543307086616
1780667566,5,GET,/api/concerts,0.700000,0.000000,3,3,3,3,3,3,3,3,3,3,3,22,0,3,3.709653545461771,2.6221809999924517,20.96208000000388,753.0
1780667566,5,GET,/health,0.000000,0.000000,0,0,0,0,0,0,0,0,0,0,0,13,0,3,3.7670690769223607,2.591961000007359,15.095982999980606,57.0
1780667566,5,,Aggregated,2.300000,0.000000,140,140,140,140,190,230,290,290,290,290,290,162,0,140,177.497720055555,2.591961000007359,717.7693790000035,2758.432098765432
1780667567,5,POST,/api/book,1.900000,0.000000,140,140,190,230,410,430,440,440,440,440,440,130,0,160,230.01356649230607,122.14690899998004,717.7693790000035,3382.076923076923
1780667567,5,GET,/api/concerts,0.400000,0.000000,3,3,3,3,3,3,3,3,3,3,3,23,0,3,3.682552478267098,2.6221809999924517,20.96208000000388,753.0
1780667567,5,GET,/health,0.000000,0.000000,0,0,0,0,0,0,0,0,0,0,0,13,0,3,3.7670690769223607,2.591961000007359,15.095982999980606,57.0
1780667567,5,,Aggregated,2.300000,0.000000,140,140,170,230,410,430,440,440,440,440,440,166,0,140,180.93635089758988,2.591961000007359,717.7693790000035,2757.409638554217
1780667568,5,POST,/api/book,2.200000,0.000000,140,140,170,230,410,430,440,440,440,440,440,132,0,150,228.64591559848319,122.14690899998004,717.7693790000035,3382.1363636363635
1780667568,5,GET,/api/concerts,0.400000,0.000000,3,3,3,3,3,3,3,3,3,3,3,23,0,3,3.682552478267098,2.6221809999924517,20.96208000000388,753.0
1780667568,5,GET,/health,0.000000,0.000000,0,0,0,0,0,0,0,0,0,0,0,13,0,3,3.7670690769223607,2.591961000007359,15.095982999980606,57.0
1780667568,5,,Aggregated,2.600000,0.000000,140,140,140,230,410,430,440,440,440,440,440,168,0,140,180.4460206190471,2.591961000007359,717.7693790000035,2764.8928571428573
1780667569,5,POST,/api/book,1.900000,0.000000,140,140,230,290,430,440,440,440,440,440,440,133,0,150,227.99652167669015,122.14690899998004,717.7693790000035,3382.187969924812
1780667569,5,GET,/api/concerts,0.300000,0.000000,3,3,3,3,3,3,3,3,3,3,3,23,0,3,3.682552478267098,2.6221809999924517,20.96208000000388,753.0
1780667569,5,GET,/health,0.000000,0.000000,0,0,0,0,0,0,0,0,0,0,0,15,0,3,4.686657466663746,2.591961000007359,18.63651899998331,57.0
1780667569,5,,Aggregated,2.200000,0.000000,140,140,140,230,410,430,440,440,440,440,440,171,0,140,178.23705235087652,2.591961000007359,717.7693790000035,2736.87134502924
1780667570,5,POST,/api/book,2.100000,0.000000,140,160,230,290,430,440,440,440,440,440,440,134,0,150,227.45602766417753,122.14690899998004,717.7693790000035,3382.268656716418
1780667570,5,GET,/api/concerts,0.400000,0.000000,3,3,3,3,3,3,3,3,3,3,3,23,0,3,3.682552478267098,2.6221809999924517,20.96208000000388,753.0
1780667570,5,GET,/health,0.000000,0.000000,19,19,19,19,19,19,19,19,19,19,19,15,0,3,4.686657466663746,2.591961000007359,18.63651899998331,57.0
1780667570,5,,Aggregated,2.500000,0.000000,140,140,170,230,410,430,440,440,440,440,440,172,0,140,178.10526904651095,2.591961000007359,717.7693790000035,2740.686046511628
1780667571,5,POST,/api/book,2.100000,0.000000,140,160,230,290,430,440,440,440,440,440,440,135,0,150,226.8263881481465,122.14690899998004,717.7693790000035,3382.5777777777776
1780667571,5,GET,/api/concerts,0.400000,0.000000,3,3,3,3,3,3,3,3,3,3,3,24,0,3,3.6638975833393297,2.6221809999924517,20.96208000000388,753.0
1780667571,5,GET,/health,0.000000,0.000000,19,19,19,19,19,19,19,19,19,19,19,15,0,3,4.686657466663746,2.591961000007359,18.63651899998331,57.0
1780667571,5,,Aggregated,2.500000,0.000000,140,140,170,230,410,430,440,440,440,440,440,174,0,140,176.8953781839073,2.591961000007359,717.7693790000035,2733.189655172414
1780667572,5,POST,/api/book,2.000000,0.000000,160,230,320,330,430,440,440,440,440,440,440,138,0,160,227.70555767391104,122.14690899998004,717.7693790000035,3382.8260869565215
1780667572,5,GET,/api/concerts,0.300000,0.000000,3,3,3,3,3,3,3,3,3,3,3,26,0,3,3.5904010769299406,2.6221809999924517,20.96208000000388,753.0
1780667572,5,GET,/health,0.200000,0.000000,19,19,19,19,19,19,19,19,19,19,19,15,0,3,4.686657466663746,2.591961000007359,18.63651899998331,57.0
1780667572,5,,Aggregated,2.500000,0.000000,140,160,230,290,410,430,440,440,440,440,440,179,0,140,176.46378351396564,2.591961000007359,717.7693790000035,2722.1396648044692
1780667574,5,POST,/api/book,2.000000,0.000000,160,170,330,410,430,440,440,440,440,440,440,138,0,160,227.70555767391104,122.14690899998004,717.7693790000035,3382.8260869565215
1780667574,5,GET,/api/concerts,0.300000,0.000000,3,3,3,3,3,3,3,3,3,3,3,26,0,3,3.5904010769299406,2.6221809999924517,20.96208000000388,753.0
1780667574,5,GET,/health,0.200000,0.000000,19,19,19,19,19,19,19,19,19,19,19,15,0,3,4.686657466663746,2.591961000007359,18.63651899998331,57.0
1780667574,5,,Aggregated,2.500000,0.000000,140,160,170,320,410,430,440,440,440,440,440,179,0,140,176.46378351396564,2.591961000007359,717.7693790000035,2722.1396648044692
1780667575,5,POST,/api/book,1.700000,0.000000,160,210,320,330,430,440,440,440,440,440,440,140,0,160,227.4402016428548,122.14690899998004,717.7693790000035,3382.5785714285716
1780667575,5,GET,/api/concerts,0.400000,0.000000,3,3,3,3,3,3,3,3,3,3,3,26,0,3,3.5904010769299406,2.6221809999924517,20.96208000000388,753.0
1780667575,5,GET,/health,0.200000,0.000000,3,3,19,19,19,19,19,19,19,19,19,16,0,3,4.542093249998658,2.373630000022331,18.63651899998331,57.0
1780667575,5,,Aggregated,2.300000,0.000000,140,160,210,320,410,430,440,440,440,440,440,182,0,140,175.86622060439464,2.373630000022331,717.7693790000035,2714.565934065934
1780667576,5,POST,/api/book,2.000000,0.000000,210,320,330,410,430,440,440,440,440,440,440,141,0,160,226.73284170921755,122.14690899998004,717.7693790000035,3382.581560283688
1780667576,5,GET,/api/concerts,0.400000,0.000000,3,3,3,3,3,3,3,3,3,3,3,27,0,3,3.5735022963026326,2.6221809999924517,20.96208000000388,753.0
1780667576,5,GET,/health,0.200000,0.000000,3,3,19,19,19,19,19,19,19,19,19,16,0,3,4.542093249998658,2.373630000022331,18.63651899998331,57.0
1780667576,5,,Aggregated,2.600000,0.000000,140,160,210,320,410,430,440,440,440,440,440,184,0,140,174.66569964673815,2.373630000022331,717.7693790000035,2707.538043478261
1780667577,5,POST,/api/book,1.700000,0.000000,160,160,210,210,320,330,330,330,330,330,330,142,0,160,226.07270116901196,122.14690899998004,717.7693790000035,3382.556338028169
1780667577,5,GET,/api/concerts,0.400000,0.000000,3,3,3,3,3,3,3,3,3,3,3,27,0,3,3.5735022963026326,2.6221809999924517,20.96208000000388,753.0
1780667577,5,GET,/health,0.200000,0.000000,3,3,19,19,19,19,19,19,19,19,19,17,0,3,4.432334235292167,2.373630000022331,18.63651899998331,57.0
1780667577,5,,Aggregated,2.300000,0.000000,140,140,160,210,320,330,330,330,330,330,330,186,0,140,173.51697747311735,2.373630000022331,717.7693790000035,2696.8978494623657
1780667578,5,POST,/api/book,1.700000,0.000000,160,210,210,210,320,330,330,330,330,330,330,146,0,160,224.31091823972366,122.14690899998004,717.7693790000035,3381.890410958904
1780667578,5,GET,/api/concerts,0.400000,0.000000,3,3,3,3,3,3,3,3,3,3,3,27,0,3,3.5735022963026326,2.6221809999924517,20.96208000000388,753.0
1780667578,5,GET,/health,0.300000,0.000000,3,3,19,19,19,19,19,19,19,19,19,17,0,3,4.432334235292167,2.373630000022331,18.63651899998331,57.0
1780667578,5,,Aggregated,2.400000,0.000000,140,160,170,210,210,320,330,330,330,330,330,190,0,140,173.26962266841994,2.373630000022331,717.7693790000035,2710.821052631579
1780667579,5,POST,/api/book,1.400000,0.000000,160,190,210,210,320,330,330,330,330,330,330,148,0,160,223.47436670945717,122.14690899998004,717.7693790000035,3382.108108108108
1780667579,5,GET,/api/concerts,0.500000,0.000000,3,3,3,3,3,3,3,3,3,3,3,27,0,3,3.5735022963026326,2.6221809999924517,20.96208000000388,753.0
1780667579,5,GET,/health,0.300000,0.000000,3,3,19,19,19,19,19,19,19,19,19,17,0,3,4.432334235292167,2.373630000022331,18.63651899998331,57.0
1780667579,5,,Aggregated,2.200000,0.000000,140,160,190,210,210,320,330,330,330,330,330,192,0,140,173.15646102604057,2.373630000022331,717.7693790000035,2717.9791666666665
1780667580,5,POST,/api/book,1.500000,0.000000,190,210,210,210,320,330,330,330,330,330,330,150,0,160,223.39702839999774,122.14690899998004,717.7693790000035,3382.2533333333336
1780667580,5,GET,/api/concerts,0.500000,0.000000,3,3,3,3,3,3,3,3,3,3,3,28,0,3,3.540980678577301,2.6221809999924517,20.96208000000388,753.0
1780667580,5,GET,/health,0.400000,0.000000,3,3,19,19,19,19,19,19,19,19,19,17,0,3,4.432334235292167,2.373630000022331,18.63651899998331,57.0
1780667580,5,,Aggregated,2.400000,0.000000,140,190,210,210,220,320,330,330,330,330,330,195,0,140,172.73872513333222,2.373630000022331,717.7693790000035,2714.825641025641
1780667581,5,POST,/api/book,1.600000,0.000000,190,210,210,220,320,330,330,330,330,330,330,150,0,160,223.39702839999774,122.14690899998004,717.7693790000035,3382.2533333333336
1780667581,5,GET,/api/concerts,0.400000,0.000000,3,3,3,3,21,21,21,21,21,21,21,30,0,3,4.103015933338838,2.6221809999924517,21.272525000028963,753.0
1780667581,5,GET,/health,0.400000,0.000000,3,3,3,3,3,3,3,3,3,3,3,17,0,3,4.432334235292167,2.373630000022331,18.63651899998331,57.0
1780667581,5,,Aggregated,2.400000,0.000000,140,190,210,210,220,320,330,330,330,330,330,197,0,140,171.1065706598974,2.373630000022331,717.7693790000035,2694.9086294416243
1780667582,5,POST,/api/book,1.600000,0.000000,210,210,220,290,330,330,330,330,330,330,330,153,0,160,224.33857876470375,122.14690899998004,717.7693790000035,3382.150326797386
1780667582,5,GET,/api/concerts,0.400000,0.000000,3,3,3,3,21,21,21,21,21,21,21,30,0,3,4.103015933338838,2.6221809999924517,21.272525000028963,753.0
1780667582,5,GET,/health,0.400000,0.000000,3,3,3,3,3,3,3,3,3,3,3,17,0,3,4.432334235292167,2.373630000022331,18.63651899998331,57.0
1780667582,5,,Aggregated,2.400000,0.000000,160,210,210,210,320,330,330,330,330,330,330,200,0,140,172.61121355499898,2.373630000022331,717.7693790000035,2705.14
1780667583,5,POST,/api/book,1.700000,0.000000,190,210,210,220,290,330,330,330,330,330,330,155,0,160,223.93545241290127,122.14690899998004,717.7693790000035,3382.4064516129033
1780667583,5,GET,/api/concerts,0.500000,0.000000,3,3,21,21,21,21,21,21,21,21,21,30,0,3,4.103015933338838,2.6221809999924517,21.272525000028963,753.0
1780667583,5,GET,/health,0.200000,0.000000,3,3,3,3,3,3,3,3,3,3,3,17,0,3,4.432334235292167,2.373630000022331,18.63651899998331,57.0
1780667583,5,,Aggregated,2.400000,0.000000,140,210,210,210,250,290,330,330,330,330,330,202,0,140,172.81403605940503,2.373630000022331,717.7693790000035,2712.039603960396
1780667584,5,POST,/api/book,1.600000,0.000000,190,210,220,220,290,330,330,330,330,330,330,156,0,160,223.37458044230567,122.14690899998004,717.7693790000035,3382.25641025641
1780667584,5,GET,/api/concerts,0.600000,0.000000,3,3,21,21,21,21,21,21,21,21,21,30,0,3,4.103015933338838,2.6221809999924517,21.272525000028963,753.0
1780667584,5,GET,/health,0.200000,0.000000,3,3,3,3,3,3,3,3,3,3,3,17,0,3,4.432334235292167,2.373630000022331,18.63651899998331,57.0
1780667584,5,,Aggregated,2.400000,0.000000,140,190,210,210,250,290,330,330,330,330,330,203,0,140,172.63485078325027,2.373630000022331,717.7693790000035,2715.2266009852215
1780667585,5,POST,/api/book,1.800000,0.000000,210,220,250,290,370,380,380,380,380,380,380,159,0,170,225.34220664150743,122.14690899998004,717.7693790000035,3382.4716981132074
1780667585,5,GET,/api/concerts,0.600000,0.000000,3,3,21,21,21,21,21,21,21,21,21,30,0,3,4.103015933338838,2.6221809999924517,21.272525000028963,753.0
1780667585,5,GET,/health,0.200000,0.000000,3,3,3,3,3,3,3,3,3,3,3,17,0,3,4.432334235292167,2.373630000022331,18.63651899998331,57.0
1780667585,5,,Aggregated,2.600000,0.000000,190,210,230,250,330,370,380,380,380,380,380,206,0,140,174.89248066019323,2.373630000022331,717.7693790000035,2725.106796116505
1780667586,5,POST,/api/book,1.700000,0.000000,210,220,250,290,370,380,380,380,380,380,380,160,0,160,224.81110771874802,122.14690899998004,717.7693790000035,3382.7
1780667586,5,GET,/api/concerts,0.400000,0.000000,3,3,21,21,21,21,21,21,21,21,21,30,0,3,4.103015933338838,2.6221809999924517,21.272525000028963,753.0
1780667586,5,GET,/health,0.200000,0.000000,3,3,3,3,3,3,3,3,3,3,3,17,0,3,4.432334235292167,2.373630000022331,18.63651899998331,57.0
1780667586,5,,Aggregated,2.300000,0.000000,190,210,230,250,330,370,380,380,380,380,380,207,0,140,174.72568789854978,2.373630000022331,717.7693790000035,2728.458937198068
1780667587,5,POST,/api/book,1.800000,0.000000,220,230,290,290,370,380,380,380,380,380,380,162,0,170,224.59679287654137,122.14690899998004,717.7693790000035,3382.574074074074
1780667587,5,GET,/api/concerts,0.400000,0.000000,3,3,21,21,21,21,21,21,21,21,21,30,0,3,4.103015933338838,2.6221809999924517,21.272525000028963,753.0
1780667587,5,GET,/health,0.200000,0.000000,3,3,3,3,3,3,3,3,3,3,3,17,0,3,4.432334235292167,2.373630000022331,18.63651899998331,57.0
1780667587,5,,Aggregated,2.400000,0.000000,200,220,250,290,370,380,380,380,380,380,380,209,0,140,175.03885457416183,2.373630000022331,717.7693790000035,2734.622009569378
1780667588,5,POST,/api/book,1.900000,0.000000,220,230,290,290,370,380,380,380,380,380,380,164,0,160,223.52714514024234,122.14690899998004,717.7693790000035,3382.6524390243903
1780667588,5,GET,/api/concerts,0.400000,0.000000,3,3,21,21,21,21,21,21,21,21,21,31,0,3,4.056891032262449,2.6221809999924517,21.272525000028963,753.0
1780667588,5,GET,/health,0.100000,0.000000,3,3,3,3,3,3,3,3,3,3,3,17,0,3,4.432334235292167,2.373630000022331,18.63651899998331,57.0
1780667588,5,,Aggregated,2.400000,0.000000,200,220,250,290,370,380,380,380,380,380,380,212,0,140,173.86587314622562,2.373630000022331,717.7693790000035,2731.448113207547
1780667589,5,POST,/api/book,2.000000,0.000000,210,220,250,290,370,380,380,380,380,380,380,166,0,160,222.5520488795166,122.14690899998004,717.7693790000035,3382.5361445783133
1780667589,5,GET,/api/concerts,0.300000,0.000000,3,3,21,21,21,21,21,21,21,21,21,32,0,3,4.019618875004127,2.6221809999924517,21.272525000028963,753.0
1780667589,5,GET,/health,0.000000,0.000000,3,3,3,3,3,3,3,3,3,3,3,18,0,3,4.337439166663318,2.373630000022331,18.63651899998331,57.0
1780667589,5,,Aggregated,2.300000,0.000000,140,200,230,250,330,370,380,380,380,380,380,216,0,140,171.9923232546288,2.373630000022331,717.7693790000035,2715.847222222222
1780667590,5,POST,/api/book,2.000000,0.000000,190,220,250,290,370,380,380,380,380,380,380,168,0,160,221.5329631130939,122.14690899998004,717.7693790000035,3382.5773809523807
1780667590,5,GET,/api/concerts,0.300000,0.000000,3,3,21,21,21,21,21,21,21,21,21,32,0,3,4.019618875004127,2.6221809999924517,21.272525000028963,753.0
1780667590,5,GET,/health,0.000000,0.000000,3,3,3,3,3,3,3,3,3,3,3,18,0,3,4.337439166663318,2.373630000022331,18.63651899998331,57.0
1780667590,5,,Aggregated,2.300000,0.000000,140,200,230,250,330,370,380,380,380,380,380,218,0,140,171.67082344954056,2.373630000022331,717.7693790000035,2721.9954128440368
1780667591,5,POST,/api/book,1.800000,0.000000,140,200,220,230,370,380,380,380,380,380,380,170,0,160,220.89052406470458,122.14690899998004,717.7693790000035,3382.1
1780667591,5,GET,/api/concerts,0.400000,0.000000,3,3,21,21,21,21,21,21,21,21,21,32,0,3,4.019618875004127,2.6221809999924517,21.272525000028963,753.0
1780667591,5,GET,/health,0.000000,0.000000,3,3,3,3,3,3,3,3,3,3,3,18,0,3,4.337439166663318,2.373630000022331,18.63651899998331,57.0
1780667591,5,,Aggregated,2.200000,0.000000,140,200,220,230,370,380,380,380,380,380,380,220,0,140,171.62768545454475,2.373630000022331,717.7693790000035,2727.6318181818183
1780667592,5,POST,/api/book,1.700000,0.000000,140,200,200,220,370,380,380,380,380,380,380,172,0,160,219.83527294185936,122.14690899998004,717.7693790000035,3382.0813953488373
1780667592,5,GET,/api/concerts,0.500000,0.000000,3,3,21,21,21,21,21,21,21,21,21,32,0,3,4.019618875004127,2.6221809999924517,21.272525000028963,753.0
1780667592,5,GET,/health,0.100000,0.000000,3,3,3,3,3,3,3,3,3,3,3,18,0,3,4.337439166663318,2.373630000022331,18.63651899998331,57.0
1780667592,5,,Aggregated,2.300000,0.000000,140,140,200,220,370,380,380,380,380,380,380,222,0,140,171.2539128603598,2.373630000022331,717.7693790000035,2733.5135135135133
1780667593,5,POST,/api/book,1.800000,0.000000,140,200,220,230,370,380,380,380,380,380,380,174,0,160,220.1506156781597,122.14690899998004,717.7693790000035,3382.419540229885
1780667593,5,GET,/api/concerts,0.400000,0.000000,3,3,21,21,21,21,21,21,21,21,21,32,0,3,4.019618875004127,2.6221809999924517,21.272525000028963,753.0
1780667593,5,GET,/health,0.100000,0.000000,3,3,3,3,3,3,3,3,3,3,3,19,0,3,4.247742368417413,2.373630000022331,18.63651899998331,57.0
1780667593,5,,Aggregated,2.300000,0.000000,140,200,220,220,270,370,380,380,380,380,380,225,0,140,171.18018683111043,2.373630000022331,717.7693790000035,2727.6444444444446
1780667594,5,POST,/api/book,2.000000,0.000000,140,140,200,200,220,270,270,270,270,270,270,175,0,160,219.69849999999872,122.14690899998004,717.7693790000035,3382.308571428571
1780667594,5,GET,/api/concerts,0.300000,0.000000,3,3,3,3,3,3,3,3,3,3,3,32,0,3,4.019618875004127,2.6221809999924517,21.272525000028963,753.0
1780667594,5,GET,/health,0.100000,0.000000,3,3,3,3,3,3,3,3,3,3,3,19,0,3,4.247742368417413,2.373630000022331,18.63651899998331,57.0
1780667594,5,,Aggregated,2.400000,0.000000,140,140,200,200,220,270,270,270,270,270,270,226,0,140,171.04678057079573,2.373630000022331,717.7693790000035,2730.4557522123896
1780667595,5,POST,/api/book,1.900000,0.000000,140,140,200,200,220,270,270,270,270,270,270,177,0,160,218.7579946045183,122.14690899998004,717.7693790000035,3382.367231638418
1780667595,5,GET,/api/concerts,0.200000,0.000000,3,3,3,3,3,3,3,3,3,3,3,33,0,3,3.9881133333365555,2.6221809999924517,21.272525000028963,753.0
1780667595,5,GET,/health,0.100000,0.000000,3,3,3,3,3,3,3,3,3,3,3,19,0,3,4.247742368417413,2.373630000022331,18.63651899998331,57.0
1780667595,5,,Aggregated,2.200000,0.000000,140,140,140,200,220,220,270,270,270,270,270,229,0,140,170.01082921397278,2.373630000022331,717.7693790000035,2727.5589519650657
1780667596,5,POST,/api/book,1.900000,0.000000,140,140,140,200,220,270,270,270,270,270,270,177,0,160,218.7579946045183,122.14690899998004,717.7693790000035,3382.367231638418
1780667596,5,GET,/api/concerts,0.200000,0.000000,3,3,3,3,3,3,3,3,3,3,3,34,0,3,3.954159941178445,2.6221809999924517,21.272525000028963,753.0
1780667596,5,GET,/health,0.200000,0.000000,3,3,3,3,3,3,3,3,3,3,3,19,0,3,4.247742368417413,2.373630000022331,18.63651899998331,57.0
1780667596,5,,Aggregated,2.300000,0.000000,140,140,140,140,200,220,270,270,270,270,270,230,0,140,169.28397212173795,2.373630000022331,717.7693790000035,2718.973913043478
1780667597,5,POST,/api/book,1.900000,0.000000,140,140,140,200,220,270,270,270,270,270,270,178,0,150,218.3090127808973,122.14690899998004,717.7693790000035,3382.320224719101
1780667597,5,GET,/api/concerts,0.200000,0.000000,3,3,3,3,3,3,3,3,3,3,3,35,0,3,3.9206409714292283,2.6221809999924517,21.272525000028963,753.0
1780667597,5,GET,/health,0.200000,0.000000,3,3,3,3,3,3,3,3,3,3,3,19,0,3,4.247742368417413,2.373630000022331,18.63651899998331,57.0
1780667597,5,,Aggregated,2.300000,0.000000,140,140,140,140,220,270,270,270,270,270,270,232,0,140,168.435059543102,2.373630000022331,717.7693790000035,2713.323275862069
1780667598,5,POST,/api/book,1.800000,0.000000,140,200,220,220,370,460,460,460,460,460,460,181,0,160,220.49716584530242,122.14690899998004,717.7693790000035,3382.4696132596687
1780667598,5,GET,/api/concerts,0.300000,0.000000,3,3,3,3,3,3,3,3,3,3,3,35,0,3,3.9206409714292283,2.6221809999924517,21.272525000028963,753.0
1780667598,5,GET,/health,0.200000,0.000000,3,3,3,3,3,3,3,3,3,3,3,20,0,3,4.172157849995983,2.373630000022331,18.63651899998331,57.0
1780667598,5,,Aggregated,2.300000,0.000000,140,140,200,220,270,370,460,460,460,460,460,236,0,140,170.04513817372742,2.373630000022331,717.7693790000035,2710.686440677966
1780667599,5,POST,/api/book,1.700000,0.000000,140,220,220,270,370,460,460,460,460,460,460,182,0,160,220.04060375274588,122.14690899998004,717.7693790000035,3382.346153846154
1780667599,5,GET,/api/concerts,0.400000,0.000000,3,3,3,3,3,3,3,3,3,3,3,35,0,3,3.9206409714292283,2.6221809999924517,21.272525000028963,753.0
1780667599,5,GET,/health,0.200000,0.000000,3,3,3,3,3,3,3,3,3,3,3,20,0,3,4.172157849995983,2.373630000022331,18.63651899998331,57.0
1780667599,5,,Aggregated,2.300000,0.000000,140,140,220,220,370,460,460,460,460,460,460,237,0,140,169.90740706328978,2.373630000022331,717.7693790000035,2713.4261603375526
1780667600,5,POST,/api/book,1.600000,0.000000,140,220,220,270,370,460,460,460,460,460,460,184,0,150,219.1811024510858,122.14690899998004,717.7693790000035,3382.4239130434785
1780667600,5,GET,/api/concerts,0.500000,0.000000,3,3,3,3,3,3,3,3,3,3,3,36,0,3,3.891720138889178,2.6221809999924517,21.272525000028963,753.0
1780667600,5,GET,/health,0.200000,0.000000,3,3,3,3,3,3,3,3,3,3,3,20,0,3,4.172157849995983,2.373630000022331,18.63651899998331,57.0
1780667600,5,,Aggregated,2.300000,0.000000,140,140,220,220,370,460,460,460,460,460,460,240,0,140,168.97028305416544,2.373630000022331,717.7693790000035,2710.891666666667
1780667601,5,POST,/api/book,1.700000,0.000000,140,220,220,270,370,460,460,460,460,460,460,185,0,150,218.75671095675568,122.14690899998004,717.7693790000035,3382.4540540540543
1780667601,5,GET,/api/concerts,0.400000,0.000000,3,3,3,3,3,3,3,3,3,3,3,36,0,3,3.891720138889178,2.6221809999924517,21.272525000028963,753.0
1780667601,5,GET,/health,0.300000,0.000000,3,3,3,3,3,3,3,3,3,3,3,20,0,3,4.172157849995983,2.373630000022331,18.63651899998331,57.0
1780667601,5,,Aggregated,2.400000,0.000000,140,140,220,220,370,460,460,460,460,460,460,241,0,140,168.85284899999883,2.373630000022331,717.7693790000035,2713.701244813278
1780667602,5,POST,/api/book,1.700000,0.000000,140,220,370,390,400,460,460,460,460,460,460,189,0,160,220.73950538624197,122.14690899998004,717.7693790000035,3382.7195767195767
1780667602,5,GET,/api/concerts,0.300000,0.000000,3,3,3,3,3,3,3,3,3,3,3,36,0,3,3.891720138889178,2.6221809999924517,21.272525000028963,753.0
1780667602,5,GET,/health,0.200000,0.000000,3,3,3,3,3,3,3,3,3,3,3,20,0,3,4.172157849995983,2.373630000022331,18.63651899998331,57.0
1780667602,5,,Aggregated,2.200000,0.000000,140,150,310,370,400,460,460,460,460,460,460,245,0,140,171.19719020408021,2.373630000022331,717.7693790000035,2724.8244897959185
1780667603,5,POST,/api/book,1.600000,0.000000,140,220,370,390,400,460,460,460,460,460,460,190,0,150,220.23967206315663,122.14690899998004,717.7693790000035,3382.9
1780667603,5,GET,/api/concerts,0.400000,0.000000,3,3,3,3,3,3,3,3,3,3,3,36,0,3,3.891720138889178,2.6221809999924517,21.272525000028963,753.0
1780667603,5,GET,/health,0.200000,0.000000,3,3,3,3,3,3,3,3,3,3,3,20,0,3,4.172157849995983,2.373630000022331,18.63651899998331,57.0
1780667603,5,,Aggregated,2.200000,0.000000,140,150,310,370,400,460,460,460,460,460,460,246,0,140,171.0125316016247,2.373630000022331,717.7693790000035,2727.6382113821137
1780667604,5,POST,/api/book,1.700000,0.000000,140,220,310,370,400,460,460,460,460,460,460,192,0,150,219.39982966145692,122.14690899998004,717.7693790000035,3382.8958333333335
1780667604,5,GET,/api/concerts,0.400000,0.000000,3,3,3,3,3,3,3,3,3,3,3,37,0,3,3.867471648649174,2.6221809999924517,21.272525000028963,753.0
1780667604,5,GET,/health,0.200000,0.000000,3,3,3,3,3,3,3,3,3,3,3,20,0,3,4.172157849995983,2.373630000022331,18.63651899998331,57.0
1780667604,5,,Aggregated,2.300000,0.000000,140,150,310,370,400,460,460,460,460,460,460,249,0,140,170.0855698915649,2.373630000022331,717.7693790000035,2724.9678714859438
1780667605,5,POST,/api/book,1.700000,0.000000,140,220,370,370,400,460,460,460,460,460,460,193,0,150,218.9997901502575,122.14690899998004,717.7693790000035,3382.922279792746
1780667605,5,GET,/api/concerts,0.400000,0.000000,3,3,3,3,3,3,3,3,3,3,3,37,0,3,3.867471648649174,2.6221809999924517,21.272525000028963,753.0
1780667605,5,GET,/health,0.200000,0.000000,3,3,3,3,3,3,3,3,3,3,3,20,0,3,4.172157849995983,2.373630000022331,18.63651899998331,57.0
1780667605,5,,Aggregated,2.300000,0.000000,140,150,310,370,400,460,460,460,460,460,460,250,0,140,169.9739964279985,2.373630000022331,717.7693790000035,2727.62
1780667606,5,POST,/api/book,1.600000,0.000000,140,220,310,370,400,460,460,460,460,460,460,195,0,150,218.2240015948702,122.14690899998004,717.7693790000035,3382.846153846154
1780667606,5,GET,/api/concerts,0.400000,0.000000,3,3,3,3,3,3,3,3,3,3,3,38,0,3,3.8422696578948035,2.6221809999924517,21.272525000028963,753.0
1780667606,5,GET,/health,0.100000,0.000000,3,3,3,3,3,3,3,3,3,3,3,20,0,3,4.172157849995983,2.373630000022331,18.63651899998331,57.0
1780667606,5,,Aggregated,2.100000,0.000000,140,150,220,310,390,400,460,460,460,460,460,253,0,140,169.10327950592728,2.373630000022331,717.7693790000035,2724.9367588932805
1780667607,5,POST,/api/book,1.600000,0.000000,140,140,150,310,390,400,400,400,400,400,400,196,0,150,217.82459520407994,122.14690899998004,717.7693790000035,3382.8673469387754
1780667607,5,GET,/api/concerts,0.400000,0.000000,3,3,3,3,3,3,3,3,3,3,3,39,0,3,3.8151240769235093,2.6221809999924517,21.272525000028963,753.0
1780667607,5,GET,/health,0.100000,0.000000,3,3,3,3,3,3,3,3,3,3,3,20,0,3,4.172157849995983,2.373630000022331,18.63651899998331,57.0
1780667607,5,,Aggregated,2.100000,0.000000,140,140,150,150,390,400,400,400,400,400,400,255,0,140,168.33668100391998,2.373630000022331,717.7693790000035,2719.8
1780667608,5,POST,/api/book,1.700000,0.000000,140,140,150,310,390,400,400,400,400,400,400,197,0,150,217.42876251776488,122.14690899998004,717.7693790000035,3382.944162436548
1780667608,5,GET,/api/concerts,0.400000,0.000000,3,3,3,3,3,3,3,3,3,3,3,40,0,3,3.7900673250007344,2.6221809999924517,21.272525000028963,753.0
1780667608,5,GET,/health,0.100000,0.000000,3,3,3,3,3,3,3,3,3,3,3,20,0,3,4.172157849995983,2.373630000022331,18.63651899998331,57.0
1780667608,5,,Aggregated,2.200000,0.000000,140,140,150,150,390,400,400,400,400,400,400,257,0,140,167.58175901167166,2.373630000022331,717.7693790000035,2714.7859922178986
1780667609,5,POST,/api/book,1.700000,0.000000,140,140,150,310,390,400,400,400,400,400,400,199,0,150,216.59411044220917,122.14690899998004,717.7693790000035,3382.879396984925
1780667609,5,GET,/api/concerts,0.400000,0.000000,3,3,3,3,3,3,3,3,3,3,3,40,0,3,3.7900673250007344,2.6221809999924517,21.272525000028963,753.0
1780667609,5,GET,/health,0.100000,0.000000,3,3,3,3,3,3,3,3,3,3,3,21,0,3,4.1057821428526475,2.373630000022331,18.63651899998331,57.0
1780667609,5,,Aggregated,2.200000,0.000000,140,140,150,150,390,400,400,400,400,400,400,260,0,140,166.69250806153673,2.373630000022331,717.7693790000035,2709.653846153846
1780667610,5,POST,/api/book,1.800000,0.000000,140,140,150,310,390,400,400,400,400,400,400,200,0,140,216.19826926999815,122.14690899998004,717.7693790000035,3382.855
1780667610,5,GET,/api/concerts,0.400000,0.000000,3,3,3,3,4,4,4,4,4,4,4,42,0,3,3.763812333334369,2.6221809999924517,21.272525000028963,753.0
1780667610,5,GET,/health,0.100000,0.000000,3,3,3,3,3,3,3,3,3,3,3,21,0,3,4.1057821428526475,2.373630000022331,18.63651899998331,57.0
1780667610,5,,Aggregated,2.300000,0.000000,140,140,140,150,310,390,400,400,400,400,400,263,0,140,165.33823344866758,2.373630000022331,717.7693790000035,2697.3155893536123
1780667611,5,POST,/api/book,1.600000,0.000000,140,140,140,140,140,150,150,150,150,150,150,201,0,140,215.8250944179086,122.14690899998004,717.7693790000035,3383.009950248756
1780667611,5,GET,/api/concerts,0.400000,0.000000,3,3,3,3,4,4,4,4,4,4,4,42,0,3,3.763812333334369,2.6221809999924517,21.272525000028963,753.0
1780667611,5,GET,/health,0.000000,0.000000,3,3,3,3,3,3,3,3,3,3,3,21,0,3,4.1057821428526475,2.373630000022331,18.63651899998331,57.0
1780667611,5,,Aggregated,2.000000,0.000000,130,140,140,140,140,150,150,150,150,150,150,264,0,140,165.24676333711957,2.373630000022331,717.7693790000035,2700.030303030303
1780667612,5,POST,/api/book,1.700000,0.000000,140,140,140,140,140,150,150,150,150,150,150,201,0,140,215.8250944179086,122.14690899998004,717.7693790000035,3383.009950248756
1780667612,5,GET,/api/concerts,0.500000,0.000000,3,3,3,3,4,4,4,4,4,4,4,43,0,3,3.745420209303427,2.6221809999924517,21.272525000028963,753.0
1780667612,5,GET,/health,0.100000,0.000000,3,3,3,3,3,3,3,3,3,3,3,21,0,3,4.1057821428526475,2.373630000022331,18.63651899998331,57.0
1780667612,5,,Aggregated,2.300000,0.000000,130,140,140,140,140,150,150,150,150,150,150,265,0,140,164.63440932830028,2.373630000022331,717.7693790000035,2692.6830188679246
1780667613,5,POST,/api/book,1.600000,0.000000,140,150,310,410,520,640,640,640,640,640,640,205,0,150,220.7249711268274,122.14690899998004,717.7693790000035,3382.8243902439026
1780667613,5,GET,/api/concerts,0.600000,0.000000,3,3,3,3,4,4,4,4,4,4,4,43,0,3,3.745420209303427,2.6221809999924517,21.272525000028963,753.0
1780667613,5,GET,/health,0.100000,0.000000,3,3,3,3,3,3,3,3,3,3,3,21,0,3,4.1057821428526475,2.373630000022331,18.63651899998331,57.0
1780667613,5,,Aggregated,2.300000,0.000000,140,140,140,150,410,520,640,640,640,640,640,269,0,140,169.12971589219168,2.373630000022331,717.7693790000035,2702.806691449814
1780667614,5,POST,/api/book,1.200000,0.000000,140,150,410,410,520,640,640,640,640,640,640,205,0,150,220.7249711268274,122.14690899998004,717.7693790000035,3382.8243902439026
1780667614,5,GET,/api/concerts,0.700000,0.000000,3,3,3,3,4,4,4,4,4,4,4,44,0,3,3.7272635000016923,2.6221809999924517,21.272525000028963,753.0
1780667614,5,GET,/health,0.100000,0.000000,3,3,3,3,3,3,3,3,3,3,3,21,0,3,4.1057821428526475,2.373630000022331,18.63651899998331,57.0
1780667614,5,,Aggregated,2.000000,0.000000,140,140,150,310,520,640,640,640,640,640,640,270,0,140,168.5142225925911,2.373630000022331,717.7693790000035,2695.5851851851853
1780667615,5,POST,/api/book,1.400000,0.000000,140,150,310,410,520,640,640,640,640,640,640,207,0,150,219.8303015797083,122.14690899998004,717.7693790000035,3382.8985507246375
1780667615,5,GET,/api/concerts,0.700000,0.000000,3,3,3,3,4,4,4,4,4,4,4,44,0,3,3.7272635000016923,2.6221809999924517,21.272525000028963,753.0
1780667615,5,GET,/health,0.100000,0.000000,3,3,3,3,3,3,3,3,3,3,3,21,0,3,4.1057821428526475,2.373630000022331,18.63651899998331,57.0
1780667615,5,,Aggregated,2.200000,0.000000,140,140,150,310,520,640,640,640,640,640,640,272,0,140,168.21725531617497,2.373630000022331,717.7693790000035,2700.6948529411766
1780667616,5,POST,/api/book,1.400000,0.000000,140,310,380,410,520,640,640,640,640,640,640,209,0,150,221.05819613875423,122.14690899998004,717.7693790000035,3382.799043062201
1780667616,5,GET,/api/concerts,0.700000,0.000000,3,3,4,4,19,19,19,19,19,19,19,45,0,3,4.058952666668524,2.6221809999924517,21.272525000028963,753.0
1780667616,5,GET,/health,0.100000,0.000000,3,3,3,3,3,3,3,3,3,3,3,21,0,3,4.1057821428526475,2.373630000022331,18.63651899998331,57.0
1780667616,5,,Aggregated,2.200000,0.000000,140,140,310,380,520,640,640,640,640,640,640,275,0,140,168.98195377454408,2.373630000022331,717.7693790000035,2698.498181818182
1780667617,5,POST,/api/book,1.400000,0.000000,220,310,380,410,520,640,640,640,640,640,640,210,0,150,221.0550616142839,122.14690899998004,717.7693790000035,3382.7714285714287
1780667617,5,GET,/api/concerts,0.700000,0.000000,3,3,4,4,19,19,19,19,19,19,19,45,0,3,4.058952666668524,2.6221809999924517,21.272525000028963,753.0
1780667617,5,GET,/health,0.100000,0.000000,3,3,3,3,3,3,3,3,3,3,3,21,0,3,4.1057821428526475,2.373630000022331,18.63651899998331,57.0
1780667617,5,,Aggregated,2.200000,0.000000,140,220,310,380,520,640,640,640,640,640,640,276,0,140,169.16825084782465,2.373630000022331,717.7693790000035,2700.9565217391305
1780667618,5,POST,/api/book,1.300000,0.000000,370,390,410,480,520,640,640,640,640,640,640,213,0,150,223.82704649295565,122.14690899998004,717.7693790000035,3382.3849765258215
1780667618,5,GET,/api/concerts,0.700000,0.000000,3,4,4,19,19,19,19,19,19,19,19,45,0,3,4.058952666668524,2.6221809999924517,21.272525000028963,753.0
1780667618,5,GET,/health,0.100000,0.000000,3,3,3,3,3,3,3,3,3,3,3,21,0,3,4.1057821428526475,2.373630000022331,18.63651899998331,57.0
1780667618,5,,Aggregated,2.100000,0.000000,220,370,390,410,520,640,640,640,640,640,640,279,0,140,171.84242006451447,2.373630000022331,717.7693790000035,2707.9928315412185
1780667619,5,POST,/api/book,1.500000,0.000000,310,380,410,480,520,640,640,640,640,640,640,215,0,150,223.02865850232337,122.14690899998004,717.7693790000035,3382.4837209302327
1780667619,5,GET,/api/concerts,0.700000,0.000000,3,4,4,19,19,19,19,19,19,19,19,45,0,3,4.058952666668524,2.6221809999924517,21.272525000028963,753.0
1780667619,5,GET,/health,0.100000,0.000000,3,3,3,3,3,3,3,3,3,3,3,21,0,3,4.1057821428526475,2.373630000022331,18.63651899998331,57.0
1780667619,5,,Aggregated,2.300000,0.000000,310,370,390,410,520,640,640,640,640,640,640,281,0,140,171.60155114946446,2.373630000022331,717.7693790000035,2712.868327402135
1780667620,5,POST,/api/book,1.400000,0.000000,310,380,390,410,520,640,640,640,640,640,640,217,0,150,222.25312014746325,122.14690899998004,717.7693790000035,3382.63133640553
1780667620,5,GET,/api/concerts,0.600000,0.000000,3,3,19,19,19,19,19,19,19,19,19,45,0,3,4.058952666668524,2.6221809999924517,21.272525000028963,753.0
1780667620,5,GET,/health,0.100000,0.000000,3,3,3,3,3,3,3,3,3,3,3,21,0,3,4.1057821428526475,2.373630000022331,18.63651899998331,57.0
1780667620,5,,Aggregated,2.100000,0.000000,220,370,390,410,520,640,640,640,640,640,640,283,0,140,171.37032285158838,2.373630000022331,717.7693790000035,2717.713780918728
1780667621,5,POST,/api/book,1.600000,0.000000,310,370,390,410,520,640,640,640,640,640,640,219,0,150,221.70142596346827,122.14690899998004,717.7693790000035,3382.6849315068494
1780667621,5,GET,/api/concerts,0.600000,0.000000,3,3,19,19,19,19,19,19,19,19,19,45,0,3,4.058952666668524,2.6221809999924517,21.272525000028963,753.0
1780667621,5,GET,/health,0.100000,0.000000,14,14,14,14,14,14,14,14,14,14,14,22,0,3,4.553528909086295,2.373630000022331,18.63651899998331,57.0
1780667621,5,,Aggregated,2.300000,0.000000,180,310,380,390,480,520,640,640,640,640,640,286,0,140,170.75329647552283,2.373630000022331,717.7693790000035,2713.1013986013986
1780667622,5,POST,/api/book,1.600000,0.000000,180,310,370,370,390,480,480,480,480,480,480,220,0,150,221.25313292272537,122.14690899998004,717.7693790000035,3382.65
1780667622,5,GET,/api/concerts,0.500000,0.000000,3,3,19,19,19,19,19,19,19,19,19,46,0,3,4.030117130435715,2.6221809999924517,21.272525000028963,753.0
1780667622,5,GET,/health,0.000000,0.000000,3,3,14,14,14,14,14,14,14,14,14,23,0,3,4.472020347819857,2.373630000022331,18.63651899998331,57.0
1780667622,5,,Aggregated,2.100000,0.000000,140,180,310,310,380,390,480,480,480,480,480,289,0,140,169.42536712456567,2.373630000022331,717.7693790000035,2699.418685121107
1780667623,5,POST,/api/book,1.700000,0.000000,170,220,310,370,390,480,480,480,480,480,480,222,0,150,221.02284481981798,122.14690899998004,717.7693790000035,3383.0045045045044
1780667623,5,GET,/api/concerts,0.300000,0.000000,3,3,19,19,19,19,19,19,19,19,19,47,0,3,4.003358340426946,2.6221809999924517,21.272525000028963,753.0
1780667623,5,GET,/health,0.000000,0.000000,3,3,14,14,14,14,14,14,14,14,14,24,0,3,4.399714833326129,2.373630000022331,18.63651899998331,57.0
1780667623,5,,Aggregated,2.000000,0.000000,140,170,220,310,380,390,480,480,480,480,480,293,0,140,168.46697115358188,2.373630000022331,717.7693790000035,2688.689419795222
1780667624,5,POST,/api/book,1.800000,0.000000,180,220,310,370,390,480,480,480,480,480,480,223,0,150,221.03257111658993,122.14690899998004,717.7693790000035,3382.964125560538
1780667624,5,GET,/api/concerts,0.300000,0.000000,3,3,19,19,19,19,19,19,19,19,19,48,0,3,3.9748102500010893,2.6221809999924517,21.272525000028963,753.0
1780667624,5,GET,/health,0.100000,0.000000,3,3,14,14,14,14,14,14,14,14,14,24,0,3,4.399714833326129,2.373630000022331,18.63651899998331,57.0
1780667624,5,,Aggregated,2.200000,0.000000,140,180,220,310,380,390,480,480,480,480,480,295,0,140,168.09033019321842,2.373630000022331,717.7693790000035,2684.4508474576273
1780667625,5,POST,/api/book,1.800000,0.000000,180,220,260,350,390,480,480,480,480,480,480,226,0,150,221.42862717256392,122.14690899998004,717.7693790000035,3382.809734513274
1780667625,5,GET,/api/concerts,0.400000,0.000000,3,3,19,19,19,19,19,19,19,19,19,48,0,3,3.9748102500010893,2.6221809999924517,21.272525000028963,753.0
1780667625,5,GET,/health,0.300000,0.000000,3,3,14,14,14,14,14,14,14,14,14,24,0,3,4.399714833326129,2.373630000022331,18.63651899998331,57.0
1780667625,5,,Aggregated,2.500000,0.000000,140,220,220,260,370,390,480,480,480,480,480,298,0,140,168.92367043288365,2.373630000022331,717.7693790000035,2691.3657718120803
1780667626,5,POST,/api/book,1.800000,0.000000,180,230,270,350,390,480,480,480,480,480,480,229,0,150,221.27799824453925,122.14690899998004,717.7693790000035,3382.685589519651
1780667626,5,GET,/api/concerts,0.400000,0.000000,3,3,19,19,19,19,19,19,19,19,19,48,0,3,3.9748102500010893,2.6221809999924517,21.272525000028963,753.0
1780667626,5,GET,/health,0.300000,0.000000,3,3,14,14,14,14,14,14,14,14,14,24,0,3,4.399714833326129,2.373630000022331,18.63651899998331,57.0
1780667626,5,,Aggregated,2.500000,0.000000,140,220,230,270,370,390,480,480,480,480,480,301,0,140,169.3323775614597,2.373630000022331,717.7693790000035,2698.1627906976746
1780667627,5,POST,/api/book,1.900000,0.000000,180,220,260,270,350,430,430,430,430,430,430,232,0,150,222.72162453879102,122.14690899998004,717.7693790000035,3382.7155172413795
1780667627,5,GET,/api/concerts,0.400000,0.000000,3,3,19,19,19,19,19,19,19,19,19,48,0,3,3.9748102500010893,2.6221809999924517,21.272525000028963,753.0
1780667627,5,GET,/health,0.300000,0.000000,3,3,14,14,14,14,14,14,14,14,14,24,0,3,4.399714833326129,2.373630000022331,18.63651899998331,57.0
1780667627,5,,Aggregated,2.600000,0.000000,140,210,220,260,350,350,430,430,430,430,430,304,0,140,170.94671362170854,2.373630000022331,717.7693790000035,2704.940789473684
1780667628,5,POST,/api/book,2.000000,0.000000,210,220,260,270,350,430,430,430,430,430,430,233,0,150,222.28789953218683,121.6636980000203,717.7693790000035,3382.678111587983
1780667628,5,GET,/api/concerts,0.300000,0.000000,3,3,3,3,3,3,3,3,3,3,3,48,0,3,3.9748102500010893,2.6221809999924517,21.272525000028963,753.0
1780667628,5,GET,/health,0.300000,0.000000,3,3,14,14,14,14,14,14,14,14,14,25,0,3,4.348117439994894,2.373630000022331,18.63651899998331,57.0
1780667628,5,,Aggregated,2.600000,0.000000,140,210,220,260,350,350,430,430,430,430,430,306,0,140,170.2371713039198,2.373630000022331,717.7693790000035,2698.47385620915
1780667629,5,POST,/api/book,2.000000,0.000000,220,230,270,270,350,430,430,430,430,430,430,233,0,150,222.28789953218683,121.6636980000203,717.7693790000035,3382.678111587983
1780667629,5,GET,/api/concerts,0.300000,0.000000,3,3,3,3,3,3,3,3,3,3,3,50,0,3,3.925063660001342,2.6221809999924517,21.272525000028963,753.0
1780667629,5,GET,/health,0.300000,0.000000,3,3,14,14,14,14,14,14,14,14,14,25,0,3,4.348117439994894,2.373630000022331,18.63651899998331,57.0
1780667629,5,,Aggregated,2.600000,0.000000,140,210,220,260,350,350,430,430,430,430,430,308,0,140,169.14946983766063,2.373630000022331,717.7693790000035,2685.840909090909
1780667630,5,POST,/api/book,2.000000,0.000000,220,260,270,350,350,430,430,430,430,430,430,233,0,150,222.28789953218683,121.6636980000203,717.7693790000035,3382.678111587983
1780667630,5,GET,/api/concerts,0.300000,0.000000,3,3,3,3,3,3,3,3,3,3,3,50,0,3,3.925063660001342,2.6221809999924517,21.272525000028963,753.0
1780667630,5,GET,/health,0.300000,0.000000,3,3,3,3,3,3,3,3,3,3,3,26,0,3,4.277441846150728,2.373630000022331,18.63651899998331,57.0
1780667630,5,,Aggregated,2.600000,0.000000,140,220,230,260,350,350,430,430,430,430,430,309,0,140,168.61018531391431,2.373630000022331,717.7693790000035,2677.3333333333335
1780667631,5,POST,/api/book,2.000000,0.000000,230,280,310,350,410,430,430,430,430,430,430,237,0,160,223.33632342615832,121.6636980000203,717.7693790000035,3382.746835443038
1780667631,5,GET,/api/concerts,0.300000,0.000000,3,3,3,3,3,3,3,3,3,3,3,50,0,3,3.925063660001342,2.6221809999924517,21.272525000028963,753.0
1780667631,5,GET,/health,0.300000,0.000000,3,3,3,3,3,3,3,3,3,3,3,26,0,3,4.277441846150728,2.373630000022331,18.63651899998331,57.0
1780667631,5,,Aggregated,2.600000,0.000000,210,230,280,310,350,410,430,430,430,430,430,313,0,140,170.0900170063882,2.373630000022331,717.7693790000035,2686.3993610223642
1780667632,5,POST,/api/book,1.800000,0.000000,260,280,350,350,410,430,430,430,430,430,430,237,0,160,223.33632342615832,121.6636980000203,717.7693790000035,3382.746835443038
1780667632,5,GET,/api/concerts,0.500000,0.000000,3,3,3,3,3,3,3,3,3,3,3,51,0,3,3.909496098041624,2.6221809999924517,21.272525000028963,753.0
1780667632,5,GET,/health,0.400000,0.000000,3,3,3,3,3,3,3,3,3,3,3,26,0,3,4.277441846150728,2.373630000022331,18.63651899998331,57.0
1780667632,5,,Aggregated,2.700000,0.000000,210,260,280,310,350,410,430,430,430,430,430,314,0,140,169.55830076751454,2.373630000022331,717.7693790000035,2680.2420382165606
1780667633,5,POST,/api/book,1.800000,0.000000,270,290,310,350,410,430,430,430,430,430,430,241,0,160,223.1282033734424,121.6636980000203,717.7693790000035,3382.6265560165975
1780667633,5,GET,/api/concerts,0.500000,0.000000,3,3,3,3,3,3,3,3,3,3,3,51,0,3,3.909496098041624,2.6221809999924517,21.272525000028963,753.0
1780667633,5,GET,/health,0.400000,0.000000,3,3,3,3,3,3,3,3,3,3,3,26,0,3,4.277441846150728,2.373630000022331,18.63651899998331,57.0
1780667633,5,,Aggregated,2.700000,0.000000,210,280,290,310,350,410,430,430,430,430,430,318,0,140,170.07702767924422,2.373630000022331,717.7693790000035,2688.987421383648
1780667634,5,POST,/api/book,1.800000,0.000000,270,290,310,310,410,430,430,430,430,430,430,241,0,160,223.1282033734424,121.6636980000203,717.7693790000035,3382.6265560165975
1780667634,5,GET,/api/concerts,0.500000,0.000000,3,3,3,3,3,3,3,3,3,3,3,51,0,3,3.909496098041624,2.6221809999924517,21.272525000028963,753.0
1780667634,5,GET,/health,0.400000,0.000000,3,3,3,3,3,3,3,3,3,3,3,26,0,3,4.277441846150728,2.373630000022331,18.63651899998331,57.0
1780667634,5,,Aggregated,2.700000,0.000000,140,270,290,290,350,410,430,430,430,430,430,318,0,140,170.07702767924422,2.373630000022331,717.7693790000035,2688.987421383648
1780667635,5,POST,/api/book,1.800000,0.000000,290,350,430,430,490,500,500,500,500,500,500,245,0,160,226.2520026081614,121.6636980000203,717.7693790000035,3382.5183673469387
1780667635,5,GET,/api/concerts,0.400000,0.000000,3,3,3,3,3,3,3,3,3,3,3,51,0,3,3.909496098041624,2.6221809999924517,21.272525000028963,753.0
1780667635,5,GET,/health,0.200000,0.000000,3,3,3,3,3,3,3,3,3,3,3,26,0,3,4.277441846150728,2.373630000022331,18.63651899998331,57.0
1780667635,5,,Aggregated,2.400000,0.000000,210,290,350,410,480,490,500,500,500,500,500,322,0,140,173.1128522608683,2.373630000022331,717.7693790000035,2697.521739130435
1780667636,5,POST,/api/book,1.800000,0.000000,290,350,430,480,490,500,500,500,500,500,500,245,0,160,226.2520026081614,121.6636980000203,717.7693790000035,3382.5183673469387
1780667636,5,GET,/api/concerts,0.400000,0.000000,3,3,3,3,3,3,3,3,3,3,3,51,0,3,3.909496098041624,2.6221809999924517,21.272525000028963,753.0
1780667636,5,GET,/health,0.200000,0.000000,3,3,3,3,3,3,3,3,3,3,3,26,0,3,4.277441846150728,2.373630000022331,18.63651899998331,57.0
1780667636,5,,Aggregated,2.400000,0.000000,280,310,410,430,490,500,500,500,500,500,500,322,0,140,173.1128522608683,2.373630000022331,717.7693790000035,2697.521739130435
1780667637,5,POST,/api/book,1.800000,0.000000,350,430,470,480,500,500,500,500,500,500,500,248,0,160,229.25355892338493,121.6636980000203,717.7693790000035,3382.5685483870966
1780667637,5,GET,/api/concerts,0.300000,0.000000,3,3,3,3,3,3,3,3,3,3,3,51,0,3,3.909496098041624,2.6221809999924517,21.272525000028963,753.0
1780667637,5,GET,/health,0.200000,0.000000,3,3,3,3,3,3,3,3,3,3,3,27,0,3,4.222191592591402,2.373630000022331,18.63651899998331,57.0
1780667637,5,,Aggregated,2.300000,0.000000,280,310,450,470,490,500,500,500,500,500,500,326,0,140,175.3627794079741,2.373630000022331,717.7693790000035,2695.7638036809817
1780667638,5,POST,/api/book,1.900000,0.000000,290,450,470,480,500,500,500,500,500,500,500,250,0,160,228.49111953199804,121.6636980000203,717.7693790000035,3382.352
1780667638,5,GET,/api/concerts,0.300000,0.000000,3,3,3,3,3,3,3,3,3,3,3,51,0,3,3.909496098041624,2.6221809999924517,21.272525000028963,753.0
1780667638,5,GET,/health,0.200000,0.000000,3,3,3,3,3,3,3,3,3,3,3,27,0,3,4.222191592591402,2.373630000022331,18.63651899998331,57.0
1780667638,5,,Aggregated,2.400000,0.000000,290,410,470,480,500,500,500,500,500,500,500,328,0,140,175.11025413719395,2.373630000022331,717.7693790000035,2699.7865853658536
1780667639,5,POST,/api/book,1.600000,0.000000,290,410,470,480,500,500,500,500,500,500,500,252,0,160,227.89428427777597,121.6636980000203,717.7693790000035,3382.1944444444443
1780667639,5,GET,/api/concerts,0.300000,0.000000,3,3,3,3,3,3,3,3,3,3,3,52,0,3,3.889718653847642,2.6221809999924517,21.272525000028963,753.0
1780667639,5,GET,/health,0.200000,0.000000,3,3,3,3,3,3,3,3,3,3,3,27,0,3,4.222191592591402,2.373630000022331,18.63651899998331,57.0
1780667639,5,,Aggregated,2.100000,0.000000,280,310,450,470,490,500,500,500,500,500,500,331,0,140,174.45807909667553,2.373630000022331,717.7693790000035,2697.909365558912
1780667640,5,POST,/api/book,1.800000,0.000000,290,360,450,470,490,500,500,500,500,500,500,254,0,160,228.65548130314784,121.6636980000203,717.7693790000035,3382.240157480315
1780667640,5,GET,/api/concerts,0.300000,0.000000,3,3,3,3,3,3,3,3,3,3,3,52,0,3,3.889718653847642,2.6221809999924517,21.272525000028963,753.0
1780667640,5,GET,/health,0.300000,0.000000,3,3,3,3,3,3,3,3,3,3,3,27,0,3,4.222191592591402,2.373630000022331,18.63651899998331,57.0
1780667640,5,,Aggregated,2.400000,0.000000,290,360,470,480,500,500,500,500,500,500,500,333,0,140,175.35963001201083,2.373630000022331,717.7693790000035,2702.054054054054
1780667641,5,POST,/api/book,1.700000,0.000000,290,360,470,480,500,500,500,500,500,500,500,256,0,170,228.57338719531063,121.6636980000203,717.7693790000035,3382.203125
1780667641,5,GET,/api/concerts,0.300000,0.000000,3,3,3,3,3,3,3,3,3,3,3,52,0,3,3.889718653847642,2.6221809999924517,21.272525000028963,753.0
1780667641,5,GET,/health,0.300000,0.000000,3,3,3,3,3,3,3,3,3,3,3,27,0,3,4.222191592591402,2.373630000022331,18.63651899998331,57.0
1780667641,5,,Aggregated,2.300000,0.000000,250,290,450,470,490,500,500,500,500,500,500,335,0,140,175.61507959701368,2.373630000022331,717.7693790000035,2706.086567164179
1780667642,5,POST,/api/book,2.100000,0.000000,290,450,470,480,500,500,500,500,500,500,500,257,0,170,229.37661308560146,121.6636980000203,717.7693790000035,3382.268482490272
1780667642,5,GET,/api/concerts,0.200000,0.000000,8,8,23,23,23,23,23,23,23,23,23,54,0,3,4.321095166668935,2.6221809999924517,22.807443000033345,753.0
1780667642,5,GET,/health,0.100000,0.000000,3,3,3,3,3,3,3,3,3,3,3,27,0,3,4.222191592591402,2.373630000022331,18.63651899998331,57.0
1780667642,5,,Aggregated,2.400000,0.000000,190,360,450,470,490,500,500,500,500,500,500,338,0,140,175.43528957100494,2.373630000022331,717.7693790000035,2696.579881656805
1780667643,5,POST,/api/book,2.100000,0.000000,360,450,480,480,500,500,500,500,500,500,500,257,0,170,229.37661308560146,121.6636980000203,717.7693790000035,3382.268482490272
1780667643,5,GET,/api/concerts,0.200000,0.000000,8,8,23,23,23,23,23,23,23,23,23,54,0,3,4.321095166668935,2.6221809999924517,22.807443000033345,753.0
1780667643,5,GET,/health,0.100000,0.000000,3,3,3,3,3,3,3,3,3,3,3,27,0,3,4.222191592591402,2.373630000022331,18.63651899998331,57.0
1780667643,5,,Aggregated,2.400000,0.000000,250,440,470,480,500,500,500,500,500,500,500,338,0,140,175.43528957100494,2.373630000022331,717.7693790000035,2696.579881656805
1780667644,5,POST,/api/book,1.900000,0.000000,190,290,440,440,470,500,500,500,500,500,500,260,0,170,228.73138343461403,121.6636980000203,717.7693790000035,3382.2653846153844
1780667644,5,GET,/api/concerts,0.200000,0.000000,8,8,23,23,23,23,23,23,23,23,23,54,0,3,4.321095166668935,2.6221809999924517,22.807443000033345,753.0
1780667644,5,GET,/health,0.100000,0.000000,6,6,6,6,6,6,6,6,6,6,6,28,0,3,4.298999535712206,2.373630000022331,18.63651899998331,57.0
1780667644,5,,Aggregated,2.200000,0.000000,190,190,290,360,450,470,500,500,500,500,500,342,0,140,174.92359888596408,2.373630000022331,717.7693790000035,2694.874269005848
1780667645,5,POST,/api/book,1.900000,0.000000,250,330,360,440,470,500,500,500,500,500,500,262,0,170,229.4537369847318,121.6636980000203,717.7693790000035,3382.2862595419847
1780667645,5,GET,/api/concerts,0.300000,0.000000,8,8,23,23,23,23,23,23,23,23,23,54,0,3,4.321095166668935,2.6221809999924517,22.807443000033345,753.0
1780667645,5,GET,/health,0.100000,0.000000,6,6,6,6,6,6,6,6,6,6,6,28,0,3,4.298999535712206,2.373630000022331,18.63651899998331,57.0
1780667645,5,,Aggregated,2.300000,0.000000,190,290,330,360,450,470,500,500,500,500,500,344,0,140,175.78659946511567,2.373630000022331,717.7693790000035,2698.8866279069766
1780667646,5,POST,/api/book,1.700000,0.000000,250,290,320,320,360,440,440,440,440,440,440,264,0,170,229.89895096212047,121.6636980000203,717.7693790000035,3382.4886363636365
1780667646,5,GET,/api/concerts,0.300000,0.000000,8,8,23,23,23,23,23,23,23,23,23,54,0,3,4.321095166668935,2.6221809999924517,22.807443000033345,753.0
1780667646,5,GET,/health,0.100000,0.000000,6,6,6,6,6,6,6,6,6,6,6,28,0,3,4.298999535712206,2.373630000022331,18.63651899998331,57.0
1780667646,5,,Aggregated,2.100000,0.000000,190,280,290,320,360,440,440,440,440,440,440,346,0,140,176.4365149710979,2.373630000022331,717.7693790000035,2702.991329479769
1780667647,5,POST,/api/book,1.900000,0.000000,280,300,320,330,360,440,440,440,440,440,440,267,0,170,230.28598037453054,121.6636980000203,717.7693790000035,3382.483146067416
1780667647,5,GET,/api/concerts,0.300000,0.000000,8,8,23,23,23,23,23,23,23,23,23,54,0,3,4.321095166668935,2.6221809999924517,22.807443000033345,753.0
1780667647,5,GET,/health,0.200000,0.000000,6,6,6,6,6,6,6,6,6,6,6,28,0,3,4.298999535712206,2.373630000022331,18.63651899998331,57.0
1780667647,5,,Aggregated,2.400000,0.000000,190,290,300,320,350,360,440,440,440,440,440,349,0,140,177.1921715931224,2.373630000022331,717.7693790000035,2708.8280802292265
1780667648,5,POST,/api/book,1.800000,0.000000,280,300,320,330,360,440,440,440,440,440,440,269,0,170,229.62565870631892,121.6636980000203,717.7693790000035,3382.5724907063195
1780667648,5,GET,/api/concerts,0.300000,0.000000,8,8,23,23,23,23,23,23,23,23,23,54,0,3,4.321095166668935,2.6221809999924517,22.807443000033345,753.0
1780667648,5,GET,/health,0.200000,0.000000,6,6,6,6,6,6,6,6,6,6,6,28,0,3,4.298999535712206,2.373630000022331,18.63651899998331,57.0
1780667648,5,,Aggregated,2.300000,0.000000,250,290,320,330,360,440,440,440,440,440,440,351,0,140,176.98864193162353,2.373630000022331,717.7693790000035,2712.735042735043
1780667649,5,POST,/api/book,1.900000,0.000000,190,290,300,320,350,440,440,440,440,440,440,271,0,170,228.9779665018439,121.6636980000203,717.7693790000035,3382.7011070110702
1780667649,5,GET,/api/concerts,0.300000,0.000000,8,8,23,23,23,23,23,23,23,23,23,55,0,3,4.2959347636393765,2.6221809999924517,22.807443000033345,753.0
1780667649,5,GET,/health,0.100000,0.000000,6,6,6,6,6,6,6,6,6,6,6,28,0,3,4.298999535712206,2.373630000022331,18.63651899998331,57.0
1780667649,5,,Aggregated,2.300000,0.000000,190,250,290,300,330,350,440,440,440,440,440,354,0,140,176.29852350564914,2.373630000022331,717.7693790000035,2711.0819209039546
1780667650,5,POST,/api/book,1.900000,0.000000,190,280,300,320,350,440,440,440,440,440,440,272,0,170,228.65218416911642,121.6636980000203,717.7693790000035,3382.856617647059
1780667650,5,GET,/api/concerts,0.300000,0.000000,8,8,23,23,23,23,23,23,23,23,23,55,0,3,4.2959347636393765,2.6221809999924517,22.807443000033345,753.0
1780667650,5,GET,/health,0.100000,0.000000,6,6,6,6,6,6,6,6,6,6,6,29,0,3,4.243213517236984,2.373630000022331,18.63651899998331,57.0
1780667650,5,,Aggregated,2.300000,0.000000,140,190,290,300,330,350,440,440,440,440,440,356,0,140,175.70989802808904,2.373630000022331,717.7693790000035,2705.63202247191
1780667651,5,POST,/api/book,1.900000,0.000000,190,290,300,320,350,440,440,440,440,440,440,273,0,170,228.33233416483392,121.6636980000203,717.7693790000035,3382.8205128205127
1780667651,5,GET,/api/concerts,0.300000,0.000000,8,8,23,23,23,23,23,23,23,23,23,55,0,3,4.2959347636393765,2.6221809999924517,22.807443000033345,753.0
1780667651,5,GET,/health,0.100000,0.000000,6,6,6,6,6,6,6,6,6,6,6,29,0,3,4.243213517236984,2.373630000022331,18.63651899998331,57.0
1780667651,5,,Aggregated,2.300000,0.000000,140,280,300,320,350,440,440,440,440,440,440,357,0,140,175.61360456862658,2.373630000022331,717.7693790000035,2707.5014005602243
1780667652,5,POST,/api/book,1.800000,0.000000,140,190,290,300,330,350,350,350,350,350,350,276,0,160,227.45856609420161,121.6636980000203,717.7693790000035,3382.677536231884
1780667652,5,GET,/api/concerts,0.300000,0.000000,8,8,23,23,23,23,23,23,23,23,23,55,0,3,4.2959347636393765,2.6221809999924517,22.807443000033345,753.0
1780667652,5,GET,/health,0.100000,0.000000,6,6,6,6,6,6,6,6,6,6,6,29,0,3,4.243213517236984,2.373630000022331,18.63651899998331,57.0
1780667652,5,,Aggregated,2.200000,0.000000,140,190,280,290,320,330,350,350,350,350,350,360,0,140,175.3830384611102,2.373630000022331,717.7693790000035,2713.0194444444446
1780667653,5,POST,/api/book,1.700000,0.000000,140,160,290,300,330,350,350,350,350,350,350,278,0,160,226.79525685611426,121.6636980000203,717.7693790000035,3382.679856115108
1780667653,5,GET,/api/concerts,0.300000,0.000000,8,8,23,23,23,23,23,23,23,23,23,55,0,3,4.2959347636393765,2.6221809999924517,22.807443000033345,753.0
1780667653,5,GET,/health,0.200000,0.000000,6,6,6,6,6,6,6,6,6,6,6,29,0,3,4.243213517236984,2.373630000022331,18.63651899998331,57.0
1780667653,5,,Aggregated,2.200000,0.000000,140,160,290,300,330,350,350,350,350,350,350,362,0,140,175.1613563812149,2.373630000022331,717.7693790000035,2716.720994475138
1780667654,5,POST,/api/book,2.000000,0.000000,140,140,160,280,300,350,350,350,350,350,350,280,0,160,226.15186312499893,121.6636980000203,717.7693790000035,3382.567857142857
1780667654,5,GET,/api/concerts,0.100000,0.000000,3,3,3,3,3,3,3,3,3,3,3,55,0,3,4.2959347636393765,2.6221809999924517,22.807443000033345,753.0
1780667654,5,GET,/health,0.200000,0.000000,6,6,6,6,6,6,6,6,6,6,6,29,0,3,4.243213517236984,2.373630000022331,18.63651899998331,57.0
1780667654,5,,Aggregated,2.300000,0.000000,140,140,160,280,300,350,350,350,350,350,350,364,0,140,174.95014087637287,2.373630000022331,717.7693790000035,2720.293956043956
1780667655,5,POST,/api/book,2.000000,0.000000,140,140,140,140,300,350,350,350,350,350,350,281,0,160,225.85001332740097,121.6636980000203,717.7693790000035,3382.608540925267
1780667655,5,GET,/api/concerts,0.100000,0.000000,3,3,3,3,3,3,3,3,3,3,3,55,0,3,4.2959347636393765,2.6221809999924517,22.807443000033345,753.0
1780667655,5,GET,/health,0.200000,0.000000,3,3,6,6,6,6,6,6,6,6,6,30,0,3,4.197544433329388,2.373630000022331,18.63651899998331,57.0
1780667655,5,,Aggregated,2.300000,0.000000,140,140,140,140,300,350,350,350,350,350,350,366,0,140,174.388132486338,2.373630000022331,717.7693790000035,2714.8579234972676
1780667656,5,POST,/api/book,2.100000,0.000000,140,140,140,140,210,220,220,220,220,220,220,283,0,160,225.7948853816243,121.6636980000203,717.7693790000035,3382.7597173144877
1780667656,5,GET,/api/concerts,0.100000,0.000000,3,3,3,3,3,3,3,3,3,3,3,55,0,3,4.2959347636393765,2.6221809999924517,22.807443000033345,753.0
1780667656,5,GET,/health,0.200000,0.000000,3,3,3,3,3,3,3,3,3,3,3,30,0,3,4.197544433329388,2.373630000022331,18.63651899998331,57.0
1780667656,5,,Aggregated,2.400000,0.000000,140,140,140,140,210,220,220,220,220,220,220,368,0,140,174.62542203260793,2.373630000022331,717.7693790000035,2718.603260869565
1780667657,5,POST,/api/book,1.900000,0.000000,140,140,140,160,210,220,220,220,220,220,220,284,0,160,225.4917864612667,121.6636980000203,717.7693790000035,3382.6478873239435
1780667657,5,GET,/api/concerts,0.100000,0.000000,3,3,3,3,3,3,3,3,3,3,3,56,0,3,4.265999517859394,2.619560999960413,22.807443000033345,753.0
1780667657,5,GET,/health,0.200000,0.000000,3,3,3,3,3,3,3,3,3,3,3,30,0,3,4.197544433329388,2.373630000022331,18.63651899998331,57.0
1780667657,5,,Aggregated,2.200000,0.000000,140,140,140,140,210,220,220,220,220,220,220,370,0,140,174.06618827297228,2.373630000022331,717.7693790000035,2715.0
1780667658,5,POST,/api/book,1.900000,0.000000,140,140,140,160,210,220,220,220,220,220,220,285,0,160,225.1596192596483,121.6636980000203,717.7693790000035,3382.5298245614035
1780667658,5,GET,/api/concerts,0.100000,0.000000,3,3,3,3,3,3,3,3,3,3,3,56,0,3,4.265999517859394,2.619560999960413,22.807443000033345,753.0
1780667658,5,GET,/health,0.200000,0.000000,3,3,3,3,3,3,3,3,3,3,3,31,0,3,4.154650935478707,2.373630000022331,18.63651899998331,57.0
1780667658,5,,Aggregated,2.200000,0.000000,140,140,140,140,210,220,220,220,220,220,220,372,0,140,173.4897355940853,2.373630000022331,717.7693790000035,2709.559139784946
1780667659,5,POST,/api/book,1.900000,0.000000,140,140,140,140,210,220,220,220,220,220,220,287,0,160,224.57746086411083,121.6636980000203,717.7693790000035,3382.5923344947737
1780667659,5,GET,/api/concerts,0.100000,0.000000,3,3,3,3,3,3,3,3,3,3,3,56,0,3,4.265999517859394,2.619560999960413,22.807443000033345,753.0
1780667659,5,GET,/health,0.200000,0.000000,3,3,3,3,3,3,3,3,3,3,3,31,0,3,4.154650935478707,2.373630000022331,18.63651899998331,57.0
1780667659,5,,Aggregated,2.200000,0.000000,140,140,140,140,210,220,220,220,220,220,220,374,0,140,173.31930860962504,2.373630000022331,717.7693790000035,2713.205882352941
1780667660,5,POST,/api/book,1.700000,0.000000,140,140,140,140,210,220,220,220,220,220,220,289,0,160,223.99175298269802,121.6636980000203,717.7693790000035,3382.7750865051903
1780667660,5,GET,/api/concerts,0.100000,0.000000,3,3,3,3,3,3,3,3,3,3,3,56,0,3,4.265999517859394,2.619560999960413,22.807443000033345,753.0
1780667660,5,GET,/health,0.200000,0.000000,3,3,3,3,3,3,3,3,3,3,3,31,0,3,4.154650935478707,2.373630000022331,18.63651899998331,57.0
1780667660,5,,Aggregated,2.000000,0.000000,140,140,140,140,210,220,220,220,220,220,220,376,0,140,173.1417733085098,2.373630000022331,717.7693790000035,2716.906914893617
1780667661,5,POST,/api/book,1.600000,0.000000,140,140,140,140,210,220,220,220,220,220,220,290,0,150,223.69684408620589,121.6636980000203,717.7693790000035,3382.596551724138
1780667661,5,GET,/api/concerts,0.200000,0.000000,3,3,3,3,3,3,3,3,3,3,3,57,0,3,4.2382960877200295,2.619560999960413,22.807443000033345,753.0
1780667661,5,GET,/health,0.300000,0.000000,3,3,3,3,3,3,3,3,3,3,3,31,0,3,4.154650935478707,2.373630000022331,18.63651899998331,57.0
1780667661,5,,Aggregated,2.100000,0.000000,140,140,140,140,210,220,220,220,220,220,220,378,0,140,172.5991053994698,2.373630000022331,717.7693790000035,2713.335978835979
1780667662,5,POST,/api/book,1.700000,0.000000,140,140,140,210,210,220,220,220,220,220,220,292,0,150,223.366817003424,121.6636980000203,717.7693790000035,3382.8082191780823
1780667662,5,GET,/api/concerts,0.100000,0.000000,3,3,3,3,3,3,3,3,3,3,3,57,0,3,4.2382960877200295,2.619560999960413,22.807443000033345,753.0
1780667662,5,GET,/health,0.300000,0.000000,3,3,3,3,3,3,3,3,3,3,3,31,0,3,4.154650935478707,2.373630000022331,18.63651899998331,57.0
1780667662,5,,Aggregated,2.100000,0.000000,140,140,140,140,210,220,220,220,220,220,220,380,0,140,172.61444110789392,2.373630000022331,717.7693790000035,2717.021052631579
1780667663,5,POST,/api/book,1.700000,0.000000,140,140,140,210,210,220,220,220,220,220,220,293,0,150,223.02273313993092,121.6636980000203,717.7693790000035,3382.6211604095565
1780667663,5,GET,/api/concerts,0.200000,0.000000,3,3,3,3,3,3,3,3,3,3,3,57,0,3,4.2382960877200295,2.619560999960413,22.807443000033345,753.0
1780667663,5,GET,/health,0.200000,0.000000,3,3,3,3,3,3,3,3,3,3,3,32,0,3,4.107473718741872,2.373630000022331,18.63651899998331,57.0
1780667663,5,,Aggregated,2.100000,0.000000,140,140,140,140,210,220,220,220,220,220,220,382,0,140,172.0384367696323,2.373630000022331,717.7693790000035,2711.6570680628274
1780667664,5,POST,/api/book,1.700000,0.000000,140,140,210,220,300,310,310,310,310,310,310,296,0,150,223.28506171283718,121.6636980000203,717.7693790000035,3382.4155405405404
1780667664,5,GET,/api/concerts,0.200000,0.000000,3,3,3,3,3,3,3,3,3,3,3,58,0,3,4.214096068967043,2.619560999960413,22.807443000033345,753.0
1780667664,5,GET,/health,0.200000,0.000000,3,3,3,3,3,3,3,3,3,3,3,32,0,3,4.107473718741872,2.373630000022331,18.63651899998331,57.0
1780667664,5,,Aggregated,2.100000,0.000000,140,140,210,210,300,310,310,310,310,310,310,386,0,140,172.19749999481772,2.373630000022331,717.7693790000035,2711.639896373057
1780667665,5,POST,/api/book,1.500000,0.000000,140,140,140,210,300,310,310,310,310,310,310,298,0,150,222.68741472147585,121.6636980000203,717.7693790000035,3382.298657718121
1780667665,5,GET,/api/concerts,0.200000,0.000000,3,3,3,3,3,3,3,3,3,3,3,58,0,3,4.214096068967043,2.619560999960413,22.807443000033345,753.0
1780667665,5,GET,/health,0.200000,0.000000,3,3,3,3,3,3,3,3,3,3,3,32,0,3,4.107473718741872,2.373630000022331,18.63651899998331,57.0
1780667665,5,,Aggregated,1.900000,0.000000,140,140,140,140,300,310,310,310,310,310,310,388,0,140,172.00182040721555,2.373630000022331,717.7693790000035,2715.007731958763
1780667666,5,POST,/api/book,1.500000,0.000000,140,140,140,210,300,310,310,310,310,310,310,299,0,150,222.4186037658857,121.6636980000203,717.7693790000035,3382.484949832776
1780667666,5,GET,/api/concerts,0.200000,0.000000,3,3,3,3,3,3,3,3,3,3,3,58,0,3,4.214096068967043,2.619560999960413,22.807443000033345,753.0
1780667666,5,GET,/health,0.200000,0.000000,3,3,3,3,3,3,3,3,3,3,3,32,0,3,4.107473718741872,2.373630000022331,18.63651899998331,57.0
1780667666,5,,Aggregated,1.900000,0.000000,140,140,140,140,300,310,310,310,310,310,310,389,0,140,171.92549937532047,2.373630000022331,717.7693790000035,2716.866323907455
1780667667,5,POST,/api/book,1.700000,0.000000,140,140,240,240,300,310,310,310,310,310,310,301,0,150,222.72423217940158,121.6636980000203,717.7693790000035,3382.4784053156145
1780667667,5,GET,/api/concerts,0.300000,0.000000,3,3,3,3,3,3,3,3,3,3,3,59,0,3,4.188946728816719,2.619560999960413,22.807443000033345,753.0
1780667667,5,GET,/health,0.300000,0.000000,3,3,3,3,3,3,3,3,3,3,3,32,0,3,4.107473718741872,2.373630000022331,18.63651899998331,57.0
1780667667,5,,Aggregated,2.300000,0.000000,140,140,210,240,300,310,310,310,310,310,310,392,0,140,171.9861757704077,2.373630000022331,717.7693790000035,2715.247448979592
1780667668,5,POST,/api/book,1.600000,0.000000,140,210,240,300,300,310,310,310,310,310,310,301,0,150,222.72423217940158,121.6636980000203,717.7693790000035,3382.4784053156145
1780667668,5,GET,/api/concerts,0.300000,0.000000,3,3,3,3,3,3,3,3,3,3,3,59,0,3,4.188946728816719,2.619560999960413,22.807443000033345,753.0
1780667668,5,GET,/health,0.200000,0.000000,3,3,3,3,3,3,3,3,3,3,3,34,0,3,4.036048264697122,2.373630000022331,18.63651899998331,57.0
1780667668,5,,Aggregated,2.100000,0.000000,140,140,210,240,300,310,310,310,310,310,310,394,0,140,171.12783599999943,2.373630000022331,717.7693790000035,2701.753807106599
1780667669,5,POST,/api/book,1.600000,0.000000,140,240,300,300,330,350,350,350,350,350,350,305,0,150,222.92679495409777,121.6636980000203,717.7693790000035,3382.6
1780667669,5,GET,/api/concerts,0.300000,0.000000,3,3,3,3,3,3,3,3,3,3,3,59,0,3,4.188946728816719,2.619560999960413,22.807443000033345,753.0
1780667669,5,GET,/health,0.200000,0.000000,3,3,3,3,3,3,3,3,3,3,3,34,0,3,4.036048264697122,2.373630000022331,18.63651899998331,57.0
1780667669,5,,Aggregated,2.100000,0.000000,140,140,240,300,310,330,350,350,350,350,350,398,0,140,171.80162301256212,2.373630000022331,717.7693790000035,2708.688442211055
1780667670,5,POST,/api/book,1.600000,0.000000,140,240,300,300,330,350,350,350,350,350,350,307,0,150,222.40437942345224,121.6636980000203,717.7693790000035,3382.596091205212
1780667670,5,GET,/api/concerts,0.300000,0.000000,3,3,3,3,3,3,3,3,3,3,3,59,0,3,4.188946728816719,2.619560999960413,22.807443000033345,753.0
1780667670,5,GET,/health,0.300000,0.000000,3,3,3,3,3,3,3,3,3,3,3,34,0,3,4.036048264697122,2.373630000022331,18.63651899998331,57.0
1780667670,5,,Aggregated,2.200000,0.000000,140,140,240,300,310,330,350,350,350,350,350,400,0,140,171.65629495249934,2.373630000022331,717.7693790000035,2712.055
1780667671,5,POST,/api/book,1.600000,0.000000,140,240,300,300,330,350,350,350,350,350,350,308,0,150,222.17059338960976,121.6636980000203,717.7693790000035,3382.655844155844
1780667671,5,GET,/api/concerts,0.300000,0.000000,3,3,3,3,3,3,3,3,3,3,3,59,0,3,4.188946728816719,2.619560999960413,22.807443000033345,753.0
1780667671,5,GET,/health,0.300000,0.000000,3,3,3,3,3,3,3,3,3,3,3,34,0,3,4.036048264697122,2.373630000022331,18.63651899998331,57.0
1780667671,5,,Aggregated,2.200000,0.000000,140,140,240,300,310,330,350,350,350,350,350,401,0,140,171.6032824488771,2.373630000022331,717.7693790000035,2713.773067331671
1780667672,5,POST,/api/book,1.800000,0.000000,140,240,300,300,330,350,350,350,350,350,350,310,0,150,221.64350640645145,121.6636980000203,717.7693790000035,3382.622580645161
1780667672,5,GET,/api/concerts,0.300000,0.000000,3,3,3,3,3,3,3,3,3,3,3,59,0,3,4.188946728816719,2.619560999960413,22.807443000033345,753.0
1780667672,5,GET,/health,0.300000,0.000000,3,3,3,3,3,3,3,3,3,3,3,35,0,3,4.001222714277576,2.373630000022331,18.63651899998331,57.0
1780667672,5,,Aggregated,2.400000,0.000000,140,140,240,300,310,330,350,350,350,350,350,404,0,140,171.0313802920789,2.373630000022331,717.7693790000035,2710.482673267327
1780667673,5,POST,/api/book,1.800000,0.000000,140,140,240,240,330,350,350,350,350,350,350,312,0,150,221.12510865384576,121.6636980000203,717.7693790000035,3382.628205128205
1780667673,5,GET,/api/concerts,0.200000,0.000000,3,3,3,3,3,3,3,3,3,3,3,60,0,3,4.167949400003105,2.619560999960413,22.807443000033345,753.0
1780667673,5,GET,/health,0.300000,0.000000,3,3,3,3,3,3,3,3,3,3,3,35,0,3,4.001222714277576,2.373630000022331,18.63651899998331,57.0
1780667673,5,,Aggregated,2.300000,0.000000,140,140,140,150,300,330,350,350,350,350,350,407,0,140,170.46966500982757,2.373630000022331,717.7693790000035,2708.980343980344
1780667674,5,POST,/api/book,1.800000,0.000000,140,140,240,240,330,350,350,350,350,350,350,313,0,150,220.85723251118168,121.6636980000203,717.7693790000035,3382.747603833866
1780667674,5,GET,/api/concerts,0.200000,0.000000,3,3,3,3,3,3,3,3,3,3,3,60,0,3,4.167949400003105,2.619560999960413,22.807443000033345,753.0
1780667674,5,GET,/health,0.300000,0.000000,3,3,3,3,3,3,3,3,3,3,3,35,0,3,4.001222714277576,2.373630000022331,18.63651899998331,57.0
1780667674,5,,Aggregated,2.300000,0.000000,140,140,140,150,300,330,350,350,350,350,350,408,0,140,170.38831748774462,2.373630000022331,717.7693790000035,2710.723039215686
1780667675,5,POST,/api/book,1.800000,0.000000,140,220,220,240,330,350,350,350,350,350,350,316,0,150,220.61417679746816,121.6636980000203,717.7693790000035,3382.6518987341774
1780667675,5,GET,/api/concerts,0.200000,0.000000,3,3,3,3,3,3,3,3,3,3,3,60,0,3,4.167949400003105,2.619560999960413,22.807443000033345,753.0
1780667675,5,GET,/health,0.400000,0.000000,3,3,3,3,3,3,3,3,3,3,3,35,0,3,4.001222714277576,2.373630000022331,18.63651899998331,57.0
1780667675,5,,Aggregated,2.400000,0.000000,140,140,220,220,300,330,350,350,350,350,350,411,0,140,170.56982877615542,2.373630000022331,717.7693790000035,2715.5547445255474
1780667676,6,POST,/api/book,1.800000,0.000000,140,150,220,240,330,350,350,350,350,350,350,317,0,150,220.36163237854876,121.6636980000203,717.7693790000035,3382.596214511041
1780667676,6,GET,/api/concerts,0.300000,0.000000,3,3,6,6,6,6,6,6,6,6,6,61,0,3,4.192784639347665,2.619560999960413,22.807443000033345,753.0
1780667676,6,GET,/health,0.400000,0.000000,3,3,3,3,3,3,3,3,3,3,3,35,0,3,4.001222714277576,2.373630000022331,18.63651899998331,57.0
1780667676,6,,Aggregated,2.500000,0.000000,140,140,140,150,220,330,350,350,350,350,350,413,0,140,170.0979179709441,2.373630000022331,717.7693790000035,2712.375302663438
1780667677,6,POST,/api/book,1.700000,0.000000,140,140,170,220,330,350,350,350,350,350,350,320,0,150,219.66838013750007,121.6636980000203,717.7693790000035,3382.565625
1780667677,6,GET,/api/concerts,0.200000,0.000000,3,3,6,6,6,6,6,6,6,6,6,62,0,3,4.167120741939353,2.601623000032305,22.807443000033345,753.0
1780667677,6,GET,/health,0.300000,0.000000,3,3,3,3,3,3,3,3,3,3,3,35,0,3,4.001222714277576,2.373630000022331,18.63651899998331,57.0
1780667677,6,,Aggregated,2.200000,0.000000,140,140,150,170,220,330,350,350,350,350,350,417,0,140,169.52586552757793,2.373630000022331,717.7693790000035,2712.4748201438847
1780667678,6,POST,/api/book,1.900000,0.000000,140,140,150,170,220,220,220,220,220,220,220,323,0,150,219.18293968421082,121.6636980000203,717.7693790000035,3382.6811145510837
1780667678,6,GET,/api/concerts,0.200000,0.000000,3,3,6,6,6,6,6,6,6,6,6,62,0,3,4.167120741939353,2.601623000032305,22.807443000033345,753.0
1780667678,6,GET,/health,0.300000,0.000000,3,3,3,3,3,3,3,3,3,3,3,35,0,3,4.001222714277576,2.373630000022331,18.63651899998331,57.0
1780667678,6,,Aggregated,2.400000,0.000000,140,140,140,150,220,220,220,220,220,220,220,420,0,140,169.51069952142876,2.373630000022331,717.7693790000035,2717.35
1780667679,6,POST,/api/book,1.900000,0.000000,140,140,150,170,220,220,220,220,220,220,220,325,0,140,218.63298814153868,121.6636980000203,717.7693790000035,3382.6676923076925
1780667679,6,GET,/api/concerts,0.300000,0.000000,3,3,6,6,6,6,6,6,6,6,6,62,0,3,4.167120741939353,2.601623000032305,22.807443000033345,753.0
1780667679,6,GET,/health,0.300000,0.000000,3,3,3,3,3,3,3,3,3,3,3,35,0,3,4.001222714277576,2.373630000022331,18.63651899998331,57.0
1780667679,6,,Aggregated,2.500000,0.000000,140,140,140,150,220,220,220,220,220,220,220,422,0,140,169.32257210189584,2.373630000022331,717.7693790000035,2720.4928909952605
1780667680,7,POST,/api/book,1.900000,0.000000,140,140,170,180,220,220,220,220,220,220,220,328,0,140,217.97218713719548,116.57919300000685,717.7693790000035,3382.5213414634145
1780667680,7,GET,/api/concerts,0.300000,0.000000,6,6,47,47,47,47,47,47,47,47,47,63,0,3,4.850017031748798,2.601623000032305,47.18958699993436,753.0
1780667680,7,GET,/health,0.300000,0.000000,3,3,3,3,3,3,3,3,3,3,3,35,0,3,4.001222714277576,2.373630000022331,18.63651899998331,57.0
1780667680,7,,Aggregated,2.500000,0.000000,140,140,140,170,220,220,220,220,220,220,220,426,0,140,168.87434565492964,2.373630000022331,717.7693790000035,2720.424882629108
1780667681,7,POST,/api/book,2.200000,0.000000,140,140,170,180,220,220,220,220,220,220,220,331,0,140,217.3869769365559,116.57919300000685,717.7693790000035,3382.73413897281
1780667681,7,GET,/api/concerts,0.300000,0.000000,6,6,47,47,47,47,47,47,47,47,47,63,0,3,4.850017031748798,2.601623000032305,47.18958699993436,753.0
1780667681,7,GET,/health,0.100000,0.000000,3,3,3,3,3,3,3,3,3,3,3,35,0,3,4.001222714277576,2.373630000022331,18.63651899998331,57.0
1780667681,7,,Aggregated,2.600000,0.000000,140,140,140,180,220,220,220,220,220,220,220,429,0,140,168.76616138461517,2.373630000022331,717.7693790000035,2725.219114219114
1780667682,7,POST,/api/book,1.900000,0.000000,140,140,170,180,220,220,220,220,220,220,220,333,0,140,216.92912059459454,116.57919300000685,717.7693790000035,3382.7897897897897
1780667682,7,GET,/api/concerts,0.300000,0.000000,6,6,47,47,47,47,47,47,47,47,47,63,0,3,4.850017031748798,2.601623000032305,47.18958699993436,753.0
1780667682,7,GET,/health,0.100000,0.000000,3,3,3,3,3,3,3,3,3,3,3,35,0,3,4.001222714277576,2.373630000022331,18.63651899998331,57.0
1780667682,7,,Aggregated,2.300000,0.000000,140,140,140,180,220,220,220,220,220,220,220,431,0,140,168.63803022273757,2.373630000022331,717.7693790000035,2728.3132250580047
1780667683,7,POST,/api/book,2.200000,0.000000,140,180,220,220,520,570,670,670,670,670,670,337,0,140,220.55692204154298,116.57919300000685,717.7693790000035,3382.848664688427
1780667683,7,GET,/api/concerts,0.400000,0.000000,6,6,47,47,47,47,47,47,47,47,47,64,0,3,4.8254873593780445,2.601623000032305,47.18958699993436,753.0
1780667683,7,GET,/health,0.100000,0.000000,3,3,3,3,3,3,3,3,3,3,3,35,0,3,4.001222714277576,2.373630000022331,18.63651899998331,57.0
1780667683,7,,Aggregated,2.700000,0.000000,140,170,220,220,520,570,670,670,670,670,670,436,0,140,171.50586402293558,2.373630000022331,717.7693790000035,2729.8325688073396
1780667684,7,POST,/api/book,2.300000,0.000000,140,170,180,220,520,570,670,670,670,670,670,337,0,140,220.55692204154298,116.57919300000685,717.7693790000035,3382.848664688427
1780667684,7,GET,/api/concerts,0.400000,0.000000,6,6,47,47,47,47,47,47,47,47,47,64,0,3,4.8254873593780445,2.601623000032305,47.18958699993436,753.0
1780667684,7,GET,/health,0.000000,0.000000,3,3,3,3,3,3,3,3,3,3,3,36,0,3,3.970027777769916,2.373630000022331,18.63651899998331,57.0
1780667684,7,,Aggregated,2.700000,0.000000,140,140,180,180,520,570,670,670,670,670,670,437,0,140,171.11998837299754,2.373630000022331,717.7693790000035,2723.716247139588
1780667685,8,POST,/api/book,2.600000,0.000000,140,180,210,220,520,570,670,670,670,670,670,339,0,140,220.28608844542734,116.57919300000685,717.7693790000035,3382.811209439528
1780667685,8,GET,/api/concerts,0.400000,0.000000,3,3,47,47,47,47,47,47,47,47,47,64,0,3,4.8254873593780445,2.601623000032305,47.18958699993436,753.0
1780667685,8,GET,/health,0.000000,0.000000,3,3,3,3,3,3,3,3,3,3,3,36,0,3,3.970027777769916,2.373630000022331,18.63651899998331,57.0
1780667685,8,,Aggregated,3.000000,0.000000,140,170,180,210,520,570,670,670,670,670,670,439,0,140,171.1360732892934,2.373630000022331,717.7693790000035,2726.6902050113895
1780667686,8,POST,/api/book,2.400000,0.000000,140,180,330,440,520,570,670,670,670,670,670,344,0,140,220.95585333430202,116.57919300000685,717.7693790000035,3382.8546511627906
1780667686,8,GET,/api/concerts,0.400000,0.000000,3,18,18,47,47,47,47,47,47,47,47,66,0,3,4.985915000001266,2.601623000032305,47.18958699993436,753.0
1780667686,8,GET,/health,0.000000,0.000000,3,3,3,3,3,3,3,3,3,3,3,36,0,3,3.970027777769916,2.373630000022331,18.63651899998331,57.0
1780667686,8,,Aggregated,2.800000,0.000000,140,180,210,330,520,570,670,670,670,670,670,446,0,140,171.48162541928187,2.373630000022331,717.7693790000035,2725.2286995515697
1780667687,8,POST,/api/book,2.200000,0.000000,140,180,330,440,520,570,670,670,670,670,670,345,0,140,220.7170829391302,116.57919300000685,717.7693790000035,3382.8695652173915
1780667687,8,GET,/api/concerts,0.400000,0.000000,3,18,18,47,47,47,47,47,47,47,47,67,0,3,4.955521223881879,2.601623000032305,47.18958699993436,753.0
1780667687,8,GET,/health,0.100000,0.000000,3,3,3,3,3,3,3,3,3,3,3,37,0,3,3.9338969459386997,2.373630000022331,18.63651899998331,57.0
1780667687,8,,Aggregated,2.700000,0.000000,140,140,180,330,520,570,670,670,670,670,670,449,0,140,170.65694370378563,2.373630000022331,717.7693790000035,2716.369710467706
1780667688,8,POST,/api/book,2.600000,0.000000,140,180,330,440,520,570,670,670,670,670,670,346,0,140,220.46992956069343,116.57919300000685,717.7693790000035,3382.8901734104047
1780667688,8,GET,/api/concerts,0.500000,0.000000,3,18,18,47,47,47,47,47,47,47,47,67,0,3,4.955521223881879,2.601623000032305,47.18958699993436,753.0
1780667688,8,GET,/health,0.100000,0.000000,3,3,3,3,3,3,3,3,3,3,3,39,0,3,3.8703926666611412,2.373630000022331,18.63651899998331,57.0
1780667688,8,,Aggregated,3.200000,0.000000,140,140,180,210,470,570,670,670,670,670,670,452,0,140,169.8353116460173,2.373630000022331,717.7693790000035,2706.092920353982
1780667689,8,POST,/api/book,2.500000,0.000000,140,330,360,440,520,570,670,670,670,670,670,349,0,140,221.01911839541543,116.57919300000685,717.7693790000035,3383.0687679083094
1780667689,8,GET,/api/concerts,0.400000,0.000000,3,18,18,47,47,47,47,47,47,47,47,67,0,3,4.955521223881879,2.601623000032305,47.18958699993436,753.0
1780667689,8,GET,/health,0.100000,0.000000,3,3,3,3,3,3,3,3,3,3,3,41,0,3,3.828079414628929,2.373630000022331,18.63651899998331,57.0
1780667689,8,,Aggregated,3.000000,0.000000,140,140,330,350,470,570,670,670,670,670,670,457,0,140,169.85698796061243,2.373630000022331,717.7693790000035,2699.0787746170677
1780667690,9,POST,/api/book,2.200000,0.000000,140,350,440,470,570,670,670,670,670,670,670,351,0,140,220.49455647008546,116.57919300000685,717.7693790000035,3382.945868945869
1780667690,9,GET,/api/concerts,0.500000,0.000000,3,3,3,18,18,18,18,18,18,18,18,68,0,3,4.927272588235731,2.601623000032305,47.18958699993436,753.0
1780667690,9,GET,/health,0.400000,0.000000,3,3,3,3,3,3,3,3,3,3,3,41,0,3,3.828079414628929,2.373630000022331,18.63651899998331,57.0
1780667690,9,,Aggregated,3.100000,0.000000,140,140,330,350,470,570,670,670,670,670,670,460,0,140,169.31651111521703,2.373630000022331,717.7693790000035,2697.728260869565
1780667691,9,POST,/api/book,2.400000,0.000000,220,420,470,520,570,590,670,670,670,670,670,356,0,140,222.71554225561826,116.57919300000685,717.7693790000035,3382.876404494382
1780667691,9,GET,/api/concerts,0.500000,0.000000,3,3,3,18,18,18,18,18,18,18,18,68,0,3,4.927272588235731,2.601623000032305,47.18958699993436,753.0
1780667691,9,GET,/health,0.600000,0.000000,3,3,3,3,3,3,3,3,3,3,3,41,0,3,3.828079414628929,2.373630000022331,18.63651899998331,57.0
1780667691,9,,Aggregated,3.500000,0.000000,140,220,360,440,520,590,670,670,670,670,670,465,0,140,171.56718029032245,2.373630000022331,717.7693790000035,2705.043010752688
1780667692,9,POST,/api/book,2.200000,0.000000,320,360,440,520,570,590,670,670,670,670,670,358,0,140,223.2881511648046,116.57919300000685,717.7693790000035,3382.9022346368715
1780667692,9,GET,/api/concerts,0.400000,0.000000,3,3,3,18,18,18,18,18,18,18,18,68,0,3,4.927272588235731,2.601623000032305,47.18958699993436,753.0
1780667692,9,GET,/health,0.600000,0.000000,3,3,3,3,3,3,3,3,3,3,3,42,0,3,3.8120756666620266,2.373630000022331,18.63651899998331,57.0
1780667692,9,,Aggregated,3.200000,0.000000,140,320,350,420,520,590,670,670,670,670,670,468,0,140,171.86393126282027,2.373630000022331,717.7693790000035,2702.301282051282
1780667693,9,POST,/api/book,2.400000,0.000000,140,320,350,420,470,520,590,590,590,590,590,362,0,140,222.35610669889536,116.57919300000685,717.7693790000035,3382.734806629834
1780667693,9,GET,/api/concerts,0.500000,0.000000,3,3,3,18,18,18,18,18,18,18,18,69,0,3,4.895966101449578,2.601623000032305,47.18958699993436,753.0
1780667693,9,GET,/health,0.600000,0.000000,3,3,3,3,3,3,3,3,3,3,3,42,0,3,3.8120756666620266,2.373630000022331,18.63651899998331,57.0
1780667693,9,,Aggregated,3.500000,0.000000,140,140,220,330,440,520,590,590,590,590,590,473,0,140,171.2279904101479,2.373630000022331,717.7693790000035,2703.8076109936574
1780667694,9,POST,/api/book,2.300000,0.000000,140,220,350,360,470,520,590,590,590,590,590,365,0,140,221.76238739726034,116.57919300000685,717.7693790000035,3382.9013698630138
1780667694,9,GET,/api/concerts,0.500000,0.000000,3,3,3,18,18,18,18,18,18,18,18,69,0,3,4.895966101449578,2.601623000032305,47.18958699993436,753.0
1780667694,9,GET,/health,0.700000,0.000000,3,3,3,3,3,3,3,3,3,3,3,42,0,3,3.8120756666620266,2.373630000022331,18.63651899998331,57.0
1780667694,9,,Aggregated,3.500000,0.000000,140,140,220,330,440,520,590,590,590,590,590,476,0,140,171.09495848529386,2.373630000022331,717.7693790000035,2708.214285714286
1780667695,10,POST,/api/book,2.400000,0.000000,140,320,330,360,420,520,590,590,590,590,590,368,0,140,222.2103121956523,116.57919300000685,717.7693790000035,3382.8695652173915
1780667695,10,GET,/api/concerts,0.500000,0.000000,3,3,4,4,18,18,18,18,18,18,18,71,0,3,4.849927380282167,2.601623000032305,47.18958699993436,753.0
1780667695,10,GET,/health,0.700000,0.000000,3,3,3,3,3,3,3,3,3,3,3,42,0,3,3.8120756666620266,2.373630000022331,18.63651899998331,57.0
1780667695,10,,Aggregated,3.600000,0.000000,140,140,320,330,360,520,590,590,590,590,590,481,0,140,171.05581478170464,2.373630000022331,717.7693790000035,2704.2681912681915
1780667696,10,POST,/api/book,2.400000,0.000000,140,220,330,350,420,520,590,590,590,590,590,370,0,140,221.76300221621642,116.57919300000685,717.7693790000035,3382.9243243243245
1780667696,10,GET,/api/concerts,0.500000,0.000000,3,3,3,3,4,4,4,4,4,4,4,73,0,3,4.789929794522521,2.4903720000111207,47.18958699993436,753.0
1780667696,10,GET,/health,0.700000,0.000000,3,3,3,3,3,3,3,3,3,3,3,42,0,3,3.8120756666620266,2.373630000022331,18.63651899998331,57.0
1780667696,10,,Aggregated,3.600000,0.000000,140,140,220,330,360,520,590,590,590,590,590,485,0,140,170.23109870721663,2.373630000022331,717.7693790000035,2699.061855670103
1780667697,10,POST,/api/book,3.000000,0.000000,190,320,330,360,420,520,590,590,590,590,590,375,0,140,222.55077938933348,116.57919300000685,717.7693790000035,3382.912
1780667697,10,GET,/api/concerts,0.600000,0.000000,3,3,3,3,4,4,4,4,4,4,4,73,0,3,4.789929794522521,2.4903720000111207,47.18958699993436,753.0
1780667697,10,GET,/health,0.600000,0.000000,3,3,3,3,3,3,3,3,3,3,3,42,0,3,3.8120756666620266,2.373630000022331,18.63651899998331,57.0
1780667697,10,,Aggregated,4.200000,0.000000,140,220,320,330,390,520,590,590,590,590,590,490,0,140,171.35982515102052,2.373630000022331,717.7693790000035,2706.030612244898
1780667698,10,POST,/api/book,3.000000,0.000000,140,270,320,330,390,520,590,590,590,590,590,379,0,140,221.77503286279656,116.57919300000685,717.7693790000035,3382.986807387863
1780667698,10,GET,/api/concerts,0.600000,0.000000,3,3,4,4,16,16,16,16,16,16,16,74,0,3,4.944907486488417,2.4903720000111207,47.18958699993436,753.0
1780667698,10,GET,/health,0.600000,0.000000,3,3,3,3,3,3,3,3,3,3,3,42,0,3,3.8120756666620266,2.373630000022331,18.63651899998331,57.0
1780667698,10,,Aggregated,4.200000,0.000000,140,190,280,320,390,520,590,590,590,590,590,495,0,140,170.86619754949473,2.373630000022331,717.7693790000035,2707.612121212121
1780667699,10,POST,/api/book,2.800000,0.000000,140,270,320,330,390,520,590,590,590,590,590,382,0,140,221.0853278874341,116.57919300000685,717.7693790000035,3382.8769633507854
1780667699,10,GET,/api/concerts,0.700000,0.000000,3,3,4,4,16,16,16,16,16,16,16,75,0,3,4.916156520001398,2.4903720000111207,47.18958699993436,753.0
1780667699,10,GET,/health,0.600000,0.000000,3,3,3,3,3,3,3,3,3,3,3,42,0,3,3.8120756666620266,2.373630000022331,18.63651899998331,57.0
1780667699,10,,Aggregated,4.100000,0.000000,140,190,270,320,360,420,590,590,590,590,590,499,0,140,170.30744322645245,2.373630000022331,717.7693790000035,2707.6713426853707
1780667700,11,POST,/api/book,3.400000,0.000000,140,190,270,320,330,360,390,390,390,390,390,385,0,140,220.71692816363583,116.57919300000685,717.7693790000035,3382.7766233766233
1780667700,11,GET,/api/concerts,0.700000,0.000000,3,3,4,16,45,45,45,45,45,45,45,76,0,3,5.442260815791063,2.4903720000111207,47.18958699993436,753.0
1780667700,11,GET,/health,0.300000,0.000000,3,3,3,3,3,3,3,3,3,3,3,42,0,3,3.8120756666620266,2.373630000022331,18.63651899998331,57.0
1780667700,11,,Aggregated,4.400000,0.000000,140,140,190,270,330,360,390,390,390,390,390,503,0,140,170.0789986938365,2.373630000022331,717.7693790000035,2707.7355864811134
1780667701,11,POST,/api/book,3.400000,0.000000,140,190,280,320,330,360,390,390,390,390,390,389,0,140,220.9335836272487,116.57919300000685,717.7693790000035,3382.8251928020563
1780667701,11,GET,/api/concerts,0.700000,0.000000,3,4,16,16,45,45,45,45,45,45,45,76,0,3,5.442260815791063,2.4903720000111207,47.18958699993436,753.0
1780667701,11,GET,/health,0.300000,0.000000,3,3,3,3,3,3,3,3,3,3,3,43,0,3,3.787805348833952,2.373630000022331,18.63651899998331,57.0
1780667701,11,,Aggregated,4.400000,0.000000,140,140,240,280,330,360,390,390,390,390,390,508,0,140,170.31427457283417,2.373630000022331,717.7693790000035,2707.8700787401576
1780667702,11,POST,/api/book,3.400000,0.000000,140,220,280,320,360,390,570,570,570,570,570,391,0,140,221.81518084910405,116.57919300000685,717.7693790000035,3382.8132992327364
1780667702,11,GET,/api/concerts,0.800000,0.000000,3,4,16,45,51,51,51,51,51,51,51,77,0,3,6.033745038962479,2.4903720000111207,50.986545999990085,753.0
1780667702,11,GET,/health,0.100000,0.000000,3,3,66,66,66,66,66,66,66,66,66,44,0,3,5.2018158636338345,2.373630000022331,66.00426800002879,57.0
1780667702,11,,Aggregated,4.300000,0.000000,140,150,240,280,360,390,570,570,570,570,570,512,0,140,170.7484648007807,2.373630000022331,717.7693790000035,2701.501953125
1780667703,11,POST,/api/book,3.400000,0.000000,190,280,320,360,430,530,570,570,570,570,570,397,0,150,223.70624361209008,116.57919300000685,717.7693790000035,3382.579345088161
1780667703,11,GET,/api/concerts,0.800000,0.000000,4,16,17,45,51,51,51,51,51,51,51,78,0,3,6.177616397436827,2.4903720000111207,50.986545999990085,753.0
1780667703,11,GET,/health,0.200000,0.000000,3,3,66,66,66,66,66,66,66,66,66,44,0,3,5.2018158636338345,2.373630000022331,66.00426800002879,57.0
1780667703,11,,Aggregated,4.400000,0.000000,140,230,290,320,390,460,570,570,570,570,570,519,0,140,172.4896198285159,2.373630000022331,717.7693790000035,2705.4450867052024
1780667704,11,POST,/api/book,3.400000,0.000000,190,280,320,330,430,530,570,570,570,570,570,400,0,140,223.5391046574993,116.57919300000685,717.7693790000035,3382.3875
1780667704,11,GET,/api/concerts,0.800000,0.000000,16,17,45,45,51,51,51,51,51,51,51,78,0,3,6.177616397436827,2.4903720000111207,50.986545999990085,753.0
1780667704,11,GET,/health,0.200000,0.000000,3,3,66,66,66,66,66,66,66,66,66,44,0,3,5.2018158636338345,2.373630000022331,66.00426800002879,57.0
1780667704,11,,Aggregated,4.400000,0.000000,140,220,280,320,390,460,570,570,570,570,570,522,0,140,172.65589241379257,2.373630000022331,717.7693790000035,2709.189655172414
1780667705,12,POST,/api/book,3.400000,0.000000,230,290,330,390,510,530,570,570,570,570,570,404,0,150,224.9447542722765,116.57919300000685,717.7693790000035,3382.6732673267325
1780667705,12,GET,/api/concerts,0.800000,0.000000,16,17,45,45,51,51,51,51,51,51,51,78,0,3,6.177616397436827,2.4903720000111207,50.986545999990085,753.0
1780667705,12,GET,/health,0.200000,0.000000,66,66,66,66,66,66,66,66,66,66,66,44,0,3,5.2018158636338345,2.373630000022331,66.00426800002879,57.0
1780667705,12,,Aggregated,4.400000,0.000000,150,280,320,330,460,520,570,570,570,570,570,526,0,140,174.12246141254695,2.373630000022331,717.7693790000035,2714.528517110266
1780667706,12,POST,/api/book,3.500000,0.000000,290,360,510,520,940,1100,1200,1200,1200,1200,1200,409,0,150,234.37453404156403,116.57919300000685,1160.019735999981,3382.6210268948657
1780667706,12,GET,/api/concerts,0.900000,0.000000,17,45,45,51,51,51,51,51,51,51,51,78,0,3,6.177616397436827,2.4903720000111207,50.986545999990085,753.0
1780667706,12,GET,/health,0.200000,0.000000,66,66,66,66,66,66,66,66,66,66,66,44,0,3,5.2018158636338345,2.373630000022331,66.00426800002879,57.0
1780667706,12,,Aggregated,4.600000,0.000000,190,320,430,510,810,970,1200,1200,1200,1200,1200,531,0,140,181.86425310734404,2.373630000022331,1160.019735999981,2720.7796610169494
1780667707,12,POST,/api/book,3.600000,0.000000,290,460,530,780,940,1100,1200,1200,1200,1200,1200,413,0,150,236.85770758837705,116.57919300000685,1160.019735999981,3382.322033898305
1780667707,12,GET,/api/concerts,0.800000,0.000000,17,45,45,51,51,51,51,51,51,51,51,79,0,3,6.134940594936872,2.4903720000111207,50.986545999990085,753.0
1780667707,12,GET,/health,0.200000,0.000000,66,66,66,66,66,66,66,66,66,66,66,44,0,3,5.2018158636338345,2.373630000022331,66.00426800002879,57.0
1780667707,12,,Aggregated,4.600000,0.000000,220,360,510,530,910,970,1200,1200,1200,1200,1200,536,0,140,183.83539820708893,2.373630000022331,1160.019735999981,2721.8171641791046
1780667708,12,POST,/api/book,3.600000,0.000000,320,460,530,780,940,1100,1200,1200,1200,1200,1200,415,0,150,237.20142696867399,116.57919300000685,1160.019735999981,3382.3084337349396
1780667708,12,GET,/api/concerts,0.800000,0.000000,3,17,45,45,51,51,51,51,51,51,51,81,0,3,6.050587407407369,2.4903720000111207,50.986545999990085,753.0
1780667708,12,GET,/health,0.200000,0.000000,36,36,66,66,66,66,66,66,66,66,66,45,0,3,5.881695844440553,2.373630000022331,66.00426800002879,57.0
1780667708,12,,Aggregated,4.600000,0.000000,220,360,510,530,910,970,1200,1200,1200,1200,1200,541,0,140,183.3518781608125,2.373630000022331,1160.019735999981,2712.0443622920516
1780667709,12,POST,/api/book,3.900000,0.000000,360,520,670,780,940,1100,1200,1200,1200,1200,1200,422,0,150,240.59381442180023,116.57919300000685,1160.019735999981,3382.0781990521327
1780667709,12,GET,/api/concerts,0.600000,0.000000,3,17,45,45,51,51,51,51,51,51,51,82,0,3,6.011270829268009,2.4903720000111207,50.986545999990085,753.0
1780667709,12,GET,/health,0.200000,0.000000,36,36,66,66,66,66,66,66,66,66,66,45,0,3,5.881695844440553,2.373630000022331,66.00426800002879,57.0
1780667709,12,,Aggregated,4.700000,0.000000,240,430,530,670,910,970,1200,1200,1200,1200,1200,549,0,140,186.31728635154744,2.373630000022331,1160.019735999981,2716.845173041894
1780667710,13,POST,/api/book,3.600000,0.000000,400,520,670,780,940,1100,1200,1200,1200,1200,1200,426,0,150,241.5367846971827,116.57919300000685,1160.019735999981,3382.12441314554
1780667710,13,GET,/api/concerts,0.700000,0.000000,3,17,45,45,51,51,51,51,51,51,51,83,0,3,5.974361650601168,2.4903720000111207,50.986545999990085,753.0
1780667710,13,GET,/health,0.300000,0.000000,66,66,66,66,66,66,66,66,66,66,66,45,0,3,5.881695844440553,2.373630000022331,66.00426800002879,57.0
1780667710,13,,Aggregated,4.600000,0.000000,290,440,530,670,910,970,1200,1200,1200,1200,1200,554,0,140,187.10328269133498,2.373630000022331,1160.019735999981,2718.138989169675
1780667711,13,POST,/api/book,3.900000,0.000000,400,510,670,780,940,1100,1200,1200,1200,1200,1200,430,0,150,241.87822538139474,116.57919300000685,1160.019735999981,3382.1767441860466
1780667711,13,GET,/api/concerts,0.600000,0.000000,3,3,17,17,51,51,51,51,51,51,51,83,0,3,5.974361650601168,2.4903720000111207,50.986545999990085,753.0
1780667711,13,GET,/health,0.300000,0.000000,66,66,66,66,66,66,66,66,66,66,66,45,0,3,5.881695844440553,2.373630000022331,66.00426800002879,57.0
1780667711,13,,Aggregated,4.800000,0.000000,330,430,530,670,910,970,1200,1200,1200,1200,1200,558,0,140,187.7566043799274,2.373630000022331,1160.019735999981,2722.9390681003583
1780667712,13,POST,/api/book,3.900000,0.000000,380,460,670,780,940,1100,1200,1200,1200,1200,1200,433,0,160,242.15497493302436,116.57919300000685,1160.019735999981,3382.1154734411084
1780667712,13,GET,/api/concerts,0.600000,0.000000,3,3,17,19,51,51,51,51,51,51,51,85,0,3,6.090004882352171,2.4903720000111207,50.986545999990085,753.0
1780667712,13,GET,/health,0.300000,0.000000,66,66,66,66,66,66,66,66,66,66,66,45,0,3,5.881695844440553,2.373630000022331,66.00426800002879,57.0
1780667712,13,,Aggregated,4.800000,0.000000,300,430,510,670,910,970,1200,1200,1200,1200,1200,563,0,140,187.62953974067378,2.373630000022331,1160.019735999981,2719.4067495559502
1780667713,13,POST,/api/book,3.900000,0.000000,400,580,770,790,940,1100,1200,1200,1200,1200,1200,439,0,160,246.65472976765275,116.57919300000685,1160.019735999981,3382.150341685649
1780667713,13,GET,/api/concerts,0.700000,0.000000,3,17,19,43,51,51,51,51,51,51,51,86,0,3,6.521392244184331,2.4903720000111207,50.986545999990085,753.0
1780667713,13,GET,/health,0.200000,0.000000,66,66,66,66,66,66,66,66,66,66,66,45,0,3,5.881695844440553,2.373630000022331,66.00426800002879,57.0
1780667713,13,,Aggregated,4.800000,0.000000,300,490,640,770,910,970,1200,1200,1200,1200,1200,570,0,140,191.41568844561277,2.373630000022331,1160.019735999981,2722.959649122807
1780667714,13,POST,/api/book,4.300000,0.000000,380,580,770,790,940,1100,1200,1200,1200,1200,1200,443,0,160,245.8747654446941,116.57919300000685,1160.019735999981,3382.151241534989
1780667714,13,GET,/api/concerts,0.900000,0.000000,3,3,19,19,43,43,43,43,43,43,43,86,0,3,6.521392244184331,2.4903720000111207,50.986545999990085,753.0
1780667714,13,GET,/health,0.100000,0.000000,36,36,36,36,36,36,36,36,36,36,36,45,0,3,5.881695844440553,2.373630000022331,66.00426800002879,57.0
1780667714,13,,Aggregated,5.300000,0.000000,280,430,640,770,910,970,1200,1200,1200,1200,1200,574,0,140,191.19867097212403,2.373630000022331,1160.019735999981,2727.5540069686413
1780667715,14,POST,/api/book,4.300000,0.000000,400,610,680,770,810,1100,1200,1200,1200,1200,1200,446,0,160,248.7030299349763,116.57919300000685,1160.019735999981,3382.017937219731
1780667715,14,GET,/api/concerts,0.700000,0.000000,3,3,4,19,43,43,43,43,43,43,43,87,0,3,6.492367620687961,2.4903720000111207,50.986545999990085,753.0
1780667715,14,GET,/health,0.100000,0.000000,36,36,36,36,36,36,36,36,36,36,36,45,0,3,5.881695844440553,2.373630000022331,66.00426800002879,57.0
1780667715,14,,Aggregated,5.100000,0.000000,280,440,640,680,800,910,1200,1200,1200,1200,1200,578,0,140,193.34094056574247,2.373630000022331,1160.019735999981,2727.432525951557
1780667716,14,POST,/api/book,4.200000,0.000000,380,490,640,680,800,1000,1100,1100,1100,1100,1100,454,0,170,254.9743993017609,116.57919300000685,1160.019735999981,3382.088105726872
1780667716,14,GET,/api/concerts,0.800000,0.000000,3,3,4,19,43,43,43,43,43,43,43,88,0,3,6.452922829543633,2.4903720000111207,50.986545999990085,753.0
1780667716,14,GET,/health,0.100000,0.000000,36,36,36,36,36,36,36,36,36,36,36,46,0,3,5.812728934780185,2.373630000022331,66.00426800002879,57.0
1780667716,14,,Aggregated,5.100000,0.000000,270,400,580,640,790,1000,1100,1100,1100,1100,1100,588,0,140,198.2884694268694,2.373630000022331,1160.019735999981,2728.4931972789113
1780667717,14,POST,/api/book,4.100000,0.000000,300,490,640,680,800,1000,1100,1100,1100,1100,1100,458,0,160,254.08305898034848,116.57919300000685,1160.019735999981,3381.9825327510916
1780667717,14,GET,/api/concerts,0.900000,0.000000,3,3,4,19,43,43,43,43,43,43,43,88,0,3,6.452922829543633,2.4903720000111207,50.986545999990085,753.0
1780667717,14,GET,/health,0.100000,0.000000,3,3,36,36,36,36,36,36,36,36,36,47,0,3,5.7468930638284546,2.373630000022331,66.00426800002879,57.0
1780667717,14,,Aggregated,5.100000,0.000000,270,400,610,640,790,1000,1100,1100,1100,1100,1100,593,0,140,197.65261753119628,2.373630000022331,1160.019735999981,2728.315345699831
1780667718,14,POST,/api/book,4.600000,0.000000,300,440,610,640,880,1100,1100,1100,1100,1100,1100,460,0,170,254.98955703043407,116.57919300000685,1160.019735999981,3381.85
1780667718,14,GET,/api/concerts,1.000000,0.000000,4,19,28,28,43,43,43,43,43,43,43,89,0,3,6.695676921347084,2.4903720000111207,50.986545999990085,753.0
1780667718,14,GET,/health,0.200000,0.000000,3,3,36,36,36,36,36,36,36,36,36,47,0,3,5.7468930638284546,2.373630000022331,66.00426800002879,57.0
1780667718,14,,Aggregated,5.800000,0.000000,230,380,490,610,800,1000,1100,1100,1100,1100,1100,596,0,140,198.25707290939516,2.373630000022331,1160.019735999981,2727.0922818791946
1780667719,14,POST,/api/book,4.400000,0.000000,360,580,640,680,810,1000,1100,1100,1100,1100,1100,466,0,170,257.99343202789646,116.57919300000685,1160.019735999981,3381.776824034335
1780667719,14,GET,/api/concerts,0.900000,0.000000,4,19,28,28,43,43,43,43,43,43,43,89,0,3,6.695676921347084,2.4903720000111207,50.986545999990085,753.0
1780667719,14,GET,/health,0.300000,0.000000,3,3,36,36,36,36,36,36,36,36,36,47,0,3,5.7468930638284546,2.373630000022331,66.00426800002879,57.0
1780667719,14,,Aggregated,5.600000,0.000000,280,440,600,640,810,1000,1100,1100,1100,1100,1100,602,0,140,201.14777166943458,2.373630000022331,1160.019735999981,2733.56146179402
1780667720,15,POST,/api/book,4.400000,0.000000,310,580,640,680,810,1000,1100,1100,1100,1100,1100,470,0,170,258.87806281276545,116.57919300000685,1160.019735999981,3381.9553191489363
1780667720,15,GET,/api/concerts,0.800000,0.000000,4,19,28,28,43,43,43,43,43,43,43,90,0,3,6.652125499999784,2.4903720000111207,50.986545999990085,753.0
1780667720,15,GET,/health,0.200000,0.000000,3,3,36,36,36,36,36,36,36,36,36,47,0,3,5.7468930638284546,2.373630000022331,66.00426800002879,57.0
1780667720,15,,Aggregated,5.400000,0.000000,270,490,600,640,800,1000,1100,1100,1100,1100,1100,607,0,140,201.88053507578206,2.373630000022331,1160.019735999981,2734.708401976936
1780667721,15,POST,/api/book,4.500000,0.000000,490,610,700,800,880,1000,1100,1100,1100,1100,1100,476,0,170,263.2922329327728,116.57919300000685,1160.019735999981,3381.9390756302523
1780667721,15,GET,/api/concerts,0.800000,0.000000,4,15,19,28,43,43,43,43,43,43,43,92,0,3,6.700489456520749,2.4903720000111207,50.986545999990085,753.0
1780667721,15,GET,/health,0.200000,0.000000,3,3,3,3,3,3,3,3,3,3,3,48,0,3,5.691536354164602,2.373630000022331,66.00426800002879,57.0
1780667721,15,,Aggregated,5.500000,0.000000,290,530,640,700,830,1000,1100,1100,1100,1100,1100,616,0,140,204.89730787499946,2.373630000022331,1160.019735999981,2730.219155844156
1780667722,15,POST,/api/book,4.400000,0.000000,290,530,680,710,880,1000,1100,1100,1100,1100,1100,481,0,170,262.0109062869019,116.57919300000685,1160.019735999981,3382.012474012474
1780667722,15,GET,/api/concerts,0.700000,0.000000,4,15,28,28,43,43,43,43,43,43,43,93,0,3,6.658508096772191,2.4903720000111207,50.986545999990085,753.0
1780667722,15,GET,/health,0.200000,0.000000,3,3,3,3,3,3,3,3,3,3,3,48,0,3,5.691536354164602,2.373630000022331,66.00426800002879,57.0
1780667722,15,,Aggregated,5.300000,0.000000,180,320,580,680,830,1000,1100,1100,1100,1100,1100,622,0,140,204.05093395819864,2.373630000022331,1160.019735999981,2732.3360128617364
1780667723,15,POST,/api/book,4.800000,0.000000,290,530,680,710,880,1000,1100,1100,1100,1100,1100,484,0,170,261.2471521673551,116.57919300000685,1160.019735999981,3381.873966942149
1780667723,15,GET,/api/concerts,0.900000,0.000000,3,4,15,15,28,28,28,28,28,28,28,94,0,3,6.6182158829773705,2.4903720000111207,50.986545999990085,753.0
1780667723,15,GET,/health,0.200000,0.000000,3,3,3,3,3,3,3,3,3,3,3,48,0,3,5.691536354164602,2.373630000022331,66.00426800002879,57.0
1780667723,15,,Aggregated,5.900000,0.000000,170,320,580,680,830,1000,1100,1100,1100,1100,1100,626,0,140,203.4168173913733,2.373630000022331,1160.019735999981,2732.1805111821086
1780667724,15,POST,/api/book,4.700000,0.000000,290,510,680,810,880,1000,1100,1100,1100,1100,1100,487,0,170,261.95454379055434,116.57919300000685,1160.019735999981,3381.854209445585
1780667724,15,GET,/api/concerts,0.800000,0.000000,3,15,28,28,53,53,53,53,53,53,53,95,0,3,7.107860315788553,2.4903720000111207,53.134437000039725,753.0
1780667724,15,GET,/health,0.300000,0.000000,3,3,27,27,27,27,27,27,27,27,27,49,0,3,6.135353938773556,2.373630000022331,66.00426800002879,57.0
1780667724,15,,Aggregated,5.800000,0.000000,160,310,530,680,830,1000,1100,1100,1100,1100,1100,631,0,140,203.72066861965104,2.373630000022331,1160.019735999981,2727.877971473851
1780667725,16,POST,/api/book,4.500000,0.000000,300,580,810,830,1300,1500,1600,1600,1600,1600,1600,493,0,170,275.7607461176466,116.57919300000685,1559.6902659999614,3381.6409736308315
1780667725,16,GET,/api/concerts,0.900000,0.000000,3,15,28,28,53,53,53,53,53,53,53,95,0,3,7.107860315788553,2.4903720000111207,53.134437000039725,753.0
1780667725,16,GET,/health,0.300000,0.000000,3,3,27,27,27,27,27,27,27,27,27,49,0,3,6.135353938773556,2.373630000022331,66.00426800002879,57.0
1780667725,16,,Aggregated,5.700000,0.000000,170,360,600,810,1200,1500,1500,1600,1600,1600,1600,637,0,140,214.95435935478753,2.373630000022331,1559.6902659999614,2733.87284144427
1780667726,16,POST,/api/book,4.500000,0.000000,460,650,820,880,1300,1500,1600,1600,1600,1600,1600,501,0,170,280.3480125568855,116.57919300000685,1559.6902659999614,3381.6307385229543
1780667726,16,GET,/api/concerts,0.900000,0.000000,3,15,28,28,53,53,53,53,53,53,53,95,0,3,7.107860315788553,2.4903720000111207,53.134437000039725,753.0
1780667726,16,GET,/health,0.300000,0.000000,3,3,27,27,27,27,27,27,27,27,27,49,0,3,6.135353938773556,2.373630000022331,66.00426800002879,57.0
1780667726,16,,Aggregated,5.700000,0.000000,300,530,760,830,1200,1500,1500,1600,1600,1600,1600,645,0,140,219.27167963410778,2.373630000022331,1559.6902659999614,2741.8992248062013
1780667727,16,POST,/api/book,4.400000,0.000000,460,650,820,830,1300,1500,1600,1600,1600,1600,1600,505,0,180,280.48582405940516,116.57919300000685,1559.6902659999614,3381.5247524752476
1780667727,16,GET,/api/concerts,0.800000,0.000000,3,15,28,28,53,53,53,53,53,53,53,96,0,3,7.063761385415053,2.4903720000111207,53.134437000039725,753.0
1780667727,16,GET,/health,0.400000,0.000000,3,3,27,27,27,27,27,27,27,27,27,49,0,3,6.135353938773556,2.373630000022331,66.00426800002879,57.0
1780667727,16,,Aggregated,5.600000,0.000000,300,530,760,830,1200,1500,1500,1600,1600,1600,1600,650,0,140,219.42168397846063,2.373630000022331,1559.6902659999614,2742.693846153846
1780667728,16,POST,/api/book,4.400000,0.000000,390,640,830,880,1300,1500,1600,1600,1600,1600,1600,509,0,180,280.99284455992085,116.57919300000685,1559.6902659999614,3381.5127701375245
1780667728,16,GET,/api/concerts,0.800000,0.000000,3,3,15,15,53,53,53,53,53,53,53,96,0,3,7.063761385415053,2.4903720000111207,53.134437000039725,753.0
1780667728,16,GET,/health,0.400000,0.000000,27,27,27,27,27,27,27,27,27,27,27,49,0,3,6.135353938773556,2.373630000022331,66.00426800002879,57.0
1780667728,16,,Aggregated,5.600000,0.000000,240,490,650,830,1200,1500,1500,1600,1600,1600,1600,654,0,140,220.18977265596254,2.373630000022331,1559.6902659999614,2746.591743119266
1780667729,16,POST,/api/book,4.700000,0.000000,510,830,880,950,1300,1500,1600,1600,1600,1600,1600,517,0,180,288.74538035203034,116.57919300000685,1559.6902659999614,3381.8278529980657
1780667729,16,GET,/api/concerts,0.800000,0.000000,4,15,41,41,53,53,53,53,53,53,53,98,0,3,7.3749512448952075,2.4903720000111207,53.134437000039725,753.0
1780667729,16,GET,/health,0.200000,0.000000,27,27,27,27,27,27,27,27,27,27,27,49,0,3,6.135353938773556,2.373630000022331,66.00426800002879,57.0
1780667729,16,,Aggregated,5.700000,0.000000,350,640,840,890,1200,1500,1500,1600,1600,1600,1600,664,0,140,226.3625590466858,2.373630000022331,1559.6902659999614,2748.4819277108436
1780667730,17,POST,/api/book,5.000000,0.000000,450,760,880,950,1300,1500,1600,1600,1600,1600,1600,521,0,190,288.8039442034545,116.57919300000685,1559.6902659999614,3381.785028790787
1780667730,17,GET,/api/concerts,0.700000,0.000000,4,4,41,41,53,53,53,53,53,53,53,98,0,3,7.3749512448952075,2.4903720000111207,53.134437000039725,753.0
1780667730,17,GET,/health,0.200000,0.000000,4,4,27,27,27,27,27,27,27,27,27,51,0,3,6.020179666666304,2.373630000022331,66.00426800002879,57.0
1780667730,17,,Aggregated,5.900000,0.000000,210,580,840,890,1200,1500,1500,1600,1600,1600,1600,670,0,140,226.1143721119396,2.373630000022331,1559.6902659999614,2744.1955223880595
1780667731,17,POST,/api/book,5.000000,0.000000,480,830,890,950,1300,1500,1600,1600,1600,1600,1600,523,0,190,289.00017343212215,116.57919300000685,1559.6902659999614,3381.772466539197
1780667731,17,GET,/api/concerts,0.800000,0.000000,4,4,41,41,53,53,53,53,53,53,53,99,0,3,7.325427333329792,2.4720839999190503,53.134437000039725,753.0
1780667731,17,GET,/health,0.200000,0.000000,4,4,5,5,27,27,27,27,27,27,27,53,0,3,5.9517319622627065,2.373630000022331,66.00426800002879,57.0
1780667731,17,,Aggregated,6.000000,0.000000,350,580,840,890,1200,1500,1500,1600,1600,1600,1600,675,0,140,225.46333304444374,2.373630000022331,1559.6902659999614,2735.162962962963
1780667732,17,POST,/api/book,5.200000,0.000000,580,880,950,1100,1300,1500,1600,1600,1600,1600,1600,529,0,190,295.0407612759919,116.57919300000685,1559.6902659999614,3381.7069943289225
1780667732,17,GET,/api/concerts,0.800000,0.000000,4,41,41,53,53,53,53,53,53,53,53,99,0,3,7.325427333329792,2.4720839999190503,53.134437000039725,753.0
1780667732,17,GET,/health,0.300000,0.000000,4,5,5,27,27,27,27,27,27,27,27,53,0,3,5.9517319622627065,2.373630000022331,66.00426800002879,57.0
1780667732,17,,Aggregated,6.300000,0.000000,450,760,920,950,1200,1500,1500,1600,1600,1600,1600,681,0,140,230.71545053597555,2.373630000022331,1559.6902659999614,2740.8091042584433
1780667733,17,POST,/api/book,4.600000,0.000000,650,920,1000,1100,1300,1500,1600,1600,1600,1600,1600,536,0,190,301.0819984347012,116.57919300000685,1559.6902659999614,3381.615671641791
1780667733,17,GET,/api/concerts,0.700000,0.000000,4,41,41,53,53,53,53,53,53,53,53,99,0,3,7.325427333329792,2.4720839999190503,53.134437000039725,753.0
1780667733,17,GET,/health,0.600000,0.000000,4,5,5,27,27,27,27,27,27,27,27,53,0,3,5.9517319622627065,2.373630000022331,66.00426800002879,57.0
1780667733,17,,Aggregated,5.900000,0.000000,510,840,950,1100,1200,1500,1500,1600,1600,1600,1600,688,0,140,236.07646840261552,2.373630000022331,1559.6902659999614,2747.2587209302324
1780667734,17,POST,/api/book,4.800000,0.000000,580,880,940,1000,1200,1500,1500,1600,1600,1600,1600,542,0,190,303.97612928966817,116.57919300000685,1559.6902659999614,3381.658671586716
1780667734,17,GET,/api/concerts,0.600000,0.000000,3,4,4,41,41,41,41,41,41,41,41,100,0,3,7.277300809996632,2.4720839999190503,53.134437000039725,753.0
1780667734,17,GET,/health,0.500000,0.000000,5,5,27,27,36,36,36,36,36,36,36,54,0,3,6.513200203702102,2.373630000022331,66.00426800002879,57.0
1780667734,17,,Aggregated,5.900000,0.000000,480,760,920,950,1200,1400,1500,1600,1600,1600,1600,696,0,140,238.26796690660888,2.373630000022331,1559.6902659999614,2746.030172413793
1780667735,18,POST,/api/book,5.000000,0.000000,540,760,920,920,1100,1200,1200,1200,1200,1200,1200,544,0,190,304.3336475073529,116.57919300000685,1559.6902659999614,3381.6636029411766
1780667735,18,GET,/api/concerts,0.500000,0.000000,3,3,4,4,41,41,41,41,41,41,41,101,0,3,7.232390772274037,2.4720839999190503,53.134437000039725,753.0
1780667735,18,GET,/health,0.500000,0.000000,5,5,27,27,36,36,36,36,36,36,36,54,0,3,6.513200203702102,2.373630000022331,66.00426800002879,57.0
1780667735,18,,Aggregated,6.000000,0.000000,350,580,840,920,1100,1200,1200,1200,1200,1200,1200,699,0,140,238.39726541201665,2.373630000022331,1559.6902659999614,2745.0014306151647
1780667736,18,POST,/api/book,5.500000,0.000000,580,760,920,920,1100,1200,1200,1200,1200,1200,1200,551,0,190,306.79004828312173,116.57919300000685,1559.6902659999614,3381.7568058076226
1780667736,18,GET,/api/concerts,0.500000,0.000000,3,3,4,4,41,41,41,41,41,41,41,101,0,3,7.232390772274037,2.4720839999190503,53.134437000039725,753.0
1780667736,18,GET,/health,0.600000,0.000000,5,5,7,7,36,36,36,36,36,36,36,55,0,3,6.521005545452723,2.373630000022331,66.00426800002879,57.0
1780667736,18,,Aggregated,6.600000,0.000000,450,620,860,920,1100,1200,1200,1200,1200,1200,1200,707,0,140,240.63711934511983,2.373630000022331,1559.6902659999614,2747.5756718528996
1780667737,18,POST,/api/book,5.500000,0.000000,660,920,940,1000,1200,1200,1200,1200,1200,1200,1200,559,0,200,313.8709646923078,116.57919300000685,1559.6902659999614,3381.8425760286227
1780667737,18,GET,/api/concerts,0.500000,0.000000,4,4,14,14,41,41,41,41,41,41,41,102,0,3,7.295563450977134,2.4720839999190503,53.134437000039725,753.0
1780667737,18,GET,/health,0.600000,0.000000,5,5,7,7,36,36,36,36,36,36,36,55,0,3,6.521005545452723,2.373630000022331,66.00426800002879,57.0
1780667737,18,,Aggregated,6.600000,0.000000,540,820,920,940,1100,1200,1200,1200,1200,1200,1200,716,0,140,246.58753078212246,2.373630000022331,1559.6902659999614,2751.9427374301677
1780667738,18,POST,/api/book,5.200000,0.000000,610,880,930,950,1200,1200,1200,1200,1200,1200,1200,565,0,200,315.6165073486723,116.57919300000685,1559.6902659999614,3381.686725663717
1780667738,18,GET,/api/concerts,0.600000,0.000000,3,3,4,4,14,14,14,14,14,14,14,103,0,3,7.255919378637364,2.4720839999190503,53.134437000039725,753.0
1780667738,18,GET,/health,0.600000,0.000000,5,5,7,7,36,36,36,36,36,36,36,55,0,3,6.521005545452723,2.373630000022331,66.00426800002879,57.0
1780667738,18,,Aggregated,6.400000,0.000000,510,670,910,930,1100,1200,1200,1200,1200,1200,1200,723,0,140,248.1733632821569,2.373630000022331,1559.6902659999614,2754.283540802213
1780667739,18,POST,/api/book,5.600000,0.000000,660,920,950,1100,1200,1200,1200,1200,1200,1200,1200,570,0,200,320.0693325684212,116.57919300000685,1559.6902659999614,3381.7315789473682
1780667739,18,GET,/api/concerts,0.600000,0.000000,3,3,3,14,14,14,14,14,14,14,14,103,0,3,7.255919378637364,2.4720839999190503,53.134437000039725,753.0
1780667739,18,GET,/health,0.600000,0.000000,5,7,7,36,36,36,36,36,36,36,36,55,0,3,6.521005545452723,2.373630000022331,66.00426800002879,57.0
1780667739,18,,Aggregated,6.800000,0.000000,570,790,930,1000,1100,1200,1200,1200,1200,1200,1200,728,0,140,252.12298703983473,2.373630000022331,1559.6902659999614,2758.627747252747
1780667740,19,POST,/api/book,5.400000,0.000000,680,920,1000,1100,1200,1200,1200,1200,1200,1200,1200,575,0,210,324.8729755356524,116.57919300000685,1559.6902659999614,3381.6034782608695
1780667740,19,GET,/api/concerts,0.700000,0.000000,3,3,14,14,19,19,19,19,19,19,19,104,0,3,7.3722405961503386,2.4720839999190503,53.134437000039725,753.0
1780667740,19,GET,/health,0.600000,0.000000,5,7,7,36,36,36,36,36,36,36,36,55,0,3,6.521005545452723,2.373630000022331,66.00426800002879,57.0
1780667740,19,,Aggregated,6.700000,0.000000,620,910,970,1100,1200,1200,1200,1200,1200,1200,1200,734,0,140,256.03178373296964,2.373630000022331,1559.6902659999614,2760.039509536785
1780667741,19,POST,/api/book,5.400000,0.000000,740,920,1000,1100,1200,1200,1400,1400,1400,1400,1400,587,0,210,333.35387083475274,116.57919300000685,1559.6902659999614,3381.596252129472
1780667741,19,GET,/api/concerts,0.600000,0.000000,3,14,14,19,19,19,19,19,19,19,19,104,0,3,7.3722405961503386,2.4720839999190503,53.134437000039725,753.0
1780667741,19,GET,/health,0.600000,0.000000,36,36,58,58,58,58,58,58,58,58,58,56,0,3,7.44723669642663,2.373630000022331,66.00426800002879,57.0
1780667741,19,,Aggregated,6.600000,0.000000,620,910,970,1000,1200,1200,1400,1400,1400,1400,1400,747,0,140,263.53745710441694,2.373630000022331,1559.6902659999614,2766.400267737617
1780667742,19,POST,/api/book,5.400000,0.000000,620,880,950,1000,1200,1200,1400,1400,1400,1400,1400,592,0,210,332.6435376368239,116.57919300000685,1559.6902659999614,3381.7685810810813
1780667742,19,GET,/api/concerts,0.600000,0.000000,3,3,14,14,19,19,19,19,19,19,19,105,0,3,7.3303945809487105,2.4720839999190503,53.134437000039725,753.0
1780667742,19,GET,/health,0.500000,0.000000,36,36,58,58,58,58,58,58,58,58,58,57,0,3,7.361734210523433,2.373630000022331,66.00426800002879,57.0
1780667742,19,,Aggregated,6.500000,0.000000,510,790,920,970,1200,1200,1400,1400,1400,1400,1400,754,0,140,262.75104053315545,2.373630000022331,1559.6902659999614,2764.3514588859416
1780667743,19,POST,/api/book,6.200000,0.000000,590,860,950,1000,1200,1200,1400,1400,1400,1400,1400,598,0,210,331.9860403745816,107.23925499996767,1559.6902659999614,3381.8428093645484
1780667743,19,GET,/api/concerts,0.500000,0.000000,3,14,19,19,22,22,22,22,22,22,22,107,0,3,7.423942364482096,2.4720839999190503,53.134437000039725,753.0
1780667743,19,GET,/health,0.200000,0.000000,36,36,58,58,58,58,58,58,58,58,58,57,0,3,7.361734210523433,2.373630000022331,66.00426800002879,57.0
1780667743,19,,Aggregated,6.900000,0.000000,310,740,910,970,1200,1200,1400,1400,1400,1400,1400,762,0,140,262.12812706955276,2.373630000022331,1559.6902659999614,2763.9921259842517
1780667744,19,POST,/api/book,6.200000,0.000000,610,820,930,1000,1200,1200,1400,1400,1400,1400,1400,604,0,210,333.9290449006619,107.23925499996767,1559.6902659999614,3381.78642384106
1780667744,19,GET,/api/concerts,0.500000,0.000000,12,14,19,19,22,22,22,22,22,22,22,108,0,3,7.467440611108073,2.4720839999190503,53.134437000039725,753.0
1780667744,19,GET,/health,0.400000,0.000000,7,7,58,58,58,58,58,58,58,58,58,58,0,3,7.277869862067205,2.373630000022331,66.00426800002879,57.0
1780667744,19,,Aggregated,7.100000,0.000000,360,680,880,950,1100,1200,1400,1400,1400,1400,1400,770,0,140,263.53473137402517,2.373630000022331,1559.6902659999614,2762.6350649350647
1780667745,20,POST,/api/book,6.300000,0.000000,590,820,950,1000,1200,1200,1400,1400,1400,1400,1400,610,0,210,335.4380581721304,107.23925499996767,1559.6902659999614,3381.6245901639345
1780667745,20,GET,/api/concerts,0.800000,0.000000,3,12,14,19,22,22,22,22,22,22,22,110,0,3,7.390827899996566,2.4720839999190503,53.134437000039725,753.0
1780667745,20,GET,/health,0.400000,0.000000,7,7,58,58,58,58,58,58,58,58,58,58,0,3,7.277869862067205,2.373630000022331,66.00426800002879,57.0
1780667745,20,,Aggregated,7.500000,0.000000,350,680,880,950,1100,1200,1400,1400,1400,1400,1400,778,0,140,264.5916748149089,2.373630000022331,1559.6902659999614,2762.116966580977
1780667746,20,POST,/api/book,6.100000,0.000000,570,680,890,970,1100,1200,1400,1400,1400,1400,1400,615,0,210,336.85351310081234,107.23925499996767,1559.6902659999614,3381.769105691057
1780667746,20,GET,/api/concerts,0.800000,0.000000,3,12,19,22,46,46,46,46,46,46,46,111,0,3,7.738753432428959,2.4720839999190503,53.134437000039725,753.0
1780667746,20,GET,/health,0.300000,0.000000,7,39,39,58,58,58,58,58,58,58,58,59,0,3,7.810754983048332,2.373630000022331,66.00426800002879,57.0
1780667746,20,,Aggregated,7.200000,0.000000,300,660,790,890,1100,1200,1400,1400,1400,1400,1400,785,0,140,265.58566462675043,2.373630000022331,1559.6902659999614,2760.1707006369425
1780667747,20,POST,/api/book,6.600000,0.000000,590,750,910,980,1100,1200,1400,1400,1400,1400,1400,627,0,220,341.5973188022321,107.23925499996767,1559.6902659999614,3381.738437001595
1780667747,20,GET,/api/concerts,0.900000,0.000000,3,12,19,22,46,46,46,46,46,46,46,112,0,3,7.6979901160681505,2.4720839999190503,53.134437000039725,753.0
1780667747,20,GET,/health,0.400000,0.000000,7,39,39,58,58,58,58,58,58,58,58,59,0,3,7.810754983048332,2.373630000022331,66.00426800002879,57.0
1780667747,20,,Aggregated,7.900000,0.000000,300,660,830,910,1100,1200,1400,1400,1400,1400,1400,798,0,140,270.055799907267,2.373630000022331,1559.6902659999614,2766.9786967418545
1780667748,20,POST,/api/book,6.500000,0.000000,410,670,860,970,1100,1200,1400,1400,1400,1400,1400,631,0,220,340.7942631648172,107.23925499996767,1559.6902659999614,3381.809825673534
1780667748,20,GET,/api/concerts,0.900000,0.000000,3,12,19,22,46,46,46,46,46,46,46,113,0,3,7.652577353979699,2.4720839999190503,53.134437000039725,753.0
1780667748,20,GET,/health,0.400000,0.000000,3,39,39,58,58,58,58,58,58,58,58,60,0,3,7.725584449998261,2.373630000022331,66.00426800002879,57.0
1780667748,20,,Aggregated,7.800000,0.000000,290,630,680,860,1100,1200,1400,1400,1400,1400,1400,804,0,140,269.1162392599494,2.373630000022331,1559.6902659999614,2764.217661691542
1780667749,20,POST,/api/book,6.100000,0.000000,350,640,680,810,1000,1200,1400,1400,1400,1400,1400,639,0,220,342.10077123943586,107.23925499996767,1559.6902659999614,3381.856025039124
1780667749,20,GET,/api/concerts,1.000000,0.000000,3,19,22,22,22,46,46,46,46,46,46,114,0,3,7.776276140348951,2.4720839999190503,53.134437000039725,753.0
1780667749,20,GET,/health,0.400000,0.000000,3,39,39,58,58,58,58,58,58,58,58,60,0,3,7.725584449998261,2.373630000022331,66.00426800002879,57.0
1780667749,20,,Aggregated,7.500000,0.000000,280,540,660,720,980,1200,1400,1400,1400,1400,1400,813,0,140,270.54418618573095,2.373630000022331,1559.6902659999614,2767.8573185731857
1780667750,21,POST,/api/book,6.600000,0.000000,390,660,720,830,970,1000,1100,1200,1200,1200,1200,645,0,220,346.62690092403045,107.23925499996767,1559.6902659999614,3381.789147286822
1780667750,21,GET,/api/concerts,1.000000,0.000000,3,12,22,22,46,76,76,76,76,76,76,116,0,3,8.318861103446281,2.4720839999190503,75.86999499994818,753.0
1780667750,21,GET,/health,0.500000,0.000000,3,39,39,58,58,58,58,58,58,58,58,60,0,3,7.725584449998261,2.373630000022331,66.00426800002879,57.0
1780667750,21,,Aggregated,8.100000,0.000000,290,570,660,720,950,1000,1100,1200,1200,1200,1200,821,0,140,274.0595299037751,2.373630000022331,1559.6902659999614,2767.383678440926
1780667751,21,POST,/api/book,6.900000,0.000000,460,660,770,890,980,1000,1100,1200,1200,1200,1200,654,0,220,349.3103928577973,107.23925499996767,1559.6902659999614,3381.8776758409786
1780667751,21,GET,/api/concerts,1.100000,0.000000,3,22,22,46,76,89,89,89,89,89,89,117,0,3,9.012306495724571,2.4720839999190503,89.45197200000621,753.0
1780667751,21,GET,/health,0.500000,0.000000,3,39,39,58,58,58,58,58,58,58,58,60,0,3,7.725584449998261,2.373630000022331,66.00426800002879,57.0
1780667751,21,,Aggregated,8.500000,0.000000,290,590,680,770,970,1000,1100,1200,1200,1200,1200,831,0,140,276.735224856798,2.373630000022331,1559.6902659999614,2771.6835138387487
1780667752,21,POST,/api/book,6.800000,0.000000,530,660,750,830,980,1000,1100,1200,1200,1200,1200,662,0,220,349.18829576586006,107.23925499996767,1559.6902659999614,3381.864048338369
1780667752,21,GET,/api/concerts,1.000000,0.000000,12,22,46,76,89,89,89,89,89,89,89,117,0,3,9.012306495724571,2.4720839999190503,89.45197200000621,753.0
1780667752,21,GET,/health,0.500000,0.000000,39,39,47,47,47,47,47,47,47,47,47,61,0,3,8.366019049178629,2.373630000022331,66.00426800002879,57.0
1780667752,21,,Aggregated,8.300000,0.000000,290,590,680,770,970,1000,1100,1200,1200,1200,1200,840,0,140,277.05645097499894,2.373630000022331,1559.6902659999614,2774.252380952381
1780667753,21,POST,/api/book,6.600000,0.000000,540,660,770,890,980,1000,1100,1200,1200,1200,1200,667,0,220,350.6834678020979,107.23925499996767,1559.6902659999614,3381.8215892053972
1780667753,21,GET,/api/concerts,1.300000,0.000000,22,46,76,89,98,98,98,98,98,98,98,118,0,3,9.765830677964512,2.4720839999190503,97.92816000003768,753.0
1780667753,21,GET,/health,0.500000,0.000000,39,39,47,47,47,47,47,47,47,47,47,61,0,3,8.366019049178629,2.373630000022331,66.00426800002879,57.0
1780667753,21,,Aggregated,8.400000,0.000000,290,630,720,810,970,1000,1100,1200,1200,1200,1200,846,0,140,278.44984421512896,2.373630000022331,1559.6902659999614,2775.420803782506
1780667754,21,POST,/api/book,7.100000,0.000000,540,750,900,950,1000,1200,1200,1400,1400,1400,1400,677,0,220,356.1970288685365,107.23925499996767,1559.6902659999614,3381.7459379615952
1780667754,21,GET,/api/concerts,1.300000,0.000000,46,50,76,89,98,98,98,98,98,98,98,119,0,3,10.107124697477415,2.4720839999190503,97.92816000003768,753.0
1780667754,21,GET,/health,0.300000,0.000000,39,39,47,47,47,47,47,47,47,47,47,61,0,3,8.366019049178629,2.373630000022331,66.00426800002879,57.0
1780667754,21,,Aggregated,8.700000,0.000000,290,640,770,900,1000,1100,1200,1400,1400,1400,1400,857,0,140,283.38210448658,2.373630000022331,1559.6902659999614,2780.0770128354725
1780667755,22,POST,/api/book,6.900000,0.000000,530,750,900,950,1000,1200,1200,1400,1400,1400,1400,683,0,220,357.5137622240104,107.23925499996767,1559.6902659999614,3381.8140556368962
1780667755,22,GET,/api/concerts,1.100000,0.000000,26,46,76,76,89,98,98,98,98,98,98,122,0,3,10.11534274590065,2.4720839999190503,97.92816000003768,753.0
1780667755,22,GET,/health,0.400000,0.000000,39,39,47,47,47,47,47,47,47,47,47,61,0,3,8.366019049178629,2.373630000022331,66.00426800002879,57.0
1780667755,22,,Aggregated,8.400000,0.000000,290,640,770,900,1000,1100,1200,1400,1400,1400,1400,866,0,140,283.9795595565808,2.373630000022331,1559.6902659999614,2777.2771362586604
1780667756,22,POST,/api/book,6.900000,0.000000,540,760,900,950,1000,1200,1200,1400,1400,1400,1400,686,0,220,358.774154434401,107.23925499996767,1559.6902659999614,3381.7973760932946
1780667756,22,GET,/api/concerts,1.100000,0.000000,26,50,76,89,98,98,98,98,98,98,98,122,0,3,10.11534274590065,2.4720839999190503,97.92816000003768,753.0
1780667756,22,GET,/health,0.400000,0.000000,47,47,47,47,47,47,47,47,47,47,47,61,0,3,8.366019049178629,2.373630000022331,66.00426800002879,57.0
1780667756,22,,Aggregated,8.400000,0.000000,440,680,780,930,1000,1200,1200,1400,1400,1400,1400,869,0,140,285.22838770885954,2.373630000022331,1559.6902659999614,2779.3509781357884
1780667757,22,POST,/api/book,7.100000,0.000000,530,760,900,950,1000,1200,1200,1400,1400,1400,1400,694,0,220,360.8072567031687,107.23925499996767,1559.6902659999614,3381.743515850144
1780667757,22,GET,/api/concerts,1.200000,0.000000,26,50,76,76,89,98,98,98,98,98,98,124,0,3,10.486842749998921,2.4720839999190503,97.92816000003768,753.0
1780667757,22,GET,/health,0.300000,0.000000,47,47,47,47,47,47,47,47,47,47,47,61,0,3,8.366019049178629,2.373630000022331,66.00426800002879,57.0
1780667757,22,,Aggregated,8.600000,0.000000,410,640,780,900,1000,1200,1200,1400,1400,1400,1400,879,0,140,286.92938773037423,2.373630000022331,1559.6902659999614,2780.180887372014
1780667758,22,POST,/api/book,7.100000,0.000000,590,900,980,1000,1200,1400,1500,1800,1800,1800,1800,701,0,220,369.954193353779,107.23925499996767,1822.422696999979,3381.780313837375
1780667758,22,GET,/api/concerts,1.200000,0.000000,26,42,76,76,89,98,98,98,98,98,98,125,0,3,10.425952439998582,2.4720839999190503,97.92816000003768,753.0
1780667758,22,GET,/health,0.200000,0.000000,47,47,47,47,47,47,47,47,47,47,47,61,0,3,8.366019049178629,2.373630000022331,66.00426800002879,57.0
1780667758,22,,Aggregated,8.500000,0.000000,460,770,950,1000,1200,1400,1500,1800,1800,1800,1800,887,0,150,294.4210380586233,2.373630000022331,1822.422696999979,2782.6719278466744
1780667759,22,POST,/api/book,7.400000,0.000000,640,940,1000,1200,1400,1400,1500,1800,1800,1800,1800,704,0,220,373.7716158096577,107.23925499996767,1822.422696999979,3381.7769886363635
1780667759,22,GET,/api/concerts,1.100000,0.000000,34,42,76,76,89,98,98,98,98,98,98,126,0,3,10.615083571426315,2.4720839999190503,97.92816000003768,753.0
1780667759,22,GET,/health,0.200000,0.000000,47,47,47,47,47,47,47,47,47,47,47,61,0,3,8.366019049178629,2.373630000022331,66.00426800002879,57.0
1780667759,22,,Aggregated,8.700000,0.000000,460,780,980,1000,1200,1400,1500,1800,1800,1800,1800,891,0,150,297.3996018204251,2.373630000022331,1822.422696999979,2782.4085297418633
1780667760,23,POST,/api/book,7.400000,0.000000,590,950,1100,1200,1400,1500,1600,1800,1800,1800,1800,716,0,230,380.4988795432944,107.23925499996767,1822.422696999979,3381.8198324022346
1780667760,23,GET,/api/concerts,1.100000,0.000000,34,44,76,78,89,98,98,98,98,98,98,129,0,3,11.421295612399968,2.4720839999190503,97.92816000003768,753.0
1780667760,23,GET,/health,0.200000,0.000000,47,47,47,47,47,47,47,47,47,47,47,62,0,3,8.682709096773571,2.373630000022331,66.00426800002879,57.0
1780667760,23,,Aggregated,8.700000,0.000000,450,770,1000,1200,1400,1500,1600,1800,1800,1800,1800,907,0,150,302.58971648401155,2.373630000022331,1822.422696999979,2780.6549062844542
1780667761,23,POST,/api/book,6.500000,0.000000,700,980,1200,1200,1400,1600,1600,1800,1800,1800,1800,720,0,230,381.01673088194264,107.23925499996767,1822.422696999979,3381.8569444444443
1780667761,23,GET,/api/concerts,1.200000,0.000000,26,42,50,61,78,98,98,98,98,98,98,132,0,3,11.850805583330356,2.4720839999190503,97.92816000003768,753.0
1780667761,23,GET,/health,0.100000,0.000000,28,28,47,47,47,47,47,47,47,47,47,63,0,3,8.610153999999483,2.373630000022331,66.00426800002879,57.0
1780667761,23,,Aggregated,7.800000,0.000000,390,770,1000,1200,1400,1500,1600,1800,1800,1800,1800,915,0,150,302.1188986601075,2.373630000022331,1822.422696999979,2773.687431693989
1780667762,23,POST,/api/book,7.400000,0.000000,760,1000,1200,1200,1400,1600,1600,1800,1800,1800,1800,722,0,230,382.7774801565078,107.23925499996767,1822.422696999979,3381.905817174515
1780667762,23,GET,/api/concerts,1.500000,0.000000,24,34,44,50,61,78,78,78,78,78,78,133,0,3,11.93942927067352,2.4720839999190503,97.92816000003768,753.0
1780667762,23,GET,/health,0.200000,0.000000,28,28,47,47,47,47,47,47,47,47,47,63,0,3,8.610153999999483,2.373630000022331,66.00426800002879,57.0
1780667762,23,,Aggregated,9.100000,0.000000,450,810,1000,1200,1400,1600,1600,1800,1800,1800,1800,918,0,150,303.37224887581516,2.373630000022331,1822.422696999979,2772.849673202614
1780667763,23,POST,/api/book,6.900000,0.000000,770,1000,1200,1300,1600,1800,2100,2200,2200,2200,2200,730,0,230,391.51657095342284,107.23925499996767,2191.020498999933,3381.8465753424657
1780667763,23,GET,/api/concerts,1.400000,0.000000,24,26,42,44,61,78,78,78,78,78,78,134,0,3,11.967781873130688,2.4720839999190503,97.92816000003768,753.0
1780667763,23,GET,/health,0.300000,0.000000,28,28,47,47,47,47,47,47,47,47,47,63,0,3,8.610153999999483,2.373630000022331,66.00426800002879,57.0
1780667763,23,,Aggregated,8.600000,0.000000,460,930,1000,1200,1400,1600,2100,2200,2200,2200,2200,927,0,150,310.62914699999817,2.373630000022331,2191.020498999933,2775.8802588996764
1780667764,23,POST,/api/book,6.000000,0.000000,1000,1200,1400,1600,2100,2400,2600,2600,2600,2600,2600,742,0,230,411.6115926698096,107.23925499996767,2616.429718999939,3382.0471698113206
1780667764,23,GET,/api/concerts,1.600000,0.000000,24,34,42,44,61,78,78,78,78,78,78,135,0,3,12.054383725922822,2.4720839999190503,97.92816000003768,753.0
1780667764,23,GET,/health,0.300000,0.000000,28,28,47,47,47,47,47,47,47,47,47,63,0,3,8.610153999999483,2.373630000022331,66.00426800002879,57.0
1780667764,23,,Aggregated,7.900000,0.000000,650,1100,1400,1400,2100,2400,2600,2600,2600,2600,2600,940,0,150,327.218705602126,2.373630000022331,2616.429718999939,2781.622340425532
1780667765,24,POST,/api/book,6.200000,0.000000,1000,1200,1400,1600,2100,2400,2600,2600,2600,2600,2600,748,0,230,411.16015602272546,107.23925499996767,2616.429718999939,3381.9786096256685
1780667765,24,GET,/api/concerts,1.500000,0.000000,24,34,42,44,61,78,78,78,78,78,78,136,0,3,12.00078252940821,2.4720839999190503,97.92816000003768,753.0
1780667765,24,GET,/health,0.200000,0.000000,4,4,28,28,28,28,28,28,28,28,28,64,0,3,8.524338874999593,2.373630000022331,66.00426800002879,57.0
1780667765,24,,Aggregated,7.900000,0.000000,450,1100,1400,1400,2100,2400,2600,2600,2600,2600,2600,948,0,150,326.71462111497715,2.373630000022331,2616.429718999939,2780.3544303797466
1780667766,24,POST,/api/book,6.100000,0.000000,930,1300,1400,1600,2100,2400,2600,2600,2600,2600,2600,755,0,230,409.59258796821035,107.23925499996767,2616.429718999939,3382.015894039735
1780667766,24,GET,/api/concerts,1.500000,0.000000,24,34,44,61,69,78,78,78,78,78,78,138,0,3,12.568128673909753,2.4720839999190503,97.92816000003768,753.0
1780667766,24,GET,/health,0.200000,0.000000,4,4,28,28,28,28,28,28,28,28,28,64,0,3,8.524338874999593,2.373630000022331,66.00426800002879,57.0
1780667766,24,,Aggregated,7.800000,0.000000,390,1000,1400,1400,2100,2400,2600,2600,2600,2600,2600,957,0,150,325.51971093103293,2.373630000022331,2616.429718999939,2780.5475444096132
1780667767,24,POST,/api/book,6.600000,0.000000,700,1200,1400,1600,2100,2400,2600,2600,2600,2600,2600,759,0,230,408.653139005269,107.23925499996767,2616.429718999939,3381.913043478261
1780667767,24,GET,/api/concerts,1.400000,0.000000,24,34,44,61,69,78,78,78,78,78,78,140,0,3,12.630140414282616,2.4720839999190503,97.92816000003768,753.0
1780667767,24,GET,/health,0.200000,0.000000,4,4,28,28,28,28,28,28,28,28,28,65,0,3,8.430132784614951,2.373630000022331,66.00426800002879,57.0
1780667767,24,,Aggregated,8.200000,0.000000,340,930,1200,1400,2100,2300,2600,2600,2600,2600,2600,964,0,150,324.1534344336087,2.373630000022331,2616.429718999939,2775.930497925311
1780667768,24,POST,/api/book,6.700000,0.000000,510,1000,1300,1400,2100,2400,2600,2600,2600,2600,2600,764,0,230,409.5798665719883,107.23925499996767,2616.429718999939,3381.895287958115
1780667768,24,GET,/api/concerts,1.600000,0.000000,24,34,44,61,69,78,78,78,78,78,78,140,0,3,12.630140414282616,2.4720839999190503,97.92816000003768,753.0
1780667768,24,GET,/health,0.300000,0.000000,4,4,4,4,28,28,28,28,28,28,28,67,0,3,8.278828059702331,2.373630000022331,66.00426800002879,57.0
1780667768,24,,Aggregated,8.600000,0.000000,200,700,1000,1200,2100,2300,2600,2600,2600,2600,2600,971,0,150,324.6569713686908,2.373630000022331,2616.429718999939,2773.4366632337797
1780667769,24,POST,/api/book,6.300000,0.000000,440,1000,1300,1600,2200,2400,2600,2600,2600,2600,2600,770,0,230,411.31016517921967,107.23925499996767,2616.429718999939,3381.894805194805
1780667769,24,GET,/api/concerts,1.700000,0.000000,24,31,34,34,61,69,69,69,69,69,69,140,0,3,12.630140414282616,2.4720839999190503,97.92816000003768,753.0
1780667769,24,GET,/health,0.400000,0.000000,3,4,4,4,4,4,4,4,4,4,4,67,0,3,8.278828059702331,2.373630000022331,66.00426800002879,57.0
1780667769,24,,Aggregated,8.400000,0.000000,160,650,1000,1300,2100,2400,2600,2600,2600,2600,2600,977,0,150,326.54219890071533,2.373630000022331,2616.429718999939,2777.1729785056295
1780667770,25,POST,/api/book,6.500000,0.000000,870,1400,2100,2100,2500,3000,3100,3200,3200,3200,3200,782,0,240,438.1668685281318,107.23925499996767,3200.4178390000106,3381.519181585678
1780667770,25,GET,/api/concerts,1.500000,0.000000,24,31,34,34,61,69,69,69,69,69,69,142,0,3,12.511509084503468,2.4720839999190503,97.92816000003768,753.0
1780667770,25,GET,/health,0.600000,0.000000,3,4,4,4,4,4,4,4,4,4,4,67,0,3,8.278828059702331,2.373630000022331,66.00426800002879,57.0
1780667770,25,,Aggregated,8.600000,0.000000,370,1200,1600,2100,2400,3000,3100,3200,3200,3200,3200,991,0,150,348.1108041967696,2.373630000022331,3200.4178390000106,2780.114026236125
1780667771,25,POST,/api/book,6.400000,0.000000,870,1400,1900,2100,2500,3000,3100,3200,3200,3200,3200,788,0,240,440.41510182867916,107.23925499996767,3200.4178390000106,3381.3680203045687
1780667771,25,GET,/api/concerts,1.400000,0.000000,24,24,34,34,61,69,69,69,69,69,69,143,0,3,12.444103153842871,2.4720839999190503,97.92816000003768,753.0
1780667771,25,GET,/health,0.600000,0.000000,3,4,4,4,4,4,4,4,4,4,4,67,0,3,8.278828059702331,2.373630000022331,66.00426800002879,57.0
1780667771,25,,Aggregated,8.400000,0.000000,370,1200,1600,1900,2400,2600,3100,3200,3200,3200,3200,998,0,150,350.0814513747484,2.373630000022331,3200.4178390000106,2781.5791583166333
1780667772,25,POST,/api/book,5.700000,0.000000,670,1200,1800,2100,2500,3000,3100,3200,3200,3200,3200,796,0,240,440.0089381859285,107.23925499996767,3200.4178390000106,3381.4472361809044
1780667772,25,GET,/api/concerts,1.100000,0.000000,16,24,31,34,69,69,69,69,69,69,69,143,0,3,12.444103153842871,2.4720839999190503,97.92816000003768,753.0
1780667772,25,GET,/health,0.500000,0.000000,3,3,3,3,4,4,4,4,4,4,4,70,0,3,8.034739157143024,2.3465680000072098,66.00426800002879,57.0
1780667772,25,,Aggregated,7.300000,0.000000,220,780,1400,1800,2400,2600,3100,3200,3200,3200,3200,1009,0,150,349.4440567770056,2.3465680000072098,3200.4178390000106,2778.2963330029734
1780667773,25,POST,/api/book,6.700000,0.000000,420,870,1400,1700,2400,3000,3100,3200,3200,3200,3200,803,0,240,438.7137604669973,107.23925499996767,3200.4178390000106,3381.4246575342468
1780667773,25,GET,/api/concerts,1.100000,0.000000,5,24,31,34,69,69,69,69,69,69,69,143,0,3,12.444103153842871,2.4720839999190503,97.92816000003768,753.0
1780667773,25,GET,/health,0.400000,0.000000,3,3,4,7,16,16,16,16,16,16,16,72,0,3,8.123949777777442,2.3465680000072098,66.00426800002879,57.0
1780667773,25,,Aggregated,8.200000,0.000000,200,670,1200,1400,2300,2600,3100,3200,3200,3200,3200,1018,0,150,348.3807276915505,2.3465680000072098,3200.4178390000106,2777.0795677799606
1780667774,25,POST,/api/book,7.200000,0.000000,420,780,1200,1200,2100,3000,3100,3200,3200,3200,3200,809,0,240,441.7312620321369,107.23925499996767,3200.4178390000106,3381.5339925834364
1780667774,25,GET,/api/concerts,1.000000,0.000000,5,31,34,34,69,69,69,69,69,69,69,143,0,3,12.444103153842871,2.4720839999190503,97.92816000003768,753.0
1780667774,25,GET,/health,0.500000,0.000000,3,3,4,4,7,16,16,16,16,16,16,74,0,3,7.983760270270074,2.3465680000072098,66.00426800002879,57.0
1780667774,25,,Aggregated,8.700000,0.000000,200,590,890,1100,1800,2500,3100,3200,3200,3200,3200,1026,0,150,350.6149083771913,2.3465680000072098,3200.4178390000106,2775.3976608187136
1780667775,26,POST,/api/book,7.200000,0.000000,510,890,1200,1200,2100,3000,3100,3200,3200,3200,3200,814,0,240,440.6713748538068,107.23925499996767,3200.4178390000106,3381.527027027027
1780667775,26,GET,/api/concerts,1.000000,0.000000,5,5,15,15,31,31,31,31,31,31,31,144,0,3,12.459282256941151,2.4720839999190503,97.92816000003768,753.0
1780667775,26,GET,/health,0.800000,0.000000,3,4,16,16,31,40,40,40,40,40,40,76,0,3,8.708197013158264,2.3465680000072098,66.00426800002879,57.0
1780667775,26,,Aggregated,9.000000,0.000000,210,670,1000,1200,1900,3000,3100,3200,3200,3200,3200,1034,0,150,349.2867105889733,2.3465680000072098,3200.4178390000106,2771.1092843326887
1780667776,26,POST,/api/book,7.300000,0.000000,670,1100,1200,1600,2100,3000,3100,3200,3200,3200,3200,826,0,240,448.6116034176738,107.23925499996767,3200.4178390000106,3381.532687651332
1780667776,26,GET,/api/concerts,0.900000,0.000000,5,9,15,15,31,31,31,31,31,31,31,145,0,3,12.43837382758337,2.4720839999190503,97.92816000003768,753.0
1780667776,26,GET,/health,1.100000,0.000000,4,7,17,17,31,40,40,40,40,40,40,77,0,3,8.82036297402639,2.3465680000072098,66.00426800002879,57.0
1780667776,26,,Aggregated,9.300000,0.000000,270,780,1100,1200,1800,2500,3100,3200,3200,3200,3200,1048,0,150,355.9503020772884,2.3465680000072098,3200.4178390000106,2773.587786259542
1780667777,26,POST,/api/book,6.600000,0.000000,670,1100,1300,1500,1900,3000,3100,3200,3200,3200,3200,835,0,250,449.9794549209561,107.23925499996767,3200.4178390000106,3381.4994011976046
1780667777,26,GET,/api/concerts,0.800000,0.000000,9,15,21,21,31,31,31,31,31,31,31,146,0,3,12.493734835613415,2.4720839999190503,97.92816000003768,753.0
1780667777,26,GET,/health,1.200000,0.000000,4,7,17,17,31,40,40,40,40,40,40,77,0,3,8.82036297402639,2.3465680000072098,66.00426800002879,57.0
1780667777,26,,Aggregated,8.600000,0.000000,290,890,1100,1400,1800,2500,3100,3200,3200,3200,3200,1058,0,160,357.50103789602827,2.3465680000072098,3200.4178390000106,2776.8232514177694
1780667778,26,POST,/api/book,7.000000,0.000000,570,1000,1300,1500,1800,3000,3100,3200,3200,3200,3200,839,0,240,449.10958729439625,107.23925499996767,3200.4178390000106,3381.487485101311
1780667778,26,GET,/api/concerts,0.600000,0.000000,4,5,9,15,21,21,21,21,21,21,21,149,0,3,12.300993738252652,2.4720839999190503,97.92816000003768,753.0
1780667778,26,GET,/health,1.300000,0.000000,3,7,16,17,31,40,40,40,40,40,40,78,0,3,8.742001961538703,2.3465680000072098,66.00426800002879,57.0
1780667778,26,,Aggregated,8.900000,0.000000,230,700,1100,1200,1700,2500,3100,3200,3200,3200,3200,1066,0,150,355.8327091557205,2.3465680000072098,3200.4178390000106,2770.8358348968104
1780667779,26,POST,/api/book,7.600000,0.000000,560,1000,1100,1400,1700,3000,3100,3200,3200,3200,3200,846,0,240,450.585591447989,107.23925499996767,3200.4178390000106,3381.516548463357
1780667779,26,GET,/api/concerts,0.600000,0.000000,3,5,9,9,15,21,21,21,21,21,21,151,0,3,12.176407238408103,2.4720839999190503,97.92816000003768,753.0
1780667779,26,GET,/health,1.200000,0.000000,3,16,17,17,31,40,40,40,40,40,40,78,0,3,8.742001961538703,2.3465680000072098,66.00426800002879,57.0
1780667779,26,,Aggregated,9.400000,0.000000,210,700,1000,1100,1600,2500,3100,3200,3200,3200,3200,1075,0,150,356.94504559162635,2.3465680000072098,3200.4178390000106,2771.0809302325583
1780667780,27,POST,/api/book,7.600000,0.000000,430,760,1100,1100,1500,1600,1700,1800,1800,1800,1800,852,0,240,453.49250014553826,107.23925499996767,3200.4178390000106,3381.728873239437
1780667780,27,GET,/api/concerts,0.700000,0.000000,3,9,15,21,110,110,110,110,110,110,110,152,0,3,12.787446269733868,2.4720839999190503,105.0543399999242,753.0
1780667780,27,GET,/health,1.100000,0.000000,3,16,17,17,31,40,40,40,40,40,40,78,0,3,8.742001961538703,2.3465680000072098,66.00426800002879,57.0
1780667780,27,,Aggregated,9.400000,0.000000,180,560,890,1000,1400,1600,1700,1800,1800,1800,1800,1082,0,150,359.52049732901867,2.3465680000072098,3200.4178390000106,2772.768022181146
1780667781,27,POST,/api/book,7.500000,0.000000,300,1000,1200,1400,1600,1800,2500,2500,2500,2500,2500,858,0,250,462.01370779137363,107.23925499996767,3200.4178390000106,3381.6911421911423
1780667781,27,GET,/api/concerts,1.100000,0.000000,3,15,21,21,110,390,390,390,390,390,390,153,0,3,15.24714850980149,2.4720839999190503,389.12188900008005,753.0
1780667781,27,GET,/health,1.100000,0.000000,7,16,17,31,40,40,40,40,40,40,40,78,0,3,8.742001961538703,2.3465680000072098,66.00426800002879,57.0
1780667781,27,,Aggregated,9.700000,0.000000,190,570,1100,1200,1500,1700,2500,2500,2500,2500,2500,1089,0,160,366.7791103397596,2.3465680000072098,3200.4178390000106,2774.238751147842
1780667782,27,POST,/api/book,7.700000,0.000000,560,1100,1400,1400,1800,2500,2600,2800,2800,2800,2800,874,0,250,471.06069463729807,107.23925499996767,3200.4178390000106,3381.8592677345537
1780667782,27,GET,/api/concerts,1.200000,0.000000,3,15,17,21,110,390,390,390,390,390,390,155,0,3,15.18078047096453,2.4720839999190503,389.12188900008005,753.0
1780667782,27,GET,/health,1.100000,0.000000,3,7,17,31,40,40,40,40,40,40,40,80,0,3,8.591382975000528,2.3465680000072098,66.00426800002879,57.0
1780667782,27,,Aggregated,10.000000,0.000000,220,890,1100,1300,1700,2300,2600,2800,2800,2800,2800,1109,0,160,373.9832089486006,2.3465680000072098,3200.4178390000106,2774.589720468891
1780667783,27,POST,/api/book,6.900000,0.000000,380,1100,1400,1400,1800,2500,2600,2800,2800,2800,2800,879,0,250,469.20189168145436,107.23925499996767,3200.4178390000106,3381.877133105802
1780667783,27,GET,/api/concerts,1.000000,0.000000,3,9,17,21,110,390,390,390,390,390,390,158,0,3,14.984135848098067,2.4720839999190503,389.12188900008005,753.0
1780667783,27,GET,/health,1.100000,0.000000,17,17,31,31,40,40,40,40,40,40,40,80,0,3,8.591382975000528,2.3465680000072098,66.00426800002879,57.0
1780667783,27,,Aggregated,9.000000,0.000000,190,700,1100,1400,1700,2300,2600,2800,2800,2800,2800,1117,0,160,371.96353347358814,2.3465680000072098,3200.4178390000106,2771.892569382274
1780667784,27,POST,/api/book,7.700000,0.000000,300,1000,1400,1400,1800,2500,2600,2800,2800,2800,2800,886,0,240,467.5807723758445,107.23925499996767,3200.4178390000106,3381.8306997742666
1780667784,27,GET,/api/concerts,1.200000,0.000000,3,9,15,17,110,390,390,390,390,390,390,163,0,3,14.630826177910471,2.2473559999980353,389.12188900008005,753.0
1780667784,27,GET,/health,1.100000,0.000000,3,3,17,17,40,40,40,40,40,40,40,82,0,3,8.442496975608792,2.1652529999300896,66.00426800002879,57.0
1780667784,27,,Aggregated,10.000000,0.000000,160,390,1000,1300,1600,2100,2500,2600,2800,2800,2800,1131,0,150,369.0129741326238,2.1652529999300896,3200.4178390000106,2761.9053934571175
1780667785,28,POST,/api/book,7.700000,0.000000,240,930,1300,1400,1900,2500,2600,2800,2800,2800,2800,890,0,240,468.07656887303176,107.23925499996767,3200.4178390000106,3381.8955056179775
1780667785,28,GET,/api/concerts,1.300000,0.000000,3,4,9,9,21,110,390,390,390,390,390,165,0,3,14.492563109087948,2.2473559999980353,389.12188900008005,753.0
1780667785,28,GET,/health,0.900000,0.000000,3,3,17,17,40,40,40,40,40,40,40,82,0,3,8.442496975608792,2.1652529999300896,66.00426800002879,57.0
1780667785,28,,Aggregated,9.900000,0.000000,150,380,920,1100,1400,2300,2600,2800,2800,2800,2800,1137,0,150,369.1044010219856,2.1652529999300896,3200.4178390000106,2760.6033421284083
1780667786,28,POST,/api/book,7.500000,0.000000,220,1000,1300,1400,1900,2500,2600,2800,2800,2800,2800,898,0,240,473.32642111581106,107.23925499996767,3200.4178390000106,3381.9532293986636
1780667786,28,GET,/api/concerts,1.800000,0.000000,3,3,7,9,110,390,390,390,390,390,390,165,0,3,14.492563109087948,2.2473559999980353,389.12188900008005,753.0
1780667786,28,GET,/health,0.800000,0.000000,3,3,3,3,3,3,3,3,3,3,3,82,0,3,8.442496975608792,2.1652529999300896,66.00426800002879,57.0
1780667786,28,,Aggregated,10.100000,0.000000,140,380,1000,1300,1900,2300,2600,2800,2800,2800,2800,1145,0,150,373.9132609842775,2.1652529999300896,3200.4178390000106,2764.989519650655
1780667787,28,POST,/api/book,7.700000,0.000000,220,1200,1400,1800,1900,2500,2600,2800,2800,2800,2800,909,0,240,477.3159556094593,107.23925499996767,3200.4178390000106,3381.895489548955
1780667787,28,GET,/api/concerts,2.000000,0.000000,3,3,7,9,110,390,390,390,390,390,390,165,0,3,14.492563109087948,2.2473559999980353,389.12188900008005,753.0
1780667787,28,GET,/health,0.700000,0.000000,3,3,3,3,3,3,3,3,3,3,3,83,0,3,8.373586530119583,2.1652529999300896,66.00426800002879,57.0
1780667787,28,,Aggregated,10.400000,0.000000,160,560,1200,1400,1900,2300,2600,2800,2800,2800,2800,1157,0,160,377.67198292480373,2.1652529999300896,3200.4178390000106,2768.469317199654
1780667788,28,POST,/api/book,7.300000,0.000000,490,1300,1800,1900,2000,2500,2600,2800,2800,2800,2800,922,0,250,486.5434180748356,107.23925499996767,3200.4178390000106,3381.847071583514
1780667788,28,GET,/api/concerts,2.100000,0.000000,3,4,9,17,110,390,390,390,390,390,390,166,0,3,14.422409963852244,2.2473559999980353,389.12188900008005,753.0
1780667788,28,GET,/health,0.500000,0.000000,3,3,3,3,3,3,3,3,3,3,3,83,0,3,8.373586530119583,2.1652529999300896,66.00426800002879,57.0
1780667788,28,,Aggregated,9.900000,0.000000,160,890,1400,1800,1900,2300,2600,2800,2800,2800,2800,1171,0,160,385.72344936037393,2.1652529999300896,3200.4178390000106,2773.520068317677
1780667789,28,POST,/api/book,7.000000,0.000000,420,1100,1600,1900,2000,2500,2600,2800,2800,2800,2800,928,0,250,485.7514240754294,107.23925499996767,3200.4178390000106,3381.780172413793
1780667789,28,GET,/api/concerts,1.900000,0.000000,3,4,7,9,110,390,390,390,390,390,390,168,0,3,14.284510398806018,2.2473559999980353,389.12188900008005,753.0
1780667789,28,GET,/health,0.500000,0.000000,3,3,3,3,3,3,3,3,3,3,3,84,0,3,8.304717904760563,2.1652529999300896,66.00426800002879,57.0
1780667789,28,,Aggregated,9.400000,0.000000,170,760,1300,1600,1900,2300,2600,2800,2800,2800,2800,1180,0,160,384.63958948559133,2.1652529999300896,3200.4178390000106,2770.833898305085
1780667790,29,POST,/api/book,8.000000,0.000000,380,950,1400,1800,1900,2300,2600,2800,2800,2800,2800,933,0,250,487.97084654769407,107.23925499996767,3200.4178390000106,3381.8092175777065
1780667790,29,GET,/api/concerts,1.800000,0.000000,3,3,4,7,17,390,390,390,390,390,390,169,0,3,14.215827023664945,2.2473559999980353,389.12188900008005,753.0
1780667790,29,GET,/health,0.500000,0.000000,3,3,3,3,3,3,3,3,3,3,3,84,0,3,8.304717904760563,2.1652529999300896,66.00426800002879,57.0
1780667790,29,,Aggregated,10.300000,0.000000,160,700,1000,1300,1900,2000,2500,2600,2800,2800,2800,1186,0,160,386.48977310286494,2.1652529999300896,3200.4178390000106,2771.7310286677907
1780667791,29,POST,/api/book,8.200000,0.000000,380,850,1300,1800,1900,2000,2200,2300,2300,2300,2300,941,0,250,493.06426338150766,107.23925499996767,3200.4178390000106,3381.9256110520723
1780667791,29,GET,/api/concerts,1.500000,0.000000,3,3,4,7,9,93,93,93,93,93,93,170,0,3,14.680147552937395,2.2473559999980353,389.12188900008005,753.0
1780667791,29,GET,/health,0.600000,0.000000,3,3,3,3,3,3,3,3,3,3,3,85,0,3,8.242972894117216,2.1652529999300896,66.00426800002879,57.0
1780667791,29,,Aggregated,10.300000,0.000000,160,500,890,1300,1900,2000,2200,2300,2300,2300,2300,1196,0,160,390.6101585468211,2.1652529999300896,3200.4178390000106,2771.945652173913
1780667792,29,POST,/api/book,7.900000,0.000000,690,1200,1800,1900,2000,2300,2600,2800,2800,2800,2800,956,0,260,506.1508238169441,107.23925499996767,3200.4178390000106,3381.8797071129707
1780667792,29,GET,/api/concerts,1.700000,0.000000,3,3,4,7,93,510,510,510,510,510,510,173,0,3,17.38672653756845,2.2473559999980353,506.97416399998474,753.0
1780667792,29,GET,/health,0.600000,0.000000,3,3,3,3,3,3,3,3,3,3,3,87,0,3,8.117229172412486,2.1652529999300896,66.00426800002879,57.0
1780667792,29,,Aggregated,10.200000,0.000000,200,800,1300,1800,1900,2200,2400,2600,2800,2800,2800,1216,0,160,400.9821465444061,2.1652529999300896,3200.4178390000106,2769.987664473684
1780667793,29,POST,/api/book,8.300000,0.000000,690,1200,1800,1900,2000,2300,2600,2800,2800,2800,2800,962,0,260,504.36491900103783,107.23925499996767,3200.4178390000106,3381.829521829522
1780667793,29,GET,/api/concerts,1.700000,0.000000,3,3,4,4,93,510,510,510,510,510,510,173,0,3,17.38672653756845,2.2473559999980353,506.97416399998474,753.0
1780667793,29,GET,/health,0.700000,0.000000,3,3,3,3,3,3,3,3,3,3,3,90,0,3,7.938437333331194,2.1652529999300896,66.00426800002879,57.0
1780667793,29,,Aggregated,10.700000,0.000000,320,880,1300,1800,2000,2300,2600,2800,2800,2800,2800,1225,0,160,399.11952255510005,2.1652529999300896,3200.4178390000106,2766.301224489796
1780667794,29,POST,/api/book,7.900000,0.000000,700,1300,1800,1900,2000,2300,2600,2800,2800,2800,2800,967,0,260,503.23455433815775,107.23925499996767,3200.4178390000106,3381.76525336091
1780667794,29,GET,/api/concerts,1.800000,0.000000,3,3,4,4,93,510,510,510,510,510,510,175,0,3,17.216651982853364,2.2473559999980353,506.97416399998474,753.0
1780667794,29,GET,/health,0.600000,0.000000,3,3,3,3,3,3,3,3,3,3,3,90,0,3,7.938437333331194,2.1652529999300896,66.00426800002879,57.0
1780667794,29,,Aggregated,10.300000,0.000000,280,880,1300,1800,2000,2300,2600,2800,2800,2800,2800,1232,0,160,398.015574271102,2.1652529999300896,3200.4178390000106,2765.4805194805194
1780667795,30,POST,/api/book,8.300000,0.000000,350,1000,1700,1800,2000,2300,2600,2800,2800,2800,2800,977,0,250,504.8697400624344,107.23925499996767,3200.4178390000106,3381.668372569089
1780667795,30,GET,/api/concerts,1.700000,0.000000,3,3,4,4,93,510,510,510,510,510,510,175,0,3,17.216651982853364,2.2473559999980353,506.97416399998474,753.0
1780667795,30,GET,/health,0.900000,0.000000,3,3,3,3,3,3,3,3,3,3,3,91,0,3,7.881069362635377,2.1652529999300896,66.00426800002879,57.0
1780667795,30,,Aggregated,10.900000,0.000000,200,800,1300,1700,2000,2300,2600,2800,2800,2800,2800,1243,0,160,399.82930607401255,2.1652529999300896,3200.4178390000106,2768.1834271922767
1780667796,30,POST,/api/book,8.400000,0.000000,700,1600,1900,2000,2400,2800,2900,2900,2900,2900,2900,988,0,260,521.4507856882574,107.23925499996767,3200.4178390000106,3381.7854251012145
1780667796,30,GET,/api/concerts,1.200000,0.000000,3,3,93,93,510,650,650,650,650,650,650,176,0,3,20.80688578976913,2.2473559999980353,649.0978020000284,753.0
1780667796,30,GET,/health,0.800000,0.000000,3,3,3,3,3,3,3,3,3,3,3,92,0,3,7.824798271737103,2.1652529999300896,66.00426800002879,57.0
1780667796,30,,Aggregated,10.400000,0.000000,320,890,1700,1900,2300,2700,2900,2900,2900,2900,2900,1256,0,160,413.6745777070044,2.1652529999300896,3200.4178390000106,2769.8853503184714
1780667797,30,POST,/api/book,8.400000,0.000000,430,1200,1800,2000,2400,2800,2900,2900,2900,2900,2900,999,0,260,524.7382814284266,104.0990739999188,3200.4178390000106,3381.7157157157158
1780667797,30,GET,/api/concerts,1.200000,0.000000,3,3,93,93,510,650,650,650,650,650,650,177,0,3,20.703570531069953,2.2473559999980353,649.0978020000284,753.0
1780667797,30,GET,/health,0.800000,0.000000,3,3,3,3,3,3,3,3,3,3,3,92,0,3,7.824798271737103,2.1652529999300896,66.00426800002879,57.0
1780667797,30,,Aggregated,10.400000,0.000000,250,800,1600,1800,2300,2700,2900,2900,2900,2900,2900,1268,0,160,416.87536007255306,2.1652529999300896,3200.4178390000106,2773.5481072555203
1780667798,30,POST,/api/book,8.200000,0.000000,350,1000,1700,2000,2400,2800,2900,2900,2900,2900,2900,1011,0,260,522.4431521147357,104.0990739999188,3200.4178390000106,3381.8882294757664
1780667798,30,GET,/api/concerts,1.000000,0.000000,3,4,4,93,510,650,650,650,650,650,650,179,0,3,20.515567681560857,2.2473559999980353,649.0978020000284,753.0
1780667798,30,GET,/health,1.000000,0.000000,3,3,3,3,3,3,3,3,3,3,3,93,0,3,7.768608698922303,2.1652529999300896,66.00426800002879,57.0
1780667798,30,,Aggregated,10.200000,0.000000,200,620,1200,1700,2300,2700,2900,2900,2900,2900,2900,1283,0,160,415.10895869991947,2.1652529999300896,3200.4178390000106,2774.1052221356194
1780667799,30,POST,/api/book,9.300000,0.000000,360,840,1700,2000,2400,2800,2900,2900,2900,2900,2900,1019,0,260,521.163900203138,104.0990739999188,3200.4178390000106,3381.9607458292444
1780667799,30,GET,/api/concerts,1.200000,0.000000,3,4,25,35,510,650,650,650,650,650,650,184,0,3,20.43560886956186,2.2473559999980353,649.0978020000284,753.0
1780667799,30,GET,/health,1.000000,0.000000,3,3,3,3,3,3,3,3,3,3,3,94,0,3,7.7190734680818105,2.1652529999300896,66.00426800002879,57.0
1780667799,30,,Aggregated,11.500000,0.000000,200,550,1200,1700,2300,2700,2900,2900,2900,2900,2900,1297,0,160,412.91577428295807,2.1652529999300896,3200.4178390000106,2768.02467232074
1780667800,31,POST,/api/book,8.800000,0.000000,320,690,1600,2000,2400,2800,2900,2900,2900,2900,2900,1027,0,260,520.1023902560835,104.0990739999188,3200.4178390000106,3382.025316455696
1780667800,31,GET,/api/concerts,1.400000,0.000000,4,25,35,40,510,650,650,650,650,650,650,186,0,3,20.444518413974553,2.2473559999980353,649.0978020000284,753.0
1780667800,31,GET,/health,1.000000,0.000000,3,3,3,3,3,3,3,3,3,3,3,94,0,3,7.7190734680818105,2.1652529999300896,66.00426800002879,57.0
1780667800,31,,Aggregated,11.200000,0.000000,180,510,700,1600,2300,2700,2900,2900,2900,2900,2900,1307,0,160,412.1449335302192,2.1652529999300896,3200.4178390000106,2768.749808722265
1780667801,31,POST,/api/book,9.100000,0.000000,250,580,720,1200,2200,2700,2900,2900,2900,2900,2900,1034,0,260,519.6171237649884,104.0990739999188,3200.4178390000106,3382.130560928433
1780667801,31,GET,/api/concerts,1.500000,0.000000,4,21,35,40,510,650,650,650,650,650,650,189,0,3,20.23688969840923,2.2473559999980353,649.0978020000284,753.0
1780667801,31,GET,/health,1.000000,0.000000,3,3,3,3,3,3,3,3,3,3,3,95,0,3,7.664922747365884,2.1652529999300896,66.00426800002879,57.0
1780667801,31,,Aggregated,11.600000,0.000000,160,350,630,700,2000,2700,2900,2900,2900,2900,2900,1318,0,160,411.1054975622131,2.1652529999300896,3200.4178390000106,2765.4438543247343
1780667802,31,POST,/api/book,9.300000,0.000000,240,600,840,1300,2200,2700,2900,2900,2900,2900,2900,1043,0,260,521.4549772301034,104.0990739999188,3200.4178390000106,3382.1888782358583
1780667802,31,GET,/api/concerts,1.700000,0.000000,4,17,21,25,40,650,650,650,650,650,650,190,0,3,20.15350154210206,2.2473559999980353,649.0978020000284,753.0
1780667802,31,GET,/health,1.000000,0.000000,3,3,3,3,3,3,3,3,3,3,3,96,0,3,7.611227052081541,2.1652529999300896,66.00426800002879,57.0
1780667802,31,,Aggregated,12.000000,0.000000,160,390,670,760,2100,2700,2900,2900,2900,2900,2900,1329,0,160,412.6692131986432,2.1652529999300896,3200.4178390000106,2766.1136192626036
1780667803,31,POST,/api/book,9.400000,0.000000,240,600,760,1300,2200,2700,2900,2900,2900,2900,2900,1048,0,250,519.6679142910283,104.0990739999188,3200.4178390000106,3382.2051526717555
1780667803,31,GET,/api/concerts,1.700000,0.000000,3,4,21,25,40,650,650,650,650,650,650,192,0,3,19.972990843746413,2.2473559999980353,649.0978020000284,753.0
1780667803,31,GET,/health,0.900000,0.000000,3,3,3,3,3,3,3,3,3,3,3,97,0,3,7.566614628863769,2.1652529999300896,66.00426800002879,57.0
1780667803,31,,Aggregated,12.000000,0.000000,150,360,650,720,2100,2700,2900,2900,2900,2900,2900,1337,0,160,410.7559835736698,2.1652529999300896,3200.4178390000106,2763.392670157068
1780667804,31,POST,/api/book,9.000000,0.000000,330,690,1300,2000,2600,2700,2900,2900,2900,2900,2900,1060,0,260,531.6050478745263,104.0990739999188,3200.4178390000106,3382.2330188679243
1780667804,31,GET,/api/concerts,1.600000,0.000000,3,4,21,25,40,650,650,650,650,650,650,193,0,3,19.88290963730211,2.2473559999980353,649.0978020000284,753.0
1780667804,31,GET,/health,1.000000,0.000000,3,3,3,3,3,3,3,3,3,3,3,97,0,3,7.566614628863769,2.1652529999300896,66.00426800002879,57.0
1780667804,31,,Aggregated,11.600000,0.000000,160,510,720,1300,2300,2700,2900,2900,2900,2900,2900,1350,0,160,420.79460290814586,2.1652529999300896,3200.4178390000106,2767.425925925926
1780667805,32,POST,/api/book,8.800000,0.000000,330,700,1300,1800,2600,2700,2900,2900,2900,2900,2900,1078,0,260,534.2037941762504,104.0990739999188,3200.4178390000106,3382.305194805195
1780667805,32,GET,/api/concerts,1.800000,0.000000,3,4,21,25,40,650,650,650,650,650,650,194,0,3,19.793986979377607,2.2473559999980353,649.0978020000284,753.0
1780667805,32,GET,/health,0.700000,0.000000,3,3,3,3,3,3,3,3,3,3,3,98,0,3,7.518268459181497,2.1652529999300896,66.00426800002879,57.0
1780667805,32,,Aggregated,11.300000,0.000000,190,570,760,1300,2300,2700,2900,2900,2900,2900,2900,1370,0,160,423.68504664598305,2.1652529999300896,3200.4178390000106,2772.111678832117
1780667806,32,POST,/api/book,8.800000,0.000000,270,570,700,1100,1800,2500,2700,2700,2700,2700,2700,1082,0,260,533.8047631266155,104.0990739999188,3200.4178390000106,3382.268946395564
1780667806,32,GET,/api/concerts,1.800000,0.000000,3,4,21,25,40,45,45,45,45,45,45,196,0,3,19.840790306118937,2.2473559999980353,649.0978020000284,753.0
1780667806,32,GET,/health,0.700000,0.000000,3,3,3,3,3,3,3,3,3,3,3,98,0,3,7.518268459181497,2.1652529999300896,66.00426800002879,57.0
1780667806,32,,Aggregated,11.300000,0.000000,160,360,600,690,1500,2300,2600,2700,2700,2700,2700,1376,0,160,423.1121649069745,2.1652529999300896,3200.4178390000106,2770.922238372093
1780667807,32,POST,/api/book,9.800000,0.000000,330,640,930,1100,1800,2500,2700,2700,2700,2700,2700,1092,0,260,533.3777426071406,104.0990739999188,3200.4178390000106,3382.190476190476
1780667807,32,GET,/api/concerts,1.900000,0.000000,3,4,21,25,40,45,45,45,45,45,45,198,0,3,19.66976843433968,2.2473559999980353,649.0978020000284,753.0
1780667807,32,GET,/health,0.700000,0.000000,3,3,3,3,3,3,3,3,3,3,3,99,0,3,7.466744717168919,2.1652529999300896,66.00426800002879,57.0
1780667807,32,,Aggregated,12.400000,0.000000,190,390,690,860,1500,2300,2600,2700,2700,2700,2700,1389,0,160,422.66545486248845,2.1652529999300896,3200.4178390000106,2770.4024478041756
1780667808,32,POST,/api/book,10.400000,0.000000,330,700,1100,1300,2100,2500,2700,2700,2700,2700,2700,1101,0,260,536.1569598791983,104.0990739999188,3200.4178390000106,3382.1898274296095
1780667808,32,GET,/api/concerts,2.100000,0.000000,3,3,4,17,40,45,45,45,45,45,45,200,0,3,19.503388234995782,2.2473559999980353,649.0978020000284,753.0
1780667808,32,GET,/health,0.600000,0.000000,3,3,3,3,35,35,35,35,35,35,35,100,0,3,7.7458359699966195,2.1652529999300896,66.00426800002879,57.0
1780667808,32,,Aggregated,13.100000,0.000000,180,440,760,980,1700,2300,2600,2700,2700,2700,2700,1401,0,160,424.68527770949044,2.1652529999300896,3200.4178390000106,2769.5153461812993
1780667809,32,POST,/api/book,9.200000,0.000000,330,980,1300,1600,2200,2600,2700,2800,2800,2800,2800,1116,0,260,544.6620875806426,104.0990739999188,3200.4178390000106,3382.2105734767024
1780667809,32,GET,/api/concerts,1.900000,0.000000,3,3,4,17,40,45,48,48,48,48,48,206,0,3,19.242292951453038,2.2473559999980353,649.0978020000284,753.0
1780667809,32,GET,/health,0.600000,0.000000,3,3,3,3,35,35,35,35,35,35,35,102,0,3,7.642131892153844,2.1652529999300896,66.00426800002879,57.0
1780667809,32,,Aggregated,11.700000,0.000000,170,560,1100,1300,2000,2500,2700,2700,2800,2800,2800,1424,0,160,430.18700810463207,2.1652529999300896,3200.4178390000106,2763.679073033708
1780667810,33,POST,/api/book,9.200000,0.000000,210,980,1300,1600,2200,2600,2700,2800,2800,2800,2800,1124,0,250,541.9216315391433,104.0990739999188,3200.4178390000106,3382.1307829181496
1780667810,33,GET,/api/concerts,1.900000,0.000000,3,3,3,4,17,45,48,48,48,48,48,209,0,3,19.008665937795765,2.2473559999980353,649.0978020000284,753.0
1780667810,33,GET,/health,0.700000,0.000000,3,3,3,3,35,35,35,35,35,35,35,103,0,3,7.593991708734821,2.1652529999300896,66.00426800002879,57.0
1780667810,33,,Aggregated,11.800000,0.000000,160,330,1100,1300,2000,2500,2700,2700,2800,2800,2800,1436,0,160,427.48948898119505,2.1652529999300896,3200.4178390000106,2760.977019498607
1780667811,33,POST,/api/book,8.800000,0.000000,200,930,1300,1600,2200,2600,2700,2800,2800,2800,2800,1134,0,250,538.983886358022,104.0990739999188,3200.4178390000106,3382.2283950617284
1780667811,33,GET,/api/concerts,2.300000,0.000000,3,3,3,4,7,45,48,48,48,48,48,210,0,3,18.953067409520806,2.2473559999980353,649.0978020000284,753.0
1780667811,33,GET,/health,0.600000,0.000000,3,3,3,3,3,35,35,35,35,35,35,106,0,3,7.459755886789605,2.1652529999300896,66.00426800002879,57.0
1780667811,33,,Aggregated,11.700000,0.000000,150,250,940,1300,2000,2500,2700,2700,2800,2800,2800,1450,0,160,424.8128313172387,2.1652529999300896,3200.4178390000106,2758.3579310344826
1780667812,33,POST,/api/book,9.800000,0.000000,200,560,1300,1500,2200,2600,2700,2800,2800,2800,2800,1142,0,250,536.3647602583162,104.0990739999188,3200.4178390000106,3382.2434325744307
1780667812,33,GET,/api/concerts,2.100000,0.000000,3,3,4,7,45,48,50,50,50,50,50,212,0,3,19.2054281981098,2.2473559999980353,649.0978020000284,753.0
1780667812,33,GET,/health,0.800000,0.000000,3,3,3,3,35,35,35,35,35,35,35,106,0,3,7.459755886789605,2.1652529999300896,66.00426800002879,57.0
1780667812,33,,Aggregated,12.700000,0.000000,160,250,640,1200,2000,2500,2700,2700,2800,2800,2800,1460,0,160,422.8704391212302,2.1652529999300896,3200.4178390000106,2759.041095890411
1780667813,33,POST,/api/book,9.700000,0.000000,190,560,1100,1300,1900,2400,2600,2800,2800,2800,2800,1154,0,250,538.1151177868256,104.0990739999188,3200.4178390000106,3382.15424610052
1780667813,33,GET,/api/concerts,2.400000,0.000000,3,3,7,16,45,48,50,50,50,50,50,215,0,3,19.038173465112376,2.2473559999980353,649.0978020000284,753.0
1780667813,33,GET,/health,1.000000,0.000000,3,3,3,3,3,35,35,35,35,35,35,107,0,3,7.414970271025345,2.1652529999300896,66.00426800002879,57.0
1780667813,33,,Aggregated,13.100000,0.000000,150,200,640,1100,1600,2200,2500,2600,2800,2800,2800,1476,0,160,424.0321511111082,2.1652529999300896,3200.4178390000106,2758.130081300813
1780667814,33,POST,/api/book,10.100000,0.000000,190,360,1000,1200,1700,2000,2500,2800,2800,2800,2800,1164,0,250,540.8004322817842,104.0990739999188,3200.4178390000106,3382.0996563573885
1780667814,33,GET,/api/concerts,2.100000,0.000000,3,3,7,16,45,48,50,50,50,50,50,216,0,3,18.964223629625796,2.2473559999980353,649.0978020000284,753.0
1780667814,33,GET,/health,1.100000,0.000000,3,3,3,3,35,69,69,69,69,69,69,108,0,3,7.983052601848802,2.1652529999300896,68.76786199995877,57.0
1780667814,33,,Aggregated,13.300000,0.000000,150,200,360,950,1500,1900,2400,2500,2800,2800,2800,1488,0,160,426.37778572647557,2.1652529999300896,3200.4178390000106,2759.1182795698924
1780667815,34,POST,/api/book,10.000000,0.000000,190,750,1100,1300,1800,2000,2500,2800,2800,2800,2800,1175,0,250,541.8990080604227,104.0990739999188,3200.4178390000106,3382.0731914893618
1780667815,34,GET,/api/concerts,2.100000,0.000000,3,3,7,16,45,48,50,50,50,50,50,217,0,3,18.89230325806052,2.2473559999980353,649.0978020000284,753.0
1780667815,34,GET,/health,1.100000,0.000000,3,3,4,35,40,69,69,69,69,69,69,111,0,3,8.179567684681547,2.1652529999300896,68.76786199995877,57.0
1780667815,34,,Aggregated,13.200000,0.000000,150,200,750,1000,1600,1900,2400,2500,2800,2800,2800,1503,0,160,426.97198688688985,2.1652529999300896,3200.4178390000106,2756.9288090485697
1780667816,34,POST,/api/book,10.000000,0.000000,190,850,1100,1300,1800,2000,2500,2800,2800,2800,2800,1184,0,250,542.9219629282067,104.0990739999188,3200.4178390000106,3381.960304054054
1780667816,34,GET,/api/concerts,2.300000,0.000000,3,3,16,41,50,110,210,210,210,210,210,220,0,3,20.132837540905317,2.2473559999980353,649.0978020000284,753.0
1780667816,34,GET,/health,1.000000,0.000000,3,3,4,4,40,69,69,69,69,69,69,114,0,3,8.03238259648777,2.1652529999300896,68.76786199995877,57.0
1780667816,34,,Aggregated,13.300000,0.000000,150,200,750,1100,1600,1900,2400,2500,2800,2800,2800,1518,0,160,426.98584979051077,2.1652529999300896,3200.4178390000106,2751.2509881422925
1780667817,34,POST,/api/book,9.900000,0.000000,190,510,1100,1200,1800,2000,2500,2800,2800,2800,2800,1190,0,250,542.1707887302492,104.0990739999188,3200.4178390000106,3381.896638655462
1780667817,34,GET,/api/concerts,2.300000,0.000000,3,4,16,41,50,110,210,210,210,210,210,220,0,3,20.132837540905317,2.2473559999980353,649.0978020000284,753.0
1780667817,34,GET,/health,1.100000,0.000000,3,3,3,4,40,69,69,69,69,69,69,115,0,3,7.988735365213613,2.1652529999300896,68.76786199995877,57.0
1780667817,34,,Aggregated,13.300000,0.000000,150,210,380,1100,1500,1900,2400,2500,2800,2800,2800,1525,0,160,426.57781469835754,2.1652529999300896,3200.4178390000106,2751.9160655737705
1780667818,34,POST,/api/book,9.500000,0.000000,200,380,1100,1200,1700,1900,2500,2800,2800,2800,2800,1202,0,250,541.133179110646,104.0990739999188,3200.4178390000106,3381.824459234609
1780667818,34,GET,/api/concerts,2.400000,0.000000,3,31,41,48,110,210,210,210,210,210,210,221,0,3,20.182538520358154,2.2473559999980353,649.0978020000284,753.0
1780667818,34,GET,/health,1.500000,0.000000,3,3,3,4,40,69,69,69,69,69,69,115,0,3,7.988735365213613,2.1652529999300896,68.76786199995877,57.0
1780667818,34,,Aggregated,13.400000,0.000000,150,250,510,1100,1500,1800,2400,2500,2800,2800,2800,1538,0,160,426.41165596293575,2.1652529999300896,3200.4178390000106,2755.4752925877765
1780667819,34,POST,/api/book,9.700000,0.000000,220,750,1100,1300,1800,2600,3100,3300,3300,3300,3300,1215,0,250,554.828158510285,104.0990739999188,3251.734025000019,3381.712757201646
1780667819,34,GET,/api/concerts,2.400000,0.000000,3,16,41,41,110,210,210,210,210,210,210,223,0,3,20.027793215242653,2.2473559999980353,649.0978020000284,753.0
1780667819,34,GET,/health,1.600000,0.000000,3,3,3,4,40,69,69,69,69,69,69,116,0,3,7.943265999996101,2.1652529999300896,68.76786199995877,57.0
1780667819,34,,Aggregated,13.700000,0.000000,160,310,850,1100,1700,2000,3100,3100,3300,3300,3300,1554,0,160,437.26115143693363,2.1652529999300896,3251.734025000019,2756.3140283140283
1780667820,35,POST,/api/book,9.800000,0.000000,310,1000,1200,1400,1800,2600,3100,3300,3300,3300,3300,1229,0,250,554.9843901448302,104.0990739999188,3251.734025000019,3381.7770545158664
1780667820,35,GET,/api/concerts,2.200000,0.000000,3,19,31,41,110,210,210,210,210,210,210,224,0,3,20.02367608481746,2.2473559999980353,649.0978020000284,753.0
1780667820,35,GET,/health,1.500000,0.000000,3,3,4,4,40,69,69,69,69,69,69,116,0,3,7.943265999996101,2.1652529999300896,68.76786199995877,57.0
1780667820,35,,Aggregated,13.500000,0.000000,180,380,1000,1100,1700,2000,3100,3100,3300,3300,3300,1569,0,160,438.1660534015264,2.1652529999300896,3251.734025000019,2760.6679413639263
1780667821,35,POST,/api/book,10.400000,0.000000,330,1000,1200,1400,1800,2600,3100,3300,3300,3300,3300,1237,0,250,554.6644652417107,104.0990739999188,3251.734025000019,3381.7324171382375
1780667821,35,GET,/api/concerts,1.900000,0.000000,9,19,38,41,110,210,210,210,210,210,210,229,0,3,19.895286633184032,2.2473559999980353,649.0978020000284,753.0
1780667821,35,GET,/health,1.500000,0.000000,3,3,4,4,40,69,69,69,69,69,69,117,0,3,7.899633213671911,2.1652529999300896,68.76786199995877,57.0
1780667821,35,,Aggregated,13.800000,0.000000,180,510,1000,1100,1700,2000,3100,3100,3300,3300,3300,1583,0,160,436.89211701136753,2.1652529999300896,3251.734025000019,2755.722678458623
1780667822,35,POST,/api/book,10.400000,0.000000,340,940,1200,1500,1800,2600,3100,3300,3300,3300,3300,1246,0,260,554.8030098041703,104.0990739999188,3251.734025000019,3381.784109149278
1780667822,35,GET,/api/concerts,1.600000,0.000000,4,16,31,38,110,210,210,210,210,210,210,231,0,3,20.094289320342316,2.2473559999980353,649.0978020000284,753.0
1780667822,35,GET,/health,1.400000,0.000000,3,3,4,4,40,69,69,69,69,69,69,117,0,3,7.899633213671911,2.1652529999300896,68.76786199995877,57.0
1780667822,35,,Aggregated,13.400000,0.000000,210,510,1000,1200,1700,2000,3100,3100,3300,3300,3300,1594,0,160,437.17100886762535,2.1652529999300896,3251.734025000019,2756.7848180677543
1780667823,35,POST,/api/book,10.200000,0.000000,360,1000,1300,1500,1900,2600,3100,3300,3300,3300,3300,1254,0,260,556.6837141267913,104.0990739999188,3251.734025000019,3381.768740031898
1780667823,35,GET,/api/concerts,1.800000,0.000000,9,19,38,38,110,210,210,210,210,210,210,232,0,3,20.02050243965106,2.2473559999980353,649.0978020000284,753.0
1780667823,35,GET,/health,1.300000,0.000000,3,4,10,10,40,69,69,69,69,69,69,118,0,3,7.9184356694884945,2.1652529999300896,68.76786199995877,57.0
1780667823,35,,Aggregated,13.300000,0.000000,190,540,1000,1300,1800,2000,3100,3100,3300,3300,3300,1604,0,160,438.69109070448565,2.1652529999300896,3251.734025000019,2756.9576059850374
1780667824,35,POST,/api/book,9.900000,0.000000,350,920,1300,1500,2000,2600,3100,3300,3300,3300,3300,1266,0,270,561.5730036074222,104.0990739999188,3251.734025000019,3381.827804107425
1780667824,35,GET,/api/concerts,2.000000,0.000000,9,31,38,57,110,210,210,210,210,210,210,234,0,3,20.10792459401306,2.2473559999980353,649.0978020000284,753.0
1780667824,35,GET,/health,1.100000,0.000000,3,4,5,5,10,40,40,40,40,40,40,119,0,3,7.892515588231973,2.1652529999300896,68.76786199995877,57.0
1780667824,35,,Aggregated,13.000000,0.000000,220,510,1000,1300,1800,2200,3100,3100,3300,3300,3300,1619,0,160,442.61635965225145,2.1652529999300896,3251.734025000019,2757.4916615194566
1780667825,36,POST,/api/book,10.000000,0.000000,340,1000,1400,1600,2000,2500,3100,3100,3300,3300,3300,1279,0,270,562.962271788895,104.0990739999188,3251.734025000019,3381.763096168882
1780667825,36,GET,/api/concerts,1.900000,0.000000,9,31,38,57,110,210,210,210,210,210,210,234,0,3,20.10792459401306,2.2473559999980353,649.0978020000284,753.0
1780667825,36,GET,/health,1.100000,0.000000,3,3,5,5,10,10,10,10,10,10,10,121,0,3,7.807031942146176,2.1652529999300896,68.76786199995877,57.0
1780667825,36,,Aggregated,13.000000,0.000000,250,540,1100,1400,1900,2200,3100,3100,3300,3300,3300,1634,0,160,444.1117814186018,2.1652529999300896,3251.734025000019,2759.1028151774785
1780667826,36,POST,/api/book,10.300000,0.000000,350,1000,1500,1600,2000,2500,3100,3100,3300,3300,3300,1290,0,270,566.1504578434085,91.69946600002277,3251.734025000019,3381.705426356589
1780667826,36,GET,/api/concerts,1.700000,0.000000,9,19,25,31,57,82,82,82,82,82,82,237,0,3,20.02095411813918,2.2473559999980353,649.0978020000284,753.0
1780667826,36,GET,/health,1.200000,0.000000,3,3,5,5,10,10,10,10,10,10,10,121,0,3,7.807031942146176,2.1652529999300896,68.76786199995877,57.0
1780667826,36,,Aggregated,13.200000,0.000000,260,580,1300,1500,1900,2200,3100,3100,3300,3300,3300,1648,0,160,446.6163274326429,2.1652529999300896,3251.734025000019,2759.5618932038833
1780667827,36,POST,/api/book,10.000000,0.000000,390,940,1500,1600,2000,2500,3100,3100,3300,3300,3300,1303,0,270,564.0347138695296,91.69946600002277,3251.734025000019,3381.823484267076
1780667827,36,GET,/api/concerts,1.700000,0.000000,9,19,25,31,57,82,82,82,82,82,82,237,0,3,20.02095411813918,2.2473559999980353,649.0978020000284,753.0
1780667827,36,GET,/health,1.100000,0.000000,3,3,3,5,10,10,10,10,10,10,10,123,0,3,7.722463577233075,2.1652529999300896,68.76786199995877,57.0
1780667827,36,,Aggregated,12.800000,0.000000,290,630,1300,1500,1900,2200,3100,3100,3300,3300,3300,1663,0,160,445.3590266494261,2.1652529999300896,3251.734025000019,2761.2675886951292
1780667828,36,POST,/api/book,10.900000,0.000000,350,690,1400,1500,1900,2100,2500,2600,2800,2800,2800,1310,0,270,562.0684010610667,91.69946600002277,3251.734025000019,3381.8091603053435
1780667828,36,GET,/api/concerts,1.400000,0.000000,4,11,19,25,38,57,82,82,82,82,82,241,0,3,19.735778547713597,2.2473559999980353,649.0978020000284,753.0
1780667828,36,GET,/health,0.800000,0.000000,3,3,3,5,10,10,10,10,10,10,10,124,0,3,7.682749427416979,2.1652529999300896,68.76786199995877,57.0
1780667828,36,,Aggregated,13.100000,0.000000,220,410,890,1400,1800,2000,2500,2600,2800,2800,2800,1675,0,160,442.9961725068631,2.1652529999300896,3251.734025000019,2757.4394029850746
1780667829,36,POST,/api/book,11.100000,0.000000,320,570,920,1300,1700,1900,2200,2500,2500,2500,2500,1319,0,270,560.8832310955249,91.69946600002277,3251.734025000019,3381.8369977255497
1780667829,36,GET,/api/concerts,1.700000,0.000000,4,11,19,25,57,82,82,82,82,82,82,241,0,3,19.735778547713597,2.2473559999980353,649.0978020000284,753.0
1780667829,36,GET,/health,0.800000,0.000000,3,3,5,5,10,10,10,10,10,10,10,125,0,3,7.659990303998256,2.1652529999300896,68.76786199995877,57.0
1780667829,36,,Aggregated,13.600000,0.000000,210,380,690,920,1600,1900,2100,2200,2500,2500,2500,1685,0,160,442.4443936100866,2.1652529999300896,3251.734025000019,2759.193471810089
1780667830,37,POST,/api/book,10.900000,0.000000,300,410,920,1100,1700,1900,2200,2500,2500,2500,2500,1329,0,260,558.3857991226469,91.69946600002277,3251.734025000019,3381.832204665162
1780667830,37,GET,/api/concerts,2.000000,0.000000,4,9,11,25,57,82,82,82,82,82,82,242,0,3,19.671433293383924,2.2473559999980353,649.0978020000284,753.0
1780667830,37,GET,/health,0.900000,0.000000,3,3,5,5,10,10,10,10,10,10,10,125,0,3,7.659990303998256,2.1652529999300896,68.76786199995877,57.0
1780667830,37,,Aggregated,13.800000,0.000000,210,350,690,920,1600,1900,2100,2200,2500,2500,2500,1696,0,160,440.9273070041251,2.1652529999300896,3251.734025000019,2761.678066037736
1780667831,37,POST,/api/book,10.500000,0.000000,300,570,1300,1600,1900,2500,2700,2800,2800,2800,2800,1338,0,260,566.0763318998488,91.69946600002277,3251.734025000019,3381.852765321375
1780667831,37,GET,/api/concerts,1.800000,0.000000,3,4,11,25,57,110,110,110,110,110,110,244,0,3,19.987176885241972,2.2473559999980353,649.0978020000284,753.0
1780667831,37,GET,/health,1.000000,0.000000,3,3,5,5,10,10,10,10,10,10,10,126,0,3,7.622640650792405,2.1652529999300896,68.76786199995877,57.0
1780667831,37,,Aggregated,13.300000,0.000000,220,390,860,1300,1800,2200,2700,2700,2800,2800,2800,1708,0,160,446.8661920163914,2.1652529999300896,3251.734025000019,2761.0263466042156
1780667832,37,POST,/api/book,10.100000,0.000000,330,690,1500,1700,2400,2700,2900,3000,3200,3200,3200,1356,0,270,576.8296666482286,91.69946600002277,3251.734025000019,3382.0176991150443
1780667832,37,GET,/api/concerts,1.800000,0.000000,3,3,4,11,57,110,110,110,110,110,110,249,0,3,19.641077433731194,2.2473559999980353,649.0978020000284,753.0
1780667832,37,GET,/health,0.900000,0.000000,3,3,5,5,5,5,5,5,5,5,5,126,0,3,7.622640650792405,2.1652529999300896,68.76786199995877,57.0
1780667832,37,,Aggregated,12.800000,0.000000,210,410,980,1600,2200,2600,2900,3000,3200,3200,3200,1731,0,170,455.24674117735225,2.1652529999300896,3251.734025000019,2761.8110918544194
1780667833,37,POST,/api/book,10.000000,0.000000,310,490,1100,1600,2400,2700,2900,3000,3200,3200,3200,1369,0,270,573.7835971176024,91.69946600002277,3251.734025000019,3381.9883126369614
1780667833,37,GET,/api/concerts,1.500000,0.000000,3,4,11,13,57,110,110,110,110,110,110,252,0,3,19.50294653174219,2.2473559999980353,649.0978020000284,753.0
1780667833,37,GET,/health,0.800000,0.000000,3,3,5,5,5,5,5,5,5,5,5,126,0,3,7.622640650792405,2.1652529999300896,68.76786199995877,57.0
1780667833,37,,Aggregated,12.300000,0.000000,200,390,570,1100,2000,2600,2900,3000,3200,3200,3200,1747,0,160,452.99653102575644,2.1652529999300896,3251.734025000019,2762.9536348025185
1780667834,37,POST,/api/book,11.500000,0.000000,310,490,920,1400,2300,2700,2900,3000,3200,3200,3200,1378,0,270,572.7360688817109,91.69946600002277,3251.734025000019,3381.920899854862
1780667834,37,GET,/api/concerts,1.500000,0.000000,3,8,13,19,57,110,110,110,110,110,110,253,0,3,19.502783707505987,2.2473559999980353,649.0978020000284,753.0
1780667834,37,GET,/health,0.900000,0.000000,3,3,3,3,5,5,5,5,5,5,5,126,0,3,7.622640650792405,2.1652529999300896,68.76786199995877,57.0
1780667834,37,,Aggregated,13.900000,0.000000,190,400,570,920,1800,2600,2900,3000,3200,3200,3200,1757,0,160,452.546932224813,2.1652529999300896,3251.734025000019,2764.927717700626
1780667835,38,POST,/api/book,11.700000,0.000000,240,440,690,890,2300,2700,2900,3000,3200,3200,3200,1391,0,260,570.3379921099911,91.69946600002277,3251.734025000019,3381.8936017253773
1780667835,38,GET,/api/concerts,2.000000,0.000000,3,4,11,13,25,110,110,110,110,110,110,253,0,3,19.502783707505987,2.2473559999980353,649.0978020000284,753.0
1780667835,38,GET,/health,0.800000,0.000000,3,3,4,4,5,5,5,5,5,5,5,128,0,3,7.555246171873531,2.1652529999300896,68.76786199995877,57.0
1780667835,38,,Aggregated,14.500000,0.000000,160,380,490,690,1500,2600,2900,3000,3200,3200,3200,1772,0,160,451.03917765970454,2.1652529999300896,3251.734025000019,2766.3764108352143
1780667836,38,POST,/api/book,11.500000,0.000000,230,440,710,920,2400,2700,2900,3000,3200,3200,3200,1404,0,260,572.9723150584028,91.69946600002277,3251.734025000019,3381.819088319088
1780667836,38,GET,/api/concerts,2.000000,0.000000,3,4,10,13,24,110,110,110,110,110,110,256,0,3,19.418203214840002,2.2473559999980353,649.0978020000284,753.0
1780667836,38,GET,/health,0.700000,0.000000,3,3,4,4,5,5,5,5,5,5,5,128,0,3,7.555246171873531,2.1652529999300896,68.76786199995877,57.0
1780667836,38,,Aggregated,14.200000,0.000000,160,310,490,710,2300,2600,2900,3000,3200,3200,3200,1788,0,160,453.2389607801993,2.1652529999300896,3251.734025000019,2767.414988814318
1780667837,38,POST,/api/book,11.600000,0.000000,240,490,920,1500,2500,2700,2900,3000,3200,3200,3200,1419,0,270,577.7168671508086,91.69946600002277,3251.734025000019,3381.663847780127
1780667837,38,GET,/api/concerts,1.900000,0.000000,3,8,10,13,24,110,110,110,110,110,110,257,0,3,19.354919256805577,2.2473559999980353,649.0978020000284,753.0
1780667837,38,GET,/health,0.700000,0.000000,3,4,4,5,5,5,5,5,5,5,5,129,0,3,7.51595903100691,2.1652529999300896,68.76786199995877,57.0
1780667837,38,,Aggregated,14.200000,0.000000,200,380,710,970,2400,2600,2900,3000,3200,3200,3200,1805,0,160,457.4648240725741,2.1652529999300896,3251.734025000019,2769.781163434903
1780667838,38,POST,/api/book,10.900000,0.000000,250,510,1100,1600,2500,2700,2900,3000,3200,3200,3200,1430,0,260,578.3935460489494,91.69946600002277,3251.734025000019,3381.63006993007
1780667838,38,GET,/api/concerts,2.200000,0.000000,3,4,10,13,24,110,110,110,110,110,110,260,0,3,19.171113257687885,2.2473559999980353,649.0978020000284,753.0
1780667838,38,GET,/health,0.700000,0.000000,3,4,4,5,5,5,5,5,5,5,5,129,0,3,7.51595903100691,2.1652529999300896,68.76786199995877,57.0
1780667838,38,,Aggregated,13.800000,0.000000,200,410,780,1200,2300,2600,2900,3000,3200,3200,3200,1819,0,170,457.9751616338626,2.1652529999300896,3251.734025000019,2770.12864211105
1780667839,38,POST,/api/book,11.700000,0.000000,280,670,1300,1600,2500,2700,2900,3000,3200,3200,3200,1443,0,270,578.356451708938,91.69946600002277,3251.734025000019,3381.5890505890507
1780667839,38,GET,/api/concerts,1.900000,0.000000,3,4,10,13,24,110,110,110,110,110,110,261,0,3,19.10812577011058,2.2473559999980353,649.0978020000284,753.0
1780667839,38,GET,/health,0.600000,0.000000,3,4,4,27,27,27,27,27,27,27,27,130,0,3,7.668853892306515,2.1652529999300896,68.76786199995877,57.0
1780667839,38,,Aggregated,14.200000,0.000000,200,430,910,1300,2300,2600,2900,3000,3200,3200,3200,1834,0,170,458.31653852126294,2.1652529999300896,3251.734025000019,2771.8516902944384
1780667840,39,POST,/api/book,11.600000,0.000000,280,780,1300,1600,2400,2600,2900,3000,3200,3200,3200,1458,0,270,578.7802432805196,91.69946600002277,3251.734025000019,3381.620027434842
1780667840,39,GET,/api/concerts,1.900000,0.000000,3,4,8,10,19,24,24,24,24,24,24,263,0,3,18.99809774144101,2.2473559999980353,649.0978020000284,753.0
1780667840,39,GET,/health,0.500000,0.000000,4,4,7,7,27,27,27,27,27,27,27,133,0,3,7.601380496239933,2.1652529999300896,68.76786199995877,57.0
1780667840,39,,Aggregated,14.000000,0.000000,220,460,950,1300,2200,2600,2800,3000,3200,3200,3200,1854,0,170,458.3975609573874,2.1652529999300896,3251.734025000019,2770.2384034519955
1780667841,39,POST,/api/book,12.700000,0.000000,240,470,890,1000,1600,2200,2500,2600,2600,2600,2600,1467,0,260,577.2421409052472,91.69946600002277,3251.734025000019,3381.580095432856
1780667841,39,GET,/api/concerts,1.900000,0.000000,3,7,10,13,23,24,24,24,24,24,24,265,0,3,18.952805709429995,2.2473559999980353,649.0978020000284,753.0
1780667841,39,GET,/health,0.400000,0.000000,4,4,7,7,27,27,27,27,27,27,27,133,0,3,7.601380496239933,2.1652529999300896,68.76786199995877,57.0
1780667841,39,,Aggregated,15.000000,0.000000,190,340,590,910,1600,1800,2500,2600,2600,2600,2600,1865,0,170,457.29099079195515,2.1652529999300896,3251.734025000019,2770.994101876676
1780667842,39,POST,/api/book,12.700000,0.000000,250,670,970,1200,1600,2200,2500,2600,2600,2600,2600,1478,0,260,578.4027495784828,91.69946600002277,3251.734025000019,3381.5365358592694
1780667842,39,GET,/api/concerts,2.100000,0.000000,3,4,10,19,23,24,24,24,24,24,24,266,0,3,18.892279575184112,2.2473559999980353,649.0978020000284,753.0
1780667842,39,GET,/health,0.700000,0.000000,4,4,7,7,27,27,27,27,27,27,27,133,0,3,7.601380496239933,2.1652529999300896,68.76786199995877,57.0
1780667842,39,,Aggregated,15.500000,0.000000,200,340,890,1000,1600,1800,2500,2600,2600,2600,2600,1877,0,170,458.6657399307386,2.1652529999300896,3251.734025000019,2773.4629728289824
1780667843,39,POST,/api/book,13.000000,0.000000,250,670,1100,1300,1700,2200,2500,2600,2600,2600,2600,1492,0,260,579.3553416139395,91.69946600002277,3251.734025000019,3381.4731903485253
1780667843,39,GET,/api/concerts,2.000000,0.000000,3,4,10,19,23,24,24,24,24,24,24,266,0,3,18.892279575184112,2.2473559999980353,649.0978020000284,753.0
1780667843,39,GET,/health,0.800000,0.000000,4,4,7,7,27,27,27,27,27,27,27,134,0,3,7.563549082089285,2.1652529999300896,68.76786199995877,57.0
1780667843,39,,Aggregated,15.800000,0.000000,230,360,920,1200,1600,1900,2500,2600,2600,2600,2600,1892,0,170,460.06185604228136,2.1652529999300896,3251.734025000019,2776.4767441860463
1780667844,39,POST,/api/book,12.000000,0.000000,310,920,1300,1600,1800,2200,2500,2600,2600,2600,2600,1511,0,270,584.4302657174042,91.69946600002277,3251.734025000019,3381.412971542025
1780667844,39,GET,/api/concerts,2.000000,0.000000,4,7,23,24,26,50,50,50,50,50,50,268,0,3,19.035602037309527,2.2473559999980353,649.0978020000284,753.0
1780667844,39,GET,/health,0.700000,0.000000,4,7,14,14,19,27,27,27,27,27,27,137,0,3,7.6569544306559765,2.1652529999300896,68.76786199995877,57.0
1780667844,39,,Aggregated,14.700000,0.000000,240,380,1100,1400,1700,2200,2400,2600,2600,2600,2600,1916,0,170,464.10473674425697,2.1652529999300896,3251.734025000019,2776.0584551148227
1780667845,40,POST,/api/book,12.100000,0.000000,340,910,1300,1500,1800,2200,2500,2600,2600,2600,2600,1521,0,270,582.8805831466127,91.69946600002277,3251.734025000019,3381.414858645628
1780667845,40,GET,/api/concerts,1.500000,0.000000,4,10,16,23,26,50,50,50,50,50,50,270,0,3,18.965845962959015,2.2473559999980353,649.0978020000284,753.0
1780667845,40,GET,/health,0.700000,0.000000,4,7,14,14,19,27,27,27,27,27,27,137,0,3,7.6569544306559765,2.1652529999300896,68.76786199995877,57.0
1780667845,40,,Aggregated,14.300000,0.000000,250,430,1000,1400,1700,2100,2500,2600,2600,2600,2600,1928,0,170,463.03482786981147,2.1652529999300896,3251.734025000019,2777.1011410788383
1780667846,40,POST,/api/book,12.300000,0.000000,330,530,1100,1400,1700,1900,2200,2300,2600,2600,2600,1531,0,270,581.1129851789666,91.69946600002277,3251.734025000019,3381.361854996734
1780667846,40,GET,/api/concerts,1.300000,0.000000,3,5,16,23,32,50,50,50,50,50,50,275,0,3,18.78504819999638,2.2473559999980353,649.0978020000284,753.0
1780667846,40,GET,/health,0.900000,0.000000,4,7,14,19,27,27,27,27,27,27,27,137,0,3,7.6569544306559765,2.1652529999300896,68.76786199995877,57.0
1780667846,40,,Aggregated,14.500000,0.000000,250,370,780,1100,1600,1800,2200,2300,2600,2600,2600,1943,0,170,461.09051534791377,2.1652529999300896,3251.734025000019,2774.960885229027
1780667847,40,POST,/api/book,12.700000,0.000000,330,460,1000,1300,1700,1800,2100,2200,2300,2300,2300,1544,0,270,581.1540275194287,91.69946600002277,3251.734025000019,3381.2966321243525
1780667847,40,GET,/api/concerts,1.700000,0.000000,5,16,26,31,34,50,50,50,50,50,50,277,0,3,18.882750003606713,2.2473559999980353,649.0978020000284,753.0
1780667847,40,GET,/health,1.100000,0.000000,4,7,14,19,27,27,27,27,27,27,27,137,0,3,7.6569544306559765,2.1652529999300896,68.76786199995877,57.0
1780667847,40,,Aggregated,15.500000,0.000000,250,380,730,1100,1600,1800,2100,2200,2300,2300,2300,1958,0,170,461.48178906945697,2.1652529999300896,3251.734025000019,2776.870275791624
1780667848,40,POST,/api/book,13.100000,0.000000,340,560,1200,1400,1700,1900,2200,2200,2300,2300,2300,1558,0,270,584.7534594050052,91.69946600002277,3251.734025000019,3381.3908857509628
1780667848,40,GET,/api/concerts,1.700000,0.000000,3,5,23,26,32,34,50,50,50,50,50,284,0,3,18.491204464785255,2.2473559999980353,649.0978020000284,753.0
1780667848,40,GET,/health,0.900000,0.000000,7,12,14,19,27,27,27,27,27,27,27,138,0,3,7.687620144926943,2.1652529999300896,68.76786199995877,57.0
1780667848,40,,Aggregated,15.700000,0.000000,240,370,880,1200,1600,1800,2100,2200,2300,2300,2300,1980,0,170,463.3122643439377,2.1652529999300896,3251.734025000019,2772.689393939394
1780667849,40,POST,/api/book,12.200000,0.000000,330,500,1100,1400,1700,1900,2200,2200,2300,2300,2300,1571,0,270,582.966546699553,91.69946600002277,3251.734025000019,3381.4360280076385
1780667849,40,GET,/api/concerts,2.000000,0.000000,3,7,23,26,32,34,50,50,50,50,50,286,0,3,18.42374190209461,2.2473559999980353,649.0978020000284,753.0
1780667849,40,GET,/health,0.900000,0.000000,7,12,14,14,19,19,19,19,19,19,19,139,0,3,7.656689402876931,2.1652529999300896,68.76786199995877,57.0
1780667849,40,,Aggregated,15.100000,0.000000,210,370,560,1100,1600,1800,2200,2200,2300,2300,2300,1996,0,170,462.01097939679175,2.1652529999300896,3251.734025000019,2773.305110220441
1780667850,40,POST,/api/book,12.700000,0.000000,320,500,1100,1400,1700,1900,2200,2200,2300,2300,2300,1579,0,270,582.1670496972753,91.69946600002277,3251.734025000019,3381.3964534515517
1780667850,40,GET,/api/concerts,2.000000,0.000000,3,12,23,26,32,34,50,50,50,50,50,291,0,3,18.310393996560776,2.2473559999980353,649.0978020000284,753.0
1780667850,40,GET,/health,0.800000,0.000000,11,12,14,14,19,19,19,19,19,19,19,140,0,3,7.682825264284686,2.1652529999300896,68.76786199995877,57.0
1780667850,40,,Aggregated,15.500000,0.000000,200,360,530,1100,1600,1800,2100,2200,2300,2300,2300,2010,0,170,460.5202446079584,2.1652529999300896,3251.734025000019,2769.3174129353233
1780667851,40,POST,/api/book,12.200000,0.000000,320,530,1000,1200,1700,1800,2200,2200,2300,2300,2300,1597,0,270,581.9219878666231,91.69946600002277,3251.734025000019,3381.327489041954
1780667851,40,GET,/api/concerts,2.400000,0.000000,3,12,23,28,34,50,85,85,85,85,85,295,0,3,18.47318752542093,2.2473559999980353,649.0978020000284,753.0
1780667851,40,GET,/health,0.900000,0.000000,11,12,14,19,38,38,38,38,38,38,38,142,0,3,7.918576669012878,2.1652529999300896,68.76786199995877,57.0
1780667851,40,,Aggregated,15.500000,0.000000,190,360,530,930,1600,1800,2100,2200,2300,2300,2300,2034,0,170,460.1295195821021,2.1652529999300896,3251.734025000019,2768.0476892822026
1780667852,40,POST,/api/book,12.200000,0.000000,310,500,930,1100,1700,1800,2200,2200,2300,2300,2300,1608,0,270,579.6594002531076,91.69946600002277,3251.734025000019,3381.317786069652
1780667852,40,GET,/api/concerts,2.400000,0.000000,3,11,23,26,32,50,85,85,85,85,85,298,0,3,18.351170600668553,2.2473559999980353,649.0978020000284,753.0
1780667852,40,GET,/health,0.700000,0.000000,11,14,18,18,19,38,38,38,38,38,38,144,0,3,7.94987772916558,2.1652529999300896,68.76786199995877,57.0
1780667852,40,,Aggregated,15.300000,0.000000,190,340,500,730,1600,1800,2100,2200,2300,2300,2300,2050,0,170,457.9052423604857,2.1652529999300896,3251.734025000019,2765.7370731707315
1780667853,40,POST,/api/book,12.500000,0.000000,300,440,730,1100,1600,1800,2200,2200,2300,2300,2300,1619,0,270,577.3789440166748,91.69946600002277,3251.734025000019,3381.3069796170475
1780667853,40,GET,/api/concerts,3.000000,0.000000,4,12,23,26,34,50,85,85,85,85,85,304,0,3,18.206569700655518,2.2473559999980353,649.0978020000284,753.0
1780667853,40,GET,/health,0.800000,0.000000,12,14,18,19,38,38,38,38,38,38,38,145,0,3,7.918036482757982,2.1652529999300896,68.76786199995877,57.0
1780667853,40,,Aggregated,16.300000,0.000000,180,310,440,560,1300,1700,1900,2200,2300,2300,2300,2068,0,170,455.25117158703824,2.1652529999300896,3251.734025000019,2761.8534816247584
1780667854,40,POST,/api/book,12.700000,0.000000,290,440,720,930,1200,1600,1700,1800,2200,2200,2200,1629,0,270,577.8192381442582,91.69946600002277,3251.734025000019,3381.3124616329037
1780667854,40,GET,/api/concerts,3.200000,0.000000,4,12,23,28,35,82,85,85,85,85,85,308,0,3,18.489772594153475,2.2473559999980353,649.0978020000284,753.0
1780667854,40,GET,/health,1.100000,0.000000,11,12,18,18,19,38,38,38,38,38,38,147,0,3,7.853126877550887,2.1652529999300896,68.76786199995877,57.0
1780667854,40,,Aggregated,17.000000,0.000000,180,290,400,560,1100,1300,1700,1800,2200,2200,2200,2084,0,170,454.95047914923,2.1652529999300896,3251.734025000019,2758.3785988483687
1780667855,40,POST,/api/book,12.700000,0.000000,250,440,800,930,1200,1600,1700,1800,2200,2200,2200,1642,0,270,576.1226698818493,91.69946600002277,3251.734025000019,3381.2576126674785
1780667855,40,GET,/api/concerts,3.400000,0.000000,4,11,23,25,35,82,85,85,85,85,85,310,0,3,18.406193812901137,2.2473559999980353,649.0978020000284,753.0
1780667855,40,GET,/health,1.200000,0.000000,11,14,18,19,31,38,38,38,38,38,38,149,0,3,7.975082879195056,2.1652529999300896,68.76786199995877,57.0
1780667855,40,,Aggregated,17.300000,0.000000,170,260,410,630,1100,1300,1700,1800,2200,2200,2200,2101,0,170,453.5400434921445,2.1652529999300896,3251.734025000019,2757.709662065683
1780667856,40,POST,/api/book,12.300000,0.000000,240,440,670,930,1200,1600,1700,1800,2200,2200,2200,1655,0,270,573.9067414694845,91.69946600002277,3251.734025000019,3381.1697885196377
1780667856,40,GET,/api/concerts,3.900000,0.000000,4,12,23,25,35,82,85,85,85,85,85,311,0,3,18.421531948550744,2.2473559999980353,649.0978020000284,753.0
1780667856,40,GET,/health,1.100000,0.000000,3,11,12,18,31,38,38,38,38,38,38,150,0,3,7.939910266667312,2.1652529999300896,68.76786199995877,57.0
1780667856,40,,Aggregated,17.300000,0.000000,170,260,440,570,1100,1300,1700,1800,2200,2200,2200,2116,0,170,452.1435444744781,2.1652529999300896,3251.734025000019,2759.248109640832
1780667857,40,POST,/api/book,12.200000,0.000000,230,440,670,810,1100,1300,1600,1600,2200,2200,2200,1666,0,270,573.3023827544998,91.69946600002277,3251.734025000019,3381.185474189676
1780667857,40,GET,/api/concerts,3.900000,0.000000,4,11,23,23,35,82,85,85,85,85,85,313,0,3,18.326295936099914,2.2473559999980353,649.0978020000284,753.0
1780667857,40,GET,/health,1.100000,0.000000,9,11,12,18,31,38,38,38,38,38,38,151,0,3,7.948430450331394,2.1652529999300896,68.76786199995877,57.0
1780667857,40,,Aggregated,17.200000,0.000000,160,250,440,530,1000,1200,1400,1600,2200,2200,2200,2130,0,170,451.67047572534995,2.1652529999300896,3251.734025000019,2759.319718309859
1780667858,40,POST,/api/book,12.100000,0.000000,220,390,570,760,1100,1200,1300,1400,1500,1500,1500,1676,0,270,572.574874409306,91.69946600002277,3251.734025000019,3381.18138424821
1780667858,40,GET,/api/concerts,3.800000,0.000000,5,19,23,25,45,82,85,85,85,85,85,316,0,3,18.312725613921867,2.2473559999980353,649.0978020000284,753.0
1780667858,40,GET,/health,1.200000,0.000000,3,10,11,18,31,38,38,38,38,38,38,151,0,3,7.948430450331394,2.1652529999300896,68.76786199995877,57.0
1780667858,40,,Aggregated,17.100000,0.000000,160,240,390,530,930,1100,1300,1400,1500,1500,1500,2143,0,170,451.0604404115704,2.1652529999300896,3251.734025000019,2759.4097060195986
1780667859,40,POST,/api/book,12.600000,0.000000,240,380,530,720,1100,1300,2300,2500,2500,2500,2500,1686,0,270,574.4459622597846,91.69946600002277,3251.734025000019,3381.168446026097
1780667859,40,GET,/api/concerts,3.600000,0.000000,5,19,23,28,50,82,85,85,85,85,85,316,0,3,18.312725613921867,2.2473559999980353,649.0978020000284,753.0
1780667859,40,GET,/health,1.300000,0.000000,3,10,11,18,31,38,38,38,38,38,38,153,0,3,7.878562163399072,2.1652529999300896,68.76786199995877,57.0
1780667859,40,,Aggregated,17.500000,0.000000,160,260,380,450,930,1300,1500,2500,2500,2500,2500,2155,0,170,452.6719877842207,2.1652529999300896,3251.734025000019,2759.7767981438515
1780667860,40,POST,/api/book,12.100000,0.000000,290,460,770,1000,1800,3000,3300,3300,3500,3500,3500,1703,0,270,586.7790391767448,91.69946600002277,3503.732561999982,3381.229594832648
1780667860,40,GET,/api/concerts,3.500000,0.000000,4,10,19,25,45,50,82,82,82,82,82,318,0,3,18.213271915092065,2.2473559999980353,649.0978020000284,753.0
1780667860,40,GET,/health,1.400000,0.000000,3,9,31,34,38,76,76,76,76,76,76,156,0,3,8.450987711538296,2.1652529999300896,76.34039899994605,57.0
1780667860,40,,Aggregated,17.000000,0.000000,170,310,460,720,1300,2500,3200,3300,3500,3500,3500,2177,0,170,462.2851990215871,2.1652529999300896,3503.732561999982,2759.1088654111163
1780667861,40,POST,/api/book,11.600000,0.000000,280,440,670,840,1800,3000,3300,3300,3500,3500,3500,1716,0,270,584.4215555949862,91.69946600002277,3503.732561999982,3381.2278554778554
1780667861,40,GET,/api/concerts,3.200000,0.000000,3,8,23,25,45,50,82,82,82,82,82,320,0,3,18.13205882812241,2.2473559999980353,649.0978020000284,753.0
1780667861,40,GET,/health,1.400000,0.000000,3,3,31,31,34,76,76,76,76,76,76,156,0,3,8.450987711538296,2.1652529999300896,76.34039899994605,57.0
1780667861,40,,Aggregated,16.200000,0.000000,180,310,450,600,1400,2500,3300,3300,3500,3500,3500,2192,0,170,460.7609499584831,2.1652529999300896,3503.732561999982,2760.966697080292
1780667862,40,POST,/api/book,12.100000,0.000000,290,450,760,890,1800,3000,3300,3300,3500,3500,3500,1725,0,270,583.2470060486935,91.69946600002277,3503.732561999982,3381.3176811594203
1780667862,40,GET,/api/concerts,3.000000,0.000000,3,8,18,23,45,50,82,82,82,82,82,323,0,3,18.037963148604117,2.2473559999980353,649.0978020000284,753.0
1780667862,40,GET,/health,1.700000,0.000000,3,3,9,31,34,76,76,76,76,76,76,158,0,3,8.373415196202123,2.0757429999775923,76.34039899994605,57.0
1780667862,40,,Aggregated,16.800000,0.000000,170,320,460,720,1400,2500,3300,3300,3500,3500,3500,2206,0,170,459.315660531276,2.0757429999775923,3503.732561999982,2758.385312783318
1780667863,40,POST,/api/book,12.300000,0.000000,300,530,810,1100,1800,3000,3300,3300,3500,3500,3500,1735,0,270,584.105436478384,91.69946600002277,3503.732561999982,3381.348126801153
1780667863,40,GET,/api/concerts,2.700000,0.000000,3,8,18,23,45,50,50,50,50,50,50,325,0,3,17.94644040922811,2.2473559999980353,649.0978020000284,753.0
1780667863,40,GET,/health,1.500000,0.000000,3,9,31,34,76,77,77,77,77,77,77,160,0,3,8.767780931249902,2.0757429999775923,77.34383000001799,57.0
1780667863,40,,Aggregated,16.500000,0.000000,170,340,570,800,1600,2500,3300,3300,3500,3500,3500,2220,0,170,459.7560226900878,2.0757429999775923,3503.732561999982,2756.9747747747747
1780667864,40,POST,/api/book,11.600000,0.000000,260,460,1000,1400,2100,3000,3300,3300,3500,3500,3500,1750,0,270,587.2143046337121,91.69946600002277,3503.732561999982,3381.381714285714
1780667864,40,GET,/api/concerts,2.300000,0.000000,3,4,16,18,45,52,52,52,52,52,52,329,0,3,17.951749671730123,2.2473559999980353,649.0978020000284,753.0
1780667864,40,GET,/health,1.200000,0.000000,3,3,34,34,76,77,77,77,77,77,77,160,0,3,8.767780931249902,2.0757429999775923,77.34383000001799,57.0
1780667864,40,,Aggregated,15.100000,0.000000,170,320,530,1000,2000,2500,3300,3300,3500,3500,3500,2239,0,170,462.2304616793188,2.0757429999775923,3503.732561999982,2757.6038410004467
1780667865,40,POST,/api/book,11.800000,0.000000,300,670,1300,1500,2100,3000,3300,3300,3500,3500,3500,1763,0,270,588.1650845904686,91.69946600002277,3503.732561999982,3381.4498014747587
1780667865,40,GET,/api/concerts,2.500000,0.000000,3,4,8,14,18,45,52,52,52,52,52,332,0,3,17.858206783130065,2.2473559999980353,649.0978020000284,753.0
1780667865,40,GET,/health,1.300000,0.000000,3,3,34,34,76,77,77,77,77,77,77,161,0,3,8.730654975154717,2.0757429999775923,77.34383000001799,57.0
1780667865,40,,Aggregated,15.600000,0.000000,180,330,760,1300,2000,2500,3300,3300,3500,3500,3500,2256,0,170,462.885462870565,2.0757429999775923,3503.732561999982,2757.388741134752
1780667866,40,POST,/api/book,12.100000,0.000000,320,750,1300,1500,2100,3000,3300,3300,3500,3500,3500,1775,0,270,587.1020716738007,91.69946600002277,3503.732561999982,3381.485070422535
1780667866,40,GET,/api/concerts,2.000000,0.000000,3,4,8,16,18,45,52,52,52,52,52,337,0,3,17.676409302668297,2.2473559999980353,649.0978020000284,753.0
1780667866,40,GET,/health,1.400000,0.000000,3,9,34,34,76,77,77,77,77,77,77,162,0,3,8.780337864197005,2.0757429999775923,77.34383000001799,57.0
1780667866,40,,Aggregated,15.500000,0.000000,170,340,760,1100,1800,2500,3200,3300,3500,3500,3500,2274,0,170,461.5151899252396,2.0757429999775923,3503.732561999982,2755.1147757255935
1780667867,40,POST,/api/book,12.100000,0.000000,300,600,1100,1400,2100,3000,3300,3300,3500,3500,3500,1787,0,270,585.766752006713,91.69946600002277,3503.732561999982,3381.5097929490767
1780667867,40,GET,/api/concerts,2.200000,0.000000,3,6,14,16,45,51,52,52,52,52,52,341,0,3,17.65909624046716,2.2473559999980353,649.0978020000284,753.0
1780667867,40,GET,/health,1.300000,0.000000,3,17,34,34,76,77,77,77,77,77,77,162,0,3,8.780337864197005,2.0757429999775923,77.34383000001799,57.0
1780667867,40,,Aggregated,15.600000,0.000000,170,320,690,1000,1800,2500,3200,3300,3500,3500,3500,2290,0,170,460.3534289903906,2.0757429999775923,3503.732561999982,2754.9192139737993
1780667868,40,POST,/api/book,12.300000,0.000000,300,750,1300,1500,2100,3000,3300,3300,3500,3500,3500,1794,0,270,585.7083101421382,91.69946600002277,3503.732561999982,3381.478260869565
1780667868,40,GET,/api/concerts,2.200000,0.000000,3,6,14,16,45,51,52,52,52,52,52,342,0,3,17.614633254384028,2.2473559999980353,649.0978020000284,753.0
1780667868,40,GET,/health,1.200000,0.000000,3,11,34,34,76,77,77,77,77,77,77,164,0,3,8.755990524390747,2.0757429999775923,77.34383000001799,57.0
1780667868,40,,Aggregated,15.700000,0.000000,170,340,760,1200,1900,2500,3200,3300,3500,3500,3500,2300,0,170,460.09604148434545,2.0757429999775923,3503.732561999982,2753.5852173913045
1780667869,40,POST,/api/book,11.800000,0.000000,250,600,1100,1300,1800,2100,2300,2400,3100,3100,3100,1813,0,270,588.6102905603954,91.69946600002277,3503.732561999982,3381.484280198566
1780667869,40,GET,/api/concerts,2.600000,0.000000,3,8,16,16,29,51,52,52,52,52,52,344,0,3,17.659589218021072,2.2473559999980353,649.0978020000284,753.0
1780667869,40,GET,/health,1.200000,0.000000,3,11,17,34,76,77,77,77,77,77,77,165,0,3,8.719047163637326,2.0757429999775923,77.34383000001799,57.0
1780667869,40,,Aggregated,15.600000,0.000000,160,320,690,1100,1700,2000,2300,2400,3100,3100,3100,2322,0,170,462.818259370799,2.0757429999775923,3503.732561999982,2755.843238587425
1780667870,40,POST,/api/book,12.000000,0.000000,250,690,1100,1300,1700,2000,2200,2300,2300,2300,2300,1822,0,270,589.5281064198664,91.69946600002277,3503.732561999982,3381.532930845225
1780667870,40,GET,/api/concerts,2.800000,0.000000,3,8,14,16,29,51,52,52,52,52,52,345,0,3,17.616408495650106,2.2473559999980353,649.0978020000284,753.0
1780667870,40,GET,/health,1.300000,0.000000,3,11,17,17,77,89,89,89,89,89,89,167,0,3,9.165392281437777,2.0757429999775923,89.44081699996786,57.0
1780667870,40,,Aggregated,16.100000,0.000000,150,320,750,1100,1700,1900,2200,2300,2300,2300,2300,2334,0,170,463.4655061435284,2.0757429999775923,3503.732561999982,2755.1229648671806
1780667871,40,POST,/api/book,12.200000,0.000000,250,750,1100,1300,1700,2000,2200,2300,2300,2300,2300,1836,0,270,588.3264893867082,91.69946600002277,3503.732561999982,3381.578431372549
1780667871,40,GET,/api/concerts,2.600000,0.000000,3,8,16,18,29,51,52,52,52,52,52,345,0,3,17.616408495650106,2.2473559999980353,649.0978020000284,753.0
1780667871,40,GET,/health,1.200000,0.000000,3,3,11,17,77,89,89,89,89,89,89,169,0,3,9.090184094675392,2.0757429999775923,89.44081699996786,57.0
1780667871,40,,Aggregated,16.000000,0.000000,150,320,770,1100,1700,1900,2100,2300,2300,2300,2300,2350,0,170,462.8856751306362,2.0757429999775923,3503.732561999982,2756.5940425531917
1780667872,40,POST,/api/book,11.800000,0.000000,290,780,1200,1300,1700,2000,2200,2300,2300,2300,2300,1850,0,270,588.0435145832414,91.69946600002277,3503.732561999982,3381.5627027027026
1780667872,40,GET,/api/concerts,2.800000,0.000000,3,8,16,18,29,51,52,52,52,52,52,345,0,3,17.616408495650106,2.2473559999980353,649.0978020000284,753.0
1780667872,40,GET,/health,1.000000,0.000000,3,16,17,53,77,89,89,89,89,89,89,171,0,3,9.389071473684355,2.0757429999775923,89.44081699996786,57.0
1780667872,40,,Aggregated,15.600000,0.000000,180,380,880,1200,1700,1900,2100,2300,2300,2300,2300,2366,0,170,463.0446720760757,2.0757429999775923,3503.732561999982,2757.997886728656
1780667873,40,POST,/api/book,11.900000,0.000000,290,690,1000,1200,1700,1800,2200,2300,2300,2300,2300,1860,0,270,587.8218087161272,91.69946600002277,3503.732561999982,3381.5413978494626
1780667873,40,GET,/api/concerts,2.500000,0.000000,3,14,16,21,29,51,52,52,52,52,52,347,0,3,17.59912142074689,2.2473559999980353,649.0978020000284,753.0
1780667873,40,GET,/health,1.200000,0.000000,3,16,17,17,53,89,89,89,89,89,89,171,0,3,9.389071473684355,2.0757429999775923,89.44081699996786,57.0
1780667873,40,,Aggregated,15.600000,0.000000,180,350,770,1000,1500,1700,2200,2300,2300,2300,2300,2378,0,170,463.0197605412089,2.0757429999775923,3503.732561999982,2758.917157275021
1780667874,40,POST,/api/book,12.200000,0.000000,260,690,950,1200,1600,1700,2200,2300,2300,2300,2300,1881,0,270,588.4271708904821,91.69946600002277,3503.732561999982,3381.653375863902
1780667874,40,GET,/api/concerts,2.500000,0.000000,3,8,16,21,29,51,51,51,51,51,51,349,0,3,17.54395199426677,2.2473559999980353,649.0978020000284,753.0
1780667874,40,GET,/health,1.400000,0.000000,3,16,17,17,53,89,89,89,89,89,89,171,0,3,9.389071473684355,2.0757429999775923,89.44081699996786,57.0
1780667874,40,,Aggregated,16.100000,0.000000,190,380,780,1000,1400,1700,2100,2300,2300,2300,2300,2401,0,170,464.20653015951484,2.0757429999775923,3503.732561999982,2762.7796751353603
1780667875,40,POST,/api/book,12.400000,0.000000,230,460,930,1200,1600,1900,2200,2300,2300,2300,2300,1887,0,270,587.3363297965008,91.69946600002277,3503.732561999982,3381.6740858505564
1780667875,40,GET,/api/concerts,2.100000,0.000000,3,13,16,21,29,51,51,51,51,51,51,353,0,3,17.41662783852445,2.2473559999980353,649.0978020000284,753.0
1780667875,40,GET,/health,1.300000,0.000000,3,11,17,17,53,89,89,89,89,89,89,173,0,3,9.310425231214168,2.0757429999775923,89.44081699996786,57.0
1780667875,40,,Aggregated,15.800000,0.000000,170,290,620,930,1400,1700,2200,2300,2300,2300,2300,2413,0,170,462.5206910559449,2.0757429999775923,3503.732561999982,2758.760464152507
1780667876,40,POST,/api/book,12.500000,0.000000,260,620,920,1200,1600,1700,2200,2300,2300,2300,2300,1904,0,270,585.6872343492629,91.69946600002277,3503.732561999982,3381.7463235294117
1780667876,40,GET,/api/concerts,2.400000,0.000000,7,13,21,27,29,51,51,51,51,51,51,353,0,3,17.41662783852445,2.2473559999980353,649.0978020000284,753.0
1780667876,40,GET,/health,1.100000,0.000000,3,11,12,16,53,89,89,89,89,89,89,175,0,3,9.287607017143468,2.0757429999775923,89.44081699996786,57.0
1780667876,40,,Aggregated,16.000000,0.000000,190,330,750,930,1400,1700,2100,2300,2300,2300,2300,2432,0,170,461.7277529013136,2.0757429999775923,3503.732561999982,2760.9494243421054
1780667877,40,POST,/api/book,12.800000,0.000000,260,620,920,1100,1600,1700,2200,2300,2300,2300,2300,1912,0,270,584.5741652369231,91.69946600002277,3503.732561999982,3381.719142259414
1780667877,40,GET,/api/concerts,1.900000,0.000000,3,8,13,21,29,51,51,51,51,51,51,356,0,3,17.29548745224479,2.2473559999980353,649.0978020000284,753.0
1780667877,40,GET,/health,1.100000,0.000000,3,3,12,12,53,89,89,89,89,89,89,178,0,3,9.177733134832346,2.0757429999775923,89.44081699996786,57.0
1780667877,40,,Aggregated,15.800000,0.000000,190,330,740,920,1400,1700,2100,2300,2300,2300,2300,2446,0,170,460.13762631398004,2.0757429999775923,3503.732561999982,2757.1794766966477
1780667878,40,POST,/api/book,12.100000,0.000000,260,560,880,1100,1600,1700,2200,2300,2300,2300,2300,1917,0,270,584.1550894204471,91.69946600002277,3503.732561999982,3381.719353155973
1780667878,40,GET,/api/concerts,2.000000,0.000000,3,7,13,13,27,29,210,210,210,210,210,363,0,3,17.60992127823507,2.2473559999980353,649.0978020000284,753.0
1780667878,40,GET,/health,1.400000,0.000000,3,3,12,12,53,89,89,89,89,89,89,180,0,3,9.10574153333433,2.0757429999775923,89.44081699996786,57.0
1780667878,40,,Aggregated,15.500000,0.000000,180,310,630,810,1400,1700,2100,2300,2300,2300,2300,2460,0,170,458.478350129673,2.0757429999775923,3503.732561999982,2750.5508130081303
1780667879,40,POST,/api/book,12.900000,0.000000,270,630,930,1200,1700,2100,2500,2500,2700,2700,2700,1935,0,270,590.200003243409,91.69946600002277,3503.732561999982,3381.758139534884
1780667879,40,GET,/api/concerts,1.500000,0.000000,3,4,13,13,27,70,210,210,210,210,210,367,0,3,17.630227607627646,2.2473559999980353,649.0978020000284,753.0
1780667879,40,GET,/health,1.500000,0.000000,3,3,12,16,53,89,89,89,89,89,89,181,0,3,9.075216546962073,2.0757429999775923,89.44081699996786,57.0
1780667879,40,,Aggregated,15.900000,0.000000,180,310,660,930,1500,2000,2300,2500,2700,2700,2700,2483,0,170,463.209792188077,2.0757429999775923,3503.732561999982,2750.853805879984
1780667880,40,POST,/api/book,12.400000,0.000000,260,630,940,1200,1700,2100,2500,2500,2700,2700,2700,1944,0,270,591.2492098312737,91.69946600002277,3503.732561999982,3381.8245884773664
1780667880,40,GET,/api/concerts,1.500000,0.000000,3,4,7,13,27,70,210,210,210,210,210,369,0,3,17.55617177777643,2.2473559999980353,649.0978020000284,753.0
1780667880,40,GET,/health,1.400000,0.000000,3,3,4,12,16,53,53,53,53,53,53,181,0,3,9.075216546962073,2.0757429999775923,89.44081699996786,57.0
1780667880,40,,Aggregated,15.300000,0.000000,170,290,660,930,1600,2000,2300,2500,2700,2700,2700,2494,0,170,464.1176044478729,2.0757429999775923,3503.732561999982,2751.5801924619086
1780667881,40,POST,/api/book,12.200000,0.000000,240,560,940,1200,1700,2100,2500,2500,2700,2700,2700,1954,0,270,589.9779338362314,91.69946600002277,3503.732561999982,3381.8469805527125
1780667881,40,GET,/api/concerts,2.400000,0.000000,3,5,13,13,70,110,210,210,210,210,210,371,0,3,17.760039361184443,2.2473559999980353,649.0978020000284,753.0
1780667881,40,GET,/health,1.600000,0.000000,3,3,5,5,12,53,53,53,53,53,53,182,0,3,9.051244818681862,2.0757429999775923,89.44081699996786,57.0
1780667881,40,,Aggregated,16.200000,0.000000,170,300,630,920,1600,2000,2300,2500,2700,2700,2700,2507,0,170,463.12452488073205,2.0757429999775923,3503.732561999982,2751.442361388113
1780667882,40,POST,/api/book,12.700000,0.000000,240,630,930,1100,1900,2100,2500,2500,2700,2700,2700,1963,0,270,590.5908718619442,91.69946600002277,3503.732561999982,3381.8751910341316
1780667882,40,GET,/api/concerts,2.300000,0.000000,3,9,13,17,110,110,210,210,210,210,210,374,0,3,17.970973074864894,2.2473559999980353,649.0978020000284,753.0
1780667882,40,GET,/health,1.500000,0.000000,3,4,5,5,12,53,53,53,53,53,53,184,0,3,9.002874663043523,2.0757429999775923,89.44081699996786,57.0
1780667882,40,,Aggregated,16.500000,0.000000,170,290,630,810,1600,2000,2500,2500,2700,2700,2700,2521,0,170,463.1922071927789,2.0757429999775923,3503.732561999982,2749.1991273304243
1780667883,40,POST,/api/book,12.200000,0.000000,270,670,930,1100,1800,2100,2500,2500,2700,2700,2700,1971,0,270,592.0898536316572,91.69946600002277,3503.732561999982,3381.8366311516997
1780667883,40,GET,/api/concerts,2.500000,0.000000,3,7,13,13,110,110,210,210,210,210,210,375,0,3,17.931896109331927,2.2473559999980353,649.0978020000284,753.0
1780667883,40,GET,/health,1.400000,0.000000,3,4,4,5,5,12,12,12,12,12,12,185,0,3,8.970229367567704,2.0757429999775923,89.44081699996786,57.0
1780667883,40,,Aggregated,16.100000,0.000000,160,330,670,810,1600,2000,2500,2500,2700,2700,2700,2531,0,170,464.39867838087537,2.0757429999775923,3503.732561999982,2749.3164757013037
1780667884,40,POST,/api/book,11.500000,0.000000,270,690,980,1300,2100,2500,2600,2700,2700,2700,2700,1984,0,270,592.7308304591718,91.69946600002277,3503.732561999982,3381.779737903226
1780667884,40,GET,/api/concerts,2.800000,0.000000,3,4,9,13,110,110,210,210,210,210,210,380,0,3,17.737971049998098,2.2473559999980353,649.0978020000284,753.0
1780667884,40,GET,/health,1.300000,0.000000,3,4,4,5,5,12,12,12,12,12,12,185,0,3,8.970229367567704,2.0757429999775923,89.44081699996786,57.0
1780667884,40,,Aggregated,15.600000,0.000000,150,280,660,810,1700,2100,2600,2600,2700,2700,2700,2549,0,170,464.64413066418035,2.0757429999775923,3503.732561999982,2748.5821890937623
1780667885,40,POST,/api/book,11.500000,0.000000,230,740,1300,1700,2100,2600,2900,3000,3600,3600,3600,1999,0,270,597.2347270975472,91.69946600002277,3574.5892159999357,3381.752876438219
1780667885,40,GET,/api/concerts,2.800000,0.000000,3,4,9,13,110,110,210,210,210,210,210,380,0,3,17.737971049998098,2.2473559999980353,649.0978020000284,753.0
1780667885,40,GET,/health,1.400000,0.000000,3,4,4,4,5,5,5,5,5,5,5,186,0,3,8.93921987096838,2.0757429999775923,89.44081699996786,57.0
1780667885,40,,Aggregated,15.700000,0.000000,150,310,740,990,2100,2500,2900,3000,3600,3600,3600,2565,0,170,468.72333074580735,2.0757429999775923,3574.5892159999357,2751.214814814815
1780667886,40,POST,/api/book,11.000000,0.000000,240,1000,1800,2100,2500,2800,3600,3900,4100,4100,4100,2015,0,270,604.0925963890803,91.69946600002277,4084.9286440000014,3381.7344913151364
1780667886,40,GET,/api/concerts,2.600000,0.000000,3,4,9,13,110,110,210,210,210,210,210,381,0,3,17.69948737007673,2.2473559999980353,649.0978020000284,753.0
1780667886,40,GET,/health,1.400000,0.000000,3,4,4,5,5,5,5,5,5,5,5,187,0,3,8.904756000000837,2.0757429999775923,89.44081699996786,57.0
1780667886,40,,Aggregated,15.000000,0.000000,150,400,1000,1700,2300,2600,3600,3900,4100,4100,4100,2583,0,170,474.50843042353694,2.0757429999775923,4084.9286440000014,2753.289585753
1780667887,40,POST,/api/book,10.300000,0.000000,320,990,1700,2100,2500,2800,3600,3900,4100,4100,4100,2025,0,270,603.2257385111094,91.69946600002277,4084.9286440000014,3381.764938271605
1780667887,40,GET,/api/concerts,3.000000,0.000000,3,4,5,13,110,110,210,210,210,210,210,386,0,3,17.508809601033732,2.2473559999980353,649.0978020000284,753.0
1780667887,40,GET,/health,1.300000,0.000000,3,3,4,4,5,5,5,5,5,5,5,190,0,3,8.811598989474664,2.0757429999775923,89.44081699996786,57.0
1780667887,40,,Aggregated,14.600000,0.000000,160,480,990,1600,2300,2600,3000,3900,4100,4100,4100,2601,0,170,472.88147820030576,2.0757429999775923,4084.9286440000014,2748.7743175701653
1780667888,40,POST,/api/book,12.000000,0.000000,240,900,1600,2000,2500,2800,3600,3900,4100,4100,4100,2033,0,270,602.8280720762402,91.69946600002277,4084.9286440000014,3381.8455484505657
1780667888,40,GET,/api/concerts,2.700000,0.000000,3,4,5,9,80,110,110,110,110,110,110,389,0,3,17.593208550126228,2.2473559999980353,649.0978020000284,753.0
1780667888,40,GET,/health,1.200000,0.000000,3,4,4,4,5,5,5,5,5,5,5,191,0,3,8.78005380104845,2.0757429999775923,89.44081699996786,57.0
1780667888,40,,Aggregated,15.900000,0.000000,160,480,990,1400,2300,2600,3600,3900,4100,4100,4100,2613,0,170,472.28098696249344,2.0757429999775923,4084.9286440000014,2747.4535017221583
1780667889,40,POST,/api/book,10.900000,0.000000,210,670,1100,1700,2500,2800,3600,3900,4100,4100,4100,2049,0,270,603.0204313738391,91.69946600002277,4084.9286440000014,3381.8438262567106
1780667889,40,GET,/api/concerts,3.100000,0.000000,3,4,5,9,80,110,110,110,110,110,110,389,0,3,17.593208550126228,2.2473559999980353,649.0978020000284,753.0
1780667889,40,GET,/health,1.200000,0.000000,3,3,4,5,5,5,5,5,5,5,5,191,0,3,8.78005380104845,2.0757429999775923,89.44081699996786,57.0
1780667889,40,,Aggregated,15.200000,0.000000,160,390,690,1100,2100,2600,3600,3900,4100,4100,4100,2629,0,170,473.225413574361,2.0757429999775923,4084.9286440000014,2751.31304678585
1780667890,40,POST,/api/book,11.500000,0.000000,240,840,1700,2000,2500,2800,3600,3900,4100,4100,4100,2060,0,270,605.6487370427167,91.69946600002277,4084.9286440000014,3381.802912621359
1780667890,40,GET,/api/concerts,3.000000,0.000000,3,4,4,9,80,110,110,110,110,110,110,393,0,3,17.448981302796415,2.2473559999980353,649.0978020000284,753.0
1780667890,40,GET,/health,1.300000,0.000000,3,3,4,5,61,61,61,61,61,61,61,192,0,3,9.050282140626642,2.0757429999775923,89.44081699996786,57.0
1780667890,40,,Aggregated,15.800000,0.000000,160,410,980,1600,2300,2600,3600,3900,4100,4100,4100,2645,0,170,474.94574749754076,2.0757429999775923,4084.9286440000014,2749.8627599243855
1780667891,40,POST,/api/book,11.600000,0.000000,330,1100,1800,2100,2500,2800,3600,3900,4100,4100,4100,2075,0,270,610.9753450520467,91.69946600002277,4084.9286440000014,3381.78265060241
1780667891,40,GET,/api/concerts,2.300000,0.000000,3,3,4,4,17,21,80,80,80,80,80,395,0,3,17.4219166177187,2.2473559999980353,649.0978020000284,753.0
1780667891,40,GET,/health,1.100000,0.000000,3,3,3,5,61,61,61,61,61,61,61,192,0,3,9.050282140626642,2.0757429999775923,89.44081699996786,57.0
1780667891,40,,Aggregated,15.000000,0.000000,170,630,1400,1800,2300,2800,3000,3900,4100,4100,4100,2662,0,170,479.48653351540037,2.0757429999775923,4084.9286440000014,2751.907588279489
1780667892,40,POST,/api/book,11.200000,0.000000,330,860,1900,2100,2500,2800,3600,3900,4100,4100,4100,2089,0,270,609.7686252144553,91.69946600002277,4084.9286440000014,3381.7908089995212
1780667892,40,GET,/api/concerts,2.400000,0.000000,3,4,4,4,21,36,80,80,80,80,80,397,0,3,17.456464367755274,2.2473559999980353,649.0978020000284,753.0
1780667892,40,GET,/health,1.000000,0.000000,3,3,3,3,5,61,61,61,61,61,61,194,0,3,8.986154144331604,2.0757429999775923,89.44081699996786,57.0
1780667892,40,,Aggregated,14.600000,0.000000,160,410,1100,1800,2300,2800,3000,3900,4100,4100,4100,2680,0,170,478.5373837055956,2.0757429999775923,4084.9286440000014,2751.7014925373132
1780667893,40,POST,/api/book,11.100000,0.000000,330,700,1700,2000,2500,2800,3600,3900,4100,4100,4100,2099,0,270,608.2812320133382,91.69946600002277,4084.9286440000014,3381.7779895188187
1780667893,40,GET,/api/concerts,2.300000,0.000000,3,4,4,4,21,36,80,80,80,80,80,397,0,3,17.456464367755274,2.2473559999980353,649.0978020000284,753.0
1780667893,40,GET,/health,1.000000,0.000000,3,3,3,3,61,61,61,61,61,61,61,195,0,3,8.951958369232798,2.0757429999775923,89.44081699996786,57.0
1780667893,40,,Aggregated,14.400000,0.000000,160,410,860,1700,2300,2800,3000,3900,4100,4100,4100,2691,0,170,477.68790569750877,2.0757429999775923,4084.9286440000014,2753.0315867707172
1780667894,40,POST,/api/book,12.600000,0.000000,330,610,1300,1800,2300,2600,2900,3900,4100,4100,4100,2111,0,270,606.9075309516802,91.69946600002277,4084.9286440000014,3381.694457603032
1780667894,40,GET,/api/concerts,2.200000,0.000000,3,4,4,11,31,36,80,80,80,80,80,402,0,3,17.364012079599206,2.2473559999980353,649.0978020000284,753.0
1780667894,40,GET,/health,1.000000,0.000000,3,3,3,3,3,61,61,61,61,61,61,196,0,3,8.92074911734847,2.0757429999775923,89.44081699996786,57.0
1780667894,40,,Aggregated,15.800000,0.000000,180,410,700,1100,2300,2500,2800,3900,4100,4100,4100,2709,0,170,476.1574741683262,2.0757429999775923,4084.9286440000014,2751.064968623108
1780667895,40,POST,/api/book,12.300000,0.000000,340,530,860,1400,2000,2300,2500,2800,2800,2800,2800,2123,0,270,608.2951036099843,91.69946600002277,4084.9286440000014,3381.667451719265
1780667895,40,GET,/api/concerts,2.300000,0.000000,3,4,13,21,36,71,80,80,80,80,80,404,0,3,17.459599091581303,2.2473559999980353,649.0978020000284,753.0
1780667895,40,GET,/health,0.900000,0.000000,3,3,3,3,3,61,61,61,61,61,61,198,0,3,8.857665404042681,2.0757429999775923,89.44081699996786,57.0
1780667895,40,,Aggregated,15.500000,0.000000,160,400,610,840,1800,2300,2500,2800,2800,2800,2800,2725,0,170,477.144220457613,2.0757429999775923,4084.9286440000014,2750.377247706422
1780667896,40,POST,/api/book,12.700000,0.000000,330,610,900,1500,2000,2300,2500,2800,2800,2800,2800,2136,0,270,608.4919090426014,91.69946600002277,4084.9286440000014,3381.679307116105
1780667896,40,GET,/api/concerts,2.400000,0.000000,3,11,21,31,71,80,80,80,80,80,80,404,0,3,17.459599091581303,2.2473559999980353,649.0978020000284,753.0
1780667896,40,GET,/health,1.100000,0.000000,3,3,3,3,3,61,61,61,61,61,61,200,0,3,8.797756620002417,2.0757429999775923,89.44081699996786,57.0
1780667896,40,,Aggregated,16.200000,0.000000,180,410,650,900,1800,2300,2500,2800,2800,2800,2800,2740,0,170,477.5737033109472,2.0757429999775923,4084.9286440000014,2751.415693430657
1780667897,40,POST,/api/book,12.500000,0.000000,400,700,1500,1700,2300,2500,2600,2800,2800,2800,2800,2148,0,270,612.4805909711343,91.69946600002277,4084.9286440000014,3381.661545623836
1780667897,40,GET,/api/concerts,2.200000,0.000000,4,13,31,36,71,80,80,80,80,80,80,407,0,3,17.507549756754084,2.2473559999980353,649.0978020000284,753.0
1780667897,40,GET,/health,1.200000,0.000000,3,3,3,3,3,61,61,61,61,61,61,200,0,3,8.797756620002417,2.0757429999775923,89.44081699996786,57.0
1780667897,40,,Aggregated,15.900000,0.000000,210,510,840,1500,2000,2300,2600,2800,2800,2800,2800,2755,0,170,480.7598669622488,2.0757429999775923,4084.9286440000014,2751.970961887477
1780667898,40,POST,/api/book,11.600000,0.000000,420,700,1300,1700,2100,2500,2600,2800,2800,2800,2800,2165,0,280,611.9243031926082,91.69946600002277,4084.9286440000014,3381.7270207852193
1780667898,40,GET,/api/concerts,2.400000,0.000000,4,11,21,31,66,71,71,71,71,71,71,407,0,3,17.507549756754084,2.2473559999980353,649.0978020000284,753.0
1780667898,40,GET,/health,1.100000,0.000000,3,3,3,4,61,61,61,61,61,61,61,201,0,3,8.774484109454676,2.0757429999775923,89.44081699996786,57.0
1780667898,40,,Aggregated,15.100000,0.000000,250,510,850,1300,2000,2300,2600,2800,2800,2800,2800,2773,0,170,480.96118300360456,2.0757429999775923,4084.9286440000014,2754.910566173819
1780667899,40,POST,/api/book,12.000000,0.000000,420,700,1200,1500,2100,2500,2600,2800,2800,2800,2800,2175,0,280,612.1460754257458,91.69946600002277,4084.9286440000014,3381.7186206896554
1780667899,40,GET,/api/concerts,2.100000,0.000000,4,13,31,31,66,71,71,71,71,71,71,407,0,3,17.507549756754084,2.2473559999980353,649.0978020000284,753.0
1780667899,40,GET,/health,1.100000,0.000000,3,4,16,25,60,61,61,61,61,61,61,204,0,3,9.13738818137456,2.0757429999775923,89.44081699996786,57.0
1780667899,40,,Aggregated,15.200000,0.000000,280,510,840,1200,2000,2300,2600,2800,2800,2800,2800,2786,0,170,481.1225104059569,2.0757429999775923,4084.9286440000014,2754.248743718593
1780667900,40,POST,/api/book,12.300000,0.000000,420,710,1200,1400,1900,2300,2600,2800,2800,2800,2800,2190,0,280,613.6321884694052,91.69946600002277,4084.9286440000014,3381.7429223744293
1780667900,40,GET,/api/concerts,2.000000,0.000000,3,21,31,36,71,86,86,86,86,86,86,410,0,3,17.60253669511912,2.2473559999980353,649.0978020000284,753.0
1780667900,40,GET,/health,0.900000,0.000000,3,16,25,60,77,300,300,300,300,300,300,206,0,3,10.887491592235193,2.0757429999775923,301.82252899999185,57.0
1780667900,40,,Aggregated,15.200000,0.000000,320,530,850,1200,1800,2300,2600,2800,2800,2800,2800,2806,0,170,482.29307058481675,2.0757429999775923,4084.9286440000014,2753.5598717034927
1780667901,40,POST,/api/book,13.000000,0.000000,400,620,860,1200,1700,1800,2600,2600,2600,2600,2600,2202,0,280,612.0513653079007,91.69946600002277,4084.9286440000014,3381.706630336058
1780667901,40,GET,/api/concerts,1.800000,0.000000,3,13,36,36,71,86,86,86,86,86,86,411,0,3,17.565991824814503,2.2473559999980353,649.0978020000284,753.0
1780667901,40,GET,/health,1.200000,0.000000,4,16,25,60,77,300,300,300,300,300,300,207,0,3,10.894098884059673,2.0757429999775923,301.82252899999185,57.0
1780667901,40,,Aggregated,16.000000,0.000000,220,480,690,860,1600,1800,2300,2600,2600,2600,2600,2820,0,170,481.2807828074452,2.0757429999775923,4084.9286440000014,2754.5390070921985
1780667902,40,POST,/api/book,12.500000,0.000000,380,640,1100,1300,1700,1800,2600,2600,2600,2600,2600,2213,0,280,612.2775417722536,91.69946600002277,4084.9286440000014,3381.699502937189
1780667902,40,GET,/api/concerts,1.800000,0.000000,3,14,41,66,86,140,140,140,140,140,140,417,0,3,17.814472812946835,2.2473559999980353,649.0978020000284,753.0
1780667902,40,GET,/health,1.300000,0.000000,4,16,25,60,77,300,300,300,300,300,300,207,0,3,10.894098884059673,2.0757429999775923,301.82252899999185,57.0
1780667902,40,,Aggregated,15.600000,0.000000,220,430,700,1100,1600,1800,2300,2600,2600,2600,2600,2837,0,170,481.02006118223306,2.0757429999775923,4084.9286440000014,2752.7321113852663
1780667903,40,POST,/api/book,13.000000,0.000000,400,710,1200,1300,1700,1800,2600,2600,2600,2600,2600,2227,0,280,613.2703650880097,91.69946600002277,4084.9286440000014,3381.629097440503
1780667903,40,GET,/api/concerts,1.700000,0.000000,3,25,41,66,86,100,140,140,140,140,140,422,0,3,17.921174063977933,2.2473559999980353,649.0978020000284,753.0
1780667903,40,GET,/health,1.400000,0.000000,12,25,60,60,77,300,300,300,300,300,300,207,0,3,10.894098884059673,2.0757429999775923,301.82252899999185,57.0
1780667903,40,,Aggregated,16.100000,0.000000,280,490,950,1100,1600,1800,2300,2600,2600,2600,2600,2856,0,170,481.6424779324214,2.0757429999775923,4084.9286440000014,2752.2594537815125
1780667904,40,POST,/api/book,12.700000,0.000000,380,690,1100,1300,1700,1800,2600,2600,2600,2600,2600,2240,0,280,611.0519202406239,91.69946600002277,4084.9286440000014,3381.575
1780667904,40,GET,/api/concerts,1.700000,0.000000,3,14,41,66,86,100,140,140,140,140,140,424,0,3,17.851123082543953,2.2473559999980353,649.0978020000284,753.0
1780667904,40,GET,/health,1.400000,0.000000,16,38,60,60,77,300,300,300,300,300,300,208,0,3,11.024259129809293,2.0757429999775923,301.82252899999185,57.0
1780667904,40,,Aggregated,15.800000,0.000000,260,480,800,1100,1600,1800,2300,2600,2600,2600,2600,2872,0,170,480.0202727802908,2.0757429999775923,4084.9286440000014,2752.735376044568
1780667905,40,POST,/api/book,12.300000,0.000000,330,560,1100,1200,1600,1800,2600,2600,2600,2600,2600,2250,0,280,609.5453247768878,91.69946600002277,4084.9286440000014,3381.607111111111
1780667905,40,GET,/api/concerts,2.100000,0.000000,3,11,25,41,86,100,140,140,140,140,140,425,0,3,17.81559647293788,2.2473559999980353,649.0978020000284,753.0
1780667905,40,GET,/health,1.300000,0.000000,25,38,60,77,300,300,300,300,300,300,300,208,0,3,11.024259129809293,2.0757429999775923,301.82252899999185,57.0
1780667905,40,,Aggregated,15.700000,0.000000,240,400,660,1100,1500,1800,2300,2600,2600,2600,2600,2883,0,170,479.13342183419877,2.0757429999775923,4084.9286440000014,2754.2480055497745
1780667906,40,POST,/api/book,12.500000,0.000000,320,490,950,1100,1500,1700,2100,2600,2600,2600,2600,2259,0,280,608.3833803789277,91.69946600002277,4084.9286440000014,3381.590969455511
1780667906,40,GET,/api/concerts,2.400000,0.000000,3,11,14,25,86,100,140,140,140,140,140,426,0,3,17.803678176053243,2.2473559999980353,649.0978020000284,753.0
1780667906,40,GET,/health,1.200000,0.000000,25,38,60,77,300,300,300,300,300,300,300,208,0,3,11.024259129809293,2.0757429999775923,301.82252899999185,57.0
1780667906,40,,Aggregated,16.100000,0.000000,230,380,600,950,1400,1700,1900,2600,2600,2600,2600,2893,0,170,478.47060804631707,2.0757429999775923,4084.9286440000014,2755.4953335637747
1780667907,40,POST,/api/book,12.900000,0.000000,300,420,800,1100,1500,1800,2200,2400,3000,3000,3000,2270,0,280,610.1091763255496,91.69946600002277,4084.9286440000014,3381.5969162995593
1780667907,40,GET,/api/concerts,2.300000,0.000000,3,5,14,25,86,100,140,140,140,140,140,429,0,3,17.70311613286394,2.2473559999980353,649.0978020000284,753.0
1780667907,40,GET,/health,1.100000,0.000000,25,38,60,77,300,300,300,300,300,300,300,210,0,3,10.94444434285882,2.0757429999775923,301.82252899999185,57.0
1780667907,40,,Aggregated,16.300000,0.000000,190,330,490,740,1400,1700,2000,2400,3000,3000,3000,2909,0,170,479.49150924441227,2.0757429999775923,4084.9286440000014,2753.9470608456513
1780667908,40,POST,/api/book,12.400000,0.000000,310,560,1200,1400,2000,2500,2800,3000,3400,3400,3400,2286,0,280,616.8195021990366,91.69946600002277,4084.9286440000014,3381.6741032370956
1780667908,40,GET,/api/concerts,2.100000,0.000000,3,11,14,25,86,100,140,140,140,140,140,429,0,3,17.70311613286394,2.2473559999980353,649.0978020000284,753.0
1780667908,40,GET,/health,1.000000,0.000000,16,38,77,77,300,300,300,300,300,300,300,211,0,3,10.904085094788542,2.0757429999775923,301.82252899999185,57.0
1780667908,40,,Aggregated,15.500000,0.000000,200,340,690,1200,1800,2400,2800,3000,3400,3400,3400,2926,0,170,485.2852976086793,2.0757429999775923,4084.9286440000014,2756.5177717019824
1780667909,40,POST,/api/book,12.600000,0.000000,280,500,1100,1400,1900,2400,2800,3000,3400,3400,3400,2300,0,280,615.6404449708685,91.69946600002277,4084.9286440000014,3381.669565217391
1780667909,40,GET,/api/concerts,2.400000,0.000000,3,11,14,25,86,100,140,140,140,140,140,430,0,3,17.669691095345783,2.2473559999980353,649.0978020000284,753.0
1780667909,40,GET,/health,0.800000,0.000000,12,38,77,77,300,300,300,300,300,300,300,212,0,3,10.86533631132276,2.0757429999775923,301.82252899999185,57.0
1780667909,40,,Aggregated,15.800000,0.000000,200,350,660,1100,1700,2400,2800,3000,3400,3400,3400,2942,0,170,484.6616049972793,2.0757429999775923,4084.9286440000014,2757.890550645819
1780667910,40,POST,/api/book,12.100000,0.000000,250,380,660,1100,1800,2400,2800,3000,3400,3400,3400,2313,0,280,613.4516712019011,91.69946600002277,4084.9286440000014,3381.6255944660616
1780667910,40,GET,/api/concerts,2.200000,0.000000,3,11,14,21,41,100,140,140,140,140,140,432,0,3,17.644342747682156,2.2473559999980353,649.0978020000284,753.0
1780667910,40,GET,/health,1.000000,0.000000,3,3,12,12,38,38,38,38,38,38,38,213,0,3,10.82846263380456,2.0757429999775923,301.82252899999185,57.0
1780667910,40,,Aggregated,15.300000,0.000000,180,320,400,660,1700,2400,2800,3000,3400,3400,3400,2958,0,170,483.04345304191855,2.0757429999775923,4084.9286440000014,2758.3289384719405
1780667911,40,POST,/api/book,12.600000,0.000000,240,350,640,1100,2000,2500,2800,3000,3400,3400,3400,2323,0,280,611.7656551842431,91.69946600002277,4084.9286440000014,3381.6061127851917
1780667911,40,GET,/api/concerts,2.200000,0.000000,3,11,14,21,42,100,140,140,140,140,140,435,0,3,17.634488027583128,2.2473559999980353,649.0978020000284,753.0
1780667911,40,GET,/health,0.800000,0.000000,3,3,12,12,38,38,38,38,38,38,38,213,0,3,10.82846263380456,2.0757429999775923,301.82252899999185,57.0
1780667911,40,,Aggregated,15.600000,0.000000,160,290,380,640,1700,2400,2800,3000,3400,3400,3400,2971,0,170,481.6927236034986,2.0757429999775923,4084.9286440000014,2758.386738471895
1780667912,40,POST,/api/book,12.800000,0.000000,200,340,420,1000,1800,2400,2800,3000,3400,3400,3400,2337,0,270,611.3197201959765,91.69946600002277,4084.9286440000014,3381.632862644416
1780667912,40,GET,/api/concerts,2.100000,0.000000,3,3,5,13,25,42,42,42,42,42,42,436,0,3,17.599631777520052,2.2473559999980353,649.0978020000284,753.0
1780667912,40,GET,/health,0.800000,0.000000,3,3,38,38,54,54,54,54,54,54,54,214,0,3,11.029928289721651,2.0757429999775923,301.82252899999185,57.0
1780667912,40,,Aggregated,15.700000,0.000000,160,290,360,590,1700,2400,2800,3000,3400,3400,3400,2987,0,170,481.6498259815851,2.0757429999775923,4084.9286440000014,2759.7529293605626
1780667913,40,POST,/api/book,12.600000,0.000000,220,350,1000,1700,2300,2600,2800,3000,3400,3400,3400,2353,0,280,616.7524470684217,91.69946600002277,4084.9286440000014,3381.6663833404164
1780667913,40,GET,/api/concerts,2.300000,0.000000,3,5,21,21,42,50,50,50,50,50,50,439,0,3,17.674574528471158,2.2473559999980353,649.0978020000284,753.0
1780667913,40,GET,/health,0.700000,0.000000,3,3,38,38,54,54,54,54,54,54,54,215,0,3,10.991681516280858,2.0757429999775923,301.82252899999185,57.0
1780667913,40,,Aggregated,15.600000,0.000000,170,320,400,1300,2200,2500,2800,3000,3400,3400,3400,3007,0,170,485.9796666764197,2.0757429999775923,4084.9286440000014,2760.18722979714
1780667914,40,POST,/api/book,12.200000,0.000000,250,440,1300,1500,2300,2600,2800,3000,3400,3400,3400,2369,0,280,616.3504164111423,91.69946600002277,4084.9286440000014,3381.697762769101
1780667914,40,GET,/api/concerts,2.300000,0.000000,3,5,13,21,42,50,50,50,50,50,50,440,0,3,17.63997503636109,2.2473559999980353,649.0978020000284,753.0
1780667914,40,GET,/health,0.600000,0.000000,3,3,3,38,54,54,54,54,54,54,54,217,0,3,10.913414331799142,2.0757429999775923,301.82252899999185,57.0
1780667914,40,,Aggregated,15.100000,0.000000,170,380,640,1300,2100,2500,2800,3000,3400,3400,3400,3026,0,170,485.8770444163892,2.0757429999775923,4084.9286440000014,2761.047918043622
1780667915,40,POST,/api/book,12.300000,0.000000,210,420,1100,1500,2200,2600,2800,3000,3400,3400,3400,2382,0,270,613.8916855251872,91.69946600002277,4084.9286440000014,3381.6784214945424
1780667915,40,GET,/api/concerts,1.800000,0.000000,3,5,21,33,42,50,50,50,50,50,50,444,0,3,17.583680105853755,2.2473559999980353,649.0978020000284,753.0
1780667915,40,GET,/health,0.700000,0.000000,3,3,3,3,54,54,54,54,54,54,54,218,0,3,10.877373440369196,2.0757429999775923,301.82252899999185,57.0
1780667915,40,,Aggregated,14.800000,0.000000,160,330,490,1300,2100,2500,2800,3000,3400,3400,3400,3044,0,170,483.7281262476985,2.0757429999775923,4084.9286440000014,2760.156373193167
1780667916,40,POST,/api/book,12.700000,0.000000,240,440,1000,1400,2300,2600,2800,3000,3400,3400,3400,2389,0,270,612.7692284880687,91.69946600002277,4084.9286440000014,3381.658434491419
1780667916,40,GET,/api/concerts,1.600000,0.000000,3,5,13,21,36,42,50,50,50,50,50,448,0,3,17.451013299105004,2.2473559999980353,649.0978020000284,753.0
1780667916,40,GET,/health,0.700000,0.000000,3,3,3,3,3,54,54,54,54,54,54,221,0,3,10.765174950228104,2.0757429999775923,301.82252899999185,57.0
1780667916,40,,Aggregated,15.000000,0.000000,160,330,450,1000,2000,2500,2800,3000,3400,3400,3400,3058,0,170,482.04801977763066,2.0757429999775923,4084.9286440000014,2756.2861347285807
1780667917,40,POST,/api/book,13.000000,0.000000,240,440,670,1400,2100,2500,2800,2800,3400,3400,3400,2401,0,270,611.8829555206147,91.69946600002277,4084.9286440000014,3381.6788837984172
1780667917,40,GET,/api/concerts,1.600000,0.000000,3,5,36,42,49,50,83,83,83,83,83,453,0,3,17.663477209710788,2.2473559999980353,649.0978020000284,753.0
1780667917,40,GET,/health,1.000000,0.000000,3,3,3,3,3,54,54,54,54,54,54,221,0,3,10.765174950228104,2.0757429999775923,301.82252899999185,57.0
1780667917,40,,Aggregated,15.600000,0.000000,160,340,460,670,1800,2400,2700,2800,3400,3400,3400,3075,0,170,481.1419951365836,2.0757429999775923,4084.9286440000014,2755.4852032520325
1780667918,40,POST,/api/book,13.300000,0.000000,230,390,510,820,1500,2100,2400,2600,2700,2700,2700,2413,0,270,611.8844027662641,91.69946600002277,4084.9286440000014,3381.714877745545
1780667918,40,GET,/api/concerts,2.100000,0.000000,3,21,42,45,73,80,83,83,83,83,83,456,0,3,17.893276907892343,2.2473559999980353,649.0978020000284,753.0
1780667918,40,GET,/health,1.100000,0.000000,3,3,3,3,54,54,54,54,54,54,54,221,0,3,10.765174950228104,2.0757429999775923,301.82252899999185,57.0
1780667918,40,,Aggregated,16.500000,0.000000,150,270,400,490,1400,1800,2300,2600,2700,2700,2700,3090,0,170,481.2347902294478,2.0757429999775923,4084.9286440000014,2756.0009708737866
1780667919,40,POST,/api/book,12.800000,0.000000,240,420,590,1000,1600,1800,2400,2600,2700,2700,2700,2430,0,280,611.4677601522617,91.69946600002277,4084.9286440000014,3381.759670781893
1780667919,40,GET,/api/concerts,1.900000,0.000000,4,27,42,45,73,80,83,83,83,83,83,457,0,3,17.913057297590804,2.2473559999980353,649.0978020000284,753.0
1780667919,40,GET,/health,1.300000,0.000000,3,3,3,3,54,54,54,54,54,54,54,222,0,3,10.730265653155062,2.0757429999775923,301.82252899999185,57.0
1780667919,40,,Aggregated,16.000000,0.000000,160,300,440,540,1400,1700,2300,2600,2700,2700,2700,3109,0,170,481.32359064972474,2.0757429999775923,4084.9286440000014,2757.9449983917657
1780667920,40,POST,/api/book,13.100000,0.000000,290,440,620,960,1600,1800,2400,2600,2700,2700,2700,2443,0,280,609.9217728239853,91.69946600002277,4084.9286440000014,3381.753581661891
1780667920,40,GET,/api/concerts,2.600000,0.000000,5,27,36,45,73,80,83,83,83,83,83,463,0,3,17.855717766736394,2.2473559999980353,649.0978020000284,753.0
1780667920,40,GET,/health,1.100000,0.000000,3,3,27,27,35,54,54,54,54,54,54,224,0,3,10.909221674109506,2.0757429999775923,301.82252899999185,57.0
1780667920,40,,Aggregated,16.800000,0.000000,160,310,450,590,1400,1700,2300,2600,2700,2700,2700,3130,0,170,479.47276485303337,2.0757429999775923,4084.9286440000014,2754.961980830671
1780667921,40,POST,/api/book,12.600000,0.000000,270,440,620,840,1600,1800,2400,2600,2700,2700,2700,2453,0,270,608.4395914936795,91.69946600002277,4084.9286440000014,3381.730534039951
1780667921,40,GET,/api/concerts,2.700000,0.000000,5,27,35,36,50,80,83,83,83,83,83,466,0,3,17.816847499997746,2.2473559999980353,649.0978020000284,753.0
1780667921,40,GET,/health,1.000000,0.000000,3,3,27,27,35,54,54,54,54,54,54,224,0,3,10.909221674109506,2.0757429999775923,301.82252899999185,57.0
1780667921,40,,Aggregated,16.300000,0.000000,160,300,440,520,1400,1700,2300,2600,2700,2700,2700,3143,0,170,478.2846435011118,2.0757429999775923,4084.9286440000014,2755.0273623926187
1780667922,40,POST,/api/book,12.800000,0.000000,270,420,540,760,1400,1800,2400,2600,2700,2700,2700,2463,0,270,606.9406482338594,91.69946600002277,4084.9286440000014,3381.687779131141
1780667922,40,GET,/api/concerts,2.800000,0.000000,5,20,33,36,50,80,83,83,83,83,83,469,0,3,17.738792852876234,2.2473559999980353,649.0978020000284,753.0
1780667922,40,GET,/health,1.000000,0.000000,3,3,27,27,27,35,35,35,35,35,35,225,0,3,10.978933706668764,2.0757429999775923,301.82252899999185,57.0
1780667922,40,,Aggregated,16.600000,0.000000,160,300,420,510,1400,1700,2300,2600,2700,2700,2700,3157,0,170,476.93524565473376,2.0757429999775923,4084.9286440000014,2754.2220462464365
1780667923,40,POST,/api/book,13.000000,0.000000,240,350,490,590,1300,1400,1600,1600,1600,1600,1600,2473,0,270,606.7630104290319,91.69946600002277,4084.9286440000014,3381.6930853214717
1780667923,40,GET,/api/concerts,3.100000,0.000000,5,20,32,35,49,80,83,83,83,83,83,471,0,3,17.74032738853265,2.2473559999980353,649.0978020000284,753.0
1780667923,40,GET,/health,1.100000,0.000000,3,4,27,27,29,35,35,35,35,35,35,227,0,3,11.02788949339429,2.0757429999775923,301.82252899999185,57.0
1780667923,40,,Aggregated,17.200000,0.000000,150,270,350,450,840,1400,1400,1600,1600,1600,1600,3171,0,170,476.6269157697869,2.0757429999775923,4084.9286440000014,2753.241564175339
1780667924,40,POST,/api/book,12.600000,0.000000,240,350,470,660,1300,1400,1600,2200,2300,2300,2300,2484,0,270,607.6741306598212,91.69946600002277,4084.9286440000014,3381.6876006441225
1780667924,40,GET,/api/concerts,3.300000,0.000000,5,20,32,35,49,80,83,83,83,83,83,472,0,3,17.707990777540093,2.2473559999980353,649.0978020000284,753.0
1780667924,40,GET,/health,1.100000,0.000000,4,27,27,29,35,35,35,35,35,35,35,227,0,3,11.02788949339429,2.0757429999775923,301.82252899999185,57.0
1780667924,40,,Aggregated,17.000000,0.000000,160,270,350,450,820,1400,1600,2200,2300,2300,2300,3183,0,170,477.6387191709062,2.0757429999775923,4084.9286440000014,2754.780710021992
1780667925,40,POST,/api/book,12.900000,0.000000,300,470,790,960,2100,2300,2800,2900,3000,3000,3000,2500,0,280,614.4465589247984,91.69946600002277,4084.9286440000014,3381.692
1780667925,40,GET,/api/concerts,3.300000,0.000000,5,27,35,45,80,83,140,140,140,140,140,473,0,3,17.969173496826333,2.2473559999980353,649.0978020000284,753.0
1780667925,40,GET,/health,1.100000,0.000000,4,27,27,29,35,35,35,35,35,35,35,228,0,3,10.992999855265326,2.0757429999775923,301.82252899999185,57.0
1780667925,40,,Aggregated,17.300000,0.000000,190,330,510,760,1400,2300,2500,2900,3000,3000,3000,3201,0,170,483.3246549025287,2.0757429999775923,4084.9286440000014,2756.4495470165575
1780667926,40,POST,/api/book,11.900000,0.000000,300,510,790,1100,1600,2300,2800,2900,3000,3000,3000,2514,0,280,613.3614055902926,91.69946600002277,4084.9286440000014,3381.5807478122515
1780667926,40,GET,/api/concerts,3.200000,0.000000,11,27,35,49,80,83,140,140,140,140,140,473,0,3,17.969173496826333,2.2473559999980353,649.0978020000284,753.0
1780667926,40,GET,/health,1.200000,0.000000,4,27,27,29,35,35,35,35,35,35,35,228,0,3,10.992999855265326,2.0757429999775923,301.82252899999185,57.0
1780667926,40,,Aggregated,16.300000,0.000000,210,350,620,790,1400,2300,2500,2900,3000,3000,3000,3215,0,170,483.0470907262812,2.0757429999775923,4084.9286440000014,2759.0852255054433
1780667927,40,POST,/api/book,11.400000,0.000000,310,520,760,890,1600,2300,2800,2900,3000,3000,3000,2530,0,280,612.4394912624489,91.69946600002277,4084.9286440000014,3381.609881422925
1780667927,40,GET,/api/concerts,3.100000,0.000000,6,22,27,27,35,73,140,140,140,140,140,478,0,3,17.901729305436714,2.2473559999980353,649.0978020000284,753.0
1780667927,40,GET,/health,0.900000,0.000000,27,27,29,29,35,35,35,35,35,35,35,229,0,3,10.955184192142083,2.0757429999775923,301.82252899999185,57.0
1780667927,40,,Aggregated,15.400000,0.000000,230,370,610,760,1400,2300,2500,2900,3000,3000,3000,3237,0,170,482.0938142360192,2.0757429999775923,4084.9286440000014,2758.251467408094
1780667928,40,POST,/api/book,12.000000,0.000000,310,540,760,900,1800,2300,2800,2900,3000,3000,3000,2540,0,280,612.7148438043291,91.69946600002277,4084.9286440000014,3381.6082677165355
1780667928,40,GET,/api/concerts,2.700000,0.000000,6,18,25,27,32,35,140,140,140,140,140,480,0,3,17.85907358541389,2.2473559999980353,649.0978020000284,753.0
1780667928,40,GET,/health,0.900000,0.000000,27,27,29,29,35,35,35,35,35,35,35,229,0,3,10.955184192142083,2.0757429999775923,301.82252899999185,57.0
1780667928,40,,Aggregated,15.600000,0.000000,200,370,620,760,1500,2300,2500,2900,3000,3000,3000,3249,0,170,482.41821968728675,2.0757429999775923,4084.9286440000014,2758.9344413665744
1780667929,40,POST,/api/book,12.800000,0.000000,300,620,800,1100,1800,2300,2800,2900,3000,3000,3000,2554,0,280,613.5113179604525,91.69946600002277,4084.9286440000014,3381.5892717306187
1780667929,40,GET,/api/concerts,2.500000,0.000000,6,18,25,27,32,35,140,140,140,140,140,482,0,3,17.84658498547435,2.2473559999980353,649.0978020000284,753.0
1780667929,40,GET,/health,0.700000,0.000000,27,27,29,29,35,35,35,35,35,35,35,229,0,3,10.955184192142083,2.0757429999775923,301.82252899999185,57.0
1780667929,40,,Aggregated,16.000000,0.000000,200,400,700,800,1600,2300,2500,2900,3000,3000,3000,3265,0,170,483.3135366658482,2.0757429999775923,4084.9286440000014,2760.3607963246554
1780667930,40,POST,/api/book,13.000000,0.000000,300,610,860,1100,1800,2300,2800,2900,3000,3000,3000,2569,0,280,611.8101476710766,91.69946600002277,4084.9286440000014,3381.5772674192294
1780667930,40,GET,/api/concerts,2.300000,0.000000,3,6,22,25,32,44,140,140,140,140,140,488,0,3,17.745569471308308,2.23074399991674,649.0978020000284,753.0
1780667930,40,GET,/health,0.800000,0.000000,27,27,29,29,35,35,35,35,35,35,35,229,0,3,10.955184192142083,2.0757429999775923,301.82252899999185,57.0
1780667930,40,,Aggregated,16.100000,0.000000,180,400,690,860,1600,2300,2500,2900,3000,3000,3000,3286,0,170,481.7129776168577,2.0757429999775923,4084.9286440000014,2759.521911138162
1780667931,40,POST,/api/book,12.200000,0.000000,320,620,860,1100,1800,2300,2800,2900,3000,3000,3000,2577,0,280,610.7548139778796,91.69946600002277,4084.9286440000014,3381.5564610011643
1780667931,40,GET,/api/concerts,2.400000,0.000000,3,6,22,25,32,44,140,140,140,140,140,490,0,3,17.683785914282772,2.23074399991674,649.0978020000284,753.0
1780667931,40,GET,/health,0.800000,0.000000,3,4,27,27,29,29,29,29,29,29,29,231,0,3,10.885188086582202,2.0757429999775923,301.82252899999185,57.0
1780667931,40,,Aggregated,15.400000,0.000000,200,450,690,860,1600,2300,2500,2900,3000,3000,3000,3298,0,170,480.6230106631275,2.0757429999775923,4084.9286440000014,2758.1588841722255
1780667932,40,POST,/api/book,12.400000,0.000000,320,620,890,1100,2100,2300,2800,2900,3000,3000,3000,2585,0,280,610.2456832495149,91.69946600002277,4084.9286440000014,3381.5388781431334
1780667932,40,GET,/api/concerts,2.500000,0.000000,3,6,22,25,32,44,140,140,140,140,140,492,0,3,17.622979310972614,2.23074399991674,649.0978020000284,753.0
1780667932,40,GET,/health,0.700000,0.000000,3,3,4,4,29,29,29,29,29,29,29,231,0,3,10.885188086582202,2.0757429999775923,301.82252899999185,57.0
1780667932,40,,Aggregated,15.600000,0.000000,230,500,690,890,1800,2300,2800,2900,3000,3000,3000,3308,0,170,480.25092970646756,2.0757429999775923,4084.9286440000014,2758.4404474002417
1780667933,40,POST,/api/book,12.400000,0.000000,320,700,1100,1500,2200,2400,2800,2900,3000,3000,3000,2601,0,280,614.0641872375991,91.69946600002277,4084.9286440000014,3381.550557477893
1780667933,40,GET,/api/concerts,2.400000,0.000000,3,13,25,27,230,500,530,530,530,530,530,497,0,3,19.99682889536951,2.23074399991674,649.0978020000284,753.0
1780667933,40,GET,/health,0.500000,0.000000,3,3,4,7,29,29,29,29,29,29,29,235,0,3,10.763735225534578,2.0757429999775923,301.82252899999185,57.0
1780667933,40,,Aggregated,15.300000,0.000000,230,520,790,1100,2100,2400,2600,2900,3000,3000,3000,3333,0,170,482.94295011821015,2.0757429999775923,4084.9286440000014,2755.190219021902
1780667934,40,POST,/api/book,12.300000,0.000000,300,620,1100,1500,2100,2500,2800,2900,3000,3000,3000,2613,0,280,613.9569284986587,91.69946600002277,4084.9286440000014,3381.603520857252
1780667934,40,GET,/api/concerts,2.200000,0.000000,3,6,25,27,230,500,530,530,530,530,530,499,0,3,19.92659099198135,2.23074399991674,649.0978020000284,753.0
1780667934,40,GET,/health,0.700000,0.000000,3,3,3,3,7,7,7,7,7,7,7,235,0,3,10.763735225534578,2.0757429999775923,301.82252899999185,57.0
1780667934,40,,Aggregated,15.200000,0.000000,200,500,690,1100,1800,2400,2600,2900,3000,3000,3000,3347,0,170,483.0422171646233,2.0757429999775923,4084.9286440000014,2756.2808485210635
1780667935,40,POST,/api/book,12.100000,0.000000,250,520,690,1100,1600,2000,2500,2600,2600,2600,2600,2625,0,280,612.2457475657125,91.69946600002277,4084.9286440000014,3381.6022857142857
1780667935,40,GET,/api/concerts,2.400000,0.000000,3,6,22,25,140,500,530,530,530,530,530,503,0,3,19.821928809142626,2.23074399991674,649.0978020000284,753.0
1780667935,40,GET,/health,0.600000,0.000000,3,3,3,7,28,28,28,28,28,28,28,237,0,3,10.801765915614244,2.0757429999775923,301.82252899999185,57.0
1780667935,40,,Aggregated,15.100000,0.000000,180,320,530,670,1500,1800,2400,2600,2600,2600,2600,3365,0,170,481.3300255788987,2.0757429999775923,4084.9286440000014,2754.524219910847
1780667936,40,POST,/api/book,12.800000,0.000000,230,410,660,1100,1700,2000,2500,2600,2600,2600,2600,2633,0,280,611.363560022406,91.69946600002277,4084.9286440000014,3381.63463729586
1780667936,40,GET,/api/concerts,2.600000,0.000000,3,4,18,25,56,500,530,530,530,530,530,506,0,3,19.826055610669638,2.23074399991674,649.0978020000284,753.0
1780667936,40,GET,/health,0.800000,0.000000,3,3,3,7,28,28,28,28,28,28,28,237,0,3,10.801765915614244,2.0757429999775923,301.82252899999185,57.0
1780667936,40,,Aggregated,16.200000,0.000000,160,250,500,590,1500,1800,2400,2600,2600,2600,2600,3376,0,170,480.54272991705994,2.0757429999775923,4084.9286440000014,2754.2568127962086
1780667937,40,POST,/api/book,13.000000,0.000000,250,370,900,1300,1800,2000,2500,2600,2600,2600,2600,2645,0,280,611.5205834956504,91.69946600002277,4084.9286440000014,3381.655198487713
1780667937,40,GET,/api/concerts,2.800000,0.000000,3,13,27,37,56,500,530,530,530,530,530,510,0,3,19.867310384311434,2.23074399991674,649.0978020000284,753.0
1780667937,40,GET,/health,0.800000,0.000000,3,3,3,7,28,28,28,28,28,28,28,237,0,3,10.801765915614244,2.0757429999775923,301.82252899999185,57.0
1780667937,40,,Aggregated,16.600000,0.000000,170,300,500,590,1600,1900,2400,2600,2600,2600,2600,3392,0,170,480.59088743042287,2.0757429999775923,4084.9286440000014,2754.1323702830186
1780667938,40,POST,/api/book,12.400000,0.000000,300,460,1100,1500,2000,2200,2500,2600,2600,2600,2600,2662,0,280,615.9044595969178,91.69946600002277,4084.9286440000014,3381.6487603305786
1780667938,40,GET,/api/concerts,3.100000,0.000000,3,13,27,37,56,500,530,530,530,530,530,511,0,3,19.853588643833312,2.23074399991674,649.0978020000284,753.0
1780667938,40,GET,/health,0.900000,0.000000,3,3,3,7,28,28,28,28,28,28,28,237,0,3,10.801765915614244,2.0757429999775923,301.82252899999185,57.0
1780667938,40,,Aggregated,16.400000,0.000000,180,320,520,1100,1900,2200,2400,2600,2600,2600,2600,3410,0,170,484.52870198416264,2.0757429999775923,4084.9286440000014,2756.6689149560116
1780667939,40,POST,/api/book,12.000000,0.000000,300,410,590,1500,2000,2300,2500,2600,2600,2600,2600,2677,0,280,614.0317437351496,91.69946600002277,4084.9286440000014,3381.6873365707884
1780667939,40,GET,/api/concerts,3.300000,0.000000,3,6,18,24,56,500,530,530,530,530,530,514,0,3,19.769887947468344,2.23074399991674,649.0978020000284,753.0
1780667939,40,GET,/health,0.900000,0.000000,3,3,7,7,28,33,33,33,33,33,33,241,0,3,10.81170568464983,2.0757429999775923,301.82252899999185,57.0
1780667939,40,,Aggregated,16.200000,0.000000,170,310,440,530,1800,2100,2400,2600,2600,2600,2600,3432,0,170,482.67200508566276,2.0757429999775923,4084.9286440000014,2754.532634032634
1780667940,40,POST,/api/book,11.900000,0.000000,300,380,780,1500,2000,2300,2500,2600,2600,2600,2600,2683,0,280,613.4600571714482,91.69946600002277,4084.9286440000014,3381.7275437942603
1780667940,40,GET,/api/concerts,3.200000,0.000000,3,13,37,37,230,500,530,530,530,530,530,516,0,3,19.885491835268777,2.23074399991674,649.0978020000284,753.0
1780667940,40,GET,/health,0.800000,0.000000,3,3,7,7,28,33,33,33,33,33,33,241,0,3,10.81170568464983,2.0757429999775923,301.82252899999185,57.0
1780667940,40,,Aggregated,15.900000,0.000000,180,320,440,530,1900,2200,2400,2600,2600,2600,2600,3440,0,170,482.2034500720914,2.0757429999775923,4084.9286440000014,2754.4941860465115
1780667941,40,POST,/api/book,12.400000,0.000000,300,440,1100,1500,2000,2300,2500,2600,2600,2600,2600,2691,0,280,613.591995261611,91.69946600002277,4084.9286440000014,3381.738387216648
1780667941,40,GET,/api/concerts,3.200000,0.000000,4,13,37,37,230,500,530,530,530,530,530,518,0,3,19.82425765443765,2.23074399991674,649.0978020000284,753.0
1780667941,40,GET,/health,0.800000,0.000000,3,3,7,7,28,33,33,33,33,33,33,241,0,3,10.81170568464983,2.0757429999775923,301.82252899999185,57.0
1780667941,40,,Aggregated,16.400000,0.000000,180,330,460,780,1900,2200,2400,2600,2600,2600,2600,3450,0,170,482.3335205170998,2.0757429999775923,4084.9286440000014,2754.796811594203
1780667942,40,POST,/api/book,12.000000,0.000000,320,460,1500,1700,2100,2200,2500,2600,2600,2600,2600,2710,0,280,615.6177777129134,91.69946600002277,4084.9286440000014,3381.6557195571954
1780667942,40,GET,/api/concerts,3.100000,0.000000,5,13,24,37,110,500,530,530,530,530,530,522,0,3,19.92188603831187,2.23074399991674,649.0978020000284,753.0
1780667942,40,GET,/health,1.200000,0.000000,3,7,28,28,33,140,140,140,140,140,140,242,0,3,11.36567088843236,2.0757429999775923,301.82252899999185,57.0
1780667942,40,,Aggregated,16.300000,0.000000,200,370,520,1300,2000,2200,2400,2600,2600,2600,2600,3474,0,170,484.0166650745522,2.0757429999775923,4084.9286440000014,2755.07973517559
1780667943,40,POST,/api/book,11.300000,0.000000,300,420,780,1300,1900,2200,2200,2300,2400,2400,2400,2723,0,280,614.9736125394769,91.69946600002277,4084.9286440000014,3381.6224752111643
1780667943,40,GET,/api/concerts,2.900000,0.000000,6,11,24,31,56,97,110,110,110,110,110,525,0,3,19.891622758093174,2.23074399991674,649.0978020000284,753.0
1780667943,40,GET,/health,1.200000,0.000000,3,7,28,28,33,140,140,140,140,140,140,242,0,3,11.36567088843236,2.0757429999775923,301.82252899999185,57.0
1780667943,40,,Aggregated,15.400000,0.000000,180,330,440,710,1700,2100,2200,2300,2400,2400,2400,3490,0,170,483.60078545787815,2.0757429999775923,4084.9286440000014,2755.6667621776505
1780667944,40,POST,/api/book,11.600000,0.000000,300,420,710,1300,1900,2200,2200,2300,2400,2400,2400,2735,0,280,613.23118389945,91.69946600002277,4084.9286440000014,3381.6833638025596
1780667944,40,GET,/api/concerts,2.900000,0.000000,6,11,24,31,56,97,110,110,110,110,110,528,0,3,19.79572579734661,2.23074399991674,649.0978020000284,753.0
1780667944,40,GET,/health,1.000000,0.000000,3,6,28,33,140,140,140,140,140,140,140,244,0,3,11.295163618855241,2.0757429999775923,301.82252899999185,57.0
1780667944,40,,Aggregated,15.500000,0.000000,170,320,430,590,1700,2100,2200,2300,2400,2400,2400,3507,0,170,482.0061166549744,2.0757429999775923,4084.9286440000014,2754.6039349871685
1780667945,40,POST,/api/book,12.500000,0.000000,310,440,780,1300,1900,2200,2200,2300,2400,2400,2400,2745,0,280,612.3633723996342,91.69946600002277,4084.9286440000014,3381.6845173041893
1780667945,40,GET,/api/concerts,3.000000,0.000000,6,16,22,31,56,97,110,110,110,110,110,533,0,3,19.729450861161407,2.23074399991674,649.0978020000284,753.0
1780667945,40,GET,/health,1.100000,0.000000,3,6,28,28,33,140,140,140,140,140,140,246,0,3,11.229092300815976,2.0757429999775923,301.82252899999185,57.0
1780667945,40,,Aggregated,16.600000,0.000000,170,370,460,710,1700,2100,2200,2300,2400,2400,2400,3524,0,170,480.76492941316553,2.0757429999775923,4084.9286440000014,2752.0133371169127
1780667946,40,POST,/api/book,12.300000,0.000000,300,460,830,1300,1900,2200,2200,2300,2400,2400,2400,2757,0,280,612.0013707696756,91.69946600002277,4084.9286440000014,3381.73413130214
1780667946,40,GET,/api/concerts,2.900000,0.000000,8,16,24,25,37,97,110,110,110,110,110,534,0,3,19.73890267415546,2.23074399991674,649.0978020000284,753.0
1780667946,40,GET,/health,0.800000,0.000000,3,4,6,28,33,140,140,140,140,140,140,248,0,3,11.16271614113216,2.0757429999775923,301.82252899999185,57.0
1780667946,40,,Aggregated,16.000000,0.000000,170,370,460,780,1700,2100,2200,2300,2400,2400,2400,3539,0,170,480.5302929762632,2.0757429999775923,4084.9286440000014,2752.09918055948
1780667947,40,POST,/api/book,12.000000,0.000000,260,460,800,900,1600,2100,2200,2300,2400,2400,2400,2768,0,280,611.2377640686401,91.69946600002277,4084.9286440000014,3381.713511560694
1780667947,40,GET,/api/concerts,2.900000,0.000000,6,11,19,20,31,97,110,110,110,110,110,541,0,3,19.612032402955474,2.23074399991674,649.0978020000284,753.0
1780667947,40,GET,/health,0.900000,0.000000,3,3,6,6,33,140,140,140,140,140,140,249,0,3,11.128634293175494,2.0757429999775923,301.82252899999185,57.0
1780667947,40,,Aggregated,15.800000,0.000000,160,300,460,650,1300,1900,2200,2300,2400,2400,2400,3558,0,170,479.28253805817747,2.0757429999775923,4084.9286440000014,2749.339235525576
1780667948,40,POST,/api/book,11.900000,0.000000,240,440,600,830,1300,1700,2200,2200,2200,2200,2200,2779,0,280,610.4973672979473,91.69946600002277,4084.9286440000014,3381.7308384310904
1780667948,40,GET,/api/concerts,2.900000,0.000000,4,9,19,22,36,97,110,110,110,110,110,545,0,3,19.607445900915675,2.23074399991674,649.0978020000284,753.0
1780667948,40,GET,/health,0.900000,0.000000,3,3,4,6,33,140,140,140,140,140,140,251,0,3,11.060979266935112,2.0757429999775923,301.82252899999185,57.0
1780667948,40,,Aggregated,15.700000,0.000000,160,260,420,500,1000,1600,2100,2200,2200,2200,2200,3575,0,170,478.33134196727144,2.0757429999775923,4084.9286440000014,2747.5586013986012
1780667949,40,POST,/api/book,12.100000,0.000000,210,470,780,890,1300,1700,2200,2200,2200,2200,2200,2786,0,280,610.4101679457988,91.69946600002277,4084.9286440000014,3381.7849964106244
1780667949,40,GET,/api/concerts,3.000000,0.000000,5,13,20,25,49,97,110,110,110,110,110,548,0,3,19.61845031386696,2.23074399991674,649.0978020000284,753.0
1780667949,40,GET,/health,1.100000,0.000000,3,3,4,6,33,140,140,140,140,140,140,251,0,3,11.060979266935112,2.0757429999775923,301.82252899999185,57.0
1780667949,40,,Aggregated,16.200000,0.000000,160,250,460,650,1200,1600,2100,2200,2200,2200,2200,3585,0,170,478.1394545230112,2.0757429999775923,4084.9286440000014,2747.1698744769874
1780667950,40,POST,/api/book,11.600000,0.000000,260,480,830,920,1600,1700,2200,2200,2200,2200,2200,2802,0,280,610.9794317444665,91.69946600002277,4084.9286440000014,3381.759100642398
1780667950,40,GET,/api/concerts,3.100000,0.000000,5,13,20,25,49,66,110,110,110,110,110,551,0,3,19.64065375680428,2.23074399991674,649.0978020000284,753.0
1780667950,40,GET,/health,1.200000,0.000000,3,4,4,12,38,140,140,140,140,140,140,254,0,3,11.14491116142022,2.0757429999775923,301.82252899999185,57.0
1780667950,40,,Aggregated,15.900000,0.000000,160,270,470,780,1300,1700,2100,2200,2200,2200,2200,3607,0,170,478.40786675990984,2.0757429999775923,4084.9286440000014,2746.0687551982255
1780667951,40,POST,/api/book,11.400000,0.000000,270,490,840,1000,1300,1700,2100,2200,2200,2200,2200,2813,0,280,610.8933262200479,91.69946600002277,4084.9286440000014,3381.7490223960185
1780667951,40,GET,/api/concerts,3.300000,0.000000,4,13,20,25,49,66,110,110,110,110,110,552,0,3,19.623101070650623,2.23074399991674,649.0978020000284,753.0
1780667951,40,GET,/health,1.400000,0.000000,3,4,5,12,38,140,140,140,140,140,140,255,0,3,11.11888538431681,2.0757429999775923,301.82252899999185,57.0
1780667951,40,,Aggregated,16.100000,0.000000,160,300,480,780,1300,1600,1800,2200,2200,2200,2200,3620,0,170,478.4834790665732,2.0757429999775923,4084.9286440000014,2746.699171270718
1780667952,40,POST,/api/book,11.200000,0.000000,210,490,850,890,1200,1500,1600,1700,1800,1800,1800,2825,0,280,610.2833802573432,91.69946600002277,4084.9286440000014,3381.7447787610618
1780667952,40,GET,/api/concerts,3.400000,0.000000,4,10,19,20,36,65,66,66,66,66,66,554,0,3,19.562099999998516,2.23074399991674,649.0978020000284,753.0
1780667952,40,GET,/health,1.000000,0.000000,3,4,5,5,28,38,38,38,38,38,38,258,0,3,11.118369476747162,2.0757429999775923,301.82252899999185,57.0
1780667952,40,,Aggregated,15.600000,0.000000,160,250,480,800,1100,1300,1600,1700,1800,1800,1800,3637,0,170,477.79942038823043,2.0757429999775923,4084.9286440000014,2745.476216662084
1780667953,40,POST,/api/book,12.000000,0.000000,300,580,850,900,1200,1300,1600,1700,1800,1800,1800,2837,0,280,610.0890585703189,91.69946600002277,4084.9286440000014,3381.752203031371
1780667953,40,GET,/api/concerts,3.400000,0.000000,4,13,20,22,36,65,66,66,66,66,66,557,0,3,19.542565448831706,2.23074399991674,649.0978020000284,753.0
1780667953,40,GET,/health,1.400000,0.000000,3,4,5,12,28,38,38,38,38,38,38,261,0,3,11.070545973182698,2.0757429999775923,301.82252899999185,57.0
1780667953,40,,Aggregated,16.800000,0.000000,160,300,500,780,1100,1300,1500,1700,1800,1800,1800,3655,0,170,477.31799743310376,2.0757429999775923,4084.9286440000014,2743.7288645690833
1780667954,40,POST,/api/book,12.300000,0.000000,260,580,850,900,1200,1300,1600,1700,1800,1800,1800,2844,0,280,608.9585946919811,91.69946600002277,4084.9286440000014,3381.7893811533054
1780667954,40,GET,/api/concerts,3.300000,0.000000,4,13,22,25,49,65,66,66,66,66,66,557,0,3,19.542565448831706,2.23074399991674,649.0978020000284,753.0
1780667954,40,GET,/health,1.400000,0.000000,3,4,12,15,38,64,64,64,64,64,64,263,0,3,11.238266958177748,2.0757429999775923,301.82252899999185,57.0
1780667954,40,,Aggregated,17.000000,0.000000,160,300,500,780,1100,1300,1500,1700,1800,1800,1800,3664,0,170,476.45172392712715,2.0757429999775923,4084.9286440000014,2743.510098253275
1780667955,40,POST,/api/book,11.300000,0.000000,240,580,860,920,1300,1600,2600,2700,3000,3000,3000,2857,0,280,609.7757685432254,91.69946600002277,4084.9286440000014,3381.8221911095557
1780667955,40,GET,/api/concerts,3.100000,0.000000,4,13,25,36,65,66,180,180,180,180,180,559,0,3,19.808774518782037,2.23074399991674,649.0978020000284,753.0
1780667955,40,GET,/health,1.700000,0.000000,3,5,12,15,38,64,64,64,64,64,64,263,0,3,11.238266958177748,2.0757429999775923,301.82252899999185,57.0
1780667955,40,,Aggregated,16.100000,0.000000,160,260,500,830,1200,1500,1800,2700,3000,3000,3000,3679,0,170,477.346599590648,2.0757429999775923,4084.9286440000014,2744.70888828486
1780667956,40,POST,/api/book,11.200000,0.000000,330,830,1100,1200,2300,2800,3300,3400,3600,3600,3600,2879,0,280,617.9651610979486,91.69946600002277,4084.9286440000014,3381.91281695033
1780667956,40,GET,/api/concerts,3.100000,0.000000,3,10,36,36,65,66,180,180,180,180,180,560,0,3,19.778797023212753,2.23074399991674,649.0978020000284,753.0
1780667956,40,GET,/health,1.800000,0.000000,3,5,15,15,38,64,64,64,64,64,64,264,0,3,11.20549646591186,2.0757429999775923,301.82252899999185,57.0
1780667956,40,,Aggregated,16.100000,0.000000,170,420,850,1100,1800,2700,3200,3400,3600,3600,3600,3703,0,170,484.244146962191,2.0757429999775923,4084.9286440000014,2747.3008371590604
1780667957,40,POST,/api/book,11.100000,0.000000,340,680,960,1200,2300,2700,3300,3400,3600,3600,3600,2893,0,280,616.9333572035928,91.69946600002277,4084.9286440000014,3381.909090909091
1780667957,40,GET,/api/concerts,2.800000,0.000000,3,9,13,36,65,66,180,180,180,180,180,562,0,3,19.717477213521555,2.23074399991674,649.0978020000284,753.0
1780667957,40,GET,/health,1.900000,0.000000,3,5,15,15,38,64,64,64,64,64,64,265,0,3,11.175918135851813,2.0757429999775923,301.82252899999185,57.0
1780667957,40,,Aggregated,15.800000,0.000000,180,460,830,920,1700,2600,3200,3400,3600,3600,3600,3720,0,170,483.5567319596756,2.0757429999775923,4084.9286440000014,2747.8908602150536
1780667958,40,POST,/api/book,11.300000,0.000000,300,670,960,1200,2300,2700,3300,3400,3600,3600,3600,2905,0,280,615.4766442850237,91.69946600002277,4084.9286440000014,3381.905335628227
1780667958,40,GET,/api/concerts,2.600000,0.000000,3,13,45,49,65,180,180,180,180,180,180,564,0,3,19.83174894148789,2.23074399991674,649.0978020000284,753.0
1780667958,40,GET,/health,1.700000,0.000000,3,5,12,15,38,64,64,64,64,64,64,266,0,3,11.143287939852781,2.0757429999775923,301.82252899999185,57.0
1780667958,40,,Aggregated,15.600000,0.000000,170,360,830,960,1800,2700,3200,3400,3600,3600,3600,3735,0,170,482.4923353796501,2.0757429999775923,4084.9286440000014,2748.1362784471216
1780667959,40,POST,/api/book,12.000000,0.000000,280,670,1100,1200,2300,2700,3300,3400,3600,3600,3600,2914,0,280,615.3069928153718,91.69946600002277,4084.9286440000014,3381.856897735072
1780667959,40,GET,/api/concerts,2.500000,0.000000,3,36,40,45,65,180,180,180,180,180,180,565,0,3,19.86828017167996,2.23074399991674,649.0978020000284,753.0
1780667959,40,GET,/health,1.700000,0.000000,4,12,19,19,38,64,64,64,64,64,64,267,0,3,11.172925771538733,2.0757429999775923,301.82252899999185,57.0
1780667959,40,,Aggregated,16.200000,0.000000,160,340,830,1100,1800,2700,3200,3400,3600,3600,3600,3746,0,170,482.43815444260355,2.0757429999775923,4084.9286440000014,2748.3702616123865
1780667960,40,POST,/api/book,12.700000,0.000000,240,620,960,1200,2300,2700,3300,3400,3600,3600,3600,2930,0,280,615.6359809856634,91.69946600002277,4084.9286440000014,3381.863481228669
1780667960,40,GET,/api/concerts,2.100000,0.000000,9,36,40,45,78,180,180,180,180,180,180,568,0,3,19.922670441900042,2.23074399991674,649.0978020000284,753.0
1780667960,40,GET,/health,1.600000,0.000000,4,12,15,19,38,64,64,64,64,64,64,269,0,3,11.145495977698111,2.0757429999775923,301.82252899999185,57.0
1780667960,40,,Aggregated,16.400000,0.000000,160,330,680,960,1900,2700,3200,3400,3600,3600,3600,3767,0,170,482.6460418149703,2.0757429999775923,4084.9286440000014,2748.048048845235
1780667961,40,POST,/api/book,12.900000,0.000000,280,680,1200,1500,2300,2700,3300,3400,3600,3600,3600,2940,0,280,617.6619629248278,91.69946600002277,4084.9286440000014,3381.848299319728
1780667961,40,GET,/api/concerts,1.900000,0.000000,3,36,40,45,78,180,180,180,180,180,180,569,0,3,19.892894295253633,2.23074399991674,649.0978020000284,753.0
1780667961,40,GET,/health,1.600000,0.000000,3,3,13,15,28,64,64,64,64,64,64,273,0,3,11.043097432237714,2.0757429999775923,301.82252899999185,57.0
1780667961,40,,Aggregated,16.400000,0.000000,160,340,830,1200,1900,2700,3200,3400,3600,3600,3600,3782,0,170,483.9397127054451,2.0757429999775923,4084.9286440000014,2746.3384452670543
1780667962,40,POST,/api/book,12.700000,0.000000,270,650,1100,1500,2100,2700,3300,3400,3600,3600,3600,2957,0,280,616.0835656307046,91.69946600002277,4084.9286440000014,3381.8251606357794
1780667962,40,GET,/api/concerts,1.700000,0.000000,3,36,40,45,78,180,180,180,180,180,180,571,0,3,19.833507145357625,2.23074399991674,649.0978020000284,753.0
1780667962,40,GET,/health,1.600000,0.000000,3,9,15,15,64,72,72,72,72,72,72,275,0,3,11.232049090912245,2.0757429999775923,301.82252899999185,57.0
1780667962,40,,Aggregated,16.000000,0.000000,170,340,740,1100,1900,2600,3200,3400,3600,3600,3600,3803,0,170,482.8222060610027,2.0757429999775923,4084.9286440000014,2746.6986589534577
1780667963,40,POST,/api/book,13.000000,0.000000,210,480,960,1500,2300,2700,3300,3400,3600,3600,3600,2968,0,280,614.4844538952136,91.69946600002277,4084.9286440000014,3381.81704851752
1780667963,40,GET,/api/concerts,1.700000,0.000000,3,10,40,45,78,180,180,180,180,180,180,573,0,3,19.785512956368557,2.23074399991674,649.0978020000284,753.0
1780667963,40,GET,/health,1.500000,0.000000,3,9,13,19,64,72,72,72,72,72,72,278,0,3,11.202651669067631,2.0757429999775923,301.82252899999185,57.0
1780667963,40,,Aggregated,16.200000,0.000000,160,280,650,960,1900,2600,3200,3400,3600,3600,3600,3819,0,170,481.3410042547771,2.0757429999775923,4084.9286440000014,2745.3647551715108
1780667964,40,POST,/api/book,12.500000,0.000000,250,610,1100,1500,2300,2700,3300,3400,3600,3600,3600,2975,0,280,614.0692577132753,91.69946600002277,4084.9286440000014,3381.841680672269
1780667964,40,GET,/api/concerts,1.700000,0.000000,8,15,40,45,73,78,180,180,180,180,180,579,0,3,19.79199589809838,2.23074399991674,649.0978020000284,753.0
1780667964,40,GET,/health,1.900000,0.000000,3,9,19,19,64,72,72,72,72,72,72,280,0,3,11.200679210717672,2.0757429999775923,301.82252899999185,57.0
1780667964,40,,Aggregated,16.100000,0.000000,160,290,680,960,1900,2600,3200,3400,3600,3600,3600,3834,0,170,480.29520018283614,2.0757429999775923,4084.9286440000014,2742.0255607720396
1780667965,40,POST,/api/book,13.200000,0.000000,280,690,1200,1500,2000,2300,2800,3200,3300,3300,3300,2992,0,280,615.9833783589553,91.69946600002277,4084.9286440000014,3381.851270053476
1780667965,40,GET,/api/concerts,1.700000,0.000000,3,15,40,45,73,78,280,280,280,280,280,582,0,3,20.185608689001683,2.23074399991674,649.0978020000284,753.0
1780667965,40,GET,/health,1.600000,0.000000,3,4,13,19,20,72,72,72,72,72,72,281,0,3,11.176404846978269,2.0757429999775923,301.82252899999185,57.0
1780667965,40,,Aggregated,16.500000,0.000000,160,300,730,1100,1800,2100,2700,3200,3300,3300,3300,3855,0,170,481.9483429491554,2.0757429999775923,4084.9286440000014,2742.6101167315173
1780667966,40,POST,/api/book,12.900000,0.000000,230,320,740,1100,1600,1900,2100,2100,2100,2100,2100,3004,0,280,614.6260659194388,91.69946600002277,4084.9286440000014,3381.898468708389
1780667966,40,GET,/api/concerts,1.700000,0.000000,3,10,40,45,73,78,280,280,280,280,280,585,0,3,20.09715833845975,2.23074399991674,649.0978020000284,753.0
1780667966,40,GET,/health,1.700000,0.000000,3,4,13,19,20,72,72,72,72,72,72,282,0,3,11.145506843975072,2.0757429999775923,301.82252899999185,57.0
1780667966,40,,Aggregated,16.300000,0.000000,160,280,330,690,1500,1800,2100,2100,2100,2100,2100,3871,0,170,480.81544112115574,2.0757429999775923,4084.9286440000014,2742.3926633944716
1780667967,40,POST,/api/book,12.900000,0.000000,230,320,730,1100,1700,1900,2100,2100,2100,2100,2100,3015,0,280,613.252309691872,91.69946600002277,4084.9286440000014,3381.934991708126
1780667967,40,GET,/api/concerts,2.200000,0.000000,3,15,40,45,73,78,280,280,280,280,280,585,0,3,20.09715833845975,2.23074399991674,649.0978020000284,753.0
1780667967,40,GET,/health,1.700000,0.000000,3,4,13,19,20,72,72,72,72,72,72,284,0,3,11.091595683101724,2.0757429999775923,301.82252899999185,57.0
1780667967,40,,Aggregated,16.800000,0.000000,160,280,320,400,1500,1800,2100,2100,2100,2100,2100,3884,0,170,479.8822256753331,2.0757429999775923,4084.9286440000014,2742.8493820803296
1780667968,40,POST,/api/book,13.300000,0.000000,250,320,550,1100,1700,1900,2100,2100,2100,2100,2100,3026,0,280,611.8711074689339,91.69946600002277,4084.9286440000014,3381.9329147389294
1780667968,40,GET,/api/concerts,2.400000,0.000000,3,9,15,20,73,78,280,280,280,280,280,586,0,3,20.068549225254134,2.23074399991674,649.0978020000284,753.0
1780667968,40,GET,/health,1.800000,0.000000,3,9,19,19,20,29,72,72,72,72,72,286,0,3,11.185442440562724,2.0757429999775923,301.82252899999185,57.0
1780667968,40,,Aggregated,17.500000,0.000000,160,280,320,390,1500,1800,2100,2100,2100,2100,2100,3898,0,170,478.8304714173919,2.0757429999775923,4084.9286440000014,2742.7626988199077
1780667969,40,POST,/api/book,12.500000,0.000000,230,320,390,770,1600,1900,2100,2100,2100,2100,2100,3039,0,280,610.4569581632096,91.69946600002277,4084.9286440000014,3381.968081605791
1780667969,40,GET,/api/concerts,2.400000,0.000000,3,8,10,15,73,78,280,280,280,280,280,586,0,3,20.068549225254134,2.23074399991674,649.0978020000284,753.0
1780667969,40,GET,/health,1.700000,0.000000,3,9,19,20,29,72,72,72,72,72,72,287,0,3,11.156276707320316,2.0757429999775923,301.82252899999185,57.0
1780667969,40,,Aggregated,16.600000,0.000000,160,280,320,370,1400,1800,2100,2100,2100,2100,2100,3912,0,170,478.05233055189,2.0757429999775923,4084.9286440000014,2744.2275051124743
1780667970,40,POST,/api/book,12.200000,0.000000,250,320,390,750,1600,2000,2100,2100,2900,2900,2900,3046,0,280,612.1737353916592,91.69946600002277,4084.9286440000014,3381.967826657912
1780667970,40,GET,/api/concerts,2.300000,0.000000,3,9,15,20,280,500,500,500,500,500,500,588,0,3,20.86543267006624,2.23074399991674,649.0978020000284,753.0
1780667970,40,GET,/health,1.900000,0.000000,3,4,19,20,29,72,72,72,72,72,72,288,0,3,11.126679159725267,2.0757429999775923,301.82252899999185,57.0
1780667970,40,,Aggregated,16.400000,0.000000,170,280,320,370,1500,1900,2100,2100,2900,2900,2900,3922,0,170,479.386679248086,2.0757429999775923,4084.9286440000014,2743.664966853646
1780667971,40,POST,/api/book,11.900000,0.000000,260,320,550,1100,2000,2900,3000,3200,3300,3300,3300,3071,0,280,617.2977313565594,91.69946600002277,4084.9286440000014,3381.8827743406055
1780667971,40,GET,/api/concerts,2.200000,0.000000,3,9,15,20,280,500,500,500,500,500,500,589,0,3,20.834804972833606,2.23074399991674,649.0978020000284,753.0
1780667971,40,GET,/health,1.900000,0.000000,4,19,20,20,29,72,72,72,72,72,72,288,0,3,11.126679159725267,2.0757429999775923,301.82252899999185,57.0
1780667971,40,,Aggregated,16.000000,0.000000,190,290,330,550,1800,2100,3000,3200,3300,3300,3300,3948,0,170,484.092582756584,2.0757429999775923,4084.9286440000014,2747.136524822695
1780667972,40,POST,/api/book,12.400000,0.000000,270,320,370,750,2000,2900,3000,3200,3300,3300,3300,3085,0,280,615.5178658858975,91.69946600002277,4084.9286440000014,3381.8625607779577
1780667972,40,GET,/api/concerts,2.100000,0.000000,3,9,15,20,280,500,500,500,500,500,500,589,0,3,20.834804972833606,2.23074399991674,649.0978020000284,753.0
1780667972,40,GET,/health,2.000000,0.000000,3,4,19,20,20,29,29,29,29,29,29,288,0,3,11.126679159725267,2.0757429999775923,301.82252899999185,57.0
1780667972,40,,Aggregated,16.500000,0.000000,200,300,330,390,1800,2400,3000,3200,3300,3300,3300,3962,0,170,483.177385155223,2.0757429999775923,4084.9286440000014,2749.363705199394
1780667973,40,POST,/api/book,11.400000,0.000000,270,320,390,750,2000,2900,3000,3200,3300,3300,3300,3094,0,280,614.3144864078843,91.69946600002277,4084.9286440000014,3381.892372333549
1780667973,40,GET,/api/concerts,2.000000,0.000000,3,20,42,73,280,500,500,500,500,500,500,593,0,3,20.931254446878675,2.23074399991674,649.0978020000284,753.0
1780667973,40,GET,/health,1.800000,0.000000,4,4,20,20,29,41,41,41,41,41,41,290,0,3,11.202852513796337,2.0757429999775923,301.82252899999185,57.0
1780667973,40,,Aggregated,15.200000,0.000000,200,300,330,400,1800,2400,3000,3200,3300,3300,3300,3977,0,170,481.8582051953719,2.0757429999775923,4084.9286440000014,2747.4563741513703
1780667974,40,POST,/api/book,13.000000,0.000000,260,330,420,1000,2000,2900,3000,3200,3300,3300,3300,3106,0,280,613.9619241645185,91.69946600002277,4084.9286440000014,3381.9401159047006
1780667974,40,GET,/api/concerts,2.000000,0.000000,3,14,42,42,280,500,500,500,500,500,500,595,0,3,20.87248832772964,2.23074399991674,649.0978020000284,753.0
1780667974,40,GET,/health,1.400000,0.000000,4,20,29,29,34,41,41,41,41,41,41,291,0,3,11.282328608250552,2.0757429999775923,301.82252899999185,57.0
1780667974,40,,Aggregated,16.400000,0.000000,210,310,360,550,1800,2400,3000,3200,3300,3300,3300,3992,0,170,481.6302666921329,2.0757429999775923,4084.9286440000014,2747.7274549098197
1780667975,40,POST,/api/book,12.900000,0.000000,260,330,390,590,1800,2900,3000,3200,3300,3300,3300,3118,0,280,613.7186911193054,91.69946600002277,4084.9286440000014,3381.9204618345093
1780667975,40,GET,/api/concerts,1.900000,0.000000,4,21,23,42,76,500,500,500,500,500,500,596,0,3,20.87565405201205,2.23074399991674,649.0978020000284,753.0
1780667975,40,GET,/health,1.300000,0.000000,4,20,29,29,34,41,41,41,41,41,41,292,0,3,11.253031229454974,2.0757429999775923,301.82252899999185,57.0
1780667975,40,,Aggregated,16.100000,0.000000,200,310,360,420,1700,2400,3000,3200,3300,3300,3300,4006,0,170,481.60325857313893,2.0757429999775923,4084.9286440000014,2748.442336495257
1780667976,40,POST,/api/book,12.600000,0.000000,240,330,430,980,1900,2900,3000,3200,3300,3300,3300,3127,0,280,613.7278444493105,91.69946600002277,4084.9286440000014,3381.9286856411895
1780667976,40,GET,/api/concerts,1.900000,0.000000,4,21,42,42,76,500,500,500,500,500,500,599,0,3,20.86912462771152,2.23074399991674,649.0978020000284,753.0
1780667976,40,GET,/health,1.200000,0.000000,4,20,29,29,34,41,41,41,41,41,41,293,0,3,11.22229765529314,2.0757429999775923,301.82252899999185,57.0
1780667976,40,,Aggregated,15.700000,0.000000,170,300,360,500,1800,2400,3000,3200,3300,3300,3300,4019,0,170,481.4420772475726,2.0757429999775923,4084.9286440000014,2747.7081363523266
1780667977,40,POST,/api/book,13.400000,0.000000,240,360,920,1200,2200,2900,3000,3200,3300,3300,3300,3135,0,280,615.6176824248785,91.69946600002277,4084.9286440000014,3381.9444976076556
1780667977,40,GET,/api/concerts,1.600000,0.000000,11,21,42,51,76,500,500,500,500,500,500,603,0,3,20.842679820893864,2.23074399991674,649.0978020000284,753.0
1780667977,40,GET,/health,1.200000,0.000000,4,29,33,33,34,41,41,41,41,41,41,295,0,3,11.26708855254519,2.0757429999775923,301.82252899999185,57.0
1780667977,40,,Aggregated,16.200000,0.000000,170,310,430,920,2000,2500,3000,3200,3300,3300,3300,4033,0,170,482.4828567956841,2.0757429999775923,4084.9286440000014,2745.6657575006197
1780667978,40,POST,/api/book,12.700000,0.000000,290,520,1100,1700,2300,2900,3000,3200,3300,3300,3300,3158,0,280,617.663219063646,91.69946600002277,4084.9286440000014,3381.9518682710577
1780667978,40,GET,/api/concerts,1.300000,0.000000,14,23,51,52,76,500,500,500,500,500,500,605,0,3,20.88874553222968,2.23074399991674,649.0978020000284,753.0
1780667978,40,GET,/health,1.100000,0.000000,3,4,33,34,41,41,41,41,41,41,41,295,0,3,11.26708855254519,2.0757429999775923,301.82252899999185,57.0
1780667978,40,,Aggregated,15.100000,0.000000,200,360,620,1100,2200,2600,3000,3200,3300,3300,3300,4058,0,170,484.6086564743701,2.0757429999775923,4084.9286440000014,2748.2957121734844
1780667979,40,POST,/api/book,12.400000,0.000000,300,520,1100,1700,2300,2900,3000,3200,3300,3300,3300,3167,0,280,616.4460268746429,91.69946600002277,4084.9286440000014,3381.9576886643513
1780667979,40,GET,/api/concerts,1.400000,0.000000,11,21,42,51,53,76,500,500,500,500,500,608,0,3,20.80055713322214,2.23074399991674,649.0978020000284,753.0
1780667979,40,GET,/health,1.100000,0.000000,4,33,34,34,41,41,41,41,41,41,41,295,0,3,11.26708855254519,2.0757429999775923,301.82252899999185,57.0
1780667979,40,,Aggregated,14.900000,0.000000,210,360,600,1100,2200,2600,3000,3200,3300,3300,3300,4070,0,170,483.6007609267798,2.0757429999775923,4084.9286440000014,2748.2307125307125
1780667980,40,POST,/api/book,11.900000,0.000000,300,510,980,1200,2300,2600,3000,3200,3300,3300,3300,3176,0,280,615.9049326221644,91.69946600002277,4084.9286440000014,3381.9974811083125
1780667980,40,GET,/api/concerts,1.800000,0.000000,3,17,23,42,52,53,76,76,76,76,76,611,0,3,20.711782883795607,2.23074399991674,649.0978020000284,753.0
1780667980,40,GET,/health,1.100000,0.000000,3,4,33,33,34,41,41,41,41,41,41,298,0,3,11.185582466445249,2.0757429999775923,301.82252899999185,57.0
1780667980,40,,Aggregated,14.800000,0.000000,170,360,580,930,2000,2400,3000,3200,3300,3300,3300,4085,0,170,482.7667732986521,2.0757429999775923,4084.9286440000014,2746.216156670747
1780667981,40,POST,/api/book,13.300000,0.000000,270,420,630,1000,1800,2300,2400,2500,2600,2600,2600,3190,0,280,616.1123862796221,91.69946600002277,4084.9286440000014,3382.0398119122256
1780667981,40,GET,/api/concerts,1.900000,0.000000,3,11,23,42,52,53,76,76,76,76,76,613,0,3,20.65360751549611,2.23074399991674,649.0978020000284,753.0
1780667981,40,GET,/health,0.900000,0.000000,4,33,34,34,41,49,49,49,49,49,49,299,0,3,11.313373100336626,2.0757429999775923,301.82252899999185,57.0
1780667981,40,,Aggregated,16.100000,0.000000,160,300,430,620,1600,2200,2300,2500,2600,2600,2600,4102,0,170,483.04287474305073,2.0757429999775923,4084.9286440000014,2746.7915650902
1780667982,40,POST,/api/book,12.800000,0.000000,280,520,980,1200,2000,2300,2400,2500,2600,2600,2600,3197,0,280,616.074089095713,91.69946600002277,4084.9286440000014,3382.041288708164
1780667982,40,GET,/api/concerts,2.200000,0.000000,3,3,17,21,52,53,76,76,76,76,76,617,0,3,20.537990165314554,2.23074399991674,649.0978020000284,753.0
1780667982,40,GET,/health,0.800000,0.000000,4,33,34,34,41,49,49,49,49,49,49,299,0,3,11.313373100336626,2.0757429999775923,301.82252899999185,57.0
1780667982,40,,Aggregated,15.800000,0.000000,160,320,530,920,1700,2200,2400,2500,2600,2600,2600,4113,0,170,482.7725507726705,2.0757429999775923,4084.9286440000014,2745.934840748845
1780667983,40,POST,/api/book,12.900000,0.000000,280,520,1000,1400,2000,2300,2400,2500,2600,2600,2600,3215,0,280,616.5745879076186,91.69946600002277,4084.9286440000014,3382.0264385692067
1780667983,40,GET,/api/concerts,2.400000,0.000000,3,3,4,17,51,52,53,53,53,53,53,618,0,3,20.50862127831572,2.23074399991674,649.0978020000284,753.0
1780667983,40,GET,/health,1.100000,0.000000,4,33,34,42,49,49,49,49,49,49,49,300,0,3,11.415920670002038,2.0757429999775923,301.82252899999185,57.0
1780667983,40,,Aggregated,16.400000,0.000000,170,330,590,1000,1800,2200,2400,2500,2600,2600,2600,4133,0,170,483.51957519332035,2.0757429999775923,4084.9286440000014,2747.5608516815873
1780667984,40,POST,/api/book,11.900000,0.000000,300,660,1400,1800,2200,2400,2500,2500,2600,2600,2600,3229,0,280,619.1786347033118,91.69946600002277,4084.9286440000014,3382.037472901827
1780667984,40,GET,/api/concerts,2.600000,0.000000,3,3,11,17,51,52,53,53,53,53,53,623,0,3,20.422731332261776,2.23074399991674,649.0978020000284,753.0
1780667984,40,GET,/health,1.100000,0.000000,4,34,42,42,49,68,68,68,68,68,68,301,0,3,11.603507139536866,2.0757429999775923,301.82252899999185,57.0
1780667984,40,,Aggregated,15.600000,0.000000,180,350,900,1300,2000,2300,2400,2500,2600,2600,2600,4153,0,170,485.32237628846445,2.0757429999775923,4084.9286440000014,2746.6590416566337
1780667985,40,POST,/api/book,11.200000,0.000000,280,580,1300,1700,2200,2300,2500,2500,2600,2600,2600,3242,0,280,617.6697587917932,91.69946600002277,4084.9286440000014,3382.016964836521
1780667985,40,GET,/api/concerts,2.700000,0.000000,3,3,4,17,51,52,53,53,53,53,53,626,0,3,20.36002074440733,2.23074399991674,649.0978020000284,753.0
1780667985,40,GET,/health,1.100000,0.000000,5,33,42,49,68,68,68,68,68,68,68,302,0,3,11.58250149337931,2.0757429999775923,301.82252899999185,57.0
1780667985,40,,Aggregated,15.000000,0.000000,170,310,590,1100,1900,2300,2400,2500,2600,2600,2600,4170,0,170,484.1075890743388,2.0757429999775923,4084.9286440000014,2746.5446043165466
1780667986,40,POST,/api/book,12.200000,0.000000,280,510,930,1400,1900,2300,2400,2500,2600,2600,2600,3252,0,280,616.5739180113756,91.69946600002277,4084.9286440000014,3382.0049200492003
1780667986,40,GET,/api/concerts,2.500000,0.000000,3,3,4,11,24,51,52,52,52,52,52,630,0,3,20.28154377618909,2.23074399991674,649.0978020000284,753.0
1780667986,40,GET,/health,1.000000,0.000000,5,33,42,49,68,68,68,68,68,68,68,303,0,3,11.554675689771058,2.0757429999775923,301.82252899999185,57.0
1780667986,40,,Aggregated,15.700000,0.000000,170,300,520,900,1800,2200,2400,2500,2600,2600,2600,4185,0,170,483.0052140229373,2.0757429999775923,4084.9286440000014,2745.5056152927123
1780667987,40,POST,/api/book,12.100000,0.000000,280,510,960,1400,1800,2200,2400,2500,2600,2600,2600,3264,0,280,616.6280164635396,91.69946600002277,4084.9286440000014,3382.0079656862745
1780667987,40,GET,/api/concerts,2.800000,0.000000,3,3,3,17,25,38,52,52,52,52,52,632,0,3,20.261505862340517,2.23074399991674,649.0978020000284,753.0
1780667987,40,GET,/health,0.900000,0.000000,4,33,42,42,49,68,68,68,68,68,68,304,0,3,11.52497089802838,2.0757429999775923,301.82252899999185,57.0
1780667987,40,,Aggregated,15.800000,0.000000,170,300,530,900,1800,2200,2400,2500,2600,2600,2600,4200,0,170,483.09112109404583,2.0757429999775923,4084.9286440000014,2745.737619047619
1780667988,40,POST,/api/book,12.400000,0.000000,230,430,960,1400,1800,1900,2400,2400,2500,2500,2500,3273,0,280,617.0554079508076,91.69946600002277,4084.9286440000014,3381.9987778796212
1780667988,40,GET,/api/concerts,3.100000,0.000000,3,3,3,3,24,25,38,38,38,38,38,634,0,3,20.206531036276477,2.23074399991674,649.0978020000284,753.0
1780667988,40,GET,/health,1.000000,0.000000,5,16,42,49,68,68,68,68,68,68,68,305,0,3,11.538551790165904,2.0757429999775923,301.82252899999185,57.0
1780667988,40,,Aggregated,16.500000,0.000000,160,270,430,800,1700,1800,2200,2400,2500,2500,2500,4212,0,170,483.3695510911664,2.0757429999775923,4084.9286440000014,2745.505460588794
1780667989,40,POST,/api/book,12.300000,0.000000,280,590,1300,1600,1800,2200,2500,2500,2500,2500,2500,3286,0,280,619.18373274802,91.69946600002277,4084.9286440000014,3381.964394400487
1780667989,40,GET,/api/concerts,3.100000,0.000000,3,3,3,4,24,25,38,38,38,38,38,635,0,3,20.18582289291214,2.23074399991674,649.0978020000284,753.0
1780667989,40,GET,/health,1.000000,0.000000,4,5,16,42,49,68,68,68,68,68,68,309,0,3,11.428864915859972,2.0757429999775923,301.82252899999185,57.0
1780667989,40,,Aggregated,16.400000,0.000000,170,290,640,1200,1800,2000,2400,2500,2500,2500,2500,4230,0,170,484.8669651550812,2.0757429999775923,4084.9286440000014,2744.421513002364
1780667990,40,POST,/api/book,12.800000,0.000000,280,800,1200,1600,1800,2100,2500,2500,2500,2500,2500,3302,0,280,619.0770566265883,91.69946600002277,4084.9286440000014,3381.978195033313
1780667990,40,GET,/api/concerts,3.000000,0.000000,3,3,4,7,24,25,38,38,38,38,38,638,0,3,20.132553978055203,2.23074399991674,649.0978020000284,753.0
1780667990,40,GET,/health,0.900000,0.000000,4,5,16,37,49,68,68,68,68,68,68,313,0,3,11.433775702877288,2.0757429999775923,301.82252899999185,57.0
1780667990,40,,Aggregated,16.700000,0.000000,170,320,810,1200,1800,1900,2400,2500,2500,2500,2500,4253,0,170,484.5087660978118,2.0757429999775923,4084.9286440000014,2742.8984246414298
1780667991,40,POST,/api/book,11.300000,0.000000,280,540,1100,1500,1800,2200,2500,2500,2500,2500,2500,3311,0,280,618.0650653660507,91.69946600002277,4084.9286440000014,3381.983086680761
1780667991,40,GET,/api/concerts,2.900000,0.000000,3,3,7,17,24,25,38,38,38,38,38,639,0,3,20.104392871673284,2.1376070000087566,649.0978020000284,753.0
1780667991,40,GET,/health,1.100000,0.000000,4,5,16,37,42,68,68,68,68,68,68,313,0,3,11.433775702877288,2.0757429999775923,301.82252899999185,57.0
1780667991,40,,Aggregated,15.300000,0.000000,170,320,580,1100,1800,2000,2400,2500,2500,2500,2500,4263,0,170,483.8937157558042,2.0757429999775923,4084.9286440000014,2743.7846586910628
1780667992,40,POST,/api/book,11.900000,0.000000,290,510,1100,1300,1800,2100,2500,2500,2500,2500,2500,3321,0,280,617.3469352990045,91.69946600002277,4084.9286440000014,3381.988557663354
1780667992,40,GET,/api/concerts,2.700000,0.000000,3,4,8,17,24,25,38,38,38,38,38,644,0,3,20.013667108694428,2.1376070000087566,649.0978020000284,753.0
1780667992,40,GET,/health,1.400000,0.000000,5,6,24,37,42,68,68,68,68,68,68,317,0,3,11.526156012619978,2.0757429999775923,301.82252899999185,57.0
1780667992,40,,Aggregated,16.000000,0.000000,170,320,510,960,1800,1900,2400,2500,2500,2500,2500,4282,0,170,482.66038421345013,2.0757429999775923,4084.9286440000014,2740.444885567492
1780667993,40,POST,/api/book,12.500000,0.000000,310,640,1200,1400,1800,1900,2500,2500,2500,2500,2500,3336,0,280,618.6459416354899,91.69946600002277,4084.9286440000014,3382.059052757794
1780667993,40,GET,/api/concerts,2.700000,0.000000,3,5,8,20,25,36,38,38,38,38,38,648,0,3,19.96185403703592,2.1376070000087566,649.0978020000284,753.0
1780667993,40,GET,/health,1.400000,0.000000,4,6,24,37,48,68,68,68,68,68,68,319,0,3,11.614729774296258,2.0757429999775923,301.82252899999185,57.0
1780667993,40,,Aggregated,16.600000,0.000000,170,330,570,1100,1800,1800,2400,2500,2500,2500,2500,4303,0,170,483.4866933557969,2.0757429999775923,4084.9286440000014,2739.6411805716943
1780667994,40,POST,/api/book,12.100000,0.000000,280,440,810,1100,1700,1900,2000,2500,2500,2500,2500,3347,0,280,617.5925317319972,91.69946600002277,4084.9286440000014,3382.0098595757395
1780667994,40,GET,/api/concerts,2.400000,0.000000,3,7,17,20,25,33,36,36,36,36,36,649,0,3,19.982260918334784,2.1376070000087566,649.0978020000284,753.0
1780667994,40,GET,/health,1.400000,0.000000,3,5,16,24,42,48,48,48,48,48,48,320,0,3,11.586513478126825,2.0757429999775923,301.82252899999185,57.0
1780667994,40,,Aggregated,15.900000,0.000000,170,300,430,570,1400,1800,1900,2500,2500,2500,2500,4316,0,170,482.7985114355873,2.0757429999775923,4084.9286440000014,2740.1584800741425
1780667995,40,POST,/api/book,12.200000,0.000000,310,510,1100,1200,1700,1900,2000,2500,2500,2500,2500,3356,0,280,617.0870307386754,91.69946600002277,4084.9286440000014,3382.014600715137
1780667995,40,GET,/api/concerts,2.700000,0.000000,5,13,23,24,35,36,44,44,44,44,44,655,0,3,19.98176082748001,2.1376070000087566,649.0978020000284,753.0
1780667995,40,GET,/health,1.800000,0.000000,3,5,16,24,42,48,48,48,48,48,48,321,0,3,11.558227700936357,2.0757429999775923,301.82252899999185,57.0
1780667995,40,,Aggregated,16.700000,0.000000,160,320,500,810,1500,1800,1900,2500,2500,2500,2500,4332,0,170,481.934976822021,2.0757429999775923,4084.9286440000014,2738.1239612188365
1780667996,40,POST,/api/book,12.100000,0.000000,320,580,1100,1200,1700,1900,2000,2500,2500,2500,2500,3370,0,280,616.9662524017788,91.69946600002277,4084.9286440000014,3382.041246290801
1780667996,40,GET,/api/concerts,3.000000,0.000000,5,13,22,23,35,36,44,44,44,44,44,656,0,3,19.955355969511245,2.1376070000087566,649.0978020000284,753.0
1780667996,40,GET,/health,1.900000,0.000000,3,5,16,24,42,48,48,48,48,48,48,321,0,3,11.558227700936357,2.0757429999775923,301.82252899999185,57.0
1780667996,40,,Aggregated,17.000000,0.000000,170,330,580,960,1500,1800,1900,2500,2500,2500,2500,4347,0,170,482.16636190522075,2.0757429999775923,4084.9286440000014,2739.7616747181964
1780667997,40,POST,/api/book,11.700000,0.000000,320,500,820,1100,1600,1800,2000,2500,2500,2500,2500,3386,0,280,615.4325878552847,91.69946600002277,4084.9286440000014,3382.063496751329
1780667997,40,GET,/api/concerts,2.600000,0.000000,5,13,22,23,35,36,44,44,44,44,44,656,0,3,19.955355969511245,2.1376070000087566,649.0978020000284,753.0
1780667997,40,GET,/health,1.900000,0.000000,4,6,24,37,45,48,48,48,48,48,48,322,0,3,11.66284535714452,2.0757429999775923,301.82252899999185,57.0
1780667997,40,,Aggregated,16.200000,0.000000,180,330,510,780,1400,1800,1900,2500,2500,2500,2500,4364,0,170,481.3705069200262,2.0757429999775923,4084.9286440000014,2741.519019248396
1780667998,40,POST,/api/book,11.300000,0.000000,280,410,760,1100,1500,1800,2000,2500,2500,2500,2500,3392,0,280,614.6423845554227,91.69946600002277,4084.9286440000014,3382.063679245283
1780667998,40,GET,/api/concerts,2.800000,0.000000,6,20,22,23,35,36,44,44,44,44,44,657,0,3,19.959112238964064,2.1376070000087566,649.0978020000284,753.0
1780667998,40,GET,/health,1.900000,0.000000,4,24,37,42,48,130,130,130,130,130,130,323,0,3,12.01651617028025,2.0757429999775923,301.82252899999185,57.0
1780667998,40,,Aggregated,16.000000,0.000000,170,320,420,710,1300,1800,1900,2500,2500,2500,2500,4372,0,170,480.7551326340335,2.0757429999775923,4084.9286440000014,2741.3293687099726
1780667999,40,POST,/api/book,11.800000,0.000000,280,420,780,1100,1700,2000,2700,2700,2800,2800,2800,3410,0,280,618.4140323744849,91.69946600002277,4084.9286440000014,3382.050146627566
1780667999,40,GET,/api/concerts,2.600000,0.000000,5,13,22,23,35,36,44,44,44,44,44,659,0,3,19.90914269499155,2.1376070000087566,649.0978020000284,753.0
1780667999,40,GET,/health,1.800000,0.000000,5,24,37,42,48,130,130,130,130,130,130,326,0,3,11.99843480061484,2.0757429999775923,301.82252899999185,57.0
1780667999,40,,Aggregated,16.200000,0.000000,180,320,450,740,1400,1800,2700,2700,2800,2800,2800,4395,0,170,483.6913458880533,2.0757429999775923,4084.9286440000014,2741.2059158134243
1780668000,40,POST,/api/book,12.200000,0.000000,270,390,820,1300,1800,2500,2700,2700,2800,2800,2800,3425,0,280,619.7026306455456,91.69946600002277,4084.9286440000014,3382.0470072992703
1780668000,40,GET,/api/concerts,2.300000,0.000000,5,13,22,23,35,36,44,44,44,44,44,659,0,3,19.90914269499155,2.1376070000087566,649.0978020000284,753.0
1780668000,40,GET,/health,1.800000,0.000000,5,23,37,42,48,130,130,130,130,130,130,329,0,3,11.934980364742733,2.0757429999775923,301.82252899999185,57.0
1780668000,40,,Aggregated,16.300000,0.000000,180,320,450,780,1700,2500,2700,2700,2800,2800,2800,4413,0,170,484.8239844860625,2.0757429999775923,4084.9286440000014,2741.556990709268
1780668001,40,POST,/api/book,11.900000,0.000000,290,550,830,1300,1900,2500,2700,2700,2800,2800,2800,3428,0,280,619.5588731408966,91.69946600002277,4084.9286440000014,3382.039381563594
1780668001,40,GET,/api/concerts,2.300000,0.000000,6,22,23,33,36,44,44,44,44,44,44,659,0,3,19.90914269499155,2.1376070000087566,649.0978020000284,753.0
1780668001,40,GET,/health,1.700000,0.000000,6,24,42,45,48,130,130,130,130,130,130,330,0,3,12.041267212122124,2.0757429999775923,301.82252899999185,57.0
1780668001,40,,Aggregated,15.900000,0.000000,180,320,570,820,1700,2500,2700,2700,2800,2800,2800,4417,0,170,484.7049038584998,2.0757429999775923,4084.9286440000014,2741.3783110708628
1780668002,40,POST,/api/book,12.400000,0.000000,310,710,1100,1300,1900,2500,2700,2700,2800,2800,2800,3433,0,280,620.0912583687718,91.69946600002277,4084.9286440000014,3382.0364113020682
1780668002,40,GET,/api/concerts,2.400000,0.000000,5,22,33,35,36,44,44,44,44,44,44,659,0,3,19.90914269499155,2.1376070000087566,649.0978020000284,753.0
1780668002,40,GET,/health,1.700000,0.000000,6,45,47,48,130,150,150,150,150,150,150,331,0,3,12.4685444592152,2.0757429999775923,301.82252899999185,57.0
1780668002,40,,Aggregated,16.500000,0.000000,200,370,760,1100,1800,2500,2700,2700,2800,2800,2800,4423,0,170,485.1956823947533,2.0757429999775923,4084.9286440000014,2741.493330318788
1780668003,40,POST,/api/book,12.300000,0.000000,350,820,1100,1300,2100,2700,2800,2900,3100,3100,3100,3448,0,280,623.425682635729,91.69946600002277,4084.9286440000014,3381.9970997679816
1780668003,40,GET,/api/concerts,2.000000,0.000000,22,35,44,77,620,1300,1300,1300,1300,1300,1300,662,0,3,22.82774122507472,2.1376070000087566,1296.4690070000415,753.0
1780668003,40,GET,/health,1.600000,0.000000,6,45,91,91,150,1100,1100,1100,1100,1100,1100,335,0,3,15.994004758209966,2.0757429999775923,1128.8988759999938,57.0
1780668003,40,,Aggregated,15.900000,0.000000,270,620,970,1100,1800,2500,2800,2900,3100,3100,3100,4445,0,170,488.19835995792874,2.0757429999775923,4084.9286440000014,2739.8665916760406
1780668004,40,POST,/api/book,11.600000,0.000000,350,820,1300,1300,2300,2700,2800,2900,3100,3100,3100,3453,0,280,622.7685208908177,91.69946600002277,4084.9286440000014,3382.0008688097305
1780668004,40,GET,/api/concerts,2.000000,0.000000,13,22,44,44,620,1300,1300,1300,1300,1300,1300,665,0,3,22.747395024059465,2.1376070000087566,1296.4690070000415,753.0
1780668004,40,GET,/health,1.700000,0.000000,6,45,91,130,150,1100,1100,1100,1100,1100,1100,335,0,3,15.994004758209966,2.0757429999775923,1128.8988759999938,57.0
1780668004,40,,Aggregated,15.300000,0.000000,230,640,980,1300,1900,2700,2800,2900,3100,3100,3100,4453,0,170,487.51509362699153,2.0757429999775923,4084.9286440000014,2739.2519649674377
1780668005,40,POST,/api/book,11.200000,0.000000,330,970,1300,1500,2700,2900,4200,4400,4400,4400,4400,3464,0,280,626.064879513855,91.69946600002277,4378.1917789999625,3382.0132794457277
1780668005,40,GET,/api/concerts,1.500000,0.000000,6,22,77,290,620,1300,1300,1300,1300,1300,1300,668,0,3,23.09147525449044,2.1376070000087566,1296.4690070000415,753.0
1780668005,40,GET,/health,1.400000,0.000000,6,45,47,91,150,1100,1100,1100,1100,1100,1100,337,0,3,15.976812970327149,2.0757429999775923,1128.8988759999938,57.0
1780668005,40,,Aggregated,14.100000,0.000000,230,700,1100,1300,2500,2800,4200,4400,4400,4400,4400,4469,0,170,489.93019334907,2.0757429999775923,4378.1917789999625,2738.3099127321548
1780668006,40,POST,/api/book,11.100000,0.000000,390,1100,1700,2300,3100,4400,4700,4800,5200,5200,5200,3484,0,280,634.3806254351301,91.69946600002277,5243.598137000049,3382.0459242250286
1780668006,40,GET,/api/concerts,1.400000,0.000000,7,22,77,290,620,1300,1300,1300,1300,1300,1300,669,0,3,23.06798506726399,2.1376070000087566,1296.4690070000415,753.0
1780668006,40,GET,/health,1.600000,0.000000,6,23,91,130,150,1100,1100,1100,1100,1100,1100,337,0,3,15.976812970327149,2.0757429999775923,1128.8988759999938,57.0
1780668006,40,,Aggregated,14.100000,0.000000,290,990,1500,1900,2900,4400,4700,4800,5200,5200,5200,4490,0,170,496.8816852999986,2.0757429999775923,5243.598137000049,2740.7603563474386
1780668008,40,POST,/api/book,10.600000,0.000000,570,1300,1900,2500,3500,4400,4700,4800,5200,5200,5200,3495,0,280,633.2827823982815,91.69946600002277,5243.598137000049,3382.018311874106
1780668008,40,GET,/api/concerts,1.600000,0.000000,7,47,77,290,620,1300,1300,1300,1300,1300,1300,671,0,3,23.075070238449435,2.1376070000087566,1296.4690070000415,753.0
1780668008,40,GET,/health,1.500000,0.000000,6,23,47,91,150,1100,1100,1100,1100,1100,1100,337,0,3,15.976812970327149,2.0757429999775923,1128.8988759999938,57.0
1780668008,40,,Aggregated,13.700000,0.000000,310,980,1300,1900,2900,4400,4700,4800,5200,5200,5200,4503,0,170,496.1560920681754,2.0757429999775923,5243.598137000049,2741.4226071507883
1780668009,40,POST,/api/book,11.400000,0.000000,450,990,1300,1900,4000,4600,4800,5200,5200,5200,5200,3508,0,280,632.0980221664747,91.69946600002277,5243.598137000049,3382.029646522235
1780668009,40,GET,/api/concerts,1.300000,0.000000,6,11,47,77,620,1300,1300,1300,1300,1300,1300,674,0,3,22.99845385608227,2.1376070000087566,1296.4690070000415,753.0
1780668009,40,GET,/health,1.600000,0.000000,6,47,91,91,150,1100,1100,1100,1100,1100,1100,337,0,3,15.976812970327149,2.0757429999775923,1128.8988759999938,57.0
1780668009,40,,Aggregated,14.300000,0.000000,270,700,1100,1300,2900,4400,4700,4800,5200,5200,5200,4519,0,170,495.3053785417112,2.0757429999775923,5243.598137000049,2741.9541934056206
1780668010,40,POST,/api/book,11.400000,0.000000,420,980,1300,1500,4000,4600,4800,5200,5200,5200,5200,3516,0,280,631.6623208668921,91.69946600002277,5243.598137000049,3382.0597269624573
1780668010,40,GET,/api/concerts,1.300000,0.000000,7,32,47,69,290,620,1300,1300,1300,1300,1300,679,0,3,23.04222862739252,2.1376070000087566,1296.4690070000415,753.0
1780668010,40,GET,/health,1.600000,0.000000,53,91,150,180,1100,1100,1100,1100,1100,1100,1100,339,0,3,16.584483200590693,2.0757429999775923,1128.8988759999938,57.0
1780668010,40,,Aggregated,14.300000,0.000000,230,590,990,1300,2900,4400,4700,4800,5200,5200,5200,4534,0,170,494.5285693010569,2.0757429999775923,5243.598137000049,2739.7291574768415
1780668011,40,POST,/api/book,10.900000,0.000000,460,1100,1400,1500,3500,4400,4700,4800,5200,5200,5200,3531,0,280,632.9610205457358,91.69946600002277,5243.598137000049,3382.0710846785614
1780668011,40,GET,/api/concerts,1.500000,0.000000,7,32,47,69,290,620,1300,1300,1300,1300,1300,682,0,3,22.986489967741313,2.1376070000087566,1296.4690070000415,753.0
1780668011,40,GET,/health,1.500000,0.000000,53,91,150,180,1100,1100,1100,1100,1100,1100,1100,339,0,3,16.584483200590693,2.0757429999775923,1128.8988759999938,57.0
1780668011,40,,Aggregated,13.900000,0.000000,230,800,1100,1300,2900,4400,4700,4800,5200,5200,5200,4552,0,170,495.668780648065,2.0757429999775923,5243.598137000049,2740.5452548330404
1780668012,40,POST,/api/book,11.500000,0.000000,310,960,1300,1500,3500,4400,4700,4800,5200,5200,5200,3542,0,280,631.6251113845265,91.69946600002277,5243.598137000049,3382.063805759458
1780668012,40,GET,/api/concerts,1.700000,0.000000,6,26,44,47,290,620,1300,1300,1300,1300,1300,686,0,3,22.92836398542208,2.1376070000087566,1296.4690070000415,753.0
1780668012,40,GET,/health,1.400000,0.000000,21,53,91,180,1100,1100,1100,1100,1100,1100,1100,341,0,3,16.501081120235416,2.0757429999775923,1128.8988759999938,57.0
1780668012,40,,Aggregated,14.600000,0.000000,210,460,990,1300,1900,4400,4700,4800,5200,5200,5200,4569,0,170,494.3252070212284,2.0757429999775923,5243.598137000049,2739.1694024950757
1780668013,40,POST,/api/book,10.600000,0.000000,230,420,980,1400,3500,4400,4700,4800,5200,5200,5200,3552,0,280,630.8062620720699,91.69946600002277,5243.598137000049,3382.0703828828828
1780668013,40,GET,/api/concerts,2.300000,0.000000,4,7,26,38,47,69,290,290,290,290,290,687,0,3,22.899056352255542,2.1376070000087566,1296.4690070000415,753.0
1780668013,40,GET,/health,1.000000,0.000000,16,53,91,91,180,1100,1100,1100,1100,1100,1100,342,0,3,16.500968687135277,2.0757429999775923,1128.8988759999938,57.0
1780668013,40,,Aggregated,13.900000,0.000000,180,280,450,840,1700,4400,4700,4800,5200,5200,5200,4581,0,170,493.7783946485467,2.0757429999775923,5243.598137000049,2739.5588299497927
1780668014,40,POST,/api/book,10.600000,0.000000,230,370,960,1400,3500,4400,4700,4800,5200,5200,5200,3562,0,280,630.1214293711374,91.69946600002277,5243.598137000049,3382.0968556990456
1780668014,40,GET,/api/concerts,2.300000,0.000000,4,11,32,38,47,69,290,290,290,290,290,688,0,3,22.86987224999931,2.1376070000087566,1296.4690070000415,753.0
1780668014,40,GET,/health,1.000000,0.000000,21,50,53,53,180,180,180,180,180,180,180,343,0,3,16.59903154810549,2.0757429999775923,1128.8988759999938,57.0
1780668014,40,,Aggregated,13.900000,0.000000,180,280,450,960,1900,4400,4700,4800,5200,5200,5200,4593,0,170,493.3421448615265,2.0757429999775923,5243.598137000049,2739.961680818637
1780668015,40,POST,/api/book,11.400000,0.000000,230,430,1100,1500,2600,4400,4700,4800,5200,5200,5200,3580,0,280,632.7777126242995,91.69946600002277,5243.598137000049,3382.1078212290504
1780668015,40,GET,/api/concerts,2.700000,0.000000,3,11,32,38,47,69,69,69,69,69,69,688,0,3,22.86987224999931,2.1376070000087566,1296.4690070000415,753.0
1780668015,40,GET,/health,1.100000,0.000000,16,21,50,53,180,180,180,180,180,180,180,344,0,3,16.55803205523323,2.0757429999775923,1128.8988759999938,57.0
1780668015,40,,Aggregated,15.200000,0.000000,180,300,590,1100,2200,2900,4700,4800,5200,5200,5200,4612,0,170,495.8314497679947,2.0757429999775923,5243.598137000049,2741.8946227233305
1780668016,40,POST,/api/book,11.800000,0.000000,210,360,800,1400,2200,2700,2900,2900,3000,3000,3000,3597,0,280,635.3409949196531,91.69946600002277,5243.598137000049,3382.092577147623
1780668016,40,GET,/api/concerts,2.800000,0.000000,3,4,26,32,44,47,69,69,69,69,69,690,0,3,22.811765342028405,2.1376070000087566,1296.4690070000415,753.0
1780668016,40,GET,/health,1.100000,0.000000,16,21,50,53,180,180,180,180,180,180,180,345,0,3,16.517787710145747,2.0757429999775923,1128.8988759999938,57.0
1780668016,40,,Aggregated,15.700000,0.000000,170,260,430,800,2100,2500,2900,2900,3000,3000,3000,4632,0,170,498.0052490440397,2.0757429999775923,5243.598137000049,2742.794041450777
1780668017,40,POST,/api/book,11.400000,0.000000,190,320,840,1500,2200,2700,2900,2900,3000,3000,3000,3605,0,280,634.455966092647,91.69946600002277,5243.598137000049,3382.1459084604717
1780668017,40,GET,/api/concerts,2.600000,0.000000,3,3,11,26,38,44,69,69,69,69,69,693,0,3,22.72383120779163,2.1376070000087566,1296.4690070000415,753.0
1780668017,40,GET,/health,0.800000,0.000000,16,26,50,53,180,180,180,180,180,180,180,346,0,3,16.546145228324452,2.0757429999775923,1128.8988759999938,57.0
1780668017,40,,Aggregated,14.800000,0.000000,160,240,360,800,2100,2500,2900,2900,3000,3000,3000,4644,0,170,497.1331479414282,2.0757429999775923,5243.598137000049,2742.072997416021
1780668018,40,POST,/api/book,13.300000,0.000000,200,390,1300,1500,2200,2700,2900,2900,3000,3000,3000,3617,0,280,634.5126008744793,91.69946600002277,5243.598137000049,3382.1313243019076
1780668018,40,GET,/api/concerts,2.200000,0.000000,3,3,26,32,44,63,69,69,69,69,69,696,0,3,22.72364368534425,2.1376070000087566,1296.4690070000415,753.0
1780668018,40,GET,/health,0.800000,0.000000,3,16,50,50,53,180,180,180,180,180,180,349,0,3,16.42692093982912,2.0757429999775923,1128.8988759999938,57.0
1780668018,40,,Aggregated,16.300000,0.000000,160,270,430,1300,2100,2500,2900,2900,3000,3000,3000,4662,0,170,496.9070632295133,2.0757429999775923,5243.598137000049,2740.7014157014155
1780668019,40,POST,/api/book,12.100000,0.000000,220,430,1500,1600,2200,2700,2900,2900,3000,3000,3000,3632,0,280,635.3504419262091,91.69946600002277,5243.598137000049,3382.1327092511015
1780668019,40,GET,/api/concerts,2.400000,0.000000,3,3,3,3,44,63,63,63,63,63,63,696,0,3,22.72364368534425,2.1376070000087566,1296.4690070000415,753.0
1780668019,40,GET,/health,0.900000,0.000000,16,33,50,53,180,280,280,280,280,280,280,351,0,3,17.236902532764287,2.0757429999775923,1128.8988759999938,57.0
1780668019,40,,Aggregated,15.400000,0.000000,170,300,770,1500,2200,2500,2900,2900,3000,3000,3000,4679,0,170,497.8539461145525,2.0757429999775923,5243.598137000049,2741.611669160077
1780668020,40,POST,/api/book,12.100000,0.000000,220,390,1300,1600,2200,2700,2900,2900,3000,3000,3000,3645,0,280,636.0297668337424,91.69946600002277,5243.598137000049,3382.1237311385457
1780668020,40,GET,/api/concerts,2.400000,0.000000,3,3,3,3,44,63,63,63,63,63,63,698,0,3,22.668119626073835,2.1376070000087566,1296.4690070000415,753.0
1780668020,40,GET,/health,0.900000,0.000000,3,16,26,33,50,280,280,280,280,280,280,352,0,3,17.196924252841583,2.0757429999775923,1128.8988759999938,57.0
1780668020,40,,Aggregated,15.400000,0.000000,170,300,480,1300,2200,2500,2900,2900,3000,3000,3000,4695,0,170,498.4460415218297,2.0757429999775923,5243.598137000049,2741.959318423855
1780668021,40,POST,/api/book,12.100000,0.000000,270,480,1100,1600,2200,2700,2900,2900,3000,3000,3000,3662,0,280,634.7785819827941,91.69946600002277,5243.598137000049,3382.0679956308027
1780668021,40,GET,/api/concerts,2.500000,0.000000,3,3,3,4,39,63,63,63,63,63,63,699,0,3,22.691476725321216,2.1376070000087566,1296.4690070000415,753.0
1780668021,40,GET,/health,1.200000,0.000000,3,26,33,33,50,280,280,280,280,280,280,352,0,3,17.196924252841583,2.0757429999775923,1128.8988759999938,57.0
1780668021,40,,Aggregated,15.800000,0.000000,190,370,670,1300,2200,2500,2900,2900,3000,3000,3000,4713,0,170,497.872655800762,2.0757429999775923,5243.598137000049,2743.8030978145553
1780668022,40,POST,/api/book,12.300000,0.000000,280,440,870,1600,2200,2600,2900,2900,3000,3000,3000,3676,0,280,633.3958908035887,91.69946600002277,5243.598137000049,3382.0933079434167
1780668022,40,GET,/api/concerts,2.200000,0.000000,3,3,30,30,39,63,63,63,63,63,63,703,0,3,22.66909943527641,2.1376070000087566,1296.4690070000415,753.0
1780668022,40,GET,/health,1.400000,0.000000,3,26,33,50,280,280,280,280,280,280,280,352,0,3,17.196924252841583,2.0757429999775923,1128.8988759999938,57.0
1780668022,40,,Aggregated,15.900000,0.000000,190,370,510,1100,2100,2500,2800,2900,3000,3000,3000,4731,0,170,496.7983489397572,2.0757429999775923,5243.598137000049,2744.028323821602
1780668023,40,POST,/api/book,13.100000,0.000000,300,480,940,1500,2200,2600,2900,2900,3000,3000,3000,3686,0,280,632.8959817292438,91.69946600002277,5243.598137000049,3382.118556701031
1780668023,40,GET,/api/concerts,1.700000,0.000000,3,3,4,8,39,39,63,63,63,63,63,708,0,3,22.536985727399976,2.1376070000087566,1296.4690070000415,753.0
1780668023,40,GET,/health,1.300000,0.000000,3,3,26,33,280,280,280,280,280,280,280,352,0,3,17.196924252841583,2.0757429999775923,1128.8988759999938,57.0
1780668023,40,,Aggregated,16.100000,0.000000,190,380,630,940,2100,2500,2800,2900,3000,3000,3000,4746,0,170,496.1786961411697,2.0757429999775923,5243.598137000049,2743.294774546987
1780668024,40,POST,/api/book,13.400000,0.000000,300,440,690,900,1800,2200,2800,2900,3000,3000,3000,3698,0,280,632.0118129637625,91.69946600002277,5243.598137000049,3382.090319091401
1780668024,40,GET,/api/concerts,1.700000,0.000000,3,4,13,30,39,44,63,63,63,63,63,711,0,3,22.527226150491128,2.1376070000087566,1296.4690070000415,753.0
1780668024,40,GET,/health,1.100000,0.000000,3,26,33,33,280,280,280,280,280,280,280,352,0,3,17.196924252841583,2.0757429999775923,1128.8988759999938,57.0
1780668024,40,,Aggregated,16.200000,0.000000,190,380,480,690,1600,2200,2800,2900,3000,3000,3000,4761,0,170,495.53662244696335,2.0757429999775923,5243.598137000049,2743.6288594833018
1780668025,40,POST,/api/book,13.400000,0.000000,280,430,610,690,1400,1700,2000,2200,2200,2200,2200,3709,0,280,631.0499763345897,91.69946600002277,5243.598137000049,3382.0919385279053
1780668025,40,GET,/api/concerts,2.100000,0.000000,3,5,13,30,39,44,63,63,63,63,63,713,0,3,22.47551382608594,2.1376070000087566,1296.4690070000415,753.0
1780668025,40,GET,/health,1.000000,0.000000,3,5,26,33,280,280,280,280,280,280,280,354,0,3,17.122445508475252,2.0757429999775923,1128.8988759999938,57.0
1780668025,40,,Aggregated,16.500000,0.000000,180,350,440,600,1100,1600,2000,2200,2200,2200,2200,4776,0,170,494.69236794241885,2.0757429999775923,5243.598137000049,2743.141959798995
1780668026,40,POST,/api/book,13.600000,0.000000,320,480,690,870,1600,1800,2000,2200,2200,2200,2200,3722,0,280,631.6769317170858,91.69946600002277,5243.598137000049,3382.0921547555076
1780668026,40,GET,/api/concerts,2.200000,0.000000,3,8,28,30,39,44,63,63,63,63,63,716,0,3,22.429127857540994,2.1376070000087566,1296.4690070000415,753.0
1780668026,40,GET,/health,0.900000,0.000000,3,5,33,53,280,280,280,280,280,280,280,355,0,3,17.222442538028847,2.0757429999775923,1128.8988759999938,57.0
1780668026,40,,Aggregated,16.700000,0.000000,190,380,490,690,1400,1700,2000,2200,2200,2200,2200,4793,0,170,495.15434226955836,2.0757429999775923,5243.598137000049,2743.0690590444397
1780668027,40,POST,/api/book,12.800000,0.000000,280,460,680,840,1600,1800,2000,2200,2200,2200,2200,3735,0,280,631.0187292117788,91.69946600002277,5243.598137000049,3382.1191432396254
1780668027,40,GET,/api/concerts,2.500000,0.000000,3,5,13,28,39,44,63,63,63,63,63,719,0,3,22.348755755214633,2.1376070000087566,1296.4690070000415,753.0
1780668027,40,GET,/health,1.000000,0.000000,33,33,53,53,280,280,280,280,280,280,280,355,0,3,17.222442538028847,2.0757429999775923,1128.8988759999938,57.0
1780668027,40,,Aggregated,16.300000,0.000000,190,370,540,680,1200,1700,2000,2200,2200,2200,2200,4809,0,170,494.705276792471,2.0757429999775923,5243.598137000049,2743.576003327095
1780668028,40,POST,/api/book,12.800000,0.000000,280,440,670,700,1100,1600,1700,1800,2000,2000,2000,3746,0,280,630.1781573473021,91.69946600002277,5243.598137000049,3382.1043780032032
1780668028,40,GET,/api/concerts,2.500000,0.000000,3,4,8,28,39,39,44,44,44,44,44,721,0,3,22.295112065186153,2.1376070000087566,1296.4690070000415,753.0
1780668028,40,GET,/health,1.000000,0.000000,4,4,5,5,53,53,53,53,53,53,53,357,0,3,17.144489047619917,2.0757429999775923,1128.8988759999938,57.0
1780668028,40,,Aggregated,16.300000,0.000000,170,370,480,630,870,1500,1700,1800,2000,2000,2000,4824,0,170,493.9557910058028,2.0757429999775923,5243.598137000049,2743.0814676616915
1780668029,40,POST,/api/book,12.300000,0.000000,230,430,540,670,840,1200,1600,1700,1800,1800,1800,3758,0,280,628.98099437573,91.69946600002277,5243.598137000049,3382.122671633848
1780668029,40,GET,/api/concerts,2.600000,0.000000,3,13,30,33,39,43,44,44,44,44,44,726,0,3,22.318249465563536,2.1376070000087566,1296.4690070000415,753.0
1780668029,40,GET,/health,1.000000,0.000000,4,4,5,5,53,53,53,53,53,53,53,357,0,3,17.144489047619917,2.0757429999775923,1128.8988759999938,57.0
1780668029,40,,Aggregated,15.900000,0.000000,170,320,430,520,790,940,1600,1700,1800,1800,1800,4841,0,170,492.88043969551586,2.0757429999775923,5243.598137000049,2742.6242511877713
1780668030,40,POST,/api/book,13.000000,0.000000,220,420,520,610,840,1200,1600,1700,1800,1800,1800,3773,0,280,627.870460908559,91.69946600002277,5243.598137000049,3382.1741319904586
1780668030,40,GET,/api/concerts,2.500000,0.000000,3,8,28,33,41,43,44,44,44,44,44,729,0,3,22.290712905348666,2.1376070000087566,1296.4690070000415,753.0
1780668030,40,GET,/health,0.800000,0.000000,3,4,5,5,53,53,53,53,53,53,53,359,0,3,17.0648432869088,2.0757429999775923,1128.8988759999938,57.0
1780668030,40,,Aggregated,16.300000,0.000000,170,320,420,500,790,940,1600,1700,1800,1800,1800,4861,0,170,491.94228707179434,2.0757429999775923,5243.598137000049,2742.3046698210246
1780668031,40,POST,/api/book,13.000000,0.000000,200,420,580,680,840,1200,1600,1700,1800,1800,1800,3779,0,280,627.2317106808662,91.69946600002277,5243.598137000049,3382.1746493781425
1780668031,40,GET,/api/concerts,2.500000,0.000000,3,4,8,15,35,43,44,44,44,44,44,736,0,3,22.10752824184681,2.1376070000087566,1296.4690070000415,753.0
1780668031,40,GET,/health,0.800000,0.000000,3,4,5,5,53,53,53,53,53,53,53,360,0,3,17.02429007500083,2.0757429999775923,1128.8988759999938,57.0
1780668031,40,,Aggregated,16.300000,0.000000,160,270,420,520,790,940,1600,1700,1800,1800,1800,4875,0,170,490.8120040771266,2.0757429999775923,5243.598137000049,2739.6853333333333
1780668032,40,POST,/api/book,12.800000,0.000000,200,420,520,590,820,1200,1600,1700,1800,1800,1800,3791,0,280,626.1817172126067,91.69946600002277,5243.598137000049,3382.1566868900027
1780668032,40,GET,/api/concerts,3.000000,0.000000,3,5,15,28,38,43,44,44,44,44,44,740,0,3,22.061465021620684,2.1376070000087566,1296.4690070000415,753.0
1780668032,40,GET,/health,0.600000,0.000000,3,5,8,8,8,53,53,53,53,53,53,363,0,3,16.93664754821001,2.0757429999775923,1128.8988759999938,57.0
1780668032,40,,Aggregated,16.400000,0.000000,150,200,410,460,700,870,1600,1700,1800,1800,1800,4894,0,170,489.6461743214121,2.0757429999775923,5243.598137000049,2737.9785451573357
1780668033,40,POST,/api/book,11.700000,0.000000,200,420,580,700,1200,1300,1600,1700,1800,1800,1800,3806,0,280,626.3368444232771,91.69946600002277,5243.598137000049,3382.134261692065
1780668033,40,GET,/api/concerts,3.700000,0.000000,3,4,11,28,35,41,43,43,43,43,43,743,0,3,22.02435854239481,2.1376070000087566,1296.4690070000415,753.0
1780668033,40,GET,/health,0.800000,0.000000,3,5,8,8,8,53,53,53,53,53,53,363,0,3,16.93664754821001,2.0757429999775923,1128.8988759999938,57.0
1780668033,40,,Aggregated,16.200000,0.000000,150,270,420,500,840,1200,1500,1700,1800,1800,1800,4912,0,170,489.89212771416766,2.0757429999775923,5243.598137000049,2738.7160016286643
1780668034,40,POST,/api/book,11.500000,0.000000,210,420,540,680,1200,1400,1600,1700,1800,1800,1800,3819,0,280,625.5734610824802,91.69946600002277,5243.598137000049,3382.106310552501
1780668034,40,GET,/api/concerts,3.700000,0.000000,3,4,28,33,38,43,60,60,60,60,60,745,0,3,22.049016578522625,2.1376070000087566,1296.4690070000415,753.0
1780668034,40,GET,/health,1.100000,0.000000,3,4,8,8,32,53,53,53,53,53,53,366,0,3,16.898871043716383,2.0757429999775923,1128.8988759999938,57.0
1780668034,40,,Aggregated,16.300000,0.000000,160,270,420,500,870,1300,1500,1700,1800,1800,1800,4930,0,170,489.18388479249296,2.0757429999775923,5243.598137000049,2737.9535496957405
1780668035,40,POST,/api/book,11.900000,0.000000,210,420,520,680,1200,1400,1600,1600,1800,1800,1800,3830,0,280,625.8014029475175,91.69946600002277,5243.598137000049,3382.12454308094
1780668035,40,GET,/api/concerts,3.400000,0.000000,3,4,33,35,43,59,60,60,60,60,60,746,0,3,22.098951565682775,2.1376070000087566,1296.4690070000415,753.0
1780668035,40,GET,/health,1.100000,0.000000,3,8,30,32,53,60,60,60,60,60,60,369,0,3,17.013082674797165,2.0757429999775923,1128.8988759999938,57.0
1780668035,40,,Aggregated,16.400000,0.000000,160,270,410,490,850,1300,1500,1600,1800,1800,1800,4945,0,170,489.2988915397352,2.0757429999775923,5243.598137000049,2737.3726996966634
1780668036,40,POST,/api/book,12.000000,0.000000,200,420,540,700,1300,1400,1400,1600,1800,1800,1800,3845,0,280,625.7898587708696,91.69946600002277,5243.598137000049,3382.112613784135
1780668036,40,GET,/api/concerts,3.400000,0.000000,3,11,33,35,43,59,60,60,60,60,60,747,0,3,22.073101919677892,2.1376070000087566,1296.4690070000415,753.0
1780668036,40,GET,/health,1.400000,0.000000,3,8,8,30,32,60,60,60,60,60,60,369,0,3,17.013082674797165,2.0757429999775923,1128.8988759999938,57.0
1780668036,40,,Aggregated,16.800000,0.000000,160,270,420,500,1100,1400,1400,1600,1800,1800,1800,4961,0,170,489.6046042360395,2.0757429999775923,5243.598137000049,2738.9129207821
1780668037,40,POST,/api/book,12.000000,0.000000,270,420,530,860,1300,1400,1400,1600,1800,1800,1800,3861,0,280,625.1992533677787,91.69946600002277,5243.598137000049,3382.1471121471122
1780668037,40,GET,/api/concerts,3.400000,0.000000,3,11,33,35,43,59,60,60,60,60,60,748,0,3,22.047436754009915,2.1376070000087566,1296.4690070000415,753.0
1780668037,40,GET,/health,1.400000,0.000000,3,7,8,30,32,60,60,60,60,60,60,370,0,3,16.985391172973266,2.0757429999775923,1128.8988759999938,57.0
1780668037,40,,Aggregated,16.800000,0.000000,180,300,420,520,1200,1400,1400,1600,1800,1800,1800,4979,0,170,489.3895148983716,2.0757429999775923,5243.598137000049,2740.0690901787507
1780668038,40,POST,/api/book,12.500000,0.000000,300,470,860,1000,1400,1400,1600,1700,1800,1800,1800,3876,0,280,625.6260626470571,91.69946600002277,5243.598137000049,3382.173374613003
1780668038,40,GET,/api/concerts,3.000000,0.000000,3,4,33,38,59,60,170,170,170,170,170,752,0,3,22.23587719414821,2.1376070000087566,1296.4690070000415,753.0
1780668038,40,GET,/health,1.400000,0.000000,3,8,8,30,32,60,60,60,60,60,60,370,0,3,16.985391172973266,2.0757429999775923,1128.8988759999938,57.0
1780668038,40,,Aggregated,16.900000,0.000000,180,350,490,830,1300,1400,1600,1700,1800,1800,1800,4998,0,170,489.7824316134438,2.0757429999775923,5243.598137000049,2740.426170468187
1780668039,40,POST,/api/book,12.800000,0.000000,250,470,870,1100,1400,1400,1600,1700,1800,1800,1800,3887,0,280,624.6166005369165,91.69946600002277,5243.598137000049,3382.1870337020837
1780668039,40,GET,/api/concerts,2.900000,0.000000,3,3,11,33,59,60,170,170,170,170,170,755,0,3,22.15753011788014,2.1376070000087566,1296.4690070000415,753.0
1780668039,40,GET,/health,1.500000,0.000000,3,8,8,30,32,60,60,60,60,60,60,372,0,3,16.90917701075347,2.0757429999775923,1128.8988759999938,57.0
1780668039,40,,Aggregated,17.200000,0.000000,170,300,490,850,1300,1400,1600,1700,1800,1800,1800,5014,0,170,488.81210119146255,2.0757429999775923,5243.598137000049,2739.5851615476668
1780668040,40,POST,/api/book,12.800000,0.000000,290,510,870,1000,1400,1400,1600,1700,1800,1800,1800,3898,0,280,624.1019532129284,91.69946600002277,5243.598137000049,3382.2211390456646
1780668040,40,GET,/api/concerts,2.900000,0.000000,3,11,38,59,60,74,170,170,170,170,170,757,0,3,22.200391140025747,2.1376070000087566,1296.4690070000415,753.0
1780668040,40,GET,/health,1.500000,0.000000,6,8,8,30,32,60,60,60,60,60,60,373,0,3,16.879614292225998,2.0757429999775923,1128.8988759999938,57.0
1780668040,40,,Aggregated,17.200000,0.000000,180,350,530,860,1300,1400,1600,1700,1800,1800,1800,5028,0,170,488.43500514081006,2.0757429999775923,5243.598137000049,2739.6937151949087
1780668041,40,POST,/api/book,12.600000,0.000000,290,530,900,1100,1400,1400,1600,1700,1800,1800,1800,3904,0,280,623.6538081234617,91.69946600002277,5243.598137000049,3382.2289959016393
1780668041,40,GET,/api/concerts,2.900000,0.000000,3,14,59,59,74,170,170,170,170,170,170,760,0,3,22.140546134209533,2.1376070000087566,1296.4690070000415,753.0
1780668041,40,GET,/health,1.400000,0.000000,3,7,8,30,32,60,60,60,60,60,60,375,0,3,16.80439266133377,2.0757429999775923,1128.8988759999938,57.0
1780668041,40,,Aggregated,16.900000,0.000000,180,350,550,900,1300,1400,1600,1700,1800,1800,1800,5039,0,170,487.7699800007924,2.0757429999775923,5243.598137000049,2738.2173050208376
1780668042,40,POST,/api/book,12.600000,0.000000,270,530,940,1300,1500,1700,1800,2000,2100,2100,2100,3922,0,280,625.0032168732776,91.69946600002277,5243.598137000049,3382.215196328404
1780668042,40,GET,/api/concerts,2.800000,0.000000,3,5,33,59,60,74,170,170,170,170,170,763,0,3,22.064746100916516,2.1376070000087566,1296.4690070000415,753.0
1780668042,40,GET,/health,1.400000,0.000000,3,4,7,7,32,60,60,60,60,60,60,379,0,3,16.66284565171517,2.0757429999775923,1128.8988759999938,57.0
1780668042,40,,Aggregated,16.800000,0.000000,170,340,570,930,1400,1600,1700,2000,2100,2100,2100,5064,0,170,488.62820623104136,2.0757429999775923,5243.598137000049,2737.201816745656
1780668043,40,POST,/api/book,12.600000,0.000000,320,560,930,1300,1500,1700,1800,2000,2100,2100,2100,3930,0,280,624.6495897982176,91.69946600002277,5243.598137000049,3382.217302798982
1780668043,40,GET,/api/concerts,2.800000,0.000000,3,5,49,59,60,74,170,170,170,170,170,766,0,3,22.04882152610853,2.1376070000087566,1296.4690070000415,753.0
1780668043,40,GET,/health,1.400000,0.000000,3,4,6,7,30,60,60,60,60,60,60,379,0,3,16.66284565171517,2.0757429999775923,1128.8988759999938,57.0
1780668043,40,,Aggregated,16.800000,0.000000,170,380,690,900,1400,1600,1800,2000,2100,2100,2100,5075,0,170,488.2911337335948,2.0757429999775923,5243.598137000049,2737.0472906403943
1780668044,40,POST,/api/book,12.400000,0.000000,300,590,900,1200,1400,1700,1700,2000,2100,2100,2100,3943,0,280,624.0589396941406,91.69946600002277,5243.598137000049,3382.2328176515343
1780668044,40,GET,/api/concerts,2.400000,0.000000,3,3,49,59,60,74,170,170,170,170,170,768,0,3,21.998658127603193,2.1376070000087566,1296.4690070000415,753.0
1780668044,40,GET,/health,1.500000,0.000000,3,4,6,7,30,60,60,60,60,60,60,380,0,3,16.625774218421366,2.0757429999775923,1128.8988759999938,57.0
1780668044,40,,Aggregated,16.300000,0.000000,170,340,710,860,1400,1600,1700,2000,2100,2100,2100,5091,0,170,487.8957302806905,2.0757429999775923,5243.598137000049,2737.4009035552936
1780668045,40,POST,/api/book,12.600000,0.000000,300,550,780,930,1400,1700,1700,2000,2100,2100,2100,3950,0,280,623.5876931729103,91.69946600002277,5243.598137000049,3382.220506329114
1780668045,40,GET,/api/concerts,2.400000,0.000000,3,3,14,33,59,74,170,170,170,170,170,770,0,3,21.98990159740153,2.1376070000087566,1296.4690070000415,753.0
1780668045,40,GET,/health,1.600000,0.000000,3,4,4,6,7,8,8,8,8,8,8,384,0,3,16.49722833854191,2.0757429999775923,1128.8988759999938,57.0
1780668045,40,,Aggregated,16.600000,0.000000,160,320,550,770,1300,1600,1700,2000,2100,2100,2100,5104,0,170,487.1548879202576,2.0757429999775923,5243.598137000049,2735.3975313479623
1780668046,40,POST,/api/book,12.500000,0.000000,320,590,830,1000,1400,1700,1700,2000,2100,2100,2100,3966,0,280,623.456305501512,91.69946600002277,5243.598137000049,3382.2430660615228
1780668046,40,GET,/api/concerts,2.400000,0.000000,3,4,14,33,59,74,170,170,170,170,170,771,0,3,21.96477709208719,2.1376070000087566,1296.4690070000415,753.0
1780668046,40,GET,/health,1.400000,0.000000,3,4,5,6,7,8,8,8,8,8,8,387,0,3,16.402547310078,2.0757429999775923,1128.8988759999938,57.0
1780668046,40,,Aggregated,16.300000,0.000000,160,330,560,780,1300,1600,1700,2000,2100,2100,2100,5124,0,170,487.10193922052997,2.0757429999775923,5243.598137000049,2735.4797033567525
1780668047,40,POST,/api/book,12.000000,0.000000,320,530,770,900,1400,1700,2000,2100,2100,2100,2100,3973,0,280,622.6287536287431,91.69946600002277,5243.598137000049,3382.2537125597787
1780668047,40,GET,/api/concerts,2.400000,0.000000,3,3,5,14,33,49,74,74,74,74,74,774,0,3,21.90601637596809,2.1376070000087566,1296.4690070000415,753.0
1780668047,40,GET,/health,1.400000,0.000000,3,4,6,6,23,77,77,77,77,77,77,389,0,3,16.575635984576426,2.0757429999775923,1128.8988759999938,57.0
1780668047,40,,Aggregated,15.800000,0.000000,150,320,490,710,1200,1500,1700,2000,2100,2100,2100,5136,0,170,486.1968880918993,2.0757429999775923,5243.598137000049,2734.168419003115
1780668048,40,POST,/api/book,12.000000,0.000000,320,650,900,1300,1700,2000,2100,2100,2300,2300,2300,3993,0,280,624.7924412634598,91.69946600002277,5243.598137000049,3382.2256448785374
1780668048,40,GET,/api/concerts,2.500000,0.000000,3,5,15,33,74,190,190,190,190,190,190,775,0,3,22.121980187095918,2.1376070000087566,1296.4690070000415,753.0
1780668048,40,GET,/health,1.600000,0.000000,3,4,6,6,23,77,77,77,77,77,77,391,0,3,16.504630861893265,2.0757429999775923,1128.8988759999938,57.0
1780668048,40,,Aggregated,16.100000,0.000000,160,340,650,780,1500,2000,2100,2100,2300,2300,2300,5159,0,170,488.15546874917493,2.0757429999775923,5243.598137000049,2735.2372552820316
1780668049,40,POST,/api/book,11.000000,0.000000,250,590,970,1300,1700,2000,2100,2100,2300,2300,2300,4005,0,280,623.6869699403235,91.69946600002277,5243.598137000049,3382.183770287141
1780668049,40,GET,/api/concerts,2.600000,0.000000,3,4,14,15,49,190,190,190,190,190,190,777,0,3,22.072215398969576,2.1376070000087566,1296.4690070000415,753.0
1780668049,40,GET,/health,1.900000,0.000000,3,4,5,6,23,77,77,77,77,77,77,391,0,3,16.504630861893265,2.0757429999775923,1128.8988759999938,57.0
1780668049,40,,Aggregated,15.500000,0.000000,160,310,590,850,1500,2000,2100,2100,2300,2300,2300,5173,0,170,487.4289071415028,2.0757429999775923,5243.598137000049,2735.9393002126426
1780668050,40,POST,/api/book,11.000000,0.000000,250,480,850,1200,1700,2000,2100,2100,2300,2300,2300,4012,0,280,622.973064687935,91.69946600002277,5243.598137000049,3382.2078763708873
1780668050,40,GET,/api/concerts,2.600000,0.000000,3,3,4,15,49,190,190,190,190,190,190,778,0,3,22.04722042030771,2.1376070000087566,1296.4690070000415,753.0
1780668050,40,GET,/health,1.900000,0.000000,3,4,5,6,23,77,77,77,77,77,77,393,0,3,16.43419372519159,2.0757429999775923,1128.8988759999938,57.0
1780668050,40,,Aggregated,15.500000,0.000000,160,320,560,780,1500,2000,2100,2100,2300,2300,2300,5183,0,170,486.7797243196979,2.0757429999775923,5243.598137000049,2735.414431796257
1780668051,40,POST,/api/book,12.000000,0.000000,260,410,710,850,1400,2000,2100,2100,2300,2300,2300,4027,0,280,622.3017756088888,91.69946600002277,5243.598137000049,3382.200893965731
1780668051,40,GET,/api/concerts,2.200000,0.000000,3,3,15,33,49,190,190,190,190,190,190,778,0,3,22.04722042030771,2.1376070000087566,1296.4690070000415,753.0
1780668051,40,GET,/health,2.000000,0.000000,4,6,8,19,76,77,77,77,77,77,77,395,0,3,16.59160480253247,2.0757429999775923,1128.8988759999938,57.0
1780668051,40,,Aggregated,16.200000,0.000000,160,320,450,660,1300,1900,2100,2100,2300,2300,2300,5200,0,170,486.4837830309604,2.0757429999775923,5243.598137000049,2736.2446153846154
1780668052,40,POST,/api/book,11.400000,0.000000,250,370,770,1100,1900,2100,2300,2300,2900,2900,2900,4040,0,280,623.4871055873749,91.69946600002277,5243.598137000049,3382.2304455445546
1780668052,40,GET,/api/concerts,2.100000,0.000000,3,4,33,36,59,190,190,190,190,190,190,781,0,3,22.0880890358505,2.1376070000087566,1296.4690070000415,753.0
1780668052,40,GET,/health,2.000000,0.000000,4,6,19,19,76,77,77,77,77,77,77,395,0,3,16.59160480253247,2.0757429999775923,1128.8988759999938,57.0
1780668052,40,,Aggregated,15.500000,0.000000,160,320,450,750,1400,2000,2300,2300,2900,2900,2900,5216,0,170,487.4793688663714,2.0757429999775923,5243.598137000049,2736.736771472393
1780668053,40,POST,/api/book,11.400000,0.000000,290,550,1300,1500,2200,2400,2700,2900,3200,3200,3200,4054,0,280,627.1771346623077,91.69946600002277,5243.598137000049,3382.21188949186
1780668053,40,GET,/api/concerts,2.100000,0.000000,3,4,33,36,59,190,190,190,190,190,190,783,0,3,22.03812800510765,2.1376070000087566,1296.4690070000415,753.0
1780668053,40,GET,/health,2.000000,0.000000,4,6,19,19,76,77,77,77,77,77,77,396,0,3,16.556421121213035,2.0757429999775923,1128.8988759999938,57.0
1780668053,40,,Aggregated,15.500000,0.000000,170,340,660,1200,2000,2300,2700,2900,3200,3200,3200,5233,0,170,490.42390615574124,2.0757429999775923,5243.598137000049,2737.1790559908272
1780668054,40,POST,/api/book,11.600000,0.000000,260,450,1100,1400,2200,2400,2700,2900,3200,3200,3200,4067,0,280,625.9878428780416,91.69946600002277,5243.598137000049,3382.1991640029505
1780668054,40,GET,/api/concerts,1.700000,0.000000,3,3,15,36,59,190,190,190,190,190,190,789,0,3,21.96184563117787,2.1376070000087566,1296.4690070000415,753.0
1780668054,40,GET,/health,1.700000,0.000000,4,19,23,68,76,77,77,77,77,77,77,400,0,3,16.75271928750064,2.0757429999775923,1128.8988759999938,57.0
1780668054,40,,Aggregated,15.000000,0.000000,160,320,490,1000,2000,2300,2600,2900,3200,3200,3200,5256,0,170,488.9500648597782,2.0757429999775923,5243.598137000049,2734.4598554033487
1780668055,40,POST,/api/book,12.400000,0.000000,240,400,660,1400,2200,2400,2700,2900,3200,3200,3200,4081,0,280,624.841337851016,91.69946600002277,5243.598137000049,3382.186473903455
1780668055,40,GET,/api/concerts,1.700000,0.000000,3,3,15,19,50,59,190,190,190,190,190,793,0,3,21.885488228246235,2.1376070000087566,1296.4690070000415,753.0
1780668055,40,GET,/health,1.700000,0.000000,3,19,68,68,76,77,77,77,77,77,77,401,0,3,16.71754282793082,2.0757429999775923,1128.8988759999938,57.0
1780668055,40,,Aggregated,15.800000,0.000000,150,290,410,560,2000,2300,2600,2900,3200,3200,3200,5275,0,170,487.9689908263497,2.0757429999775923,5243.598137000049,2734.1590521327016
1780668056,40,POST,/api/book,12.300000,0.000000,240,400,660,1400,2200,2400,2700,2900,3200,3200,3200,4091,0,280,623.9039476563178,91.69946600002277,5243.598137000049,3382.1821070642873
1780668056,40,GET,/api/concerts,2.000000,0.000000,3,3,19,36,59,190,190,190,190,190,190,793,0,3,21.885488228246235,2.1376070000087566,1296.4690070000415,753.0
1780668056,40,GET,/health,1.900000,0.000000,3,19,68,71,76,95,95,95,95,95,95,403,0,3,16.89215550124116,2.0757429999775923,1128.8988759999938,57.0
1780668056,40,,Aggregated,16.200000,0.000000,160,300,410,650,2000,2300,2600,2900,3200,3200,3200,5287,0,170,487.3375790985425,2.0757429999775923,5243.598137000049,2734.3686400605256
1780668057,40,POST,/api/book,12.800000,0.000000,220,350,500,660,2000,2400,2700,2900,3200,3200,3200,4103,0,280,623.2833071942472,91.69946600002277,5243.598137000049,3382.179380940775
1780668057,40,GET,/api/concerts,2.300000,0.000000,3,3,11,19,44,50,59,59,59,59,59,796,0,3,21.866027045225373,2.1376070000087566,1296.4690070000415,753.0
1780668057,40,GET,/health,1.800000,0.000000,9,22,68,71,76,95,95,95,95,95,95,405,0,3,17.02358494074144,2.0757429999775923,1128.8988759999938,57.0
1780668057,40,,Aggregated,16.900000,0.000000,150,250,360,460,1500,2300,2700,2900,3200,3200,3200,5304,0,170,486.7329032516959,2.0757429999775923,5243.598137000049,2733.701923076923
1780668058,40,POST,/api/book,12.400000,0.000000,240,410,830,1300,2000,2400,2700,2900,3200,3200,3200,4116,0,280,624.1471309103488,91.69946600002277,5243.598137000049,3382.1649659863947
1780668058,40,GET,/api/concerts,2.200000,0.000000,3,11,35,36,44,50,59,59,59,59,59,799,0,3,21.881030229035517,2.1376070000087566,1296.4690070000415,753.0
1780668058,40,GET,/health,1.700000,0.000000,19,22,68,68,76,95,95,95,95,95,95,407,0,3,16.995106184275855,2.0757429999775923,1128.8988759999938,57.0
1780668058,40,,Aggregated,16.300000,0.000000,150,290,410,660,1700,2300,2700,2900,3200,3200,3200,5322,0,170,487.2960432538508,2.0757429999775923,5243.598137000049,2733.152386320932
1780668059,40,POST,/api/book,13.100000,0.000000,250,430,720,1300,2000,2400,2700,2900,3200,3200,3200,4127,0,280,623.2327855502774,91.69946600002277,5243.598137000049,3382.145141749455
1780668059,40,GET,/api/concerts,2.100000,0.000000,3,3,35,36,44,50,59,59,59,59,59,801,0,3,21.833629635454916,2.1376070000087566,1296.4690070000415,753.0
1780668059,40,GET,/health,1.600000,0.000000,9,22,65,68,76,95,95,95,95,95,95,410,0,3,16.889414021952327,2.0757429999775923,1128.8988759999938,57.0
1780668059,40,,Aggregated,16.800000,0.000000,150,290,450,590,1600,2300,2600,2900,3200,3200,3200,5338,0,170,486.4172167577733,2.0757429999775923,5243.598137000049,2732.2285500187336
1780668060,40,POST,/api/book,12.300000,0.000000,230,400,720,1000,2200,2400,2700,2900,3200,3200,3200,4135,0,280,622.631658981861,91.69946600002277,5243.598137000049,3382.150423216445
1780668060,40,GET,/api/concerts,2.400000,0.000000,3,12,35,36,44,50,59,59,59,59,59,805,0,3,21.813741139129828,2.1376070000087566,1296.4690070000415,753.0
1780668060,40,GET,/health,1.700000,0.000000,19,22,67,68,76,95,95,95,95,95,95,411,0,3,17.01082042092554,2.0757429999775923,1128.8988759999938,57.0
1780668060,40,,Aggregated,16.400000,0.000000,150,250,400,540,1600,2300,2600,2900,3200,3200,3200,5351,0,170,485.7285402167809,2.0757429999775923,5243.598137000049,2731.224817791067
1780668061,40,POST,/api/book,12.300000,0.000000,250,400,590,970,1800,2400,2700,2900,3200,3200,3200,4145,0,280,622.4509672639313,91.69946600002277,5243.598137000049,3382.1901085645354
1780668061,40,GET,/api/concerts,2.400000,0.000000,3,12,19,35,44,50,59,59,59,59,59,806,0,3,21.789938003721357,2.1376070000087566,1296.4690070000415,753.0
1780668061,40,GET,/health,1.700000,0.000000,3,22,65,67,71,95,95,95,95,95,95,412,0,3,16.975540944175762,2.0757429999775923,1128.8988759999938,57.0
1780668061,40,,Aggregated,16.400000,0.000000,150,260,400,520,1600,2300,2700,2900,3200,3200,3200,5363,0,170,485.66397020492155,2.0757429999775923,5243.598137000049,2731.601715457766
1780668062,40,POST,/api/book,12.300000,0.000000,230,320,430,520,1300,1600,1800,2900,2900,2900,2900,4150,0,280,622.5922753127697,91.69946600002277,5243.598137000049,3382.1987951807228
1780668062,40,GET,/api/concerts,2.600000,0.000000,3,11,19,35,40,44,50,50,50,50,50,808,0,3,21.751421905939797,2.1376070000087566,1296.4690070000415,753.0
1780668062,40,GET,/health,1.800000,0.000000,9,44,67,68,95,180,180,180,180,180,180,415,0,3,17.406215004820137,2.0757429999775923,1128.8988759999938,57.0
1780668062,40,,Aggregated,16.700000,0.000000,150,230,310,400,910,1400,1700,1800,2900,2900,2900,5373,0,170,485.49351771356675,2.0757429999775923,5243.598137000049,2729.9839940442957
1780668063,40,POST,/api/book,12.000000,0.000000,250,380,550,880,1600,2900,3500,3900,3900,3900,3900,4164,0,280,625.285867764648,91.69946600002277,5243.598137000049,3382.2091738712775
1780668063,40,GET,/api/concerts,2.800000,0.000000,3,12,19,35,40,44,50,50,50,50,50,811,0,3,21.696061054253036,2.1376070000087566,1296.4690070000415,753.0
1780668063,40,GET,/health,1.700000,0.000000,9,44,65,67,95,180,180,180,180,180,180,416,0,3,17.386421742789327,2.0757429999775923,1128.8988759999938,57.0
1780668063,40,,Aggregated,16.500000,0.000000,170,260,370,430,1300,1800,3200,3500,3900,3900,3900,5391,0,170,487.57533116898406,2.0757429999775923,5243.598137000049,2730.0897792617325
1780668064,40,POST,/api/book,11.200000,0.000000,300,500,990,1400,2900,3300,3800,3900,3900,3900,3900,4185,0,280,630.0436832630809,91.69946600002277,5243.598137000049,3382.1827956989246
1780668064,40,GET,/api/concerts,2.700000,0.000000,3,12,19,35,40,44,50,50,50,50,50,811,0,3,21.696061054253036,2.1376070000087566,1296.4690070000415,753.0
1780668064,40,GET,/health,1.900000,0.000000,9,22,65,65,95,180,180,180,180,180,180,417,0,3,17.35297059952131,2.0757429999775923,1128.8988759999938,57.0
1780668064,40,,Aggregated,15.800000,0.000000,180,320,520,910,2200,3100,3800,3900,3900,3900,3900,5413,0,170,491.698597581931,2.0757429999775923,5243.598137000049,2732.1054867910584
1780668065,40,POST,/api/book,10.600000,0.000000,300,520,1000,1600,2900,3300,3800,3900,3900,3900,3900,4192,0,280,629.2808013504279,91.69946600002277,5243.598137000049,3382.203959923664
1780668065,40,GET,/api/concerts,2.800000,0.000000,3,10,12,19,37,40,44,44,44,44,44,814,0,3,21.626056458229975,2.1376070000087566,1296.4690070000415,753.0
1780668065,40,GET,/health,1.900000,0.000000,9,22,65,65,95,180,180,180,180,180,180,418,0,3,17.317799112441183,2.0757429999775923,1128.8988759999938,57.0
1780668065,40,,Aggregated,15.300000,0.000000,180,310,550,970,2700,3200,3800,3900,3900,3900,3900,5424,0,170,490.92691173432763,2.0757429999775923,5243.598137000049,2731.372971976401
1780668066,40,POST,/api/book,11.500000,0.000000,260,430,1200,1600,2900,3300,3800,3900,3900,3900,3900,4203,0,280,628.5751356176526,91.69946600002277,5243.598137000049,3382.164882226981
1780668066,40,GET,/api/concerts,2.300000,0.000000,3,11,19,30,37,40,44,44,44,44,44,818,0,3,21.56781331540242,2.1376070000087566,1296.4690070000415,753.0
1780668066,40,GET,/health,1.700000,0.000000,3,9,20,44,67,180,180,180,180,180,180,418,0,3,17.317799112441183,2.0757429999775923,1128.8988759999938,57.0
1780668066,40,,Aggregated,15.500000,0.000000,180,310,430,970,2700,3200,3800,3900,3900,3900,3900,5439,0,170,490.3075209270073,2.0757429999775923,5243.598137000049,2731.204081632653
1780668067,40,POST,/api/book,11.300000,0.000000,260,420,870,1400,2900,3300,3800,3900,3900,3900,3900,4218,0,280,628.7248566941664,91.69946600002277,5243.598137000049,3382.192271218587
1780668067,40,GET,/api/concerts,2.100000,0.000000,3,6,11,12,30,37,37,37,37,37,37,819,0,3,21.54459749084154,2.1376070000087566,1296.4690070000415,753.0
1780668067,40,GET,/health,1.700000,0.000000,5,11,16,44,67,180,180,180,180,180,180,421,0,3,17.264446755345382,2.0757429999775923,1128.8988759999938,57.0
1780668067,40,,Aggregated,15.100000,0.000000,180,310,430,630,2700,3200,3800,3900,3900,3900,3900,5458,0,170,490.44976236075365,2.0757429999775923,5243.598137000049,2731.1819347746427
1780668068,40,POST,/api/book,11.200000,0.000000,300,550,1600,1700,2900,3300,3800,3900,3900,3900,3900,4234,0,280,629.9334554749631,91.69946600002277,5243.598137000049,3382.2281530467644
1780668068,40,GET,/api/concerts,2.400000,0.000000,3,6,11,12,30,37,37,37,37,37,37,821,0,3,21.498839644335234,2.1376070000087566,1296.4690070000415,753.0
1780668068,40,GET,/health,1.600000,0.000000,9,16,44,44,67,180,180,180,180,180,180,421,0,3,17.264446755345382,2.0757429999775923,1128.8988759999938,57.0
1780668068,40,,Aggregated,15.200000,0.000000,180,370,640,1400,2700,3200,3800,3900,3900,3900,3900,5476,0,170,491.6101405976977,2.0757429999775923,5243.598137000049,2732.389335281227
1780668069,40,POST,/api/book,11.600000,0.000000,300,530,1400,1700,2900,3300,3800,3900,3900,3900,3900,4249,0,280,628.9285904855243,91.69946600002277,5243.598137000049,3382.2038126618027
1780668069,40,GET,/api/concerts,2.300000,0.000000,3,4,6,10,12,30,30,30,30,30,30,821,0,3,21.498839644335234,2.1376070000087566,1296.4690070000415,753.0
1780668069,40,GET,/health,1.500000,0.000000,5,11,16,16,44,180,180,180,180,180,180,422,0,3,17.23031009241814,2.0757429999775923,1128.8988759999938,57.0
1780668069,40,,Aggregated,15.400000,0.000000,180,380,640,1400,2200,3100,3800,3900,3900,3900,3900,5492,0,170,491.12150749817766,2.0757429999775923,5243.598137000049,2733.6582301529497
1780668070,40,POST,/api/book,11.500000,0.000000,250,550,1200,1700,2900,3300,3800,3900,3900,3900,3900,4258,0,280,628.4803600699842,91.69946600002277,5243.598137000049,3382.184593705965
1780668070,40,GET,/api/concerts,2.200000,0.000000,3,4,10,11,15,21,30,30,30,30,30,828,0,3,21.389609842994158,2.1376070000087566,1296.4690070000415,753.0
1780668070,40,GET,/health,1.400000,0.000000,9,16,22,22,44,180,180,180,180,180,180,423,0,3,17.24145551300347,2.0757429999775923,1128.8988759999938,57.0
1780668070,40,,Aggregated,15.100000,0.000000,170,370,640,1200,2200,3100,3800,3900,3900,3900,3900,5509,0,170,490.30188887456745,2.0757429999775923,5243.598137000049,2731.70030858595
1780668071,40,POST,/api/book,11.900000,0.000000,240,630,1400,1700,2800,3300,3800,3900,3900,3900,3900,4270,0,270,628.5056938892252,91.69946600002277,5243.598137000049,3382.1819672131146
1780668071,40,GET,/api/concerts,2.000000,0.000000,3,4,10,11,15,21,30,30,30,30,30,831,0,3,21.32219987605198,2.1376070000087566,1296.4690070000415,753.0
1780668071,40,GET,/health,1.200000,0.000000,9,11,16,22,44,44,44,44,44,44,44,424,0,3,17.219968551887874,2.0757429999775923,1128.8988759999938,57.0
1780668071,40,,Aggregated,15.100000,0.000000,160,370,650,1200,2000,3100,3500,3900,3900,3900,3900,5525,0,170,490.26956156922915,2.0757429999775923,5243.598137000049,2731.5525791855202
1780668072,40,POST,/api/book,12.200000,0.000000,240,630,1400,1600,2000,3100,3800,3900,3900,3900,3900,4284,0,270,629.0135340905674,91.69946600002277,5243.598137000049,3382.205882352941
1780668072,40,GET,/api/concerts,2.200000,0.000000,3,4,10,11,21,30,41,41,41,41,41,833,0,3,21.32403978151165,2.1376070000087566,1296.4690070000415,753.0
1780668072,40,GET,/health,1.100000,0.000000,9,11,16,22,33,33,33,33,33,33,33,425,0,3,17.25629499294227,2.0757429999775923,1128.8988759999938,57.0
1780668072,40,,Aggregated,15.500000,0.000000,160,350,1000,1300,1900,2900,3500,3900,3900,3900,3900,5542,0,170,490.7598034200633,2.0757429999775923,5243.598137000049,2732.018044027427
1780668073,40,POST,/api/book,12.300000,0.000000,200,450,1000,1300,1700,1700,2000,2000,2200,2200,2200,4299,0,280,628.7914151063019,91.69946600002277,5243.598137000049,3382.20446615492
1780668073,40,GET,/api/concerts,2.500000,0.000000,3,3,9,12,30,31,41,41,41,41,41,839,0,3,21.232335656733234,2.1376070000087566,1296.4690070000415,753.0
1780668073,40,GET,/health,1.200000,0.000000,8,11,16,22,33,33,33,33,33,33,33,425,0,3,17.25629499294227,2.0757429999775923,1128.8988759999938,57.0
1780668073,40,,Aggregated,16.000000,0.000000,150,280,480,740,1600,1700,1900,2000,2200,2200,2200,5563,0,170,490.4407960686665,2.0757429999775923,5243.598137000049,2731.635628258134
1780668074,40,POST,/api/book,13.100000,0.000000,200,450,740,1200,1600,1700,2000,2000,2200,2200,2200,4312,0,270,627.6172493232817,91.69946600002277,5243.598137000049,3382.194573283859
1780668074,40,GET,/api/concerts,2.500000,0.000000,3,4,12,15,31,33,41,41,41,41,41,842,0,3,21.201464847979974,2.1376070000087566,1296.4690070000415,753.0
1780668074,40,GET,/health,1.000000,0.000000,11,16,22,27,33,33,33,33,33,33,33,426,0,3,17.278907617372102,2.0757429999775923,1128.8988759999938,57.0
1780668074,40,,Aggregated,16.600000,0.000000,160,290,480,720,1600,1700,1900,2000,2200,2200,2200,5580,0,170,489.5157754711452,2.0757429999775923,5243.598137000049,2731.6005376344087
1780668075,40,POST,/api/book,13.500000,0.000000,260,490,990,1200,1600,1700,2000,2000,2200,2200,2200,4325,0,280,627.1865041137552,91.69946600002277,5243.598137000049,3382.1914450867052
1780668075,40,GET,/api/concerts,2.600000,0.000000,3,3,9,12,31,33,41,41,41,41,41,844,0,3,21.157735911136445,2.1376070000087566,1296.4690070000415,753.0
1780668075,40,GET,/health,1.000000,0.000000,16,22,27,27,33,33,33,33,33,33,33,426,0,3,17.278907617372102,2.0757429999775923,1128.8988759999938,57.0
1780668075,40,,Aggregated,17.100000,0.000000,160,400,530,920,1600,1700,1900,2000,2200,2200,2200,5595,0,170,489.3296825819465,2.0757429999775923,5243.598137000049,2732.4025022341375
1780668076,40,POST,/api/book,12.600000,0.000000,220,470,920,1100,1600,1700,1900,2000,2200,2200,2200,4334,0,270,626.6733686319776,91.69946600002277,5243.598137000049,3382.1956622058146
1780668076,40,GET,/api/concerts,3.100000,0.000000,3,3,9,12,31,33,41,41,41,41,41,847,0,3,21.101695736716675,2.1376070000087566,1296.4690070000415,753.0
1780668076,40,GET,/health,1.000000,0.000000,16,22,27,27,33,33,33,33,33,33,33,427,0,3,17.244745847776343,2.0757429999775923,1128.8988759999938,57.0
1780668076,40,,Aggregated,16.700000,0.000000,160,290,490,740,1500,1700,1700,2000,2200,2200,2200,5608,0,170,488.8086701884791,2.0757429999775923,5243.598137000049,2731.9126248216835
1780668077,40,POST,/api/book,12.900000,0.000000,220,430,650,990,1500,1700,1700,1900,2100,2100,2100,4347,0,270,626.3370534616955,91.69946600002277,5243.598137000049,3382.2215320910973
1780668077,40,GET,/api/concerts,2.900000,0.000000,3,3,9,10,21,33,41,41,41,41,41,849,0,3,21.05884524499303,2.1376070000087566,1296.4690070000415,753.0
1780668077,40,GET,/health,0.800000,0.000000,22,22,27,27,33,33,33,33,33,33,33,427,0,3,17.244745847776343,2.0757429999775923,1128.8988759999938,57.0
1780668077,40,,Aggregated,16.600000,0.000000,160,280,440,600,1300,1700,1700,1900,2100,2100,2100,5623,0,170,488.6945825160929,2.0757429999775923,5243.598137000049,2732.732171438734
1780668078,40,POST,/api/book,13.100000,0.000000,220,430,860,1100,1700,1900,2200,2300,2300,2300,2300,4359,0,270,627.6279850701974,91.69946600002277,5243.598137000049,3382.2289515944026
1780668078,40,GET,/api/concerts,3.000000,0.000000,3,4,10,12,31,34,41,41,41,41,41,853,0,3,21.010183576786755,2.1376070000087566,1296.4690070000415,753.0
1780668078,40,GET,/health,0.900000,0.000000,8,22,27,27,33,33,33,33,33,33,33,428,0,3,17.211228841122708,2.0757429999775923,1128.8988759999938,57.0
1780668078,40,,Aggregated,17.000000,0.000000,160,250,430,720,1500,1700,2100,2300,2300,2300,2300,5640,0,170,489.56001408794145,2.0757429999775923,5243.598137000049,2732.2413120567376
1780668079,40,POST,/api/book,12.700000,0.000000,250,470,1100,1500,1800,2300,2300,2700,3200,3200,3200,4375,0,270,629.5849048534835,91.69946600002277,5243.598137000049,3382.2221714285715
1780668079,40,GET,/api/concerts,3.000000,0.000000,3,3,4,10,34,41,43,43,43,43,43,856,0,3,20.994603669391267,2.1376070000087566,1296.4690070000415,753.0
1780668079,40,GET,/health,0.700000,0.000000,22,22,27,27,33,33,33,33,33,33,33,428,0,3,17.211228841122708,2.0757429999775923,1128.8988759999938,57.0
1780668079,40,,Aggregated,16.400000,0.000000,160,320,600,1000,1700,2100,2300,2700,3200,3200,3200,5659,0,170,491.21253674129514,2.0757429999775923,5243.598137000049,2733.0245626435767
1780668080,40,POST,/api/book,12.600000,0.000000,240,430,920,1300,1800,2300,2300,2700,3200,3200,3200,4388,0,270,628.324405766634,91.69946600002277,5243.598137000049,3382.231540565178
1780668080,40,GET,/api/concerts,3.000000,0.000000,3,4,10,31,34,41,43,43,43,43,43,857,0,3,21.00682586347598,2.1376070000087566,1296.4690070000415,753.0
1780668080,40,GET,/health,0.700000,0.000000,22,22,27,27,33,33,33,33,33,33,33,430,0,3,17.19254579302459,2.0757429999775923,1128.8988759999938,57.0
1780668080,40,,Aggregated,16.300000,0.000000,170,290,470,860,1700,2100,2300,2700,3200,3200,3200,5675,0,170,490.3053985832579,2.0757429999775923,5243.598137000049,2733.226960352423
1780668081,40,POST,/api/book,12.900000,0.000000,240,430,860,1100,1700,2200,2300,2700,3200,3200,3200,4404,0,270,628.4174508501338,91.69946600002277,5243.598137000049,3382.242960944596
1780668081,40,GET,/api/concerts,3.500000,0.000000,3,3,9,31,33,34,43,43,43,43,43,857,0,3,21.00682586347598,2.1376070000087566,1296.4690070000415,753.0
1780668081,40,GET,/health,0.600000,0.000000,4,22,27,29,33,33,33,33,33,33,33,433,0,3,17.155852364897083,2.0757429999775923,1128.8988759999938,57.0
1780668081,40,,Aggregated,17.000000,0.000000,170,340,440,740,1500,2100,2300,2700,3200,3200,3200,5694,0,170,490.51313441921104,2.0757429999775923,5243.598137000049,2733.649455567264
1780668082,40,POST,/api/book,12.800000,0.000000,240,420,920,1100,1800,2300,2300,2700,3200,3200,3200,4415,0,270,628.400472275649,91.69946600002277,5243.598137000049,3382.2656851642128
1780668082,40,GET,/api/concerts,3.000000,0.000000,3,3,10,28,33,34,43,43,43,43,43,861,0,3,20.95234834262371,2.1376070000087566,1296.4690070000415,753.0
1780668082,40,GET,/health,0.700000,0.000000,3,4,22,27,29,29,29,29,29,29,29,435,0,3,17.089123052874676,2.0757429999775923,1128.8988759999938,57.0
1780668082,40,,Aggregated,16.500000,0.000000,170,330,430,920,1500,2100,2300,2700,3200,3200,3200,5711,0,170,490.25771765855177,2.0757429999775923,5243.598137000049,2732.5916652074943
1780668083,40,POST,/api/book,13.000000,0.000000,240,520,1000,1200,1700,2200,2300,2700,3200,3200,3200,4429,0,270,628.4068475407518,91.69946600002277,5243.598137000049,3382.277715059833
1780668083,40,GET,/api/concerts,2.600000,0.000000,3,4,10,28,34,43,43,43,43,43,43,862,0,3,20.931121037121805,2.1376070000087566,1296.4690070000415,753.0
1780668083,40,GET,/health,0.700000,0.000000,3,4,22,22,27,29,29,29,29,29,29,437,0,3,17.06735380778149,2.0757429999775923,1128.8988759999938,57.0
1780668083,40,,Aggregated,16.300000,0.000000,180,350,680,1000,1500,2100,2300,2700,3200,3200,3200,5728,0,170,490.3482869598444,2.0757429999775923,5243.598137000049,2732.9090432960893
1780668084,40,POST,/api/book,13.300000,0.000000,240,450,1000,1200,1800,2300,2300,2700,3200,3200,3200,4437,0,270,627.621269556004,91.69946600002277,5243.598137000049,3382.26031102096
1780668084,40,GET,/api/concerts,2.800000,0.000000,3,3,10,28,34,41,43,43,43,43,43,870,0,3,20.837686880458765,2.1376070000087566,1296.4690070000415,753.0
1780668084,40,GET,/health,1.100000,0.000000,3,4,12,22,22,29,29,29,29,29,29,440,0,3,16.990795640910118,2.0757429999775923,1128.8988759999938,57.0
1780668084,40,,Aggregated,17.200000,0.000000,170,270,490,1000,1500,2100,2300,2700,3200,3200,3200,5747,0,170,489.0134523556619,2.0757429999775923,5243.598137000049,2729.646598225161
1780668085,40,POST,/api/book,12.800000,0.000000,240,440,1000,1200,1900,2300,2300,2700,3200,3200,3200,4441,0,270,627.2161103107385,91.69946600002277,5243.598137000049,3382.276063949561
1780668085,40,GET,/api/concerts,2.500000,0.000000,3,5,14,28,34,41,43,43,43,43,43,874,0,3,20.773129311211786,2.1376070000087566,1296.4690070000415,753.0
1780668085,40,GET,/health,1.200000,0.000000,3,3,12,22,22,29,29,29,29,29,29,441,0,3,16.958518192744986,2.0757429999775923,1128.8988759999938,57.0
1780668085,40,,Aggregated,16.500000,0.000000,160,260,440,1000,1700,2100,2300,2700,3200,3200,3200,5756,0,170,488.3775481985733,2.0757429999775923,5243.598137000049,2728.2743224461433
1780668086,40,POST,/api/book,12.700000,0.000000,260,920,1200,1300,1800,2300,2300,2700,3200,3200,3200,4452,0,270,627.7507976538612,91.69946600002277,5243.598137000049,3382.2843665768196
1780668086,40,GET,/api/concerts,2.600000,0.000000,3,5,28,29,41,43,100,100,100,100,100,876,0,3,20.84524204109493,2.1376070000087566,1296.4690070000415,753.0
1780668086,40,GET,/health,1.400000,0.000000,3,4,4,12,22,29,29,29,29,29,29,444,0,3,16.86549079054159,2.0757429999775923,1128.8988759999938,57.0
1780668086,40,,Aggregated,16.700000,0.000000,160,280,920,1100,1500,2100,2300,2700,3200,3200,3200,5772,0,170,488.6512926358262,2.0757429999775923,5243.598137000049,2727.454261954262
1780668087,40,POST,/api/book,12.100000,0.000000,260,600,1100,1200,1600,2000,2300,2700,3200,3200,3200,4467,0,270,627.4271007615828,91.69946600002277,5243.598137000049,3382.287217371838
1780668087,40,GET,/api/concerts,2.900000,0.000000,3,5,14,28,41,43,100,100,100,100,100,879,0,3,20.785302453923975,2.1376070000087566,1296.4690070000415,753.0
1780668087,40,GET,/health,1.500000,0.000000,3,4,4,12,22,29,29,29,29,29,29,444,0,3,16.86549079054159,2.0757429999775923,1128.8988759999938,57.0
1780668087,40,,Aggregated,16.500000,0.000000,170,280,520,1000,1400,1700,2300,2700,3200,3200,3200,5790,0,170,488.5104348652831,2.0757429999775923,5243.598137000049,2728.1298791019
1780668088,40,POST,/api/book,11.700000,0.000000,240,440,1000,1200,1400,1500,1700,1700,1900,1900,1900,4479,0,270,627.5328209816902,91.69946600002277,5243.598137000049,3382.310783657066
1780668088,40,GET,/api/concerts,2.900000,0.000000,3,5,14,29,41,43,100,100,100,100,100,881,0,3,20.787524997728966,2.1376070000087566,1296.4690070000415,753.0
1780668088,40,GET,/health,1.600000,0.000000,3,4,4,12,22,29,29,29,29,29,29,445,0,3,16.83362373483272,2.0757429999775923,1128.8988759999938,57.0
1780668088,40,,Aggregated,16.200000,0.000000,160,260,420,920,1300,1400,1700,1700,1900,1900,1900,5805,0,170,488.63467308561405,2.0757429999775923,5243.598137000049,2728.359689922481
1780668089,40,POST,/api/book,11.500000,0.000000,250,490,1100,1200,1400,1500,1700,1700,1900,1900,1900,4495,0,270,627.1331579561713,91.69946600002277,5243.598137000049,3382.305228031146
1780668089,40,GET,/api/concerts,3.100000,0.000000,4,6,29,31,42,53,100,100,100,100,100,883,0,3,20.847991236692238,2.1376070000087566,1296.4690070000415,753.0
1780668089,40,GET,/health,1.700000,0.000000,3,4,12,22,29,35,35,35,35,35,35,446,0,3,16.874172408073175,2.0757429999775923,1128.8988759999938,57.0
1780668089,40,,Aggregated,16.300000,0.000000,160,260,490,1000,1300,1500,1700,1700,1900,1900,1900,5824,0,170,488.4784000976974,2.0757429999775923,5243.598137000049,2729.014938186813
1780668090,40,POST,/api/book,12.100000,0.000000,230,490,1100,1200,1400,1600,1700,1700,1900,1900,1900,4510,0,270,626.6991499878027,91.69946600002277,5243.598137000049,3382.306430155211
1780668090,40,GET,/api/concerts,3.000000,0.000000,3,5,28,29,42,53,100,100,100,100,100,885,0,3,20.806905320903034,2.1376070000087566,1296.4690070000415,753.0
1780668090,40,GET,/health,1.600000,0.000000,3,3,12,22,29,35,35,35,35,35,35,446,0,3,16.874172408073175,2.0757429999775923,1128.8988759999938,57.0
1780668090,40,,Aggregated,16.700000,0.000000,160,250,490,1000,1400,1500,1700,1700,1900,1900,1900,5841,0,170,488.33301807019166,2.0757429999775923,5243.598137000049,2730.0169491525426
1780668091,40,POST,/api/book,11.500000,0.000000,210,430,920,1100,1400,1500,1700,1700,1900,1900,1900,4523,0,270,625.9386447331398,91.69946600002277,5243.598137000049,3382.3382710590317
1780668091,40,GET,/api/concerts,2.500000,0.000000,4,14,22,37,42,53,100,100,100,100,100,890,0,3,20.80577298426881,2.1376070000087566,1296.4690070000415,753.0
1780668091,40,GET,/health,1.800000,0.000000,3,3,12,12,22,35,35,35,35,35,35,447,0,3,16.84227663534793,2.0757429999775923,1128.8988759999938,57.0
1780668091,40,,Aggregated,15.800000,0.000000,150,230,430,800,1300,1400,1600,1700,1900,1900,1900,5860,0,170,487.5710112184283,2.0757429999775923,5243.598137000049,2729.3455631399315
1780668092,40,POST,/api/book,12.000000,0.000000,210,400,690,1000,1400,1500,1700,1700,1900,1900,1900,4535,0,270,624.9068424418942,91.69946600002277,5243.598137000049,3382.2992282249174
1780668092,40,GET,/api/concerts,2.900000,0.000000,4,14,22,29,41,53,100,100,100,100,100,895,0,3,20.731385170948936,2.1376070000087566,1296.4690070000415,753.0
1780668092,40,GET,/health,1.700000,0.000000,3,3,4,4,12,35,35,35,35,35,35,448,0,3,16.81051599553702,2.0757429999775923,1128.8988759999938,57.0
1780668092,40,,Aggregated,16.600000,0.000000,150,220,400,490,1200,1400,1600,1700,1900,1900,1900,5878,0,170,486.5665585859117,2.0757429999775923,5243.598137000049,2728.512759441987
1780668093,40,POST,/api/book,12.200000,0.000000,200,320,440,910,1400,1500,1700,1700,1900,1900,1900,4548,0,270,623.6037594195229,91.69946600002277,5243.598137000049,3382.2908970976255
1780668093,40,GET,/api/concerts,3.000000,0.000000,6,21,29,37,42,53,100,100,100,100,100,898,0,3,20.730878596881233,2.1376070000087566,1296.4690070000415,753.0
1780668093,40,GET,/health,1.600000,0.000000,3,3,4,13,35,35,35,35,35,35,35,450,0,3,16.770338182223362,2.0757429999775923,1128.8988759999938,57.0
1780668093,40,,Aggregated,16.800000,0.000000,150,210,320,400,1200,1400,1600,1700,1900,1900,1900,5896,0,170,485.4669062079357,2.0757429999775923,5243.598137000049,2728.0364654002715
1780668094,40,POST,/api/book,11.700000,0.000000,200,380,530,910,1400,1600,1700,1700,1900,1900,1900,4556,0,270,623.2147398424037,91.69946600002277,5243.598137000049,3382.2989464442494
1780668094,40,GET,/api/concerts,3.400000,0.000000,7,21,23,30,42,53,100,100,100,100,100,901,0,3,20.703284324083718,2.1376070000087566,1296.4690070000415,753.0
1780668094,40,GET,/health,1.300000,0.000000,3,4,13,13,35,82,82,82,82,82,82,452,0,3,16.88526950221367,2.0757429999775923,1128.8988759999938,57.0
1780668094,40,,Aggregated,16.400000,0.000000,150,210,380,430,1300,1500,1700,1700,1900,1900,1900,5909,0,170,484.96397964342344,2.0757429999775923,5243.598137000049,2727.021661871721
1780668095,40,POST,/api/book,12.200000,0.000000,200,320,400,690,1300,1600,1700,1900,2000,2000,2000,4570,0,270,623.0844817625799,91.69946600002277,5243.598137000049,3382.2910284463896
1780668095,40,GET,/api/concerts,3.500000,0.000000,7,22,29,37,53,64,70,70,70,70,70,905,0,3,20.765479532595975,2.1376070000087566,1296.4690070000415,753.0
1780668095,40,GET,/health,1.300000,0.000000,3,4,13,35,82,82,82,82,82,82,82,453,0,3,16.853131527595096,2.0757429999775923,1128.8988759999938,57.0
1780668095,40,,Aggregated,17.000000,0.000000,150,210,320,400,1300,1500,1700,1900,2000,2000,2000,5928,0,170,484.8048767230075,2.0757429999775923,5243.598137000049,2726.780701754386
1780668096,40,POST,/api/book,11.900000,0.000000,200,390,710,1200,1500,2000,2500,2500,2500,2500,2500,4583,0,270,625.1049896583004,91.69946600002277,5243.598137000049,3382.3037311804496
1780668096,40,GET,/api/concerts,3.300000,0.000000,7,21,29,30,42,64,70,70,70,70,70,910,0,3,20.681882698900353,2.1376070000087566,1296.4690070000415,753.0
1780668096,40,GET,/health,1.000000,0.000000,3,4,13,35,82,82,82,82,82,82,82,453,0,3,16.853131527595096,2.0757429999775923,1128.8988759999938,57.0
1780668096,40,,Aggregated,16.200000,0.000000,150,210,400,530,1400,1700,2300,2500,2500,2500,2500,5946,0,170,486.26154548301196,2.0757429999775923,5243.598137000049,2726.563908509923
1780668097,40,POST,/api/book,12.600000,0.000000,200,380,690,950,1500,2100,2500,2500,2500,2500,2500,4596,0,270,625.1175791614426,91.69946600002277,5243.598137000049,3382.3281114012184
1780668097,40,GET,/api/concerts,3.200000,0.000000,7,20,23,30,42,64,70,70,70,70,70,912,0,3,20.647934990130786,2.1376070000087566,1296.4690070000415,753.0
1780668097,40,GET,/health,1.100000,0.000000,3,3,13,35,82,82,82,82,82,82,82,453,0,3,16.853131527595096,2.0757429999775923,1128.8988759999938,57.0
1780668097,40,,Aggregated,16.900000,0.000000,150,210,390,440,1300,1800,2300,2500,2500,2500,2500,5961,0,170,486.4126453814777,2.0757429999775923,5243.598137000049,2727.35061231337
1780668098,40,POST,/api/book,13.000000,0.000000,200,380,690,940,1500,2100,2500,2500,2500,2500,2500,4609,0,270,624.1314156107595,91.69946600002277,5243.598137000049,3382.3172054675633
1780668098,40,GET,/api/concerts,3.400000,0.000000,4,20,23,30,53,70,95,95,95,95,95,916,0,3,20.669737946505787,2.1376070000087566,1296.4690070000415,753.0
1780668098,40,GET,/health,1.000000,0.000000,3,3,13,35,82,82,82,82,82,82,82,453,0,3,16.853131527595096,2.0757429999775923,1128.8988759999938,57.0
1780668098,40,,Aggregated,17.400000,0.000000,150,210,380,430,1300,1800,2300,2500,2500,2500,2500,5978,0,170,485.64564119956333,2.0757429999775923,5243.598137000049,2727.4454667112745
1780668099,40,POST,/api/book,13.500000,0.000000,190,300,430,800,1700,2100,2500,2500,2500,2500,2500,4614,0,270,624.0795786720831,91.69946600002277,5243.598137000049,3382.310793237971
1780668099,40,GET,/api/concerts,3.200000,0.000000,3,17,21,23,39,70,95,95,95,95,95,918,0,3,20.630167830064536,2.1376070000087566,1296.4690070000415,753.0
1780668099,40,GET,/health,0.900000,0.000000,3,13,33,82,82,82,82,82,82,82,82,455,0,3,17.031246635166212,2.0757429999775923,1128.8988759999938,57.0
1780668099,40,,Aggregated,17.600000,0.000000,150,200,300,400,1200,2000,2300,2500,2500,2500,2500,5987,0,170,485.4168844630015,2.0757429999775923,5243.598137000049,2726.4357775179556
1780668100,40,POST,/api/book,12.600000,0.000000,200,390,950,1300,2200,2500,2500,2600,2800,2800,2800,4637,0,270,627.3558578926013,91.69946600002277,5243.598137000049,3382.3127021781324
1780668100,40,GET,/api/concerts,3.500000,0.000000,3,17,22,23,39,70,95,95,95,95,95,918,0,3,20.630167830064536,2.1376070000087566,1296.4690070000415,753.0
1780668100,40,GET,/health,0.900000,0.000000,13,33,80,82,82,82,82,82,82,82,82,456,0,3,17.16860642543993,2.0757429999775923,1128.8988759999938,57.0
1780668100,40,,Aggregated,17.000000,0.000000,160,210,390,710,2100,2400,2500,2600,2800,2800,2800,6011,0,170,488.4073351598721,2.0757429999775923,5243.598137000049,2728.5027449675595
1780668101,40,POST,/api/book,12.200000,0.000000,200,390,1100,1300,2200,2500,2500,2600,2800,2800,2800,4647,0,270,626.6144960268977,91.69946600002277,5243.598137000049,3382.3311814073595
1780668101,40,GET,/api/concerts,3.600000,0.000000,3,8,17,23,64,70,95,95,95,95,95,924,0,3,20.523791634198385,2.1376070000087566,1296.4690070000415,753.0
1780668101,40,GET,/health,0.900000,0.000000,33,80,82,82,82,82,82,82,82,82,82,456,0,3,17.16860642543993,2.0757429999775923,1128.8988759999938,57.0
1780668101,40,,Aggregated,16.700000,0.000000,160,220,400,940,2100,2400,2500,2600,2800,2800,2800,6027,0,170,487.5842759311419,2.0757429999775923,5243.598137000049,2727.6351418616227
1780668102,40,POST,/api/book,12.200000,0.000000,230,410,1100,1700,2200,2500,2500,2600,2800,2800,2800,4658,0,270,625.7961262509647,91.69946600002277,5243.598137000049,3382.3215972520393
1780668102,40,GET,/api/concerts,3.300000,0.000000,3,4,11,14,29,70,95,95,95,95,95,929,0,3,20.43785252852466,2.1376070000087566,1296.4690070000415,753.0
1780668102,40,GET,/health,1.000000,0.000000,13,33,80,82,82,82,82,82,82,82,82,457,0,3,17.136911984683895,2.0757429999775923,1128.8988759999938,57.0
1780668102,40,,Aggregated,16.500000,0.000000,170,270,430,940,2100,2400,2500,2600,2800,2800,2800,6044,0,170,486.72678521723907,2.0757429999775923,5243.598137000049,2726.7438782263403
1780668103,40,POST,/api/book,12.400000,0.000000,260,430,1200,1700,2200,2500,2500,2600,2800,2800,2800,4665,0,270,625.3155060872441,91.69946600002277,5243.598137000049,3382.3166130760987
1780668103,40,GET,/api/concerts,3.500000,0.000000,3,3,9,11,64,85,95,95,95,95,95,933,0,3,20.456874081457165,2.1376070000087566,1296.4690070000415,753.0
1780668103,40,GET,/health,0.900000,0.000000,33,80,82,82,82,82,82,82,82,82,82,458,0,3,17.10501687773049,2.0757429999775923,1128.8988759999938,57.0
1780668103,40,,Aggregated,16.800000,0.000000,170,310,440,940,2100,2400,2500,2600,2800,2800,2800,6056,0,170,486.1322980754612,2.0757429999775923,5243.598137000049,2725.7533025099074
1780668104,40,POST,/api/book,12.400000,0.000000,240,370,940,1600,2200,2500,2500,2600,2800,2800,2800,4676,0,270,624.8318289542328,91.69946600002277,5243.598137000049,3382.3111633875105
1780668104,40,GET,/api/concerts,3.300000,0.000000,3,3,9,11,31,85,95,95,95,95,95,935,0,3,20.449409771122603,2.1376070000087566,1296.4690070000415,753.0
1780668104,40,GET,/health,0.800000,0.000000,3,33,80,80,82,82,82,82,82,82,82,459,0,3,17.07314056209268,2.0757429999775923,1128.8988759999938,57.0
1780668104,40,,Aggregated,16.500000,0.000000,170,270,400,710,2200,2400,2500,2600,2800,2800,2800,6070,0,170,485.7776609298176,2.0757429999775923,5243.598137000049,2725.849258649094
1780668105,40,POST,/api/book,11.900000,0.000000,290,410,930,1300,2200,2400,2500,2600,2800,2800,2800,4691,0,270,625.5544717966302,91.69946600002277,5243.598137000049,3382.300788744404
1780668105,40,GET,/api/concerts,3.500000,0.000000,3,3,9,11,46,85,95,95,95,95,95,937,0,3,20.458026205976065,2.1376070000087566,1296.4690070000415,753.0
1780668105,40,GET,/health,0.800000,0.000000,3,33,80,80,82,82,82,82,82,82,82,459,0,3,17.07314056209268,2.0757429999775923,1128.8988759999938,57.0
1780668105,40,,Aggregated,16.200000,0.000000,180,330,440,920,1800,2200,2500,2600,2800,2800,2800,6087,0,170,486.52567262543,2.0757429999775923,5243.598137000049,2726.81074420897
1780668106,40,POST,/api/book,12.100000,0.000000,260,410,1100,1500,2000,2300,2500,2600,2800,2800,2800,4706,0,270,626.4586030658718,91.69946600002277,5243.598137000049,3382.302592435189
1780668106,40,GET,/api/concerts,3.400000,0.000000,3,3,9,11,46,85,95,95,95,95,95,939,0,3,20.42187143982911,2.1376070000087566,1296.4690070000415,753.0
1780668106,40,GET,/health,0.900000,0.000000,19,33,80,80,82,82,82,82,82,82,82,460,0,3,17.077099691305463,2.0757429999775923,1128.8988759999938,57.0
1780668106,40,,Aggregated,16.400000,0.000000,180,310,460,930,1900,2200,2500,2600,2800,2800,2800,6105,0,170,487.3293675950848,2.0757429999775923,5243.598137000049,2727.338738738739
1780668107,40,POST,/api/book,12.300000,0.000000,260,370,930,1500,2000,2300,2500,2600,2800,2800,2800,4718,0,270,625.5788468162341,91.69946600002277,5243.598137000049,3382.327469266638
1780668107,40,GET,/api/concerts,3.200000,0.000000,3,3,4,11,31,46,85,85,85,85,85,946,0,3,20.315434327695108,2.1376070000087566,1296.4690070000415,753.0
1780668107,40,GET,/health,0.700000,0.000000,19,33,80,80,82,82,82,82,82,82,82,461,0,3,17.04563810412264,2.0757429999775923,1128.8988759999938,57.0
1780668107,40,,Aggregated,16.200000,0.000000,180,310,400,780,1900,2200,2400,2600,2800,2800,2800,6125,0,170,486.2950921337132,2.0757429999775923,5243.598137000049,2725.9487346938777
1780668108,40,POST,/api/book,12.200000,0.000000,290,410,920,1500,2000,2300,2500,2600,2800,2800,2800,4729,0,270,624.810732318459,91.69946600002277,5243.598137000049,3382.3448932120955
1780668108,40,GET,/api/concerts,2.800000,0.000000,3,4,9,11,31,46,85,85,85,85,85,953,0,3,20.242595947533832,2.1376070000087566,1296.4690070000415,753.0
1780668108,40,GET,/health,0.700000,0.000000,3,3,19,19,80,80,80,80,80,80,80,462,0,3,17.014260547620243,2.0757429999775923,1128.8988759999938,57.0
1780668108,40,,Aggregated,15.700000,0.000000,190,310,410,580,1800,2200,2400,2600,2800,2800,2800,6144,0,170,485.33231371175026,2.0757429999775923,5243.598137000049,2724.455078125
1780668109,40,POST,/api/book,12.000000,0.000000,290,400,580,930,1800,2000,2200,2300,2800,2800,2800,4738,0,270,624.3327232344855,91.69946600002277,5243.598137000049,3382.3281975517098
1780668109,40,GET,/api/concerts,3.300000,0.000000,3,4,9,11,31,46,85,85,85,85,85,953,0,3,20.242595947533832,2.1376070000087566,1296.4690070000415,753.0
1780668109,40,GET,/health,0.800000,0.000000,3,3,19,19,80,80,80,80,80,80,80,462,0,3,17.014260547620243,2.0757429999775923,1128.8988759999938,57.0
1780668109,40,,Aggregated,16.100000,0.000000,180,310,400,490,1500,1900,2200,2300,2800,2800,2800,6153,0,170,485.1682471958383,2.0757429999775923,5243.598137000049,2725.404518121242
1780668110,40,POST,/api/book,12.500000,0.000000,280,370,470,640,1500,1800,1900,2000,2000,2000,2000,4753,0,270,623.485887658109,91.69946600002277,5243.598137000049,3382.3627182831897
1780668110,40,GET,/api/concerts,3.200000,0.000000,3,4,11,23,34,85,120,120,120,120,120,954,0,3,20.342511205450425,2.1376070000087566,1296.4690070000415,753.0
1780668110,40,GET,/health,0.900000,0.000000,3,3,3,3,19,19,19,19,19,19,19,463,0,3,16.983956131750496,2.0757429999775923,1128.8988759999938,57.0
1780668110,40,,Aggregated,16.600000,0.000000,180,290,370,460,1200,1600,1900,2000,2000,2000,2000,6170,0,170,484.7161671666115,2.0757429999775923,5243.598137000049,2726.276012965964
1780668111,40,POST,/api/book,12.500000,0.000000,260,370,490,660,1500,1900,2000,2000,2400,2400,2400,4760,0,270,623.3151671628135,91.69946600002277,5243.598137000049,3382.340756302521
1780668111,40,GET,/api/concerts,3.600000,0.000000,3,4,23,24,46,120,400,400,400,400,400,959,0,3,20.662606180395898,2.1376070000087566,1296.4690070000415,753.0
1780668111,40,GET,/health,0.700000,0.000000,3,3,3,19,460,460,460,460,460,460,460,465,0,3,17.905097823656934,2.0757429999775923,1128.8988759999938,57.0
1780668111,40,,Aggregated,16.800000,0.000000,160,290,390,470,1200,1700,2000,2000,2400,2400,2400,6184,0,170,484.3340080061439,2.0757429999775923,5243.598137000049,2724.5430142302716
1780668112,40,POST,/api/book,12.200000,0.000000,290,490,1100,1500,2000,2400,3000,3100,3200,3200,3200,4778,0,270,627.2766639591864,91.69946600002277,5243.598137000049,3382.333193804939
1780668112,40,GET,/api/concerts,3.600000,0.000000,3,4,4,24,46,120,400,400,400,400,400,962,0,3,20.60590164864822,2.099724000004244,1296.4690070000415,753.0
1780668112,40,GET,/health,0.700000,0.000000,3,3,19,19,410,460,460,460,460,460,460,469,0,3,18.647076432836826,2.0757429999775923,1128.8988759999938,57.0
1780668112,40,,Aggregated,16.500000,0.000000,190,370,490,1100,1800,2300,2600,3100,3200,3200,3200,6209,0,170,487.30814247543793,2.0757429999775923,5243.598137000049,2723.7730713480432
1780668113,40,POST,/api/book,11.200000,0.000000,290,490,1100,1500,2000,2400,3000,3100,3200,3200,3200,4783,0,270,626.7807151285788,91.69946600002277,5243.598137000049,3382.328245870792
1780668113,40,GET,/api/concerts,3.500000,0.000000,3,4,4,23,46,120,400,400,400,400,400,965,0,3,20.550133855958038,2.099724000004244,1296.4690070000415,753.0
1780668113,40,GET,/health,0.700000,0.000000,3,3,19,19,410,460,460,460,460,460,460,470,0,3,18.61267495957529,2.0757429999775923,1128.8988759999938,57.0
1780668113,40,,Aggregated,15.400000,0.000000,180,370,490,1100,1900,2300,3000,3100,3200,3200,3200,6218,0,170,486.72740380540273,2.0757429999775923,5243.598137000049,2722.9191058218075
1780668114,40,POST,/api/book,11.900000,0.000000,260,440,780,1300,2000,2400,3000,3100,3200,3200,3200,4794,0,270,626.1929605033359,91.69946600002277,5243.598137000049,3382.3293700458908
1780668114,40,GET,/api/concerts,3.400000,0.000000,3,4,4,23,46,120,400,400,400,400,400,966,0,3,20.54476825258752,2.099724000004244,1296.4690070000415,753.0
1780668114,40,GET,/health,1.000000,0.000000,3,3,19,19,410,460,460,460,460,460,460,471,0,3,18.58055293630652,2.0757429999775923,1128.8988759999938,57.0
1780668114,40,,Aggregated,16.300000,0.000000,170,310,440,640,1700,2300,3000,3100,3200,3200,3200,6231,0,170,486.3692407668102,2.0757429999775923,5243.598137000049,2723.3400738244263
1780668115,40,POST,/api/book,11.600000,0.000000,260,410,580,1000,1700,2400,3000,3100,3200,3200,3200,4805,0,270,625.6847590203937,91.69946600002277,5243.598137000049,3382.3296566077
1780668115,40,GET,/api/concerts,3.300000,0.000000,3,4,4,23,96,120,400,400,400,400,400,967,0,3,20.622331298862026,2.099724000004244,1296.4690070000415,753.0
1780668115,40,GET,/health,1.200000,0.000000,3,3,3,3,410,460,460,460,460,460,460,472,0,3,18.54578575847546,2.0757429999775923,1128.8988759999938,57.0
1780668115,40,,Aggregated,16.100000,0.000000,170,290,410,500,1500,2300,3000,3100,3200,3200,3200,6244,0,170,486.0843485485255,2.0757429999775923,5243.598137000049,2723.75864830237
1780668116,40,POST,/api/book,11.500000,0.000000,290,400,570,1100,2100,2400,3000,3100,3200,3200,3200,4822,0,270,626.2203380010353,91.69946600002277,5243.598137000049,3382.2967648278723
1780668116,40,GET,/api/concerts,3.000000,0.000000,3,4,23,24,96,120,400,400,400,400,400,970,0,3,20.647242591752057,2.099724000004244,1296.4690070000415,753.0
1780668116,40,GET,/health,1.200000,0.000000,3,3,3,3,410,460,460,460,460,460,460,473,0,3,18.511955579282112,2.0757429999775923,1128.8988759999938,57.0
1780668116,40,,Aggregated,15.700000,0.000000,190,340,410,500,1800,2300,3000,3100,3200,3200,3200,6265,0,170,486.57916203415704,2.0757429999775923,5243.598137000049,2724.1509976057464
1780668117,40,POST,/api/book,11.300000,0.000000,340,500,1500,1800,2300,2600,3000,3100,3200,3200,3200,4834,0,270,628.7818172480332,91.69946600002277,5243.598137000049,3382.2927182457593
1780668117,40,GET,/api/concerts,3.100000,0.000000,3,4,34,79,120,150,400,400,400,400,400,972,0,3,20.75745812345621,2.099724000004244,1296.4690070000415,753.0
1780668117,40,GET,/health,1.300000,0.000000,3,3,3,52,410,460,460,460,460,460,460,476,0,3,18.515123659665022,2.0757429999775923,1128.8988759999938,57.0
1780668117,40,,Aggregated,15.700000,0.000000,190,390,550,1400,2200,2500,3000,3100,3200,3200,3200,6282,0,170,488.4623929855133,2.0757429999775923,5243.598137000049,2723.5038204393504
1780668118,40,POST,/api/book,11.300000,0.000000,310,470,1500,1800,2300,2600,3000,3100,3200,3200,3200,4840,0,270,628.2066052216927,91.69946600002277,5243.598137000049,3382.295661157025
1780668118,40,GET,/api/concerts,3.200000,0.000000,3,4,15,79,120,150,400,400,400,400,400,976,0,3,20.685915136269937,2.099724000004244,1296.4690070000415,753.0
1780668118,40,GET,/health,1.200000,0.000000,3,3,3,3,410,460,460,460,460,460,460,479,0,3,18.416174521921768,2.0757429999775923,1128.8988759999938,57.0
1780668118,40,,Aggregated,15.700000,0.000000,180,350,470,1400,2200,2500,3000,3100,3200,3200,3200,6295,0,170,487.6141016746615,2.0757429999775923,5243.598137000049,2721.6111199364577
1780668119,40,POST,/api/book,11.700000,0.000000,340,670,1500,1900,2400,2600,3100,3200,3200,3200,3200,4849,0,270,627.8583558832731,91.69946600002277,5243.598137000049,3382.305217570633
1780668119,40,GET,/api/concerts,2.700000,0.000000,3,4,4,4,96,150,400,400,400,400,400,980,0,3,20.61398541836691,2.099724000004244,1296.4690070000415,753.0
1780668119,40,GET,/health,1.500000,0.000000,3,3,3,52,410,460,460,460,460,460,460,480,0,3,18.5356613895845,2.0757429999775923,1128.8988759999938,57.0
1780668119,40,,Aggregated,15.900000,0.000000,170,350,550,1100,2200,2500,3000,3100,3200,3200,3200,6309,0,170,487.1745111515286,2.0757429999775923,5243.598137000049,2720.8904739261375
1780668120,40,POST,/api/book,11.100000,0.000000,340,670,1500,1800,2300,2600,3000,3100,3200,3200,3200,4861,0,270,627.7476264023846,91.69946600002277,5243.598137000049,3382.3419049578274
1780668120,40,GET,/api/concerts,2.800000,0.000000,3,4,4,43,96,150,400,400,400,400,400,982,0,3,20.619615123217475,2.099724000004244,1296.4690070000415,753.0
1780668120,40,GET,/health,1.700000,0.000000,3,3,3,52,410,460,460,460,460,460,460,482,0,3,18.469605607885036,2.0757429999775923,1128.8988759999938,57.0
1780668120,40,,Aggregated,15.600000,0.000000,180,400,570,1500,2200,2500,3000,3100,3200,3200,3200,6325,0,170,487.05644646576985,2.0757429999775923,5243.598137000049,2720.708932806324
1780668121,40,POST,/api/book,11.100000,0.000000,330,500,1000,1700,2100,2400,2600,2800,2800,2800,2800,4874,0,270,628.5643260375446,91.69946600002277,5243.598137000049,3382.3574066475176
1780668121,40,GET,/api/concerts,2.600000,0.000000,3,4,4,15,79,96,150,150,150,150,150,982,0,3,20.619615123217475,2.099724000004244,1296.4690070000415,753.0
1780668121,40,GET,/health,1.700000,0.000000,3,3,3,3,52,76,76,76,76,76,76,482,0,3,18.469605607885036,2.0757429999775923,1128.8988759999938,57.0
1780668121,40,,Aggregated,15.400000,0.000000,170,340,470,690,1900,2300,2600,2600,2800,2800,2800,6338,0,170,487.9730730610594,2.0757429999775923,5243.598137000049,2722.0779425686337
1780668122,40,POST,/api/book,10.800000,0.000000,340,570,1500,1800,2300,2600,2900,2900,3100,3100,3100,4888,0,270,630.9273279402604,91.69946600002277,5243.598137000049,3382.346972176759
1780668122,40,GET,/api/concerts,2.700000,0.000000,4,4,15,43,79,96,150,150,150,150,150,985,0,3,20.62653667918715,2.099724000004244,1296.4690070000415,753.0
1780668122,40,GET,/health,1.900000,0.000000,3,3,3,52,54,76,76,76,76,76,76,483,0,3,18.543814455487592,2.0757429999775923,1128.8988759999938,57.0
1780668122,40,,Aggregated,15.400000,0.000000,200,390,620,1200,2100,2500,2900,2900,3100,3100,3100,6356,0,170,489.8122372534605,2.0757429999775923,5243.598137000049,2722.175582127124
1780668123,40,POST,/api/book,11.300000,0.000000,350,670,1600,1800,2300,2600,2900,2900,3100,3100,3100,4901,0,270,630.9444226366035,91.69946600002277,5243.598137000049,3382.3617629055293
1780668123,40,GET,/api/concerts,2.500000,0.000000,4,14,19,43,79,96,150,150,150,150,150,988,0,3,20.60439632692241,2.099724000004244,1296.4690070000415,753.0
1780668123,40,GET,/health,1.900000,0.000000,3,3,3,52,54,76,76,76,76,76,76,484,0,3,18.510592221075598,2.0757429999775923,1128.8988759999938,57.0
1780668123,40,,Aggregated,15.700000,0.000000,240,400,810,1500,2100,2500,2900,2900,3100,3100,3100,6373,0,170,489.81247223411197,2.0757429999775923,5243.598137000049,2722.1884512788324
1780668124,40,POST,/api/book,10.400000,0.000000,350,810,1600,1800,2300,2600,2900,2900,3100,3100,3100,4911,0,270,630.431618176134,91.69946600002277,5243.598137000049,3382.3807778456526
1780668124,40,GET,/api/concerts,2.200000,0.000000,4,14,25,42,47,79,150,150,150,150,150,992,0,3,20.619327370967063,2.099724000004244,1296.4690070000415,753.0
1780668124,40,GET,/health,1.600000,0.000000,3,3,3,52,54,76,76,76,76,76,76,485,0,3,18.478111709279606,2.0757429999775923,1128.8988759999938,57.0
1780668124,40,,Aggregated,14.200000,0.000000,200,400,820,1500,2100,2500,2900,2900,3100,3100,3100,6388,0,170,489.27143609799555,2.0757429999775923,5243.598137000049,2721.5862554790233
1780668125,40,POST,/api/book,11.400000,0.000000,340,620,1100,1700,2300,2600,2900,2900,3100,3100,3100,4923,0,270,629.7137432786906,91.69946600002277,5243.598137000049,3382.3562868169815
1780668125,40,GET,/api/concerts,2.200000,0.000000,4,13,19,25,43,47,150,150,150,150,150,996,0,3,20.549056779115705,2.099724000004244,1296.4690070000415,753.0
1780668125,40,GET,/health,1.400000,0.000000,3,3,3,3,54,76,76,76,76,76,76,489,0,3,18.350004378324183,2.0757429999775923,1128.8988759999938,57.0
1780668125,40,,Aggregated,15.000000,0.000000,200,390,620,890,2000,2500,2800,2900,3100,3100,3100,6408,0,170,488.37714900967467,2.0757429999775923,5243.598137000049,2719.9127652933835
1780668126,40,POST,/api/book,11.900000,0.000000,310,430,620,860,1800,2500,2900,2900,3100,3100,3100,4936,0,270,628.7760601740264,91.69946600002277,5243.598137000049,3382.3784440842787
1780668126,40,GET,/api/concerts,2.500000,0.000000,4,13,24,25,43,47,48,48,48,48,48,998,0,3,20.579971111221653,2.099724000004244,1296.4690070000415,753.0
1780668126,40,GET,/health,1.400000,0.000000,3,3,3,49,54,76,76,76,76,76,76,490,0,3,18.412127495919577,2.0757429999775923,1128.8988759999938,57.0
1780668126,40,,Aggregated,15.800000,0.000000,170,330,420,560,1600,2300,2900,2900,3100,3100,3100,6424,0,170,487.7334039011513,2.0757429999775923,5243.598137000049,2720.2434620174345
1780668127,40,POST,/api/book,11.900000,0.000000,340,520,670,820,1800,2500,2900,2900,3100,3100,3100,4953,0,270,628.0746519743577,91.69946600002277,5243.598137000049,3382.353119321623
1780668127,40,GET,/api/concerts,2.900000,0.000000,8,19,25,42,47,48,69,69,69,69,69,1001,0,3,20.602867357641532,2.099724000004244,1296.4690070000415,753.0
1780668127,40,GET,/health,1.400000,0.000000,3,3,11,49,54,76,76,76,76,76,76,491,0,3,18.398022761712124,2.0757429999775923,1128.8988759999938,57.0
1780668127,40,,Aggregated,16.200000,0.000000,230,380,530,620,1200,2300,2600,2900,3100,3100,3100,6445,0,170,487.27861142435927,2.0757429999775923,5243.598137000049,2720.641582622188
1780668128,40,POST,/api/book,11.700000,0.000000,340,460,620,810,1800,2500,2900,2900,3100,3100,3100,4959,0,270,627.6052935095772,91.69946600002277,5243.598137000049,3382.3474490824765
1780668128,40,GET,/api/concerts,2.800000,0.000000,9,22,25,42,47,48,69,69,69,69,69,1004,0,3,20.568313403385815,2.099724000004244,1296.4690070000415,753.0
1780668128,40,GET,/health,1.700000,0.000000,3,11,38,49,54,76,76,76,76,76,76,492,0,3,18.43711435975743,2.0757429999775923,1128.8988759999938,57.0
1780668128,40,,Aggregated,16.200000,0.000000,200,380,500,620,1600,2300,2900,2900,3100,3100,3100,6455,0,170,486.75697868876773,2.0757429999775923,5243.598137000049,2719.9251742835013
1780668129,40,POST,/api/book,11.800000,0.000000,310,440,620,820,1700,2500,2900,2900,3100,3100,3100,4971,0,270,627.0381565357058,91.69946600002277,5243.598137000049,3382.371756185878
1780668129,40,GET,/api/concerts,2.900000,0.000000,8,19,24,28,47,48,69,69,69,69,69,1006,0,3,20.533509367792565,2.099724000004244,1296.4690070000415,753.0
1780668129,40,GET,/health,1.400000,0.000000,3,11,38,49,54,76,76,76,76,76,76,493,0,3,18.405882799189897,2.0757429999775923,1128.8988759999938,57.0
1780668129,40,,Aggregated,16.100000,0.000000,210,340,460,590,1400,2300,2900,2900,3100,3100,3100,6470,0,170,486.35818961097294,2.0757429999775923,5243.598137000049,2720.15285935085
1780668130,40,POST,/api/book,11.700000,0.000000,310,430,620,840,1600,2500,2900,2900,3100,3100,3100,4984,0,270,627.1790207024467,91.69946600002277,5243.598137000049,3382.354333868379
1780668130,40,GET,/api/concerts,2.600000,0.000000,8,19,25,28,48,69,88,88,88,88,88,1009,0,3,20.566699573834782,2.099724000004244,1296.4690070000415,753.0
1780668130,40,GET,/health,1.200000,0.000000,3,11,49,49,49,54,54,54,54,54,54,494,0,3,18.46879646356386,2.0757429999775923,1128.8988759999938,57.0
1780668130,40,,Aggregated,15.500000,0.000000,200,340,440,590,1400,2100,2600,2900,3100,3100,3100,6487,0,170,486.47072984491996,2.0757429999775923,5243.598137000049,2720.14629258517
1780668131,40,POST,/api/book,12.100000,0.000000,310,460,780,890,1800,2300,2900,2900,3100,3100,3100,4997,0,270,627.8671710252139,91.69946600002277,5243.598137000049,3382.37902741645
1780668131,40,GET,/api/concerts,2.600000,0.000000,8,22,28,33,48,69,88,88,88,88,88,1011,0,3,20.561038723045755,2.099724000004244,1296.4690070000415,753.0
1780668131,40,GET,/health,1.400000,0.000000,3,11,49,49,49,54,54,54,54,54,54,494,0,3,18.46879646356386,2.0757429999775923,1128.8988759999938,57.0
1780668131,40,,Aggregated,16.100000,0.000000,180,340,500,620,1400,2200,2600,2900,3100,3100,3100,6502,0,170,487.1367347300823,2.0757429999775923,5243.598137000049,2720.88418948016
1780668132,40,POST,/api/book,12.000000,0.000000,300,430,620,820,1400,1800,2100,2200,2300,2300,2300,5013,0,270,627.8429497324942,91.69946600002277,5243.598137000049,3382.4149212048674
1780668132,40,GET,/api/concerts,2.800000,0.000000,4,22,25,28,48,69,88,88,88,88,88,1013,0,3,20.525809009871065,2.099724000004244,1296.4690070000415,753.0
1780668132,40,GET,/health,1.200000,0.000000,3,38,49,49,49,78,78,78,78,78,78,495,0,3,18.589537797980935,2.0757429999775923,1128.8988759999938,57.0
1780668132,40,,Aggregated,16.000000,0.000000,170,330,460,590,1400,1600,2000,2200,2300,2300,2300,6521,0,170,487.25213506302634,2.0757429999775923,5243.598137000049,2721.5227725808927
1780668133,40,POST,/api/book,12.400000,0.000000,280,390,520,720,1400,1800,2100,2200,2300,2300,2300,5025,0,270,627.4923430330334,91.69946600002277,5243.598137000049,3382.3773134328358
1780668133,40,GET,/api/concerts,2.700000,0.000000,4,22,25,28,48,69,88,88,88,88,88,1013,0,3,20.525809009871065,2.099724000004244,1296.4690070000415,753.0
1780668133,40,GET,/health,1.200000,0.000000,3,38,49,49,49,78,78,78,78,78,78,496,0,3,18.557300754033534,2.0757429999775923,1128.8988759999938,57.0
1780668133,40,,Aggregated,16.300000,0.000000,170,320,420,520,1200,1600,2000,2200,2300,2300,2300,6534,0,170,487.16652730976347,2.0757429999775923,5243.598137000049,2722.2998163452708
1780668134,40,POST,/api/book,12.800000,0.000000,280,390,720,970,1500,1800,2100,2200,2300,2300,2300,5042,0,270,627.7802003199113,91.69946600002277,5243.598137000049,3382.352637842126
1780668134,40,GET,/api/concerts,2.900000,0.000000,5,22,33,48,77,88,88,88,88,88,88,1015,0,3,20.56637770738858,2.099724000004244,1296.4690070000415,753.0
1780668134,40,GET,/health,1.200000,0.000000,11,38,49,49,78,78,78,78,78,78,78,496,0,3,18.557300754033534,2.0757429999775923,1128.8988759999938,57.0
1780668134,40,,Aggregated,16.900000,0.000000,180,340,460,770,1400,1800,2100,2200,2300,2300,2300,6553,0,170,487.61591096596896,2.0757429999775923,5243.598137000049,2723.392186784679
1780668135,40,POST,/api/book,12.500000,0.000000,250,430,810,1100,1500,1800,2100,2200,2300,2300,2300,5054,0,270,627.2993399285702,91.69946600002277,5243.598137000049,3382.3401266323704
1780668135,40,GET,/api/concerts,2.600000,0.000000,4,7,22,33,77,88,88,88,88,88,88,1016,0,3,20.548602171259265,2.099724000004244,1296.4690070000415,753.0
1780668135,40,GET,/health,1.200000,0.000000,11,38,49,49,78,78,78,78,78,78,78,498,0,3,18.495671670684178,2.0757429999775923,1128.8988759999938,57.0
1780668135,40,,Aggregated,16.300000,0.000000,180,340,520,820,1400,1800,2100,2200,2300,2300,2300,6568,0,170,487.2806163667777,2.0757429999775923,5243.598137000049,2723.474573690621
1780668136,40,POST,/api/book,12.600000,0.000000,250,390,1000,1200,1500,1900,2100,2200,2300,2300,2300,5066,0,270,627.1426844143294,91.69946600002277,5243.598137000049,3382.3442558231345
1780668136,40,GET,/api/concerts,2.500000,0.000000,3,5,8,22,77,88,88,88,88,88,88,1017,0,3,20.530844188790038,2.099724000004244,1296.4690070000415,753.0
1780668136,40,GET,/health,1.100000,0.000000,8,11,38,49,78,78,78,78,78,78,78,499,0,3,18.47389658917987,2.0757429999775923,1128.8988759999938,57.0
1780668136,40,,Aggregated,16.200000,0.000000,180,310,520,1000,1400,1800,2100,2200,2300,2300,2300,6582,0,170,487.26879097249997,2.0757429999775923,5243.598137000049,2723.974475843209
1780668137,40,POST,/api/book,12.600000,0.000000,240,500,1100,1200,1500,1800,2100,2200,2300,2300,2300,5079,0,270,627.0317240045268,91.69946600002277,5243.598137000049,3382.369954715495
1780668137,40,GET,/api/concerts,2.000000,0.000000,3,4,22,26,77,88,88,88,88,88,88,1020,0,3,20.50123235392094,2.099724000004244,1296.4690070000415,753.0
1780668137,40,GET,/health,1.100000,0.000000,8,38,49,49,78,78,78,78,78,78,78,499,0,3,18.47389658917987,2.0757429999775923,1128.8988759999938,57.0
1780668137,40,,Aggregated,15.700000,0.000000,180,340,780,1200,1400,1800,2100,2200,2300,2300,2300,6598,0,170,487.242173024855,2.0757429999775923,5243.598137000049,2724.3952712943315
1780668138,40,POST,/api/book,13.100000,0.000000,250,770,1200,1200,1500,1800,2100,2200,2300,2300,2300,5089,0,270,627.0057606795033,91.69946600002277,5243.598137000049,3382.3810178817057
1780668138,40,GET,/api/concerts,1.900000,0.000000,3,4,26,26,77,88,88,88,88,88,88,1021,0,3,20.483795585699657,2.099724000004244,1296.4690070000415,753.0
1780668138,40,GET,/health,1.000000,0.000000,4,8,49,49,78,78,78,78,78,78,78,501,0,3,18.41031702994174,2.0757429999775923,1128.8988759999938,57.0
1780668138,40,,Aggregated,16.000000,0.000000,180,380,1000,1200,1400,1800,2100,2200,2300,2300,2300,6611,0,170,487.2137105162598,2.0757429999775923,5243.598137000049,2724.2939040992287
1780668139,40,POST,/api/book,12.400000,0.000000,270,520,1200,1200,1500,1800,2100,2200,2300,2300,2300,5099,0,270,626.5878532704438,91.69946600002277,5243.598137000049,3382.3694842125906
1780668139,40,GET,/api/concerts,1.900000,0.000000,3,5,7,26,77,88,88,88,88,88,88,1022,0,3,20.4702136722107,2.099724000004244,1296.4690070000415,753.0
1780668139,40,GET,/health,0.900000,0.000000,3,4,8,49,78,78,78,78,78,78,78,502,0,3,18.37914948605741,2.0757429999775923,1128.8988759999938,57.0
1780668139,40,,Aggregated,15.200000,0.000000,190,380,1000,1200,1400,1800,2100,2200,2300,2300,2300,6623,0,170,486.95732375675595,2.0757429999775923,5243.598137000049,2724.5782877849915
1780668140,40,POST,/api/book,13.000000,0.000000,300,780,1200,1200,1700,2000,2800,2800,2800,2800,2800,5116,0,270,628.3661602994512,91.69946600002277,5243.598137000049,3382.3621970289287
1780668140,40,GET,/api/concerts,1.800000,0.000000,3,5,19,19,33,77,77,77,77,77,77,1025,0,3,20.43381902341409,2.099724000004244,1296.4690070000415,753.0
1780668140,40,GET,/health,1.000000,0.000000,3,4,8,78,130,130,130,130,130,130,130,503,0,3,18.606293103381425,2.0757429999775923,1128.8988759999938,57.0
1780668140,40,,Aggregated,15.800000,0.000000,190,380,1100,1200,1500,1900,2800,2800,2800,2800,2800,6644,0,170,488.4143446751948,2.0757429999775923,5243.598137000049,2724.96402769416
1780668141,40,POST,/api/book,12.500000,0.000000,290,780,1200,1200,1800,1900,2800,2800,2800,2800,2800,5131,0,270,629.1135244221384,91.69946600002277,5243.598137000049,3382.3303449619957
1780668141,40,GET,/api/concerts,1.600000,0.000000,3,7,12,19,26,77,77,77,77,77,77,1026,0,3,20.425151804093055,2.099724000004244,1296.4690070000415,753.0
1780668141,40,GET,/health,0.800000,0.000000,3,4,8,8,78,130,130,130,130,130,130,506,0,3,18.51622242292678,2.0757429999775923,1128.8988759999938,57.0
1780668141,40,,Aggregated,14.900000,0.000000,190,380,1000,1200,1700,1900,2500,2800,2800,2800,2800,6663,0,170,489.01499446300386,2.0757429999775923,5243.598137000049,2724.922257241483
1780668142,40,POST,/api/book,13.000000,0.000000,250,720,1100,1200,1800,1900,2800,2800,2800,2800,2800,5141,0,270,628.3305322853515,91.69946600002277,5243.598137000049,3382.3258120988135
1780668142,40,GET,/api/concerts,1.500000,0.000000,3,7,19,19,30,77,77,77,77,77,77,1029,0,3,20.399400323614508,2.099724000004244,1296.4690070000415,753.0
1780668142,40,GET,/health,0.900000,0.000000,3,4,8,8,78,130,130,130,130,130,130,506,0,3,18.51622242292678,2.0757429999775923,1128.8988759999938,57.0
1780668142,40,,Aggregated,15.400000,0.000000,180,380,1000,1200,1700,1900,2800,2800,2800,2800,2800,6676,0,170,488.4073484059309,2.0757429999775923,5243.598137000049,2725.0173756740564
1780668143,40,POST,/api/book,13.000000,0.000000,270,840,1100,1200,1800,1900,2800,2800,2800,2800,2800,5154,0,270,628.0424387522297,91.69946600002277,5243.598137000049,3382.3183934807917
1780668143,40,GET,/api/concerts,1.600000,0.000000,3,18,26,29,32,99,99,99,99,99,99,1034,0,3,20.4755321112182,2.099724000004244,1296.4690070000415,753.0
1780668143,40,GET,/health,0.900000,0.000000,3,5,8,40,71,130,130,130,130,130,130,509,0,3,18.63078065029669,2.0757429999775923,1128.8988759999938,57.0
1780668143,40,,Aggregated,15.500000,0.000000,180,380,910,1100,1500,1900,2500,2800,2800,2800,2800,6697,0,170,487.91779854905104,2.0757429999775923,5243.598137000049,2723.6201284157087
1780668144,40,POST,/api/book,13.000000,0.000000,250,570,1100,1100,1700,1900,2800,2800,2800,2800,2800,5164,0,270,627.4586505356298,91.69946600002277,5243.598137000049,3382.3230054221535
1780668144,40,GET,/api/concerts,1.500000,0.000000,3,18,26,29,32,99,99,99,99,99,99,1036,0,3,20.441197465250376,2.099724000004244,1296.4690070000415,753.0
1780668144,40,GET,/health,1.200000,0.000000,3,7,8,40,71,130,130,130,130,130,130,511,0,3,18.576985872800194,2.0757429999775923,1128.8988759999938,57.0
1780668144,40,,Aggregated,15.700000,0.000000,180,310,780,1100,1300,1800,2500,2800,2800,2800,2800,6711,0,170,487.38882308463633,2.0757429999775923,5243.598137000049,2723.2232156161526
1780668145,40,POST,/api/book,12.900000,0.000000,230,490,1000,1100,1700,1900,2800,2800,2800,2800,2800,5177,0,270,626.6535328342653,91.69946600002277,5243.598137000049,3382.3007533320456
1780668145,40,GET,/api/concerts,1.700000,0.000000,3,18,26,29,32,99,99,99,99,99,99,1037,0,3,20.424190382834556,2.099724000004244,1296.4690070000415,753.0
1780668145,40,GET,/health,1.100000,0.000000,5,8,10,10,71,130,130,130,130,130,130,513,0,3,18.53827223197049,2.0757429999775923,1128.8988759999938,57.0
1780668145,40,,Aggregated,15.700000,0.000000,170,290,560,890,1400,1800,2800,2800,2800,2800,2800,6727,0,170,486.8255327136902,2.0757429999775923,5243.598137000049,2723.394232198603
1780668146,40,POST,/api/book,12.600000,0.000000,250,560,1100,1100,1700,1900,2800,2800,2800,2800,2800,5188,0,270,626.8087743182326,91.69946600002277,5243.598137000049,3382.3105242868155
1780668146,40,GET,/api/concerts,2.000000,0.000000,3,17,19,29,32,99,770,770,770,770,770,1041,0,3,21.106610413063812,2.099724000004244,1296.4690070000415,753.0
1780668146,40,GET,/health,1.400000,0.000000,3,7,10,40,71,130,130,130,130,130,130,514,0,3,18.506952984437284,2.0757429999775923,1128.8988759999938,57.0
1780668146,40,,Aggregated,16.000000,0.000000,160,310,620,1000,1400,1800,2500,2800,2800,2800,2800,6743,0,170,486.9299238376083,2.0757429999775923,5243.598137000049,2722.9123535518315
1780668147,40,POST,/api/book,12.400000,0.000000,200,380,860,1100,1700,1900,2800,2800,2800,2800,2800,5195,0,270,626.2460546567835,91.69946600002277,5243.598137000049,3382.3310875842158
1780668147,40,GET,/api/concerts,2.100000,0.000000,3,17,19,29,32,99,770,770,770,770,770,1043,0,3,21.072441579098115,2.099724000004244,1296.4690070000415,753.0
1780668147,40,GET,/health,1.500000,0.000000,3,7,10,40,110,130,130,130,130,130,130,517,0,3,18.62992827853191,2.0757429999775923,1128.8988759999938,57.0
1780668147,40,,Aggregated,16.000000,0.000000,150,250,490,840,1500,1800,2800,2800,2800,2800,2800,6755,0,170,486.3002936238331,2.0757429999775923,5243.598137000049,2721.844263508512
1780668148,40,POST,/api/book,11.900000,0.000000,200,380,860,1100,1700,2500,2800,2800,3100,3100,3100,5205,0,270,625.8835353523515,91.69946600002277,5243.598137000049,3382.333717579251
1780668148,40,GET,/api/concerts,2.100000,0.000000,3,17,19,29,32,99,770,770,770,770,770,1044,0,3,21.054875196359458,2.099724000004244,1296.4690070000415,753.0
1780668148,40,GET,/health,1.500000,0.000000,3,7,10,40,110,130,130,130,130,130,130,519,0,3,18.56798414258369,2.0757429999775923,1128.8988759999938,57.0
1780668148,40,,Aggregated,15.500000,0.000000,150,200,380,780,1500,1900,2800,2800,3100,3100,3100,6768,0,170,486.0138704172565,2.0757429999775923,5243.598137000049,2721.743794326241
1780668149,40,POST,/api/book,11.600000,0.000000,200,860,1100,1500,2000,2800,3500,3500,3500,3500,3500,5224,0,270,629.7106134959782,91.69946600002277,5243.598137000049,3382.290773353752
1780668149,40,GET,/api/concerts,2.300000,0.000000,3,17,29,30,94,99,770,770,770,770,770,1045,0,3,21.1245152899515,2.099724000004244,1296.4690070000415,753.0
1780668149,40,GET,/health,1.600000,0.000000,3,7,10,40,110,130,130,130,130,130,130,519,0,3,18.56798414258369,2.0757429999775923,1128.8988759999938,57.0
1780668149,40,,Aggregated,15.500000,0.000000,160,310,890,1100,1900,2800,3400,3500,3500,3500,3500,6788,0,170,489.29289144829,2.0757429999775923,5243.598137000049,2723.2697407189157
1780668150,40,POST,/api/book,11.400000,0.000000,220,380,840,1100,1700,2500,3500,3500,3500,3500,3500,5243,0,270,628.5446618868949,91.69946600002277,5243.598137000049,3382.2555788670606
1780668150,40,GET,/api/concerts,2.400000,0.000000,4,17,30,32,94,99,770,770,770,770,770,1049,0,3,21.101619787415473,2.099724000004244,1296.4690070000415,753.0
1780668150,40,GET,/health,1.700000,0.000000,3,7,8,10,71,110,110,110,110,110,110,520,0,3,18.537344880770952,2.0757429999775923,1128.8988759999938,57.0
1780668150,40,,Aggregated,15.500000,0.000000,160,270,400,620,1400,1900,3400,3500,3500,3500,3500,6812,0,170,488.4372696371098,2.0757429999775923,5243.598137000049,2723.5324427480914
1780668151,40,POST,/api/book,12.400000,0.000000,240,380,620,1100,1500,2500,3500,3500,3500,3500,3500,5250,0,270,627.986029810665,91.69946600002277,5243.598137000049,3382.2777142857144
1780668151,40,GET,/api/concerts,2.400000,0.000000,4,17,29,32,94,99,770,770,770,770,770,1052,0,3,21.066114461025375,2.099724000004244,1296.4690070000415,753.0
1780668151,40,GET,/health,1.800000,0.000000,3,7,10,40,71,110,110,110,110,110,110,521,0,3,18.506749007679062,2.0757429999775923,1128.8988759999938,57.0
1780668151,40,,Aggregated,16.600000,0.000000,160,270,400,570,1400,2000,3400,3500,3500,3500,3500,6823,0,170,487.869005591674,2.0757429999775923,5243.598137000049,2722.9680492452
1780668152,40,POST,/api/book,12.600000,0.000000,250,370,850,1100,1500,2500,3500,3500,3500,3500,3500,5264,0,270,627.8061673757582,91.69946600002277,5243.598137000049,3382.308320668693
1780668152,40,GET,/api/concerts,2.400000,0.000000,4,9,29,32,94,99,770,770,770,770,770,1054,0,3,21.034078379505374,2.099724000004244,1296.4690070000415,753.0
1780668152,40,GET,/health,1.600000,0.000000,3,5,8,10,40,110,110,110,110,110,110,522,0,3,18.481113816093586,2.0757429999775923,1128.8988759999938,57.0
1780668152,40,,Aggregated,16.600000,0.000000,160,280,400,770,1400,2000,3400,3500,3500,3500,3500,6840,0,170,487.8053691652035,2.0757429999775923,5243.598137000049,2723.375292397661
1780668153,40,POST,/api/book,12.200000,0.000000,200,370,1100,1100,1500,2500,3500,3500,3500,3500,3500,5272,0,270,627.6371716654002,91.69946600002277,5243.598137000049,3382.308990895296
1780668153,40,GET,/api/concerts,2.400000,0.000000,4,9,39,44,61,94,770,770,770,770,770,1059,0,3,21.079942474031082,2.099724000004244,1296.4690070000415,753.0
1780668153,40,GET,/health,1.800000,0.000000,3,7,10,10,41,110,110,110,110,110,110,526,0,3,18.495932085552678,2.0757429999775923,1128.8988759999938,57.0
1780668153,40,,Aggregated,16.400000,0.000000,150,270,400,770,1400,2000,3400,3500,3500,3500,3500,6857,0,170,487.232855239462,2.0757429999775923,5243.598137000049,2721.152399008313
1780668154,40,POST,/api/book,11.800000,0.000000,270,460,1100,1200,1600,2500,3500,3500,3500,3500,3500,5284,0,270,627.8292430942448,91.69946600002277,5243.598137000049,3382.3052611657836
1780668154,40,GET,/api/concerts,2.600000,0.000000,6,15,44,44,61,94,770,770,770,770,770,1061,0,3,21.084362244108128,2.099724000004244,1296.4690070000415,753.0
1780668154,40,GET,/health,1.600000,0.000000,3,6,15,16,41,110,110,110,110,110,110,530,0,3,18.431075433963596,2.0757429999775923,1128.8988759999938,57.0
1780668154,40,,Aggregated,16.000000,0.000000,150,300,470,1100,1500,2000,3400,3500,3500,3500,3500,6875,0,170,487.21290164814417,2.0757429999775923,5243.598137000049,2720.1809454545455
1780668155,40,POST,/api/book,12.100000,0.000000,230,400,1100,1200,1600,2500,3500,3500,3500,3500,3500,5294,0,270,626.9344467510371,91.69946600002277,5243.598137000049,3382.3050623347185
1780668155,40,GET,/api/concerts,2.600000,0.000000,6,17,39,44,61,94,770,770,770,770,770,1064,0,3,21.058946198307,2.099724000004244,1296.4690070000415,753.0
1780668155,40,GET,/health,1.800000,0.000000,3,6,16,16,41,110,110,110,110,110,110,530,0,3,18.431075433963596,2.0757429999775923,1128.8988759999938,57.0
1780668155,40,,Aggregated,16.500000,0.000000,150,270,400,1100,1500,2000,3400,3500,3500,3500,3500,6888,0,170,486.52237947662485,2.0757429999775923,5243.598137000049,2720.2852787456445
1780668156,40,POST,/api/book,11.700000,0.000000,250,380,1100,1200,1500,2500,3500,3500,3500,3500,3500,5307,0,270,626.3957279753138,91.69946600002277,5243.598137000049,3382.3088373845862
1780668156,40,GET,/api/concerts,2.500000,0.000000,6,15,42,44,48,61,94,94,94,94,94,1066,0,3,21.06324703752221,2.099724000004244,1296.4690070000415,753.0
1780668156,40,GET,/health,1.800000,0.000000,3,6,16,36,41,110,110,110,110,110,110,530,0,3,18.431075433963596,2.0757429999775923,1128.8988759999938,57.0
1780668156,40,,Aggregated,16.000000,0.000000,150,300,390,520,1400,2000,3400,3500,3500,3500,3500,6903,0,170,486.23844990395355,2.0757429999775923,5243.598137000049,2720.964942778502
1780668157,40,POST,/api/book,11.900000,0.000000,270,440,1200,1300,1900,2500,3500,3500,3500,3500,3500,5319,0,270,627.2420078326735,91.69946600002277,5243.598137000049,3382.30870464373
1780668157,40,GET,/api/concerts,2.600000,0.000000,6,31,42,44,61,82,94,94,94,94,94,1069,0,3,21.085895555658187,2.099724000004244,1296.4690070000415,753.0
1780668157,40,GET,/health,1.800000,0.000000,5,15,16,26,36,41,41,41,41,41,41,531,0,3,18.446014988701993,2.0757429999775923,1128.8988759999938,57.0
1780668157,40,,Aggregated,16.300000,0.000000,150,320,460,1100,1600,2000,3400,3500,3500,3500,3500,6919,0,170,486.8674513614672,2.0757429999775923,5243.598137000049,2720.8735366382425
1780668158,40,POST,/api/book,11.700000,0.000000,270,390,1100,1200,1700,2100,2700,2700,2800,2800,2800,5331,0,270,629.2087923792893,91.69946600002277,5243.598137000049,3382.299193397111
1780668158,40,GET,/api/concerts,2.700000,0.000000,6,25,42,44,61,82,180,180,180,180,180,1073,0,3,21.203456448274604,2.099724000004244,1296.4690070000415,753.0
1780668158,40,GET,/health,1.600000,0.000000,3,6,16,26,36,41,41,41,41,41,41,533,0,3,18.386002874298022,2.0757429999775923,1128.8988759999938,57.0
1780668158,40,,Aggregated,16.000000,0.000000,150,280,390,690,1500,2000,2600,2700,2800,2800,2800,6937,0,170,488.23167370260825,2.0757429999775923,5243.598137000049,2720.107683436644
1780668159,40,POST,/api/book,12.100000,0.000000,270,390,1100,1200,1700,2100,2700,2700,2800,2800,2800,5348,0,270,628.7524568391906,91.69946600002277,5243.598137000049,3382.2988032909498
1780668159,40,GET,/api/concerts,2.600000,0.000000,4,15,39,42,61,82,180,180,180,180,180,1076,0,3,21.152938392192162,2.099724000004244,1296.4690070000415,753.0
1780668159,40,GET,/health,1.500000,0.000000,5,11,16,16,36,41,41,41,41,41,41,535,0,3,18.34207551588953,2.0757429999775923,1128.8988759999938,57.0
1780668159,40,,Aggregated,16.200000,0.000000,150,280,390,770,1400,2000,2600,2700,2800,2800,2800,6959,0,170,487.8778145260804,2.0757429999775923,5243.598137000049,2720.111653973272
1780668160,40,POST,/api/book,12.300000,0.000000,270,600,1100,1200,1800,2100,2700,2700,2800,2800,2800,5353,0,270,628.5610122888083,91.69946600002277,5243.598137000049,3382.3196338501775
1780668160,40,GET,/api/concerts,2.600000,0.000000,3,15,31,42,61,82,180,180,180,180,180,1078,0,3,21.118969842299215,2.099724000004244,1296.4690070000415,753.0
1780668160,40,GET,/health,1.400000,0.000000,6,11,16,16,36,41,41,41,41,41,41,537,0,3,18.291174560522858,2.0757429999775923,1128.8988759999938,57.0
1780668160,40,,Aggregated,16.300000,0.000000,150,280,450,860,1400,2000,2600,2700,2800,2800,2800,6968,0,170,487.55391920364417,2.0757429999775923,5243.598137000049,2719.2738231917338
1780668161,40,POST,/api/book,12.000000,0.000000,270,600,1100,1200,1700,2100,2700,2700,2800,2800,2800,5370,0,270,627.7624272808176,91.69946600002277,5243.598137000049,3382.296834264432
1780668161,40,GET,/api/concerts,2.900000,0.000000,3,6,39,42,61,82,180,180,180,180,180,1081,0,3,21.070148968546444,2.099724000004244,1296.4690070000415,753.0
1780668161,40,GET,/health,1.500000,0.000000,6,11,16,16,36,41,41,41,41,41,41,538,0,3,18.26602553531729,2.0757429999775923,1128.8988759999938,57.0
1780668161,40,,Aggregated,16.400000,0.000000,150,300,600,910,1400,2000,2600,2700,2800,2800,2800,6989,0,170,487.0064654844746,2.0757429999775923,5243.598137000049,2719.644155100873
1780668162,40,POST,/api/book,11.600000,0.000000,230,390,1100,1300,1800,2100,2700,2700,2800,2800,2800,5381,0,270,627.5867342977126,91.69946600002277,5243.598137000049,3382.2644489871773
1780668162,40,GET,/api/concerts,2.900000,0.000000,3,5,35,37,48,82,180,180,180,180,180,1083,0,3,21.09746853277835,2.099724000004244,1296.4690070000415,753.0
1780668162,40,GET,/health,1.700000,0.000000,6,11,15,16,26,41,41,41,41,41,41,538,0,3,18.26602553531729,2.0757429999775923,1128.8988759999938,57.0
1780668162,40,,Aggregated,16.200000,0.000000,160,280,450,850,1500,2000,2600,2700,2800,2800,2800,7002,0,170,486.963709999285,2.0757429999775923,5243.598137000049,2720.0985432733505
1780668163,40,POST,/api/book,11.700000,0.000000,190,390,910,1300,2000,2200,2700,2700,2800,2800,2800,5394,0,270,627.7291274226902,91.69946600002277,5243.598137000049,3382.246941045606
1780668163,40,GET,/api/concerts,3.100000,0.000000,3,5,25,35,42,82,180,180,180,180,180,1085,0,3,21.06388895483777,2.099724000004244,1296.4690070000415,753.0
1780668163,40,GET,/health,1.700000,0.000000,6,7,11,15,26,26,26,26,26,26,26,538,0,3,18.26602553531729,2.0757429999775923,1128.8988759999938,57.0
1780668163,40,,Aggregated,16.500000,0.000000,160,270,600,860,1700,2100,2600,2700,2800,2800,2800,7017,0,170,487.1957181946691,2.0757429999775923,5243.598137000049,2720.751175716118
1780668164,40,POST,/api/book,12.200000,0.000000,240,600,1200,1400,2000,2200,2700,2700,2800,2800,2800,5409,0,270,628.3545691819174,91.69946600002277,5243.598137000049,3382.2251802551305
1780668164,40,GET,/api/concerts,2.800000,0.000000,3,5,25,35,42,82,180,180,180,180,180,1085,0,3,21.06388895483777,2.099724000004244,1296.4690070000415,753.0
1780668164,40,GET,/health,1.600000,0.000000,6,7,11,15,26,26,26,26,26,26,26,538,0,3,18.26602553531729,2.0757429999775923,1128.8988759999938,57.0
1780668164,40,,Aggregated,16.600000,0.000000,160,320,740,1200,2000,2100,2700,2700,2800,2800,2800,7032,0,170,487.9765793457044,2.0757429999775923,5243.598137000049,2722.1454778156995
1780668165,40,POST,/api/book,11.600000,0.000000,270,740,1300,1400,2000,2100,2700,2700,2800,2800,2800,5423,0,270,628.2600073981175,91.69946600002277,5243.598137000049,3382.220357735571
1780668165,40,GET,/api/concerts,2.700000,0.000000,3,5,25,35,42,82,180,180,180,180,180,1087,0,3,21.03674355565682,2.099724000004244,1296.4690070000415,753.0
1780668165,40,GET,/health,1.300000,0.000000,5,8,11,11,26,29,29,29,29,29,29,541,0,3,18.243722985213882,2.0757429999775923,1128.8988759999938,57.0
1780668165,40,,Aggregated,15.600000,0.000000,170,340,780,1300,1900,2100,2600,2700,2800,2800,2800,7051,0,170,487.8443929229886,2.0757429999775923,5243.598137000049,2721.7598922138704
1780668166,40,POST,/api/book,12.700000,0.000000,260,760,1300,1400,2000,2100,2700,2700,2800,2800,2800,5435,0,270,628.0449786835309,91.69946600002277,5243.598137000049,3382.2114075436984
1780668166,40,GET,/api/concerts,2.500000,0.000000,3,5,25,35,57,70,180,180,180,180,180,1092,0,3,21.066368555859786,2.099724000004244,1296.4690070000415,753.0
1780668166,40,GET,/health,1.000000,0.000000,5,8,11,11,26,29,29,29,29,29,29,541,0,3,18.243722985213882,2.0757429999775923,1128.8988759999938,57.0
1780668166,40,,Aggregated,16.200000,0.000000,160,310,850,1300,1900,2100,2600,2700,2800,2800,2800,7068,0,170,487.5917922669769,2.0757429999775923,5243.598137000049,2721.481607243916
1780668167,40,POST,/api/book,12.500000,0.000000,260,740,1100,1300,1800,2100,2700,2700,2800,2800,2800,5447,0,270,627.9037331241033,91.69946600002277,5243.598137000049,3382.247659261979
1780668167,40,GET,/api/concerts,2.400000,0.000000,3,4,10,35,57,70,180,180,180,180,180,1094,0,3,21.03253031718362,2.099724000004244,1296.4690070000415,753.0
1780668167,40,GET,/health,0.900000,0.000000,7,8,11,13,29,29,29,29,29,29,29,542,0,3,18.233903824724432,2.0757429999775923,1128.8988759999938,57.0
1780668167,40,,Aggregated,15.800000,0.000000,170,310,780,1100,1600,2100,2600,2700,2800,2800,2800,7083,0,170,487.5171535178586,2.0757429999775923,5243.598137000049,2721.69687985317
1780668168,40,POST,/api/book,13.200000,0.000000,230,600,970,1100,1400,1800,2100,2100,2200,2200,2200,5462,0,270,627.5254485049416,91.69946600002277,5243.598137000049,3382.25009154156
1780668168,40,GET,/api/concerts,2.400000,0.000000,3,4,10,14,37,57,70,70,70,70,70,1101,0,3,20.94126475749229,2.099724000004244,1296.4690070000415,753.0
1780668168,40,GET,/health,1.100000,0.000000,7,8,11,13,29,29,29,29,29,29,29,544,0,3,18.17653102573643,2.0757429999775923,1128.8988759999938,57.0
1780668168,40,,Aggregated,16.700000,0.000000,160,280,700,920,1300,1700,2000,2100,2200,2200,2200,7107,0,170,486.9126727325163,2.0757429999775923,5243.598137000049,2720.403967918953
1780668169,40,POST,/api/book,13.000000,0.000000,200,360,970,1100,1400,1800,2100,2100,2200,2200,2200,5473,0,270,626.7161619784381,91.69946600002277,5243.598137000049,3382.257445642244
1780668169,40,GET,/api/concerts,2.400000,0.000000,3,5,14,18,57,61,70,70,70,70,70,1105,0,3,20.936734386424448,2.099724000004244,1296.4690070000415,753.0
1780668169,40,GET,/health,1.100000,0.000000,8,13,16,24,29,29,29,29,29,29,29,546,0,3,18.18383858058727,2.0757429999775923,1128.8988759999938,57.0
1780668169,40,,Aggregated,16.500000,0.000000,160,240,480,910,1300,1700,2000,2100,2200,2200,2200,7124,0,170,486.11468583239673,2.0757429999775923,5243.598137000049,2719.5791690061765
1780668170,40,POST,/api/book,13.100000,0.000000,230,480,970,1100,1400,1800,2100,2100,2200,2200,2200,5486,0,270,626.1533502894625,91.69946600002277,5243.598137000049,3382.2737878235507
1780668170,40,GET,/api/concerts,2.900000,0.000000,3,14,29,34,57,61,70,70,70,70,70,1108,0,3,20.95201700721951,2.099724000004244,1296.4690070000415,753.0
1780668170,40,GET,/health,1.100000,0.000000,7,13,16,16,24,29,29,29,29,29,29,547,0,3,18.15488668190266,2.0757429999775923,1128.8988759999938,57.0
1780668170,40,,Aggregated,17.100000,0.000000,160,290,510,850,1300,1700,2000,2100,2200,2200,2200,7141,0,170,485.67747339966314,2.0757429999775923,5243.598137000049,2719.5990757596974
1780668171,40,POST,/api/book,12.800000,0.000000,240,480,850,1000,1400,1800,2100,2100,2200,2200,2200,5499,0,270,625.5627059821771,91.69946600002277,5243.598137000049,3382.2849609019822
1780668171,40,GET,/api/concerts,2.800000,0.000000,5,17,29,35,57,61,70,70,70,70,70,1110,0,3,20.974721638737975,2.099724000004244,1296.4690070000415,753.0
1780668171,40,GET,/health,1.100000,0.000000,7,8,16,16,24,29,29,29,29,29,29,548,0,3,18.126366886862748,2.0757429999775923,1128.8988759999938,57.0
1780668171,40,,Aggregated,16.700000,0.000000,160,290,510,760,1300,1700,2000,2100,2200,2200,2200,7157,0,170,485.2849672025982,2.0757429999775923,5243.598137000049,2719.8897582786085
1780668172,40,POST,/api/book,13.000000,0.000000,240,480,850,1000,1300,1600,2000,2100,2100,2100,2100,5508,0,270,625.5065159782121,91.69946600002277,5243.598137000049,3382.3019244734933
1780668172,40,GET,/api/concerts,2.900000,0.000000,3,13,18,29,57,70,78,78,78,78,78,1115,0,3,20.96037682331765,2.099724000004244,1296.4690070000415,753.0
1780668172,40,GET,/health,1.100000,0.000000,6,8,16,16,24,29,29,29,29,29,29,550,0,3,18.07621327272883,2.0757429999775923,1128.8988759999938,57.0
1780668172,40,,Aggregated,17.000000,0.000000,160,280,480,740,1200,1400,1900,2100,2100,2100,2100,7173,0,170,484.95784573623246,2.0757429999775923,5243.598137000049,2718.6203819880106
1780668173,40,POST,/api/book,13.400000,0.000000,240,480,760,1000,1300,1400,1700,1800,1900,1900,1900,5521,0,270,625.8133384174954,91.69946600002277,5243.598137000049,3382.284006520558
1780668173,40,GET,/api/concerts,2.900000,0.000000,4,14,19,29,57,70,78,78,78,78,78,1117,0,3,20.94306899015139,2.099724000004244,1296.4690070000415,753.0
1780668173,40,GET,/health,1.000000,0.000000,6,8,13,16,24,29,29,29,29,29,29,551,0,3,18.057774275863597,2.0757429999775923,1128.8988759999938,57.0
1780668173,40,,Aggregated,17.300000,0.000000,160,290,450,700,1100,1300,1600,1800,1900,1900,1900,7189,0,170,485.24950383794624,2.0757429999775923,5243.598137000049,2718.8896925858953
1780668174,40,POST,/api/book,12.700000,0.000000,230,510,970,1000,1400,1700,1900,1900,2100,2100,2100,5535,0,270,626.3623508610648,91.69946600002277,5243.598137000049,3382.2583559168925
1780668174,40,GET,/api/concerts,3.200000,0.000000,4,17,29,34,61,78,100,100,100,100,100,1119,0,3,20.998112905271757,2.099724000004244,1296.4690070000415,753.0
1780668174,40,GET,/health,1.000000,0.000000,6,8,13,16,24,29,29,29,29,29,29,552,0,3,18.029776643117398,2.0757429999775923,1128.8988759999938,57.0
1780668174,40,,Aggregated,16.900000,0.000000,160,280,480,850,1200,1600,1800,1900,2100,2100,2100,7206,0,170,485.7569993150148,2.0757429999775923,5243.598137000049,2719.2438245906187
1780668175,40,POST,/api/book,13.000000,0.000000,210,480,760,1000,1400,1700,1900,1900,2100,2100,2100,5547,0,270,625.809946534522,91.69946600002277,5243.598137000049,3382.2525689561926
1780668175,40,GET,/api/concerts,3.400000,0.000000,3,14,19,29,61,78,100,100,100,100,100,1121,0,3,20.965491350579175,2.099724000004244,1296.4690070000415,753.0
1780668175,40,GET,/health,1.300000,0.000000,6,8,13,16,24,29,29,29,29,29,29,553,0,3,18.00801875045358,2.0757429999775923,1128.8988759999938,57.0
1780668175,40,,Aggregated,17.700000,0.000000,150,230,450,700,1200,1500,1800,1900,2100,2100,2100,7221,0,170,485.3660882980193,2.0757429999775923,5243.598137000049,2719.427918570835
1780668176,40,POST,/api/book,12.000000,0.000000,210,480,970,1000,1500,1800,1900,1900,2100,2100,2100,5559,0,270,626.0922705029672,91.69946600002277,5243.598137000049,3382.229897463573
1780668176,40,GET,/api/concerts,3.200000,0.000000,3,12,17,19,57,78,100,100,100,100,100,1125,0,3,20.90821223377686,2.099724000004244,1296.4690070000415,753.0
1780668176,40,GET,/health,1.300000,0.000000,6,8,13,16,23,24,24,24,24,24,24,555,0,3,17.98886107207323,2.0757429999775923,1128.8988759999938,57.0
1780668176,40,,Aggregated,16.500000,0.000000,150,220,480,760,1400,1600,1800,1900,2100,2100,2100,7239,0,170,485.4196005503519,2.0757429999775923,5243.598137000049,2718.6871114794862
1780668177,40,POST,/api/book,12.700000,0.000000,200,450,850,1200,1600,1800,1900,1900,2100,2100,2100,5569,0,270,626.558378532231,91.69946600002277,5243.598137000049,3382.220326809122
1780668177,40,GET,/api/concerts,3.300000,0.000000,4,14,29,34,78,100,150,150,150,150,150,1127,0,3,21.005689001773575,2.099724000004244,1296.4690070000415,753.0
1780668177,40,GET,/health,1.400000,0.000000,6,8,16,18,23,24,24,24,24,24,24,557,0,3,17.962046849193275,2.0757429999775923,1128.8988759999938,57.0
1780668177,40,,Aggregated,17.400000,0.000000,150,220,450,740,1500,1700,1800,1900,2100,2100,2100,7253,0,170,485.7275446912998,2.0757429999775923,5243.598137000049,2718.3186267751275
1780668178,40,POST,/api/book,12.200000,0.000000,220,510,980,1200,1600,1800,1900,1900,2100,2100,2100,5587,0,270,626.0855602729541,91.69946600002277,5243.598137000049,3382.217111150886
1780668178,40,GET,/api/concerts,3.400000,0.000000,4,19,29,57,100,100,150,150,150,150,150,1131,0,3,21.047444329795624,2.099724000004244,1296.4690070000415,753.0
1780668178,40,GET,/health,1.400000,0.000000,3,6,8,16,18,23,23,23,23,23,23,558,0,3,17.934502743728746,2.0757429999775923,1128.8988759999938,57.0
1780668178,40,,Aggregated,17.000000,0.000000,160,280,540,850,1500,1700,1800,1900,2100,2100,2100,7276,0,170,485.3974900100326,2.0757429999775923,5243.598137000049,2718.512369433755
1780668179,40,POST,/api/book,12.100000,0.000000,220,480,1000,1400,1600,1800,1900,1900,2100,2100,2100,5593,0,270,625.6535324900759,91.69946600002277,5243.598137000049,3382.2107992133024
1780668179,40,GET,/api/concerts,3.300000,0.000000,3,12,25,29,100,100,150,150,150,150,150,1134,0,3,20.998840567018473,2.099724000004244,1296.4690070000415,753.0
1780668179,40,GET,/health,1.500000,0.000000,3,6,8,18,23,33,33,33,33,33,33,560,0,3,17.934360566072634,2.0757429999775923,1128.8988759999938,57.0
1780668179,40,,Aggregated,16.900000,0.000000,150,250,480,980,1500,1700,1800,1900,2100,2100,2100,7287,0,170,484.85469113997493,2.0757429999775923,5243.598137000049,2717.5143406065595
1780668180,40,POST,/api/book,12.600000,0.000000,200,450,1100,1400,1700,1800,1900,1900,2100,2100,2100,5603,0,270,625.0129112145272,91.69946600002277,5243.598137000049,3382.2205961092272
1780668180,40,GET,/api/concerts,3.000000,0.000000,3,4,25,39,100,100,150,150,150,150,150,1136,0,3,20.998922535210255,2.099724000004244,1296.4690070000415,753.0
1780668180,40,GET,/health,1.400000,0.000000,3,6,8,18,23,33,33,33,33,33,33,561,0,3,17.906924046347328,2.0757429999775923,1128.8988759999938,57.0
1780668180,40,,Aggregated,17.000000,0.000000,150,220,450,980,1500,1700,1900,1900,2100,2100,2100,7300,0,170,484.36272629109567,2.0757429999775923,5243.598137000049,2717.5297260273974
1780668181,40,POST,/api/book,12.400000,0.000000,210,430,1000,1500,1700,1800,1900,1900,2100,2100,2100,5612,0,270,624.798953052387,91.69946600002277,5243.598137000049,3382.215431218817
1780668181,40,GET,/api/concerts,3.200000,0.000000,3,4,12,25,100,100,150,150,150,150,150,1138,0,3,20.973178614234538,2.099724000004244,1296.4690070000415,753.0
1780668181,40,GET,/health,1.400000,0.000000,3,6,8,18,23,33,33,33,33,33,33,562,0,3,17.879845120997846,2.0757429999775923,1128.8988759999938,57.0
1780668181,40,,Aggregated,17.000000,0.000000,150,240,450,980,1600,1700,1900,1900,2100,2100,2100,7312,0,170,484.1750102230577,2.0757429999775923,5243.598137000049,2717.4426969365427
1780668182,40,POST,/api/book,11.700000,0.000000,220,480,980,1500,1700,1800,2100,2100,2200,2200,2200,5620,0,270,625.093030297864,91.69946600002277,5243.598137000049,3382.2364768683274
1780668182,40,GET,/api/concerts,2.900000,0.000000,3,10,19,25,100,150,350,350,350,350,350,1141,0,3,21.24883518054219,2.099724000004244,1296.4690070000415,753.0
1780668182,40,GET,/health,1.400000,0.000000,3,6,8,18,23,33,33,33,33,33,33,562,0,3,17.879845120997846,2.0757429999775923,1128.8988759999938,57.0
1780668182,40,,Aggregated,16.000000,0.000000,160,280,510,980,1600,1800,2100,2100,2200,2200,2200,7323,0,170,484.4075138840636,2.0757429999775923,5243.598137000049,2717.380308616687
1780668183,40,POST,/api/book,11.000000,0.000000,220,440,1100,1500,1800,2400,2700,2800,2900,2900,2900,5637,0,270,626.464019279403,91.69946600002277,5243.598137000049,3382.2169593755543
1780668183,40,GET,/api/concerts,2.800000,0.000000,3,12,18,25,100,150,350,350,350,350,350,1143,0,3,21.22712423184484,2.099724000004244,1296.4690070000415,753.0
1780668183,40,GET,/health,1.400000,0.000000,3,3,18,18,23,33,33,33,33,33,33,563,0,3,17.853694564832516,2.0757429999775923,1128.8988759999938,57.0
1780668183,40,,Aggregated,15.200000,0.000000,160,260,480,860,1700,2100,2700,2800,2900,2900,2900,7343,0,170,485.5906182370961,2.0757429999775923,5243.598137000049,2718.0072177584093
1780668184,40,POST,/api/book,11.400000,0.000000,250,480,1400,1500,2100,2700,2900,3100,3200,3200,3200,5653,0,270,627.9396408025818,91.69946600002277,5243.598137000049,3382.2306739784185
1780668184,40,GET,/api/concerts,2.700000,0.000000,3,8,15,18,100,150,350,350,350,350,350,1148,0,3,21.148295009580803,2.099724000004244,1296.4690070000415,753.0
1780668184,40,GET,/health,1.400000,0.000000,3,18,23,23,32,33,33,33,33,33,33,564,0,3,17.878264530143163,2.0757429999775923,1128.8988759999938,57.0
1780668184,40,,Aggregated,15.500000,0.000000,170,320,480,1100,1800,2500,2900,3100,3200,3200,3200,7365,0,170,486.640104999728,2.0757429999775923,5243.598137000049,2717.7653767820775
1780668185,40,POST,/api/book,11.200000,0.000000,260,480,1400,1500,2200,2700,2900,3100,3200,3200,3200,5658,0,270,627.5114544381399,91.69946600002277,5243.598137000049,3382.2214563449984
1780668185,40,GET,/api/concerts,2.600000,0.000000,3,10,15,18,100,150,350,350,350,350,350,1152,0,3,21.097331207464137,2.099724000004244,1296.4690070000415,753.0
1780668185,40,GET,/health,1.200000,0.000000,3,3,18,18,32,33,33,33,33,33,33,567,0,3,17.797721828925162,2.0757429999775923,1128.8988759999938,57.0
1780668185,40,,Aggregated,15.000000,0.000000,170,320,480,1100,1800,2500,2900,3100,3200,3200,3200,7377,0,170,485.95028372495545,2.0757429999775923,5243.598137000049,2716.061271519588
1780668186,40,POST,/api/book,12.300000,0.000000,260,470,690,1100,2100,2700,2900,3100,3200,3200,3200,5677,0,270,626.9569315201683,91.69946600002277,5243.598137000049,3382.203100228994
1780668186,40,GET,/api/concerts,2.700000,0.000000,3,10,17,25,100,150,350,350,350,350,350,1155,0,3,21.134567941990014,2.099724000004244,1296.4690070000415,753.0
1780668186,40,GET,/health,1.200000,0.000000,3,3,18,18,32,33,33,33,33,33,33,567,0,3,17.797721828925162,2.0757429999775923,1128.8988759999938,57.0
1780668186,40,,Aggregated,16.200000,0.000000,180,320,480,570,1700,2500,2800,3100,3200,3200,3200,7399,0,170,485.7056675888628,2.0757429999775923,5243.598137000049,2716.9618867414515
1780668187,40,POST,/api/book,11.400000,0.000000,240,430,530,810,2200,2700,2900,3100,3200,3200,3200,5685,0,270,626.2865422656105,91.69946600002277,5243.598137000049,3382.206156552331
1780668187,40,GET,/api/concerts,2.900000,0.000000,3,8,10,15,39,93,350,350,350,350,350,1155,0,3,21.134567941990014,2.099724000004244,1296.4690070000415,753.0
1780668187,40,GET,/health,1.400000,0.000000,3,3,3,3,32,33,33,33,33,33,33,569,0,3,17.745803418278644,2.0757429999775923,1128.8988759999938,57.0
1780668187,40,,Aggregated,15.700000,0.000000,170,260,430,510,1600,2500,2900,3100,3200,3200,3200,7409,0,170,485.21349451990767,2.0757429999775923,5243.598137000049,2716.964502631934
1780668188,40,POST,/api/book,11.300000,0.000000,240,470,690,1100,2300,2700,2900,3100,3200,3200,3200,5699,0,270,626.842472774872,91.69946600002277,5243.598137000049,3382.1644148096157
1780668188,40,GET,/api/concerts,3.000000,0.000000,4,10,17,18,54,93,350,350,350,350,350,1156,0,3,21.16320814878772,2.099724000004244,1296.4690070000415,753.0
1780668188,40,GET,/health,1.200000,0.000000,3,3,3,3,32,33,33,33,33,33,33,571,0,3,17.693337683013542,2.0757429999775923,1128.8988759999938,57.0
1780668188,40,,Aggregated,15.500000,0.000000,170,330,490,630,1800,2500,2900,3100,3200,3200,3200,7426,0,170,485.718127764745,2.0757429999775923,5243.598137000049,2717.205763533531
1780668189,40,POST,/api/book,11.700000,0.000000,320,540,1000,1700,2400,2700,2900,3100,3200,3200,3200,5715,0,270,628.0617781363073,91.69946600002277,5243.598137000049,3382.1886264216973
1780668189,40,GET,/api/concerts,3.000000,0.000000,4,15,18,38,54,93,350,350,350,350,350,1158,0,3,21.161498854921067,2.099724000004244,1296.4690070000415,753.0
1780668189,40,GET,/health,1.200000,0.000000,3,3,3,3,3,32,32,32,32,32,32,572,0,3,17.667048519231844,2.0757429999775923,1128.8988759999938,57.0
1780668189,40,,Aggregated,15.900000,0.000000,180,400,570,970,2200,2500,2800,3100,3200,3200,3200,7445,0,170,486.7674451948955,2.0757429999775923,5243.598137000049,2717.7684351914036
1780668190,40,POST,/api/book,11.200000,0.000000,300,520,900,1600,2400,2700,2900,3100,3200,3200,3200,5731,0,270,627.1771737300639,91.69946600002277,5243.598137000049,3382.1615773861454
1780668190,40,GET,/api/concerts,2.600000,0.000000,8,10,17,18,54,93,350,350,350,350,350,1159,0,3,21.149760688523234,2.099724000004244,1296.4690070000415,753.0
1780668190,40,GET,/health,1.300000,0.000000,3,3,3,3,3,32,32,32,32,32,32,572,0,3,17.667048519231844,2.0757429999775923,1128.8988759999938,57.0
1780668190,40,,Aggregated,15.100000,0.000000,180,390,550,900,2200,2500,2800,3100,3200,3200,3200,7462,0,170,486.32679000777233,2.0757429999775923,5243.598137000049,2718.9090056285177
1780668191,40,POST,/api/book,11.800000,0.000000,240,460,810,1100,2400,2700,2900,3100,3200,3200,3200,5741,0,270,626.4403797782611,91.69946600002277,5243.598137000049,3382.166521511932
1780668191,40,GET,/api/concerts,2.300000,0.000000,3,10,17,18,38,54,93,93,93,93,93,1161,0,3,21.141056653745444,2.099724000004244,1296.4690070000415,753.0
1780668191,40,GET,/health,1.200000,0.000000,3,3,3,5,20,32,32,32,32,32,32,577,0,3,17.570166720971663,2.0757429999775923,1128.8988759999938,57.0
1780668191,40,,Aggregated,15.300000,0.000000,170,300,490,760,2000,2500,2800,3100,3200,3200,3200,7479,0,170,485.5030048509156,2.0757429999775923,5243.598137000049,2717.4943174221153
1780668192,40,POST,/api/book,12.800000,0.000000,250,470,840,1100,2000,2500,2900,3100,3200,3200,3200,5751,0,270,626.4851551022424,91.69946600002277,5243.598137000049,3382.167796904886
1780668192,40,GET,/api/concerts,2.300000,0.000000,3,4,17,29,38,54,93,93,93,93,93,1167,0,3,21.074994694086282,2.099724000004244,1296.4690070000415,753.0
1780668192,40,GET,/health,1.100000,0.000000,3,3,4,4,20,32,32,32,32,32,32,578,0,3,17.547083792388733,2.0757429999775923,1128.8988759999938,57.0
1780668192,40,,Aggregated,16.200000,0.000000,170,300,510,810,1800,2400,2800,3100,3200,3200,3200,7496,0,170,485.27919693609874,2.0757429999775923,5243.598137000049,2716.4546424759874
1780668193,40,POST,/api/book,12.800000,0.000000,230,400,570,840,1500,2000,2400,2400,2500,2500,2500,5759,0,270,626.3566388388601,91.69946600002277,5243.598137000049,3382.1752040284773
1780668193,40,GET,/api/concerts,2.300000,0.000000,3,4,10,17,38,54,93,93,93,93,93,1170,0,3,21.027983457263893,2.099724000004244,1296.4690070000415,753.0
1780668193,40,GET,/health,1.200000,0.000000,3,3,5,5,32,76,76,76,76,76,76,579,0,3,17.647975362695455,2.0757429999775923,1128.8988759999938,57.0
1780668193,40,,Aggregated,16.300000,0.000000,160,240,400,530,1200,1800,2300,2400,2500,2500,2500,7508,0,170,485.0837508594828,2.0757429999775923,5243.598137000049,2716.0309003729353
1780668194,40,POST,/api/book,12.700000,0.000000,280,520,830,1100,1700,2000,2400,2400,2500,2500,2500,5774,0,270,626.9701783352954,91.69946600002277,5243.598137000049,3382.166955316938
1780668194,40,GET,/api/concerts,2.600000,0.000000,3,8,17,29,38,54,93,93,93,93,93,1173,0,3,20.990226760442198,2.099724000004244,1296.4690070000415,753.0
1780668194,40,GET,/health,1.500000,0.000000,3,3,4,5,32,76,76,76,76,76,76,580,0,3,17.621835736207757,2.0757429999775923,1128.8988759999938,57.0
1780668194,40,,Aggregated,16.800000,0.000000,170,350,540,810,1500,1800,2300,2400,2500,2500,2500,7527,0,170,485.58097654111816,2.0757429999775923,5243.598137000049,2716.216420884815
1780668195,40,POST,/api/book,12.700000,0.000000,260,550,1000,1300,1700,2000,2400,2400,2500,2500,2500,5787,0,270,627.0759274439253,91.69946600002277,5243.598137000049,3382.160877829618
1780668195,40,GET,/api/concerts,2.500000,0.000000,3,4,14,29,38,54,93,93,93,93,93,1176,0,3,20.94364336734597,2.099724000004244,1296.4690070000415,753.0
1780668195,40,GET,/health,1.500000,0.000000,3,3,5,13,20,76,76,76,76,76,76,582,0,3,17.588055429554387,2.0757429999775923,1128.8988759999938,57.0
1780668195,40,,Aggregated,16.700000,0.000000,170,300,590,970,1500,1900,2300,2400,2500,2500,2500,7545,0,170,485.5870596392308,2.0757429999775923,5243.598137000049,2715.873691186216
1780668196,40,POST,/api/book,12.300000,0.000000,260,570,1200,1300,1700,2000,2400,2400,2500,2500,2500,5798,0,270,626.9037775686434,91.69946600002277,5243.598137000049,3382.1497067954465
1780668196,40,GET,/api/concerts,2.700000,0.000000,3,3,8,14,38,54,93,93,93,93,93,1180,0,3,20.8822949559311,2.099724000004244,1296.4690070000415,753.0
1780668196,40,GET,/health,1.700000,0.000000,3,4,5,13,20,76,76,76,76,76,76,582,0,3,17.588055429554387,2.0757429999775923,1128.8988759999938,57.0
1780668196,40,,Aggregated,16.700000,0.000000,170,300,590,1100,1500,1900,2300,2400,2500,2500,2500,7560,0,170,485.4054839485443,2.0757429999775923,5243.598137000049,2715.7960317460315
1780668197,40,POST,/api/book,12.100000,0.000000,300,710,1200,1300,1600,2000,2400,2400,2500,2500,2500,5812,0,270,626.8519113706117,91.69946600002277,5243.598137000049,3382.1403991741226
1780668197,40,GET,/api/concerts,2.500000,0.000000,3,4,14,29,36,38,54,54,54,54,54,1183,0,3,20.88676934403959,2.099724000004244,1296.4690070000415,753.0
1780668197,40,GET,/health,1.300000,0.000000,3,4,13,13,20,76,76,76,76,76,76,582,0,3,17.588055429554387,2.0757429999775923,1128.8988759999938,57.0
1780668197,40,,Aggregated,15.900000,0.000000,180,330,750,1100,1500,1900,2300,2400,2500,2500,2500,7577,0,170,485.4439230935721,2.0757429999775923,5243.598137000049,2716.242972152567
1780668198,40,POST,/api/book,12.600000,0.000000,280,590,1100,1200,1400,1600,1900,2000,2000,2000,2000,5827,0,270,626.6012681307695,91.69946600002277,5243.598137000049,3382.132143470053
1780668198,40,GET,/api/concerts,2.600000,0.000000,3,4,8,29,36,38,57,57,57,57,57,1187,0,3,20.87107719881954,2.099724000004244,1296.4690070000415,753.0
1780668198,40,GET,/health,1.500000,0.000000,3,5,13,13,20,76,76,76,76,76,76,582,0,3,17.588055429554387,2.0757429999775923,1128.8988759999938,57.0
1780668198,40,,Aggregated,16.700000,0.000000,180,300,590,1000,1300,1500,1700,2000,2000,2000,2000,7596,0,170,485.2838080954444,2.0757429999775923,5243.598137000049,2716.5177725118483
1780668199,40,POST,/api/book,12.300000,0.000000,260,570,1100,1200,1400,1500,1700,1900,2000,2000,2000,5834,0,270,626.3569251141574,91.69946600002277,5243.598137000049,3382.134898868701
1780668199,40,GET,/api/concerts,2.500000,0.000000,3,3,4,8,31,36,57,57,57,57,57,1190,0,3,20.825317431091403,2.099724000004244,1296.4690070000415,753.0
1780668199,40,GET,/health,1.400000,0.000000,3,5,13,16,20,76,76,76,76,76,76,585,0,3,17.53475038119739,2.0757429999775923,1128.8988759999938,57.0
1780668199,40,,Aggregated,16.200000,0.000000,160,280,530,880,1300,1500,1600,1900,2000,2000,2000,7609,0,170,484.8477142636345,2.0757429999775923,5243.598137000049,2715.309501905638
1780668200,40,POST,/api/book,12.600000,0.000000,290,590,1100,1200,1400,1500,1700,1900,2000,2000,2000,5848,0,270,625.529310503077,91.69946600002277,5243.598137000049,3382.110123119015
1780668200,40,GET,/api/concerts,3.200000,0.000000,3,3,4,4,31,36,57,57,57,57,57,1191,0,3,20.81001067254308,2.099724000004244,1296.4690070000415,753.0
1780668200,40,GET,/health,1.200000,0.000000,3,13,16,16,20,76,76,76,76,76,76,585,0,3,17.53475038119739,2.0757429999775923,1128.8988759999938,57.0
1780668200,40,,Aggregated,17.000000,0.000000,170,300,590,850,1300,1500,1600,1900,2000,2000,2000,7624,0,170,484.4094910160014,2.0757429999775923,5243.598137000049,2716.257607555089
1780668201,40,POST,/api/book,12.400000,0.000000,300,590,1100,1200,1400,1600,1800,1900,2000,2000,2000,5857,0,270,625.2468378734837,91.69946600002277,5243.598137000049,3382.1082465425984
1780668201,40,GET,/api/concerts,3.100000,0.000000,3,3,4,4,31,33,57,57,57,57,57,1192,0,3,20.796281227347965,2.099724000004244,1296.4690070000415,753.0
1780668201,40,GET,/health,1.200000,0.000000,4,13,16,16,76,76,76,76,76,76,76,585,0,3,17.53475038119739,2.0757429999775923,1128.8988759999938,57.0
1780668201,40,,Aggregated,16.700000,0.000000,200,350,640,1100,1300,1500,1800,1900,2000,2000,2000,7634,0,170,484.2962700577672,2.0757429999775923,5243.598137000049,2716.783992664396
1780668202,40,POST,/api/book,11.500000,0.000000,300,610,1100,1200,1600,2000,2000,2100,2200,2200,2200,5870,0,270,626.4386429403738,91.69946600002277,5243.598137000049,3382.095911413969
1780668202,40,GET,/api/concerts,3.300000,0.000000,3,3,4,4,31,33,57,57,57,57,57,1194,0,3,20.76756919430373,2.099724000004244,1296.4690070000415,753.0
1780668202,40,GET,/health,1.300000,0.000000,3,13,16,16,76,76,76,76,76,76,76,586,0,3,17.50896433959127,2.0757429999775923,1128.8988759999938,57.0
1780668202,40,,Aggregated,16.100000,0.000000,200,360,650,1100,1500,2000,2000,2100,2200,2200,2200,7650,0,170,485.261642455032,2.0757429999775923,5243.598137000049,2717.0440522875815
1780668203,40,POST,/api/book,11.800000,0.000000,260,480,1100,1200,1600,2000,2200,2600,2600,2600,2600,5881,0,270,626.4467050916502,91.69946600002277,5243.598137000049,3382.103553817378
1780668203,40,GET,/api/concerts,3.200000,0.000000,3,4,4,5,31,33,57,57,57,57,57,1196,0,3,20.738498988293063,2.099724000004244,1296.4690070000415,753.0
1780668203,40,GET,/health,1.100000,0.000000,3,3,13,16,76,76,76,76,76,76,76,587,0,3,17.483526940375636,2.0757429999775923,1128.8988759999938,57.0
1780668203,40,,Aggregated,16.100000,0.000000,170,300,610,1000,1400,2000,2200,2600,2600,2600,2600,7664,0,170,485.28172595876765,2.0757429999775923,5243.598137000049,2717.144832985386
1780668204,40,POST,/api/book,11.700000,0.000000,280,610,1100,1300,2000,2700,3000,3100,3300,3300,3300,5893,0,270,628.653133357542,91.69946600002277,5243.598137000049,3382.109621584931
1780668204,40,GET,/api/concerts,2.600000,0.000000,3,4,4,5,33,57,99,99,99,99,99,1197,0,3,20.80361056641481,2.099724000004244,1296.4690070000415,753.0
1780668204,40,GET,/health,0.800000,0.000000,3,4,13,16,46,46,46,46,46,46,46,590,0,3,17.483587267797496,2.0757429999775923,1128.8988759999938,57.0
1780668204,40,,Aggregated,15.100000,0.000000,180,320,650,1100,2000,2600,3000,3100,3300,3300,3300,7680,0,170,486.9622595328119,2.0757429999775923,5243.598137000049,2716.893619791667
1780668205,40,POST,/api/book,12.100000,0.000000,290,610,1100,1300,2000,2700,3000,3100,3300,3300,3300,5909,0,270,628.5600126422398,91.69946600002277,5243.598137000049,3382.1299712303266
1780668205,40,GET,/api/concerts,2.800000,0.000000,3,4,5,31,37,57,99,99,99,99,99,1201,0,3,20.772214448791523,2.099724000004244,1296.4690070000415,753.0
1780668205,40,GET,/health,0.800000,0.000000,3,4,13,16,46,46,46,46,46,46,46,590,0,3,17.483587267797496,2.0757429999775923,1128.8988759999938,57.0
1780668205,40,,Aggregated,15.700000,0.000000,200,320,780,1100,2000,2600,3000,3100,3300,3300,3300,7700,0,170,486.9381637329865,2.0757429999775923,5243.598137000049,2717.2712987012987
1780668206,40,POST,/api/book,11.400000,0.000000,260,460,1000,1200,2000,2700,3000,3100,3300,3300,3300,5917,0,270,627.9755229722824,91.69946600002277,5243.598137000049,3382.142132837587
1780668206,40,GET,/api/concerts,2.500000,0.000000,3,4,5,31,37,57,99,99,99,99,99,1203,0,3,20.743735807147672,2.099724000004244,1296.4690070000415,753.0
1780668206,40,GET,/health,0.700000,0.000000,3,4,16,46,53,53,53,53,53,53,53,591,0,3,17.54428708798758,2.0757429999775923,1128.8988759999938,57.0
1780668206,40,,Aggregated,14.600000,0.000000,190,310,530,1000,2000,2600,3000,3100,3300,3300,3300,7711,0,170,486.45500677888674,2.0757429999775923,5243.598137000049,2717.115938270004
1780668207,40,POST,/api/book,12.100000,0.000000,260,360,650,1200,2000,2700,3000,3100,3300,3300,3300,5927,0,270,627.42209400253,91.69946600002277,5243.598137000049,3382.1214779821157
1780668207,40,GET,/api/concerts,2.500000,0.000000,3,3,4,4,37,99,99,99,99,99,99,1205,0,3,20.714243142737512,2.099724000004244,1296.4690070000415,753.0
1780668207,40,GET,/health,1.000000,0.000000,3,16,17,41,46,53,53,53,53,53,53,595,0,3,17.53328294790069,2.0757429999775923,1128.8988759999938,57.0
1780668207,40,,Aggregated,15.600000,0.000000,190,310,450,650,2000,2600,3000,3100,3300,3300,3300,7727,0,170,485.84492267296434,2.0757429999775923,5243.598137000049,2716.0753203054223
1780668208,40,POST,/api/book,12.100000,0.000000,230,360,650,1500,2000,2700,3000,3100,3300,3300,3300,5939,0,270,627.3404515647408,91.69946600002277,5243.598137000049,3382.1161811752822
1780668208,40,GET,/api/concerts,2.200000,0.000000,3,3,4,4,37,99,99,99,99,99,99,1206,0,3,20.699429679932443,2.099724000004244,1296.4690070000415,753.0
1780668208,40,GET,/health,0.800000,0.000000,4,17,41,46,53,130,130,130,130,130,130,596,0,3,17.714439951343646,2.0757429999775923,1128.8988759999938,57.0
1780668208,40,,Aggregated,15.100000,0.000000,160,290,360,640,2000,2600,3000,3100,3300,3300,3300,7741,0,170,485.89281233018926,2.0757429999775923,5243.598137000049,2716.506652887224
1780668209,40,POST,/api/book,11.800000,0.000000,280,480,1400,1700,2100,2700,3000,3100,3300,3300,3300,5955,0,270,628.6787188146086,91.69946600002277,5243.598137000049,3382.128967254408
1780668209,40,GET,/api/concerts,2.400000,0.000000,3,4,5,7,37,99,190,190,190,190,190,1212,0,3,20.786904202143944,2.099724000004244,1296.4690070000415,753.0
1780668209,40,GET,/health,1.000000,0.000000,4,17,41,46,53,130,130,130,130,130,130,597,0,3,17.689918092128462,2.0757429999775923,1128.8988759999938,57.0
1780668209,40,,Aggregated,15.200000,0.000000,170,320,650,1400,2000,2600,3000,3100,3300,3300,3300,7764,0,170,486.8027279153779,2.0757429999775923,5243.598137000049,2716.028207109737
1780668210,40,POST,/api/book,11.400000,0.000000,280,460,1400,1700,2100,2700,3000,3100,3300,3300,3300,5969,0,270,627.8386263958778,91.69946600002277,5243.598137000049,3382.147930976713
1780668210,40,GET,/api/concerts,1.900000,0.000000,3,4,5,7,37,99,190,190,190,190,190,1212,0,3,20.786904202143944,2.099724000004244,1296.4690070000415,753.0
1780668210,40,GET,/health,1.300000,0.000000,3,4,41,46,53,130,130,130,130,130,130,600,0,3,17.615581976667826,2.0757429999775923,1128.8988759999938,57.0
1780668210,40,,Aggregated,14.600000,0.000000,180,320,480,1300,2000,2600,2800,3100,3300,3300,3300,7781,0,170,486.2269422999606,2.0757429999775923,5243.598137000049,2716.2160390695285
1780668211,40,POST,/api/book,11.200000,0.000000,260,370,1200,1600,2100,2700,3000,3100,3300,3300,3300,5980,0,270,627.0614112510025,91.69946600002277,5243.598137000049,3382.138795986622
1780668211,40,GET,/api/concerts,2.000000,0.000000,3,4,5,7,37,99,190,190,190,190,190,1213,0,3,20.772120990930283,2.099724000004244,1296.4690070000415,753.0
1780668211,40,GET,/health,1.400000,0.000000,3,11,17,41,53,130,130,130,130,130,130,602,0,3,17.580974744186925,2.0757429999775923,1128.8988759999938,57.0
1780668211,40,,Aggregated,14.600000,0.000000,160,290,370,770,2000,2600,2800,3100,3300,3300,3300,7795,0,170,485.64561498896654,2.0757429999775923,5243.598137000049,2716.214624759461
1780668212,40,POST,/api/book,12.000000,0.000000,250,360,730,1200,2000,2700,3000,3100,3300,3300,3300,5992,0,270,626.4292147314743,91.69946600002277,5243.598137000049,3382.1523698264355
1780668212,40,GET,/api/concerts,2.100000,0.000000,3,4,5,15,37,99,190,190,190,190,190,1217,0,3,20.722953949053732,2.099724000004244,1296.4690070000415,753.0
1780668212,40,GET,/health,1.400000,0.000000,3,11,41,41,53,130,130,130,130,130,130,602,0,3,17.580974744186925,2.0757429999775923,1128.8988759999938,57.0
1780668212,40,,Aggregated,15.500000,0.000000,170,280,360,680,1700,2600,2800,3100,3300,3300,3300,7811,0,170,485.13217724017323,2.0757429999775923,5243.598137000049,2716.242734605044
1780668213,40,POST,/api/book,12.100000,0.000000,260,360,660,1000,1700,2200,3000,3100,3300,3300,3300,6003,0,270,626.1787104631006,91.69946600002277,5243.598137000049,3382.1377644511076
1780668213,40,GET,/api/concerts,2.100000,0.000000,3,4,7,15,37,99,190,190,190,190,190,1219,0,3,20.6934499581609,2.099724000004244,1296.4690070000415,753.0
1780668213,40,GET,/health,1.500000,0.000000,3,11,41,46,53,130,130,130,130,130,130,602,0,3,17.580974744186925,2.0757429999775923,1128.8988759999938,57.0
1780668213,40,,Aggregated,15.700000,0.000000,180,290,360,520,1600,2000,2800,3100,3300,3300,3300,7824,0,170,485.0153196836647,2.0757429999775923,5243.598137000049,2716.665899795501
1780668214,40,POST,/api/book,12.500000,0.000000,240,350,520,760,1700,2200,2400,2400,2700,2700,2700,6019,0,270,627.3154127117451,91.69946600002277,5243.598137000049,3382.11945505898
1780668214,40,GET,/api/concerts,2.200000,0.000000,3,3,4,5,15,23,190,190,190,190,190,1221,0,3,20.6640901965587,2.099724000004244,1296.4690070000415,753.0
1780668214,40,GET,/health,1.700000,0.000000,3,11,41,41,53,130,130,130,130,130,130,603,0,3,17.555852666667604,2.0757429999775923,1128.8988759999938,57.0
1780668214,40,,Aggregated,16.400000,0.000000,170,290,360,470,1600,2100,2400,2400,2700,2700,2700,7843,0,170,485.9911389009299,2.0757429999775923,5243.598137000049,2717.1695779676143
1780668215,40,POST,/api/book,12.100000,0.000000,220,370,770,1300,1900,2300,2400,2700,2700,2700,2700,6035,0,270,628.3090597560885,91.69946600002277,5243.598137000049,3382.1111847555926
1780668215,40,GET,/api/concerts,2.100000,0.000000,3,5,7,15,23,26,190,190,190,190,190,1226,0,3,20.633927942086668,2.099724000004244,1296.4690070000415,753.0
1780668215,40,GET,/health,1.600000,0.000000,3,11,17,41,53,130,130,130,130,130,130,604,0,3,17.531217023179675,2.0757429999775923,1128.8988759999938,57.0
1780668215,40,,Aggregated,15.800000,0.000000,160,300,430,730,1700,2200,2400,2700,2700,2700,2700,7865,0,170,486.67911333337486,2.0757429999775923,5243.598137000049,2716.9290527654166
1780668216,39,POST,/api/book,12.500000,0.000000,240,370,770,1300,1900,2300,2400,2700,2700,2700,2700,6045,0,270,627.8235047862686,91.69946600002277,5243.598137000049,3382.1354838709676
1780668216,39,GET,/api/concerts,2.400000,0.000000,3,5,12,15,23,26,190,190,190,190,190,1226,0,3,20.633927942086668,2.099724000004244,1296.4690070000415,753.0
1780668216,39,GET,/health,1.600000,0.000000,3,3,3,11,41,130,130,130,130,130,130,605,0,3,17.506175922315194,2.0757429999775923,1128.8988759999938,57.0
1780668216,39,,Aggregated,16.500000,0.000000,170,310,470,770,1700,2300,2400,2700,2700,2700,2700,7876,0,170,486.4247738094202,2.0757429999775923,5243.598137000049,2717.4545454545455
1780668217,38,POST,/api/book,12.300000,0.000000,240,470,900,1400,1900,2300,2400,2700,2700,2700,2700,6056,0,270,627.4343033148934,91.69946600002277,5243.598137000049,3382.1335865257597
1780668217,38,GET,/api/concerts,2.400000,0.000000,3,5,12,15,23,26,190,190,190,190,190,1230,0,3,20.575296962600127,2.099724000004244,1296.4690070000415,753.0
1780668217,38,GET,/health,1.400000,0.000000,3,3,32,32,43,130,130,130,130,130,130,607,0,3,17.571647780890622,2.0757429999775923,1128.8988759999938,57.0
1780668217,38,,Aggregated,16.100000,0.000000,170,300,680,800,1700,2300,2400,2700,2700,2700,2700,7893,0,170,485.96424000278654,2.0757429999775923,5243.598137000049,2716.7097428100847
1780668218,37,POST,/api/book,12.500000,0.000000,240,470,770,1100,1800,2300,2400,2700,2700,2700,2700,6072,0,270,627.6506987336949,91.69946600002277,5243.598137000049,3382.108695652174
1780668218,37,GET,/api/concerts,2.500000,0.000000,3,3,5,12,21,23,26,26,26,26,26,1230,0,3,20.575296962600127,2.099724000004244,1296.4690070000415,753.0
1780668218,37,GET,/health,1.500000,0.000000,3,11,32,32,32,43,43,43,43,43,43,608,0,3,17.59552545394855,2.0757429999775923,1128.8988759999938,57.0
1780668218,37,,Aggregated,16.500000,0.000000,180,310,530,770,1600,2100,2400,2700,2700,2700,2700,7910,0,170,486.3591324211119,2.0757429999775923,5243.598137000049,2717.700379266751
1780668219,36,POST,/api/book,12.800000,0.000000,240,460,770,940,1700,2300,2400,2700,2700,2700,2700,6080,0,270,627.6562950134862,91.69946600002277,5243.598137000049,3382.1307565789475
1780668219,36,GET,/api/concerts,2.300000,0.000000,3,3,3,5,15,21,26,26,26,26,26,1233,0,3,20.532109350363303,2.099724000004244,1296.4690070000415,753.0
1780668219,36,GET,/health,1.300000,0.000000,3,11,32,32,32,43,43,43,43,43,43,610,0,3,17.54680688852557,2.0757429999775923,1128.8988759999938,57.0
1780668219,36,,Aggregated,16.400000,0.000000,170,310,530,770,1600,2100,2400,2700,2700,2700,2700,7923,0,170,486.20092347759635,2.0757429999775923,5243.598137000049,2716.9726113845763
1780668220,35,POST,/api/book,12.600000,0.000000,200,520,790,1000,1800,2300,2400,2700,2700,2700,2700,6092,0,270,626.8234727048582,91.69946600002277,5243.598137000049,3382.120321733421
1780668220,35,GET,/api/concerts,2.400000,0.000000,3,3,5,12,19,21,26,26,26,26,26,1235,0,3,20.51580332226553,2.099724000004244,1296.4690070000415,753.0
1780668220,35,GET,/health,1.200000,0.000000,3,11,32,32,43,43,43,43,43,43,43,610,0,3,17.54680688852557,2.0757429999775923,1128.8988759999938,57.0
1780668220,35,,Aggregated,16.200000,0.000000,160,290,550,770,1600,2100,2400,2700,2700,2700,2700,7937,0,170,485.65568414048084,2.0757429999775923,5243.598137000049,2717.475368527151
1780668221,34,POST,/api/book,13.400000,0.000000,200,550,910,1100,1800,2300,2400,2700,2700,2700,2700,6103,0,270,626.6876763031291,91.69946600002277,5243.598137000049,3382.1299360970015
1780668221,34,GET,/api/concerts,2.400000,0.000000,3,3,5,12,19,21,26,26,26,26,26,1237,0,3,20.48715092724153,2.099724000004244,1296.4690070000415,753.0
1780668221,34,GET,/health,1.100000,0.000000,3,11,32,32,32,43,43,43,43,43,43,611,0,3,17.5240394124397,2.0757429999775923,1128.8988759999938,57.0
1780668221,34,,Aggregated,16.900000,0.000000,160,300,690,910,1600,2100,2400,2700,2700,2700,2700,7951,0,170,485.56466887888274,2.0757429999775923,5243.598137000049,2717.57351276569
1780668222,33,POST,/api/book,12.600000,0.000000,200,550,1000,1200,1900,2300,2400,2700,2700,2700,2700,6114,0,270,626.6764502037943,91.69946600002277,5243.598137000049,3382.136244684331
1780668222,33,GET,/api/concerts,2.100000,0.000000,3,3,5,12,21,26,26,26,26,26,26,1237,0,3,20.48715092724153,2.099724000004244,1296.4690070000415,753.0
1780668222,33,GET,/health,1.100000,0.000000,3,4,32,32,43,43,43,43,43,43,43,611,0,3,17.5240394124397,2.0757429999775923,1128.8988759999938,57.0
1780668222,33,,Aggregated,15.800000,0.000000,160,310,770,1000,1700,2200,2400,2700,2700,2700,2700,7962,0,170,485.7510186289875,2.0757429999775923,5243.598137000049,2718.4964832956543
1780668223,32,POST,/api/book,12.100000,0.000000,190,770,1100,1400,1900,2200,2300,2700,2700,2700,2700,6126,0,270,627.5901078157032,91.69946600002277,5243.598137000049,3382.129937969311
1780668223,32,GET,/api/concerts,2.400000,0.000000,3,3,5,12,21,26,26,26,26,26,26,1240,0,3,20.444511477417514,2.099724000004244,1296.4690070000415,753.0
1780668223,32,GET,/health,1.100000,0.000000,3,3,4,32,32,43,43,43,43,43,43,616,0,3,17.404070045455995,2.0757429999775923,1128.8988759999938,57.0
1780668223,32,,Aggregated,15.600000,0.000000,160,290,800,1100,1700,2100,2300,2700,2700,2700,2700,7982,0,170,486.1800428287393,2.0757429999775923,5243.598137000049,2717.0834377349033
1780668224,31,POST,/api/book,11.800000,0.000000,190,530,940,1300,1600,2000,2200,2300,2700,2700,2700,6135,0,270,626.8987809796249,91.69946600002277,5243.598137000049,3382.1520782396087
1780668224,31,GET,/api/concerts,2.300000,0.000000,3,3,3,5,21,26,26,26,26,26,26,1242,0,3,20.415789077292903,2.099724000004244,1296.4690070000415,753.0
1780668224,31,GET,/health,0.900000,0.000000,3,3,4,32,32,43,43,43,43,43,43,617,0,3,17.380012251216808,2.0757429999775923,1128.8988759999938,57.0
1780668224,31,,Aggregated,15.000000,0.000000,150,200,680,910,1600,1900,2200,2300,2700,2700,2700,7994,0,170,485.6272077687013,2.0757429999775923,5243.598137000049,2717.025018764073
1780668225,30,POST,/api/book,12.200000,0.000000,190,320,790,940,1600,1900,2100,2200,2300,2300,2300,6143,0,270,626.4211758881652,91.69946600002277,5243.598137000049,3382.1453687123553
1780668225,30,GET,/api/concerts,2.100000,0.000000,3,3,3,3,4,19,19,19,19,19,19,1245,0,3,20.373832181524318,2.099724000004244,1296.4690070000415,753.0
1780668225,30,GET,/health,1.000000,0.000000,3,3,4,32,32,43,43,43,43,43,43,619,0,3,17.331470604201577,2.0757429999775923,1128.8988759999938,57.0
1780668225,30,,Aggregated,15.300000,0.000000,150,190,390,710,1400,1900,2100,2200,2300,2300,2300,8007,0,170,485.10039775833616,2.0757429999775923,5243.598137000049,2716.2841263894093
1780668226,29,POST,/api/book,11.800000,0.000000,190,400,710,1000,1600,1900,2100,2200,2300,2300,2300,6153,0,270,625.9428377467898,91.69946600002277,5243.598137000049,3382.1308304891922
1780668226,29,GET,/api/concerts,2.000000,0.000000,3,3,3,3,3,4,19,19,19,19,19,1249,0,3,20.317475930342752,2.099724000004244,1296.4690070000415,753.0
1780668226,29,GET,/health,1.300000,0.000000,3,3,4,32,32,43,43,43,43,43,43,619,0,3,17.331470604201577,2.0757429999775923,1128.8988759999938,57.0
1780668226,29,,Aggregated,15.100000,0.000000,150,200,400,550,1400,1800,2100,2200,2300,2300,2300,8021,0,170,484.669117117192,2.0757429999775923,5243.598137000049,2716.1240493704026
1780668227,28,POST,/api/book,11.600000,0.000000,190,400,550,790,1600,1900,2100,2200,2300,2300,2300,6164,0,260,625.3678809469495,91.69946600002277,5243.598137000049,3382.123134328358
1780668227,28,GET,/api/concerts,2.000000,0.000000,3,3,3,3,4,9,19,19,19,19,19,1251,0,3,20.294877068743506,2.099724000004244,1296.4690070000415,753.0
1780668227,28,GET,/health,1.300000,0.000000,3,3,3,3,4,32,32,32,32,32,32,620,0,3,17.307754187097935,2.0757429999775923,1128.8988759999938,57.0
1780668227,28,,Aggregated,14.900000,0.000000,150,200,400,550,1400,1900,2100,2200,2300,2300,2300,8035,0,170,484.2423543205969,2.0757429999775923,5243.598137000049,2716.210329807094
1780668228,27,POST,/api/book,10.900000,0.000000,170,320,500,550,1400,1900,2200,2300,2300,2300,2300,6170,0,260,625.110076211831,91.69946600002277,5243.598137000049,3382.128038897893
1780668228,27,GET,/api/concerts,2.100000,0.000000,3,3,3,3,9,19,38,38,38,38,38,1254,0,3,20.28153746650584,2.099724000004244,1296.4690070000415,753.0
1780668228,27,GET,/health,1.400000,0.000000,3,3,3,3,3,4,4,4,4,4,4,620,0,3,17.307754187097935,2.0757429999775923,1128.8988759999938,57.0
1780668228,27,,Aggregated,14.400000,0.000000,150,180,320,410,1200,1600,2000,2200,2300,2300,2300,8044,0,170,483.9747670072099,2.0757429999775923,5243.598137000049,2715.9786176031826
1780668229,26,POST,/api/book,10.600000,0.000000,190,350,520,550,1400,1900,2200,2300,2300,2300,2300,6182,0,260,624.4312686793912,91.69946600002277,5243.598137000049,3382.110643804594
1780668229,26,GET,/api/concerts,2.200000,0.000000,3,3,3,3,9,19,38,38,38,38,38,1256,0,3,20.2533071409221,2.099724000004244,1296.4690070000415,753.0
1780668229,26,GET,/health,1.500000,0.000000,3,3,3,3,4,4,4,4,4,4,4,620,0,3,17.307754187097935,2.0757429999775923,1128.8988759999938,57.0
1780668229,26,,Aggregated,14.300000,0.000000,150,190,350,520,1200,1600,2000,2200,2300,2300,2300,8058,0,170,483.54468408302256,2.0757429999775923,5243.598137000049,2716.470091834202
1780668230,25,POST,/api/book,10.800000,0.000000,190,400,520,550,1400,1900,2200,2300,2300,2300,2300,6192,0,260,623.9225065387592,91.69946600002277,5243.598137000049,3382.108527131783
1780668230,25,GET,/api/concerts,2.100000,0.000000,3,3,3,3,9,19,38,38,38,38,38,1257,0,3,20.23938348368993,2.099724000004244,1296.4690070000415,753.0
1780668230,25,GET,/health,1.300000,0.000000,3,3,3,3,3,4,4,4,4,4,4,621,0,3,17.28374835265789,2.0757429999775923,1128.8988759999938,57.0
1780668230,25,,Aggregated,14.200000,0.000000,160,210,410,520,1200,1600,2000,2200,2300,2300,2300,8070,0,170,483.2096992879796,2.0757429999775923,5243.598137000049,2716.720446096654
1780668231,24,POST,/api/book,9.800000,0.000000,190,390,510,520,1400,1900,2200,2300,2300,2300,2300,6200,0,260,623.4126446282254,91.69946600002277,5243.598137000049,3382.1067741935485
1780668231,24,GET,/api/concerts,2.300000,0.000000,3,3,3,3,9,22,38,38,38,38,38,1259,0,3,20.22670884431928,2.099724000004244,1296.4690070000415,753.0
1780668231,24,GET,/health,1.200000,0.000000,3,3,3,3,3,3,3,3,3,3,3,622,0,3,17.260242789389782,2.0757429999775923,1128.8988759999938,57.0
1780668231,24,,Aggregated,13.300000,0.000000,150,210,390,460,610,1600,2000,2200,2300,2300,2300,8081,0,170,482.7817960827863,2.0757429999775923,5243.598137000049,2716.5626778864003
1780668232,23,POST,/api/book,10.100000,0.000000,190,320,430,510,550,1400,1600,1900,1900,1900,1900,6210,0,260,622.7013165305955,91.69946600002277,5243.598137000049,3382.125925925926
1780668232,23,GET,/api/concerts,2.300000,0.000000,3,3,3,4,16,22,38,38,38,38,38,1262,0,3,20.195905488904938,2.099724000004244,1296.4690070000415,753.0
1780668232,23,GET,/health,1.100000,0.000000,3,3,3,3,3,3,3,3,3,3,3,622,0,3,17.260242789389782,2.0757429999775923,1128.8988759999938,57.0
1780668232,23,,Aggregated,13.500000,0.000000,150,200,320,400,530,630,1600,1600,1900,1900,1900,8094,0,170,482.2335408199897,2.0757429999775923,5243.598137000049,2716.671855695577
1780668233,22,POST,/api/book,10.000000,0.000000,180,250,400,430,530,550,630,640,640,640,640,6216,0,260,622.2513347368077,91.69946600002277,5243.598137000049,3382.1204954954956
1780668233,22,GET,/api/concerts,2.100000,0.000000,3,3,3,4,16,22,38,38,38,38,38,1264,0,3,20.168287497625016,2.099724000004244,1296.4690070000415,753.0
1780668233,22,GET,/health,1.000000,0.000000,3,3,3,3,3,3,3,3,3,3,3,622,0,3,17.260242789389782,2.0757429999775923,1128.8988759999938,57.0
1780668233,22,,Aggregated,13.100000,0.000000,150,190,250,390,520,550,610,630,640,640,640,8102,0,170,481.8739673088121,2.0757429999775923,5243.598137000049,2716.675759071834
1780668234,21,POST,/api/book,10.000000,0.000000,180,250,400,450,530,550,630,640,640,640,640,6222,0,260,621.7975732074891,91.69946600002277,5243.598137000049,3382.113307618129
1780668234,21,GET,/api/concerts,2.200000,0.000000,3,3,3,4,16,22,38,38,38,38,38,1266,0,3,20.141047915480314,2.099724000004244,1296.4690070000415,753.0
1780668234,21,GET,/health,1.100000,0.000000,3,3,3,3,3,3,3,3,3,3,3,623,0,3,17.236668401284593,2.0757429999775923,1128.8988759999938,57.0
1780668234,21,,Aggregated,13.300000,0.000000,150,190,250,400,520,550,610,630,640,640,640,8111,0,170,481.45253502305457,2.0757429999775923,5243.598137000049,2716.3503883614844
1780668235,20,POST,/api/book,9.300000,0.000000,160,240,350,410,520,550,630,640,640,640,640,6231,0,260,621.2001380497508,91.69946600002277,5243.598137000049,3382.108168833253
1780668235,20,GET,/api/concerts,2.500000,0.000000,3,3,3,9,22,38,38,38,38,38,38,1266,0,3,20.141047915480314,2.099724000004244,1296.4690070000415,753.0
1780668235,20,GET,/health,1.000000,0.000000,3,3,3,3,3,3,3,3,3,3,3,623,0,3,17.236668401284593,2.0757429999775923,1128.8988759999938,57.0
1780668235,20,,Aggregated,12.800000,0.000000,150,190,250,350,510,530,610,630,640,640,640,8120,0,170,481.14963931810286,2.0757429999775923,5243.598137000049,2717.0843596059112
1780668236,19,POST,/api/book,9.100000,0.000000,150,230,350,410,520,550,630,640,640,640,640,6237,0,260,620.8378738728551,91.69946600002277,5243.598137000049,3382.113997113997
1780668236,19,GET,/api/concerts,2.500000,0.000000,3,3,9,16,31,38,38,38,38,38,38,1268,0,3,20.135858653784073,2.099724000004244,1296.4690070000415,753.0
1780668236,19,GET,/health,0.600000,0.000000,3,3,3,3,3,3,3,3,3,3,3,625,0,3,17.19007047200076,2.0757429999775923,1128.8988759999938,57.0
1780668236,19,,Aggregated,12.200000,0.000000,140,180,250,320,510,530,610,630,640,640,640,8130,0,170,480.7431589376378,2.0757429999775923,5243.598137000049,2716.442066420664
1780668237,18,POST,/api/book,8.900000,0.000000,150,230,300,400,510,530,580,610,610,610,610,6241,0,260,620.5302572296102,91.69946600002277,5243.598137000049,3382.1054318218235
1780668237,18,GET,/api/concerts,2.300000,0.000000,3,3,3,16,31,38,38,38,38,38,38,1269,0,3,20.122134502756648,2.099724000004244,1296.4690070000415,753.0
1780668237,18,GET,/health,0.600000,0.000000,3,3,3,3,3,3,3,3,3,3,3,627,0,3,17.144886904306894,2.0757429999775923,1128.8988759999938,57.0
1780668237,18,,Aggregated,11.800000,0.000000,140,180,230,280,460,520,580,610,610,610,610,8137,0,170,480.3999223476706,2.0757429999775923,5243.598137000049,2715.867764532383
1780668238,17,POST,/api/book,8.700000,0.000000,150,180,240,280,410,490,510,520,520,520,520,6250,0,260,619.9054750556794,91.69946600002277,5243.598137000049,3382.08912
1780668238,17,GET,/api/concerts,2.100000,0.000000,3,3,3,6,22,31,31,31,31,31,31,1272,0,3,20.084302227199785,2.099724000004244,1296.4690070000415,753.0
1780668238,17,GET,/health,0.400000,0.000000,3,3,3,3,3,3,3,3,3,3,3,628,0,3,17.121340006370133,2.0757429999775923,1128.8988759999938,57.0
1780668238,17,,Aggregated,11.200000,0.000000,140,150,190,230,380,460,510,520,520,520,520,8150,0,170,479.8415525220853,2.0757429999775923,5243.598137000049,2715.5422085889572
1780668239,16,POST,/api/book,8.300000,0.000000,150,170,230,250,380,430,510,520,520,520,520,6254,0,260,619.6257871362322,91.69946600002277,5243.598137000049,3382.0911416693316
1780668239,16,GET,/api/concerts,2.000000,0.000000,3,3,3,6,22,31,31,31,31,31,31,1273,0,3,20.070691867241223,2.099724000004244,1296.4690070000415,753.0
1780668239,16,GET,/health,0.600000,0.000000,3,3,3,3,3,3,3,3,3,3,3,628,0,3,17.121340006370133,2.0757429999775923,1128.8988759999938,57.0
1780668239,16,,Aggregated,10.900000,0.000000,140,150,180,190,320,430,510,520,520,520,520,8155,0,170,479.6372611920288,2.0757429999775923,5243.598137000049,2715.630042918455
1780668240,15,POST,/api/book,7.700000,0.000000,140,170,180,200,320,380,430,490,490,490,490,6260,0,260,619.1748138752391,91.69946600002277,5243.598137000049,3382.0872204472844
1780668240,15,GET,/api/concerts,2.000000,0.000000,3,3,3,6,16,31,31,31,31,31,31,1273,0,3,20.070691867241223,2.099724000004244,1296.4690070000415,753.0
1780668240,15,GET,/health,0.700000,0.000000,3,3,3,5,17,17,17,17,17,17,17,630,0,3,17.10059413809612,2.0757429999775923,1128.8988759999938,57.0
1780668240,15,,Aggregated,10.400000,0.000000,140,150,170,180,250,330,430,490,490,490,490,8163,0,170,479.27939481967354,2.0757429999775923,5243.598137000049,2715.465515129242
1780668241,14,POST,/api/book,7.500000,0.000000,140,170,180,200,320,380,430,490,490,490,490,6265,0,260,618.8265340617713,91.69946600002277,5243.598137000049,3382.0785315243415
1780668241,14,GET,/api/concerts,1.700000,0.000000,3,3,3,6,16,31,31,31,31,31,31,1273,0,3,20.070691867241223,2.099724000004244,1296.4690070000415,753.0
1780668241,14,GET,/health,0.800000,0.000000,3,3,3,5,17,17,17,17,17,17,17,630,0,3,17.10059413809612,2.0757429999775923,1128.8988759999938,57.0
1780668241,14,,Aggregated,10.000000,0.000000,140,150,170,180,260,330,430,490,490,490,490,8168,0,170,479.09789433778104,2.0757429999775923,5243.598137000049,2715.8669196865817
1780668242,13,POST,/api/book,7.000000,0.000000,140,170,200,260,380,430,440,490,490,490,490,6270,0,260,618.6145614365226,91.69946600002277,5243.598137000049,3382.0819776714516
1780668242,13,GET,/api/concerts,1.700000,0.000000,3,3,6,6,6,31,31,31,31,31,31,1275,0,3,20.04663571999837,2.099724000004244,1296.4690070000415,753.0
1780668242,13,GET,/health,0.700000,0.000000,3,3,5,9,17,17,17,17,17,17,17,631,0,3,17.08715736925588,2.0757429999775923,1128.8988759999938,57.0
1780668242,13,,Aggregated,9.400000,0.000000,140,150,180,190,330,420,440,490,490,490,490,8176,0,170,478.84720609711286,2.0757429999775923,5243.598137000049,2715.4716242661448
1780668243,12,POST,/api/book,6.900000,0.000000,150,180,200,260,380,430,440,490,490,490,490,6274,0,260,618.3142580607263,91.69946600002277,5243.598137000049,3382.0887790883007
1780668243,12,GET,/api/concerts,1.500000,0.000000,3,4,6,6,6,31,31,31,31,31,31,1276,0,3,20.033726999998326,2.099724000004244,1296.4690070000415,753.0
1780668243,12,GET,/health,0.900000,0.000000,3,3,5,9,17,17,17,17,17,17,17,631,0,3,17.08715736925588,2.0757429999775923,1128.8988759999938,57.0
1780668243,12,,Aggregated,9.300000,0.000000,140,150,180,190,330,420,440,490,490,490,490,8181,0,170,478.62714668438997,2.0757429999775923,5243.598137000049,2715.5628896222956
1780668244,11,POST,/api/book,6.100000,0.000000,150,180,290,300,380,430,440,490,490,490,490,6277,0,260,618.134703545483,91.69946600002277,5243.598137000049,3382.093197387287
1780668244,11,GET,/api/concerts,1.400000,0.000000,3,4,6,6,6,31,31,31,31,31,31,1277,0,3,20.020109459669378,2.099724000004244,1296.4690070000415,753.0
1780668244,11,GET,/health,0.900000,0.000000,3,3,5,9,17,17,17,17,17,17,17,631,0,3,17.08715736925588,2.0757429999775923,1128.8988759999938,57.0
1780668244,11,,Aggregated,8.400000,0.000000,140,160,180,260,370,420,440,490,490,490,490,8185,0,170,478.48249361453804,2.0757429999775923,5243.598137000049,2715.5708002443494
1780668245,10,POST,/api/book,6.000000,0.000000,140,170,180,230,330,380,440,440,440,440,440,6280,0,260,617.906568400318,91.69946600002277,5243.598137000049,3382.088535031847
1780668245,10,GET,/api/concerts,1.200000,0.000000,3,4,4,6,6,6,6,6,6,6,6,1277,0,3,20.020109459669378,2.099724000004244,1296.4690070000415,753.0
1780668245,10,GET,/health,0.900000,0.000000,3,5,9,9,17,17,17,17,17,17,17,631,0,3,17.08715736925588,2.0757429999775923,1128.8988759999938,57.0
1780668245,10,,Aggregated,8.100000,0.000000,140,150,170,180,300,370,420,440,440,440,440,8188,0,170,478.3586865698576,2.0757429999775923,5243.598137000049,2715.8114313629703
1780668246,9,POST,/api/book,5.800000,0.000000,150,180,260,300,350,380,440,440,440,440,440,6286,0,260,617.5567708999359,91.69946600002277,5243.598137000049,3382.1014953865733
1780668246,9,GET,/api/concerts,1.100000,0.000000,4,4,6,6,6,6,6,6,6,6,6,1277,0,3,20.020109459669378,2.099724000004244,1296.4690070000415,753.0
1780668246,9,GET,/health,0.900000,0.000000,5,9,9,17,17,17,17,17,17,17,17,631,0,3,17.08715736925588,2.0757429999775923,1128.8988759999938,57.0
1780668246,9,,Aggregated,7.800000,0.000000,140,170,180,260,330,370,420,440,440,440,440,8194,0,170,478.19252354857144,2.0757429999775923,5243.598137000049,2716.309250671223
1780668247,8,POST,/api/book,5.100000,0.000000,150,180,230,290,350,380,440,440,440,440,440,6288,0,260,617.4023484607185,91.69946600002277,5243.598137000049,3382.1032124681933
1780668247,8,GET,/api/concerts,1.100000,0.000000,3,4,4,4,6,6,6,6,6,6,6,1278,0,3,20.006861064943497,2.099724000004244,1296.4690070000415,753.0
1780668247,8,GET,/health,0.800000,0.000000,9,9,17,17,17,17,17,17,17,17,17,631,0,3,17.08715736925588,2.0757429999775923,1128.8988759999938,57.0
1780668247,8,,Aggregated,7.000000,0.000000,140,170,180,230,330,380,420,440,440,440,440,8197,0,170,478.05010758350556,2.0757429999775923,5243.598137000049,2716.233500060998
1780668248,7,POST,/api/book,4.700000,0.000000,160,180,260,300,370,420,440,440,440,440,440,6289,0,260,617.326805393544,91.69946600002277,5243.598137000049,3382.1063762124345
1780668248,7,GET,/api/concerts,0.900000,0.000000,4,4,4,4,6,6,6,6,6,6,6,1278,0,3,20.006861064943497,2.099724000004244,1296.4690070000415,753.0
1780668248,7,GET,/health,0.800000,0.000000,9,9,17,17,17,17,17,17,17,17,17,631,0,3,17.08715736925588,2.0757429999775923,1128.8988759999938,57.0
1780668248,7,,Aggregated,6.400000,0.000000,140,170,230,260,350,380,440,440,440,440,440,8198,0,170,478.00915392302943,2.0757429999775923,5243.598137000049,2716.317150524518
1780668249,6,POST,/api/book,4.900000,0.000000,150,180,290,300,370,420,440,440,440,440,440,6292,0,260,617.100596781627,91.69946600002277,5243.598137000049,3382.1176096630643
1780668249,6,GET,/api/concerts,0.800000,0.000000,3,4,4,4,6,6,6,6,6,6,6,1279,0,3,19.9933444769333,2.099724000004244,1296.4690070000415,753.0
1780668249,6,GET,/health,0.500000,0.000000,9,9,17,17,17,17,17,17,17,17,17,632,0,3,17.06446872943126,2.0757429999775923,1128.8988759999938,57.0
1780668249,6,,Aggregated,6.200000,0.000000,140,170,200,260,350,380,440,440,440,440,440,8203,0,170,477.7707164175295,2.0757429999775923,5243.598137000049,2716.0057296111177
1780668250,5,POST,/api/book,4.500000,0.000000,150,260,300,330,380,420,440,440,440,440,440,6293,0,260,617.0249090719843,91.69946600002277,5243.598137000049,3382.1096456380105
1780668250,5,GET,/api/concerts,0.700000,0.000000,4,4,4,4,6,6,6,6,6,6,6,1279,0,3,19.9933444769333,2.099724000004244,1296.4690070000415,753.0
1780668250,5,GET,/health,0.400000,0.000000,9,9,9,9,9,9,9,9,9,9,9,632,0,3,17.06446872943126,2.0757429999775923,1128.8988759999938,57.0
1780668250,5,,Aggregated,5.600000,0.000000,140,150,260,300,370,420,440,440,440,440,440,8204,0,170,477.7296422005113,2.0757429999775923,5243.598137000049,2716.0808142369574
1780668251,5,POST,/api/book,4.000000,0.000000,140,160,300,300,370,420,440,440,440,440,440,6297,0,260,616.7228968999519,91.69946600002277,5243.598137000049,3382.1070350960777
1780668251,5,GET,/api/concerts,0.600000,0.000000,4,4,4,4,6,6,6,6,6,6,6,1279,0,3,19.9933444769333,2.099724000004244,1296.4690070000415,753.0
1780668251,5,GET,/health,0.400000,0.000000,9,9,9,9,9,9,9,9,9,9,9,632,0,3,17.06446872943126,2.0757429999775923,1128.8988759999938,57.0
1780668251,5,,Aggregated,5.000000,0.000000,140,150,260,300,370,420,440,440,440,440,440,8208,0,170,477.56582768055495,2.0757429999775923,5243.598137000049,2716.403386939571
1780668252,5,POST,/api/book,3.600000,0.000000,140,150,160,260,300,330,350,350,350,350,350,6299,0,260,616.5741305565958,91.69946600002277,5243.598137000049,3382.1041435148436
1780668252,5,GET,/api/concerts,0.600000,0.000000,3,3,3,4,4,4,4,4,4,4,4,1280,0,3,19.979945757029572,2.099724000004244,1296.4690070000415,753.0
1780668252,5,GET,/health,0.400000,0.000000,9,9,9,9,9,9,9,9,9,9,9,632,0,3,17.06446872943126,2.0757429999775923,1128.8988759999938,57.0
1780668252,5,,Aggregated,4.600000,0.000000,140,150,150,160,300,330,350,350,350,350,350,8211,0,170,477.42778263086035,2.0757429999775923,5243.598137000049,2716.3241992449152
1780668253,5,POST,/api/book,3.100000,0.000000,140,150,150,150,300,330,350,350,350,350,350,6300,0,260,616.498995962698,91.69946600002277,5243.598137000049,3382.1096825396826
1780668253,5,GET,/api/concerts,0.600000,0.000000,3,3,3,3,3,3,3,3,3,3,3,1281,0,3,19.966737990630634,2.099724000004244,1296.4690070000415,753.0
1780668253,5,GET,/health,0.200000,0.000000,9,9,9,9,9,9,9,9,9,9,9,632,0,3,17.06446872943126,2.0757429999775923,1128.8988759999938,57.0
1780668253,5,,Aggregated,3.900000,0.000000,140,140,150,150,300,330,350,350,350,350,350,8213,0,170,477.3293327855831,2.0757429999775923,5243.598137000049,2716.1704614635332
1780668254,5,POST,/api/book,3.200000,0.000000,140,150,150,150,300,330,350,350,350,350,350,6301,0,260,616.4235502204407,91.69946600002277,5243.598137000049,3382.113791461673
1780668254,5,GET,/api/concerts,0.600000,0.000000,3,3,3,3,3,3,3,3,3,3,3,1281,0,3,19.966737990630634,2.099724000004244,1296.4690070000415,753.0
1780668254,5,GET,/health,0.100000,0.000000,3,3,3,3,3,3,3,3,3,3,3,634,0,3,17.019738924290998,2.0757429999775923,1128.8988759999938,57.0
1780668254,5,,Aggregated,3.900000,0.000000,140,140,150,150,260,330,350,350,350,350,350,8216,0,170,477.17291818196134,2.0757429999775923,5243.598137000049,2715.6073515092503
1780668255,5,POST,/api/book,2.800000,0.000000,140,150,150,150,300,330,350,350,350,350,350,6302,0,260,616.3478333738491,91.69946600002277,5243.598137000049,3382.115994922247
1780668255,5,GET,/api/concerts,0.500000,0.000000,3,3,3,3,3,3,3,3,3,3,3,1281,0,3,19.966737990630634,2.099724000004244,1296.4690070000415,753.0
1780668255,5,GET,/health,0.100000,0.000000,3,3,3,3,3,3,3,3,3,3,3,634,0,3,17.019738924290998,2.0757429999775923,1128.8988759999938,57.0
1780668255,5,,Aggregated,3.400000,0.000000,140,140,150,150,300,330,350,350,350,350,350,8217,0,170,477.1317940569544,2.0757429999775923,5243.598137000049,2715.6901545576243
1780668256,5,POST,/api/book,2.400000,0.000000,140,140,150,150,150,190,190,190,190,190,190,6305,0,250,616.1301439944483,91.69946600002277,5243.598137000049,3382.116574147502
1780668256,5,GET,/api/concerts,0.500000,0.000000,3,3,3,3,3,3,3,3,3,3,3,1281,0,3,19.966737990630634,2.099724000004244,1296.4690070000415,753.0
1780668256,5,GET,/health,0.100000,0.000000,3,3,3,3,3,3,3,3,3,3,3,634,0,3,17.019738924290998,2.0757429999775923,1128.8988759999938,57.0
1780668256,5,,Aggregated,3.000000,0.000000,140,140,140,140,150,150,190,190,190,190,190,8220,0,170,477.0156281908752,2.0757429999775923,5243.598137000049,2715.933819951338
1780668257,5,POST,/api/book,2.400000,0.000000,140,140,150,150,150,150,190,190,190,190,190,6309,0,250,615.8302629519727,91.69946600002277,5243.598137000049,3382.112537644635
1780668257,5,GET,/api/concerts,0.400000,0.000000,3,3,3,3,3,3,3,3,3,3,3,1282,0,3,19.953523644304074,2.099724000004244,1296.4690070000415,753.0
1780668257,5,GET,/health,0.300000,0.000000,3,3,3,3,3,3,3,3,3,3,3,634,0,3,17.019738924290998,2.0757429999775923,1128.8988759999938,57.0
1780668257,5,,Aggregated,3.100000,0.000000,140,140,140,150,150,150,190,190,190,190,190,8225,0,170,476.79563048680774,2.0757429999775923,5243.598137000049,2716.016048632219
1780668258,5,POST,/api/book,2.400000,0.000000,140,140,150,150,150,190,190,190,190,190,190,6310,0,250,615.7544079757522,91.69946600002277,5243.598137000049,3382.106973058637
1780668258,5,GET,/api/concerts,0.400000,0.000000,3,3,3,3,3,3,3,3,3,3,3,1283,0,3,19.940041264222728,2.099724000004244,1296.4690070000415,753.0
1780668258,5,GET,/health,0.300000,0.000000,3,3,3,3,3,3,3,3,3,3,3,634,0,3,17.019738924290998,2.0757429999775923,1128.8988759999938,57.0
1780668258,5,,Aggregated,3.100000,0.000000,140,140,140,150,150,150,190,190,190,190,190,8227,0,170,476.69671833560153,2.0757429999775923,5243.598137000049,2715.854138811231
1780668259,5,POST,/api/book,2.400000,0.000000,140,140,150,150,150,190,190,190,190,190,190,6310,0,250,615.7544079757522,91.69946600002277,5243.598137000049,3382.106973058637
1780668259,5,GET,/api/concerts,0.400000,0.000000,3,3,3,3,3,3,3,3,3,3,3,1283,0,3,19.940041264222728,2.099724000004244,1296.4690070000415,753.0
1780668259,5,GET,/health,0.300000,0.000000,3,3,3,3,3,3,3,3,3,3,3,634,0,3,17.019738924290998,2.0757429999775923,1128.8988759999938,57.0
1780668259,5,,Aggregated,3.100000,0.000000,140,140,140,150,150,150,190,190,190,190,190,8227,0,170,476.69671833560153,2.0757429999775923,5243.598137000049,2715.854138811231
1780668260,5,POST,/api/book,2.100000,0.000000,140,140,150,150,190,350,350,350,350,350,350,6313,0,250,615.5621513861867,91.69946600002277,5243.598137000049,3382.093774750515
1780668260,5,GET,/api/concerts,0.400000,0.000000,3,3,3,3,3,3,3,3,3,3,3,1283,0,3,19.940041264222728,2.099724000004244,1296.4690070000415,753.0
1780668260,5,GET,/health,0.300000,0.000000,3,3,3,3,3,3,3,3,3,3,3,635,0,3,16.99720445354395,2.0757429999775923,1128.8988759999938,57.0
1780668260,5,,Aggregated,2.800000,0.000000,140,140,140,150,150,190,350,350,350,350,350,8231,0,170,476.5423593088317,2.0757429999775923,5243.598137000049,2715.7638197059896
1780668261,5,POST,/api/book,2.100000,0.000000,140,150,150,150,350,390,390,390,390,390,390,6314,0,250,615.5267093097872,91.69946600002277,5243.598137000049,3382.096769084574
1780668261,5,GET,/api/concerts,0.400000,0.000000,3,3,3,3,3,3,3,3,3,3,3,1283,0,3,19.940041264222728,2.099724000004244,1296.4690070000415,753.0
1780668261,5,GET,/health,0.300000,0.000000,3,3,3,3,3,3,3,3,3,3,3,635,0,3,16.99720445354395,2.0757429999775923,1128.8988759999938,57.0
1780668261,5,,Aggregated,2.800000,0.000000,140,140,150,150,190,350,390,390,390,390,390,8232,0,170,476.53206272497494,2.0757429999775923,5243.598137000049,2715.8470602526727
1780668262,5,POST,/api/book,1.900000,0.000000,140,140,150,150,350,390,390,390,390,390,390,6315,0,250,615.4514795331745,91.69946600002277,5243.598137000049,3382.099129057799
1780668262,5,GET,/api/concerts,0.400000,0.000000,3,3,3,3,3,3,3,3,3,3,3,1284,0,3,19.926548169001332,2.099724000004244,1296.4690070000415,753.0
1780668262,5,GET,/health,0.200000,0.000000,3,3,3,3,3,3,3,3,3,3,3,635,0,3,16.99720445354395,2.0757429999775923,1128.8988759999938,57.0
1780668262,5,,Aggregated,2.500000,0.000000,140,140,140,140,190,350,390,390,390,390,390,8234,0,170,476.4336902998535,2.0757429999775923,5243.598137000049,2715.691401505951
1780668263,5,POST,/api/book,2.000000,0.000000,140,140,140,150,350,390,390,390,390,390,390,6317,0,250,615.2984959800533,91.69946600002277,5243.598137000049,3382.107329428526
1780668263,5,GET,/api/concerts,0.400000,0.000000,3,3,3,3,3,3,3,3,3,3,3,1285,0,3,19.913277575873654,2.099724000004244,1296.4690070000415,753.0
1780668263,5,GET,/health,0.300000,0.000000,3,3,3,3,3,3,3,3,3,3,3,635,0,3,16.99720445354395,2.0757429999775923,1128.8988759999938,57.0
1780668263,5,,Aggregated,2.700000,0.000000,140,140,140,140,190,350,390,390,390,390,390,8237,0,170,476.29262906628554,2.0757429999775923,5243.598137000049,2715.6212213184413
1780668264,5,POST,/api/book,2.000000,0.000000,140,140,140,150,350,390,390,390,390,390,390,6318,0,250,615.2236198944281,91.69946600002277,5243.598137000049,3382.1046217157327
1780668264,5,GET,/api/concerts,0.400000,0.000000,3,3,3,3,3,3,3,3,3,3,3,1285,0,3,19.913277575873654,2.099724000004244,1296.4690070000415,753.0
1780668264,5,GET,/health,0.300000,0.000000,3,3,3,3,3,3,3,3,3,3,3,635,0,3,16.99720445354395,2.0757429999775923,1128.8988759999938,57.0
1780668264,5,,Aggregated,2.700000,0.000000,140,140,140,140,190,350,390,390,390,390,390,8238,0,170,476.25207781087573,2.0757429999775923,5243.598137000049,2715.7000485554745
1780668265,5,POST,/api/book,1.600000,0.000000,140,140,140,150,350,390,390,390,390,390,390,6319,0,250,615.1482934219017,91.69946600002277,5243.598137000049,3382.10998575724
1780668265,5,GET,/api/concerts,0.400000,0.000000,3,3,3,3,3,3,3,3,3,3,3,1286,0,3,19.900060191288922,2.099724000004244,1296.4690070000415,753.0
1780668265,5,GET,/health,0.300000,0.000000,3,3,3,3,3,3,3,3,3,3,3,635,0,3,16.99720445354395,2.0757429999775923,1128.8988759999938,57.0
1780668265,5,,Aggregated,2.300000,0.000000,140,140,140,140,150,350,390,390,390,390,390,8240,0,170,476.1537340251206,2.0757429999775923,5243.598137000049,2715.546844660194
1780668266,5,POST,/api/book,1.800000,0.000000,140,140,140,140,350,390,390,390,390,390,390,6322,0,250,614.9230102976901,91.69946600002277,5243.598137000049,3382.112464409997
1780668266,5,GET,/api/concerts,0.400000,0.000000,3,3,3,3,3,3,3,3,3,3,3,1286,0,3,19.900060191288922,2.099724000004244,1296.4690070000415,753.0
1780668266,5,GET,/health,0.300000,0.000000,3,3,3,3,3,3,3,3,3,3,3,635,0,3,16.99720445354395,2.0757429999775923,1128.8988759999938,57.0
1780668266,5,,Aggregated,2.500000,0.000000,140,140,140,140,150,350,390,390,390,390,390,8243,0,170,476.0315386796062,2.0757429999775923,5243.598137000049,2715.791338105059
1780668267,5,POST,/api/book,1.800000,0.000000,140,140,140,140,350,390,390,390,390,390,390,6323,0,250,614.8471851352201,91.69946600002277,5243.598137000049,3382.112288470663
1780668267,5,GET,/api/concerts,0.400000,0.000000,3,3,3,3,3,3,3,3,3,3,3,1286,0,3,19.900060191288922,2.099724000004244,1296.4690070000415,753.0
1780668267,5,GET,/health,0.300000,0.000000,3,3,3,3,3,3,3,3,3,3,3,635,0,3,16.99720445354395,2.0757429999775923,1128.8988759999938,57.0
1780668267,5,,Aggregated,2.500000,0.000000,140,140,140,140,350,390,390,390,390,390,390,8244,0,170,475.99022972391964,2.0757429999775923,5243.598137000049,2715.8720281416786
1780668268,5,POST,/api/book,1.500000,0.000000,140,140,140,140,350,390,390,390,390,390,390,6325,0,250,614.6969564701972,91.69946600002277,5243.598137000049,3382.1139920948617
1780668268,5,GET,/api/concerts,0.500000,0.000000,3,3,3,3,3,3,3,3,3,3,3,1286,0,3,19.900060191288922,2.099724000004244,1296.4690070000415,753.0
1780668268,5,GET,/health,0.100000,0.000000,3,3,3,3,3,3,3,3,3,3,3,636,0,3,16.97478220283056,2.0757429999775923,1128.8988759999938,57.0
1780668268,5,,Aggregated,2.100000,0.000000,140,140,140,140,350,390,390,390,390,390,390,8247,0,170,475.85130211725397,2.0757429999775923,5243.598137000049,2715.7125015157026
1780668269,5,POST,/api/book,1.800000,0.000000,140,140,140,140,350,390,390,390,390,390,390,6326,0,250,614.6216257426489,91.69946600002277,5243.598137000049,3382.1141321530195
1780668269,5,GET,/api/concerts,0.500000,0.000000,3,3,3,3,3,3,3,3,3,3,3,1286,0,3,19.900060191288922,2.099724000004244,1296.4690070000415,753.0
1780668269,5,GET,/health,0.100000,0.000000,3,3,3,3,3,3,3,3,3,3,3,636,0,3,16.97478220283056,2.0757429999775923,1128.8988759999938,57.0
1780668269,5,,Aggregated,2.400000,0.000000,140,140,140,140,350,390,390,390,390,390,390,8248,0,170,475.8103592792184,2.0757429999775923,5243.598137000049,2715.7934044616877
1780668270,5,POST,/api/book,1.500000,0.000000,140,140,140,140,350,390,390,390,390,390,390,6328,0,250,614.4786854756633,91.69946600002277,5243.598137000049,3382.1071428571427
1780668270,5,GET,/api/concerts,0.400000,0.000000,3,3,3,3,3,3,3,3,3,3,3,1286,0,3,19.900060191288922,2.099724000004244,1296.4690070000415,753.0
1780668270,5,GET,/health,0.100000,0.000000,3,3,5,5,5,5,5,5,5,5,5,637,0,3,16.95671604081694,2.0757429999775923,1128.8988759999938,57.0
1780668270,5,,Aggregated,2.000000,0.000000,140,140,140,140,180,350,390,390,390,390,390,8251,0,170,475.67737573797035,2.0757429999775923,5243.598137000049,2715.6273179008604
1780668271,5,POST,/api/book,1.500000,0.000000,140,140,140,140,150,180,180,180,180,180,180,6331,0,250,614.2546168365183,91.69946600002277,5243.598137000049,3382.113726109619
1780668271,5,GET,/api/concerts,0.300000,0.000000,3,3,3,3,3,3,3,3,3,3,3,1286,0,3,19.900060191288922,2.099724000004244,1296.4690070000415,753.0
1780668271,5,GET,/health,0.200000,0.000000,3,3,5,5,5,5,5,5,5,5,5,637,0,3,16.95671604081694,2.0757429999775923,1128.8988759999938,57.0
1780668271,5,,Aggregated,2.000000,0.000000,140,140,140,140,140,150,180,180,180,180,180,8254,0,170,475.5559588945958,2.0757429999775923,5243.598137000049,2715.8746062515143
1780668272,5,POST,/api/book,1.600000,0.000000,140,140,140,140,150,180,180,180,180,180,180,6333,0,250,614.1015692802774,91.69946600002277,5243.598137000049,3382.118585188694
1780668272,5,GET,/api/concerts,0.300000,0.000000,3,3,3,3,3,3,3,3,3,3,3,1287,0,3,19.886921825172937,2.099724000004244,1296.4690070000415,753.0
1780668272,5,GET,/health,0.200000,0.000000,4,4,5,5,5,5,5,5,5,5,5,638,0,3,16.935652905956605,2.0757429999775923,1128.8988759999938,57.0
1780668272,5,,Aggregated,2.100000,0.000000,140,140,140,140,140,150,180,180,180,180,180,8258,0,170,475.3577928305877,2.0757429999775923,5243.598137000049,2715.480019375151
1780668273,5,POST,/api/book,1.500000,0.000000,140,140,150,150,280,290,290,290,290,290,290,6337,0,250,613.8493483732045,91.69946600002277,5243.598137000049,3382.120719583399
1780668273,5,GET,/api/concerts,0.300000,0.000000,3,3,3,3,3,3,3,3,3,3,3,1287,0,3,19.886921825172937,2.099724000004244,1296.4690070000415,753.0
1780668273,5,GET,/health,0.200000,0.000000,4,4,5,5,5,5,5,5,5,5,5,638,0,3,16.935652905956605,2.0757429999775923,1128.8988759999938,57.0
1780668273,5,,Aggregated,2.000000,0.000000,140,140,140,150,180,280,290,290,290,290,290,8262,0,170,475.2315099956419,2.0757429999775923,5243.598137000049,2715.8044057129023
1780668274,5,POST,/api/book,1.700000,0.000000,140,140,150,150,280,290,290,290,290,290,290,6338,0,250,613.7745590825177,91.69946600002277,5243.598137000049,3382.122436099716
1780668274,5,GET,/api/concerts,0.300000,0.000000,3,3,3,3,3,3,3,3,3,3,3,1287,0,3,19.886921825172937,2.099724000004244,1296.4690070000415,753.0
1780668274,5,GET,/health,0.300000,0.000000,4,4,5,5,5,5,5,5,5,5,5,639,0,3,16.914958026604637,2.0757429999775923,1128.8988759999938,57.0
1780668274,5,,Aggregated,2.300000,0.000000,140,140,140,150,180,280,290,290,290,290,290,8264,0,170,475.13386762257903,2.0757429999775923,5243.598137000049,2715.5646176185865
1780668275,5,POST,/api/book,1.800000,0.000000,140,140,150,150,180,280,290,290,290,290,290,6340,0,250,613.6263014640374,91.69946600002277,5243.598137000049,3382.1198738170347
1780668275,5,GET,/api/concerts,0.300000,0.000000,3,3,3,3,3,3,3,3,3,3,3,1287,0,3,19.886921825172937,2.099724000004244,1296.4690070000415,753.0
1780668275,5,GET,/health,0.300000,0.000000,4,4,5,5,5,5,5,5,5,5,5,639,0,3,16.914958026604637,2.0757429999775923,1128.8988759999938,57.0
1780668275,5,,Aggregated,2.400000,0.000000,140,140,140,150,180,280,290,290,290,290,290,8266,0,170,475.05369923179205,2.0757429999775923,5243.598137000049,2715.723929349141
1780668276,5,POST,/api/book,1.900000,0.000000,140,140,150,150,280,290,290,290,290,290,290,6341,0,250,613.5511025861847,91.69946600002277,5243.598137000049,3382.11953950481
1780668276,5,GET,/api/concerts,0.200000,0.000000,3,3,3,3,3,3,3,3,3,3,3,1287,0,3,19.886921825172937,2.099724000004244,1296.4690070000415,753.0
1780668276,5,GET,/health,0.300000,0.000000,4,4,5,5,5,5,5,5,5,5,5,639,0,3,16.914958026604637,2.0757429999775923,1128.8988759999938,57.0
1780668276,5,,Aggregated,2.400000,0.000000,140,140,150,150,180,280,290,290,290,290,290,8267,0,170,475.0127819120592,2.0757429999775923,5243.598137000049,2715.8042820854
1780668277,5,POST,/api/book,1.900000,0.000000,140,140,150,150,280,290,290,290,290,290,290,6343,0,250,613.4020744584577,91.69946600002277,5243.598137000049,3382.1150874980294
1780668277,5,GET,/api/concerts,0.200000,0.000000,3,3,3,3,3,3,3,3,3,3,3,1287,0,3,19.886921825172937,2.099724000004244,1296.4690070000415,753.0
1780668277,5,GET,/health,0.400000,0.000000,4,4,5,5,5,5,5,5,5,5,5,639,0,3,16.914958026604637,2.0757429999775923,1128.8988759999938,57.0
1780668277,5,,Aggregated,2.500000,0.000000,140,140,150,150,180,280,290,290,290,290,290,8269,0,170,474.93197301463215,2.0757429999775923,5243.598137000049,2715.962026847261
1780668278,5,POST,/api/book,2.100000,0.000000,140,140,150,150,280,290,290,290,290,290,290,6345,0,250,613.2525931996843,91.69946600002277,5243.598137000049,3382.1141055949565
1780668278,5,GET,/api/concerts,0.100000,0.000000,3,3,3,3,3,3,3,3,3,3,3,1288,0,3,19.873682204967057,2.099724000004244,1296.4690070000415,753.0
1780668278,5,GET,/health,0.400000,0.000000,4,4,5,5,5,5,5,5,5,5,5,639,0,3,16.914958026604637,2.0757429999775923,1128.8988759999938,57.0
1780668278,5,,Aggregated,2.600000,0.000000,140,140,140,150,180,280,290,290,290,290,290,8272,0,170,474.7937215559711,2.0757429999775923,5243.598137000049,2715.8850338491297
1780668279,5,POST,/api/book,1.800000,0.000000,140,140,150,150,280,290,290,290,290,290,290,6346,0,250,613.178296319886,91.69946600002277,5243.598137000049,3382.115190671289
1780668279,5,GET,/api/concerts,0.100000,0.000000,3,3,3,3,3,3,3,3,3,3,3,1288,0,3,19.873682204967057,2.099724000004244,1296.4690070000415,753.0
1780668279,5,GET,/health,0.400000,0.000000,4,4,5,5,5,5,5,5,5,5,5,639,0,3,16.914958026604637,2.0757429999775923,1128.8988759999938,57.0
1780668279,5,,Aggregated,2.300000,0.000000,140,140,140,150,150,280,290,290,290,290,290,8273,0,170,474.75346661489095,2.0757429999775923,5243.598137000049,2715.9663967121965
1780668280,5,POST,/api/book,2.000000,0.000000,140,140,150,190,280,290,290,290,290,290,290,6349,0,250,612.9729519970069,91.69946600002277,5243.598137000049,3382.120491415971
1780668280,5,GET,/api/concerts,0.100000,0.000000,3,3,3,3,3,3,3,3,3,3,3,1289,0,3,19.86052996819046,2.099724000004244,1296.4690070000415,753.0
1780668280,5,GET,/health,0.400000,0.000000,4,4,4,4,4,4,4,4,4,4,4,639,0,3,16.914958026604637,2.0757429999775923,1128.8988759999938,57.0
1780668280,5,,Aggregated,2.500000,0.000000,140,140,140,150,210,280,290,290,290,290,290,8277,0,170,474.5891208815988,2.0757429999775923,5243.598137000049,2715.9747493053037
1780668281,5,POST,/api/book,2.000000,0.000000,140,140,150,190,280,290,290,290,290,290,290,6351,0,250,612.8241792152413,91.69946600002277,5243.598137000049,3382.1210832939696
1780668281,5,GET,/api/concerts,0.200000,0.000000,3,3,3,3,3,3,3,3,3,3,3,1289,0,3,19.86052996819046,2.099724000004244,1296.4690070000415,753.0
1780668281,5,GET,/health,0.300000,0.000000,4,4,4,4,4,4,4,4,4,4,4,639,0,3,16.914958026604637,2.0757429999775923,1128.8988759999938,57.0
1780668281,5,,Aggregated,2.500000,0.000000,140,140,150,150,210,280,290,290,290,290,290,8279,0,170,474.50842414591057,2.0757429999775923,5243.598137000049,2716.1361275516365
1780668282,5,POST,/api/book,1.900000,0.000000,140,150,180,190,280,290,290,290,290,290,290,6353,0,250,612.6812565043282,91.69946600002277,5243.598137000049,3382.1216747993076
1780668282,5,GET,/api/concerts,0.200000,0.000000,3,3,3,3,3,3,3,3,3,3,3,1290,0,3,19.847288795346945,2.099724000004244,1296.4690070000415,753.0
1780668282,5,GET,/health,0.300000,0.000000,4,4,4,4,4,4,4,4,4,4,4,639,0,3,16.914958026604637,2.0757429999775923,1128.8988759999938,57.0
1780668282,5,,Aggregated,2.400000,0.000000,140,140,150,180,210,280,290,290,290,290,290,8282,0,170,474.3752334335901,2.0757429999775923,5243.598137000049,2716.060371890848
1780668283,5,POST,/api/book,2.000000,0.000000,140,140,150,150,190,210,210,210,210,210,210,6355,0,250,612.5343230338312,91.69946600002277,5243.598137000049,3382.121951219512
1780668283,5,GET,/api/concerts,0.300000,0.000000,3,3,3,3,3,3,3,3,3,3,3,1290,0,3,19.847288795346945,2.099724000004244,1296.4690070000415,753.0
1780668283,5,GET,/health,0.200000,0.000000,4,4,4,4,4,4,4,4,4,4,4,640,0,3,16.892707406250643,2.0757429999775923,1128.8988759999938,57.0
1780668283,5,,Aggregated,2.500000,0.000000,140,140,140,150,180,190,210,210,210,210,210,8285,0,170,474.23898107012593,2.0757429999775923,5243.598137000049,2715.9004224502114
1780668284,5,POST,/api/book,2.100000,0.000000,140,140,150,150,190,210,210,210,210,210,210,6355,0,250,612.5343230338312,91.69946600002277,5243.598137000049,3382.121951219512
1780668284,5,GET,/api/concerts,0.300000,0.000000,3,3,3,3,3,3,3,3,3,3,3,1291,0,3,19.83407924167112,2.099724000004244,1296.4690070000415,753.0
1780668284,5,GET,/health,0.100000,0.000000,4,4,4,4,4,4,4,4,4,4,4,640,0,3,16.892707406250643,2.0757429999775923,1128.8988759999938,57.0
1780668284,5,,Aggregated,2.500000,0.000000,140,140,140,150,180,190,210,210,210,210,210,8286,0,160,474.1820844703106,2.0757429999775923,5243.598137000049,2715.663528843833
1780668285,5,POST,/api/book,2.200000,0.000000,140,140,150,180,190,210,210,210,210,210,210,6359,0,250,612.2432466637833,91.69946600002277,5243.598137000049,3382.12171725114
1780668285,5,GET,/api/concerts,0.300000,0.000000,3,3,3,3,3,3,3,3,3,3,3,1291,0,3,19.83407924167112,2.099724000004244,1296.4690070000415,753.0
1780668285,5,GET,/health,0.100000,0.000000,4,4,4,4,4,4,4,4,4,4,4,640,0,3,16.892707406250643,2.0757429999775923,1128.8988759999938,57.0
1780668285,5,,Aggregated,2.600000,0.000000,140,140,140,150,180,190,210,210,210,210,210,8290,0,160,474.02556508757465,2.0757429999775923,5243.598137000049,2715.98492159228
1780668286,5,POST,/api/book,1.800000,0.000000,140,140,150,180,190,210,210,210,210,210,210,6361,0,250,612.0942587967297,91.69946600002277,5243.598137000049,3382.12749567678
1780668286,5,GET,/api/concerts,0.300000,0.000000,3,3,3,3,3,3,3,3,3,3,3,1291,0,3,19.83407924167112,2.099724000004244,1296.4690070000415,753.0
1780668286,5,GET,/health,0.200000,0.000000,4,4,4,4,4,4,4,4,4,4,4,640,0,3,16.892707406250643,2.0757429999775923,1128.8988759999938,57.0
1780668286,5,,Aggregated,2.300000,0.000000,140,140,140,150,180,190,210,210,210,210,210,8292,0,160,473.94461037710977,2.0757429999775923,5243.598137000049,2716.1500241196336
1780668287,5,POST,/api/book,1.700000,0.000000,140,150,150,180,190,210,210,210,210,210,210,6363,0,250,611.9483846985695,91.69946600002277,5243.598137000049,3382.127769919849
1780668287,5,GET,/api/concerts,0.400000,0.000000,3,3,3,3,3,3,3,3,3,3,3,1291,0,3,19.83407924167112,2.099724000004244,1296.4690070000415,753.0
1780668287,5,GET,/health,0.100000,0.000000,4,4,4,4,4,4,4,4,4,4,4,640,0,3,16.892707406250643,2.0757429999775923,1128.8988759999938,57.0
1780668287,5,,Aggregated,2.200000,0.000000,140,140,150,150,180,190,210,210,210,210,210,8294,0,160,473.86601168049117,2.0757429999775923,5243.598137000049,2716.3108271039305
1780668288,5,POST,/api/book,1.900000,0.000000,140,150,150,180,190,210,210,210,210,210,210,6364,0,250,611.8744799996854,91.69946600002277,5243.598137000049,3382.1269641734757
1780668288,5,GET,/api/concerts,0.400000,0.000000,3,3,3,3,3,3,3,3,3,3,3,1291,0,3,19.83407924167112,2.099724000004244,1296.4690070000415,753.0
1780668288,5,GET,/health,0.100000,0.000000,3,3,3,3,3,3,3,3,3,3,3,640,0,3,16.892707406250643,2.0757429999775923,1128.8988759999938,57.0
1780668288,5,,Aggregated,2.400000,0.000000,140,140,150,150,180,190,210,210,210,210,210,8295,0,160,473.8259577768528,2.0757429999775923,5243.598137000049,2716.390476190476
1780668289,5,POST,/api/book,2.000000,0.000000,140,140,150,150,180,190,210,210,210,210,210,6367,0,250,611.6517046257261,91.69946600002277,5243.598137000049,3382.1253337521593
1780668289,5,GET,/api/concerts,0.400000,0.000000,3,3,3,3,3,3,3,3,3,3,3,1292,0,3,19.821012221360224,2.099724000004244,1296.4690070000415,753.0
1780668289,5,GET,/health,0.100000,0.000000,3,3,3,3,3,3,3,3,3,3,3,640,0,3,16.892707406250643,2.0757429999775923,1128.8988759999938,57.0
1780668289,5,,Aggregated,2.500000,0.000000,140,140,150,150,180,190,210,210,210,210,210,8299,0,160,473.64820868562407,2.0757429999775923,5243.598137000049,2716.393300397638
1780668290,5,POST,/api/book,1.900000,0.000000,140,150,150,150,170,180,180,180,180,180,180,6370,0,250,611.4384693343795,91.69946600002277,5243.598137000049,3382.129984301413
1780668290,5,GET,/api/concerts,0.400000,0.000000,3,3,3,3,3,3,3,3,3,3,3,1293,0,3,19.80792795900813,2.099724000004244,1296.4690070000415,753.0
1780668290,5,GET,/health,0.100000,0.000000,3,3,3,3,3,3,3,3,3,3,3,640,0,3,16.892707406250643,2.0757429999775923,1128.8988759999938,57.0
1780668290,5,,Aggregated,2.400000,0.000000,140,140,150,150,170,180,180,180,180,180,180,8303,0,160,473.47778312067857,2.0757429999775923,5243.598137000049,2716.400939419487
1780668291,5,POST,/api/book,1.900000,0.000000,140,150,150,150,170,180,180,180,180,180,180,6371,0,250,611.3649792550616,91.69946600002277,5243.598137000049,3382.131847433684
1780668291,5,GET,/api/concerts,0.400000,0.000000,3,3,3,3,3,3,3,3,3,3,3,1293,0,3,19.80792795900813,2.099724000004244,1296.4690070000415,753.0
1780668291,5,GET,/health,0.100000,0.000000,3,3,3,3,3,3,3,3,3,3,3,640,0,3,16.892707406250643,2.0757429999775923,1128.8988759999938,57.0
1780668291,5,,Aggregated,2.400000,0.000000,140,140,150,150,160,170,180,180,180,180,180,8304,0,160,473.43801377950314,2.0757429999775923,5243.598137000049,2716.4825385356453
1780668292,5,POST,/api/book,1.900000,0.000000,140,150,150,150,170,180,180,180,180,180,180,6371,0,250,611.3649792550616,91.69946600002277,5243.598137000049,3382.131847433684
1780668292,5,GET,/api/concerts,0.400000,0.000000,3,3,3,3,3,3,3,3,3,3,3,1293,0,3,19.80792795900813,2.099724000004244,1296.4690070000415,753.0
1780668292,5,GET,/health,0.100000,0.000000,3,3,3,3,3,3,3,3,3,3,3,640,0,3,16.892707406250643,2.0757429999775923,1128.8988759999938,57.0
1780668292,5,,Aggregated,2.400000,0.000000,140,140,150,150,170,180,180,180,180,180,180,8304,0,160,473.43801377950314,2.0757429999775923,5243.598137000049,2716.4825385356453
1780668293,5,POST,/api/book,2.200000,0.000000,140,150,150,160,180,200,200,200,200,200,200,6375,0,250,611.0780277385095,91.69946600002277,5243.598137000049,3382.134431372549
1780668293,5,GET,/api/concerts,0.400000,0.000000,3,3,3,3,3,3,3,3,3,3,3,1293,0,3,19.80792795900813,2.099724000004244,1296.4690070000415,753.0
1780668293,5,GET,/health,0.100000,0.000000,3,3,3,3,3,3,3,3,3,3,3,640,0,3,16.892707406250643,2.0757429999775923,1128.8988759999938,57.0
1780668293,5,,Aggregated,2.700000,0.000000,140,140,150,150,170,180,200,200,200,200,200,8308,0,160,473.28423332017263,2.0757429999775923,5243.598137000049,2716.805007221955
1780668294,5,POST,/api/book,1.900000,0.000000,140,140,150,150,170,180,200,200,200,200,200,6377,0,250,610.9301478022577,91.69946600002277,5243.598137000049,3382.131880194449
1780668294,5,GET,/api/concerts,0.400000,0.000000,3,3,3,3,3,3,3,3,3,3,3,1294,0,3,19.79472213523778,2.099724000004244,1296.4690070000415,753.0
1780668294,5,GET,/health,0.100000,0.000000,3,3,3,3,3,3,3,3,3,3,3,640,0,3,16.892707406250643,2.0757429999775923,1128.8988759999938,57.0
1780668294,5,,Aggregated,2.400000,0.000000,140,140,150,150,170,180,200,200,200,200,200,8311,0,160,473.14730546480496,2.0757429999775923,5243.598137000049,2716.7268680062566
1780668295,5,POST,/api/book,1.700000,0.000000,140,140,150,150,170,200,200,200,200,200,200,6377,0,250,610.9301478022577,91.69946600002277,5243.598137000049,3382.131880194449
1780668295,5,GET,/api/concerts,0.300000,0.000000,3,3,3,3,3,3,3,3,3,3,3,1295,0,3,19.781831932044508,2.099724000004244,1296.4690070000415,753.0
1780668295,5,GET,/health,0.100000,0.000000,3,3,3,3,3,3,3,3,3,3,3,640,0,3,16.892707406250643,2.0757429999775923,1128.8988759999938,57.0
1780668295,5,,Aggregated,2.100000,0.000000,140,140,150,150,160,170,200,200,200,200,200,8312,0,160,473.0907552486759,2.0757429999775923,5243.598137000049,2716.4906159769007
1780668296,5,POST,/api/book,2.000000,0.000000,140,150,150,160,180,200,200,200,200,200,200,6381,0,250,610.641397110954,91.69946600002277,5243.598137000049,3382.1399467168158
1780668296,5,GET,/api/concerts,0.300000,0.000000,3,3,3,3,3,3,3,3,3,3,3,1295,0,3,19.781831932044508,2.099724000004244,1296.4690070000415,753.0
1780668296,5,GET,/health,0.000000,0.000000,3,3,3,3,3,3,3,3,3,3,3,640,0,3,16.892707406250643,2.0757429999775923,1128.8988759999938,57.0
1780668296,5,,Aggregated,2.300000,0.000000,140,140,150,150,170,180,200,200,200,200,200,8316,0,160,472.9354930323466,2.0757429999775923,5243.598137000049,2716.8169793169795
1780668297,5,POST,/api/book,2.200000,0.000000,140,140,150,160,180,200,200,200,200,200,200,6382,0,250,610.567307744437,91.69946600002277,5243.598137000049,3382.1403948605453
1780668297,5,GET,/api/concerts,0.300000,0.000000,3,3,3,3,3,3,3,3,3,3,3,1296,0,3,19.7688086797821,2.099724000004244,1296.4690070000415,753.0
1780668297,5,GET,/health,0.000000,0.000000,3,3,3,3,3,3,3,3,3,3,3,640,0,3,16.892707406250643,2.0757429999775923,1128.8988759999938,57.0
1780668297,5,,Aggregated,2.500000,0.000000,140,140,150,150,170,180,200,200,200,200,200,8318,0,160,472.8386952168783,2.0757429999775923,5243.598137000049,2716.661216638615
1780668298,5,POST,/api/book,1.800000,0.000000,140,140,150,160,180,200,200,200,200,200,200,6383,0,250,610.49374086699,91.69946600002277,5243.598137000049,3382.138806203979
1780668298,5,GET,/api/concerts,0.400000,0.000000,3,3,3,3,3,3,3,3,3,3,3,1297,0,3,19.755560865071402,2.099724000004244,1296.4690070000415,753.0
1780668298,5,GET,/health,0.000000,0.000000,3,3,3,3,3,3,3,3,3,3,3,640,0,3,16.892707406250643,2.0757429999775923,1128.8988759999938,57.0
1780668298,5,,Aggregated,2.200000,0.000000,140,140,150,150,170,180,200,200,200,200,200,8320,0,160,472.74228883846087,2.0757429999775923,5243.598137000049,2716.503966346154
1780668299,5,POST,/api/book,2.000000,0.000000,140,150,150,160,180,200,200,200,200,200,200,6384,0,250,610.4202230725247,91.69946600002277,5243.598137000049,3382.1326754385964
1780668299,5,GET,/api/concerts,0.400000,0.000000,3,3,3,3,3,3,3,3,3,3,3,1297,0,3,19.755560865071402,2.099724000004244,1296.4690070000415,753.0
1780668299,5,GET,/health,0.000000,0.000000,3,3,3,3,3,3,3,3,3,3,3,642,0,3,16.848173819315885,2.0757429999775923,1128.8988759999938,57.0
1780668299,5,,Aggregated,2.400000,0.000000,140,140,150,150,170,180,200,200,200,200,200,8323,0,160,472.58947424354136,2.0757429999775923,5243.598137000049,2715.940165805599
1780668300,5,POST,/api/book,1.900000,0.000000,140,150,150,160,180,200,200,200,200,200,200,6384,0,250,610.4202230725247,91.69946600002277,5243.598137000049,3382.1326754385964
1780668300,5,GET,/api/concerts,0.500000,0.000000,3,3,3,3,3,3,3,3,3,3,3,1297,0,3,19.755560865071402,2.099724000004244,1296.4690070000415,753.0
1780668300,5,GET,/health,0.000000,0.000000,3,3,3,3,3,3,3,3,3,3,3,643,0,3,16.82675329238065,2.0757429999775923,1128.8988759999938,57.0
1780668300,5,,Aggregated,2.400000,0.000000,140,140,140,150,170,180,200,200,200,200,200,8324,0,160,472.5330693061022,2.0757429999775923,5243.598137000049,2715.62073522345
1780668301,5,POST,/api/book,1.800000,0.000000,140,140,150,180,200,340,340,340,340,340,340,6385,0,250,610.3773872205165,91.69946600002277,5243.598137000049,3382.132028191073
1780668301,5,GET,/api/concerts,0.500000,0.000000,3,3,3,3,3,3,3,3,3,3,3,1297,0,3,19.755560865071402,2.099724000004244,1296.4690070000415,753.0
1780668301,5,GET,/health,0.000000,0.000000,3,3,4,4,4,4,4,4,4,4,4,644,0,3,16.807610781056958,2.0757429999775923,1128.8988759999938,57.0
1780668301,5,,Aggregated,2.300000,0.000000,140,140,140,140,180,200,340,340,340,340,340,8326,0,160,472.460567041556,2.0757429999775923,5243.598137000049,2715.3809752582274
1780668302,5,POST,/api/book,1.700000,0.000000,140,140,150,180,200,340,340,340,340,340,340,6385,0,250,610.3773872205165,91.69946600002277,5243.598137000049,3382.132028191073
1780668302,5,GET,/api/concerts,0.500000,0.000000,3,3,10,10,25,25,25,25,25,25,25,1299,0,3,19.751747458043024,2.099724000004244,1296.4690070000415,753.0
1780668302,5,GET,/health,0.200000,0.000000,3,3,4,4,4,4,4,4,4,4,4,644,0,3,16.807610781056958,2.0757429999775923,1128.8988759999938,57.0
1780668302,5,,Aggregated,2.400000,0.000000,140,140,140,140,180,200,340,340,340,340,340,8328,0,160,472.35125344548453,2.0757429999775923,5243.598137000049,2714.909702209414
1780668303,5,POST,/api/book,1.300000,0.000000,140,150,150,170,180,340,340,340,340,340,340,6388,0,250,610.1631864405132,91.69946600002277,5243.598137000049,3382.119442705072
1780668303,5,GET,/api/concerts,0.400000,0.000000,3,3,10,10,25,25,25,25,25,25,25,1299,0,3,19.751747458043024,2.099724000004244,1296.4690070000415,753.0
1780668303,5,GET,/health,0.400000,0.000000,3,3,4,4,4,4,4,4,4,4,4,644,0,3,16.807610781056958,2.0757429999775923,1128.8988759999938,57.0
1780668303,5,,Aggregated,2.100000,0.000000,140,140,140,150,170,180,340,340,340,340,340,8331,0,160,472.23671303240855,2.0757429999775923,5243.598137000049,2715.140319289401
1780668304,5,POST,/api/book,1.400000,0.000000,140,150,150,170,180,340,340,340,340,340,340,6390,0,250,610.0167924676053,91.69946600002277,5243.598137000049,3382.118309859155
1780668304,5,GET,/api/concerts,0.500000,0.000000,3,10,10,25,25,25,25,25,25,25,25,1299,0,3,19.751747458043024,2.099724000004244,1296.4690070000415,753.0
1780668304,5,GET,/health,0.400000,0.000000,3,3,4,4,4,4,4,4,4,4,4,644,0,3,16.807610781056958,2.0757429999775923,1128.8988759999938,57.0
1780668304,5,,Aggregated,2.300000,0.000000,140,140,150,150,170,180,340,340,340,340,340,8333,0,160,472.15755732137234,2.0757429999775923,5243.598137000049,2715.2995319812794
1780668305,5,POST,/api/book,1.400000,0.000000,140,150,150,170,180,340,340,340,340,340,340,6392,0,250,609.870535904255,91.69946600002277,5243.598137000049,3382.130788485607
1780668305,5,GET,/api/concerts,0.600000,0.000000,3,3,10,10,25,25,25,25,25,25,25,1300,0,3,19.738866200767493,2.099724000004244,1296.4690070000415,753.0
1780668305,5,GET,/health,0.400000,0.000000,3,3,4,4,4,4,4,4,4,4,4,644,0,3,16.807610781056958,2.0757429999775923,1128.8988759999938,57.0
1780668305,5,,Aggregated,2.400000,0.000000,140,140,150,150,170,180,340,340,340,340,340,8336,0,160,472.02220404318564,2.0757429999775923,5243.598137000049,2715.2336852207295
1780668306,5,POST,/api/book,1.300000,0.000000,140,140,150,150,170,340,340,340,340,340,340,6393,0,250,609.793884632723,91.69946600002277,5243.598137000049,3382.130142343188
1780668306,5,GET,/api/concerts,0.600000,0.000000,3,10,10,25,25,25,25,25,25,25,25,1300,0,3,19.738866200767493,2.099724000004244,1296.4690070000415,753.0
1780668306,5,GET,/health,0.400000,0.000000,3,3,4,4,4,4,4,4,4,4,4,644,0,3,16.807610781056958,2.0757429999775923,1128.8988759999938,57.0
1780668306,5,,Aggregated,2.300000,0.000000,140,140,140,140,150,170,340,340,340,340,340,8337,0,160,471.97996064063756,2.0757429999775923,5243.598137000049,2715.313182199832
1780668307,5,POST,/api/book,1.300000,0.000000,140,140,150,170,190,340,340,340,340,340,340,6397,0,250,609.5066676459275,91.69946600002277,5243.598137000049,3382.1317805221197
1780668307,5,GET,/api/concerts,0.500000,0.000000,10,10,25,25,25,25,25,25,25,25,25,1300,0,3,19.738866200767493,2.099724000004244,1296.4690070000415,753.0
1780668307,5,GET,/health,0.400000,0.000000,3,3,4,4,4,4,4,4,4,4,4,644,0,3,16.807610781056958,2.0757429999775923,1128.8988759999938,57.0
1780668307,5,,Aggregated,2.200000,0.000000,140,140,140,150,170,190,340,340,340,340,340,8341,0,160,471.8257739281855,2.0757429999775923,5243.598137000049,2715.6342165208007
1780668308,5,POST,/api/book,1.500000,0.000000,140,140,150,170,190,340,340,340,340,340,340,6398,0,250,609.4337794688962,91.69946600002277,5243.598137000049,3382.1305095342295
1780668308,5,GET,/api/concerts,0.500000,0.000000,10,10,25,25,25,25,25,25,25,25,25,1300,0,3,19.738866200767493,2.099724000004244,1296.4690070000415,753.0
1780668308,5,GET,/health,0.400000,0.000000,3,3,4,4,4,4,4,4,4,4,4,644,0,3,16.807610781056958,2.0757429999775923,1128.8988759999938,57.0
1780668308,5,,Aggregated,2.400000,0.000000,140,140,140,150,170,190,340,340,340,340,340,8342,0,160,471.78637598249765,2.0757429999775923,5243.598137000049,2715.71313833613
1780668309,5,POST,/api/book,1.200000,0.000000,140,140,150,150,190,340,340,340,340,340,340,6401,0,250,609.2121913863456,91.69946600002277,5243.598137000049,3382.1393532260586
1780668309,5,GET,/api/concerts,0.500000,0.000000,10,10,25,25,25,25,25,25,25,25,25,1300,0,3,19.738866200767493,2.099724000004244,1296.4690070000415,753.0
1780668309,5,GET,/health,0.400000,0.000000,4,4,4,4,4,4,4,4,4,4,4,644,0,3,16.807610781056958,2.0757429999775923,1128.8988759999938,57.0
1780668309,5,,Aggregated,2.100000,0.000000,140,140,140,150,170,190,340,340,340,340,340,8345,0,160,471.6658914880761,2.0757429999775923,5243.598137000049,2715.9594967046137
1780668310,5,POST,/api/book,1.500000,0.000000,140,140,150,150,190,340,340,340,340,340,340,6402,0,250,609.1384209023739,91.69946600002277,5243.598137000049,3382.1385504529835
1780668310,5,GET,/api/concerts,0.400000,0.000000,10,10,25,25,25,25,25,25,25,25,25,1300,0,3,19.738866200767493,2.099724000004244,1296.4690070000415,753.0
1780668310,5,GET,/health,0.400000,0.000000,4,4,4,4,4,4,4,4,4,4,4,644,0,3,16.807610781056958,2.0757429999775923,1128.8988759999938,57.0
1780668310,5,,Aggregated,2.300000,0.000000,140,140,140,150,170,190,340,340,340,340,340,8346,0,160,471.62578456997306,2.0757429999775923,5243.598137000049,2716.038701174215
1780668311,5,POST,/api/book,1.500000,0.000000,140,150,150,170,180,190,190,190,190,190,190,6405,0,250,608.9318838201402,91.69946600002277,5243.598137000049,3382.135987509758
1780668311,5,GET,/api/concerts,0.300000,0.000000,25,25,25,25,25,25,25,25,25,25,25,1300,0,3,19.738866200767493,2.099724000004244,1296.4690070000415,753.0
1780668311,5,GET,/health,0.400000,0.000000,4,4,4,4,4,4,4,4,4,4,4,644,0,3,16.807610781056958,2.0757429999775923,1128.8988759999938,57.0
1780668311,5,,Aggregated,2.200000,0.000000,140,140,150,150,180,180,190,190,190,190,190,8349,0,160,471.51674970319743,2.0757429999775923,5243.598137000049,2716.2760809677807
1780668312,5,POST,/api/book,1.700000,0.000000,140,140,150,150,180,180,190,190,190,190,190,6407,0,250,608.7847377541748,91.69946600002277,5243.598137000049,3382.132823474325
1780668312,5,GET,/api/concerts,0.300000,0.000000,25,25,25,25,25,25,25,25,25,25,25,1300,0,3,19.738866200767493,2.099724000004244,1296.4690070000415,753.0
1780668312,5,GET,/health,0.200000,0.000000,4,4,4,4,4,4,4,4,4,4,4,644,0,3,16.807610781056958,2.0757429999775923,1128.8988759999938,57.0
1780668312,5,,Aggregated,2.200000,0.000000,140,140,150,150,180,180,190,190,190,190,190,8351,0,160,471.4367671171112,2.0757429999775923,5243.598137000049,2716.4331217818226
1780668313,5,POST,/api/book,1.800000,0.000000,140,140,150,150,180,180,190,190,190,190,190,6409,0,250,608.6395207980961,91.69946600002277,5243.598137000049,3382.1412076767047
1780668313,5,GET,/api/concerts,0.300000,0.000000,3,3,3,3,3,3,3,3,3,3,3,1301,0,3,19.72569934127432,2.099724000004244,1296.4690070000415,753.0
1780668313,5,GET,/health,0.000000,0.000000,4,4,4,4,4,4,4,4,4,4,4,644,0,3,16.807610781056958,2.0757429999775923,1128.8988759999938,57.0
1780668313,5,,Aggregated,2.100000,0.000000,140,140,150,150,180,180,190,190,190,190,190,8354,0,160,471.30212173581464,2.0757429999775923,5243.598137000049,2716.3638975341155
1780668314,5,POST,/api/book,2.000000,0.000000,140,140,140,150,180,180,190,190,190,190,190,6411,0,250,608.4940933924502,91.69946600002277,5243.598137000049,3382.149898611761
1780668314,5,GET,/api/concerts,0.200000,0.000000,3,3,3,3,3,3,3,3,3,3,3,1301,0,3,19.72569934127432,2.099724000004244,1296.4690070000415,753.0
1780668314,5,GET,/health,0.000000,0.000000,4,4,4,4,4,4,4,4,4,4,4,644,0,3,16.807610781056958,2.0757429999775923,1128.8988759999938,57.0
1780668314,5,,Aggregated,2.200000,0.000000,140,140,140,150,180,180,190,190,190,190,190,8356,0,160,471.2234165779076,2.0757429999775923,5243.598137000049,2716.52991862135
1780668315,5,POST,/api/book,2.100000,0.000000,140,140,150,150,180,190,190,190,190,190,190,6411,0,250,608.4940933924502,91.69946600002277,5243.598137000049,3382.149898611761
1780668315,5,GET,/api/concerts,0.100000,0.000000,3,3,3,3,3,3,3,3,3,3,3,1302,0,3,19.712698366357817,2.099724000004244,1296.4690070000415,753.0
1780668315,5,GET,/health,0.000000,0.000000,4,4,4,4,4,4,4,4,4,4,4,644,0,3,16.807610781056958,2.0757429999775923,1128.8988759999938,57.0
1780668315,5,,Aggregated,2.200000,0.000000,140,140,140,150,180,180,190,190,190,190,190,8357,0,160,471.16736476666216,2.0757429999775923,5243.598137000049,2716.294962307048
1780668316,5,POST,/api/book,2.100000,0.000000,140,140,150,150,180,190,200,200,200,200,200,6414,0,250,608.286605240879,91.69946600002277,5243.598137000049,3382.1474898659185
1780668316,5,GET,/api/concerts,0.200000,0.000000,3,3,3,3,3,3,3,3,3,3,3,1303,0,3,19.699765856483417,2.099724000004244,1296.4690070000415,753.0
1780668316,5,GET,/health,0.000000,0.000000,4,4,4,4,4,4,4,4,4,4,4,644,0,3,16.807610781056958,2.0757429999775923,1128.8988759999938,57.0
1780668316,5,,Aggregated,2.300000,0.000000,140,140,150,150,180,190,200,200,200,200,200,8361,0,160,471.00145703492353,2.0757429999775923,5243.598137000049,2716.2972132520035
1780668317,5,POST,/api/book,2.100000,0.000000,140,150,150,150,180,200,200,200,200,200,200,6415,0,250,608.2144575722522,91.69946600002277,5243.598137000049,3382.1480904130945
1780668317,5,GET,/api/concerts,0.200000,0.000000,3,3,3,3,3,3,3,3,3,3,3,1304,0,3,19.686692644937153,2.099724000004244,1296.4690070000415,753.0
1780668317,5,GET,/health,0.000000,0.000000,4,4,4,4,4,4,4,4,4,4,4,644,0,3,16.807610781056958,2.0757429999775923,1128.8988759999938,57.0
1780668317,5,,Aggregated,2.300000,0.000000,140,140,150,150,180,180,200,200,200,200,200,8363,0,160,470.90652802558844,2.0757429999775923,5243.598137000049,2716.142532584001
1780668318,5,POST,/api/book,1.900000,0.000000,140,150,150,150,180,200,200,200,200,200,200,6417,0,250,608.0708100620224,91.69946600002277,5243.598137000049,3382.148044257441
1780668318,5,GET,/api/concerts,0.200000,0.000000,3,3,3,3,3,3,3,3,3,3,3,1305,0,3,19.67375087049658,2.099724000004244,1296.4690070000415,753.0
1780668318,5,GET,/health,0.000000,0.000000,0,0,0,0,0,0,0,0,0,0,0,644,0,3,16.807610781056958,2.0757429999775923,1128.8988759999938,57.0
1780668318,5,,Aggregated,2.100000,0.000000,140,150,150,150,180,180,200,200,200,200,200,8366,0,160,470.7732171165427,2.0757429999775923,5243.598137000049,2716.067057136027
1780668319,5,POST,/api/book,2.100000,0.000000,140,150,150,150,180,200,200,200,200,200,200,6420,0,250,607.85249376028,91.69946600002277,5243.598137000049,3382.1392523364484
1780668319,5,GET,/api/concerts,0.300000,0.000000,3,3,3,3,3,3,3,3,3,3,3,1306,0,3,19.660941150840827,2.099724000004244,1296.4690070000415,753.0
1780668319,5,GET,/health,0.000000,0.000000,0,0,0,0,0,0,0,0,0,0,0,644,0,3,16.807610781056958,2.0757429999775923,1128.8988759999938,57.0
1780668319,5,,Aggregated,2.400000,0.000000,140,150,150,150,180,180,200,200,200,200,200,8370,0,160,470.59908009880473,2.0757429999775923,5243.598137000049,2716.064516129032
1780668320,5,POST,/api/book,1.800000,0.000000,140,150,150,150,180,200,200,200,200,200,200,6422,0,250,607.7071187544375,91.69946600002277,5243.598137000049,3382.1468389909687
1780668320,5,GET,/api/concerts,0.400000,0.000000,3,3,3,3,3,3,3,3,3,3,3,1306,0,3,19.660941150840827,2.099724000004244,1296.4690070000415,753.0
1780668320,5,GET,/health,0.000000,0.000000,0,0,0,0,0,0,0,0,0,0,0,644,0,3,16.807610781056958,2.0757429999775923,1128.8988759999938,57.0
1780668320,5,,Aggregated,2.200000,0.000000,140,150,150,150,180,180,200,200,200,200,200,8372,0,160,470.5203544107735,2.0757429999775923,5243.598137000049,2716.2294553272814
1780668321,5,POST,/api/book,1.800000,0.000000,140,150,150,150,150,200,200,200,200,200,200,6422,0,250,607.7071187544375,91.69946600002277,5243.598137000049,3382.1468389909687
1780668321,5,GET,/api/concerts,0.400000,0.000000,3,3,3,3,3,3,3,3,3,3,3,1306,0,3,19.660941150840827,2.099724000004244,1296.4690070000415,753.0
1780668321,5,GET,/health,0.000000,0.000000,0,0,0,0,0,0,0,0,0,0,0,644,0,3,16.807610781056958,2.0757429999775923,1128.8988759999938,57.0
1780668321,5,,Aggregated,2.200000,0.000000,140,140,150,150,150,150,200,200,200,200,200,8372,0,160,470.5203544107735,2.0757429999775923,5243.598137000049,2716.2294553272814
1780668322,5,POST,/api/book,1.900000,0.000000,140,150,150,150,210,210,210,210,210,210,210,6427,0,250,607.3624094423523,91.69946600002277,5243.598137000049,3382.1471915357088
1780668322,5,GET,/api/concerts,0.600000,0.000000,3,3,3,3,3,3,3,3,3,3,3,1306,0,3,19.660941150840827,2.099724000004244,1296.4690070000415,753.0
1780668322,5,GET,/health,0.000000,0.000000,0,0,0,0,0,0,0,0,0,0,0,644,0,3,16.807610781056958,2.0757429999775923,1128.8988759999938,57.0
1780668322,5,,Aggregated,2.500000,0.000000,140,140,150,150,200,210,210,210,210,210,210,8377,0,160,470.337769603915,2.0757429999775923,5243.598137000049,2716.6271935060286
1780668323,5,POST,/api/book,1.900000,0.000000,140,150,150,150,210,210,210,210,210,210,210,6427,0,250,607.3624094423523,91.69946600002277,5243.598137000049,3382.1471915357088
1780668323,5,GET,/api/concerts,0.600000,0.000000,3,3,3,3,3,3,3,3,3,3,3,1306,0,3,19.660941150840827,2.099724000004244,1296.4690070000415,753.0
1780668323,5,GET,/health,0.000000,0.000000,0,0,0,0,0,0,0,0,0,0,0,644,0,3,16.807610781056958,2.0757429999775923,1128.8988759999938,57.0
1780668323,5,,Aggregated,2.500000,0.000000,140,140,150,150,200,210,210,210,210,210,210,8377,0,160,470.337769603915,2.0757429999775923,5243.598137000049,2716.6271935060286
1780668324,5,POST,/api/book,1.700000,0.000000,140,150,150,160,210,210,210,210,210,210,210,6429,0,250,607.2206781357906,91.69946600002277,5243.598137000049,3382.1569450925494
1780668324,5,GET,/api/concerts,0.600000,0.000000,3,3,3,3,3,3,3,3,3,3,3,1306,0,3,19.660941150840827,2.099724000004244,1296.4690070000415,753.0
1780668324,5,GET,/health,0.000000,0.000000,0,0,0,0,0,0,0,0,0,0,0,645,0,3,16.785366655814904,2.0757429999775923,1128.8988759999938,57.0
1780668324,5,,Aggregated,2.300000,0.000000,140,140,150,150,200,210,210,210,210,210,210,8380,0,160,470.2059057721952,2.0757429999775923,5243.598137000049,2716.476133651551
1780668325,5,POST,/api/book,2.000000,0.000000,140,150,150,160,210,210,210,210,210,210,210,6431,0,250,607.0763585604102,91.69946600002277,5243.598137000049,3382.1525423728813
1780668325,5,GET,/api/concerts,0.600000,0.000000,3,3,3,3,3,3,3,3,3,3,3,1308,0,3,19.635126418958702,2.099724000004244,1296.4690070000415,753.0
1780668325,5,GET,/health,0.000000,0.000000,2,2,2,2,2,2,2,2,2,2,2,645,0,3,16.785366655814904,2.0757429999775923,1128.8988759999938,57.0
1780668325,5,,Aggregated,2.600000,0.000000,140,140,150,150,200,210,210,210,210,210,210,8384,0,160,470.01638463155956,2.0757429999775923,5243.598137000049,2716.163167938931
1780668326,5,POST,/api/book,1.800000,0.000000,140,150,150,150,210,210,210,210,210,210,210,6431,0,250,607.0763585604102,91.69946600002277,5243.598137000049,3382.1525423728813
1780668326,5,GET,/api/concerts,0.500000,0.000000,3,3,3,3,3,3,3,3,3,3,3,1308,0,3,19.635126418958702,2.099724000004244,1296.4690070000415,753.0
1780668326,5,GET,/health,0.000000,0.000000,3,3,3,3,3,3,3,3,3,3,3,646,0,3,16.763381846750335,2.0757429999775923,1128.8988759999938,57.0
1780668326,5,,Aggregated,2.300000,0.000000,140,140,150,150,160,210,210,210,210,210,210,8385,0,160,469.9606382744181,2.0757429999775923,5243.598137000049,2715.8460345855697
1780668327,5,POST,/api/book,1.800000,0.000000,140,150,160,210,260,280,280,280,280,280,280,6435,0,250,606.826306324009,91.69946600002277,5243.598137000049,3382.1543123543124
1780668327,5,GET,/api/concerts,0.500000,0.000000,3,3,3,3,3,3,3,3,3,3,3,1308,0,3,19.635126418958702,2.099724000004244,1296.4690070000415,753.0
1780668327,5,GET,/health,0.100000,0.000000,3,3,3,3,3,3,3,3,3,3,3,646,0,3,16.763381846750335,2.0757429999775923,1128.8988759999938,57.0
1780668327,5,,Aggregated,2.400000,0.000000,140,140,150,150,210,260,280,280,280,280,280,8389,0,160,469.83420803719105,2.0757429999775923,5243.598137000049,2716.165097151031
1780668328,5,POST,/api/book,2.000000,0.000000,140,150,160,210,260,280,280,280,280,280,280,6438,0,250,606.6098124036965,91.69946600002277,5243.598137000049,3382.1637154395776
1780668328,5,GET,/api/concerts,0.600000,0.000000,3,3,3,3,3,3,3,3,3,3,3,1308,0,3,19.635126418958702,2.099724000004244,1296.4690070000415,753.0
1780668328,5,GET,/health,0.100000,0.000000,3,3,3,3,3,3,3,3,3,3,3,646,0,3,16.763381846750335,2.0757429999775923,1128.8988759999938,57.0
1780668328,5,,Aggregated,2.700000,0.000000,140,140,150,160,210,260,280,280,280,280,280,8392,0,160,469.7170951244037,2.0757429999775923,5243.598137000049,2716.410390848427
1780668329,5,POST,/api/book,1.700000,0.000000,140,150,160,210,260,280,280,280,280,280,280,6439,0,250,606.537702561267,91.69946600002277,5243.598137000049,3382.1622922814104
1780668329,5,GET,/api/concerts,0.500000,0.000000,3,3,3,3,3,3,3,3,3,3,3,1308,0,3,19.635126418958702,2.099724000004244,1296.4690070000415,753.0
1780668329,5,GET,/health,0.200000,0.000000,3,3,3,3,3,3,3,3,3,3,3,646,0,3,16.763381846750335,2.0757429999775923,1128.8988759999938,57.0
1780668329,5,,Aggregated,2.400000,0.000000,140,140,150,160,210,260,280,280,280,280,280,8393,0,160,469.6780837389486,2.0757429999775923,5243.598137000049,2716.488621470273
1780668330,5,POST,/api/book,2.000000,0.000000,140,150,160,210,260,280,280,280,280,280,280,6440,0,250,606.462826486801,91.69946600002277,5243.598137000049,3382.158540372671
1780668330,5,GET,/api/concerts,0.400000,0.000000,3,3,3,3,3,3,3,3,3,3,3,1309,0,3,19.622565443084774,2.099724000004244,1296.4690070000415,753.0
1780668330,5,GET,/health,0.200000,0.000000,3,3,3,3,3,3,3,3,3,3,3,646,0,3,16.763381846750335,2.0757429999775923,1128.8988759999938,57.0
1780668330,5,,Aggregated,2.600000,0.000000,140,140,150,160,210,260,280,280,280,280,280,8395,0,160,469.5813800372836,2.0757429999775923,5243.598137000049,2716.331149493746
1780668331,5,POST,/api/book,2.000000,0.000000,140,150,160,210,260,280,280,280,280,280,280,6442,0,250,606.3159470352372,91.69946600002277,5243.598137000049,3382.158025457932
1780668331,5,GET,/api/concerts,0.300000,0.000000,3,3,3,3,3,3,3,3,3,3,3,1309,0,3,19.622565443084774,2.099724000004244,1296.4690070000415,753.0
1780668331,5,GET,/health,0.200000,0.000000,3,3,3,3,3,3,3,3,3,3,3,646,0,3,16.763381846750335,2.0757429999775923,1128.8988759999938,57.0
1780668331,5,,Aggregated,2.500000,0.000000,140,140,150,160,210,260,280,280,280,280,280,8397,0,160,469.50129970691864,2.0757429999775923,5243.598137000049,2716.489341431464
1780668333,5,POST,/api/book,1.900000,0.000000,140,140,150,150,260,280,280,280,280,280,280,6443,0,250,606.2434787241965,91.69946600002277,5243.598137000049,3382.164054012106
1780668333,5,GET,/api/concerts,0.200000,0.000000,3,3,3,3,3,3,3,3,3,3,3,1310,0,3,19.609875949616754,2.099724000004244,1296.4690070000415,753.0
1780668333,5,GET,/health,0.200000,0.000000,3,3,3,3,3,3,3,3,3,3,3,647,0,3,16.74239667851756,2.0757429999775923,1128.8988759999938,57.0
1780668333,5,,Aggregated,2.300000,0.000000,140,140,140,150,160,260,280,280,280,280,280,8400,0,160,469.3509525672614,2.0757429999775923,5243.598137000049,2716.022857142857
1780668334,5,POST,/api/book,1.800000,0.000000,140,140,140,150,260,280,280,280,280,280,280,6446,0,250,606.0251316816627,91.69946600002277,5243.598137000049,3382.158547936705
1780668334,5,GET,/api/concerts,0.300000,0.000000,3,3,3,3,3,3,3,3,3,3,3,1310,0,3,19.609875949616754,2.099724000004244,1296.4690070000415,753.0
1780668334,5,GET,/health,0.200000,0.000000,3,3,3,3,3,3,3,3,3,3,3,647,0,3,16.74239667851756,2.0757429999775923,1128.8988759999938,57.0
1780668334,5,,Aggregated,2.300000,0.000000,140,140,140,140,150,260,280,280,280,280,280,8403,0,160,469.23232975901414,2.0757429999775923,5243.598137000049,2716.256456027609
1780668335,5,POST,/api/book,2.000000,0.000000,140,140,140,150,260,280,280,280,280,280,280,6447,0,250,605.9503389674264,91.69946600002277,5243.598137000049,3382.166899333023
1780668335,5,GET,/api/concerts,0.300000,0.000000,3,3,3,3,3,3,3,3,3,3,3,1310,0,3,19.609875949616754,2.099724000004244,1296.4690070000415,753.0
1780668335,5,GET,/health,0.200000,0.000000,3,3,3,3,3,3,3,3,3,3,3,647,0,3,16.74239667851756,2.0757429999775923,1128.8988759999938,57.0
1780668335,5,,Aggregated,2.500000,0.000000,140,140,140,140,260,280,280,280,280,280,280,8404,0,160,469.1912307791523,2.0757429999775923,5243.598137000049,2716.342099000476
1780668336,5,POST,/api/book,1.600000,0.000000,140,140,140,140,260,280,280,280,280,280,280,6449,0,250,605.8055744532481,91.69946600002277,5243.598137000049,3382.164676694061
1780668336,5,GET,/api/concerts,0.400000,0.000000,3,3,3,3,3,3,3,3,3,3,3,1310,0,3,19.609875949616754,2.099724000004244,1296.4690070000415,753.0
1780668336,5,GET,/health,0.300000,0.000000,3,3,3,3,3,3,3,3,3,3,3,647,0,3,16.74239667851756,2.0757429999775923,1128.8988759999938,57.0
1780668336,5,,Aggregated,2.300000,0.000000,140,140,140,140,150,260,280,280,280,280,280,8406,0,160,469.1127073273846,2.0757429999775923,5243.598137000049,2716.4988103735427
1780668337,5,POST,/api/book,1.900000,0.000000,140,140,140,150,160,200,200,200,200,200,200,6453,0,240,605.5328751878192,91.69946600002277,5243.598137000049,3382.1684487835114
1780668337,5,GET,/api/concerts,0.400000,0.000000,3,3,3,3,3,3,3,3,3,3,3,1310,0,3,19.609875949616754,2.099724000004244,1296.4690070000415,753.0
1780668337,5,GET,/health,0.300000,0.000000,3,3,3,3,3,3,3,3,3,3,3,647,0,3,16.74239667851756,2.0757429999775923,1128.8988759999938,57.0
1780668337,5,,Aggregated,2.600000,0.000000,140,140,140,140,160,160,200,200,200,200,200,8410,0,160,468.9684793973835,2.0757429999775923,5243.598137000049,2716.8183115338884
1780668338,5,POST,/api/book,1.800000,0.000000,140,140,140,140,160,200,200,200,200,200,200,6454,0,240,605.460342001549,91.69946600002277,5243.598137000049,3382.167647970251
1780668338,5,GET,/api/concerts,0.400000,0.000000,3,3,3,3,3,3,3,3,3,3,3,1311,0,3,19.597025366893916,2.099724000004244,1296.4690070000415,753.0
1780668338,5,GET,/health,0.200000,0.000000,3,3,3,3,3,3,3,3,3,3,3,648,0,3,16.72076615740879,2.0757429999775923,1128.8988759999938,57.0
1780668338,5,,Aggregated,2.400000,0.000000,140,140,140,140,160,160,200,200,200,200,200,8413,0,160,468.8182341618917,2.0757429999775923,5243.598137000049,2716.3472007607274
1780668339,5,POST,/api/book,1.800000,0.000000,140,140,140,140,160,200,200,200,200,200,200,6455,0,240,605.387954766692,91.69946600002277,5243.598137000049,3382.162354763749
1780668339,5,GET,/api/concerts,0.200000,0.000000,3,3,3,3,3,3,3,3,3,3,3,1311,0,3,19.597025366893916,2.099724000004244,1296.4690070000415,753.0
1780668339,5,GET,/health,0.200000,0.000000,3,3,3,3,3,3,3,3,3,3,3,648,0,3,16.72076615740879,2.0757429999775923,1128.8988759999938,57.0
1780668339,5,,Aggregated,2.200000,0.000000,140,140,140,140,160,160,200,200,200,200,200,8414,0,160,468.778940426075,2.0757429999775923,5243.598137000049,2716.4222724031374
1780668340,5,POST,/api/book,2.200000,0.000000,140,140,140,140,160,200,200,200,200,200,200,6457,0,240,605.2442038793554,91.69946600002277,5243.598137000049,3382.168654173765
1780668340,5,GET,/api/concerts,0.200000,0.000000,3,3,3,3,3,3,3,3,3,3,3,1312,0,3,19.584421954266766,2.099724000004244,1296.4690070000415,753.0
1780668340,5,GET,/health,0.100000,0.000000,3,3,3,3,3,3,3,3,3,3,3,648,0,3,16.72076615740879,2.0757429999775923,1128.8988759999938,57.0
1780668340,5,,Aggregated,2.500000,0.000000,140,140,140,140,160,160,200,200,200,200,200,8417,0,160,468.6457933376494,2.0757429999775923,5243.598137000049,2716.35202566235
1780668341,5,POST,/api/book,1.900000,0.000000,140,140,160,160,200,250,250,250,250,250,250,6460,0,240,605.0528852640863,91.69946600002277,5243.598137000049,3382.169040247678
1780668341,5,GET,/api/concerts,0.300000,0.000000,3,3,3,3,3,3,3,3,3,3,3,1312,0,3,19.584421954266766,2.099724000004244,1296.4690070000415,753.0
1780668341,5,GET,/health,0.200000,0.000000,3,3,3,3,3,3,3,3,3,3,3,649,0,3,16.69942678736644,2.0757429999775923,1128.8988759999938,57.0
1780668341,5,,Aggregated,2.400000,0.000000,140,140,140,160,200,200,250,250,250,250,250,8421,0,160,468.492379574278,2.0757429999775923,5243.598137000049,2716.273720460753
1780668342,5,POST,/api/book,1.700000,0.000000,140,140,160,160,200,250,250,250,250,250,250,6460,0,240,605.0528852640863,91.69946600002277,5243.598137000049,3382.169040247678
1780668342,5,GET,/api/concerts,0.300000,0.000000,3,3,3,3,3,3,3,3,3,3,3,1313,0,3,19.571654016753843,2.099724000004244,1296.4690070000415,753.0
1780668342,5,GET,/health,0.200000,0.000000,3,3,3,3,3,3,3,3,3,3,3,649,0,3,16.69942678736644,2.0757429999775923,1128.8988759999938,57.0
1780668342,5,,Aggregated,2.200000,0.000000,140,140,140,160,200,200,250,250,250,250,250,8422,0,160,468.4370872138441,2.0757429999775923,5243.598137000049,2716.0406079316076
1780668343,5,POST,/api/book,1.800000,0.000000,140,140,160,200,200,250,250,250,250,250,250,6461,0,240,604.9806559603772,91.69946600002277,5243.598137000049,3382.1639065160193
1780668343,5,GET,/api/concerts,0.400000,0.000000,3,3,3,4,4,4,4,4,4,4,4,1314,0,3,19.559459162098694,2.099724000004244,1296.4690070000415,753.0
1780668343,5,GET,/health,0.200000,0.000000,3,3,3,3,3,3,3,3,3,3,3,649,0,3,16.69942678736644,2.0757429999775923,1128.8988759999938,57.0
1780668343,5,,Aggregated,2.400000,0.000000,140,140,140,160,200,200,250,250,250,250,250,8424,0,160,468.34272026163285,2.0757429999775923,5243.598137000049,2715.882716049383
1780668344,5,POST,/api/book,1.800000,0.000000,140,160,200,200,220,250,250,250,250,250,250,6464,0,240,604.7905984337867,91.69946600002277,5243.598137000049,3382.1486695544554
1780668344,5,GET,/api/concerts,0.400000,0.000000,3,3,4,4,4,4,4,4,4,4,4,1314,0,3,19.559459162098694,2.099724000004244,1296.4690070000415,753.0
1780668344,5,GET,/health,0.300000,0.000000,3,3,3,3,3,3,3,3,3,3,3,649,0,3,16.69942678736644,2.0757429999775923,1128.8988759999938,57.0
1780668344,5,,Aggregated,2.500000,0.000000,140,140,160,200,220,220,250,250,250,250,250,8427,0,160,468.24557797555417,2.0757429999775923,5243.598137000049,2716.1082235671056
1780668345,5,POST,/api/book,1.800000,0.000000,140,160,200,200,220,250,250,250,250,250,250,6465,0,240,604.7185208934258,91.69946600002277,5243.598137000049,3382.142923433875
1780668345,5,GET,/api/concerts,0.400000,0.000000,3,3,4,4,4,4,4,4,4,4,4,1314,0,3,19.559459162098694,2.099724000004244,1296.4690070000415,753.0
1780668345,5,GET,/health,0.300000,0.000000,3,3,3,3,3,3,3,3,3,3,3,649,0,3,16.69942678736644,2.0757429999775923,1128.8988759999938,57.0
1780668345,5,,Aggregated,2.500000,0.000000,140,140,160,200,220,220,250,250,250,250,250,8428,0,160,468.20648966540045,2.0757429999775923,5243.598137000049,2716.1828429046036
1780668346,5,POST,/api/book,1.800000,0.000000,140,150,200,220,220,250,250,250,250,250,250,6467,0,240,604.5771194864694,91.69946600002277,5243.598137000049,3382.1448894386886
1780668346,5,GET,/api/concerts,0.400000,0.000000,3,3,3,4,4,4,4,4,4,4,4,1315,0,3,19.546522415207296,2.099724000004244,1296.4690070000415,753.0
1780668346,5,GET,/health,0.200000,0.000000,3,3,3,3,3,3,3,3,3,3,3,649,0,3,16.69942678736644,2.0757429999775923,1128.8988759999938,57.0
1780668346,5,,Aggregated,2.400000,0.000000,140,140,140,150,220,220,250,250,250,250,250,8431,0,160,468.07517930020106,2.0757429999775923,5243.598137000049,2716.109476930376
1780668347,5,POST,/api/book,1.700000,0.000000,140,140,200,200,220,250,250,250,250,250,250,6470,0,240,604.3619954709425,91.69946600002277,5243.598137000049,3382.1428129829983
1780668347,5,GET,/api/concerts,0.400000,0.000000,3,3,3,4,4,4,4,4,4,4,4,1315,0,3,19.546522415207296,2.099724000004244,1296.4690070000415,753.0
1780668347,5,GET,/health,0.200000,0.000000,3,3,3,3,3,3,3,3,3,3,3,649,0,3,16.69942678736644,2.0757429999775923,1128.8988759999938,57.0
1780668347,5,,Aggregated,2.300000,0.000000,140,140,140,150,220,220,250,250,250,250,250,8434,0,160,467.9587047258709,2.0757429999775923,5243.598137000049,2716.3447948778753
1780668348,5,POST,/api/book,1.800000,0.000000,140,140,200,200,220,250,250,250,250,250,250,6471,0,240,604.2900550672226,91.69946600002277,5243.598137000049,3382.136609488487
1780668348,5,GET,/api/concerts,0.400000,0.000000,3,3,4,4,4,4,4,4,4,4,4,1315,0,3,19.546522415207296,2.099724000004244,1296.4690070000415,753.0
1780668348,5,GET,/health,0.200000,0.000000,3,3,3,3,3,3,3,3,3,3,3,649,0,3,16.69942678736644,2.0757429999775923,1128.8988759999938,57.0
1780668348,5,,Aggregated,2.400000,0.000000,140,140,140,150,220,220,250,250,250,250,250,8435,0,160,467.91968598707706,2.0757429999775923,5243.598137000049,2716.418968583284
1780668349,5,POST,/api/book,1.800000,0.000000,140,200,220,220,250,270,270,270,270,270,270,6473,0,240,604.1797389297077,91.69946600002277,5243.598137000049,3382.1385756218137
1780668349,5,GET,/api/concerts,0.500000,0.000000,3,3,3,4,4,4,4,4,4,4,4,1316,0,3,19.533702589663896,2.099724000004244,1296.4690070000415,753.0
1780668349,5,GET,/health,0.200000,0.000000,3,3,3,3,3,3,3,3,3,3,3,650,0,3,16.67793865692436,2.0757429999775923,1128.8988759999938,57.0
1780668349,5,,Aggregated,2.500000,0.000000,140,140,200,220,220,250,270,270,270,270,270,8439,0,160,467.75713506659497,2.0757429999775923,5243.598137000049,2716.0304538452424
1780668350,5,POST,/api/book,1.700000,0.000000,140,150,220,220,250,270,270,270,270,270,270,6475,0,240,604.0348257235518,91.69946600002277,5243.598137000049,3382.129420849421
1780668350,5,GET,/api/concerts,0.500000,0.000000,3,3,4,4,4,4,4,4,4,4,4,1316,0,3,19.533702589663896,2.099724000004244,1296.4690070000415,753.0
1780668350,5,GET,/health,0.200000,0.000000,3,3,3,3,3,3,3,3,3,3,3,651,0,3,16.65724725192109,2.0757429999775923,1128.8988759999938,57.0
1780668350,5,,Aggregated,2.400000,0.000000,140,140,140,150,220,220,270,270,270,270,270,8442,0,160,467.6232785037899,2.0757429999775923,5243.598137000049,2715.8662639185027
1780668351,5,POST,/api/book,1.700000,0.000000,140,140,220,220,220,270,270,270,270,270,270,6476,0,240,603.9632951497834,91.69946600002277,5243.598137000049,3382.1310994441014
1780668351,5,GET,/api/concerts,0.400000,0.000000,3,3,4,4,4,4,4,4,4,4,4,1316,0,3,19.533702589663896,2.099724000004244,1296.4690070000415,753.0
1780668351,5,GET,/health,0.100000,0.000000,3,3,3,3,3,3,3,3,3,3,3,651,0,3,16.65724725192109,2.0757429999775923,1128.8988759999938,57.0
1780668351,5,,Aggregated,2.200000,0.000000,140,140,140,150,220,220,270,270,270,270,270,8443,0,160,467.584569460973,2.0757429999775923,5243.598137000049,2715.9464645268267
1780668352,5,POST,/api/book,1.800000,0.000000,140,140,220,220,220,270,270,270,270,270,270,6477,0,240,603.8914864613243,91.69946600002277,5243.598137000049,3382.13586536977
1780668352,5,GET,/api/concerts,0.500000,0.000000,3,3,4,4,4,4,4,4,4,4,4,1316,0,3,19.533702589663896,2.099724000004244,1296.4690070000415,753.0
1780668352,5,GET,/health,0.200000,0.000000,3,3,3,3,3,3,3,3,3,3,3,652,0,3,16.635754762270885,2.0757429999775923,1128.8988759999938,57.0
1780668352,5,,Aggregated,2.500000,0.000000,140,140,140,150,220,220,270,270,270,270,270,8445,0,160,467.4905888126696,2.0757429999775923,5243.598137000049,2715.714150384843
1780668353,5,POST,/api/book,1.800000,0.000000,140,140,140,140,220,270,270,270,270,270,270,6480,0,240,603.6759806165121,91.69946600002277,5243.598137000049,3382.1456790123457
1780668353,5,GET,/api/concerts,0.400000,0.000000,3,3,3,3,3,3,3,3,3,3,3,1316,0,3,19.533702589663896,2.099724000004244,1296.4690070000415,753.0
1780668353,5,GET,/health,0.300000,0.000000,3,3,3,3,3,3,3,3,3,3,3,652,0,3,16.635754762270885,2.0757429999775923,1128.8988759999938,57.0
1780668353,5,,Aggregated,2.500000,0.000000,140,140,140,140,150,220,270,270,270,270,270,8448,0,160,467.3737238527456,2.0757429999775923,5243.598137000049,2715.9583333333335
1780668354,5,POST,/api/book,1.600000,0.000000,140,140,140,140,220,270,270,270,270,270,270,6482,0,240,603.53362819423,91.69946600002277,5243.598137000049,3382.143782783092
1780668354,5,GET,/api/concerts,0.400000,0.000000,3,3,3,3,3,3,3,3,3,3,3,1318,0,3,19.508736279209085,2.099724000004244,1296.4690070000415,753.0
1780668354,5,GET,/health,0.200000,0.000000,3,3,3,3,3,3,3,3,3,3,3,652,0,3,16.635754762270885,2.0757429999775923,1128.8988759999938,57.0
1780668354,5,,Aggregated,2.200000,0.000000,140,140,140,140,150,220,270,270,270,270,270,8452,0,160,467.1869385324178,2.0757429999775923,5243.598137000049,2715.650023663038
1780668355,5,POST,/api/book,1.700000,0.000000,140,140,140,140,220,270,270,270,270,270,270,6483,0,240,603.4622509483262,91.69946600002277,5243.598137000049,3382.1346598796854
1780668355,5,GET,/api/concerts,0.300000,0.000000,3,3,3,3,3,3,3,3,3,3,3,1318,0,3,19.508736279209085,2.099724000004244,1296.4690070000415,753.0
1780668355,5,GET,/health,0.300000,0.000000,3,3,3,3,3,3,3,3,3,3,3,652,0,3,16.635754762270885,2.0757429999775923,1128.8988759999938,57.0
1780668355,5,,Aggregated,2.300000,0.000000,140,140,140,140,140,220,270,270,270,270,270,8453,0,160,467.1483259693594,2.0757429999775923,5243.598137000049,2715.7218738909264
1780668356,5,POST,/api/book,1.900000,0.000000,140,140,140,200,220,270,270,270,270,270,270,6485,0,240,603.3287781017731,91.69946600002277,5243.598137000049,3382.1380107941404
1780668356,5,GET,/api/concerts,0.400000,0.000000,3,3,3,3,3,3,3,3,3,3,3,1319,0,3,19.49600519181027,2.099724000004244,1296.4690070000415,753.0
1780668356,5,GET,/health,0.300000,0.000000,3,3,3,3,3,3,3,3,3,3,3,652,0,3,16.635754762270885,2.0757429999775923,1128.8988759999938,57.0
1780668356,5,,Aggregated,2.600000,0.000000,140,140,140,140,200,220,270,270,270,270,270,8456,0,160,467.02328156847153,2.0757429999775923,5243.598137000049,2715.6499526963103
1780668357,5,POST,/api/book,1.900000,0.000000,140,140,140,140,220,270,270,270,270,270,270,6488,0,240,603.1143809586927,91.69946600002277,5243.598137000049,3382.129623921085
1780668357,5,GET,/api/concerts,0.400000,0.000000,3,3,3,3,3,3,3,3,3,3,3,1319,0,3,19.49600519181027,2.099724000004244,1296.4690070000415,753.0
1780668357,5,GET,/health,0.300000,0.000000,3,3,3,3,3,3,3,3,3,3,3,652,0,3,16.635754762270885,2.0757429999775923,1128.8988759999938,57.0
1780668357,5,,Aggregated,2.600000,0.000000,140,140,140,140,200,220,270,270,270,270,270,8459,0,160,466.907181299562,2.0757429999775923,5243.598137000049,2715.8798912400994
1780668358,5,POST,/api/book,1.800000,0.000000,140,140,140,140,140,200,200,200,200,200,200,6489,0,240,603.0408740975494,91.69946600002277,5243.598137000049,3382.129758052088
1780668358,5,GET,/api/concerts,0.400000,0.000000,3,3,3,3,3,3,3,3,3,3,3,1319,0,3,19.49600519181027,2.099724000004244,1296.4690070000415,753.0
1780668358,5,GET,/health,0.300000,0.000000,3,3,3,3,3,3,3,3,3,3,3,652,0,3,16.635754762270885,2.0757429999775923,1128.8988759999938,57.0
1780668358,5,,Aggregated,2.500000,0.000000,140,140,140,140,140,140,200,200,200,200,200,8460,0,160,466.866900114893,2.0757429999775923,5243.598137000049,2715.9587470449173
1780668359,5,POST,/api/book,1.800000,0.000000,140,140,140,140,140,200,200,200,200,200,200,6491,0,240,602.8977413857647,91.69946600002277,5243.598137000049,3382.13048836851
1780668359,5,GET,/api/concerts,0.300000,0.000000,3,3,3,3,3,3,3,3,3,3,3,1320,0,3,19.483423744695244,2.099724000004244,1296.4690070000415,753.0
1780668359,5,GET,/health,0.300000,0.000000,3,3,3,3,3,3,3,3,3,3,3,652,0,3,16.635754762270885,2.0757429999775923,1128.8988759999938,57.0
1780668359,5,,Aggregated,2.400000,0.000000,140,140,140,140,140,140,200,200,200,200,200,8463,0,160,466.7344760466732,2.0757429999775923,5243.598137000049,2715.884792626728
1780668360,5,POST,/api/book,1.800000,0.000000,140,140,140,140,150,200,200,200,200,200,200,6493,0,240,602.7558116251345,91.69946600002277,5243.598137000049,3382.137224703527
1780668360,5,GET,/api/concerts,0.400000,0.000000,3,3,3,3,3,3,3,3,3,3,3,1320,0,3,19.483423744695244,2.099724000004244,1296.4690070000415,753.0
1780668360,5,GET,/health,0.300000,0.000000,3,3,3,3,3,3,3,3,3,3,3,652,0,3,16.635754762270885,2.0757429999775923,1128.8988759999938,57.0
1780668360,5,,Aggregated,2.500000,0.000000,140,140,140,140,140,150,200,200,200,200,200,8465,0,160,466.65778101949144,2.0757429999775923,5243.598137000049,2716.0473715298285
1780668361,5,POST,/api/book,1.800000,0.000000,140,140,140,140,170,200,200,200,200,200,200,6495,0,240,602.6185981199382,91.69946600002277,5243.598137000049,3382.138722093918
1780668361,5,GET,/api/concerts,0.400000,0.000000,3,3,3,3,3,3,3,3,3,3,3,1321,0,3,19.47114228614524,2.099724000004244,1296.4690070000415,753.0
1780668361,5,GET,/health,0.200000,0.000000,3,3,3,3,3,3,3,3,3,3,3,652,0,3,16.635754762270885,2.0757429999775923,1128.8988759999938,57.0
1780668361,5,,Aggregated,2.400000,0.000000,140,140,140,140,150,170,200,200,200,200,200,8468,0,160,466.5299581783178,2.0757429999775923,5243.598137000049,2715.974019839395
1780668362,5,POST,/api/book,1.800000,0.000000,140,140,150,150,200,350,350,350,350,350,350,6497,0,240,602.510042910112,91.69946600002277,5243.598137000049,3382.1326766199786
1780668362,5,GET,/api/concerts,0.400000,0.000000,3,3,3,3,3,3,3,3,3,3,3,1321,0,3,19.47114228614524,2.099724000004244,1296.4690070000415,753.0
1780668362,5,GET,/health,0.200000,0.000000,3,3,3,3,3,3,3,3,3,3,3,652,0,3,16.635754762270885,2.0757429999775923,1128.8988759999938,57.0
1780668362,5,,Aggregated,2.400000,0.000000,140,140,140,150,170,200,350,350,350,350,350,8470,0,160,466.4788240675319,2.0757429999775923,5243.598137000049,2716.1266824085005
1780668363,5,POST,/api/book,1.800000,0.000000,140,170,200,350,410,500,500,500,500,500,500,6501,0,240,602.3671502462696,91.69946600002277,5243.598137000049,3382.126288263344
1780668363,5,GET,/api/concerts,0.400000,0.000000,3,3,3,3,3,3,3,3,3,3,3,1321,0,3,19.47114228614524,2.099724000004244,1296.4690070000415,753.0
1780668363,5,GET,/health,0.100000,0.000000,3,3,3,3,3,3,3,3,3,3,3,652,0,3,16.635754762270885,2.0757429999775923,1128.8988759999938,57.0
1780668363,5,,Aggregated,2.300000,0.000000,140,150,180,200,390,410,500,500,500,500,500,8474,0,160,466.43341218031577,2.0757429999775923,5243.598137000049,2716.4361576587207
1780668364,5,POST,/api/book,1.800000,0.000000,150,170,200,350,410,500,500,500,500,500,500,6502,0,240,602.3001754186402,91.69946600002277,5243.598137000049,3382.1304214087972
1780668364,5,GET,/api/concerts,0.400000,0.000000,3,3,3,3,3,3,3,3,3,3,3,1321,0,3,19.47114228614524,2.099724000004244,1296.4690070000415,753.0
1780668364,5,GET,/health,0.100000,0.000000,3,3,3,3,3,3,3,3,3,3,3,652,0,3,16.635754762270885,2.0757429999775923,1128.8988759999938,57.0
1780668364,5,,Aggregated,2.300000,0.000000,140,170,180,200,390,410,500,500,500,500,500,8475,0,160,466.39806862973404,2.0757429999775923,5243.598137000049,2716.5178761061948
1780668365,5,POST,/api/book,2.000000,0.000000,140,170,180,350,410,500,500,500,500,500,500,6504,0,240,602.1594380971708,91.69946600002277,5243.598137000049,3382.127921279213
1780668365,5,GET,/api/concerts,0.500000,0.000000,3,3,3,3,3,3,3,3,3,3,3,1321,0,3,19.47114228614524,2.099724000004244,1296.4690070000415,753.0
1780668365,5,GET,/health,0.000000,0.000000,3,3,3,3,3,3,3,3,3,3,3,652,0,3,16.635754762270885,2.0757429999775923,1128.8988759999938,57.0
1780668365,5,,Aggregated,2.500000,0.000000,140,150,170,180,390,410,500,500,500,500,500,8477,0,160,466.3221512857138,2.0757429999775923,5243.598137000049,2716.6729975227086
1780668366,5,POST,/api/book,2.000000,0.000000,140,170,180,350,410,500,500,500,500,500,500,6508,0,240,601.875149576982,91.69946600002277,5243.598137000049,3382.1390596189303
1780668366,5,GET,/api/concerts,0.500000,0.000000,3,3,3,3,3,3,3,3,3,3,3,1321,0,3,19.47114228614524,2.099724000004244,1296.4690070000415,753.0
1780668366,5,GET,/health,0.000000,0.000000,3,3,3,3,3,3,3,3,3,3,3,652,0,3,16.635754762270885,2.0757429999775923,1128.8988759999938,57.0
1780668366,5,,Aggregated,2.500000,0.000000,140,150,170,180,390,410,500,500,500,500,500,8481,0,160,466.1680656186766,2.0757429999775923,5243.598137000049,2716.995401485674
1780668367,5,POST,/api/book,2.000000,0.000000,140,170,180,350,410,500,500,500,500,500,500,6509,0,240,601.8042180771239,91.69946600002277,5243.598137000049,3382.1341219849437
1780668367,5,GET,/api/concerts,0.300000,0.000000,3,3,3,3,3,3,3,3,3,3,3,1321,0,3,19.47114228614524,2.099724000004244,1296.4690070000415,753.0
1780668367,5,GET,/health,0.000000,0.000000,3,3,3,3,3,3,3,3,3,3,3,652,0,3,16.635754762270885,2.0757429999775923,1128.8988759999938,57.0
1780668367,5,,Aggregated,2.300000,0.000000,140,150,170,180,390,410,500,500,500,500,500,8482,0,160,466.12963293197316,2.0757429999775923,5243.598137000049,2717.070030653148
1780668368,5,POST,/api/book,2.300000,0.000000,150,170,180,350,410,500,500,500,500,500,500,6511,0,240,601.6641538829672,91.69946600002277,5243.598137000049,3382.135309476271
1780668368,5,GET,/api/concerts,0.300000,0.000000,3,3,3,3,3,3,3,3,3,3,3,1321,0,3,19.47114228614524,2.099724000004244,1296.4690070000415,753.0
1780668368,5,GET,/health,0.000000,0.000000,3,3,3,3,3,3,3,3,3,3,3,652,0,3,16.635754762270885,2.0757429999775923,1128.8988759999938,57.0
1780668368,5,,Aggregated,2.600000,0.000000,140,150,170,180,390,410,500,500,500,500,500,8484,0,160,466.05412505858044,2.0757429999775923,5243.598137000049,2717.227722772277
1780668369,5,POST,/api/book,2.100000,0.000000,150,170,270,280,390,410,500,500,500,500,500,6514,0,240,601.4937889286152,91.69946600002277,5243.598137000049,3382.127724900215
1780668369,5,GET,/api/concerts,0.200000,0.000000,3,3,3,3,3,3,3,3,3,3,3,1321,0,3,19.47114228614524,2.099724000004244,1296.4690070000415,753.0
1780668369,5,GET,/health,0.000000,0.000000,0,0,0,0,0,0,0,0,0,0,0,652,0,3,16.635754762270885,2.0757429999775923,1128.8988759999938,57.0
1780668369,5,,Aggregated,2.300000,0.000000,150,170,270,280,390,410,500,500,500,500,500,8487,0,160,465.9713010658651,2.0757429999775923,5243.598137000049,2717.4569341345587
1780668370,5,POST,/api/book,2.100000,0.000000,150,170,270,280,390,410,500,500,500,500,500,6517,0,240,601.2827568407242,91.69946600002277,5243.598137000049,3382.125978210833
1780668370,5,GET,/api/concerts,0.200000,0.000000,3,3,3,3,3,3,3,3,3,3,3,1321,0,3,19.47114228614524,2.099724000004244,1296.4690070000415,753.0
1780668370,5,GET,/health,0.000000,0.000000,0,0,0,0,0,0,0,0,0,0,0,652,0,3,16.635754762270885,2.0757429999775923,1128.8988759999938,57.0
1780668370,5,,Aggregated,2.300000,0.000000,150,170,270,280,390,410,500,500,500,500,500,8490,0,160,465.85719875100085,2.0757429999775923,5243.598137000049,2717.6904593639574
1780668371,5,POST,/api/book,2.200000,0.000000,140,150,180,270,390,410,500,500,500,500,500,6519,0,240,601.1395345836784,91.69946600002277,5243.598137000049,3382.1306948918545
1780668371,5,GET,/api/concerts,0.100000,0.000000,3,3,3,3,3,3,3,3,3,3,3,1321,0,3,19.47114228614524,2.099724000004244,1296.4690070000415,753.0
1780668371,5,GET,/health,0.000000,0.000000,0,0,0,0,0,0,0,0,0,0,0,652,0,3,16.635754762270885,2.0757429999775923,1128.8988759999938,57.0
1780668371,5,,Aggregated,2.300000,0.000000,140,150,180,270,390,410,500,500,500,500,500,8492,0,160,465.7791470814881,2.0757429999775923,5243.598137000049,2717.850565237871
1780668372,5,POST,/api/book,2.200000,0.000000,140,140,150,170,270,280,280,280,280,280,280,6519,0,240,601.1395345836784,91.69946600002277,5243.598137000049,3382.1306948918545
1780668372,5,GET,/api/concerts,0.100000,0.000000,3,3,3,3,3,3,3,3,3,3,3,1321,0,3,19.47114228614524,2.099724000004244,1296.4690070000415,753.0
1780668372,5,GET,/health,0.000000,0.000000,0,0,0,0,0,0,0,0,0,0,0,652,0,3,16.635754762270885,2.0757429999775923,1128.8988759999938,57.0
1780668372,5,,Aggregated,2.300000,0.000000,140,140,150,170,270,280,280,280,280,280,280,8492,0,160,465.7791470814881,2.0757429999775923,5243.598137000049,2717.850565237871
1780668373,5,POST,/api/book,2.300000,0.000000,140,140,150,150,270,280,280,280,280,280,280,6522,0,240,600.9288766419809,91.69946600002277,5243.598137000049,3382.1191352345904
1780668373,5,GET,/api/concerts,0.100000,0.000000,3,3,3,3,3,3,3,3,3,3,3,1321,0,3,19.47114228614524,2.099724000004244,1296.4690070000415,753.0
1780668373,5,GET,/health,0.000000,0.000000,3,3,3,3,3,3,3,3,3,3,3,653,0,3,16.61442368453382,2.0757429999775923,1128.8988759999938,57.0
1780668373,5,,Aggregated,2.400000,0.000000,140,140,140,150,150,270,280,280,280,280,280,8496,0,160,465.6107263518122,2.0757429999775923,5243.598137000049,2717.763064971751
1780668374,5,POST,/api/book,2.400000,0.000000,140,140,150,150,270,280,280,280,280,280,280,6522,0,240,600.9288766419809,91.69946600002277,5243.598137000049,3382.1191352345904
1780668374,5,GET,/api/concerts,0.100000,0.000000,3,3,3,3,3,3,3,3,3,3,3,1322,0,3,19.458489720875765,2.099724000004244,1296.4690070000415,753.0
1780668374,5,GET,/health,0.000000,0.000000,3,3,3,3,3,3,3,3,3,3,3,653,0,3,16.61442368453382,2.0757429999775923,1128.8988759999938,57.0
1780668374,5,,Aggregated,2.500000,0.000000,140,140,150,150,270,280,280,280,280,280,280,8497,0,160,465.5562522697419,2.0757429999775923,5243.598137000049,2717.5318347652114
1780668375,5,POST,/api/book,2.200000,0.000000,140,150,150,170,270,280,280,280,280,280,280,6523,0,240,600.8628932316418,91.69946600002277,5243.598137000049,3382.118963667024
1780668375,5,GET,/api/concerts,0.000000,0.000000,3,3,3,3,3,3,3,3,3,3,3,1322,0,3,19.458489720875765,2.099724000004244,1296.4690070000415,753.0
1780668375,5,GET,/health,0.100000,0.000000,3,3,3,3,3,3,3,3,3,3,3,653,0,3,16.61442368453382,2.0757429999775923,1128.8988759999938,57.0
1780668375,5,,Aggregated,2.300000,0.000000,140,150,150,150,270,280,280,280,280,280,280,8498,0,160,465.52153384643407,2.0757429999775923,5243.598137000049,2717.6099082136975
1780668376,5,POST,/api/book,2.200000,0.000000,140,140,150,150,270,280,280,280,280,280,280,6527,0,240,600.5801823087176,91.69946600002277,5243.598137000049,3382.115213727593
1780668376,5,GET,/api/concerts,0.000000,0.000000,3,3,3,3,3,3,3,3,3,3,3,1322,0,3,19.458489720875765,2.099724000004244,1296.4690070000415,753.0
1780668376,5,GET,/health,0.100000,0.000000,3,3,3,3,3,3,3,3,3,3,3,653,0,3,16.61442368453382,2.0757429999775923,1128.8988759999938,57.0
1780668376,5,,Aggregated,2.300000,0.000000,140,140,150,150,270,280,280,280,280,280,280,8502,0,160,465.36817125452797,2.0757429999775923,5243.598137000049,2717.91966596095
1780668377,5,POST,/api/book,2.200000,0.000000,140,140,150,150,270,280,280,280,280,280,280,6527,0,240,600.5801823087176,91.69946600002277,5243.598137000049,3382.115213727593
1780668377,5,GET,/api/concerts,0.000000,0.000000,3,3,3,3,3,3,3,3,3,3,3,1322,0,3,19.458489720875765,2.099724000004244,1296.4690070000415,753.0
1780668377,5,GET,/health,0.100000,0.000000,3,3,3,3,3,3,3,3,3,3,3,653,0,3,16.61442368453382,2.0757429999775923,1128.8988759999938,57.0
1780668377,5,,Aggregated,2.300000,0.000000,140,140,150,150,270,280,280,280,280,280,280,8502,0,160,465.36817125452797,2.0757429999775923,5243.598137000049,2717.91966596095
1780668378,5,POST,/api/book,1.800000,0.000000,140,140,140,140,150,170,170,170,170,170,170,6529,0,240,600.4395526284269,91.69946600002277,5243.598137000049,3382.1252871802726
1780668378,5,GET,/api/concerts,0.100000,0.000000,3,3,3,3,3,3,3,3,3,3,3,1323,0,3,19.44591493423858,2.099724000004244,1296.4690070000415,753.0
1780668378,5,GET,/health,0.100000,0.000000,3,3,3,3,3,3,3,3,3,3,3,653,0,3,16.61442368453382,2.0757429999775923,1128.8988759999938,57.0
1780668378,5,,Aggregated,2.000000,0.000000,140,140,140,140,150,170,170,170,170,170,170,8505,0,160,465.2376253068779,2.0757429999775923,5243.598137000049,2717.852557319224
1780668379,5,POST,/api/book,1.900000,0.000000,140,140,140,140,150,170,170,170,170,170,170,6531,0,240,600.299044531159,91.69946600002277,5243.598137000049,3382.1247894656253
1780668379,5,GET,/api/concerts,0.100000,0.000000,3,3,3,3,3,3,3,3,3,3,3,1324,0,3,19.433431253019343,2.099724000004244,1296.4690070000415,753.0
1780668379,5,GET,/health,0.100000,0.000000,3,3,3,3,3,3,3,3,3,3,3,653,0,3,16.61442368453382,2.0757429999775923,1128.8988759999938,57.0
1780668379,5,,Aggregated,2.100000,0.000000,140,140,140,140,150,170,170,170,170,170,170,8508,0,160,465.10720985872075,2.0757429999775923,5243.598137000049,2717.777385989657
1780668380,5,POST,/api/book,1.900000,0.000000,140,140,150,170,170,180,180,180,180,180,180,6533,0,240,600.168539747589,91.69946600002277,5243.598137000049,3382.1158732588397
1780668380,5,GET,/api/concerts,0.200000,0.000000,3,3,3,3,3,3,3,3,3,3,3,1324,0,3,19.433431253019343,2.099724000004244,1296.4690070000415,753.0
1780668380,5,GET,/health,0.100000,0.000000,3,3,3,3,3,3,3,3,3,3,3,653,0,3,16.61442368453382,2.0757429999775923,1128.8988759999938,57.0
1780668380,5,,Aggregated,2.200000,0.000000,140,140,140,150,170,180,180,180,180,180,180,8510,0,160,465.0387957480606,2.0757429999775923,5243.598137000049,2717.9266745005875
1780668381,5,POST,/api/book,1.900000,0.000000,140,140,150,170,170,180,180,180,180,180,180,6534,0,240,600.0970392889499,91.69946600002277,5243.598137000049,3382.1176920722373
1780668381,5,GET,/api/concerts,0.200000,0.000000,3,3,3,3,3,3,3,3,3,3,3,1325,0,3,19.420938079998212,2.099724000004244,1296.4690070000415,753.0
1780668381,5,GET,/health,0.100000,0.000000,3,3,3,3,3,3,3,3,3,3,3,653,0,3,16.61442368453382,2.0757429999775923,1128.8988759999938,57.0
1780668381,5,,Aggregated,2.200000,0.000000,140,140,140,150,170,180,180,180,180,180,180,8512,0,160,464.9454906409769,2.0757429999775923,5243.598137000049,2717.7752584586465
1780668382,5,POST,/api/book,1.800000,0.000000,140,140,140,150,170,180,180,180,180,180,180,6537,0,240,599.8863982366527,91.69946600002277,5243.598137000049,3382.1161083065626
1780668382,5,GET,/api/concerts,0.300000,0.000000,3,3,3,3,3,3,3,3,3,3,3,1325,0,3,19.420938079998212,2.099724000004244,1296.4690070000415,753.0
1780668382,5,GET,/health,0.100000,0.000000,3,3,3,3,3,3,3,3,3,3,3,653,0,3,16.61442368453382,2.0757429999775923,1128.8988759999938,57.0
1780668382,5,,Aggregated,2.200000,0.000000,140,140,140,140,170,180,180,180,180,180,180,8515,0,160,464.8313971691128,2.0757429999775923,5243.598137000049,2718.0081033470346
1780668383,5,POST,/api/book,1.500000,0.000000,140,140,140,140,170,180,180,180,180,180,180,6538,0,240,599.8158629288771,91.69946600002277,5243.598137000049,3382.1214438666257
1780668383,5,GET,/api/concerts,0.300000,0.000000,3,3,3,3,3,3,3,3,3,3,3,1325,0,3,19.420938079998212,2.099724000004244,1296.4690070000415,753.0
1780668383,5,GET,/health,0.100000,0.000000,3,3,3,3,3,3,3,3,3,3,3,653,0,3,16.61442368453382,2.0757429999775923,1128.8988759999938,57.0
1780668383,5,,Aggregated,1.900000,0.000000,140,140,140,140,170,180,180,180,180,180,180,8516,0,160,464.79310397498773,2.0757429999775923,5243.598137000049,2718.0901831845936
1780668384,5,POST,/api/book,1.600000,0.000000,140,140,170,170,180,230,230,230,230,230,230,6540,0,240,599.694774143272,91.69946600002277,5243.598137000049,3382.123241590214
1780668384,5,GET,/api/concerts,0.400000,0.000000,3,3,3,3,3,3,3,3,3,3,3,1326,0,3,19.408546719455238,2.099724000004244,1296.4690070000415,753.0
1780668384,5,GET,/health,0.100000,0.000000,3,3,3,3,3,3,3,3,3,3,3,653,0,3,16.61442368453382,2.0757429999775923,1128.8988759999938,57.0
1780668384,5,,Aggregated,2.100000,0.000000,140,140,140,170,180,180,230,230,230,230,230,8519,0,160,464.6776352286648,2.0757429999775923,5243.598137000049,2718.016786007747
1780668385,5,POST,/api/book,1.800000,0.000000,140,170,180,180,230,230,230,230,230,230,230,6542,0,240,599.5771400564045,91.69946600002277,5243.598137000049,3382.13482115561
1780668385,5,GET,/api/concerts,0.400000,0.000000,3,3,3,3,3,3,3,3,3,3,3,1326,0,3,19.408546719455238,2.099724000004244,1296.4690070000415,753.0
1780668385,5,GET,/health,0.100000,0.000000,3,3,3,3,3,3,3,3,3,3,3,653,0,3,16.61442368453382,2.0757429999775923,1128.8988759999938,57.0
1780668385,5,,Aggregated,2.300000,0.000000,140,140,170,180,200,230,230,230,230,230,230,8521,0,160,464.6190120719394,2.0757429999775923,5243.598137000049,2718.181551461096
1780668386,5,POST,/api/book,1.600000,0.000000,140,180,200,230,250,280,280,280,280,280,280,6545,0,240,599.4057023228415,91.69946600002277,5243.598137000049,3382.1272727272726
1780668386,5,GET,/api/concerts,0.400000,0.000000,3,3,3,3,3,3,3,3,3,3,3,1326,0,3,19.408546719455238,2.099724000004244,1296.4690070000415,753.0
1780668386,5,GET,/health,0.000000,0.000000,3,3,3,3,3,3,3,3,3,3,3,653,0,3,16.61442368453382,2.0757429999775923,1128.8988759999938,57.0
1780668386,5,,Aggregated,2.000000,0.000000,140,170,180,200,230,250,280,280,280,280,280,8524,0,160,464.53487486144945,2.0757429999775923,5243.598137000049,2718.4094321914595
1780668387,5,POST,/api/book,1.800000,0.000000,140,180,200,230,250,280,280,280,280,280,280,6546,0,240,599.3357898716771,91.69946600002277,5243.598137000049,3382.125267338833
1780668387,5,GET,/api/concerts,0.400000,0.000000,3,3,3,3,3,3,3,3,3,3,3,1326,0,3,19.408546719455238,2.099724000004244,1296.4690070000415,753.0
1780668387,5,GET,/health,0.000000,0.000000,3,3,3,3,3,3,3,3,3,3,3,653,0,3,16.61442368453382,2.0757429999775923,1128.8988759999938,57.0
1780668387,5,,Aggregated,2.200000,0.000000,140,180,200,230,250,280,280,280,280,280,280,8525,0,160,464.49701256492614,2.0757429999775923,5243.598137000049,2718.4857478005865
1780668388,5,POST,/api/book,2.000000,0.000000,140,180,200,230,250,280,280,280,280,280,280,6548,0,240,599.1948568859191,91.69946600002277,5243.598137000049,3382.1276725717776
1780668388,5,GET,/api/concerts,0.400000,0.000000,3,3,3,3,3,3,3,3,3,3,3,1327,0,3,19.396016134135333,2.099724000004244,1296.4690070000415,753.0
1780668388,5,GET,/health,0.000000,0.000000,3,3,3,3,3,3,3,3,3,3,3,654,0,3,16.593086229358732,2.0757429999775923,1128.8988759999938,57.0
1780668388,5,,Aggregated,2.400000,0.000000,140,140,180,200,230,250,280,280,280,280,280,8529,0,160,464.3121485160037,2.0757429999775923,5243.598137000049,2718.100715206941
1780668389,5,POST,/api/book,1.900000,0.000000,140,180,200,230,250,280,280,280,280,280,280,6549,0,240,599.1246618682239,91.69946600002277,5243.598137000049,3382.123988395175
1780668389,5,GET,/api/concerts,0.400000,0.000000,3,3,3,3,3,3,3,3,3,3,3,1327,0,3,19.396016134135333,2.099724000004244,1296.4690070000415,753.0
1780668389,5,GET,/health,0.000000,0.000000,3,3,3,3,3,3,3,3,3,3,3,655,0,3,16.57259485190947,2.0757429999775923,1128.8988759999938,57.0
1780668389,5,,Aggregated,2.300000,0.000000,140,170,180,200,230,250,280,280,280,280,280,8531,0,160,464.22001800644654,2.0757429999775923,5243.598137000049,2717.863790880319
1780668390,5,POST,/api/book,1.900000,0.000000,140,180,230,230,250,280,280,280,280,280,280,6549,0,240,599.1246618682239,91.69946600002277,5243.598137000049,3382.123988395175
1780668390,5,GET,/api/concerts,0.400000,0.000000,3,3,3,3,3,3,3,3,3,3,3,1327,0,3,19.396016134135333,2.099724000004244,1296.4690070000415,753.0
1780668390,5,GET,/health,0.000000,0.000000,3,3,3,3,3,3,3,3,3,3,3,655,0,3,16.57259485190947,2.0757429999775923,1128.8988759999938,57.0
1780668390,5,,Aggregated,2.300000,0.000000,140,140,200,230,250,280,280,280,280,280,280,8531,0,160,464.22001800644654,2.0757429999775923,5243.598137000049,2717.863790880319
1780668391,5,POST,/api/book,1.900000,0.000000,140,180,230,230,250,280,280,280,280,280,280,6552,0,240,598.9152407614466,91.69946600002277,5243.598137000049,3382.1246947496948
1780668391,5,GET,/api/concerts,0.400000,0.000000,3,3,3,3,3,3,3,3,3,3,3,1327,0,3,19.396016134135333,2.099724000004244,1296.4690070000415,753.0
1780668391,5,GET,/health,0.100000,0.000000,3,3,3,3,3,3,3,3,3,3,3,655,0,3,16.57259485190947,2.0757429999775923,1128.8988759999938,57.0
1780668391,5,,Aggregated,2.400000,0.000000,140,140,200,230,250,280,280,280,280,280,280,8534,0,160,464.10665813299687,2.0757429999775923,5243.598137000049,2718.0978439184437
1780668392,5,POST,/api/book,1.800000,0.000000,140,180,230,230,250,280,280,280,280,280,280,6553,0,240,598.8456950579885,91.69946600002277,5243.598137000049,3382.1229971005646
1780668392,5,GET,/api/concerts,0.300000,0.000000,3,3,3,3,3,3,3,3,3,3,3,1327,0,3,19.396016134135333,2.099724000004244,1296.4690070000415,753.0
1780668392,5,GET,/health,0.200000,0.000000,3,3,3,3,3,3,3,3,3,3,3,656,0,3,16.55159012042778,2.0757429999775923,1128.8988759999938,57.0
1780668392,5,,Aggregated,2.300000,0.000000,140,140,200,230,250,280,280,280,280,280,280,8536,0,160,464.01501830412315,2.0757429999775923,5243.598137000049,2717.862582005623
1780668393,5,POST,/api/book,1.800000,0.000000,140,140,200,200,250,280,280,280,280,280,280,6556,0,240,598.6359605967051,91.69946600002277,5243.598137000049,3382.1262965222695
1780668393,5,GET,/api/concerts,0.300000,0.000000,3,3,3,3,3,3,3,3,3,3,3,1327,0,3,19.396016134135333,2.099724000004244,1296.4690070000415,753.0
1780668393,5,GET,/health,0.200000,0.000000,3,3,3,3,3,3,3,3,3,3,3,656,0,3,16.55159012042778,2.0757429999775923,1128.8988759999938,57.0
1780668393,5,,Aggregated,2.300000,0.000000,140,140,140,200,250,280,280,280,280,280,280,8539,0,160,463.90136013596384,2.0757429999775923,5243.598137000049,2718.0984892844594
1780668394,5,POST,/api/book,1.500000,0.000000,140,140,140,140,250,280,280,280,280,280,280,6558,0,240,598.4979554082034,91.69946600002277,5243.598137000049,3382.135559621836
1780668394,5,GET,/api/concerts,0.200000,0.000000,3,3,3,3,3,3,3,3,3,3,3,1328,0,3,19.383410861444062,2.099724000004244,1296.4690070000415,753.0
1780668394,5,GET,/health,0.300000,0.000000,3,3,3,3,3,3,3,3,3,3,3,656,0,3,16.55159012042778,2.0757429999775923,1128.8988759999938,57.0
1780668394,5,,Aggregated,2.000000,0.000000,140,140,140,140,150,250,280,280,280,280,280,8542,0,160,463.7729576574567,2.0757429999775923,5243.598137000049,2718.0310231795834
1780668395,5,POST,/api/book,1.800000,0.000000,140,140,140,140,140,150,150,150,150,150,150,6559,0,240,598.428180698277,91.69946600002277,5243.598137000049,3382.1352340295775
1780668395,5,GET,/api/concerts,0.200000,0.000000,3,3,3,3,3,3,3,3,3,3,3,1329,0,3,19.370997406318864,2.099724000004244,1296.4690070000415,753.0
1780668395,5,GET,/health,0.300000,0.000000,3,3,3,3,3,3,3,3,3,3,3,656,0,3,16.55159012042778,2.0757429999775923,1128.8988759999938,57.0
1780668395,5,,Aggregated,2.300000,0.000000,140,140,140,140,140,150,150,150,150,150,150,8544,0,160,463.68121908614177,2.0757429999775923,5243.598137000049,2717.878511235955
1780668396,5,POST,/api/book,1.800000,0.000000,140,140,140,140,150,180,180,180,180,180,180,6561,0,240,598.2953736934916,91.69946600002277,5243.598137000049,3382.1310775796373
1780668396,5,GET,/api/concerts,0.200000,0.000000,3,3,3,3,3,3,3,3,3,3,3,1329,0,3,19.370997406318864,2.099724000004244,1296.4690070000415,753.0
1780668396,5,GET,/health,0.300000,0.000000,3,3,3,3,3,3,3,3,3,3,3,656,0,3,16.55159012042778,2.0757429999775923,1128.8988759999938,57.0
1780668396,5,,Aggregated,2.300000,0.000000,140,140,140,140,140,150,180,180,180,180,180,8546,0,160,463.61079399426575,2.0757429999775923,5243.598137000049,2718.0307746314065
1780668397,5,POST,/api/book,1.600000,0.000000,140,140,140,140,150,180,180,180,180,180,180,6563,0,240,598.1560168163946,91.69946600002277,5243.598137000049,3382.1272284016454
1780668397,5,GET,/api/concerts,0.300000,0.000000,3,3,3,3,3,3,3,3,3,3,3,1329,0,3,19.370997406318864,2.099724000004244,1296.4690070000415,753.0
1780668397,5,GET,/health,0.300000,0.000000,3,3,3,3,3,3,3,3,3,3,3,657,0,3,16.53028752511497,2.0757429999775923,1128.8988759999938,57.0
1780668397,5,,Aggregated,2.200000,0.000000,140,140,140,140,150,180,180,180,180,180,180,8549,0,160,463.48138879670074,2.0757429999775923,5243.598137000049,2717.8719148438413
1780668398,5,POST,/api/book,1.600000,0.000000,140,140,140,140,150,180,180,180,180,180,180,6564,0,240,598.0858948744665,91.69946600002277,5243.598137000049,3382.123857404022
1780668398,5,GET,/api/concerts,0.300000,0.000000,3,3,3,3,3,3,3,3,3,3,3,1329,0,3,19.370997406318864,2.099724000004244,1296.4690070000415,753.0
1780668398,5,GET,/health,0.300000,0.000000,3,3,3,3,3,3,3,3,3,3,3,657,0,3,16.53028752511497,2.0757429999775923,1128.8988759999938,57.0
1780668398,5,,Aggregated,2.200000,0.000000,140,140,140,140,150,180,180,180,180,180,180,8550,0,160,463.4433062471339,2.0757429999775923,5243.598137000049,2717.9470175438596
1780668399,5,POST,/api/book,1.600000,0.000000,140,140,140,140,150,180,180,180,180,180,180,6566,0,240,597.9443884552235,91.69946600002277,5243.598137000049,3382.124428876028
1780668399,5,GET,/api/concerts,0.300000,0.000000,3,3,3,3,3,3,3,3,3,3,3,1330,0,3,19.35890383759229,2.099724000004244,1296.4690070000415,753.0
1780668399,5,GET,/health,0.300000,0.000000,3,3,3,3,3,3,3,3,3,3,3,657,0,3,16.53028752511497,2.0757429999775923,1128.8988759999938,57.0
1780668399,5,,Aggregated,2.200000,0.000000,140,140,140,140,140,150,180,180,180,180,180,8553,0,160,463.31235772302057,2.0757429999775923,5243.598137000049,2717.8730270080673
1780668400,5,POST,/api/book,1.600000,0.000000,140,140,140,140,150,180,180,180,180,180,180,6568,0,240,597.8049968835259,91.69946600002277,5243.598137000049,3382.130024360536
1780668400,5,GET,/api/concerts,0.300000,0.000000,3,3,3,3,3,3,3,3,3,3,3,1330,0,3,19.35890383759229,2.099724000004244,1296.4690070000415,753.0
1780668400,5,GET,/health,0.400000,0.000000,3,3,3,3,3,3,3,3,3,3,3,657,0,3,16.53028752511497,2.0757429999775923,1128.8988759999938,57.0
1780668400,5,,Aggregated,2.300000,0.000000,140,140,140,140,140,150,180,180,180,180,180,8555,0,160,463.23681596013967,2.0757429999775923,5243.598137000049,2718.0326125073057
1780668401,5,POST,/api/book,1.600000,0.000000,140,140,140,140,150,180,180,180,180,180,180,6569,0,240,597.7325785124065,91.69946600002277,5243.598137000049,3382.1315268686253
1780668401,5,GET,/api/concerts,0.200000,0.000000,3,3,3,3,3,3,3,3,3,3,3,1330,0,3,19.35890383759229,2.099724000004244,1296.4690070000415,753.0
1780668401,5,GET,/health,0.300000,0.000000,3,3,3,3,3,3,3,3,3,3,3,658,0,3,16.50926065501596,2.0757429999775923,1128.8988759999938,57.0
1780668401,5,,Aggregated,2.100000,0.000000,140,140,140,140,140,150,180,180,180,180,180,8557,0,160,463.1431277156708,2.0757429999775923,5243.598137000049,2717.800397335515
1780668402,5,POST,/api/book,1.900000,0.000000,140,140,140,140,150,180,180,180,180,180,180,6572,0,240,597.5251963000605,91.69946600002277,5243.598137000049,3382.1276628119294
1780668402,5,GET,/api/concerts,0.300000,0.000000,3,3,3,3,3,3,3,3,3,3,3,1331,0,3,19.346440195340282,2.099724000004244,1296.4690070000415,753.0
1780668402,5,GET,/health,0.200000,0.000000,3,3,3,3,3,3,3,3,3,3,3,658,0,3,16.50926065501596,2.0757429999775923,1128.8988759999938,57.0
1780668402,5,,Aggregated,2.400000,0.000000,140,140,140,140,150,150,180,180,180,180,180,8561,0,160,462.97731520791905,2.0757429999775923,5243.598137000049,2717.800724214461
1780668403,5,POST,/api/book,1.700000,0.000000,140,140,140,140,150,180,180,180,180,180,180,6574,0,240,597.3853722389714,91.69946600002277,5243.598137000049,3382.1417706115
1780668403,5,GET,/api/concerts,0.300000,0.000000,3,3,3,3,3,3,3,3,3,3,3,1331,0,3,19.346440195340282,2.099724000004244,1296.4690070000415,753.0
1780668403,5,GET,/health,0.300000,0.000000,3,3,3,3,3,3,3,3,3,3,3,658,0,3,16.50926065501596,2.0757429999775923,1128.8988759999938,57.0
1780668403,5,,Aggregated,2.300000,0.000000,140,140,140,140,150,150,180,180,180,180,180,8563,0,160,462.9013946642527,2.0757429999775923,5243.598137000049,2717.966717271984
1780668404,5,POST,/api/book,1.700000,0.000000,140,140,140,140,150,180,180,180,180,180,180,6577,0,240,597.177485068268,91.69946600002277,5243.598137000049,3382.140945719933
1780668404,5,GET,/api/concerts,0.300000,0.000000,3,3,3,3,3,3,3,3,3,3,3,1331,0,3,19.346440195340282,2.099724000004244,1296.4690070000415,753.0
1780668404,5,GET,/health,0.300000,0.000000,3,3,3,3,3,3,3,3,3,3,3,659,0,3,16.488312587254338,2.0757429999775923,1128.8988759999938,57.0
1780668404,5,,Aggregated,2.300000,0.000000,140,140,140,140,140,150,180,180,180,180,180,8567,0,160,462.73517324489274,2.0757429999775923,5243.598137000049,2717.8880588303955
1780668405,5,POST,/api/book,1.700000,0.000000,140,140,140,140,140,150,150,150,150,150,150,6577,0,240,597.177485068268,91.69946600002277,5243.598137000049,3382.140945719933
1780668405,5,GET,/api/concerts,0.300000,0.000000,3,3,3,3,3,3,3,3,3,3,3,1331,0,3,19.346440195340282,2.099724000004244,1296.4690070000415,753.0
1780668405,5,GET,/health,0.300000,0.000000,3,3,3,3,3,3,3,3,3,3,3,659,0,3,16.488312587254338,2.0757429999775923,1128.8988759999938,57.0
1780668405,5,,Aggregated,2.300000,0.000000,140,140,140,140,140,140,150,150,150,150,150,8567,0,160,462.73517324489274,2.0757429999775923,5243.598137000049,2717.8880588303955
1780668406,5,POST,/api/book,2.100000,0.000000,140,140,140,150,170,230,230,230,230,230,230,6582,0,240,596.8505225884227,91.69946600002277,5243.598137000049,3382.149802491644
1780668406,5,GET,/api/concerts,0.300000,0.000000,3,3,3,3,3,3,3,3,3,3,3,1331,0,3,19.346440195340282,2.099724000004244,1296.4690070000415,753.0
1780668406,5,GET,/health,0.300000,0.000000,3,3,3,3,3,3,3,3,3,3,3,659,0,3,16.488312587254338,2.0757429999775923,1128.8988759999938,57.0
1780668406,5,,Aggregated,2.700000,0.000000,140,140,140,140,150,170,230,230,230,230,230,8572,0,160,462.56253494773637,2.0757429999775923,5243.598137000049,2718.2823145123657
1780668407,5,POST,/api/book,2.100000,0.000000,140,140,140,150,170,230,230,230,230,230,230,6583,0,240,596.7813459761504,91.69946600002277,5243.598137000049,3382.145374449339
1780668407,5,GET,/api/concerts,0.300000,0.000000,3,3,3,3,3,3,3,3,3,3,3,1331,0,3,19.346440195340282,2.099724000004244,1296.4690070000415,753.0
1780668407,5,GET,/health,0.300000,0.000000,3,3,3,3,3,3,3,3,3,3,3,659,0,3,16.488312587254338,2.0757429999775923,1128.8988759999938,57.0
1780668407,5,,Aggregated,2.700000,0.000000,140,140,140,140,150,170,230,230,230,230,230,8573,0,160,462.5250799552078,2.0757429999775923,5243.598137000049,2718.3563513355884
1780668408,5,POST,/api/book,2.000000,0.000000,140,140,140,150,170,230,230,230,230,230,230,6584,0,240,596.711700542831,91.69946600002277,5243.598137000049,3382.1453523693804
1780668408,5,GET,/api/concerts,0.200000,0.000000,3,3,3,3,3,3,3,3,3,3,3,1333,0,3,19.321818980493482,2.099724000004244,1296.4690070000415,753.0
1780668408,5,GET,/health,0.300000,0.000000,3,3,3,3,3,3,3,3,3,3,3,659,0,3,16.488312587254338,2.0757429999775923,1128.8988759999938,57.0
1780668408,5,,Aggregated,2.500000,0.000000,140,140,140,140,150,170,230,230,230,230,230,8576,0,160,462.3800861788709,2.0757429999775923,5243.598137000049,2717.9753964552237
1780668409,5,POST,/api/book,2.000000,0.000000,140,140,140,150,170,230,230,230,230,230,230,6585,0,240,596.6424817154136,91.69946600002277,5243.598137000049,3382.1479119210326
1780668409,5,GET,/api/concerts,0.200000,0.000000,3,3,3,3,3,3,3,3,3,3,3,1334,0,3,19.30943580209718,2.099724000004244,1296.4690070000415,753.0
1780668409,5,GET,/health,0.300000,0.000000,3,3,3,3,3,3,3,3,3,3,3,659,0,3,16.488312587254338,2.0757429999775923,1128.8988759999938,57.0
1780668409,5,,Aggregated,2.500000,0.000000,140,140,140,140,150,170,230,230,230,230,230,8578,0,160,462.28903327710384,2.0757429999775923,5243.598137000049,2717.825716950338
1780668410,5,POST,/api/book,2.000000,0.000000,140,140,140,150,170,230,230,230,230,230,230,6587,0,240,596.5008048794593,91.69946600002277,5243.598137000049,3382.144527098831
1780668410,5,GET,/api/concerts,0.300000,0.000000,3,3,3,3,3,3,3,3,3,3,3,1334,0,3,19.30943580209718,2.099724000004244,1296.4690070000415,753.0
1780668410,5,GET,/health,0.200000,0.000000,3,3,3,3,3,3,3,3,3,3,3,660,0,3,16.46751085000097,2.0757429999775923,1128.8988759999938,57.0
1780668410,5,,Aggregated,2.500000,0.000000,140,140,140,140,150,170,230,230,230,230,230,8581,0,160,462.158040585246,2.0757429999775923,5243.598137000049,2717.6678708775203
1780668411,5,POST,/api/book,1.900000,0.000000,140,140,140,150,190,230,230,230,230,230,230,6589,0,240,596.3704888530882,91.69946600002277,5243.598137000049,3382.142662012445
1780668411,5,GET,/api/concerts,0.400000,0.000000,3,3,3,3,3,3,3,3,3,3,3,1336,0,3,19.284751703591176,2.099724000004244,1296.4690070000415,753.0
1780668411,5,GET,/health,0.200000,0.000000,3,3,3,3,3,3,3,3,3,3,3,660,0,3,16.46751085000097,2.0757429999775923,1128.8988759999938,57.0
1780668411,5,,Aggregated,2.500000,0.000000,140,140,140,140,170,190,230,230,230,230,230,8585,0,160,461.98231059871824,2.0757429999775923,5243.598137000049,2717.363541059988
1780668412,5,POST,/api/book,1.900000,0.000000,140,140,150,150,190,230,230,230,230,230,230,6589,0,240,596.3704888530882,91.69946600002277,5243.598137000049,3382.142662012445
1780668412,5,GET,/api/concerts,0.400000,0.000000,3,3,3,3,3,3,3,3,3,3,3,1337,0,3,19.272503805533088,2.099724000004244,1296.4690070000415,753.0
1780668412,5,GET,/health,0.200000,0.000000,3,3,3,3,3,3,3,3,3,3,3,660,0,3,16.46751085000097,2.0757429999775923,1128.8988759999938,57.0
1780668412,5,,Aggregated,2.500000,0.000000,140,140,140,140,170,190,230,230,230,230,230,8586,0,160,461.9288429771717,2.0757429999775923,5243.598137000049,2717.1347542511066
1780668413,5,POST,/api/book,1.800000,0.000000,140,140,140,150,190,230,230,230,230,230,230,6590,0,240,596.3002121512897,91.69946600002277,5243.598137000049,3382.1396054628226
1780668413,5,GET,/api/concerts,0.500000,0.000000,3,3,3,3,3,3,3,3,3,3,3,1338,0,3,19.26067059267384,2.099724000004244,1296.4690070000415,753.0
1780668413,5,GET,/health,0.200000,0.000000,3,3,3,3,3,3,3,3,3,3,3,661,0,3,16.446653753404945,2.0757429999775923,1128.8988759999938,57.0
1780668413,5,,Aggregated,2.500000,0.000000,140,140,140,140,170,190,230,230,230,230,230,8589,0,160,461.7837249343342,2.0757429999775923,5243.598137000049,2716.6714402142275
1780668414,5,POST,/api/book,1.800000,0.000000,140,140,150,170,190,230,230,230,230,230,230,6591,0,240,596.2312909852827,91.69946600002277,5243.598137000049,3382.1376118950084
1780668414,5,GET,/api/concerts,0.500000,0.000000,3,3,3,3,3,3,3,3,3,3,3,1338,0,3,19.26067059267384,2.099724000004244,1296.4690070000415,753.0
1780668414,5,GET,/health,0.200000,0.000000,3,3,3,3,3,3,3,3,3,3,3,661,0,3,16.446653753404945,2.0757429999775923,1128.8988759999938,57.0
1780668414,5,,Aggregated,2.500000,0.000000,140,140,140,140,170,190,230,230,230,230,230,8590,0,160,461.74650224307294,2.0757429999775923,5243.598137000049,2716.7473806752037
1780668415,5,POST,/api/book,1.700000,0.000000,140,140,140,140,140,190,190,190,190,190,190,6593,0,240,596.0935472018806,91.69946600002277,5243.598137000049,3382.135901713939
1780668415,5,GET,/api/concerts,0.600000,0.000000,3,3,3,3,3,3,3,3,3,3,3,1338,0,3,19.26067059267384,2.099724000004244,1296.4690070000415,753.0
1780668415,5,GET,/health,0.300000,0.000000,3,3,3,3,3,3,3,3,3,3,3,661,0,3,16.446653753404945,2.0757429999775923,1128.8988759999938,57.0
1780668415,5,,Aggregated,2.600000,0.000000,130,140,140,140,140,140,190,190,190,190,190,8592,0,160,461.67211034520443,2.0757429999775923,5243.598137000049,2716.900954376164
1780668416,5,POST,/api/book,1.700000,0.000000,140,140,140,150,150,190,190,190,190,190,190,6596,0,240,595.8893208750756,91.69946600002277,5243.598137000049,3382.1323529411766
1780668416,5,GET,/api/concerts,0.600000,0.000000,3,3,3,3,3,3,3,3,3,3,3,1338,0,3,19.26067059267384,2.099724000004244,1296.4690070000415,753.0
1780668416,5,GET,/health,0.300000,0.000000,3,3,3,3,3,3,3,3,3,3,3,661,0,3,16.446653753404945,2.0757429999775923,1128.8988759999938,57.0
1780668416,5,,Aggregated,2.600000,0.000000,140,140,140,140,150,150,190,190,190,190,190,8595,0,160,461.56230085817293,2.0757429999775923,5243.598137000049,2717.130424665503
1780668417,5,POST,/api/book,1.400000,0.000000,140,140,140,150,150,190,190,190,190,190,190,6597,0,240,595.8199618788841,91.69946600002277,5243.598137000049,3382.1285432772474
1780668417,5,GET,/api/concerts,0.700000,0.000000,3,3,3,3,4,4,4,4,4,4,4,1339,0,3,19.248937885733795,2.099724000004244,1296.4690070000415,753.0
1780668417,5,GET,/health,0.200000,0.000000,3,3,3,3,3,3,3,3,3,3,3,661,0,3,16.446653753404945,2.0757429999775923,1128.8988759999938,57.0
1780668417,5,,Aggregated,2.300000,0.000000,140,140,140,140,150,150,190,190,190,190,190,8597,0,160,461.47142659939476,2.0757429999775923,5243.598137000049,2716.976387111783
1780668418,5,POST,/api/book,1.500000,0.000000,140,140,140,150,150,190,190,190,190,190,190,6599,0,240,595.6811404040004,91.69946600002277,5243.598137000049,3382.129565085619
1780668418,5,GET,/api/concerts,0.700000,0.000000,3,3,3,3,4,4,4,4,4,4,4,1339,0,3,19.248937885733795,2.099724000004244,1296.4690070000415,753.0
1780668418,5,GET,/health,0.200000,0.000000,3,3,3,3,3,3,3,3,3,3,3,662,0,3,16.426321690333452,2.0757429999775923,1128.8988759999938,57.0
1780668418,5,,Aggregated,2.400000,0.000000,140,140,140,140,150,150,190,190,190,190,190,8600,0,160,461.3428370132555,2.0757429999775923,5243.598137000049,2716.822558139535
1780668419,5,POST,/api/book,1.500000,0.000000,140,140,140,150,150,190,190,190,190,190,190,6600,0,240,595.6117223301513,91.69946600002277,5243.598137000049,3382.1253030303033
1780668419,5,GET,/api/concerts,0.700000,0.000000,3,3,3,4,4,4,4,4,4,4,4,1339,0,3,19.248937885733795,2.099724000004244,1296.4690070000415,753.0
1780668419,5,GET,/health,0.200000,0.000000,3,3,3,3,3,3,3,3,3,3,3,662,0,3,16.426321690333452,2.0757429999775923,1128.8988759999938,57.0
1780668419,5,,Aggregated,2.400000,0.000000,140,140,140,140,150,150,190,190,190,190,190,8601,0,160,461.30518778828014,2.0757429999775923,5243.598137000049,2716.89663992559
1780668420,5,POST,/api/book,1.500000,0.000000,140,140,150,150,190,190,190,190,190,190,190,6602,0,240,595.480953460012,91.69946600002277,5243.598137000049,3382.11996364738
1780668420,5,GET,/api/concerts,0.700000,0.000000,3,3,4,4,15,15,15,15,15,15,15,1341,0,3,19.23355803877516,2.099724000004244,1296.4690070000415,753.0
1780668420,5,GET,/health,0.300000,0.000000,3,3,3,3,3,3,3,3,3,3,3,662,0,3,16.426321690333452,2.0757429999775923,1128.8988759999938,57.0
1780668420,5,,Aggregated,2.500000,0.000000,140,140,140,140,150,190,190,190,190,190,190,8605,0,160,461.13093329831463,2.0757429999775923,5243.598137000049,2716.5907030796047
1780668421,5,POST,/api/book,1.500000,0.000000,140,140,140,150,150,190,190,190,190,190,190,6602,0,240,595.480953460012,91.69946600002277,5243.598137000049,3382.11996364738
1780668421,5,GET,/api/concerts,0.700000,0.000000,3,4,4,15,15,15,15,15,15,15,15,1341,0,3,19.23355803877516,2.099724000004244,1296.4690070000415,753.0
1780668421,5,GET,/health,0.300000,0.000000,3,3,3,3,3,3,3,3,3,3,3,662,0,3,16.426321690333452,2.0757429999775923,1128.8988759999938,57.0
1780668421,5,,Aggregated,2.500000,0.000000,140,140,140,140,150,190,190,190,190,190,190,8605,0,160,461.13093329831463,2.0757429999775923,5243.598137000049,2716.5907030796047
1780668422,5,POST,/api/book,1.400000,0.000000,140,150,150,190,270,320,320,320,320,320,320,6604,0,240,595.3896124102057,91.69946600002277,5243.598137000049,3382.128861296184
1780668422,5,GET,/api/concerts,0.600000,0.000000,4,4,15,15,15,15,15,15,15,15,15,1341,0,3,19.23355803877516,2.099724000004244,1296.4690070000415,753.0
1780668422,5,GET,/health,0.300000,0.000000,3,3,3,3,3,3,3,3,3,3,3,662,0,3,16.426321690333452,2.0757429999775923,1128.8988759999938,57.0
1780668422,5,,Aggregated,2.300000,0.000000,140,140,150,150,270,320,320,320,320,320,320,8607,0,160,461.09206769443443,2.0757429999775923,5243.598137000049,2716.7521784593937
1780668423,5,POST,/api/book,1.400000,0.000000,150,150,150,150,270,320,320,320,320,320,320,6607,0,240,595.1865825642498,91.69946600002277,5243.598137000049,3382.122597245346
1780668423,5,GET,/api/concerts,0.600000,0.000000,4,4,15,15,15,15,15,15,15,15,15,1341,0,3,19.23355803877516,2.099724000004244,1296.4690070000415,753.0
1780668423,5,GET,/health,0.300000,0.000000,3,3,3,3,3,3,3,3,3,3,3,662,0,3,16.426321690333452,2.0757429999775923,1128.8988759999938,57.0
1780668423,5,,Aggregated,2.300000,0.000000,140,150,150,150,270,320,320,320,320,320,320,8610,0,160,460.9830635645757,2.0757429999775923,5243.598137000049,2716.979210220674
1780668424,5,POST,/api/book,1.500000,0.000000,150,150,150,150,270,320,320,320,320,320,320,6608,0,240,595.1179919087467,91.69946600002277,5243.598137000049,3382.1183414043585
1780668424,5,GET,/api/concerts,0.600000,0.000000,4,4,15,15,15,15,15,15,15,15,15,1341,0,3,19.23355803877516,2.099724000004244,1296.4690070000415,753.0
1780668424,5,GET,/health,0.200000,0.000000,3,3,3,3,3,3,3,3,3,3,3,662,0,3,16.426321690333452,2.0757429999775923,1128.8988759999938,57.0
1780668424,5,,Aggregated,2.300000,0.000000,140,150,150,150,270,320,320,320,320,320,320,8611,0,160,460.9460128698173,2.0757429999775923,5243.598137000049,2717.053187783068
1780668425,5,POST,/api/book,1.300000,0.000000,140,150,150,190,270,320,320,320,320,320,320,6610,0,230,594.9780686012101,91.69946600002277,5243.598137000049,3382.1180030257187
1780668425,5,GET,/api/concerts,0.500000,0.000000,4,4,15,15,15,15,15,15,15,15,15,1342,0,3,19.22131916244224,2.099724000004244,1296.4690070000415,753.0
1780668425,5,GET,/health,0.200000,0.000000,3,3,3,3,3,3,3,3,3,3,3,662,0,3,16.426321690333452,2.0757429999775923,1128.8988759999938,57.0
1780668425,5,,Aggregated,2.000000,0.000000,140,140,150,150,270,320,320,320,320,320,320,8614,0,160,460.8166088610398,2.0757429999775923,5243.598137000049,2716.9793359647088
1780668426,5,POST,/api/book,1.700000,0.000000,140,150,150,190,270,320,320,320,320,320,320,6610,0,230,594.9780686012101,91.69946600002277,5243.598137000049,3382.1180030257187
1780668426,5,GET,/api/concerts,0.300000,0.000000,4,4,15,15,15,15,15,15,15,15,15,1342,0,3,19.22131916244224,2.099724000004244,1296.4690070000415,753.0
1780668426,5,GET,/health,0.100000,0.000000,3,3,3,3,3,3,3,3,3,3,3,664,0,3,16.386002253013345,2.0757429999775923,1128.8988759999938,57.0
1780668426,5,,Aggregated,2.100000,0.000000,140,140,150,150,270,320,320,320,320,320,320,8616,0,160,460.7103469435929,2.0757429999775923,5243.598137000049,2716.361884865367
1780668427,5,POST,/api/book,1.800000,0.000000,150,150,190,190,270,320,320,320,320,320,320,6611,0,230,594.9093740411433,91.69946600002277,5243.598137000049,3382.1163212827105
1780668427,5,GET,/api/concerts,0.400000,0.000000,3,3,15,15,15,15,15,15,15,15,15,1343,0,3,19.20907718019163,2.099724000004244,1296.4690070000415,753.0
1780668427,5,GET,/health,0.100000,0.000000,3,3,3,3,3,3,3,3,3,3,3,664,0,3,16.386002253013345,2.0757429999775923,1128.8988759999938,57.0
1780668427,5,,Aggregated,2.300000,0.000000,140,140,150,150,270,320,320,320,320,320,320,8618,0,160,460.6200937497095,2.0757429999775923,5243.598137000049,2716.2100255279647
1780668428,5,POST,/api/book,1.800000,0.000000,150,190,220,230,270,320,320,320,320,320,320,6613,0,230,594.7975838335096,91.69946600002277,5243.598137000049,3382.107969151671
1780668428,5,GET,/api/concerts,0.400000,0.000000,3,3,15,15,15,15,15,15,15,15,15,1343,0,3,19.20907718019163,2.099724000004244,1296.4690070000415,753.0
1780668428,5,GET,/health,0.100000,0.000000,3,3,3,3,3,3,3,3,3,3,3,664,0,3,16.386002253013345,2.0757429999775923,1128.8988759999938,57.0
1780668428,5,,Aggregated,2.300000,0.000000,140,150,190,220,270,320,320,320,320,320,320,8620,0,160,460.5654893317862,2.0757429999775923,5243.598137000049,2716.358120649652
1780668429,5,POST,/api/book,1.400000,0.000000,150,190,220,230,270,320,320,320,320,320,320,6615,0,230,594.6598670993196,91.69946600002277,5243.598137000049,3382.110052910053
1780668429,5,GET,/api/concerts,0.300000,0.000000,3,3,15,15,15,15,15,15,15,15,15,1343,0,3,19.20907718019163,2.099724000004244,1296.4690070000415,753.0
1780668429,5,GET,/health,0.300000,0.000000,3,3,3,3,3,3,3,3,3,3,3,664,0,3,16.386002253013345,2.0757429999775923,1128.8988759999938,57.0
1780668429,5,,Aggregated,2.000000,0.000000,140,150,190,220,270,320,320,320,320,320,320,8622,0,160,460.49096694629975,2.0757429999775923,5243.598137000049,2716.514149849223
1780668430,5,POST,/api/book,1.400000,0.000000,150,150,220,220,270,320,320,320,320,320,320,6617,0,230,594.5179419584402,91.69946600002277,5243.598137000049,3382.1097173945896
1780668430,5,GET,/api/concerts,0.400000,0.000000,3,3,15,15,15,15,15,15,15,15,15,1343,0,3,19.20907718019163,2.099724000004244,1296.4690070000415,753.0
1780668430,5,GET,/health,0.200000,0.000000,3,3,3,3,3,3,3,3,3,3,3,664,0,3,16.386002253013345,2.0757429999775923,1128.8988759999938,57.0
1780668430,5,,Aggregated,2.000000,0.000000,140,150,150,190,230,270,320,320,320,320,320,8624,0,160,460.4131862346935,2.0757429999775923,5243.598137000049,2716.6682513914657
1780668431,5,POST,/api/book,1.400000,0.000000,140,150,220,220,270,320,320,320,320,320,320,6618,0,230,594.4499985670897,91.69946600002277,5243.598137000049,3382.111967361741
1780668431,5,GET,/api/concerts,0.400000,0.000000,3,3,15,15,15,15,15,15,15,15,15,1343,0,3,19.20907718019163,2.099724000004244,1296.4690070000415,753.0
1780668431,5,GET,/health,0.200000,0.000000,3,3,4,4,4,4,4,4,4,4,4,665,0,3,16.3671055518809,2.0757429999775923,1128.8988759999938,57.0
1780668431,5,,Aggregated,2.000000,0.000000,140,140,150,150,230,270,320,320,320,320,320,8626,0,160,460.3236733552048,2.0757429999775923,5243.598137000049,2716.4387897055412
1780668432,5,POST,/api/book,1.500000,0.000000,140,140,140,140,220,230,230,230,230,230,230,6619,0,230,594.3811759404743,91.69946600002277,5243.598137000049,3382.110741803898
1780668432,5,GET,/api/concerts,0.300000,0.000000,3,3,3,3,3,3,3,3,3,3,3,1345,0,3,19.184368790332563,2.099724000004244,1296.4690070000415,753.0
1780668432,5,GET,/health,0.200000,0.000000,3,3,4,4,4,4,4,4,4,4,4,665,0,3,16.3671055518809,2.0757429999775923,1128.8988759999938,57.0
1780668432,5,,Aggregated,2.000000,0.000000,140,140,140,140,220,230,230,230,230,230,230,8629,0,160,460.1803343104644,2.0757429999775923,5243.598137000049,2716.05991424267
1780668433,5,POST,/api/book,1.600000,0.000000,140,140,140,140,220,230,230,230,230,230,230,6620,0,230,594.3125736590633,91.69946600002277,5243.598137000049,3382.1181268882174
1780668433,5,GET,/api/concerts,0.200000,0.000000,3,3,3,3,3,3,3,3,3,3,3,1345,0,3,19.184368790332563,2.099724000004244,1296.4690070000415,753.0
1780668433,5,GET,/health,0.300000,0.000000,3,3,4,4,4,4,4,4,4,4,4,666,0,3,16.34657446546663,2.0757429999775923,1128.8988759999938,57.0
1780668433,5,,Aggregated,2.100000,0.000000,140,140,140,140,220,230,230,230,230,230,230,8631,0,160,460.09025978913184,2.0757429999775923,5243.598137000049,2715.834665739775
1780668434,5,POST,/api/book,1.700000,0.000000,140,140,140,140,220,230,230,230,230,230,230,6622,0,230,594.1754092008456,91.69946600002277,5243.598137000049,3382.109936575053
1780668434,5,GET,/api/concerts,0.300000,0.000000,3,3,3,3,3,3,3,3,3,3,3,1345,0,3,19.184368790332563,2.099724000004244,1296.4690070000415,753.0
1780668434,5,GET,/health,0.300000,0.000000,3,3,3,4,4,4,4,4,4,4,4,667,0,3,16.326206854573964,2.0757429999775923,1128.8988759999938,57.0
1780668434,5,,Aggregated,2.300000,0.000000,140,140,140,140,220,230,230,230,230,230,230,8634,0,160,459.9631822704421,2.0757429999775923,5243.598137000049,2715.6747741487143
1780668435,5,POST,/api/book,1.300000,0.000000,140,140,180,180,220,230,230,230,230,230,230,6624,0,230,594.0506628054045,91.69946600002277,5243.598137000049,3382.1088466183573
1780668435,5,GET,/api/concerts,0.400000,0.000000,3,3,3,3,3,3,3,3,3,3,3,1345,0,3,19.184368790332563,2.099724000004244,1296.4690070000415,753.0
1780668435,5,GET,/health,0.300000,0.000000,3,3,3,4,4,4,4,4,4,4,4,668,0,3,16.305555471558318,2.0757429999775923,1128.8988759999938,57.0
1780668435,5,,Aggregated,2.000000,0.000000,140,140,140,140,180,220,230,230,230,230,230,8637,0,160,459.84562666446647,2.0757429999775923,5243.598137000049,2715.520435336344
1780668436,5,POST,/api/book,1.300000,0.000000,140,140,180,180,220,230,230,230,230,230,230,6625,0,230,593.9825288559999,91.69946600002277,5243.598137000049,3382.1041509433962
1780668436,5,GET,/api/concerts,0.400000,0.000000,3,3,3,3,3,3,3,3,3,3,3,1346,0,3,19.17203004234571,2.099724000004244,1296.4690070000415,753.0
1780668436,5,GET,/health,0.500000,0.000000,3,3,3,4,4,4,4,4,4,4,4,668,0,3,16.305555471558318,2.0757429999775923,1128.8988759999938,57.0
1780668436,5,,Aggregated,2.200000,0.000000,140,140,140,140,180,220,230,230,230,230,230,8639,0,160,459.75598068792647,2.0757429999775923,5243.598137000049,2715.3668248639888
1780668437,5,POST,/api/book,1.300000,0.000000,140,140,140,140,180,180,180,180,180,180,180,6628,0,230,593.7758923611948,91.69946600002277,5243.598137000049,3382.1163246831625
1780668437,5,GET,/api/concerts,0.400000,0.000000,3,3,3,3,3,3,3,3,3,3,3,1346,0,3,19.17203004234571,2.099724000004244,1296.4690070000415,753.0
1780668437,5,GET,/health,0.500000,0.000000,3,3,3,4,4,4,4,4,4,4,4,668,0,3,16.305555471558318,2.0757429999775923,1128.8988759999938,57.0
1780668437,5,,Aggregated,2.200000,0.000000,140,140,140,140,140,180,180,180,180,180,180,8642,0,160,459.6440960497566,2.0757429999775923,5243.598137000049,2715.607613978246
1780668438,5,POST,/api/book,1.500000,0.000000,140,140,140,140,180,180,180,180,180,180,180,6630,0,230,593.639186462745,91.69946600002277,5243.598137000049,3382.119004524887
1780668438,5,GET,/api/concerts,0.300000,0.000000,3,3,3,3,3,3,3,3,3,3,3,1347,0,3,19.16028033036188,2.099724000004244,1296.4690070000415,753.0
1780668438,5,GET,/health,0.500000,0.000000,3,3,3,4,4,4,4,4,4,4,4,669,0,3,16.28491891180987,2.0757429999775923,1128.8988759999938,57.0
1780668438,5,,Aggregated,2.300000,0.000000,140,140,140,140,140,180,180,180,180,180,180,8646,0,160,459.46464429851915,2.0757429999775923,5243.598137000049,2715.2293546148508
1780668439,5,POST,/api/book,1.700000,0.000000,140,140,140,140,180,180,180,180,180,180,180,6632,0,230,593.5030648759046,91.69946600002277,5243.598137000049,3382.118365500603
1780668439,5,GET,/api/concerts,0.400000,0.000000,3,3,3,3,3,3,3,3,3,3,3,1347,0,3,19.16028033036188,2.099724000004244,1296.4690070000415,753.0
1780668439,5,GET,/health,0.400000,0.000000,3,3,3,3,4,4,4,4,4,4,4,670,0,3,16.264725113433855,2.0757429999775923,1128.8988759999938,57.0
1780668439,5,,Aggregated,2.500000,0.000000,140,140,140,140,140,180,180,180,180,180,180,8649,0,160,459.33848880656683,2.0757429999775923,5243.598137000049,2715.075731298416
1780668440,5,POST,/api/book,1.600000,0.000000,140,140,140,140,180,180,180,180,180,180,180,6633,0,230,593.4348998017487,91.69946600002277,5243.598137000049,3382.120759837178
1780668440,5,GET,/api/concerts,0.400000,0.000000,3,3,3,3,3,3,3,3,3,3,3,1348,0,3,19.147973911719067,2.099724000004244,1296.4690070000415,753.0
1780668440,5,GET,/health,0.500000,0.000000,3,3,3,3,4,4,4,4,4,4,4,670,0,3,16.264725113433855,2.0757429999775923,1128.8988759999938,57.0
1780668440,5,,Aggregated,2.500000,0.000000,140,140,140,140,140,180,180,180,180,180,180,8651,0,160,459.24893365437475,2.0757429999775923,5243.598137000049,2714.9278696104498
1780668441,5,POST,/api/book,1.700000,0.000000,140,140,140,140,180,180,180,180,180,180,180,6633,0,230,593.4348998017487,91.69946600002277,5243.598137000049,3382.120759837178
1780668441,5,GET,/api/concerts,0.400000,0.000000,3,3,3,3,3,3,3,3,3,3,3,1349,0,3,19.136001057077348,2.099724000004244,1296.4690070000415,753.0
1780668441,5,GET,/health,0.500000,0.000000,3,3,3,3,3,3,3,3,3,3,3,670,0,3,16.264725113433855,2.0757429999775923,1128.8988759999938,57.0
1780668441,5,,Aggregated,2.600000,0.000000,140,140,140,140,140,180,180,180,180,180,180,8652,0,160,459.19619991181185,2.0757429999775923,5243.598137000049,2714.701109570042
1780668442,5,POST,/api/book,1.700000,0.000000,140,140,140,140,180,180,180,180,180,180,180,6636,0,230,593.2306892316153,91.69946600002277,5243.598137000049,3382.1228149487642
1780668442,5,GET,/api/concerts,0.400000,0.000000,3,3,3,3,3,3,3,3,3,3,3,1349,0,3,19.136001057077348,2.099724000004244,1296.4690070000415,753.0
1780668442,5,GET,/health,0.600000,0.000000,3,3,3,3,3,3,3,3,3,3,3,670,0,3,16.264725113433855,2.0757429999775923,1128.8988759999938,57.0
1780668442,5,,Aggregated,2.700000,0.000000,140,140,140,140,140,180,180,180,180,180,180,8655,0,160,459.0861565560943,2.0757429999775923,5243.598137000049,2714.9340265742344
1780668443,5,POST,/api/book,1.500000,0.000000,140,140,140,140,180,180,180,180,180,180,180,6638,0,230,593.0945595106958,91.69946600002277,5243.598137000049,3382.1187104549563
1780668443,5,GET,/api/concerts,0.500000,0.000000,3,3,3,3,3,3,3,3,3,3,3,1349,0,3,19.136001057077348,2.099724000004244,1296.4690070000415,753.0
1780668443,5,GET,/health,0.500000,0.000000,3,3,3,3,3,3,3,3,3,3,3,670,0,3,16.264725113433855,2.0757429999775923,1128.8988759999938,57.0
1780668443,5,,Aggregated,2.500000,0.000000,140,140,140,140,140,180,180,180,180,180,180,8657,0,160,459.0127662335678,2.0757429999775923,5243.598137000049,2715.085017904586
1780668444,5,POST,/api/book,1.500000,0.000000,140,140,140,140,180,310,310,310,310,310,310,6640,0,230,592.9845213051203,91.69946600002277,5243.598137000049,3382.121084337349
1780668444,5,GET,/api/concerts,0.500000,0.000000,3,3,3,3,3,3,3,3,3,3,3,1349,0,3,19.136001057077348,2.099724000004244,1296.4690070000415,753.0
1780668444,5,GET,/health,0.500000,0.000000,3,3,3,3,3,3,3,3,3,3,3,670,0,3,16.264725113433855,2.0757429999775923,1128.8988759999938,57.0
1780668444,5,,Aggregated,2.500000,0.000000,140,140,140,140,180,180,310,310,310,310,310,8659,0,160,458.95935474281055,2.0757429999775923,5243.598137000049,2715.24090541633
1780668445,5,POST,/api/book,1.500000,0.000000,140,140,140,140,310,370,370,370,370,370,370,6641,0,230,592.951694491191,91.69946600002277,5243.598137000049,3382.1166992922754
1780668445,5,GET,/api/concerts,0.500000,0.000000,3,3,3,3,3,3,3,3,3,3,3,1349,0,3,19.136001057077348,2.099724000004244,1296.4690070000415,753.0
1780668445,5,GET,/health,0.500000,0.000000,2,2,3,3,3,3,3,3,3,3,3,671,0,3,16.243948101342443,2.0757429999775923,1128.8988759999938,57.0
1780668445,5,,Aggregated,2.500000,0.000000,140,140,140,140,140,310,370,370,370,370,370,8661,0,160,458.8969354252392,2.0757429999775923,5243.598137000049,2715.0076203671633
1780668446,5,POST,/api/book,1.700000,0.000000,140,140,140,140,310,370,370,370,370,370,370,6645,0,230,592.6788153077501,91.69946600002277,5243.598137000049,3382.110609480813
1780668446,5,GET,/api/concerts,0.400000,0.000000,3,3,3,3,3,3,3,3,3,3,3,1350,0,3,19.124136847405452,2.099724000004244,1296.4690070000415,753.0
1780668446,5,GET,/health,0.300000,0.000000,2,2,3,3,3,3,3,3,3,3,3,671,0,3,16.243948101342443,2.0757429999775923,1128.8988759999938,57.0
1780668446,5,,Aggregated,2.400000,0.000000,140,140,140,140,150,310,370,370,370,370,370,8666,0,160,458.6969768797596,2.0757429999775923,5243.598137000049,2715.084468036003
1780668447,5,POST,/api/book,1.900000,0.000000,140,140,140,140,310,370,370,370,370,370,370,6647,0,230,592.5422228785917,91.69946600002277,5243.598137000049,3382.1024522340904
1780668447,5,GET,/api/concerts,0.400000,0.000000,3,3,3,3,3,3,3,3,3,3,3,1350,0,3,19.124136847405452,2.099724000004244,1296.4690070000415,753.0
1780668447,5,GET,/health,0.300000,0.000000,2,2,3,3,3,3,3,3,3,3,3,671,0,3,16.243948101342443,2.0757429999775923,1128.8988759999938,57.0
1780668447,5,,Aggregated,2.600000,0.000000,140,140,140,140,150,310,370,370,370,370,370,8668,0,160,458.62314598454043,2.0757429999775923,5243.598137000049,2715.2321181356715
1780668448,5,POST,/api/book,1.800000,0.000000,140,140,140,140,310,370,370,370,370,370,370,6648,0,230,592.4741535848374,91.69946600002277,5243.598137000049,3382.0983754512636
1780668448,5,GET,/api/concerts,0.500000,0.000000,3,3,3,3,3,3,3,3,3,3,3,1352,0,3,19.099988159761494,2.099724000004244,1296.4690070000415,753.0
1780668448,5,GET,/health,0.300000,0.000000,3,3,3,3,3,3,3,3,3,3,3,671,0,3,16.243948101342443,2.0757429999775923,1128.8988759999938,57.0
1780668448,5,,Aggregated,2.600000,0.000000,140,140,140,140,150,310,370,370,370,370,370,8671,0,160,458.48126469841964,2.0757429999775923,5243.598137000049,2714.8533041171722
1780668449,5,POST,/api/book,1.800000,0.000000,140,140,140,140,310,370,370,370,370,370,370,6649,0,230,592.4061819288614,91.69946600002277,5243.598137000049,3382.0962550759514
1780668449,5,GET,/api/concerts,0.500000,0.000000,3,3,3,3,3,3,3,3,3,3,3,1352,0,3,19.099988159761494,2.099724000004244,1296.4690070000415,753.0
1780668449,5,GET,/health,0.300000,0.000000,3,3,3,3,3,3,3,3,3,3,3,671,0,3,16.243948101342443,2.0757429999775923,1128.8988759999938,57.0
1780668449,5,,Aggregated,2.600000,0.000000,140,140,140,140,150,310,370,370,370,370,370,8672,0,160,458.44460064725513,2.0757429999775923,5243.598137000049,2714.9286208487083
1780668450,5,POST,/api/book,1.900000,0.000000,140,140,140,140,310,370,370,370,370,370,370,6650,0,230,592.3378773891728,91.69946600002277,5243.598137000049,3382.093082706767
1780668450,5,GET,/api/concerts,0.400000,0.000000,3,3,3,3,3,3,3,3,3,3,3,1352,0,3,19.099988159761494,2.099724000004244,1296.4690070000415,753.0
1780668450,5,GET,/health,0.200000,0.000000,2,2,3,3,3,3,3,3,3,3,3,672,0,3,16.223456209822444,2.0757429999775923,1128.8988759999938,57.0
1780668450,5,,Aggregated,2.500000,0.000000,140,140,140,140,150,310,370,370,370,370,370,8674,0,160,458.3551108142721,2.0757429999775923,5243.598137000049,2714.696679732534
1780668451,5,POST,/api/book,1.900000,0.000000,140,140,150,210,310,370,370,370,370,370,370,6653,0,230,592.166116980009,91.69946600002277,5243.598137000049,3382.0862768675784
1780668451,5,GET,/api/concerts,0.400000,0.000000,3,3,3,3,3,3,3,3,3,3,3,1352,0,3,19.099988159761494,2.099724000004244,1296.4690070000415,753.0
1780668451,5,GET,/health,0.200000,0.000000,2,2,2,2,2,2,2,2,2,2,2,672,0,3,16.223456209822444,2.0757429999775923,1128.8988759999938,57.0
1780668451,5,,Aggregated,2.500000,0.000000,140,140,150,150,270,310,370,370,370,370,370,8677,0,160,458.269738715339,2.0757429999775923,5243.598137000049,2714.922208136453
1780668452,5,POST,/api/book,1.600000,0.000000,140,150,150,210,310,370,370,370,370,370,370,6654,0,230,592.0961520117222,91.69946600002277,5243.598137000049,3382.087766756838
1780668452,5,GET,/api/concerts,0.500000,0.000000,3,3,3,3,3,3,3,3,3,3,3,1353,0,3,19.087932495933252,2.099724000004244,1296.4690070000415,753.0
1780668452,5,GET,/health,0.200000,0.000000,2,2,2,2,2,2,2,2,2,2,2,672,0,3,16.223456209822444,2.0757429999775923,1128.8988759999938,57.0
1780668452,5,,Aggregated,2.300000,0.000000,140,140,150,150,270,310,370,370,370,370,370,8679,0,160,458.17904490448166,2.0757429999775923,5243.598137000049,2714.7741675308216
1780668453,5,POST,/api/book,2.000000,0.000000,140,140,150,210,310,370,370,370,370,370,370,6656,0,230,591.957823065655,91.69946600002277,5243.598137000049,3382.0892427884614
1780668453,5,GET,/api/concerts,0.400000,0.000000,3,3,3,3,3,3,3,3,3,3,3,1353,0,3,19.087932495933252,2.099724000004244,1296.4690070000415,753.0
1780668453,5,GET,/health,0.200000,0.000000,2,2,2,2,2,2,2,2,2,2,2,672,0,3,16.223456209822444,2.0757429999775923,1128.8988759999938,57.0
1780668453,5,,Aggregated,2.600000,0.000000,140,140,150,150,270,310,370,370,370,370,370,8681,0,160,458.10383660465345,2.0757429999775923,5243.598137000049,2714.92904043313
1780668454,5,POST,/api/book,2.000000,0.000000,140,140,140,150,210,270,270,270,270,270,270,6658,0,230,591.8207624480323,91.69946600002277,5243.598137000049,3382.0809552418145
1780668454,5,GET,/api/concerts,0.400000,0.000000,3,3,3,3,3,3,3,3,3,3,3,1353,0,3,19.087932495933252,2.099724000004244,1296.4690070000415,753.0
1780668454,5,GET,/health,0.200000,0.000000,2,2,2,2,2,2,2,2,2,2,2,672,0,3,16.223456209822444,2.0757429999775923,1128.8988759999938,57.0
1780668454,5,,Aggregated,2.600000,0.000000,140,140,140,140,150,210,270,270,270,270,270,8683,0,160,458.02957176309985,2.0757429999775923,5243.598137000049,2715.0763560981227
1780668455,5,POST,/api/book,1.800000,0.000000,140,140,140,140,210,270,270,270,270,270,270,6661,0,230,591.6178286604112,91.69946600002277,5243.598137000049,3382.091277585948
1780668455,5,GET,/api/concerts,0.400000,0.000000,3,3,3,3,3,3,3,3,3,3,3,1353,0,3,19.087932495933252,2.099724000004244,1296.4690070000415,753.0
1780668455,5,GET,/health,0.200000,0.000000,2,2,2,2,2,2,2,2,2,2,2,672,0,3,16.223456209822444,2.0757429999775923,1128.8988759999938,57.0
1780668455,5,,Aggregated,2.400000,0.000000,140,140,140,140,150,210,270,270,270,270,270,8686,0,160,457.9201579492282,2.0757429999775923,5243.598137000049,2715.3146442551233
1780668456,5,POST,/api/book,2.000000,0.000000,140,140,140,140,210,270,270,270,270,270,270,6663,0,230,591.4819850508778,91.69946600002277,5243.598137000049,3382.0841963079693
1780668456,5,GET,/api/concerts,0.400000,0.000000,3,3,3,3,3,3,3,3,3,3,3,1353,0,3,19.087932495933252,2.099724000004244,1296.4690070000415,753.0
1780668456,5,GET,/health,0.200000,0.000000,2,2,2,2,2,2,2,2,2,2,2,672,0,3,16.223456209822444,2.0757429999775923,1128.8988759999938,57.0
1780668456,5,,Aggregated,2.600000,0.000000,140,140,140,140,150,210,270,270,270,270,270,8688,0,160,457.84675433172146,2.0757429999775923,5243.598137000049,2715.4627071823206
1780668457,5,POST,/api/book,1.900000,0.000000,140,140,140,140,210,270,270,270,270,270,270,6666,0,230,591.2792514597958,91.69946600002277,5243.598137000049,3382.0829582958295
1780668457,5,GET,/api/concerts,0.400000,0.000000,3,3,3,3,3,3,3,3,3,3,3,1353,0,3,19.087932495933252,2.099724000004244,1296.4690070000415,753.0
1780668457,5,GET,/health,0.100000,0.000000,2,2,2,2,2,2,2,2,2,2,2,672,0,3,16.223456209822444,2.0757429999775923,1128.8988759999938,57.0
1780668457,5,,Aggregated,2.400000,0.000000,140,140,140,140,150,210,270,270,270,270,270,8691,0,160,457.7373864309051,2.0757429999775923,5243.598137000049,2715.691865147854
1780668458,5,POST,/api/book,1.900000,0.000000,140,140,140,140,210,270,270,270,270,270,270,6667,0,230,591.2113194549271,91.69946600002277,5243.598137000049,3382.0841457927104
1780668458,5,GET,/api/concerts,0.300000,0.000000,3,3,3,3,3,3,3,3,3,3,3,1353,0,3,19.087932495933252,2.099724000004244,1296.4690070000415,753.0
1780668458,5,GET,/health,0.100000,0.000000,2,2,2,2,2,2,2,2,2,2,2,672,0,3,16.223456209822444,2.0757429999775923,1128.8988759999938,57.0
1780668458,5,,Aggregated,2.300000,0.000000,140,140,140,140,210,270,270,270,270,270,270,8692,0,160,457.70064450598204,2.0757429999775923,5243.598137000049,2715.76944316613
1780668459,5,POST,/api/book,1.900000,0.000000,140,140,140,140,210,270,270,270,270,270,270,6669,0,230,591.0758674409956,91.69946600002277,5243.598137000049,3382.0814215024743
1780668459,5,GET,/api/concerts,0.300000,0.000000,3,3,3,3,3,3,3,3,3,3,3,1354,0,3,19.075954526586212,2.099724000004244,1296.4690070000415,753.0
1780668459,5,GET,/health,0.100000,0.000000,2,2,2,2,2,2,2,2,2,2,2,672,0,3,16.223456209822444,2.0757429999775923,1128.8988759999938,57.0
1780668459,5,,Aggregated,2.300000,0.000000,140,140,140,140,150,210,270,270,270,270,270,8695,0,160,457.5751541076477,2.0757429999775923,5243.598137000049,2715.6948821161586
1780668460,5,POST,/api/book,1.900000,0.000000,140,140,140,140,150,210,270,270,270,270,270,6670,0,230,591.0075687875561,91.69946600002277,5243.598137000049,3382.0871064467765
1780668460,5,GET,/api/concerts,0.300000,0.000000,3,3,3,3,3,3,3,3,3,3,3,1355,0,3,19.063909839112746,2.099724000004244,1296.4690070000415,753.0
1780668460,5,GET,/health,0.100000,0.000000,2,2,2,2,2,2,2,2,2,2,2,672,0,3,16.223456209822444,2.0757429999775923,1128.8988759999938,57.0
1780668460,5,,Aggregated,2.300000,0.000000,140,140,140,140,140,140,140,140,140,140,140,8697,0,160,457.4858277817634,2.0757429999775923,5243.598137000049,2715.550189720593
1780668461,5,POST,/api/book,2.000000,0.000000,140,140,140,140,140,140,140,140,140,140,140,6673,0,230,590.8051580717818,91.69946600002277,5243.598137000049,3382.09111344223
1780668461,5,GET,/api/concerts,0.200000,0.000000,3,3,3,3,3,3,3,3,3,3,3,1355,0,3,19.063909839112746,2.099724000004244,1296.4690070000415,753.0
1780668461,5,GET,/health,0.100000,0.000000,2,2,2,2,2,2,2,2,2,2,2,672,0,3,16.223456209822444,2.0757429999775923,1128.8988759999938,57.0
1780668461,5,,Aggregated,2.300000,0.000000,140,140,140,140,140,140,140,140,140,140,140,8700,0,160,457.3766184158617,2.0757429999775923,5243.598137000049,2715.783103448276
1780668462,5,POST,/api/book,2.100000,0.000000,140,140,140,140,140,140,140,140,140,140,140,6673,0,230,590.8051580717818,91.69946600002277,5243.598137000049,3382.09111344223
1780668462,5,GET,/api/concerts,0.300000,0.000000,3,3,3,3,3,3,3,3,3,3,3,1356,0,3,19.051917726399495,2.099724000004244,1296.4690070000415,753.0
1780668462,5,GET,/health,0.000000,0.000000,3,3,3,3,3,3,3,3,3,3,3,673,0,3,16.20337667607834,2.0757429999775923,1128.8988759999938,57.0
1780668462,5,,Aggregated,2.400000,0.000000,140,140,140,140,140,140,140,140,140,140,140,8702,0,160,457.2721320102271,2.0757429999775923,5243.598137000049,2715.2520110319465
1780668463,5,POST,/api/book,1.800000,0.000000,140,140,140,140,140,140,140,140,140,140,140,6674,0,230,590.7378905332633,91.69946600002277,5243.598137000049,3382.0964938567577
1780668463,5,GET,/api/concerts,0.300000,0.000000,3,3,3,3,3,3,3,3,3,3,3,1356,0,3,19.051917726399495,2.099724000004244,1296.4690070000415,753.0
1780668463,5,GET,/health,0.000000,0.000000,3,3,3,3,3,3,3,3,3,3,3,673,0,3,16.20337667607834,2.0757429999775923,1128.8988759999938,57.0
1780668463,5,,Aggregated,2.100000,0.000000,140,140,140,140,140,140,140,140,140,140,140,8703,0,160,457.2358904238764,2.0757429999775923,5243.598137000049,2715.332758818798
1780668464,5,POST,/api/book,2.000000,0.000000,140,140,140,140,140,170,170,170,170,170,170,6678,0,230,590.4716663235998,91.69946600002277,5243.598137000049,3382.1001796945193
1780668464,5,GET,/api/concerts,0.200000,0.000000,3,3,3,3,3,3,3,3,3,3,3,1356,0,3,19.051917726399495,2.099724000004244,1296.4690070000415,753.0
1780668464,5,GET,/health,0.000000,0.000000,3,3,3,3,3,3,3,3,3,3,3,673,0,3,16.20337667607834,2.0757429999775923,1128.8988759999938,57.0
1780668464,5,,Aggregated,2.200000,0.000000,140,140,140,140,140,140,170,170,170,170,170,8707,0,160,457.0930355632246,2.0757429999775923,5243.598137000049,2715.641897323992
1780668465,5,POST,/api/book,2.000000,0.000000,140,140,140,140,140,170,170,170,170,170,170,6678,0,230,590.4716663235998,91.69946600002277,5243.598137000049,3382.1001796945193
1780668465,5,GET,/api/concerts,0.200000,0.000000,3,3,3,3,3,3,3,3,3,3,3,1356,0,3,19.051917726399495,2.099724000004244,1296.4690070000415,753.0
1780668465,5,GET,/health,0.000000,0.000000,3,3,3,3,3,3,3,3,3,3,3,673,0,3,16.20337667607834,2.0757429999775923,1128.8988759999938,57.0
1780668465,5,,Aggregated,2.200000,0.000000,140,140,140,140,140,170,170,170,170,170,170,8707,0,160,457.0930355632246,2.0757429999775923,5243.598137000049,2715.641897323992
1780668466,5,POST,/api/book,1.800000,0.000000,140,140,140,140,140,170,170,170,170,170,170,6680,0,230,590.3361425670657,91.69946600002277,5243.598137000049,3382.101497005988
1780668466,5,GET,/api/concerts,0.300000,0.000000,3,3,3,5,5,5,5,5,5,5,5,1358,0,3,19.029394202502022,2.099724000004244,1296.4690070000415,753.0
1780668466,5,GET,/health,0.100000,0.000000,3,3,3,3,3,3,3,3,3,3,3,673,0,3,16.20337667607834,2.0757429999775923,1128.8988759999938,57.0
1780668466,5,,Aggregated,2.200000,0.000000,140,140,140,140,140,140,170,170,170,170,170,8711,0,160,456.915649429227,2.0757429999775923,5243.598137000049,2715.34531052692
1780668467,5,POST,/api/book,1.800000,0.000000,140,140,140,140,140,170,170,170,170,170,170,6681,0,230,590.2687743234545,91.69946600002277,5243.598137000049,3382.1026792396347
1780668467,5,GET,/api/concerts,0.300000,0.000000,3,3,3,5,5,5,5,5,5,5,5,1358,0,3,19.029394202502022,2.099724000004244,1296.4690070000415,753.0
1780668467,5,GET,/health,0.100000,0.000000,3,3,3,3,3,3,3,3,3,3,3,673,0,3,16.20337667607834,2.0757429999775923,1128.8988759999938,57.0
1780668467,5,,Aggregated,2.200000,0.000000,140,140,140,140,140,140,170,170,170,170,170,8712,0,160,456.8793010887278,2.0757429999775923,5243.598137000049,2715.4227502295685
1780668468,5,POST,/api/book,1.800000,0.000000,140,140,140,140,140,170,170,170,170,170,170,6683,0,230,590.1348040050875,91.69946600002277,5243.598137000049,3382.1008529103697
1780668468,5,GET,/api/concerts,0.300000,0.000000,3,3,3,5,5,5,5,5,5,5,5,1359,0,3,19.01737688815129,2.099724000004244,1296.4690070000415,753.0
1780668468,5,GET,/health,0.100000,0.000000,3,3,3,3,3,3,3,3,3,3,3,673,0,3,16.20337667607834,2.0757429999775923,1128.8988759999938,57.0
1780668468,5,,Aggregated,2.200000,0.000000,140,140,140,140,140,170,170,170,170,170,170,8715,0,160,456.7550640114741,2.0757429999775923,5243.598137000049,2715.3491681009755
1780668469,5,POST,/api/book,1.600000,0.000000,140,140,140,140,140,170,170,170,170,170,170,6684,0,230,590.0675615652303,91.69946600002277,5243.598137000049,3382.1072710951526
1780668469,5,GET,/api/concerts,0.500000,0.000000,3,3,3,5,5,5,5,5,5,5,5,1359,0,3,19.01737688815129,2.099724000004244,1296.4690070000415,753.0
1780668469,5,GET,/health,0.100000,0.000000,3,3,3,3,3,3,3,3,3,3,3,674,0,3,16.183333891692453,2.0757429999775923,1128.8988759999938,57.0
1780668469,5,,Aggregated,2.200000,0.000000,140,140,140,140,140,170,170,170,170,170,170,8717,0,160,456.66671604175707,2.0757429999775923,5243.598137000049,2715.1256166112194
1780668470,5,POST,/api/book,1.600000,0.000000,140,140,140,140,330,370,370,370,370,370,370,6688,0,230,589.857972847189,91.69946600002277,5243.598137000049,3382.1007775119615
1780668470,5,GET,/api/concerts,0.500000,0.000000,3,3,5,5,5,5,5,5,5,5,5,1359,0,3,19.01737688815129,2.099724000004244,1296.4690070000415,753.0
1780668470,5,GET,/health,0.100000,0.000000,3,3,3,3,3,3,3,3,3,3,3,674,0,3,16.183333891692453,2.0757429999775923,1128.8988759999938,57.0
1780668470,5,,Aggregated,2.200000,0.000000,140,140,140,140,170,330,370,370,370,370,370,8721,0,160,456.5671717275538,2.0757429999775923,5243.598137000049,2715.426556587547
1780668471,5,POST,/api/book,1.500000,0.000000,140,140,170,180,330,370,370,370,370,370,370,6690,0,230,589.7374564213751,91.69946600002277,5243.598137000049,3382.104783258595
1780668471,5,GET,/api/concerts,0.500000,0.000000,3,3,5,5,5,5,5,5,5,5,5,1359,0,3,19.01737688815129,2.099724000004244,1296.4690070000415,753.0
1780668471,5,GET,/health,0.200000,0.000000,3,3,3,3,3,3,3,3,3,3,3,675,0,3,16.163346162963993,2.0757429999775923,1128.8988759999938,57.0
1780668471,5,,Aggregated,2.200000,0.000000,140,140,140,170,200,330,370,370,370,370,370,8724,0,160,456.45328488193445,2.0757429999775923,5243.598137000049,2715.277739569005
1780668472,5,POST,/api/book,1.500000,0.000000,140,140,170,180,330,370,370,370,370,370,370,6691,0,230,589.6705037272455,91.69946600002277,5243.598137000049,3382.1010312359886
1780668472,5,GET,/api/concerts,0.500000,0.000000,3,3,5,5,5,5,5,5,5,5,5,1359,0,3,19.01737688815129,2.099724000004244,1296.4690070000415,753.0
1780668472,5,GET,/health,0.200000,0.000000,3,3,3,3,3,3,3,3,3,3,3,675,0,3,16.163346162963993,2.0757429999775923,1128.8988759999938,57.0
1780668472,5,,Aggregated,2.200000,0.000000,140,140,140,170,200,330,370,370,370,370,370,8725,0,160,456.4172165375354,2.0757429999775923,5243.598137000049,2715.3512893982806
1780668473,5,POST,/api/book,1.800000,0.000000,140,140,170,180,330,370,370,370,370,370,370,6694,0,230,589.4697119755003,91.69946600002277,5243.598137000049,3382.10546758291
1780668473,5,GET,/api/concerts,0.400000,0.000000,3,3,5,5,5,5,5,5,5,5,5,1359,0,3,19.01737688815129,2.099724000004244,1296.4690070000415,753.0
1780668473,5,GET,/health,0.200000,0.000000,3,3,3,3,3,3,3,3,3,3,3,675,0,3,16.163346162963993,2.0757429999775923,1128.8988759999938,57.0
1780668473,5,,Aggregated,2.400000,0.000000,140,140,140,170,200,330,370,370,370,370,370,8728,0,160,456.3090199146421,2.0757429999775923,5243.598137000049,2715.583868010999
1780668474,5,POST,/api/book,1.700000,0.000000,140,140,170,180,330,370,370,370,370,370,370,6695,0,230,589.4023477831217,91.69946600002277,5243.598137000049,3382.101269604182
1780668474,5,GET,/api/concerts,0.400000,0.000000,3,3,5,5,5,5,5,5,5,5,5,1359,0,3,19.01737688815129,2.099724000004244,1296.4690070000415,753.0
1780668474,5,GET,/health,0.200000,0.000000,3,3,3,3,3,3,3,3,3,3,3,675,0,3,16.163346162963993,2.0757429999775923,1128.8988759999938,57.0
1780668474,5,,Aggregated,2.300000,0.000000,140,140,140,140,200,330,370,370,370,370,370,8729,0,160,456.2726076594107,2.0757429999775923,5243.598137000049,2715.657005384351
1780668475,5,POST,/api/book,2.100000,0.000000,140,140,140,180,330,370,370,370,370,370,370,6697,0,230,589.2667845326265,91.69946600002277,5243.598137000049,3382.1055696580556
1780668475,5,GET,/api/concerts,0.300000,0.000000,3,3,5,5,5,5,5,5,5,5,5,1360,0,3,19.005456930880577,2.099724000004244,1296.4690070000415,753.0
1780668475,5,GET,/health,0.200000,0.000000,3,3,3,3,3,3,3,3,3,3,3,675,0,3,16.163346162963993,2.0757429999775923,1128.8988759999938,57.0
1780668475,5,,Aggregated,2.600000,0.000000,140,140,140,140,200,330,370,370,370,370,370,8732,0,160,456.1471983624595,2.0757429999775923,5243.598137000049,2715.5881814017407
1780668476,5,POST,/api/book,2.100000,0.000000,140,140,170,180,330,370,370,370,370,370,370,6699,0,230,589.1377007678758,91.69946600002277,5243.598137000049,3382.109419316316
1780668476,5,GET,/api/concerts,0.300000,0.000000,3,3,3,3,3,3,3,3,3,3,3,1360,0,3,19.005456930880577,2.099724000004244,1296.4690070000415,753.0
1780668476,5,GET,/health,0.200000,0.000000,3,3,3,3,3,3,3,3,3,3,3,675,0,3,16.163346162963993,2.0757429999775923,1128.8988759999938,57.0
1780668476,5,,Aggregated,2.600000,0.000000,140,140,140,170,200,330,370,370,370,370,370,8734,0,160,456.07867386420844,2.0757429999775923,5243.598137000049,2715.7437600183193
1780668477,5,POST,/api/book,1.900000,0.000000,140,140,170,180,330,370,370,370,370,370,370,6700,0,230,589.0702711320896,91.69946600002277,5243.598137000049,3382.1185074626865
1780668477,5,GET,/api/concerts,0.300000,0.000000,3,3,3,3,3,3,3,3,3,3,3,1360,0,3,19.005456930880577,2.099724000004244,1296.4690070000415,753.0
1780668477,5,GET,/health,0.200000,0.000000,3,3,3,3,3,3,3,3,3,3,3,675,0,3,16.163346162963993,2.0757429999775923,1128.8988759999938,57.0
1780668477,5,,Aggregated,2.400000,0.000000,140,140,170,180,330,370,370,370,370,370,370,8735,0,160,456.0421862244988,2.0757429999775923,5243.598137000049,2715.8270177447052
1780668478,5,POST,/api/book,1.700000,0.000000,140,140,170,180,330,370,370,370,370,370,370,6701,0,230,589.002183390688,91.69946600002277,5243.598137000049,3382.124608267423
1780668478,5,GET,/api/concerts,0.400000,0.000000,3,3,3,3,3,3,3,3,3,3,3,1361,0,3,18.99384989052,2.099724000004244,1296.4690070000415,753.0
1780668478,5,GET,/health,0.200000,0.000000,3,3,3,3,3,3,3,3,3,3,3,675,0,3,16.163346162963993,2.0757429999775923,1128.8988759999938,57.0
1780668478,5,,Aggregated,2.300000,0.000000,140,140,170,180,330,370,370,370,370,370,370,8737,0,160,455.9533614812861,2.0757429999775923,5243.598137000049,2715.6833009042007
1780668479,5,POST,/api/book,1.900000,0.000000,140,140,140,170,200,330,370,370,370,370,370,6705,0,230,588.7294171989561,91.69946600002277,5243.598137000049,3382.1321401938853
1780668479,5,GET,/api/concerts,0.200000,0.000000,3,3,3,3,3,3,3,3,3,3,3,1361,0,3,18.99384989052,2.099724000004244,1296.4690070000415,753.0
1780668479,5,GET,/health,0.200000,0.000000,3,3,3,3,3,3,3,3,3,3,3,675,0,3,16.163346162963993,2.0757429999775923,1128.8988759999938,57.0
1780668479,5,,Aggregated,2.300000,0.000000,140,140,140,170,200,330,370,370,370,370,370,8741,0,160,455.80501437821727,2.0757429999775923,5243.598137000049,2715.9940510239103
1780668480,5,POST,/api/book,1.800000,0.000000,140,140,140,170,200,210,210,210,210,210,210,6706,0,230,588.6725800785864,91.69946600002277,5243.598137000049,3382.1282433641513
1780668480,5,GET,/api/concerts,0.200000,0.000000,3,3,3,3,3,3,3,3,3,3,3,1361,0,3,18.99384989052,2.099724000004244,1296.4690070000415,753.0
1780668480,5,GET,/health,0.200000,0.000000,3,3,3,3,3,3,3,3,3,3,3,675,0,3,16.163346162963993,2.0757429999775923,1128.8988759999938,57.0
1780668480,5,,Aggregated,2.200000,0.000000,140,140,140,140,180,200,210,210,210,210,210,8742,0,160,455.7766198087391,2.0757429999775923,5243.598137000049,2716.067261496225
1780668481,5,POST,/api/book,2.000000,0.000000,140,140,160,170,250,260,260,260,260,260,260,6709,0,230,588.5081632960204,91.69946600002277,5243.598137000049,3382.128782232822
1780668481,5,GET,/api/concerts,0.200000,0.000000,3,3,5,5,5,5,5,5,5,5,5,1362,0,3,18.983554064609248,2.099724000004244,1296.4690070000415,753.0
1780668481,5,GET,/health,0.100000,0.000000,3,3,3,3,3,3,3,3,3,3,3,675,0,3,16.163346162963993,2.0757429999775923,1128.8988759999938,57.0
1780668481,5,,Aggregated,2.300000,0.000000,140,140,140,160,210,250,260,260,260,260,260,8746,0,160,455.6445377142691,2.0757429999775923,5243.598137000049,2716.07168991539
1780668482,5,POST,/api/book,1.700000,0.000000,140,160,170,170,250,260,260,260,260,260,260,6710,0,230,588.445075280477,91.69946600002277,5243.598137000049,3382.1225037257823
1780668482,5,GET,/api/concerts,0.200000,0.000000,3,3,5,5,5,5,5,5,5,5,5,1363,0,3,18.971983459279254,2.099724000004244,1296.4690070000415,753.0
1780668482,5,GET,/health,0.100000,0.000000,3,3,3,3,3,3,3,3,3,3,3,675,0,3,16.163346162963993,2.0757429999775923,1128.8988759999938,57.0
1780668482,5,,Aggregated,2.000000,0.000000,140,140,170,170,250,260,260,260,260,260,260,8748,0,160,455.5596167406261,2.0757429999775923,5243.598137000049,2715.918609967993
1780668483,5,POST,/api/book,2.000000,0.000000,140,150,170,170,250,260,260,260,260,260,260,6712,0,230,588.3127075096843,91.69946600002277,5243.598137000049,3382.120232419547
1780668483,5,GET,/api/concerts,0.200000,0.000000,3,3,5,5,5,5,5,5,5,5,5,1363,0,3,18.971983459279254,2.099724000004244,1296.4690070000415,753.0
1780668483,5,GET,/health,0.100000,0.000000,3,3,3,3,3,3,3,3,3,3,3,675,0,3,16.163346162963993,2.0757429999775923,1128.8988759999938,57.0
1780668483,5,,Aggregated,2.300000,0.000000,140,140,160,170,210,250,260,260,260,260,260,8750,0,160,455.48845313371396,2.0757429999775923,5243.598137000049,2716.0691428571427
1780668484,5,POST,/api/book,1.800000,0.000000,140,150,170,170,250,260,260,260,260,260,260,6715,0,230,588.1120100673121,91.69946600002277,5243.598137000049,3382.1204765450484
1780668484,5,GET,/api/concerts,0.400000,0.000000,3,3,3,5,5,5,5,5,5,5,5,1364,0,3,18.96015295527699,2.099724000004244,1296.4690070000415,753.0
1780668484,5,GET,/health,0.000000,0.000000,3,3,3,3,3,3,3,3,3,3,3,675,0,3,16.163346162963993,2.0757429999775923,1128.8988759999938,57.0
1780668484,5,,Aggregated,2.200000,0.000000,140,140,160,170,210,250,260,260,260,260,260,8754,0,160,455.32831333024876,2.0757429999775923,5243.598137000049,2716.073337902673
1780668485,5,POST,/api/book,1.700000,0.000000,140,150,160,170,250,260,260,260,260,260,260,6716,0,230,588.0456203755213,91.69946600002277,5243.598137000049,3382.123287671233
1780668485,5,GET,/api/concerts,0.400000,0.000000,3,3,5,5,5,5,5,5,5,5,5,1364,0,3,18.96015295527699,2.099724000004244,1296.4690070000415,753.0
1780668485,5,GET,/health,0.000000,0.000000,3,3,3,3,3,3,3,3,3,3,3,675,0,3,16.163346162963993,2.0757429999775923,1128.8988759999938,57.0
1780668485,5,,Aggregated,2.100000,0.000000,140,140,150,160,210,250,260,260,260,260,260,8755,0,160,455.2925521111363,2.0757429999775923,5243.598137000049,2716.151570531125
1780668486,5,POST,/api/book,1.800000,0.000000,140,140,160,170,250,260,260,260,260,260,260,6718,0,230,587.9127186149153,91.69946600002277,5243.598137000049,3382.1171479607024
1780668486,5,GET,/api/concerts,0.400000,0.000000,3,3,5,5,5,5,5,5,5,5,5,1364,0,3,18.96015295527699,2.099724000004244,1296.4690070000415,753.0
1780668486,5,GET,/health,0.000000,0.000000,3,3,3,3,3,3,3,3,3,3,3,675,0,3,16.163346162963993,2.0757429999775923,1128.8988759999938,57.0
1780668486,5,,Aggregated,2.200000,0.000000,140,140,150,160,210,250,260,260,260,260,260,8757,0,160,455.22091480484164,2.0757429999775923,5243.598137000049,2716.298960831335
1780668487,5,POST,/api/book,2.000000,0.000000,140,140,160,170,250,260,260,260,260,260,260,6721,0,230,587.7069443224225,91.69946600002277,5243.598137000049,3382.1150126469274
1780668487,5,GET,/api/concerts,0.400000,0.000000,3,3,5,5,5,5,5,5,5,5,5,1364,0,3,18.96015295527699,2.099724000004244,1296.4690070000415,753.0
1780668487,5,GET,/health,0.000000,0.000000,3,3,3,3,3,3,3,3,3,3,3,676,0,3,16.143340991125513,2.0757429999775923,1128.8988759999938,57.0
1780668487,5,,Aggregated,2.400000,0.000000,140,140,150,160,210,250,260,260,260,260,260,8761,0,160,455.0568336870219,2.0757429999775923,5243.598137000049,2716.2217783358064
1780668488,5,POST,/api/book,2.000000,0.000000,140,150,160,170,250,260,260,260,260,260,260,6721,0,230,587.7069443224225,91.69946600002277,5243.598137000049,3382.1150126469274
1780668488,5,GET,/api/concerts,0.400000,0.000000,3,3,5,5,5,5,5,5,5,5,5,1364,0,3,18.96015295527699,2.099724000004244,1296.4690070000415,753.0
1780668488,5,GET,/health,0.000000,0.000000,3,3,3,3,3,3,3,3,3,3,3,676,0,3,16.143340991125513,2.0757429999775923,1128.8988759999938,57.0
1780668488,5,,Aggregated,2.400000,0.000000,140,140,150,160,210,250,260,260,260,260,260,8761,0,160,455.0568336870219,2.0757429999775923,5243.598137000049,2716.2217783358064
1780668489,5,POST,/api/book,2.000000,0.000000,140,140,160,170,250,260,260,260,260,260,260,6723,0,230,587.5737760086274,91.69946600002277,5243.598137000049,3382.1149784322474
1780668489,5,GET,/api/concerts,0.400000,0.000000,3,3,5,5,5,5,5,5,5,5,5,1364,0,3,18.96015295527699,2.099724000004244,1296.4690070000415,753.0
1780668489,5,GET,/health,0.100000,0.000000,3,3,3,3,3,3,3,3,3,3,3,677,0,3,16.123506192025182,2.0757429999775923,1128.8988759999938,57.0
1780668489,5,,Aggregated,2.500000,0.000000,140,140,150,160,210,250,260,260,260,260,260,8764,0,160,454.93333619682784,2.0757429999775923,5243.598137000049,2716.070287539936
1780668490,5,POST,/api/book,2.000000,0.000000,140,140,140,150,160,170,170,170,170,170,170,6725,0,230,587.4419687983647,91.69946600002277,5243.598137000049,3382.115092936803
1780668490,5,GET,/api/concerts,0.300000,0.000000,3,3,5,5,5,5,5,5,5,5,5,1365,0,3,18.94826049963218,2.099724000004244,1296.4690070000415,753.0
1780668490,5,GET,/health,0.100000,0.000000,3,3,3,3,3,3,3,3,3,3,3,677,0,3,16.123506192025182,2.0757429999775923,1128.8988759999938,57.0
1780668490,5,,Aggregated,2.400000,0.000000,140,140,140,140,150,160,170,170,170,170,170,8767,0,160,454.8109078867343,2.0757429999775923,5243.598137000049,2715.9984031025438
1780668491,5,POST,/api/book,1.800000,0.000000,140,140,140,140,150,170,170,170,170,170,170,6728,0,230,587.2426000035675,91.69946600002277,5243.598137000049,3382.1083531510108
1780668491,5,GET,/api/concerts,0.300000,0.000000,3,3,5,5,5,5,5,5,5,5,5,1365,0,3,18.94826049963218,2.099724000004244,1296.4690070000415,753.0
1780668491,5,GET,/health,0.100000,0.000000,3,3,3,3,3,3,3,3,3,3,3,677,0,3,16.123506192025182,2.0757429999775923,1128.8988759999938,57.0
1780668491,5,,Aggregated,2.200000,0.000000,140,140,140,140,150,150,170,170,170,170,170,8770,0,160,454.70332977172177,2.0757429999775923,5243.598137000049,2716.221094640821
1780668492,5,POST,/api/book,1.800000,0.000000,140,140,140,140,150,150,150,150,150,150,150,6729,0,230,587.1761398377178,91.69946600002277,5243.598137000049,3382.1025412394115
1780668492,5,GET,/api/concerts,0.400000,0.000000,3,3,3,3,3,3,3,3,3,3,3,1367,0,3,18.924583724212162,2.099724000004244,1296.4690070000415,753.0
1780668492,5,GET,/health,0.200000,0.000000,3,3,3,3,3,3,3,3,3,3,3,677,0,3,16.123506192025182,2.0757429999775923,1128.8988759999938,57.0
1780668492,5,,Aggregated,2.400000,0.000000,140,140,140,140,140,150,150,150,150,150,150,8773,0,160,454.5644323049128,2.0757429999775923,5243.598137000049,2715.8449789125725
1780668493,5,POST,/api/book,1.800000,0.000000,140,140,140,140,140,150,150,150,150,150,150,6729,0,230,587.1761398377178,91.69946600002277,5243.598137000049,3382.1025412394115
1780668493,5,GET,/api/concerts,0.400000,0.000000,3,3,3,3,3,3,3,3,3,3,3,1367,0,3,18.924583724212162,2.099724000004244,1296.4690070000415,753.0
1780668493,5,GET,/health,0.200000,0.000000,3,3,3,3,3,3,3,3,3,3,3,677,0,3,16.123506192025182,2.0757429999775923,1128.8988759999938,57.0
1780668493,5,,Aggregated,2.400000,0.000000,140,140,140,140,140,140,150,150,150,150,150,8773,0,160,454.5644323049128,2.0757429999775923,5243.598137000049,2715.8449789125725
1780668494,5,POST,/api/book,1.900000,0.000000,140,140,140,140,150,150,150,150,150,150,150,6731,0,230,587.0448072669742,91.69946600002277,5243.598137000049,3382.113058980835
1780668494,5,GET,/api/concerts,0.300000,0.000000,3,3,3,3,3,3,3,3,3,3,3,1367,0,3,18.924583724212162,2.099724000004244,1296.4690070000415,753.0
1780668494,5,GET,/health,0.200000,0.000000,3,3,4,4,4,4,4,4,4,4,4,678,0,3,16.10548121239098,2.0757429999775923,1128.8988759999938,57.0
1780668494,5,,Aggregated,2.400000,0.000000,140,140,140,140,140,150,150,150,150,150,150,8776,0,160,454.4425729178442,2.0757429999775923,5243.598137000049,2715.7019143117595
1780668495,5,POST,/api/book,1.800000,0.000000,140,140,140,140,150,150,150,150,150,150,150,6734,0,230,586.8443943385809,91.69946600002277,5243.598137000049,3382.1189486189487
1780668495,5,GET,/api/concerts,0.400000,0.000000,3,3,3,3,3,3,3,3,3,3,3,1367,0,3,18.924583724212162,2.099724000004244,1296.4690070000415,753.0
1780668495,5,GET,/health,0.200000,0.000000,3,3,4,4,4,4,4,4,4,4,4,678,0,3,16.10548121239098,2.0757429999775923,1128.8988759999938,57.0
1780668495,5,,Aggregated,2.400000,0.000000,140,140,140,140,140,150,150,150,150,150,150,8779,0,160,454.33415806914235,2.0757429999775923,5243.598137000049,2715.934161066181
1780668496,5,POST,/api/book,1.700000,0.000000,140,140,140,140,150,150,150,150,150,150,150,6736,0,230,586.7116850771976,91.69946600002277,5243.598137000049,3382.1198040380045
1780668496,5,GET,/api/concerts,0.400000,0.000000,3,3,3,3,3,3,3,3,3,3,3,1367,0,3,18.924583724212162,2.099724000004244,1296.4690070000415,753.0
1780668496,5,GET,/health,0.200000,0.000000,3,3,4,4,4,4,4,4,4,4,4,678,0,3,16.10548121239098,2.0757429999775923,1128.8988759999938,57.0
1780668496,5,,Aggregated,2.300000,0.000000,140,140,140,140,140,150,150,150,150,150,150,8781,0,160,454.26253648707444,2.0757429999775923,5243.598137000049,2716.086550506776
1780668497,5,POST,/api/book,1.700000,0.000000,140,140,140,140,150,150,150,150,150,150,150,6739,0,230,586.5143710506014,91.69946600002277,5243.598137000049,3382.121234604541
1780668497,5,GET,/api/concerts,0.300000,0.000000,3,3,3,3,3,3,3,3,3,3,3,1367,0,3,18.924583724212162,2.099724000004244,1296.4690070000415,753.0
1780668497,5,GET,/health,0.300000,0.000000,4,4,4,4,4,4,4,4,4,4,4,678,0,3,16.10548121239098,2.0757429999775923,1128.8988759999938,57.0
1780668497,5,,Aggregated,2.300000,0.000000,140,140,140,140,150,150,150,150,150,150,150,8784,0,160,454.1563944356785,2.0757429999775923,5243.598137000049,2716.315118397086
1780668498,5,POST,/api/book,1.800000,0.000000,140,140,140,140,150,150,150,150,150,150,150,6740,0,230,586.4478391124634,91.69946600002277,5243.598137000049,3382.1183976261127
1780668498,5,GET,/api/concerts,0.300000,0.000000,3,3,3,3,3,3,3,3,3,3,3,1368,0,3,18.912665970027785,2.099724000004244,1296.4690070000415,753.0
1780668498,5,GET,/health,0.300000,0.000000,4,4,4,4,4,4,4,4,4,4,4,678,0,3,16.10548121239098,2.0757429999775923,1128.8988759999938,57.0
1780668498,5,,Aggregated,2.400000,0.000000,140,140,140,140,150,150,150,150,150,150,150,8786,0,160,454.0690278769634,2.0757429999775923,5243.598137000049,2716.165262918279
1780668499,5,POST,/api/book,1.800000,0.000000,140,140,140,140,150,150,150,150,150,150,150,6740,0,230,586.4478391124634,91.69946600002277,5243.598137000049,3382.1183976261127
1780668499,5,GET,/api/concerts,0.300000,0.000000,3,3,3,3,3,3,3,3,3,3,3,1368,0,3,18.912665970027785,2.099724000004244,1296.4690070000415,753.0
1780668499,5,GET,/health,0.300000,0.000000,4,4,4,4,4,4,4,4,4,4,4,678,0,3,16.10548121239098,2.0757429999775923,1128.8988759999938,57.0
1780668499,5,,Aggregated,2.400000,0.000000,140,140,140,140,150,150,150,150,150,150,150,8786,0,160,454.0690278769634,2.0757429999775923,5243.598137000049,2716.165262918279
1780668500,5,POST,/api/book,1.800000,0.000000,140,140,140,140,150,150,150,150,150,150,150,6743,0,230,586.2483655632512,91.69946600002277,5243.598137000049,3382.108112116269
1780668500,5,GET,/api/concerts,0.400000,0.000000,3,3,3,3,3,3,3,3,3,3,3,1369,0,3,18.900823934987628,2.099724000004244,1296.4690070000415,753.0
1780668500,5,GET,/health,0.200000,0.000000,4,4,4,4,4,4,4,4,4,4,4,678,0,3,16.10548121239098,2.0757429999775923,1128.8988759999938,57.0
1780668500,5,,Aggregated,2.400000,0.000000,140,140,140,140,140,150,150,150,150,150,150,8790,0,160,453.90983768168377,2.0757429999775923,5243.598137000049,2716.161319681456
1780668501,5,POST,/api/book,1.800000,0.000000,140,140,140,140,150,150,150,150,150,150,150,6744,0,230,586.1821657864773,91.69946600002277,5243.598137000049,3382.1023131672596
1780668501,5,GET,/api/concerts,0.400000,0.000000,3,3,3,3,3,3,3,3,3,3,3,1370,0,3,18.8889609175168,2.099724000004244,1296.4690070000415,753.0
1780668501,5,GET,/health,0.200000,0.000000,4,4,4,4,4,4,4,4,4,4,4,678,0,3,16.10548121239098,2.0757429999775923,1128.8988759999938,57.0
1780668501,5,,Aggregated,2.400000,0.000000,140,140,140,140,140,150,150,150,150,150,150,8792,0,160,453.8227842109873,2.0757429999775923,5243.598137000049,2716.0093266606004
1780668502,5,POST,/api/book,1.800000,0.000000,140,140,140,140,150,150,150,150,150,150,150,6747,0,230,585.984255271825,91.69946600002277,5243.598137000049,3382.1197569290057
1780668502,5,GET,/api/concerts,0.400000,0.000000,3,3,3,3,3,3,3,3,3,3,3,1371,0,3,18.8775600007279,2.099724000004244,1296.4690070000415,753.0
1780668502,5,GET,/health,0.100000,0.000000,4,4,4,4,4,4,4,4,4,4,4,678,0,3,16.10548121239098,2.0757429999775923,1128.8988759999938,57.0
1780668502,5,,Aggregated,2.300000,0.000000,140,140,140,140,140,150,150,150,150,150,150,8796,0,160,453.6648955595726,2.0757429999775923,5243.598137000049,2716.026716689404
1780668503,5,POST,/api/book,1.800000,0.000000,140,140,140,140,140,150,150,150,150,150,150,6747,0,230,585.984255271825,91.69946600002277,5243.598137000049,3382.1197569290057
1780668503,5,GET,/api/concerts,0.400000,0.000000,3,3,3,3,3,3,3,3,3,3,3,1371,0,3,18.8775600007279,2.099724000004244,1296.4690070000415,753.0
1780668503,5,GET,/health,0.100000,0.000000,4,4,4,4,4,4,4,4,4,4,4,678,0,3,16.10548121239098,2.0757429999775923,1128.8988759999938,57.0
1780668503,5,,Aggregated,2.300000,0.000000,140,140,140,140,140,140,150,150,150,150,150,8796,0,160,453.6648955595726,2.0757429999775923,5243.598137000049,2716.026716689404
1780668504,5,POST,/api/book,1.700000,0.000000,140,140,140,140,140,150,150,150,150,150,150,6750,0,230,585.7835615339264,91.69946600002277,5243.598137000049,3382.1234074074073
1780668504,5,GET,/api/concerts,0.500000,0.000000,3,3,3,3,3,3,3,3,3,3,3,1371,0,3,18.8775600007279,2.099724000004244,1296.4690070000415,753.0
1780668504,5,GET,/health,0.100000,0.000000,4,4,4,4,4,4,4,4,4,4,4,679,0,3,16.085906144331258,2.0757429999775923,1128.8988759999938,57.0
1780668504,5,,Aggregated,2.300000,0.000000,140,140,140,140,140,140,150,150,150,150,150,8800,0,160,453.5048301576137,2.0757429999775923,5243.598137000049,2715.954431818182
1780668505,5,POST,/api/book,1.700000,0.000000,140,140,140,140,140,150,150,150,150,150,150,6751,0,230,585.7177358317291,91.69946600002277,5243.598137000049,3382.123833506147
1780668505,5,GET,/api/concerts,0.500000,0.000000,3,3,3,3,3,3,3,3,3,3,3,1371,0,3,18.8775600007279,2.099724000004244,1296.4690070000415,753.0
1780668505,5,GET,/health,0.100000,0.000000,4,4,4,4,4,4,4,4,4,4,4,679,0,3,16.085906144331258,2.0757429999775923,1128.8988759999938,57.0
1780668505,5,,Aggregated,2.300000,0.000000,140,140,140,140,140,140,150,150,150,150,150,8801,0,160,453.46936707567335,2.0757429999775923,5243.598137000049,2716.030451085104
1780668506,5,POST,/api/book,1.800000,0.000000,140,140,140,140,180,210,210,210,210,210,210,6755,0,230,585.4705798572913,91.69946600002277,5243.598137000049,3382.1320503330867
1780668506,5,GET,/api/concerts,0.400000,0.000000,3,3,3,3,3,3,3,3,3,3,3,1372,0,3,18.86586870991103,2.099724000004244,1296.4690070000415,753.0
1780668506,5,GET,/health,0.100000,0.000000,4,4,4,4,4,4,4,4,4,4,4,679,0,3,16.085906144331258,2.0757429999775923,1128.8988759999938,57.0
1780668506,5,,Aggregated,2.300000,0.000000,140,140,140,140,150,180,210,210,210,210,210,8806,0,160,453.2886746625029,2.0757429999775923,5243.598137000049,2716.1163979105154
1780668507,5,POST,/api/book,1.800000,0.000000,140,140,140,140,180,210,210,210,210,210,210,6755,0,230,585.4705798572913,91.69946600002277,5243.598137000049,3382.1320503330867
1780668507,5,GET,/api/concerts,0.400000,0.000000,3,3,3,3,3,3,3,3,3,3,3,1372,0,3,18.86586870991103,2.099724000004244,1296.4690070000415,753.0
1780668507,5,GET,/health,0.100000,0.000000,4,4,4,4,4,4,4,4,4,4,4,679,0,3,16.085906144331258,2.0757429999775923,1128.8988759999938,57.0
1780668507,5,,Aggregated,2.300000,0.000000,140,140,140,140,140,180,210,210,210,210,210,8806,0,160,453.2886746625029,2.0757429999775923,5243.598137000049,2716.1163979105154
1780668508,5,POST,/api/book,1.800000,0.000000,140,140,140,180,210,240,240,240,240,240,240,6759,0,230,585.228042944075,91.69946600002277,5243.598137000049,3382.1257582482617
1780668508,5,GET,/api/concerts,0.400000,0.000000,3,3,3,22,22,22,22,22,22,22,22,1373,0,3,18.868352630734122,2.099724000004244,1296.4690070000415,753.0
1780668508,5,GET,/health,0.100000,0.000000,4,4,4,4,4,4,4,4,4,4,4,679,0,3,16.085906144331258,2.0757429999775923,1128.8988759999938,57.0
1780668508,5,,Aggregated,2.300000,0.000000,140,140,140,140,180,210,240,240,240,240,240,8811,0,160,453.1137124836001,2.0757429999775923,5243.598137000049,2716.1911247304506
1780668509,5,POST,/api/book,1.900000,0.000000,140,140,140,180,210,240,240,240,240,240,240,6760,0,230,585.1621186204147,91.69946600002277,5243.598137000049,3382.1238165680475
1780668509,5,GET,/api/concerts,0.500000,0.000000,3,3,3,22,22,22,22,22,22,22,22,1373,0,3,18.868352630734122,2.099724000004244,1296.4690070000415,753.0
1780668509,5,GET,/health,0.100000,0.000000,3,3,3,3,3,3,3,3,3,3,3,679,0,3,16.085906144331258,2.0757429999775923,1128.8988759999938,57.0
1780668509,5,,Aggregated,2.500000,0.000000,140,140,140,140,180,210,240,240,240,240,240,8812,0,160,453.07813212755343,2.0757429999775923,5243.598137000049,2716.265206536541
1780668510,5,POST,/api/book,1.800000,0.000000,140,140,140,180,210,240,240,240,240,240,240,6760,0,230,585.1621186204147,91.69946600002277,5243.598137000049,3382.1238165680475
1780668510,5,GET,/api/concerts,0.500000,0.000000,3,3,3,3,22,22,22,22,22,22,22,1375,0,3,18.845456048725776,2.099724000004244,1296.4690070000415,753.0
1780668510,5,GET,/health,0.100000,0.000000,3,3,3,3,3,3,3,3,3,3,3,679,0,3,16.085906144331258,2.0757429999775923,1128.8988759999938,57.0
1780668510,5,,Aggregated,2.400000,0.000000,140,140,140,140,180,210,240,240,240,240,240,8814,0,160,452.9760329263672,2.0757429999775923,5243.598137000049,2715.8197186294533
1780668511,5,POST,/api/book,1.900000,0.000000,140,140,180,210,260,290,290,290,290,290,290,6763,0,230,585.0055145902711,91.69946600002277,5243.598137000049,3382.13071122283
1780668511,5,GET,/api/concerts,0.500000,0.000000,3,3,3,3,22,22,22,22,22,22,22,1375,0,3,18.845456048725776,2.099724000004244,1296.4690070000415,753.0
1780668511,5,GET,/health,0.100000,0.000000,3,3,3,3,3,3,3,3,3,3,3,679,0,3,16.085906144331258,2.0757429999775923,1128.8988759999938,57.0
1780668511,5,,Aggregated,2.500000,0.000000,140,140,180,180,240,260,290,290,290,290,290,8817,0,160,452.9008877750937,2.0757429999775923,5243.598137000049,2716.0517182715207
1780668512,5,POST,/api/book,1.900000,0.000000,140,180,230,240,260,290,290,290,290,290,290,6765,0,230,584.9017799605327,91.69946600002277,5243.598137000049,3382.1259423503325
1780668512,5,GET,/api/concerts,0.400000,0.000000,3,3,3,3,22,22,22,22,22,22,22,1375,0,3,18.845456048725776,2.099724000004244,1296.4690070000415,753.0
1780668512,5,GET,/health,0.100000,0.000000,3,3,3,3,3,3,3,3,3,3,3,679,0,3,16.085906144331258,2.0757429999775923,1128.8988759999938,57.0
1780668512,5,,Aggregated,2.400000,0.000000,140,180,210,230,240,260,290,290,290,290,290,8819,0,160,452.85127268080294,2.0757429999775923,5243.598137000049,2716.1991155459805
1780668513,5,POST,/api/book,1.800000,0.000000,140,180,210,230,240,260,290,290,290,290,290,6769,0,230,584.6408122368155,91.69946600002277,5243.598137000049,3382.1202540995714
1780668513,5,GET,/api/concerts,0.600000,0.000000,3,3,22,22,22,22,22,22,22,22,22,1375,0,3,18.845456048725776,2.099724000004244,1296.4690070000415,753.0
1780668513,5,GET,/health,0.100000,0.000000,3,3,3,3,3,3,3,3,3,3,3,679,0,3,16.085906144331258,2.0757429999775923,1128.8988759999938,57.0
1780668513,5,,Aggregated,2.500000,0.000000,140,160,180,210,240,260,290,290,290,290,290,8823,0,160,452.71092489742733,2.0757429999775923,5243.598137000049,2716.4966564660544
1780668514,5,POST,/api/book,1.800000,0.000000,140,180,230,240,260,290,290,290,290,290,290,6771,0,230,584.5035191033826,91.69946600002277,5243.598137000049,3382.114901787033
1780668514,5,GET,/api/concerts,0.400000,0.000000,3,3,22,22,22,22,22,22,22,22,22,1375,0,3,18.845456048725776,2.099724000004244,1296.4690070000415,753.0
1780668514,5,GET,/health,0.100000,0.000000,3,3,3,3,3,3,3,3,3,3,3,679,0,3,16.085906144331258,2.0757429999775923,1128.8988759999938,57.0
1780668514,5,,Aggregated,2.300000,0.000000,140,160,210,230,240,260,290,290,290,290,290,8825,0,160,452.6354855737111,2.0757429999775923,5243.598137000049,2716.643399433428
1780668515,5,POST,/api/book,2.000000,0.000000,140,160,230,240,260,290,290,290,290,290,290,6772,0,230,584.4375248945664,91.69946600002277,5243.598137000049,3382.1172474896634
1780668515,5,GET,/api/concerts,0.400000,0.000000,3,3,22,22,22,22,22,22,22,22,22,1375,0,3,18.845456048725776,2.099724000004244,1296.4690070000415,753.0
1780668515,5,GET,/health,0.100000,0.000000,3,3,3,3,3,3,3,3,3,3,3,679,0,3,16.085906144331258,2.0757429999775923,1128.8988759999938,57.0
1780668515,5,,Aggregated,2.500000,0.000000,140,140,180,230,240,260,290,290,290,290,290,8826,0,160,452.59979049682767,2.0757429999775923,5243.598137000049,2716.720598232495
1780668516,5,POST,/api/book,2.200000,0.000000,140,180,230,240,260,290,290,290,290,290,290,6774,0,230,584.312510439475,91.69946600002277,5243.598137000049,3382.1121936817244
1780668516,5,GET,/api/concerts,0.400000,0.000000,3,3,22,22,22,22,22,22,22,22,22,1375,0,3,18.845456048725776,2.099724000004244,1296.4690070000415,753.0
1780668516,5,GET,/health,0.100000,0.000000,3,3,3,3,3,3,3,3,3,3,3,679,0,3,16.085906144331258,2.0757429999775923,1128.8988759999938,57.0
1780668516,5,,Aggregated,2.700000,0.000000,140,160,180,230,240,260,290,290,290,290,290,8828,0,160,452.53373108926155,2.0757429999775923,5243.598137000049,2716.8674671499775
1780668517,5,POST,/api/book,2.200000,0.000000,140,160,230,240,260,290,290,290,290,290,290,6776,0,230,584.1816426599769,91.69946600002277,5243.598137000049,3382.1099468713105
1780668517,5,GET,/api/concerts,0.400000,0.000000,3,3,22,22,22,22,22,22,22,22,22,1376,0,3,18.83357129941718,2.099724000004244,1296.4690070000415,753.0
1780668517,5,GET,/health,0.100000,0.000000,3,3,3,3,3,3,3,3,3,3,3,679,0,3,16.085906144331258,2.0757429999775923,1128.8988759999938,57.0
1780668517,5,,Aggregated,2.700000,0.000000,140,140,180,230,240,260,290,290,290,290,290,8831,0,160,452.4121996426227,2.0757429999775923,5243.598137000049,2716.7940210621673
1780668518,5,POST,/api/book,1.900000,0.000000,140,140,180,230,260,290,290,290,290,290,290,6777,0,230,584.1163589814083,91.69946600002277,5243.598137000049,3382.1093404161134
1780668518,5,GET,/api/concerts,0.400000,0.000000,3,3,3,3,3,3,3,3,3,3,3,1377,0,3,18.821958427739936,2.099724000004244,1296.4690070000415,753.0
1780668518,5,GET,/health,0.000000,0.000000,3,3,3,3,3,3,3,3,3,3,3,679,0,3,16.085906144331258,2.0757429999775923,1128.8988759999938,57.0
1780668518,5,,Aggregated,2.300000,0.000000,140,140,160,180,240,260,290,290,290,290,290,8833,0,160,452.3261328930149,2.0757429999775923,5243.598137000049,2716.646552700102
1780668519,5,POST,/api/book,2.100000,0.000000,140,150,180,230,260,290,290,290,290,290,290,6780,0,230,583.9217624973458,91.69946600002277,5243.598137000049,3382.1061946902655
1780668519,5,GET,/api/concerts,0.400000,0.000000,3,3,3,3,3,3,3,3,3,3,3,1377,0,3,18.821958427739936,2.099724000004244,1296.4690070000415,753.0
1780668519,5,GET,/health,0.000000,0.000000,3,3,3,3,3,3,3,3,3,3,3,679,0,3,16.085906144331258,2.0757429999775923,1128.8988759999938,57.0
1780668519,5,,Aggregated,2.500000,0.000000,140,140,160,180,240,260,290,290,290,290,290,8836,0,160,452.2215614258715,2.0757429999775923,5243.598137000049,2716.8700769578995
1780668520,5,POST,/api/book,1.900000,0.000000,140,150,180,230,260,290,290,290,290,290,290,6781,0,230,583.8566574733821,91.69946600002277,5243.598137000049,3382.1072113257633
1780668520,5,GET,/api/concerts,0.300000,0.000000,3,3,3,3,3,3,3,3,3,3,3,1378,0,3,18.810426386790915,2.099724000004244,1296.4690070000415,753.0
1780668520,5,GET,/health,0.000000,0.000000,3,3,3,3,3,3,3,3,3,3,3,679,0,3,16.085906144331258,2.0757429999775923,1128.8988759999938,57.0
1780668520,5,,Aggregated,2.200000,0.000000,140,140,160,180,240,260,290,290,290,290,290,8838,0,160,452.1356746051144,2.0757429999775923,5243.598137000049,2716.723919438787
1780668521,5,POST,/api/book,1.900000,0.000000,140,140,150,160,230,240,240,240,240,240,240,6782,0,230,583.7930240732828,91.69946600002277,5243.598137000049,3382.1035092892953
1780668521,5,GET,/api/concerts,0.400000,0.000000,3,3,3,3,3,3,3,3,3,3,3,1380,0,3,18.787593166665005,2.099724000004244,1296.4690070000415,753.0
1780668521,5,GET,/health,0.000000,0.000000,3,3,3,3,3,3,3,3,3,3,3,679,0,3,16.085906144331258,2.0757429999775923,1128.8988759999938,57.0
1780668521,5,,Aggregated,2.300000,0.000000,140,140,150,150,180,230,240,240,240,240,240,8841,0,160,452.00016944994917,2.0757429999775923,5243.598137000049,2716.3521094898765
1780668522,5,POST,/api/book,2.000000,0.000000,140,140,140,150,160,180,180,180,180,180,180,6786,0,220,583.5311996124381,91.69946600002277,5243.598137000049,3382.095785440613
1780668522,5,GET,/api/concerts,0.400000,0.000000,3,3,3,3,3,3,3,3,3,3,3,1380,0,3,18.787593166665005,2.099724000004244,1296.4690070000415,753.0
1780668522,5,GET,/health,0.000000,0.000000,0,0,0,0,0,0,0,0,0,0,0,679,0,3,16.085906144331258,2.0757429999775923,1128.8988759999938,57.0
1780668522,5,,Aggregated,2.400000,0.000000,140,140,140,140,150,160,180,180,180,180,180,8845,0,160,451.8588953546638,2.0757429999775923,5243.598137000049,2716.647258338044
1780668523,5,POST,/api/book,2.100000,0.000000,140,140,140,140,150,180,180,180,180,180,180,6786,0,220,583.5311996124381,91.69946600002277,5243.598137000049,3382.095785440613
1780668523,5,GET,/api/concerts,0.300000,0.000000,3,3,3,3,3,3,3,3,3,3,3,1381,0,3,18.776253839245282,2.099724000004244,1296.4690070000415,753.0
1780668523,5,GET,/health,0.000000,0.000000,0,0,0,0,0,0,0,0,0,0,0,679,0,3,16.085906144331258,2.0757429999775923,1128.8988759999938,57.0
1780668523,5,,Aggregated,2.400000,0.000000,140,140,140,140,150,150,180,180,180,180,180,8846,0,160,451.80816836920656,2.0757429999775923,5243.598137000049,2716.4252769613386
1780668524,5,POST,/api/book,2.000000,0.000000,140,140,140,140,150,180,180,180,180,180,180,6788,0,220,583.399797425752,91.69946600002277,5243.598137000049,3382.0897171479082
1780668524,5,GET,/api/concerts,0.500000,0.000000,3,3,3,3,3,3,3,3,3,3,3,1381,0,3,18.776253839245282,2.099724000004244,1296.4690070000415,753.0
1780668524,5,GET,/health,0.000000,0.000000,0,0,0,0,0,0,0,0,0,0,0,679,0,3,16.085906144331258,2.0757429999775923,1128.8988759999938,57.0
1780668524,5,,Aggregated,2.500000,0.000000,140,140,140,140,150,150,180,180,180,180,180,8848,0,160,451.73713401333646,2.0757429999775923,5243.598137000049,2716.571089511754
1780668525,5,POST,/api/book,1.900000,0.000000,140,140,140,140,150,180,180,180,180,180,180,6791,0,220,583.2029243619502,91.69946600002277,5243.598137000049,3382.0963039316744
1780668525,5,GET,/api/concerts,0.500000,0.000000,3,3,3,3,3,3,3,3,3,3,3,1381,0,3,18.776253839245282,2.099724000004244,1296.4690070000415,753.0
1780668525,5,GET,/health,0.000000,0.000000,0,0,0,0,0,0,0,0,0,0,0,679,0,3,16.085906144331258,2.0757429999775923,1128.8988759999938,57.0
1780668525,5,,Aggregated,2.400000,0.000000,140,140,140,140,150,150,180,180,180,180,180,8851,0,160,451.6307079613604,2.0757429999775923,5243.598137000049,2716.801717320077
1780668526,5,POST,/api/book,1.600000,0.000000,140,140,140,150,180,350,360,360,360,360,360,6794,0,220,583.0712413535477,91.69946600002277,5243.598137000049,3382.1012658227846
1780668526,5,GET,/api/concerts,0.600000,0.000000,3,3,3,3,3,3,3,3,3,3,3,1381,0,3,18.776253839245282,2.099724000004244,1296.4690070000415,753.0
1780668526,5,GET,/health,0.000000,0.000000,0,0,0,0,0,0,0,0,0,0,0,679,0,3,16.085906144331258,2.0757429999775923,1128.8988759999938,57.0
1780668526,5,,Aggregated,2.200000,0.000000,140,140,140,140,180,350,360,360,360,360,360,8854,0,160,451.57424334538064,2.0757429999775923,5243.598137000049,2717.0309464648744
1780668527,5,POST,/api/book,1.900000,0.000000,140,140,140,140,150,350,360,360,360,360,360,6797,0,220,582.8694432367226,91.69946600002277,5243.598137000049,3382.1013682506987
1780668527,5,GET,/api/concerts,0.600000,0.000000,3,3,3,3,3,3,3,3,3,3,3,1381,0,3,18.776253839245282,2.099724000004244,1296.4690070000415,753.0
1780668527,5,GET,/health,0.000000,0.000000,0,0,0,0,0,0,0,0,0,0,0,679,0,3,16.085906144331258,2.0757429999775923,1128.8988759999938,57.0
1780668527,5,,Aggregated,2.500000,0.000000,140,140,140,140,150,350,360,360,360,360,360,8857,0,160,451.4639203459411,2.0757429999775923,5243.598137000049,2717.2562944563624
1780668528,5,POST,/api/book,2.000000,0.000000,140,140,140,150,350,360,360,360,360,360,360,6798,0,220,582.8044202940576,91.69946600002277,5243.598137000049,3382.105619299794
1780668528,5,GET,/api/concerts,0.600000,0.000000,3,3,3,3,3,3,3,3,3,3,3,1383,0,3,18.75322887852326,2.099724000004244,1296.4690070000415,753.0
1780668528,5,GET,/health,0.000000,0.000000,0,0,0,0,0,0,0,0,0,0,0,679,0,3,16.085906144331258,2.0757429999775923,1128.8988759999938,57.0
1780668528,5,,Aggregated,2.600000,0.000000,140,140,140,140,150,350,360,360,360,360,360,8860,0,160,451.3275953690745,2.0757429999775923,5243.598137000049,2716.891196388262
1780668529,5,POST,/api/book,1.900000,0.000000,140,140,140,140,350,360,360,360,360,360,360,6798,0,220,582.8044202940576,91.69946600002277,5243.598137000049,3382.105619299794
1780668529,5,GET,/api/concerts,0.500000,0.000000,3,3,3,3,3,3,3,3,3,3,3,1384,0,3,18.74174117485378,2.099724000004244,1296.4690070000415,753.0
1780668529,5,GET,/health,0.000000,0.000000,0,0,0,0,0,0,0,0,0,0,0,679,0,3,16.085906144331258,2.0757429999775923,1128.8988759999938,57.0
1780668529,5,,Aggregated,2.400000,0.000000,140,140,140,140,150,350,360,360,360,360,360,8861,0,160,451.2769833220856,2.0757429999775923,5243.598137000049,2716.6695632547116
1780668530,5,POST,/api/book,2.100000,0.000000,140,140,140,140,350,360,360,360,360,360,360,6800,0,220,582.6745612904417,91.69946600002277,5243.598137000049,3382.109264705882
1780668530,5,GET,/api/concerts,0.500000,0.000000,3,3,3,3,3,3,3,3,3,3,3,1384,0,3,18.74174117485378,2.099724000004244,1296.4690070000415,753.0
1780668530,5,GET,/health,0.000000,0.000000,0,0,0,0,0,0,0,0,0,0,0,679,0,3,16.085906144331258,2.0757429999775923,1128.8988759999938,57.0
1780668530,5,,Aggregated,2.600000,0.000000,140,140,140,140,140,350,360,360,360,360,360,8863,0,160,451.2070311218549,2.0757429999775923,5243.598137000049,2716.8225205912217
1780668531,5,POST,/api/book,2.000000,0.000000,140,140,140,140,350,360,360,360,360,360,360,6803,0,220,582.4781775892993,91.69946600002277,5243.598137000049,3382.106570630604
1780668531,5,GET,/api/concerts,0.600000,0.000000,3,3,3,3,3,3,3,3,3,3,3,1384,0,3,18.74174117485378,2.099724000004244,1296.4690070000415,753.0
1780668531,5,GET,/health,0.000000,0.000000,0,0,0,0,0,0,0,0,0,0,0,679,0,3,16.085906144331258,2.0757429999775923,1128.8988759999938,57.0
1780668531,5,,Aggregated,2.600000,0.000000,140,140,140,140,140,350,360,360,360,360,360,8866,0,160,451.100828129709,2.0757429999775923,5243.598137000049,2717.0455673358897
1780668532,5,POST,/api/book,1.900000,0.000000,140,140,140,140,140,350,360,360,360,360,360,6805,0,220,582.348371965614,91.69946600002277,5243.598137000049,3382.100955180015
1780668532,5,GET,/api/concerts,0.700000,0.000000,3,3,3,3,3,3,3,3,3,3,3,1384,0,3,18.74174117485378,2.099724000004244,1296.4690070000415,753.0
1780668532,5,GET,/health,0.000000,0.000000,0,0,0,0,0,0,0,0,0,0,0,679,0,3,16.085906144331258,2.0757429999775923,1128.8988759999938,57.0
1780668532,5,,Aggregated,2.600000,0.000000,140,140,140,140,140,350,360,360,360,360,360,8868,0,160,451.03084926522325,2.0757429999775923,5243.598137000049,2717.191249436175
1780668533,5,POST,/api/book,1.900000,0.000000,140,140,140,140,140,350,360,360,360,360,360,6807,0,220,582.2138015893937,91.69946600002277,5243.598137000049,3382.10151314823
1780668533,5,GET,/api/concerts,0.600000,0.000000,3,3,3,3,3,3,3,3,3,3,3,1384,0,3,18.74174117485378,2.099724000004244,1296.4690070000415,753.0
1780668533,5,GET,/health,0.000000,0.000000,0,0,0,0,0,0,0,0,0,0,0,679,0,3,16.085906144331258,2.0757429999775923,1128.8988759999938,57.0
1780668533,5,,Aggregated,2.500000,0.000000,140,140,140,140,140,350,360,360,360,360,360,8870,0,160,450.9571868632469,2.0757429999775923,5243.598137000049,2717.3416009019165
1780668534,5,POST,/api/book,2.000000,0.000000,140,140,140,140,340,350,360,360,360,360,360,6811,0,220,582.0102355889007,91.69946600002277,5243.598137000049,3382.113052415211
1780668534,5,GET,/api/concerts,0.400000,0.000000,3,3,3,3,3,3,3,3,3,3,3,1384,0,3,18.74174117485378,2.099724000004244,1296.4690070000415,753.0
1780668534,5,GET,/health,0.000000,0.000000,0,0,0,0,0,0,0,0,0,0,0,679,0,3,16.085906144331258,2.0757429999775923,1128.8988759999938,57.0
1780668534,5,,Aggregated,2.400000,0.000000,140,140,140,140,340,350,360,360,360,360,360,8874,0,160,450.8601098325445,2.0757429999775923,5243.598137000049,2717.6501014198784
1780668535,5,POST,/api/book,1.900000,0.000000,140,140,140,320,350,360,360,360,360,360,360,6811,0,220,582.0102355889007,91.69946600002277,5243.598137000049,3382.113052415211
1780668535,5,GET,/api/concerts,0.400000,0.000000,3,3,3,3,3,3,3,3,3,3,3,1385,0,3,18.73053076967345,2.099724000004244,1296.4690070000415,753.0
1780668535,5,GET,/health,0.000000,0.000000,0,0,0,0,0,0,0,0,0,0,0,679,0,3,16.085906144331258,2.0757429999775923,1128.8988759999938,57.0
1780668535,5,,Aggregated,2.300000,0.000000,140,140,140,140,340,350,360,360,360,360,360,8875,0,160,450.80967098411264,2.0757429999775923,5243.598137000049,2717.4287323943663
1780668536,5,POST,/api/book,2.300000,0.000000,140,140,140,140,320,340,340,340,340,340,340,6812,0,220,581.9584276369646,91.69946600002277,5243.598137000049,3382.1140634174985
1780668536,5,GET,/api/concerts,0.300000,0.000000,3,3,3,3,3,3,3,3,3,3,3,1385,0,3,18.73053076967345,2.099724000004244,1296.4690070000415,753.0
1780668536,5,GET,/health,0.000000,0.000000,0,0,0,0,0,0,0,0,0,0,0,680,0,3,16.06687433823637,2.0757429999775923,1128.8988759999938,57.0
1780668536,5,,Aggregated,2.600000,0.000000,140,140,140,140,230,320,340,340,340,340,340,8877,0,160,450.7342648111974,2.0757429999775923,5243.598137000049,2717.2046862678835
1780668537,5,POST,/api/book,2.100000,0.000000,140,140,140,230,320,340,340,340,340,340,340,6816,0,220,581.7165154204818,91.69946600002277,5243.598137000049,3382.1147300469484
1780668537,5,GET,/api/concerts,0.300000,0.000000,3,3,3,3,3,3,3,3,3,3,3,1385,0,3,18.73053076967345,2.099724000004244,1296.4690070000415,753.0
1780668537,5,GET,/health,0.000000,0.000000,3,3,3,3,3,3,3,3,3,3,3,680,0,3,16.06687433823637,2.0757429999775923,1128.8988759999938,57.0
1780668537,5,,Aggregated,2.400000,0.000000,140,140,140,140,250,320,340,340,340,340,340,8881,0,160,450.60770507510415,2.0757429999775923,5243.598137000049,2717.504672897196
1780668538,5,POST,/api/book,1.900000,0.000000,140,140,140,230,320,340,340,340,340,340,340,6817,0,220,581.6517115282387,91.69946600002277,5243.598137000049,3382.1142731406776
1780668538,5,GET,/api/concerts,0.400000,0.000000,3,3,3,3,3,3,3,3,3,3,3,1385,0,3,18.73053076967345,2.099724000004244,1296.4690070000415,753.0
1780668538,5,GET,/health,0.000000,0.000000,3,3,3,3,3,3,3,3,3,3,3,680,0,3,16.06687433823637,2.0757429999775923,1128.8988759999938,57.0
1780668538,5,,Aggregated,2.300000,0.000000,140,140,140,140,250,320,340,340,340,340,340,8882,0,160,450.5727287946408,2.0757429999775923,5243.598137000049,2717.579148840351
1780668539,5,POST,/api/book,1.800000,0.000000,140,140,150,180,250,320,340,340,340,340,340,6820,0,220,581.4642852269799,91.69946600002277,5243.598137000049,3382.11715542522
1780668539,5,GET,/api/concerts,0.400000,0.000000,3,3,3,3,3,3,3,3,3,3,3,1385,0,3,18.73053076967345,2.099724000004244,1296.4690070000415,753.0
1780668539,5,GET,/health,0.100000,0.000000,3,3,3,3,3,3,3,3,3,3,3,680,0,3,16.06687433823637,2.0757429999775923,1128.8988759999938,57.0
1780668539,5,,Aggregated,2.300000,0.000000,140,140,150,180,250,320,340,340,340,340,340,8885,0,160,450.4731215435002,2.0757429999775923,5243.598137000049,2717.805740011255
1780668540,5,POST,/api/book,1.900000,0.000000,140,140,180,230,320,340,340,340,340,340,340,6821,0,220,581.4000013039148,91.69946600002277,5243.598137000049,3382.1165518252456
1780668540,5,GET,/api/concerts,0.400000,0.000000,3,3,3,3,3,3,3,3,3,3,3,1385,0,3,18.73053076967345,2.099724000004244,1296.4690070000415,753.0
1780668540,5,GET,/health,0.100000,0.000000,3,3,3,3,3,3,3,3,3,3,3,680,0,3,16.06687433823637,2.0757429999775923,1128.8988759999938,57.0
1780668540,5,,Aggregated,2.400000,0.000000,140,140,150,180,250,320,340,340,340,340,340,8886,0,160,450.43851773126255,2.0757429999775923,5243.598137000049,2717.880036011704
1780668541,5,POST,/api/book,2.000000,0.000000,140,140,180,180,250,320,340,340,340,340,340,6824,0,220,581.2104871818585,91.69946600002277,5243.598137000049,3382.113862837046
1780668541,5,GET,/api/concerts,0.200000,0.000000,3,3,3,3,3,3,3,3,3,3,3,1386,0,3,18.71897087301424,2.099724000004244,1296.4690070000415,753.0
1780668541,5,GET,/health,0.100000,0.000000,3,3,3,3,3,3,3,3,3,3,3,680,0,3,16.06687433823637,2.0757429999775923,1128.8988759999938,57.0
1780668541,5,,Aggregated,2.300000,0.000000,140,140,180,180,250,320,340,340,340,340,340,8890,0,160,450.2868765701911,2.0757429999775923,5243.598137000049,2717.8811023622047
1780668542,5,POST,/api/book,2.100000,0.000000,140,150,180,230,250,320,340,340,340,340,340,6826,0,220,581.0936895096694,91.69946600002277,5243.598137000049,3382.119542924114
1780668542,5,GET,/api/concerts,0.100000,0.000000,3,3,3,3,3,3,3,3,3,3,3,1386,0,3,18.71897087301424,2.099724000004244,1296.4690070000415,753.0
1780668542,5,GET,/health,0.100000,0.000000,5,5,5,5,5,5,5,5,5,5,5,681,0,3,16.05112931424477,2.0757429999775923,1128.8988759999938,57.0
1780668542,5,,Aggregated,2.300000,0.000000,140,140,180,230,250,320,340,340,340,340,340,8893,0,160,450.17663749983126,2.0757429999775923,5243.598137000049,2717.735634768919
1780668543,5,POST,/api/book,2.100000,0.000000,140,150,180,180,230,250,250,250,250,250,250,6827,0,220,581.0298944375279,91.69946600002277,5243.598137000049,3382.1234802988133
1780668543,5,GET,/api/concerts,0.200000,0.000000,3,3,3,3,3,3,3,3,3,3,3,1386,0,3,18.71897087301424,2.099724000004244,1296.4690070000415,753.0
1780668543,5,GET,/health,0.100000,0.000000,3,3,5,5,5,5,5,5,5,5,5,682,0,3,16.032390401760637,2.0757429999775923,1128.8988759999938,57.0
1780668543,5,,Aggregated,2.400000,0.000000,140,140,150,180,230,230,250,250,250,250,250,8895,0,160,450.0921498829679,2.0757429999775923,5243.598137000049,2717.5142214727375
1780668544,5,POST,/api/book,2.100000,0.000000,140,150,180,180,230,250,250,250,250,250,250,6827,0,220,581.0298944375279,91.69946600002277,5243.598137000049,3382.1234802988133
1780668544,5,GET,/api/concerts,0.200000,0.000000,3,3,3,3,3,3,3,3,3,3,3,1386,0,3,18.71897087301424,2.099724000004244,1296.4690070000415,753.0
1780668544,5,GET,/health,0.100000,0.000000,3,3,5,5,5,5,5,5,5,5,5,682,0,3,16.032390401760637,2.0757429999775923,1128.8988759999938,57.0
1780668544,5,,Aggregated,2.400000,0.000000,140,140,150,180,230,230,250,250,250,250,250,8895,0,160,450.0921498829679,2.0757429999775923,5243.598137000049,2717.5142214727375
1780668545,5,POST,/api/book,2.100000,0.000000,140,150,180,180,230,250,250,250,250,250,250,6830,0,220,580.8362931726213,91.69946600002277,5243.598137000049,3382.1308931185945
1780668545,5,GET,/api/concerts,0.200000,0.000000,3,3,3,3,3,3,3,3,3,3,3,1387,0,3,18.70749278947197,2.099724000004244,1296.4690070000415,753.0
1780668545,5,GET,/health,0.200000,0.000000,3,3,5,5,5,5,5,5,5,5,5,682,0,3,16.032390401760637,2.0757429999775923,1128.8988759999938,57.0
1780668545,5,,Aggregated,2.500000,0.000000,140,140,150,180,230,230,250,250,250,250,250,8899,0,160,449.9374384899426,2.0757429999775923,5243.598137000049,2717.523204854478
1780668546,5,POST,/api/book,2.100000,0.000000,140,140,150,150,180,230,230,230,230,230,230,6831,0,220,580.7714738528771,91.69946600002277,5243.598137000049,3382.128970868101
1780668546,5,GET,/api/concerts,0.200000,0.000000,3,3,3,3,3,3,3,3,3,3,3,1387,0,3,18.70749278947197,2.099724000004244,1296.4690070000415,753.0
1780668546,5,GET,/health,0.200000,0.000000,3,3,5,5,5,5,5,5,5,5,5,682,0,3,16.032390401760637,2.0757429999775923,1128.8988759999938,57.0
1780668546,5,,Aggregated,2.500000,0.000000,140,140,140,150,180,180,230,230,230,230,230,8900,0,160,449.9023955777527,2.0757429999775923,5243.598137000049,2717.596404494382
1780668547,5,POST,/api/book,1.800000,0.000000,140,150,150,180,190,230,230,230,230,230,230,6833,0,220,580.6497037790141,91.69946600002277,5243.598137000049,3382.125420752232
1780668547,5,GET,/api/concerts,0.300000,0.000000,3,3,3,3,3,3,3,3,3,3,3,1388,0,3,18.695995000718806,2.099724000004244,1296.4690070000415,753.0
1780668547,5,GET,/health,0.300000,0.000000,3,3,5,5,5,5,5,5,5,5,5,682,0,3,16.032390401760637,2.0757429999775923,1128.8988759999938,57.0
1780668547,5,,Aggregated,2.400000,0.000000,140,140,150,150,180,190,230,230,230,230,230,8903,0,160,449.7881115620577,2.0757429999775923,5243.598137000049,2717.5222958553295
1780668548,5,POST,/api/book,2.000000,0.000000,140,150,160,180,190,230,230,230,230,230,230,6836,0,220,580.459930439585,91.69946600002277,5243.598137000049,3382.130778232885
1780668548,5,GET,/api/concerts,0.200000,0.000000,3,3,3,3,3,3,3,3,3,3,3,1389,0,3,18.684516569472844,2.099724000004244,1296.4690070000415,753.0
1780668548,5,GET,/health,0.300000,0.000000,3,3,5,5,5,5,5,5,5,5,5,682,0,3,16.032390401760637,2.0757429999775923,1128.8988759999938,57.0
1780668548,5,,Aggregated,2.500000,0.000000,140,140,150,160,180,190,230,230,230,230,230,8907,0,160,449.6363498657235,2.0757429999775923,5243.598137000049,2717.5296957449195
1780668549,5,POST,/api/book,1.900000,0.000000,140,140,150,160,190,230,230,230,230,230,230,6837,0,220,580.395647344011,91.69946600002277,5243.598137000049,3382.1276875822728
1780668549,5,GET,/api/concerts,0.300000,0.000000,3,3,3,3,3,3,3,3,3,3,3,1389,0,3,18.684516569472844,2.099724000004244,1296.4690070000415,753.0
1780668549,5,GET,/health,0.200000,0.000000,5,5,5,5,5,5,5,5,5,5,5,682,0,3,16.032390401760637,2.0757429999775923,1128.8988759999938,57.0
1780668549,5,,Aggregated,2.400000,0.000000,140,140,140,150,180,190,230,230,230,230,230,8908,0,160,449.60169787382125,2.0757429999775923,5243.598137000049,2717.6019308486752
1780668550,5,POST,/api/book,1.900000,0.000000,140,140,160,180,190,230,230,230,230,230,230,6837,0,220,580.395647344011,91.69946600002277,5243.598137000049,3382.1276875822728
1780668550,5,GET,/api/concerts,0.300000,0.000000,3,3,3,3,3,3,3,3,3,3,3,1389,0,3,18.684516569472844,2.099724000004244,1296.4690070000415,753.0
1780668550,5,GET,/health,0.200000,0.000000,5,5,5,5,5,5,5,5,5,5,5,682,0,3,16.032390401760637,2.0757429999775923,1128.8988759999938,57.0
1780668550,5,,Aggregated,2.400000,0.000000,140,140,150,160,190,230,230,230,230,230,230,8908,0,160,449.60169787382125,2.0757429999775923,5243.598137000049,2717.6019308486752
1780668551,5,POST,/api/book,1.800000,0.000000,140,160,230,400,700,780,780,780,780,780,780,6842,0,220,580.3233381976036,91.69946600002277,5243.598137000049,3382.1229172756503
1780668551,5,GET,/api/concerts,0.400000,0.000000,3,3,3,3,3,3,3,3,3,3,3,1389,0,3,18.684516569472844,2.099724000004244,1296.4690070000415,753.0
1780668551,5,GET,/health,0.200000,0.000000,5,5,5,5,5,5,5,5,5,5,5,682,0,3,16.032390401760637,2.0757429999775923,1128.8988759999938,57.0
1780668551,5,,Aggregated,2.400000,0.000000,140,150,190,230,420,700,780,780,780,780,780,8913,0,160,449.6195628539212,2.0757429999775923,5243.598137000049,2717.9710535173344
1780668552,5,POST,/api/book,1.700000,0.000000,140,190,220,400,700,780,780,780,780,780,780,6843,0,220,580.2700612590974,91.69946600002277,5243.598137000049,3382.121876370013
1780668552,5,GET,/api/concerts,0.400000,0.000000,3,3,3,3,3,3,3,3,3,3,3,1389,0,3,18.684516569472844,2.099724000004244,1296.4690070000415,753.0
1780668552,5,GET,/health,0.200000,0.000000,3,3,3,3,3,3,3,3,3,3,3,682,0,3,16.032390401760637,2.0757429999775923,1128.8988759999938,57.0
1780668552,5,,Aggregated,2.300000,0.000000,140,150,190,220,420,700,780,780,780,780,780,8914,0,160,449.59332656102754,2.0757429999775923,5243.598137000049,2718.0447610500337
1780668553,5,POST,/api/book,1.600000,0.000000,140,190,220,400,700,780,780,780,780,780,780,6846,0,220,580.0886970891037,91.69946600002277,5243.598137000049,3382.128542214432
1780668553,5,GET,/api/concerts,0.300000,0.000000,3,3,3,3,3,3,3,3,3,3,3,1389,0,3,18.684516569472844,2.099724000004244,1296.4690070000415,753.0
1780668553,5,GET,/health,0.200000,0.000000,3,3,3,3,3,3,3,3,3,3,3,683,0,3,16.012645937043526,2.0757429999775923,1128.8988759999938,57.0
1780668553,5,,Aggregated,2.100000,0.000000,140,160,220,220,420,700,780,780,780,780,780,8918,0,160,449.4479312583539,2.0757429999775923,5243.598137000049,2717.9748822605966
1780668554,5,POST,/api/book,1.800000,0.000000,140,220,220,400,700,780,780,780,780,780,780,6846,0,220,580.0886970891037,91.69946600002277,5243.598137000049,3382.128542214432
1780668554,5,GET,/api/concerts,0.300000,0.000000,3,3,3,3,3,3,3,3,3,3,3,1390,0,3,18.672940190645793,2.099724000004244,1296.4690070000415,753.0
1780668554,5,GET,/health,0.200000,0.000000,3,3,3,3,3,3,3,3,3,3,3,683,0,3,16.012645937043526,2.0757429999775923,1128.8988759999938,57.0
1780668554,5,,Aggregated,2.300000,0.000000,140,160,220,220,420,700,780,780,780,780,780,8919,0,160,449.39782983652873,2.0757429999775923,5243.598137000049,2717.7545688978585
1780668555,5,POST,/api/book,1.800000,0.000000,160,220,260,400,700,780,780,780,780,780,780,6850,0,220,579.8622621681758,91.69946600002277,5243.598137000049,3382.1287591240875
1780668555,5,GET,/api/concerts,0.300000,0.000000,3,3,3,3,3,3,3,3,3,3,3,1391,0,3,18.66153781308241,2.099724000004244,1296.4690070000415,753.0
1780668555,5,GET,/health,0.200000,0.000000,3,3,3,3,3,3,3,3,3,3,3,683,0,3,16.012645937043526,2.0757429999775923,1128.8988759999938,57.0
1780668555,5,,Aggregated,2.300000,0.000000,140,190,240,260,420,700,780,780,780,780,780,8924,0,160,449.2325562668086,2.0757429999775923,5243.598137000049,2717.832362169431
1780668556,5,POST,/api/book,1.900000,0.000000,160,220,260,400,700,780,780,780,780,780,780,6851,0,220,579.7982658082038,91.69946600002277,5243.598137000049,3382.124069478908
1780668556,5,GET,/api/concerts,0.300000,0.000000,3,3,3,3,3,3,3,3,3,3,3,1391,0,3,18.66153781308241,2.099724000004244,1296.4690070000415,753.0
1780668556,5,GET,/health,0.100000,0.000000,3,3,3,3,3,3,3,3,3,3,3,684,0,3,15.99291033772054,2.0757429999775923,1128.8988759999938,57.0
1780668556,5,,Aggregated,2.300000,0.000000,140,190,240,260,420,700,780,780,780,780,780,8926,0,160,449.1480247390769,2.0757429999775923,5243.598137000049,2717.6050862648444
1780668557,5,POST,/api/book,1.800000,0.000000,140,220,260,400,700,780,780,780,780,780,780,6852,0,220,579.7287926494461,91.69946600002277,5243.598137000049,3382.1234676007007
1780668557,5,GET,/api/concerts,0.300000,0.000000,3,3,3,3,3,3,3,3,3,3,3,1391,0,3,18.66153781308241,2.099724000004244,1296.4690070000415,753.0
1780668557,5,GET,/health,0.100000,0.000000,3,3,3,3,3,3,3,3,3,3,3,684,0,3,15.99291033772054,2.0757429999775923,1128.8988759999938,57.0
1780668557,5,,Aggregated,2.200000,0.000000,140,160,240,260,420,700,780,780,780,780,780,8927,0,160,449.10933538736424,2.0757429999775923,5243.598137000049,2717.6790635151788
1780668558,5,POST,/api/book,1.900000,0.000000,220,320,400,420,700,780,780,780,780,780,780,6856,0,220,579.5790246995339,91.69946600002277,5243.598137000049,3382.11756126021
1780668558,5,GET,/api/concerts,0.400000,0.000000,3,3,3,3,3,3,3,3,3,3,3,1391,0,3,18.66153781308241,2.099724000004244,1296.4690070000415,753.0
1780668558,5,GET,/health,0.100000,0.000000,3,3,3,3,3,3,3,3,3,3,3,684,0,3,15.99291033772054,2.0757429999775923,1128.8988759999938,57.0
1780668558,5,,Aggregated,2.400000,0.000000,150,240,360,400,460,700,780,780,780,780,780,8931,0,160,449.05286564875155,2.0757429999775923,5243.598137000049,2717.972119583473
1780668559,5,POST,/api/book,1.900000,0.000000,220,320,400,420,700,780,780,780,780,780,780,6856,0,220,579.5790246995339,91.69946600002277,5243.598137000049,3382.11756126021
1780668559,5,GET,/api/concerts,0.400000,0.000000,3,3,3,3,3,3,3,3,3,3,3,1391,0,3,18.66153781308241,2.099724000004244,1296.4690070000415,753.0
1780668559,5,GET,/health,0.100000,0.000000,3,3,3,3,3,3,3,3,3,3,3,684,0,3,15.99291033772054,2.0757429999775923,1128.8988759999938,57.0
1780668559,5,,Aggregated,2.400000,0.000000,150,260,360,400,460,700,780,780,780,780,780,8931,0,160,449.05286564875155,2.0757429999775923,5243.598137000049,2717.972119583473
1780668560,5,POST,/api/book,1.900000,0.000000,220,260,320,360,460,700,780,780,780,780,780,6859,0,220,579.4200539082963,91.69946600002277,5243.598137000049,3382.108616416387
1780668560,5,GET,/api/concerts,0.300000,0.000000,3,3,3,3,3,3,3,3,3,3,3,1391,0,3,18.66153781308241,2.099724000004244,1296.4690070000415,753.0
1780668560,5,GET,/health,0.200000,0.000000,3,3,3,3,3,3,3,3,3,3,3,684,0,3,15.99291033772054,2.0757429999775923,1128.8988759999938,57.0
1780668560,5,,Aggregated,2.400000,0.000000,150,240,280,360,460,700,780,780,780,780,780,8934,0,160,448.9746473613164,2.0757429999775923,5243.598137000049,2718.1882695321247
1780668561,5,POST,/api/book,2.000000,0.000000,220,240,260,280,360,460,460,460,460,460,460,6860,0,220,579.3565244053942,91.69946600002277,5243.598137000049,3382.1086005830903
1780668561,5,GET,/api/concerts,0.200000,0.000000,3,3,3,3,3,3,3,3,3,3,3,1391,0,3,18.66153781308241,2.099724000004244,1296.4690070000415,753.0
1780668561,5,GET,/health,0.200000,0.000000,3,3,3,3,3,3,3,3,3,3,3,685,0,3,15.973424388322242,2.0757429999775923,1128.8988759999938,57.0
1780668561,5,,Aggregated,2.400000,0.000000,140,220,240,260,320,360,460,460,460,460,460,8936,0,160,448.8905273304611,2.0757429999775923,5243.598137000049,2717.964749328559
1780668562,5,POST,/api/book,2.100000,0.000000,140,240,260,280,360,460,460,460,460,460,460,6862,0,220,579.2292283054509,91.69946600002277,5243.598137000049,3382.1091518507724
1780668562,5,GET,/api/concerts,0.200000,0.000000,3,3,3,3,3,3,3,3,3,3,3,1392,0,3,18.65018720186613,2.099724000004244,1296.4690070000415,753.0
1780668562,5,GET,/health,0.200000,0.000000,3,3,3,3,3,3,3,3,3,3,3,685,0,3,15.973424388322242,2.0757429999775923,1128.8988759999938,57.0
1780668562,5,,Aggregated,2.500000,0.000000,140,150,240,260,320,360,460,460,460,460,460,8939,0,160,448.77210212809047,2.0757429999775923,5243.598137000049,2717.893947868889
1780668563,5,POST,/api/book,2.100000,0.000000,140,240,260,280,360,460,460,460,460,460,460,6864,0,220,579.095892166813,91.69946600002277,5243.598137000049,3382.119755244755
1780668563,5,GET,/api/concerts,0.200000,0.000000,3,3,3,3,3,3,3,3,3,3,3,1392,0,3,18.65018720186613,2.099724000004244,1296.4690070000415,753.0
1780668563,5,GET,/health,0.300000,0.000000,3,3,3,3,3,3,3,3,3,3,3,685,0,3,15.973424388322242,2.0757429999775923,1128.8988759999938,57.0
1780668563,5,,Aggregated,2.600000,0.000000,140,150,240,260,320,360,460,460,460,460,460,8941,0,160,448.69892183469415,2.0757429999775923,5243.598137000049,2718.0506654736605
1780668564,5,POST,/api/book,1.800000,0.000000,150,240,260,280,360,460,460,460,460,460,460,6867,0,220,578.9150806352125,91.69946600002277,5243.598137000049,3382.1214504150284
1780668564,5,GET,/api/concerts,0.300000,0.000000,3,3,3,3,3,3,3,3,3,3,3,1392,0,3,18.65018720186613,2.099724000004244,1296.4690070000415,753.0
1780668564,5,GET,/health,0.300000,0.000000,3,3,3,3,3,3,3,3,3,3,3,685,0,3,15.973424388322242,2.0757429999775923,1128.8988759999938,57.0
1780668564,5,,Aggregated,2.400000,0.000000,140,150,240,260,320,360,460,460,460,460,460,8944,0,160,448.6038366517219,2.0757429999775923,5243.598137000049,2718.2747093023254
1780668565,5,POST,/api/book,1.800000,0.000000,140,150,240,280,360,460,460,460,460,460,460,6868,0,220,578.8509576278399,91.69946600002277,5243.598137000049,3382.1153174140945
1780668565,5,GET,/api/concerts,0.300000,0.000000,3,3,3,3,3,3,3,3,3,3,3,1392,0,3,18.65018720186613,2.099724000004244,1296.4690070000415,753.0
1780668565,5,GET,/health,0.200000,0.000000,3,3,3,3,3,3,3,3,3,3,3,685,0,3,15.973424388322242,2.0757429999775923,1128.8988759999938,57.0
1780668565,5,,Aggregated,2.300000,0.000000,140,150,210,240,320,360,460,460,460,460,460,8945,0,160,448.56917085287876,2.0757429999775923,5243.598137000049,2718.344214645053
1780668566,5,POST,/api/book,1.800000,0.000000,140,150,240,280,360,460,460,460,460,460,460,6870,0,220,578.7238816045129,91.69946600002277,5243.598137000049,3382.114119359534
1780668566,5,GET,/api/concerts,0.300000,0.000000,3,3,3,3,3,3,3,3,3,3,3,1392,0,3,18.65018720186613,2.099724000004244,1296.4690070000415,753.0
1780668566,5,GET,/health,0.200000,0.000000,3,3,3,3,3,3,3,3,3,3,3,685,0,3,15.973424388322242,2.0757429999775923,1128.8988759999938,57.0
1780668566,5,,Aggregated,2.300000,0.000000,140,150,210,240,320,360,460,460,460,460,460,8947,0,160,448.5007178846541,2.0757429999775923,5243.598137000049,2718.491673186543
1780668567,5,POST,/api/book,2.000000,0.000000,140,210,240,280,320,360,460,460,460,460,460,6873,0,220,578.5649952857565,91.69946600002277,5243.598137000049,3382.104321257093
1780668567,5,GET,/api/concerts,0.200000,0.000000,3,3,3,3,3,3,3,3,3,3,3,1392,0,3,18.65018720186613,2.099724000004244,1296.4690070000415,753.0
1780668567,5,GET,/health,0.200000,0.000000,3,3,39,39,39,39,39,39,39,39,39,686,0,3,16.0071707026252,2.0757429999775923,1128.8988759999938,57.0
1780668567,5,,Aggregated,2.400000,0.000000,140,150,240,280,320,360,460,460,460,460,460,8951,0,160,448.37662744788304,2.0757429999775923,5243.598137000049,2718.409228019216
1780668568,5,POST,/api/book,2.000000,0.000000,140,140,210,220,280,280,280,280,280,280,280,6874,0,220,578.50152134536,91.69946600002277,5243.598137000049,3382.0951411114343
1780668568,5,GET,/api/concerts,0.200000,0.000000,3,3,3,3,3,3,3,3,3,3,3,1392,0,3,18.65018720186613,2.099724000004244,1296.4690070000415,753.0
1780668568,5,GET,/health,0.200000,0.000000,39,39,39,39,39,39,39,39,39,39,39,686,0,3,16.0071707026252,2.0757429999775923,1128.8988759999938,57.0
1780668568,5,,Aggregated,2.400000,0.000000,140,140,150,210,240,280,280,280,280,280,280,8952,0,160,448.3424304529715,2.0757429999775923,5243.598137000049,2718.4763181411977
1780668569,5,POST,/api/book,2.100000,0.000000,140,140,150,190,220,280,280,280,280,280,280,6876,0,220,578.3827104256841,91.69946600002277,5243.598137000049,3382.0914776032578
1780668569,5,GET,/api/concerts,0.100000,0.000000,3,3,3,3,3,3,3,3,3,3,3,1392,0,3,18.65018720186613,2.099724000004244,1296.4690070000415,753.0
1780668569,5,GET,/health,0.100000,0.000000,3,3,39,39,39,39,39,39,39,39,39,687,0,3,15.987445895197837,2.0757429999775923,1128.8988759999938,57.0
1780668569,5,,Aggregated,2.300000,0.000000,140,140,150,150,210,220,280,280,280,280,280,8955,0,160,448.2304804915691,2.0757429999775923,5243.598137000049,2718.3245114461197
1780668570,5,POST,/api/book,2.100000,0.000000,140,150,210,220,380,380,380,380,380,380,380,6878,0,220,578.3247476264909,91.69946600002277,5243.598137000049,3382.096830473975
1780668570,5,GET,/api/concerts,0.100000,0.000000,3,3,3,3,3,3,3,3,3,3,3,1392,0,3,18.65018720186613,2.099724000004244,1296.4690070000415,753.0
1780668570,5,GET,/health,0.100000,0.000000,3,3,39,39,39,39,39,39,39,39,39,687,0,3,15.987445895197837,2.0757429999775923,1128.8988759999938,57.0
1780668570,5,,Aggregated,2.300000,0.000000,140,150,190,210,280,380,380,380,380,380,380,8957,0,160,448.21503294518266,2.0757429999775923,5243.598137000049,2718.476833761304
1780668571,5,POST,/api/book,1.900000,0.000000,140,150,210,220,380,380,380,380,380,380,380,6880,0,220,578.1968698047971,91.69946600002277,5243.598137000049,3382.1002906976746
1780668571,5,GET,/api/concerts,0.100000,0.000000,3,3,3,3,3,3,3,3,3,3,3,1392,0,3,18.65018720186613,2.099724000004244,1296.4690070000415,753.0
1780668571,5,GET,/health,0.200000,0.000000,3,3,39,39,39,39,39,39,39,39,39,687,0,3,15.987445895197837,2.0757429999775923,1128.8988759999938,57.0
1780668571,5,,Aggregated,2.200000,0.000000,140,150,190,210,280,380,380,380,380,380,380,8959,0,160,448.1458756749638,2.0757429999775923,5243.598137000049,2718.6276370130595
1780668572,5,POST,/api/book,2.000000,0.000000,140,150,190,210,280,380,380,380,380,380,380,6883,0,220,578.005824240884,91.69946600002277,5243.598137000049,3382.0979224175503
1780668572,5,GET,/api/concerts,0.100000,0.000000,3,3,3,3,3,3,3,3,3,3,3,1392,0,3,18.65018720186613,2.099724000004244,1296.4690070000415,753.0
1780668572,5,GET,/health,0.300000,0.000000,3,3,39,39,39,39,39,39,39,39,39,687,0,3,15.987445895197837,2.0757429999775923,1128.8988759999938,57.0
1780668572,5,,Aggregated,2.400000,0.000000,140,150,190,210,280,380,380,380,380,380,380,8962,0,160,448.0426829016962,2.0757429999775923,5243.598137000049,2718.847913412185
