[2026-05-29 11:10:24,279] ip-172-31-20-158/INFO/locust.main: Starting Locust 2.44.0
[2026-05-29 11:10:24,279] ip-172-31-20-158/WARNING/locust.main: --run-time, --users or --spawn-rate have no impact on LoadShapes unless the shape class explicitly reads them. See: docs.locust.io/en/stable/custom-load-shape.html#use-common-options
[2026-05-29 11:10:24,280] ip-172-31-20-158/WARNING/locust.main: The following option(s) will be ignored: --run-time
[2026-05-29 11:10:24,280] ip-172-31-20-158/INFO/locust.runners: Shape test starting.
Type     Name                                                                          # reqs      # fails |    Avg     Min     Max    Med |   req/s  failures/s
--------|----------------------------------------------------------------------------|-------|-------------|-------|-------|-------|-------|--------|-----------
--------|----------------------------------------------------------------------------|-------|-------------|-------|-------|-------|-------|--------|-----------
         Aggregated                                                                         0     0(0.00%) |      0       0       0      0 |    0.00        0.00

[2026-05-29 11:10:24,281] ip-172-31-20-158/INFO/locust.runners: Shape worker starting
[2026-05-29 11:10:24,281] ip-172-31-20-158/INFO/locust.runners: Shape test updating to 20 users at 2.00 spawn rate
[2026-05-29 11:10:24,281] ip-172-31-20-158/INFO/locust.runners: Ramping to 20 users at a rate of 2.00 per second
Type     Name                                                                          # reqs      # fails |    Avg     Min     Max    Med |   req/s  failures/s
--------|----------------------------------------------------------------------------|-------|-------------|-------|-------|-------|-------|--------|-----------
POST     /api/book                                                                          4     0(0.00%) |    420     370     470    370 |    0.00        0.00
--------|----------------------------------------------------------------------------|-------|-------------|-------|-------|-------|-------|--------|-----------
         Aggregated                                                                         4     0(0.00%) |    420     370     470    370 |    0.00        0.00

Type     Name                                                                          # reqs      # fails |    Avg     Min     Max    Med |   req/s  failures/s
--------|----------------------------------------------------------------------------|-------|-------------|-------|-------|-------|-------|--------|-----------
POST     /api/book                                                                         11     0(0.00%) |    530     139     814    470 |    2.00        0.00
GET      /api/concerts                                                                      1     0(0.00%) |      4       4       4      4 |    0.00        0.00
GET      /health                                                                            1     0(0.00%) |      2       2       2      2 |    0.00        0.00
--------|----------------------------------------------------------------------------|-------|-------------|-------|-------|-------|-------|--------|-----------
         Aggregated                                                                        13     0(0.00%) |    449       2     814    470 |    2.00        0.00

Type     Name                                                                          # reqs      # fails |    Avg     Min     Max    Med |   req/s  failures/s
--------|----------------------------------------------------------------------------|-------|-------------|-------|-------|-------|-------|--------|-----------
POST     /api/book                                                                         17     0(0.00%) |    553     139     869    590 |    1.75        0.00
GET      /api/concerts                                                                      5     0(0.00%) |     34       2      78     36 |    0.25        0.00
GET      /health                                                                            2     0(0.00%) |      2       2       3      3 |    0.25        0.00
--------|----------------------------------------------------------------------------|-------|-------------|-------|-------|-------|-------|--------|-----------
         Aggregated                                                                        24     0(0.00%) |    399       2     869    370 |    2.25        0.00

Type     Name                                                                          # reqs      # fails |    Avg     Min     Max    Med |   req/s  failures/s
--------|----------------------------------------------------------------------------|-------|-------------|-------|-------|-------|-------|--------|-----------
POST     /api/book                                                                         24     0(0.00%) |    605     139    1065    600 |    2.17        0.00
GET      /api/concerts                                                                      6     0(0.00%) |     39       2      78     36 |    0.67        0.00
GET      /health                                                                            2     0(0.00%) |      2       2       3      3 |    0.33        0.00
--------|----------------------------------------------------------------------------|-------|-------------|-------|-------|-------|-------|--------|-----------
         Aggregated                                                                        32     0(0.00%) |    461       2    1065    470 |    3.17        0.00

[2026-05-29 11:10:33,294] ip-172-31-20-158/INFO/locust.runners: All users spawned: {"TicketingUser": 20} (20 total users)
Type     Name                                                                          # reqs      # fails |    Avg     Min     Max    Med |   req/s  failures/s
--------|----------------------------------------------------------------------------|-------|-------------|-------|-------|-------|-------|--------|-----------
POST     /api/book                                                                         32     0(0.00%) |    850     139    1858    750 |    2.57        0.00
GET      /api/concerts                                                                      9     0(0.00%) |     42       2      78     52 |    0.71        0.00
GET      /health                                                                            2     0(0.00%) |      2       2       3      3 |    0.29        0.00
--------|----------------------------------------------------------------------------|-------|-------------|-------|-------|-------|-------|--------|-----------
         Aggregated                                                                        43     0(0.00%) |    641       2    1858    600 |    3.57        0.00

Type     Name                                                                          # reqs      # fails |    Avg     Min     Max    Med |   req/s  failures/s
--------|----------------------------------------------------------------------------|-------|-------------|-------|-------|-------|-------|--------|-----------
POST     /api/book                                                                         42     0(0.00%) |   1118     139    2672    810 |    2.67        0.00
GET      /api/concerts                                                                     11     0(0.00%) |     46       2      86     52 |    0.89        0.00
GET      /health                                                                            2     0(0.00%) |      2       2       3      3 |    0.22        0.00
--------|----------------------------------------------------------------------------|-------|-------------|-------|-------|-------|-------|--------|-----------
         Aggregated                                                                        55     0(0.00%) |    863       2    2672    720 |    3.78        0.00

Type     Name                                                                          # reqs      # fails |    Avg     Min     Max    Med |   req/s  failures/s
--------|----------------------------------------------------------------------------|-------|-------------|-------|-------|-------|-------|--------|-----------
POST     /api/book                                                                         50     0(0.00%) |   1243     139    3334    990 |    3.80        0.00
GET      /api/concerts                                                                     12     0(0.00%) |     54       2     146     52 |    1.10        0.00
GET      /health                                                                            2     0(0.00%) |      2       2       3      3 |    0.20        0.00
--------|----------------------------------------------------------------------------|-------|-------------|-------|-------|-------|-------|--------|-----------
         Aggregated                                                                        64     0(0.00%) |    982       2    3334    770 |    5.10        0.00

Type     Name                                                                          # reqs      # fails |    Avg     Min     Max    Med |   req/s  failures/s
--------|----------------------------------------------------------------------------|-------|-------------|-------|-------|-------|-------|--------|-----------
POST     /api/book                                                                         64     0(0.00%) |   1318     126    3334   1200 |    3.90        0.00
GET      /api/concerts                                                                     15     0(0.00%) |     69       2     203     57 |    1.00        0.00
GET      /health                                                                            2     0(0.00%) |      2       2       3      3 |    0.10        0.00
--------|----------------------------------------------------------------------------|-------|-------------|-------|-------|-------|-------|--------|-----------
         Aggregated                                                                        81     0(0.00%) |   1054       2    3334    810 |    5.00        0.00

Type     Name                                                                          # reqs      # fails |    Avg     Min     Max    Med |   req/s  failures/s
--------|----------------------------------------------------------------------------|-------|-------------|-------|-------|-------|-------|--------|-----------
POST     /api/book                                                                         69     0(0.00%) |   1320     126    3334   1300 |    4.90        0.00
GET      /api/concerts                                                                     17     0(0.00%) |     61       2     203     52 |    1.00        0.00
GET      /health                                                                            5     0(0.00%) |     23       2      67      6 |    0.00        0.00
--------|----------------------------------------------------------------------------|-------|-------------|-------|-------|-------|-------|--------|-----------
         Aggregated                                                                        91     0(0.00%) |   1013       2    3334    790 |    5.90        0.00

Type     Name                                                                          # reqs      # fails |    Avg     Min     Max    Med |   req/s  failures/s
--------|----------------------------------------------------------------------------|-------|-------------|-------|-------|-------|-------|--------|-----------
POST     /api/book                                                                         78     0(0.00%) |   1475     126    3334   1400 |    4.40        0.00
GET      /api/concerts                                                                     18     0(0.00%) |     60       2     203     37 |    1.10        0.00
GET      /health                                                                            6     0(0.00%) |     19       2      67      4 |    0.20        0.00
--------|----------------------------------------------------------------------------|-------|-------------|-------|-------|-------|-------|--------|-----------
         Aggregated                                                                       102     0(0.00%) |   1140       2    3334    870 |    5.70        0.00

Type     Name                                                                          # reqs      # fails |    Avg     Min     Max    Med |   req/s  failures/s
--------|----------------------------------------------------------------------------|-------|-------------|-------|-------|-------|-------|--------|-----------
POST     /api/book                                                                         90     0(0.00%) |   1454     126    3334   1400 |    4.50        0.00
GET      /api/concerts                                                                     21     0(0.00%) |     52       2     203     36 |    1.00        0.00
GET      /health                                                                            7     0(0.00%) |     17       2      67      4 |    0.30        0.00
--------|----------------------------------------------------------------------------|-------|-------------|-------|-------|-------|-------|--------|-----------
         Aggregated                                                                       118     0(0.00%) |   1119       2    3334    870 |    5.80        0.00

Type     Name                                                                          # reqs      # fails |    Avg     Min     Max    Med |   req/s  failures/s
--------|----------------------------------------------------------------------------|-------|-------------|-------|-------|-------|-------|--------|-----------
POST     /api/book                                                                         95     0(0.00%) |   1408     126    3334   1300 |    5.10        0.00
GET      /api/concerts                                                                     22     0(0.00%) |     50       2     203     34 |    0.80        0.00
GET      /health                                                                            8     0(0.00%) |     22       2      67      4 |    0.40        0.00
--------|----------------------------------------------------------------------------|-------|-------------|-------|-------|-------|-------|--------|-----------
         Aggregated                                                                       125     0(0.00%) |   1080       2    3334    810 |    6.30        0.00

Type     Name                                                                          # reqs      # fails |    Avg     Min     Max    Med |   req/s  failures/s
--------|----------------------------------------------------------------------------|-------|-------------|-------|-------|-------|-------|--------|-----------
POST     /api/book                                                                        105     0(0.00%) |   1549     126    3334   1400 |    4.90        0.00
GET      /api/concerts                                                                     23     0(0.00%) |     49       2     203     34 |    1.10        0.00
GET      /health                                                                            8     0(0.00%) |     22       2      67      4 |    0.60        0.00
--------|----------------------------------------------------------------------------|-------|-------------|-------|-------|-------|-------|--------|-----------
         Aggregated                                                                       136     0(0.00%) |   1205       2    3334    980 |    6.60        0.00

Type     Name                                                                          # reqs      # fails |    Avg     Min     Max    Med |   req/s  failures/s
--------|----------------------------------------------------------------------------|-------|-------------|-------|-------|-------|-------|--------|-----------
POST     /api/book                                                                        119     0(0.00%) |   1566     126    3334   1400 |    3.50        0.00
GET      /api/concerts                                                                     25     0(0.00%) |     50       2     203     36 |    0.90        0.00
GET      /health                                                                            9     0(0.00%) |     27       2      68      6 |    0.60        0.00
--------|----------------------------------------------------------------------------|-------|-------------|-------|-------|-------|-------|--------|-----------
         Aggregated                                                                       153     0(0.00%) |   1227       2    3334    990 |    5.00        0.00

Type     Name                                                                          # reqs      # fails |    Avg     Min     Max    Med |   req/s  failures/s
--------|----------------------------------------------------------------------------|-------|-------------|-------|-------|-------|-------|--------|-----------
POST     /api/book                                                                        125     0(0.00%) |   1523     126    3334   1400 |    4.70        0.00
GET      /api/concerts                                                                     27     0(0.00%) |     49       2     203     36 |    0.60        0.00
GET      /health                                                                           10     0(0.00%) |     25       2      68      6 |    0.60        0.00
--------|----------------------------------------------------------------------------|-------|-------------|-------|-------|-------|-------|--------|-----------
         Aggregated                                                                       162     0(0.00%) |   1185       2    3334    850 |    5.90        0.00

Type     Name                                                                          # reqs      # fails |    Avg     Min     Max    Med |   req/s  failures/s
--------|----------------------------------------------------------------------------|-------|-------------|-------|-------|-------|-------|--------|-----------
POST     /api/book                                                                        132     0(0.00%) |   1550     126    3334   1400 |    5.10        0.00
GET      /api/concerts                                                                     30     0(0.00%) |     47       2     203     34 |    0.90        0.00
GET      /health                                                                           10     0(0.00%) |     25       2      68      6 |    0.40        0.00
--------|----------------------------------------------------------------------------|-------|-------------|-------|-------|-------|-------|--------|-----------
         Aggregated                                                                       172     0(0.00%) |   1200       2    3334    860 |    6.40        0.00

Type     Name                                                                          # reqs      # fails |    Avg     Min     Max    Med |   req/s  failures/s
--------|----------------------------------------------------------------------------|-------|-------------|-------|-------|-------|-------|--------|-----------
POST     /api/book                                                                        145     0(0.00%) |   1561     126    3334   1400 |    4.10        0.00
GET      /api/concerts                                                                     30     0(0.00%) |     47       2     203     34 |    1.00        0.00
GET      /health                                                                           11     0(0.00%) |     26       2      68     10 |    0.40        0.00
--------|----------------------------------------------------------------------------|-------|-------------|-------|-------|-------|-------|--------|-----------
         Aggregated                                                                       186     0(0.00%) |   1226       2    3334    980 |    5.50        0.00

Type     Name                                                                          # reqs      # fails |    Avg     Min     Max    Med |   req/s  failures/s
--------|----------------------------------------------------------------------------|-------|-------------|-------|-------|-------|-------|--------|-----------
POST     /api/book                                                                        152     0(0.00%) |   1570     126    3334   1400 |    4.70        0.00
GET      /api/concerts                                                                     34     0(0.00%) |     46       2     203     34 |    0.90        0.00
GET      /health                                                                           12     0(0.00%) |     50       2     312     10 |    0.30        0.00
--------|----------------------------------------------------------------------------|-------|-------------|-------|-------|-------|-------|--------|-----------
         Aggregated                                                                       198     0(0.00%) |   1216       2    3334    990 |    5.90        0.00

Type     Name                                                                          # reqs      # fails |    Avg     Min     Max    Med |   req/s  failures/s
--------|----------------------------------------------------------------------------|-------|-------------|-------|-------|-------|-------|--------|-----------
POST     /api/book                                                                        158     0(0.00%) |   1581     126    3334   1500 |    5.00        0.00
GET      /api/concerts                                                                     35     0(0.00%) |     49       2     203     36 |    0.90        0.00
GET      /health                                                                           12     0(0.00%) |     50       2     312     10 |    0.30        0.00
--------|----------------------------------------------------------------------------|-------|-------------|-------|-------|-------|-------|--------|-----------
         Aggregated                                                                       205     0(0.00%) |   1230       2    3334   1100 |    6.20        0.00

Type     Name                                                                          # reqs      # fails |    Avg     Min     Max    Med |   req/s  failures/s
--------|----------------------------------------------------------------------------|-------|-------------|-------|-------|-------|-------|--------|-----------
POST     /api/book                                                                        163     0(0.00%) |   1631     126    4059   1500 |    4.20        0.00
GET      /api/concerts                                                                     36     0(0.00%) |     48       2     203     34 |    1.20        0.00
GET      /health                                                                           13     0(0.00%) |     57       2     312     35 |    0.30        0.00
--------|----------------------------------------------------------------------------|-------|-------------|-------|-------|-------|-------|--------|-----------
         Aggregated                                                                       212     0(0.00%) |   1265       2    4059   1100 |    5.70        0.00

Type     Name                                                                          # reqs      # fails |    Avg     Min     Max    Med |   req/s  failures/s
--------|----------------------------------------------------------------------------|-------|-------------|-------|-------|-------|-------|--------|-----------
POST     /api/book                                                                        179     0(0.00%) |   1767     126    4722   1700 |    3.60        0.00
GET      /api/concerts                                                                     36     0(0.00%) |     48       2     203     34 |    0.90        0.00
GET      /health                                                                           13     0(0.00%) |     57       2     312     35 |    0.30        0.00
--------|----------------------------------------------------------------------------|-------|-------------|-------|-------|-------|-------|--------|-----------
         Aggregated                                                                       228     0(0.00%) |   1398       2    4722   1200 |    4.80        0.00

Type     Name                                                                          # reqs      # fails |    Avg     Min     Max    Med |   req/s  failures/s
--------|----------------------------------------------------------------------------|-------|-------------|-------|-------|-------|-------|--------|-----------
POST     /api/book                                                                        188     0(0.00%) |   1698     125    4722   1500 |    4.80        0.00
GET      /api/concerts                                                                     37     0(0.00%) |     48       2     203     36 |    0.70        0.00
GET      /health                                                                           13     0(0.00%) |     57       2     312     35 |    0.30        0.00
--------|----------------------------------------------------------------------------|-------|-------------|-------|-------|-------|-------|--------|-----------
         Aggregated                                                                       238     0(0.00%) |   1352       2    4722   1100 |    5.80        0.00

Type     Name                                                                          # reqs      # fails |    Avg     Min     Max    Med |   req/s  failures/s
--------|----------------------------------------------------------------------------|-------|-------------|-------|-------|-------|-------|--------|-----------
POST     /api/book                                                                        190     0(0.00%) |   1695     125    4722   1500 |    4.20        0.00
GET      /api/concerts                                                                     41     0(0.00%) |     46       2     203     36 |    0.70        0.00
GET      /health                                                                           13     0(0.00%) |     57       2     312     35 |    0.20        0.00
--------|----------------------------------------------------------------------------|-------|-------------|-------|-------|-------|-------|--------|-----------
         Aggregated                                                                       244     0(0.00%) |   1331       2    4722   1100 |    5.10        0.00

Type     Name                                                                          # reqs      # fails |    Avg     Min     Max    Med |   req/s  failures/s
--------|----------------------------------------------------------------------------|-------|-------------|-------|-------|-------|-------|--------|-----------
POST     /api/book                                                                        203     0(0.00%) |   1745     125    4722   1700 |    3.70        0.00
GET      /api/concerts                                                                     42     0(0.00%) |     49       2     203     36 |    0.70        0.00
GET      /health                                                                           14     0(0.00%) |     55       2     312     35 |    0.10        0.00
--------|----------------------------------------------------------------------------|-------|-------------|-------|-------|-------|-------|--------|-----------
         Aggregated                                                                       259     0(0.00%) |   1378       2    4722   1200 |    4.50        0.00

Type     Name                                                                          # reqs      # fails |    Avg     Min     Max    Med |   req/s  failures/s
--------|----------------------------------------------------------------------------|-------|-------------|-------|-------|-------|-------|--------|-----------
POST     /api/book                                                                        210     0(0.00%) |   1732     125    4722   1700 |    3.90        0.00
GET      /api/concerts                                                                     42     0(0.00%) |     49       2     203     36 |    0.80        0.00
GET      /health                                                                           14     0(0.00%) |     55       2     312     35 |    0.10        0.00
--------|----------------------------------------------------------------------------|-------|-------------|-------|-------|-------|-------|--------|-----------
         Aggregated                                                                       266     0(0.00%) |   1378       2    4722   1200 |    4.80        0.00

Type     Name                                                                          # reqs      # fails |    Avg     Min     Max    Med |   req/s  failures/s
--------|----------------------------------------------------------------------------|-------|-------------|-------|-------|-------|-------|--------|-----------
POST     /api/book                                                                        219     0(0.00%) |   1758     125    4722   1800 |    4.90        0.00
GET      /api/concerts                                                                     42     0(0.00%) |     49       2     203     36 |    0.60        0.00
GET      /health                                                                           15     0(0.00%) |     54       2     312     35 |    0.10        0.00
--------|----------------------------------------------------------------------------|-------|-------------|-------|-------|-------|-------|--------|-----------
         Aggregated                                                                       276     0(0.00%) |   1406       2    4722   1300 |    5.60        0.00

Type     Name                                                                          # reqs      # fails |    Avg     Min     Max    Med |   req/s  failures/s
--------|----------------------------------------------------------------------------|-------|-------------|-------|-------|-------|-------|--------|-----------
POST     /api/book                                                                        231     0(0.00%) |   1816     125    4722   1800 |    3.90        0.00
GET      /api/concerts                                                                     42     0(0.00%) |     49       2     203     36 |    0.60        0.00
GET      /health                                                                           15     0(0.00%) |     54       2     312     35 |    0.20        0.00
--------|----------------------------------------------------------------------------|-------|-------------|-------|-------|-------|-------|--------|-----------
         Aggregated                                                                       288     0(0.00%) |   1467       2    4722   1400 |    4.70        0.00

Type     Name                                                                          # reqs      # fails |    Avg     Min     Max    Med |   req/s  failures/s
--------|----------------------------------------------------------------------------|-------|-------------|-------|-------|-------|-------|--------|-----------
POST     /api/book                                                                        241     0(0.00%) |   1786     125    4722   1800 |    4.20        0.00
GET      /api/concerts                                                                     44     0(0.00%) |     48       2     203     36 |    0.50        0.00
GET      /health                                                                           17     0(0.00%) |     52       2     312     37 |    0.20        0.00
--------|----------------------------------------------------------------------------|-------|-------------|-------|-------|-------|-------|--------|-----------
         Aggregated                                                                       302     0(0.00%) |   1435       2    4722   1300 |    4.90        0.00

Type     Name                                                                          # reqs      # fails |    Avg     Min     Max    Med |   req/s  failures/s
--------|----------------------------------------------------------------------------|-------|-------------|-------|-------|-------|-------|--------|-----------
POST     /api/book                                                                        247     0(0.00%) |   1775     125    4722   1800 |    5.20        0.00
GET      /api/concerts                                                                     47     0(0.00%) |     47       2     203     36 |    0.30        0.00
GET      /health                                                                           19     0(0.00%) |     56       2     312     37 |    0.30        0.00
--------|----------------------------------------------------------------------------|-------|-------------|-------|-------|-------|-------|--------|-----------
         Aggregated                                                                       313     0(0.00%) |   1411       2    4722   1300 |    5.80        0.00

Type     Name                                                                          # reqs      # fails |    Avg     Min     Max    Med |   req/s  failures/s
--------|----------------------------------------------------------------------------|-------|-------------|-------|-------|-------|-------|--------|-----------
POST     /api/book                                                                        255     0(0.00%) |   1789     125    4722   1800 |    4.40        0.00
GET      /api/concerts                                                                     48     0(0.00%) |     46       2     203     34 |    0.50        0.00
GET      /health                                                                           21     0(0.00%) |     55       2     312     37 |    0.50        0.00
--------|----------------------------------------------------------------------------|-------|-------------|-------|-------|-------|-------|--------|-----------
         Aggregated                                                                       324     0(0.00%) |   1418       2    4722   1300 |    5.40        0.00

Type     Name                                                                          # reqs      # fails |    Avg     Min     Max    Med |   req/s  failures/s
--------|----------------------------------------------------------------------------|-------|-------------|-------|-------|-------|-------|--------|-----------
POST     /api/book                                                                        268     0(0.00%) |   1780     125    4722   1800 |    4.40        0.00
GET      /api/concerts                                                                     49     0(0.00%) |     46       2     203     34 |    0.50        0.00
GET      /health                                                                           21     0(0.00%) |     55       2     312     37 |    0.60        0.00
--------|----------------------------------------------------------------------------|-------|-------------|-------|-------|-------|-------|--------|-----------
         Aggregated                                                                       338     0(0.00%) |   1421       2    4722   1300 |    5.50        0.00

Type     Name                                                                          # reqs      # fails |    Avg     Min     Max    Med |   req/s  failures/s
--------|----------------------------------------------------------------------------|-------|-------------|-------|-------|-------|-------|--------|-----------
POST     /api/book                                                                        274     0(0.00%) |   1768     125    4722   1700 |    4.90        0.00
GET      /api/concerts                                                                     54     0(0.00%) |     45       2     203     32 |    0.60        0.00
GET      /health                                                                           21     0(0.00%) |     55       2     312     37 |    0.60        0.00
--------|----------------------------------------------------------------------------|-------|-------------|-------|-------|-------|-------|--------|-----------
         Aggregated                                                                       349     0(0.00%) |   1398       2    4722   1300 |    6.10        0.00

Type     Name                                                                          # reqs      # fails |    Avg     Min     Max    Med |   req/s  failures/s
--------|----------------------------------------------------------------------------|-------|-------------|-------|-------|-------|-------|--------|-----------
POST     /api/book                                                                        285     0(0.00%) |   1757     125    4722   1700 |    4.80        0.00
GET      /api/concerts                                                                     54     0(0.00%) |     45       2     203     32 |    1.00        0.00
GET      /health                                                                           22     0(0.00%) |     61       2     312     37 |    0.60        0.00
--------|----------------------------------------------------------------------------|-------|-------------|-------|-------|-------|-------|--------|-----------
         Aggregated                                                                       361     0(0.00%) |   1397       2    4722   1300 |    6.40        0.00

Type     Name                                                                          # reqs      # fails |    Avg     Min     Max    Med |   req/s  failures/s
--------|----------------------------------------------------------------------------|-------|-------------|-------|-------|-------|-------|--------|-----------
POST     /api/book                                                                        293     0(0.00%) |   1756     125    4722   1700 |    4.40        0.00
GET      /api/concerts                                                                     56     0(0.00%) |     44       2     203     32 |    1.00        0.00
GET      /health                                                                           24     0(0.00%) |     68       2     312     38 |    0.60        0.00
--------|----------------------------------------------------------------------------|-------|-------------|-------|-------|-------|-------|--------|-----------
         Aggregated                                                                       373     0(0.00%) |   1390       2    4722   1300 |    6.00        0.00

Type     Name                                                                          # reqs      # fails |    Avg     Min     Max    Med |   req/s  failures/s
--------|----------------------------------------------------------------------------|-------|-------------|-------|-------|-------|-------|--------|-----------
POST     /api/book                                                                        302     0(0.00%) |   1757     125    4722   1700 |    4.60        0.00
GET      /api/concerts                                                                     59     0(0.00%) |     46       2     203     34 |    0.90        0.00
GET      /health                                                                           25     0(0.00%) |     69       2     312     43 |    0.50        0.00
--------|----------------------------------------------------------------------------|-------|-------------|-------|-------|-------|-------|--------|-----------
         Aggregated                                                                       386     0(0.00%) |   1386       2    4722   1300 |    6.00        0.00

Type     Name                                                                          # reqs      # fails |    Avg     Min     Max    Med |   req/s  failures/s
--------|----------------------------------------------------------------------------|-------|-------------|-------|-------|-------|-------|--------|-----------
POST     /api/book                                                                        316     0(0.00%) |   1732     125    4722   1700 |    4.80        0.00
GET      /api/concerts                                                                     62     0(0.00%) |     49       2     220     36 |    1.20        0.00
GET      /health                                                                           25     0(0.00%) |     69       2     312     43 |    0.40        0.00
--------|----------------------------------------------------------------------------|-------|-------------|-------|-------|-------|-------|--------|-----------
         Aggregated                                                                       403     0(0.00%) |   1370       2    4722   1300 |    6.40        0.00

Type     Name                                                                          # reqs      # fails |    Avg     Min     Max    Med |   req/s  failures/s
--------|----------------------------------------------------------------------------|-------|-------------|-------|-------|-------|-------|--------|-----------
POST     /api/book                                                                        320     0(0.00%) |   1726     125    4722   1700 |    4.80        0.00
GET      /api/concerts                                                                     63     0(0.00%) |     49       2     220     36 |    1.30        0.00
GET      /health                                                                           25     0(0.00%) |     69       2     312     43 |    0.40        0.00
--------|----------------------------------------------------------------------------|-------|-------------|-------|-------|-------|-------|--------|-----------
         Aggregated                                                                       408     0(0.00%) |   1365       2    4722   1300 |    6.50        0.00

Type     Name                                                                          # reqs      # fails |    Avg     Min     Max    Med |   req/s  failures/s
--------|----------------------------------------------------------------------------|-------|-------------|-------|-------|-------|-------|--------|-----------
POST     /api/book                                                                        329     0(0.00%) |   1744     125    4722   1700 |    4.40        0.00
GET      /api/concerts                                                                     64     0(0.00%) |     48       2     220     36 |    0.90        0.00
GET      /health                                                                           26     0(0.00%) |     68       2     312     43 |    0.40        0.00
--------|----------------------------------------------------------------------------|-------|-------------|-------|-------|-------|-------|--------|-----------
         Aggregated                                                                       419     0(0.00%) |   1381       2    4722   1400 |    5.70        0.00

Type     Name                                                                          # reqs      # fails |    Avg     Min     Max    Med |   req/s  failures/s
--------|----------------------------------------------------------------------------|-------|-------------|-------|-------|-------|-------|--------|-----------
POST     /api/book                                                                        342     0(0.00%) |   1743     125    4722   1700 |    4.00        0.00
GET      /api/concerts                                                                     67     0(0.00%) |     48       2     220     36 |    1.00        0.00
GET      /health                                                                           27     0(0.00%) |     66       2     312     43 |    0.40        0.00
--------|----------------------------------------------------------------------------|-------|-------------|-------|-------|-------|-------|--------|-----------
         Aggregated                                                                       436     0(0.00%) |   1379       2    4722   1300 |    5.40        0.00

Type     Name                                                                          # reqs      # fails |    Avg     Min     Max    Med |   req/s  failures/s
--------|----------------------------------------------------------------------------|-------|-------------|-------|-------|-------|-------|--------|-----------
POST     /api/book                                                                        351     0(0.00%) |   1709     125    4722   1700 |    5.00        0.00
GET      /api/concerts                                                                     75     0(0.00%) |     45       2     220     34 |    1.00        0.00
GET      /health                                                                           28     0(0.00%) |     65       2     312     38 |    0.20        0.00
--------|----------------------------------------------------------------------------|-------|-------------|-------|-------|-------|-------|--------|-----------
         Aggregated                                                                       454     0(0.00%) |   1333       2    4722   1200 |    6.20        0.00

Type     Name                                                                          # reqs      # fails |    Avg     Min     Max    Med |   req/s  failures/s
--------|----------------------------------------------------------------------------|-------|-------------|-------|-------|-------|-------|--------|-----------
POST     /api/book                                                                        357     0(0.00%) |   1697     125    4722   1700 |    4.80        0.00
GET      /api/concerts                                                                     79     0(0.00%) |     44       2     220     34 |    1.50        0.00
GET      /health                                                                           30     0(0.00%) |     62       2     312     38 |    0.40        0.00
--------|----------------------------------------------------------------------------|-------|-------------|-------|-------|-------|-------|--------|-----------
         Aggregated                                                                       466     0(0.00%) |   1311       2    4722   1200 |    6.70        0.00

Type     Name                                                                          # reqs      # fails |    Avg     Min     Max    Med |   req/s  failures/s
--------|----------------------------------------------------------------------------|-------|-------------|-------|-------|-------|-------|--------|-----------
POST     /api/book                                                                        365     0(0.00%) |   1689     125    4722   1600 |    4.10        0.00
GET      /api/concerts                                                                     82     0(0.00%) |     45       2     220     34 |    1.70        0.00
GET      /health                                                                           30     0(0.00%) |     62       2     312     38 |    0.50        0.00
--------|----------------------------------------------------------------------------|-------|-------------|-------|-------|-------|-------|--------|-----------
         Aggregated                                                                       477     0(0.00%) |   1304       2    4722   1200 |    6.30        0.00

Type     Name                                                                          # reqs      # fails |    Avg     Min     Max    Med |   req/s  failures/s
--------|----------------------------------------------------------------------------|-------|-------------|-------|-------|-------|-------|--------|-----------
POST     /api/book                                                                        374     0(0.00%) |   1701     125    4722   1700 |    4.70        0.00
GET      /api/concerts                                                                     83     0(0.00%) |     45       2     220     34 |    1.80        0.00
GET      /health                                                                           30     0(0.00%) |     62       2     312     38 |    0.50        0.00
--------|----------------------------------------------------------------------------|-------|-------------|-------|-------|-------|-------|--------|-----------
         Aggregated                                                                       487     0(0.00%) |   1318       2    4722   1200 |    7.00        0.00

Type     Name                                                                          # reqs      # fails |    Avg     Min     Max    Med |   req/s  failures/s
--------|----------------------------------------------------------------------------|-------|-------------|-------|-------|-------|-------|--------|-----------
POST     /api/book                                                                        386     0(0.00%) |   1712     125    4722   1700 |    4.60        0.00
GET      /api/concerts                                                                     83     0(0.00%) |     45       2     220     34 |    1.90        0.00
GET      /health                                                                           30     0(0.00%) |     62       2     312     38 |    0.50        0.00
--------|----------------------------------------------------------------------------|-------|-------------|-------|-------|-------|-------|--------|-----------
         Aggregated                                                                       499     0(0.00%) |   1336       2    4722   1300 |    7.00        0.00

Type     Name                                                                          # reqs      # fails |    Avg     Min     Max    Med |   req/s  failures/s
--------|----------------------------------------------------------------------------|-------|-------------|-------|-------|-------|-------|--------|-----------
POST     /api/book                                                                        395     0(0.00%) |   1705     125    4722   1700 |    4.40        0.00
GET      /api/concerts                                                                     85     0(0.00%) |     44       2     220     34 |    1.70        0.00
GET      /health                                                                           30     0(0.00%) |     62       2     312     38 |    0.40        0.00
--------|----------------------------------------------------------------------------|-------|-------------|-------|-------|-------|-------|--------|-----------
         Aggregated                                                                       510     0(0.00%) |   1332       2    4722   1300 |    6.50        0.00

Type     Name                                                                          # reqs      # fails |    Avg     Min     Max    Med |   req/s  failures/s
--------|----------------------------------------------------------------------------|-------|-------------|-------|-------|-------|-------|--------|-----------
POST     /api/book                                                                        403     0(0.00%) |   1707     125    4722   1700 |    4.40        0.00
GET      /api/concerts                                                                     86     0(0.00%) |     44       2     220     32 |    1.10        0.00
GET      /health                                                                           30     0(0.00%) |     62       2     312     38 |    0.20        0.00
--------|----------------------------------------------------------------------------|-------|-------------|-------|-------|-------|-------|--------|-----------
         Aggregated                                                                       519     0(0.00%) |   1336       2    4722   1300 |    5.70        0.00

Type     Name                                                                          # reqs      # fails |    Avg     Min     Max    Med |   req/s  failures/s
--------|----------------------------------------------------------------------------|-------|-------------|-------|-------|-------|-------|--------|-----------
POST     /api/book                                                                        415     0(0.00%) |   1708     125    4722   1700 |    4.60        0.00
GET      /api/concerts                                                                     89     0(0.00%) |     42       2     220     30 |    0.70        0.00
GET      /health                                                                           32     0(0.00%) |     61       2     312     38 |    0.00        0.00
--------|----------------------------------------------------------------------------|-------|-------------|-------|-------|-------|-------|--------|-----------
         Aggregated                                                                       536     0(0.00%) |   1333       2    4722   1300 |    5.30        0.00

Type     Name                                                                          # reqs      # fails |    Avg     Min     Max    Med |   req/s  failures/s
--------|----------------------------------------------------------------------------|-------|-------------|-------|-------|-------|-------|--------|-----------
POST     /api/book                                                                        425     0(0.00%) |   1694     125    4722   1700 |    4.90        0.00
GET      /api/concerts                                                                     89     0(0.00%) |     42       2     220     30 |    0.60        0.00
GET      /health                                                                           32     0(0.00%) |     61       2     312     38 |    0.20        0.00
--------|----------------------------------------------------------------------------|-------|-------------|-------|-------|-------|-------|--------|-----------
         Aggregated                                                                       546     0(0.00%) |   1329       2    4722   1300 |    5.70        0.00

Type     Name                                                                          # reqs      # fails |    Avg     Min     Max    Med |   req/s  failures/s
--------|----------------------------------------------------------------------------|-------|-------------|-------|-------|-------|-------|--------|-----------
POST     /api/book                                                                        426     0(0.00%) |   1695     125    4722   1700 |    5.00        0.00
GET      /api/concerts                                                                     91     0(0.00%) |     42       2     220     30 |    0.60        0.00
GET      /health                                                                           33     0(0.00%) |     59       2     312     38 |    0.20        0.00
--------|----------------------------------------------------------------------------|-------|-------------|-------|-------|-------|-------|--------|-----------
         Aggregated                                                                       550     0(0.00%) |   1324       2    4722   1300 |    5.80        0.00

Type     Name                                                                          # reqs      # fails |    Avg     Min     Max    Med |   req/s  failures/s
--------|----------------------------------------------------------------------------|-------|-------------|-------|-------|-------|-------|--------|-----------
POST     /api/book                                                                        432     0(0.00%) |   1722     125    4722   1700 |    3.90        0.00
GET      /api/concerts                                                                     93     0(0.00%) |     44       2     240     32 |    0.80        0.00
GET      /health                                                                           33     0(0.00%) |     59       2     312     38 |    0.30        0.00
--------|----------------------------------------------------------------------------|-------|-------------|-------|-------|-------|-------|--------|-----------
         Aggregated                                                                       558     0(0.00%) |   1344       2    4722   1300 |    5.00        0.00

Type     Name                                                                          # reqs      # fails |    Avg     Min     Max    Med |   req/s  failures/s
--------|----------------------------------------------------------------------------|-------|-------------|-------|-------|-------|-------|--------|-----------
POST     /api/book                                                                        446     0(0.00%) |   1765     125    4722   1700 |    3.50        0.00
GET      /api/concerts                                                                     94     0(0.00%) |     44       2     240     30 |    0.80        0.00
GET      /health                                                                           33     0(0.00%) |     59       2     312     38 |    0.30        0.00
--------|----------------------------------------------------------------------------|-------|-------------|-------|-------|-------|-------|--------|-----------
         Aggregated                                                                       573     0(0.00%) |   1384       2    4722   1300 |    4.60        0.00

Type     Name                                                                          # reqs      # fails |    Avg     Min     Max    Med |   req/s  failures/s
--------|----------------------------------------------------------------------------|-------|-------------|-------|-------|-------|-------|--------|-----------
POST     /api/book                                                                        454     0(0.00%) |   1746     125    4722   1700 |    4.20        0.00
GET      /api/concerts                                                                     96     0(0.00%) |     43       2     240     29 |    0.80        0.00
GET      /health                                                                           34     0(0.00%) |     58       2     312     37 |    0.30        0.00
--------|----------------------------------------------------------------------------|-------|-------------|-------|-------|-------|-------|--------|-----------
         Aggregated                                                                       584     0(0.00%) |   1368       2    4722   1300 |    5.30        0.00

Type     Name                                                                          # reqs      # fails |    Avg     Min     Max    Med |   req/s  failures/s
--------|----------------------------------------------------------------------------|-------|-------------|-------|-------|-------|-------|--------|-----------
POST     /api/book                                                                        458     0(0.00%) |   1749     125    4722   1700 |    4.00        0.00
GET      /api/concerts                                                                     98     0(0.00%) |     43       2     240     29 |    0.90        0.00
GET      /health                                                                           34     0(0.00%) |     58       2     312     37 |    0.20        0.00
--------|----------------------------------------------------------------------------|-------|-------------|-------|-------|-------|-------|--------|-----------
         Aggregated                                                                       590     0(0.00%) |   1368       2    4722   1300 |    5.10        0.00

Type     Name                                                                          # reqs      # fails |    Avg     Min     Max    Med |   req/s  failures/s
--------|----------------------------------------------------------------------------|-------|-------------|-------|-------|-------|-------|--------|-----------
POST     /api/book                                                                        472     0(0.00%) |   1770     125    4722   1700 |    3.30        0.00
GET      /api/concerts                                                                     99     0(0.00%) |     43       2     240     30 |    0.90        0.00
GET      /health                                                                           34     0(0.00%) |     58       2     312     37 |    0.20        0.00
--------|----------------------------------------------------------------------------|-------|-------------|-------|-------|-------|-------|--------|-----------
         Aggregated                                                                       605     0(0.00%) |   1391       2    4722   1400 |    4.40        0.00

Type     Name                                                                          # reqs      # fails |    Avg     Min     Max    Med |   req/s  failures/s
--------|----------------------------------------------------------------------------|-------|-------------|-------|-------|-------|-------|--------|-----------
POST     /api/book                                                                        480     0(0.00%) |   1767     125    4722   1700 |    4.40        0.00
GET      /api/concerts                                                                    101     0(0.00%) |     44       2     240     32 |    0.80        0.00
GET      /health                                                                           34     0(0.00%) |     58       2     312     37 |    0.10        0.00
--------|----------------------------------------------------------------------------|-------|-------------|-------|-------|-------|-------|--------|-----------
         Aggregated                                                                       615     0(0.00%) |   1389       2    4722   1400 |    5.30        0.00

Type     Name                                                                          # reqs      # fails |    Avg     Min     Max    Med |   req/s  failures/s
--------|----------------------------------------------------------------------------|-------|-------------|-------|-------|-------|-------|--------|-----------
POST     /api/book                                                                        484     0(0.00%) |   1772     125    4722   1700 |    5.00        0.00
GET      /api/concerts                                                                    101     0(0.00%) |     44       2     240     32 |    0.70        0.00
GET      /health                                                                           35     0(0.00%) |     57       2     312     38 |    0.10        0.00
--------|----------------------------------------------------------------------------|-------|-------------|-------|-------|-------|-------|--------|-----------
         Aggregated                                                                       620     0(0.00%) |   1393       2    4722   1400 |    5.80        0.00

Type     Name                                                                          # reqs      # fails |    Avg     Min     Max    Med |   req/s  failures/s
--------|----------------------------------------------------------------------------|-------|-------------|-------|-------|-------|-------|--------|-----------
POST     /api/book                                                                        500     0(0.00%) |   1801     125    4722   1800 |    3.80        0.00
GET      /api/concerts                                                                    101     0(0.00%) |     44       2     240     32 |    0.70        0.00
GET      /health                                                                           35     0(0.00%) |     57       2     312     38 |    0.20        0.00
--------|----------------------------------------------------------------------------|-------|-------------|-------|-------|-------|-------|--------|-----------
         Aggregated                                                                       636     0(0.00%) |   1426       2    4722   1400 |    4.70        0.00

Type     Name                                                                          # reqs      # fails |    Avg     Min     Max    Med |   req/s  failures/s
--------|----------------------------------------------------------------------------|-------|-------------|-------|-------|-------|-------|--------|-----------
POST     /api/book                                                                        510     0(0.00%) |   1792     125    4722   1800 |    4.30        0.00
GET      /api/concerts                                                                    102     0(0.00%) |     43       2     240     30 |    0.50        0.00
GET      /health                                                                           36     0(0.00%) |     58       2     312     38 |    0.10        0.00
--------|----------------------------------------------------------------------------|-------|-------------|-------|-------|-------|-------|--------|-----------
         Aggregated                                                                       648     0(0.00%) |   1421       2    4722   1400 |    4.90        0.00

Type     Name                                                                          # reqs      # fails |    Avg     Min     Max    Med |   req/s  failures/s
--------|----------------------------------------------------------------------------|-------|-------------|-------|-------|-------|-------|--------|-----------
POST     /api/book                                                                        517     0(0.00%) |   1792     125    4722   1800 |    5.30        0.00
GET      /api/concerts                                                                    103     0(0.00%) |     44       2     240     32 |    0.40        0.00
GET      /health                                                                           37     0(0.00%) |     58       2     312     42 |    0.20        0.00
--------|----------------------------------------------------------------------------|-------|-------------|-------|-------|-------|-------|--------|-----------
         Aggregated                                                                       657     0(0.00%) |   1421       2    4722   1400 |    5.90        0.00

Type     Name                                                                          # reqs      # fails |    Avg     Min     Max    Med |   req/s  failures/s
--------|----------------------------------------------------------------------------|-------|-------------|-------|-------|-------|-------|--------|-----------
POST     /api/book                                                                        531     0(0.00%) |   1794     125    4722   1800 |    4.50        0.00
GET      /api/concerts                                                                    107     0(0.00%) |     43       2     240     30 |    0.40        0.00
GET      /health                                                                           38     0(0.00%) |     56       2     312     38 |    0.30        0.00
--------|----------------------------------------------------------------------------|-------|-------------|-------|-------|-------|-------|--------|-----------
         Aggregated                                                                       676     0(0.00%) |   1419       2    4722   1400 |    5.20        0.00

Type     Name                                                                          # reqs      # fails |    Avg     Min     Max    Med |   req/s  failures/s
--------|----------------------------------------------------------------------------|-------|-------------|-------|-------|-------|-------|--------|-----------
POST     /api/book                                                                        535     0(0.00%) |   1784     125    4722   1800 |    4.40        0.00
GET      /api/concerts                                                                    108     0(0.00%) |     43       2     240     29 |    0.60        0.00
GET      /health                                                                           39     0(0.00%) |     55       2     312     38 |    0.30        0.00
--------|----------------------------------------------------------------------------|-------|-------------|-------|-------|-------|-------|--------|-----------
         Aggregated                                                                       682     0(0.00%) |   1409       2    4722   1400 |    5.30        0.00

Type     Name                                                                          # reqs      # fails |    Avg     Min     Max    Med |   req/s  failures/s
--------|----------------------------------------------------------------------------|-------|-------------|-------|-------|-------|-------|--------|-----------
POST     /api/book                                                                        538     0(0.00%) |   1786     125    4722   1800 |    5.20        0.00
GET      /api/concerts                                                                    108     0(0.00%) |     43       2     240     29 |    0.70        0.00
GET      /health                                                                           39     0(0.00%) |     55       2     312     38 |    0.40        0.00
--------|----------------------------------------------------------------------------|-------|-------------|-------|-------|-------|-------|--------|-----------
         Aggregated                                                                       685     0(0.00%) |   1413       2    4722   1400 |    6.30        0.00

Type     Name                                                                          # reqs      # fails |    Avg     Min     Max    Med |   req/s  failures/s
--------|----------------------------------------------------------------------------|-------|-------------|-------|-------|-------|-------|--------|-----------
POST     /api/book                                                                        557     0(0.00%) |   1813     125    4722   1800 |    4.00        0.00
GET      /api/concerts                                                                    109     0(0.00%) |     43       2     240     29 |    0.70        0.00
GET      /health                                                                           39     0(0.00%) |     55       2     312     38 |    0.40        0.00
--------|----------------------------------------------------------------------------|-------|-------------|-------|-------|-------|-------|--------|-----------
         Aggregated                                                                       705     0(0.00%) |   1442       2    4722   1400 |    5.10        0.00

Type     Name                                                                          # reqs      # fails |    Avg     Min     Max    Med |   req/s  failures/s
--------|----------------------------------------------------------------------------|-------|-------------|-------|-------|-------|-------|--------|-----------
POST     /api/book                                                                        562     0(0.00%) |   1801     125    4722   1800 |    4.60        0.00
GET      /api/concerts                                                                    112     0(0.00%) |     42       2     240     29 |    0.70        0.00
GET      /health                                                                           44     0(0.00%) |     52       2     312     35 |    0.30        0.00
--------|----------------------------------------------------------------------------|-------|-------------|-------|-------|-------|-------|--------|-----------
         Aggregated                                                                       718     0(0.00%) |   1420       2    4722   1400 |    5.60        0.00

Type     Name                                                                          # reqs      # fails |    Avg     Min     Max    Med |   req/s  failures/s
--------|----------------------------------------------------------------------------|-------|-------------|-------|-------|-------|-------|--------|-----------
POST     /api/book                                                                        572     0(0.00%) |   1792     125    4722   1800 |    4.80        0.00
GET      /api/concerts                                                                    113     0(0.00%) |     42       2     240     29 |    0.80        0.00
GET      /health                                                                           44     0(0.00%) |     52       2     312     35 |    0.60        0.00
--------|----------------------------------------------------------------------------|-------|-------------|-------|-------|-------|-------|--------|-----------
         Aggregated                                                                       729     0(0.00%) |   1416       2    4722   1400 |    6.20        0.00

Type     Name                                                                          # reqs      # fails |    Avg     Min     Max    Med |   req/s  failures/s
--------|----------------------------------------------------------------------------|-------|-------------|-------|-------|-------|-------|--------|-----------
POST     /api/book                                                                        578     0(0.00%) |   1789     125    4722   1800 |    4.30        0.00
GET      /api/concerts                                                                    115     0(0.00%) |     42       2     240     30 |    0.70        0.00
GET      /health                                                                           44     0(0.00%) |     52       2     312     35 |    0.60        0.00
--------|----------------------------------------------------------------------------|-------|-------------|-------|-------|-------|-------|--------|-----------
         Aggregated                                                                       737     0(0.00%) |   1413       2    4722   1400 |    5.60        0.00

Type     Name                                                                          # reqs      # fails |    Avg     Min     Max    Med |   req/s  failures/s
--------|----------------------------------------------------------------------------|-------|-------------|-------|-------|-------|-------|--------|-----------
POST     /api/book                                                                        592     0(0.00%) |   1811     125    4722   1800 |    4.30        0.00
GET      /api/concerts                                                                    116     0(0.00%) |     43       2     240     30 |    0.60        0.00
GET      /health                                                                           45     0(0.00%) |     55       2     312     37 |    0.50        0.00
--------|----------------------------------------------------------------------------|-------|-------------|-------|-------|-------|-------|--------|-----------
         Aggregated                                                                       753     0(0.00%) |   1434       2    4722   1400 |    5.40        0.00

Type     Name                                                                          # reqs      # fails |    Avg     Min     Max    Med |   req/s  failures/s
--------|----------------------------------------------------------------------------|-------|-------------|-------|-------|-------|-------|--------|-----------
POST     /api/book                                                                        598     0(0.00%) |   1805     125    4722   1800 |    4.80        0.00
GET      /api/concerts                                                                    119     0(0.00%) |     42       2     240     30 |    0.80        0.00
GET      /health                                                                           46     0(0.00%) |     54       2     312     35 |    0.60        0.00
--------|----------------------------------------------------------------------------|-------|-------------|-------|-------|-------|-------|--------|-----------
         Aggregated                                                                       763     0(0.00%) |   1424       2    4722   1400 |    6.20        0.00

Type     Name                                                                          # reqs      # fails |    Avg     Min     Max    Med |   req/s  failures/s
--------|----------------------------------------------------------------------------|-------|-------------|-------|-------|-------|-------|--------|-----------
POST     /api/book                                                                        602     0(0.00%) |   1803     125    4722   1800 |    4.30        0.00
GET      /api/concerts                                                                    120     0(0.00%) |     42       2     240     30 |    0.80        0.00
GET      /health                                                                           47     0(0.00%) |     53       2     312     35 |    0.70        0.00
--------|----------------------------------------------------------------------------|-------|-------------|-------|-------|-------|-------|--------|-----------
         Aggregated                                                                       769     0(0.00%) |   1421       2    4722   1400 |    5.80        0.00

Type     Name                                                                          # reqs      # fails |    Avg     Min     Max    Med |   req/s  failures/s
--------|----------------------------------------------------------------------------|-------|-------------|-------|-------|-------|-------|--------|-----------
POST     /api/book                                                                        618     0(0.00%) |   1818     125    4722   1800 |    4.10        0.00
GET      /api/concerts                                                                    122     0(0.00%) |     50       2     681     32 |    0.80        0.00
GET      /health                                                                           48     0(0.00%) |     58       2     312     35 |    0.80        0.00
--------|----------------------------------------------------------------------------|-------|-------------|-------|-------|-------|-------|--------|-----------
         Aggregated                                                                       788     0(0.00%) |   1437       2    4722   1400 |    5.70        0.00

Type     Name                                                                          # reqs      # fails |    Avg     Min     Max    Med |   req/s  failures/s
--------|----------------------------------------------------------------------------|-------|-------------|-------|-------|-------|-------|--------|-----------
POST     /api/book                                                                        623     0(0.00%) |   1811     125    4722   1800 |    4.60        0.00
GET      /api/concerts                                                                    123     0(0.00%) |     51       2     681     33 |    1.00        0.00
GET      /health                                                                           50     0(0.00%) |     59       2     312     37 |    0.40        0.00
--------|----------------------------------------------------------------------------|-------|-------------|-------|-------|-------|-------|--------|-----------
         Aggregated                                                                       796     0(0.00%) |   1429       2    4722   1400 |    6.00        0.00

Type     Name                                                                          # reqs      # fails |    Avg     Min     Max    Med |   req/s  failures/s
--------|----------------------------------------------------------------------------|-------|-------------|-------|-------|-------|-------|--------|-----------
POST     /api/book                                                                        636     0(0.00%) |   1822     125    4722   1800 |    4.40        0.00
GET      /api/concerts                                                                    126     0(0.00%) |     51       2     681     33 |    0.80        0.00
GET      /health                                                                           50     0(0.00%) |     59       2     312     37 |    0.60        0.00
--------|----------------------------------------------------------------------------|-------|-------------|-------|-------|-------|-------|--------|-----------
         Aggregated                                                                       812     0(0.00%) |   1439       2    4722   1400 |    5.80        0.00

Type     Name                                                                          # reqs      # fails |    Avg     Min     Max    Med |   req/s  failures/s
--------|----------------------------------------------------------------------------|-------|-------------|-------|-------|-------|-------|--------|-----------
POST     /api/book                                                                        645     0(0.00%) |   1805     125    4722   1800 |    4.70        0.00
GET      /api/concerts                                                                    132     0(0.00%) |     50       2     681     33 |    0.90        0.00
GET      /health                                                                           51     0(0.00%) |     58       2     312     37 |    0.50        0.00
--------|----------------------------------------------------------------------------|-------|-------------|-------|-------|-------|-------|--------|-----------
         Aggregated                                                                       828     0(0.00%) |   1418       2    4722   1400 |    6.10        0.00

Type     Name                                                                          # reqs      # fails |    Avg     Min     Max    Med |   req/s  failures/s
--------|----------------------------------------------------------------------------|-------|-------------|-------|-------|-------|-------|--------|-----------
POST     /api/book                                                                        650     0(0.00%) |   1798     125    4722   1800 |    4.60        0.00
GET      /api/concerts                                                                    134     0(0.00%) |     50       2     681     32 |    1.30        0.00
GET      /health                                                                           53     0(0.00%) |     56       2     312     35 |    0.50        0.00
--------|----------------------------------------------------------------------------|-------|-------------|-------|-------|-------|-------|--------|-----------
         Aggregated                                                                       837     0(0.00%) |   1408       2    4722   1400 |    6.40        0.00

Type     Name                                                                          # reqs      # fails |    Avg     Min     Max    Med |   req/s  failures/s
--------|----------------------------------------------------------------------------|-------|-------------|-------|-------|-------|-------|--------|-----------
POST     /api/book                                                                        661     0(0.00%) |   1800     125    4722   1800 |    4.80        0.00
GET      /api/concerts                                                                    135     0(0.00%) |     49       2     681     32 |    1.40        0.00
GET      /health                                                                           54     0(0.00%) |     57       2     312     35 |    0.50        0.00
--------|----------------------------------------------------------------------------|-------|-------------|-------|-------|-------|-------|--------|-----------
         Aggregated                                                                       850     0(0.00%) |   1411       2    4722   1400 |    6.70        0.00

Type     Name                                                                          # reqs      # fails |    Avg     Min     Max    Med |   req/s  failures/s
--------|----------------------------------------------------------------------------|-------|-------------|-------|-------|-------|-------|--------|-----------
POST     /api/book                                                                        672     0(0.00%) |   1791     125    4722   1800 |    4.00        0.00
GET      /api/concerts                                                                    137     0(0.00%) |     49       2     681     30 |    1.20        0.00
GET      /health                                                                           55     0(0.00%) |     56       2     312     35 |    0.60        0.00
--------|----------------------------------------------------------------------------|-------|-------------|-------|-------|-------|-------|--------|-----------
         Aggregated                                                                       864     0(0.00%) |   1405       2    4722   1400 |    5.80        0.00

Type     Name                                                                          # reqs      # fails |    Avg     Min     Max    Med |   req/s  failures/s
--------|----------------------------------------------------------------------------|-------|-------------|-------|-------|-------|-------|--------|-----------
POST     /api/book                                                                        681     0(0.00%) |   1788     125    4722   1800 |    4.90        0.00
GET      /api/concerts                                                                    139     0(0.00%) |     49       2     681     32 |    1.50        0.00
GET      /health                                                                           55     0(0.00%) |     56       2     312     35 |    0.50        0.00
--------|----------------------------------------------------------------------------|-------|-------------|-------|-------|-------|-------|--------|-----------
         Aggregated                                                                       875     0(0.00%) |   1403       2    4722   1400 |    6.90        0.00

Type     Name                                                                          # reqs      # fails |    Avg     Min     Max    Med |   req/s  failures/s
--------|----------------------------------------------------------------------------|-------|-------------|-------|-------|-------|-------|--------|-----------
POST     /api/book                                                                        687     0(0.00%) |   1789     125    4722   1800 |    4.80        0.00
GET      /api/concerts                                                                    141     0(0.00%) |     49       2     681     32 |    1.40        0.00
GET      /health                                                                           56     0(0.00%) |     55       2     312     35 |    0.50        0.00
--------|----------------------------------------------------------------------------|-------|-------------|-------|-------|-------|-------|--------|-----------
         Aggregated                                                                       884     0(0.00%) |   1402       2    4722   1400 |    6.70        0.00

Type     Name                                                                          # reqs      # fails |    Avg     Min     Max    Med |   req/s  failures/s
--------|----------------------------------------------------------------------------|-------|-------------|-------|-------|-------|-------|--------|-----------
POST     /api/book                                                                        696     0(0.00%) |   1796     125    4722   1800 |    4.10        0.00
GET      /api/concerts                                                                    141     0(0.00%) |     49       2     681     32 |    1.10        0.00
GET      /health                                                                           56     0(0.00%) |     55       2     312     35 |    0.50        0.00
--------|----------------------------------------------------------------------------|-------|-------------|-------|-------|-------|-------|--------|-----------
         Aggregated                                                                       893     0(0.00%) |   1411       2    4722   1400 |    5.70        0.00

Type     Name                                                                          # reqs      # fails |    Avg     Min     Max    Med |   req/s  failures/s
--------|----------------------------------------------------------------------------|-------|-------------|-------|-------|-------|-------|--------|-----------
POST     /api/book                                                                        700     0(0.00%) |   1802     125    4722   1800 |    4.60        0.00
GET      /api/concerts                                                                    144     0(0.00%) |     50       2     681     32 |    0.70        0.00
GET      /health                                                                           56     0(0.00%) |     55       2     312     35 |    0.40        0.00
--------|----------------------------------------------------------------------------|-------|-------------|-------|-------|-------|-------|--------|-----------
         Aggregated                                                                       900     0(0.00%) |   1413       2    4722   1400 |    5.70        0.00

Type     Name                                                                          # reqs      # fails |    Avg     Min     Max    Med |   req/s  failures/s
--------|----------------------------------------------------------------------------|-------|-------------|-------|-------|-------|-------|--------|-----------
POST     /api/book                                                                        716     0(0.00%) |   1820     125    4722   1800 |    4.10        0.00
GET      /api/concerts                                                                    145     0(0.00%) |     50       2     681     33 |    1.00        0.00
GET      /health                                                                           57     0(0.00%) |     57       2     312     37 |    0.20        0.00
--------|----------------------------------------------------------------------------|-------|-------------|-------|-------|-------|-------|--------|-----------
         Aggregated                                                                       918     0(0.00%) |   1431       2    4722   1400 |    5.30        0.00

Type     Name                                                                          # reqs      # fails |    Avg     Min     Max    Med |   req/s  failures/s
--------|----------------------------------------------------------------------------|-------|-------------|-------|-------|-------|-------|--------|-----------
POST     /api/book                                                                        725     0(0.00%) |   1805     125    4722   1800 |    4.20        0.00
GET      /api/concerts                                                                    149     0(0.00%) |     49       2     681     32 |    0.70        0.00
GET      /health                                                                           58     0(0.00%) |     56       2     312     35 |    0.20        0.00
--------|----------------------------------------------------------------------------|-------|-------------|-------|-------|-------|-------|--------|-----------
         Aggregated                                                                       932     0(0.00%) |   1416       2    4722   1400 |    5.10        0.00

Type     Name                                                                          # reqs      # fails |    Avg     Min     Max    Med |   req/s  failures/s
--------|----------------------------------------------------------------------------|-------|-------------|-------|-------|-------|-------|--------|-----------
POST     /api/book                                                                        734     0(0.00%) |   1793     125    4722   1800 |    4.30        0.00
GET      /api/concerts                                                                    153     0(0.00%) |     48       2     681     29 |    0.80        0.00
GET      /health                                                                           59     0(0.00%) |     55       2     312     35 |    0.30        0.00
--------|----------------------------------------------------------------------------|-------|-------------|-------|-------|-------|-------|--------|-----------
         Aggregated                                                                       946     0(0.00%) |   1402       2    4722   1300 |    5.40        0.00

Type     Name                                                                          # reqs      # fails |    Avg     Min     Max    Med |   req/s  failures/s
--------|----------------------------------------------------------------------------|-------|-------------|-------|-------|-------|-------|--------|-----------
POST     /api/book                                                                        739     0(0.00%) |   1790     125    4722   1800 |    4.80        0.00
GET      /api/concerts                                                                    155     0(0.00%) |     48       2     681     29 |    1.20        0.00
GET      /health                                                                           59     0(0.00%) |     55       2     312     35 |    0.30        0.00
--------|----------------------------------------------------------------------------|-------|-------------|-------|-------|-------|-------|--------|-----------
         Aggregated                                                                       953     0(0.00%) |   1399       2    4722   1300 |    6.30        0.00

Type     Name                                                                          # reqs      # fails |    Avg     Min     Max    Med |   req/s  failures/s
--------|----------------------------------------------------------------------------|-------|-------------|-------|-------|-------|-------|--------|-----------
POST     /api/book                                                                        745     0(0.00%) |   1796     125    4722   1800 |    4.30        0.00
GET      /api/concerts                                                                    155     0(0.00%) |     48       2     681     29 |    1.40        0.00
GET      /health                                                                           59     0(0.00%) |     55       2     312     35 |    0.30        0.00
--------|----------------------------------------------------------------------------|-------|-------------|-------|-------|-------|-------|--------|-----------
         Aggregated                                                                       959     0(0.00%) |   1407       2    4722   1400 |    6.00        0.00

Type     Name                                                                          # reqs      # fails |    Avg     Min     Max    Med |   req/s  failures/s
--------|----------------------------------------------------------------------------|-------|-------------|-------|-------|-------|-------|--------|-----------
POST     /api/book                                                                        762     0(0.00%) |   1809     125    4722   1800 |    4.50        0.00
GET      /api/concerts                                                                    156     0(0.00%) |     49       2     681     29 |    1.10        0.00
GET      /health                                                                           61     0(0.00%) |     54       2     312     35 |    0.30        0.00
--------|----------------------------------------------------------------------------|-------|-------------|-------|-------|-------|-------|--------|-----------
         Aggregated                                                                       979     0(0.00%) |   1419       2    4722   1400 |    5.90        0.00

Type     Name                                                                          # reqs      # fails |    Avg     Min     Max    Med |   req/s  failures/s
--------|----------------------------------------------------------------------------|-------|-------------|-------|-------|-------|-------|--------|-----------
POST     /api/book                                                                        772     0(0.00%) |   1802     125    4722   1800 |    4.80        0.00
GET      /api/concerts                                                                    158     0(0.00%) |     49       2     681     29 |    1.20        0.00
GET      /health                                                                           62     0(0.00%) |     56       2     312     35 |    0.40        0.00
--------|----------------------------------------------------------------------------|-------|-------------|-------|-------|-------|-------|--------|-----------
         Aggregated                                                                       992     0(0.00%) |   1414       2    4722   1400 |    6.40        0.00

Type     Name                                                                          # reqs      # fails |    Avg     Min     Max    Med |   req/s  failures/s
--------|----------------------------------------------------------------------------|-------|-------------|-------|-------|-------|-------|--------|-----------
POST     /api/book                                                                        781     0(0.00%) |   1802     125    4722   1800 |    4.20        0.00
GET      /api/concerts                                                                    159     0(0.00%) |     49       2     681     29 |    1.10        0.00
GET      /health                                                                           64     0(0.00%) |     55       2     312     35 |    0.30        0.00
--------|----------------------------------------------------------------------------|-------|-------------|-------|-------|-------|-------|--------|-----------
         Aggregated                                                                      1004     0(0.00%) |   1413       2    4722   1400 |    5.60        0.00

Type     Name                                                                          # reqs      # fails |    Avg     Min     Max    Med |   req/s  failures/s
--------|----------------------------------------------------------------------------|-------|-------------|-------|-------|-------|-------|--------|-----------
POST     /api/book                                                                        790     0(0.00%) |   1802     125    4722   1800 |    3.90        0.00
GET      /api/concerts                                                                    160     0(0.00%) |     50       2     681     29 |    0.60        0.00
GET      /health                                                                           65     0(0.00%) |     54       2     312     35 |    0.50        0.00
--------|----------------------------------------------------------------------------|-------|-------------|-------|-------|-------|-------|--------|-----------
         Aggregated                                                                      1015     0(0.00%) |   1414       2    4722   1400 |    5.00        0.00

Type     Name                                                                          # reqs      # fails |    Avg     Min     Max    Med |   req/s  failures/s
--------|----------------------------------------------------------------------------|-------|-------------|-------|-------|-------|-------|--------|-----------
POST     /api/book                                                                        798     0(0.00%) |   1789     125    4722   1800 |    4.50        0.00
GET      /api/concerts                                                                    166     0(0.00%) |     49       2     681     29 |    0.50        0.00
GET      /health                                                                           66     0(0.00%) |     54       2     312     33 |    0.60        0.00
--------|----------------------------------------------------------------------------|-------|-------------|-------|-------|-------|-------|--------|-----------
         Aggregated                                                                      1030     0(0.00%) |   1397       2    4722   1300 |    5.60        0.00

Type     Name                                                                          # reqs      # fails |    Avg     Min     Max    Med |   req/s  failures/s
--------|----------------------------------------------------------------------------|-------|-------------|-------|-------|-------|-------|--------|-----------
POST     /api/book                                                                        803     0(0.00%) |   1785     125    4722   1800 |    5.20        0.00
GET      /api/concerts                                                                    167     0(0.00%) |     49       2     681     29 |    1.00        0.00
GET      /health                                                                           69     0(0.00%) |     54       2     312     33 |    0.70        0.00
--------|----------------------------------------------------------------------------|-------|-------------|-------|-------|-------|-------|--------|-----------
         Aggregated                                                                      1039     0(0.00%) |   1391       2    4722   1300 |    6.90        0.00

Type     Name                                                                          # reqs      # fails |    Avg     Min     Max    Med |   req/s  failures/s
--------|----------------------------------------------------------------------------|-------|-------------|-------|-------|-------|-------|--------|-----------
POST     /api/book                                                                        816     0(0.00%) |   1780     125    4722   1700 |    4.10        0.00
GET      /api/concerts                                                                    168     0(0.00%) |     49       2     681     29 |    1.00        0.00
GET      /health                                                                           70     0(0.00%) |     54       2     312     33 |    0.80        0.00
--------|----------------------------------------------------------------------------|-------|-------------|-------|-------|-------|-------|--------|-----------
         Aggregated                                                                      1054     0(0.00%) |   1389       2    4722   1300 |    5.90        0.00

Type     Name                                                                          # reqs      # fails |    Avg     Min     Max    Med |   req/s  failures/s
--------|----------------------------------------------------------------------------|-------|-------------|-------|-------|-------|-------|--------|-----------
POST     /api/book                                                                        820     0(0.00%) |   1776     125    4722   1700 |    4.20        0.00
GET      /api/concerts                                                                    168     0(0.00%) |     49       2     681     29 |    1.10        0.00
GET      /health                                                                           72     0(0.00%) |     54       2     312     33 |    0.80        0.00
--------|----------------------------------------------------------------------------|-------|-------------|-------|-------|-------|-------|--------|-----------
         Aggregated                                                                      1060     0(0.00%) |   1386       2    4722   1300 |    6.10        0.00

Type     Name                                                                          # reqs      # fails |    Avg     Min     Max    Med |   req/s  failures/s
--------|----------------------------------------------------------------------------|-------|-------------|-------|-------|-------|-------|--------|-----------
POST     /api/book                                                                        837     0(0.00%) |   1787     125    4722   1800 |    4.80        0.00
GET      /api/concerts                                                                    170     0(0.00%) |     48       2     681     29 |    0.90        0.00
GET      /health                                                                           74     0(0.00%) |     53       2     312     32 |    0.80        0.00
--------|----------------------------------------------------------------------------|-------|-------------|-------|-------|-------|-------|--------|-----------
         Aggregated                                                                      1081     0(0.00%) |   1395       2    4722   1300 |    6.50        0.00

Type     Name                                                                          # reqs      # fails |    Avg     Min     Max    Med |   req/s  failures/s
--------|----------------------------------------------------------------------------|-------|-------------|-------|-------|-------|-------|--------|-----------
POST     /api/book                                                                        842     0(0.00%) |   1778     125    4722   1800 |    4.60        0.00
GET      /api/concerts                                                                    171     0(0.00%) |     48       2     681     29 |    0.90        0.00
GET      /health                                                                           74     0(0.00%) |     53       2     312     32 |    0.80        0.00
--------|----------------------------------------------------------------------------|-------|-------------|-------|-------|-------|-------|--------|-----------
         Aggregated                                                                      1087     0(0.00%) |   1389       2    4722   1300 |    6.30        0.00

Type     Name                                                                          # reqs      # fails |    Avg     Min     Max    Med |   req/s  failures/s
--------|----------------------------------------------------------------------------|-------|-------------|-------|-------|-------|-------|--------|-----------
POST     /api/book                                                                        847     0(0.00%) |   1779     125    4722   1800 |    4.50        0.00
GET      /api/concerts                                                                    173     0(0.00%) |     48       2     681     29 |    0.50        0.00
GET      /health                                                                           76     0(0.00%) |     52       2     312     32 |    0.80        0.00
--------|----------------------------------------------------------------------------|-------|-------------|-------|-------|-------|-------|--------|-----------
         Aggregated                                                                      1096     0(0.00%) |   1386       2    4722   1300 |    5.80        0.00

Type     Name                                                                          # reqs      # fails |    Avg     Min     Max    Med |   req/s  failures/s
--------|----------------------------------------------------------------------------|-------|-------------|-------|-------|-------|-------|--------|-----------
POST     /api/book                                                                        862     0(0.00%) |   1782     125    4722   1800 |    4.20        0.00
GET      /api/concerts                                                                    176     0(0.00%) |     48       2     681     29 |    0.70        0.00
GET      /health                                                                           77     0(0.00%) |     52       2     312     32 |    0.70        0.00
--------|----------------------------------------------------------------------------|-------|-------------|-------|-------|-------|-------|--------|-----------
         Aggregated                                                                      1115     0(0.00%) |   1389       2    4722   1300 |    5.60        0.00

Type     Name                                                                          # reqs      # fails |    Avg     Min     Max    Med |   req/s  failures/s
--------|----------------------------------------------------------------------------|-------|-------------|-------|-------|-------|-------|--------|-----------
POST     /api/book                                                                        865     0(0.00%) |   1779     122    4722   1800 |    4.60        0.00
GET      /api/concerts                                                                    180     0(0.00%) |     48       2     681     29 |    0.80        0.00
GET      /health                                                                           79     0(0.00%) |     51       2     312     32 |    0.60        0.00
--------|----------------------------------------------------------------------------|-------|-------------|-------|-------|-------|-------|--------|-----------
         Aggregated                                                                      1124     0(0.00%) |   1380       2    4722   1300 |    6.00        0.00

Type     Name                                                                          # reqs      # fails |    Avg     Min     Max    Med |   req/s  failures/s
--------|----------------------------------------------------------------------------|-------|-------------|-------|-------|-------|-------|--------|-----------
POST     /api/book                                                                        880     0(0.00%) |   1775     122    4722   1800 |    4.40        0.00
GET      /api/concerts                                                                    182     0(0.00%) |     49       2     681     29 |    1.20        0.00
GET      /health                                                                           80     0(0.00%) |     50       2     312     32 |    0.60        0.00
--------|----------------------------------------------------------------------------|-------|-------------|-------|-------|-------|-------|--------|-----------
         Aggregated                                                                      1142     0(0.00%) |   1379       2    4722   1300 |    6.20        0.00

Type     Name                                                                          # reqs      # fails |    Avg     Min     Max    Med |   req/s  failures/s
--------|----------------------------------------------------------------------------|-------|-------------|-------|-------|-------|-------|--------|-----------
POST     /api/book                                                                        883     0(0.00%) |   1771     122    4722   1800 |    4.80        0.00
GET      /api/concerts                                                                    182     0(0.00%) |     49       2     681     29 |    1.30        0.00
GET      /health                                                                           81     0(0.00%) |     50       2     312     32 |    0.70        0.00
--------|----------------------------------------------------------------------------|-------|-------------|-------|-------|-------|-------|--------|-----------
         Aggregated                                                                      1146     0(0.00%) |   1376       2    4722   1300 |    6.80        0.00

Type     Name                                                                          # reqs      # fails |    Avg     Min     Max    Med |   req/s  failures/s
--------|----------------------------------------------------------------------------|-------|-------------|-------|-------|-------|-------|--------|-----------
POST     /api/book                                                                        898     0(0.00%) |   1782     122    4722   1800 |    4.20        0.00
GET      /api/concerts                                                                    183     0(0.00%) |     49       2     681     29 |    1.20        0.00
GET      /health                                                                           81     0(0.00%) |     50       2     312     32 |    0.70        0.00
--------|----------------------------------------------------------------------------|-------|-------------|-------|-------|-------|-------|--------|-----------
         Aggregated                                                                      1162     0(0.00%) |   1388       2    4722   1300 |    6.10        0.00

Type     Name                                                                          # reqs      # fails |    Avg     Min     Max    Med |   req/s  failures/s
--------|----------------------------------------------------------------------------|-------|-------------|-------|-------|-------|-------|--------|-----------
POST     /api/book                                                                        904     0(0.00%) |   1784     122    4722   1800 |    4.20        0.00
GET      /api/concerts                                                                    185     0(0.00%) |     48       2     681     29 |    1.00        0.00
GET      /health                                                                           83     0(0.00%) |     49       2     312     32 |    0.70        0.00
--------|----------------------------------------------------------------------------|-------|-------------|-------|-------|-------|-------|--------|-----------
         Aggregated                                                                      1172     0(0.00%) |   1387       2    4722   1300 |    5.90        0.00

Type     Name                                                                          # reqs      # fails |    Avg     Min     Max    Med |   req/s  failures/s
--------|----------------------------------------------------------------------------|-------|-------------|-------|-------|-------|-------|--------|-----------
POST     /api/book                                                                        912     0(0.00%) |   1789     122    4722   1800 |    4.30        0.00
GET      /api/concerts                                                                    188     0(0.00%) |     49       2     681     29 |    0.90        0.00
GET      /health                                                                           84     0(0.00%) |     51       2     312     32 |    0.70        0.00
--------|----------------------------------------------------------------------------|-------|-------------|-------|-------|-------|-------|--------|-----------
         Aggregated                                                                      1184     0(0.00%) |   1390       2    4722   1300 |    5.90        0.00

Type     Name                                                                          # reqs      # fails |    Avg     Min     Max    Med |   req/s  failures/s
--------|----------------------------------------------------------------------------|-------|-------------|-------|-------|-------|-------|--------|-----------
POST     /api/book                                                                        923     0(0.00%) |   1785     122    4722   1800 |    4.50        0.00
GET      /api/concerts                                                                    189     0(0.00%) |     49       2     681     29 |    0.60        0.00
GET      /health                                                                           84     0(0.00%) |     51       2     312     32 |    0.60        0.00
--------|----------------------------------------------------------------------------|-------|-------------|-------|-------|-------|-------|--------|-----------
         Aggregated                                                                      1196     0(0.00%) |   1389       2    4722   1300 |    5.70        0.00

Type     Name                                                                          # reqs      # fails |    Avg     Min     Max    Med |   req/s  failures/s
--------|----------------------------------------------------------------------------|-------|-------------|-------|-------|-------|-------|--------|-----------
POST     /api/book                                                                        927     0(0.00%) |   1784     122    4722   1800 |    4.60        0.00
GET      /api/concerts                                                                    192     0(0.00%) |     49       2     681     29 |    0.70        0.00
GET      /health                                                                           86     0(0.00%) |     50       2     312     29 |    0.40        0.00
--------|----------------------------------------------------------------------------|-------|-------------|-------|-------|-------|-------|--------|-----------
         Aggregated                                                                      1205     0(0.00%) |   1384       2    4722   1300 |    5.70        0.00

Type     Name                                                                          # reqs      # fails |    Avg     Min     Max    Med |   req/s  failures/s
--------|----------------------------------------------------------------------------|-------|-------------|-------|-------|-------|-------|--------|-----------
POST     /api/book                                                                        941     0(0.00%) |   1791     122    4722   1800 |    4.30        0.00
GET      /api/concerts                                                                    193     0(0.00%) |     50       2     681     29 |    0.90        0.00
GET      /health                                                                           86     0(0.00%) |     50       2     312     29 |    0.50        0.00
--------|----------------------------------------------------------------------------|-------|-------------|-------|-------|-------|-------|--------|-----------
         Aggregated                                                                      1220     0(0.00%) |   1393       2    4722   1400 |    5.70        0.00

Type     Name                                                                          # reqs      # fails |    Avg     Min     Max    Med |   req/s  failures/s
--------|----------------------------------------------------------------------------|-------|-------------|-------|-------|-------|-------|--------|-----------
POST     /api/book                                                                        952     0(0.00%) |   1785     122    4722   1800 |    4.90        0.00
GET      /api/concerts                                                                    199     0(0.00%) |     50       2     681     29 |    1.00        0.00
GET      /health                                                                           88     0(0.00%) |     49       2     312     29 |    0.50        0.00
--------|----------------------------------------------------------------------------|-------|-------------|-------|-------|-------|-------|--------|-----------
         Aggregated                                                                      1239     0(0.00%) |   1383       2    4722   1300 |    6.40        0.00

Type     Name                                                                          # reqs      # fails |    Avg     Min     Max    Med |   req/s  failures/s
--------|----------------------------------------------------------------------------|-------|-------------|-------|-------|-------|-------|--------|-----------
POST     /api/book                                                                        959     0(0.00%) |   1778     122    4722   1800 |    4.70        0.00
GET      /api/concerts                                                                    200     0(0.00%) |     50       2     681     29 |    1.30        0.00
GET      /health                                                                           89     0(0.00%) |     49       2     312     29 |    0.50        0.00
--------|----------------------------------------------------------------------------|-------|-------------|-------|-------|-------|-------|--------|-----------
         Aggregated                                                                      1248     0(0.00%) |   1378       2    4722   1300 |    6.50        0.00

Type     Name                                                                          # reqs      # fails |    Avg     Min     Max    Med |   req/s  failures/s
--------|----------------------------------------------------------------------------|-------|-------------|-------|-------|-------|-------|--------|-----------
POST     /api/book                                                                        960     0(0.00%) |   1778     122    4722   1800 |    5.10        0.00
GET      /api/concerts                                                                    202     0(0.00%) |     50       2     681     29 |    1.40        0.00
GET      /health                                                                           90     0(0.00%) |     49       2     312     29 |    0.60        0.00
--------|----------------------------------------------------------------------------|-------|-------------|-------|-------|-------|-------|--------|-----------
         Aggregated                                                                      1252     0(0.00%) |   1375       2    4722   1300 |    7.10        0.00

Type     Name                                                                          # reqs      # fails |    Avg     Min     Max    Med |   req/s  failures/s
--------|----------------------------------------------------------------------------|-------|-------------|-------|-------|-------|-------|--------|-----------
POST     /api/book                                                                        963     0(0.00%) |   1786     122    4945   1800 |    3.80        0.00
GET      /api/concerts                                                                    204     0(0.00%) |     49       2     681     29 |    1.30        0.00
GET      /health                                                                           90     0(0.00%) |     49       2     312     29 |    0.60        0.00
--------|----------------------------------------------------------------------------|-------|-------------|-------|-------|-------|-------|--------|-----------
         Aggregated                                                                      1257     0(0.00%) |   1380       2    4945   1300 |    5.70        0.00

Type     Name                                                                          # reqs      # fails |    Avg     Min     Max    Med |   req/s  failures/s
--------|----------------------------------------------------------------------------|-------|-------------|-------|-------|-------|-------|--------|-----------
POST     /api/book                                                                        984     0(0.00%) |   1814     122    5031   1800 |    3.60        0.00
GET      /api/concerts                                                                    205     0(0.00%) |     49       2     681     29 |    1.30        0.00
GET      /health                                                                           90     0(0.00%) |     49       2     312     29 |    0.40        0.00
--------|----------------------------------------------------------------------------|-------|-------------|-------|-------|-------|-------|--------|-----------
         Aggregated                                                                      1279     0(0.00%) |   1407       2    5031   1300 |    5.30        0.00

Type     Name                                                                          # reqs      # fails |    Avg     Min     Max    Med |   req/s  failures/s
--------|----------------------------------------------------------------------------|-------|-------------|-------|-------|-------|-------|--------|-----------
POST     /api/book                                                                        991     0(0.00%) |   1807     122    5031   1800 |    4.20        0.00
GET      /api/concerts                                                                    208     0(0.00%) |     49       2     681     29 |    1.10        0.00
GET      /health                                                                           92     0(0.00%) |     48       2     312     29 |    0.40        0.00
--------|----------------------------------------------------------------------------|-------|-------------|-------|-------|-------|-------|--------|-----------
         Aggregated                                                                      1291     0(0.00%) |   1398       2    5031   1300 |    5.70        0.00

Type     Name                                                                          # reqs      # fails |    Avg     Min     Max    Med |   req/s  failures/s
--------|----------------------------------------------------------------------------|-------|-------------|-------|-------|-------|-------|--------|-----------
POST     /api/book                                                                        998     0(0.00%) |   1809     122    5031   1800 |    3.70        0.00
GET      /api/concerts                                                                    210     0(0.00%) |     49       2     681     29 |    1.00        0.00
GET      /health                                                                           92     0(0.00%) |     48       2     312     29 |    0.40        0.00
--------|----------------------------------------------------------------------------|-------|-------------|-------|-------|-------|-------|--------|-----------
         Aggregated                                                                      1300     0(0.00%) |   1400       2    5031   1300 |    5.10        0.00

Type     Name                                                                          # reqs      # fails |    Avg     Min     Max    Med |   req/s  failures/s
--------|----------------------------------------------------------------------------|-------|-------------|-------|-------|-------|-------|--------|-----------
POST     /api/book                                                                       1009     0(0.00%) |   1809     122    5031   1800 |    3.90        0.00
GET      /api/concerts                                                                    210     0(0.00%) |     49       2     681     29 |    1.00        0.00
GET      /health                                                                           93     0(0.00%) |     48       2     312     29 |    0.30        0.00
--------|----------------------------------------------------------------------------|-------|-------------|-------|-------|-------|-------|--------|-----------
         Aggregated                                                                      1312     0(0.00%) |   1403       2    5031   1300 |    5.20        0.00

Type     Name                                                                          # reqs      # fails |    Avg     Min     Max    Med |   req/s  failures/s
--------|----------------------------------------------------------------------------|-------|-------------|-------|-------|-------|-------|--------|-----------
POST     /api/book                                                                       1020     0(0.00%) |   1810     122    5031   1800 |    4.80        0.00
GET      /api/concerts                                                                    213     0(0.00%) |     49       2     681     29 |    0.80        0.00
GET      /health                                                                           94     0(0.00%) |     48       2     312     29 |    0.20        0.00
--------|----------------------------------------------------------------------------|-------|-------------|-------|-------|-------|-------|--------|-----------
         Aggregated                                                                      1327     0(0.00%) |   1402       2    5031   1400 |    5.80        0.00

Type     Name                                                                          # reqs      # fails |    Avg     Min     Max    Med |   req/s  failures/s
--------|----------------------------------------------------------------------------|-------|-------------|-------|-------|-------|-------|--------|-----------
POST     /api/book                                                                       1029     0(0.00%) |   1802     122    5031   1800 |    5.20        0.00
GET      /api/concerts                                                                    216     0(0.00%) |     48       2     681     29 |    0.90        0.00
GET      /health                                                                           94     0(0.00%) |     48       2     312     29 |    0.40        0.00
--------|----------------------------------------------------------------------------|-------|-------------|-------|-------|-------|-------|--------|-----------
         Aggregated                                                                      1339     0(0.00%) |   1396       2    5031   1300 |    6.50        0.00

Type     Name                                                                          # reqs      # fails |    Avg     Min     Max    Med |   req/s  failures/s
--------|----------------------------------------------------------------------------|-------|-------------|-------|-------|-------|-------|--------|-----------
POST     /api/book                                                                       1031     0(0.00%) |   1802     122    5031   1800 |    5.10        0.00
GET      /api/concerts                                                                    216     0(0.00%) |     48       2     681     29 |    1.00        0.00
GET      /health                                                                           96     0(0.00%) |     47       2     312     29 |    0.40        0.00
--------|----------------------------------------------------------------------------|-------|-------------|-------|-------|-------|-------|--------|-----------
         Aggregated                                                                      1343     0(0.00%) |   1394       2    5031   1300 |    6.50        0.00

Type     Name                                                                          # reqs      # fails |    Avg     Min     Max    Med |   req/s  failures/s
--------|----------------------------------------------------------------------------|-------|-------------|-------|-------|-------|-------|--------|-----------
POST     /api/book                                                                       1046     0(0.00%) |   1810     122    5031   1800 |    4.30        0.00
GET      /api/concerts                                                                    216     0(0.00%) |     48       2     681     29 |    0.80        0.00
GET      /health                                                                           97     0(0.00%) |     47       2     312     32 |    0.40        0.00
--------|----------------------------------------------------------------------------|-------|-------------|-------|-------|-------|-------|--------|-----------
         Aggregated                                                                      1359     0(0.00%) |   1404       2    5031   1400 |    5.50        0.00

Type     Name                                                                          # reqs      # fails |    Avg     Min     Max    Med |   req/s  failures/s
--------|----------------------------------------------------------------------------|-------|-------------|-------|-------|-------|-------|--------|-----------
POST     /api/book                                                                       1053     0(0.00%) |   1808     122    5031   1800 |    4.50        0.00
GET      /api/concerts                                                                    218     0(0.00%) |     48       2     681     29 |    0.80        0.00
GET      /health                                                                           99     0(0.00%) |     47       2     312     32 |    0.40        0.00
--------|----------------------------------------------------------------------------|-------|-------------|-------|-------|-------|-------|--------|-----------
         Aggregated                                                                      1370     0(0.00%) |   1400       2    5031   1300 |    5.70        0.00

Type     Name                                                                          # reqs      # fails |    Avg     Min     Max    Med |   req/s  failures/s
--------|----------------------------------------------------------------------------|-------|-------------|-------|-------|-------|-------|--------|-----------
POST     /api/book                                                                       1059     0(0.00%) |   1812     122    5031   1800 |    4.50        0.00
GET      /api/concerts                                                                    219     0(0.00%) |     48       2     681     29 |    0.80        0.00
GET      /health                                                                           99     0(0.00%) |     47       2     312     32 |    0.70        0.00
--------|----------------------------------------------------------------------------|-------|-------------|-------|-------|-------|-------|--------|-----------
         Aggregated                                                                      1377     0(0.00%) |   1405       2    5031   1400 |    6.00        0.00

Type     Name                                                                          # reqs      # fails |    Avg     Min     Max    Med |   req/s  failures/s
--------|----------------------------------------------------------------------------|-------|-------------|-------|-------|-------|-------|--------|-----------
POST     /api/book                                                                       1078     0(0.00%) |   1821     122    5031   1800 |    4.40        0.00
GET      /api/concerts                                                                    220     0(0.00%) |     48       2     681     29 |    0.60        0.00
GET      /health                                                                           99     0(0.00%) |     47       2     312     32 |    0.50        0.00
--------|----------------------------------------------------------------------------|-------|-------------|-------|-------|-------|-------|--------|-----------
         Aggregated                                                                      1397     0(0.00%) |   1416       2    5031   1400 |    5.50        0.00

Type     Name                                                                          # reqs      # fails |    Avg     Min     Max    Med |   req/s  failures/s
--------|----------------------------------------------------------------------------|-------|-------------|-------|-------|-------|-------|--------|-----------
POST     /api/book                                                                       1082     0(0.00%) |   1817     122    5031   1800 |    4.90        0.00
GET      /api/concerts                                                                    221     0(0.00%) |     48       2     681     29 |    0.50        0.00
GET      /health                                                                           99     0(0.00%) |     47       2     312     32 |    0.50        0.00
--------|----------------------------------------------------------------------------|-------|-------------|-------|-------|-------|-------|--------|-----------
         Aggregated                                                                      1402     0(0.00%) |   1413       2    5031   1400 |    5.90        0.00

Type     Name                                                                          # reqs      # fails |    Avg     Min     Max    Med |   req/s  failures/s
--------|----------------------------------------------------------------------------|-------|-------------|-------|-------|-------|-------|--------|-----------
POST     /api/book                                                                       1087     0(0.00%) |   1820     122    5031   1800 |    5.00        0.00
GET      /api/concerts                                                                    222     0(0.00%) |     48       2     681     29 |    0.50        0.00
GET      /health                                                                           99     0(0.00%) |     47       2     312     32 |    0.30        0.00
--------|----------------------------------------------------------------------------|-------|-------------|-------|-------|-------|-------|--------|-----------
         Aggregated                                                                      1408     0(0.00%) |   1416       2    5031   1400 |    5.80        0.00

Type     Name                                                                          # reqs      # fails |    Avg     Min     Max    Med |   req/s  failures/s
--------|----------------------------------------------------------------------------|-------|-------------|-------|-------|-------|-------|--------|-----------
POST     /api/book                                                                       1105     0(0.00%) |   1832     122    5031   1800 |    4.10        0.00
GET      /api/concerts                                                                    224     0(0.00%) |     48       2     681     29 |    0.50        0.00
GET      /health                                                                           99     0(0.00%) |     47       2     312     32 |    0.20        0.00
--------|----------------------------------------------------------------------------|-------|-------------|-------|-------|-------|-------|--------|-----------
         Aggregated                                                                      1428     0(0.00%) |   1429       2    5031   1400 |    4.80        0.00

Type     Name                                                                          # reqs      # fails |    Avg     Min     Max    Med |   req/s  failures/s
--------|----------------------------------------------------------------------------|-------|-------------|-------|-------|-------|-------|--------|-----------
POST     /api/book                                                                       1110     0(0.00%) |   1826     122    5031   1800 |    5.00        0.00
GET      /api/concerts                                                                    229     0(0.00%) |     48       2     681     29 |    0.50        0.00
GET      /health                                                                           99     0(0.00%) |     47       2     312     32 |    0.00        0.00
--------|----------------------------------------------------------------------------|-------|-------------|-------|-------|-------|-------|--------|-----------
         Aggregated                                                                      1438     0(0.00%) |   1420       2    5031   1400 |    5.50        0.00

Type     Name                                                                          # reqs      # fails |    Avg     Min     Max    Med |   req/s  failures/s
--------|----------------------------------------------------------------------------|-------|-------------|-------|-------|-------|-------|--------|-----------
POST     /api/book                                                                       1117     0(0.00%) |   1825     122    5031   1800 |    5.20        0.00
GET      /api/concerts                                                                    229     0(0.00%) |     48       2     681     29 |    0.60        0.00
GET      /health                                                                          100     0(0.00%) |     47       2     312     32 |    0.00        0.00
--------|----------------------------------------------------------------------------|-------|-------------|-------|-------|-------|-------|--------|-----------
         Aggregated                                                                      1446     0(0.00%) |   1421       2    5031   1400 |    5.80        0.00

Type     Name                                                                          # reqs      # fails |    Avg     Min     Max    Med |   req/s  failures/s
--------|----------------------------------------------------------------------------|-------|-------------|-------|-------|-------|-------|--------|-----------
POST     /api/book                                                                       1132     0(0.00%) |   1830     122    5031   1800 |    3.90        0.00
GET      /api/concerts                                                                    231     0(0.00%) |     48       2     681     29 |    0.90        0.00
GET      /health                                                                          100     0(0.00%) |     47       2     312     32 |    0.00        0.00
--------|----------------------------------------------------------------------------|-------|-------------|-------|-------|-------|-------|--------|-----------
         Aggregated                                                                      1463     0(0.00%) |   1427       2    5031   1400 |    4.80        0.00

Type     Name                                                                          # reqs      # fails |    Avg     Min     Max    Med |   req/s  failures/s
--------|----------------------------------------------------------------------------|-------|-------------|-------|-------|-------|-------|--------|-----------
POST     /api/book                                                                       1141     0(0.00%) |   1822     122    5031   1800 |    4.50        0.00
GET      /api/concerts                                                                    233     0(0.00%) |     47       2     681     29 |    1.00        0.00
GET      /health                                                                          102     0(0.00%) |     47       2     312     29 |    0.10        0.00
--------|----------------------------------------------------------------------------|-------|-------------|-------|-------|-------|-------|--------|-----------
         Aggregated                                                                      1476     0(0.00%) |   1419       2    5031   1400 |    5.60        0.00

Type     Name                                                                          # reqs      # fails |    Avg     Min     Max    Med |   req/s  failures/s
--------|----------------------------------------------------------------------------|-------|-------------|-------|-------|-------|-------|--------|-----------
POST     /api/book                                                                       1149     0(0.00%) |   1816     122    5031   1800 |    5.30        0.00
GET      /api/concerts                                                                    235     0(0.00%) |     47       2     681     29 |    1.10        0.00
GET      /health                                                                          105     0(0.00%) |     46       2     312     29 |    0.10        0.00
--------|----------------------------------------------------------------------------|-------|-------------|-------|-------|-------|-------|--------|-----------
         Aggregated                                                                      1489     0(0.00%) |   1412       2    5031   1300 |    6.50        0.00

Type     Name                                                                          # reqs      # fails |    Avg     Min     Max    Med |   req/s  failures/s
--------|----------------------------------------------------------------------------|-------|-------------|-------|-------|-------|-------|--------|-----------
POST     /api/book                                                                       1158     0(0.00%) |   1812     122    5031   1800 |    4.40        0.00
GET      /api/concerts                                                                    238     0(0.00%) |     48       2     681     29 |    1.10        0.00
GET      /health                                                                          105     0(0.00%) |     46       2     312     29 |    0.50        0.00
--------|----------------------------------------------------------------------------|-------|-------------|-------|-------|-------|-------|--------|-----------
         Aggregated                                                                      1501     0(0.00%) |   1409       2    5031   1300 |    6.00        0.00

Type     Name                                                                          # reqs      # fails |    Avg     Min     Max    Med |   req/s  failures/s
--------|----------------------------------------------------------------------------|-------|-------------|-------|-------|-------|-------|--------|-----------
POST     /api/book                                                                       1165     0(0.00%) |   1811     122    5031   1800 |    4.50        0.00
GET      /api/concerts                                                                    242     0(0.00%) |     47       2     681     29 |    1.30        0.00
GET      /health                                                                          105     0(0.00%) |     46       2     312     29 |    0.60        0.00
--------|----------------------------------------------------------------------------|-------|-------------|-------|-------|-------|-------|--------|-----------
         Aggregated                                                                      1512     0(0.00%) |   1406       2    5031   1300 |    6.40        0.00

Type     Name                                                                          # reqs      # fails |    Avg     Min     Max    Med |   req/s  failures/s
--------|----------------------------------------------------------------------------|-------|-------------|-------|-------|-------|-------|--------|-----------
POST     /api/book                                                                       1176     0(0.00%) |   1809     122    5031   1800 |    4.80        0.00
GET      /api/concerts                                                                    244     0(0.00%) |     47       2     681     29 |    1.00        0.00
GET      /health                                                                          105     0(0.00%) |     46       2     312     29 |    0.60        0.00
--------|----------------------------------------------------------------------------|-------|-------------|-------|-------|-------|-------|--------|-----------
         Aggregated                                                                      1525     0(0.00%) |   1406       2    5031   1300 |    6.40        0.00

Type     Name                                                                          # reqs      # fails |    Avg     Min     Max    Med |   req/s  failures/s
--------|----------------------------------------------------------------------------|-------|-------------|-------|-------|-------|-------|--------|-----------
POST     /api/book                                                                       1183     0(0.00%) |   1805     122    5031   1800 |    5.00        0.00
GET      /api/concerts                                                                    247     0(0.00%) |     47       2     681     29 |    1.30        0.00
GET      /health                                                                          106     0(0.00%) |     45       2     312     27 |    0.50        0.00
--------|----------------------------------------------------------------------------|-------|-------------|-------|-------|-------|-------|--------|-----------
         Aggregated                                                                      1536     0(0.00%) |   1401       2    5031   1300 |    6.80        0.00

Type     Name                                                                          # reqs      # fails |    Avg     Min     Max    Med |   req/s  failures/s
--------|----------------------------------------------------------------------------|-------|-------------|-------|-------|-------|-------|--------|-----------
POST     /api/book                                                                       1195     0(0.00%) |   1806     122    5031   1800 |    4.30        0.00
GET      /api/concerts                                                                    247     0(0.00%) |     47       2     681     29 |    1.40        0.00
GET      /health                                                                          107     0(0.00%) |     45       2     312     27 |    0.60        0.00
--------|----------------------------------------------------------------------------|-------|-------------|-------|-------|-------|-------|--------|-----------
         Aggregated                                                                      1549     0(0.00%) |   1404       2    5031   1300 |    6.30        0.00

Type     Name                                                                          # reqs      # fails |    Avg     Min     Max    Med |   req/s  failures/s
--------|----------------------------------------------------------------------------|-------|-------------|-------|-------|-------|-------|--------|-----------
POST     /api/book                                                                       1204     0(0.00%) |   1805     122    5031   1800 |    4.50        0.00
GET      /api/concerts                                                                    251     0(0.00%) |     47       2     681     29 |    1.30        0.00
GET      /health                                                                          107     0(0.00%) |     45       2     312     27 |    0.30        0.00
--------|----------------------------------------------------------------------------|-------|-------------|-------|-------|-------|-------|--------|-----------
         Aggregated                                                                      1562     0(0.00%) |   1402       2    5031   1300 |    6.10        0.00

Type     Name                                                                          # reqs      # fails |    Avg     Min     Max    Med |   req/s  failures/s
--------|----------------------------------------------------------------------------|-------|-------------|-------|-------|-------|-------|--------|-----------
POST     /api/book                                                                       1211     0(0.00%) |   1810     122    5031   1800 |    4.50        0.00
GET      /api/concerts                                                                    252     0(0.00%) |     46       2     681     29 |    1.30        0.00
GET      /health                                                                          107     0(0.00%) |     45       2     312     27 |    0.20        0.00
--------|----------------------------------------------------------------------------|-------|-------------|-------|-------|-------|-------|--------|-----------
         Aggregated                                                                      1570     0(0.00%) |   1406       2    5031   1400 |    6.00        0.00

Type     Name                                                                          # reqs      # fails |    Avg     Min     Max    Med |   req/s  failures/s
--------|----------------------------------------------------------------------------|-------|-------------|-------|-------|-------|-------|--------|-----------
POST     /api/book                                                                       1226     0(0.00%) |   1810     122    5031   1800 |    4.40        0.00
GET      /api/concerts                                                                    255     0(0.00%) |     46       2     681     29 |    1.00        0.00
GET      /health                                                                          107     0(0.00%) |     45       2     312     27 |    0.20        0.00
--------|----------------------------------------------------------------------------|-------|-------------|-------|-------|-------|-------|--------|-----------
         Aggregated                                                                      1588     0(0.00%) |   1408       2    5031   1400 |    5.60        0.00

Type     Name                                                                          # reqs      # fails |    Avg     Min     Max    Med |   req/s  failures/s
--------|----------------------------------------------------------------------------|-------|-------------|-------|-------|-------|-------|--------|-----------
POST     /api/book                                                                       1230     0(0.00%) |   1807     122    5031   1800 |    4.60        0.00
GET      /api/concerts                                                                    256     0(0.00%) |     46       2     681     29 |    1.10        0.00
GET      /health                                                                          109     0(0.00%) |     45       2     312     27 |    0.20        0.00
--------|----------------------------------------------------------------------------|-------|-------------|-------|-------|-------|-------|--------|-----------
         Aggregated                                                                      1595     0(0.00%) |   1404       2    5031   1300 |    5.90        0.00

Type     Name                                                                          # reqs      # fails |    Avg     Min     Max    Med |   req/s  failures/s
--------|----------------------------------------------------------------------------|-------|-------------|-------|-------|-------|-------|--------|-----------
POST     /api/book                                                                       1236     0(0.00%) |   1808     122    5031   1800 |    4.80        0.00
GET      /api/concerts                                                                    257     0(0.00%) |     46       2     681     29 |    1.10        0.00
GET      /health                                                                          110     0(0.00%) |     45       2     312     27 |    0.10        0.00
--------|----------------------------------------------------------------------------|-------|-------------|-------|-------|-------|-------|--------|-----------
         Aggregated                                                                      1603     0(0.00%) |   1404       2    5031   1400 |    6.00        0.00

Type     Name                                                                          # reqs      # fails |    Avg     Min     Max    Med |   req/s  failures/s
--------|----------------------------------------------------------------------------|-------|-------------|-------|-------|-------|-------|--------|-----------
POST     /api/book                                                                       1241     0(0.00%) |   1815     122    5031   1800 |    4.60        0.00
GET      /api/concerts                                                                    258     0(0.00%) |     47       2     681     29 |    0.90        0.00
GET      /health                                                                          110     0(0.00%) |     45       2     312     27 |    0.20        0.00
--------|----------------------------------------------------------------------------|-------|-------------|-------|-------|-------|-------|--------|-----------
         Aggregated                                                                      1609     0(0.00%) |   1411       2    5031   1400 |    5.70        0.00

Type     Name                                                                          # reqs      # fails |    Avg     Min     Max    Med |   req/s  failures/s
--------|----------------------------------------------------------------------------|-------|-------------|-------|-------|-------|-------|--------|-----------
POST     /api/book                                                                       1256     0(0.00%) |   1830     122    5031   1800 |    4.10        0.00
GET      /api/concerts                                                                    260     0(0.00%) |     47       2     681     29 |    0.70        0.00
GET      /health                                                                          111     0(0.00%) |     45       2     312     28 |    0.30        0.00
--------|----------------------------------------------------------------------------|-------|-------------|-------|-------|-------|-------|--------|-----------
         Aggregated                                                                      1627     0(0.00%) |   1424       2    5031   1400 |    5.10        0.00

Type     Name                                                                          # reqs      # fails |    Avg     Min     Max    Med |   req/s  failures/s
--------|----------------------------------------------------------------------------|-------|-------------|-------|-------|-------|-------|--------|-----------
POST     /api/book                                                                       1262     0(0.00%) |   1825     122    5031   1800 |    4.60        0.00
GET      /api/concerts                                                                    264     0(0.00%) |     46       2     681     29 |    0.70        0.00
GET      /health                                                                          111     0(0.00%) |     45       2     312     28 |    0.30        0.00
--------|----------------------------------------------------------------------------|-------|-------------|-------|-------|-------|-------|--------|-----------
         Aggregated                                                                      1637     0(0.00%) |   1418       2    5031   1400 |    5.60        0.00

Type     Name                                                                          # reqs      # fails |    Avg     Min     Max    Med |   req/s  failures/s
--------|----------------------------------------------------------------------------|-------|-------------|-------|-------|-------|-------|--------|-----------
POST     /api/book                                                                       1267     0(0.00%) |   1823     122    5031   1800 |    4.50        0.00
GET      /api/concerts                                                                    265     0(0.00%) |     46       2     681     29 |    0.70        0.00
GET      /health                                                                          112     0(0.00%) |     45       2     312     28 |    0.40        0.00
--------|----------------------------------------------------------------------------|-------|-------------|-------|-------|-------|-------|--------|-----------
         Aggregated                                                                      1644     0(0.00%) |   1416       2    5031   1400 |    5.60        0.00

Type     Name                                                                          # reqs      # fails |    Avg     Min     Max    Med |   req/s  failures/s
--------|----------------------------------------------------------------------------|-------|-------------|-------|-------|-------|-------|--------|-----------
POST     /api/book                                                                       1281     0(0.00%) |   1827     122    5031   1800 |    3.70        0.00
GET      /api/concerts                                                                    267     0(0.00%) |     47       2     681     29 |    0.90        0.00
GET      /health                                                                          112     0(0.00%) |     45       2     312     28 |    0.40        0.00
--------|----------------------------------------------------------------------------|-------|-------------|-------|-------|-------|-------|--------|-----------
         Aggregated                                                                      1660     0(0.00%) |   1420       2    5031   1400 |    5.00        0.00

Type     Name                                                                          # reqs      # fails |    Avg     Min     Max    Med |   req/s  failures/s
--------|----------------------------------------------------------------------------|-------|-------------|-------|-------|-------|-------|--------|-----------
POST     /api/book                                                                       1291     0(0.00%) |   1819     122    5031   1800 |    4.30        0.00
GET      /api/concerts                                                                    269     0(0.00%) |     47       2     681     29 |    1.00        0.00
GET      /health                                                                          115     0(0.00%) |     44       2     312     28 |    0.20        0.00
--------|----------------------------------------------------------------------------|-------|-------------|-------|-------|-------|-------|--------|-----------
         Aggregated                                                                      1675     0(0.00%) |   1413       2    5031   1400 |    5.50        0.00

Type     Name                                                                          # reqs      # fails |    Avg     Min     Max    Med |   req/s  failures/s
--------|----------------------------------------------------------------------------|-------|-------------|-------|-------|-------|-------|--------|-----------
POST     /api/book                                                                       1300     0(0.00%) |   1819     122    5031   1800 |    4.90        0.00
GET      /api/concerts                                                                    272     0(0.00%) |     47       2     681     29 |    0.90        0.00
GET      /health                                                                          115     0(0.00%) |     44       2     312     28 |    0.40        0.00
--------|----------------------------------------------------------------------------|-------|-------------|-------|-------|-------|-------|--------|-----------
         Aggregated                                                                      1687     0(0.00%) |   1412       2    5031   1400 |    6.20        0.00

Type     Name                                                                          # reqs      # fails |    Avg     Min     Max    Med |   req/s  failures/s
--------|----------------------------------------------------------------------------|-------|-------------|-------|-------|-------|-------|--------|-----------
POST     /api/book                                                                       1307     0(0.00%) |   1818     122    5031   1800 |    4.30        0.00
GET      /api/concerts                                                                    272     0(0.00%) |     47       2     681     29 |    1.30        0.00
GET      /health                                                                          116     0(0.00%) |     44       2     312     27 |    0.50        0.00
--------|----------------------------------------------------------------------------|-------|-------------|-------|-------|-------|-------|--------|-----------
         Aggregated                                                                      1695     0(0.00%) |   1413       2    5031   1400 |    6.10        0.00

Type     Name                                                                          # reqs      # fails |    Avg     Min     Max    Med |   req/s  failures/s
--------|----------------------------------------------------------------------------|-------|-------------|-------|-------|-------|-------|--------|-----------
POST     /api/book                                                                       1318     0(0.00%) |   1820     122    5031   1800 |    4.40        0.00
GET      /api/concerts                                                                    273     0(0.00%) |     47       2     681     29 |    1.10        0.00
GET      /health                                                                          118     0(0.00%) |     44       2     312     27 |    0.40        0.00
--------|----------------------------------------------------------------------------|-------|-------------|-------|-------|-------|-------|--------|-----------
         Aggregated                                                                      1709     0(0.00%) |   1414       2    5031   1400 |    5.90        0.00

Type     Name                                                                          # reqs      # fails |    Avg     Min     Max    Med |   req/s  failures/s
--------|----------------------------------------------------------------------------|-------|-------------|-------|-------|-------|-------|--------|-----------
POST     /api/book                                                                       1327     0(0.00%) |   1815     122    5031   1800 |    4.80        0.00
GET      /api/concerts                                                                    278     0(0.00%) |     47       2     681     29 |    0.80        0.00
GET      /health                                                                          118     0(0.00%) |     44       2     312     27 |    0.50        0.00
--------|----------------------------------------------------------------------------|-------|-------------|-------|-------|-------|-------|--------|-----------
         Aggregated                                                                      1723     0(0.00%) |   1408       2    5031   1400 |    6.10        0.00

Type     Name                                                                          # reqs      # fails |    Avg     Min     Max    Med |   req/s  failures/s
--------|----------------------------------------------------------------------------|-------|-------------|-------|-------|-------|-------|--------|-----------
POST     /api/book                                                                       1330     0(0.00%) |   1815     122    5031   1800 |    4.60        0.00
GET      /api/concerts                                                                    281     0(0.00%) |     47       2     681     29 |    0.90        0.00
GET      /health                                                                          118     0(0.00%) |     44       2     312     27 |    0.60        0.00
--------|----------------------------------------------------------------------------|-------|-------------|-------|-------|-------|-------|--------|-----------
         Aggregated                                                                      1729     0(0.00%) |   1407       2    5031   1400 |    6.10        0.00

[2026-05-29 11:15:24,953] ip-172-31-20-158/INFO/locust.runners: Shape test stopping
[2026-05-29 11:15:24,980] ip-172-31-20-158/INFO/locust.main: Shape test completed, shutting down
[2026-05-29 11:15:24,980] ip-172-31-20-158/INFO/locust.main: Run time limit set to 300 seconds
[2026-05-29 11:15:25,050] ip-172-31-20-158/INFO/locust.main: writing html report to file: report_baseline_run2.html
[2026-05-29 11:15:25,053] ip-172-31-20-158/INFO/locust.main: Shutting down (exit code 0)
Type     Name                                                                          # reqs      # fails |    Avg     Min     Max    Med |   req/s  failures/s
--------|----------------------------------------------------------------------------|-------|-------------|-------|-------|-------|-------|--------|-----------
POST     /api/book                                                                       1334     0(0.00%) |   1818     122    5031   1800 |    4.44        0.00
GET      /api/concerts                                                                    281     0(0.00%) |     47       2     681     29 |    0.93        0.00
GET      /health                                                                          118     0(0.00%) |     44       2     312     27 |    0.39        0.00
--------|----------------------------------------------------------------------------|-------|-------------|-------|-------|-------|-------|--------|-----------
         Aggregated                                                                      1733     0(0.00%) |   1410       2    5031   1400 |    5.76        0.00

Response time percentiles (approximated)
Type     Name                                                                                  50%    66%    75%    80%    90%    95%    98%    99%  99.9% 99.99%   100% # reqs
--------|--------------------------------------------------------------------------------|--------|------|------|------|------|------|------|------|------|------|------|------
POST     /api/book                                                                            1800   2200   2500   2600   3100   3500   4000   4400   4900   5000   5000   1334
GET      /api/concerts                                                                          29     45     57     61     97    150    240    310    680    680    680    281
GET      /health                                                                                27     41     54     58    120    190    210    270    310    310    310    118
--------|--------------------------------------------------------------------------------|--------|------|------|------|------|------|------|------|------|------|------|------
         Aggregated                                                                           1400   1900   2200   2400   2900   3400   3800   4200   4900   5000   5000   1733

